id_foco_bdq,foco_id,longitude,latitude,data_hora_gmt,data_pas,satelite,municipio,estado,pais,precipitacao,numero_dias_sem_chuva,risco_fogo,bioma,id_0,id_1,id_2,continente_id,vegetacao,grade_wrs,frp,geometry_wkt
1815282831,c67e29ac-3acd-396c-9687-c4f2b2d9053c,-43.643,-11.772,2026-04-24 00:00:00+00:00,2026-04-24,GOES-19,BARRA,BAHIA,Brasil,,,,Cerrado,33,29,2902708,8,,219_068,80.6,POINT(-43.643 -11.772)
1815282803,478c6b92-aa27-32c6-8123-27a44190182c,-43.646,-11.7528,2026-04-24 00:00:00+00:00,2026-04-24,GOES-19,BARRA,BAHIA,Brasil,,,,Cerrado,33,29,2902708,8,,219_068,75.6,POINT(-43.646 -11.7528)
1815286961,3fca627b-8144-3478-acfe-c87a8abf6edf,-43.646,-11.7528,2026-04-24 00:40:00+00:00,2026-04-24,GOES-19,BARRA,BAHIA,Brasil,,,,Cerrado,33,29,2902708,8,,219_068,84.0,POINT(-43.646 -11.7528)
1815286970,66d1a448-4786-3303-b309-3e5cc475204b,-43.643,-11.772,2026-04-24 00:40:00+00:00,2026-04-24,GOES-19,BARRA,BAHIA,Brasil,,,,Cerrado,33,29,2902708,8,,219_068,86.5,POINT(-43.643 -11.772)
1815288325,04f21cf1-9156-3a12-805f-75da0698a017,-52.90224,-18.26875,2026-04-24 00:54:00+00:00,2026-04-24,TERRA_M-M,MINEIROS,GOIÁS,Brasil,,,,Cerrado,33,52,5213103,8,,224_073,8.7,POINT(-52.90224 -18.26875)
1815288345,c9cd413e-449a-34d0-9fa8-60b7cf681a9d,-54.92903,-16.42145,2026-04-24 00:54:00+00:00,2026-04-24,TERRA_M-M,RONDONÓPOLIS,MATO GROSSO,Brasil,,,,Cerrado,33,51,5107602,8,,225_071,4.6,POINT(-54.92903 -16.42145)
1815288353,333b98bf-5ce9-3686-a06f-aaefa0235325,-52.90225,-18.26875,2026-04-24 00:54:00+00:00,2026-04-24,TERRA_M-M,MINEIROS,GOIÁS,Brasil,,,,Cerrado,33,52,5213103,8,,224_073,8.7,POINT(-52.90225 -18.26875)
1815288357,ae5ed57d-9ac0-3c1e-a6b3-a380f9ec1c10,-54.91675,-16.42942,2026-04-24 00:54:00+00:00,2026-04-24,TERRA_M-M,RONDONÓPOLIS,MATO GROSSO,Brasil,,,,Cerrado,33,51,5107602,8,,225_071,9.9,POINT(-54.91675 -16.42942)
1815288373,5549a23b-8597-3ac6-a7a2-3870779cae24,-54.91676,-16.42942,2026-04-24 00:54:00+00:00,2026-04-24,TERRA_M-M,RONDONÓPOLIS,MATO GROSSO,Brasil,,,,Cerrado,33,51,5107602,8,,225_071,9.9,POINT(-54.91676 -16.42942)
1815288316,919fdf61-6aac-353c-8bd4-442a31d5acee,-56.61517,-19.45048,2026-04-24 00:54:00+00:00,2026-04-24,TERRA_M-M,CORUMBÁ,MATO GROSSO DO SUL,Brasil,,,,Pantanal,33,50,5003207,8,,226_073,11.5,POINT(-56.61517 -19.45048)
1815288309,4d38a7a7-2287-301f-8f38-6f7bede6967b,-51.88436,-17.2589,2026-04-24 00:54:00+00:00,2026-04-24,TERRA_M-M,CAIAPÔNIA,GOIÁS,Brasil,,,,Cerrado,33,52,5204409,8,,223_072,13.8,POINT(-51.88436 -17.2589)
1815288305,917bf4cd-b390-3077-9203-897b2c63016a,-54.9183,-16.41984,2026-04-24 00:54:00+00:00,2026-04-24,TERRA_M-M,RONDONÓPOLIS,MATO GROSSO,Brasil,,,,Cerrado,33,51,5107602,8,,225_071,13.4,POINT(-54.9183 -16.41984)
1815294073,e83bc8c8-1aa3-31cf-8731-4df87a8c79a7,-57.48418,-13.71204,2026-04-24 00:54:00+00:00,2026-04-24,TERRA_M-M,CAMPO NOVO DO PARECIS,MATO GROSSO,Brasil,,,,Cerrado,33,51,5102637,8,,227_070,7.6,POINT(-57.48418 -13.71204)
1815294832,26cb1785-3c45-3f11-870d-754e712c8e84,-51.23059,-12.09477,2026-04-24 00:54:00+00:00,2026-04-24,TERRA_M-M,SERRA NOVA DOURADA,MATO GROSSO,Brasil,,,,Cerrado,33,51,5107883,8,,224_068,19.4,POINT(-51.23059 -12.09477)
1815288339,88407fa6-f9bf-38ce-a185-cfddda50e0b9,-52.88654,-18.27711,2026-04-24 00:54:00+00:00,2026-04-24,TERRA_M-M,MINEIROS,GOIÁS,Brasil,,,,Cerrado,33,52,5213103,8,,224_073,31.8,POINT(-52.88654 -18.27711)
1815288344,ee14f5e6-52a6-392f-a81c-8a673bb5144b,-55.17279,-20.71989,2026-04-24 00:54:00+00:00,2026-04-24,TERRA_M-M,SIDROLÂNDIA,MATO GROSSO DO SUL,Brasil,,,,Cerrado,33,50,5007901,8,,225_074,8.4,POINT(-55.17279 -20.71989)
1815290628,ddd76aa1-27fc-33f9-9d63-a46766bc1ba5,-51.23061,-12.09477,2026-04-24 00:54:00+00:00,2026-04-24,TERRA_M-M,SERRA NOVA DOURADA,MATO GROSSO,Brasil,,,,Cerrado,33,51,5107883,8,,224_068,19.4,POINT(-51.23061 -12.09477)
1815290670,94b62ad4-44fd-395a-a8aa-4ca1e988031d,-57.42514,-14.20983,2026-04-24 00:54:00+00:00,2026-04-24,TERRA_M-M,NOVA MARILÂNDIA,MATO GROSSO,Brasil,,,,Amazônia,33,51,5108857,8,,227_070,5.7,POINT(-57.42514 -14.20983)
1815290744,a5488b44-990c-3e8f-9174-554f5b1acdd1,-54.68486,-12.9904,2026-04-24 00:54:00+00:00,2026-04-24,TERRA_M-M,NOVA UBIRATÃ,MATO GROSSO,Brasil,,,,Amazônia,33,51,5106240,8,,226_069,7.2,POINT(-54.68486 -12.9904)
1815290795,ce99149e-043a-38de-9d0a-5fc2c7085a7d,-57.48419,-13.71204,2026-04-24 00:54:00+00:00,2026-04-24,TERRA_M-M,CAMPO NOVO DO PARECIS,MATO GROSSO,Brasil,,,,Cerrado,33,51,5102637,8,,227_070,7.6,POINT(-57.48419 -13.71204)
1815293925,09465e42-3c4a-3571-b6eb-3acfaae2fb47,-57.42513,-14.20984,2026-04-24 00:54:00+00:00,2026-04-24,TERRA_M-M,NOVA MARILÂNDIA,MATO GROSSO,Brasil,,,,Amazônia,33,51,5108857,8,,227_070,5.7,POINT(-57.42513 -14.20984)
1815293954,048d2993-6109-39e2-9e53-37b7b76b1b0b,-58.08352,-11.94354,2026-04-24 00:54:00+00:00,2026-04-24,TERRA_M-M,BRASNORTE,MATO GROSSO,Brasil,,,,Amazônia,33,51,5101902,8,,228_068,4.7,POINT(-58.08352 -11.94354)
1815294373,10b2912d-d536-329f-8c55-6dfdd094f5a1,-54.68484,-12.9904,2026-04-24 00:54:00+00:00,2026-04-24,TERRA_M-M,NOVA UBIRATÃ,MATO GROSSO,Brasil,,,,Amazônia,33,51,5106240,8,,226_069,7.2,POINT(-54.68484 -12.9904)
1815288399,5d656395-45e0-36c7-b1e9-2ca703ce4801,-52.87264,-18.27484,2026-04-24 00:54:00+00:00,2026-04-24,TERRA_M-M,MINEIROS,GOIÁS,Brasil,,,,Cerrado,33,52,5213103,8,,224_073,7.8,POINT(-52.87264 -18.27484)
1815288430,b809f26b-574f-3a80-9489-b72d9b97db0d,-56.57923,-19.43642,2026-04-24 00:54:00+00:00,2026-04-24,TERRA_M-M,CORUMBÁ,MATO GROSSO DO SUL,Brasil,,,,Pantanal,33,50,5003207,8,,226_073,4.4,POINT(-56.57923 -19.43642)
1815288434,d6e27762-4372-32bb-8bb9-97f60a3b86cb,-52.92792,-18.28384,2026-04-24 00:54:00+00:00,2026-04-24,TERRA_M-M,MINEIROS,GOIÁS,Brasil,,,,Cerrado,33,52,5213103,8,,224_073,7.9,POINT(-52.92792 -18.28384)
1815288444,c3ad83a2-4c38-326e-ac5f-7821cc133b90,-55.17281,-20.71989,2026-04-24 00:54:00+00:00,2026-04-24,TERRA_M-M,SIDROLÂNDIA,MATO GROSSO DO SUL,Brasil,,,,Cerrado,33,50,5007901,8,,225_074,8.4,POINT(-55.17281 -20.71989)
1815288453,47729597-4cc1-305a-93b0-7f4e8bf37a64,-54.91831,-16.41983,2026-04-24 00:54:00+00:00,2026-04-24,TERRA_M-M,RONDONÓPOLIS,MATO GROSSO,Brasil,,,,Cerrado,33,51,5107602,8,,225_071,13.4,POINT(-54.91831 -16.41983)
1815288467,7645f6f5-7ff6-3cc0-8669-a7e329eba386,-52.88656,-18.2771,2026-04-24 00:54:00+00:00,2026-04-24,TERRA_M-M,MINEIROS,GOIÁS,Brasil,,,,Cerrado,33,52,5213103,8,,224_073,31.8,POINT(-52.88656 -18.2771)
1815288468,261e0e89-a9b6-3db2-afeb-ff2f5cafd9d8,-54.92754,-16.43104,2026-04-24 00:54:00+00:00,2026-04-24,TERRA_M-M,RONDONÓPOLIS,MATO GROSSO,Brasil,,,,Cerrado,33,51,5107602,8,,225_071,4.9,POINT(-54.92754 -16.43104)
1815288474,6a77fce1-42ca-3ede-9fe6-e10093b3b745,-52.96697,-18.30105,2026-04-24 00:54:00+00:00,2026-04-24,TERRA_M-M,COSTA RICA,MATO GROSSO DO SUL,Brasil,,,,Cerrado,33,50,5003256,8,,224_073,11.5,POINT(-52.96697 -18.30105)
1815288475,2bf6a5ae-6899-3863-94ed-364249dfdc32,-56.06487,-19.0965,2026-04-24 00:54:00+00:00,2026-04-24,TERRA_M-M,CORUMBÁ,MATO GROSSO DO SUL,Brasil,,,,Pantanal,33,50,5003207,8,,226_073,8.8,POINT(-56.06487 -19.0965)
1815288482,466f2a56-e4b7-3ac7-865a-ad454a44d5de,-52.92791,-18.28384,2026-04-24 00:54:00+00:00,2026-04-24,TERRA_M-M,MINEIROS,GOIÁS,Brasil,,,,Cerrado,33,52,5213103,8,,224_073,7.9,POINT(-52.92791 -18.28384)
1815288489,734481a6-64db-3724-8597-740e28a58121,-52.88836,-18.26647,2026-04-24 00:54:00+00:00,2026-04-24,TERRA_M-M,MINEIROS,GOIÁS,Brasil,,,,Cerrado,33,52,5213103,8,,224_073,10.5,POINT(-52.88836 -18.26647)
1815288493,59d06d38-b781-34b0-a679-0f30b05f69eb,-56.06485,-19.0965,2026-04-24 00:54:00+00:00,2026-04-24,TERRA_M-M,CORUMBÁ,MATO GROSSO DO SUL,Brasil,,,,Pantanal,33,50,5003207,8,,226_073,8.8,POINT(-56.06485 -19.0965)
1815288504,bf146a52-7e5f-3fc7-92fb-13b4ab98e5a2,-56.61519,-19.45048,2026-04-24 00:54:00+00:00,2026-04-24,TERRA_M-M,CORUMBÁ,MATO GROSSO DO SUL,Brasil,,,,Pantanal,33,50,5003207,8,,226_073,11.5,POINT(-56.61519 -19.45048)
1815288536,4492ed16-9908-3302-b46c-aa71f961f9bc,-56.62453,-19.45178,2026-04-24 00:54:00+00:00,2026-04-24,TERRA_M-M,CORUMBÁ,MATO GROSSO DO SUL,Brasil,,,,Pantanal,33,50,5003207,8,,226_073,7.9,POINT(-56.62453 -19.45178)
1815288544,50a7f748-8702-3365-806d-6e6aff4e862f,-56.57922,-19.43642,2026-04-24 00:54:00+00:00,2026-04-24,TERRA_M-M,CORUMBÁ,MATO GROSSO DO SUL,Brasil,,,,Pantanal,33,50,5003207,8,,226_073,4.4,POINT(-56.57922 -19.43642)
1815288548,988bf361-3619-340b-bbb8-2d6909e2070a,-52.96695,-18.30105,2026-04-24 00:54:00+00:00,2026-04-24,TERRA_M-M,COSTA RICA,MATO GROSSO DO SUL,Brasil,,,,Cerrado,33,50,5003256,8,,224_073,11.5,POINT(-52.96695 -18.30105)
1815288553,d50b0202-996f-3b2c-9b91-70c3a8aa59b3,-54.92904,-16.42145,2026-04-24 00:54:00+00:00,2026-04-24,TERRA_M-M,RONDONÓPOLIS,MATO GROSSO,Brasil,,,,Cerrado,33,51,5107602,8,,225_071,4.6,POINT(-54.92904 -16.42145)
1815288575,3d4c0bff-5713-3b56-8a14-d882cbfbca38,-52.87266,-18.27484,2026-04-24 00:54:00+00:00,2026-04-24,TERRA_M-M,MINEIROS,GOIÁS,Brasil,,,,Cerrado,33,52,5213103,8,,224_073,7.8,POINT(-52.87266 -18.27484)
1815288584,30b0ef30-b407-373a-88ba-874a5f8df3c8,-56.6166,-19.44164,2026-04-24 00:54:00+00:00,2026-04-24,TERRA_M-M,CORUMBÁ,MATO GROSSO DO SUL,Brasil,,,,Pantanal,33,50,5003207,8,,226_073,11.5,POINT(-56.6166 -19.44164)
1815288586,eaeae2b7-6cb2-3edc-af94-6dce791e61f0,-56.61658,-19.44164,2026-04-24 00:54:00+00:00,2026-04-24,TERRA_M-M,CORUMBÁ,MATO GROSSO DO SUL,Brasil,,,,Pantanal,33,50,5003207,8,,226_073,11.5,POINT(-56.61658 -19.44164)
1815288587,2e96f267-2dd9-3da2-9390-c6e9ce45759e,-51.88437,-17.2589,2026-04-24 00:54:00+00:00,2026-04-24,TERRA_M-M,CAIAPÔNIA,GOIÁS,Brasil,,,,Cerrado,33,52,5204409,8,,223_072,13.8,POINT(-51.88437 -17.2589)
1815288596,ab641387-f492-3f99-a99e-ab3b4cebd2d6,-52.88834,-18.26647,2026-04-24 00:54:00+00:00,2026-04-24,TERRA_M-M,MINEIROS,GOIÁS,Brasil,,,,Cerrado,33,52,5213103,8,,224_073,10.5,POINT(-52.88834 -18.26647)
1815288609,db1ae028-6648-3c26-a3fb-f12f0f8c37c4,-54.92755,-16.43103,2026-04-24 00:54:00+00:00,2026-04-24,TERRA_M-M,RONDONÓPOLIS,MATO GROSSO,Brasil,,,,Cerrado,33,51,5107602,8,,225_071,4.9,POINT(-54.92755 -16.43103)
1815288630,5301b69c-3800-392e-a38d-05ea6f8bcb1a,-56.62451,-19.45178,2026-04-24 00:54:00+00:00,2026-04-24,TERRA_M-M,CORUMBÁ,MATO GROSSO DO SUL,Brasil,,,,Pantanal,33,50,5003207,8,,226_073,7.9,POINT(-56.62451 -19.45178)
1815290514,d83a11c2-a00d-3c9f-8eef-d1ec0dd07daf,-58.08353,-11.94354,2026-04-24 00:54:00+00:00,2026-04-24,TERRA_M-M,BRASNORTE,MATO GROSSO,Brasil,,,,Amazônia,33,51,5101902,8,,228_068,4.7,POINT(-58.08353 -11.94354)
1815290368,6da36146-c689-3f8e-9e03-f94e8bf8a685,-51.587898,-23.663099,2026-04-24 01:13:00+00:00,2026-04-24,METOP-B,CAMBIRA,PARANÁ,Brasil,,,,Mata Atlântica,33,41,4103800,8,,222_076,,POINT(-51.587898 -23.663099)
1815290377,ffda798d-78ca-3550-83ff-ab3970693a8d,-56.609001,-19.447399,2026-04-24 01:13:00+00:00,2026-04-24,METOP-B,CORUMBÁ,MATO GROSSO DO SUL,Brasil,,,,Pantanal,33,50,5003207,8,,226_073,,POINT(-56.609001 -19.447399)
1815290384,7359bb44-78c4-3f53-b5a0-b59fdc5958e8,-51.607498,-23.6686,2026-04-24 01:13:00+00:00,2026-04-24,METOP-B,CAMBIRA,PARANÁ,Brasil,,,,Mata Atlântica,33,41,4103800,8,,222_076,,POINT(-51.607498 -23.6686)
1815290393,fc582da1-faab-369b-9f2e-f1ee3734680c,-54.905499,-16.417,2026-04-24 01:13:00+00:00,2026-04-24,METOP-B,RONDONÓPOLIS,MATO GROSSO,Brasil,,,,Cerrado,33,51,5107602,8,,225_071,,POINT(-54.905499 -16.417)
1815288287,066277b0-ef93-316a-87d5-a354efd16c47,-43.643,-11.772,2026-04-24 01:40:00+00:00,2026-04-24,GOES-19,BARRA,BAHIA,Brasil,,,,Cerrado,33,29,2902708,8,,219_068,60.1,POINT(-43.643 -11.772)
1815290336,e98ec863-f625-37da-8e49-0f1f21181aa8,-56.612099,-19.4534,2026-04-24 01:45:00+00:00,2026-04-24,METOP-C,CORUMBÁ,MATO GROSSO DO SUL,Brasil,,,,Pantanal,33,50,5003207,8,,226_073,,POINT(-56.612099 -19.4534)
1815290337,f258f059-36cc-3464-b465-e2d16d55f24f,-54.914799,-16.4282,2026-04-24 01:45:00+00:00,2026-04-24,METOP-C,RONDONÓPOLIS,MATO GROSSO,Brasil,,,,Cerrado,33,51,5107602,8,,225_071,,POINT(-54.914799 -16.4282)
1815288342,aa29c422-f833-332c-9eb5-29cc5553d77d,-43.643,-11.772,2026-04-24 01:50:00+00:00,2026-04-24,GOES-19,BARRA,BAHIA,Brasil,,,,Cerrado,33,29,2902708,8,,219_068,89.7,POINT(-43.643 -11.772)
1815288334,641a0ca6-11a1-3e18-912e-8aa31192f52b,-43.646,-11.7528,2026-04-24 01:50:00+00:00,2026-04-24,GOES-19,BARRA,BAHIA,Brasil,,,,Cerrado,33,29,2902708,8,,219_068,71.8,POINT(-43.646 -11.7528)
1815296653,ff75ebb8-6137-3cdc-83b1-b072250d304b,-43.50713,-11.16043,2026-04-24 03:38:00+00:00,2026-04-24,NOAA-21,BARRA,BAHIA,Brasil,,,,Cerrado,33,29,2902708,8,,219_068,3.4,POINT(-43.50713 -11.16043)
1815296589,5f642429-e29f-334b-8f84-4d42ea57ced6,-43.63658,-11.76945,2026-04-24 03:38:00+00:00,2026-04-24,NOAA-21,BARRA,BAHIA,Brasil,,,,Cerrado,33,29,2902708,8,,219_068,1.8,POINT(-43.63658 -11.76945)
1815296552,ae11d232-c440-3f8d-90f8-6ceae054fd6e,-43.37719,-11.95232,2026-04-24 03:38:00+00:00,2026-04-24,NOAA-21,MUQUÉM DO SÃO FRANCISCO,BAHIA,Brasil,,,,Cerrado,33,29,2922250,8,,219_068,1.8,POINT(-43.37719 -11.95232)
1815296500,4fb487ec-3978-379b-839a-f96a23064ea8,-46.65139,-9.22885,2026-04-24 03:38:00+00:00,2026-04-24,NOAA-21,BALSAS,MARANHÃO,Brasil,,,,Cerrado,33,21,2101400,8,,221_066,1.8,POINT(-46.65139 -9.22885)
1815296350,ea06d69b-6ebb-3db9-9afe-58bfe6d7e804,-43.3763,-11.95077,2026-04-24 03:38:00+00:00,2026-04-24,NOAA-21,MUQUÉM DO SÃO FRANCISCO,BAHIA,Brasil,,,,Cerrado,33,29,2922250,8,,219_068,2.7,POINT(-43.3763 -11.95077)
1815296301,b4c7826f-6135-318b-8d69-858f84a22406,-43.63688,-11.75331,2026-04-24 03:38:00+00:00,2026-04-24,NOAA-21,BARRA,BAHIA,Brasil,,,,Cerrado,33,29,2902708,8,,219_068,2.7,POINT(-43.63688 -11.75331)
1815296217,6ff61aab-76a8-3aa2-9ec8-6396f46e1a30,-43.51031,-11.15983,2026-04-24 03:38:00+00:00,2026-04-24,NOAA-21,BARRA,BAHIA,Brasil,,,,Cerrado,33,29,2902708,8,,219_068,3.4,POINT(-43.51031 -11.15983)
1815296183,6a94ea75-6e73-37fe-acf0-e568957a9183,-43.38363,-11.95462,2026-04-24 03:38:00+00:00,2026-04-24,NOAA-21,MUQUÉM DO SÃO FRANCISCO,BAHIA,Brasil,,,,Cerrado,33,29,2922250,8,,219_068,1.2,POINT(-43.38363 -11.95462)
1815296172,aafbfaa7-215f-398e-9585-2ab8a99c99a4,-43.64099,-11.75791,2026-04-24 03:38:00+00:00,2026-04-24,NOAA-21,BARRA,BAHIA,Brasil,,,,Cerrado,33,29,2902708,8,,219_068,1.7,POINT(-43.64099 -11.75791)
1815296144,e7d208ac-039d-3e1e-b1b8-5ae248cd2bf4,-43.64193,-11.76309,2026-04-24 03:38:00+00:00,2026-04-24,NOAA-21,BARRA,BAHIA,Brasil,,,,Cerrado,33,29,2902708,8,,219_068,1.7,POINT(-43.64193 -11.76309)
1815295461,44fcbebf-86b8-3636-8da5-fe646d73f45b,-46.65269,-9.23536,2026-04-24 03:38:00+00:00,2026-04-24,NOAA-21,BALSAS,MARANHÃO,Brasil,,,,Cerrado,33,21,2101400,8,,221_066,1.8,POINT(-46.65269 -9.23536)
1815295830,59d138a8-e5a6-3413-8809-b27a0823a061,-43.50605,-11.15972,2026-04-24 03:38:00+00:00,2026-04-24,NOAA-21,BARRA,BAHIA,Brasil,,,,Cerrado,33,29,2902708,8,,219_068,2.4,POINT(-43.50605 -11.15972)
1815295810,7a7758eb-77a0-3b08-994d-dfc058890d3b,-44.84469,-8.78821,2026-04-24 03:38:00+00:00,2026-04-24,NOAA-21,CURRAIS,PIAUÍ,Brasil,,,,Cerrado,33,22,2203230,8,,220_066,2.3,POINT(-44.84469 -8.78821)
1815295793,0727ec19-1380-3d0a-8fdf-3530b5cfbcee,-43.38045,-11.95172,2026-04-24 03:38:00+00:00,2026-04-24,NOAA-21,MUQUÉM DO SÃO FRANCISCO,BAHIA,Brasil,,,,Cerrado,33,29,2922250,8,,219_068,1.8,POINT(-43.38045 -11.95172)
1815295779,d53304f9-f03e-3714-9fc4-ca35812b06b3,-43.37962,-11.95013,2026-04-24 03:38:00+00:00,2026-04-24,NOAA-21,MUQUÉM DO SÃO FRANCISCO,BAHIA,Brasil,,,,Cerrado,33,29,2922250,8,,219_068,1.2,POINT(-43.37962 -11.95013)
1815295464,4378aafe-0b06-31bf-bf86-37db8a2f4ee2,-43.3806,-11.9552,2026-04-24 03:38:00+00:00,2026-04-24,NOAA-21,MUQUÉM DO SÃO FRANCISCO,BAHIA,Brasil,,,,Cerrado,33,29,2922250,8,,219_068,1.2,POINT(-43.3806 -11.9552)
1815295438,1cd72c68-fa26-364c-a391-265f9406da99,-43.63784,-11.7585,2026-04-24 03:38:00+00:00,2026-04-24,NOAA-21,BARRA,BAHIA,Brasil,,,,Cerrado,33,29,2902708,8,,219_068,1.9,POINT(-43.63784 -11.7585)
1815295032,313f6482-3d64-3f22-a8f2-6bbca7e73fd5,-43.50923,-11.15913,2026-04-24 03:38:00+00:00,2026-04-24,NOAA-21,BARRA,BAHIA,Brasil,,,,Cerrado,33,29,2902708,8,,219_068,2.4,POINT(-43.50923 -11.15913)
1815295472,12f35ab9-724d-3b2c-b1cf-fe624ca9e6c4,-43.50396,-11.16104,2026-04-24 03:38:00+00:00,2026-04-24,NOAA-21,BARRA,BAHIA,Brasil,,,,Cerrado,33,29,2902708,8,,219_068,4.8,POINT(-43.50396 -11.16104)
1815295350,bff1208d-998c-32de-91be-0c60b41d2f24,-43.63877,-11.76368,2026-04-24 03:38:00+00:00,2026-04-24,NOAA-21,BARRA,BAHIA,Brasil,,,,Cerrado,33,29,2902708,8,,219_068,1.9,POINT(-43.63877 -11.76368)
1815295678,d9de33c9-895b-3cf3-81a0-2fc4f8de538a,-43.64414,-11.75732,2026-04-24 03:38:00+00:00,2026-04-24,NOAA-21,BARRA,BAHIA,Brasil,,,,Cerrado,33,29,2902708,8,,219_068,1.7,POINT(-43.64414 -11.75732)
1815295628,85bad20c-1901-33c3-83ec-8eedb5829a8a,-43.64509,-11.7625,2026-04-24 03:38:00+00:00,2026-04-24,NOAA-21,BARRA,BAHIA,Brasil,,,,Cerrado,33,29,2902708,8,,219_068,1.7,POINT(-43.64509 -11.7625)
1815295833,bfe3f436-6abc-3995-a4ea-a20d1b190799,-46.86479,-20.1666,2026-04-24 03:40:00+00:00,2026-04-24,NOAA-21,SÃO ROQUE DE MINAS,MINAS GERAIS,Brasil,,,,Cerrado,33,31,3164308,8,,220_074,5.9,POINT(-46.86479 -20.1666)
1815294983,6f984974-d7b8-35d9-8707-4676d11918fe,-41.02073,-20.56375,2026-04-24 03:40:00+00:00,2026-04-24,NOAA-21,VARGEM ALTA,ESPÍRITO SANTO,Brasil,,,,Mata Atlântica,33,32,3205036,8,,216_074,1.4,POINT(-41.02073 -20.56375)
1815295000,d69c22f9-2db3-3c95-ac04-45606e832d84,-46.7287,-20.19089,2026-04-24 03:40:00+00:00,2026-04-24,NOAA-21,SÃO ROQUE DE MINAS,MINAS GERAIS,Brasil,,,,Cerrado,33,31,3164308,8,,220_074,1.1,POINT(-46.7287 -20.19089)
1815295065,46387d41-66ca-321f-a7fc-57a608dc5bd4,-46.85904,-20.16218,2026-04-24 03:40:00+00:00,2026-04-24,NOAA-21,SÃO ROQUE DE MINAS,MINAS GERAIS,Brasil,,,,Cerrado,33,31,3164308,8,,220_074,2.0,POINT(-46.85904 -20.16218)
1815295097,17142c2c-5f80-3326-b4a8-b0a2ff625975,-46.85884,-20.161,2026-04-24 03:40:00+00:00,2026-04-24,NOAA-21,SÃO ROQUE DE MINAS,MINAS GERAIS,Brasil,,,,Cerrado,33,31,3164308,8,,220_074,3.0,POINT(-46.85884 -20.161)
1815295228,bd1d4df9-5a8c-3b0f-9c70-c88df0460d2b,-40.8209,-20.91668,2026-04-24 03:40:00+00:00,2026-04-24,NOAA-21,ITAPEMIRIM,ESPÍRITO SANTO,Brasil,,,,Mata Atlântica,33,32,3202801,8,,216_074,1.6,POINT(-40.8209 -20.91668)
1815295269,31813927-7fad-3fb2-b73d-08a6bd8c90b4,-46.86114,-20.16619,2026-04-24 03:40:00+00:00,2026-04-24,NOAA-21,SÃO ROQUE DE MINAS,MINAS GERAIS,Brasil,,,,Cerrado,33,31,3164308,8,,220_074,3.9,POINT(-46.86114 -20.16619)
1815295288,8da341f5-9359-321c-acc9-b802bb471718,-41.97818,-18.86269,2026-04-24 03:40:00+00:00,2026-04-24,NOAA-21,GOVERNADOR VALADARES,MINAS GERAIS,Brasil,,,,Mata Atlântica,33,31,3127701,8,,217_073,1.2,POINT(-41.97818 -18.86269)
1815295390,40413549-d111-39bb-872f-0cbb22268c53,-44.20743,-21.20472,2026-04-24 03:40:00+00:00,2026-04-24,NOAA-21,SÃO JOÃO DEL REI,MINAS GERAIS,Brasil,,,,Mata Atlântica,33,31,3162500,8,,218_075,1.3,POINT(-44.20743 -21.20472)
1815295392,9d5bcf86-fdd8-3b70-8199-689a178cfa53,-41.67831,-16.00651,2026-04-24 03:40:00+00:00,2026-04-24,NOAA-21,SANTA CRUZ DE SALINAS,MINAS GERAIS,Brasil,,,,Mata Atlântica,33,31,3157377,8,,217_071,0.9,POINT(-41.67831 -16.00651)
1815295475,2d137afd-c0f1-3332-8035-c37414e4e7b5,-44.63515,-19.80206,2026-04-24 03:40:00+00:00,2026-04-24,NOAA-21,PARÁ DE MINAS,MINAS GERAIS,Brasil,,,,Mata Atlântica,33,31,3147105,8,,218_074,1.2,POINT(-44.63515 -19.80206)
1815295478,1f567bb7-9342-379a-9a05-b6125d4dbf70,-46.72798,-20.18887,2026-04-24 03:40:00+00:00,2026-04-24,NOAA-21,SÃO ROQUE DE MINAS,MINAS GERAIS,Brasil,,,,Cerrado,33,31,3164308,8,,220_074,1.0,POINT(-46.72798 -20.18887)
1815295510,c7f8ce5c-0877-3bf2-a802-8e7e5796c5a3,-44.75314,-17.52862,2026-04-24 03:40:00+00:00,2026-04-24,NOAA-21,VÁRZEA DA PALMA,MINAS GERAIS,Brasil,,,,Cerrado,33,31,3170800,8,,219_072,1.6,POINT(-44.75314 -17.52862)
1815295537,4144d2da-dca3-364a-8f51-ec080cbdc544,-46.86264,-20.16139,2026-04-24 03:40:00+00:00,2026-04-24,NOAA-21,SÃO ROQUE DE MINAS,MINAS GERAIS,Brasil,,,,Cerrado,33,31,3164308,8,,220_074,5.9,POINT(-46.86264 -20.16139)
1815295567,c4e87a83-da2e-3672-b443-19378ff84d17,-43.8045,-15.33244,2026-04-24 03:40:00+00:00,2026-04-24,NOAA-21,JAÍBA,MINAS GERAIS,Brasil,,,,Cerrado,33,31,3135050,8,,218_071,0.9,POINT(-43.8045 -15.33244)
1815295691,760f91ad-afd2-3ef4-8600-ceca42bb3690,-46.85645,-20.15707,2026-04-24 03:40:00+00:00,2026-04-24,NOAA-21,SÃO ROQUE DE MINAS,MINAS GERAIS,Brasil,,,,Cerrado,33,31,3164308,8,,220_074,2.0,POINT(-46.85645 -20.15707)
1815295719,4435cda9-488c-3fed-ab3e-8e0402203dfc,-46.80279,-20.20856,2026-04-24 03:40:00+00:00,2026-04-24,NOAA-21,SÃO ROQUE DE MINAS,MINAS GERAIS,Brasil,,,,Cerrado,33,31,3164308,8,,220_074,1.5,POINT(-46.80279 -20.20856)
1815295731,64a8aae0-f902-32d1-9408-dad445385193,-46.80645,-20.20777,2026-04-24 03:40:00+00:00,2026-04-24,NOAA-21,DELFINÓPOLIS,MINAS GERAIS,Brasil,,,,Cerrado,33,31,3121209,8,,220_074,1.5,POINT(-46.80645 -20.20777)
1815295775,17584584-c7f2-388b-8958-addb750cf8d3,-45.00807,-17.50167,2026-04-24 03:40:00+00:00,2026-04-24,NOAA-21,BURITIZEIRO,MINAS GERAIS,Brasil,,,,Cerrado,33,31,3109402,8,,219_072,1.4,POINT(-45.00807 -17.50167)
1815295797,4e86e999-6f5a-308d-ad4c-8b299b36211d,-46.75894,-20.18424,2026-04-24 03:40:00+00:00,2026-04-24,NOAA-21,SÃO ROQUE DE MINAS,MINAS GERAIS,Brasil,,,,Cerrado,33,31,3164308,8,,220_074,1.6,POINT(-46.75894 -20.18424)
1815295807,221d62e3-ca8c-3228-937d-091ce9ef70a9,-44.75422,-17.53361,2026-04-24 03:40:00+00:00,2026-04-24,NOAA-21,VÁRZEA DA PALMA,MINAS GERAIS,Brasil,,,,Cerrado,33,31,3170800,8,,219_072,1.6,POINT(-44.75422 -17.53361)
1815295832,8daf3914-aa05-37c2-9669-a25ee19e8273,-46.77497,-20.2485,2026-04-24 03:40:00+00:00,2026-04-24,NOAA-21,SÃO ROQUE DE MINAS,MINAS GERAIS,Brasil,,,,Cerrado,33,31,3164308,8,,220_074,1.7,POINT(-46.77497 -20.2485)
1815295845,e475d8bb-1688-3c34-844b-d58d495723bb,-42.46296,-14.7511,2026-04-24 03:40:00+00:00,2026-04-24,NOAA-21,JACARACI,BAHIA,Brasil,,,,Caatinga,33,29,2917409,8,,218_070,1.4,POINT(-42.46296 -14.7511)
1815295951,bcbd4605-cc0f-3dc7-8a81-4bd2dd6c2525,-46.81562,-20.21143,2026-04-24 03:40:00+00:00,2026-04-24,NOAA-21,DELFINÓPOLIS,MINAS GERAIS,Brasil,,,,Cerrado,33,31,3121209,8,,220_074,2.1,POINT(-46.81562 -20.21143)
1815295959,0830e472-d56c-38ae-b283-1a7a75d365bc,-43.80265,-15.33087,2026-04-24 03:40:00+00:00,2026-04-24,NOAA-21,JAÍBA,MINAS GERAIS,Brasil,,,,Cerrado,33,31,3135050,8,,218_071,2.1,POINT(-43.80265 -15.33087)
1815295991,8ce4d525-33cf-36a1-bab8-aef4551b2bd9,-44.75122,-17.53421,2026-04-24 03:40:00+00:00,2026-04-24,NOAA-21,VÁRZEA DA PALMA,MINAS GERAIS,Brasil,,,,Cerrado,33,31,3170800,8,,219_072,1.6,POINT(-44.75122 -17.53421)
1815296042,063e9da7-1338-331e-bff0-46e177cf7f52,-46.92406,-20.19918,2026-04-24 03:40:00+00:00,2026-04-24,NOAA-21,DELFINÓPOLIS,MINAS GERAIS,Brasil,,,,Cerrado,33,31,3121209,8,,220_074,1.5,POINT(-46.92406 -20.19918)
1815296060,9ed90ee9-9291-3e89-94b8-21363a73f58a,-45.00773,-17.50415,2026-04-24 03:40:00+00:00,2026-04-24,NOAA-21,BURITIZEIRO,MINAS GERAIS,Brasil,,,,Cerrado,33,31,3109402,8,,219_072,1.0,POINT(-45.00773 -17.50415)
1815296061,a6b1d799-5415-394c-90d3-ff84191fb4f7,-45.01115,-17.50103,2026-04-24 03:40:00+00:00,2026-04-24,NOAA-21,BURITIZEIRO,MINAS GERAIS,Brasil,,,,Cerrado,33,31,3109402,8,,219_072,1.4,POINT(-45.01115 -17.50103)
1815296090,a7be961b-469f-3e3e-b968-19d05e68246d,-46.88944,-20.18964,2026-04-24 03:40:00+00:00,2026-04-24,NOAA-21,SÃO ROQUE DE MINAS,MINAS GERAIS,Brasil,,,,Cerrado,33,31,3164308,8,,220_074,2.3,POINT(-46.88944 -20.18964)
1815296108,89260f00-0835-39cb-8db7-736dafb834f9,-45.00966,-17.49847,2026-04-24 03:40:00+00:00,2026-04-24,NOAA-21,BURITIZEIRO,MINAS GERAIS,Brasil,,,,Cerrado,33,31,3109402,8,,219_072,1.0,POINT(-45.00966 -17.49847)
1815296119,ef45eb40-26d8-3d61-834b-b84179402ffe,-46.757,-20.2411,2026-04-24 03:40:00+00:00,2026-04-24,NOAA-21,SÃO ROQUE DE MINAS,MINAS GERAIS,Brasil,,,,Cerrado,33,31,3164308,8,,220_074,1.0,POINT(-46.757 -20.2411)
1815296142,4338e9ba-7d57-36eb-ac59-6bea3b40dae6,-46.73008,-20.19405,2026-04-24 03:40:00+00:00,2026-04-24,NOAA-21,SÃO ROQUE DE MINAS,MINAS GERAIS,Brasil,,,,Cerrado,33,31,3164308,8,,220_074,1.3,POINT(-46.73008 -20.19405)
1815296193,f9beaeb6-bef0-3d66-b366-89f628b34d61,-46.73069,-20.19609,2026-04-24 03:40:00+00:00,2026-04-24,NOAA-21,SÃO ROQUE DE MINAS,MINAS GERAIS,Brasil,,,,Cerrado,33,31,3164308,8,,220_074,1.1,POINT(-46.73069 -20.19609)
1815296343,a0f77d89-88be-3fff-b997-ae23bd6f27b3,-43.80353,-15.32754,2026-04-24 03:40:00+00:00,2026-04-24,NOAA-21,JAÍBA,MINAS GERAIS,Brasil,,,,Cerrado,33,31,3135050,8,,218_071,0.9,POINT(-43.80353 -15.32754)
1815296416,a7d7bddd-13a1-3d4d-b4d7-f41dcd3ad27a,-46.86643,-20.16055,2026-04-24 03:40:00+00:00,2026-04-24,NOAA-21,SÃO ROQUE DE MINAS,MINAS GERAIS,Brasil,,,,Cerrado,33,31,3164308,8,,220_074,5.9,POINT(-46.86643 -20.16055)
1815296468,6b460c82-8275-3c4c-a473-4bc8b0313f53,-46.76042,-20.24036,2026-04-24 03:40:00+00:00,2026-04-24,NOAA-21,SÃO ROQUE DE MINAS,MINAS GERAIS,Brasil,,,,Cerrado,33,31,3164308,8,,220_074,1.3,POINT(-46.76042 -20.24036)
1815296585,c43f2766-1a8f-3b7d-bf54-69a549b82d97,-46.86841,-20.16464,2026-04-24 03:40:00+00:00,2026-04-24,NOAA-21,SÃO ROQUE DE MINAS,MINAS GERAIS,Brasil,,,,Cerrado,33,31,3164308,8,,220_074,11.1,POINT(-46.86841 -20.16464)
1815296602,c97d1945-8b7c-3cb2-a5ed-7c4ffb869a9a,-46.87944,-20.19752,2026-04-24 03:40:00+00:00,2026-04-24,NOAA-21,DELFINÓPOLIS,MINAS GERAIS,Brasil,,,,Cerrado,33,31,3121209,8,,220_074,2.0,POINT(-46.87944 -20.19752)
1815296606,25606948-39e8-38b2-8dba-cd2ebf0d8e2b,-46.86838,-20.16581,2026-04-24 03:40:00+00:00,2026-04-24,NOAA-21,SÃO ROQUE DE MINAS,MINAS GERAIS,Brasil,,,,Cerrado,33,31,3164308,8,,220_074,5.9,POINT(-46.86838 -20.16581)
1815296622,33064670-5fda-3e5b-ad53-fb10243c205f,-45.01082,-17.50354,2026-04-24 03:40:00+00:00,2026-04-24,NOAA-21,BURITIZEIRO,MINAS GERAIS,Brasil,,,,Cerrado,33,31,3109402,8,,219_072,1.0,POINT(-45.01082 -17.50354)
1815296665,d57b9d62-aa60-3dad-bec1-ad8b4bca5aaf,-46.81168,-20.21229,2026-04-24 03:40:00+00:00,2026-04-24,NOAA-21,DELFINÓPOLIS,MINAS GERAIS,Brasil,,,,Cerrado,33,31,3121209,8,,220_074,2.1,POINT(-46.81168 -20.21229)
1815296703,0e0cac6e-41e5-38d4-87f2-c629dd290766,-46.77337,-20.24321,2026-04-24 03:40:00+00:00,2026-04-24,NOAA-21,SÃO ROQUE DE MINAS,MINAS GERAIS,Brasil,,,,Cerrado,33,31,3164308,8,,220_074,0.9,POINT(-46.77337 -20.24321)
1815296707,4e6e1c91-dc49-3bdd-9e6c-7c8cfa244e68,-46.86126,-20.16738,2026-04-24 03:40:00+00:00,2026-04-24,NOAA-21,SÃO ROQUE DE MINAS,MINAS GERAIS,Brasil,,,,Cerrado,33,31,3164308,8,,220_074,2.0,POINT(-46.86126 -20.16738)
1815296724,05247eff-6e5f-342b-b04a-356bb75c95d8,-41.02302,-20.56329,2026-04-24 03:40:00+00:00,2026-04-24,NOAA-21,VARGEM ALTA,ESPÍRITO SANTO,Brasil,,,,Mata Atlântica,33,32,3205036,8,,216_074,1.4,POINT(-41.02302 -20.56329)
1815296727,a63a4605-891d-3f7c-b962-71e9e36cc7cd,-46.86631,-20.1594,2026-04-24 03:40:00+00:00,2026-04-24,NOAA-21,SÃO ROQUE DE MINAS,MINAS GERAIS,Brasil,,,,Cerrado,33,31,3164308,8,,220_074,3.1,POINT(-46.86631 -20.1594)
1815296737,50b4942b-b67a-337e-9134-352ad18e25d1,-46.88169,-20.20271,2026-04-24 03:40:00+00:00,2026-04-24,NOAA-21,DELFINÓPOLIS,MINAS GERAIS,Brasil,,,,Cerrado,33,31,3121209,8,,220_074,2.4,POINT(-46.88169 -20.20271)
1815296764,1e2c01e2-ce2c-3219-b168-9b0ce6833e1c,-46.83375,-17.16872,2026-04-24 03:40:00+00:00,2026-04-24,NOAA-21,PARACATU,MINAS GERAIS,Brasil,,,,Cerrado,33,31,3147006,8,,220_072,1.9,POINT(-46.83375 -17.16872)
1815296780,0fd5f758-1dab-3eb5-a7d2-95c37b088cee,-44.64061,-19.80095,2026-04-24 03:40:00+00:00,2026-04-24,NOAA-21,PARÁ DE MINAS,MINAS GERAIS,Brasil,,,,Mata Atlântica,33,31,3147105,8,,218_074,1.2,POINT(-44.64061 -19.80095)
1815296788,3ec1062e-5c11-349b-969a-d412e1fd5bbe,-46.77048,-20.24383,2026-04-24 03:40:00+00:00,2026-04-24,NOAA-21,SÃO ROQUE DE MINAS,MINAS GERAIS,Brasil,,,,Cerrado,33,31,3164308,8,,220_074,0.9,POINT(-46.77048 -20.24383)
1815296818,b3b47ace-13f5-35f2-a9c1-7ba371b18787,-46.75554,-20.23577,2026-04-24 03:40:00+00:00,2026-04-24,NOAA-21,SÃO ROQUE DE MINAS,MINAS GERAIS,Brasil,,,,Cerrado,33,31,3164308,8,,220_074,3.0,POINT(-46.75554 -20.23577)
1815296831,fe489b97-2933-3b5a-a8c5-e87fd99acf8f,-46.86472,-20.16542,2026-04-24 03:40:00+00:00,2026-04-24,NOAA-21,SÃO ROQUE DE MINAS,MINAS GERAIS,Brasil,,,,Cerrado,33,31,3164308,8,,220_074,11.1,POINT(-46.86472 -20.16542)
1815296845,064c7a5c-6d37-3d54-817f-2f2dbf480203,-46.88553,-20.1905,2026-04-24 03:40:00+00:00,2026-04-24,NOAA-21,SÃO ROQUE DE MINAS,MINAS GERAIS,Brasil,,,,Cerrado,33,31,3164308,8,,220_074,2.3,POINT(-46.88553 -20.1905)
1815295193,159f1c81-4f3b-3fec-9ef9-5c78e4376aea,-50.12592,-25.65493,2026-04-24 03:42:00+00:00,2026-04-24,NOAA-21,SÃO JOÃO DO TRIUNFO,PARANÁ,Brasil,,,,Mata Atlântica,33,41,4125100,8,,221_078,3.7,POINT(-50.12592 -25.65493)
1815295409,b03123a4-4913-35c1-b007-cc93bf30e4c7,-45.0531,-22.71201,2026-04-24 03:42:00+00:00,2026-04-24,NOAA-21,CANAS,SÃO PAULO,Brasil,,,,Mata Atlântica,33,35,3509957,8,,218_076,0.8,POINT(-45.0531 -22.71201)
1815296784,b997743a-b57f-342f-add1-6ed5b0793066,-48.43651,-21.69917,2026-04-24 03:42:00+00:00,2026-04-24,NOAA-21,MATÃO,SÃO PAULO,Brasil,,,,Cerrado,33,35,3529302,8,,220_075,4.1,POINT(-48.43651 -21.69917)
1815296493,519b5313-89db-340b-ae06-e7add96c0a1c,-43.36248,-22.7019,2026-04-24 03:42:00+00:00,2026-04-24,NOAA-21,BELFORD ROXO,RIO DE JANEIRO,Brasil,,,,Mata Atlântica,33,33,3300456,8,,217_076,1.6,POINT(-43.36248 -22.7019)
1815295216,56a66d0c-87ab-32ff-b2f8-9832481c0ec5,-50.12876,-25.65671,2026-04-24 03:42:00+00:00,2026-04-24,NOAA-21,SÃO JOÃO DO TRIUNFO,PARANÁ,Brasil,,,,Mata Atlântica,33,41,4125100,8,,221_078,1.6,POINT(-50.12876 -25.65671)
1815295979,0aec4dbe-c707-3544-aaff-3d86cf8a78da,-50.12423,-25.6578,2026-04-24 03:42:00+00:00,2026-04-24,NOAA-21,SÃO JOÃO DO TRIUNFO,PARANÁ,Brasil,,,,Mata Atlântica,33,41,4125100,8,,221_078,1.6,POINT(-50.12423 -25.6578)
1815295721,63d93ca4-3c9a-32f0-8cf8-758adee3d894,-51.37684,-26.19256,2026-04-24 03:42:00+00:00,2026-04-24,NOAA-21,BITURUNA,PARANÁ,Brasil,,,,Mata Atlântica,33,41,4102901,8,,222_078,1.7,POINT(-51.37684 -26.19256)
1815295912,151e164a-2983-37e8-b91a-98ddc866834b,-43.46223,-22.74828,2026-04-24 03:42:00+00:00,2026-04-24,NOAA-21,NOVA IGUAÇU,RIO DE JANEIRO,Brasil,,,,Mata Atlântica,33,33,3303500,8,,217_076,2.4,POINT(-43.46223 -22.74828)
1815296079,e24fabeb-1c43-3b80-ae7a-b074538a58e6,-51.39477,-27.49712,2026-04-24 03:45:00+00:00,2026-04-24,NOAA-21,CAMPOS NOVOS,SANTA CATARINA,Brasil,,,,Mata Atlântica,33,42,4203600,8,,221_079,1.6,POINT(-51.39477 -27.49712)
1815295972,a3def2c3-aed0-39fb-8c50-35308152114b,-51.39988,-27.49583,2026-04-24 03:45:00+00:00,2026-04-24,NOAA-21,CAMPOS NOVOS,SANTA CATARINA,Brasil,,,,Mata Atlântica,33,42,4203600,8,,221_079,2.6,POINT(-51.39988 -27.49583)
1815297944,4dfd8f7b-fb1b-3b0e-82cd-6a3d83db4b87,-37.89799,-4.36557,2026-04-24 04:08:00+00:00,2026-04-24,NPP-375D,BEBERIBE,CEARÁ,Brasil,,,,Caatinga,33,23,2302206,8,,216_063,2.7,POINT(-37.89799 -4.36557)
1815297939,b07355e9-e971-388c-8e0c-2408437cd5c3,-37.90164,-4.36499,2026-04-24 04:08:00+00:00,2026-04-24,NPP-375D,BEBERIBE,CEARÁ,Brasil,,,,Caatinga,33,23,2302206,8,,216_063,2.7,POINT(-37.90164 -4.36499)
1815300617,a5f61916-9624-3e87-a76c-ee0081fbbfbf,-45.31197,-13.37439,2026-04-24 04:10:00+00:00,2026-04-24,NPP-375D,CORRENTINA,BAHIA,Brasil,,,,Cerrado,33,29,2909307,8,,220_069,0.7,POINT(-45.31197 -13.37439)
1815300296,346c4200-4183-31af-9531-b828b48ef9c2,-42.13597,-13.07385,2026-04-24 04:10:00+00:00,2026-04-24,NPP-375D,RIO DO PIRES,BAHIA,Brasil,,,,Caatinga,33,29,2926905,8,,218_069,1.2,POINT(-42.13597 -13.07385)
1815297998,e6d313f9-ec80-364e-b5d0-2b1c24f31d36,-44.62737,-12.28117,2026-04-24 04:10:00+00:00,2026-04-24,NPP-375D,CATOLÂNDIA,BAHIA,Brasil,,,,Cerrado,33,29,2907400,8,,219_069,1.5,POINT(-44.62737 -12.28117)
1815297091,f6a9f42b-34b5-38fe-b531-619dbc4e1f66,-43.38274,-11.95423,2026-04-24 04:10:00+00:00,2026-04-24,NPP-375D,MUQUÉM DO SÃO FRANCISCO,BAHIA,Brasil,,,,Cerrado,33,29,2922250,8,,219_068,1.9,POINT(-43.38274 -11.95423)
1815298954,17e47e18-2cb4-308f-84b5-bdbba4f41b05,-44.62246,-12.27829,2026-04-24 04:10:00+00:00,2026-04-24,NPP-375D,CATOLÂNDIA,BAHIA,Brasil,,,,Cerrado,33,29,2907400,8,,219_069,1.4,POINT(-44.62246 -12.27829)
1815300011,998029c1-2226-305e-90e7-d78a271475b4,-44.84162,-8.7864,2026-04-24 04:10:00+00:00,2026-04-24,NPP-375D,CURRAIS,PIAUÍ,Brasil,,,,Cerrado,33,22,2203230,8,,220_066,3.1,POINT(-44.84162 -8.7864)
1815302247,756d5bba-cd0c-3531-a43d-180749d2e712,-44.62804,-12.28478,2026-04-24 04:10:00+00:00,2026-04-24,NPP-375D,CATOLÂNDIA,BAHIA,Brasil,,,,Cerrado,33,29,2907400,8,,219_069,1.7,POINT(-44.62804 -12.28478)
1815297619,df9527f0-0d4f-3a25-b1aa-9aa06e7d315f,-43.64762,-11.77546,2026-04-24 04:10:00+00:00,2026-04-24,NPP-375D,BARRA,BAHIA,Brasil,,,,Cerrado,33,29,2902708,8,,219_068,1.2,POINT(-43.64762 -11.77546)
1815298038,f5475ab5-fa84-331a-9f61-40d732c4d0c1,-43.86764,-11.86177,2026-04-24 04:10:00+00:00,2026-04-24,NPP-375D,WANDERLEY,BAHIA,Brasil,,,,Cerrado,33,29,2933455,8,,219_068,2.7,POINT(-43.86764 -11.86177)
1815299332,14ecbd18-530c-307b-afc1-f141322deaf6,-49.50098,-11.06194,2026-04-24 04:10:00+00:00,2026-04-24,NPP-375D,SANTA RITA DO TOCANTINS,TOCANTINS,Brasil,,,,Cerrado,33,17,1718899,8,,223_068,1.7,POINT(-49.50098 -11.06194)
1815300352,604147a2-1ff0-306f-af5b-8291c26b955b,-44.61995,-12.27868,2026-04-24 04:10:00+00:00,2026-04-24,NPP-375D,CATOLÂNDIA,BAHIA,Brasil,,,,Cerrado,33,29,2907400,8,,219_069,0.8,POINT(-44.61995 -12.27868)
1815299497,764f2a22-7356-3ccb-b0a1-baaa4bdcd1d3,-42.13479,-13.06721,2026-04-24 04:10:00+00:00,2026-04-24,NPP-375D,RIO DO PIRES,BAHIA,Brasil,,,,Caatinga,33,29,2926905,8,,218_069,1.3,POINT(-42.13479 -13.06721)
1815301686,f253c452-1196-305a-833c-d93d669be643,-45.31264,-13.37809,2026-04-24 04:10:00+00:00,2026-04-24,NPP-375D,CORRENTINA,BAHIA,Brasil,,,,Cerrado,33,29,2909307,8,,220_069,0.7,POINT(-45.31264 -13.37809)
1815298650,047e9719-2c6f-3ee8-8e37-85d1388b67b2,-49.43355,-10.97686,2026-04-24 04:10:00+00:00,2026-04-24,NPP-375D,SANTA RITA DO TOCANTINS,TOCANTINS,Brasil,,,,Cerrado,33,17,1718899,8,,223_068,1.3,POINT(-49.43355 -10.97686)
1815297891,4b31ef46-1c64-3462-bb6b-3e31f9562485,-45.31778,-13.38101,2026-04-24 04:10:00+00:00,2026-04-24,NPP-375D,CORRENTINA,BAHIA,Brasil,,,,Cerrado,33,29,2909307,8,,220_069,1.3,POINT(-45.31778 -13.38101)
1815299721,88ed3862-13a0-3362-8f97-8dc772f3719d,-44.6267,-12.27755,2026-04-24 04:10:00+00:00,2026-04-24,NPP-375D,CATOLÂNDIA,BAHIA,Brasil,,,,Cerrado,33,29,2907400,8,,219_069,1.5,POINT(-44.6267 -12.27755)
1815299856,36806d9e-7a5c-31a0-b20a-9f15f6425b91,-44.62844,-12.27725,2026-04-24 04:10:00+00:00,2026-04-24,NPP-375D,CATOLÂNDIA,BAHIA,Brasil,,,,Cerrado,33,29,2907400,8,,219_069,0.8,POINT(-44.62844 -12.27725)
1815298980,1342caf3-4c6c-380e-8019-b91896e5cfe4,-51.22719,-12.09348,2026-04-24 04:10:00+00:00,2026-04-24,NPP-375D,SERRA NOVA DOURADA,MATO GROSSO,Brasil,,,,Cerrado,33,51,5107883,8,,224_068,1.5,POINT(-51.22719 -12.09348)
1815299493,ffcbfa9c-293d-32a4-827c-e431c77878a8,-44.6242,-12.27797,2026-04-24 04:10:00+00:00,2026-04-24,NPP-375D,CATOLÂNDIA,BAHIA,Brasil,,,,Cerrado,33,29,2907400,8,,219_069,0.8,POINT(-44.6242 -12.27797)
1815297201,17119670-469e-3940-969d-143b21fcd21d,-45.30817,-13.37887,2026-04-24 04:10:00+00:00,2026-04-24,NPP-375D,CORRENTINA,BAHIA,Brasil,,,,Cerrado,33,29,2909307,8,,220_069,0.7,POINT(-45.30817 -13.37887)
1815299671,e1d3585c-8647-3d13-8e1c-f886a4718149,-48.67046,-10.00752,2026-04-24 04:10:00+00:00,2026-04-24,NPP-375D,MIRACEMA DO TOCANTINS,TOCANTINS,Brasil,,,,Cerrado,33,17,1713205,8,,222_067,2.0,POINT(-48.67046 -10.00752)
1815297477,ecf51ee0-e144-3dad-a372-1f1fc9895038,-43.86847,-11.8615,2026-04-24 04:10:00+00:00,2026-04-24,NPP-375D,WANDERLEY,BAHIA,Brasil,,,,Cerrado,33,29,2933455,8,,219_068,2.4,POINT(-43.86847 -11.8615)
1815299663,549991e2-d5a3-339c-b21d-b14191ecd51d,-51.23087,-12.09276,2026-04-24 04:10:00+00:00,2026-04-24,NPP-375D,SERRA NOVA DOURADA,MATO GROSSO,Brasil,,,,Cerrado,33,51,5107883,8,,224_068,1.5,POINT(-51.23087 -12.09276)
1815300912,374ba45f-0cb4-35d3-ba76-4dee5e043a8c,-43.86824,-11.86529,2026-04-24 04:10:00+00:00,2026-04-24,NPP-375D,WANDERLEY,BAHIA,Brasil,,,,Cerrado,33,29,2933455,8,,219_068,2.2,POINT(-43.86824 -11.86529)
1815298338,f8a3f166-b363-3157-be0d-38c1c77891a5,-44.75441,-17.5345,2026-04-24 04:12:00+00:00,2026-04-24,NPP-375D,VÁRZEA DA PALMA,MINAS GERAIS,Brasil,,,,Cerrado,33,31,3170800,8,,219_072,0.4,POINT(-44.75441 -17.5345)
1815298391,2d6583b1-f5b0-3269-9a79-c8c5ba5a21a1,-47.23296,-14.34123,2026-04-24 04:12:00+00:00,2026-04-24,NPP-375D,SÃO JOÃO D'ALIANÇA,GOIÁS,Brasil,,,,Cerrado,33,52,5220009,8,,221_070,0.7,POINT(-47.23296 -14.34123)
1815302362,e5bc49f0-209c-3b43-b74a-8b7a20a92ddf,-44.95718,-16.70531,2026-04-24 04:12:00+00:00,2026-04-24,NPP-375D,PONTO CHIQUE,MINAS GERAIS,Brasil,,,,Cerrado,33,31,3152131,8,,219_072,0.8,POINT(-44.95718 -16.70531)
1815299648,f84895b4-2013-38ca-8cce-8a7b35d338e6,-47.97158,-14.59622,2026-04-24 04:12:00+00:00,2026-04-24,NPP-375D,NIQUELÂNDIA,GOIÁS,Brasil,,,,Cerrado,33,52,5214606,8,,221_070,1.1,POINT(-47.97158 -14.59622)
1815297513,8ca2a296-f859-3056-b470-7fd9344e1125,-47.89309,-13.54236,2026-04-24 04:12:00+00:00,2026-04-24,NPP-375D,CAVALCANTE,GOIÁS,Brasil,,,,Cerrado,33,52,5205307,8,,221_069,0.8,POINT(-47.89309 -13.54236)
1815297518,0289415f-45b7-37c8-93ab-9f05964190e9,-47.891,-13.54577,2026-04-24 04:12:00+00:00,2026-04-24,NPP-375D,CAVALCANTE,GOIÁS,Brasil,,,,Cerrado,33,52,5205307,8,,221_069,1.9,POINT(-47.891 -13.54577)
1815298937,e4ba4752-6283-343e-9ad9-4279ddbcef30,-47.89085,-13.55171,2026-04-24 04:12:00+00:00,2026-04-24,NPP-375D,CAVALCANTE,GOIÁS,Brasil,,,,Cerrado,33,52,5205307,8,,221_069,1.1,POINT(-47.89085 -13.55171)
1815298425,6fbdfe1a-a45a-3a4c-ab3a-511c44fd2e7c,-45.00962,-17.50216,2026-04-24 04:12:00+00:00,2026-04-24,NPP-375D,BURITIZEIRO,MINAS GERAIS,Brasil,,,,Cerrado,33,31,3109402,8,,219_072,2.4,POINT(-45.00962 -17.50216)
1815301390,bb408944-86b0-369d-bf02-e0a88604e6e4,-41.67899,-16.00521,2026-04-24 04:12:00+00:00,2026-04-24,NPP-375D,SANTA CRUZ DE SALINAS,MINAS GERAIS,Brasil,,,,Mata Atlântica,33,31,3157377,8,,217_071,1.0,POINT(-41.67899 -16.00521)
1815297541,be8a478d-9907-32d1-b81b-979369460f9e,-51.09095,-17.48105,2026-04-24 04:12:00+00:00,2026-04-24,NPP-375D,MONTIVIDIU,GOIÁS,Brasil,,,,Cerrado,33,52,5213756,8,,223_072,3.0,POINT(-51.09095 -17.48105)
1815297597,1fdf59b2-5456-3f03-b3d7-276c7361be53,-44.6893,-19.963,2026-04-24 04:12:00+00:00,2026-04-24,NPP-375D,IGARATINGA,MINAS GERAIS,Brasil,,,,Cerrado,33,31,3130200,8,,218_074,0.7,POINT(-44.6893 -19.963)
1815298547,d9975b71-a65d-308c-b70d-5e1d4a0b63c7,-51.09441,-17.48,2026-04-24 04:12:00+00:00,2026-04-24,NPP-375D,MONTIVIDIU,GOIÁS,Brasil,,,,Cerrado,33,52,5213756,8,,223_072,1.8,POINT(-51.09441 -17.48)
1815301162,e376425e-d647-3ab6-bbc0-9fda6bc115f6,-51.08844,-17.48118,2026-04-24 04:12:00+00:00,2026-04-24,NPP-375D,MONTIVIDIU,GOIÁS,Brasil,,,,Cerrado,33,52,5213756,8,,223_072,1.4,POINT(-51.08844 -17.48118)
1815300472,d00ae81c-5768-3956-9da4-3cb4a21b3732,-52.91412,-18.27766,2026-04-24 04:12:00+00:00,2026-04-24,NPP-375D,MINEIROS,GOIÁS,Brasil,,,,Cerrado,33,52,5213103,8,,224_073,1.2,POINT(-52.91412 -18.27766)
1815301133,9b2b27a1-5c00-357b-9784-bfb95df224f7,-44.63703,-19.80011,2026-04-24 04:12:00+00:00,2026-04-24,NPP-375D,PARÁ DE MINAS,MINAS GERAIS,Brasil,,,,Mata Atlântica,33,31,3147105,8,,218_074,2.4,POINT(-44.63703 -19.80011)
1815301122,2a500a50-e14d-302c-998b-e72efc94d73e,-52.91782,-18.27686,2026-04-24 04:12:00+00:00,2026-04-24,NPP-375D,MINEIROS,GOIÁS,Brasil,,,,Cerrado,33,52,5213103,8,,224_073,1.2,POINT(-52.91782 -18.27686)
1815300309,9a913020-71fe-38d3-a444-b4e351d0e31a,-54.92049,-16.42356,2026-04-24 04:12:00+00:00,2026-04-24,NPP-375D,RONDONÓPOLIS,MATO GROSSO,Brasil,,,,Cerrado,33,51,5107602,8,,225_071,1.1,POINT(-54.92049 -16.42356)
1815298900,1c42d8dc-a006-3327-a123-77276d9e9ae3,-52.94649,-18.29439,2026-04-24 04:12:00+00:00,2026-04-24,NPP-375D,MINEIROS,GOIÁS,Brasil,,,,Cerrado,33,52,5213103,8,,224_073,2.1,POINT(-52.94649 -18.29439)
1815296909,e75124be-5fdc-3ed3-a9c1-d08429545555,-47.8891,-13.54311,2026-04-24 04:12:00+00:00,2026-04-24,NPP-375D,CAVALCANTE,GOIÁS,Brasil,,,,Cerrado,33,52,5205307,8,,221_069,0.8,POINT(-47.8891 -13.54311)
1815298648,abfe8573-4c36-32fd-a4f4-3bd3c46f6b4e,-46.6082,-17.56331,2026-04-24 04:12:00+00:00,2026-04-24,NPP-375D,VAZANTE,MINAS GERAIS,Brasil,,,,Cerrado,33,31,3171006,8,,220_072,0.7,POINT(-46.6082 -17.56331)
1815297764,3e40ef29-4323-3a6d-80dd-cfd9f0f8720a,-52.90562,-18.26866,2026-04-24 04:12:00+00:00,2026-04-24,NPP-375D,MINEIROS,GOIÁS,Brasil,,,,Cerrado,33,52,5213103,8,,224_073,1.7,POINT(-52.90562 -18.26866)
1815297807,5f4bf231-70b8-354c-8d2e-9e29e31aea08,-52.91914,-18.27724,2026-04-24 04:12:00+00:00,2026-04-24,NPP-375D,MINEIROS,GOIÁS,Brasil,,,,Cerrado,33,52,5213103,8,,224_073,1.6,POINT(-52.91914 -18.27724)
1815297811,5d6d6610-d118-3cd8-8482-c51dbcf58d91,-44.70707,-19.94895,2026-04-24 04:12:00+00:00,2026-04-24,NPP-375D,IGARATINGA,MINAS GERAIS,Brasil,,,,Cerrado,33,31,3130200,8,,218_074,0.8,POINT(-44.70707 -19.94895)
1815299589,034dc0f8-c69d-38f6-8059-cbda8e760ce2,-43.80246,-15.3292,2026-04-24 04:12:00+00:00,2026-04-24,NPP-375D,JAÍBA,MINAS GERAIS,Brasil,,,,Cerrado,33,31,3135050,8,,218_071,1.2,POINT(-43.80246 -15.3292)
1815302212,7d3274c1-d107-3d54-b89a-fc4eb391fc78,-47.88972,-13.53708,2026-04-24 04:12:00+00:00,2026-04-24,NPP-375D,CAVALCANTE,GOIÁS,Brasil,,,,Cerrado,33,52,5205307,8,,221_069,2.9,POINT(-47.88972 -13.53708)
1815299969,dc98146c-fec8-3381-a72d-95845dfd88cb,-52.89353,-18.2655,2026-04-24 04:12:00+00:00,2026-04-24,NPP-375D,MINEIROS,GOIÁS,Brasil,,,,Cerrado,33,52,5213103,8,,224_073,2.6,POINT(-52.89353 -18.2655)
1815297089,abb1bc6b-ae9a-31a3-b9db-fa73e35e5297,-43.41345,-14.89707,2026-04-24 04:12:00+00:00,2026-04-24,NPP-375D,GAMELEIRAS,MINAS GERAIS,Brasil,,,,Caatinga,33,31,3127339,8,,218_070,0.7,POINT(-43.41345 -14.89707)
1815297090,fe5c8255-2016-3d86-b681-fa48a523d08a,-47.89355,-13.53639,2026-04-24 04:12:00+00:00,2026-04-24,NPP-375D,CAVALCANTE,GOIÁS,Brasil,,,,Cerrado,33,52,5205307,8,,221_069,2.9,POINT(-47.89355 -13.53639)
1815297122,47188ce0-25c5-3a87-91eb-464e3f265674,-52.9241,-18.28192,2026-04-24 04:12:00+00:00,2026-04-24,NPP-375D,MINEIROS,GOIÁS,Brasil,,,,Cerrado,33,52,5213103,8,,224_073,1.4,POINT(-52.9241 -18.28192)
1815302172,b635358e-244a-3a52-8c48-c07253fe0128,-47.88982,-13.54744,2026-04-24 04:12:00+00:00,2026-04-24,NPP-375D,CAVALCANTE,GOIÁS,Brasil,,,,Cerrado,33,52,5205307,8,,221_069,0.8,POINT(-47.88982 -13.54744)
1815298050,be7aedda-0527-3433-aba3-c168739e5dc0,-47.89238,-13.53803,2026-04-24 04:12:00+00:00,2026-04-24,NPP-375D,CAVALCANTE,GOIÁS,Brasil,,,,Cerrado,33,52,5205307,8,,221_069,4.8,POINT(-47.89238 -13.53803)
1815299910,01ff6324-5f15-3462-9eae-2340eaf2ace6,-52.91049,-18.27335,2026-04-24 04:12:00+00:00,2026-04-24,NPP-375D,MINEIROS,GOIÁS,Brasil,,,,Cerrado,33,52,5213103,8,,224_073,1.2,POINT(-52.91049 -18.27335)
1815297154,cee1d979-60a8-3de4-bd0a-7150201f0d29,-52.9068,-18.27412,2026-04-24 04:12:00+00:00,2026-04-24,NPP-375D,MINEIROS,GOIÁS,Brasil,,,,Cerrado,33,52,5213103,8,,224_073,1.2,POINT(-52.9068 -18.27412)
1815298439,21f1f480-839b-32ad-9292-34c7b40a58a8,-54.91626,-16.43121,2026-04-24 04:12:00+00:00,2026-04-24,NPP-375D,RONDONÓPOLIS,MATO GROSSO,Brasil,,,,Cerrado,33,51,5107602,8,,225_071,1.1,POINT(-54.91626 -16.43121)
1815298972,da899199-14dc-33b3-8544-184309ef5513,-52.9502,-18.29362,2026-04-24 04:12:00+00:00,2026-04-24,NPP-375D,MINEIROS,GOIÁS,Brasil,,,,Cerrado,33,52,5213103,8,,224_073,1.5,POINT(-52.9502 -18.29362)
1815300930,2b58e9df-5be2-394b-89d4-62c55b23edd8,-52.91543,-18.27802,2026-04-24 04:12:00+00:00,2026-04-24,NPP-375D,MINEIROS,GOIÁS,Brasil,,,,Cerrado,33,52,5213103,8,,224_073,1.6,POINT(-52.91543 -18.27802)
1815298145,f1de50f6-7a31-3f7e-bc39-9b5f5ace73ef,-52.91904,-18.28231,2026-04-24 04:12:00+00:00,2026-04-24,NPP-375D,MINEIROS,GOIÁS,Brasil,,,,Cerrado,33,52,5213103,8,,224_073,1.2,POINT(-52.91904 -18.28231)
1815301617,5d0c8ff1-1774-3643-982e-e731f5a03d95,-52.88617,-18.26706,2026-04-24 04:12:00+00:00,2026-04-24,NPP-375D,MINEIROS,GOIÁS,Brasil,,,,Cerrado,33,52,5213103,8,,224_073,0.6,POINT(-52.88617 -18.26706)
1815300880,4943760a-411f-31bf-bb35-bce06cefb400,-41.98066,-18.8615,2026-04-24 04:12:00+00:00,2026-04-24,NPP-375D,GOVERNADOR VALADARES,MINAS GERAIS,Brasil,,,,Mata Atlântica,33,31,3127701,8,,217_073,1.2,POINT(-41.98066 -18.8615)
1815299341,e65c4113-1195-3a35-8174-f209001ac371,-52.94872,-18.29306,2026-04-24 04:12:00+00:00,2026-04-24,NPP-375D,MINEIROS,GOIÁS,Brasil,,,,Cerrado,33,52,5213103,8,,224_073,1.9,POINT(-52.94872 -18.29306)
1815299163,9e6d2a4a-cefd-3265-b2a9-d43739725ef1,-52.89461,-18.27098,2026-04-24 04:12:00+00:00,2026-04-24,NPP-375D,MINEIROS,GOIÁS,Brasil,,,,Cerrado,33,52,5213103,8,,224_073,2.6,POINT(-52.89461 -18.27098)
1815298229,fcd2a8bf-b062-38cd-b1c0-7b1a3fb4bdab,-52.92275,-18.28151,2026-04-24 04:12:00+00:00,2026-04-24,NPP-375D,MINEIROS,GOIÁS,Brasil,,,,Cerrado,33,52,5213103,8,,224_073,1.5,POINT(-52.92275 -18.28151)
1815298758,f5d55d00-5d6f-3d54-b41f-6fd65342e3f0,-46.83375,-17.16633,2026-04-24 04:12:00+00:00,2026-04-24,NPP-375D,PARACATU,MINAS GERAIS,Brasil,,,,Cerrado,33,31,3147006,8,,220_072,1.6,POINT(-46.83375 -17.16633)
1815298804,3422ce6e-cc87-33bd-be41-2abc3bc7beee,-51.8836,-17.2621,2026-04-24 04:12:00+00:00,2026-04-24,NPP-375D,CAIAPÔNIA,GOIÁS,Brasil,,,,Cerrado,33,52,5204409,8,,223_072,1.8,POINT(-51.8836 -17.2621)
1815300661,28643a8f-00a5-3a13-89c5-72afd9a1ae00,-52.94502,-18.29386,2026-04-24 04:12:00+00:00,2026-04-24,NPP-375D,MINEIROS,GOIÁS,Brasil,,,,Cerrado,33,52,5213103,8,,224_073,2.1,POINT(-52.94502 -18.29386)
1815301980,3edb3600-0797-3ba4-b2cf-372c9972071d,-42.46284,-14.74758,2026-04-24 04:12:00+00:00,2026-04-24,NPP-375D,JACARACI,BAHIA,Brasil,,,,Caatinga,33,29,2917409,8,,218_070,1.0,POINT(-42.46284 -14.74758)
1815300642,9e4a2b99-84e3-33d9-824e-22c2ab523aa6,-52.88363,-18.2733,2026-04-24 04:12:00+00:00,2026-04-24,NPP-375D,MINEIROS,GOIÁS,Brasil,,,,Cerrado,33,52,5213103,8,,224_073,0.6,POINT(-52.88363 -18.2733)
1815302038,3c60950c-56b9-3390-8ea8-30d2fb0a6829,-44.68999,-19.96224,2026-04-24 04:12:00+00:00,2026-04-24,NPP-375D,IGARATINGA,MINAS GERAIS,Brasil,,,,Cerrado,33,31,3130200,8,,218_074,0.4,POINT(-44.68999 -19.96224)
1815299023,dade9473-ce42-3241-8d1d-d4d5b31e060e,-52.88108,-18.27955,2026-04-24 04:12:00+00:00,2026-04-24,NPP-375D,MINEIROS,GOIÁS,Brasil,,,,Cerrado,33,52,5213103,8,,224_073,0.4,POINT(-52.88108 -18.27955)
1815297467,d7a764d8-1c64-373f-b1b5-9a8f6e75582d,-47.97465,-14.59125,2026-04-24 04:12:00+00:00,2026-04-24,NPP-375D,NIQUELÂNDIA,GOIÁS,Brasil,,,,Cerrado,33,52,5214606,8,,221_070,1.1,POINT(-47.97465 -14.59125)
1815298311,1b8e9988-7aef-38e5-af96-b16d5143387e,-52.92038,-18.2827,2026-04-24 04:12:00+00:00,2026-04-24,NPP-375D,MINEIROS,GOIÁS,Brasil,,,,Cerrado,33,52,5213103,8,,224_073,1.0,POINT(-52.92038 -18.2827)
1815302140,9f251f75-32b6-3149-95bc-edb8c5b22622,-44.75377,-17.53106,2026-04-24 04:12:00+00:00,2026-04-24,NPP-375D,VÁRZEA DA PALMA,MINAS GERAIS,Brasil,,,,Cerrado,33,31,3170800,8,,219_072,5.5,POINT(-44.75377 -17.53106)
1815300005,e6b02f9e-822d-343d-9e73-878d63955bbd,-48.61271,-21.21783,2026-04-24 04:14:00+00:00,2026-04-24,NPP-375D,MONTE ALTO,SÃO PAULO,Brasil,,,,Mata Atlântica,33,35,3531308,8,,221_075,1.1,POINT(-48.61271 -21.21783)
1815299566,7fcd056a-3f48-3768-9555-3c674780cac8,-44.2086,-21.20568,2026-04-24 04:14:00+00:00,2026-04-24,NPP-375D,SÃO JOÃO DEL REI,MINAS GERAIS,Brasil,,,,Mata Atlântica,33,31,3162500,8,,218_075,1.1,POINT(-44.2086 -21.20568)
1815302294,0d6eec8a-66d9-37bb-8c6b-16193652aaa4,-46.86335,-20.16306,2026-04-24 04:14:00+00:00,2026-04-24,NPP-375D,SÃO ROQUE DE MINAS,MINAS GERAIS,Brasil,,,,Cerrado,33,31,3164308,8,,220_074,2.8,POINT(-46.86335 -20.16306)
1815302308,cdf433bc-5c39-3144-b6ab-1843b90b6fad,-46.93129,-20.17361,2026-04-24 04:14:00+00:00,2026-04-24,NPP-375D,DELFINÓPOLIS,MINAS GERAIS,Brasil,,,,Cerrado,33,31,3121209,8,,220_074,0.7,POINT(-46.93129 -20.17361)
1815298461,9e860108-dfbe-30ca-a811-8392df8e5e49,-46.88745,-20.18904,2026-04-24 04:14:00+00:00,2026-04-24,NPP-375D,SÃO ROQUE DE MINAS,MINAS GERAIS,Brasil,,,,Cerrado,33,31,3164308,8,,220_074,1.8,POINT(-46.88745 -20.18904)
1815302339,9dd00874-080b-3383-aee7-9e1363b915b4,-46.88669,-20.18538,2026-04-24 04:14:00+00:00,2026-04-24,NPP-375D,SÃO ROQUE DE MINAS,MINAS GERAIS,Brasil,,,,Cerrado,33,31,3164308,8,,220_074,1.9,POINT(-46.88669 -20.18538)
1815298465,b4479209-a479-37e2-b699-3d74fac171b2,-48.80463,-22.93314,2026-04-24 04:14:00+00:00,2026-04-24,NPP-375D,BOTUCATU,SÃO PAULO,Brasil,,,,Cerrado,33,35,3507506,8,,221_076,1.0,POINT(-48.80463 -22.93314)
1815299532,8fd6e12a-27de-36a4-b9d0-975616646ade,-46.80637,-20.20727,2026-04-24 04:14:00+00:00,2026-04-24,NPP-375D,DELFINÓPOLIS,MINAS GERAIS,Brasil,,,,Cerrado,33,31,3121209,8,,220_074,1.6,POINT(-46.80637 -20.20727)
1815298516,68455f15-9ede-3975-9dfd-6ed6fe5cfb8f,-48.43593,-21.69725,2026-04-24 04:14:00+00:00,2026-04-24,NPP-375D,MATÃO,SÃO PAULO,Brasil,,,,Cerrado,33,35,3529302,8,,220_075,3.8,POINT(-48.43593 -21.69725)
1815301671,11e36edc-849a-32c5-b242-df93e905034e,-46.81246,-20.21373,2026-04-24 04:14:00+00:00,2026-04-24,NPP-375D,DELFINÓPOLIS,MINAS GERAIS,Brasil,,,,Cerrado,33,31,3121209,8,,220_074,1.2,POINT(-46.81246 -20.21373)
1815299475,ce07ee2d-5374-3f69-a540-08cd0402e172,-46.77672,-20.24978,2026-04-24 04:14:00+00:00,2026-04-24,NPP-375D,SÃO ROQUE DE MINAS,MINAS GERAIS,Brasil,,,,Cerrado,33,31,3164308,8,,220_074,1.3,POINT(-46.77672 -20.24978)
1815299374,177a7a5f-bcb7-3195-b025-0dec7485b65b,-46.88078,-20.20159,2026-04-24 04:14:00+00:00,2026-04-24,NPP-375D,DELFINÓPOLIS,MINAS GERAIS,Brasil,,,,Cerrado,33,31,3121209,8,,220_074,2.2,POINT(-46.88078 -20.20159)
1815298706,14f85b60-ac9e-3e41-b676-772d831dae28,-56.06092,-19.09728,2026-04-24 04:14:00+00:00,2026-04-24,NPP-375D,CORUMBÁ,MATO GROSSO DO SUL,Brasil,,,,Pantanal,33,50,5003207,8,,226_073,1.1,POINT(-56.06092 -19.09728)
1815298756,27a6b4a8-f8de-3bf1-b461-b19908f48d3c,-46.7307,-20.19441,2026-04-24 04:14:00+00:00,2026-04-24,NPP-375D,SÃO ROQUE DE MINAS,MINAS GERAIS,Brasil,,,,Cerrado,33,31,3164308,8,,220_074,1.3,POINT(-46.7307 -20.19441)
1815301572,359019f2-d949-36e0-bbb2-fc4a06c61080,-46.80554,-20.17723,2026-04-24 04:14:00+00:00,2026-04-24,NPP-375D,SÃO ROQUE DE MINAS,MINAS GERAIS,Brasil,,,,Cerrado,33,31,3164308,8,,220_074,0.7,POINT(-46.80554 -20.17723)
1815301532,50c23a03-5a37-3a2f-ac40-c4535f0d3ba7,-46.98307,-21.85401,2026-04-24 04:14:00+00:00,2026-04-24,NPP-375D,VARGEM GRANDE DO SUL,SÃO PAULO,Brasil,,,,Cerrado,33,35,3556404,8,,219_075,0.8,POINT(-46.98307 -21.85401)
1815301521,f36ce5b9-6440-37ce-877f-a766f15a4e3e,-46.81709,-20.21291,2026-04-24 04:14:00+00:00,2026-04-24,NPP-375D,DELFINÓPOLIS,MINAS GERAIS,Brasil,,,,Cerrado,33,31,3121209,8,,220_074,1.2,POINT(-46.81709 -20.21291)
1815301344,1dd2f95b-6753-32ee-9705-cd57200f550a,-46.77384,-20.2507,2026-04-24 04:14:00+00:00,2026-04-24,NPP-375D,SÃO ROQUE DE MINAS,MINAS GERAIS,Brasil,,,,Cerrado,33,31,3164308,8,,220_074,1.0,POINT(-46.77384 -20.2507)
1815301340,f2ed70d1-f778-3aa9-b8e9-6f41a96230e1,-41.32624,-21.65939,2026-04-24 04:14:00+00:00,2026-04-24,NPP-375D,CAMPOS DOS GOYTACAZES,RIO DE JANEIRO,Brasil,,,,Mata Atlântica,33,33,3301009,8,,216_075,1.3,POINT(-41.32624 -21.65939)
1815296903,df390d1b-fc45-3f67-9187-0b0f7c278f43,-56.06708,-19.09715,2026-04-24 04:14:00+00:00,2026-04-24,NPP-375D,CORUMBÁ,MATO GROSSO DO SUL,Brasil,,,,Pantanal,33,50,5003207,8,,226_073,0.8,POINT(-56.06708 -19.09715)
1815301032,83ca0a6e-7b74-31b4-bd72-f7d7258d0b40,-46.75443,-20.19769,2026-04-24 04:14:00+00:00,2026-04-24,NPP-375D,SÃO ROQUE DE MINAS,MINAS GERAIS,Brasil,,,,Cerrado,33,31,3164308,8,,220_074,0.4,POINT(-46.75443 -20.19769)
1815301013,5c3c2348-add0-33ee-aecf-7ca5617a785d,-48.47816,-21.45192,2026-04-24 04:14:00+00:00,2026-04-24,NPP-375D,TAQUARITINGA,SÃO PAULO,Brasil,,,,Cerrado,33,35,3553708,8,,221_075,0.6,POINT(-48.47816 -21.45192)
1815300971,7149f04c-4a81-3013-9a44-00c3561c20dd,-56.61737,-19.45303,2026-04-24 04:14:00+00:00,2026-04-24,NPP-375D,CORUMBÁ,MATO GROSSO DO SUL,Brasil,,,,Pantanal,33,50,5003207,8,,226_073,2.0,POINT(-56.61737 -19.45303)
1815297043,c5d3079a-1662-3af3-bbc2-417fd42192fb,-48.43767,-21.69679,2026-04-24 04:14:00+00:00,2026-04-24,NPP-375D,MATÃO,SÃO PAULO,Brasil,,,,Cerrado,33,35,3529302,8,,220_075,4.7,POINT(-48.43767 -21.69679)
1815300943,de371328-f387-3e9b-925a-5f77c0c3c73e,-41.93457,-21.58657,2026-04-24 04:14:00+00:00,2026-04-24,NPP-375D,CAMBUCI,RIO DE JANEIRO,Brasil,,,,Mata Atlântica,33,33,3300902,8,,216_075,0.7,POINT(-41.93457 -21.58657)
1815298973,6238f18c-358d-3631-a004-84da69a41a33,-46.8798,-20.19798,2026-04-24 04:14:00+00:00,2026-04-24,NPP-375D,DELFINÓPOLIS,MINAS GERAIS,Brasil,,,,Cerrado,33,31,3121209,8,,220_074,2.2,POINT(-46.8798 -20.19798)
1815297158,487b42d7-ea28-39c7-8329-6cc3b8a94b59,-46.92363,-20.19777,2026-04-24 04:14:00+00:00,2026-04-24,NPP-375D,DELFINÓPOLIS,MINAS GERAIS,Brasil,,,,Cerrado,33,31,3121209,8,,220_074,1.2,POINT(-46.92363 -20.19777)
1815297326,4aad89e8-e43e-343a-b0f4-ee67129f7474,-46.88616,-20.20442,2026-04-24 04:14:00+00:00,2026-04-24,NPP-375D,DELFINÓPOLIS,MINAS GERAIS,Brasil,,,,Cerrado,33,31,3121209,8,,220_074,0.8,POINT(-46.88616 -20.20442)
1815298987,bd74bf9e-145b-3920-886b-cf55deadf721,-46.79903,-20.17085,2026-04-24 04:14:00+00:00,2026-04-24,NPP-375D,SÃO ROQUE DE MINAS,MINAS GERAIS,Brasil,,,,Cerrado,33,31,3164308,8,,220_074,0.5,POINT(-46.79903 -20.17085)
1815300752,eda157f7-51af-340a-9677-53ad7bce2ec5,-48.96126,-20.67573,2026-04-24 04:14:00+00:00,2026-04-24,NPP-375D,OLÍMPIA,SÃO PAULO,Brasil,,,,Mata Atlântica,33,35,3533908,8,,221_074,1.0,POINT(-48.96126 -20.67573)
1815300747,4669ae1b-6535-39e1-86b6-4ee5b6230205,-48.43747,-23.03866,2026-04-24 04:14:00+00:00,2026-04-24,NPP-375D,BOTUCATU,SÃO PAULO,Brasil,,,,Cerrado,33,35,3507506,8,,220_076,0.9,POINT(-48.43747 -23.03866)
1815300741,783cbf44-646d-31a0-a3de-e4194b042956,-56.06141,-19.09846,2026-04-24 04:14:00+00:00,2026-04-24,NPP-375D,CORUMBÁ,MATO GROSSO DO SUL,Brasil,,,,Pantanal,33,50,5003207,8,,226_073,0.8,POINT(-56.06141 -19.09846)
1815300627,c7bab65b-5e8c-3b99-b775-4898b1b20071,-49.29721,-22.83749,2026-04-24 04:14:00+00:00,2026-04-24,NPP-375D,ÁGUAS DE SANTA BÁRBARA,SÃO PAULO,Brasil,,,,Cerrado,33,35,3500550,8,,221_076,0.6,POINT(-49.29721 -22.83749)
1815297538,ced337a8-7cca-3ac7-afdd-8b919f5808f0,-46.85684,-20.15666,2026-04-24 04:14:00+00:00,2026-04-24,NPP-375D,SÃO ROQUE DE MINAS,MINAS GERAIS,Brasil,,,,Cerrado,33,31,3164308,8,,220_074,0.7,POINT(-46.85684 -20.15666)
1815300549,3e73210c-a3af-346e-905e-2c460260dc84,-46.77298,-20.24709,2026-04-24 04:14:00+00:00,2026-04-24,NPP-375D,SÃO ROQUE DE MINAS,MINAS GERAIS,Brasil,,,,Cerrado,33,31,3164308,8,,220_074,1.0,POINT(-46.77298 -20.24709)
1815297563,1cc2ffbd-f6ec-338b-ac43-009ac0cc0d0b,-50.12516,-25.65063,2026-04-24 04:14:00+00:00,2026-04-24,NPP-375D,SÃO JOÃO DO TRIUNFO,PARANÁ,Brasil,,,,Mata Atlântica,33,41,4125100,8,,221_078,1.3,POINT(-50.12516 -25.65063)
1815297622,52e7e96c-936c-3d96-90a7-a6d2007ddc06,-46.81163,-20.2101,2026-04-24 04:14:00+00:00,2026-04-24,NPP-375D,DELFINÓPOLIS,MINAS GERAIS,Brasil,,,,Cerrado,33,31,3121209,8,,220_074,1.2,POINT(-46.81163 -20.2101)
1815297624,e842b59b-9174-345e-8339-1b11033b1ef2,-43.46149,-22.74538,2026-04-24 04:14:00+00:00,2026-04-24,NPP-375D,NOVA IGUAÇU,RIO DE JANEIRO,Brasil,,,,Mata Atlântica,33,33,3303500,8,,217_076,1.0,POINT(-43.46149 -22.74538)
1815300403,a9e3bfaf-f57a-3726-96ea-815fc6b8f5db,-50.12247,-25.65534,2026-04-24 04:14:00+00:00,2026-04-24,NPP-375D,SÃO JOÃO DO TRIUNFO,PARANÁ,Brasil,,,,Mata Atlântica,33,41,4125100,8,,221_078,1.1,POINT(-50.12247 -25.65534)
1815297655,4b014d7d-af1f-39fb-b1a0-32513057cfc8,-56.62165,-19.44501,2026-04-24 04:14:00+00:00,2026-04-24,NPP-375D,CORUMBÁ,MATO GROSSO DO SUL,Brasil,,,,Pantanal,33,50,5003207,8,,226_073,2.0,POINT(-56.62165 -19.44501)
1815297693,fa3c6c63-73bd-3868-bd79-e560bf987d62,-46.9271,-20.19335,2026-04-24 04:14:00+00:00,2026-04-24,NPP-375D,DELFINÓPOLIS,MINAS GERAIS,Brasil,,,,Cerrado,33,31,3121209,8,,220_074,0.8,POINT(-46.9271 -20.19335)
1815297705,cfb34f10-1991-33df-bd28-abb8ef785997,-48.96511,-20.675,2026-04-24 04:14:00+00:00,2026-04-24,NPP-375D,OLÍMPIA,SÃO PAULO,Brasil,,,,Mata Atlântica,33,35,3533908,8,,221_074,1.4,POINT(-48.96511 -20.675)
1815300159,e6704822-d168-339d-9046-ae49d1e9821d,-46.80706,-20.21091,2026-04-24 04:14:00+00:00,2026-04-24,NPP-375D,DELFINÓPOLIS,MINAS GERAIS,Brasil,,,,Cerrado,33,31,3121209,8,,220_074,1.0,POINT(-46.80706 -20.21091)
1815300065,ae4131d4-adcd-3151-a399-e21a750dfbcd,-46.8019,-20.20806,2026-04-24 04:14:00+00:00,2026-04-24,NPP-375D,SÃO ROQUE DE MINAS,MINAS GERAIS,Brasil,,,,Cerrado,33,31,3164308,8,,220_074,1.6,POINT(-46.8019 -20.20806)
1815300063,2846f225-3261-32f8-a3d7-7595b161c9f5,-47.17167,-22.94051,2026-04-24 04:14:00+00:00,2026-04-24,NPP-375D,CAMPINAS,SÃO PAULO,Brasil,,,,Mata Atlântica,33,35,3509502,8,,219_076,0.5,POINT(-47.17167 -22.94051)
1815298891,7cc32d88-9677-3c90-8896-03341aae7552,-46.75818,-20.23842,2026-04-24 04:14:00+00:00,2026-04-24,NPP-375D,SÃO ROQUE DE MINAS,MINAS GERAIS,Brasil,,,,Cerrado,33,31,3164308,8,,220_074,1.5,POINT(-46.75818 -20.23842)
1815298881,9083f23a-b25e-3cc9-b414-0cef804b2208,-44.20799,-21.20234,2026-04-24 04:14:00+00:00,2026-04-24,NPP-375D,SÃO JOÃO DEL REI,MINAS GERAIS,Brasil,,,,Mata Atlântica,33,31,3162500,8,,218_075,1.1,POINT(-44.20799 -21.20234)
1815297884,496c8f57-9801-3acf-a38e-a47c58be8a03,-46.85788,-20.16026,2026-04-24 04:14:00+00:00,2026-04-24,NPP-375D,SÃO ROQUE DE MINAS,MINAS GERAIS,Brasil,,,,Cerrado,33,31,3164308,8,,220_074,0.7,POINT(-46.85788 -20.16026)
1815297929,7372838d-3647-3302-9512-22546246378c,-46.79443,-20.17168,2026-04-24 04:14:00+00:00,2026-04-24,NPP-375D,SÃO ROQUE DE MINAS,MINAS GERAIS,Brasil,,,,Cerrado,33,31,3164308,8,,220_074,0.5,POINT(-46.79443 -20.17168)
1815299962,55efa404-adcd-3a03-84fd-e072fdb16b6d,-50.12623,-25.6546,2026-04-24 04:14:00+00:00,2026-04-24,NPP-375D,SÃO JOÃO DO TRIUNFO,PARANÁ,Brasil,,,,Mata Atlântica,33,41,4125100,8,,221_078,1.3,POINT(-50.12623 -25.6546)
1815298005,3db2079f-5bf2-388a-94b9-8c0fbfef268a,-46.7298,-20.19081,2026-04-24 04:14:00+00:00,2026-04-24,NPP-375D,SÃO ROQUE DE MINAS,MINAS GERAIS,Brasil,,,,Cerrado,33,31,3164308,8,,220_074,0.8,POINT(-46.7298 -20.19081)
1815298035,aba1801c-94cf-3fe9-b43f-162599141060,-46.7289,-20.18721,2026-04-24 04:14:00+00:00,2026-04-24,NPP-375D,SÃO ROQUE DE MINAS,MINAS GERAIS,Brasil,,,,Cerrado,33,31,3164308,8,,220_074,0.8,POINT(-46.7289 -20.18721)
1815298044,5b1ad9a5-f8fc-33b5-bc46-055c04025a91,-46.85886,-20.16387,2026-04-24 04:14:00+00:00,2026-04-24,NPP-375D,SÃO ROQUE DE MINAS,MINAS GERAIS,Brasil,,,,Cerrado,33,31,3164308,8,,220_074,2.8,POINT(-46.85886 -20.16387)
1815299859,367772ee-41b8-3fc0-b9db-e579cb652b6d,-46.7657,-20.18814,2026-04-24 04:14:00+00:00,2026-04-24,NPP-375D,SÃO ROQUE DE MINAS,MINAS GERAIS,Brasil,,,,Cerrado,33,31,3164308,8,,220_074,1.2,POINT(-46.7657 -20.18814)
1815298109,ce0a7109-7127-35ae-aefd-082e56437b0f,-48.80629,-22.93267,2026-04-24 04:14:00+00:00,2026-04-24,NPP-375D,BOTUCATU,SÃO PAULO,Brasil,,,,Cerrado,33,35,3507506,8,,221_076,1.0,POINT(-48.80629 -22.93267)
1815299057,73d40d20-ec45-3a21-9d0c-6f743b1664fd,-48.43069,-21.69822,2026-04-24 04:14:00+00:00,2026-04-24,NPP-375D,MATÃO,SÃO PAULO,Brasil,,,,Cerrado,33,35,3529302,8,,220_075,1.9,POINT(-48.43069 -21.69822)
1815301743,c04a3d3f-21ff-393c-8f60-105523c81a08,-48.42726,-21.69877,2026-04-24 04:14:00+00:00,2026-04-24,NPP-375D,MATÃO,SÃO PAULO,Brasil,,,,Cerrado,33,35,3529302,8,,220_075,1.3,POINT(-48.42726 -21.69877)
1815299844,f661f366-40f4-3add-9dce-6e22e195df9e,-47.16653,-22.93772,2026-04-24 04:14:00+00:00,2026-04-24,NPP-375D,CAMPINAS,SÃO PAULO,Brasil,,,,Mata Atlântica,33,35,3509502,8,,219_076,1.3,POINT(-47.16653 -22.93772)
1815299123,508f43c7-322c-37ab-9d3a-ccc87c2357d1,-50.40484,-26.79948,2026-04-24 04:14:00+00:00,2026-04-24,NPP-375D,SANTA CECÍLIA,SANTA CATARINA,Brasil,,,,Mata Atlântica,33,42,4215505,8,,221_079,1.6,POINT(-50.40484 -26.79948)
1815298153,a36cb556-6d42-38be-b6ff-e092e9a8cd12,-41.93182,-21.58768,2026-04-24 04:14:00+00:00,2026-04-24,NPP-375D,CAMBUCI,RIO DE JANEIRO,Brasil,,,,Mata Atlântica,33,33,3300902,8,,216_075,0.7,POINT(-41.93182 -21.58768)
1815298168,b488923b-4317-3e7d-a591-c618c5ae0db0,-46.75728,-20.23481,2026-04-24 04:14:00+00:00,2026-04-24,NPP-375D,SÃO ROQUE DE MINAS,MINAS GERAIS,Brasil,,,,Cerrado,33,31,3164308,8,,220_074,1.5,POINT(-46.75728 -20.23481)
1815301723,18785223-021d-3059-9e03-0e6c567a3790,-46.77218,-20.24346,2026-04-24 04:14:00+00:00,2026-04-24,NPP-375D,SÃO ROQUE DE MINAS,MINAS GERAIS,Brasil,,,,Cerrado,33,31,3164308,8,,220_074,1.6,POINT(-46.77218 -20.24346)
1815299841,34c727ff-c357-3a4e-a2c0-14795bcb16ab,-52.69527,-22.96785,2026-04-24 04:14:00+00:00,2026-04-24,NPP-375D,GUAIRAÇÁ,PARANÁ,Brasil,,,,Mata Atlântica,33,41,4108908,8,,223_076,4.1,POINT(-52.69527 -22.96785)
1815299824,4facb6d0-1766-3811-9728-6280e1d7fb70,-46.75348,-20.1941,2026-04-24 04:14:00+00:00,2026-04-24,NPP-375D,SÃO ROQUE DE MINAS,MINAS GERAIS,Brasil,,,,Cerrado,33,31,3164308,8,,220_074,2.6,POINT(-46.75348 -20.1941)
1815301798,d3be4788-b40a-396b-abf9-bf78d8c960c5,-56.06657,-19.09593,2026-04-24 04:14:00+00:00,2026-04-24,NPP-375D,CORUMBÁ,MATO GROSSO DO SUL,Brasil,,,,Pantanal,33,50,5003207,8,,226_073,1.0,POINT(-56.06657 -19.09593)
1815301911,2028c4c6-476d-394e-b103-0e6059e2f186,-46.76515,-20.22966,2026-04-24 04:14:00+00:00,2026-04-24,NPP-375D,SÃO ROQUE DE MINAS,MINAS GERAIS,Brasil,,,,Cerrado,33,31,3164308,8,,220_074,1.5,POINT(-46.76515 -20.22966)
1815299768,1fc5e030-3c41-3a62-8244-2c614b95d4ff,-42.2106,-22.55246,2026-04-24 04:14:00+00:00,2026-04-24,NPP-375D,SILVA JARDIM,RIO DE JANEIRO,Brasil,,,,Mata Atlântica,33,33,3305604,8,,216_076,0.9,POINT(-42.2106 -22.55246)
1815301983,08b4b9b6-8911-3598-8614-90f57e17b7e1,-46.75892,-20.24205,2026-04-24 04:14:00+00:00,2026-04-24,NPP-375D,SÃO ROQUE DE MINAS,MINAS GERAIS,Brasil,,,,Cerrado,33,31,3164308,8,,220_074,2.4,POINT(-46.75892 -20.24205)
1815298295,e7a8b2be-a873-3c3d-b1dd-2e6ee2d4e8f1,-47.63061,-23.54009,2026-04-24 04:14:00+00:00,2026-04-24,NPP-375D,ARAÇOIABA DA SERRA,SÃO PAULO,Brasil,,,,Mata Atlântica,33,35,3502903,8,,220_076,0.8,POINT(-47.63061 -23.54009)
1815301694,168932f1-c4db-3885-bbaa-9a2d9de06393,-40.8217,-20.91625,2026-04-24 04:14:00+00:00,2026-04-24,NPP-375D,ITAPEMIRIM,ESPÍRITO SANTO,Brasil,,,,Mata Atlântica,33,32,3202801,8,,216_074,0.5,POINT(-40.8217 -20.91625)
1815298319,9c151499-4886-3231-a811-3dde2d5bff16,-56.62345,-19.45158,2026-04-24 04:14:00+00:00,2026-04-24,NPP-375D,CORUMBÁ,MATO GROSSO DO SUL,Brasil,,,,Pantanal,33,50,5003207,8,,226_073,2.0,POINT(-56.62345 -19.45158)
1815299190,3acbe356-7c29-3d2c-9c8f-f5fc9d25fff7,-46.8108,-20.20648,2026-04-24 04:14:00+00:00,2026-04-24,NPP-375D,DELFINÓPOLIS,MINAS GERAIS,Brasil,,,,Cerrado,33,31,3121209,8,,220_074,0.5,POINT(-46.8108 -20.20648)
1815299662,2ddec880-1de0-3e7f-bc54-50f7ace1bb8d,-46.86791,-20.16224,2026-04-24 04:14:00+00:00,2026-04-24,NPP-375D,SÃO ROQUE DE MINAS,MINAS GERAIS,Brasil,,,,Cerrado,33,31,3164308,8,,220_074,19.1,POINT(-46.86791 -20.16224)
1815302099,0219dad2-ae9b-306e-b471-b78f82b4b469,-51.21901,-26.74448,2026-04-24 04:14:00+00:00,2026-04-24,NPP-375D,CAÇADOR,SANTA CATARINA,Brasil,,,,Mata Atlântica,33,42,4203006,8,,221_079,0.6,POINT(-51.21901 -26.74448)
1815299670,e3552e60-54e1-3c7b-bdcc-81dcdf621b36,-51.39631,-27.49885,2026-04-24 04:17:00+00:00,2026-04-24,NPP-375D,CAMPOS NOVOS,SANTA CATARINA,Brasil,,,,Mata Atlântica,33,42,4203600,8,,221_079,1.1,POINT(-51.39631 -27.49885)
1815298045,fe8be63e-ec41-363b-8541-d8653c5383d2,-51.40052,-27.49799,2026-04-24 04:17:00+00:00,2026-04-24,NPP-375D,CAMPOS NOVOS,SANTA CATARINA,Brasil,,,,Mata Atlântica,33,42,4203600,8,,221_079,1.6,POINT(-51.40052 -27.49799)
1815302179,f04d004a-ca56-38dc-979b-b9bb1732f3fa,-51.06168,-27.94806,2026-04-24 04:17:00+00:00,2026-04-24,NPP-375D,ESMERALDA,RIO GRANDE DO SUL,Brasil,,,,Mata Atlântica,33,43,4307401,8,,221_079,1.2,POINT(-51.06168 -27.94806)
1815300200,13e45d37-1a7e-3962-9c67-139c0c99d2ff,-58.08451,-11.93925,2026-04-24 04:29:00+00:00,2026-04-24,NOAA-20,BRASNORTE,MATO GROSSO,Brasil,,,,Amazônia,33,51,5101902,8,,228_068,0.7,POINT(-58.08451 -11.93925)
1815297041,4f071aa9-4a8b-3ced-be2b-aef7e6dc82bc,-54.56298,-11.57029,2026-04-24 04:29:00+00:00,2026-04-24,NOAA-20,UNIÃO DO SUL,MATO GROSSO,Brasil,,,,Amazônia,33,51,5108303,8,,226_068,1.0,POINT(-54.56298 -11.57029)
1815297123,19e8cb9e-81da-3883-ba12-ad13d99a8a40,-54.61067,-12.54859,2026-04-24 04:29:00+00:00,2026-04-24,NOAA-20,NOVA UBIRATÃ,MATO GROSSO,Brasil,,,,Amazônia,33,51,5106240,8,,226_069,1.2,POINT(-54.61067 -12.54859)
1815297179,69d453c0-8982-316e-999e-205a1b5334b1,-54.68098,-12.98425,2026-04-24 04:29:00+00:00,2026-04-24,NOAA-20,NOVA UBIRATÃ,MATO GROSSO,Brasil,,,,Amazônia,33,51,5106240,8,,226_069,3.4,POINT(-54.68098 -12.98425)
1815297376,e499f658-b48d-35d0-b369-88712e0deb3d,-54.0191,-11.3002,2026-04-24 04:29:00+00:00,2026-04-24,NOAA-20,UNIÃO DO SUL,MATO GROSSO,Brasil,,,,Amazônia,33,51,5108303,8,,226_068,1.0,POINT(-54.0191 -11.3002)
1815297379,970ccc96-a793-3ced-ab4c-bfc2073205b0,-54.6856,-12.98339,2026-04-24 04:29:00+00:00,2026-04-24,NOAA-20,NOVA UBIRATÃ,MATO GROSSO,Brasil,,,,Amazônia,33,51,5106240,8,,226_069,2.3,POINT(-54.6856 -12.98339)
1815297463,f50a5727-d2b7-3616-8e3e-e7dbefe06c22,-47.89672,-13.54895,2026-04-24 04:29:00+00:00,2026-04-24,NOAA-20,CAVALCANTE,GOIÁS,Brasil,,,,Cerrado,33,52,5205307,8,,221_069,1.0,POINT(-47.89672 -13.54895)
1815297530,7879a240-fd8f-36da-9f31-41d378871d44,-45.31644,-13.38236,2026-04-24 04:29:00+00:00,2026-04-24,NOAA-20,CORRENTINA,BAHIA,Brasil,,,,Cerrado,33,29,2909307,8,,220_069,0.7,POINT(-45.31644 -13.38236)
1815297792,98f0cc4d-38d9-39b3-88c6-24003812f873,-45.31191,-13.37945,2026-04-24 04:29:00+00:00,2026-04-24,NOAA-20,CORRENTINA,BAHIA,Brasil,,,,Cerrado,33,29,2909307,8,,220_069,0.7,POINT(-45.31191 -13.37945)
1815297852,5123fef5-349b-3eda-bbaa-7d951e13dd02,-45.3159,-13.37885,2026-04-24 04:29:00+00:00,2026-04-24,NOAA-20,CORRENTINA,BAHIA,Brasil,,,,Cerrado,33,29,2909307,8,,220_069,0.7,POINT(-45.3159 -13.37885)
1815298110,027abb8d-564b-38f9-a3fe-ca77599a78de,-44.52854,-12.65474,2026-04-24 04:29:00+00:00,2026-04-24,NOAA-20,BAIANÓPOLIS,BAHIA,Brasil,,,,Cerrado,33,29,2902500,8,,219_069,2.1,POINT(-44.52854 -12.65474)
1815298147,7b90b5f2-8807-3496-be79-0255c803b24b,-44.5272,-12.65619,2026-04-24 04:29:00+00:00,2026-04-24,NOAA-20,BAIANÓPOLIS,BAHIA,Brasil,,,,Cerrado,33,29,2902500,8,,219_069,2.6,POINT(-44.5272 -12.65619)
1815298227,df52c653-fec9-3f73-a5ab-dec8ad9b73bd,-48.91411,-13.49183,2026-04-24 04:29:00+00:00,2026-04-24,NOAA-20,SANTA TEREZA DE GOIÁS,GOIÁS,Brasil,,,,Cerrado,33,52,5219605,8,,222_069,0.7,POINT(-48.91411 -13.49183)
1815298248,58deba0e-fd87-34ac-b20d-97dab3dbe8e5,-51.22516,-12.08948,2026-04-24 04:29:00+00:00,2026-04-24,NOAA-20,SERRA NOVA DOURADA,MATO GROSSO,Brasil,,,,Cerrado,33,51,5107883,8,,224_068,1.0,POINT(-51.22516 -12.08948)
1815298401,673c88df-471b-3aa8-9977-6c5fb0af0d86,-55.01653,-11.85046,2026-04-24 04:29:00+00:00,2026-04-24,NOAA-20,SANTA CARMEM,MATO GROSSO,Brasil,,,,Amazônia,33,51,5107248,8,,226_068,1.4,POINT(-55.01653 -11.85046)
1815298485,522018a7-3f93-3a83-9a96-b79844ba3c38,-47.23393,-14.34159,2026-04-24 04:29:00+00:00,2026-04-24,NOAA-20,SÃO JOÃO D'ALIANÇA,GOIÁS,Brasil,,,,Cerrado,33,52,5220009,8,,221_070,0.7,POINT(-47.23393 -14.34159)
1815298769,f5bb8095-6140-3c24-a1e0-6055590ed741,-45.31137,-13.37594,2026-04-24 04:29:00+00:00,2026-04-24,NOAA-20,CORRENTINA,BAHIA,Brasil,,,,Cerrado,33,29,2909307,8,,220_069,1.1,POINT(-45.31137 -13.37594)
1815299148,aa583aa1-99c4-323b-8adb-7ca25170d1b7,-58.07018,-11.91228,2026-04-24 04:29:00+00:00,2026-04-24,NOAA-20,BRASNORTE,MATO GROSSO,Brasil,,,,Amazônia,33,51,5101902,8,,228_068,1.4,POINT(-58.07018 -11.91228)
1815299221,34a09f5d-0912-380d-8c01-dc3004e76af0,-58.08044,-11.94004,2026-04-24 04:29:00+00:00,2026-04-24,NOAA-20,BRASNORTE,MATO GROSSO,Brasil,,,,Amazônia,33,51,5101902,8,,228_068,0.7,POINT(-58.08044 -11.94004)
1815299427,16e73cdb-e0fc-3072-82bd-b42be66b1096,-44.62537,-12.2787,2026-04-24 04:29:00+00:00,2026-04-24,NOAA-20,CATOLÂNDIA,BAHIA,Brasil,,,,Cerrado,33,29,2907400,8,,219_069,1.0,POINT(-44.62537 -12.2787)
1815299500,fc842332-8c69-3ab4-899f-0be43883db2d,-51.23024,-12.09241,2026-04-24 04:29:00+00:00,2026-04-24,NOAA-20,SERRA NOVA DOURADA,MATO GROSSO,Brasil,,,,Cerrado,33,51,5107883,8,,224_068,2.0,POINT(-51.23024 -12.09241)
1815299633,4e9e0ea4-37a3-351c-b2e9-aef372005415,-45.30792,-13.38004,2026-04-24 04:29:00+00:00,2026-04-24,NOAA-20,CORRENTINA,BAHIA,Brasil,,,,Cerrado,33,29,2909307,8,,220_069,0.8,POINT(-45.30792 -13.38004)
1815299726,b3170d10-47fe-35a5-bfc6-d8e68fe0d4ee,-42.46196,-14.74795,2026-04-24 04:29:00+00:00,2026-04-24,NOAA-20,JACARACI,BAHIA,Brasil,,,,Caatinga,33,29,2917409,8,,218_070,1.2,POINT(-42.46196 -14.74795)
1815299934,ab065452-4e30-3ec9-81e2-c5ac1e3d4463,-49.43042,-10.97648,2026-04-24 04:29:00+00:00,2026-04-24,NOAA-20,SANTA RITA DO TOCANTINS,TOCANTINS,Brasil,,,,Cerrado,33,17,1718899,8,,223_068,1.6,POINT(-49.43042 -10.97648)
1815300028,4fa27039-7e0f-3d06-a5f5-707db0f6f9d9,-47.88911,-13.54675,2026-04-24 04:29:00+00:00,2026-04-24,NOAA-20,CAVALCANTE,GOIÁS,Brasil,,,,Cerrado,33,52,5205307,8,,221_069,1.0,POINT(-47.88911 -13.54675)
1815300406,b5128c9d-c38f-315f-a293-f0771c0c0127,-52.56526,-11.64396,2026-04-24 04:29:00+00:00,2026-04-24,NOAA-20,SÃO FÉLIX DO ARAGUAIA,MATO GROSSO,Brasil,,,,Amazônia,33,51,5107859,8,,225_068,1.9,POINT(-52.56526 -11.64396)
1815300952,68f2a944-4cb3-38a5-b5c8-bc948e549c22,-47.97047,-14.5934,2026-04-24 04:29:00+00:00,2026-04-24,NOAA-20,NIQUELÂNDIA,GOIÁS,Brasil,,,,Cerrado,33,52,5214606,8,,221_070,2.4,POINT(-47.97047 -14.5934)
1815301057,810a9e7d-0455-3273-88b4-fabd2e0c84db,-46.65187,-9.23202,2026-04-24 04:29:00+00:00,2026-04-24,NOAA-20,BALSAS,MARANHÃO,Brasil,,,,Cerrado,33,21,2101400,8,,221_066,1.7,POINT(-46.65187 -9.23202)
1815301184,dd6b7f7c-1a36-3164-9a29-a0f524e08361,-46.64838,-9.23257,2026-04-24 04:29:00+00:00,2026-04-24,NOAA-20,BALSAS,MARANHÃO,Brasil,,,,Cerrado,33,21,2101400,8,,221_066,1.7,POINT(-46.64838 -9.23257)
1815301247,9c701c4a-a6c8-3ee2-9705-fd691d704ce6,-48.66955,-10.00641,2026-04-24 04:29:00+00:00,2026-04-24,NOAA-20,MIRACEMA DO TOCANTINS,TOCANTINS,Brasil,,,,Cerrado,33,17,1713205,8,,222_067,0.8,POINT(-48.66955 -10.00641)
1815301336,ab55a4a6-b7f3-350a-9c20-80aae656bf16,-54.6153,-12.54773,2026-04-24 04:29:00+00:00,2026-04-24,NOAA-20,NOVA UBIRATÃ,MATO GROSSO,Brasil,,,,Amazônia,33,51,5106240,8,,226_069,1.2,POINT(-54.6153 -12.54773)
1815301886,aee39dd1-ea2c-3d78-b2e8-5f01ed8e97ff,-45.31084,-13.37244,2026-04-24 04:29:00+00:00,2026-04-24,NOAA-20,CORRENTINA,BAHIA,Brasil,,,,Cerrado,33,29,2909307,8,,220_069,1.1,POINT(-45.31084 -13.37244)
1815301918,cd9af1af-e293-3caf-ac4b-a36adb6f4a38,-55.32841,-11.60076,2026-04-24 04:29:00+00:00,2026-04-24,NOAA-20,SINOP,MATO GROSSO,Brasil,,,,Amazônia,33,51,5107909,8,,226_068,1.8,POINT(-55.32841 -11.60076)
1815302082,d2909e58-726e-31f0-b743-5681bddc3fcf,-51.22582,-12.09317,2026-04-24 04:29:00+00:00,2026-04-24,NOAA-20,SERRA NOVA DOURADA,MATO GROSSO,Brasil,,,,Cerrado,33,51,5107883,8,,224_068,2.0,POINT(-51.22582 -12.09317)
1815302187,38e35101-472c-3481-91c7-1d0e12c23b62,-44.6259,-12.28227,2026-04-24 04:29:00+00:00,2026-04-24,NOAA-20,CATOLÂNDIA,BAHIA,Brasil,,,,Cerrado,33,29,2907400,8,,219_069,1.7,POINT(-44.6259 -12.28227)
1815302361,71e0ee72-eedb-3fc7-b699-7f68ca7b36e8,-47.88966,-13.55006,2026-04-24 04:29:00+00:00,2026-04-24,NOAA-20,CAVALCANTE,GOIÁS,Brasil,,,,Cerrado,33,52,5205307,8,,221_069,1.0,POINT(-47.88966 -13.55006)
1815301297,732a8d7e-1fa2-3ddd-9739-43a4aad8fbd7,-41.93448,-21.58579,2026-04-24 04:32:00+00:00,2026-04-24,NOAA-20,CAMBUCI,RIO DE JANEIRO,Brasil,,,,Mata Atlântica,33,33,3300902,8,,216_075,1.4,POINT(-41.93448 -21.58579)
1815298794,28f2fa3b-303f-30a3-a65c-0c163c9aa4a0,-46.93098,-20.17021,2026-04-24 04:32:00+00:00,2026-04-24,NOAA-20,SACRAMENTO,MINAS GERAIS,Brasil,,,,Cerrado,33,31,3156908,8,,220_074,0.7,POINT(-46.93098 -20.17021)
1815299336,de2ccaae-c093-30df-b7eb-19f5258712bc,-46.81121,-20.21255,2026-04-24 04:32:00+00:00,2026-04-24,NOAA-20,DELFINÓPOLIS,MINAS GERAIS,Brasil,,,,Cerrado,33,31,3121209,8,,220_074,1.2,POINT(-46.81121 -20.21255)
1815298751,1ca7ff2b-20a2-3502-84ac-f497651d5d34,-46.87037,-20.161,2026-04-24 04:32:00+00:00,2026-04-24,NOAA-20,SÃO ROQUE DE MINAS,MINAS GERAIS,Brasil,,,,Cerrado,33,31,3164308,8,,220_074,5.1,POINT(-46.87037 -20.161)
1815299356,350228b5-cea1-3938-a5b5-c133f0210ef6,-54.92342,-16.42488,2026-04-24 04:32:00+00:00,2026-04-24,NOAA-20,RONDONÓPOLIS,MATO GROSSO,Brasil,,,,Cerrado,33,51,5107602,8,,225_071,3.4,POINT(-54.92342 -16.42488)
1815298693,50340d0b-7a08-39bf-a605-9cbf1eff61ff,-52.96555,-18.30331,2026-04-24 04:32:00+00:00,2026-04-24,NOAA-20,COSTA RICA,MATO GROSSO DO SUL,Brasil,,,,Cerrado,33,50,5003256,8,,224_073,1.9,POINT(-52.96555 -18.30331)
1815299306,b848fe88-9788-30d5-b34f-f2a27022e5c9,-52.94403,-18.29181,2026-04-24 04:32:00+00:00,2026-04-24,NOAA-20,MINEIROS,GOIÁS,Brasil,,,,Cerrado,33,52,5213103,8,,224_073,0.6,POINT(-52.94403 -18.29181)
1815299133,1a09aeab-9bff-319f-ae7f-ebeea7240b39,-56.62045,-19.45061,2026-04-24 04:32:00+00:00,2026-04-24,NOAA-20,CORUMBÁ,MATO GROSSO DO SUL,Brasil,,,,Pantanal,33,50,5003207,8,,226_073,5.9,POINT(-56.62045 -19.45061)
1815298846,72dc55b4-60f4-3b4e-ae4c-d52603b5fa8b,-46.85804,-20.16276,2026-04-24 04:32:00+00:00,2026-04-24,NOAA-20,SÃO ROQUE DE MINAS,MINAS GERAIS,Brasil,,,,Cerrado,33,31,3164308,8,,220_074,1.4,POINT(-46.85804 -20.16276)
1815299106,fef82e37-5a3d-3752-ae9a-bb19b2a4ccf7,-56.61943,-19.44608,2026-04-24 04:32:00+00:00,2026-04-24,NOAA-20,CORUMBÁ,MATO GROSSO DO SUL,Brasil,,,,Pantanal,33,50,5003207,8,,226_073,1.0,POINT(-56.61943 -19.44608)
1815301175,f70c2ea3-f524-3eb7-a156-faf8aaa45104,-54.91551,-16.43084,2026-04-24 04:32:00+00:00,2026-04-24,NOAA-20,RONDONÓPOLIS,MATO GROSSO,Brasil,,,,Cerrado,33,51,5107602,8,,225_071,2.0,POINT(-54.91551 -16.43084)
1815299063,8857593f-d933-3bed-84ba-eb8f30c3c09b,-46.77282,-20.24714,2026-04-24 04:32:00+00:00,2026-04-24,NOAA-20,SÃO ROQUE DE MINAS,MINAS GERAIS,Brasil,,,,Cerrado,33,31,3164308,8,,220_074,0.9,POINT(-46.77282 -20.24714)
1815301196,5767975a-ca20-3d3c-95ff-ed6789bddfb1,-46.88565,-20.2054,2026-04-24 04:32:00+00:00,2026-04-24,NOAA-20,DELFINÓPOLIS,MINAS GERAIS,Brasil,,,,Cerrado,33,31,3121209,8,,220_074,0.4,POINT(-46.88565 -20.2054)
1815298865,00745067-8843-30e6-b455-064ba0a9d83e,-46.93143,-20.17373,2026-04-24 04:32:00+00:00,2026-04-24,NOAA-20,DELFINÓPOLIS,MINAS GERAIS,Brasil,,,,Cerrado,33,31,3121209,8,,220_074,1.2,POINT(-46.93143 -20.17373)
1815301252,d599869e-ca10-316b-9610-ad38edc4df06,-46.75434,-20.23517,2026-04-24 04:32:00+00:00,2026-04-24,NOAA-20,SÃO ROQUE DE MINAS,MINAS GERAIS,Brasil,,,,Cerrado,33,31,3164308,8,,220_074,1.1,POINT(-46.75434 -20.23517)
1815301274,01244290-4e77-33a2-9e7a-f04989683848,-52.90661,-18.27171,2026-04-24 04:32:00+00:00,2026-04-24,NOAA-20,MINEIROS,GOIÁS,Brasil,,,,Cerrado,33,52,5213103,8,,224_073,2.6,POINT(-52.90661 -18.27171)
1815302023,9505acf6-d747-3cd1-b1a6-83e920ab17ea,-46.88524,-20.20187,2026-04-24 04:32:00+00:00,2026-04-24,NOAA-20,DELFINÓPOLIS,MINAS GERAIS,Brasil,,,,Cerrado,33,31,3121209,8,,220_074,0.4,POINT(-46.88524 -20.20187)
1815301301,b4dfb60b-87e5-3aa4-b361-6649c698b587,-54.92256,-16.42057,2026-04-24 04:32:00+00:00,2026-04-24,NOAA-20,RONDONÓPOLIS,MATO GROSSO,Brasil,,,,Cerrado,33,51,5107602,8,,225_071,3.4,POINT(-54.92256 -16.42057)
1815298965,10fc3330-bdef-33cd-82cb-a29362aab906,-46.80177,-20.20672,2026-04-24 04:32:00+00:00,2026-04-24,NOAA-20,SÃO ROQUE DE MINAS,MINAS GERAIS,Brasil,,,,Cerrado,33,31,3164308,8,,220_074,1.4,POINT(-46.80177 -20.20672)
1815298978,53f8c7f1-a334-3ecc-a2de-33fac1e77dff,-46.77328,-20.25067,2026-04-24 04:32:00+00:00,2026-04-24,NOAA-20,SÃO ROQUE DE MINAS,MINAS GERAIS,Brasil,,,,Cerrado,33,31,3164308,8,,220_074,0.9,POINT(-46.77328 -20.25067)
1815301371,83207e80-5a1e-37f2-8ff0-edbb5da6718b,-46.75906,-20.23809,2026-04-24 04:32:00+00:00,2026-04-24,NOAA-20,SÃO ROQUE DE MINAS,MINAS GERAIS,Brasil,,,,Cerrado,33,31,3164308,8,,220_074,1.1,POINT(-46.75906 -20.23809)
1815301424,f0249b73-380a-36ea-97c7-fd3760654d41,-46.88065,-20.19895,2026-04-24 04:32:00+00:00,2026-04-24,NOAA-20,DELFINÓPOLIS,MINAS GERAIS,Brasil,,,,Cerrado,33,31,3121209,8,,220_074,1.5,POINT(-46.88065 -20.19895)
1815301535,308a45fc-0a68-3221-a1bc-ba30455609fd,-57.48191,-13.71301,2026-04-24 04:32:00+00:00,2026-04-24,NOAA-20,CAMPO NOVO DO PARECIS,MATO GROSSO,Brasil,,,,Cerrado,33,51,5102637,8,,227_070,2.1,POINT(-57.48191 -13.71301)
1815299320,3dedc8bb-d081-336a-b8ed-c55e6cdeb8f3,-44.75241,-17.53167,2026-04-24 04:32:00+00:00,2026-04-24,NOAA-20,VÁRZEA DA PALMA,MINAS GERAIS,Brasil,,,,Cerrado,33,31,3170800,8,,219_072,4.3,POINT(-44.75241 -17.53167)
1815301580,877404fe-b9b4-3706-8a42-ea39391b5145,-51.08812,-17.47882,2026-04-24 04:32:00+00:00,2026-04-24,NOAA-20,MONTIVIDIU,GOIÁS,Brasil,,,,Cerrado,33,52,5213756,8,,223_072,0.6,POINT(-51.08812 -17.47882)
1815301603,1816f004-57b3-3417-ac96-3870fb4ceb27,-52.88034,-18.27092,2026-04-24 04:32:00+00:00,2026-04-24,NOAA-20,MINEIROS,GOIÁS,Brasil,,,,Cerrado,33,52,5213103,8,,224_073,1.0,POINT(-52.88034 -18.27092)
1815301638,20541358-51e6-37f2-9de3-f026e98c13a3,-52.91193,-18.27458,2026-04-24 04:32:00+00:00,2026-04-24,NOAA-20,MINEIROS,GOIÁS,Brasil,,,,Cerrado,33,52,5213103,8,,224_073,2.6,POINT(-52.91193 -18.27458)
1815301657,e3eed6bb-ad56-3125-ab8c-2653cf8b7c02,-46.7548,-20.23871,2026-04-24 04:32:00+00:00,2026-04-24,NOAA-20,SÃO ROQUE DE MINAS,MINAS GERAIS,Brasil,,,,Cerrado,33,31,3164308,8,,220_074,1.1,POINT(-46.7548 -20.23871)
1815301672,28081f3a-0281-3978-a0d3-04c94e19b815,-56.57594,-19.44012,2026-04-24 04:32:00+00:00,2026-04-24,NOAA-20,CORUMBÁ,MATO GROSSO DO SUL,Brasil,,,,Pantanal,33,50,5003207,8,,226_073,1.2,POINT(-56.57594 -19.44012)
1815301683,646e9cdc-39f9-3308-ac47-b3e00d7f8099,-56.61494,-19.43253,2026-04-24 04:32:00+00:00,2026-04-24,NOAA-20,CORUMBÁ,MATO GROSSO DO SUL,Brasil,,,,Pantanal,33,50,5003207,8,,226_073,1.6,POINT(-56.61494 -19.43253)
1815302329,9a240c0f-e8ec-3c70-a4c2-36919d261494,-51.36691,-15.96913,2026-04-24 04:32:00+00:00,2026-04-24,NOAA-20,MONTES CLAROS DE GOIÁS,GOIÁS,Brasil,,,,Cerrado,33,52,5213707,8,,223_071,1.1,POINT(-51.36691 -15.96913)
1815301697,e2486e51-82ea-3834-8ece-b956fa75f4ef,-44.95431,-16.70658,2026-04-24 04:32:00+00:00,2026-04-24,NOAA-20,PONTO CHIQUE,MINAS GERAIS,Brasil,,,,Cerrado,33,31,3152131,8,,219_072,0.8,POINT(-44.95431 -16.70658)
1815301698,1952ac02-ff22-3f55-992a-721299175e12,-52.90939,-18.27349,2026-04-24 04:32:00+00:00,2026-04-24,NOAA-20,MINEIROS,GOIÁS,Brasil,,,,Cerrado,33,52,5213103,8,,224_073,4.4,POINT(-52.90939 -18.27349)
1815301777,b27c4ff0-dd52-3f6e-b8f6-108dad975f74,-46.75668,-20.19519,2026-04-24 04:32:00+00:00,2026-04-24,NOAA-20,SÃO ROQUE DE MINAS,MINAS GERAIS,Brasil,,,,Cerrado,33,31,3164308,8,,220_074,1.2,POINT(-46.75668 -20.19519)
1815301816,af8d3841-a1a3-31d3-b9b6-fbc58d409775,-51.09207,-17.47816,2026-04-24 04:32:00+00:00,2026-04-24,NOAA-20,MONTIVIDIU,GOIÁS,Brasil,,,,Cerrado,33,52,5213756,8,,223_072,0.6,POINT(-51.09207 -17.47816)
1815301818,ac3def6f-ed33-3245-a41c-207383b6527c,-46.81528,-20.21197,2026-04-24 04:32:00+00:00,2026-04-24,NOAA-20,DELFINÓPOLIS,MINAS GERAIS,Brasil,,,,Cerrado,33,31,3121209,8,,220_074,1.2,POINT(-46.81528 -20.21197)
1815302186,11558336-0a43-3c84-b41c-79031155c5b4,-56.06192,-19.09903,2026-04-24 04:32:00+00:00,2026-04-24,NOAA-20,CORUMBÁ,MATO GROSSO DO SUL,Brasil,,,,Pantanal,33,50,5003207,8,,226_073,1.6,POINT(-56.06192 -19.09903)
1815302101,c5c2713e-1ae7-349d-9c88-9858cfdcbd5e,-56.06094,-19.09463,2026-04-24 04:32:00+00:00,2026-04-24,NOAA-20,CORUMBÁ,MATO GROSSO DO SUL,Brasil,,,,Pantanal,33,50,5003207,8,,226_073,1.8,POINT(-56.06094 -19.09463)
1815301924,dfc55eb4-0901-3bf0-84f3-e62a5f644e73,-46.73093,-20.19526,2026-04-24 04:32:00+00:00,2026-04-24,NOAA-20,SÃO ROQUE DE MINAS,MINAS GERAIS,Brasil,,,,Cerrado,33,31,3164308,8,,220_074,1.0,POINT(-46.73093 -20.19526)
1815302071,825f575d-e651-36b6-a8dc-15b164cd03b4,-46.76669,-20.22978,2026-04-24 04:32:00+00:00,2026-04-24,NOAA-20,SÃO ROQUE DE MINAS,MINAS GERAIS,Brasil,,,,Cerrado,33,31,3164308,8,,220_074,1.0,POINT(-46.76669 -20.22978)
1815302053,9f7908ec-5fbc-3d5b-90a9-d04d97d1e0c1,-46.75852,-20.24193,2026-04-24 04:32:00+00:00,2026-04-24,NOAA-20,SÃO ROQUE DE MINAS,MINAS GERAIS,Brasil,,,,Cerrado,33,31,3164308,8,,220_074,1.3,POINT(-46.75852 -20.24193)
1815302014,03a873e9-9c5a-3edf-96a4-47982c939fa2,-46.88717,-20.18726,2026-04-24 04:32:00+00:00,2026-04-24,NOAA-20,SÃO ROQUE DE MINAS,MINAS GERAIS,Brasil,,,,Cerrado,33,31,3164308,8,,220_074,1.3,POINT(-46.88717 -20.18726)
1815299453,aee54710-f1d8-3d8e-ac30-2ed96f52287c,-54.9181,-16.42142,2026-04-24 04:32:00+00:00,2026-04-24,NOAA-20,RONDONÓPOLIS,MATO GROSSO,Brasil,,,,Cerrado,33,51,5107602,8,,225_071,3.4,POINT(-54.9181 -16.42142)
1815298653,0f89a8b1-56c3-3de7-9598-ff2c767e90f5,-46.72631,-20.19231,2026-04-24 04:32:00+00:00,2026-04-24,NOAA-20,SÃO ROQUE DE MINAS,MINAS GERAIS,Brasil,,,,Cerrado,33,31,3164308,8,,220_074,0.6,POINT(-46.72631 -20.19231)
1815298639,104a0d84-b3e5-3d25-a83c-1a7b597cd113,-41.9332,-21.58575,2026-04-24 04:32:00+00:00,2026-04-24,NOAA-20,CAMBUCI,RIO DE JANEIRO,Brasil,,,,Mata Atlântica,33,33,3300902,8,,216_075,1.0,POINT(-41.9332 -21.58575)
1815298589,ce18db31-2c41-3331-ac68-c7ec4a9322eb,-46.95685,-20.17722,2026-04-24 04:32:00+00:00,2026-04-24,NOAA-20,DELFINÓPOLIS,MINAS GERAIS,Brasil,,,,Cerrado,33,31,3121209,8,,220_074,0.7,POINT(-46.95685 -20.17722)
1815299268,47a33a72-b414-3c5d-880a-701c219ae80f,-46.87636,-20.19957,2026-04-24 04:32:00+00:00,2026-04-24,NOAA-20,DELFINÓPOLIS,MINAS GERAIS,Brasil,,,,Cerrado,33,31,3121209,8,,220_074,1.5,POINT(-46.87636 -20.19957)
1815299503,28468657-0ea5-38e9-8d3c-16561b9a2d34,-52.91265,-18.27828,2026-04-24 04:32:00+00:00,2026-04-24,NOAA-20,MINEIROS,GOIÁS,Brasil,,,,Cerrado,33,52,5213103,8,,224_073,1.7,POINT(-52.91265 -18.27828)
1815298505,300d6f8a-dc38-3bb1-8c50-ebdb9aea5a2f,-49.08226,-21.0556,2026-04-24 04:32:00+00:00,2026-04-24,NOAA-20,CATIGUÁ,SÃO PAULO,Brasil,,,,Mata Atlântica,33,35,3511201,8,,221_075,1.2,POINT(-49.08226 -21.0556)
1815298438,8be22038-fe59-3c50-b503-b2a8f935a707,-52.94476,-18.29552,2026-04-24 04:32:00+00:00,2026-04-24,NOAA-20,MINEIROS,GOIÁS,Brasil,,,,Cerrado,33,52,5213103,8,,224_073,1.0,POINT(-52.94476 -18.29552)
1815299568,0b7697b2-5612-33f8-ad1e-caf4423aef17,-46.80598,-20.20612,2026-04-24 04:32:00+00:00,2026-04-24,NOAA-20,SÃO ROQUE DE MINAS,MINAS GERAIS,Brasil,,,,Cerrado,33,31,3164308,8,,220_074,1.4,POINT(-46.80598 -20.20612)
1815299573,f19f5017-e2e9-35b1-bec3-53a41a7e9f5f,-48.42746,-21.69775,2026-04-24 04:32:00+00:00,2026-04-24,NOAA-20,MATÃO,SÃO PAULO,Brasil,,,,Cerrado,33,35,3529302,8,,220_075,1.4,POINT(-48.42746 -21.69775)
1815298412,bedadcc8-385e-382c-8e5e-a5fbae89ab99,-48.43514,-21.6966,2026-04-24 04:32:00+00:00,2026-04-24,NOAA-20,MATÃO,SÃO PAULO,Brasil,,,,Cerrado,33,35,3529302,8,,220_075,3.0,POINT(-48.43514 -21.6966)
1815299600,c121ceaa-81f0-33f6-9dc5-35ff0e522415,-54.91899,-16.42572,2026-04-24 04:32:00+00:00,2026-04-24,NOAA-20,RONDONÓPOLIS,MATO GROSSO,Brasil,,,,Cerrado,33,51,5107602,8,,225_071,3.4,POINT(-54.91899 -16.42572)
1815299605,65176741-ffee-31ff-be28-730104dde518,-51.88228,-17.26285,2026-04-24 04:32:00+00:00,2026-04-24,NOAA-20,CAIAPÔNIA,GOIÁS,Brasil,,,,Cerrado,33,52,5204409,8,,223_072,2.8,POINT(-51.88228 -17.26285)
1815299267,f53c269d-2f98-3635-bf62-b591c12f9648,-48.59223,-21.06536,2026-04-24 04:32:00+00:00,2026-04-24,NOAA-20,PIRANGI,SÃO PAULO,Brasil,,,,Mata Atlântica,33,35,3539004,8,,221_075,0.6,POINT(-48.59223 -21.06536)
1815298408,bd57a0ca-eaf5-3145-b9a1-5cb46219c22a,-46.88021,-20.19543,2026-04-24 04:32:00+00:00,2026-04-24,NOAA-20,DELFINÓPOLIS,MINAS GERAIS,Brasil,,,,Cerrado,33,31,3121209,8,,220_074,1.5,POINT(-46.88021 -20.19543)
1815298403,9b7dfe8b-dfc7-3c3a-b3c5-3c280a16e8bb,-48.47569,-22.26124,2026-04-24 04:32:00+00:00,2026-04-24,NOAA-20,JAÚ,SÃO PAULO,Brasil,,,,Cerrado,33,35,3525300,8,,220_075,1.0,POINT(-48.47569 -22.26124)
1815298330,71d3abb2-2c75-36c9-b69f-f7fa799f63eb,-46.88103,-20.20248,2026-04-24 04:32:00+00:00,2026-04-24,NOAA-20,DELFINÓPOLIS,MINAS GERAIS,Brasil,,,,Cerrado,33,31,3121209,8,,220_074,1.7,POINT(-46.88103 -20.20248)
1815299685,9dc3fc85-2a5f-36d6-993d-dff43b25b54b,-52.94939,-18.29468,2026-04-24 04:32:00+00:00,2026-04-24,NOAA-20,MINEIROS,GOIÁS,Brasil,,,,Cerrado,33,52,5213103,8,,224_073,0.8,POINT(-52.94939 -18.29468)
1815298266,d33d1ed2-f65e-3d45-aa6e-9cf24c58018d,-46.75795,-20.23841,2026-04-24 04:32:00+00:00,2026-04-24,NOAA-20,SÃO ROQUE DE MINAS,MINAS GERAIS,Brasil,,,,Cerrado,33,31,3164308,8,,220_074,1.6,POINT(-46.75795 -20.23841)
1815299746,65bad783-8b6c-3b28-b92e-ebb9b05f2dd4,-43.80424,-15.3312,2026-04-24 04:32:00+00:00,2026-04-24,NOAA-20,JAÍBA,MINAS GERAIS,Brasil,,,,Cerrado,33,31,3135050,8,,218_071,1.1,POINT(-43.80424 -15.3312)
1815299794,fc265e84-e6d6-3525-b800-fca32ecbfd3a,-46.92557,-20.19605,2026-04-24 04:32:00+00:00,2026-04-24,NOAA-20,DELFINÓPOLIS,MINAS GERAIS,Brasil,,,,Cerrado,33,31,3121209,8,,220_074,0.5,POINT(-46.92557 -20.19605)
1815298231,53f8b773-c9d2-3fbf-8f50-d322045ebc82,-46.80713,-20.21314,2026-04-24 04:32:00+00:00,2026-04-24,NOAA-20,DELFINÓPOLIS,MINAS GERAIS,Brasil,,,,Cerrado,33,31,3121209,8,,220_074,0.6,POINT(-46.80713 -20.21314)
1815298188,e51129f1-0770-34fe-b7fa-59826068b890,-46.86261,-20.16569,2026-04-24 04:32:00+00:00,2026-04-24,NOAA-20,SÃO ROQUE DE MINAS,MINAS GERAIS,Brasil,,,,Cerrado,33,31,3164308,8,,220_074,2.6,POINT(-46.86261 -20.16569)
1815298102,54392ee7-1c09-3eb1-8d75-2f4d7eaffd40,-49.30413,-16.9085,2026-04-24 04:32:00+00:00,2026-04-24,NOAA-20,HIDROLÂNDIA,GOIÁS,Brasil,,,,Cerrado,33,52,5209705,8,,222_072,0.6,POINT(-49.30413 -16.9085)
1815299874,d5fe1bd7-2cee-31a8-9c1e-f5a8344a083d,-45.01147,-17.49998,2026-04-24 04:32:00+00:00,2026-04-24,NOAA-20,BURITIZEIRO,MINAS GERAIS,Brasil,,,,Cerrado,33,31,3109402,8,,219_072,0.8,POINT(-45.01147 -17.49998)
1815298065,78af7111-aacf-37ac-9f53-0fd2352ff031,-41.27073,-21.63396,2026-04-24 04:32:00+00:00,2026-04-24,NOAA-20,CAMPOS DOS GOYTACAZES,RIO DE JANEIRO,Brasil,,,,Mata Atlântica,33,33,3301009,8,,216_075,1.5,POINT(-41.27073 -21.63396)
1815299935,62be41f4-f62d-3b48-bf25-7bb9a2b0291a,-44.63512,-19.79875,2026-04-24 04:32:00+00:00,2026-04-24,NOAA-20,PARÁ DE MINAS,MINAS GERAIS,Brasil,,,,Mata Atlântica,33,31,3147105,8,,218_074,1.6,POINT(-44.63512 -19.79875)
1815299946,1a1a2665-08f8-3163-881f-fb04171b38a2,-52.89144,-18.26679,2026-04-24 04:32:00+00:00,2026-04-24,NOAA-20,MINEIROS,GOIÁS,Brasil,,,,Cerrado,33,52,5213103,8,,224_073,2.2,POINT(-52.89144 -18.26679)
1815297972,1567f3f5-c19e-366d-b1a4-7f507ea69779,-51.36627,-15.96559,2026-04-24 04:32:00+00:00,2026-04-24,NOAA-20,MONTES CLAROS DE GOIÁS,GOIÁS,Brasil,,,,Cerrado,33,52,5213707,8,,223_071,1.1,POINT(-51.36627 -15.96559)
1815299964,8a161ff7-18c3-38ff-ade4-f16373268e1f,-46.92941,-20.19191,2026-04-24 04:32:00+00:00,2026-04-24,NOAA-20,DELFINÓPOLIS,MINAS GERAIS,Brasil,,,,Cerrado,33,31,3121209,8,,220_074,0.7,POINT(-46.92941 -20.19191)
1815299965,eb900b12-cc66-38a1-96e7-61b8d848d27b,-48.47639,-22.26031,2026-04-24 04:32:00+00:00,2026-04-24,NOAA-20,JAÚ,SÃO PAULO,Brasil,,,,Cerrado,33,35,3525300,8,,220_075,0.9,POINT(-48.47639 -22.26031)
1815297894,2fef18d9-6112-382a-a10f-64f3f7f53714,-56.57744,-19.44036,2026-04-24 04:32:00+00:00,2026-04-24,NOAA-20,CORUMBÁ,MATO GROSSO DO SUL,Brasil,,,,Pantanal,33,50,5003207,8,,226_073,1.4,POINT(-56.57744 -19.44036)
1815297882,efccc2f0-f3bb-30b1-854a-f60142d16ab6,-46.75324,-20.23546,2026-04-24 04:32:00+00:00,2026-04-24,NOAA-20,SÃO ROQUE DE MINAS,MINAS GERAIS,Brasil,,,,Cerrado,33,31,3164308,8,,220_074,1.6,POINT(-46.75324 -20.23546)
1815300010,93c9e827-c94f-3e97-bb9e-abdac1fc2fb0,-52.90131,-18.26883,2026-04-24 04:32:00+00:00,2026-04-24,NOAA-20,MINEIROS,GOIÁS,Brasil,,,,Cerrado,33,52,5213103,8,,224_073,0.8,POINT(-52.90131 -18.26883)
1815299218,1cd3cebe-3201-3d41-8a56-4a083463519a,-48.9605,-20.67688,2026-04-24 04:32:00+00:00,2026-04-24,NOAA-20,OLÍMPIA,SÃO PAULO,Brasil,,,,Mata Atlântica,33,35,3533908,8,,221_074,0.8,POINT(-48.9605 -20.67688)
1815300047,4c06d882-ddc0-3cdd-b2bd-ec020b7b5a2d,-46.98297,-21.85353,2026-04-24 04:32:00+00:00,2026-04-24,NOAA-20,VARGEM GRANDE DO SUL,SÃO PAULO,Brasil,,,,Cerrado,33,35,3556404,8,,219_075,1.1,POINT(-46.98297 -21.85353)
1815297778,b1acbf79-9187-3d70-a2f2-ff99e6c8bbe8,-52.88425,-18.26641,2026-04-24 04:32:00+00:00,2026-04-24,NOAA-20,MINEIROS,GOIÁS,Brasil,,,,Cerrado,33,52,5213103,8,,224_073,1.0,POINT(-52.88425 -18.26641)
1815300096,5ecde858-faa1-32e2-b624-380048548e35,-46.85767,-20.15922,2026-04-24 04:32:00+00:00,2026-04-24,NOAA-20,SÃO ROQUE DE MINAS,MINAS GERAIS,Brasil,,,,Cerrado,33,31,3164308,8,,220_074,0.6,POINT(-46.85767 -20.15922)
1815300189,2ba6e6ff-ec46-339c-b52a-8da648023d5c,-51.09268,-17.48161,2026-04-24 04:32:00+00:00,2026-04-24,NOAA-20,MONTIVIDIU,GOIÁS,Brasil,,,,Cerrado,33,52,5213756,8,,223_072,0.6,POINT(-51.09268 -17.48161)
1815297700,85d0a0d3-6605-3d96-a57f-e90d6bef1d50,-52.90406,-18.27059,2026-04-24 04:32:00+00:00,2026-04-24,NOAA-20,MINEIROS,GOIÁS,Brasil,,,,Cerrado,33,52,5213103,8,,224_073,4.4,POINT(-52.90406 -18.27059)
1815300237,9271f267-a8c4-33c9-9b55-b8768ee052ee,-42.2104,-22.54996,2026-04-24 04:32:00+00:00,2026-04-24,NOAA-20,SILVA JARDIM,RIO DE JANEIRO,Brasil,,,,Mata Atlântica,33,33,3305604,8,,216_076,0.6,POINT(-42.2104 -22.54996)
1815300249,ed17eeb4-ed76-32cc-b86a-0ff0cdd882ce,-52.92333,-18.28403,2026-04-24 04:32:00+00:00,2026-04-24,NOAA-20,MINEIROS,GOIÁS,Brasil,,,,Cerrado,33,52,5213103,8,,224_073,1.3,POINT(-52.92333 -18.28403)
1815300255,32013da1-0599-37f5-8296-4928ca4e466e,-46.79686,-20.20383,2026-04-24 04:32:00+00:00,2026-04-24,NOAA-20,SÃO ROQUE DE MINAS,MINAS GERAIS,Brasil,,,,Cerrado,33,31,3164308,8,,220_074,1.0,POINT(-46.79686 -20.20383)
1815297684,68a92f6e-8eec-3223-9e46-dcd2fb9b3fdf,-46.7305,-20.19172,2026-04-24 04:32:00+00:00,2026-04-24,NOAA-20,SÃO ROQUE DE MINAS,MINAS GERAIS,Brasil,,,,Cerrado,33,31,3164308,8,,220_074,0.8,POINT(-46.7305 -20.19172)
1815297653,b72a798b-2c8f-374f-939e-adce22b44d86,-57.48227,-13.7156,2026-04-24 04:32:00+00:00,2026-04-24,NOAA-20,CAMPO NOVO DO PARECIS,MATO GROSSO,Brasil,,,,Cerrado,33,51,5102637,8,,227_070,1.9,POINT(-57.48227 -13.7156)
1815300317,0bca04eb-8559-31d0-a135-3fe3582835dd,-56.61557,-19.45159,2026-04-24 04:32:00+00:00,2026-04-24,NOAA-20,CORUMBÁ,MATO GROSSO DO SUL,Brasil,,,,Pantanal,33,50,5003207,8,,226_073,3.3,POINT(-56.61557 -19.45159)
1815297649,669afaf5-1777-33d9-b9de-b5ae1b8be0e8,-52.93938,-18.29264,2026-04-24 04:32:00+00:00,2026-04-24,NOAA-20,MINEIROS,GOIÁS,Brasil,,,,Cerrado,33,52,5213103,8,,224_073,0.6,POINT(-52.93938 -18.29264)
1815297635,06e78800-bab6-3e55-ade1-aca2def46bcc,-45.00682,-17.50061,2026-04-24 04:32:00+00:00,2026-04-24,NOAA-20,BURITIZEIRO,MINAS GERAIS,Brasil,,,,Cerrado,33,31,3109402,8,,219_072,1.0,POINT(-45.00682 -17.50061)
1815299203,87b55bd7-201b-3ac0-8f62-d69e7cb4577e,-54.59403,-18.22625,2026-04-24 04:32:00+00:00,2026-04-24,NOAA-20,PEDRO GOMES,MATO GROSSO DO SUL,Brasil,,,,Cerrado,33,50,5006408,8,,225_073,1.9,POINT(-54.59403 -18.22625)
1815300447,88501051-1ec7-3680-8c2a-a6d2908ec1be,-46.88308,-20.18785,2026-04-24 04:32:00+00:00,2026-04-24,NOAA-20,DELFINÓPOLIS,MINAS GERAIS,Brasil,,,,Cerrado,33,31,3121209,8,,220_074,1.3,POINT(-46.88308 -20.18785)
1815297634,2fec11dd-2257-3e3d-acd7-91b7c348be7b,-52.91799,-18.28115,2026-04-24 04:32:00+00:00,2026-04-24,NOAA-20,MINEIROS,GOIÁS,Brasil,,,,Cerrado,33,52,5213103,8,,224_073,3.5,POINT(-52.91799 -18.28115)
1815300492,6981e512-e958-37d9-ab0d-599302b673af,-52.90732,-18.27541,2026-04-24 04:32:00+00:00,2026-04-24,NOAA-20,MINEIROS,GOIÁS,Brasil,,,,Cerrado,33,52,5213103,8,,224_073,2.6,POINT(-52.90732 -18.27541)
1815297540,86227296-b446-3dac-8a4e-5e9166f78061,-44.9567,-16.70783,2026-04-24 04:32:00+00:00,2026-04-24,NOAA-20,PONTO CHIQUE,MINAS GERAIS,Brasil,,,,Cerrado,33,31,3152131,8,,219_072,0.6,POINT(-44.9567 -16.70783)
1815300562,bbeff367-9df5-3029-bfff-3092e0a6ed33,-56.57846,-19.44487,2026-04-24 04:32:00+00:00,2026-04-24,NOAA-20,CORUMBÁ,MATO GROSSO DO SUL,Brasil,,,,Pantanal,33,50,5003207,8,,226_073,1.4,POINT(-56.57846 -19.44487)
1815297489,3432f2a9-8723-3b5f-8499-6bb2bd36ecf1,-45.19509,-20.41479,2026-04-24 04:32:00+00:00,2026-04-24,NOAA-20,ITAPECERICA,MINAS GERAIS,Brasil,,,,Mata Atlântica,33,31,3133501,8,,219_074,0.9,POINT(-45.19509 -20.41479)
1815300621,abee0275-b650-3698-aa84-4eeefcba6f5a,-48.43571,-21.69997,2026-04-24 04:32:00+00:00,2026-04-24,NOAA-20,MATÃO,SÃO PAULO,Brasil,,,,Cerrado,33,35,3529302,8,,220_075,1.0,POINT(-48.43571 -21.69997)
1815297446,96ad484c-86ea-3632-8abd-52f03a71faf3,-57.48111,-13.71028,2026-04-24 04:32:00+00:00,2026-04-24,NOAA-20,CAMPO NOVO DO PARECIS,MATO GROSSO,Brasil,,,,Cerrado,33,51,5102637,8,,227_070,0.7,POINT(-57.48111 -13.71028)
1815297427,ef10a621-b41d-36f0-b77a-b0db6efb144d,-46.81072,-20.20903,2026-04-24 04:32:00+00:00,2026-04-24,NOAA-20,DELFINÓPOLIS,MINAS GERAIS,Brasil,,,,Cerrado,33,31,3121209,8,,220_074,3.9,POINT(-46.81072 -20.20903)
1815300675,1f95e4b0-97c4-3b15-be4b-3203b1ce207e,-52.89416,-18.2685,2026-04-24 04:32:00+00:00,2026-04-24,NOAA-20,MINEIROS,GOIÁS,Brasil,,,,Cerrado,33,52,5213103,8,,224_073,2.1,POINT(-52.89416 -18.2685)
1815300708,f648337a-c628-3fe7-91c8-cedb4b17fa1b,-46.86675,-20.1651,2026-04-24 04:32:00+00:00,2026-04-24,NOAA-20,SÃO ROQUE DE MINAS,MINAS GERAIS,Brasil,,,,Cerrado,33,31,3164308,8,,220_074,2.6,POINT(-46.86675 -20.1651)
1815300718,9e70b048-bc1f-3c4e-84d7-45a8a3250631,-46.77234,-20.24361,2026-04-24 04:32:00+00:00,2026-04-24,NOAA-20,SÃO ROQUE DE MINAS,MINAS GERAIS,Brasil,,,,Cerrado,33,31,3164308,8,,220_074,0.8,POINT(-46.77234 -20.24361)
1815297421,a6a94b9e-69a6-3494-940c-7bba77814f84,-48.63968,-21.18719,2026-04-24 04:32:00+00:00,2026-04-24,NOAA-20,VISTA ALEGRE DO ALTO,SÃO PAULO,Brasil,,,,Mata Atlântica,33,35,3556909,8,,221_075,0.6,POINT(-48.63968 -21.18719)
1815297416,70786484-cae3-3679-8b85-e531c7a82635,-46.834,-17.16598,2026-04-24 04:32:00+00:00,2026-04-24,NOAA-20,PARACATU,MINAS GERAIS,Brasil,,,,Cerrado,33,31,3147006,8,,220_072,2.0,POINT(-46.834 -17.16598)
1815297414,578c4a23-e76a-3f47-9f5f-6d5c26a0d37b,-46.72589,-20.18876,2026-04-24 04:32:00+00:00,2026-04-24,NOAA-20,SÃO ROQUE DE MINAS,MINAS GERAIS,Brasil,,,,Cerrado,33,31,3164308,8,,220_074,0.6,POINT(-46.72589 -20.18876)
1815300776,cea67678-eb21-3845-9feb-b72cf55a38ae,-46.86219,-20.16216,2026-04-24 04:32:00+00:00,2026-04-24,NOAA-20,SÃO ROQUE DE MINAS,MINAS GERAIS,Brasil,,,,Cerrado,33,31,3164308,8,,220_074,2.6,POINT(-46.86219 -20.16216)
1815300785,b97e8e25-5b40-38da-b069-a902e1269730,-51.11319,-18.16933,2026-04-24 04:32:00+00:00,2026-04-24,NOAA-20,RIO VERDE,GOIÁS,Brasil,,,,Cerrado,33,52,5218805,8,,223_073,0.6,POINT(-51.11319 -18.16933)
1815300843,89b14640-c1f0-32e3-865c-d0a612d00861,-56.06459,-19.09738,2026-04-24 04:32:00+00:00,2026-04-24,NOAA-20,CORUMBÁ,MATO GROSSO DO SUL,Brasil,,,,Pantanal,33,50,5003207,8,,226_073,3.1,POINT(-56.06459 -19.09738)
1815300863,d160300d-3932-379f-8a00-cdf6b30d1438,-56.6184,-19.44155,2026-04-24 04:32:00+00:00,2026-04-24,NOAA-20,CORUMBÁ,MATO GROSSO DO SUL,Brasil,,,,Pantanal,33,50,5003207,8,,226_073,1.0,POINT(-56.6184 -19.44155)
1815297355,a01d1921-6b63-3778-a013-aae74fac1f78,-44.20782,-21.2055,2026-04-24 04:32:00+00:00,2026-04-24,NOAA-20,SÃO JOÃO DEL REI,MINAS GERAIS,Brasil,,,,Mata Atlântica,33,31,3162500,8,,218_075,1.1,POINT(-44.20782 -21.2055)
1815300901,f1be9648-5d46-3e87-a603-64f5daea5478,-46.60583,-17.56244,2026-04-24 04:32:00+00:00,2026-04-24,NOAA-20,VAZANTE,MINAS GERAIS,Brasil,,,,Cerrado,33,31,3171006,8,,220_072,0.7,POINT(-46.60583 -17.56244)
1815297254,754f05bc-c4f7-3084-90c9-8a6d98d44cab,-46.86629,-20.16158,2026-04-24 04:32:00+00:00,2026-04-24,NOAA-20,SÃO ROQUE DE MINAS,MINAS GERAIS,Brasil,,,,Cerrado,33,31,3164308,8,,220_074,2.6,POINT(-46.86629 -20.16158)
1815297245,d7ab1491-fdcc-3235-9915-f7d07549ca62,-46.75253,-20.19579,2026-04-24 04:32:00+00:00,2026-04-24,NOAA-20,SÃO ROQUE DE MINAS,MINAS GERAIS,Brasil,,,,Cerrado,33,31,3164308,8,,220_074,1.8,POINT(-46.75253 -20.19579)
1815297062,54fdb4c1-cbba-3ab4-aa1e-bdad44d7d23e,-48.61407,-21.21857,2026-04-24 04:32:00+00:00,2026-04-24,NOAA-20,MONTE ALTO,SÃO PAULO,Brasil,,,,Mata Atlântica,33,35,3531308,8,,221_075,0.9,POINT(-48.61407 -21.21857)
1815298799,dca96e5a-7780-35a0-9c65-8e22b0bb1641,-55.17244,-20.71807,2026-04-24 04:32:00+00:00,2026-04-24,NOAA-20,SIDROLÂNDIA,MATO GROSSO DO SUL,Brasil,,,,Cerrado,33,50,5007901,8,,225_074,2.7,POINT(-55.17244 -20.71807)
1815296950,fc4c7dff-bce5-38c1-a310-0b97a90a4342,-48.96421,-20.67631,2026-04-24 04:32:00+00:00,2026-04-24,NOAA-20,OLÍMPIA,SÃO PAULO,Brasil,,,,Mata Atlântica,33,35,3533908,8,,221_074,1.2,POINT(-48.96421 -20.67631)
1815298828,2d5565fd-8310-33f4-bce2-66ba73516a7e,-54.62141,-20.53251,2026-04-24 04:32:00+00:00,2026-04-24,NOAA-20,CAMPO GRANDE,MATO GROSSO DO SUL,Brasil,,,,Cerrado,33,50,5002704,8,,225_074,0.7,POINT(-54.62141 -20.53251)
1815299446,8e4cebd9-1aec-38d3-9a19-baae794a048f,-50.12405,-25.65434,2026-04-24 04:34:00+00:00,2026-04-24,NOAA-20,SÃO JOÃO DO TRIUNFO,PARANÁ,Brasil,,,,Mata Atlântica,33,41,4125100,8,,221_078,1.6,POINT(-50.12405 -25.65434)
1815298256,e14bd641-96fd-3412-a368-dd6e150d3c1a,-48.35007,-22.36662,2026-04-24 04:34:00+00:00,2026-04-24,NOAA-20,DOIS CÓRREGOS,SÃO PAULO,Brasil,,,,Cerrado,33,35,3514106,8,,220_076,0.4,POINT(-48.35007 -22.36662)
1815297019,33c6e98d-533c-3936-b8fe-2911a2dc0bfa,-49.56095,-25.74969,2026-04-24 04:34:00+00:00,2026-04-24,NOAA-20,CONTENDA,PARANÁ,Brasil,,,,Mata Atlântica,33,41,4106209,8,,221_078,0.5,POINT(-49.56095 -25.74969)
1815296979,0d21046e-14e5-3833-8b93-faab1938636f,-47.16585,-22.93776,2026-04-24 04:34:00+00:00,2026-04-24,NOAA-20,CAMPINAS,SÃO PAULO,Brasil,,,,Mata Atlântica,33,35,3509502,8,,219_076,1.7,POINT(-47.16585 -22.93776)
1815298941,2b24a158-612f-3c6a-aeee-969be825db81,-52.43287,-23.06757,2026-04-24 04:34:00+00:00,2026-04-24,NOAA-20,PARANAVAÍ,PARANÁ,Brasil,,,,Mata Atlântica,33,41,4118402,8,,223_076,0.5,POINT(-52.43287 -23.06757)
1815298116,9104fb06-4969-30a7-b87b-a2ad91b7ce0f,-49.34951,-23.40582,2026-04-24 04:34:00+00:00,2026-04-24,NOAA-20,TEJUPÁ,SÃO PAULO,Brasil,,,,Mata Atlântica,33,35,3554201,8,,221_076,0.5,POINT(-49.34951 -23.40582)
1815300285,2b2b902d-4cfa-3bbc-8c7d-0c2f47127cae,-51.05763,-27.94938,2026-04-24 04:34:00+00:00,2026-04-24,NOAA-20,ESMERALDA,RIO GRANDE DO SUL,Brasil,,,,Mata Atlântica,33,43,4307401,8,,221_079,1.5,POINT(-51.05763 -27.94938)
1815298098,2ce603d5-8b38-3aaa-aae5-a18c380746a3,-48.43418,-23.03955,2026-04-24 04:34:00+00:00,2026-04-24,NOAA-20,PARDINHO,SÃO PAULO,Brasil,,,,Cerrado,33,35,3536109,8,,220_076,1.3,POINT(-48.43418 -23.03955)
1815301624,0b130a87-1e06-3cb9-914b-64764b86afea,-52.17892,-26.49869,2026-04-24 04:34:00+00:00,2026-04-24,NOAA-20,ABELARDO LUZ,SANTA CATARINA,Brasil,,,,Mata Atlântica,33,42,4200101,8,,222_078,0.8,POINT(-52.17892 -26.49869)
1815299256,3b3ff808-6176-3bc6-a230-e781623b0e24,-50.12345,-25.65101,2026-04-24 04:34:00+00:00,2026-04-24,NOAA-20,SÃO JOÃO DO TRIUNFO,PARANÁ,Brasil,,,,Mata Atlântica,33,41,4125100,8,,221_078,0.8,POINT(-50.12345 -25.65101)
1815301172,1f7e1949-4112-3abb-8ff2-99a3a790b83c,-51.3975,-27.49578,2026-04-24 04:34:00+00:00,2026-04-24,NOAA-20,CAMPOS NOVOS,SANTA CATARINA,Brasil,,,,Mata Atlântica,33,42,4203600,8,,221_079,1.6,POINT(-51.3975 -27.49578)
1815302122,698c8e74-0c68-3eab-8ffe-5ec96864c7ca,-52.02578,-26.47721,2026-04-24 04:34:00+00:00,2026-04-24,NOAA-20,PALMAS,PARANÁ,Brasil,,,,Mata Atlântica,33,41,4117602,8,,222_078,0.3,POINT(-52.02578 -26.47721)
1815300875,973cbd3b-ff63-3505-82a8-c13984eb5f08,-50.22166,-27.90023,2026-04-24 04:34:00+00:00,2026-04-24,NOAA-20,LAGES,SANTA CATARINA,Brasil,,,,Mata Atlântica,33,42,4209300,8,,221_079,0.7,POINT(-50.22166 -27.90023)
1815299578,e38e2acc-1abf-30df-9e07-cbe56be4021f,-51.06155,-27.94877,2026-04-24 04:34:00+00:00,2026-04-24,NOAA-20,ESMERALDA,RIO GRANDE DO SUL,Brasil,,,,Mata Atlântica,33,43,4307401,8,,221_079,1.9,POINT(-51.06155 -27.94877)
1815297844,b43eec18-9684-39d0-a0f4-3dc8aa32e4bd,-50.15909,-25.18747,2026-04-24 04:34:00+00:00,2026-04-24,NOAA-20,PONTA GROSSA,PARANÁ,Brasil,,,,Mata Atlântica,33,41,4119905,8,,221_077,0.8,POINT(-50.15909 -25.18747)
1815301545,6e0dd164-6a27-3b37-8149-c4bcd764c50a,-47.5169,-23.55896,2026-04-24 04:34:00+00:00,2026-04-24,NOAA-20,SOROCABA,SÃO PAULO,Brasil,,,,Mata Atlântica,33,35,3552205,8,,220_076,0.5,POINT(-47.5169 -23.55896)
1815302285,b04a4dbc-b8c4-3b3d-bc09-872a79add135,-52.21538,-23.31954,2026-04-24 04:34:00+00:00,2026-04-24,NOAA-20,PRESIDENTE CASTELO BRANCO,PARANÁ,Brasil,,,,Mata Atlântica,33,41,4120408,8,,223_076,0.7,POINT(-52.21538 -23.31954)
1815299642,a42355d9-4a0e-3a91-bfb2-a52d5bc16ab1,-52.69408,-22.97043,2026-04-24 04:34:00+00:00,2026-04-24,NOAA-20,GUAIRAÇÁ,PARANÁ,Brasil,,,,Mata Atlântica,33,41,4108908,8,,223_076,3.1,POINT(-52.69408 -22.97043)
1815297761,f9db969f-a096-3c1e-92c1-9e136de05a26,-51.39816,-27.4991,2026-04-24 04:34:00+00:00,2026-04-24,NOAA-20,CAMPOS NOVOS,SANTA CATARINA,Brasil,,,,Mata Atlântica,33,42,4203600,8,,221_079,0.5,POINT(-51.39816 -27.4991)
1815297488,b1e7df95-7b95-382c-b618-bc558799f695,-50.23627,-22.09651,2026-04-24 04:34:00+00:00,2026-04-24,NOAA-20,POMPÉIA,SÃO PAULO,Brasil,,,,Mata Atlântica,33,35,3540002,8,,222_075,0.5,POINT(-50.23627 -22.09651)
1815299666,848e6930-5779-3b71-bcbc-a6b0303d88a0,-50.22567,-27.89963,2026-04-24 04:34:00+00:00,2026-04-24,NOAA-20,LAGES,SANTA CATARINA,Brasil,,,,Mata Atlântica,33,42,4209300,8,,221_079,1.7,POINT(-50.22567 -27.89963)
1815298325,47d9f9a0-1997-34c0-a327-6c85c37e3e5a,-48.80508,-22.93187,2026-04-24 04:34:00+00:00,2026-04-24,NOAA-20,BOTUCATU,SÃO PAULO,Brasil,,,,Cerrado,33,35,3507506,8,,221_076,1.2,POINT(-48.80508 -22.93187)
1815298318,e6df35be-227a-3b80-bc57-5cad695c8b70,-51.40138,-27.49517,2026-04-24 04:34:00+00:00,2026-04-24,NOAA-20,CAMPOS NOVOS,SANTA CATARINA,Brasil,,,,Mata Atlântica,33,42,4203600,8,,221_079,0.6,POINT(-51.40138 -27.49517)
1815299680,18c0359e-7780-3f43-8a9a-4a6e14ebeb39,-52.69818,-22.96972,2026-04-24 04:34:00+00:00,2026-04-24,NOAA-20,GUAIRAÇÁ,PARANÁ,Brasil,,,,Mata Atlântica,33,41,4108908,8,,223_076,3.1,POINT(-52.69818 -22.96972)
1815297730,128b81c3-7e5e-39ef-9e69-ea9a7475e46c,-52.46666,-23.04747,2026-04-24 04:34:00+00:00,2026-04-24,NOAA-20,PARANAVAÍ,PARANÁ,Brasil,,,,Mata Atlântica,33,41,4118402,8,,223_076,0.9,POINT(-52.46666 -23.04747)
1815300948,1e7f52e5-b020-3b25-94b0-01d0927cb39c,-51.12671,-23.37937,2026-04-24 04:34:00+00:00,2026-04-24,NOAA-20,LONDRINA,PARANÁ,Brasil,,,,Mata Atlântica,33,41,4113700,8,,222_076,0.8,POINT(-51.12671 -23.37937)
1815299259,c6f8ee1b-c24c-3d0c-be5b-4fa525af30f5,-52.17514,-25.89788,2026-04-24 04:34:00+00:00,2026-04-24,NOAA-20,MANGUEIRINHA,PARANÁ,Brasil,,,,Mata Atlântica,33,41,4114401,8,,222_078,0.5,POINT(-52.17514 -25.89788)
1815302334,c2ed676b-413a-3ed5-9f34-b671efe6172c,-47.63132,-23.53923,2026-04-24 04:34:00+00:00,2026-04-24,NOAA-20,ARAÇOIABA DA SERRA,SÃO PAULO,Brasil,,,,Mata Atlântica,33,35,3502903,8,,220_076,0.9,POINT(-47.63132 -23.53923)
1815294929,f626f747-f0e3-3c1a-a6bf-019d3433fcb4,-52.8983,-18.2858,2026-04-24 05:10:00+00:00,2026-04-24,GOES-19,MINEIROS,GOIÁS,Brasil,,,,Cerrado,33,52,5213103,8,,224_073,57.9,POINT(-52.8983 -18.2858)
1815294927,4be7c0cf-a4d0-33f2-9021-3fce060cd5e0,-52.9016,-18.2659,2026-04-24 05:10:00+00:00,2026-04-24,GOES-19,MINEIROS,GOIÁS,Brasil,,,,Cerrado,33,52,5213103,8,,224_073,38.0,POINT(-52.9016 -18.2659)
1815309268,86fbfe6b-4629-3d01-ac7a-422643539abd,-46.64769,-9.23294,2026-04-24 05:18:00+00:00,2026-04-24,NOAA-21,BALSAS,MARANHÃO,Brasil,,,,Cerrado,33,21,2101400,8,,221_066,3.8,POINT(-46.64769 -9.23294)
1815309479,68d96411-2ec2-36a1-b801-47c55aa86885,-46.65381,-9.23219,2026-04-24 05:18:00+00:00,2026-04-24,NOAA-21,BALSAS,MARANHÃO,Brasil,,,,Cerrado,33,21,2101400,8,,221_066,3.6,POINT(-46.65381 -9.23219)
1815310563,52ee1484-c5a5-3dd1-b09c-a0ce5db22d68,-46.64998,-9.23559,2026-04-24 05:18:00+00:00,2026-04-24,NOAA-21,BALSAS,MARANHÃO,Brasil,,,,Cerrado,33,21,2101400,8,,221_066,5.1,POINT(-46.64998 -9.23559)
1815294935,9b20d1b2-d0a8-38f7-84d3-464b8e75a7bd,-52.92,-18.2854,2026-04-24 05:20:00+00:00,2026-04-24,GOES-19,MINEIROS,GOIÁS,Brasil,,,,Cerrado,33,52,5213103,8,,224_073,65.1,POINT(-52.92 -18.2854)
1815294934,bee8df7a-12a6-3904-b150-854f9ea634c4,-52.8983,-18.2858,2026-04-24 05:20:00+00:00,2026-04-24,GOES-19,MINEIROS,GOIÁS,Brasil,,,,Cerrado,33,52,5213103,8,,224_073,61.6,POINT(-52.8983 -18.2858)
1815308708,24cc4815-6239-3b79-807f-0f10a7999bd6,-54.6117,-12.55188,2026-04-24 05:21:00+00:00,2026-04-24,NOAA-21,NOVA UBIRATÃ,MATO GROSSO,Brasil,,,,Amazônia,33,51,5106240,8,,226_069,2.0,POINT(-54.6117 -12.55188)
1815306259,8b2272fa-ad17-3942-8adf-fd81a850c505,-52.89538,-18.27745,2026-04-24 05:21:00+00:00,2026-04-24,NOAA-21,MINEIROS,GOIÁS,Brasil,,,,Cerrado,33,52,5213103,8,,224_073,1.5,POINT(-52.89538 -18.27745)
1815306442,75188cba-89e5-3cc6-aec3-0fb51a401be1,-54.88884,-11.57721,2026-04-24 05:21:00+00:00,2026-04-24,NOAA-21,CLÁUDIA,MATO GROSSO,Brasil,,,,Amazônia,33,51,5103056,8,,226_068,0.8,POINT(-54.88884 -11.57721)
1815306592,53e0b020-2220-3169-a2ea-9731b2bb37a9,-58.06916,-11.91185,2026-04-24 05:21:00+00:00,2026-04-24,NOAA-21,BRASNORTE,MATO GROSSO,Brasil,,,,Amazônia,33,51,5101902,8,,228_068,1.2,POINT(-58.06916 -11.91185)
1815306684,3d7a70f0-ad2a-316f-b3f4-c0617c1758ad,-51.0904,-17.47893,2026-04-24 05:21:00+00:00,2026-04-24,NOAA-21,MONTIVIDIU,GOIÁS,Brasil,,,,Cerrado,33,52,5213756,8,,223_072,1.4,POINT(-51.0904 -17.47893)
1815306799,7812b1a0-6c89-3c54-ae64-bf93c6516bae,-52.89071,-18.2677,2026-04-24 05:21:00+00:00,2026-04-24,NOAA-21,MINEIROS,GOIÁS,Brasil,,,,Cerrado,33,52,5213103,8,,224_073,7.7,POINT(-52.89071 -18.2677)
1815306807,23cf51b7-1e4c-3ba4-a422-4225d9ab4e6e,-55.01562,-11.85492,2026-04-24 05:21:00+00:00,2026-04-24,NOAA-21,SANTA CARMEM,MATO GROSSO,Brasil,,,,Amazônia,33,51,5107248,8,,226_068,1.2,POINT(-55.01562 -11.85492)
1815306937,0b481a94-c6be-31f2-b0a6-7cba3a2bdeb0,-56.6492,-13.98975,2026-04-24 05:21:00+00:00,2026-04-24,NOAA-21,DIAMANTINO,MATO GROSSO,Brasil,,,,Cerrado,33,51,5103502,8,,227_070,3.2,POINT(-56.6492 -13.98975)
1815306948,410dfafd-024c-3073-a1a8-786ff61cd6b4,-58.08176,-11.94489,2026-04-24 05:21:00+00:00,2026-04-24,NOAA-21,BRASNORTE,MATO GROSSO,Brasil,,,,Amazônia,33,51,5101902,8,,228_068,0.9,POINT(-58.08176 -11.94489)
1815306980,27f1c157-6ff8-34f5-ae88-e8716c825a63,-55.01805,-11.84639,2026-04-24 05:21:00+00:00,2026-04-24,NOAA-21,SANTA CARMEM,MATO GROSSO,Brasil,,,,Amazônia,33,51,5107248,8,,226_068,1.3,POINT(-55.01805 -11.84639)
1815307149,687c3f62-72a5-307f-bf26-9436f85956be,-54.68495,-12.98606,2026-04-24 05:21:00+00:00,2026-04-24,NOAA-21,NOVA UBIRATÃ,MATO GROSSO,Brasil,,,,Amazônia,33,51,5106240,8,,226_069,0.9,POINT(-54.68495 -12.98606)
1815307415,04c0306e-5b6a-3298-8d4a-f715b0b7914c,-51.22537,-12.09257,2026-04-24 05:21:00+00:00,2026-04-24,NOAA-21,SERRA NOVA DOURADA,MATO GROSSO,Brasil,,,,Cerrado,33,51,5107883,8,,224_068,2.0,POINT(-51.22537 -12.09257)
1815307428,f90c8ea3-7dbe-38eb-bd80-152edb8917a5,-52.91085,-18.27575,2026-04-24 05:21:00+00:00,2026-04-24,NOAA-21,MINEIROS,GOIÁS,Brasil,,,,Cerrado,33,52,5213103,8,,224_073,8.9,POINT(-52.91085 -18.27575)
1815307490,57c5c6e0-853e-3a3c-9577-3ac615c30e50,-54.68105,-12.98658,2026-04-24 05:21:00+00:00,2026-04-24,NOAA-21,NOVA UBIRATÃ,MATO GROSSO,Brasil,,,,Amazônia,33,51,5106240,8,,226_069,0.7,POINT(-54.68105 -12.98658)
1815307600,f20e243c-1f97-3802-a369-a9b9e85e5a6a,-52.88216,-18.27377,2026-04-24 05:21:00+00:00,2026-04-24,NOAA-21,MINEIROS,GOIÁS,Brasil,,,,Cerrado,33,52,5213103,8,,224_073,6.2,POINT(-52.88216 -18.27377)
1815307746,669f3d85-6372-3cbb-b395-f06ee56e0b3b,-52.90157,-18.27677,2026-04-24 05:21:00+00:00,2026-04-24,NOAA-21,MINEIROS,GOIÁS,Brasil,,,,Cerrado,33,52,5213103,8,,224_073,1.5,POINT(-52.90157 -18.27677)
1815307992,a225fa19-071e-3a70-994a-ddb016793464,-51.22868,-12.09216,2026-04-24 05:21:00+00:00,2026-04-24,NOAA-21,SERRA NOVA DOURADA,MATO GROSSO,Brasil,,,,Cerrado,33,51,5107883,8,,224_068,1.9,POINT(-51.22868 -12.09216)
1815308097,fd90c128-8b60-30b1-bd04-c81087471bc5,-52.8915,-18.27275,2026-04-24 05:21:00+00:00,2026-04-24,NOAA-21,MINEIROS,GOIÁS,Brasil,,,,Cerrado,33,52,5213103,8,,224_073,7.7,POINT(-52.8915 -18.27275)
1815308306,909ca7c9-0f55-31e0-bfa2-13bb9c5be1f3,-52.90776,-18.27609,2026-04-24 05:21:00+00:00,2026-04-24,NOAA-21,MINEIROS,GOIÁS,Brasil,,,,Cerrado,33,52,5213103,8,,224_073,10.9,POINT(-52.90776 -18.27609)
1815308307,c2f7450e-95e8-3d81-a3fc-6636905c26fd,-57.48188,-13.71611,2026-04-24 05:21:00+00:00,2026-04-24,NOAA-21,CAMPO NOVO DO PARECIS,MATO GROSSO,Brasil,,,,Cerrado,33,51,5102637,8,,227_070,4.4,POINT(-57.48188 -13.71611)
1815308372,4c0d52ed-f1c0-3a90-b4d6-db7207298dac,-56.64518,-13.99413,2026-04-24 05:21:00+00:00,2026-04-24,NOAA-21,DIAMANTINO,MATO GROSSO,Brasil,,,,Cerrado,33,51,5103502,8,,227_070,1.6,POINT(-56.64518 -13.99413)
1815308503,e338fdb5-7152-3d5c-8af2-5e288d0ddee8,-57.43103,-14.20265,2026-04-24 05:21:00+00:00,2026-04-24,NOAA-21,NOVA MARILÂNDIA,MATO GROSSO,Brasil,,,,Amazônia,33,51,5108857,8,,227_070,0.8,POINT(-57.43103 -14.20265)
1815308653,ad720325-8675-34d6-b44a-b48c90af5f21,-54.92272,-16.42613,2026-04-24 05:21:00+00:00,2026-04-24,NOAA-21,RONDONÓPOLIS,MATO GROSSO,Brasil,,,,Cerrado,33,51,5107602,8,,225_071,4.4,POINT(-54.92272 -16.42613)
1815308654,de2a0c15-d6d7-30bf-a36e-4731657a3d28,-52.87904,-18.27411,2026-04-24 05:21:00+00:00,2026-04-24,NOAA-21,MINEIROS,GOIÁS,Brasil,,,,Cerrado,33,52,5213103,8,,224_073,6.2,POINT(-52.87904 -18.27411)
1815308671,b994772f-e5a4-3973-a76f-c905daeb14eb,-52.90704,-18.27104,2026-04-24 05:21:00+00:00,2026-04-24,NOAA-21,MINEIROS,GOIÁS,Brasil,,,,Cerrado,33,52,5213103,8,,224_073,20.8,POINT(-52.90704 -18.27104)
1815308778,a701fa20-8763-353c-83f8-fa523e13e759,-55.021,-11.84189,2026-04-24 05:21:00+00:00,2026-04-24,NOAA-21,SANTA CARMEM,MATO GROSSO,Brasil,,,,Amazônia,33,51,5107248,8,,226_068,0.7,POINT(-55.021 -11.84189)
1815309025,22c0076c-edfb-31b7-b710-28d4b0ea71b2,-52.90847,-18.28114,2026-04-24 05:21:00+00:00,2026-04-24,NOAA-21,MINEIROS,GOIÁS,Brasil,,,,Cerrado,33,52,5213103,8,,224_073,10.9,POINT(-52.90847 -18.28114)
1815309085,813ea0fb-9ef4-311c-8fa9-abac22d6ad6f,-52.90607,-18.28653,2026-04-24 05:21:00+00:00,2026-04-24,NOAA-21,MINEIROS,GOIÁS,Brasil,,,,Cerrado,33,52,5213103,8,,224_073,1.2,POINT(-52.90607 -18.28653)
1815309165,bd3b9392-0eec-37fc-bef8-7c1930950c11,-52.91013,-18.2707,2026-04-24 05:21:00+00:00,2026-04-24,NOAA-21,MINEIROS,GOIÁS,Brasil,,,,Cerrado,33,52,5213103,8,,224_073,4.1,POINT(-52.91013 -18.2707)
1815309197,0da5bf6e-6623-30b8-9900-e6005bfb2ad1,-52.90394,-18.27138,2026-04-24 05:21:00+00:00,2026-04-24,NOAA-21,MINEIROS,GOIÁS,Brasil,,,,Cerrado,33,52,5213103,8,,224_073,20.8,POINT(-52.90394 -18.27138)
1815309258,e575a4a7-c40b-3499-9886-a97af3182595,-58.06969,-11.91528,2026-04-24 05:21:00+00:00,2026-04-24,NOAA-21,BRASNORTE,MATO GROSSO,Brasil,,,,Amazônia,33,51,5101902,8,,228_068,0.9,POINT(-58.06969 -11.91528)
1815309290,eba37f75-eb5d-39b8-9225-d583b85ff361,-52.8992,-18.28216,2026-04-24 05:21:00+00:00,2026-04-24,NOAA-21,MINEIROS,GOIÁS,Brasil,,,,Cerrado,33,52,5213103,8,,224_073,1.5,POINT(-52.8992 -18.28216)
1815309409,efe2b16c-708b-38d2-bb12-3f89b94c9702,-57.42347,-14.21107,2026-04-24 05:21:00+00:00,2026-04-24,NOAA-21,NOVA MARILÂNDIA,MATO GROSSO,Brasil,,,,Amazônia,33,51,5108857,8,,227_070,1.9,POINT(-57.42347 -14.21107)
1815309538,6309d1f3-e9a9-3dba-9ece-f13fc4c93d70,-55.32624,-11.60459,2026-04-24 05:21:00+00:00,2026-04-24,NOAA-21,SINOP,MATO GROSSO,Brasil,,,,Amazônia,33,51,5107909,8,,226_068,0.9,POINT(-55.32624 -11.60459)
1815309540,5c4c484b-5eb0-3504-b029-aeb215688412,-52.89848,-18.27711,2026-04-24 05:21:00+00:00,2026-04-24,NOAA-21,MINEIROS,GOIÁS,Brasil,,,,Cerrado,33,52,5213103,8,,224_073,1.5,POINT(-52.89848 -18.27711)
1815309709,3df2a556-37e0-353d-8f7a-9d0d0c51680b,-52.89381,-18.26736,2026-04-24 05:21:00+00:00,2026-04-24,NOAA-21,MINEIROS,GOIÁS,Brasil,,,,Cerrado,33,52,5213103,8,,224_073,7.7,POINT(-52.89381 -18.26736)
1815309714,2618663b-e018-3874-bd22-521e4ba94567,-52.88917,-18.27814,2026-04-24 05:21:00+00:00,2026-04-24,NOAA-21,MINEIROS,GOIÁS,Brasil,,,,Cerrado,33,52,5213103,8,,224_073,0.7,POINT(-52.88917 -18.27814)
1815309731,50ddca44-860a-3acf-acb3-50fcc9056380,-56.64977,-13.9935,2026-04-24 05:21:00+00:00,2026-04-24,NOAA-21,DIAMANTINO,MATO GROSSO,Brasil,,,,Cerrado,33,51,5103502,8,,227_070,3.2,POINT(-56.64977 -13.9935)
1815309802,1d72d2da-d449-3149-ae9f-9df84bc30c10,-52.90538,-18.28148,2026-04-24 05:21:00+00:00,2026-04-24,NOAA-21,MINEIROS,GOIÁS,Brasil,,,,Cerrado,33,52,5213103,8,,224_073,10.9,POINT(-52.90538 -18.28148)
1815309822,1c3348fb-0af7-372a-bec8-9672cbd3bf7e,-52.88838,-18.27309,2026-04-24 05:21:00+00:00,2026-04-24,NOAA-21,MINEIROS,GOIÁS,Brasil,,,,Cerrado,33,52,5213103,8,,224_073,6.1,POINT(-52.88838 -18.27309)
1815309892,730bef7a-2418-39f3-ae67-648bd2f561d8,-52.87984,-18.27917,2026-04-24 05:21:00+00:00,2026-04-24,NOAA-21,MINEIROS,GOIÁS,Brasil,,,,Cerrado,33,52,5213103,8,,224_073,1.5,POINT(-52.87984 -18.27917)
1815310026,059e7251-8933-31a4-ae5d-086323d437d3,-54.91564,-16.4358,2026-04-24 05:21:00+00:00,2026-04-24,NOAA-21,RONDONÓPOLIS,MATO GROSSO,Brasil,,,,Cerrado,33,51,5107602,8,,225_071,2.2,POINT(-54.91564 -16.4358)
1815310362,d55e13b7-0a59-30cf-95f6-cc1ab458e6ca,-52.89462,-18.2724,2026-04-24 05:21:00+00:00,2026-04-24,NOAA-21,MINEIROS,GOIÁS,Brasil,,,,Cerrado,33,52,5213103,8,,224_073,7.7,POINT(-52.89462 -18.2724)
1815310363,a7581560-e14b-3437-b537-b962edfe663a,-54.59355,-18.23052,2026-04-24 05:21:00+00:00,2026-04-24,NOAA-21,PEDRO GOMES,MATO GROSSO DO SUL,Brasil,,,,Cerrado,33,50,5006408,8,,225_073,2.3,POINT(-54.59355 -18.23052)
1815310371,88fc4b1f-74f2-30d5-ba23-327c3881e8ce,-54.68164,-12.99076,2026-04-24 05:21:00+00:00,2026-04-24,NOAA-21,NOVA UBIRATÃ,MATO GROSSO,Brasil,,,,Amazônia,33,51,5106240,8,,226_069,1.2,POINT(-54.68164 -12.99076)
1815310378,cd358062-68de-39c9-9e47-04ae1ee5a475,-52.8806,-18.28422,2026-04-24 05:21:00+00:00,2026-04-24,NOAA-21,MINEIROS,GOIÁS,Brasil,,,,Cerrado,33,52,5213103,8,,224_073,1.5,POINT(-52.8806 -18.28422)
1815310416,3d71f6a2-5c18-30bb-aa7c-eb4a650996ca,-52.90229,-18.28182,2026-04-24 05:21:00+00:00,2026-04-24,NOAA-21,MINEIROS,GOIÁS,Brasil,,,,Cerrado,33,52,5213103,8,,224_073,1.5,POINT(-52.90229 -18.28182)
1815310570,afea6da8-df71-3ab9-834a-6f4e3e8d811b,-52.88448,-18.26838,2026-04-24 05:21:00+00:00,2026-04-24,NOAA-21,MINEIROS,GOIÁS,Brasil,,,,Cerrado,33,52,5213103,8,,224_073,6.1,POINT(-52.88448 -18.26838)
1815310596,54a0751b-1513-3882-9446-30b118f941c1,-56.65379,-13.98912,2026-04-24 05:21:00+00:00,2026-04-24,NOAA-21,DIAMANTINO,MATO GROSSO,Brasil,,,,Cerrado,33,51,5103502,8,,227_070,3.2,POINT(-56.65379 -13.98912)
1815310885,c54d8b81-dd63-3318-b923-f4b8c76ce306,-52.90084,-18.27172,2026-04-24 05:21:00+00:00,2026-04-24,NOAA-21,MINEIROS,GOIÁS,Brasil,,,,Cerrado,33,52,5213103,8,,224_073,15.0,POINT(-52.90084 -18.27172)
1815311200,820d9a1a-23a9-3072-9c45-2300b4fd31e0,-59.36116,-10.67925,2026-04-24 05:21:00+00:00,2026-04-24,NOAA-21,ARIPUANÃ,MATO GROSSO,Brasil,,,,Amazônia,33,51,5101407,8,,229_067,0.8,POINT(-59.36116 -10.67925)
1815311326,42fb2d0b-2121-322e-b4c9-101d452f1b9d,-57.78623,-12.34551,2026-04-24 05:21:00+00:00,2026-04-24,NOAA-21,BRASNORTE,MATO GROSSO,Brasil,,,,Amazônia,33,51,5101902,8,,228_069,1.1,POINT(-57.78623 -12.34551)
1815311400,5155412a-0ed3-3874-97f6-c1d5a4bb6e88,-54.91863,-16.42664,2026-04-24 05:21:00+00:00,2026-04-24,NOAA-21,RONDONÓPOLIS,MATO GROSSO,Brasil,,,,Cerrado,33,51,5107602,8,,225_071,5.0,POINT(-54.91863 -16.42664)
1815311457,17f6c6d3-5e64-3817-952d-f7ae91680dd5,-51.08745,-17.48494,2026-04-24 05:21:00+00:00,2026-04-24,NOAA-21,MONTIVIDIU,GOIÁS,Brasil,,,,Cerrado,33,52,5213756,8,,223_072,1.4,POINT(-51.08745 -17.48494)
1815311546,35921065-4cb2-3f6f-a9da-12fcad705780,-57.42724,-14.20686,2026-04-24 05:21:00+00:00,2026-04-24,NOAA-21,NOVA MARILÂNDIA,MATO GROSSO,Brasil,,,,Amazônia,33,51,5108857,8,,227_070,1.1,POINT(-57.42724 -14.20686)
1815311563,107c3b65-ab1f-37b7-b7fc-ff3ec767135e,-58.08122,-11.94146,2026-04-24 05:21:00+00:00,2026-04-24,NOAA-21,BRASNORTE,MATO GROSSO,Brasil,,,,Amazônia,33,51,5101902,8,,228_068,0.8,POINT(-58.08122 -11.94146)
1815311672,72eee5fb-65ab-388a-a468-f1db88fd7b02,-54.92209,-16.42182,2026-04-24 05:21:00+00:00,2026-04-24,NOAA-21,RONDONÓPOLIS,MATO GROSSO,Brasil,,,,Cerrado,33,51,5107602,8,,225_071,4.4,POINT(-54.92209 -16.42182)
1815311736,f17e1463-7754-3cf4-bf9b-8f103bc3c2e0,-54.91803,-16.42233,2026-04-24 05:21:00+00:00,2026-04-24,NOAA-21,RONDONÓPOLIS,MATO GROSSO,Brasil,,,,Cerrado,33,51,5107602,8,,225_071,5.0,POINT(-54.91803 -16.42233)
1815311843,2e6604b1-c9bc-3bce-936a-3d910966ab73,-62.46625,-9.56494,2026-04-24 05:21:00+00:00,2026-04-24,NOAA-21,RIO CRESPO,RONDÔNIA,Brasil,,,,Amazônia,33,11,1100262,8,,231_067,0.7,POINT(-62.46625 -9.56494)
1815312020,02f17fd3-5370-3170-9f15-9a17f145db6a,-52.90467,-18.27643,2026-04-24 05:21:00+00:00,2026-04-24,NOAA-21,MINEIROS,GOIÁS,Brasil,,,,Cerrado,33,52,5213103,8,,224_073,10.9,POINT(-52.90467 -18.27643)
1815312273,af0eb936-6eb6-3f0b-bb38-18c266561729,-58.08557,-11.94433,2026-04-24 05:21:00+00:00,2026-04-24,NOAA-21,BRASNORTE,MATO GROSSO,Brasil,,,,Amazônia,33,51,5101902,8,,228_068,0.8,POINT(-58.08557 -11.94433)
1815312478,86341b8f-5a58-34be-b8e6-c02150445575,-54.5943,-18.22753,2026-04-24 05:21:00+00:00,2026-04-24,NOAA-21,PEDRO GOMES,MATO GROSSO DO SUL,Brasil,,,,Cerrado,33,50,5006408,8,,225_073,1.7,POINT(-54.5943 -18.22753)
1815309705,56171677-5155-32d8-a1ca-c93096860a10,-52.69757,-22.97125,2026-04-24 05:23:00+00:00,2026-04-24,NOAA-21,GUAIRAÇÁ,PARANÁ,Brasil,,,,Mata Atlântica,33,41,4108908,8,,223_076,2.6,POINT(-52.69757 -22.97125)
1815307869,7a2ea97f-d8fa-33d8-991f-b144b91de8fd,-55.17435,-20.72129,2026-04-24 05:23:00+00:00,2026-04-24,NOAA-21,SIDROLÂNDIA,MATO GROSSO DO SUL,Brasil,,,,Cerrado,33,50,5007901,8,,225_074,1.3,POINT(-55.17435 -20.72129)
1815310576,4f11a758-0a3d-3c9d-b845-3d7fd49fb213,-56.6184,-19.44893,2026-04-24 05:23:00+00:00,2026-04-24,NOAA-21,CORUMBÁ,MATO GROSSO DO SUL,Brasil,,,,Pantanal,33,50,5003207,8,,226_073,1.1,POINT(-56.6184 -19.44893)
1815310701,a3e33d43-d824-3f04-9369-e91c7ef326c6,-55.17387,-20.71678,2026-04-24 05:23:00+00:00,2026-04-24,NOAA-21,SIDROLÂNDIA,MATO GROSSO DO SUL,Brasil,,,,Cerrado,33,50,5007901,8,,225_074,1.0,POINT(-55.17387 -20.71678)
1815310535,64a84270-0d3e-3cfc-bb58-a4b643c224c8,-56.06147,-19.09699,2026-04-24 05:23:00+00:00,2026-04-24,NOAA-21,CORUMBÁ,MATO GROSSO DO SUL,Brasil,,,,Pantanal,33,50,5003207,8,,226_073,2.2,POINT(-56.06147 -19.09699)
1815311574,8c4b30ff-5c65-398d-9e6b-a3b050c411e2,-52.69371,-22.97161,2026-04-24 05:23:00+00:00,2026-04-24,NOAA-21,GUAIRAÇÁ,PARANÁ,Brasil,,,,Mata Atlântica,33,41,4108908,8,,223_076,1.9,POINT(-52.69371 -22.97161)
1815311740,4fe1554a-80fa-39f8-a2f0-b26c2b287d07,-56.57635,-19.44603,2026-04-24 05:23:00+00:00,2026-04-24,NOAA-21,CORUMBÁ,MATO GROSSO DO SUL,Brasil,,,,Pantanal,33,50,5003207,8,,226_073,1.6,POINT(-56.57635 -19.44603)
1815306570,db71b099-dd52-3063-97ed-24982b2a5535,-56.61238,-19.43327,2026-04-24 05:23:00+00:00,2026-04-24,NOAA-21,CORUMBÁ,MATO GROSSO DO SUL,Brasil,,,,Pantanal,33,50,5003207,8,,226_073,1.4,POINT(-56.61238 -19.43327)
1815307186,16eba250-401e-3211-a676-349d65d6bca3,-56.61898,-19.45296,2026-04-24 05:23:00+00:00,2026-04-24,NOAA-21,CORUMBÁ,MATO GROSSO DO SUL,Brasil,,,,Pantanal,33,50,5003207,8,,226_073,4.7,POINT(-56.61898 -19.45296)
1815308013,7f38a66b-4b29-3a5f-8b1f-7e7585d4fba8,-56.06207,-19.10115,2026-04-24 05:23:00+00:00,2026-04-24,NOAA-21,CORUMBÁ,MATO GROSSO DO SUL,Brasil,,,,Pantanal,33,50,5003207,8,,226_073,1.7,POINT(-56.06207 -19.10115)
1815312141,723d77e4-a49c-3fef-9041-2570852a6480,-56.57578,-19.44199,2026-04-24 05:23:00+00:00,2026-04-24,NOAA-21,CORUMBÁ,MATO GROSSO DO SUL,Brasil,,,,Pantanal,33,50,5003207,8,,226_073,1.6,POINT(-56.57578 -19.44199)
1815294955,74d694dd-78b9-36aa-91ac-bf246f85a778,-52.8767,-18.2863,2026-04-24 05:30:00+00:00,2026-04-24,GOES-19,MINEIROS,GOIÁS,Brasil,,,,Cerrado,33,52,5213103,8,,224_073,52.8,POINT(-52.8767 -18.2863)
1815294953,52b72678-31ea-3d42-8ab3-dd7016903e05,-52.9232,-18.2654,2026-04-24 05:30:00+00:00,2026-04-24,GOES-19,MINEIROS,GOIÁS,Brasil,,,,Cerrado,33,52,5213103,8,,224_073,49.8,POINT(-52.9232 -18.2654)
1815294952,39230c87-f16b-35c5-8ba5-06cf5e4f792e,-52.92,-18.2854,2026-04-24 05:30:00+00:00,2026-04-24,GOES-19,MINEIROS,GOIÁS,Brasil,,,,Cerrado,33,52,5213103,8,,224_073,144.7,POINT(-52.92 -18.2854)
1815294946,bcf8c9f5-01d9-3174-85cb-afde3881d39a,-52.9016,-18.2659,2026-04-24 05:30:00+00:00,2026-04-24,GOES-19,MINEIROS,GOIÁS,Brasil,,,,Cerrado,33,52,5213103,8,,224_073,75.2,POINT(-52.9016 -18.2659)
1815294949,93ae054a-9cb2-33a1-967a-758c5130efb2,-52.8983,-18.2858,2026-04-24 05:30:00+00:00,2026-04-24,GOES-19,MINEIROS,GOIÁS,Brasil,,,,Cerrado,33,52,5213103,8,,224_073,168.9,POINT(-52.8983 -18.2858)
1815294963,fcd80186-c4db-3034-a3d5-28d7e8e5e53d,-52.92,-18.2854,2026-04-24 05:40:00+00:00,2026-04-24,GOES-19,MINEIROS,GOIÁS,Brasil,,,,Cerrado,33,52,5213103,8,,224_073,217.6,POINT(-52.92 -18.2854)
1815294956,fddb05df-d118-35fa-a255-7670fdf6961c,-52.9167,-18.3053,2026-04-24 05:40:00+00:00,2026-04-24,GOES-19,COSTA RICA,MATO GROSSO DO SUL,Brasil,,,,Cerrado,33,50,5003256,8,,224_073,67.4,POINT(-52.9167 -18.3053)
1815294965,c76ca4fd-4c13-3e47-a9df-e0f5d6cc64de,-52.9016,-18.2659,2026-04-24 05:40:00+00:00,2026-04-24,GOES-19,MINEIROS,GOIÁS,Brasil,,,,Cerrado,33,52,5213103,8,,224_073,115.8,POINT(-52.9016 -18.2659)
1815294958,896c5c3b-f263-3718-a7eb-a8d1ef61ecfa,-52.8983,-18.2858,2026-04-24 05:40:00+00:00,2026-04-24,GOES-19,MINEIROS,GOIÁS,Brasil,,,,Cerrado,33,52,5213103,8,,224_073,235.9,POINT(-52.8983 -18.2858)
1815294959,2677ca2c-b11f-3c7d-85a0-b7eff7d2f874,-52.9232,-18.2654,2026-04-24 05:40:00+00:00,2026-04-24,GOES-19,MINEIROS,GOIÁS,Brasil,,,,Cerrado,33,52,5213103,8,,224_073,78.9,POINT(-52.9232 -18.2654)
1815294961,978692a5-5e48-323e-9a4c-13c6e9a944a4,-52.8767,-18.2863,2026-04-24 05:40:00+00:00,2026-04-24,GOES-19,MINEIROS,GOIÁS,Brasil,,,,Cerrado,33,52,5213103,8,,224_073,38.4,POINT(-52.8767 -18.2863)
1815296678,7d1d6384-ac9c-3248-a229-0520fd949d12,-52.9016,-18.2659,2026-04-24 05:50:00+00:00,2026-04-24,GOES-19,MINEIROS,GOIÁS,Brasil,,,,Cerrado,33,52,5213103,8,,224_073,33.6,POINT(-52.9016 -18.2659)
1815295445,9bc259d0-792b-32f4-b5a8-ead44fb10a06,-52.9167,-18.3053,2026-04-24 05:50:00+00:00,2026-04-24,GOES-19,COSTA RICA,MATO GROSSO DO SUL,Brasil,,,,Cerrado,33,50,5003256,8,,224_073,44.9,POINT(-52.9167 -18.3053)
1815296810,d3939887-8628-3c6c-be38-73c15fa67872,-52.8983,-18.2858,2026-04-24 05:50:00+00:00,2026-04-24,GOES-19,MINEIROS,GOIÁS,Brasil,,,,Cerrado,33,52,5213103,8,,224_073,188.7,POINT(-52.8983 -18.2858)
1815295650,2e421609-4dd4-3aef-95c0-6a5d538c1ccd,-52.9416,-18.2849,2026-04-24 05:50:00+00:00,2026-04-24,GOES-19,MINEIROS,GOIÁS,Brasil,,,,Cerrado,33,52,5213103,8,,224_073,40.8,POINT(-52.9416 -18.2849)
1815295929,9b37613f-171a-3acf-94b6-d3472ab1e68b,-52.9232,-18.2654,2026-04-24 05:50:00+00:00,2026-04-24,GOES-19,MINEIROS,GOIÁS,Brasil,,,,Cerrado,33,52,5213103,8,,224_073,36.6,POINT(-52.9232 -18.2654)
1815296415,d1574805-db7f-324f-9d76-22d5120b07d6,-52.92,-18.2854,2026-04-24 05:50:00+00:00,2026-04-24,GOES-19,MINEIROS,GOIÁS,Brasil,,,,Cerrado,33,52,5213103,8,,224_073,247.1,POINT(-52.92 -18.2854)
1815316115,0110d191-a7fb-3c86-8ed5-6447abe306e0,-58.07737,-11.91414,2026-04-24 05:53:00+00:00,2026-04-24,NPP-375D,BRASNORTE,MATO GROSSO,Brasil,,,,Amazônia,33,51,5101902,8,,228_068,1.1,POINT(-58.07737 -11.91414)
1815316242,945c5016-8109-33f1-b685-00dd6a926ab0,-54.91823,-16.42651,2026-04-24 05:53:00+00:00,2026-04-24,NPP-375D,RONDONÓPOLIS,MATO GROSSO,Brasil,,,,Cerrado,33,51,5107602,8,,225_071,2.4,POINT(-54.91823 -16.42651)
1815313678,d824b7bf-0a0a-3f2c-affa-c9a077e7acf1,-58.07209,-11.91259,2026-04-24 05:53:00+00:00,2026-04-24,NPP-375D,BRASNORTE,MATO GROSSO,Brasil,,,,Amazônia,33,51,5101902,8,,228_068,1.4,POINT(-58.07209 -11.91259)
1815313162,c6e3a18e-872b-38ab-842d-0271091c4915,-57.48502,-13.7172,2026-04-24 05:53:00+00:00,2026-04-24,NPP-375D,CAMPO NOVO DO PARECIS,MATO GROSSO,Brasil,,,,Cerrado,33,51,5102637,8,,227_070,1.8,POINT(-57.48502 -13.7172)
1815315333,833b738b-6930-357c-a4a0-a6dc2e03458f,-58.0706,-11.90975,2026-04-24 05:53:00+00:00,2026-04-24,NPP-375D,BRASNORTE,MATO GROSSO,Brasil,,,,Amazônia,33,51,5101902,8,,228_068,0.6,POINT(-58.0706 -11.90975)
1815315511,d030830c-d999-31f3-9b90-bec55129e309,-54.92365,-16.42598,2026-04-24 05:53:00+00:00,2026-04-24,NPP-375D,RONDONÓPOLIS,MATO GROSSO,Brasil,,,,Cerrado,33,51,5107602,8,,225_071,6.4,POINT(-54.92365 -16.42598)
1815315670,a04657c5-dd71-3bb6-b9bd-5da4f6a90a17,-54.91746,-16.41986,2026-04-24 05:53:00+00:00,2026-04-24,NPP-375D,RONDONÓPOLIS,MATO GROSSO,Brasil,,,,Cerrado,33,51,5107602,8,,225_071,2.4,POINT(-54.91746 -16.41986)
1815315787,2a32283b-9a2f-3f4b-aac7-a74e6f05f97b,-57.48066,-13.71214,2026-04-24 05:53:00+00:00,2026-04-24,NPP-375D,CAMPO NOVO DO PARECIS,MATO GROSSO,Brasil,,,,Cerrado,33,51,5102637,8,,227_070,0.9,POINT(-57.48066 -13.71214)
1815314523,a633cf98-f0eb-3493-8fb5-f4ffb8616cb0,-58.07121,-11.9149,2026-04-24 05:53:00+00:00,2026-04-24,NPP-375D,BRASNORTE,MATO GROSSO,Brasil,,,,Amazônia,33,51,5101902,8,,228_068,0.6,POINT(-58.07121 -11.9149)
1815314330,68af5161-f664-3995-ae18-238465a09b94,-54.91327,-16.43371,2026-04-24 05:53:00+00:00,2026-04-24,NPP-375D,RONDONÓPOLIS,MATO GROSSO,Brasil,,,,Cerrado,33,51,5107602,8,,225_071,1.2,POINT(-54.91327 -16.43371)
1815313834,42035964-69a3-30ed-89ff-79b3a8344d62,-57.48129,-13.71764,2026-04-24 05:53:00+00:00,2026-04-24,NPP-375D,CAMPO NOVO DO PARECIS,MATO GROSSO,Brasil,,,,Cerrado,33,51,5102637,8,,227_070,0.9,POINT(-57.48129 -13.71764)
1815296862,81519b67-c730-3cf0-b866-d7f95c9c8d25,-52.8983,-18.2858,2026-04-24 06:00:00+00:00,2026-04-24,GOES-19,MINEIROS,GOIÁS,Brasil,,,,Cerrado,33,52,5213103,8,,224_073,51.3,POINT(-52.8983 -18.2858)
1815296868,1a3f2e74-b203-350d-abc1-4d1d004c9e63,-52.92,-18.2854,2026-04-24 06:00:00+00:00,2026-04-24,GOES-19,MINEIROS,GOIÁS,Brasil,,,,Cerrado,33,52,5213103,8,,224_073,42.3,POINT(-52.92 -18.2854)
1815296872,c27cdb5c-5f04-3de2-8f4b-d3462200d715,-52.92,-18.2854,2026-04-24 06:10:00+00:00,2026-04-24,GOES-19,MINEIROS,GOIÁS,Brasil,,,,Cerrado,33,52,5213103,8,,224_073,47.2,POINT(-52.92 -18.2854)
1815296885,591ea694-60c7-3d06-af85-ed007a2d09ef,-52.8983,-18.2858,2026-04-24 06:20:00+00:00,2026-04-24,GOES-19,MINEIROS,GOIÁS,Brasil,,,,Cerrado,33,52,5213103,8,,224_073,157.3,POINT(-52.8983 -18.2858)
1815296882,93057816-ad2c-3e26-ac98-f6fc36eddbca,-52.8951,-18.3058,2026-04-24 06:20:00+00:00,2026-04-24,GOES-19,MINEIROS,GOIÁS,Brasil,,,,Cerrado,33,52,5213103,8,,224_073,80.9,POINT(-52.8951 -18.3058)
1815296883,d62aabe3-7111-3c8a-848a-9c90e1a4f8bd,-52.9016,-18.2659,2026-04-24 06:20:00+00:00,2026-04-24,GOES-19,MINEIROS,GOIÁS,Brasil,,,,Cerrado,33,52,5213103,8,,224_073,43.3,POINT(-52.9016 -18.2659)
1815296881,f48a9827-03be-3243-be91-ca44bd7153c9,-52.9167,-18.3053,2026-04-24 06:20:00+00:00,2026-04-24,GOES-19,COSTA RICA,MATO GROSSO DO SUL,Brasil,,,,Cerrado,33,50,5003256,8,,224_073,116.4,POINT(-52.9167 -18.3053)
1815296884,20a6f230-7442-3fc2-afed-b2b73d12ffc7,-52.92,-18.2854,2026-04-24 06:20:00+00:00,2026-04-24,GOES-19,MINEIROS,GOIÁS,Brasil,,,,Cerrado,33,52,5213103,8,,224_073,192.4,POINT(-52.92 -18.2854)
1815296889,2a9d499c-3b0f-3011-b744-43261d62a11a,-52.9232,-18.2654,2026-04-24 06:20:00+00:00,2026-04-24,GOES-19,MINEIROS,GOIÁS,Brasil,,,,Cerrado,33,52,5213103,8,,224_073,42.4,POINT(-52.9232 -18.2654)
1815321409,debb9660-c2bc-3bfe-ad7f-720c32a3372f,-54.91295,-16.42246,2026-04-24 06:57:00+00:00,2026-04-24,AQUA_M-M,RONDONÓPOLIS,MATO GROSSO,Brasil,,,,Cerrado,33,51,5107602,8,,225_071,13.4,POINT(-54.91295 -16.42246)
1815321645,9c7e0266-11d8-30ad-b071-4c8e4bb40bdf,-54.92277,-16.42106,2026-04-24 06:57:00+00:00,2026-04-24,AQUA_M-M,RONDONÓPOLIS,MATO GROSSO,Brasil,,,,Cerrado,33,51,5107602,8,,225_071,10.0,POINT(-54.92277 -16.42106)
1815313603,04fa7217-4a3f-31ab-b38c-8e30a88b4400,-54.92279,-16.42106,2026-04-24 06:57:00+00:00,2026-04-24,AQUA_M-M,RONDONÓPOLIS,MATO GROSSO,Brasil,,,,Cerrado,33,51,5107602,8,,225_071,10.0,POINT(-54.92279 -16.42106)
1815315495,ce9ab58d-2e44-37f9-9c1a-56caff102e5d,-54.91296,-16.42246,2026-04-24 06:57:00+00:00,2026-04-24,AQUA_M-M,RONDONÓPOLIS,MATO GROSSO,Brasil,,,,Cerrado,33,51,5107602,8,,225_071,13.4,POINT(-54.91296 -16.42246)
1815314938,55a7caa3-089f-3372-a781-00fcf65abbfc,-52.90546,-18.2731,2026-04-24 06:59:00+00:00,2026-04-24,AQUA_M-M,MINEIROS,GOIÁS,Brasil,,,,Cerrado,33,52,5213103,8,,224_073,113.8,POINT(-52.90546 -18.2731)
1815322134,8c1d9e2b-24fa-38ec-b5a3-d1644d32d9b9,-52.9143,-18.28731,2026-04-24 06:59:00+00:00,2026-04-24,AQUA_M-M,MINEIROS,GOIÁS,Brasil,,,,Cerrado,33,52,5213103,8,,224_073,468.0,POINT(-52.9143 -18.28731)
1815321302,c92a5c7c-22f9-3310-b144-ec3434b767cd,-52.88327,-18.26947,2026-04-24 06:59:00+00:00,2026-04-24,AQUA_M-M,MINEIROS,GOIÁS,Brasil,,,,Cerrado,33,52,5213103,8,,224_073,16.2,POINT(-52.88327 -18.26947)
1815321274,5d779f38-d03d-358b-85df-1c30bd34d4ed,-52.90545,-18.2731,2026-04-24 06:59:00+00:00,2026-04-24,AQUA_M-M,MINEIROS,GOIÁS,Brasil,,,,Cerrado,33,52,5213103,8,,224_073,113.8,POINT(-52.90545 -18.2731)
1815321141,b32bed29-c8d7-351d-b955-166ef26363df,-52.90039,-18.28905,2026-04-24 06:59:00+00:00,2026-04-24,AQUA_M-M,MINEIROS,GOIÁS,Brasil,,,,Cerrado,33,52,5213103,8,,224_073,393.4,POINT(-52.90039 -18.28905)
1815321129,28acce16-83be-3f3e-9f46-4a28fd42c6d1,-52.94347,-18.29447,2026-04-24 06:59:00+00:00,2026-04-24,AQUA_M-M,MINEIROS,GOIÁS,Brasil,,,,Cerrado,33,52,5213103,8,,224_073,9.5,POINT(-52.94347 -18.29447)
1815315913,29303a0d-8a72-373e-8a33-bffbb9fb0622,-52.89728,-18.26774,2026-04-24 06:59:00+00:00,2026-04-24,AQUA_M-M,MINEIROS,GOIÁS,Brasil,,,,Cerrado,33,52,5213103,8,,224_073,27.0,POINT(-52.89728 -18.26774)
1815312905,eee68a01-482a-3696-a452-5e168d6672cf,-52.88329,-18.26947,2026-04-24 06:59:00+00:00,2026-04-24,AQUA_M-M,MINEIROS,GOIÁS,Brasil,,,,Cerrado,33,52,5213103,8,,224_073,16.2,POINT(-52.88329 -18.26947)
1815313091,9e67c807-a237-3c89-9191-5293499f59fa,-52.90041,-18.28905,2026-04-24 06:59:00+00:00,2026-04-24,AQUA_M-M,MINEIROS,GOIÁS,Brasil,,,,Cerrado,33,52,5213103,8,,224_073,393.4,POINT(-52.90041 -18.28905)
1815313235,e53988a3-581c-3942-84b2-e86fdc6a5a82,-52.91582,-18.29796,2026-04-24 06:59:00+00:00,2026-04-24,AQUA_M-M,MINEIROS,GOIÁS,Brasil,,,,Cerrado,33,52,5213103,8,,224_073,13.5,POINT(-52.91582 -18.29796)
1815313296,1a29ebde-52b6-3fde-a1e9-f8549d1998eb,-52.89152,-18.27493,2026-04-24 06:59:00+00:00,2026-04-24,AQUA_M-M,MINEIROS,GOIÁS,Brasil,,,,Cerrado,33,52,5213103,8,,224_073,110.7,POINT(-52.89152 -18.27493)
1815313643,f17cebab-b5fc-3841-9eab-6304ff1355c9,-52.89888,-18.27839,2026-04-24 06:59:00+00:00,2026-04-24,AQUA_M-M,MINEIROS,GOIÁS,Brasil,,,,Cerrado,33,52,5213103,8,,224_073,341.8,POINT(-52.89888 -18.27839)
1815313683,98e5bcf9-6a85-371a-ad97-8a48d8c6b622,-52.94349,-18.29447,2026-04-24 06:59:00+00:00,2026-04-24,AQUA_M-M,MINEIROS,GOIÁS,Brasil,,,,Cerrado,33,52,5213103,8,,224_073,9.5,POINT(-52.94349 -18.29447)
1815313763,3c0c715e-afd3-3dd5-b5a7-006b3db13563,-52.91431,-18.28731,2026-04-24 06:59:00+00:00,2026-04-24,AQUA_M-M,MINEIROS,GOIÁS,Brasil,,,,Cerrado,33,52,5213103,8,,224_073,468.0,POINT(-52.91431 -18.28731)
1815315484,48f3b54f-cf8a-3085-ad8b-bff0ce2a8067,-56.6199,-19.45166,2026-04-24 06:59:00+00:00,2026-04-24,AQUA_M-M,CORUMBÁ,MATO GROSSO DO SUL,Brasil,,,,Pantanal,33,50,5003207,8,,226_073,6.5,POINT(-56.6199 -19.45166)
1815314550,57428508-420c-320d-bd2e-39cc9b4f3675,-52.9128,-18.27666,2026-04-24 06:59:00+00:00,2026-04-24,AQUA_M-M,MINEIROS,GOIÁS,Brasil,,,,Cerrado,33,52,5213103,8,,224_073,78.6,POINT(-52.9128 -18.27666)
1815321942,f3578353-9e04-3093-b1ab-aa84f5bfc60e,-52.91581,-18.29796,2026-04-24 06:59:00+00:00,2026-04-24,AQUA_M-M,MINEIROS,GOIÁS,Brasil,,,,Cerrado,33,52,5213103,8,,224_073,13.5,POINT(-52.91581 -18.29796)
1815321789,5b8760ef-51ad-3e80-a71a-e7f8246ea21e,-52.89151,-18.27493,2026-04-24 06:59:00+00:00,2026-04-24,AQUA_M-M,MINEIROS,GOIÁS,Brasil,,,,Cerrado,33,52,5213103,8,,224_073,110.7,POINT(-52.89151 -18.27493)
1815321571,d01e65d7-3dbc-3fab-b13d-0a8137588dfe,-52.89887,-18.27839,2026-04-24 06:59:00+00:00,2026-04-24,AQUA_M-M,MINEIROS,GOIÁS,Brasil,,,,Cerrado,33,52,5213103,8,,224_073,341.8,POINT(-52.89887 -18.27839)
1815321526,a482efb0-b4da-3ddd-84fb-1aee7e2e0fea,-52.89727,-18.26774,2026-04-24 06:59:00+00:00,2026-04-24,AQUA_M-M,MINEIROS,GOIÁS,Brasil,,,,Cerrado,33,52,5213103,8,,224_073,27.0,POINT(-52.89727 -18.26774)
1815321445,9d3ef506-4f62-34f5-b267-8c30b8235f8c,-52.91278,-18.27666,2026-04-24 06:59:00+00:00,2026-04-24,AQUA_M-M,MINEIROS,GOIÁS,Brasil,,,,Cerrado,33,52,5213103,8,,224_073,78.6,POINT(-52.91278 -18.27666)
1815321305,e5beae9b-b484-3f73-a234-e2fb22e5ad2f,-56.61988,-19.45166,2026-04-24 06:59:00+00:00,2026-04-24,AQUA_M-M,CORUMBÁ,MATO GROSSO DO SUL,Brasil,,,,Pantanal,33,50,5003207,8,,226_073,6.5,POINT(-56.61988 -19.45166)
1815304003,629001f5-54cb-3359-9196-3b8828384458,-52.8767,-18.2863,2026-04-24 07:00:00+00:00,2026-04-24,GOES-19,MINEIROS,GOIÁS,Brasil,,,,Cerrado,33,52,5213103,8,,224_073,36.5,POINT(-52.8767 -18.2863)
1815304030,b917979d-d283-319c-940e-413a5861800b,-52.9167,-18.3053,2026-04-24 07:00:00+00:00,2026-04-24,GOES-19,COSTA RICA,MATO GROSSO DO SUL,Brasil,,,,Cerrado,33,50,5003256,8,,224_073,189.1,POINT(-52.9167 -18.3053)
1815303139,15ff3148-f874-349b-847a-87f71e107057,-52.8983,-18.2858,2026-04-24 07:00:00+00:00,2026-04-24,GOES-19,MINEIROS,GOIÁS,Brasil,,,,Cerrado,33,52,5213103,8,,224_073,278.3,POINT(-52.8983 -18.2858)
1815303474,481c7111-73f7-3016-86de-3a34a7a53dc9,-52.9016,-18.2659,2026-04-24 07:00:00+00:00,2026-04-24,GOES-19,MINEIROS,GOIÁS,Brasil,,,,Cerrado,33,52,5213103,8,,224_073,41.0,POINT(-52.9016 -18.2659)
1815304907,b3f9d14e-72d8-34f3-a5c7-67d1fda07835,-52.92,-18.2854,2026-04-24 07:00:00+00:00,2026-04-24,GOES-19,MINEIROS,GOIÁS,Brasil,,,,Cerrado,33,52,5213103,8,,224_073,257.2,POINT(-52.92 -18.2854)
1815304129,2d53f8ff-3022-31dd-a618-d068d51ccafe,-52.8951,-18.3058,2026-04-24 07:00:00+00:00,2026-04-24,GOES-19,MINEIROS,GOIÁS,Brasil,,,,Cerrado,33,52,5213103,8,,224_073,184.1,POINT(-52.8951 -18.3058)
1815306166,86370abd-1458-34a2-b5f7-d70b72b2ee48,-52.8983,-18.2858,2026-04-24 07:10:00+00:00,2026-04-24,GOES-19,MINEIROS,GOIÁS,Brasil,,,,Cerrado,33,52,5213103,8,,224_073,84.9,POINT(-52.8983 -18.2858)
1815306171,9f05bee1-4dfd-36d2-86c0-a562dc55174c,-52.9167,-18.3053,2026-04-24 07:10:00+00:00,2026-04-24,GOES-19,COSTA RICA,MATO GROSSO DO SUL,Brasil,,,,Cerrado,33,50,5003256,8,,224_073,83.4,POINT(-52.9167 -18.3053)
1815306167,abcdb9f7-a5ca-34a0-b160-14c646d8a8be,-52.92,-18.2854,2026-04-24 07:10:00+00:00,2026-04-24,GOES-19,MINEIROS,GOIÁS,Brasil,,,,Cerrado,33,52,5213103,8,,224_073,79.7,POINT(-52.92 -18.2854)
1815306170,5bb428ab-44ba-36e6-ad2e-f8db57545585,-52.8951,-18.3058,2026-04-24 07:10:00+00:00,2026-04-24,GOES-19,MINEIROS,GOIÁS,Brasil,,,,Cerrado,33,52,5213103,8,,224_073,60.3,POINT(-52.8951 -18.3058)
1815306176,27ff90ed-53cc-32cc-817b-695bbe48b677,-52.8983,-18.2858,2026-04-24 07:20:00+00:00,2026-04-24,GOES-19,MINEIROS,GOIÁS,Brasil,,,,Cerrado,33,52,5213103,8,,224_073,199.8,POINT(-52.8983 -18.2858)
1815306174,2abdbeba-dd29-365a-b590-da6ecc515a88,-52.8951,-18.3058,2026-04-24 07:20:00+00:00,2026-04-24,GOES-19,MINEIROS,GOIÁS,Brasil,,,,Cerrado,33,52,5213103,8,,224_073,148.9,POINT(-52.8951 -18.3058)
1815306177,4c888132-3aff-3efa-8ad9-bc62a4c43980,-52.9167,-18.3053,2026-04-24 07:20:00+00:00,2026-04-24,GOES-19,COSTA RICA,MATO GROSSO DO SUL,Brasil,,,,Cerrado,33,50,5003256,8,,224_073,142.5,POINT(-52.9167 -18.3053)
1815306175,b4143185-6a49-39f7-80e4-6ada9d8bef67,-52.92,-18.2854,2026-04-24 07:20:00+00:00,2026-04-24,GOES-19,MINEIROS,GOIÁS,Brasil,,,,Cerrado,33,52,5213103,8,,224_073,167.3,POINT(-52.92 -18.2854)
1815306183,ba8d8295-4bf9-39c8-a895-1304a0bc63f8,-52.92,-18.2854,2026-04-24 07:30:00+00:00,2026-04-24,GOES-19,MINEIROS,GOIÁS,Brasil,,,,Cerrado,33,52,5213103,8,,224_073,121.6,POINT(-52.92 -18.2854)
1815306185,97f82dd1-0816-3623-8f18-c574960e725d,-52.8951,-18.3058,2026-04-24 07:30:00+00:00,2026-04-24,GOES-19,MINEIROS,GOIÁS,Brasil,,,,Cerrado,33,52,5213103,8,,224_073,127.7,POINT(-52.8951 -18.3058)
1815306188,f5815f6e-3d66-35b2-bc7e-c45b937fe171,-52.9167,-18.3053,2026-04-24 07:30:00+00:00,2026-04-24,GOES-19,COSTA RICA,MATO GROSSO DO SUL,Brasil,,,,Cerrado,33,50,5003256,8,,224_073,194.1,POINT(-52.9167 -18.3053)
1815306189,c04dab1f-797e-3868-b5e2-fe0797fa4d24,-52.8983,-18.2858,2026-04-24 07:30:00+00:00,2026-04-24,GOES-19,MINEIROS,GOIÁS,Brasil,,,,Cerrado,33,52,5213103,8,,224_073,104.4,POINT(-52.8983 -18.2858)
1815306200,b2f97dad-ac6d-3f95-bbf5-751577884342,-52.92,-18.2854,2026-04-24 07:40:00+00:00,2026-04-24,GOES-19,MINEIROS,GOIÁS,Brasil,,,,Cerrado,33,52,5213103,8,,224_073,75.6,POINT(-52.92 -18.2854)
1815306195,9af7b11b-3e48-3cb8-ac95-55aa3762f48e,-52.8951,-18.3058,2026-04-24 07:40:00+00:00,2026-04-24,GOES-19,MINEIROS,GOIÁS,Brasil,,,,Cerrado,33,52,5213103,8,,224_073,174.1,POINT(-52.8951 -18.3058)
1815306197,87443c1e-250a-35e1-8562-49b6e652f621,-52.9167,-18.3053,2026-04-24 07:40:00+00:00,2026-04-24,GOES-19,COSTA RICA,MATO GROSSO DO SUL,Brasil,,,,Cerrado,33,50,5003256,8,,224_073,229.8,POINT(-52.9167 -18.3053)
1815306198,0f7b0bd1-f4f5-3f96-a171-384dbddc2955,-52.8983,-18.2858,2026-04-24 07:40:00+00:00,2026-04-24,GOES-19,MINEIROS,GOIÁS,Brasil,,,,Cerrado,33,52,5213103,8,,224_073,74.4,POINT(-52.8983 -18.2858)
1815309170,dd76580f-5371-3411-8d90-ef67c3f23d00,-52.92,-18.2854,2026-04-24 07:50:00+00:00,2026-04-24,GOES-19,MINEIROS,GOIÁS,Brasil,,,,Cerrado,33,52,5213103,8,,224_073,90.6,POINT(-52.92 -18.2854)
1815307274,2a3eebaa-da34-319b-92ef-e296c48fc9e7,-52.9167,-18.3053,2026-04-24 07:50:00+00:00,2026-04-24,GOES-19,COSTA RICA,MATO GROSSO DO SUL,Brasil,,,,Cerrado,33,50,5003256,8,,224_073,256.1,POINT(-52.9167 -18.3053)
1815308430,e41a8db4-e7fd-3dac-a4bb-e6d1a9ccfbfa,-52.8951,-18.3058,2026-04-24 07:50:00+00:00,2026-04-24,GOES-19,MINEIROS,GOIÁS,Brasil,,,,Cerrado,33,52,5213103,8,,224_073,129.0,POINT(-52.8951 -18.3058)
1815311093,12572fb3-865b-37f4-bf73-ec7194be9a8b,-52.8983,-18.2858,2026-04-24 07:50:00+00:00,2026-04-24,GOES-19,MINEIROS,GOIÁS,Brasil,,,,Cerrado,33,52,5213103,8,,224_073,58.0,POINT(-52.8983 -18.2858)
1815312615,bcee4061-fd5e-3b92-96fa-e0e8267ad392,-52.92,-18.2854,2026-04-24 08:00:00+00:00,2026-04-24,GOES-19,MINEIROS,GOIÁS,Brasil,,,,Cerrado,33,52,5213103,8,,224_073,98.8,POINT(-52.92 -18.2854)
1815312612,2d64c8f0-9058-3bf4-ab60-2c446a9f6b04,-52.8983,-18.2858,2026-04-24 08:00:00+00:00,2026-04-24,GOES-19,MINEIROS,GOIÁS,Brasil,,,,Cerrado,33,52,5213103,8,,224_073,67.0,POINT(-52.8983 -18.2858)
1815312610,b343fd17-c3da-31de-b9ba-a425e29bf6af,-52.9167,-18.3053,2026-04-24 08:00:00+00:00,2026-04-24,GOES-19,COSTA RICA,MATO GROSSO DO SUL,Brasil,,,,Cerrado,33,50,5003256,8,,224_073,170.9,POINT(-52.9167 -18.3053)
1815312609,ef2bd6a4-390e-384c-9352-0bdeafa92774,-52.8951,-18.3058,2026-04-24 08:00:00+00:00,2026-04-24,GOES-19,MINEIROS,GOIÁS,Brasil,,,,Cerrado,33,52,5213103,8,,224_073,62.2,POINT(-52.8951 -18.3058)
1815312620,cf8d71f3-3cd6-3b08-902b-19c7b6e5ce60,-52.8951,-18.3058,2026-04-24 08:10:00+00:00,2026-04-24,GOES-19,MINEIROS,GOIÁS,Brasil,,,,Cerrado,33,52,5213103,8,,224_073,45.9,POINT(-52.8951 -18.3058)
1815312616,4519db9c-becb-341f-b9d2-8518eb556717,-52.9167,-18.3053,2026-04-24 08:10:00+00:00,2026-04-24,GOES-19,COSTA RICA,MATO GROSSO DO SUL,Brasil,,,,Cerrado,33,50,5003256,8,,224_073,138.5,POINT(-52.9167 -18.3053)
1815312621,a8590c60-77f7-36f5-8e7b-7f790e9db532,-52.92,-18.2854,2026-04-24 08:20:00+00:00,2026-04-24,GOES-19,MINEIROS,GOIÁS,Brasil,,,,Cerrado,33,52,5213103,8,,224_073,45.3,POINT(-52.92 -18.2854)
1815312622,3f18768c-087e-3a5c-a41e-dd2ee17e7b7e,-52.9167,-18.3053,2026-04-24 08:20:00+00:00,2026-04-24,GOES-19,COSTA RICA,MATO GROSSO DO SUL,Brasil,,,,Cerrado,33,50,5003256,8,,224_073,141.5,POINT(-52.9167 -18.3053)
1815312633,f98747bc-da22-3eab-9311-2fc359aa42c1,-52.9167,-18.3053,2026-04-24 08:30:00+00:00,2026-04-24,GOES-19,COSTA RICA,MATO GROSSO DO SUL,Brasil,,,,Cerrado,33,50,5003256,8,,224_073,120.5,POINT(-52.9167 -18.3053)
1815312639,20b530da-c456-3adc-8e24-d62fedced92e,-52.9167,-18.3053,2026-04-24 08:40:00+00:00,2026-04-24,GOES-19,COSTA RICA,MATO GROSSO DO SUL,Brasil,,,,Cerrado,33,50,5003256,8,,224_073,88.8,POINT(-52.9167 -18.3053)
1815316279,4769dd3f-2c54-3790-b7e8-208165738e3e,-52.9167,-18.3053,2026-04-24 08:50:00+00:00,2026-04-24,GOES-19,COSTA RICA,MATO GROSSO DO SUL,Brasil,,,,Cerrado,33,50,5003256,8,,224_073,83.6,POINT(-52.9167 -18.3053)
1815318822,de332674-b92c-3234-84a8-bda0fff8905b,-52.9167,-18.3053,2026-04-24 09:00:00+00:00,2026-04-24,GOES-19,COSTA RICA,MATO GROSSO DO SUL,Brasil,,,,Cerrado,33,50,5003256,8,,224_073,83.3,POINT(-52.9167 -18.3053)
1815344995,faae2fb7-175e-3edc-a8d8-97c4d5405269,-45.301,-13.3766,2026-04-24 11:30:00+00:00,2026-04-24,GOES-19,CORRENTINA,BAHIA,Brasil,,,,Cerrado,33,29,2909307,8,,220_069,102.3,POINT(-45.301 -13.3766)
1815353480,7c6c3992-cc61-3b8a-b791-67e65fc26ba3,-43.65445,-11.77779,2026-04-24 11:42:00+00:00,2026-04-24,TERRA_M-M,BARRA,BAHIA,Brasil,,,,Cerrado,33,29,2902708,8,,219_068,3.5,POINT(-43.65445 -11.77779)
1815353518,3868f43f-e142-3a5f-b68e-15664ec3ac95,-43.64657,-11.76794,2026-04-24 11:42:00+00:00,2026-04-24,TERRA_M-M,BARRA,BAHIA,Brasil,,,,Cerrado,33,29,2902708,8,,219_068,10.3,POINT(-43.64657 -11.76794)
1815352773,92221625-14fc-3a2e-b4c6-e624f6f59814,-43.63758,-11.76922,2026-04-24 11:42:00+00:00,2026-04-24,TERRA_M-M,BARRA,BAHIA,Brasil,,,,Cerrado,33,29,2902708,8,,219_068,7.4,POINT(-43.63758 -11.76922)
1815352728,4678d55b-185a-3224-9ebf-8d9dd3870191,-43.65446,-11.77779,2026-04-24 11:42:00+00:00,2026-04-24,TERRA_M-M,BARRA,BAHIA,Brasil,,,,Cerrado,33,29,2902708,8,,219_068,3.5,POINT(-43.65446 -11.77779)
1815352928,6053040a-0189-30ac-80d6-17119c1898c5,-43.6376,-11.76922,2026-04-24 11:42:00+00:00,2026-04-24,TERRA_M-M,BARRA,BAHIA,Brasil,,,,Cerrado,33,29,2902708,8,,219_068,7.4,POINT(-43.6376 -11.76922)
1815352878,17abe12f-0b74-38fd-9994-c51b8ac83827,-39.4068,-8.6932,2026-04-24 11:42:00+00:00,2026-04-24,TERRA_M-M,ABARÉ,BAHIA,Brasil,,,,Caatinga,33,29,2900207,8,,216_066,6.0,POINT(-39.4068 -8.6932)
1815353110,1d2cd76e-b9c3-34a5-95d4-75d5c95c6ec3,-42.43993,-10.55633,2026-04-24 11:42:00+00:00,2026-04-24,TERRA_M-M,XIQUE-XIQUE,BAHIA,Brasil,,,,Caatinga,33,29,2933604,8,,218_067,9.0,POINT(-42.43993 -10.55633)
1815353062,6f3dccfd-c0f0-36c2-ba0a-de1a49cee1f0,-42.43995,-10.55633,2026-04-24 11:42:00+00:00,2026-04-24,TERRA_M-M,XIQUE-XIQUE,BAHIA,Brasil,,,,Caatinga,33,29,2933604,8,,218_067,9.0,POINT(-42.43995 -10.55633)
1815354057,5a839f9e-6bb8-3a84-8648-28f44170d876,-43.64655,-11.76794,2026-04-24 11:42:00+00:00,2026-04-24,TERRA_M-M,BARRA,BAHIA,Brasil,,,,Cerrado,33,29,2902708,8,,219_068,10.3,POINT(-43.64655 -11.76794)
1815353676,466060d6-81dc-38fd-9f40-26dccb93fd6c,-39.40678,-8.6932,2026-04-24 11:42:00+00:00,2026-04-24,TERRA_M-M,ABARÉ,BAHIA,Brasil,,,,Caatinga,33,29,2900207,8,,216_066,6.0,POINT(-39.40678 -8.6932)
1815353204,bda97f37-fcaf-32aa-a636-0889d51a697d,-45.31427,-13.37124,2026-04-24 11:45:00+00:00,2026-04-24,TERRA_M-M,CORRENTINA,BAHIA,Brasil,,,,Cerrado,33,29,2909307,8,,220_069,67.6,POINT(-45.31427 -13.37124)
1815355405,533ab80d-01db-326e-8fa3-b8e8b73b2862,-46.96546,-21.18964,2026-04-24 11:45:00+00:00,2026-04-24,TERRA_M-M,MONTE SANTO DE MINAS,MINAS GERAIS,Brasil,,,,Cerrado,33,31,3143203,8,,220_075,4.8,POINT(-46.96546 -21.18964)
1815355497,40735892-ea2c-3565-8a28-33e9f68cd847,-52.9031,-18.30567,2026-04-24 11:45:00+00:00,2026-04-24,TERRA_M-M,COSTA RICA,MATO GROSSO DO SUL,Brasil,,,,Cerrado,33,50,5003256,8,,224_073,19.4,POINT(-52.9031 -18.30567)
1815355691,e5cfa369-c79d-32a9-a4f8-4e242ad30d0f,-52.89791,-18.2783,2026-04-24 11:45:00+00:00,2026-04-24,TERRA_M-M,MINEIROS,GOIÁS,Brasil,,,,Cerrado,33,52,5213103,8,,224_073,126.2,POINT(-52.89791 -18.2783)
1815355818,bcd61ddd-78b0-3158-b4d7-2b6d430808a6,-52.92725,-18.3013,2026-04-24 11:45:00+00:00,2026-04-24,TERRA_M-M,COSTA RICA,MATO GROSSO DO SUL,Brasil,,,,Cerrado,33,50,5003256,8,,224_073,36.3,POINT(-52.92725 -18.3013)
1815355856,c18f8dd8-491e-333c-9bfa-be18a387778a,-46.88226,-20.20546,2026-04-24 11:45:00+00:00,2026-04-24,TERRA_M-M,DELFINÓPOLIS,MINAS GERAIS,Brasil,,,,Cerrado,33,31,3121209,8,,220_074,7.6,POINT(-46.88226 -20.20546)
1815356027,eaab1040-c4cb-38bb-8184-3069a93feb9c,-45.57309,-21.02344,2026-04-24 11:45:00+00:00,2026-04-24,TERRA_M-M,BOA ESPERANÇA,MINAS GERAIS,Brasil,,,,Cerrado,33,31,3107109,8,,219_075,4.1,POINT(-45.57309 -21.02344)
1815356589,07271e3a-fca4-3aae-81da-d1c25fbe3f33,-40.44547,-19.16377,2026-04-24 11:45:00+00:00,2026-04-24,TERRA_M-M,GOVERNADOR LINDENBERG,ESPÍRITO SANTO,Brasil,,,,Mata Atlântica,33,32,3202256,8,,216_073,12.0,POINT(-40.44547 -19.16377)
1815357130,4f06b41a-4c79-3c92-bfd2-257a4eee3306,-45.57448,-21.0323,2026-04-24 11:45:00+00:00,2026-04-24,TERRA_M-M,BOA ESPERANÇA,MINAS GERAIS,Brasil,,,,Cerrado,33,31,3107109,8,,219_075,5.1,POINT(-45.57448 -21.0323)
1815358054,1c01a81a-f7d5-39d9-bd9b-3ec5e0d976d2,-40.45187,-19.16306,2026-04-24 11:45:00+00:00,2026-04-24,TERRA_M-M,GOVERNADOR LINDENBERG,ESPÍRITO SANTO,Brasil,,,,Mata Atlântica,33,32,3202256,8,,216_073,9.1,POINT(-40.45187 -19.16306)
1815352673,dc843123-d874-3dab-950b-a687ac420014,-46.88227,-20.20546,2026-04-24 11:45:00+00:00,2026-04-24,TERRA_M-M,DELFINÓPOLIS,MINAS GERAIS,Brasil,,,,Cerrado,33,31,3121209,8,,220_074,7.6,POINT(-46.88227 -20.20546)
1815352691,4bed50b7-5006-35fd-86fa-567384237e35,-45.31276,-13.38107,2026-04-24 11:45:00+00:00,2026-04-24,TERRA_M-M,CORRENTINA,BAHIA,Brasil,,,,Cerrado,33,29,2909307,8,,220_069,32.5,POINT(-45.31276 -13.38107)
1815352778,758711a7-570e-3484-b67a-9d93ca2389ff,-45.30492,-13.37261,2026-04-24 11:45:00+00:00,2026-04-24,TERRA_M-M,CORRENTINA,BAHIA,Brasil,,,,Cerrado,33,29,2909307,8,,220_069,91.9,POINT(-45.30492 -13.37261)
1815352845,7b611ae8-6f30-3f43-b69a-73f7e00de9a1,-42.61813,-17.37627,2026-04-24 11:45:00+00:00,2026-04-24,TERRA_M-M,MINAS NOVAS,MINAS GERAIS,Brasil,,,,Cerrado,33,31,3141801,8,,217_072,5.8,POINT(-42.61813 -17.37627)
1815352862,3d314679-1c43-3c77-aad3-fafb9665069d,-52.92726,-18.3013,2026-04-24 11:45:00+00:00,2026-04-24,TERRA_M-M,COSTA RICA,MATO GROSSO DO SUL,Brasil,,,,Cerrado,33,50,5003256,8,,224_073,36.3,POINT(-52.92726 -18.3013)
1815352866,421356cb-3fb9-3f6d-9abb-81f995863865,-44.60711,-17.60356,2026-04-24 11:45:00+00:00,2026-04-24,TERRA_M-M,VÁRZEA DA PALMA,MINAS GERAIS,Brasil,,,,Cerrado,33,31,3170800,8,,219_072,4.1,POINT(-44.60711 -17.60356)
1815352939,109c3a3d-e493-365b-83b2-b4688f623440,-42.61941,-17.38575,2026-04-24 11:45:00+00:00,2026-04-24,TERRA_M-M,TURMALINA,MINAS GERAIS,Brasil,,,,Cerrado,33,31,3169703,8,,217_072,5.1,POINT(-42.61941 -17.38575)
1815353002,c7401f0d-4705-3701-8b0b-f8382e9192a5,-40.45188,-19.16306,2026-04-24 11:45:00+00:00,2026-04-24,TERRA_M-M,GOVERNADOR LINDENBERG,ESPÍRITO SANTO,Brasil,,,,Mata Atlântica,33,32,3202256,8,,216_073,9.1,POINT(-40.45188 -19.16306)
1815353006,93619939-822b-3bd3-8cbf-b0d1c151345e,-42.61942,-17.38575,2026-04-24 11:45:00+00:00,2026-04-24,TERRA_M-M,TURMALINA,MINAS GERAIS,Brasil,,,,Cerrado,33,31,3169703,8,,217_072,5.1,POINT(-42.61942 -17.38575)
1815353035,442d2643-8a23-3c3d-80a2-7b0e5225594a,-45.33684,-12.05806,2026-04-24 11:45:00+00:00,2026-04-24,TERRA_M-M,BARREIRAS,BAHIA,Brasil,,,,Cerrado,33,29,2903201,8,,220_068,6.0,POINT(-45.33684 -12.05806)
1815353090,b75b1cff-e85a-3852-b824-348960afe7f7,-45.5731,-21.02344,2026-04-24 11:45:00+00:00,2026-04-24,TERRA_M-M,BOA ESPERANÇA,MINAS GERAIS,Brasil,,,,Cerrado,33,31,3107109,8,,219_075,4.1,POINT(-45.5731 -21.02344)
1815353120,cbe638dd-827c-35ea-ab3e-cfbb9e78ff5f,-46.84275,-14.87749,2026-04-24 11:45:00+00:00,2026-04-24,TERRA_M-M,FLORES DE GOIÁS,GOIÁS,Brasil,,,,Cerrado,33,52,5207907,8,,220_070,17.1,POINT(-46.84275 -14.87749)
1815353146,56c2dc2c-0235-3e36-ad81-ccbec4e76f40,-45.33683,-12.05806,2026-04-24 11:45:00+00:00,2026-04-24,TERRA_M-M,BARREIRAS,BAHIA,Brasil,,,,Cerrado,33,29,2903201,8,,220_068,6.0,POINT(-45.33683 -12.05806)
1815353148,ddc02d24-8bae-3ecf-9b88-08f2a503ab54,-45.30494,-13.37261,2026-04-24 11:45:00+00:00,2026-04-24,TERRA_M-M,CORRENTINA,BAHIA,Brasil,,,,Cerrado,33,29,2909307,8,,220_069,91.9,POINT(-45.30494 -13.37261)
1815353176,e2fda594-e94d-3479-b496-7a6eea17f81f,-52.89792,-18.2783,2026-04-24 11:45:00+00:00,2026-04-24,TERRA_M-M,MINEIROS,GOIÁS,Brasil,,,,Cerrado,33,52,5213103,8,,224_073,126.2,POINT(-52.89792 -18.2783)
1815353279,2291aa07-edb6-3b7b-9a7b-0ef33bf9a510,-45.57449,-21.03229,2026-04-24 11:45:00+00:00,2026-04-24,TERRA_M-M,BOA ESPERANÇA,MINAS GERAIS,Brasil,,,,Cerrado,33,31,3107109,8,,219_075,5.1,POINT(-45.57449 -21.03229)
1815353311,aa63150b-c521-3908-afb0-3ba979acc327,-40.44548,-19.16377,2026-04-24 11:45:00+00:00,2026-04-24,TERRA_M-M,GOVERNADOR LINDENBERG,ESPÍRITO SANTO,Brasil,,,,Mata Atlântica,33,32,3202256,8,,216_073,12.0,POINT(-40.44548 -19.16377)
1815353328,20dff484-9d0f-3234-ae53-6b10a9b4cffb,-45.31425,-13.37124,2026-04-24 11:45:00+00:00,2026-04-24,TERRA_M-M,CORRENTINA,BAHIA,Brasil,,,,Cerrado,33,29,2909307,8,,220_069,67.6,POINT(-45.31425 -13.37124)
1815353382,5a3c245c-989c-305b-8edc-f418ea8beff3,-42.56521,-13.00734,2026-04-24 11:45:00+00:00,2026-04-24,TERRA_M-M,MACAÚBAS,BAHIA,Brasil,,,,Caatinga,33,29,2919801,8,,218_069,5.3,POINT(-42.56521 -13.00734)
1815353435,da4d8733-bd14-3263-ae33-b433aa97f339,-46.84274,-14.87749,2026-04-24 11:45:00+00:00,2026-04-24,TERRA_M-M,FLORES DE GOIÁS,GOIÁS,Brasil,,,,Cerrado,33,52,5207907,8,,220_070,17.1,POINT(-46.84274 -14.87749)
1815353442,573b5839-1844-3a8e-b1c9-185f0236936b,-42.57479,-13.00602,2026-04-24 11:45:00+00:00,2026-04-24,TERRA_M-M,MACAÚBAS,BAHIA,Brasil,,,,Caatinga,33,29,2919801,8,,218_069,5.3,POINT(-42.57479 -13.00602)
1815353454,81fda719-b09c-353d-ae9e-eb31ad55741e,-42.61815,-17.37627,2026-04-24 11:45:00+00:00,2026-04-24,TERRA_M-M,MINAS NOVAS,MINAS GERAIS,Brasil,,,,Cerrado,33,31,3141801,8,,217_072,5.8,POINT(-42.61815 -17.37627)
1815353455,f878a8cb-e47b-3579-90f6-169fb0d29602,-42.57354,-12.99692,2026-04-24 11:45:00+00:00,2026-04-24,TERRA_M-M,MACAÚBAS,BAHIA,Brasil,,,,Caatinga,33,29,2919801,8,,218_069,16.6,POINT(-42.57354 -12.99692)
1815353457,ceaf0f5d-fba5-3ea1-b04b-afd64a453eb2,-43.73004,-15.93081,2026-04-24 11:45:00+00:00,2026-04-24,TERRA_M-M,SÃO JOÃO DA PONTE,MINAS GERAIS,Brasil,,,,Cerrado,33,31,3162401,8,,218_071,4.1,POINT(-43.73004 -15.93081)
1815353470,69f374f3-e53d-3b59-83db-447675345cf3,-44.60712,-17.60356,2026-04-24 11:45:00+00:00,2026-04-24,TERRA_M-M,VÁRZEA DA PALMA,MINAS GERAIS,Brasil,,,,Cerrado,33,31,3170800,8,,219_072,4.1,POINT(-44.60712 -17.60356)
1815353493,c291d426-0076-3568-bd39-9aa8d01ddd12,-42.56395,-12.99824,2026-04-24 11:45:00+00:00,2026-04-24,TERRA_M-M,MACAÚBAS,BAHIA,Brasil,,,,Caatinga,33,29,2919801,8,,218_069,25.6,POINT(-42.56395 -12.99824)
1815353657,f8896490-29bc-3ccd-8ae6-971db4db05d6,-42.9911,-13.52857,2026-04-24 11:45:00+00:00,2026-04-24,TERRA_M-M,RIACHO DE SANTANA,BAHIA,Brasil,,,,Caatinga,33,29,2926400,8,,218_069,9.4,POINT(-42.9911 -13.52857)
1815353673,0336dee2-51c1-322b-aa40-528ab883b97b,-45.31274,-13.38107,2026-04-24 11:45:00+00:00,2026-04-24,TERRA_M-M,CORRENTINA,BAHIA,Brasil,,,,Cerrado,33,29,2909307,8,,220_069,32.5,POINT(-45.31274 -13.38107)
1815353718,d2ff1f38-175e-3a55-9b91-e0a10352edf5,-43.20299,-13.37,2026-04-24 11:45:00+00:00,2026-04-24,TERRA_M-M,BOM JESUS DA LAPA,BAHIA,Brasil,,,,Caatinga,33,29,2903904,8,,218_069,17.6,POINT(-43.20299 -13.37)
1815353791,95465d91-c59e-3cc9-8f75-4d636f87bf15,-43.20298,-13.37,2026-04-24 11:45:00+00:00,2026-04-24,TERRA_M-M,BOM JESUS DA LAPA,BAHIA,Brasil,,,,Caatinga,33,29,2903904,8,,218_069,17.6,POINT(-43.20298 -13.37)
1815353816,c438d5b7-bdf2-3cb7-8d5c-eef7bb0a5923,-46.96548,-21.18964,2026-04-24 11:45:00+00:00,2026-04-24,TERRA_M-M,MONTE SANTO DE MINAS,MINAS GERAIS,Brasil,,,,Cerrado,33,31,3143203,8,,220_075,4.8,POINT(-46.96548 -21.18964)
1815353908,e7b93223-6395-350b-909e-837ad9908c85,-43.84118,-11.97157,2026-04-24 11:45:00+00:00,2026-04-24,TERRA_M-M,WANDERLEY,BAHIA,Brasil,,,,Cerrado,33,29,2933455,8,,219_068,5.0,POINT(-43.84118 -11.97157)
1815353952,d682ff58-592c-3c78-a6e8-b9b93ea7f511,-43.8412,-11.97157,2026-04-24 11:45:00+00:00,2026-04-24,TERRA_M-M,WANDERLEY,BAHIA,Brasil,,,,Cerrado,33,29,2933455,8,,219_068,5.0,POINT(-43.8412 -11.97157)
1815353985,5a49214d-6678-31d9-a40e-ce1b7edbd409,-45.30342,-13.38246,2026-04-24 11:45:00+00:00,2026-04-24,TERRA_M-M,CORRENTINA,BAHIA,Brasil,,,,Cerrado,33,29,2909307,8,,220_069,26.2,POINT(-45.30342 -13.38246)
1815354013,51bb94ba-6fe6-3654-bb0f-6bed352eddf5,-42.99109,-13.52857,2026-04-24 11:45:00+00:00,2026-04-24,TERRA_M-M,RIACHO DE SANTANA,BAHIA,Brasil,,,,Caatinga,33,29,2926400,8,,218_069,9.4,POINT(-42.99109 -13.52857)
1815354059,58b00a63-224f-3589-9f5e-190f27a8039d,-44.61637,-17.60226,2026-04-24 11:45:00+00:00,2026-04-24,TERRA_M-M,VÁRZEA DA PALMA,MINAS GERAIS,Brasil,,,,Cerrado,33,31,3170800,8,,219_072,5.4,POINT(-44.61637 -17.60226)
1815354073,ee67d618-eeb4-317f-bc14-a8bab1b1f311,-45.30343,-13.38246,2026-04-24 11:45:00+00:00,2026-04-24,TERRA_M-M,CORRENTINA,BAHIA,Brasil,,,,Cerrado,33,29,2909307,8,,220_069,26.2,POINT(-45.30343 -13.38246)
1815354074,4c898ce5-488c-3b18-b6d0-1110e6e62dce,-42.56523,-13.00733,2026-04-24 11:45:00+00:00,2026-04-24,TERRA_M-M,MACAÚBAS,BAHIA,Brasil,,,,Caatinga,33,29,2919801,8,,218_069,5.3,POINT(-42.56523 -13.00733)
1815354081,ddb30aa1-9a35-30fa-a784-747220c31191,-42.56396,-12.99823,2026-04-24 11:45:00+00:00,2026-04-24,TERRA_M-M,MACAÚBAS,BAHIA,Brasil,,,,Caatinga,33,29,2919801,8,,218_069,25.6,POINT(-42.56396 -12.99823)
1815354099,12a38071-628a-3524-8031-ff2662e82f62,-44.61639,-17.60225,2026-04-24 11:45:00+00:00,2026-04-24,TERRA_M-M,VÁRZEA DA PALMA,MINAS GERAIS,Brasil,,,,Cerrado,33,31,3170800,8,,219_072,5.4,POINT(-44.61639 -17.60225)
1815354142,80f3ebde-f72a-3ad5-af95-bd8b644837f2,-42.57481,-13.00601,2026-04-24 11:45:00+00:00,2026-04-24,TERRA_M-M,MACAÚBAS,BAHIA,Brasil,,,,Caatinga,33,29,2919801,8,,218_069,5.3,POINT(-42.57481 -13.00601)
1815354144,f640fc3a-c139-3b69-a45c-dfdf79eb3014,-52.90311,-18.30567,2026-04-24 11:45:00+00:00,2026-04-24,TERRA_M-M,COSTA RICA,MATO GROSSO DO SUL,Brasil,,,,Cerrado,33,50,5003256,8,,224_073,19.4,POINT(-52.90311 -18.30567)
1815354173,cf67f160-f5c3-3389-a12c-d4f26185c4b4,-43.73006,-15.9308,2026-04-24 11:45:00+00:00,2026-04-24,TERRA_M-M,SÃO JOÃO DA PONTE,MINAS GERAIS,Brasil,,,,Cerrado,33,31,3162401,8,,218_071,4.1,POINT(-43.73006 -15.9308)
1815354181,d40d3357-cf37-32aa-aa76-2da43d78b7b5,-42.57356,-12.99691,2026-04-24 11:45:00+00:00,2026-04-24,TERRA_M-M,MACAÚBAS,BAHIA,Brasil,,,,Caatinga,33,29,2919801,8,,218_069,16.6,POINT(-42.57356 -12.99691)
1815353042,902bce62-79b5-3651-9bda-f29b0d9b54c8,-46.3329,-22.83174,2026-04-24 11:47:00+00:00,2026-04-24,TERRA_M-M,EXTREMA,MINAS GERAIS,Brasil,,,,Mata Atlântica,33,31,3125101,8,,219_076,3.8,POINT(-46.3329 -22.83174)
1815355518,d663eae2-ba57-300d-8829-c1c6234f5f71,-49.28959,-22.83872,2026-04-24 11:47:00+00:00,2026-04-24,TERRA_M-M,ÁGUAS DE SANTA BÁRBARA,SÃO PAULO,Brasil,,,,Cerrado,33,35,3500550,8,,221_076,7.0,POINT(-49.28959 -22.83872)
1815356945,4a1b5860-8571-3bd0-8727-79e214b483a8,-49.30115,-22.83682,2026-04-24 11:47:00+00:00,2026-04-24,TERRA_M-M,ÁGUAS DE SANTA BÁRBARA,SÃO PAULO,Brasil,,,,Cerrado,33,35,3500550,8,,221_076,14.3,POINT(-49.30115 -22.83682)
1815353353,9c5f7d52-00c9-37ba-b6ff-87e96f248133,-49.30117,-22.83682,2026-04-24 11:47:00+00:00,2026-04-24,TERRA_M-M,ÁGUAS DE SANTA BÁRBARA,SÃO PAULO,Brasil,,,,Cerrado,33,35,3500550,8,,221_076,14.3,POINT(-49.30117 -22.83682)
1815353572,8d71317c-af2a-32d4-be38-b9c2ee37a113,-49.28961,-22.83872,2026-04-24 11:47:00+00:00,2026-04-24,TERRA_M-M,ÁGUAS DE SANTA BÁRBARA,SÃO PAULO,Brasil,,,,Cerrado,33,35,3500550,8,,221_076,7.0,POINT(-49.28961 -22.83872)
1815357144,94d5e9ce-712a-3f21-a129-afae55364167,-46.33289,-22.83174,2026-04-24 11:47:00+00:00,2026-04-24,TERRA_M-M,EXTREMA,MINAS GERAIS,Brasil,,,,Mata Atlântica,33,31,3125101,8,,219_076,3.8,POINT(-46.33289 -22.83174)
1815348215,75085fe8-3dc1-388d-b045-f8333d3e881e,-45.301,-13.3766,2026-04-24 11:50:00+00:00,2026-04-24,GOES-19,CORRENTINA,BAHIA,Brasil,,,,Cerrado,33,29,2909307,8,,220_069,98.6,POINT(-45.301 -13.3766)
1815352655,51982de8-fe06-3b14-88b6-401963b076ac,-45.301,-13.3766,2026-04-24 12:00:00+00:00,2026-04-24,GOES-19,CORRENTINA,BAHIA,Brasil,,,,Cerrado,33,29,2909307,8,,220_069,118.2,POINT(-45.301 -13.3766)
1815352656,5c56782f-1987-328a-bbac-cc15e58a77d2,-45.301,-13.3766,2026-04-24 12:10:00+00:00,2026-04-24,GOES-19,CORRENTINA,BAHIA,Brasil,,,,Cerrado,33,29,2909307,8,,220_069,119.0,POINT(-45.301 -13.3766)
1815352659,7b9f8afd-a7cf-38f7-93b3-a12f719e0618,-45.301,-13.3766,2026-04-24 12:20:00+00:00,2026-04-24,GOES-19,CORRENTINA,BAHIA,Brasil,,,,Cerrado,33,29,2909307,8,,220_069,138.5,POINT(-45.301 -13.3766)
1815352658,55d83b23-009b-3274-bf98-208816ce82d2,-52.8983,-18.2858,2026-04-24 12:20:00+00:00,2026-04-24,GOES-19,MINEIROS,GOIÁS,Brasil,,,,Cerrado,33,52,5213103,8,,224_073,100.0,POINT(-52.8983 -18.2858)
1815352657,7632ad96-ec43-356a-838b-f75ec1e2bd51,-52.9167,-18.3053,2026-04-24 12:20:00+00:00,2026-04-24,GOES-19,COSTA RICA,MATO GROSSO DO SUL,Brasil,,,,Cerrado,33,50,5003256,8,,224_073,90.1,POINT(-52.9167 -18.3053)
1815352662,3a89f6f5-9ddd-3fa8-ab55-7fc409dbf6da,-45.301,-13.3766,2026-04-24 12:30:00+00:00,2026-04-24,GOES-19,CORRENTINA,BAHIA,Brasil,,,,Cerrado,33,29,2909307,8,,220_069,141.5,POINT(-45.301 -13.3766)
1815352660,2d957463-dbb5-3f24-8286-0f4347283d56,-52.9167,-18.3053,2026-04-24 12:30:00+00:00,2026-04-24,GOES-19,COSTA RICA,MATO GROSSO DO SUL,Brasil,,,,Cerrado,33,50,5003256,8,,224_073,113.2,POINT(-52.9167 -18.3053)
1815352661,b5a45358-db29-3d5b-8b91-4f7184ef159c,-52.8983,-18.2858,2026-04-24 12:30:00+00:00,2026-04-24,GOES-19,MINEIROS,GOIÁS,Brasil,,,,Cerrado,33,52,5213103,8,,224_073,94.3,POINT(-52.8983 -18.2858)
1815352667,02815161-b913-3c9c-a1bf-4f7d71261deb,-52.9167,-18.3053,2026-04-24 12:40:00+00:00,2026-04-24,GOES-19,COSTA RICA,MATO GROSSO DO SUL,Brasil,,,,Cerrado,33,50,5003256,8,,224_073,211.9,POINT(-52.9167 -18.3053)
1815352663,18b96a2a-9384-3f8a-81e4-e70439b9c1d7,-45.301,-13.3766,2026-04-24 12:40:00+00:00,2026-04-24,GOES-19,CORRENTINA,BAHIA,Brasil,,,,Cerrado,33,29,2909307,8,,220_069,152.9,POINT(-45.301 -13.3766)
1815352666,63d98e16-10b6-3fb6-80e2-a59c39b04dd6,-52.8951,-18.3058,2026-04-24 12:40:00+00:00,2026-04-24,GOES-19,MINEIROS,GOIÁS,Brasil,,,,Cerrado,33,52,5213103,8,,224_073,126.3,POINT(-52.8951 -18.3058)
1815352664,5d1de3d3-2957-3ad3-bbb0-3550bc385ec2,-52.92,-18.2854,2026-04-24 12:40:00+00:00,2026-04-24,GOES-19,MINEIROS,GOIÁS,Brasil,,,,Cerrado,33,52,5213103,8,,224_073,108.0,POINT(-52.92 -18.2854)
1815352665,c5e7f9d7-d08b-381c-a53f-6e6703dead88,-52.8983,-18.2858,2026-04-24 12:40:00+00:00,2026-04-24,GOES-19,MINEIROS,GOIÁS,Brasil,,,,Cerrado,33,52,5213103,8,,224_073,174.1,POINT(-52.8983 -18.2858)
1815353111,4feec6c7-7961-3487-b6ba-22cf02e1b9dc,-52.92,-18.2854,2026-04-24 12:50:00+00:00,2026-04-24,GOES-19,MINEIROS,GOIÁS,Brasil,,,,Cerrado,33,52,5213103,8,,224_073,98.0,POINT(-52.92 -18.2854)
1815353537,cca6412b-0293-36eb-a64c-1761a72b0d11,-52.9167,-18.3053,2026-04-24 12:50:00+00:00,2026-04-24,GOES-19,COSTA RICA,MATO GROSSO DO SUL,Brasil,,,,Cerrado,33,50,5003256,8,,224_073,280.0,POINT(-52.9167 -18.3053)
1815353388,14c2e943-fd1c-3d84-90cf-4663b8bf2852,-52.8983,-18.2858,2026-04-24 12:50:00+00:00,2026-04-24,GOES-19,MINEIROS,GOIÁS,Brasil,,,,Cerrado,33,52,5213103,8,,224_073,198.7,POINT(-52.8983 -18.2858)
1815353232,80f0066e-5070-3edb-aa1a-0ac03ac4c8b8,-45.301,-13.3766,2026-04-24 12:50:00+00:00,2026-04-24,GOES-19,CORRENTINA,BAHIA,Brasil,,,,Cerrado,33,29,2909307,8,,220_069,141.5,POINT(-45.301 -13.3766)
1815355014,90bac099-e8bf-3b17-8804-5b153a48c846,-52.8951,-18.3058,2026-04-24 13:00:00+00:00,2026-04-24,GOES-19,MINEIROS,GOIÁS,Brasil,,,,Cerrado,33,52,5213103,8,,224_073,112.3,POINT(-52.8951 -18.3058)
1815354409,45bfea62-f08d-334a-b0b3-4dd8f51adc24,-45.301,-13.3766,2026-04-24 13:00:00+00:00,2026-04-24,GOES-19,CORRENTINA,BAHIA,Brasil,,,,Cerrado,33,29,2909307,8,,220_069,147.6,POINT(-45.301 -13.3766)
1815355134,5edb04f4-ec36-3246-9fd7-e8cf87e0134e,-52.92,-18.2854,2026-04-24 13:00:00+00:00,2026-04-24,GOES-19,MINEIROS,GOIÁS,Brasil,,,,Cerrado,33,52,5213103,8,,224_073,78.9,POINT(-52.92 -18.2854)
1815355142,2f6d48cf-95db-3a4e-950c-f085f1ecb807,-52.9384,-18.3048,2026-04-24 13:00:00+00:00,2026-04-24,GOES-19,COSTA RICA,MATO GROSSO DO SUL,Brasil,,,,Cerrado,33,50,5003256,8,,224_073,84.4,POINT(-52.9384 -18.3048)
1815355086,17dfd3ef-0bf2-3de9-a8fa-94ef0329e20f,-52.8983,-18.2858,2026-04-24 13:00:00+00:00,2026-04-24,GOES-19,MINEIROS,GOIÁS,Brasil,,,,Cerrado,33,52,5213103,8,,224_073,130.2,POINT(-52.8983 -18.2858)
1815355071,053cec44-ee05-3475-b146-1677a5167287,-52.9167,-18.3053,2026-04-24 13:00:00+00:00,2026-04-24,GOES-19,COSTA RICA,MATO GROSSO DO SUL,Brasil,,,,Cerrado,33,50,5003256,8,,224_073,247.1,POINT(-52.9167 -18.3053)
1815355260,5eecb30c-7cab-35bf-85f1-4b1e75284bc9,-52.9167,-18.3053,2026-04-24 13:10:00+00:00,2026-04-24,GOES-19,COSTA RICA,MATO GROSSO DO SUL,Brasil,,,,Cerrado,33,50,5003256,8,,224_073,266.8,POINT(-52.9167 -18.3053)
1815355267,2db9f43a-a80f-3ac7-9adb-c061d82cc860,-52.9016,-18.2659,2026-04-24 13:10:00+00:00,2026-04-24,GOES-19,MINEIROS,GOIÁS,Brasil,,,,Cerrado,33,52,5213103,8,,224_073,68.8,POINT(-52.9016 -18.2659)
1815355266,c0e4dea8-3e71-34e9-9064-8efd96c25e52,-45.301,-13.3766,2026-04-24 13:10:00+00:00,2026-04-24,GOES-19,CORRENTINA,BAHIA,Brasil,,,,Cerrado,33,29,2909307,8,,220_069,115.9,POINT(-45.301 -13.3766)
1815355265,582206f0-6cd7-3e39-8335-588d322f542d,-52.8767,-18.2863,2026-04-24 13:10:00+00:00,2026-04-24,GOES-19,MINEIROS,GOIÁS,Brasil,,,,Cerrado,33,52,5213103,8,,224_073,110.1,POINT(-52.8767 -18.2863)
1815355264,3e3567e9-90a2-3128-8162-5902dc28ee60,-53.0003,-22.996,2026-04-24 13:10:00+00:00,2026-04-24,GOES-19,LOANDA,PARANÁ,Brasil,,,,Mata Atlântica,33,41,4113502,8,,223_076,81.9,POINT(-53.0003 -22.996)
1815355263,33bfdc6e-757e-3ff3-ba76-d41bcb8a7b8a,-52.9384,-18.3048,2026-04-24 13:10:00+00:00,2026-04-24,GOES-19,COSTA RICA,MATO GROSSO DO SUL,Brasil,,,,Cerrado,33,50,5003256,8,,224_073,110.9,POINT(-52.9384 -18.3048)
1815355262,5701d31d-ac1a-3791-9c16-ba2ba963eb76,-52.8983,-18.2858,2026-04-24 13:10:00+00:00,2026-04-24,GOES-19,MINEIROS,GOIÁS,Brasil,,,,Cerrado,33,52,5213103,8,,224_073,424.8,POINT(-52.8983 -18.2858)
1815355261,c00c8769-64b4-3aaf-8d3d-96e831212be2,-52.92,-18.2854,2026-04-24 13:10:00+00:00,2026-04-24,GOES-19,MINEIROS,GOIÁS,Brasil,,,,Cerrado,33,52,5213103,8,,224_073,169.0,POINT(-52.92 -18.2854)
1815355269,d95e723f-645f-336e-a638-c79e8ba1fd65,-53.0003,-22.996,2026-04-24 13:20:00+00:00,2026-04-24,GOES-19,LOANDA,PARANÁ,Brasil,,,,Mata Atlântica,33,41,4113502,8,,223_076,96.8,POINT(-53.0003 -22.996)
1815355273,bb9e5242-dc5b-3b93-ac79-610bf09351ef,-52.8983,-18.2858,2026-04-24 13:30:00+00:00,2026-04-24,GOES-19,MINEIROS,GOIÁS,Brasil,,,,Cerrado,33,52,5213103,8,,224_073,193.5,POINT(-52.8983 -18.2858)
1815355274,f269fb3b-ea2e-3841-8523-17ac5d2c2d2a,-52.9167,-18.3053,2026-04-24 13:30:00+00:00,2026-04-24,GOES-19,COSTA RICA,MATO GROSSO DO SUL,Brasil,,,,Cerrado,33,50,5003256,8,,224_073,480.1,POINT(-52.9167 -18.3053)
1815355272,03a701ba-771e-3c30-9126-8c019cc2c264,-53.0003,-22.996,2026-04-24 13:30:00+00:00,2026-04-24,GOES-19,LOANDA,PARANÁ,Brasil,,,,Mata Atlântica,33,41,4113502,8,,223_076,108.4,POINT(-53.0003 -22.996)
1815355270,a0363ca8-db95-3339-8a2b-b6f1d60bca57,-52.92,-18.2854,2026-04-24 13:30:00+00:00,2026-04-24,GOES-19,MINEIROS,GOIÁS,Brasil,,,,Cerrado,33,52,5213103,8,,224_073,95.7,POINT(-52.92 -18.2854)
1815355277,2c996ffb-618c-396b-bab8-349b094f3077,-52.8983,-18.2858,2026-04-24 13:40:00+00:00,2026-04-24,GOES-19,MINEIROS,GOIÁS,Brasil,,,,Cerrado,33,52,5213103,8,,224_073,405.5,POINT(-52.8983 -18.2858)
1815355280,25f8e756-b6b4-3d13-ba1a-492d19e8711d,-52.9167,-18.3053,2026-04-24 13:40:00+00:00,2026-04-24,GOES-19,COSTA RICA,MATO GROSSO DO SUL,Brasil,,,,Cerrado,33,50,5003256,8,,224_073,415.5,POINT(-52.9167 -18.3053)
1815355275,d26e761d-6036-352d-a6ac-9c0343b07d1c,-52.92,-18.2854,2026-04-24 13:40:00+00:00,2026-04-24,GOES-19,MINEIROS,GOIÁS,Brasil,,,,Cerrado,33,52,5213103,8,,224_073,138.2,POINT(-52.92 -18.2854)
1815355281,2cd1d5b0-7b3e-3197-88fa-c95ec16a9497,-52.8767,-18.2863,2026-04-24 13:40:00+00:00,2026-04-24,GOES-19,MINEIROS,GOIÁS,Brasil,,,,Cerrado,33,52,5213103,8,,224_073,119.3,POINT(-52.8767 -18.2863)
1815355282,69e99ede-e8e9-3578-bdbc-cbfca87329d3,-53.0003,-22.996,2026-04-24 13:40:00+00:00,2026-04-24,GOES-19,LOANDA,PARANÁ,Brasil,,,,Mata Atlântica,33,41,4113502,8,,223_076,97.4,POINT(-53.0003 -22.996)
1815357950,35374398-9320-3ed3-9906-18e3dd2482db,-52.8983,-18.2858,2026-04-24 13:50:00+00:00,2026-04-24,GOES-19,MINEIROS,GOIÁS,Brasil,,,,Cerrado,33,52,5213103,8,,224_073,330.8,POINT(-52.8983 -18.2858)
1815357238,237b0cb1-bcd7-3ead-a4a5-f17e754c9f36,-52.9167,-18.3053,2026-04-24 13:50:00+00:00,2026-04-24,GOES-19,COSTA RICA,MATO GROSSO DO SUL,Brasil,,,,Cerrado,33,50,5003256,8,,224_073,235.2,POINT(-52.9167 -18.3053)
1815356825,7b75e706-5eef-31b9-ba13-4887c34e57cf,-52.92,-18.2854,2026-04-24 13:50:00+00:00,2026-04-24,GOES-19,MINEIROS,GOIÁS,Brasil,,,,Cerrado,33,52,5213103,8,,224_073,96.5,POINT(-52.92 -18.2854)
1815357733,28c92aa4-46f8-3ec9-a970-4119989bf211,-52.8767,-18.2863,2026-04-24 13:50:00+00:00,2026-04-24,GOES-19,MINEIROS,GOIÁS,Brasil,,,,Cerrado,33,52,5213103,8,,224_073,110.0,POINT(-52.8767 -18.2863)
1815358128,b0317dc3-7f81-3b8f-a8b1-8ec5fb8e3418,-52.9167,-18.3053,2026-04-24 14:00:00+00:00,2026-04-24,GOES-19,COSTA RICA,MATO GROSSO DO SUL,Brasil,,,,Cerrado,33,50,5003256,8,,224_073,235.4,POINT(-52.9167 -18.3053)
1815358131,abf01d9a-c789-3c1b-8f43-6b5140fcc915,-52.8983,-18.2858,2026-04-24 14:00:00+00:00,2026-04-24,GOES-19,MINEIROS,GOIÁS,Brasil,,,,Cerrado,33,52,5213103,8,,224_073,166.9,POINT(-52.8983 -18.2858)
1815358130,f828b769-9319-31c0-8201-0dd215175eae,-52.92,-18.2854,2026-04-24 14:00:00+00:00,2026-04-24,GOES-19,MINEIROS,GOIÁS,Brasil,,,,Cerrado,33,52,5213103,8,,224_073,75.4,POINT(-52.92 -18.2854)
1815358135,dfee70e4-1df5-3fd8-9a66-38f020199429,-52.8767,-18.2863,2026-04-24 14:10:00+00:00,2026-04-24,GOES-19,MINEIROS,GOIÁS,Brasil,,,,Cerrado,33,52,5213103,8,,224_073,64.4,POINT(-52.8767 -18.2863)
1815358137,914e030e-33b8-31fd-8d0f-ff097e368ef3,-52.8983,-18.2858,2026-04-24 14:10:00+00:00,2026-04-24,GOES-19,MINEIROS,GOIÁS,Brasil,,,,Cerrado,33,52,5213103,8,,224_073,163.4,POINT(-52.8983 -18.2858)
1815358136,8d4bee24-0197-364a-9da1-94c64296f0fb,-52.92,-18.2854,2026-04-24 14:10:00+00:00,2026-04-24,GOES-19,MINEIROS,GOIÁS,Brasil,,,,Cerrado,33,52,5213103,8,,224_073,73.5,POINT(-52.92 -18.2854)
1815358132,d82ba117-d6d5-367c-8fef-eaef58d9dfef,-55.5022,-18.512,2026-04-24 14:10:00+00:00,2026-04-24,GOES-19,CORUMBÁ,MATO GROSSO DO SUL,Brasil,,,,Pantanal,33,50,5003207,8,,225_073,62.8,POINT(-55.5022 -18.512)
1815358146,c3127f5c-8213-3c85-b6f7-db34e8977e9d,-57.1808,-12.3095,2026-04-24 14:20:00+00:00,2026-04-24,GOES-19,NOVA MARINGÁ,MATO GROSSO,Brasil,,,,Amazônia,33,51,5108907,8,,227_069,71.0,POINT(-57.1808 -12.3095)
1815358141,3d717406-9cff-33de-b553-79b2e257141d,-52.8983,-18.2858,2026-04-24 14:20:00+00:00,2026-04-24,GOES-19,MINEIROS,GOIÁS,Brasil,,,,Cerrado,33,52,5213103,8,,224_073,390.8,POINT(-52.8983 -18.2858)
1815358142,dc4a4f13-165b-3cbe-b49c-8ba10f0980eb,-52.9167,-18.3053,2026-04-24 14:20:00+00:00,2026-04-24,GOES-19,COSTA RICA,MATO GROSSO DO SUL,Brasil,,,,Cerrado,33,50,5003256,8,,224_073,95.4,POINT(-52.9167 -18.3053)
1815358143,ae36dc52-2519-3f11-9e91-ed9b3857f0bb,-55.5022,-18.512,2026-04-24 14:20:00+00:00,2026-04-24,GOES-19,CORUMBÁ,MATO GROSSO DO SUL,Brasil,,,,Pantanal,33,50,5003207,8,,225_073,61.8,POINT(-55.5022 -18.512)
1815358145,0c003225-d5c8-3fe6-b18a-21c2586e7dce,-52.92,-18.2854,2026-04-24 14:20:00+00:00,2026-04-24,GOES-19,MINEIROS,GOIÁS,Brasil,,,,Cerrado,33,52,5213103,8,,224_073,85.5,POINT(-52.92 -18.2854)
1815358149,11b9021d-eff8-38c3-bd0b-b2148ca0e025,-52.8983,-18.2858,2026-04-24 14:30:00+00:00,2026-04-24,GOES-19,MINEIROS,GOIÁS,Brasil,,,,Cerrado,33,52,5213103,8,,224_073,174.1,POINT(-52.8983 -18.2858)
1815358147,38e5ced1-7659-3f2b-8b33-8826c7b61f27,-55.5022,-18.512,2026-04-24 14:30:00+00:00,2026-04-24,GOES-19,CORUMBÁ,MATO GROSSO DO SUL,Brasil,,,,Pantanal,33,50,5003207,8,,225_073,67.8,POINT(-55.5022 -18.512)
1815358148,a4a1cc4e-7a64-3b53-8b6e-a1db38bcc654,-52.9167,-18.3053,2026-04-24 14:30:00+00:00,2026-04-24,GOES-19,COSTA RICA,MATO GROSSO DO SUL,Brasil,,,,Cerrado,33,50,5003256,8,,224_073,91.7,POINT(-52.9167 -18.3053)
1815358151,72dcfadf-6fa5-3211-b769-3bafec71c960,-52.8951,-18.3058,2026-04-24 14:30:00+00:00,2026-04-24,GOES-19,MINEIROS,GOIÁS,Brasil,,,,Cerrado,33,52,5213103,8,,224_073,259.7,POINT(-52.8951 -18.3058)
1815358156,147db2cd-11a5-3634-8562-81e39728b78c,-52.8767,-18.2863,2026-04-24 14:40:00+00:00,2026-04-24,GOES-19,MINEIROS,GOIÁS,Brasil,,,,Cerrado,33,52,5213103,8,,224_073,63.0,POINT(-52.8767 -18.2863)
1815358152,a6a409ac-0432-35e8-a91c-66c9cfbf97bb,-52.8983,-18.2858,2026-04-24 14:40:00+00:00,2026-04-24,GOES-19,MINEIROS,GOIÁS,Brasil,,,,Cerrado,33,52,5213103,8,,224_073,171.8,POINT(-52.8983 -18.2858)
1815358157,edcaf550-1327-39a8-b854-ed5db59bb0b1,-57.1808,-12.3095,2026-04-24 14:40:00+00:00,2026-04-24,GOES-19,NOVA MARINGÁ,MATO GROSSO,Brasil,,,,Amazônia,33,51,5108907,8,,227_069,65.8,POINT(-57.1808 -12.3095)
1815358158,189bf617-8f8d-33f3-ab0b-ad9ad4775584,-55.5022,-18.512,2026-04-24 14:40:00+00:00,2026-04-24,GOES-19,CORUMBÁ,MATO GROSSO DO SUL,Brasil,,,,Pantanal,33,50,5003207,8,,225_073,58.1,POINT(-55.5022 -18.512)
1815358155,41df710d-247a-390c-a5ed-2f38268b48d4,-57.1824,-12.2905,2026-04-24 14:40:00+00:00,2026-04-24,GOES-19,NOVA MARINGÁ,MATO GROSSO,Brasil,,,,Amazônia,33,51,5108907,8,,227_069,68.2,POINT(-57.1824 -12.2905)
1815359048,64bc4099-577e-3ffe-99df-9c23524a5f94,-52.8767,-18.2863,2026-04-24 14:50:00+00:00,2026-04-24,GOES-19,MINEIROS,GOIÁS,Brasil,,,,Cerrado,33,52,5213103,8,,224_073,87.0,POINT(-52.8767 -18.2863)
1815359789,bce19ed9-a0a0-39ff-ad19-614a7e2722f0,-57.1824,-12.2905,2026-04-24 14:50:00+00:00,2026-04-24,GOES-19,NOVA MARINGÁ,MATO GROSSO,Brasil,,,,Amazônia,33,51,5108907,8,,227_069,63.8,POINT(-57.1824 -12.2905)
1815358213,740d5056-fdd5-34f7-adfc-ffa4304b0d3b,-55.5022,-18.512,2026-04-24 14:50:00+00:00,2026-04-24,GOES-19,CORUMBÁ,MATO GROSSO DO SUL,Brasil,,,,Pantanal,33,50,5003207,8,,225_073,62.6,POINT(-55.5022 -18.512)
1815358686,9dd1b571-23f6-3a2a-a98d-973042a67992,-52.8983,-18.2858,2026-04-24 14:50:00+00:00,2026-04-24,GOES-19,MINEIROS,GOIÁS,Brasil,,,,Cerrado,33,52,5213103,8,,224_073,184.1,POINT(-52.8983 -18.2858)
1815364685,c667765e-3363-3f88-a082-a6854783070e,-38.48136,-8.60523,2026-04-24 15:24:00+00:00,2026-04-24,NOAA-20,FLORESTA,PERNAMBUCO,Brasil,,,,Caatinga,33,26,2605707,8,,216_066,3.1,POINT(-38.48136 -8.60523)
1815364736,c9149bcf-65ba-3e07-bdae-786e293d0f52,-36.12736,-8.01407,2026-04-24 15:24:00+00:00,2026-04-24,NOAA-20,CARUARU,PERNAMBUCO,Brasil,,,,Caatinga,33,26,2604106,8,,214_066,8.6,POINT(-36.12736 -8.01407)
1815364666,efb18359-fc5b-3284-aa3a-d58a5d43b997,-37.1853,-10.15607,2026-04-24 15:24:00+00:00,2026-04-24,NOAA-20,ITABI,SERGIPE,Brasil,,,,Mata Atlântica,33,28,2803104,8,,215_067,2.5,POINT(-37.1853 -10.15607)
1815360463,ef4e8569-ad7f-39ae-9b3d-5e60328afdf5,-52.8983,-18.2858,2026-04-24 15:30:00+00:00,2026-04-24,GOES-19,MINEIROS,GOIÁS,Brasil,,,,Cerrado,33,52,5213103,8,,224_073,59.6,POINT(-52.8983 -18.2858)
1815360461,36af1a36-6bc6-3f27-9f2c-514889700d89,-52.8799,-18.2663,2026-04-24 15:30:00+00:00,2026-04-24,GOES-19,MINEIROS,GOIÁS,Brasil,,,,Cerrado,33,52,5213103,8,,224_073,89.8,POINT(-52.8799 -18.2663)
1815360476,e8b70234-f1f0-3ba4-844e-d7ffcf8342eb,-52.8799,-18.2663,2026-04-24 15:40:00+00:00,2026-04-24,GOES-19,MINEIROS,GOIÁS,Brasil,,,,Cerrado,33,52,5213103,8,,224_073,51.9,POINT(-52.8799 -18.2663)
1815362336,dad3d640-6b26-3df5-8588-9bedf7521050,-52.8799,-18.2663,2026-04-24 15:50:00+00:00,2026-04-24,GOES-19,MINEIROS,GOIÁS,Brasil,,,,Cerrado,33,52,5213103,8,,224_073,61.0,POINT(-52.8799 -18.2663)
1815364651,e2347d3d-9381-3e56-b501-f3d7a0168633,-51.38433,-26.8656,2026-04-24 16:07:00+00:00,2026-04-24,NOAA-21,SALTO VELOSO,SANTA CATARINA,Brasil,,,,Mata Atlântica,33,42,4215406,8,,222_079,9.0,POINT(-51.38433 -26.8656)
1815364734,c988e001-e510-3408-b72c-985a0d2369ec,-48.69882,-26.94725,2026-04-24 16:07:00+00:00,2026-04-24,NOAA-21,ITAJAÍ,SANTA CATARINA,Brasil,,,,Mata Atlântica,33,42,4208203,8,,220_079,14.5,POINT(-48.69882 -26.94725)
1815364663,7fa6de10-c835-3345-a8f3-3a273616a43e,-46.58646,-20.31805,2026-04-24 16:09:00+00:00,2026-04-24,NOAA-21,SÃO ROQUE DE MINAS,MINAS GERAIS,Brasil,,,,Cerrado,33,31,3164308,8,,219_074,11.8,POINT(-46.58646 -20.31805)
1815364729,672e0783-16b9-33d0-8b1f-cdd3d5859500,-42.61492,-22.22152,2026-04-24 16:09:00+00:00,2026-04-24,NOAA-21,NOVA FRIBURGO,RIO DE JANEIRO,Brasil,,,,Mata Atlântica,33,33,3303401,8,,217_075,3.5,POINT(-42.61492 -22.22152)
1815364696,c3746b22-d16a-3e8e-8818-ff68dcd754ed,-46.32913,-18.32847,2026-04-24 16:09:00+00:00,2026-04-24,NOAA-21,PRESIDENTE OLEGÁRIO,MINAS GERAIS,Brasil,,,,Cerrado,33,31,3153400,8,,220_073,7.1,POINT(-46.32913 -18.32847)
1815364653,7cc945f5-fb9c-3ef5-b260-f0b272262a4e,-40.94912,-19.16316,2026-04-24 16:09:00+00:00,2026-04-24,NOAA-21,RESPLENDOR,MINAS GERAIS,Brasil,,,,Mata Atlântica,33,31,3154309,8,,216_073,9.9,POINT(-40.94912 -19.16316)
1815364691,8dd71edc-0f35-3f16-8dc7-5d69de63e3eb,-41.8655,-21.58612,2026-04-24 16:09:00+00:00,2026-04-24,NOAA-21,SÃO FIDÉLIS,RIO DE JANEIRO,Brasil,,,,Mata Atlântica,33,33,3304805,8,,216_075,5.4,POINT(-41.8655 -21.58612)
1815364619,94011847-6f77-3b71-877a-7ff8b5a321ff,-49.30118,-22.83876,2026-04-24 16:09:00+00:00,2026-04-24,NOAA-21,ÁGUAS DE SANTA BÁRBARA,SÃO PAULO,Brasil,,,,Cerrado,33,35,3500550,8,,221_076,35.5,POINT(-49.30118 -22.83876)
1815364620,09768ed0-0936-31d8-b622-64f2e54bdb83,-40.21077,-17.98464,2026-04-24 16:09:00+00:00,2026-04-24,NOAA-21,MUCURI,BAHIA,Brasil,,,,Mata Atlântica,33,29,2922003,8,,216_072,7.4,POINT(-40.21077 -17.98464)
1815364675,76a9d582-5acf-389b-ba32-378a90eb857b,-40.33684,-18.39113,2026-04-24 16:09:00+00:00,2026-04-24,NOAA-21,PINHEIROS,ESPÍRITO SANTO,Brasil,,,,Mata Atlântica,33,32,3204104,8,,216_073,3.5,POINT(-40.33684 -18.39113)
1815364683,6bdb9fca-ca7a-3ac1-9565-5f2209ca2719,-45.18009,-20.81602,2026-04-24 16:09:00+00:00,2026-04-24,NOAA-21,CANDEIAS,MINAS GERAIS,Brasil,,,,Mata Atlântica,33,31,3112000,8,,218_074,3.5,POINT(-45.18009 -20.81602)
1815364752,10d4dd0f-157c-314a-b5d4-c8d93d7893f0,-48.80607,-22.92974,2026-04-24 16:09:00+00:00,2026-04-24,NOAA-21,BOTUCATU,SÃO PAULO,Brasil,,,,Cerrado,33,35,3507506,8,,221_076,14.0,POINT(-48.80607 -22.92974)
1815364754,1481339f-842b-389e-8f2e-ae14894b726b,-41.10874,-21.46609,2026-04-24 16:09:00+00:00,2026-04-24,NOAA-21,SÃO FRANCISCO DE ITABAPOANA,RIO DE JANEIRO,Brasil,,,,Mata Atlântica,33,33,3304755,8,,216_075,4.3,POINT(-41.10874 -21.46609)
1815364650,55d1211a-6054-3c8f-9ace-ff4bce40a5fb,-42.11684,-22.4718,2026-04-24 16:09:00+00:00,2026-04-24,NOAA-21,CASIMIRO DE ABREU,RIO DE JANEIRO,Brasil,,,,Mata Atlântica,33,33,3301306,8,,216_076,9.7,POINT(-42.11684 -22.4718)
1815364686,005a45af-5547-33a8-a44a-e70857ee0bb2,-41.51886,-19.67908,2026-04-24 16:09:00+00:00,2026-04-24,NOAA-21,POCRANE,MINAS GERAIS,Brasil,,,,Mata Atlântica,33,31,3151909,8,,216_074,3.4,POINT(-41.51886 -19.67908)
1815364645,8ae26a0c-fbd5-3017-a765-7b7ea718cc92,-40.82234,-18.38813,2026-04-24 16:09:00+00:00,2026-04-24,NOAA-21,ECOPORANGA,ESPÍRITO SANTO,Brasil,,,,Mata Atlântica,33,32,3202108,8,,216_073,4.9,POINT(-40.82234 -18.38813)
1815364672,f2d50045-c468-3efc-8a23-6dcc10bff57b,-49.40222,-25.15307,2026-04-24 16:09:00+00:00,2026-04-24,NOAA-21,RIO BRANCO DO SUL,PARANÁ,Brasil,,,,Mata Atlântica,33,41,4122206,8,,221_077,27.3,POINT(-49.40222 -25.15307)
1815364712,3d2d4d0d-1606-3de9-8e4c-ab0631f938bf,-50.5548,-21.8527,2026-04-24 16:09:00+00:00,2026-04-24,NOAA-21,TUPÃ,SÃO PAULO,Brasil,,,,Mata Atlântica,33,35,3555000,8,,222_075,10.8,POINT(-50.5548 -21.8527)
1815364708,02ce5430-7cd1-3b68-a5d5-3f2817af77ba,-40.36298,-18.76144,2026-04-24 16:09:00+00:00,2026-04-24,NOAA-21,SÃO MATEUS,ESPÍRITO SANTO,Brasil,,,,Mata Atlântica,33,32,3204906,8,,216_073,3.0,POINT(-40.36298 -18.76144)
1815364631,1a8789c5-4103-3689-98ed-ef59444b6253,-40.29166,-18.85981,2026-04-24 16:09:00+00:00,2026-04-24,NOAA-21,VILA VALÉRIO,ESPÍRITO SANTO,Brasil,,,,Mata Atlântica,33,32,3205176,8,,216_073,5.6,POINT(-40.29166 -18.85981)
1815364749,e150decc-2657-307e-8482-fd9cfd338688,-49.29709,-22.83368,2026-04-24 16:09:00+00:00,2026-04-24,NOAA-21,ÁGUAS DE SANTA BÁRBARA,SÃO PAULO,Brasil,,,,Cerrado,33,35,3500550,8,,221_076,13.5,POINT(-49.29709 -22.83368)
1815364702,f66273d8-ebc2-351c-9c8f-f2fcb00a9e57,-49.30179,-22.84034,2026-04-24 16:09:00+00:00,2026-04-24,NOAA-21,ÁGUAS DE SANTA BÁRBARA,SÃO PAULO,Brasil,,,,Cerrado,33,35,3500550,8,,221_076,13.5,POINT(-49.30179 -22.84034)
1815364639,d24a3fb0-349a-3d93-a105-39e079200f08,-49.39859,-25.15461,2026-04-24 16:09:00+00:00,2026-04-24,NOAA-21,RIO BRANCO DO SUL,PARANÁ,Brasil,,,,Mata Atlântica,33,41,4122206,8,,221_077,22.9,POINT(-49.39859 -25.15461)
1815364673,ac7117d7-310a-30d2-8f81-c0ee2468ccb7,-40.45797,-19.1174,2026-04-24 16:09:00+00:00,2026-04-24,NOAA-21,GOVERNADOR LINDENBERG,ESPÍRITO SANTO,Brasil,,,,Mata Atlântica,33,32,3202256,8,,216_073,9.7,POINT(-40.45797 -19.1174)
1815364689,089170d0-2d1e-32cc-9945-af8f4c173c1a,-40.00665,-18.74984,2026-04-24 16:09:00+00:00,2026-04-24,NOAA-21,SÃO MATEUS,ESPÍRITO SANTO,Brasil,,,,Mata Atlântica,33,32,3204906,8,,215_073,8.3,POINT(-40.00665 -18.74984)
1815364623,90d35d8d-f5fe-32da-88a3-9f4dd85be205,-39.9211,-18.89529,2026-04-24 16:09:00+00:00,2026-04-24,NOAA-21,SÃO MATEUS,ESPÍRITO SANTO,Brasil,,,,Mata Atlântica,33,32,3204906,8,,215_073,16.4,POINT(-39.9211 -18.89529)
1815364624,7deec5ed-a80e-3502-85da-1841b42f073d,-43.48358,-18.00909,2026-04-24 16:09:00+00:00,2026-04-24,NOAA-21,COUTO DE MAGALHÃES DE MINAS,MINAS GERAIS,Brasil,,,,Cerrado,33,31,3120102,8,,218_072,3.1,POINT(-43.48358 -18.00909)
1815364626,0a0eb29b-2243-3c2b-b8a2-da3bae794a8a,-40.00611,-18.75326,2026-04-24 16:09:00+00:00,2026-04-24,NOAA-21,SÃO MATEUS,ESPÍRITO SANTO,Brasil,,,,Mata Atlântica,33,32,3204906,8,,215_073,15.9,POINT(-40.00611 -18.75326)
1815364633,e79f529c-6c92-3c11-a0cb-79433758756a,-49.30202,-22.83409,2026-04-24 16:09:00+00:00,2026-04-24,NOAA-21,ÁGUAS DE SANTA BÁRBARA,SÃO PAULO,Brasil,,,,Cerrado,33,35,3500550,8,,221_076,13.5,POINT(-49.30202 -22.83409)
1815364740,e78a1b44-8038-3cf1-bcbf-7758ed329bb9,-45.35887,-17.82224,2026-04-24 16:09:00+00:00,2026-04-24,NOAA-21,BURITIZEIRO,MINAS GERAIS,Brasil,,,,Cerrado,33,31,3109402,8,,219_072,4.0,POINT(-45.35887 -17.82224)
1815364751,1e37bd6d-21d1-3198-b48b-52952414ca64,-46.3348,-18.3291,2026-04-24 16:09:00+00:00,2026-04-24,NOAA-21,PRESIDENTE OLEGÁRIO,MINAS GERAIS,Brasil,,,,Cerrado,33,31,3153400,8,,220_073,7.1,POINT(-46.3348 -18.3291)
1815364601,878ea35b-b51a-3b79-8868-09ed2b8dc4aa,-42.13468,-21.96716,2026-04-24 16:09:00+00:00,2026-04-24,NOAA-21,SÃO SEBASTIÃO DO ALTO,RIO DE JANEIRO,Brasil,,,,Mata Atlântica,33,33,3305307,8,,216_075,8.5,POINT(-42.13468 -21.96716)
1815364716,1b3acfa2-e963-3b69-bd6e-0d15bda56093,-44.61282,-17.60268,2026-04-24 16:09:00+00:00,2026-04-24,NOAA-21,VÁRZEA DA PALMA,MINAS GERAIS,Brasil,,,,Cerrado,33,31,3170800,8,,219_072,7.2,POINT(-44.61282 -17.60268)
1815364746,37c06844-de91-3d4a-abb9-e94168776789,-50.5556,-21.85056,2026-04-24 16:09:00+00:00,2026-04-24,NOAA-21,TUPÃ,SÃO PAULO,Brasil,,,,Mata Atlântica,33,35,3555000,8,,222_075,8.0,POINT(-50.5556 -21.85056)
1815364602,ff7402db-5d63-3881-968c-2b14c485a211,-49.29676,-22.83992,2026-04-24 16:09:00+00:00,2026-04-24,NOAA-21,ÁGUAS DE SANTA BÁRBARA,SÃO PAULO,Brasil,,,,Cerrado,33,35,3500550,8,,221_076,13.5,POINT(-49.29676 -22.83992)
1815368238,e7e030ca-5270-3562-b50f-905836dcaf8f,-45.30587,-13.37239,2026-04-24 16:11:00+00:00,2026-04-24,NOAA-21,CORRENTINA,BAHIA,Brasil,,,,Cerrado,33,29,2909307,8,,220_069,15.9,POINT(-45.30587 -13.37239)
1815368249,fd781f78-0d82-3676-a379-f5315dadab68,-37.18579,-10.15333,2026-04-24 16:11:00+00:00,2026-04-24,NOAA-21,ITABI,SERGIPE,Brasil,,,,Mata Atlântica,33,28,2803104,8,,215_067,4.3,POINT(-37.18579 -10.15333)
1815367821,0fd79145-05e7-39ec-a462-a575c62071e8,-45.3007,-13.3804,2026-04-24 16:11:00+00:00,2026-04-24,NOAA-21,CORRENTINA,BAHIA,Brasil,,,,Cerrado,33,29,2909307,8,,220_069,8.3,POINT(-45.3007 -13.3804)
1815367678,83ea287f-1b90-362b-85aa-4bb31f57151c,-48.91603,-13.49176,2026-04-24 16:11:00+00:00,2026-04-24,NOAA-21,SANTA TEREZA DE GOIÁS,GOIÁS,Brasil,,,,Cerrado,33,52,5219605,8,,222_069,8.8,POINT(-48.91603 -13.49176)
1815367938,7ebebe97-e4e1-3a92-ad29-16c75babba37,-37.72171,-11.42968,2026-04-24 16:11:00+00:00,2026-04-24,NOAA-21,CRISTINÁPOLIS,SERGIPE,Brasil,,,,Mata Atlântica,33,28,2801702,8,,215_068,3.3,POINT(-37.72171 -11.42968)
1815368553,3e08d03b-def5-32da-8a77-cf84428de7ac,-49.714,-11.88032,2026-04-24 16:11:00+00:00,2026-04-24,NOAA-21,FORMOSO DO ARAGUAIA,TOCANTINS,Brasil,,,,Cerrado,33,17,1708205,8,,223_068,3.9,POINT(-49.714 -11.88032)
1815368547,902868d8-782a-357d-b8e1-d34c98051901,-49.29526,-11.93716,2026-04-24 16:11:00+00:00,2026-04-24,NOAA-21,FORMOSO DO ARAGUAIA,TOCANTINS,Brasil,,,,Cerrado,33,17,1708205,8,,222_068,19.1,POINT(-49.29526 -11.93716)
1815368537,bbef7c5b-f0fe-39ba-9958-72c38c292d66,-49.29177,-11.93674,2026-04-24 16:11:00+00:00,2026-04-24,NOAA-21,FORMOSO DO ARAGUAIA,TOCANTINS,Brasil,,,,Cerrado,33,17,1708205,8,,222_068,19.1,POINT(-49.29177 -11.93674)
1815368511,f9619344-7231-3077-874b-5a6a69fff8a7,-45.30532,-13.37666,2026-04-24 16:11:00+00:00,2026-04-24,NOAA-21,CORRENTINA,BAHIA,Brasil,,,,Cerrado,33,29,2909307,8,,220_069,8.3,POINT(-45.30532 -13.37666)
1815367615,3ff6cbc1-31bf-30b3-9c45-55b9b3097844,-43.84098,-11.97442,2026-04-24 16:11:00+00:00,2026-04-24,NOAA-21,WANDERLEY,BAHIA,Brasil,,,,Cerrado,33,29,2933455,8,,219_068,4.6,POINT(-43.84098 -11.97442)
1815368457,40fe093a-037e-37ba-bdfd-4ae4adb00723,-45.30996,-13.37292,2026-04-24 16:11:00+00:00,2026-04-24,NOAA-21,CORRENTINA,BAHIA,Brasil,,,,Cerrado,33,29,2909307,8,,220_069,9.1,POINT(-45.30996 -13.37292)
1815367953,f5f401a7-2b15-37dc-9c6b-ea0e66d3639e,-47.77205,-11.9953,2026-04-24 16:11:00+00:00,2026-04-24,NOAA-21,NATIVIDADE,TOCANTINS,Brasil,,,,Cerrado,33,17,1714203,8,,221_068,17.8,POINT(-47.77205 -11.9953)
1815368383,243cf084-07a9-3551-b499-159ffa59cdbc,-44.74977,-11.75236,2026-04-24 16:11:00+00:00,2026-04-24,NOAA-21,RIACHÃO DAS NEVES,BAHIA,Brasil,,,,Cerrado,33,29,2926202,8,,220_068,3.7,POINT(-44.74977 -11.75236)
1815367863,6e488ecc-d398-32e1-aad8-5f1dd284c6aa,-42.2384,-14.51933,2026-04-24 16:11:00+00:00,2026-04-24,NOAA-21,CACULÉ,BAHIA,Brasil,,,,Caatinga,33,29,2905008,8,,218_070,3.0,POINT(-42.2384 -14.51933)
1815367538,482493bf-c69a-3400-8072-9a53e4c650a3,-39.92426,-13.03921,2026-04-24 16:11:00+00:00,2026-04-24,NOAA-21,BREJÕES,BAHIA,Brasil,,,,Mata Atlântica,33,29,2904308,8,,216_069,4.0,POINT(-39.92426 -13.03921)
1815368032,898f748f-1d2a-3a57-8101-3c72e0899ecb,-51.22251,-15.07403,2026-04-24 16:11:00+00:00,2026-04-24,NOAA-21,BRITÂNIA,GOIÁS,Brasil,,,,Cerrado,33,52,5203807,8,,223_070,4.3,POINT(-51.22251 -15.07403)
1815367850,bfa5f08c-7f16-3bff-9e26-65fdf2915d23,-51.22121,-15.07244,2026-04-24 16:11:00+00:00,2026-04-24,NOAA-21,BRITÂNIA,GOIÁS,Brasil,,,,Cerrado,33,52,5203807,8,,223_070,5.3,POINT(-51.22121 -15.07244)
1815368053,9f835db8-f601-371b-9e86-98941c235c46,-45.30643,-13.36813,2026-04-24 16:11:00+00:00,2026-04-24,NOAA-21,CORRENTINA,BAHIA,Brasil,,,,Cerrado,33,29,2909307,8,,220_069,15.9,POINT(-45.30643 -13.36813)
1815364646,4b0235c2-de5c-38f6-99a3-458729008f91,-43.05018,-15.41996,2026-04-24 16:11:00+00:00,2026-04-24,NOAA-21,PAI PEDRO,MINAS GERAIS,Brasil,,,,Caatinga,33,31,3146552,8,,218_071,3.3,POINT(-43.05018 -15.41996)
1815368077,c3b1744c-93b1-377f-8287-0187519eafb3,-44.86987,-11.70552,2026-04-24 16:11:00+00:00,2026-04-24,NOAA-21,RIACHÃO DAS NEVES,BAHIA,Brasil,,,,Cerrado,33,29,2926202,8,,220_068,4.0,POINT(-44.86987 -11.70552)
1815368085,7bc8a1a0-ac71-3d8c-a79e-3a14c983ad98,-45.30124,-13.37613,2026-04-24 16:11:00+00:00,2026-04-24,NOAA-21,CORRENTINA,BAHIA,Brasil,,,,Cerrado,33,29,2909307,8,,220_069,8.3,POINT(-45.30124 -13.37613)
1815368356,298d01fa-4333-352b-b006-88c8755c4827,-44.18012,-12.24051,2026-04-24 16:11:00+00:00,2026-04-24,NOAA-21,CRISTÓPOLIS,BAHIA,Brasil,,,,Cerrado,33,29,2909703,8,,219_068,9.9,POINT(-44.18012 -12.24051)
1815368090,30c57f17-7ae0-3683-923f-71d44132d887,-44.74714,-11.75031,2026-04-24 16:11:00+00:00,2026-04-24,NOAA-21,RIACHÃO DAS NEVES,BAHIA,Brasil,,,,Cerrado,33,29,2926202,8,,220_068,4.3,POINT(-44.74714 -11.75031)
1815364699,bb078bf4-0c04-313d-bc81-c1eb1e32515a,-44.30399,-17.22913,2026-04-24 16:11:00+00:00,2026-04-24,NOAA-21,CLARO DOS POÇÕES,MINAS GERAIS,Brasil,,,,Cerrado,33,31,3116506,8,,218_072,4.8,POINT(-44.30399 -17.22913)
1815368162,5aa68da9-76d8-32f0-83e1-8844b648b4ab,-45.30178,-13.37187,2026-04-24 16:11:00+00:00,2026-04-24,NOAA-21,CORRENTINA,BAHIA,Brasil,,,,Cerrado,33,29,2909307,8,,220_069,15.9,POINT(-45.30178 -13.37187)
1815368273,28180753-9f30-374c-a6f1-46f19153aab7,-49.28828,-11.93632,2026-04-24 16:11:00+00:00,2026-04-24,NOAA-21,FORMOSO DO ARAGUAIA,TOCANTINS,Brasil,,,,Cerrado,33,17,1708205,8,,222_068,15.6,POINT(-49.28828 -11.93632)
1815367469,4fd31880-46b1-310a-9f23-b81defd3bb6c,-49.71785,-11.88078,2026-04-24 16:11:00+00:00,2026-04-24,NOAA-21,FORMOSO DO ARAGUAIA,TOCANTINS,Brasil,,,,Cerrado,33,17,1708205,8,,223_068,5.8,POINT(-49.71785 -11.88078)
1815367886,8ea9d533-6e39-3226-9adf-1469b2ee3309,-49.71721,-11.88641,2026-04-24 16:11:00+00:00,2026-04-24,NOAA-21,FORMOSO DO ARAGUAIA,TOCANTINS,Brasil,,,,Cerrado,33,17,1708205,8,,223_068,8.9,POINT(-49.71721 -11.88641)
1815364741,db59f1ab-84a1-3248-ad6f-ad97a52368d1,-44.30455,-17.22492,2026-04-24 16:11:00+00:00,2026-04-24,NOAA-21,CLARO DOS POÇÕES,MINAS GERAIS,Brasil,,,,Cerrado,33,31,3116506,8,,218_072,4.8,POINT(-44.30455 -17.22492)
1815367207,812f0b92-607d-3f89-bc6a-7c13bfa2250d,-37.71791,-11.42908,2026-04-24 16:11:00+00:00,2026-04-24,NOAA-21,CRISTINÁPOLIS,SERGIPE,Brasil,,,,Mata Atlântica,33,28,2801702,8,,215_068,3.3,POINT(-37.71791 -11.42908)
1815368213,3539ef67-20f4-3812-9142-17d9872b3a01,-44.18061,-12.2366,2026-04-24 16:11:00+00:00,2026-04-24,NOAA-21,CRISTÓPOLIS,BAHIA,Brasil,,,,Cerrado,33,29,2909703,8,,219_068,7.8,POINT(-44.18061 -12.2366)
1815368242,dd330bc1-771c-335e-8d48-aca8f3a7d74c,-52.33244,-15.36782,2026-04-24 16:11:00+00:00,2026-04-24,NOAA-21,BARRA DO GARÇAS,MATO GROSSO,Brasil,,,,Cerrado,33,51,5101803,8,,224_071,1.4,POINT(-52.33244 -15.36782)
1815364634,cca8f663-2917-3ff0-89e0-c53221de2671,-43.7823,-15.8198,2026-04-24 16:11:00+00:00,2026-04-24,NOAA-21,SÃO JOÃO DA PONTE,MINAS GERAIS,Brasil,,,,Caatinga,33,31,3162401,8,,218_071,34.8,POINT(-43.7823 -15.8198)
1815364605,ad9e4984-8d71-3d06-a1da-5fdc4271c5e9,-43.05325,-15.42065,2026-04-24 16:11:00+00:00,2026-04-24,NOAA-21,PAI PEDRO,MINAS GERAIS,Brasil,,,,Caatinga,33,31,3146552,8,,218_071,4.8,POINT(-43.05325 -15.42065)
1815364618,44660348-b2e9-3b0b-9775-9f366858b885,-47.32689,-16.23785,2026-04-24 16:11:00+00:00,2026-04-24,NOAA-21,CRISTALINA,GOIÁS,Brasil,,,,Cerrado,33,52,5206206,8,,221_071,2.2,POINT(-47.32689 -16.23785)
1815368047,f464886e-e323-3e40-a29a-82a172b6bf4d,-44.96703,-10.60997,2026-04-24 16:13:00+00:00,2026-04-24,NOAA-21,CORRENTE,PIAUÍ,Brasil,,,,Cerrado,33,22,2202901,8,,220_067,12.5,POINT(-44.96703 -10.60997)
1815367815,08383d88-1b6b-3a0e-9d32-405f844ae2e2,-36.12412,-8.01448,2026-04-24 16:13:00+00:00,2026-04-24,NOAA-21,CARUARU,PERNAMBUCO,Brasil,,,,Caatinga,33,26,2604106,8,,214_066,3.4,POINT(-36.12412 -8.01448)
1815367762,9a73afe8-0537-3d00-b2f2-d0b0af225a1c,-44.96352,-10.60949,2026-04-24 16:13:00+00:00,2026-04-24,NOAA-21,CORRENTE,PIAUÍ,Brasil,,,,Cerrado,33,22,2202901,8,,220_067,13.4,POINT(-44.96352 -10.60949)
1815367586,b065c2e5-fa72-3f7a-820e-bc95c0b8172b,-49.40581,-11.79851,2026-04-24 16:13:00+00:00,2026-04-24,NOAA-21,FORMOSO DO ARAGUAIA,TOCANTINS,Brasil,,,,Cerrado,33,17,1708205,8,,223_068,8.5,POINT(-49.40581 -11.79851)
1815367475,264d5351-c60c-39f4-add1-7532023c48a7,-49.40516,-11.80402,2026-04-24 16:13:00+00:00,2026-04-24,NOAA-21,FORMOSO DO ARAGUAIA,TOCANTINS,Brasil,,,,Cerrado,33,17,1708205,8,,223_068,8.5,POINT(-49.40516 -11.80402)
1815367470,a31d6bd8-2bf4-3929-b6bd-248697495923,-36.94511,-9.33405,2026-04-24 16:13:00+00:00,2026-04-24,NOAA-21,IATI,PERNAMBUCO,Brasil,,,,Caatinga,33,26,2606507,8,,215_066,8.4,POINT(-36.94511 -9.33405)
1815367391,4bc17d27-1753-32a7-92fc-b0e32661ae61,-49.40599,-11.8045,2026-04-24 16:13:00+00:00,2026-04-24,NOAA-21,FORMOSO DO ARAGUAIA,TOCANTINS,Brasil,,,,Cerrado,33,17,1708205,8,,223_068,7.7,POINT(-49.40599 -11.8045)
1815367327,45553574-5671-3bcc-8272-16aa4a6390bf,-40.76519,-10.42683,2026-04-24 16:13:00+00:00,2026-04-24,NOAA-21,CAMPO FORMOSO,BAHIA,Brasil,,,,Caatinga,33,29,2906006,8,,217_067,4.5,POINT(-40.76519 -10.42683)
1815367315,bb19d2ce-82b5-368c-80da-1498b0ff3da8,-39.72281,-8.48359,2026-04-24 16:13:00+00:00,2026-04-24,NOAA-21,SANTA MARIA DA BOA VISTA,PERNAMBUCO,Brasil,,,,Caatinga,33,26,2612604,8,,217_066,2.8,POINT(-39.72281 -8.48359)
1815367184,8924d61a-6228-3c80-aea0-518dd2b26e83,-49.40933,-11.79895,2026-04-24 16:13:00+00:00,2026-04-24,NOAA-21,FORMOSO DO ARAGUAIA,TOCANTINS,Brasil,,,,Cerrado,33,17,1708205,8,,223_068,8.5,POINT(-49.40933 -11.79895)
1815368266,4d8e95a2-ba42-3f02-a77b-ce60b38fccc3,-49.41286,-11.79938,2026-04-24 16:13:00+00:00,2026-04-24,NOAA-21,FORMOSO DO ARAGUAIA,TOCANTINS,Brasil,,,,Cerrado,33,17,1708205,8,,223_068,14.6,POINT(-49.41286 -11.79938)
1815368248,4b79a3aa-718c-3d6f-bf28-5ce098ac686a,-49.81006,-11.59522,2026-04-24 16:13:00+00:00,2026-04-24,NOAA-21,FORMOSO DO ARAGUAIA,TOCANTINS,Brasil,,,,Cerrado,33,17,1708205,8,,223_068,3.5,POINT(-49.81006 -11.59522)
1815368150,3e0f1319-75e5-392e-9ac3-c0e6597707d5,-37.25322,-9.8558,2026-04-24 16:13:00+00:00,2026-04-24,NOAA-21,BELO MONTE,ALAGOAS,Brasil,,,,Caatinga,33,27,2700904,8,,215_067,5.0,POINT(-37.25322 -9.8558)
1815368061,26cc8d60-6354-3395-bf43-034997714dc3,-49.4867,-11.43797,2026-04-24 16:13:00+00:00,2026-04-24,NOAA-21,DUERÉ,TOCANTINS,Brasil,,,,Cerrado,33,17,1707306,8,,223_068,5.6,POINT(-49.4867 -11.43797)
1815367993,d40e9d7f-29bb-3408-a0e5-aea6a3599f7f,-36.98255,-9.96765,2026-04-24 16:13:00+00:00,2026-04-24,NOAA-21,TRAIPU,ALAGOAS,Brasil,,,,Caatinga,33,27,2709202,8,,215_067,6.2,POINT(-36.98255 -9.96765)
1815367954,3693518c-b29b-3893-a832-7395f1dd4a21,-40.98853,-3.12753,2026-04-24 16:13:00+00:00,2026-04-24,NOAA-21,GRANJA,CEARÁ,Brasil,,,,Caatinga,33,23,2304707,8,,218_062,4.2,POINT(-40.98853 -3.12753)
1815367934,3ad71eb3-c70f-315b-abf5-aee6a01134ef,-42.36056,-10.86024,2026-04-24 16:13:00+00:00,2026-04-24,NOAA-21,ITAGUAÇU DA BAHIA,BAHIA,Brasil,,,,Caatinga,33,29,2915353,8,,218_068,9.4,POINT(-42.36056 -10.86024)
1815365800,bed856d8-b4ce-37a7-8362-0813e299bbfd,-48.87877,-28.0966,2026-04-24 16:39:00+00:00,2026-04-24,NPP-375,SÃO MARTINHO,SANTA CATARINA,Brasil,,,,Mata Atlântica,33,42,4217105,8,,220_079,4.1,POINT(-48.87877 -28.0966)
1815366848,5398ab24-5e64-375c-9833-2ab5b27679af,-50.57655,-26.70211,2026-04-24 16:39:00+00:00,2026-04-24,NPP-375,TIMBÓ GRANDE,SANTA CATARINA,Brasil,,,,Mata Atlântica,33,42,4218251,8,,221_079,3.1,POINT(-50.57655 -26.70211)
1815365618,82e9278b-23cb-362b-9be4-f7efcb4562d9,-49.79473,-26.96991,2026-04-24 16:39:00+00:00,2026-04-24,NPP-375,DONA EMMA,SANTA CATARINA,Brasil,,,,Mata Atlântica,33,42,4205100,8,,221_079,7.0,POINT(-49.79473 -26.96991)
1815366479,25cc20e5-9388-31df-87a6-1a5210a31628,-49.4228,-27.31151,2026-04-24 16:39:00+00:00,2026-04-24,NPP-375,PRESIDENTE NEREU,SANTA CATARINA,Brasil,,,,Mata Atlântica,33,42,4214102,8,,220_079,9.5,POINT(-49.4228 -27.31151)
1815365370,08e39214-2252-3d52-a857-e80f9f28b2cb,-49.79995,-26.97045,2026-04-24 16:39:00+00:00,2026-04-24,NPP-375,DONA EMMA,SANTA CATARINA,Brasil,,,,Mata Atlântica,33,42,4205100,8,,221_079,6.7,POINT(-49.79995 -26.97045)
1815365275,f8148f35-67d5-3ffb-8578-e5a4a55f0f84,-51.38653,-26.86334,2026-04-24 16:39:00+00:00,2026-04-24,NPP-375,MACIEIRA,SANTA CATARINA,Brasil,,,,Mata Atlântica,33,42,4210050,8,,222_079,8.7,POINT(-51.38653 -26.86334)
1815365226,02d79a91-a9ec-328b-93d8-57e948e887a4,-51.3878,-26.86396,2026-04-24 16:39:00+00:00,2026-04-24,NPP-375,MACIEIRA,SANTA CATARINA,Brasil,,,,Mata Atlântica,33,42,4210050,8,,222_079,12.2,POINT(-51.3878 -26.86396)
1815366885,94b184b1-8f6b-3103-aa2f-32c7173524b1,-48.70044,-26.94255,2026-04-24 16:39:00+00:00,2026-04-24,NPP-375,ITAJAÍ,SANTA CATARINA,Brasil,,,,Mata Atlântica,33,42,4208203,8,,220_079,2.5,POINT(-48.70044 -26.94255)
1815367129,a7411171-138c-32db-a5f2-4e7369a13ba6,-51.81621,-26.8322,2026-04-24 16:39:00+00:00,2026-04-24,NPP-375,PONTE SERRADA,SANTA CATARINA,Brasil,,,,Mata Atlântica,33,42,4213401,8,,222_079,2.7,POINT(-51.81621 -26.8322)
1815367017,4db2524d-5aab-357b-a7d3-418f79f4d139,-48.69986,-26.94678,2026-04-24 16:39:00+00:00,2026-04-24,NPP-375,ITAJAÍ,SANTA CATARINA,Brasil,,,,Mata Atlântica,33,42,4208203,8,,220_079,6.5,POINT(-48.69986 -26.94678)
1815365769,a464e853-3952-3a8a-891b-6f7acf352a53,-43.28975,-22.91786,2026-04-24 16:41:00+00:00,2026-04-24,NPP-375,RIO DE JANEIRO,RIO DE JANEIRO,Brasil,,,,Mata Atlântica,33,33,3304557,8,,217_076,2.8,POINT(-43.28975 -22.91786)
1815367068,d460e340-f1c7-301e-8589-152ff8d90416,-51.0353,-25.8269,2026-04-24 16:41:00+00:00,2026-04-24,NPP-375,MALLET,PARANÁ,Brasil,,,,Mata Atlântica,33,41,4113908,8,,221_078,7.2,POINT(-51.0353 -25.8269)
1815365786,3d856f30-c2a2-3ee3-b1ef-7162d04866dd,-49.01802,-26.00525,2026-04-24 16:41:00+00:00,2026-04-24,NPP-375,TIJUCAS DO SUL,PARANÁ,Brasil,,,,Mata Atlântica,33,41,4127601,8,,220_078,57.0,POINT(-49.01802 -26.00525)
1815367135,b25643d4-6ff4-34d9-b694-1d4bea00d5eb,-46.87461,-20.20294,2026-04-24 16:41:00+00:00,2026-04-24,NPP-375,DELFINÓPOLIS,MINAS GERAIS,Brasil,,,,Cerrado,33,31,3121209,8,,220_074,7.4,POINT(-46.87461 -20.20294)
1815367041,df8a938e-9ec6-39bf-a60c-d81adee19213,-40.95044,-19.16201,2026-04-24 16:41:00+00:00,2026-04-24,NPP-375,RESPLENDOR,MINAS GERAIS,Brasil,,,,Mata Atlântica,33,31,3154309,8,,216_073,7.9,POINT(-40.95044 -19.16201)
1815365822,4371ee5b-e589-3c12-9533-34283a559896,-47.05063,-23.27808,2026-04-24 16:41:00+00:00,2026-04-24,NPP-375,CABREÚVA,SÃO PAULO,Brasil,,,,Mata Atlântica,33,35,3508405,8,,219_076,3.6,POINT(-47.05063 -23.27808)
1815365320,c9d42dd3-3a1f-3da5-af19-81836e26661b,-46.88053,-20.18934,2026-04-24 16:41:00+00:00,2026-04-24,NPP-375,DELFINÓPOLIS,MINAS GERAIS,Brasil,,,,Cerrado,33,31,3121209,8,,220_074,2.0,POINT(-46.88053 -20.18934)
1815365855,9805c8f6-89da-3bae-8dda-459e70c048cc,-49.76471,-24.81763,2026-04-24 16:41:00+00:00,2026-04-24,NPP-375,CASTRO,PARANÁ,Brasil,,,,Mata Atlântica,33,41,4104907,8,,221_077,4.9,POINT(-49.76471 -24.81763)
1815366901,fb7bdda4-65fd-3e8c-85be-39e70453b176,-49.02261,-26.00574,2026-04-24 16:41:00+00:00,2026-04-24,NPP-375,TIJUCAS DO SUL,PARANÁ,Brasil,,,,Mata Atlântica,33,41,4127601,8,,220_078,4.6,POINT(-49.02261 -26.00574)
1815366461,55bc05eb-7272-30d4-8278-f8b45ddd7c43,-42.82853,-22.90938,2026-04-24 16:41:00+00:00,2026-04-24,NPP-375,MARICÁ,RIO DE JANEIRO,Brasil,,,,Mata Atlântica,33,33,3302700,8,,217_076,2.2,POINT(-42.82853 -22.90938)
1815366884,31188b1e-f40a-39cd-a9b4-384ba7a78a32,-49.01325,-26.00472,2026-04-24 16:41:00+00:00,2026-04-24,NPP-375,TIJUCAS DO SUL,PARANÁ,Brasil,,,,Mata Atlântica,33,41,4127601,8,,220_078,57.0,POINT(-49.01325 -26.00472)
1815365924,c215912f-361f-3b0a-8041-94163c84a2cd,-52.32778,-26.19672,2026-04-24 16:41:00+00:00,2026-04-24,NPP-375,HONÓRIO SERPA,PARANÁ,Brasil,,,,Mata Atlântica,33,41,4109658,8,,222_078,5.6,POINT(-52.32778 -26.19672)
1815365931,51a46285-6f12-3c21-a668-25140981d7fb,-42.61271,-22.21875,2026-04-24 16:41:00+00:00,2026-04-24,NPP-375,NOVA FRIBURGO,RIO DE JANEIRO,Brasil,,,,Mata Atlântica,33,33,3303401,8,,217_075,5.0,POINT(-42.61271 -22.21875)
1815365280,63660b46-9c44-3d49-b83f-3bf97a169717,-47.35382,-23.02775,2026-04-24 16:41:00+00:00,2026-04-24,NPP-375,ELIAS FAUSTO,SÃO PAULO,Brasil,,,,Mata Atlântica,33,35,3514908,8,,220_076,3.3,POINT(-47.35382 -23.02775)
1815366806,80015eac-2e42-3d07-a33e-f10628b6ad9f,-40.06911,-19.60642,2026-04-24 16:41:00+00:00,2026-04-24,NPP-375,ARACRUZ,ESPÍRITO SANTO,Brasil,,,,Mata Atlântica,33,32,3200607,8,,215_074,4.2,POINT(-40.06911 -19.60642)
1815366796,3f739ab7-dd7d-3aa1-a2f4-4f18b8cf1320,-41.8304,-22.07994,2026-04-24 16:41:00+00:00,2026-04-24,NPP-375,SANTA MARIA MADALENA,RIO DE JANEIRO,Brasil,,,,Mata Atlântica,33,33,3304607,8,,216_075,1.9,POINT(-41.8304 -22.07994)
1815365982,54ebd535-59ea-35dc-a9ae-c12beee6aba9,-45.71244,-21.0641,2026-04-24 16:41:00+00:00,2026-04-24,NPP-375,BOA ESPERANÇA,MINAS GERAIS,Brasil,,,,Cerrado,33,31,3107109,8,,219_075,4.8,POINT(-45.71244 -21.0641)
1815365990,a4591769-fb88-3060-8ee5-0646fb294482,-48.80519,-22.93155,2026-04-24 16:41:00+00:00,2026-04-24,NPP-375,BOTUCATU,SÃO PAULO,Brasil,,,,Cerrado,33,35,3507506,8,,221_076,29.6,POINT(-48.80519 -22.93155)
1815366770,98ab21d6-85b5-3525-89b4-4dbc18bcdb78,-49.29906,-22.83336,2026-04-24 16:41:00+00:00,2026-04-24,NPP-375,ÁGUAS DE SANTA BÁRBARA,SÃO PAULO,Brasil,,,,Cerrado,33,35,3500550,8,,221_076,2.9,POINT(-49.29906 -22.83336)
1815366007,20dfb306-46f7-3ad6-b70c-0632ef745ef7,-52.69651,-22.96842,2026-04-24 16:41:00+00:00,2026-04-24,NPP-375,GUAIRAÇÁ,PARANÁ,Brasil,,,,Mata Atlântica,33,41,4108908,8,,223_076,3.5,POINT(-52.69651 -22.96842)
1815366024,b3bd957a-6c7c-3dbf-8f06-74eea78104a9,-49.53725,-26.06552,2026-04-24 16:41:00+00:00,2026-04-24,NPP-375,PIÊN,PARANÁ,Brasil,,,,Mata Atlântica,33,41,4119103,8,,220_078,5.2,POINT(-49.53725 -26.06552)
1815366416,05ad2a4d-795a-30aa-993e-d01a70f64d52,-52.02645,-24.81588,2026-04-24 16:41:00+00:00,2026-04-24,NPP-375,SANTA MARIA DO OESTE,PARANÁ,Brasil,,,,Mata Atlântica,33,41,4123857,8,,222_077,31.6,POINT(-52.02645 -24.81588)
1815366030,01251a2e-6340-33f7-b2d1-096b418ee4bb,-49.21101,-25.75061,2026-04-24 16:41:00+00:00,2026-04-24,NPP-375,SÃO JOSÉ DOS PINHAIS,PARANÁ,Brasil,,,,Mata Atlântica,33,41,4125506,8,,220_078,2.9,POINT(-49.21101 -25.75061)
1815366748,adb913ee-91e3-32fb-b4b9-42eed841fc9c,-49.39895,-25.15416,2026-04-24 16:41:00+00:00,2026-04-24,NPP-375,RIO BRANCO DO SUL,PARANÁ,Brasil,,,,Mata Atlântica,33,41,4122206,8,,221_077,82.5,POINT(-49.39895 -25.15416)
1815366098,8894d98a-4464-3b65-91a2-eff7aed8c08a,-52.32435,-26.20187,2026-04-24 16:41:00+00:00,2026-04-24,NPP-375,HONÓRIO SERPA,PARANÁ,Brasil,,,,Mata Atlântica,33,41,4109658,8,,222_078,39.4,POINT(-52.32435 -26.20187)
1815366743,f339edd3-13a4-36fe-8a75-2467f395347e,-42.37126,-22.50768,2026-04-24 16:41:00+00:00,2026-04-24,NPP-375,SILVA JARDIM,RIO DE JANEIRO,Brasil,,,,Mata Atlântica,33,33,3305604,8,,216_076,1.8,POINT(-42.37126 -22.50768)
1815366740,afc156f5-4aba-3797-a407-24b857f42ccb,-50.19543,-25.72293,2026-04-24 16:41:00+00:00,2026-04-24,NPP-375,SÃO JOÃO DO TRIUNFO,PARANÁ,Brasil,,,,Mata Atlântica,33,41,4125100,8,,221_078,3.1,POINT(-50.19543 -25.72293)
1815366124,cb5552e5-08d8-3eff-b262-0b5d7f2bdfc3,-50.46721,-25.69185,2026-04-24 16:41:00+00:00,2026-04-24,NPP-375,SÃO JOÃO DO TRIUNFO,PARANÁ,Brasil,,,,Mata Atlântica,33,41,4125100,8,,221_078,3.5,POINT(-50.46721 -25.69185)
1815366127,e9f6c6ac-6321-3fae-9ad7-dba7b8a7a768,-46.23359,-23.45032,2026-04-24 16:41:00+00:00,2026-04-24,NPP-375,MOGI DAS CRUZES,SÃO PAULO,Brasil,,,,Mata Atlântica,33,35,3530607,8,,219_076,3.0,POINT(-46.23359 -23.45032)
1815365250,fe86b352-1566-33de-8b16-7086df7a6ded,-49.00805,-26.00416,2026-04-24 16:41:00+00:00,2026-04-24,NPP-375,TIJUCAS DO SUL,PARANÁ,Brasil,,,,Mata Atlântica,33,41,4127601,8,,220_078,38.9,POINT(-49.00805 -26.00416)
1815366304,be511e3e-b26a-3d4f-b89d-e595c74dad1d,-40.29069,-18.857,2026-04-24 16:41:00+00:00,2026-04-24,NPP-375,VILA VALÉRIO,ESPÍRITO SANTO,Brasil,,,,Mata Atlântica,33,32,3205176,8,,216_073,17.7,POINT(-40.29069 -18.857)
1815366698,e16c5816-b3c3-376f-aaa0-29f1487f1fbf,-51.94618,-25.0994,2026-04-24 16:41:00+00:00,2026-04-24,NPP-375,GOIOXIM,PARANÁ,Brasil,,,,Mata Atlântica,33,41,4108650,8,,222_077,10.1,POINT(-51.94618 -25.0994)
1815366165,b3bab1da-df14-33ad-89e0-15734b112621,-47.04606,-23.27747,2026-04-24 16:41:00+00:00,2026-04-24,NPP-375,CABREÚVA,SÃO PAULO,Brasil,,,,Mata Atlântica,33,35,3508405,8,,219_076,4.4,POINT(-47.04606 -23.27747)
1815366696,d6f15525-6e52-3a6b-97aa-a5fb615349d3,-47.04864,-23.27669,2026-04-24 16:41:00+00:00,2026-04-24,NPP-375,CABREÚVA,SÃO PAULO,Brasil,,,,Mata Atlântica,33,35,3508405,8,,219_076,6.2,POINT(-47.04864 -23.27669)
1815366673,82cd953b-2be1-3a3b-907e-3a5a71da84db,-42.11795,-22.47338,2026-04-24 16:41:00+00:00,2026-04-24,NPP-375,CASIMIRO DE ABREU,RIO DE JANEIRO,Brasil,,,,Mata Atlântica,33,33,3301306,8,,216_076,3.3,POINT(-42.11795 -22.47338)
1815366185,510a720b-fbeb-3074-8581-4342c2afa618,-49.29854,-22.83752,2026-04-24 16:41:00+00:00,2026-04-24,NPP-375,ÁGUAS DE SANTA BÁRBARA,SÃO PAULO,Brasil,,,,Cerrado,33,35,3500550,8,,221_076,56.0,POINT(-49.29854 -22.83752)
1815366198,e7b247e1-22c0-3bb1-a409-505c5d52c87c,-50.91031,-25.14953,2026-04-24 16:41:00+00:00,2026-04-24,NPP-375,GUAMIRANGA,PARANÁ,Brasil,,,,Mata Atlântica,33,41,4108957,8,,222_077,14.4,POINT(-50.91031 -25.14953)
1815366283,01bf53dd-66e3-39f3-9162-7cd17b64ef82,-52.32724,-26.20197,2026-04-24 16:41:00+00:00,2026-04-24,NPP-375,HONÓRIO SERPA,PARANÁ,Brasil,,,,Mata Atlântica,33,41,4109658,8,,222_078,68.6,POINT(-52.32724 -26.20197)
1815366370,4230c8a6-db9a-3145-850e-e882e4d79694,-52.02684,-24.81366,2026-04-24 16:41:00+00:00,2026-04-24,NPP-375,SANTA MARIA DO OESTE,PARANÁ,Brasil,,,,Mata Atlântica,33,41,4123857,8,,222_077,24.3,POINT(-52.02684 -24.81366)
1815366657,ce5dc716-ed1b-3699-822c-c1afbbb61262,-42.37546,-20.50032,2026-04-24 16:41:00+00:00,2026-04-24,NPP-375,PEDRA BONITA,MINAS GERAIS,Brasil,,,,Mata Atlântica,33,31,3148756,8,,217_074,3.8,POINT(-42.37546 -20.50032)
1815366594,33409753-a607-3d48-9c8c-2d043a850081,-52.32368,-26.20167,2026-04-24 16:41:00+00:00,2026-04-24,NPP-375,HONÓRIO SERPA,PARANÁ,Brasil,,,,Mata Atlântica,33,41,4109658,8,,222_078,35.5,POINT(-52.32368 -26.20167)
1815366575,666fe1d6-e34f-3ede-a9e4-fa0a732e8445,-43.32567,-21.67233,2026-04-24 16:41:00+00:00,2026-04-24,NPP-375,JUIZ DE FORA,MINAS GERAIS,Brasil,,,,Mata Atlântica,33,31,3136702,8,,217_075,5.0,POINT(-43.32567 -21.67233)
1815366243,72c5b1db-e541-3188-9421-aba1c5496f1c,-56.87757,-22.27444,2026-04-24 16:41:00+00:00,2026-04-24,NPP-375,BELA VISTA,MATO GROSSO DO SUL,Brasil,,,,Cerrado,33,50,5002100,8,,226_075,3.9,POINT(-56.87757 -22.27444)
1815366539,678041cb-bc35-304a-9dc1-76fcf9e92a14,-50.5569,-21.849,2026-04-24 16:41:00+00:00,2026-04-24,NPP-375,TUPÃ,SÃO PAULO,Brasil,,,,Mata Atlântica,33,35,3555000,8,,222_075,4.8,POINT(-50.5569 -21.849)
1815365508,296b270f-61bc-351a-9eaa-f9329cd06cf5,-46.8782,-20.20704,2026-04-24 16:41:00+00:00,2026-04-24,NPP-375,DELFINÓPOLIS,MINAS GERAIS,Brasil,,,,Cerrado,33,31,3121209,8,,220_074,4.0,POINT(-46.8782 -20.20704)
1815365500,2e85a683-38a7-39cd-86cc-f78ebe2a1179,-42.31454,-21.67405,2026-04-24 16:41:00+00:00,2026-04-24,NPP-375,PIRAPETINGA,MINAS GERAIS,Brasil,,,,Mata Atlântica,33,31,3151107,8,,216_075,12.1,POINT(-42.31454 -21.67405)
1815365494,44360981-e638-3660-82bb-0875cf6a91b4,-51.15805,-26.33409,2026-04-24 16:41:00+00:00,2026-04-24,NPP-375,PORTO UNIÃO,SANTA CATARINA,Brasil,,,,Mata Atlântica,33,42,4213609,8,,221_078,6.3,POINT(-51.15805 -26.33409)
1815365480,ce17bdf7-055b-3698-a515-70dad271f97b,-54.30264,-25.26339,2026-04-24 16:41:00+00:00,2026-04-24,NPP-375,SÃO MIGUEL DO IGUAÇU,PARANÁ,Brasil,,,,Mata Atlântica,33,41,4125704,8,,224_077,4.8,POINT(-54.30264 -25.26339)
1815365576,8126489b-47fd-3e6d-be59-893b41aeb249,-40.06762,-19.60386,2026-04-24 16:41:00+00:00,2026-04-24,NPP-375,ARACRUZ,ESPÍRITO SANTO,Brasil,,,,Mata Atlântica,33,32,3200607,8,,215_074,5.5,POINT(-40.06762 -19.60386)
1815365374,8de44f44-b1cd-36a5-a5cf-dac20bca5551,-46.23785,-23.4509,2026-04-24 16:41:00+00:00,2026-04-24,NPP-375,MOGI DAS CRUZES,SÃO PAULO,Brasil,,,,Mata Atlântica,33,35,3530607,8,,219_076,4.1,POINT(-46.23785 -23.4509)
1815365425,b7fe2e1d-225d-3591-bfbc-f9806b650fe7,-42.61653,-22.21937,2026-04-24 16:41:00+00:00,2026-04-24,NPP-375,NOVA FRIBURGO,RIO DE JANEIRO,Brasil,,,,Mata Atlântica,33,33,3303401,8,,217_075,3.3,POINT(-42.61653 -22.21937)
1815365601,2a46dfd7-1674-3356-84aa-fb0977bc7c08,-52.69514,-22.96908,2026-04-24 16:41:00+00:00,2026-04-24,NPP-375,GUAIRAÇÁ,PARANÁ,Brasil,,,,Mata Atlântica,33,41,4108908,8,,223_076,6.2,POINT(-52.69514 -22.96908)
1815366269,02ebcddc-fba9-357d-82e8-b7771628a82c,-51.94514,-25.09802,2026-04-24 16:41:00+00:00,2026-04-24,NPP-375,GOIOXIM,PARANÁ,Brasil,,,,Mata Atlântica,33,41,4108650,8,,222_077,11.1,POINT(-51.94514 -25.09802)
1815365673,4d17783c-3fd8-351d-a6f2-ae6697a22092,-53.51659,-26.64093,2026-04-24 16:41:00+00:00,2026-04-24,NPP-375,GUARACIABA,SANTA CATARINA,Brasil,,,,Mata Atlântica,33,42,4206405,8,,223_078,2.1,POINT(-53.51659 -26.64093)
1815365373,f3743dc1-17d1-369c-abfa-3371136f439d,-41.3027,-21.69416,2026-04-24 16:41:00+00:00,2026-04-24,NPP-375,CAMPOS DOS GOYTACAZES,RIO DE JANEIRO,Brasil,,,,Mata Atlântica,33,33,3301009,8,,216_075,4.3,POINT(-41.3027 -21.69416)
1815365347,6d1aa2c3-e09d-381d-9438-043272a1c675,-46.2342,-23.44677,2026-04-24 16:41:00+00:00,2026-04-24,NPP-375,MOGI DAS CRUZES,SÃO PAULO,Brasil,,,,Mata Atlântica,33,35,3530607,8,,219_076,3.0,POINT(-46.2342 -23.44677)
1815367118,85682b08-d93d-36bc-8a00-590668f07c6f,-42.80158,-22.08096,2026-04-24 16:41:00+00:00,2026-04-24,NPP-375,SAPUCAIA,RIO DE JANEIRO,Brasil,,,,Mata Atlântica,33,33,3305406,8,,217_075,6.0,POINT(-42.80158 -22.08096)
1815365730,7b933c4c-9941-37bd-807f-8d630d1956d2,-52.32842,-26.19695,2026-04-24 16:41:00+00:00,2026-04-24,NPP-375,HONÓRIO SERPA,PARANÁ,Brasil,,,,Mata Atlântica,33,41,4109658,8,,222_078,3.6,POINT(-52.32842 -26.19695)
1815367085,ab0637ed-3d40-35b3-a8dc-4e056b7b425b,-52.22837,-26.31967,2026-04-24 16:41:00+00:00,2026-04-24,NPP-375,CLEVELÂNDIA,PARANÁ,Brasil,,,,Mata Atlântica,33,41,4105706,8,,222_078,1.7,POINT(-52.22837 -26.31967)
1815365762,8f0d3948-e575-3268-b628-13d1d5d3d459,-44.17075,-21.04612,2026-04-24 16:41:00+00:00,2026-04-24,NPP-375,CORONEL XAVIER CHAVES,MINAS GERAIS,Brasil,,,,Mata Atlântica,33,31,3119708,8,,218_075,4.0,POINT(-44.17075 -21.04612)
1815366744,19cc54e2-5bfd-3cfd-97f5-954f36fd058b,-43.35614,-18.22488,2026-04-24 16:43:00+00:00,2026-04-24,NPP-375,SÃO GONÇALO DO RIO PRETO,MINAS GERAIS,Brasil,,,,Cerrado,33,31,3125507,8,,218_073,5.7,POINT(-43.35614 -18.22488)
1815365144,7dd1d023-9959-3969-a97b-4a01895cebf7,-45.30293,-13.37732,2026-04-24 16:43:00+00:00,2026-04-24,NPP-375,CORRENTINA,BAHIA,Brasil,,,,Cerrado,33,29,2909307,8,,220_069,7.2,POINT(-45.30293 -13.37732)
1815365146,ca92ea6c-14e9-38e8-9267-be147fe0d375,-55.50431,-18.50916,2026-04-24 16:43:00+00:00,2026-04-24,NPP-375,CORUMBÁ,MATO GROSSO DO SUL,Brasil,,,,Pantanal,33,50,5003207,8,,226_073,13.3,POINT(-55.50431 -18.50916)
1815365162,3fdb2e02-cd37-3f7c-90dc-0abe64ef316e,-49.27734,-16.27303,2026-04-24 16:43:00+00:00,2026-04-24,NPP-375,OURO VERDE DE GOIÁS,GOIÁS,Brasil,,,,Cerrado,33,52,5215405,8,,222_071,16.7,POINT(-49.27734 -16.27303)
1815365234,2f48ed26-0a76-35bf-a249-70837cd0e0ed,-40.21033,-17.98371,2026-04-24 16:43:00+00:00,2026-04-24,NPP-375,MUCURI,BAHIA,Brasil,,,,Mata Atlântica,33,29,2922003,8,,216_072,5.2,POINT(-40.21033 -17.98371)
1815365260,d0d6e804-1cb4-378c-bf56-812ffa8d5972,-43.35987,-18.22548,2026-04-24 16:43:00+00:00,2026-04-24,NPP-375,SÃO GONÇALO DO RIO PRETO,MINAS GERAIS,Brasil,,,,Cerrado,33,31,3125507,8,,218_073,16.3,POINT(-43.35987 -18.22548)
1815365263,5102e055-a3e1-3a3e-9aed-ac2dc5e80c5d,-48.89205,-16.31239,2026-04-24 16:43:00+00:00,2026-04-24,NPP-375,ANÁPOLIS,GOIÁS,Brasil,,,,Cerrado,33,52,5201108,8,,222_071,3.3,POINT(-48.89205 -16.31239)
1815365269,6412fe2f-119d-361f-a471-35ce6680976c,-39.92325,-13.03916,2026-04-24 16:43:00+00:00,2026-04-24,NPP-375,BREJÕES,BAHIA,Brasil,,,,Mata Atlântica,33,29,2904308,8,,216_069,6.4,POINT(-39.92325 -13.03916)
1815365306,af23af39-d0a0-3551-8484-baf7544fa07e,-44.44421,-13.41715,2026-04-24 16:43:00+00:00,2026-04-24,NPP-375,CORRENTINA,BAHIA,Brasil,,,,Cerrado,33,29,2909307,8,,219_069,2.6,POINT(-44.44421 -13.41715)
1815365309,11550a37-7eba-331b-971f-00f580174f59,-46.78002,-12.70382,2026-04-24 16:43:00+00:00,2026-04-24,NPP-375,ARRAIAS,TOCANTINS,Brasil,,,,Cerrado,33,17,1702406,8,,221_069,3.9,POINT(-46.78002 -12.70382)
1815365344,76882107-517b-3a3f-828a-97afcd06afed,-43.35556,-18.22826,2026-04-24 16:43:00+00:00,2026-04-24,NPP-375,SÃO GONÇALO DO RIO PRETO,MINAS GERAIS,Brasil,,,,Cerrado,33,31,3125507,8,,218_073,22.2,POINT(-43.35556 -18.22826)
1815365377,80676207-d0c3-33e4-824c-0f555ef1539f,-46.64494,-15.79287,2026-04-24 16:43:00+00:00,2026-04-24,NPP-375,UNAÍ,MINAS GERAIS,Brasil,,,,Cerrado,33,31,3170404,8,,220_071,3.0,POINT(-46.64494 -15.79287)
1815365384,b01eae0f-8f9e-302f-a1bb-e6251c40f441,-43.35932,-18.22887,2026-04-24 16:43:00+00:00,2026-04-24,NPP-375,SÃO GONÇALO DO RIO PRETO,MINAS GERAIS,Brasil,,,,Cerrado,33,31,3125507,8,,218_073,6.2,POINT(-43.35932 -18.22887)
1815365393,2fcc3cd4-91e2-323b-94df-39696fc34179,-44.3046,-17.22638,2026-04-24 16:43:00+00:00,2026-04-24,NPP-375,CLARO DOS POÇÕES,MINAS GERAIS,Brasil,,,,Cerrado,33,31,3116506,8,,218_072,7.9,POINT(-44.3046 -17.22638)
1815365398,65060416-98f3-3f90-90a2-6e11252f6531,-47.49429,-12.40912,2026-04-24 16:43:00+00:00,2026-04-24,NPP-375,CONCEIÇÃO DO TOCANTINS,TOCANTINS,Brasil,,,,Cerrado,33,17,1705607,8,,221_069,7.8,POINT(-47.49429 -12.40912)
1815365455,a28f5fdb-bfbb-3b02-b163-c9f0971ad2fa,-51.22389,-15.07264,2026-04-24 16:43:00+00:00,2026-04-24,NPP-375,BRITÂNIA,GOIÁS,Brasil,,,,Cerrado,33,52,5203807,8,,223_070,6.1,POINT(-51.22389 -15.07264)
1815365456,fb356d49-6be3-3803-9eb0-ff4059398ce9,-45.30402,-13.37064,2026-04-24 16:43:00+00:00,2026-04-24,NPP-375,CORRENTINA,BAHIA,Brasil,,,,Cerrado,33,29,2909307,8,,220_069,20.0,POINT(-45.30402 -13.37064)
1815365542,f14175f7-d00a-3ce5-be35-564229e844c9,-45.30651,-13.37787,2026-04-24 16:43:00+00:00,2026-04-24,NPP-375,CORRENTINA,BAHIA,Brasil,,,,Cerrado,33,29,2909307,8,,220_069,5.5,POINT(-45.30651 -13.37787)
1815365552,a2a50cde-47b6-33b4-97f4-11ab0c3dba7f,-54.92204,-16.42418,2026-04-24 16:43:00+00:00,2026-04-24,NPP-375,RONDONÓPOLIS,MATO GROSSO,Brasil,,,,Cerrado,33,51,5107602,8,,225_071,4.6,POINT(-54.92204 -16.42418)
1815365554,d05e955b-f1b2-3a4f-8c73-ae3fa6e54427,-45.30705,-13.37453,2026-04-24 16:43:00+00:00,2026-04-24,NPP-375,CORRENTINA,BAHIA,Brasil,,,,Cerrado,33,29,2909307,8,,220_069,11.2,POINT(-45.30705 -13.37453)
1815365563,85188104-f908-3e7f-8fe0-a078ab3d8bd5,-48.20803,-16.38084,2026-04-24 16:43:00+00:00,2026-04-24,NPP-375,LUZIÂNIA,GOIÁS,Brasil,,,,Cerrado,33,52,5212501,8,,221_071,4.9,POINT(-48.20803 -16.38084)
1815365598,35b91ca5-210e-389f-ad55-44184091ee8c,-57.06897,-17.43011,2026-04-24 16:43:00+00:00,2026-04-24,NPP-375,POCONÉ,MATO GROSSO,Brasil,,,,Pantanal,33,51,5106505,8,,227_072,0.2,POINT(-57.06897 -17.43011)
1815365600,dea227c5-ed7a-38b4-9670-9026dadfa801,-48.16779,-16.51195,2026-04-24 16:43:00+00:00,2026-04-24,NPP-375,LUZIÂNIA,GOIÁS,Brasil,,,,Cerrado,33,52,5212501,8,,221_071,3.4,POINT(-48.16779 -16.51195)
1815365683,6a029e60-35d8-3af2-bb26-66e66340e913,-48.53682,-15.19766,2026-04-24 16:43:00+00:00,2026-04-24,NPP-375,PADRE BERNARDO,GOIÁS,Brasil,,,,Cerrado,33,52,5215603,8,,221_071,2.3,POINT(-48.53682 -15.19766)
1815365684,3985d183-fcf8-3490-ae10-ce3c11082ec1,-48.18021,-15.2787,2026-04-24 16:43:00+00:00,2026-04-24,NPP-375,PADRE BERNARDO,GOIÁS,Brasil,,,,Cerrado,33,52,5215603,8,,221_071,2.8,POINT(-48.18021 -15.2787)
1815365696,94eafaec-62e3-3284-9478-50f9bffc1ce9,-49.28337,-17.04727,2026-04-24 16:43:00+00:00,2026-04-24,NPP-375,HIDROLÂNDIA,GOIÁS,Brasil,,,,Cerrado,33,52,5209705,8,,222_072,6.5,POINT(-49.28337 -17.04727)
1815365710,35ea9e56-a20d-331d-a2d4-144367e873d2,-44.30404,-17.22972,2026-04-24 16:43:00+00:00,2026-04-24,NPP-375,CLARO DOS POÇÕES,MINAS GERAIS,Brasil,,,,Cerrado,33,31,3116506,8,,218_072,4.6,POINT(-44.30404 -17.22972)
1815365723,22b1d93b-d87b-30b3-9547-1d22f277a4ab,-44.17971,-12.24035,2026-04-24 16:43:00+00:00,2026-04-24,NPP-375,CRISTÓPOLIS,BAHIA,Brasil,,,,Cerrado,33,29,2909703,8,,219_068,4.0,POINT(-44.17971 -12.24035)
1815365804,4a429c72-703f-3c67-a7ca-0131a64340c8,-46.03962,-17.49667,2026-04-24 16:43:00+00:00,2026-04-24,NPP-375,JOÃO PINHEIRO,MINAS GERAIS,Brasil,,,,Cerrado,33,31,3136306,8,,220_072,6.0,POINT(-46.03962 -17.49667)
1815365830,1559cb6b-978b-3b90-b87d-ff0c045c2a44,-45.20388,-16.10904,2026-04-24 16:43:00+00:00,2026-04-24,NPP-375,PINTÓPOLIS,MINAS GERAIS,Brasil,,,,Cerrado,33,31,3150570,8,,219_071,3.2,POINT(-45.20388 -16.10904)
1815365873,f41ea391-fae4-33dd-8d20-1a14d7baa846,-47.49376,-12.41251,2026-04-24 16:43:00+00:00,2026-04-24,NPP-375,CONCEIÇÃO DO TOCANTINS,TOCANTINS,Brasil,,,,Cerrado,33,17,1705607,8,,221_069,4.9,POINT(-47.49376 -12.41251)
1815365879,aea52be1-dacd-3d8b-ac8a-edfbb1aee843,-43.63243,-11.76626,2026-04-24 16:43:00+00:00,2026-04-24,NPP-375,BARRA,BAHIA,Brasil,,,,Cerrado,33,29,2902708,8,,219_068,3.7,POINT(-43.63243 -11.76626)
1815365926,ae89c6b7-4efe-3e35-94f5-585fe35066a3,-42.897,-16.75633,2026-04-24 16:43:00+00:00,2026-04-24,NPP-375,CRISTÁLIA,MINAS GERAIS,Brasil,,,,Cerrado,33,31,3120300,8,,218_072,1.9,POINT(-42.897 -16.75633)
1815365932,58dda7ba-cf81-3659-b876-20d843aff5ad,-47.22999,-14.34409,2026-04-24 16:43:00+00:00,2026-04-24,NPP-375,SÃO JOÃO D'ALIANÇA,GOIÁS,Brasil,,,,Cerrado,33,52,5220009,8,,221_070,10.4,POINT(-47.22999 -14.34409)
1815365977,02e3e963-f590-3b4f-a8c5-06ce9bac9584,-46.87531,-12.4076,2026-04-24 16:43:00+00:00,2026-04-24,NPP-375,TAGUATINGA,TOCANTINS,Brasil,,,,Cerrado,33,17,1720903,8,,221_069,13.9,POINT(-46.87531 -12.4076)
1815366001,6d43625b-192a-3aa3-bb40-bb58fe715234,-56.64586,-13.99378,2026-04-24 16:43:00+00:00,2026-04-24,NPP-375,DIAMANTINO,MATO GROSSO,Brasil,,,,Cerrado,33,51,5103502,8,,227_070,7.5,POINT(-56.64586 -13.99378)
1815366105,490aee23-7f0e-36bc-83a2-1d0a89f1e234,-44.17592,-12.23975,2026-04-24 16:43:00+00:00,2026-04-24,NPP-375,CRISTÓPOLIS,BAHIA,Brasil,,,,Cerrado,33,29,2909703,8,,219_068,5.4,POINT(-44.17592 -12.23975)
1815366107,f40aa28b-bb4e-34b7-bc04-951c681ef5d5,-48.91877,-13.49575,2026-04-24 16:43:00+00:00,2026-04-24,NPP-375,SANTA TEREZA DE GOIÁS,GOIÁS,Brasil,,,,Cerrado,33,52,5219605,8,,222_069,8.4,POINT(-48.91877 -13.49575)
1815366146,2f58ee3c-6106-3d38-b7ee-25a3353562fb,-55.5216,-18.51082,2026-04-24 16:43:00+00:00,2026-04-24,NPP-375,CORUMBÁ,MATO GROSSO DO SUL,Brasil,,,,Pantanal,33,50,5003207,8,,226_073,3.6,POINT(-55.5216 -18.51082)
1815366162,cf24bdb3-efbb-3e38-8739-9f811e03fa39,-49.27461,-16.2719,2026-04-24 16:43:00+00:00,2026-04-24,NPP-375,OURO VERDE DE GOIÁS,GOIÁS,Brasil,,,,Cerrado,33,52,5215405,8,,222_071,9.7,POINT(-49.27461 -16.2719)
1815366166,29cf0643-8405-3be8-a254-ad8f2f83259c,-45.30759,-13.3712,2026-04-24 16:43:00+00:00,2026-04-24,NPP-375,CORRENTINA,BAHIA,Brasil,,,,Cerrado,33,29,2909307,8,,220_069,11.2,POINT(-45.30759 -13.3712)
1815366207,3648d9e0-d144-3112-b6bb-a9e7ca6e4153,-47.39719,-15.71732,2026-04-24 16:43:00+00:00,2026-04-24,NPP-375,BRASÍLIA,DISTRITO FEDERAL,Brasil,,,,Cerrado,33,53,5300108,8,,221_071,4.8,POINT(-47.39719 -15.71732)
1815366228,c4a0b7fd-00c9-39cc-b7dc-cc0f01db04ca,-45.2999,-13.37342,2026-04-24 16:43:00+00:00,2026-04-24,NPP-375,CORRENTINA,BAHIA,Brasil,,,,Cerrado,33,29,2909307,8,,220_069,20.0,POINT(-45.2999 -13.37342)
1815366231,2f053a37-3012-3400-a09c-308d748ca3f1,-43.63704,-11.7634,2026-04-24 16:43:00+00:00,2026-04-24,NPP-375,BARRA,BAHIA,Brasil,,,,Cerrado,33,29,2902708,8,,219_068,3.7,POINT(-43.63704 -11.7634)
1815366242,367f4929-c4d8-3adb-a2a0-25094a847112,-47.27406,-19.3903,2026-04-24 16:43:00+00:00,2026-04-24,NPP-375,PERDIZES,MINAS GERAIS,Brasil,,,,Cerrado,33,31,3149804,8,,220_073,0.8,POINT(-47.27406 -19.3903)
1815366255,dd8979e8-e447-3fca-8c43-87ab6c9e460e,-51.21993,-15.07213,2026-04-24 16:43:00+00:00,2026-04-24,NPP-375,BRITÂNIA,GOIÁS,Brasil,,,,Cerrado,33,52,5203807,8,,223_070,4.6,POINT(-51.21993 -15.07213)
1815366279,555bd58c-929d-346a-9101-910b13921116,-54.92147,-16.42349,2026-04-24 16:43:00+00:00,2026-04-24,NPP-375,RONDONÓPOLIS,MATO GROSSO,Brasil,,,,Cerrado,33,51,5107602,8,,225_071,2.9,POINT(-54.92147 -16.42349)
1815366308,7dc9d3da-f098-3333-8f27-ea709fee914d,-45.35572,-17.82317,2026-04-24 16:43:00+00:00,2026-04-24,NPP-375,BURITIZEIRO,MINAS GERAIS,Brasil,,,,Cerrado,33,31,3109402,8,,219_072,4.9,POINT(-45.35572 -17.82317)
1815366318,9bcb9660-3253-384e-a9c6-0a5a0d43e787,-42.32909,-18.61547,2026-04-24 16:43:00+00:00,2026-04-24,NPP-375,COROACI,MINAS GERAIS,Brasil,,,,Mata Atlântica,33,31,3119203,8,,217_073,11.4,POINT(-42.32909 -18.61547)
1815366355,db9c18c0-9f04-392b-81d4-b44697c7fc4e,-48.17968,-15.28226,2026-04-24 16:43:00+00:00,2026-04-24,NPP-375,PADRE BERNARDO,GOIÁS,Brasil,,,,Cerrado,33,52,5215603,8,,221_071,2.8,POINT(-48.17968 -15.28226)
1815366357,0fd2fb81-89a1-3c92-b1fa-c29fbe84d826,-48.09079,-15.68952,2026-04-24 16:43:00+00:00,2026-04-24,NPP-375,BRASÍLIA,DISTRITO FEDERAL,Brasil,,,,Cerrado,33,53,5300108,8,,221_071,3.2,POINT(-48.09079 -15.68952)
1815366374,5e499a6f-0a95-30f1-8b00-6b10071d196d,-43.78028,-15.82067,2026-04-24 16:43:00+00:00,2026-04-24,NPP-375,SÃO JOÃO DA PONTE,MINAS GERAIS,Brasil,,,,Caatinga,33,31,3162401,8,,218_071,44.1,POINT(-43.78028 -15.82067)
1815366377,60109305-ad9b-3213-bb0c-97fb17b9fd11,-44.1841,-12.23752,2026-04-24 16:43:00+00:00,2026-04-24,NPP-375,CRISTÓPOLIS,BAHIA,Brasil,,,,Cerrado,33,29,2909703,8,,219_068,4.2,POINT(-44.1841 -12.23752)
1815366379,9b6e828a-4acb-35bd-b8dd-1928e8fb7fcc,-54.91753,-16.42308,2026-04-24 16:43:00+00:00,2026-04-24,NPP-375,RONDONÓPOLIS,MATO GROSSO,Brasil,,,,Cerrado,33,51,5107602,8,,225_071,2.9,POINT(-54.91753 -16.42308)
1815366398,4909969d-027f-3e24-bdd1-002d3335e429,-47.78133,-15.68217,2026-04-24 16:43:00+00:00,2026-04-24,NPP-375,BRASÍLIA,DISTRITO FEDERAL,Brasil,,,,Cerrado,33,53,5300108,8,,221_071,3.9,POINT(-47.78133 -15.68217)
1815366427,1cf6a6f3-3a25-3db1-92b7-9fbf0f7cb7e4,-45.31864,-17.82101,2026-04-24 16:43:00+00:00,2026-04-24,NPP-375,BURITIZEIRO,MINAS GERAIS,Brasil,,,,Cerrado,33,31,3109402,8,,219_072,3.7,POINT(-45.31864 -17.82101)
1815366435,0378408d-7776-37e8-a4a6-d18437ca10dc,-44.69106,-14.27219,2026-04-24 16:43:00+00:00,2026-04-24,NPP-375,COCOS,BAHIA,Brasil,,,,Cerrado,33,29,2908101,8,,219_070,5.3,POINT(-44.69106 -14.27219)
1815366474,6c9f5f2b-7616-3e90-8f4a-cff725ffff33,-54.91811,-16.42373,2026-04-24 16:43:00+00:00,2026-04-24,NPP-375,RONDONÓPOLIS,MATO GROSSO,Brasil,,,,Cerrado,33,51,5107602,8,,225_071,4.6,POINT(-54.91811 -16.42373)
1815366486,2249dda0-9f77-3ab6-bf90-684209d0888d,-48.08241,-12.88779,2026-04-24 16:43:00+00:00,2026-04-24,NPP-375,PARANÃ,TOCANTINS,Brasil,,,,Cerrado,33,17,1716208,8,,222_069,16.2,POINT(-48.08241 -12.88779)
1815366503,c5080d80-c143-36db-8835-2c357754bbf2,-44.74764,-11.75146,2026-04-24 16:43:00+00:00,2026-04-24,NPP-375,RIACHÃO DAS NEVES,BAHIA,Brasil,,,,Cerrado,33,29,2926202,8,,220_068,2.2,POINT(-44.74764 -11.75146)
1815366511,a247f695-f993-31f9-a40c-764f37c8b431,-46.78054,-12.70048,2026-04-24 16:43:00+00:00,2026-04-24,NPP-375,ARRAIAS,TOCANTINS,Brasil,,,,Cerrado,33,17,1702406,8,,221_069,6.5,POINT(-46.78054 -12.70048)
1815366526,dd7ee987-b495-3d25-b75c-94f703812f50,-45.30348,-13.37398,2026-04-24 16:43:00+00:00,2026-04-24,NPP-375,CORRENTINA,BAHIA,Brasil,,,,Cerrado,33,29,2909307,8,,220_069,20.0,POINT(-45.30348 -13.37398)
1815366587,7281e1d1-d118-3725-af13-2d940e672516,-43.78462,-15.81787,2026-04-24 16:43:00+00:00,2026-04-24,NPP-375,SÃO JOÃO DA PONTE,MINAS GERAIS,Brasil,,,,Caatinga,33,31,3162401,8,,218_071,5.6,POINT(-43.78462 -15.81787)
1815366623,355c313c-8341-3add-8825-9bcb9a6570a4,-43.64244,-11.75363,2026-04-24 16:43:00+00:00,2026-04-24,NPP-375,BARRA,BAHIA,Brasil,,,,Cerrado,33,29,2902708,8,,219_068,5.0,POINT(-43.64244 -11.75363)
1815366639,b7c30117-b4ba-3027-acc9-95eb0826c19e,-45.30597,-13.38121,2026-04-24 16:43:00+00:00,2026-04-24,NPP-375,CORRENTINA,BAHIA,Brasil,,,,Cerrado,33,29,2909307,8,,220_069,5.5,POINT(-45.30597 -13.38121)
1815366666,6b864b8c-f700-32bc-b1b8-a8e7d91d7295,-43.05011,-15.42028,2026-04-24 16:43:00+00:00,2026-04-24,NPP-375,PAI PEDRO,MINAS GERAIS,Brasil,,,,Caatinga,33,31,3146552,8,,218_071,4.4,POINT(-43.05011 -15.42028)
1815366667,3736eac9-429d-3062-aacb-ac9f9b21e120,-46.92073,-18.73419,2026-04-24 16:43:00+00:00,2026-04-24,NPP-375,PATROCÍNIO,MINAS GERAIS,Brasil,,,,Cerrado,33,31,3148103,8,,220_073,7.7,POINT(-46.92073 -18.73419)
1815366725,c8e396f3-b6ed-37c4-8efb-f0ff606cd70f,-55.5,-18.50874,2026-04-24 16:43:00+00:00,2026-04-24,NPP-375,CORUMBÁ,MATO GROSSO DO SUL,Brasil,,,,Pantanal,33,50,5003207,8,,226_073,23.1,POINT(-55.5 -18.50874)
1815366734,ab80c1a5-cfad-35c7-b8fa-4c4c988885f3,-56.06217,-15.15484,2026-04-24 16:43:00+00:00,2026-04-24,NPP-375,CUIABÁ,MATO GROSSO,Brasil,,,,Cerrado,33,51,5103403,8,,226_071,2.8,POINT(-56.06217 -15.15484)
1815366763,c364f2ed-ab53-3bd8-a729-71633f626502,-44.61366,-17.60231,2026-04-24 16:43:00+00:00,2026-04-24,NPP-375,VÁRZEA DA PALMA,MINAS GERAIS,Brasil,,,,Cerrado,33,31,3170800,8,,219_072,4.7,POINT(-44.61366 -17.60231)
1815366769,2531e7ea-18df-3abd-bdf6-66ee1679cb08,-44.18031,-12.23691,2026-04-24 16:43:00+00:00,2026-04-24,NPP-375,CRISTÓPOLIS,BAHIA,Brasil,,,,Cerrado,33,29,2909703,8,,219_068,4.2,POINT(-44.18031 -12.23691)
1815366784,c42e7aeb-53c4-3cae-b063-ea7c66a61ac4,-56.64983,-13.991,2026-04-24 16:43:00+00:00,2026-04-24,NPP-375,DIAMANTINO,MATO GROSSO,Brasil,,,,Cerrado,33,51,5103502,8,,227_070,7.4,POINT(-56.64983 -13.991)
1815366811,24ef29eb-6d7e-31e1-8eb4-cd0702736cac,-43.63645,-11.76692,2026-04-24 16:43:00+00:00,2026-04-24,NPP-375,BARRA,BAHIA,Brasil,,,,Cerrado,33,29,2902708,8,,219_068,3.7,POINT(-43.63645 -11.76692)
1815366836,ecee3673-fdf0-3ea1-b392-575cc548653b,-46.33167,-18.32606,2026-04-24 16:43:00+00:00,2026-04-24,NPP-375,PRESIDENTE OLEGÁRIO,MINAS GERAIS,Brasil,,,,Cerrado,33,31,3153400,8,,220_073,21.0,POINT(-46.33167 -18.32606)
1815366846,6dabff6e-05de-345b-93cf-517b59cae4d9,-43.78086,-15.81727,2026-04-24 16:43:00+00:00,2026-04-24,NPP-375,SÃO JOÃO DA PONTE,MINAS GERAIS,Brasil,,,,Caatinga,33,31,3162401,8,,218_071,7.7,POINT(-43.78086 -15.81727)
1815366850,92582e7a-0ea8-3126-bc67-c09bf7b00cb6,-48.9151,-13.49155,2026-04-24 16:43:00+00:00,2026-04-24,NPP-375,SANTA TEREZA DE GOIÁS,GOIÁS,Brasil,,,,Cerrado,33,52,5219605,8,,222_069,7.2,POINT(-48.9151 -13.49155)
1815366861,ede3b239-0165-328e-8594-fd628659bd75,-46.2234,-17.63875,2026-04-24 16:43:00+00:00,2026-04-24,NPP-375,JOÃO PINHEIRO,MINAS GERAIS,Brasil,,,,Cerrado,33,31,3136306,8,,220_072,5.0,POINT(-46.2234 -17.63875)
1815366917,166e7594-cc3f-3c19-a17f-f2cba1143946,-43.64222,-11.757,2026-04-24 16:43:00+00:00,2026-04-24,NPP-375,BARRA,BAHIA,Brasil,,,,Cerrado,33,29,2902708,8,,219_068,10.3,POINT(-43.64222 -11.757)
1815366935,1ac68b29-6e14-3547-98bf-5e29c15cba1f,-43.64186,-11.75716,2026-04-24 16:43:00+00:00,2026-04-24,NPP-375,BARRA,BAHIA,Brasil,,,,Cerrado,33,29,2902708,8,,219_068,10.7,POINT(-43.64186 -11.75716)
1815367107,ee4f4905-abfa-3bda-8817-8e109420700d,-43.36252,-18.23286,2026-04-24 16:43:00+00:00,2026-04-24,NPP-375,SÃO GONÇALO DO RIO PRETO,MINAS GERAIS,Brasil,,,,Cerrado,33,31,3125507,8,,218_073,6.2,POINT(-43.36252 -18.23286)
1815367130,a13b00d2-7c58-3385-9154-b140920f446b,-43.64647,-11.75428,2026-04-24 16:43:00+00:00,2026-04-24,NPP-375,BARRA,BAHIA,Brasil,,,,Cerrado,33,29,2902708,8,,219_068,5.0,POINT(-43.64647 -11.75428)
1815367126,482c8d69-9896-34e8-879c-1a8cacc1e62a,-49.28833,-11.93617,2026-04-24 16:45:00+00:00,2026-04-24,NPP-375,FORMOSO DO ARAGUAIA,TOCANTINS,Brasil,,,,Cerrado,33,17,1708205,8,,222_068,7.0,POINT(-49.28833 -11.93617)
1815365478,cd164ac3-30d6-393b-8ea4-76e4043bde24,-42.34605,-11.34947,2026-04-24 16:45:00+00:00,2026-04-24,NPP-375,GENTIO DO OURO,BAHIA,Brasil,,,,Caatinga,33,29,2911303,8,,218_068,9.7,POINT(-42.34605 -11.34947)
1815365325,22502325-bed0-3431-827e-012e663bea54,-42.3367,-11.34788,2026-04-24 16:45:00+00:00,2026-04-24,NPP-375,GENTIO DO OURO,BAHIA,Brasil,,,,Caatinga,33,29,2911303,8,,218_068,6.9,POINT(-42.3367 -11.34788)
1815365276,29c8630f-76fa-3c6e-aa34-243dda1a551b,-49.71292,-11.87794,2026-04-24 16:45:00+00:00,2026-04-24,NPP-375,FORMOSO DO ARAGUAIA,TOCANTINS,Brasil,,,,Cerrado,33,17,1708205,8,,223_068,5.1,POINT(-49.71292 -11.87794)
1815365138,a755d5fa-ba88-326e-b5b1-9ef23d1d8188,-44.96162,-10.61237,2026-04-24 16:45:00+00:00,2026-04-24,NPP-375,SEBASTIÃO BARROS,PIAUÍ,Brasil,,,,Cerrado,33,22,2210623,8,,220_067,4.3,POINT(-44.96162 -10.61237)
1815367065,2a45d865-06c9-34c7-a61b-a0cddd41640b,-49.70939,-11.80968,2026-04-24 16:45:00+00:00,2026-04-24,NPP-375,FORMOSO DO ARAGUAIA,TOCANTINS,Brasil,,,,Cerrado,33,17,1708205,8,,223_068,12.1,POINT(-49.70939 -11.80968)
1815367136,db6df1ca-eab6-33e6-abf0-afe99d2b2f0a,-48.83615,-10.95095,2026-04-24 16:45:00+00:00,2026-04-24,NPP-375,FÁTIMA,TOCANTINS,Brasil,,,,Cerrado,33,17,1707553,8,,222_068,8.8,POINT(-48.83615 -10.95095)
1815367151,097604d0-f092-3976-9747-4226cd1df74f,-48.83665,-10.94744,2026-04-24 16:45:00+00:00,2026-04-24,NPP-375,FÁTIMA,TOCANTINS,Brasil,,,,Cerrado,33,17,1707553,8,,222_068,8.8,POINT(-48.83665 -10.94744)
1815366988,132c7d2d-c5fc-3f4b-93c3-11d33be0ecaa,-49.71678,-11.88226,2026-04-24 16:45:00+00:00,2026-04-24,NPP-375,FORMOSO DO ARAGUAIA,TOCANTINS,Brasil,,,,Cerrado,33,17,1708205,8,,223_068,5.1,POINT(-49.71678 -11.88226)
1815366978,fd0161f0-2ddd-30b6-9164-f6f8e5858d14,-49.40668,-11.80107,2026-04-24 16:45:00+00:00,2026-04-24,NPP-375,FORMOSO DO ARAGUAIA,TOCANTINS,Brasil,,,,Cerrado,33,17,1708205,8,,223_068,8.2,POINT(-49.40668 -11.80107)
1815366946,7cdf6ed5-3239-33dc-bfa1-298a0b2c7499,-49.40615,-11.8047,2026-04-24 16:45:00+00:00,2026-04-24,NPP-375,FORMOSO DO ARAGUAIA,TOCANTINS,Brasil,,,,Cerrado,33,17,1708205,8,,223_068,9.4,POINT(-49.40615 -11.8047)
1815366943,7c6d9339-4d3c-3772-95f1-17e6bbe1deda,-51.83152,-11.31667,2026-04-24 16:45:00+00:00,2026-04-24,NPP-375,CANABRAVA DO NORTE,MATO GROSSO,Brasil,,,,Amazônia,33,51,5102694,8,,224_068,8.1,POINT(-51.83152 -11.31667)
1815366938,e9bf663f-aa08-3338-b498-419e4ca673c7,-48.02046,-5.93889,2026-04-24 16:45:00+00:00,2026-04-24,NPP-375,SÃO BENTO DO TOCANTINS,TOCANTINS,Brasil,,,,Cerrado,33,17,1720101,8,,222_064,5.1,POINT(-48.02046 -5.93889)
1815366845,70b91537-b6da-3eb8-9b39-846052b1a8f8,-49.70347,-11.80631,2026-04-24 16:45:00+00:00,2026-04-24,NPP-375,FORMOSO DO ARAGUAIA,TOCANTINS,Brasil,,,,Cerrado,33,17,1708205,8,,223_068,35.5,POINT(-49.70347 -11.80631)
1815366681,230063eb-7e85-3b9a-a9df-5e0099ecc20b,-47.01117,-7.11209,2026-04-24 16:45:00+00:00,2026-04-24,NPP-375,CAROLINA,MARANHÃO,Brasil,,,,Cerrado,33,21,2102804,8,,222_065,19.7,POINT(-47.01117 -7.11209)
1815366659,b5a0ea23-add0-3296-b42d-b9e8d83321ee,-54.67898,-13.00145,2026-04-24 16:45:00+00:00,2026-04-24,NPP-375,NOVA UBIRATÃ,MATO GROSSO,Brasil,,,,Amazônia,33,51,5106240,8,,226_069,4.1,POINT(-54.67898 -13.00145)
1815366632,39c514a8-ad37-3930-8fbf-dd819590ff05,-47.77013,-11.99364,2026-04-24 16:45:00+00:00,2026-04-24,NPP-375,NATIVIDADE,TOCANTINS,Brasil,,,,Cerrado,33,17,1714203,8,,221_068,6.2,POINT(-47.77013 -11.99364)
1815366514,26d0a8a5-73c4-3e28-a598-547da75fe203,-54.67955,-12.99627,2026-04-24 16:45:00+00:00,2026-04-24,NPP-375,NOVA UBIRATÃ,MATO GROSSO,Brasil,,,,Amazônia,33,51,5106240,8,,226_069,4.1,POINT(-54.67955 -12.99627)
1815366451,91096bdc-5ec5-399e-8093-72fb8454c581,-49.41141,-11.79803,2026-04-24 16:45:00+00:00,2026-04-24,NPP-375,FORMOSO DO ARAGUAIA,TOCANTINS,Brasil,,,,Cerrado,33,17,1708205,8,,223_068,8.2,POINT(-49.41141 -11.79803)
1815366403,c327de6d-b817-3929-b05f-d99223c33732,-44.96588,-10.60956,2026-04-24 16:45:00+00:00,2026-04-24,NPP-375,CORRENTE,PIAUÍ,Brasil,,,,Cerrado,33,22,2202901,8,,220_067,63.1,POINT(-44.96588 -10.60956)
1815366399,f6844e08-e163-3782-b419-f0917f24c306,-54.68204,-13.00181,2026-04-24 16:45:00+00:00,2026-04-24,NPP-375,NOVA UBIRATÃ,MATO GROSSO,Brasil,,,,Amazônia,33,51,5106240,8,,226_069,4.1,POINT(-54.68204 -13.00181)
1815366354,9a869b50-0b56-3094-96c3-4647d11bc31d,-42.34666,-11.34568,2026-04-24 16:45:00+00:00,2026-04-24,NPP-375,GENTIO DO OURO,BAHIA,Brasil,,,,Caatinga,33,29,2911303,8,,218_068,9.7,POINT(-42.34666 -11.34568)
1815366303,cb10915a-2d9d-3d3c-9c46-90608e84e109,-51.82774,-11.31615,2026-04-24 16:45:00+00:00,2026-04-24,NPP-375,CANABRAVA DO NORTE,MATO GROSSO,Brasil,,,,Amazônia,33,51,5102694,8,,224_068,8.1,POINT(-51.82774 -11.31615)
1815366293,ff7d29fd-e9b5-3096-95cd-9e41e632fc48,-50.97686,-10.5499,2026-04-24 16:45:00+00:00,2026-04-24,NPP-375,SANTA TEREZINHA,MATO GROSSO,Brasil,,,,Cerrado,33,51,5107776,8,,224_067,4.1,POINT(-50.97686 -10.5499)
1815366276,8615b0d4-db47-31e4-81a5-3ee2b8cad4fa,-47.74783,-11.966,2026-04-24 16:45:00+00:00,2026-04-24,NPP-375,NATIVIDADE,TOCANTINS,Brasil,,,,Cerrado,33,17,1714203,8,,221_068,2.5,POINT(-47.74783 -11.966)
1815366245,3626c82b-71a6-30d5-83b5-d98bcc7713b1,-44.96531,-10.61296,2026-04-24 16:45:00+00:00,2026-04-24,NPP-375,CORRENTE,PIAUÍ,Brasil,,,,Cerrado,33,22,2202901,8,,220_067,4.3,POINT(-44.96531 -10.61296)
1815366209,502500c1-1bcb-3cb0-8364-ea5e52c43eae,-54.68372,-13.00136,2026-04-24 16:45:00+00:00,2026-04-24,NPP-375,NOVA UBIRATÃ,MATO GROSSO,Brasil,,,,Amazônia,33,51,5106240,8,,226_069,6.9,POINT(-54.68372 -13.00136)
1815366203,4b56c65c-a04f-3502-9242-5d6e4f8637df,-49.29303,-11.93316,2026-04-24 16:45:00+00:00,2026-04-24,NPP-375,FORMOSO DO ARAGUAIA,TOCANTINS,Brasil,,,,Cerrado,33,17,1708205,8,,222_068,22.3,POINT(-49.29303 -11.93316)
1815367108,11029a98-0e2c-3c9e-811a-25700e4e092f,-49.41087,-11.80166,2026-04-24 16:45:00+00:00,2026-04-24,NPP-375,FORMOSO DO ARAGUAIA,TOCANTINS,Brasil,,,,Cerrado,33,17,1708205,8,,223_068,8.2,POINT(-49.41087 -11.80166)
1815366169,8d0c6afe-5e54-39c4-b662-0b7d9d5293bb,-49.70785,-11.80694,2026-04-24 16:45:00+00:00,2026-04-24,NPP-375,FORMOSO DO ARAGUAIA,TOCANTINS,Brasil,,,,Cerrado,33,17,1708205,8,,223_068,35.5,POINT(-49.70785 -11.80694)
1815366147,f4ae9358-232e-3980-af9e-fb4fe5bfb628,-49.28886,-11.93256,2026-04-24 16:45:00+00:00,2026-04-24,NPP-375,FORMOSO DO ARAGUAIA,TOCANTINS,Brasil,,,,Cerrado,33,17,1708205,8,,222_068,7.0,POINT(-49.28886 -11.93256)
1815366055,fe287456-c5d7-304f-8533-2c33b79e8ed2,-54.68065,-13.00097,2026-04-24 16:45:00+00:00,2026-04-24,NPP-375,NOVA UBIRATÃ,MATO GROSSO,Brasil,,,,Amazônia,33,51,5106240,8,,226_069,6.9,POINT(-54.68065 -13.00097)
1815366027,e69b793f-d080-3fab-b0fe-7451517bab6d,-42.34137,-11.34867,2026-04-24 16:45:00+00:00,2026-04-24,NPP-375,GENTIO DO OURO,BAHIA,Brasil,,,,Caatinga,33,29,2911303,8,,218_068,9.7,POINT(-42.34137 -11.34867)
1815365957,49d6e8d2-2507-30fa-8f70-af63551dc0b1,-49.2925,-11.93677,2026-04-24 16:45:00+00:00,2026-04-24,NPP-375,FORMOSO DO ARAGUAIA,TOCANTINS,Brasil,,,,Cerrado,33,17,1708205,8,,222_068,22.3,POINT(-49.2925 -11.93677)
1815365883,a2b2b094-ee91-3553-8204-79f27338c264,-43.2542,-5.85903,2026-04-24 16:45:00+00:00,2026-04-24,NPP-375,PARNARAMA,MARANHÃO,Brasil,,,,Cerrado,33,21,2107803,8,,219_064,4.4,POINT(-43.2542 -5.85903)
1815365847,9d6c66eb-fe66-3269-b10e-1ce3b5e2fdd7,-51.0028,-11.20238,2026-04-24 16:45:00+00:00,2026-04-24,NPP-375,LUCIARA,MATO GROSSO,Brasil,,,,Cerrado,33,51,5105309,8,,224_068,4.2,POINT(-51.0028 -11.20238)
1815365807,ddbf46da-560d-368b-8355-ec9dcbb0da34,-54.68263,-12.99663,2026-04-24 16:45:00+00:00,2026-04-24,NPP-375,NOVA UBIRATÃ,MATO GROSSO,Brasil,,,,Amazônia,33,51,5106240,8,,226_069,4.1,POINT(-54.68263 -12.99663)
1815365655,61d55453-a752-351d-8480-66854de73a32,-44.25711,-10.75927,2026-04-24 16:45:00+00:00,2026-04-24,NPP-375,SANTA RITA DE CÁSSIA,BAHIA,Brasil,,,,Cerrado,33,29,2928406,8,,219_067,1.8,POINT(-44.25711 -10.75927)
1815365901,edaa5bac-1d4d-38e3-9dd1-2b8d7c0f5617,-42.70484,-3.54727,2026-04-24 16:48:00+00:00,2026-04-24,NPP-375,MILAGRES DO MARANHÃO,MARANHÃO,Brasil,,,,Cerrado,33,21,2106672,8,,219_063,3.4,POINT(-42.70484 -3.54727)
1815365747,4a2ea56f-6d8f-3a6a-81a1-38f9f82dc5a0,-59.69419,3.77264,2026-04-24 16:50:00+00:00,2026-04-24,NPP-375,NORMANDIA,RORAIMA,Brasil,,,,Amazônia,33,14,1400407,8,,231_057,2.8,POINT(-59.69419 3.77264)
1815366325,f358e44e-0a71-3fd4-a514-454ead2d9005,-59.69128,3.77067,2026-04-24 16:50:00+00:00,2026-04-24,NPP-375,NORMANDIA,RORAIMA,Brasil,,,,Amazônia,33,14,1400407,8,,231_057,2.9,POINT(-59.69128 3.77067)
1815367053,2c88461f-8b27-3169-bc77-0a938f764c7b,-59.69133,3.77892,2026-04-24 16:50:00+00:00,2026-04-24,NPP-375,NORMANDIA,RORAIMA,Brasil,,,,Amazônia,33,14,1400407,8,,231_057,12.7,POINT(-59.69133 3.77892)
1815365780,2de22c06-3550-35d6-9b9f-9c5cf1d62ff6,-59.69511,3.77827,2026-04-24 16:50:00+00:00,2026-04-24,NPP-375,NORMANDIA,RORAIMA,Brasil,,,,Amazônia,33,14,1400407,8,,231_057,12.3,POINT(-59.69511 3.77827)
1815365537,42ff46cb-2223-3ae1-955f-e24d0a09ab3c,-60.64481,4.62041,2026-04-24 16:50:00+00:00,2026-04-24,NPP-375,PACARAIMA,RORAIMA,Brasil,,,,Amazônia,33,14,1400456,8,,232_057,5.7,POINT(-60.64481 4.62041)
1815366458,49313915-c21f-3b73-aeb9-0fc803c24344,-59.69041,3.77328,2026-04-24 16:50:00+00:00,2026-04-24,NPP-375,NORMANDIA,RORAIMA,Brasil,,,,Amazônia,33,14,1400407,8,,231_057,7.0,POINT(-59.69041 3.77328)
1815369351,b27ab372-3f38-373d-9b0c-04abb75f78a6,-48.79261,-26.87184,2026-04-24 17:00:00+00:00,2026-04-24,NOAA-20,ILHOTA,SANTA CATARINA,Brasil,,,,Mata Atlântica,33,42,4207106,8,,220_079,7.6,POINT(-48.79261 -26.87184)
1815370537,4099c72b-f4da-343b-8eac-e5a694a86fe8,-52.32958,-26.33006,2026-04-24 17:00:00+00:00,2026-04-24,NOAA-20,CLEVELÂNDIA,PARANÁ,Brasil,,,,Mata Atlântica,33,41,4105706,8,,222_078,20.9,POINT(-52.32958 -26.33006)
1815369075,77cc5049-804b-3865-ba1c-c1064631cc17,-49.79844,-26.9705,2026-04-24 17:00:00+00:00,2026-04-24,NOAA-20,DONA EMMA,SANTA CATARINA,Brasil,,,,Mata Atlântica,33,42,4205100,8,,221_079,3.8,POINT(-49.79844 -26.9705)
1815371807,b5a314dc-9f04-33e1-a639-e9bca9f44112,-52.32901,-26.33368,2026-04-24 17:00:00+00:00,2026-04-24,NOAA-20,CLEVELÂNDIA,PARANÁ,Brasil,,,,Mata Atlântica,33,41,4105706,8,,222_078,20.9,POINT(-52.32901 -26.33368)
1815369998,ee3c90f7-ce6f-3ff5-a99e-98c155d2bd89,-50.17742,-26.35474,2026-04-24 17:00:00+00:00,2026-04-24,NOAA-20,PAPANDUVA,SANTA CATARINA,Brasil,,,,Mata Atlântica,33,42,4212205,8,,221_078,2.1,POINT(-50.17742 -26.35474)
1815370202,238195b3-861b-396a-b290-706e237a0b03,-49.21111,-25.7513,2026-04-24 17:00:00+00:00,2026-04-24,NOAA-20,SÃO JOSÉ DOS PINHAIS,PARANÁ,Brasil,,,,Mata Atlântica,33,41,4125506,8,,220_078,2.8,POINT(-49.21111 -25.7513)
1815369403,3ce20e5c-07a6-35c8-883d-4b8d4da4cee4,-49.39758,-27.03027,2026-04-24 17:00:00+00:00,2026-04-24,NOAA-20,APIÚNA,SANTA CATARINA,Brasil,,,,Mata Atlântica,33,42,4201257,8,,220_079,5.5,POINT(-49.39758 -27.03027)
1815369115,28609659-1bbd-3f34-9c9d-dc30fdb39c06,-49.01118,-26.00269,2026-04-24 17:00:00+00:00,2026-04-24,NOAA-20,TIJUCAS DO SUL,PARANÁ,Brasil,,,,Mata Atlântica,33,41,4127601,8,,220_078,42.5,POINT(-49.01118 -26.00269)
1815369425,d620709e-d18e-3c95-9bb3-804be3d1af5d,-49.81904,-27.2915,2026-04-24 17:00:00+00:00,2026-04-24,NOAA-20,TROMBUDO CENTRAL,SANTA CATARINA,Brasil,,,,Mata Atlântica,33,42,4218608,8,,220_079,2.1,POINT(-49.81904 -27.2915)
1815371614,a5205d2b-1228-3269-9bdc-05415780a012,-50.06493,-26.6068,2026-04-24 17:00:00+00:00,2026-04-24,NOAA-20,SANTA TEREZINHA,SANTA CATARINA,Brasil,,,,Mata Atlântica,33,42,4215679,8,,221_078,2.6,POINT(-50.06493 -26.6068)
1815370558,08439bf2-d27a-39cf-aa8d-ff18ced276d9,-49.98196,-26.34029,2026-04-24 17:00:00+00:00,2026-04-24,NOAA-20,ITAIÓPOLIS,SANTA CATARINA,Brasil,,,,Mata Atlântica,33,42,4208104,8,,221_078,1.6,POINT(-49.98196 -26.34029)
1815369147,5fde6562-7ebb-3a5c-b325-a7cba665fa97,-49.59584,-26.8393,2026-04-24 17:00:00+00:00,2026-04-24,NOAA-20,JOSÉ BOITEUX,SANTA CATARINA,Brasil,,,,Mata Atlântica,33,42,4209151,8,,220_079,4.4,POINT(-49.59584 -26.8393)
1815370302,a3022925-a089-373a-9377-959a934ca76e,-51.38348,-26.86395,2026-04-24 17:00:00+00:00,2026-04-24,NOAA-20,MACIEIRA,SANTA CATARINA,Brasil,,,,Mata Atlântica,33,42,4210050,8,,222_079,3.4,POINT(-51.38348 -26.86395)
1815372197,7eacdcea-f1a3-361c-9a8b-d15b5e3d3657,-49.9863,-26.61762,2026-04-24 17:00:00+00:00,2026-04-24,NOAA-20,SANTA TEREZINHA,SANTA CATARINA,Brasil,,,,Mata Atlântica,33,42,4215679,8,,221_078,5.7,POINT(-49.9863 -26.61762)
1815371443,161f2f07-8e9f-352e-a23d-65e9b9bc3640,-52.13247,-26.53123,2026-04-24 17:00:00+00:00,2026-04-24,NOAA-20,ABELARDO LUZ,SANTA CATARINA,Brasil,,,,Mata Atlântica,33,42,4200101,8,,222_078,9.6,POINT(-52.13247 -26.53123)
1815369495,aa61e09f-352a-3094-a924-cdce18819a01,-49.18945,-25.6326,2026-04-24 17:00:00+00:00,2026-04-24,NOAA-20,SÃO JOSÉ DOS PINHAIS,PARANÁ,Brasil,,,,Mata Atlântica,33,41,4125506,8,,220_078,1.8,POINT(-49.18945 -25.6326)
1815369524,7674fcca-1e27-3aa4-9272-bfad45ff1284,-50.19928,-25.72186,2026-04-24 17:00:00+00:00,2026-04-24,NOAA-20,SÃO JOÃO DO TRIUNFO,PARANÁ,Brasil,,,,Mata Atlântica,33,41,4125100,8,,221_078,4.7,POINT(-50.19928 -25.72186)
1815371091,86ee2558-61a7-318f-be4b-6a0ec47db89c,-51.15567,-26.33179,2026-04-24 17:00:00+00:00,2026-04-24,NOAA-20,PORTO UNIÃO,SANTA CATARINA,Brasil,,,,Mata Atlântica,33,42,4213609,8,,221_078,5.9,POINT(-51.15567 -26.33179)
1815369235,8cd674a6-4e11-3db7-a74d-66ed253093d8,-49.98323,-26.63438,2026-04-24 17:00:00+00:00,2026-04-24,NOAA-20,SANTA TEREZINHA,SANTA CATARINA,Brasil,,,,Mata Atlântica,33,42,4215679,8,,221_078,8.5,POINT(-49.98323 -26.63438)
1815369539,5ac2403d-4580-305f-839c-c4950ac24900,-49.01885,-26.00386,2026-04-24 17:00:00+00:00,2026-04-24,NOAA-20,TIJUCAS DO SUL,PARANÁ,Brasil,,,,Mata Atlântica,33,41,4127601,8,,220_078,22.0,POINT(-49.01885 -26.00386)
1815368918,b43cef57-dd5d-3257-a470-e307cf6c7fcb,-51.69986,-25.98847,2026-04-24 17:00:00+00:00,2026-04-24,NOAA-20,BITURUNA,PARANÁ,Brasil,,,,Mata Atlântica,33,41,4102901,8,,222_078,4.8,POINT(-51.69986 -25.98847)
1815370938,abadf461-0349-35b2-94c2-a8e8671b37ed,-53.1084,-26.22424,2026-04-24 17:00:00+00:00,2026-04-24,NOAA-20,MARMELEIRO,PARANÁ,Brasil,,,,Mata Atlântica,33,41,4115408,8,,223_078,38.2,POINT(-53.1084 -26.22424)
1815371272,01582d44-d117-3364-bc1f-9afb01a12d0d,-50.46622,-25.68991,2026-04-24 17:00:00+00:00,2026-04-24,NOAA-20,SÃO JOÃO DO TRIUNFO,PARANÁ,Brasil,,,,Mata Atlântica,33,41,4125100,8,,221_078,2.1,POINT(-50.46622 -25.68991)
1815368936,775ac5fb-248a-3455-9031-7596b8b61249,-50.07088,-26.57322,2026-04-24 17:00:00+00:00,2026-04-24,NOAA-20,SANTA TEREZINHA,SANTA CATARINA,Brasil,,,,Mata Atlântica,33,42,4215679,8,,221_078,2.5,POINT(-50.07088 -26.57322)
1815369981,072a7c8c-e124-3304-9555-609c74aa77d7,-51.74358,-26.45136,2026-04-24 17:00:00+00:00,2026-04-24,NOAA-20,PALMAS,PARANÁ,Brasil,,,,Mata Atlântica,33,41,4117602,8,,222_078,2.4,POINT(-51.74358 -26.45136)
1815370092,37e374a8-50e2-395f-a298-1f37421963fa,-49.01056,-26.00601,2026-04-24 17:00:00+00:00,2026-04-24,NOAA-20,TIJUCAS DO SUL,PARANÁ,Brasil,,,,Mata Atlântica,33,41,4127601,8,,220_078,43.0,POINT(-49.01056 -26.00601)
1815370283,09b4d214-c2f5-36bd-b9dd-c156a30ac549,-49.01501,-26.00328,2026-04-24 17:00:00+00:00,2026-04-24,NOAA-20,TIJUCAS DO SUL,PARANÁ,Brasil,,,,Mata Atlântica,33,41,4127601,8,,220_078,22.0,POINT(-49.01501 -26.00328)
1815368953,8f38bd9a-afc8-3362-8230-abaf391ff229,-50.19539,-25.7213,2026-04-24 17:00:00+00:00,2026-04-24,NOAA-20,SÃO JOÃO DO TRIUNFO,PARANÁ,Brasil,,,,Mata Atlântica,33,41,4125100,8,,221_078,6.2,POINT(-50.19539 -25.7213)
1815370268,95d43959-1296-3ef1-b5b2-67976b1ae2ac,-50.26339,-26.72973,2026-04-24 17:00:00+00:00,2026-04-24,NOAA-20,MONTE CASTELO,SANTA CATARINA,Brasil,,,,Mata Atlântica,33,42,4211108,8,,221_078,2.8,POINT(-50.26339 -26.72973)
1815371485,8a6c3951-2559-3173-adaf-d7035b8e8b92,-50.82105,-25.81751,2026-04-24 17:00:00+00:00,2026-04-24,NOAA-20,MALLET,PARANÁ,Brasil,,,,Mata Atlântica,33,41,4113908,8,,221_078,1.4,POINT(-50.82105 -25.81751)
1815370407,8417a940-a3f0-321e-a812-883810301bad,-48.8786,-28.09815,2026-04-24 17:00:00+00:00,2026-04-24,NOAA-20,SÃO MARTINHO,SANTA CATARINA,Brasil,,,,Mata Atlântica,33,42,4217105,8,,220_079,4.8,POINT(-48.8786 -28.09815)
1815368995,fbe8a47c-2900-3527-a58e-dca9006ca28e,-48.76542,-27.44041,2026-04-24 17:00:00+00:00,2026-04-24,NOAA-20,BIGUAÇU,SANTA CATARINA,Brasil,,,,Mata Atlântica,33,42,4202305,8,,220_079,1.8,POINT(-48.76542 -27.44041)
1815369993,3960aa3a-470c-3ce7-8b0a-de6d2a716b55,-50.07484,-26.57379,2026-04-24 17:00:00+00:00,2026-04-24,NOAA-20,SANTA TEREZINHA,SANTA CATARINA,Brasil,,,,Mata Atlântica,33,42,4215679,8,,221_078,5.0,POINT(-50.07484 -26.57379)
1815370634,448ac05b-baf3-3273-bb0b-b63f71676380,-49.42241,-27.31133,2026-04-24 17:00:00+00:00,2026-04-24,NOAA-20,PRESIDENTE NEREU,SANTA CATARINA,Brasil,,,,Mata Atlântica,33,42,4214102,8,,220_079,8.3,POINT(-49.42241 -27.31133)
1815371511,51d81872-d63e-3bad-a8e1-5c5c3189230f,-49.19056,-25.62997,2026-04-24 17:00:00+00:00,2026-04-24,NOAA-20,SÃO JOSÉ DOS PINHAIS,PARANÁ,Brasil,,,,Mata Atlântica,33,41,4125506,8,,220_078,2.0,POINT(-49.19056 -25.62997)
1815370747,01a56c60-8d64-37d6-8425-24f869e7ee88,-52.32492,-26.1997,2026-04-24 17:00:00+00:00,2026-04-24,NOAA-20,HONÓRIO SERPA,PARANÁ,Brasil,,,,Mata Atlântica,33,41,4109658,8,,222_078,38.3,POINT(-52.32492 -26.1997)
1815369213,0e84bb68-5be6-3704-8582-4e1936f51058,-50.09805,-25.56787,2026-04-24 17:00:00+00:00,2026-04-24,NOAA-20,PALMEIRA,PARANÁ,Brasil,,,,Mata Atlântica,33,41,4117701,8,,221_078,2.1,POINT(-50.09805 -25.56787)
1815372039,13421554-ae34-31fc-898a-a0bb3926715a,-51.70018,-25.98886,2026-04-24 17:00:00+00:00,2026-04-24,NOAA-20,BITURUNA,PARANÁ,Brasil,,,,Mata Atlântica,33,41,4102901,8,,222_078,4.0,POINT(-51.70018 -25.98886)
1815370533,e33b3e0c-22ad-3817-b1d6-231fd8f5924d,-49.01947,-26.00055,2026-04-24 17:00:00+00:00,2026-04-24,NOAA-20,TIJUCAS DO SUL,PARANÁ,Brasil,,,,Mata Atlântica,33,41,4127601,8,,220_078,22.0,POINT(-49.01947 -26.00055)
1815370745,5e06bd31-0be3-3852-b315-76559f7d6a2d,-46.8883,-20.20939,2026-04-24 17:02:00+00:00,2026-04-24,NOAA-20,DELFINÓPOLIS,MINAS GERAIS,Brasil,,,,Cerrado,33,31,3121209,8,,220_074,3.7,POINT(-46.8883 -20.20939)
1815369874,aba07f1d-8e73-3d26-8f92-a30ce92494e2,-52.49025,-23.10023,2026-04-24 17:02:00+00:00,2026-04-24,NOAA-20,PARANAVAÍ,PARANÁ,Brasil,,,,Mata Atlântica,33,41,4118402,8,,223_076,3.2,POINT(-52.49025 -23.10023)
1815370748,e13aa92a-1d66-397c-b3eb-b79168913706,-54.65817,-18.31274,2026-04-24 17:02:00+00:00,2026-04-24,NOAA-20,COXIM,MATO GROSSO DO SUL,Brasil,,,,Cerrado,33,50,5003306,8,,225_073,2.3,POINT(-54.65817 -18.31274)
1815370998,09b5678c-fb48-369b-8946-bf4731a3a568,-46.04678,-22.59071,2026-04-24 17:02:00+00:00,2026-04-24,NOAA-20,CAMBUÍ,MINAS GERAIS,Brasil,,,,Mata Atlântica,33,31,3110608,8,,219_076,2.6,POINT(-46.04678 -22.59071)
1815370989,42bc356d-5ef4-3a47-bb97-e09fb2ce8ef8,-48.60394,-23.83421,2026-04-24 17:02:00+00:00,2026-04-24,NOAA-20,BURI,SÃO PAULO,Brasil,,,,Mata Atlântica,33,35,3508009,8,,220_077,3.4,POINT(-48.60394 -23.83421)
1815370751,e679a17d-76b4-3f26-9da8-765bd2a1635b,-49.4025,-25.15654,2026-04-24 17:02:00+00:00,2026-04-24,NOAA-20,RIO BRANCO DO SUL,PARANÁ,Brasil,,,,Mata Atlântica,33,41,4122206,8,,221_077,8.0,POINT(-49.4025 -25.15654)
1815369926,073edced-0636-33c4-93d7-44bc14053bc1,-50.99553,-24.99048,2026-04-24 17:02:00+00:00,2026-04-24,NOAA-20,IVAÍ,PARANÁ,Brasil,,,,Mata Atlântica,33,41,4111407,8,,222_077,17.5,POINT(-50.99553 -24.99048)
1815370978,fb34518e-67f4-3be4-8350-9f2a7acdeafe,-49.76565,-24.8148,2026-04-24 17:02:00+00:00,2026-04-24,NOAA-20,CASTRO,PARANÁ,Brasil,,,,Mata Atlântica,33,41,4104907,8,,221_077,1.5,POINT(-49.76565 -24.8148)
1815369947,ef4f3500-d2d4-37eb-9dc9-7a799ee5f15c,-49.19348,-24.23577,2026-04-24 17:02:00+00:00,2026-04-24,NOAA-20,ITARARÉ,SÃO PAULO,Brasil,,,,Cerrado,33,35,3523206,8,,221_077,5.5,POINT(-49.19348 -24.23577)
1815370877,49e9680c-bdfe-35bb-aea3-d862f9c9a471,-42.32758,-18.61776,2026-04-24 17:02:00+00:00,2026-04-24,NOAA-20,COROACI,MINAS GERAIS,Brasil,,,,Mata Atlântica,33,31,3119203,8,,217_073,16.4,POINT(-42.32758 -18.61776)
1815370853,187f03c3-3b78-3e9c-a13a-6d61fe24ddfd,-52.24792,-18.49973,2026-04-24 17:02:00+00:00,2026-04-24,NOAA-20,SERRANÓPOLIS,GOIÁS,Brasil,,,,Cerrado,33,52,5220504,8,,223_073,13.5,POINT(-52.24792 -18.49973)
1815370765,84c29ff7-398f-3399-8a6a-f54056b4783f,-46.92197,-18.73281,2026-04-24 17:02:00+00:00,2026-04-24,NOAA-20,PATROCÍNIO,MINAS GERAIS,Brasil,,,,Cerrado,33,31,3148103,8,,220_073,12.4,POINT(-46.92197 -18.73281)
1815370826,66bedc59-b330-3c7e-a4a8-07a8ff0893a6,-49.02346,-23.21776,2026-04-24 17:02:00+00:00,2026-04-24,NOAA-20,ARANDU,SÃO PAULO,Brasil,,,,Cerrado,33,35,3503109,8,,221_076,6.1,POINT(-49.02346 -23.21776)
1815370825,cd87c2dd-5786-35bc-bfad-cdb2dbb57a16,-52.2747,-22.96677,2026-04-24 17:02:00+00:00,2026-04-24,NOAA-20,CRUZEIRO DO SUL,PARANÁ,Brasil,,,,Mata Atlântica,33,41,4106704,8,,223_076,4.1,POINT(-52.2747 -22.96677)
1815370775,5239fc7d-a4bd-30c4-8a16-916f23d95399,-55.17405,-20.71974,2026-04-24 17:02:00+00:00,2026-04-24,NOAA-20,SIDROLÂNDIA,MATO GROSSO DO SUL,Brasil,,,,Cerrado,33,50,5007901,8,,225_074,1.7,POINT(-55.17405 -20.71974)
1815369989,50baf2f4-68dd-3155-abd9-b7bb1d83f661,-52.49252,-23.205,2026-04-24 17:02:00+00:00,2026-04-24,NOAA-20,TAMBOARA,PARANÁ,Brasil,,,,Mata Atlântica,33,41,4126702,8,,223_076,3.3,POINT(-52.49252 -23.205)
1815369807,4ce11066-659e-3142-9cf8-57fb110b5f5a,-39.92281,-18.89548,2026-04-24 17:02:00+00:00,2026-04-24,NOAA-20,SÃO MATEUS,ESPÍRITO SANTO,Brasil,,,,Mata Atlântica,33,32,3204906,8,,215_073,6.3,POINT(-39.92281 -18.89548)
1815372010,454bcfc6-35b2-304c-a14e-78023592fe9b,-52.69633,-22.96982,2026-04-24 17:02:00+00:00,2026-04-24,NOAA-20,GUAIRAÇÁ,PARANÁ,Brasil,,,,Mata Atlântica,33,41,4108908,8,,223_076,5.9,POINT(-52.69633 -22.96982)
1815372044,1b788cd1-996b-3c82-bbd8-fa7cbe31b478,-41.51653,-19.68041,2026-04-24 17:02:00+00:00,2026-04-24,NOAA-20,POCRANE,MINAS GERAIS,Brasil,,,,Mata Atlântica,33,31,3151909,8,,216_074,2.4,POINT(-41.51653 -19.68041)
1815372107,7d6e650b-6259-3473-837b-992a7a28739f,-52.99914,-25.39073,2026-04-24 17:02:00+00:00,2026-04-24,NOAA-20,QUEDAS DO IGUAÇU,PARANÁ,Brasil,,,,Mata Atlântica,33,41,4120903,8,,223_078,5.3,POINT(-52.99914 -25.39073)
1815372154,c9c1af0b-297f-33b3-be63-f5e4925487b0,-50.07566,-25.17571,2026-04-24 17:02:00+00:00,2026-04-24,NOAA-20,PONTA GROSSA,PARANÁ,Brasil,,,,Mata Atlântica,33,41,4119905,8,,221_077,2.7,POINT(-50.07566 -25.17571)
1815372199,fad364d7-302a-3c31-9878-276defb6c4c3,-52.44111,-25.22097,2026-04-24 17:02:00+00:00,2026-04-24,NOAA-20,NOVA LARANJEIRAS,PARANÁ,Brasil,,,,Mata Atlântica,33,41,4117057,8,,222_078,5.7,POINT(-52.44111 -25.22097)
1815372003,115a82ec-4186-3a7d-8cc1-24873747df01,-40.00303,-18.75498,2026-04-24 17:02:00+00:00,2026-04-24,NOAA-20,SÃO MATEUS,ESPÍRITO SANTO,Brasil,,,,Mata Atlântica,33,32,3204906,8,,215_073,3.1,POINT(-40.00303 -18.75498)
1815371997,1607421e-4e58-3568-83ec-744c022abc76,-40.50284,-18.71886,2026-04-24 17:02:00+00:00,2026-04-24,NOAA-20,NOVA VENÉCIA,ESPÍRITO SANTO,Brasil,,,,Mata Atlântica,33,32,3203908,8,,216_073,5.1,POINT(-40.50284 -18.71886)
1815371989,d8d405c7-785d-39bb-ad14-04b3c1ae719c,-42.61462,-22.21942,2026-04-24 17:02:00+00:00,2026-04-24,NOAA-20,NOVA FRIBURGO,RIO DE JANEIRO,Brasil,,,,Mata Atlântica,33,33,3303401,8,,217_075,5.1,POINT(-42.61462 -22.21942)
1815371973,efd01490-dd59-3031-b6d1-0998bdb2f8e3,-49.39869,-25.15596,2026-04-24 17:02:00+00:00,2026-04-24,NOAA-20,RIO BRANCO DO SUL,PARANÁ,Brasil,,,,Mata Atlântica,33,41,4122206,8,,221_077,8.0,POINT(-49.39869 -25.15596)
1815368940,205b4a32-5445-3857-9dd9-18f1f187c3cf,-44.30416,-17.22639,2026-04-24 17:02:00+00:00,2026-04-24,NOAA-20,CLARO DOS POÇÕES,MINAS GERAIS,Brasil,,,,Cerrado,33,31,3116506,8,,218_072,5.4,POINT(-44.30416 -17.22639)
1815368948,09a42fc4-93f1-36a4-8189-a9340d82b643,-52.44238,-25.22264,2026-04-24 17:02:00+00:00,2026-04-24,NOAA-20,NOVA LARANJEIRAS,PARANÁ,Brasil,,,,Mata Atlântica,33,41,4117057,8,,222_078,5.0,POINT(-52.44238 -25.22264)
1815368972,e4c564b0-f0be-31c8-b6b8-72f9898b848f,-50.99614,-24.98708,2026-04-24 17:02:00+00:00,2026-04-24,NOAA-20,PRUDENTÓPOLIS,PARANÁ,Brasil,,,,Mata Atlântica,33,41,4120606,8,,222_077,7.6,POINT(-50.99614 -24.98708)
1815368984,58af4a4a-9831-3acb-8f6b-80a1fe996dc7,-50.32311,-21.25393,2026-04-24 17:02:00+00:00,2026-04-24,NOAA-20,BIRIGUI,SÃO PAULO,Brasil,,,,Mata Atlântica,33,35,3506508,8,,222_075,1.8,POINT(-50.32311 -21.25393)
1815368985,14bf187b-1d94-34eb-acb2-97c4e5e0c5b0,-43.36077,-18.22327,2026-04-24 17:02:00+00:00,2026-04-24,NOAA-20,SÃO GONÇALO DO RIO PRETO,MINAS GERAIS,Brasil,,,,Cerrado,33,31,3125507,8,,218_073,5.0,POINT(-43.36077 -18.22327)
1815369008,cf2b30bb-5a46-3c6f-8241-d32510af16fe,-50.83306,-19.09002,2026-04-24 17:02:00+00:00,2026-04-24,NOAA-20,ITARUMÃ,GOIÁS,Brasil,,,,Cerrado,33,52,5211305,8,,222_073,3.3,POINT(-50.83306 -19.09002)
1815370507,92b6f6e4-86f5-3f83-9380-fccd7b563efe,-49.03809,-24.60901,2026-04-24 17:02:00+00:00,2026-04-24,NOAA-20,RIBEIRA,SÃO PAULO,Brasil,,,,Mata Atlântica,33,35,3542800,8,,220_077,5.1,POINT(-49.03809 -24.60901)
1815369048,21398579-dbe9-36f4-97ba-51c61e580a6f,-55.50283,-18.51307,2026-04-24 17:02:00+00:00,2026-04-24,NOAA-20,CORUMBÁ,MATO GROSSO DO SUL,Brasil,,,,Pantanal,33,50,5003207,8,,226_073,5.7,POINT(-55.50283 -18.51307)
1815370515,c6ee48e4-6272-348d-a982-0819c8655307,-48.95994,-23.39521,2026-04-24 17:02:00+00:00,2026-04-24,NOAA-20,PARANAPANEMA,SÃO PAULO,Brasil,,,,Cerrado,33,35,3535804,8,,221_076,2.3,POINT(-48.95994 -23.39521)
1815369054,f1895d70-95c9-3598-946d-3eea8b0a144c,-43.35941,-18.23265,2026-04-24 17:02:00+00:00,2026-04-24,NOAA-20,SÃO GONÇALO DO RIO PRETO,MINAS GERAIS,Brasil,,,,Cerrado,33,31,3125507,8,,218_073,9.0,POINT(-43.35941 -18.23265)
1815371947,1777aa56-8e59-3a73-847e-d954b6a5ecbb,-52.29905,-23.11014,2026-04-24 17:02:00+00:00,2026-04-24,NOAA-20,ALTO PARANÁ,PARANÁ,Brasil,,,,Mata Atlântica,33,41,4100608,8,,223_076,3.5,POINT(-52.29905 -23.11014)
1815371878,85874b06-72fd-3350-98a3-85156a4a5a33,-45.09209,-22.31489,2026-04-24 17:02:00+00:00,2026-04-24,NOAA-20,VIRGÍNIA,MINAS GERAIS,Brasil,,,,Mata Atlântica,33,31,3171709,8,,218_075,0.6,POINT(-45.09209 -22.31489)
1815369088,67d48c72-9112-35f8-9a7a-3ed86a87efb1,-46.87937,-20.20784,2026-04-24 17:02:00+00:00,2026-04-24,NOAA-20,DELFINÓPOLIS,MINAS GERAIS,Brasil,,,,Cerrado,33,31,3121209,8,,220_074,7.1,POINT(-46.87937 -20.20784)
1815371727,f7c0ea25-b216-370c-85bd-4b9723e09c23,-42.04986,-21.82064,2026-04-24 17:02:00+00:00,2026-04-24,NOAA-20,SÃO SEBASTIÃO DO ALTO,RIO DE JANEIRO,Brasil,,,,Mata Atlântica,33,33,3305307,8,,216_075,5.5,POINT(-42.04986 -21.82064)
1815369149,f54a2b01-fc5b-3ace-acb6-60cb98140fa9,-52.50684,-23.10605,2026-04-24 17:02:00+00:00,2026-04-24,NOAA-20,PARANAVAÍ,PARANÁ,Brasil,,,,Mata Atlântica,33,41,4118402,8,,223_076,2.4,POINT(-52.50684 -23.10605)
1815371693,c2e8783c-9f2e-3cd7-b566-b384c1490fc5,-56.30011,-21.47392,2026-04-24 17:02:00+00:00,2026-04-24,NOAA-20,JARDIM,MATO GROSSO DO SUL,Brasil,,,,Cerrado,33,50,5005004,8,,226_075,3.5,POINT(-56.30011 -21.47392)
1815369156,e7dd75f2-8a8a-31e6-943a-7f340a785842,-52.81155,-25.13591,2026-04-24 17:02:00+00:00,2026-04-24,NOAA-20,GUARANIAÇU,PARANÁ,Brasil,,,,Mata Atlântica,33,41,4109302,8,,223_077,5.3,POINT(-52.81155 -25.13591)
1815370426,321ce7e9-7aa8-326a-ac35-b1785c40a86c,-55.51497,-18.51513,2026-04-24 17:02:00+00:00,2026-04-24,NOAA-20,CORUMBÁ,MATO GROSSO DO SUL,Brasil,,,,Pantanal,33,50,5003207,8,,226_073,5.5,POINT(-55.51497 -18.51513)
1815371655,9af91490-f231-35da-9e0d-28958c7cf8dc,-40.30026,-18.08406,2026-04-24 17:02:00+00:00,2026-04-24,NOAA-20,MONTANHA,ESPÍRITO SANTO,Brasil,,,,Mata Atlântica,33,32,3203502,8,,216_072,1.8,POINT(-40.30026 -18.08406)
1815371653,b55d56c4-2a73-30fa-bf78-c5537d1eba51,-43.36016,-18.22797,2026-04-24 17:02:00+00:00,2026-04-24,NOAA-20,SÃO GONÇALO DO RIO PRETO,MINAS GERAIS,Brasil,,,,Cerrado,33,31,3125507,8,,218_073,9.0,POINT(-43.36016 -18.22797)
1815369210,bce3a57c-a762-3027-99f8-e3b92472ef3d,-50.73006,-25.23579,2026-04-24 17:02:00+00:00,2026-04-24,NOAA-20,IMBITUVA,PARANÁ,Brasil,,,,Mata Atlântica,33,41,4110102,8,,221_078,3.3,POINT(-50.73006 -25.23579)
1815371624,ce1ebc13-1be2-3c5e-b1d9-ca732fc66252,-49.40311,-25.15322,2026-04-24 17:02:00+00:00,2026-04-24,NOAA-20,RIO BRANCO DO SUL,PARANÁ,Brasil,,,,Mata Atlântica,33,41,4122206,8,,221_077,8.3,POINT(-49.40311 -25.15322)
1815370524,931d80f1-127d-388c-a832-97f3f0646ac9,-55.5007,-18.5054,2026-04-24 17:02:00+00:00,2026-04-24,NOAA-20,CORUMBÁ,MATO GROSSO DO SUL,Brasil,,,,Pantanal,33,50,5003207,8,,226_073,2.8,POINT(-55.5007 -18.5054)
1815369230,8afafb5d-0130-39fe-a765-4daabd66574f,-51.94481,-25.09665,2026-04-24 17:02:00+00:00,2026-04-24,NOAA-20,GOIOXIM,PARANÁ,Brasil,,,,Mata Atlântica,33,41,4108650,8,,222_077,3.5,POINT(-51.94481 -25.09665)
1815371604,3ed32e30-0072-3ee6-96c0-2855253d8a30,-55.51875,-18.51121,2026-04-24 17:02:00+00:00,2026-04-24,NOAA-20,CORUMBÁ,MATO GROSSO DO SUL,Brasil,,,,Pantanal,33,50,5003207,8,,226_073,8.4,POINT(-55.51875 -18.51121)
1815370413,86b3d0a5-0a41-3406-8a50-80b18fa5bd3c,-42.32694,-18.61371,2026-04-24 17:02:00+00:00,2026-04-24,NOAA-20,COROACI,MINAS GERAIS,Brasil,,,,Mata Atlântica,33,31,3119203,8,,217_073,13.1,POINT(-42.32694 -18.61371)
1815371593,a47ce507-b4fd-3436-970b-28f3cfc58914,-49.3993,-25.15265,2026-04-24 17:02:00+00:00,2026-04-24,NOAA-20,RIO BRANCO DO SUL,PARANÁ,Brasil,,,,Mata Atlântica,33,41,4122206,8,,221_077,8.3,POINT(-49.3993 -25.15265)
1815369283,a1d62050-7e12-34b8-9b72-e7ec473b6596,-42.28529,-22.76531,2026-04-24 17:02:00+00:00,2026-04-24,NOAA-20,ARARUAMA,RIO DE JANEIRO,Brasil,,,,Mata Atlântica,33,33,3300209,8,,216_076,5.1,POINT(-42.28529 -22.76531)
1815371544,7a691e26-bdef-31f3-b273-ef09149308bf,-49.58153,-24.66489,2026-04-24 17:02:00+00:00,2026-04-24,NOAA-20,DOUTOR ULYSSES,PARANÁ,Brasil,,,,Mata Atlântica,33,41,4128633,8,,221_077,1.6,POINT(-49.58153 -24.66489)
1815369311,bfb33bda-c0e8-3df4-9b73-f0213cd29259,-43.35431,-18.23165,2026-04-24 17:02:00+00:00,2026-04-24,NOAA-20,SÃO GONÇALO DO RIO PRETO,MINAS GERAIS,Brasil,,,,Cerrado,33,31,3125507,8,,218_073,9.0,POINT(-43.35431 -18.23165)
1815370401,9ab0aaa1-6e95-3d0b-b57c-4a235f3ab879,-55.50338,-18.50918,2026-04-24 17:02:00+00:00,2026-04-24,NOAA-20,CORUMBÁ,MATO GROSSO DO SUL,Brasil,,,,Pantanal,33,50,5003207,8,,226_073,18.8,POINT(-55.50338 -18.50918)
1815369348,1dc0e916-f992-3f53-8f1e-cc6f0631ab61,-49.76505,-24.81812,2026-04-24 17:02:00+00:00,2026-04-24,NOAA-20,CASTRO,PARANÁ,Brasil,,,,Mata Atlântica,33,41,4104907,8,,221_077,4.8,POINT(-49.76505 -24.81812)
1815369363,efeaf5c3-f802-300c-b4c6-55758e7efd81,-46.87091,-20.20261,2026-04-24 17:02:00+00:00,2026-04-24,NOAA-20,DELFINÓPOLIS,MINAS GERAIS,Brasil,,,,Cerrado,33,31,3121209,8,,220_074,4.8,POINT(-46.87091 -20.20261)
1815370360,19c2b684-e185-3ab4-b828-39fce1606279,-50.67719,-25.28364,2026-04-24 17:02:00+00:00,2026-04-24,NOAA-20,IMBITUVA,PARANÁ,Brasil,,,,Mata Atlântica,33,41,4110102,8,,221_078,3.6,POINT(-50.67719 -25.28364)
1815371462,3b1e9630-8f07-3905-895b-55d6c68e7031,-46.91844,-18.73375,2026-04-24 17:02:00+00:00,2026-04-24,NOAA-20,PATROCÍNIO,MINAS GERAIS,Brasil,,,,Cerrado,33,31,3148103,8,,220_073,10.3,POINT(-46.91844 -18.73375)
1815370555,26d2d641-9e93-30de-99f2-c686bc43293d,-45.31721,-17.82095,2026-04-24 17:02:00+00:00,2026-04-24,NOAA-20,BURITIZEIRO,MINAS GERAIS,Brasil,,,,Cerrado,33,31,3109402,8,,219_072,2.7,POINT(-45.31721 -17.82095)
1815370322,5b1bb8d2-5036-3b6f-8e31-41392c0c45b0,-55.52067,-18.51187,2026-04-24 17:02:00+00:00,2026-04-24,NOAA-20,CORUMBÁ,MATO GROSSO DO SUL,Brasil,,,,Pantanal,33,50,5003207,8,,226_073,4.9,POINT(-55.52067 -18.51187)
1815369415,4f625e4c-c1cb-38d8-9881-5c71f24f52c9,-49.99225,-24.50954,2026-04-24 17:02:00+00:00,2026-04-24,NOAA-20,PIRAÍ DO SUL,PARANÁ,Brasil,,,,Mata Atlântica,33,41,4119400,8,,221_077,1.4,POINT(-49.99225 -24.50954)
1815371444,b6227dbc-ccc0-3f82-9d52-1e62bd11f430,-55.49827,-18.5085,2026-04-24 17:02:00+00:00,2026-04-24,NOAA-20,CORUMBÁ,MATO GROSSO DO SUL,Brasil,,,,Pantanal,33,50,5003207,8,,226_073,18.8,POINT(-55.49827 -18.5085)
1815369443,81a8aad2-2d25-3e8b-afec-2571710e66b1,-42.80501,-22.08134,2026-04-24 17:02:00+00:00,2026-04-24,NOAA-20,SAPUCAIA,RIO DE JANEIRO,Brasil,,,,Mata Atlântica,33,33,3305406,8,,217_075,15.6,POINT(-42.80501 -22.08134)
1815369477,cc22ae59-6533-3b26-91af-b580c0830e7d,-52.50742,-23.10253,2026-04-24 17:02:00+00:00,2026-04-24,NOAA-20,PARANAVAÍ,PARANÁ,Brasil,,,,Mata Atlântica,33,41,4118402,8,,223_076,2.4,POINT(-52.50742 -23.10253)
1815371418,cb1dfdf1-f239-314c-a0b3-707f62b330f1,-55.51307,-18.51443,2026-04-24 17:02:00+00:00,2026-04-24,NOAA-20,CORUMBÁ,MATO GROSSO DO SUL,Brasil,,,,Pantanal,33,50,5003207,8,,226_073,3.1,POINT(-55.51307 -18.51443)
1815371403,d41de25d-58c0-3b4d-9bd2-4c3a6980e55a,-44.03289,-22.96581,2026-04-24 17:02:00+00:00,2026-04-24,NOAA-20,MANGARATIBA,RIO DE JANEIRO,Brasil,,,,Mata Atlântica,33,33,3302601,8,,217_076,1.7,POINT(-44.03289 -22.96581)
1815371368,5f404144-0431-3efd-b6a7-d8ab5198fbbc,-40.29211,-18.85606,2026-04-24 17:02:00+00:00,2026-04-24,NOAA-20,VILA VALÉRIO,ESPÍRITO SANTO,Brasil,,,,Mata Atlântica,33,32,3205176,8,,216_073,11.0,POINT(-40.29211 -18.85606)
1815369534,bb96e249-92a4-324c-ba0e-22606f06e85f,-52.02675,-24.81591,2026-04-24 17:02:00+00:00,2026-04-24,NOAA-20,SANTA MARIA DO OESTE,PARANÁ,Brasil,,,,Mata Atlântica,33,41,4123857,8,,222_077,41.2,POINT(-52.02675 -24.81591)
1815371366,c99dac1e-c17a-3f16-9670-510cb2987e2c,-46.91068,-22.09055,2026-04-24 17:02:00+00:00,2026-04-24,NOAA-20,AGUAÍ,SÃO PAULO,Brasil,,,,Cerrado,33,35,3500303,8,,219_075,11.9,POINT(-46.91068 -22.09055)
1815371313,be507c6a-f7ac-323f-8c5a-d626e1f1656f,-55.49771,-18.5124,2026-04-24 17:02:00+00:00,2026-04-24,NOAA-20,CORUMBÁ,MATO GROSSO DO SUL,Brasil,,,,Pantanal,33,50,5003207,8,,226_073,5.7,POINT(-55.49771 -18.5124)
1815370591,f2fc5188-674d-30a5-9fa8-ab996e6387d9,-51.1128,-18.16937,2026-04-24 17:02:00+00:00,2026-04-24,NOAA-20,RIO VERDE,GOIÁS,Brasil,,,,Cerrado,33,52,5218805,8,,223_073,1.8,POINT(-51.1128 -18.16937)
1815369565,d7ec15b1-fbb2-3957-807f-91a4559b37c8,-46.24209,-21.77863,2026-04-24 17:02:00+00:00,2026-04-24,NOAA-20,CAMPESTRE,MINAS GERAIS,Brasil,,,,Mata Atlântica,33,31,3111002,8,,219_075,3.8,POINT(-46.24209 -21.77863)
1815369569,a4c9cdc1-4dc1-3058-86bd-94fe86e45b68,-44.76355,-21.78553,2026-04-24 17:02:00+00:00,2026-04-24,NOAA-20,CRUZÍLIA,MINAS GERAIS,Brasil,,,,Mata Atlântica,33,31,3120805,8,,218_075,1.5,POINT(-44.76355 -21.78553)
1815369587,5506ea17-552b-3448-a644-57d429fa9bef,-51.16762,-25.0427,2026-04-24 17:02:00+00:00,2026-04-24,NOAA-20,PRUDENTÓPOLIS,PARANÁ,Brasil,,,,Mata Atlântica,33,41,4120606,8,,222_077,4.5,POINT(-51.16762 -25.0427)
1815369612,7b5c976f-eb11-341c-a8b6-b7f6301a7682,-40.06922,-19.60452,2026-04-24 17:02:00+00:00,2026-04-24,NOAA-20,ARACRUZ,ESPÍRITO SANTO,Brasil,,,,Mata Atlântica,33,32,3200607,8,,215_074,4.7,POINT(-40.06922 -19.60452)
1815369614,1a965600-0869-3969-8617-601aff4d8049,-40.49898,-18.71803,2026-04-24 17:02:00+00:00,2026-04-24,NOAA-20,NOVA VENÉCIA,ESPÍRITO SANTO,Brasil,,,,Mata Atlântica,33,32,3203908,8,,216_073,4.8,POINT(-40.49898 -18.71803)
1815370617,3e5d5fb1-5d65-31c7-993a-cb7424abd172,-55.50014,-18.5093,2026-04-24 17:02:00+00:00,2026-04-24,NOAA-20,CORUMBÁ,MATO GROSSO DO SUL,Brasil,,,,Pantanal,33,50,5003207,8,,226_073,47.3,POINT(-55.50014 -18.5093)
1815371256,50a929d0-a0e6-3d3c-8077-551639cb465d,-43.35514,-18.22699,2026-04-24 17:02:00+00:00,2026-04-24,NOAA-20,SÃO GONÇALO DO RIO PRETO,MINAS GERAIS,Brasil,,,,Cerrado,33,31,3125507,8,,218_073,9.0,POINT(-43.35514 -18.22699)
1815371249,72791138-a832-323d-9fb8-efd5da4e0663,-51.19584,-18.6701,2026-04-24 17:02:00+00:00,2026-04-24,NOAA-20,CAÇU,GOIÁS,Brasil,,,,Cerrado,33,52,5204300,8,,223_073,2.6,POINT(-51.19584 -18.6701)
1815371233,bf4a93f4-87be-36e5-b21e-05d0cca1c103,-46.8933,-20.2065,2026-04-24 17:02:00+00:00,2026-04-24,NOAA-20,DELFINÓPOLIS,MINAS GERAIS,Brasil,,,,Cerrado,33,31,3121209,8,,220_074,3.7,POINT(-46.8933 -20.2065)
1815370647,e2a2735f-f08a-3e1c-983f-6fc026b4c281,-46.22227,-17.63968,2026-04-24 17:02:00+00:00,2026-04-24,NOAA-20,JOÃO PINHEIRO,MINAS GERAIS,Brasil,,,,Cerrado,33,31,3136306,8,,220_072,4.2,POINT(-46.22227 -17.63968)
1815371224,ba33e90e-f0ea-3006-85f9-0e07a7cf90d8,-46.2406,-21.77587,2026-04-24 17:02:00+00:00,2026-04-24,NOAA-20,CAMPESTRE,MINAS GERAIS,Brasil,,,,Mata Atlântica,33,31,3111002,8,,219_075,3.6,POINT(-46.2406 -21.77587)
1815370217,8553c7c4-d819-35b9-ab80-fea63c6ec7bc,-49.10909,-18.75912,2026-04-24 17:02:00+00:00,2026-04-24,NOAA-20,CANÁPOLIS,MINAS GERAIS,Brasil,,,,Cerrado,33,31,3111804,8,,221_073,3.8,POINT(-49.10909 -18.75912)
1815371203,d7e241d6-2c83-37a6-a1f8-f8bccc96fafa,-49.07322,-24.42407,2026-04-24 17:02:00+00:00,2026-04-24,NOAA-20,BARRA DO CHAPÉU,SÃO PAULO,Brasil,,,,Mata Atlântica,33,35,3505351,8,,220_077,4.3,POINT(-49.07322 -24.42407)
1815371173,b31512f3-70f1-30b8-b160-57c325105075,-52.69151,-22.97279,2026-04-24 17:02:00+00:00,2026-04-24,NOAA-20,GUAIRAÇÁ,PARANÁ,Brasil,,,,Mata Atlântica,33,41,4108908,8,,223_076,4.0,POINT(-52.69151 -22.97279)
1815371130,1f511ae1-0b3d-31a5-9195-975e036e789c,-50.47776,-23.61602,2026-04-24 17:02:00+00:00,2026-04-24,NOAA-20,CONGONHINHAS,PARANÁ,Brasil,,,,Mata Atlântica,33,41,4106001,8,,221_076,2.4,POINT(-50.47776 -23.61602)
1815370672,3c161050-f54d-30b5-b121-c6ed66e82f4b,-53.23296,-25.3017,2026-04-24 17:02:00+00:00,2026-04-24,NOAA-20,CATANDUVAS,PARANÁ,Brasil,,,,Mata Atlântica,33,41,4105003,8,,223_078,3.7,POINT(-53.23296 -25.3017)
1815371119,e241c3be-6b69-319c-a224-a8a6b873c951,-49.10849,-18.76251,2026-04-24 17:02:00+00:00,2026-04-24,NOAA-20,CANÁPOLIS,MINAS GERAIS,Brasil,,,,Cerrado,33,31,3111804,8,,221_073,12.1,POINT(-49.10849 -18.76251)
1815371107,75e96d35-02a1-36df-8213-8e485afd4c1d,-47.94825,-24.65745,2026-04-24 17:02:00+00:00,2026-04-24,NOAA-20,JACUPIRANGA,SÃO PAULO,Brasil,,,,Mata Atlântica,33,35,3524600,8,,220_077,8.5,POINT(-47.94825 -24.65745)
1815370685,e2fbf3ae-3f9e-386f-8299-5f0baf50f26d,-51.64369,-22.01735,2026-04-24 17:02:00+00:00,2026-04-24,NOAA-20,SANTO ANASTÁCIO,SÃO PAULO,Brasil,,,,Mata Atlântica,33,35,3547700,8,,222_075,3.3,POINT(-51.64369 -22.01735)
1815370125,46d5e9c1-0819-3cab-b099-8f8e4d001e8f,-42.32553,-18.61856,2026-04-24 17:02:00+00:00,2026-04-24,NOAA-20,COROACI,MINAS GERAIS,Brasil,,,,Mata Atlântica,33,31,3119203,8,,217_073,13.1,POINT(-42.32553 -18.61856)
1815369770,01fcb3ae-58bf-32ee-9d60-3386d989a6ef,-50.91124,-25.15324,2026-04-24 17:02:00+00:00,2026-04-24,NOAA-20,GUAMIRANGA,PARANÁ,Brasil,,,,Mata Atlântica,33,41,4108957,8,,222_077,2.7,POINT(-50.91124 -25.15324)
1815369771,74f165ee-3dfd-3fc1-87d1-d1b63ba47d55,-54.92553,-22.62328,2026-04-24 17:02:00+00:00,2026-04-24,NOAA-20,CAARAPÓ,MATO GROSSO DO SUL,Brasil,,,,Mata Atlântica,33,50,5002407,8,,225_076,5.6,POINT(-54.92553 -22.62328)
1815371073,3e58eb16-00d8-3be8-ac01-9c2b4d020a2c,-49.29819,-22.84002,2026-04-24 17:02:00+00:00,2026-04-24,NOAA-20,ÁGUAS DE SANTA BÁRBARA,SÃO PAULO,Brasil,,,,Cerrado,33,35,3500550,8,,221_076,5.7,POINT(-49.29819 -22.84002)
1815369788,0e9379c9-d841-3881-a3d4-e7bcbc93cc0f,-42.80004,-22.08035,2026-04-24 17:02:00+00:00,2026-04-24,NOAA-20,SAPUCAIA,RIO DE JANEIRO,Brasil,,,,Mata Atlântica,33,33,3305406,8,,217_075,15.6,POINT(-42.80004 -22.08035)
1815370053,2d369383-d971-3aed-88e8-d9e7e6d2cec5,-54.54444,-20.4457,2026-04-24 17:02:00+00:00,2026-04-24,NOAA-20,CAMPO GRANDE,MATO GROSSO DO SUL,Brasil,,,,Cerrado,33,50,5002704,8,,225_074,2.7,POINT(-54.54444 -20.4457)
1815371033,8012ec58-ddfe-3200-905a-c861b2a84108,-52.60245,-23.25946,2026-04-24 17:02:00+00:00,2026-04-24,NOAA-20,PARAÍSO DO NORTE,PARANÁ,Brasil,,,,Mata Atlântica,33,41,4118006,8,,223_076,2.2,POINT(-52.60245 -23.25946)
1815369650,1e506424-2ed6-30ac-9a88-93767b30fd34,-51.92115,-13.66596,2026-04-24 17:05:00+00:00,2026-04-24,NOAA-20,CANARANA,MATO GROSSO,Brasil,,,,Cerrado,33,51,5102702,8,,224_069,2.2,POINT(-51.92115 -13.66596)
1815369045,aaea287e-9fb5-3b19-88bf-fa8feabf3d74,-54.67957,-12.99934,2026-04-24 17:05:00+00:00,2026-04-24,NOAA-20,NOVA UBIRATÃ,MATO GROSSO,Brasil,,,,Amazônia,33,51,5106240,8,,226_069,8.1,POINT(-54.67957 -12.99934)
1815369049,737b620a-4e73-3a1f-b28c-2db1c99b9fea,-51.22348,-15.07211,2026-04-24 17:05:00+00:00,2026-04-24,NOAA-20,BRITÂNIA,GOIÁS,Brasil,,,,Cerrado,33,52,5203807,8,,223_070,3.6,POINT(-51.22348 -15.07211)
1815369179,c47a5c83-c270-390e-9236-f7f8521dbb25,-49.29328,-11.93747,2026-04-24 17:05:00+00:00,2026-04-24,NOAA-20,FORMOSO DO ARAGUAIA,TOCANTINS,Brasil,,,,Cerrado,33,17,1708205,8,,222_068,8.8,POINT(-49.29328 -11.93747)
1815369223,04468879-48c1-37f5-bf8a-bdb13d8db3b6,-48.17001,-16.51342,2026-04-24 17:05:00+00:00,2026-04-24,NOAA-20,LUZIÂNIA,GOIÁS,Brasil,,,,Cerrado,33,52,5212501,8,,221_071,3.6,POINT(-48.17001 -16.51342)
1815369257,c3fc051b-108a-3fe1-89a2-3eea7c9e9d72,-47.48975,-12.40713,2026-04-24 17:05:00+00:00,2026-04-24,NOAA-20,CONCEIÇÃO DO TOCANTINS,TOCANTINS,Brasil,,,,Cerrado,33,17,1705607,8,,221_069,6.4,POINT(-47.48975 -12.40713)
1815369271,54363ce0-9cc9-3567-97c1-765cd4325c00,-45.30726,-13.38042,2026-04-24 17:05:00+00:00,2026-04-24,NOAA-20,CORRENTINA,BAHIA,Brasil,,,,Cerrado,33,29,2909307,8,,220_069,6.4,POINT(-45.30726 -13.38042)
1815369326,6223b406-7aab-3305-a810-a97eff13f9c3,-47.76783,-11.99528,2026-04-24 17:05:00+00:00,2026-04-24,NOAA-20,NATIVIDADE,TOCANTINS,Brasil,,,,Cerrado,33,17,1714203,8,,221_068,13.7,POINT(-47.76783 -11.99528)
1815369343,f01eea4b-952a-3a5a-ae07-9241f2f659ae,-43.65953,-11.77878,2026-04-24 17:05:00+00:00,2026-04-24,NOAA-20,BARRA,BAHIA,Brasil,,,,Cerrado,33,29,2902708,8,,219_068,4.1,POINT(-43.65953 -11.77878)
1815369352,1550d11d-6338-3fd3-9d29-cdd3f9ab1664,-46.87382,-12.41123,2026-04-24 17:05:00+00:00,2026-04-24,NOAA-20,TAGUATINGA,TOCANTINS,Brasil,,,,Cerrado,33,17,1720903,8,,221_069,7.7,POINT(-46.87382 -12.41123)
1815369381,c8bc732b-f621-3470-9403-c69e467358b7,-57.1763,-12.29703,2026-04-24 17:05:00+00:00,2026-04-24,NOAA-20,NOVA MARINGÁ,MATO GROSSO,Brasil,,,,Amazônia,33,51,5108907,8,,227_069,19.3,POINT(-57.1763 -12.29703)
1815369398,c6065fe7-13d1-3685-9909-7d662fff8dd8,-54.38057,-15.56839,2026-04-24 17:05:00+00:00,2026-04-24,NOAA-20,PRIMAVERA DO LESTE,MATO GROSSO,Brasil,,,,Cerrado,33,51,5107040,8,,225_071,2.6,POINT(-54.38057 -15.56839)
1815369401,8395829b-bb48-3a15-b38b-b25958d2f951,-54.92308,-16.42463,2026-04-24 17:05:00+00:00,2026-04-24,NOAA-20,RONDONÓPOLIS,MATO GROSSO,Brasil,,,,Cerrado,33,51,5107602,8,,225_071,8.3,POINT(-54.92308 -16.42463)
1815369436,d88a5694-a461-38a3-8905-35b7903a2020,-45.29898,-13.37429,2026-04-24 17:05:00+00:00,2026-04-24,NOAA-20,CORRENTINA,BAHIA,Brasil,,,,Cerrado,33,29,2909307,8,,220_069,38.8,POINT(-45.29898 -13.37429)
1815369456,58174ef8-79bb-3c2c-95d9-a29067af8f34,-42.34174,-11.34738,2026-04-24 17:05:00+00:00,2026-04-24,NOAA-20,GENTIO DO OURO,BAHIA,Brasil,,,,Caatinga,33,29,2911303,8,,218_068,4.0,POINT(-42.34174 -11.34738)
1815369564,bb3ef2ff-68dd-3233-9d25-6dc3019c02fa,-46.483,-10.17956,2026-04-24 17:05:00+00:00,2026-04-24,NOAA-20,SÃO FÉLIX DO TOCANTINS,TOCANTINS,Brasil,,,,Cerrado,33,17,1720150,8,,221_067,4.7,POINT(-46.483 -10.17956)
1815369586,f16ded1f-b1d0-3a58-b1ec-07c5f02732ec,-48.91352,-13.49074,2026-04-24 17:05:00+00:00,2026-04-24,NOAA-20,SANTA TEREZA DE GOIÁS,GOIÁS,Brasil,,,,Cerrado,33,52,5219605,8,,222_069,8.4,POINT(-48.91352 -13.49074)
1815369600,663a0638-2998-3028-bc9a-33993522925c,-46.87458,-12.40713,2026-04-24 17:05:00+00:00,2026-04-24,NOAA-20,TAGUATINGA,TOCANTINS,Brasil,,,,Cerrado,33,17,1720903,8,,221_069,6.6,POINT(-46.87458 -12.40713)
1815369618,03f53e72-eb09-3abd-9440-74993076ed83,-54.67932,-13.00385,2026-04-24 17:05:00+00:00,2026-04-24,NOAA-20,NOVA UBIRATÃ,MATO GROSSO,Brasil,,,,Amazônia,33,51,5106240,8,,226_069,4.9,POINT(-54.67932 -13.00385)
1815369669,7a9bb039-fbc4-30a3-a55a-6f724d47e7e2,-47.49422,-12.41195,2026-04-24 17:05:00+00:00,2026-04-24,NOAA-20,CONCEIÇÃO DO TOCANTINS,TOCANTINS,Brasil,,,,Cerrado,33,17,1705607,8,,221_069,6.4,POINT(-47.49422 -12.41195)
1815369686,66c52dae-ec26-3af8-b3b6-d991405d7c49,-54.56411,-11.57333,2026-04-24 17:05:00+00:00,2026-04-24,NOAA-20,UNIÃO DO SUL,MATO GROSSO,Brasil,,,,Amazônia,33,51,5108303,8,,226_068,8.0,POINT(-54.56411 -11.57333)
1815369730,21d334f3-07df-3991-aa2a-2cb064728259,-44.96316,-10.6101,2026-04-24 17:05:00+00:00,2026-04-24,NOAA-20,CORRENTE,PIAUÍ,Brasil,,,,Cerrado,33,22,2202901,8,,220_067,36.7,POINT(-44.96316 -10.6101)
1815369742,522a193d-d6a8-3df1-8318-d41015214f1d,-42.34041,-11.35001,2026-04-24 17:05:00+00:00,2026-04-24,NOAA-20,GENTIO DO OURO,BAHIA,Brasil,,,,Caatinga,33,29,2911303,8,,218_068,3.5,POINT(-42.34041 -11.35001)
1815369759,567c3859-9ac0-3c0e-ac18-28d87486fdac,-47.78356,-15.91929,2026-04-24 17:05:00+00:00,2026-04-24,NOAA-20,BRASÍLIA,DISTRITO FEDERAL,Brasil,,,,Cerrado,33,53,5300108,8,,221_071,7.2,POINT(-47.78356 -15.91929)
1815369767,c38855da-db6b-3e81-8980-e9ad0f975fba,-49.71144,-11.80575,2026-04-24 17:05:00+00:00,2026-04-24,NOAA-20,FORMOSO DO ARAGUAIA,TOCANTINS,Brasil,,,,Cerrado,33,17,1708205,8,,223_068,8.6,POINT(-49.71144 -11.80575)
1815369802,673cf921-e6e8-32b9-b1fe-a023972e8c61,-57.18089,-12.30169,2026-04-24 17:05:00+00:00,2026-04-24,NOAA-20,NOVA MARINGÁ,MATO GROSSO,Brasil,,,,Amazônia,33,51,5108907,8,,227_069,13.4,POINT(-57.18089 -12.30169)
1815369809,0dcbcc92-18b2-36cc-b45a-de47c200a374,-49.27736,-16.27541,2026-04-24 17:05:00+00:00,2026-04-24,NOAA-20,OURO VERDE DE GOIÁS,GOIÁS,Brasil,,,,Cerrado,33,52,5215405,8,,222_071,7.1,POINT(-49.27736 -16.27541)
1815369836,91993b3b-dc1c-3ef3-a573-edfa1b4273d6,-51.21989,-15.07156,2026-04-24 17:05:00+00:00,2026-04-24,NOAA-20,BRITÂNIA,GOIÁS,Brasil,,,,Cerrado,33,52,5203807,8,,223_070,3.0,POINT(-51.21989 -15.07156)
1815369885,893022cb-9691-3eec-ad3e-696a3e8e19b2,-44.18158,-12.23846,2026-04-24 17:05:00+00:00,2026-04-24,NOAA-20,CRISTÓPOLIS,BAHIA,Brasil,,,,Cerrado,33,29,2909703,8,,219_068,13.5,POINT(-44.18158 -12.23846)
1815369895,822b3324-4457-33bd-bfdf-340a421c5182,-47.23319,-14.34782,2026-04-24 17:05:00+00:00,2026-04-24,NOAA-20,SÃO JOÃO D'ALIANÇA,GOIÁS,Brasil,,,,Cerrado,33,52,5220009,8,,221_070,6.3,POINT(-47.23319 -14.34782)
1815369911,e38bbd66-9ac4-38bf-a861-cf671717d528,-48.83498,-10.94762,2026-04-24 17:05:00+00:00,2026-04-24,NOAA-20,FÁTIMA,TOCANTINS,Brasil,,,,Cerrado,33,17,1707553,8,,222_068,19.6,POINT(-48.83498 -10.94762)
1815369963,b8fbcb27-c9a0-3c14-ad17-2af913efcf39,-43.77933,-15.82114,2026-04-24 17:05:00+00:00,2026-04-24,NOAA-20,SÃO JOÃO DA PONTE,MINAS GERAIS,Brasil,,,,Caatinga,33,31,3162401,8,,218_071,22.3,POINT(-43.77933 -15.82114)
1815369999,a6459f46-9879-3342-a7ce-6b645fcc5f01,-54.67983,-13.00035,2026-04-24 17:05:00+00:00,2026-04-24,NOAA-20,NOVA UBIRATÃ,MATO GROSSO,Brasil,,,,Amazônia,33,51,5106240,8,,226_069,8.9,POINT(-54.67983 -13.00035)
1815370085,bd98cc0b-bd2c-3c93-9502-fd3652ecf2a8,-57.42783,-14.20298,2026-04-24 17:05:00+00:00,2026-04-24,NOAA-20,NOVA MARILÂNDIA,MATO GROSSO,Brasil,,,,Amazônia,33,51,5108857,8,,227_070,4.9,POINT(-57.42783 -14.20298)
1815370115,c3e1ae4b-63b3-3e26-905b-a5179b2eb85e,-42.34568,-11.34813,2026-04-24 17:05:00+00:00,2026-04-24,NOAA-20,GENTIO DO OURO,BAHIA,Brasil,,,,Caatinga,33,29,2911303,8,,218_068,4.0,POINT(-42.34568 -11.34813)
1815370134,5776f702-d623-30b2-bcab-b1acae40b9f0,-54.25481,-15.34189,2026-04-24 17:05:00+00:00,2026-04-24,NOAA-20,PRIMAVERA DO LESTE,MATO GROSSO,Brasil,,,,Cerrado,33,51,5107040,8,,225_071,2.0,POINT(-54.25481 -15.34189)
1815370164,2a7ed9aa-55c4-35b7-89cd-e3af98161d9b,-46.48728,-10.18032,2026-04-24 17:05:00+00:00,2026-04-24,NOAA-20,SÃO FÉLIX DO TOCANTINS,TOCANTINS,Brasil,,,,Cerrado,33,17,1720150,8,,221_067,4.7,POINT(-46.48728 -10.18032)
1815370165,42b13248-3a80-3714-bc31-e3746ac9c663,-45.3027,-13.37959,2026-04-24 17:05:00+00:00,2026-04-24,NOAA-20,CORRENTINA,BAHIA,Brasil,,,,Cerrado,33,29,2909307,8,,220_069,38.8,POINT(-45.3027 -13.37959)
1815370200,16803fef-dc02-3fb4-9dec-0d42c6afee3d,-54.56363,-11.57375,2026-04-24 17:05:00+00:00,2026-04-24,NOAA-20,UNIÃO DO SUL,MATO GROSSO,Brasil,,,,Amazônia,33,51,5108303,8,,226_068,8.6,POINT(-54.56363 -11.57375)
1815370247,175e2b89-5134-3284-8b5b-2552e082485c,-47.4921,-12.4106,2026-04-24 17:05:00+00:00,2026-04-24,NOAA-20,CONCEIÇÃO DO TOCANTINS,TOCANTINS,Brasil,,,,Cerrado,33,17,1705607,8,,221_069,11.0,POINT(-47.4921 -12.4106)
1815370285,53e93b8d-f2a5-3e73-9516-cad2e6041dfc,-46.77758,-12.70343,2026-04-24 17:05:00+00:00,2026-04-24,NOAA-20,ARRAIAS,TOCANTINS,Brasil,,,,Cerrado,33,17,1702406,8,,221_069,7.3,POINT(-46.77758 -12.70343)
1815370292,83775a7f-4637-325b-8f52-fbf3aeb6a7c1,-49.8123,-11.59393,2026-04-24 17:05:00+00:00,2026-04-24,NOAA-20,FORMOSO DO ARAGUAIA,TOCANTINS,Brasil,,,,Cerrado,33,17,1708205,8,,223_068,3.0,POINT(-49.8123 -11.59393)
1815370324,49c5a2fa-e977-315f-9da3-37c73a55b748,-47.7729,-11.99614,2026-04-24 17:05:00+00:00,2026-04-24,NOAA-20,NATIVIDADE,TOCANTINS,Brasil,,,,Cerrado,33,17,1714203,8,,221_068,13.0,POINT(-47.7729 -11.99614)
1815370333,6faaf436-96b1-3ded-8f27-65abc43ae54a,-46.77831,-12.69932,2026-04-24 17:05:00+00:00,2026-04-24,NOAA-20,ARRAIAS,TOCANTINS,Brasil,,,,Cerrado,33,17,1702406,8,,221_069,9.3,POINT(-46.77831 -12.69932)
1815370343,e3d1c5bd-da73-3763-a958-73d9c1c30aa6,-45.29813,-13.37875,2026-04-24 17:05:00+00:00,2026-04-24,NOAA-20,CORRENTINA,BAHIA,Brasil,,,,Cerrado,33,29,2909307,8,,220_069,38.8,POINT(-45.29813 -13.37875)
1815370345,5ef14134-6341-366c-8b6d-e9998a4dc6f8,-48.83887,-10.9521,2026-04-24 17:05:00+00:00,2026-04-24,NOAA-20,FÁTIMA,TOCANTINS,Brasil,,,,Cerrado,33,17,1707553,8,,222_068,19.6,POINT(-48.83887 -10.9521)
1815370425,994638f3-a57c-3815-a063-375e2c7c66c9,-49.82038,-12.39276,2026-04-24 17:05:00+00:00,2026-04-24,NOAA-20,SANDOLÂNDIA,TOCANTINS,Brasil,,,,Cerrado,33,17,1718840,8,,223_069,2.9,POINT(-49.82038 -12.39276)
1815370456,51a96872-eb15-38ed-acb6-ed42cc77ee40,-49.28903,-11.93678,2026-04-24 17:05:00+00:00,2026-04-24,NOAA-20,FORMOSO DO ARAGUAIA,TOCANTINS,Brasil,,,,Cerrado,33,17,1708205,8,,222_068,13.8,POINT(-49.28903 -11.93678)
1815370509,681c6172-16ca-3b19-bbc9-b985e48d226d,-49.62476,-10.88997,2026-04-24 17:05:00+00:00,2026-04-24,NOAA-20,LAGOA DA CONFUSÃO,TOCANTINS,Brasil,,,,Cerrado,33,17,1711902,8,,223_068,2.5,POINT(-49.62476 -10.88997)
1815370669,2b8b48e7-9a1c-35fb-a1cb-4f433d95448d,-55.07359,-13.52438,2026-04-24 17:05:00+00:00,2026-04-24,NOAA-20,NOVA UBIRATÃ,MATO GROSSO,Brasil,,,,Cerrado,33,51,5106240,8,,226_069,5.6,POINT(-55.07359 -13.52438)
1815370682,87f6ff9f-4fb3-354b-a9f0-508d36ad82f7,-47.23386,-14.34392,2026-04-24 17:05:00+00:00,2026-04-24,NOAA-20,SÃO JOÃO D'ALIANÇA,GOIÁS,Brasil,,,,Cerrado,33,52,5220009,8,,221_070,3.8,POINT(-47.23386 -14.34392)
1815370709,cd6a8668-9515-3a22-a68b-fc70b03b0293,-54.37078,-15.42659,2026-04-24 17:05:00+00:00,2026-04-24,NOAA-20,POXORÉU,MATO GROSSO,Brasil,,,,Cerrado,33,51,5107008,8,,225_071,6.0,POINT(-54.37078 -15.42659)
1815370712,f62d1af0-a4b5-3444-bb00-c54fc80110c8,-48.92092,-16.74316,2026-04-24 17:05:00+00:00,2026-04-24,NOAA-20,CALDAZINHA,GOIÁS,Brasil,,,,Cerrado,33,52,5204557,8,,222_072,3.1,POINT(-48.92092 -16.74316)
1815370723,4268f635-f803-398d-99a4-9c30fed4dc71,-46.78554,-13.48615,2026-04-24 17:05:00+00:00,2026-04-24,NOAA-20,MONTE ALEGRE DE GOIÁS,GOIÁS,Brasil,,,,Cerrado,33,52,5213509,8,,221_069,4.5,POINT(-46.78554 -13.48615)
1815370727,366f0738-c329-38a6-a058-ac0f8e4bb82d,-54.91853,-16.42401,2026-04-24 17:05:00+00:00,2026-04-24,NOAA-20,RONDONÓPOLIS,MATO GROSSO,Brasil,,,,Cerrado,33,51,5107602,8,,225_071,8.2,POINT(-54.91853 -16.42401)
1815370755,3b8802ca-d414-359d-b027-b73829f9be31,-45.30438,-13.37065,2026-04-24 17:05:00+00:00,2026-04-24,NOAA-20,CORRENTINA,BAHIA,Brasil,,,,Cerrado,33,29,2909307,8,,220_069,23.6,POINT(-45.30438 -13.37065)
1815370798,da7cbafc-2404-3622-a27e-4626fd81a06f,-49.70741,-11.80509,2026-04-24 17:05:00+00:00,2026-04-24,NOAA-20,FORMOSO DO ARAGUAIA,TOCANTINS,Brasil,,,,Cerrado,33,17,1708205,8,,223_068,18.2,POINT(-49.70741 -11.80509)
1815370852,47b8138e-499e-3288-8280-f4f973f72eb8,-49.29387,-11.93387,2026-04-24 17:05:00+00:00,2026-04-24,NOAA-20,FORMOSO DO ARAGUAIA,TOCANTINS,Brasil,,,,Cerrado,33,17,1708205,8,,222_068,5.4,POINT(-49.29387 -11.93387)
1815370928,26113b20-df98-3760-bf02-3ff018dc3a63,-46.78625,-13.48638,2026-04-24 17:05:00+00:00,2026-04-24,NOAA-20,MONTE ALEGRE DE GOIÁS,GOIÁS,Brasil,,,,Cerrado,33,52,5213509,8,,221_069,4.3,POINT(-46.78625 -13.48638)
1815370936,e1747776-f069-3707-956e-39c1541624b3,-46.87754,-12.41186,2026-04-24 17:05:00+00:00,2026-04-24,NOAA-20,TAGUATINGA,TOCANTINS,Brasil,,,,Cerrado,33,17,1720903,8,,221_069,7.7,POINT(-46.87754 -12.41186)
1815370974,6525961b-dd1d-37c3-8d6c-66ede9a652b2,-49.71183,-11.80598,2026-04-24 17:05:00+00:00,2026-04-24,NOAA-20,FORMOSO DO ARAGUAIA,TOCANTINS,Brasil,,,,Cerrado,33,17,1708205,8,,223_068,6.7,POINT(-49.71183 -11.80598)
1815370994,4ac11e84-3f5b-3080-96e2-02d312e65081,-46.87633,-12.41028,2026-04-24 17:05:00+00:00,2026-04-24,NOAA-20,TAGUATINGA,TOCANTINS,Brasil,,,,Cerrado,33,17,1720903,8,,221_069,20.2,POINT(-46.87633 -12.41028)
1815371036,76114262-e782-3ef5-b9d9-0cc65665c64f,-46.48364,-10.17933,2026-04-24 17:05:00+00:00,2026-04-24,NOAA-20,SÃO FÉLIX DO TOCANTINS,TOCANTINS,Brasil,,,,Cerrado,33,17,1720150,8,,221_067,9.0,POINT(-46.48364 -10.17933)
1815371105,f6af3edc-9fc7-318a-98a1-8300e739c4e8,-54.61398,-12.54228,2026-04-24 17:05:00+00:00,2026-04-24,NOAA-20,NOVA UBIRATÃ,MATO GROSSO,Brasil,,,,Amazônia,33,51,5106240,8,,226_069,12.2,POINT(-54.61398 -12.54228)
1815371125,71f86279-f602-36f1-8325-447b85c19c0d,-49.8959,-13.85735,2026-04-24 17:05:00+00:00,2026-04-24,NOAA-20,AMARALINA,GOIÁS,Brasil,,,,Cerrado,33,52,5200829,8,,223_070,4.2,POINT(-49.8959 -13.85735)
1815371138,97d5ed23-ad9b-3652-9724-0131003e127b,-49.70778,-11.80533,2026-04-24 17:05:00+00:00,2026-04-24,NOAA-20,FORMOSO DO ARAGUAIA,TOCANTINS,Brasil,,,,Cerrado,33,17,1708205,8,,223_068,18.6,POINT(-49.70778 -11.80533)
1815371146,d2ea13d2-5c4f-3b08-ba34-9134814dd653,-43.64017,-11.7592,2026-04-24 17:05:00+00:00,2026-04-24,NOAA-20,BARRA,BAHIA,Brasil,,,,Cerrado,33,29,2902708,8,,219_068,3.7,POINT(-43.64017 -11.7592)
1815371165,cadd8548-74b1-3e0e-8c30-61357d85f716,-49.28598,-17.04831,2026-04-24 17:05:00+00:00,2026-04-24,NOAA-20,HIDROLÂNDIA,GOIÁS,Brasil,,,,Cerrado,33,52,5209705,8,,222_072,4.8,POINT(-49.28598 -17.04831)
1815371184,4e94b9dd-8a10-390d-9d28-ecbeb4ec2f77,-54.9191,-16.42034,2026-04-24 17:05:00+00:00,2026-04-24,NOAA-20,RONDONÓPOLIS,MATO GROSSO,Brasil,,,,Cerrado,33,51,5107602,8,,225_071,5.1,POINT(-54.9191 -16.42034)
1815371199,a9e58a9d-9e81-3f76-b3b7-68e96bcc7f1d,-45.30354,-13.37512,2026-04-24 17:05:00+00:00,2026-04-24,NOAA-20,CORRENTINA,BAHIA,Brasil,,,,Cerrado,33,29,2909307,8,,220_069,38.8,POINT(-45.30354 -13.37512)
1815371220,4b95e52e-e43d-3ee6-93d0-0f1ccaae89bc,-56.64876,-13.99117,2026-04-24 17:05:00+00:00,2026-04-24,NOAA-20,DIAMANTINO,MATO GROSSO,Brasil,,,,Cerrado,33,51,5103502,8,,227_070,13.0,POINT(-56.64876 -13.99117)
1815371221,d6f7d91d-e30f-3d85-b950-5511e1359273,-54.23074,-18.13683,2026-04-24 17:05:00+00:00,2026-04-24,NOAA-20,COXIM,MATO GROSSO DO SUL,Brasil,,,,Cerrado,33,50,5003306,8,,225_073,3.3,POINT(-54.23074 -18.13683)
1815371228,80acb75e-a9f3-3097-acbd-23fbf5ed96ce,-54.24942,-15.4386,2026-04-24 17:05:00+00:00,2026-04-24,NOAA-20,PRIMAVERA DO LESTE,MATO GROSSO,Brasil,,,,Cerrado,33,51,5107040,8,,225_071,5.0,POINT(-54.24942 -15.4386)
1815371311,9e653b8f-2140-323a-a0ef-2ac938b4dd4d,-49.71584,-11.87896,2026-04-24 17:05:00+00:00,2026-04-24,NOAA-20,FORMOSO DO ARAGUAIA,TOCANTINS,Brasil,,,,Cerrado,33,17,1708205,8,,223_068,33.2,POINT(-49.71584 -11.87896)
1815371339,e0292a48-600d-36cd-ade2-ea1b11b869f5,-58.08204,-11.9474,2026-04-24 17:05:00+00:00,2026-04-24,NOAA-20,BRASNORTE,MATO GROSSO,Brasil,,,,Amazônia,33,51,5101902,8,,228_068,2.6,POINT(-58.08204 -11.9474)
1815371425,621575d4-4b7b-3c64-857c-df4ae1570bb4,-54.68034,-12.99685,2026-04-24 17:05:00+00:00,2026-04-24,NOAA-20,NOVA UBIRATÃ,MATO GROSSO,Brasil,,,,Amazônia,33,51,5106240,8,,226_069,8.9,POINT(-54.68034 -12.99685)
1815371432,10e899d1-ef8e-3450-ab1a-c6583fb0004a,-49.71181,-11.87831,2026-04-24 17:05:00+00:00,2026-04-24,NOAA-20,FORMOSO DO ARAGUAIA,TOCANTINS,Brasil,,,,Cerrado,33,17,1708205,8,,223_068,11.2,POINT(-49.71181 -11.87831)
1815371435,1f5d73d1-3f6b-378b-b5ec-8ced9408d8f8,-51.82908,-11.31687,2026-04-24 17:05:00+00:00,2026-04-24,NOAA-20,CANABRAVA DO NORTE,MATO GROSSO,Brasil,,,,Amazônia,33,51,5102694,8,,224_068,21.8,POINT(-51.82908 -11.31687)
1815371496,fab2b949-1aad-3fd6-93cc-b88612ba5523,-46.6394,-12.66243,2026-04-24 17:05:00+00:00,2026-04-24,NOAA-20,ARRAIAS,TOCANTINS,Brasil,,,,Cerrado,33,17,1702406,8,,221_069,1.9,POINT(-46.6394 -12.66243)
1815371637,f67746b9-7d85-32c1-8579-abde82fbf5fc,-48.91714,-13.49503,2026-04-24 17:05:00+00:00,2026-04-24,NOAA-20,SANTA TEREZA DE GOIÁS,GOIÁS,Brasil,,,,Cerrado,33,52,5219605,8,,222_069,9.8,POINT(-48.91714 -13.49503)
1815371791,0eb77683-9fce-37fb-b949-fb74252aafc3,-56.37194,-15.97776,2026-04-24 17:05:00+00:00,2026-04-24,NOAA-20,NOSSA SENHORA DO LIVRAMENTO,MATO GROSSO,Brasil,,,,Pantanal,33,51,5106109,8,,226_071,8.8,POINT(-56.37194 -15.97776)
1815371794,9e749e0d-f4b1-3924-b28b-af3dbd44698e,-45.23785,-12.04113,2026-04-24 17:05:00+00:00,2026-04-24,NOAA-20,BARREIRAS,BAHIA,Brasil,,,,Cerrado,33,29,2903201,8,,220_068,7.9,POINT(-45.23785 -12.04113)
1815371847,18e978a3-800f-3ea3-b494-a79eaf7d1945,-54.68008,-12.99585,2026-04-24 17:05:00+00:00,2026-04-24,NOAA-20,NOVA UBIRATÃ,MATO GROSSO,Brasil,,,,Amazônia,33,51,5106240,8,,226_069,8.1,POINT(-54.68008 -12.99585)
1815371887,5d3d44ac-b323-3880-8a23-3717fc3da3e8,-51.97156,-14.23674,2026-04-24 17:05:00+00:00,2026-04-24,NOAA-20,NOVA NAZARÉ,MATO GROSSO,Brasil,,,,Cerrado,33,51,5106174,8,,224_070,11.6,POINT(-51.97156 -14.23674)
1815371940,ed9b4c9e-336f-3ba3-8756-40dee5894f7d,-49.48893,-11.44054,2026-04-24 17:05:00+00:00,2026-04-24,NOAA-20,DUERÉ,TOCANTINS,Brasil,,,,Cerrado,33,17,1707306,8,,223_068,6.7,POINT(-49.48893 -11.44054)
1815371941,80a60d27-a17c-30d5-b7c4-f74ab9da8cc3,-45.29982,-13.36982,2026-04-24 17:05:00+00:00,2026-04-24,NOAA-20,CORRENTINA,BAHIA,Brasil,,,,Cerrado,33,29,2909307,8,,220_069,23.6,POINT(-45.29982 -13.36982)
1815371942,05483dad-b9f8-35f4-8ecf-7022e8abe190,-57.17573,-12.301,2026-04-24 17:05:00+00:00,2026-04-24,NOAA-20,NOVA MARINGÁ,MATO GROSSO,Brasil,,,,Amazônia,33,51,5108907,8,,227_069,19.3,POINT(-57.17573 -12.301)
1815371956,b2e39861-6a76-3047-aca6-a8aedd0358f8,-48.83433,-10.95135,2026-04-24 17:05:00+00:00,2026-04-24,NOAA-20,FÁTIMA,TOCANTINS,Brasil,,,,Cerrado,33,17,1707553,8,,222_068,19.6,POINT(-48.83433 -10.95135)
1815371961,dfbcbe19-27a1-363a-abda-0a38141a3484,-42.34436,-11.35079,2026-04-24 17:05:00+00:00,2026-04-24,NOAA-20,GENTIO DO OURO,BAHIA,Brasil,,,,Caatinga,33,29,2911303,8,,218_068,3.5,POINT(-42.34436 -11.35079)
1815371990,a201fde5-34e1-3103-95af-7f71659378a2,-57.17517,-12.30497,2026-04-24 17:05:00+00:00,2026-04-24,NOAA-20,NOVA MARINGÁ,MATO GROSSO,Brasil,,,,Amazônia,33,51,5108907,8,,227_069,2.3,POINT(-57.17517 -12.30497)
1815372016,a8db20aa-952e-33e8-a3ad-42f6f1adcee4,-45.24268,-12.04202,2026-04-24 17:05:00+00:00,2026-04-24,NOAA-20,BARREIRAS,BAHIA,Brasil,,,,Cerrado,33,29,2903201,8,,220_068,7.9,POINT(-45.24268 -12.04202)
1815372160,5e2141f7-4258-322a-9500-6bbcf65b42c3,-56.55405,-11.93167,2026-04-24 17:05:00+00:00,2026-04-24,NOAA-20,PORTO DOS GAÚCHOS,MATO GROSSO,Brasil,,,,Amazônia,33,51,5106802,8,,227_068,4.9,POINT(-56.55405 -11.93167)
1815372181,da5ca92a-58ed-30ec-85ea-bc7ee675fd33,-55.01651,-11.84262,2026-04-24 17:05:00+00:00,2026-04-24,NOAA-20,SANTA CARMEM,MATO GROSSO,Brasil,,,,Amazônia,33,51,5107248,8,,226_068,4.2,POINT(-55.01651 -11.84262)
1815371705,603fa2f3-f563-398c-b62c-f09e48bdff0e,-60.35019,1.58248,2026-04-24 17:07:00+00:00,2026-04-24,NOAA-20,CARACARAÍ,RORAIMA,Brasil,,,,Amazônia,33,14,1400209,8,,231_059,5.8,POINT(-60.35019 1.58248)
1815370052,7fcfbba2-1150-3a7b-a67e-5c995b06eef0,-61.36708,1.90346,2026-04-24 17:07:00+00:00,2026-04-24,NOAA-20,CARACARAÍ,RORAIMA,Brasil,,,,Amazônia,33,14,1400209,8,,232_059,3.5,POINT(-61.36708 1.90346)
1815371783,d9898295-45a8-3ad0-9e21-204608cdbb6d,-60.1834,2.43604,2026-04-24 17:07:00+00:00,2026-04-24,NOAA-20,BONFIM,RORAIMA,Brasil,,,,Amazônia,33,14,1400159,8,,231_058,6.5,POINT(-60.1834 2.43604)
1815370263,d3c46571-6e9c-3abc-994d-ae1cfd2b2de1,-59.56574,-2.65648,2026-04-24 17:07:00+00:00,2026-04-24,NOAA-20,RIO PRETO DA EVA,AMAZONAS,Brasil,,,,Amazônia,33,13,1303569,8,,230_062,7.1,POINT(-59.56574 -2.65648)
1815369083,d968a127-eb14-3e02-b171-db38f88db0d8,-61.99845,-10.19558,2026-04-24 17:07:00+00:00,2026-04-24,NOAA-20,VALE DO PARAÍSO,RONDÔNIA,Brasil,,,,Amazônia,33,11,1101807,8,,231_067,2.4,POINT(-61.99845 -10.19558)
1815371213,8925b1ef-f308-33c0-8233-ddac83127c45,-60.14129,2.5183,2026-04-24 17:07:00+00:00,2026-04-24,NOAA-20,BONFIM,RORAIMA,Brasil,,,,Amazônia,33,14,1400159,8,,231_058,5.0,POINT(-60.14129 2.5183)
1815369055,17c0bb6f-a342-34a3-8cb5-426a9c49f4e3,-60.18066,2.43582,2026-04-24 17:07:00+00:00,2026-04-24,NOAA-20,BONFIM,RORAIMA,Brasil,,,,Amazônia,33,14,1400159,8,,231_058,4.3,POINT(-60.18066 2.43582)
1815370626,d3076da5-583c-3a97-ac89-35a8d69c4ddd,-59.97325,4.19439,2026-04-24 17:09:00+00:00,2026-04-24,NOAA-20,NORMANDIA,RORAIMA,Brasil,,,,Amazônia,33,14,1400407,8,,232_057,8.7,POINT(-59.97325 4.19439)
1815372055,46a3f310-ef3a-3baf-a28a-ada4015f412f,-60.64775,4.61939,2026-04-24 17:09:00+00:00,2026-04-24,NOAA-20,PACARAIMA,RORAIMA,Brasil,,,,Amazônia,33,14,1400456,8,,232_057,20.3,POINT(-60.64775 4.61939)
1815371170,e293c451-3b71-3475-9e7c-55c2b628e3b9,-59.89338,3.38565,2026-04-24 17:09:00+00:00,2026-04-24,NOAA-20,BONFIM,RORAIMA,Brasil,,,,Amazônia,33,14,1400159,8,,231_058,19.3,POINT(-59.89338 3.38565)
1815370706,dc6caa18-f2a3-3d1a-94bb-806e0c80b16a,-59.69097,3.77766,2026-04-24 17:09:00+00:00,2026-04-24,NOAA-20,NORMANDIA,RORAIMA,Brasil,,,,Amazônia,33,14,1400407,8,,231_057,4.8,POINT(-59.69097 3.77766)
1815370379,fd20eba1-6bda-3bbc-97dc-b01d0ac86661,-59.68981,3.77024,2026-04-24 17:09:00+00:00,2026-04-24,NOAA-20,NORMANDIA,RORAIMA,Brasil,,,,Amazônia,33,14,1400407,8,,231_057,3.3,POINT(-59.68981 3.77024)
1815369687,3b9ec186-99d2-373c-9569-b4d1a2f003a9,-59.69039,3.77395,2026-04-24 17:09:00+00:00,2026-04-24,NOAA-20,NORMANDIA,RORAIMA,Brasil,,,,Amazônia,33,14,1400407,8,,231_057,4.8,POINT(-59.69039 3.77395)
1815370431,0669414d-182a-316d-acc8-6ad9013223e0,-59.69539,3.77697,2026-04-24 17:09:00+00:00,2026-04-24,NOAA-20,NORMANDIA,RORAIMA,Brasil,,,,Amazônia,33,14,1400407,8,,231_057,5.1,POINT(-59.69539 3.77697)
1815369244,c5746462-d3b0-339c-9cad-b2a3646215a3,-61.0331,3.99637,2026-04-24 17:09:00+00:00,2026-04-24,NOAA-20,AMAJARI,RORAIMA,Brasil,,,,Amazônia,33,14,1400027,8,,232_057,12.5,POINT(-61.0331 3.99637)
1815369782,a2394b6c-ea8e-3dfe-8cb7-2a706cb65991,-59.97632,4.19479,2026-04-24 17:09:00+00:00,2026-04-24,NOAA-20,NORMANDIA,RORAIMA,Brasil,,,,Amazônia,33,14,1400407,8,,232_057,6.6,POINT(-59.97632 4.19479)
1815370185,4337a71d-11a6-34d4-ab37-fa1b32b926ff,-52.13527,-26.5293,2026-04-24 17:49:00+00:00,2026-04-24,NOAA-21,ABELARDO LUZ,SANTA CATARINA,Brasil,,,,Mata Atlântica,33,42,4200101,8,,222_078,9.4,POINT(-52.13527 -26.5293)
1815369769,6a2457c1-b044-3690-95f4-c933e0b50d45,-51.26682,-24.63262,2026-04-24 17:49:00+00:00,2026-04-24,NOAA-21,CÂNDIDO DE ABREU,PARANÁ,Brasil,,,,Mata Atlântica,33,41,4104402,8,,222_077,8.9,POINT(-51.26682 -24.63262)
1815370208,b044bc40-c102-3be5-be00-76850faf22ee,-49.14539,-24.72126,2026-04-24 17:49:00+00:00,2026-04-24,NOAA-21,CERRO AZUL,PARANÁ,Brasil,,,,Mata Atlântica,33,41,4105201,8,,220_077,20.3,POINT(-49.14539 -24.72126)
1815370843,93c4bebe-3674-3ff4-9d67-e2a63f7fa047,-51.16537,-25.04251,2026-04-24 17:49:00+00:00,2026-04-24,NOAA-21,PRUDENTÓPOLIS,PARANÁ,Brasil,,,,Mata Atlântica,33,41,4120606,8,,222_077,8.5,POINT(-51.16537 -25.04251)
1815371124,16b87052-adb9-3f48-9c2e-55929ec39f4f,-49.4252,-25.74479,2026-04-24 17:49:00+00:00,2026-04-24,NOAA-21,CONTENDA,PARANÁ,Brasil,,,,Mata Atlântica,33,41,4106209,8,,220_078,2.7,POINT(-49.4252 -25.74479)
1815370658,45c0cea4-2137-3e57-b0bd-b4fc888bdba1,-49.42598,-26.11591,2026-04-24 17:49:00+00:00,2026-04-24,NOAA-21,PIÊN,PARANÁ,Brasil,,,,Mata Atlântica,33,41,4119103,8,,220_078,9.2,POINT(-49.42598 -26.11591)
1815370656,ce65291d-9801-3866-bebb-19d19d9845b6,-48.80809,-22.92913,2026-04-24 17:49:00+00:00,2026-04-24,NOAA-21,BOTUCATU,SÃO PAULO,Brasil,,,,Cerrado,33,35,3507506,8,,221_076,5.2,POINT(-48.80809 -22.92913)
1815370235,451efccf-68ad-3fc0-af5f-bfcd3cd31656,-47.94872,-24.65496,2026-04-24 17:49:00+00:00,2026-04-24,NOAA-21,JACUPIRANGA,SÃO PAULO,Brasil,,,,Mata Atlântica,33,35,3524600,8,,220_077,10.3,POINT(-47.94872 -24.65496)
1815370003,db9c7005-4a4e-377b-ac83-87a92f0a8d13,-51.2513,-22.9675,2026-04-24 17:49:00+00:00,2026-04-24,NOAA-21,BELA VISTA DO PARAÍSO,PARANÁ,Brasil,,,,Mata Atlântica,33,41,4102802,8,,222_076,2.5,POINT(-51.2513 -22.9675)
1815371164,38a5fb81-7c3d-30fd-ad16-512c6d0405fe,-51.03089,-25.82562,2026-04-24 17:49:00+00:00,2026-04-24,NOAA-21,MALLET,PARANÁ,Brasil,,,,Mata Atlântica,33,41,4113908,8,,221_078,7.4,POINT(-51.03089 -25.82562)
1815370316,471c4d24-96c9-3467-bf92-e2eb0544f362,-52.63996,-23.13241,2026-04-24 17:49:00+00:00,2026-04-24,NOAA-21,NOVA ALIANÇA DO IVAÍ,PARANÁ,Brasil,,,,Mata Atlântica,33,41,4116505,8,,223_076,4.0,POINT(-52.63996 -23.13241)
1815371174,a903a55b-43e2-315f-80b4-64fa75cceeb5,-51.16903,-25.04335,2026-04-24 17:49:00+00:00,2026-04-24,NOAA-21,PRUDENTÓPOLIS,PARANÁ,Brasil,,,,Mata Atlântica,33,41,4120606,8,,222_077,8.5,POINT(-51.16903 -25.04335)
1815369972,dca5b55e-77dc-3cc4-816b-a5a8fb346dcf,-52.02735,-24.81635,2026-04-24 17:49:00+00:00,2026-04-24,NOAA-21,SANTA MARIA DO OESTE,PARANÁ,Brasil,,,,Mata Atlântica,33,41,4123857,8,,222_077,18.0,POINT(-52.02735 -24.81635)
1815370541,4d718cfd-27f6-3f2c-8c6f-af1e04be2a64,-51.40427,-26.63015,2026-04-24 17:49:00+00:00,2026-04-24,NOAA-21,GENERAL CARNEIRO,PARANÁ,Brasil,,,,Mata Atlântica,33,41,4108502,8,,222_078,4.0,POINT(-51.40427 -26.63015)
1815369212,d297d7c0-5e6c-3ee1-ac9c-50ef43237f36,-49.5021,-24.89823,2026-04-24 17:49:00+00:00,2026-04-24,NOAA-21,CASTRO,PARANÁ,Brasil,,,,Mata Atlântica,33,41,4104907,8,,221_077,6.5,POINT(-49.5021 -24.89823)
1815369185,1cc8ec89-89e3-3f9c-8b06-05ff8a6aa033,-53.04122,-23.00251,2026-04-24 17:49:00+00:00,2026-04-24,NOAA-21,LOANDA,PARANÁ,Brasil,,,,Mata Atlântica,33,41,4113502,8,,223_076,0.7,POINT(-53.04122 -23.00251)
1815369062,5f09055b-b10f-340e-b338-cc473d98f7c3,-50.76693,-27.10268,2026-04-24 17:49:00+00:00,2026-04-24,NOAA-21,FRAIBURGO,SANTA CATARINA,Brasil,,,,Mata Atlântica,33,42,4205506,8,,221_079,8.3,POINT(-50.76693 -27.10268)
1815369153,2a4819c4-d09d-37be-8c22-630a74619cbc,-50.72927,-25.2349,2026-04-24 17:49:00+00:00,2026-04-24,NOAA-21,IMBITUVA,PARANÁ,Brasil,,,,Mata Atlântica,33,41,4110102,8,,221_078,11.1,POINT(-50.72927 -25.2349)
1815371700,d29facba-4fe6-3d74-9419-2f5c360b358b,-49.07434,-24.42571,2026-04-24 17:49:00+00:00,2026-04-24,NOAA-21,BARRA DO CHAPÉU,SÃO PAULO,Brasil,,,,Mata Atlântica,33,35,3505351,8,,220_077,7.7,POINT(-49.07434 -24.42571)
1815371706,68e3a72e-c081-3cfc-8ac4-b8b440d6c13a,-49.40068,-25.15176,2026-04-24 17:49:00+00:00,2026-04-24,NOAA-21,RIO BRANCO DO SUL,PARANÁ,Brasil,,,,Mata Atlântica,33,41,4122206,8,,221_077,7.8,POINT(-49.40068 -25.15176)
1815371709,ca2d4594-60cf-3693-b376-e4500be51462,-49.3987,-25.17673,2026-04-24 17:49:00+00:00,2026-04-24,NOAA-21,ITAPERUÇU,PARANÁ,Brasil,,,,Mata Atlântica,33,41,4111258,8,,221_077,7.1,POINT(-49.3987 -25.17673)
1815371722,9084f451-825d-3c90-bb9c-9e63605494c6,-50.11686,-26.47918,2026-04-24 17:49:00+00:00,2026-04-24,NOAA-21,PAPANDUVA,SANTA CATARINA,Brasil,,,,Mata Atlântica,33,42,4212205,8,,221_078,5.3,POINT(-50.11686 -26.47918)
1815371854,c9b84585-56b8-3292-aa84-ba52d2f873b3,-49.73697,-27.27994,2026-04-24 17:49:00+00:00,2026-04-24,NOAA-21,AGRONÔMICA,SANTA CATARINA,Brasil,,,,Mata Atlântica,33,42,4200309,8,,220_079,6.4,POINT(-49.73697 -27.27994)
1815370968,282333fb-5eb0-35d3-bf4d-b96713292d86,-49.96122,-26.04491,2026-04-24 17:49:00+00:00,2026-04-24,NOAA-21,LAPA,PARANÁ,Brasil,,,,Mata Atlântica,33,41,4113205,8,,221_078,5.2,POINT(-49.96122 -26.04491)
1815371843,a661f056-2d16-3ed2-bd72-adaab5ee523f,-47.95031,-24.65742,2026-04-24 17:49:00+00:00,2026-04-24,NOAA-21,JACUPIRANGA,SÃO PAULO,Brasil,,,,Mata Atlântica,33,35,3524600,8,,220_077,13.2,POINT(-47.95031 -24.65742)
1815370708,ef47069c-8dcd-3d23-a596-ec8f3c927e4f,-51.81049,-26.21102,2026-04-24 17:49:00+00:00,2026-04-24,NOAA-21,CORONEL DOMINGOS SOARES,PARANÁ,Brasil,,,,Mata Atlântica,33,41,4106456,8,,222_078,40.0,POINT(-51.81049 -26.21102)
1815369936,77dfa914-26eb-3c42-92f6-d12ab546223f,-49.96184,-26.04604,2026-04-24 17:49:00+00:00,2026-04-24,NOAA-21,LAPA,PARANÁ,Brasil,,,,Mata Atlântica,33,41,4113205,8,,221_078,2.1,POINT(-49.96184 -26.04604)
1815369904,4bba73e0-d3c0-3394-a4cf-76b251f8dd7e,-51.55364,-26.19699,2026-04-24 17:49:00+00:00,2026-04-24,NOAA-21,BITURUNA,PARANÁ,Brasil,,,,Mata Atlântica,33,41,4102901,8,,222_078,4.8,POINT(-51.55364 -26.19699)
1815369898,40d8ac8c-8b19-3494-bd80-08dd8c6dfe7e,-50.73288,-25.23171,2026-04-24 17:49:00+00:00,2026-04-24,NOAA-21,IMBITUVA,PARANÁ,Brasil,,,,Mata Atlântica,33,41,4110102,8,,221_078,2.9,POINT(-50.73288 -25.23171)
1815369820,539f18af-75c4-32f4-be7f-24e27a61f535,-49.01347,-26.00625,2026-04-24 17:49:00+00:00,2026-04-24,NOAA-21,TIJUCAS DO SUL,PARANÁ,Brasil,,,,Mata Atlântica,33,41,4127601,8,,220_078,101.3,POINT(-49.01347 -26.00625)
1815369532,c09a814d-22e6-3627-88ad-b79c5d56b393,-52.1321,-26.5286,2026-04-24 17:49:00+00:00,2026-04-24,NOAA-21,ABELARDO LUZ,SANTA CATARINA,Brasil,,,,Mata Atlântica,33,42,4200101,8,,222_078,20.6,POINT(-52.1321 -26.5286)
1815369968,f43bb575-e44a-3d20-a130-79ee56462944,-49.42903,-26.11903,2026-04-24 17:49:00+00:00,2026-04-24,NOAA-21,PIÊN,PARANÁ,Brasil,,,,Mata Atlântica,33,41,4119103,8,,220_078,6.5,POINT(-49.42903 -26.11903)
1815370006,0de03537-9f76-3ec3-86a4-6f6750894807,-53.51511,-26.64354,2026-04-24 17:49:00+00:00,2026-04-24,NOAA-21,GUARACIABA,SANTA CATARINA,Brasil,,,,Mata Atlântica,33,42,4206405,8,,223_078,4.4,POINT(-53.51511 -26.64354)
1815372158,28e221b7-d5d6-3e8d-84ad-9f4fa7b3c130,-52.32765,-26.33114,2026-04-24 17:49:00+00:00,2026-04-24,NOAA-21,CLEVELÂNDIA,PARANÁ,Brasil,,,,Mata Atlântica,33,41,4105706,8,,222_078,19.6,POINT(-52.32765 -26.33114)
1815371442,f93ebae0-0074-3b9a-89ba-fdb48d52ef88,-52.63873,-23.13266,2026-04-24 17:49:00+00:00,2026-04-24,NOAA-21,NOVA ALIANÇA DO IVAÍ,PARANÁ,Brasil,,,,Mata Atlântica,33,41,4116505,8,,223_076,5.3,POINT(-52.63873 -23.13266)
1815369488,7be916af-718e-3471-ba3e-b6199d9c11f4,-49.03423,-24.15306,2026-04-24 17:49:00+00:00,2026-04-24,NOAA-21,ITAPEVA,SÃO PAULO,Brasil,,,,Cerrado,33,35,3522406,8,,220_077,1.2,POINT(-49.03423 -24.15306)
1815369429,56cc9cd7-9807-3335-a84c-e4856a5f389b,-49.30208,-22.83236,2026-04-24 17:49:00+00:00,2026-04-24,NOAA-21,ÁGUAS DE SANTA BÁRBARA,SÃO PAULO,Brasil,,,,Cerrado,33,35,3500550,8,,221_076,4.6,POINT(-49.30208 -22.83236)
1815371957,548a0057-4f9d-3680-9964-1fb068e62211,-50.76613,-27.10533,2026-04-24 17:49:00+00:00,2026-04-24,NOAA-21,FRAIBURGO,SANTA CATARINA,Brasil,,,,Mata Atlântica,33,42,4205506,8,,221_079,7.8,POINT(-50.76613 -27.10533)
1815370909,13c0ea12-e8c7-3286-802f-6fa8551d6688,-50.74398,-25.51661,2026-04-24 17:49:00+00:00,2026-04-24,NOAA-21,IRATI,PARANÁ,Brasil,,,,Mata Atlântica,33,41,4110706,8,,221_078,16.3,POINT(-50.74398 -25.51661)
1815369313,92b2dc26-d9b9-39b0-a407-b31b258aa8fa,-49.42426,-26.11788,2026-04-24 17:49:00+00:00,2026-04-24,NOAA-21,PIÊN,PARANÁ,Brasil,,,,Mata Atlântica,33,41,4119103,8,,220_078,7.6,POINT(-49.42426 -26.11788)
1815370915,c518a7c1-d9e5-382a-9dce-3e6b2c2f6782,-50.75453,-25.45008,2026-04-24 17:49:00+00:00,2026-04-24,NOAA-21,IRATI,PARANÁ,Brasil,,,,Mata Atlântica,33,41,4110706,8,,221_078,3.6,POINT(-50.75453 -25.45008)
1815370009,21cd875a-878a-3dee-be22-b303ec01403a,-53.112,-26.22203,2026-04-24 17:49:00+00:00,2026-04-24,NOAA-21,MARMELEIRO,PARANÁ,Brasil,,,,Mata Atlântica,33,41,4115408,8,,223_078,11.2,POINT(-53.112 -26.22203)
1815369284,1e67ec19-9bc2-371f-a18d-82c167372162,-49.34132,-26.06022,2026-04-24 17:49:00+00:00,2026-04-24,NOAA-21,AGUDOS DO SUL,PARANÁ,Brasil,,,,Mata Atlântica,33,41,4100301,8,,220_078,3.0,POINT(-49.34132 -26.06022)
1815371580,aba2ebe2-2f62-3514-8646-6c01fe050732,-51.55299,-26.19707,2026-04-24 17:49:00+00:00,2026-04-24,NOAA-21,BITURUNA,PARANÁ,Brasil,,,,Mata Atlântica,33,41,4102901,8,,222_078,4.5,POINT(-51.55299 -26.19707)
1815369263,1027168d-f245-3418-b13d-0c458547596e,-51.03354,-25.38725,2026-04-24 17:49:00+00:00,2026-04-24,NOAA-21,PRUDENTÓPOLIS,PARANÁ,Brasil,,,,Mata Atlântica,33,41,4120606,8,,222_078,14.0,POINT(-51.03354 -25.38725)
1815371601,74a87e25-493e-3725-adf7-e944a7b25d27,-50.22633,-21.13419,2026-04-24 17:49:00+00:00,2026-04-24,NOAA-21,BREJO ALEGRE,SÃO PAULO,Brasil,,,,Mata Atlântica,33,35,3507753,8,,222_075,3.8,POINT(-50.22633 -21.13419)
1815371606,6e873bc3-4b3f-3556-a42d-5c9126f5dfa9,-52.32631,-26.2001,2026-04-24 17:49:00+00:00,2026-04-24,NOAA-21,HONÓRIO SERPA,PARANÁ,Brasil,,,,Mata Atlântica,33,41,4109658,8,,222_078,5.3,POINT(-52.32631 -26.2001)
1815370420,751af6b2-f80c-3967-af75-f9bb03cbfa65,-49.0166,-26.00597,2026-04-24 17:49:00+00:00,2026-04-24,NOAA-21,TIJUCAS DO SUL,PARANÁ,Brasil,,,,Mata Atlântica,33,41,4127601,8,,220_078,69.7,POINT(-49.0166 -26.00597)
1815370455,4d3fa69b-f640-38e7-8fe2-940ce5e3d298,-51.02686,-25.8247,2026-04-24 17:49:00+00:00,2026-04-24,NOAA-21,MALLET,PARANÁ,Brasil,,,,Mata Atlântica,33,41,4113908,8,,221_078,7.4,POINT(-51.02686 -25.8247)
1815369659,618b8bfb-4220-357a-a94a-03d156b78ee9,-52.69688,-22.9699,2026-04-24 17:49:00+00:00,2026-04-24,NOAA-21,GUAIRAÇÁ,PARANÁ,Brasil,,,,Mata Atlântica,33,41,4108908,8,,223_076,3.1,POINT(-52.69688 -22.9699)
1815371252,a406cabe-6fc4-329c-84eb-fbf403324db4,-49.01757,-26.00728,2026-04-24 17:49:00+00:00,2026-04-24,NOAA-21,TIJUCAS DO SUL,PARANÁ,Brasil,,,,Mata Atlântica,33,41,4127601,8,,220_078,44.8,POINT(-49.01757 -26.00728)
1815369619,ad0c8598-f222-3966-8877-67b84cae8379,-50.75484,-25.44909,2026-04-24 17:49:00+00:00,2026-04-24,NOAA-21,IRATI,PARANÁ,Brasil,,,,Mata Atlântica,33,41,4110706,8,,221_078,3.6,POINT(-50.75484 -25.44909)
1815370500,5e02b9fa-126f-3dab-ad4f-f8a8665168c6,-49.01257,-26.00498,2026-04-24 17:49:00+00:00,2026-04-24,NOAA-21,TIJUCAS DO SUL,PARANÁ,Brasil,,,,Mata Atlântica,33,41,4127601,8,,220_078,90.1,POINT(-49.01257 -26.00498)
1815370479,e2366380-16c5-3c4c-869a-be7ac9656f67,-51.27081,-24.63354,2026-04-24 17:49:00+00:00,2026-04-24,NOAA-21,CÂNDIDO DE ABREU,PARANÁ,Brasil,,,,Mata Atlântica,33,41,4104402,8,,222_077,8.9,POINT(-51.27081 -24.63354)
1815372187,99aafa48-b8ec-3136-86a0-b43114bddd1a,-49.44849,-25.75047,2026-04-24 17:49:00+00:00,2026-04-24,NOAA-21,CONTENDA,PARANÁ,Brasil,,,,Mata Atlântica,33,41,4106209,8,,220_078,7.6,POINT(-49.44849 -25.75047)
1815371316,cd437c51-f6b4-3574-96c1-718a7abc55f2,-50.73141,-25.23725,2026-04-24 17:49:00+00:00,2026-04-24,NOAA-21,IMBITUVA,PARANÁ,Brasil,,,,Mata Atlântica,33,41,4110102,8,,221_078,12.3,POINT(-50.73141 -25.23725)
1815371322,f0314e7d-3510-373e-aca7-b6b6e91e8956,-49.14351,-24.71971,2026-04-24 17:49:00+00:00,2026-04-24,NOAA-21,CERRO AZUL,PARANÁ,Brasil,,,,Mata Atlântica,33,41,4105201,8,,220_077,19.0,POINT(-49.14351 -24.71971)
1815372159,757142b6-acfb-3f2a-a341-02352c67000c,-50.73341,-25.23589,2026-04-24 17:49:00+00:00,2026-04-24,NOAA-21,IMBITUVA,PARANÁ,Brasil,,,,Mata Atlântica,33,41,4110102,8,,221_078,12.6,POINT(-50.73341 -25.23589)
1815369548,62261944-8415-30ff-b618-0d6de878de0f,-49.37604,-24.68057,2026-04-24 17:49:00+00:00,2026-04-24,NOAA-21,DOUTOR ULYSSES,PARANÁ,Brasil,,,,Mata Atlântica,33,41,4128633,8,,221_077,4.8,POINT(-49.37604 -24.68057)
1815371205,ad5224ae-6ae5-3d35-8671-bb2fdf60f5d4,-54.91768,-16.41996,2026-04-24 17:52:00+00:00,2026-04-24,NOAA-21,RONDONÓPOLIS,MATO GROSSO,Brasil,,,,Cerrado,33,51,5107602,8,,225_071,5.3,POINT(-54.91768 -16.41996)
1815370049,a45df553-6611-3971-9e47-3388dc17a2ac,-55.52215,-18.51215,2026-04-24 17:52:00+00:00,2026-04-24,NOAA-21,CORUMBÁ,MATO GROSSO DO SUL,Brasil,,,,Pantanal,33,50,5003207,8,,226_073,6.9,POINT(-55.52215 -18.51215)
1815370326,f225eb57-f6c5-3329-9775-1d78b4f7ef16,-51.68611,-18.48109,2026-04-24 17:52:00+00:00,2026-04-24,NOAA-21,SERRANÓPOLIS,GOIÁS,Brasil,,,,Cerrado,33,52,5220504,8,,223_073,10.5,POINT(-51.68611 -18.48109)
1815369745,5a29cdc4-831e-38cc-9b9d-f0dc7d43bcf6,-57.22234,-19.34171,2026-04-24 17:52:00+00:00,2026-04-24,NOAA-21,CORUMBÁ,MATO GROSSO DO SUL,Brasil,,,,Pantanal,33,50,5003207,8,,226_073,5.4,POINT(-57.22234 -19.34171)
1815370836,376b194b-b897-35b2-b77d-d2e3c7e774d5,-56.61552,-19.45524,2026-04-24 17:52:00+00:00,2026-04-24,NOAA-21,CORUMBÁ,MATO GROSSO DO SUL,Brasil,,,,Pantanal,33,50,5003207,8,,226_073,7.4,POINT(-56.61552 -19.45524)
1815369673,57e1cd4f-bb13-36d6-a3a6-12758cef9fba,-55.50064,-18.50785,2026-04-24 17:52:00+00:00,2026-04-24,NOAA-21,CORUMBÁ,MATO GROSSO DO SUL,Brasil,,,,Pantanal,33,50,5003207,8,,226_073,33.9,POINT(-55.50064 -18.50785)
1815370502,84b66e98-cf79-311e-b881-f5b9b1366b94,-49.10975,-18.76262,2026-04-24 17:52:00+00:00,2026-04-24,NOAA-21,CANÁPOLIS,MINAS GERAIS,Brasil,,,,Cerrado,33,31,3111804,8,,221_073,12.4,POINT(-49.10975 -18.76262)
1815370931,a95674ef-8ab8-3c36-9547-d58059de510f,-49.1079,-18.76153,2026-04-24 17:52:00+00:00,2026-04-24,NOAA-21,CANÁPOLIS,MINAS GERAIS,Brasil,,,,Cerrado,33,31,3111804,8,,221_073,16.5,POINT(-49.1079 -18.76153)
1815369637,4da1ab12-17c0-35e7-ae43-24113267874c,-54.9237,-16.42113,2026-04-24 17:52:00+00:00,2026-04-24,NOAA-21,RONDONÓPOLIS,MATO GROSSO,Brasil,,,,Cerrado,33,51,5107602,8,,225_071,4.6,POINT(-54.9237 -16.42113)
1815371475,f0245322-52a9-3e32-ae88-0377b36d5d7a,-57.42482,-14.20991,2026-04-24 17:52:00+00:00,2026-04-24,NOAA-21,NOVA MARILÂNDIA,MATO GROSSO,Brasil,,,,Amazônia,33,51,5108857,8,,227_070,11.1,POINT(-57.42482 -14.20991)
1815371602,34fb21b9-aff0-3bad-99e3-4499759974a1,-55.17297,-20.71948,2026-04-24 17:52:00+00:00,2026-04-24,NOAA-21,SIDROLÂNDIA,MATO GROSSO DO SUL,Brasil,,,,Cerrado,33,50,5007901,8,,225_074,3.8,POINT(-55.17297 -20.71948)
1815369203,310f20b4-5e72-3d3a-8bf8-5aa7bff077be,-56.64777,-13.99032,2026-04-24 17:52:00+00:00,2026-04-24,NOAA-21,DIAMANTINO,MATO GROSSO,Brasil,,,,Cerrado,33,51,5103502,8,,227_070,8.1,POINT(-56.64777 -13.99032)
1815371289,64c0a29e-e30d-36bf-8c39-e4f54439da0a,-54.74743,-16.1205,2026-04-24 17:52:00+00:00,2026-04-24,NOAA-21,JUSCIMEIRA,MATO GROSSO,Brasil,,,,Cerrado,33,51,5105200,8,,225_071,5.0,POINT(-54.74743 -16.1205)
1815372100,f60bbe3d-103e-3460-a521-b4dacc31597a,-54.9219,-16.4228,2026-04-24 17:52:00+00:00,2026-04-24,NOAA-21,RONDONÓPOLIS,MATO GROSSO,Brasil,,,,Cerrado,33,51,5107602,8,,225_071,6.8,POINT(-54.9219 -16.4228)
1815371732,706816a3-4b4e-3a40-be96-916de50b96e9,-57.55461,-19.86465,2026-04-24 17:52:00+00:00,2026-04-24,NOAA-21,CORUMBÁ,MATO GROSSO DO SUL,Brasil,,,,Pantanal,33,50,5003207,8,,227_074,0.3,POINT(-57.55461 -19.86465)
1815371867,b6a04787-6206-3f2a-8eeb-94aecbf8687e,-54.92067,-16.42054,2026-04-24 17:52:00+00:00,2026-04-24,NOAA-21,RONDONÓPOLIS,MATO GROSSO,Brasil,,,,Cerrado,33,51,5107602,8,,225_071,5.3,POINT(-54.92067 -16.42054)
1815371906,1a8178be-d336-3e10-8846-441a72fb02f0,-54.91889,-16.42219,2026-04-24 17:52:00+00:00,2026-04-24,NOAA-21,RONDONÓPOLIS,MATO GROSSO,Brasil,,,,Cerrado,33,51,5107602,8,,225_071,10.5,POINT(-54.91889 -16.42219)
1815369716,e9e5ee61-121f-32a8-9afd-9c621c523c4f,-55.31192,-9.97587,2026-04-24 17:54:00+00:00,2026-04-24,NOAA-21,NOVO MUNDO,MATO GROSSO,Brasil,,,,Amazônia,33,51,5106265,8,,227_067,20.0,POINT(-55.31192 -9.97587)
1815370820,9081ac53-be63-3ac0-b6ab-ecdb88f9e87f,-57.17798,-12.29978,2026-04-24 17:54:00+00:00,2026-04-24,NOAA-21,NOVA MARINGÁ,MATO GROSSO,Brasil,,,,Amazônia,33,51,5108907,8,,227_069,23.9,POINT(-57.17798 -12.29978)
1815369961,2bbd0576-cae0-3a2c-8a92-a188341b173c,-57.17172,-12.30355,2026-04-24 17:54:00+00:00,2026-04-24,NOAA-21,NOVA MARINGÁ,MATO GROSSO,Brasil,,,,Amazônia,33,51,5108907,8,,227_069,7.1,POINT(-57.17172 -12.30355)
1815370857,50331621-7801-3a80-878f-f643835fbca8,-64.13763,-9.01916,2026-04-24 17:54:00+00:00,2026-04-24,NOAA-21,PORTO VELHO,RONDÔNIA,Brasil,,,,Amazônia,33,11,1100205,8,,232_066,3.0,POINT(-64.13763 -9.01916)
1815370896,f3e4f90c-9ab7-3c38-9441-171f23d09a0e,-56.63484,-10.00972,2026-04-24 17:54:00+00:00,2026-04-24,NOAA-21,ALTA FLORESTA,MATO GROSSO,Brasil,,,,Amazônia,33,51,5100250,8,,227_067,0.6,POINT(-56.63484 -10.00972)
1815369731,208ab98a-5fdf-32c0-822f-6c3adb96b9bb,-55.30701,-9.98078,2026-04-24 17:54:00+00:00,2026-04-24,NOAA-21,NOVO MUNDO,MATO GROSSO,Brasil,,,,Amazônia,33,51,5106265,8,,227_067,20.0,POINT(-55.30701 -9.98078)
1815371152,063a2c27-d7ad-3e7c-b767-c4fee7abcdd1,-54.61143,-12.54476,2026-04-24 17:54:00+00:00,2026-04-24,NOAA-21,NOVA UBIRATÃ,MATO GROSSO,Brasil,,,,Amazônia,33,51,5106240,8,,226_069,9.1,POINT(-54.61143 -12.54476)
1815371181,e4dfc4b2-4cc9-315e-b0a3-320f6795896f,-55.30022,-9.97373,2026-04-24 17:54:00+00:00,2026-04-24,NOAA-21,NOVO MUNDO,MATO GROSSO,Brasil,,,,Amazônia,33,51,5106265,8,,227_067,26.4,POINT(-55.30022 -9.97373)
1815369531,cc47e9fe-31f8-3ea2-98a1-9c0ee8879064,-55.01688,-11.84376,2026-04-24 17:54:00+00:00,2026-04-24,NOAA-21,SANTA CARMEM,MATO GROSSO,Brasil,,,,Amazônia,33,51,5107248,8,,226_068,13.1,POINT(-55.01688 -11.84376)
1815369519,e2327c2e-222c-3637-b295-32cc7c47bb58,-54.68268,-12.99949,2026-04-24 17:54:00+00:00,2026-04-24,NOAA-21,NOVA UBIRATÃ,MATO GROSSO,Brasil,,,,Amazônia,33,51,5106240,8,,226_069,5.9,POINT(-54.68268 -12.99949)
1815371455,dd7d063c-46b0-3753-8d7b-20927fbcc647,-54.56318,-11.57767,2026-04-24 17:54:00+00:00,2026-04-24,NOAA-21,UNIÃO DO SUL,MATO GROSSO,Brasil,,,,Amazônia,33,51,5108303,8,,226_068,4.4,POINT(-54.56318 -11.57767)
1815371484,4ce9fe81-e83e-351f-b9c1-ffffedca620d,-55.30254,-9.97165,2026-04-24 17:54:00+00:00,2026-04-24,NOAA-21,NOVO MUNDO,MATO GROSSO,Brasil,,,,Amazônia,33,51,5106265,8,,227_067,19.5,POINT(-55.30254 -9.97165)
1815369285,98a12602-023b-3041-9945-5cf8796ae73e,-54.33757,-12.14036,2026-04-24 17:54:00+00:00,2026-04-24,NOAA-21,FELIZ NATAL,MATO GROSSO,Brasil,,,,Amazônia,33,51,5103700,8,,226_068,2.6,POINT(-54.33757 -12.14036)
1815371537,f3e06ebd-f21e-3d32-943b-2a79ddb1ff71,-54.61249,-12.53914,2026-04-24 17:54:00+00:00,2026-04-24,NOAA-21,NOVA UBIRATÃ,MATO GROSSO,Brasil,,,,Amazônia,33,51,5106240,8,,226_069,9.1,POINT(-54.61249 -12.53914)
1815371541,8ceb6959-e7c9-3eda-9d12-e3f167c1b8a1,-55.30804,-9.97516,2026-04-24 17:54:00+00:00,2026-04-24,NOAA-21,NOVO MUNDO,MATO GROSSO,Brasil,,,,Amazônia,33,51,5106265,8,,227_067,20.0,POINT(-55.30804 -9.97516)
1815369233,116e518f-d21d-3a0c-b75a-55e8a55d3d28,-60.62814,-13.65867,2026-04-24 17:54:00+00:00,2026-04-24,NOAA-21,COMODORO,MATO GROSSO,Brasil,,,,Amazônia,33,51,5103304,8,,230_069,61.5,POINT(-60.62814 -13.65867)
1815371713,6088af67-8fe8-3fa1-bf71-881f39103ab3,-55.30542,-9.97802,2026-04-24 17:54:00+00:00,2026-04-24,NOAA-21,NOVO MUNDO,MATO GROSSO,Brasil,,,,Amazônia,33,51,5106265,8,,227_067,20.6,POINT(-55.30542 -9.97802)
1815371754,aa21671f-f78b-3219-b8a5-294f5393d1ee,-54.68203,-12.99839,2026-04-24 17:54:00+00:00,2026-04-24,NOAA-21,NOVA UBIRATÃ,MATO GROSSO,Brasil,,,,Amazônia,33,51,5106240,8,,226_069,8.5,POINT(-54.68203 -12.99839)
1815368919,9b45da65-3a99-3c58-9abc-b421e7a4d635,-57.17709,-12.30455,2026-04-24 17:54:00+00:00,2026-04-24,NOAA-21,NOVA MARINGÁ,MATO GROSSO,Brasil,,,,Amazônia,33,51,5108907,8,,227_069,16.4,POINT(-57.17709 -12.30455)
1815371982,4298db7d-57d2-323c-ab85-552d1cf0055e,-56.60433,-13.04184,2026-04-24 17:54:00+00:00,2026-04-24,NOAA-21,NOVA MUTUM,MATO GROSSO,Brasil,,,,Amazônia,33,51,5106224,8,,227_069,6.8,POINT(-56.60433 -13.04184)
1815370380,67329f55-aebf-3bf7-a278-385e40d37d45,-55.30642,-9.97239,2026-04-24 17:54:00+00:00,2026-04-24,NOAA-21,NOVO MUNDO,MATO GROSSO,Brasil,,,,Amazônia,33,51,5106265,8,,227_067,19.5,POINT(-55.30642 -9.97239)
1815370553,a8f4c919-66ab-3025-a517-1f72ee0d629c,-54.61238,-12.54147,2026-04-24 17:54:00+00:00,2026-04-24,NOAA-21,NOVA UBIRATÃ,MATO GROSSO,Brasil,,,,Amazônia,33,51,5106240,8,,226_069,15.9,POINT(-54.61238 -12.54147)
1815370289,d568f864-8568-37a7-a60d-8f6ebfc829b7,-55.31027,-9.97313,2026-04-24 17:54:00+00:00,2026-04-24,NOAA-21,NOVO MUNDO,MATO GROSSO,Brasil,,,,Amazônia,33,51,5106265,8,,227_067,14.5,POINT(-55.31027 -9.97313)
1815370649,e2c279e5-df77-35b4-851e-fdeffb851c29,-58.0827,-11.94545,2026-04-24 17:54:00+00:00,2026-04-24,NOAA-21,BRASNORTE,MATO GROSSO,Brasil,,,,Amazônia,33,51,5101902,8,,228_068,9.1,POINT(-58.0827 -11.94545)
1815370734,e0128fb7-49ce-3596-afea-b53819b027b7,-54.56291,-11.57654,2026-04-24 17:54:00+00:00,2026-04-24,NOAA-21,UNIÃO DO SUL,MATO GROSSO,Brasil,,,,Amazônia,33,51,5108303,8,,226_068,4.3,POINT(-54.56291 -11.57654)
1815370752,2e732918-f1a6-3c6d-a032-936e3e674916,-55.30417,-9.97445,2026-04-24 17:54:00+00:00,2026-04-24,NOAA-21,NOVO MUNDO,MATO GROSSO,Brasil,,,,Amazônia,33,51,5106265,8,,227_067,26.4,POINT(-55.30417 -9.97445)
1815369975,466f76bb-cc9e-3ffe-ab13-61f47989afd4,-55.3093,-9.97876,2026-04-24 17:54:00+00:00,2026-04-24,NOAA-21,NOVO MUNDO,MATO GROSSO,Brasil,,,,Amazônia,33,51,5106265,8,,227_067,24.1,POINT(-55.3093 -9.97876)
1815370781,5545e3ba-f29a-35a7-9ed3-8a4d0f43e3dc,-55.30149,-9.97727,2026-04-24 17:54:00+00:00,2026-04-24,NOAA-21,NOVO MUNDO,MATO GROSSO,Brasil,,,,Amazônia,33,51,5106265,8,,227_067,20.6,POINT(-55.30149 -9.97727)
1815370520,70c8b593-26e8-3814-8f66-7e044b5b54a7,-59.89008,3.38827,2026-04-24 17:58:00+00:00,2026-04-24,NOAA-21,BONFIM,RORAIMA,Brasil,,,,Amazônia,33,14,1400159,8,,231_058,4.5,POINT(-59.89008 3.38827)
1815369555,3073358f-6c4e-38fb-98eb-c9b76733f126,-60.13881,2.47617,2026-04-24 17:58:00+00:00,2026-04-24,NOAA-21,BONFIM,RORAIMA,Brasil,,,,Amazônia,33,14,1400159,8,,231_058,7.2,POINT(-60.13881 2.47617)
1815371752,dc6ea119-7847-307e-a3ac-6f9ca9471d9a,-68.94714,-0.0092,2026-04-24 17:58:00+00:00,2026-04-24,NOAA-21,SÃO GABRIEL DA CACHOEIRA,AMAZONAS,Brasil,,,,Amazônia,33,13,1303809,8,,004_060,3.9,POINT(-68.94714 -0.0092)
1815371834,07525866-c107-3973-9ad8-2daeefd55286,-69.85723,0.55683,2026-04-24 17:58:00+00:00,2026-04-24,NOAA-21,SÃO GABRIEL DA CACHOEIRA,AMAZONAS,Brasil,,,,Amazônia,33,13,1303809,8,,004_060,7.6,POINT(-69.85723 0.55683)
1815369553,1121375c-78cc-376a-aef3-2a7be0b8db79,-60.47042,2.70943,2026-04-24 17:58:00+00:00,2026-04-24,NOAA-21,CANTÁ,RORAIMA,Brasil,,,,Amazônia,33,14,1400175,8,,232_058,5.7,POINT(-60.47042 2.70943)
1815371816,002478d5-4698-33ca-8e81-311474664ab9,-60.1359,2.47661,2026-04-24 17:58:00+00:00,2026-04-24,NOAA-21,BONFIM,RORAIMA,Brasil,,,,Amazônia,33,14,1400159,8,,231_058,7.5,POINT(-60.1359 2.47661)
1815369938,3d83aff1-2fb7-3a75-8dcd-3f7f7fb8b86b,-60.65546,4.32318,2026-04-24 17:58:00+00:00,2026-04-24,NOAA-21,PACARAIMA,RORAIMA,Brasil,,,,Amazônia,33,14,1400456,8,,232_057,9.8,POINT(-60.65546 4.32318)
1815370785,1370ddb3-2835-3cca-b9fc-c7ff120507f5,-67.31031,0.47117,2026-04-24 17:58:00+00:00,2026-04-24,NOAA-21,SÃO GABRIEL DA CACHOEIRA,AMAZONAS,Brasil,,,,Amazônia,33,13,1303809,8,,003_060,2.2,POINT(-67.31031 0.47117)
1815371659,75272123-20ad-39ec-9256-f8736fce3cd0,-68.18158,1.42035,2026-04-24 17:58:00+00:00,2026-04-24,NOAA-21,SÃO GABRIEL DA CACHOEIRA,AMAZONAS,Brasil,,,,Amazônia,33,13,1303809,8,,004_059,6.5,POINT(-68.18158 1.42035)
1815369117,bad94470-0aca-381b-954e-0716b860976f,-59.89629,3.38739,2026-04-24 17:58:00+00:00,2026-04-24,NOAA-21,BONFIM,RORAIMA,Brasil,,,,Amazônia,33,14,1400159,8,,231_058,5.0,POINT(-59.89629 3.38739)
1815370812,6d60856e-3cfd-31f8-a402-d877b7515a92,-67.0976,-0.05746,2026-04-24 17:58:00+00:00,2026-04-24,NOAA-21,SÃO GABRIEL DA CACHOEIRA,AMAZONAS,Brasil,,,,Amazônia,33,13,1303809,8,,003_060,3.0,POINT(-67.0976 -0.05746)
1815370632,def76cb2-40d1-3d39-9a60-6130b5399859,-60.28765,2.79853,2026-04-24 17:58:00+00:00,2026-04-24,NOAA-21,BONFIM,RORAIMA,Brasil,,,,Amazônia,33,14,1400159,8,,232_058,8.3,POINT(-60.28765 2.79853)
1815371991,0fd8f754-51e2-3163-9283-24f3e4c313e8,-60.16811,4.2033,2026-04-24 17:58:00+00:00,2026-04-24,NOAA-21,NORMANDIA,RORAIMA,Brasil,,,,Amazônia,33,14,1400407,8,,232_057,2.7,POINT(-60.16811 4.2033)
1815370264,8dd1d4da-7862-3d86-b015-ec6933833a1a,-67.06276,-0.09677,2026-04-24 17:58:00+00:00,2026-04-24,NOAA-21,SÃO GABRIEL DA CACHOEIRA,AMAZONAS,Brasil,,,,Amazônia,33,13,1303809,8,,003_060,2.0,POINT(-67.06276 -0.09677)
1815371168,c66c8d86-b1cd-3151-9cb9-1f650f393464,-60.28542,2.79765,2026-04-24 17:58:00+00:00,2026-04-24,NOAA-21,BONFIM,RORAIMA,Brasil,,,,Amazônia,33,14,1400159,8,,232_058,9.1,POINT(-60.28542 2.79765)
1815369705,5dca823c-3831-34be-9103-db85cb4442c9,-59.89555,3.38487,2026-04-24 17:58:00+00:00,2026-04-24,NOAA-21,BONFIM,RORAIMA,Brasil,,,,Amazônia,33,14,1400159,8,,231_058,5.7,POINT(-59.89555 3.38487)
1815371938,7f842236-6fb6-31d2-9186-837d014e609f,-65.09409,0.74541,2026-04-24 17:58:00+00:00,2026-04-24,NOAA-21,SANTA ISABEL DO RIO NEGRO,AMAZONAS,Brasil,,,,Amazônia,33,13,1303601,8,,001_060,3.1,POINT(-65.09409 0.74541)
1815369949,4911280b-fa0e-3fca-9392-259b0e915afd,-59.89319,3.38783,2026-04-24 17:58:00+00:00,2026-04-24,NOAA-21,BONFIM,RORAIMA,Brasil,,,,Amazônia,33,14,1400159,8,,231_058,5.0,POINT(-59.89319 3.38783)
1815371212,9e0869d2-9b69-39e6-81cd-589f5f1bebf8,-60.13805,2.47707,2026-04-24 17:58:00+00:00,2026-04-24,NOAA-21,BONFIM,RORAIMA,Brasil,,,,Amazônia,33,14,1400159,8,,231_058,10.5,POINT(-60.13805 2.47707)
1815364813,dc0739fa-2d51-3454-8607-e93a76574dce,-60.6332,-13.6581,2026-04-24 18:10:00+00:00,2026-04-24,GOES-19,COMODORO,MATO GROSSO,Brasil,,,,Amazônia,33,51,5103304,8,,230_069,111.7,POINT(-60.6332 -13.6581)
1815364915,edeb12e2-a8d9-3bcb-b2b8-b2a3521248c9,-60.6332,-13.6581,2026-04-24 18:20:00+00:00,2026-04-24,GOES-19,COMODORO,MATO GROSSO,Brasil,,,,Amazônia,33,51,5103304,8,,230_069,130.5,POINT(-60.6332 -13.6581)
1815375450,91dc6f12-8cf6-317c-a6be-1e65343e3964,-55.4998,-18.50671,2026-04-24 18:24:00+00:00,2026-04-24,NPP-375,CORUMBÁ,MATO GROSSO DO SUL,Brasil,,,,Pantanal,33,50,5003207,8,,226_073,10.3,POINT(-55.4998 -18.50671)
1815373265,d0a3484a-abcc-37a8-bf04-783281598bbe,-57.22173,-19.33883,2026-04-24 18:24:00+00:00,2026-04-24,NPP-375,CORUMBÁ,MATO GROSSO DO SUL,Brasil,,,,Pantanal,33,50,5003207,8,,226_073,5.8,POINT(-57.22173 -19.33883)
1815373060,a96ce71e-2f7f-3764-8854-9d2537c182d5,-60.62721,-13.66019,2026-04-24 18:26:00+00:00,2026-04-24,NPP-375,COMODORO,MATO GROSSO,Brasil,,,,Amazônia,33,51,5103304,8,,230_069,21.5,POINT(-60.62721 -13.66019)
1815374890,c4c2ebd7-6404-3061-b122-0beca9deb9d2,-60.62315,-13.65935,2026-04-24 18:26:00+00:00,2026-04-24,NPP-375,COMODORO,MATO GROSSO,Brasil,,,,Amazônia,33,51,5103304,8,,230_069,21.5,POINT(-60.62315 -13.65935)
1815375135,0c953db9-15d1-3d5c-9d87-8ad67eafdda1,-60.62944,-13.65468,2026-04-24 18:26:00+00:00,2026-04-24,NPP-375,COMODORO,MATO GROSSO,Brasil,,,,Amazônia,33,51,5103304,8,,230_069,9.7,POINT(-60.62944 -13.65468)
1815375531,92e31f52-283c-3a7d-9d8d-10bf1535789b,-58.19879,-14.24861,2026-04-24 18:26:00+00:00,2026-04-24,NPP-375,TANGARÁ DA SERRA,MATO GROSSO,Brasil,,,,Cerrado,33,51,5107958,8,,228_070,29.1,POINT(-58.19879 -14.24861)
1815374595,0ddac8d2-1152-374e-8dab-ddf0087f537f,-60.62421,-13.65961,2026-04-24 18:26:00+00:00,2026-04-24,NPP-375,COMODORO,MATO GROSSO,Brasil,,,,Amazônia,33,51,5103304,8,,230_069,24.2,POINT(-60.62421 -13.65961)
1815373958,33283793-3d12-33f6-a129-d059cb48052f,-58.19666,-14.25066,2026-04-24 18:26:00+00:00,2026-04-24,NPP-375,TANGARÁ DA SERRA,MATO GROSSO,Brasil,,,,Cerrado,33,51,5107958,8,,228_070,23.4,POINT(-58.19666 -14.25066)
1815373571,381283d1-4551-3599-82db-d505cc038490,-60.63127,-13.66102,2026-04-24 18:26:00+00:00,2026-04-24,NPP-375,COMODORO,MATO GROSSO,Brasil,,,,Amazônia,33,51,5103304,8,,230_069,14.4,POINT(-60.63127 -13.66102)
1815373023,480e5652-2fb9-32e3-9ff7-f9c8dd3ec077,-60.62537,-13.65387,2026-04-24 18:26:00+00:00,2026-04-24,NPP-375,COMODORO,MATO GROSSO,Brasil,,,,Amazônia,33,51,5103304,8,,230_069,9.7,POINT(-60.62537 -13.65387)
1815373106,a43fb1b4-2545-3275-bb5b-93bef3aae282,-57.17691,-12.3038,2026-04-24 18:26:00+00:00,2026-04-24,NPP-375,NOVA MARINGÁ,MATO GROSSO,Brasil,,,,Amazônia,33,51,5108907,8,,227_069,13.1,POINT(-57.17691 -12.3038)
1815374575,352599f2-8d9e-3c15-bcbf-bf3b24220f77,-56.64222,-13.99405,2026-04-24 18:26:00+00:00,2026-04-24,NPP-375,DIAMANTINO,MATO GROSSO,Brasil,,,,Cerrado,33,51,5103502,8,,227_070,8.9,POINT(-56.64222 -13.99405)
1815374096,72621ae7-6fda-333d-9f24-ac5c2d5f3f82,-57.17314,-12.3016,2026-04-24 18:26:00+00:00,2026-04-24,NPP-375,NOVA MARINGÁ,MATO GROSSO,Brasil,,,,Amazônia,33,51,5108907,8,,227_069,15.1,POINT(-57.17314 -12.3016)
1815372832,b5e1bccb-a318-3aae-aeee-b051cae35fd9,-60.62828,-13.66041,2026-04-24 18:26:00+00:00,2026-04-24,NPP-375,COMODORO,MATO GROSSO,Brasil,,,,Amazônia,33,51,5103304,8,,230_069,24.2,POINT(-60.62828 -13.66041)
1815364922,e5d286aa-1042-37b9-9bdd-3241eabdda46,-60.6332,-13.6581,2026-04-24 18:30:00+00:00,2026-04-24,GOES-19,COMODORO,MATO GROSSO,Brasil,,,,Amazônia,33,51,5103304,8,,230_069,116.6,POINT(-60.6332 -13.6581)
1815373968,0f0ae6be-65db-308f-9b7d-9fab6aa65de4,-70.01675,0.26011,2026-04-24 18:30:00+00:00,2026-04-24,NPP-375,SÃO GABRIEL DA CACHOEIRA,AMAZONAS,Brasil,,,,Amazônia,33,13,1303809,8,,005_060,4.0,POINT(-70.01675 0.26011)
1815365033,fccfa5d1-2523-3626-ade8-d0c2150acc4b,-52.9384,-18.3048,2026-04-24 18:40:00+00:00,2026-04-24,GOES-19,COSTA RICA,MATO GROSSO DO SUL,Brasil,,,,Cerrado,33,50,5003256,8,,224_073,54.8,POINT(-52.9384 -18.3048)
1815365090,67b5f957-3b04-3567-bf87-e27bbb708e8a,-60.6332,-13.6581,2026-04-24 18:40:00+00:00,2026-04-24,GOES-19,COMODORO,MATO GROSSO,Brasil,,,,Amazônia,33,51,5103304,8,,230_069,138.8,POINT(-60.6332 -13.6581)
1815365975,aaf3f240-d99d-3399-b614-34d23d5b1f92,-60.6332,-13.6581,2026-04-24 18:50:00+00:00,2026-04-24,GOES-19,COMODORO,MATO GROSSO,Brasil,,,,Amazônia,33,51,5103304,8,,230_069,110.7,POINT(-60.6332 -13.6581)
1815368328,e5e57fab-bb82-3ef3-8c01-b4879989195a,-60.6332,-13.6581,2026-04-24 19:00:00+00:00,2026-04-24,GOES-19,COMODORO,MATO GROSSO,Brasil,,,,Amazônia,33,51,5103304,8,,230_069,124.5,POINT(-60.6332 -13.6581)
1815374273,1eeda2f8-2019-3da3-bb33-1cabeed3ee60,-50.1399,-26.63374,2026-04-24 19:04:00+00:00,2026-04-24,AQUA_M-T,PAPANDUVA,SANTA CATARINA,Brasil,,,,Mata Atlântica,33,42,4212205,8,,221_078,12.3,POINT(-50.1399 -26.63374)
1815374132,7b2705d3-c45a-36b8-b86a-455dc427b46a,-49.76801,-24.81554,2026-04-24 19:04:00+00:00,2026-04-24,AQUA_M-T,CASTRO,PARANÁ,Brasil,,,,Mata Atlântica,33,41,4104907,8,,221_077,6.4,POINT(-49.76801 -24.81554)
1815373130,aa2a995f-f3dc-3b7f-bcea-7612a5e6de25,-52.51425,-25.59072,2026-04-24 19:04:00+00:00,2026-04-24,AQUA_M-T,RIO BONITO DO IGUAÇU,PARANÁ,Brasil,,,,Mata Atlântica,33,41,4122156,8,,222_078,4.8,POINT(-52.51425 -25.59072)
1815374870,e5a59e03-c976-3ec2-9c6e-5fb46a5e0832,-49.51926,-26.00354,2026-04-24 19:04:00+00:00,2026-04-24,AQUA_M-T,QUITANDINHA,PARANÁ,Brasil,,,,Mata Atlântica,33,41,4121208,8,,220_078,6.1,POINT(-49.51926 -26.00354)
1815373146,901f2f78-d094-3808-9f60-457b4bcb9c2a,-50.98371,-26.37732,2026-04-24 19:04:00+00:00,2026-04-24,AQUA_M-T,PORTO UNIÃO,SANTA CATARINA,Brasil,,,,Mata Atlântica,33,42,4213609,8,,221_078,12.2,POINT(-50.98371 -26.37732)
1815374851,e05ea6d6-12a9-35e0-a884-524c82545e26,-50.75769,-25.45442,2026-04-24 19:04:00+00:00,2026-04-24,AQUA_M-T,IRATI,PARANÁ,Brasil,,,,Mata Atlântica,33,41,4110706,8,,221_078,6.4,POINT(-50.75769 -25.45442)
1815373171,85d1a85f-85e9-32e8-8586-d0f603a2084e,-52.20673,-26.17321,2026-04-24 19:04:00+00:00,2026-04-24,AQUA_M-T,MANGUEIRINHA,PARANÁ,Brasil,,,,Mata Atlântica,33,41,4114401,8,,222_078,6.2,POINT(-52.20673 -26.17321)
1815373215,ffa58914-2603-36c7-826c-12a7e3ee8d27,-50.73856,-25.23868,2026-04-24 19:04:00+00:00,2026-04-24,AQUA_M-T,IMBITUVA,PARANÁ,Brasil,,,,Mata Atlântica,33,41,4110102,8,,221_078,12.7,POINT(-50.73856 -25.23868)
1815373219,9ae77034-fcfd-37cc-be7b-d29838c967fd,-49.01443,-26.01001,2026-04-24 19:04:00+00:00,2026-04-24,AQUA_M-T,TIJUCAS DO SUL,PARANÁ,Brasil,,,,Mata Atlântica,33,41,4127601,8,,220_078,8.1,POINT(-49.01443 -26.01001)
1815373223,2420b12d-f292-307b-8ddb-4e7c83e97e7b,-52.42622,-25.21795,2026-04-24 19:04:00+00:00,2026-04-24,AQUA_M-T,LARANJEIRAS DO SUL,PARANÁ,Brasil,,,,Mata Atlântica,33,41,4113304,8,,222_078,9.3,POINT(-52.42622 -25.21795)
1815375195,d6168211-9f0d-3acd-8421-7e14efc7e11f,-50.48503,-26.82695,2026-04-24 19:04:00+00:00,2026-04-24,AQUA_M-T,SANTA CECÍLIA,SANTA CATARINA,Brasil,,,,Mata Atlântica,33,42,4215505,8,,221_079,7.3,POINT(-50.48503 -26.82695)
1815374773,16617072-90b1-3bb9-992e-9b4f177da974,-49.02008,-26.00849,2026-04-24 19:04:00+00:00,2026-04-24,AQUA_M-T,TIJUCAS DO SUL,PARANÁ,Brasil,,,,Mata Atlântica,33,41,4127601,8,,220_078,5.5,POINT(-49.02008 -26.00849)
1815373109,a8d82d4a-9fa3-3f93-aa42-afac79f54af7,-53.11455,-26.2201,2026-04-24 19:04:00+00:00,2026-04-24,AQUA_M-T,MARMELEIRO,PARANÁ,Brasil,,,,Mata Atlântica,33,41,4115408,8,,223_078,4.7,POINT(-53.11455 -26.2201)
1815374920,45431f3b-245f-3655-a2fa-832212e9a233,-50.02312,-26.54203,2026-04-24 19:04:00+00:00,2026-04-24,AQUA_M-T,SANTA TEREZINHA,SANTA CATARINA,Brasil,,,,Mata Atlântica,33,42,4215679,8,,221_078,5.4,POINT(-50.02312 -26.54203)
1815375563,83079321-af73-32d2-a4f8-997666626789,-50.97373,-26.37578,2026-04-24 19:04:00+00:00,2026-04-24,AQUA_M-T,PORTO UNIÃO,SANTA CATARINA,Brasil,,,,Mata Atlântica,33,42,4213609,8,,221_078,4.2,POINT(-50.97373 -26.37578)
1815375541,27ee89df-b3eb-3504-99f9-c3bbcc4619ac,-49.94461,-27.58383,2026-04-24 19:04:00+00:00,2026-04-24,AQUA_M-T,OTACÍLIO COSTA,SANTA CATARINA,Brasil,,,,Mata Atlântica,33,42,4211751,8,,221_079,8.6,POINT(-49.94461 -27.58383)
1815373566,6485e7c0-9a44-325b-a943-d1e90136494c,-52.33229,-26.32948,2026-04-24 19:04:00+00:00,2026-04-24,AQUA_M-T,CLEVELÂNDIA,PARANÁ,Brasil,,,,Mata Atlântica,33,41,4105706,8,,222_078,15.7,POINT(-52.33229 -26.32948)
1815372922,0d56a9e7-c5ce-359d-a9c3-69144e2f3805,-53.11301,-26.22902,2026-04-24 19:04:00+00:00,2026-04-24,AQUA_M-T,MARMELEIRO,PARANÁ,Brasil,,,,Mata Atlântica,33,41,4115408,8,,223_078,5.3,POINT(-53.11301 -26.22902)
1815375461,72d53cb9-9791-3d57-ad7e-635fef08dc96,-50.00674,-27.38999,2026-04-24 19:04:00+00:00,2026-04-24,AQUA_M-T,POUSO REDONDO,SANTA CATARINA,Brasil,,,,Mata Atlântica,33,42,4213708,8,,221_079,5.3,POINT(-50.00674 -27.38999)
1815373665,76efa3e9-0190-32b9-b9c3-227fc2c07bf5,-49.51328,-26.08965,2026-04-24 19:04:00+00:00,2026-04-24,AQUA_M-T,PIÊN,PARANÁ,Brasil,,,,Mata Atlântica,33,41,4119103,8,,220_078,5.7,POINT(-49.51328 -26.08965)
1815375496,3fadf400-995a-3d44-ba24-ef64a2efbc40,-52.13681,-26.53209,2026-04-24 19:04:00+00:00,2026-04-24,AQUA_M-T,ABELARDO LUZ,SANTA CATARINA,Brasil,,,,Mata Atlântica,33,42,4200101,8,,222_078,8.2,POINT(-52.13681 -26.53209)
1815373904,87ac50f8-0d58-346b-8616-c73069de3a74,-49.50284,-24.89812,2026-04-24 19:04:00+00:00,2026-04-24,AQUA_M-T,CASTRO,PARANÁ,Brasil,,,,Mata Atlântica,33,41,4104907,8,,221_077,8.2,POINT(-49.50284 -24.89812)
1815373927,60c289ad-5616-3b6b-92d4-2502dc07afa5,-50.7675,-26.39101,2026-04-24 19:04:00+00:00,2026-04-24,AQUA_M-T,IRINEÓPOLIS,SANTA CATARINA,Brasil,,,,Mata Atlântica,33,42,4207908,8,,221_078,8.6,POINT(-50.7675 -26.39101)
1815373952,fbda1598-b57e-3cae-8047-a16c6e361a21,-49.41412,-26.06374,2026-04-24 19:04:00+00:00,2026-04-24,AQUA_M-T,PIÊN,PARANÁ,Brasil,,,,Mata Atlântica,33,41,4119103,8,,220_078,4.9,POINT(-49.41412 -26.06374)
1815375537,3bdc11a5-f25b-3210-a102-9f148a66a408,-49.56815,-25.18648,2026-04-24 19:04:00+00:00,2026-04-24,AQUA_M-T,CAMPO MAGRO,PARANÁ,Brasil,,,,Mata Atlântica,33,41,4104253,8,,221_077,6.4,POINT(-49.56815 -25.18648)
1815373111,62a7024e-c74a-31af-84a8-96a6e38c35b5,-50.72836,-25.23708,2026-04-24 19:04:00+00:00,2026-04-24,AQUA_M-T,IMBITUVA,PARANÁ,Brasil,,,,Mata Atlântica,33,41,4110102,8,,221_078,13.9,POINT(-50.72836 -25.23708)
1815372910,77874c17-9056-3fff-8e86-0cb4a746adbe,-49.42539,-26.06559,2026-04-24 19:04:00+00:00,2026-04-24,AQUA_M-T,PIÊN,PARANÁ,Brasil,,,,Mata Atlântica,33,41,4119103,8,,220_078,16.9,POINT(-49.42539 -26.06559)
1815374610,3f70a945-3404-3d56-bb91-1fa8f2c6c3ca,-51.1972,-25.04255,2026-04-24 19:04:00+00:00,2026-04-24,AQUA_M-T,PRUDENTÓPOLIS,PARANÁ,Brasil,,,,Mata Atlântica,33,41,4120606,8,,222_077,5.5,POINT(-51.1972 -25.04255)
1815374581,1026cd40-61ca-3831-9b3c-1c5a03f64036,-49.70674,-25.08257,2026-04-24 19:04:00+00:00,2026-04-24,AQUA_M-T,CAMPO LARGO,PARANÁ,Brasil,,,,Mata Atlântica,33,41,4104204,8,,221_077,8.2,POINT(-49.70674 -25.08257)
1815372771,c963721d-a4e4-3887-9ae4-8eb3c1c6455a,-49.50695,-26.09347,2026-04-24 19:04:00+00:00,2026-04-24,AQUA_M-T,PIÊN,PARANÁ,Brasil,,,,Mata Atlântica,33,41,4119103,8,,220_078,6.6,POINT(-49.50695 -26.09347)
1815374415,5f382105-4b2e-3a98-9d1d-67112ec3a529,-50.89418,-25.44801,2026-04-24 19:04:00+00:00,2026-04-24,AQUA_M-T,IRATI,PARANÁ,Brasil,,,,Mata Atlântica,33,41,4110706,8,,221_078,3.9,POINT(-50.89418 -25.44801)
1815372963,ac30a1eb-cf23-33c6-8f7a-2833fe48f55c,-55.72726,-20.35529,2026-04-24 19:06:00+00:00,2026-04-24,AQUA_M-T,AQUIDAUANA,MATO GROSSO DO SUL,Brasil,,,,Cerrado,33,50,5001102,8,,225_074,6.5,POINT(-55.72726 -20.35529)
1815373376,68d02f16-4b5c-3a67-9e68-f60a65bcebd3,-54.23888,-18.13701,2026-04-24 19:06:00+00:00,2026-04-24,AQUA_M-T,COXIM,MATO GROSSO DO SUL,Brasil,,,,Cerrado,33,50,5003306,8,,225_073,4.7,POINT(-54.23888 -18.13701)
1815373955,6adc67e5-2c08-3d93-989c-a4fae5de126d,-50.37882,-18.35214,2026-04-24 19:06:00+00:00,2026-04-24,AQUA_M-T,QUIRINÓPOLIS,GOIÁS,Brasil,,,,Mata Atlântica,33,52,5218508,8,,222_073,14.8,POINT(-50.37882 -18.35214)
1815374208,78d51009-5105-3b83-8991-f773ad687ba1,-54.55043,-18.42065,2026-04-24 19:06:00+00:00,2026-04-24,AQUA_M-T,COXIM,MATO GROSSO DO SUL,Brasil,,,,Cerrado,33,50,5003306,8,,225_073,15.5,POINT(-54.55043 -18.42065)
1815374563,7ed1a5fa-445a-359f-9695-7ec9d1a8ba53,-54.22967,-18.13568,2026-04-24 19:06:00+00:00,2026-04-24,AQUA_M-T,COXIM,MATO GROSSO DO SUL,Brasil,,,,Cerrado,33,50,5003306,8,,225_073,6.2,POINT(-54.22967 -18.13568)
1815374684,7ba1bb89-5d15-3abc-b4b5-a763812ab20b,-55.50262,-18.50904,2026-04-24 19:06:00+00:00,2026-04-24,AQUA_M-T,CORUMBÁ,MATO GROSSO DO SUL,Brasil,,,,Pantanal,33,50,5003207,8,,226_073,34.7,POINT(-55.50262 -18.50904)
1815374908,345550ec-4c14-329e-a547-beb7835e734b,-54.29739,-24.02616,2026-04-24 19:06:00+00:00,2026-04-24,AQUA_M-T,MUNDO NOVO,MATO GROSSO DO SUL,Brasil,,,,Mata Atlântica,33,50,5005681,8,,224_077,6.0,POINT(-54.29739 -24.02616)
1815374944,5d14b1b3-c38c-3396-b974-7d82077a770e,-56.68803,-20.6574,2026-04-24 19:06:00+00:00,2026-04-24,AQUA_M-T,BODOQUENA,MATO GROSSO DO SUL,Brasil,,,,Cerrado,33,50,5002159,8,,226_074,24.1,POINT(-56.68803 -20.6574)
1815375199,0550d748-2316-3c4e-a245-9ba67d1c5704,-52.9963,-23.02065,2026-04-24 19:06:00+00:00,2026-04-24,AQUA_M-T,LOANDA,PARANÁ,Brasil,,,,Mata Atlântica,33,41,4113502,8,,223_076,16.5,POINT(-52.9963 -23.02065)
1815374824,7b17ba28-1d5c-3164-afd7-4a0a5a752db6,-49.24446,-17.77024,2026-04-24 19:06:00+00:00,2026-04-24,AQUA_M-T,MORRINHOS,GOIÁS,Brasil,,,,Cerrado,33,52,5213806,8,,222_072,18.2,POINT(-49.24446 -17.77024)
1815373147,598c485e-bc7e-3fcf-bfe0-3745ba412297,-56.65503,-13.99861,2026-04-24 19:08:00+00:00,2026-04-24,AQUA_M-T,DIAMANTINO,MATO GROSSO,Brasil,,,,Cerrado,33,51,5103502,8,,227_070,7.2,POINT(-56.65503 -13.99861)
1815374548,02bf9230-6ec6-3ae5-ae6a-983497fbb5e7,-52.89981,-14.72881,2026-04-24 19:08:00+00:00,2026-04-24,AQUA_M-T,CAMPINÁPOLIS,MATO GROSSO,Brasil,,,,Cerrado,33,51,5102603,8,,224_070,10.3,POINT(-52.89981 -14.72881)
1815374552,8f995679-4094-3a56-9152-c5e368a7ae2a,-57.42635,-14.20652,2026-04-24 19:08:00+00:00,2026-04-24,AQUA_M-T,NOVA MARILÂNDIA,MATO GROSSO,Brasil,,,,Amazônia,33,51,5108857,8,,227_070,10.3,POINT(-57.42635 -14.20652)
1815372905,7e498378-cce0-3f3a-8a8d-65bc77278cdb,-55.01521,-11.85954,2026-04-24 19:08:00+00:00,2026-04-24,AQUA_M-T,SANTA CARMEM,MATO GROSSO,Brasil,,,,Amazônia,33,51,5107248,8,,226_068,10.8,POINT(-55.01521 -11.85954)
1815374612,13ce4f24-644e-3a34-819f-8723d2f59f55,-56.64523,-13.99724,2026-04-24 19:08:00+00:00,2026-04-24,AQUA_M-T,DIAMANTINO,MATO GROSSO,Brasil,,,,Cerrado,33,51,5103502,8,,227_070,33.3,POINT(-56.64523 -13.99724)
1815374664,ae9dc170-8c5b-3172-a777-9d290e2b41d1,-54.9166,-16.42556,2026-04-24 19:08:00+00:00,2026-04-24,AQUA_M-T,RONDONÓPOLIS,MATO GROSSO,Brasil,,,,Cerrado,33,51,5107602,8,,225_071,9.1,POINT(-54.9166 -16.42556)
1815373953,df85a852-7b17-3984-8838-7c75057311d1,-58.07984,-11.94606,2026-04-24 19:08:00+00:00,2026-04-24,AQUA_M-T,BRASNORTE,MATO GROSSO,Brasil,,,,Amazônia,33,51,5101902,8,,228_068,14.7,POINT(-58.07984 -11.94606)
1815373651,7bac4511-9986-32a3-a40e-f9cc396c9f1b,-55.32706,-11.61107,2026-04-24 19:08:00+00:00,2026-04-24,AQUA_M-T,SINOP,MATO GROSSO,Brasil,,,,Amazônia,33,51,5107909,8,,226_068,7.7,POINT(-55.32706 -11.61107)
1815373499,ef012884-0ecb-3e06-8f7d-37cce7d85b2d,-52.46519,-11.73114,2026-04-24 19:08:00+00:00,2026-04-24,AQUA_M-T,QUERÊNCIA,MATO GROSSO,Brasil,,,,Amazônia,33,51,5107065,8,,225_068,11.2,POINT(-52.46519 -11.73114)
1815373455,88f12036-272c-397f-916e-82ad7d9912d6,-54.61017,-12.54756,2026-04-24 19:08:00+00:00,2026-04-24,AQUA_M-T,NOVA UBIRATÃ,MATO GROSSO,Brasil,,,,Amazônia,33,51,5106240,8,,226_069,9.4,POINT(-54.61017 -12.54756)
1815375442,5cfbebb6-e17b-3879-a797-cfc39031223f,-57.42506,-14.21603,2026-04-24 19:08:00+00:00,2026-04-24,AQUA_M-T,NOVA MARILÂNDIA,MATO GROSSO,Brasil,,,,Amazônia,33,51,5108857,8,,227_070,15.8,POINT(-57.42506 -14.21603)
1815373435,7514861e-5da5-3de5-8614-7a6f0012b1b8,-57.43699,-14.20798,2026-04-24 19:08:00+00:00,2026-04-24,AQUA_M-T,NOVA MARILÂNDIA,MATO GROSSO,Brasil,,,,Amazônia,33,51,5108857,8,,227_070,8.0,POINT(-57.43699 -14.20798)
1815375350,d2a24dab-1e41-3a51-9a11-e4d33578e94a,-55.01794,-11.84197,2026-04-24 19:08:00+00:00,2026-04-24,AQUA_M-T,SANTA CARMEM,MATO GROSSO,Brasil,,,,Amazônia,33,51,5107248,8,,226_068,6.0,POINT(-55.01794 -11.84197)
1815375308,7a23f9ae-640f-31de-a3d6-faa87b0b510e,-54.78886,-13.11021,2026-04-24 19:08:00+00:00,2026-04-24,AQUA_M-T,NOVA UBIRATÃ,MATO GROSSO,Brasil,,,,Amazônia,33,51,5106240,8,,226_069,7.4,POINT(-54.78886 -13.11021)
1815375269,1d0e4293-4fa7-313d-b210-5068a540694a,-58.09058,-11.94751,2026-04-24 19:08:00+00:00,2026-04-24,AQUA_M-T,BRASNORTE,MATO GROSSO,Brasil,,,,Amazônia,33,51,5101902,8,,228_068,7.4,POINT(-58.09058 -11.94751)
1815373082,2d3f6747-8a37-3ca6-a87b-82f6fb61ecdf,-54.68266,-13.00267,2026-04-24 19:08:00+00:00,2026-04-24,AQUA_M-T,NOVA UBIRATÃ,MATO GROSSO,Brasil,,,,Amazônia,33,51,5106240,8,,226_069,21.5,POINT(-54.68266 -13.00267)
1815373253,f851d2ef-d0c5-3666-8cd9-16131ec1cc0d,-54.33767,-12.14862,2026-04-24 19:08:00+00:00,2026-04-24,AQUA_M-T,FELIZ NATAL,MATO GROSSO,Brasil,,,,Amazônia,33,51,5103700,8,,226_068,9.1,POINT(-54.33767 -12.14862)
1815375183,c204f4a1-8646-364c-8c38-cda9f3f36b42,-57.23405,-12.54993,2026-04-24 19:08:00+00:00,2026-04-24,AQUA_M-T,NOVA MARINGÁ,MATO GROSSO,Brasil,,,,Amazônia,33,51,5108907,8,,227_069,12.9,POINT(-57.23405 -12.54993)
1815375066,59f688f7-4c7b-3909-9f7e-60a1ed5708ec,-51.98276,-14.2437,2026-04-24 19:08:00+00:00,2026-04-24,AQUA_M-T,NOVA NAZARÉ,MATO GROSSO,Brasil,,,,Cerrado,33,51,5106174,8,,224_070,8.2,POINT(-51.98276 -14.2437)
1815375083,bec1e93d-cbe7-345e-9245-581776084660,-56.34145,-11.58332,2026-04-24 19:08:00+00:00,2026-04-24,AQUA_M-T,PORTO DOS GAÚCHOS,MATO GROSSO,Brasil,,,,Amazônia,33,51,5106802,8,,227_068,5.4,POINT(-56.34145 -11.58332)
1815374547,a2c33e49-35fc-3c19-86bb-f988261c6c0d,-54.56415,-11.58056,2026-04-24 19:08:00+00:00,2026-04-24,AQUA_M-T,UNIÃO DO SUL,MATO GROSSO,Brasil,,,,Amazônia,33,51,5108303,8,,226_068,5.8,POINT(-54.56415 -11.58056)
1815374295,9937650e-ccd2-327c-b37d-6dffb248be6d,-54.61921,-12.5489,2026-04-24 19:08:00+00:00,2026-04-24,AQUA_M-T,NOVA UBIRATÃ,MATO GROSSO,Brasil,,,,Amazônia,33,51,5106240,8,,226_069,14.8,POINT(-54.61921 -12.5489)
1815374329,c6ca497c-265a-3f74-8b27-43b942019bce,-55.01657,-11.85075,2026-04-24 19:08:00+00:00,2026-04-24,AQUA_M-T,SANTA CARMEM,MATO GROSSO,Brasil,,,,Amazônia,33,51,5107248,8,,226_068,26.0,POINT(-55.01657 -11.85075)
1815374024,56b7ef1a-6189-3cbc-9f57-bb4b172b5b46,-54.68405,-12.99388,2026-04-24 19:08:00+00:00,2026-04-24,AQUA_M-T,NOVA UBIRATÃ,MATO GROSSO,Brasil,,,,Amazônia,33,51,5106240,8,,226_069,19.0,POINT(-54.68405 -12.99388)
1815374454,0b4b6994-3595-31b7-b6d5-4d905995aa08,-54.92582,-16.42689,2026-04-24 19:08:00+00:00,2026-04-24,AQUA_M-T,RONDONÓPOLIS,MATO GROSSO,Brasil,,,,Cerrado,33,51,5107602,8,,225_071,14.4,POINT(-54.92582 -16.42689)
1815368637,6e3d4495-c845-3ea6-83d4-f7d5a19388e3,-60.6332,-13.6581,2026-04-24 19:10:00+00:00,2026-04-24,GOES-19,COMODORO,MATO GROSSO,Brasil,,,,Amazônia,33,51,5103304,8,,230_069,108.7,POINT(-60.6332 -13.6581)
1815374622,40b73339-e7e9-3c8a-85f6-ac4e3bc3a135,-59.79352,0.63814,2026-04-24 19:13:00+00:00,2026-04-24,AQUA_M-T,CAROEBE,RORAIMA,Brasil,,,,Amazônia,33,14,1400233,8,,231_060,19.9,POINT(-59.79352 0.63814)
1815373970,ff181fbf-2333-3928-af07-abe1547dfa24,-60.47467,0.89033,2026-04-24 19:13:00+00:00,2026-04-24,AQUA_M-T,RORAINÓPOLIS,RORAIMA,Brasil,,,,Amazônia,33,14,1400472,8,,231_059,16.6,POINT(-60.47467 0.89033)
1815373873,922333e5-730f-34f7-82cb-02d57621654a,-60.4847,0.88887,2026-04-24 19:13:00+00:00,2026-04-24,AQUA_M-T,RORAINÓPOLIS,RORAIMA,Brasil,,,,Amazônia,33,14,1400472,8,,231_059,8.3,POINT(-60.4847 0.88887)
1815374115,6f4d27cf-f203-3568-bab2-f5550005a2e6,-59.80294,0.63674,2026-04-24 19:13:00+00:00,2026-04-24,AQUA_M-T,CAROEBE,RORAIMA,Brasil,,,,Amazônia,33,14,1400233,8,,231_060,11.8,POINT(-59.80294 0.63674)
1815373134,ac9df445-5bb9-3761-b8d9-432235cdb74e,-60.30642,0.66373,2026-04-24 19:13:00+00:00,2026-04-24,AQUA_M-T,RORAINÓPOLIS,RORAIMA,Brasil,,,,Amazônia,33,14,1400472,8,,231_060,7.1,POINT(-60.30642 0.66373)
1815374793,47f75140-f712-3b70-9ef2-50ff51e53e0d,-60.99054,2.23394,2026-04-24 19:15:00+00:00,2026-04-24,AQUA_M-T,IRACEMA,RORAIMA,Brasil,,,,Amazônia,33,14,1400282,8,,232_058,6.9,POINT(-60.99054 2.23394)
1815375069,00c84aa9-cf2a-32d4-b14b-7bde36e74a8e,-60.97372,2.06133,2026-04-24 19:15:00+00:00,2026-04-24,AQUA_M-T,CANTÁ,RORAIMA,Brasil,,,,Amazônia,33,14,1400175,8,,232_059,13.7,POINT(-60.97372 2.06133)
1815373302,14b7547d-cd2e-3e70-8f3d-71c005e506e4,-61.36087,2.74227,2026-04-24 19:15:00+00:00,2026-04-24,AQUA_M-T,MUCAJAÍ,RORAIMA,Brasil,,,,Amazônia,33,14,1400308,8,,232_058,53.5,POINT(-61.36087 2.74227)
1815375451,4b402077-ff77-372b-bf90-238108dbd274,-60.94887,3.14536,2026-04-24 19:15:00+00:00,2026-04-24,AQUA_M-T,BOA VISTA,RORAIMA,Brasil,,,,Amazônia,33,14,1400100,8,,232_058,9.1,POINT(-60.94887 3.14536)
1815374153,6e1e49ff-27dc-31cf-9d5c-9657d8fa3536,-60.95139,3.13811,2026-04-24 19:15:00+00:00,2026-04-24,AQUA_M-T,BOA VISTA,RORAIMA,Brasil,,,,Amazônia,33,14,1400100,8,,232_058,7.2,POINT(-60.95139 3.13811)
1815368748,e88ac3c5-98bd-3301-8135-fbee34544fe5,-60.6332,-13.6581,2026-04-24 19:20:00+00:00,2026-04-24,GOES-19,COMODORO,MATO GROSSO,Brasil,,,,Amazônia,33,51,5103304,8,,230_069,98.7,POINT(-60.6332 -13.6581)
1815368845,16d0d114-b13a-37f8-9302-e4f82f2c0fde,-60.6332,-13.6581,2026-04-24 19:30:00+00:00,2026-04-24,GOES-19,COMODORO,MATO GROSSO,Brasil,,,,Amazônia,33,51,5103304,8,,230_069,101.4,POINT(-60.6332 -13.6581)
1815369392,7415af30-4968-3c6f-b553-f8084418d917,-60.6332,-13.6581,2026-04-24 19:40:00+00:00,2026-04-24,GOES-19,COMODORO,MATO GROSSO,Brasil,,,,Amazônia,33,51,5103304,8,,230_069,97.4,POINT(-60.6332 -13.6581)
1815372502,92d933d8-9b9d-376f-b6c2-d9f8c120894b,-46.6425,-17.1397,2026-04-24 20:30:00+00:00,2026-04-24,GOES-19,PARACATU,MINAS GERAIS,Brasil,,,,Cerrado,33,31,3147006,8,,220_072,105.1,POINT(-46.6425 -17.1397)
1815377235,deb34486-9ebc-35ff-a703-81099fdb57d2,-40.5141,-9.0929,2026-04-24 21:20:00+00:00,2026-04-24,GOES-19,PETROLINA,PERNAMBUCO,Brasil,,,,Caatinga,33,26,2611101,8,,217_066,96.8,POINT(-40.5141 -9.0929)
1815377340,713b8e77-3ab2-3bc0-afad-2c978d10f5da,-40.5141,-9.0929,2026-04-24 21:30:00+00:00,2026-04-24,GOES-19,PETROLINA,PERNAMBUCO,Brasil,,,,Caatinga,33,26,2611101,8,,217_066,103.1,POINT(-40.5141 -9.0929)
1815377380,2c400427-281a-30e4-9d1b-4680917d6a0c,-44.617,-12.2915,2026-04-24 21:30:00+00:00,2026-04-24,GOES-19,CATOLÂNDIA,BAHIA,Brasil,,,,Cerrado,33,29,2907400,8,,219_069,70.5,POINT(-44.617 -12.2915)
1815377454,cd3930d4-46ce-35d1-95b6-69c1cf86b257,-40.5141,-9.0929,2026-04-24 21:40:00+00:00,2026-04-24,GOES-19,PETROLINA,PERNAMBUCO,Brasil,,,,Caatinga,33,26,2611101,8,,217_066,90.1,POINT(-40.5141 -9.0929)
1815377405,6daff349-e395-3a9c-a69c-c1118384930a,-44.617,-12.2915,2026-04-24 21:40:00+00:00,2026-04-24,GOES-19,CATOLÂNDIA,BAHIA,Brasil,,,,Cerrado,33,29,2907400,8,,219_069,59.9,POINT(-44.617 -12.2915)
1815385069,0997b46d-8a5a-3c19-8889-b5a89c3f9583,-40.5141,-9.0929,2026-04-24 21:50:00+00:00,2026-04-24,GOES-19,PETROLINA,PERNAMBUCO,Brasil,,,,Caatinga,33,26,2611101,8,,217_066,85.6,POINT(-40.5141 -9.0929)
1815385046,b0e65c02-c8d5-3c7f-a6f3-8172fb6b8cdc,-48.954,-20.6746,2026-04-24 21:50:00+00:00,2026-04-24,GOES-19,OLÍMPIA,SÃO PAULO,Brasil,,,,Mata Atlântica,33,35,3533908,8,,221_074,60.0,POINT(-48.954 -20.6746)
1815382629,c7918c87-9f11-3b64-a370-6deb09d4b7a7,-44.617,-12.2915,2026-04-24 21:50:00+00:00,2026-04-24,GOES-19,CATOLÂNDIA,BAHIA,Brasil,,,,Cerrado,33,29,2907400,8,,219_069,58.7,POINT(-44.617 -12.2915)
1815386438,98ad1974-a027-355f-9ad9-04134cf0b1bb,-40.5141,-9.0929,2026-04-24 22:00:00+00:00,2026-04-24,GOES-19,PETROLINA,PERNAMBUCO,Brasil,,,,Caatinga,33,26,2611101,8,,217_066,78.6,POINT(-40.5141 -9.0929)
1815388076,8b8a2eac-71f9-382d-ad9d-49a6f8e04e23,-40.5141,-9.0929,2026-04-24 22:10:00+00:00,2026-04-24,GOES-19,PETROLINA,PERNAMBUCO,Brasil,,,,Caatinga,33,26,2611101,8,,217_066,69.7,POINT(-40.5141 -9.0929)
1815388054,a22b079c-ca06-3a72-bf58-81547b2769ae,-48.954,-20.6746,2026-04-24 22:10:00+00:00,2026-04-24,GOES-19,OLÍMPIA,SÃO PAULO,Brasil,,,,Mata Atlântica,33,35,3533908,8,,221_074,62.5,POINT(-48.954 -20.6746)
1815388165,f95d561e-9de7-3181-87f9-00954b7ba628,-40.5141,-9.0929,2026-04-24 22:30:00+00:00,2026-04-24,GOES-19,PETROLINA,PERNAMBUCO,Brasil,,,,Caatinga,33,26,2611101,8,,217_066,63.2,POINT(-40.5141 -9.0929)
1815390031,0904c12c-85b9-361b-8175-c8f3cfec2800,-43.8112,-20.4184,2026-04-24 22:50:00+00:00,2026-04-24,GOES-19,OURO PRETO,MINAS GERAIS,Brasil,,,,Mata Atlântica,33,31,3146107,8,,218_074,70.1,POINT(-43.8112 -20.4184)
1815390325,bf078d25-4c88-32f1-bd4d-8ab0c38bce1f,-43.8168,-20.3977,2026-04-24 23:00:00+00:00,2026-04-24,GOES-19,OURO PRETO,MINAS GERAIS,Brasil,,,,Mata Atlântica,33,31,3146107,8,,218_074,71.5,POINT(-43.8168 -20.3977)
1815392016,03da4dbd-312a-39c9-9edb-a04ee04fae6f,-43.8112,-20.4184,2026-04-24 23:00:00+00:00,2026-04-24,GOES-19,OURO PRETO,MINAS GERAIS,Brasil,,,,Mata Atlântica,33,31,3146107,8,,218_074,76.0,POINT(-43.8112 -20.4184)
1815392854,e0e30c39-ddb5-3b58-a641-89adf13a06bd,-43.8112,-20.4184,2026-04-24 23:10:00+00:00,2026-04-24,GOES-19,OURO PRETO,MINAS GERAIS,Brasil,,,,Mata Atlântica,33,31,3146107,8,,218_074,54.4,POINT(-43.8112 -20.4184)
