id_foco_bdq,foco_id,longitude,latitude,data_hora_gmt,data_pas,satelite,municipio,estado,pais,precipitacao,numero_dias_sem_chuva,risco_fogo,bioma,id_0,id_1,id_2,continente_id,vegetacao,grade_wrs,frp,geometry_wkt
1814787894,7982e767-5637-3034-a5d7-14c9208e9b2b,-56.1469,-21.455601,2026-04-20 00:55:00+00:00,2026-04-20,METOP-B,JARDIM,MATO GROSSO DO SUL,Brasil,4.51,2.0,0.45,Cerrado,33,50,5005004,8,Pastagens e gramíneas,225_075,,POINT(-56.1469 -21.455601)
1814788206,64994e83-4e7d-38ad-9d7d-a427f7eb6812,-51.623199,-23.706699,2026-04-20 01:28:00+00:00,2026-04-20,METOP-C,MARUMBI,PARANÁ,Brasil,0.0,6.0,0.43,Mata Atlântica,33,41,4115507,8,Agricultura e diversos,222_076,,POINT(-51.623199 -23.706699)
1814788144,152efe1f-21fa-34ee-b0ad-f48ec70bf22c,-51.6314,-23.7023,2026-04-20 02:00:00+00:00,2026-04-20,GOES-19,MARUMBI,PARANÁ,Brasil,0.0,6.0,0.47,Mata Atlântica,33,41,4115507,8,Agricultura e diversos,222_076,65.1,POINT(-51.6314 -23.7023)
1814792096,82f706e2-e923-3756-a491-bb72751025be,-38.44884,-9.94318,2026-04-20 03:13:00+00:00,2026-04-20,NOAA-21,JEREMOABO,BAHIA,Brasil,0.0,0.0,0.66,Caatinga,33,29,2918100,8,Savana arbórea; Caatinga fechada,216_067,1.8,POINT(-38.44884 -9.94318)
1814792326,216f23b5-d139-321c-8743-2fce5779204c,-37.47605,-9.79729,2026-04-20 03:13:00+00:00,2026-04-20,NOAA-21,PORTO DA FOLHA,SERGIPE,Brasil,0.62,0.0,0.74,Caatinga,33,28,2805604,8,Savana; Caatinga aberta,215_067,1.9,POINT(-37.47605 -9.79729)
1814790859,f6f87812-efd9-3d4e-aa11-cbb18f1ba685,-38.44487,-9.94394,2026-04-20 03:13:00+00:00,2026-04-20,NOAA-21,JEREMOABO,BAHIA,Brasil,0.0,0.0,0.66,Caatinga,33,29,2918100,8,Savana arbórea; Caatinga fechada,216_067,1.8,POINT(-38.44487 -9.94394)
1814792401,73caa93d-a9b6-3897-a6df-816a62d121a7,-37.46906,-9.7986,2026-04-20 03:13:00+00:00,2026-04-20,NOAA-21,PORTO DA FOLHA,SERGIPE,Brasil,0.49,0.0,0.81,Caatinga,33,28,2805604,8,Agricultura e diversos,215_067,1.6,POINT(-37.46906 -9.7986)
1814791580,9824e382-cbf3-30ef-b44a-d557e8769d2a,-37.47351,-9.80338,2026-04-20 03:13:00+00:00,2026-04-20,NOAA-21,PORTO DA FOLHA,SERGIPE,Brasil,0.57,0.0,0.95,Caatinga,33,28,2805604,8,Pastagens e gramíneas,215_067,0.7,POINT(-37.47351 -9.80338)
1814791790,8c6c5efa-916e-37ad-9d89-bedc3b4e55d2,-37.47701,-9.80272,2026-04-20 03:13:00+00:00,2026-04-20,NOAA-21,PORTO DA FOLHA,SERGIPE,Brasil,0.64,0.0,0.92,Caatinga,33,28,2805604,8,Pastagens e gramíneas,215_067,0.7,POINT(-37.47701 -9.80272)
1814790994,aa4c22d2-ef8b-3e5c-8992-8cb7cbcfa914,-37.4725,-9.79795,2026-04-20 03:13:00+00:00,2026-04-20,NOAA-21,PORTO DA FOLHA,SERGIPE,Brasil,0.55,0.0,0.77,Caatinga,33,28,2805604,8,Savana; Caatinga aberta,215_067,1.9,POINT(-37.4725 -9.79795)
1814792386,cce6c72a-7c99-341f-ba01-49b4f13cd666,-42.66135,-17.25104,2026-04-20 03:15:00+00:00,2026-04-20,NOAA-21,MINAS NOVAS,MINAS GERAIS,Brasil,2.26,7.0,0.05,Cerrado,33,31,3141801,8,Florestas decíduas e sazonais,217_072,17.5,POINT(-42.66135 -17.25104)
1814790931,30fe434e-7805-3bc9-a8ec-a788a014d13e,-42.66765,-17.24959,2026-04-20 03:15:00+00:00,2026-04-20,NOAA-21,MINAS NOVAS,MINAS GERAIS,Brasil,2.33,7.0,0.08,Cerrado,33,31,3141801,8,Savana arbórea; Caatinga fechada,217_072,17.5,POINT(-42.66765 -17.24959)
1814792131,2bee6f24-1498-326a-9128-f13c641d9494,-42.67288,-17.24921,2026-04-20 03:15:00+00:00,2026-04-20,NOAA-21,MINAS NOVAS,MINAS GERAIS,Brasil,2.39,7.0,0.09,Cerrado,33,31,3141801,8,Savana arbórea; Caatinga fechada,217_072,11.5,POINT(-42.67288 -17.24921)
1814791502,dd6be851-7833-37f3-accb-e6ff82b8e8a5,-42.66441,-17.24427,2026-04-20 03:15:00+00:00,2026-04-20,NOAA-21,MINAS NOVAS,MINAS GERAIS,Brasil,2.35,7.0,0.07,Cerrado,33,31,3141801,8,Floresta de contato; Campinarana,217_072,11.5,POINT(-42.66441 -17.24427)
1814792496,fbc8831b-3f38-3a2b-81d0-8e40cc5eea80,-42.66614,-17.25071,2026-04-20 03:15:00+00:00,2026-04-20,NOAA-21,MINAS NOVAS,MINAS GERAIS,Brasil,2.31,7.0,0.07,Cerrado,33,31,3141801,8,Floresta de contato; Campinarana,217_072,11.5,POINT(-42.66614 -17.25071)
1814790927,aede9d2b-baab-381e-ad02-093c68f4c369,-43.08075,-22.48422,2026-04-20 03:17:00+00:00,2026-04-20,NOAA-21,PETRÓPOLIS,RIO DE JANEIRO,Brasil,0.0,-999.0,0.17,Mata Atlântica,33,33,3303906,8,Floresta Ombrófila densa,217_076,1.0,POINT(-43.08075 -22.48422)
1814791518,0a5339ea-66ae-37e7-b375-623e21987b9b,-43.07075,-22.49291,2026-04-20 03:17:00+00:00,2026-04-20,NOAA-21,MAGÉ,RIO DE JANEIRO,Brasil,0.0,-999.0,0.18,Mata Atlântica,33,33,3302502,8,Floresta Ombrófila densa,217_076,1.4,POINT(-43.07075 -22.49291)
1814791260,de0896d6-ec94-37f1-a5e2-ffc3e5594461,-43.07393,-22.49334,2026-04-20 03:17:00+00:00,2026-04-20,NOAA-21,MAGÉ,RIO DE JANEIRO,Brasil,0.0,-999.0,0.18,Mata Atlântica,33,33,3302502,8,Floresta Ombrófila densa,217_076,1.5,POINT(-43.07393 -22.49334)
1814791457,0e2211ec-d763-3b70-bdab-42cadbdb4326,-45.01762,-19.84167,2026-04-20 03:17:00+00:00,2026-04-20,NOAA-21,NOVA SERRANA,MINAS GERAIS,Brasil,1.27,2.0,0.34,Cerrado,33,31,3145208,8,Floresta de contato; Campinarana,219_074,11.8,POINT(-45.01762 -19.84167)
1814792738,4954fd2e-c479-315d-8e78-4492c8efb58d,-43.07902,-22.49212,2026-04-20 03:17:00+00:00,2026-04-20,NOAA-21,PETRÓPOLIS,RIO DE JANEIRO,Brasil,0.0,-999.0,0.17,Mata Atlântica,33,33,3303906,8,Floresta Ombrófila densa,217_076,1.5,POINT(-43.07902 -22.49212)
1814791479,e658e4b0-02d0-3e06-990e-4a1d2ebfb515,-43.07571,-22.49175,2026-04-20 03:17:00+00:00,2026-04-20,NOAA-21,MAGÉ,RIO DE JANEIRO,Brasil,0.0,-999.0,0.17,Mata Atlântica,33,33,3302502,8,Floresta Ombrófila densa,217_076,3.5,POINT(-43.07571 -22.49175)
1814791674,65bfadba-20a4-35ea-842b-2c5051595562,-43.07724,-22.48619,2026-04-20 03:17:00+00:00,2026-04-20,NOAA-21,PETRÓPOLIS,RIO DE JANEIRO,Brasil,0.0,-999.0,0.17,Mata Atlântica,33,33,3303906,8,Floresta Ombrófila densa,217_076,1.5,POINT(-43.07724 -22.48619)
1814791657,eca5cef0-a81c-39cd-8499-8faf709e5502,-45.01832,-19.84467,2026-04-20 03:17:00+00:00,2026-04-20,NOAA-21,NOVA SERRANA,MINAS GERAIS,Brasil,1.3,2.0,0.11,Cerrado,33,31,3145208,8,Florestas decíduas e sazonais,219_074,15.7,POINT(-45.01832 -19.84467)
1814795179,4dd5c1c8-8670-3dfd-8b18-3ed4741c498e,-37.47339,-9.80591,2026-04-20 03:45:00+00:00,2026-04-20,NPP-375D,PORTO DA FOLHA,SERGIPE,Brasil,0.57,0.0,1.0,Caatinga,33,28,2805604,8,Pastagens e gramíneas,215_067,0.8,POINT(-37.47339 -9.80591)
1814794637,5bc11ca3-40e9-3d68-b86c-92eae9cae922,-38.44468,-9.94718,2026-04-20 03:45:00+00:00,2026-04-20,NPP-375D,JEREMOABO,BAHIA,Brasil,0.0,0.0,0.67,Caatinga,33,29,2918100,8,Savana arbórea; Caatinga fechada,216_067,3.7,POINT(-38.44468 -9.94718)
1814795226,ea6463e3-0455-372d-abbe-0de47bf6b0af,-37.47216,-9.79874,2026-04-20 03:45:00+00:00,2026-04-20,NPP-375D,PORTO DA FOLHA,SERGIPE,Brasil,0.55,0.0,0.8,Caatinga,33,28,2805604,8,Agricultura e diversos,215_067,2.0,POINT(-37.47216 -9.79874)
1814794799,b30dcdd5-eced-3df6-9ad9-7b99382febe8,-37.4769,-9.80163,2026-04-20 03:45:00+00:00,2026-04-20,NPP-375D,PORTO DA FOLHA,SERGIPE,Brasil,0.64,0.0,0.89,Caatinga,33,28,2805604,8,Agricultura e diversos,215_067,2.0,POINT(-37.4769 -9.80163)
1814794379,514b5c16-7234-3e6f-9704-5117fbd18d23,-37.46866,-9.80301,2026-04-20 03:45:00+00:00,2026-04-20,NPP-375D,PORTO DA FOLHA,SERGIPE,Brasil,0.49,0.0,0.94,Caatinga,33,28,2805604,8,Pastagens e gramíneas,215_067,0.5,POINT(-37.46866 -9.80301)
1814796050,4fa67fe9-a92d-316d-9d2d-7fc3b9b347d8,-37.04403,-9.66803,2026-04-20 03:45:00+00:00,2026-04-20,NPP-375D,JARAMATAIA,ALAGOAS,Brasil,1.07,4.0,0.84,Caatinga,33,27,2703700,8,Agricultura e diversos,215_067,0.6,POINT(-37.04403 -9.66803)
1814794093,d0663a57-f7ec-3a7e-afbd-b152a8b6177e,-37.47277,-9.80232,2026-04-20 03:45:00+00:00,2026-04-20,NPP-375D,PORTO DA FOLHA,SERGIPE,Brasil,0.56,0.0,0.91,Caatinga,33,28,2805604,8,Pastagens e gramíneas,215_067,2.0,POINT(-37.47277 -9.80232)
1814795282,beb16cf0-eec8-31ea-8b3c-1841f6e4708f,-38.44922,-9.9464,2026-04-20 03:45:00+00:00,2026-04-20,NPP-375D,JEREMOABO,BAHIA,Brasil,0.0,0.0,0.66,Caatinga,33,29,2918100,8,Savana arbórea; Caatinga fechada,216_067,2.6,POINT(-38.44922 -9.9464)
1814794708,0960cfc0-db83-34ea-9430-f3f13b30a394,-37.47751,-9.80522,2026-04-20 03:45:00+00:00,2026-04-20,NPP-375D,PORTO DA FOLHA,SERGIPE,Brasil,0.65,0.0,1.0,Caatinga,33,28,2805604,8,Pastagens e gramíneas,215_067,0.8,POINT(-37.47751 -9.80522)
1814796015,d85482d6-62b6-3c2b-9e21-1ba5e8677c25,-37.84391,-11.61164,2026-04-20 03:45:00+00:00,2026-04-20,NPP-375D,RIO REAL,BAHIA,Brasil,0.74,5.0,0.79,Mata Atlântica,33,29,2927002,8,Agricultura e diversos,215_068,1.0,POINT(-37.84391 -11.61164)
1814796241,d7d4bc5f-9243-3134-b8c4-8d25a1461aaf,-37.46806,-9.79942,2026-04-20 03:45:00+00:00,2026-04-20,NPP-375D,PORTO DA FOLHA,SERGIPE,Brasil,0.48,0.0,0.85,Caatinga,33,28,2805604,8,Agricultura e diversos,215_067,0.5,POINT(-37.46806 -9.79942)
1814796186,087068cf-e2f6-3d12-a8fd-6b3843b28eca,-37.4763,-9.79804,2026-04-20 03:45:00+00:00,2026-04-20,NPP-375D,PORTO DA FOLHA,SERGIPE,Brasil,0.63,0.0,0.77,Caatinga,33,28,2805604,8,Savana; Caatinga aberta,215_067,2.0,POINT(-37.4763 -9.79804)
1814794218,54f9a7af-a0c8-304b-a551-bab25ddddff4,-46.83584,-17.16658,2026-04-20 03:47:00+00:00,2026-04-20,NPP-375D,PARACATU,MINAS GERAIS,Brasil,0.0,10.0,1.0,Cerrado,33,31,3147006,8,Pastagens e gramíneas,220_072,3.8,POINT(-46.83584 -17.16658)
1814796586,d9819b0e-c7dc-3786-937c-1f628d59be32,-43.07225,-22.49025,2026-04-20 03:47:00+00:00,2026-04-20,NPP-375D,MAGÉ,RIO DE JANEIRO,Brasil,0.0,-999.0,0.18,Mata Atlântica,33,33,3302502,8,Floresta Ombrófila densa,217_076,0.6,POINT(-43.07225 -22.49025)
1814795625,5c49b6ee-d8e1-3ec4-bbc1-d7a9631078e3,-42.66822,-17.2515,2026-04-20 03:47:00+00:00,2026-04-20,NPP-375D,MINAS NOVAS,MINAS GERAIS,Brasil,2.32,7.0,0.08,Cerrado,33,31,3141801,8,Savana arbórea; Caatinga fechada,217_072,9.4,POINT(-42.66822 -17.2515)
1814794575,e2dbd12a-34ac-346b-8e91-db9f322373d7,-43.07359,-22.49422,2026-04-20 03:47:00+00:00,2026-04-20,NPP-375D,MAGÉ,RIO DE JANEIRO,Brasil,0.0,-999.0,0.18,Mata Atlântica,33,33,3302502,8,Floresta Ombrófila densa,217_076,0.8,POINT(-43.07359 -22.49422)
1814795150,3a672b39-9e7a-393f-83a4-67604d808fdb,-37.83029,-11.96486,2026-04-20 03:47:00+00:00,2026-04-20,NPP-375D,ESPLANADA,BAHIA,Brasil,2.81,-999.0,0.09,Mata Atlântica,33,29,2910602,8,Floresta Ombrófila densa,215_068,0.9,POINT(-37.83029 -11.96486)
1814795848,31a34e32-827f-3db6-ab14-572f467072a6,-44.44349,-13.63289,2026-04-20 03:47:00+00:00,2026-04-20,NPP-375D,CORIBE,BAHIA,Brasil,0.0,9.0,0.52,Cerrado,33,29,2909109,8,Savana arbórea; Caatinga fechada,219_069,2.3,POINT(-44.44349 -13.63289)
1814794410,d7d4da33-35ff-36fc-afa7-696a02c499fc,-44.03339,-13.47049,2026-04-20 03:47:00+00:00,2026-04-20,NPP-375D,SÃO FÉLIX DO CORIBE,BAHIA,Brasil,0.0,3.0,0.4,Cerrado,33,29,2929057,8,Savana arbórea; Caatinga fechada,219_069,3.4,POINT(-44.03339 -13.47049)
1814795027,d3ccb9f0-f458-3ac0-98a9-fa14e0eb9735,-42.66725,-17.24717,2026-04-20 03:47:00+00:00,2026-04-20,NPP-375D,MINAS NOVAS,MINAS GERAIS,Brasil,2.35,7.0,0.08,Cerrado,33,31,3141801,8,Savana arbórea; Caatinga fechada,217_072,9.4,POINT(-42.66725 -17.24717)
1814794119,e976ada1-3979-38e2-98fb-3e33280e1907,-43.07563,-22.48538,2026-04-20 03:47:00+00:00,2026-04-20,NPP-375D,PETRÓPOLIS,RIO DE JANEIRO,Brasil,0.0,-999.0,0.17,Mata Atlântica,33,33,3303906,8,Floresta Ombrófila densa,217_076,0.7,POINT(-43.07563 -22.48538)
1814795303,cb83cacb-a16b-324a-bf53-6b8ce3fd2de8,-42.66267,-17.24804,2026-04-20 03:47:00+00:00,2026-04-20,NPP-375D,MINAS NOVAS,MINAS GERAIS,Brasil,2.3,7.0,0.05,Cerrado,33,31,3141801,8,Florestas decíduas e sazonais,217_072,9.7,POINT(-42.66267 -17.24804)
1814794760,0bbf76d9-0792-369c-ae5f-2dd8bb6df4aa,-44.03035,-13.47109,2026-04-20 03:47:00+00:00,2026-04-20,NPP-375D,SÃO FÉLIX DO CORIBE,BAHIA,Brasil,0.0,3.0,0.4,Cerrado,33,29,2929057,8,Savana arbórea; Caatinga fechada,219_069,3.4,POINT(-44.03035 -13.47109)
1814796051,05d92c7b-263b-39c8-af01-26a120fe3cd9,-46.83199,-17.1674,2026-04-20 03:47:00+00:00,2026-04-20,NPP-375D,PARACATU,MINAS GERAIS,Brasil,0.0,10.0,1.0,Cerrado,33,31,3147006,8,Pastagens e gramíneas,220_072,3.8,POINT(-46.83199 -17.1674)
1814793682,12d0a939-3adc-35dc-b1eb-445abc941e2b,-43.07747,-22.49347,2026-04-20 03:47:00+00:00,2026-04-20,NPP-375D,PETRÓPOLIS,RIO DE JANEIRO,Brasil,0.0,-999.0,0.17,Mata Atlântica,33,33,3303906,8,Floresta Ombrófila densa,217_076,0.4,POINT(-43.07747 -22.49347)
1814796276,4fb715fb-763f-399f-88e4-75cfde3c9483,-42.66359,-17.25238,2026-04-20 03:47:00+00:00,2026-04-20,NPP-375D,MINAS NOVAS,MINAS GERAIS,Brasil,2.26,7.0,0.06,Cerrado,33,31,3141801,8,Floresta de contato; Campinarana,217_072,9.7,POINT(-42.66359 -17.25238)
1814794939,168e88c5-4c46-3446-af14-a26d1e2ecf81,-43.07626,-22.48948,2026-04-20 03:47:00+00:00,2026-04-20,NPP-375D,MAGÉ,RIO DE JANEIRO,Brasil,0.0,-999.0,0.17,Mata Atlântica,33,33,3302502,8,Floresta Ombrófila densa,217_076,0.7,POINT(-43.07626 -22.48948)
1814795508,3b043067-d781-34d6-ac4e-765b461d4ab8,-46.11139,-21.96087,2026-04-20 03:47:00+00:00,2026-04-20,NPP-375D,IPUIÚNA,MINAS GERAIS,Brasil,0.0,2.0,0.29,Mata Atlântica,33,31,3131505,8,Florestas decíduas e sazonais,219_075,3.9,POINT(-46.11139 -21.96087)
1814796189,73183ed1-f205-3fd3-8a2d-19f6e22f4480,-44.03129,-13.47619,2026-04-20 03:47:00+00:00,2026-04-20,NPP-375D,SÃO FÉLIX DO CORIBE,BAHIA,Brasil,0.0,4.0,0.41,Cerrado,33,29,2929057,8,Savana; Caatinga aberta,219_069,0.7,POINT(-44.03129 -13.47619)
1814794194,d0646f48-373d-32d4-b94a-e81b029c08d0,-37.83723,-11.95638,2026-04-20 03:47:00+00:00,2026-04-20,NPP-375D,ESPLANADA,BAHIA,Brasil,2.86,-999.0,0.08,Mata Atlântica,33,29,2910602,8,Floresta Ombrófila densa,215_068,0.9,POINT(-37.83723 -11.95638)
1814794910,458c392b-89e0-3616-94f2-591801929b83,-43.06978,-22.49495,2026-04-20 03:47:00+00:00,2026-04-20,NPP-375D,MAGÉ,RIO DE JANEIRO,Brasil,0.0,-999.0,0.18,Mata Atlântica,33,33,3302502,8,Florestas decíduas e sazonais,217_076,0.8,POINT(-43.06978 -22.49495)
1814794745,a85d5886-a16e-38cc-bd97-e6b0e3e8a7f2,-44.03436,-13.47559,2026-04-20 03:47:00+00:00,2026-04-20,NPP-375D,SÃO FÉLIX DO CORIBE,BAHIA,Brasil,0.0,4.0,0.42,Cerrado,33,29,2929057,8,Savana; Caatinga aberta,219_069,0.7,POINT(-44.03436 -13.47559)
1814795164,a925ac0b-d263-3773-a2e6-e81f8cdcabbd,-51.22679,-24.17378,2026-04-20 03:49:00+00:00,2026-04-20,NPP-375D,ORTIGUEIRA,PARANÁ,Brasil,0.0,3.0,0.11,Mata Atlântica,33,41,4117305,8,Floresta Ombrófila densa,222_077,2.3,POINT(-51.22679 -24.17378)
1814793945,edb74e14-8198-319d-9c1d-8454767d0059,-45.02027,-19.84283,2026-04-20 03:49:00+00:00,2026-04-20,NPP-375D,NOVA SERRANA,MINAS GERAIS,Brasil,1.27,2.0,0.28,Cerrado,33,31,3145208,8,Floresta de contato; Campinarana,219_074,15.6,POINT(-45.02027 -19.84283)
1814796444,fd306e4d-0006-3490-9165-72aef80c9756,-45.01467,-19.84397,2026-04-20 03:49:00+00:00,2026-04-20,NPP-375D,NOVA SERRANA,MINAS GERAIS,Brasil,1.29,2.0,0.16,Cerrado,33,31,3145208,8,Florestas decíduas e sazonais,219_074,6.8,POINT(-45.01467 -19.84397)
1814796129,fc7399a0-7486-322d-a769-5f290eeb4bd1,-51.23223,-24.17241,2026-04-20 03:49:00+00:00,2026-04-20,NPP-375D,ORTIGUEIRA,PARANÁ,Brasil,0.0,3.0,0.11,Mata Atlântica,33,41,4117305,8,Floresta Ombrófila densa,222_077,4.7,POINT(-51.23223 -24.17241)
1814793938,a9bf761e-812e-33c7-bc18-e0f01c5a3e68,-49.40011,-25.1775,2026-04-20 03:49:00+00:00,2026-04-20,NPP-375D,ITAPERUÇU,PARANÁ,Brasil,0.0,3.0,0.29,Mata Atlântica,33,41,4111258,8,Floresta Ombrófila densa,221_077,3.1,POINT(-49.40011 -25.1775)
1814795221,7837714d-5160-3da4-83bd-a63c1db01cb3,-49.97492,-27.75662,2026-04-20 03:49:00+00:00,2026-04-20,NPP-375D,BOCAINA DO SUL,SANTA CATARINA,Brasil,0.0,3.0,0.17,Mata Atlântica,33,42,4202438,8,Floresta Ombrófila densa,220_079,2.0,POINT(-49.97492 -27.75662)
1814793837,b6524403-9359-37af-b676-cfb14bddf18a,-37.47805,-9.80334,2026-04-20 04:04:00+00:00,2026-04-20,NOAA-20,PORTO DA FOLHA,SERGIPE,Brasil,0.66,0.0,0.94,Caatinga,33,28,2805604,8,Pastagens e gramíneas,215_067,0.7,POINT(-37.47805 -9.80334)
1814794717,16fec99e-1633-3e91-abe4-5af2388c6040,-37.04371,-9.66583,2026-04-20 04:04:00+00:00,2026-04-20,NOAA-20,JARAMATAIA,ALAGOAS,Brasil,1.02,4.0,0.85,Caatinga,33,27,2703700,8,Agricultura e diversos,215_067,0.4,POINT(-37.04371 -9.66583)
1814793825,8861d268-1ae8-3a6e-8348-a8c71f76237c,-37.4775,-9.79972,2026-04-20 04:04:00+00:00,2026-04-20,NOAA-20,PORTO DA FOLHA,SERGIPE,Brasil,0.65,0.0,0.82,Caatinga,33,28,2805604,8,Agricultura e diversos,215_067,1.2,POINT(-37.4775 -9.79972)
1814793905,9757a5bf-d39a-3df1-8e44-af3916c8d031,-37.47382,-9.80398,2026-04-20 04:04:00+00:00,2026-04-20,NOAA-20,PORTO DA FOLHA,SERGIPE,Brasil,0.58,0.0,0.97,Caatinga,33,28,2805604,8,Pastagens e gramíneas,215_067,1.9,POINT(-37.47382 -9.80398)
1814793818,6037f52a-73dd-3684-b4bc-69363996ec4a,-38.44186,-9.94674,2026-04-20 04:04:00+00:00,2026-04-20,NOAA-20,JEREMOABO,BAHIA,Brasil,0.0,0.0,0.67,Caatinga,33,29,2918100,8,Savana arbórea; Caatinga fechada,216_067,1.0,POINT(-38.44186 -9.94674)
1814795290,1bff8c8f-6779-3c20-be01-ae830cb2a160,-38.44574,-9.94615,2026-04-20 04:04:00+00:00,2026-04-20,NOAA-20,JEREMOABO,BAHIA,Brasil,0.0,0.0,0.66,Caatinga,33,29,2918100,8,Savana arbórea; Caatinga fechada,216_067,5.8,POINT(-38.44574 -9.94615)
1814795339,727481e6-32c8-33d9-b223-ebe95e6e8ff1,-37.46847,-9.79738,2026-04-20 04:04:00+00:00,2026-04-20,NOAA-20,PORTO DA FOLHA,SERGIPE,Brasil,0.49,0.0,0.79,Caatinga,33,28,2805604,8,Agricultura e diversos,215_067,1.4,POINT(-37.46847 -9.79738)
1814794740,1aee4d56-ce9b-3559-8c98-118596a691b4,-37.47327,-9.80036,2026-04-20 04:04:00+00:00,2026-04-20,NOAA-20,PORTO DA FOLHA,SERGIPE,Brasil,0.57,0.0,0.85,Caatinga,33,28,2805604,8,Agricultura e diversos,215_067,1.4,POINT(-37.47327 -9.80036)
1814796224,b277fae4-4536-3d6b-82e8-58837386af28,-37.46901,-9.801,2026-04-20 04:04:00+00:00,2026-04-20,NOAA-20,PORTO DA FOLHA,SERGIPE,Brasil,0.49,0.0,0.88,Caatinga,33,28,2805604,8,Agricultura e diversos,215_067,1.4,POINT(-37.46901 -9.801)
1814794492,b252147e-892e-3fc8-9a23-e309de236315,-37.47272,-9.79673,2026-04-20 04:04:00+00:00,2026-04-20,NOAA-20,PORTO DA FOLHA,SERGIPE,Brasil,0.56,0.0,0.73,Caatinga,33,28,2805604,8,Savana; Caatinga aberta,215_067,1.4,POINT(-37.47272 -9.79673)
1814794694,33ededc6-817e-3df3-9433-a8b84818f2f2,-44.44403,-13.63369,2026-04-20 04:06:00+00:00,2026-04-20,NOAA-20,CORIBE,BAHIA,Brasil,0.0,9.0,0.52,Cerrado,33,29,2909109,8,Savana arbórea; Caatinga fechada,219_069,3.3,POINT(-44.44403 -13.63369)
1814795235,e8496cb8-0c67-3d95-97a0-b708f53f46f0,-44.0285,-13.47213,2026-04-20 04:06:00+00:00,2026-04-20,NOAA-20,SÃO FÉLIX DO CORIBE,BAHIA,Brasil,0.0,3.0,0.4,Cerrado,33,29,2929057,8,Savana arbórea; Caatinga fechada,219_069,6.3,POINT(-44.0285 -13.47213)
1814795126,7faf4be9-9e65-35e9-a987-c3d663441aba,-42.66417,-17.24697,2026-04-20 04:06:00+00:00,2026-04-20,NOAA-20,MINAS NOVAS,MINAS GERAIS,Brasil,2.32,7.0,0.06,Cerrado,33,31,3141801,8,Floresta de contato; Campinarana,217_072,13.3,POINT(-42.66417 -17.24697)
1814794997,a8627418-96bd-30dc-8335-7c24a70cf233,-42.66474,-17.25028,2026-04-20 04:06:00+00:00,2026-04-20,NOAA-20,MINAS NOVAS,MINAS GERAIS,Brasil,2.3,7.0,0.06,Cerrado,33,31,3141801,8,Floresta de contato; Campinarana,217_072,13.3,POINT(-42.66474 -17.25028)
1814795732,0ee83315-764f-3926-9fee-58f063e5e1e3,-42.66057,-17.24754,2026-04-20 04:06:00+00:00,2026-04-20,NOAA-20,MINAS NOVAS,MINAS GERAIS,Brasil,2.28,7.0,0.04,Cerrado,33,31,3141801,8,Florestas decíduas e sazonais,217_072,13.3,POINT(-42.66057 -17.24754)
1814795836,9f1b8747-1e1c-3683-b1ff-d986a251a971,-44.03245,-13.47146,2026-04-20 04:06:00+00:00,2026-04-20,NOAA-20,SÃO FÉLIX DO CORIBE,BAHIA,Brasil,0.0,3.0,0.4,Cerrado,33,29,2929057,8,Savana arbórea; Caatinga fechada,219_069,5.9,POINT(-44.03245 -13.47146)
1814795388,d6e6ba2c-5761-3a4b-8551-542d2bd7562a,-46.83789,-17.16631,2026-04-20 04:06:00+00:00,2026-04-20,NOAA-20,PARACATU,MINAS GERAIS,Brasil,0.0,10.0,1.0,Cerrado,33,31,3147006,8,Pastagens e gramíneas,220_072,9.7,POINT(-46.83789 -17.16631)
1814796358,1d45652f-3624-33c0-8ef7-ab5d89398aae,-46.93334,-14.552,2026-04-20 04:06:00+00:00,2026-04-20,NOAA-20,FLORES DE GOIÁS,GOIÁS,Brasil,0.0,9.0,0.72,Cerrado,33,52,5207907,8,Agricultura e diversos,221_070,1.8,POINT(-46.93334 -14.552)
1814795476,867f030b-6144-3b6e-b5f1-33656a28be39,-44.02792,-13.46864,2026-04-20 04:06:00+00:00,2026-04-20,NOAA-20,SÃO FÉLIX DO CORIBE,BAHIA,Brasil,0.0,3.0,0.39,Cerrado,33,29,2929057,8,Savana arbórea; Caatinga fechada,219_069,0.5,POINT(-44.02792 -13.46864)
1814794121,9f2d3de6-a6d0-3cbf-92ec-f04c69874f62,-46.83308,-17.16718,2026-04-20 04:06:00+00:00,2026-04-20,NOAA-20,PARACATU,MINAS GERAIS,Brasil,0.0,10.0,1.0,Cerrado,33,31,3147006,8,Pastagens e gramíneas,220_072,9.7,POINT(-46.83308 -17.16718)
1814795147,3e9f0401-25a5-3ba0-b836-9f07c9d7f8d9,-53.36132,-19.39947,2026-04-20 04:08:00+00:00,2026-04-20,NOAA-20,PARAÍSO DAS ÁGUAS,MATO GROSSO DO SUL,Brasil,0.0,2.0,0.95,Cerrado,33,50,5006275,8,Pastagens e gramíneas,224_073,0.9,POINT(-53.36132 -19.39947)
1814795618,08ebc8a8-5f86-32fd-8041-b3dee0eabd35,-51.23056,-24.17467,2026-04-20 04:08:00+00:00,2026-04-20,NOAA-20,ORTIGUEIRA,PARANÁ,Brasil,0.0,3.0,0.11,Mata Atlântica,33,41,4117305,8,Floresta Ombrófila densa,222_077,6.9,POINT(-51.23056 -24.17467)
1814796814,ab244e17-885b-3e2d-b393-d6fd63d89975,-49.39911,-25.17509,2026-04-20 04:08:00+00:00,2026-04-20,NOAA-20,RIO BRANCO DO SUL,PARANÁ,Brasil,0.0,3.0,0.29,Mata Atlântica,33,41,4122206,8,Floresta Ombrófila densa,221_077,2.5,POINT(-49.39911 -25.17509)
1814794741,9413d96b-1583-37e5-ba52-cb42e4cfe441,-48.00294,-23.64803,2026-04-20 04:08:00+00:00,2026-04-20,NOAA-20,ITAPETININGA,SÃO PAULO,Brasil,0.0,7.0,0.67,Cerrado,33,35,3522307,8,Savana; Caatinga aberta,220_076,1.0,POINT(-48.00294 -23.64803)
1814794854,e331bd23-1d31-3ad6-a53b-dfa6fc0a8f39,-46.10846,-21.96055,2026-04-20 04:08:00+00:00,2026-04-20,NOAA-20,IPUIÚNA,MINAS GERAIS,Brasil,0.0,1.0,0.16,Mata Atlântica,33,31,3131505,8,Floresta Ombrófila densa,219_075,4.4,POINT(-46.10846 -21.96055)
1814796542,7687b2ea-76b0-3c98-9dd0-f08339987e7f,-43.07593,-22.49194,2026-04-20 04:08:00+00:00,2026-04-20,NOAA-20,MAGÉ,RIO DE JANEIRO,Brasil,0.0,-999.0,0.17,Mata Atlântica,33,33,3302502,8,Floresta Ombrófila densa,217_076,0.4,POINT(-43.07593 -22.49194)
1814796178,a174ed81-00b9-3e97-9624-4bfe62b841ea,-51.22937,-24.17031,2026-04-20 04:08:00+00:00,2026-04-20,NOAA-20,ORTIGUEIRA,PARANÁ,Brasil,0.0,3.0,0.11,Mata Atlântica,33,41,4117305,8,Floresta Ombrófila densa,222_077,2.5,POINT(-51.22937 -24.17031)
1814796827,02ad4d9b-82f2-384a-9232-3676a0785e49,-51.22482,-24.17125,2026-04-20 04:08:00+00:00,2026-04-20,NOAA-20,ORTIGUEIRA,PARANÁ,Brasil,0.0,3.0,0.11,Mata Atlântica,33,41,4117305,8,Floresta Ombrófila densa,222_077,2.0,POINT(-51.22482 -24.17125)
1814796405,067ceef0-02fe-3fb2-b607-e702e2c86a2a,-47.44795,-23.54731,2026-04-20 04:08:00+00:00,2026-04-20,NOAA-20,VOTORANTIM,SÃO PAULO,Brasil,0.0,2.0,-999.0,Mata Atlântica,33,35,3557006,8,Corpos agua/Solos expostos/Mineracao/Areas urbanas e construidas/neve e gelo,220_076,0.6,POINT(-47.44795 -23.54731)
1814794681,c54de858-218f-317c-90c1-2c76ae3d1c97,-53.36005,-19.39397,2026-04-20 04:08:00+00:00,2026-04-20,NOAA-20,PARAÍSO DAS ÁGUAS,MATO GROSSO DO SUL,Brasil,0.0,2.0,1.0,Cerrado,33,50,5006275,8,Pastagens e gramíneas,224_073,0.9,POINT(-53.36005 -19.39397)
1814793999,e95d2c49-30c5-3c64-b415-9a6972279b59,-43.07103,-22.48587,2026-04-20 04:08:00+00:00,2026-04-20,NOAA-20,PETRÓPOLIS,RIO DE JANEIRO,Brasil,0.0,-999.0,0.18,Mata Atlântica,33,33,3303906,8,Floresta Ombrófila densa,217_076,1.5,POINT(-43.07103 -22.48587)
1814795295,8b96c4f7-24e9-345c-b1ab-ac07a29d2e3d,-47.14795,-22.83027,2026-04-20 04:08:00+00:00,2026-04-20,NOAA-20,CAMPINAS,SÃO PAULO,Brasil,0.0,2.0,-999.0,Mata Atlântica,33,35,3509502,8,Pastagens e gramíneas,219_076,0.6,POINT(-47.14795 -22.83027)
1814795410,f47c94e2-b6fe-37c2-b529-5069464e8238,-49.08915,-18.81562,2026-04-20 04:08:00+00:00,2026-04-20,NOAA-20,MONTE ALEGRE DE MINAS,MINAS GERAIS,Brasil,0.0,9.0,0.95,Cerrado,33,31,3142809,8,Pastagens e gramíneas,221_073,1.3,POINT(-49.08915 -18.81562)
1814794166,9663e640-6712-346e-97b8-f023ba832adc,-53.35753,-19.40031,2026-04-20 04:08:00+00:00,2026-04-20,NOAA-20,PARAÍSO DAS ÁGUAS,MATO GROSSO DO SUL,Brasil,0.0,2.0,1.0,Cerrado,33,50,5006275,8,Pastagens e gramíneas,224_073,1.3,POINT(-53.35753 -19.40031)
1814794896,a1f54d83-e73e-3e86-9e5a-b953db44c223,-43.07163,-22.48919,2026-04-20 04:08:00+00:00,2026-04-20,NOAA-20,MAGÉ,RIO DE JANEIRO,Brasil,0.0,-999.0,0.18,Mata Atlântica,33,33,3302502,8,Floresta Ombrófila densa,217_076,1.5,POINT(-43.07163 -22.48919)
1814796759,33df8f59-429d-35fc-9b4b-b00c28126293,-45.01675,-19.84204,2026-04-20 04:08:00+00:00,2026-04-20,NOAA-20,NOVA SERRANA,MINAS GERAIS,Brasil,1.27,2.0,0.31,Cerrado,33,31,3145208,8,Floresta de contato; Campinarana,219_074,23.5,POINT(-45.01675 -19.84204)
1814795695,80119bb0-36ad-3f1b-8dd3-bb17eee7ee3c,-49.59635,-20.03544,2026-04-20 04:08:00+00:00,2026-04-20,NOAA-20,RIOLÂNDIA,SÃO PAULO,Brasil,0.0,3.0,0.92,Mata Atlântica,33,35,3544202,8,Pastagens e gramíneas,221_074,1.4,POINT(-49.59635 -20.03544)
1814796323,eebba2d0-0d9a-339f-b3c2-597fb7fe4fe2,-43.07219,-22.49252,2026-04-20 04:08:00+00:00,2026-04-20,NOAA-20,MAGÉ,RIO DE JANEIRO,Brasil,0.0,-999.0,0.18,Mata Atlântica,33,33,3302502,8,Floresta Ombrófila densa,217_076,0.4,POINT(-43.07219 -22.49252)
1814795259,52aa1a90-0e6c-3a02-80ac-a305f9d4efe7,-53.36124,-19.40026,2026-04-20 04:08:00+00:00,2026-04-20,NOAA-20,PARAÍSO DAS ÁGUAS,MATO GROSSO DO SUL,Brasil,0.0,2.0,0.95,Cerrado,33,50,5006275,8,Pastagens e gramíneas,224_073,1.0,POINT(-53.36124 -19.40026)
1814795854,c51b4804-2227-371f-bf66-94edb28bb41a,-48.00208,-23.65032,2026-04-20 04:08:00+00:00,2026-04-20,NOAA-20,ITAPETININGA,SÃO PAULO,Brasil,0.0,7.0,0.56,Cerrado,33,35,3522307,8,Savana arbórea; Caatinga fechada,220_076,1.1,POINT(-48.00208 -23.65032)
1814794403,9174a4e7-f404-3ea3-aaa0-8edcbf48fe29,-53.35999,-19.39475,2026-04-20 04:08:00+00:00,2026-04-20,NOAA-20,PARAÍSO DAS ÁGUAS,MATO GROSSO DO SUL,Brasil,0.0,2.0,1.0,Cerrado,33,50,5006275,8,Pastagens e gramíneas,224_073,0.8,POINT(-53.35999 -19.39475)
1814796487,810bab1d-fd9c-3402-82ec-101178665632,-43.06844,-22.49309,2026-04-20 04:08:00+00:00,2026-04-20,NOAA-20,MAGÉ,RIO DE JANEIRO,Brasil,0.0,-999.0,0.2,Mata Atlântica,33,33,3302502,8,Florestas decíduas e sazonais,217_076,0.5,POINT(-43.06844 -22.49309)
1814796018,32f1193d-2260-326f-be52-cb4a037014b3,-47.14925,-22.82866,2026-04-20 04:08:00+00:00,2026-04-20,NOAA-20,CAMPINAS,SÃO PAULO,Brasil,0.0,2.0,0.97,Mata Atlântica,33,35,3509502,8,Pastagens e gramíneas,219_076,0.7,POINT(-47.14925 -22.82866)
1814795478,8270f6ad-9e8c-3bb1-90f9-0f21169b0950,-43.07473,-22.4853,2026-04-20 04:08:00+00:00,2026-04-20,NOAA-20,PETRÓPOLIS,RIO DE JANEIRO,Brasil,0.0,-999.0,0.18,Mata Atlântica,33,33,3303906,8,Floresta Ombrófila densa,217_076,1.5,POINT(-43.07473 -22.4853)
1814796734,4a0ecdab-8023-3039-a5e5-777695a1d320,-53.35744,-19.40107,2026-04-20 04:08:00+00:00,2026-04-20,NOAA-20,PARAÍSO DAS ÁGUAS,MATO GROSSO DO SUL,Brasil,0.0,2.0,1.0,Cerrado,33,50,5006275,8,Pastagens e gramíneas,224_073,0.8,POINT(-53.35744 -19.40107)
1814795258,9c71db73-e8c3-3c17-8305-3f4f2e3cfd9f,-46.85807,-23.86838,2026-04-20 04:08:00+00:00,2026-04-20,NOAA-20,SÃO LOURENÇO DA SERRA,SÃO PAULO,Brasil,0.0,2.0,0.13,Mata Atlântica,33,35,3549953,8,Florestas decíduas e sazonais,219_077,0.5,POINT(-46.85807 -23.86838)
1814793771,29581002-90fb-3b27-86c2-2b5b2b90dba0,-43.33664,-22.80125,2026-04-20 04:08:00+00:00,2026-04-20,NOAA-20,SÃO JOÃO DE MERITI,RIO DE JANEIRO,Brasil,0.0,-999.0,-999.0,Mata Atlântica,33,33,3305109,8,Corpos agua/Solos expostos/Mineracao/Areas urbanas e construidas/neve e gelo,217_076,0.6,POINT(-43.33664 -22.80125)
1814795351,a91d2eee-f9db-35f0-914c-5599c2275abf,-47.99817,-23.64892,2026-04-20 04:08:00+00:00,2026-04-20,NOAA-20,ITAPETININGA,SÃO PAULO,Brasil,0.0,7.0,0.58,Cerrado,33,35,3522307,8,Savana arbórea; Caatinga fechada,220_076,1.5,POINT(-47.99817 -23.64892)
1814796629,c578ba60-d04c-3d22-a5aa-1236cc0731ce,-48.00129,-23.64663,2026-04-20 04:08:00+00:00,2026-04-20,NOAA-20,ITAPETININGA,SÃO PAULO,Brasil,0.0,7.0,0.71,Cerrado,33,35,3522307,8,Savana; Caatinga aberta,220_076,1.1,POINT(-48.00129 -23.64663)
1814794007,477dec6b-619e-30a9-816d-308df7408ad0,-49.97773,-27.75528,2026-04-20 04:10:00+00:00,2026-04-20,NOAA-20,BOCAINA DO SUL,SANTA CATARINA,Brasil,0.0,3.0,0.17,Mata Atlântica,33,42,4202438,8,Floresta Ombrófila densa,220_079,1.1,POINT(-49.97773 -27.75528)
1814794755,42289b67-971e-3f41-8f04-405b4e1a4b7b,-49.97524,-27.75428,2026-04-20 04:10:00+00:00,2026-04-20,NOAA-20,BOCAINA DO SUL,SANTA CATARINA,Brasil,0.0,3.0,0.17,Mata Atlântica,33,42,4202438,8,Floresta Ombrófila densa,220_079,3.1,POINT(-49.97524 -27.75428)
1814796516,7a7833a7-7eaa-3499-9f21-522d9241aa15,-50.82971,-27.7146,2026-04-20 04:10:00+00:00,2026-04-20,NOAA-20,CAMPO BELO DO SUL,SANTA CATARINA,Brasil,0.0,4.0,0.19,Mata Atlântica,33,42,4203402,8,Floresta Ombrófila densa,221_079,0.9,POINT(-50.82971 -27.7146)
1814795129,9b630850-04df-3059-9eac-dc381e240f6e,-49.97202,-27.75641,2026-04-20 04:10:00+00:00,2026-04-20,NOAA-20,BOCAINA DO SUL,SANTA CATARINA,Brasil,0.0,3.0,0.17,Mata Atlântica,33,42,4202438,8,Floresta Ombrófila densa,220_079,2.2,POINT(-49.97202 -27.75641)
1814795424,e9c4f174-3113-3449-be5d-179dcafa0555,-44.03202,-13.4751,2026-04-20 04:53:00+00:00,2026-04-20,NOAA-21,SÃO FÉLIX DO CORIBE,BAHIA,Brasil,0.0,4.0,0.4,Cerrado,33,29,2929057,8,Savana; Caatinga aberta,219_069,3.3,POINT(-44.03202 -13.4751)
1814794666,f6ed5f36-db41-3508-82d4-c6beefa564c8,-44.44365,-13.63564,2026-04-20 04:53:00+00:00,2026-04-20,NOAA-21,CORIBE,BAHIA,Brasil,0.0,9.0,0.53,Cerrado,33,29,2909109,8,Savana arbórea; Caatinga fechada,219_069,1.8,POINT(-44.44365 -13.63564)
1814796771,566e98f5-4e35-3a88-93f9-5e5aba47d786,-44.03114,-13.4695,2026-04-20 04:53:00+00:00,2026-04-20,NOAA-21,SÃO FÉLIX DO CORIBE,BAHIA,Brasil,0.0,3.0,0.4,Cerrado,33,29,2929057,8,Savana arbórea; Caatinga fechada,219_069,2.4,POINT(-44.03114 -13.4695)
1814795803,7128732a-41cc-353f-bb18-bdf627681367,-46.93478,-14.55198,2026-04-20 04:53:00+00:00,2026-04-20,NOAA-21,FLORES DE GOIÁS,GOIÁS,Brasil,0.0,9.0,0.78,Cerrado,33,52,5207907,8,Agricultura e diversos,221_070,1.5,POINT(-46.93478 -14.55198)
1814796811,a3c67a31-fcd7-304d-805b-691afea9fdcb,-46.92971,-14.55261,2026-04-20 04:53:00+00:00,2026-04-20,NOAA-21,FLORES DE GOIÁS,GOIÁS,Brasil,0.0,9.0,0.57,Cerrado,33,52,5207907,8,Savana arbórea; Caatinga fechada,221_070,1.0,POINT(-46.92971 -14.55261)
1814795956,ebe018e4-f88c-3918-98d9-6e5124a3e594,-42.66016,-17.25172,2026-04-20 04:55:00+00:00,2026-04-20,NOAA-21,MINAS NOVAS,MINAS GERAIS,Brasil,2.24,7.0,0.04,Cerrado,33,31,3141801,8,Florestas decíduas e sazonais,217_072,10.3,POINT(-42.66016 -17.25172)
1814796731,32c08163-5e97-3ae7-8914-aad5f351c91d,-58.47882,-16.31182,2026-04-20 04:55:00+00:00,2026-04-20,NOAA-21,CÁCERES,MATO GROSSO,Brasil,6.89,0.0,0.01,Pantanal,33,51,5102504,8,Corpos agua/Solos expostos/Mineracao/Areas urbanas e construidas/neve e gelo,228_071,1.7,POINT(-58.47882 -16.31182)
1814794822,fd7d17af-cd0b-3ea8-ad6b-3fc2d2e01775,-49.91132,-16.55131,2026-04-20 04:55:00+00:00,2026-04-20,NOAA-21,NAZÁRIO,GOIÁS,Brasil,0.0,2.0,0.94,Cerrado,33,52,5214408,8,Pastagens e gramíneas,222_071,1.9,POINT(-49.91132 -16.55131)
1814795368,4be7f1cf-f2f0-3ac9-8e19-f81ce9464579,-51.70012,-20.63174,2026-04-20 04:55:00+00:00,2026-04-20,NOAA-21,TRÊS LAGOAS,MATO GROSSO DO SUL,Brasil,0.0,2.0,0.62,Cerrado,33,50,5008305,8,Savana; Caatinga aberta,223_074,1.8,POINT(-51.70012 -20.63174)
1814796789,77998637-4747-3191-a2d3-c323edf297f6,-45.01691,-19.83889,2026-04-20 04:55:00+00:00,2026-04-20,NOAA-21,NOVA SERRANA,MINAS GERAIS,Brasil,1.24,2.0,0.56,Cerrado,33,31,3145208,8,Savana; Caatinga aberta,219_074,1.5,POINT(-45.01691 -19.83889)
1814795322,26ad992c-0c28-3e01-a198-fec02b7e8ccf,-46.11215,-21.96177,2026-04-20 04:55:00+00:00,2026-04-20,NOAA-21,IPUIÚNA,MINAS GERAIS,Brasil,0.0,2.0,0.36,Mata Atlântica,33,31,3131505,8,Floresta de contato; Campinarana,219_075,2.7,POINT(-46.11215 -21.96177)
1814794222,685cf758-eac0-3df6-a9b7-680d697347a9,-56.15781,-21.45167,2026-04-20 04:55:00+00:00,2026-04-20,NOAA-21,JARDIM,MATO GROSSO DO SUL,Brasil,4.33,2.0,0.45,Cerrado,33,50,5005004,8,Pastagens e gramíneas,225_075,1.7,POINT(-56.15781 -21.45167)
1814793677,b03f823c-63c2-3162-8154-a8447de12b9e,-42.66547,-17.25122,2026-04-20 04:55:00+00:00,2026-04-20,NOAA-21,MINAS NOVAS,MINAS GERAIS,Brasil,2.29,7.0,0.07,Cerrado,33,31,3141801,8,Floresta de contato; Campinarana,217_072,16.2,POINT(-42.66547 -17.25122)
1814793702,ad37942f-1be7-3484-8343-95eaa8fa778a,-46.10852,-21.9621,2026-04-20 04:55:00+00:00,2026-04-20,NOAA-21,IPUIÚNA,MINAS GERAIS,Brasil,0.0,2.0,0.16,Mata Atlântica,33,31,3131505,8,Floresta Ombrófila densa,219_075,2.7,POINT(-46.10852 -21.9621)
1814794328,f362020a-2224-3113-aa82-55d2b3be94f3,-56.15411,-21.45225,2026-04-20 04:55:00+00:00,2026-04-20,NOAA-21,JARDIM,MATO GROSSO DO SUL,Brasil,4.43,2.0,0.4,Cerrado,33,50,5005004,8,Pastagens e gramíneas,225_075,1.7,POINT(-56.15411 -21.45225)
1814793941,bc156154-0268-3ec0-bd5d-81418b3c5c9b,-43.07254,-22.48561,2026-04-20 04:55:00+00:00,2026-04-20,NOAA-21,PETRÓPOLIS,RIO DE JANEIRO,Brasil,0.0,-999.0,0.18,Mata Atlântica,33,33,3303906,8,Floresta Ombrófila densa,217_076,3.2,POINT(-43.07254 -22.48561)
1814794833,7971e04e-b65c-3def-a7d2-04d7d0da7c71,-53.362,-19.39988,2026-04-20 04:55:00+00:00,2026-04-20,NOAA-21,PARAÍSO DAS ÁGUAS,MATO GROSSO DO SUL,Brasil,0.0,2.0,0.92,Cerrado,33,50,5006275,8,Pastagens e gramíneas,224_073,0.6,POINT(-53.362 -19.39988)
1814796834,1b219d4c-596f-39b6-9c9c-d017b6722468,-53.36143,-19.39644,2026-04-20 04:55:00+00:00,2026-04-20,NOAA-21,PARAÍSO DAS ÁGUAS,MATO GROSSO DO SUL,Brasil,0.0,2.0,0.98,Cerrado,33,50,5006275,8,Pastagens e gramíneas,224_073,0.6,POINT(-53.36143 -19.39644)
1814796832,e0ce9f52-0730-3019-88e8-f3c03d891ea2,-49.5983,-20.03674,2026-04-20 04:55:00+00:00,2026-04-20,NOAA-21,RIOLÂNDIA,SÃO PAULO,Brasil,0.0,3.0,0.93,Mata Atlântica,33,35,3544202,8,Pastagens e gramíneas,221_074,1.3,POINT(-49.5983 -20.03674)
1814794808,cdba5700-0d54-3e37-85ac-89e2de1958d7,-55.93304,-18.58614,2026-04-20 04:55:00+00:00,2026-04-20,NOAA-21,CORUMBÁ,MATO GROSSO DO SUL,Brasil,0.0,3.0,0.13,Pantanal,33,50,5003207,8,Floresta Ombrófila densa,226_073,1.3,POINT(-55.93304 -18.58614)
1814794853,8611da56-b0c5-3c8c-aae0-31ce797338a2,-53.35804,-19.40045,2026-04-20 04:55:00+00:00,2026-04-20,NOAA-21,PARAÍSO DAS ÁGUAS,MATO GROSSO DO SUL,Brasil,0.0,2.0,1.0,Cerrado,33,50,5006275,8,Pastagens e gramíneas,224_073,1.5,POINT(-53.35804 -19.40045)
1814796702,5006e474-80f0-32b8-9b2f-8a20f404a49f,-43.07314,-22.49219,2026-04-20 04:55:00+00:00,2026-04-20,NOAA-21,MAGÉ,RIO DE JANEIRO,Brasil,0.0,-999.0,0.18,Mata Atlântica,33,33,3302502,8,Floresta Ombrófila densa,217_076,0.2,POINT(-43.07314 -22.49219)
1814795557,e387a1ec-83b6-309f-a31e-a4c3b4bbcb16,-46.83249,-17.16868,2026-04-20 04:55:00+00:00,2026-04-20,NOAA-21,PARACATU,MINAS GERAIS,Brasil,0.0,10.0,1.0,Cerrado,33,31,3147006,8,Pastagens e gramíneas,220_072,5.1,POINT(-46.83249 -17.16868)
1814794506,b0b80fde-6ea9-3c8b-ab46-092a8b49c889,-45.0173,-19.84461,2026-04-20 04:55:00+00:00,2026-04-20,NOAA-21,NOVA SERRANA,MINAS GERAIS,Brasil,1.3,2.0,0.11,Cerrado,33,31,3145208,8,Florestas decíduas e sazonais,219_074,19.8,POINT(-45.0173 -19.84461)
1814794532,b9c39c74-327c-360a-bc31-3726b02a239f,-55.5079,-17.82704,2026-04-20 04:55:00+00:00,2026-04-20,NOAA-21,CORUMBÁ,MATO GROSSO DO SUL,Brasil,0.0,3.0,0.4,Pantanal,33,50,5003207,8,Savana; Caatinga aberta,226_072,2.2,POINT(-55.5079 -17.82704)
1814796500,bc611a1c-7828-3b05-84c3-038794d26751,-46.83843,-17.16798,2026-04-20 04:55:00+00:00,2026-04-20,NOAA-21,PARACATU,MINAS GERAIS,Brasil,0.0,10.0,1.0,Cerrado,33,31,3147006,8,Pastagens e gramíneas,220_072,5.1,POINT(-46.83843 -17.16798)
1814794524,139bf5f1-0eda-3fbb-8933-daf7671dd51b,-55.93669,-18.58556,2026-04-20 04:55:00+00:00,2026-04-20,NOAA-21,CORUMBÁ,MATO GROSSO DO SUL,Brasil,0.0,3.0,0.14,Pantanal,33,50,5003207,8,Floresta Ombrófila densa,226_073,1.3,POINT(-55.93669 -18.58556)
1814794026,83b8ca5e-813d-302c-b657-03bed69e053a,-51.23075,-24.1765,2026-04-20 04:57:00+00:00,2026-04-20,NOAA-21,ORTIGUEIRA,PARANÁ,Brasil,0.0,3.0,0.24,Mata Atlântica,33,41,4117305,8,Florestas decíduas e sazonais,222_077,10.9,POINT(-51.23075 -24.1765)
1814794718,1c46e18f-1adf-3264-a5a2-89a980352429,-51.22767,-24.17229,2026-04-20 04:57:00+00:00,2026-04-20,NOAA-21,ORTIGUEIRA,PARANÁ,Brasil,0.0,3.0,0.11,Mata Atlântica,33,41,4117305,8,Floresta Ombrófila densa,222_077,5.3,POINT(-51.22767 -24.17229)
1814795198,bee2eb82-d203-3b13-a055-cd1a577d6d09,-51.23208,-24.17587,2026-04-20 04:57:00+00:00,2026-04-20,NOAA-21,ORTIGUEIRA,PARANÁ,Brasil,0.0,3.0,0.19,Mata Atlântica,33,41,4117305,8,Florestas decíduas e sazonais,222_077,5.7,POINT(-51.23208 -24.17587)
1814796144,ffafe6f0-c7f7-3163-b736-1ba0a02be140,-49.97269,-27.75742,2026-04-20 04:57:00+00:00,2026-04-20,NOAA-21,BOCAINA DO SUL,SANTA CATARINA,Brasil,0.0,3.0,0.17,Mata Atlântica,33,42,4202438,8,Floresta Ombrófila densa,220_079,5.0,POINT(-49.97269 -27.75742)
1814796551,4c9db77d-852b-3d19-bdf7-1403add015fa,-49.39745,-25.17479,2026-04-20 04:57:00+00:00,2026-04-20,NOAA-21,RIO BRANCO DO SUL,PARANÁ,Brasil,0.0,3.0,0.29,Mata Atlântica,33,41,4122206,8,Floresta Ombrófila densa,221_077,1.6,POINT(-49.39745 -25.17479)
1814796678,62d030ea-aaca-3509-81fe-18199b4c9056,-51.22818,-24.17635,2026-04-20 04:57:00+00:00,2026-04-20,NOAA-21,ORTIGUEIRA,PARANÁ,Brasil,0.0,3.0,0.23,Mata Atlântica,33,41,4117305,8,Florestas decíduas e sazonais,222_077,5.7,POINT(-51.22818 -24.17635)
1814796149,779689c2-c854-3acd-8b02-e90f6b89b2a2,-52.74906,-31.695,2026-04-20 04:59:00+00:00,2026-04-20,NOAA-21,CERRITO,RIO GRANDE DO SUL,Brasil,0.1,4.0,0.77,Pampa,33,43,4305124,8,Savana; Caatinga aberta,222_082,2.3,POINT(-52.74906 -31.695)
1814797650,0a2df217-34ab-3986-a87d-f69f1ef8d8bc,-56.15863,-21.45089,2026-04-20 05:27:00+00:00,2026-04-20,NPP-375D,JARDIM,MATO GROSSO DO SUL,Brasil,4.32,2.0,0.46,Cerrado,33,50,5005004,8,Pastagens e gramíneas,225_075,1.4,POINT(-56.15863 -21.45089)
1814798162,40ab4406-3074-3511-8eed-c1f3b15fc910,-55.93726,-18.5864,2026-04-20 05:27:00+00:00,2026-04-20,NPP-375D,CORUMBÁ,MATO GROSSO DO SUL,Brasil,0.0,3.0,0.14,Pantanal,33,50,5003207,8,Floresta Ombrófila densa,226_073,0.8,POINT(-55.93726 -18.5864)
1814798138,95486ad0-9f41-3a28-a297-d768b0caaee6,-58.48114,-16.31132,2026-04-20 05:27:00+00:00,2026-04-20,NPP-375D,CÁCERES,MATO GROSSO,Brasil,6.98,0.0,0.01,Pantanal,33,51,5102504,8,Pastagens e gramíneas,228_071,1.1,POINT(-58.48114 -16.31132)
1814796947,b9bb79be-2290-325c-816f-5ef3e6f9e02e,-53.36134,-19.40102,2026-04-20 05:27:00+00:00,2026-04-20,NPP-375D,PARAÍSO DAS ÁGUAS,MATO GROSSO DO SUL,Brasil,0.0,2.0,0.93,Cerrado,33,50,5006275,8,Pastagens e gramíneas,224_073,0.6,POINT(-53.36134 -19.40102)
1814798054,494f2936-533e-3b20-ba33-2f536888d477,-56.15622,-21.45041,2026-04-20 05:27:00+00:00,2026-04-20,NPP-375D,JARDIM,MATO GROSSO DO SUL,Brasil,4.4,2.0,0.4,Cerrado,33,50,5005004,8,Pastagens e gramíneas,225_075,1.7,POINT(-56.15622 -21.45041)
1814797409,9689c680-56e6-38d4-9be7-81ebf032760d,-53.3582,-19.40137,2026-04-20 05:27:00+00:00,2026-04-20,NPP-375D,PARAÍSO DAS ÁGUAS,MATO GROSSO DO SUL,Brasil,0.0,2.0,1.0,Cerrado,33,50,5006275,8,Pastagens e gramíneas,224_073,0.6,POINT(-53.3582 -19.40137)
1814798117,f973d4c7-787b-3103-a01c-e277746a730b,-56.15419,-21.4514,2026-04-20 05:27:00+00:00,2026-04-20,NPP-375D,JARDIM,MATO GROSSO DO SUL,Brasil,4.44,2.0,0.38,Cerrado,33,50,5005004,8,Agricultura e diversos,225_075,1.4,POINT(-56.15419 -21.4514)
1814796895,7198e854-d934-3c66-9b57-d321186e7182,-53.36059,-19.39594,2026-04-20 05:27:00+00:00,2026-04-20,NPP-375D,PARAÍSO DAS ÁGUAS,MATO GROSSO DO SUL,Brasil,0.0,2.0,0.99,Cerrado,33,50,5006275,8,Pastagens e gramíneas,224_073,0.5,POINT(-53.36059 -19.39594)
1814797999,8e10901b-3dce-38ef-8c53-003c2de5b9e4,-55.25788,-17.87508,2026-04-20 05:27:00+00:00,2026-04-20,NPP-375D,CORUMBÁ,MATO GROSSO DO SUL,Brasil,0.0,2.0,0.4,Pantanal,33,50,5003207,8,Agricultura e diversos,225_072,0.6,POINT(-55.25788 -17.87508)
1814798040,e870b37e-e221-3722-99db-826821473b1c,-55.93316,-18.58693,2026-04-20 05:27:00+00:00,2026-04-20,NPP-375D,CORUMBÁ,MATO GROSSO DO SUL,Brasil,0.0,3.0,0.13,Pantanal,33,50,5003207,8,Floresta Ombrófila densa,226_073,0.6,POINT(-55.93316 -18.58693)
1814796960,509b4921-1073-3f5d-af58-eb07d6d3dca8,-55.25407,-17.88003,2026-04-20 05:27:00+00:00,2026-04-20,NPP-375D,CORUMBÁ,MATO GROSSO DO SUL,Brasil,0.0,2.0,0.57,Pantanal,33,50,5003207,8,Agricultura e diversos,225_072,0.6,POINT(-55.25407 -17.88003)
1814798191,97314248-2551-378e-9908-9fe87b512b10,-56.15688,-21.45475,2026-04-20 05:27:00+00:00,2026-04-20,NPP-375D,JARDIM,MATO GROSSO DO SUL,Brasil,4.29,2.0,0.48,Cerrado,33,50,5005004,8,Pastagens e gramíneas,225_075,1.0,POINT(-56.15688 -21.45475)
1814797687,e3282fb6-0bfc-320b-b7f6-650adbf588fe,-51.22788,-24.17642,2026-04-20 05:29:00+00:00,2026-04-20,NPP-375D,ORTIGUEIRA,PARANÁ,Brasil,0.0,3.0,0.24,Mata Atlântica,33,41,4117305,8,Florestas decíduas e sazonais,222_077,2.5,POINT(-51.22788 -24.17642)
1814797483,d193667a-3d4c-3364-a938-b133f6e483e3,-51.23306,-24.17599,2026-04-20 05:29:00+00:00,2026-04-20,NPP-375D,ORTIGUEIRA,PARANÁ,Brasil,0.0,3.0,0.2,Mata Atlântica,33,41,4117305,8,Florestas decíduas e sazonais,222_077,2.5,POINT(-51.23306 -24.17599)
1814797658,d664c942-2ec9-363a-91ee-181bce7d88d7,-51.22513,-24.16923,2026-04-20 05:29:00+00:00,2026-04-20,NPP-375D,ORTIGUEIRA,PARANÁ,Brasil,0.0,3.0,0.11,Mata Atlântica,33,41,4117305,8,Floresta Ombrófila densa,222_077,2.4,POINT(-51.22513 -24.16923)
1814797878,75c93792-5033-3338-a52a-4a123f2f10b4,-51.23074,-24.175,2026-04-20 05:29:00+00:00,2026-04-20,NPP-375D,ORTIGUEIRA,PARANÁ,Brasil,0.0,3.0,0.11,Mata Atlântica,33,41,4117305,8,Floresta Ombrófila densa,222_077,2.4,POINT(-51.23074 -24.175)
1814797136,a9cf57e2-2d34-38e4-867b-cccc55b4735b,-51.2276,-24.17024,2026-04-20 05:29:00+00:00,2026-04-20,NPP-375D,ORTIGUEIRA,PARANÁ,Brasil,0.0,3.0,0.11,Mata Atlântica,33,41,4117305,8,Floresta Ombrófila densa,222_077,1.9,POINT(-51.2276 -24.17024)
1814796965,cc8b6855-574f-3127-9fd2-c9352bcb9de5,-51.22542,-24.17541,2026-04-20 05:29:00+00:00,2026-04-20,NPP-375D,ORTIGUEIRA,PARANÁ,Brasil,0.0,3.0,0.15,Mata Atlântica,33,41,4117305,8,Florestas decíduas e sazonais,222_077,2.4,POINT(-51.22542 -24.17541)
1814797231,eb7057f6-8e24-3f77-98ee-6632a2073285,-60.24242,2.76712,2026-04-20 05:42:00+00:00,2026-04-20,NOAA-20,BONFIM,RORAIMA,Brasil,0.2,0.0,0.86,Amazônia,33,14,1400159,8,Savana; Caatinga aberta,232_058,1.7,POINT(-60.24242 2.76712)
1814797014,00f7aac1-65fd-3566-8c51-c91b702e7db4,-60.24508,2.76899,2026-04-20 05:42:00+00:00,2026-04-20,NOAA-20,BONFIM,RORAIMA,Brasil,0.2,0.0,0.75,Amazônia,33,14,1400159,8,Savana arbórea; Caatinga fechada,232_058,1.7,POINT(-60.24508 2.76899)
1814801974,4ffdc160-6034-3b17-820a-292553a9eab7,-44.0327,-13.47233,2026-04-20 06:01:00+00:00,2026-04-20,AQUA_M-M,SÃO FÉLIX DO CORIBE,BAHIA,Brasil,0.0,3.0,0.4,Cerrado,33,29,2929057,8,Savana arbórea; Caatinga fechada,219_069,5.2,POINT(-44.0327 -13.47233)
1814802188,7501c1a4-4318-3acb-8f5d-8f50151f3818,-42.66838,-17.24753,2026-04-20 06:03:00+00:00,2026-04-20,AQUA_M-M,MINAS NOVAS,MINAS GERAIS,Brasil,2.36,7.0,0.08,Cerrado,33,31,3141801,8,Savana arbórea; Caatinga fechada,217_072,6.9,POINT(-42.66838 -17.24753)
1814801524,eb59d998-7641-35ee-a954-7c60d1541b52,-45.01632,-19.84106,2026-04-20 06:03:00+00:00,2026-04-20,AQUA_M-M,NOVA SERRANA,MINAS GERAIS,Brasil,1.26,2.0,0.39,Cerrado,33,31,3145208,8,Savana arbórea; Caatinga fechada,219_074,5.8,POINT(-45.01632 -19.84106)
1814804622,0e3b6729-1e7d-307c-be10-d2670f89d584,-42.6591,-17.24889,2026-04-20 06:03:00+00:00,2026-04-20,AQUA_M-M,MINAS NOVAS,MINAS GERAIS,Brasil,2.25,7.0,0.04,Cerrado,33,31,3141801,8,Florestas decíduas e sazonais,217_072,15.8,POINT(-42.6591 -17.24889)
1814802781,8118dddd-a761-34cc-9d91-3aedbc752191,-48.79184,-21.23278,2026-04-20 06:05:00+00:00,2026-04-20,AQUA_M-M,SANTA ADÉLIA,SÃO PAULO,Brasil,0.0,2.0,0.8,Mata Atlântica,33,35,3545605,8,Pastagens e gramíneas,221_075,12.5,POINT(-48.79184 -21.23278)
1814838462,f372354e-f27c-3c20-b395-7d9151ee830c,-48.26505,-11.55441,2026-04-20 12:21:00+00:00,2026-04-20,TERRA_M-T,SÃO VALÉRIO,TOCANTINS,Brasil,0.0,0.0,0.05,Cerrado,33,17,1720499,8,Agricultura e diversos,222_068,20.4,POINT(-48.26505 -11.55441)
1814836426,d43e5686-e559-3ab1-b4de-9d529b6b8506,-51.87596,-15.10409,2026-04-20 12:23:00+00:00,2026-04-20,TERRA_M-T,ARAGUAIANA,MATO GROSSO,Brasil,0.93,2.0,0.7,Cerrado,33,51,5101001,8,Pastagens e gramíneas,224_070,6.5,POINT(-51.87596 -15.10409)
1814838460,4cd2e3b3-032c-3fde-98a3-2ec9299bb36f,-51.86913,-15.101,2026-04-20 12:23:00+00:00,2026-04-20,TERRA_M-T,ARAGUAIANA,MATO GROSSO,Brasil,0.96,2.0,0.65,Cerrado,33,51,5101001,8,Pastagens e gramíneas,224_070,7.1,POINT(-51.86913 -15.101)
1814837653,4105eba5-dfbd-301b-be9c-8fbb04adb1d4,-46.73682,-17.66873,2026-04-20 12:23:00+00:00,2026-04-20,TERRA_M-T,VAZANTE,MINAS GERAIS,Brasil,0.0,11.0,0.16,Cerrado,33,31,3171006,8,Floresta Ombrófila densa,220_072,26.3,POINT(-46.73682 -17.66873)
1814835984,66102537-fc20-319b-a590-54e84e870b27,-52.98149,-19.3883,2026-04-20 12:25:00+00:00,2026-04-20,TERRA_M-T,PARAÍSO DAS ÁGUAS,MATO GROSSO DO SUL,Brasil,0.0,2.0,0.73,Cerrado,33,50,5006275,8,Pastagens e gramíneas,224_073,18.1,POINT(-52.98149 -19.3883)
1814834988,db6b6428-1281-3d53-a26c-74b599b9fcbe,-55.16188,-18.67882,2026-04-20 12:25:00+00:00,2026-04-20,TERRA_M-T,RIO VERDE DE MATO GROSSO,MATO GROSSO DO SUL,Brasil,0.18,3.0,0.99,Pantanal,33,50,5007406,8,Pastagens e gramíneas,225_073,6.6,POINT(-55.16188 -18.67882)
1814836325,063b319e-655b-399c-91b2-144a03f83014,-52.69435,-22.96808,2026-04-20 12:27:00+00:00,2026-04-20,TERRA_M-T,GUAIRAÇÁ,PARANÁ,Brasil,1.37,6.0,0.25,Mata Atlântica,33,41,4108908,8,Florestas decíduas e sazonais,223_076,24.0,POINT(-52.69435 -22.96808)
1814837051,661005ee-e84a-3021-bbfc-87a95d603bb9,-50.04714,-25.04978,2026-04-20 12:27:00+00:00,2026-04-20,TERRA_M-T,PONTA GROSSA,PARANÁ,Brasil,0.0,3.0,0.93,Mata Atlântica,33,41,4119905,8,Agricultura e diversos,221_077,20.0,POINT(-50.04714 -25.04978)
1814850786,bd4c1c5b-1e8c-3ac2-bef5-b1a1ca9f759b,-41.95671,-21.71692,2026-04-20 15:44:00+00:00,2026-04-20,NOAA-21,ITAOCARA,RIO DE JANEIRO,Brasil,0.0,0.0,0.1,Mata Atlântica,33,33,3302106,8,Pastagens e gramíneas,216_075,0.8,POINT(-41.95671 -21.71692)
1814850304,dd369f0f-4a0d-3a59-90b1-18122526fe41,-43.56391,-22.48905,2026-04-20 15:44:00+00:00,2026-04-20,NOAA-21,VASSOURAS,RIO DE JANEIRO,Brasil,0.0,0.0,0.7,Mata Atlântica,33,33,3306206,8,Pastagens e gramíneas,217_076,7.6,POINT(-43.56391 -22.48905)
1814851493,4342eca3-b199-3a58-a29a-1bed791383e5,-44.31643,-20.92122,2026-04-20 15:44:00+00:00,2026-04-20,NOAA-21,RITÁPOLIS,MINAS GERAIS,Brasil,0.0,2.0,0.73,Mata Atlântica,33,31,3156106,8,Agricultura e diversos,218_074,31.0,POINT(-44.31643 -20.92122)
1814850268,46183176-960b-3d28-a8b7-4134c9038a87,-43.56413,-22.4878,2026-04-20 15:44:00+00:00,2026-04-20,NOAA-21,VASSOURAS,RIO DE JANEIRO,Brasil,0.0,0.0,0.73,Mata Atlântica,33,33,3306206,8,Pastagens e gramíneas,217_076,5.9,POINT(-43.56413 -22.4878)
1814851019,40e03cf1-3abb-39cc-8319-420216d7333a,-39.43419,-13.97136,2026-04-20 15:46:00+00:00,2026-04-20,NOAA-21,IBIRAPITANGA,BAHIA,Brasil,0.0,6.0,0.03,Mata Atlântica,33,29,2912707,8,Floresta Ombrófila densa,216_070,4.6,POINT(-39.43419 -13.97136)
1814850428,fa614c61-e6c1-36d1-b9be-feb4686aab9e,-39.74738,-13.2314,2026-04-20 15:46:00+00:00,2026-04-20,NOAA-21,UBAÍRA,BAHIA,Brasil,0.2,6.0,0.14,Mata Atlântica,33,29,2932101,8,Savana arbórea; Caatinga fechada,216_069,19.4,POINT(-39.74738 -13.2314)
1814851266,82afef5f-2c06-307d-aeb0-43b260fe6beb,-39.64784,-14.55502,2026-04-20 15:46:00+00:00,2026-04-20,NOAA-21,ITAPITANGA,BAHIA,Brasil,0.0,6.0,0.69,Mata Atlântica,33,29,2916609,8,Pastagens e gramíneas,216_070,6.6,POINT(-39.64784 -14.55502)
1814851067,c8f3ef34-674d-3281-b2a0-47f34c7477b6,-39.34746,-15.79296,2026-04-20 15:46:00+00:00,2026-04-20,NOAA-21,MASCOTE,BAHIA,Brasil,0.0,9.0,1.0,Mata Atlântica,33,29,2920908,8,Pastagens e gramíneas,215_071,9.7,POINT(-39.34746 -15.79296)
1814851049,00c8674d-7fe0-3cae-9d9f-48aed278a122,-39.63185,-12.92987,2026-04-20 15:46:00+00:00,2026-04-20,NOAA-21,AMARGOSA,BAHIA,Brasil,0.1,5.0,0.75,Mata Atlântica,33,29,2901007,8,Pastagens e gramíneas,216_069,9.8,POINT(-39.63185 -12.92987)
1814851155,e0d21eea-400e-3f24-9463-b58b45e70ee7,-44.93909,-18.72687,2026-04-20 15:46:00+00:00,2026-04-20,NOAA-21,FELIXLÂNDIA,MINAS GERAIS,Brasil,0.0,9.0,1.0,Cerrado,33,31,3125705,8,Pastagens e gramíneas,219_073,10.1,POINT(-44.93909 -18.72687)
1814851193,d58b02c2-a59a-319f-9c4d-9d83e0ebba67,-39.64961,-14.55661,2026-04-20 15:46:00+00:00,2026-04-20,NOAA-21,ITAPITANGA,BAHIA,Brasil,0.0,6.0,0.69,Mata Atlântica,33,29,2916609,8,Pastagens e gramíneas,216_070,12.2,POINT(-39.64961 -14.55661)
1814851194,322edf42-5006-3a3b-9907-c158858d2c67,-40.42345,-17.97389,2026-04-20 15:46:00+00:00,2026-04-20,NOAA-21,MUCURICI,ESPÍRITO SANTO,Brasil,0.17,2.0,0.08,Mata Atlântica,33,32,3203601,8,Floresta de contato; Campinarana,216_072,7.5,POINT(-40.42345 -17.97389)
1814850844,8feedae7-54d3-30d3-885b-f3b42729ad40,-41.07621,-19.93342,2026-04-20 15:46:00+00:00,2026-04-20,NOAA-21,LARANJA DA TERRA,ESPÍRITO SANTO,Brasil,1.53,2.0,0.1,Mata Atlântica,33,32,3203163,8,Pastagens e gramíneas,216_074,8.5,POINT(-41.07621 -19.93342)
1814850799,2cf2ed68-b934-370a-94df-040e7a65fa79,-39.68739,-13.21456,2026-04-20 15:46:00+00:00,2026-04-20,NOAA-21,UBAÍRA,BAHIA,Brasil,0.4,6.0,0.04,Mata Atlântica,33,29,2932101,8,Floresta Ombrófila densa,216_069,15.9,POINT(-39.68739 -13.21456)
1814850514,3ab1b28f-f443-36d6-999f-eba971dedd74,-42.34149,-14.36263,2026-04-20 15:46:00+00:00,2026-04-20,NOAA-21,IBIASSUCÊ,BAHIA,Brasil,0.0,2.0,0.39,Caatinga,33,29,2912004,8,Savana arbórea; Caatinga fechada,218_070,27.3,POINT(-42.34149 -14.36263)
1814851271,e39f4d5d-753b-35a3-a409-d698e08b9e86,-40.00897,-13.38658,2026-04-20 15:46:00+00:00,2026-04-20,NOAA-21,JAGUAQUARA,BAHIA,Brasil,0.0,5.0,0.65,Mata Atlântica,33,29,2917607,8,Pastagens e gramíneas,216_069,5.5,POINT(-40.00897 -13.38658)
1814851323,84c0c979-9a44-3b55-baf1-d239d3d085db,-39.71722,-15.00809,2026-04-20 15:46:00+00:00,2026-04-20,NOAA-21,ITAJU DO COLÔNIA,BAHIA,Brasil,0.0,7.0,0.73,Mata Atlântica,33,29,2915403,8,Pastagens e gramíneas,216_070,25.1,POINT(-39.71722 -15.00809)
1814851531,b70f6474-5ed3-39d3-bcec-8d96c3621a13,-39.65252,-14.55562,2026-04-20 15:46:00+00:00,2026-04-20,NOAA-21,ITAPITANGA,BAHIA,Brasil,0.0,6.0,0.68,Mata Atlântica,33,29,2916609,8,Pastagens e gramíneas,216_070,6.6,POINT(-39.65252 -14.55562)
1814850566,27f80ba7-0b46-3fdd-b018-db11df9959da,-41.46191,-16.12416,2026-04-20 15:46:00+00:00,2026-04-20,NOAA-21,MEDINA,MINAS GERAIS,Brasil,0.0,7.0,0.43,Mata Atlântica,33,31,3141405,8,Savana arbórea; Caatinga fechada,217_071,4.1,POINT(-41.46191 -16.12416)
1814851130,8d318f45-cc26-317a-847f-aa39335497ae,-40.12477,-14.50644,2026-04-20 15:46:00+00:00,2026-04-20,NOAA-21,IGUAÍ,BAHIA,Brasil,0.0,8.0,0.3,Mata Atlântica,33,29,2913507,8,Savana arbórea; Caatinga fechada,216_070,4.9,POINT(-40.12477 -14.50644)
1814851299,023e8969-4bf3-3980-81de-d717e28525f5,-40.16523,-17.16497,2026-04-20 15:46:00+00:00,2026-04-20,NOAA-21,ITANHÉM,BAHIA,Brasil,4.6,6.0,0.21,Mata Atlântica,33,29,2916005,8,Savana arbórea; Caatinga fechada,216_072,6.6,POINT(-40.16523 -17.16497)
1814850581,1d8a25b8-2b76-32be-924b-66408041e46c,-39.71651,-15.01267,2026-04-20 15:46:00+00:00,2026-04-20,NOAA-21,ITAJU DO COLÔNIA,BAHIA,Brasil,0.0,7.0,0.4,Mata Atlântica,33,29,2915403,8,Savana; Caatinga aberta,216_070,10.7,POINT(-39.71651 -15.01267)
1814851196,71719ef3-2833-3b9a-9e56-453399d76eff,-39.29946,-15.45081,2026-04-20 15:46:00+00:00,2026-04-20,NOAA-21,SANTA LUZIA,BAHIA,Brasil,0.2,6.0,1.0,Mata Atlântica,33,29,2928059,8,Pastagens e gramíneas,215_071,7.2,POINT(-39.29946 -15.45081)
1814850939,12aff47c-d990-339b-b941-c8d6f7d45cb0,-44.81238,-13.97038,2026-04-20 15:46:00+00:00,2026-04-20,NOAA-21,COCOS,BAHIA,Brasil,0.0,6.0,0.52,Cerrado,33,29,2908101,8,Savana; Caatinga aberta,219_070,11.8,POINT(-44.81238 -13.97038)
1814850539,c21fe8fc-504c-38cd-b37a-67e135918228,-38.97774,-13.34658,2026-04-20 15:46:00+00:00,2026-04-20,NOAA-21,VALENÇA,BAHIA,Brasil,0.1,-999.0,0.09,Mata Atlântica,33,29,2932903,8,Savana; Caatinga aberta,216_069,6.2,POINT(-38.97774 -13.34658)
1814850704,3356496f-d2c0-3758-abd8-615a675082cc,-39.34436,-15.78961,2026-04-20 15:46:00+00:00,2026-04-20,NOAA-21,MASCOTE,BAHIA,Brasil,0.0,9.0,1.0,Mata Atlântica,33,29,2920908,8,Pastagens e gramíneas,215_071,13.3,POINT(-39.34436 -15.78961)
1814850789,35ec8581-8584-3af3-8c66-2575fb51826d,-41.17323,-16.84348,2026-04-20 15:46:00+00:00,2026-04-20,NOAA-21,MONTE FORMOSO,MINAS GERAIS,Brasil,0.03,8.0,0.08,Mata Atlântica,33,31,3143153,8,Floresta Ombrófila densa,216_072,5.4,POINT(-41.17323 -16.84348)
1814850721,93f3da1d-ba7d-352f-ba13-0ca8b4751f48,-41.39076,-13.81504,2026-04-20 15:46:00+00:00,2026-04-20,NOAA-21,ITUAÇU,BAHIA,Brasil,0.0,2.0,0.23,Caatinga,33,29,2917201,8,Savana arbórea; Caatinga fechada,217_070,1.3,POINT(-41.39076 -13.81504)
1814850383,4ced24fe-0351-3e16-839b-5ac2c65a2247,-42.37155,-14.92638,2026-04-20 15:46:00+00:00,2026-04-20,NOAA-21,JACARACI,BAHIA,Brasil,0.0,10.0,0.48,Caatinga,33,29,2917409,8,Savana; Caatinga aberta,218_070,3.6,POINT(-42.37155 -14.92638)
1814851135,33c246ae-6e19-3a70-aa41-a9bf42aa239f,-40.64779,-15.75377,2026-04-20 15:46:00+00:00,2026-04-20,NOAA-21,BANDEIRA,MINAS GERAIS,Brasil,0.5,8.0,0.39,Mata Atlântica,33,31,3105202,8,Floresta de contato; Campinarana,216_071,5.8,POINT(-40.64779 -15.75377)
1814850510,0e6be9c4-1c5b-3c4d-bc95-3c7f961a021c,-40.95645,-16.21265,2026-04-20 15:46:00+00:00,2026-04-20,NOAA-21,ALMENARA,MINAS GERAIS,Brasil,0.58,8.0,1.0,Mata Atlântica,33,31,3101706,8,Pastagens e gramíneas,216_071,0.9,POINT(-40.95645 -16.21265)
1814850569,f63da153-b760-3207-acb7-5891eacba5de,-39.26072,-12.88476,2026-04-20 15:46:00+00:00,2026-04-20,NOAA-21,CONCEIÇÃO DO ALMEIDA,BAHIA,Brasil,0.0,0.0,0.46,Mata Atlântica,33,29,2908309,8,Pastagens e gramíneas,216_069,1.0,POINT(-39.26072 -12.88476)
1814850375,fb162adc-073b-3288-af18-fb188949fca0,-43.95659,-15.15562,2026-04-20 15:46:00+00:00,2026-04-20,NOAA-21,JAÍBA,MINAS GERAIS,Brasil,0.0,11.0,1.0,Cerrado,33,31,3135050,8,Agricultura e diversos,219_070,9.6,POINT(-43.95659 -15.15562)
1814851106,d0511fa0-1936-3c3f-8d85-8f0c499a4546,-40.42645,-17.97421,2026-04-20 15:46:00+00:00,2026-04-20,NOAA-21,MUCURICI,ESPÍRITO SANTO,Brasil,0.14,2.0,0.12,Mata Atlântica,33,32,3203601,8,Savana; Caatinga aberta,216_072,7.5,POINT(-40.42645 -17.97421)
1814850937,f8e6f232-ce2d-35d2-8731-d4f0b6e8ef91,-38.97718,-13.35086,2026-04-20 15:46:00+00:00,2026-04-20,NOAA-21,VALENÇA,BAHIA,Brasil,0.1,-999.0,0.13,Mata Atlântica,33,29,2932903,8,Savana; Caatinga aberta,216_069,7.4,POINT(-38.97718 -13.35086)
1814851077,161391eb-77c9-3640-b8fd-1daf8b3ebded,-39.62975,-12.92877,2026-04-20 15:46:00+00:00,2026-04-20,NOAA-21,SANTA TEREZINHA,BAHIA,Brasil,0.1,5.0,0.75,Mata Atlântica,33,29,2928505,8,Pastagens e gramíneas,216_069,13.4,POINT(-39.62975 -12.92877)
1814850576,4c917993-1a11-3570-9eea-c1297835e0d7,-40.42556,-15.74481,2026-04-20 15:46:00+00:00,2026-04-20,NOAA-21,MACARANI,BAHIA,Brasil,0.24,7.0,1.0,Mata Atlântica,33,29,2919702,8,Pastagens e gramíneas,216_071,15.0,POINT(-40.42556 -15.74481)
1814851339,44d404a2-a16c-3a89-985a-853f63cf8689,-43.85322,-14.04152,2026-04-20 15:46:00+00:00,2026-04-20,NOAA-21,CARINHANHA,BAHIA,Brasil,0.0,18.0,0.66,Cerrado,33,29,2907103,8,Savana arbórea; Caatinga fechada,219_070,7.3,POINT(-43.85322 -14.04152)
1814850720,fa64172d-8e2e-3dcf-b1db-1ef450c88544,-39.02801,-15.8512,2026-04-20 15:46:00+00:00,2026-04-20,NOAA-21,BELMONTE,BAHIA,Brasil,0.0,-999.0,0.1,Mata Atlântica,33,29,2903409,8,Floresta Ombrófila densa,215_071,9.9,POINT(-39.02801 -15.8512)
1814851401,8e32a79d-9435-3f9e-b4da-d6da3c7be79e,-42.55002,-17.95011,2026-04-20 15:46:00+00:00,2026-04-20,NOAA-21,SÃO SEBASTIÃO DO MARANHÃO,MINAS GERAIS,Brasil,0.0,6.0,0.07,Mata Atlântica,33,31,3164506,8,Floresta Ombrófila densa,217_072,4.4,POINT(-42.55002 -17.95011)
1814851403,b20d04ec-e222-3066-9e4e-cf79cafafa3b,-44.81587,-13.96775,2026-04-20 15:46:00+00:00,2026-04-20,NOAA-21,COCOS,BAHIA,Brasil,0.0,6.0,0.53,Cerrado,33,29,2908101,8,Agricultura e diversos,219_070,10.5,POINT(-44.81587 -13.96775)
1814850359,1427b062-8477-39f3-a120-85e7e892440a,-39.24625,-14.94614,2026-04-20 15:46:00+00:00,2026-04-20,NOAA-21,BUERAREMA,BAHIA,Brasil,0.66,1.0,0.05,Mata Atlântica,33,29,2904704,8,Floresta Ombrófila densa,216_070,3.9,POINT(-39.24625 -14.94614)
1814850252,e8a8558d-c5ab-3e92-bb17-f25498becbbc,-42.33804,-14.36224,2026-04-20 15:46:00+00:00,2026-04-20,NOAA-21,IBIASSUCÊ,BAHIA,Brasil,0.0,3.0,0.47,Caatinga,33,29,2912004,8,Savana; Caatinga aberta,218_070,27.3,POINT(-42.33804 -14.36224)
1814851485,7f531c3c-ad87-36e2-947f-88c6ff419ff4,-43.95747,-15.15673,2026-04-20 15:46:00+00:00,2026-04-20,NOAA-21,JAÍBA,MINAS GERAIS,Brasil,0.0,11.0,1.0,Cerrado,33,31,3135050,8,Agricultura e diversos,219_070,12.4,POINT(-43.95747 -15.15673)
1814851487,5b108521-98a4-3663-b58a-450e8c1510d9,-41.45751,-15.54759,2026-04-20 15:46:00+00:00,2026-04-20,NOAA-21,ÁGUAS VERMELHAS,MINAS GERAIS,Brasil,0.0,9.0,0.65,Mata Atlântica,33,31,3101003,8,Savana arbórea; Caatinga fechada,217_071,6.0,POINT(-41.45751 -15.54759)
1814851515,a7d8c4ed-a53c-310d-93b2-6b178e3cfd47,-42.34501,-14.36303,2026-04-20 15:46:00+00:00,2026-04-20,NOAA-21,IBIASSUCÊ,BAHIA,Brasil,0.0,2.0,0.38,Caatinga,33,29,2912004,8,Savana arbórea; Caatinga fechada,218_070,9.0,POINT(-42.34501 -14.36303)
1814850243,c8d4251f-8c27-326e-a986-0b050ea395a4,-43.09501,-14.81791,2026-04-20 15:46:00+00:00,2026-04-20,NOAA-21,ESPINOSA,MINAS GERAIS,Brasil,0.0,14.0,1.0,Caatinga,33,31,3124302,8,Pastagens e gramíneas,218_070,5.4,POINT(-43.09501 -14.81791)
1814850334,71514939-5436-3070-a65c-749fce7537d9,-39.64163,-13.45109,2026-04-20 15:46:00+00:00,2026-04-20,NOAA-21,JIQUIRIÇÁ,BAHIA,Brasil,0.3,0.0,0.02,Mata Atlântica,33,29,2918209,8,Floresta Ombrófila densa,216_069,5.0,POINT(-39.64163 -13.45109)
1814851179,132f77b8-5d67-3de9-9cef-bfc6d7efab23,-41.26635,-11.93234,2026-04-20 15:48:00+00:00,2026-04-20,NOAA-21,BONITO,BAHIA,Brasil,0.0,0.0,0.12,Caatinga,33,29,2904050,8,Floresta Ombrófila densa,217_068,9.9,POINT(-41.26635 -11.93234)
1814851448,70e7958b-7c7e-36d7-bd73-f1e5ed1dfa07,-44.73993,-11.72213,2026-04-20 15:48:00+00:00,2026-04-20,NOAA-21,RIACHÃO DAS NEVES,BAHIA,Brasil,0.8,3.0,0.1,Cerrado,33,29,2926202,8,Savana arbórea; Caatinga fechada,220_068,13.7,POINT(-44.73993 -11.72213)
1814851442,27790144-b6dd-3401-bf38-d779a2b1a926,-37.57977,-9.1014,2026-04-20 15:48:00+00:00,2026-04-20,NOAA-21,CANAPI,ALAGOAS,Brasil,3.16,4.0,1.0,Caatinga,33,27,2701605,8,Pastagens e gramíneas,215_066,4.4,POINT(-37.57977 -9.1014)
1814850385,cdbf7066-d8c7-3a37-8bc3-8660b18e75f6,-38.52058,-11.0187,2026-04-20 15:48:00+00:00,2026-04-20,NOAA-21,RIBEIRA DO AMPARO,BAHIA,Brasil,4.74,4.0,0.77,Caatinga,33,29,2926509,8,Pastagens e gramíneas,216_068,2.6,POINT(-38.52058 -11.0187)
1814850511,60279482-5876-3a08-bfc2-31b8a89fd7c7,-37.07358,-10.31909,2026-04-20 15:48:00+00:00,2026-04-20,NOAA-21,AQUIDABÃ,SERGIPE,Brasil,0.9,0.0,1.0,Mata Atlântica,33,28,2800209,8,Pastagens e gramíneas,215_067,4.6,POINT(-37.07358 -10.31909)
1814850828,0c8d5d72-2da8-32dd-8624-d1294c2346c1,-37.84344,-11.03657,2026-04-20 15:48:00+00:00,2026-04-20,NOAA-21,RIACHÃO DO DANTAS,SERGIPE,Brasil,0.0,5.0,1.0,Caatinga,33,28,2805802,8,Pastagens e gramíneas,215_068,18.3,POINT(-37.84344 -11.03657)
1814850485,1b5565a8-6c1b-3577-9ad2-5f0206c29ed2,-41.62993,-12.1574,2026-04-20 15:48:00+00:00,2026-04-20,NOAA-21,IRAQUARA,BAHIA,Brasil,0.0,0.0,0.24,Caatinga,33,29,2914406,8,Savana arbórea; Caatinga fechada,217_068,4.2,POINT(-41.62993 -12.1574)
1814850827,65cda359-d647-3be4-976c-0048eb0cff44,-37.07666,-10.31894,2026-04-20 15:48:00+00:00,2026-04-20,NOAA-21,AQUIDABÃ,SERGIPE,Brasil,0.9,0.0,1.0,Mata Atlântica,33,28,2800209,8,Pastagens e gramíneas,215_067,3.5,POINT(-37.07666 -10.31894)
1814851200,eb748fbd-3a23-3a94-b9ba-464155f41a60,-37.89292,-10.90793,2026-04-20 15:48:00+00:00,2026-04-20,NOAA-21,RIACHÃO DO DANTAS,SERGIPE,Brasil,0.1,5.0,0.72,Caatinga,33,28,2805802,8,Savana; Caatinga aberta,215_068,16.9,POINT(-37.89292 -10.90793)
1814850552,65ef64f8-1015-397f-898e-29cfb74326b7,-37.89764,-10.90859,2026-04-20 15:48:00+00:00,2026-04-20,NOAA-21,RIACHÃO DO DANTAS,SERGIPE,Brasil,0.1,4.0,0.91,Caatinga,33,28,2805802,8,Pastagens e gramíneas,215_068,12.8,POINT(-37.89764 -10.90859)
1814851270,f3715268-ba7e-3513-ac08-1548a390ed10,-37.79515,-11.03371,2026-04-20 15:48:00+00:00,2026-04-20,NOAA-21,RIACHÃO DO DANTAS,SERGIPE,Brasil,0.1,5.0,1.0,Caatinga,33,28,2805802,8,Pastagens e gramíneas,215_068,4.2,POINT(-37.79515 -11.03371)
1814851033,310d32b6-9b8f-3573-8801-ab6add5319bc,-44.74002,-11.72256,2026-04-20 15:48:00+00:00,2026-04-20,NOAA-21,RIACHÃO DAS NEVES,BAHIA,Brasil,0.8,3.0,0.1,Cerrado,33,29,2926202,8,Savana arbórea; Caatinga fechada,220_068,16.3,POINT(-44.74002 -11.72256)
1814850949,f4b03957-291a-3e5b-ad74-3e7923849606,-37.74047,-9.8895,2026-04-20 15:48:00+00:00,2026-04-20,NOAA-21,POÇO REDONDO,SERGIPE,Brasil,0.4,0.0,1.0,Caatinga,33,28,2805406,8,Pastagens e gramíneas,215_067,13.2,POINT(-37.74047 -9.8895)
1814850771,c3c75fa2-93ca-39b8-92c0-8f82f8c9222d,-37.73458,-9.49375,2026-04-20 15:48:00+00:00,2026-04-20,NOAA-21,PIRANHAS,ALAGOAS,Brasil,0.0,0.0,1.0,Caatinga,33,27,2707107,8,Pastagens e gramíneas,215_067,8.7,POINT(-37.73458 -9.49375)
1814851125,78ade792-0aa4-3167-8047-f9b210ced2ed,-37.82608,-11.96036,2026-04-20 15:48:00+00:00,2026-04-20,NOAA-21,ESPLANADA,BAHIA,Brasil,2.66,-999.0,0.25,Mata Atlântica,33,29,2910602,8,Floresta de contato; Campinarana,215_068,10.5,POINT(-37.82608 -11.96036)
1814850676,feb46a06-4ff2-3c88-b006-a4b15c895f83,-37.83707,-11.95391,2026-04-20 15:48:00+00:00,2026-04-20,NOAA-21,ESPLANADA,BAHIA,Brasil,2.82,-999.0,0.15,Mata Atlântica,33,29,2910602,8,Florestas decíduas e sazonais,215_068,13.8,POINT(-37.83707 -11.95391)
1814851381,0b120c87-9db4-3094-b467-dbf471e25945,-39.32731,-12.66487,2026-04-20 15:48:00+00:00,2026-04-20,NOAA-21,CASTRO ALVES,BAHIA,Brasil,0.72,0.0,0.34,Mata Atlântica,33,29,2907301,8,Pastagens e gramíneas,216_069,8.8,POINT(-39.32731 -12.66487)
1814850752,b1085d75-5644-3438-b8de-760dc605dda2,-37.04317,-9.66322,2026-04-20 15:48:00+00:00,2026-04-20,NOAA-21,JARAMATAIA,ALAGOAS,Brasil,0.95,4.0,0.89,Caatinga,33,27,2703700,8,Pastagens e gramíneas,215_067,4.3,POINT(-37.04317 -9.66322)
1814850730,1e5fae76-79ee-3d12-a4b4-b81ed6e1d0cf,-40.54813,-11.35264,2026-04-20 15:48:00+00:00,2026-04-20,NOAA-21,MIGUEL CALMON,BAHIA,Brasil,1.3,11.0,0.33,Caatinga,33,29,2921203,8,Savana arbórea; Caatinga fechada,217_068,5.2,POINT(-40.54813 -11.35264)
1814850713,9b47db1f-9724-34cf-9e7f-070dc6be4a28,-38.06348,-9.90695,2026-04-20 15:48:00+00:00,2026-04-20,NOAA-21,PEDRO ALEXANDRE,BAHIA,Brasil,0.0,0.0,0.91,Caatinga,33,29,2924207,8,Pastagens e gramíneas,215_067,7.4,POINT(-38.06348 -9.90695)
1814850765,a2f05028-20db-3153-83a7-9387fa914393,-36.98362,-9.95055,2026-04-20 15:48:00+00:00,2026-04-20,NOAA-21,TRAIPU,ALAGOAS,Brasil,2.7,2.0,0.76,Caatinga,33,27,2709202,8,Agricultura e diversos,215_067,5.8,POINT(-36.98362 -9.95055)
1814850437,455361e8-5b9a-3774-8d5f-5c1fd876a7f3,-38.25202,-10.24016,2026-04-20 15:48:00+00:00,2026-04-20,NOAA-21,JEREMOABO,BAHIA,Brasil,0.21,0.0,0.86,Caatinga,33,29,2918100,8,Agricultura e diversos,216_067,5.7,POINT(-38.25202 -10.24016)
1814850416,d832ee38-2993-309e-8d65-c957a2768163,-37.83107,-11.96103,2026-04-20 15:48:00+00:00,2026-04-20,NOAA-21,ESPLANADA,BAHIA,Brasil,2.79,-999.0,0.09,Mata Atlântica,33,29,2910602,8,Floresta Ombrófila densa,215_068,10.5,POINT(-37.83107 -11.96103)
1814851152,65500c11-c35e-37f8-a236-37d868a29e9c,-44.73937,-11.72871,2026-04-20 15:48:00+00:00,2026-04-20,NOAA-21,RIACHÃO DAS NEVES,BAHIA,Brasil,0.84,4.0,0.26,Cerrado,33,29,2926202,8,Agricultura e diversos,220_068,16.3,POINT(-44.73937 -11.72871)
1814850290,f39dd663-00d9-3a61-a855-ea62a9a3b886,-38.45949,-10.81431,2026-04-20 15:48:00+00:00,2026-04-20,NOAA-21,RIBEIRA DO POMBAL,BAHIA,Brasil,4.92,3.0,0.76,Caatinga,33,29,2926608,8,Pastagens e gramíneas,216_067,4.8,POINT(-38.45949 -10.81431)
1814851478,0218b445-08b2-336d-b41c-b54cd9715b89,-38.0666,-9.90879,2026-04-20 15:48:00+00:00,2026-04-20,NOAA-21,PEDRO ALEXANDRE,BAHIA,Brasil,0.0,0.0,0.86,Caatinga,33,29,2924207,8,Agricultura e diversos,215_067,4.7,POINT(-38.0666 -9.90879)
1814850862,86980a33-508e-390e-aa1f-2c9afa7a6622,-44.7393,-11.72827,2026-04-20 15:48:00+00:00,2026-04-20,NOAA-21,RIACHÃO DAS NEVES,BAHIA,Brasil,0.83,4.0,0.24,Cerrado,33,29,2926202,8,Savana; Caatinga aberta,220_068,18.2,POINT(-44.7393 -11.72827)
1814850248,7c9c0115-2ada-3f1e-bff9-9d4b9f7e0860,-37.83207,-11.95324,2026-04-20 15:48:00+00:00,2026-04-20,NOAA-21,ESPLANADA,BAHIA,Brasil,2.71,-999.0,0.12,Mata Atlântica,33,29,2910602,8,Florestas decíduas e sazonais,215_068,9.4,POINT(-37.83207 -11.95324)
1814851518,84a5f55a-1450-3d4f-b755-919a2bc9f952,-38.25254,-10.23626,2026-04-20 15:48:00+00:00,2026-04-20,NOAA-21,JEREMOABO,BAHIA,Brasil,0.2,0.0,0.91,Caatinga,33,29,2918100,8,Pastagens e gramíneas,216_067,5.7,POINT(-38.25254 -10.23626)
1814850272,3933d7be-5d67-3f9b-926c-1f537f38f1fb,-39.34469,-10.34598,2026-04-20 15:48:00+00:00,2026-04-20,NOAA-21,MONTE SANTO,BAHIA,Brasil,1.26,3.0,0.74,Caatinga,33,29,2921500,8,Agricultura e diversos,216_067,3.4,POINT(-39.34469 -10.34598)
1814852285,c78320ca-899b-39e9-95c3-f925528e924c,-50.64228,-29.39617,2026-04-20 16:13:00+00:00,2026-04-20,NPP-375,SÃO FRANCISCO DE PAULA,RIO GRANDE DO SUL,Brasil,0.0,3.0,0.69,Mata Atlântica,33,43,4318200,8,Savana; Caatinga aberta,221_080,3.4,POINT(-50.64228 -29.39617)
1814852875,69a17470-e62f-323b-9a8b-4787be2623cf,-50.81283,-27.01649,2026-04-20 16:16:00+00:00,2026-04-20,NPP-375,FRAIBURGO,SANTA CATARINA,Brasil,0.09,4.0,0.69,Mata Atlântica,33,42,4205506,8,Agricultura e diversos,221_079,4.2,POINT(-50.81283 -27.01649)
1814852940,ed4b66bb-bf05-3c88-957f-64bb1e8d6543,-50.57177,-27.49829,2026-04-20 16:16:00+00:00,2026-04-20,NPP-375,CURITIBANOS,SANTA CATARINA,Brasil,0.0,3.0,0.58,Mata Atlântica,33,42,4204806,8,Savana arbórea; Caatinga fechada,221_079,9.9,POINT(-50.57177 -27.49829)
1814852497,d5768556-77bb-3134-b7b6-f3cba6ce5e34,-45.37807,-21.20827,2026-04-20 16:16:00+00:00,2026-04-20,NPP-375,COQUEIRAL,MINAS GERAIS,Brasil,0.0,0.0,0.94,Mata Atlântica,33,31,3118700,8,Pastagens e gramíneas,219_075,6.7,POINT(-45.37807 -21.20827)
1814852710,513e72e0-103b-3473-8080-dbd03d640d90,-51.25848,-28.52779,2026-04-20 16:16:00+00:00,2026-04-20,NPP-375,MUITOS CAPÕES,RIO GRANDE DO SUL,Brasil,0.0,3.0,0.38,Mata Atlântica,33,43,4312617,8,Floresta de contato; Campinarana,221_080,8.9,POINT(-51.25848 -28.52779)
1814852968,a4f3c090-c639-364e-82d2-8f8803aaee4f,-49.42041,-27.44386,2026-04-20 16:16:00+00:00,2026-04-20,NPP-375,VIDAL RAMOS,SANTA CATARINA,Brasil,0.0,3.0,0.97,Mata Atlântica,33,42,4219200,8,Pastagens e gramíneas,220_079,3.8,POINT(-49.42041 -27.44386)
1814852532,680cdbc0-1f66-3107-b775-1cf959e1bfd8,-50.60306,-27.16955,2026-04-20 16:16:00+00:00,2026-04-20,NPP-375,PONTE ALTA DO NORTE,SANTA CATARINA,Brasil,0.0,4.0,0.21,Mata Atlântica,33,42,4213351,8,Floresta Ombrófila densa,221_079,28.0,POINT(-50.60306 -27.16955)
1814852964,23ea14e6-076b-3fe5-b157-f11a42729073,-49.44564,-27.73011,2026-04-20 16:16:00+00:00,2026-04-20,NPP-375,ALFREDO WAGNER,SANTA CATARINA,Brasil,0.0,3.0,0.15,Mata Atlântica,33,42,4200705,8,Floresta Ombrófila densa,220_079,8.0,POINT(-49.44564 -27.73011)
1814852756,ea9cd20c-f812-3f35-b255-719c8650a7e7,-49.33707,-25.10366,2026-04-20 16:16:00+00:00,2026-04-20,NPP-375,RIO BRANCO DO SUL,PARANÁ,Brasil,0.0,3.0,0.28,Mata Atlântica,33,41,4122206,8,Floresta Ombrófila densa,221_077,6.7,POINT(-49.33707 -25.10366)
1814852991,b9340c59-7849-35a8-91ff-ce7bd78bd221,-50.19157,-27.13978,2026-04-20 16:16:00+00:00,2026-04-20,NPP-375,TAIÓ,SANTA CATARINA,Brasil,0.0,4.0,0.5,Mata Atlântica,33,42,4217808,8,Savana arbórea; Caatinga fechada,221_079,15.8,POINT(-50.19157 -27.13978)
1814852648,77abba2f-71f6-3b33-98da-ef5b898e70d4,-47.59714,-22.85623,2026-04-20 16:16:00+00:00,2026-04-20,NPP-375,RIO DAS PEDRAS,SÃO PAULO,Brasil,0.0,2.0,0.92,Mata Atlântica,33,35,3544004,8,Agricultura e diversos,220_076,8.2,POINT(-47.59714 -22.85623)
1814852821,6b7af858-3ce4-3ebc-8474-20f089fa56eb,-44.91932,-23.04604,2026-04-20 16:16:00+00:00,2026-04-20,NPP-375,CUNHA,SÃO PAULO,Brasil,0.0,2.0,0.83,Mata Atlântica,33,35,3513603,8,Pastagens e gramíneas,218_076,2.0,POINT(-44.91932 -23.04604)
1814853015,e9bc868b-3144-312f-bbfb-8127274cac55,-51.25043,-28.52745,2026-04-20 16:16:00+00:00,2026-04-20,NPP-375,MUITOS CAPÕES,RIO GRANDE DO SUL,Brasil,0.0,3.0,0.35,Mata Atlântica,33,43,4312617,8,Floresta de contato; Campinarana,221_080,8.9,POINT(-51.25043 -28.52745)
1814853018,b62a86dd-f030-3346-a245-d506ce19bd24,-47.60098,-22.85657,2026-04-20 16:16:00+00:00,2026-04-20,NPP-375,RIO DAS PEDRAS,SÃO PAULO,Brasil,0.0,2.0,0.92,Mata Atlântica,33,35,3544004,8,Pastagens e gramíneas,220_076,8.1,POINT(-47.60098 -22.85657)
1814852798,2eee46da-ab4b-375c-88c5-b865a9ccaa08,-49.21182,-24.728,2026-04-20 16:16:00+00:00,2026-04-20,NPP-375,CERRO AZUL,PARANÁ,Brasil,0.0,3.0,0.85,Mata Atlântica,33,41,4105201,8,Agricultura e diversos,220_077,6.2,POINT(-49.21182 -24.728)
1814853011,831fa981-471f-343f-a4e5-37b21d0dbe15,-42.97281,-21.09386,2026-04-20 16:16:00+00:00,2026-04-20,NPP-375,UBÁ,MINAS GERAIS,Brasil,0.0,0.0,-999.0,Mata Atlântica,33,31,3169901,8,Corpos agua/Solos expostos/Mineracao/Areas urbanas e construidas/neve e gelo,217_075,1.1,POINT(-42.97281 -21.09386)
1814852816,65542258-9d9f-3c6f-b47c-c68bdcd4c7f0,-49.6095,-26.97489,2026-04-20 16:16:00+00:00,2026-04-20,NPP-375,JOSÉ BOITEUX,SANTA CATARINA,Brasil,0.0,6.0,0.97,Mata Atlântica,33,42,4209151,8,Agricultura e diversos,220_079,13.4,POINT(-49.6095 -26.97489)
1814852757,9289e94e-9266-3071-b0dc-962c1b08e1bb,-50.80216,-28.88848,2026-04-20 16:16:00+00:00,2026-04-20,NPP-375,SÃO FRANCISCO DE PAULA,RIO GRANDE DO SUL,Brasil,0.0,3.0,0.25,Mata Atlântica,33,43,4318200,8,Floresta Ombrófila densa,221_080,8.7,POINT(-50.80216 -28.88848)
1814852553,73819eff-315b-306a-9d6f-a4395be3d45b,-45.37517,-21.2073,2026-04-20 16:16:00+00:00,2026-04-20,NPP-375,COQUEIRAL,MINAS GERAIS,Brasil,0.0,0.0,0.94,Mata Atlântica,33,31,3118700,8,Pastagens e gramíneas,219_075,5.8,POINT(-45.37517 -21.2073)
1814852537,a349fd5c-76f5-3773-9237-153329b7d33f,-49.80192,-22.54379,2026-04-20 16:16:00+00:00,2026-04-20,NPP-375,SÃO PEDRO DO TURVO,SÃO PAULO,Brasil,0.0,2.0,1.0,Cerrado,33,35,3550506,8,Pastagens e gramíneas,221_076,9.4,POINT(-49.80192 -22.54379)
1814852725,a47b68a9-136e-3fea-a97e-3f57e1c17ab5,-48.22505,-22.04205,2026-04-20 16:16:00+00:00,2026-04-20,NPP-375,RIBEIRÃO BONITO,SÃO PAULO,Brasil,0.0,2.0,0.55,Cerrado,33,35,3542909,8,Savana arbórea; Caatinga fechada,220_075,6.9,POINT(-48.22505 -22.04205)
1814852679,1fe22ea8-0f3e-3128-9f3d-51f12de25c62,-49.20973,-24.72505,2026-04-20 16:16:00+00:00,2026-04-20,NPP-375,CERRO AZUL,PARANÁ,Brasil,0.0,3.0,1.0,Mata Atlântica,33,41,4105201,8,Pastagens e gramíneas,220_077,16.4,POINT(-49.20973 -24.72505)
1814853439,ec3e2bad-b36c-3b3d-a036-4142cb02de8e,-51.17435,-22.23878,2026-04-20 16:16:00+00:00,2026-04-20,NPP-375,MARTINÓPOLIS,SÃO PAULO,Brasil,0.0,7.0,1.0,Cerrado,33,35,3529203,8,Pastagens e gramíneas,222_075,9.9,POINT(-51.17435 -22.23878)
1814852623,fccc6ba3-63e7-3e73-b45b-62d9fc5c0c61,-50.20998,-27.92797,2026-04-20 16:16:00+00:00,2026-04-20,NPP-375,LAGES,SANTA CATARINA,Brasil,0.0,4.0,0.23,Mata Atlântica,33,42,4209300,8,Florestas decíduas e sazonais,221_079,19.2,POINT(-50.20998 -27.92797)
1814853032,05b514e6-87b3-3f38-a067-7473c3771d71,-48.75465,-27.43585,2026-04-20 16:16:00+00:00,2026-04-20,NPP-375,BIGUAÇU,SANTA CATARINA,Brasil,0.0,3.0,0.26,Mata Atlântica,33,42,4202305,8,Savana arbórea; Caatinga fechada,220_079,4.2,POINT(-48.75465 -27.43585)
1814852502,2e2459fd-d33b-3269-91cf-7b71ce42a497,-50.6092,-27.16826,2026-04-20 16:16:00+00:00,2026-04-20,NPP-375,CURITIBANOS,SANTA CATARINA,Brasil,0.0,4.0,0.21,Mata Atlântica,33,42,4204806,8,Floresta Ombrófila densa,221_079,12.2,POINT(-50.6092 -27.16826)
1814853526,1b7dd60e-c8b6-3d1b-bba2-781c3d84ee23,-49.44997,-27.73204,2026-04-20 16:16:00+00:00,2026-04-20,NPP-375,ALFREDO WAGNER,SANTA CATARINA,Brasil,0.0,3.0,0.16,Mata Atlântica,33,42,4200705,8,Florestas decíduas e sazonais,220_079,12.7,POINT(-49.44997 -27.73204)
1814853082,79c3de3c-e820-3535-b89e-dcb995f20c33,-48.52727,-24.44647,2026-04-20 16:16:00+00:00,2026-04-20,NPP-375,IPORANGA,SÃO PAULO,Brasil,0.0,2.0,0.17,Mata Atlântica,33,35,3521200,8,Floresta Ombrófila densa,220_077,3.7,POINT(-48.52727 -24.44647)
1814852295,680c2e88-ae8a-33fe-b01c-c24ac2a55aed,-50.56445,-27.49789,2026-04-20 16:16:00+00:00,2026-04-20,NPP-375,CURITIBANOS,SANTA CATARINA,Brasil,0.0,3.0,0.83,Mata Atlântica,33,42,4204806,8,Agricultura e diversos,221_079,9.9,POINT(-50.56445 -27.49789)
1814853084,0f85442b-2ab6-30f3-84bb-8bab2d6644c3,-50.21753,-27.92836,2026-04-20 16:16:00+00:00,2026-04-20,NPP-375,LAGES,SANTA CATARINA,Brasil,0.0,4.0,0.46,Mata Atlântica,33,42,4209300,8,Savana arbórea; Caatinga fechada,221_079,18.0,POINT(-50.21753 -27.92836)
1814853113,c72b7a52-a904-3fed-9fbf-fe85628c7a90,-49.1137,-28.07562,2026-04-20 16:16:00+00:00,2026-04-20,NPP-375,RIO FORTUNA,SANTA CATARINA,Brasil,0.0,3.0,0.2,Mata Atlântica,33,42,4214904,8,Floresta Ombrófila densa,220_079,2.3,POINT(-49.1137 -28.07562)
1814853443,004e88e2-5253-36c9-93ad-678ef966a466,-50.00036,-27.47964,2026-04-20 16:16:00+00:00,2026-04-20,NPP-375,OTACÍLIO COSTA,SANTA CATARINA,Brasil,0.0,3.0,0.17,Mata Atlântica,33,42,4211751,8,Floresta Ombrófila densa,221_079,8.4,POINT(-50.00036 -27.47964)
1814853123,9058ef0f-12a9-33a6-a0cd-d722a7123c13,-51.17643,-22.23921,2026-04-20 16:16:00+00:00,2026-04-20,NPP-375,MARTINÓPOLIS,SÃO PAULO,Brasil,0.0,6.0,1.0,Cerrado,33,35,3529203,8,Pastagens e gramíneas,222_075,10.9,POINT(-51.17643 -22.23921)
1814853406,ce353e65-b0ea-3c88-b6da-7dc0d3e8a5cf,-50.21162,-27.92693,2026-04-20 16:16:00+00:00,2026-04-20,NPP-375,LAGES,SANTA CATARINA,Brasil,0.0,4.0,0.29,Mata Atlântica,33,42,4209300,8,Florestas decíduas e sazonais,221_079,5.8,POINT(-50.21162 -27.92693)
1814852425,fa981adb-88ab-3d9d-9ae0-0a025943543b,-50.21896,-27.92734,2026-04-20 16:16:00+00:00,2026-04-20,NPP-375,LAGES,SANTA CATARINA,Brasil,0.0,4.0,0.55,Mata Atlântica,33,42,4209300,8,Savana arbórea; Caatinga fechada,221_079,5.8,POINT(-50.21896 -27.92734)
1814852363,29d4ff84-f936-35f1-8a95-08109efba05f,-49.42242,-27.44433,2026-04-20 16:16:00+00:00,2026-04-20,NPP-375,VIDAL RAMOS,SANTA CATARINA,Brasil,0.0,3.0,0.95,Mata Atlântica,33,42,4219200,8,Pastagens e gramíneas,220_079,2.8,POINT(-49.42242 -27.44433)
1814853509,86ced520-3e21-3148-810f-55130578ac6b,-49.44409,-27.7366,2026-04-20 16:16:00+00:00,2026-04-20,NPP-375,ALFREDO WAGNER,SANTA CATARINA,Brasil,0.0,3.0,0.15,Mata Atlântica,33,42,4200705,8,Floresta Ombrófila densa,220_079,8.0,POINT(-49.44409 -27.7366)
1814853316,1ca37393-7312-3dc4-9be0-839a4c27a9b6,-49.44458,-27.73172,2026-04-20 16:16:00+00:00,2026-04-20,NPP-375,ALFREDO WAGNER,SANTA CATARINA,Brasil,0.0,3.0,0.15,Mata Atlântica,33,42,4200705,8,Floresta Ombrófila densa,220_079,28.4,POINT(-49.44458 -27.73172)
1814853228,a2614e72-2fd5-3463-9c0f-d6e3184bdc91,-50.81189,-27.0138,2026-04-20 16:16:00+00:00,2026-04-20,NPP-375,FRAIBURGO,SANTA CATARINA,Brasil,0.1,4.0,0.69,Mata Atlântica,33,42,4205506,8,Agricultura e diversos,221_079,5.9,POINT(-50.81189 -27.0138)
1814853233,6f28d9a8-d87b-3a0e-94c0-8d0a4fa3a237,-50.51701,-26.94427,2026-04-20 16:16:00+00:00,2026-04-20,NPP-375,SANTA CECÍLIA,SANTA CATARINA,Brasil,0.0,5.0,0.13,Mata Atlântica,33,42,4215505,8,Floresta Ombrófila densa,221_079,6.6,POINT(-50.51701 -26.94427)
1814853163,131cb3b7-a835-3b1e-b29c-8419459b8041,-50.56354,-27.49734,2026-04-20 16:16:00+00:00,2026-04-20,NPP-375,CURITIBANOS,SANTA CATARINA,Brasil,0.0,3.0,0.87,Mata Atlântica,33,42,4204806,8,Agricultura e diversos,221_079,21.0,POINT(-50.56354 -27.49734)
1814853148,4c0292b0-9d19-3387-8dc1-c2b9fe43de4e,-51.17881,-26.01387,2026-04-20 16:16:00+00:00,2026-04-20,NPP-375,CRUZ MACHADO,PARANÁ,Brasil,0.0,5.0,0.2,Mata Atlântica,33,41,4106803,8,Floresta Ombrófila densa,222_078,4.7,POINT(-51.17881 -26.01387)
1814853119,bcc40663-db49-3913-bd32-4f89dfe68180,-49.99874,-27.48238,2026-04-20 16:16:00+00:00,2026-04-20,NPP-375,OTACÍLIO COSTA,SANTA CATARINA,Brasil,0.0,3.0,0.17,Mata Atlântica,33,42,4211751,8,Floresta Ombrófila densa,221_079,8.6,POINT(-49.99874 -27.48238)
1814853079,50ebc791-68ff-32b4-838f-455e2cd04121,-45.22678,-23.55536,2026-04-20 16:16:00+00:00,2026-04-20,NPP-375,UBATUBA,SÃO PAULO,Brasil,0.1,2.0,0.37,Mata Atlântica,33,35,3555406,8,Floresta de contato; Campinarana,218_076,7.7,POINT(-45.22678 -23.55536)
1814853492,ea199e50-acf6-3ebe-a150-bf16385dd825,-50.57089,-27.4977,2026-04-20 16:16:00+00:00,2026-04-20,NPP-375,CURITIBANOS,SANTA CATARINA,Brasil,0.0,3.0,0.66,Mata Atlântica,33,42,4204806,8,Savana; Caatinga aberta,221_079,11.2,POINT(-50.57089 -27.4977)
1814852413,4806ff24-7c70-3df0-bbed-2deab4455bef,-45.38043,-21.20789,2026-04-20 16:16:00+00:00,2026-04-20,NPP-375,COQUEIRAL,MINAS GERAIS,Brasil,0.0,0.0,0.95,Mata Atlântica,33,31,3118700,8,Pastagens e gramíneas,219_075,5.8,POINT(-45.38043 -21.20789)
1814852987,bf765485-853b-3889-bb7d-f26af25b5315,-49.45097,-27.7304,2026-04-20 16:16:00+00:00,2026-04-20,NPP-375,ALFREDO WAGNER,SANTA CATARINA,Brasil,0.0,3.0,0.25,Mata Atlântica,33,42,4200705,8,Florestas decíduas e sazonais,220_079,8.0,POINT(-49.45097 -27.7304)
1814852211,742e57e3-7111-34f3-9338-f150e8443335,-49.21314,-24.72178,2026-04-20 16:16:00+00:00,2026-04-20,NPP-375,CERRO AZUL,PARANÁ,Brasil,0.0,3.0,0.68,Mata Atlântica,33,41,4105201,8,Savana arbórea; Caatinga fechada,220_077,6.2,POINT(-49.21314 -24.72178)
1814852922,2649a05f-8960-3de0-951c-2d1a0f30c4f8,-50.33131,-26.42224,2026-04-20 16:16:00+00:00,2026-04-20,NPP-375,MAJOR VIEIRA,SANTA CATARINA,Brasil,0.0,4.0,0.2,Mata Atlântica,33,42,4210308,8,Florestas decíduas e sazonais,221_078,5.5,POINT(-50.33131 -26.42224)
1814853040,e2581485-1fea-3aa5-9688-4b9535d13b49,-45.37863,-21.20352,2026-04-20 16:16:00+00:00,2026-04-20,NPP-375,COQUEIRAL,MINAS GERAIS,Brasil,0.0,0.0,0.95,Mata Atlântica,33,31,3118700,8,Pastagens e gramíneas,219_075,5.7,POINT(-45.37863 -21.20352)
1814853348,c78256a8-3195-3d5c-9891-6741636b19c7,-50.60193,-27.16791,2026-04-20 16:16:00+00:00,2026-04-20,NPP-375,PONTE ALTA DO NORTE,SANTA CATARINA,Brasil,0.0,4.0,0.21,Mata Atlântica,33,42,4213351,8,Floresta Ombrófila densa,221_079,29.5,POINT(-50.60193 -27.16791)
1814852894,7314d95c-4327-3a6c-86cb-7d78d22f418b,-49.20641,-24.72126,2026-04-20 16:16:00+00:00,2026-04-20,NPP-375,CERRO AZUL,PARANÁ,Brasil,0.0,3.0,0.73,Mata Atlântica,33,41,4105201,8,Savana; Caatinga aberta,220_077,6.2,POINT(-49.20641 -24.72126)
1814852884,3aa87327-a466-3ef6-96a4-be5acca16f05,-47.21669,-20.08199,2026-04-20 16:18:00+00:00,2026-04-20,NPP-375,SACRAMENTO,MINAS GERAIS,Brasil,0.0,10.0,0.76,Cerrado,33,31,3156908,8,Pastagens e gramíneas,220_074,4.1,POINT(-47.21669 -20.08199)
1814852865,23e1c5af-c965-3de8-bbb3-40faedb58b94,-42.99821,-16.59616,2026-04-20 16:18:00+00:00,2026-04-20,NPP-375,GRÃO MOGOL,MINAS GERAIS,Brasil,0.0,8.0,0.23,Cerrado,33,31,3127800,8,Savana arbórea; Caatinga fechada,218_071,6.2,POINT(-42.99821 -16.59616)
1814852779,f1ec1af0-6256-31b4-9dc5-9989b6a2065f,-39.7676,-16.08899,2026-04-20 16:18:00+00:00,2026-04-20,NPP-375,ITAGIMIRIM,BAHIA,Brasil,0.0,11.0,1.0,Mata Atlântica,33,29,2915304,8,Pastagens e gramíneas,216_071,6.8,POINT(-39.7676 -16.08899)
1814852713,4817053b-f49a-3b1d-a711-8b89dea882a2,-41.9202,-14.82074,2026-04-20 16:18:00+00:00,2026-04-20,NPP-375,CONDEÚBA,BAHIA,Brasil,0.0,11.0,1.0,Caatinga,33,29,2908705,8,Pastagens e gramíneas,217_070,5.6,POINT(-41.9202 -14.82074)
1814852423,93037c8e-4c82-32a1-8d94-91e1e707f2c7,-40.85289,-15.51327,2026-04-20 16:18:00+00:00,2026-04-20,NPP-375,ENCRUZILHADA,BAHIA,Brasil,0.0,8.0,0.72,Mata Atlântica,33,29,2910404,8,Agricultura e diversos,216_071,3.3,POINT(-40.85289 -15.51327)
1814852716,e5985190-3677-346b-ae88-d4b58713c67e,-47.92679,-19.92031,2026-04-20 16:18:00+00:00,2026-04-20,NPP-375,UBERABA,MINAS GERAIS,Brasil,0.0,11.0,0.75,Cerrado,33,31,3170107,8,Agricultura e diversos,220_074,5.5,POINT(-47.92679 -19.92031)
1814853438,bdef2b3f-f3ab-3c6c-b2ab-674e29a578d7,-49.77092,-21.42304,2026-04-20 16:18:00+00:00,2026-04-20,NPP-375,PROMISSÃO,SÃO PAULO,Brasil,0.0,2.0,0.53,Mata Atlântica,33,35,3541604,8,Agricultura e diversos,221_075,3.1,POINT(-49.77092 -21.42304)
1814852624,d0a4a23f-2d83-310d-bbb2-0945ab4ea6a3,-47.87486,-16.3735,2026-04-20 16:18:00+00:00,2026-04-20,NPP-375,LUZIÂNIA,GOIÁS,Brasil,0.0,10.0,1.0,Cerrado,33,52,5212501,8,Pastagens e gramíneas,221_071,3.6,POINT(-47.87486 -16.3735)
1814852610,aec2d6f6-1b05-3430-83bd-4a71590734c4,-39.7634,-16.0918,2026-04-20 16:18:00+00:00,2026-04-20,NPP-375,ITAGIMIRIM,BAHIA,Brasil,0.0,11.0,1.0,Mata Atlântica,33,29,2915304,8,Pastagens e gramíneas,216_071,3.1,POINT(-39.7634 -16.0918)
1814852544,6d0ae0bf-c671-305c-9cbe-547656afe3e8,-43.9565,-15.15475,2026-04-20 16:18:00+00:00,2026-04-20,NPP-375,JAÍBA,MINAS GERAIS,Brasil,0.0,11.0,0.99,Cerrado,33,31,3135050,8,Agricultura e diversos,219_070,7.0,POINT(-43.9565 -15.15475)
1814852567,b59efa8d-50ce-3aed-b37b-a2df1b3656af,-39.48101,-15.42924,2026-04-20 16:18:00+00:00,2026-04-20,NPP-375,CAMACAN,BAHIA,Brasil,0.0,6.0,0.09,Mata Atlântica,33,29,2905602,8,Floresta Ombrófila densa,216_071,5.3,POINT(-39.48101 -15.42924)
1814853028,2550b69d-ac6f-3df6-bd1f-cafb00e36f19,-39.02738,-15.85063,2026-04-20 16:18:00+00:00,2026-04-20,NPP-375,BELMONTE,BAHIA,Brasil,0.0,-999.0,0.1,Mata Atlântica,33,29,2903409,8,Floresta Ombrófila densa,215_071,13.8,POINT(-39.02738 -15.85063)
1814852812,b4dffaf3-1203-3686-a874-f2cb7a41aedc,-39.49612,-16.35712,2026-04-20 16:18:00+00:00,2026-04-20,NPP-375,EUNÁPOLIS,BAHIA,Brasil,0.2,9.0,0.99,Mata Atlântica,33,29,2910727,8,Pastagens e gramíneas,215_071,11.1,POINT(-39.49612 -16.35712)
1814852436,43f7bbd8-2142-345b-bc28-eb0b9b732016,-43.0967,-14.81829,2026-04-20 16:18:00+00:00,2026-04-20,NPP-375,ESPINOSA,MINAS GERAIS,Brasil,0.0,14.0,1.0,Caatinga,33,31,3124302,8,Pastagens e gramíneas,218_070,7.1,POINT(-43.0967 -14.81829)
1814852674,77b7076b-c9e7-39c5-9669-ebb1934e148d,-39.71507,-15.01191,2026-04-20 16:18:00+00:00,2026-04-20,NPP-375,ITAJU DO COLÔNIA,BAHIA,Brasil,0.0,7.0,0.45,Mata Atlântica,33,29,2915403,8,Savana; Caatinga aberta,216_070,19.5,POINT(-39.71507 -15.01191)
1814852534,faad115c-1999-3a25-8d71-a6cd119234b4,-39.34764,-15.79151,2026-04-20 16:18:00+00:00,2026-04-20,NPP-375,MASCOTE,BAHIA,Brasil,0.0,9.0,1.0,Mata Atlântica,33,29,2920908,8,Pastagens e gramíneas,215_071,6.9,POINT(-39.34764 -15.79151)
1814852768,3ec4b4c4-e9b9-3df2-9e98-40c74a21952d,-44.67408,-17.59665,2026-04-20 16:18:00+00:00,2026-04-20,NPP-375,VÁRZEA DA PALMA,MINAS GERAIS,Brasil,0.89,6.0,0.77,Cerrado,33,31,3170800,8,Pastagens e gramíneas,219_072,4.8,POINT(-44.67408 -17.59665)
1814852568,9f45f77a-b789-3310-bad3-f4da56c5e1cb,-39.40337,-14.11053,2026-04-20 16:18:00+00:00,2026-04-20,NPP-375,IBIRAPITANGA,BAHIA,Brasil,0.0,6.0,0.04,Mata Atlântica,33,29,2912707,8,Floresta Ombrófila densa,216_070,4.3,POINT(-39.40337 -14.11053)
1814852500,001cb06a-656d-3438-981a-e80a5da37a94,-40.06009,-19.59205,2026-04-20 16:18:00+00:00,2026-04-20,NPP-375,ARACRUZ,ESPÍRITO SANTO,Brasil,0.63,3.0,0.06,Mata Atlântica,33,32,3200607,8,Pastagens e gramíneas,215_074,3.0,POINT(-40.06009 -19.59205)
1814852492,11f8c94c-5686-3970-bf6a-746e37c07a41,-41.92068,-14.81718,2026-04-20 16:18:00+00:00,2026-04-20,NPP-375,CONDEÚBA,BAHIA,Brasil,0.0,10.0,1.0,Caatinga,33,29,2908705,8,Pastagens e gramíneas,217_070,11.5,POINT(-41.92068 -14.81718)
1814852461,ca6b3dc4-a486-3274-b8f7-f2e598999924,-53.07186,-16.2459,2026-04-20 16:18:00+00:00,2026-04-20,NPP-375,TORIXORÉU,MATO GROSSO,Brasil,0.0,2.0,0.79,Cerrado,33,51,5108204,8,Pastagens e gramíneas,224_071,8.0,POINT(-53.07186 -16.2459)
1814852473,f5dabf74-83f2-312e-b118-cf4b9ec154f9,-46.661,-15.07855,2026-04-20 16:18:00+00:00,2026-04-20,NPP-375,BURITIS,MINAS GERAIS,Brasil,0.0,3.0,0.4,Cerrado,33,31,3109303,8,Savana; Caatinga aberta,220_070,6.5,POINT(-46.661 -15.07855)
1814852470,debc14c5-9782-39cd-8686-9851af9ff939,-39.71561,-15.00856,2026-04-20 16:18:00+00:00,2026-04-20,NPP-375,ITAJU DO COLÔNIA,BAHIA,Brasil,0.0,7.0,0.69,Mata Atlântica,33,29,2915403,8,Agricultura e diversos,216_070,21.3,POINT(-39.71561 -15.00856)
1814852603,923a5650-4288-31ac-8f42-b6ec21950623,-43.95393,-15.15578,2026-04-20 16:18:00+00:00,2026-04-20,NPP-375,JAÍBA,MINAS GERAIS,Brasil,0.0,11.0,1.0,Cerrado,33,31,3135050,8,Agricultura e diversos,219_070,6.2,POINT(-43.95393 -15.15578)
1814852581,c4ff3f3d-af23-3476-b9a6-97485d0977db,-41.80908,-15.17864,2026-04-20 16:18:00+00:00,2026-04-20,NPP-375,SÃO JOÃO DO PARAÍSO,MINAS GERAIS,Brasil,0.0,10.0,0.58,Mata Atlântica,33,31,3162708,8,Savana arbórea; Caatinga fechada,217_071,6.5,POINT(-41.80908 -15.17864)
1814853489,207e096b-abf8-3dcb-b6fc-ee39dfea84ef,-40.1015,-15.12797,2026-04-20 16:18:00+00:00,2026-04-20,NPP-375,ITAMBÉ,BAHIA,Brasil,0.0,8.0,0.76,Mata Atlântica,33,29,2915809,8,Pastagens e gramíneas,216_070,2.0,POINT(-40.1015 -15.12797)
1814852449,ce085abb-44a8-356d-87c8-e3238c001d1d,-45.13239,-18.62908,2026-04-20 16:18:00+00:00,2026-04-20,NPP-375,FELIXLÂNDIA,MINAS GERAIS,Brasil,0.0,8.0,0.48,Cerrado,33,31,3125705,8,Savana; Caatinga aberta,219_073,11.3,POINT(-45.13239 -18.62908)
1814853146,96cb6d54-02e3-3d9f-ad98-068c9c7f6d8d,-42.99469,-14.66573,2026-04-20 16:18:00+00:00,2026-04-20,NPP-375,SEBASTIÃO LARANJEIRAS,BAHIA,Brasil,0.0,15.0,0.98,Caatinga,33,29,2930006,8,Pastagens e gramíneas,218_070,9.7,POINT(-42.99469 -14.66573)
1814853185,a6e909d7-3d5b-344a-8421-13d8b2c2d789,-39.17834,-16.68321,2026-04-20 16:18:00+00:00,2026-04-20,NPP-375,PORTO SEGURO,BAHIA,Brasil,0.19,7.0,0.98,Mata Atlântica,33,29,2925303,8,Pastagens e gramíneas,215_072,10.1,POINT(-39.17834 -16.68321)
1814853182,a167dc0e-2873-30b7-a8fe-d35951c6c1bc,-39.71922,-15.0091,2026-04-20 16:18:00+00:00,2026-04-20,NPP-375,ITAJU DO COLÔNIA,BAHIA,Brasil,0.0,7.0,0.65,Mata Atlântica,33,29,2915403,8,Agricultura e diversos,216_070,21.3,POINT(-39.71922 -15.0091)
1814853287,2687d5af-88ea-3bac-9f38-5396bc24775b,-42.99413,-14.66947,2026-04-20 16:18:00+00:00,2026-04-20,NPP-375,SEBASTIÃO LARANJEIRAS,BAHIA,Brasil,0.0,15.0,0.85,Caatinga,33,29,2930006,8,Pastagens e gramíneas,218_070,2.0,POINT(-42.99413 -14.66947)
1814853265,8e81d101-ee16-38a8-b496-249d85a4a6dc,-41.46231,-16.12357,2026-04-20 16:18:00+00:00,2026-04-20,NPP-375,MEDINA,MINAS GERAIS,Brasil,0.0,7.0,0.41,Mata Atlântica,33,31,3141405,8,Savana arbórea; Caatinga fechada,217_071,5.3,POINT(-41.46231 -16.12357)
1814853253,402e1e90-a8c6-3d89-83a4-ef30659fc807,-47.9263,-19.92583,2026-04-20 16:18:00+00:00,2026-04-20,NPP-375,UBERABA,MINAS GERAIS,Brasil,0.0,11.0,0.74,Cerrado,33,31,3170107,8,Agricultura e diversos,220_074,5.5,POINT(-47.9263 -19.92583)
1814852346,4ac57c37-e177-3ddb-8afd-58ada1d27066,-45.13485,-18.63252,2026-04-20 16:18:00+00:00,2026-04-20,NPP-375,FELIXLÂNDIA,MINAS GERAIS,Brasil,0.0,8.0,0.71,Cerrado,33,31,3125705,8,Pastagens e gramíneas,219_073,7.0,POINT(-45.13485 -18.63252)
1814852343,dc4fed0a-6b0b-31df-a80a-c640f7450cfc,-43.1054,-20.20497,2026-04-20 16:18:00+00:00,2026-04-20,NPP-375,BARRA LONGA,MINAS GERAIS,Brasil,0.1,0.0,0.27,Mata Atlântica,33,31,3105707,8,Pastagens e gramíneas,217_074,4.2,POINT(-43.1054 -20.20497)
1814853285,e6318c15-78b3-3cf0-8301-4937c535b745,-40.4243,-17.97297,2026-04-20 16:18:00+00:00,2026-04-20,NPP-375,MUCURICI,ESPÍRITO SANTO,Brasil,0.16,2.0,0.08,Mata Atlântica,33,32,3203601,8,Floresta de contato; Campinarana,216_072,7.5,POINT(-40.4243 -17.97297)
1814853174,fffed068-1893-38c9-969a-7a9582ff466b,-40.42682,-15.74719,2026-04-20 16:18:00+00:00,2026-04-20,NPP-375,MACARANI,BAHIA,Brasil,0.23,7.0,1.0,Mata Atlântica,33,29,2919702,8,Pastagens e gramíneas,216_071,6.9,POINT(-40.42682 -15.74719)
1814852331,5a462320-4a5c-37c2-8e83-c6e3161479e3,-39.58816,-17.06175,2026-04-20 16:18:00+00:00,2026-04-20,NPP-375,ITAMARAJU,BAHIA,Brasil,4.32,3.0,0.28,Mata Atlântica,33,29,2915601,8,Agricultura e diversos,215_072,1.8,POINT(-39.58816 -17.06175)
1814852324,bb4d52c1-c9e1-3a16-bb3c-d5bb6a53fbe9,-40.42377,-17.97642,2026-04-20 16:18:00+00:00,2026-04-20,NPP-375,MUCURICI,ESPÍRITO SANTO,Brasil,0.15,2.0,0.09,Mata Atlântica,33,32,3203601,8,Savana arbórea; Caatinga fechada,216_072,2.8,POINT(-40.42377 -17.97642)
1814853139,ead6bce5-10d1-354e-b4a3-9cd3793d3f11,-47.2207,-20.07705,2026-04-20 16:18:00+00:00,2026-04-20,NPP-375,SACRAMENTO,MINAS GERAIS,Brasil,0.0,11.0,0.77,Cerrado,33,31,3156908,8,Pastagens e gramíneas,220_074,9.3,POINT(-47.2207 -20.07705)
1814853505,988a26d9-bfc9-321c-b545-b907c41e6aed,-39.89011,-19.0126,2026-04-20 16:18:00+00:00,2026-04-20,NPP-375,JAGUARÉ,ESPÍRITO SANTO,Brasil,3.5,-999.0,0.07,Mata Atlântica,33,32,3203056,8,Pastagens e gramíneas,215_073,3.4,POINT(-39.89011 -19.0126)
1814853101,90bdc698-912b-3627-9448-c77916eac014,-46.53147,-15.85239,2026-04-20 16:18:00+00:00,2026-04-20,NPP-375,UNAÍ,MINAS GERAIS,Brasil,0.2,5.0,0.35,Cerrado,33,31,3170404,8,Savana; Caatinga aberta,220_071,15.2,POINT(-46.53147 -15.85239)
1814852487,d3a29dd4-47fd-3fb8-9397-5c5bddfe96fd,-46.53199,-15.84761,2026-04-20 16:18:00+00:00,2026-04-20,NPP-375,UNAÍ,MINAS GERAIS,Brasil,0.2,6.0,0.43,Cerrado,33,31,3170404,8,Savana; Caatinga aberta,220_071,15.2,POINT(-46.53199 -15.84761)
1814852388,b8dc0e89-dfa5-3b06-9e69-a0f5b62ed21b,-47.21721,-20.0767,2026-04-20 16:18:00+00:00,2026-04-20,NPP-375,SACRAMENTO,MINAS GERAIS,Brasil,0.0,10.0,0.77,Cerrado,33,31,3156908,8,Pastagens e gramíneas,220_074,18.4,POINT(-47.21721 -20.0767)
1814852394,4c40b52d-3e58-33e5-8e85-9b4a02a7d97a,-44.31279,-20.92024,2026-04-20 16:18:00+00:00,2026-04-20,NPP-375,RITÁPOLIS,MINAS GERAIS,Brasil,0.0,2.0,0.6,Mata Atlântica,33,31,3156106,8,Savana; Caatinga aberta,218_074,67.1,POINT(-44.31279 -20.92024)
1814852370,743388a9-2062-34cc-80ba-6f214ef22b9e,-44.81507,-17.71203,2026-04-20 16:18:00+00:00,2026-04-20,NPP-375,VÁRZEA DA PALMA,MINAS GERAIS,Brasil,1.44,7.0,0.73,Cerrado,33,31,3170800,8,Pastagens e gramíneas,219_072,3.9,POINT(-44.81507 -17.71203)
1814853516,5f5cc717-48b0-38ab-8586-a82a2eec0cf1,-46.83456,-17.16874,2026-04-20 16:18:00+00:00,2026-04-20,NPP-375,PARACATU,MINAS GERAIS,Brasil,0.0,10.0,1.0,Cerrado,33,31,3147006,8,Pastagens e gramíneas,220_072,11.7,POINT(-46.83456 -17.16874)
1814853060,e55e4fd4-b47f-38b1-8478-c31b2552f161,-40.64931,-15.75197,2026-04-20 16:18:00+00:00,2026-04-20,NPP-375,MATA VERDE,MINAS GERAIS,Brasil,0.5,8.0,0.42,Mata Atlântica,33,31,3140555,8,Savana arbórea; Caatinga fechada,216_071,4.4,POINT(-40.64931 -15.75197)
1814852271,4f8fbf51-2044-3333-8592-85253de30d0e,-47.87547,-16.36825,2026-04-20 16:18:00+00:00,2026-04-20,NPP-375,LUZIÂNIA,GOIÁS,Brasil,0.0,10.0,1.0,Cerrado,33,52,5212501,8,Pastagens e gramíneas,221_071,7.5,POINT(-47.87547 -16.36825)
1814853038,c4ac9d88-a0d6-34af-8093-afb60b3863e8,-40.23238,-20.12536,2026-04-20 16:18:00+00:00,2026-04-20,NPP-375,SERRA,ESPÍRITO SANTO,Brasil,0.0,-999.0,0.05,Mata Atlântica,33,32,3205002,8,Florestas decíduas e sazonais,215_074,3.9,POINT(-40.23238 -20.12536)
1814853027,e1f7ff76-38a6-3fe2-b9f4-58f8a85da794,-40.15153,-14.50456,2026-04-20 16:18:00+00:00,2026-04-20,NPP-375,IGUAÍ,BAHIA,Brasil,0.0,8.0,0.15,Mata Atlântica,33,29,2913507,8,Floresta de contato; Campinarana,216_070,1.8,POINT(-40.15153 -14.50456)
1814853368,252c0ba6-d874-3539-be2d-46ae6d97bf7e,-44.31794,-20.91636,2026-04-20 16:18:00+00:00,2026-04-20,NPP-375,RITÁPOLIS,MINAS GERAIS,Brasil,0.0,2.0,0.87,Mata Atlântica,33,31,3156106,8,Pastagens e gramíneas,218_074,67.1,POINT(-44.31794 -20.91636)
1814853007,a9d85d12-c961-324d-add7-dd9686a351db,-46.31004,-15.61277,2026-04-20 16:18:00+00:00,2026-04-20,NPP-375,BURITIS,MINAS GERAIS,Brasil,0.0,10.0,0.85,Cerrado,33,31,3109303,8,Pastagens e gramíneas,220_071,6.3,POINT(-46.31004 -15.61277)
1814853006,fb6fea6b-a024-35ec-b499-5393e60dac07,-42.82295,-14.90644,2026-04-20 16:18:00+00:00,2026-04-20,NPP-375,ESPINOSA,MINAS GERAIS,Brasil,0.0,10.0,0.84,Cerrado,33,31,3124302,8,Pastagens e gramíneas,218_070,2.2,POINT(-42.82295 -14.90644)
1814853002,0fca3da5-ca46-3caf-a44d-4198bcb860e0,-43.99751,-17.76832,2026-04-20 16:18:00+00:00,2026-04-20,NPP-375,BUENÓPOLIS,MINAS GERAIS,Brasil,2.47,2.0,0.36,Cerrado,33,31,3109204,8,Pastagens e gramíneas,218_072,4.0,POINT(-43.99751 -17.76832)
1814853388,269b2769-c994-3c37-a5ca-dc6ece15e8a3,-40.0159,-18.30686,2026-04-20 16:18:00+00:00,2026-04-20,NPP-375,PINHEIROS,ESPÍRITO SANTO,Brasil,1.45,3.0,0.48,Mata Atlântica,33,32,3204104,8,Agricultura e diversos,216_073,2.7,POINT(-40.0159 -18.30686)
1814853517,361f89b3-f49a-3f4a-9936-0a448189baea,-39.64922,-14.55612,2026-04-20 16:18:00+00:00,2026-04-20,NPP-375,ITAPITANGA,BAHIA,Brasil,0.0,6.0,0.69,Mata Atlântica,33,29,2916609,8,Pastagens e gramíneas,216_070,7.6,POINT(-39.64922 -14.55612)
1814852220,83decc11-37ae-3d40-b0db-5aad974466a6,-41.45868,-15.54882,2026-04-20 16:18:00+00:00,2026-04-20,NPP-375,ÁGUAS VERMELHAS,MINAS GERAIS,Brasil,0.0,9.0,0.65,Mata Atlântica,33,31,3101003,8,Savana arbórea; Caatinga fechada,217_071,9.2,POINT(-41.45868 -15.54882)
1814853463,b1397a0e-e8ac-3d75-a2f8-731aa70d8d5b,-39.75973,-16.09126,2026-04-20 16:18:00+00:00,2026-04-20,NPP-375,ITAGIMIRIM,BAHIA,Brasil,0.0,11.0,1.0,Mata Atlântica,33,29,2915304,8,Pastagens e gramíneas,216_071,4.1,POINT(-39.75973 -16.09126)
1814852417,e10a5319-c792-3379-a572-90144ad216b0,-40.42318,-15.74665,2026-04-20 16:18:00+00:00,2026-04-20,NPP-375,MACARANI,BAHIA,Brasil,0.27,7.0,1.0,Mata Atlântica,33,29,2919702,8,Pastagens e gramíneas,216_071,6.9,POINT(-40.42318 -15.74665)
1814852929,d48cb2b5-0722-3c88-bc23-31472419e0fc,-43.28553,-16.75374,2026-04-20 16:18:00+00:00,2026-04-20,NPP-375,ITACAMBIRA,MINAS GERAIS,Brasil,0.0,9.0,0.25,Cerrado,33,31,3132008,8,Savana arbórea; Caatinga fechada,218_072,17.8,POINT(-43.28553 -16.75374)
1814852897,8fe61431-c8de-3cfc-beed-f0ef7ea904bc,-48.95691,-17.05919,2026-04-20 16:18:00+00:00,2026-04-20,NPP-375,BELA VISTA DE GOIÁS,GOIÁS,Brasil,0.0,11.0,0.41,Cerrado,33,52,5203302,8,Agricultura e diversos,221_072,7.5,POINT(-48.95691 -17.05919)
1814853255,281111af-e7e1-3ab3-b3f5-b3598a22a0c8,-44.9378,-18.72648,2026-04-20 16:18:00+00:00,2026-04-20,NPP-375,FELIXLÂNDIA,MINAS GERAIS,Brasil,0.0,9.0,1.0,Cerrado,33,31,3125705,8,Pastagens e gramíneas,219_073,4.8,POINT(-44.9378 -18.72648)
1814852879,4d33a07a-d9e5-318e-806b-2634e50f4b9f,-47.54612,-13.49559,2026-04-20 16:20:00+00:00,2026-04-20,NPP-375,CAVALCANTE,GOIÁS,Brasil,0.4,0.0,0.06,Cerrado,33,52,5205307,8,Savana; Caatinga aberta,221_069,3.2,POINT(-47.54612 -13.49559)
1814852863,870bc6a4-4481-39dc-be6a-09ba7a80b484,-39.66467,-13.5864,2026-04-20 16:20:00+00:00,2026-04-20,NPP-375,WENCESLAU GUIMARÃES,BAHIA,Brasil,0.1,5.0,0.02,Mata Atlântica,33,29,2933505,8,Floresta Ombrófila densa,216_069,1.6,POINT(-39.66467 -13.5864)
1814852859,c8cebaec-08a5-3eb1-a78e-b69948dfb38c,-41.23019,-13.80104,2026-04-20 16:20:00+00:00,2026-04-20,NPP-375,ITUAÇU,BAHIA,Brasil,0.06,5.0,0.21,Caatinga,33,29,2917201,8,Savana arbórea; Caatinga fechada,217_070,2.5,POINT(-41.23019 -13.80104)
1814852857,d0ecc372-a6bd-33f3-bb52-f9cda69adaab,-38.9768,-13.35003,2026-04-20 16:20:00+00:00,2026-04-20,NPP-375,VALENÇA,BAHIA,Brasil,0.1,-999.0,0.12,Mata Atlântica,33,29,2932903,8,Savana; Caatinga aberta,216_069,3.3,POINT(-38.9768 -13.35003)
1814852856,bcfa68f3-2a73-3e7d-95bd-4532eced64e7,-38.97626,-13.35337,2026-04-20 16:20:00+00:00,2026-04-20,NPP-375,VALENÇA,BAHIA,Brasil,0.1,-999.0,0.14,Mata Atlântica,33,29,2932903,8,Agricultura e diversos,216_069,2.7,POINT(-38.97626 -13.35337)
1814852840,25af0e1b-78f4-38ef-bd4a-23b778ce4096,-39.32804,-12.66417,2026-04-20 16:20:00+00:00,2026-04-20,NPP-375,CASTRO ALVES,BAHIA,Brasil,0.72,0.0,0.33,Mata Atlântica,33,29,2907301,8,Pastagens e gramíneas,216_069,13.3,POINT(-39.32804 -12.66417)
1814852705,bc37c985-014b-3d21-930f-75fe9363c106,-43.72895,-12.23669,2026-04-20 16:20:00+00:00,2026-04-20,NPP-375,MUQUÉM DO SÃO FRANCISCO,BAHIA,Brasil,0.0,0.0,0.25,Cerrado,33,29,2922250,8,Savana arbórea; Caatinga fechada,219_068,3.9,POINT(-43.72895 -12.23669)
1814852747,646e206e-3358-33fd-8362-97dc368a5456,-47.5396,-13.49983,2026-04-20 16:20:00+00:00,2026-04-20,NPP-375,CAVALCANTE,GOIÁS,Brasil,0.4,1.0,0.07,Cerrado,33,52,5205307,8,Savana; Caatinga aberta,221_069,5.9,POINT(-47.5396 -13.49983)
1814852748,00177f73-7b3b-3355-b28b-5d481ecf244f,-39.32751,-12.6675,2026-04-20 16:20:00+00:00,2026-04-20,NPP-375,CASTRO ALVES,BAHIA,Brasil,0.7,0.0,0.36,Mata Atlântica,33,29,2907301,8,Pastagens e gramíneas,216_069,13.3,POINT(-39.32751 -12.6675)
1814852728,1e11eb09-b9f7-3d29-8af9-cce4f61e2673,-40.78419,-12.08138,2026-04-20 16:20:00+00:00,2026-04-20,NPP-375,MUNDO NOVO,BAHIA,Brasil,0.1,10.0,1.0,Caatinga,33,29,2922102,8,Pastagens e gramíneas,217_068,2.8,POINT(-40.78419 -12.08138)
1814852657,5c74e1d3-52af-361e-a68b-b17e1040f175,-43.8534,-14.04311,2026-04-20 16:20:00+00:00,2026-04-20,NPP-375,CARINHANHA,BAHIA,Brasil,0.0,18.0,0.66,Cerrado,33,29,2907103,8,Savana arbórea; Caatinga fechada,219_070,5.4,POINT(-43.8534 -14.04311)
1814852681,136ac030-1f04-345a-9522-793f5634c3e5,-38.29123,-10.2621,2026-04-20 16:20:00+00:00,2026-04-20,NPP-375,SÍTIO DO QUINTO,BAHIA,Brasil,0.49,0.0,0.67,Caatinga,33,29,2930766,8,Savana; Caatinga aberta,216_067,3.5,POINT(-38.29123 -10.2621)
1814852744,bfb105c8-647f-384d-9d01-fe940d986c90,-41.26838,-11.93049,2026-04-20 16:20:00+00:00,2026-04-20,NPP-375,BONITO,BAHIA,Brasil,0.0,0.0,0.12,Caatinga,33,29,2904050,8,Floresta Ombrófila densa,217_068,6.0,POINT(-41.26838 -11.93049)
1814852815,2e2a81b6-165a-334a-954c-795abf6d47c7,-37.7336,-9.49374,2026-04-20 16:20:00+00:00,2026-04-20,NPP-375,PIRANHAS,ALAGOAS,Brasil,0.0,0.0,1.0,Caatinga,33,27,2707107,8,Pastagens e gramíneas,215_067,3.8,POINT(-37.7336 -9.49374)
1814853376,1bfa4072-f60a-3605-9f3f-1083020480af,-47.51347,-14.17029,2026-04-20 16:20:00+00:00,2026-04-20,NPP-375,ALTO PARAÍSO DE GOIÁS,GOIÁS,Brasil,0.0,2.0,0.16,Cerrado,33,52,5200605,8,Savana; Caatinga aberta,221_070,6.7,POINT(-47.51347 -14.17029)
1814852646,d41aeb34-77b5-3236-ba0b-cc930a4db0c7,-43.73098,-12.23726,2026-04-20 16:20:00+00:00,2026-04-20,NPP-375,MUQUÉM DO SÃO FRANCISCO,BAHIA,Brasil,0.0,0.0,0.25,Cerrado,33,29,2922250,8,Savana arbórea; Caatinga fechada,219_068,2.3,POINT(-43.73098 -12.23726)
1814852242,69f65862-2c6d-3926-816d-d7aa254c94c1,-38.97734,-13.34669,2026-04-20 16:20:00+00:00,2026-04-20,NPP-375,VALENÇA,BAHIA,Brasil,0.1,-999.0,0.09,Mata Atlântica,33,29,2932903,8,Savana; Caatinga aberta,216_069,3.3,POINT(-38.97734 -13.34669)
1814852595,30f299f2-1bc1-32ba-a918-9a09ae10c21b,-39.68841,-13.62074,2026-04-20 16:20:00+00:00,2026-04-20,NPP-375,WENCESLAU GUIMARÃES,BAHIA,Brasil,0.0,5.0,0.11,Mata Atlântica,33,29,2933505,8,Savana arbórea; Caatinga fechada,216_069,3.5,POINT(-39.68841 -13.62074)
1814852591,f9fa3a58-23d7-349d-9d88-9ab90ba803e7,-41.62899,-12.16074,2026-04-20 16:20:00+00:00,2026-04-20,NPP-375,IRAQUARA,BAHIA,Brasil,0.0,0.0,0.24,Caatinga,33,29,2914406,8,Savana arbórea; Caatinga fechada,217_068,3.3,POINT(-41.62899 -12.16074)
1814852584,504d664b-aa02-3a2d-a11e-8c804419ce12,-42.97461,-13.5837,2026-04-20 16:20:00+00:00,2026-04-20,NPP-375,RIACHO DE SANTANA,BAHIA,Brasil,0.0,13.0,0.96,Caatinga,33,29,2926400,8,Pastagens e gramíneas,218_069,3.3,POINT(-42.97461 -13.5837)
1814852571,850278e9-2fcf-3c03-bba9-b090f15bc5c3,-39.87663,-13.87892,2026-04-20 16:20:00+00:00,2026-04-20,NPP-375,JEQUIÉ,BAHIA,Brasil,0.0,1.0,0.12,Mata Atlântica,33,29,2918001,8,Savana arbórea; Caatinga fechada,216_070,2.7,POINT(-39.87663 -13.87892)
1814853025,1299d693-3974-39cf-8a8f-f7a33b9bcb0d,-38.44097,-9.89196,2026-04-20 16:20:00+00:00,2026-04-20,NPP-375,JEREMOABO,BAHIA,Brasil,0.0,0.0,0.62,Caatinga,33,29,2918100,8,Savana arbórea; Caatinga fechada,216_067,3.3,POINT(-38.44097 -9.89196)
1814852565,8e324074-94f0-37b1-9d9c-b7ee7de21ee2,-37.20139,-9.70812,2026-04-20 16:20:00+00:00,2026-04-20,NPP-375,BATALHA,ALAGOAS,Brasil,1.31,2.0,1.0,Caatinga,33,27,2700706,8,Pastagens e gramíneas,215_067,10.1,POINT(-37.20139 -9.70812)
1814852765,7338fa9e-33c5-392b-b2eb-a166bbff629c,-36.9052,-9.32851,2026-04-20 16:20:00+00:00,2026-04-20,NPP-375,MINADOR DO NEGRÃO,ALAGOAS,Brasil,22.27,2.0,0.0,Caatinga,33,27,2705309,8,Agricultura e diversos,215_066,8.1,POINT(-36.9052 -9.32851)
1814852560,2658ab1d-8f04-371d-8b43-ce62c3627e2a,-43.47408,-14.38574,2026-04-20 16:20:00+00:00,2026-04-20,NPP-375,IUIU,BAHIA,Brasil,0.0,16.0,1.0,Cerrado,33,29,2917334,8,Pastagens e gramíneas,218_070,7.6,POINT(-43.47408 -14.38574)
1814852559,8b129f08-5c74-39e5-b523-da3e6ee188a7,-37.10508,-9.24888,2026-04-20 16:20:00+00:00,2026-04-20,NPP-375,SANTANA DO IPANEMA,ALAGOAS,Brasil,8.46,2.0,0.19,Caatinga,33,27,2708006,8,Pastagens e gramíneas,215_066,15.4,POINT(-37.10508 -9.24888)
1814852651,9d4d99a3-91f8-362e-afd5-97b30c9f670f,-38.97902,-10.57049,2026-04-20 16:20:00+00:00,2026-04-20,NPP-375,EUCLIDES DA CUNHA,BAHIA,Brasil,3.14,4.0,1.0,Caatinga,33,29,2910701,8,Pastagens e gramíneas,216_067,2.5,POINT(-38.97902 -10.57049)
1814852822,9b28891d-c472-35f9-b82e-f5b569575916,-43.47947,-14.38256,2026-04-20 16:20:00+00:00,2026-04-20,NPP-375,IUIU,BAHIA,Brasil,0.0,16.0,1.0,Cerrado,33,29,2917334,8,Pastagens e gramíneas,218_070,9.4,POINT(-43.47947 -14.38256)
1814852523,f041d980-dd4b-30ed-adb2-d865af95085d,-39.68275,-13.8325,2026-04-20 16:20:00+00:00,2026-04-20,NPP-375,ITAMARI,BAHIA,Brasil,0.0,1.0,0.04,Mata Atlântica,33,29,2915700,8,Florestas decíduas e sazonais,216_070,4.8,POINT(-39.68275 -13.8325)
1814852513,17c18971-53fa-39a8-ae62-2145273ad4fc,-38.97377,-13.34614,2026-04-20 16:20:00+00:00,2026-04-20,NPP-375,VALENÇA,BAHIA,Brasil,0.1,-999.0,0.08,Mata Atlântica,33,29,2932903,8,Savana; Caatinga aberta,216_069,4.1,POINT(-38.97377 -13.34614)
1814852801,6523efff-c62b-314c-afae-8fc814a592b9,-46.44981,-14.89286,2026-04-20 16:20:00+00:00,2026-04-20,NPP-375,FORMOSO,MINAS GERAIS,Brasil,0.0,3.0,0.95,Cerrado,33,31,3126208,8,Pastagens e gramíneas,220_070,6.7,POINT(-46.44981 -14.89286)
1814852507,ed5d9389-5657-3a45-93da-0ad9cd3a3faf,-39.74829,-13.23176,2026-04-20 16:20:00+00:00,2026-04-20,NPP-375,UBAÍRA,BAHIA,Brasil,0.2,6.0,0.12,Mata Atlântica,33,29,2932101,8,Savana arbórea; Caatinga fechada,216_069,7.6,POINT(-39.74829 -13.23176)
1814852690,2036fcce-935b-34fd-8625-05fea08b1fc6,-44.74397,-11.72719,2026-04-20 16:20:00+00:00,2026-04-20,NPP-375,RIACHÃO DAS NEVES,BAHIA,Brasil,0.85,4.0,0.16,Cerrado,33,29,2926202,8,Savana; Caatinga aberta,220_068,5.3,POINT(-44.74397 -11.72719)
1814853466,324e0678-e3ba-3b50-ada7-333cc426c170,-45.34402,-13.94915,2026-04-20 16:20:00+00:00,2026-04-20,NPP-375,JABORANDI,BAHIA,Brasil,0.0,10.0,0.53,Cerrado,33,29,2917359,8,Savana; Caatinga aberta,220_070,5.5,POINT(-45.34402 -13.94915)
1814853515,b2be5c00-8389-3ab6-ac40-8fbcd6fac4b6,-39.62508,-14.00671,2026-04-20 16:20:00+00:00,2026-04-20,NPP-375,IBIRATAIA,BAHIA,Brasil,0.0,4.0,0.03,Mata Atlântica,33,29,2912905,8,Floresta Ombrófila densa,216_070,1.8,POINT(-39.62508 -14.00671)
1814852481,27107f2d-3f63-33ff-88b4-07e3697197a6,-42.2694,-13.45166,2026-04-20 16:20:00+00:00,2026-04-20,NPP-375,PARAMIRIM,BAHIA,Brasil,0.0,0.0,1.0,Caatinga,33,29,2923605,8,Pastagens e gramíneas,218_069,3.3,POINT(-42.2694 -13.45166)
1814853501,31d06826-ae53-3e56-98ae-52695f68c547,-37.57106,-11.15617,2026-04-20 16:20:00+00:00,2026-04-20,NPP-375,BOQUIM,SERGIPE,Brasil,0.0,5.0,1.0,Mata Atlântica,33,28,2800670,8,Pastagens e gramíneas,215_068,2.4,POINT(-37.57106 -11.15617)
1814852458,02675004-499f-3f99-a547-e356c1464f97,-38.30943,-9.98662,2026-04-20 16:20:00+00:00,2026-04-20,NPP-375,JEREMOABO,BAHIA,Brasil,0.0,0.0,0.71,Caatinga,33,29,2918100,8,Savana arbórea; Caatinga fechada,216_067,8.7,POINT(-38.30943 -9.98662)
1814853437,efdb7446-76b8-3c64-a08a-59132bc1aa6e,-42.33963,-14.36312,2026-04-20 16:20:00+00:00,2026-04-20,NPP-375,IBIASSUCÊ,BAHIA,Brasil,0.0,3.0,0.4,Caatinga,33,29,2912004,8,Savana; Caatinga aberta,218_070,5.0,POINT(-42.33963 -14.36312)
1814853367,9b56b1a7-2c8f-32bf-892f-f4a92cd83829,-39.31521,-13.6286,2026-04-20 16:20:00+00:00,2026-04-20,NPP-375,TAPEROÁ,BAHIA,Brasil,0.1,2.0,0.03,Mata Atlântica,33,29,2931202,8,Floresta Ombrófila densa,216_069,1.8,POINT(-39.31521 -13.6286)
1814853363,ad6b195e-233d-34d7-b9ce-4bd43b7717f5,-47.52674,-13.50831,2026-04-20 16:20:00+00:00,2026-04-20,NPP-375,CAVALCANTE,GOIÁS,Brasil,0.4,1.0,0.07,Cerrado,33,52,5205307,8,Savana; Caatinga aberta,221_069,5.5,POINT(-47.52674 -13.50831)
1814852412,29ae0ef3-beea-3020-b9f0-88e8a28d0d8c,-47.51952,-14.17102,2026-04-20 16:20:00+00:00,2026-04-20,NPP-375,ALTO PARAÍSO DE GOIÁS,GOIÁS,Brasil,0.0,2.0,0.15,Cerrado,33,52,5200605,8,Savana; Caatinga aberta,221_070,5.9,POINT(-47.51952 -14.17102)
1814853331,7e8806cd-9106-334e-a394-cb7bb7051e8a,-42.1428,-14.43961,2026-04-20 16:20:00+00:00,2026-04-20,NPP-375,RIO DO ANTÔNIO,BAHIA,Brasil,0.0,14.0,0.85,Caatinga,33,29,2926806,8,Pastagens e gramíneas,217_070,3.7,POINT(-42.1428 -14.43961)
1814853315,43c399f9-fc2d-3eb2-b702-aa210ee75a2d,-40.0342,-9.10281,2026-04-20 16:20:00+00:00,2026-04-20,NPP-375,JUAZEIRO,BAHIA,Brasil,0.98,10.0,0.74,Caatinga,33,29,2918407,8,Savana; Caatinga aberta,217_066,4.2,POINT(-40.0342 -9.10281)
1814852396,6d1ac5ed-75c5-3e6a-9f54-88978c1e4a80,-37.7334,-9.49494,2026-04-20 16:20:00+00:00,2026-04-20,NPP-375,PIRANHAS,ALAGOAS,Brasil,0.0,0.0,1.0,Caatinga,33,27,2707107,8,Pastagens e gramíneas,215_067,3.5,POINT(-37.7334 -9.49494)
1814853230,7afadca5-9e36-3c51-a0dd-14e02fcaf0b9,-37.60231,-11.92206,2026-04-20 16:20:00+00:00,2026-04-20,NPP-375,CONDE,BAHIA,Brasil,0.8,4.0,-999.0,Mata Atlântica,33,29,2908606,8,Agricultura e diversos,215_068,3.9,POINT(-37.60231 -11.92206)
1814853270,7975a229-07c9-392b-9708-4adb84f3a650,-44.74186,-11.7246,2026-04-20 16:20:00+00:00,2026-04-20,NPP-375,RIACHÃO DAS NEVES,BAHIA,Brasil,0.82,4.0,0.1,Cerrado,33,29,2926202,8,Savana arbórea; Caatinga fechada,220_068,11.5,POINT(-44.74186 -11.7246)
1814853269,69176f40-71a4-3e26-8f7d-8ee424aad55f,-45.34711,-13.95132,2026-04-20 16:20:00+00:00,2026-04-20,NPP-375,JABORANDI,BAHIA,Brasil,0.0,9.0,0.53,Cerrado,33,29,2917359,8,Savana; Caatinga aberta,220_070,7.4,POINT(-45.34711 -13.95132)
1814853440,31728677-3047-3b9e-bec7-e4c1caac5fde,-39.68221,-13.83584,2026-04-20 16:20:00+00:00,2026-04-20,NPP-375,ITAMARI,BAHIA,Brasil,0.0,1.0,0.02,Mata Atlântica,33,29,2915700,8,Floresta Ombrófila densa,216_070,4.8,POINT(-39.68221 -13.83584)
1814853257,f5c18d08-4d55-3aa0-aa17-24295d8532d8,-38.03946,-9.20798,2026-04-20 16:20:00+00:00,2026-04-20,NPP-375,PARICONHA,ALAGOAS,Brasil,0.0,5.0,1.0,Caatinga,33,27,2706422,8,Pastagens e gramíneas,216_066,6.0,POINT(-38.03946 -9.20798)
1814853242,cdac3d96-c23e-3162-a638-2c25df158297,-39.56918,-13.366,2026-04-20 16:20:00+00:00,2026-04-20,NPP-375,JIQUIRIÇÁ,BAHIA,Brasil,0.4,5.0,0.39,Mata Atlântica,33,29,2918209,8,Pastagens e gramíneas,216_069,4.2,POINT(-39.56918 -13.366)
1814853231,73422d6d-0920-3fab-8503-22862ddefb28,-45.34303,-13.95078,2026-04-20 16:20:00+00:00,2026-04-20,NPP-375,JABORANDI,BAHIA,Brasil,0.0,10.0,0.51,Cerrado,33,29,2917359,8,Savana; Caatinga aberta,220_070,8.1,POINT(-45.34303 -13.95078)
1814852355,c9545d94-7f32-3816-8086-446280e993a2,-40.15254,-10.24654,2026-04-20 16:20:00+00:00,2026-04-20,NPP-375,JAGUARARI,BAHIA,Brasil,0.0,7.0,0.98,Caatinga,33,29,2917706,8,Pastagens e gramíneas,217_067,2.2,POINT(-40.15254 -10.24654)
1814853201,8d93aade-958d-38a6-be0d-03a2576197ed,-44.19432,-12.23952,2026-04-20 16:20:00+00:00,2026-04-20,NPP-375,CRISTÓPOLIS,BAHIA,Brasil,0.38,0.0,0.15,Cerrado,33,29,2909703,8,Savana arbórea; Caatinga fechada,219_068,9.6,POINT(-44.19432 -12.23952)
1814853198,7c46d858-d55b-3beb-aecb-31d69e70fc84,-37.87875,-10.89859,2026-04-20 16:20:00+00:00,2026-04-20,NPP-375,RIACHÃO DO DANTAS,SERGIPE,Brasil,0.0,5.0,0.83,Caatinga,33,28,2805802,8,Agricultura e diversos,215_068,2.2,POINT(-37.87875 -10.89859)
1814852337,f75b449d-1ca2-3102-90a9-b3ad593a464c,-38.97322,-13.34948,2026-04-20 16:20:00+00:00,2026-04-20,NPP-375,VALENÇA,BAHIA,Brasil,0.1,-999.0,0.09,Mata Atlântica,33,29,2932903,8,Savana; Caatinga aberta,216_069,4.1,POINT(-38.97322 -13.34948)
1814853164,546a6356-5922-34db-9d24-f081ab5194f1,-37.16321,-9.73956,2026-04-20 16:20:00+00:00,2026-04-20,NPP-375,BATALHA,ALAGOAS,Brasil,1.35,2.0,1.0,Caatinga,33,27,2700706,8,Pastagens e gramíneas,215_067,2.9,POINT(-37.16321 -9.73956)
1814853274,33682b78-3d89-3d3c-8443-7fa33f960d2d,-44.7366,-11.7239,2026-04-20 16:20:00+00:00,2026-04-20,NPP-375,RIACHÃO DAS NEVES,BAHIA,Brasil,0.8,3.0,0.1,Cerrado,33,29,2926202,8,Savana arbórea; Caatinga fechada,220_068,11.5,POINT(-44.7366 -11.7239)
1814853158,c6df2611-2e20-3c2f-b56c-664ef2eabccb,-39.21727,-10.57913,2026-04-20 16:20:00+00:00,2026-04-20,NPP-375,MONTE SANTO,BAHIA,Brasil,2.13,4.0,0.56,Caatinga,33,29,2921500,8,Savana arbórea; Caatinga fechada,216_067,10.4,POINT(-39.21727 -10.57913)
1814852320,4839b312-ae91-34bf-877a-75a07d9b2122,-37.07513,-10.32188,2026-04-20 16:20:00+00:00,2026-04-20,NPP-375,AQUIDABÃ,SERGIPE,Brasil,0.9,0.0,1.0,Mata Atlântica,33,28,2800209,8,Pastagens e gramíneas,215_067,4.6,POINT(-37.07513 -10.32188)
1814852316,7f3a3051-03b5-3b9c-9961-706dd11ff8ad,-43.8886,-8.22933,2026-04-20 16:20:00+00:00,2026-04-20,NPP-375,MANOEL EMÍDIO,PIAUÍ,Brasil,1.86,4.0,0.08,Caatinga,33,22,2205904,8,Savana arbórea; Caatinga fechada,219_066,17.5,POINT(-43.8886 -8.22933)
1814853132,5fe4cd0f-e059-348e-a8e1-759120766719,-43.85394,-14.03921,2026-04-20 16:20:00+00:00,2026-04-20,NPP-375,CARINHANHA,BAHIA,Brasil,0.0,17.0,0.66,Cerrado,33,29,2907103,8,Savana arbórea; Caatinga fechada,219_070,3.8,POINT(-43.85394 -14.03921)
1814852305,bf23cd9d-3da6-3548-9022-5797d37910ed,-44.59042,-12.3302,2026-04-20 16:20:00+00:00,2026-04-20,NPP-375,BAIANÓPOLIS,BAHIA,Brasil,0.0,2.0,0.12,Cerrado,33,29,2902500,8,Savana; Caatinga aberta,219_069,6.1,POINT(-44.59042 -12.3302)
1814852383,3d2722fe-799d-375b-960b-26dbbfb86370,-39.30793,-13.58309,2026-04-20 16:20:00+00:00,2026-04-20,NPP-375,TAPEROÁ,BAHIA,Brasil,0.1,2.0,0.04,Mata Atlântica,33,29,2931202,8,Florestas decíduas e sazonais,216_069,4.6,POINT(-39.30793 -13.58309)
1814853310,cc724692-1432-3eac-b0de-d34ebd782e23,-37.84344,-11.03798,2026-04-20 16:20:00+00:00,2026-04-20,NPP-375,RIACHÃO DO DANTAS,SERGIPE,Brasil,0.0,5.0,1.0,Caatinga,33,28,2805802,8,Pastagens e gramíneas,215_068,8.1,POINT(-37.84344 -11.03798)
1814852303,47c290f3-4c56-324f-ab66-1ebcde3f9f55,-44.73871,-11.72646,2026-04-20 16:20:00+00:00,2026-04-20,NPP-375,RIACHÃO DAS NEVES,BAHIA,Brasil,0.81,4.0,0.16,Cerrado,33,29,2926202,8,Savana; Caatinga aberta,220_068,22.2,POINT(-44.73871 -11.72646)
1814853093,9aa64ccd-c5ac-34fa-9f85-0694bb15fa46,-44.82572,-13.98043,2026-04-20 16:20:00+00:00,2026-04-20,NPP-375,COCOS,BAHIA,Brasil,0.0,6.0,0.54,Cerrado,33,29,2908101,8,Savana; Caatinga aberta,219_070,39.8,POINT(-44.82572 -13.98043)
1814852846,21fc40ac-d292-3e91-8a02-98808bf0396c,-38.0671,-9.90883,2026-04-20 16:20:00+00:00,2026-04-20,NPP-375,PEDRO ALEXANDRE,BAHIA,Brasil,0.0,0.0,0.86,Caatinga,33,29,2924207,8,Agricultura e diversos,215_067,3.4,POINT(-38.0671 -9.90883)
1814853070,f2b37120-c8b4-39f4-bd46-23638d56d07d,-39.64331,-13.44899,2026-04-20 16:20:00+00:00,2026-04-20,NPP-375,JIQUIRIÇÁ,BAHIA,Brasil,0.3,0.0,0.02,Mata Atlântica,33,29,2918209,8,Floresta Ombrófila densa,216_069,3.6,POINT(-39.64331 -13.44899)
1814853056,caa3ff11-4d4a-377b-97c0-821fc529d6bc,-37.22104,-9.78256,2026-04-20 16:20:00+00:00,2026-04-20,NPP-375,BELO MONTE,ALAGOAS,Brasil,1.09,2.0,1.0,Caatinga,33,27,2700904,8,Pastagens e gramíneas,215_067,2.5,POINT(-37.22104 -9.78256)
1814853342,dcf066e7-eb18-34c0-bdce-764760c526df,-46.66362,-15.07906,2026-04-20 16:20:00+00:00,2026-04-20,NPP-375,BURITIS,MINAS GERAIS,Brasil,0.0,3.0,0.4,Cerrado,33,31,3109303,8,Savana; Caatinga aberta,220_070,3.1,POINT(-46.66362 -15.07906)
1814853035,ab984b37-0ca0-3a55-b0c2-e888f2792108,-39.56865,-13.36933,2026-04-20 16:20:00+00:00,2026-04-20,NPP-375,JIQUIRIÇÁ,BAHIA,Brasil,0.4,5.0,0.26,Mata Atlântica,33,29,2918209,8,Agricultura e diversos,216_069,2.2,POINT(-39.56865 -13.36933)
1814852988,0da0fb80-7d5f-3cd6-9bdb-961c4d78f39a,-39.15295,-13.28257,2026-04-20 16:20:00+00:00,2026-04-20,NPP-375,VALENÇA,BAHIA,Brasil,0.0,2.0,0.03,Mata Atlântica,33,29,2932903,8,Floresta Ombrófila densa,216_069,6.4,POINT(-39.15295 -13.28257)
1814852414,6d3976d5-c578-308a-9305-0f577588116e,-46.75115,-11.93737,2026-04-20 16:20:00+00:00,2026-04-20,NPP-375,NOVO JARDIM,TOCANTINS,Brasil,0.0,0.0,0.02,Cerrado,33,17,1715259,8,Savana arbórea; Caatinga fechada,221_068,4.6,POINT(-46.75115 -11.93737)
1814852969,752a9f08-e5d9-3873-bd9b-e633c30d327a,-45.34345,-13.95344,2026-04-20 16:20:00+00:00,2026-04-20,NPP-375,JABORANDI,BAHIA,Brasil,0.0,10.0,0.49,Cerrado,33,29,2917359,8,Savana; Caatinga aberta,220_070,5.5,POINT(-45.34345 -13.95344)
1814852411,661de5d8-4708-32ec-b876-6d502cb9281d,-40.01066,-13.38963,2026-04-20 16:20:00+00:00,2026-04-20,NPP-375,JAGUAQUARA,BAHIA,Brasil,0.0,5.0,0.67,Mata Atlântica,33,29,2917607,8,Pastagens e gramíneas,216_069,3.5,POINT(-40.01066 -13.38963)
1814852941,11ea122d-5042-3434-b898-d57689dc03ac,-39.68535,-13.21535,2026-04-20 16:20:00+00:00,2026-04-20,NPP-375,UBAÍRA,BAHIA,Brasil,0.4,6.0,0.04,Mata Atlântica,33,29,2932101,8,Floresta Ombrófila densa,216_069,7.5,POINT(-39.68535 -13.21535)
1814852200,982268bc-26c9-3623-89d6-c42b7b7d4602,-47.53621,-13.49873,2026-04-20 16:20:00+00:00,2026-04-20,NPP-375,CAVALCANTE,GOIÁS,Brasil,0.4,1.0,0.07,Cerrado,33,52,5205307,8,Savana; Caatinga aberta,221_069,4.6,POINT(-47.53621 -13.49873)
1814853395,1f0f5616-5e83-3297-a88c-d3872e8ad3f6,-39.87717,-13.87558,2026-04-20 16:20:00+00:00,2026-04-20,NPP-375,JEQUIÉ,BAHIA,Brasil,0.0,1.0,0.19,Mata Atlântica,33,29,2918001,8,Agricultura e diversos,216_070,2.7,POINT(-39.87717 -13.87558)
1814852928,9d03dd2c-c620-3aa9-bc4f-6f206feeb473,-44.74131,-11.7286,2026-04-20 16:20:00+00:00,2026-04-20,NPP-375,RIACHÃO DAS NEVES,BAHIA,Brasil,0.85,4.0,0.23,Cerrado,33,29,2926202,8,Savana; Caatinga aberta,220_068,7.1,POINT(-44.74131 -11.7286)
1814852921,5a5e06c1-6045-32ae-81bd-2cf143266772,-36.8179,-10.1908,2026-04-20 16:20:00+00:00,2026-04-20,NPP-375,PORTO REAL DO COLÉGIO,ALAGOAS,Brasil,1.3,1.0,0.8,Mata Atlântica,33,27,2707503,8,Pastagens e gramíneas,215_067,1.9,POINT(-36.8179 -10.1908)
1814853411,5f5a414b-df9c-34c3-8a2e-e42b834358e4,-41.39122,-13.81759,2026-04-20 16:20:00+00:00,2026-04-20,NPP-375,ITUAÇU,BAHIA,Brasil,0.0,2.0,0.23,Caatinga,33,29,2917201,8,Savana arbórea; Caatinga fechada,217_070,4.1,POINT(-41.39122 -13.81759)
1814852903,9ab89514-e5cc-3193-a51d-2e9ccc0e212b,-40.77065,-11.42429,2026-04-20 16:20:00+00:00,2026-04-20,NPP-375,MIGUEL CALMON,BAHIA,Brasil,0.4,15.0,0.5,Caatinga,33,29,2921203,8,Savana arbórea; Caatinga fechada,217_068,6.3,POINT(-40.77065 -11.42429)
1814852885,674406fd-9e6e-36cf-9f56-935680792392,-39.42641,-10.46202,2026-04-20 16:20:00+00:00,2026-04-20,NPP-375,MONTE SANTO,BAHIA,Brasil,1.95,7.0,0.89,Caatinga,33,29,2921500,8,Pastagens e gramíneas,216_067,8.6,POINT(-39.42641 -10.46202)
1814853429,7537a36b-b692-350a-b9d3-7457af188a52,-40.23386,-20.12363,2026-04-20 16:35:00+00:00,2026-04-20,NOAA-20,SERRA,ESPÍRITO SANTO,Brasil,0.0,-999.0,0.13,Mata Atlântica,33,32,3205002,8,Florestas decíduas e sazonais,215_074,3.4,POINT(-40.23386 -20.12363)
1814852794,2c8752f6-191f-3005-80d6-6e55b81f419d,-52.69708,-22.9694,2026-04-20 16:35:00+00:00,2026-04-20,NOAA-20,GUAIRAÇÁ,PARANÁ,Brasil,1.36,6.0,0.41,Mata Atlântica,33,41,4108908,8,Floresta de contato; Campinarana,223_076,4.5,POINT(-52.69708 -22.9694)
1814852778,640c6302-4dec-3807-b424-76f59aa056c1,-51.25325,-28.53273,2026-04-20 16:35:00+00:00,2026-04-20,NOAA-20,MUITOS CAPÕES,RIO GRANDE DO SUL,Brasil,0.0,3.0,0.72,Mata Atlântica,33,43,4312617,8,Savana; Caatinga aberta,221_080,5.3,POINT(-51.25325 -28.53273)
1814852802,c6c2f1d8-d953-3312-a95c-594079c809f8,-49.44458,-27.731,2026-04-20 16:35:00+00:00,2026-04-20,NOAA-20,ALFREDO WAGNER,SANTA CATARINA,Brasil,0.0,3.0,0.15,Mata Atlântica,33,42,4200705,8,Floresta Ombrófila densa,220_079,12.3,POINT(-49.44458 -27.731)
1814852202,09e39184-4ec4-3368-b593-74aaf7c077a1,-47.59751,-22.85674,2026-04-20 16:35:00+00:00,2026-04-20,NOAA-20,RIO DAS PEDRAS,SÃO PAULO,Brasil,0.0,2.0,0.92,Mata Atlântica,33,35,3544004,8,Agricultura e diversos,220_076,3.9,POINT(-47.59751 -22.85674)
1814852696,983b7a56-535d-39b3-827d-a9c17d740847,-47.5953,-22.85699,2026-04-20 16:35:00+00:00,2026-04-20,NOAA-20,RIO DAS PEDRAS,SÃO PAULO,Brasil,0.0,2.0,0.92,Mata Atlântica,33,35,3544004,8,Agricultura e diversos,220_076,2.7,POINT(-47.5953 -22.85699)
1814852692,a25e8c53-9ec3-31fc-b30b-c8d14e0d8cae,-49.40168,-28.55681,2026-04-20 16:35:00+00:00,2026-04-20,NOAA-20,SIDERÓPOLIS,SANTA CATARINA,Brasil,0.0,4.0,0.19,Mata Atlântica,33,42,4217600,8,Floresta Ombrófila densa,220_080,2.9,POINT(-49.40168 -28.55681)
1814852686,8efeda90-bdbb-3672-8fa9-634f0909f8b7,-50.21219,-27.54637,2026-04-20 16:35:00+00:00,2026-04-20,NOAA-20,PALMEIRA,SANTA CATARINA,Brasil,0.0,3.0,0.22,Mata Atlântica,33,42,4212056,8,Floresta Ombrófila densa,221_079,1.5,POINT(-50.21219 -27.54637)
1814852650,580fda78-8f1b-3c79-8f46-e5c84297b44b,-51.16967,-29.4533,2026-04-20 16:35:00+00:00,2026-04-20,NOAA-20,PICADA CAFÉ,RIO GRANDE DO SUL,Brasil,0.0,4.0,0.38,Mata Atlântica,33,43,4314423,8,Floresta Ombrófila densa,221_080,18.0,POINT(-51.16967 -29.4533)
1814852829,291719a7-781c-36ce-ad3d-b1a840a5d1e0,-48.88329,-27.41577,2026-04-20 16:35:00+00:00,2026-04-20,NOAA-20,SÃO JOÃO BATISTA,SANTA CATARINA,Brasil,0.0,3.0,0.09,Mata Atlântica,33,42,4216305,8,Floresta Ombrófila densa,220_079,34.6,POINT(-48.88329 -27.41577)
1814852656,4143f3d1-98c1-3ce1-a509-1c7d15a0ae28,-51.25032,-28.52738,2026-04-20 16:35:00+00:00,2026-04-20,NOAA-20,MUITOS CAPÕES,RIO GRANDE DO SUL,Brasil,0.0,3.0,0.35,Mata Atlântica,33,43,4312617,8,Floresta de contato; Campinarana,221_080,11.6,POINT(-51.25032 -28.52738)
1814852636,42e8d7c1-d5ad-3d14-8ecb-42c33d4e1f51,-47.59148,-22.86361,2026-04-20 16:35:00+00:00,2026-04-20,NOAA-20,RIO DAS PEDRAS,SÃO PAULO,Brasil,0.0,2.0,0.93,Mata Atlântica,33,35,3544004,8,Agricultura e diversos,220_076,3.4,POINT(-47.59148 -22.86361)
1814852602,e1028c7f-c75f-39be-948b-550b3bfad5cd,-49.20459,-24.72197,2026-04-20 16:35:00+00:00,2026-04-20,NOAA-20,CERRO AZUL,PARANÁ,Brasil,0.0,3.0,0.78,Mata Atlântica,33,41,4105201,8,Savana; Caatinga aberta,220_077,24.2,POINT(-49.20459 -24.72197)
1814852592,1a87d143-d960-3787-8bb1-427b8dd61b81,-44.04341,-21.58923,2026-04-20 16:35:00+00:00,2026-04-20,NOAA-20,SANTA RITA DE IBITIPOCA,MINAS GERAIS,Brasil,0.0,3.0,0.58,Mata Atlântica,33,31,3159407,8,Agricultura e diversos,218_075,3.3,POINT(-44.04341 -21.58923)
1814852588,1c89fb78-bac1-3011-b80a-ed8cc2638803,-43.07712,-22.48903,2026-04-20 16:35:00+00:00,2026-04-20,NOAA-20,MAGÉ,RIO DE JANEIRO,Brasil,0.0,-999.0,0.17,Mata Atlântica,33,33,3302502,8,Floresta Ombrófila densa,217_076,6.8,POINT(-43.07712 -22.48903)
1814852521,f3cf48b3-f8bd-3b70-b64a-6ff706d8cfef,-50.56537,-27.4969,2026-04-20 16:35:00+00:00,2026-04-20,NOAA-20,CURITIBANOS,SANTA CATARINA,Brasil,0.0,3.0,0.85,Mata Atlântica,33,42,4204806,8,Agricultura e diversos,221_079,12.1,POINT(-50.56537 -27.4969)
1814852508,40b6677b-a03a-3ad3-89d5-ec16f57df810,-49.19449,-24.23665,2026-04-20 16:35:00+00:00,2026-04-20,NOAA-20,ITARARÉ,SÃO PAULO,Brasil,0.0,2.0,0.18,Cerrado,33,35,3523206,8,Floresta Ombrófila densa,221_077,6.2,POINT(-49.19449 -24.23665)
1814853524,07bc47fa-ec0b-3c92-b38d-185c9395a5a2,-46.41093,-21.56061,2026-04-20 16:35:00+00:00,2026-04-20,NOAA-20,CABO VERDE,MINAS GERAIS,Brasil,0.0,2.0,0.76,Mata Atlântica,33,31,3109501,8,Pastagens e gramíneas,219_075,4.5,POINT(-46.41093 -21.56061)
1814852488,fda11ec0-086e-3924-bad3-3043bbd383aa,-50.80134,-28.88647,2026-04-20 16:35:00+00:00,2026-04-20,NOAA-20,SÃO FRANCISCO DE PAULA,RIO GRANDE DO SUL,Brasil,0.0,3.0,0.25,Mata Atlântica,33,43,4318200,8,Floresta Ombrófila densa,221_080,11.7,POINT(-50.80134 -28.88647)
1814853507,d81956d8-bd52-35e1-8a8e-b155a0dbc38a,-49.1954,-24.23708,2026-04-20 16:35:00+00:00,2026-04-20,NOAA-20,ITARARÉ,SÃO PAULO,Brasil,0.0,2.0,0.18,Cerrado,33,35,3523206,8,Floresta Ombrófila densa,221_077,7.7,POINT(-49.1954 -24.23708)
1814853508,e53f23dc-ba5e-3f4f-a9e3-5375c78044f6,-50.64068,-29.39737,2026-04-20 16:35:00+00:00,2026-04-20,NOAA-20,SÃO FRANCISCO DE PAULA,RIO GRANDE DO SUL,Brasil,0.0,3.0,0.77,Mata Atlântica,33,43,4318200,8,Savana; Caatinga aberta,221_080,4.9,POINT(-50.64068 -29.39737)
1814853447,8dfdc20e-72e2-3c8a-be22-69549baa1c16,-51.21322,-27.63077,2026-04-20 16:35:00+00:00,2026-04-20,NOAA-20,CELSO RAMOS,SANTA CATARINA,Brasil,0.0,4.0,0.18,Mata Atlântica,33,42,4204152,8,Floresta Ombrófila densa,221_079,6.6,POINT(-51.21322 -27.63077)
1814852440,2d864b5d-70d0-3bb8-84cb-3c9a5b1d97d3,-49.04929,-28.18876,2026-04-20 16:35:00+00:00,2026-04-20,NOAA-20,ARMAZÉM,SANTA CATARINA,Brasil,0.0,4.0,0.27,Mata Atlântica,33,42,4201505,8,Florestas decíduas e sazonais,220_080,13.9,POINT(-49.04929 -28.18876)
1814853426,d5fb4332-cbad-3e6b-85d6-329843f86547,-49.60559,-28.8682,2026-04-20 16:35:00+00:00,2026-04-20,NOAA-20,MELEIRO,SANTA CATARINA,Brasil,0.0,3.0,0.67,Mata Atlântica,33,42,4210803,8,Agricultura e diversos,220_080,3.6,POINT(-49.60559 -28.8682)
1814853412,6e827528-e7c8-3022-81bf-f8adbcd5b418,-49.60691,-28.86835,2026-04-20 16:35:00+00:00,2026-04-20,NOAA-20,MELEIRO,SANTA CATARINA,Brasil,0.0,3.0,0.67,Mata Atlântica,33,42,4210803,8,Agricultura e diversos,220_080,2.8,POINT(-49.60691 -28.86835)
1814852427,4c9151f9-2697-312b-be81-c0c262128b2b,-47.58927,-22.8639,2026-04-20 16:35:00+00:00,2026-04-20,NOAA-20,RIO DAS PEDRAS,SÃO PAULO,Brasil,0.0,2.0,0.93,Mata Atlântica,33,35,3544004,8,Agricultura e diversos,220_076,5.4,POINT(-47.58927 -22.8639)
1814852462,333c7533-5732-346b-950b-1dbe957e784c,-43.5319,-22.86087,2026-04-20 16:35:00+00:00,2026-04-20,NOAA-20,RIO DE JANEIRO,RIO DE JANEIRO,Brasil,0.0,-999.0,-999.0,Mata Atlântica,33,33,3304557,8,Corpos agua/Solos expostos/Mineracao/Areas urbanas e construidas/neve e gelo,217_076,2.9,POINT(-43.5319 -22.86087)
1814853371,57797011-af65-3499-94e0-0760333b30c5,-50.56494,-27.50169,2026-04-20 16:35:00+00:00,2026-04-20,NOAA-20,CURITIBANOS,SANTA CATARINA,Brasil,0.0,3.0,0.7,Mata Atlântica,33,42,4204806,8,Savana; Caatinga aberta,221_079,12.1,POINT(-50.56494 -27.50169)
1814852400,0adf047e-7f98-30fb-a449-a6ae14aa5394,-50.80011,-28.88772,2026-04-20 16:35:00+00:00,2026-04-20,NOAA-20,SÃO FRANCISCO DE PAULA,RIO GRANDE DO SUL,Brasil,0.0,3.0,0.25,Mata Atlântica,33,43,4318200,8,Floresta Ombrófila densa,221_080,11.2,POINT(-50.80011 -28.88772)
1814853289,c9263c3f-4246-3344-939b-b04537eac22a,-51.25356,-28.52766,2026-04-20 16:35:00+00:00,2026-04-20,NOAA-20,MUITOS CAPÕES,RIO GRANDE DO SUL,Brasil,0.0,3.0,0.37,Mata Atlântica,33,43,4312617,8,Floresta de contato; Campinarana,221_080,5.3,POINT(-51.25356 -28.52766)
1814852364,805f4f8d-a200-3f4f-91df-9ed15490ea07,-50.80648,-28.88826,2026-04-20 16:35:00+00:00,2026-04-20,NOAA-20,SÃO FRANCISCO DE PAULA,RIO GRANDE DO SUL,Brasil,0.0,3.0,0.25,Mata Atlântica,33,43,4318200,8,Floresta Ombrófila densa,221_080,15.7,POINT(-50.80648 -28.88826)
1814852362,731bdc0b-933c-3f3b-926e-c5b96f945efc,-47.60296,-22.85361,2026-04-20 16:35:00+00:00,2026-04-20,NOAA-20,RIO DAS PEDRAS,SÃO PAULO,Brasil,0.0,2.0,0.92,Mata Atlântica,33,35,3544004,8,Pastagens e gramíneas,220_076,13.0,POINT(-47.60296 -22.85361)
1814852361,a8176283-55c3-3fb6-8ed0-24989acd9232,-49.49688,-27.40289,2026-04-20 16:35:00+00:00,2026-04-20,NOAA-20,ITUPORANGA,SANTA CATARINA,Brasil,0.0,3.0,0.2,Mata Atlântica,33,42,4208500,8,Florestas decíduas e sazonais,220_079,2.7,POINT(-49.49688 -27.40289)
1814853240,817b78de-a883-3fb1-85d8-1ceca2880cae,-50.38233,-21.35356,2026-04-20 16:35:00+00:00,2026-04-20,NOAA-20,BIRIGUI,SÃO PAULO,Brasil,0.0,2.0,0.53,Mata Atlântica,33,35,3506508,8,Pastagens e gramíneas,222_075,3.9,POINT(-50.38233 -21.35356)
1814852359,927e75ef-513e-34c7-a24a-e7a91b3223dd,-46.90218,-21.15154,2026-04-20 16:35:00+00:00,2026-04-20,NOAA-20,MONTE SANTO DE MINAS,MINAS GERAIS,Brasil,0.0,3.0,0.66,Cerrado,33,31,3143203,8,Agricultura e diversos,220_075,2.2,POINT(-46.90218 -21.15154)
1814853220,b7ce208f-882b-3044-9103-e5f6d79cc68d,-50.90935,-25.04404,2026-04-20 16:35:00+00:00,2026-04-20,NOAA-20,IVAÍ,PARANÁ,Brasil,0.0,2.0,0.17,Mata Atlântica,33,41,4111407,8,Floresta Ombrófila densa,222_077,8.4,POINT(-50.90935 -25.04404)
1814852353,a52f9cd6-3bb3-3800-afa2-0d04002ca9cb,-50.64012,-29.39936,2026-04-20 16:35:00+00:00,2026-04-20,NOAA-20,SÃO FRANCISCO DE PAULA,RIO GRANDE DO SUL,Brasil,0.0,3.0,0.81,Mata Atlântica,33,43,4318200,8,Savana; Caatinga aberta,221_080,6.7,POINT(-50.64012 -29.39936)
1814852349,68e1cd6c-901b-3126-8862-686e83be1b0d,-49.22607,-28.25132,2026-04-20 16:35:00+00:00,2026-04-20,NOAA-20,BRAÇO DO NORTE,SANTA CATARINA,Brasil,0.0,4.0,0.27,Mata Atlântica,33,42,4202800,8,Floresta Ombrófila densa,220_080,3.3,POINT(-49.22607 -28.25132)
1814853177,233ad10c-7b3f-3333-885f-d2b6bf0ae14a,-44.57517,-22.05803,2026-04-20 16:35:00+00:00,2026-04-20,NOAA-20,AIURUOCA,MINAS GERAIS,Brasil,0.0,2.0,0.28,Mata Atlântica,33,31,3101201,8,Floresta de contato; Campinarana,218_075,2.0,POINT(-44.57517 -22.05803)
1814853144,1ab20ed0-992e-3405-b298-e15653e026a8,-49.5303,-28.84683,2026-04-20 16:35:00+00:00,2026-04-20,NOAA-20,MELEIRO,SANTA CATARINA,Brasil,0.0,3.0,0.67,Mata Atlântica,33,42,4210803,8,Agricultura e diversos,220_080,5.7,POINT(-49.5303 -28.84683)
1814852326,1d0c23fe-7cc0-308b-b0bb-abbb2aca01c7,-48.52367,-24.44575,2026-04-20 16:35:00+00:00,2026-04-20,NOAA-20,IPORANGA,SÃO PAULO,Brasil,0.0,2.0,0.17,Mata Atlântica,33,35,3521200,8,Floresta Ombrófila densa,220_077,6.4,POINT(-48.52367 -24.44575)
1814852382,d6325a43-5d01-32da-9ac2-37b9ac68e449,-49.20939,-24.72251,2026-04-20 16:35:00+00:00,2026-04-20,NOAA-20,CERRO AZUL,PARANÁ,Brasil,0.0,3.0,0.82,Mata Atlântica,33,41,4105201,8,Savana; Caatinga aberta,220_077,43.6,POINT(-49.20939 -24.72251)
1814853133,9e0faa91-1905-3d22-a392-f1aea6f88fc5,-47.48136,-21.87889,2026-04-20 16:35:00+00:00,2026-04-20,NOAA-20,PORTO FERREIRA,SÃO PAULO,Brasil,0.0,2.0,-999.0,Mata Atlântica,33,35,3540705,8,Corpos agua/Solos expostos/Mineracao/Areas urbanas e construidas/neve e gelo,220_075,4.6,POINT(-47.48136 -21.87889)
1814853129,ef25e560-6c07-3101-b0e9-64947635bc03,-43.34084,-21.79016,2026-04-20 16:35:00+00:00,2026-04-20,NOAA-20,JUIZ DE FORA,MINAS GERAIS,Brasil,0.0,2.0,-999.0,Mata Atlântica,33,31,3136702,8,Corpos agua/Solos expostos/Mineracao/Areas urbanas e construidas/neve e gelo,217_075,2.3,POINT(-43.34084 -21.79016)
1814853124,2b6efdb1-1821-3b2b-9a22-3c430506531f,-49.20855,-24.72671,2026-04-20 16:35:00+00:00,2026-04-20,NOAA-20,CERRO AZUL,PARANÁ,Brasil,0.0,3.0,1.0,Mata Atlântica,33,41,4105201,8,Pastagens e gramíneas,220_077,43.6,POINT(-49.20855 -24.72671)
1814852302,2bf47978-a088-3c9d-a6f2-c3af07625b1c,-44.91594,-23.04418,2026-04-20 16:35:00+00:00,2026-04-20,NOAA-20,CUNHA,SÃO PAULO,Brasil,0.0,2.0,0.83,Mata Atlântica,33,35,3513603,8,Pastagens e gramíneas,218_076,4.6,POINT(-44.91594 -23.04418)
1814853311,82227fd1-8638-3abd-af7b-61dff15c160f,-50.80765,-28.88706,2026-04-20 16:35:00+00:00,2026-04-20,NOAA-20,SÃO FRANCISCO DE PAULA,RIO GRANDE DO SUL,Brasil,0.0,3.0,0.25,Mata Atlântica,33,43,4318200,8,Floresta Ombrófila densa,221_080,11.7,POINT(-50.80765 -28.88706)
1814852299,8ce2f69c-8d08-3830-9d4c-759aaba8a96a,-49.99944,-27.4807,2026-04-20 16:35:00+00:00,2026-04-20,NOAA-20,OTACÍLIO COSTA,SANTA CATARINA,Brasil,0.0,3.0,0.17,Mata Atlântica,33,42,4211751,8,Floresta Ombrófila densa,221_079,8.2,POINT(-49.99944 -27.4807)
1814853298,ce9aa21d-0b59-3012-b9c6-ddffc9fa5e69,-48.88231,-27.41357,2026-04-20 16:35:00+00:00,2026-04-20,NOAA-20,SÃO JOÃO BATISTA,SANTA CATARINA,Brasil,0.0,3.0,0.09,Mata Atlântica,33,42,4216305,8,Floresta Ombrófila densa,220_079,18.5,POINT(-48.88231 -27.41357)
1814853066,69d5f506-6a82-3778-a95b-7113005951cd,-51.58891,-29.53921,2026-04-20 16:35:00+00:00,2026-04-20,NOAA-20,BROCHIER,RIO GRANDE DO SUL,Brasil,0.1,4.0,0.31,Mata Atlântica,33,43,4302659,8,Floresta Ombrófila densa,221_081,2.1,POINT(-51.58891 -29.53921)
1814853062,60d5b6e0-6899-3530-b97a-001655449497,-49.11379,-28.07504,2026-04-20 16:35:00+00:00,2026-04-20,NOAA-20,RIO FORTUNA,SANTA CATARINA,Brasil,0.0,3.0,0.2,Mata Atlântica,33,42,4214904,8,Floresta Ombrófila densa,220_079,2.2,POINT(-49.11379 -28.07504)
1814852266,eacc3d6a-966a-3bdd-98b6-f8cbb531478a,-49.52975,-28.85139,2026-04-20 16:35:00+00:00,2026-04-20,NOAA-20,MELEIRO,SANTA CATARINA,Brasil,0.0,3.0,0.67,Mata Atlântica,33,42,4210803,8,Agricultura e diversos,220_080,3.1,POINT(-49.52975 -28.85139)
1814853026,d41f9d39-33b0-3ef2-a42f-3b96ab3f1590,-49.7783,-28.79304,2026-04-20 16:35:00+00:00,2026-04-20,NOAA-20,TIMBÉ DO SUL,SANTA CATARINA,Brasil,0.0,4.0,0.27,Mata Atlântica,33,42,4218103,8,Floresta de contato; Campinarana,220_080,2.8,POINT(-49.7783 -28.79304)
1814852259,6b703c51-ff7f-34cb-9275-882f71c4fae1,-49.79866,-22.54058,2026-04-20 16:35:00+00:00,2026-04-20,NOAA-20,SÃO PEDRO DO TURVO,SÃO PAULO,Brasil,0.0,2.0,0.99,Cerrado,33,35,3550506,8,Pastagens e gramíneas,221_076,6.0,POINT(-49.79866 -22.54058)
1814852402,f55b8c1c-a445-3520-b525-5f4ae740989e,-48.95916,-24.37704,2026-04-20 16:35:00+00:00,2026-04-20,NOAA-20,APIAÍ,SÃO PAULO,Brasil,0.0,2.0,0.82,Mata Atlântica,33,35,3502705,8,Savana; Caatinga aberta,220_077,2.6,POINT(-48.95916 -24.37704)
1814853019,093e3e28-c1cf-3b66-b08e-e485408dd8e2,-48.22501,-22.04468,2026-04-20 16:35:00+00:00,2026-04-20,NOAA-20,RIBEIRÃO BONITO,SÃO PAULO,Brasil,0.0,2.0,0.58,Cerrado,33,35,3542909,8,Savana; Caatinga aberta,220_075,11.2,POINT(-48.22501 -22.04468)
1814852249,4b238197-ca3e-3c14-a5cc-c9c4dc00d46f,-49.99889,-27.48531,2026-04-20 16:35:00+00:00,2026-04-20,NOAA-20,OTACÍLIO COSTA,SANTA CATARINA,Brasil,0.0,3.0,0.17,Mata Atlântica,33,42,4211751,8,Floresta Ombrófila densa,221_079,8.7,POINT(-49.99889 -27.48531)
1814852490,09a66820-c31d-3800-8460-5d1f52bd4338,-49.79816,-22.54486,2026-04-20 16:35:00+00:00,2026-04-20,NOAA-20,SÃO PEDRO DO TURVO,SÃO PAULO,Brasil,0.0,2.0,1.0,Cerrado,33,35,3550506,8,Pastagens e gramíneas,221_076,6.0,POINT(-49.79816 -22.54486)
1814853359,a3b0a8b2-6cd9-3939-b0e9-a732bb5c345e,-44.44732,-20.87701,2026-04-20 16:35:00+00:00,2026-04-20,NOAA-20,SÃO TIAGO,MINAS GERAIS,Brasil,0.0,2.0,0.67,Mata Atlântica,33,31,3165008,8,Agricultura e diversos,218_074,2.3,POINT(-44.44732 -20.87701)
1814852999,20670747-cdea-3e52-9318-6558c1fdf4c5,-51.73077,-29.39714,2026-04-20 16:35:00+00:00,2026-04-20,NOAA-20,WESTFÁLIA,RIO GRANDE DO SUL,Brasil,0.5,4.0,0.24,Mata Atlântica,33,43,4323770,8,Floresta Ombrófila densa,221_080,2.2,POINT(-51.73077 -29.39714)
1814852238,11ea093e-1f25-34a6-8cb8-34ad902f53b8,-49.15444,-22.86924,2026-04-20 16:35:00+00:00,2026-04-20,NOAA-20,IARAS,SÃO PAULO,Brasil,0.0,6.0,0.95,Cerrado,33,35,3519253,8,Corpos agua/Solos expostos/Mineracao/Areas urbanas e construidas/neve e gelo,221_076,2.3,POINT(-49.15444 -22.86924)
1814852237,4b58c309-0215-3830-ae5f-20fe71cf67f8,-44.31476,-20.92142,2026-04-20 16:35:00+00:00,2026-04-20,NOAA-20,RITÁPOLIS,MINAS GERAIS,Brasil,0.0,2.0,0.63,Mata Atlântica,33,31,3156106,8,Agricultura e diversos,218_074,12.2,POINT(-44.31476 -20.92142)
1814852236,9abaac1b-976d-36d6-8fb5-8ee5ea41eede,-49.11279,-28.07532,2026-04-20 16:35:00+00:00,2026-04-20,NOAA-20,RIO FORTUNA,SANTA CATARINA,Brasil,0.0,3.0,0.2,Mata Atlântica,33,42,4214904,8,Floresta Ombrófila densa,220_079,3.9,POINT(-49.11279 -28.07532)
1814852963,35961932-f59e-3920-a438-adedefa6dafa,-51.17229,-22.23764,2026-04-20 16:35:00+00:00,2026-04-20,NOAA-20,MARTINÓPOLIS,SÃO PAULO,Brasil,0.0,7.0,1.0,Cerrado,33,35,3529203,8,Pastagens e gramíneas,222_075,18.9,POINT(-51.17229 -22.23764)
1814852953,f7f64a95-5290-3184-a3f4-8d5d6a433111,-49.44365,-27.73544,2026-04-20 16:35:00+00:00,2026-04-20,NOAA-20,ALFREDO WAGNER,SANTA CATARINA,Brasil,0.0,3.0,0.15,Mata Atlântica,33,42,4200705,8,Floresta Ombrófila densa,220_079,12.3,POINT(-49.44365 -27.73544)
1814852188,7d0b94b9-0648-3e39-b547-1eee39eddc1d,-49.43902,-27.73497,2026-04-20 16:35:00+00:00,2026-04-20,NOAA-20,ALFREDO WAGNER,SANTA CATARINA,Brasil,0.0,3.0,0.15,Mata Atlântica,33,42,4200705,8,Floresta Ombrófila densa,220_079,12.3,POINT(-49.43902 -27.73497)
1814852181,c3cb0628-77bd-32c2-b205-e0ca285b8856,-51.24997,-28.53245,2026-04-20 16:35:00+00:00,2026-04-20,NOAA-20,MUITOS CAPÕES,RIO GRANDE DO SUL,Brasil,0.0,3.0,0.7,Mata Atlântica,33,43,4312617,8,Savana; Caatinga aberta,221_080,11.6,POINT(-51.24997 -28.53245)
1814852199,807d4546-b3e1-3811-a985-26614f002bab,-51.17267,-29.45354,2026-04-20 16:35:00+00:00,2026-04-20,NOAA-20,LINHA NOVA,RIO GRANDE DO SUL,Brasil,0.0,4.0,0.38,Mata Atlântica,33,43,4311643,8,Floresta Ombrófila densa,221_080,34.9,POINT(-51.17267 -29.45354)
1814852927,e520410b-ee47-36ae-8c91-bbe16e45f184,-49.18105,-28.62836,2026-04-20 16:35:00+00:00,2026-04-20,NOAA-20,TREZE DE MAIO,SANTA CATARINA,Brasil,0.0,4.0,0.94,Mata Atlântica,33,42,4218400,8,Agricultura e diversos,220_080,9.7,POINT(-49.18105 -28.62836)
1814852198,e8de70ee-4807-3765-8783-abc339839f6d,-48.89047,-23.97781,2026-04-20 16:35:00+00:00,2026-04-20,NOAA-20,ITAPEVA,SÃO PAULO,Brasil,0.0,3.0,-999.0,Cerrado,33,35,3522406,8,Corpos agua/Solos expostos/Mineracao/Areas urbanas e construidas/neve e gelo,220_077,3.0,POINT(-48.89047 -23.97781)
1814852926,d262dbc6-d821-3e2a-a8f0-4ebeaa4c4d49,-49.20384,-24.72618,2026-04-20 16:35:00+00:00,2026-04-20,NOAA-20,CERRO AZUL,PARANÁ,Brasil,0.0,3.0,1.0,Mata Atlântica,33,41,4105201,8,Pastagens e gramíneas,220_077,24.2,POINT(-49.20384 -24.72618)
1814852920,444fdc5c-0a1e-3d94-9a61-27f6029516dd,-45.22628,-23.55542,2026-04-20 16:35:00+00:00,2026-04-20,NOAA-20,UBATUBA,SÃO PAULO,Brasil,0.1,2.0,0.4,Mata Atlântica,33,35,3555406,8,Floresta de contato; Campinarana,218_076,3.9,POINT(-45.22628 -23.55542)
1814852419,bf06aa66-d37d-3ca9-9144-501d8bd229a1,-51.2123,-27.63089,2026-04-20 16:35:00+00:00,2026-04-20,NOAA-20,CELSO RAMOS,SANTA CATARINA,Brasil,0.0,4.0,0.18,Mata Atlântica,33,42,4204152,8,Floresta Ombrófila densa,221_079,4.8,POINT(-51.2123 -27.63089)
1814852914,22babfad-01b5-3a74-9f86-86df028525e6,-49.17958,-28.62507,2026-04-20 16:35:00+00:00,2026-04-20,NOAA-20,TREZE DE MAIO,SANTA CATARINA,Brasil,0.0,4.0,0.94,Mata Atlântica,33,42,4218400,8,Pastagens e gramíneas,220_080,5.4,POINT(-49.17958 -28.62507)
1814852904,6f08c379-6578-3157-bb18-9453d427ca40,-50.213,-27.93209,2026-04-20 16:35:00+00:00,2026-04-20,NOAA-20,LAGES,SANTA CATARINA,Brasil,0.0,4.0,0.26,Mata Atlântica,33,42,4209300,8,Florestas decíduas e sazonais,221_079,20.8,POINT(-50.213 -27.93209)
1814852895,4d32e522-9520-3d34-888b-25afe2170b4a,-49.44921,-27.73147,2026-04-20 16:35:00+00:00,2026-04-20,NOAA-20,ALFREDO WAGNER,SANTA CATARINA,Brasil,0.0,3.0,0.15,Mata Atlântica,33,42,4200705,8,Floresta Ombrófila densa,220_079,5.8,POINT(-49.44921 -27.73147)
1814852864,0473f079-5735-3247-b9c5-6b690301a101,-44.14679,-18.37206,2026-04-20 16:37:00+00:00,2026-04-20,NOAA-20,MONJOLOS,MINAS GERAIS,Brasil,0.12,8.0,0.86,Cerrado,33,31,3142502,8,Corpos agua/Solos expostos/Mineracao/Areas urbanas e construidas/neve e gelo,218_073,4.0,POINT(-44.14679 -18.37206)
1814852836,0c405e52-c692-32c4-a490-0aefc2c13479,-50.12029,-25.18508,2026-04-20 16:37:00+00:00,2026-04-20,NOAA-20,PONTA GROSSA,PARANÁ,Brasil,0.0,2.0,0.89,Mata Atlântica,33,41,4119905,8,Agricultura e diversos,221_077,5.6,POINT(-50.12029 -25.18508)
1814852851,cd0dff1e-448d-3798-b980-baf6c0b822db,-50.60415,-27.17178,2026-04-20 16:37:00+00:00,2026-04-20,NOAA-20,PONTE ALTA DO NORTE,SANTA CATARINA,Brasil,0.0,4.0,0.21,Mata Atlântica,33,42,4213351,8,Floresta Ombrófila densa,221_079,19.5,POINT(-50.60415 -27.17178)
1814852847,72822110-f437-3018-b3aa-1c8382487cbd,-42.9939,-14.66689,2026-04-20 16:37:00+00:00,2026-04-20,NOAA-20,SEBASTIÃO LARANJEIRAS,BAHIA,Brasil,0.0,15.0,0.94,Caatinga,33,29,2930006,8,Pastagens e gramíneas,218_070,7.7,POINT(-42.9939 -14.66689)
1814852827,b4d60f04-154b-3b96-a831-861fe90cb9a9,-39.4509,-13.63853,2026-04-20 16:37:00+00:00,2026-04-20,NOAA-20,WENCESLAU GUIMARÃES,BAHIA,Brasil,0.2,5.0,0.02,Mata Atlântica,33,29,2933505,8,Floresta Ombrófila densa,216_069,7.2,POINT(-39.4509 -13.63853)
1814852818,34e2d7da-9e22-3e20-8208-889330ecfc6b,-50.18764,-27.14201,2026-04-20 16:37:00+00:00,2026-04-20,NOAA-20,TAIÓ,SANTA CATARINA,Brasil,0.0,4.0,0.52,Mata Atlântica,33,42,4217808,8,Savana arbórea; Caatinga fechada,221_079,19.2,POINT(-50.18764 -27.14201)
1814852824,73b343ac-1932-3464-8d9f-3d630167e482,-42.33767,-14.36353,2026-04-20 16:37:00+00:00,2026-04-20,NOAA-20,IBIASSUCÊ,BAHIA,Brasil,0.0,3.0,0.5,Caatinga,33,29,2912004,8,Savana; Caatinga aberta,218_070,12.6,POINT(-42.33767 -14.36353)
1814852814,e51ccc21-f486-39b9-8edf-074451c315a2,-46.30996,-15.61379,2026-04-20 16:37:00+00:00,2026-04-20,NOAA-20,BURITIS,MINAS GERAIS,Brasil,0.0,10.0,0.85,Cerrado,33,31,3109303,8,Pastagens e gramíneas,220_071,5.9,POINT(-46.30996 -15.61379)
1814852783,84f2ecd8-49f4-390d-9cc8-d95f37f93403,-39.33316,-13.86162,2026-04-20 16:37:00+00:00,2026-04-20,NOAA-20,IGRAPIÚNA,BAHIA,Brasil,0.0,2.0,0.03,Mata Atlântica,33,29,2913457,8,Floresta Ombrófila densa,216_070,7.3,POINT(-39.33316 -13.86162)
1814852776,a8eac9f7-e8f4-33a3-9972-55331a3146e0,-39.41366,-13.62742,2026-04-20 16:37:00+00:00,2026-04-20,NOAA-20,WENCESLAU GUIMARÃES,BAHIA,Brasil,0.2,3.0,0.03,Mata Atlântica,33,29,2933505,8,Floresta Ombrófila densa,216_069,2.8,POINT(-39.41366 -13.62742)
1814852761,43486255-aadf-3dc0-91c1-5a6d352d2b64,-46.66028,-15.07864,2026-04-20 16:37:00+00:00,2026-04-20,NOAA-20,BURITIS,MINAS GERAIS,Brasil,0.0,3.0,0.4,Cerrado,33,31,3109303,8,Savana; Caatinga aberta,220_070,2.5,POINT(-46.66028 -15.07864)
1814852746,3c89c69a-e016-35bc-9b68-5247513ade09,-43.89114,-15.65674,2026-04-20 16:37:00+00:00,2026-04-20,NOAA-20,VARZELÂNDIA,MINAS GERAIS,Brasil,0.0,10.0,0.88,Cerrado,33,31,3170909,8,Pastagens e gramíneas,218_071,3.0,POINT(-43.89114 -15.65674)
1814852738,667400e1-96d2-378b-ad55-98789901daa7,-49.3166,-25.33292,2026-04-20 16:37:00+00:00,2026-04-20,NOAA-20,ALMIRANTE TAMANDARÉ,PARANÁ,Brasil,0.0,3.0,1.0,Mata Atlântica,33,41,4100400,8,Agricultura e diversos,220_078,6.2,POINT(-49.3166 -25.33292)
1814852828,c5abafed-90eb-3b64-825e-907a213a35a7,-39.34246,-13.53825,2026-04-20 16:37:00+00:00,2026-04-20,NOAA-20,TAPEROÁ,BAHIA,Brasil,0.1,2.0,0.12,Mata Atlântica,33,29,2931202,8,Floresta de contato; Campinarana,216_069,12.2,POINT(-39.34246 -13.53825)
1814852721,fc798ffb-f30a-33fe-b659-22d8eb5a2772,-50.80925,-27.01238,2026-04-20 16:37:00+00:00,2026-04-20,NOAA-20,FRAIBURGO,SANTA CATARINA,Brasil,0.1,4.0,0.7,Mata Atlântica,33,42,4205506,8,Pastagens e gramíneas,221_079,42.0,POINT(-50.80925 -27.01238)
1814852708,0fda25ab-66cc-3b6d-a319-d700341fb7dc,-39.47033,-14.1012,2026-04-20 16:37:00+00:00,2026-04-20,NOAA-20,IBIRAPITANGA,BAHIA,Brasil,0.0,6.0,0.04,Mata Atlântica,33,29,2912707,8,Floresta Ombrófila densa,216_070,6.7,POINT(-39.47033 -14.1012)
1814852717,f2469878-7c95-3d16-a84e-861f30422ef2,-43.85309,-14.04114,2026-04-20 16:37:00+00:00,2026-04-20,NOAA-20,CARINHANHA,BAHIA,Brasil,0.0,18.0,0.66,Cerrado,33,29,2907103,8,Savana arbórea; Caatinga fechada,219_070,7.0,POINT(-43.85309 -14.04114)
1814852714,c27ce1ce-2620-37d6-bd00-b50c6bfd2185,-49.34703,-20.96469,2026-04-20 16:37:00+00:00,2026-04-20,NOAA-20,CEDRAL,SÃO PAULO,Brasil,0.0,2.0,0.56,Mata Atlântica,33,35,3511300,8,Pastagens e gramíneas,221_075,5.9,POINT(-49.34703 -20.96469)
1814852707,cccba50e-4c94-3142-8779-89a2a8208753,-47.21951,-20.07951,2026-04-20 16:37:00+00:00,2026-04-20,NOAA-20,SACRAMENTO,MINAS GERAIS,Brasil,0.0,10.0,0.77,Cerrado,33,31,3156908,8,Pastagens e gramíneas,220_074,14.8,POINT(-47.21951 -20.07951)
1814852688,2ab3d789-51fb-39ad-a49f-7b3dd2ea8e85,-50.10216,-26.89832,2026-04-20 16:37:00+00:00,2026-04-20,NOAA-20,RIO DO CAMPO,SANTA CATARINA,Brasil,0.0,7.0,0.7,Mata Atlântica,33,42,4214508,8,Agricultura e diversos,221_079,4.8,POINT(-50.10216 -26.89832)
1814852841,685b5f0b-2521-335c-ae0f-411b316b03b2,-47.62039,-15.69535,2026-04-20 16:37:00+00:00,2026-04-20,NOAA-20,BRASÍLIA,DISTRITO FEDERAL,Brasil,0.0,5.0,0.25,Cerrado,33,53,5300108,8,Savana; Caatinga aberta,221_071,3.9,POINT(-47.62039 -15.69535)
1814852676,1da45a02-d67f-3419-82ea-a44a9ff50280,-42.68852,-18.45778,2026-04-20 16:37:00+00:00,2026-04-20,NOAA-20,SÃO PEDRO DO SUAÇUÍ,MINAS GERAIS,Brasil,0.0,7.0,0.81,Mata Atlântica,33,31,3164100,8,Pastagens e gramíneas,217_073,0.9,POINT(-42.68852 -18.45778)
1814852672,de4b8fe1-66e2-3970-9c93-6bfcbcb82e31,-53.78371,-17.34228,2026-04-20 16:37:00+00:00,2026-04-20,NOAA-20,SONORA,MATO GROSSO DO SUL,Brasil,0.69,2.0,0.16,Cerrado,33,50,5007935,8,Pastagens e gramíneas,225_072,8.4,POINT(-53.78371 -17.34228)
1814852664,3d35676c-1463-3ea1-86ab-d6cf0034f178,-56.36347,-20.91902,2026-04-20 16:37:00+00:00,2026-04-20,NOAA-20,BONITO,MATO GROSSO DO SUL,Brasil,1.54,0.0,0.1,Cerrado,33,50,5002209,8,Florestas decíduas e sazonais,226_074,6.3,POINT(-56.36347 -20.91902)
1814852616,730e7b2a-e965-3bff-be30-2872d5c9f495,-50.51223,-26.94005,2026-04-20 16:37:00+00:00,2026-04-20,NOAA-20,SANTA CECÍLIA,SANTA CATARINA,Brasil,0.0,5.0,0.13,Mata Atlântica,33,42,4215505,8,Floresta Ombrófila densa,221_079,9.5,POINT(-50.51223 -26.94005)
1814852637,6c0ce078-204c-3b70-b54c-a2f4a4c4d2ed,-51.32411,-27.07998,2026-04-20 16:37:00+00:00,2026-04-20,NOAA-20,IBICARÉ,SANTA CATARINA,Brasil,0.12,4.0,0.2,Mata Atlântica,33,42,4206801,8,Floresta de contato; Campinarana,221_079,20.2,POINT(-51.32411 -27.07998)
1814852598,ba371d36-54ba-3040-b147-bf4734dcec40,-45.13234,-18.63391,2026-04-20 16:37:00+00:00,2026-04-20,NOAA-20,FELIXLÂNDIA,MINAS GERAIS,Brasil,0.0,8.0,0.74,Cerrado,33,31,3125705,8,Pastagens e gramíneas,219_073,6.7,POINT(-45.13234 -18.63391)
1814852633,d1e5e2bf-f539-374f-800e-cda16b0a9da2,-43.16339,-18.31997,2026-04-20 16:37:00+00:00,2026-04-20,NOAA-20,RIO VERMELHO,MINAS GERAIS,Brasil,0.0,6.0,0.15,Mata Atlântica,33,31,3156007,8,Floresta de contato; Campinarana,218_073,2.4,POINT(-43.16339 -18.31997)
1814852629,2d9d3ce9-74fe-337d-8fbe-b7316542b031,-56.35899,-20.92105,2026-04-20 16:37:00+00:00,2026-04-20,NOAA-20,BONITO,MATO GROSSO DO SUL,Brasil,1.54,0.0,0.08,Cerrado,33,50,5002209,8,Florestas decíduas e sazonais,226_074,4.3,POINT(-56.35899 -20.92105)
1814852510,246dbfdf-37d9-3756-9bd0-2c26ac9e865c,-47.39647,-15.71886,2026-04-20 16:37:00+00:00,2026-04-20,NOAA-20,BRASÍLIA,DISTRITO FEDERAL,Brasil,0.0,10.0,0.58,Cerrado,33,53,5300108,8,Agricultura e diversos,221_071,2.8,POINT(-47.39647 -15.71886)
1814852583,82f284d7-6e5e-3c89-9928-bb60e70bd39c,-49.22012,-25.19513,2026-04-20 16:37:00+00:00,2026-04-20,NOAA-20,RIO BRANCO DO SUL,PARANÁ,Brasil,0.0,3.0,0.23,Mata Atlântica,33,41,4122206,8,Floresta Ombrófila densa,220_078,2.8,POINT(-49.22012 -25.19513)
1814852644,5ebbecdf-928c-3034-8a5f-c0aa43b8eb1e,-48.90386,-19.38101,2026-04-20 16:37:00+00:00,2026-04-20,NOAA-20,PRATA,MINAS GERAIS,Brasil,0.0,7.0,1.0,Cerrado,33,31,3152808,8,Pastagens e gramíneas,221_073,5.8,POINT(-48.90386 -19.38101)
1814852569,4b15d054-2403-3bf1-a4e7-2533c877a3bd,-42.34196,-14.36424,2026-04-20 16:37:00+00:00,2026-04-20,NOAA-20,IBIASSUCÊ,BAHIA,Brasil,0.0,2.0,0.39,Caatinga,33,29,2912004,8,Savana arbórea; Caatinga fechada,218_070,12.2,POINT(-42.34196 -14.36424)
1814852832,818d1c9e-e643-333f-b7c6-8b62daf0a6b7,-46.44159,-14.88108,2026-04-20 16:37:00+00:00,2026-04-20,NOAA-20,FORMOSO,MINAS GERAIS,Brasil,0.0,3.0,0.79,Cerrado,33,31,3126208,8,Agricultura e diversos,220_070,3.4,POINT(-46.44159 -14.88108)
1814852563,df6b753f-5c5c-35fc-bd7e-7f0599e9d0ed,-48.98397,-25.99909,2026-04-20 16:37:00+00:00,2026-04-20,NOAA-20,TIJUCAS DO SUL,PARANÁ,Brasil,0.0,-999.0,0.05,Mata Atlântica,33,41,4127601,8,Floresta Ombrófila densa,220_078,15.8,POINT(-48.98397 -25.99909)
1814852557,e64857e3-fc64-3b84-9a3b-e58e9f3438b3,-51.0642,-15.40156,2026-04-20 16:37:00+00:00,2026-04-20,NOAA-20,BRITÂNIA,GOIÁS,Brasil,0.0,7.0,0.86,Cerrado,33,52,5203807,8,Pastagens e gramíneas,223_071,3.9,POINT(-51.0642 -15.40156)
1814852556,c3c7f811-c2fd-3b97-ad08-bda0f5295ee6,-53.06595,-16.24595,2026-04-20 16:37:00+00:00,2026-04-20,NOAA-20,TORIXORÉU,MATO GROSSO,Brasil,0.0,2.0,0.93,Cerrado,33,51,5108204,8,Pastagens e gramíneas,224_071,8.8,POINT(-53.06595 -16.24595)
1814852652,c3092b43-15a3-3fc8-a356-997d424943da,-39.09875,-15.74441,2026-04-20 16:37:00+00:00,2026-04-20,NOAA-20,CANAVIEIRAS,BAHIA,Brasil,0.0,6.0,0.18,Mata Atlântica,33,29,2906303,8,Florestas decíduas e sazonais,215_071,7.8,POINT(-39.09875 -15.74441)
1814852547,3ee5addf-7561-3ce8-b66c-d67b7f25aed6,-43.9577,-15.15494,2026-04-20 16:37:00+00:00,2026-04-20,NOAA-20,JAÍBA,MINAS GERAIS,Brasil,0.0,11.0,1.0,Cerrado,33,31,3135050,8,Agricultura e diversos,219_070,2.3,POINT(-43.9577 -15.15494)
1814852770,9220b943-73b2-35a8-a640-0d71c948c078,-51.4637,-27.34981,2026-04-20 16:37:00+00:00,2026-04-20,NOAA-20,CAMPOS NOVOS,SANTA CATARINA,Brasil,0.0,3.0,0.2,Mata Atlântica,33,42,4203600,8,Floresta Ombrófila densa,222_079,16.0,POINT(-51.4637 -27.34981)
1814852803,a84e7a88-7ed4-3281-830c-c143001f11fe,-50.59866,-27.16641,2026-04-20 16:37:00+00:00,2026-04-20,NOAA-20,PONTE ALTA DO NORTE,SANTA CATARINA,Brasil,0.0,4.0,0.21,Mata Atlântica,33,42,4213351,8,Floresta Ombrófila densa,221_079,19.5,POINT(-50.59866 -27.16641)
1814852541,d8949e1c-5862-3785-b0a4-65b3124c7073,-46.53121,-15.85281,2026-04-20 16:37:00+00:00,2026-04-20,NOAA-20,UNAÍ,MINAS GERAIS,Brasil,0.2,6.0,0.33,Cerrado,33,31,3170404,8,Savana; Caatinga aberta,220_071,25.8,POINT(-46.53121 -15.85281)
1814852527,4e94fbc2-bf3b-33b7-bbed-581a7635abba,-43.28379,-16.755,2026-04-20 16:37:00+00:00,2026-04-20,NOAA-20,ITACAMBIRA,MINAS GERAIS,Brasil,0.0,9.0,0.25,Cerrado,33,31,3132008,8,Savana arbórea; Caatinga fechada,218_072,13.3,POINT(-43.28379 -16.755)
1814852506,e0945ef4-d23f-3180-9fd2-70f8c46f2820,-51.32386,-25.73116,2026-04-20 16:37:00+00:00,2026-04-20,NOAA-20,INÁCIO MARTINS,PARANÁ,Brasil,0.2,3.0,0.12,Mata Atlântica,33,41,4110201,8,Floresta Ombrófila densa,222_078,4.6,POINT(-51.32386 -25.73116)
1814852504,3cfebe65-b06a-3ff0-8217-e9d1e63cdf71,-46.44671,-14.89552,2026-04-20 16:37:00+00:00,2026-04-20,NOAA-20,FORMOSO,MINAS GERAIS,Brasil,0.0,3.0,0.91,Cerrado,33,31,3126208,8,Pastagens e gramíneas,220_070,4.2,POINT(-46.44671 -14.89552)
1814852499,6ee32930-b3f6-3faa-b45b-28b78675ead0,-44.81394,-17.71474,2026-04-20 16:37:00+00:00,2026-04-20,NOAA-20,VÁRZEA DA PALMA,MINAS GERAIS,Brasil,1.4,7.0,0.82,Cerrado,33,31,3170800,8,Pastagens e gramíneas,219_072,3.2,POINT(-44.81394 -17.71474)
1814852494,875a60b8-8186-3efa-bb96-20dc87c83fcf,-39.47979,-15.43071,2026-04-20 16:37:00+00:00,2026-04-20,NOAA-20,CAMACAN,BAHIA,Brasil,0.0,6.0,0.09,Mata Atlântica,33,29,2905602,8,Floresta Ombrófila densa,216_071,4.7,POINT(-39.47979 -15.43071)
1814853521,1fe3418b-b2d2-3aad-a66d-a40a22f7fa54,-51.17701,-27.18774,2026-04-20 16:37:00+00:00,2026-04-20,NOAA-20,TANGARÁ,SANTA CATARINA,Brasil,0.0,4.0,0.15,Mata Atlântica,33,42,4217907,8,Florestas decíduas e sazonais,221_079,6.8,POINT(-51.17701 -27.18774)
1814852484,d144b1c7-eaa3-3b26-836c-f37d73f7c66d,-39.45171,-13.63421,2026-04-20 16:37:00+00:00,2026-04-20,NOAA-20,WENCESLAU GUIMARÃES,BAHIA,Brasil,0.2,5.0,0.02,Mata Atlântica,33,29,2933505,8,Floresta Ombrófila densa,216_069,10.1,POINT(-39.45171 -13.63421)
1814853514,87987700-e2db-3a98-af63-917fa009a9dd,-51.32532,-25.7293,2026-04-20 16:37:00+00:00,2026-04-20,NOAA-20,INÁCIO MARTINS,PARANÁ,Brasil,0.2,3.0,0.11,Mata Atlântica,33,41,4110201,8,Floresta Ombrófila densa,222_078,8.1,POINT(-51.32532 -25.7293)
1814853513,0045c9fb-1b1c-305a-8e9a-5060ec7b6a9e,-47.78139,-15.6824,2026-04-20 16:37:00+00:00,2026-04-20,NOAA-20,BRASÍLIA,DISTRITO FEDERAL,Brasil,0.0,7.0,0.95,Cerrado,33,53,5300108,8,Pastagens e gramíneas,221_071,6.0,POINT(-47.78139 -15.6824)
1814853504,9b9e7009-1869-38c6-8379-f3325bd5ecc9,-51.31788,-27.07941,2026-04-20 16:37:00+00:00,2026-04-20,NOAA-20,TANGARÁ,SANTA CATARINA,Brasil,0.1,4.0,0.1,Mata Atlântica,33,42,4217907,8,Florestas decíduas e sazonais,221_079,20.2,POINT(-51.31788 -27.07941)
1814853488,42c28865-b4fd-32b1-aad8-0fecc0f2dad9,-47.25601,-16.18114,2026-04-20 16:37:00+00:00,2026-04-20,NOAA-20,CABECEIRA GRANDE,MINAS GERAIS,Brasil,0.0,11.0,1.0,Cerrado,33,31,3109451,8,Pastagens e gramíneas,221_071,1.8,POINT(-47.25601 -16.18114)
1814853495,d8adc6d6-34fc-322b-a4b7-5db51bd7c277,-39.63158,-12.92989,2026-04-20 16:37:00+00:00,2026-04-20,NOAA-20,AMARGOSA,BAHIA,Brasil,0.1,5.0,0.75,Mata Atlântica,33,29,2901007,8,Pastagens e gramíneas,216_069,7.0,POINT(-39.63158 -12.92989)
1814852471,ed5a0c9f-3280-3c70-8ff5-d6dd2497d601,-51.46035,-27.34952,2026-04-20 16:37:00+00:00,2026-04-20,NOAA-20,CAMPOS NOVOS,SANTA CATARINA,Brasil,0.0,3.0,0.2,Mata Atlântica,33,42,4203600,8,Floresta Ombrófila densa,222_079,35.8,POINT(-51.46035 -27.34952)
1814853478,1fea5fea-1abf-3910-8d03-f9c4bd258ce1,-51.73782,-17.57877,2026-04-20 16:37:00+00:00,2026-04-20,NOAA-20,JATAÍ,GOIÁS,Brasil,0.0,9.0,0.36,Cerrado,33,52,5211909,8,Savana arbórea; Caatinga fechada,223_072,10.5,POINT(-51.73782 -17.57877)
1814853476,81792356-cfd0-31ee-8748-117660212ffb,-45.34238,-13.95219,2026-04-20 16:37:00+00:00,2026-04-20,NOAA-20,JABORANDI,BAHIA,Brasil,0.0,10.0,0.49,Cerrado,33,29,2917359,8,Savana; Caatinga aberta,220_070,11.1,POINT(-45.34238 -13.95219)
1814852456,376870b2-7c9e-30c9-8a11-6f98139a4416,-50.12231,-25.18843,2026-04-20 16:37:00+00:00,2026-04-20,NOAA-20,PONTA GROSSA,PARANÁ,Brasil,0.0,2.0,0.89,Mata Atlântica,33,41,4119905,8,Agricultura e diversos,221_077,2.1,POINT(-50.12231 -25.18843)
1814852451,2dec161c-9d8e-3fe5-9b3b-c5181a27f8ec,-39.15149,-13.28545,2026-04-20 16:37:00+00:00,2026-04-20,NOAA-20,VALENÇA,BAHIA,Brasil,0.0,2.0,0.03,Mata Atlântica,33,29,2932903,8,Floresta Ombrófila densa,216_069,6.2,POINT(-39.15149 -13.28545)
1814853468,f30d69d1-26ac-32c7-99e9-4893888f43ec,-48.80704,-26.79252,2026-04-20 16:37:00+00:00,2026-04-20,NOAA-20,LUIZ ALVES,SANTA CATARINA,Brasil,0.0,4.0,0.75,Mata Atlântica,33,42,4210001,8,Pastagens e gramíneas,220_079,2.4,POINT(-48.80704 -26.79252)
1814853462,9ee64c15-17aa-369e-b545-a50387efbf17,-43.47523,-14.38351,2026-04-20 16:37:00+00:00,2026-04-20,NOAA-20,IUIU,BAHIA,Brasil,0.0,16.0,1.0,Cerrado,33,29,2917334,8,Pastagens e gramíneas,218_070,5.9,POINT(-43.47523 -14.38351)
1814853453,97b1a759-2129-3ca1-998b-4fef292f797c,-49.57904,-27.00264,2026-04-20 16:37:00+00:00,2026-04-20,NOAA-20,IBIRAMA,SANTA CATARINA,Brasil,0.0,5.0,0.25,Mata Atlântica,33,42,4206900,8,Floresta Ombrófila densa,220_079,4.7,POINT(-49.57904 -27.00264)
1814852457,627c569e-86d0-3612-be80-fb067bf1428d,-51.45862,-27.35019,2026-04-20 16:37:00+00:00,2026-04-20,NOAA-20,CAMPOS NOVOS,SANTA CATARINA,Brasil,0.0,3.0,0.25,Mata Atlântica,33,42,4203600,8,Florestas decíduas e sazonais,222_079,36.9,POINT(-51.45862 -27.35019)
1814852435,5f280a2b-7c49-3b8b-867f-64d5cb124dd4,-50.5983,-27.1712,2026-04-20 16:37:00+00:00,2026-04-20,NOAA-20,PONTE ALTA DO NORTE,SANTA CATARINA,Brasil,0.0,4.0,0.21,Mata Atlântica,33,42,4213351,8,Floresta Ombrófila densa,221_079,19.5,POINT(-50.5983 -27.1712)
1814853434,82ff36b9-d372-374b-a6de-9cb895590b3c,-51.73615,-17.57545,2026-04-20 16:37:00+00:00,2026-04-20,NOAA-20,JATAÍ,GOIÁS,Brasil,0.0,9.0,0.33,Cerrado,33,52,5211909,8,Floresta de contato; Campinarana,223_072,9.6,POINT(-51.73615 -17.57545)
1814853431,8d78ae90-3757-3948-9b26-0d6fde00e29d,-50.60675,-27.17209,2026-04-20 16:37:00+00:00,2026-04-20,NOAA-20,PONTE ALTA DO NORTE,SANTA CATARINA,Brasil,0.0,4.0,0.21,Mata Atlântica,33,42,4213351,8,Floresta Ombrófila densa,221_079,23.8,POINT(-50.60675 -27.17209)
1814853422,8d1b9a0e-3b79-3405-abbe-ff621fd60883,-50.60135,-27.16677,2026-04-20 16:37:00+00:00,2026-04-20,NOAA-20,PONTE ALTA DO NORTE,SANTA CATARINA,Brasil,0.0,4.0,0.21,Mata Atlântica,33,42,4213351,8,Floresta Ombrófila densa,221_079,23.8,POINT(-50.60135 -27.16677)
1814853417,b0d69d1d-c2b2-398a-b74a-f9de660774bd,-42.14217,-14.43979,2026-04-20 16:37:00+00:00,2026-04-20,NOAA-20,RIO DO ANTÔNIO,BAHIA,Brasil,0.0,14.0,0.83,Caatinga,33,29,2926806,8,Agricultura e diversos,217_070,5.9,POINT(-42.14217 -14.43979)
1814853405,d2b2f7d4-216b-3aea-bb30-e009ab108607,-48.36797,-16.10247,2026-04-20 16:37:00+00:00,2026-04-20,NOAA-20,ALEXÂNIA,GOIÁS,Brasil,0.0,3.0,0.95,Cerrado,33,52,5200308,8,Pastagens e gramíneas,221_071,4.2,POINT(-48.36797 -16.10247)
1814853403,b41895ba-f13d-307f-bd06-34df8ff88d4e,-51.18294,-27.18829,2026-04-20 16:37:00+00:00,2026-04-20,NOAA-20,TANGARÁ,SANTA CATARINA,Brasil,0.0,4.0,0.17,Mata Atlântica,33,42,4217907,8,Florestas decíduas e sazonais,221_079,5.7,POINT(-51.18294 -27.18829)
1814853399,1faee4c5-d447-381b-842f-e91630aa90e0,-41.22773,-13.79991,2026-04-20 16:37:00+00:00,2026-04-20,NOAA-20,ITUAÇU,BAHIA,Brasil,0.05,5.0,0.21,Caatinga,33,29,2917201,8,Savana arbórea; Caatinga fechada,217_070,5.9,POINT(-41.22773 -13.79991)
1814853398,6cc343ca-45c3-3cf6-9a52-2d9b70632924,-39.58642,-17.06244,2026-04-20 16:37:00+00:00,2026-04-20,NOAA-20,ITAMARAJU,BAHIA,Brasil,4.28,3.0,0.29,Mata Atlântica,33,29,2915601,8,Agricultura e diversos,215_072,1.9,POINT(-39.58642 -17.06244)
1814853396,ffd782d6-c6a9-3e95-9019-2aedffede3af,-49.53236,-20.62823,2026-04-20 16:37:00+00:00,2026-04-20,NOAA-20,MIRASSOLÂNDIA,SÃO PAULO,Brasil,0.0,2.0,0.81,Cerrado,33,35,3530409,8,Pastagens e gramíneas,221_074,4.1,POINT(-49.53236 -20.62823)
1814853392,cd7dceb8-273d-34f3-9796-224df8205762,-41.1317,-14.75849,2026-04-20 16:37:00+00:00,2026-04-20,NOAA-20,ANAGÉ,BAHIA,Brasil,0.0,11.0,0.7,Caatinga,33,29,2901205,8,Agricultura e diversos,217_070,2.9,POINT(-41.1317 -14.75849)
1814853391,53a5d921-4937-33a5-aee4-d57cbf848c45,-41.91817,-14.81855,2026-04-20 16:37:00+00:00,2026-04-20,NOAA-20,CONDEÚBA,BAHIA,Brasil,0.0,11.0,1.0,Caatinga,33,29,2908705,8,Pastagens e gramíneas,217_070,6.8,POINT(-41.91817 -14.81855)
1814853389,9f87074f-b78f-31a8-8d85-db807f2e503d,-40.422,-15.74641,2026-04-20 16:37:00+00:00,2026-04-20,NOAA-20,MACARANI,BAHIA,Brasil,0.28,7.0,1.0,Mata Atlântica,33,29,2919702,8,Pastagens e gramíneas,216_071,5.8,POINT(-40.422 -15.74641)
1814853387,842742ef-8bd2-3f27-8621-1e59fc655fd8,-46.729,-17.66988,2026-04-20 16:37:00+00:00,2026-04-20,NOAA-20,VAZANTE,MINAS GERAIS,Brasil,0.0,11.0,0.16,Cerrado,33,31,3171006,8,Floresta Ombrófila densa,220_072,5.5,POINT(-46.729 -17.66988)
1814853384,3c442344-c7f2-396b-82cf-fbb404e99bfe,-50.51597,-26.94143,2026-04-20 16:37:00+00:00,2026-04-20,NOAA-20,SANTA CECÍLIA,SANTA CATARINA,Brasil,0.0,5.0,0.13,Mata Atlântica,33,42,4215505,8,Floresta Ombrófila densa,221_079,5.3,POINT(-50.51597 -26.94143)
1814852421,110067d6-35cc-33c3-aa46-7df9dcd7d8f9,-51.17801,-26.01398,2026-04-20 16:37:00+00:00,2026-04-20,NOAA-20,CRUZ MACHADO,PARANÁ,Brasil,0.0,4.0,0.2,Mata Atlântica,33,41,4106803,8,Floresta Ombrófila densa,222_078,5.5,POINT(-51.17801 -26.01398)
1814853379,ec0aae07-2063-31c4-8205-2fc08b52cdcf,-40.42313,-17.97369,2026-04-20 16:37:00+00:00,2026-04-20,NOAA-20,MUCURICI,ESPÍRITO SANTO,Brasil,0.17,2.0,0.07,Mata Atlântica,33,32,3203601,8,Floresta de contato; Campinarana,216_072,5.5,POINT(-40.42313 -17.97369)
1814853361,20f1a699-2f0a-31ee-8708-8b5232048243,-43.99788,-17.76873,2026-04-20 16:37:00+00:00,2026-04-20,NOAA-20,BUENÓPOLIS,MINAS GERAIS,Brasil,2.47,2.0,0.37,Cerrado,33,31,3109204,8,Pastagens e gramíneas,218_072,1.6,POINT(-43.99788 -17.76873)
1814852420,18908620-9ce9-3871-82dc-a5d8bd1c68aa,-38.97484,-13.34991,2026-04-20 16:37:00+00:00,2026-04-20,NOAA-20,VALENÇA,BAHIA,Brasil,0.1,-999.0,0.1,Mata Atlântica,33,29,2932903,8,Savana; Caatinga aberta,216_069,5.1,POINT(-38.97484 -13.34991)
1814852407,d528102d-b9f4-3072-b20c-91757d9a84a5,-51.46362,-27.35065,2026-04-20 16:37:00+00:00,2026-04-20,NOAA-20,CAMPOS NOVOS,SANTA CATARINA,Brasil,0.0,3.0,0.2,Mata Atlântica,33,42,4203600,8,Floresta Ombrófila densa,222_079,38.1,POINT(-51.46362 -27.35065)
1814853353,6469dc4d-3b00-3033-9f2a-16f4fe702646,-42.47141,-15.84611,2026-04-20 16:37:00+00:00,2026-04-20,NOAA-20,RIO PARDO DE MINAS,MINAS GERAIS,Brasil,0.0,7.0,0.34,Cerrado,33,31,3155603,8,Savana arbórea; Caatinga fechada,217_071,2.6,POINT(-42.47141 -15.84611)
1814852399,23307baf-4b6f-3106-a6c3-37c0b6539479,-50.33185,-26.425,2026-04-20 16:37:00+00:00,2026-04-20,NOAA-20,MAJOR VIEIRA,SANTA CATARINA,Brasil,0.0,4.0,0.17,Mata Atlântica,33,42,4210308,8,Florestas decíduas e sazonais,221_078,9.5,POINT(-50.33185 -26.425)
1814853345,4c41e766-ebfe-34ce-9167-b97c8deb8c05,-43.47908,-14.38413,2026-04-20 16:37:00+00:00,2026-04-20,NOAA-20,IUIU,BAHIA,Brasil,0.0,16.0,1.0,Cerrado,33,29,2917334,8,Pastagens e gramíneas,218_070,5.3,POINT(-43.47908 -14.38413)
1814852401,82410b37-e15d-3c92-9845-3fb9db490bbd,-39.23808,-14.56032,2026-04-20 16:37:00+00:00,2026-04-20,NOAA-20,URUÇUCA,BAHIA,Brasil,0.0,0.0,0.08,Mata Atlântica,33,29,2932705,8,Floresta Ombrófila densa,216_070,4.4,POINT(-39.23808 -14.56032)
1814852392,bb504443-7f79-30c0-810f-9d6791fe1f1d,-51.25777,-26.75055,2026-04-20 16:37:00+00:00,2026-04-20,NOAA-20,CAÇADOR,SANTA CATARINA,Brasil,0.0,4.0,0.05,Mata Atlântica,33,42,4203006,8,Floresta Ombrófila densa,221_079,9.7,POINT(-51.25777 -26.75055)
1814853336,cdc59b82-5e6b-3f84-8d0e-e0a7bbfc4ab2,-37.64614,-11.71492,2026-04-20 16:37:00+00:00,2026-04-20,NOAA-20,CONDE,BAHIA,Brasil,0.3,5.0,0.2,Mata Atlântica,33,29,2908606,8,Floresta Ombrófila densa,215_068,30.4,POINT(-37.64614 -11.71492)
1814853327,4561ec2d-2ee5-38df-8ee0-068e098add56,-46.93246,-14.5544,2026-04-20 16:37:00+00:00,2026-04-20,NOAA-20,FLORES DE GOIÁS,GOIÁS,Brasil,0.0,9.0,0.68,Cerrado,33,52,5207907,8,Savana; Caatinga aberta,221_070,4.0,POINT(-46.93246 -14.5544)
1814853321,cfa4bd16-6a67-3447-8a02-06a9840f06e8,-46.73624,-17.6744,2026-04-20 16:37:00+00:00,2026-04-20,NOAA-20,VAZANTE,MINAS GERAIS,Brasil,0.0,11.0,0.16,Cerrado,33,31,3171006,8,Floresta Ombrófila densa,220_072,3.5,POINT(-46.73624 -17.6744)
1814853319,8173fc24-d559-3cb0-97be-29fa056bb8b6,-50.82051,-27.34214,2026-04-20 16:37:00+00:00,2026-04-20,NOAA-20,BRUNÓPOLIS,SANTA CATARINA,Brasil,0.0,4.0,0.32,Mata Atlântica,33,42,4202875,8,Floresta de contato; Campinarana,221_079,5.6,POINT(-50.82051 -27.34214)
1814853497,8ff404fa-88e1-3050-8201-9a9b80e76509,-44.81095,-17.71094,2026-04-20 16:37:00+00:00,2026-04-20,NOAA-20,VÁRZEA DA PALMA,MINAS GERAIS,Brasil,1.48,7.0,0.79,Cerrado,33,31,3170800,8,Pastagens e gramíneas,219_072,8.0,POINT(-44.81095 -17.71094)
1814853314,7cf55fdd-195b-3188-aead-85f7abff3587,-41.92258,-14.81929,2026-04-20 16:37:00+00:00,2026-04-20,NOAA-20,CONDEÚBA,BAHIA,Brasil,0.0,10.0,1.0,Caatinga,33,29,2908705,8,Pastagens e gramíneas,217_070,6.8,POINT(-41.92258 -14.81929)
1814853308,97303ed4-831d-368c-b2fc-d2cd38b14cce,-51.92629,-27.12338,2026-04-20 16:37:00+00:00,2026-04-20,NOAA-20,IRANI,SANTA CATARINA,Brasil,1.25,3.0,0.16,Mata Atlântica,33,42,4207809,8,Florestas decíduas e sazonais,222_079,4.1,POINT(-51.92629 -27.12338)
1814852387,6da88533-dcef-3c5a-adee-35d2ec79ed75,-39.15544,-13.28727,2026-04-20 16:37:00+00:00,2026-04-20,NOAA-20,VALENÇA,BAHIA,Brasil,0.0,2.0,0.03,Mata Atlântica,33,29,2932903,8,Floresta Ombrófila densa,216_069,5.3,POINT(-39.15544 -13.28727)
1814853305,7fc7cfac-99d4-3d21-91bc-c3bfae639c79,-39.32883,-12.66691,2026-04-20 16:37:00+00:00,2026-04-20,NOAA-20,CASTRO ALVES,BAHIA,Brasil,0.69,0.0,0.34,Mata Atlântica,33,29,2907301,8,Pastagens e gramíneas,216_069,10.1,POINT(-39.32883 -12.66691)
1814853302,f9e2df6b-dc1b-3f1a-805b-b72a895e561b,-39.9465,-18.86292,2026-04-20 16:37:00+00:00,2026-04-20,NOAA-20,SÃO MATEUS,ESPÍRITO SANTO,Brasil,1.56,-999.0,0.18,Mata Atlântica,33,32,3204906,8,Savana arbórea; Caatinga fechada,215_073,5.2,POINT(-39.9465 -18.86292)
1814853299,99a7ced1-2fad-3b54-9273-0d8297961137,-40.14491,-14.90256,2026-04-20 16:37:00+00:00,2026-04-20,NOAA-20,NOVA CANAÃ,BAHIA,Brasil,0.0,7.0,0.74,Mata Atlântica,33,29,2922706,8,Pastagens e gramíneas,216_070,1.9,POINT(-40.14491 -14.90256)
1814852385,531c40cf-6a54-35ef-a4fe-8b682885568a,-42.85546,-18.32019,2026-04-20 16:37:00+00:00,2026-04-20,NOAA-20,COLUNA,MINAS GERAIS,Brasil,0.0,3.0,0.23,Mata Atlântica,33,31,3116803,8,Floresta de contato; Campinarana,217_073,4.9,POINT(-42.85546 -18.32019)
1814853296,be9e45e1-9f9f-384b-9050-d8ac5682d434,-39.15098,-13.28648,2026-04-20 16:37:00+00:00,2026-04-20,NOAA-20,VALENÇA,BAHIA,Brasil,0.0,2.0,0.03,Mata Atlântica,33,29,2932903,8,Floresta Ombrófila densa,216_069,4.5,POINT(-39.15098 -13.28648)
1814853295,1f9d0fab-8dfa-3d0c-9f53-574bc2b9e1fc,-46.53173,-15.84944,2026-04-20 16:37:00+00:00,2026-04-20,NOAA-20,UNAÍ,MINAS GERAIS,Brasil,0.2,6.0,0.4,Cerrado,33,31,3170404,8,Savana; Caatinga aberta,220_071,25.8,POINT(-46.53173 -15.84944)
1814852368,2ef29ad0-d9cd-394f-b381-e05c809fd17a,-51.45708,-27.34924,2026-04-20 16:37:00+00:00,2026-04-20,NOAA-20,CAMPOS NOVOS,SANTA CATARINA,Brasil,0.0,3.0,0.29,Mata Atlântica,33,42,4203600,8,Florestas decíduas e sazonais,222_079,35.8,POINT(-51.45708 -27.34924)
1814853290,c479da51-4d12-328a-a9e6-6c90d2bddd6d,-50.60096,-27.17156,2026-04-20 16:37:00+00:00,2026-04-20,NOAA-20,PONTE ALTA DO NORTE,SANTA CATARINA,Brasil,0.0,4.0,0.21,Mata Atlântica,33,42,4213351,8,Floresta Ombrófila densa,221_079,23.8,POINT(-50.60096 -27.17156)
1814852379,5cf2fb77-c6b9-3a6a-9e9b-87eaf058f0fe,-39.75797,-16.09312,2026-04-20 16:37:00+00:00,2026-04-20,NOAA-20,ITAGIMIRIM,BAHIA,Brasil,0.0,11.0,0.97,Mata Atlântica,33,29,2915304,8,Pastagens e gramíneas,216_071,3.4,POINT(-39.75797 -16.09312)
1814852358,75f49426-6043-38db-81d9-11ba20f89e47,-47.51445,-14.16796,2026-04-20 16:37:00+00:00,2026-04-20,NOAA-20,ALTO PARAÍSO DE GOIÁS,GOIÁS,Brasil,0.0,2.0,0.15,Cerrado,33,52,5200605,8,Savana; Caatinga aberta,221_070,3.0,POINT(-47.51445 -14.16796)
1814853286,98f8251c-2319-3db5-9e4f-e8fc503dca95,-44.82566,-13.98075,2026-04-20 16:37:00+00:00,2026-04-20,NOAA-20,COCOS,BAHIA,Brasil,0.0,6.0,0.54,Cerrado,33,29,2908101,8,Savana; Caatinga aberta,219_070,3.2,POINT(-44.82566 -13.98075)
1814853268,c56a08c0-6218-307e-8d3c-6c05deda1da5,-50.68846,-27.26213,2026-04-20 16:37:00+00:00,2026-04-20,NOAA-20,CURITIBANOS,SANTA CATARINA,Brasil,0.0,4.0,0.23,Mata Atlântica,33,42,4204806,8,Florestas decíduas e sazonais,221_079,4.1,POINT(-50.68846 -27.26213)
1814853260,d9f5527c-c8af-3162-932e-dfdb1403ed6a,-49.53277,-20.6274,2026-04-20 16:37:00+00:00,2026-04-20,NOAA-20,MIRASSOLÂNDIA,SÃO PAULO,Brasil,0.0,2.0,0.82,Cerrado,33,35,3530409,8,Pastagens e gramíneas,221_074,4.3,POINT(-49.53277 -20.6274)
1814852365,19313605-cb58-3a4f-afc6-8e1dcfa57599,-47.51776,-14.17194,2026-04-20 16:37:00+00:00,2026-04-20,NOAA-20,ALTO PARAÍSO DE GOIÁS,GOIÁS,Brasil,0.0,2.0,0.16,Cerrado,33,52,5200605,8,Savana; Caatinga aberta,221_070,2.8,POINT(-47.51776 -14.17194)
1814853192,698b9efa-45f2-3191-b3fa-56289fbe3235,-50.80857,-27.0172,2026-04-20 16:37:00+00:00,2026-04-20,NOAA-20,FRAIBURGO,SANTA CATARINA,Brasil,0.08,4.0,0.72,Mata Atlântica,33,42,4205506,8,Pastagens e gramíneas,221_079,42.0,POINT(-50.80857 -27.0172)
1814853200,8d47c959-fa25-3691-8fe9-b4dc8adba535,-51.17715,-18.12606,2026-04-20 16:37:00+00:00,2026-04-20,NOAA-20,APARECIDA DO RIO DOCE,GOIÁS,Brasil,0.0,7.0,0.92,Cerrado,33,52,5201454,8,Pastagens e gramíneas,223_073,11.7,POINT(-51.17715 -18.12606)
1814853181,061f151c-c6f9-30ab-909b-b35e574cf6e4,-49.19934,-16.90442,2026-04-20 16:37:00+00:00,2026-04-20,NOAA-20,HIDROLÂNDIA,GOIÁS,Brasil,0.0,11.0,0.75,Cerrado,33,52,5209705,8,Pastagens e gramíneas,222_072,51.5,POINT(-49.19934 -16.90442)
1814852336,e9749053-11e2-3cb8-b325-dcbea8e5b55a,-47.39698,-15.7154,2026-04-20 16:37:00+00:00,2026-04-20,NOAA-20,BRASÍLIA,DISTRITO FEDERAL,Brasil,0.0,10.0,0.58,Cerrado,33,53,5300108,8,Agricultura e diversos,221_071,2.8,POINT(-47.39698 -15.7154)
1814852314,31696546-7405-3102-a3dc-10a7b4180537,-46.83341,-17.16821,2026-04-20 16:37:00+00:00,2026-04-20,NOAA-20,PARACATU,MINAS GERAIS,Brasil,0.0,10.0,1.0,Cerrado,33,31,3147006,8,Pastagens e gramíneas,220_072,21.5,POINT(-46.83341 -17.16821)
1814853162,26e28eee-9444-3c56-a308-d72ed612af34,-39.65006,-14.55622,2026-04-20 16:37:00+00:00,2026-04-20,NOAA-20,ITAPITANGA,BAHIA,Brasil,0.0,6.0,0.69,Mata Atlântica,33,29,2916609,8,Pastagens e gramíneas,216_070,3.3,POINT(-39.65006 -14.55622)
1814853161,02e03d18-55fd-3db8-9a04-bebbb36a4b15,-50.10272,-26.89371,2026-04-20 16:37:00+00:00,2026-04-20,NOAA-20,RIO DO CAMPO,SANTA CATARINA,Brasil,0.0,7.0,0.68,Mata Atlântica,33,42,4214508,8,Agricultura e diversos,221_079,4.8,POINT(-50.10272 -26.89371)
1814853160,da06b6da-870d-344d-9061-e535f1104944,-42.42585,-16.60362,2026-04-20 16:37:00+00:00,2026-04-20,NOAA-20,JOSENÓPOLIS,MINAS GERAIS,Brasil,2.27,11.0,0.35,Cerrado,33,31,3136579,8,Agricultura e diversos,217_072,2.8,POINT(-42.42585 -16.60362)
1814853138,55a18315-4eb9-398b-94d5-58b7c56a891b,-50.10795,-26.89425,2026-04-20 16:37:00+00:00,2026-04-20,NOAA-20,RIO DO CAMPO,SANTA CATARINA,Brasil,0.0,7.0,0.66,Mata Atlântica,33,42,4214508,8,Agricultura e diversos,221_079,6.6,POINT(-50.10795 -26.89425)
1814853136,293c727a-b5db-3e14-9e4d-c4ecc8a8d302,-39.34574,-13.53802,2026-04-20 16:37:00+00:00,2026-04-20,NOAA-20,PRESIDENTE TANCREDO NEVES,BAHIA,Brasil,0.1,2.0,0.08,Mata Atlântica,33,29,2925758,8,Florestas decíduas e sazonais,216_069,14.6,POINT(-39.34574 -13.53802)
1814853134,d7fea5f3-81c2-35a5-8aae-3202c6779718,-51.15294,-25.12159,2026-04-20 16:37:00+00:00,2026-04-20,NOAA-20,PRUDENTÓPOLIS,PARANÁ,Brasil,0.0,2.0,0.65,Mata Atlântica,33,41,4120606,8,Agricultura e diversos,222_077,6.2,POINT(-51.15294 -25.12159)
1814852318,93c4b112-e25e-3800-ae05-172b1eb96d35,-50.10548,-26.89778,2026-04-20 16:37:00+00:00,2026-04-20,NOAA-20,RIO DO CAMPO,SANTA CATARINA,Brasil,0.0,7.0,0.7,Mata Atlântica,33,42,4214508,8,Agricultura e diversos,221_079,6.0,POINT(-50.10548 -26.89778)
1814852317,f7c8e7bb-2f1e-331f-a27a-8c10487a6983,-47.21519,-20.07892,2026-04-20 16:37:00+00:00,2026-04-20,NOAA-20,SACRAMENTO,MINAS GERAIS,Brasil,0.0,10.0,0.76,Cerrado,33,31,3156908,8,Pastagens e gramíneas,220_074,22.7,POINT(-47.21519 -20.07892)
1814852312,db095fa8-ba1a-309c-91e5-8cd15a5d016e,-51.46709,-27.35097,2026-04-20 16:37:00+00:00,2026-04-20,NOAA-20,CAMPOS NOVOS,SANTA CATARINA,Brasil,0.0,3.0,0.2,Mata Atlântica,33,42,4203600,8,Floresta Ombrófila densa,222_079,38.1,POINT(-51.46709 -27.35097)
1814852304,787bb308-084c-3a10-a4f3-0cf79b8cc798,-44.51287,-17.22087,2026-04-20 16:37:00+00:00,2026-04-20,NOAA-20,JEQUITAÍ,MINAS GERAIS,Brasil,0.0,10.0,0.33,Cerrado,33,31,3135605,8,Savana; Caatinga aberta,219_072,1.6,POINT(-44.51287 -17.22087)
1814853115,157dbbd3-9cb3-3b4d-af74-ae4996875cc5,-46.72938,-17.67042,2026-04-20 16:37:00+00:00,2026-04-20,NOAA-20,VAZANTE,MINAS GERAIS,Brasil,0.0,10.0,0.16,Cerrado,33,31,3171006,8,Florestas decíduas e sazonais,220_072,4.2,POINT(-46.72938 -17.67042)
1814853107,4e4c4194-7812-3716-b5ba-0133426e5eb1,-51.46717,-27.3501,2026-04-20 16:37:00+00:00,2026-04-20,NOAA-20,CAMPOS NOVOS,SANTA CATARINA,Brasil,0.0,3.0,0.2,Mata Atlântica,33,42,4203600,8,Floresta Ombrófila densa,222_079,16.0,POINT(-51.46717 -27.3501)
1814852291,68aa175d-9059-3ec9-b482-ac917e3ad2c6,-39.6814,-13.83557,2026-04-20 16:37:00+00:00,2026-04-20,NOAA-20,ITAMARI,BAHIA,Brasil,0.0,1.0,0.02,Mata Atlântica,33,29,2915700,8,Floresta Ombrófila densa,216_070,7.4,POINT(-39.6814 -13.83557)
1814853098,5053bcd5-8cc0-3d95-9a3a-95ae6c70ade8,-47.53733,-14.59392,2026-04-20 16:37:00+00:00,2026-04-20,NOAA-20,SÃO JOÃO D'ALIANÇA,GOIÁS,Brasil,0.0,3.0,0.34,Cerrado,33,52,5220009,8,Savana; Caatinga aberta,221_070,1.4,POINT(-47.53733 -14.59392)
1814853090,7d581ac3-832f-358a-bb5f-ef5f75d71a46,-47.54081,-13.49046,2026-04-20 16:37:00+00:00,2026-04-20,NOAA-20,CAVALCANTE,GOIÁS,Brasil,0.4,0.0,0.06,Cerrado,33,52,5205307,8,Savana; Caatinga aberta,221_069,3.5,POINT(-47.54081 -13.49046)
1814853081,fd5d8f52-a956-3659-b03e-a83b3d63bb30,-39.49565,-16.3556,2026-04-20 16:37:00+00:00,2026-04-20,NOAA-20,EUNÁPOLIS,BAHIA,Brasil,0.2,9.0,0.98,Mata Atlântica,33,29,2910727,8,Pastagens e gramíneas,215_071,12.0,POINT(-39.49565 -16.3556)
1814853306,5f605fec-2211-37f0-83fd-145d69fbb3c4,-48.20406,-15.93526,2026-04-20 16:37:00+00:00,2026-04-20,NOAA-20,BRASÍLIA,DISTRITO FEDERAL,Brasil,0.04,3.0,0.52,Cerrado,33,53,5300108,8,Agricultura e diversos,221_071,2.1,POINT(-48.20406 -15.93526)
1814853077,13321821-1642-3237-bb31-aa8806e24301,-46.16845,-20.32385,2026-04-20 16:37:00+00:00,2026-04-20,NOAA-20,SÃO ROQUE DE MINAS,MINAS GERAIS,Brasil,0.0,3.0,0.86,Cerrado,33,31,3164308,8,Pastagens e gramíneas,219_074,3.7,POINT(-46.16845 -20.32385)
1814853075,83556dc4-e58d-33a2-8780-8f5543a08d94,-43.09427,-14.81681,2026-04-20 16:37:00+00:00,2026-04-20,NOAA-20,ESPINOSA,MINAS GERAIS,Brasil,0.0,14.0,1.0,Caatinga,33,31,3124302,8,Pastagens e gramíneas,218_070,9.9,POINT(-43.09427 -14.81681)
1814852289,a01f236d-d5ff-32a6-8dc1-7e1e8dd00b9b,-45.34593,-13.95274,2026-04-20 16:37:00+00:00,2026-04-20,NOAA-20,JABORANDI,BAHIA,Brasil,0.0,10.0,0.51,Cerrado,33,29,2917359,8,Savana; Caatinga aberta,220_070,13.9,POINT(-45.34593 -13.95274)
1814852287,f07f022d-38f8-3946-a2e6-516464af2a83,-47.54405,-13.49441,2026-04-20 16:37:00+00:00,2026-04-20,NOAA-20,CAVALCANTE,GOIÁS,Brasil,0.4,0.0,0.07,Cerrado,33,52,5205307,8,Savana; Caatinga aberta,221_069,5.5,POINT(-47.54405 -13.49441)
1814852269,a306b8db-4245-3ee5-b086-ce41428ea81c,-45.13289,-18.63058,2026-04-20 16:37:00+00:00,2026-04-20,NOAA-20,FELIXLÂNDIA,MINAS GERAIS,Brasil,0.0,8.0,0.58,Cerrado,33,31,3125705,8,Agricultura e diversos,219_073,6.7,POINT(-45.13289 -18.63058)
1814853059,bdbabcaa-3650-3d4d-91f0-efdf9bf60a9e,-49.59626,-20.03655,2026-04-20 16:37:00+00:00,2026-04-20,NOAA-20,RIOLÂNDIA,SÃO PAULO,Brasil,0.0,3.0,0.9,Mata Atlântica,33,35,3544202,8,Pastagens e gramíneas,221_074,5.7,POINT(-49.59626 -20.03655)
1814852278,ce99748c-5172-38bd-8c92-2996d6932050,-40.25769,-12.64297,2026-04-20 16:37:00+00:00,2026-04-20,NOAA-20,ITABERABA,BAHIA,Brasil,0.02,6.0,1.0,Caatinga,33,29,2914703,8,Pastagens e gramíneas,216_069,5.5,POINT(-40.25769 -12.64297)
1814853058,a19b33bb-2fba-359c-9943-fdc18bd64c84,-50.89409,-25.85092,2026-04-20 16:37:00+00:00,2026-04-20,NOAA-20,MALLET,PARANÁ,Brasil,0.14,4.0,0.18,Mata Atlântica,33,41,4113908,8,Floresta Ombrófila densa,221_078,3.7,POINT(-50.89409 -25.85092)
1814853054,40ddbdf9-79e4-38ee-b121-aa679b9b6f02,-44.70928,-19.43176,2026-04-20 16:37:00+00:00,2026-04-20,NOAA-20,PAPAGAIOS,MINAS GERAIS,Brasil,1.2,6.0,0.67,Cerrado,33,31,3146909,8,Savana; Caatinga aberta,218_074,4.1,POINT(-44.70928 -19.43176)
1814853043,f267dd8e-bc88-3b9b-90bd-4923c72c0135,-50.10018,-26.89727,2026-04-20 16:37:00+00:00,2026-04-20,NOAA-20,RIO DO CAMPO,SANTA CATARINA,Brasil,0.0,7.0,0.71,Mata Atlântica,33,42,4214508,8,Agricultura e diversos,221_079,6.0,POINT(-50.10018 -26.89727)
1814853036,0b08cfbc-a816-3d44-9855-eba7b9c09f0c,-49.33548,-25.10371,2026-04-20 16:37:00+00:00,2026-04-20,NOAA-20,RIO BRANCO DO SUL,PARANÁ,Brasil,0.0,3.0,0.28,Mata Atlântica,33,41,4122206,8,Floresta Ombrófila densa,221_077,9.6,POINT(-49.33548 -25.10371)
1814853341,5defcc3a-537c-371f-8734-81a524dd8ac4,-40.05807,-19.59386,2026-04-20 16:37:00+00:00,2026-04-20,NOAA-20,ARACRUZ,ESPÍRITO SANTO,Brasil,0.63,2.0,0.06,Mata Atlântica,33,32,3200607,8,Pastagens e gramíneas,215_074,6.2,POINT(-40.05807 -19.59386)
1814852276,5e2a9690-2b12-362f-ad37-167e4458b1e9,-39.74598,-13.23001,2026-04-20 16:37:00+00:00,2026-04-20,NOAA-20,UBAÍRA,BAHIA,Brasil,0.2,6.0,0.19,Mata Atlântica,33,29,2932101,8,Savana arbórea; Caatinga fechada,216_069,7.4,POINT(-39.74598 -13.23001)
1814852251,0ff6a183-c1d6-34e1-b4d4-0d05bdd52bf6,-50.60452,-27.16699,2026-04-20 16:37:00+00:00,2026-04-20,NOAA-20,PONTE ALTA DO NORTE,SANTA CATARINA,Brasil,0.0,4.0,0.21,Mata Atlântica,33,42,4213351,8,Floresta Ombrófila densa,221_079,19.5,POINT(-50.60452 -27.16699)
1814853022,490451b1-573f-3e50-90ba-908e8fc1ad2f,-50.68768,-27.26167,2026-04-20 16:37:00+00:00,2026-04-20,NOAA-20,CURITIBANOS,SANTA CATARINA,Brasil,0.0,4.0,0.25,Mata Atlântica,33,42,4204806,8,Florestas decíduas e sazonais,221_079,6.8,POINT(-50.68768 -27.26167)
1814852191,0426b109-c118-3744-befe-cbcaa445b8c0,-39.32596,-12.66539,2026-04-20 16:37:00+00:00,2026-04-20,NOAA-20,CASTRO ALVES,BAHIA,Brasil,0.73,0.0,0.37,Mata Atlântica,33,29,2907301,8,Pastagens e gramíneas,216_069,6.3,POINT(-39.32596 -12.66539)
1814852178,420716f7-017a-32ae-b026-ca135706a738,-47.87064,-15.81027,2026-04-20 16:37:00+00:00,2026-04-20,NOAA-20,BRASÍLIA,DISTRITO FEDERAL,Brasil,0.0,4.0,-999.0,Cerrado,33,53,5300108,8,Corpos agua/Solos expostos/Mineracao/Areas urbanas e construidas/neve e gelo,221_071,2.5,POINT(-47.87064 -15.81027)
1814853354,6e1b1d7e-af09-38ef-95ba-c0ebd0702b65,-49.59954,-20.0411,2026-04-20 16:37:00+00:00,2026-04-20,NOAA-20,RIOLÂNDIA,SÃO PAULO,Brasil,0.0,2.0,0.85,Mata Atlântica,33,35,3544202,8,Pastagens e gramíneas,221_074,5.5,POINT(-49.59954 -20.0411)
1814853013,bd192f0b-93ca-3526-8729-797a419f46a5,-49.33427,-25.10115,2026-04-20 16:37:00+00:00,2026-04-20,NOAA-20,RIO BRANCO DO SUL,PARANÁ,Brasil,0.0,3.0,0.28,Mata Atlântica,33,41,4122206,8,Floresta Ombrófila densa,221_077,7.1,POINT(-49.33427 -25.10115)
1814852244,aadde365-0c94-3b40-a13e-bc48d3d2737d,-40.06292,-19.59472,2026-04-20 16:37:00+00:00,2026-04-20,NOAA-20,ARACRUZ,ESPÍRITO SANTO,Brasil,0.6,2.0,0.06,Mata Atlântica,33,32,3200607,8,Pastagens e gramíneas,215_074,6.2,POINT(-40.06292 -19.59472)
1814852208,588b16a2-add3-3dcb-ae80-38f9c1e51a5a,-50.51063,-26.94093,2026-04-20 16:37:00+00:00,2026-04-20,NOAA-20,SANTA CECÍLIA,SANTA CATARINA,Brasil,0.0,5.0,0.13,Mata Atlântica,33,42,4215505,8,Floresta Ombrófila densa,221_079,6.6,POINT(-50.51063 -26.94093)
1814852995,269d8468-af53-342d-8e41-ec864cb21507,-48.20694,-16.38236,2026-04-20 16:37:00+00:00,2026-04-20,NOAA-20,LUZIÂNIA,GOIÁS,Brasil,0.0,11.0,0.87,Cerrado,33,52,5212501,8,Pastagens e gramíneas,221_071,8.9,POINT(-48.20694 -16.38236)
1814852177,58343541-0722-3d6b-8cd4-cd9efbcfe480,-39.76607,-16.09037,2026-04-20 16:37:00+00:00,2026-04-20,NOAA-20,ITAGIMIRIM,BAHIA,Brasil,0.0,11.0,1.0,Mata Atlântica,33,29,2915304,8,Pastagens e gramíneas,216_071,7.9,POINT(-39.76607 -16.09037)
1814852223,5dacc9cf-090f-30d6-98a2-a7db1d7c915c,-50.75778,-25.03983,2026-04-20 16:37:00+00:00,2026-04-20,NOAA-20,IVAÍ,PARANÁ,Brasil,0.0,2.0,0.24,Mata Atlântica,33,41,4111407,8,Florestas decíduas e sazonais,221_077,4.2,POINT(-50.75778 -25.03983)
1814852980,1cb6a150-0d3d-36a5-a98e-cb77101b6532,-49.3978,-25.17588,2026-04-20 16:37:00+00:00,2026-04-20,NOAA-20,RIO BRANCO DO SUL,PARANÁ,Brasil,0.0,3.0,0.29,Mata Atlântica,33,41,4122206,8,Floresta Ombrófila densa,221_077,8.1,POINT(-49.3978 -25.17588)
1814852972,a1463cfb-4895-3103-a930-18f8ece181ac,-49.57381,-27.0021,2026-04-20 16:37:00+00:00,2026-04-20,NOAA-20,IBIRAMA,SANTA CATARINA,Brasil,0.0,5.0,0.26,Mata Atlântica,33,42,4206900,8,Floresta Ombrófila densa,220_079,3.8,POINT(-49.57381 -27.0021)
1814852960,9e8ec900-dcab-3cfc-bdad-b79319698d74,-39.10326,-15.96277,2026-04-20 16:37:00+00:00,2026-04-20,NOAA-20,BELMONTE,BAHIA,Brasil,0.0,6.0,0.39,Mata Atlântica,33,29,2903409,8,Savana; Caatinga aberta,215_071,7.2,POINT(-39.10326 -15.96277)
1814852958,a820a674-b38a-3b9b-afe1-fc6f62e2bb92,-49.88698,-16.78824,2026-04-20 16:37:00+00:00,2026-04-20,NOAA-20,PALMEIRAS DE GOIÁS,GOIÁS,Brasil,0.0,11.0,0.7,Cerrado,33,52,5215702,8,Pastagens e gramíneas,222_072,4.9,POINT(-49.88698 -16.78824)
1814853523,85dda2d7-184a-3f88-8e4f-b945dba5d5e5,-40.42765,-15.74741,2026-04-20 16:37:00+00:00,2026-04-20,NOAA-20,MACARANI,BAHIA,Brasil,0.22,7.0,1.0,Mata Atlântica,33,29,2919702,8,Pastagens e gramíneas,216_071,6.4,POINT(-40.42765 -15.74741)
1814852947,12c7545a-1ebf-3fa2-898d-df68e17d1503,-39.3323,-13.86262,2026-04-20 16:37:00+00:00,2026-04-20,NOAA-20,IGRAPIÚNA,BAHIA,Brasil,0.0,2.0,0.03,Mata Atlântica,33,29,2913457,8,Floresta Ombrófila densa,216_070,7.4,POINT(-39.3323 -13.86262)
1814852951,cde9ed2e-c14c-31d4-b1aa-63392fddd343,-44.81456,-17.71149,2026-04-20 16:37:00+00:00,2026-04-20,NOAA-20,VÁRZEA DA PALMA,MINAS GERAIS,Brasil,1.45,7.0,0.72,Cerrado,33,31,3170800,8,Pastagens e gramíneas,219_072,8.0,POINT(-44.81456 -17.71149)
1814852931,f8c48ddc-07b0-376a-9c4a-2afd9a1ef112,-51.13282,-25.14396,2026-04-20 16:37:00+00:00,2026-04-20,NOAA-20,PRUDENTÓPOLIS,PARANÁ,Brasil,0.0,2.0,0.54,Mata Atlântica,33,41,4120606,8,Savana; Caatinga aberta,222_077,5.4,POINT(-51.13282 -25.14396)
1814852939,9a6792bd-57eb-3431-8309-0c29f826d20d,-39.17757,-16.68161,2026-04-20 16:37:00+00:00,2026-04-20,NOAA-20,PORTO SEGURO,BAHIA,Brasil,0.18,7.0,0.93,Mata Atlântica,33,29,2925303,8,Pastagens e gramíneas,215_072,7.7,POINT(-39.17757 -16.68161)
1814852206,6164c864-179e-3810-a448-cc0f5f4cdd8c,-39.63099,-12.92804,2026-04-20 16:37:00+00:00,2026-04-20,NOAA-20,SANTA TEREZINHA,BAHIA,Brasil,0.1,5.0,0.75,Mata Atlântica,33,29,2928505,8,Pastagens e gramíneas,216_069,6.9,POINT(-39.63099 -12.92804)
1814852930,e558abb7-d944-3c2a-91f7-aa4614435168,-39.02748,-15.84897,2026-04-20 16:37:00+00:00,2026-04-20,NOAA-20,BELMONTE,BAHIA,Brasil,0.0,-999.0,0.1,Mata Atlântica,33,29,2903409,8,Floresta Ombrófila densa,215_071,23.7,POINT(-39.02748 -15.84897)
1814852176,5c1bd873-19f3-3746-b622-29c70cf23029,-49.33841,-25.10163,2026-04-20 16:37:00+00:00,2026-04-20,NOAA-20,RIO BRANCO DO SUL,PARANÁ,Brasil,0.0,3.0,0.28,Mata Atlântica,33,41,4122206,8,Florestas decíduas e sazonais,221_077,7.1,POINT(-49.33841 -25.10163)
1814852918,ef01a821-a53d-31ad-82ec-89339f4692eb,-39.47077,-14.09871,2026-04-20 16:37:00+00:00,2026-04-20,NOAA-20,IBIRAPITANGA,BAHIA,Brasil,0.0,6.0,0.04,Mata Atlântica,33,29,2912707,8,Floresta Ombrófila densa,216_070,6.4,POINT(-39.47077 -14.09871)
1814852915,b5613cf4-b0ef-356b-864d-e79c7db4362b,-41.03217,-12.1557,2026-04-20 16:37:00+00:00,2026-04-20,NOAA-20,RUY BARBOSA,BAHIA,Brasil,0.0,0.0,1.0,Caatinga,33,29,2927200,8,Pastagens e gramíneas,217_068,2.7,POINT(-41.03217 -12.1557)
1814852912,48bcdc37-4618-347b-8815-f78b99f270b5,-47.77732,-15.68183,2026-04-20 16:37:00+00:00,2026-04-20,NOAA-20,BRASÍLIA,DISTRITO FEDERAL,Brasil,0.0,7.0,0.82,Cerrado,33,53,5300108,8,Pastagens e gramíneas,221_071,5.4,POINT(-47.77732 -15.68183)
1814852911,99bf5728-a7fe-375c-98c1-fadb102f29ce,-50.73104,-25.36426,2026-04-20 16:37:00+00:00,2026-04-20,NOAA-20,IRATI,PARANÁ,Brasil,0.0,3.0,0.91,Mata Atlântica,33,41,4110706,8,Agricultura e diversos,221_078,8.0,POINT(-50.73104 -25.36426)
1814852910,926f58a1-390e-3a8c-8578-4b73e31fdd1d,-39.82154,-16.68261,2026-04-20 16:37:00+00:00,2026-04-20,NOAA-20,GUARATINGA,BAHIA,Brasil,0.6,8.0,0.07,Mata Atlântica,33,29,2911808,8,Floresta Ombrófila densa,216_071,1.4,POINT(-39.82154 -16.68261)
1814852906,2b6a4af4-d442-3073-a11e-8e70a9dc84f0,-47.52684,-13.50584,2026-04-20 16:37:00+00:00,2026-04-20,NOAA-20,CAVALCANTE,GOIÁS,Brasil,0.4,1.0,0.07,Cerrado,33,52,5205307,8,Savana; Caatinga aberta,221_069,2.7,POINT(-47.52684 -13.50584)
1814852893,594a0e0f-65f3-3953-b60b-79fb0b3e8ad5,-39.60315,-13.38634,2026-04-20 16:37:00+00:00,2026-04-20,NOAA-20,JIQUIRIÇÁ,BAHIA,Brasil,0.4,3.0,0.03,Mata Atlântica,33,29,2918209,8,Floresta Ombrófila densa,216_069,5.8,POINT(-39.60315 -13.38634)
1814852892,6194fea8-efc6-3082-be62-e6223ba88a50,-50.72972,-25.36607,2026-04-20 16:37:00+00:00,2026-04-20,NOAA-20,IRATI,PARANÁ,Brasil,0.0,3.0,0.92,Mata Atlântica,33,41,4110706,8,Agricultura e diversos,221_078,9.7,POINT(-50.72972 -25.36607)
1814852205,ad9a047e-ce9f-34d3-be2e-088af2cfa647,-44.67104,-17.59447,2026-04-20 16:37:00+00:00,2026-04-20,NOAA-20,VÁRZEA DA PALMA,MINAS GERAIS,Brasil,0.82,6.0,0.78,Cerrado,33,31,3170800,8,Pastagens e gramíneas,219_072,2.6,POINT(-44.67104 -17.59447)
1814852880,e55ac4fe-bfb3-3e2a-bb67-8eba51071610,-37.69841,-11.14794,2026-04-20 16:39:00+00:00,2026-04-20,NOAA-20,RIACHÃO DO DANTAS,SERGIPE,Brasil,0.2,5.0,1.0,Mata Atlântica,33,28,2805802,8,Pastagens e gramíneas,215_068,3.7,POINT(-37.69841 -11.14794)
1814852810,9ae07d64-10eb-3a59-9c12-3023af1f0ecd,-48.25594,-9.39983,2026-04-20 16:39:00+00:00,2026-04-20,NOAA-20,TOCANTÍNIA,TOCANTINS,Brasil,14.05,2.0,0.0,Cerrado,33,17,1721109,8,Savana arbórea; Caatinga fechada,222_067,2.4,POINT(-48.25594 -9.39983)
1814852805,0c6ea86e-7008-325f-8dba-82e4d6f30889,-39.42562,-10.46383,2026-04-20 16:39:00+00:00,2026-04-20,NOAA-20,MONTE SANTO,BAHIA,Brasil,1.95,7.0,0.83,Caatinga,33,29,2921500,8,Agricultura e diversos,216_067,12.7,POINT(-39.42562 -10.46383)
1814852693,0d235ba6-3cbd-3184-a9c7-25fe62e7ba52,-46.74961,-11.94079,2026-04-20 16:39:00+00:00,2026-04-20,NOAA-20,NOVO JARDIM,TOCANTINS,Brasil,0.0,0.0,0.03,Cerrado,33,17,1715259,8,Savana; Caatinga aberta,221_068,3.2,POINT(-46.74961 -11.94079)
1814852724,584cd368-0318-3d6a-b557-8338b43eba27,-37.20105,-9.70991,2026-04-20 16:39:00+00:00,2026-04-20,NOAA-20,BATALHA,ALAGOAS,Brasil,1.31,2.0,1.0,Caatinga,33,27,2700706,8,Pastagens e gramíneas,215_067,2.5,POINT(-37.20105 -9.70991)
1814852678,8746f211-fbaa-32d6-a592-47f955182bac,-46.74657,-11.93693,2026-04-20 16:39:00+00:00,2026-04-20,NOAA-20,NOVO JARDIM,TOCANTINS,Brasil,0.03,0.0,0.02,Cerrado,33,17,1715259,8,Savana arbórea; Caatinga fechada,221_068,3.2,POINT(-46.74657 -11.93693)
1814852645,8bae5f32-d578-35f2-9094-ce8903bf5643,-44.58938,-12.33158,2026-04-20 16:39:00+00:00,2026-04-20,NOAA-20,BAIANÓPOLIS,BAHIA,Brasil,0.0,2.0,0.12,Cerrado,33,29,2902500,8,Savana; Caatinga aberta,219_069,6.6,POINT(-44.58938 -12.33158)
1814852555,4ac10ea9-1caf-33a6-a0f0-a46b04c7bb86,-39.21911,-10.57864,2026-04-20 16:39:00+00:00,2026-04-20,NOAA-20,MONTE SANTO,BAHIA,Brasil,2.11,4.0,0.56,Caatinga,33,29,2921500,8,Savana arbórea; Caatinga fechada,216_067,6.1,POINT(-39.21911 -10.57864)
1814852639,40102015-826c-3e20-a48c-8c84e54afc53,-43.88801,-8.22881,2026-04-20 16:39:00+00:00,2026-04-20,NOAA-20,MANOEL EMÍDIO,PIAUÍ,Brasil,1.86,4.0,0.08,Caatinga,33,22,2205904,8,Savana arbórea; Caatinga fechada,219_066,13.6,POINT(-43.88801 -8.22881)
1814852472,942f3ee0-27c6-3ba9-ba08-f716abb4ff71,-37.19766,-9.70928,2026-04-20 16:39:00+00:00,2026-04-20,NOAA-20,BATALHA,ALAGOAS,Brasil,1.3,2.0,1.0,Caatinga,33,27,2700706,8,Pastagens e gramíneas,215_067,2.5,POINT(-37.19766 -9.70928)
1814852367,7c2c6fa1-38d2-31a8-89dc-6bd15680f819,-37.49856,-11.12723,2026-04-20 16:39:00+00:00,2026-04-20,NOAA-20,SALGADO,SERGIPE,Brasil,0.0,-999.0,1.0,Mata Atlântica,33,28,2806206,8,Pastagens e gramíneas,215_068,9.0,POINT(-37.49856 -11.12723)
1814852475,59112c0e-ab6d-3113-a61d-9056861bb8b4,-56.96374,-11.80404,2026-04-20 16:39:00+00:00,2026-04-20,NOAA-20,PORTO DOS GAÚCHOS,MATO GROSSO,Brasil,1.8,2.0,0.01,Amazônia,33,51,5106802,8,Floresta Ombrófila densa,227_068,11.8,POINT(-56.96374 -11.80404)
1814853522,3ba52d94-88fc-3dba-b9b3-49f5541f9a3a,-37.3979,-10.71974,2026-04-20 16:39:00+00:00,2026-04-20,NOAA-20,ITABAIANA,SERGIPE,Brasil,0.0,5.0,1.0,Mata Atlântica,33,28,2802908,8,Corpos agua/Solos expostos/Mineracao/Areas urbanas e construidas/neve e gelo,215_067,2.3,POINT(-37.3979 -10.71974)
1814853512,fa05db20-1982-32a9-8e42-06428f3a39a9,-39.32132,-10.50645,2026-04-20 16:39:00+00:00,2026-04-20,NOAA-20,MONTE SANTO,BAHIA,Brasil,1.7,8.0,1.0,Caatinga,33,29,2921500,8,Pastagens e gramíneas,216_067,8.6,POINT(-39.32132 -10.50645)
1814853500,ea35c808-3182-3314-9e55-48b9f14fe986,-43.71903,-5.79005,2026-04-20 16:39:00+00:00,2026-04-20,NOAA-20,BURITI BRAVO,MARANHÃO,Brasil,34.27,0.0,0.0,Cerrado,33,21,2102309,8,Savana arbórea; Caatinga fechada,220_064,3.9,POINT(-43.71903 -5.79005)
1814852483,691371e4-39a2-3c37-957c-b683828636f0,-43.72852,-12.23956,2026-04-20 16:39:00+00:00,2026-04-20,NOAA-20,MUQUÉM DO SÃO FRANCISCO,BAHIA,Brasil,0.0,0.0,0.25,Cerrado,33,29,2922250,8,Savana arbórea; Caatinga fechada,219_068,3.5,POINT(-43.72852 -12.23956)
1814853471,08ccd9b3-1172-3017-b6f8-9670a98480f7,-50.9711,-12.28346,2026-04-20 16:39:00+00:00,2026-04-20,NOAA-20,NOVO SANTO ANTÔNIO,MATO GROSSO,Brasil,1.39,0.0,0.25,Cerrado,33,51,5106315,8,Pastagens e gramíneas,223_069,5.0,POINT(-50.9711 -12.28346)
1814853373,ae2fbb1d-0eb9-3452-8ea9-e6facee8288d,-37.87693,-10.90171,2026-04-20 16:39:00+00:00,2026-04-20,NOAA-20,RIACHÃO DO DANTAS,SERGIPE,Brasil,0.0,5.0,0.69,Caatinga,33,28,2805802,8,Savana; Caatinga aberta,215_068,3.2,POINT(-37.87693 -10.90171)
1814853360,0670e495-0a92-35ba-82c6-baef01163644,-41.10461,-12.09221,2026-04-20 16:39:00+00:00,2026-04-20,NOAA-20,UTINGA,BAHIA,Brasil,0.0,3.0,1.0,Caatinga,33,29,2932804,8,Corpos agua/Solos expostos/Mineracao/Areas urbanas e construidas/neve e gelo,217_068,3.9,POINT(-41.10461 -12.09221)
1814853350,1e0c15e0-8a21-3ebb-900e-aab61215ddfa,-46.74606,-11.94026,2026-04-20 16:39:00+00:00,2026-04-20,NOAA-20,NOVO JARDIM,TOCANTINS,Brasil,0.04,0.0,0.02,Cerrado,33,17,1715259,8,Savana arbórea; Caatinga fechada,221_068,3.2,POINT(-46.74606 -11.94026)
1814853294,075a02ac-aa3f-313f-a479-7e31f6d4873c,-37.63126,-10.75797,2026-04-20 16:39:00+00:00,2026-04-20,NOAA-20,LAGARTO,SERGIPE,Brasil,0.0,5.0,0.68,Caatinga,33,28,2803500,8,Savana; Caatinga aberta,215_067,4.4,POINT(-37.63126 -10.75797)
1814853288,8f377f4d-8f24-3166-8be1-c125eb8dd77a,-49.72006,-11.86327,2026-04-20 16:39:00+00:00,2026-04-20,NOAA-20,FORMOSO DO ARAGUAIA,TOCANTINS,Brasil,0.0,0.0,0.18,Cerrado,33,17,1708205,8,Agricultura e diversos,223_068,11.8,POINT(-49.72006 -11.86327)
1814853232,5ebf4487-72c1-337b-86aa-d077818d7785,-38.61787,-10.52644,2026-04-20 16:39:00+00:00,2026-04-20,NOAA-20,CÍCERO DANTAS,BAHIA,Brasil,3.41,3.0,0.92,Caatinga,33,29,2907806,8,Pastagens e gramíneas,216_067,10.6,POINT(-38.61787 -10.52644)
1814853226,076777b5-beec-3925-bed0-e5be5ef10514,-37.69539,-11.14739,2026-04-20 16:39:00+00:00,2026-04-20,NOAA-20,RIACHÃO DO DANTAS,SERGIPE,Brasil,0.2,5.0,1.0,Mata Atlântica,33,28,2805802,8,Pastagens e gramíneas,215_068,3.3,POINT(-37.69539 -11.14739)
1814852345,a4510e3f-9b7e-3e85-9277-2fc0c224c747,-44.73779,-11.72725,2026-04-20 16:39:00+00:00,2026-04-20,NOAA-20,RIACHÃO DAS NEVES,BAHIA,Brasil,0.82,4.0,0.18,Cerrado,33,29,2926202,8,Savana; Caatinga aberta,220_068,17.4,POINT(-44.73779 -11.72725)
1814853154,d4a324bf-4bb1-3d11-a224-a999ad9ef758,-44.74143,-11.72782,2026-04-20 16:39:00+00:00,2026-04-20,NOAA-20,RIACHÃO DAS NEVES,BAHIA,Brasil,0.84,4.0,0.2,Cerrado,33,29,2926202,8,Savana; Caatinga aberta,220_068,17.4,POINT(-44.74143 -11.72782)
1814853126,fbc9ab13-a17b-3366-9a87-95af4eddd1e3,-37.97954,-9.87988,2026-04-20 16:39:00+00:00,2026-04-20,NOAA-20,CANINDÉ DE SÃO FRANCISCO,SERGIPE,Brasil,0.0,0.0,1.0,Caatinga,33,28,2801207,8,Pastagens e gramíneas,215_067,2.9,POINT(-37.97954 -9.87988)
1814852280,d095d308-8fa6-3c2c-958f-4219c4c20fe7,-37.24773,-9.72412,2026-04-20 16:39:00+00:00,2026-04-20,NOAA-20,JACARÉ DOS HOMENS,ALAGOAS,Brasil,1.41,2.0,1.0,Caatinga,33,27,2703403,8,Pastagens e gramíneas,215_067,4.5,POINT(-37.24773 -9.72412)
1814853117,ff306120-b0e0-3e1d-995d-909caebeaa94,-38.06408,-9.91086,2026-04-20 16:39:00+00:00,2026-04-20,NOAA-20,PEDRO ALEXANDRE,BAHIA,Brasil,0.0,0.0,0.94,Caatinga,33,29,2924207,8,Pastagens e gramíneas,215_067,2.1,POINT(-38.06408 -9.91086)
1814853074,e98fedc4-dbda-333e-aa06-4147cda23ae2,-37.2512,-9.72476,2026-04-20 16:39:00+00:00,2026-04-20,NOAA-20,JACARÉ DOS HOMENS,ALAGOAS,Brasil,1.39,2.0,1.0,Caatinga,33,27,2703403,8,Pastagens e gramíneas,215_067,5.4,POINT(-37.2512 -9.72476)
1814853061,fad615ce-977e-30fd-815c-2cbab2636ba1,-36.97002,-9.79169,2026-04-20 16:39:00+00:00,2026-04-20,NOAA-20,TRAIPU,ALAGOAS,Brasil,2.84,3.0,0.41,Caatinga,33,27,2709202,8,Savana arbórea; Caatinga fechada,215_067,6.3,POINT(-36.97002 -9.79169)
1814853042,a43fbfe0-a038-3bac-a5aa-73a85738ed9a,-39.41526,-10.46671,2026-04-20 16:39:00+00:00,2026-04-20,NOAA-20,MONTE SANTO,BAHIA,Brasil,1.91,8.0,0.75,Caatinga,33,29,2921500,8,Agricultura e diversos,216_067,8.4,POINT(-39.41526 -10.46671)
1814852243,e207c90f-9886-3d7e-bdb3-f11545400078,-37.49902,-11.12917,2026-04-20 16:39:00+00:00,2026-04-20,NOAA-20,SALGADO,SERGIPE,Brasil,0.0,-999.0,1.0,Mata Atlântica,33,28,2806206,8,Pastagens e gramíneas,215_068,5.4,POINT(-37.49902 -11.12917)
1814852984,d32c3f11-d286-33ea-9b04-57906cd4f1cf,-36.80074,-10.18082,2026-04-20 16:39:00+00:00,2026-04-20,NOAA-20,PORTO REAL DO COLÉGIO,ALAGOAS,Brasil,1.71,2.0,0.65,Mata Atlântica,33,27,2707503,8,Pastagens e gramíneas,215_067,3.3,POINT(-36.80074 -10.18082)
1814852998,0f77feef-62f0-3332-9c14-b1e622ed9ea8,-44.74079,-11.72919,2026-04-20 16:39:00+00:00,2026-04-20,NOAA-20,RIACHÃO DAS NEVES,BAHIA,Brasil,0.85,4.0,0.27,Cerrado,33,29,2926202,8,Agricultura e diversos,220_068,14.2,POINT(-44.74079 -11.72919)
1814852993,6b84e800-2e6f-3232-b3ac-a02cfddad3af,-44.73833,-11.72389,2026-04-20 16:39:00+00:00,2026-04-20,NOAA-20,RIACHÃO DAS NEVES,BAHIA,Brasil,0.8,3.0,0.1,Cerrado,33,29,2926202,8,Savana arbórea; Caatinga fechada,220_068,17.4,POINT(-44.73833 -11.72389)
1814852888,ea7604d6-4028-3b96-baa2-af41fcfdf65f,-44.58991,-12.32821,2026-04-20 16:39:00+00:00,2026-04-20,NOAA-20,BAIANÓPOLIS,BAHIA,Brasil,0.0,2.0,0.11,Cerrado,33,29,2902500,8,Savana; Caatinga aberta,219_069,2.4,POINT(-44.58991 -12.32821)
1814852956,48dbea43-3428-3ad4-a366-f88a2fd7f99d,-37.60088,-10.80008,2026-04-20 16:39:00+00:00,2026-04-20,NOAA-20,SÃO DOMINGOS,SERGIPE,Brasil,0.0,5.0,0.53,Caatinga,33,28,2806800,8,Savana arbórea; Caatinga fechada,215_067,2.9,POINT(-37.60088 -10.80008)
1814852264,834193b9-0ce5-3e4d-a1cd-1f1602ab3fdf,-37.49597,-11.12859,2026-04-20 16:39:00+00:00,2026-04-20,NOAA-20,SALGADO,SERGIPE,Brasil,0.0,-999.0,1.0,Mata Atlântica,33,28,2806206,8,Pastagens e gramíneas,215_068,5.4,POINT(-37.49597 -11.12859)
1814852215,97649ce2-ef45-381b-8bd7-779745f06bfb,-56.96189,-11.80177,2026-04-20 16:39:00+00:00,2026-04-20,NOAA-20,PORTO DOS GAÚCHOS,MATO GROSSO,Brasil,1.8,2.0,0.01,Amazônia,33,51,5106802,8,Floresta Ombrófila densa,227_068,8.9,POINT(-56.96189 -11.80177)
1814853184,7f3da932-909b-38cc-bcf1-f1b6beb96473,-59.85337,3.8697,2026-04-20 16:43:00+00:00,2026-04-20,NOAA-20,NORMANDIA,RORAIMA,Brasil,0.68,0.0,0.86,Amazônia,33,14,1400407,8,Savana; Caatinga aberta,231_057,12.7,POINT(-59.85337 3.8697)
1814853021,7bc7b5e4-3823-307e-80e2-2b19dbe37667,-59.85242,3.864,2026-04-20 16:43:00+00:00,2026-04-20,NOAA-20,NORMANDIA,RORAIMA,Brasil,0.62,0.0,0.87,Amazônia,33,14,1400407,8,Savana; Caatinga aberta,231_057,3.6,POINT(-59.85242 3.864)
1814858460,41995f64-a82c-36ce-a961-ab0fe8a35172,-49.29235,-26.75734,2026-04-20 17:24:00+00:00,2026-04-20,NOAA-21,RIO DOS CEDROS,SANTA CATARINA,Brasil,0.0,4.0,0.25,Mata Atlântica,33,42,4214706,8,Florestas decíduas e sazonais,220_079,3.5,POINT(-49.29235 -26.75734)
1814858516,c8fbbcc7-1164-3ffa-b3e5-2121379905a2,-49.44873,-27.7324,2026-04-20 17:24:00+00:00,2026-04-20,NOAA-21,ALFREDO WAGNER,SANTA CATARINA,Brasil,0.0,3.0,0.15,Mata Atlântica,33,42,4200705,8,Floresta Ombrófila densa,220_079,7.3,POINT(-49.44873 -27.7324)
1814858459,042f4208-ffbf-3015-962a-789beac1d253,-49.36145,-27.12556,2026-04-20 17:24:00+00:00,2026-04-20,NOAA-21,APIÚNA,SANTA CATARINA,Brasil,0.0,3.0,0.2,Mata Atlântica,33,42,4201257,8,Floresta Ombrófila densa,220_079,4.0,POINT(-49.36145 -27.12556)
1814858482,97abe1f3-0575-36a0-b871-3a216df3b86d,-49.20616,-24.72583,2026-04-20 17:24:00+00:00,2026-04-20,NOAA-21,CERRO AZUL,PARANÁ,Brasil,0.0,3.0,1.0,Mata Atlântica,33,41,4105201,8,Pastagens e gramíneas,220_077,16.0,POINT(-49.20616 -24.72583)
1814858172,b1fcfbee-4555-317b-840f-641d3a9005e2,-51.45766,-27.3459,2026-04-20 17:24:00+00:00,2026-04-20,NOAA-21,CAMPOS NOVOS,SANTA CATARINA,Brasil,0.0,3.0,0.21,Mata Atlântica,33,42,4203600,8,Florestas decíduas e sazonais,222_079,29.7,POINT(-51.45766 -27.3459)
1814858427,e04f872e-ba78-3d90-b4e7-f8db5f852bf0,-49.05387,-28.05683,2026-04-20 17:24:00+00:00,2026-04-20,NOAA-21,SÃO MARTINHO,SANTA CATARINA,Brasil,0.0,3.0,0.26,Mata Atlântica,33,42,4217105,8,Florestas decíduas e sazonais,220_079,9.7,POINT(-49.05387 -28.05683)
1814858419,87227501-2f93-39ca-8f49-63e61eef0cf0,-52.00122,-26.99699,2026-04-20 17:24:00+00:00,2026-04-20,NOAA-21,IRANI,SANTA CATARINA,Brasil,0.42,3.0,0.12,Mata Atlântica,33,42,4207809,8,Floresta Ombrófila densa,222_079,14.9,POINT(-52.00122 -26.99699)
1814858405,eff71e9a-89dc-3c43-92a5-169bad9b0511,-50.80742,-28.88556,2026-04-20 17:24:00+00:00,2026-04-20,NOAA-21,SÃO FRANCISCO DE PAULA,RIO GRANDE DO SUL,Brasil,0.0,3.0,0.25,Mata Atlântica,33,43,4318200,8,Floresta Ombrófila densa,221_080,8.4,POINT(-50.80742 -28.88556)
1814858328,59d78eda-a0d7-36b0-823b-7fdbc8c64ee3,-50.80764,-27.01371,2026-04-20 17:24:00+00:00,2026-04-20,NOAA-21,FRAIBURGO,SANTA CATARINA,Brasil,0.1,4.0,0.75,Mata Atlântica,33,42,4205506,8,Pastagens e gramíneas,221_079,5.6,POINT(-50.80764 -27.01371)
1814858352,957f18fa-f09f-3a96-8d37-bbbbb66f4fd6,-48.98275,-25.99653,2026-04-20 17:24:00+00:00,2026-04-20,NOAA-21,TIJUCAS DO SUL,PARANÁ,Brasil,0.0,-999.0,0.05,Mata Atlântica,33,41,4127601,8,Floresta Ombrófila densa,220_078,17.2,POINT(-48.98275 -25.99653)
1814858345,4e85fc5e-141d-38f3-a4db-1b07a78308ba,-49.20664,-28.38874,2026-04-20 17:24:00+00:00,2026-04-20,NOAA-21,ORLEANS,SANTA CATARINA,Brasil,0.0,4.0,0.28,Mata Atlântica,33,42,4211702,8,Floresta Ombrófila densa,220_080,3.5,POINT(-49.20664 -28.38874)
1814858744,f558a809-5bcb-3162-b6eb-1d93f420e853,-49.4486,-27.63087,2026-04-20 17:24:00+00:00,2026-04-20,NOAA-21,ALFREDO WAGNER,SANTA CATARINA,Brasil,0.0,3.0,0.83,Mata Atlântica,33,42,4200705,8,Agricultura e diversos,220_079,6.3,POINT(-49.4486 -27.63087)
1814858297,21f9e768-5590-36a5-ac8f-7ceec216d9a4,-49.79464,-24.92494,2026-04-20 17:24:00+00:00,2026-04-20,NOAA-21,CASTRO,PARANÁ,Brasil,0.0,3.0,0.21,Mata Atlântica,33,41,4104907,8,Floresta Ombrófila densa,221_077,10.4,POINT(-49.79464 -24.92494)
1814858253,40598ab3-2443-33be-8af5-14db85b09e33,-49.58254,-27.00311,2026-04-20 17:24:00+00:00,2026-04-20,NOAA-21,IBIRAMA,SANTA CATARINA,Brasil,0.0,5.0,0.25,Mata Atlântica,33,42,4206900,8,Floresta Ombrófila densa,220_079,30.4,POINT(-49.58254 -27.00311)
1814858252,834ad788-2c04-34f5-990f-4f02adff208f,-49.85266,-27.78573,2026-04-20 17:24:00+00:00,2026-04-20,NOAA-21,BOCAINA DO SUL,SANTA CATARINA,Brasil,0.0,3.0,0.14,Mata Atlântica,33,42,4202438,8,Floresta Ombrófila densa,220_079,7.6,POINT(-49.85266 -27.78573)
1814858249,b3d67013-4278-35bb-9bb9-9f9166db2766,-50.21684,-27.92912,2026-04-20 17:24:00+00:00,2026-04-20,NOAA-21,LAGES,SANTA CATARINA,Brasil,0.0,4.0,0.41,Mata Atlântica,33,42,4209300,8,Floresta de contato; Campinarana,221_079,9.8,POINT(-50.21684 -27.92912)
1814858230,98da699c-f663-33bb-b2e4-ccd37ffb047a,-49.33877,-25.91873,2026-04-20 17:24:00+00:00,2026-04-20,NOAA-21,MANDIRITUBA,PARANÁ,Brasil,0.0,3.0,0.25,Mata Atlântica,33,41,4114302,8,Floresta Ombrófila densa,220_078,8.2,POINT(-49.33877 -25.91873)
1814858217,cd37539b-e3ef-3c61-aa0a-d14f56801f57,-49.04852,-28.18626,2026-04-20 17:24:00+00:00,2026-04-20,NOAA-21,ARMAZÉM,SANTA CATARINA,Brasil,0.0,4.0,0.33,Mata Atlântica,33,42,4201505,8,Florestas decíduas e sazonais,220_080,11.4,POINT(-49.04852 -28.18626)
1814858194,671e5911-3b8e-3994-b17a-5312c91631a6,-50.9618,-29.97419,2026-04-20 17:24:00+00:00,2026-04-20,NOAA-21,ALVORADA,RIO GRANDE DO SUL,Brasil,0.0,-999.0,0.88,Pampa,33,43,4300604,8,Savana; Caatinga aberta,221_081,3.0,POINT(-50.9618 -29.97419)
1814858183,37de8550-3f35-3cce-9a85-941dcf6a5387,-49.60519,-28.79503,2026-04-20 17:24:00+00:00,2026-04-20,NOAA-21,MELEIRO,SANTA CATARINA,Brasil,0.0,3.0,0.65,Mata Atlântica,33,42,4210803,8,Agricultura e diversos,220_080,27.1,POINT(-49.60519 -28.79503)
1814858182,0e1443a3-5d2c-33b8-b2aa-b531e226098f,-50.21328,-27.93249,2026-04-20 17:24:00+00:00,2026-04-20,NOAA-21,LAGES,SANTA CATARINA,Brasil,0.0,4.0,0.26,Mata Atlântica,33,42,4209300,8,Florestas decíduas e sazonais,221_079,6.1,POINT(-50.21328 -27.93249)
1814858159,762b7c51-ee8e-383e-b71a-30d7b7e93829,-50.10426,-26.89524,2026-04-20 17:24:00+00:00,2026-04-20,NOAA-21,RIO DO CAMPO,SANTA CATARINA,Brasil,0.0,7.0,0.7,Mata Atlântica,33,42,4214508,8,Agricultura e diversos,221_079,6.0,POINT(-50.10426 -26.89524)
1814858156,58b6bde0-152b-30d5-a295-7b76d8e4b9af,-49.44276,-27.73125,2026-04-20 17:24:00+00:00,2026-04-20,NOAA-21,ALFREDO WAGNER,SANTA CATARINA,Brasil,0.0,3.0,0.15,Mata Atlântica,33,42,4200705,8,Floresta Ombrófila densa,220_079,7.3,POINT(-49.44276 -27.73125)
1814858146,3ccc2dc6-c346-3a96-9d3f-1f73204a3466,-52.75523,-30.6182,2026-04-20 17:24:00+00:00,2026-04-20,NOAA-21,ENCRUZILHADA DO SUL,RIO GRANDE DO SUL,Brasil,2.86,3.0,0.16,Pampa,33,43,4306908,8,Savana arbórea; Caatinga fechada,222_081,2.0,POINT(-52.75523 -30.6182)
1814858144,9ee2cfd5-04d7-3da7-a052-8b51d4eb1698,-50.0839,-26.86335,2026-04-20 17:24:00+00:00,2026-04-20,NOAA-21,RIO DO CAMPO,SANTA CATARINA,Brasil,0.0,7.0,0.77,Mata Atlântica,33,42,4214508,8,Agricultura e diversos,221_079,3.9,POINT(-50.0839 -26.86335)
1814858143,129abd7c-91e6-38f2-abe5-534f0212c375,-51.92771,-27.1227,2026-04-20 17:24:00+00:00,2026-04-20,NOAA-21,IRANI,SANTA CATARINA,Brasil,1.26,3.0,0.2,Mata Atlântica,33,42,4207809,8,Florestas decíduas e sazonais,222_079,7.1,POINT(-51.92771 -27.1227)
1814858125,65f7609e-ffb1-3e59-98c7-dd613ead6564,-49.55531,-28.91906,2026-04-20 17:24:00+00:00,2026-04-20,NOAA-21,TURVO,SANTA CATARINA,Brasil,0.0,3.0,0.66,Mata Atlântica,33,42,4218806,8,Agricultura e diversos,220_080,5.7,POINT(-49.55531 -28.91906)
1814858028,e9ad5a95-7282-32a7-ab76-1afa9e2e0b7f,-51.54753,-27.071,2026-04-20 17:24:00+00:00,2026-04-20,NOAA-21,LUZERNA,SANTA CATARINA,Brasil,0.74,4.0,0.12,Mata Atlântica,33,42,4210035,8,Floresta Ombrófila densa,222_079,4.3,POINT(-51.54753 -27.071)
1814858076,5a21297f-4f39-3b89-86e1-910de6dfa890,-51.25151,-28.5309,2026-04-20 17:24:00+00:00,2026-04-20,NOAA-21,MUITOS CAPÕES,RIO GRANDE DO SUL,Brasil,0.0,3.0,0.59,Mata Atlântica,33,43,4312617,8,Savana arbórea; Caatinga fechada,221_080,6.5,POINT(-51.25151 -28.5309)
1814859397,ccd692e8-1c8b-3481-a284-18abe19c292f,-49.49492,-26.69636,2026-04-20 17:24:00+00:00,2026-04-20,NOAA-21,DOUTOR PEDRINHO,SANTA CATARINA,Brasil,0.0,3.0,0.53,Mata Atlântica,33,42,4205159,8,Savana arbórea; Caatinga fechada,220_079,13.6,POINT(-49.49492 -26.69636)
1814858060,f467751a-3a91-397a-abae-87019ef88822,-49.79919,-25.14913,2026-04-20 17:24:00+00:00,2026-04-20,NOAA-21,PONTA GROSSA,PARANÁ,Brasil,0.0,3.0,0.25,Mata Atlântica,33,41,4119905,8,Florestas decíduas e sazonais,221_077,3.4,POINT(-49.79919 -25.14913)
1814858045,2ac24748-983d-32cb-9d54-66aa979cc2e5,-50.07265,-25.17713,2026-04-20 17:24:00+00:00,2026-04-20,NOAA-21,PONTA GROSSA,PARANÁ,Brasil,0.0,2.0,0.33,Mata Atlântica,33,41,4119905,8,Floresta de contato; Campinarana,221_077,3.5,POINT(-50.07265 -25.17713)
1814858040,675e31c2-9ac5-38d8-b936-f6268fa0afac,-50.82118,-27.34073,2026-04-20 17:24:00+00:00,2026-04-20,NOAA-21,BRUNÓPOLIS,SANTA CATARINA,Brasil,0.0,4.0,0.4,Mata Atlântica,33,42,4202875,8,Savana arbórea; Caatinga fechada,221_079,43.9,POINT(-50.82118 -27.34073)
1814859250,b89f68e2-2009-3868-a781-14390b0f8a26,-50.56812,-27.4939,2026-04-20 17:24:00+00:00,2026-04-20,NOAA-21,CURITIBANOS,SANTA CATARINA,Brasil,0.0,3.0,0.92,Mata Atlântica,33,42,4204806,8,Agricultura e diversos,221_079,5.0,POINT(-50.56812 -27.4939)
1814859372,d0315488-44a0-33c8-a48a-ffcea53ce92c,-49.83297,-27.45699,2026-04-20 17:24:00+00:00,2026-04-20,NOAA-21,AGROLÂNDIA,SANTA CATARINA,Brasil,0.0,4.0,0.72,Mata Atlântica,33,42,4200200,8,Agricultura e diversos,220_079,6.1,POINT(-49.83297 -27.45699)
1814859316,7dab0bda-db13-3bee-8f9d-a67ff9277da8,-50.33208,-26.42636,2026-04-20 17:24:00+00:00,2026-04-20,NOAA-21,MAJOR VIEIRA,SANTA CATARINA,Brasil,0.0,4.0,0.17,Mata Atlântica,33,42,4210308,8,Floresta Ombrófila densa,221_078,1.5,POINT(-50.33208 -26.42636)
1814858708,843b37ff-7fa6-311f-9fe4-383a41bf0147,-51.25968,-26.74862,2026-04-20 17:24:00+00:00,2026-04-20,NOAA-21,CAÇADOR,SANTA CATARINA,Brasil,0.0,4.0,0.05,Mata Atlântica,33,42,4203006,8,Floresta Ombrófila densa,221_079,2.4,POINT(-51.25968 -26.74862)
1814858717,43cda9cc-218e-39d2-88f3-47c77ed9eeda,-52.17679,-27.0022,2026-04-20 17:24:00+00:00,2026-04-20,NOAA-21,IPUMIRIM,SANTA CATARINA,Brasil,0.1,5.0,0.36,Mata Atlântica,33,42,4207700,8,Savana arbórea; Caatinga fechada,222_079,11.6,POINT(-52.17679 -27.0022)
1814858700,1ed783c5-5db5-3e1e-9f08-8864cc483c4a,-50.33109,-26.42403,2026-04-20 17:24:00+00:00,2026-04-20,NOAA-21,MAJOR VIEIRA,SANTA CATARINA,Brasil,0.0,4.0,0.18,Mata Atlântica,33,42,4210308,8,Florestas decíduas e sazonais,221_078,5.1,POINT(-50.33109 -26.42403)
1814859213,7e720f9c-ae68-32db-a107-e1e70632c40d,-50.18647,-25.47948,2026-04-20 17:24:00+00:00,2026-04-20,NOAA-21,PALMEIRA,PARANÁ,Brasil,0.0,3.0,0.94,Mata Atlântica,33,41,4117701,8,Agricultura e diversos,221_078,6.0,POINT(-50.18647 -25.47948)
1814858402,1bc8915c-2cbd-3973-96a4-9006ed876523,-49.20693,-24.72159,2026-04-20 17:24:00+00:00,2026-04-20,NOAA-21,CERRO AZUL,PARANÁ,Brasil,0.0,3.0,0.75,Mata Atlântica,33,41,4105201,8,Savana; Caatinga aberta,220_077,9.3,POINT(-49.20693 -24.72159)
1814859149,0c410ada-0c62-3315-9309-25db12899eb8,-48.98676,-25.99732,2026-04-20 17:24:00+00:00,2026-04-20,NOAA-21,TIJUCAS DO SUL,PARANÁ,Brasil,0.0,-999.0,0.05,Mata Atlântica,33,41,4127601,8,Floresta Ombrófila densa,220_078,13.7,POINT(-48.98676 -25.99732)
1814859153,9f35094a-1dec-3443-8c0b-095738597b03,-49.33975,-25.10239,2026-04-20 17:24:00+00:00,2026-04-20,NOAA-21,RIO BRANCO DO SUL,PARANÁ,Brasil,0.0,3.0,0.28,Mata Atlântica,33,41,4122206,8,Floresta Ombrófila densa,221_077,2.5,POINT(-49.33975 -25.10239)
1814859251,f17f66d1-bdfc-3d63-a50a-a66029865759,-48.87381,-28.43929,2026-04-20 17:24:00+00:00,2026-04-20,NOAA-21,PESCARIA BRAVA,SANTA CATARINA,Brasil,0.0,4.0,0.38,Mata Atlântica,33,42,4212650,8,Floresta de contato; Campinarana,220_080,3.0,POINT(-48.87381 -28.43929)
1814859122,30517ccf-046d-3445-9882-feaa04ec0e0f,-51.32357,-25.72977,2026-04-20 17:24:00+00:00,2026-04-20,NOAA-21,INÁCIO MARTINS,PARANÁ,Brasil,0.2,3.0,0.12,Mata Atlântica,33,41,4110201,8,Floresta Ombrófila densa,222_078,7.2,POINT(-51.32357 -25.72977)
1814859135,36b4c5e4-acf6-3e60-bc93-d3a7c2ffe2a8,-50.56136,-27.50039,2026-04-20 17:24:00+00:00,2026-04-20,NOAA-21,CORREIA PINTO,SANTA CATARINA,Brasil,0.0,3.0,0.9,Mata Atlântica,33,42,4204558,8,Pastagens e gramíneas,221_079,5.1,POINT(-50.56136 -27.50039)
1814859136,8efd8d1a-8241-395d-9350-bf6da03f0188,-51.32891,-26.16476,2026-04-20 17:24:00+00:00,2026-04-20,NOAA-21,BITURUNA,PARANÁ,Brasil,0.0,6.0,0.13,Mata Atlântica,33,41,4102901,8,Floresta Ombrófila densa,222_078,4.1,POINT(-51.32891 -26.16476)
1814858734,900c208f-2cfc-3c4a-9811-24ce8863cc06,-50.12678,-25.18506,2026-04-20 17:24:00+00:00,2026-04-20,NOAA-21,PONTA GROSSA,PARANÁ,Brasil,0.0,2.0,0.89,Mata Atlântica,33,41,4119905,8,Agricultura e diversos,221_077,2.1,POINT(-50.12678 -25.18506)
1814859482,b8b0de54-8e87-383a-9521-030cadded4e1,-51.21086,-27.63005,2026-04-20 17:24:00+00:00,2026-04-20,NOAA-21,CELSO RAMOS,SANTA CATARINA,Brasil,0.0,4.0,0.18,Mata Atlântica,33,42,4204152,8,Floresta Ombrófila densa,221_079,21.0,POINT(-51.21086 -27.63005)
1814858407,6df01f67-d43b-36d6-95c6-b88637f1fc6b,-50.56723,-27.4976,2026-04-20 17:24:00+00:00,2026-04-20,NOAA-21,CURITIBANOS,SANTA CATARINA,Brasil,0.0,3.0,0.78,Mata Atlântica,33,42,4204806,8,Agricultura e diversos,221_079,5.1,POINT(-50.56723 -27.4976)
1814859258,48bd1660-0396-39bc-83b7-ac9d75a486e9,-49.76565,-25.71534,2026-04-20 17:24:00+00:00,2026-04-20,NOAA-21,LAPA,PARANÁ,Brasil,0.0,3.0,1.0,Mata Atlântica,33,41,4113205,8,Agricultura e diversos,221_078,8.7,POINT(-49.76565 -25.71534)
1814859357,dbb1056a-6add-3828-9b72-443de0965d95,-50.21607,-27.9329,2026-04-20 17:24:00+00:00,2026-04-20,NOAA-21,LAGES,SANTA CATARINA,Brasil,0.0,4.0,0.28,Mata Atlântica,33,42,4209300,8,Florestas decíduas e sazonais,221_079,7.9,POINT(-50.21607 -27.9329)
1814859478,56452dd1-33f4-3974-8b2e-ac553fb2786d,-49.57604,-27.00599,2026-04-20 17:24:00+00:00,2026-04-20,NOAA-21,IBIRAMA,SANTA CATARINA,Brasil,0.0,5.0,0.25,Mata Atlântica,33,42,4206900,8,Floresta Ombrófila densa,220_079,3.1,POINT(-49.57604 -27.00599)
1814859089,88bcf72b-a4c4-3ebc-a76c-a49a94c26959,-49.09781,-28.27262,2026-04-20 17:24:00+00:00,2026-04-20,NOAA-21,BRAÇO DO NORTE,SANTA CATARINA,Brasil,0.0,4.0,0.3,Mata Atlântica,33,42,4202800,8,Florestas decíduas e sazonais,220_080,5.9,POINT(-49.09781 -28.27262)
1814859079,75d2a415-f389-3124-ae37-324e67edea76,-49.04952,-28.07265,2026-04-20 17:24:00+00:00,2026-04-20,NOAA-21,SÃO MARTINHO,SANTA CATARINA,Brasil,0.0,3.0,0.21,Mata Atlântica,33,42,4217105,8,Floresta Ombrófila densa,220_079,8.8,POINT(-49.04952 -28.07265)
1814858437,291095fa-48f6-32db-82b9-6a7cf06a6f5c,-50.80177,-28.88829,2026-04-20 17:24:00+00:00,2026-04-20,NOAA-21,SÃO FRANCISCO DE PAULA,RIO GRANDE DO SUL,Brasil,0.0,3.0,0.25,Mata Atlântica,33,43,4318200,8,Floresta Ombrófila densa,221_080,8.4,POINT(-50.80177 -28.88829)
1814859339,d4debe55-6e4e-3620-9803-e6731377feee,-51.32682,-26.16514,2026-04-20 17:24:00+00:00,2026-04-20,NOAA-21,BITURUNA,PARANÁ,Brasil,0.0,5.0,0.13,Mata Atlântica,33,41,4102901,8,Floresta Ombrófila densa,222_078,3.2,POINT(-51.32682 -26.16514)
1814859068,8cd47472-9bb0-38ad-b92d-ea6c21934b57,-50.82614,-27.34163,2026-04-20 17:24:00+00:00,2026-04-20,NOAA-21,BRUNÓPOLIS,SANTA CATARINA,Brasil,0.0,4.0,0.45,Mata Atlântica,33,42,4202875,8,Savana arbórea; Caatinga fechada,221_079,43.9,POINT(-50.82614 -27.34163)
1814859842,d428ac82-9eb7-3067-92b5-af0b72e9ad58,-50.21408,-27.92873,2026-04-20 17:24:00+00:00,2026-04-20,NOAA-21,LAGES,SANTA CATARINA,Brasil,0.0,4.0,0.35,Mata Atlântica,33,42,4209300,8,Floresta de contato; Campinarana,221_079,9.1,POINT(-50.21408 -27.92873)
1814859300,45e69720-db6b-3ff4-836a-da9dd1c6c47d,-49.21362,-28.57656,2026-04-20 17:24:00+00:00,2026-04-20,NOAA-21,TREZE DE MAIO,SANTA CATARINA,Brasil,0.0,4.0,0.71,Mata Atlântica,33,42,4218400,8,Savana; Caatinga aberta,220_080,6.1,POINT(-49.21362 -28.57656)
1814858665,5504b883-c50e-362c-829e-cf62b68641ab,-49.20222,-24.72505,2026-04-20 17:24:00+00:00,2026-04-20,NOAA-21,CERRO AZUL,PARANÁ,Brasil,0.0,3.0,1.0,Mata Atlântica,33,41,4105201,8,Pastagens e gramíneas,220_077,16.0,POINT(-49.20222 -24.72505)
1814859043,c53cfb2a-fece-363b-a276-4173b680c966,-48.81003,-27.29968,2026-04-20 17:24:00+00:00,2026-04-20,NOAA-21,SÃO JOÃO BATISTA,SANTA CATARINA,Brasil,0.0,3.0,0.08,Mata Atlântica,33,42,4216305,8,Floresta Ombrófila densa,220_079,3.4,POINT(-48.81003 -27.29968)
1814858223,cb936e17-b3e8-3675-8c6e-ca037ce9ca5f,-51.20613,-27.6292,2026-04-20 17:24:00+00:00,2026-04-20,NOAA-21,CELSO RAMOS,SANTA CATARINA,Brasil,0.0,4.0,0.35,Mata Atlântica,33,42,4204152,8,Floresta de contato; Campinarana,221_079,21.0,POINT(-51.20613 -27.6292)
1814859827,5e253b04-f54f-3df0-8879-74be6eaabacb,-50.93489,-29.47018,2026-04-20 17:24:00+00:00,2026-04-20,NOAA-21,SANTA MARIA DO HERVAL,RIO GRANDE DO SUL,Brasil,0.0,3.0,0.39,Mata Atlântica,33,43,4316956,8,Floresta Ombrófila densa,221_080,14.0,POINT(-50.93489 -29.47018)
1814859830,aebe57d7-8adf-3a17-817a-69a01696ffeb,-51.67332,-29.47912,2026-04-20 17:24:00+00:00,2026-04-20,NOAA-21,TEUTÔNIA,RIO GRANDE DO SUL,Brasil,0.27,4.0,0.28,Mata Atlântica,33,43,4321451,8,Floresta Ombrófila densa,221_080,8.7,POINT(-51.67332 -29.47912)
1814859360,4e7eb578-e0a3-33f7-8b38-ff1daab1f03b,-50.10962,-26.89625,2026-04-20 17:24:00+00:00,2026-04-20,NOAA-21,RIO DO CAMPO,SANTA CATARINA,Brasil,0.0,7.0,0.69,Mata Atlântica,33,42,4214508,8,Agricultura e diversos,221_079,6.0,POINT(-50.10962 -26.89625)
1814858523,a48a8abd-c60d-3b30-9233-1e504b97f9f2,-51.00567,-29.45322,2026-04-20 17:24:00+00:00,2026-04-20,NOAA-21,SANTA MARIA DO HERVAL,RIO GRANDE DO SUL,Brasil,0.0,3.0,0.37,Mata Atlântica,33,43,4316956,8,Floresta Ombrófila densa,221_080,3.6,POINT(-51.00567 -29.45322)
1814859784,89623f23-78d6-3cc7-b723-09a0eee48844,-49.09286,-28.22403,2026-04-20 17:24:00+00:00,2026-04-20,NOAA-21,BRAÇO DO NORTE,SANTA CATARINA,Brasil,0.0,4.0,0.53,Mata Atlântica,33,42,4202800,8,Floresta de contato; Campinarana,220_080,17.4,POINT(-49.09286 -28.22403)
1814859021,7a073f25-0000-3430-8e9c-a116ad79efb9,-50.91293,-25.04004,2026-04-20 17:24:00+00:00,2026-04-20,NOAA-21,IVAÍ,PARANÁ,Brasil,0.0,2.0,0.28,Mata Atlântica,33,41,4111407,8,Florestas decíduas e sazonais,222_077,6.0,POINT(-50.91293 -25.04004)
1814858992,df2100e8-c9be-3e2a-895f-6eb930ca25c3,-50.64386,-29.39947,2026-04-20 17:24:00+00:00,2026-04-20,NOAA-21,CANELA,RIO GRANDE DO SUL,Brasil,0.0,3.0,0.6,Mata Atlântica,33,43,4304408,8,Savana arbórea; Caatinga fechada,221_080,6.7,POINT(-50.64386 -29.39947)
1814858999,d3ec179a-1635-3615-a427-44c24906a02c,-49.60811,-28.79368,2026-04-20 17:24:00+00:00,2026-04-20,NOAA-21,MELEIRO,SANTA CATARINA,Brasil,0.0,3.0,0.65,Mata Atlântica,33,42,4210803,8,Agricultura e diversos,220_080,5.1,POINT(-49.60811 -28.79368)
1814859023,572104b3-c302-3d5b-a9e6-6fa7edd48ca4,-50.47748,-27.21872,2026-04-20 17:24:00+00:00,2026-04-20,NOAA-21,PONTE ALTA DO NORTE,SANTA CATARINA,Brasil,0.0,3.0,0.82,Mata Atlântica,33,42,4213351,8,Agricultura e diversos,221_079,3.6,POINT(-50.47748 -27.21872)
1814858023,49ed90d6-1b86-3e3c-b6af-7cfe9c9dfe14,-50.81216,-28.88641,2026-04-20 17:24:00+00:00,2026-04-20,NOAA-21,SÃO FRANCISCO DE PAULA,RIO GRANDE DO SUL,Brasil,0.0,3.0,0.25,Mata Atlântica,33,43,4318200,8,Floresta Ombrófila densa,221_080,6.8,POINT(-50.81216 -28.88641)
1814859444,18d3c471-1960-37d8-85b5-edb71a08486b,-51.17805,-26.01392,2026-04-20 17:24:00+00:00,2026-04-20,NOAA-21,CRUZ MACHADO,PARANÁ,Brasil,0.0,4.0,0.2,Mata Atlântica,33,41,4106803,8,Floresta Ombrófila densa,222_078,3.6,POINT(-51.17805 -26.01392)
1814858960,fe303591-db52-38c2-b918-6b27bbcfcb35,-49.44737,-28.23155,2026-04-20 17:24:00+00:00,2026-04-20,NOAA-21,ORLEANS,SANTA CATARINA,Brasil,0.0,3.0,0.29,Mata Atlântica,33,42,4211702,8,Florestas decíduas e sazonais,220_080,2.7,POINT(-49.44737 -28.23155)
1814859368,fc772786-800b-3325-aaa2-ac3e4abaff55,-50.60009,-27.16734,2026-04-20 17:24:00+00:00,2026-04-20,NOAA-21,PONTE ALTA DO NORTE,SANTA CATARINA,Brasil,0.0,4.0,0.21,Mata Atlântica,33,42,4213351,8,Floresta Ombrófila densa,221_079,57.6,POINT(-50.60009 -27.16734)
1814859766,7a5d58f0-e078-329a-b93f-2d8ed6e5741b,-49.09186,-28.22798,2026-04-20 17:24:00+00:00,2026-04-20,NOAA-21,BRAÇO DO NORTE,SANTA CATARINA,Brasil,0.0,4.0,0.36,Mata Atlântica,33,42,4202800,8,Florestas decíduas e sazonais,220_080,5.1,POINT(-49.09186 -28.22798)
1814858978,175ce7e6-e909-32f8-af67-fc1993243c90,-49.49327,-26.69891,2026-04-20 17:24:00+00:00,2026-04-20,NOAA-21,DOUTOR PEDRINHO,SANTA CATARINA,Brasil,0.0,3.0,0.51,Mata Atlântica,33,42,4205159,8,Savana arbórea; Caatinga fechada,220_079,11.1,POINT(-49.49327 -26.69891)
1814859024,cc102b5c-8d0e-3621-ba9f-3f6ae50b5568,-50.60412,-27.17197,2026-04-20 17:24:00+00:00,2026-04-20,NOAA-21,PONTE ALTA DO NORTE,SANTA CATARINA,Brasil,0.0,4.0,0.21,Mata Atlântica,33,42,4213351,8,Floresta Ombrófila densa,221_079,57.6,POINT(-50.60412 -27.17197)
1814859288,b1cbc774-edd2-392d-892f-1fda09c230ce,-51.32618,-25.73168,2026-04-20 17:24:00+00:00,2026-04-20,NOAA-21,INÁCIO MARTINS,PARANÁ,Brasil,0.2,3.0,0.11,Mata Atlântica,33,41,4110201,8,Floresta Ombrófila densa,222_078,14.8,POINT(-51.32618 -25.73168)
1814859754,700025e5-937b-3d8f-b0c1-807373579783,-49.92248,-27.47009,2026-04-20 17:24:00+00:00,2026-04-20,NOAA-21,OTACÍLIO COSTA,SANTA CATARINA,Brasil,0.0,3.0,0.95,Mata Atlântica,33,42,4211751,8,Pastagens e gramíneas,221_079,4.0,POINT(-49.92248 -27.47009)
1814859769,fcd4c312-a8a0-3ff8-a954-b7627ea8dcab,-53.25734,-25.09119,2026-04-20 17:24:00+00:00,2026-04-20,NOAA-21,CASCAVEL,PARANÁ,Brasil,0.6,4.0,0.2,Mata Atlântica,33,41,4104808,8,Florestas decíduas e sazonais,223_077,5.3,POINT(-53.25734 -25.09119)
1814859752,b76c9306-a799-371e-9cd8-7872f3689616,-51.46675,-27.34751,2026-04-20 17:24:00+00:00,2026-04-20,NOAA-21,CAMPOS NOVOS,SANTA CATARINA,Brasil,0.0,3.0,0.19,Mata Atlântica,33,42,4203600,8,Floresta Ombrófila densa,222_079,17.3,POINT(-51.46675 -27.34751)
1814859815,8fb14994-c1e4-3623-9be2-e4688f3af000,-50.40486,-27.78044,2026-04-20 17:24:00+00:00,2026-04-20,NOAA-21,LAGES,SANTA CATARINA,Brasil,0.0,3.0,0.27,Mata Atlântica,33,42,4209300,8,Florestas decíduas e sazonais,221_079,4.6,POINT(-50.40486 -27.78044)
1814858911,86d45be1-2945-3f41-8973-271c68b6ef71,-51.9285,-27.11919,2026-04-20 17:24:00+00:00,2026-04-20,NOAA-21,IRANI,SANTA CATARINA,Brasil,1.24,3.0,0.37,Mata Atlântica,33,42,4207809,8,Savana arbórea; Caatinga fechada,222_079,6.2,POINT(-51.9285 -27.11919)
1814858915,f9683a34-92ea-3a9a-a2d2-b1f29f5cff80,-49.0535,-28.07344,2026-04-20 17:24:00+00:00,2026-04-20,NOAA-21,SÃO MARTINHO,SANTA CATARINA,Brasil,0.0,3.0,0.26,Mata Atlântica,33,42,4217105,8,Florestas decíduas e sazonais,220_079,8.8,POINT(-49.0535 -28.07344)
1814858918,b365cbd2-566f-31d5-b0b7-a74ec182ebf0,-49.3258,-24.62241,2026-04-20 17:24:00+00:00,2026-04-20,NOAA-21,DOUTOR ULYSSES,PARANÁ,Brasil,0.0,4.0,0.3,Mata Atlântica,33,41,4128633,8,Floresta Ombrófila densa,221_077,21.0,POINT(-49.3258 -24.62241)
1814858935,0af1b876-1c94-3fc3-a365-128c9deee422,-48.91338,-28.147,2026-04-20 17:24:00+00:00,2026-04-20,NOAA-21,IMARUÍ,SANTA CATARINA,Brasil,0.0,3.0,0.29,Mata Atlântica,33,42,4207205,8,Florestas decíduas e sazonais,220_079,2.1,POINT(-48.91338 -28.147)
1814858951,b66b17fd-dd1c-3edb-a870-03f9e3f933f1,-50.41288,-27.17948,2026-04-20 17:24:00+00:00,2026-04-20,NOAA-21,PONTE ALTA DO NORTE,SANTA CATARINA,Brasil,0.0,3.0,0.19,Mata Atlântica,33,42,4213351,8,Floresta Ombrófila densa,221_079,3.5,POINT(-50.41288 -27.17948)
1814859279,36614b92-a411-3449-b629-a16e1abe0085,-49.51204,-28.91069,2026-04-20 17:24:00+00:00,2026-04-20,NOAA-21,ARARANGUÁ,SANTA CATARINA,Brasil,0.0,3.0,0.67,Mata Atlântica,33,42,4201406,8,Agricultura e diversos,220_080,3.8,POINT(-49.51204 -28.91069)
1814858304,7ebba89a-d8be-327e-8188-0c7be3a867e2,-49.60717,-28.7975,2026-04-20 17:24:00+00:00,2026-04-20,NOAA-21,MELEIRO,SANTA CATARINA,Brasil,0.0,3.0,0.65,Mata Atlântica,33,42,4210803,8,Agricultura e diversos,220_080,20.2,POINT(-49.60717 -28.7975)
1814858642,db6ac5b5-4cd6-3bf2-bb36-f128b1059f05,-49.8553,-27.74619,2026-04-20 17:24:00+00:00,2026-04-20,NOAA-21,BOCAINA DO SUL,SANTA CATARINA,Brasil,0.0,3.0,0.14,Mata Atlântica,33,42,4202438,8,Floresta Ombrófila densa,220_079,3.1,POINT(-49.8553 -27.74619)
1814858679,fb302e06-613a-38c5-9419-c377038ef350,-50.4805,-27.21956,2026-04-20 17:24:00+00:00,2026-04-20,NOAA-21,PONTE ALTA DO NORTE,SANTA CATARINA,Brasil,0.0,3.0,0.97,Mata Atlântica,33,42,4213351,8,Pastagens e gramíneas,221_079,15.2,POINT(-50.4805 -27.21956)
1814859667,3ba43318-113e-3b28-8c42-58caf87d6c6a,-49.40205,-28.5561,2026-04-20 17:24:00+00:00,2026-04-20,NOAA-21,SIDERÓPOLIS,SANTA CATARINA,Brasil,0.0,4.0,0.19,Mata Atlântica,33,42,4217600,8,Floresta Ombrófila densa,220_080,6.1,POINT(-49.40205 -28.5561)
1814859668,287101ee-51ab-3b9f-9a55-886c99d54553,-49.10757,-28.06745,2026-04-20 17:24:00+00:00,2026-04-20,NOAA-21,RIO FORTUNA,SANTA CATARINA,Brasil,0.0,3.0,0.2,Mata Atlântica,33,42,4214904,8,Floresta Ombrófila densa,220_079,0.8,POINT(-49.10757 -28.06745)
1814859712,64660f24-1f52-37ae-a716-005cbebf43a9,-49.05147,-28.191,2026-04-20 17:24:00+00:00,2026-04-20,NOAA-21,ARMAZÉM,SANTA CATARINA,Brasil,0.0,4.0,0.25,Mata Atlântica,33,42,4201505,8,Floresta Ombrófila densa,220_080,4.1,POINT(-49.05147 -28.191)
1814858941,f279b283-b22e-3134-944d-e0e481592b1a,-51.06888,-29.6107,2026-04-20 17:24:00+00:00,2026-04-20,NOAA-21,DOIS IRMÃOS,RIO GRANDE DO SUL,Brasil,0.0,4.0,0.36,Mata Atlântica,33,43,4306403,8,Floresta Ombrófila densa,221_081,10.0,POINT(-51.06888 -29.6107)
1814859710,85f14aa6-90d3-38a4-bc9e-d063cb569d7e,-50.19141,-27.14242,2026-04-20 17:24:00+00:00,2026-04-20,NOAA-21,TAIÓ,SANTA CATARINA,Brasil,0.0,4.0,0.32,Mata Atlântica,33,42,4217808,8,Floresta de contato; Campinarana,221_079,22.4,POINT(-50.19141 -27.14242)
1814858261,872dbe29-f8c1-3982-834e-57b1ad57ec52,-49.14126,-25.75677,2026-04-20 17:24:00+00:00,2026-04-20,NOAA-21,TIJUCAS DO SUL,PARANÁ,Brasil,0.0,3.0,0.19,Mata Atlântica,33,41,4127601,8,Floresta Ombrófila densa,220_078,3.0,POINT(-49.14126 -25.75677)
1814859646,2b3710ef-e728-3e63-aad4-ac7e279126ba,-50.37906,-26.96936,2026-04-20 17:24:00+00:00,2026-04-20,NOAA-21,SANTA CECÍLIA,SANTA CATARINA,Brasil,0.0,6.0,0.14,Mata Atlântica,33,42,4215505,8,Floresta Ombrófila densa,221_079,3.0,POINT(-50.37906 -26.96936)
1814859663,a9d2dc78-da17-3ec6-bb95-2df297675544,-49.33517,-27.3523,2026-04-20 17:24:00+00:00,2026-04-20,NOAA-21,VIDAL RAMOS,SANTA CATARINA,Brasil,0.0,3.0,0.15,Mata Atlântica,33,42,4219200,8,Floresta Ombrófila densa,220_079,10.7,POINT(-49.33517 -27.3523)
1814858859,801f1497-3dd9-393e-a764-c15eb3460460,-49.48077,-28.5795,2026-04-20 17:24:00+00:00,2026-04-20,NOAA-21,TREVISO,SANTA CATARINA,Brasil,0.0,4.0,0.51,Mata Atlântica,33,42,4218350,8,Savana arbórea; Caatinga fechada,220_080,15.4,POINT(-49.48077 -28.5795)
1814858861,6c855b8f-f477-3cee-a9ca-e8e2ffdf8652,-49.18516,-28.63151,2026-04-20 17:24:00+00:00,2026-04-20,NOAA-21,TREZE DE MAIO,SANTA CATARINA,Brasil,0.0,4.0,0.93,Mata Atlântica,33,42,4218400,8,Agricultura e diversos,220_080,7.9,POINT(-49.18516 -28.63151)
1814859633,44a5d4de-f0e4-3827-b9e7-450b3c1a9d45,-49.193,-24.2363,2026-04-20 17:24:00+00:00,2026-04-20,NOAA-21,ITARARÉ,SÃO PAULO,Brasil,0.0,2.0,0.18,Cerrado,33,35,3523206,8,Floresta Ombrófila densa,221_077,11.5,POINT(-49.193 -24.2363)
1814859639,11fb1333-a597-33c8-a07b-d8f1890cf883,-48.71333,-26.60084,2026-04-20 17:24:00+00:00,2026-04-20,NOAA-21,BARRA VELHA,SANTA CATARINA,Brasil,0.0,4.0,0.3,Mata Atlântica,33,42,4202107,8,Savana; Caatinga aberta,220_078,5.7,POINT(-48.71333 -26.60084)
1814858609,1368847a-f19d-3857-9b18-494bee0c3da7,-49.39619,-25.1755,2026-04-20 17:24:00+00:00,2026-04-20,NOAA-21,RIO BRANCO DO SUL,PARANÁ,Brasil,0.0,3.0,0.29,Mata Atlântica,33,41,4122206,8,Floresta Ombrófila densa,221_077,8.8,POINT(-49.39619 -25.1755)
1814859371,e840aeea-48cb-3a7d-96ec-4ef30823a203,-51.25238,-28.52737,2026-04-20 17:24:00+00:00,2026-04-20,NOAA-21,MUITOS CAPÕES,RIO GRANDE DO SUL,Brasil,0.0,3.0,0.35,Mata Atlântica,33,43,4312617,8,Floresta de contato; Campinarana,221_080,6.5,POINT(-51.25238 -28.52737)
1814859334,cca91130-7a44-3021-a8cf-59731af6946c,-49.05244,-28.18703,2026-04-20 17:24:00+00:00,2026-04-20,NOAA-21,ARMAZÉM,SANTA CATARINA,Brasil,0.0,4.0,0.25,Mata Atlântica,33,42,4201505,8,Floresta Ombrófila densa,220_080,4.1,POINT(-49.05244 -28.18703)
1814859666,fae6a29b-702c-307a-beb9-07d4e4323e91,-50.64471,-29.39587,2026-04-20 17:24:00+00:00,2026-04-20,NOAA-21,CANELA,RIO GRANDE DO SUL,Brasil,0.0,3.0,0.56,Mata Atlântica,33,43,4304408,8,Savana arbórea; Caatinga fechada,221_080,6.7,POINT(-50.64471 -29.39587)
1814859325,75a1b8fb-1fc4-3906-a0de-0504e7452d10,-49.22398,-26.09825,2026-04-20 17:24:00+00:00,2026-04-20,NOAA-21,CAMPO ALEGRE,SANTA CATARINA,Brasil,0.0,3.0,0.14,Mata Atlântica,33,42,4203303,8,Floresta Ombrófila densa,220_078,2.9,POINT(-49.22398 -26.09825)
1814858840,db59c78a-107e-3c86-99c6-24d9c3ee548e,-50.9453,-27.8048,2026-04-20 17:24:00+00:00,2026-04-20,NOAA-21,ANITA GARIBALDI,SANTA CATARINA,Brasil,0.1,4.0,0.33,Mata Atlântica,33,42,4201000,8,Floresta de contato; Campinarana,221_079,9.5,POINT(-50.9453 -27.8048)
1814859610,9e33057b-7e62-39a7-826e-7108378390df,-49.85167,-27.74394,2026-04-20 17:24:00+00:00,2026-04-20,NOAA-21,BOCAINA DO SUL,SANTA CATARINA,Brasil,0.0,3.0,0.14,Mata Atlântica,33,42,4202438,8,Floresta Ombrófila densa,220_079,3.9,POINT(-49.85167 -27.74394)
1814858842,6ff6c245-63b7-3599-9b63-9d4d80d6c4d8,-49.22338,-26.0996,2026-04-20 17:24:00+00:00,2026-04-20,NOAA-21,CAMPO ALEGRE,SANTA CATARINA,Brasil,0.0,3.0,0.14,Mata Atlântica,33,42,4203303,8,Floresta Ombrófila densa,220_078,2.7,POINT(-49.22338 -26.0996)
1814859612,9a1d08e9-204d-3cb7-9d90-5e8e04cb7a08,-49.99836,-27.48057,2026-04-20 17:24:00+00:00,2026-04-20,NOAA-21,OTACÍLIO COSTA,SANTA CATARINA,Brasil,0.0,3.0,0.17,Mata Atlântica,33,42,4211751,8,Floresta Ombrófila densa,221_079,9.8,POINT(-49.99836 -27.48057)
1814858952,343e8505-4735-3528-b2b2-20ecf85180d1,-50.63993,-29.395,2026-04-20 17:24:00+00:00,2026-04-20,NOAA-21,SÃO FRANCISCO DE PAULA,RIO GRANDE DO SUL,Brasil,0.0,3.0,0.81,Mata Atlântica,33,43,4318200,8,Savana; Caatinga aberta,221_080,14.1,POINT(-50.63993 -29.395)
1814859264,a0e78f8d-bab5-326e-ad2c-ce9b8c227927,-49.40031,-25.17631,2026-04-20 17:24:00+00:00,2026-04-20,NOAA-21,ITAPERUÇU,PARANÁ,Brasil,0.0,3.0,0.29,Mata Atlântica,33,41,4111258,8,Floresta Ombrófila densa,221_077,9.3,POINT(-49.40031 -25.17631)
1814859287,bfa7481b-de8b-33e0-8759-fefe941cbdd2,-49.21008,-24.7266,2026-04-20 17:24:00+00:00,2026-04-20,NOAA-21,CERRO AZUL,PARANÁ,Brasil,0.0,3.0,0.98,Mata Atlântica,33,41,4105201,8,Pastagens e gramíneas,220_077,5.3,POINT(-49.21008 -24.7266)
1814859620,f296e218-0ee5-3db2-a3c7-6cc8887f28af,-51.46597,-27.35108,2026-04-20 17:24:00+00:00,2026-04-20,NOAA-21,CAMPOS NOVOS,SANTA CATARINA,Brasil,0.0,3.0,0.2,Mata Atlântica,33,42,4203600,8,Floresta Ombrófila densa,222_079,17.3,POINT(-51.46597 -27.35108)
1814858811,16a459b6-4d9c-3e94-b76c-2fb6550b87ab,-50.58195,-29.15805,2026-04-20 17:24:00+00:00,2026-04-20,NOAA-21,SÃO FRANCISCO DE PAULA,RIO GRANDE DO SUL,Brasil,0.0,3.0,0.59,Mata Atlântica,33,43,4318200,8,Savana arbórea; Caatinga fechada,221_080,15.2,POINT(-50.58195 -29.15805)
1814859118,94fdbc1c-169a-3d38-8cd1-12fd8a5a71be,-51.46227,-27.34671,2026-04-20 17:24:00+00:00,2026-04-20,NOAA-21,CAMPOS NOVOS,SANTA CATARINA,Brasil,0.0,3.0,0.2,Mata Atlântica,33,42,4203600,8,Floresta Ombrófila densa,222_079,29.7,POINT(-51.46227 -27.34671)
1814858845,c184a472-2e5e-3e96-8ac8-5d2a647e20d0,-51.32892,-27.08923,2026-04-20 17:24:00+00:00,2026-04-20,NOAA-21,IBICARÉ,SANTA CATARINA,Brasil,0.1,4.0,0.29,Mata Atlântica,33,42,4206801,8,Floresta de contato; Campinarana,221_079,10.1,POINT(-51.32892 -27.08923)
1814859305,f2ca501d-afd7-363c-b91a-0cd5baf3867d,-51.32108,-27.08032,2026-04-20 17:24:00+00:00,2026-04-20,NOAA-21,TANGARÁ,SANTA CATARINA,Brasil,0.11,4.0,0.13,Mata Atlântica,33,42,4217907,8,Florestas decíduas e sazonais,221_079,3.3,POINT(-51.32108 -27.08032)
1814858809,a347825a-d680-3601-bffa-e42b298664a5,-50.00368,-27.48159,2026-04-20 17:24:00+00:00,2026-04-20,NOAA-21,OTACÍLIO COSTA,SANTA CATARINA,Brasil,0.0,3.0,0.17,Mata Atlântica,33,42,4211751,8,Floresta Ombrófila densa,221_079,9.8,POINT(-50.00368 -27.48159)
1814859607,6176c559-9ed3-39b0-b499-65b6dd8ccdf8,-49.65593,-26.77747,2026-04-20 17:24:00+00:00,2026-04-20,NOAA-21,JOSÉ BOITEUX,SANTA CATARINA,Brasil,0.0,7.0,0.26,Mata Atlântica,33,42,4209151,8,Floresta Ombrófila densa,220_079,5.0,POINT(-49.65593 -26.77747)
1814859032,9b7fc7f2-5bc7-3993-9e3a-b7bb6bf4c132,-51.32846,-25.73067,2026-04-20 17:24:00+00:00,2026-04-20,NOAA-21,INÁCIO MARTINS,PARANÁ,Brasil,0.2,3.0,0.11,Mata Atlântica,33,41,4110201,8,Floresta Ombrófila densa,222_078,7.2,POINT(-51.32846 -25.73067)
1814859622,242feb8d-7484-3894-a9c9-864ec217877d,-49.17961,-27.61628,2026-04-20 17:24:00+00:00,2026-04-20,NOAA-21,RANCHO QUEIMADO,SANTA CATARINA,Brasil,0.0,3.0,0.15,Mata Atlântica,33,42,4214300,8,Florestas decíduas e sazonais,220_079,3.0,POINT(-49.17961 -27.61628)
1814859476,b8457e71-b4c0-37c0-985e-481385fe135c,-50.74054,-28.59046,2026-04-20 17:24:00+00:00,2026-04-20,NOAA-21,VACARIA,RIO GRANDE DO SUL,Brasil,0.0,3.0,0.82,Mata Atlântica,33,43,4322509,8,Agricultura e diversos,221_080,0.7,POINT(-50.74054 -28.59046)
1814859491,4e0c3c70-c307-3dbf-bceb-cea8741f4136,-50.47192,-29.73449,2026-04-20 17:24:00+00:00,2026-04-20,NOAA-21,SANTO ANTÔNIO DA PATRULHA,RIO GRANDE DO SUL,Brasil,0.0,3.0,0.38,Mata Atlântica,33,43,4317608,8,Floresta Ombrófila densa,220_081,5.0,POINT(-50.47192 -29.73449)
1814858658,7e08a6cf-5c0a-3f48-9c5c-54ed121e2ced,-49.42188,-27.44191,2026-04-20 17:24:00+00:00,2026-04-20,NOAA-21,VIDAL RAMOS,SANTA CATARINA,Brasil,0.0,3.0,0.92,Mata Atlântica,33,42,4219200,8,Pastagens e gramíneas,220_079,5.4,POINT(-49.42188 -27.44191)
1814859528,e1c5c4ec-c80d-3d05-96ec-7e7ee77f195d,-51.46146,-27.35028,2026-04-20 17:24:00+00:00,2026-04-20,NOAA-21,CAMPOS NOVOS,SANTA CATARINA,Brasil,0.0,3.0,0.2,Mata Atlântica,33,42,4203600,8,Floresta Ombrófila densa,222_079,29.7,POINT(-51.46146 -27.35028)
1814858604,7ef4c1ed-0b24-391d-9f0a-dd51c105c476,-49.57721,-27.00209,2026-04-20 17:24:00+00:00,2026-04-20,NOAA-21,IBIRAMA,SANTA CATARINA,Brasil,0.0,5.0,0.25,Mata Atlântica,33,42,4206900,8,Floresta Ombrófila densa,220_079,30.4,POINT(-49.57721 -27.00209)
1814859542,93c8ed27-9591-307d-89e5-a48231754700,-50.66151,-27.19421,2026-04-20 17:24:00+00:00,2026-04-20,NOAA-21,CURITIBANOS,SANTA CATARINA,Brasil,0.0,4.0,0.26,Mata Atlântica,33,42,4204806,8,Florestas decíduas e sazonais,221_079,4.5,POINT(-50.66151 -27.19421)
1814858847,9c353335-094f-38ae-aabb-68e7d827e042,-49.41774,-27.44278,2026-04-20 17:24:00+00:00,2026-04-20,NOAA-21,VIDAL RAMOS,SANTA CATARINA,Brasil,0.0,3.0,0.9,Mata Atlântica,33,42,4219200,8,Pastagens e gramíneas,220_079,8.3,POINT(-49.41774 -27.44278)
1814859358,7ef8c164-338d-3e68-8582-eb202003da7a,-50.47396,-29.73509,2026-04-20 17:24:00+00:00,2026-04-20,NOAA-21,SANTO ANTÔNIO DA PATRULHA,RIO GRANDE DO SUL,Brasil,0.0,3.0,0.38,Mata Atlântica,33,43,4317608,8,Floresta Ombrófila densa,220_081,7.1,POINT(-50.47396 -29.73509)
1814859398,fd2c059b-2d75-39b8-90dd-617949579342,-49.45135,-27.42861,2026-04-20 17:24:00+00:00,2026-04-20,NOAA-21,VIDAL RAMOS,SANTA CATARINA,Brasil,0.0,3.0,0.87,Mata Atlântica,33,42,4219200,8,Agricultura e diversos,220_079,4.5,POINT(-49.45135 -27.42861)
1814858082,cc5a1507-3c16-3f8d-bc4f-6291efbc2ea2,-49.44205,-27.73521,2026-04-20 17:24:00+00:00,2026-04-20,NOAA-21,ALFREDO WAGNER,SANTA CATARINA,Brasil,0.0,3.0,0.15,Mata Atlântica,33,42,4200705,8,Floresta Ombrófila densa,220_079,7.3,POINT(-49.44205 -27.73521)
1814858542,ae4d8254-c2ce-3cc2-8009-3bd4884c8172,-49.11047,-28.07218,2026-04-20 17:24:00+00:00,2026-04-20,NOAA-21,RIO FORTUNA,SANTA CATARINA,Brasil,0.0,3.0,0.2,Mata Atlântica,33,42,4214904,8,Floresta Ombrófila densa,220_079,4.3,POINT(-49.11047 -28.07218)
1814858789,15983a2e-b727-3c68-99e2-aad8f5878da5,-49.20492,-28.38708,2026-04-20 17:24:00+00:00,2026-04-20,NOAA-21,SÃO LUDGERO,SANTA CATARINA,Brasil,0.0,4.0,0.28,Mata Atlântica,33,42,4217006,8,Floresta Ombrófila densa,220_080,5.4,POINT(-49.20492 -28.38708)
1814858548,7eb27994-1565-3b2c-9f8b-4ea29ad24b28,-50.40562,-27.49101,2026-04-20 17:24:00+00:00,2026-04-20,NOAA-21,CORREIA PINTO,SANTA CATARINA,Brasil,0.0,3.0,0.2,Mata Atlântica,33,42,4204558,8,Floresta Ombrófila densa,221_079,2.8,POINT(-50.40562 -27.49101)
1814858804,91a06691-0d3e-312a-8caf-cc9b14b33183,-48.8605,-26.94633,2026-04-20 17:24:00+00:00,2026-04-20,NOAA-21,GASPAR,SANTA CATARINA,Brasil,0.0,3.0,0.95,Mata Atlântica,33,42,4205902,8,Pastagens e gramíneas,220_079,5.0,POINT(-48.8605 -26.94633)
1814859086,905f6cf7-179f-3d99-ab5d-49f183ab5c6d,-49.14503,-25.75604,2026-04-20 17:24:00+00:00,2026-04-20,NOAA-21,TIJUCAS DO SUL,PARANÁ,Brasil,0.0,3.0,0.19,Mata Atlântica,33,41,4127601,8,Floresta Ombrófila densa,220_078,3.0,POINT(-49.14503 -25.75604)
1814858566,90dac62b-6be0-37a6-95c2-a2cc1fb519ba,-49.2108,-24.72236,2026-04-20 17:24:00+00:00,2026-04-20,NOAA-21,CERRO AZUL,PARANÁ,Brasil,0.0,3.0,0.77,Mata Atlântica,33,41,4105201,8,Savana; Caatinga aberta,220_077,6.7,POINT(-49.2108 -24.72236)
1814858760,7c7358f0-331d-33c9-8d6a-42e695192370,-50.00273,-27.4854,2026-04-20 17:24:00+00:00,2026-04-20,NOAA-21,OTACÍLIO COSTA,SANTA CATARINA,Brasil,0.0,3.0,0.17,Mata Atlântica,33,42,4211751,8,Floresta Ombrófila densa,221_079,9.9,POINT(-50.00273 -27.4854)
1814859271,29846847-0a09-3ab9-9893-b32cdbf3e705,-50.21301,-27.5489,2026-04-20 17:24:00+00:00,2026-04-20,NOAA-21,PALMEIRA,SANTA CATARINA,Brasil,0.0,3.0,0.22,Mata Atlântica,33,42,4212056,8,Floresta Ombrófila densa,221_079,2.4,POINT(-50.21301 -27.5489)
1814859413,7846b7b4-d0fe-3a02-b29d-d2c74063b7e8,-48.87365,-28.4383,2026-04-20 17:24:00+00:00,2026-04-20,NOAA-21,PESCARIA BRAVA,SANTA CATARINA,Brasil,0.0,4.0,0.4,Mata Atlântica,33,42,4212650,8,Floresta de contato; Campinarana,220_080,2.6,POINT(-48.87365 -28.4383)
1814859428,439dbfc8-b228-3cb2-85bf-59a226489d4b,-50.91192,-25.04379,2026-04-20 17:24:00+00:00,2026-04-20,NOAA-21,IVAÍ,PARANÁ,Brasil,0.0,2.0,0.19,Mata Atlântica,33,41,4111407,8,Florestas decíduas e sazonais,222_077,12.3,POINT(-50.91192 -25.04379)
1814859520,2a0de322-f32c-3021-b420-083e4cdca977,-50.64463,-27.30451,2026-04-20 17:24:00+00:00,2026-04-20,NOAA-21,CURITIBANOS,SANTA CATARINA,Brasil,0.0,4.0,0.93,Mata Atlântica,33,42,4204806,8,Agricultura e diversos,221_079,7.9,POINT(-50.64463 -27.30451)
1814858520,6dd57dda-abee-3672-a2c7-17e7ddff243f,-45.37733,-21.20502,2026-04-20 17:26:00+00:00,2026-04-20,NOAA-21,COQUEIRAL,MINAS GERAIS,Brasil,0.0,0.0,0.95,Mata Atlântica,33,31,3118700,8,Pastagens e gramíneas,219_075,2.1,POINT(-45.37733 -21.20502)
1814858417,508d1ecd-2c81-37d3-ad5e-9c160bb302e7,-47.87264,-20.56313,2026-04-20 17:26:00+00:00,2026-04-20,NOAA-21,SÃO JOAQUIM DA BARRA,SÃO PAULO,Brasil,0.0,3.0,-999.0,Cerrado,33,35,3549409,8,Corpos agua/Solos expostos/Mineracao/Areas urbanas e construidas/neve e gelo,220_074,1.7,POINT(-47.87264 -20.56313)
1814858409,ebf5540d-cf43-323a-ad1a-8e1be01fc449,-51.74013,-17.57653,2026-04-20 17:26:00+00:00,2026-04-20,NOAA-21,JATAÍ,GOIÁS,Brasil,0.0,9.0,0.22,Cerrado,33,52,5211909,8,Florestas decíduas e sazonais,223_072,10.3,POINT(-51.74013 -17.57653)
1814858346,7b45692a-16a0-3266-9836-81251c763bf5,-49.59529,-20.03755,2026-04-20 17:26:00+00:00,2026-04-20,NOAA-21,RIOLÂNDIA,SÃO PAULO,Brasil,0.0,3.0,0.87,Mata Atlântica,33,35,3544202,8,Pastagens e gramíneas,221_074,7.1,POINT(-49.59529 -20.03755)
1814858403,f9110057-b250-38b6-98d2-2e759e1306fb,-56.3613,-20.91947,2026-04-20 17:26:00+00:00,2026-04-20,NOAA-21,BONITO,MATO GROSSO DO SUL,Brasil,1.55,0.0,0.07,Cerrado,33,50,5002209,8,Florestas decíduas e sazonais,226_074,7.4,POINT(-56.3613 -20.91947)
1814858372,d854eeeb-1760-3fc2-94a7-89f4f04c7561,-53.77933,-17.34396,2026-04-20 17:26:00+00:00,2026-04-20,NOAA-21,SONORA,MATO GROSSO DO SUL,Brasil,0.7,2.0,0.19,Cerrado,33,50,5007935,8,Pastagens e gramíneas,225_072,9.5,POINT(-53.77933 -17.34396)
1814858361,8f3b65ee-7fda-347c-8062-6d007361e2a9,-46.41109,-21.56068,2026-04-20 17:26:00+00:00,2026-04-20,NOAA-21,CABO VERDE,MINAS GERAIS,Brasil,0.0,2.0,0.76,Mata Atlântica,33,31,3109501,8,Pastagens e gramíneas,219_075,7.0,POINT(-46.41109 -21.56068)
1814858302,0ec12d4a-788b-33b1-8233-37c95d6bf828,-47.21552,-20.07903,2026-04-20 17:26:00+00:00,2026-04-20,NOAA-21,SACRAMENTO,MINAS GERAIS,Brasil,0.0,10.0,0.76,Cerrado,33,31,3156908,8,Pastagens e gramíneas,220_074,11.0,POINT(-47.21552 -20.07903)
1814858290,edf31755-27e9-3e0f-8c01-205973668b2b,-53.57184,-23.36703,2026-04-20 17:26:00+00:00,2026-04-20,NOAA-21,ICARAÍMA,PARANÁ,Brasil,0.2,0.0,1.0,Mata Atlântica,33,41,4109906,8,Pastagens e gramíneas,224_076,3.6,POINT(-53.57184 -23.36703)
1814858277,75446a72-9895-3c24-b88d-ce71a16c79c9,-45.32002,-17.81732,2026-04-20 17:26:00+00:00,2026-04-20,NOAA-21,BURITIZEIRO,MINAS GERAIS,Brasil,2.43,7.0,0.04,Cerrado,33,31,3109402,8,Florestas decíduas e sazonais,219_072,9.8,POINT(-45.32002 -17.81732)
1814858272,592a6800-1619-3276-94c5-3021ea8bae4a,-52.98927,-22.9921,2026-04-20 17:26:00+00:00,2026-04-20,NOAA-21,LOANDA,PARANÁ,Brasil,2.55,6.0,1.0,Mata Atlântica,33,41,4113502,8,Pastagens e gramíneas,223_076,3.0,POINT(-52.98927 -22.9921)
1814858246,5534e5fa-e569-31dc-9716-fa4f138fff58,-48.20058,-21.45333,2026-04-20 17:26:00+00:00,2026-04-20,NOAA-21,GUARIBA,SÃO PAULO,Brasil,0.0,3.0,0.91,Cerrado,33,35,3518602,8,Agricultura e diversos,220_075,19.8,POINT(-48.20058 -21.45333)
1814858244,6f3a7198-780d-3c52-9afa-8b01285e8d8d,-49.14965,-17.12293,2026-04-20 17:26:00+00:00,2026-04-20,NOAA-21,HIDROLÂNDIA,GOIÁS,Brasil,0.0,11.0,0.85,Cerrado,33,52,5209705,8,Pastagens e gramíneas,222_072,15.3,POINT(-49.14965 -17.12293)
1814858208,683949f9-701e-3232-a5e3-ea97ad47958b,-43.07849,-20.69568,2026-04-20 17:26:00+00:00,2026-04-20,NOAA-21,PORTO FIRME,MINAS GERAIS,Brasil,0.0,0.0,0.34,Mata Atlântica,33,31,3152303,8,Pastagens e gramíneas,217_074,0.8,POINT(-43.07849 -20.69568)
1814858176,2f0f7391-fbfe-32ed-aca8-2fc2a37dfe05,-44.66098,-17.67448,2026-04-20 17:26:00+00:00,2026-04-20,NOAA-21,VÁRZEA DA PALMA,MINAS GERAIS,Brasil,0.52,3.0,0.82,Cerrado,33,31,3170800,8,Pastagens e gramíneas,219_072,0.7,POINT(-44.66098 -17.67448)
1814858081,5d45a340-23a8-38ff-b7cc-718c2a997971,-46.41284,-21.55748,2026-04-20 17:26:00+00:00,2026-04-20,NOAA-21,CABO VERDE,MINAS GERAIS,Brasil,0.0,2.0,0.88,Mata Atlântica,33,31,3109501,8,Pastagens e gramíneas,219_075,6.4,POINT(-46.41284 -21.55748)
1814857997,c6b6ec15-7c09-38ee-bd38-16c92eda7681,-52.69555,-22.96682,2026-04-20 17:26:00+00:00,2026-04-20,NOAA-21,GUAIRAÇÁ,PARANÁ,Brasil,1.38,6.0,0.22,Mata Atlântica,33,41,4108908,8,Florestas decíduas e sazonais,223_076,4.0,POINT(-52.69555 -22.96682)
1814859194,d9b4142a-ed3a-33c0-9a84-bed84c6e8b9c,-56.36188,-20.91616,2026-04-20 17:26:00+00:00,2026-04-20,NOAA-21,BONITO,MATO GROSSO DO SUL,Brasil,1.57,0.0,0.05,Cerrado,33,50,5002209,8,Florestas decíduas e sazonais,226_074,7.4,POINT(-56.36188 -20.91616)
1814859321,fbe93330-546a-3172-a8f3-9d58d907160c,-46.53008,-15.85528,2026-04-20 17:26:00+00:00,2026-04-20,NOAA-21,UNAÍ,MINAS GERAIS,Brasil,0.2,6.0,0.25,Cerrado,33,31,3170404,8,Savana; Caatinga aberta,220_071,4.6,POINT(-46.53008 -15.85528)
1814858722,543c201e-2f8d-3fb4-ac31-8829b409931b,-49.14695,-17.1198,2026-04-20 17:26:00+00:00,2026-04-20,NOAA-21,HIDROLÂNDIA,GOIÁS,Brasil,0.0,11.0,0.84,Cerrado,33,52,5209705,8,Pastagens e gramíneas,222_072,8.4,POINT(-49.14695 -17.1198)
1814859092,49db613b-13b4-3490-86d4-99c735a6c900,-42.85365,-18.31481,2026-04-20 17:26:00+00:00,2026-04-20,NOAA-21,COLUNA,MINAS GERAIS,Brasil,0.0,3.0,0.53,Mata Atlântica,33,31,3116803,8,Savana; Caatinga aberta,217_073,16.5,POINT(-42.85365 -18.31481)
1814858568,4375a70e-7ea6-3b9a-9ab0-f2fcfc4cb87a,-47.21909,-19.97061,2026-04-20 17:26:00+00:00,2026-04-20,NOAA-21,SACRAMENTO,MINAS GERAIS,Brasil,0.0,11.0,0.27,Cerrado,33,31,3156908,8,Savana arbórea; Caatinga fechada,220_074,3.7,POINT(-47.21909 -19.97061)
1814859045,0f20798c-316a-3c9f-af83-5c4266221bce,-48.22665,-22.04494,2026-04-20 17:26:00+00:00,2026-04-20,NOAA-21,RIBEIRÃO BONITO,SÃO PAULO,Brasil,0.0,2.0,0.73,Cerrado,33,35,3542909,8,Agricultura e diversos,220_075,9.5,POINT(-48.22665 -22.04494)
1814859469,41e85dbb-ceb8-3bec-91d5-e327b402edc3,-46.3491,-23.39716,2026-04-20 17:26:00+00:00,2026-04-20,NOAA-21,ARUJÁ,SÃO PAULO,Brasil,0.0,2.0,-999.0,Mata Atlântica,33,35,3503901,8,Corpos agua/Solos expostos/Mineracao/Areas urbanas e construidas/neve e gelo,219_076,4.0,POINT(-46.3491 -23.39716)
1814859807,6bc0893f-c6fa-3e63-b2f3-f30f305a420e,-42.85908,-18.32339,2026-04-20 17:26:00+00:00,2026-04-20,NOAA-21,COLUNA,MINAS GERAIS,Brasil,0.0,3.0,0.09,Mata Atlântica,33,31,3116803,8,Florestas decíduas e sazonais,217_073,15.5,POINT(-42.85908 -18.32339)
1814858531,6692c5e9-d601-3eac-b48f-fb39d3333782,-47.82177,-23.34986,2026-04-20 17:26:00+00:00,2026-04-20,NOAA-21,TATUÍ,SÃO PAULO,Brasil,0.0,2.0,-999.0,Mata Atlântica,33,35,3554003,8,Corpos agua/Solos expostos/Mineracao/Areas urbanas e construidas/neve e gelo,220_076,5.1,POINT(-47.82177 -23.34986)
1814858982,b06cd381-a03e-313d-9ac6-1d1a47ff9418,-53.78379,-17.34473,2026-04-20 17:26:00+00:00,2026-04-20,NOAA-21,SONORA,MATO GROSSO DO SUL,Brasil,0.7,2.0,0.21,Cerrado,33,50,5007935,8,Pastagens e gramíneas,225_072,6.0,POINT(-53.78379 -17.34473)
1814859110,291ac52c-79c1-33a4-a90e-312450be38d4,-45.13329,-18.6328,2026-04-20 17:26:00+00:00,2026-04-20,NOAA-21,FELIXLÂNDIA,MINAS GERAIS,Brasil,0.0,8.0,0.7,Cerrado,33,31,3125705,8,Pastagens e gramíneas,219_073,6.1,POINT(-45.13329 -18.6328)
1814859781,ac7ae0d9-101e-3f70-aa22-04caa5e364ee,-51.73636,-17.57585,2026-04-20 17:26:00+00:00,2026-04-20,NOAA-21,JATAÍ,GOIÁS,Brasil,0.0,9.0,0.33,Cerrado,33,52,5211909,8,Floresta de contato; Campinarana,223_072,10.3,POINT(-51.73636 -17.57585)
1814859782,8d364b3e-6c7a-3432-907a-fa736b54eec1,-48.48764,-23.54457,2026-04-20 17:26:00+00:00,2026-04-20,NOAA-21,CAMPINA DO MONTE ALEGRE,SÃO PAULO,Brasil,0.0,6.0,0.99,Mata Atlântica,33,35,3509452,8,Pastagens e gramíneas,220_076,2.1,POINT(-48.48764 -23.54457)
1814859809,8e84aa46-60fc-314d-94f2-91e70bc821b3,-49.59851,-20.03616,2026-04-20 17:26:00+00:00,2026-04-20,NOAA-21,RIOLÂNDIA,SÃO PAULO,Brasil,0.0,3.0,0.95,Mata Atlântica,33,35,3544202,8,Pastagens e gramíneas,221_074,6.8,POINT(-49.59851 -20.03616)
1814859465,e5672393-abce-345e-af56-72710c1e92df,-49.345,-20.96523,2026-04-20 17:26:00+00:00,2026-04-20,NOAA-21,CEDRAL,SÃO PAULO,Brasil,0.0,2.0,0.63,Mata Atlântica,33,35,3511300,8,Pastagens e gramíneas,221_075,21.3,POINT(-49.345 -20.96523)
1814858283,b3596a17-8fdb-3bc3-a3bc-cf76c2ea5eb4,-47.74862,-19.44698,2026-04-20 17:26:00+00:00,2026-04-20,NOAA-21,NOVA PONTE,MINAS GERAIS,Brasil,0.0,10.0,0.73,Cerrado,33,31,3145000,8,Agricultura e diversos,220_074,3.9,POINT(-47.74862 -19.44698)
1814858893,51028439-70ca-36c8-ab47-ee790b1fcefd,-51.17874,-18.12427,2026-04-20 17:26:00+00:00,2026-04-20,NOAA-21,JATAÍ,GOIÁS,Brasil,0.0,7.0,0.92,Cerrado,33,52,5211909,8,Pastagens e gramíneas,223_073,7.3,POINT(-51.17874 -18.12427)
1814859654,cab07d0d-6d17-3fd2-92d1-0878bb94c399,-49.59997,-20.03849,2026-04-20 17:26:00+00:00,2026-04-20,NOAA-21,RIOLÂNDIA,SÃO PAULO,Brasil,0.0,3.0,0.91,Mata Atlântica,33,35,3544202,8,Pastagens e gramíneas,221_074,7.1,POINT(-49.59997 -20.03849)
1814859665,1f77e26b-61f9-3dc0-8a54-cc7d5e165e9a,-46.5316,-15.84945,2026-04-20 17:26:00+00:00,2026-04-20,NOAA-21,UNAÍ,MINAS GERAIS,Brasil,0.2,6.0,0.41,Cerrado,33,31,3170404,8,Savana; Caatinga aberta,220_071,6.1,POINT(-46.5316 -15.84945)
1814858647,bcde21d4-e1f5-3886-8452-652589bdd397,-48.48951,-23.54803,2026-04-20 17:26:00+00:00,2026-04-20,NOAA-21,CAMPINA DO MONTE ALEGRE,SÃO PAULO,Brasil,0.0,6.0,1.0,Mata Atlântica,33,35,3509452,8,Pastagens e gramíneas,220_076,3.0,POINT(-48.48951 -23.54803)
1814858892,91fab9b4-afdd-37c2-b5c8-9b17ef6e38bf,-46.83381,-17.16805,2026-04-20 17:26:00+00:00,2026-04-20,NOAA-21,PARACATU,MINAS GERAIS,Brasil,0.0,10.0,1.0,Cerrado,33,31,3147006,8,Pastagens e gramíneas,220_072,8.5,POINT(-46.83381 -17.16805)
1814858830,66e34fcd-5319-3a22-bdee-70ac43c843cc,-47.2188,-20.07972,2026-04-20 17:26:00+00:00,2026-04-20,NOAA-21,SACRAMENTO,MINAS GERAIS,Brasil,0.0,10.0,0.76,Cerrado,33,31,3156908,8,Pastagens e gramíneas,220_074,11.0,POINT(-47.2188 -20.07972)
1814859538,ad4ffe2e-d50c-3803-86f8-4ea9f69cc424,-44.81608,-17.7133,2026-04-20 17:26:00+00:00,2026-04-20,NOAA-21,VÁRZEA DA PALMA,MINAS GERAIS,Brasil,1.42,7.0,0.77,Cerrado,33,31,3170800,8,Pastagens e gramíneas,219_072,9.0,POINT(-44.81608 -17.7133)
1814859628,55d3b23f-58f4-36da-b052-ed113229874b,-49.59757,-20.04064,2026-04-20 17:26:00+00:00,2026-04-20,NOAA-21,RIOLÂNDIA,SÃO PAULO,Brasil,0.0,3.0,0.85,Mata Atlântica,33,35,3544202,8,Pastagens e gramíneas,221_074,6.8,POINT(-49.59757 -20.04064)
1814859740,cde1c20b-48fc-3f5f-b9f6-9ce31ba61504,-53.78451,-17.34108,2026-04-20 17:26:00+00:00,2026-04-20,NOAA-21,SONORA,MATO GROSSO DO SUL,Brasil,0.68,2.0,0.14,Cerrado,33,50,5007935,8,Agricultura e diversos,225_072,6.0,POINT(-53.78451 -17.34108)
1814858557,6a0b2915-ff21-3e00-9333-73c26c2dfbca,-51.17791,-18.12847,2026-04-20 17:26:00+00:00,2026-04-20,NOAA-21,APARECIDA DO RIO DOCE,GOIÁS,Brasil,0.0,7.0,0.92,Cerrado,33,52,5201454,8,Pastagens e gramíneas,223_073,7.3,POINT(-51.17791 -18.12847)
1814859504,2462b404-335d-35ae-baaf-f5d4aa6409a5,-49.19708,-16.90159,2026-04-20 17:26:00+00:00,2026-04-20,NOAA-21,HIDROLÂNDIA,GOIÁS,Brasil,0.0,11.0,0.5,Cerrado,33,52,5209705,8,Savana; Caatinga aberta,222_072,5.8,POINT(-49.19708 -16.90159)
1814859527,d2ff7f85-4091-35c4-9dbb-deb58a2fd733,-51.41592,-22.22798,2026-04-20 17:26:00+00:00,2026-04-20,NOAA-21,ANHUMAS,SÃO PAULO,Brasil,0.0,7.0,1.0,Mata Atlântica,33,35,3502408,8,Pastagens e gramíneas,222_075,2.7,POINT(-51.41592 -22.22798)
1814858527,9faaf067-3886-36d2-bb3c-8290276435be,-47.63125,-13.55782,2026-04-20 17:28:00+00:00,2026-04-20,NOAA-21,CAVALCANTE,GOIÁS,Brasil,0.84,1.0,0.04,Cerrado,33,52,5205307,8,Savana; Caatinga aberta,221_069,12.8,POINT(-47.63125 -13.55782)
1814858510,82befd79-a5b6-3380-9ab2-1e4c4367e1db,-58.69062,-10.54016,2026-04-20 17:28:00+00:00,2026-04-20,NOAA-21,JURUENA,MATO GROSSO,Brasil,4.82,0.0,0.0,Amazônia,33,51,5105176,8,Floresta Ombrófila densa,229_067,0.8,POINT(-58.69062 -10.54016)
1814858240,84770bbb-a95d-3830-9c1a-cc372c566665,-51.86512,-15.1012,2026-04-20 17:28:00+00:00,2026-04-20,NOAA-21,ARAGUAIANA,MATO GROSSO,Brasil,0.99,2.0,0.4,Cerrado,33,51,5101001,8,Savana; Caatinga aberta,224_070,12.9,POINT(-51.86512 -15.1012)
1814858404,f780e6ab-3946-37f6-8f5e-5b1c38720a88,-52.1138,-14.19557,2026-04-20 17:28:00+00:00,2026-04-20,NOAA-21,ÁGUA BOA,MATO GROSSO,Brasil,0.0,1.0,0.62,Cerrado,33,51,5100201,8,Pastagens e gramíneas,224_070,10.4,POINT(-52.1138 -14.19557)
1814858285,ebaa1de2-3880-32a6-ad52-29b655d20f7d,-56.96233,-11.8021,2026-04-20 17:28:00+00:00,2026-04-20,NOAA-21,PORTO DOS GAÚCHOS,MATO GROSSO,Brasil,1.8,2.0,0.01,Amazônia,33,51,5106802,8,Floresta Ombrófila densa,227_068,7.9,POINT(-56.96233 -11.8021)
1814858181,fd6b8afe-c9b1-323b-85ad-5c023790ab25,-46.9599,-14.13838,2026-04-20 17:28:00+00:00,2026-04-20,NOAA-21,FLORES DE GOIÁS,GOIÁS,Brasil,0.0,2.0,1.0,Cerrado,33,52,5207907,8,Pastagens e gramíneas,221_070,8.6,POINT(-46.9599 -14.13838)
1814858139,eb856bf6-26fc-38f5-bd57-3476c5c305d8,-52.11783,-14.19631,2026-04-20 17:28:00+00:00,2026-04-20,NOAA-21,ÁGUA BOA,MATO GROSSO,Brasil,0.0,1.0,0.78,Cerrado,33,51,5100201,8,Pastagens e gramíneas,224_070,10.4,POINT(-52.11783 -14.19631)
1814859216,669b4ef9-9b7b-3dd8-9eb1-4e61788b5079,-53.07156,-16.24636,2026-04-20 17:28:00+00:00,2026-04-20,NOAA-21,TORIXORÉU,MATO GROSSO,Brasil,0.0,2.0,0.79,Cerrado,33,51,5108204,8,Pastagens e gramíneas,224_071,6.4,POINT(-53.07156 -16.24636)
1814858731,0060f613-513a-35dc-8f4d-447b8f7b6df0,-56.57995,-13.60286,2026-04-20 17:28:00+00:00,2026-04-20,NOAA-21,SÃO JOSÉ DO RIO CLARO,MATO GROSSO,Brasil,1.02,0.0,0.04,Cerrado,33,51,5107305,8,Pastagens e gramíneas,227_069,13.7,POINT(-56.57995 -13.60286)
1814859301,1851265f-9601-3dfb-81b3-8ea69e59f746,-56.62876,-13.99418,2026-04-20 17:28:00+00:00,2026-04-20,NOAA-21,DIAMANTINO,MATO GROSSO,Brasil,1.4,0.0,0.01,Cerrado,33,51,5103502,8,Savana; Caatinga aberta,227_070,6.3,POINT(-56.62876 -13.99418)
1814859838,7d27978e-b3b6-3a07-80e5-aa24697038a8,-45.34593,-13.95229,2026-04-20 17:28:00+00:00,2026-04-20,NOAA-21,JABORANDI,BAHIA,Brasil,0.0,10.0,0.51,Cerrado,33,29,2917359,8,Savana; Caatinga aberta,220_070,6.2,POINT(-45.34593 -13.95229)
1814859009,9412221f-026f-332e-b549-76e612caf228,-56.96288,-11.79871,2026-04-20 17:28:00+00:00,2026-04-20,NOAA-21,PORTO DOS GAÚCHOS,MATO GROSSO,Brasil,1.8,2.0,0.01,Amazônia,33,51,5106802,8,Floresta Ombrófila densa,227_068,7.9,POINT(-56.96288 -11.79871)
1814859789,4010a7a7-38f9-331b-bfec-7f357be9cf3a,-47.62909,-13.55632,2026-04-20 17:28:00+00:00,2026-04-20,NOAA-21,CAVALCANTE,GOIÁS,Brasil,0.81,1.0,0.04,Cerrado,33,52,5205307,8,Savana; Caatinga aberta,221_069,9.2,POINT(-47.62909 -13.55632)
1814858595,90fb2609-9b04-3535-9102-c85868e10d3f,-45.34301,-13.95266,2026-04-20 17:28:00+00:00,2026-04-20,NOAA-21,JABORANDI,BAHIA,Brasil,0.0,10.0,0.5,Cerrado,33,29,2917359,8,Savana; Caatinga aberta,220_070,10.0,POINT(-45.34301 -13.95266)
1814859690,596b9d58-f026-3ac1-80f1-9d18e1f662e4,-46.96439,-14.13929,2026-04-20 17:28:00+00:00,2026-04-20,NOAA-21,FLORES DE GOIÁS,GOIÁS,Brasil,0.0,2.0,1.0,Cerrado,33,52,5207907,8,Pastagens e gramíneas,221_070,8.6,POINT(-46.96439 -14.13929)
1814859699,c7d91649-f28c-35de-a1e3-ce256b70d278,-47.63321,-13.55713,2026-04-20 17:28:00+00:00,2026-04-20,NOAA-21,CAVALCANTE,GOIÁS,Brasil,0.85,1.0,0.05,Cerrado,33,52,5205307,8,Savana; Caatinga aberta,221_069,9.2,POINT(-47.63321 -13.55713)
1814858617,e0835fef-df27-30f9-acd8-4e79ee65aab7,-48.85154,-8.98623,2026-04-20 17:28:00+00:00,2026-04-20,NOAA-21,GOIANORTE,TOCANTINS,Brasil,10.05,0.0,0.0,Cerrado,33,17,1708304,8,Pastagens e gramíneas,223_066,0.7,POINT(-48.85154 -8.98623)
1814858027,9de615b4-142a-3da2-b715-ec8b3c23da23,-56.88883,-8.78303,2026-04-20 17:30:00+00:00,2026-04-20,NOAA-21,JACAREACANGA,PARÁ,Brasil,6.75,0.0,0.0,Amazônia,33,15,1503754,8,Floresta Ombrófila densa,228_066,1.0,POINT(-56.88883 -8.78303)
1814858506,495a3053-cad1-3ffb-91da-ca4902790af0,-66.29183,-0.36765,2026-04-20 17:32:00+00:00,2026-04-20,NOAA-21,SÃO GABRIEL DA CACHOEIRA,AMAZONAS,Brasil,1.62,0.0,0.0,Amazônia,33,13,1303809,8,Floresta de contato; Campinarana,002_060,12.2,POINT(-66.29183 -0.36765)
1814859075,110c3545-7277-372d-a263-2434ebb54a89,-66.64125,0.27537,2026-04-20 17:32:00+00:00,2026-04-20,NOAA-21,SÃO GABRIEL DA CACHOEIRA,AMAZONAS,Brasil,0.2,0.0,0.0,Amazônia,33,13,1303809,8,Floresta Ombrófila densa,002_060,3.3,POINT(-66.64125 0.27537)
1814859471,dc067b9c-ac5c-38ad-bda7-fd2410d287da,-66.64215,0.27546,2026-04-20 17:32:00+00:00,2026-04-20,NOAA-21,SÃO GABRIEL DA CACHOEIRA,AMAZONAS,Brasil,0.2,0.0,0.0,Amazônia,33,13,1303809,8,Floresta Ombrófila densa,002_060,2.3,POINT(-66.64215 0.27546)
1814859354,63bdb4bf-8f2b-3928-b904-0a10e8f6a5a9,-60.35862,2.54053,2026-04-20 17:32:00+00:00,2026-04-20,NOAA-21,CANTÁ,RORAIMA,Brasil,1.15,0.0,0.33,Amazônia,33,14,1400175,8,Florestas decíduas e sazonais,232_058,9.5,POINT(-60.35862 2.54053)
1814858108,395a435d-ae97-3052-be04-ac7f1c6aa38d,-59.85286,3.87135,2026-04-20 17:34:00+00:00,2026-04-20,NOAA-21,NORMANDIA,RORAIMA,Brasil,0.69,0.0,0.86,Amazônia,33,14,1400407,8,Savana; Caatinga aberta,231_057,10.8,POINT(-59.85286 3.87135)
1814859109,56887623-98fe-3311-998e-a858db0d2ea0,-60.24575,4.53143,2026-04-20 17:34:00+00:00,2026-04-20,NOAA-21,UIRAMUTÃ,RORAIMA,Brasil,3.3,0.0,0.29,Amazônia,33,14,1400704,8,Savana; Caatinga aberta,232_057,5.4,POINT(-60.24575 4.53143)
1814859448,15c9e414-143b-35c1-a5ff-df802d56511b,-59.85618,3.86731,2026-04-20 17:34:00+00:00,2026-04-20,NOAA-21,NORMANDIA,RORAIMA,Brasil,0.69,0.0,0.87,Amazônia,33,14,1400407,8,Savana; Caatinga aberta,231_057,10.8,POINT(-59.85618 3.86731)
1814859441,77acd4ef-a1fd-3f0e-aa0e-53a3d6324986,-59.85234,3.86788,2026-04-20 17:34:00+00:00,2026-04-20,NOAA-21,NORMANDIA,RORAIMA,Brasil,0.65,0.0,0.86,Amazônia,33,14,1400407,8,Savana; Caatinga aberta,231_057,10.8,POINT(-59.85234 3.86788)
1814858685,c74e2c03-7683-325c-ad20-f562a05fffb8,-61.15614,4.15827,2026-04-20 17:34:00+00:00,2026-04-20,NOAA-21,PACARAIMA,RORAIMA,Brasil,14.98,0.0,0.0,Amazônia,33,14,1400456,8,Agricultura e diversos,232_057,2.2,POINT(-61.15614 4.15827)
1814858746,5c0bca4b-f90d-3e11-8934-fa8415a89310,-60.1958,4.30046,2026-04-20 17:34:00+00:00,2026-04-20,NOAA-21,UIRAMUTÃ,RORAIMA,Brasil,3.48,0.0,0.66,Amazônia,33,14,1400704,8,Savana; Caatinga aberta,232_057,5.3,POINT(-60.1958 4.30046)
1814857887,5fb056da-bf18-361c-b330-ba7732ef7075,-49.99712,-27.4841,2026-04-20 17:56:00+00:00,2026-04-20,NPP-375,OTACÍLIO COSTA,SANTA CATARINA,Brasil,0.0,3.0,0.17,Mata Atlântica,33,42,4211751,8,Floresta Ombrófila densa,221_079,3.1,POINT(-49.99712 -27.4841)
1814857822,d05c772c-8950-3060-8cb3-e91cb520c359,-50.57386,-27.00095,2026-04-20 17:56:00+00:00,2026-04-20,NPP-375,SANTA CECÍLIA,SANTA CATARINA,Brasil,0.0,4.0,0.16,Mata Atlântica,33,42,4215505,8,Floresta Ombrófila densa,221_079,12.9,POINT(-50.57386 -27.00095)
1814857721,9e3cb86b-b1a0-35ce-960c-44dd14652271,-50.4796,-27.21951,2026-04-20 17:56:00+00:00,2026-04-20,NPP-375,PONTE ALTA DO NORTE,SANTA CATARINA,Brasil,0.0,3.0,0.98,Mata Atlântica,33,42,4213351,8,Pastagens e gramíneas,221_079,3.9,POINT(-50.4796 -27.21951)
1814857707,0a0d7906-9529-35d0-950a-f4e334e260d2,-50.57516,-29.15576,2026-04-20 17:56:00+00:00,2026-04-20,NPP-375,SÃO FRANCISCO DE PAULA,RIO GRANDE DO SUL,Brasil,0.0,3.0,0.59,Mata Atlântica,33,43,4318200,8,Savana arbórea; Caatinga fechada,221_080,48.5,POINT(-50.57516 -29.15576)
1814857643,edadc1ee-df54-34eb-9420-8c633e0ae9f7,-49.09248,-28.22262,2026-04-20 17:56:00+00:00,2026-04-20,NPP-375,BRAÇO DO NORTE,SANTA CATARINA,Brasil,0.0,4.0,0.58,Mata Atlântica,33,42,4202800,8,Savana arbórea; Caatinga fechada,220_080,7.1,POINT(-49.09248 -28.22262)
1814857580,06b43c90-adde-39f6-a835-666fef3f66a8,-50.60433,-27.16882,2026-04-20 17:56:00+00:00,2026-04-20,NPP-375,PONTE ALTA DO NORTE,SANTA CATARINA,Brasil,0.0,4.0,0.21,Mata Atlântica,33,42,4213351,8,Floresta Ombrófila densa,221_079,11.8,POINT(-50.60433 -27.16882)
1814857524,70e9d1eb-94be-394e-9ec2-b52e40cd65d8,-50.189,-27.14305,2026-04-20 17:56:00+00:00,2026-04-20,NPP-375,TAIÓ,SANTA CATARINA,Brasil,0.0,4.0,0.36,Mata Atlântica,33,42,4217808,8,Floresta de contato; Campinarana,221_079,3.0,POINT(-50.189 -27.14305)
1814857426,3f5a9236-ee90-3bd5-acad-cc07af4c2dad,-51.17826,-26.01552,2026-04-20 17:56:00+00:00,2026-04-20,NPP-375,CRUZ MACHADO,PARANÁ,Brasil,0.0,5.0,0.2,Mata Atlântica,33,41,4106803,8,Floresta Ombrófila densa,222_078,4.0,POINT(-51.17826 -26.01552)
1814857407,189bebe9-5658-3ea9-99e9-d1c7a6b7aa58,-49.14105,-28.67966,2026-04-20 17:56:00+00:00,2026-04-20,NPP-375,SANGÃO,SANTA CATARINA,Brasil,0.0,4.0,0.91,Mata Atlântica,33,42,4215455,8,Agricultura e diversos,220_080,6.8,POINT(-49.14105 -28.67966)
1814857331,6a7f7bd1-27e5-3d87-92d9-19f664c2847f,-48.9084,-28.14794,2026-04-20 17:56:00+00:00,2026-04-20,NPP-375,SÃO MARTINHO,SANTA CATARINA,Brasil,0.0,3.0,0.24,Mata Atlântica,33,42,4217105,8,Floresta Ombrófila densa,220_079,11.8,POINT(-48.9084 -28.14794)
1814857309,1e935c25-2dd8-316c-8e17-bade463797ca,-50.58393,-29.15227,2026-04-20 17:56:00+00:00,2026-04-20,NPP-375,SÃO FRANCISCO DE PAULA,RIO GRANDE DO SUL,Brasil,0.0,3.0,0.62,Mata Atlântica,33,43,4318200,8,Savana arbórea; Caatinga fechada,221_080,6.5,POINT(-50.58393 -29.15227)
1814857244,12b0ed29-37fb-39bc-9a77-fec8d12d9323,-50.50851,-27.96994,2026-04-20 17:56:00+00:00,2026-04-20,NPP-375,CAPÃO ALTO,SANTA CATARINA,Brasil,0.1,5.0,0.58,Mata Atlântica,33,42,4203253,8,Savana; Caatinga aberta,221_079,2.0,POINT(-50.50851 -27.96994)
1814857192,d15360e0-b2e2-37cd-948f-431741a4b15c,-49.44199,-27.73094,2026-04-20 17:56:00+00:00,2026-04-20,NPP-375,ALFREDO WAGNER,SANTA CATARINA,Brasil,0.0,3.0,0.15,Mata Atlântica,33,42,4200705,8,Floresta Ombrófila densa,220_079,4.9,POINT(-49.44199 -27.73094)
1814857052,e959cb85-bdbd-38a0-8cb1-85d66a832413,-49.22438,-26.09852,2026-04-20 17:56:00+00:00,2026-04-20,NPP-375,CAMPO ALEGRE,SANTA CATARINA,Brasil,0.0,3.0,0.14,Mata Atlântica,33,42,4203303,8,Floresta Ombrófila densa,220_078,2.4,POINT(-49.22438 -26.09852)
1814857012,32f8091b-1eab-3fc2-91cf-8867b4e32178,-49.58133,-27.00543,2026-04-20 17:56:00+00:00,2026-04-20,NPP-375,IBIRAMA,SANTA CATARINA,Brasil,0.0,5.0,0.25,Mata Atlântica,33,42,4206900,8,Floresta Ombrófila densa,220_079,12.1,POINT(-49.58133 -27.00543)
1814856977,4c1332fe-51d2-3f65-90e8-7741d1db4108,-49.39552,-25.17751,2026-04-20 17:56:00+00:00,2026-04-20,NPP-375,RIO BRANCO DO SUL,PARANÁ,Brasil,0.0,3.0,0.28,Mata Atlântica,33,41,4122206,8,Floresta Ombrófila densa,221_077,4.8,POINT(-49.39552 -25.17751)
1814856959,ec15fc64-070b-38a5-aec9-821a737d23b3,-49.31602,-24.99121,2026-04-20 17:56:00+00:00,2026-04-20,NPP-375,CERRO AZUL,PARANÁ,Brasil,0.0,3.0,0.26,Mata Atlântica,33,41,4105201,8,Floresta Ombrófila densa,221_077,3.3,POINT(-49.31602 -24.99121)
1814856946,2c3f1db3-2d4a-369b-a47e-e56100475626,-50.5082,-27.96947,2026-04-20 17:56:00+00:00,2026-04-20,NPP-375,CAPÃO ALTO,SANTA CATARINA,Brasil,0.1,5.0,0.58,Mata Atlântica,33,42,4203253,8,Savana; Caatinga aberta,221_079,2.4,POINT(-50.5082 -27.96947)
1814856909,3d62734d-892f-387f-b291-4715ab51c116,-49.73885,-28.7354,2026-04-20 17:56:00+00:00,2026-04-20,NPP-375,MORRO GRANDE,SANTA CATARINA,Brasil,0.0,4.0,0.11,Mata Atlântica,33,42,4211256,8,Floresta Ombrófila densa,220_080,2.8,POINT(-49.73885 -28.7354)
1814856883,732357de-0316-36ec-8686-d6053f096dac,-50.60057,-27.16793,2026-04-20 17:56:00+00:00,2026-04-20,NPP-375,PONTE ALTA DO NORTE,SANTA CATARINA,Brasil,0.0,4.0,0.21,Mata Atlântica,33,42,4213351,8,Floresta Ombrófila densa,221_079,12.1,POINT(-50.60057 -27.16793)
1814856871,e672538b-cf5b-3182-9243-10198b8be888,-49.3727,-28.35346,2026-04-20 17:56:00+00:00,2026-04-20,NPP-375,LAURO MÜLLER,SANTA CATARINA,Brasil,0.0,4.0,0.26,Mata Atlântica,33,42,4209607,8,Florestas decíduas e sazonais,220_080,2.1,POINT(-49.3727 -28.35346)
1814856798,a86fe5f2-e192-3de6-b64e-4b489e967c72,-50.57792,-27.00191,2026-04-20 17:56:00+00:00,2026-04-20,NPP-375,SANTA CECÍLIA,SANTA CATARINA,Brasil,0.0,4.0,0.16,Mata Atlântica,33,42,4215505,8,Floresta Ombrófila densa,221_079,8.3,POINT(-50.57792 -27.00191)
1814856613,21208765-41b0-3dff-9d8b-9c3ed231e7e9,-49.9296,-26.29458,2026-04-20 17:56:00+00:00,2026-04-20,NPP-375,ITAIÓPOLIS,SANTA CATARINA,Brasil,0.0,5.0,0.23,Mata Atlântica,33,42,4208104,8,Floresta Ombrófila densa,221_078,2.3,POINT(-49.9296 -26.29458)
1814856577,40b79256-05da-34e8-8240-dee3272c495a,-49.33624,-28.1493,2026-04-20 17:56:00+00:00,2026-04-20,NPP-375,GRÃO PARÁ,SANTA CATARINA,Brasil,0.0,3.0,0.2,Mata Atlântica,33,42,4206108,8,Floresta Ombrófila densa,220_080,2.9,POINT(-49.33624 -28.1493)
1814856588,4b74c2ec-37fe-3b93-ba05-e7bc815d4e61,-49.15421,-28.7135,2026-04-20 17:56:00+00:00,2026-04-20,NPP-375,JAGUARUNA,SANTA CATARINA,Brasil,0.0,4.0,0.53,Mata Atlântica,33,42,4208807,8,Savana arbórea; Caatinga fechada,220_080,1.7,POINT(-49.15421 -28.7135)
1814856517,8023d340-b95b-3dc4-a04a-cf860053fcc4,-49.44496,-27.73278,2026-04-20 17:56:00+00:00,2026-04-20,NPP-375,ALFREDO WAGNER,SANTA CATARINA,Brasil,0.0,3.0,0.15,Mata Atlântica,33,42,4200705,8,Floresta Ombrófila densa,220_079,5.2,POINT(-49.44496 -27.73278)
1814856547,a18155b3-e54b-34cc-8d83-9c404e1c89e7,-49.8548,-27.78396,2026-04-20 17:56:00+00:00,2026-04-20,NPP-375,BOCAINA DO SUL,SANTA CATARINA,Brasil,0.0,3.0,0.14,Mata Atlântica,33,42,4202438,8,Floresta Ombrófila densa,220_079,32.0,POINT(-49.8548 -27.78396)
1814855391,2659cc33-cb58-3c14-96c2-7a06aea5ab33,-49.32552,-24.62311,2026-04-20 17:56:00+00:00,2026-04-20,NPP-375,DOUTOR ULYSSES,PARANÁ,Brasil,0.0,4.0,0.3,Mata Atlântica,33,41,4128633,8,Floresta Ombrófila densa,221_077,8.8,POINT(-49.32552 -24.62311)
1814855456,cb747dd1-89e0-34b6-87a2-ddce01a5c3c6,-48.91221,-28.14586,2026-04-20 17:56:00+00:00,2026-04-20,NPP-375,IMARUÍ,SANTA CATARINA,Brasil,0.0,3.0,0.26,Mata Atlântica,33,42,4207205,8,Florestas decíduas e sazonais,220_079,13.7,POINT(-48.91221 -28.14586)
1814855480,3079a1fe-dfe7-3f69-af82-9e43182456cf,-49.57888,-27.00018,2026-04-20 17:56:00+00:00,2026-04-20,NPP-375,IBIRAMA,SANTA CATARINA,Brasil,0.0,5.0,0.25,Mata Atlântica,33,42,4206900,8,Floresta Ombrófila densa,220_079,10.2,POINT(-49.57888 -27.00018)
1814855490,a8ea8972-d7ea-389f-8844-b8b42a171963,-50.46208,-28.82289,2026-04-20 17:56:00+00:00,2026-04-20,NPP-375,JAQUIRANA,RIO GRANDE DO SUL,Brasil,0.0,3.0,0.22,Mata Atlântica,33,43,4311122,8,Floresta Ombrófila densa,221_080,2.4,POINT(-50.46208 -28.82289)
1814855498,73c1890e-3f42-3460-81b8-33e0d3f9c866,-50.58028,-29.15141,2026-04-20 17:56:00+00:00,2026-04-20,NPP-375,SÃO FRANCISCO DE PAULA,RIO GRANDE DO SUL,Brasil,0.0,3.0,0.52,Mata Atlântica,33,43,4318200,8,Floresta de contato; Campinarana,221_080,13.2,POINT(-50.58028 -29.15141)
1814855508,7a364a8a-a5f3-3eb3-9b48-1d78d8f0227a,-50.00125,-27.4851,2026-04-20 17:56:00+00:00,2026-04-20,NPP-375,OTACÍLIO COSTA,SANTA CATARINA,Brasil,0.0,3.0,0.17,Mata Atlântica,33,42,4211751,8,Floresta Ombrófila densa,221_079,3.1,POINT(-50.00125 -27.4851)
1814855519,f2772de5-6f85-3b81-8868-44f2d3524b34,-49.09066,-28.22836,2026-04-20 17:56:00+00:00,2026-04-20,NPP-375,BRAÇO DO NORTE,SANTA CATARINA,Brasil,0.0,4.0,0.29,Mata Atlântica,33,42,4202800,8,Florestas decíduas e sazonais,220_080,7.1,POINT(-49.09066 -28.22836)
1814855622,879b62be-de8c-39f5-9c81-fa98d10888ba,-51.17441,-26.01462,2026-04-20 17:56:00+00:00,2026-04-20,NPP-375,CRUZ MACHADO,PARANÁ,Brasil,0.0,4.0,0.2,Mata Atlântica,33,41,4106803,8,Floresta Ombrófila densa,222_078,5.2,POINT(-51.17441 -26.01462)
1814855672,d41613e4-91a2-35b2-832d-d7e7479d14cf,-50.58966,-28.81939,2026-04-20 17:56:00+00:00,2026-04-20,NPP-375,JAQUIRANA,RIO GRANDE DO SUL,Brasil,0.0,3.0,0.25,Mata Atlântica,33,43,4311122,8,Floresta Ombrófila densa,221_080,1.7,POINT(-50.58966 -28.81939)
1814855735,5c97b8af-f1be-3874-ae89-e57352920461,-49.60349,-28.79447,2026-04-20 17:56:00+00:00,2026-04-20,NPP-375,MELEIRO,SANTA CATARINA,Brasil,0.0,3.0,0.65,Mata Atlântica,33,42,4210803,8,Agricultura e diversos,220_080,7.1,POINT(-49.60349 -28.79447)
1814855783,e08eec0a-c42d-323c-81cf-a185522dc044,-49.04697,-28.18632,2026-04-20 17:56:00+00:00,2026-04-20,NPP-375,ARMAZÉM,SANTA CATARINA,Brasil,0.0,4.0,0.43,Mata Atlântica,33,42,4201505,8,Floresta de contato; Campinarana,220_080,7.1,POINT(-49.04697 -28.18632)
1814855909,6d4734ff-2434-392b-9dda-0ffaac1447c9,-49.20681,-24.72245,2026-04-20 17:56:00+00:00,2026-04-20,NPP-375,CERRO AZUL,PARANÁ,Brasil,0.0,3.0,0.81,Mata Atlântica,33,41,4105201,8,Savana; Caatinga aberta,220_077,7.2,POINT(-49.20681 -24.72245)
1814855933,ae83c861-544b-3db6-b53c-f567ee2b3719,-49.76545,-25.71685,2026-04-20 17:56:00+00:00,2026-04-20,NPP-375,LAPA,PARANÁ,Brasil,0.0,3.0,1.0,Mata Atlântica,33,41,4113205,8,Agricultura e diversos,221_078,1.6,POINT(-49.76545 -25.71685)
1814855958,3cf70b7c-f763-3302-9340-3828df28c196,-49.57738,-27.00445,2026-04-20 17:56:00+00:00,2026-04-20,NPP-375,IBIRAMA,SANTA CATARINA,Brasil,0.0,5.0,0.25,Mata Atlântica,33,42,4206900,8,Floresta Ombrófila densa,220_079,12.1,POINT(-49.57738 -27.00445)
1814855962,d7d39248-7fcb-3169-9501-4c4f52068967,-50.5788,-29.15662,2026-04-20 17:56:00+00:00,2026-04-20,NPP-375,SÃO FRANCISCO DE PAULA,RIO GRANDE DO SUL,Brasil,0.0,3.0,0.46,Mata Atlântica,33,43,4318200,8,Floresta de contato; Campinarana,221_080,48.5,POINT(-50.5788 -29.15662)
1814856180,dd2a08ce-072b-304c-ae96-9bf79e77f8ea,-49.13674,-28.67858,2026-04-20 17:56:00+00:00,2026-04-20,NPP-375,SANGÃO,SANTA CATARINA,Brasil,0.0,4.0,0.93,Mata Atlântica,33,42,4215455,8,Pastagens e gramíneas,220_080,6.8,POINT(-49.13674 -28.67858)
1814856202,eefd4574-f1a5-3bf5-a5c0-83ba4da9801c,-49.85091,-27.78302,2026-04-20 17:56:00+00:00,2026-04-20,NPP-375,BOCAINA DO SUL,SANTA CATARINA,Brasil,0.0,3.0,0.14,Mata Atlântica,33,42,4202438,8,Floresta Ombrófila densa,220_079,31.0,POINT(-49.85091 -27.78302)
1814856208,4c6e2eec-cc4c-30b1-a73f-82c2b1bfe031,-49.58282,-27.00113,2026-04-20 17:56:00+00:00,2026-04-20,NPP-375,JOSÉ BOITEUX,SANTA CATARINA,Brasil,0.0,5.0,0.25,Mata Atlântica,33,42,4209151,8,Floresta Ombrófila densa,220_079,10.2,POINT(-49.58282 -27.00113)
1814856232,b8febcaf-4128-3d63-b215-ac6cf743c2f3,-50.98341,-25.69924,2026-04-20 17:56:00+00:00,2026-04-20,NPP-375,CRUZ MACHADO,PARANÁ,Brasil,0.2,4.0,0.18,Mata Atlântica,33,41,4106803,8,Floresta Ombrófila densa,221_078,5.8,POINT(-50.98341 -25.69924)
1814856413,9ddf4aa5-5484-33c2-8009-139e3121ba53,-49.7426,-28.73631,2026-04-20 17:56:00+00:00,2026-04-20,NPP-375,MORRO GRANDE,SANTA CATARINA,Brasil,0.0,4.0,0.23,Mata Atlântica,33,42,4211256,8,Floresta de contato; Campinarana,220_080,2.8,POINT(-49.7426 -28.73631)
1814856419,343558a5-49fe-3149-a160-cbbc39ce9567,-49.84337,-26.31024,2026-04-20 17:56:00+00:00,2026-04-20,NPP-375,ITAIÓPOLIS,SANTA CATARINA,Brasil,0.0,5.0,0.73,Mata Atlântica,33,42,4208104,8,Savana; Caatinga aberta,221_078,3.5,POINT(-49.84337 -26.31024)
1814856460,e4690839-a822-3237-bc67-e3220cea996f,-50.82127,-27.34143,2026-04-20 17:56:00+00:00,2026-04-20,NPP-375,BRUNÓPOLIS,SANTA CATARINA,Brasil,0.0,4.0,0.37,Mata Atlântica,33,42,4202875,8,Floresta de contato; Campinarana,221_079,15.6,POINT(-50.82127 -27.34143)
1814855035,c6072e18-7480-3aed-9b87-0634172c74d0,-54.54959,-18.4143,2026-04-20 17:58:00+00:00,2026-04-20,NPP-375,COXIM,MATO GROSSO DO SUL,Brasil,0.0,3.0,1.0,Cerrado,33,50,5003306,8,Pastagens e gramíneas,225_073,5.1,POINT(-54.54959 -18.4143)
1814856062,95bb30dc-df63-353a-8668-8a50eb5b4349,-51.73706,-17.57988,2026-04-20 17:58:00+00:00,2026-04-20,NPP-375,JATAÍ,GOIÁS,Brasil,0.0,9.0,0.4,Cerrado,33,52,5211909,8,Savana arbórea; Caatinga fechada,223_072,5.6,POINT(-51.73706 -17.57988)
1814855870,460fbd8f-b8ca-3ff1-86b0-6ee5984c2bb4,-51.45845,-22.77571,2026-04-20 17:58:00+00:00,2026-04-20,NPP-375,PORECATU,PARANÁ,Brasil,0.0,6.0,1.0,Mata Atlântica,33,41,4120002,8,Agricultura e diversos,222_076,1.5,POINT(-51.45845 -22.77571)
1814855915,20f67212-b2ea-3ece-8210-ce9c824a864a,-51.18069,-18.12444,2026-04-20 17:58:00+00:00,2026-04-20,NPP-375,APARECIDA DO RIO DOCE,GOIÁS,Brasil,0.0,7.0,0.92,Cerrado,33,52,5201454,8,Pastagens e gramíneas,223_073,3.1,POINT(-51.18069 -18.12444)
1814854507,1dee5ca9-c0b2-3f5e-a820-699d6dcc606d,-54.55051,-18.41509,2026-04-20 17:58:00+00:00,2026-04-20,NPP-375,COXIM,MATO GROSSO DO SUL,Brasil,0.0,3.0,1.0,Cerrado,33,50,5003306,8,Pastagens e gramíneas,225_073,7.9,POINT(-54.55051 -18.41509)
1814857951,edc448ab-3e88-3156-9efa-d508a6daed5f,-49.96877,-20.61981,2026-04-20 17:58:00+00:00,2026-04-20,NPP-375,SEBASTIANÓPOLIS DO SUL,SÃO PAULO,Brasil,0.0,2.0,0.53,Cerrado,33,35,3551306,8,Pastagens e gramíneas,222_074,4.2,POINT(-49.96877 -20.61981)
1814856847,22aaf160-457b-31b2-80de-0ef3619b5956,-54.54849,-18.41946,2026-04-20 17:58:00+00:00,2026-04-20,NPP-375,COXIM,MATO GROSSO DO SUL,Brasil,0.0,3.0,1.0,Cerrado,33,50,5003306,8,Pastagens e gramíneas,225_073,5.1,POINT(-54.54849 -18.41946)
1814857871,9e6859c9-080a-346f-8ff8-98269e2892db,-56.26443,-21.88661,2026-04-20 17:58:00+00:00,2026-04-20,NPP-375,BELA VISTA,MATO GROSSO DO SUL,Brasil,2.02,3.0,0.96,Cerrado,33,50,5002100,8,Pastagens e gramíneas,225_075,3.6,POINT(-56.26443 -21.88661)
1814856235,2b9f7dae-792b-359a-9891-ab163835621d,-48.21152,-21.4522,2026-04-20 17:58:00+00:00,2026-04-20,NPP-375,GUARIBA,SÃO PAULO,Brasil,0.0,3.0,0.91,Cerrado,33,35,3518602,8,Agricultura e diversos,220_075,5.9,POINT(-48.21152 -21.4522)
1814855792,d3ea7f40-ff83-321e-ba94-42bc51b48653,-54.55269,-18.41493,2026-04-20 17:58:00+00:00,2026-04-20,NPP-375,COXIM,MATO GROSSO DO SUL,Brasil,0.0,3.0,1.0,Cerrado,33,50,5003306,8,Pastagens e gramíneas,225_073,5.1,POINT(-54.55269 -18.41493)
1814854487,9d4e0641-1f14-33f6-b37a-977af86b2763,-53.7764,-17.34487,2026-04-20 17:58:00+00:00,2026-04-20,NPP-375,SONORA,MATO GROSSO DO SUL,Brasil,0.73,2.0,0.21,Cerrado,33,50,5007935,8,Pastagens e gramíneas,225_072,7.4,POINT(-53.7764 -17.34487)
1814856217,b89e8f97-796a-3f10-8859-938bd153b8c8,-54.54943,-18.42025,2026-04-20 17:58:00+00:00,2026-04-20,NPP-375,COXIM,MATO GROSSO DO SUL,Brasil,0.0,3.0,1.0,Cerrado,33,50,5003306,8,Pastagens e gramíneas,225_073,7.9,POINT(-54.54943 -18.42025)
1814855193,75026988-2905-3402-89b4-f60bfaf8e955,-50.05589,-13.87992,2026-04-20 18:00:00+00:00,2026-04-20,NPP-375,MUNDO NOVO,GOIÁS,Brasil,0.0,3.0,0.81,Cerrado,33,52,5214051,8,Pastagens e gramíneas,223_070,12.9,POINT(-50.05589 -13.87992)
1814857142,7ab31cee-c401-3b6f-a760-09e504e6e10b,-56.62754,-13.99593,2026-04-20 18:00:00+00:00,2026-04-20,NPP-375,DIAMANTINO,MATO GROSSO,Brasil,1.4,0.0,0.01,Cerrado,33,51,5103502,8,Savana arbórea; Caatinga fechada,227_070,9.7,POINT(-56.62754 -13.99593)
1814855286,dc32e076-f3ba-36d8-b510-24d7097446cb,-56.63401,-13.9921,2026-04-20 18:00:00+00:00,2026-04-20,NPP-375,DIAMANTINO,MATO GROSSO,Brasil,1.44,0.0,0.02,Cerrado,33,51,5103502,8,Savana; Caatinga aberta,227_070,9.7,POINT(-56.63401 -13.9921)
1814857435,f3c5269f-a5a4-3cea-aea7-e3242f2eab13,-50.05426,-13.88009,2026-04-20 18:00:00+00:00,2026-04-20,NPP-375,MUNDO NOVO,GOIÁS,Brasil,0.0,3.0,0.81,Cerrado,33,52,5214051,8,Pastagens e gramíneas,223_070,11.0,POINT(-50.05426 -13.88009)
1814856764,ce77557a-dd11-36e9-be22-43f5a097ab01,-56.96149,-11.80058,2026-04-20 18:00:00+00:00,2026-04-20,NPP-375,PORTO DOS GAÚCHOS,MATO GROSSO,Brasil,1.8,2.0,0.01,Amazônia,33,51,5106802,8,Floresta Ombrófila densa,227_068,15.4,POINT(-56.96149 -11.80058)
1814857654,aa7d9f74-5b85-32d8-bb12-6a8aa42f4dfe,-51.28518,-15.27243,2026-04-20 18:00:00+00:00,2026-04-20,NPP-375,JUSSARA,GOIÁS,Brasil,0.0,3.0,0.82,Cerrado,33,52,5212204,8,Pastagens e gramíneas,223_071,2.8,POINT(-51.28518 -15.27243)
1814855063,8a2bf733-05ae-3c45-95a8-8a297472d7bf,-66.93625,-2.93184,2026-04-20 18:04:00+00:00,2026-04-20,NPP-375,JUTAÍ,AMAZONAS,Brasil,1.44,0.0,0.0,Amazônia,33,13,1302306,8,Floresta Ombrófila densa,002_062,3.3,POINT(-66.93625 -2.93184)
1814854982,947d042a-38a9-31f5-9b9e-bf287fd68dd1,-66.29449,-0.36602,2026-04-20 18:04:00+00:00,2026-04-20,NPP-375,SÃO GABRIEL DA CACHOEIRA,AMAZONAS,Brasil,1.65,0.0,0.0,Amazônia,33,13,1303809,8,Florestas decíduas e sazonais,002_060,5.0,POINT(-66.29449 -0.36602)
1814855812,c503365c-4fba-3334-8393-7998c51c8bbc,-67.28964,0.51463,2026-04-20 18:04:00+00:00,2026-04-20,NPP-375,SÃO GABRIEL DA CACHOEIRA,AMAZONAS,Brasil,3.99,0.0,0.0,Amazônia,33,13,1303809,8,Floresta Ombrófila densa,003_060,5.6,POINT(-67.28964 0.51463)
1814856506,efc8509a-506a-3f3d-821f-9a0a23120631,-59.62194,4.04503,2026-04-20 18:04:00+00:00,2026-04-20,NPP-375,NORMANDIA,RORAIMA,Brasil,0.4,0.0,0.88,Amazônia,33,14,1400407,8,Savana; Caatinga aberta,231_057,2.8,POINT(-59.62194 4.04503)
1814857926,d9c43eb4-0e49-30ce-b469-ce1ad95ab236,-69.54279,-4.04827,2026-04-20 18:04:00+00:00,2026-04-20,NPP-375,TABATINGA,AMAZONAS,Brasil,0.5,2.0,0.02,Amazônia,33,13,1304062,8,Floresta Ombrófila densa,004_063,7.2,POINT(-69.54279 -4.04827)
1814856188,b2dea9e8-c29a-32c8-bc31-245c85eca02f,-39.94117,-18.86502,2026-04-20 18:11:00+00:00,2026-04-20,AQUA_M-T,SÃO MATEUS,ESPÍRITO SANTO,Brasil,2.31,-999.0,0.29,Mata Atlântica,33,32,3204906,8,Pastagens e gramíneas,215_073,5.3,POINT(-39.94117 -18.86502)
1814854488,5bd8ca6b-84e7-3fdd-8e5b-cc55ff063d0f,-40.07039,-19.59435,2026-04-20 18:11:00+00:00,2026-04-20,AQUA_M-T,ARACRUZ,ESPÍRITO SANTO,Brasil,0.6,2.0,0.15,Mata Atlântica,33,32,3200607,8,Corpos agua/Solos expostos/Mineracao/Areas urbanas e construidas/neve e gelo,215_074,5.4,POINT(-40.07039 -19.59435)
1814855638,cd3f66e0-3adf-39d3-ad36-07e4ebc65eac,-39.92747,-18.89005,2026-04-20 18:11:00+00:00,2026-04-20,AQUA_M-T,SÃO MATEUS,ESPÍRITO SANTO,Brasil,4.14,-999.0,0.09,Mata Atlântica,33,32,3204906,8,Agricultura e diversos,215_073,6.7,POINT(-39.92747 -18.89005)
1814856649,377dcbb6-cfbc-399d-bfaa-766c48c0b417,-44.04816,-20.78415,2026-04-20 18:11:00+00:00,2026-04-20,AQUA_M-T,ENTRE RIOS DE MINAS,MINAS GERAIS,Brasil,0.0,3.0,0.93,Mata Atlântica,33,31,3123908,8,Pastagens e gramíneas,218_074,11.3,POINT(-44.04816 -20.78415)
1814855045,684e2108-bf01-33f6-aae7-a4f6d7a42bad,-39.92599,-18.89885,2026-04-20 18:11:00+00:00,2026-04-20,AQUA_M-T,SÃO MATEUS,ESPÍRITO SANTO,Brasil,4.32,-999.0,0.11,Mata Atlântica,33,32,3204906,8,Agricultura e diversos,215_073,9.6,POINT(-39.92599 -18.89885)
1814854798,87b56068-ea7b-3103-9bae-df9ce494e16c,-43.13366,-20.78958,2026-04-20 18:11:00+00:00,2026-04-20,AQUA_M-T,PRESIDENTE BERNARDES,MINAS GERAIS,Brasil,0.0,0.0,0.18,Mata Atlântica,33,31,3153103,8,Agricultura e diversos,217_074,9.3,POINT(-43.13366 -20.78958)
1814857462,50a4c1b5-d075-3150-b724-5c713b54ce82,-39.93527,-18.90023,2026-04-20 18:11:00+00:00,2026-04-20,AQUA_M-T,SÃO MATEUS,ESPÍRITO SANTO,Brasil,3.03,-999.0,0.21,Mata Atlântica,33,32,3204906,8,Pastagens e gramíneas,215_073,6.3,POINT(-39.93527 -18.90023)
1814856469,4e3656a7-648f-3afb-b018-a444753e6e96,-39.95044,-18.8664,2026-04-20 18:11:00+00:00,2026-04-20,AQUA_M-T,SÃO MATEUS,ESPÍRITO SANTO,Brasil,1.09,-999.0,0.05,Mata Atlântica,33,32,3204906,8,Florestas decíduas e sazonais,215_073,7.7,POINT(-39.95044 -18.8664)
1814857813,4fa952a1-7d0f-379c-bbc1-a9a965caea9a,-40.25438,-20.15713,2026-04-20 18:11:00+00:00,2026-04-20,AQUA_M-T,SERRA,ESPÍRITO SANTO,Brasil,0.0,-999.0,-999.0,Mata Atlântica,33,32,3205002,8,Corpos agua/Solos expostos/Mineracao/Areas urbanas e construidas/neve e gelo,215_074,4.4,POINT(-40.25438 -20.15713)
1814854887,58fcfcbd-7a7b-31c0-834d-9edaafa85c54,-39.93675,-18.89143,2026-04-20 18:11:00+00:00,2026-04-20,AQUA_M-T,SÃO MATEUS,ESPÍRITO SANTO,Brasil,2.83,-999.0,0.22,Mata Atlântica,33,32,3204906,8,Pastagens e gramíneas,215_073,6.0,POINT(-39.93675 -18.89143)
1814856515,711095e5-1a1c-39e4-9966-f33a7e82ffaf,-39.21192,-13.43812,2026-04-20 18:13:00+00:00,2026-04-20,AQUA_M-T,VALENÇA,BAHIA,Brasil,0.0,2.0,0.04,Mata Atlântica,33,29,2932903,8,Floresta Ombrófila densa,216_069,5.3,POINT(-39.21192 -13.43812)
1814854913,195bfdf7-9ac4-3ac9-af3d-fdc42351da55,-41.02208,-15.64483,2026-04-20 18:13:00+00:00,2026-04-20,AQUA_M-T,ENCRUZILHADA,BAHIA,Brasil,0.0,8.0,0.3,Mata Atlântica,33,29,2910404,8,Savana arbórea; Caatinga fechada,217_071,11.6,POINT(-41.02208 -15.64483)
1814854937,2afadd15-20d2-3acf-9de5-6e3b39e7737d,-42.39579,-14.90243,2026-04-20 18:13:00+00:00,2026-04-20,AQUA_M-T,JACARACI,BAHIA,Brasil,0.0,10.0,0.47,Caatinga,33,29,2917409,8,Savana arbórea; Caatinga fechada,218_070,9.8,POINT(-42.39579 -14.90243)
1814856259,edb30898-97a0-3269-baf7-6ee3d75ff23d,-40.15462,-14.90441,2026-04-20 18:13:00+00:00,2026-04-20,AQUA_M-T,NOVA CANAÃ,BAHIA,Brasil,0.0,6.0,0.82,Mata Atlântica,33,29,2922706,8,Pastagens e gramíneas,216_070,5.1,POINT(-40.15462 -14.90441)
1814856299,327a37b5-b45c-38fb-8367-dff830bbed66,-41.5798,-13.80505,2026-04-20 18:13:00+00:00,2026-04-20,AQUA_M-T,RIO DE CONTAS,BAHIA,Brasil,0.0,2.0,0.28,Caatinga,33,29,2926707,8,Savana; Caatinga aberta,217_070,104.9,POINT(-41.5798 -13.80505)
1814856303,a15a6fef-9d5f-3768-b7e7-e0b614f27364,-39.03526,-15.85098,2026-04-20 18:13:00+00:00,2026-04-20,AQUA_M-T,BELMONTE,BAHIA,Brasil,0.0,-999.0,0.11,Mata Atlântica,33,29,2903409,8,Floresta Ombrófila densa,215_071,6.7,POINT(-39.03526 -15.85098)
1814856311,04b34a45-9327-369e-99d4-199025c3e5b5,-39.65777,-13.18338,2026-04-20 18:13:00+00:00,2026-04-20,AQUA_M-T,UBAÍRA,BAHIA,Brasil,0.42,7.0,0.04,Mata Atlântica,33,29,2932101,8,Floresta Ombrófila densa,216_069,15.3,POINT(-39.65777 -13.18338)
1814855067,e11d6b20-a9b4-3434-8623-fe32957fe35a,-42.58432,-13.58159,2026-04-20 18:13:00+00:00,2026-04-20,AQUA_M-T,TANQUE NOVO,BAHIA,Brasil,0.0,0.0,0.82,Caatinga,33,29,2931053,8,Pastagens e gramíneas,218_069,5.0,POINT(-42.58432 -13.58159)
1814856331,0fb53985-9a9b-3a6b-b8be-5600c95d5147,-43.11033,-18.2431,2026-04-20 18:13:00+00:00,2026-04-20,AQUA_M-T,RIO VERMELHO,MINAS GERAIS,Brasil,0.0,3.0,0.05,Mata Atlântica,33,31,3156007,8,Floresta Ombrófila densa,218_073,6.0,POINT(-43.11033 -18.2431)
1814855212,eb276bb6-3e93-342a-9fe5-5d9c0b94c1a0,-39.46261,-13.76453,2026-04-20 18:13:00+00:00,2026-04-20,AQUA_M-T,GANDU,BAHIA,Brasil,0.0,2.0,0.03,Mata Atlântica,33,29,2911204,8,Floresta Ombrófila densa,216_069,12.7,POINT(-39.46261 -13.76453)
1814856891,eb0ca591-ea06-34af-916c-40fcac9de2c6,-43.06512,-12.95015,2026-04-20 18:13:00+00:00,2026-04-20,AQUA_M-T,PARATINGA,BAHIA,Brasil,0.0,0.0,0.27,Caatinga,33,29,2923704,8,Savana; Caatinga aberta,218_069,21.7,POINT(-43.06512 -12.95015)
1814855379,513758e9-62a1-3779-81ae-46cf1e920656,-41.59388,-17.46239,2026-04-20 18:13:00+00:00,2026-04-20,AQUA_M-T,CATUJI,MINAS GERAIS,Brasil,0.57,5.0,0.04,Mata Atlântica,33,31,3115458,8,Floresta Ombrófila densa,217_072,4.9,POINT(-41.59388 -17.46239)
1814856899,0af06430-b879-3c0b-8058-158a7d1e94c3,-40.42458,-15.74985,2026-04-20 18:13:00+00:00,2026-04-20,AQUA_M-T,MACARANI,BAHIA,Brasil,0.25,8.0,1.0,Mata Atlântica,33,29,2919702,8,Pastagens e gramíneas,216_071,4.9,POINT(-40.42458 -15.74985)
1814855488,bf64646c-9626-3630-a14f-c52e8711270e,-42.76674,-12.65793,2026-04-20 18:13:00+00:00,2026-04-20,AQUA_M-T,BOQUIRA,BAHIA,Brasil,0.0,0.0,1.0,Caatinga,33,29,2904100,8,Corpos agua/Solos expostos/Mineracao/Areas urbanas e construidas/neve e gelo,218_069,11.7,POINT(-42.76674 -12.65793)
1814857060,666bc365-5099-3551-a842-aadc51be91f7,-39.27623,-13.69749,2026-04-20 18:13:00+00:00,2026-04-20,AQUA_M-T,NILO PEÇANHA,BAHIA,Brasil,0.0,2.0,0.03,Mata Atlântica,33,29,2922607,8,Florestas decíduas e sazonais,216_069,7.2,POINT(-39.27623 -13.69749)
1814855514,c5d2360d-9b59-35d0-86ce-8b7bf35f49f2,-39.18075,-16.67916,2026-04-20 18:13:00+00:00,2026-04-20,AQUA_M-T,PORTO SEGURO,BAHIA,Brasil,0.2,7.0,1.0,Mata Atlântica,33,29,2925303,8,Pastagens e gramíneas,215_072,25.9,POINT(-39.18075 -16.67916)
1814857139,4ad3fb93-3f58-3cc1-b0fe-7c6159cb0183,-39.40771,-12.86596,2026-04-20 18:13:00+00:00,2026-04-20,AQUA_M-T,CASTRO ALVES,BAHIA,Brasil,0.0,4.0,0.64,Mata Atlântica,33,29,2907301,8,Pastagens e gramíneas,216_069,8.2,POINT(-39.40771 -12.86596)
1814855530,b0df98d4-e587-3d0d-afce-ff5bbacb63d5,-42.85182,-18.31996,2026-04-20 18:13:00+00:00,2026-04-20,AQUA_M-T,COLUNA,MINAS GERAIS,Brasil,0.0,3.0,0.38,Mata Atlântica,33,31,3116803,8,Savana arbórea; Caatinga fechada,217_073,6.7,POINT(-42.85182 -18.31996)
1814855612,8eec5ea3-ce55-33d5-8ce1-c14e53bd23ef,-41.73502,-14.72393,2026-04-20 18:13:00+00:00,2026-04-20,AQUA_M-T,PRESIDENTE JÂNIO QUADROS,BAHIA,Brasil,0.0,12.0,0.75,Caatinga,33,29,2925709,8,Agricultura e diversos,217_070,6.0,POINT(-41.73502 -14.72393)
1814857323,488f3647-c475-3de4-a2d7-3893d0aea1c2,-41.06313,-13.46128,2026-04-20 18:13:00+00:00,2026-04-20,AQUA_M-T,IRAMAIA,BAHIA,Brasil,0.0,1.0,0.15,Caatinga,33,29,2914307,8,Savana arbórea; Caatinga fechada,217_069,19.6,POINT(-41.06313 -13.46128)
1814856983,fd030baf-2948-37ed-b9b8-47394608518a,-39.3429,-15.78905,2026-04-20 18:13:00+00:00,2026-04-20,AQUA_M-T,MASCOTE,BAHIA,Brasil,0.0,9.0,1.0,Mata Atlântica,33,29,2920908,8,Pastagens e gramíneas,215_071,5.0,POINT(-39.3429 -15.78905)
1814855750,086fb2ab-46c6-39ea-b31a-75df78cc5c03,-42.13873,-14.44022,2026-04-20 18:13:00+00:00,2026-04-20,AQUA_M-T,RIO DO ANTÔNIO,BAHIA,Brasil,0.0,14.0,0.73,Caatinga,33,29,2926806,8,Agricultura e diversos,217_070,5.3,POINT(-42.13873 -14.44022)
1814856629,80548c85-759d-3f0c-ab73-65ad72b0db65,-40.09019,-14.21185,2026-04-20 18:13:00+00:00,2026-04-20,AQUA_M-T,JEQUIÉ,BAHIA,Brasil,0.0,8.0,0.57,Mata Atlântica,33,29,2918001,8,Pastagens e gramíneas,216_070,5.8,POINT(-40.09019 -14.21185)
1814855804,bebc2fc9-0456-3967-98ff-22b6d809b52f,-44.27132,-15.40411,2026-04-20 18:13:00+00:00,2026-04-20,AQUA_M-T,JANUÁRIA,MINAS GERAIS,Brasil,0.0,10.0,1.0,Caatinga,33,31,3135209,8,Pastagens e gramíneas,219_071,22.1,POINT(-44.27132 -15.40411)
1814855838,80aab166-181b-3a83-b549-a010ff154183,-39.0253,-15.8494,2026-04-20 18:13:00+00:00,2026-04-20,AQUA_M-T,BELMONTE,BAHIA,Brasil,0.0,-999.0,0.1,Mata Atlântica,33,29,2903409,8,Florestas decíduas e sazonais,215_071,6.4,POINT(-39.0253 -15.8494)
1814855853,8dac56c4-4df4-30dd-9407-a44b3e6612b8,-41.85214,-15.128,2026-04-20 18:13:00+00:00,2026-04-20,AQUA_M-T,SÃO JOÃO DO PARAÍSO,MINAS GERAIS,Brasil,0.0,11.0,0.4,Mata Atlântica,33,31,3162708,8,Florestas decíduas e sazonais,217_070,14.9,POINT(-41.85214 -15.128)
1814856730,175eeaf0-b374-30d9-861b-332da3d5b3da,-41.84303,-15.12669,2026-04-20 18:13:00+00:00,2026-04-20,AQUA_M-T,SÃO JOÃO DO PARAÍSO,MINAS GERAIS,Brasil,0.0,11.0,0.35,Mata Atlântica,33,31,3162708,8,Floresta Ombrófila densa,217_070,189.1,POINT(-41.84303 -15.12669)
1814856770,70f3aab6-8e73-3f57-b269-3787ef6b1941,-43.77474,-12.82864,2026-04-20 18:13:00+00:00,2026-04-20,AQUA_M-T,SERRA DOURADA,BAHIA,Brasil,0.0,0.0,0.41,Cerrado,33,29,2930303,8,Savana; Caatinga aberta,219_069,5.6,POINT(-43.77474 -12.82864)
1814856073,29113837-856e-3631-b0ae-5cbaf6e1051c,-41.07215,-13.46262,2026-04-20 18:13:00+00:00,2026-04-20,AQUA_M-T,IRAMAIA,BAHIA,Brasil,0.0,1.0,0.15,Caatinga,33,29,2914307,8,Savana arbórea; Caatinga fechada,217_069,4.3,POINT(-41.07215 -13.46262)
1814856075,a22ff782-8d5a-35c7-a477-05cb92290ef7,-41.57082,-13.80374,2026-04-20 18:13:00+00:00,2026-04-20,AQUA_M-T,RIO DE CONTAS,BAHIA,Brasil,0.0,2.0,0.93,Caatinga,33,29,2926707,8,Pastagens e gramíneas,217_070,28.7,POINT(-41.57082 -13.80374)
1814856076,387a3163-e736-37c0-9761-25550a5346b4,-40.85413,-15.51808,2026-04-20 18:13:00+00:00,2026-04-20,AQUA_M-T,ENCRUZILHADA,BAHIA,Brasil,0.0,8.0,0.72,Mata Atlântica,33,29,2910404,8,Agricultura e diversos,216_071,6.3,POINT(-40.85413 -15.51808)
1814857939,5ae39f6c-880f-37c8-bc7a-4102aabf660d,-41.5845,-17.46106,2026-04-20 18:13:00+00:00,2026-04-20,AQUA_M-T,CATUJI,MINAS GERAIS,Brasil,0.53,5.0,0.04,Mata Atlântica,33,31,3115458,8,Floresta Ombrófila densa,217_072,3.9,POINT(-41.5845 -17.46106)
1814857847,624e045d-3ecf-38ed-a659-c42c910f6b99,-44.20396,-14.19766,2026-04-20 18:13:00+00:00,2026-04-20,AQUA_M-T,FEIRA DA MATA,BAHIA,Brasil,0.0,10.0,0.77,Cerrado,33,29,2910776,8,Savana; Caatinga aberta,219_070,8.6,POINT(-44.20396 -14.19766)
1814857558,5d7b8fa2-dd21-3040-b88e-f9ca3dec7f6e,-44.03503,-14.03402,2026-04-20 18:13:00+00:00,2026-04-20,AQUA_M-T,CARINHANHA,BAHIA,Brasil,0.0,11.0,0.69,Cerrado,33,29,2907103,8,Savana arbórea; Caatinga fechada,219_070,6.8,POINT(-44.03503 -14.03402)
1814854501,1509f80c-4a40-3c97-abbc-2cf53d4b77ef,-43.05574,-12.94883,2026-04-20 18:13:00+00:00,2026-04-20,AQUA_M-T,PARATINGA,BAHIA,Brasil,0.0,0.0,0.5,Caatinga,33,29,2923704,8,Agricultura e diversos,218_069,28.8,POINT(-43.05574 -12.94883)
1814857557,2b6290c7-e646-3a10-82c8-c10dd2698c61,-42.86244,-18.32141,2026-04-20 18:13:00+00:00,2026-04-20,AQUA_M-T,COLUNA,MINAS GERAIS,Brasil,0.0,3.0,0.08,Mata Atlântica,33,31,3116803,8,Floresta Ombrófila densa,217_073,49.8,POINT(-42.86244 -18.32141)
1814857491,e1f1683e-82db-3fa0-9fd2-6bf5902a3fee,-41.57364,-14.45105,2026-04-20 18:13:00+00:00,2026-04-20,AQUA_M-T,BRUMADO,BAHIA,Brasil,0.0,8.0,0.48,Caatinga,33,29,2904605,8,Savana; Caatinga aberta,217_070,7.6,POINT(-41.57364 -14.45105)
1814857487,446227b7-8546-3c76-8cfc-a9351a3e1f64,-40.64805,-15.75616,2026-04-20 18:13:00+00:00,2026-04-20,AQUA_M-T,BANDEIRA,MINAS GERAIS,Brasil,0.5,8.0,0.28,Mata Atlântica,33,31,3105202,8,Floresta de contato; Campinarana,216_071,5.3,POINT(-40.64805 -15.75616)
1814857384,653ecee0-53f7-3010-a38b-586a9af89824,-39.20157,-13.4365,2026-04-20 18:13:00+00:00,2026-04-20,AQUA_M-T,VALENÇA,BAHIA,Brasil,0.0,2.0,0.04,Mata Atlântica,33,29,2932903,8,Floresta Ombrófila densa,216_069,13.0,POINT(-39.20157 -13.4365)
1814857370,366b6639-9e59-3836-a54e-134acaecc6fb,-41.06819,-16.84218,2026-04-20 18:13:00+00:00,2026-04-20,AQUA_M-T,JOAÍMA,MINAS GERAIS,Brasil,0.0,8.0,0.69,Mata Atlântica,33,31,3136009,8,Pastagens e gramíneas,216_072,7.4,POINT(-41.06819 -16.84218)
1814856110,6ea28907-f726-3e95-b513-28bb33ce731d,-41.8417,-15.13551,2026-04-20 18:13:00+00:00,2026-04-20,AQUA_M-T,SÃO JOÃO DO PARAÍSO,MINAS GERAIS,Brasil,0.0,10.0,0.35,Mata Atlântica,33,31,3162708,8,Florestas decíduas e sazonais,217_070,44.6,POINT(-41.8417 -15.13551)
1814854544,1765735b-b4c5-3c9f-ba78-80253fefdead,-43.78473,-12.83005,2026-04-20 18:13:00+00:00,2026-04-20,AQUA_M-T,SERRA DOURADA,BAHIA,Brasil,0.0,0.0,0.82,Cerrado,33,29,2930303,8,Pastagens e gramíneas,219_069,8.8,POINT(-43.78473 -12.83005)
1814854558,43d44e48-af9d-31a6-9e32-c8750e02a207,-39.37087,-16.59679,2026-04-20 18:13:00+00:00,2026-04-20,AQUA_M-T,PORTO SEGURO,BAHIA,Brasil,0.3,8.0,1.0,Mata Atlântica,33,29,2925303,8,Pastagens e gramíneas,215_072,6.6,POINT(-39.37087 -16.59679)
1814856177,50cf9ebd-af76-3efa-bd1a-e222514a85eb,-44.26582,-15.40461,2026-04-20 18:13:00+00:00,2026-04-20,AQUA_M-T,JANUÁRIA,MINAS GERAIS,Brasil,0.0,10.0,1.0,Caatinga,33,31,3135209,8,Pastagens e gramíneas,219_071,21.1,POINT(-44.26582 -15.40461)
1814856799,9b450344-c5fc-3b0e-9470-48d8e0a605ff,-44.34913,-14.24093,2026-04-20 18:13:00+00:00,2026-04-20,AQUA_M-T,FEIRA DA MATA,BAHIA,Brasil,0.0,10.0,1.0,Cerrado,33,29,2910776,8,Pastagens e gramíneas,219_070,41.1,POINT(-44.34913 -14.24093)
1814854659,994ae8b4-ebd0-3205-9884-b854b112394f,-43.71317,-12.85615,2026-04-20 18:13:00+00:00,2026-04-20,AQUA_M-T,SERRA DOURADA,BAHIA,Brasil,0.0,0.0,0.77,Cerrado,33,29,2930303,8,Agricultura e diversos,219_069,17.7,POINT(-43.71317 -12.85615)
1814854693,172257c4-ddfb-37e8-b1f1-82660a571900,-41.58876,-13.80636,2026-04-20 18:13:00+00:00,2026-04-20,AQUA_M-T,RIO DE CONTAS,BAHIA,Brasil,0.0,2.0,0.29,Caatinga,33,29,2926707,8,Savana arbórea; Caatinga fechada,217_070,21.7,POINT(-41.58876 -13.80636)
1814857311,9cb85378-6c22-3c7d-91e2-3cda2fa434e3,-39.19053,-16.68067,2026-04-20 18:13:00+00:00,2026-04-20,AQUA_M-T,PORTO SEGURO,BAHIA,Brasil,0.21,7.0,0.96,Mata Atlântica,33,29,2925303,8,Pastagens e gramíneas,215_072,10.2,POINT(-39.19053 -16.68067)
1814854755,40feb7a6-2de5-38c6-a3f8-f1af93934203,-42.1479,-14.44154,2026-04-20 18:13:00+00:00,2026-04-20,AQUA_M-T,RIO DO ANTÔNIO,BAHIA,Brasil,0.0,14.0,0.94,Caatinga,33,29,2926806,8,Pastagens e gramíneas,217_070,10.9,POINT(-42.1479 -14.44154)
1814854794,8b116948-4536-3328-bff2-22d0f4dd676c,-46.54136,-15.85248,2026-04-20 18:13:00+00:00,2026-04-20,AQUA_M-T,UNAÍ,MINAS GERAIS,Brasil,0.21,5.0,0.41,Cerrado,33,31,3170404,8,Savana; Caatinga aberta,220_071,12.2,POINT(-46.54136 -15.85248)
1814854821,cef41b14-097f-3009-9283-26a278f0c977,-44.0457,-14.03548,2026-04-20 18:13:00+00:00,2026-04-20,AQUA_M-T,CARINHANHA,BAHIA,Brasil,0.0,10.0,0.7,Cerrado,33,29,2907103,8,Savana; Caatinga aberta,219_070,11.6,POINT(-44.0457 -14.03548)
1814854828,0b79883b-f165-3510-acff-605d37e1766c,-41.80983,-15.17869,2026-04-20 18:13:00+00:00,2026-04-20,AQUA_M-T,SÃO JOÃO DO PARAÍSO,MINAS GERAIS,Brasil,0.0,10.0,0.58,Mata Atlântica,33,31,3162708,8,Savana arbórea; Caatinga fechada,217_071,19.5,POINT(-41.80983 -15.17869)
1814857294,9242cc63-f417-301d-99a4-c389959e49c1,-39.3527,-15.79056,2026-04-20 18:13:00+00:00,2026-04-20,AQUA_M-T,MASCOTE,BAHIA,Brasil,0.0,9.0,1.0,Mata Atlântica,33,29,2920908,8,Pastagens e gramíneas,215_071,10.0,POINT(-39.3527 -15.79056)
1814854878,746fc837-7a65-3ce8-a948-d2391d41bb43,-39.3986,-17.06391,2026-04-20 18:13:00+00:00,2026-04-20,AQUA_M-T,PRADO,BAHIA,Brasil,3.8,-999.0,0.45,Mata Atlântica,33,29,2925501,8,Pastagens e gramíneas,215_072,5.2,POINT(-39.3986 -17.06391)
1814857424,72cccd47-d0d7-3739-b116-eeef011816b5,-38.04182,-10.87832,2026-04-20 18:15:00+00:00,2026-04-20,AQUA_M-T,TOBIAS BARRETO,SERGIPE,Brasil,0.13,5.0,0.78,Caatinga,33,28,2807402,8,Agricultura e diversos,215_068,13.8,POINT(-38.04182 -10.87832)
1814857396,33f0424b-ed36-31aa-9d09-5aa66404abfd,-47.1135,-11.6069,2026-04-20 18:15:00+00:00,2026-04-20,AQUA_M-T,PORTO ALEGRE DO TOCANTINS,TOCANTINS,Brasil,0.0,0.0,0.01,Cerrado,33,17,1718006,8,Savana arbórea; Caatinga fechada,221_068,20.9,POINT(-47.1135 -11.6069)
1814855337,9dc3e165-7501-31c8-a1ec-78f280b3dfbf,-44.61684,-12.28232,2026-04-20 18:15:00+00:00,2026-04-20,AQUA_M-T,CATOLÂNDIA,BAHIA,Brasil,0.0,2.0,0.1,Cerrado,33,29,2907400,8,Savana arbórea; Caatinga fechada,219_069,111.2,POINT(-44.61684 -12.28232)
1814854632,2d173eb9-ce66-3832-82c1-fbbdfd2bc95c,-44.62772,-12.28382,2026-04-20 18:15:00+00:00,2026-04-20,AQUA_M-T,CATOLÂNDIA,BAHIA,Brasil,0.0,2.0,0.1,Cerrado,33,29,2907400,8,Savana arbórea; Caatinga fechada,219_069,116.8,POINT(-44.62772 -12.28382)
1814856238,8b2b8e23-86a3-3e82-b722-90ba5fa870a6,-44.745,-11.7279,2026-04-20 18:15:00+00:00,2026-04-20,AQUA_M-T,RIACHÃO DAS NEVES,BAHIA,Brasil,0.87,4.0,0.16,Cerrado,33,29,2926202,8,Savana; Caatinga aberta,220_068,54.0,POINT(-44.745 -11.7279)
1814856890,0e7b87c5-d644-31a8-8858-36f239aa740e,-43.83942,-11.9065,2026-04-20 18:15:00+00:00,2026-04-20,AQUA_M-T,WANDERLEY,BAHIA,Brasil,0.1,2.0,0.86,Cerrado,33,29,2933455,8,Pastagens e gramíneas,219_068,8.0,POINT(-43.83942 -11.9065)
1814857843,97c32028-1afa-3f77-b080-d433362f6ce0,-41.2711,-11.93023,2026-04-20 18:15:00+00:00,2026-04-20,AQUA_M-T,BONITO,BAHIA,Brasil,0.0,0.0,0.12,Caatinga,33,29,2904050,8,Floresta Ombrófila densa,217_068,5.5,POINT(-41.2711 -11.93023)
1814857764,5aeced9c-84e4-3869-997e-141928377ddc,-41.20733,-11.78383,2026-04-20 18:15:00+00:00,2026-04-20,AQUA_M-T,MORRO DO CHAPÉU,BAHIA,Brasil,0.0,0.0,0.25,Caatinga,33,29,2921708,8,Savana arbórea; Caatinga fechada,217_068,9.9,POINT(-41.20733 -11.78383)
1814857676,c812a98e-ebf3-30ae-99d9-f6ade6bea92d,-44.73411,-11.7264,2026-04-20 18:15:00+00:00,2026-04-20,AQUA_M-T,RIACHÃO DAS NEVES,BAHIA,Brasil,0.81,3.0,0.13,Cerrado,33,29,2926202,8,Savana; Caatinga aberta,220_068,27.8,POINT(-44.73411 -11.7264)
1814855668,4a76a054-1c70-3a10-95d2-cf1cedd0603a,-47.11187,-11.61833,2026-04-20 18:15:00+00:00,2026-04-20,AQUA_M-T,PORTO ALEGRE DO TOCANTINS,TOCANTINS,Brasil,0.0,0.0,0.01,Cerrado,33,17,1718006,8,Savana arbórea; Caatinga fechada,221_068,25.1,POINT(-47.11187 -11.61833)
1814857594,44518b83-321c-3604-b2d8-5ec3d1017daa,-37.24506,-9.72764,2026-04-20 18:15:00+00:00,2026-04-20,AQUA_M-T,JACARÉ DOS HOMENS,ALAGOAS,Brasil,1.37,2.0,0.91,Caatinga,33,27,2703403,8,Pastagens e gramíneas,215_067,23.0,POINT(-37.24506 -9.72764)
1814855161,9fcedc7b-46c7-3cb4-8d16-b20a24037991,-43.84927,-11.90789,2026-04-20 18:15:00+00:00,2026-04-20,AQUA_M-T,WANDERLEY,BAHIA,Brasil,0.1,2.0,0.78,Cerrado,33,29,2933455,8,Pastagens e gramíneas,219_068,41.0,POINT(-43.84927 -11.90789)
1814854613,1002bc04-4d5f-3cbd-9253-8e18660daf4e,-44.19104,-12.24247,2026-04-20 18:15:00+00:00,2026-04-20,AQUA_M-T,CRISTÓPOLIS,BAHIA,Brasil,0.39,0.0,0.15,Cerrado,33,29,2909703,8,Savana arbórea; Caatinga fechada,219_068,50.0,POINT(-44.19104 -12.24247)
1814855536,df6020ae-5a81-3539-8824-498a513aa023,-44.20132,-12.24392,2026-04-20 18:15:00+00:00,2026-04-20,AQUA_M-T,CRISTÓPOLIS,BAHIA,Brasil,0.31,0.0,0.15,Cerrado,33,29,2909703,8,Savana arbórea; Caatinga fechada,219_068,41.6,POINT(-44.20132 -12.24392)
1814857455,97334517-a246-3ffe-9e8d-1b6a92f2d88b,-39.16188,-10.80209,2026-04-20 18:15:00+00:00,2026-04-20,AQUA_M-T,QUIJINGUE,BAHIA,Brasil,1.59,4.0,1.0,Caatinga,33,29,2925907,8,Pastagens e gramíneas,216_067,14.2,POINT(-39.16188 -10.80209)
1814861895,43160da7-f3da-3279-9260-3015339a3b5b,-55.25443,-18.73053,2026-04-20 18:17:00+00:00,2026-04-20,NOAA-20,RIO VERDE DE MATO GROSSO,MATO GROSSO DO SUL,Brasil,0.1,3.0,0.33,Pantanal,33,50,5007406,8,Savana; Caatinga aberta,225_073,6.2,POINT(-55.25443 -18.73053)
1814856067,8d309df9-a9d8-3ac3-afae-8def7a8d48e3,-44.9495,-6.93606,2026-04-20 18:17:00+00:00,2026-04-20,AQUA_M-T,SÃO FÉLIX DE BALSAS,MARANHÃO,Brasil,6.74,7.0,0.02,Cerrado,33,21,2110807,8,Savana arbórea; Caatinga fechada,220_065,7.8,POINT(-44.9495 -6.93606)
1814855087,f673226b-1885-31c7-a3a5-4158e07d57c1,-44.3309,-8.53658,2026-04-20 18:17:00+00:00,2026-04-20,AQUA_M-T,PALMEIRA DO PIAUÍ,PIAUÍ,Brasil,1.2,8.0,0.07,Cerrado,33,22,2207405,8,Savana arbórea; Caatinga fechada,220_066,11.6,POINT(-44.3309 -8.53658)
1814856453,5a257597-2568-327e-be97-75ea0e8a3831,-43.91891,-6.53857,2026-04-20 18:17:00+00:00,2026-04-20,AQUA_M-T,PARAIBANO,MARANHÃO,Brasil,27.8,2.0,0.0,Cerrado,33,21,2107704,8,Agricultura e diversos,220_064,3.4,POINT(-43.91891 -6.53857)
1814854983,c2f3204d-625a-348a-8307-e2eefe47410d,-44.93983,-6.93469,2026-04-20 18:17:00+00:00,2026-04-20,AQUA_M-T,SÃO FÉLIX DE BALSAS,MARANHÃO,Brasil,6.92,7.0,0.02,Cerrado,33,21,2110807,8,Savana arbórea; Caatinga fechada,220_065,16.5,POINT(-44.93983 -6.93469)
1814860764,6ae96d45-0d79-33db-a246-661c9f932e04,-56.36216,-20.92152,2026-04-20 18:17:00+00:00,2026-04-20,NOAA-20,BONITO,MATO GROSSO DO SUL,Brasil,1.53,0.0,0.11,Cerrado,33,50,5002209,8,Florestas decíduas e sazonais,226_074,9.3,POINT(-56.36216 -20.92152)
1814854603,0e3ff9dd-c065-31a4-9555-3589784cfe2e,-44.9475,-6.92747,2026-04-20 18:17:00+00:00,2026-04-20,AQUA_M-T,SÃO FÉLIX DE BALSAS,MARANHÃO,Brasil,7.27,6.0,0.02,Cerrado,33,21,2110807,8,Savana arbórea; Caatinga fechada,220_065,24.6,POINT(-44.9475 -6.92747)
1814891252,683b6414-85e7-3d2f-809e-dfd94ff0603a,-41.835,-15.1293,2026-04-20 18:30:00+00:00,2026-04-20,GOES-19,SÃO JOÃO DO PARAÍSO,MINAS GERAIS,Brasil,0.0,11.0,0.35,Mata Atlântica,33,31,3162708,8,Floresta Ombrófila densa,217_070,133.8,POINT(-41.835 -15.1293)
1814891256,74a76551-8b36-3a9c-a74e-ee1e30e407f6,-41.835,-15.1293,2026-04-20 18:40:00+00:00,2026-04-20,GOES-19,SÃO JOÃO DO PARAÍSO,MINAS GERAIS,Brasil,0.0,11.0,0.35,Mata Atlântica,33,31,3162708,8,Floresta Ombrófila densa,217_070,93.8,POINT(-41.835 -15.1293)
1814891251,5c4ddac0-ce42-3433-8e28-b37501ca181f,-41.835,-15.1293,2026-04-20 18:50:00+00:00,2026-04-20,GOES-19,SÃO JOÃO DO PARAÍSO,MINAS GERAIS,Brasil,0.0,11.0,0.35,Mata Atlântica,33,31,3162708,8,Floresta Ombrófila densa,217_070,92.3,POINT(-41.835 -15.1293)
1814853911,05f82d55-f910-3e92-8634-3e4b066ee2b3,-44.62,-12.2723,2026-04-20 19:20:00+00:00,2026-04-20,GOES-19,CATOLÂNDIA,BAHIA,Brasil,0.0,2.0,0.04,Cerrado,33,29,2907400,8,Floresta Ombrófila densa,219_069,113.0,POINT(-44.62 -12.2723)
1814891254,b76c4a9e-35ee-3bf9-8700-1b34646b18dc,-44.617,-12.2915,2026-04-20 19:20:00+00:00,2026-04-20,GOES-19,CATOLÂNDIA,BAHIA,Brasil,0.0,2.0,0.19,Cerrado,33,29,2907400,8,Savana; Caatinga aberta,219_069,176.4,POINT(-44.617 -12.2915)
1814854088,7dd4cc49-dcb9-3e6e-856f-7d37be673b5a,-44.62,-12.2723,2026-04-20 19:30:00+00:00,2026-04-20,GOES-19,CATOLÂNDIA,BAHIA,Brasil,0.0,2.0,0.04,Cerrado,33,29,2907400,8,Floresta Ombrófila densa,219_069,111.1,POINT(-44.62 -12.2723)
1814891255,490e9b54-0cf7-38f4-8169-49b74f3e894c,-44.617,-12.2915,2026-04-20 19:30:00+00:00,2026-04-20,GOES-19,CATOLÂNDIA,BAHIA,Brasil,0.0,2.0,0.19,Cerrado,33,29,2907400,8,Savana; Caatinga aberta,219_069,155.8,POINT(-44.617 -12.2915)
1814891253,50a4627f-f9a9-329e-bbc1-16609b5c457a,-44.617,-12.2915,2026-04-20 19:40:00+00:00,2026-04-20,GOES-19,CATOLÂNDIA,BAHIA,Brasil,0.0,2.0,0.19,Cerrado,33,29,2907400,8,Savana; Caatinga aberta,219_069,134.4,POINT(-44.617 -12.2915)
1814854347,dbd33eaf-b0c2-32d8-8e5b-df49026385c2,-44.62,-12.2723,2026-04-20 19:40:00+00:00,2026-04-20,GOES-19,CATOLÂNDIA,BAHIA,Brasil,0.0,2.0,0.04,Cerrado,33,29,2907400,8,Floresta Ombrófila densa,219_069,123.7,POINT(-44.62 -12.2723)
1814854605,2ee3f24e-104d-3020-9062-113f5a99133a,-44.617,-12.2915,2026-04-20 19:50:00+00:00,2026-04-20,GOES-19,CATOLÂNDIA,BAHIA,Brasil,0.0,2.0,0.19,Cerrado,33,29,2907400,8,Savana; Caatinga aberta,219_069,131.1,POINT(-44.617 -12.2915)
1814856987,bf17b91b-ceaa-3786-8e3b-afde5a657460,-44.62,-12.2723,2026-04-20 19:50:00+00:00,2026-04-20,GOES-19,CATOLÂNDIA,BAHIA,Brasil,0.0,2.0,0.04,Cerrado,33,29,2907400,8,Floresta Ombrófila densa,219_069,104.0,POINT(-44.62 -12.2723)
1814858947,ac0f017f-e29c-3d52-8a73-4c43618513d0,-44.62,-12.2723,2026-04-20 20:00:00+00:00,2026-04-20,GOES-19,CATOLÂNDIA,BAHIA,Brasil,0.0,2.0,0.04,Cerrado,33,29,2907400,8,Floresta Ombrófila densa,219_069,102.5,POINT(-44.62 -12.2723)
1814859406,307795e5-c5d3-3f6d-a969-1447cb2f07d5,-44.617,-12.2915,2026-04-20 20:00:00+00:00,2026-04-20,GOES-19,CATOLÂNDIA,BAHIA,Brasil,0.0,2.0,0.19,Cerrado,33,29,2907400,8,Savana; Caatinga aberta,219_069,112.8,POINT(-44.617 -12.2915)
1814867350,87f32afc-4cae-3c05-a53e-4ff0a09e684e,-46.4946,-17.183,2026-04-20 21:40:00+00:00,2026-04-20,GOES-19,PARACATU,MINAS GERAIS,Brasil,0.0,10.0,0.94,Cerrado,33,31,3147006,8,Pastagens e gramíneas,220_072,69.2,POINT(-46.4946 -17.183)
1814886903,324a33b2-9577-3d73-bb1b-7318f3a57d6b,-47.9797,-21.955,2026-04-20 23:40:00+00:00,2026-04-20,GOES-19,IBATÉ,SÃO PAULO,Brasil,0.0,2.0,0.89,Cerrado,33,35,3519303,8,Pastagens e gramíneas,220_075,65.0,POINT(-47.9797 -21.955)
1814888734,0b01f065-e49a-3817-bdc6-3a8f97317e57,-52.8234,-23.5226,2026-04-20 23:50:00+00:00,2026-04-20,GOES-19,RONDON,PARANÁ,Brasil,0.0,3.0,0.62,Mata Atlântica,33,41,4122602,8,Savana arbórea; Caatinga fechada,223_076,74.2,POINT(-52.8234 -23.5226)
1814888142,35dc6203-6a5d-305a-badc-1476e4fee71d,-52.8008,-23.5232,2026-04-20 23:50:00+00:00,2026-04-20,GOES-19,RONDON,PARANÁ,Brasil,0.0,3.0,1.0,Mata Atlântica,33,41,4122602,8,Pastagens e gramíneas,223_076,113.9,POINT(-52.8008 -23.5232)
1814889328,bbd50f06-967b-36cb-a7ec-c0733ea27955,-48.554298,-21.039801,2026-04-21 00:32:00+00:00,2026-04-21,METOP-B,BEBEDOURO,SÃO PAULO,Brasil,,,,Mata Atlântica,33,35,3506102,8,,221_075,,POINT(-48.554298 -21.039801)
1814889338,4d6e98d3-e64e-3cc7-9822-38ca3375afb1,-47.9674,-21.945299,2026-04-21 00:32:00+00:00,2026-04-21,METOP-B,IBATÉ,SÃO PAULO,Brasil,,,,Cerrado,33,35,3519303,8,,220_075,,POINT(-47.9674 -21.945299)
1814889337,ba247287-4992-32e4-8436-e207482fcaaa,-47.958099,-21.9431,2026-04-21 00:32:00+00:00,2026-04-21,METOP-B,IBATÉ,SÃO PAULO,Brasil,,,,Cerrado,33,35,3519303,8,,220_075,,POINT(-47.958099 -21.9431)
1814889330,b23fcdd6-fbe5-3515-8e47-4e1dc987dcd4,-48.545399,-21.037701,2026-04-21 00:32:00+00:00,2026-04-21,METOP-B,BEBEDOURO,SÃO PAULO,Brasil,,,,Mata Atlântica,33,35,3506102,8,,221_075,,POINT(-48.545399 -21.037701)
1814889317,6484cfa9-6a2c-3e73-a357-95392cc5d74f,-47.976601,-21.9475,2026-04-21 00:32:00+00:00,2026-04-21,METOP-B,IBATÉ,SÃO PAULO,Brasil,,,,Cerrado,33,35,3519303,8,,220_075,,POINT(-47.976601 -21.9475)
1814889313,86fc08a5-f1b6-370b-ad14-7e597dbf4ce3,-56.0681,-19.1008,2026-04-21 00:32:00+00:00,2026-04-21,METOP-B,CORUMBÁ,MATO GROSSO DO SUL,Brasil,,,,Pantanal,33,50,5003207,8,,226_073,,POINT(-56.0681 -19.1008)
1814889312,b66fc56f-2648-3bc7-8b49-76b8b12976c5,-56.059101,-19.099001,2026-04-21 00:32:00+00:00,2026-04-21,METOP-B,CORUMBÁ,MATO GROSSO DO SUL,Brasil,,,,Pantanal,33,50,5003207,8,,226_073,,POINT(-56.059101 -19.099001)
1814889297,4d08b89d-89c4-3b98-8d85-c9fd2b539113,-50.2145,-27.952299,2026-04-21 00:32:00+00:00,2026-04-21,METOP-B,LAGES,SANTA CATARINA,Brasil,,,,Mata Atlântica,33,42,4209300,8,,221_079,,POINT(-50.2145 -27.952299)
1814889292,032d27f3-c72c-3dc5-8651-57e2dd363b41,-50.409599,-25.6472,2026-04-21 00:32:00+00:00,2026-04-21,METOP-B,SÃO JOÃO DO TRIUNFO,PARANÁ,Brasil,,,,Mata Atlântica,33,41,4125100,8,,221_078,,POINT(-50.409599 -25.6472)
1814889438,5e0ebf0b-003a-3c83-b8af-c99a48df19b5,-49.42746,-25.11052,2026-04-21 00:33:00+00:00,2026-04-21,TERRA_M-M,RIO BRANCO DO SUL,PARANÁ,Brasil,,,,Mata Atlântica,33,41,4122206,8,,221_077,5.9,POINT(-49.42746 -25.11052)
1814889434,75a97c93-a73e-3857-911f-e601af581254,-50.41782,-25.64032,2026-04-21 00:33:00+00:00,2026-04-21,TERRA_M-M,SÃO JOÃO DO TRIUNFO,PARANÁ,Brasil,,,,Mata Atlântica,33,41,4125100,8,,221_078,11.2,POINT(-50.41782 -25.64032)
1814889392,d589e854-75ce-35f8-9e16-266cc3aa4557,-49.42744,-25.11052,2026-04-21 00:33:00+00:00,2026-04-21,TERRA_M-M,RIO BRANCO DO SUL,PARANÁ,Brasil,,,,Mata Atlântica,33,41,4122206,8,,221_077,5.9,POINT(-49.42744 -25.11052)
1814889386,06e74a13-e8b7-390b-a84d-ba3247cfe12d,-50.22294,-27.95115,2026-04-21 00:33:00+00:00,2026-04-21,TERRA_M-M,LAGES,SANTA CATARINA,Brasil,,,,Mata Atlântica,33,42,4209300,8,,221_079,15.5,POINT(-50.22294 -27.95115)
1814889431,0bb5cf92-9165-33de-b8b8-4f64a8113b64,-50.22293,-27.95115,2026-04-21 00:33:00+00:00,2026-04-21,TERRA_M-M,LAGES,SANTA CATARINA,Brasil,,,,Mata Atlântica,33,42,4209300,8,,221_079,15.5,POINT(-50.22293 -27.95115)
1814889397,933017a2-fd3f-3545-88bf-8394b24974fb,-50.41783,-25.64032,2026-04-21 00:33:00+00:00,2026-04-21,TERRA_M-M,SÃO JOÃO DO TRIUNFO,PARANÁ,Brasil,,,,Mata Atlântica,33,41,4125100,8,,221_078,11.2,POINT(-50.41783 -25.64032)
1814889387,27ea4b51-62ee-3e6c-a02a-eec94d49e1d8,-47.97468,-21.94643,2026-04-21 00:35:00+00:00,2026-04-21,TERRA_M-M,IBATÉ,SÃO PAULO,Brasil,,,,Cerrado,33,35,3519303,8,,220_075,50.9,POINT(-47.97468 -21.94643)
1814889424,1f8ea288-444c-3649-b9ad-8099a1f3807f,-47.98269,-21.9376,2026-04-21 00:35:00+00:00,2026-04-21,TERRA_M-M,IBATÉ,SÃO PAULO,Brasil,,,,Cerrado,33,35,3519303,8,,220_075,19.1,POINT(-47.98269 -21.9376)
1814889385,bc6c96ce-d6f7-3443-b96a-c0c450fbbf96,-48.55695,-21.04345,2026-04-21 00:35:00+00:00,2026-04-21,TERRA_M-M,BEBEDOURO,SÃO PAULO,Brasil,,,,Mata Atlântica,33,35,3506102,8,,221_075,30.3,POINT(-48.55695 -21.04345)
1814889408,6969e030-cad5-3aba-aa3f-05fc8c4c2ee5,-48.55696,-21.04345,2026-04-21 00:35:00+00:00,2026-04-21,TERRA_M-M,BEBEDOURO,SÃO PAULO,Brasil,,,,Mata Atlântica,33,35,3506102,8,,221_075,30.3,POINT(-48.55696 -21.04345)
1814889405,6c4b2984-215c-3c4b-834e-5ada05362d9b,-47.98267,-21.9376,2026-04-21 00:35:00+00:00,2026-04-21,TERRA_M-M,IBATÉ,SÃO PAULO,Brasil,,,,Cerrado,33,35,3519303,8,,220_075,19.1,POINT(-47.98267 -21.9376)
1814889409,4170c165-6190-3a51-9d06-e80e648b077c,-47.97469,-21.94642,2026-04-21 00:35:00+00:00,2026-04-21,TERRA_M-M,IBATÉ,SÃO PAULO,Brasil,,,,Cerrado,33,35,3519303,8,,220_075,50.9,POINT(-47.97469 -21.94642)
1814889445,c024c4e0-f3a2-33bc-9b41-0373e08eb78f,-47.98714,-21.94846,2026-04-21 00:35:00+00:00,2026-04-21,TERRA_M-M,IBATÉ,SÃO PAULO,Brasil,,,,Cerrado,33,35,3519303,8,,220_075,41.0,POINT(-47.98714 -21.94846)
1814889402,713d2a38-b284-341e-9b89-69e47de3d6f8,-56.07103,-19.095,2026-04-21 00:35:00+00:00,2026-04-21,TERRA_M-M,CORUMBÁ,MATO GROSSO DO SUL,Brasil,,,,Pantanal,33,50,5003207,8,,226_073,12.7,POINT(-56.07103 -19.095)
1814889396,ec6d1c8f-0663-3752-8f93-d75d7b2ecb6a,-56.07104,-19.095,2026-04-21 00:35:00+00:00,2026-04-21,TERRA_M-M,CORUMBÁ,MATO GROSSO DO SUL,Brasil,,,,Pantanal,33,50,5003207,8,,226_073,12.7,POINT(-56.07104 -19.095)
1814889400,edf8dbc6-15af-3770-ad04-a8afbd56cc7e,-47.98715,-21.94845,2026-04-21 00:35:00+00:00,2026-04-21,TERRA_M-M,IBATÉ,SÃO PAULO,Brasil,,,,Cerrado,33,35,3519303,8,,220_075,41.0,POINT(-47.98715 -21.94845)
1814891009,cc26bfbf-cfd6-37fa-97eb-d8fafc83053a,-60.29575,2.91122,2026-04-21 00:39:00+00:00,2026-04-21,TERRA_M-M,BONFIM,RORAIMA,Brasil,,,,Amazônia,33,14,1400159,8,,232_058,9.3,POINT(-60.29575 2.91122)
1814890569,4ab5bf34-dd1a-3bb2-aa0e-ebdc654b4bac,-60.29574,2.91122,2026-04-21 00:39:00+00:00,2026-04-21,TERRA_M-M,BONFIM,RORAIMA,Brasil,,,,Amazônia,33,14,1400159,8,,232_058,9.3,POINT(-60.29574 2.91122)
1814887906,ce6c7526-29c1-304b-a00c-f86d0181205e,-47.9797,-21.955,2026-04-21 00:40:00+00:00,2026-04-21,GOES-19,IBATÉ,SÃO PAULO,Brasil,,,,Cerrado,33,35,3519303,8,,220_075,122.8,POINT(-47.9797 -21.955)
1814887907,a1d71870-8a3a-3552-96af-f57c0a64b2cc,-47.9561,-21.9557,2026-04-21 00:40:00+00:00,2026-04-21,GOES-19,IBATÉ,SÃO PAULO,Brasil,,,,Cerrado,33,35,3519303,8,,220_075,54.2,POINT(-47.9561 -21.9557)
1814887910,4e438ff6-e088-35d7-b5ad-58bb210aabcb,-47.9849,-21.9341,2026-04-21 00:40:00+00:00,2026-04-21,GOES-19,IBATÉ,SÃO PAULO,Brasil,,,,Cerrado,33,35,3519303,8,,220_075,91.9,POINT(-47.9849 -21.9341)
1814887944,bb773f33-ab9f-3659-a784-67bc35ded67e,-47.9797,-21.955,2026-04-21 00:50:00+00:00,2026-04-21,GOES-19,IBATÉ,SÃO PAULO,Brasil,,,,Cerrado,33,35,3519303,8,,220_075,57.0,POINT(-47.9797 -21.955)
1814887995,d065dc57-3018-3932-abfd-7f224911d8f8,-47.9797,-21.955,2026-04-21 01:00:00+00:00,2026-04-21,GOES-19,IBATÉ,SÃO PAULO,Brasil,,,,Cerrado,33,35,3519303,8,,220_075,41.7,POINT(-47.9797 -21.955)
1814890004,1fb1f100-60f3-3779-b3f6-8c1fc220ce5c,-47.975399,-21.948601,2026-04-21 01:04:00+00:00,2026-04-21,METOP-C,IBATÉ,SÃO PAULO,Brasil,,,,Cerrado,33,35,3519303,8,,220_075,,POINT(-47.975399 -21.948601)
1814889587,920be72a-2f0f-3196-86e9-ad769417a840,-48.714001,-21.380199,2026-04-21 01:04:00+00:00,2026-04-21,METOP-C,FERNANDO PRESTES,SÃO PAULO,Brasil,,,,Cerrado,33,35,3515608,8,,221_075,,POINT(-48.714001 -21.380199)
1814889620,42ca4c0e-a07e-3eec-b44e-bc9e932ddbe4,-56.072601,-19.0947,2026-04-21 01:04:00+00:00,2026-04-21,METOP-C,CORUMBÁ,MATO GROSSO DO SUL,Brasil,,,,Pantanal,33,50,5003207,8,,226_073,,POINT(-56.072601 -19.0947)
1814889904,ff34d8a5-ef11-347f-9dc4-fdb49fa0a64e,-48.553299,-21.040899,2026-04-21 01:04:00+00:00,2026-04-21,METOP-C,BEBEDOURO,SÃO PAULO,Brasil,,,,Mata Atlântica,33,35,3506102,8,,221_075,,POINT(-48.553299 -21.040899)
1814889942,ae82bef9-eff1-38de-a058-fd0745e64457,-48.7253,-21.372499,2026-04-21 01:04:00+00:00,2026-04-21,METOP-C,FERNANDO PRESTES,SÃO PAULO,Brasil,,,,Cerrado,33,35,3515608,8,,221_075,,POINT(-48.7253 -21.372499)
1814890118,a9fe8381-1af4-31d2-b607-5243308fca6a,-48.716599,-21.370501,2026-04-21 01:04:00+00:00,2026-04-21,METOP-C,FERNANDO PRESTES,SÃO PAULO,Brasil,,,,Cerrado,33,35,3515608,8,,221_075,,POINT(-48.716599 -21.370501)
1814890207,04bc6c3e-c835-3a99-b079-ff41b79974a6,-48.722698,-21.382299,2026-04-21 01:04:00+00:00,2026-04-21,METOP-C,FERNANDO PRESTES,SÃO PAULO,Brasil,,,,Cerrado,33,35,3515608,8,,221_075,,POINT(-48.722698 -21.382299)
1814893767,20f8983d-486e-35fb-b3ec-4c816034300b,-44.61895,-12.27854,2026-04-21 03:25:00+00:00,2026-04-21,NPP-375D,CATOLÂNDIA,BAHIA,Brasil,,,,Cerrado,33,29,2907400,8,,219_069,2.3,POINT(-44.61895 -12.27854)
1814893794,55c514b0-6965-3671-ba9b-e7f244568e25,-37.47473,-9.80635,2026-04-21 03:25:00+00:00,2026-04-21,NPP-375D,PORTO DA FOLHA,SERGIPE,Brasil,,,,Caatinga,33,28,2805604,8,,215_067,2.4,POINT(-37.47473 -9.80635)
1814894148,4c40cb55-fe55-3e39-be75-b4456b484318,-38.44331,-9.94191,2026-04-21 03:25:00+00:00,2026-04-21,NPP-375D,JEREMOABO,BAHIA,Brasil,,,,Caatinga,33,29,2918100,8,,216_067,0.9,POINT(-38.44331 -9.94191)
1814893679,b0fd0181-cd40-3fd9-982e-bbd64b681bc0,-37.4738,-9.80153,2026-04-21 03:25:00+00:00,2026-04-21,NPP-375D,PORTO DA FOLHA,SERGIPE,Brasil,,,,Caatinga,33,28,2805604,8,,215_067,3.9,POINT(-37.4738 -9.80153)
1814894092,44b02137-2fb9-307a-987e-26729b92b1a9,-44.20034,-12.23743,2026-04-21 03:25:00+00:00,2026-04-21,NPP-375D,CRISTÓPOLIS,BAHIA,Brasil,,,,Cerrado,33,29,2909703,8,,219_068,2.1,POINT(-44.20034 -12.23743)
1814893697,c84c0ec2-31fd-3877-861c-e5d319a586a6,-38.44027,-9.94249,2026-04-21 03:25:00+00:00,2026-04-21,NPP-375D,JEREMOABO,BAHIA,Brasil,,,,Caatinga,33,29,2918100,8,,216_067,0.5,POINT(-38.44027 -9.94249)
1814894506,8c291c05-acc4-34a3-8ea4-4e5a1e96a943,-37.47913,-9.80058,2026-04-21 03:25:00+00:00,2026-04-21,NPP-375D,PORTO DA FOLHA,SERGIPE,Brasil,,,,Caatinga,33,28,2805604,8,,215_067,3.9,POINT(-37.47913 -9.80058)
1814893804,686789ae-9867-362c-9a91-ab9a9b3fb5aa,-37.47559,-9.80417,2026-04-21 03:25:00+00:00,2026-04-21,NPP-375D,PORTO DA FOLHA,SERGIPE,Brasil,,,,Caatinga,33,28,2805604,8,,215_067,4.0,POINT(-37.47559 -9.80417)
1814894309,7eedbe06-02ae-3430-b9ad-3336480b2e51,-44.20125,-12.24188,2026-04-21 03:25:00+00:00,2026-04-21,NPP-375D,CRISTÓPOLIS,BAHIA,Brasil,,,,Cerrado,33,29,2909703,8,,219_068,2.1,POINT(-44.20125 -12.24188)
1814894395,a42619e9-4c16-3afc-a1af-82f18e316365,-44.19357,-12.23886,2026-04-21 03:25:00+00:00,2026-04-21,NPP-375D,CRISTÓPOLIS,BAHIA,Brasil,,,,Cerrado,33,29,2909703,8,,219_068,2.1,POINT(-44.19357 -12.23886)
1814894278,2d789e93-38d7-35e6-aed9-4462a711ae3a,-44.19463,-12.24331,2026-04-21 03:25:00+00:00,2026-04-21,NPP-375D,CRISTÓPOLIS,BAHIA,Brasil,,,,Cerrado,33,29,2909703,8,,219_068,2.1,POINT(-44.19463 -12.24331)
1814894153,6594e117-b6d9-319d-aaa0-c3bf552cd796,-37.47469,-9.79934,2026-04-21 03:25:00+00:00,2026-04-21,NPP-375D,PORTO DA FOLHA,SERGIPE,Brasil,,,,Caatinga,33,28,2805604,8,,215_067,3.4,POINT(-37.47469 -9.79934)
1814893516,e6be4129-9b3c-3ec4-881b-924fbe044f01,-39.10425,-15.95718,2026-04-21 03:28:00+00:00,2026-04-21,NPP-375D,BELMONTE,BAHIA,Brasil,,,,Mata Atlântica,33,29,2903409,8,,215_071,2.3,POINT(-39.10425 -15.95718)
1814893522,ef8ea296-3730-3d0d-a1ad-5b6ad8783e9c,-43.07619,-22.49731,2026-04-21 03:30:00+00:00,2026-04-21,NPP-375D,PETRÓPOLIS,RIO DE JANEIRO,Brasil,,,,Mata Atlântica,33,33,3303906,8,,217_076,0.8,POINT(-43.07619 -22.49731)
1814894354,adb2ab0f-7714-3e8a-81fe-56eed0adbe87,-43.07258,-22.49812,2026-04-21 03:30:00+00:00,2026-04-21,NPP-375D,PETRÓPOLIS,RIO DE JANEIRO,Brasil,,,,Mata Atlântica,33,33,3303906,8,,217_076,0.5,POINT(-43.07258 -22.49812)
1814893728,9d80118d-6f73-3b2e-8b1f-d0d2972b1816,-48.03651,-21.95366,2026-04-21 03:30:00+00:00,2026-04-21,NPP-375D,IBATÉ,SÃO PAULO,Brasil,,,,Cerrado,33,35,3519303,8,,220_075,2.6,POINT(-48.03651 -21.95366)
1814893977,fa095032-fb65-32e5-8ed8-3558d3df6cc9,-35.7222,-8.23857,2026-04-21 03:45:00+00:00,2026-04-21,NOAA-20,BEZERROS,PERNAMBUCO,Brasil,,,,Mata Atlântica,33,26,2601904,8,,214_066,0.5,POINT(-35.7222 -8.23857)
1814893569,2b1de771-2bdc-3a65-ab49-7569b107fa96,-37.47729,-9.80452,2026-04-21 03:47:00+00:00,2026-04-21,NOAA-20,PORTO DA FOLHA,SERGIPE,Brasil,,,,Caatinga,33,28,2805604,8,,215_067,1.4,POINT(-37.47729 -9.80452)
1814893705,34806ecb-8654-3e54-8c4e-ec69062bde32,-41.83744,-15.12977,2026-04-21 03:47:00+00:00,2026-04-21,NOAA-20,SÃO JOÃO DO PARAÍSO,MINAS GERAIS,Brasil,,,,Mata Atlântica,33,31,3162708,8,,217_070,1.9,POINT(-41.83744 -15.12977)
1814893563,9d9ba800-5384-357d-a57f-3948a6af0551,-41.77323,-22.33535,2026-04-21 03:47:00+00:00,2026-04-21,NOAA-20,MACAÉ,RIO DE JANEIRO,Brasil,,,,Mata Atlântica,33,33,3302403,8,,216_075,0.8,POINT(-41.77323 -22.33535)
1814893725,6c81510c-1a46-3543-a205-d1b6fccd7400,-44.73878,-11.72269,2026-04-21 03:47:00+00:00,2026-04-21,NOAA-20,RIACHÃO DAS NEVES,BAHIA,Brasil,,,,Cerrado,33,29,2926202,8,,220_068,1.3,POINT(-44.73878 -11.72269)
1814893583,2b159450-2e57-3e59-b5ca-aed5baa6df54,-43.37683,-11.95333,2026-04-21 03:47:00+00:00,2026-04-21,NOAA-20,MUQUÉM DO SÃO FRANCISCO,BAHIA,Brasil,,,,Cerrado,33,29,2922250,8,,219_068,1.3,POINT(-43.37683 -11.95333)
1814893620,dff910fa-3592-3ce3-a62e-38e7265f6971,-45.34046,-13.95336,2026-04-21 03:47:00+00:00,2026-04-21,NOAA-20,JABORANDI,BAHIA,Brasil,,,,Cerrado,33,29,2917359,8,,220_070,5.3,POINT(-45.34046 -13.95336)
1814893731,72bb2c0c-c933-351f-bd4a-7ac11bee9696,-44.61615,-12.27823,2026-04-21 03:47:00+00:00,2026-04-21,NOAA-20,CATOLÂNDIA,BAHIA,Brasil,,,,Cerrado,33,29,2907400,8,,219_069,0.7,POINT(-44.61615 -12.27823)
1814893741,639ba89c-1d1e-300f-9d88-2f4e35675070,-46.17074,-20.32096,2026-04-21 03:47:00+00:00,2026-04-21,NOAA-20,SÃO ROQUE DE MINAS,MINAS GERAIS,Brasil,,,,Cerrado,33,31,3164308,8,,219_074,1.2,POINT(-46.17074 -20.32096)
1814893774,8b87995b-c959-37c8-8e9e-37826535f94d,-47.77557,-11.99503,2026-04-21 03:47:00+00:00,2026-04-21,NOAA-20,NATIVIDADE,TOCANTINS,Brasil,,,,Cerrado,33,17,1714203,8,,221_068,2.1,POINT(-47.77557 -11.99503)
1814893798,3f4bdedc-c949-3200-8acc-c7d6225e18ab,-45.34532,-13.95235,2026-04-21 03:47:00+00:00,2026-04-21,NOAA-20,JABORANDI,BAHIA,Brasil,,,,Cerrado,33,29,2917359,8,,220_070,2.9,POINT(-45.34532 -13.95235)
1814893818,8591b951-170f-3f9a-806a-613ec67efad1,-48.27872,-18.85103,2026-04-21 03:47:00+00:00,2026-04-21,NOAA-20,UBERLÂNDIA,MINAS GERAIS,Brasil,,,,Cerrado,33,31,3170206,8,,221_073,1.1,POINT(-48.27872 -18.85103)
1814893857,66bf99a8-e1f1-3815-b217-77efd5a2991d,-38.44257,-9.94098,2026-04-21 03:47:00+00:00,2026-04-21,NOAA-20,JEREMOABO,BAHIA,Brasil,,,,Caatinga,33,29,2918100,8,,216_067,2.9,POINT(-38.44257 -9.94098)
1814893930,bd78731b-a88d-30df-b201-06ab95df1709,-37.47673,-9.80114,2026-04-21 03:47:00+00:00,2026-04-21,NOAA-20,PORTO DA FOLHA,SERGIPE,Brasil,,,,Caatinga,33,28,2805604,8,,215_067,5.6,POINT(-37.47673 -9.80114)
1814893951,243af240-9787-329e-aaf9-c4ed34f2c0d0,-42.27575,-14.55012,2026-04-21 03:47:00+00:00,2026-04-21,NOAA-20,CACULÉ,BAHIA,Brasil,,,,Caatinga,33,29,2905008,8,,218_070,0.9,POINT(-42.27575 -14.55012)
1814894046,c06acc14-86d7-39c2-927e-3458e91e2937,-41.8424,-15.12889,2026-04-21 03:47:00+00:00,2026-04-21,NOAA-20,SÃO JOÃO DO PARAÍSO,MINAS GERAIS,Brasil,,,,Mata Atlântica,33,31,3162708,8,,217_070,1.6,POINT(-41.8424 -15.12889)
1814894149,8bb719e0-d280-3d74-95a7-4ab0eea602d0,-44.19289,-12.2398,2026-04-21 03:47:00+00:00,2026-04-21,NOAA-20,CRISTÓPOLIS,BAHIA,Brasil,,,,Cerrado,33,29,2909703,8,,219_068,3.1,POINT(-44.19289 -12.2398)
1814894163,f079c26d-807e-30af-b51d-80de146a311e,-37.47309,-9.80174,2026-04-21 03:47:00+00:00,2026-04-21,NOAA-20,PORTO DA FOLHA,SERGIPE,Brasil,,,,Caatinga,33,28,2805604,8,,215_067,5.6,POINT(-37.47309 -9.80174)
1814894179,3ec04d43-07e8-3bda-9f43-339b9a13d6b0,-38.43867,-9.94162,2026-04-21 03:47:00+00:00,2026-04-21,NOAA-20,JEREMOABO,BAHIA,Brasil,,,,Caatinga,33,29,2918100,8,,216_067,2.9,POINT(-38.43867 -9.94162)
1814894253,36e6a50a-a8df-3c97-b1c2-ad2f94d5b757,-44.62271,-12.28205,2026-04-21 03:47:00+00:00,2026-04-21,NOAA-20,CATOLÂNDIA,BAHIA,Brasil,,,,Cerrado,33,29,2907400,8,,219_069,2.0,POINT(-44.62271 -12.28205)
1814894287,0733aa50-5d32-3715-97d7-b035967b1997,-37.47365,-9.80512,2026-04-21 03:47:00+00:00,2026-04-21,NOAA-20,PORTO DA FOLHA,SERGIPE,Brasil,,,,Caatinga,33,28,2805604,8,,215_067,1.4,POINT(-37.47365 -9.80512)
1814894320,1966e370-6399-3f99-aeb2-d0ce2634874b,-43.38251,-11.95695,2026-04-21 03:47:00+00:00,2026-04-21,NOAA-20,MUQUÉM DO SÃO FRANCISCO,BAHIA,Brasil,,,,Cerrado,33,29,2922250,8,,219_068,1.3,POINT(-43.38251 -11.95695)
1814894347,bf358d6f-b277-301a-9729-701f965cbe91,-48.2749,-18.85185,2026-04-21 03:47:00+00:00,2026-04-21,NOAA-20,UBERLÂNDIA,MINAS GERAIS,Brasil,,,,Cerrado,33,31,3170206,8,,221_073,1.2,POINT(-48.2749 -18.85185)
1814894348,2ee46174-2eb0-3270-8a44-1437e248610e,-39.10143,-15.95622,2026-04-21 03:47:00+00:00,2026-04-21,NOAA-20,BELMONTE,BAHIA,Brasil,,,,Mata Atlântica,33,29,2903409,8,,215_071,1.7,POINT(-39.10143 -15.95622)
1814894377,5461468f-75cc-308d-8cfd-e7720f16918b,-37.47253,-9.79836,2026-04-21 03:47:00+00:00,2026-04-21,NOAA-20,PORTO DA FOLHA,SERGIPE,Brasil,,,,Caatinga,33,28,2805604,8,,215_067,5.6,POINT(-37.47253 -9.79836)
1814894425,8b5d1934-f243-33df-a862-1a251405ab8b,-45.33944,-13.95347,2026-04-21 03:47:00+00:00,2026-04-21,NOAA-20,JABORANDI,BAHIA,Brasil,,,,Cerrado,33,29,2917359,8,,220_070,2.9,POINT(-45.33944 -13.95347)
1814894454,0f3a83c4-2257-3842-ba5c-4e0365866a3a,-39.10203,-15.95961,2026-04-21 03:47:00+00:00,2026-04-21,NOAA-20,BELMONTE,BAHIA,Brasil,,,,Mata Atlântica,33,29,2903409,8,,215_071,1.7,POINT(-39.10203 -15.95961)
1814894467,64e72047-d4eb-3743-933e-a2769ad053ba,-44.19808,-12.23882,2026-04-21 03:47:00+00:00,2026-04-21,NOAA-20,CRISTÓPOLIS,BAHIA,Brasil,,,,Cerrado,33,29,2909703,8,,219_068,3.1,POINT(-44.19808 -12.23882)
1814894478,85c0963e-d2f4-3d99-a554-5759b3c1efe4,-48.55885,-21.03971,2026-04-21 03:47:00+00:00,2026-04-21,NOAA-20,BEBEDOURO,SÃO PAULO,Brasil,,,,Mata Atlântica,33,35,3506102,8,,221_075,0.7,POINT(-48.55885 -21.03971)
1814894487,3839a557-bfac-3981-adc1-23c55ebca305,-46.16756,-20.32383,2026-04-21 03:47:00+00:00,2026-04-21,NOAA-20,SÃO ROQUE DE MINAS,MINAS GERAIS,Brasil,,,,Cerrado,33,31,3164308,8,,219_074,1.0,POINT(-46.16756 -20.32383)
1814894531,16487006-bd8d-3369-bf3f-e0a2e9c4c1eb,-43.05255,-15.42165,2026-04-21 03:47:00+00:00,2026-04-21,NOAA-20,PAI PEDRO,MINAS GERAIS,Brasil,,,,Caatinga,33,31,3146552,8,,218_071,1.3,POINT(-43.05255 -15.42165)
1814893644,317865a1-98b0-3789-9304-a9d6c26d4238,-37.46946,-9.80234,2026-04-21 03:47:00+00:00,2026-04-21,NOAA-20,PORTO DA FOLHA,SERGIPE,Brasil,,,,Caatinga,33,28,2805604,8,,215_067,2.0,POINT(-37.46946 -9.80234)
1814893650,283702f1-a5d8-3163-baea-75f0f4a8354f,-48.55523,-21.0405,2026-04-21 03:47:00+00:00,2026-04-21,NOAA-20,BEBEDOURO,SÃO PAULO,Brasil,,,,Mata Atlântica,33,35,3506102,8,,221_075,0.6,POINT(-48.55523 -21.0405)
1814893653,67e91db8-5176-3552-a5c4-906dc3dd722e,-38.43927,-9.94511,2026-04-21 03:47:00+00:00,2026-04-21,NOAA-20,JEREMOABO,BAHIA,Brasil,,,,Caatinga,33,29,2918100,8,,216_067,2.9,POINT(-38.43927 -9.94511)
1814893820,edcc5cb7-3f3c-38f9-8a93-18fdab8b74a6,-48.03111,-21.95211,2026-04-21 03:49:00+00:00,2026-04-21,NOAA-20,IBATÉ,SÃO PAULO,Brasil,,,,Cerrado,33,35,3519303,8,,220_075,2.9,POINT(-48.03111 -21.95211)
1814894406,fdfebb74-7ed6-3a63-b367-cbb60f91e938,-48.03431,-21.95142,2026-04-21 03:49:00+00:00,2026-04-21,NOAA-20,IBATÉ,SÃO PAULO,Brasil,,,,Cerrado,33,35,3519303,8,,220_075,3.0,POINT(-48.03431 -21.95142)
1814894433,b5d739ad-ea9e-3ee2-b233-4113a6cfc645,-48.02791,-21.9528,2026-04-21 03:49:00+00:00,2026-04-21,NOAA-20,IBATÉ,SÃO PAULO,Brasil,,,,Cerrado,33,35,3519303,8,,220_075,2.9,POINT(-48.02791 -21.9528)
1814894466,9ea89e3e-9eb7-3dae-a802-f9de0aa3a414,-46.83577,-17.16819,2026-04-21 03:49:00+00:00,2026-04-21,NOAA-20,PARACATU,MINAS GERAIS,Brasil,,,,Cerrado,33,31,3147006,8,,220_072,0.7,POINT(-46.83577 -17.16819)
1814894481,8727ea96-ad2b-3e38-958d-368a0995984e,-50.41679,-25.6373,2026-04-21 03:49:00+00:00,2026-04-21,NOAA-20,SÃO JOÃO DO TRIUNFO,PARANÁ,Brasil,,,,Mata Atlântica,33,41,4125100,8,,221_078,1.7,POINT(-50.41679 -25.6373)
1814894493,22a5589f-4acc-3698-9477-129635cccbc7,-49.4271,-25.10642,2026-04-21 03:49:00+00:00,2026-04-21,NOAA-20,RIO BRANCO DO SUL,PARANÁ,Brasil,,,,Mata Atlântica,33,41,4122206,8,,221_077,1.2,POINT(-49.4271 -25.10642)
1814893984,56c56d3e-a569-39c4-929f-3bb688f3812b,-44.41048,-17.91178,2026-04-21 03:49:00+00:00,2026-04-21,NOAA-20,LASSANCE,MINAS GERAIS,Brasil,,,,Cerrado,33,31,3138104,8,,218_072,0.8,POINT(-44.41048 -17.91178)
1814894021,ff1a0c46-736e-35b8-a3b0-8697b605f527,-48.00089,-23.64659,2026-04-21 03:49:00+00:00,2026-04-21,NOAA-20,ITAPETININGA,SÃO PAULO,Brasil,,,,Cerrado,33,35,3522307,8,,220_076,1.8,POINT(-48.00089 -23.64659)
1814894059,865dec19-882e-37ed-ab26-3bdeab2c5e8b,-48.72121,-21.37048,2026-04-21 03:49:00+00:00,2026-04-21,NOAA-20,FERNANDO PRESTES,SÃO PAULO,Brasil,,,,Cerrado,33,35,3515608,8,,221_075,0.9,POINT(-48.72121 -21.37048)
1814893935,5b565d50-fbdd-382a-8f90-b88777adde59,-48.43333,-23.03506,2026-04-21 03:49:00+00:00,2026-04-21,NOAA-20,BOTUCATU,SÃO PAULO,Brasil,,,,Cerrado,33,35,3507506,8,,220_076,1.0,POINT(-48.43333 -23.03506)
1814894139,53c2376a-15ef-36a1-99e2-35dd4ddec9d0,-49.39262,-25.10888,2026-04-21 03:49:00+00:00,2026-04-21,NOAA-20,RIO BRANCO DO SUL,PARANÁ,Brasil,,,,Mata Atlântica,33,41,4122206,8,,221_077,1.0,POINT(-49.39262 -25.10888)
1814894142,62b4b582-3245-3558-a0f2-4ded7b0a6328,-48.72472,-21.36971,2026-04-21 03:49:00+00:00,2026-04-21,NOAA-20,FERNANDO PRESTES,SÃO PAULO,Brasil,,,,Cerrado,33,35,3515608,8,,221_075,1.7,POINT(-48.72472 -21.36971)
1814893929,21b42c56-da3d-39e4-aa45-dfaddee2c6f3,-49.38891,-25.10973,2026-04-21 03:49:00+00:00,2026-04-21,NOAA-20,RIO BRANCO DO SUL,PARANÁ,Brasil,,,,Mata Atlântica,33,41,4122206,8,,221_077,1.1,POINT(-49.38891 -25.10973)
1814893925,227746ee-1a52-3d38-b753-291d58e34b59,-48.14013,-23.98069,2026-04-21 03:49:00+00:00,2026-04-21,NOAA-20,CAPÃO BONITO,SÃO PAULO,Brasil,,,,Mata Atlântica,33,35,3510203,8,,220_077,3.2,POINT(-48.14013 -23.98069)
1814894200,927bb4f6-e1ba-371e-a9fc-31031ec22582,-46.83469,-17.16304,2026-04-21 03:49:00+00:00,2026-04-21,NOAA-20,PARACATU,MINAS GERAIS,Brasil,,,,Cerrado,33,31,3147006,8,,220_072,3.1,POINT(-46.83469 -17.16304)
1814894230,f48df98c-e5cf-3abc-b7a6-5ffd94293eb1,-40.34243,-18.1041,2026-04-21 03:49:00+00:00,2026-04-21,NOAA-20,MONTANHA,ESPÍRITO SANTO,Brasil,,,,Mata Atlântica,33,32,3203502,8,,216_072,1.5,POINT(-40.34243 -18.1041)
1814893916,6da3faca-eccc-3f92-887f-08aa97388c8f,-49.43063,-25.10561,2026-04-21 03:49:00+00:00,2026-04-21,NOAA-20,RIO BRANCO DO SUL,PARANÁ,Brasil,,,,Mata Atlântica,33,41,4122206,8,,221_077,1.2,POINT(-49.43063 -25.10561)
1814894303,fa446790-af5e-3a20-8d3d-f2ea9d445753,-49.42865,-25.11151,2026-04-21 03:49:00+00:00,2026-04-21,NOAA-20,RIO BRANCO DO SUL,PARANÁ,Brasil,,,,Mata Atlântica,33,41,4122206,8,,221_077,0.5,POINT(-49.42865 -25.11151)
1814899283,bafa0951-473f-354b-8a90-405b5c40be15,-37.47421,-9.80054,2026-04-21 04:34:00+00:00,2026-04-21,NOAA-21,PORTO DA FOLHA,SERGIPE,Brasil,,,,Caatinga,33,28,2805604,8,,215_067,3.1,POINT(-37.47421 -9.80054)
1814897168,035ba42b-4e43-3bf1-be8a-46f7ef3f431f,-43.56931,-11.19272,2026-04-21 04:34:00+00:00,2026-04-21,NOAA-21,BARRA,BAHIA,Brasil,,,,Cerrado,33,29,2902708,8,,219_068,1.7,POINT(-43.56931 -11.19272)
1814896082,d1dcaa2a-6c50-3fca-9d77-2bc6bcdc1fea,-43.3818,-11.95586,2026-04-21 04:34:00+00:00,2026-04-21,NOAA-21,MUQUÉM DO SÃO FRANCISCO,BAHIA,Brasil,,,,Cerrado,33,29,2922250,8,,219_068,0.7,POINT(-43.3818 -11.95586)
1814898975,0072f2c4-4bec-38d0-85af-50580b050ede,-43.8632,-11.87035,2026-04-21 04:34:00+00:00,2026-04-21,NOAA-21,WANDERLEY,BAHIA,Brasil,,,,Cerrado,33,29,2933455,8,,219_068,0.7,POINT(-43.8632 -11.87035)
1814897352,7ae8cee6-8695-302d-9ae9-f4ca40b444b5,-43.37798,-11.95637,2026-04-21 04:34:00+00:00,2026-04-21,NOAA-21,MUQUÉM DO SÃO FRANCISCO,BAHIA,Brasil,,,,Cerrado,33,29,2922250,8,,219_068,2.4,POINT(-43.37798 -11.95637)
1814898873,a9974071-c47e-324d-9212-9defb39e7e03,-37.47499,-9.80655,2026-04-21 04:34:00+00:00,2026-04-21,NOAA-21,PORTO DA FOLHA,SERGIPE,Brasil,,,,Caatinga,33,28,2805604,8,,215_067,3.1,POINT(-37.47499 -9.80655)
1814898192,6220b976-9f90-385c-a086-eba96c578a20,-43.56503,-11.18915,2026-04-21 04:34:00+00:00,2026-04-21,NOAA-21,BARRA,BAHIA,Brasil,,,,Cerrado,33,29,2902708,8,,219_068,1.4,POINT(-43.56503 -11.18915)
1814895638,7de4c2d5-5413-3696-a6d8-97569652660a,-43.84658,-11.90638,2026-04-21 04:34:00+00:00,2026-04-21,NOAA-21,WANDERLEY,BAHIA,Brasil,,,,Cerrado,33,29,2933455,8,,219_068,1.0,POINT(-43.84658 -11.90638)
1814896420,a1615661-29eb-327a-a702-7efcc31c64bb,-37.47482,-9.80288,2026-04-21 04:34:00+00:00,2026-04-21,NOAA-21,PORTO DA FOLHA,SERGIPE,Brasil,,,,Caatinga,33,28,2805604,8,,215_067,3.0,POINT(-37.47482 -9.80288)
1814899340,543ae248-33dc-36fe-8a76-f23d7aee8e5a,-44.19487,-12.23986,2026-04-21 04:34:00+00:00,2026-04-21,NOAA-21,CRISTÓPOLIS,BAHIA,Brasil,,,,Cerrado,33,29,2909703,8,,219_068,2.0,POINT(-44.19487 -12.23986)
1814896440,12f171fc-79dc-35d5-b615-372c0eee2acb,-47.77292,-11.99582,2026-04-21 04:34:00+00:00,2026-04-21,NOAA-21,NATIVIDADE,TOCANTINS,Brasil,,,,Cerrado,33,17,1714203,8,,221_068,1.8,POINT(-47.77292 -11.99582)
1814895713,4c9af76b-a331-3cb7-a527-2e8e87a01179,-47.77345,-11.99917,2026-04-21 04:34:00+00:00,2026-04-21,NOAA-21,NATIVIDADE,TOCANTINS,Brasil,,,,Cerrado,33,17,1714203,8,,221_068,1.8,POINT(-47.77345 -11.99917)
1814898455,cf597d8f-31ec-3959-b395-e62a90730e36,-47.80452,-9.47053,2026-04-21 04:34:00+00:00,2026-04-21,NOAA-21,RIO SONO,TOCANTINS,Brasil,,,,Cerrado,33,17,1718758,8,,222_067,1.4,POINT(-47.80452 -9.47053)
1814897023,10038dcf-6efe-3b79-a93f-770bc625a34f,-44.19537,-12.24384,2026-04-21 04:34:00+00:00,2026-04-21,NOAA-21,CRISTÓPOLIS,BAHIA,Brasil,,,,Cerrado,33,29,2909703,8,,219_068,2.0,POINT(-44.19537 -12.24384)
1814895761,7d1f1763-1d23-3973-98b6-484d666de99e,-44.73909,-11.72686,2026-04-21 04:34:00+00:00,2026-04-21,NOAA-21,RIACHÃO DAS NEVES,BAHIA,Brasil,,,,Cerrado,33,29,2926202,8,,220_068,2.0,POINT(-44.73909 -11.72686)
1814898848,6023c5bb-24ea-304d-a743-a4251319a412,-44.61993,-12.28049,2026-04-21 04:34:00+00:00,2026-04-21,NOAA-21,CATOLÂNDIA,BAHIA,Brasil,,,,Cerrado,33,29,2907400,8,,219_069,3.6,POINT(-44.61993 -12.28049)
1814898681,2a2caa2f-ee1a-399c-98d3-ed2c86e479f3,-44.18964,-12.24059,2026-04-21 04:34:00+00:00,2026-04-21,NOAA-21,CRISTÓPOLIS,BAHIA,Brasil,,,,Cerrado,33,29,2909703,8,,219_068,2.0,POINT(-44.18964 -12.24059)
1814898220,a7788732-bbe3-3e48-b13d-01034c17eb3a,-37.47023,-9.80342,2026-04-21 04:34:00+00:00,2026-04-21,NOAA-21,PORTO DA FOLHA,SERGIPE,Brasil,,,,Caatinga,33,28,2805604,8,,215_067,3.0,POINT(-37.47023 -9.80342)
1814898451,999867f0-0c12-31e9-a10c-e5412d6f5f65,-47.80101,-9.47107,2026-04-21 04:34:00+00:00,2026-04-21,NOAA-21,RIO SONO,TOCANTINS,Brasil,,,,Cerrado,33,17,1718758,8,,222_067,1.5,POINT(-47.80101 -9.47107)
1814899598,2dbba94a-9ba1-3c33-a40b-65e792502982,-54.92532,-16.42306,2026-04-21 04:36:00+00:00,2026-04-21,NOAA-21,RONDONÓPOLIS,MATO GROSSO,Brasil,,,,Cerrado,33,51,5107602,8,,225_071,1.5,POINT(-54.92532 -16.42306)
1814896032,3e2fe06f-a20e-3cb2-8e64-556b851a89e6,-45.33923,-13.95656,2026-04-21 04:36:00+00:00,2026-04-21,NOAA-21,JABORANDI,BAHIA,Brasil,,,,Cerrado,33,29,2917359,8,,220_070,3.8,POINT(-45.33923 -13.95656)
1814896946,ed03c560-fb20-393d-9491-73c256c999df,-43.1997,-13.34624,2026-04-21 04:36:00+00:00,2026-04-21,NOAA-21,BOM JESUS DA LAPA,BAHIA,Brasil,,,,Caatinga,33,29,2903904,8,,218_069,0.7,POINT(-43.1997 -13.34624)
1814897076,3aa8d2b7-b0af-39b5-9b15-eed87375af72,-46.83424,-17.16755,2026-04-21 04:36:00+00:00,2026-04-21,NOAA-21,PARACATU,MINAS GERAIS,Brasil,,,,Cerrado,33,31,3147006,8,,220_072,9.5,POINT(-46.83424 -17.16755)
1814897768,8c16e461-f10e-3205-a080-80b5db7c429e,-45.34393,-13.95592,2026-04-21 04:36:00+00:00,2026-04-21,NOAA-21,JABORANDI,BAHIA,Brasil,,,,Cerrado,33,29,2917359,8,,220_070,1.9,POINT(-45.34393 -13.95592)
1814897867,c5e52944-586e-3f78-a62f-1d0f2aa800e5,-41.83992,-15.13136,2026-04-21 04:36:00+00:00,2026-04-21,NOAA-21,SÃO JOÃO DO PARAÍSO,MINAS GERAIS,Brasil,,,,Mata Atlântica,33,31,3162708,8,,217_070,2.7,POINT(-41.83992 -15.13136)
1814898001,021bfb21-349c-3fc0-a1ba-c9cd359b1ac0,-47.48079,-13.58766,2026-04-21 04:36:00+00:00,2026-04-21,NOAA-21,CAVALCANTE,GOIÁS,Brasil,,,,Cerrado,33,52,5205307,8,,221_069,0.6,POINT(-47.48079 -13.58766)
1814898567,a64388fb-9120-306c-bbd0-654effa1b945,-45.33863,-13.95277,2026-04-21 04:36:00+00:00,2026-04-21,NOAA-21,JABORANDI,BAHIA,Brasil,,,,Cerrado,33,29,2917359,8,,220_070,2.3,POINT(-45.33863 -13.95277)
1814899384,5fe6d5ad-f74b-34eb-b4e2-637f8ce7c23e,-42.27771,-14.55344,2026-04-21 04:36:00+00:00,2026-04-21,NOAA-21,CACULÉ,BAHIA,Brasil,,,,Caatinga,33,29,2905008,8,,218_070,1.6,POINT(-42.27771 -14.55344)
1814899993,ce50c5b5-0dc4-34bd-9e99-f0c5647fde7a,-45.34088,-13.95251,2026-04-21 04:36:00+00:00,2026-04-21,NOAA-21,JABORANDI,BAHIA,Brasil,,,,Cerrado,33,29,2917359,8,,220_070,2.7,POINT(-45.34088 -13.95251)
1814899850,8ecb9c28-8f5b-3c2c-8394-356fc853b06c,-47.48559,-22.49535,2026-04-21 04:38:00+00:00,2026-04-21,NOAA-21,CORDEIRÓPOLIS,SÃO PAULO,Brasil,,,,Mata Atlântica,33,35,3512407,8,,220_076,1.1,POINT(-47.48559 -22.49535)
1814899870,d7668d82-7126-3fc8-bd27-e7e40bc58033,-48.02655,-21.9573,2026-04-21 04:38:00+00:00,2026-04-21,NOAA-21,IBATÉ,SÃO PAULO,Brasil,,,,Cerrado,33,35,3519303,8,,220_075,7.1,POINT(-48.02655 -21.9573)
1814898367,4bfb4f32-9a0f-3d0f-887a-3778ef87da48,-48.96049,-24.49793,2026-04-21 04:38:00+00:00,2026-04-21,NOAA-21,APIAÍ,SÃO PAULO,Brasil,,,,Mata Atlântica,33,35,3502705,8,,220_077,1.5,POINT(-48.96049 -24.49793)
1814899924,04a6366d-4c2f-3620-8019-5670eb028ffc,-48.02715,-21.96092,2026-04-21 04:38:00+00:00,2026-04-21,NOAA-21,IBATÉ,SÃO PAULO,Brasil,,,,Cerrado,33,35,3519303,8,,220_075,3.9,POINT(-48.02715 -21.96092)
1814895674,a76c9856-875a-36e8-a7f1-6b92a23b125f,-48.03041,-21.95309,2026-04-21 04:38:00+00:00,2026-04-21,NOAA-21,IBATÉ,SÃO PAULO,Brasil,,,,Cerrado,33,35,3519303,8,,220_075,7.1,POINT(-48.03041 -21.95309)
1814897282,3273a468-b73c-3d48-8d24-be20279ed358,-48.03159,-21.96032,2026-04-21 04:38:00+00:00,2026-04-21,NOAA-21,IBATÉ,SÃO PAULO,Brasil,,,,Cerrado,33,35,3519303,8,,220_075,3.9,POINT(-48.03159 -21.96032)
1814897604,cb054451-5a59-30eb-b7c1-1643de2d46ec,-49.42757,-25.10905,2026-04-21 04:38:00+00:00,2026-04-21,NOAA-21,RIO BRANCO DO SUL,PARANÁ,Brasil,,,,Mata Atlântica,33,41,4122206,8,,221_077,1.6,POINT(-49.42757 -25.10905)
1814898486,0bde3565-9a39-3e88-b4b2-b3c9404d21da,-48.27866,-18.85241,2026-04-21 04:38:00+00:00,2026-04-21,NOAA-21,UBERLÂNDIA,MINAS GERAIS,Brasil,,,,Cerrado,33,31,3170206,8,,221_073,1.0,POINT(-48.27866 -18.85241)
1814898517,2bfa61a9-cb08-3ccc-a5c3-9ee1be766a97,-48.02594,-21.9537,2026-04-21 04:38:00+00:00,2026-04-21,NOAA-21,IBATÉ,SÃO PAULO,Brasil,,,,Cerrado,33,35,3519303,8,,220_075,7.1,POINT(-48.02594 -21.9537)
1814898021,a7f783c5-a11f-374a-a463-5fd6cf55543c,-47.69621,-23.12298,2026-04-21 04:38:00+00:00,2026-04-21,NOAA-21,TIETÊ,SÃO PAULO,Brasil,,,,Mata Atlântica,33,35,3554508,8,,220_076,0.5,POINT(-47.69621 -23.12298)
1814897846,6e12e811-d1f6-3c45-a284-02461abe0289,-48.43372,-23.0367,2026-04-21 04:38:00+00:00,2026-04-21,NOAA-21,BOTUCATU,SÃO PAULO,Brasil,,,,Cerrado,33,35,3507506,8,,220_076,0.9,POINT(-48.43372 -23.0367)
1814898417,618278c6-f45b-3faa-9a92-7a8512fac437,-48.13966,-23.98002,2026-04-21 04:38:00+00:00,2026-04-21,NOAA-21,CAPÃO BONITO,SÃO PAULO,Brasil,,,,Mata Atlântica,33,35,3510203,8,,220_077,2.1,POINT(-48.13966 -23.98002)
1814897060,1a3b7c73-275c-3979-a3af-c330d1ec4ab1,-48.031,-21.95671,2026-04-21 04:38:00+00:00,2026-04-21,NOAA-21,IBATÉ,SÃO PAULO,Brasil,,,,Cerrado,33,35,3519303,8,,220_075,7.1,POINT(-48.031 -21.95671)
1814896376,6ce1c836-4c8b-3cf8-8a26-a0a2f15a4752,-50.41393,-25.64233,2026-04-21 04:38:00+00:00,2026-04-21,NOAA-21,SÃO JOÃO DO TRIUNFO,PARANÁ,Brasil,,,,Mata Atlântica,33,41,4125100,8,,221_078,7.1,POINT(-50.41393 -25.64233)
1814898171,f2fd0b8e-4fb3-3584-bb27-4391dc30c1bd,-48.72345,-21.37383,2026-04-21 04:38:00+00:00,2026-04-21,NOAA-21,FERNANDO PRESTES,SÃO PAULO,Brasil,,,,Cerrado,33,35,3515608,8,,221_075,2.6,POINT(-48.72345 -21.37383)
1814895899,3694c4db-62ca-3378-8e73-5ad5a0e01c66,-48.55585,-21.04042,2026-04-21 04:38:00+00:00,2026-04-21,NOAA-21,BEBEDOURO,SÃO PAULO,Brasil,,,,Mata Atlântica,33,35,3506102,8,,221_075,1.6,POINT(-48.55585 -21.04042)
1814895777,0cb65113-ad4a-33e3-af18-6dfb78f26e7e,-48.03545,-21.9561,2026-04-21 04:38:00+00:00,2026-04-21,NOAA-21,IBATÉ,SÃO PAULO,Brasil,,,,Cerrado,33,35,3519303,8,,220_075,4.1,POINT(-48.03545 -21.9561)
1814899342,049c6aef-ef13-3082-9720-a0cbf567b131,-47.99918,-23.64798,2026-04-21 04:38:00+00:00,2026-04-21,NOAA-21,ITAPETININGA,SÃO PAULO,Brasil,,,,Cerrado,33,35,3522307,8,,220_076,1.1,POINT(-47.99918 -23.64798)
1814897878,dbdf318c-3d9f-3aa4-a52b-348d130fb51f,-49.38816,-25.11082,2026-04-21 04:38:00+00:00,2026-04-21,NOAA-21,RIO BRANCO DO SUL,PARANÁ,Brasil,,,,Mata Atlântica,33,41,4122206,8,,221_077,1.5,POINT(-49.38816 -25.11082)
1814899454,ef71d624-180c-35a6-8b5f-3a544a652036,-48.72277,-21.37517,2026-04-21 04:38:00+00:00,2026-04-21,NOAA-21,FERNANDO PRESTES,SÃO PAULO,Brasil,,,,Cerrado,33,35,3515608,8,,221_075,0.9,POINT(-48.72277 -21.37517)
1814899539,bfdc6c7b-0a0a-304b-b218-ea2c33f04098,-48.43568,-23.03815,2026-04-21 04:38:00+00:00,2026-04-21,NOAA-21,BOTUCATU,SÃO PAULO,Brasil,,,,Cerrado,33,35,3507506,8,,220_076,0.7,POINT(-48.43568 -23.03815)
1814897860,e94e6c1d-f8b4-3064-ad0c-cf032756f5ad,-48.27467,-18.85298,2026-04-21 04:38:00+00:00,2026-04-21,NOAA-21,UBERLÂNDIA,MINAS GERAIS,Brasil,,,,Cerrado,33,31,3170206,8,,221_073,1.5,POINT(-48.27467 -18.85298)
1814899673,36b9c979-7637-3134-8ea5-ebeac2217877,-45.01702,-19.84235,2026-04-21 04:38:00+00:00,2026-04-21,NOAA-21,NOVA SERRANA,MINAS GERAIS,Brasil,,,,Cerrado,33,31,3145208,8,,219_074,1.3,POINT(-45.01702 -19.84235)
1814899842,a42d360d-1794-3169-8028-fd8b6984cfe5,-50.418,-25.64175,2026-04-21 04:38:00+00:00,2026-04-21,NOAA-21,SÃO JOÃO DO TRIUNFO,PARANÁ,Brasil,,,,Mata Atlântica,33,41,4125100,8,,221_078,1.8,POINT(-50.418 -25.64175)
1814897231,e87cf611-1939-3ad2-b5f7-22ff85252ba0,-49.15657,-28.34848,2026-04-21 04:40:00+00:00,2026-04-21,NOAA-21,SÃO LUDGERO,SANTA CATARINA,Brasil,,,,Mata Atlântica,33,42,4217006,8,,220_080,1.7,POINT(-49.15657 -28.34848)
1814897544,2c0a58e7-513b-3101-a711-867e496dbab6,-50.22131,-27.95048,2026-04-21 04:40:00+00:00,2026-04-21,NOAA-21,LAGES,SANTA CATARINA,Brasil,,,,Mata Atlântica,33,42,4209300,8,,221_079,1.8,POINT(-50.22131 -27.95048)
1814898744,bf3dac93-6d8a-3090-8ab5-470ecaf6ff8c,-50.22559,-27.9499,2026-04-21 04:40:00+00:00,2026-04-21,NOAA-21,LAGES,SANTA CATARINA,Brasil,,,,Mata Atlântica,33,42,4209300,8,,221_079,1.8,POINT(-50.22559 -27.9499)
1814896220,5bb96265-e27e-30a8-9850-787128236b49,-48.44576,-27.44966,2026-04-21 04:40:00+00:00,2026-04-21,NOAA-21,FLORIANÓPOLIS,SANTA CATARINA,Brasil,,,,Mata Atlântica,33,42,4205407,8,,220_079,0.9,POINT(-48.44576 -27.44966)
1814899920,a10d30bb-fa85-3e7a-aa50-003b11b7c940,-49.15793,-28.34736,2026-04-21 04:40:00+00:00,2026-04-21,NOAA-21,SÃO LUDGERO,SANTA CATARINA,Brasil,,,,Mata Atlântica,33,42,4217006,8,,220_080,1.2,POINT(-49.15793 -28.34736)
1814902962,10d41e61-d858-3300-bff8-1cbfe3e64096,-60.38073,1.94622,2026-04-21 05:04:00+00:00,2026-04-21,NPP-375D,CANTÁ,RORAIMA,Brasil,,,,Amazônia,33,14,1400175,8,,232_059,3.6,POINT(-60.38073 1.94622)
1814901775,e3dd6272-e87b-357a-aeab-1440d0dc7350,-54.59238,-2.75133,2026-04-21 05:04:00+00:00,2026-04-21,NPP-375D,MOJUÍ DOS CAMPOS,PARÁ,Brasil,,,,Amazônia,33,15,1504752,8,,227_062,1.3,POINT(-54.59238 -2.75133)
1814901162,384b372d-312d-3d4e-bb33-feccf2e4be89,-45.34414,-13.95333,2026-04-21 05:08:00+00:00,2026-04-21,NPP-375D,JABORANDI,BAHIA,Brasil,,,,Cerrado,33,29,2917359,8,,220_070,2.3,POINT(-45.34414 -13.95333)
1814903606,b6013e8e-d9a4-3047-9625-8c9e4b9fb711,-44.61993,-12.28062,2026-04-21 05:08:00+00:00,2026-04-21,NPP-375D,CATOLÂNDIA,BAHIA,Brasil,,,,Cerrado,33,29,2907400,8,,219_069,1.1,POINT(-44.61993 -12.28062)
1814903458,c7a0e0f9-0d26-3b3b-8d45-08fabb2192f0,-47.77346,-11.99626,2026-04-21 05:08:00+00:00,2026-04-21,NPP-375D,NATIVIDADE,TOCANTINS,Brasil,,,,Cerrado,33,17,1714203,8,,221_068,1.3,POINT(-47.77346 -11.99626)
1814903412,9f4a5cf4-3919-3f32-a5f3-2570b554c6c3,-47.7765,-11.99887,2026-04-21 05:08:00+00:00,2026-04-21,NPP-375D,NATIVIDADE,TOCANTINS,Brasil,,,,Cerrado,33,17,1714203,8,,221_068,1.5,POINT(-47.7765 -11.99887)
1814902069,bcdb8c16-9a74-3661-853f-1eef52138071,-44.62446,-12.28006,2026-04-21 05:08:00+00:00,2026-04-21,NPP-375D,CATOLÂNDIA,BAHIA,Brasil,,,,Cerrado,33,29,2907400,8,,219_069,1.2,POINT(-44.62446 -12.28006)
1814902562,98e08ebc-3172-3d2d-9da0-a5fca27ff5ad,-44.19515,-12.24456,2026-04-21 05:08:00+00:00,2026-04-21,NPP-375D,CRISTÓPOLIS,BAHIA,Brasil,,,,Cerrado,33,29,2909703,8,,219_068,0.8,POINT(-44.19515 -12.24456)
1814904033,cae165b1-ea7d-302f-8f10-2a884a6a096d,-44.19469,-12.23834,2026-04-21 05:08:00+00:00,2026-04-21,NPP-375D,CRISTÓPOLIS,BAHIA,Brasil,,,,Cerrado,33,29,2909703,8,,219_068,1.9,POINT(-44.19469 -12.23834)
1814900937,1196696c-6804-38e0-974c-293547d4c766,-45.33991,-13.95382,2026-04-21 05:08:00+00:00,2026-04-21,NPP-375D,JABORANDI,BAHIA,Brasil,,,,Cerrado,33,29,2917359,8,,220_070,3.3,POINT(-45.33991 -13.95382)
1814900522,867b47fe-0458-398d-b5e2-2d4809afa964,-46.83468,-17.16662,2026-04-21 05:08:00+00:00,2026-04-21,NPP-375D,PARACATU,MINAS GERAIS,Brasil,,,,Cerrado,33,31,3147006,8,,220_072,3.7,POINT(-46.83468 -17.16662)
1814902842,947713b6-38db-3a8c-b83a-959924e71e0c,-44.62107,-12.28171,2026-04-21 05:08:00+00:00,2026-04-21,NPP-375D,CATOLÂNDIA,BAHIA,Brasil,,,,Cerrado,33,29,2907400,8,,219_069,1.7,POINT(-44.62107 -12.28171)
1814903270,35b81ada-84e3-35c9-b0bf-f189ce07f86f,-48.7237,-21.37133,2026-04-21 05:10:00+00:00,2026-04-21,NPP-375D,FERNANDO PRESTES,SÃO PAULO,Brasil,,,,Cerrado,33,35,3515608,8,,221_075,1.3,POINT(-48.7237 -21.37133)
1814902048,3dc4c839-f4bc-3e4b-9cff-0a98746e42ee,-60.32778,1.2852,2026-04-21 05:25:00+00:00,2026-04-21,NOAA-20,CARACARAÍ,RORAIMA,Brasil,,,,Amazônia,33,14,1400209,8,,231_059,0.9,POINT(-60.32778 1.2852)
1814901630,f01e0136-aa57-392f-807f-fcdf3420ffc6,-60.32419,1.28464,2026-04-21 05:25:00+00:00,2026-04-21,NOAA-20,CARACARAÍ,RORAIMA,Brasil,,,,Amazônia,33,14,1400209,8,,231_059,0.9,POINT(-60.32419 1.28464)
1814901645,69238a1f-0ee1-30ab-8a4c-24cdef7e017e,-60.37821,1.94838,2026-04-21 05:25:00+00:00,2026-04-21,NOAA-20,CANTÁ,RORAIMA,Brasil,,,,Amazônia,33,14,1400175,8,,232_059,2.5,POINT(-60.37821 1.94838)
1814901963,66e21ec5-eb13-3385-be26-bdaf218f37af,-60.32779,1.28378,2026-04-21 05:25:00+00:00,2026-04-21,NOAA-20,CARACARAÍ,RORAIMA,Brasil,,,,Amazônia,33,14,1400209,8,,231_059,1.6,POINT(-60.32779 1.28378)
1814902666,63de3cff-62a5-3238-85e2-930847fbda8f,-59.86976,-9.06471,2026-04-21 05:25:00+00:00,2026-04-21,NOAA-20,COLNIZA,MATO GROSSO,Brasil,,,,Amazônia,33,51,5103254,8,,230_066,0.9,POINT(-59.86976 -9.06471)
1814903148,66bbc4fe-cde8-3fbd-8caf-06dcdd1ebd36,-60.30045,2.57707,2026-04-21 05:25:00+00:00,2026-04-21,NOAA-20,CANTÁ,RORAIMA,Brasil,,,,Amazônia,33,14,1400175,8,,232_058,0.8,POINT(-60.30045 2.57707)
1814903539,b884cf66-31d1-3037-8be5-bf85d68e26bc,-60.37769,1.95178,2026-04-21 05:25:00+00:00,2026-04-21,NOAA-20,CANTÁ,RORAIMA,Brasil,,,,Amazônia,33,14,1400175,8,,232_059,0.3,POINT(-60.37769 1.95178)
1814902887,3f60967d-6a4c-3023-a1a2-b2547427a9b9,-54.92481,-16.41932,2026-04-21 05:27:00+00:00,2026-04-21,NOAA-20,RONDONÓPOLIS,MATO GROSSO,Brasil,,,,Cerrado,33,51,5107602,8,,225_071,1.1,POINT(-54.92481 -16.41932)
1814951213,f4f82640-4015-3e41-a64e-8a47bb4ddcd8,-39.34305,-12.5834,2026-04-21 11:23:00+00:00,2026-04-21,TERRA_M-M,CASTRO ALVES,BAHIA,Brasil,,,,Mata Atlântica,33,29,2907301,8,,216_069,4.4,POINT(-39.34305 -12.5834)
1814951305,0e22d26a-c014-33d0-8f51-6eb2bafced8a,-39.34304,-12.5834,2026-04-21 11:23:00+00:00,2026-04-21,TERRA_M-M,CASTRO ALVES,BAHIA,Brasil,,,,Mata Atlântica,33,29,2907301,8,,216_069,4.4,POINT(-39.34304 -12.5834)
1814950786,4def4b8a-af3f-3faa-879b-19d904ff24bf,-39.17502,-11.8338,2026-04-21 11:23:00+00:00,2026-04-21,TERRA_M-M,CANDEAL,BAHIA,Brasil,,,,Caatinga,33,29,2906402,8,,216_068,16.2,POINT(-39.17502 -11.8338)
1814951754,8d2fc3e7-b535-3120-8c51-edc869b9b24a,-42.60498,-13.35722,2026-04-21 11:23:00+00:00,2026-04-21,TERRA_M-M,BOTUPORÃ,BAHIA,Brasil,,,,Caatinga,33,29,2904209,8,,218_069,7.6,POINT(-42.60498 -13.35722)
1814951880,db12a7a3-dad4-319d-8979-3730d7a4adb3,-39.17503,-11.83379,2026-04-21 11:23:00+00:00,2026-04-21,TERRA_M-M,CANDEAL,BAHIA,Brasil,,,,Caatinga,33,29,2906402,8,,216_068,16.2,POINT(-39.17503 -11.83379)
1814952085,f9347c56-20f0-3cef-abcb-a546c9bdf3c2,-45.34749,-13.96296,2026-04-21 11:23:00+00:00,2026-04-21,TERRA_M-M,JABORANDI,BAHIA,Brasil,,,,Cerrado,33,29,2917359,8,,220_070,15.6,POINT(-45.34749 -13.96296)
1814952366,8b584c9b-1be3-3780-892e-9ac503c49c17,-45.34748,-13.96297,2026-04-21 11:23:00+00:00,2026-04-21,TERRA_M-M,JABORANDI,BAHIA,Brasil,,,,Cerrado,33,29,2917359,8,,220_070,15.6,POINT(-45.34748 -13.96297)
1814950682,bed75b52-f62d-3d5f-8045-94f4542b99be,-42.60499,-13.35722,2026-04-21 11:23:00+00:00,2026-04-21,TERRA_M-M,BOTUPORÃ,BAHIA,Brasil,,,,Caatinga,33,29,2904209,8,,218_069,7.6,POINT(-42.60499 -13.35722)
1814950530,3908aa89-9988-32e9-812d-fc1756a85714,-40.24511,-18.64827,2026-04-21 11:25:00+00:00,2026-04-21,TERRA_M-M,SÃO MATEUS,ESPÍRITO SANTO,Brasil,,,,Mata Atlântica,33,32,3204906,8,,216_073,11.7,POINT(-40.24511 -18.64827)
1814951184,f19ae9d0-d39c-39bd-be91-36397ba85d83,-40.24648,-18.65712,2026-04-21 11:25:00+00:00,2026-04-21,TERRA_M-M,SÃO MATEUS,ESPÍRITO SANTO,Brasil,,,,Mata Atlântica,33,32,3204906,8,,216_073,3.6,POINT(-40.24648 -18.65712)
1814951525,11c1c795-d6ee-35e8-9830-d07051fe98da,-40.24512,-18.64827,2026-04-21 11:25:00+00:00,2026-04-21,TERRA_M-M,SÃO MATEUS,ESPÍRITO SANTO,Brasil,,,,Mata Atlântica,33,32,3204906,8,,216_073,11.7,POINT(-40.24512 -18.64827)
1814952426,e1353b91-e9ec-35cb-9c14-60468ef6ec25,-40.24646,-18.65713,2026-04-21 11:25:00+00:00,2026-04-21,TERRA_M-M,SÃO MATEUS,ESPÍRITO SANTO,Brasil,,,,Mata Atlântica,33,32,3204906,8,,216_073,3.6,POINT(-40.24646 -18.65713)
1814963940,7e4f8d8c-a428-3c8a-9c82-a1e683cff121,-45.3417,-13.9564,2026-04-21 15:20:00+00:00,2026-04-21,GOES-19,JABORANDI,BAHIA,Brasil,,,,Cerrado,33,29,2917359,8,,220_070,71.4,POINT(-45.3417 -13.9564)
1814979114,e6ce3624-cbe2-3a46-acfd-a6152ad6ea4c,-40.40519,-19.28975,2026-04-21 15:26:00+00:00,2026-04-21,NOAA-21,RIO BANANAL,ESPÍRITO SANTO,Brasil,,,,Mata Atlântica,33,32,3204351,8,,216_073,8.6,POINT(-40.40519 -19.28975)
1814978718,b3d2ae1e-0ce4-39d9-b077-5fa1c46bf4c6,-40.40396,-19.29116,2026-04-21 15:26:00+00:00,2026-04-21,NOAA-21,RIO BANANAL,ESPÍRITO SANTO,Brasil,,,,Mata Atlântica,33,32,3204351,8,,216_073,5.8,POINT(-40.40396 -19.29116)
1814978597,7ea68f75-b508-3e9c-96ee-feb80b3d106d,-41.30563,-12.10408,2026-04-21 15:29:00+00:00,2026-04-21,NOAA-21,BONITO,BAHIA,Brasil,,,,Caatinga,33,29,2904050,8,,217_068,9.0,POINT(-41.30563 -12.10408)
1814978512,4ed6de71-714e-3c7e-a242-b687eab6b98d,-40.85593,-11.95647,2026-04-21 15:29:00+00:00,2026-04-21,NOAA-21,TAPIRAMUTÁ,BAHIA,Brasil,,,,Caatinga,33,29,2931301,8,,217_068,4.6,POINT(-40.85593 -11.95647)
1814978480,84911c85-7fe2-3270-ba16-ec7916a8c225,-40.31699,-13.26317,2026-04-21 15:29:00+00:00,2026-04-21,NOAA-21,PLANALTINO,BAHIA,Brasil,,,,Caatinga,33,29,2924900,8,,216_069,10.9,POINT(-40.31699 -13.26317)
1814978220,da642c11-41af-3f1e-bf99-fc3d4fdb1a7e,-40.32197,-13.26373,2026-04-21 15:29:00+00:00,2026-04-21,NOAA-21,PLANALTINO,BAHIA,Brasil,,,,Caatinga,33,29,2924900,8,,216_069,14.5,POINT(-40.32197 -13.26373)
1814978964,41b7a7f5-3ee7-3869-928c-46c0dc17c4f6,-40.12629,-14.8267,2026-04-21 15:29:00+00:00,2026-04-21,NOAA-21,NOVA CANAÃ,BAHIA,Brasil,,,,Mata Atlântica,33,29,2922706,8,,216_070,5.2,POINT(-40.12629 -14.8267)
1814978954,5d6908ef-0a13-34b1-8b13-9656c06e5349,-40.36137,-10.49575,2026-04-21 15:29:00+00:00,2026-04-21,NOAA-21,CAMPO FORMOSO,BAHIA,Brasil,,,,Caatinga,33,29,2906006,8,,217_067,7.3,POINT(-40.36137 -10.49575)
1814979016,db9c4c74-6e08-3aeb-9c5b-1fe7e5da8318,-39.95624,-13.66916,2026-04-21 15:29:00+00:00,2026-04-21,NOAA-21,JAGUAQUARA,BAHIA,Brasil,,,,Mata Atlântica,33,29,2917607,8,,216_069,11.7,POINT(-39.95624 -13.66916)
1814978865,aa2125ef-0628-35f9-a942-51eb6578c8c3,-39.10294,-15.9627,2026-04-21 15:29:00+00:00,2026-04-21,NOAA-21,BELMONTE,BAHIA,Brasil,,,,Mata Atlântica,33,29,2903409,8,,215_071,5.4,POINT(-39.10294 -15.9627)
1814977935,669fca15-c4d5-351b-8a35-f01d221843aa,-39.42343,-14.4341,2026-04-21 15:29:00+00:00,2026-04-21,NOAA-21,AURELINO LEAL,BAHIA,Brasil,,,,Mata Atlântica,33,29,2902401,8,,216_070,9.9,POINT(-39.42343 -14.4341)
1814979068,9413baf5-d66f-3e79-aac7-39217feb3abe,-39.95553,-13.66494,2026-04-21 15:29:00+00:00,2026-04-21,NOAA-21,JAGUAQUARA,BAHIA,Brasil,,,,Mata Atlântica,33,29,2917607,8,,216_069,12.7,POINT(-39.95553 -13.66494)
1814978810,bfc0d870-cda2-3d1e-a901-49848d26c210,-39.3889,-13.5007,2026-04-21 15:29:00+00:00,2026-04-21,NOAA-21,PRESIDENTE TANCREDO NEVES,BAHIA,Brasil,,,,Mata Atlântica,33,29,2925758,8,,216_069,4.1,POINT(-39.3889 -13.5007)
1814978662,6b5090a5-c3a4-3d52-b5ca-24f4c446fd40,-40.85903,-12.12869,2026-04-21 15:29:00+00:00,2026-04-21,NOAA-21,RUY BARBOSA,BAHIA,Brasil,,,,Caatinga,33,29,2927200,8,,217_068,12.2,POINT(-40.85903 -12.12869)
1814977993,bd62fb6a-e596-3769-83d0-cd10ba1f0214,-41.30869,-12.10735,2026-04-21 15:29:00+00:00,2026-04-21,NOAA-21,BONITO,BAHIA,Brasil,,,,Caatinga,33,29,2904050,8,,217_068,12.3,POINT(-41.30869 -12.10735)
1814978648,66131352-3be2-3421-8662-741e1ba81f81,-40.34147,-12.04094,2026-04-21 15:29:00+00:00,2026-04-21,NOAA-21,MACAJUBA,BAHIA,Brasil,,,,Caatinga,33,29,2919603,8,,217_068,10.3,POINT(-40.34147 -12.04094)
1814978019,3dfd5fe8-40a8-34cc-ad00-b58a5ca1cd5d,-39.03376,-15.50162,2026-04-21 15:29:00+00:00,2026-04-21,NOAA-21,CANAVIEIRAS,BAHIA,Brasil,,,,Mata Atlântica,33,29,2906303,8,,215_071,3.6,POINT(-39.03376 -15.50162)
1814978625,6ee95f81-be3d-3429-a5bc-20d11594d3ad,-40.34289,-12.03837,2026-04-21 15:29:00+00:00,2026-04-21,NOAA-21,MACAJUBA,BAHIA,Brasil,,,,Caatinga,33,29,2919603,8,,217_068,10.5,POINT(-40.34289 -12.03837)
1814978055,85fc2002-8dff-35b2-9f57-59a156dcfdc9,-40.32171,-13.26579,2026-04-21 15:29:00+00:00,2026-04-21,NOAA-21,PLANALTINO,BAHIA,Brasil,,,,Caatinga,33,29,2924900,8,,216_069,10.1,POINT(-40.32171 -13.26579)
1814978065,5fafe38c-a0f1-331b-9a5a-52bef38fe85d,-39.41853,-14.43356,2026-04-21 15:29:00+00:00,2026-04-21,NOAA-21,AURELINO LEAL,BAHIA,Brasil,,,,Mata Atlântica,33,29,2902401,8,,216_070,12.7,POINT(-39.41853 -14.43356)
1814979331,c0ebfae1-6cf1-325d-9c2d-64865579b5db,-40.1247,-14.82841,2026-04-21 15:29:00+00:00,2026-04-21,NOAA-21,NOVA CANAÃ,BAHIA,Brasil,,,,Mata Atlântica,33,29,2922706,8,,216_070,5.9,POINT(-40.1247 -14.82841)
1814978391,de7298ed-3b15-31ab-be5d-845d6fc9e69b,-39.10772,-15.96319,2026-04-21 15:29:00+00:00,2026-04-21,NOAA-21,BELMONTE,BAHIA,Brasil,,,,Mata Atlântica,33,29,2903409,8,,215_071,5.4,POINT(-39.10772 -15.96319)
1814978324,035c492e-f384-39c7-a8a9-6845c9274c93,-40.86436,-12.12928,2026-04-21 15:29:00+00:00,2026-04-21,NOAA-21,RUY BARBOSA,BAHIA,Brasil,,,,Caatinga,33,29,2927200,8,,217_068,12.2,POINT(-40.86436 -12.12928)
1814978261,7b5dbaaf-c49c-3f8a-ad97-2d04a2f619cf,-40.85486,-11.957,2026-04-21 15:29:00+00:00,2026-04-21,NOAA-21,TAPIRAMUTÁ,BAHIA,Brasil,,,,Caatinga,33,29,2931301,8,,217_068,4.7,POINT(-40.85486 -11.957)
1814978477,4ab108e1-f933-330c-8f50-124f268ec714,-40.46186,-11.65413,2026-04-21 15:29:00+00:00,2026-04-21,NOAA-21,PIRITIBA,BAHIA,Brasil,,,,Caatinga,33,29,2924801,8,,217_068,8.4,POINT(-40.46186 -11.65413)
1814978473,caf30f01-dc82-3806-9175-49d892621f8c,-40.3167,-13.26527,2026-04-21 15:29:00+00:00,2026-04-21,NOAA-21,PLANALTINO,BAHIA,Brasil,,,,Caatinga,33,29,2924900,8,,216_069,10.1,POINT(-40.3167 -13.26527)
1814979147,e44dd5c8-16fb-3049-b35c-c578345967f9,-39.71877,-15.01182,2026-04-21 15:29:00+00:00,2026-04-21,NOAA-21,ITAJU DO COLÔNIA,BAHIA,Brasil,,,,Mata Atlântica,33,29,2915403,8,,216_070,7.6,POINT(-39.71877 -15.01182)
1814978631,b92563bc-53fc-3d2d-8719-e0eb078bc33d,-37.69084,-9.35369,2026-04-21 15:31:00+00:00,2026-04-21,NOAA-21,INHAPI,ALAGOAS,Brasil,,,,Caatinga,33,27,2703304,8,,215_067,3.6,POINT(-37.69084 -9.35369)
1814978190,aa2c0edd-8dfc-37a8-9e0f-61f880f87784,-37.6916,-9.35067,2026-04-21 15:31:00+00:00,2026-04-21,NOAA-21,INHAPI,ALAGOAS,Brasil,,,,Caatinga,33,27,2703304,8,,215_067,4.9,POINT(-37.6916 -9.35067)
1814979386,57e69597-8fa3-342f-ae92-626d7dcfed64,-40.80424,-8.77769,2026-04-21 15:31:00+00:00,2026-04-21,NOAA-21,PETROLINA,PERNAMBUCO,Brasil,,,,Caatinga,33,26,2611101,8,,217_066,1.8,POINT(-40.80424 -8.77769)
1814977885,0982ad49-917b-3ab0-9cea-18770457f403,-37.80944,-9.37928,2026-04-21 15:31:00+00:00,2026-04-21,NOAA-21,OLHO D'ÁGUA DO CASADO,ALAGOAS,Brasil,,,,Caatinga,33,27,2705804,8,,215_067,2.4,POINT(-37.80944 -9.37928)
1814979505,41a243f9-7c57-3e79-bc0e-ee02d22f3c1f,-44.01984,-12.5756,2026-04-21 15:58:00+00:00,2026-04-21,NPP-375,BREJOLÂNDIA,BAHIA,Brasil,,,,Cerrado,33,29,2904407,8,,219_069,5.0,POINT(-44.01984 -12.5756)
1814977886,46ce4aea-2d55-3707-a4df-cb2fd3863612,-43.84462,-11.91244,2026-04-21 15:58:00+00:00,2026-04-21,NPP-375,WANDERLEY,BAHIA,Brasil,,,,Cerrado,33,29,2933455,8,,219_068,4.6,POINT(-43.84462 -11.91244)
1814977887,8a0d5cb7-399c-32b9-95cb-f1a20be75106,-43.7901,-13.44572,2026-04-21 15:58:00+00:00,2026-04-21,NPP-375,SERRA DO RAMALHO,BAHIA,Brasil,,,,Cerrado,33,29,2930154,8,,219_069,10.8,POINT(-43.7901 -13.44572)
1814977905,9fee8e9e-db9d-3d52-9d9a-2c63404f934c,-39.24854,-14.11848,2026-04-21 15:58:00+00:00,2026-04-21,NPP-375,MARAÚ,BAHIA,Brasil,,,,Mata Atlântica,33,29,2920700,8,,216_070,4.6,POINT(-39.24854 -14.11848)
1814977913,e1c36884-2bea-380a-b3c9-590b1c553223,-39.17599,-11.83365,2026-04-21 15:58:00+00:00,2026-04-21,NPP-375,CANDEAL,BAHIA,Brasil,,,,Caatinga,33,29,2906402,8,,216_068,5.8,POINT(-39.17599 -11.83365)
1814977925,d1d9c41e-6bc8-37d2-a5c7-ebce754c25f7,-39.24792,-14.12241,2026-04-21 15:58:00+00:00,2026-04-21,NPP-375,MARAÚ,BAHIA,Brasil,,,,Mata Atlântica,33,29,2920700,8,,216_070,4.6,POINT(-39.24792 -14.12241)
1814977931,7ed6cd46-2290-3468-9fb7-2f02edc44b9e,-45.35366,-13.96213,2026-04-21 15:58:00+00:00,2026-04-21,NPP-375,JABORANDI,BAHIA,Brasil,,,,Cerrado,33,29,2917359,8,,220_070,4.4,POINT(-45.35366 -13.96213)
1814977948,29c2762e-3eef-30e6-8735-2cd0e32106c2,-43.84625,-11.9115,2026-04-21 15:58:00+00:00,2026-04-21,NPP-375,WANDERLEY,BAHIA,Brasil,,,,Cerrado,33,29,2933455,8,,219_068,4.8,POINT(-43.84625 -11.9115)
1814977965,b2416ef7-a2a8-3cbc-977f-78fc11620aef,-45.34312,-13.38008,2026-04-21 15:58:00+00:00,2026-04-21,NPP-375,CORRENTINA,BAHIA,Brasil,,,,Cerrado,33,29,2909307,8,,220_069,9.8,POINT(-45.34312 -13.38008)
1814977981,4ea15378-b7e5-3bc3-89e8-7cb98bfec4e6,-45.43235,-21.76804,2026-04-21 15:58:00+00:00,2026-04-21,NPP-375,MONSENHOR PAULO,MINAS GERAIS,Brasil,,,,Mata Atlântica,33,31,3142601,8,,218_075,4.9,POINT(-45.43235 -21.76804)
1814977994,e800bf1f-bb44-3ff3-ab55-4c383b5d2512,-43.38234,-11.95705,2026-04-21 15:58:00+00:00,2026-04-21,NPP-375,MUQUÉM DO SÃO FRANCISCO,BAHIA,Brasil,,,,Cerrado,33,29,2922250,8,,219_068,4.3,POINT(-43.38234 -11.95705)
1814978029,71e23249-c695-3888-8e12-1cc0398efec1,-39.41933,-14.43396,2026-04-21 15:58:00+00:00,2026-04-21,NPP-375,AURELINO LEAL,BAHIA,Brasil,,,,Mata Atlântica,33,29,2902401,8,,216_070,20.7,POINT(-39.41933 -14.43396)
1814978035,a031f7a1-92ee-38e2-a8e1-3520c97e6b04,-43.02134,-12.9165,2026-04-21 15:58:00+00:00,2026-04-21,NPP-375,PARATINGA,BAHIA,Brasil,,,,Caatinga,33,29,2923704,8,,218_069,8.9,POINT(-43.02134 -12.9165)
1814978069,039c6fa4-e5cb-34c1-a4b3-572253d55553,-43.01189,-13.22941,2026-04-21 15:58:00+00:00,2026-04-21,NPP-375,BOM JESUS DA LAPA,BAHIA,Brasil,,,,Caatinga,33,29,2903904,8,,218_069,5.8,POINT(-43.01189 -13.22941)
1814978078,733e5bb4-f516-31b7-b758-16401fac882e,-40.31862,-13.26768,2026-04-21 15:58:00+00:00,2026-04-21,NPP-375,PLANALTINO,BAHIA,Brasil,,,,Caatinga,33,29,2924900,8,,216_069,8.6,POINT(-40.31862 -13.26768)
1814978107,1e51d591-3b02-3023-92c4-9388141307b4,-44.1927,-12.24229,2026-04-21 15:58:00+00:00,2026-04-21,NPP-375,CRISTÓPOLIS,BAHIA,Brasil,,,,Cerrado,33,29,2909703,8,,219_068,4.0,POINT(-44.1927 -12.24229)
1814978122,56bc67e8-7b63-3432-b454-d775ec62d1b2,-43.83964,-11.97517,2026-04-21 15:58:00+00:00,2026-04-21,NPP-375,WANDERLEY,BAHIA,Brasil,,,,Cerrado,33,29,2933455,8,,219_068,20.1,POINT(-43.83964 -11.97517)
1814978125,b9fb6614-9b2b-3c67-9bdc-b0db8dc2bb7f,-45.3422,-13.9489,2026-04-21 15:58:00+00:00,2026-04-21,NPP-375,JABORANDI,BAHIA,Brasil,,,,Cerrado,33,29,2917359,8,,220_070,2.1,POINT(-45.3422 -13.9489)
1814978131,fcdaa7af-fa37-3837-95a2-7d6786716873,-40.86086,-12.12694,2026-04-21 15:58:00+00:00,2026-04-21,NPP-375,RUY BARBOSA,BAHIA,Brasil,,,,Caatinga,33,29,2927200,8,,217_068,25.2,POINT(-40.86086 -12.12694)
1814978136,4dda29a1-38fa-3aca-be99-4ac03d3044a2,-40.3433,-12.04024,2026-04-21 15:58:00+00:00,2026-04-21,NPP-375,MACAJUBA,BAHIA,Brasil,,,,Caatinga,33,29,2919603,8,,217_068,2.9,POINT(-40.3433 -12.04024)
1814978139,9156e8ea-743a-346f-8ee8-a04e8d9e7a3c,-43.41334,-12.5703,2026-04-21 15:58:00+00:00,2026-04-21,NPP-375,SÍTIO DO MATO,BAHIA,Brasil,,,,Cerrado,33,29,2930758,8,,219_069,2.7,POINT(-43.41334 -12.5703)
1814978147,787b1739-a64e-3b40-a858-1a3cfa641e36,-43.37908,-11.95298,2026-04-21 15:58:00+00:00,2026-04-21,NPP-375,MUQUÉM DO SÃO FRANCISCO,BAHIA,Brasil,,,,Cerrado,33,29,2922250,8,,219_068,10.0,POINT(-43.37908 -11.95298)
1814978182,7ade764f-b5a0-33db-828b-e19d76c21be9,-44.03988,-13.53008,2026-04-21 15:58:00+00:00,2026-04-21,NPP-375,SÃO FÉLIX DO CORIBE,BAHIA,Brasil,,,,Cerrado,33,29,2929057,8,,219_069,7.7,POINT(-44.03988 -13.53008)
1814978194,e2e4885c-26c8-346c-b186-37f03da5cd84,-40.0239,-14.755,2026-04-21 15:58:00+00:00,2026-04-21,NPP-375,IBICUÍ,BAHIA,Brasil,,,,Mata Atlântica,33,29,2912301,8,,216_070,1.9,POINT(-40.0239 -14.755)
1814978198,4680402b-bccd-36f9-8c43-a45e512f7e8f,-39.78008,-13.805,2026-04-21 15:58:00+00:00,2026-04-21,NPP-375,APUAREMA,BAHIA,Brasil,,,,Mata Atlântica,33,29,2901957,8,,216_070,3.1,POINT(-39.78008 -13.805)
1814978203,d16eef37-19b5-3fa9-a470-8bec6768f3d8,-43.37515,-13.34644,2026-04-21 15:58:00+00:00,2026-04-21,NPP-375,BOM JESUS DA LAPA,BAHIA,Brasil,,,,Caatinga,33,29,2903904,8,,218_069,4.6,POINT(-43.37515 -13.34644)
1814978204,c0a02d87-999d-3600-9afd-82902a367e27,-43.37691,-11.95127,2026-04-21 15:58:00+00:00,2026-04-21,NPP-375,MUQUÉM DO SÃO FRANCISCO,BAHIA,Brasil,,,,Cerrado,33,29,2922250,8,,219_068,4.3,POINT(-43.37691 -11.95127)
1814978205,f4e82c73-4f2a-3d50-bf70-d9e49c49ead5,-43.84531,-11.90724,2026-04-21 15:58:00+00:00,2026-04-21,NPP-375,WANDERLEY,BAHIA,Brasil,,,,Cerrado,33,29,2933455,8,,219_068,4.0,POINT(-43.84531 -11.90724)
1814978276,c9f093d1-1720-316e-9b6b-6465c304144d,-41.92299,-18.8608,2026-04-21 15:58:00+00:00,2026-04-21,NPP-375,GOVERNADOR VALADARES,MINAS GERAIS,Brasil,,,,Mata Atlântica,33,31,3127701,8,,217_073,7.1,POINT(-41.92299 -18.8608)
1814978297,ae9ac498-490a-3ac9-8e0e-e3866aff132e,-42.58365,-13.33299,2026-04-21 15:58:00+00:00,2026-04-21,NPP-375,BOTUPORÃ,BAHIA,Brasil,,,,Caatinga,33,29,2904209,8,,218_069,7.2,POINT(-42.58365 -13.33299)
1814978298,6e29359f-8037-3159-bdce-4b513b08bb15,-45.33794,-13.94842,2026-04-21 15:58:00+00:00,2026-04-21,NPP-375,JABORANDI,BAHIA,Brasil,,,,Cerrado,33,29,2917359,8,,220_070,2.1,POINT(-45.33794 -13.94842)
1814978302,cfcf4580-950a-3957-aeaa-8c7903a1b36f,-45.33406,-13.38498,2026-04-21 15:58:00+00:00,2026-04-21,NPP-375,CORRENTINA,BAHIA,Brasil,,,,Cerrado,33,29,2909307,8,,220_069,19.2,POINT(-45.33406 -13.38498)
1814978326,1a8be38e-8858-3656-adf5-c9e6322b4235,-40.21,-12.08829,2026-04-21 15:58:00+00:00,2026-04-21,NPP-375,BAIXA GRANDE,BAHIA,Brasil,,,,Caatinga,33,29,2902609,8,,217_068,2.8,POINT(-40.21 -12.08829)
1814978348,abf92932-9c03-3cbc-8282-b17fbfe883a1,-44.19606,-12.24271,2026-04-21 15:58:00+00:00,2026-04-21,NPP-375,CRISTÓPOLIS,BAHIA,Brasil,,,,Cerrado,33,29,2909703,8,,219_068,4.0,POINT(-44.19606 -12.24271)
1814978356,b46fcee6-6c28-3317-9f42-c340f0ae179b,-45.33893,-13.37961,2026-04-21 15:58:00+00:00,2026-04-21,NPP-375,CORRENTINA,BAHIA,Brasil,,,,Cerrado,33,29,2909307,8,,220_069,19.2,POINT(-45.33893 -13.37961)
1814978365,27fe1463-9045-3d2e-b9dc-29ea643c3cd7,-45.2188,-12.03816,2026-04-21 15:58:00+00:00,2026-04-21,NPP-375,BARREIRAS,BAHIA,Brasil,,,,Cerrado,33,29,2903201,8,,220_068,2.9,POINT(-45.2188 -12.03816)
1814978366,0237b2a2-83a2-35e7-956b-6bf52f3fb4a3,-45.43283,-21.76862,2026-04-21 15:58:00+00:00,2026-04-21,NPP-375,MONSENHOR PAULO,MINAS GERAIS,Brasil,,,,Mata Atlântica,33,31,3142601,8,,218_075,6.4,POINT(-45.43283 -21.76862)
1814978450,f2bf7bb2-c5c3-3216-bbd1-b6c3fde3eb5e,-46.25903,-20.10796,2026-04-21 15:58:00+00:00,2026-04-21,NPP-375,MEDEIROS,MINAS GERAIS,Brasil,,,,Cerrado,33,31,3141306,8,,219_074,5.6,POINT(-46.25903 -20.10796)
1814978466,fb2591af-ac7a-3f68-907f-936d1d448962,-43.60793,-13.0251,2026-04-21 15:58:00+00:00,2026-04-21,NPP-375,SÍTIO DO MATO,BAHIA,Brasil,,,,Cerrado,33,29,2930758,8,,219_069,8.8,POINT(-43.60793 -13.0251)
1814978470,cf45ecc3-3018-3a5d-ab74-1e451b478721,-45.22803,-12.0277,2026-04-21 15:58:00+00:00,2026-04-21,NPP-375,BARREIRAS,BAHIA,Brasil,,,,Cerrado,33,29,2903201,8,,220_068,4.5,POINT(-45.22803 -12.0277)
1814978497,5abc2e2f-de0c-3a5c-b66f-cd7d7beb381b,-39.39979,-13.77392,2026-04-21 15:58:00+00:00,2026-04-21,NPP-375,PIRAÍ DO NORTE,BAHIA,Brasil,,,,Mata Atlântica,33,29,2924678,8,,216_069,6.2,POINT(-39.39979 -13.77392)
1814978510,687e50bf-eda5-3e3a-b723-657e79435045,-40.31918,-13.26351,2026-04-21 15:58:00+00:00,2026-04-21,NPP-375,PLANALTINO,BAHIA,Brasil,,,,Caatinga,33,29,2924900,8,,216_069,8.6,POINT(-40.31918 -13.26351)
1814978521,280b39b7-c88c-3343-8cef-d6a0d9e10c8b,-47.46349,-22.13815,2026-04-21 15:58:00+00:00,2026-04-21,NPP-375,SANTA CRUZ DA CONCEIÇÃO,SÃO PAULO,Brasil,,,,Cerrado,33,35,3546207,8,,220_075,6.5,POINT(-47.46349 -22.13815)
1814978537,926617dc-691f-3cf0-abef-8c6e35b3da17,-45.33758,-13.3913,2026-04-21 15:58:00+00:00,2026-04-21,NPP-375,CORRENTINA,BAHIA,Brasil,,,,Cerrado,33,29,2909307,8,,220_069,12.9,POINT(-45.33758 -13.3913)
1814978569,0131d428-1c20-302b-ab53-f9e97ce3317d,-40.33965,-12.03975,2026-04-21 15:58:00+00:00,2026-04-21,NPP-375,MACAJUBA,BAHIA,Brasil,,,,Caatinga,33,29,2919603,8,,217_068,4.4,POINT(-40.33965 -12.03975)
1814978646,0f154b45-f212-3505-81a4-ddec96c6945d,-44.02069,-12.57688,2026-04-21 15:58:00+00:00,2026-04-21,NPP-375,BREJOLÂNDIA,BAHIA,Brasil,,,,Cerrado,33,29,2904407,8,,219_069,6.2,POINT(-44.02069 -12.57688)
1814978663,41284072-7117-3e58-a80f-3334a0f5e49e,-43.37351,-13.34858,2026-04-21 15:58:00+00:00,2026-04-21,NPP-375,BOM JESUS DA LAPA,BAHIA,Brasil,,,,Caatinga,33,29,2903904,8,,218_069,4.6,POINT(-43.37351 -13.34858)
1814978666,614b211a-65a5-304c-849e-8bfa6bcc893a,-43.84847,-11.90762,2026-04-21 15:58:00+00:00,2026-04-21,NPP-375,WANDERLEY,BAHIA,Brasil,,,,Cerrado,33,29,2933455,8,,219_068,4.0,POINT(-43.84847 -11.90762)
1814978682,01e547e8-32d8-3db2-9f51-812fef92241f,-47.46254,-22.13976,2026-04-21 15:58:00+00:00,2026-04-21,NPP-375,SANTA CRUZ DA CONCEIÇÃO,SÃO PAULO,Brasil,,,,Cerrado,33,35,3546207,8,,220_075,11.1,POINT(-47.46254 -22.13976)
1814978693,b891a64f-01c1-3d4c-8a6b-aa4241f5640b,-39.71881,-15.00956,2026-04-21 15:58:00+00:00,2026-04-21,NPP-375,ITAJU DO COLÔNIA,BAHIA,Brasil,,,,Mata Atlântica,33,29,2915403,8,,216_070,18.0,POINT(-39.71881 -15.00956)
1814978715,c13af61c-2f11-3e2f-a2b4-43cafc3b479e,-43.3763,-11.95631,2026-04-21 15:58:00+00:00,2026-04-21,NPP-375,MUQUÉM DO SÃO FRANCISCO,BAHIA,Brasil,,,,Cerrado,33,29,2922250,8,,219_068,4.3,POINT(-43.3763 -11.95631)
1814978720,22b52028-1b2a-3d2f-ba5c-4d690512e2b4,-43.01536,-12.91576,2026-04-21 15:58:00+00:00,2026-04-21,NPP-375,PARATINGA,BAHIA,Brasil,,,,Caatinga,33,29,2923704,8,,218_069,12.7,POINT(-43.01536 -12.91576)
1814978763,8d8f10ff-1bd6-30b7-96dc-5ba5910daa53,-44.03841,-13.53187,2026-04-21 15:58:00+00:00,2026-04-21,NPP-375,SÃO FÉLIX DO CORIBE,BAHIA,Brasil,,,,Cerrado,33,29,2929057,8,,219_069,8.2,POINT(-44.03841 -13.53187)
1814978774,34b79091-f244-3a1b-8d3e-fab5462b4aac,-39.42196,-14.43331,2026-04-21 15:58:00+00:00,2026-04-21,NPP-375,AURELINO LEAL,BAHIA,Brasil,,,,Mata Atlântica,33,29,2902401,8,,216_070,19.6,POINT(-39.42196 -14.43331)
1814978781,75552791-24cf-3662-9965-35a2b8e6ed73,-44.19223,-12.24766,2026-04-21 15:58:00+00:00,2026-04-21,NPP-375,CRISTÓPOLIS,BAHIA,Brasil,,,,Cerrado,33,29,2909703,8,,219_068,4.0,POINT(-44.19223 -12.24766)
1814978800,7dd9e037-31b5-3fb5-a307-7dfc1a48b43b,-39.11042,-12.1707,2026-04-21 15:58:00+00:00,2026-04-21,NPP-375,FEIRA DE SANTANA,BAHIA,Brasil,,,,Mata Atlântica,33,29,2910800,8,,216_068,5.2,POINT(-39.11042 -12.1707)
1814978859,2b2d696b-d50d-3589-af4a-ffcb9adbc6ed,-43.61107,-13.02549,2026-04-21 15:58:00+00:00,2026-04-21,NPP-375,SÍTIO DO MATO,BAHIA,Brasil,,,,Cerrado,33,29,2930758,8,,219_069,7.6,POINT(-43.61107 -13.02549)
1814978860,d7309df9-75d2-3bd0-9f13-8f908f5fa22e,-45.22409,-12.02723,2026-04-21 15:58:00+00:00,2026-04-21,NPP-375,BARREIRAS,BAHIA,Brasil,,,,Cerrado,33,29,2903201,8,,220_068,4.5,POINT(-45.22409 -12.02723)
1814978864,b2c21a5d-375b-3171-a20f-69bc81054c7c,-41.40946,-13.85052,2026-04-21 15:58:00+00:00,2026-04-21,NPP-375,ITUAÇU,BAHIA,Brasil,,,,Caatinga,33,29,2917201,8,,217_070,6.1,POINT(-41.40946 -13.85052)
1814978866,2da7d5cc-c5d7-3c93-93c5-d17820302c49,-43.41698,-12.56558,2026-04-21 15:58:00+00:00,2026-04-21,NPP-375,SÍTIO DO MATO,BAHIA,Brasil,,,,Cerrado,33,29,2930758,8,,219_069,2.5,POINT(-43.41698 -12.56558)
1814978975,f8ca4c9a-d7b2-3b91-97c2-0917b4f7c88c,-45.33826,-13.38546,2026-04-21 15:58:00+00:00,2026-04-21,NPP-375,CORRENTINA,BAHIA,Brasil,,,,Cerrado,33,29,2909307,8,,220_069,19.2,POINT(-45.33826 -13.38546)
1814978980,7cf53e20-aa31-37d1-a9ad-57781916fde1,-42.58604,-13.3357,2026-04-21 15:58:00+00:00,2026-04-21,NPP-375,BOTUPORÃ,BAHIA,Brasil,,,,Caatinga,33,29,2904209,8,,218_069,3.1,POINT(-42.58604 -13.3357)
1814978981,3c877640-caa0-3f3f-9836-2840b64955f2,-45.34245,-13.38593,2026-04-21 15:58:00+00:00,2026-04-21,NPP-375,CORRENTINA,BAHIA,Brasil,,,,Cerrado,33,29,2909307,8,,220_069,9.8,POINT(-45.34245 -13.38593)
1814978994,be9ad707-2763-3cab-846b-c88ccc34a81c,-45.22341,-12.03293,2026-04-21 15:58:00+00:00,2026-04-21,NPP-375,BARREIRAS,BAHIA,Brasil,,,,Cerrado,33,29,2903201,8,,220_068,4.5,POINT(-45.22341 -12.03293)
1814979011,9214a3f8-e418-3615-a6cc-512a03c6b81c,-43.84277,-11.97556,2026-04-21 15:58:00+00:00,2026-04-21,NPP-375,WANDERLEY,BAHIA,Brasil,,,,Cerrado,33,29,2933455,8,,219_068,8.7,POINT(-43.84277 -11.97556)
1814979012,0f9651f3-6ae5-310b-9915-a28e56aaaf01,-43.84309,-11.91109,2026-04-21 15:58:00+00:00,2026-04-21,NPP-375,WANDERLEY,BAHIA,Brasil,,,,Cerrado,33,29,2933455,8,,219_068,8.8,POINT(-43.84309 -11.91109)
1814979074,013b007c-909e-3630-84b6-af26dd1ad3c2,-45.33339,-13.39083,2026-04-21 15:58:00+00:00,2026-04-21,NPP-375,CORRENTINA,BAHIA,Brasil,,,,Cerrado,33,29,2909307,8,,220_069,12.9,POINT(-45.33339 -13.39083)
1814979237,b6ceb3b8-fafa-3e54-8b95-bea950008d20,-40.03787,-14.22592,2026-04-21 15:58:00+00:00,2026-04-21,NPP-375,ITAGI,BAHIA,Brasil,,,,Mata Atlântica,33,29,2915106,8,,216_070,1.8,POINT(-40.03787 -14.22592)
1814979242,daabcb1a-8872-3715-96f5-ae031f378906,-45.2181,-12.04387,2026-04-21 15:58:00+00:00,2026-04-21,NPP-375,BARREIRAS,BAHIA,Brasil,,,,Cerrado,33,29,2903201,8,,220_068,2.9,POINT(-45.2181 -12.04387)
1814979273,6cff1f5f-2757-3830-97a6-f188dead90a0,-39.16805,-12.35616,2026-04-21 15:58:00+00:00,2026-04-21,NPP-375,ANTÔNIO CARDOSO,BAHIA,Brasil,,,,Mata Atlântica,33,29,2901700,8,,216_069,4.3,POINT(-39.16805 -12.35616)
1814979360,a5ddbca6-d386-337e-8183-200e001b65b3,-45.35793,-13.96262,2026-04-21 15:58:00+00:00,2026-04-21,NPP-375,JABORANDI,BAHIA,Brasil,,,,Cerrado,33,29,2917359,8,,220_070,4.4,POINT(-45.35793 -13.96262)
1814979364,b5ae238c-6140-3fd6-8f0c-10f398caaf66,-42.02021,-14.1099,2026-04-21 15:58:00+00:00,2026-04-21,NPP-375,BRUMADO,BAHIA,Brasil,,,,Caatinga,33,29,2904605,8,,217_070,3.8,POINT(-42.02021 -14.1099)
1814979366,49660abe-f270-3fd6-b2c7-ee9d04e7c026,-43.84145,-11.91206,2026-04-21 15:58:00+00:00,2026-04-21,NPP-375,WANDERLEY,BAHIA,Brasil,,,,Cerrado,33,29,2933455,8,,219_068,5.6,POINT(-43.84145 -11.91206)
1814979381,4457d4a1-ffe2-31d5-ad94-b4fb2d6eea19,-40.31938,-13.26851,2026-04-21 15:58:00+00:00,2026-04-21,NPP-375,PLANALTINO,BAHIA,Brasil,,,,Caatinga,33,29,2924900,8,,216_069,3.6,POINT(-40.31938 -13.26851)
1814979390,44f164e0-38b2-3ac4-91b6-364b4dea2483,-39.68424,-13.78802,2026-04-21 15:58:00+00:00,2026-04-21,NPP-375,ITAMARI,BAHIA,Brasil,,,,Mata Atlântica,33,29,2915700,8,,216_070,7.7,POINT(-39.68424 -13.78802)
1814979426,8cd904e8-bcc0-3361-a1da-3da1e3562d48,-40.71013,-19.71519,2026-04-21 15:58:00+00:00,2026-04-21,NPP-375,SÃO ROQUE DO CANAÃ,ESPÍRITO SANTO,Brasil,,,,Mata Atlântica,33,32,3204955,8,,216_074,2.5,POINT(-40.71013 -19.71519)
1814979459,0b27b368-ca2a-326c-bb84-d5d2bad22adc,-44.03642,-13.52966,2026-04-21 15:58:00+00:00,2026-04-21,NPP-375,SÃO FÉLIX DO CORIBE,BAHIA,Brasil,,,,Cerrado,33,29,2929057,8,,219_069,7.7,POINT(-44.03642 -13.52966)
1814979463,fc370c93-0de7-3538-88b1-b6c8e5253650,-39.09646,-14.04241,2026-04-21 15:58:00+00:00,2026-04-21,NPP-375,CAMAMU,BAHIA,Brasil,,,,Mata Atlântica,33,29,2905800,8,,216_070,2.3,POINT(-39.09646 -14.04241)
1814979466,81ef8f30-b3c8-3c3f-8a61-265dfd4f50f4,-43.41636,-12.57067,2026-04-21 15:58:00+00:00,2026-04-21,NPP-375,SÍTIO DO MATO,BAHIA,Brasil,,,,Cerrado,33,29,2930758,8,,219_069,2.8,POINT(-43.41636 -12.57067)
1814979467,54afc84e-839b-34e4-820a-b9ab544ca921,-43.41397,-12.5652,2026-04-21 15:58:00+00:00,2026-04-21,NPP-375,SÍTIO DO MATO,BAHIA,Brasil,,,,Cerrado,33,29,2930758,8,,219_069,3.7,POINT(-43.41397 -12.5652)
1814979480,6b7ae59b-c292-353b-8163-92aaaf17d1bf,-43.84692,-11.90631,2026-04-21 15:58:00+00:00,2026-04-21,NPP-375,WANDERLEY,BAHIA,Brasil,,,,Cerrado,33,29,2933455,8,,219_068,5.7,POINT(-43.84692 -11.90631)
1814979510,60a6ca6d-cca6-3b4a-8b87-36f3553eefe8,-43.01245,-13.22439,2026-04-21 15:58:00+00:00,2026-04-21,NPP-375,BOM JESUS DA LAPA,BAHIA,Brasil,,,,Caatinga,33,29,2903904,8,,218_069,5.8,POINT(-43.01245 -13.22439)
1814979531,e7cabfbd-127f-3587-afe0-470867348d7d,-39.1498,-13.84674,2026-04-21 15:58:00+00:00,2026-04-21,NPP-375,IGRAPIÚNA,BAHIA,Brasil,,,,Mata Atlântica,33,29,2913457,8,,216_070,5.0,POINT(-39.1498 -13.84674)
1814979548,a11ee805-1df4-3da7-a5f3-bd6ef1e67749,-42.09613,-19.72257,2026-04-21 15:58:00+00:00,2026-04-21,NPP-375,UBAPORANGA,MINAS GERAIS,Brasil,,,,Mata Atlântica,33,31,3170057,8,,217_074,1.7,POINT(-42.09613 -19.72257)
1814979552,315c83c1-3b1b-3d9e-819c-0c494c7d2ff7,-40.85604,-11.95897,2026-04-21 15:58:00+00:00,2026-04-21,NPP-375,TAPIRAMUTÁ,BAHIA,Brasil,,,,Caatinga,33,29,2931301,8,,217_068,5.3,POINT(-40.85604 -11.95897)
1814979574,8124a499-5db4-30fd-82c7-fc6e1546ffa0,-46.25297,-20.10747,2026-04-21 15:58:00+00:00,2026-04-21,NPP-375,MEDEIROS,MINAS GERAIS,Brasil,,,,Cerrado,33,31,3141306,8,,219_074,7.7,POINT(-46.25297 -20.10747)
1814979576,e95a97a4-aa78-36f4-bfb5-0aa33203fdd5,-41.3072,-12.10659,2026-04-21 15:58:00+00:00,2026-04-21,NPP-375,BONITO,BAHIA,Brasil,,,,Caatinga,33,29,2904050,8,,217_068,12.3,POINT(-41.3072 -12.10659)
1814979586,804cff3a-cf56-39c1-b444-083d08a27982,-44.03497,-13.53147,2026-04-21 15:58:00+00:00,2026-04-21,NPP-375,SÃO FÉLIX DO CORIBE,BAHIA,Brasil,,,,Cerrado,33,29,2929057,8,,219_069,8.2,POINT(-44.03497 -13.53147)
1814978211,0f015209-d7e5-3189-ad17-58988b9a47f2,-39.11356,-15.95615,2026-04-21 16:01:00+00:00,2026-04-21,NPP-375,BELMONTE,BAHIA,Brasil,,,,Mata Atlântica,33,29,2903409,8,,215_071,16.6,POINT(-39.11356 -15.95615)
1814979249,e29dc7ae-c78e-311a-9e9a-983cc56bdcc9,-35.41035,-8.05075,2026-04-21 16:01:00+00:00,2026-04-21,NPP-375,GLÓRIA DO GOITÁ,PERNAMBUCO,Brasil,,,,Mata Atlântica,33,26,2606101,8,,214_066,2.8,POINT(-35.41035 -8.05075)
1814979579,e884c04b-0ddd-3033-b76d-7f5f40027e9e,-39.10233,-15.95876,2026-04-21 16:01:00+00:00,2026-04-21,NPP-375,BELMONTE,BAHIA,Brasil,,,,Mata Atlântica,33,29,2903409,8,,215_071,9.7,POINT(-39.10233 -15.95876)
1814979326,09d96ef9-2501-3b41-b672-2b7787e11a68,-39.03076,-15.50015,2026-04-21 16:01:00+00:00,2026-04-21,NPP-375,CANAVIEIRAS,BAHIA,Brasil,,,,Mata Atlântica,33,29,2906303,8,,215_071,4.0,POINT(-39.03076 -15.50015)
1814978416,d588fb84-c28d-37cd-abc3-8e68fbb8d365,-39.87864,-15.32724,2026-04-21 16:01:00+00:00,2026-04-21,NPP-375,ITAPETINGA,BAHIA,Brasil,,,,Mata Atlântica,33,29,2916401,8,,216_071,3.3,POINT(-39.87864 -15.32724)
1814978880,bd8a4aa8-4083-3c40-af38-babe83d7f395,-43.00994,-15.98592,2026-04-21 16:01:00+00:00,2026-04-21,NPP-375,RIACHO DOS MACHADOS,MINAS GERAIS,Brasil,,,,Cerrado,33,31,3154507,8,,218_071,3.0,POINT(-43.00994 -15.98592)
1814979055,4aaca5c8-7701-3e4a-a60e-dcfad9a9de64,-41.24102,-15.74177,2026-04-21 16:01:00+00:00,2026-04-21,NPP-375,PEDRA AZUL,MINAS GERAIS,Brasil,,,,Mata Atlântica,33,31,3148707,8,,217_071,5.7,POINT(-41.24102 -15.74177)
1814978841,c37c4621-de64-3beb-b240-1fc6d49ec6af,-39.10766,-15.95946,2026-04-21 16:01:00+00:00,2026-04-21,NPP-375,BELMONTE,BAHIA,Brasil,,,,Mata Atlântica,33,29,2903409,8,,215_071,9.7,POINT(-39.10766 -15.95946)
1814978230,fceb53af-a322-3d5d-aa89-33231c5eb9cc,-39.1071,-15.96347,2026-04-21 16:01:00+00:00,2026-04-21,NPP-375,BELMONTE,BAHIA,Brasil,,,,Mata Atlântica,33,29,2903409,8,,215_071,16.2,POINT(-39.1071 -15.96347)
1814978778,c14f9a49-fd92-3b26-8422-3dc0a43fb7fc,-39.70937,-15.44776,2026-04-21 16:01:00+00:00,2026-04-21,NPP-375,PAU BRASIL,BAHIA,Brasil,,,,Mata Atlântica,33,29,2923902,8,,216_071,4.8,POINT(-39.70937 -15.44776)
1814978451,b6249415-9f13-3763-8600-c7ee6fd27eb2,-39.10822,-15.95545,2026-04-21 16:01:00+00:00,2026-04-21,NPP-375,BELMONTE,BAHIA,Brasil,,,,Mata Atlântica,33,29,2903409,8,,215_071,9.7,POINT(-39.10822 -15.95545)
1814979160,1824419f-bb72-3da5-b486-062f944b0936,-46.81947,-11.87947,2026-04-21 16:01:00+00:00,2026-04-21,NPP-375,DIANÓPOLIS,TOCANTINS,Brasil,,,,Cerrado,33,17,1707009,8,,221_068,3.1,POINT(-46.81947 -11.87947)
1814979176,52e1cb15-f20d-3b9d-8074-e47d5ed83507,-37.36176,-8.95258,2026-04-21 16:01:00+00:00,2026-04-21,NPP-375,ITAÍBA,PERNAMBUCO,Brasil,,,,Caatinga,33,26,2607505,8,,215_066,3.9,POINT(-37.36176 -8.95258)
1814979425,4f465c74-79d4-33bf-be50-7cb52b89aa2d,-37.03736,-8.83492,2026-04-21 16:01:00+00:00,2026-04-21,NPP-375,BUÍQUE,PERNAMBUCO,Brasil,,,,Caatinga,33,26,2602803,8,,215_066,6.3,POINT(-37.03736 -8.83492)
1814980577,f33f369b-1fd3-39d9-8c85-f770aa67091a,-50.07393,-25.17926,2026-04-21 16:16:00+00:00,2026-04-21,NOAA-20,PONTA GROSSA,PARANÁ,Brasil,,,,Mata Atlântica,33,41,4119905,8,,221_077,8.8,POINT(-50.07393 -25.17926)
1814981043,4ccf0ab4-b47e-39e9-971d-8df3e3a49dc7,-50.03972,-24.47159,2026-04-21 16:16:00+00:00,2026-04-21,NOAA-20,PIRAÍ DO SUL,PARANÁ,Brasil,,,,Cerrado,33,41,4119400,8,,221_077,6.4,POINT(-50.03972 -24.47159)
1814980553,21572ac2-fca8-38e3-80cf-0ca72879e66d,-50.03798,-24.46767,2026-04-21 16:16:00+00:00,2026-04-21,NOAA-20,PIRAÍ DO SUL,PARANÁ,Brasil,,,,Cerrado,33,41,4119400,8,,221_077,4.9,POINT(-50.03798 -24.46767)
1814980967,97b0a925-ad4d-33a1-9b42-0ffbf05bddf5,-50.04269,-24.46802,2026-04-21 16:16:00+00:00,2026-04-21,NOAA-20,PIRAÍ DO SUL,PARANÁ,Brasil,,,,Cerrado,33,41,4119400,8,,221_077,4.9,POINT(-50.04269 -24.46802)
1814980862,00b87af2-d2fd-335b-b963-4d2032be86d2,-50.04068,-24.46563,2026-04-21 16:16:00+00:00,2026-04-21,NOAA-20,PIRAÍ DO SUL,PARANÁ,Brasil,,,,Cerrado,33,41,4119400,8,,221_077,8.3,POINT(-50.04068 -24.46563)
1814980608,26cd989b-32f2-3e24-bf9f-0d8ae4f00aad,-50.4175,-25.64269,2026-04-21 16:16:00+00:00,2026-04-21,NOAA-20,SÃO JOÃO DO TRIUNFO,PARANÁ,Brasil,,,,Mata Atlântica,33,41,4125100,8,,221_078,9.3,POINT(-50.4175 -25.64269)
1814981058,fa4c45c7-c97f-3064-a257-1dd268fe230b,-50.41736,-25.64892,2026-04-21 16:16:00+00:00,2026-04-21,NOAA-20,SÃO JOÃO DO TRIUNFO,PARANÁ,Brasil,,,,Mata Atlântica,33,41,4125100,8,,221_078,9.3,POINT(-50.41736 -25.64892)
1814980567,c153d499-9573-3afa-a26e-93a91be79e27,-50.03686,-24.47363,2026-04-21 16:16:00+00:00,2026-04-21,NOAA-20,PIRAÍ DO SUL,PARANÁ,Brasil,,,,Cerrado,33,41,4119400,8,,221_077,4.9,POINT(-50.03686 -24.47363)
1814981063,75fd8367-6755-3fe1-b978-e0df15a72381,-50.41676,-25.64775,2026-04-21 16:16:00+00:00,2026-04-21,NOAA-20,SÃO JOÃO DO TRIUNFO,PARANÁ,Brasil,,,,Mata Atlântica,33,41,4125100,8,,221_078,13.4,POINT(-50.41676 -25.64775)
1814980893,1bfbb9c7-6904-3c14-9b42-f9bfbc6bec40,-43.60938,-22.65158,2026-04-21 16:18:00+00:00,2026-04-21,NOAA-20,JAPERI,RIO DE JANEIRO,Brasil,,,,Mata Atlântica,33,33,3302270,8,,217_076,4.7,POINT(-43.60938 -22.65158)
1814980704,6fd4b9eb-8954-3571-b6ac-3eb7e9e03b79,-44.93331,-21.09599,2026-04-21 16:18:00+00:00,2026-04-21,NOAA-20,BOM SUCESSO,MINAS GERAIS,Brasil,,,,Mata Atlântica,33,31,3108008,8,,218_075,2.7,POINT(-44.93331 -21.09599)
1814980898,14af4157-4364-345e-b7f2-bd903acab069,-47.77435,-23.748,2026-04-21 16:18:00+00:00,2026-04-21,NOAA-20,PILAR DO SUL,SÃO PAULO,Brasil,,,,Mata Atlântica,33,35,3537909,8,,220_076,5.0,POINT(-47.77435 -23.748)
1814980706,3099495c-b025-3480-b294-0cb06adbcefc,-49.29878,-23.90583,2026-04-21 16:18:00+00:00,2026-04-21,NOAA-20,ITARARÉ,SÃO PAULO,Brasil,,,,Cerrado,33,35,3523206,8,,221_077,6.4,POINT(-49.29878 -23.90583)
1814980607,03754226-f107-346a-a201-167fb600c2bd,-49.99791,-21.75834,2026-04-21 16:18:00+00:00,2026-04-21,NOAA-20,GETULINA,SÃO PAULO,Brasil,,,,Mata Atlântica,33,35,3517000,8,,221_075,10.5,POINT(-49.99791 -21.75834)
1814980646,ec818710-3575-3c8b-8365-dd5f9b507a0e,-46.1311,-23.19887,2026-04-21 16:18:00+00:00,2026-04-21,NOAA-20,IGARATÁ,SÃO PAULO,Brasil,,,,Mata Atlântica,33,35,3520202,8,,219_076,7.3,POINT(-46.1311 -23.19887)
1814980909,1043471f-6bd4-3cf7-8f0b-7e59b95053a8,-50.87407,-24.06629,2026-04-21 16:18:00+00:00,2026-04-21,NOAA-20,ORTIGUEIRA,PARANÁ,Brasil,,,,Mata Atlântica,33,41,4117305,8,,222_077,3.4,POINT(-50.87407 -24.06629)
1814980712,c53237fe-1298-3b37-a9a9-9a91775d5d1a,-44.41111,-17.91768,2026-04-21 16:18:00+00:00,2026-04-21,NOAA-20,LASSANCE,MINAS GERAIS,Brasil,,,,Cerrado,33,31,3138104,8,,218_072,9.0,POINT(-44.41111 -17.91768)
1814980539,609ef982-ab8f-309a-a46e-d9eac291a0e7,-40.56014,-18.4726,2026-04-21 16:18:00+00:00,2026-04-21,NOAA-20,ECOPORANGA,ESPÍRITO SANTO,Brasil,,,,Mata Atlântica,33,32,3202108,8,,216_073,2.0,POINT(-40.56014 -18.4726)
1814980924,09dc42ac-9624-39d0-a1a8-406565c997cd,-40.0643,-19.59516,2026-04-21 16:18:00+00:00,2026-04-21,NOAA-20,ARACRUZ,ESPÍRITO SANTO,Brasil,,,,Mata Atlântica,33,32,3200607,8,,215_074,3.6,POINT(-40.0643 -19.59516)
1814980925,4410df8c-23f0-3ef8-a3d4-9525db83045a,-45.71829,-22.14042,2026-04-21 16:18:00+00:00,2026-04-21,NOAA-20,SÃO SEBASTIÃO DA BELA VISTA,MINAS GERAIS,Brasil,,,,Mata Atlântica,33,31,3164407,8,,219_075,5.3,POINT(-45.71829 -22.14042)
1814981036,6f3a490b-dafa-33bb-8567-7966ee7b9c5a,-49.99928,-21.75821,2026-04-21 16:18:00+00:00,2026-04-21,NOAA-20,GETULINA,SÃO PAULO,Brasil,,,,Mata Atlântica,33,35,3517000,8,,221_075,8.6,POINT(-49.99928 -21.75821)
1814980808,01b78fca-ce97-3d29-979c-5116279e24a8,-49.77003,-19.69823,2026-04-21 16:18:00+00:00,2026-04-21,NOAA-20,SÃO FRANCISCO DE SALES,MINAS GERAIS,Brasil,,,,Cerrado,33,31,3161304,8,,222_074,5.9,POINT(-49.77003 -19.69823)
1814980821,165fde50-2503-34d4-86e7-e9d9e2c25817,-47.9445,-21.54446,2026-04-21 16:18:00+00:00,2026-04-21,NOAA-20,GUATAPARÁ,SÃO PAULO,Brasil,,,,Cerrado,33,35,3518859,8,,220_075,1.1,POINT(-47.9445 -21.54446)
1814980727,fc191afd-8be5-3d7d-838b-921c0fd78ba4,-40.73296,-19.50423,2026-04-21 16:18:00+00:00,2026-04-21,NOAA-20,COLATINA,ESPÍRITO SANTO,Brasil,,,,Mata Atlântica,33,32,3201506,8,,216_073,4.2,POINT(-40.73296 -19.50423)
1814980834,5480a2ab-6e01-3281-83f7-2d4c91786ee5,-44.43554,-17.6386,2026-04-21 16:18:00+00:00,2026-04-21,NOAA-20,LASSANCE,MINAS GERAIS,Brasil,,,,Cerrado,33,31,3138104,8,,218_072,15.0,POINT(-44.43554 -17.6386)
1814980596,1f65be4c-9bfb-3335-82bb-3ff14c48982a,-49.29671,-23.90782,2026-04-21 16:18:00+00:00,2026-04-21,NOAA-20,ITARARÉ,SÃO PAULO,Brasil,,,,Cerrado,33,35,3523206,8,,221_077,3.0,POINT(-49.29671 -23.90782)
1814980844,65f003bb-0a82-32d3-b071-87904ca3ca4a,-51.917,-23.12182,2026-04-21 16:18:00+00:00,2026-04-21,NOAA-20,FLÓRIDA,PARANÁ,Brasil,,,,Mata Atlântica,33,41,4108106,8,,222_076,28.6,POINT(-51.917 -23.12182)
1814980962,c9040e5b-1ac9-3b94-8f3a-eedafe9879ca,-40.51733,-18.12117,2026-04-21 16:18:00+00:00,2026-04-21,NOAA-20,MUCURICI,ESPÍRITO SANTO,Brasil,,,,Mata Atlântica,33,32,3203601,8,,216_073,2.6,POINT(-40.51733 -18.12117)
1814980679,62feba49-825b-31b8-91b2-9c72adec468b,-49.30069,-23.90814,2026-04-21 16:18:00+00:00,2026-04-21,NOAA-20,ITARARÉ,SÃO PAULO,Brasil,,,,Cerrado,33,35,3523206,8,,221_077,3.0,POINT(-49.30069 -23.90814)
1814980680,03573496-564f-3e9f-907c-3d709b3fd521,-51.92308,-23.12227,2026-04-21 16:18:00+00:00,2026-04-21,NOAA-20,FLÓRIDA,PARANÁ,Brasil,,,,Mata Atlântica,33,41,4108106,8,,222_076,28.6,POINT(-51.92308 -23.12227)
1814980683,6a8c126a-68f2-3a05-82cc-4773d17d1334,-40.56082,-18.47018,2026-04-21 16:18:00+00:00,2026-04-21,NOAA-20,ECOPORANGA,ESPÍRITO SANTO,Brasil,,,,Mata Atlântica,33,32,3202108,8,,216_073,1.6,POINT(-40.56082 -18.47018)
1814980689,836f13d2-f2f9-3a5c-af2f-b77ecc93ab1d,-47.58162,-22.79732,2026-04-21 16:18:00+00:00,2026-04-21,NOAA-20,RIO DAS PEDRAS,SÃO PAULO,Brasil,,,,Mata Atlântica,33,35,3544004,8,,220_076,2.6,POINT(-47.58162 -22.79732)
1814980692,f847c44a-a030-305a-abf9-e51e9c5f7861,-46.25721,-20.11,2026-04-21 16:18:00+00:00,2026-04-21,NOAA-20,MEDEIROS,MINAS GERAIS,Brasil,,,,Cerrado,33,31,3141306,8,,219_074,5.5,POINT(-46.25721 -20.11)
1814980992,09cf517c-9797-3394-a5e0-dee6c7ba8961,-47.77763,-23.74832,2026-04-21 16:18:00+00:00,2026-04-21,NOAA-20,PILAR DO SUL,SÃO PAULO,Brasil,,,,Mata Atlântica,33,35,3537909,8,,220_076,4.9,POINT(-47.77763 -23.74832)
1814980765,bf6e0e70-1bf0-3deb-ae34-a28a18b0d1ea,-49.77125,-19.7025,2026-04-21 16:18:00+00:00,2026-04-21,NOAA-20,SÃO FRANCISCO DE SALES,MINAS GERAIS,Brasil,,,,Cerrado,33,31,3161304,8,,222_074,4.4,POINT(-49.77125 -19.7025)
1814980768,4c3295d4-4315-3b1e-872b-ac3146f41860,-41.62833,-17.1183,2026-04-21 16:18:00+00:00,2026-04-21,NOAA-20,PADRE PARAÍSO,MINAS GERAIS,Brasil,,,,Mata Atlântica,33,31,3146305,8,,217_072,4.2,POINT(-41.62833 -17.1183)
1814980999,1bdbb9fe-4ab4-387e-94d8-f083801fb3d5,-46.15899,-20.66104,2026-04-21 16:18:00+00:00,2026-04-21,NOAA-20,CAPITÓLIO,MINAS GERAIS,Brasil,,,,Cerrado,33,31,3112802,8,,219_074,4.6,POINT(-46.15899 -20.66104)
1814980698,ae9dd6a5-f6b3-3180-be80-c8c71ea0a2a1,-48.22293,-22.0463,2026-04-21 16:18:00+00:00,2026-04-21,NOAA-20,RIBEIRÃO BONITO,SÃO PAULO,Brasil,,,,Cerrado,33,35,3542909,8,,220_075,4.6,POINT(-48.22293 -22.0463)
1814980779,c998e392-2412-37d7-9b65-5917aeafa298,-44.22177,-21.76856,2026-04-21 16:18:00+00:00,2026-04-21,NOAA-20,ANDRELÂNDIA,MINAS GERAIS,Brasil,,,,Mata Atlântica,33,31,3102803,8,,218_075,10.3,POINT(-44.22177 -21.76856)
1814980653,2684878e-f65c-3042-88bc-433059807805,-43.83992,-11.97719,2026-04-21 16:20:00+00:00,2026-04-21,NOAA-20,WANDERLEY,BAHIA,Brasil,,,,Cerrado,33,29,2933455,8,,219_068,20.5,POINT(-43.83992 -11.97719)
1814980654,a549b753-d01d-342d-bdfe-24f132d6d522,-39.87838,-15.32723,2026-04-21 16:20:00+00:00,2026-04-21,NOAA-20,ITAPETINGA,BAHIA,Brasil,,,,Mata Atlântica,33,29,2916401,8,,216_071,3.7,POINT(-39.87838 -15.32723)
1814980658,f5808050-5f38-3145-befb-86c78cf0d0cc,-43.84145,-11.91308,2026-04-21 16:20:00+00:00,2026-04-21,NOAA-20,WANDERLEY,BAHIA,Brasil,,,,Cerrado,33,29,2933455,8,,219_068,12.5,POINT(-43.84145 -11.91308)
1814980661,2beee1b9-29fe-3cf8-b9d6-74471cc033db,-43.608,-13.02284,2026-04-21 16:20:00+00:00,2026-04-21,NOAA-20,SÍTIO DO MATO,BAHIA,Brasil,,,,Cerrado,33,29,2930758,8,,219_069,13.8,POINT(-43.608 -13.02284)
1814980666,f3b4f038-9a24-3243-9e52-c4b11c099015,-41.99228,-11.17211,2026-04-21 16:20:00+00:00,2026-04-21,NOAA-20,CENTRAL,BAHIA,Brasil,,,,Caatinga,33,29,2907608,8,,218_068,2.9,POINT(-41.99228 -11.17211)
1814980668,42ec1b6e-897f-3950-bdc6-7ef7bb103957,-39.11255,-15.95754,2026-04-21 16:20:00+00:00,2026-04-21,NOAA-20,BELMONTE,BAHIA,Brasil,,,,Mata Atlântica,33,29,2903409,8,,215_071,9.4,POINT(-39.11255 -15.95754)
1814980670,7a9db880-7336-3d6e-8361-c45d34372a05,-49.9081,-10.85183,2026-04-21 16:20:00+00:00,2026-04-21,NOAA-20,LAGOA DA CONFUSÃO,TOCANTINS,Brasil,,,,Cerrado,33,17,1711902,8,,223_068,3.7,POINT(-49.9081 -10.85183)
1814980677,b2f593b8-d4c5-3dc0-816c-e38e98f10cbd,-46.53506,-15.85214,2026-04-21 16:20:00+00:00,2026-04-21,NOAA-20,UNAÍ,MINAS GERAIS,Brasil,,,,Cerrado,33,31,3170404,8,,220_071,4.0,POINT(-46.53506 -15.85214)
1814980695,f32c939f-7ebb-33cf-b7f4-70c61d2329bb,-47.53921,-14.59496,2026-04-21 16:20:00+00:00,2026-04-21,NOAA-20,SÃO JOÃO D'ALIANÇA,GOIÁS,Brasil,,,,Cerrado,33,52,5220009,8,,221_070,5.6,POINT(-47.53921 -14.59496)
1814980707,27fc7863-ba86-3ad8-b3b2-41b5df04d32b,-43.90899,-15.98468,2026-04-21 16:20:00+00:00,2026-04-21,NOAA-20,SÃO JOÃO DA PONTE,MINAS GERAIS,Brasil,,,,Caatinga,33,31,3162401,8,,218_071,4.5,POINT(-43.90899 -15.98468)
1814980709,eb4b6013-9836-3fb8-9fd8-f6c14b4e4f09,-45.34109,-13.95013,2026-04-21 16:20:00+00:00,2026-04-21,NOAA-20,JABORANDI,BAHIA,Brasil,,,,Cerrado,33,29,2917359,8,,220_070,9.9,POINT(-45.34109 -13.95013)
1814980714,0bce6831-c647-3eae-91a9-20d12f004a24,-45.33613,-13.94948,2026-04-21 16:20:00+00:00,2026-04-21,NOAA-20,JABORANDI,BAHIA,Brasil,,,,Cerrado,33,29,2917359,8,,220_070,11.5,POINT(-45.33613 -13.94948)
1814980716,ee427f2f-7fbe-3a64-90da-415dd9c94e1d,-39.10402,-15.9631,2026-04-21 16:20:00+00:00,2026-04-21,NOAA-20,BELMONTE,BAHIA,Brasil,,,,Mata Atlântica,33,29,2903409,8,,215_071,6.4,POINT(-39.10402 -15.9631)
1814980718,75b88f97-1d47-3404-a1e3-60e75c97973c,-43.84604,-11.909,2026-04-21 16:20:00+00:00,2026-04-21,NOAA-20,WANDERLEY,BAHIA,Brasil,,,,Cerrado,33,29,2933455,8,,219_068,40.3,POINT(-43.84604 -11.909)
1814980724,b7867177-3c97-3845-b822-306ed3b48b51,-39.72065,-15.01025,2026-04-21 16:20:00+00:00,2026-04-21,NOAA-20,ITAJU DO COLÔNIA,BAHIA,Brasil,,,,Mata Atlântica,33,29,2915403,8,,216_070,8.3,POINT(-39.72065 -15.01025)
1814980725,d83c4213-0d91-3bc0-ba16-c2c765670651,-39.4216,-14.43342,2026-04-21 16:20:00+00:00,2026-04-21,NOAA-20,AURELINO LEAL,BAHIA,Brasil,,,,Mata Atlântica,33,29,2902401,8,,216_070,8.3,POINT(-39.4216 -14.43342)
1814980726,daf85c12-a0e8-3f71-9425-61725697925d,-42.47356,-14.01863,2026-04-21 16:20:00+00:00,2026-04-21,NOAA-20,CAETITÉ,BAHIA,Brasil,,,,Caatinga,33,29,2905206,8,,218_070,3.4,POINT(-42.47356 -14.01863)
1814980728,a7cdb391-13d6-38c8-b6f0-440d879e5c7f,-43.41435,-12.56889,2026-04-21 16:20:00+00:00,2026-04-21,NOAA-20,SÍTIO DO MATO,BAHIA,Brasil,,,,Cerrado,33,29,2930758,8,,219_069,10.3,POINT(-43.41435 -12.56889)
1814980729,73928cdc-580d-3eb9-b5a7-167e72a3b8de,-41.70779,-11.4683,2026-04-21 16:20:00+00:00,2026-04-21,NOAA-20,LAPÃO,BAHIA,Brasil,,,,Caatinga,33,29,2919157,8,,218_068,3.3,POINT(-41.70779 -11.4683)
1814980730,3a90675c-020e-3aac-85a4-79ac6d1d439d,-45.34047,-13.38557,2026-04-21 16:20:00+00:00,2026-04-21,NOAA-20,CORRENTINA,BAHIA,Brasil,,,,Cerrado,33,29,2909307,8,,220_069,34.1,POINT(-45.34047 -13.38557)
1814980735,2cc9590c-3675-320a-9339-83045974c786,-42.58281,-13.33498,2026-04-21 16:20:00+00:00,2026-04-21,NOAA-20,BOTUPORÃ,BAHIA,Brasil,,,,Caatinga,33,29,2904209,8,,218_069,4.1,POINT(-42.58281 -13.33498)
1814980741,19c66606-6b00-3ecb-ac82-af6b3c1772d4,-49.73005,-11.8628,2026-04-21 16:20:00+00:00,2026-04-21,NOAA-20,FORMOSO DO ARAGUAIA,TOCANTINS,Brasil,,,,Cerrado,33,17,1708205,8,,223_068,5.1,POINT(-49.73005 -11.8628)
1814980745,175be285-a85e-3f6c-8bb5-0a6a4a47f638,-39.10459,-15.95974,2026-04-21 16:20:00+00:00,2026-04-21,NOAA-20,BELMONTE,BAHIA,Brasil,,,,Mata Atlântica,33,29,2903409,8,,215_071,3.8,POINT(-39.10459 -15.95974)
1814980746,49791a77-432c-3ab8-86a6-c07098182ab9,-46.82714,-11.86785,2026-04-21 16:20:00+00:00,2026-04-21,NOAA-20,DIANÓPOLIS,TOCANTINS,Brasil,,,,Cerrado,33,17,1707009,8,,221_068,1.5,POINT(-46.82714 -11.86785)
1814980757,8648182c-d9df-32d0-9046-441737b2a80d,-41.8055,-15.17839,2026-04-21 16:20:00+00:00,2026-04-21,NOAA-20,SÃO JOÃO DO PARAÍSO,MINAS GERAIS,Brasil,,,,Mata Atlântica,33,31,3162708,8,,217_071,3.4,POINT(-41.8055 -15.17839)
1814980758,9fa09171-609b-395b-9a31-1472819dce7c,-37.34409,-8.90863,2026-04-21 16:20:00+00:00,2026-04-21,NOAA-20,ITAÍBA,PERNAMBUCO,Brasil,,,,Caatinga,33,26,2607505,8,,215_066,18.8,POINT(-37.34409 -8.90863)
1814980763,3e4d5415-b430-343c-b92d-0968e3ad271d,-39.59998,-13.73903,2026-04-21 16:20:00+00:00,2026-04-21,NOAA-20,NOVA IBIÁ,BAHIA,Brasil,,,,Mata Atlântica,33,29,2922755,8,,216_069,1.8,POINT(-39.59998 -13.73903)
1814980769,1bc88522-f2d5-3d82-aba8-338fcd53f777,-41.64666,-14.28718,2026-04-21 16:20:00+00:00,2026-04-21,NOAA-20,BRUMADO,BAHIA,Brasil,,,,Caatinga,33,29,2904605,8,,217_070,2.6,POINT(-41.64666 -14.28718)
1814980782,35815071-9b75-344d-bb60-4bbeb0386273,-43.38369,-11.95593,2026-04-21 16:20:00+00:00,2026-04-21,NOAA-20,MUQUÉM DO SÃO FRANCISCO,BAHIA,Brasil,,,,Cerrado,33,29,2922250,8,,219_068,3.2,POINT(-43.38369 -11.95593)
1814980788,adf89b8c-c65c-3769-8ce9-1c907f6df584,-43.50551,-16.56625,2026-04-21 16:20:00+00:00,2026-04-21,NOAA-20,FRANCISCO SÁ,MINAS GERAIS,Brasil,,,,Cerrado,33,31,3126703,8,,218_071,3.6,POINT(-43.50551 -16.56625)
1814980795,6cd8323a-b0e6-33b3-9c85-376737f862d8,-40.47511,-13.03334,2026-04-21 16:20:00+00:00,2026-04-21,NOAA-20,MARCIONÍLIO SOUZA,BAHIA,Brasil,,,,Caatinga,33,29,2920809,8,,217_069,8.4,POINT(-40.47511 -13.03334)
1814980798,95e00c86-0661-30cd-9fa8-b67f89f5b3a2,-45.33452,-13.39259,2026-04-21 16:20:00+00:00,2026-04-21,NOAA-20,CORRENTINA,BAHIA,Brasil,,,,Cerrado,33,29,2909307,8,,220_069,13.1,POINT(-45.33452 -13.39259)
1814980799,83c1d25d-ea81-3110-b23e-929fa5d516ef,-47.37717,-13.9132,2026-04-21 16:20:00+00:00,2026-04-21,NOAA-20,CAVALCANTE,GOIÁS,Brasil,,,,Cerrado,33,52,5205307,8,,221_070,7.3,POINT(-47.37717 -13.9132)
1814980801,db6ec630-0788-3a58-859b-11228eb06929,-39.70962,-15.44991,2026-04-21 16:20:00+00:00,2026-04-21,NOAA-20,PAU BRASIL,BAHIA,Brasil,,,,Mata Atlântica,33,29,2923902,8,,216_071,4.9,POINT(-39.70962 -15.44991)
1814980802,8d65917d-6d96-30b6-9d4d-66377fe7aa20,-40.8611,-12.12943,2026-04-21 16:20:00+00:00,2026-04-21,NOAA-20,RUY BARBOSA,BAHIA,Brasil,,,,Caatinga,33,29,2927200,8,,217_068,3.9,POINT(-40.8611 -12.12943)
1814980805,d372ef07-2f88-3dc3-b8fd-f0ec73a3c7b8,-45.22519,-12.03153,2026-04-21 16:20:00+00:00,2026-04-21,NOAA-20,BARREIRAS,BAHIA,Brasil,,,,Cerrado,33,29,2903201,8,,220_068,9.3,POINT(-45.22519 -12.03153)
1814980806,e5ea381e-5677-3cbb-a255-f5a865d89dc4,-40.33997,-12.04145,2026-04-21 16:20:00+00:00,2026-04-21,NOAA-20,MACAJUBA,BAHIA,Brasil,,,,Caatinga,33,29,2919603,8,,217_068,6.3,POINT(-40.33997 -12.04145)
1814980811,bd1cf611-dccf-38a5-bb1c-2a4ce09d9e8d,-45.34738,-12.03681,2026-04-21 16:20:00+00:00,2026-04-21,NOAA-20,BARREIRAS,BAHIA,Brasil,,,,Cerrado,33,29,2903201,8,,220_068,5.2,POINT(-45.34738 -12.03681)
1814980826,df4da4cb-db89-34ea-8a6c-0955182458cd,-40.12435,-14.82879,2026-04-21 16:20:00+00:00,2026-04-21,NOAA-20,NOVA CANAÃ,BAHIA,Brasil,,,,Mata Atlântica,33,29,2922706,8,,216_070,4.7,POINT(-40.12435 -14.82879)
1814980830,ecacb446-6546-3974-b4af-142584f37b6a,-39.10089,-15.95915,2026-04-21 16:20:00+00:00,2026-04-21,NOAA-20,BELMONTE,BAHIA,Brasil,,,,Mata Atlântica,33,29,2903409,8,,215_071,3.8,POINT(-39.10089 -15.95915)
1814980836,a4e77b43-86b0-3685-b1dd-a3c9f1d1e68c,-41.40905,-13.84776,2026-04-21 16:20:00+00:00,2026-04-21,NOAA-20,ITUAÇU,BAHIA,Brasil,,,,Caatinga,33,29,2917201,8,,217_070,4.5,POINT(-41.40905 -13.84776)
1814980838,72d1bef7-7a64-38e5-91ab-a4d442d66254,-40.75718,-12.80567,2026-04-21 16:20:00+00:00,2026-04-21,NOAA-20,BOA VISTA DO TUPIM,BAHIA,Brasil,,,,Caatinga,33,29,2903805,8,,217_069,5.5,POINT(-40.75718 -12.80567)
1814980846,5f8dfb1b-c9fd-364e-9ebd-b223180fe8fc,-39.57568,-10.47936,2026-04-21 16:20:00+00:00,2026-04-21,NOAA-20,MONTE SANTO,BAHIA,Brasil,,,,Caatinga,33,29,2921500,8,,216_067,2.1,POINT(-39.57568 -10.47936)
1814980849,59388182-e075-3992-90cf-76c1284d54ae,-44.19611,-12.24486,2026-04-21 16:20:00+00:00,2026-04-21,NOAA-20,CRISTÓPOLIS,BAHIA,Brasil,,,,Cerrado,33,29,2909703,8,,219_068,4.4,POINT(-44.19611 -12.24486)
1814980851,dd1d05b8-5935-396a-a52e-db4b983cf90c,-39.32046,-14.11567,2026-04-21 16:20:00+00:00,2026-04-21,NOAA-20,CAMAMU,BAHIA,Brasil,,,,Mata Atlântica,33,29,2905800,8,,216_070,5.1,POINT(-39.32046 -14.11567)
1814980868,8c1c3ba2-1a26-3ec2-8742-673a87aba499,-39.31327,-13.82317,2026-04-21 16:20:00+00:00,2026-04-21,NOAA-20,ITUBERÁ,BAHIA,Brasil,,,,Mata Atlântica,33,29,2917300,8,,216_070,3.6,POINT(-39.31327 -13.82317)
1814980870,0fb34f2b-307b-338a-927c-3e6763955003,-39.5667,-13.62159,2026-04-21 16:20:00+00:00,2026-04-21,NOAA-20,WENCESLAU GUIMARÃES,BAHIA,Brasil,,,,Mata Atlântica,33,29,2933505,8,,216_069,4.1,POINT(-39.5667 -13.62159)
1814980873,39097934-3fa1-32b7-bc0e-08e82d06cc72,-43.0179,-12.92001,2026-04-21 16:20:00+00:00,2026-04-21,NOAA-20,PARATINGA,BAHIA,Brasil,,,,Caatinga,33,29,2923704,8,,218_069,3.2,POINT(-43.0179 -12.92001)
1814980875,89511090-1368-3c13-b47e-652f705ba386,-40.62869,-9.6358,2026-04-21 16:20:00+00:00,2026-04-21,NOAA-20,JUAZEIRO,BAHIA,Brasil,,,,Caatinga,33,29,2918407,8,,217_067,3.1,POINT(-40.62869 -9.6358)
1814980880,3cdac31d-816d-34ed-923d-4899d12493cb,-45.33506,-13.38874,2026-04-21 16:20:00+00:00,2026-04-21,NOAA-20,CORRENTINA,BAHIA,Brasil,,,,Cerrado,33,29,2909307,8,,220_069,34.1,POINT(-45.33506 -13.38874)
1814980882,30481832-58c0-3537-93f4-54d0bd8d0c5a,-48.95934,-17.71294,2026-04-21 16:20:00+00:00,2026-04-21,NOAA-20,MORRINHOS,GOIÁS,Brasil,,,,Cerrado,33,52,5213806,8,,221_072,4.2,POINT(-48.95934 -17.71294)
1814980883,3b3f17f7-8d53-38f7-8705-b24b7df72fa7,-41.04043,-11.01334,2026-04-21 16:20:00+00:00,2026-04-21,NOAA-20,OUROLÂNDIA,BAHIA,Brasil,,,,Caatinga,33,29,2923357,8,,217_068,3.0,POINT(-41.04043 -11.01334)
1814980888,88e34cfd-6a08-39c4-92e8-2bd4af7aa8c9,-39.65826,-13.23765,2026-04-21 16:20:00+00:00,2026-04-21,NOAA-20,UBAÍRA,BAHIA,Brasil,,,,Mata Atlântica,33,29,2932101,8,,216_069,2.8,POINT(-39.65826 -13.23765)
1814980889,c3f7d0a7-d3bf-3dc6-ae22-2343f59ebe1c,-50.24451,-13.48813,2026-04-21 16:20:00+00:00,2026-04-21,NOAA-20,SÃO MIGUEL DO ARAGUAIA,GOIÁS,Brasil,,,,Cerrado,33,52,5220207,8,,223_069,3.1,POINT(-50.24451 -13.48813)
1814980897,fb6b5134-65bf-3d76-b4f4-b1d7dbab85a7,-39.84985,-15.7976,2026-04-21 16:20:00+00:00,2026-04-21,NOAA-20,POTIRAGUÁ,BAHIA,Brasil,,,,Mata Atlântica,33,29,2925402,8,,216_071,2.4,POINT(-39.84985 -15.7976)
1814980902,3931ccee-d4fa-3ee2-a4aa-d8bc25f103de,-39.19194,-13.53778,2026-04-21 16:20:00+00:00,2026-04-21,NOAA-20,TAPEROÁ,BAHIA,Brasil,,,,Mata Atlântica,33,29,2931202,8,,216_069,3.7,POINT(-39.19194 -13.53778)
1814980904,288590f8-054e-3610-94ae-4a4af32c0a64,-45.35205,-13.96236,2026-04-21 16:20:00+00:00,2026-04-21,NOAA-20,JABORANDI,BAHIA,Brasil,,,,Cerrado,33,29,2917359,8,,220_070,9.7,POINT(-45.35205 -13.96236)
1814980906,3b28f73e-b719-3398-addf-3a62b96acd32,-39.10942,-15.9536,2026-04-21 16:20:00+00:00,2026-04-21,NOAA-20,BELMONTE,BAHIA,Brasil,,,,Mata Atlântica,33,29,2903409,8,,215_071,4.3,POINT(-39.10942 -15.9536)
1814980907,44c575e3-b815-3c9a-93b7-6777f1d51154,-39.03022,-15.50296,2026-04-21 16:20:00+00:00,2026-04-21,NOAA-20,CANAVIEIRAS,BAHIA,Brasil,,,,Mata Atlântica,33,29,2906303,8,,215_071,2.7,POINT(-39.03022 -15.50296)
1814980911,ac9a5f75-b6e6-3816-96f0-36bad0d06d86,-43.84198,-11.90958,2026-04-21 16:20:00+00:00,2026-04-21,NOAA-20,WANDERLEY,BAHIA,Brasil,,,,Cerrado,33,29,2933455,8,,219_068,20.4,POINT(-43.84198 -11.90958)
1814980916,4c6e7233-c450-3047-bc61-f0f5d4784829,-50.24365,-13.49151,2026-04-21 16:20:00+00:00,2026-04-21,NOAA-20,SÃO MIGUEL DO ARAGUAIA,GOIÁS,Brasil,,,,Cerrado,33,52,5220207,8,,223_069,5.1,POINT(-50.24365 -13.49151)
1814980919,b22b516e-3aaf-354d-9649-e19bc6466a7e,-42.01624,-14.10822,2026-04-21 16:20:00+00:00,2026-04-21,NOAA-20,BRUMADO,BAHIA,Brasil,,,,Caatinga,33,29,2904605,8,,217_070,4.3,POINT(-42.01624 -14.10822)
1814980922,2b063150-e14f-30c0-8c8d-f7101f625706,-39.99756,-15.92919,2026-04-21 16:20:00+00:00,2026-04-21,NOAA-20,ITARANTIM,BAHIA,Brasil,,,,Mata Atlântica,33,29,2916807,8,,216_071,4.5,POINT(-39.99756 -15.92919)
1814980928,11c9cf70-6c59-3cf3-abc1-57d5f4e5582c,-39.11312,-15.95418,2026-04-21 16:20:00+00:00,2026-04-21,NOAA-20,BELMONTE,BAHIA,Brasil,,,,Mata Atlântica,33,29,2903409,8,,215_071,4.3,POINT(-39.11312 -15.95418)
1814980932,8974aeba-09e2-3039-b76d-a18377b7f307,-49.72249,-11.85163,2026-04-21 16:20:00+00:00,2026-04-21,NOAA-20,FORMOSO DO ARAGUAIA,TOCANTINS,Brasil,,,,Cerrado,33,17,1708205,8,,223_068,9.6,POINT(-49.72249 -11.85163)
1814980934,2103fce2-f8b9-35bd-94a1-bd30ff673c9a,-45.33615,-13.38106,2026-04-21 16:20:00+00:00,2026-04-21,NOAA-20,CORRENTINA,BAHIA,Brasil,,,,Cerrado,33,29,2909307,8,,220_069,12.2,POINT(-45.33615 -13.38106)
1814980938,e429686e-ab14-3f36-91a1-e89286168c50,-41.40854,-13.85108,2026-04-21 16:20:00+00:00,2026-04-21,NOAA-20,ITUAÇU,BAHIA,Brasil,,,,Caatinga,33,29,2917201,8,,217_070,4.5,POINT(-41.40854 -13.85108)
1814980939,01308912-072c-3e2c-99b8-80784377e4aa,-39.29385,-12.14482,2026-04-21 16:20:00+00:00,2026-04-21,NOAA-20,SERRA PRETA,BAHIA,Brasil,,,,Mata Atlântica,33,29,2930402,8,,216_068,5.4,POINT(-39.29385 -12.14482)
1814980941,5af622b7-6d2a-38ce-a30e-10b56e6089d9,-49.91169,-10.84718,2026-04-21 16:20:00+00:00,2026-04-21,NOAA-20,LAGOA DA CONFUSÃO,TOCANTINS,Brasil,,,,Cerrado,33,17,1711902,8,,223_068,3.7,POINT(-49.91169 -10.84718)
1814980944,a7b3963c-0387-3f84-affe-7babd7a1db7c,-39.99509,-15.92201,2026-04-21 16:20:00+00:00,2026-04-21,NOAA-20,ITARANTIM,BAHIA,Brasil,,,,Mata Atlântica,33,29,2916807,8,,216_071,12.8,POINT(-39.99509 -15.92201)
1814980949,f03a4165-dee7-33ab-ab9c-e36e85e48922,-42.20397,-15.72317,2026-04-21 16:20:00+00:00,2026-04-21,NOAA-20,INDAIABIRA,MINAS GERAIS,Brasil,,,,Cerrado,33,31,3130655,8,,217_071,11.9,POINT(-42.20397 -15.72317)
1814980950,99bab32e-1cc0-3795-9329-906be47ffc8c,-40.8505,-15.07918,2026-04-21 16:20:00+00:00,2026-04-21,NOAA-20,VITÓRIA DA CONQUISTA,BAHIA,Brasil,,,,Mata Atlântica,33,29,2933307,8,,217_070,2.0,POINT(-40.8505 -15.07918)
1814980955,51edf3e4-9fd6-3323-ab92-0c3ac1599ef1,-42.45673,-9.95692,2026-04-21 16:20:00+00:00,2026-04-21,NOAA-20,PILÃO ARCADO,BAHIA,Brasil,,,,Caatinga,33,29,2924405,8,,218_067,2.1,POINT(-42.45673 -9.95692)
1814980958,025589c1-6ed7-3653-beb1-9991e728b829,-39.77134,-14.20735,2026-04-21 16:20:00+00:00,2026-04-21,NOAA-20,ITAGIBÁ,BAHIA,Brasil,,,,Mata Atlântica,33,29,2915205,8,,216_070,2.1,POINT(-39.77134 -14.20735)
1814980960,56edbbd1-1f14-314b-84b2-9bbf6493d0cb,-38.68027,-10.89707,2026-04-21 16:20:00+00:00,2026-04-21,NOAA-20,TUCANO,BAHIA,Brasil,,,,Caatinga,33,29,2931905,8,,216_067,10.2,POINT(-38.68027 -10.89707)
1814980963,0b1d3442-8466-3549-8f96-fc43a18c861a,-43.01075,-13.22631,2026-04-21 16:20:00+00:00,2026-04-21,NOAA-20,BOM JESUS DA LAPA,BAHIA,Brasil,,,,Caatinga,33,29,2903904,8,,218_069,7.7,POINT(-43.01075 -13.22631)
1814980966,62cdac0b-b241-3036-9898-a962c22e8dea,-49.72315,-11.84659,2026-04-21 16:20:00+00:00,2026-04-21,NOAA-20,FORMOSO DO ARAGUAIA,TOCANTINS,Brasil,,,,Cerrado,33,17,1708205,8,,223_068,3.7,POINT(-49.72315 -11.84659)
1814980970,41de34dc-eb6a-3527-a093-26e0cd2457ab,-43.84646,-11.90664,2026-04-21 16:20:00+00:00,2026-04-21,NOAA-20,WANDERLEY,BAHIA,Brasil,,,,Cerrado,33,29,2933455,8,,219_068,20.4,POINT(-43.84646 -11.90664)
1814980975,4db4a9ac-fb19-359e-b781-a5174f1bbd21,-40.98679,-12.70513,2026-04-21 16:20:00+00:00,2026-04-21,NOAA-20,NOVA REDENÇÃO,BAHIA,Brasil,,,,Caatinga,33,29,2922854,8,,217_069,7.7,POINT(-40.98679 -12.70513)
1814980982,9a228549-b089-3a4c-b5f0-706a540d0a23,-39.41795,-14.43284,2026-04-21 16:20:00+00:00,2026-04-21,NOAA-20,AURELINO LEAL,BAHIA,Brasil,,,,Mata Atlântica,33,29,2902401,8,,216_070,18.9,POINT(-39.41795 -14.43284)
1814980983,ecaa23cc-2e67-3d21-ab07-b675fe8ad8d3,-43.84593,-11.91014,2026-04-21 16:20:00+00:00,2026-04-21,NOAA-20,WANDERLEY,BAHIA,Brasil,,,,Cerrado,33,29,2933455,8,,219_068,20.4,POINT(-43.84593 -11.91014)
1814980989,2e0a36d6-a43e-38de-beee-260492c55f0c,-39.71703,-15.00968,2026-04-21 16:20:00+00:00,2026-04-21,NOAA-20,ITAJU DO COLÔNIA,BAHIA,Brasil,,,,Mata Atlântica,33,29,2915403,8,,216_070,16.1,POINT(-39.71703 -15.00968)
1814980990,3b50ea8a-eaa7-3ca8-a011-08d6b188bf17,-45.33885,-13.94869,2026-04-21 16:20:00+00:00,2026-04-21,NOAA-20,JABORANDI,BAHIA,Brasil,,,,Cerrado,33,29,2917359,8,,220_070,10.2,POINT(-45.33885 -13.94869)
1814980997,ccc21038-10fb-373d-b14d-74501933cae5,-43.84044,-11.97369,2026-04-21 16:20:00+00:00,2026-04-21,NOAA-20,WANDERLEY,BAHIA,Brasil,,,,Cerrado,33,29,2933455,8,,219_068,7.9,POINT(-43.84044 -11.97369)
1814980998,5b706329-d0e8-3493-a4c1-7b9838804064,-47.53772,-14.60853,2026-04-21 16:20:00+00:00,2026-04-21,NOAA-20,SÃO JOÃO D'ALIANÇA,GOIÁS,Brasil,,,,Cerrado,33,52,5220009,8,,221_070,3.3,POINT(-47.53772 -14.60853)
1814981003,102aabf8-a22a-3d87-8826-fabede9cc6fa,-44.19151,-12.24784,2026-04-21 16:20:00+00:00,2026-04-21,NOAA-20,CRISTÓPOLIS,BAHIA,Brasil,,,,Cerrado,33,29,2909703,8,,219_068,6.5,POINT(-44.19151 -12.24784)
1814981005,dc0b8c06-cc59-32a0-a90d-e56bb142c231,-42.12942,-11.31162,2026-04-21 16:20:00+00:00,2026-04-21,NOAA-20,UIBAÍ,BAHIA,Brasil,,,,Caatinga,33,29,2932408,8,,218_068,3.0,POINT(-42.12942 -11.31162)
1814981007,ea8fb3ca-1245-3a87-b0da-e84213c718d9,-47.36895,-13.90769,2026-04-21 16:20:00+00:00,2026-04-21,NOAA-20,CAVALCANTE,GOIÁS,Brasil,,,,Cerrado,33,52,5205307,8,,221_070,6.9,POINT(-47.36895 -13.90769)
1814981008,e6954b48-7f81-3858-bce2-850bab198624,-39.28915,-15.41464,2026-04-21 16:20:00+00:00,2026-04-21,NOAA-20,SANTA LUZIA,BAHIA,Brasil,,,,Mata Atlântica,33,29,2928059,8,,215_071,2.7,POINT(-39.28915 -15.41464)
1814981017,a27c842b-078b-376d-9b1b-33d2c05bf534,-39.69273,-14.49342,2026-04-21 16:20:00+00:00,2026-04-21,NOAA-20,ITAPITANGA,BAHIA,Brasil,,,,Mata Atlântica,33,29,2916609,8,,216_070,3.6,POINT(-39.69273 -14.49342)
1814981019,15e996e2-33c3-3222-92e3-b9f04674b3f0,-48.49655,-15.26012,2026-04-21 16:20:00+00:00,2026-04-21,NOAA-20,PADRE BERNARDO,GOIÁS,Brasil,,,,Cerrado,33,52,5215603,8,,221_071,5.5,POINT(-48.49655 -15.26012)
1814981020,95a74118-a0a7-3c20-a49b-366578611d9d,-43.37988,-11.95538,2026-04-21 16:20:00+00:00,2026-04-21,NOAA-20,MUQUÉM DO SÃO FRANCISCO,BAHIA,Brasil,,,,Cerrado,33,29,2922250,8,,219_068,6.0,POINT(-43.37988 -11.95538)
1814981023,f77e39af-3d17-32d7-99e9-37eebf95fcdf,-45.34101,-13.38173,2026-04-21 16:20:00+00:00,2026-04-21,NOAA-20,CORRENTINA,BAHIA,Brasil,,,,Cerrado,33,29,2909307,8,,220_069,12.2,POINT(-45.34101 -13.38173)
1814981029,33694e5d-683a-3a41-a9d8-70e5de30ea35,-43.50983,-16.56684,2026-04-21 16:20:00+00:00,2026-04-21,NOAA-20,FRANCISCO SÁ,MINAS GERAIS,Brasil,,,,Cerrado,33,31,3126703,8,,218_071,3.6,POINT(-43.50983 -16.56684)
1814981035,d588cdc2-66d8-351c-9d89-fd2ab5807376,-43.83649,-11.97312,2026-04-21 16:20:00+00:00,2026-04-21,NOAA-20,WANDERLEY,BAHIA,Brasil,,,,Cerrado,33,29,2933455,8,,219_068,5.2,POINT(-43.83649 -11.97312)
1814981041,bf3108b9-62e5-335f-88f2-4176f7776f48,-45.74801,-12.05462,2026-04-21 16:20:00+00:00,2026-04-21,NOAA-20,LUÍS EDUARDO MAGALHÃES,BAHIA,Brasil,,,,Cerrado,33,29,2919553,8,,220_068,3.7,POINT(-45.74801 -12.05462)
1814981048,254a97f5-ebf6-3065-9f1b-9b34843e10f4,-45.22573,-12.02778,2026-04-21 16:20:00+00:00,2026-04-21,NOAA-20,BARREIRAS,BAHIA,Brasil,,,,Cerrado,33,29,2903201,8,,220_068,9.3,POINT(-45.22573 -12.02778)
1814981052,02b932b5-18ed-3d68-ba21-54ca1d8d327d,-40.12793,-14.82935,2026-04-21 16:20:00+00:00,2026-04-21,NOAA-20,NOVA CANAÃ,BAHIA,Brasil,,,,Mata Atlântica,33,29,2922706,8,,216_070,4.0,POINT(-40.12793 -14.82935)
1814981066,a5484784-31b7-34a6-a4fa-aa0a2726d149,-40.00114,-15.92974,2026-04-21 16:20:00+00:00,2026-04-21,NOAA-20,ITARANTIM,BAHIA,Brasil,,,,Mata Atlântica,33,29,2916807,8,,216_071,5.4,POINT(-40.00114 -15.92974)
1814981053,682912da-e427-35e8-ab66-5f72762ae2de,-39.90744,-15.69802,2026-04-21 16:20:00+00:00,2026-04-21,NOAA-20,POTIRAGUÁ,BAHIA,Brasil,,,,Mata Atlântica,33,29,2925402,8,,216_071,2.7,POINT(-39.90744 -15.69802)
1814981055,79b0d9d7-3ef8-3ecc-991b-15acd911b8e6,-52.14074,-12.64208,2026-04-21 16:20:00+00:00,2026-04-21,NOAA-20,QUERÊNCIA,MATO GROSSO,Brasil,,,,Amazônia,33,51,5107065,8,,224_069,8.7,POINT(-52.14074 -12.64208)
1814981060,18c4aa7b-63ce-3ac1-9d84-6ee7c2fc4250,-39.25131,-10.55586,2026-04-21 16:20:00+00:00,2026-04-21,NOAA-20,MONTE SANTO,BAHIA,Brasil,,,,Caatinga,33,29,2921500,8,,216_067,3.2,POINT(-39.25131 -10.55586)
1814981062,8807f2bd-a6c5-37f9-a1cd-45cb7ed41485,-39.24382,-12.60664,2026-04-21 16:20:00+00:00,2026-04-21,NOAA-20,CABACEIRAS DO PARAGUAÇU,BAHIA,Brasil,,,,Mata Atlântica,33,29,2904852,8,,216_069,2.6,POINT(-39.24382 -12.60664)
1814981065,09cee76d-287f-3054-9451-345638e00fcc,-49.72413,-11.86207,2026-04-21 16:20:00+00:00,2026-04-21,NOAA-20,FORMOSO DO ARAGUAIA,TOCANTINS,Brasil,,,,Cerrado,33,17,1708205,8,,223_068,6.0,POINT(-49.72413 -11.86207)
1814981072,2e169104-718b-3877-a973-2314b24b5309,-42.58648,-13.33552,2026-04-21 16:20:00+00:00,2026-04-21,NOAA-20,BOTUPORÃ,BAHIA,Brasil,,,,Caatinga,33,29,2904209,8,,218_069,4.1,POINT(-42.58648 -13.33552)
1814981069,bc670039-19ef-3aa8-b357-81b108f8393e,-43.37177,-13.34553,2026-04-21 16:20:00+00:00,2026-04-21,NOAA-20,BOM JESUS DA LAPA,BAHIA,Brasil,,,,Caatinga,33,29,2903904,8,,218_069,3.0,POINT(-43.37177 -13.34553)
1814981067,b33d64de-04d1-3a96-8a1e-45b35deaff98,-45.33829,-13.95256,2026-04-21 16:20:00+00:00,2026-04-21,NOAA-20,JABORANDI,BAHIA,Brasil,,,,Cerrado,33,29,2917359,8,,220_070,10.2,POINT(-45.33829 -13.95256)
1814980509,f3dc47e4-a8bd-34ad-963f-e9bd303e914d,-40.46268,-11.65689,2026-04-21 16:20:00+00:00,2026-04-21,NOAA-20,PIRITIBA,BAHIA,Brasil,,,,Caatinga,33,29,2924801,8,,217_068,6.4,POINT(-40.46268 -11.65689)
1814980510,92ec25c4-cf0f-3f49-8a8e-dfc1cbc88b1a,-39.68581,-13.65067,2026-04-21 16:20:00+00:00,2026-04-21,NOAA-20,WENCESLAU GUIMARÃES,BAHIA,Brasil,,,,Mata Atlântica,33,29,2933505,8,,216_069,2.7,POINT(-39.68581 -13.65067)
1814980512,793e1617-4183-37ad-b8c8-7f04e29a5ff5,-39.22298,-15.77685,2026-04-21 16:20:00+00:00,2026-04-21,NOAA-20,CANAVIEIRAS,BAHIA,Brasil,,,,Mata Atlântica,33,29,2906303,8,,215_071,1.2,POINT(-39.22298 -15.77685)
1814980513,73a19501-e877-3ad4-903e-eddb21a2e858,-39.76962,-11.97888,2026-04-21 16:20:00+00:00,2026-04-21,NOAA-20,IPIRÁ,BAHIA,Brasil,,,,Caatinga,33,29,2914000,8,,216_068,4.8,POINT(-39.76962 -11.97888)
1814980517,6295cb62-2d48-3eb2-9860-dc96c5b2eed7,-39.72106,-12.81289,2026-04-21 16:20:00+00:00,2026-04-21,NOAA-20,ITATIM,BAHIA,Brasil,,,,Caatinga,33,29,2916856,8,,216_069,2.2,POINT(-39.72106 -12.81289)
1814980521,d141b793-d62b-3e2b-9c6b-7ca769171f1a,-41.80918,-15.17894,2026-04-21 16:20:00+00:00,2026-04-21,NOAA-20,SÃO JOÃO DO PARAÍSO,MINAS GERAIS,Brasil,,,,Mata Atlântica,33,31,3162708,8,,217_071,3.4,POINT(-41.80918 -15.17894)
1814980529,513f25a4-6a5a-32f0-a87e-4bb0cff30273,-39.95512,-13.66884,2026-04-21 16:20:00+00:00,2026-04-21,NOAA-20,JAGUAQUARA,BAHIA,Brasil,,,,Mata Atlântica,33,29,2917607,8,,216_069,2.2,POINT(-39.95512 -13.66884)
1814980538,82fe968c-e155-3d51-9980-745366333f4c,-42.1939,-15.41075,2026-04-21 16:20:00+00:00,2026-04-21,NOAA-20,SÃO JOÃO DO PARAÍSO,MINAS GERAIS,Brasil,,,,Mata Atlântica,33,31,3162708,8,,217_071,7.5,POINT(-42.1939 -15.41075)
1814980541,4f110b45-03a7-3e85-b154-7618327668f2,-45.21952,-12.0384,2026-04-21 16:20:00+00:00,2026-04-21,NOAA-20,BARREIRAS,BAHIA,Brasil,,,,Cerrado,33,29,2903201,8,,220_068,4.9,POINT(-45.21952 -12.0384)
1814980542,0e7c8ca0-5d89-39fe-983f-60366883818d,-45.21898,-12.04215,2026-04-21 16:20:00+00:00,2026-04-21,NOAA-20,BARREIRAS,BAHIA,Brasil,,,,Cerrado,33,29,2903201,8,,220_068,6.3,POINT(-45.21898 -12.04215)
1814980544,37546877-7d14-3e0e-af55-85cace5355d7,-45.33561,-13.3849,2026-04-21 16:20:00+00:00,2026-04-21,NOAA-20,CORRENTINA,BAHIA,Brasil,,,,Cerrado,33,29,2909307,8,,220_069,34.1,POINT(-45.33561 -13.3849)
1814980549,363b4664-31c5-3124-a930-1a5a99f0733e,-39.68508,-13.78871,2026-04-21 16:20:00+00:00,2026-04-21,NOAA-20,ITAMARI,BAHIA,Brasil,,,,Mata Atlântica,33,29,2915700,8,,216_070,3.6,POINT(-39.68508 -13.78871)
1814980552,587e9b74-04e2-3afa-9fd5-3121adf74eeb,-49.72479,-11.85703,2026-04-21 16:20:00+00:00,2026-04-21,NOAA-20,FORMOSO DO ARAGUAIA,TOCANTINS,Brasil,,,,Cerrado,33,17,1708205,8,,223_068,9.6,POINT(-49.72479 -11.85703)
1814980554,17f66298-f054-30e4-8a4e-27c586d5ea1c,-41.30834,-12.1063,2026-04-21 16:20:00+00:00,2026-04-21,NOAA-20,BONITO,BAHIA,Brasil,,,,Caatinga,33,29,2904050,8,,217_068,3.7,POINT(-41.30834 -12.1063)
1814980556,764c871c-b44b-31a7-aee2-017498f23a66,-44.02004,-12.57684,2026-04-21 16:20:00+00:00,2026-04-21,NOAA-20,BREJOLÂNDIA,BAHIA,Brasil,,,,Cerrado,33,29,2904407,8,,219_069,8.2,POINT(-44.02004 -12.57684)
1814980558,77e8c890-368a-332d-9bce-5ef0b8d70025,-47.36442,-13.91161,2026-04-21 16:20:00+00:00,2026-04-21,NOAA-20,CAVALCANTE,GOIÁS,Brasil,,,,Cerrado,33,52,5205307,8,,221_070,6.9,POINT(-47.36442 -13.91161)
1814980571,1f14ae03-320b-39b1-b1e5-840a44c42295,-47.37772,-13.90878,2026-04-21 16:20:00+00:00,2026-04-21,NOAA-20,CAVALCANTE,GOIÁS,Brasil,,,,Cerrado,33,52,5205307,8,,221_070,7.3,POINT(-47.37772 -13.90878)
1814980576,bc5f467b-4bad-3ab3-aa3c-1cac72e44d5b,-44.03824,-13.53155,2026-04-21 16:20:00+00:00,2026-04-21,NOAA-20,SÃO FÉLIX DO CORIBE,BAHIA,Brasil,,,,Cerrado,33,29,2929057,8,,219_069,4.8,POINT(-44.03824 -13.53155)
1814980579,a16be4d4-c9b5-3f3b-adfb-e4fe3209c67f,-38.67941,-10.89769,2026-04-21 16:20:00+00:00,2026-04-21,NOAA-20,TUCANO,BAHIA,Brasil,,,,Caatinga,33,29,2931905,8,,216_067,7.1,POINT(-38.67941 -10.89769)
1814980584,3abd4d19-36da-3e68-a2ec-692422bfaed1,-44.19201,-12.24428,2026-04-21 16:20:00+00:00,2026-04-21,NOAA-20,CRISTÓPOLIS,BAHIA,Brasil,,,,Cerrado,33,29,2909703,8,,219_068,6.5,POINT(-44.19201 -12.24428)
1814980588,01551f75-f4e0-39d0-abde-5892378241e8,-43.84496,-15.5326,2026-04-21 16:20:00+00:00,2026-04-21,NOAA-20,VARZELÂNDIA,MINAS GERAIS,Brasil,,,,Caatinga,33,31,3170909,8,,218_071,15.7,POINT(-43.84496 -15.5326)
1814980589,c8cdbabf-7719-370c-a16f-1a27525c5fd1,-52.13943,-12.63907,2026-04-21 16:20:00+00:00,2026-04-21,NOAA-20,QUERÊNCIA,MATO GROSSO,Brasil,,,,Amazônia,33,51,5107065,8,,224_069,7.6,POINT(-52.13943 -12.63907)
1814980592,fc661da5-aa8e-320d-bd33-6562d496e853,-49.72545,-11.85199,2026-04-21 16:20:00+00:00,2026-04-21,NOAA-20,FORMOSO DO ARAGUAIA,TOCANTINS,Brasil,,,,Cerrado,33,17,1708205,8,,223_068,9.6,POINT(-49.72545 -11.85199)
1814980595,e2ab9f7b-2f8b-34a9-8611-151d7ba67e8c,-47.37266,-13.91264,2026-04-21 16:20:00+00:00,2026-04-21,NOAA-20,CAVALCANTE,GOIÁS,Brasil,,,,Cerrado,33,52,5205307,8,,221_070,7.3,POINT(-47.37266 -13.91264)
1814980598,158a6816-461c-3ef8-aaed-621122b4715c,-40.21063,-12.08971,2026-04-21 16:20:00+00:00,2026-04-21,NOAA-20,BAIXA GRANDE,BAHIA,Brasil,,,,Caatinga,33,29,2902609,8,,217_068,5.6,POINT(-40.21063 -12.08971)
1814980599,60584470-86e3-324a-ba56-63c6282e4a7e,-38.67998,-10.89413,2026-04-21 16:20:00+00:00,2026-04-21,NOAA-20,RIBEIRA DO POMBAL,BAHIA,Brasil,,,,Caatinga,33,29,2926608,8,,216_067,5.7,POINT(-38.67998 -10.89413)
1814980606,c8e3d84e-4228-347e-8907-093bb71a1e82,-43.56744,-11.19327,2026-04-21 16:20:00+00:00,2026-04-21,NOAA-20,BARRA,BAHIA,Brasil,,,,Cerrado,33,29,2902708,8,,219_068,4.3,POINT(-43.56744 -11.19327)
1814980610,3029718e-f8c8-3642-b5f7-f8855d117248,-43.0066,-15.98873,2026-04-21 16:20:00+00:00,2026-04-21,NOAA-20,RIACHO DOS MACHADOS,MINAS GERAIS,Brasil,,,,Cerrado,33,31,3154507,8,,218_071,6.7,POINT(-43.0066 -15.98873)
1814980611,0a42ca99-0314-3b90-ad53-561e53d77fa6,-40.85354,-11.9586,2026-04-21 16:20:00+00:00,2026-04-21,NOAA-20,TAPIRAMUTÁ,BAHIA,Brasil,,,,Caatinga,33,29,2931301,8,,217_068,8.6,POINT(-40.85354 -11.9586)
1814980614,329d4253-7fac-382e-a7e3-80c7cea51a66,-43.37602,-11.95483,2026-04-21 16:20:00+00:00,2026-04-21,NOAA-20,MUQUÉM DO SÃO FRANCISCO,BAHIA,Brasil,,,,Cerrado,33,29,2922250,8,,219_068,6.0,POINT(-43.37602 -11.95483)
1814980615,33499827-2e19-362e-b2ec-f71766fba91a,-48.95906,-17.71655,2026-04-21 16:20:00+00:00,2026-04-21,NOAA-20,MORRINHOS,GOIÁS,Brasil,,,,Cerrado,33,52,5213806,8,,221_072,2.7,POINT(-48.95906 -17.71655)
1814980617,23461872-5bf0-380d-a263-66c335ca24a7,-39.29029,-14.2264,2026-04-21 16:20:00+00:00,2026-04-21,NOAA-20,MARAÚ,BAHIA,Brasil,,,,Mata Atlântica,33,29,2920700,8,,216_070,1.6,POINT(-39.29029 -14.2264)
1814980622,b70ce3dc-80c7-3c55-af7e-99ed8e487912,-45.22628,-12.02403,2026-04-21 16:20:00+00:00,2026-04-21,NOAA-20,BARREIRAS,BAHIA,Brasil,,,,Cerrado,33,29,2903201,8,,220_068,9.3,POINT(-45.22628 -12.02403)
1814980623,c816318e-a72d-3ee7-8d9d-54f9ad0868b2,-39.61087,-13.85276,2026-04-21 16:20:00+00:00,2026-04-21,NOAA-20,NOVA IBIÁ,BAHIA,Brasil,,,,Mata Atlântica,33,29,2922755,8,,216_070,2.7,POINT(-39.61087 -13.85276)
1814980625,c0908575-6dc5-3dbb-a440-a771a27755eb,-40.42095,-15.74652,2026-04-21 16:20:00+00:00,2026-04-21,NOAA-20,MACARANI,BAHIA,Brasil,,,,Mata Atlântica,33,29,2919702,8,,216_071,3.3,POINT(-40.42095 -15.74652)
1814980628,9dc072a4-0363-3074-81a1-baf66e0e46d2,-39.59808,-12.34711,2026-04-21 16:20:00+00:00,2026-04-21,NOAA-20,IPIRÁ,BAHIA,Brasil,,,,Caatinga,33,29,2914000,8,,216_069,5.6,POINT(-39.59808 -12.34711)
1814980631,245d1e27-7ef1-3d4d-986b-4ca061d54813,-40.39095,-11.31281,2026-04-21 16:20:00+00:00,2026-04-21,NOAA-20,JACOBINA,BAHIA,Brasil,,,,Caatinga,33,29,2917508,8,,217_068,9.4,POINT(-40.39095 -11.31281)
1814980637,348e8041-9913-34f1-accd-2789ea7f8f92,-44.2413,-14.86866,2026-04-21 16:20:00+00:00,2026-04-21,NOAA-20,SÃO JOÃO DAS MISSÕES,MINAS GERAIS,Brasil,,,,Cerrado,33,31,3162450,8,,219_070,3.2,POINT(-44.2413 -14.86866)
1814980650,d570de2e-25d8-3f2f-9f86-d05df53b3da4,-40.86163,-12.12611,2026-04-21 16:20:00+00:00,2026-04-21,NOAA-20,RUY BARBOSA,BAHIA,Brasil,,,,Caatinga,33,29,2927200,8,,217_068,20.8,POINT(-40.86163 -12.12611)
1814980651,1153a36e-656f-3b7b-963d-44b7efd399f7,-37.69004,-9.35276,2026-04-21 16:20:00+00:00,2026-04-21,NOAA-20,INHAPI,ALAGOAS,Brasil,,,,Caatinga,33,27,2703304,8,,215_067,5.3,POINT(-37.69004 -9.35276)
1814981034,5fcaf3f2-13bc-3a9c-94fa-00e4badf0c85,-52.14381,-12.63958,2026-04-21 16:20:00+00:00,2026-04-21,NOAA-20,QUERÊNCIA,MATO GROSSO,Brasil,,,,Amazônia,33,51,5107065,8,,224_069,7.8,POINT(-52.14381 -12.63958)
1814980807,ac4e6f2b-072d-36a3-a834-b392e5c7323b,-48.62151,-9.19357,2026-04-21 16:22:00+00:00,2026-04-21,NOAA-20,FORTALEZA DO TABOCÃO,TOCANTINS,Brasil,,,,Cerrado,33,17,1708254,8,,222_066,10.8,POINT(-48.62151 -9.19357)
1814980817,15f028ab-2d09-3fa5-834e-5a47e6d236ee,-36.67307,-6.65875,2026-04-21 16:22:00+00:00,2026-04-21,NOAA-20,PARELHAS,RIO GRANDE DO NORTE,Brasil,,,,Caatinga,33,24,2408904,8,,215_065,5.3,POINT(-36.67307 -6.65875)
1814980935,ed0b005d-69ae-3836-94d9-4efc5b551ab3,-36.67238,-6.65941,2026-04-21 16:22:00+00:00,2026-04-21,NOAA-20,PARELHAS,RIO GRANDE DO NORTE,Brasil,,,,Caatinga,33,24,2408904,8,,215_065,3.8,POINT(-36.67238 -6.65941)
1814982079,e2a901b9-6aa8-3494-bff9-0af412f17ee8,-40.06042,-19.59389,2026-04-21 17:05:00+00:00,2026-04-21,NOAA-21,ARACRUZ,ESPÍRITO SANTO,Brasil,,,,Mata Atlântica,33,32,3200607,8,,215_074,4.9,POINT(-40.06042 -19.59389)
1814981824,76610e2e-14ab-3d6a-abf9-f8ab03b3c351,-46.25465,-23.71985,2026-04-21 17:05:00+00:00,2026-04-21,NOAA-21,MOGI DAS CRUZES,SÃO PAULO,Brasil,,,,Mata Atlântica,33,35,3530607,8,,219_076,1.8,POINT(-46.25465 -23.71985)
1814981873,8e912a15-0b78-3d98-bcb7-8f1a967ad82a,-50.04107,-24.46773,2026-04-21 17:05:00+00:00,2026-04-21,NOAA-21,PIRAÍ DO SUL,PARANÁ,Brasil,,,,Cerrado,33,41,4119400,8,,221_077,142.1,POINT(-50.04107 -24.46773)
1814981882,74d9a6ad-c02e-37b2-bfe9-35a51a2b124f,-52.0252,-24.8182,2026-04-21 17:05:00+00:00,2026-04-21,NOAA-21,SANTA MARIA DO OESTE,PARANÁ,Brasil,,,,Mata Atlântica,33,41,4123857,8,,222_077,6.0,POINT(-52.0252 -24.8182)
1814981951,708892d8-075e-3c63-917f-3235a55720e4,-52.03412,-24.95551,2026-04-21 17:05:00+00:00,2026-04-21,NOAA-21,SANTA MARIA DO OESTE,PARANÁ,Brasil,,,,Mata Atlântica,33,41,4123857,8,,222_077,9.2,POINT(-52.03412 -24.95551)
1814982012,c739e6b2-aa02-3cec-855d-add42fbf95fe,-51.14662,-25.09659,2026-04-21 17:05:00+00:00,2026-04-21,NOAA-21,PRUDENTÓPOLIS,PARANÁ,Brasil,,,,Mata Atlântica,33,41,4120606,8,,222_077,45.6,POINT(-51.14662 -25.09659)
1814982059,d76eaf0e-ff13-3933-8bfd-3328c9ee6fb1,-51.92176,-23.11698,2026-04-21 17:05:00+00:00,2026-04-21,NOAA-21,FLÓRIDA,PARANÁ,Brasil,,,,Mata Atlântica,33,41,4108106,8,,222_076,13.5,POINT(-51.92176 -23.11698)
1814982072,dbedb1a0-ff4b-35e8-b8ed-f7ee43b9550a,-52.02577,-24.81486,2026-04-21 17:05:00+00:00,2026-04-21,NOAA-21,SANTA MARIA DO OESTE,PARANÁ,Brasil,,,,Mata Atlântica,33,41,4123857,8,,222_077,6.0,POINT(-52.02577 -24.81486)
1814982161,80443295-8bd2-3865-ae14-488298d50328,-50.08347,-23.88541,2026-04-21 17:05:00+00:00,2026-04-21,NOAA-21,PINHALÃO,PARANÁ,Brasil,,,,Mata Atlântica,33,41,4119202,8,,221_077,3.7,POINT(-50.08347 -23.88541)
1814982179,d499b09d-cbe6-3460-aa4f-57aea5d1fcfb,-49.27409,-24.91228,2026-04-21 17:05:00+00:00,2026-04-21,NOAA-21,CERRO AZUL,PARANÁ,Brasil,,,,Mata Atlântica,33,41,4105201,8,,220_077,3.5,POINT(-49.27409 -24.91228)
1814982340,3c32982c-7c07-3649-8071-f23e84452770,-52.03475,-24.80929,2026-04-21 17:05:00+00:00,2026-04-21,NOAA-21,SANTA MARIA DO OESTE,PARANÁ,Brasil,,,,Mata Atlântica,33,41,4123857,8,,222_077,2.9,POINT(-52.03475 -24.80929)
1814982392,049defe4-f036-3c7e-a6fe-2c9780b2533d,-48.47749,-24.60346,2026-04-21 17:05:00+00:00,2026-04-21,NOAA-21,IPORANGA,SÃO PAULO,Brasil,,,,Mata Atlântica,33,35,3521200,8,,220_077,4.8,POINT(-48.47749 -24.60346)
1814982805,0a380ab7-33ff-3def-9c55-0455c6b7fa52,-49.31567,-24.84464,2026-04-21 17:05:00+00:00,2026-04-21,NOAA-21,CERRO AZUL,PARANÁ,Brasil,,,,Mata Atlântica,33,41,4105201,8,,221_077,3.0,POINT(-49.31567 -24.84464)
1814982819,651bbf50-8ed6-331e-ace7-b219c24479d5,-45.51216,-23.42572,2026-04-21 17:05:00+00:00,2026-04-21,NOAA-21,NATIVIDADE DA SERRA,SÃO PAULO,Brasil,,,,Mata Atlântica,33,35,3532306,8,,218_076,2.5,POINT(-45.51216 -23.42572)
1814982858,e5cba11e-ca93-3f51-a668-52f81142a49e,-49.30041,-23.90627,2026-04-21 17:05:00+00:00,2026-04-21,NOAA-21,ITARARÉ,SÃO PAULO,Brasil,,,,Cerrado,33,35,3523206,8,,221_077,4.6,POINT(-49.30041 -23.90627)
1814982893,1fce94b9-5504-3cda-8594-bf6480e028d0,-47.18469,-23.64024,2026-04-21 17:05:00+00:00,2026-04-21,NOAA-21,IBIÚNA,SÃO PAULO,Brasil,,,,Mata Atlântica,33,35,3519709,8,,219_076,9.3,POINT(-47.18469 -23.64024)
1814983004,9053a4b4-477d-3b9d-b73b-f9a5839bcf8f,-51.1863,-25.13651,2026-04-21 17:05:00+00:00,2026-04-21,NOAA-21,PRUDENTÓPOLIS,PARANÁ,Brasil,,,,Mata Atlântica,33,41,4120606,8,,222_077,3.4,POINT(-51.1863 -25.13651)
1814983055,194ef33c-ede5-307d-a025-fabbbabe08d6,-49.6307,-24.96092,2026-04-21 17:05:00+00:00,2026-04-21,NOAA-21,CASTRO,PARANÁ,Brasil,,,,Mata Atlântica,33,41,4104907,8,,221_077,130.6,POINT(-49.6307 -24.96092)
1814983170,5cc183b0-27b0-37fe-ba80-b7520b8f1598,-48.22257,-22.04146,2026-04-21 17:05:00+00:00,2026-04-21,NOAA-21,RIBEIRÃO BONITO,SÃO PAULO,Brasil,,,,Cerrado,33,35,3542909,8,,220_075,4.7,POINT(-48.22257 -22.04146)
1814983304,d5311a05-19d9-3a0f-a454-ec19d2592f1c,-44.34622,-20.60253,2026-04-21 17:05:00+00:00,2026-04-21,NOAA-21,PIRACEMA,MINAS GERAIS,Brasil,,,,Mata Atlântica,33,31,3150604,8,,218_074,3.7,POINT(-44.34622 -20.60253)
1814983376,22c91b50-4dfe-3247-ac7f-13f0cae40e21,-50.87445,-24.0666,2026-04-21 17:05:00+00:00,2026-04-21,NOAA-21,ORTIGUEIRA,PARANÁ,Brasil,,,,Mata Atlântica,33,41,4117305,8,,222_077,3.2,POINT(-50.87445 -24.0666)
1814983386,f0633f4c-2657-3915-a4c0-396c01b66024,-49.31501,-24.84799,2026-04-21 17:05:00+00:00,2026-04-21,NOAA-21,CERRO AZUL,PARANÁ,Brasil,,,,Mata Atlântica,33,41,4105201,8,,221_077,3.5,POINT(-49.31501 -24.84799)
1814983394,cda91067-a729-3515-94b1-de71d5e8855c,-43.93531,-22.09352,2026-04-21 17:05:00+00:00,2026-04-21,NOAA-21,RIO PRETO,MINAS GERAIS,Brasil,,,,Mata Atlântica,33,31,3155900,8,,217_075,10.2,POINT(-43.93531 -22.09352)
1814983397,8660ebda-623c-35d0-b858-d12b3e55467e,-49.99958,-21.76027,2026-04-21 17:05:00+00:00,2026-04-21,NOAA-21,GETULINA,SÃO PAULO,Brasil,,,,Mata Atlântica,33,35,3517000,8,,221_075,9.8,POINT(-49.99958 -21.76027)
1814983523,76e1d65b-8103-3fa0-ac29-0b9c612b2605,-51.99032,-24.76641,2026-04-21 17:05:00+00:00,2026-04-21,NOAA-21,PITANGA,PARANÁ,Brasil,,,,Mata Atlântica,33,41,4119608,8,,222_077,2.9,POINT(-51.99032 -24.76641)
1814983713,ececc9c8-be84-32fb-9e24-551f3a0a262a,-45.50473,-22.95278,2026-04-21 17:05:00+00:00,2026-04-21,NOAA-21,PINDAMONHANGABA,SÃO PAULO,Brasil,,,,Mata Atlântica,33,35,3538006,8,,218_076,3.8,POINT(-45.50473 -22.95278)
1814983716,d8ec7531-d7bb-3d42-bed1-f57f65fa335d,-51.31485,-23.61032,2026-04-21 17:05:00+00:00,2026-04-21,NOAA-21,APUCARANA,PARANÁ,Brasil,,,,Mata Atlântica,33,41,4101408,8,,222_076,11.6,POINT(-51.31485 -23.61032)
1814983858,a62ef068-9781-3aa7-a9e6-d79c62947100,-47.37228,-22.78054,2026-04-21 17:05:00+00:00,2026-04-21,NOAA-21,SANTA BÁRBARA D'OESTE,SÃO PAULO,Brasil,,,,Mata Atlântica,33,35,3545803,8,,220_076,5.0,POINT(-47.37228 -22.78054)
1814983898,e7989279-4b7d-3509-961e-14375b704e0c,-47.7743,-23.74763,2026-04-21 17:05:00+00:00,2026-04-21,NOAA-21,PILAR DO SUL,SÃO PAULO,Brasil,,,,Mata Atlântica,33,35,3537909,8,,220_076,5.5,POINT(-47.7743 -23.74763)
1814984000,5446d6a9-6fe6-3e3a-a819-06139747b61a,-51.92118,-23.1203,2026-04-21 17:05:00+00:00,2026-04-21,NOAA-21,FLÓRIDA,PARANÁ,Brasil,,,,Mata Atlântica,33,41,4108106,8,,222_076,13.5,POINT(-51.92118 -23.1203)
1814984033,e0481460-21f0-3a66-9fc9-d93b6e60bbb2,-48.82079,-24.19649,2026-04-21 17:05:00+00:00,2026-04-21,NOAA-21,RIBEIRÃO BRANCO,SÃO PAULO,Brasil,,,,Mata Atlântica,33,35,3543006,8,,220_077,3.4,POINT(-48.82079 -24.19649)
1814984076,d31e1215-867f-38ee-93bd-70ed3d7d7593,-48.42796,-24.11911,2026-04-21 17:05:00+00:00,2026-04-21,NOAA-21,CAPÃO BONITO,SÃO PAULO,Brasil,,,,Mata Atlântica,33,35,3510203,8,,220_077,3.4,POINT(-48.42796 -24.11911)
1814984110,81743631-1b20-30ff-a6cf-f91581cd912b,-46.13549,-23.19863,2026-04-21 17:05:00+00:00,2026-04-21,NOAA-21,IGARATÁ,SÃO PAULO,Brasil,,,,Mata Atlântica,33,35,3520202,8,,219_076,5.8,POINT(-46.13549 -23.19863)
1814984266,dadd681c-b9ca-37cb-beae-154e98312260,-50.08172,-27.91572,2026-04-21 17:05:00+00:00,2026-04-21,NOAA-21,PAINEL,SANTA CATARINA,Brasil,,,,Mata Atlântica,33,42,4211892,8,,221_079,3.8,POINT(-50.08172 -27.91572)
1814984306,b8b0ff04-5d9f-369f-8bed-b0f46e150750,-49.62679,-24.96029,2026-04-21 17:05:00+00:00,2026-04-21,NOAA-21,CASTRO,PARANÁ,Brasil,,,,Mata Atlântica,33,41,4104907,8,,221_077,99.0,POINT(-49.62679 -24.96029)
1814984333,ea546761-5851-3656-a05f-3cefc2d81199,-47.43719,-22.48733,2026-04-21 17:05:00+00:00,2026-04-21,NOAA-21,CORDEIRÓPOLIS,SÃO PAULO,Brasil,,,,Mata Atlântica,33,35,3512407,8,,220_076,4.8,POINT(-47.43719 -22.48733)
1814984347,cf10c2e4-5411-3dd0-8ae8-4463a56fef78,-48.54689,-21.23904,2026-04-21 17:05:00+00:00,2026-04-21,NOAA-21,MONTE ALTO,SÃO PAULO,Brasil,,,,Cerrado,33,35,3531308,8,,221_075,5.3,POINT(-48.54689 -21.23904)
1814984371,10786e79-4006-3a0e-880c-183c77aabab3,-51.43901,-23.12967,2026-04-21 17:05:00+00:00,2026-04-21,NOAA-21,JAGUAPITÃ,PARANÁ,Brasil,,,,Mata Atlântica,33,41,4111902,8,,222_076,3.6,POINT(-51.43901 -23.12967)
1814984520,20d15213-3dda-3d8c-bf58-feef0d1c703a,-45.0159,-23.13326,2026-04-21 17:05:00+00:00,2026-04-21,NOAA-21,CUNHA,SÃO PAULO,Brasil,,,,Mata Atlântica,33,35,3513603,8,,218_076,4.2,POINT(-45.0159 -23.13326)
1814984573,85f93310-85bc-33b1-a2c9-6487205af741,-50.03662,-24.47045,2026-04-21 17:05:00+00:00,2026-04-21,NOAA-21,PIRAÍ DO SUL,PARANÁ,Brasil,,,,Cerrado,33,41,4119400,8,,221_077,53.9,POINT(-50.03662 -24.47045)
1814984613,dac6488b-9dc1-360e-b1e4-6cd9eee8b5cf,-51.49743,-24.90446,2026-04-21 17:05:00+00:00,2026-04-21,NOAA-21,BOA VENTURA DE SÃO ROQUE,PARANÁ,Brasil,,,,Mata Atlântica,33,41,4103040,8,,222_077,3.9,POINT(-51.49743 -24.90446)
1814984651,ec110538-ff35-3418-b347-b95c62c3a10c,-52.03802,-24.95607,2026-04-21 17:05:00+00:00,2026-04-21,NOAA-21,SANTA MARIA DO OESTE,PARANÁ,Brasil,,,,Mata Atlântica,33,41,4123857,8,,222_077,9.2,POINT(-52.03802 -24.95607)
1814984696,fa699bcd-3503-3596-a023-321af010e467,-50.21584,-23.71937,2026-04-21 17:05:00+00:00,2026-04-21,NOAA-21,IBAITI,PARANÁ,Brasil,,,,Mata Atlântica,33,41,4109708,8,,221_076,5.5,POINT(-50.21584 -23.71937)
1814984757,bd7f99a7-67ad-382f-bb68-ff68a7a16816,-50.08109,-27.91902,2026-04-21 17:05:00+00:00,2026-04-21,NOAA-21,PAINEL,SANTA CATARINA,Brasil,,,,Mata Atlântica,33,42,4211892,8,,221_079,3.8,POINT(-50.08109 -27.91902)
1814984939,ffc45218-df8d-3f79-8e82-d872a20c07bd,-42.35918,-22.7641,2026-04-21 17:05:00+00:00,2026-04-21,NOAA-21,ARARUAMA,RIO DE JANEIRO,Brasil,,,,Mata Atlântica,33,33,3300209,8,,216_076,6.0,POINT(-42.35918 -22.7641)
1814985076,bc55cdc8-2290-3a71-a18f-7b1021ff38d1,-51.42213,-23.5484,2026-04-21 17:05:00+00:00,2026-04-21,NOAA-21,APUCARANA,PARANÁ,Brasil,,,,Mata Atlântica,33,41,4101408,8,,222_076,2.8,POINT(-51.42213 -23.5484)
1814984388,51ebc94c-a2e7-363f-8783-cac31e8aac2f,-51.59953,-26.80505,2026-04-21 17:07:00+00:00,2026-04-21,NOAA-21,ÁGUA DOCE,SANTA CATARINA,Brasil,,,,Mata Atlântica,33,42,4200408,8,,222_079,2.0,POINT(-51.59953 -26.80505)
1814985178,6a26096a-82e2-35a2-babd-fb15245ac5fe,-39.41929,-14.43538,2026-04-21 17:07:00+00:00,2026-04-21,NOAA-21,AURELINO LEAL,BAHIA,Brasil,,,,Mata Atlântica,33,29,2902401,8,,216_070,5.5,POINT(-39.41929 -14.43538)
1814982314,7a5f2829-032a-39f9-a63a-a777f9acd90a,-49.65383,-25.86274,2026-04-21 17:07:00+00:00,2026-04-21,NOAA-21,LAPA,PARANÁ,Brasil,,,,Mata Atlântica,33,41,4113205,8,,221_078,4.1,POINT(-49.65383 -25.86274)
1814984854,3bc7c45f-4dfb-3ee2-9160-c77716fcd975,-42.98113,-13.58033,2026-04-21 17:07:00+00:00,2026-04-21,NOAA-21,RIACHO DE SANTANA,BAHIA,Brasil,,,,Caatinga,33,29,2926400,8,,218_069,4.9,POINT(-42.98113 -13.58033)
1814982412,436121e1-a93a-3efb-8b15-c9b0bd29b5dd,-47.37654,-13.91615,2026-04-21 17:07:00+00:00,2026-04-21,NOAA-21,CAVALCANTE,GOIÁS,Brasil,,,,Cerrado,33,52,5205307,8,,221_070,17.7,POINT(-47.37654 -13.91615)
1814982444,a4bbfed4-183e-3bc3-8ce7-8b653991ca65,-49.96839,-26.74925,2026-04-21 17:07:00+00:00,2026-04-21,NOAA-21,SANTA TEREZINHA,SANTA CATARINA,Brasil,,,,Mata Atlântica,33,42,4215679,8,,221_078,4.4,POINT(-49.96839 -26.74925)
1814984970,56426c1f-aeef-3b74-a193-2cb730f41418,-49.25191,-25.72015,2026-04-21 17:07:00+00:00,2026-04-21,NOAA-21,FAZENDA RIO GRANDE,PARANÁ,Brasil,,,,Mata Atlântica,33,41,4107652,8,,220_078,3.8,POINT(-49.25191 -25.72015)
1814984730,980b004b-1bff-349c-af05-635b6ee6ea53,-46.83366,-17.16578,2026-04-21 17:07:00+00:00,2026-04-21,NOAA-21,PARACATU,MINAS GERAIS,Brasil,,,,Cerrado,33,31,3147006,8,,220_072,6.5,POINT(-46.83366 -17.16578)
1814984712,cf58e828-b546-35ea-be9d-c2be3bf065e9,-41.30064,-14.13954,2026-04-21 17:07:00+00:00,2026-04-21,NOAA-21,TANHAÇU,BAHIA,Brasil,,,,Caatinga,33,29,2931004,8,,217_070,4.8,POINT(-41.30064 -14.13954)
1814982511,6e16e2b5-2d42-3fef-8619-21694bdfc0bf,-45.33746,-13.3858,2026-04-21 17:07:00+00:00,2026-04-21,NOAA-21,CORRENTINA,BAHIA,Brasil,,,,Cerrado,33,29,2909307,8,,220_069,69.0,POINT(-45.33746 -13.3858)
1814982526,83517321-1187-3be4-b8de-59d08ef3c223,-45.35278,-13.96196,2026-04-21 17:07:00+00:00,2026-04-21,NOAA-21,JABORANDI,BAHIA,Brasil,,,,Cerrado,33,29,2917359,8,,220_070,21.2,POINT(-45.35278 -13.96196)
1814982531,684a2396-250b-3cea-bcb1-4290f35cbc32,-48.49346,-15.25782,2026-04-21 17:07:00+00:00,2026-04-21,NOAA-21,PADRE BERNARDO,GOIÁS,Brasil,,,,Cerrado,33,52,5215603,8,,221_071,13.6,POINT(-48.49346 -15.25782)
1814982538,37c23f60-8938-3858-a634-57d7cf35fa28,-45.33798,-13.94917,2026-04-21 17:07:00+00:00,2026-04-21,NOAA-21,JABORANDI,BAHIA,Brasil,,,,Cerrado,33,29,2917359,8,,220_070,11.2,POINT(-45.33798 -13.94917)
1814984861,e0c87800-cdfd-38f1-a5d0-1e2b3b1dd8d4,-50.74687,-27.58738,2026-04-21 17:07:00+00:00,2026-04-21,NOAA-21,SÃO JOSÉ DO CERRITO,SANTA CATARINA,Brasil,,,,Mata Atlântica,33,42,4216800,8,,221_079,2.1,POINT(-50.74687 -27.58738)
1814982569,f1891ecb-6def-335d-a5fc-33c864f437bd,-39.10469,-15.96272,2026-04-21 17:07:00+00:00,2026-04-21,NOAA-21,BELMONTE,BAHIA,Brasil,,,,Mata Atlântica,33,29,2903409,8,,215_071,16.9,POINT(-39.10469 -15.96272)
1814982574,a82c49f6-51fc-358d-8d1e-769e729325aa,-54.9213,-16.43058,2026-04-21 17:07:00+00:00,2026-04-21,NOAA-21,RONDONÓPOLIS,MATO GROSSO,Brasil,,,,Cerrado,33,51,5107602,8,,225_071,6.4,POINT(-54.9213 -16.43058)
1814982596,225a1394-f729-30a0-ae68-d9424ef15ff1,-42.36427,-15.70938,2026-04-21 17:07:00+00:00,2026-04-21,NOAA-21,RIO PARDO DE MINAS,MINAS GERAIS,Brasil,,,,Cerrado,33,31,3155603,8,,217_071,9.6,POINT(-42.36427 -15.70938)
1814981921,bc6b40b6-bbfa-3ab1-8f44-ea6fdf532144,-50.07248,-25.17677,2026-04-21 17:07:00+00:00,2026-04-21,NOAA-21,PONTA GROSSA,PARANÁ,Brasil,,,,Mata Atlântica,33,41,4119905,8,,221_077,8.1,POINT(-50.07248 -25.17677)
1814982608,2f287ff4-dad8-34f9-aec9-818c24c2cf7d,-39.11289,-15.95739,2026-04-21 17:07:00+00:00,2026-04-21,NOAA-21,BELMONTE,BAHIA,Brasil,,,,Mata Atlântica,33,29,2903409,8,,215_071,3.8,POINT(-39.11289 -15.95739)
1814982613,538f7b58-0c94-33e9-8baf-941df77e15eb,-45.33844,-13.38089,2026-04-21 17:07:00+00:00,2026-04-21,NOAA-21,CORRENTINA,BAHIA,Brasil,,,,Cerrado,33,29,2909307,8,,220_069,52.5,POINT(-45.33844 -13.38089)
1814982626,1086c7f3-d378-3748-8502-0db797147c12,-50.57346,-27.42229,2026-04-21 17:07:00+00:00,2026-04-21,NOAA-21,CURITIBANOS,SANTA CATARINA,Brasil,,,,Mata Atlântica,33,42,4204806,8,,221_079,7.3,POINT(-50.57346 -27.42229)
1814982143,fcba40f5-00c3-3a30-95f1-ae0d0af3c88d,-45.33177,-13.38474,2026-04-21 17:07:00+00:00,2026-04-21,NOAA-21,CORRENTINA,BAHIA,Brasil,,,,Cerrado,33,29,2909307,8,,220_069,34.7,POINT(-45.33177 -13.38474)
1814982681,aecef95d-3373-318f-a241-09d0d205c4d6,-45.35542,-13.96563,2026-04-21 17:07:00+00:00,2026-04-21,NOAA-21,JABORANDI,BAHIA,Brasil,,,,Cerrado,33,29,2917359,8,,220_070,10.6,POINT(-45.35542 -13.96563)
1814984890,7e059be9-cd92-3a2d-b915-2dc6569c9c3d,-47.37471,-13.92461,2026-04-21 17:07:00+00:00,2026-04-21,NOAA-21,CAVALCANTE,GOIÁS,Brasil,,,,Cerrado,33,52,5205307,8,,221_070,13.2,POINT(-47.37471 -13.92461)
1814982700,d0b9ccd1-94d8-3d95-b166-de8a994d429c,-50.6026,-26.42469,2026-04-21 17:07:00+00:00,2026-04-21,NOAA-21,CANOINHAS,SANTA CATARINA,Brasil,,,,Mata Atlântica,33,42,4203808,8,,221_078,2.4,POINT(-50.6026 -26.42469)
1814984687,ab486c66-cd75-3f83-8f88-fecbfa1840d4,-44.56926,-16.31526,2026-04-21 17:07:00+00:00,2026-04-21,NOAA-21,BRASÍLIA DE MINAS,MINAS GERAIS,Brasil,,,,Cerrado,33,31,3108602,8,,219_071,6.6,POINT(-44.56926 -16.31526)
1814984892,97fc4141-a2d1-3224-a478-559427c5159b,-44.19806,-18.12259,2026-04-21 17:07:00+00:00,2026-04-21,NOAA-21,AUGUSTO DE LIMA,MINAS GERAIS,Brasil,,,,Cerrado,33,31,3104809,8,,218_073,12.9,POINT(-44.19806 -18.12259)
1814982737,2351481f-9b05-3168-b734-c208b93c5625,-49.42563,-25.11154,2026-04-21 17:07:00+00:00,2026-04-21,NOAA-21,RIO BRANCO DO SUL,PARANÁ,Brasil,,,,Mata Atlântica,33,41,4122206,8,,221_077,2.5,POINT(-49.42563 -25.11154)
1814982066,0c779025-b2a2-3c2f-94a0-8a2bc5c43927,-41.30623,-12.10553,2026-04-21 17:07:00+00:00,2026-04-21,NOAA-21,BONITO,BAHIA,Brasil,,,,Caatinga,33,29,2904050,8,,217_068,8.2,POINT(-41.30623 -12.10553)
1814982768,5cc1c002-d239-3731-bb6d-fa15e7d2a222,-42.97997,-13.58601,2026-04-21 17:07:00+00:00,2026-04-21,NOAA-21,RIACHO DE SANTANA,BAHIA,Brasil,,,,Caatinga,33,29,2926400,8,,218_069,39.2,POINT(-42.97997 -13.58601)
1814984673,4742fac0-0895-34e5-9623-2b5550f2332b,-43.84193,-15.53467,2026-04-21 17:07:00+00:00,2026-04-21,NOAA-21,VARZELÂNDIA,MINAS GERAIS,Brasil,,,,Caatinga,33,31,3170909,8,,218_071,12.9,POINT(-43.84193 -15.53467)
1814982781,1bc3a732-f8be-3f52-b7d7-1268b05003f3,-43.50803,-16.56678,2026-04-21 17:07:00+00:00,2026-04-21,NOAA-21,FRANCISCO SÁ,MINAS GERAIS,Brasil,,,,Cerrado,33,31,3126703,8,,218_071,2.8,POINT(-43.50803 -16.56678)
1814982785,178a05b2-1224-3ff0-971a-0c59c9ddca4f,-40.86419,-12.12895,2026-04-21 17:07:00+00:00,2026-04-21,NOAA-21,RUY BARBOSA,BAHIA,Brasil,,,,Caatinga,33,29,2927200,8,,217_068,9.9,POINT(-40.86419 -12.12895)
1814984904,a880d9c9-2e67-3ddd-87ff-4879b8081602,-53.3406,-19.44901,2026-04-21 17:07:00+00:00,2026-04-21,NOAA-21,PARAÍSO DAS ÁGUAS,MATO GROSSO DO SUL,Brasil,,,,Cerrado,33,50,5006275,8,,224_073,6.7,POINT(-53.3406 -19.44901)
1814984663,10645b27-aec8-36ab-88fe-a44bf7424d04,-47.37369,-13.92881,2026-04-21 17:07:00+00:00,2026-04-21,NOAA-21,CAVALCANTE,GOIÁS,Brasil,,,,Cerrado,33,52,5205307,8,,221_070,5.8,POINT(-47.37369 -13.92881)
1814982857,09c1c5b9-ad02-3709-b056-184b34165e90,-47.34475,-20.2394,2026-04-21 17:07:00+00:00,2026-04-21,NOAA-21,PEDREGULHO,SÃO PAULO,Brasil,,,,Cerrado,33,35,3537008,8,,220_074,8.6,POINT(-47.34475 -20.2394)
1814981903,a85e05db-3760-32a6-9050-45a6d1f05a2d,-56.1269,-15.40279,2026-04-21 17:07:00+00:00,2026-04-21,NOAA-21,CUIABÁ,MATO GROSSO,Brasil,,,,Cerrado,33,51,5103403,8,,226_071,4.6,POINT(-56.1269 -15.40279)
1814982937,efa0aa60-0696-3413-a4eb-d045684fd6d5,-50.48819,-26.82867,2026-04-21 17:07:00+00:00,2026-04-21,NOAA-21,SANTA CECÍLIA,SANTA CATARINA,Brasil,,,,Mata Atlântica,33,42,4215505,8,,221_079,9.6,POINT(-50.48819 -26.82867)
1814985032,e0e0b3a3-f3dc-374f-9e60-7b3ef9a2ab72,-42.20519,-15.72455,2026-04-21 17:07:00+00:00,2026-04-21,NOAA-21,INDAIABIRA,MINAS GERAIS,Brasil,,,,Cerrado,33,31,3130655,8,,217_071,6.2,POINT(-42.20519 -15.72455)
1814984926,4f11ff34-b357-3f66-89fb-4ece0d4c5b47,-47.87884,-16.37397,2026-04-21 17:07:00+00:00,2026-04-21,NOAA-21,LUZIÂNIA,GOIÁS,Brasil,,,,Cerrado,33,52,5212501,8,,221_071,5.6,POINT(-47.87884 -16.37397)
1814984612,73ea7f07-b77c-3ea6-afc8-c2d401ece3e5,-45.93266,-19.71863,2026-04-21 17:07:00+00:00,2026-04-21,NOAA-21,CÓRREGO DANTA,MINAS GERAIS,Brasil,,,,Cerrado,33,31,3119807,8,,219_074,3.5,POINT(-45.93266 -19.71863)
1814983007,66a5d3cd-535e-3c7b-bcf4-87b040ee10eb,-49.65768,-25.86336,2026-04-21 17:07:00+00:00,2026-04-21,NOAA-21,LAPA,PARANÁ,Brasil,,,,Mata Atlântica,33,41,4113205,8,,221_078,5.7,POINT(-49.65768 -25.86336)
1814984598,c3173f38-8f2f-39d2-bb52-018f8b7c9573,-54.92183,-16.42715,2026-04-21 17:07:00+00:00,2026-04-21,NOAA-21,RONDONÓPOLIS,MATO GROSSO,Brasil,,,,Cerrado,33,51,5107602,8,,225_071,6.4,POINT(-54.92183 -16.42715)
1814982008,11cf44a5-e329-3b16-8f86-f34c786c1bbc,-52.11936,-16.26824,2026-04-21 17:07:00+00:00,2026-04-21,NOAA-21,BOM JARDIM DE GOIÁS,GOIÁS,Brasil,,,,Cerrado,33,52,5203401,8,,224_071,4.4,POINT(-52.11936 -16.26824)
1814983144,20b54236-915c-352e-b693-d4da788f0663,-45.35835,-13.96299,2026-04-21 17:07:00+00:00,2026-04-21,NOAA-21,JABORANDI,BAHIA,Brasil,,,,Cerrado,33,29,2917359,8,,220_070,11.7,POINT(-45.35835 -13.96299)
1814981870,2d41cd3a-b066-36bc-98ef-440578d76123,-45.33649,-13.3907,2026-04-21 17:07:00+00:00,2026-04-21,NOAA-21,CORRENTINA,BAHIA,Brasil,,,,Cerrado,33,29,2909307,8,,220_069,69.0,POINT(-45.33649 -13.3907)
1814983203,b5918bfc-a974-368f-b7cf-dffddfa0ead3,-49.28182,-17.04589,2026-04-21 17:07:00+00:00,2026-04-21,NOAA-21,HIDROLÂNDIA,GOIÁS,Brasil,,,,Cerrado,33,52,5209705,8,,222_072,4.7,POINT(-49.28182 -17.04589)
1814983237,e8425614-2036-334a-b706-9233d11f7266,-43.84517,-15.53532,2026-04-21 17:07:00+00:00,2026-04-21,NOAA-21,VARZELÂNDIA,MINAS GERAIS,Brasil,,,,Caatinga,33,31,3170909,8,,218_071,15.2,POINT(-43.84517 -15.53532)
1814983255,0f4af503-251a-39b7-9435-717702333845,-56.67937,-15.75412,2026-04-21 17:07:00+00:00,2026-04-21,NOAA-21,NOSSA SENHORA DO LIVRAMENTO,MATO GROSSO,Brasil,,,,Cerrado,33,51,5106109,8,,227_071,9.2,POINT(-56.67937 -15.75412)
1814983257,de533821-60c2-323a-95b2-4263deb4d145,-49.5851,-27.00253,2026-04-21 17:07:00+00:00,2026-04-21,NOAA-21,IBIRAMA,SANTA CATARINA,Brasil,,,,Mata Atlântica,33,42,4206900,8,,220_079,5.0,POINT(-49.5851 -27.00253)
1814983264,a2733c59-1bf3-357b-b5be-2f9c5b84e2cd,-46.83367,-17.167,2026-04-21 17:07:00+00:00,2026-04-21,NOAA-21,PARACATU,MINAS GERAIS,Brasil,,,,Cerrado,33,31,3147006,8,,220_072,7.2,POINT(-46.83367 -17.167)
1814983275,c33e265e-7829-33fd-8920-e7d21784a5eb,-39.71667,-15.01156,2026-04-21 17:07:00+00:00,2026-04-21,NOAA-21,ITAJU DO COLÔNIA,BAHIA,Brasil,,,,Mata Atlântica,33,29,2915403,8,,216_070,10.2,POINT(-39.71667 -15.01156)
1814981860,e2054755-8cfd-364d-b896-4931012c3f99,-45.33508,-13.95165,2026-04-21 17:07:00+00:00,2026-04-21,NOAA-21,JABORANDI,BAHIA,Brasil,,,,Cerrado,33,29,2917359,8,,220_070,5.2,POINT(-45.33508 -13.95165)
1814983329,539c72b2-9669-3e9c-8f0b-bd1fcc23c8a6,-44.238,-15.71199,2026-04-21 17:07:00+00:00,2026-04-21,NOAA-21,IBIRACATU,MINAS GERAIS,Brasil,,,,Cerrado,33,31,3129657,8,,219_071,2.8,POINT(-44.238 -15.71199)
1814984470,ca397740-c72c-3924-8185-1e89fa13e8af,-42.64384,-13.75998,2026-04-21 17:07:00+00:00,2026-04-21,NOAA-21,IGAPORÃ,BAHIA,Brasil,,,,Caatinga,33,29,2913408,8,,218_070,3.2,POINT(-42.64384 -13.75998)
1814984443,7dc2ee19-9dab-3490-bade-b6c4bf90dcf2,-43.31638,-13.66198,2026-04-21 17:07:00+00:00,2026-04-21,NOAA-21,BOM JESUS DA LAPA,BAHIA,Brasil,,,,Caatinga,33,29,2903904,8,,218_070,1.1,POINT(-43.31638 -13.66198)
1814982142,cfcc6b41-ab67-3ac0-8339-8aa5f638f4b0,-49.77075,-19.69665,2026-04-21 17:07:00+00:00,2026-04-21,NOAA-21,SÃO FRANCISCO DE SALES,MINAS GERAIS,Brasil,,,,Cerrado,33,31,3161304,8,,222_074,8.8,POINT(-49.77075 -19.69665)
1814981845,76aaa850-d2d4-3642-b3b2-d03432026b28,-41.98226,-18.99576,2026-04-21 17:07:00+00:00,2026-04-21,NOAA-21,ALPERCATA,MINAS GERAIS,Brasil,,,,Mata Atlântica,33,31,3101805,8,,217_073,11.4,POINT(-41.98226 -18.99576)
1814984822,8193c192-c4b1-373b-9707-11d7f1c27e4c,-45.33079,-13.38964,2026-04-21 17:07:00+00:00,2026-04-21,NOAA-21,CORRENTINA,BAHIA,Brasil,,,,Cerrado,33,29,2909307,8,,220_069,34.7,POINT(-45.33079 -13.38964)
1814983405,e9cb3626-a3a2-33f5-bbd4-dac084624852,-49.43316,-19.36377,2026-04-21 17:07:00+00:00,2026-04-21,NOAA-21,CAMPINA VERDE,MINAS GERAIS,Brasil,,,,Cerrado,33,31,3111101,8,,221_073,0.3,POINT(-49.43316 -19.36377)
1814983409,dd137334-6893-39fa-80e7-18ac3aee9828,-50.25231,-27.49641,2026-04-21 17:07:00+00:00,2026-04-21,NOAA-21,PALMEIRA,SANTA CATARINA,Brasil,,,,Mata Atlântica,33,42,4212056,8,,221_079,5.7,POINT(-50.25231 -27.49641)
1814983461,8934e2b5-3e68-35a7-8142-f18e8c0abf3e,-53.36111,-19.39131,2026-04-21 17:07:00+00:00,2026-04-21,NOAA-21,PARAÍSO DAS ÁGUAS,MATO GROSSO DO SUL,Brasil,,,,Cerrado,33,50,5006275,8,,224_073,4.6,POINT(-53.36111 -19.39131)
1814983466,26dff3bf-d3c8-388e-a9ec-d0c608fbae11,-46.03912,-17.4893,2026-04-21 17:07:00+00:00,2026-04-21,NOAA-21,JOÃO PINHEIRO,MINAS GERAIS,Brasil,,,,Cerrado,33,31,3136306,8,,220_072,10.0,POINT(-46.03912 -17.4893)
1814983467,506f0502-7374-3388-bd0d-2958318f5642,-46.25628,-20.1103,2026-04-21 17:07:00+00:00,2026-04-21,NOAA-21,MEDEIROS,MINAS GERAIS,Brasil,,,,Cerrado,33,31,3141306,8,,219_074,2.8,POINT(-46.25628 -20.1103)
1814983492,6557dba9-2b3a-3d73-906b-858712820447,-56.12546,-15.44265,2026-04-21 17:07:00+00:00,2026-04-21,NOAA-21,CUIABÁ,MATO GROSSO,Brasil,,,,Cerrado,33,51,5103403,8,,226_071,3.2,POINT(-56.12546 -15.44265)
1814983499,cac262a0-ea12-36e1-8b11-0f1a35abcb26,-54.92629,-16.42428,2026-04-21 17:07:00+00:00,2026-04-21,NOAA-21,RONDONÓPOLIS,MATO GROSSO,Brasil,,,,Cerrado,33,51,5107602,8,,225_071,6.0,POINT(-54.92629 -16.42428)
1814983504,ba2cf51a-5b12-334f-9952-d26f08e714a0,-45.53671,-18.95813,2026-04-21 17:07:00+00:00,2026-04-21,NOAA-21,PAINEIRAS,MINAS GERAIS,Brasil,,,,Cerrado,33,31,3146404,8,,219_073,3.9,POINT(-45.53671 -18.95813)
1814983508,8c28c0dd-fe5d-35ef-99ab-7cbc80afe079,-49.59302,-20.03706,2026-04-21 17:07:00+00:00,2026-04-21,NOAA-21,RIOLÂNDIA,SÃO PAULO,Brasil,,,,Mata Atlântica,33,35,3544202,8,,221_074,5.1,POINT(-49.59302 -20.03706)
1814983518,39ff4c2e-a526-319a-8674-83b7d615d305,-45.33578,-13.39235,2026-04-21 17:07:00+00:00,2026-04-21,NOAA-21,CORRENTINA,BAHIA,Brasil,,,,Cerrado,33,29,2909307,8,,220_069,31.9,POINT(-45.33578 -13.39235)
1814982081,f7e7896e-10a7-383d-9bc9-2a6cb0eebd1e,-45.3643,-19.14352,2026-04-21 17:07:00+00:00,2026-04-21,NOAA-21,ABAETÉ,MINAS GERAIS,Brasil,,,,Cerrado,33,31,3100203,8,,219_073,1.5,POINT(-45.3643 -19.14352)
1814983589,1de69d04-d8bf-364a-abb7-e024126546a5,-50.83801,-27.39721,2026-04-21 17:07:00+00:00,2026-04-21,NOAA-21,BRUNÓPOLIS,SANTA CATARINA,Brasil,,,,Mata Atlântica,33,42,4202875,8,,221_079,3.4,POINT(-50.83801 -27.39721)
1814982025,1f13c91d-5c0e-3db2-a88e-e443703b324f,-40.85798,-12.12766,2026-04-21 17:07:00+00:00,2026-04-21,NOAA-21,RUY BARBOSA,BAHIA,Brasil,,,,Caatinga,33,29,2927200,8,,217_068,12.1,POINT(-40.85798 -12.12766)
1814983652,dc5c343e-bc2c-3d96-b614-d4ae8f2565e5,-43.01552,-12.91964,2026-04-21 17:07:00+00:00,2026-04-21,NOAA-21,PARATINGA,BAHIA,Brasil,,,,Caatinga,33,29,2923704,8,,218_069,4.7,POINT(-43.01552 -12.91964)
1814981966,7b2083e2-5816-3989-87e3-58982ec84752,-54.48233,-16.14752,2026-04-21 17:07:00+00:00,2026-04-21,NOAA-21,RONDONÓPOLIS,MATO GROSSO,Brasil,,,,Cerrado,33,51,5107602,8,,225_071,3.4,POINT(-54.48233 -16.14752)
1814982163,8c17b608-a935-3ff0-899e-2e07cf779126,-42.42771,-15.92189,2026-04-21 17:07:00+00:00,2026-04-21,NOAA-21,NOVORIZONTE,MINAS GERAIS,Brasil,,,,Cerrado,33,31,3145372,8,,217_071,10.4,POINT(-42.42771 -15.92189)
1814982040,b7d12742-2cf6-3a4a-a309-5980c7d337b7,-49.33548,-20.73961,2026-04-21 17:07:00+00:00,2026-04-21,NOAA-21,SÃO JOSÉ DO RIO PRETO,SÃO PAULO,Brasil,,,,Mata Atlântica,33,35,3549805,8,,221_074,5.5,POINT(-49.33548 -20.73961)
1814981956,a5e201a3-f684-3312-b184-d37776b414aa,-51.06514,-27.05007,2026-04-21 17:07:00+00:00,2026-04-21,NOAA-21,VIDEIRA,SANTA CATARINA,Brasil,,,,Mata Atlântica,33,42,4219309,8,,221_079,6.0,POINT(-51.06514 -27.05007)
1814983745,71ae5432-b92a-33ae-ad29-b24ee68e64d6,-45.35632,-13.96077,2026-04-21 17:07:00+00:00,2026-04-21,NOAA-21,JABORANDI,BAHIA,Brasil,,,,Cerrado,33,29,2917359,8,,220_070,10.6,POINT(-45.35632 -13.96077)
1814982212,670ecd7d-cba1-3ddc-aece-565bfb458ae6,-44.19266,-18.12151,2026-04-21 17:07:00+00:00,2026-04-21,NOAA-21,AUGUSTO DE LIMA,MINAS GERAIS,Brasil,,,,Cerrado,33,31,3104809,8,,218_073,12.9,POINT(-44.19266 -18.12151)
1814982236,81ead48c-4c69-3ed1-8f52-c717b01a1f51,-39.51252,-14.01022,2026-04-21 17:07:00+00:00,2026-04-21,NOAA-21,UBATÃ,BAHIA,Brasil,,,,Mata Atlântica,33,29,2932309,8,,216_070,5.4,POINT(-39.51252 -14.01022)
1814983807,d80153b3-e5f9-3cbc-bf79-a22a45dc02a8,-41.17612,-12.62467,2026-04-21 17:07:00+00:00,2026-04-21,NOAA-21,ANDARAÍ,BAHIA,Brasil,,,,Caatinga,33,29,2901304,8,,217_069,5.2,POINT(-41.17612 -12.62467)
1814982014,62fab6d4-3952-3ad7-a5b7-cf1b2dee0f7a,-45.34991,-13.96457,2026-04-21 17:07:00+00:00,2026-04-21,NOAA-21,JABORANDI,BAHIA,Brasil,,,,Cerrado,33,29,2917359,8,,220_070,10.6,POINT(-45.34991 -13.96457)
1814984399,c446db73-704f-3aac-8c4d-c443f51d19cb,-51.67386,-21.25216,2026-04-21 17:07:00+00:00,2026-04-21,NOAA-21,SÃO JOÃO DO PAU D'ALHO,SÃO PAULO,Brasil,,,,Mata Atlântica,33,35,3549300,8,,223_075,3.9,POINT(-51.67386 -21.25216)
1814982118,2ddd5b48-7957-390b-87f1-f2fb9fcdf47c,-40.01756,-18.30976,2026-04-21 17:07:00+00:00,2026-04-21,NOAA-21,PINHEIROS,ESPÍRITO SANTO,Brasil,,,,Mata Atlântica,33,32,3204104,8,,216_073,5.1,POINT(-40.01756 -18.30976)
1814982125,d4032ce6-a569-3249-9a8d-93a0d5a29c11,-50.99176,-27.36859,2026-04-21 17:07:00+00:00,2026-04-21,NOAA-21,CAMPOS NOVOS,SANTA CATARINA,Brasil,,,,Mata Atlântica,33,42,4203600,8,,221_079,2.4,POINT(-50.99176 -27.36859)
1814984780,2f0c91d2-1055-3fd9-b691-8c03745d7702,-47.37566,-13.92039,2026-04-21 17:07:00+00:00,2026-04-21,NOAA-21,CAVALCANTE,GOIÁS,Brasil,,,,Cerrado,33,52,5205307,8,,221_070,13.2,POINT(-47.37566 -13.92039)
1814983980,6a9ec4c0-c417-3598-88e9-6f9a68f5f9b2,-51.08844,-27.41343,2026-04-21 17:07:00+00:00,2026-04-21,NOAA-21,CAMPOS NOVOS,SANTA CATARINA,Brasil,,,,Mata Atlântica,33,42,4203600,8,,221_079,2.5,POINT(-51.08844 -27.41343)
1814984005,6b87a3f7-9d27-3abe-adb4-b4c805d2d48e,-50.57964,-26.69984,2026-04-21 17:07:00+00:00,2026-04-21,NOAA-21,TIMBÓ GRANDE,SANTA CATARINA,Brasil,,,,Mata Atlântica,33,42,4218251,8,,221_079,27.1,POINT(-50.57964 -26.69984)
1814984394,19b8a9de-015a-3533-9c7a-815141a0b581,-48.84064,-24.99508,2026-04-21 17:07:00+00:00,2026-04-21,NOAA-21,TUNAS DO PARANÁ,PARANÁ,Brasil,,,,Mata Atlântica,33,41,4127882,8,,220_077,3.3,POINT(-48.84064 -24.99508)
1814984029,67e15f59-6748-33e4-be31-47a9eb42cd93,-42.70071,-18.22692,2026-04-21 17:07:00+00:00,2026-04-21,NOAA-21,SÃO JOSÉ DO JACURI,MINAS GERAIS,Brasil,,,,Mata Atlântica,33,31,3163508,8,,217_073,2.6,POINT(-42.70071 -18.22692)
1814985187,64a6aa07-4096-3a9d-8dff-9b8112855630,-49.59281,-27.00374,2026-04-21 17:07:00+00:00,2026-04-21,NOAA-21,JOSÉ BOITEUX,SANTA CATARINA,Brasil,,,,Mata Atlântica,33,42,4209151,8,,220_079,5.0,POINT(-49.59281 -27.00374)
1814984092,00652a2a-07cb-34eb-9962-67d23f1849ec,-50.59656,-27.18796,2026-04-21 17:07:00+00:00,2026-04-21,NOAA-21,PONTE ALTA DO NORTE,SANTA CATARINA,Brasil,,,,Mata Atlântica,33,42,4213351,8,,221_079,44.2,POINT(-50.59656 -27.18796)
1814984104,5a52a0a4-c3af-3fef-a449-7165642a80c8,-50.37934,-26.96848,2026-04-21 17:07:00+00:00,2026-04-21,NOAA-21,SANTA CECÍLIA,SANTA CATARINA,Brasil,,,,Mata Atlântica,33,42,4215505,8,,221_079,2.4,POINT(-50.37934 -26.96848)
1814984118,c6332df6-07d0-34be-ac05-eac2ddec015c,-50.0763,-25.17737,2026-04-21 17:07:00+00:00,2026-04-21,NOAA-21,PONTA GROSSA,PARANÁ,Brasil,,,,Mata Atlântica,33,41,4119905,8,,221_077,8.1,POINT(-50.0763 -25.17737)
1814985070,f498374a-bc41-34fb-93a8-f51b6675b2d1,-50.21181,-26.97362,2026-04-21 17:07:00+00:00,2026-04-21,NOAA-21,RIO DO CAMPO,SANTA CATARINA,Brasil,,,,Mata Atlântica,33,42,4214508,8,,221_079,4.1,POINT(-50.21181 -26.97362)
1814984191,5d7677fc-c80c-333e-adb8-2a4231efc8df,-47.87955,-16.37001,2026-04-21 17:07:00+00:00,2026-04-21,NOAA-21,LUZIÂNIA,GOIÁS,Brasil,,,,Cerrado,33,52,5212501,8,,221_071,5.6,POINT(-47.87955 -16.37001)
1814985132,11677ad4-87d6-3b30-bd2c-60ca5b15469d,-51.49356,-20.276,2026-04-21 17:07:00+00:00,2026-04-21,NOAA-21,SELVÍRIA,MATO GROSSO DO SUL,Brasil,,,,Mata Atlântica,33,50,5007802,8,,223_074,2.4,POINT(-51.49356 -20.276)
1814982320,6229cb09-4aaf-338d-bd79-30fff23d5fbd,-56.26813,-15.49912,2026-04-21 17:07:00+00:00,2026-04-21,NOAA-21,VÁRZEA GRANDE,MATO GROSSO,Brasil,,,,Cerrado,33,51,5108402,8,,226_071,4.8,POINT(-56.26813 -15.49912)
1814982322,bc4dd2f1-4b9e-3f84-ac6c-ff93b515d8b0,-56.12495,-15.44622,2026-04-21 17:07:00+00:00,2026-04-21,NOAA-21,CUIABÁ,MATO GROSSO,Brasil,,,,Cerrado,33,51,5103403,8,,226_071,4.6,POINT(-56.12495 -15.44622)
1814984324,0c68b7d7-d875-3c44-8407-63c43ca0bc31,-50.60106,-27.18523,2026-04-21 17:07:00+00:00,2026-04-21,NOAA-21,PONTE ALTA DO NORTE,SANTA CATARINA,Brasil,,,,Mata Atlântica,33,42,4213351,8,,221_079,44.2,POINT(-50.60106 -27.18523)
1814984251,f9271b2f-15be-3206-bf27-c615e48be050,-40.47521,-13.0313,2026-04-21 17:07:00+00:00,2026-04-21,NOAA-21,MARCIONÍLIO SOUZA,BAHIA,Brasil,,,,Caatinga,33,29,2920809,8,,217_069,12.8,POINT(-40.47521 -13.0313)
1814984257,8e3009ef-1b19-34d2-b12b-b14447ef4dfc,-43.60782,-13.02404,2026-04-21 17:07:00+00:00,2026-04-21,NOAA-21,SÍTIO DO MATO,BAHIA,Brasil,,,,Cerrado,33,29,2930758,8,,219_069,5.2,POINT(-43.60782 -13.02404)
1814982138,bd401f34-a9de-3b50-860a-8fdab59629dc,-50.02338,-26.88004,2026-04-21 17:07:00+00:00,2026-04-21,NOAA-21,RIO DO CAMPO,SANTA CATARINA,Brasil,,,,Mata Atlântica,33,42,4214508,8,,221_079,2.7,POINT(-50.02338 -26.88004)
1814984313,fc3679d7-9a90-3651-83ae-11df5561322f,-51.67329,-21.25546,2026-04-21 17:07:00+00:00,2026-04-21,NOAA-21,SÃO JOÃO DO PAU D'ALHO,SÃO PAULO,Brasil,,,,Mata Atlântica,33,35,3549300,8,,223_075,3.9,POINT(-51.67329 -21.25546)
1814984287,4f3a5db4-7638-34c5-89d0-1fdd5edcf07f,-50.46741,-27.49817,2026-04-21 17:07:00+00:00,2026-04-21,NOAA-21,CORREIA PINTO,SANTA CATARINA,Brasil,,,,Mata Atlântica,33,42,4204558,8,,221_079,4.8,POINT(-50.46741 -27.49817)
1814985138,21a887cd-9a6f-3775-8f1b-8c339b92794d,-52.66661,-17.81415,2026-04-21 17:07:00+00:00,2026-04-21,NOAA-21,MINEIROS,GOIÁS,Brasil,,,,Cerrado,33,52,5213103,8,,224_072,8.2,POINT(-52.66661 -17.81415)
1814984758,35708df6-4c8e-3b06-b79c-104722a10bdd,-49.38979,-25.10921,2026-04-21 17:07:00+00:00,2026-04-21,NOAA-21,RIO BRANCO DO SUL,PARANÁ,Brasil,,,,Mata Atlântica,33,41,4122206,8,,221_077,3.0,POINT(-49.38979 -25.10921)
1814982363,1a37fcad-dd1e-3468-8595-7689741368a3,-46.1671,-20.32343,2026-04-21 17:07:00+00:00,2026-04-21,NOAA-21,SÃO ROQUE DE MINAS,MINAS GERAIS,Brasil,,,,Cerrado,33,31,3164308,8,,219_074,2.0,POINT(-46.1671 -20.32343)
1814982367,3d26f98f-e005-369c-a9e4-f2786e171f21,-47.8765,-16.37239,2026-04-21 17:07:00+00:00,2026-04-21,NOAA-21,LUZIÂNIA,GOIÁS,Brasil,,,,Cerrado,33,52,5212501,8,,221_071,8.0,POINT(-47.8765 -16.37239)
1814982368,5c06ca46-fdd8-3502-89f0-f30b204ac4ce,-49.58895,-27.00313,2026-04-21 17:07:00+00:00,2026-04-21,NOAA-21,JOSÉ BOITEUX,SANTA CATARINA,Brasil,,,,Mata Atlântica,33,42,4209151,8,,220_079,5.0,POINT(-49.58895 -27.00313)
1814982381,cbaaf225-f296-3ac0-b89f-bebd4e4d5700,-42.08488,-13.87192,2026-04-21 17:07:00+00:00,2026-04-21,NOAA-21,LIVRAMENTO DE NOSSA SENHORA,BAHIA,Brasil,,,,Caatinga,33,29,2919504,8,,217_070,7.1,POINT(-42.08488 -13.87192)
1814984851,28ff7664-349b-3b09-a7dd-5df45d687e6b,-50.38099,-25.37455,2026-04-21 17:07:00+00:00,2026-04-21,NOAA-21,TEIXEIRA SOARES,PARANÁ,Brasil,,,,Mata Atlântica,33,41,4127007,8,,221_078,6.7,POINT(-50.38099 -25.37455)
1814981917,b3876513-c3fa-36d3-9710-d18798689a1f,-57.18382,-12.2999,2026-04-21 17:09:00+00:00,2026-04-21,NOAA-21,NOVA MARINGÁ,MATO GROSSO,Brasil,,,,Amazônia,33,51,5108907,8,,227_069,12.3,POINT(-57.18382 -12.2999)
1814982814,f792ff1a-8cf9-3f31-88b3-4fcecea980eb,-45.22817,-12.01582,2026-04-21 17:09:00+00:00,2026-04-21,NOAA-21,BARREIRAS,BAHIA,Brasil,,,,Cerrado,33,29,2903201,8,,220_068,22.0,POINT(-45.22817 -12.01582)
1814983816,2c4060f6-04a2-3888-9031-02d225e0ea5e,-45.23123,-12.01639,2026-04-21 17:09:00+00:00,2026-04-21,NOAA-21,BARREIRAS,BAHIA,Brasil,,,,Cerrado,33,29,2903201,8,,220_068,22.0,POINT(-45.23123 -12.01639)
1814984424,c527dcef-80cb-3646-b46a-9fee189aac7b,-43.84165,-11.97434,2026-04-21 17:09:00+00:00,2026-04-21,NOAA-21,WANDERLEY,BAHIA,Brasil,,,,Cerrado,33,29,2933455,8,,219_068,12.9,POINT(-43.84165 -11.97434)
1814983173,3c1d5d94-9fc4-34fe-818a-c14c1cbfe8f1,-50.00925,-12.27114,2026-04-21 17:09:00+00:00,2026-04-21,NOAA-21,SANDOLÂNDIA,TOCANTINS,Brasil,,,,Cerrado,33,17,1718840,8,,223_068,9.3,POINT(-50.00925 -12.27114)
1814983478,bd087da4-fef1-3acc-b2c1-aced33df397d,-44.19506,-12.24226,2026-04-21 17:09:00+00:00,2026-04-21,NOAA-21,CRISTÓPOLIS,BAHIA,Brasil,,,,Cerrado,33,29,2909703,8,,219_068,6.0,POINT(-44.19506 -12.24226)
1814984989,dbd6e2ed-33e7-37a2-8dc4-7068f44bba8d,-54.61848,-12.5462,2026-04-21 17:09:00+00:00,2026-04-21,NOAA-21,NOVA UBIRATÃ,MATO GROSSO,Brasil,,,,Amazônia,33,51,5106240,8,,226_069,2.6,POINT(-54.61848 -12.5462)
1814983214,022be267-0958-3808-927f-7e7d9785af0e,-40.15508,-10.57125,2026-04-21 17:09:00+00:00,2026-04-21,NOAA-21,SENHOR DO BONFIM,BAHIA,Brasil,,,,Caatinga,33,29,2930105,8,,217_067,14.4,POINT(-40.15508 -10.57125)
1814982628,4acd02dd-b34b-3022-8ccd-d513bad93ab8,-58.42419,-14.37673,2026-04-21 17:09:00+00:00,2026-04-21,NOAA-21,TANGARÁ DA SERRA,MATO GROSSO,Brasil,,,,Cerrado,33,51,5107958,8,,228_070,4.5,POINT(-58.42419 -14.37673)
1814982634,d039fa4e-25ca-3bf1-9fb5-a5a16a0db13d,-49.7263,-11.84923,2026-04-21 17:09:00+00:00,2026-04-21,NOAA-21,FORMOSO DO ARAGUAIA,TOCANTINS,Brasil,,,,Cerrado,33,17,1708205,8,,223_068,7.2,POINT(-49.7263 -11.84923)
1814984784,e86b19f1-7c47-35db-ba02-5de38d9e6abe,-48.26432,-12.53685,2026-04-21 17:09:00+00:00,2026-04-21,NOAA-21,SÃO SALVADOR DO TOCANTINS,TOCANTINS,Brasil,,,,Cerrado,33,17,1720259,8,,222_069,2.8,POINT(-48.26432 -12.53685)
1814984570,8ae99b2a-4749-30f6-a9ab-b5b9efcbbad5,-49.76645,-10.80677,2026-04-21 17:09:00+00:00,2026-04-21,NOAA-21,LAGOA DA CONFUSÃO,TOCANTINS,Brasil,,,,Cerrado,33,17,1711902,8,,223_067,5.4,POINT(-49.76645 -10.80677)
1814982688,a3223da1-d5d3-3963-a50f-d59500761c15,-45.2272,-12.02089,2026-04-21 17:09:00+00:00,2026-04-21,NOAA-21,BARREIRAS,BAHIA,Brasil,,,,Cerrado,33,29,2903201,8,,220_068,8.5,POINT(-45.2272 -12.02089)
1814983742,f2e55559-0f75-3f34-b01c-ed889dd71585,-47.77443,-12.0007,2026-04-21 17:09:00+00:00,2026-04-21,NOAA-21,NATIVIDADE,TOCANTINS,Brasil,,,,Cerrado,33,17,1714203,8,,221_068,35.9,POINT(-47.77443 -12.0007)
1814985228,d0ab3b95-418d-3d6a-ab3f-149a3f548cd3,-45.21716,-12.04001,2026-04-21 17:09:00+00:00,2026-04-21,NOAA-21,BARREIRAS,BAHIA,Brasil,,,,Cerrado,33,29,2903201,8,,220_068,7.3,POINT(-45.21716 -12.04001)
1814982730,744b638e-6983-3da7-8beb-b9c53357d463,-49.72564,-11.85303,2026-04-21 17:09:00+00:00,2026-04-21,NOAA-21,FORMOSO DO ARAGUAIA,TOCANTINS,Brasil,,,,Cerrado,33,17,1708205,8,,223_068,7.2,POINT(-49.72564 -11.85303)
1814984385,9b1dcfe3-8f60-3b6e-820c-f08c0dc7d45f,-46.15734,-10.81642,2026-04-21 17:09:00+00:00,2026-04-21,NOAA-21,FORMOSA DO RIO PRETO,BAHIA,Brasil,,,,Cerrado,33,29,2911105,8,,221_067,12.8,POINT(-46.15734 -10.81642)
1814981844,4180bf6b-571a-34af-ba8b-383a055b0b55,-54.68428,-11.69652,2026-04-21 17:09:00+00:00,2026-04-21,NOAA-21,SANTA CARMEM,MATO GROSSO,Brasil,,,,Amazônia,33,51,5107248,8,,226_068,0.4,POINT(-54.68428 -11.69652)
1814984678,933269b1-36dc-360d-9493-1955ea3d568a,-43.84681,-11.90734,2026-04-21 17:09:00+00:00,2026-04-21,NOAA-21,WANDERLEY,BAHIA,Brasil,,,,Cerrado,33,29,2933455,8,,219_068,26.4,POINT(-43.84681 -11.90734)
1814983328,e0baf859-a265-308d-8290-b66d26268beb,-47.77378,-12.00216,2026-04-21 17:09:00+00:00,2026-04-21,NOAA-21,NATIVIDADE,TOCANTINS,Brasil,,,,Cerrado,33,17,1714203,8,,221_068,9.7,POINT(-47.77378 -12.00216)
1814983542,8fac255e-83b8-3e8b-9bb5-248a044c5ada,-40.15854,-10.56779,2026-04-21 17:09:00+00:00,2026-04-21,NOAA-21,SENHOR DO BONFIM,BAHIA,Brasil,,,,Caatinga,33,29,2930105,8,,217_067,16.8,POINT(-40.15854 -10.56779)
1814984829,a9648866-9504-367a-ba30-ad1cf63a4d17,-58.77374,-14.52689,2026-04-21 17:09:00+00:00,2026-04-21,NOAA-21,TANGARÁ DA SERRA,MATO GROSSO,Brasil,,,,Cerrado,33,51,5107958,8,,228_070,9.3,POINT(-58.77374 -14.52689)
1814984670,6e0421f1-4d88-30d0-ae59-0de8b838e2da,-50.0067,-12.27272,2026-04-21 17:09:00+00:00,2026-04-21,NOAA-21,SANDOLÂNDIA,TOCANTINS,Brasil,,,,Cerrado,33,17,1718840,8,,223_068,8.0,POINT(-50.0067 -12.27272)
1814984080,278dda1c-e707-3ca3-9cbc-00db754984f0,-41.45037,-11.57575,2026-04-21 17:09:00+00:00,2026-04-21,NOAA-21,MORRO DO CHAPÉU,BAHIA,Brasil,,,,Caatinga,33,29,2921708,8,,217_068,2.9,POINT(-41.45037 -11.57575)
1814983349,2cf8204b-d8dc-3cea-a5ad-a47a69a5af4a,-49.73038,-11.85382,2026-04-21 17:09:00+00:00,2026-04-21,NOAA-21,FORMOSO DO ARAGUAIA,TOCANTINS,Brasil,,,,Cerrado,33,17,1708205,8,,223_068,12.2,POINT(-49.73038 -11.85382)
1814982838,0d1c24b0-3e9a-3e64-977d-95dd3fb2f8d1,-45.23024,-12.02146,2026-04-21 17:09:00+00:00,2026-04-21,NOAA-21,BARREIRAS,BAHIA,Brasil,,,,Cerrado,33,29,2903201,8,,220_068,8.5,POINT(-45.23024 -12.02146)
1814983754,938bb92a-bff3-34b3-8ded-de4b05050560,-46.15646,-10.8213,2026-04-21 17:09:00+00:00,2026-04-21,NOAA-21,FORMOSA DO RIO PRETO,BAHIA,Brasil,,,,Cerrado,33,29,2911105,8,,221_067,12.7,POINT(-46.15646 -10.8213)
1814984122,62df519d-3dad-30ac-b981-bbb761262360,-49.73104,-11.85003,2026-04-21 17:09:00+00:00,2026-04-21,NOAA-21,FORMOSO DO ARAGUAIA,TOCANTINS,Brasil,,,,Cerrado,33,17,1708205,8,,223_068,12.2,POINT(-49.73104 -11.85003)
1814982134,2eab62af-0758-3d2a-9cc2-f50e4bbf11dd,-44.19023,-12.24693,2026-04-21 17:09:00+00:00,2026-04-21,NOAA-21,CRISTÓPOLIS,BAHIA,Brasil,,,,Cerrado,33,29,2909703,8,,219_068,3.6,POINT(-44.19023 -12.24693)
1814984361,9d270e4d-7a38-34af-9423-04127b7ad30c,-46.91631,-10.55063,2026-04-21 17:09:00+00:00,2026-04-21,NOAA-21,MATEIROS,TOCANTINS,Brasil,,,,Cerrado,33,17,1712702,8,,221_067,10.6,POINT(-46.91631 -10.55063)
1814984146,1c3ec0d8-02ae-3dae-a7a8-2118c61608e2,-58.77051,-14.52228,2026-04-21 17:09:00+00:00,2026-04-21,NOAA-21,TANGARÁ DA SERRA,MATO GROSSO,Brasil,,,,Cerrado,33,51,5107958,8,,228_070,9.3,POINT(-58.77051 -14.52228)
1814983565,466fff1f-0c9b-3ae1-9d28-f2cafa896348,-46.82831,-11.86633,2026-04-21 17:09:00+00:00,2026-04-21,NOAA-21,DIANÓPOLIS,TOCANTINS,Brasil,,,,Cerrado,33,17,1707009,8,,221_068,2.8,POINT(-46.82831 -11.86633)
1814985006,4c54e63e-2f9d-3d5d-ae7b-bea813fa32b2,-56.65474,-13.99248,2026-04-21 17:09:00+00:00,2026-04-21,NOAA-21,DIAMANTINO,MATO GROSSO,Brasil,,,,Cerrado,33,51,5103502,8,,227_070,7.9,POINT(-56.65474 -13.99248)
1814984212,7562b54a-66ad-3098-a507-8a93e0beeb65,-50.00735,-12.26901,2026-04-21 17:09:00+00:00,2026-04-21,NOAA-21,SANDOLÂNDIA,TOCANTINS,Brasil,,,,Cerrado,33,17,1718840,8,,223_068,8.0,POINT(-50.00735 -12.26901)
1814984240,5032e84c-6244-308b-8cf7-4be7a0dc890f,-57.18328,-12.30353,2026-04-21 17:09:00+00:00,2026-04-21,NOAA-21,NOVA MARINGÁ,MATO GROSSO,Brasil,,,,Amazônia,33,51,5108907,8,,227_069,12.3,POINT(-57.18328 -12.30353)
1814982890,d996a8bf-9ac9-3478-ac06-27c1d8bb809c,-49.76158,-10.80596,2026-04-21 17:09:00+00:00,2026-04-21,NOAA-21,LAGOA DA CONFUSÃO,TOCANTINS,Brasil,,,,Cerrado,33,17,1711902,8,,223_067,5.4,POINT(-49.76158 -10.80596)
1814984247,c812e3d5-b999-37e8-8197-cbc62021d1d6,-56.65953,-13.98947,2026-04-21 17:09:00+00:00,2026-04-21,NOAA-21,DIAMANTINO,MATO GROSSO,Brasil,,,,Cerrado,33,51,5103502,8,,227_070,9.1,POINT(-56.65953 -13.98947)
1814981884,ec42f077-70ba-320f-a4fd-6e5299ba618c,-53.13098,-13.62251,2026-04-21 17:09:00+00:00,2026-04-21,NOAA-21,GAÚCHA DO NORTE,MATO GROSSO,Brasil,,,,Cerrado,33,51,5103858,8,,225_069,5.3,POINT(-53.13098 -13.62251)
1814982897,07a21abf-95cb-377e-8a21-691203256cde,-56.63765,-13.9901,2026-04-21 17:09:00+00:00,2026-04-21,NOAA-21,DIAMANTINO,MATO GROSSO,Brasil,,,,Cerrado,33,51,5103502,8,,227_070,3.1,POINT(-56.63765 -13.9901)
1814984265,f3b57cf7-efa0-31b4-b04a-fbc3c358a5b4,-43.84573,-11.9129,2026-04-21 17:09:00+00:00,2026-04-21,NOAA-21,WANDERLEY,BAHIA,Brasil,,,,Cerrado,33,29,2933455,8,,219_068,15.0,POINT(-43.84573 -11.9129)
1814985152,ea6e0763-4182-3397-b59a-84d98d903ef1,-45.2322,-12.01133,2026-04-21 17:09:00+00:00,2026-04-21,NOAA-21,BARREIRAS,BAHIA,Brasil,,,,Cerrado,33,29,2903201,8,,220_068,22.0,POINT(-45.2322 -12.01133)
1814984615,e5261560-b1f7-30cc-88ea-33e2993b8741,-57.17901,-12.30294,2026-04-21 17:09:00+00:00,2026-04-21,NOAA-21,NOVA MARINGÁ,MATO GROSSO,Brasil,,,,Amazônia,33,51,5108907,8,,227_069,9.9,POINT(-57.17901 -12.30294)
1814984293,f69a5eeb-7cbf-3457-ad82-a9a40d0d2188,-56.14935,-12.89419,2026-04-21 17:09:00+00:00,2026-04-21,NOAA-21,LUCAS DO RIO VERDE,MATO GROSSO,Brasil,,,,Cerrado,33,51,5105259,8,,227_069,9.2,POINT(-56.14935 -12.89419)
1814984305,b8e95cbf-a19f-34aa-ac8e-656dd9156bbc,-41.01953,-9.24524,2026-04-21 17:09:00+00:00,2026-04-21,NOAA-21,CASA NOVA,BAHIA,Brasil,,,,Caatinga,33,29,2907202,8,,217_066,21.3,POINT(-41.01953 -9.24524)
1814983599,e2b04922-4b3f-3fd0-b51b-45131efe0322,-43.83784,-11.97361,2026-04-21 17:09:00+00:00,2026-04-21,NOAA-21,WANDERLEY,BAHIA,Brasil,,,,Cerrado,33,29,2933455,8,,219_068,13.0,POINT(-43.83784 -11.97361)
1814984909,f7412def-f201-37fe-8009-efb68666050b,-43.84195,-11.91218,2026-04-21 17:09:00+00:00,2026-04-21,NOAA-21,WANDERLEY,BAHIA,Brasil,,,,Cerrado,33,29,2933455,8,,219_068,29.5,POINT(-43.84195 -11.91218)
1814984402,b554f0a3-631f-34ed-94a3-b3761857ad29,-45.22523,-12.03102,2026-04-21 17:09:00+00:00,2026-04-21,NOAA-21,BARREIRAS,BAHIA,Brasil,,,,Cerrado,33,29,2903201,8,,220_068,8.4,POINT(-45.22523 -12.03102)
1814982977,ae563a61-8b33-35b5-b9b1-d52aa9acc868,-55.21246,-13.00693,2026-04-21 17:09:00+00:00,2026-04-21,NOAA-21,NOVA UBIRATÃ,MATO GROSSO,Brasil,,,,Cerrado,33,51,5106240,8,,226_069,2.7,POINT(-55.21246 -13.00693)
1814982991,a6762632-1c15-3e67-91d0-2269c40ac2b0,-49.56356,-7.2614,2026-04-21 17:09:00+00:00,2026-04-21,NOAA-21,RIO MARIA,PARÁ,Brasil,,,,Amazônia,33,15,1506161,8,,223_065,9.2,POINT(-49.56356 -7.2614)
1814982261,0d6d814e-a52e-3144-94b2-895591715bc2,-43.37661,-11.95541,2026-04-21 17:09:00+00:00,2026-04-21,NOAA-21,MUQUÉM DO SÃO FRANCISCO,BAHIA,Brasil,,,,Cerrado,33,29,2922250,8,,219_068,7.2,POINT(-43.37661 -11.95541)
1814982108,1feb61d0-610a-3144-8818-5be72a6e359b,-49.90781,-10.84964,2026-04-21 17:09:00+00:00,2026-04-21,NOAA-21,LAGOA DA CONFUSÃO,TOCANTINS,Brasil,,,,Cerrado,33,17,1711902,8,,223_068,5.1,POINT(-49.90781 -10.84964)
1814983011,4cdf23c8-c09f-3e6c-a1f2-6e274a2eaff5,-51.73436,-10.70943,2026-04-21 17:09:00+00:00,2026-04-21,NOAA-21,CONFRESA,MATO GROSSO,Brasil,,,,Amazônia,33,51,5103353,8,,224_067,3.2,POINT(-51.73436 -10.70943)
1814984809,123222ba-3ad2-30f0-819c-46085c7b65e6,-53.1269,-13.62527,2026-04-21 17:09:00+00:00,2026-04-21,NOAA-21,GAÚCHA DO NORTE,MATO GROSSO,Brasil,,,,Cerrado,33,51,5103858,8,,225_069,5.3,POINT(-53.1269 -13.62527)
1814982463,1db8a718-23a5-3249-8683-386cd78ba2c5,-58.7743,-14.52278,2026-04-21 17:09:00+00:00,2026-04-21,NOAA-21,TANGARÁ DA SERRA,MATO GROSSO,Brasil,,,,Cerrado,33,51,5107958,8,,228_070,9.3,POINT(-58.7743 -14.52278)
1814983057,65637496-1e4b-3582-bc21-fdc960fab013,-41.01877,-9.24519,2026-04-21 17:09:00+00:00,2026-04-21,NOAA-21,CASA NOVA,BAHIA,Brasil,,,,Caatinga,33,29,2907202,8,,217_066,13.0,POINT(-41.01877 -9.24519)
1814982485,fd3f4c0c-333c-374d-9475-9d30830b9175,-41.02533,-9.24645,2026-04-21 17:09:00+00:00,2026-04-21,NOAA-21,CASA NOVA,BAHIA,Brasil,,,,Caatinga,33,29,2907202,8,,217_066,13.0,POINT(-41.02533 -9.24645)
1814984699,09cfa1dc-38ce-3cb4-81ea-92a3b8b0af50,-56.95169,-12.31897,2026-04-21 17:09:00+00:00,2026-04-21,NOAA-21,TAPURAH,MATO GROSSO,Brasil,,,,Amazônia,33,51,5108006,8,,227_069,0.6,POINT(-56.95169 -12.31897)
1814981925,6ec58fbd-ded8-3629-9bac-57625a7b3433,-44.1938,-12.24762,2026-04-21 17:09:00+00:00,2026-04-21,NOAA-21,CRISTÓPOLIS,BAHIA,Brasil,,,,Cerrado,33,29,2909703,8,,219_068,3.7,POINT(-44.1938 -12.24762)
1814982011,847e654d-ffdb-3690-8893-56e7a89b6b2c,-41.02605,-9.24654,2026-04-21 17:09:00+00:00,2026-04-21,NOAA-21,CASA NOVA,BAHIA,Brasil,,,,Caatinga,33,29,2907202,8,,217_066,18.3,POINT(-41.02605 -9.24654)
1814983681,0ac94ed8-edcc-3a95-ad4c-102046466133,-45.22621,-12.02595,2026-04-21 17:09:00+00:00,2026-04-21,NOAA-21,BARREIRAS,BAHIA,Brasil,,,,Cerrado,33,29,2903201,8,,220_068,8.5,POINT(-45.22621 -12.02595)
1814983108,33a09c54-2571-324a-9aac-81950838a30f,-47.77515,-11.99641,2026-04-21 17:09:00+00:00,2026-04-21,NOAA-21,NATIVIDADE,TOCANTINS,Brasil,,,,Cerrado,33,17,1714203,8,,221_068,35.9,POINT(-47.77515 -11.99641)
1814983116,48676e2f-8909-35b9-a95f-974b56956978,-49.91053,-10.84924,2026-04-21 17:09:00+00:00,2026-04-21,NOAA-21,LAGOA DA CONFUSÃO,TOCANTINS,Brasil,,,,Cerrado,33,17,1711902,8,,223_068,5.7,POINT(-49.91053 -10.84924)
1814982542,4e1fd98a-d041-30f1-927f-c3725c780d5a,-47.77453,-11.99788,2026-04-21 17:09:00+00:00,2026-04-21,NOAA-21,NATIVIDADE,TOCANTINS,Brasil,,,,Cerrado,33,17,1714203,8,,221_068,62.0,POINT(-47.77453 -11.99788)
1814983129,520ee896-2cd8-33a3-9453-5dd9886d2fcb,-56.65526,-13.98888,2026-04-21 17:09:00+00:00,2026-04-21,NOAA-21,DIAMANTINO,MATO GROSSO,Brasil,,,,Cerrado,33,51,5103502,8,,227_070,7.9,POINT(-56.65526 -13.98888)
1814983134,13e94778-038b-3d89-9e42-af4f1406a6fb,-50.00473,-12.27037,2026-04-21 17:09:00+00:00,2026-04-21,NOAA-21,SANDOLÂNDIA,TOCANTINS,Brasil,,,,Cerrado,33,17,1718840,8,,223_068,5.5,POINT(-50.00473 -12.27037)
1814984839,017947ce-a44d-3751-8c6b-f70af07c32ce,-56.62806,-13.99611,2026-04-21 17:09:00+00:00,2026-04-21,NOAA-21,DIAMANTINO,MATO GROSSO,Brasil,,,,Cerrado,33,51,5103502,8,,227_070,4.8,POINT(-56.62806 -13.99611)
1814981872,3bb3d148-644d-3a75-bc73-4f07a81ab4ad,-60.82639,-3.23466,2026-04-21 17:11:00+00:00,2026-04-21,NOAA-21,MANACAPURU,AMAZONAS,Brasil,,,,Amazônia,33,13,1302504,8,,231_062,2.8,POINT(-60.82639 -3.23466)
1814982995,e6322423-7cde-3b00-9ae1-c6182cac8557,-60.8915,1.48007,2026-04-21 17:13:00+00:00,2026-04-21,NOAA-21,CARACARAÍ,RORAIMA,Brasil,,,,Amazônia,33,14,1400209,8,,232_059,13.6,POINT(-60.8915 1.48007)
1814985160,30776528-3644-34fd-964f-206adc4f19ec,-60.33349,2.57449,2026-04-21 17:13:00+00:00,2026-04-21,NOAA-21,CANTÁ,RORAIMA,Brasil,,,,Amazônia,33,14,1400175,8,,232_058,12.5,POINT(-60.33349 2.57449)
1814984113,1dcc3fef-593b-34d1-90a9-daff913f880f,-61.18835,3.72208,2026-04-21 17:13:00+00:00,2026-04-21,NOAA-21,AMAJARI,RORAIMA,Brasil,,,,Amazônia,33,14,1400027,8,,232_057,6.2,POINT(-61.18835 3.72208)
1814982398,4badcef9-8c12-3bc4-9b0c-e697d6124ed6,-60.32525,2.57579,2026-04-21 17:13:00+00:00,2026-04-21,NOAA-21,CANTÁ,RORAIMA,Brasil,,,,Amazônia,33,14,1400175,8,,232_058,5.3,POINT(-60.32525 2.57579)
1814982126,1668a37e-e873-3731-ae15-87ac56520d87,-60.43425,1.09245,2026-04-21 17:13:00+00:00,2026-04-21,NOAA-21,RORAINÓPOLIS,RORAIMA,Brasil,,,,Amazônia,33,14,1400472,8,,231_059,11.7,POINT(-60.43425 1.09245)
1814982158,db4650d8-fedf-3ce3-bb7e-04bf75ec98f3,-61.18958,3.72328,2026-04-21 17:13:00+00:00,2026-04-21,NOAA-21,AMAJARI,RORAIMA,Brasil,,,,Amazônia,33,14,1400027,8,,232_057,11.4,POINT(-61.18958 3.72328)
1814984860,cb34b249-d86b-36b8-bef8-8436ab8bc8ae,-60.33318,2.60029,2026-04-21 17:13:00+00:00,2026-04-21,NOAA-21,CANTÁ,RORAIMA,Brasil,,,,Amazônia,33,14,1400175,8,,232_058,4.9,POINT(-60.33318 2.60029)
1814982323,7424e261-4c23-3410-9084-dbb88338d320,-60.33403,2.57809,2026-04-21 17:13:00+00:00,2026-04-21,NOAA-21,CANTÁ,RORAIMA,Brasil,,,,Amazônia,33,14,1400175,8,,232_058,14.7,POINT(-60.33403 2.57809)
1814982498,45946a3b-dbcf-3f62-8476-34f959cc95c4,-59.8132,2.26028,2026-04-21 17:13:00+00:00,2026-04-21,NOAA-21,BONFIM,RORAIMA,Brasil,,,,Amazônia,33,14,1400159,8,,231_058,5.7,POINT(-59.8132 2.26028)
1814983265,b9cb6750-e5e7-36e3-9411-eece482c970c,-60.89019,1.48116,2026-04-21 17:13:00+00:00,2026-04-21,NOAA-21,CARACARAÍ,RORAIMA,Brasil,,,,Amazônia,33,14,1400209,8,,232_059,12.5,POINT(-60.89019 1.48116)
1814985221,5412b358-c446-3d5b-b648-60ce7bffefda,-60.2348,1.6552,2026-04-21 17:13:00+00:00,2026-04-21,NOAA-21,CARACARAÍ,RORAIMA,Brasil,,,,Amazônia,33,14,1400209,8,,231_059,6.5,POINT(-60.2348 1.6552)
1814984846,a9cc7f17-9589-3dd9-b026-cae59a25e5ad,-61.18892,3.72579,2026-04-21 17:13:00+00:00,2026-04-21,NOAA-21,AMAJARI,RORAIMA,Brasil,,,,Amazônia,33,14,1400027,8,,232_057,4.9,POINT(-61.18892 3.72579)
1814982887,2874e54e-193f-3b22-abfd-841d190c70fe,-60.85923,1.28396,2026-04-21 17:13:00+00:00,2026-04-21,NOAA-21,CARACARAÍ,RORAIMA,Brasil,,,,Amazônia,33,14,1400209,8,,232_059,12.5,POINT(-60.85923 1.28396)
1814982308,8fab73b1-cf2a-3098-8690-b782fc620e60,-61.1922,3.71766,2026-04-21 17:13:00+00:00,2026-04-21,NOAA-21,AMAJARI,RORAIMA,Brasil,,,,Amazônia,33,14,1400027,8,,232_057,12.7,POINT(-61.1922 3.71766)
1814984326,f2ce15a7-4313-3fbc-bde2-d571e5b8507a,-60.14529,1.65425,2026-04-21 17:13:00+00:00,2026-04-21,NOAA-21,CARACARAÍ,RORAIMA,Brasil,,,,Amazônia,33,14,1400209,8,,231_059,10.8,POINT(-60.14529 1.65425)
1814981945,112c8809-0714-38d0-99c6-2cad651dbd91,-60.43633,1.07707,2026-04-21 17:13:00+00:00,2026-04-21,NOAA-21,RORAINÓPOLIS,RORAIMA,Brasil,,,,Amazônia,33,14,1400472,8,,231_059,1.5,POINT(-60.43633 1.07707)
1814982969,6490e85f-a82a-3d45-ae1a-dd90cb9ceb72,-60.85979,1.28772,2026-04-21 17:13:00+00:00,2026-04-21,NOAA-21,CARACARAÍ,RORAIMA,Brasil,,,,Amazônia,33,14,1400209,8,,232_059,12.5,POINT(-60.85979 1.28772)
1814982471,457ce593-70c6-3ce4-97c0-b369b2a6097c,-60.14475,1.65065,2026-04-21 17:13:00+00:00,2026-04-21,NOAA-21,CARACARAÍ,RORAIMA,Brasil,,,,Amazônia,33,14,1400209,8,,231_059,10.8,POINT(-60.14475 1.65065)
1814982895,e0851724-3b9b-3148-aadc-7b70534cce0c,-60.50954,4.67984,2026-04-21 17:13:00+00:00,2026-04-21,NOAA-21,UIRAMUTÃ,RORAIMA,Brasil,,,,Amazônia,33,14,1400704,8,,232_057,6.9,POINT(-60.50954 4.67984)
1814984099,86f54f61-5fcd-389f-9311-9f78db6a1dc6,-61.19343,3.71888,2026-04-21 17:13:00+00:00,2026-04-21,NOAA-21,AMAJARI,RORAIMA,Brasil,,,,Amazônia,33,14,1400027,8,,232_057,14.0,POINT(-61.19343 3.71888)
1814982789,8183e68a-4634-392c-9ec0-422a171bada7,-60.86034,1.29148,2026-04-21 17:13:00+00:00,2026-04-21,NOAA-21,CARACARAÍ,RORAIMA,Brasil,,,,Amazônia,33,14,1400209,8,,232_059,6.5,POINT(-60.86034 1.29148)
1814984437,cfaefc25-6a3d-3252-a841-f24c78b91525,-50.3999,-26.79848,2026-04-21 17:39:00+00:00,2026-04-21,NPP-375,SANTA CECÍLIA,SANTA CATARINA,Brasil,,,,Mata Atlântica,33,42,4215505,8,,221_079,2.9,POINT(-50.3999 -26.79848)
1814984834,fe7c1d25-6777-32d9-a0c9-fbea036f449e,-49.58615,-27.00566,2026-04-21 17:39:00+00:00,2026-04-21,NPP-375,IBIRAMA,SANTA CATARINA,Brasil,,,,Mata Atlântica,33,42,4206900,8,,220_079,4.5,POINT(-49.58615 -27.00566)
1814984963,500e7687-7af0-3f31-ab20-5e5ad7625c2a,-50.6006,-27.19184,2026-04-21 17:39:00+00:00,2026-04-21,NPP-375,PONTE ALTA DO NORTE,SANTA CATARINA,Brasil,,,,Mata Atlântica,33,42,4213351,8,,221_079,59.2,POINT(-50.6006 -27.19184)
1814982303,94708128-3535-3cb5-8a38-0067fb53f9e4,-49.59204,-27.00228,2026-04-21 17:39:00+00:00,2026-04-21,NPP-375,JOSÉ BOITEUX,SANTA CATARINA,Brasil,,,,Mata Atlântica,33,42,4209151,8,,220_079,2.6,POINT(-49.59204 -27.00228)
1814982332,52d3a52f-36aa-371e-8c4f-1cae267450b8,-50.07323,-25.17594,2026-04-21 17:39:00+00:00,2026-04-21,NPP-375,PONTA GROSSA,PARANÁ,Brasil,,,,Mata Atlântica,33,41,4119905,8,,221_077,10.8,POINT(-50.07323 -25.17594)
1814981938,ce62d065-0e1a-388c-81a6-290aa59a09b4,-50.93246,-25.03103,2026-04-21 17:39:00+00:00,2026-04-21,NPP-375,IVAÍ,PARANÁ,Brasil,,,,Mata Atlântica,33,41,4111407,8,,222_077,3.9,POINT(-50.93246 -25.03103)
1814982399,7639e676-e566-3473-ba24-a75abea31bf3,-51.18404,-26.98563,2026-04-21 17:39:00+00:00,2026-04-21,NPP-375,VIDEIRA,SANTA CATARINA,Brasil,,,,Mata Atlântica,33,42,4219309,8,,221_079,2.6,POINT(-51.18404 -26.98563)
1814982535,bff86897-d8df-3771-bbfa-15963c31631f,-51.91989,-23.1174,2026-04-21 17:39:00+00:00,2026-04-21,NPP-375,FLÓRIDA,PARANÁ,Brasil,,,,Mata Atlântica,33,41,4108106,8,,222_076,3.5,POINT(-51.91989 -23.1174)
1814982544,293188a7-35da-31e4-83f8-f3cfbba009df,-50.043,-24.46932,2026-04-21 17:39:00+00:00,2026-04-21,NPP-375,PIRAÍ DO SUL,PARANÁ,Brasil,,,,Cerrado,33,41,4119400,8,,221_077,10.5,POINT(-50.043 -24.46932)
1814982022,599256ad-2629-3602-b349-8a1ae962d0e8,-50.57082,-27.42125,2026-04-21 17:39:00+00:00,2026-04-21,NPP-375,CURITIBANOS,SANTA CATARINA,Brasil,,,,Mata Atlântica,33,42,4204806,8,,221_079,2.8,POINT(-50.57082 -27.42125)
1814982682,b81abb71-3cb4-3482-90f4-a258aa404e7b,-50.4879,-26.82875,2026-04-21 17:39:00+00:00,2026-04-21,NPP-375,SANTA CECÍLIA,SANTA CATARINA,Brasil,,,,Mata Atlântica,33,42,4215505,8,,221_079,3.9,POINT(-50.4879 -26.82875)
1814982716,7644f4db-ce48-3fbc-968f-e83413a99396,-51.9239,-23.11818,2026-04-21 17:39:00+00:00,2026-04-21,NPP-375,FLÓRIDA,PARANÁ,Brasil,,,,Mata Atlântica,33,41,4108106,8,,222_076,3.5,POINT(-51.9239 -23.11818)
1814981911,8c822599-449e-3caf-9949-9827c8220de4,-50.04383,-24.46478,2026-04-21 17:39:00+00:00,2026-04-21,NPP-375,PIRAÍ DO SUL,PARANÁ,Brasil,,,,Cerrado,33,41,4119400,8,,221_077,10.5,POINT(-50.04383 -24.46478)
1814982950,d3f6fba6-b506-3135-8a50-f6c219861b5f,-49.58179,-27.00476,2026-04-21 17:39:00+00:00,2026-04-21,NPP-375,IBIRAMA,SANTA CATARINA,Brasil,,,,Mata Atlântica,33,42,4206900,8,,220_079,4.5,POINT(-49.58179 -27.00476)
1814982953,44eecdb3-3ffd-3154-a95d-9160f9c6a74c,-49.62966,-24.9615,2026-04-21 17:39:00+00:00,2026-04-21,NPP-375,CASTRO,PARANÁ,Brasil,,,,Mata Atlântica,33,41,4104907,8,,221_077,21.2,POINT(-49.62966 -24.9615)
1814983043,8aa54d56-f1be-3ce0-a373-0756728a2c99,-45.56925,-22.81665,2026-04-21 17:39:00+00:00,2026-04-21,NPP-375,PINDAMONHANGABA,SÃO PAULO,Brasil,,,,Mata Atlântica,33,35,3538006,8,,218_076,1.4,POINT(-45.56925 -22.81665)
1814983226,4ab84077-c0ca-38af-9bae-960980ef27cd,-50.18821,-27.78892,2026-04-21 17:39:00+00:00,2026-04-21,NPP-375,LAGES,SANTA CATARINA,Brasil,,,,Mata Atlântica,33,42,4209300,8,,221_079,21.2,POINT(-50.18821 -27.78892)
1814983345,5eb2e0d8-ae53-3215-8abb-1dc241216979,-46.13461,-23.20023,2026-04-21 17:39:00+00:00,2026-04-21,NPP-375,IGARATÁ,SÃO PAULO,Brasil,,,,Mata Atlântica,33,35,3520202,8,,219_076,6.4,POINT(-46.13461 -23.20023)
1814981850,ef9c2558-da4c-3eb1-8a9d-1a9bb1432365,-50.03796,-24.46828,2026-04-21 17:39:00+00:00,2026-04-21,NPP-375,PIRAÍ DO SUL,PARANÁ,Brasil,,,,Cerrado,33,41,4119400,8,,221_077,22.7,POINT(-50.03796 -24.46828)
1814983651,63c16d72-7745-3630-8b05-a75624898943,-51.02503,-25.01416,2026-04-21 17:39:00+00:00,2026-04-21,NPP-375,PRUDENTÓPOLIS,PARANÁ,Brasil,,,,Mata Atlântica,33,41,4120606,8,,222_077,2.3,POINT(-51.02503 -25.01416)
1814983700,3ee2eaa7-f02f-3dfb-a482-7f3ab8ffe724,-50.59764,-27.18691,2026-04-21 17:39:00+00:00,2026-04-21,NPP-375,PONTE ALTA DO NORTE,SANTA CATARINA,Brasil,,,,Mata Atlântica,33,42,4213351,8,,221_079,59.2,POINT(-50.59764 -27.18691)
1814981839,c2264424-9d6d-3118-a0a4-593c39009091,-49.39104,-25.11019,2026-04-21 17:39:00+00:00,2026-04-21,NPP-375,RIO BRANCO DO SUL,PARANÁ,Brasil,,,,Mata Atlântica,33,41,4122206,8,,221_077,7.7,POINT(-49.39104 -25.11019)
1814985232,94469628-fd67-3287-b0fa-bdb371c58115,-49.81615,-26.96282,2026-04-21 17:39:00+00:00,2026-04-21,NPP-375,DONA EMMA,SANTA CATARINA,Brasil,,,,Mata Atlântica,33,42,4205100,8,,221_079,4.7,POINT(-49.81615 -26.96282)
1814983734,2779cbd1-ccb8-3200-8b11-4712695bcfc9,-49.59064,-27.0066,2026-04-21 17:39:00+00:00,2026-04-21,NPP-375,IBIRAMA,SANTA CATARINA,Brasil,,,,Mata Atlântica,33,42,4206900,8,,220_079,3.3,POINT(-49.59064 -27.0066)
1814983752,3cc0d2fc-fcb0-3699-a332-e16d604acf31,-51.31629,-23.6097,2026-04-21 17:39:00+00:00,2026-04-21,NPP-375,APUCARANA,PARANÁ,Brasil,,,,Mata Atlântica,33,41,4101408,8,,222_076,5.1,POINT(-51.31629 -23.6097)
1814983755,89442ecf-bd73-3e13-8943-435a746cb2a5,-50.73117,-25.36456,2026-04-21 17:39:00+00:00,2026-04-21,NPP-375,IRATI,PARANÁ,Brasil,,,,Mata Atlântica,33,41,4110706,8,,221_078,36.8,POINT(-50.73117 -25.36456)
1814982107,91ee83fb-913c-3f86-8e80-45ae6d95473b,-50.04718,-27.58204,2026-04-21 17:39:00+00:00,2026-04-21,NPP-375,LAGES,SANTA CATARINA,Brasil,,,,Mata Atlântica,33,42,4209300,8,,221_079,6.9,POINT(-50.04718 -27.58204)
1814983826,f5d47519-f519-3c44-a4d0-c93b10df2b79,-50.18926,-27.78474,2026-04-21 17:39:00+00:00,2026-04-21,NPP-375,LAGES,SANTA CATARINA,Brasil,,,,Mata Atlântica,33,42,4209300,8,,221_079,21.2,POINT(-50.18926 -27.78474)
1814983956,6d7e25e5-2c23-397d-9884-0b62d542297f,-49.58771,-27.00137,2026-04-21 17:39:00+00:00,2026-04-21,NPP-375,JOSÉ BOITEUX,SANTA CATARINA,Brasil,,,,Mata Atlântica,33,42,4209151,8,,220_079,5.1,POINT(-49.58771 -27.00137)
1814985205,b779c0c7-1228-3768-ab42-928d029f720d,-50.08448,-23.8858,2026-04-21 17:39:00+00:00,2026-04-21,NPP-375,PINHALÃO,PARANÁ,Brasil,,,,Mata Atlântica,33,41,4119202,8,,221_077,4.4,POINT(-50.08448 -23.8858)
1814984045,a1d0b698-d186-343a-addf-762a2265b029,-50.46526,-27.4963,2026-04-21 17:39:00+00:00,2026-04-21,NPP-375,CORREIA PINTO,SANTA CATARINA,Brasil,,,,Mata Atlântica,33,42,4204558,8,,221_079,17.5,POINT(-50.46526 -27.4963)
1814984078,efd94362-9fa3-37c2-8d09-b9647f82ed9a,-51.31583,-23.61192,2026-04-21 17:39:00+00:00,2026-04-21,NPP-375,APUCARANA,PARANÁ,Brasil,,,,Mata Atlântica,33,41,4101408,8,,222_076,8.5,POINT(-51.31583 -23.61192)
1814984204,ac0a49b6-a0ba-3af9-ab14-14c637578a1f,-51.41993,-25.29282,2026-04-21 17:39:00+00:00,2026-04-21,NPP-375,GUARAPUAVA,PARANÁ,Brasil,,,,Mata Atlântica,33,41,4109401,8,,222_077,1.5,POINT(-51.41993 -25.29282)
1814984205,9e3138db-4a03-344a-98e7-2a251b56a7bd,-50.04824,-27.57782,2026-04-21 17:39:00+00:00,2026-04-21,NPP-375,PALMEIRA,SANTA CATARINA,Brasil,,,,Mata Atlântica,33,42,4212056,8,,221_079,3.3,POINT(-50.04824 -27.57782)
1814984299,321d32d8-0e43-3424-8b48-bba3d00f1242,-49.62492,-24.95571,2026-04-21 17:39:00+00:00,2026-04-21,NPP-375,CASTRO,PARANÁ,Brasil,,,,Mata Atlântica,33,41,4104907,8,,221_077,148.1,POINT(-49.62492 -24.95571)
1814984346,2f74100e-cbc9-3b07-ac6f-4e9ec25e1df3,-50.57498,-27.42208,2026-04-21 17:39:00+00:00,2026-04-21,NPP-375,CURITIBANOS,SANTA CATARINA,Brasil,,,,Mata Atlântica,33,42,4204806,8,,221_079,4.0,POINT(-50.57498 -27.42208)
1814984376,ceac7dab-b7a7-378a-8069-bbbd569b8219,-49.99631,-21.75741,2026-04-21 17:39:00+00:00,2026-04-21,NPP-375,GETULINA,SÃO PAULO,Brasil,,,,Mata Atlântica,33,35,3517000,8,,221_075,8.0,POINT(-49.99631 -21.75741)
1814984430,1a0a7830-e35f-33f5-94d5-bdfeeb0f6a2c,-50.13095,-25.18309,2026-04-21 17:39:00+00:00,2026-04-21,NPP-375,PONTA GROSSA,PARANÁ,Brasil,,,,Mata Atlântica,33,41,4119905,8,,221_077,3.6,POINT(-50.13095 -25.18309)
1814984509,facfad1f-a910-37cb-8a4b-ac379a3c06c9,-49.81067,-26.97993,2026-04-21 17:39:00+00:00,2026-04-21,NPP-375,DONA EMMA,SANTA CATARINA,Brasil,,,,Mata Atlântica,33,42,4205100,8,,221_079,2.7,POINT(-49.81067 -26.97993)
1814985052,0777734f-57c1-3d27-9d5f-00e286156b5c,-50.74458,-27.58665,2026-04-21 17:39:00+00:00,2026-04-21,NPP-375,SÃO JOSÉ DO CERRITO,SANTA CATARINA,Brasil,,,,Mata Atlântica,33,42,4216800,8,,221_079,11.1,POINT(-50.74458 -27.58665)
1814984531,c0aa2308-5ca2-3830-b79b-1964737434bf,-50.48718,-26.82894,2026-04-21 17:39:00+00:00,2026-04-21,NPP-375,SANTA CECÍLIA,SANTA CATARINA,Brasil,,,,Mata Atlântica,33,42,4215505,8,,221_079,4.0,POINT(-50.48718 -26.82894)
1814984652,5c95b22b-f0d9-3b39-8062-14b7b2237412,-50.03895,-24.46376,2026-04-21 17:39:00+00:00,2026-04-21,NPP-375,PIRAÍ DO SUL,PARANÁ,Brasil,,,,Cerrado,33,41,4119400,8,,221_077,22.7,POINT(-50.03895 -24.46376)
1814984778,82cc2614-e76e-32ae-9ba5-ab05bb3edf22,-49.99672,-25.14629,2026-04-21 17:39:00+00:00,2026-04-21,NPP-375,PONTA GROSSA,PARANÁ,Brasil,,,,Mata Atlântica,33,41,4119905,8,,221_077,3.8,POINT(-49.99672 -25.14629)
1814984792,ee6616aa-33bd-34eb-9202-65ec8841b13d,-49.62403,-24.96032,2026-04-21 17:39:00+00:00,2026-04-21,NPP-375,CASTRO,PARANÁ,Brasil,,,,Mata Atlântica,33,41,4104907,8,,221_077,21.2,POINT(-49.62403 -24.96032)
1814983616,61eb3a6d-cd69-3f71-a34a-015af52a0792,-54.27687,-17.663,2026-04-21 17:41:00+00:00,2026-04-21,NPP-375,SONORA,MATO GROSSO DO SUL,Brasil,,,,Cerrado,33,50,5007935,8,,225_072,4.9,POINT(-54.27687 -17.663)
1814982776,a88e3305-d3ed-3894-b15b-eac3d1fd9492,-49.77171,-19.69389,2026-04-21 17:41:00+00:00,2026-04-21,NPP-375,SÃO FRANCISCO DE SALES,MINAS GERAIS,Brasil,,,,Cerrado,33,31,3161304,8,,222_074,3.4,POINT(-49.77171 -19.69389)
1814982715,1275f698-07fe-3c71-ae2d-5cecad675920,-44.19524,-18.12246,2026-04-21 17:41:00+00:00,2026-04-21,NPP-375,AUGUSTO DE LIMA,MINAS GERAIS,Brasil,,,,Cerrado,33,31,3104809,8,,218_073,6.7,POINT(-44.19524 -18.12246)
1814982625,052741f5-8369-3609-97e1-73b463daa1dc,-56.36249,-20.91989,2026-04-21 17:41:00+00:00,2026-04-21,NPP-375,BONITO,MATO GROSSO DO SUL,Brasil,,,,Cerrado,33,50,5002209,8,,226_074,3.8,POINT(-56.36249 -20.91989)
1814982491,ca474ef2-d5d7-39e4-beaf-173ece63abc9,-47.87827,-16.37334,2026-04-21 17:41:00+00:00,2026-04-21,NPP-375,LUZIÂNIA,GOIÁS,Brasil,,,,Cerrado,33,52,5212501,8,,221_071,6.5,POINT(-47.87827 -16.37334)
1814983356,3a4e3b29-4abc-351a-b311-faad8d4f7f38,-54.91929,-16.42703,2026-04-21 17:41:00+00:00,2026-04-21,NPP-375,RONDONÓPOLIS,MATO GROSSO,Brasil,,,,Cerrado,33,51,5107602,8,,225_071,8.5,POINT(-54.91929 -16.42703)
1814982464,4ac94053-e8cf-3839-9338-66c08238e07e,-51.67514,-20.77786,2026-04-21 17:41:00+00:00,2026-04-21,NPP-375,TRÊS LAGOAS,MATO GROSSO DO SUL,Brasil,,,,Mata Atlântica,33,50,5008305,8,,223_074,5.3,POINT(-51.67514 -20.77786)
1814984286,bd981f75-b0ca-3d27-b164-fc858d906dc6,-46.83265,-17.16567,2026-04-21 17:41:00+00:00,2026-04-21,NPP-375,PARACATU,MINAS GERAIS,Brasil,,,,Cerrado,33,31,3147006,8,,220_072,2.2,POINT(-46.83265 -17.16567)
1814984246,65147fa9-1174-3882-b1c9-7ef6867fc8b3,-51.34703,-19.71193,2026-04-21 17:41:00+00:00,2026-04-21,NPP-375,PARANAÍBA,MATO GROSSO DO SUL,Brasil,,,,Cerrado,33,50,5006309,8,,223_074,2.1,POINT(-51.34703 -19.71193)
1814984325,209cb422-a664-3735-bd32-f5df47eb57db,-49.59451,-20.03855,2026-04-21 17:41:00+00:00,2026-04-21,NPP-375,RIOLÂNDIA,SÃO PAULO,Brasil,,,,Mata Atlântica,33,35,3544202,8,,221_074,2.8,POINT(-49.59451 -20.03855)
1814982447,bf6929e2-5460-3f49-8aaf-bde7a179eb35,-51.67321,-21.25289,2026-04-21 17:41:00+00:00,2026-04-21,NPP-375,SÃO JOÃO DO PAU D'ALHO,SÃO PAULO,Brasil,,,,Mata Atlântica,33,35,3549300,8,,223_075,8.6,POINT(-51.67321 -21.25289)
1814983473,acf98075-5dda-38ac-9231-e46ffd63e93d,-53.36254,-19.392,2026-04-21 17:41:00+00:00,2026-04-21,NPP-375,PARAÍSO DAS ÁGUAS,MATO GROSSO DO SUL,Brasil,,,,Cerrado,33,50,5006275,8,,224_073,5.8,POINT(-53.36254 -19.392)
1814984747,3f0d0a23-59f2-3e25-9c24-4c5efdba8f8d,-52.6671,-17.81635,2026-04-21 17:41:00+00:00,2026-04-21,NPP-375,MINEIROS,GOIÁS,Brasil,,,,Cerrado,33,52,5213103,8,,224_072,8.5,POINT(-52.6671 -17.81635)
1814984201,afcec3e4-332a-35bf-84ed-07cd4344c3d3,-47.87543,-16.37304,2026-04-21 17:41:00+00:00,2026-04-21,NPP-375,LUZIÂNIA,GOIÁS,Brasil,,,,Cerrado,33,52,5212501,8,,221_071,5.5,POINT(-47.87543 -16.37304)
1814984928,62493a9c-8a0a-3f04-a60d-4330f62dfd4f,-56.67624,-15.75557,2026-04-21 17:41:00+00:00,2026-04-21,NPP-375,NOSSA SENHORA DO LIVRAMENTO,MATO GROSSO,Brasil,,,,Cerrado,33,51,5106109,8,,227_071,2.8,POINT(-56.67624 -15.75557)
1814984121,bef33c75-626a-3ad8-90db-481a0859e559,-54.92485,-16.424,2026-04-21 17:41:00+00:00,2026-04-21,NPP-375,RONDONÓPOLIS,MATO GROSSO,Brasil,,,,Cerrado,33,51,5107602,8,,225_071,15.3,POINT(-54.92485 -16.424)
1814982299,d549fa27-e0d1-3d43-aab2-e5b1c9d1e1e3,-44.19859,-18.12178,2026-04-21 17:41:00+00:00,2026-04-21,NPP-375,AUGUSTO DE LIMA,MINAS GERAIS,Brasil,,,,Cerrado,33,31,3104809,8,,218_073,8.2,POINT(-44.19859 -18.12178)
1814984017,2546f37e-1cd7-383c-844d-9d28cd5b7282,-49.40652,-19.33158,2026-04-21 17:41:00+00:00,2026-04-21,NPP-375,CAMPINA VERDE,MINAS GERAIS,Brasil,,,,Cerrado,33,31,3111101,8,,221_073,2.7,POINT(-49.40652 -19.33158)
1814983230,fa037190-5099-393f-94a2-5f90524c4c1c,-45.35118,-13.96273,2026-04-21 17:41:00+00:00,2026-04-21,NPP-375,JABORANDI,BAHIA,Brasil,,,,Cerrado,33,29,2917359,8,,220_070,6.2,POINT(-45.35118 -13.96273)
1814985038,ab822353-0d06-3c1c-a4c2-1f86ed2fad6b,-50.62661,-16.96809,2026-04-21 17:41:00+00:00,2026-04-21,NPP-375,PARAÚNA,GOIÁS,Brasil,,,,Cerrado,33,52,5216403,8,,223_072,1.1,POINT(-50.62661 -16.96809)
1814983083,3c885e27-595e-3df3-83dc-0a8393e7319f,-50.68095,-15.97348,2026-04-21 17:41:00+00:00,2026-04-21,NPP-375,NOVO BRASIL,GOIÁS,Brasil,,,,Cerrado,33,52,5215207,8,,223_071,5.6,POINT(-50.68095 -15.97348)
1814983402,6a9feee8-ef22-3b13-a190-a2579769a185,-53.35877,-19.39131,2026-04-21 17:41:00+00:00,2026-04-21,NPP-375,PARAÍSO DAS ÁGUAS,MATO GROSSO DO SUL,Brasil,,,,Cerrado,33,50,5006275,8,,224_073,5.8,POINT(-53.35877 -19.39131)
1814981857,19906569-2785-3d9b-a171-e1b24258d4f0,-51.67232,-21.25724,2026-04-21 17:41:00+00:00,2026-04-21,NPP-375,SÃO JOÃO DO PAU D'ALHO,SÃO PAULO,Brasil,,,,Mata Atlântica,33,35,3549300,8,,223_075,3.8,POINT(-51.67232 -21.25724)
1814982071,d4284f27-a0ef-3225-a4e6-ae8473a8520d,-54.27448,-17.66472,2026-04-21 17:41:00+00:00,2026-04-21,NPP-375,SONORA,MATO GROSSO DO SUL,Brasil,,,,Cerrado,33,50,5007935,8,,225_072,7.3,POINT(-54.27448 -17.66472)
1814982870,61570e00-b83d-3721-923c-123afc6237d1,-53.15533,-17.19373,2026-04-21 17:41:00+00:00,2026-04-21,NPP-375,SANTA RITA DO ARAGUAIA,GOIÁS,Brasil,,,,Cerrado,33,52,5219407,8,,224_072,2.3,POINT(-53.15533 -17.19373)
1814981858,b9a95653-6df1-33b3-a4bc-abbb70362394,-51.348,-19.70737,2026-04-21 17:41:00+00:00,2026-04-21,NPP-375,PARANAÍBA,MATO GROSSO DO SUL,Brasil,,,,Cerrado,33,50,5006309,8,,223_074,3.9,POINT(-51.348 -19.70737)
1814984073,9e07bb6b-d47b-3be6-8b1b-2ace245a5217,-54.54683,-18.41677,2026-04-21 17:41:00+00:00,2026-04-21,NPP-375,COXIM,MATO GROSSO DO SUL,Brasil,,,,Cerrado,33,50,5003306,8,,225_073,6.0,POINT(-54.54683 -18.41677)
1814982850,4c598469-2054-335a-b49c-ba42dcf361a3,-51.34848,-19.7114,2026-04-21 17:41:00+00:00,2026-04-21,NPP-375,PARANAÍBA,MATO GROSSO DO SUL,Brasil,,,,Cerrado,33,50,5006309,8,,223_074,6.3,POINT(-51.34848 -19.7114)
1814982798,4920fd2c-d191-3cb0-bb53-eb506fc66405,-54.92418,-16.42788,2026-04-21 17:41:00+00:00,2026-04-21,NPP-375,RONDONÓPOLIS,MATO GROSSO,Brasil,,,,Cerrado,33,51,5107602,8,,225_071,15.3,POINT(-54.92418 -16.42788)
1814984223,384800b7-e6e0-3c71-8033-9bab7c74186c,-60.73804,-3.18825,2026-04-21 17:43:00+00:00,2026-04-21,NPP-375,MANACAPURU,AMAZONAS,Brasil,,,,Amazônia,33,13,1302504,8,,231_062,4.3,POINT(-60.73804 -3.18825)
1814984051,57d5a0a4-98c2-3d3a-ab56-1126fc248d6e,-57.1857,-12.30487,2026-04-21 17:43:00+00:00,2026-04-21,NPP-375,NOVA MARINGÁ,MATO GROSSO,Brasil,,,,Amazônia,33,51,5108907,8,,227_069,3.1,POINT(-57.1857 -12.30487)
1814983840,e599dd31-07a6-34de-b213-35e4aab8aa21,-57.18142,-12.30418,2026-04-21 17:43:00+00:00,2026-04-21,NPP-375,NOVA MARINGÁ,MATO GROSSO,Brasil,,,,Amazônia,33,51,5108907,8,,227_069,13.3,POINT(-57.18142 -12.30418)
1814982334,51e0f5ab-88e2-37d1-ada2-e039bbc9471c,-56.63133,-13.99694,2026-04-21 17:43:00+00:00,2026-04-21,NPP-375,DIAMANTINO,MATO GROSSO,Brasil,,,,Cerrado,33,51,5103502,8,,227_070,4.3,POINT(-56.63133 -13.99694)
1814984451,0d8caa4d-d673-3a4e-8c1c-4b206350547f,-58.77061,-14.52371,2026-04-21 17:43:00+00:00,2026-04-21,NPP-375,TANGARÁ DA SERRA,MATO GROSSO,Brasil,,,,Cerrado,33,51,5107958,8,,228_070,13.1,POINT(-58.77061 -14.52371)
1814984469,7247cb5c-a446-37fd-863f-71b4eedfa1a8,-57.18256,-12.30052,2026-04-21 17:43:00+00:00,2026-04-21,NPP-375,NOVA MARINGÁ,MATO GROSSO,Brasil,,,,Amazônia,33,51,5108907,8,,227_069,12.8,POINT(-57.18256 -12.30052)
1814984487,c174af90-ed54-3f89-9cc9-af3ce3059cda,-56.79781,-14.03226,2026-04-21 17:43:00+00:00,2026-04-21,NPP-375,DIAMANTINO,MATO GROSSO,Brasil,,,,Cerrado,33,51,5103502,8,,227_070,12.7,POINT(-56.79781 -14.03226)
1814984935,ccf3d988-2723-3867-bf58-e8143f1e573b,-58.23046,-14.27691,2026-04-21 17:43:00+00:00,2026-04-21,NPP-375,TANGARÁ DA SERRA,MATO GROSSO,Brasil,,,,Cerrado,33,51,5107958,8,,228_070,1.1,POINT(-58.23046 -14.27691)
1814981877,e3b49158-bedb-308b-a34b-b35e2af44884,-56.6548,-13.98962,2026-04-21 17:43:00+00:00,2026-04-21,NPP-375,DIAMANTINO,MATO GROSSO,Brasil,,,,Cerrado,33,51,5103502,8,,227_070,5.8,POINT(-56.6548 -13.98962)
1814982948,d4220e8b-73d5-3c70-9c11-be2112ddd56c,-57.18202,-12.30055,2026-04-21 17:43:00+00:00,2026-04-21,NPP-375,NOVA MARINGÁ,MATO GROSSO,Brasil,,,,Amazônia,33,51,5108907,8,,227_069,13.9,POINT(-57.18202 -12.30055)
1814985005,d5810657-feeb-3d37-9f34-60a7206a884c,-57.18195,-12.30415,2026-04-21 17:43:00+00:00,2026-04-21,NPP-375,NOVA MARINGÁ,MATO GROSSO,Brasil,,,,Amazônia,33,51,5108907,8,,227_069,12.8,POINT(-57.18195 -12.30415)
1814984788,c0d47403-f1e4-3fb9-be39-3c0bb9ebd069,-56.65417,-13.99327,2026-04-21 17:43:00+00:00,2026-04-21,NPP-375,DIAMANTINO,MATO GROSSO,Brasil,,,,Cerrado,33,51,5103502,8,,227_070,5.8,POINT(-56.65417 -13.99327)
1814982777,229ae943-80e4-3bf8-aee4-be82fd73861d,-56.65912,-13.99035,2026-04-21 17:43:00+00:00,2026-04-21,NPP-375,DIAMANTINO,MATO GROSSO,Brasil,,,,Cerrado,33,51,5103502,8,,227_070,5.8,POINT(-56.65912 -13.99035)
1814982484,3fb4bff0-781a-3a96-b208-e2d4525ecacc,-58.77117,-14.52035,2026-04-21 17:43:00+00:00,2026-04-21,NPP-375,TANGARÁ DA SERRA,MATO GROSSO,Brasil,,,,Cerrado,33,51,5107958,8,,228_070,5.0,POINT(-58.77117 -14.52035)
1814985134,6972fa42-8207-3cc8-87f0-c061c3033a4d,-56.79353,-14.03155,2026-04-21 17:43:00+00:00,2026-04-21,NPP-375,DIAMANTINO,MATO GROSSO,Brasil,,,,Cerrado,33,51,5103502,8,,227_070,16.8,POINT(-56.79353 -14.03155)
1814984131,7a61b6ee-f7ed-3cbd-835b-08fe166250ab,-59.30367,-3.58373,2026-04-21 17:43:00+00:00,2026-04-21,NPP-375,AUTAZES,AMAZONAS,Brasil,,,,Amazônia,33,13,1300300,8,,230_062,3.5,POINT(-59.30367 -3.58373)
1814982666,441ccfac-76ad-355b-a5e0-12fd330e362c,-60.1423,1.65403,2026-04-21 17:45:00+00:00,2026-04-21,NPP-375,CARACARAÍ,RORAIMA,Brasil,,,,Amazônia,33,14,1400209,8,,231_059,6.1,POINT(-60.1423 1.65403)
1814982159,242f0ab3-3d60-346b-86e9-1680da4f8ab3,-60.14659,1.65338,2026-04-21 17:45:00+00:00,2026-04-21,NPP-375,CARACARAÍ,RORAIMA,Brasil,,,,Amazônia,33,14,1400209,8,,231_059,6.1,POINT(-60.14659 1.65338)
1814982172,c4b95d89-4aa9-3b00-b37d-b97c84422278,-60.195,2.25216,2026-04-21 17:45:00+00:00,2026-04-21,NPP-375,BONFIM,RORAIMA,Brasil,,,,Amazônia,33,14,1400159,8,,231_059,3.8,POINT(-60.195 2.25216)
1814982267,71c0bd93-394c-379d-9234-acc5aa9d7b90,-60.98998,2.57998,2026-04-21 17:45:00+00:00,2026-04-21,NPP-375,MUCAJAÍ,RORAIMA,Brasil,,,,Amazônia,33,14,1400308,8,,232_058,3.4,POINT(-60.98998 2.57998)
1814982757,8c01886e-713d-3877-991f-685e61ec0602,-60.86407,2.73599,2026-04-21 17:45:00+00:00,2026-04-21,NPP-375,BOA VISTA,RORAIMA,Brasil,,,,Amazônia,33,14,1400100,8,,232_058,2.4,POINT(-60.86407 2.73599)
1814982935,eaaa1ac8-e022-3414-a8c1-cd2a8073f863,-61.18788,3.72316,2026-04-21 17:45:00+00:00,2026-04-21,NPP-375,AMAJARI,RORAIMA,Brasil,,,,Amazônia,33,14,1400027,8,,232_057,7.6,POINT(-61.18788 3.72316)
1814983082,1e02c29e-1c4e-3f40-b686-10f60bb1930e,-60.4329,1.07724,2026-04-21 17:45:00+00:00,2026-04-21,NPP-375,RORAINÓPOLIS,RORAIMA,Brasil,,,,Amazônia,33,14,1400472,8,,231_059,5.5,POINT(-60.4329 1.07724)
1814983137,7fe2cab8-4e3b-3180-8624-0e90510c1a3a,-61.04124,2.70559,2026-04-21 17:45:00+00:00,2026-04-21,NPP-375,ALTO ALEGRE,RORAIMA,Brasil,,,,Amazônia,33,14,1400050,8,,232_058,5.4,POINT(-61.04124 2.70559)
1814983543,ddfd8f0c-a278-32f6-b118-153e97153397,-61.7793,3.52402,2026-04-21 17:45:00+00:00,2026-04-21,NPP-375,AMAJARI,RORAIMA,Brasil,,,,Amazônia,33,14,1400027,8,,233_058,5.1,POINT(-61.7793 3.52402)
1814983757,aa9bc5c4-75cb-3531-ba61-27c3e3d6d751,-60.43237,1.07363,2026-04-21 17:45:00+00:00,2026-04-21,NPP-375,RORAINÓPOLIS,RORAIMA,Brasil,,,,Amazônia,33,14,1400472,8,,231_059,5.5,POINT(-60.43237 1.07363)
1814983798,ef78c5a3-517d-33c6-9ed1-ba1a76863d0e,-60.18173,2.44137,2026-04-21 17:45:00+00:00,2026-04-21,NPP-375,BONFIM,RORAIMA,Brasil,,,,Amazônia,33,14,1400159,8,,231_058,18.2,POINT(-60.18173 2.44137)
1814983875,5b457c02-6ed3-312e-ae8b-f1677e763e1b,-60.89021,1.47937,2026-04-21 17:45:00+00:00,2026-04-21,NPP-375,CARACARAÍ,RORAIMA,Brasil,,,,Amazônia,33,14,1400209,8,,232_059,32.2,POINT(-60.89021 1.47937)
1814983951,e5a940ab-46f0-38cf-a40a-4db727fc6fa0,-60.14174,1.65035,2026-04-21 17:45:00+00:00,2026-04-21,NPP-375,CARACARAÍ,RORAIMA,Brasil,,,,Amazônia,33,14,1400209,8,,231_059,6.1,POINT(-60.14174 1.65035)
1814983955,dc4f0ea0-7054-3994-a0bd-62451d0a84e5,-61.91493,3.62929,2026-04-21 17:45:00+00:00,2026-04-21,NPP-375,AMAJARI,RORAIMA,Brasil,,,,Amazônia,33,14,1400027,8,,233_057,6.0,POINT(-61.91493 3.62929)
1814984124,69bd8d65-b3a4-3a47-a27c-d494d69eae9c,-52.49955,0.51454,2026-04-21 17:45:00+00:00,2026-04-21,NPP-375,MAZAGÃO,AMAPÁ,Brasil,,,,Amazônia,33,16,1600402,8,,226_060,1.1,POINT(-52.49955 0.51454)
1814984264,fd05764e-9979-3275-9ee3-418993fde03c,-60.86234,1.28889,2026-04-21 17:45:00+00:00,2026-04-21,NPP-375,CARACARAÍ,RORAIMA,Brasil,,,,Amazônia,33,14,1400209,8,,232_059,2.9,POINT(-60.86234 1.28889)
1814984439,956d3ab9-0ff6-367f-85af-4b589a1e3b09,-61.91113,3.62986,2026-04-21 17:45:00+00:00,2026-04-21,NPP-375,AMAJARI,RORAIMA,Brasil,,,,Amazônia,33,14,1400027,8,,233_057,6.0,POINT(-61.91113 3.62986)
1814984875,46aae6b9-aa75-3746-a737-2193b65b08c8,-60.85786,1.28594,2026-04-21 17:45:00+00:00,2026-04-21,NPP-375,CARACARAÍ,RORAIMA,Brasil,,,,Amazônia,33,14,1400209,8,,232_059,26.6,POINT(-60.85786 1.28594)
1814985075,bfdc2dbf-f88f-344b-ae15-04a61b7619a5,-60.85839,1.28948,2026-04-21 17:45:00+00:00,2026-04-21,NPP-375,CARACARAÍ,RORAIMA,Brasil,,,,Amazônia,33,14,1400209,8,,232_059,31.3,POINT(-60.85839 1.28948)
1814985223,c67ff02f-5122-3610-a1c9-49786303963b,-60.33246,2.5777,2026-04-21 17:45:00+00:00,2026-04-21,NPP-375,CANTÁ,RORAIMA,Brasil,,,,Amazônia,33,14,1400175,8,,232_058,17.1,POINT(-60.33246 2.5777)
1814981923,037d9e6f-a7f3-3531-995e-d6a172ef39fc,-60.85391,1.28653,2026-04-21 17:45:00+00:00,2026-04-21,NPP-375,CARACARAÍ,RORAIMA,Brasil,,,,Amazônia,33,14,1400209,8,,232_059,26.6,POINT(-60.85391 1.28653)
1814981954,6350b299-1aff-30cf-917e-05b987191c2c,-61.7755,3.52458,2026-04-21 17:45:00+00:00,2026-04-21,NPP-375,AMAJARI,RORAIMA,Brasil,,,,Amazônia,33,14,1400027,8,,233_058,15.9,POINT(-61.7755 3.52458)
1814981957,a1c0a207-08fa-3fbe-8970-c4629bf8265f,-61.18174,3.70946,2026-04-21 17:45:00+00:00,2026-04-21,NPP-375,AMAJARI,RORAIMA,Brasil,,,,Amazônia,33,14,1400027,8,,232_057,3.1,POINT(-61.18174 3.70946)
1814988989,86a255c5-296e-3422-ad0c-736f8f826089,-52.18359,-27.08876,2026-04-21 17:56:00+00:00,2026-04-21,NOAA-20,IPUMIRIM,SANTA CATARINA,Brasil,,,,Mata Atlântica,33,42,4207700,8,,222_079,3.6,POINT(-52.18359 -27.08876)
1814988421,bc72ffc1-9303-32c9-ae0c-04a2152316be,-50.57743,-26.70342,2026-04-21 17:56:00+00:00,2026-04-21,NOAA-20,TIMBÓ GRANDE,SANTA CATARINA,Brasil,,,,Mata Atlântica,33,42,4218251,8,,221_079,2.7,POINT(-50.57743 -26.70342)
1814988314,c59d6d0d-46ef-3264-b35d-2f0f27aefb63,-50.21661,-27.89975,2026-04-21 17:56:00+00:00,2026-04-21,NOAA-20,LAGES,SANTA CATARINA,Brasil,,,,Mata Atlântica,33,42,4209300,8,,221_079,5.6,POINT(-50.21661 -27.89975)
1814987495,810195c7-198d-3b8a-b185-a888b2536374,-51.00004,-27.03717,2026-04-21 17:56:00+00:00,2026-04-21,NOAA-20,VIDEIRA,SANTA CATARINA,Brasil,,,,Mata Atlântica,33,42,4219309,8,,221_079,3.8,POINT(-51.00004 -27.03717)
1814987568,f9020db5-319b-3dc3-a27b-f05632119ab0,-52.18459,-27.08841,2026-04-21 17:56:00+00:00,2026-04-21,NOAA-20,IPUMIRIM,SANTA CATARINA,Brasil,,,,Mata Atlântica,33,42,4207700,8,,222_079,3.8,POINT(-52.18459 -27.08841)
1814989160,e952b0c6-4d8b-3f72-a0e2-52eda4c16741,-50.4613,-27.49608,2026-04-21 17:56:00+00:00,2026-04-21,NOAA-20,CORREIA PINTO,SANTA CATARINA,Brasil,,,,Mata Atlântica,33,42,4204558,8,,221_079,6.6,POINT(-50.4613 -27.49608)
1814986490,d5d74a47-15ec-3e5e-a27f-0a3f61fd2b59,-49.58588,-27.00372,2026-04-21 17:56:00+00:00,2026-04-21,NOAA-20,IBIRAMA,SANTA CATARINA,Brasil,,,,Mata Atlântica,33,42,4206900,8,,220_079,9.1,POINT(-49.58588 -27.00372)
1814988936,4e37d8cf-ab9c-353a-9d31-b9647bc4e151,-50.56734,-27.42509,2026-04-21 17:56:00+00:00,2026-04-21,NOAA-20,CURITIBANOS,SANTA CATARINA,Brasil,,,,Mata Atlântica,33,42,4204806,8,,221_079,5.7,POINT(-50.56734 -27.42509)
1814987189,b0c99fde-6d39-32aa-9d3e-d3dabb46eda8,-50.27005,-27.57688,2026-04-21 17:56:00+00:00,2026-04-21,NOAA-20,CORREIA PINTO,SANTA CATARINA,Brasil,,,,Mata Atlântica,33,42,4204558,8,,221_079,1.5,POINT(-50.27005 -27.57688)
1814986251,e4cdb66f-9254-3056-8d68-80e62dad0717,-50.07896,-27.91755,2026-04-21 17:56:00+00:00,2026-04-21,NOAA-20,PAINEL,SANTA CATARINA,Brasil,,,,Mata Atlântica,33,42,4211892,8,,221_079,5.6,POINT(-50.07896 -27.91755)
1814988603,7447ef6f-a02f-3075-a3f9-96174e91f18e,-50.1874,-27.78869,2026-04-21 17:56:00+00:00,2026-04-21,NOAA-20,LAGES,SANTA CATARINA,Brasil,,,,Mata Atlântica,33,42,4209300,8,,221_079,6.7,POINT(-50.1874 -27.78869)
1814986814,e7a21d63-566f-3a6d-aaa9-603139a27bfa,-49.81563,-26.96299,2026-04-21 17:56:00+00:00,2026-04-21,NOAA-20,DONA EMMA,SANTA CATARINA,Brasil,,,,Mata Atlântica,33,42,4205100,8,,221_079,2.6,POINT(-49.81563 -26.96299)
1814987931,acdde1bb-aed8-3298-8cce-ed986c11f722,-50.05935,-28.17724,2026-04-21 17:56:00+00:00,2026-04-21,NOAA-20,SÃO JOAQUIM,SANTA CATARINA,Brasil,,,,Mata Atlântica,33,42,4216503,8,,220_080,9.5,POINT(-50.05935 -28.17724)
1814988949,059be2e1-9b45-353a-9730-44d873c0722b,-50.05453,-28.17602,2026-04-21 17:56:00+00:00,2026-04-21,NOAA-20,SÃO JOAQUIM,SANTA CATARINA,Brasil,,,,Mata Atlântica,33,42,4216503,8,,220_080,9.5,POINT(-50.05453 -28.17602)
1814988758,2d4b44fa-2056-3aa6-894d-861a0d1c5496,-50.46624,-27.49731,2026-04-21 17:56:00+00:00,2026-04-21,NOAA-20,CORREIA PINTO,SANTA CATARINA,Brasil,,,,Mata Atlântica,33,42,4204558,8,,221_079,6.6,POINT(-50.46624 -27.49731)
1814987914,02c71b77-0c91-30ec-9e8f-18f99fa80c80,-50.2198,-27.90285,2026-04-21 17:56:00+00:00,2026-04-21,NOAA-20,LAGES,SANTA CATARINA,Brasil,,,,Mata Atlântica,33,42,4209300,8,,221_079,5.0,POINT(-50.2198 -27.90285)
1814989138,fc7a2245-57e9-34b9-b257-c216448e1af2,-50.07731,-27.92351,2026-04-21 17:56:00+00:00,2026-04-21,NOAA-20,PAINEL,SANTA CATARINA,Brasil,,,,Mata Atlântica,33,42,4211892,8,,221_079,5.6,POINT(-50.07731 -27.92351)
1814986138,b26a3d93-5315-3069-82f0-2b71b94fa9f8,-49.58341,-27.00611,2026-04-21 17:56:00+00:00,2026-04-21,NOAA-20,IBIRAMA,SANTA CATARINA,Brasil,,,,Mata Atlântica,33,42,4206900,8,,220_079,7.9,POINT(-49.58341 -27.00611)
1814988233,27a592a2-1212-3f52-baf3-c79157659043,-51.66947,-21.25652,2026-04-21 17:58:00+00:00,2026-04-21,NOAA-20,SÃO JOÃO DO PAU D'ALHO,SÃO PAULO,Brasil,,,,Mata Atlântica,33,35,3549300,8,,223_075,6.0,POINT(-51.66947 -21.25652)
1814986279,dadbf375-f7d3-3a45-a308-9706d4ff03f0,-53.35495,-19.39561,2026-04-21 17:58:00+00:00,2026-04-21,NOAA-20,PARAÍSO DAS ÁGUAS,MATO GROSSO DO SUL,Brasil,,,,Cerrado,33,50,5006275,8,,224_073,8.3,POINT(-53.35495 -19.39561)
1814987261,b9dc121f-dc09-3f7f-a4e1-2faa073ab076,-49.40296,-25.20908,2026-04-21 17:58:00+00:00,2026-04-21,NOAA-20,ITAPERUÇU,PARANÁ,Brasil,,,,Mata Atlântica,33,41,4111258,8,,221_077,13.1,POINT(-49.40296 -25.20908)
1814988832,237b4429-4338-3fdb-9d81-b30ac18e27f5,-50.07291,-25.17638,2026-04-21 17:58:00+00:00,2026-04-21,NOAA-20,PONTA GROSSA,PARANÁ,Brasil,,,,Mata Atlântica,33,41,4119905,8,,221_077,5.4,POINT(-50.07291 -25.17638)
1814989394,9d4ffca7-8c2f-3604-972a-a45ce389de74,-49.6335,-24.95407,2026-04-21 17:58:00+00:00,2026-04-21,NOAA-20,CASTRO,PARANÁ,Brasil,,,,Mata Atlântica,33,41,4104907,8,,221_077,27.5,POINT(-49.6335 -24.95407)
1814989387,b2b93194-9b99-3bde-aa18-f3de19c80cac,-51.67106,-21.25437,2026-04-21 17:58:00+00:00,2026-04-21,NOAA-20,SÃO JOÃO DO PAU D'ALHO,SÃO PAULO,Brasil,,,,Mata Atlântica,33,35,3549300,8,,223_075,5.3,POINT(-51.67106 -21.25437)
1814986394,2dd94ab9-22f9-3fdc-bf61-eb06aa64c8a1,-51.4584,-25.8628,2026-04-21 17:58:00+00:00,2026-04-21,NOAA-20,PINHÃO,PARANÁ,Brasil,,,,Mata Atlântica,33,41,4119301,8,,222_078,3.2,POINT(-51.4584 -25.8628)
1814989115,2c6182ae-9d57-346c-800e-803f021d5d3d,-50.04016,-24.46986,2026-04-21 17:58:00+00:00,2026-04-21,NOAA-20,PIRAÍ DO SUL,PARANÁ,Brasil,,,,Cerrado,33,41,4119400,8,,221_077,7.5,POINT(-50.04016 -24.46986)
1814989800,b19424d6-7f41-3998-b8fd-666cb7267823,-49.40383,-25.21159,2026-04-21 17:58:00+00:00,2026-04-21,NOAA-20,ITAPERUÇU,PARANÁ,Brasil,,,,Mata Atlântica,33,41,4111258,8,,221_077,17.2,POINT(-49.40383 -25.21159)
1814987691,464cbe97-50d8-3999-9ac5-f0b0492604b8,-52.93476,-26.03825,2026-04-21 17:58:00+00:00,2026-04-21,NOAA-20,FRANCISCO BELTRÃO,PARANÁ,Brasil,,,,Mata Atlântica,33,41,4108403,8,,223_078,3.1,POINT(-52.93476 -26.03825)
1814987798,d11d3c52-7c9a-33ce-8224-b553af9a97b0,-49.9935,-25.14935,2026-04-21 17:58:00+00:00,2026-04-21,NOAA-20,PONTA GROSSA,PARANÁ,Brasil,,,,Mata Atlântica,33,41,4119905,8,,221_077,5.6,POINT(-49.9935 -25.14935)
1814986628,4e066968-2e8a-3738-a978-0aa09e8fdcc2,-53.35852,-19.39333,2026-04-21 17:58:00+00:00,2026-04-21,NOAA-20,PARAÍSO DAS ÁGUAS,MATO GROSSO DO SUL,Brasil,,,,Cerrado,33,50,5006275,8,,224_073,7.6,POINT(-53.35852 -19.39333)
1814988012,f84cfc0d-2344-3387-a518-d8a8d4d127f1,-50.73183,-25.36836,2026-04-21 17:58:00+00:00,2026-04-21,NOAA-20,IRATI,PARANÁ,Brasil,,,,Mata Atlântica,33,41,4110706,8,,221_078,20.6,POINT(-50.73183 -25.36836)
1814988753,6b901252-559b-375c-af76-9c399329344a,-51.67234,-20.77944,2026-04-21 17:58:00+00:00,2026-04-21,NOAA-20,TRÊS LAGOAS,MATO GROSSO DO SUL,Brasil,,,,Mata Atlântica,33,50,5008305,8,,223_074,4.4,POINT(-51.67234 -20.77944)
1814986135,ed95835d-ba15-3a6c-97cf-a68726d069b7,-49.38578,-25.10892,2026-04-21 17:58:00+00:00,2026-04-21,NOAA-20,RIO BRANCO DO SUL,PARANÁ,Brasil,,,,Mata Atlântica,33,41,4122206,8,,221_077,3.7,POINT(-49.38578 -25.10892)
1814985721,dd637cbe-8a81-3097-9efb-1f9b670e2288,-49.62595,-24.95907,2026-04-21 17:58:00+00:00,2026-04-21,NOAA-20,CASTRO,PARANÁ,Brasil,,,,Mata Atlântica,33,41,4104907,8,,221_077,82.0,POINT(-49.62595 -24.95907)
1814986892,3a7b8bbc-3da9-3273-82c3-41fa7a660f7e,-50.72681,-25.36712,2026-04-21 17:58:00+00:00,2026-04-21,NOAA-20,IRATI,PARANÁ,Brasil,,,,Mata Atlântica,33,41,4110706,8,,221_078,19.6,POINT(-50.72681 -25.36712)
1814985770,663361a3-895e-3f68-afca-5358c6280132,-51.18866,-25.0552,2026-04-21 17:58:00+00:00,2026-04-21,NOAA-20,PRUDENTÓPOLIS,PARANÁ,Brasil,,,,Mata Atlântica,33,41,4120606,8,,222_077,3.1,POINT(-51.18866 -25.0552)
1814988816,fb86afd5-dd53-3ef7-a81b-22e3385cfecc,-54.54812,-18.41907,2026-04-21 18:00:00+00:00,2026-04-21,NOAA-20,COXIM,MATO GROSSO DO SUL,Brasil,,,,Cerrado,33,50,5003306,8,,225_073,2.9,POINT(-54.54812 -18.41907)
1814986022,fa6b4308-6534-398b-a761-49431a231a47,-54.92146,-16.42957,2026-04-21 18:00:00+00:00,2026-04-21,NOAA-20,RONDONÓPOLIS,MATO GROSSO,Brasil,,,,Cerrado,33,51,5107602,8,,225_071,13.6,POINT(-54.92146 -16.42957)
1814989159,1d96e06d-f02a-3068-89fd-667b9446d43b,-56.79503,-14.03122,2026-04-21 18:00:00+00:00,2026-04-21,NOAA-20,DIAMANTINO,MATO GROSSO,Brasil,,,,Cerrado,33,51,5103502,8,,227_070,12.3,POINT(-56.79503 -14.03122)
1814986965,ed30f962-cf79-3ca1-8316-06cc793c2843,-55.15438,-18.65549,2026-04-21 18:00:00+00:00,2026-04-21,NOAA-20,RIO VERDE DE MATO GROSSO,MATO GROSSO DO SUL,Brasil,,,,Pantanal,33,50,5007406,8,,225_073,5.8,POINT(-55.15438 -18.65549)
1814988210,afaf1302-771b-3d74-b627-09a569a133d8,-56.65596,-13.99233,2026-04-21 18:00:00+00:00,2026-04-21,NOAA-20,DIAMANTINO,MATO GROSSO,Brasil,,,,Cerrado,33,51,5103502,8,,227_070,4.2,POINT(-56.65596 -13.99233)
1814986112,fd1b0146-94fb-31bc-b6a2-da4d63910b1f,-56.79158,-14.03053,2026-04-21 18:00:00+00:00,2026-04-21,NOAA-20,DIAMANTINO,MATO GROSSO,Brasil,,,,Cerrado,33,51,5103502,8,,227_070,10.3,POINT(-56.79158 -14.03053)
1814986172,d6e8c643-e494-3965-827e-c42627c0fba8,-52.66664,-17.81889,2026-04-21 18:00:00+00:00,2026-04-21,NOAA-20,MINEIROS,GOIÁS,Brasil,,,,Cerrado,33,52,5213103,8,,224_072,4.4,POINT(-52.66664 -17.81889)
1814986314,fececadf-c791-3710-a8ac-dd68339f195c,-56.65253,-13.99164,2026-04-21 18:00:00+00:00,2026-04-21,NOAA-20,DIAMANTINO,MATO GROSSO,Brasil,,,,Cerrado,33,51,5103502,8,,227_070,4.2,POINT(-56.65253 -13.99164)
1814989162,c3c8b6cb-825d-32e6-aa98-ecb63a37d1b5,-54.9225,-16.42383,2026-04-21 18:00:00+00:00,2026-04-21,NOAA-20,RONDONÓPOLIS,MATO GROSSO,Brasil,,,,Cerrado,33,51,5107602,8,,225_071,6.6,POINT(-54.9225 -16.42383)
1814988167,52986ada-ddc3-3202-a92a-80536938e04e,-63.59254,-8.80009,2026-04-21 18:02:00+00:00,2026-04-21,NOAA-20,CANDEIAS DO JAMARI,RONDÔNIA,Brasil,,,,Amazônia,33,11,1100809,8,,232_066,3.0,POINT(-63.59254 -8.80009)
1814989342,4d63c25b-7429-3132-9cd1-496a3d97dab4,-57.18413,-12.30383,2026-04-21 18:02:00+00:00,2026-04-21,NOAA-20,NOVA MARINGÁ,MATO GROSSO,Brasil,,,,Amazônia,33,51,5108907,8,,227_069,14.7,POINT(-57.18413 -12.30383)
1814988918,e13d6665-5e1f-3b55-80c1-92063fa8232e,-57.18061,-12.30316,2026-04-21 18:02:00+00:00,2026-04-21,NOAA-20,NOVA MARINGÁ,MATO GROSSO,Brasil,,,,Amazônia,33,51,5108907,8,,227_069,14.7,POINT(-57.18061 -12.30316)
1814989379,f7a19c36-c272-38d7-8799-8656be1a7804,-60.43495,1.09042,2026-04-21 18:04:00+00:00,2026-04-21,NOAA-20,RORAINÓPOLIS,RORAIMA,Brasil,,,,Amazônia,33,14,1400472,8,,231_059,4.5,POINT(-60.43495 1.09042)
1814986340,e3c58ac4-ef28-34e6-8ace-f5a04d13fe7d,-60.43467,1.09326,2026-04-21 18:04:00+00:00,2026-04-21,NOAA-20,RORAINÓPOLIS,RORAIMA,Brasil,,,,Amazônia,33,14,1400472,8,,231_059,4.9,POINT(-60.43467 1.09326)
1814988104,f2d1ffb5-cf8d-36ce-be56-c6f82c2713ad,-63.30355,-3.93533,2026-04-21 18:04:00+00:00,2026-04-21,NOAA-20,COARI,AMAZONAS,Brasil,,,,Amazônia,33,13,1301209,8,,233_063,9.8,POINT(-63.30355 -3.93533)
1814986779,f49a6393-b7a2-3398-8077-9ac9dea49ca6,-60.46559,0.88781,2026-04-21 18:04:00+00:00,2026-04-21,NOAA-20,RORAINÓPOLIS,RORAIMA,Brasil,,,,Amazônia,33,14,1400472,8,,231_059,7.5,POINT(-60.46559 0.88781)
1814986631,6f058615-1ba8-36ae-868b-5d69bc8ae22a,-60.49853,1.16872,2026-04-21 18:04:00+00:00,2026-04-21,NOAA-20,CARACARAÍ,RORAIMA,Brasil,,,,Amazônia,33,14,1400209,8,,232_059,3.0,POINT(-60.49853 1.16872)
1814987809,e9decd14-f723-37f0-a74b-7b5cb12640a0,-61.03468,2.70089,2026-04-21 18:06:00+00:00,2026-04-21,NOAA-20,ALTO ALEGRE,RORAIMA,Brasil,,,,Amazônia,33,14,1400050,8,,232_058,3.2,POINT(-61.03468 2.70089)
1814986189,5917dcad-5e34-3f6f-9dce-0a126598d4e8,-60.8653,2.73305,2026-04-21 18:06:00+00:00,2026-04-21,NOAA-20,BOA VISTA,RORAIMA,Brasil,,,,Amazônia,33,14,1400100,8,,232_058,2.6,POINT(-60.8653 2.73305)
1814988644,6f274350-4df0-3cff-b47a-c88ec1b20630,-61.03408,2.70195,2026-04-21 18:06:00+00:00,2026-04-21,NOAA-20,ALTO ALEGRE,RORAIMA,Brasil,,,,Amazônia,33,14,1400050,8,,232_058,5.0,POINT(-61.03408 2.70195)
1814989324,622a7cc1-e0cf-32f5-88b6-1f54bc69d1b2,-60.19511,2.25383,2026-04-21 18:06:00+00:00,2026-04-21,NOAA-20,BONFIM,RORAIMA,Brasil,,,,Amazônia,33,14,1400159,8,,231_059,7.6,POINT(-60.19511 2.25383)
1814985923,a4542da6-49c2-3f12-905e-f35634e283db,-60.54411,4.34815,2026-04-21 18:06:00+00:00,2026-04-21,NOAA-20,UIRAMUTÃ,RORAIMA,Brasil,,,,Amazônia,33,14,1400704,8,,232_057,5.0,POINT(-60.54411 4.34815)
1814986428,bd44822a-54b9-32e9-a40e-52cb3eb176b2,-60.88981,1.47843,2026-04-21 18:06:00+00:00,2026-04-21,NOAA-20,CARACARAÍ,RORAIMA,Brasil,,,,Amazônia,33,14,1400209,8,,232_059,16.7,POINT(-60.88981 1.47843)
1814987761,f5e57691-2591-3ae3-8bc5-7615e674957d,-60.86559,2.73069,2026-04-21 18:06:00+00:00,2026-04-21,NOAA-20,BOA VISTA,RORAIMA,Brasil,,,,Amazônia,33,14,1400100,8,,232_058,3.2,POINT(-60.86559 2.73069)
1814979749,0e736404-49d2-3687-8548-912ea1a8d811,-45.2132,-12.031,2026-04-21 18:10:00+00:00,2026-04-21,GOES-19,BARREIRAS,BAHIA,Brasil,,,,Cerrado,33,29,2903201,8,,220_068,109.0,POINT(-45.2132 -12.031)
1814980130,fe45c3fb-780d-34dc-ba2d-8fadd45bce44,-45.3243,-13.3761,2026-04-21 18:30:00+00:00,2026-04-21,GOES-19,CORRENTINA,BAHIA,Brasil,,,,Cerrado,33,29,2909307,8,,220_069,178.8,POINT(-45.3243 -13.3761)
1814980415,9f32a480-c971-31f9-85ea-f823fb69324b,-45.3243,-13.3761,2026-04-21 18:40:00+00:00,2026-04-21,GOES-19,CORRENTINA,BAHIA,Brasil,,,,Cerrado,33,29,2909307,8,,220_069,138.3,POINT(-45.3243 -13.3761)
1814980404,b41f5709-3029-3d93-820d-c8294c5caf55,-45.2132,-12.031,2026-04-21 18:40:00+00:00,2026-04-21,GOES-19,BARREIRAS,BAHIA,Brasil,,,,Cerrado,33,29,2903201,8,,220_068,109.0,POINT(-45.2132 -12.031)
1814987545,82089e04-5cd9-37b7-9fc6-8e28cd51f215,-50.05781,-28.17957,2026-04-21 18:49:00+00:00,2026-04-21,AQUA_M-T,SÃO JOAQUIM,SANTA CATARINA,Brasil,,,,Mata Atlântica,33,42,4216503,8,,220_080,19.2,POINT(-50.05781 -28.17957)
1814987547,681a35b0-c71f-3b5b-b9d7-14bffe2fb86f,-49.0322,-28.13461,2026-04-21 18:49:00+00:00,2026-04-21,AQUA_M-T,SÃO MARTINHO,SANTA CATARINA,Brasil,,,,Mata Atlântica,33,42,4217105,8,,220_079,9.8,POINT(-49.0322 -28.13461)
1814989319,9ded6c4b-d701-3ad8-8723-67b0403e65f3,-49.59635,-27.00532,2026-04-21 18:49:00+00:00,2026-04-21,AQUA_M-T,JOSÉ BOITEUX,SANTA CATARINA,Brasil,,,,Mata Atlântica,33,42,4209151,8,,220_079,12.4,POINT(-49.59635 -27.00532)
1814987624,9c095fc5-ba3c-38fc-b66a-f67e16c52001,-50.0578,-28.17957,2026-04-21 18:49:00+00:00,2026-04-21,AQUA_M-T,SÃO JOAQUIM,SANTA CATARINA,Brasil,,,,Mata Atlântica,33,42,4216503,8,,220_080,19.2,POINT(-50.0578 -28.17957)
1814987633,f2b4182e-933b-3437-9cd2-cac8a7ca5315,-49.59636,-27.00532,2026-04-21 18:49:00+00:00,2026-04-21,AQUA_M-T,JOSÉ BOITEUX,SANTA CATARINA,Brasil,,,,Mata Atlântica,33,42,4209151,8,,220_079,12.4,POINT(-49.59636 -27.00532)
1814987663,a071e050-759a-31a9-915b-6beb963f092f,-50.85992,-27.20084,2026-04-21 18:49:00+00:00,2026-04-21,AQUA_M-T,MONTE CARLO,SANTA CATARINA,Brasil,,,,Mata Atlântica,33,42,4211058,8,,221_079,13.0,POINT(-50.85992 -27.20084)
1814987692,541e7da6-b0c8-3a15-8449-6d9b898d03fa,-49.63522,-24.96689,2026-04-21 18:49:00+00:00,2026-04-21,AQUA_M-T,CASTRO,PARANÁ,Brasil,,,,Mata Atlântica,33,41,4104907,8,,221_077,54.7,POINT(-49.63522 -24.96689)
1814989294,9a6cb618-b462-38c6-bbfa-41913f67b64b,-50.5227,-27.97445,2026-04-21 18:49:00+00:00,2026-04-21,AQUA_M-T,CAPÃO ALTO,SANTA CATARINA,Brasil,,,,Mata Atlântica,33,42,4203253,8,,221_079,9.9,POINT(-50.5227 -27.97445)
1814987858,62e514a6-46f1-3bad-8a94-221c5b204625,-49.41095,-25.21247,2026-04-21 18:49:00+00:00,2026-04-21,AQUA_M-T,ITAPERUÇU,PARANÁ,Brasil,,,,Mata Atlântica,33,41,4111258,8,,221_077,19.2,POINT(-49.41095 -25.21247)
1814987888,d87fb844-f884-3e2f-b0dd-df8d8075b684,-49.63523,-24.96689,2026-04-21 18:49:00+00:00,2026-04-21,AQUA_M-T,CASTRO,PARANÁ,Brasil,,,,Mata Atlântica,33,41,4104907,8,,221_077,54.7,POINT(-49.63523 -24.96689)
1814987891,cc10a6cb-e643-3a86-9586-7ec09c3b0218,-45.48164,-21.5806,2026-04-21 18:49:00+00:00,2026-04-21,AQUA_M-T,VARGINHA,MINAS GERAIS,Brasil,,,,Mata Atlântica,33,31,3170701,8,,219_075,13.0,POINT(-45.48164 -21.5806)
1814989256,6389d78f-6f49-3d7b-b94c-56207aaab1f0,-49.29794,-23.9152,2026-04-21 18:49:00+00:00,2026-04-21,AQUA_M-T,ITARARÉ,SÃO PAULO,Brasil,,,,Cerrado,33,35,3523206,8,,221_077,5.3,POINT(-49.29794 -23.9152)
1814988299,4ce21c95-567e-3172-860b-3c6c2115dc12,-49.17505,-27.35321,2026-04-21 18:49:00+00:00,2026-04-21,AQUA_M-T,NOVA TRENTO,SANTA CATARINA,Brasil,,,,Mata Atlântica,33,42,4211504,8,,220_079,31.6,POINT(-49.17505 -27.35321)
1814987995,39bace3b-4057-386b-b4ff-f93bcae178bb,-51.43999,-24.92153,2026-04-21 18:49:00+00:00,2026-04-21,AQUA_M-T,TURVO,PARANÁ,Brasil,,,,Mata Atlântica,33,41,4127965,8,,222_077,7.3,POINT(-51.43999 -24.92153)
1814988016,d94d6323-ae32-3c8f-b1f0-9f35585d012b,-47.39129,-22.79773,2026-04-21 18:49:00+00:00,2026-04-21,AQUA_M-T,SANTA BÁRBARA D'OESTE,SÃO PAULO,Brasil,,,,Mata Atlântica,33,35,3545803,8,,220_076,6.6,POINT(-47.39129 -22.79773)
1814989232,ce224025-b290-3faf-8468-666b34e2dcee,-50.74162,-27.59597,2026-04-21 18:49:00+00:00,2026-04-21,AQUA_M-T,SÃO JOSÉ DO CERRITO,SANTA CATARINA,Brasil,,,,Mata Atlântica,33,42,4216800,8,,221_079,13.9,POINT(-50.74162 -27.59597)
1814988032,510a9564-5c82-3d55-8b8d-a7e134124310,-49.63681,-24.95795,2026-04-21 18:49:00+00:00,2026-04-21,AQUA_M-T,CASTRO,PARANÁ,Brasil,,,,Mata Atlântica,33,41,4104907,8,,221_077,294.0,POINT(-49.63681 -24.95795)
1814989173,2c7f8e7e-70b2-38b6-8d09-13ea25ef6d8d,-49.6269,-24.95658,2026-04-21 18:49:00+00:00,2026-04-21,AQUA_M-T,CASTRO,PARANÁ,Brasil,,,,Mata Atlântica,33,41,4104907,8,,221_077,214.1,POINT(-49.6269 -24.95658)
1814988092,10ca8ebb-b734-315c-b54a-889ba3d15164,-49.58566,-27.00386,2026-04-21 18:49:00+00:00,2026-04-21,AQUA_M-T,IBIRAMA,SANTA CATARINA,Brasil,,,,Mata Atlântica,33,42,4206900,8,,220_079,18.1,POINT(-49.58566 -27.00386)
1814988113,84332437-3a30-3728-a119-de97f4aa4000,-50.8714,-25.82511,2026-04-21 18:49:00+00:00,2026-04-21,AQUA_M-T,MALLET,PARANÁ,Brasil,,,,Mata Atlântica,33,41,4113908,8,,221_078,7.4,POINT(-50.8714 -25.82511)
1814988123,ef7b4c64-2444-3548-9d78-817ade6ddaba,-49.17506,-27.35321,2026-04-21 18:49:00+00:00,2026-04-21,AQUA_M-T,NOVA TRENTO,SANTA CATARINA,Brasil,,,,Mata Atlântica,33,42,4211504,8,,220_079,31.6,POINT(-49.17506 -27.35321)
1814988186,a64604ee-ec55-32d7-8b30-04dbbdb6ea34,-51.17326,-26.01854,2026-04-21 18:49:00+00:00,2026-04-21,AQUA_M-T,UNIÃO DA VITÓRIA,PARANÁ,Brasil,,,,Mata Atlântica,33,41,4128203,8,,222_078,9.6,POINT(-51.17326 -26.01854)
1814988203,2a3fba89-db3b-3f8d-a35d-4b307c737353,-49.31374,-20.77128,2026-04-21 18:49:00+00:00,2026-04-21,AQUA_M-T,SÃO JOSÉ DO RIO PRETO,SÃO PAULO,Brasil,,,,Mata Atlântica,33,35,3549805,8,,221_074,7.0,POINT(-49.31374 -20.77128)
1814988215,ed6f3e55-2de7-3d2f-bd24-dc9cca8a1a73,-49.62691,-24.95657,2026-04-21 18:49:00+00:00,2026-04-21,AQUA_M-T,CASTRO,PARANÁ,Brasil,,,,Mata Atlântica,33,41,4104907,8,,221_077,214.1,POINT(-49.62691 -24.95657)
1814987988,60d8da4c-7504-3b76-aa96-15773cf417a1,-47.40128,-22.79929,2026-04-21 18:49:00+00:00,2026-04-21,AQUA_M-T,SANTA BÁRBARA D'OESTE,SÃO PAULO,Brasil,,,,Mata Atlântica,33,35,3545803,8,,220_076,49.2,POINT(-47.40128 -22.79929)
1814988309,0842d4ed-d9e2-3256-8e0b-26a1dacd0762,-49.45685,-26.67379,2026-04-21 18:49:00+00:00,2026-04-21,AQUA_M-T,BENEDITO NOVO,SANTA CATARINA,Brasil,,,,Mata Atlântica,33,42,4202206,8,,220_079,8.5,POINT(-49.45685 -26.67379)
1814988340,4fe6906a-eeec-3460-83d3-cf4b33f98e62,-50.86472,-27.20506,2026-04-21 18:49:00+00:00,2026-04-21,AQUA_M-T,MONTE CARLO,SANTA CATARINA,Brasil,,,,Mata Atlântica,33,42,4211058,8,,221_079,9.3,POINT(-50.86472 -27.20506)
1814988388,ecff4a01-0d70-3de9-9849-7334b94c933e,-49.62533,-24.96552,2026-04-21 18:49:00+00:00,2026-04-21,AQUA_M-T,CASTRO,PARANÁ,Brasil,,,,Mata Atlântica,33,41,4104907,8,,221_077,50.8,POINT(-49.62533 -24.96552)
1814988423,9c4f5440-0739-3c73-9ad9-bacef73354ce,-50.41972,-25.64422,2026-04-21 18:49:00+00:00,2026-04-21,AQUA_M-T,SÃO JOÃO DO TRIUNFO,PARANÁ,Brasil,,,,Mata Atlântica,33,41,4125100,8,,221_078,9.4,POINT(-50.41972 -25.64422)
1814988486,d47ac011-4ffa-3ebb-953f-a7a0a7000f29,-49.64673,-24.95932,2026-04-21 18:49:00+00:00,2026-04-21,AQUA_M-T,CASTRO,PARANÁ,Brasil,,,,Mata Atlântica,33,41,4104907,8,,221_077,7.2,POINT(-49.64673 -24.95932)
1814985785,73623ae0-34cf-37ac-b47b-99cfb5139820,-50.73856,-25.37283,2026-04-21 18:49:00+00:00,2026-04-21,AQUA_M-T,IRATI,PARANÁ,Brasil,,,,Mata Atlântica,33,41,4110706,8,,221_078,80.6,POINT(-50.73856 -25.37283)
1814988530,a23d2b23-29fc-333b-a43b-ab5ac63245aa,-49.25546,-25.72523,2026-04-21 18:49:00+00:00,2026-04-21,AQUA_M-T,FAZENDA RIO GRANDE,PARANÁ,Brasil,,,,Mata Atlântica,33,41,4107652,8,,220_078,15.9,POINT(-49.25546 -25.72523)
1814988590,f22edc3a-7944-3141-8bb8-d2783a6a41b7,-50.70066,-27.14121,2026-04-21 18:49:00+00:00,2026-04-21,AQUA_M-T,CURITIBANOS,SANTA CATARINA,Brasil,,,,Mata Atlântica,33,42,4204806,8,,221_079,30.9,POINT(-50.70066 -27.14121)
1814988604,becb3fe1-0bb3-3fa6-95e5-6c49c64abab2,-48.88987,-25.06399,2026-04-21 18:49:00+00:00,2026-04-21,AQUA_M-T,BOCAIÚVA DO SUL,PARANÁ,Brasil,,,,Mata Atlântica,33,41,4103107,8,,220_077,7.5,POINT(-48.88987 -25.06399)
1814985803,16b9231e-e38f-351b-8010-15913a01da2e,-48.88018,-25.06259,2026-04-21 18:49:00+00:00,2026-04-21,AQUA_M-T,BOCAIÚVA DO SUL,PARANÁ,Brasil,,,,Mata Atlântica,33,41,4103107,8,,220_077,5.5,POINT(-48.88018 -25.06259)
1814988623,ff5d5a40-e7e7-3799-b3ef-3a7cb695a3cd,-47.34648,-20.24587,2026-04-21 18:49:00+00:00,2026-04-21,AQUA_M-T,PEDREGULHO,SÃO PAULO,Brasil,,,,Cerrado,33,35,3537008,8,,220_074,6.1,POINT(-47.34648 -20.24587)
1814988656,d2267aa9-e9d9-30a9-aeef-6d9e1b672479,-50.52269,-27.97445,2026-04-21 18:49:00+00:00,2026-04-21,AQUA_M-T,CAPÃO ALTO,SANTA CATARINA,Brasil,,,,Mata Atlântica,33,42,4203253,8,,221_079,9.9,POINT(-50.52269 -27.97445)
1814988698,67171496-1065-3a2d-a090-1950ecb7c175,-50.7124,-27.14272,2026-04-21 18:49:00+00:00,2026-04-21,AQUA_M-T,FREI ROGÉRIO,SANTA CATARINA,Brasil,,,,Mata Atlântica,33,42,4205555,8,,221_079,35.1,POINT(-50.7124 -27.14272)
1814988704,9fc76b39-16b7-3594-901d-784367761ab3,-47.66019,-23.40344,2026-04-21 18:49:00+00:00,2026-04-21,AQUA_M-T,IPERÓ,SÃO PAULO,Brasil,,,,Mata Atlântica,33,35,3521002,8,,220_076,6.3,POINT(-47.66019 -23.40344)
1814985804,4ff09293-268d-306f-9cec-651d401c2116,-49.31373,-20.77128,2026-04-21 18:49:00+00:00,2026-04-21,AQUA_M-T,SÃO JOSÉ DO RIO PRETO,SÃO PAULO,Brasil,,,,Mata Atlântica,33,35,3549805,8,,221_074,7.0,POINT(-49.31373 -20.77128)
1814988757,3cb97787-008c-315a-ab82-8447f36458d3,-50.74163,-27.59597,2026-04-21 18:49:00+00:00,2026-04-21,AQUA_M-T,SÃO JOSÉ DO CERRITO,SANTA CATARINA,Brasil,,,,Mata Atlântica,33,42,4216800,8,,221_079,13.9,POINT(-50.74163 -27.59597)
1814989817,54f6e9a0-bfa9-3575-99f6-ebf163be7994,-47.46247,-22.14346,2026-04-21 18:49:00+00:00,2026-04-21,AQUA_M-T,SANTA CRUZ DA CONCEIÇÃO,SÃO PAULO,Brasil,,,,Cerrado,33,35,3546207,8,,220_075,22.5,POINT(-47.46247 -22.14346)
1814988791,7b67bea4-4021-33a0-8b28-f4e78d234764,-50.70064,-27.14122,2026-04-21 18:49:00+00:00,2026-04-21,AQUA_M-T,CURITIBANOS,SANTA CATARINA,Brasil,,,,Mata Atlântica,33,42,4204806,8,,221_079,30.9,POINT(-50.70064 -27.14122)
1814988876,b16af98b-4265-3c42-89c6-e84e0bfa30a3,-50.51089,-27.97294,2026-04-21 18:49:00+00:00,2026-04-21,AQUA_M-T,CAPÃO ALTO,SANTA CATARINA,Brasil,,,,Mata Atlântica,33,42,4203253,8,,221_079,37.2,POINT(-50.51089 -27.97294)
1814989161,4464aec8-e861-300c-adc7-47996128e14d,-47.3465,-20.24587,2026-04-21 18:49:00+00:00,2026-04-21,AQUA_M-T,PEDREGULHO,SÃO PAULO,Brasil,,,,Cerrado,33,35,3537008,8,,220_074,6.1,POINT(-47.3465 -20.24587)
1814986002,a6406284-9c3f-3239-8770-b5f314187a5c,-51.18482,-26.02001,2026-04-21 18:49:00+00:00,2026-04-21,AQUA_M-T,CRUZ MACHADO,PARANÁ,Brasil,,,,Mata Atlântica,33,41,4106803,8,,222_078,7.0,POINT(-51.18482 -26.02001)
1814989747,1915627f-1ba3-3cf7-b232-145c3ca5d294,-51.17324,-26.01854,2026-04-21 18:49:00+00:00,2026-04-21,AQUA_M-T,UNIÃO DA VITÓRIA,PARANÁ,Brasil,,,,Mata Atlântica,33,41,4128203,8,,222_078,9.6,POINT(-51.17324 -26.01854)
1814986124,bb8edbe8-b37e-3873-999a-f5e619abb73a,-49.25547,-25.72523,2026-04-21 18:49:00+00:00,2026-04-21,AQUA_M-T,FAZENDA RIO GRANDE,PARANÁ,Brasil,,,,Mata Atlântica,33,41,4107652,8,,220_078,15.9,POINT(-49.25547 -25.72523)
1814989744,966d2ca8-807b-39c6-be69-c9448b4229c8,-49.04254,-28.13603,2026-04-21 18:49:00+00:00,2026-04-21,AQUA_M-T,SÃO MARTINHO,SANTA CATARINA,Brasil,,,,Mata Atlântica,33,42,4217105,8,,220_079,11.0,POINT(-49.04254 -28.13603)
1814989742,b96a555c-947c-3942-8626-ce99df574839,-49.64672,-24.95932,2026-04-21 18:49:00+00:00,2026-04-21,AQUA_M-T,CASTRO,PARANÁ,Brasil,,,,Mata Atlântica,33,41,4104907,8,,221_077,7.2,POINT(-49.64672 -24.95932)
1814986223,e6b9cd0f-cbb1-3b8a-917a-4a03bd3e5de1,-51.19283,-25.06394,2026-04-21 18:49:00+00:00,2026-04-21,AQUA_M-T,PRUDENTÓPOLIS,PARANÁ,Brasil,,,,Mata Atlântica,33,41,4120606,8,,222_077,22.7,POINT(-51.19283 -25.06394)
1814986253,066c2c94-5231-3cf6-92da-5c086b2a2264,-47.66021,-23.40344,2026-04-21 18:49:00+00:00,2026-04-21,AQUA_M-T,IPERÓ,SÃO PAULO,Brasil,,,,Mata Atlântica,33,35,3521002,8,,220_076,6.3,POINT(-47.66021 -23.40344)
1814986257,bb6dd5b0-2c57-39b5-a898-0a9308b834d1,-49.58567,-27.00386,2026-04-21 18:49:00+00:00,2026-04-21,AQUA_M-T,IBIRAMA,SANTA CATARINA,Brasil,,,,Mata Atlântica,33,42,4206900,8,,220_079,18.1,POINT(-49.58567 -27.00386)
1814986300,c16c3b25-1f39-3178-aa92-6017e86eceef,-47.40126,-22.7993,2026-04-21 18:49:00+00:00,2026-04-21,AQUA_M-T,SANTA BÁRBARA D'OESTE,SÃO PAULO,Brasil,,,,Mata Atlântica,33,35,3545803,8,,220_076,49.2,POINT(-47.40126 -22.7993)
1814986316,7896cb02-5288-3b6a-8a17-4804e24a90ea,-50.22406,-27.95009,2026-04-21 18:49:00+00:00,2026-04-21,AQUA_M-T,LAGES,SANTA CATARINA,Brasil,,,,Mata Atlântica,33,42,4209300,8,,221_079,8.1,POINT(-50.22406 -27.95009)
1814986441,d41d06c5-11ec-3526-8f9b-7b418041dae0,-49.03222,-28.13461,2026-04-21 18:49:00+00:00,2026-04-21,AQUA_M-T,SÃO MARTINHO,SANTA CATARINA,Brasil,,,,Mata Atlântica,33,42,4217105,8,,220_079,9.8,POINT(-49.03222 -28.13461)
1814986458,e988df78-1c76-33f8-849a-f4b4d150fd62,-48.88989,-25.06398,2026-04-21 18:49:00+00:00,2026-04-21,AQUA_M-T,BOCAIÚVA DO SUL,PARANÁ,Brasil,,,,Mata Atlântica,33,41,4103107,8,,220_077,7.5,POINT(-48.88989 -25.06398)
1814986511,b209a265-7ffb-3375-ae32-d99b932dc796,-49.32859,-24.99847,2026-04-21 18:49:00+00:00,2026-04-21,AQUA_M-T,CERRO AZUL,PARANÁ,Brasil,,,,Mata Atlântica,33,41,4105201,8,,221_077,14.7,POINT(-49.32859 -24.99847)
1814986518,d31e048f-410d-3b3f-8701-640a8a88c060,-49.41094,-25.21247,2026-04-21 18:49:00+00:00,2026-04-21,AQUA_M-T,ITAPERUÇU,PARANÁ,Brasil,,,,Mata Atlântica,33,41,4111258,8,,221_077,19.2,POINT(-49.41094 -25.21247)
1814989661,e2741095-6eed-3a34-bb2a-d070edd10892,-51.18481,-26.02002,2026-04-21 18:49:00+00:00,2026-04-21,AQUA_M-T,CRUZ MACHADO,PARANÁ,Brasil,,,,Mata Atlântica,33,41,4106803,8,,222_078,7.0,POINT(-51.18481 -26.02002)
1814986590,91b34edb-eead-3ca2-b081-013389db8670,-47.46249,-22.14346,2026-04-21 18:49:00+00:00,2026-04-21,AQUA_M-T,SANTA CRUZ DA CONCEIÇÃO,SÃO PAULO,Brasil,,,,Cerrado,33,35,3546207,8,,220_075,22.5,POINT(-47.46249 -22.14346)
1814989656,a4a3e1f2-9e35-3ac5-9918-41e7b54eb5f3,-49.04256,-28.13603,2026-04-21 18:49:00+00:00,2026-04-21,AQUA_M-T,SÃO MARTINHO,SANTA CATARINA,Brasil,,,,Mata Atlântica,33,42,4217105,8,,220_079,11.0,POINT(-49.04256 -28.13603)
1814986694,c1ee3aea-9d17-3fdf-88ef-824aae82f79f,-49.29793,-23.91521,2026-04-21 18:49:00+00:00,2026-04-21,AQUA_M-T,ITARARÉ,SÃO PAULO,Brasil,,,,Cerrado,33,35,3523206,8,,221_077,5.3,POINT(-49.29793 -23.91521)
1814986729,9a3eef0a-3470-3324-a3aa-7a6691c02bb5,-49.93655,-24.51175,2026-04-21 18:49:00+00:00,2026-04-21,AQUA_M-T,PIRAÍ DO SUL,PARANÁ,Brasil,,,,Mata Atlântica,33,41,4119400,8,,221_077,4.7,POINT(-49.93655 -24.51175)
1814989157,ebd071fe-d032-30e0-85c4-5965826399bb,-50.72748,-25.3714,2026-04-21 18:49:00+00:00,2026-04-21,AQUA_M-T,IRATI,PARANÁ,Brasil,,,,Mata Atlântica,33,41,4110706,8,,221_078,43.1,POINT(-50.72748 -25.3714)
1814986761,afae0713-494a-3d69-9b36-80f4c1663ce8,-49.24551,-25.72384,2026-04-21 18:49:00+00:00,2026-04-21,AQUA_M-T,SÃO JOSÉ DOS PINHAIS,PARANÁ,Brasil,,,,Mata Atlântica,33,41,4125506,8,,220_078,4.9,POINT(-49.24551 -25.72384)
1814986785,244730d8-5294-3f44-86ee-e422b91d6f18,-50.51091,-27.97294,2026-04-21 18:49:00+00:00,2026-04-21,AQUA_M-T,CAPÃO ALTO,SANTA CATARINA,Brasil,,,,Mata Atlântica,33,42,4203253,8,,221_079,37.2,POINT(-50.51091 -27.97294)
1814986815,f0dab013-6e9e-381c-82e6-f555c72432fe,-49.16451,-27.35178,2026-04-21 18:49:00+00:00,2026-04-21,AQUA_M-T,NOVA TRENTO,SANTA CATARINA,Brasil,,,,Mata Atlântica,33,42,4211504,8,,220_079,20.6,POINT(-49.16451 -27.35178)
1814986830,9c440eb3-0dfd-36e1-95d5-8fdcb6455686,-51.19282,-25.06395,2026-04-21 18:49:00+00:00,2026-04-21,AQUA_M-T,PRUDENTÓPOLIS,PARANÁ,Brasil,,,,Mata Atlântica,33,41,4120606,8,,222_077,22.7,POINT(-51.19282 -25.06395)
1814989494,2612f102-994f-3294-958f-516e414c85fb,-48.88019,-25.06259,2026-04-21 18:49:00+00:00,2026-04-21,AQUA_M-T,BOCAIÚVA DO SUL,PARANÁ,Brasil,,,,Mata Atlântica,33,41,4103107,8,,220_077,5.5,POINT(-48.88019 -25.06259)
1814989466,97b5ffeb-5ba3-38e0-baee-015389498f66,-49.63682,-24.95795,2026-04-21 18:49:00+00:00,2026-04-21,AQUA_M-T,CASTRO,PARANÁ,Brasil,,,,Mata Atlântica,33,41,4104907,8,,221_077,294.0,POINT(-49.63682 -24.95795)
1814986902,743835b4-06ad-3feb-a5c3-0a331b4c6476,-50.41973,-25.64421,2026-04-21 18:49:00+00:00,2026-04-21,AQUA_M-T,SÃO JOÃO DO TRIUNFO,PARANÁ,Brasil,,,,Mata Atlântica,33,41,4125100,8,,221_078,9.4,POINT(-50.41973 -25.64421)
1814986938,3c56ad75-15be-3d98-9990-e6d1d9a0b89f,-50.22405,-27.95009,2026-04-21 18:49:00+00:00,2026-04-21,AQUA_M-T,LAGES,SANTA CATARINA,Brasil,,,,Mata Atlântica,33,42,4209300,8,,221_079,8.1,POINT(-50.22405 -27.95009)
1814989445,b9fa2dbf-6c5b-3306-b3e9-d998499a6907,-49.93657,-24.51175,2026-04-21 18:49:00+00:00,2026-04-21,AQUA_M-T,PIRAÍ DO SUL,PARANÁ,Brasil,,,,Mata Atlântica,33,41,4119400,8,,221_077,4.7,POINT(-49.93657 -24.51175)
1814987097,364919af-b595-3212-9ceb-4ece68fd024c,-50.71241,-27.14271,2026-04-21 18:49:00+00:00,2026-04-21,AQUA_M-T,FREI ROGÉRIO,SANTA CATARINA,Brasil,,,,Mata Atlântica,33,42,4205555,8,,221_079,35.1,POINT(-50.71241 -27.14271)
1814987109,67748cd7-458d-3873-add2-c8a21bf49872,-50.73855,-25.37283,2026-04-21 18:49:00+00:00,2026-04-21,AQUA_M-T,IRATI,PARANÁ,Brasil,,,,Mata Atlântica,33,41,4110706,8,,221_078,80.6,POINT(-50.73855 -25.37283)
1814987118,428e84d5-066f-3f4e-b666-340740bd13a2,-49.24552,-25.72384,2026-04-21 18:49:00+00:00,2026-04-21,AQUA_M-T,SÃO JOSÉ DOS PINHAIS,PARANÁ,Brasil,,,,Mata Atlântica,33,41,4125506,8,,220_078,4.9,POINT(-49.24552 -25.72384)
1814989436,faacd751-d165-3eaa-9e0c-06de936426d3,-50.85991,-27.20085,2026-04-21 18:49:00+00:00,2026-04-21,AQUA_M-T,MONTE CARLO,SANTA CATARINA,Brasil,,,,Mata Atlântica,33,42,4211058,8,,221_079,13.0,POINT(-50.85991 -27.20085)
1814987150,91530240-ffab-3188-a20d-ce741f9501c0,-50.86473,-27.20505,2026-04-21 18:49:00+00:00,2026-04-21,AQUA_M-T,MONTE CARLO,SANTA CATARINA,Brasil,,,,Mata Atlântica,33,42,4211058,8,,221_079,9.3,POINT(-50.86473 -27.20505)
1814987152,197b39d1-800b-307c-bef9-4e533cc196b0,-50.7275,-25.3714,2026-04-21 18:49:00+00:00,2026-04-21,AQUA_M-T,IRATI,PARANÁ,Brasil,,,,Mata Atlântica,33,41,4110706,8,,221_078,43.1,POINT(-50.7275 -25.3714)
1814987179,de43c891-6b96-327f-9afc-ad5a1d1d737f,-51.43998,-24.92153,2026-04-21 18:49:00+00:00,2026-04-21,AQUA_M-T,TURVO,PARANÁ,Brasil,,,,Mata Atlântica,33,41,4127965,8,,222_077,7.3,POINT(-51.43998 -24.92153)
1814989143,949a8f44-5a9b-3992-acd5-29bda3e61e3d,-49.45684,-26.6738,2026-04-21 18:49:00+00:00,2026-04-21,AQUA_M-T,BENEDITO NOVO,SANTA CATARINA,Brasil,,,,Mata Atlântica,33,42,4202206,8,,220_079,8.5,POINT(-49.45684 -26.6738)
1814987295,4fa27d8d-ee78-38cf-9d66-5616be39cab5,-49.16452,-27.35178,2026-04-21 18:49:00+00:00,2026-04-21,AQUA_M-T,NOVA TRENTO,SANTA CATARINA,Brasil,,,,Mata Atlântica,33,42,4211504,8,,220_079,20.6,POINT(-49.16452 -27.35178)
1814987419,1032e600-daec-36ee-a546-2b0bc90e619a,-47.3913,-22.79773,2026-04-21 18:49:00+00:00,2026-04-21,AQUA_M-T,SANTA BÁRBARA D'OESTE,SÃO PAULO,Brasil,,,,Mata Atlântica,33,35,3545803,8,,220_076,6.6,POINT(-47.3913 -22.79773)
1814987430,a2231c38-8a05-3b78-99b8-5114f446e683,-49.62535,-24.96552,2026-04-21 18:49:00+00:00,2026-04-21,AQUA_M-T,CASTRO,PARANÁ,Brasil,,,,Mata Atlântica,33,41,4104907,8,,221_077,50.8,POINT(-49.62535 -24.96552)
1814987431,72c716e5-9766-3824-8ee5-a0fad49106fd,-49.32857,-24.99847,2026-04-21 18:49:00+00:00,2026-04-21,AQUA_M-T,CERRO AZUL,PARANÁ,Brasil,,,,Mata Atlântica,33,41,4105201,8,,221_077,14.7,POINT(-49.32857 -24.99847)
1814987493,643010e5-28f8-3114-b31f-3d8df19a4443,-50.87141,-25.82511,2026-04-21 18:49:00+00:00,2026-04-21,AQUA_M-T,MALLET,PARANÁ,Brasil,,,,Mata Atlântica,33,41,4113908,8,,221_078,7.4,POINT(-50.87141 -25.82511)
1814987502,6f7e12ac-28f7-394a-a0f4-4ea1a526723a,-45.48165,-21.5806,2026-04-21 18:49:00+00:00,2026-04-21,AQUA_M-T,VARGINHA,MINAS GERAIS,Brasil,,,,Mata Atlântica,33,31,3170701,8,,219_075,13.0,POINT(-45.48165 -21.5806)
1814985981,616a11fb-3afd-3ea3-99a9-d02067799a51,-47.77525,-15.76563,2026-04-21 18:51:00+00:00,2026-04-21,AQUA_M-T,BRASÍLIA,DISTRITO FEDERAL,Brasil,,,,Cerrado,33,53,5300108,8,,221_071,9.1,POINT(-47.77525 -15.76563)
1814985862,abd27a0c-0e33-3ca7-8900-e09962606c79,-52.66964,-17.82248,2026-04-21 18:51:00+00:00,2026-04-21,AQUA_M-T,MINEIROS,GOIÁS,Brasil,,,,Cerrado,33,52,5213103,8,,224_072,5.9,POINT(-52.66964 -17.82248)
1814985988,a544dea1-f68f-37a8-96eb-59e1519a6ec1,-49.87323,-12.45649,2026-04-21 18:51:00+00:00,2026-04-21,AQUA_M-T,SANDOLÂNDIA,TOCANTINS,Brasil,,,,Cerrado,33,17,1718840,8,,223_069,7.8,POINT(-49.87323 -12.45649)
1814985989,9d2ffda4-2461-3b1c-9c63-e1575c562444,-56.66269,-13.99832,2026-04-21 18:51:00+00:00,2026-04-21,AQUA_M-T,DIAMANTINO,MATO GROSSO,Brasil,,,,Cerrado,33,51,5103502,8,,227_070,20.6,POINT(-56.66269 -13.99832)
1814986091,502a6afa-bb0a-38c9-afb3-8933bfeba028,-47.77372,-12.00547,2026-04-21 18:51:00+00:00,2026-04-21,AQUA_M-T,NATIVIDADE,TOCANTINS,Brasil,,,,Cerrado,33,17,1714203,8,,221_068,104.2,POINT(-47.77372 -12.00547)
1814986104,cfdb37a6-1ad1-3689-9d69-dcd0dc8803d1,-45.2401,-12.02595,2026-04-21 18:51:00+00:00,2026-04-21,AQUA_M-T,BARREIRAS,BAHIA,Brasil,,,,Cerrado,33,29,2903201,8,,220_068,55.2,POINT(-45.2401 -12.02595)
1814986118,91655dca-a6dd-3cc1-acd8-43fb3d6372d1,-45.23656,-12.01486,2026-04-21 18:51:00+00:00,2026-04-21,AQUA_M-T,BARREIRAS,BAHIA,Brasil,,,,Cerrado,33,29,2903201,8,,220_068,50.0,POINT(-45.23656 -12.01486)
1814986146,d9c7ccb5-5616-33b4-9eb9-2025981a905a,-53.64002,-13.24167,2026-04-21 18:51:00+00:00,2026-04-21,AQUA_M-T,GAÚCHA DO NORTE,MATO GROSSO,Brasil,,,,Amazônia,33,51,5103858,8,,225_069,128.5,POINT(-53.64002 -13.24167)
1814986183,7444b2df-44b4-3af0-8ce6-e620426eb60a,-45.24009,-12.02595,2026-04-21 18:51:00+00:00,2026-04-21,AQUA_M-T,BARREIRAS,BAHIA,Brasil,,,,Cerrado,33,29,2903201,8,,220_068,55.2,POINT(-45.24009 -12.02595)
1814986523,336829fa-1939-32d8-8950-45c09078b37c,-48.26651,-12.53675,2026-04-21 18:51:00+00:00,2026-04-21,AQUA_M-T,SÃO SALVADOR DO TOCANTINS,TOCANTINS,Brasil,,,,Cerrado,33,17,1720259,8,,222_069,7.9,POINT(-48.26651 -12.53675)
1814986611,f143f14c-6937-33ad-9d77-1e5698db9094,-53.63859,-13.25113,2026-04-21 18:51:00+00:00,2026-04-21,AQUA_M-T,GAÚCHA DO NORTE,MATO GROSSO,Brasil,,,,Amazônia,33,51,5103858,8,,225_069,16.3,POINT(-53.63859 -13.25113)
1814986835,538b8704-bc7f-33fc-ad10-45200fa5efe4,-45.23655,-12.01486,2026-04-21 18:51:00+00:00,2026-04-21,AQUA_M-T,BARREIRAS,BAHIA,Brasil,,,,Cerrado,33,29,2903201,8,,220_068,50.0,POINT(-45.23655 -12.01486)
1814986873,dc6bf69a-844f-39a2-8729-bfa875319a1a,-54.92784,-16.43682,2026-04-21 18:51:00+00:00,2026-04-21,AQUA_M-T,RONDONÓPOLIS,MATO GROSSO,Brasil,,,,Cerrado,33,51,5107602,8,,225_071,23.0,POINT(-54.92784 -16.43682)
1814986999,29577a57-a768-3007-aac1-e5ed261e08a0,-45.34919,-12.05676,2026-04-21 18:51:00+00:00,2026-04-21,AQUA_M-T,BARREIRAS,BAHIA,Brasil,,,,Cerrado,33,29,2903201,8,,220_068,50.2,POINT(-45.34919 -12.05676)
1814987122,5d01723f-c7a6-3080-87ec-c739f2dd744f,-45.22126,-12.02281,2026-04-21 18:51:00+00:00,2026-04-21,AQUA_M-T,BARREIRAS,BAHIA,Brasil,,,,Cerrado,33,29,2903201,8,,220_068,50.3,POINT(-45.22126 -12.02281)
1814987301,6733ce5f-60d3-35d2-827a-063a3565a87e,-49.65394,-17.43128,2026-04-21 18:51:00+00:00,2026-04-21,AQUA_M-T,EDEALINA,GOIÁS,Brasil,,,,Cerrado,33,52,5207352,8,,222_072,4.9,POINT(-49.65394 -17.43128)
1814987314,c03b6d99-f4d4-3bc6-ab27-ddd306602101,-53.62942,-13.24023,2026-04-21 18:51:00+00:00,2026-04-21,AQUA_M-T,GAÚCHA DO NORTE,MATO GROSSO,Brasil,,,,Amazônia,33,51,5103858,8,,225_069,73.6,POINT(-53.62942 -13.24023)
1814987320,52ba9a8d-ef31-3940-aa8c-736fc281a2c4,-54.47933,-16.15151,2026-04-21 18:51:00+00:00,2026-04-21,AQUA_M-T,RONDONÓPOLIS,MATO GROSSO,Brasil,,,,Cerrado,33,51,5107602,8,,225_071,21.6,POINT(-54.47933 -16.15151)
1814987362,b25bdc9e-23f8-399f-bd4f-d4f6db7dfab5,-53.35743,-19.3925,2026-04-21 18:51:00+00:00,2026-04-21,AQUA_M-T,PARAÍSO DAS ÁGUAS,MATO GROSSO DO SUL,Brasil,,,,Cerrado,33,50,5006275,8,,224_073,30.5,POINT(-53.35743 -19.3925)
1814987369,05d12043-06bb-38fc-924a-14419e56b99a,-52.66965,-17.82248,2026-04-21 18:51:00+00:00,2026-04-21,AQUA_M-T,MINEIROS,GOIÁS,Brasil,,,,Cerrado,33,52,5213103,8,,224_072,5.9,POINT(-52.66965 -17.82248)
1814987498,ab5a7384-b7b6-3d4e-919f-dc3598d98fdb,-47.7754,-11.99529,2026-04-21 18:51:00+00:00,2026-04-21,AQUA_M-T,NATIVIDADE,TOCANTINS,Brasil,,,,Cerrado,33,17,1714203,8,,221_068,15.2,POINT(-47.7754 -11.99529)
1814987564,ae060638-38ef-31b7-95f7-cfffacefcedf,-54.54815,-18.41964,2026-04-21 18:51:00+00:00,2026-04-21,AQUA_M-T,COXIM,MATO GROSSO DO SUL,Brasil,,,,Cerrado,33,50,5003306,8,,225_073,22.6,POINT(-54.54815 -18.41964)
1814987841,f4f8c13d-4075-399b-8ecb-f5c7dcae723f,-47.77539,-11.9953,2026-04-21 18:51:00+00:00,2026-04-21,AQUA_M-T,NATIVIDADE,TOCANTINS,Brasil,,,,Cerrado,33,17,1714203,8,,221_068,15.2,POINT(-47.77539 -11.9953)
1814987911,75343441-358b-3329-9d8e-4ca7486fc5a2,-54.54814,-18.41964,2026-04-21 18:51:00+00:00,2026-04-21,AQUA_M-T,COXIM,MATO GROSSO DO SUL,Brasil,,,,Cerrado,33,50,5003306,8,,225_073,22.6,POINT(-54.54814 -18.41964)
1814988024,52ac3c37-59c5-35af-b9f2-d112d7b013c4,-45.23435,-12.02722,2026-04-21 18:51:00+00:00,2026-04-21,AQUA_M-T,BARREIRAS,BAHIA,Brasil,,,,Cerrado,33,29,2903201,8,,220_068,86.5,POINT(-45.23435 -12.02722)
1814988047,92921621-8c39-3258-8fad-7947cbd07089,-45.34329,-12.05885,2026-04-21 18:51:00+00:00,2026-04-21,AQUA_M-T,BARREIRAS,BAHIA,Brasil,,,,Cerrado,33,29,2903201,8,,220_068,52.9,POINT(-45.34329 -12.05885)
1814988081,e1eb01f7-4528-3827-8924-2d0241cdc521,-54.47934,-16.15151,2026-04-21 18:51:00+00:00,2026-04-21,AQUA_M-T,RONDONÓPOLIS,MATO GROSSO,Brasil,,,,Cerrado,33,51,5107602,8,,225_071,21.6,POINT(-54.47934 -16.15151)
1814988116,2fbbe87e-1343-353a-bf13-a98a7dec7d85,-56.66267,-13.99832,2026-04-21 18:51:00+00:00,2026-04-21,AQUA_M-T,DIAMANTINO,MATO GROSSO,Brasil,,,,Cerrado,33,51,5103502,8,,227_070,20.6,POINT(-56.66267 -13.99832)
1814988168,01a83adc-4623-34f4-ae21-11835e48aac8,-46.53989,-15.85435,2026-04-21 18:51:00+00:00,2026-04-21,AQUA_M-T,UNAÍ,MINAS GERAIS,Brasil,,,,Cerrado,33,31,3170404,8,,220_071,10.9,POINT(-46.53989 -15.85435)
1814988491,16750779-cd5f-38a7-86ba-e20d7e618404,-47.77524,-15.76563,2026-04-21 18:51:00+00:00,2026-04-21,AQUA_M-T,BRASÍLIA,DISTRITO FEDERAL,Brasil,,,,Cerrado,33,53,5300108,8,,221_071,9.1,POINT(-47.77524 -15.76563)
1814988608,d9929672-ad0c-3b83-bb60-63c411c7d756,-49.87321,-12.4565,2026-04-21 18:51:00+00:00,2026-04-21,AQUA_M-T,SANDOLÂNDIA,TOCANTINS,Brasil,,,,Cerrado,33,17,1718840,8,,223_069,7.8,POINT(-49.87321 -12.4565)
1814988733,78161c5f-c1cc-3a8a-bab4-948dedfcb5d6,-45.22127,-12.0228,2026-04-21 18:51:00+00:00,2026-04-21,AQUA_M-T,BARREIRAS,BAHIA,Brasil,,,,Cerrado,33,29,2903201,8,,220_068,50.3,POINT(-45.22127 -12.0228)
1814988760,72cd848f-bc14-3f24-a34e-44839302e576,-48.26649,-12.53675,2026-04-21 18:51:00+00:00,2026-04-21,AQUA_M-T,SÃO SALVADOR DO TOCANTINS,TOCANTINS,Brasil,,,,Cerrado,33,17,1720259,8,,222_069,7.9,POINT(-48.26649 -12.53675)
1814988778,ce09edc7-125c-3d1a-b977-9ddd6257b671,-47.7737,-12.00547,2026-04-21 18:51:00+00:00,2026-04-21,AQUA_M-T,NATIVIDADE,TOCANTINS,Brasil,,,,Cerrado,33,17,1714203,8,,221_068,104.2,POINT(-47.7737 -12.00547)
1814988878,0e0111c9-fe72-35b2-a6d5-913852522a17,-45.23437,-12.02721,2026-04-21 18:51:00+00:00,2026-04-21,AQUA_M-T,BARREIRAS,BAHIA,Brasil,,,,Cerrado,33,29,2903201,8,,220_068,86.5,POINT(-45.23437 -12.02721)
1814989123,49629f84-ef59-3e05-9905-00a037b23076,-45.3433,-12.05885,2026-04-21 18:51:00+00:00,2026-04-21,AQUA_M-T,BARREIRAS,BAHIA,Brasil,,,,Cerrado,33,29,2903201,8,,220_068,52.9,POINT(-45.3433 -12.05885)
1814989145,66c6e20d-5a63-31ef-a7a4-bb1635c545b4,-46.53991,-15.85435,2026-04-21 18:51:00+00:00,2026-04-21,AQUA_M-T,UNAÍ,MINAS GERAIS,Brasil,,,,Cerrado,33,31,3170404,8,,220_071,10.9,POINT(-46.53991 -15.85435)
1814989150,d5c11f66-61b1-3c7a-aa23-8a649b93284e,-49.65395,-17.43128,2026-04-21 18:51:00+00:00,2026-04-21,AQUA_M-T,EDEALINA,GOIÁS,Brasil,,,,Cerrado,33,52,5207352,8,,222_072,4.9,POINT(-49.65395 -17.43128)
1814989378,cbacfd18-81ed-30fe-b91d-09943e910802,-51.86819,-16.75613,2026-04-21 18:51:00+00:00,2026-04-21,AQUA_M-T,CAIAPÔNIA,GOIÁS,Brasil,,,,Cerrado,33,52,5204409,8,,223_072,9.6,POINT(-51.86819 -16.75613)
1814989412,e1b1ec8d-8414-36d7-a797-d8e3af3e44ec,-45.34918,-12.05676,2026-04-21 18:51:00+00:00,2026-04-21,AQUA_M-T,BARREIRAS,BAHIA,Brasil,,,,Cerrado,33,29,2903201,8,,220_068,50.2,POINT(-45.34918 -12.05676)
1814989460,adc2210f-6ffd-341b-af37-8c2cfa51ddf5,-53.63861,-13.25113,2026-04-21 18:51:00+00:00,2026-04-21,AQUA_M-T,GAÚCHA DO NORTE,MATO GROSSO,Brasil,,,,Amazônia,33,51,5103858,8,,225_069,16.3,POINT(-53.63861 -13.25113)
1814989467,187cc540-ff0e-3caf-a697-f6a196d88ddf,-53.62943,-13.24023,2026-04-21 18:51:00+00:00,2026-04-21,AQUA_M-T,GAÚCHA DO NORTE,MATO GROSSO,Brasil,,,,Amazônia,33,51,5103858,8,,225_069,73.6,POINT(-53.62943 -13.24023)
1814989510,acc1c24c-9020-39dc-9762-86a2688f71f6,-53.64001,-13.24167,2026-04-21 18:51:00+00:00,2026-04-21,AQUA_M-T,GAÚCHA DO NORTE,MATO GROSSO,Brasil,,,,Amazônia,33,51,5103858,8,,225_069,128.5,POINT(-53.64001 -13.24167)
1814989566,b1ec08a8-961f-38c5-b11d-1b89375fe6cc,-51.87109,-16.76507,2026-04-21 18:51:00+00:00,2026-04-21,AQUA_M-T,CAIAPÔNIA,GOIÁS,Brasil,,,,Cerrado,33,52,5204409,8,,223_072,6.5,POINT(-51.87109 -16.76507)
1814989727,3fe71a4b-7b26-365b-8eb3-d93dd6648245,-53.35745,-19.3925,2026-04-21 18:51:00+00:00,2026-04-21,AQUA_M-T,PARAÍSO DAS ÁGUAS,MATO GROSSO DO SUL,Brasil,,,,Cerrado,33,50,5006275,8,,224_073,30.5,POINT(-53.35745 -19.3925)
1814989737,caf4bc39-cbf7-39cf-812e-abfe2dd7e914,-51.87107,-16.76507,2026-04-21 18:51:00+00:00,2026-04-21,AQUA_M-T,CAIAPÔNIA,GOIÁS,Brasil,,,,Cerrado,33,52,5204409,8,,223_072,6.5,POINT(-51.87107 -16.76507)
1814989760,c2aec486-72c5-38d2-ace1-39a52712ee4a,-51.86821,-16.75612,2026-04-21 18:51:00+00:00,2026-04-21,AQUA_M-T,CAIAPÔNIA,GOIÁS,Brasil,,,,Cerrado,33,52,5204409,8,,223_072,9.6,POINT(-51.86821 -16.75612)
1814989797,24117df6-2d0e-3203-a867-bf2ceae9de10,-54.92783,-16.43682,2026-04-21 18:51:00+00:00,2026-04-21,AQUA_M-T,RONDONÓPOLIS,MATO GROSSO,Brasil,,,,Cerrado,33,51,5107602,8,,225_071,23.0,POINT(-54.92783 -16.43682)
1814989465,67314019-2538-35c8-9266-f221fa2c45d3,-57.18452,-12.30679,2026-04-21 18:53:00+00:00,2026-04-21,AQUA_M-T,NOVA MARINGÁ,MATO GROSSO,Brasil,,,,Amazônia,33,51,5108907,8,,227_069,65.9,POINT(-57.18452 -12.30679)
1814986754,80c238c1-adb4-3df4-85f2-e8fea45e5e95,-55.49985,-11.35774,2026-04-21 18:53:00+00:00,2026-04-21,AQUA_M-T,ITAÚBA,MATO GROSSO,Brasil,,,,Amazônia,33,51,5104559,8,,227_068,6.5,POINT(-55.49985 -11.35774)
1814987839,6219aedd-b033-3cc3-9513-ca9031daefc0,-55.49984,-11.35774,2026-04-21 18:53:00+00:00,2026-04-21,AQUA_M-T,ITAÚBA,MATO GROSSO,Brasil,,,,Amazônia,33,51,5104559,8,,227_068,6.5,POINT(-55.49984 -11.35774)
1814986469,6ef45463-0b46-3f51-8b65-f5ad111226bf,-57.18453,-12.30679,2026-04-21 18:53:00+00:00,2026-04-21,AQUA_M-T,NOVA MARINGÁ,MATO GROSSO,Brasil,,,,Amazônia,33,51,5108907,8,,227_069,65.9,POINT(-57.18453 -12.30679)
1814988612,212fe0e9-d201-3be5-ad48-adfb6a1f43c6,-59.85248,3.84958,2026-04-21 18:58:00+00:00,2026-04-21,AQUA_M-T,NORMANDIA,RORAIMA,Brasil,,,,Amazônia,33,14,1400407,8,,231_057,22.4,POINT(-59.85248 3.84958)
1814988583,5959bda6-209f-323a-b960-2ca13af809f1,-60.19825,2.25183,2026-04-21 18:58:00+00:00,2026-04-21,AQUA_M-T,BONFIM,RORAIMA,Brasil,,,,Amazônia,33,14,1400159,8,,231_059,12.9,POINT(-60.19825 2.25183)
1814989549,2a739721-d782-3560-9ba8-f06e5ab12839,-59.85249,3.84958,2026-04-21 18:58:00+00:00,2026-04-21,AQUA_M-T,NORMANDIA,RORAIMA,Brasil,,,,Amazônia,33,14,1400407,8,,231_057,22.4,POINT(-59.85249 3.84958)
1814987282,286a3477-80e7-361c-9b6d-9164bd625057,-60.19826,2.25183,2026-04-21 18:58:00+00:00,2026-04-21,AQUA_M-T,BONFIM,RORAIMA,Brasil,,,,Amazônia,33,14,1400159,8,,231_059,12.9,POINT(-60.19826 2.25183)
1814988943,b7792506-9322-36d1-b7c1-f994d4f871fd,-60.18696,2.43786,2026-04-21 18:58:00+00:00,2026-04-21,AQUA_M-T,BONFIM,RORAIMA,Brasil,,,,Amazônia,33,14,1400159,8,,231_058,31.3,POINT(-60.18696 2.43786)
1814988793,8a65b59f-a9a6-3d6a-95cc-62d5c3e1e711,-60.3821,1.92142,2026-04-21 18:58:00+00:00,2026-04-21,AQUA_M-T,CANTÁ,RORAIMA,Brasil,,,,Amazônia,33,14,1400175,8,,232_059,18.0,POINT(-60.3821 1.92142)
1814988950,b742ddbd-d755-3971-a81a-19766ef59c4f,-60.38208,1.92141,2026-04-21 18:58:00+00:00,2026-04-21,AQUA_M-T,CANTÁ,RORAIMA,Brasil,,,,Amazônia,33,14,1400175,8,,232_059,18.0,POINT(-60.38208 1.92141)
1814986596,f3ec992c-72fd-3fa8-83c5-66097301148c,-60.18697,2.43787,2026-04-21 18:58:00+00:00,2026-04-21,AQUA_M-T,BONFIM,RORAIMA,Brasil,,,,Amazônia,33,14,1400159,8,,231_058,31.3,POINT(-60.18697 2.43787)
1814981237,3e0fa5fa-a9fe-3826-a5b5-e42e4947aa60,-45.3243,-13.3761,2026-04-21 19:00:00+00:00,2026-04-21,GOES-19,CORRENTINA,BAHIA,Brasil,,,,Cerrado,33,29,2909307,8,,220_069,161.4,POINT(-45.3243 -13.3761)
1814981219,67fee165-d536-386c-8cc7-5198e0e4d52a,-47.7728,-12.0056,2026-04-21 19:00:00+00:00,2026-04-21,GOES-19,NATIVIDADE,TOCANTINS,Brasil,,,,Cerrado,33,17,1714203,8,,221_068,110.0,POINT(-47.7728 -12.0056)
1814981305,b726c574-93ee-306d-ac51-64046fa6e81e,-45.3243,-13.3761,2026-04-21 19:10:00+00:00,2026-04-21,GOES-19,CORRENTINA,BAHIA,Brasil,,,,Cerrado,33,29,2909307,8,,220_069,161.3,POINT(-45.3243 -13.3761)
1814981475,2392c8b4-5eb8-300b-ad32-b4dda7aca9c2,-45.3443,-13.395,2026-04-21 19:10:00+00:00,2026-04-21,GOES-19,CORRENTINA,BAHIA,Brasil,,,,Cerrado,33,29,2909307,8,,220_069,99.1,POINT(-45.3443 -13.395)
1814984636,5ef5016a-f202-3eac-a081-f38035a15678,-44.4419,-13.6263,2026-04-21 19:20:00+00:00,2026-04-21,GOES-19,JABORANDI,BAHIA,Brasil,,,,Cerrado,33,29,2917359,8,,219_069,83.0,POINT(-44.4419 -13.6263)
1814982606,ec974649-4397-3fff-8691-a516041aad8b,-47.7728,-12.0056,2026-04-21 19:20:00+00:00,2026-04-21,GOES-19,NATIVIDADE,TOCANTINS,Brasil,,,,Cerrado,33,17,1714203,8,,221_068,112.6,POINT(-47.7728 -12.0056)
1814981512,f7c716cb-4f73-3c28-8943-4af1c4827df9,-45.3443,-13.395,2026-04-21 19:30:00+00:00,2026-04-21,GOES-19,CORRENTINA,BAHIA,Brasil,,,,Cerrado,33,29,2909307,8,,220_069,91.8,POINT(-45.3443 -13.395)
1814981614,9f916aad-4903-3e8e-9ad5-89c1e8a926f0,-45.3475,-13.3756,2026-04-21 19:30:00+00:00,2026-04-21,GOES-19,CORRENTINA,BAHIA,Brasil,,,,Cerrado,33,29,2909307,8,,220_069,76.6,POINT(-45.3475 -13.3756)
1814981609,2f3b3391-d15d-3f56-bc08-f91da4ec2433,-45.2132,-12.031,2026-04-21 19:30:00+00:00,2026-04-21,GOES-19,BARREIRAS,BAHIA,Brasil,,,,Cerrado,33,29,2903201,8,,220_068,110.1,POINT(-45.2132 -12.031)
1814981615,9842ee68-f264-37ff-b034-e30e8290ba1d,-45.3243,-13.3761,2026-04-21 19:30:00+00:00,2026-04-21,GOES-19,CORRENTINA,BAHIA,Brasil,,,,Cerrado,33,29,2909307,8,,220_069,133.7,POINT(-45.3243 -13.3761)
1814981697,8516b89b-1fb4-3830-958a-621088dd7c37,-47.7728,-12.0056,2026-04-21 19:40:00+00:00,2026-04-21,GOES-19,NATIVIDADE,TOCANTINS,Brasil,,,,Cerrado,33,17,1714203,8,,221_068,115.3,POINT(-47.7728 -12.0056)
1814981671,1603c6f4-6bff-3d4b-ae0e-2b38d06f2092,-45.3243,-13.3761,2026-04-21 19:40:00+00:00,2026-04-21,GOES-19,CORRENTINA,BAHIA,Brasil,,,,Cerrado,33,29,2909307,8,,220_069,151.4,POINT(-45.3243 -13.3761)
1814981778,57209a39-4a40-3976-8094-851740e42ea1,-45.2132,-12.031,2026-04-21 19:40:00+00:00,2026-04-21,GOES-19,BARREIRAS,BAHIA,Brasil,,,,Cerrado,33,29,2903201,8,,220_068,110.2,POINT(-45.2132 -12.031)
1814982505,72cb0063-ef4e-3134-baf4-cdd9109841d5,-45.2132,-12.031,2026-04-21 19:50:00+00:00,2026-04-21,GOES-19,BARREIRAS,BAHIA,Brasil,,,,Cerrado,33,29,2903201,8,,220_068,108.2,POINT(-45.2132 -12.031)
1814985313,5b7481ff-8df0-3af3-bef9-e8e093d0607e,-43.643,-11.772,2026-04-21 20:00:00+00:00,2026-04-21,GOES-19,BARRA,BAHIA,Brasil,,,,Cerrado,33,29,2902708,8,,219_068,108.3,POINT(-43.643 -11.772)
1814985440,8b231bcd-45a4-3cb5-970b-c590e9e17c0f,-45.321,-13.3955,2026-04-21 20:10:00+00:00,2026-04-21,GOES-19,CORRENTINA,BAHIA,Brasil,,,,Cerrado,33,29,2909307,8,,220_069,104.6,POINT(-45.321 -13.3955)
1814985370,3e785db2-1224-39a1-9fd5-fb37f109bfab,-43.643,-11.772,2026-04-21 20:10:00+00:00,2026-04-21,GOES-19,BARRA,BAHIA,Brasil,,,,Cerrado,33,29,2902708,8,,219_068,109.3,POINT(-43.643 -11.772)
1814985394,54a3007a-55e0-3163-b167-97aef608876c,-45.3243,-13.3761,2026-04-21 20:10:00+00:00,2026-04-21,GOES-19,CORRENTINA,BAHIA,Brasil,,,,Cerrado,33,29,2909307,8,,220_069,91.2,POINT(-45.3243 -13.3761)
1814985479,f94d007a-7225-33ca-a2f3-2c2bba580aed,-45.321,-13.3955,2026-04-21 20:20:00+00:00,2026-04-21,GOES-19,CORRENTINA,BAHIA,Brasil,,,,Cerrado,33,29,2909307,8,,220_069,101.7,POINT(-45.321 -13.3955)
1814985491,988643d9-31c2-36f5-9e3b-a7fa02d59bea,-43.643,-11.772,2026-04-21 20:20:00+00:00,2026-04-21,GOES-19,BARRA,BAHIA,Brasil,,,,Cerrado,33,29,2902708,8,,219_068,120.2,POINT(-43.643 -11.772)
1814985498,3e54fb43-d61d-3bc5-8425-812c0542e2d9,-45.3243,-13.3761,2026-04-21 20:20:00+00:00,2026-04-21,GOES-19,CORRENTINA,BAHIA,Brasil,,,,Cerrado,33,29,2909307,8,,220_069,87.8,POINT(-45.3243 -13.3761)
1814985573,9411e33d-4587-3150-aa73-7dddb54445bd,-43.643,-11.772,2026-04-21 20:30:00+00:00,2026-04-21,GOES-19,BARRA,BAHIA,Brasil,,,,Cerrado,33,29,2902708,8,,219_068,124.0,POINT(-43.643 -11.772)
1814985658,28f1cfef-45bd-3226-a93c-0e61f89662de,-43.643,-11.772,2026-04-21 20:40:00+00:00,2026-04-21,GOES-19,BARRA,BAHIA,Brasil,,,,Cerrado,33,29,2902708,8,,219_068,113.8,POINT(-43.643 -11.772)
1814995076,312dd077-c426-31b8-9ef6-0fbb65cf18bf,-43.6667,-11.7716,2026-04-21 21:30:00+00:00,2026-04-21,GOES-19,BARRA,BAHIA,Brasil,,,,Cerrado,33,29,2902708,8,,219_068,73.5,POINT(-43.6667 -11.7716)
1814995081,b6bf91f6-4f0b-315a-a8d7-972deafb3c04,-43.1431,-12.6476,2026-04-21 21:30:00+00:00,2026-04-21,GOES-19,PARATINGA,BAHIA,Brasil,,,,Caatinga,33,29,2923704,8,,218_069,61.1,POINT(-43.1431 -12.6476)
1814995123,fb2432f4-62a6-341e-8f94-622f7235443a,-43.643,-11.772,2026-04-21 21:30:00+00:00,2026-04-21,GOES-19,BARRA,BAHIA,Brasil,,,,Cerrado,33,29,2902708,8,,219_068,94.7,POINT(-43.643 -11.772)
1814995125,e640ccf0-5a29-34ab-92dc-caf4fb5f7b27,-49.286,-25.281,2026-04-21 21:40:00+00:00,2026-04-21,GOES-19,ALMIRANTE TAMANDARÉ,PARANÁ,Brasil,,,,Mata Atlântica,33,41,4100400,8,,220_078,73.6,POINT(-49.286 -25.281)
1814995153,75c067ea-5f6e-3b28-bd0c-f908ca779a0c,-43.643,-11.772,2026-04-21 21:40:00+00:00,2026-04-21,GOES-19,BARRA,BAHIA,Brasil,,,,Cerrado,33,29,2902708,8,,219_068,81.2,POINT(-43.643 -11.772)
1814995154,985a6e58-42a5-337e-90a2-b35a007ff487,-49.2551,-19.1489,2026-04-21 21:40:00+00:00,2026-04-21,GOES-19,PRATA,MINAS GERAIS,Brasil,,,,Cerrado,33,31,3152808,8,,221_073,78.3,POINT(-49.2551 -19.1489)
1814995149,dafc55d4-54f1-3737-aa04-62ac1b8cd767,-49.251,-19.169,2026-04-21 21:40:00+00:00,2026-04-21,GOES-19,PRATA,MINAS GERAIS,Brasil,,,,Cerrado,33,31,3152808,8,,221_073,277.3,POINT(-49.251 -19.169)
1814995142,db46deea-472b-3ce0-b0dc-4729a49f0fb1,-43.1431,-12.6476,2026-04-21 21:40:00+00:00,2026-04-21,GOES-19,PARATINGA,BAHIA,Brasil,,,,Caatinga,33,29,2923704,8,,218_069,39.8,POINT(-43.1431 -12.6476)
1814995145,8cab65c8-c5ac-30b9-9b94-99fc50cdbc89,-49.262,-25.2818,2026-04-21 21:40:00+00:00,2026-04-21,GOES-19,ALMIRANTE TAMANDARÉ,PARANÁ,Brasil,,,,Mata Atlântica,33,41,4100400,8,,220_078,88.1,POINT(-49.262 -25.2818)
1814995191,30258795-a151-3215-8b94-3ae2713cf41e,-49.2679,-25.2601,2026-04-21 21:50:00+00:00,2026-04-21,GOES-19,ALMIRANTE TAMANDARÉ,PARANÁ,Brasil,,,,Mata Atlântica,33,41,4100400,8,,220_078,74.4,POINT(-49.2679 -25.2601)
1814995179,1276e758-ade0-39bf-b964-4d58603e29e7,-49.262,-25.2818,2026-04-21 21:50:00+00:00,2026-04-21,GOES-19,ALMIRANTE TAMANDARÉ,PARANÁ,Brasil,,,,Mata Atlântica,33,41,4100400,8,,220_078,71.8,POINT(-49.262 -25.2818)
1814995170,31810f51-8b57-398a-a172-f73fa2772a10,-45.3243,-13.3761,2026-04-21 21:50:00+00:00,2026-04-21,GOES-19,CORRENTINA,BAHIA,Brasil,,,,Cerrado,33,29,2909307,8,,220_069,58.0,POINT(-45.3243 -13.3761)
1814995202,657fe8b8-e54d-3653-901d-778d53406e24,-43.643,-11.772,2026-04-21 21:50:00+00:00,2026-04-21,GOES-19,BARRA,BAHIA,Brasil,,,,Cerrado,33,29,2902708,8,,219_068,89.0,POINT(-43.643 -11.772)
1814995228,d6bc4098-9f58-3027-8876-eb68e3805eae,-49.262,-25.2818,2026-04-21 22:00:00+00:00,2026-04-21,GOES-19,ALMIRANTE TAMANDARÉ,PARANÁ,Brasil,,,,Mata Atlântica,33,41,4100400,8,,220_078,83.9,POINT(-49.262 -25.2818)
1814995213,3159d2fa-c133-398f-b59a-096da7e17f29,-48.611,-20.8678,2026-04-21 22:00:00+00:00,2026-04-21,GOES-19,MONTE AZUL PAULISTA,SÃO PAULO,Brasil,,,,Cerrado,33,35,3531506,8,,221_074,65.6,POINT(-48.611 -20.8678)
1814995222,3cc91a1a-0d7c-305c-a1b0-8c8a237c0f58,-43.643,-11.772,2026-04-21 22:00:00+00:00,2026-04-21,GOES-19,BARRA,BAHIA,Brasil,,,,Cerrado,33,29,2902708,8,,219_068,82.2,POINT(-43.643 -11.772)
1814995226,b3161431-aed2-3ed2-b1df-2c832630c674,-49.286,-25.281,2026-04-21 22:00:00+00:00,2026-04-21,GOES-19,ALMIRANTE TAMANDARÉ,PARANÁ,Brasil,,,,Mata Atlântica,33,41,4100400,8,,220_078,73.1,POINT(-49.286 -25.281)
1814995238,66d26590-5834-35c7-b514-0fe280875ec2,-53.2935,-13.2364,2026-04-21 22:00:00+00:00,2026-04-21,GOES-19,GAÚCHA DO NORTE,MATO GROSSO,Brasil,,,,Amazônia,33,51,5103858,8,,225_069,76.3,POINT(-53.2935 -13.2364)
1814995237,18ef039b-cea5-31b8-a0fd-8534b3ee9afa,-53.2913,-13.2556,2026-04-21 22:00:00+00:00,2026-04-21,GOES-19,GAÚCHA DO NORTE,MATO GROSSO,Brasil,,,,Amazônia,33,51,5103858,8,,225_069,71.5,POINT(-53.2913 -13.2556)
1814995269,16c08dbf-d3fc-359e-940c-bcb7f27b5863,-49.262,-25.2818,2026-04-21 22:10:00+00:00,2026-04-21,GOES-19,ALMIRANTE TAMANDARÉ,PARANÁ,Brasil,,,,Mata Atlântica,33,41,4100400,8,,220_078,86.6,POINT(-49.262 -25.2818)
1814995259,e06f4ba2-1294-3c4d-a354-6af97153701b,-53.2935,-13.2364,2026-04-21 22:10:00+00:00,2026-04-21,GOES-19,GAÚCHA DO NORTE,MATO GROSSO,Brasil,,,,Amazônia,33,51,5103858,8,,225_069,79.7,POINT(-53.2935 -13.2364)
1814995249,db38dac7-caba-3003-ba44-88d8d7a74f81,-49.286,-25.281,2026-04-21 22:10:00+00:00,2026-04-21,GOES-19,ALMIRANTE TAMANDARÉ,PARANÁ,Brasil,,,,Mata Atlântica,33,41,4100400,8,,220_078,83.1,POINT(-49.286 -25.281)
1814995248,9f58b57e-302a-361e-af70-755b86c60833,-43.643,-11.772,2026-04-21 22:10:00+00:00,2026-04-21,GOES-19,BARRA,BAHIA,Brasil,,,,Cerrado,33,29,2902708,8,,219_068,77.0,POINT(-43.643 -11.772)
1815001892,db4563e4-dc38-3bbe-9b49-21f88884885f,-49.2679,-25.2601,2026-04-21 22:20:00+00:00,2026-04-21,GOES-19,ALMIRANTE TAMANDARÉ,PARANÁ,Brasil,,,,Mata Atlântica,33,41,4100400,8,,220_078,90.1,POINT(-49.2679 -25.2601)
1814999551,502559bd-5670-38ef-bd01-edab053abdab,-53.2913,-13.2556,2026-04-21 22:20:00+00:00,2026-04-21,GOES-19,GAÚCHA DO NORTE,MATO GROSSO,Brasil,,,,Amazônia,33,51,5103858,8,,225_069,84.5,POINT(-53.2913 -13.2556)
1815000275,f528b675-8265-35e5-88fd-2b73feab8ef8,-49.262,-25.2818,2026-04-21 22:20:00+00:00,2026-04-21,GOES-19,ALMIRANTE TAMANDARÉ,PARANÁ,Brasil,,,,Mata Atlântica,33,41,4100400,8,,220_078,98.5,POINT(-49.262 -25.2818)
1815000985,4e37ebbe-8fd2-3a08-946c-586ca206130b,-49.286,-25.281,2026-04-21 22:20:00+00:00,2026-04-21,GOES-19,ALMIRANTE TAMANDARÉ,PARANÁ,Brasil,,,,Mata Atlântica,33,41,4100400,8,,220_078,78.8,POINT(-49.286 -25.281)
1815002404,a571c65c-d96a-3657-aa33-b6cff60449cc,-49.2918,-25.2593,2026-04-21 22:20:00+00:00,2026-04-21,GOES-19,ALMIRANTE TAMANDARÉ,PARANÁ,Brasil,,,,Mata Atlântica,33,41,4100400,8,,220_078,73.1,POINT(-49.2918 -25.2593)
1814999902,abbc26ce-d133-395a-926b-027830b175b1,-50.6302,-17.7792,2026-04-21 22:20:00+00:00,2026-04-21,GOES-19,SANTA HELENA DE GOIÁS,GOIÁS,Brasil,,,,Cerrado,33,52,5219308,8,,222_072,76.7,POINT(-50.6302 -17.7792)
1814995455,d39b4ab7-cd50-32de-8af0-2f047dbb90da,-48.6343,-20.8672,2026-04-21 22:20:00+00:00,2026-04-21,GOES-19,MONTE AZUL PAULISTA,SÃO PAULO,Brasil,,,,Mata Atlântica,33,35,3531506,8,,221_074,62.4,POINT(-48.6343 -20.8672)
1815004020,a8ae8396-87e3-34df-8419-397ac2a22e7e,-42.9244,-20.6519,2026-04-21 22:30:00+00:00,2026-04-21,GOES-19,TEIXEIRAS,MINAS GERAIS,Brasil,,,,Mata Atlântica,33,31,3168507,8,,217_074,82.5,POINT(-42.9244 -20.6519)
1815010704,0b939efb-1756-3390-a794-ab50890e4050,-49.262,-25.2818,2026-04-21 22:30:00+00:00,2026-04-21,GOES-19,ALMIRANTE TAMANDARÉ,PARANÁ,Brasil,,,,Mata Atlântica,33,41,4100400,8,,220_078,83.6,POINT(-49.262 -25.2818)
1815010498,18b13398-f699-32bb-9c7f-60c04dc0b6b6,-49.286,-25.281,2026-04-21 22:30:00+00:00,2026-04-21,GOES-19,ALMIRANTE TAMANDARÉ,PARANÁ,Brasil,,,,Mata Atlântica,33,41,4100400,8,,220_078,77.6,POINT(-49.286 -25.281)
1815004704,09dd830a-a196-32f0-b791-b0303c1f13f6,-43.643,-11.772,2026-04-21 22:30:00+00:00,2026-04-21,GOES-19,BARRA,BAHIA,Brasil,,,,Cerrado,33,29,2902708,8,,219_068,61.6,POINT(-43.643 -11.772)
1815004277,276cf5c6-16ed-3456-bd35-e913269ce134,-53.2913,-13.2556,2026-04-21 22:30:00+00:00,2026-04-21,GOES-19,GAÚCHA DO NORTE,MATO GROSSO,Brasil,,,,Amazônia,33,51,5103858,8,,225_069,92.4,POINT(-53.2913 -13.2556)
1815011893,6421cf6c-99b6-3976-a1b9-06d3b0f76e7d,-53.2935,-13.2364,2026-04-21 22:40:00+00:00,2026-04-21,GOES-19,GAÚCHA DO NORTE,MATO GROSSO,Brasil,,,,Amazônia,33,51,5103858,8,,225_069,79.6,POINT(-53.2935 -13.2364)
1815011899,c0b8ca74-bf87-3572-825b-2e0f432dfa86,-49.262,-25.2818,2026-04-21 22:40:00+00:00,2026-04-21,GOES-19,ALMIRANTE TAMANDARÉ,PARANÁ,Brasil,,,,Mata Atlântica,33,41,4100400,8,,220_078,77.0,POINT(-49.262 -25.2818)
1815011944,0cf00bf2-ae1e-3fcd-a1ef-a15a8293d761,-60.9997,2.6159,2026-04-21 22:50:00+00:00,2026-04-21,GOES-19,MUCAJAÍ,RORAIMA,Brasil,,,,Amazônia,33,14,1400308,8,,232_058,57.6,POINT(-60.9997 2.6159)
1815011937,e7336c0e-49b3-3986-9580-cc22a927761b,-43.643,-11.772,2026-04-21 22:50:00+00:00,2026-04-21,GOES-19,BARRA,BAHIA,Brasil,,,,Cerrado,33,29,2902708,8,,219_068,53.5,POINT(-43.643 -11.772)
1815011925,9225cdc8-f4ca-3f7e-987f-cbb54faf6e3a,-53.2935,-13.2364,2026-04-21 22:50:00+00:00,2026-04-21,GOES-19,GAÚCHA DO NORTE,MATO GROSSO,Brasil,,,,Amazônia,33,51,5103858,8,,225_069,71.9,POINT(-53.2935 -13.2364)
1815011945,b29cb033-e8b6-3605-bae4-e0d9150af778,-60.9999,2.5977,2026-04-21 22:50:00+00:00,2026-04-21,GOES-19,MUCAJAÍ,RORAIMA,Brasil,,,,Amazônia,33,14,1400308,8,,232_058,52.4,POINT(-60.9999 2.5977)
1815011884,611a17da-1a28-3a17-9166-408f7828b85b,-53.2913,-13.2556,2026-04-21 23:10:00+00:00,2026-04-21,GOES-19,GAÚCHA DO NORTE,MATO GROSSO,Brasil,,,,Amazônia,33,51,5103858,8,,225_069,73.0,POINT(-53.2913 -13.2556)
1815011941,19b8d982-c6b5-3767-91d0-0b7f6f845d72,-43.643,-11.772,2026-04-21 23:20:00+00:00,2026-04-21,GOES-19,BARRA,BAHIA,Brasil,,,,Cerrado,33,29,2902708,8,,219_068,50.8,POINT(-43.643 -11.772)
