id_foco_bdq,foco_id,longitude,latitude,data_hora_gmt,data_pas,satelite,municipio,estado,pais,precipitacao,numero_dias_sem_chuva,risco_fogo,bioma,id_0,id_1,id_2,continente_id,vegetacao,grade_wrs,frp
1812259265,c072b397-cd34-3bfd-ae5a-348fea2bcf77,-49.335201,-19.6716,2026-04-02 00:27:00+00:00,2026-04-02,METOP-B,ITAPAGIPE,MINAS GERAIS,Brasil,0.8,1.0,0.74,Cerrado,33,31,3133402,8,Pastagens e gramíneas,221_074,
1812259269,dfb3c2c8-a5e5-36a9-9096-ab00b802be0f,-50.432598,-20.2834,2026-04-02 00:27:00+00:00,2026-04-02,METOP-B,ESTRELA D'OESTE,SÃO PAULO,Brasil,1.8,0.0,0.29,Mata Atlântica,33,35,3515202,8,Agricultura e diversos,222_074,
1812259285,ac1db829-b10b-30a2-afc0-24b746586f9b,-56.9464,-22.1887,2026-04-02 00:27:00+00:00,2026-04-02,METOP-B,BELA VISTA,MATO GROSSO DO SUL,Brasil,12.56,4.0,0.07,Cerrado,33,50,5002100,8,Pastagens e gramíneas,226_075,
1812259303,1d681ea9-666c-3882-a10a-7e6f6325ca16,-49.3279,-19.669901,2026-04-02 00:27:00+00:00,2026-04-02,METOP-B,ITAPAGIPE,MINAS GERAIS,Brasil,0.8,1.0,0.75,Cerrado,33,31,3133402,8,Pastagens e gramíneas,221_074,
1812259288,cf697a72-5772-3656-826c-fa25dc925c81,-49.522202,-20.924999,2026-04-02 01:00:00+00:00,2026-04-02,METOP-C,MIRASSOL,SÃO PAULO,Brasil,9.56,3.0,0.0,Mata Atlântica,33,35,3530300,8,Floresta de contato; Campinarana,221_075,
1812259319,c36a4363-d1fe-3f3b-aaf2-10e158e8ddc3,-49.5247,-20.915199,2026-04-02 01:00:00+00:00,2026-04-02,METOP-C,MIRASSOL,SÃO PAULO,Brasil,9.3,3.0,0.0,Mata Atlântica,33,35,3530300,8,Florestas decíduas e sazonais,221_075,
1812259301,47ac10f3-c61f-347a-89f3-22a22fcf951b,-49.5149,-20.9233,2026-04-02 01:00:00+00:00,2026-04-02,METOP-C,MIRASSOL,SÃO PAULO,Brasil,8.73,3.0,0.0,Mata Atlântica,33,35,3530300,8,Savana arbórea; Caatinga fechada,221_075,
1812259322,cdcc37e2-7306-37d6-8392-c045db5bbf24,-49.529598,-20.9266,2026-04-02 01:00:00+00:00,2026-04-02,METOP-C,MIRASSOL,SÃO PAULO,Brasil,10.46,3.0,0.01,Mata Atlântica,33,35,3530300,8,Pastagens e gramíneas,221_075,
1812259325,d7482269-b55e-3f0f-9302-193f048a25dd,-56.9617,-22.180901,2026-04-02 01:00:00+00:00,2026-04-02,METOP-C,BELA VISTA,MATO GROSSO DO SUL,Brasil,11.95,4.0,0.07,Cerrado,33,50,5002100,8,Pastagens e gramíneas,226_075,
1812264067,b7d67ebc-8288-3e7a-ada1-adf155d122c7,-56.97284,-22.1821,2026-04-02 01:17:00+00:00,2026-04-02,TERRA_M-M,BELA VISTA,MATO GROSSO DO SUL,Brasil,11.27,4.0,0.1,Cerrado,33,50,5002100,8,Pastagens e gramíneas,226_075,17.3
1812264314,c88d53ee-850a-3a65-a78f-60d5e4e86b5a,-54.91199,-16.42698,2026-04-02 01:17:00+00:00,2026-04-02,TERRA_M-M,RONDONÓPOLIS,MATO GROSSO,Brasil,0.68,3.0,0.3,Cerrado,33,51,5107602,8,Pastagens e gramíneas,225_071,16.0
1812270370,979af3e5-2725-32f4-b755-08d349586fb8,-45.34107,-12.06228,2026-04-02 03:51:00+00:00,2026-04-02,NOAA-21,BARREIRAS,BAHIA,Brasil,12.94,5.0,0.0,Cerrado,33,29,2903201,8,Savana arbórea; Caatinga fechada,220_068,1.1
1812275740,5d9036cc-cf14-36a5-b836-a3f28e8216b6,-43.59211,-19.36674,2026-04-02 03:51:00+00:00,2026-04-02,NOAA-21,JABOTICATUBAS,MINAS GERAIS,Brasil,0.4,0.0,0.0,Cerrado,33,31,3134608,8,Savana arbórea; Caatinga fechada,218_073,1.4
1812272492,54108ce7-6cd0-333e-97ea-8fc3ee5f57af,-43.58635,-19.36393,2026-04-02 03:51:00+00:00,2026-04-02,NOAA-21,JABOTICATUBAS,MINAS GERAIS,Brasil,0.36,0.0,0.0,Cerrado,33,31,3134608,8,Savana; Caatinga aberta,218_073,1.1
1812275586,4f67fdce-7661-3b74-a774-8f6b3bad3fb6,-40.06896,-19.58784,2026-04-02 03:51:00+00:00,2026-04-02,NOAA-21,ARACRUZ,ESPÍRITO SANTO,Brasil,0.6,1.0,-999.0,Mata Atlântica,33,32,3200607,8,Corpos agua/Solos expostos/Mineracao/Areas urbanas e construidas/neve e gelo,215_074,1.3
1812271062,e2b6c1fc-3960-39a0-be25-0488dac1bde5,-43.5836,-19.38191,2026-04-02 03:51:00+00:00,2026-04-02,NOAA-21,JABOTICATUBAS,MINAS GERAIS,Brasil,0.43,0.0,0.0,Cerrado,33,31,3134608,8,Savana arbórea; Caatinga fechada,218_073,1.6
1812275332,4758ac6a-dffc-3fcd-b4fc-c612a07f967a,-43.59291,-19.37041,2026-04-02 03:51:00+00:00,2026-04-02,NOAA-21,JABOTICATUBAS,MINAS GERAIS,Brasil,0.4,0.0,0.0,Cerrado,33,31,3134608,8,Savana arbórea; Caatinga fechada,218_073,1.1
1812272198,208c58d5-7836-3bb8-a3e3-d093ef3fccd9,-40.0732,-19.59057,2026-04-02 03:51:00+00:00,2026-04-02,NOAA-21,ARACRUZ,ESPÍRITO SANTO,Brasil,0.63,0.0,0.5,Mata Atlântica,33,32,3200607,8,Pastagens e gramíneas,215_074,1.3
1812271783,b32e4849-a04e-3adf-b4d2-0d451ebeac3b,-40.06398,-19.60225,2026-04-02 03:51:00+00:00,2026-04-02,NOAA-21,ARACRUZ,ESPÍRITO SANTO,Brasil,0.56,0.0,0.28,Mata Atlântica,33,32,3200607,8,Pastagens e gramíneas,215_074,1.1
1812271982,7b01c7c9-c41e-36e0-9be7-b52e6af31a6f,-43.58508,-19.37942,2026-04-02 03:51:00+00:00,2026-04-02,NOAA-21,JABOTICATUBAS,MINAS GERAIS,Brasil,0.42,0.0,0.0,Cerrado,33,31,3134608,8,Savana arbórea; Caatinga fechada,218_073,1.8
1812272181,2d98a575-13e8-38bf-aaa7-e9196d33ce7b,-40.06764,-19.60167,2026-04-02 03:51:00+00:00,2026-04-02,NOAA-21,ARACRUZ,ESPÍRITO SANTO,Brasil,0.59,0.0,0.31,Mata Atlântica,33,32,3200607,8,Pastagens e gramíneas,215_074,1.1
1812275890,ab0d10c6-181d-3996-98fe-4d6aa190d529,-43.58729,-19.36758,2026-04-02 03:51:00+00:00,2026-04-02,NOAA-21,JABOTICATUBAS,MINAS GERAIS,Brasil,0.38,0.0,0.0,Cerrado,33,31,3134608,8,Savana; Caatinga aberta,218_073,1.1
1812275802,f2cf8b62-ab25-3bd4-8938-475da372b91f,-43.5803,-19.38026,2026-04-02 03:51:00+00:00,2026-04-02,NOAA-21,JABOTICATUBAS,MINAS GERAIS,Brasil,0.4,0.0,0.0,Cerrado,33,31,3134608,8,Savana arbórea; Caatinga fechada,218_073,1.6
1812269195,6a1a4828-ae2a-3478-913d-503e13458be6,-40.07436,-19.5972,2026-04-02 03:51:00+00:00,2026-04-02,NOAA-21,ARACRUZ,ESPÍRITO SANTO,Brasil,0.64,0.0,0.35,Mata Atlântica,33,32,3200607,8,Pastagens e gramíneas,215_074,0.7
1812272233,29573032-79fe-370a-afcf-e283c6a2963b,-49.34092,-19.67164,2026-04-02 03:53:00+00:00,2026-04-02,NOAA-21,ITAPAGIPE,MINAS GERAIS,Brasil,0.8,1.0,0.73,Cerrado,33,31,3133402,8,Pastagens e gramíneas,221_074,1.8
1812270322,477de3ed-f69d-376c-9c69-895c04431cff,-48.4319,-21.71144,2026-04-02 03:53:00+00:00,2026-04-02,NOAA-21,MATÃO,SÃO PAULO,Brasil,6.36,4.0,0.01,Cerrado,33,35,3529302,8,Agricultura e diversos,220_075,2.3
1812269025,32c6a28b-5de1-3ab5-af3c-3ae37fd877b1,-48.43314,-21.71614,2026-04-02 03:53:00+00:00,2026-04-02,NOAA-21,MATÃO,SÃO PAULO,Brasil,6.34,4.0,0.01,Cerrado,33,35,3529302,8,Agricultura e diversos,220_075,2.3
1812273970,dbb62ccd-ffdd-3cb0-9a29-c9ed5c1b1d94,-49.34077,-19.67167,2026-04-02 03:53:00+00:00,2026-04-02,NOAA-21,ITAPAGIPE,MINAS GERAIS,Brasil,0.8,1.0,0.73,Cerrado,33,31,3133402,8,Pastagens e gramíneas,221_074,1.9
1812275064,76f3871a-7f8e-3557-9326-774fe7802b39,-48.54956,-18.79058,2026-04-02 03:53:00+00:00,2026-04-02,NOAA-21,UBERLÂNDIA,MINAS GERAIS,Brasil,0.76,1.0,0.34,Cerrado,33,31,3170206,8,Pastagens e gramíneas,221_073,1.0
1812275594,6636eee2-53d3-3d15-b835-e63dd4243d51,-48.43524,-21.71528,2026-04-02 03:53:00+00:00,2026-04-02,NOAA-21,MATÃO,SÃO PAULO,Brasil,6.23,4.0,0.01,Cerrado,33,35,3529302,8,Agricultura e diversos,220_075,6.0
1812273841,5a766d90-4bf1-3240-9ee6-b1d97b605e1d,-49.87129,-25.47433,2026-04-02 03:55:00+00:00,2026-04-02,NOAA-21,PALMEIRA,PARANÁ,Brasil,0.0,0.0,0.6,Mata Atlântica,33,41,4117701,8,Agricultura e diversos,221_078,2.3
1812268947,d6d2019d-27f4-31ba-954e-bc9124328ea1,-50.8503,-30.05766,2026-04-02 03:55:00+00:00,2026-04-02,NOAA-21,VIAMÃO,RIO GRANDE DO SUL,Brasil,0.0,3.0,0.28,Pampa,33,43,4323002,8,Floresta Ombrófila densa,221_081,2.3
1812270785,7138235a-ef58-3f53-a4f7-cfa93f6c6b5f,-49.8665,-25.47437,2026-04-02 03:55:00+00:00,2026-04-02,NOAA-21,PALMEIRA,PARANÁ,Brasil,0.0,0.0,0.68,Mata Atlântica,33,41,4117701,8,Agricultura e diversos,221_078,3.9
1812270225,3553b663-2434-3673-bebd-7b368c613a63,-49.8655,-25.47557,2026-04-02 03:55:00+00:00,2026-04-02,NOAA-21,PALMEIRA,PARANÁ,Brasil,0.0,0.0,0.68,Mata Atlântica,33,41,4117701,8,Agricultura e diversos,221_078,2.8
1812279254,60313d01-bff6-362f-8cc8-b94d28276a61,-48.5486,-18.79082,2026-04-02 04:23:00+00:00,2026-04-02,NPP-375D,UBERLÂNDIA,MINAS GERAIS,Brasil,0.76,1.0,0.34,Cerrado,33,31,3170206,8,Pastagens e gramíneas,221_073,1.1
1812280066,7853b0c9-0223-38a2-a594-a78120edb540,-40.0682,-19.59917,2026-04-02 04:23:00+00:00,2026-04-02,NPP-375D,ARACRUZ,ESPÍRITO SANTO,Brasil,0.59,0.0,0.37,Mata Atlântica,33,32,3200607,8,Pastagens e gramíneas,215_074,0.8
1812279822,56498896-58f7-3e60-aa6c-edda2e0bcf7e,-43.58587,-19.3806,2026-04-02 04:23:00+00:00,2026-04-02,NPP-375D,JABOTICATUBAS,MINAS GERAIS,Brasil,0.43,0.0,0.0,Cerrado,33,31,3134608,8,Savana arbórea; Caatinga fechada,218_073,0.9
1812276572,6fe1ba2c-a5e1-3499-aef3-abbc8a1c2a14,-43.58181,-19.38118,2026-04-02 04:23:00+00:00,2026-04-02,NPP-375D,JABOTICATUBAS,MINAS GERAIS,Brasil,0.41,0.0,0.0,Cerrado,33,31,3134608,8,Savana arbórea; Caatinga fechada,218_073,0.9
1812277252,49d9b49e-7046-36b0-a796-9c6b92859a96,-55.15846,-19.27774,2026-04-02 04:23:00+00:00,2026-04-02,NPP-375D,RIO VERDE DE MATO GROSSO,MATO GROSSO DO SUL,Brasil,0.21,4.0,0.63,Cerrado,33,50,5007406,8,Pastagens e gramíneas,225_073,1.3
1812280630,fe82cfe7-007e-3a29-9793-59d3d4fdaffb,-40.06395,-19.59972,2026-04-02 04:23:00+00:00,2026-04-02,NPP-375D,ARACRUZ,ESPÍRITO SANTO,Brasil,0.57,0.0,0.3,Mata Atlântica,33,32,3200607,8,Pastagens e gramíneas,215_074,0.8
1812277573,f5e1000f-d8d4-3227-b48f-9a2dcf22d3b7,-49.34267,-19.67344,2026-04-02 04:23:00+00:00,2026-04-02,NPP-375D,ITAPAGIPE,MINAS GERAIS,Brasil,0.8,1.0,0.73,Cerrado,33,31,3133402,8,Pastagens e gramíneas,221_074,1.0
1812277574,0fe8913d-f809-3c91-94c9-3df80c5ca1f8,-54.9188,-16.4317,2026-04-02 04:23:00+00:00,2026-04-02,NPP-375D,RONDONÓPOLIS,MATO GROSSO,Brasil,0.61,3.0,0.26,Cerrado,33,51,5107602,8,Pastagens e gramíneas,225_071,3.5
1812281394,e81f853d-c5b4-3130-8e44-e5ae61e21126,-49.52895,-20.91458,2026-04-02 04:23:00+00:00,2026-04-02,NPP-375D,MIRASSOL,SÃO PAULO,Brasil,9.69,3.0,0.0,Mata Atlântica,33,35,3530300,8,Florestas decíduas e sazonais,221_075,2.3
1812277945,c83b39fc-9bca-37da-b1e3-da2a405a2c52,-49.33835,-19.67419,2026-04-02 04:23:00+00:00,2026-04-02,NPP-375D,ITAPAGIPE,MINAS GERAIS,Brasil,0.8,1.0,0.73,Cerrado,33,31,3133402,8,Pastagens e gramíneas,221_074,1.0
1812278982,faed48ab-50c4-33a2-a2c8-cd4968a21b9e,-54.12354,-17.9051,2026-04-02 04:23:00+00:00,2026-04-02,NPP-375D,PEDRO GOMES,MATO GROSSO DO SUL,Brasil,6.09,4.0,0.02,Cerrado,33,50,5006408,8,Savana; Caatinga aberta,225_072,1.9
1812281164,a0876855-8535-3e38-849e-f0414f99cc51,-55.15517,-19.27844,2026-04-02 04:23:00+00:00,2026-04-02,NPP-375D,RIO VERDE DE MATO GROSSO,MATO GROSSO DO SUL,Brasil,0.23,4.0,0.41,Cerrado,33,50,5007406,8,Savana; Caatinga aberta,225_073,1.2
1812278391,7c32c937-1119-3368-b0a4-1bfba1316d44,-40.06638,-19.60143,2026-04-02 04:23:00+00:00,2026-04-02,NPP-375D,ARACRUZ,ESPÍRITO SANTO,Brasil,0.58,0.0,0.3,Mata Atlântica,33,32,3200607,8,Pastagens e gramíneas,215_074,2.1
1812278573,8741bbb3-e685-382b-9f3f-b934c6d72434,-49.52538,-20.91889,2026-04-02 04:23:00+00:00,2026-04-02,NPP-375D,MIRASSOL,SÃO PAULO,Brasil,9.57,3.0,0.0,Mata Atlântica,33,35,3530300,8,Floresta de contato; Campinarana,221_075,1.2
1812278611,7582b330-f883-333f-9f31-7f26208af4ae,-54.91529,-16.43242,2026-04-02 04:23:00+00:00,2026-04-02,NPP-375D,RONDONÓPOLIS,MATO GROSSO,Brasil,0.65,3.0,0.31,Cerrado,33,51,5107602,8,Pastagens e gramíneas,225_071,3.5
1812280105,b0fef2fd-a552-3db1-9501-a8f302e4efb6,-49.34199,-19.66986,2026-04-02 04:23:00+00:00,2026-04-02,NPP-375D,ITAPAGIPE,MINAS GERAIS,Brasil,0.79,1.0,0.73,Cerrado,33,31,3133402,8,Pastagens e gramíneas,221_074,1.0
1812277072,b3dc40b5-9ee0-37ef-883f-b8524163a700,-43.96266,-19.89781,2026-04-02 04:23:00+00:00,2026-04-02,NPP-375D,BELO HORIZONTE,MINAS GERAIS,Brasil,0.09,0.0,-999.0,Mata Atlântica,33,31,3106200,8,Corpos agua/Solos expostos/Mineracao/Areas urbanas e construidas/neve e gelo,218_074,1.0
1812277077,8fe4d75b-9203-397d-a0fe-3ba936df9aa1,-54.91182,-16.43313,2026-04-02 04:23:00+00:00,2026-04-02,NPP-375D,RONDONÓPOLIS,MATO GROSSO,Brasil,0.68,3.0,0.34,Cerrado,33,51,5107602,8,Pastagens e gramíneas,225_071,2.3
1812281610,536933fd-a333-3bd8-83f3-e2b543fb910b,-49.52964,-20.91813,2026-04-02 04:23:00+00:00,2026-04-02,NPP-375D,MIRASSOL,SÃO PAULO,Brasil,9.97,3.0,0.0,Mata Atlântica,33,35,3530300,8,Floresta de contato; Campinarana,221_075,2.3
1812279650,aec1fc17-58fa-3148-8b49-35d76256a405,-49.87057,-25.4756,2026-04-02 04:25:00+00:00,2026-04-02,NPP-375D,PALMEIRA,PARANÁ,Brasil,0.0,0.0,0.64,Mata Atlântica,33,41,4117701,8,Agricultura e diversos,221_078,0.8
1812276658,120938e0-2a37-3098-b2c9-fec01c6ef094,-56.97279,-22.18442,2026-04-02 04:25:00+00:00,2026-04-02,NPP-375D,BELA VISTA,MATO GROSSO DO SUL,Brasil,11.29,4.0,0.11,Cerrado,33,50,5002100,8,Pastagens e gramíneas,226_075,2.4
1812276488,13f8f364-73ff-3d46-ac0d-2ae629ddba8f,-56.96917,-22.18522,2026-04-02 04:25:00+00:00,2026-04-02,NPP-375D,BELA VISTA,MATO GROSSO DO SUL,Brasil,11.54,4.0,0.1,Cerrado,33,50,5002100,8,Pastagens e gramíneas,226_075,2.4
1812281562,95a31159-5586-3460-bb65-99622ce8c07b,-49.86645,-25.47631,2026-04-02 04:25:00+00:00,2026-04-02,NPP-375D,PALMEIRA,PARANÁ,Brasil,0.0,0.0,0.68,Mata Atlântica,33,41,4117701,8,Agricultura e diversos,221_078,0.8
1812280094,72610648-7b5a-39a9-8c1a-8401c9b41c7b,-54.31004,-21.04194,2026-04-02 04:25:00+00:00,2026-04-02,NPP-375D,CAMPO GRANDE,MATO GROSSO DO SUL,Brasil,1.97,2.0,0.32,Cerrado,33,50,5002704,8,Pastagens e gramíneas,224_075,1.8
1812278501,32b76e3c-7e09-3e2a-8782-6aa7986ce2ef,-56.97112,-22.17914,2026-04-02 04:25:00+00:00,2026-04-02,NPP-375D,BELA VISTA,MATO GROSSO DO SUL,Brasil,11.36,4.0,0.1,Cerrado,33,50,5002100,8,Pastagens e gramíneas,226_075,2.9
1812277257,073ee2f5-f820-3c16-8e91-3211c18892c5,-50.85165,-30.05903,2026-04-02 04:27:00+00:00,2026-04-02,NPP-375D,VIAMÃO,RIO GRANDE DO SUL,Brasil,0.0,3.0,0.28,Pampa,33,43,4323002,8,Floresta Ombrófila densa,221_081,0.3
1812281109,abb689b2-10ac-31d1-a310-dd9491d7f000,-53.08983,-31.03536,2026-04-02 04:27:00+00:00,2026-04-02,NPP-375D,PIRATINI,RIO GRANDE DO SUL,Brasil,0.0,3.0,0.85,Pampa,33,43,4314605,8,Agricultura e diversos,222_082,1.0
1812277710,9da2a089-6e25-35f8-90e3-f273ae235da7,-50.85586,-30.0583,2026-04-02 04:27:00+00:00,2026-04-02,NPP-375D,VIAMÃO,RIO GRANDE DO SUL,Brasil,0.0,3.0,0.28,Pampa,33,43,4323002,8,Floresta Ombrófila densa,221_081,0.3
1812280418,88570f1c-1260-35cc-9fb8-a08b6c6313b0,-50.85508,-30.0549,2026-04-02 04:27:00+00:00,2026-04-02,NPP-375D,VIAMÃO,RIO GRANDE DO SUL,Brasil,0.0,3.0,0.28,Pampa,33,43,4323002,8,Florestas decíduas e sazonais,221_081,0.5
1812277740,2d2e59c8-bcfb-3267-b417-63c58c41b618,-53.28447,-31.55211,2026-04-02 04:27:00+00:00,2026-04-02,NPP-375D,PINHEIRO MACHADO,RIO GRANDE DO SUL,Brasil,0.0,3.0,0.48,Pampa,33,43,4314506,8,Savana; Caatinga aberta,222_082,1.3
1812281934,06dcc997-950b-3e52-bce3-23f77aa3e766,-49.34205,-19.67217,2026-04-02 04:44:00+00:00,2026-04-02,NOAA-20,ITAPAGIPE,MINAS GERAIS,Brasil,0.79,1.0,0.73,Cerrado,33,31,3133402,8,Pastagens e gramíneas,221_074,1.5
1812276047,4efec9d7-c439-3d1e-bd54-2bf6520cfc15,-54.71867,-18.43597,2026-04-02 04:44:00+00:00,2026-04-02,NOAA-20,COXIM,MATO GROSSO DO SUL,Brasil,0.6,0.0,0.07,Cerrado,33,50,5003306,8,Savana; Caatinga aberta,225_073,1.1
1812276382,aaa7fe20-1a7a-3df0-8a22-1b338c0074e7,-54.91199,-16.43423,2026-04-02 04:44:00+00:00,2026-04-02,NOAA-20,RONDONÓPOLIS,MATO GROSSO,Brasil,0.68,3.0,0.35,Cerrado,33,51,5107602,8,Pastagens e gramíneas,225_071,4.2
1812276653,b0e6cba3-9b0f-3e55-9cc6-0e97f20ba50e,-54.13038,-17.90338,2026-04-02 04:44:00+00:00,2026-04-02,NOAA-20,PEDRO GOMES,MATO GROSSO DO SUL,Brasil,5.92,4.0,0.0,Cerrado,33,50,5006408,8,Florestas decíduas e sazonais,225_072,1.0
1812277291,8124f609-8adb-33a8-b1aa-219017ec7dbc,-49.69687,-19.30241,2026-04-02 04:44:00+00:00,2026-04-02,NOAA-20,CAMPINA VERDE,MINAS GERAIS,Brasil,2.23,3.0,0.62,Cerrado,33,31,3111101,8,Pastagens e gramíneas,222_073,0.9
1812277711,230154a0-63cb-362a-8a7c-16cc9f209f6f,-54.71405,-18.43319,2026-04-02 04:44:00+00:00,2026-04-02,NOAA-20,COXIM,MATO GROSSO DO SUL,Brasil,0.54,0.0,0.05,Cerrado,33,50,5003306,8,Savana arbórea; Caatinga fechada,225_073,1.1
1812277996,b86c1bbc-0073-3aed-8d13-7c09b04c8aed,-54.12267,-17.90467,2026-04-02 04:44:00+00:00,2026-04-02,NOAA-20,PEDRO GOMES,MATO GROSSO DO SUL,Brasil,6.12,4.0,0.02,Cerrado,33,50,5006408,8,Agricultura e diversos,225_072,1.3
1812278199,1551a2ed-25d7-3931-84f4-dbc288c660e4,-54.12652,-17.90402,2026-04-02 04:44:00+00:00,2026-04-02,NOAA-20,PEDRO GOMES,MATO GROSSO DO SUL,Brasil,6.02,4.0,0.01,Cerrado,33,50,5006408,8,Savana arbórea; Caatinga fechada,225_072,1.0
1812279239,43a534d6-52c3-3794-a420-de29e18ee007,-54.91129,-16.43067,2026-04-02 04:44:00+00:00,2026-04-02,NOAA-20,RONDONÓPOLIS,MATO GROSSO,Brasil,0.69,3.0,0.33,Cerrado,33,51,5107602,8,Pastagens e gramíneas,225_071,4.2
1812279533,9cb887a7-5dd4-3847-b4cd-4320a6f36ce2,-55.15372,-19.27611,2026-04-02 04:44:00+00:00,2026-04-02,NOAA-20,RIO VERDE DE MATO GROSSO,MATO GROSSO DO SUL,Brasil,0.25,4.0,0.32,Cerrado,33,50,5007406,8,Savana arbórea; Caatinga fechada,225_073,2.8
1812280010,9cb9dc31-47fb-3908-a770-547edeca78a4,-54.91554,-16.42993,2026-04-02 04:44:00+00:00,2026-04-02,NOAA-20,RONDONÓPOLIS,MATO GROSSO,Brasil,0.64,3.0,0.27,Cerrado,33,51,5107602,8,Pastagens e gramíneas,225_071,4.2
1812280429,a8faed7d-f4a7-365d-ac27-b0bef2a3fc44,-48.54732,-18.79177,2026-04-02 04:44:00+00:00,2026-04-02,NOAA-20,UBERLÂNDIA,MINAS GERAIS,Brasil,0.77,1.0,0.34,Cerrado,33,31,3170206,8,Pastagens e gramíneas,221_073,0.7
1812280684,9da9fc3d-6734-3565-9804-09632abd9ca0,-48.54671,-18.78805,2026-04-02 04:44:00+00:00,2026-04-02,NOAA-20,UBERLÂNDIA,MINAS GERAIS,Brasil,0.73,1.0,0.35,Cerrado,33,31,3170206,8,Pastagens e gramíneas,221_073,0.4
1812281807,1b2e0542-e805-34a5-8898-f4f84d4621bb,-49.33767,-19.67277,2026-04-02 04:44:00+00:00,2026-04-02,NOAA-20,ITAPAGIPE,MINAS GERAIS,Brasil,0.8,1.0,0.73,Cerrado,33,31,3133402,8,Corpos agua/Solos expostos/Mineracao/Areas urbanas e construidas/neve e gelo,221_074,1.1
1812279852,e880a9fc-1cfe-31e4-9170-738b33f17143,-56.97224,-22.17868,2026-04-02 04:46:00+00:00,2026-04-02,NOAA-20,BELA VISTA,MATO GROSSO DO SUL,Brasil,11.28,4.0,0.1,Cerrado,33,50,5002100,8,Pastagens e gramíneas,226_075,4.1
1812279199,3ac90e69-d3e1-326d-8dca-ef1831169cbd,-53.0872,-31.03312,2026-04-02 04:46:00+00:00,2026-04-02,NOAA-20,PIRATINI,RIO GRANDE DO SUL,Brasil,0.0,3.0,0.86,Pampa,33,43,4314605,8,Agricultura e diversos,222_082,0.8
1812280199,9f83c01a-b1b2-32f8-b881-c0fc1765ec81,-56.31956,-21.66359,2026-04-02 04:46:00+00:00,2026-04-02,NOAA-20,BELA VISTA,MATO GROSSO DO SUL,Brasil,1.0,2.0,0.97,Cerrado,33,50,5002100,8,Pastagens e gramíneas,226_075,4.1
1812280478,28c67942-a8ec-316d-ab75-8123f9c9a984,-48.43488,-21.7122,2026-04-02 04:46:00+00:00,2026-04-02,NOAA-20,MATÃO,SÃO PAULO,Brasil,6.22,4.0,0.01,Cerrado,33,35,3529302,8,Agricultura e diversos,220_075,2.1
1812280610,26ead000-b97c-36f5-a23c-40c929e4f67c,-54.74132,-19.98906,2026-04-02 04:46:00+00:00,2026-04-02,NOAA-20,ROCHEDO,MATO GROSSO DO SUL,Brasil,0.0,4.0,0.22,Cerrado,33,50,5007505,8,Savana arbórea; Caatinga fechada,225_074,1.5
1812280226,d160dcca-79e4-3282-a9aa-0544009a6643,-54.30932,-21.04483,2026-04-02 04:46:00+00:00,2026-04-02,NOAA-20,CAMPO GRANDE,MATO GROSSO DO SUL,Brasil,1.99,2.0,0.32,Cerrado,33,50,5002704,8,Pastagens e gramíneas,224_075,0.3
1812278893,15785f71-894c-3166-b32e-964e5ec77766,-53.28362,-31.55032,2026-04-02 04:46:00+00:00,2026-04-02,NOAA-20,PINHEIRO MACHADO,RIO GRANDE DO SUL,Brasil,0.0,3.0,0.48,Pampa,33,43,4314506,8,Savana; Caatinga aberta,222_082,0.7
1812280341,4dba3e2d-6248-3bc9-b700-6aa213fc070d,-52.83731,-20.14437,2026-04-02 04:46:00+00:00,2026-04-02,NOAA-20,ÁGUA CLARA,MATO GROSSO DO SUL,Brasil,3.84,4.0,0.02,Cerrado,33,50,5000203,8,Floresta Ombrófila densa,224_074,0.5
1812281015,9aa527ce-6b22-30ae-8e7d-5009ea1c390f,-56.32394,-21.66281,2026-04-02 04:46:00+00:00,2026-04-02,NOAA-20,BELA VISTA,MATO GROSSO DO SUL,Brasil,1.0,2.0,0.69,Cerrado,33,50,5002100,8,Agricultura e diversos,226_075,4.1
1812278596,96197ea5-bb2a-3737-b7a5-9808c81a3140,-56.96846,-22.18316,2026-04-02 04:46:00+00:00,2026-04-02,NOAA-20,BELA VISTA,MATO GROSSO DO SUL,Brasil,11.56,4.0,0.09,Cerrado,33,50,5002100,8,Pastagens e gramíneas,226_075,3.3
1812278277,345e8991-08ea-3b5f-969a-b5ea8df450a5,-56.96929,-22.1868,2026-04-02 04:46:00+00:00,2026-04-02,NOAA-20,BELA VISTA,MATO GROSSO DO SUL,Brasil,11.53,4.0,0.1,Cerrado,33,50,5002100,8,Pastagens e gramíneas,226_075,2.0
1812277771,e8a87aef-1929-3f95-9659-27c563868fb9,-48.42967,-21.71289,2026-04-02 04:46:00+00:00,2026-04-02,NOAA-20,MATÃO,SÃO PAULO,Brasil,6.49,4.0,0.01,Cerrado,33,35,3529302,8,Agricultura e diversos,220_075,2.1
1812277200,dae4627f-fcf1-34ec-923b-a97b889d5562,-56.30787,-21.6952,2026-04-02 04:46:00+00:00,2026-04-02,NOAA-20,BELA VISTA,MATO GROSSO DO SUL,Brasil,1.0,1.0,1.0,Cerrado,33,50,5002100,8,Pastagens e gramíneas,226_075,2.2
1812276834,8a72a75c-f2b3-30d1-9f7c-2ce013f939f4,-56.32034,-21.66715,2026-04-02 04:46:00+00:00,2026-04-02,NOAA-20,BELA VISTA,MATO GROSSO DO SUL,Brasil,1.0,2.0,0.94,Cerrado,33,50,5002100,8,Pastagens e gramíneas,226_075,4.1
1812279311,6261bbe8-fd6c-3fab-8edd-8f54c787d49e,-56.96762,-22.17952,2026-04-02 04:46:00+00:00,2026-04-02,NOAA-20,BELA VISTA,MATO GROSSO DO SUL,Brasil,11.58,4.0,0.09,Cerrado,33,50,5002100,8,Pastagens e gramíneas,226_075,3.3
1812281894,7a91ec14-61de-39a6-af28-cc69d0e7b9ae,-54.30868,-21.04147,2026-04-02 04:46:00+00:00,2026-04-02,NOAA-20,CAMPO GRANDE,MATO GROSSO DO SUL,Brasil,1.95,2.0,0.32,Cerrado,33,50,5002704,8,Pastagens e gramíneas,224_075,0.3
1812277091,7d0c73d0-f3f8-3049-b4ea-99e1cdf73689,-51.32758,-29.11073,2026-04-02 04:49:00+00:00,2026-04-02,NOAA-20,FLORES DA CUNHA,RIO GRANDE DO SUL,Brasil,0.0,4.0,0.56,Mata Atlântica,33,43,4308201,8,Savana arbórea; Caatinga fechada,221_080,0.5
1812294468,85b56791-e1f3-324d-88d9-3cc37b16b5ad,-56.96977,-22.18833,2026-04-02 05:33:00+00:00,2026-04-02,NOAA-21,BELA VISTA,MATO GROSSO DO SUL,Brasil,11.5,4.0,0.1,Cerrado,33,50,5002100,8,Pastagens e gramíneas,226_075,2.9
1812289082,77327d37-9efe-30df-96e6-4f8488884fd8,-56.97251,-22.18294,2026-04-02 05:33:00+00:00,2026-04-02,NOAA-21,BELA VISTA,MATO GROSSO DO SUL,Brasil,11.3,4.0,0.1,Cerrado,33,50,5002100,8,Pastagens e gramíneas,226_075,5.8
1812289633,993ab44a-35c7-31b4-a860-2e944936b796,-56.96939,-22.18326,2026-04-02 05:33:00+00:00,2026-04-02,NOAA-21,BELA VISTA,MATO GROSSO DO SUL,Brasil,11.51,4.0,0.1,Cerrado,33,50,5002100,8,Pastagens e gramíneas,226_075,2.9
1812289705,6effa5ca-93df-33e1-bd08-79e462249904,-56.32434,-21.66493,2026-04-02 05:33:00+00:00,2026-04-02,NOAA-21,BELA VISTA,MATO GROSSO DO SUL,Brasil,1.0,2.0,0.58,Cerrado,33,50,5002100,8,Savana; Caatinga aberta,226_075,4.0
1812289788,775f7308-2fac-3333-be66-0c03c5202c4d,-54.91323,-16.43029,2026-04-02 05:33:00+00:00,2026-04-02,NOAA-21,RONDONÓPOLIS,MATO GROSSO,Brasil,0.67,3.0,0.3,Cerrado,33,51,5107602,8,Pastagens e gramíneas,225_071,2.2
1812289816,39f9d586-b399-3bb3-8103-084bb182ee77,-54.91378,-16.43567,2026-04-02 05:33:00+00:00,2026-04-02,NOAA-21,RONDONÓPOLIS,MATO GROSSO,Brasil,0.66,3.0,0.35,Cerrado,33,51,5107602,8,Pastagens e gramíneas,225_071,2.2
1812290820,43faae46-f19c-362e-866a-26d31e492d0f,-56.31764,-21.6656,2026-04-02 05:33:00+00:00,2026-04-02,NOAA-21,BELA VISTA,MATO GROSSO DO SUL,Brasil,1.0,2.0,0.97,Cerrado,33,50,5002100,8,Pastagens e gramíneas,226_075,4.7
1812291352,ada5df62-cac3-33fb-9da0-a3d9404d1a29,-56.32099,-21.66527,2026-04-02 05:33:00+00:00,2026-04-02,NOAA-21,BELA VISTA,MATO GROSSO DO SUL,Brasil,1.0,2.0,0.87,Cerrado,33,50,5002100,8,Pastagens e gramíneas,226_075,4.0
1812291516,4e105457-e37c-3199-b536-602905b9f70c,-56.30765,-21.69307,2026-04-02 05:33:00+00:00,2026-04-02,NOAA-21,BELA VISTA,MATO GROSSO DO SUL,Brasil,1.0,1.0,1.0,Cerrado,33,50,5002100,8,Pastagens e gramíneas,226_075,0.4
1812291566,055e6a8b-ab40-3924-a2e7-66124dbd772f,-56.96748,-22.18784,2026-04-02 05:33:00+00:00,2026-04-02,NOAA-21,BELA VISTA,MATO GROSSO DO SUL,Brasil,11.65,4.0,0.09,Cerrado,33,50,5002100,8,Pastagens e gramíneas,226_075,1.8
1812292230,2168ecfa-3447-3d1c-861a-ed595be77edf,-56.96659,-22.18867,2026-04-02 05:33:00+00:00,2026-04-02,NOAA-21,BELA VISTA,MATO GROSSO DO SUL,Brasil,11.7,4.0,0.09,Cerrado,33,50,5002100,8,Pastagens e gramíneas,226_075,2.9
1812292765,5e49bef9-da0d-3fbc-bea9-2d6a0a1936bc,-56.30826,-21.69831,2026-04-02 05:33:00+00:00,2026-04-02,NOAA-21,BELA VISTA,MATO GROSSO DO SUL,Brasil,1.0,2.0,1.0,Cerrado,33,50,5002100,8,Pastagens e gramíneas,226_075,0.9
1812293287,10527ef5-4088-3b31-ae2d-a6dcf5f42775,-54.91661,-16.42991,2026-04-02 05:33:00+00:00,2026-04-02,NOAA-21,RONDONÓPOLIS,MATO GROSSO,Brasil,0.63,2.0,0.25,Cerrado,33,51,5107602,8,Agricultura e diversos,225_071,2.2
1812293445,73417572-06e1-3363-8df6-ab19d8d65046,-54.91031,-16.43607,2026-04-02 05:33:00+00:00,2026-04-02,NOAA-21,RONDONÓPOLIS,MATO GROSSO,Brasil,0.68,3.0,0.35,Cerrado,33,51,5107602,8,Pastagens e gramíneas,225_071,1.8
1812290248,2d40c62a-4342-3419-a8e4-3228f90bb56d,-48.42393,-21.70704,2026-04-02 06:08:00+00:00,2026-04-02,AQUA_M-M,MATÃO,SÃO PAULO,Brasil,6.77,4.0,0.01,Cerrado,33,35,3529302,8,Agricultura e diversos,220_075,9.4
1812356344,429e74d9-24f6-3084-b226-a3385e33a455,-52.68012,-23.02806,2026-04-02 12:08:00+00:00,2026-04-02,TERRA_M-T,PARANAVAÍ,PARANÁ,Brasil,1.11,1.0,0.28,Mata Atlântica,33,41,4118402,8,Floresta de contato; Campinarana,223_076,10.9
1812356908,a6d2fad9-2758-32de-9185-86cabe14da7a,-46.97919,-18.93478,2026-04-02 12:08:00+00:00,2026-04-02,TERRA_M-T,PATROCÍNIO,MINAS GERAIS,Brasil,0.5,0.0,-999.0,Cerrado,33,31,3148103,8,Corpos agua/Solos expostos/Mineracao/Areas urbanas e construidas/neve e gelo,220_073,5.6
1812356981,916e6277-fda4-3ec0-9ec2-96562aea7aba,-49.69844,-19.30634,2026-04-02 12:08:00+00:00,2026-04-02,TERRA_M-T,CAMPINA VERDE,MINAS GERAIS,Brasil,2.26,3.0,0.62,Cerrado,33,31,3111101,8,Pastagens e gramíneas,222_073,6.2
1812358653,9941422a-c387-3515-b026-e914d75a6c39,-46.78451,-21.29455,2026-04-02 12:08:00+00:00,2026-04-02,TERRA_M-T,GUARANÉSIA,MINAS GERAIS,Brasil,3.0,4.0,0.01,Mata Atlântica,33,31,3128303,8,Pastagens e gramíneas,219_075,12.3
1812360886,e7f53355-9330-30a1-b204-8928ad689559,-56.3142,-21.6795,2026-04-02 14:00:00+00:00,2026-04-02,GOES-19,BELA VISTA,MATO GROSSO DO SUL,Brasil,1.0,2.0,0.99,Cerrado,33,50,5002100,8,Pastagens e gramíneas,226_075,73.8
1812362107,777512a7-ddf4-33cb-a56d-9709496bdade,-56.3142,-21.6795,2026-04-02 14:10:00+00:00,2026-04-02,GOES-19,BELA VISTA,MATO GROSSO DO SUL,Brasil,1.0,2.0,0.99,Cerrado,33,50,5002100,8,Pastagens e gramíneas,226_075,83.4
1812362110,2064e1dc-1985-3572-b10a-8edb620116d2,-56.3175,-21.659,2026-04-02 14:10:00+00:00,2026-04-02,GOES-19,BELA VISTA,MATO GROSSO DO SUL,Brasil,1.0,2.0,0.95,Cerrado,33,50,5002100,8,Corpos agua/Solos expostos/Mineracao/Areas urbanas e construidas/neve e gelo,226_075,60.1
1812365066,c230e67d-a4e9-39c6-bfdf-65ab1ab95bd7,-56.3175,-21.659,2026-04-02 14:20:00+00:00,2026-04-02,GOES-19,BELA VISTA,MATO GROSSO DO SUL,Brasil,1.0,2.0,0.95,Cerrado,33,50,5002100,8,Corpos agua/Solos expostos/Mineracao/Areas urbanas e construidas/neve e gelo,226_075,78.2
1812364666,d3e23f44-9bed-3529-8eb1-d4fc4ff34574,-56.3142,-21.6795,2026-04-02 14:20:00+00:00,2026-04-02,GOES-19,BELA VISTA,MATO GROSSO DO SUL,Brasil,1.0,2.0,0.99,Cerrado,33,50,5002100,8,Pastagens e gramíneas,226_075,150.4
1812362189,224cee3a-e4fb-3136-9f05-0581d7e933ff,-56.3175,-21.659,2026-04-02 14:30:00+00:00,2026-04-02,GOES-19,BELA VISTA,MATO GROSSO DO SUL,Brasil,1.0,2.0,0.95,Cerrado,33,50,5002100,8,Corpos agua/Solos expostos/Mineracao/Areas urbanas e construidas/neve e gelo,226_075,115.4
1812362373,3554ea30-0893-3d37-81b9-a02dc1ebcc45,-56.3142,-21.6795,2026-04-02 14:30:00+00:00,2026-04-02,GOES-19,BELA VISTA,MATO GROSSO DO SUL,Brasil,1.0,2.0,0.99,Cerrado,33,50,5002100,8,Pastagens e gramíneas,226_075,105.2
1812362297,253da2a7-0881-3147-a60e-99a0154a7aca,-56.3142,-21.6795,2026-04-02 14:40:00+00:00,2026-04-02,GOES-19,BELA VISTA,MATO GROSSO DO SUL,Brasil,1.0,2.0,0.99,Cerrado,33,50,5002100,8,Pastagens e gramíneas,226_075,93.0
1812362218,b232fa42-9cbc-3d5e-af11-0459fff276b0,-56.3175,-21.659,2026-04-02 14:40:00+00:00,2026-04-02,GOES-19,BELA VISTA,MATO GROSSO DO SUL,Brasil,1.0,2.0,0.95,Cerrado,33,50,5002100,8,Corpos agua/Solos expostos/Mineracao/Areas urbanas e construidas/neve e gelo,226_075,88.8
1812362496,c15b913d-0bb9-32e4-aef1-ff18d1e94a69,-56.3142,-21.6795,2026-04-02 14:50:00+00:00,2026-04-02,GOES-19,BELA VISTA,MATO GROSSO DO SUL,Brasil,1.0,2.0,0.99,Cerrado,33,50,5002100,8,Pastagens e gramíneas,226_075,107.5
1812366408,2ea78179-a6d8-3c60-949e-dc09cfcbd526,-56.3142,-21.6795,2026-04-02 15:00:00+00:00,2026-04-02,GOES-19,BELA VISTA,MATO GROSSO DO SUL,Brasil,1.0,2.0,0.99,Cerrado,33,50,5002100,8,Pastagens e gramíneas,226_075,94.5
1812424263,0e710ea0-2d98-3040-b195-513b72ebdf6b,-55.8751,-20.5491,2026-04-02 15:00:00+00:00,2026-04-02,GOES-19,ANASTÁCIO,MATO GROSSO DO SUL,Brasil,0.0,6.0,0.78,Cerrado,33,50,5000708,8,Pastagens e gramíneas,225_074,57.5
1812383878,28519923-1d4a-3d86-a5ce-2f55ed3e3d2d,-40.84304,-21.02143,2026-04-02 15:33:00+00:00,2026-04-02,NOAA-20,ITAPEMIRIM,ESPÍRITO SANTO,Brasil,0.1,-999.0,0.29,Mata Atlântica,33,32,3202801,8,Pastagens e gramíneas,216_075,14.1
1812383722,3bf7b8d1-5385-3afd-b1a1-a17025ce52a9,-43.76426,-12.49947,2026-04-02 15:35:00+00:00,2026-04-02,NOAA-20,BREJOLÂNDIA,BAHIA,Brasil,0.43,0.0,0.1,Cerrado,33,29,2904407,8,Savana arbórea; Caatinga fechada,219_069,12.4
1812383999,3be2f8b3-8772-3dfe-9bf8-da7b21ca1ae2,-43.63788,-12.49953,2026-04-02 15:35:00+00:00,2026-04-02,NOAA-20,BREJOLÂNDIA,BAHIA,Brasil,0.4,0.0,0.15,Cerrado,33,29,2904407,8,Savana; Caatinga aberta,219_069,6.0
1812387030,61ca3940-d491-3d27-87b4-3ab9292c64e6,-53.0813,-31.05366,2026-04-02 16:20:00+00:00,2026-04-02,NOAA-21,PIRATINI,RIO GRANDE DO SUL,Brasil,0.0,3.0,0.28,Pampa,33,43,4314605,8,Floresta de contato; Campinarana,222_082,8.0
1812387143,6e271c44-2853-3251-aefb-b436616244c4,-50.85429,-30.05843,2026-04-02 16:20:00+00:00,2026-04-02,NOAA-21,VIAMÃO,RIO GRANDE DO SUL,Brasil,0.0,3.0,0.28,Pampa,33,43,4323002,8,Floresta Ombrófila densa,221_081,8.8
1812386859,fa8cb0b2-b4d3-3fd1-add4-3e4b3a971de0,-50.84916,-30.0581,2026-04-02 16:20:00+00:00,2026-04-02,NOAA-21,VIAMÃO,RIO GRANDE DO SUL,Brasil,0.0,3.0,0.32,Pampa,33,43,4323002,8,Florestas decíduas e sazonais,221_081,8.8
1812386911,9bc049ba-42b6-3708-9e64-e1af1e76ccc3,-53.63396,-30.05255,2026-04-02 16:20:00+00:00,2026-04-02,NOAA-21,FORMIGUEIRO,RIO GRANDE DO SUL,Brasil,0.0,7.0,1.0,Pampa,33,43,4308409,8,Agricultura e diversos,222_081,3.1
1812387522,b513a1d1-a27d-3dd5-beb4-71ec073955b6,-53.07645,-31.05375,2026-04-02 16:20:00+00:00,2026-04-02,NOAA-21,PIRATINI,RIO GRANDE DO SUL,Brasil,0.0,3.0,0.22,Pampa,33,43,4314605,8,Florestas decíduas e sazonais,222_082,9.7
1812387008,bb58c3f6-b646-321e-93a8-3ae7f6c4e16e,-50.85127,-30.05964,2026-04-02 16:20:00+00:00,2026-04-02,NOAA-21,VIAMÃO,RIO GRANDE DO SUL,Brasil,0.0,3.0,0.28,Pampa,33,43,4323002,8,Floresta Ombrófila densa,221_081,7.5
1812387431,936385c2-84ae-32a7-8024-d8abcca66d52,-50.98137,-29.54175,2026-04-02 16:20:00+00:00,2026-04-02,NOAA-21,MORRO REUTER,RIO GRANDE DO SUL,Brasil,0.0,3.0,0.26,Mata Atlântica,33,43,4312476,8,Floresta Ombrófila densa,221_080,5.9
1812387402,91ca4014-2636-3932-924f-1fa78eb70791,-49.53905,-28.85169,2026-04-02 16:20:00+00:00,2026-04-02,NOAA-21,MELEIRO,SANTA CATARINA,Brasil,75.31,2.0,0.0,Mata Atlântica,33,42,4210803,8,Agricultura e diversos,220_080,7.6
1812387237,b85fb394-88f5-3356-8514-386e6a0cb519,-50.85642,-30.05993,2026-04-02 16:20:00+00:00,2026-04-02,NOAA-21,VIAMÃO,RIO GRANDE DO SUL,Brasil,0.0,3.0,0.28,Pampa,33,43,4323002,8,Floresta Ombrófila densa,221_081,7.5
1812387575,df792e62-e2c8-3efa-8e7b-224f328f58e3,-41.43013,-19.99581,2026-04-02 16:22:00+00:00,2026-04-02,NOAA-21,MUTUM,MINAS GERAIS,Brasil,0.0,0.0,0.01,Mata Atlântica,33,31,3144003,8,Florestas decíduas e sazonais,216_074,8.6
1812387216,f0fd18f0-8a44-386a-b847-cbd3fda694ed,-52.68197,-23.02951,2026-04-02 16:22:00+00:00,2026-04-02,NOAA-21,PARANAVAÍ,PARANÁ,Brasil,1.09,1.0,0.41,Mata Atlântica,33,41,4118402,8,Savana; Caatinga aberta,223_076,29.2
1812387243,ef132466-53ba-32f8-90ca-67d53b7c2954,-50.40236,-27.02258,2026-04-02 16:22:00+00:00,2026-04-02,NOAA-21,SANTA CECÍLIA,SANTA CATARINA,Brasil,8.61,0.0,0.01,Mata Atlântica,33,42,4215505,8,Floresta Ombrófila densa,221_079,6.4
1812387023,ac84febb-78f8-3754-8303-3ff66d0aa722,-41.63318,-22.20514,2026-04-02 16:22:00+00:00,2026-04-02,NOAA-21,CARAPEBUS,RIO DE JANEIRO,Brasil,5.1,4.0,0.0,Mata Atlântica,33,33,3300936,8,Floresta de contato; Campinarana,216_075,3.2
1812387492,5d5f8734-16b5-3e6b-9d20-d8a594a41ae7,-47.83149,-19.77739,2026-04-02 16:24:00+00:00,2026-04-02,NOAA-21,UBERABA,MINAS GERAIS,Brasil,0.98,0.0,0.09,Cerrado,33,31,3170107,8,Pastagens e gramíneas,220_074,4.4
1812387212,031e1098-e512-3d74-a40f-aaa6a36947ed,-40.01332,-18.31037,2026-04-02 16:24:00+00:00,2026-04-02,NOAA-21,PINHEIROS,ESPÍRITO SANTO,Brasil,0.1,1.0,0.24,Mata Atlântica,33,32,3204104,8,Agricultura e diversos,216_073,6.9
1812388027,31918ad5-011f-3afc-87a5-786086cb63ec,-54.71577,-18.43505,2026-04-02 16:24:00+00:00,2026-04-02,NOAA-21,COXIM,MATO GROSSO DO SUL,Brasil,0.56,0.0,0.05,Cerrado,33,50,5003306,8,Savana; Caatinga aberta,225_073,9.9
1812387233,1b1eccae-59ca-3ff1-976a-c7d8d3e5d902,-47.97847,-19.91994,2026-04-02 16:24:00+00:00,2026-04-02,NOAA-21,UBERABA,MINAS GERAIS,Brasil,1.25,2.0,0.08,Cerrado,33,31,3170107,8,Agricultura e diversos,220_074,9.4
1812387443,613908bb-9cf8-3a4a-b57f-a99b99bd3ac3,-47.83613,-19.77794,2026-04-02 16:24:00+00:00,2026-04-02,NOAA-21,UBERABA,MINAS GERAIS,Brasil,0.94,0.0,0.13,Cerrado,33,31,3170107,8,Pastagens e gramíneas,220_074,4.4
1812387071,45a98b07-6778-37b9-9347-f204c8f820ed,-48.77838,-19.57433,2026-04-02 16:24:00+00:00,2026-04-02,NOAA-21,PRATA,MINAS GERAIS,Brasil,0.7,2.0,0.23,Cerrado,33,31,3152808,8,Agricultura e diversos,221_074,161.1
1812387027,c8157a29-0e38-3663-9d67-8a75844ee8b3,-51.32972,-19.7006,2026-04-02 16:24:00+00:00,2026-04-02,NOAA-21,PARANAÍBA,MATO GROSSO DO SUL,Brasil,4.39,6.0,0.47,Cerrado,33,50,5006309,8,Corpos agua/Solos expostos/Mineracao/Areas urbanas e construidas/neve e gelo,223_074,7.2
1812387858,85de3ab2-8272-33ee-b502-52a7c7be19f7,-39.04988,-16.27722,2026-04-02 16:24:00+00:00,2026-04-02,NOAA-21,SANTA CRUZ CABRÁLIA,BAHIA,Brasil,1.4,-999.0,0.02,Mata Atlântica,33,29,2927705,8,Florestas decíduas e sazonais,215_071,2.3
1812387822,923ec6b3-c7b5-3311-835b-c3e9063694c7,-54.72195,-18.43324,2026-04-02 16:24:00+00:00,2026-04-02,NOAA-21,COXIM,MATO GROSSO DO SUL,Brasil,0.62,0.0,0.1,Cerrado,33,50,5003306,8,Savana; Caatinga aberta,225_073,9.0
1812386922,67d70b96-152a-3b0d-a519-6902447c060b,-40.01707,-18.31096,2026-04-02 16:24:00+00:00,2026-04-02,NOAA-21,PINHEIROS,ESPÍRITO SANTO,Brasil,0.1,1.0,0.24,Mata Atlântica,33,32,3204104,8,Agricultura e diversos,216_073,6.2
1812387938,f2bfc32e-1df6-3db4-ad4d-7914461280a4,-54.7218,-18.43557,2026-04-02 16:24:00+00:00,2026-04-02,NOAA-21,COXIM,MATO GROSSO DO SUL,Brasil,0.63,0.0,0.1,Cerrado,33,50,5003306,8,Savana; Caatinga aberta,225_073,9.9
1812387121,46c43fff-4d0a-3e2d-a2f4-3c864ce6ac0d,-47.98316,-19.92049,2026-04-02 16:24:00+00:00,2026-04-02,NOAA-21,UBERABA,MINAS GERAIS,Brasil,1.24,2.0,0.08,Cerrado,33,31,3170107,8,Agricultura e diversos,220_074,9.4
1812387918,ee8e8028-933d-33f9-a0b5-77a4a3697d7f,-40.42355,-12.341,2026-04-02 16:26:00+00:00,2026-04-02,NOAA-21,ITABERABA,BAHIA,Brasil,0.0,0.0,0.3,Caatinga,33,29,2914703,8,Savana; Caatinga aberta,217_068,4.7
1812387998,ba9d7833-1dcc-38cb-8d8f-5315cb69569c,-39.09643,-12.14567,2026-04-02 16:26:00+00:00,2026-04-02,NOAA-21,FEIRA DE SANTANA,BAHIA,Brasil,0.01,0.0,0.68,Mata Atlântica,33,29,2910800,8,Pastagens e gramíneas,216_068,4.4
1812387999,9911f462-dca2-35dd-97f1-99fc2a003942,-41.61884,-12.81388,2026-04-02 16:26:00+00:00,2026-04-02,NOAA-21,MUCUGÊ,BAHIA,Brasil,1.61,0.0,0.02,Caatinga,33,29,2921906,8,Savana; Caatinga aberta,217_069,3.1
1812387869,a5f32510-e789-3117-b85f-a85eb7364abc,-42.05465,-12.83106,2026-04-02 16:26:00+00:00,2026-04-02,NOAA-21,NOVO HORIZONTE,BAHIA,Brasil,2.49,0.0,0.24,Caatinga,33,29,2923035,8,Pastagens e gramíneas,218_069,2.1
1812387588,7122d2c5-f916-3c19-8ee4-f09a7cb9e131,-45.22807,-12.03831,2026-04-02 16:26:00+00:00,2026-04-02,NOAA-21,BARREIRAS,BAHIA,Brasil,10.94,4.0,0.0,Cerrado,33,29,2903201,8,Savana arbórea; Caatinga fechada,220_068,13.5
1812387136,c61c76d4-dc20-3a61-a248-1779623c8dee,-43.64816,-12.50683,2026-04-02 16:26:00+00:00,2026-04-02,NOAA-21,BREJOLÂNDIA,BAHIA,Brasil,0.4,0.0,0.11,Cerrado,33,29,2904407,8,Savana arbórea; Caatinga fechada,219_069,4.1
1812387189,1c43129f-db54-37c5-b0f3-47622621bbe2,-43.63797,-12.5019,2026-04-02 16:26:00+00:00,2026-04-02,NOAA-21,BREJOLÂNDIA,BAHIA,Brasil,0.4,0.0,0.13,Cerrado,33,29,2904407,8,Savana; Caatinga aberta,219_069,10.6
1812387384,1911e459-22e4-3402-8e92-8d9621484879,-43.76628,-12.50062,2026-04-02 16:26:00+00:00,2026-04-02,NOAA-21,BREJOLÂNDIA,BAHIA,Brasil,0.42,0.0,0.11,Cerrado,33,29,2904407,8,Savana arbórea; Caatinga fechada,219_069,19.7
1812387271,fa8908c9-deff-3d6d-b7f4-178305c7a2df,-36.30494,-9.8372,2026-04-02 16:26:00+00:00,2026-04-02,NOAA-21,CAMPO ALEGRE,ALAGOAS,Brasil,5.55,1.0,0.0,Mata Atlântica,33,27,2701407,8,Agricultura e diversos,214_067,4.9
1812387259,bbafa8a9-5573-32fe-9c61-68cf64c4fd9e,-36.30319,-9.83692,2026-04-02 16:26:00+00:00,2026-04-02,NOAA-21,CAMPO ALEGRE,ALAGOAS,Brasil,5.57,1.0,0.0,Mata Atlântica,33,27,2701407,8,Agricultura e diversos,214_067,3.9
1812388000,06473bbf-164a-390c-aa55-b45c423859e2,-37.56618,-9.6264,2026-04-02 16:26:00+00:00,2026-04-02,NOAA-21,PÃO DE AÇÚCAR,ALAGOAS,Brasil,7.24,4.0,0.17,Caatinga,33,27,2706406,8,Pastagens e gramíneas,215_067,6.2
1812386870,69a49c1d-e587-3901-b4f7-2e24de35e558,-45.22768,-12.03605,2026-04-02 16:26:00+00:00,2026-04-02,NOAA-21,BARREIRAS,BAHIA,Brasil,10.95,4.0,0.0,Cerrado,33,29,2903201,8,Savana arbórea; Caatinga fechada,220_068,7.5
1812386898,9db5a7b1-395c-31be-a9ee-eb958ffe42bd,-37.56648,-9.62651,2026-04-02 16:26:00+00:00,2026-04-02,NOAA-21,PÃO DE AÇÚCAR,ALAGOAS,Brasil,7.24,4.0,0.17,Caatinga,33,27,2706406,8,Pastagens e gramíneas,215_067,10.3
1812387576,8d241201-e145-389a-8a0f-930490033479,-54.11389,-1.94567,2026-04-02 16:28:00+00:00,2026-04-02,NOAA-21,MONTE ALEGRE,PARÁ,Brasil,0.8,0.0,0.0,Amazônia,33,15,1504802,8,Floresta de contato; Campinarana,227_061,10.1
1812387419,ddbfad93-d791-360f-9abc-c1567b40bae7,-60.10809,3.24516,2026-04-02 16:30:00+00:00,2026-04-02,NOAA-21,BONFIM,RORAIMA,Brasil,0.0,0.0,0.04,Amazônia,33,14,1400159,8,Savana; Caatinga aberta,232_058,11.4
1812387577,cff1e298-1582-3a1d-90c1-08865f6f23be,-60.10679,3.24861,2026-04-02 16:30:00+00:00,2026-04-02,NOAA-21,BONFIM,RORAIMA,Brasil,0.0,0.0,0.04,Amazônia,33,14,1400159,8,Agricultura e diversos,232_058,10.7
1812386405,76edec62-ab14-3d55-9855-a545c7cfb619,-52.0826,-26.74918,2026-04-02 16:52:00+00:00,2026-04-02,NPP-375,VARGEÃO,SANTA CATARINA,Brasil,0.04,4.0,0.09,Mata Atlântica,33,42,4219101,8,Floresta Ombrófila densa,222_079,7.5
1812386581,e05ed21b-14bf-3d99-9bbe-709c33df1f37,-50.95511,-29.54065,2026-04-02 16:52:00+00:00,2026-04-02,NPP-375,SANTA MARIA DO HERVAL,RIO GRANDE DO SUL,Brasil,0.0,3.0,0.26,Mata Atlântica,33,43,4316956,8,Floresta Ombrófila densa,221_080,23.7
1812385228,69154a41-7d4b-3ff3-9c62-6dbfe2b3b7eb,-50.40154,-27.02113,2026-04-02 16:52:00+00:00,2026-04-02,NPP-375,SANTA CECÍLIA,SANTA CATARINA,Brasil,8.67,0.0,0.01,Mata Atlântica,33,42,4215505,8,Floresta Ombrófila densa,221_079,5.1
1812385924,ff746d00-3922-3dcf-a4c3-3a6fde961a83,-52.02899,-27.01098,2026-04-02 16:52:00+00:00,2026-04-02,NPP-375,LINDÓIA DO SUL,SANTA CATARINA,Brasil,5.63,3.0,0.02,Mata Atlântica,33,42,4209854,8,Floresta Ombrófila densa,222_079,5.7
1812386735,9586714d-c047-36d3-bdeb-3a1ba0c7d73b,-51.0606,-29.50502,2026-04-02 16:52:00+00:00,2026-04-02,NPP-375,MORRO REUTER,RIO GRANDE DO SUL,Brasil,0.0,3.0,0.26,Mata Atlântica,33,43,4312476,8,Floresta Ombrófila densa,221_080,3.1
1812386374,2a79d8d7-407b-37ee-86f1-ee236b902692,-49.61438,-26.96459,2026-04-02 16:52:00+00:00,2026-04-02,NPP-375,JOSÉ BOITEUX,SANTA CATARINA,Brasil,6.1,4.0,0.07,Mata Atlântica,33,42,4209151,8,Savana arbórea; Caatinga fechada,220_079,4.7
1812386564,79ce15b7-68a8-3562-a1a4-052c947ba9d9,-50.85426,-30.05843,2026-04-02 16:52:00+00:00,2026-04-02,NPP-375,VIAMÃO,RIO GRANDE DO SUL,Brasil,0.0,3.0,0.28,Pampa,33,43,4323002,8,Floresta Ombrófila densa,221_081,6.7
1812385308,d2bbacb9-db0b-3f4c-bbfa-75603cac8381,-49.39704,-25.26839,2026-04-02 16:52:00+00:00,2026-04-02,NPP-375,ALMIRANTE TAMANDARÉ,PARANÁ,Brasil,7.34,0.0,0.03,Mata Atlântica,33,41,4100400,8,Floresta Ombrófila densa,221_077,3.4
1812386580,bf702a7b-7450-3304-b6a2-f130ca4724d6,-50.8862,-25.51413,2026-04-02 16:52:00+00:00,2026-04-02,NPP-375,IRATI,PARANÁ,Brasil,7.53,3.0,0.01,Mata Atlântica,33,41,4110706,8,Florestas decíduas e sazonais,221_078,6.2
1812385484,aa458eae-86f3-3810-8159-b433c3e1ac9e,-51.55499,-29.4838,2026-04-02 16:52:00+00:00,2026-04-02,NPP-375,SALVADOR DO SUL,RIO GRANDE DO SUL,Brasil,0.0,3.0,0.19,Mata Atlântica,33,43,4316501,8,Floresta Ombrófila densa,221_080,10.4
1812385671,d4e0bcb3-72b8-35b9-8f7c-c77d4a0c0657,-51.50499,-29.41129,2026-04-02 16:52:00+00:00,2026-04-02,NPP-375,SÃO PEDRO DA SERRA,RIO GRANDE DO SUL,Brasil,0.0,3.0,0.21,Mata Atlântica,33,43,4319356,8,Floresta Ombrófila densa,221_080,3.5
1812385378,e57d1d14-5082-33ee-9b31-b95181bd97c4,-51.19131,-29.4508,2026-04-02 16:52:00+00:00,2026-04-02,NPP-375,LINHA NOVA,RIO GRANDE DO SUL,Brasil,0.0,3.0,0.27,Mata Atlântica,33,43,4311643,8,Floresta Ombrófila densa,221_080,5.4
1812386123,8a8f80f9-d262-3565-a1c3-7aef6b404d3e,-51.55649,-29.48649,2026-04-02 16:52:00+00:00,2026-04-02,NPP-375,SALVADOR DO SUL,RIO GRANDE DO SUL,Brasil,0.0,3.0,0.19,Mata Atlântica,33,43,4316501,8,Floresta Ombrófila densa,221_080,9.5
1812385802,ff2da817-6f1b-31a1-b335-716a8b839b5a,-51.19591,-29.45128,2026-04-02 16:52:00+00:00,2026-04-02,NPP-375,LINHA NOVA,RIO GRANDE DO SUL,Brasil,0.0,2.0,0.27,Mata Atlântica,33,43,4311643,8,Floresta Ombrófila densa,221_080,3.9
1812386251,4614165c-8994-32c5-8d72-746ba0c8a332,-53.07791,-31.05084,2026-04-02 16:52:00+00:00,2026-04-02,NPP-375,PIRATINI,RIO GRANDE DO SUL,Brasil,0.0,3.0,0.34,Pampa,33,43,4314605,8,Floresta de contato; Campinarana,222_082,7.5
1812386504,4e54cfc0-6424-39cd-9fbf-d53421445293,-50.53666,-26.32391,2026-04-02 16:52:00+00:00,2026-04-02,NPP-375,BELA VISTA DO TOLDO,SANTA CATARINA,Brasil,4.3,0.0,0.06,Mata Atlântica,33,42,4202131,8,Savana; Caatinga aberta,221_078,5.7
1812385874,4292ad62-daa9-3ac3-8d98-4050b9f9b3f0,-50.84998,-30.05798,2026-04-02 16:52:00+00:00,2026-04-02,NPP-375,VIAMÃO,RIO GRANDE DO SUL,Brasil,0.0,3.0,0.28,Pampa,33,43,4323002,8,Floresta Ombrófila densa,221_081,6.7
1812385558,a830a3a6-a858-3610-a94e-b38c9b1a2fc5,-49.99926,-25.43908,2026-04-02 16:52:00+00:00,2026-04-02,NPP-375,PALMEIRA,PARANÁ,Brasil,0.0,0.0,-999.0,Mata Atlântica,33,41,4117701,8,Corpos agua/Solos expostos/Mineracao/Areas urbanas e construidas/neve e gelo,221_078,3.6
1812385494,a46ac9f7-f68c-349e-865b-45fc56dddde4,-52.68521,-23.03024,2026-04-02 16:54:00+00:00,2026-04-02,NPP-375,PARANAVAÍ,PARANÁ,Brasil,1.1,1.0,0.47,Mata Atlântica,33,41,4118402,8,Agricultura e diversos,223_076,22.7
1812384973,d20da665-3cd4-3434-ac3e-f5be2d20b900,-41.33019,-21.81474,2026-04-02 16:54:00+00:00,2026-04-02,NPP-375,CAMPOS DOS GOYTACAZES,RIO DE JANEIRO,Brasil,3.6,2.0,0.03,Mata Atlântica,33,33,3301009,8,Agricultura e diversos,216_075,6.6
1812385025,939cb3bd-d593-3273-b470-a14c6a404471,-51.32978,-19.69957,2026-04-02 16:54:00+00:00,2026-04-02,NPP-375,PARANAÍBA,MATO GROSSO DO SUL,Brasil,4.41,6.0,0.46,Cerrado,33,50,5006309,8,Pastagens e gramíneas,223_074,9.4
1812385226,b5f07a48-15b4-34a3-bb26-9538f0579454,-51.89986,-24.76226,2026-04-02 16:54:00+00:00,2026-04-02,NPP-375,PITANGA,PARANÁ,Brasil,0.0,0.0,0.36,Mata Atlântica,33,41,4119608,8,Agricultura e diversos,222_077,4.8
1812385235,64f7cbed-d3b5-3b88-b56c-8b972646d8a6,-41.42726,-19.99249,2026-04-02 16:54:00+00:00,2026-04-02,NPP-375,MUTUM,MINAS GERAIS,Brasil,0.0,0.0,0.02,Mata Atlântica,33,31,3144003,8,Florestas decíduas e sazonais,216_074,7.3
1812385362,a8657db5-3e93-3f7d-be97-d3cded0d7121,-51.3268,-19.68771,2026-04-02 16:54:00+00:00,2026-04-02,NPP-375,PARANAÍBA,MATO GROSSO DO SUL,Brasil,4.73,6.0,0.43,Cerrado,33,50,5006309,8,Pastagens e gramíneas,223_074,5.3
1812385537,bb111273-7674-3a85-9aed-974b0a6821af,-51.33565,-19.6927,2026-04-02 16:54:00+00:00,2026-04-02,NPP-375,PARANAÍBA,MATO GROSSO DO SUL,Brasil,4.37,6.0,0.46,Cerrado,33,50,5006309,8,Pastagens e gramíneas,223_074,7.2
1812385549,62c38b92-55d0-38aa-b1e8-68c9e2c69770,-47.98201,-19.92118,2026-04-02 16:54:00+00:00,2026-04-02,NPP-375,UBERABA,MINAS GERAIS,Brasil,1.25,2.0,0.08,Cerrado,33,31,3170107,8,Agricultura e diversos,220_074,6.4
1812385694,dcdd2288-df3c-36c6-a5d5-b011ca556af1,-49.87862,-21.89765,2026-04-02 16:54:00+00:00,2026-04-02,NPP-375,GUAIMBÊ,SÃO PAULO,Brasil,0.1,0.0,0.27,Mata Atlântica,33,35,3517307,8,Pastagens e gramíneas,221_075,4.3
1812385744,ffdf2891-1e29-3dae-ae85-79155d4ef569,-56.30091,-21.47439,2026-04-02 16:54:00+00:00,2026-04-02,NPP-375,JARDIM,MATO GROSSO DO SUL,Brasil,2.33,1.0,0.11,Cerrado,33,50,5005004,8,Savana; Caatinga aberta,226_075,8.3
1812385761,d7a56087-2714-3156-9090-4e19bee69b96,-48.90978,-20.00525,2026-04-02 16:54:00+00:00,2026-04-02,NPP-375,FRUTAL,MINAS GERAIS,Brasil,1.0,1.0,0.14,Cerrado,33,31,3127107,8,Pastagens e gramíneas,221_074,6.1
1812385792,46079aa7-15fe-300c-9bf7-f13e4a2d4245,-55.87473,-20.54651,2026-04-02 16:54:00+00:00,2026-04-02,NPP-375,ANASTÁCIO,MATO GROSSO DO SUL,Brasil,0.0,6.0,0.77,Cerrado,33,50,5000708,8,Pastagens e gramíneas,225_074,13.3
1812385809,6bca7db0-7340-33fa-b6f4-54942b307103,-51.33151,-19.68833,2026-04-02 16:54:00+00:00,2026-04-02,NPP-375,PARANAÍBA,MATO GROSSO DO SUL,Brasil,4.58,6.0,0.44,Cerrado,33,50,5006309,8,Pastagens e gramíneas,223_074,5.3
1812385883,cb92a2d4-8470-3449-8060-12b885dae44a,-48.35167,-18.93473,2026-04-02 16:54:00+00:00,2026-04-02,NPP-375,UBERLÂNDIA,MINAS GERAIS,Brasil,0.52,6.0,0.31,Cerrado,33,31,3170206,8,Pastagens e gramíneas,221_073,2.3
1812385884,2708dd17-2aca-34ad-ab32-0d007659fc76,-51.33622,-19.68895,2026-04-02 16:54:00+00:00,2026-04-02,NPP-375,PARANAÍBA,MATO GROSSO DO SUL,Brasil,4.43,6.0,0.45,Cerrado,33,50,5006309,8,Corpos agua/Solos expostos/Mineracao/Areas urbanas e construidas/neve e gelo,223_074,2.5
1812385944,d35c1bbe-4aec-3d44-aa95-387d04457a1c,-46.29804,-18.99038,2026-04-02 16:54:00+00:00,2026-04-02,NPP-375,CARMO DO PARANAÍBA,MINAS GERAIS,Brasil,6.48,4.0,-999.0,Cerrado,33,31,3114303,8,Pastagens e gramíneas,219_073,4.5
1812385964,34f8c76a-cc59-34c6-bf20-b4f9710edb58,-41.42746,-19.99259,2026-04-02 16:54:00+00:00,2026-04-02,NPP-375,MUTUM,MINAS GERAIS,Brasil,0.0,0.0,0.02,Mata Atlântica,33,31,3144003,8,Florestas decíduas e sazonais,216_074,9.0
1812385973,2153fc73-28c0-398b-bff4-7c7b70658723,-47.98256,-19.91783,2026-04-02 16:54:00+00:00,2026-04-02,NPP-375,UBERABA,MINAS GERAIS,Brasil,1.22,2.0,0.08,Cerrado,33,31,3170107,8,Agricultura e diversos,220_074,6.4
1812386152,9d3d32e7-373e-3738-80a3-988ab66ddd2a,-52.68091,-23.02975,2026-04-02 16:54:00+00:00,2026-04-02,NPP-375,PARANAVAÍ,PARANÁ,Brasil,1.07,1.0,0.4,Mata Atlântica,33,41,4118402,8,Savana; Caatinga aberta,223_076,22.7
1812386159,6cbf0ed6-dcda-3c47-b081-6f36c6704b71,-55.88086,-20.54716,2026-04-02 16:54:00+00:00,2026-04-02,NPP-375,ANASTÁCIO,MATO GROSSO DO SUL,Brasil,0.0,6.0,0.78,Cerrado,33,50,5000708,8,Pastagens e gramíneas,225_074,13.3
1812386184,9ba4b260-c051-3b70-8efe-489badd255b3,-44.18265,-21.7809,2026-04-02 16:54:00+00:00,2026-04-02,NPP-375,ANDRELÂNDIA,MINAS GERAIS,Brasil,11.0,8.0,0.0,Mata Atlântica,33,31,3102803,8,Savana arbórea; Caatinga fechada,218_075,2.3
1812386196,d8bbd351-6092-341b-b959-6b8372e7ebed,-54.98959,-21.0583,2026-04-02 16:54:00+00:00,2026-04-02,NPP-375,SIDROLÂNDIA,MATO GROSSO DO SUL,Brasil,0.13,6.0,0.46,Cerrado,33,50,5007901,8,Agricultura e diversos,225_075,10.4
1812386331,5f598b16-427e-35d7-b0af-c147c8a46bb4,-51.32624,-19.69145,2026-04-02 16:54:00+00:00,2026-04-02,NPP-375,PARANAÍBA,MATO GROSSO DO SUL,Brasil,4.65,6.0,0.44,Cerrado,33,50,5006309,8,Pastagens e gramíneas,223_074,8.4
1812386345,6e4a83b2-b014-3173-a874-f1e4f67b4bc5,-52.68028,-23.03399,2026-04-02 16:54:00+00:00,2026-04-02,NPP-375,PARANAVAÍ,PARANÁ,Brasil,0.94,0.0,0.67,Mata Atlântica,33,41,4118402,8,Pastagens e gramíneas,223_076,22.7
1812386673,43405fb5-f041-36e0-934c-c38e15c4a18a,-41.3299,-21.81271,2026-04-02 16:54:00+00:00,2026-04-02,NPP-375,CAMPOS DOS GOYTACAZES,RIO DE JANEIRO,Brasil,3.6,2.0,0.03,Mata Atlântica,33,33,3301009,8,Agricultura e diversos,216_075,6.9
1812386728,b1210e31-4093-3c33-9855-18791db7744a,-52.6846,-23.03448,2026-04-02 16:54:00+00:00,2026-04-02,NPP-375,PARANAVAÍ,PARANÁ,Brasil,0.96,0.0,0.56,Mata Atlântica,33,41,4118402,8,Pastagens e gramíneas,223_076,22.7
1812386755,e09dfb34-9750-3c7d-a08f-8cdd32b22116,-40.84212,-21.02341,2026-04-02 16:54:00+00:00,2026-04-02,NPP-375,ITAPEMIRIM,ESPÍRITO SANTO,Brasil,0.1,-999.0,0.29,Mata Atlântica,33,32,3202801,8,Pastagens e gramíneas,216_075,3.9
1812386769,7f66e7dd-8cb9-3be5-92d6-ce52ad62f5c2,-41.16317,-21.87043,2026-04-02 16:54:00+00:00,2026-04-02,NPP-375,CAMPOS DOS GOYTACAZES,RIO DE JANEIRO,Brasil,1.43,6.0,0.33,Mata Atlântica,33,33,3301009,8,Pastagens e gramíneas,216_075,0.3
1812386282,6e79af97-9eb5-3279-809e-d61b8049659f,-54.71783,-18.43419,2026-04-02 16:56:00+00:00,2026-04-02,NPP-375,COXIM,MATO GROSSO DO SUL,Brasil,0.58,0.0,0.05,Cerrado,33,50,5003306,8,Savana arbórea; Caatinga fechada,225_073,8.7
1812386805,6fab28aa-8da0-365a-a52d-51a062a191e3,-58.82347,-14.54339,2026-04-02 16:56:00+00:00,2026-04-02,NPP-375,TANGARÁ DA SERRA,MATO GROSSO,Brasil,5.67,0.0,0.01,Cerrado,33,51,5107958,8,Savana; Caatinga aberta,228_070,3.3
1812386618,54c5889f-9f95-3e81-9d94-b5a66b893af0,-45.22832,-12.04578,2026-04-02 16:56:00+00:00,2026-04-02,NPP-375,BARREIRAS,BAHIA,Brasil,10.92,4.0,0.0,Cerrado,33,29,2903201,8,Savana arbórea; Caatinga fechada,220_068,12.3
1812386606,7f30fe9f-7571-37b7-b928-b1833d829c06,-54.72055,-18.43457,2026-04-02 16:56:00+00:00,2026-04-02,NPP-375,COXIM,MATO GROSSO DO SUL,Brasil,0.61,0.0,0.07,Cerrado,33,50,5003306,8,Savana; Caatinga aberta,225_073,5.4
1812386543,9b68754d-a3fe-3614-8a6f-504eb4ae082c,-45.22702,-12.05336,2026-04-02 16:56:00+00:00,2026-04-02,NPP-375,BARREIRAS,BAHIA,Brasil,11.21,4.0,0.0,Cerrado,33,29,2903201,8,Savana arbórea; Caatinga fechada,220_068,26.6
1812386535,051802ff-371e-3cb5-87cc-29f10711604b,-40.42423,-12.34609,2026-04-02 16:56:00+00:00,2026-04-02,NPP-375,ITABERABA,BAHIA,Brasil,0.0,0.0,0.16,Caatinga,33,29,2914703,8,Savana arbórea; Caatinga fechada,217_068,2.7
1812386526,9dfa5a80-6643-3512-a81b-e3fcc6dd66c0,-45.223,-12.04878,2026-04-02 16:56:00+00:00,2026-04-02,NPP-375,BARREIRAS,BAHIA,Brasil,10.98,4.0,0.0,Cerrado,33,29,2903201,8,Savana arbórea; Caatinga fechada,220_068,12.3
1812386378,d8597e18-df66-33fd-889f-ef74a63d929c,-54.71586,-18.43404,2026-04-02 16:56:00+00:00,2026-04-02,NPP-375,COXIM,MATO GROSSO DO SUL,Brasil,0.56,0.0,0.05,Cerrado,33,50,5003306,8,Savana arbórea; Caatinga fechada,225_073,5.4
1812386318,33210d7f-6ddb-3832-be5d-37adbeafd66e,-53.78321,-17.34259,2026-04-02 16:56:00+00:00,2026-04-02,NPP-375,SONORA,MATO GROSSO DO SUL,Brasil,7.43,4.0,0.03,Cerrado,33,50,5007935,8,Pastagens e gramíneas,225_072,5.4
1812386175,4d2d3d6b-75a9-3170-8aee-3b7c574552ce,-36.89766,-9.59178,2026-04-02 16:56:00+00:00,2026-04-02,NPP-375,MAJOR ISIDORO,ALAGOAS,Brasil,9.21,0.0,0.02,Caatinga,33,27,2704401,8,Pastagens e gramíneas,215_067,3.3
1812386144,b147bed7-9f0b-3a02-be1b-f5ffb5ca3c6a,-43.76936,-12.49988,2026-04-02 16:56:00+00:00,2026-04-02,NPP-375,BREJOLÂNDIA,BAHIA,Brasil,0.4,0.0,0.1,Cerrado,33,29,2904407,8,Savana; Caatinga aberta,219_069,6.4
1812386028,e5c57979-1789-30fa-bd58-07042bb745b9,-58.84748,-14.53802,2026-04-02 16:56:00+00:00,2026-04-02,NPP-375,TANGARÁ DA SERRA,MATO GROSSO,Brasil,6.82,0.0,0.0,Cerrado,33,51,5107958,8,Savana; Caatinga aberta,228_070,4.5
1812386003,58f2648b-e2f1-3228-bfc5-5263bc02b6db,-45.22234,-12.05257,2026-04-02 16:56:00+00:00,2026-04-02,NPP-375,BARREIRAS,BAHIA,Brasil,11.13,4.0,0.0,Cerrado,33,29,2903201,8,Savana arbórea; Caatinga fechada,220_068,26.6
1812385910,8a63f6db-a6f2-3255-ba0a-dbc9f92192fa,-43.76646,-12.49766,2026-04-02 16:56:00+00:00,2026-04-02,NPP-375,BREJOLÂNDIA,BAHIA,Brasil,0.42,0.0,0.1,Cerrado,33,29,2904407,8,Savana arbórea; Caatinga fechada,219_069,8.4
1812385849,19d1c298-2c2a-37d2-ac35-de624fbc7492,-54.7153,-18.43859,2026-04-02 16:56:00+00:00,2026-04-02,NPP-375,COXIM,MATO GROSSO DO SUL,Brasil,0.59,0.0,0.11,Cerrado,33,50,5003306,8,Savana; Caatinga aberta,225_073,7.3
1812385765,d2d1edd8-5673-3c7f-869f-542d5e9973c5,-43.6442,-12.48521,2026-04-02 16:56:00+00:00,2026-04-02,NPP-375,BREJOLÂNDIA,BAHIA,Brasil,0.5,0.0,0.33,Cerrado,33,29,2904407,8,Agricultura e diversos,219_069,7.2
1812385734,7102ea45-015f-3017-91a9-72ba1d0bdcea,-45.22365,-12.04499,2026-04-02 16:56:00+00:00,2026-04-02,NPP-375,BARREIRAS,BAHIA,Brasil,10.84,4.0,0.0,Cerrado,33,29,2903201,8,Savana arbórea; Caatinga fechada,220_068,12.3
1812385723,64ee7d6a-c93b-3ba7-815a-96842381bfeb,-45.2243,-12.0412,2026-04-02 16:56:00+00:00,2026-04-02,NPP-375,BARREIRAS,BAHIA,Brasil,10.86,4.0,0.0,Cerrado,33,29,2903201,8,Savana arbórea; Caatinga fechada,220_068,9.3
1812385608,a63893d7-acde-3d60-ba4e-327066fdb9ae,-45.22495,-12.03741,2026-04-02 16:56:00+00:00,2026-04-02,NPP-375,BARREIRAS,BAHIA,Brasil,10.89,4.0,0.0,Cerrado,33,29,2903201,8,Savana arbórea; Caatinga fechada,220_068,9.3
1812385601,c4e1f57c-f83b-332e-bf5f-800472c0d2ec,-54.71726,-18.43874,2026-04-02 16:56:00+00:00,2026-04-02,NPP-375,COXIM,MATO GROSSO DO SUL,Brasil,0.61,0.0,0.12,Cerrado,33,50,5003306,8,Agricultura e diversos,225_073,8.7
1812385600,2b1e5d7a-c26a-3288-be14-e99d5ff9dce4,-45.22898,-12.04199,2026-04-02 16:56:00+00:00,2026-04-02,NPP-375,BARREIRAS,BAHIA,Brasil,10.92,4.0,0.0,Cerrado,33,29,2903201,8,Savana arbórea; Caatinga fechada,220_068,9.3
1812385525,224818e6-acae-3538-b4ce-ca5eb1436258,-45.23028,-12.03441,2026-04-02 16:56:00+00:00,2026-04-02,NPP-375,BARREIRAS,BAHIA,Brasil,11.01,4.0,0.0,Cerrado,33,29,2903201,8,Savana arbórea; Caatinga fechada,220_068,6.2
1812385335,e9191336-947b-326c-b7a4-b89d6b4ac483,-45.22169,-12.05636,2026-04-02 16:56:00+00:00,2026-04-02,NPP-375,BARREIRAS,BAHIA,Brasil,11.32,5.0,0.0,Cerrado,33,29,2903201,8,Savana; Caatinga aberta,220_068,26.6
1812385170,0adff548-062f-31bd-99bf-46450d993055,-45.22767,-12.04957,2026-04-02 16:56:00+00:00,2026-04-02,NPP-375,BARREIRAS,BAHIA,Brasil,11.06,4.0,0.0,Cerrado,33,29,2903201,8,Savana arbórea; Caatinga fechada,220_068,12.3
1812385065,d866b755-37f8-3c06-9266-1a90f562e492,-43.64745,-12.4866,2026-04-02 16:56:00+00:00,2026-04-02,NPP-375,BREJOLÂNDIA,BAHIA,Brasil,0.5,0.0,0.18,Cerrado,33,29,2904407,8,Savana; Caatinga aberta,219_069,7.9
1812384989,9b436a53-4798-3ff8-abc8-a959199e8a03,-43.76564,-12.49921,2026-04-02 16:56:00+00:00,2026-04-02,NPP-375,BREJOLÂNDIA,BAHIA,Brasil,0.42,0.0,0.1,Cerrado,33,29,2904407,8,Savana arbórea; Caatinga fechada,219_069,6.4
1812386681,6ad3d6a3-2529-31c0-84e5-a5d57a001409,-45.22963,-12.0382,2026-04-02 16:56:00+00:00,2026-04-02,NPP-375,BARREIRAS,BAHIA,Brasil,10.97,4.0,0.0,Cerrado,33,29,2903201,8,Savana arbórea; Caatinga fechada,220_068,9.3
1812386705,4fd7fc6a-36c6-3044-8a2b-778073f36c1b,-55.93273,-9.45752,2026-04-02 16:58:00+00:00,2026-04-02,NPP-375,ALTA FLORESTA,MATO GROSSO,Brasil,3.47,0.0,0.01,Amazônia,33,51,5100250,8,Agricultura e diversos,227_067,9.4
1812386538,d9ba8c61-4efa-34a6-9695-06c66f3cd15b,-55.93333,-9.45318,2026-04-02 16:58:00+00:00,2026-04-02,NPP-375,ALTA FLORESTA,MATO GROSSO,Brasil,3.46,0.0,0.01,Amazônia,33,51,5100250,8,Pastagens e gramíneas,227_067,8.3
1812385631,c91e33ee-9ee0-3420-923f-158bae9ec086,-55.99684,-9.45297,2026-04-02 16:58:00+00:00,2026-04-02,NPP-375,ALTA FLORESTA,MATO GROSSO,Brasil,3.85,0.0,0.01,Amazônia,33,51,5100250,8,Agricultura e diversos,227_067,6.8
1812386217,f4e475b9-f4d8-3069-960a-bc92a8a32a22,-60.65231,1.3212,2026-04-02 17:00:00+00:00,2026-04-02,NPP-375,CARACARAÍ,RORAIMA,Brasil,0.1,2.0,0.04,Amazônia,33,14,1400209,8,Floresta Ombrófila densa,232_059,5.7
1812386675,e08122a6-07b3-318a-8dd6-8fdc12f9487f,-60.64937,1.32167,2026-04-02 17:00:00+00:00,2026-04-02,NPP-375,CARACARAÍ,RORAIMA,Brasil,0.1,2.0,0.04,Amazônia,33,14,1400209,8,Floresta Ombrófila densa,232_059,5.7
1812385438,a58a1f18-b712-3c5e-9e49-63a73fcb789f,-60.65594,1.30497,2026-04-02 17:00:00+00:00,2026-04-02,NPP-375,CARACARAÍ,RORAIMA,Brasil,0.1,2.0,0.05,Amazônia,33,14,1400209,8,Floresta Ombrófila densa,232_059,6.9
1812385344,dc41e6e2-2178-36b9-861a-5df1dc2d1243,-60.75935,1.40652,2026-04-02 17:00:00+00:00,2026-04-02,NPP-375,CARACARAÍ,RORAIMA,Brasil,0.4,0.0,0.04,Amazônia,33,14,1400209,8,Floresta Ombrófila densa,232_059,2.4
1812384988,0df7c030-b0e8-3f4e-a822-05bdd4ad4f84,-54.84168,-2.36947,2026-04-02 17:00:00+00:00,2026-04-02,NPP-375,SANTARÉM,PARÁ,Brasil,1.74,0.0,-999.0,Amazônia,33,15,1506807,8,Corpos agua/Solos expostos/Mineracao/Areas urbanas e construidas/neve e gelo,227_062,2.2
1812385573,86855fc5-3638-3b7b-9cf2-99b16171bc70,-60.55805,0.58618,2026-04-02 17:00:00+00:00,2026-04-02,NPP-375,RORAINÓPOLIS,RORAIMA,Brasil,0.1,0.0,0.02,Amazônia,33,14,1400472,8,Pastagens e gramíneas,231_060,2.6
1812386723,09a707a5-8235-3497-846d-332ee76849be,-60.6589,1.30449,2026-04-02 17:00:00+00:00,2026-04-02,NPP-375,CARACARAÍ,RORAIMA,Brasil,0.1,2.0,0.05,Amazônia,33,14,1400209,8,Floresta Ombrófila densa,232_059,2.7
1812386258,c51f79c6-7e3c-3abd-926b-2a8eb0ea2596,-60.40911,0.96694,2026-04-02 17:00:00+00:00,2026-04-02,NPP-375,RORAINÓPOLIS,RORAIMA,Brasil,0.02,0.0,0.49,Amazônia,33,14,1400472,8,Pastagens e gramíneas,231_059,4.1
1812386761,ef037bb0-3434-39eb-8319-618fad2585fd,-60.39354,1.58718,2026-04-02 17:02:00+00:00,2026-04-02,NPP-375,CARACARAÍ,RORAIMA,Brasil,0.14,2.0,0.09,Amazônia,33,14,1400209,8,Floresta Ombrófila densa,231_059,6.4
1812386712,15b24959-69dd-39fb-a5b8-a26d6530dc74,-60.22124,4.6644,2026-04-02 17:02:00+00:00,2026-04-02,NPP-375,UIRAMUTÃ,RORAIMA,Brasil,1.01,1.0,0.04,Amazônia,33,14,1400704,8,Agricultura e diversos,232_057,3.5
1812386611,085726b0-ff25-31d1-ae3d-5e392d216cd1,-60.07735,4.10943,2026-04-02 17:02:00+00:00,2026-04-02,NPP-375,NORMANDIA,RORAIMA,Brasil,0.6,0.0,0.16,Amazônia,33,14,1400407,8,Savana; Caatinga aberta,232_057,19.4
1812385894,aba492c9-9fb6-39df-8246-3e51d80bdbca,-60.1081,3.23918,2026-04-02 17:02:00+00:00,2026-04-02,NPP-375,BONFIM,RORAIMA,Brasil,0.0,0.0,0.04,Amazônia,33,14,1400159,8,Savana; Caatinga aberta,232_058,70.9
1812386488,b0ac0611-49e4-3366-842d-997142f6c113,-60.22289,4.6618,2026-04-02 17:02:00+00:00,2026-04-02,NPP-375,UIRAMUTÃ,RORAIMA,Brasil,1.03,1.0,0.06,Amazônia,33,14,1400704,8,Agricultura e diversos,232_057,5.5
1812386346,19db2732-f873-3a6a-8ed5-dd6a879a78e4,-60.10883,3.24394,2026-04-02 17:02:00+00:00,2026-04-02,NPP-375,BONFIM,RORAIMA,Brasil,0.0,0.0,0.04,Amazônia,33,14,1400159,8,Savana; Caatinga aberta,232_058,22.3
1812385806,e86ccdff-4672-39e3-9e87-5bcfc0cfb327,-60.24716,4.66963,2026-04-02 17:02:00+00:00,2026-04-02,NPP-375,UIRAMUTÃ,RORAIMA,Brasil,1.27,2.0,0.06,Amazônia,33,14,1400704,8,Pastagens e gramíneas,232_057,6.6
1812385791,36a71801-decf-3fde-b434-8607b5f6b67c,-60.24971,4.67188,2026-04-02 17:02:00+00:00,2026-04-02,NPP-375,UIRAMUTÃ,RORAIMA,Brasil,1.3,2.0,0.04,Amazônia,33,14,1400704,8,Agricultura e diversos,232_057,5.2
1812386121,e9f88b93-a4ac-3e9d-95a6-5270b21366c3,-61.35096,1.93817,2026-04-02 17:02:00+00:00,2026-04-02,NPP-375,CARACARAÍ,RORAIMA,Brasil,0.0,0.0,0.13,Amazônia,33,14,1400209,8,Floresta Ombrófila densa,232_059,4.2
1812385596,f342b5e1-e5e5-3de1-bbde-6a447e93b107,-60.73214,4.11934,2026-04-02 17:02:00+00:00,2026-04-02,NPP-375,PACARAIMA,RORAIMA,Brasil,0.91,1.0,0.02,Amazônia,33,14,1400456,8,Savana; Caatinga aberta,232_057,7.3
1812386020,a9831c18-3afe-3c3e-897a-128d5a202a3b,-60.1038,3.24475,2026-04-02 17:02:00+00:00,2026-04-02,NPP-375,BONFIM,RORAIMA,Brasil,0.0,0.0,0.05,Amazônia,33,14,1400159,8,Savana; Caatinga aberta,232_058,16.5
1812388904,fac9024b-8f56-323f-b8e5-ef9d01873b59,-50.85088,-30.05888,2026-04-02 17:11:00+00:00,2026-04-02,NOAA-20,VIAMÃO,RIO GRANDE DO SUL,Brasil,0.0,3.0,0.28,Pampa,33,43,4323002,8,Floresta Ombrófila densa,221_081,4.7
1812388884,8284ff05-e03a-3d64-abdf-534e071536e1,-51.50475,-29.40964,2026-04-02 17:11:00+00:00,2026-04-02,NOAA-20,SÃO PEDRO DA SERRA,RIO GRANDE DO SUL,Brasil,0.0,3.0,0.21,Mata Atlântica,33,43,4319356,8,Floresta Ombrófila densa,221_080,14.1
1812388913,52854e38-c185-3bc6-b485-4d27934a75d4,-53.07618,-31.05189,2026-04-02 17:11:00+00:00,2026-04-02,NOAA-20,PIRATINI,RIO GRANDE DO SUL,Brasil,0.0,3.0,0.3,Pampa,33,43,4314605,8,Floresta de contato; Campinarana,222_082,4.9
1812389661,b8065b6e-8ebb-3d58-bc8e-b8eae41cfd24,-51.06116,-29.50401,2026-04-02 17:11:00+00:00,2026-04-02,NOAA-20,MORRO REUTER,RIO GRANDE DO SUL,Brasil,0.0,3.0,0.26,Mata Atlântica,33,43,4312476,8,Floresta Ombrófila densa,221_080,22.5
1812389598,c6f18956-0006-35f1-9c9d-144e768cfef9,-50.84757,-30.05494,2026-04-02 17:11:00+00:00,2026-04-02,NOAA-20,VIAMÃO,RIO GRANDE DO SUL,Brasil,0.0,3.0,0.44,Pampa,33,43,4323002,8,Floresta de contato; Campinarana,221_081,4.7
1812389267,a44bd762-7bdf-3817-ae41-763c10309760,-48.71447,-27.02219,2026-04-02 17:11:00+00:00,2026-04-02,NOAA-20,CAMBORIÚ,SANTA CATARINA,Brasil,5.45,0.0,0.05,Mata Atlântica,33,42,4203204,8,Floresta Ombrófila densa,220_079,3.6
1812389501,f3047134-c658-3fb7-ad85-b75e70ad35ec,-52.79989,-31.78356,2026-04-02 17:11:00+00:00,2026-04-02,NOAA-20,CERRITO,RIO GRANDE DO SUL,Brasil,0.0,3.0,0.95,Pampa,33,43,4305124,8,Agricultura e diversos,222_082,2.3
1812388987,b4d90636-2e29-323c-9f40-e36bc4664eac,-51.19471,-29.45018,2026-04-02 17:11:00+00:00,2026-04-02,NOAA-20,LINHA NOVA,RIO GRANDE DO SUL,Brasil,0.0,3.0,0.27,Mata Atlântica,33,43,4311643,8,Floresta Ombrófila densa,221_080,3.5
1812389489,a9f724e0-f1db-3e65-8548-f3e56f17e3cd,-51.0605,-29.50733,2026-04-02 17:11:00+00:00,2026-04-02,NOAA-20,MORRO REUTER,RIO GRANDE DO SUL,Brasil,0.0,3.0,0.26,Mata Atlântica,33,43,4312476,8,Floresta Ombrófila densa,221_080,22.5
1812388993,70d9e416-ca42-3a0d-b185-2189b553676e,-50.27507,-27.69444,2026-04-02 17:11:00+00:00,2026-04-02,NOAA-20,LAGES,SANTA CATARINA,Brasil,0.51,2.0,0.25,Mata Atlântica,33,42,4209300,8,Floresta de contato; Campinarana,221_079,7.9
1812389281,b680c05b-9959-39d1-a88e-26337eb30067,-53.08049,-31.05248,2026-04-02 17:11:00+00:00,2026-04-02,NOAA-20,PIRATINI,RIO GRANDE DO SUL,Brasil,0.0,3.0,0.29,Pampa,33,43,4314605,8,Floresta de contato; Campinarana,222_082,4.9
1812389462,f3bedd06-1220-3b29-97c3-0823315dae11,-51.08305,-29.47658,2026-04-02 17:11:00+00:00,2026-04-02,NOAA-20,PICADA CAFÉ,RIO GRANDE DO SUL,Brasil,0.0,3.0,0.28,Mata Atlântica,33,43,4314423,8,Floresta Ombrófila densa,221_080,3.4
1812389409,1cd08b7f-5ed7-375b-904d-eb0faf496c47,-51.53107,-29.4434,2026-04-02 17:11:00+00:00,2026-04-02,NOAA-20,SALVADOR DO SUL,RIO GRANDE DO SUL,Brasil,0.0,3.0,0.29,Mata Atlântica,33,43,4316501,8,Florestas decíduas e sazonais,221_080,2.9
1812389371,766594fe-b996-3096-81ec-080e91054a6b,-55.08694,-28.37314,2026-04-02 17:11:00+00:00,2026-04-02,NOAA-20,SÃO LUIZ GONZAGA,RIO GRANDE DO SUL,Brasil,0.0,3.0,0.98,Pampa,33,43,4318903,8,Agricultura e diversos,224_080,6.5
1812389348,04ab1316-dc71-336f-ad98-427899748810,-56.77863,-30.15532,2026-04-02 17:11:00+00:00,2026-04-02,NOAA-20,URUGUAIANA,RIO GRANDE DO SUL,Brasil,0.1,3.0,0.4,Pampa,33,43,4322400,8,Florestas decíduas e sazonais,224_081,3.1
1812389420,f1e84ce5-dec3-33cf-ac6c-590474599128,-51.04586,-29.5393,2026-04-02 17:11:00+00:00,2026-04-02,NOAA-20,MORRO REUTER,RIO GRANDE DO SUL,Brasil,0.0,3.0,0.25,Mata Atlântica,33,43,4312476,8,Floresta Ombrófila densa,221_080,3.7
1812388776,7ca70585-c91f-3791-9170-ae486a28332c,-49.432,-27.20936,2026-04-02 17:11:00+00:00,2026-04-02,NOAA-20,APIÚNA,SANTA CATARINA,Brasil,4.29,0.0,0.05,Mata Atlântica,33,42,4201257,8,Floresta Ombrófila densa,220_079,3.4
1812389780,6e4ae8ee-5f40-3489-a759-9fb18abf01dd,-50.85488,-30.05951,2026-04-02 17:11:00+00:00,2026-04-02,NOAA-20,VIAMÃO,RIO GRANDE DO SUL,Brasil,0.0,3.0,0.28,Pampa,33,43,4323002,8,Floresta Ombrófila densa,221_081,6.2
1812389148,3b1d991c-5f2e-3907-aaa4-7e242496c23f,-51.70337,-29.43968,2026-04-02 17:11:00+00:00,2026-04-02,NOAA-20,TEUTÔNIA,RIO GRANDE DO SUL,Brasil,0.0,3.0,0.65,Mata Atlântica,33,43,4321451,8,Savana; Caatinga aberta,221_080,2.5
1812389147,69e46be2-4f03-3c3d-8f3f-fef6f16b4a7e,-51.53504,-29.444,2026-04-02 17:11:00+00:00,2026-04-02,NOAA-20,SALVADOR DO SUL,RIO GRANDE DO SUL,Brasil,0.0,3.0,0.56,Mata Atlântica,33,43,4316501,8,Savana arbórea; Caatinga fechada,221_080,4.5
1812388832,8c43279b-4e93-3647-9836-8fb213324666,-53.49401,-29.89935,2026-04-02 17:11:00+00:00,2026-04-02,NOAA-20,FORMIGUEIRO,RIO GRANDE DO SUL,Brasil,0.0,4.0,1.0,Pampa,33,43,4308409,8,Agricultura e diversos,222_081,3.4
1812389182,a9e78382-772a-307a-9ada-d69e20485802,-50.95515,-29.54234,2026-04-02 17:11:00+00:00,2026-04-02,NOAA-20,SANTA MARIA DO HERVAL,RIO GRANDE DO SUL,Brasil,0.0,3.0,0.26,Mata Atlântica,33,43,4316956,8,Floresta Ombrófila densa,221_080,6.8
1812389773,a062ffd5-9da9-36bd-8dfa-0049427c5230,-55.08227,-28.37254,2026-04-02 17:11:00+00:00,2026-04-02,NOAA-20,SÃO LUIZ GONZAGA,RIO GRANDE DO SUL,Brasil,0.0,3.0,0.99,Pampa,33,43,4318903,8,Agricultura e diversos,224_080,9.7
1812389865,ea3e43aa-b63f-33b5-9477-a9e768aa5de1,-40.06878,-19.58834,2026-04-02 17:13:00+00:00,2026-04-02,NOAA-20,ARACRUZ,ESPÍRITO SANTO,Brasil,0.6,1.0,-999.0,Mata Atlântica,33,32,3200607,8,Corpos agua/Solos expostos/Mineracao/Areas urbanas e construidas/neve e gelo,215_074,7.4
1812388804,c0e86e70-6cdf-3fa6-b2c7-2770216ae406,-49.3555,-19.2638,2026-04-02 17:13:00+00:00,2026-04-02,NOAA-20,PRATA,MINAS GERAIS,Brasil,0.0,2.0,0.72,Cerrado,33,31,3152808,8,Pastagens e gramíneas,221_073,4.1
1812388816,1dc03e06-f1a0-308f-8d3e-fa1d71983851,-56.3252,-21.67174,2026-04-02 17:13:00+00:00,2026-04-02,NOAA-20,BELA VISTA,MATO GROSSO DO SUL,Brasil,1.0,2.0,0.84,Cerrado,33,50,5002100,8,Agricultura e diversos,226_075,3.3
1812388877,b18bde92-6697-37e7-864c-0335e0d697ff,-53.25493,-25.02111,2026-04-02 17:13:00+00:00,2026-04-02,NOAA-20,CASCAVEL,PARANÁ,Brasil,0.0,0.0,0.07,Mata Atlântica,33,41,4104808,8,Savana; Caatinga aberta,223_077,2.6
1812388955,4945f40d-02f0-35ff-b6a3-7b5009d60c09,-52.67911,-23.03267,2026-04-02 17:13:00+00:00,2026-04-02,NOAA-20,PARANAVAÍ,PARANÁ,Brasil,0.96,0.0,0.6,Mata Atlântica,33,41,4118402,8,Agricultura e diversos,223_076,10.2
1812389124,54795d5b-c064-3cc8-9d9c-495603bc9313,-51.3327,-19.68777,2026-04-02 17:13:00+00:00,2026-04-02,NOAA-20,PARANAÍBA,MATO GROSSO DO SUL,Brasil,4.56,6.0,0.44,Cerrado,33,50,5006309,8,Pastagens e gramíneas,223_074,5.7
1812389134,0fb162eb-b36b-3ed6-90c9-068a1917f22e,-50.7498,-24.9329,2026-04-02 17:13:00+00:00,2026-04-02,NOAA-20,IPIRANGA,PARANÁ,Brasil,0.58,0.0,0.04,Mata Atlântica,33,41,4110508,8,Floresta de contato; Campinarana,221_077,127.0
1812389249,e8ac2063-8764-3982-8204-83974da7405c,-56.32087,-21.67116,2026-04-02 17:13:00+00:00,2026-04-02,NOAA-20,BELA VISTA,MATO GROSSO DO SUL,Brasil,1.0,2.0,0.95,Cerrado,33,50,5002100,8,Pastagens e gramíneas,226_075,69.5
1812389251,432c1649-bf74-321c-91e5-ab00940c83e9,-49.61316,-26.96507,2026-04-02 17:13:00+00:00,2026-04-02,NOAA-20,JOSÉ BOITEUX,SANTA CATARINA,Brasil,6.11,4.0,0.05,Mata Atlântica,33,42,4209151,8,Floresta de contato; Campinarana,220_079,2.8
1812389279,d131bd87-0b35-37eb-9a30-f5c70e0e3af5,-48.8643,-26.90429,2026-04-02 17:13:00+00:00,2026-04-02,NOAA-20,ILHOTA,SANTA CATARINA,Brasil,5.73,2.0,0.3,Mata Atlântica,33,42,4207106,8,Agricultura e diversos,220_079,2.1
1812389318,ecc8d7ff-1ca0-3059-8854-5e0d620f6a39,-40.0705,-19.58626,2026-04-02 17:13:00+00:00,2026-04-02,NOAA-20,ARACRUZ,ESPÍRITO SANTO,Brasil,0.61,1.0,-999.0,Mata Atlântica,33,32,3200607,8,Corpos agua/Solos expostos/Mineracao/Areas urbanas e construidas/neve e gelo,215_074,3.8
1812389338,1a0b724f-5cd2-3977-ab4c-eb7ea6df410d,-54.39975,-21.26898,2026-04-02 17:13:00+00:00,2026-04-02,NOAA-20,NOVA ALVORADA DO SUL,MATO GROSSO DO SUL,Brasil,2.0,3.0,0.54,Cerrado,33,50,5006002,8,Pastagens e gramíneas,224_075,2.3
1812389342,79e923e0-0a7d-30a9-a656-9090c5180d6b,-53.37163,-24.87632,2026-04-02 17:13:00+00:00,2026-04-02,NOAA-20,CASCAVEL,PARANÁ,Brasil,0.0,0.0,0.03,Mata Atlântica,33,41,4104808,8,Florestas decíduas e sazonais,223_077,3.5
1812389381,39f0b494-87d4-31ec-b113-f4f8615bb6cd,-48.91024,-20.00598,2026-04-02 17:13:00+00:00,2026-04-02,NOAA-20,FRUTAL,MINAS GERAIS,Brasil,1.01,1.0,0.14,Cerrado,33,31,3127107,8,Corpos agua/Solos expostos/Mineracao/Areas urbanas e construidas/neve e gelo,221_074,5.3
1812389389,c321236b-b302-33ac-abc2-8851d01c573b,-50.75048,-24.92951,2026-04-02 17:13:00+00:00,2026-04-02,NOAA-20,IPIRANGA,PARANÁ,Brasil,0.55,0.0,0.08,Mata Atlântica,33,41,4110508,8,Savana arbórea; Caatinga fechada,221_077,127.0
1812389397,efb21610-0f53-3683-877f-3ce4fe7d93b4,-49.0719,-26.09648,2026-04-02 17:13:00+00:00,2026-04-02,NOAA-20,JOINVILLE,SANTA CATARINA,Brasil,1.08,1.0,0.07,Mata Atlântica,33,42,4209102,8,Floresta Ombrófila densa,220_078,2.8
1812389400,b6b623c2-2996-39fd-a192-b9337328cc8a,-50.75378,-24.93356,2026-04-02 17:13:00+00:00,2026-04-02,NOAA-20,IPIRANGA,PARANÁ,Brasil,0.59,0.0,0.04,Mata Atlântica,33,41,4110508,8,Florestas decíduas e sazonais,221_077,7.0
1812389509,73d02902-7ef1-33ac-995b-0fd382b9ce10,-49.04574,-25.25244,2026-04-02 17:13:00+00:00,2026-04-02,NOAA-20,BOCAIÚVA DO SUL,PARANÁ,Brasil,4.82,0.0,0.05,Mata Atlântica,33,41,4103107,8,Floresta Ombrófila densa,220_078,12.3
1812389511,1662b7cb-8f28-3069-a430-ab13cda38d39,-56.32139,-21.6676,2026-04-02 17:13:00+00:00,2026-04-02,NOAA-20,BELA VISTA,MATO GROSSO DO SUL,Brasil,1.0,2.0,0.88,Cerrado,33,50,5002100,8,Pastagens e gramíneas,226_075,56.9
1812389532,0c4c2737-90f4-35fc-934d-827c24287d01,-51.32798,-19.69058,2026-04-02 17:13:00+00:00,2026-04-02,NOAA-20,PARANAÍBA,MATO GROSSO DO SUL,Brasil,4.63,6.0,0.44,Cerrado,33,50,5006309,8,Pastagens e gramíneas,223_074,5.9
1812389556,2e92c5e7-4577-3476-a61d-94bfe4216f09,-48.86506,-26.90074,2026-04-02 17:13:00+00:00,2026-04-02,NOAA-20,ILHOTA,SANTA CATARINA,Brasil,5.67,3.0,0.29,Mata Atlântica,33,42,4207106,8,Agricultura e diversos,220_079,5.2
1812389568,a72a28a0-8e84-334d-ba3f-9daf4a5fa7da,-51.33615,-19.69194,2026-04-02 17:13:00+00:00,2026-04-02,NOAA-20,PARANAÍBA,MATO GROSSO DO SUL,Brasil,4.37,6.0,0.46,Cerrado,33,50,5006309,8,Pastagens e gramíneas,223_074,5.7
1812389571,a64e203d-19c7-377e-8f73-6372e755e4d7,-54.40351,-21.26953,2026-04-02 17:13:00+00:00,2026-04-02,NOAA-20,NOVA ALVORADA DO SUL,MATO GROSSO DO SUL,Brasil,2.07,3.0,0.52,Cerrado,33,50,5006002,8,Pastagens e gramíneas,224_075,3.5
1812389575,3e378cc3-3897-37dd-9b49-4224efda998b,-51.32389,-19.6899,2026-04-02 17:13:00+00:00,2026-04-02,NOAA-20,PARANAÍBA,MATO GROSSO DO SUL,Brasil,4.75,6.0,0.43,Cerrado,33,50,5006309,8,Pastagens e gramíneas,223_074,5.9
1812389667,8fc1cc95-0678-30f4-a007-1c57908c538b,-52.68286,-23.03325,2026-04-02 17:13:00+00:00,2026-04-02,NOAA-20,PARANAVAÍ,PARANÁ,Brasil,0.98,0.0,0.57,Mata Atlântica,33,41,4118402,8,Pastagens e gramíneas,223_076,41.6
1812389860,275ee1e2-6960-3d48-b186-10074b7905b7,-55.87881,-20.54544,2026-04-02 17:13:00+00:00,2026-04-02,NOAA-20,ANASTÁCIO,MATO GROSSO DO SUL,Brasil,0.0,6.0,0.78,Cerrado,33,50,5000708,8,Pastagens e gramíneas,225_074,27.9
1812389895,e1a062d9-be01-35e2-a839-f97d2447a549,-50.75448,-24.93017,2026-04-02 17:13:00+00:00,2026-04-02,NOAA-20,IPIRANGA,PARANÁ,Brasil,0.57,0.0,0.07,Mata Atlântica,33,41,4110508,8,Savana arbórea; Caatinga fechada,221_077,7.0
1812389898,765d63b4-6cee-3924-bd1d-d09f0d0ba6b1,-50.74649,-24.92886,2026-04-02 17:13:00+00:00,2026-04-02,NOAA-20,IPIRANGA,PARANÁ,Brasil,0.56,0.0,0.1,Mata Atlântica,33,41,4110508,8,Savana; Caatinga aberta,221_077,127.0
1812389917,9676293c-f0e0-3685-ba38-7dd18e696e26,-50.43673,-20.28732,2026-04-02 17:13:00+00:00,2026-04-02,NOAA-20,ESTRELA D'OESTE,SÃO PAULO,Brasil,1.92,0.0,0.28,Mata Atlântica,33,35,3515202,8,Agricultura e diversos,222_074,7.4
1812389848,cb505ea5-54b4-35d7-9771-e6280d9c3dc9,-43.63591,-12.50249,2026-04-02 17:15:00+00:00,2026-04-02,NOAA-20,BREJOLÂNDIA,BAHIA,Brasil,0.4,0.0,0.15,Cerrado,33,29,2904407,8,Savana; Caatinga aberta,219_069,7.8
1812388972,2c9af5e7-b597-361e-8aee-c691f1057268,-52.14083,-12.63787,2026-04-02 17:15:00+00:00,2026-04-02,NOAA-20,QUERÊNCIA,MATO GROSSO,Brasil,5.52,2.0,0.0,Amazônia,33,51,5107065,8,Floresta de contato; Campinarana,224_069,6.0
1812389063,ffedfc80-9cd4-31f4-8752-c3c3648c434f,-41.61817,-12.81031,2026-04-02 17:15:00+00:00,2026-04-02,NOAA-20,MUCUGÊ,BAHIA,Brasil,1.65,0.0,0.02,Caatinga,33,29,2921906,8,Savana; Caatinga aberta,217_069,9.6
1812388750,459d9b54-e021-3951-a1b0-0ca51bc35f8b,-41.61665,-12.81593,2026-04-02 17:15:00+00:00,2026-04-02,NOAA-20,MUCUGÊ,BAHIA,Brasil,1.6,0.0,0.02,Caatinga,33,29,2921906,8,Savana arbórea; Caatinga fechada,217_069,12.9
1812389001,9e67e0a7-e7f9-3501-bd8f-5d0a9193d3a9,-55.31885,-18.65047,2026-04-02 17:15:00+00:00,2026-04-02,NOAA-20,RIO VERDE DE MATO GROSSO,MATO GROSSO DO SUL,Brasil,0.61,4.0,0.58,Pantanal,33,50,5007406,8,Pastagens e gramíneas,225_073,1.4
1812389717,609813d1-75d4-3b9d-b861-a0f836ef1e2e,-54.71817,-18.43624,2026-04-02 17:15:00+00:00,2026-04-02,NOAA-20,COXIM,MATO GROSSO DO SUL,Brasil,0.6,0.0,0.07,Cerrado,33,50,5003306,8,Savana; Caatinga aberta,225_073,12.8
1812389924,80a3be62-3afb-3fb1-92b5-c273fa19f025,-55.30062,-14.94114,2026-04-02 17:15:00+00:00,2026-04-02,NOAA-20,CHAPADA DOS GUIMARÃES,MATO GROSSO,Brasil,4.09,0.0,0.03,Cerrado,33,51,5103007,8,Pastagens e gramíneas,226_070,7.0
1812388786,0ba19115-a769-36ca-82b0-6fc712ba3da1,-43.63993,-12.50082,2026-04-02 17:15:00+00:00,2026-04-02,NOAA-20,BREJOLÂNDIA,BAHIA,Brasil,0.4,0.0,0.11,Cerrado,33,29,2904407,8,Savana arbórea; Caatinga fechada,219_069,5.2
1812389789,804d9947-b6d9-3baa-a5ef-bc76e10ab514,-58.82343,-14.54618,2026-04-02 17:15:00+00:00,2026-04-02,NOAA-20,TANGARÁ DA SERRA,MATO GROSSO,Brasil,5.62,0.0,0.01,Cerrado,33,51,5107958,8,Savana; Caatinga aberta,228_070,4.8
1812389494,880a5e30-288f-364e-acd6-8a0003df3b05,-53.78091,-17.34031,2026-04-02 17:15:00+00:00,2026-04-02,NOAA-20,SONORA,MATO GROSSO DO SUL,Brasil,7.63,4.0,0.02,Cerrado,33,50,5007935,8,Agricultura e diversos,225_072,4.7
1812389565,167720fa-ec94-3305-a8b2-aec5f88701dd,-62.87078,-11.95817,2026-04-02 17:17:00+00:00,2026-04-02,NOAA-20,SÃO MIGUEL DO GUAPORÉ,RONDÔNIA,Brasil,0.61,0.0,0.16,Amazônia,33,11,1100320,8,Pastagens e gramíneas,231_068,5.9
1812389345,21169690-5d63-3bdc-b127-d4920415250e,-58.51875,-3.15464,2026-04-02 17:20:00+00:00,2026-04-02,NOAA-20,ITACOATIARA,AMAZONAS,Brasil,0.0,0.0,-999.0,Amazônia,33,13,1301902,8,Corpos agua/Solos expostos/Mineracao/Areas urbanas e construidas/neve e gelo,230_062,1.4
1812389340,e5db5d78-19b2-3af2-96af-2e870e0c9d93,-64.1867,-7.09681,2026-04-02 17:20:00+00:00,2026-04-02,NOAA-20,CANUTAMA,AMAZONAS,Brasil,1.97,0.0,0.01,Amazônia,33,13,1300904,8,Floresta Ombrófila densa,233_065,0.5
1812389616,cc0b576e-5147-36e7-8678-2ef5152d8c82,-63.2424,-3.94889,2026-04-02 17:20:00+00:00,2026-04-02,NOAA-20,COARI,AMAZONAS,Brasil,5.69,0.0,0.01,Amazônia,33,13,1301209,8,Floresta Ombrófila densa,233_063,6.0
1812389233,d47cce6f-6101-398e-8594-316ed18b96aa,-63.24323,-3.94903,2026-04-02 17:20:00+00:00,2026-04-02,NOAA-20,COARI,AMAZONAS,Brasil,5.67,0.0,0.01,Amazônia,33,13,1301209,8,Floresta Ombrófila densa,233_063,4.8
1812389754,fc5e073b-1fda-396a-a6d6-431836106762,-55.17349,-1.89784,2026-04-02 17:20:00+00:00,2026-04-02,NOAA-20,CURUÁ,PARÁ,Brasil,2.31,0.0,0.0,Amazônia,33,15,1502855,8,Floresta Ombrófila densa,228_061,3.8
1812388760,df48211f-0071-3b22-b189-f363a3748543,-55.17749,-1.89847,2026-04-02 17:20:00+00:00,2026-04-02,NOAA-20,ÓBIDOS,PARÁ,Brasil,2.24,0.0,0.0,Amazônia,33,15,1505106,8,Florestas decíduas e sazonais,228_061,5.9
1812389687,6eeb676f-59ad-3016-8614-0c1b4bf1f618,-60.08018,4.10321,2026-04-02 17:22:00+00:00,2026-04-02,NOAA-20,NORMANDIA,RORAIMA,Brasil,0.6,0.0,0.16,Amazônia,33,14,1400407,8,Savana; Caatinga aberta,232_057,140.3
1812389689,ab584d3f-8351-3180-8e8d-0282bbc83b0a,-60.91568,3.87391,2026-04-02 17:22:00+00:00,2026-04-02,NOAA-20,AMAJARI,RORAIMA,Brasil,0.5,0.0,0.07,Amazônia,33,14,1400027,8,Savana; Caatinga aberta,232_057,4.7
1812389730,858cbca4-953b-3e02-85d1-c640c51dac63,-60.08068,4.10653,2026-04-02 17:22:00+00:00,2026-04-02,NOAA-20,NORMANDIA,RORAIMA,Brasil,0.6,0.0,0.16,Amazônia,33,14,1400407,8,Savana; Caatinga aberta,232_057,140.3
1812389732,f2d98db0-8960-3e09-8573-8b1ebf16c89d,-60.11267,3.24259,2026-04-02 17:22:00+00:00,2026-04-02,NOAA-20,BONFIM,RORAIMA,Brasil,0.0,0.0,0.04,Amazônia,33,14,1400159,8,Savana; Caatinga aberta,232_058,4.7
1812388882,34dd67f5-e562-3538-a94e-091111f3fae6,-60.22205,4.66185,2026-04-02 17:22:00+00:00,2026-04-02,NOAA-20,UIRAMUTÃ,RORAIMA,Brasil,1.02,1.0,0.06,Amazônia,33,14,1400704,8,Agricultura e diversos,232_057,26.1
1812389810,30357db5-870f-39cb-816d-32d6df835436,-60.91724,3.88163,2026-04-02 17:22:00+00:00,2026-04-02,NOAA-20,AMAJARI,RORAIMA,Brasil,0.5,0.0,0.07,Amazônia,33,14,1400027,8,Savana; Caatinga aberta,232_057,4.7
1812389232,ef0a63ce-a89e-3b29-b3f7-e6f8434cbe17,-60.47158,3.75764,2026-04-02 17:22:00+00:00,2026-04-02,NOAA-20,NORMANDIA,RORAIMA,Brasil,0.22,0.0,0.01,Amazônia,33,14,1400407,8,Savana; Caatinga aberta,232_057,2.4
1812389418,cc302273-cbdc-33fc-b639-33b215dd789f,-59.95253,3.65428,2026-04-02 17:22:00+00:00,2026-04-02,NOAA-20,NORMANDIA,RORAIMA,Brasil,0.03,0.0,0.05,Amazônia,33,14,1400407,8,Savana; Caatinga aberta,231_058,3.0
1812389039,ef6704cf-475b-3aa5-9b9a-5668c7efe290,-60.34665,1.2822,2026-04-02 17:22:00+00:00,2026-04-02,NOAA-20,CARACARAÍ,RORAIMA,Brasil,0.1,1.0,0.24,Amazônia,33,14,1400209,8,Savana; Caatinga aberta,231_059,4.4
1812389056,80720d9c-4c8e-3232-9720-1895581895ac,-60.60493,1.84458,2026-04-02 17:22:00+00:00,2026-04-02,NOAA-20,CARACARAÍ,RORAIMA,Brasil,0.1,2.0,0.55,Amazônia,33,14,1400209,8,Pastagens e gramíneas,232_059,24.0
1812389461,861cd4fa-6094-381f-842c-2e781968311f,-69.17737,0.63778,2026-04-02 17:22:00+00:00,2026-04-02,NOAA-20,SÃO GABRIEL DA CACHOEIRA,AMAZONAS,Brasil,0.0,1.0,0.01,Amazônia,33,13,1303809,8,Floresta Ombrófila densa,004_060,5.5
1812388990,de37767e-75cb-362c-9d89-c71a9c8fab76,-60.26009,4.15716,2026-04-02 17:22:00+00:00,2026-04-02,NOAA-20,NORMANDIA,RORAIMA,Brasil,0.2,0.0,0.2,Amazônia,33,14,1400407,8,Savana; Caatinga aberta,232_057,8.1
1812389502,8116b220-d848-39b1-8a07-cac4ceaf6feb,-60.84953,3.97176,2026-04-02 17:22:00+00:00,2026-04-02,NOAA-20,PACARAIMA,RORAIMA,Brasil,0.6,0.0,0.03,Amazônia,33,14,1400456,8,Savana; Caatinga aberta,232_057,3.2
1812389526,aa80eb5d-b989-3c56-9a86-94fa8d6722fb,-62.62323,0.88685,2026-04-02 17:22:00+00:00,2026-04-02,NOAA-20,BARCELOS,AMAZONAS,Brasil,0.3,1.0,0.05,Amazônia,33,13,1300409,8,Floresta Ombrófila densa,233_059,11.1
1812389307,ef80609a-7a53-3634-b453-7b3499de9744,-60.10618,3.247,2026-04-02 17:22:00+00:00,2026-04-02,NOAA-20,BONFIM,RORAIMA,Brasil,0.0,0.0,0.04,Amazônia,33,14,1400159,8,Savana; Caatinga aberta,232_058,9.3
1812389104,081b77aa-a7e1-3a4d-9471-1e65c881c333,-60.06709,3.06647,2026-04-02 17:22:00+00:00,2026-04-02,NOAA-20,BONFIM,RORAIMA,Brasil,0.2,0.0,0.13,Amazônia,33,14,1400159,8,Savana; Caatinga aberta,231_058,8.8
1812389130,6d85caeb-8de1-3c46-840d-3577a0f2e602,-60.10907,4.60121,2026-04-02 17:22:00+00:00,2026-04-02,NOAA-20,UIRAMUTÃ,RORAIMA,Brasil,0.8,1.0,0.1,Amazônia,33,14,1400704,8,Savana arbórea; Caatinga fechada,232_057,19.8
1812389584,c1f6dac0-40d9-3206-8a40-100214e0f91f,-60.72878,4.11964,2026-04-02 17:22:00+00:00,2026-04-02,NOAA-20,PACARAIMA,RORAIMA,Brasil,0.9,1.0,0.03,Amazônia,33,14,1400456,8,Savana; Caatinga aberta,232_057,3.1
1812389596,59a76486-2ab1-36df-9c5d-93310319912e,-60.92138,3.88445,2026-04-02 17:22:00+00:00,2026-04-02,NOAA-20,AMAJARI,RORAIMA,Brasil,0.5,0.0,0.08,Amazônia,33,14,1400027,8,Savana; Caatinga aberta,232_057,4.3
1812388952,9a185a0e-9103-3aa3-b261-960e79fb5d45,-69.17761,0.63365,2026-04-02 17:22:00+00:00,2026-04-02,NOAA-20,SÃO GABRIEL DA CACHOEIRA,AMAZONAS,Brasil,0.0,1.0,0.01,Amazônia,33,13,1303809,8,Floresta Ombrófila densa,004_060,6.4
1812389640,a5ddb1e6-c42f-365e-9273-5c0d094159c8,-61.23053,2.13001,2026-04-02 17:22:00+00:00,2026-04-02,NOAA-20,IRACEMA,RORAIMA,Brasil,0.1,2.0,0.07,Amazônia,33,14,1400282,8,Floresta Ombrófila densa,232_059,10.1
1812388946,efe43d96-6244-3fdd-b5d4-86575f49bb91,-61.80507,2.49322,2026-04-02 17:22:00+00:00,2026-04-02,NOAA-20,MUCAJAÍ,RORAIMA,Brasil,0.1,0.0,0.01,Amazônia,33,14,1400308,8,Floresta de contato; Campinarana,233_058,3.6
1812389221,43abe035-4736-3333-be00-e2e80730ee60,-60.0636,3.067,2026-04-02 17:22:00+00:00,2026-04-02,NOAA-20,BONFIM,RORAIMA,Brasil,0.2,0.0,0.13,Amazônia,33,14,1400159,8,Savana; Caatinga aberta,231_058,4.9
1812389854,91db0262-92a9-363d-aeab-d98e56ece3d3,-60.51423,3.42523,2026-04-02 17:22:00+00:00,2026-04-02,NOAA-20,BOA VISTA,RORAIMA,Brasil,0.0,0.0,0.05,Amazônia,33,14,1400100,8,Savana; Caatinga aberta,232_058,5.1
1812389217,718b07e7-aaca-373c-9f6b-5747531f5c61,-61.32879,1.86899,2026-04-02 17:22:00+00:00,2026-04-02,NOAA-20,CARACARAÍ,RORAIMA,Brasil,0.1,0.0,0.47,Amazônia,33,14,1400209,8,Savana arbórea; Caatinga fechada,232_059,11.4
1812389881,c3a1f5c7-aa23-3643-bec6-9b9173503a79,-60.60859,1.84403,2026-04-02 17:22:00+00:00,2026-04-02,NOAA-20,CARACARAÍ,RORAIMA,Brasil,0.1,2.0,0.5,Amazônia,33,14,1400209,8,Pastagens e gramíneas,232_059,9.7
1812389199,95892a0b-c990-3863-b414-a5ad7a35175c,-60.7606,1.40428,2026-04-02 17:22:00+00:00,2026-04-02,NOAA-20,CARACARAÍ,RORAIMA,Brasil,0.4,0.0,0.04,Amazônia,33,14,1400209,8,Floresta Ombrófila densa,232_059,2.5
1812389143,3470da8d-9fe0-3974-9bb9-8f49053c221c,-60.60807,1.84062,2026-04-02 17:22:00+00:00,2026-04-02,NOAA-20,CARACARAÍ,RORAIMA,Brasil,0.1,2.0,0.33,Amazônia,33,14,1400209,8,Savana; Caatinga aberta,232_059,10.4
1812389169,24d6fc15-29fc-365a-a01f-94c7061f3262,-59.9502,4.34024,2026-04-02 17:22:00+00:00,2026-04-02,NOAA-20,UIRAMUTÃ,RORAIMA,Brasil,0.7,0.0,0.34,Amazônia,33,14,1400704,8,Savana; Caatinga aberta,232_057,5.8
1812389433,df24afac-9d85-31e2-98c8-8f52f62c7a55,-60.91829,3.93694,2026-04-02 17:22:00+00:00,2026-04-02,NOAA-20,PACARAIMA,RORAIMA,Brasil,0.6,0.0,0.09,Amazônia,33,14,1400456,8,Savana; Caatinga aberta,232_057,1.4
1812389395,0eafbbd4-e9b8-3920-a8d3-9215c108c5b9,-60.54517,3.78749,2026-04-02 17:22:00+00:00,2026-04-02,NOAA-20,PACARAIMA,RORAIMA,Brasil,0.3,0.0,0.01,Amazônia,33,14,1400456,8,Savana; Caatinga aberta,232_057,1.6
1812389432,97dac2b2-b183-3500-a21b-a6373deae515,-60.00365,4.36281,2026-04-02 17:22:00+00:00,2026-04-02,NOAA-20,UIRAMUTÃ,RORAIMA,Brasil,1.0,1.0,0.36,Amazônia,33,14,1400704,8,Savana; Caatinga aberta,232_057,5.6
1812389022,c968ffc1-300a-3d15-9950-ba8ee6c76d80,-60.85675,3.97065,2026-04-02 17:22:00+00:00,2026-04-02,NOAA-20,PACARAIMA,RORAIMA,Brasil,0.6,0.0,0.04,Amazônia,33,14,1400456,8,Savana; Caatinga aberta,232_057,1.8
1812391930,50179681-f048-385a-b618-3ccb95cdd93a,-52.58338,-31.96729,2026-04-02 18:00:00+00:00,2026-04-02,NOAA-21,ARROIO GRANDE,RIO GRANDE DO SUL,Brasil,0.0,3.0,1.0,Pampa,33,43,4301305,8,Agricultura e diversos,221_082,2.0
1812391501,d4fba151-a5fd-341f-badf-999540fe99e3,-53.06925,-31.04964,2026-04-02 18:02:00+00:00,2026-04-02,NOAA-21,PIRATINI,RIO GRANDE DO SUL,Brasil,0.0,3.0,0.4,Pampa,33,43,4314605,8,Savana arbórea; Caatinga fechada,222_082,20.0
1812390097,20f986d1-1814-3a12-89b3-601d6f46878b,-53.09171,-31.0386,2026-04-02 18:02:00+00:00,2026-04-02,NOAA-21,PIRATINI,RIO GRANDE DO SUL,Brasil,0.0,3.0,0.72,Pampa,33,43,4314605,8,Agricultura e diversos,222_082,4.2
1812390120,cbe627cf-e538-3a2d-bf8a-287e4c0ae8de,-51.09385,-29.51381,2026-04-02 18:02:00+00:00,2026-04-02,NOAA-21,MORRO REUTER,RIO GRANDE DO SUL,Brasil,0.0,3.0,0.26,Mata Atlântica,33,43,4312476,8,Floresta Ombrófila densa,221_080,7.8
1812390141,8960af84-bb9a-34dc-a9f9-68176bf6f26d,-53.07668,-31.05142,2026-04-02 18:02:00+00:00,2026-04-02,NOAA-21,PIRATINI,RIO GRANDE DO SUL,Brasil,0.0,3.0,0.32,Pampa,33,43,4314605,8,Floresta de contato; Campinarana,222_082,10.6
1812390212,f71218af-8ba9-32cb-aa77-8200db1ae76c,-53.0883,-31.03778,2026-04-02 18:02:00+00:00,2026-04-02,NOAA-21,PIRATINI,RIO GRANDE DO SUL,Brasil,0.0,3.0,0.78,Pampa,33,43,4314605,8,Agricultura e diversos,222_082,4.3
1812389963,a48e6920-35d9-37ed-981e-52b4b8a9a9b8,-54.5161,-28.5713,2026-04-02 18:02:00+00:00,2026-04-02,NOAA-21,SÃO MIGUEL DAS MISSÕES,RIO GRANDE DO SUL,Brasil,0.0,3.0,0.99,Pampa,33,43,4319158,8,Agricultura e diversos,223_080,46.8
1812390998,79d9fd9d-d8b3-395e-a539-0b6b8d47ecc2,-53.07299,-31.05054,2026-04-02 18:02:00+00:00,2026-04-02,NOAA-21,PIRATINI,RIO GRANDE DO SUL,Brasil,0.0,3.0,0.36,Pampa,33,43,4314605,8,Floresta de contato; Campinarana,222_082,10.6
1812391026,af654544-b92e-3d33-ac92-d91179db9f7f,-51.08341,-24.97426,2026-04-02 18:02:00+00:00,2026-04-02,NOAA-21,PRUDENTÓPOLIS,PARANÁ,Brasil,0.99,0.0,0.19,Mata Atlântica,33,41,4120606,8,Agricultura e diversos,222_077,17.0
1812391186,e0874e50-c90d-3673-a6a5-ab2f72463187,-54.52273,-28.57285,2026-04-02 18:02:00+00:00,2026-04-02,NOAA-21,SÃO MIGUEL DAS MISSÕES,RIO GRANDE DO SUL,Brasil,0.0,3.0,1.0,Pampa,33,43,4319158,8,Agricultura e diversos,223_080,41.2
1812391269,983be247-cbc6-3aa4-802a-60ce662c74a9,-51.08159,-24.97209,2026-04-02 18:02:00+00:00,2026-04-02,NOAA-21,PRUDENTÓPOLIS,PARANÁ,Brasil,0.95,0.0,0.15,Mata Atlântica,33,41,4120606,8,Savana; Caatinga aberta,222_077,18.1
1812391760,65410ee2-794c-3d19-8a61-585d1eba5aa5,-51.5016,-29.41046,2026-04-02 18:02:00+00:00,2026-04-02,NOAA-21,SÃO PEDRO DA SERRA,RIO GRANDE DO SUL,Brasil,0.0,3.0,0.21,Mata Atlântica,33,43,4319356,8,Floresta Ombrófila densa,221_080,6.0
1812391327,493c9601-938e-3f5f-acea-06d8880cecf3,-51.06067,-29.51789,2026-04-02 18:02:00+00:00,2026-04-02,NOAA-21,MORRO REUTER,RIO GRANDE DO SUL,Brasil,0.0,3.0,0.26,Mata Atlântica,33,43,4312476,8,Floresta Ombrófila densa,221_080,5.3
1812391332,0cbf7693-90b7-383e-9887-d989348d0a88,-55.08149,-28.37066,2026-04-02 18:02:00+00:00,2026-04-02,NOAA-21,SÃO LUIZ GONZAGA,RIO GRANDE DO SUL,Brasil,0.0,3.0,0.99,Pampa,33,43,4318903,8,Agricultura e diversos,224_080,9.7
1812391372,f873402a-31b8-3413-8ca6-4d17a1a32fc9,-53.07093,-31.04457,2026-04-02 18:02:00+00:00,2026-04-02,NOAA-21,PIRATINI,RIO GRANDE DO SUL,Brasil,0.0,3.0,0.59,Pampa,33,43,4314605,8,Agricultura e diversos,222_082,22.3
1812391770,b9a75708-d280-35f4-97fb-ca6937e12e59,-50.75132,-24.92832,2026-04-02 18:02:00+00:00,2026-04-02,NOAA-21,IPIRANGA,PARANÁ,Brasil,0.54,0.0,0.09,Mata Atlântica,33,41,4110508,8,Savana; Caatinga aberta,221_077,95.7
1812390048,e6d5a437-9ea1-3c44-a6b4-bdecf6ca0308,-54.5194,-28.57207,2026-04-02 18:02:00+00:00,2026-04-02,NOAA-21,SÃO MIGUEL DAS MISSÕES,RIO GRANDE DO SUL,Brasil,0.0,3.0,1.0,Pampa,33,43,4319158,8,Agricultura e diversos,223_080,41.2
1812390455,1be227b8-db40-3086-9516-8df4eb47407a,-51.12515,-29.54096,2026-04-02 18:02:00+00:00,2026-04-02,NOAA-21,PRESIDENTE LUCENA,RIO GRANDE DO SUL,Brasil,0.0,3.0,0.25,Mata Atlântica,33,43,4315149,8,Floresta Ombrófila densa,221_080,12.3
1812390481,6a3c9fd0-c2b3-38e1-9293-429d35ef8ef6,-51.12101,-29.53988,2026-04-02 18:02:00+00:00,2026-04-02,NOAA-21,PRESIDENTE LUCENA,RIO GRANDE DO SUL,Brasil,0.0,3.0,0.26,Mata Atlântica,33,43,4315149,8,Floresta Ombrófila densa,221_080,10.6
1812390590,b84be8ea-efa2-334c-9f7f-0547cee6388c,-51.70549,-29.4379,2026-04-02 18:02:00+00:00,2026-04-02,NOAA-21,TEUTÔNIA,RIO GRANDE DO SUL,Brasil,0.0,3.0,0.68,Mata Atlântica,33,43,4321451,8,Savana; Caatinga aberta,221_080,3.4
1812390676,59dde73f-d4d2-3c31-af44-43c6a57822af,-53.27592,-30.31447,2026-04-02 18:02:00+00:00,2026-04-02,NOAA-21,CACHOEIRA DO SUL,RIO GRANDE DO SUL,Brasil,0.0,8.0,1.0,Pampa,33,43,4303004,8,Agricultura e diversos,222_081,5.6
1812390691,030f826a-8af3-3b68-a109-cc11eea0bffa,-53.08473,-31.03692,2026-04-02 18:02:00+00:00,2026-04-02,NOAA-21,PIRATINI,RIO GRANDE DO SUL,Brasil,0.0,3.0,0.81,Pampa,33,43,4314605,8,Agricultura e diversos,222_082,4.3
1812390705,3f74b178-5946-34e7-9822-3531bea39663,-53.06543,-31.04873,2026-04-02 18:02:00+00:00,2026-04-02,NOAA-21,PIRATINI,RIO GRANDE DO SUL,Brasil,0.0,3.0,0.44,Pampa,33,43,4314605,8,Savana arbórea; Caatinga fechada,222_082,20.0
1812390731,2342c74c-03b4-33ff-bd33-200b2b05140b,-51.0663,-29.51935,2026-04-02 18:02:00+00:00,2026-04-02,NOAA-21,MORRO REUTER,RIO GRANDE DO SUL,Brasil,0.0,3.0,0.26,Mata Atlântica,33,43,4312476,8,Florestas decíduas e sazonais,221_080,5.3
1812390791,21ea8be3-763e-3593-9993-8ddae4c9cd50,-51.05855,-29.50462,2026-04-02 18:02:00+00:00,2026-04-02,NOAA-21,MORRO REUTER,RIO GRANDE DO SUL,Brasil,0.0,3.0,0.26,Mata Atlântica,33,43,4312476,8,Floresta Ombrófila densa,221_080,3.1
1812390834,63436921-2450-3321-b72d-f26da9725e66,-50.74482,-24.92663,2026-04-02 18:02:00+00:00,2026-04-02,NOAA-21,IPIRANGA,PARANÁ,Brasil,0.56,0.0,0.12,Mata Atlântica,33,41,4110508,8,Agricultura e diversos,221_077,68.3
1812390901,ca84c070-a6f2-39f3-9d0a-c90afa0471df,-52.81852,-29.56479,2026-04-02 18:02:00+00:00,2026-04-02,NOAA-21,CANDELÁRIA,RIO GRANDE DO SUL,Brasil,0.0,0.0,0.18,Mata Atlântica,33,43,4304200,8,Floresta Ombrófila densa,222_080,4.0
1812390923,31a3883c-ec45-3d31-aeb8-4ea1b323e903,-50.85217,-30.06134,2026-04-02 18:02:00+00:00,2026-04-02,NOAA-21,VIAMÃO,RIO GRANDE DO SUL,Brasil,0.0,3.0,0.28,Pampa,33,43,4323002,8,Floresta Ombrófila densa,221_081,8.4
1812390437,ac056f39-8ce3-34ea-babb-3946a06c48c8,-55.881,-20.54507,2026-04-02 18:04:00+00:00,2026-04-02,NOAA-21,ANASTÁCIO,MATO GROSSO DO SUL,Brasil,0.0,6.0,0.78,Cerrado,33,50,5000708,8,Pastagens e gramíneas,225_074,12.6
1812391900,18624999-440f-3796-9a99-3f002b0a0e4b,-52.68362,-23.032,2026-04-02 18:04:00+00:00,2026-04-02,NOAA-21,PARANAVAÍ,PARANÁ,Brasil,1.03,1.0,0.51,Mata Atlântica,33,41,4118402,8,Agricultura e diversos,223_076,30.6
1812391057,89b2faf5-2dc7-337e-91a7-004fd952ae04,-55.87724,-20.54424,2026-04-02 18:04:00+00:00,2026-04-02,NOAA-21,ANASTÁCIO,MATO GROSSO DO SUL,Brasil,0.0,6.0,0.77,Cerrado,33,50,5000708,8,Pastagens e gramíneas,225_074,12.2
1812390153,e0f3462d-c256-394e-b210-dea41b18745c,-52.67855,-23.03077,2026-04-02 18:04:00+00:00,2026-04-02,NOAA-21,PARANAVAÍ,PARANÁ,Brasil,1.01,1.0,0.48,Mata Atlântica,33,41,4118402,8,Savana; Caatinga aberta,223_076,18.0
1812391524,241ebe2e-a36f-369f-b09e-904d76d26e64,-56.32256,-21.66948,2026-04-02 18:04:00+00:00,2026-04-02,NOAA-21,BELA VISTA,MATO GROSSO DO SUL,Brasil,1.0,2.0,0.85,Cerrado,33,50,5002100,8,Pastagens e gramíneas,226_075,76.1
1812390513,d40b2944-0a28-3bad-ba02-779aa53adfe7,-56.31796,-21.67394,2026-04-02 18:04:00+00:00,2026-04-02,NOAA-21,BELA VISTA,MATO GROSSO DO SUL,Brasil,1.0,2.0,0.99,Cerrado,33,50,5002100,8,Pastagens e gramíneas,226_075,113.4
1812391637,712537ad-10fd-3679-a395-4da35d324f04,-54.71916,-18.43852,2026-04-02 18:04:00+00:00,2026-04-02,NOAA-21,COXIM,MATO GROSSO DO SUL,Brasil,0.63,0.0,0.12,Cerrado,33,50,5003306,8,Agricultura e diversos,225_073,6.7
1812390635,8819c914-fa58-3aec-8520-cd8938ec2f61,-56.32584,-21.67019,2026-04-02 18:04:00+00:00,2026-04-02,NOAA-21,BELA VISTA,MATO GROSSO DO SUL,Brasil,1.0,2.0,0.73,Cerrado,33,50,5002100,8,Agricultura e diversos,226_075,76.1
1812391211,72abd78d-d5b4-3627-820d-6535e1602e84,-56.32404,-21.66436,2026-04-02 18:04:00+00:00,2026-04-02,NOAA-21,BELA VISTA,MATO GROSSO DO SUL,Brasil,1.0,2.0,0.62,Cerrado,33,50,5002100,8,Savana; Caatinga aberta,226_075,20.9
1812391786,86256785-7e56-33cb-bf9c-d993bf7319bb,-56.31595,-21.66806,2026-04-02 18:04:00+00:00,2026-04-02,NOAA-21,BELA VISTA,MATO GROSSO DO SUL,Brasil,1.0,2.0,0.97,Cerrado,33,50,5002100,8,Pastagens e gramíneas,226_075,113.4
1812391844,756f5558-a87e-337d-bb63-6274d4238d89,-62.87393,-11.97015,2026-04-02 18:06:00+00:00,2026-04-02,NOAA-21,SÃO MIGUEL DO GUAPORÉ,RONDÔNIA,Brasil,0.6,0.0,0.05,Amazônia,33,11,1100320,8,Floresta de contato; Campinarana,231_068,5.9
1812390050,8ff529d8-3b3e-3355-a60d-0c17e003acc1,-62.87466,-11.96608,2026-04-02 18:06:00+00:00,2026-04-02,NOAA-21,SÃO MIGUEL DO GUAPORÉ,RONDÔNIA,Brasil,0.6,0.0,0.08,Amazônia,33,11,1100320,8,Savana arbórea; Caatinga fechada,231_068,6.0
1812390487,5761126c-1034-3b48-b6ba-a37d118f9dde,-55.76286,-15.0323,2026-04-02 18:06:00+00:00,2026-04-02,NOAA-21,CHAPADA DOS GUIMARÃES,MATO GROSSO,Brasil,0.6,0.0,-999.0,Cerrado,33,51,5103007,8,Corpos agua/Solos expostos/Mineracao/Areas urbanas e construidas/neve e gelo,226_070,0.6
1812391507,db96993f-7bfa-30aa-ac53-7114eadb654f,-62.87363,-11.96627,2026-04-02 18:06:00+00:00,2026-04-02,NOAA-21,SÃO MIGUEL DO GUAPORÉ,RONDÔNIA,Brasil,0.6,0.0,0.09,Amazônia,33,11,1100320,8,Savana; Caatinga aberta,231_068,5.6
1812391716,7868e5b3-f166-3cc6-9d30-afc369f90ae0,-59.95649,3.45449,2026-04-02 18:11:00+00:00,2026-04-02,NOAA-21,BONFIM,RORAIMA,Brasil,0.0,0.0,0.26,Amazônia,33,14,1400159,8,Savana; Caatinga aberta,231_058,3.0
1812391809,99cdf671-c062-3060-a1c2-e4f767cc7acf,-67.32288,0.42978,2026-04-02 18:11:00+00:00,2026-04-02,NOAA-21,SÃO GABRIEL DA CACHOEIRA,AMAZONAS,Brasil,7.48,0.0,-999.0,Amazônia,33,13,1303809,8,Agricultura e diversos,003_060,7.1
1812390843,e7f30f4e-3edd-3544-95d2-3b5c2ef1e767,-60.7604,1.40737,2026-04-02 18:11:00+00:00,2026-04-02,NOAA-21,CARACARAÍ,RORAIMA,Brasil,0.4,0.0,0.04,Amazônia,33,14,1400209,8,Floresta Ombrófila densa,232_059,17.6
1812391837,77659a3c-80ea-3362-8473-4c5691849880,-61.35197,1.94352,2026-04-02 18:11:00+00:00,2026-04-02,NOAA-21,CARACARAÍ,RORAIMA,Brasil,0.0,0.0,0.12,Amazônia,33,14,1400209,8,Floresta Ombrófila densa,232_059,19.0
1812390448,29ad86e0-a7a9-3942-a661-4f5b68463594,-60.65901,1.30358,2026-04-02 18:11:00+00:00,2026-04-02,NOAA-21,CARACARAÍ,RORAIMA,Brasil,0.1,2.0,0.05,Amazônia,33,14,1400209,8,Floresta Ombrófila densa,232_059,27.6
1812391594,ba9a9a51-101e-301e-9940-9de9e626547a,-60.65996,1.30945,2026-04-02 18:11:00+00:00,2026-04-02,NOAA-21,CARACARAÍ,RORAIMA,Brasil,0.1,2.0,0.05,Amazônia,33,14,1400209,8,Floresta Ombrófila densa,232_059,27.6
1812391475,16935fa5-9e21-381d-a6a6-4304b3487339,-60.24163,4.66535,2026-04-02 18:11:00+00:00,2026-04-02,NOAA-21,UIRAMUTÃ,RORAIMA,Brasil,1.22,1.0,0.09,Amazônia,33,14,1400704,8,Pastagens e gramíneas,232_057,9.1
1812391677,0c695513-a2a2-34b8-ae96-95fab952f89c,-60.76456,1.40674,2026-04-02 18:11:00+00:00,2026-04-02,NOAA-21,CARACARAÍ,RORAIMA,Brasil,0.4,0.0,0.04,Amazônia,33,14,1400209,8,Floresta Ombrófila densa,232_059,15.8
1812393643,a0067e7b-76ca-30b3-b20f-7ae9a53cc182,-43.64139,-12.50321,2026-04-02 18:17:00+00:00,2026-04-02,AQUA_M-T,BREJOLÂNDIA,BAHIA,Brasil,0.4,0.0,0.11,Cerrado,33,29,2904407,8,Savana arbórea; Caatinga fechada,219_069,14.0
1812393172,8f1decc7-26d5-32fd-a84e-1b42747464db,-40.42874,-12.34557,2026-04-02 18:17:00+00:00,2026-04-02,AQUA_M-T,ITABERABA,BAHIA,Brasil,0.0,0.0,0.16,Caatinga,33,29,2914703,8,Savana arbórea; Caatinga fechada,217_068,4.8
1812392917,acf9579a-2135-3162-aead-068ef2ebac5e,-56.39197,-29.32304,2026-04-02 18:32:00+00:00,2026-04-02,NPP-375,ITAQUI,RIO GRANDE DO SUL,Brasil,0.0,10.0,1.0,Pampa,33,43,4310603,8,Agricultura e diversos,224_080,8.8
1812394906,ff5822d7-5b2c-397e-bd88-f6a38fd94c63,-53.06985,-31.04543,2026-04-02 18:32:00+00:00,2026-04-02,NPP-375,PIRATINI,RIO GRANDE DO SUL,Brasil,0.0,3.0,0.57,Pampa,33,43,4314605,8,Savana; Caatinga aberta,222_082,17.3
1812396415,df9f8d7f-2cad-3fa2-bb6c-8fe3013812fd,-53.09079,-31.03612,2026-04-02 18:32:00+00:00,2026-04-02,NPP-375,PIRATINI,RIO GRANDE DO SUL,Brasil,0.0,3.0,0.8,Pampa,33,43,4314605,8,Agricultura e diversos,222_082,8.0
1812392354,c39165fb-618e-3633-b77e-49435519c226,-53.06082,-31.04272,2026-04-02 18:32:00+00:00,2026-04-02,NPP-375,PIRATINI,RIO GRANDE DO SUL,Brasil,0.0,3.0,0.6,Pampa,33,43,4314605,8,Savana; Caatinga aberta,222_082,17.3
1812393230,5e31d7fd-bb0a-35b7-8d95-4609707b87c7,-64.99804,-10.59932,2026-04-02 18:38:00+00:00,2026-04-02,NPP-375,GUAJARÁ-MIRIM,RONDÔNIA,Brasil,0.75,0.0,0.17,Amazônia,33,11,1100106,8,Savana; Caatinga aberta,233_067,5.2
1812418195,8a74ab0b-7c55-37e5-86a8-16d40f38f2ac,-66.99508,-9.97029,2026-04-02 19:55:00+00:00,2026-04-02,AQUA_M-T,ACRELÂNDIA,ACRE,Brasil,2.75,0.0,0.1,Amazônia,33,12,1200013,8,Pastagens e gramíneas,001_067,5.6
1812417718,bff41701-e03b-38d2-ab7c-16d210d88c7b,-65.78138,-9.11293,2026-04-02 19:55:00+00:00,2026-04-02,AQUA_M-T,LÁBREA,AMAZONAS,Brasil,1.5,1.0,0.0,Amazônia,33,13,1302405,8,Floresta Ombrófila densa,001_066,9.6
1812418201,211cbcd3-e47f-3ec5-8c33-3b20715b8cf9,-65.79158,-9.11447,2026-04-02 19:55:00+00:00,2026-04-02,AQUA_M-T,LÁBREA,AMAZONAS,Brasil,1.5,1.0,0.0,Amazônia,33,13,1302405,8,Floresta Ombrófila densa,001_066,9.7
1812418668,c47d5051-bec1-3c1a-b8f8-f63afc5c5e00,-61.3476,1.9405,2026-04-02 23:10:00+00:00,2026-04-02,GOES-19,CARACARAÍ,RORAIMA,Brasil,0.0,0.0,0.12,Amazônia,33,14,1400209,8,Floresta Ombrófila densa,232_059,64.0
1812421012,9928c81b-876a-3415-ac97-69a4199be0e0,-43.570801,-19.391001,2026-04-03 00:07:00+00:00,2026-04-03,METOP-B,JABOTICATUBAS,MINAS GERAIS,Brasil,,,,Cerrado,33,31,3134608,8,,218_073,
1812420995,7c9228d5-f5dd-389c-95b0-1a68978d8f15,-49.511501,-20.915899,2026-04-03 00:07:00+00:00,2026-04-03,METOP-B,MIRASSOL,SÃO PAULO,Brasil,,,,Mata Atlântica,33,35,3530300,8,,221_075,
1812420890,88168f21-30b3-3ad4-88b8-09626631c15b,-48.43013,-21.71219,2026-04-03 00:18:00+00:00,2026-04-03,TERRA_M-M,MATÃO,SÃO PAULO,Brasil,,,,Cerrado,33,35,3529302,8,,220_075,4.9
1812420899,b136aa1f-864f-349f-a255-b7d8787305f8,-56.97135,-22.1829,2026-04-03 00:18:00+00:00,2026-04-03,TERRA_M-M,BELA VISTA,MATO GROSSO DO SUL,Brasil,,,,Cerrado,33,50,5002100,8,,226_075,27.4
1812420906,c87aa1a0-1d2a-3c48-9c65-89716f92b8ac,-49.53451,-20.91704,2026-04-03 00:18:00+00:00,2026-04-03,TERRA_M-M,MIRASSOL,SÃO PAULO,Brasil,,,,Mata Atlântica,33,35,3530300,8,,221_075,7.9
1812420907,9c41845f-64b6-3946-a934-213c3365dd14,-43.58572,-19.38421,2026-04-03 00:18:00+00:00,2026-04-03,TERRA_M-M,JABOTICATUBAS,MINAS GERAIS,Brasil,,,,Cerrado,33,31,3134608,8,,218_073,12.5
1812420913,909a36d8-0b3f-3ad2-9b76-ed421efccda9,-43.58405,-19.39455,2026-04-03 00:18:00+00:00,2026-04-03,TERRA_M-M,JABOTICATUBAS,MINAS GERAIS,Brasil,,,,Cerrado,33,31,3134608,8,,218_073,19.9
1812420914,03e0f280-2cc6-329e-8fa3-51d8f1aa4c51,-50.4371,-20.28548,2026-04-03 00:18:00+00:00,2026-04-03,TERRA_M-M,ESTRELA D'OESTE,SÃO PAULO,Brasil,,,,Mata Atlântica,33,35,3515202,8,,222_074,6.5
1812420896,13493256-9531-349c-bfda-214ab7d0855a,-49.5238,-20.91569,2026-04-03 00:18:00+00:00,2026-04-03,TERRA_M-M,MIRASSOL,SÃO PAULO,Brasil,,,,Mata Atlântica,33,35,3530300,8,,221_075,11.2
1812420888,5fc37f31-d5d9-3394-b145-181f25d89f79,-60.65317,1.30084,2026-04-03 00:24:00+00:00,2026-04-03,TERRA_M-M,CARACARAÍ,RORAIMA,Brasil,,,,Amazônia,33,14,1400209,8,,232_059,30.9
1812421009,7e992342-5a0a-3e3d-a91c-4d6b07dffae6,-43.579399,-19.389799,2026-04-03 00:40:00+00:00,2026-04-03,METOP-C,JABOTICATUBAS,MINAS GERAIS,Brasil,,,,Cerrado,33,31,3134608,8,,218_073,
1812429322,bcda84ea-dd38-352a-afab-cd9515260628,-34.90659,-7.21509,2026-04-03 03:30:00+00:00,2026-04-03,NOAA-21,CONDE,PARAÍBA,Brasil,,,,Mata Atlântica,33,25,2504603,8,,214_065,2.9
1812430041,ca093136-f78d-36bf-b55c-ac542d096683,-35.42727,-7.74586,2026-04-03 03:30:00+00:00,2026-04-03,NOAA-21,LIMOEIRO,PERNAMBUCO,Brasil,,,,Mata Atlântica,33,26,2608909,8,,214_065,1.2
1812430000,495c25e7-ba52-31d8-a658-8bda00038001,-40.06968,-19.598,2026-04-03 03:34:00+00:00,2026-04-03,NOAA-21,ARACRUZ,ESPÍRITO SANTO,Brasil,,,,Mata Atlântica,33,32,3200607,8,,215_074,0.8
1812429921,bffadadf-f16c-36d3-bc7a-9d16f3d77d14,-43.58552,-19.38849,2026-04-03 03:34:00+00:00,2026-04-03,NOAA-21,JABOTICATUBAS,MINAS GERAIS,Brasil,,,,Cerrado,33,31,3134608,8,,218_073,2.5
1812429993,a89b994b-be4c-30f6-85a8-fbfd5f844acd,-43.17629,-22.08137,2026-04-03 03:34:00+00:00,2026-04-03,NOAA-21,TRÊS RIOS,RIO DE JANEIRO,Brasil,,,,Mata Atlântica,33,33,3306008,8,,217_075,1.7
1812429813,a494a272-1be3-3f4b-b257-6538c4818b81,-54.26476,-30.40539,2026-04-03 03:38:00+00:00,2026-04-03,NOAA-21,SÃO GABRIEL,RIO GRANDE DO SUL,Brasil,,,,Pampa,33,43,4318309,8,,223_081,4.1
1812429290,bd82a1fe-d79c-32f7-87a4-1ae9d52fcba1,-54.26269,-30.40217,2026-04-03 03:38:00+00:00,2026-04-03,NOAA-21,SANTA MARGARIDA DO SUL,RIO GRANDE DO SUL,Brasil,,,,Pampa,33,43,4316972,8,,223_081,4.5
1812431260,eb52c6b4-b945-312e-8cb4-7e5438fa09ac,-34.90664,-7.21375,2026-04-03 04:02:00+00:00,2026-04-03,NPP-375D,CONDE,PARAÍBA,Brasil,,,,Mata Atlântica,33,25,2504603,8,,214_065,2.0
1812431872,39b750be-8683-318a-ba22-cb57ad8976d2,-43.237,-15.76902,2026-04-03 04:04:00+00:00,2026-04-03,NPP-375D,PORTEIRINHA,MINAS GERAIS,Brasil,,,,Cerrado,33,31,3152204,8,,218_071,1.5
1812431380,52a66ecf-306c-3449-8f8e-56d8ff7d32ba,-45.22664,-12.03806,2026-04-03 04:04:00+00:00,2026-04-03,NPP-375D,BARREIRAS,BAHIA,Brasil,,,,Cerrado,33,29,2903201,8,,220_068,2.2
1812431839,ec80f64f-6b62-34ae-bad4-e0b918d809b6,-45.22359,-12.04289,2026-04-03 04:04:00+00:00,2026-04-03,NPP-375D,BARREIRAS,BAHIA,Brasil,,,,Cerrado,33,29,2903201,8,,220_068,1.3
1812430871,1ee0a66c-3c97-3a43-8e91-d41406d24258,-45.22513,-12.05118,2026-04-03 04:04:00+00:00,2026-04-03,NPP-375D,BARREIRAS,BAHIA,Brasil,,,,Cerrado,33,29,2903201,8,,220_068,1.0
1812430283,708772cf-e3f6-322e-a5aa-86a58702c675,-45.22132,-12.05186,2026-04-03 04:04:00+00:00,2026-04-03,NPP-375D,BARREIRAS,BAHIA,Brasil,,,,Cerrado,33,29,2903201,8,,220_068,1.0
1812431947,83754897-3cda-3858-babc-fb2ed763d1e7,-45.22436,-12.04703,2026-04-03 04:04:00+00:00,2026-04-03,NPP-375D,BARREIRAS,BAHIA,Brasil,,,,Cerrado,33,29,2903201,8,,220_068,1.3
1812431719,f989e2ec-6c99-3f26-a6b6-786d765cdd52,-45.22741,-12.0422,2026-04-03 04:04:00+00:00,2026-04-03,NPP-375D,BARREIRAS,BAHIA,Brasil,,,,Cerrado,33,29,2903201,8,,220_068,1.7
1812430435,e0e50368-0916-3850-ad6e-3fbb2eb4c9fb,-48.42638,-21.71134,2026-04-03 04:06:00+00:00,2026-04-03,NPP-375D,MATÃO,SÃO PAULO,Brasil,,,,Cerrado,33,35,3529302,8,,220_075,1.5
1812431815,503e2fef-b2da-319f-b7c8-a8000c12ad85,-48.42563,-21.71279,2026-04-03 04:06:00+00:00,2026-04-03,NPP-375D,MATÃO,SÃO PAULO,Brasil,,,,Cerrado,33,35,3529302,8,,220_075,0.8
1812431586,d0f31e86-76ec-3148-b83c-ec2fb85b6e56,-52.68129,-23.02955,2026-04-03 04:06:00+00:00,2026-04-03,NPP-375D,PARANAVAÍ,PARANÁ,Brasil,,,,Mata Atlântica,33,41,4118402,8,,223_076,5.1
1812430660,2732b4a8-a4d4-30d0-bc98-f61a09dbbe00,-52.68274,-23.03494,2026-04-03 04:06:00+00:00,2026-04-03,NPP-375D,PARANAVAÍ,PARANÁ,Brasil,,,,Mata Atlântica,33,41,4118402,8,,223_076,1.2
1812431582,fcc1d71c-3a01-354f-a618-fb734a4fcc27,-50.44161,-20.28166,2026-04-03 04:06:00+00:00,2026-04-03,NPP-375D,ESTRELA D'OESTE,SÃO PAULO,Brasil,,,,Mata Atlântica,33,35,3515202,8,,222_074,1.8
1812431573,d22e4455-9693-3b7b-81ec-27e223966a93,-48.42453,-21.70854,2026-04-03 04:06:00+00:00,2026-04-03,NPP-375D,MATÃO,SÃO PAULO,Brasil,,,,Cerrado,33,35,3529302,8,,220_075,0.8
1812431011,689d5a21-b4e6-3bc3-97a9-10c9f78aa685,-52.68522,-23.02865,2026-04-03 04:06:00+00:00,2026-04-03,NPP-375D,PARANAVAÍ,PARANÁ,Brasil,,,,Mata Atlântica,33,41,4118402,8,,223_076,5.1
1812430920,269dd5cf-a953-30ac-8bc5-0c1511a6db30,-43.57885,-19.38208,2026-04-03 04:06:00+00:00,2026-04-03,NPP-375D,JABOTICATUBAS,MINAS GERAIS,Brasil,,,,Cerrado,33,31,3134608,8,,218_073,0.5
1812431468,66502cb0-da77-3fba-ab41-450e5c232375,-56.96658,-22.18314,2026-04-03 04:08:00+00:00,2026-04-03,NPP-375D,BELA VISTA,MATO GROSSO DO SUL,Brasil,,,,Cerrado,33,50,5002100,8,,226_075,2.5
1812430187,c396d044-34e5-3ce1-9a31-8e194f514ca2,-51.1978,-29.746,2026-04-03 04:08:00+00:00,2026-04-03,NPP-375D,SÃO LEOPOLDO,RIO GRANDE DO SUL,Brasil,,,,Pampa,33,43,4318705,8,,221_081,1.3
1812431984,8a3bce4d-80d0-30e3-8cbe-b33ef2d7bcb4,-54.26315,-30.40479,2026-04-03 04:08:00+00:00,2026-04-03,NPP-375D,SANTA MARGARIDA DO SUL,RIO GRANDE DO SUL,Brasil,,,,Pampa,33,43,4316972,8,,223_081,2.9
1812431106,5cc94499-ad1d-30be-b4ff-61832d4abe15,-50.68082,-29.71863,2026-04-03 04:08:00+00:00,2026-04-03,NPP-375D,SANTO ANTÔNIO DA PATRULHA,RIO GRANDE DO SUL,Brasil,,,,Mata Atlântica,33,43,4317608,8,,221_081,0.8
1812431889,c73f86c6-f62f-3e51-bf96-6897f3c25732,-56.97419,-22.17733,2026-04-03 04:08:00+00:00,2026-04-03,NPP-375D,BELA VISTA,MATO GROSSO DO SUL,Brasil,,,,Cerrado,33,50,5002100,8,,226_075,2.2
1812431795,7daf0222-37c8-3980-9378-41edaf45cca1,-56.97356,-22.18133,2026-04-03 04:08:00+00:00,2026-04-03,NPP-375D,BELA VISTA,MATO GROSSO DO SUL,Brasil,,,,Cerrado,33,50,5002100,8,,226_075,2.5
1812431358,af5137e5-7cbd-3787-8649-099bf398f1dc,-50.68407,-29.71353,2026-04-03 04:08:00+00:00,2026-04-03,NPP-375D,SANTO ANTÔNIO DA PATRULHA,RIO GRANDE DO SUL,Brasil,,,,Mata Atlântica,33,43,4317608,8,,221_081,0.8
1812431657,e49bfc3d-0d6a-3db2-9b7d-9cfdbeee5182,-56.97681,-22.18411,2026-04-03 04:08:00+00:00,2026-04-03,NPP-375D,BELA VISTA,MATO GROSSO DO SUL,Brasil,,,,Cerrado,33,50,5002100,8,,226_075,2.2
1812430747,3e451202-32f5-3808-b24a-b4b15b6ffa9b,-56.96962,-22.18593,2026-04-03 04:08:00+00:00,2026-04-03,NPP-375D,BELA VISTA,MATO GROSSO DO SUL,Brasil,,,,Cerrado,33,50,5002100,8,,226_075,3.4
1812430977,62977901-0734-3875-be44-b17e9951e194,-53.06815,-31.04624,2026-04-03 04:10:00+00:00,2026-04-03,NPP-375D,PIRATINI,RIO GRANDE DO SUL,Brasil,,,,Pampa,33,43,4314605,8,,222_082,1.2
1812430184,cb943cf0-6b1a-34e6-9fef-ea8c09bee822,-45.22033,-12.05134,2026-04-03 04:23:00+00:00,2026-04-03,NOAA-20,BARREIRAS,BAHIA,Brasil,,,,Cerrado,33,29,2903201,8,,220_068,0.8
1812430275,315b9941-2528-3671-a1a0-0e86071d7426,-59.19482,-9.45702,2026-04-03 04:23:00+00:00,2026-04-03,NOAA-20,COLNIZA,MATO GROSSO,Brasil,,,,Amazônia,33,51,5103254,8,,229_067,3.5
1812430369,a9c0bcd9-62f2-32d1-9127-34b90be5a7ac,-59.19675,-9.45835,2026-04-03 04:23:00+00:00,2026-04-03,NOAA-20,COLNIZA,MATO GROSSO,Brasil,,,,Amazônia,33,51,5103254,8,,229_067,6.5
1812430468,8d7dfc56-b1d1-35cf-a605-d81480c50cb3,-45.22613,-12.04078,2026-04-03 04:23:00+00:00,2026-04-03,NOAA-20,BARREIRAS,BAHIA,Brasil,,,,Cerrado,33,29,2903201,8,,220_068,1.3
1812430593,e5007bc1-0c1e-3b47-a6f6-e46b23dd0eb0,-45.22336,-12.04746,2026-04-03 04:23:00+00:00,2026-04-03,NOAA-20,BARREIRAS,BAHIA,Brasil,,,,Cerrado,33,29,2903201,8,,220_068,1.0
1812430606,44d55f3c-d371-33f0-91d5-c73a3e315c00,-59.20158,-9.45565,2026-04-03 04:23:00+00:00,2026-04-03,NOAA-20,COLNIZA,MATO GROSSO,Brasil,,,,Amazônia,33,51,5103254,8,,229_067,3.5
1812430819,90692a65-d556-3484-a3f1-9581c501d851,-45.22389,-12.05079,2026-04-03 04:23:00+00:00,2026-04-03,NOAA-20,BARREIRAS,BAHIA,Brasil,,,,Cerrado,33,29,2903201,8,,220_068,0.8
1812430879,452bd87d-e51f-3a15-bb4a-8ad4a64c3365,-45.22258,-12.04133,2026-04-03 04:23:00+00:00,2026-04-03,NOAA-20,BARREIRAS,BAHIA,Brasil,,,,Cerrado,33,29,2903201,8,,220_068,0.6
1812431149,ddb34c14-2a24-325a-8a29-689ccc6aa329,-45.22638,-12.04358,2026-04-03 04:23:00+00:00,2026-04-03,NOAA-20,BARREIRAS,BAHIA,Brasil,,,,Cerrado,33,29,2903201,8,,220_068,1.3
1812431151,45167285-62f6-37ce-b958-dddf5cfcf286,-45.2256,-12.03745,2026-04-03 04:23:00+00:00,2026-04-03,NOAA-20,BARREIRAS,BAHIA,Brasil,,,,Cerrado,33,29,2903201,8,,220_068,1.3
1812431192,f9a2d396-44e6-3813-992a-8392ae05f1c8,-52.14351,-12.63606,2026-04-03 04:23:00+00:00,2026-04-03,NOAA-20,QUERÊNCIA,MATO GROSSO,Brasil,,,,Amazônia,33,51,5107065,8,,224_069,1.2
1812431520,ed3515c3-66d0-3160-8648-9bcb4bc5bc77,-45.22507,-12.03412,2026-04-03 04:23:00+00:00,2026-04-03,NOAA-20,BARREIRAS,BAHIA,Brasil,,,,Cerrado,33,29,2903201,8,,220_068,0.6
1812431648,1f2fd926-9aa8-3934-961e-56d7e968c86a,-45.22862,-12.03357,2026-04-03 04:23:00+00:00,2026-04-03,NOAA-20,BARREIRAS,BAHIA,Brasil,,,,Cerrado,33,29,2903201,8,,220_068,0.6
1812431723,299494a7-15ac-3933-b0ff-4dbe1a1ad558,-43.2377,-15.7684,2026-04-03 04:23:00+00:00,2026-04-03,NOAA-20,PORTEIRINHA,MINAS GERAIS,Brasil,,,,Cerrado,33,31,3152204,8,,218_071,0.7
1812431999,7c6733f9-7fda-340b-ae56-44645ad97cb7,-45.22282,-12.04413,2026-04-03 04:23:00+00:00,2026-04-03,NOAA-20,BARREIRAS,BAHIA,Brasil,,,,Cerrado,33,29,2903201,8,,220_068,1.0
1812430418,aa34197e-a683-3257-bb3b-ea13e3bce00e,-49.52571,-20.91546,2026-04-03 04:25:00+00:00,2026-04-03,NOAA-20,MIRASSOL,SÃO PAULO,Brasil,,,,Mata Atlântica,33,35,3530300,8,,221_075,0.7
1812430650,dcdafbfc-ac0b-3fb9-b01a-50381a9b86a7,-50.44092,-20.28364,2026-04-03 04:25:00+00:00,2026-04-03,NOAA-20,ESTRELA D'OESTE,SÃO PAULO,Brasil,,,,Mata Atlântica,33,35,3515202,8,,222_074,1.2
1812431095,be64d3b0-47ff-38a4-89a3-71e10b5464a7,-43.17537,-22.08093,2026-04-03 04:25:00+00:00,2026-04-03,NOAA-20,TRÊS RIOS,RIO DE JANEIRO,Brasil,,,,Mata Atlântica,33,33,3306008,8,,217_075,1.1
1812431557,e9c6725c-6bf3-3bfe-9325-d62d5c8834b5,-56.32281,-21.66843,2026-04-03 04:25:00+00:00,2026-04-03,NOAA-20,BELA VISTA,MATO GROSSO DO SUL,Brasil,,,,Cerrado,33,50,5002100,8,,226_075,1.3
1812431452,f2b7ced2-2486-3545-a541-fb5d45758f10,-48.4272,-21.70834,2026-04-03 04:25:00+00:00,2026-04-03,NOAA-20,MATÃO,SÃO PAULO,Brasil,,,,Cerrado,33,35,3529302,8,,220_075,0.5
1812430497,3a41a5ba-687c-33aa-9262-ade5620e6c78,-49.33264,-20.759,2026-04-03 04:25:00+00:00,2026-04-03,NOAA-20,SÃO JOSÉ DO RIO PRETO,SÃO PAULO,Brasil,,,,Mata Atlântica,33,35,3549805,8,,221_074,0.4
1812432045,41302de6-ec35-31b7-aa6e-f868c1f9ce7d,-55.64404,-21.20495,2026-04-03 04:25:00+00:00,2026-04-03,NOAA-20,NIOAQUE,MATO GROSSO DO SUL,Brasil,,,,Cerrado,33,50,5005806,8,,225_075,1.1
1812431088,7a2bca71-566e-3c63-b07b-e445c65530bb,-48.4278,-21.71165,2026-04-03 04:25:00+00:00,2026-04-03,NOAA-20,MATÃO,SÃO PAULO,Brasil,,,,Cerrado,33,35,3529302,8,,220_075,0.5
1812431127,a6ffb611-01a8-3a10-9987-858ee488e0c9,-48.42349,-21.70893,2026-04-03 04:25:00+00:00,2026-04-03,NOAA-20,MATÃO,SÃO PAULO,Brasil,,,,Cerrado,33,35,3529302,8,,220_075,0.5
1812431237,173deafb-d511-31eb-9586-452fdfdff09f,-56.96978,-22.18321,2026-04-03 04:27:00+00:00,2026-04-03,NOAA-20,BELA VISTA,MATO GROSSO DO SUL,Brasil,,,,Cerrado,33,50,5002100,8,,226_075,3.8
1812430352,59d32d9b-ee5c-36ff-b0a1-7ba2b20e270e,-54.26526,-30.40473,2026-04-03 04:27:00+00:00,2026-04-03,NOAA-20,SÃO GABRIEL,RIO GRANDE DO SUL,Brasil,,,,Pampa,33,43,4318309,8,,223_081,2.9
1812430298,8be2ccda-1b0a-3ca6-b555-ede81f2de3da,-52.68227,-23.02998,2026-04-03 04:27:00+00:00,2026-04-03,NOAA-20,PARANAVAÍ,PARANÁ,Brasil,,,,Mata Atlântica,33,41,4118402,8,,223_076,2.7
1812430286,80947658-7686-3db6-aa02-e0c1751dc834,-54.26047,-30.40562,2026-04-03 04:27:00+00:00,2026-04-03,NOAA-20,SANTA MARGARIDA DO SUL,RIO GRANDE DO SUL,Brasil,,,,Pampa,33,43,4316972,8,,223_081,2.9
1812431938,fdd35baa-c99c-33f6-8fcf-a7a386192ea7,-56.96416,-22.1844,2026-04-03 04:27:00+00:00,2026-04-03,NOAA-20,BELA VISTA,MATO GROSSO DO SUL,Brasil,,,,Cerrado,33,50,5002100,8,,226_075,3.8
1812430255,65ac2cc4-1c69-33f0-842f-b13faaacc5fc,-55.3249,-23.776,2026-04-03 04:27:00+00:00,2026-04-03,NOAA-20,PARANHOS,MATO GROSSO DO SUL,Brasil,,,,Mata Atlântica,33,50,5006358,8,,225_076,0.8
1812430342,32b807bd-15d4-3237-b9b7-625c2403ca12,-55.32061,-23.77684,2026-04-03 04:27:00+00:00,2026-04-03,NOAA-20,PARANHOS,MATO GROSSO DO SUL,Brasil,,,,Mata Atlântica,33,50,5006358,8,,225_076,0.9
1812431019,62661dac-9baf-3afa-bb19-8504189c96be,-50.68037,-29.71824,2026-04-03 04:27:00+00:00,2026-04-03,NOAA-20,SANTO ANTÔNIO DA PATRULHA,RIO GRANDE DO SUL,Brasil,,,,Mata Atlântica,33,43,4317608,8,,221_081,0.8
1812430933,f6d677b2-05bc-357c-9ce6-655ead142a6b,-51.19966,-29.74666,2026-04-03 04:27:00+00:00,2026-04-03,NOAA-20,SÃO LEOPOLDO,RIO GRANDE DO SUL,Brasil,,,,Pampa,33,43,4318705,8,,221_081,1.5
1812431504,8a9c1502-b1ba-3cd7-8270-80a924ceeb75,-50.68364,-29.71429,2026-04-03 04:27:00+00:00,2026-04-03,NOAA-20,SANTO ANTÔNIO DA PATRULHA,RIO GRANDE DO SUL,Brasil,,,,Mata Atlântica,33,43,4317608,8,,221_081,0.8
1812431254,8150a7b9-7eba-3872-9fc1-6308d21bf0a5,-56.96841,-22.17843,2026-04-03 04:27:00+00:00,2026-04-03,NOAA-20,BELA VISTA,MATO GROSSO DO SUL,Brasil,,,,Cerrado,33,50,5002100,8,,226_075,3.8
1812430734,78c57378-15d2-3b9c-bc23-d93425f3005e,-48.62163,-26.06045,2026-04-03 04:27:00+00:00,2026-04-03,NOAA-20,ITAPOÁ,SANTA CATARINA,Brasil,,,,Mata Atlântica,33,42,4208450,8,,220_078,0.7
1812430681,9397037d-0432-3c6e-81b6-bfcb03201ba1,-50.85555,-30.05776,2026-04-03 04:27:00+00:00,2026-04-03,NOAA-20,VIAMÃO,RIO GRANDE DO SUL,Brasil,,,,Pampa,33,43,4323002,8,,221_081,0.8
1812431245,88e4712d-9465-3132-989a-b72fa180f367,-51.96011,-30.13028,2026-04-03 04:27:00+00:00,2026-04-03,NOAA-20,BUTIÁ,RIO GRANDE DO SUL,Brasil,,,,Pampa,33,43,4302709,8,,221_081,0.9
1812430624,ba6ac815-e6a0-306e-807d-643202425ed7,-52.01869,-26.66832,2026-04-03 04:27:00+00:00,2026-04-03,NOAA-20,PASSOS MAIA,SANTA CATARINA,Brasil,,,,Mata Atlântica,33,42,4212270,8,,222_078,0.9
1812431942,3860dd28-9a3e-3009-a324-f6a9574a518b,-53.0713,-31.04741,2026-04-03 04:29:00+00:00,2026-04-03,NOAA-20,PIRATINI,RIO GRANDE DO SUL,Brasil,,,,Pampa,33,43,4314605,8,,222_082,0.7
1812430243,77945ade-96a8-36d2-b205-f9adca85fe58,-53.06704,-31.04816,2026-04-03 04:29:00+00:00,2026-04-03,NOAA-20,PIRATINI,RIO GRANDE DO SUL,Brasil,,,,Pampa,33,43,4314605,8,,222_082,1.2
1812433727,37b66c56-e743-33a6-ae62-9665d869d636,-53.97018,-3.0209,2026-04-03 05:10:00+00:00,2026-04-03,NOAA-21,URUARÁ,PARÁ,Brasil,,,,Amazônia,33,15,1508159,8,,227_062,0.6
1812432098,3af86812-6191-3922-83b1-de02521702c9,-60.21107,2.82385,2026-04-03 05:10:00+00:00,2026-04-03,NOAA-21,BONFIM,RORAIMA,Brasil,,,,Amazônia,33,14,1400159,8,,232_058,1.1
1812433021,ba42d960-2afa-3fce-a051-dfbaece45a68,-61.48932,-9.11902,2026-04-03 05:12:00+00:00,2026-04-03,NOAA-21,COLNIZA,MATO GROSSO,Brasil,,,,Amazônia,33,51,5103254,8,,231_066,2.5
1812432564,302ceba6-e6b9-37c5-8c90-df928ab3e1a3,-59.19424,-9.46217,2026-04-03 05:12:00+00:00,2026-04-03,NOAA-21,COLNIZA,MATO GROSSO,Brasil,,,,Amazônia,33,51,5103254,8,,229_067,15.8
1812432512,ce735a0c-cf3f-3e3d-81b8-04ccb2ef4e44,-56.31926,-21.66427,2026-04-03 05:16:00+00:00,2026-04-03,NOAA-21,BELA VISTA,MATO GROSSO DO SUL,Brasil,,,,Cerrado,33,50,5002100,8,,226_075,2.2
1812432520,feabd854-5918-3b83-af76-d9d522aebd7a,-56.96703,-22.18528,2026-04-03 05:16:00+00:00,2026-04-03,NOAA-21,BELA VISTA,MATO GROSSO DO SUL,Brasil,,,,Cerrado,33,50,5002100,8,,226_075,5.2
1812432611,a29203b4-f202-3839-9f6a-a005a5c348ff,-52.68393,-23.02922,2026-04-03 05:16:00+00:00,2026-04-03,NOAA-21,PARANAVAÍ,PARANÁ,Brasil,,,,Mata Atlântica,33,41,4118402,8,,223_076,6.1
1812432797,0f1e4a95-aa5b-3598-9e93-62a31122fc17,-56.32488,-21.66748,2026-04-03 05:16:00+00:00,2026-04-03,NOAA-21,BELA VISTA,MATO GROSSO DO SUL,Brasil,,,,Cerrado,33,50,5002100,8,,226_075,2.4
1812432800,50c50447-23d4-3dfc-93f2-169ee21a9e6e,-56.31977,-21.66814,2026-04-03 05:16:00+00:00,2026-04-03,NOAA-21,BELA VISTA,MATO GROSSO DO SUL,Brasil,,,,Cerrado,33,50,5002100,8,,226_075,2.4
1812433128,9b2b6c13-4784-3e81-b59c-269fde04d765,-52.68458,-23.03416,2026-04-03 05:16:00+00:00,2026-04-03,NOAA-21,PARANAVAÍ,PARANÁ,Brasil,,,,Mata Atlântica,33,41,4118402,8,,223_076,2.7
1812433217,9efc4115-9141-352c-8f3d-ef04d607fe1d,-55.32372,-23.77915,2026-04-03 05:16:00+00:00,2026-04-03,NOAA-21,PARANHOS,MATO GROSSO DO SUL,Brasil,,,,Mata Atlântica,33,50,5006358,8,,225_076,0.8
1812433434,af7e5d82-d723-37a0-97b2-6290ee76a9cf,-55.87646,-20.54709,2026-04-03 05:16:00+00:00,2026-04-03,NOAA-21,ANASTÁCIO,MATO GROSSO DO SUL,Brasil,,,,Cerrado,33,50,5000708,8,,225_074,1.4
1812433448,1c3447ad-7d13-336f-99d4-d214686be276,-55.88165,-20.54641,2026-04-03 05:16:00+00:00,2026-04-03,NOAA-21,ANASTÁCIO,MATO GROSSO DO SUL,Brasil,,,,Cerrado,33,50,5000708,8,,225_074,1.4
1812432103,df129d95-ac1f-3fa6-8c21-df4a4d5bfe20,-52.67815,-23.0298,2026-04-03 05:16:00+00:00,2026-04-03,NOAA-21,PARANAVAÍ,PARANÁ,Brasil,,,,Mata Atlântica,33,41,4118402,8,,223_076,3.4
1812432238,31b335ae-4a19-383d-82f6-9f5a89fe62e0,-56.97189,-22.18465,2026-04-03 05:16:00+00:00,2026-04-03,NOAA-21,BELA VISTA,MATO GROSSO DO SUL,Brasil,,,,Cerrado,33,50,5002100,8,,226_075,5.2
1812432255,026839d4-7068-3504-ad4b-15bbd12ad2d4,-56.32031,-21.672,2026-04-03 05:16:00+00:00,2026-04-03,NOAA-21,BELA VISTA,MATO GROSSO DO SUL,Brasil,,,,Cerrado,33,50,5002100,8,,226_075,2.4
1812432270,c8757595-f95b-3491-8af2-839e783f7a7f,-56.96654,-22.18152,2026-04-03 05:16:00+00:00,2026-04-03,NOAA-21,BELA VISTA,MATO GROSSO DO SUL,Brasil,,,,Cerrado,33,50,5002100,8,,226_075,3.2
1812432434,c498bea3-854c-38a2-832a-c772acff0f80,-56.9714,-22.1809,2026-04-03 05:16:00+00:00,2026-04-03,NOAA-21,BELA VISTA,MATO GROSSO DO SUL,Brasil,,,,Cerrado,33,50,5002100,8,,226_075,3.2
1812433620,21b6feaa-6d80-3a21-aec2-1c30c6c2511c,-54.26392,-30.40368,2026-04-03 05:18:00+00:00,2026-04-03,NOAA-21,SANTA MARGARIDA DO SUL,RIO GRANDE DO SUL,Brasil,,,,Pampa,33,43,4316972,8,,223_081,4.0
1812432449,25b5ac0f-799f-3ae2-8ee3-446018ce9004,-54.26506,-30.40613,2026-04-03 05:18:00+00:00,2026-04-03,NOAA-21,SÃO GABRIEL,RIO GRANDE DO SUL,Brasil,,,,Pampa,33,43,4318309,8,,223_081,6.1
1812448244,bc83bcdb-0e2c-3ad2-9bf0-65eeaa18e7bb,-60.6572,1.30408,2026-04-03 05:40:00+00:00,2026-04-03,NPP-375D,CARACARAÍ,RORAIMA,Brasil,,,,Amazônia,33,14,1400209,8,,232_059,1.6
1812446840,036c9f81-8ae5-30c1-bebd-e4f8b7637068,-60.66076,1.30465,2026-04-03 05:40:00+00:00,2026-04-03,NPP-375D,CARACARAÍ,RORAIMA,Brasil,,,,Amazônia,33,14,1400209,8,,232_059,1.6
1812448377,2ec18c91-119c-38c2-963e-fb25e6bbfa47,-60.61185,1.28991,2026-04-03 05:40:00+00:00,2026-04-03,NPP-375D,CARACARAÍ,RORAIMA,Brasil,,,,Amazônia,33,14,1400209,8,,232_059,0.8
1812447694,9e8cdede-7784-381a-9c10-65832dfc6d12,-60.66129,1.30128,2026-04-03 05:40:00+00:00,2026-04-03,NPP-375D,CARACARAÍ,RORAIMA,Brasil,,,,Amazônia,33,14,1400209,8,,232_059,1.6
1812446811,d2421fe1-27ce-3175-bacc-c0ecc5552f14,-60.66024,1.30802,2026-04-03 05:40:00+00:00,2026-04-03,NPP-375D,CARACARAÍ,RORAIMA,Brasil,,,,Amazônia,33,14,1400209,8,,232_059,1.6
1812445504,864bfd62-bc67-3241-9c77-80ca1c0758c2,-60.21167,2.82258,2026-04-03 05:40:00+00:00,2026-04-03,NPP-375D,BONFIM,RORAIMA,Brasil,,,,Amazônia,33,14,1400159,8,,232_058,0.8
1812446187,84a7ebcb-0536-3dfc-baca-dbb0111c7dbf,-60.65667,1.30745,2026-04-03 05:40:00+00:00,2026-04-03,NPP-375D,CARACARAÍ,RORAIMA,Brasil,,,,Amazônia,33,14,1400209,8,,232_059,1.6
1812447217,7d6773de-9011-321e-8dff-0f2f07dfab37,-60.40993,0.96759,2026-04-03 05:40:00+00:00,2026-04-03,NPP-375D,RORAINÓPOLIS,RORAIMA,Brasil,,,,Amazônia,33,14,1400472,8,,231_059,1.0
1812446230,42ce16c5-ae9d-3dc0-bf33-d66ab2be0c5b,-60.65772,1.30071,2026-04-03 05:40:00+00:00,2026-04-03,NPP-375D,CARACARAÍ,RORAIMA,Brasil,,,,Amazônia,33,14,1400209,8,,232_059,1.6
1812448130,3b3d54fe-7347-3c9c-bea6-3ac41989f2b4,-59.1968,-9.45921,2026-04-03 05:44:00+00:00,2026-04-03,NPP-375D,COLNIZA,MATO GROSSO,Brasil,,,,Amazônia,33,51,5103254,8,,229_067,3.1
1812445933,26c6e0ad-562d-3232-ae45-7557a640f90e,-59.19743,-9.4633,2026-04-03 05:44:00+00:00,2026-04-03,NPP-375D,COLNIZA,MATO GROSSO,Brasil,,,,Amazônia,33,51,5103254,8,,229_067,3.1
1812446403,f268391a-d80a-38e3-863a-847ecdc541cd,-59.19376,-9.46383,2026-04-03 05:44:00+00:00,2026-04-03,NPP-375D,COLNIZA,MATO GROSSO,Brasil,,,,Amazônia,33,51,5103254,8,,229_067,3.3
1812446721,0dfdc082-78db-3cd0-9f94-67215fe0ecce,-61.49079,-9.1162,2026-04-03 05:44:00+00:00,2026-04-03,NPP-375D,COLNIZA,MATO GROSSO,Brasil,,,,Amazônia,33,51,5103254,8,,231_066,1.2
1812446802,5f52f2ae-874f-397a-904b-bbcdc5724959,-61.49134,-9.11977,2026-04-03 05:44:00+00:00,2026-04-03,NPP-375D,COLNIZA,MATO GROSSO,Brasil,,,,Amazônia,33,51,5103254,8,,231_066,1.2
1812447723,50210dde-1ba7-33bb-aebf-9df61dc95520,-59.19313,-9.45973,2026-04-03 05:44:00+00:00,2026-04-03,NPP-375D,COLNIZA,MATO GROSSO,Brasil,,,,Amazônia,33,51,5103254,8,,229_067,3.3
1812445446,6b6f431a-5435-32dd-8e8a-96c4c644d3b3,-55.87899,-20.54651,2026-04-03 05:46:00+00:00,2026-04-03,NPP-375D,ANASTÁCIO,MATO GROSSO DO SUL,Brasil,,,,Cerrado,33,50,5000708,8,,225_074,1.4
1812447399,6690f1a9-a84f-3762-b6d0-d32a18b7a1f1,-56.31878,-21.66637,2026-04-03 05:46:00+00:00,2026-04-03,NPP-375D,BELA VISTA,MATO GROSSO DO SUL,Brasil,,,,Cerrado,33,50,5002100,8,,226_075,1.9
1812445920,ef39856e-4756-3dd6-a4b3-3e23ce8a7308,-55.88198,-20.5431,2026-04-03 05:46:00+00:00,2026-04-03,NPP-375D,ANASTÁCIO,MATO GROSSO DO SUL,Brasil,,,,Cerrado,33,50,5000708,8,,225_074,0.8
1812447825,3113a8c5-45b9-33cc-ae0c-b90e1d059b61,-56.3231,-21.66599,2026-04-03 05:46:00+00:00,2026-04-03,NPP-375D,BELA VISTA,MATO GROSSO DO SUL,Brasil,,,,Cerrado,33,50,5002100,8,,226_075,2.9
1812445568,6a970c3d-e4e7-385e-881e-1e5c80903caa,-55.87751,-20.5435,2026-04-03 05:46:00+00:00,2026-04-03,NPP-375D,ANASTÁCIO,MATO GROSSO DO SUL,Brasil,,,,Cerrado,33,50,5000708,8,,225_074,0.8
1812445512,985f4425-23d0-3359-8835-e13281735dda,-56.9702,-22.18007,2026-04-03 05:48:00+00:00,2026-04-03,NPP-375D,BELA VISTA,MATO GROSSO DO SUL,Brasil,,,,Cerrado,33,50,5002100,8,,226_075,3.4
1812448131,1fc955ad-e198-3230-845e-815a1cf9efa7,-56.97049,-22.18574,2026-04-03 05:48:00+00:00,2026-04-03,NPP-375D,BELA VISTA,MATO GROSSO DO SUL,Brasil,,,,Cerrado,33,50,5002100,8,,226_075,2.5
1812447771,fc9effae-7a27-3df7-8392-87742649e316,-56.96637,-22.18612,2026-04-03 05:48:00+00:00,2026-04-03,NPP-375D,BELA VISTA,MATO GROSSO DO SUL,Brasil,,,,Cerrado,33,50,5002100,8,,226_075,1.9
1812446495,0d61b72c-7d86-344b-a877-fcf5fa5b06a1,-54.2658,-30.40426,2026-04-03 05:50:00+00:00,2026-04-03,NPP-375D,SÃO GABRIEL,RIO GRANDE DO SUL,Brasil,,,,Pampa,33,43,4318309,8,,223_081,2.4
1812464063,5fbad2fb-7f46-3e69-a883-b3dc956682d1,-60.21194,2.82308,2026-04-03 05:59:00+00:00,2026-04-03,NOAA-20,BONFIM,RORAIMA,Brasil,,,,Amazônia,33,14,1400159,8,,232_058,1.1
1812461008,27d82c02-239a-379f-a59e-84acfa9e7b8b,-61.25283,2.12986,2026-04-03 06:01:00+00:00,2026-04-03,NOAA-20,IRACEMA,RORAIMA,Brasil,,,,Amazônia,33,14,1400282,8,,232_059,2.8
1812463505,369aa6b5-9d77-3336-b2d1-d589c0f36d10,-61.22032,2.11982,2026-04-03 06:01:00+00:00,2026-04-03,NOAA-20,IRACEMA,RORAIMA,Brasil,,,,Amazônia,33,14,1400282,8,,232_059,2.2
1812455281,578d161f-88ea-35c6-a335-c143d1054676,-60.65839,1.30657,2026-04-03 06:01:00+00:00,2026-04-03,NOAA-20,CARACARAÍ,RORAIMA,Brasil,,,,Amazônia,33,14,1400209,8,,232_059,4.0
1812461810,0c332911-bc9a-37c1-80bd-6f62ff8bbf6b,-60.65915,1.30172,2026-04-03 06:01:00+00:00,2026-04-03,NOAA-20,CARACARAÍ,RORAIMA,Brasil,,,,Amazônia,33,14,1400209,8,,232_059,2.3
1812448852,4158a2cd-bbbb-3c14-8ff0-11c96c29a6f9,-61.25753,2.13063,2026-04-03 06:01:00+00:00,2026-04-03,NOAA-20,IRACEMA,RORAIMA,Brasil,,,,Amazônia,33,14,1400282,8,,232_059,2.6
1812450923,5909b58a-0d27-3e69-81f6-27fdc9dfbaef,-59.19212,-9.46105,2026-04-03 06:03:00+00:00,2026-04-03,NOAA-20,COLNIZA,MATO GROSSO,Brasil,,,,Amazônia,33,51,5103254,8,,229_067,3.2
1812460315,d7369164-3eea-3286-9cd1-f8fc0008a0d1,-59.19605,-9.45808,2026-04-03 06:03:00+00:00,2026-04-03,NOAA-20,COLNIZA,MATO GROSSO,Brasil,,,,Amazônia,33,51,5103254,8,,229_067,5.0
1812461208,769aa423-91d4-3fc9-8e34-81cd259480a1,-59.19712,-9.4604,2026-04-03 06:03:00+00:00,2026-04-03,NOAA-20,COLNIZA,MATO GROSSO,Brasil,,,,Amazônia,33,51,5103254,8,,229_067,3.2
1812446207,5c549b73-7709-31be-be55-b8ed36c10cb6,-56.96609,-22.17876,2026-04-03 06:44:00+00:00,2026-04-03,AQUA_M-M,BELA VISTA,MATO GROSSO DO SUL,Brasil,,,,Cerrado,33,50,5002100,8,,226_075,10.4
1812448309,bdbc2a5d-9be3-335a-a0e4-3ce5762a3a3f,-52.6805,-23.02352,2026-04-03 06:44:00+00:00,2026-04-03,AQUA_M-M,PARANAVAÍ,PARANÁ,Brasil,,,,Mata Atlântica,33,41,4118402,8,,223_076,5.4
1812493652,662e062a-3010-3fb2-9359-06bb2e60a999,-45.09998,-12.05978,2026-04-03 11:06:00+00:00,2026-04-03,TERRA_M-M,BARREIRAS,BAHIA,Brasil,,,,Cerrado,33,29,2903201,8,,220_068,52.6
1812494548,d903b569-77a2-393d-bb7a-dd404656ed81,-45.10784,-12.05968,2026-04-03 11:06:00+00:00,2026-04-03,TERRA_M-M,BARREIRAS,BAHIA,Brasil,,,,Cerrado,33,29,2903201,8,,220_068,35.1
1812494539,6792348b-eb2c-3118-8a4f-a855c90d8ffe,-39.96421,-18.92852,2026-04-03 11:08:00+00:00,2026-04-03,TERRA_M-M,JAGUARÉ,ESPÍRITO SANTO,Brasil,,,,Mata Atlântica,33,32,3203056,8,,215_073,6.4
1812496618,a094dc6f-3530-3119-b24e-915cb27b401f,-59.19175,-9.46627,2026-04-03 12:44:00+00:00,2026-04-03,TERRA_M-T,COLNIZA,MATO GROSSO,Brasil,,,,Amazônia,33,51,5103254,8,,229_067,8.2
1812496000,c00f5f66-b6ae-30f8-913f-dd2d8ec4a0e3,-55.93452,-9.4599,2026-04-03 12:44:00+00:00,2026-04-03,TERRA_M-T,ALTA FLORESTA,MATO GROSSO,Brasil,,,,Amazônia,33,51,5100250,8,,227_067,8.3
1812498847,b36c6604-6bd5-369d-b967-54da310f142f,-54.72731,-18.49224,2026-04-03 12:46:00+00:00,2026-04-03,TERRA_M-T,COXIM,MATO GROSSO DO SUL,Brasil,,,,Cerrado,33,50,5003306,8,,225_073,13.6
1812497592,9ea46cb4-fcde-38d1-b9ca-dbbce0228a5b,-56.38906,-29.15822,2026-04-03 12:49:00+00:00,2026-04-03,TERRA_M-T,ITAQUI,RIO GRANDE DO SUL,Brasil,,,,Pampa,33,43,4310603,8,,224_080,11.5
1812495879,d8c3d06c-6f87-38e0-a1ba-fa38781c3f2f,-55.52926,-20.52578,2026-04-03 12:49:00+00:00,2026-04-03,TERRA_M-T,DOIS IRMÃOS DO BURITI,MATO GROSSO DO SUL,Brasil,,,,Cerrado,33,50,5003488,8,,225_074,9.6
