id_foco_bdq,foco_id,longitude,latitude,data_hora_gmt,data_pas,satelite,municipio,estado,pais,precipitacao,numero_dias_sem_chuva,risco_fogo,bioma,id_0,id_1,id_2,continente_id,vegetacao,grade_wrs,frp,geometry_wkt
1815154607,b275f619-386d-3ba0-8b85-c2b315a7a97a,-43.643,-11.772,2026-04-23 00:00:00+00:00,2026-04-23,GOES-19,BARRA,BAHIA,Brasil,,,,Cerrado,33,29,2902708,8,,219_068,56.6,POINT(-43.643 -11.772)
1815154529,e650e3b3-4b90-3839-a606-de70c45d5705,-43.6163,-11.7917,2026-04-23 00:00:00+00:00,2026-04-23,GOES-19,BARRA,BAHIA,Brasil,,,,Cerrado,33,29,2902708,8,,219_068,76.3,POINT(-43.6163 -11.7917)
1815154993,8b9d1546-cea1-30de-9920-1cf61114c4e5,-43.6163,-11.7917,2026-04-23 00:10:00+00:00,2026-04-23,GOES-19,BARRA,BAHIA,Brasil,,,,Cerrado,33,29,2902708,8,,219_068,58.5,POINT(-43.6163 -11.7917)
1815155378,5a385d10-b003-3340-bd74-95451108d865,-43.643,-11.772,2026-04-23 00:10:00+00:00,2026-04-23,GOES-19,BARRA,BAHIA,Brasil,,,,Cerrado,33,29,2902708,8,,219_068,55.3,POINT(-43.643 -11.772)
1815156886,69193de4-fe12-3c23-a297-35dbd80f8d24,-42.48535,-20.62814,2026-04-23 00:13:00+00:00,2026-04-23,TERRA_M-M,ARAPONGA,MINAS GERAIS,Brasil,,,,Mata Atlântica,33,31,3103702,8,,217_074,10.5,POINT(-42.48535 -20.62814)
1815156862,23633cbd-7e2b-3499-949b-510ba412e67d,-42.81804,-20.38878,2026-04-23 00:13:00+00:00,2026-04-23,TERRA_M-M,PONTE NOVA,MINAS GERAIS,Brasil,,,,Mata Atlântica,33,31,3152105,8,,217_074,9.0,POINT(-42.81804 -20.38878)
1815156804,51c2aeee-12ae-372b-a0e3-40cf461178ee,-46.80469,-20.23705,2026-04-23 00:13:00+00:00,2026-04-23,TERRA_M-M,DELFINÓPOLIS,MINAS GERAIS,Brasil,,,,Cerrado,33,31,3121209,8,,220_074,6.7,POINT(-46.80469 -20.23705)
1815156838,45220a3a-0c87-3ae2-a07b-b6ca527d2603,-42.49295,-20.62415,2026-04-23 00:13:00+00:00,2026-04-23,TERRA_M-M,ARAPONGA,MINAS GERAIS,Brasil,,,,Mata Atlântica,33,31,3103702,8,,217_074,12.5,POINT(-42.49295 -20.62415)
1815156876,3285ba19-00e7-3d12-9adf-f6568a8245e0,-48.68187,-21.39679,2026-04-23 00:13:00+00:00,2026-04-23,TERRA_M-M,TAQUARITINGA,SÃO PAULO,Brasil,,,,Cerrado,33,35,3553708,8,,221_075,9.6,POINT(-48.68187 -21.39679)
1815156857,93efb50e-cd7e-36cd-a8ee-a45d784d92ed,-48.68189,-21.39679,2026-04-23 00:13:00+00:00,2026-04-23,TERRA_M-M,TAQUARITINGA,SÃO PAULO,Brasil,,,,Cerrado,33,35,3553708,8,,221_075,9.6,POINT(-48.68189 -21.39679)
1815156897,d657e014-3b13-3f3d-aae1-d95d1541c4c9,-48.67168,-21.05636,2026-04-23 00:13:00+00:00,2026-04-23,TERRA_M-M,PIRANGI,SÃO PAULO,Brasil,,,,Mata Atlântica,33,35,3539004,8,,221_075,13.4,POINT(-48.67168 -21.05636)
1815156856,658bf2d0-92cb-30b3-b3ca-c5c8d13b13a1,-48.67148,-21.39547,2026-04-23 00:13:00+00:00,2026-04-23,TERRA_M-M,TAQUARITINGA,SÃO PAULO,Brasil,,,,Cerrado,33,35,3553708,8,,221_075,12.7,POINT(-48.67148 -21.39547)
1815156849,bfc3c0d2-5b12-31e8-b807-63a5dea5bcf0,-46.73405,-20.20019,2026-04-23 00:13:00+00:00,2026-04-23,TERRA_M-M,SÃO ROQUE DE MINAS,MINAS GERAIS,Brasil,,,,Cerrado,33,31,3164308,8,,220_074,5.5,POINT(-46.73405 -20.20019)
1815156881,a172d9db-864d-398e-a905-44bc76ce919f,-52.89062,-18.27697,2026-04-23 00:13:00+00:00,2026-04-23,TERRA_M-M,MINEIROS,GOIÁS,Brasil,,,,Cerrado,33,52,5213103,8,,224_073,14.8,POINT(-52.89062 -18.27697)
1815156863,3d5ab628-e3f6-3d08-8ac3-a8c21df9add8,-48.67147,-21.39548,2026-04-23 00:13:00+00:00,2026-04-23,TERRA_M-M,TAQUARITINGA,SÃO PAULO,Brasil,,,,Cerrado,33,35,3553708,8,,221_075,12.7,POINT(-48.67147 -21.39548)
1815156885,762ad10a-5e9a-3f75-8896-bcb107089d83,-47.07592,-21.33402,2026-04-23 00:13:00+00:00,2026-04-23,TERRA_M-M,MOCOCA,SÃO PAULO,Brasil,,,,Cerrado,33,35,3530508,8,,220_075,17.8,POINT(-47.07592 -21.33402)
1815156877,3ff2df86-3f59-3244-ae22-fe80da5edd18,-47.08537,-21.3353,2026-04-23 00:13:00+00:00,2026-04-23,TERRA_M-M,MOCOCA,SÃO PAULO,Brasil,,,,Cerrado,33,35,3530508,8,,220_075,6.0,POINT(-47.08537 -21.3353)
1815156879,4b20f655-143e-3411-9c4c-0eed91db2e4c,-46.83575,-17.16431,2026-04-23 00:13:00+00:00,2026-04-23,TERRA_M-M,PARACATU,MINAS GERAIS,Brasil,,,,Cerrado,33,31,3147006,8,,220_072,5.1,POINT(-46.83575 -17.16431)
1815156846,efeaf869-054c-3e59-b03b-867543bd091e,-46.73407,-20.20018,2026-04-23 00:13:00+00:00,2026-04-23,TERRA_M-M,SÃO ROQUE DE MINAS,MINAS GERAIS,Brasil,,,,Cerrado,33,31,3164308,8,,220_074,5.5,POINT(-46.73407 -20.20018)
1815156854,bcd474bc-a85f-333d-b2a4-749318fb3e1c,-42.49294,-20.62415,2026-04-23 00:13:00+00:00,2026-04-23,TERRA_M-M,ARAPONGA,MINAS GERAIS,Brasil,,,,Mata Atlântica,33,31,3103702,8,,217_074,12.5,POINT(-42.49294 -20.62415)
1815156802,2d1dc0bc-09ab-338a-8c25-b6719ad705cc,-47.07594,-21.33401,2026-04-23 00:13:00+00:00,2026-04-23,TERRA_M-M,MOCOCA,SÃO PAULO,Brasil,,,,Cerrado,33,35,3530508,8,,220_075,17.8,POINT(-47.07594 -21.33401)
1815156882,044fb5e2-4d41-315d-80f7-137067be894b,-42.50055,-20.6307,2026-04-23 00:13:00+00:00,2026-04-23,TERRA_M-M,ARAPONGA,MINAS GERAIS,Brasil,,,,Mata Atlântica,33,31,3103702,8,,217_074,12.2,POINT(-42.50055 -20.6307)
1815156836,ae31ee62-d4e9-3307-868b-a7588ff0d55d,-52.89061,-18.27697,2026-04-23 00:13:00+00:00,2026-04-23,TERRA_M-M,MINEIROS,GOIÁS,Brasil,,,,Cerrado,33,52,5213103,8,,224_073,14.8,POINT(-52.89061 -18.27697)
1815156896,d905638f-ea3c-3f8d-bafe-72100f489b66,-46.8047,-20.23705,2026-04-23 00:13:00+00:00,2026-04-23,TERRA_M-M,DELFINÓPOLIS,MINAS GERAIS,Brasil,,,,Cerrado,33,31,3121209,8,,220_074,6.7,POINT(-46.8047 -20.23705)
1815156832,2ea93214-df9f-3f22-aa2a-e0d9987b1863,-46.74343,-20.20149,2026-04-23 00:13:00+00:00,2026-04-23,TERRA_M-M,SÃO ROQUE DE MINAS,MINAS GERAIS,Brasil,,,,Cerrado,33,31,3164308,8,,220_074,5.9,POINT(-46.74343 -20.20149)
1815156890,89d9d47c-5565-3fa1-80e8-a70348318cda,-46.83574,-17.16431,2026-04-23 00:13:00+00:00,2026-04-23,TERRA_M-M,PARACATU,MINAS GERAIS,Brasil,,,,Cerrado,33,31,3147006,8,,220_072,5.1,POINT(-46.83574 -17.16431)
1815156837,40281227-be3f-39fd-819b-80ee5e12db21,-47.08539,-21.33529,2026-04-23 00:13:00+00:00,2026-04-23,TERRA_M-M,MOCOCA,SÃO PAULO,Brasil,,,,Cerrado,33,35,3530508,8,,220_075,6.0,POINT(-47.08539 -21.33529)
1815156880,e2b5d323-2542-3663-9134-96b498bc5d3c,-48.67167,-21.05636,2026-04-23 00:13:00+00:00,2026-04-23,TERRA_M-M,PIRANGI,SÃO PAULO,Brasil,,,,Mata Atlântica,33,35,3539004,8,,221_075,13.4,POINT(-48.67167 -21.05636)
1815156866,801e984b-2e80-3b2a-9799-a699c2d4dede,-46.79538,-20.23575,2026-04-23 00:13:00+00:00,2026-04-23,TERRA_M-M,DELFINÓPOLIS,MINAS GERAIS,Brasil,,,,Cerrado,33,31,3121209,8,,220_074,9.1,POINT(-46.79538 -20.23575)
1815156841,78833ee5-7f97-32d9-b1cb-757da66a6247,-48.42291,-21.70317,2026-04-23 00:13:00+00:00,2026-04-23,TERRA_M-M,MATÃO,SÃO PAULO,Brasil,,,,Cerrado,33,35,3529302,8,,220_075,7.6,POINT(-48.42291 -21.70317)
1815156808,bb9d661c-99ae-371e-b50a-f3cd0b205398,-48.43316,-21.70446,2026-04-23 00:13:00+00:00,2026-04-23,TERRA_M-M,MATÃO,SÃO PAULO,Brasil,,,,Cerrado,33,35,3529302,8,,220_075,17.6,POINT(-48.43316 -21.70446)
1815156853,cfac80b5-4d51-3690-b815-2f767b04f447,-48.4229,-21.70317,2026-04-23 00:13:00+00:00,2026-04-23,TERRA_M-M,MATÃO,SÃO PAULO,Brasil,,,,Cerrado,33,35,3529302,8,,220_075,7.6,POINT(-48.4229 -21.70317)
1815156817,0314eb3c-ab20-39e3-843a-e6b2b5a550d1,-46.79536,-20.23575,2026-04-23 00:13:00+00:00,2026-04-23,TERRA_M-M,DELFINÓPOLIS,MINAS GERAIS,Brasil,,,,Cerrado,33,31,3121209,8,,220_074,9.1,POINT(-46.79536 -20.23575)
1815156815,36da0c1d-c888-368c-a298-590d7d914a10,-46.74341,-20.20149,2026-04-23 00:13:00+00:00,2026-04-23,TERRA_M-M,SÃO ROQUE DE MINAS,MINAS GERAIS,Brasil,,,,Cerrado,33,31,3164308,8,,220_074,5.9,POINT(-46.74341 -20.20149)
1815156821,0efefed4-8de9-3278-bbf1-15dd7d425f36,-42.50056,-20.6307,2026-04-23 00:13:00+00:00,2026-04-23,TERRA_M-M,ARAPONGA,MINAS GERAIS,Brasil,,,,Mata Atlântica,33,31,3103702,8,,217_074,12.2,POINT(-42.50056 -20.6307)
1815156831,89019751-b9ea-3a90-b87b-ba4a587298d3,-48.43317,-21.70446,2026-04-23 00:13:00+00:00,2026-04-23,TERRA_M-M,MATÃO,SÃO PAULO,Brasil,,,,Cerrado,33,35,3529302,8,,220_075,17.6,POINT(-48.43317 -21.70446)
1815156867,948ed5bf-6901-3e40-a72c-ff1c37e1f89d,-42.81806,-20.38878,2026-04-23 00:13:00+00:00,2026-04-23,TERRA_M-M,PONTE NOVA,MINAS GERAIS,Brasil,,,,Mata Atlântica,33,31,3152105,8,,217_074,9.0,POINT(-42.81806 -20.38878)
1815156887,1c0b731c-b7d7-3606-905a-3ff419522348,-42.48536,-20.62814,2026-04-23 00:13:00+00:00,2026-04-23,TERRA_M-M,ARAPONGA,MINAS GERAIS,Brasil,,,,Mata Atlântica,33,31,3103702,8,,217_074,10.5,POINT(-42.48536 -20.62814)
1815156835,c5cf7603-0055-3080-b0b8-bb8f5f7b4ac8,-41.29302,-15.15372,2026-04-23 00:16:00+00:00,2026-04-23,TERRA_M-M,BELO CAMPO,BAHIA,Brasil,,,,Mata Atlântica,33,29,2903508,8,,217_070,19.9,POINT(-41.29302 -15.15372)
1815156893,d9cb9fec-5564-3b65-8042-1ed8211a2082,-45.325,-13.373,2026-04-23 00:16:00+00:00,2026-04-23,TERRA_M-M,CORRENTINA,BAHIA,Brasil,,,,Cerrado,33,29,2909307,8,,220_069,6.7,POINT(-45.325 -13.373)
1815156875,1bb68456-7095-3ce5-b3b9-6ba5c8d986c8,-45.32499,-13.373,2026-04-23 00:16:00+00:00,2026-04-23,TERRA_M-M,CORRENTINA,BAHIA,Brasil,,,,Cerrado,33,29,2909307,8,,220_069,6.7,POINT(-45.32499 -13.373)
1815156884,0e716a35-f60b-3b66-b189-3474bd79bbf2,-43.59542,-13.0254,2026-04-23 00:16:00+00:00,2026-04-23,TERRA_M-M,SÍTIO DO MATO,BAHIA,Brasil,,,,Cerrado,33,29,2930758,8,,219_069,15.2,POINT(-43.59542 -13.0254)
1815156865,8080e7de-2832-3f6d-b53f-251f394d1d0c,-43.98324,-15.18627,2026-04-23 00:16:00+00:00,2026-04-23,TERRA_M-M,JAÍBA,MINAS GERAIS,Brasil,,,,Cerrado,33,31,3135050,8,,219_070,9.3,POINT(-43.98324 -15.18627)
1815156828,65683f1b-37bc-3c4e-9aaf-db7eb79fc262,-43.98326,-15.18627,2026-04-23 00:16:00+00:00,2026-04-23,TERRA_M-M,JAÍBA,MINAS GERAIS,Brasil,,,,Cerrado,33,31,3135050,8,,219_070,9.3,POINT(-43.98326 -15.18627)
1815156814,b54f9d9b-275c-38f4-8133-db9a289352ee,-51.08854,-17.48502,2026-04-23 00:16:00+00:00,2026-04-23,TERRA_M-M,MONTIVIDIU,GOIÁS,Brasil,,,,Cerrado,33,52,5213756,8,,223_072,28.7,POINT(-51.08854 -17.48502)
1815156900,898aefb6-be2c-360f-94aa-1a2b97eb2c9a,-51.10089,-17.48653,2026-04-23 00:16:00+00:00,2026-04-23,TERRA_M-M,MONTIVIDIU,GOIÁS,Brasil,,,,Cerrado,33,52,5213756,8,,223_072,7.6,POINT(-51.10089 -17.48653)
1815156874,c8ff437f-759b-3dde-830a-67e23fdebc24,-45.32339,-13.38284,2026-04-23 00:16:00+00:00,2026-04-23,TERRA_M-M,CORRENTINA,BAHIA,Brasil,,,,Cerrado,33,29,2909307,8,,220_069,27.0,POINT(-45.32339 -13.38284)
1815156901,f22058ae-6887-3d73-b928-76c7518fa9de,-51.10088,-17.48653,2026-04-23 00:16:00+00:00,2026-04-23,TERRA_M-M,MONTIVIDIU,GOIÁS,Brasil,,,,Cerrado,33,52,5213756,8,,223_072,7.6,POINT(-51.10088 -17.48653)
1815156839,75bc0ad9-3566-37e8-bb76-0a38ae250904,-41.29304,-15.15372,2026-04-23 00:16:00+00:00,2026-04-23,TERRA_M-M,BELO CAMPO,BAHIA,Brasil,,,,Mata Atlântica,33,29,2903508,8,,217_070,19.9,POINT(-41.29304 -15.15372)
1815156844,606dbb3c-6981-36df-a383-f333a84fc0d7,-45.32341,-13.38284,2026-04-23 00:16:00+00:00,2026-04-23,TERRA_M-M,CORRENTINA,BAHIA,Brasil,,,,Cerrado,33,29,2909307,8,,220_069,27.0,POINT(-45.32341 -13.38284)
1815156868,9422692a-75b9-3a6a-9dc3-233ad5ef5889,-51.08852,-17.48503,2026-04-23 00:16:00+00:00,2026-04-23,TERRA_M-M,MONTIVIDIU,GOIÁS,Brasil,,,,Cerrado,33,52,5213756,8,,223_072,28.7,POINT(-51.08852 -17.48503)
1815156892,aa904f25-e04e-344d-a2ac-7cb66cff304d,-43.59544,-13.0254,2026-04-23 00:16:00+00:00,2026-04-23,TERRA_M-M,SÍTIO DO MATO,BAHIA,Brasil,,,,Cerrado,33,29,2930758,8,,219_069,15.2,POINT(-43.59544 -13.0254)
1815156905,681ccd06-a42e-3ba7-b5c2-ed4ba586eefd,-43.66358,-11.77925,2026-04-23 00:18:00+00:00,2026-04-23,TERRA_M-M,BARRA,BAHIA,Brasil,,,,Cerrado,33,29,2902708,8,,219_068,51.5,POINT(-43.66358 -11.77925)
1815156819,7a70f4bd-986a-3f85-9044-6ada0d7a62cc,-44.61886,-12.28318,2026-04-23 00:18:00+00:00,2026-04-23,TERRA_M-M,CATOLÂNDIA,BAHIA,Brasil,,,,Cerrado,33,29,2907400,8,,219_069,42.0,POINT(-44.61886 -12.28318)
1815156864,f34be6d7-1efa-3ac6-b995-e9d167620f9d,-43.63992,-11.76532,2026-04-23 00:18:00+00:00,2026-04-23,TERRA_M-M,BARRA,BAHIA,Brasil,,,,Cerrado,33,29,2902708,8,,219_068,26.1,POINT(-43.63992 -11.76532)
1815156861,a58ad1d2-d268-3811-86cc-0a78cafd6335,-43.62807,-11.79703,2026-04-23 00:18:00+00:00,2026-04-23,TERRA_M-M,BARRA,BAHIA,Brasil,,,,Cerrado,33,29,2902708,8,,219_068,12.9,POINT(-43.62807 -11.79703)
1815156852,cbb02c4e-26e5-3ffb-86ef-7c244d0f02e0,-43.67004,-11.78166,2026-04-23 00:18:00+00:00,2026-04-23,TERRA_M-M,BARRA,BAHIA,Brasil,,,,Cerrado,33,29,2902708,8,,219_068,29.8,POINT(-43.67004 -11.78166)
1815156855,70a5d6e3-dd80-37e6-9366-828d703458fb,-44.62066,-12.27268,2026-04-23 00:18:00+00:00,2026-04-23,TERRA_M-M,CATOLÂNDIA,BAHIA,Brasil,,,,Cerrado,33,29,2907400,8,,219_069,11.3,POINT(-44.62066 -12.27268)
1815156809,9da6d209-feba-3439-ae53-1af94fef62b4,-43.62806,-11.79703,2026-04-23 00:18:00+00:00,2026-04-23,TERRA_M-M,BARRA,BAHIA,Brasil,,,,Cerrado,33,29,2902708,8,,219_068,12.9,POINT(-43.62806 -11.79703)
1815156823,228b6993-8261-39ea-933a-dee2dbbcdd96,-43.66547,-11.76784,2026-04-23 00:18:00+00:00,2026-04-23,TERRA_M-M,BARRA,BAHIA,Brasil,,,,Cerrado,33,29,2902708,8,,219_068,9.6,POINT(-43.66547 -11.76784)
1815156843,f4a0d6bc-f222-32a4-b9e8-42c525e07313,-43.66356,-11.77925,2026-04-23 00:18:00+00:00,2026-04-23,TERRA_M-M,BARRA,BAHIA,Brasil,,,,Cerrado,33,29,2902708,8,,219_068,51.5,POINT(-43.66356 -11.77925)
1815156858,07ef2d7d-40f2-3177-bbde-3ab630d978f9,-45.47185,-12.58492,2026-04-23 00:18:00+00:00,2026-04-23,TERRA_M-M,SÃO DESIDÉRIO,BAHIA,Brasil,,,,Cerrado,33,29,2928901,8,,220_069,17.9,POINT(-45.47185 -12.58492)
1815156812,74e772ab-76a2-3236-84f4-4579c50c9d7f,-43.62995,-11.78558,2026-04-23 00:18:00+00:00,2026-04-23,TERRA_M-M,BARRA,BAHIA,Brasil,,,,Cerrado,33,29,2902708,8,,219_068,23.2,POINT(-43.62995 -11.78558)
1815156888,ff5e34ed-02a1-3c07-9c8a-2608188e1e70,-43.64957,-11.76527,2026-04-23 00:18:00+00:00,2026-04-23,TERRA_M-M,BARRA,BAHIA,Brasil,,,,Cerrado,33,29,2902708,8,,219_068,39.2,POINT(-43.64957 -11.76527)
1815156820,1b8b121f-25ae-3709-9361-fdd29fb3a963,-45.47506,-12.56521,2026-04-23 00:18:00+00:00,2026-04-23,TERRA_M-M,SÃO DESIDÉRIO,BAHIA,Brasil,,,,Cerrado,33,29,2928901,8,,220_069,8.3,POINT(-45.47506 -12.56521)
1815156878,26274491-22ba-394d-bb70-f2566701ae04,-45.47183,-12.58493,2026-04-23 00:18:00+00:00,2026-04-23,TERRA_M-M,SÃO DESIDÉRIO,BAHIA,Brasil,,,,Cerrado,33,29,2928901,8,,220_069,17.9,POINT(-45.47183 -12.58493)
1815156902,ce0d06b7-cb7a-3ef5-adb8-0ca4d21b53cf,-43.65392,-11.7792,2026-04-23 00:18:00+00:00,2026-04-23,TERRA_M-M,BARRA,BAHIA,Brasil,,,,Cerrado,33,29,2902708,8,,219_068,19.7,POINT(-43.65392 -11.7792)
1815156899,4ab72605-9522-3da7-a624-36d265cb5f68,-43.61413,-11.78306,2026-04-23 00:18:00+00:00,2026-04-23,TERRA_M-M,BARRA,BAHIA,Brasil,,,,Cerrado,33,29,2902708,8,,219_068,19.3,POINT(-43.61413 -11.78306)
1815156903,211db2b3-72f7-3122-ab94-4728bde28c56,-43.65579,-11.76776,2026-04-23 00:18:00+00:00,2026-04-23,TERRA_M-M,BARRA,BAHIA,Brasil,,,,Cerrado,33,29,2902708,8,,219_068,53.3,POINT(-43.65579 -11.76776)
1815156889,70d48da6-21e5-3500-b4d1-b15419ca7aaa,-44.62067,-12.27268,2026-04-23 00:18:00+00:00,2026-04-23,TERRA_M-M,CATOLÂNDIA,BAHIA,Brasil,,,,Cerrado,33,29,2907400,8,,219_069,11.3,POINT(-44.62067 -12.27268)
1815156870,47cc3a51-0dd3-33d4-97a8-40e996c75e16,-43.64959,-11.76527,2026-04-23 00:18:00+00:00,2026-04-23,TERRA_M-M,BARRA,BAHIA,Brasil,,,,Cerrado,33,29,2902708,8,,219_068,39.2,POINT(-43.64959 -11.76527)
1815156898,fc3ad2f9-b9de-3c79-9b50-d420f490aaff,-45.47507,-12.56521,2026-04-23 00:18:00+00:00,2026-04-23,TERRA_M-M,SÃO DESIDÉRIO,BAHIA,Brasil,,,,Cerrado,33,29,2928901,8,,220_069,8.3,POINT(-45.47507 -12.56521)
1815156811,ac4e0c5b-9efc-3005-91e0-2fab5c1b05d4,-43.65393,-11.77919,2026-04-23 00:18:00+00:00,2026-04-23,TERRA_M-M,BARRA,BAHIA,Brasil,,,,Cerrado,33,29,2902708,8,,219_068,19.7,POINT(-43.65393 -11.77919)
1815156895,bbc159eb-20cb-35f0-be89-9f1746d56c4f,-44.63194,-12.28515,2026-04-23 00:18:00+00:00,2026-04-23,TERRA_M-M,CATOLÂNDIA,BAHIA,Brasil,,,,Cerrado,33,29,2907400,8,,219_069,11.1,POINT(-44.63194 -12.28515)
1815156860,7317184f-02d4-31bf-bfd0-73d2c0c1174c,-43.64774,-11.7767,2026-04-23 00:18:00+00:00,2026-04-23,TERRA_M-M,BARRA,BAHIA,Brasil,,,,Cerrado,33,29,2902708,8,,219_068,24.8,POINT(-43.64774 -11.7767)
1815156904,e7af5b94-5b45-3b7a-9af2-94dbd6bf09e9,-43.62993,-11.78558,2026-04-23 00:18:00+00:00,2026-04-23,TERRA_M-M,BARRA,BAHIA,Brasil,,,,Cerrado,33,29,2902708,8,,219_068,23.2,POINT(-43.62993 -11.78558)
1815156872,2b7c3778-79aa-3c71-9537-2d810e30f44f,-43.63991,-11.76532,2026-04-23 00:18:00+00:00,2026-04-23,TERRA_M-M,BARRA,BAHIA,Brasil,,,,Cerrado,33,29,2902708,8,,219_068,26.1,POINT(-43.63991 -11.76532)
1815156826,5a3abd3c-1ac2-3381-b677-429f703bdce9,-44.63192,-12.28515,2026-04-23 00:18:00+00:00,2026-04-23,TERRA_M-M,CATOLÂNDIA,BAHIA,Brasil,,,,Cerrado,33,29,2907400,8,,219_069,11.1,POINT(-44.63192 -12.28515)
1815156833,8ec37df9-1196-3c55-b58f-6e9669c1d27a,-44.61885,-12.28318,2026-04-23 00:18:00+00:00,2026-04-23,TERRA_M-M,CATOLÂNDIA,BAHIA,Brasil,,,,Cerrado,33,29,2907400,8,,219_069,42.0,POINT(-44.61885 -12.28318)
1815156834,1650e62d-9c31-307d-a7bb-a9dedb4f0374,-43.61415,-11.78305,2026-04-23 00:18:00+00:00,2026-04-23,TERRA_M-M,BARRA,BAHIA,Brasil,,,,Cerrado,33,29,2902708,8,,219_068,19.3,POINT(-43.61415 -11.78305)
1815156829,d67ebd39-9248-33ce-84f0-11714c03eb4d,-43.66549,-11.76784,2026-04-23 00:18:00+00:00,2026-04-23,TERRA_M-M,BARRA,BAHIA,Brasil,,,,Cerrado,33,29,2902708,8,,219_068,9.6,POINT(-43.66549 -11.76784)
1815156840,130f817b-c6d4-39ba-807a-0d2c43a75a95,-43.65578,-11.76777,2026-04-23 00:18:00+00:00,2026-04-23,TERRA_M-M,BARRA,BAHIA,Brasil,,,,Cerrado,33,29,2902708,8,,219_068,53.3,POINT(-43.65578 -11.76777)
1815156807,e27b5c63-f76f-3432-8445-08a91e206899,-43.67005,-11.78166,2026-04-23 00:18:00+00:00,2026-04-23,TERRA_M-M,BARRA,BAHIA,Brasil,,,,Cerrado,33,29,2902708,8,,219_068,29.8,POINT(-43.67005 -11.78166)
1815156816,e8073aa7-ec33-3b3e-9321-92bce7e2bf77,-43.64772,-11.7767,2026-04-23 00:18:00+00:00,2026-04-23,TERRA_M-M,BARRA,BAHIA,Brasil,,,,Cerrado,33,29,2902708,8,,219_068,24.8,POINT(-43.64772 -11.7767)
1815156213,1a77a064-4487-351e-8a24-da570eed4c91,-43.643,-11.772,2026-04-23 00:20:00+00:00,2026-04-23,GOES-19,BARRA,BAHIA,Brasil,,,,Cerrado,33,29,2902708,8,,219_068,61.1,POINT(-43.643 -11.772)
1815156411,b91f4e1a-2a1b-36ce-afb4-8f83c4c177f9,-43.6163,-11.7917,2026-04-23 00:20:00+00:00,2026-04-23,GOES-19,BARRA,BAHIA,Brasil,,,,Cerrado,33,29,2902708,8,,219_068,70.1,POINT(-43.6163 -11.7917)
1815155655,0d52831e-511c-3cec-9230-37ec64ec4886,-51.1126,-6.5631,2026-04-23 00:20:00+00:00,2026-04-23,GOES-19,OURILÂNDIA DO NORTE,PARÁ,Brasil,,,,Amazônia,33,15,1505437,8,,224_065,57.7,POINT(-51.1126 -6.5631)
1815156778,a89b14ea-da6c-3398-98e4-d22acebb493e,-43.6163,-11.7917,2026-04-23 00:30:00+00:00,2026-04-23,GOES-19,BARRA,BAHIA,Brasil,,,,Cerrado,33,29,2902708,8,,219_068,59.8,POINT(-43.6163 -11.7917)
1815156774,1b4e97d3-6f3c-38df-be8e-f142ffe1465b,-43.643,-11.772,2026-04-23 00:30:00+00:00,2026-04-23,GOES-19,BARRA,BAHIA,Brasil,,,,Cerrado,33,29,2902708,8,,219_068,57.2,POINT(-43.643 -11.772)
1815156800,9b6e4bb7-7488-3fed-9e5c-66f09c88b264,-43.643,-11.772,2026-04-23 00:40:00+00:00,2026-04-23,GOES-19,BARRA,BAHIA,Brasil,,,,Cerrado,33,29,2902708,8,,219_068,59.6,POINT(-43.643 -11.772)
1815156799,6a1bf911-85e6-3c5f-900d-6179388ea938,-43.6163,-11.7917,2026-04-23 00:40:00+00:00,2026-04-23,GOES-19,BARRA,BAHIA,Brasil,,,,Cerrado,33,29,2902708,8,,219_068,73.1,POINT(-43.6163 -11.7917)
1815156851,6980350c-4d6f-3224-9e49-e5feaa919cdb,-43.643,-11.772,2026-04-23 00:50:00+00:00,2026-04-23,GOES-19,BARRA,BAHIA,Brasil,,,,Cerrado,33,29,2902708,8,,219_068,58.0,POINT(-43.643 -11.772)
1815156924,81dfca44-d238-3412-8339-94355e5b474c,-43.6163,-11.7917,2026-04-23 01:00:00+00:00,2026-04-23,GOES-19,BARRA,BAHIA,Brasil,,,,Cerrado,33,29,2902708,8,,219_068,58.6,POINT(-43.6163 -11.7917)
1815156975,8a8b8ab6-ce93-3f3e-96f6-b6c6ae413949,-43.6163,-11.7917,2026-04-23 01:10:00+00:00,2026-04-23,GOES-19,BARRA,BAHIA,Brasil,,,,Cerrado,33,29,2902708,8,,219_068,54.4,POINT(-43.6163 -11.7917)
1815157194,a5c1005a-74e8-3c1d-9c9f-93a1774fb94a,-43.6163,-11.7917,2026-04-23 01:30:00+00:00,2026-04-23,GOES-19,BARRA,BAHIA,Brasil,,,,Cerrado,33,29,2902708,8,,219_068,55.4,POINT(-43.6163 -11.7917)
1815157901,78a71ddf-12a5-31ef-b24d-a5f708a361f9,-43.643,-11.772,2026-04-23 01:40:00+00:00,2026-04-23,GOES-19,BARRA,BAHIA,Brasil,,,,Cerrado,33,29,2902708,8,,219_068,54.0,POINT(-43.643 -11.772)
1815157903,13026f9a-f5fd-3312-9043-80debf2ac06f,-43.6163,-11.7917,2026-04-23 01:40:00+00:00,2026-04-23,GOES-19,BARRA,BAHIA,Brasil,,,,Cerrado,33,29,2902708,8,,219_068,56.7,POINT(-43.6163 -11.7917)
1815157914,61b9f3f3-0681-3d06-9fbd-9bfdaa9bb624,-43.6163,-11.7917,2026-04-23 01:50:00+00:00,2026-04-23,GOES-19,BARRA,BAHIA,Brasil,,,,Cerrado,33,29,2902708,8,,219_068,52.9,POINT(-43.6163 -11.7917)
1815159770,dd14dd4f-2a18-380f-9b5f-ea10d3257371,-48.842,-21.2708,2026-04-23 02:50:00+00:00,2026-04-23,GOES-19,SANTA ADÉLIA,SÃO PAULO,Brasil,,,,Mata Atlântica,33,35,3545605,8,,221_075,78.5,POINT(-48.842 -21.2708)
1815163071,a68248b5-ce23-35ce-b7ab-51f00d3d2e93,-41.29512,-15.1525,2026-04-23 03:10:00+00:00,2026-04-23,NOAA-20,BELO CAMPO,BAHIA,Brasil,,,,Mata Atlântica,33,29,2903508,8,,217_070,1.5,POINT(-41.29512 -15.1525)
1815163558,d908d13d-57ab-3c59-afd7-85f1a99c3686,-41.29648,-15.15931,2026-04-23 03:10:00+00:00,2026-04-23,NOAA-20,BELO CAMPO,BAHIA,Brasil,,,,Mata Atlântica,33,29,2903508,8,,217_070,1.5,POINT(-41.29648 -15.15931)
1815202161,6ce861ca-795e-33f2-98be-e4c5b4b0d2a1,-44.8311,-8.7853,2026-04-23 03:55:00+00:00,2026-04-23,NOAA-21,CURRAIS,PIAUÍ,Brasil,,,,Cerrado,33,22,2203230,8,,220_066,0.8,POINT(-44.8311 -8.7853)
1815202766,bf67179a-a895-3179-ae8c-4fdc3e51a8d2,-44.23368,-6.04129,2026-04-23 03:55:00+00:00,2026-04-23,NOAA-21,COLINAS,MARANHÃO,Brasil,,,,Cerrado,33,21,2103505,8,,220_064,1.5,POINT(-44.23368 -6.04129)
1815202237,a7f14440-1a3d-3f88-8d8a-6bc485198fe3,-44.23327,-6.03927,2026-04-23 03:55:00+00:00,2026-04-23,NOAA-21,COLINAS,MARANHÃO,Brasil,,,,Cerrado,33,21,2103505,8,,220_064,1.4,POINT(-44.23327 -6.03927)
1815203777,bc874bd5-598f-389e-9c78-694b18ace955,-43.6128,-11.78931,2026-04-23 03:57:00+00:00,2026-04-23,NOAA-21,BARRA,BAHIA,Brasil,,,,Cerrado,33,29,2902708,8,,219_068,5.0,POINT(-43.6128 -11.78931)
1815201389,8c5ab212-7546-36a6-949a-e75214d9f170,-43.66403,-11.77675,2026-04-23 03:57:00+00:00,2026-04-23,NOAA-21,BARRA,BAHIA,Brasil,,,,Cerrado,33,29,2902708,8,,219_068,2.4,POINT(-43.66403 -11.77675)
1815203739,70fdbbd8-8d9b-3e37-9cf1-4cf405b96b68,-43.65393,-11.77454,2026-04-23 03:57:00+00:00,2026-04-23,NOAA-21,BARRA,BAHIA,Brasil,,,,Cerrado,33,29,2902708,8,,219_068,2.1,POINT(-43.65393 -11.77454)
1815203311,cdbd4ea7-1736-3297-9c75-79df8813853c,-44.95264,-16.709,2026-04-23 03:57:00+00:00,2026-04-23,NOAA-21,PONTO CHIQUE,MINAS GERAIS,Brasil,,,,Cerrado,33,31,3152131,8,,219_072,1.5,POINT(-44.95264 -16.709)
1815202264,7667e78c-f750-386b-bae7-91683ef07a3e,-44.62577,-12.28388,2026-04-23 03:57:00+00:00,2026-04-23,NOAA-21,CATOLÂNDIA,BAHIA,Brasil,,,,Cerrado,33,29,2907400,8,,219_069,3.2,POINT(-44.62577 -12.28388)
1815201391,c885a2f7-5b40-39b4-bff7-a8d00caab59f,-45.474,-12.57055,2026-04-23 03:57:00+00:00,2026-04-23,NOAA-21,SÃO DESIDÉRIO,BAHIA,Brasil,,,,Cerrado,33,29,2928901,8,,220_069,1.2,POINT(-45.474 -12.57055)
1815202704,4835ddcc-613a-31df-abed-671e322055fc,-42.86148,-17.89981,2026-04-23 03:57:00+00:00,2026-04-23,NOAA-21,ITAMARANDIBA,MINAS GERAIS,Brasil,,,,Cerrado,33,31,3132503,8,,217_072,0.8,POINT(-42.86148 -17.89981)
1815202338,39f6ccf2-5519-3298-898d-7366b59a07cc,-43.64727,-11.76393,2026-04-23 03:57:00+00:00,2026-04-23,NOAA-21,BARRA,BAHIA,Brasil,,,,Cerrado,33,29,2902708,8,,219_068,2.2,POINT(-43.64727 -11.76393)
1815203877,06f16c64-6a3f-37c8-84b3-6a4cac45a8c6,-41.29333,-15.15907,2026-04-23 03:57:00+00:00,2026-04-23,NOAA-21,BELO CAMPO,BAHIA,Brasil,,,,Mata Atlântica,33,29,2903508,8,,217_070,2.4,POINT(-41.29333 -15.15907)
1815202398,412638c3-0382-3f7c-b693-5d37ef85ac81,-43.84314,-11.97598,2026-04-23 03:57:00+00:00,2026-04-23,NOAA-21,WANDERLEY,BAHIA,Brasil,,,,Cerrado,33,29,2933455,8,,219_068,1.0,POINT(-43.84314 -11.97598)
1815202443,d8420653-8178-3c97-92b9-962a39ee830c,-51.09026,-17.48122,2026-04-23 03:57:00+00:00,2026-04-23,NOAA-21,MONTIVIDIU,GOIÁS,Brasil,,,,Cerrado,33,52,5213756,8,,223_072,1.7,POINT(-51.09026 -17.48122)
1815203324,77b7323b-588c-333b-beb7-1001d0c68eff,-39.80157,-15.6725,2026-04-23 03:57:00+00:00,2026-04-23,NOAA-21,POTIRAGUÁ,BAHIA,Brasil,,,,Mata Atlântica,33,29,2925402,8,,216_071,0.5,POINT(-39.80157 -15.6725)
1815202818,44c07ef2-3ff9-3fec-9ca3-78da8f7c6fe5,-45.32369,-13.37806,2026-04-23 03:57:00+00:00,2026-04-23,NOAA-21,CORRENTINA,BAHIA,Brasil,,,,Cerrado,33,29,2909307,8,,220_069,2.8,POINT(-45.32369 -13.37806)
1815201516,c4c015c9-0d77-350d-aab3-24a85519b81f,-43.83832,-11.9768,2026-04-23 03:57:00+00:00,2026-04-23,NOAA-21,WANDERLEY,BAHIA,Brasil,,,,Cerrado,33,29,2933455,8,,219_068,1.0,POINT(-43.83832 -11.9768)
1815203388,3129a6f1-f1be-32cf-9082-2523cffb19d6,-39.10229,-15.95834,2026-04-23 03:57:00+00:00,2026-04-23,NOAA-21,BELMONTE,BAHIA,Brasil,,,,Mata Atlântica,33,29,2903409,8,,215_071,1.5,POINT(-39.10229 -15.95834)
1815202210,e48b88a5-4cf4-3142-a174-0bccd1aa11d5,-45.47253,-12.5886,2026-04-23 03:57:00+00:00,2026-04-23,NOAA-21,SÃO DESIDÉRIO,BAHIA,Brasil,,,,Cerrado,33,29,2928901,8,,220_069,1.2,POINT(-45.47253 -12.5886)
1815203673,9e328857-9e39-3139-be59-409d0d6e1091,-43.61752,-11.78852,2026-04-23 03:57:00+00:00,2026-04-23,NOAA-21,BARRA,BAHIA,Brasil,,,,Cerrado,33,29,2902708,8,,219_068,5.0,POINT(-43.61752 -11.78852)
1815202287,4b583725-3b59-3fb8-895a-ad045dcd866b,-43.65264,-11.76693,2026-04-23 03:57:00+00:00,2026-04-23,NOAA-21,BARRA,BAHIA,Brasil,,,,Cerrado,33,29,2902708,8,,219_068,2.2,POINT(-43.65264 -11.76693)
1815202651,a6d2fbba-363a-378a-b7f2-b771c29f8d3b,-47.21093,-14.09953,2026-04-23 03:57:00+00:00,2026-04-23,NOAA-21,ALTO PARAÍSO DE GOIÁS,GOIÁS,Brasil,,,,Cerrado,33,52,5200605,8,,221_070,1.2,POINT(-47.21093 -14.09953)
1815201620,48115a56-668e-3d79-a56d-a66b2d7f8d1d,-43.65329,-11.77074,2026-04-23 03:57:00+00:00,2026-04-23,NOAA-21,BARRA,BAHIA,Brasil,,,,Cerrado,33,29,2902708,8,,219_068,2.1,POINT(-43.65329 -11.77074)
1815202525,0b104d2d-ded9-3d39-98a0-f03c81a527d8,-54.91543,-16.43051,2026-04-23 03:57:00+00:00,2026-04-23,NOAA-21,RONDONÓPOLIS,MATO GROSSO,Brasil,,,,Cerrado,33,51,5107602,8,,225_071,2.4,POINT(-54.91543 -16.43051)
1815201349,d68d3b58-7573-3207-ba9c-5ae4ba3c61bc,-42.21809,-17.48478,2026-04-23 03:57:00+00:00,2026-04-23,NOAA-21,SETUBINHA,MINAS GERAIS,Brasil,,,,Mata Atlântica,33,31,3165552,8,,217_072,0.7,POINT(-42.21809 -17.48478)
1815203294,f69f2bd4-15a1-315a-9248-7dedab9482f3,-39.92911,-18.88944,2026-04-23 03:57:00+00:00,2026-04-23,NOAA-21,SÃO MATEUS,ESPÍRITO SANTO,Brasil,,,,Mata Atlântica,33,32,3204906,8,,215_073,0.7,POINT(-39.92911 -18.88944)
1815202460,541f5695-d029-311c-8251-ba0238eb03e9,-40.35723,-17.88754,2026-04-23 03:57:00+00:00,2026-04-23,NOAA-21,NANUQUE,MINAS GERAIS,Brasil,,,,Mata Atlântica,33,31,3144300,8,,216_072,0.6,POINT(-40.35723 -17.88754)
1815201583,7ac1a53e-7d91-3868-b5e7-a4818f917cb1,-45.32067,-13.38285,2026-04-23 03:57:00+00:00,2026-04-23,NOAA-21,CORRENTINA,BAHIA,Brasil,,,,Cerrado,33,29,2909307,8,,220_069,2.4,POINT(-45.32067 -13.38285)
1815201369,0027f6b3-8294-3a9d-9ddf-701835c6685a,-43.62353,-11.79532,2026-04-23 03:57:00+00:00,2026-04-23,NOAA-21,BARRA,BAHIA,Brasil,,,,Cerrado,33,29,2902708,8,,219_068,6.4,POINT(-43.62353 -11.79532)
1815203340,13511f33-1375-3dbe-9967-e8da44111b99,-44.61739,-12.28361,2026-04-23 03:57:00+00:00,2026-04-23,NOAA-21,CATOLÂNDIA,BAHIA,Brasil,,,,Cerrado,33,29,2907400,8,,219_069,2.3,POINT(-44.61739 -12.28361)
1815203186,9664162a-87b7-37c2-94b9-794b2edf6d76,-40.04276,-13.37815,2026-04-23 03:57:00+00:00,2026-04-23,NOAA-21,JAGUAQUARA,BAHIA,Brasil,,,,Mata Atlântica,33,29,2917607,8,,216_069,0.5,POINT(-40.04276 -13.37815)
1815202452,eb0ca98c-3928-3536-81e8-5cca283609b5,-41.14847,-16.64898,2026-04-23 03:57:00+00:00,2026-04-23,NOAA-21,JOAÍMA,MINAS GERAIS,Brasil,,,,Mata Atlântica,33,31,3136009,8,,216_072,0.6,POINT(-41.14847 -16.64898)
1815201352,cf58b5f0-6aac-379a-8b8f-b8008a888217,-45.3252,-13.38628,2026-04-23 03:57:00+00:00,2026-04-23,NOAA-21,CORRENTINA,BAHIA,Brasil,,,,Cerrado,33,29,2909307,8,,220_069,1.3,POINT(-45.3252 -13.38628)
1815201388,daada4b8-aa7d-317d-96ae-eb8842a3f974,-43.65931,-11.77755,2026-04-23 03:57:00+00:00,2026-04-23,NOAA-21,BARRA,BAHIA,Brasil,,,,Cerrado,33,29,2902708,8,,219_068,2.4,POINT(-43.65931 -11.77755)
1815201604,170df89b-8a69-3ed6-be2d-d4b6d09ac4c9,-43.62289,-11.79152,2026-04-23 03:57:00+00:00,2026-04-23,NOAA-21,BARRA,BAHIA,Brasil,,,,Cerrado,33,29,2902708,8,,219_068,6.4,POINT(-43.62289 -11.79152)
1815202087,bd6e8fcb-8272-381c-b08c-a933bea711ac,-45.32822,-13.38149,2026-04-23 03:57:00+00:00,2026-04-23,NOAA-21,CORRENTINA,BAHIA,Brasil,,,,Cerrado,33,29,2909307,8,,220_069,1.3,POINT(-45.32822 -13.38149)
1815203430,e5ce71dc-4aeb-3419-82ec-a24544edec1a,-54.91504,-16.42773,2026-04-23 03:57:00+00:00,2026-04-23,NOAA-21,RONDONÓPOLIS,MATO GROSSO,Brasil,,,,Cerrado,33,51,5107602,8,,225_071,3.4,POINT(-54.91504 -16.42773)
1815203203,76f4fbc8-8b2d-30c7-b080-7cb88524abea,-43.64791,-11.76773,2026-04-23 03:57:00+00:00,2026-04-23,NOAA-21,BARRA,BAHIA,Brasil,,,,Cerrado,33,29,2902708,8,,219_068,2.2,POINT(-43.64791 -11.76773)
1815202385,3465d06a-3db0-3351-919e-7306c0a156bd,-44.62091,-12.283,2026-04-23 03:57:00+00:00,2026-04-23,NOAA-21,CATOLÂNDIA,BAHIA,Brasil,,,,Cerrado,33,29,2907400,8,,219_069,2.3,POINT(-44.62091 -12.283)
1815203205,6e5801a2-8fde-31af-9964-05f256bace87,-39.92537,-18.89,2026-04-23 03:57:00+00:00,2026-04-23,NOAA-21,SÃO MATEUS,ESPÍRITO SANTO,Brasil,,,,Mata Atlântica,33,32,3204906,8,,215_073,0.7,POINT(-39.92537 -18.89)
1815201653,4b071867-c44f-3c58-9284-cb41dccf2c30,-44.61663,-12.27961,2026-04-23 03:57:00+00:00,2026-04-23,NOAA-21,CATOLÂNDIA,BAHIA,Brasil,,,,Cerrado,33,29,2907400,8,,219_069,3.9,POINT(-44.61663 -12.27961)
1815201750,ac8b5e6a-7f98-3a2e-a8e7-899487cc3aa0,-44.6237,-12.2784,2026-04-23 03:57:00+00:00,2026-04-23,NOAA-21,CATOLÂNDIA,BAHIA,Brasil,,,,Cerrado,33,29,2907400,8,,219_069,3.8,POINT(-44.6237 -12.2784)
1815202487,1b5c1ee4-b45d-3d61-8bb0-7ad783471f51,-46.83477,-17.16873,2026-04-23 03:57:00+00:00,2026-04-23,NOAA-21,PARACATU,MINAS GERAIS,Brasil,,,,Cerrado,33,31,3147006,8,,220_072,2.4,POINT(-46.83477 -17.16873)
1815201721,bafaee82-a436-395e-9346-ceec69adb9d2,-45.47174,-12.5844,2026-04-23 03:57:00+00:00,2026-04-23,NOAA-21,SÃO DESIDÉRIO,BAHIA,Brasil,,,,Cerrado,33,29,2928901,8,,220_069,1.2,POINT(-45.47174 -12.5844)
1815203410,c47e2e21-471d-3678-9014-21486e5ae2ef,-43.61346,-11.79311,2026-04-23 03:57:00+00:00,2026-04-23,NOAA-21,BARRA,BAHIA,Brasil,,,,Cerrado,33,29,2902708,8,,219_068,3.8,POINT(-43.61346 -11.79311)
1815202828,ea41c45c-186a-3f64-9e6c-0cdf2c77b7a4,-43.65866,-11.77374,2026-04-23 03:57:00+00:00,2026-04-23,NOAA-21,BARRA,BAHIA,Brasil,,,,Cerrado,33,29,2902708,8,,219_068,2.3,POINT(-43.65866 -11.77374)
1815201571,14ebbe44-1767-32d2-8864-ba18976d61a4,-43.62761,-11.79072,2026-04-23 03:57:00+00:00,2026-04-23,NOAA-21,BARRA,BAHIA,Brasil,,,,Cerrado,33,29,2902708,8,,219_068,6.4,POINT(-43.62761 -11.79072)
1815202446,5830222b-d500-3d5b-8830-b1359a2cbd58,-44.62222,-12.28451,2026-04-23 03:57:00+00:00,2026-04-23,NOAA-21,CATOLÂNDIA,BAHIA,Brasil,,,,Cerrado,33,29,2907400,8,,219_069,2.2,POINT(-44.62222 -12.28451)
1815202749,03251fc2-05f2-3352-baa6-814fb57b6da3,-43.61817,-11.79231,2026-04-23 03:57:00+00:00,2026-04-23,NOAA-21,BARRA,BAHIA,Brasil,,,,Cerrado,33,29,2902708,8,,219_068,3.8,POINT(-43.61817 -11.79231)
1815201460,295cc4ea-efe5-3e53-bd59-7e3ca9f7e8ac,-44.18515,-12.24058,2026-04-23 03:57:00+00:00,2026-04-23,NOAA-21,CRISTÓPOLIS,BAHIA,Brasil,,,,Cerrado,33,29,2909703,8,,219_068,2.1,POINT(-44.18515 -12.24058)
1815203393,4d82e550-d3d6-31a3-9893-4fcff91fc530,-44.62016,-12.27901,2026-04-23 03:57:00+00:00,2026-04-23,NOAA-21,CATOLÂNDIA,BAHIA,Brasil,,,,Cerrado,33,29,2907400,8,,219_069,3.9,POINT(-44.62016 -12.27901)
1815203730,d2ff8c2d-f9b6-3268-993d-875924c41899,-43.66055,-11.78517,2026-04-23 03:57:00+00:00,2026-04-23,NOAA-21,BARRA,BAHIA,Brasil,,,,Cerrado,33,29,2902708,8,,219_068,1.7,POINT(-43.66055 -11.78517)
1815203568,bc22710a-23c7-3061-9c25-1caefc0d3d9e,-45.34439,-12.05409,2026-04-23 03:57:00+00:00,2026-04-23,NOAA-21,BARREIRAS,BAHIA,Brasil,,,,Cerrado,33,29,2903201,8,,220_068,1.9,POINT(-45.34439 -12.05409)
1815203710,7c1f17d4-133b-3cf9-84c4-51460e10cde8,-43.6492,-11.77534,2026-04-23 03:57:00+00:00,2026-04-23,NOAA-21,BARRA,BAHIA,Brasil,,,,Cerrado,33,29,2902708,8,,219_068,2.1,POINT(-43.6492 -11.77534)
1815203417,31e8dec5-035e-3aa9-ac15-51994123dc8a,-43.62158,-11.78392,2026-04-23 03:57:00+00:00,2026-04-23,NOAA-21,BARRA,BAHIA,Brasil,,,,Cerrado,33,29,2902708,8,,219_068,10.4,POINT(-43.62158 -11.78392)
1815203077,660f24cd-801a-393e-813f-a3021e0cbcb5,-47.20961,-14.09915,2026-04-23 03:57:00+00:00,2026-04-23,NOAA-21,ALTO PARAÍSO DE GOIÁS,GOIÁS,Brasil,,,,Cerrado,33,52,5200605,8,,221_070,1.2,POINT(-47.20961 -14.09915)
1815203073,6a1836ec-14e8-3933-996b-f681fee1f0f4,-43.61686,-11.78472,2026-04-23 03:57:00+00:00,2026-04-23,NOAA-21,BARRA,BAHIA,Brasil,,,,Cerrado,33,29,2902708,8,,219_068,5.0,POINT(-43.61686 -11.78472)
1815203060,1424081c-1cde-336c-9d98-b4cdc5b87301,-43.64254,-11.76473,2026-04-23 03:57:00+00:00,2026-04-23,NOAA-21,BARRA,BAHIA,Brasil,,,,Cerrado,33,29,2902708,8,,219_068,2.6,POINT(-43.64254 -11.76473)
1815203840,ee7cd36f-ab14-3e72-ac01-ea88ebea59f1,-45.32445,-13.38217,2026-04-23 03:57:00+00:00,2026-04-23,NOAA-21,CORRENTINA,BAHIA,Brasil,,,,Cerrado,33,29,2909307,8,,220_069,1.3,POINT(-45.32445 -13.38217)
1815203058,eb69f05a-2c06-37a3-8898-95cfce731672,-45.17941,-14.90352,2026-04-23 03:57:00+00:00,2026-04-23,NOAA-21,BONITO DE MINAS,MINAS GERAIS,Brasil,,,,Cerrado,33,31,3108255,8,,219_070,0.7,POINT(-45.17941 -14.90352)
1815203088,2fef8f12-ad3a-3374-9d24-ea8f60374410,-45.32143,-13.38696,2026-04-23 03:57:00+00:00,2026-04-23,NOAA-21,CORRENTINA,BAHIA,Brasil,,,,Cerrado,33,29,2909307,8,,220_069,2.4,POINT(-45.32143 -13.38696)
1815203305,b233716b-8f78-3d98-9821-813c7b90f521,-44.62446,-12.2824,2026-04-23 03:57:00+00:00,2026-04-23,NOAA-21,CATOLÂNDIA,BAHIA,Brasil,,,,Cerrado,33,29,2907400,8,,219_069,5.7,POINT(-44.62446 -12.2824)
1815203369,0e45c280-ce70-327b-97fa-3521a968d989,-45.47726,-12.57037,2026-04-23 03:57:00+00:00,2026-04-23,NOAA-21,SÃO DESIDÉRIO,BAHIA,Brasil,,,,Cerrado,33,29,2928901,8,,220_069,2.8,POINT(-45.47726 -12.57037)
1815203641,114e4276-2f1e-3cbf-b962-e3414b2635da,-54.92308,-16.42878,2026-04-23 03:57:00+00:00,2026-04-23,NOAA-21,RONDONÓPOLIS,MATO GROSSO,Brasil,,,,Cerrado,33,51,5107602,8,,225_071,2.4,POINT(-54.92308 -16.42878)
1815202086,4db1599c-c00f-3e52-9442-292f0865b13f,-43.58722,-13.02736,2026-04-23 03:57:00+00:00,2026-04-23,NOAA-21,SÍTIO DO MATO,BAHIA,Brasil,,,,Cerrado,33,29,2930758,8,,219_069,2.8,POINT(-43.58722 -13.02736)
1815203412,93ef723d-d9f5-3484-944e-630b53cc12c5,-45.4678,-12.58512,2026-04-23 03:57:00+00:00,2026-04-23,NOAA-21,SÃO DESIDÉRIO,BAHIA,Brasil,,,,Cerrado,33,29,2928901,8,,220_069,1.2,POINT(-45.4678 -12.58512)
1815202189,afcea1d8-d0c1-3dbb-8b2f-558e77182c39,-43.64319,-11.76853,2026-04-23 03:57:00+00:00,2026-04-23,NOAA-21,BARRA,BAHIA,Brasil,,,,Cerrado,33,29,2902708,8,,219_068,2.6,POINT(-43.64319 -11.76853)
1815201748,f1e56c8e-ed4e-3121-a86a-1870d6774705,-51.08683,-17.48669,2026-04-23 03:57:00+00:00,2026-04-23,NOAA-21,MONTIVIDIU,GOIÁS,Brasil,,,,Cerrado,33,52,5213756,8,,223_072,3.0,POINT(-51.08683 -17.48669)
1815202773,daaccf5e-4f29-30db-89de-584400b3c97a,-43.61882,-11.79611,2026-04-23 03:57:00+00:00,2026-04-23,NOAA-21,BARRA,BAHIA,Brasil,,,,Cerrado,33,29,2902708,8,,219_068,3.8,POINT(-43.61882 -11.79611)
1815203607,e4099219-c9d3-3a31-8b35-a58d5ba2731b,-45.47797,-12.56985,2026-04-23 03:57:00+00:00,2026-04-23,NOAA-21,SÃO DESIDÉRIO,BAHIA,Brasil,,,,Cerrado,33,29,2928901,8,,220_069,1.2,POINT(-45.47797 -12.56985)
1815203542,dc267b85-e040-321a-bcf5-7e341bfb7087,-43.64383,-11.77234,2026-04-23 03:57:00+00:00,2026-04-23,NOAA-21,BARRA,BAHIA,Brasil,,,,Cerrado,33,29,2902708,8,,219_068,1.0,POINT(-43.64383 -11.77234)
1815203297,7916b4f3-05b5-37b5-9279-b1a2840e5923,-42.21749,-17.48142,2026-04-23 03:57:00+00:00,2026-04-23,NOAA-21,SETUBINHA,MINAS GERAIS,Brasil,,,,Mata Atlântica,33,31,3165552,8,,217_072,1.9,POINT(-42.21749 -17.48142)
1815203196,75bb103f-6f32-308f-bf0c-86b2a97257f2,-51.08633,-17.48203,2026-04-23 03:57:00+00:00,2026-04-23,NOAA-21,MONTIVIDIU,GOIÁS,Brasil,,,,Cerrado,33,52,5213756,8,,223_072,1.9,POINT(-51.08633 -17.48203)
1815203234,cc73207d-feef-323b-97e2-ec12ede96961,-54.92286,-16.42591,2026-04-23 03:57:00+00:00,2026-04-23,NOAA-21,RONDONÓPOLIS,MATO GROSSO,Brasil,,,,Cerrado,33,51,5107602,8,,225_071,4.7,POINT(-54.92286 -16.42591)
1815201504,bf729dfd-dc2a-3020-88ba-d13898edd187,-43.64856,-11.77154,2026-04-23 03:57:00+00:00,2026-04-23,NOAA-21,BARRA,BAHIA,Brasil,,,,Cerrado,33,29,2902708,8,,219_068,2.1,POINT(-43.64856 -11.77154)
1815203140,b76fd5a8-4f76-370c-a674-ab12e51d3573,-42.3798,-18.02888,2026-04-23 03:57:00+00:00,2026-04-23,NOAA-21,ÁGUA BOA,MINAS GERAIS,Brasil,,,,Mata Atlântica,33,31,3100609,8,,217_072,0.8,POINT(-42.3798 -18.02888)
1815203319,ed7fc033-c661-3a8f-abe1-7a312a743bb7,-49.49929,-11.06007,2026-04-23 03:57:00+00:00,2026-04-23,NOAA-21,SANTA RITA DO TOCANTINS,TOCANTINS,Brasil,,,,Cerrado,33,17,1718899,8,,223_068,1.8,POINT(-49.49929 -11.06007)
1815202899,88d7ffa0-add4-3e7b-a71c-2ed1eb027e5b,-44.61869,-12.28514,2026-04-23 03:57:00+00:00,2026-04-23,NOAA-21,CATOLÂNDIA,BAHIA,Brasil,,,,Cerrado,33,29,2907400,8,,219_069,2.2,POINT(-44.61869 -12.28514)
1815203598,1224b2a2-31dd-3dca-aeb4-b6a88c50a3e9,-45.32898,-13.3856,2026-04-23 03:57:00+00:00,2026-04-23,NOAA-21,CORRENTINA,BAHIA,Brasil,,,,Cerrado,33,29,2909307,8,,220_069,1.3,POINT(-45.32898 -13.3856)
1815203527,39058d14-b990-3ecb-a2d5-333530e62021,-40.18731,-18.63332,2026-04-23 03:57:00+00:00,2026-04-23,NOAA-21,SÃO MATEUS,ESPÍRITO SANTO,Brasil,,,,Mata Atlântica,33,32,3204906,8,,216_073,0.5,POINT(-40.18731 -18.63332)
1815203737,66ccdc73-df88-3963-8683-213f088888e3,-47.11681,-11.98868,2026-04-23 03:57:00+00:00,2026-04-23,NOAA-21,TAIPAS DO TOCANTINS,TOCANTINS,Brasil,,,,Cerrado,33,17,1720937,8,,221_068,1.4,POINT(-47.11681 -11.98868)
1815202830,88e0d176-7566-3508-8be6-f9f23f241b9a,-51.09464,-17.48502,2026-04-23 03:57:00+00:00,2026-04-23,NOAA-21,MONTIVIDIU,GOIÁS,Brasil,,,,Cerrado,33,52,5213756,8,,223_072,2.3,POINT(-51.09464 -17.48502)
1815202886,2f619d6d-a157-3981-822c-6fed6a6a4236,-40.01367,-18.30971,2026-04-23 03:57:00+00:00,2026-04-23,NOAA-21,PINHEIROS,ESPÍRITO SANTO,Brasil,,,,Mata Atlântica,33,32,3204104,8,,216_073,0.9,POINT(-40.01367 -18.30971)
1815203687,088aec84-c37d-3465-98d9-42f033fc0eda,-43.62223,-11.78772,2026-04-23 03:57:00+00:00,2026-04-23,NOAA-21,BARRA,BAHIA,Brasil,,,,Cerrado,33,29,2902708,8,,219_068,10.4,POINT(-43.62223 -11.78772)
1815203768,42d80efa-06dd-3459-895e-941ffa875dbc,-43.63911,-11.77314,2026-04-23 03:57:00+00:00,2026-04-23,NOAA-21,BARRA,BAHIA,Brasil,,,,Cerrado,33,29,2902708,8,,219_068,1.0,POINT(-43.63911 -11.77314)
1815203778,fff2554f-874c-32a1-8782-7b60e0b9e326,-43.65802,-11.76994,2026-04-23 03:57:00+00:00,2026-04-23,NOAA-21,BARRA,BAHIA,Brasil,,,,Cerrado,33,29,2902708,8,,219_068,2.3,POINT(-43.65802 -11.76994)
1815201433,eac70536-c09a-38e6-b8d9-2aff9dad81a8,-41.28968,-15.15966,2026-04-23 03:57:00+00:00,2026-04-23,NOAA-21,BELO CAMPO,BAHIA,Brasil,,,,Mata Atlântica,33,29,2903508,8,,217_070,2.4,POINT(-41.28968 -15.15966)
1815203699,e625b6f7-91ec-37d4-b614-432528c1e91f,-41.68977,-15.36787,2026-04-23 03:57:00+00:00,2026-04-23,NOAA-21,NINHEIRA,MINAS GERAIS,Brasil,,,,Mata Atlântica,33,31,3144656,8,,217_071,1.7,POINT(-41.68977 -15.36787)
1815203155,8fd1bdcc-55ee-3c70-a382-1306c0d804f7,-43.66466,-11.78056,2026-04-23 03:57:00+00:00,2026-04-23,NOAA-21,BARRA,BAHIA,Brasil,,,,Cerrado,33,29,2902708,8,,219_068,2.4,POINT(-43.66466 -11.78056)
1815202764,526c7212-54f1-3a55-80fd-b5df46c82ea4,-45.34507,-12.0537,2026-04-23 03:57:00+00:00,2026-04-23,NOAA-21,BARREIRAS,BAHIA,Brasil,,,,Cerrado,33,29,2903201,8,,220_068,2.4,POINT(-45.34507 -12.0537)
1815202108,e16d299a-8e25-3ee4-9a6c-6f4aa5488799,-43.65993,-11.78136,2026-04-23 03:57:00+00:00,2026-04-23,NOAA-21,BARRA,BAHIA,Brasil,,,,Cerrado,33,29,2902708,8,,219_068,2.4,POINT(-43.65993 -11.78136)
1815202057,9393babd-6075-30bf-b79f-ca02b88b1131,-51.09072,-17.48586,2026-04-23 03:57:00+00:00,2026-04-23,NOAA-21,MONTIVIDIU,GOIÁS,Brasil,,,,Cerrado,33,52,5213756,8,,223_072,2.3,POINT(-51.09072 -17.48586)
1815201860,428579b8-7a60-3ef8-8ac3-cf1ba4ee56c1,-45.31992,-13.37875,2026-04-23 03:57:00+00:00,2026-04-23,NOAA-21,CORRENTINA,BAHIA,Brasil,,,,Cerrado,33,29,2909307,8,,220_069,1.3,POINT(-45.31992 -13.37875)
1815203183,6aba18ec-40fc-3645-8484-e27e89942add,-48.45476,-22.10905,2026-04-23 04:00:00+00:00,2026-04-23,NOAA-21,BOCAINA,SÃO PAULO,Brasil,,,,Cerrado,33,35,3506805,8,,220_075,8.7,POINT(-48.45476 -22.10905)
1815201734,cdbcab15-ea44-36c2-8ff2-3a62df6f7170,-49.88187,-19.9108,2026-04-23 04:00:00+00:00,2026-04-23,NOAA-21,SÃO FRANCISCO DE SALES,MINAS GERAIS,Brasil,,,,Mata Atlântica,33,31,3161304,8,,222_074,1.2,POINT(-49.88187 -19.9108)
1815202257,66df6bdb-4760-3cc1-881d-23115e62a9ae,-46.88826,-20.19876,2026-04-23 04:00:00+00:00,2026-04-23,NOAA-21,DELFINÓPOLIS,MINAS GERAIS,Brasil,,,,Cerrado,33,31,3121209,8,,220_074,1.5,POINT(-46.88826 -20.19876)
1815201376,1b2dfcbf-5843-379e-93fb-cd9d99dd821d,-52.88861,-18.2691,2026-04-23 04:00:00+00:00,2026-04-23,NOAA-21,MINEIROS,GOIÁS,Brasil,,,,Cerrado,33,52,5213103,8,,224_073,0.8,POINT(-52.88861 -18.2691)
1815202368,addc30c8-cfaa-37db-ace6-e71714bfb0e5,-46.7309,-20.19939,2026-04-23 04:00:00+00:00,2026-04-23,NOAA-21,SÃO ROQUE DE MINAS,MINAS GERAIS,Brasil,,,,Cerrado,33,31,3164308,8,,220_074,1.1,POINT(-46.7309 -20.19939)
1815203334,666d888e-88aa-3c94-b2b6-ad2d5a9011ac,-52.88621,-18.28305,2026-04-23 04:00:00+00:00,2026-04-23,NOAA-21,MINEIROS,GOIÁS,Brasil,,,,Cerrado,33,52,5213103,8,,224_073,1.4,POINT(-52.88621 -18.28305)
1815202192,68e5d813-47f9-3a4f-9389-44a3891313d9,-47.07311,-21.33691,2026-04-23 04:00:00+00:00,2026-04-23,NOAA-21,MOCOCA,SÃO PAULO,Brasil,,,,Cerrado,33,35,3530508,8,,220_075,0.8,POINT(-47.07311 -21.33691)
1815203114,6db49d76-cf9a-3499-b9a6-aceb40afcf6a,-48.67064,-21.04986,2026-04-23 04:00:00+00:00,2026-04-23,NOAA-21,PIRANGI,SÃO PAULO,Brasil,,,,Mata Atlântica,33,35,3539004,8,,221_075,3.1,POINT(-48.67064 -21.04986)
1815202567,bff2f50e-9d67-3d73-8dde-e74a70fa479e,-46.89051,-20.18996,2026-04-23 04:00:00+00:00,2026-04-23,NOAA-21,SÃO ROQUE DE MINAS,MINAS GERAIS,Brasil,,,,Cerrado,33,31,3164308,8,,220_074,1.9,POINT(-46.89051 -20.18996)
1815203605,98e382a7-d528-3ca1-90f3-8cca0a898e04,-52.88738,-18.26301,2026-04-23 04:00:00+00:00,2026-04-23,NOAA-21,MINEIROS,GOIÁS,Brasil,,,,Cerrado,33,52,5213103,8,,224_073,0.8,POINT(-52.88738 -18.26301)
1815201641,b58e6490-b14a-33a3-af31-ba1b64403a9a,-52.88628,-18.28233,2026-04-23 04:00:00+00:00,2026-04-23,NOAA-21,MINEIROS,GOIÁS,Brasil,,,,Cerrado,33,52,5213103,8,,224_073,1.9,POINT(-52.88628 -18.28233)
1815201660,86b31adc-b669-3b7d-b8df-b114e676d4ae,-46.76936,-20.24197,2026-04-23 04:00:00+00:00,2026-04-23,NOAA-21,SÃO ROQUE DE MINAS,MINAS GERAIS,Brasil,,,,Cerrado,33,31,3164308,8,,220_074,1.3,POINT(-46.76936 -20.24197)
1815203102,ace25988-abdf-3258-81b8-0337bd78eabe,-46.80729,-20.18069,2026-04-23 04:00:00+00:00,2026-04-23,NOAA-21,SÃO ROQUE DE MINAS,MINAS GERAIS,Brasil,,,,Cerrado,33,31,3164308,8,,220_074,0.9,POINT(-46.80729 -20.18069)
1815202646,aaecea30-3c96-38ce-b158-9988affc429a,-46.8045,-20.23956,2026-04-23 04:00:00+00:00,2026-04-23,NOAA-21,DELFINÓPOLIS,MINAS GERAIS,Brasil,,,,Cerrado,33,31,3121209,8,,220_074,1.6,POINT(-46.8045 -20.23956)
1815202662,80967e26-0dc4-3b45-b311-1260fca381a2,-48.45385,-22.10476,2026-04-23 04:00:00+00:00,2026-04-23,NOAA-21,BOCAINA,SÃO PAULO,Brasil,,,,Cerrado,33,35,3506805,8,,220_075,8.7,POINT(-48.45385 -22.10476)
1815202700,4551cbe4-e35f-3d26-99c0-77e439bfde3b,-46.90131,-20.20048,2026-04-23 04:00:00+00:00,2026-04-23,NOAA-21,DELFINÓPOLIS,MINAS GERAIS,Brasil,,,,Cerrado,33,31,3121209,8,,220_074,10.6,POINT(-46.90131 -20.20048)
1815202459,957567bf-2fb2-35f7-b362-cd615aa1ac25,-46.77265,-20.24135,2026-04-23 04:00:00+00:00,2026-04-23,NOAA-21,SÃO ROQUE DE MINAS,MINAS GERAIS,Brasil,,,,Cerrado,33,31,3164308,8,,220_074,2.5,POINT(-46.77265 -20.24135)
1815201907,2ec21983-0a37-3c29-9fc4-328610e20747,-46.89754,-20.2012,2026-04-23 04:00:00+00:00,2026-04-23,NOAA-21,DELFINÓPOLIS,MINAS GERAIS,Brasil,,,,Cerrado,33,31,3121209,8,,220_074,10.6,POINT(-46.89754 -20.2012)
1815203843,f9acefc4-b8ef-3a1f-8a91-97aee08f9a07,-46.94417,-20.17977,2026-04-23 04:00:00+00:00,2026-04-23,NOAA-21,DELFINÓPOLIS,MINAS GERAIS,Brasil,,,,Cerrado,33,31,3121209,8,,220_074,1.0,POINT(-46.94417 -20.17977)
1815201720,56354655-ef55-3444-8816-6ee493212982,-46.73539,-20.20268,2026-04-23 04:00:00+00:00,2026-04-23,NOAA-21,SÃO ROQUE DE MINAS,MINAS GERAIS,Brasil,,,,Cerrado,33,31,3164308,8,,220_074,1.8,POINT(-46.73539 -20.20268)
1815203626,778b2d97-a814-3158-8969-dca173b22bae,-46.7901,-20.23393,2026-04-23 04:00:00+00:00,2026-04-23,NOAA-21,DELFINÓPOLIS,MINAS GERAIS,Brasil,,,,Cerrado,33,31,3121209,8,,220_074,1.4,POINT(-46.7901 -20.23393)
1815203035,acdb7b6d-2530-3d95-badb-591f187195bd,-46.90823,-20.19498,2026-04-23 04:00:00+00:00,2026-04-23,NOAA-21,DELFINÓPOLIS,MINAS GERAIS,Brasil,,,,Cerrado,33,31,3121209,8,,220_074,1.9,POINT(-46.90823 -20.19498)
1815203484,53aaccb1-ac52-364a-a1be-5451ef5e0507,-46.93773,-20.1726,2026-04-23 04:00:00+00:00,2026-04-23,NOAA-21,DELFINÓPOLIS,MINAS GERAIS,Brasil,,,,Cerrado,33,31,3121209,8,,220_074,1.9,POINT(-46.93773 -20.1726)
1815202898,ffcded1e-ec23-3024-8df4-18af4d6b8de0,-52.69676,-22.96991,2026-04-23 04:00:00+00:00,2026-04-23,NOAA-21,GUAIRAÇÁ,PARANÁ,Brasil,,,,Mata Atlântica,33,41,4108908,8,,223_076,2.9,POINT(-52.69676 -22.96991)
1815203265,c4e3dcb3-ac99-39bd-85b2-ba2b9ec4243c,-42.81888,-20.39558,2026-04-23 04:00:00+00:00,2026-04-23,NOAA-21,ORATÓRIOS,MINAS GERAIS,Brasil,,,,Mata Atlântica,33,31,3145851,8,,217_074,1.2,POINT(-42.81888 -20.39558)
1815203065,f7aef411-326a-3dbd-a812-959cd08bd5c8,-52.88974,-18.27589,2026-04-23 04:00:00+00:00,2026-04-23,NOAA-21,MINEIROS,GOIÁS,Brasil,,,,Cerrado,33,52,5213103,8,,224_073,0.9,POINT(-52.88974 -18.27589)
1815202954,b5d3a782-228a-3aa8-87ab-4d9b878dcc02,-52.88982,-18.2752,2026-04-23 04:00:00+00:00,2026-04-23,NOAA-21,MINEIROS,GOIÁS,Brasil,,,,Cerrado,33,52,5213103,8,,224_073,1.8,POINT(-52.88982 -18.2752)
1815201766,08ffef36-526a-3ac6-bda2-b5dc664d669c,-47.04781,-22.78862,2026-04-23 04:00:00+00:00,2026-04-23,NOAA-21,CAMPINAS,SÃO PAULO,Brasil,,,,Mata Atlântica,33,35,3509502,8,,219_076,2.4,POINT(-47.04781 -22.78862)
1815202919,1442ad1e-eee7-38b9-b4c2-f7fdff745f62,-46.79612,-20.24113,2026-04-23 04:00:00+00:00,2026-04-23,NOAA-21,DELFINÓPOLIS,MINAS GERAIS,Brasil,,,,Cerrado,33,31,3121209,8,,220_074,1.5,POINT(-46.79612 -20.24113)
1815202978,d48ec80a-f16f-3055-8d34-c6bd995e9fd5,-46.89758,-20.18443,2026-04-23 04:00:00+00:00,2026-04-23,NOAA-21,SÃO ROQUE DE MINAS,MINAS GERAIS,Brasil,,,,Cerrado,33,31,3164308,8,,220_074,1.3,POINT(-46.89758 -20.18443)
1815202881,12cd507f-a92d-322e-a5ce-9d31695ccd82,-48.67578,-21.4,2026-04-23 04:00:00+00:00,2026-04-23,NOAA-21,TAQUARITINGA,SÃO PAULO,Brasil,,,,Cerrado,33,35,3553708,8,,221_075,1.7,POINT(-48.67578 -21.4)
1815202784,f4ead5b9-ea71-390e-8a59-484c1813d2ca,-42.82265,-20.39497,2026-04-23 04:00:00+00:00,2026-04-23,NOAA-21,PONTE NOVA,MINAS GERAIS,Brasil,,,,Mata Atlântica,33,31,3152105,8,,217_074,1.2,POINT(-42.82265 -20.39497)
1815201710,ed7e19e9-7e31-32d1-8841-34d0c64d6761,-46.80318,-20.23564,2026-04-23 04:00:00+00:00,2026-04-23,NOAA-21,DELFINÓPOLIS,MINAS GERAIS,Brasil,,,,Cerrado,33,31,3121209,8,,220_074,1.6,POINT(-46.80318 -20.23564)
1815202744,9bc417c0-bce1-3ae1-99b6-b6609795c5f8,-47.07588,-21.33221,2026-04-23 04:00:00+00:00,2026-04-23,NOAA-21,MOCOCA,SÃO PAULO,Brasil,,,,Cerrado,33,35,3530508,8,,220_075,1.4,POINT(-47.07588 -21.33221)
1815202653,048ded79-cb9c-370f-a5c0-f6b574a0483c,-51.3407,-19.68576,2026-04-23 04:00:00+00:00,2026-04-23,NOAA-21,PARANAÍBA,MATO GROSSO DO SUL,Brasil,,,,Cerrado,33,50,5006309,8,,223_074,0.8,POINT(-51.3407 -19.68576)
1815202642,de243cfc-0381-3b55-8d42-ecf73d907e10,-46.79807,-20.23244,2026-04-23 04:00:00+00:00,2026-04-23,NOAA-21,DELFINÓPOLIS,MINAS GERAIS,Brasil,,,,Cerrado,33,31,3121209,8,,220_074,2.1,POINT(-46.79807 -20.23244)
1815202630,ee5f0b8f-fa7a-36f1-9cab-6efce5ce4596,-46.74454,-20.20925,2026-04-23 04:00:00+00:00,2026-04-23,NOAA-21,SÃO ROQUE DE MINAS,MINAS GERAIS,Brasil,,,,Cerrado,33,31,3164308,8,,220_074,1.7,POINT(-46.74454 -20.20925)
1815203349,45db4037-fedc-3f97-90d0-724e2e622a1b,-48.44957,-22.1056,2026-04-23 04:00:00+00:00,2026-04-23,NOAA-21,BOCAINA,SÃO PAULO,Brasil,,,,Cerrado,33,35,3506805,8,,220_075,8.7,POINT(-48.44957 -22.1056)
1815201434,08d8f93f-f673-329e-b3a5-cfbed29afca7,-42.65488,-22.19237,2026-04-23 04:00:00+00:00,2026-04-23,NOAA-21,SUMIDOURO,RIO DE JANEIRO,Brasil,,,,Mata Atlântica,33,33,3305703,8,,217_075,0.7,POINT(-42.65488 -22.19237)
1815203509,a239a935-a42a-3d3e-8278-c45d92192c0b,-46.8937,-20.20192,2026-04-23 04:00:00+00:00,2026-04-23,NOAA-21,DELFINÓPOLIS,MINAS GERAIS,Brasil,,,,Cerrado,33,31,3121209,8,,220_074,2.5,POINT(-46.8937 -20.20192)
1815202486,3cb73ac3-5c69-307c-a063-ad2f21e0be07,-46.77604,-20.24072,2026-04-23 04:00:00+00:00,2026-04-23,NOAA-21,SÃO ROQUE DE MINAS,MINAS GERAIS,Brasil,,,,Cerrado,33,31,3164308,8,,220_074,2.5,POINT(-46.77604 -20.24072)
1815201915,3c9546fb-02af-3a3b-afc7-eb44c6b1d4a9,-46.88716,-20.19478,2026-04-23 04:00:00+00:00,2026-04-23,NOAA-21,DELFINÓPOLIS,MINAS GERAIS,Brasil,,,,Cerrado,33,31,3121209,8,,220_074,1.5,POINT(-46.88716 -20.19478)
1815202450,9d7c73cc-6bd0-32f4-b026-a36485457095,-48.42887,-21.70365,2026-04-23 04:00:00+00:00,2026-04-23,NOAA-21,MATÃO,SÃO PAULO,Brasil,,,,Cerrado,33,35,3529302,8,,220_075,7.6,POINT(-48.42887 -21.70365)
1815202439,a3eb37dc-908a-3cd0-8490-fd7404a623e9,-46.89437,-20.18923,2026-04-23 04:00:00+00:00,2026-04-23,NOAA-21,SÃO ROQUE DE MINAS,MINAS GERAIS,Brasil,,,,Cerrado,33,31,3164308,8,,220_074,1.3,POINT(-46.89437 -20.18923)
1815203343,0a938bae-a4e3-3690-a063-fa1c48c59360,-46.76845,-20.23799,2026-04-23 04:00:00+00:00,2026-04-23,NOAA-21,SÃO ROQUE DE MINAS,MINAS GERAIS,Brasil,,,,Cerrado,33,31,3164308,8,,220_074,3.3,POINT(-46.76845 -20.23799)
1815203096,f97834a0-4e25-3a25-8041-dc1d44c22fe7,-44.85513,-19.97881,2026-04-23 04:00:00+00:00,2026-04-23,NOAA-21,SÃO GONÇALO DO PARÁ,MINAS GERAIS,Brasil,,,,Cerrado,33,31,3161809,8,,218_074,1.5,POINT(-44.85513 -19.97881)
1815202273,1970919e-cb3c-34c8-908d-e87eb97cb596,-46.90523,-20.19975,2026-04-23 04:00:00+00:00,2026-04-23,NOAA-21,DELFINÓPOLIS,MINAS GERAIS,Brasil,,,,Cerrado,33,31,3121209,8,,220_074,13.8,POINT(-46.90523 -20.19975)
1815203445,24e0ba1e-222b-3396-a000-14692ff87e54,-46.90623,-20.18697,2026-04-23 04:00:00+00:00,2026-04-23,NOAA-21,DELFINÓPOLIS,MINAS GERAIS,Brasil,,,,Cerrado,33,31,3121209,8,,220_074,1.3,POINT(-46.90623 -20.18697)
1815202020,d7374d68-aa21-3700-8186-e8d518859aa4,-54.55001,-18.41394,2026-04-23 04:00:00+00:00,2026-04-23,NOAA-21,COXIM,MATO GROSSO DO SUL,Brasil,,,,Cerrado,33,50,5003306,8,,225_073,2.5,POINT(-54.55001 -18.41394)
1815202184,f1d92a4d-981c-327d-b490-ede2cf7aa29d,-46.35307,-22.79738,2026-04-23 04:00:00+00:00,2026-04-23,NOAA-21,EXTREMA,MINAS GERAIS,Brasil,,,,Mata Atlântica,33,31,3125101,8,,219_076,0.6,POINT(-46.35307 -22.79738)
1815202342,0dbeb130-4384-375c-8280-b779f06ed6bb,-46.76702,-20.20916,2026-04-23 04:00:00+00:00,2026-04-23,NOAA-21,SÃO ROQUE DE MINAS,MINAS GERAIS,Brasil,,,,Cerrado,33,31,3164308,8,,220_074,0.9,POINT(-46.76702 -20.20916)
1815203029,71ea7a90-6f9c-3b6e-a5a8-83be3ef934a8,-46.80035,-20.24033,2026-04-23 04:00:00+00:00,2026-04-23,NOAA-21,DELFINÓPOLIS,MINAS GERAIS,Brasil,,,,Cerrado,33,31,3121209,8,,220_074,1.5,POINT(-46.80035 -20.24033)
1815202139,b9b638f6-148d-3ef8-a670-e78e7ec851bc,-46.73998,-20.20597,2026-04-23 04:00:00+00:00,2026-04-23,NOAA-21,SÃO ROQUE DE MINAS,MINAS GERAIS,Brasil,,,,Cerrado,33,31,3164308,8,,220_074,2.9,POINT(-46.73998 -20.20597)
1815202089,18a8f748-a0ad-3b52-a96e-b6107d7a1849,-46.904,-20.19579,2026-04-23 04:00:00+00:00,2026-04-23,NOAA-21,DELFINÓPOLIS,MINAS GERAIS,Brasil,,,,Cerrado,33,31,3121209,8,,220_074,1.9,POINT(-46.904 -20.19579)
1815201892,88744b82-2c69-3076-91dd-b5841b5513b7,-46.78038,-20.24407,2026-04-23 04:00:00+00:00,2026-04-23,NOAA-21,SÃO ROQUE DE MINAS,MINAS GERAIS,Brasil,,,,Cerrado,33,31,3164308,8,,220_074,2.0,POINT(-46.78038 -20.24407)
1815201957,7f189e7d-1b61-3683-add1-e76ba72bec2e,-46.8084,-20.18465,2026-04-23 04:00:00+00:00,2026-04-23,NOAA-21,SÃO ROQUE DE MINAS,MINAS GERAIS,Brasil,,,,Cerrado,33,31,3164308,8,,220_074,1.1,POINT(-46.8084 -20.18465)
1815201714,dd1d7305-4f51-3875-ba39-a3ecca0e852d,-48.67018,-21.39651,2026-04-23 04:00:00+00:00,2026-04-23,NOAA-21,TAQUARITINGA,SÃO PAULO,Brasil,,,,Cerrado,33,35,3553708,8,,221_075,0.6,POINT(-48.67018 -21.39651)
1815203465,2a6ade78-2b5f-38f9-ada1-fa9d2bcd72aa,-46.90159,-20.18366,2026-04-23 04:00:00+00:00,2026-04-23,NOAA-21,SÃO ROQUE DE MINAS,MINAS GERAIS,Brasil,,,,Cerrado,33,31,3164308,8,,220_074,1.3,POINT(-46.90159 -20.18366)
1815201674,13fe326a-fc1a-32fc-8a55-e9618c581072,-46.90721,-20.19098,2026-04-23 04:00:00+00:00,2026-04-23,NOAA-21,DELFINÓPOLIS,MINAS GERAIS,Brasil,,,,Cerrado,33,31,3121209,8,,220_074,1.9,POINT(-46.90721 -20.19098)
1815203333,c6d58225-53ee-30cc-b0ed-2419b69ff43a,-47.07953,-21.33151,2026-04-23 04:00:00+00:00,2026-04-23,NOAA-21,MOCOCA,SÃO PAULO,Brasil,,,,Cerrado,33,35,3530508,8,,220_075,1.4,POINT(-47.07953 -21.33151)
1815201598,9b75783c-c2e4-3faf-a76f-f3e40573fd75,-52.88855,-18.26979,2026-04-23 04:00:00+00:00,2026-04-23,NOAA-21,MINEIROS,GOIÁS,Brasil,,,,Cerrado,33,52,5213103,8,,224_073,0.9,POINT(-52.88855 -18.26979)
1815201594,22a686a6-6f4e-31f0-8be6-a1dce459871a,-41.13341,-21.93633,2026-04-23 04:00:00+00:00,2026-04-23,NOAA-21,CAMPOS DOS GOYTACAZES,RIO DE JANEIRO,Brasil,,,,Mata Atlântica,33,33,3301009,8,,216_075,0.5,POINT(-41.13341 -21.93633)
1815203176,0d35c77c-4ac6-3d4c-b578-9e947744d42f,-46.95425,-20.17365,2026-04-23 04:00:00+00:00,2026-04-23,NOAA-21,SACRAMENTO,MINAS GERAIS,Brasil,,,,Cerrado,33,31,3156908,8,,220_074,1.5,POINT(-46.95425 -20.17365)
1815201529,88d8b22e-aa96-34f0-9670-f24b658e5b43,-47.07959,-21.33046,2026-04-23 04:00:00+00:00,2026-04-23,NOAA-21,MOCOCA,SÃO PAULO,Brasil,,,,Cerrado,33,35,3530508,8,,220_075,1.1,POINT(-47.07959 -21.33046)
1815201469,19821b9b-409a-31ee-8909-46aca0b5932e,-48.66605,-21.05078,2026-04-23 04:00:00+00:00,2026-04-23,NOAA-21,PIRANGI,SÃO PAULO,Brasil,,,,Mata Atlântica,33,35,3539004,8,,221_075,4.2,POINT(-48.66605 -21.05078)
1815201398,f33b2d55-d1ea-3953-b4aa-93bbab3f65af,-46.73444,-20.19872,2026-04-23 04:00:00+00:00,2026-04-23,NOAA-21,SÃO ROQUE DE MINAS,MINAS GERAIS,Brasil,,,,Cerrado,33,31,3164308,8,,220_074,1.8,POINT(-46.73444 -20.19872)
1815203640,5aaf188b-1260-35b9-9b5e-e62d279601b2,-46.7941,-20.23318,2026-04-23 04:00:00+00:00,2026-04-23,NOAA-21,DELFINÓPOLIS,MINAS GERAIS,Brasil,,,,Cerrado,33,31,3121209,8,,220_074,2.1,POINT(-46.7941 -20.23318)
1815201367,5b195bf1-a00d-3218-8730-c6dbaf088b73,-46.91151,-20.19017,2026-04-23 04:00:00+00:00,2026-04-23,NOAA-21,DELFINÓPOLIS,MINAS GERAIS,Brasil,,,,Cerrado,33,31,3121209,8,,220_074,1.3,POINT(-46.91151 -20.19017)
1815201356,aba17585-34be-3353-9364-b55d2b693e26,-51.34185,-19.69115,2026-04-23 04:00:00+00:00,2026-04-23,NOAA-21,PARANAÍBA,MATO GROSSO DO SUL,Brasil,,,,Cerrado,33,50,5006309,8,,223_074,0.8,POINT(-51.34185 -19.69115)
1815203271,4e514d8c-1a57-3631-b25a-739643b1d407,-50.12777,-23.32692,2026-04-23 04:00:00+00:00,2026-04-23,NOAA-21,SANTO ANTÔNIO DA PLATINA,PARANÁ,Brasil,,,,Mata Atlântica,33,41,4124103,8,,221_076,1.2,POINT(-50.12777 -23.32692)
1815203149,2165f931-9d10-3b4c-a9f8-a59b1eee3b75,-46.80219,-20.1775,2026-04-23 04:00:00+00:00,2026-04-23,NOAA-21,SÃO ROQUE DE MINAS,MINAS GERAIS,Brasil,,,,Cerrado,33,31,3164308,8,,220_074,0.7,POINT(-46.80219 -20.1775)
1815203735,e28a886f-4448-33cb-8418-249f84a2858d,-50.20192,-27.93615,2026-04-23 04:02:00+00:00,2026-04-23,NOAA-21,LAGES,SANTA CATARINA,Brasil,,,,Mata Atlântica,33,42,4209300,8,,221_079,7.1,POINT(-50.20192 -27.93615)
1815203120,ffc3d4e1-82ad-3a98-9ce8-0c41d3c4c526,-50.20523,-27.94187,2026-04-23 04:02:00+00:00,2026-04-23,NOAA-21,LAGES,SANTA CATARINA,Brasil,,,,Mata Atlântica,33,42,4209300,8,,221_079,5.1,POINT(-50.20523 -27.94187)
1815203479,be66b1f2-ecfd-347c-bea4-7e5282976e0f,-50.20864,-27.94368,2026-04-23 04:02:00+00:00,2026-04-23,NOAA-21,LAGES,SANTA CATARINA,Brasil,,,,Mata Atlântica,33,42,4209300,8,,221_079,2.5,POINT(-50.20864 -27.94368)
1815202110,458d6899-2b3a-3d57-884a-1a27dd55f473,-50.20417,-27.93761,2026-04-23 04:02:00+00:00,2026-04-23,NOAA-21,LAGES,SANTA CATARINA,Brasil,,,,Mata Atlântica,33,42,4209300,8,,221_079,6.3,POINT(-50.20417 -27.93761)
1815201902,0fffb551-3a07-3b89-8bf3-8e6c5e5e77f8,-50.19736,-25.16018,2026-04-23 04:02:00+00:00,2026-04-23,NOAA-21,PONTA GROSSA,PARANÁ,Brasil,,,,Mata Atlântica,33,41,4119905,8,,221_077,1.8,POINT(-50.19736 -25.16018)
1815201779,cd70e963-e968-37aa-983b-8df7219a257a,-50.20401,-27.94465,2026-04-23 04:02:00+00:00,2026-04-23,NOAA-21,LAGES,SANTA CATARINA,Brasil,,,,Mata Atlântica,33,42,4209300,8,,221_079,2.5,POINT(-50.20401 -27.94465)
1815202059,58e76131-dd3f-3cfa-b304-52be2647742b,-49.63451,-24.95629,2026-04-23 04:02:00+00:00,2026-04-23,NOAA-21,CASTRO,PARANÁ,Brasil,,,,Mata Atlântica,33,41,4104907,8,,221_077,1.0,POINT(-49.63451 -24.95629)
1815168361,db319365-72cd-3d00-9cdb-1ae8f69f78c8,-44.23376,-6.04007,2026-04-23 04:27:00+00:00,2026-04-23,NPP-375D,COLINAS,MARANHÃO,Brasil,,,,Cerrado,33,21,2103505,8,,220_064,1.6,POINT(-44.23376 -6.04007)
1815164946,05153270-fa6d-3731-ad9b-a4df03c1819e,-44.83239,-8.78681,2026-04-23 04:27:00+00:00,2026-04-23,NPP-375D,CURRAIS,PIAUÍ,Brasil,,,,Cerrado,33,22,2203230,8,,220_066,0.8,POINT(-44.83239 -8.78681)
1815167772,d8d086f5-d2e7-3933-9c25-bd445c1ad330,-48.67715,-10.00328,2026-04-23 04:27:00+00:00,2026-04-23,NPP-375D,MIRACEMA DO TOCANTINS,TOCANTINS,Brasil,,,,Cerrado,33,17,1713205,8,,222_067,1.4,POINT(-48.67715 -10.00328)
1815167553,366b445a-56ac-3041-b40f-d6abbc9204c3,-48.66952,-10.00823,2026-04-23 04:27:00+00:00,2026-04-23,NPP-375D,MIRACEMA DO TOCANTINS,TOCANTINS,Brasil,,,,Cerrado,33,17,1713205,8,,222_067,1.1,POINT(-48.66952 -10.00823)
1815166697,6bd15e48-5d5f-390a-a48e-c7bda42960d6,-48.67597,-10.00481,2026-04-23 04:27:00+00:00,2026-04-23,NPP-375D,MIRACEMA DO TOCANTINS,TOCANTINS,Brasil,,,,Cerrado,33,17,1713205,8,,222_067,1.3,POINT(-48.67597 -10.00481)
1815164050,2d9991b0-ed5d-3154-9dc5-43a01836742c,-48.66775,-10.00621,2026-04-23 04:27:00+00:00,2026-04-23,NPP-375D,MIRACEMA DO TOCANTINS,TOCANTINS,Brasil,,,,Cerrado,33,17,1713205,8,,222_067,0.8,POINT(-48.66775 -10.00621)
1815168454,1be94083-cc66-32e0-98cc-c449bb7e5f86,-45.32422,-13.37606,2026-04-23 04:29:00+00:00,2026-04-23,NPP-375D,CORRENTINA,BAHIA,Brasil,,,,Cerrado,33,29,2909307,8,,220_069,1.2,POINT(-45.32422 -13.37606)
1815168443,b99f17d4-8332-3e48-b553-9db0921a7e37,-43.65714,-11.77206,2026-04-23 04:29:00+00:00,2026-04-23,NPP-375D,BARRA,BAHIA,Brasil,,,,Cerrado,33,29,2902708,8,,219_068,4.1,POINT(-43.65714 -11.77206)
1815165598,345b7aab-f981-3a6e-98f9-6947fabcf3f0,-44.61833,-12.28057,2026-04-23 04:29:00+00:00,2026-04-23,NPP-375D,CATOLÂNDIA,BAHIA,Brasil,,,,Cerrado,33,29,2907400,8,,219_069,1.7,POINT(-44.61833 -12.28057)
1815165591,8eb8fa32-ce33-3702-8710-898467bbea30,-45.32059,-13.37662,2026-04-23 04:29:00+00:00,2026-04-23,NPP-375D,CORRENTINA,BAHIA,Brasil,,,,Cerrado,33,29,2909307,8,,220_069,1.4,POINT(-45.32059 -13.37662)
1815165496,b2699461-fbe6-3be5-a30b-d73d825131f7,-43.84165,-11.97537,2026-04-23 04:29:00+00:00,2026-04-23,NPP-375D,WANDERLEY,BAHIA,Brasil,,,,Cerrado,33,29,2933455,8,,219_068,1.1,POINT(-43.84165 -11.97537)
1815168295,2b89dc12-3821-3069-a0c5-079101cdae22,-44.0495,-13.44085,2026-04-23 04:29:00+00:00,2026-04-23,NPP-375D,SÃO FÉLIX DO CORIBE,BAHIA,Brasil,,,,Cerrado,33,29,2929057,8,,219_069,0.8,POINT(-44.0495 -13.44085)
1815168261,bf9581d4-1210-36a4-a64c-3a030b98a97b,-57.17988,-12.30048,2026-04-23 04:29:00+00:00,2026-04-23,NPP-375D,NOVA MARINGÁ,MATO GROSSO,Brasil,,,,Amazônia,33,51,5108907,8,,227_069,1.0,POINT(-57.17988 -12.30048)
1815163946,bf66ab1c-728d-33af-9219-fa9af56850e2,-43.64763,-11.76278,2026-04-23 04:29:00+00:00,2026-04-23,NPP-375D,BARRA,BAHIA,Brasil,,,,Cerrado,33,29,2902708,8,,219_068,2.8,POINT(-43.64763 -11.76278)
1815167832,9acfc3d9-25ea-38e7-b7a9-d4058b1f0cfe,-49.50057,-11.06328,2026-04-23 04:29:00+00:00,2026-04-23,NPP-375D,SANTA RITA DO TOCANTINS,TOCANTINS,Brasil,,,,Cerrado,33,17,1718899,8,,223_068,1.1,POINT(-49.50057 -11.06328)
1815164043,b385a4c8-157c-32fe-a350-2b64d485ce86,-43.64983,-11.77675,2026-04-23 04:29:00+00:00,2026-04-23,NPP-375D,BARRA,BAHIA,Brasil,,,,Cerrado,33,29,2902708,8,,219_068,0.5,POINT(-43.64983 -11.77675)
1815168170,c6bbcd28-5ccf-3900-b8f9-81e1fa2b0e73,-45.47121,-12.58259,2026-04-23 04:29:00+00:00,2026-04-23,NPP-375D,SÃO DESIDÉRIO,BAHIA,Brasil,,,,Cerrado,33,29,2928901,8,,220_069,0.7,POINT(-45.47121 -12.58259)
1815168097,e91621d4-16c2-345e-8a86-321a68389b36,-43.66504,-11.77851,2026-04-23 04:29:00+00:00,2026-04-23,NPP-375D,BARRA,BAHIA,Brasil,,,,Cerrado,33,29,2902708,8,,219_068,3.6,POINT(-43.66504 -11.77851)
1815165323,e3da8424-ba06-31e3-ba46-aa181505ea54,-51.22774,-12.09262,2026-04-23 04:29:00+00:00,2026-04-23,NPP-375D,SERRA NOVA DOURADA,MATO GROSSO,Brasil,,,,Cerrado,33,51,5107883,8,,224_068,0.9,POINT(-51.22774 -12.09262)
1815165370,eea69b20-4266-37a8-92a6-23105e5a6b2a,-46.96817,-16.58594,2026-04-23 04:29:00+00:00,2026-04-23,NPP-375D,UNAÍ,MINAS GERAIS,Brasil,,,,Cerrado,33,31,3170404,8,,220_072,0.6,POINT(-46.96817 -16.58594)
1815168404,d6f0932a-db80-31ae-8d2d-e6fa656923b3,-45.46764,-12.58314,2026-04-23 04:29:00+00:00,2026-04-23,NPP-375D,SÃO DESIDÉRIO,BAHIA,Brasil,,,,Cerrado,33,29,2928901,8,,220_069,0.7,POINT(-45.46764 -12.58314)
1815168102,039bd665-00dc-3c25-bec1-987a37a7fd71,-43.66216,-11.77845,2026-04-23 04:29:00+00:00,2026-04-23,NPP-375D,BARRA,BAHIA,Brasil,,,,Cerrado,33,29,2902708,8,,219_068,2.4,POINT(-43.66216 -11.77845)
1815165291,beb8fb93-e14d-3223-9c84-5b17aff7fb08,-43.62281,-11.78444,2026-04-23 04:29:00+00:00,2026-04-23,NPP-375D,BARRA,BAHIA,Brasil,,,,Cerrado,33,29,2902708,8,,219_068,3.0,POINT(-43.62281 -11.78444)
1815167542,cb46a01c-77e3-35e4-88f7-5daea5d5b488,-43.62333,-11.7954,2026-04-23 04:29:00+00:00,2026-04-23,NPP-375D,BARRA,BAHIA,Brasil,,,,Cerrado,33,29,2902708,8,,219_068,1.0,POINT(-43.62333 -11.7954)
1815165433,84807dd0-d3c1-34ff-b006-adcfc17fbc82,-45.32113,-13.37998,2026-04-23 04:29:00+00:00,2026-04-23,NPP-375D,CORRENTINA,BAHIA,Brasil,,,,Cerrado,33,29,2909307,8,,220_069,1.4,POINT(-45.32113 -13.37998)
1815167522,dd32c6b7-2472-3c18-94c1-23fd39fbd428,-45.32476,-13.37942,2026-04-23 04:29:00+00:00,2026-04-23,NPP-375D,CORRENTINA,BAHIA,Brasil,,,,Cerrado,33,29,2909307,8,,220_069,1.2,POINT(-45.32476 -13.37942)
1815165406,1e0f125c-d47d-3bfd-b5c0-7b1b93d88de8,-45.17824,-14.90437,2026-04-23 04:29:00+00:00,2026-04-23,NPP-375D,BONITO DE MINAS,MINAS GERAIS,Brasil,,,,Cerrado,33,31,3108255,8,,219_070,0.8,POINT(-45.17824 -14.90437)
1815167610,1a4be07a-93ed-3725-a129-22f7a9a4fdd7,-44.62203,-12.28001,2026-04-23 04:29:00+00:00,2026-04-23,NPP-375D,CATOLÂNDIA,BAHIA,Brasil,,,,Cerrado,33,29,2907400,8,,219_069,5.9,POINT(-44.62203 -12.28001)
1815167625,0c0e78e7-df48-33a0-8288-1b51ebaab42d,-43.61939,-11.79598,2026-04-23 04:29:00+00:00,2026-04-23,NPP-375D,BARRA,BAHIA,Brasil,,,,Cerrado,33,29,2902708,8,,219_068,2.7,POINT(-43.61939 -11.79598)
1815165464,f79e40b1-f692-380f-977c-b404286f29d5,-43.64819,-11.76627,2026-04-23 04:29:00+00:00,2026-04-23,NPP-375D,BARRA,BAHIA,Brasil,,,,Cerrado,33,29,2902708,8,,219_068,2.8,POINT(-43.64819 -11.76627)
1815163915,0b332ec8-7040-36dd-b792-ef79e891c4fa,-43.62114,-11.7814,2026-04-23 04:29:00+00:00,2026-04-23,NPP-375D,BARRA,BAHIA,Brasil,,,,Cerrado,33,29,2902708,8,,219_068,2.8,POINT(-43.62114 -11.7814)
1815167651,f72438a0-14f8-39d3-84fa-f2f39ea58316,-41.2935,-15.15754,2026-04-23 04:29:00+00:00,2026-04-23,NPP-375D,BELO CAMPO,BAHIA,Brasil,,,,Mata Atlântica,33,29,2903508,8,,217_070,2.3,POINT(-41.2935 -15.15754)
1815167378,19e58097-d3a7-334f-9ad1-57d415596453,-45.32892,-13.38222,2026-04-23 04:29:00+00:00,2026-04-23,NPP-375D,CORRENTINA,BAHIA,Brasil,,,,Cerrado,33,29,2909307,8,,220_069,1.0,POINT(-45.32892 -13.38222)
1815167351,8edcd678-b4d3-3b85-921c-a4531ab79b30,-45.32946,-13.38558,2026-04-23 04:29:00+00:00,2026-04-23,NPP-375D,CORRENTINA,BAHIA,Brasil,,,,Cerrado,33,29,2909307,8,,220_069,1.0,POINT(-45.32946 -13.38558)
1815167670,ccfe3dae-be42-37a8-abf0-76268fa49700,-43.61888,-11.78504,2026-04-23 04:29:00+00:00,2026-04-23,NPP-375D,BARRA,BAHIA,Brasil,,,,Cerrado,33,29,2902708,8,,219_068,3.3,POINT(-43.61888 -11.78504)
1815167124,6ee4459c-66ae-3c10-b7a6-974dbccda7b1,-43.61829,-11.78898,2026-04-23 04:29:00+00:00,2026-04-23,NPP-375D,BARRA,BAHIA,Brasil,,,,Cerrado,33,29,2902708,8,,219_068,4.3,POINT(-43.61829 -11.78898)
1815167092,3f7c24e5-bdd6-3d0d-906a-1a3d889e5fe8,-45.31805,-13.38389,2026-04-23 04:29:00+00:00,2026-04-23,NPP-375D,CORRENTINA,BAHIA,Brasil,,,,Cerrado,33,29,2909307,8,,220_069,1.5,POINT(-45.31805 -13.38389)
1815167237,3f8f23b3-e312-3794-984b-d9577c7fb325,-43.61834,-11.78154,2026-04-23 04:29:00+00:00,2026-04-23,NPP-375D,BARRA,BAHIA,Brasil,,,,Cerrado,33,29,2902708,8,,219_068,3.3,POINT(-43.61834 -11.78154)
1815167227,47077ef7-9651-3ba8-b559-36d1da997e63,-45.3427,-12.05262,2026-04-23 04:29:00+00:00,2026-04-23,NPP-375D,BARREIRAS,BAHIA,Brasil,,,,Cerrado,33,29,2903201,8,,220_068,1.6,POINT(-45.3427 -12.05262)
1815167239,d9e1202a-9ad5-32ed-929d-8135e6216324,-43.66162,-11.77495,2026-04-23 04:29:00+00:00,2026-04-23,NPP-375D,BARRA,BAHIA,Brasil,,,,Cerrado,33,29,2902708,8,,219_068,2.4,POINT(-43.66162 -11.77495)
1815167186,c60f5a54-df83-308e-b1d5-21ffe725ac11,-43.65769,-11.77555,2026-04-23 04:29:00+00:00,2026-04-23,NPP-375D,BARRA,BAHIA,Brasil,,,,Cerrado,33,29,2902708,8,,219_068,5.0,POINT(-43.65769 -11.77555)
1815167051,2df69f48-93fb-3087-a2a6-3fc564b79d2d,-43.62278,-11.7919,2026-04-23 04:29:00+00:00,2026-04-23,NPP-375D,BARRA,BAHIA,Brasil,,,,Cerrado,33,29,2902708,8,,219_068,7.4,POINT(-43.62278 -11.7919)
1815164761,43c7d8de-a96a-39ed-a08a-0a7a388e4b92,-43.61489,-11.79307,2026-04-23 04:29:00+00:00,2026-04-23,NPP-375D,BARRA,BAHIA,Brasil,,,,Cerrado,33,29,2902708,8,,219_068,4.3,POINT(-43.61489 -11.79307)
1815167048,ffb87eb9-181b-3248-bf79-4f5f98bf1e8c,-43.6661,-11.77785,2026-04-23 04:29:00+00:00,2026-04-23,NPP-375D,BARRA,BAHIA,Brasil,,,,Cerrado,33,29,2902708,8,,219_068,2.4,POINT(-43.6661 -11.77785)
1815167045,f2bbb6c9-323d-37a2-9dd3-e3a3fcca8bb1,-45.46818,-12.58648,2026-04-23 04:29:00+00:00,2026-04-23,NPP-375D,SÃO DESIDÉRIO,BAHIA,Brasil,,,,Cerrado,33,29,2928901,8,,220_069,0.7,POINT(-45.46818 -12.58648)
1815167002,3449221e-c87d-30ee-8b23-179c85de5474,-45.47075,-12.58082,2026-04-23 04:29:00+00:00,2026-04-23,NPP-375D,SÃO DESIDÉRIO,BAHIA,Brasil,,,,Cerrado,33,29,2928901,8,,220_069,1.5,POINT(-45.47075 -12.58082)
1815166997,0d754c04-7b3e-36bc-b70b-76607ac8be65,-45.32839,-13.37887,2026-04-23 04:29:00+00:00,2026-04-23,NPP-375D,CORRENTINA,BAHIA,Brasil,,,,Cerrado,33,29,2909307,8,,220_069,1.2,POINT(-45.32839 -13.37887)
1815166992,5ad29ee6-f19b-338d-ba1a-f98776fbcff1,-43.64142,-11.77445,2026-04-23 04:29:00+00:00,2026-04-23,NPP-375D,BARRA,BAHIA,Brasil,,,,Cerrado,33,29,2902708,8,,219_068,2.4,POINT(-43.64142 -11.77445)
1815166937,d06517ea-1146-3e2a-b72e-44d08ba87513,-45.47532,-12.58538,2026-04-23 04:29:00+00:00,2026-04-23,NPP-375D,SÃO DESIDÉRIO,BAHIA,Brasil,,,,Cerrado,33,29,2928901,8,,220_069,0.7,POINT(-45.47532 -12.58538)
1815166898,c443b39e-c2fa-3e70-bd52-69cb7a35b837,-55.977,-13.00454,2026-04-23 04:29:00+00:00,2026-04-23,NPP-375D,LUCAS DO RIO VERDE,MATO GROSSO,Brasil,,,,Cerrado,33,51,5105259,8,,227_069,2.2,POINT(-55.977 -13.00454)
1815164675,72feca40-174d-3ac9-a923-060f7aa09d53,-55.97717,-13.00332,2026-04-23 04:29:00+00:00,2026-04-23,NPP-375D,LUCAS DO RIO VERDE,MATO GROSSO,Brasil,,,,Cerrado,33,51,5105259,8,,227_069,1.5,POINT(-55.97717 -13.00332)
1815166852,617763f5-24c8-3180-83c4-61e2367f3d6b,-43.65824,-11.77904,2026-04-23 04:29:00+00:00,2026-04-23,NPP-375D,BARRA,BAHIA,Brasil,,,,Cerrado,33,29,2902708,8,,219_068,5.0,POINT(-43.65824 -11.77904)
1815164674,37e2b086-b6fa-38ce-96f5-a7fe99e7ece6,-44.02132,-16.75629,2026-04-23 04:29:00+00:00,2026-04-23,NPP-375D,MONTES CLAROS,MINAS GERAIS,Brasil,,,,Cerrado,33,31,3143302,8,,218_072,0.7,POINT(-44.02132 -16.75629)
1815166832,ec8be6ba-b051-3493-b24a-f002c45e8985,-43.61775,-11.78548,2026-04-23 04:29:00+00:00,2026-04-23,NPP-375D,BARRA,BAHIA,Brasil,,,,Cerrado,33,29,2902708,8,,219_068,4.4,POINT(-43.61775 -11.78548)
1815167565,dae698bb-04e6-3764-bdae-45eb0ec8d1fa,-45.47574,-12.56635,2026-04-23 04:29:00+00:00,2026-04-23,NPP-375D,SÃO DESIDÉRIO,BAHIA,Brasil,,,,Cerrado,33,29,2928901,8,,220_069,1.6,POINT(-45.47574 -12.56635)
1815164634,4514f4bc-b71d-3b1e-931b-2eb93aa4310a,-43.61435,-11.78957,2026-04-23 04:29:00+00:00,2026-04-23,NPP-375D,BARRA,BAHIA,Brasil,,,,Cerrado,33,29,2902708,8,,219_068,4.3,POINT(-43.61435 -11.78957)
1815166718,ba5e3c67-b574-347a-88a4-40d6c0623714,-45.32167,-13.38333,2026-04-23 04:29:00+00:00,2026-04-23,NPP-375D,CORRENTINA,BAHIA,Brasil,,,,Cerrado,33,29,2909307,8,,220_069,1.5,POINT(-45.32167 -13.38333)
1815166716,0980e7ec-7551-3b69-b28e-9a5479590b2e,-45.47479,-12.58204,2026-04-23 04:29:00+00:00,2026-04-23,NPP-375D,SÃO DESIDÉRIO,BAHIA,Brasil,,,,Cerrado,33,29,2928901,8,,220_069,0.7,POINT(-45.47479 -12.58204)
1815164625,58e09c22-1ea9-32ad-961d-0a7686025a57,-47.21007,-14.09772,2026-04-23 04:29:00+00:00,2026-04-23,NPP-375D,ALTO PARAÍSO DE GOIÁS,GOIÁS,Brasil,,,,Cerrado,33,52,5200605,8,,221_070,1.1,POINT(-47.21007 -14.09772)
1815166678,540179ed-7f78-3f35-a856-6240fa3e10f6,-57.18106,-12.3064,2026-04-23 04:29:00+00:00,2026-04-23,NPP-375D,NOVA MARINGÁ,MATO GROSSO,Brasil,,,,Amazônia,33,51,5108907,8,,227_069,1.0,POINT(-57.18106 -12.3064)
1815164572,6acb3b68-2628-3d20-9009-c938bd25e833,-43.6437,-11.76337,2026-04-23 04:29:00+00:00,2026-04-23,NPP-375D,BARRA,BAHIA,Brasil,,,,Cerrado,33,29,2902708,8,,219_068,2.8,POINT(-43.6437 -11.76337)
1815166625,cc309e17-67bf-3abf-8181-53631ff0bd06,-43.64481,-11.77036,2026-04-23 04:29:00+00:00,2026-04-23,NPP-375D,BARRA,BAHIA,Brasil,,,,Cerrado,33,29,2902708,8,,219_068,3.6,POINT(-43.64481 -11.77036)
1815166613,828538fa-b665-3937-b527-fca522677073,-43.61494,-11.78563,2026-04-23 04:29:00+00:00,2026-04-23,NPP-375D,BARRA,BAHIA,Brasil,,,,Cerrado,33,29,2902708,8,,219_068,3.3,POINT(-43.61494 -11.78563)
1815168068,82ea0823-5c10-396e-af3f-432bfc9ef3c0,-43.65662,-11.77618,2026-04-23 04:29:00+00:00,2026-04-23,NPP-375D,BARRA,BAHIA,Brasil,,,,Cerrado,33,29,2902708,8,,219_068,2.8,POINT(-43.65662 -11.77618)
1815164570,764c6b7f-f2ce-35a4-baef-80b4eeecff22,-43.65266,-11.76917,2026-04-23 04:29:00+00:00,2026-04-23,NPP-375D,BARRA,BAHIA,Brasil,,,,Cerrado,33,29,2902708,8,,219_068,4.1,POINT(-43.65266 -11.76917)
1815164568,13e07218-a921-33d9-8e2e-2ad96dab16ca,-44.62261,-12.27974,2026-04-23 04:29:00+00:00,2026-04-23,NPP-375D,CATOLÂNDIA,BAHIA,Brasil,,,,Cerrado,33,29,2907400,8,,219_069,6.1,POINT(-44.62261 -12.27974)
1815166496,abb2c41e-9ef3-3f0d-a457-baa8c6c59c8e,-43.62672,-11.79132,2026-04-23 04:29:00+00:00,2026-04-23,NPP-375D,BARRA,BAHIA,Brasil,,,,Cerrado,33,29,2902708,8,,219_068,7.4,POINT(-43.62672 -11.79132)
1815164563,a987b0ed-481a-38de-b804-ae54d843e3c9,-43.64928,-11.77325,2026-04-23 04:29:00+00:00,2026-04-23,NPP-375D,BARRA,BAHIA,Brasil,,,,Cerrado,33,29,2902708,8,,219_068,3.6,POINT(-43.64928 -11.77325)
1815166417,095c221e-47fc-3724-9334-01c07a0e00e2,-44.18402,-12.24148,2026-04-23 04:29:00+00:00,2026-04-23,NPP-375D,CRISTÓPOLIS,BAHIA,Brasil,,,,Cerrado,33,29,2909703,8,,219_068,1.2,POINT(-44.18402 -12.24148)
1815164564,61dff42d-6d07-34f0-be4e-319a2d66f3f3,-44.61886,-12.28396,2026-04-23 04:29:00+00:00,2026-04-23,NPP-375D,CATOLÂNDIA,BAHIA,Brasil,,,,Cerrado,33,29,2907400,8,,219_069,1.7,POINT(-44.61886 -12.28396)
1815166403,3334d81a-ef8f-3d8b-8205-479f5160fcb0,-44.95376,-16.71076,2026-04-23 04:29:00+00:00,2026-04-23,NPP-375D,PONTO CHIQUE,MINAS GERAIS,Brasil,,,,Cerrado,33,31,3152131,8,,219_072,0.9,POINT(-44.95376 -16.71076)
1815166378,e793ed2f-9dd8-39e7-b447-418ab9c2b126,-43.64874,-11.76976,2026-04-23 04:29:00+00:00,2026-04-23,NPP-375D,BARRA,BAHIA,Brasil,,,,Cerrado,33,29,2902708,8,,219_068,3.6,POINT(-43.64874 -11.76976)
1815166342,2baff22a-5adf-33c3-be4d-e5deac1eae6d,-45.47271,-12.57025,2026-04-23 04:29:00+00:00,2026-04-23,NPP-375D,SÃO DESIDÉRIO,BAHIA,Brasil,,,,Cerrado,33,29,2928901,8,,220_069,1.0,POINT(-45.47271 -12.57025)
1815164490,052c1625-9207-3d1d-b79d-c3eb6d251ad8,-43.64088,-11.77095,2026-04-23 04:29:00+00:00,2026-04-23,NPP-375D,BARRA,BAHIA,Brasil,,,,Cerrado,33,29,2902708,8,,219_068,2.4,POINT(-43.64088 -11.77095)
1815166271,7b2976a2-d641-3246-a89a-c34148fbef88,-45.32221,-13.38669,2026-04-23 04:29:00+00:00,2026-04-23,NPP-375D,CORRENTINA,BAHIA,Brasil,,,,Cerrado,33,29,2909307,8,,220_069,1.5,POINT(-45.32221 -13.38669)
1815164461,4a5577c6-b4a4-3d3a-8bf4-c48b653d8b96,-43.6611,-11.77909,2026-04-23 04:29:00+00:00,2026-04-23,NPP-375D,BARRA,BAHIA,Brasil,,,,Cerrado,33,29,2902708,8,,219_068,3.6,POINT(-43.6611 -11.77909)
1815165350,af707450-a3f7-3c39-bc93-0f674bc9b82c,-43.6172,-11.78198,2026-04-23 04:29:00+00:00,2026-04-23,NPP-375D,BARRA,BAHIA,Brasil,,,,Cerrado,33,29,2902708,8,,219_068,4.4,POINT(-43.6172 -11.78198)
1815166218,0f1e12d9-bd74-3604-85da-90df026b3545,-43.62169,-11.7849,2026-04-23 04:29:00+00:00,2026-04-23,NPP-375D,BARRA,BAHIA,Brasil,,,,Cerrado,33,29,2902708,8,,219_068,2.8,POINT(-43.62169 -11.7849)
1815168054,b6a7c11e-b257-3bbf-b494-4e65e1fbf979,-49.50237,-11.06155,2026-04-23 04:29:00+00:00,2026-04-23,NPP-375D,SANTA RITA DO TOCANTINS,TOCANTINS,Brasil,,,,Cerrado,33,17,1718899,8,,223_068,1.5,POINT(-49.50237 -11.06155)
1815166184,33011fc2-0893-390f-a4a4-b9c9d7688b9e,-43.64535,-11.77385,2026-04-23 04:29:00+00:00,2026-04-23,NPP-375D,BARRA,BAHIA,Brasil,,,,Cerrado,33,29,2902708,8,,219_068,3.6,POINT(-43.64535 -11.77385)
1815166167,57b6aeb2-b08c-3ac3-94c4-b4b34c66c3ab,-41.28968,-15.15804,2026-04-23 04:29:00+00:00,2026-04-23,NPP-375D,BELO CAMPO,BAHIA,Brasil,,,,Mata Atlântica,33,29,2903508,8,,217_070,1.2,POINT(-41.28968 -15.15804)
1815166099,e84f3777-7bcc-3065-9e23-23f78013dfc0,-44.61892,-12.28031,2026-04-23 04:29:00+00:00,2026-04-23,NPP-375D,CATOLÂNDIA,BAHIA,Brasil,,,,Cerrado,33,29,2907400,8,,219_069,1.6,POINT(-44.61892 -12.28031)
1815166090,8ef5dc4a-9d64-36d8-ad59-eb485774a4aa,-44.62255,-12.2834,2026-04-23 04:29:00+00:00,2026-04-23,NPP-375D,CATOLÂNDIA,BAHIA,Brasil,,,,Cerrado,33,29,2907400,8,,219_069,5.9,POINT(-44.62255 -12.2834)
1815168456,01022cf9-9dd5-3a40-839e-300957b8c33d,-43.66167,-11.78258,2026-04-23 04:29:00+00:00,2026-04-23,NPP-375D,BARRA,BAHIA,Brasil,,,,Cerrado,33,29,2902708,8,,219_068,6.0,POINT(-43.66167 -11.78258)
1815164313,9f8df1ca-d6af-366f-9d78-f8b3f7966e28,-45.48125,-12.55523,2026-04-23 04:29:00+00:00,2026-04-23,NPP-375D,SÃO DESIDÉRIO,BAHIA,Brasil,,,,Cerrado,33,29,2928901,8,,220_069,1.8,POINT(-45.48125 -12.55523)
1815166039,5ebbf5bb-532f-3ee5-9ac0-0d70636e7df4,-43.66561,-11.782,2026-04-23 04:29:00+00:00,2026-04-23,NPP-375D,BARRA,BAHIA,Brasil,,,,Cerrado,33,29,2902708,8,,219_068,6.0,POINT(-43.66561 -11.782)
1815164312,0011e115-4801-3753-9479-223635621fc3,-45.47175,-12.58593,2026-04-23 04:29:00+00:00,2026-04-23,NPP-375D,SÃO DESIDÉRIO,BAHIA,Brasil,,,,Cerrado,33,29,2928901,8,,220_069,0.7,POINT(-45.47175 -12.58593)
1815165993,b24936ac-a3c5-3889-8615-0c81930ae9e7,-44.61839,-12.27691,2026-04-23 04:29:00+00:00,2026-04-23,NPP-375D,CATOLÂNDIA,BAHIA,Brasil,,,,Cerrado,33,29,2907400,8,,219_069,1.6,POINT(-44.61839 -12.27691)
1815168342,226a3f59-959a-30fc-88fc-d83cc1292da7,-43.65321,-11.77266,2026-04-23 04:29:00+00:00,2026-04-23,NPP-375D,BARRA,BAHIA,Brasil,,,,Cerrado,33,29,2902708,8,,219_068,4.1,POINT(-43.65321 -11.77266)
1815165974,5f892ac1-c5d8-3baf-84c6-7f29042ded1e,-43.64426,-11.76686,2026-04-23 04:29:00+00:00,2026-04-23,NPP-375D,BARRA,BAHIA,Brasil,,,,Cerrado,33,29,2902708,8,,219_068,2.8,POINT(-43.64426 -11.76686)
1815165910,5235836b-e63b-3fe8-9072-bbf9fff2d9aa,-43.58862,-13.02751,2026-04-23 04:29:00+00:00,2026-04-23,NPP-375D,SÍTIO DO MATO,BAHIA,Brasil,,,,Cerrado,33,29,2930758,8,,219_069,2.1,POINT(-43.58862 -13.02751)
1815164271,8c2fa58f-739a-3549-ab2b-011569058d7f,-45.47628,-12.56969,2026-04-23 04:29:00+00:00,2026-04-23,NPP-375D,SÃO DESIDÉRIO,BAHIA,Brasil,,,,Cerrado,33,29,2928901,8,,220_069,1.9,POINT(-45.47628 -12.56969)
1815164246,f6fedc08-9e25-391e-9bfd-8bfc7ceb4dc3,-44.18782,-12.24091,2026-04-23 04:29:00+00:00,2026-04-23,NPP-375D,CRISTÓPOLIS,BAHIA,Brasil,,,,Cerrado,33,29,2909703,8,,219_068,1.4,POINT(-44.18782 -12.24091)
1815164716,f8305016-b0dd-3c6e-bf48-47eecb62c9eb,-43.62223,-11.7884,2026-04-23 04:29:00+00:00,2026-04-23,NPP-375D,BARRA,BAHIA,Brasil,,,,Cerrado,33,29,2902708,8,,219_068,7.4,POINT(-43.62223 -11.7884)
1815167821,5f824939-c6ed-33f8-b460-f03c1743d636,-43.62617,-11.78782,2026-04-23 04:29:00+00:00,2026-04-23,NPP-375D,BARRA,BAHIA,Brasil,,,,Cerrado,33,29,2902708,8,,219_068,7.4,POINT(-43.62617 -11.78782)
1815164025,b1bbdd75-717a-3446-b0be-acd4fd53fe21,-43.66055,-11.77559,2026-04-23 04:29:00+00:00,2026-04-23,NPP-375D,BARRA,BAHIA,Brasil,,,,Cerrado,33,29,2902708,8,,219_068,3.6,POINT(-43.66055 -11.77559)
1815165812,6d27e483-75a8-3ba5-8434-af551cd31d3b,-43.64033,-11.76746,2026-04-23 04:29:00+00:00,2026-04-23,NPP-375D,BARRA,BAHIA,Brasil,,,,Cerrado,33,29,2902708,8,,219_068,0.9,POINT(-43.64033 -11.76746)
1815165808,b8eacc94-eeb4-3f6d-9be7-0b5b2a85d023,-45.32584,-13.38614,2026-04-23 04:29:00+00:00,2026-04-23,NPP-375D,CORRENTINA,BAHIA,Brasil,,,,Cerrado,33,29,2909307,8,,220_069,1.0,POINT(-45.32584 -13.38614)
1815165769,1885db7e-2ec3-3353-9af2-7ea001736282,-43.61884,-11.79248,2026-04-23 04:29:00+00:00,2026-04-23,NPP-375D,BARRA,BAHIA,Brasil,,,,Cerrado,33,29,2902708,8,,219_068,4.3,POINT(-43.61884 -11.79248)
1815165719,07d37e99-289b-3a12-9ee2-87feef85ec98,-43.77685,-12.85197,2026-04-23 04:29:00+00:00,2026-04-23,NPP-375D,SERRA DOURADA,BAHIA,Brasil,,,,Cerrado,33,29,2930303,8,,219_069,1.0,POINT(-43.77685 -12.85197)
1815165705,3523accd-762f-3fd5-89dc-9301db4b9f9f,-49.49994,-11.05958,2026-04-23 04:29:00+00:00,2026-04-23,NPP-375D,SANTA RITA DO TOCANTINS,TOCANTINS,Brasil,,,,Cerrado,33,17,1718899,8,,223_068,1.1,POINT(-49.49994 -11.05958)
1815165700,0af85f45-8063-3e65-a43f-d7e73b8bd1cc,-49.27819,-12.01031,2026-04-23 04:29:00+00:00,2026-04-23,NPP-375D,FORMOSO DO ARAGUAIA,TOCANTINS,Brasil,,,,Cerrado,33,17,1708205,8,,222_068,1.5,POINT(-49.27819 -12.01031)
1815165683,fd733461-bdd2-3bc3-a782-d7e8f9a83780,-43.65717,-11.77967,2026-04-23 04:29:00+00:00,2026-04-23,NPP-375D,BARRA,BAHIA,Brasil,,,,Cerrado,33,29,2902708,8,,219_068,2.8,POINT(-43.65717 -11.77967)
1815168494,9f8194c2-3018-317a-a441-9d50b3a47574,-45.3253,-13.38278,2026-04-23 04:29:00+00:00,2026-04-23,NPP-375D,CORRENTINA,BAHIA,Brasil,,,,Cerrado,33,29,2909307,8,,220_069,1.0,POINT(-45.3253 -13.38278)
1815164074,94073ade-38ca-3ee9-a1be-4aa4d6123fc9,-55.4988,-18.50562,2026-04-23 04:32:00+00:00,2026-04-23,NPP-375D,CORUMBÁ,MATO GROSSO DO SUL,Brasil,,,,Pantanal,33,50,5003207,8,,226_073,3.2,POINT(-55.4988 -18.50562)
1815168377,0499727c-8da6-386e-93a4-3faf2d56dcd2,-48.45647,-22.10761,2026-04-23 04:32:00+00:00,2026-04-23,NPP-375D,BOCAINA,SÃO PAULO,Brasil,,,,Cerrado,33,35,3506805,8,,220_075,22.9,POINT(-48.45647 -22.10761)
1815165533,8084e9b2-57c1-36ba-890b-1064c9ddcdbb,-47.07474,-21.33396,2026-04-23 04:32:00+00:00,2026-04-23,NPP-375D,MOCOCA,SÃO PAULO,Brasil,,,,Cerrado,33,35,3530508,8,,220_075,1.1,POINT(-47.07474 -21.33396)
1815168364,f7f5de18-b4d8-35fd-8795-86da1baafcfb,-48.67447,-21.39938,2026-04-23 04:32:00+00:00,2026-04-23,NPP-375D,TAQUARITINGA,SÃO PAULO,Brasil,,,,Cerrado,33,35,3553708,8,,221_075,0.9,POINT(-48.67447 -21.39938)
1815167788,d6461afe-c0fa-3481-9fb9-0a2e2412a380,-46.94524,-20.16482,2026-04-23 04:32:00+00:00,2026-04-23,NPP-375D,SACRAMENTO,MINAS GERAIS,Brasil,,,,Cerrado,33,31,3156908,8,,220_074,3.0,POINT(-46.94524 -20.16482)
1815165166,f6df5d04-e619-31ec-a9a5-196378ecf457,-46.93943,-20.17603,2026-04-23 04:32:00+00:00,2026-04-23,NPP-375D,DELFINÓPOLIS,MINAS GERAIS,Brasil,,,,Cerrado,33,31,3121209,8,,220_074,1.8,POINT(-46.93943 -20.17603)
1815165649,9d2dd76c-d662-3dbb-900b-f34a4589a0d3,-52.88399,-18.28311,2026-04-23 04:32:00+00:00,2026-04-23,NPP-375D,MINEIROS,GOIÁS,Brasil,,,,Cerrado,33,52,5213103,8,,224_073,1.3,POINT(-52.88399 -18.28311)
1815165196,50567093-ea3c-3240-9010-579a6517d821,-46.90131,-20.20251,2026-04-23 04:32:00+00:00,2026-04-23,NPP-375D,DELFINÓPOLIS,MINAS GERAIS,Brasil,,,,Cerrado,33,31,3121209,8,,220_074,4.9,POINT(-46.90131 -20.20251)
1815168330,106e48c4-d756-3a35-a4fb-e9c53ee61725,-46.73911,-20.20628,2026-04-23 04:32:00+00:00,2026-04-23,NPP-375D,SÃO ROQUE DE MINAS,MINAS GERAIS,Brasil,,,,Cerrado,33,31,3164308,8,,220_074,1.4,POINT(-46.73911 -20.20628)
1815167793,553d5729-e4a0-35f3-aec8-7c0526f79680,-55.50019,-18.50531,2026-04-23 04:32:00+00:00,2026-04-23,NPP-375D,CORUMBÁ,MATO GROSSO DO SUL,Brasil,,,,Pantanal,33,50,5003207,8,,226_073,3.3,POINT(-55.50019 -18.50531)
1815165531,c9cd67f4-e8fc-39bd-b532-2008d04e3ede,-46.95443,-20.17376,2026-04-23 04:32:00+00:00,2026-04-23,NPP-375D,SACRAMENTO,MINAS GERAIS,Brasil,,,,Cerrado,33,31,3156908,8,,220_074,2.4,POINT(-46.95443 -20.17376)
1815168322,0d37fdbc-3b91-3ff5-a62e-2ceb6934e795,-51.08926,-17.48689,2026-04-23 04:32:00+00:00,2026-04-23,NPP-375D,MONTIVIDIU,GOIÁS,Brasil,,,,Cerrado,33,52,5213756,8,,223_072,2.7,POINT(-51.08926 -17.48689)
1815164006,89df88b5-3338-3d09-80c0-35ad152dbef4,-48.44962,-22.11212,2026-04-23 04:32:00+00:00,2026-04-23,NPP-375D,BOCAINA,SÃO PAULO,Brasil,,,,Cerrado,33,35,3506805,8,,220_075,20.3,POINT(-48.44962 -22.11212)
1815167933,6750069c-f10e-3088-a371-991e2bc5b6dc,-54.41735,-21.27567,2026-04-23 04:32:00+00:00,2026-04-23,NPP-375D,NOVA ALVORADA DO SUL,MATO GROSSO DO SUL,Brasil,,,,Cerrado,33,50,5006002,8,,224_075,0.7,POINT(-54.41735 -21.27567)
1815167998,7f84435f-a1f4-3328-8c4f-a774bfbe9362,-54.23632,-18.14062,2026-04-23 04:32:00+00:00,2026-04-23,NPP-375D,COXIM,MATO GROSSO DO SUL,Brasil,,,,Cerrado,33,50,5003306,8,,225_073,1.0,POINT(-54.23632 -18.14062)
1815165402,c8035889-969e-337b-a479-3c840823ef75,-46.73645,-20.18938,2026-04-23 04:32:00+00:00,2026-04-23,NPP-375D,SÃO ROQUE DE MINAS,MINAS GERAIS,Brasil,,,,Cerrado,33,31,3164308,8,,220_074,0.6,POINT(-46.73645 -20.18938)
1815165351,3c575942-2a31-3229-bfe7-8078c0ece6d3,-46.74726,-20.20852,2026-04-23 04:32:00+00:00,2026-04-23,NPP-375D,SÃO ROQUE DE MINAS,MINAS GERAIS,Brasil,,,,Cerrado,33,31,3164308,8,,220_074,0.7,POINT(-46.74726 -20.20852)
1815167922,fcc6d3c5-412c-338b-9b56-8546dcbeb6ca,-52.88982,-18.27362,2026-04-23 04:32:00+00:00,2026-04-23,NPP-375D,MINEIROS,GOIÁS,Brasil,,,,Cerrado,33,52,5213103,8,,224_073,1.3,POINT(-52.88982 -18.27362)
1815167854,f8b9b70d-f176-3e63-b126-2f1e9dde8f92,-48.6697,-21.04918,2026-04-23 04:32:00+00:00,2026-04-23,NPP-375D,PIRANGI,SÃO PAULO,Brasil,,,,Mata Atlântica,33,35,3539004,8,,221_075,1.3,POINT(-48.6697 -21.04918)
1815165270,0c35fe1c-4fdf-3d44-a667-579494084930,-46.80241,-20.23477,2026-04-23 04:32:00+00:00,2026-04-23,NPP-375D,DELFINÓPOLIS,MINAS GERAIS,Brasil,,,,Cerrado,33,31,3121209,8,,220_074,1.1,POINT(-46.80241 -20.23477)
1815167824,b033c057-15ea-3125-b8a0-3c36c3a97477,-46.78112,-20.2449,2026-04-23 04:32:00+00:00,2026-04-23,NPP-375D,SÃO ROQUE DE MINAS,MINAS GERAIS,Brasil,,,,Cerrado,33,31,3164308,8,,220_074,3.8,POINT(-46.78112 -20.2449)
1815163965,687ec973-f6d7-313b-b07b-728bc2dd0a1c,-48.45274,-22.1082,2026-04-23 04:32:00+00:00,2026-04-23,NPP-375D,BOCAINA,SÃO PAULO,Brasil,,,,Cerrado,33,35,3506805,8,,220_075,35.4,POINT(-48.45274 -22.1082)
1815165201,9a02fccf-a47e-3040-9339-f14aa4ea9024,-46.79603,-20.24265,2026-04-23 04:32:00+00:00,2026-04-23,NPP-375D,DELFINÓPOLIS,MINAS GERAIS,Brasil,,,,Cerrado,33,31,3121209,8,,220_074,1.0,POINT(-46.79603 -20.24265)
1815168196,74ce816e-ec0a-3108-9b94-900742c87d21,-46.90602,-20.18455,2026-04-23 04:32:00+00:00,2026-04-23,NPP-375D,DELFINÓPOLIS,MINAS GERAIS,Brasil,,,,Cerrado,33,31,3121209,8,,220_074,0.8,POINT(-46.90602 -20.18455)
1815167736,590f113a-e280-342a-88f7-d1efc5b2cbb6,-48.666,-21.04978,2026-04-23 04:32:00+00:00,2026-04-23,NPP-375D,PIRANGI,SÃO PAULO,Brasil,,,,Mata Atlântica,33,35,3539004,8,,221_075,1.3,POINT(-48.666 -21.04978)
1815167552,a8e7e066-5f78-35ee-8cad-a4cd1faeb8ba,-46.80888,-20.18196,2026-04-23 04:32:00+00:00,2026-04-23,NPP-375D,SÃO ROQUE DE MINAS,MINAS GERAIS,Brasil,,,,Cerrado,33,31,3164308,8,,220_074,1.0,POINT(-46.80888 -20.18196)
1815164950,49928406-9ebb-32ec-ba5c-85da1e87fd40,-46.93837,-20.1693,2026-04-23 04:32:00+00:00,2026-04-23,NPP-375D,SACRAMENTO,MINAS GERAIS,Brasil,,,,Cerrado,33,31,3156908,8,,220_074,0.6,POINT(-46.93837 -20.1693)
1815168370,9b6e1026-ae98-3b32-9d89-81920f33d441,-54.54742,-18.41412,2026-04-23 04:32:00+00:00,2026-04-23,NPP-375D,COXIM,MATO GROSSO DO SUL,Brasil,,,,Cerrado,33,50,5003306,8,,225_073,2.4,POINT(-54.54742 -18.41412)
1815167712,16342ad2-2709-33e9-ac8a-21817965be4c,-46.7429,-20.20571,2026-04-23 04:32:00+00:00,2026-04-23,NPP-375D,SÃO ROQUE DE MINAS,MINAS GERAIS,Brasil,,,,Cerrado,33,31,3164308,8,,220_074,0.7,POINT(-46.7429 -20.20571)
1815167581,4d07b7ae-e833-3a91-b33e-dfe210e41916,-54.91713,-16.42668,2026-04-23 04:32:00+00:00,2026-04-23,NPP-375D,RONDONÓPOLIS,MATO GROSSO,Brasil,,,,Cerrado,33,51,5107602,8,,225_071,2.9,POINT(-54.91713 -16.42668)
1815163860,e26e267f-042f-3a67-bcc3-0a38be906af5,-54.91818,-16.43143,2026-04-23 04:32:00+00:00,2026-04-23,NPP-375D,RONDONÓPOLIS,MATO GROSSO,Brasil,,,,Cerrado,33,51,5107602,8,,225_071,1.6,POINT(-54.91818 -16.43143)
1815163865,f7eaf91e-c746-35c1-9e01-3c4fb3a44c07,-46.79442,-20.23252,2026-04-23 04:32:00+00:00,2026-04-23,NPP-375D,DELFINÓPOLIS,MINAS GERAIS,Brasil,,,,Cerrado,33,31,3121209,8,,220_074,1.9,POINT(-46.79442 -20.23252)
1815167605,9fbb9544-91d2-3c45-a37e-9ae9a768486a,-46.91084,-20.19071,2026-04-23 04:32:00+00:00,2026-04-23,NPP-375D,DELFINÓPOLIS,MINAS GERAIS,Brasil,,,,Cerrado,33,31,3121209,8,,220_074,1.1,POINT(-46.91084 -20.19071)
1815167599,55f6ab9a-04cc-395c-af12-fbfc34f1c3bd,-46.79922,-20.2387,2026-04-23 04:32:00+00:00,2026-04-23,NPP-375D,DELFINÓPOLIS,MINAS GERAIS,Brasil,,,,Cerrado,33,31,3121209,8,,220_074,1.0,POINT(-46.79922 -20.2387)
1815167612,2a9e1385-d5e8-3a3d-b095-3cb82cf5c721,-50.12346,-18.85781,2026-04-23 04:32:00+00:00,2026-04-23,NPP-375D,SANTA VITÓRIA,MINAS GERAIS,Brasil,,,,Cerrado,33,31,3159803,8,,222_073,1.2,POINT(-50.12346 -18.85781)
1815167646,249b8d1a-a394-3e8d-9864-80eec0045ba2,-48.45335,-22.11153,2026-04-23 04:32:00+00:00,2026-04-23,NPP-375D,BOCAINA,SÃO PAULO,Brasil,,,,Cerrado,33,35,3506805,8,,220_075,20.3,POINT(-48.45335 -22.11153)
1815163907,767034bd-6e9f-3e12-b029-c7fba0755b10,-44.85823,-19.97654,2026-04-23 04:32:00+00:00,2026-04-23,NPP-375D,SÃO GONÇALO DO PARÁ,MINAS GERAIS,Brasil,,,,Cerrado,33,31,3161809,8,,218_074,0.8,POINT(-44.85823 -19.97654)
1815163882,dc87d446-8ad6-34df-ac60-53cc3197e30d,-55.93308,-18.58517,2026-04-23 04:32:00+00:00,2026-04-23,NPP-375D,CORUMBÁ,MATO GROSSO DO SUL,Brasil,,,,Pantanal,33,50,5003207,8,,226_073,1.4,POINT(-55.93308 -18.58517)
1815167607,b4a1f35f-7a53-3cb0-97ab-9402c9d75042,-46.93892,-20.17267,2026-04-23 04:32:00+00:00,2026-04-23,NPP-375D,DELFINÓPOLIS,MINAS GERAIS,Brasil,,,,Cerrado,33,31,3121209,8,,220_074,0.6,POINT(-46.93892 -20.17267)
1815165076,9294895e-6a27-3493-86ad-211f6935ecf3,-54.54842,-18.41858,2026-04-23 04:32:00+00:00,2026-04-23,NPP-375D,COXIM,MATO GROSSO DO SUL,Brasil,,,,Cerrado,33,50,5003306,8,,225_073,0.8,POINT(-54.54842 -18.41858)
1815165100,f8e4e327-a9f3-3fdb-98e2-ad947418b07f,-52.88614,-18.27432,2026-04-23 04:32:00+00:00,2026-04-23,NPP-375D,MINEIROS,GOIÁS,Brasil,,,,Cerrado,33,52,5213103,8,,224_073,0.5,POINT(-52.88614 -18.27432)
1815167665,41dad311-46b2-3093-9771-3d0fe9701e8c,-52.69408,-22.96624,2026-04-23 04:32:00+00:00,2026-04-23,NPP-375D,GUAIRAÇÁ,PARANÁ,Brasil,,,,Mata Atlântica,33,41,4108908,8,,223_076,4.0,POINT(-52.69408 -22.96624)
1815167762,99357f4d-6873-30eb-a25b-d0034be8b110,-46.88912,-20.19745,2026-04-23 04:32:00+00:00,2026-04-23,NPP-375D,DELFINÓPOLIS,MINAS GERAIS,Brasil,,,,Cerrado,33,31,3121209,8,,220_074,1.0,POINT(-46.88912 -20.19745)
1815165103,55fb275b-3e90-3575-b625-62db9a670c37,-47.07148,-21.33791,2026-04-23 04:32:00+00:00,2026-04-23,NPP-375D,MOCOCA,SÃO PAULO,Brasil,,,,Cerrado,33,35,3530508,8,,220_075,0.3,POINT(-47.07148 -21.33791)
1815167728,9fbc1523-c026-3d49-b4e6-cb1be5c7361a,-52.88848,-18.28645,2026-04-23 04:32:00+00:00,2026-04-23,NPP-375D,MINEIROS,GOIÁS,Brasil,,,,Cerrado,33,52,5213103,8,,224_073,1.5,POINT(-52.88848 -18.28645)
1815163853,7135303c-958b-3119-adf9-eed3b320d8d5,-46.94366,-20.17884,2026-04-23 04:32:00+00:00,2026-04-23,NPP-375D,DELFINÓPOLIS,MINAS GERAIS,Brasil,,,,Cerrado,33,31,3121209,8,,220_074,1.8,POINT(-46.94366 -20.17884)
1815163836,eebbef53-ad3c-3922-8858-0708a522af3a,-46.76783,-20.23654,2026-04-23 04:32:00+00:00,2026-04-23,NPP-375D,SÃO ROQUE DE MINAS,MINAS GERAIS,Brasil,,,,Cerrado,33,31,3164308,8,,220_074,1.2,POINT(-46.76783 -20.23654)
1815167481,63b3e273-e8f2-36c2-b440-899bb394a277,-49.88279,-19.90872,2026-04-23 04:32:00+00:00,2026-04-23,NPP-375D,SÃO FRANCISCO DE SALES,MINAS GERAIS,Brasil,,,,Mata Atlântica,33,31,3161304,8,,222_074,1.6,POINT(-49.88279 -19.90872)
1815167761,324426be-a12d-375e-9c88-8746fe6cf3c2,-52.88768,-18.28241,2026-04-23 04:32:00+00:00,2026-04-23,NPP-375D,MINEIROS,GOIÁS,Brasil,,,,Cerrado,33,52,5213103,8,,224_073,1.3,POINT(-52.88768 -18.28241)
1815167448,bc36654b-a203-3ffe-8ce4-76d804a0630f,-52.8869,-18.27836,2026-04-23 04:32:00+00:00,2026-04-23,NPP-375D,MINEIROS,GOIÁS,Brasil,,,,Cerrado,33,52,5213103,8,,224_073,1.3,POINT(-52.8869 -18.27836)
1815167411,4b16b23f-af63-36be-821f-5b5b08c3335c,-46.7816,-20.24829,2026-04-23 04:32:00+00:00,2026-04-23,NPP-375D,DELFINÓPOLIS,MINAS GERAIS,Brasil,,,,Cerrado,33,31,3121209,8,,220_074,0.8,POINT(-46.7816 -20.24829)
1815163843,672ee06d-a486-3721-9db2-fe31517ffaf8,-46.89169,-20.19017,2026-04-23 04:32:00+00:00,2026-04-23,NPP-375D,SÃO ROQUE DE MINAS,MINAS GERAIS,Brasil,,,,Cerrado,33,31,3164308,8,,220_074,0.7,POINT(-46.89169 -20.19017)
1815164920,ad1ca301-6d02-3b9a-a2e8-b89b22027fd8,-46.94839,-20.16089,2026-04-23 04:32:00+00:00,2026-04-23,NPP-375D,SACRAMENTO,MINAS GERAIS,Brasil,,,,Cerrado,33,31,3156908,8,,220_074,3.0,POINT(-46.94839 -20.16089)
1815167390,7a8fbb65-6d00-3a63-8719-43790b951632,-46.83495,-17.16816,2026-04-23 04:32:00+00:00,2026-04-23,NPP-375D,PARACATU,MINAS GERAIS,Brasil,,,,Cerrado,33,31,3147006,8,,220_072,2.6,POINT(-46.83495 -17.16816)
1815167388,f4e1183b-1bac-3592-9c7b-25580cff9e25,-46.7723,-20.23932,2026-04-23 04:32:00+00:00,2026-04-23,NPP-375D,SÃO ROQUE DE MINAS,MINAS GERAIS,Brasil,,,,Cerrado,33,31,3164308,8,,220_074,1.6,POINT(-46.7723 -20.23932)
1815167361,81e17f32-a23f-3e07-aee9-8d2f30a49033,-46.88794,-20.19074,2026-04-23 04:32:00+00:00,2026-04-23,NPP-375D,SÃO ROQUE DE MINAS,MINAS GERAIS,Brasil,,,,Cerrado,33,31,3164308,8,,220_074,0.7,POINT(-46.88794 -20.19074)
1815164870,1f5f14cd-48e7-3e32-b58a-fed3b7659f2b,-46.95015,-20.17096,2026-04-23 04:32:00+00:00,2026-04-23,NPP-375D,SACRAMENTO,MINAS GERAIS,Brasil,,,,Cerrado,33,31,3156908,8,,220_074,1.4,POINT(-46.95015 -20.17096)
1815167342,73e9b367-eb21-350c-ba42-022e79252591,-46.83438,-17.16483,2026-04-23 04:32:00+00:00,2026-04-23,NPP-375D,PARACATU,MINAS GERAIS,Brasil,,,,Cerrado,33,31,3147006,8,,220_072,2.6,POINT(-46.83438 -17.16483)
1815167333,c829e72c-17de-3e7d-bced-0eecbab5089f,-46.79501,-20.23589,2026-04-23 04:32:00+00:00,2026-04-23,NPP-375D,DELFINÓPOLIS,MINAS GERAIS,Brasil,,,,Cerrado,33,31,3121209,8,,220_074,1.9,POINT(-46.79501 -20.23589)
1815164839,f89b4bcf-dc42-35a6-abb6-9afc3dfa982c,-54.92268,-16.4256,2026-04-23 04:32:00+00:00,2026-04-23,NPP-375D,RONDONÓPOLIS,MATO GROSSO,Brasil,,,,Cerrado,33,51,5107602,8,,225_071,2.9,POINT(-54.92268 -16.4256)
1815167311,06393806-c877-3bf2-9c12-173d96dd4d4f,-46.79815,-20.23195,2026-04-23 04:32:00+00:00,2026-04-23,NPP-375D,DELFINÓPOLIS,MINAS GERAIS,Brasil,,,,Cerrado,33,31,3121209,8,,220_074,1.9,POINT(-46.79815 -20.23195)
1815167131,1fe8baad-bd42-345f-931b-28643f1abe38,-46.89857,-20.18567,2026-04-23 04:32:00+00:00,2026-04-23,NPP-375D,SÃO ROQUE DE MINAS,MINAS GERAIS,Brasil,,,,Cerrado,33,31,3164308,8,,220_074,1.0,POINT(-46.89857 -20.18567)
1815167140,494f84bb-a0f5-3946-aa80-c35ddc38ebeb,-54.91277,-16.43248,2026-04-23 04:32:00+00:00,2026-04-23,NPP-375D,RONDONÓPOLIS,MATO GROSSO,Brasil,,,,Cerrado,33,51,5107602,8,,225_071,1.6,POINT(-54.91277 -16.43248)
1815163813,2cc1f8be-a4b9-3e1e-a71d-7981e28fcb0a,-46.74347,-20.20909,2026-04-23 04:32:00+00:00,2026-04-23,NPP-375D,SÃO ROQUE DE MINAS,MINAS GERAIS,Brasil,,,,Cerrado,33,31,3164308,8,,220_074,0.7,POINT(-46.74347 -20.20909)
1815167136,b8b895d7-f064-3edc-ba25-060b0e48588b,-47.04726,-22.78661,2026-04-23 04:32:00+00:00,2026-04-23,NPP-375D,CAMPINAS,SÃO PAULO,Brasil,,,,Mata Atlântica,33,35,3509502,8,,219_076,2.3,POINT(-47.04726 -22.78661)
1815167205,abc60387-2cb8-38a0-82a4-f0f7208ea202,-51.68095,-18.48334,2026-04-23 04:32:00+00:00,2026-04-23,NPP-375D,SERRANÓPOLIS,GOIÁS,Brasil,,,,Cerrado,33,52,5220504,8,,223_073,1.2,POINT(-51.68095 -18.48334)
1815168365,8f170dfb-0238-3652-8c18-064d6721b17c,-46.90771,-20.19463,2026-04-23 04:32:00+00:00,2026-04-23,NPP-375D,DELFINÓPOLIS,MINAS GERAIS,Brasil,,,,Cerrado,33,31,3121209,8,,220_074,1.8,POINT(-46.90771 -20.19463)
1815164768,8985b18b-75ac-33cc-b994-4032dbdfabe2,-52.89703,-18.30998,2026-04-23 04:32:00+00:00,2026-04-23,NPP-375D,COSTA RICA,MATO GROSSO DO SUL,Brasil,,,,Cerrado,33,50,5003256,8,,224_073,0.9,POINT(-52.89703 -18.30998)
1815167191,db5de082-1864-332d-8855-fe285728e582,-46.90455,-20.19856,2026-04-23 04:32:00+00:00,2026-04-23,NPP-375D,DELFINÓPOLIS,MINAS GERAIS,Brasil,,,,Cerrado,33,31,3121209,8,,220_074,1.8,POINT(-46.90455 -20.19856)
1815164750,68e7aead-8bec-3023-aa75-0c6de4d82fbe,-46.76839,-20.23992,2026-04-23 04:32:00+00:00,2026-04-23,NPP-375D,SÃO ROQUE DE MINAS,MINAS GERAIS,Brasil,,,,Cerrado,33,31,3164308,8,,220_074,1.2,POINT(-46.76839 -20.23992)
1815167012,8ae5ae58-a96c-3dad-91c4-cf5a52fa5ff8,-56.61088,-19.44896,2026-04-23 04:32:00+00:00,2026-04-23,NPP-375D,CORUMBÁ,MATO GROSSO DO SUL,Brasil,,,,Pantanal,33,50,5003207,8,,226_073,3.9,POINT(-56.61088 -19.44896)
1815167004,4118aaf0-20d8-34a6-95bf-baf4ee7b1d5c,-46.89707,-20.1997,2026-04-23 04:32:00+00:00,2026-04-23,NPP-375D,DELFINÓPOLIS,MINAS GERAIS,Brasil,,,,Cerrado,33,31,3121209,8,,220_074,4.2,POINT(-46.89707 -20.1997)
1815166948,fd9fff62-ec0c-3f08-bc73-c54484ead248,-55.50307,-18.49982,2026-04-23 04:32:00+00:00,2026-04-23,NPP-375D,CORUMBÁ,MATO GROSSO DO SUL,Brasil,,,,Pantanal,33,50,5003207,8,,226_073,1.1,POINT(-55.50307 -18.49982)
1815166921,0a8e9640-caae-369c-83ae-a0965c6e6d73,-46.7907,-20.23308,2026-04-23 04:32:00+00:00,2026-04-23,NPP-375D,DELFINÓPOLIS,MINAS GERAIS,Brasil,,,,Cerrado,33,31,3121209,8,,220_074,2.3,POINT(-46.7907 -20.23308)
1815166917,8ddbb9e7-fd24-3ceb-9709-06a7c245700f,-47.07857,-21.33338,2026-04-23 04:32:00+00:00,2026-04-23,NPP-375D,MOCOCA,SÃO PAULO,Brasil,,,,Cerrado,33,35,3530508,8,,220_075,1.1,POINT(-47.07857 -21.33338)
1815164659,e8b929fc-831b-356b-8864-14a5f0a43a16,-46.89483,-20.18624,2026-04-23 04:32:00+00:00,2026-04-23,NPP-375D,SÃO ROQUE DE MINAS,MINAS GERAIS,Brasil,,,,Cerrado,33,31,3164308,8,,220_074,1.0,POINT(-46.89483 -20.18624)
1815166913,d8a1b531-e7b7-3d22-b470-9efe42053881,-46.73421,-20.2001,2026-04-23 04:32:00+00:00,2026-04-23,NPP-375D,SÃO ROQUE DE MINAS,MINAS GERAIS,Brasil,,,,Cerrado,33,31,3164308,8,,220_074,1.6,POINT(-46.73421 -20.2001)
1815166841,fc37f8db-5af2-37ab-8e9c-9b585c9d2cc6,-52.88905,-18.26958,2026-04-23 04:32:00+00:00,2026-04-23,NPP-375D,MINEIROS,GOIÁS,Brasil,,,,Cerrado,33,52,5213103,8,,224_073,1.3,POINT(-52.88905 -18.26958)
1815166672,c938acd2-398e-3e53-b079-65b35a1ceb27,-46.78534,-20.24772,2026-04-23 04:32:00+00:00,2026-04-23,NPP-375D,DELFINÓPOLIS,MINAS GERAIS,Brasil,,,,Cerrado,33,31,3121209,8,,220_074,0.8,POINT(-46.78534 -20.24772)
1815166644,15ac3dc0-fbea-34ff-8ec9-cc3e877235f2,-48.67031,-21.05251,2026-04-23 04:32:00+00:00,2026-04-23,NPP-375D,PIRANGI,SÃO PAULO,Brasil,,,,Mata Atlântica,33,35,3539004,8,,221_075,1.3,POINT(-48.67031 -21.05251)
1815164612,971b46e1-1e9e-3253-a926-f4e89e553536,-48.42792,-21.70652,2026-04-23 04:32:00+00:00,2026-04-23,NPP-375D,MATÃO,SÃO PAULO,Brasil,,,,Cerrado,33,35,3529302,8,,220_075,2.2,POINT(-48.42792 -21.70652)
1815168148,2f1fc0dd-3a55-3c8a-9c91-cc31fcd0da35,-46.79972,-20.24209,2026-04-23 04:32:00+00:00,2026-04-23,NPP-375D,DELFINÓPOLIS,MINAS GERAIS,Brasil,,,,Cerrado,33,31,3121209,8,,220_074,1.0,POINT(-46.79972 -20.24209)
1815166608,8258d3e9-8757-3bc2-9a3d-5ca25143d27b,-46.8848,-20.19466,2026-04-23 04:32:00+00:00,2026-04-23,NPP-375D,DELFINÓPOLIS,MINAS GERAIS,Brasil,,,,Cerrado,33,31,3121209,8,,220_074,0.6,POINT(-46.8848 -20.19466)
1815166561,a294717b-1304-34db-a054-b0fc9adebf8e,-48.67014,-21.39665,2026-04-23 04:32:00+00:00,2026-04-23,NPP-375D,TAQUARITINGA,SÃO PAULO,Brasil,,,,Cerrado,33,35,3553708,8,,221_075,0.4,POINT(-48.67014 -21.39665)
1815166523,fd13d86d-0857-30ea-9b4c-a58b7973f666,-46.88857,-20.19409,2026-04-23 04:32:00+00:00,2026-04-23,NPP-375D,DELFINÓPOLIS,MINAS GERAIS,Brasil,,,,Cerrado,33,31,3121209,8,,220_074,0.7,POINT(-46.88857 -20.19409)
1815166544,61bb5615-96bc-3a89-97a7-76caca023697,-46.93993,-20.17941,2026-04-23 04:32:00+00:00,2026-04-23,NPP-375D,DELFINÓPOLIS,MINAS GERAIS,Brasil,,,,Cerrado,33,31,3121209,8,,220_074,1.8,POINT(-46.93993 -20.17941)
1815166390,fe9214a5-7b28-346f-b82a-7bdf9d7ddf76,-46.77673,-20.24211,2026-04-23 04:32:00+00:00,2026-04-23,NPP-375D,SÃO ROQUE DE MINAS,MINAS GERAIS,Brasil,,,,Cerrado,33,31,3164308,8,,220_074,1.7,POINT(-46.77673 -20.24211)
1815166388,eaca9e52-2728-3549-b5fa-a3804873a348,-51.66537,-18.49343,2026-04-23 04:32:00+00:00,2026-04-23,NPP-375D,ITARUMÃ,GOIÁS,Brasil,,,,Cerrado,33,52,5211305,8,,223_073,1.0,POINT(-51.66537 -18.49343)
1815164534,854eac41-fd67-35f1-8bb8-0e4017657afb,-46.89333,-20.20027,2026-04-23 04:32:00+00:00,2026-04-23,NPP-375D,DELFINÓPOLIS,MINAS GERAIS,Brasil,,,,Cerrado,33,31,3121209,8,,220_074,1.0,POINT(-46.89333 -20.20027)
1815164451,6e6b5e47-cd5c-312e-9eb4-0401506b9071,-50.12592,-23.32828,2026-04-23 04:32:00+00:00,2026-04-23,NPP-375D,SANTO ANTÔNIO DA PLATINA,PARANÁ,Brasil,,,,Mata Atlântica,33,41,4124103,8,,221_076,0.9,POINT(-50.12592 -23.32828)
1815166280,93a74d6b-25ad-3294-92b5-f3dc6f99cd07,-46.90506,-20.20193,2026-04-23 04:32:00+00:00,2026-04-23,NPP-375D,DELFINÓPOLIS,MINAS GERAIS,Brasil,,,,Cerrado,33,31,3121209,8,,220_074,13.0,POINT(-46.90506 -20.20193)
1815166276,14f42347-5984-35f5-91d1-625d2be0e004,-52.69676,-22.96706,2026-04-23 04:32:00+00:00,2026-04-23,NPP-375D,GUAIRAÇÁ,PARANÁ,Brasil,,,,Mata Atlântica,33,41,4108908,8,,223_076,4.1,POINT(-52.69676 -22.96706)
1815164414,2293eced-defa-3b30-af81-706a9a8cffc5,-46.88535,-20.19803,2026-04-23 04:32:00+00:00,2026-04-23,NPP-375D,DELFINÓPOLIS,MINAS GERAIS,Brasil,,,,Cerrado,33,31,3121209,8,,220_074,0.7,POINT(-46.88535 -20.19803)
1815164371,169fd718-fe03-39d1-9b2d-7a92db763bbd,-51.09383,-17.48609,2026-04-23 04:32:00+00:00,2026-04-23,NPP-375D,MONTIVIDIU,GOIÁS,Brasil,,,,Cerrado,33,52,5213756,8,,223_072,2.1,POINT(-51.09383 -17.48609)
1815164369,6710ee7a-2ae9-3131-b77a-54ce76df1723,-46.94465,-20.16146,2026-04-23 04:32:00+00:00,2026-04-23,NPP-375D,SACRAMENTO,MINAS GERAIS,Brasil,,,,Cerrado,33,31,3156908,8,,220_074,3.0,POINT(-46.94465 -20.16146)
1815164354,fe97c371-3bd6-3e04-bd56-8524637353d0,-46.80291,-20.23815,2026-04-23 04:32:00+00:00,2026-04-23,NPP-375D,DELFINÓPOLIS,MINAS GERAIS,Brasil,,,,Cerrado,33,31,3121209,8,,220_074,2.2,POINT(-46.80291 -20.23815)
1815164320,b24f70ae-8914-37c0-8f52-54458c449411,-46.73367,-20.19672,2026-04-23 04:32:00+00:00,2026-04-23,NPP-375D,SÃO ROQUE DE MINAS,MINAS GERAIS,Brasil,,,,Cerrado,33,31,3164308,8,,220_074,0.9,POINT(-46.73367 -20.19672)
1815166111,7e1c8827-7649-3424-a598-ce095a02da29,-51.66351,-18.49419,2026-04-23 04:32:00+00:00,2026-04-23,NPP-375D,SERRANÓPOLIS,GOIÁS,Brasil,,,,Cerrado,33,52,5220504,8,,223_073,1.1,POINT(-51.66351 -18.49419)
1815164337,c485fd2f-dccd-3114-a572-eb33cc19218a,-46.90662,-20.1879,2026-04-23 04:32:00+00:00,2026-04-23,NPP-375D,DELFINÓPOLIS,MINAS GERAIS,Brasil,,,,Cerrado,33,31,3121209,8,,220_074,1.0,POINT(-46.90662 -20.1879)
1815166084,e39ead72-7b0f-3636-8757-fda64eee02b8,-46.90825,-20.198,2026-04-23 04:32:00+00:00,2026-04-23,NPP-375D,DELFINÓPOLIS,MINAS GERAIS,Brasil,,,,Cerrado,33,31,3121209,8,,220_074,1.8,POINT(-46.90825 -20.198)
1815166066,3f75f701-4365-35e3-a0b3-a1084888ce69,-56.59039,-19.44276,2026-04-23 04:32:00+00:00,2026-04-23,NPP-375D,CORUMBÁ,MATO GROSSO DO SUL,Brasil,,,,Pantanal,33,50,5003207,8,,226_073,3.2,POINT(-56.59039 -19.44276)
1815166016,4c36fe81-e4ff-3d6d-ad64-4669be8cbed1,-46.95068,-20.17433,2026-04-23 04:32:00+00:00,2026-04-23,NPP-375D,SACRAMENTO,MINAS GERAIS,Brasil,,,,Cerrado,33,31,3156908,8,,220_074,0.8,POINT(-46.95068 -20.17433)
1815166040,a6be4223-6072-33ba-bdc2-61105bbc01b7,-46.90717,-20.19127,2026-04-23 04:32:00+00:00,2026-04-23,NPP-375D,DELFINÓPOLIS,MINAS GERAIS,Brasil,,,,Cerrado,33,31,3121209,8,,220_074,1.0,POINT(-46.90717 -20.19127)
1815166027,c8eaf3a2-6b06-37c7-867b-5e707ea5f2f3,-42.8588,-17.89887,2026-04-23 04:32:00+00:00,2026-04-23,NPP-375D,ITAMARANDIBA,MINAS GERAIS,Brasil,,,,Cerrado,33,31,3132503,8,,217_072,0.6,POINT(-42.8588 -17.89887)
1815165980,1fe1778c-c2a8-31cd-9bc4-40dc906336ca,-46.73476,-20.20348,2026-04-23 04:32:00+00:00,2026-04-23,NPP-375D,SÃO ROQUE DE MINAS,MINAS GERAIS,Brasil,,,,Cerrado,33,31,3164308,8,,220_074,1.6,POINT(-46.73476 -20.20348)
1815164298,6b217a5a-3853-30e7-a6f5-e5ac10cd1f40,-48.43104,-21.7026,2026-04-23 04:32:00+00:00,2026-04-23,NPP-375D,MATÃO,SÃO PAULO,Brasil,,,,Cerrado,33,35,3529302,8,,220_075,1.3,POINT(-48.43104 -21.7026)
1815164295,7d693ab8-90da-3369-b6d1-18316ad016e4,-56.6097,-19.44398,2026-04-23 04:32:00+00:00,2026-04-23,NPP-375D,CORUMBÁ,MATO GROSSO DO SUL,Brasil,,,,Pantanal,33,50,5003207,8,,226_073,3.9,POINT(-56.6097 -19.44398)
1815164288,1ad5d128-77ec-3003-a0ad-a78c1fb3a4e0,-46.79871,-20.23533,2026-04-23 04:32:00+00:00,2026-04-23,NPP-375D,DELFINÓPOLIS,MINAS GERAIS,Brasil,,,,Cerrado,33,31,3121209,8,,220_074,1.9,POINT(-46.79871 -20.23533)
1815165916,fb836151-ce6c-3281-beef-9a382607f1b1,-48.6666,-21.05311,2026-04-23 04:32:00+00:00,2026-04-23,NPP-375D,PIRANGI,SÃO PAULO,Brasil,,,,Mata Atlântica,33,35,3539004,8,,221_075,1.3,POINT(-48.6666 -21.05311)
1815165861,36619dcb-ca81-320b-98c8-6ee1bb1c82c3,-46.90403,-20.19519,2026-04-23 04:32:00+00:00,2026-04-23,NPP-375D,DELFINÓPOLIS,MINAS GERAIS,Brasil,,,,Cerrado,33,31,3121209,8,,220_074,1.8,POINT(-46.90403 -20.19519)
1815165837,2d018ca6-ae2d-3cd7-bb0e-b9b5ec429976,-51.08859,-17.4832,2026-04-23 04:32:00+00:00,2026-04-23,NPP-375D,MONTIVIDIU,GOIÁS,Brasil,,,,Cerrado,33,52,5213756,8,,223_072,2.7,POINT(-51.08859 -17.4832)
1815165822,f76cc739-13b8-3535-945b-37d8388a3531,-46.95119,-20.1777,2026-04-23 04:32:00+00:00,2026-04-23,NPP-375D,DELFINÓPOLIS,MINAS GERAIS,Brasil,,,,Cerrado,33,31,3121209,8,,220_074,0.8,POINT(-46.95119 -20.1777)
1815164221,d617e3af-8fe6-33d2-92d1-29a649dd3d71,-55.9274,-18.58633,2026-04-23 04:32:00+00:00,2026-04-23,NPP-375D,CORUMBÁ,MATO GROSSO DO SUL,Brasil,,,,Pantanal,33,50,5003207,8,,226_073,0.8,POINT(-55.9274 -18.58633)
1815165820,1ce062a8-5e62-3272-a291-d449fb7782f1,-51.34005,-19.6879,2026-04-23 04:32:00+00:00,2026-04-23,NPP-375D,PARANAÍBA,MATO GROSSO DO SUL,Brasil,,,,Cerrado,33,50,5006309,8,,223_074,1.7,POINT(-51.34005 -19.6879)
1815164212,cd8fbd22-6600-3a95-ae08-906fbaeaf329,-48.43164,-21.70593,2026-04-23 04:32:00+00:00,2026-04-23,NPP-375D,MATÃO,SÃO PAULO,Brasil,,,,Cerrado,33,35,3529302,8,,220_075,1.3,POINT(-48.43164 -21.70593)
1815164193,42481d1d-daaf-3ada-b152-c09a725c0e99,-46.89108,-20.18681,2026-04-23 04:32:00+00:00,2026-04-23,NPP-375D,SÃO ROQUE DE MINAS,MINAS GERAIS,Brasil,,,,Cerrado,33,31,3164308,8,,220_074,1.2,POINT(-46.89108 -20.18681)
1815167039,f0fb4cf7-60ab-33cd-bfac-3ac158de26c7,-46.90082,-20.19913,2026-04-23 04:32:00+00:00,2026-04-23,NPP-375D,DELFINÓPOLIS,MINAS GERAIS,Brasil,,,,Cerrado,33,31,3121209,8,,220_074,4.2,POINT(-46.90082 -20.19913)
1815164719,8af718cc-091b-34f3-b7b1-62a6c6ef2839,-46.89753,-20.20308,2026-04-23 04:32:00+00:00,2026-04-23,NPP-375D,DELFINÓPOLIS,MINAS GERAIS,Brasil,,,,Cerrado,33,31,3121209,8,,220_074,4.9,POINT(-46.89753 -20.20308)
1815164182,4173bf7e-c2d4-3e27-9b67-3f369c416f0b,-46.80666,-20.23758,2026-04-23 04:32:00+00:00,2026-04-23,NPP-375D,DELFINÓPOLIS,MINAS GERAIS,Brasil,,,,Cerrado,33,31,3121209,8,,220_074,2.2,POINT(-46.80666 -20.23758)
1815168502,17c60b46-d830-3f21-a0c3-84bca832d58d,-52.89538,-18.30191,2026-04-23 04:32:00+00:00,2026-04-23,NPP-375D,MINEIROS,GOIÁS,Brasil,,,,Cerrado,33,52,5213103,8,,224_073,0.7,POINT(-52.89538 -18.30191)
1815165645,f19d516e-5550-31bd-836e-57405d4b72b0,-48.43606,-23.0381,2026-04-23 04:32:00+00:00,2026-04-23,NPP-375D,BOTUCATU,SÃO PAULO,Brasil,,,,Cerrado,33,35,3507506,8,,220_076,0.9,POINT(-48.43606 -23.0381)
1815168501,38e6e517-9ff7-3145-b87a-36c9ce98b8ec,-48.42732,-21.70319,2026-04-23 04:32:00+00:00,2026-04-23,NPP-375D,MATÃO,SÃO PAULO,Brasil,,,,Cerrado,33,35,3529302,8,,220_075,2.2,POINT(-48.42732 -21.70319)
1815164101,3d203cc8-34f2-3c92-b6cd-f4b6425d1caf,-55.17377,-20.71819,2026-04-23 04:32:00+00:00,2026-04-23,NPP-375D,SIDROLÂNDIA,MATO GROSSO DO SUL,Brasil,,,,Cerrado,33,50,5007901,8,,225_074,1.3,POINT(-55.17377 -20.71819)
1815168477,72d1a9a5-d064-3f8c-87b6-38b1d8c7fa46,-46.94742,-20.17827,2026-04-23 04:32:00+00:00,2026-04-23,NPP-375D,DELFINÓPOLIS,MINAS GERAIS,Brasil,,,,Cerrado,33,31,3121209,8,,220_074,0.8,POINT(-46.94742 -20.17827)
1815164035,b33ddbe9-b0b7-30a1-8a00-9822866efad0,-51.06816,-27.95502,2026-04-23 04:34:00+00:00,2026-04-23,NPP-375D,ESMERALDA,RIO GRANDE DO SUL,Brasil,,,,Mata Atlântica,33,43,4307401,8,,221_079,0.7,POINT(-51.06816 -27.95502)
1815165519,c7a2f9fc-8acc-384b-b856-c6c2549e5cae,-50.53822,-27.29376,2026-04-23 04:34:00+00:00,2026-04-23,NPP-375D,CURITIBANOS,SANTA CATARINA,Brasil,,,,Mata Atlântica,33,42,4204806,8,,221_079,0.9,POINT(-50.53822 -27.29376)
1815168015,8723d75f-9264-35c4-b76c-bef402331866,-50.53891,-27.29709,2026-04-23 04:34:00+00:00,2026-04-23,NPP-375D,CURITIBANOS,SANTA CATARINA,Brasil,,,,Mata Atlântica,33,42,4204806,8,,221_079,0.9,POINT(-50.53891 -27.29709)
1815163895,59f9710d-1669-3fc1-b0fd-221a38adca81,-50.61653,-27.42356,2026-04-23 04:34:00+00:00,2026-04-23,NPP-375D,CURITIBANOS,SANTA CATARINA,Brasil,,,,Mata Atlântica,33,42,4204806,8,,221_079,0.6,POINT(-50.61653 -27.42356)
1815163949,bd5df3ba-0f9f-3c9f-ab0b-630359636a16,-50.20363,-27.93759,2026-04-23 04:34:00+00:00,2026-04-23,NPP-375D,LAGES,SANTA CATARINA,Brasil,,,,Mata Atlântica,33,42,4209300,8,,221_079,7.8,POINT(-50.20363 -27.93759)
1815164865,fbaa364c-884e-3f49-ac77-87d11ed3b93b,-49.6339,-24.95554,2026-04-23 04:34:00+00:00,2026-04-23,NPP-375D,CASTRO,PARANÁ,Brasil,,,,Mata Atlântica,33,41,4104907,8,,221_077,0.8,POINT(-49.6339 -24.95554)
1815166774,b9f0019e-2226-3304-88fd-448b8fe76fda,-50.38064,-26.9671,2026-04-23 04:34:00+00:00,2026-04-23,NPP-375D,SANTA CECÍLIA,SANTA CATARINA,Brasil,,,,Mata Atlântica,33,42,4215505,8,,221_079,0.7,POINT(-50.38064 -26.9671)
1815166190,cf2910d8-aee9-36c9-bf60-45fb7f5b5fa2,-48.88942,-26.2664,2026-04-23 04:34:00+00:00,2026-04-23,NPP-375D,JOINVILLE,SANTA CATARINA,Brasil,,,,Mata Atlântica,33,42,4209102,8,,220_078,0.6,POINT(-48.88942 -26.2664)
1815166126,10b9ee30-99c6-3d7f-9dec-e2ddf9e1fcd5,-50.20889,-27.94361,2026-04-23 04:34:00+00:00,2026-04-23,NPP-375D,LAGES,SANTA CATARINA,Brasil,,,,Mata Atlântica,33,42,4209300,8,,221_079,0.8,POINT(-50.20889 -27.94361)
1815164366,d6b165d8-1d2a-3f81-b55e-102e8fa0256a,-52.79279,-29.6785,2026-04-23 04:34:00+00:00,2026-04-23,NPP-375D,CANDELÁRIA,RIO GRANDE DO SUL,Brasil,,,,Mata Atlântica,33,43,4304200,8,,222_081,1.3,POINT(-52.79279 -29.6785)
1815165931,09e914f6-95ea-3a77-944f-7cb267b6af9a,-51.793,-29.83909,2026-04-23 04:34:00+00:00,2026-04-23,NPP-375D,TAQUARI,RIO GRANDE DO SUL,Brasil,,,,Pampa,33,43,4321303,8,,221_081,0.5,POINT(-51.793 -29.83909)
1815165844,8cc0cc6b-3eb3-3ab8-8356-37081f2ea52b,-50.20498,-27.94424,2026-04-23 04:34:00+00:00,2026-04-23,NPP-375D,LAGES,SANTA CATARINA,Brasil,,,,Mata Atlântica,33,42,4209300,8,,221_079,3.1,POINT(-50.20498 -27.94424)
1815168488,fa33084a-042d-3880-b665-a97fb07973a5,-51.0381,-27.65899,2026-04-23 04:34:00+00:00,2026-04-23,NPP-375D,ANITA GARIBALDI,SANTA CATARINA,Brasil,,,,Mata Atlântica,33,42,4201000,8,,221_079,0.7,POINT(-51.0381 -27.65899)
1815167955,0f8a62f0-34f6-368d-896a-13ecf09860db,-51.16217,-2.35204,2026-04-23 04:46:00+00:00,2026-04-23,NOAA-20,PORTEL,PARÁ,Brasil,,,,Amazônia,33,15,1505809,8,,225_062,0.4,POINT(-51.16217 -2.35204)
1815167764,74ba3286-c5cf-32c2-bfb8-a1612ab52462,-54.07889,-3.85553,2026-04-23 04:46:00+00:00,2026-04-23,NOAA-20,URUARÁ,PARÁ,Brasil,,,,Amazônia,33,15,1508159,8,,227_063,0.8,POINT(-54.07889 -3.85553)
1815165606,ee870d44-16a1-3bd0-8a12-1033042c2b36,-43.61627,-11.79058,2026-04-23 04:49:00+00:00,2026-04-23,NOAA-20,BARRA,BAHIA,Brasil,,,,Cerrado,33,29,2902708,8,,219_068,2.8,POINT(-43.61627 -11.79058)
1815165529,ad23716d-d2e7-3976-bc00-c675059e20ad,-43.6453,-11.77125,2026-04-23 04:49:00+00:00,2026-04-23,NOAA-20,BARRA,BAHIA,Brasil,,,,Cerrado,33,29,2902708,8,,219_068,4.6,POINT(-43.6453 -11.77125)
1815164016,4cb033c3-23d8-347a-8dd4-e8f5ead333ab,-48.67833,-10.00306,2026-04-23 04:49:00+00:00,2026-04-23,NOAA-20,MIRACEMA DO TOCANTINS,TOCANTINS,Brasil,,,,Cerrado,33,17,1713205,8,,222_067,1.6,POINT(-48.67833 -10.00306)
1815165538,291b43ea-39b7-360a-becc-a5856455ee46,-43.65458,-11.77008,2026-04-23 04:49:00+00:00,2026-04-23,NOAA-20,BARRA,BAHIA,Brasil,,,,Cerrado,33,29,2902708,8,,219_068,3.0,POINT(-43.65458 -11.77008)
1815168300,b9d12690-f25c-3b60-b828-2d3a16841b97,-43.65076,-11.76536,2026-04-23 04:49:00+00:00,2026-04-23,NOAA-20,BARRA,BAHIA,Brasil,,,,Cerrado,33,29,2902708,8,,219_068,2.1,POINT(-43.65076 -11.76536)
1815168058,a7c6e666-2587-3897-9b9e-3fcfed802e62,-43.62009,-11.79531,2026-04-23 04:49:00+00:00,2026-04-23,NOAA-20,BARRA,BAHIA,Brasil,,,,Cerrado,33,29,2902708,8,,219_068,3.8,POINT(-43.62009 -11.79531)
1815167944,f938e093-ca43-3f43-bdda-89a8b13e4ed3,-43.64839,-11.77086,2026-04-23 04:49:00+00:00,2026-04-23,NOAA-20,BARRA,BAHIA,Brasil,,,,Cerrado,33,29,2902708,8,,219_068,2.1,POINT(-43.64839 -11.77086)
1815167878,d41fc21f-9a59-3c01-a5df-333292725367,-43.62248,-11.78979,2026-04-23 04:49:00+00:00,2026-04-23,NOAA-20,BARRA,BAHIA,Brasil,,,,Cerrado,33,29,2902708,8,,219_068,6.0,POINT(-43.62248 -11.78979)
1815168157,629e1828-0c38-3a59-83ba-68541826177f,-43.64146,-11.76653,2026-04-23 04:49:00+00:00,2026-04-23,NOAA-20,BARRA,BAHIA,Brasil,,,,Cerrado,33,29,2902708,8,,219_068,1.7,POINT(-43.64146 -11.76653)
1815165414,39139043-891c-3382-aa95-309f29240611,-49.50061,-11.0619,2026-04-23 04:49:00+00:00,2026-04-23,NOAA-20,SANTA RITA DO TOCANTINS,TOCANTINS,Brasil,,,,Cerrado,33,17,1718899,8,,223_068,2.3,POINT(-49.50061 -11.0619)
1815165192,a1e392c3-a5f5-31d4-bdf4-a1615a95d9e9,-48.67039,-10.00792,2026-04-23 04:49:00+00:00,2026-04-23,NOAA-20,MIRACEMA DO TOCANTINS,TOCANTINS,Brasil,,,,Cerrado,33,17,1713205,8,,222_067,1.1,POINT(-48.67039 -10.00792)
1815168210,e329023d-3335-38b8-8d9e-9b48ed2fc0b6,-43.61697,-11.79571,2026-04-23 04:49:00+00:00,2026-04-23,NOAA-20,BARRA,BAHIA,Brasil,,,,Cerrado,33,29,2902708,8,,219_068,2.7,POINT(-43.61697 -11.79571)
1815167656,24b92339-6ab2-3c28-8daa-d0776294994e,-43.64912,-11.77597,2026-04-23 04:49:00+00:00,2026-04-23,NOAA-20,BARRA,BAHIA,Brasil,,,,Cerrado,33,29,2902708,8,,219_068,2.1,POINT(-43.64912 -11.77597)
1815167724,614f4f10-ccc6-3c55-9847-f42a20fa690f,-43.63908,-11.77204,2026-04-23 04:49:00+00:00,2026-04-23,NOAA-20,BARRA,BAHIA,Brasil,,,,Cerrado,33,29,2902708,8,,219_068,1.8,POINT(-43.63908 -11.77204)
1815164952,2338342d-537c-35d2-8809-eb86ce1fd99b,-56.0174,-5.28379,2026-04-23 04:49:00+00:00,2026-04-23,NOAA-20,TRAIRÃO,PARÁ,Brasil,,,,Amazônia,33,15,1508050,8,,228_064,0.6,POINT(-56.0174 -5.28379)
1815165116,516669d8-cb90-3cc5-851d-748311ffd9e2,-43.61316,-11.79098,2026-04-23 04:49:00+00:00,2026-04-23,NOAA-20,BARRA,BAHIA,Brasil,,,,Cerrado,33,29,2902708,8,,219_068,2.8,POINT(-43.61316 -11.79098)
1815167464,bdc4c364-520e-308c-b968-96d595c1492d,-43.64456,-11.76614,2026-04-23 04:49:00+00:00,2026-04-23,NOAA-20,BARRA,BAHIA,Brasil,,,,Cerrado,33,29,2902708,8,,219_068,1.7,POINT(-43.64456 -11.76614)
1815167432,a76c921e-bdcc-31e0-a2a6-6518a33bccd4,-43.65842,-11.77479,2026-04-23 04:49:00+00:00,2026-04-23,NOAA-20,BARRA,BAHIA,Brasil,,,,Cerrado,33,29,2902708,8,,219_068,3.0,POINT(-43.65842 -11.77479)
1815167210,af629b5d-f0b6-3317-b7ad-72688e2daece,-43.66227,-11.77951,2026-04-23 04:49:00+00:00,2026-04-23,NOAA-20,BARRA,BAHIA,Brasil,,,,Cerrado,33,29,2902708,8,,219_068,3.0,POINT(-43.66227 -11.77951)
1815167105,c1811c3a-7087-366b-879c-2acaab4eab6e,-43.6577,-11.76968,2026-04-23 04:49:00+00:00,2026-04-23,NOAA-20,BARRA,BAHIA,Brasil,,,,Cerrado,33,29,2902708,8,,219_068,3.0,POINT(-43.6577 -11.76968)
1815167086,f86357a0-7161-360f-a22b-56136e4cd1ab,-43.66313,-11.7846,2026-04-23 04:49:00+00:00,2026-04-23,NOAA-20,BARRA,BAHIA,Brasil,,,,Cerrado,33,29,2902708,8,,219_068,3.0,POINT(-43.66313 -11.7846)
1815167074,dfac812b-08fd-3781-ac62-ca7a62dca84f,-43.61868,-11.78506,2026-04-23 04:49:00+00:00,2026-04-23,NOAA-20,BARRA,BAHIA,Brasil,,,,Cerrado,33,29,2902708,8,,219_068,6.0,POINT(-43.61868 -11.78506)
1815167026,cbd728e5-75a5-35b2-8df1-9b620c85ec29,-43.65918,-11.7799,2026-04-23 04:49:00+00:00,2026-04-23,NOAA-20,BARRA,BAHIA,Brasil,,,,Cerrado,33,29,2902708,8,,219_068,3.1,POINT(-43.65918 -11.7799)
1815166759,ea511e45-7f47-3a65-9ae4-646970208d9f,-43.64381,-11.76102,2026-04-23 04:49:00+00:00,2026-04-23,NOAA-20,BARRA,BAHIA,Brasil,,,,Cerrado,33,29,2902708,8,,219_068,1.7,POINT(-43.64381 -11.76102)
1815166693,aede2521-1ead-387c-a9d1-01a812ef38c1,-43.65149,-11.77047,2026-04-23 04:49:00+00:00,2026-04-23,NOAA-20,BARRA,BAHIA,Brasil,,,,Cerrado,33,29,2902708,8,,219_068,2.1,POINT(-43.65149 -11.77047)
1815166628,135d5a5d-aa7f-352d-9f39-ea3fc183e467,-43.61558,-11.78545,2026-04-23 04:49:00+00:00,2026-04-23,NOAA-20,BARRA,BAHIA,Brasil,,,,Cerrado,33,29,2902708,8,,219_068,2.8,POINT(-43.61558 -11.78545)
1815164609,d30fd649-9286-3abe-8423-f5d5547e84fa,-43.66154,-11.7744,2026-04-23 04:49:00+00:00,2026-04-23,NOAA-20,BARRA,BAHIA,Brasil,,,,Cerrado,33,29,2902708,8,,219_068,2.8,POINT(-43.66154 -11.7744)
1815166547,bded64a5-5f4e-306f-beec-ab397a76bcfe,-43.65533,-11.77519,2026-04-23 04:49:00+00:00,2026-04-23,NOAA-20,BARRA,BAHIA,Brasil,,,,Cerrado,33,29,2902708,8,,219_068,3.0,POINT(-43.65533 -11.77519)
1815166341,7d3b2624-0077-33e8-b93d-5a020747693f,-43.62177,-11.78466,2026-04-23 04:49:00+00:00,2026-04-23,NOAA-20,BARRA,BAHIA,Brasil,,,,Cerrado,33,29,2902708,8,,219_068,6.0,POINT(-43.62177 -11.78466)
1815166159,7731c948-6523-3dcb-8ee6-0c4142155122,-43.64766,-11.76575,2026-04-23 04:49:00+00:00,2026-04-23,NOAA-20,BARRA,BAHIA,Brasil,,,,Cerrado,33,29,2902708,8,,219_068,2.1,POINT(-43.64766 -11.76575)
1815166051,77becc8b-ba67-32ac-80ab-ea6546e66a33,-43.66541,-11.77911,2026-04-23 04:49:00+00:00,2026-04-23,NOAA-20,BARRA,BAHIA,Brasil,,,,Cerrado,33,29,2902708,8,,219_068,3.0,POINT(-43.66541 -11.77911)
1815165868,4339d098-f943-3464-a6c5-bffb0fad27bd,-43.62558,-11.78939,2026-04-23 04:49:00+00:00,2026-04-23,NOAA-20,BARRA,BAHIA,Brasil,,,,Cerrado,33,29,2902708,8,,219_068,5.5,POINT(-43.62558 -11.78939)
1815165691,a28b475f-a76f-3801-8074-42192a0548fc,-43.64219,-11.77164,2026-04-23 04:49:00+00:00,2026-04-23,NOAA-20,BARRA,BAHIA,Brasil,,,,Cerrado,33,29,2902708,8,,219_068,4.6,POINT(-43.64219 -11.77164)
1815168523,1088ca97-297e-39a0-9042-d54e6ee90d35,-43.61938,-11.79018,2026-04-23 04:49:00+00:00,2026-04-23,NOAA-20,BARRA,BAHIA,Brasil,,,,Cerrado,33,29,2902708,8,,219_068,6.0,POINT(-43.61938 -11.79018)
1815168256,77756e2c-fa08-3c21-9a72-e1b0e89ec282,-45.47266,-12.58399,2026-04-23 04:51:00+00:00,2026-04-23,NOAA-20,SÃO DESIDÉRIO,BAHIA,Brasil,,,,Cerrado,33,29,2928901,8,,220_069,1.7,POINT(-45.47266 -12.58399)
1815168243,2ad709b9-d20b-3703-aa0b-23eab2729f32,-54.23542,-18.13892,2026-04-23 04:51:00+00:00,2026-04-23,NOAA-20,COXIM,MATO GROSSO DO SUL,Brasil,,,,Cerrado,33,50,5003306,8,,225_073,1.0,POINT(-54.23542 -18.13892)
1815168298,b7cf6c69-ecd9-3e84-84be-7f380735a76f,-57.65809,-14.19166,2026-04-23 04:51:00+00:00,2026-04-23,NOAA-20,DIAMANTINO,MATO GROSSO,Brasil,,,,Amazônia,33,51,5103502,8,,228_070,2.0,POINT(-57.65809 -14.19166)
1815163927,d975c2b1-8303-33f9-9c97-9c798e89a660,-56.64962,-13.99289,2026-04-23 04:51:00+00:00,2026-04-23,NOAA-20,DIAMANTINO,MATO GROSSO,Brasil,,,,Cerrado,33,51,5103502,8,,227_070,1.8,POINT(-56.64962 -13.99289)
1815168162,bd1e1f80-8781-3654-9cb2-242c4e77f1f9,-45.32156,-13.37742,2026-04-23 04:51:00+00:00,2026-04-23,NOAA-20,CORRENTINA,BAHIA,Brasil,,,,Cerrado,33,29,2909307,8,,220_069,2.7,POINT(-45.32156 -13.37742)
1815168315,7e655281-166a-3b40-946b-aeacbeda217d,-54.91606,-16.43382,2026-04-23 04:51:00+00:00,2026-04-23,NOAA-20,RONDONÓPOLIS,MATO GROSSO,Brasil,,,,Cerrado,33,51,5107602,8,,225_071,1.4,POINT(-54.91606 -16.43382)
1815164007,3e778132-6fc2-3981-8967-a5fa32408bad,-55.32716,-11.60258,2026-04-23 04:51:00+00:00,2026-04-23,NOAA-20,SINOP,MATO GROSSO,Brasil,,,,Amazônia,33,51,5107909,8,,226_068,1.3,POINT(-55.32716 -11.60258)
1815165439,c51d085c-14a9-378c-b0fd-79d31aab73c3,-51.08669,-17.48234,2026-04-23 04:51:00+00:00,2026-04-23,NOAA-20,MONTIVIDIU,GOIÁS,Brasil,,,,Cerrado,33,52,5213756,8,,223_072,1.9,POINT(-51.08669 -17.48234)
1815168089,5aa41296-d6ae-3acc-914a-3d5fb47f024e,-45.32281,-13.38677,2026-04-23 04:51:00+00:00,2026-04-23,NOAA-20,CORRENTINA,BAHIA,Brasil,,,,Cerrado,33,29,2909307,8,,220_069,1.2,POINT(-45.32281 -13.38677)
1815167962,0bac7e73-e559-3cd6-a5e0-4e2140dfdc6b,-52.88565,-18.27635,2026-04-23 04:51:00+00:00,2026-04-23,NOAA-20,MINEIROS,GOIÁS,Brasil,,,,Cerrado,33,52,5213103,8,,224_073,1.8,POINT(-52.88565 -18.27635)
1815165407,c0b42f76-a11f-32ca-9a26-863dc54e1203,-52.89498,-18.30914,2026-04-23 04:51:00+00:00,2026-04-23,NOAA-20,COSTA RICA,MATO GROSSO DO SUL,Brasil,,,,Cerrado,33,50,5003256,8,,224_073,1.3,POINT(-52.89498 -18.30914)
1815167871,db5d2494-03a3-3104-b4e9-2d376b900e6f,-44.61794,-12.28417,2026-04-23 04:51:00+00:00,2026-04-23,NOAA-20,CATOLÂNDIA,BAHIA,Brasil,,,,Cerrado,33,29,2907400,8,,219_069,2.8,POINT(-44.61794 -12.28417)
1815163950,2b8df3d6-e7d7-3e08-8f0e-505dbb7d1808,-47.20896,-14.09785,2026-04-23 04:51:00+00:00,2026-04-23,NOAA-20,ALTO PARAÍSO DE GOIÁS,GOIÁS,Brasil,,,,Cerrado,33,52,5200605,8,,221_070,0.9,POINT(-47.20896 -14.09785)
1815167765,4fda315d-7c2b-3751-addf-640516e376fa,-47.89085,-13.54618,2026-04-23 04:51:00+00:00,2026-04-23,NOAA-20,CAVALCANTE,GOIÁS,Brasil,,,,Cerrado,33,52,5205307,8,,221_069,1.5,POINT(-47.89085 -13.54618)
1815167700,9dcf764a-71cf-3967-99fb-43bde66caf7e,-45.32219,-13.38209,2026-04-23 04:51:00+00:00,2026-04-23,NOAA-20,CORRENTINA,BAHIA,Brasil,,,,Cerrado,33,29,2909307,8,,220_069,2.7,POINT(-45.32219 -13.38209)
1815165056,7a10506f-710d-3ad8-9bff-dc89785f0f20,-54.91545,-16.43045,2026-04-23 04:51:00+00:00,2026-04-23,NOAA-20,RONDONÓPOLIS,MATO GROSSO,Brasil,,,,Cerrado,33,51,5107602,8,,225_071,1.4,POINT(-54.91545 -16.43045)
1815167653,f11c55ef-2cf3-30b8-910a-d84a8e1b53b2,-54.91862,-16.42644,2026-04-23 04:51:00+00:00,2026-04-23,NOAA-20,RONDONÓPOLIS,MATO GROSSO,Brasil,,,,Cerrado,33,51,5107602,8,,225_071,4.9,POINT(-54.91862 -16.42644)
1815167664,5175fca7-e704-3de0-a59d-d9371dce4711,-52.8916,-18.28913,2026-04-23 04:51:00+00:00,2026-04-23,NOAA-20,MINEIROS,GOIÁS,Brasil,,,,Cerrado,33,52,5213103,8,,224_073,0.7,POINT(-52.8916 -18.28913)
1815165008,53fc050f-de77-3d8a-94fa-00b47181d990,-52.88736,-18.28635,2026-04-23 04:51:00+00:00,2026-04-23,NOAA-20,MINEIROS,GOIÁS,Brasil,,,,Cerrado,33,52,5213103,8,,224_073,0.9,POINT(-52.88736 -18.28635)
1815167701,2d50d201-af4c-3bb1-aa4d-386010c861db,-57.17797,-12.30581,2026-04-23 04:51:00+00:00,2026-04-23,NOAA-20,NOVA MARINGÁ,MATO GROSSO,Brasil,,,,Amazônia,33,51,5108907,8,,227_069,1.9,POINT(-57.17797 -12.30581)
1815167530,875fcded-3f7c-381b-9681-396d1a8ee085,-45.48045,-12.55457,2026-04-23 04:51:00+00:00,2026-04-23,NOAA-20,SÃO DESIDÉRIO,BAHIA,Brasil,,,,Cerrado,33,29,2928901,8,,220_069,2.3,POINT(-45.48045 -12.55457)
1815164921,c6cc9882-e21a-3a46-a987-e3b389b13289,-44.62274,-12.27864,2026-04-23 04:51:00+00:00,2026-04-23,NOAA-20,CATOLÂNDIA,BAHIA,Brasil,,,,Cerrado,33,29,2907400,8,,219_069,2.8,POINT(-44.62274 -12.27864)
1815167313,40ad6714-6194-382f-9e79-7fda1b3f21f5,-54.56834,-11.57337,2026-04-23 04:51:00+00:00,2026-04-23,NOAA-20,UNIÃO DO SUL,MATO GROSSO,Brasil,,,,Amazônia,33,51,5108303,8,,226_068,1.2,POINT(-54.56834 -11.57337)
1815164875,7211d05e-59fb-34ab-b88c-9b419869e1f1,-54.17581,-17.98901,2026-04-23 04:51:00+00:00,2026-04-23,NOAA-20,PEDRO GOMES,MATO GROSSO DO SUL,Brasil,,,,Cerrado,33,50,5006408,8,,225_072,0.7,POINT(-54.17581 -17.98901)
1815167275,a7b84f9f-caa0-3785-9056-5d77d8fa9b59,-52.8868,-18.28302,2026-04-23 04:51:00+00:00,2026-04-23,NOAA-20,MINEIROS,GOIÁS,Brasil,,,,Cerrado,33,52,5213103,8,,224_073,0.9,POINT(-52.8868 -18.28302)
1815167141,9cc8615a-da81-3255-9393-5c19f5202015,-54.92181,-16.42244,2026-04-23 04:51:00+00:00,2026-04-23,NOAA-20,RONDONÓPOLIS,MATO GROSSO,Brasil,,,,Cerrado,33,51,5107602,8,,225_071,4.9,POINT(-54.92181 -16.42244)
1815164811,ec01975d-41be-32f0-8aa2-d34f6742ca0a,-45.32719,-13.38145,2026-04-23 04:51:00+00:00,2026-04-23,NOAA-20,CORRENTINA,BAHIA,Brasil,,,,Cerrado,33,29,2909307,8,,220_069,2.5,POINT(-45.32719 -13.38145)
1815167102,44dff8ed-f3e9-3983-b26a-896abf11c188,-43.5899,-13.02729,2026-04-23 04:51:00+00:00,2026-04-23,NOAA-20,SÍTIO DO MATO,BAHIA,Brasil,,,,Cerrado,33,29,2930758,8,,219_069,1.0,POINT(-43.5899 -13.02729)
1815167099,07729144-1dd5-37f0-b5d6-6866f35dac04,-52.88623,-18.27969,2026-04-23 04:51:00+00:00,2026-04-23,NOAA-20,MINEIROS,GOIÁS,Brasil,,,,Cerrado,33,52,5213103,8,,224_073,1.8,POINT(-52.88623 -18.27969)
1815164772,ad391978-30ce-3aa7-bdb2-22d6e1178196,-57.17725,-12.30188,2026-04-23 04:51:00+00:00,2026-04-23,NOAA-20,NOVA MARINGÁ,MATO GROSSO,Brasil,,,,Amazônia,33,51,5108907,8,,227_069,1.9,POINT(-57.17725 -12.30188)
1815164765,0abe9d2d-25a1-3759-a0f7-d1d1e60bc2ae,-45.76544,-18.11802,2026-04-23 04:51:00+00:00,2026-04-23,NOAA-20,JOÃO PINHEIRO,MINAS GERAIS,Brasil,,,,Cerrado,33,31,3136306,8,,219_073,0.1,POINT(-45.76544 -18.11802)
1815164717,4106c466-0a69-3a38-9a23-7884895c6b9e,-45.47499,-12.56509,2026-04-23 04:51:00+00:00,2026-04-23,NOAA-20,SÃO DESIDÉRIO,BAHIA,Brasil,,,,Cerrado,33,29,2928901,8,,220_069,1.9,POINT(-45.47499 -12.56509)
1815166878,95127630-299b-37f1-97d5-34df7b51c633,-51.09129,-17.48524,2026-04-23 04:51:00+00:00,2026-04-23,NOAA-20,MONTIVIDIU,GOIÁS,Brasil,,,,Cerrado,33,52,5213756,8,,223_072,2.9,POINT(-51.09129 -17.48524)
1815164630,69e42ab0-d3cf-3767-8f14-417f3cced663,-44.62332,-12.28348,2026-04-23 04:51:00+00:00,2026-04-23,NOAA-20,CATOLÂNDIA,BAHIA,Brasil,,,,Cerrado,33,29,2907400,8,,219_069,2.8,POINT(-44.62332 -12.28348)
1815164624,6391286f-c122-3eb3-9508-76c6aa4824db,-49.27938,-12.01215,2026-04-23 04:51:00+00:00,2026-04-23,NOAA-20,CARIRI DO TOCANTINS,TOCANTINS,Brasil,,,,Cerrado,33,17,1703867,8,,222_068,1.4,POINT(-49.27938 -12.01215)
1815166609,0c26bd06-ed84-37fd-9d3e-5423ea8ee562,-45.32781,-13.38612,2026-04-23 04:51:00+00:00,2026-04-23,NOAA-20,CORRENTINA,BAHIA,Brasil,,,,Cerrado,33,29,2909307,8,,220_069,2.1,POINT(-45.32781 -13.38612)
1815166506,d2773b2d-b549-3037-a81e-8875312c3c97,-52.88311,-18.28358,2026-04-23 04:51:00+00:00,2026-04-23,NOAA-20,MINEIROS,GOIÁS,Brasil,,,,Cerrado,33,52,5213103,8,,224_073,0.9,POINT(-52.88311 -18.28358)
1815166348,1bec4ce2-dc5f-35ac-ba51-d477c59ff95d,-51.08727,-17.48583,2026-04-23 04:51:00+00:00,2026-04-23,NOAA-20,MONTIVIDIU,GOIÁS,Brasil,,,,Cerrado,33,52,5213756,8,,223_072,1.9,POINT(-51.08727 -17.48583)
1815166277,2d36da28-0a54-36ff-8d25-f71134f2477c,-45.31718,-13.38273,2026-04-23 04:51:00+00:00,2026-04-23,NOAA-20,CORRENTINA,BAHIA,Brasil,,,,Cerrado,33,29,2909307,8,,220_069,2.7,POINT(-45.31718 -13.38273)
1815166275,9658607f-0650-32d7-a7bf-3fae3b56adad,-44.61736,-12.27933,2026-04-23 04:51:00+00:00,2026-04-23,NOAA-20,CATOLÂNDIA,BAHIA,Brasil,,,,Cerrado,33,29,2907400,8,,219_069,2.8,POINT(-44.61736 -12.27933)
1815166253,f51bc048-92e7-3bf6-9aa5-a1b9cd0027b6,-56.85413,-13.50679,2026-04-23 04:51:00+00:00,2026-04-23,NOAA-20,SÃO JOSÉ DO RIO CLARO,MATO GROSSO,Brasil,,,,Cerrado,33,51,5107305,8,,227_069,1.1,POINT(-56.85413 -13.50679)
1815166244,b55adafa-9046-3454-897d-ccd847a2f6c4,-51.22465,-12.09285,2026-04-23 04:51:00+00:00,2026-04-23,NOAA-20,SERRA NOVA DOURADA,MATO GROSSO,Brasil,,,,Cerrado,33,51,5107883,8,,224_068,1.1,POINT(-51.22465 -12.09285)
1815166208,debd3a84-0320-3f0e-8921-e2fd4de576e9,-45.34518,-12.05458,2026-04-23 04:51:00+00:00,2026-04-23,NOAA-20,BARREIRAS,BAHIA,Brasil,,,,Cerrado,33,29,2903201,8,,220_068,1.5,POINT(-45.34518 -12.05458)
1815166210,b762d43d-a9fa-36b6-ad41-c747936b7cfc,-45.32656,-13.37678,2026-04-23 04:51:00+00:00,2026-04-23,NOAA-20,CORRENTINA,BAHIA,Brasil,,,,Cerrado,33,29,2909307,8,,220_069,2.5,POINT(-45.32656 -13.37678)
1815166124,b249d356-ab59-3f20-b30b-b9ca5e85ac75,-45.47563,-12.56965,2026-04-23 04:51:00+00:00,2026-04-23,NOAA-20,SÃO DESIDÉRIO,BAHIA,Brasil,,,,Cerrado,33,29,2928901,8,,220_069,2.2,POINT(-45.47563 -12.56965)
1815165968,5c3cdb65-425d-373d-8989-047e20a9f811,-45.34316,-12.05479,2026-04-23 04:51:00+00:00,2026-04-23,NOAA-20,BARREIRAS,BAHIA,Brasil,,,,Cerrado,33,29,2903201,8,,220_068,1.2,POINT(-45.34316 -12.05479)
1815164286,650f4981-50d4-3122-95f3-93925fe8a33e,-47.76678,-12.02457,2026-04-23 04:51:00+00:00,2026-04-23,NOAA-20,NATIVIDADE,TOCANTINS,Brasil,,,,Cerrado,33,17,1714203,8,,221_068,1.1,POINT(-47.76678 -12.02457)
1815165864,4453eae2-0852-373f-a397-0726c8a1cb5b,-54.91484,-16.42707,2026-04-23 04:51:00+00:00,2026-04-23,NOAA-20,RONDONÓPOLIS,MATO GROSSO,Brasil,,,,Cerrado,33,51,5107602,8,,225_071,1.8,POINT(-54.91484 -16.42707)
1815165847,7439635f-17a2-32c1-bb58-62c0cc61609c,-52.8882,-18.26912,2026-04-23 04:51:00+00:00,2026-04-23,NOAA-20,MINEIROS,GOIÁS,Brasil,,,,Cerrado,33,52,5213103,8,,224_073,0.8,POINT(-52.8882 -18.26912)
1815164244,a132e1b3-fd82-3904-a2ff-76c96d40ee4b,-45.76052,-18.12349,2026-04-23 04:51:00+00:00,2026-04-23,NOAA-20,JOÃO PINHEIRO,MINAS GERAIS,Brasil,,,,Cerrado,33,31,3136306,8,,219_073,0.1,POINT(-45.76052 -18.12349)
1815165665,20c1d60b-acae-3316-a35d-b0ec75210793,-52.88934,-18.27579,2026-04-23 04:51:00+00:00,2026-04-23,NOAA-20,MINEIROS,GOIÁS,Brasil,,,,Cerrado,33,52,5213103,8,,224_073,0.7,POINT(-52.88934 -18.27579)
1815168524,41ae0b49-3e29-3052-b97d-bb9ab951dee7,-46.83484,-17.16768,2026-04-23 04:51:00+00:00,2026-04-23,NOAA-20,PARACATU,MINAS GERAIS,Brasil,,,,Cerrado,33,31,3147006,8,,220_072,3.1,POINT(-46.83484 -17.16768)
1815165678,1ef126df-98a2-321b-a5ef-6f66a1da5870,-45.46787,-12.58461,2026-04-23 04:51:00+00:00,2026-04-23,NOAA-20,SÃO DESIDÉRIO,BAHIA,Brasil,,,,Cerrado,33,29,2928901,8,,220_069,1.7,POINT(-45.46787 -12.58461)
1815168484,516b1890-73b3-391a-bfc3-da81d34f8e2c,-51.43171,-18.40639,2026-04-23 04:51:00+00:00,2026-04-23,NOAA-20,JATAÍ,GOIÁS,Brasil,,,,Cerrado,33,52,5211909,8,,223_073,1.5,POINT(-51.43171 -18.40639)
1815168489,db29723f-955b-348e-99ac-b48e6d7d9a1b,-52.88877,-18.27245,2026-04-23 04:51:00+00:00,2026-04-23,NOAA-20,MINEIROS,GOIÁS,Brasil,,,,Cerrado,33,52,5213103,8,,224_073,0.8,POINT(-52.88877 -18.27245)
1815165672,acfc6957-2ab1-3c14-a02a-41d98096a178,-52.89386,-18.30247,2026-04-23 04:51:00+00:00,2026-04-23,NOAA-20,MINEIROS,GOIÁS,Brasil,,,,Cerrado,33,52,5213103,8,,224_073,1.0,POINT(-52.89386 -18.30247)
1815168427,bb455736-08db-3937-bc99-68ed21e74dd0,-47.0466,-22.78742,2026-04-23 04:53:00+00:00,2026-04-23,NOAA-20,CAMPINAS,SÃO PAULO,Brasil,,,,Mata Atlântica,33,35,3509502,8,,219_076,1.2,POINT(-47.0466 -22.78742)
1815168401,002b115d-8970-326f-92c5-1629f40a32fc,-46.90581,-20.19494,2026-04-23 04:53:00+00:00,2026-04-23,NOAA-20,DELFINÓPOLIS,MINAS GERAIS,Brasil,,,,Cerrado,33,31,3121209,8,,220_074,2.5,POINT(-46.90581 -20.19494)
1815168395,f5559466-12ec-36f7-9c9c-df8a3263aa7f,-52.69752,-22.965,2026-04-23 04:53:00+00:00,2026-04-23,NOAA-20,GUAIRAÇÁ,PARANÁ,Brasil,,,,Mata Atlântica,33,41,4108908,8,,223_076,1.3,POINT(-52.69752 -22.965)
1815165612,27b06fdc-10c8-350c-bfb2-c110b74a3b00,-56.59508,-19.43149,2026-04-23 04:53:00+00:00,2026-04-23,NOAA-20,CORUMBÁ,MATO GROSSO DO SUL,Brasil,,,,Pantanal,33,50,5003207,8,,226_073,1.7,POINT(-56.59508 -19.43149)
1815168299,95dbdf12-743e-3da2-92c0-1fdf3a358fa2,-56.60384,-19.45516,2026-04-23 04:53:00+00:00,2026-04-23,NOAA-20,CORUMBÁ,MATO GROSSO DO SUL,Brasil,,,,Pantanal,33,50,5003207,8,,226_073,1.1,POINT(-56.60384 -19.45516)
1815168249,92851d4a-59a9-3f6c-b048-c4abbccb96d6,-46.73009,-20.19667,2026-04-23 04:53:00+00:00,2026-04-23,NOAA-20,SÃO ROQUE DE MINAS,MINAS GERAIS,Brasil,,,,Cerrado,33,31,3164308,8,,220_074,0.8,POINT(-46.73009 -20.19667)
1815168133,5e699114-474f-3031-ac18-c18efec2d4b0,-46.90469,-20.18571,2026-04-23 04:53:00+00:00,2026-04-23,NOAA-20,DELFINÓPOLIS,MINAS GERAIS,Brasil,,,,Cerrado,33,31,3121209,8,,220_074,1.9,POINT(-46.90469 -20.18571)
1815165513,8243ba80-cd07-3075-af34-70adb1fb81f2,-56.60931,-19.43984,2026-04-23 04:53:00+00:00,2026-04-23,NOAA-20,CORUMBÁ,MATO GROSSO DO SUL,Brasil,,,,Pantanal,33,50,5003207,8,,226_073,1.8,POINT(-56.60931 -19.43984)
1815165468,e13f7949-2c6b-3fdf-95dc-df006a7c3603,-46.93964,-20.17692,2026-04-23 04:53:00+00:00,2026-04-23,NOAA-20,DELFINÓPOLIS,MINAS GERAIS,Brasil,,,,Cerrado,33,31,3121209,8,,220_074,1.2,POINT(-46.93964 -20.17692)
1815167948,e282f85e-0919-3adb-ae8c-b1166f66a789,-46.90964,-20.18981,2026-04-23 04:53:00+00:00,2026-04-23,NOAA-20,DELFINÓPOLIS,MINAS GERAIS,Brasil,,,,Cerrado,33,31,3121209,8,,220_074,2.5,POINT(-46.90964 -20.18981)
1815167909,e3993c69-c185-392d-9cdb-022552894eea,-46.89172,-20.2013,2026-04-23 04:53:00+00:00,2026-04-23,NOAA-20,DELFINÓPOLIS,MINAS GERAIS,Brasil,,,,Cerrado,33,31,3121209,8,,220_074,0.5,POINT(-46.89172 -20.2013)
1815165305,0a23195b-9213-3bec-8abf-a3df464f9e5f,-46.77024,-20.23729,2026-04-23 04:53:00+00:00,2026-04-23,NOAA-20,SÃO ROQUE DE MINAS,MINAS GERAIS,Brasil,,,,Cerrado,33,31,3164308,8,,220_074,2.2,POINT(-46.77024 -20.23729)
1815165158,8cda5ad7-cb8a-3d88-9977-7022af0c7203,-46.90133,-20.20016,2026-04-23 04:53:00+00:00,2026-04-23,NOAA-20,DELFINÓPOLIS,MINAS GERAIS,Brasil,,,,Cerrado,33,31,3121209,8,,220_074,3.2,POINT(-46.90133 -20.20016)
1815167929,031bb9c4-5abb-37c3-9e5f-64f3dd26f824,-55.17404,-20.7196,2026-04-23 04:53:00+00:00,2026-04-23,NOAA-20,SIDROLÂNDIA,MATO GROSSO DO SUL,Brasil,,,,Cerrado,33,50,5007901,8,,225_074,0.8,POINT(-55.17404 -20.7196)
1815167836,dd2de2ab-ad6d-34d3-b727-bb009f81041a,-56.60999,-19.44332,2026-04-23 04:53:00+00:00,2026-04-23,NOAA-20,CORUMBÁ,MATO GROSSO DO SUL,Brasil,,,,Pantanal,33,50,5003207,8,,226_073,1.8,POINT(-56.60999 -19.44332)
1815167816,87cf8ffd-64fa-3158-adcf-7183c2969436,-56.58828,-19.43984,2026-04-23 04:53:00+00:00,2026-04-23,NOAA-20,CORUMBÁ,MATO GROSSO DO SUL,Brasil,,,,Pantanal,33,50,5003207,8,,226_073,1.8,POINT(-56.58828 -19.43984)
1815167798,5f6337db-2b26-3ddb-a7c7-b32c8432c59e,-48.6675,-21.04815,2026-04-23 04:53:00+00:00,2026-04-23,NOAA-20,PIRANGI,SÃO PAULO,Brasil,,,,Mata Atlântica,33,35,3539004,8,,221_075,1.6,POINT(-48.6675 -21.04815)
1815167742,f3796318-47ba-3183-a343-972f2342e7c2,-49.63572,-24.9541,2026-04-23 04:53:00+00:00,2026-04-23,NOAA-20,CASTRO,PARANÁ,Brasil,,,,Mata Atlântica,33,41,4104907,8,,221_077,0.8,POINT(-49.63572 -24.9541)
1815165245,03c33cb6-369e-37da-918b-1041dd922dcf,-46.9542,-20.17054,2026-04-23 04:53:00+00:00,2026-04-23,NOAA-20,SACRAMENTO,MINAS GERAIS,Brasil,,,,Cerrado,33,31,3156908,8,,220_074,2.5,POINT(-46.9542 -20.17054)
1815164009,88347e77-de32-31fd-b2b4-e9a723bc5764,-46.94789,-20.16194,2026-04-23 04:53:00+00:00,2026-04-23,NOAA-20,SACRAMENTO,MINAS GERAIS,Brasil,,,,Cerrado,33,31,3156908,8,,220_074,3.5,POINT(-46.94789 -20.16194)
1815165128,a749416c-38db-374f-a773-a0310dae0621,-46.79593,-20.23442,2026-04-23 04:53:00+00:00,2026-04-23,NOAA-20,DELFINÓPOLIS,MINAS GERAIS,Brasil,,,,Cerrado,33,31,3121209,8,,220_074,1.7,POINT(-46.79593 -20.23442)
1815165120,60bf4fdc-4f4d-3f25-a69a-265865234d59,-55.92543,-18.58627,2026-04-23 04:53:00+00:00,2026-04-23,NOAA-20,CORUMBÁ,MATO GROSSO DO SUL,Brasil,,,,Pantanal,33,50,5003207,8,,226_073,0.8,POINT(-55.92543 -18.58627)
1815167698,bff96646-6c3d-32d3-a03c-603e64c4f1c3,-54.41667,-21.27579,2026-04-23 04:53:00+00:00,2026-04-23,NOAA-20,NOVA ALVORADA DO SUL,MATO GROSSO DO SUL,Brasil,,,,Cerrado,33,50,5006002,8,,224_075,0.8,POINT(-54.41667 -21.27579)
1815165082,d4a52471-9c71-38df-ae79-b6f449ebebf2,-46.79467,-20.23636,2026-04-23 04:53:00+00:00,2026-04-23,NOAA-20,DELFINÓPOLIS,MINAS GERAIS,Brasil,,,,Cerrado,33,31,3121209,8,,220_074,1.6,POINT(-46.79467 -20.23636)
1815165024,ba047098-f216-3e6a-b914-ae4699f0ac48,-46.89644,-20.20074,2026-04-23 04:53:00+00:00,2026-04-23,NOAA-20,DELFINÓPOLIS,MINAS GERAIS,Brasil,,,,Cerrado,33,31,3121209,8,,220_074,3.2,POINT(-46.89644 -20.20074)
1815165005,e39025df-5588-3611-b220-9921c06adefe,-51.83681,-21.40002,2026-04-23 04:53:00+00:00,2026-04-23,NOAA-20,PANORAMA,SÃO PAULO,Brasil,,,,Mata Atlântica,33,35,3535408,8,,223_075,0.7,POINT(-51.83681 -21.40002)
1815167781,176a6423-11c8-3681-8b6f-869a49c32606,-55.92934,-18.58562,2026-04-23 04:53:00+00:00,2026-04-23,NOAA-20,CORUMBÁ,MATO GROSSO DO SUL,Brasil,,,,Pantanal,33,50,5003207,8,,226_073,0.8,POINT(-55.92934 -18.58562)
1815164972,df0d8656-5530-35eb-aba4-bd54a1a19e09,-46.80537,-20.23336,2026-04-23 04:53:00+00:00,2026-04-23,NOAA-20,DELFINÓPOLIS,MINAS GERAIS,Brasil,,,,Cerrado,33,31,3121209,8,,220_074,1.4,POINT(-46.80537 -20.23336)
1815167589,035c2b1f-88d2-3347-af2d-116d426dfd8d,-51.33825,-19.68626,2026-04-23 04:53:00+00:00,2026-04-23,NOAA-20,PARANAÍBA,MATO GROSSO DO SUL,Brasil,,,,Cerrado,33,50,5006309,8,,223_074,0.7,POINT(-51.33825 -19.68626)
1815167544,5da3c80c-44c7-3969-b186-b5c41605d194,-46.7355,-20.19131,2026-04-23 04:53:00+00:00,2026-04-23,NOAA-20,SÃO ROQUE DE MINAS,MINAS GERAIS,Brasil,,,,Cerrado,33,31,3164308,8,,220_074,0.8,POINT(-46.7355 -20.19131)
1815167513,4621c970-239a-3005-93a7-7b4fd0d66826,-46.8872,-20.19714,2026-04-23 04:53:00+00:00,2026-04-23,NOAA-20,DELFINÓPOLIS,MINAS GERAIS,Brasil,,,,Cerrado,33,31,3121209,8,,220_074,1.2,POINT(-46.8872 -20.19714)
1815164955,b658899e-d545-330f-8c37-ae4eed348af6,-55.93325,-18.58496,2026-04-23 04:53:00+00:00,2026-04-23,NOAA-20,CORUMBÁ,MATO GROSSO DO SUL,Brasil,,,,Pantanal,33,50,5003207,8,,226_073,0.8,POINT(-55.93325 -18.58496)
1815163913,ca3f9850-d2eb-3169-b421-428ae8a20098,-46.80066,-20.23861,2026-04-23 04:53:00+00:00,2026-04-23,NOAA-20,DELFINÓPOLIS,MINAS GERAIS,Brasil,,,,Cerrado,33,31,3121209,8,,220_074,1.7,POINT(-46.80066 -20.23861)
1815164895,8c86d5a2-14e3-3ff4-b046-0b8750b8ac2d,-46.73599,-20.20072,2026-04-23 04:53:00+00:00,2026-04-23,NOAA-20,SÃO ROQUE DE MINAS,MINAS GERAIS,Brasil,,,,Cerrado,33,31,3164308,8,,220_074,2.3,POINT(-46.73599 -20.20072)
1815167409,7feb3c14-0958-3c6b-8f2c-f984b3dbd054,-46.77451,-20.23876,2026-04-23 04:53:00+00:00,2026-04-23,NOAA-20,SÃO ROQUE DE MINAS,MINAS GERAIS,Brasil,,,,Cerrado,33,31,3164308,8,,220_074,1.1,POINT(-46.77451 -20.23876)
1815164871,d9aa6fa3-fecd-36d9-b388-5fbcfdd2333d,-54.54584,-18.41508,2026-04-23 04:53:00+00:00,2026-04-23,NOAA-20,COXIM,MATO GROSSO DO SUL,Brasil,,,,Cerrado,33,50,5003306,8,,225_073,1.8,POINT(-54.54584 -18.41508)
1815167256,14b52fa0-1071-375f-aae0-5418530dce3b,-46.90296,-20.20366,2026-04-23 04:53:00+00:00,2026-04-23,NOAA-20,DELFINÓPOLIS,MINAS GERAIS,Brasil,,,,Cerrado,33,31,3121209,8,,220_074,1.3,POINT(-46.90296 -20.20366)
1815167108,8f1eaee0-f85f-3e49-a26e-f6815406b231,-48.67402,-21.39604,2026-04-23 04:53:00+00:00,2026-04-23,NOAA-20,TAQUARITINGA,SÃO PAULO,Brasil,,,,Cerrado,33,35,3553708,8,,221_075,0.5,POINT(-48.67402 -21.39604)
1815164846,015b1334-cfcf-3670-b747-3c02a3dcfafc,-55.17342,-20.71627,2026-04-23 04:53:00+00:00,2026-04-23,NOAA-20,SIDROLÂNDIA,MATO GROSSO DO SUL,Brasil,,,,Cerrado,33,50,5007901,8,,225_074,0.9,POINT(-55.17342 -20.71627)
1815164831,91581c19-da53-3644-9bfc-bd51a005288f,-48.67526,-21.39902,2026-04-23 04:53:00+00:00,2026-04-23,NOAA-20,TAQUARITINGA,SÃO PAULO,Brasil,,,,Cerrado,33,35,3553708,8,,221_075,1.1,POINT(-48.67526 -21.39902)
1815164819,a614ed0c-8fc0-3dd3-8407-ab841a4b0b18,-46.79633,-20.23909,2026-04-23 04:53:00+00:00,2026-04-23,NOAA-20,DELFINÓPOLIS,MINAS GERAIS,Brasil,,,,Cerrado,33,31,3121209,8,,220_074,1.7,POINT(-46.79633 -20.23909)
1815167199,027e9efa-1c77-326a-8f57-8aacfdaf2d0e,-46.94942,-20.17577,2026-04-23 04:53:00+00:00,2026-04-23,NOAA-20,DELFINÓPOLIS,MINAS GERAIS,Brasil,,,,Cerrado,33,31,3121209,8,,220_074,3.1,POINT(-46.94942 -20.17577)
1815167153,2f84e7c8-cb70-38e2-a6f7-b063c12cfa8a,-46.906,-20.19961,2026-04-23 04:53:00+00:00,2026-04-23,NOAA-20,DELFINÓPOLIS,MINAS GERAIS,Brasil,,,,Cerrado,33,31,3121209,8,,220_074,3.0,POINT(-46.906 -20.19961)
1815163868,052fbdcc-6f9f-34ea-854a-07029eaa60f7,-55.50095,-18.50293,2026-04-23 04:53:00+00:00,2026-04-23,NOAA-20,CORUMBÁ,MATO GROSSO DO SUL,Brasil,,,,Pantanal,33,50,5003207,8,,226_073,1.1,POINT(-55.50095 -18.50293)
1815164791,0f315cec-6ed3-3f95-8042-8778da27f12b,-52.69398,-22.96905,2026-04-23 04:53:00+00:00,2026-04-23,NOAA-20,GUAIRAÇÁ,PARANÁ,Brasil,,,,Mata Atlântica,33,41,4108908,8,,223_076,1.3,POINT(-52.69398 -22.96905)
1815164777,b228fdd8-3a33-3ee4-8177-61997674973a,-46.93911,-20.16764,2026-04-23 04:53:00+00:00,2026-04-23,NOAA-20,SACRAMENTO,MINAS GERAIS,Brasil,,,,Cerrado,33,31,3156908,8,,220_074,1.1,POINT(-46.93911 -20.16764)
1815167057,18ea20e7-0e76-3b0d-bfca-353903db300f,-46.76841,-20.23949,2026-04-23 04:53:00+00:00,2026-04-23,NOAA-20,SÃO ROQUE DE MINAS,MINAS GERAIS,Brasil,,,,Cerrado,33,31,3164308,8,,220_074,1.1,POINT(-46.76841 -20.23949)
1815164734,95443531-ba3f-3198-ab88-908adc1e83ac,-48.42759,-21.70449,2026-04-23 04:53:00+00:00,2026-04-23,NOAA-20,MATÃO,SÃO PAULO,Brasil,,,,Cerrado,33,35,3529302,8,,220_075,3.7,POINT(-48.42759 -21.70449)
1815167043,8b170c0b-b86e-3be1-90b6-0a81a50764f5,-46.9431,-20.1625,2026-04-23 04:53:00+00:00,2026-04-23,NOAA-20,SACRAMENTO,MINAS GERAIS,Brasil,,,,Cerrado,33,31,3156908,8,,220_074,3.5,POINT(-46.9431 -20.1625)
1815167027,bdbe1ac7-2d16-3526-a3d7-55ed97cb94f3,-46.79395,-20.23172,2026-04-23 04:53:00+00:00,2026-04-23,NOAA-20,DELFINÓPOLIS,MINAS GERAIS,Brasil,,,,Cerrado,33,31,3121209,8,,220_074,1.6,POINT(-46.79395 -20.23172)
1815167018,c4962ee3-b1b5-350c-896e-9494c884c281,-56.61133,-19.45029,2026-04-23 04:53:00+00:00,2026-04-23,NOAA-20,CORUMBÁ,MATO GROSSO DO SUL,Brasil,,,,Pantanal,33,50,5003207,8,,226_073,4.9,POINT(-56.61133 -19.45029)
1815164753,f71253c4-d2fb-3e93-ae01-d227bdc673e2,-56.59978,-19.45585,2026-04-23 04:53:00+00:00,2026-04-23,NOAA-20,CORUMBÁ,MATO GROSSO DO SUL,Brasil,,,,Pantanal,33,50,5003207,8,,226_073,1.6,POINT(-56.59978 -19.45585)
1815164693,e3b0881c-eaf8-358b-9921-2efcae93e3c3,-46.73634,-20.20542,2026-04-23 04:53:00+00:00,2026-04-23,NOAA-20,SÃO ROQUE DE MINAS,MINAS GERAIS,Brasil,,,,Cerrado,33,31,3164308,8,,220_074,2.3,POINT(-46.73634 -20.20542)
1815164711,7826cc5f-0cea-366a-8e18-4e9a2038a2dc,-46.7825,-20.24537,2026-04-23 04:53:00+00:00,2026-04-23,NOAA-20,DELFINÓPOLIS,MINAS GERAIS,Brasil,,,,Cerrado,33,31,3121209,8,,220_074,2.5,POINT(-46.7825 -20.24537)
1815164661,b579e77e-7273-3d2e-a3fb-9b0b73f2eac1,-50.65772,-21.196,2026-04-23 04:53:00+00:00,2026-04-23,NOAA-20,GUARARAPES,SÃO PAULO,Brasil,,,,Mata Atlântica,33,35,3518206,8,,222_075,0.9,POINT(-50.65772 -21.196)
1815166912,71fa8878-22fd-35a3-9049-2758ca5705de,-54.54643,-18.41841,2026-04-23 04:53:00+00:00,2026-04-23,NOAA-20,COXIM,MATO GROSSO DO SUL,Brasil,,,,Cerrado,33,50,5003306,8,,225_073,1.8,POINT(-54.54643 -18.41841)
1815166793,de5ca34f-1aa8-31ce-853f-f90b9bd83b49,-49.88142,-19.90974,2026-04-23 04:53:00+00:00,2026-04-23,NOAA-20,SÃO FRANCISCO DE SALES,MINAS GERAIS,Brasil,,,,Mata Atlântica,33,31,3161304,8,,222_074,1.6,POINT(-49.88142 -19.90974)
1815166777,a5f75f2f-0a9f-37ee-9fbe-12bd08004f46,-46.7415,-20.20482,2026-04-23 04:53:00+00:00,2026-04-23,NOAA-20,SÃO ROQUE DE MINAS,MINAS GERAIS,Brasil,,,,Cerrado,33,31,3164308,8,,220_074,1.3,POINT(-46.7415 -20.20482)
1815166707,7b3abc7d-7d56-3dd2-8c3a-db95f6a87d77,-46.89026,-20.1874,2026-04-23 04:53:00+00:00,2026-04-23,NOAA-20,SÃO ROQUE DE MINAS,MINAS GERAIS,Brasil,,,,Cerrado,33,31,3164308,8,,220_074,1.7,POINT(-46.89026 -20.1874)
1815164654,b0d861e2-91df-35c6-8b51-2219f29260c2,-48.66993,-21.39653,2026-04-23 04:53:00+00:00,2026-04-23,NOAA-20,TAQUARITINGA,SÃO PAULO,Brasil,,,,Cerrado,33,35,3553708,8,,221_075,0.5,POINT(-48.66993 -21.39653)
1815166495,95f56c5b-2ba3-3631-9f8f-ab30b8161b66,-46.7987,-20.23116,2026-04-23 04:53:00+00:00,2026-04-23,NOAA-20,DELFINÓPOLIS,MINAS GERAIS,Brasil,,,,Cerrado,33,31,3121209,8,,220_074,1.5,POINT(-46.7987 -20.23116)
1815166328,8ce12305-8c44-3e6e-8dbb-dd8b599f0998,-46.79129,-20.23494,2026-04-23 04:53:00+00:00,2026-04-23,NOAA-20,DELFINÓPOLIS,MINAS GERAIS,Brasil,,,,Cerrado,33,31,3121209,8,,220_074,0.6,POINT(-46.79129 -20.23494)
1815164509,e2417d55-d50b-373f-9cd2-34b6ee9ac4c2,-48.66813,-21.05231,2026-04-23 04:53:00+00:00,2026-04-23,NOAA-20,PIRANGI,SÃO PAULO,Brasil,,,,Mata Atlântica,33,35,3539004,8,,221_075,1.6,POINT(-48.66813 -21.05231)
1815164476,c9940960-86a5-31ef-89f7-9798dcd01328,-50.51374,-29.173,2026-04-23 04:53:00+00:00,2026-04-23,NOAA-20,SÃO FRANCISCO DE PAULA,RIO GRANDE DO SUL,Brasil,,,,Mata Atlântica,33,43,4318200,8,,221_080,0.8,POINT(-50.51374 -29.173)
1815164468,f965fe7c-ad9a-3ccf-b6bd-37ff8ffda891,-50.12556,-23.32824,2026-04-23 04:53:00+00:00,2026-04-23,NOAA-20,SANTO ANTÔNIO DA PLATINA,PARANÁ,Brasil,,,,Mata Atlântica,33,41,4124103,8,,221_076,0.5,POINT(-50.12556 -23.32824)
1815166286,477b8e04-f917-3ce3-b30e-18ad71a729c8,-46.79912,-20.23583,2026-04-23 04:53:00+00:00,2026-04-23,NOAA-20,DELFINÓPOLIS,MINAS GERAIS,Brasil,,,,Cerrado,33,31,3121209,8,,220_074,1.5,POINT(-46.79912 -20.23583)
1815164473,fe77177b-e280-3d84-b622-c014552c03b4,-47.07898,-21.33209,2026-04-23 04:53:00+00:00,2026-04-23,NOAA-20,MOCOCA,SÃO PAULO,Brasil,,,,Cerrado,33,35,3530508,8,,220_075,1.7,POINT(-47.07898 -21.33209)
1815164316,b1a05423-4c55-3b00-97a3-ab98f2deb903,-46.8952,-20.18682,2026-04-23 04:53:00+00:00,2026-04-23,NOAA-20,SÃO ROQUE DE MINAS,MINAS GERAIS,Brasil,,,,Cerrado,33,31,3164308,8,,220_074,1.3,POINT(-46.8952 -20.18682)
1815166212,8e0d968c-5465-3935-92b2-cf9d386030f9,-46.94939,-20.1711,2026-04-23 04:53:00+00:00,2026-04-23,NOAA-20,SACRAMENTO,MINAS GERAIS,Brasil,,,,Cerrado,33,31,3156908,8,,220_074,2.6,POINT(-46.94939 -20.1711)
1815164424,5223d039-847e-3248-bfca-9d5180617f48,-55.50033,-18.49955,2026-04-23 04:53:00+00:00,2026-04-23,NOAA-20,CORUMBÁ,MATO GROSSO DO SUL,Brasil,,,,Pantanal,33,50,5003207,8,,226_073,1.7,POINT(-55.50033 -18.49955)
1815166144,ebd8e78d-b186-362f-9f92-b5e64da9b87a,-46.8036,-20.2353,2026-04-23 04:53:00+00:00,2026-04-23,NOAA-20,DELFINÓPOLIS,MINAS GERAIS,Brasil,,,,Cerrado,33,31,3121209,8,,220_074,1.5,POINT(-46.8036 -20.2353)
1815166136,9848c833-a600-3715-8a9c-56ba2e40737f,-46.79522,-20.22978,2026-04-23 04:53:00+00:00,2026-04-23,NOAA-20,DELFINÓPOLIS,MINAS GERAIS,Brasil,,,,Cerrado,33,31,3121209,8,,220_074,0.8,POINT(-46.79522 -20.22978)
1815164161,3f1bfd84-2175-3d30-8cda-d9b249aba35a,-55.49776,-18.50695,2026-04-23 04:53:00+00:00,2026-04-23,NOAA-20,CORUMBÁ,MATO GROSSO DO SUL,Brasil,,,,Pantanal,33,50,5003207,8,,226_073,3.3,POINT(-55.49776 -18.50695)
1815164352,f7d0edaf-83cd-391f-812c-28480e97a664,-46.95438,-20.17519,2026-04-23 04:53:00+00:00,2026-04-23,NOAA-20,DELFINÓPOLIS,MINAS GERAIS,Brasil,,,,Cerrado,33,31,3121209,8,,220_074,5.1,POINT(-46.95438 -20.17519)
1815165951,7d516d3e-2b04-387d-8bdc-b8a89a61d075,-46.88644,-20.19254,2026-04-23 04:53:00+00:00,2026-04-23,NOAA-20,SÃO ROQUE DE MINAS,MINAS GERAIS,Brasil,,,,Cerrado,33,31,3164308,8,,220_074,1.2,POINT(-46.88644 -20.19254)
1815165917,d616339a-0550-3b76-a5fe-965cdd26db2d,-46.80051,-20.2339,2026-04-23 04:53:00+00:00,2026-04-23,NOAA-20,DELFINÓPOLIS,MINAS GERAIS,Brasil,,,,Cerrado,33,31,3121209,8,,220_074,1.7,POINT(-46.80051 -20.2339)
1815165838,bbe218a5-0007-3c57-bcfa-654f59bfd62e,-51.33882,-19.68979,2026-04-23 04:53:00+00:00,2026-04-23,NOAA-20,PARANAÍBA,MATO GROSSO DO SUL,Brasil,,,,Cerrado,33,50,5006309,8,,223_074,0.8,POINT(-51.33882 -19.68979)
1815165839,8b5af5e0-2cd6-36c7-b5f5-61ca8d51817b,-52.69809,-22.96846,2026-04-23 04:53:00+00:00,2026-04-23,NOAA-20,GUAIRAÇÁ,PARANÁ,Brasil,,,,Mata Atlântica,33,41,4108908,8,,223_076,1.3,POINT(-52.69809 -22.96846)
1815164240,99357fb8-3d8c-3b7c-bc16-09faae856e40,-46.742,-20.2095,2026-04-23 04:53:00+00:00,2026-04-23,NOAA-20,SÃO ROQUE DE MINAS,MINAS GERAIS,Brasil,,,,Cerrado,33,31,3164308,8,,220_074,1.3,POINT(-46.742 -20.2095)
1815165730,860ba66b-c9e6-38d3-9242-9e821bcfc57b,-56.58895,-19.44332,2026-04-23 04:53:00+00:00,2026-04-23,NOAA-20,CORUMBÁ,MATO GROSSO DO SUL,Brasil,,,,Pantanal,33,50,5003207,8,,226_073,2.8,POINT(-56.58895 -19.44332)
1815164194,defbe710-a33d-368f-be10-3ecd0ce14864,-56.61065,-19.44681,2026-04-23 04:53:00+00:00,2026-04-23,NOAA-20,CORUMBÁ,MATO GROSSO DO SUL,Brasil,,,,Pantanal,33,50,5003207,8,,226_073,4.9,POINT(-56.61065 -19.44681)
1815168518,aad7a677-320e-3b01-8a33-5ecd138a24e1,-46.7767,-20.2413,2026-04-23 04:53:00+00:00,2026-04-23,NOAA-20,SÃO ROQUE DE MINAS,MINAS GERAIS,Brasil,,,,Cerrado,33,31,3164308,8,,220_074,0.8,POINT(-46.7767 -20.2413)
1815164084,25826514-b3bc-3150-8880-0fbdbfc1c5ef,-56.58962,-19.4468,2026-04-23 04:53:00+00:00,2026-04-23,NOAA-20,CORUMBÁ,MATO GROSSO DO SUL,Brasil,,,,Pantanal,33,50,5003207,8,,226_073,2.8,POINT(-56.58962 -19.4468)
1815168541,39e45a0c-0db1-3381-8cd9-476698fbea20,-46.90002,-20.18625,2026-04-23 04:53:00+00:00,2026-04-23,NOAA-20,SÃO ROQUE DE MINAS,MINAS GERAIS,Brasil,,,,Cerrado,33,31,3164308,8,,220_074,1.3,POINT(-46.90002 -20.18625)
1815167954,08e37823-a0bb-3d7b-8210-7f94d89be8bf,-50.20269,-27.93563,2026-04-23 04:55:00+00:00,2026-04-23,NOAA-20,LAGES,SANTA CATARINA,Brasil,,,,Mata Atlântica,33,42,4209300,8,,221_079,3.2,POINT(-50.20269 -27.93563)
1815165038,b46d8093-997b-3dd4-9ac9-84af4338c00e,-50.20396,-27.94392,2026-04-23 04:55:00+00:00,2026-04-23,NOAA-20,LAGES,SANTA CATARINA,Brasil,,,,Mata Atlântica,33,42,4209300,8,,221_079,0.8,POINT(-50.20396 -27.94392)
1815166179,6e3c2eb5-4544-3523-97f6-c66e6aff77d3,-50.53588,-27.29488,2026-04-23 04:55:00+00:00,2026-04-23,NOAA-20,CURITIBANOS,SANTA CATARINA,Brasil,,,,Mata Atlântica,33,42,4204806,8,,221_079,1.2,POINT(-50.53588 -27.29488)
1815164864,841c2a94-52a3-32b0-8ae7-fd8757daeba1,-50.20807,-27.94345,2026-04-23 04:55:00+00:00,2026-04-23,NOAA-20,LAGES,SANTA CATARINA,Brasil,,,,Mata Atlântica,33,42,4209300,8,,221_079,0.8,POINT(-50.20807 -27.94345)
1815202728,53855c5c-9c9f-34b0-b608-2c5703bc141f,-56.01633,-5.28346,2026-04-23 05:36:00+00:00,2026-04-23,NOAA-21,TRAIRÃO,PARÁ,Brasil,,,,Amazônia,33,15,1508050,8,,228_064,2.1,POINT(-56.01633 -5.28346)
1815203888,fdb1495b-d04c-359f-9335-62ec7c450c6c,-58.07833,-11.91287,2026-04-23 05:38:00+00:00,2026-04-23,NOAA-21,BRASNORTE,MATO GROSSO,Brasil,,,,Amazônia,33,51,5101902,8,,228_068,0.9,POINT(-58.07833 -11.91287)
1815203563,eb7e3ed3-ce25-3f7c-8f6e-674c2f2c9144,-58.62827,-12.86748,2026-04-23 05:38:00+00:00,2026-04-23,NOAA-21,SAPEZAL,MATO GROSSO,Brasil,,,,Cerrado,33,51,5107875,8,,228_069,0.9,POINT(-58.62827 -12.86748)
1815202622,c58015f1-bc76-3d7d-a1e5-965446751548,-57.18,-12.30599,2026-04-23 05:38:00+00:00,2026-04-23,NOAA-21,NOVA MARINGÁ,MATO GROSSO,Brasil,,,,Amazônia,33,51,5108907,8,,227_069,2.0,POINT(-57.18 -12.30599)
1815202532,81c13465-1ae3-3d89-b945-85919b15a1a2,-57.66115,-14.19531,2026-04-23 05:38:00+00:00,2026-04-23,NOAA-21,DIAMANTINO,MATO GROSSO,Brasil,,,,Amazônia,33,51,5103502,8,,228_070,2.2,POINT(-57.66115 -14.19531)
1815202305,cf03a4bb-5c5c-36a9-9e17-330a2caf94f9,-60.63333,-13.66006,2026-04-23 05:38:00+00:00,2026-04-23,NOAA-21,COMODORO,MATO GROSSO,Brasil,,,,Amazônia,33,51,5103304,8,,230_069,0.9,POINT(-60.63333 -13.66006)
1815202238,56a34f11-80e3-3b82-b43d-9ed43eadd2a9,-57.17932,-12.30686,2026-04-23 05:38:00+00:00,2026-04-23,NOAA-21,NOVA MARINGÁ,MATO GROSSO,Brasil,,,,Amazônia,33,51,5108907,8,,227_069,2.8,POINT(-57.17932 -12.30686)
1815202094,1b10a023-290e-332b-ae21-409618f3c134,-58.6298,-12.86718,2026-04-23 05:38:00+00:00,2026-04-23,NOAA-21,SAPEZAL,MATO GROSSO,Brasil,,,,Cerrado,33,51,5107875,8,,228_069,1.0,POINT(-58.6298 -12.86718)
1815201819,2c65acd3-37a5-330d-ba45-34d8c2dcf311,-57.48191,-13.71583,2026-04-23 05:38:00+00:00,2026-04-23,NOAA-21,CAMPO NOVO DO PARECIS,MATO GROSSO,Brasil,,,,Cerrado,33,51,5102637,8,,227_070,1.2,POINT(-57.48191 -13.71583)
1815201683,f69a4b2f-7008-3524-ae75-e1f74d2d052b,-58.07375,-11.91347,2026-04-23 05:38:00+00:00,2026-04-23,NOAA-21,BRASNORTE,MATO GROSSO,Brasil,,,,Amazônia,33,51,5101902,8,,228_068,0.9,POINT(-58.07375 -11.91347)
1815202729,ec46801f-ef4b-3826-b78e-3b946ddc3164,-54.92022,-16.4275,2026-04-23 05:40:00+00:00,2026-04-23,NOAA-21,RONDONÓPOLIS,MATO GROSSO,Brasil,,,,Cerrado,33,51,5107602,8,,225_071,6.4,POINT(-54.92022 -16.4275)
1815203658,d293242f-142c-306e-8568-2717a349b658,-54.91608,-16.42792,2026-04-23 05:40:00+00:00,2026-04-23,NOAA-21,RONDONÓPOLIS,MATO GROSSO,Brasil,,,,Cerrado,33,51,5107602,8,,225_071,4.4,POINT(-54.91608 -16.42792)
1815203790,514ee689-e487-3b78-88ff-8f9cbcbd2d3f,-56.58797,-19.44626,2026-04-23 05:40:00+00:00,2026-04-23,NOAA-21,CORUMBÁ,MATO GROSSO DO SUL,Brasil,,,,Pantanal,33,50,5003207,8,,226_073,1.5,POINT(-56.58797 -19.44626)
1815203189,ebc981e6-70c0-3b9a-98e8-32b849dfbe26,-52.8837,-18.27911,2026-04-23 05:40:00+00:00,2026-04-23,NOAA-21,MINEIROS,GOIÁS,Brasil,,,,Cerrado,33,52,5213103,8,,224_073,1.7,POINT(-52.8837 -18.27911)
1815203074,a4895e70-ffbe-30ac-802c-c92c0190a38b,-55.49896,-18.50455,2026-04-23 05:40:00+00:00,2026-04-23,NOAA-21,CORUMBÁ,MATO GROSSO DO SUL,Brasil,,,,Pantanal,33,50,5003207,8,,226_073,1.1,POINT(-55.49896 -18.50455)
1815202937,cebf57b8-e135-3426-b473-af1cdacc45f6,-52.8851,-18.27741,2026-04-23 05:40:00+00:00,2026-04-23,NOAA-21,MINEIROS,GOIÁS,Brasil,,,,Cerrado,33,52,5213103,8,,224_073,1.0,POINT(-52.8851 -18.27741)
1815202902,74b7d146-c134-3e68-83de-d32ea9ec3aff,-54.54987,-18.41442,2026-04-23 05:40:00+00:00,2026-04-23,NOAA-21,COXIM,MATO GROSSO DO SUL,Brasil,,,,Cerrado,33,50,5003306,8,,225_073,1.4,POINT(-54.54987 -18.41442)
1815202615,506c58c4-a5c7-3c1c-97d8-a5722fefd9c2,-54.91673,-16.43384,2026-04-23 05:40:00+00:00,2026-04-23,NOAA-21,RONDONÓPOLIS,MATO GROSSO,Brasil,,,,Cerrado,33,51,5107602,8,,225_071,1.0,POINT(-54.91673 -16.43384)
1815202557,c29e36c1-0250-31e8-8033-7df92d648108,-56.61124,-19.44953,2026-04-23 05:40:00+00:00,2026-04-23,NOAA-21,CORUMBÁ,MATO GROSSO DO SUL,Brasil,,,,Pantanal,33,50,5003207,8,,226_073,2.4,POINT(-56.61124 -19.44953)
1815202277,2f5d5d69-3cda-327d-9ae3-ecc5ab1f3785,-56.61058,-19.44403,2026-04-23 05:40:00+00:00,2026-04-23,NOAA-21,CORUMBÁ,MATO GROSSO DO SUL,Brasil,,,,Pantanal,33,50,5003207,8,,226_073,2.4,POINT(-56.61058 -19.44403)
1815202146,e63e4076-ae8b-321c-a52d-d0179d0b8b07,-52.88607,-18.28419,2026-04-23 05:40:00+00:00,2026-04-23,NOAA-21,MINEIROS,GOIÁS,Brasil,,,,Cerrado,33,52,5213103,8,,224_073,1.9,POINT(-52.88607 -18.28419)
1815201916,f21fe76f-76fb-3930-8b4a-9cd2b1c9e28e,-52.88914,-18.2718,2026-04-23 05:40:00+00:00,2026-04-23,NOAA-21,MINEIROS,GOIÁS,Brasil,,,,Cerrado,33,52,5213103,8,,224_073,0.6,POINT(-52.88914 -18.2718)
1815201857,0ef7c408-3059-3619-9f1b-8c32d4c06274,-59.83902,-14.83023,2026-04-23 05:40:00+00:00,2026-04-23,NOAA-21,VILA BELA DA SANTÍSSIMA TRINDADE,MATO GROSSO,Brasil,,,,Amazônia,33,51,5105507,8,,229_070,0.7,POINT(-59.83902 -14.83023)
1815201679,9bdadc8e-1be2-315d-9efe-4a470b665814,-54.54512,-18.41488,2026-04-23 05:40:00+00:00,2026-04-23,NOAA-21,COXIM,MATO GROSSO DO SUL,Brasil,,,,Cerrado,33,50,5003306,8,,225_073,1.4,POINT(-54.54512 -18.41488)
1815201621,d7bd8d06-d63a-3d2e-bf9f-b5c70e25c6c6,-52.88468,-18.28589,2026-04-23 05:40:00+00:00,2026-04-23,NOAA-21,MINEIROS,GOIÁS,Brasil,,,,Cerrado,33,52,5213103,8,,224_073,1.7,POINT(-52.88468 -18.28589)
1815201591,450c5901-5a67-329b-b666-8fc54bc88272,-55.49966,-18.51038,2026-04-23 05:40:00+00:00,2026-04-23,NOAA-21,CORUMBÁ,MATO GROSSO DO SUL,Brasil,,,,Pantanal,33,50,5003207,8,,226_073,1.1,POINT(-55.49966 -18.51038)
1815201387,d2eb85fd-d0e7-3fc6-8e09-a589cc4066ee,-56.58733,-19.44075,2026-04-23 05:40:00+00:00,2026-04-23,NOAA-21,CORUMBÁ,MATO GROSSO DO SUL,Brasil,,,,Pantanal,33,50,5003207,8,,226_073,1.3,POINT(-56.58733 -19.44075)
1815199228,404633ac-05d2-34f9-8648-da4a052e3f8b,-43.64357,-11.7642,2026-04-23 06:18:00+00:00,2026-04-23,AQUA_M-M,BARRA,BAHIA,Brasil,,,,Cerrado,33,29,2902708,8,,219_068,18.5,POINT(-43.64357 -11.7642)
1815195711,958f9245-27d4-3d60-8d22-59ec11e44314,-44.61709,-12.28156,2026-04-23 06:18:00+00:00,2026-04-23,AQUA_M-M,CATOLÂNDIA,BAHIA,Brasil,,,,Cerrado,33,29,2907400,8,,219_069,8.2,POINT(-44.61709 -12.28156)
1815195283,f5d25898-aa69-379a-9d39-fd3be1402492,-45.31697,-13.37965,2026-04-23 06:18:00+00:00,2026-04-23,AQUA_M-M,CORRENTINA,BAHIA,Brasil,,,,Cerrado,33,29,2909307,8,,220_069,6.5,POINT(-45.31697 -13.37965)
1815195070,a3b50e91-5b3e-3ea2-bdf7-258c5a06f3ee,-43.65701,-11.78174,2026-04-23 06:18:00+00:00,2026-04-23,AQUA_M-M,BARRA,BAHIA,Brasil,,,,Cerrado,33,29,2902708,8,,219_068,9.2,POINT(-43.65701 -11.78174)
1815194509,5185b97c-1213-37fb-99b4-d2377a21c943,-43.65559,-11.77223,2026-04-23 06:18:00+00:00,2026-04-23,AQUA_M-M,BARRA,BAHIA,Brasil,,,,Cerrado,33,29,2902708,8,,219_068,17.4,POINT(-43.65559 -11.77223)
1815193796,e52df673-e384-3acb-95fc-245c7ec3cf81,-43.61436,-11.78776,2026-04-23 06:18:00+00:00,2026-04-23,AQUA_M-M,BARRA,BAHIA,Brasil,,,,Cerrado,33,29,2902708,8,,219_068,31.3,POINT(-43.61436 -11.78776)
1815193150,badebdc4-638b-35b2-8188-d7b15d3d9b9f,-43.62502,-11.78626,2026-04-23 06:18:00+00:00,2026-04-23,AQUA_M-M,BARRA,BAHIA,Brasil,,,,Cerrado,33,29,2902708,8,,219_068,14.1,POINT(-43.62502 -11.78626)
1815191352,c70cb44e-622d-382a-aa5e-2a20b5ec61df,-43.66764,-11.78024,2026-04-23 06:18:00+00:00,2026-04-23,AQUA_M-M,BARRA,BAHIA,Brasil,,,,Cerrado,33,29,2902708,8,,219_068,4.3,POINT(-43.66764 -11.78024)
1815190095,fc39a938-5462-3a72-bb04-4697fddcab2c,-43.64497,-11.77372,2026-04-23 06:18:00+00:00,2026-04-23,AQUA_M-M,BARRA,BAHIA,Brasil,,,,Cerrado,33,29,2902708,8,,219_068,11.3,POINT(-43.64497 -11.77372)
1815170691,f665e25b-1634-348f-9586-95545abced5b,-43.61438,-11.78776,2026-04-23 06:18:00+00:00,2026-04-23,AQUA_M-M,BARRA,BAHIA,Brasil,,,,Cerrado,33,29,2902708,8,,219_068,31.3,POINT(-43.61438 -11.78776)
1815168661,3b151f5e-1a13-3e85-809c-39e24e899dea,-43.62503,-11.78626,2026-04-23 06:18:00+00:00,2026-04-23,AQUA_M-M,BARRA,BAHIA,Brasil,,,,Cerrado,33,29,2902708,8,,219_068,14.1,POINT(-43.62503 -11.78626)
1815177569,26e9d27d-ea84-3f9a-a6e1-781ef2125849,-43.64498,-11.77372,2026-04-23 06:18:00+00:00,2026-04-23,AQUA_M-M,BARRA,BAHIA,Brasil,,,,Cerrado,33,29,2902708,8,,219_068,11.3,POINT(-43.64498 -11.77372)
1815177149,d412560d-8fb5-3c87-9a36-55b6eba44437,-43.65561,-11.77223,2026-04-23 06:18:00+00:00,2026-04-23,AQUA_M-M,BARRA,BAHIA,Brasil,,,,Cerrado,33,29,2902708,8,,219_068,17.4,POINT(-43.65561 -11.77223)
1815177438,a77b45b7-2110-3f99-bc03-2ab27f4e8d7b,-45.31698,-13.37965,2026-04-23 06:18:00+00:00,2026-04-23,AQUA_M-M,CORRENTINA,BAHIA,Brasil,,,,Cerrado,33,29,2909307,8,,220_069,6.5,POINT(-45.31698 -13.37965)
1815172799,be8ec845-5e46-37e2-9afd-40adbd072b43,-43.65702,-11.78174,2026-04-23 06:18:00+00:00,2026-04-23,AQUA_M-M,BARRA,BAHIA,Brasil,,,,Cerrado,33,29,2902708,8,,219_068,9.2,POINT(-43.65702 -11.78174)
1815175735,fa4df6b2-3323-3898-8dcd-c56b0f15be2b,-43.64359,-11.7642,2026-04-23 06:18:00+00:00,2026-04-23,AQUA_M-M,BARRA,BAHIA,Brasil,,,,Cerrado,33,29,2902708,8,,219_068,18.5,POINT(-43.64359 -11.7642)
1815174608,9242a6ff-a172-3bd0-a8f6-bc09ae2ea53c,-44.6171,-12.28156,2026-04-23 06:18:00+00:00,2026-04-23,AQUA_M-M,CATOLÂNDIA,BAHIA,Brasil,,,,Cerrado,33,29,2907400,8,,219_069,8.2,POINT(-44.6171 -12.28156)
1815171035,f5a09a08-8b9b-3507-89d3-fd69f9e206fe,-43.66766,-11.78024,2026-04-23 06:18:00+00:00,2026-04-23,AQUA_M-M,BARRA,BAHIA,Brasil,,,,Cerrado,33,29,2902708,8,,219_068,4.3,POINT(-43.66766 -11.78024)
1815171051,3a6cdaa3-272e-3beb-a65f-367956e404d3,-46.90143,-20.20019,2026-04-23 06:20:00+00:00,2026-04-23,AQUA_M-M,DELFINÓPOLIS,MINAS GERAIS,Brasil,,,,Cerrado,33,31,3121209,8,,220_074,10.5,POINT(-46.90143 -20.20019)
1815169013,4a0782b8-d74c-3faf-8163-71fffff3ac82,-46.79768,-20.23349,2026-04-23 06:20:00+00:00,2026-04-23,AQUA_M-M,DELFINÓPOLIS,MINAS GERAIS,Brasil,,,,Cerrado,33,31,3121209,8,,220_074,5.6,POINT(-46.79768 -20.23349)
1815182742,957c2477-3883-3c3a-b0aa-835a8616f584,-46.79766,-20.2335,2026-04-23 06:20:00+00:00,2026-04-23,AQUA_M-M,DELFINÓPOLIS,MINAS GERAIS,Brasil,,,,Cerrado,33,31,3121209,8,,220_074,5.6,POINT(-46.79766 -20.2335)
1815182081,de2450dd-f282-3aca-af73-71d25b64da60,-46.88909,-20.18365,2026-04-23 06:20:00+00:00,2026-04-23,AQUA_M-M,SÃO ROQUE DE MINAS,MINAS GERAIS,Brasil,,,,Cerrado,33,31,3164308,8,,220_074,5.8,POINT(-46.88909 -20.18365)
1815182019,f0cbba66-796e-3b27-9ef9-f0890d111ea6,-46.90141,-20.2002,2026-04-23 06:20:00+00:00,2026-04-23,AQUA_M-M,DELFINÓPOLIS,MINAS GERAIS,Brasil,,,,Cerrado,33,31,3121209,8,,220_074,10.5,POINT(-46.90141 -20.2002)
1815175916,6c1d6d7d-c05e-3f5d-9c3e-1408b8c365b8,-46.8891,-20.18365,2026-04-23 06:20:00+00:00,2026-04-23,AQUA_M-M,SÃO ROQUE DE MINAS,MINAS GERAIS,Brasil,,,,Cerrado,33,31,3164308,8,,220_074,5.8,POINT(-46.8891 -20.18365)
1815227637,813cef3b-95cd-32f5-bd17-a9d50f168cc6,-39.00922,-15.62455,2026-04-23 11:04:00+00:00,2026-04-23,TERRA_M-M,CANAVIEIRAS,BAHIA,Brasil,,,,Mata Atlântica,33,29,2906303,8,,215_071,14.9,POINT(-39.00922 -15.62455)
1815227010,4352f1db-bfde-3f84-987a-3ad476f61808,-39.0092,-15.62456,2026-04-23 11:04:00+00:00,2026-04-23,TERRA_M-M,CANAVIEIRAS,BAHIA,Brasil,,,,Mata Atlântica,33,29,2906303,8,,215_071,14.9,POINT(-39.0092 -15.62456)
1815203910,f543248e-6627-3751-b835-68b65cfa8b09,-45.3243,-13.3761,2026-04-23 11:20:00+00:00,2026-04-23,GOES-19,CORRENTINA,BAHIA,Brasil,,,,Cerrado,33,29,2909307,8,,220_069,97.0,POINT(-45.3243 -13.3761)
1815204447,cd61b620-e58c-3145-8ea4-a28f078fa458,-45.3243,-13.3761,2026-04-23 11:40:00+00:00,2026-04-23,GOES-19,CORRENTINA,BAHIA,Brasil,,,,Cerrado,33,29,2909307,8,,220_069,88.6,POINT(-45.3243 -13.3761)
1815222866,b77cb32a-8393-3bdb-81f1-df3fc573a241,-45.3243,-13.3761,2026-04-23 11:50:00+00:00,2026-04-23,GOES-19,CORRENTINA,BAHIA,Brasil,,,,Cerrado,33,29,2909307,8,,220_069,104.1,POINT(-45.3243 -13.3761)
1815225042,7acbd4ce-b360-3da6-bdee-3e8aa8107350,-45.3243,-13.3761,2026-04-23 12:00:00+00:00,2026-04-23,GOES-19,CORRENTINA,BAHIA,Brasil,,,,Cerrado,33,29,2909307,8,,220_069,85.2,POINT(-45.3243 -13.3761)
1815225043,05588f9a-c5b7-359d-894b-188e9fce3c34,-45.3243,-13.3761,2026-04-23 12:10:00+00:00,2026-04-23,GOES-19,CORRENTINA,BAHIA,Brasil,,,,Cerrado,33,29,2909307,8,,220_069,113.2,POINT(-45.3243 -13.3761)
1815225044,50bc45f0-5684-3f70-8998-cb15cb3b4b21,-45.3243,-13.3761,2026-04-23 12:20:00+00:00,2026-04-23,GOES-19,CORRENTINA,BAHIA,Brasil,,,,Cerrado,33,29,2909307,8,,220_069,88.8,POINT(-45.3243 -13.3761)
1815225045,f798ad65-6d86-3627-abcf-d5dcd6ccb054,-45.3243,-13.3761,2026-04-23 12:30:00+00:00,2026-04-23,GOES-19,CORRENTINA,BAHIA,Brasil,,,,Cerrado,33,29,2909307,8,,220_069,101.5,POINT(-45.3243 -13.3761)
1815228626,e73beee0-9c6c-35ff-a5ce-13ce3c3f164a,-43.643,-11.772,2026-04-23 12:40:00+00:00,2026-04-23,GOES-19,BARRA,BAHIA,Brasil,,,,Cerrado,33,29,2902708,8,,219_068,97.6,POINT(-43.643 -11.772)
1815228231,a5647598-8cae-3f83-8486-c463a814689d,-45.3243,-13.3761,2026-04-23 12:40:00+00:00,2026-04-23,GOES-19,CORRENTINA,BAHIA,Brasil,,,,Cerrado,33,29,2909307,8,,220_069,91.9,POINT(-45.3243 -13.3761)
1815232057,25a5828f-ab95-32ca-bfff-e45326ebf4d9,-57.42246,-14.20568,2026-04-23 12:42:00+00:00,2026-04-23,TERRA_M-T,NOVA MARILÂNDIA,MATO GROSSO,Brasil,,,,Amazônia,33,51,5108857,8,,227_070,36.9,POINT(-57.42246 -14.20568)
1815231921,960bdd5d-1b79-3a66-99db-3a58a054e23c,-53.66052,-13.17317,2026-04-23 12:42:00+00:00,2026-04-23,TERRA_M-T,GAÚCHA DO NORTE,MATO GROSSO,Brasil,,,,Amazônia,33,51,5103858,8,,225_069,12.9,POINT(-53.66052 -13.17317)
1815231696,7396abbb-1f6c-3df6-911f-b4760b37c1ca,-57.43228,-14.20436,2026-04-23 12:42:00+00:00,2026-04-23,TERRA_M-T,NOVA MARILÂNDIA,MATO GROSSO,Brasil,,,,Amazônia,33,51,5108857,8,,227_070,18.9,POINT(-57.43228 -14.20436)
1815230408,57b6dbdc-a295-3f64-ad08-3c65b2282c57,-57.42244,-14.20568,2026-04-23 12:42:00+00:00,2026-04-23,TERRA_M-T,NOVA MARILÂNDIA,MATO GROSSO,Brasil,,,,Amazônia,33,51,5108857,8,,227_070,36.9,POINT(-57.42244 -14.20568)
1815229930,214e55c0-e1db-3916-a2a3-b0395eaca237,-57.43226,-14.20436,2026-04-23 12:42:00+00:00,2026-04-23,TERRA_M-T,NOVA MARILÂNDIA,MATO GROSSO,Brasil,,,,Amazônia,33,51,5108857,8,,227_070,18.9,POINT(-57.43226 -14.20436)
1815229916,b5fbce54-35a2-310e-9eb8-1585269dbe1c,-53.6605,-13.17317,2026-04-23 12:42:00+00:00,2026-04-23,TERRA_M-T,GAÚCHA DO NORTE,MATO GROSSO,Brasil,,,,Amazônia,33,51,5103858,8,,225_069,12.9,POINT(-53.6605 -13.17317)
1815232005,1b2f332b-be54-3607-8077-56fa40694532,-52.88562,-18.27911,2026-04-23 12:44:00+00:00,2026-04-23,TERRA_M-T,MINEIROS,GOIÁS,Brasil,,,,Cerrado,33,52,5213103,8,,224_073,41.3,POINT(-52.88562 -18.27911)
1815231178,031bb938-353c-30bf-bde6-11df92f63b3b,-51.34496,-19.68853,2026-04-23 12:44:00+00:00,2026-04-23,TERRA_M-T,PARANAÍBA,MATO GROSSO DO SUL,Brasil,,,,Cerrado,33,50,5006309,8,,223_074,30.8,POINT(-51.34496 -19.68853)
1815232152,1015b1ab-c5ae-30e6-8bc4-efa6600bbca3,-51.35027,-19.68541,2026-04-23 12:44:00+00:00,2026-04-23,TERRA_M-T,PARANAÍBA,MATO GROSSO DO SUL,Brasil,,,,Cerrado,33,50,5006309,8,,223_074,24.2,POINT(-51.35027 -19.68541)
1815232065,00b49fc2-af52-38eb-ae3e-d0486ef9ba98,-51.34497,-19.68853,2026-04-23 12:44:00+00:00,2026-04-23,TERRA_M-T,PARANAÍBA,MATO GROSSO DO SUL,Brasil,,,,Cerrado,33,50,5006309,8,,223_074,30.8,POINT(-51.34497 -19.68853)
1815232009,f029eea1-a711-32ee-8ad0-7a5054ceb944,-54.92293,-16.42709,2026-04-23 12:44:00+00:00,2026-04-23,TERRA_M-T,RONDONÓPOLIS,MATO GROSSO,Brasil,,,,Cerrado,33,51,5107602,8,,225_071,11.8,POINT(-54.92293 -16.42709)
1815231954,d3de28c5-f820-35a9-879c-9d646cc475cc,-54.92292,-16.42709,2026-04-23 12:44:00+00:00,2026-04-23,TERRA_M-T,RONDONÓPOLIS,MATO GROSSO,Brasil,,,,Cerrado,33,51,5107602,8,,225_071,11.8,POINT(-54.92292 -16.42709)
1815231940,2f92e06e-b078-38c6-83b0-69413ce5c26d,-52.88729,-18.29246,2026-04-23 12:44:00+00:00,2026-04-23,TERRA_M-T,MINEIROS,GOIÁS,Brasil,,,,Cerrado,33,52,5213103,8,,224_073,28.0,POINT(-52.88729 -18.29246)
1815231747,97414b80-9c19-39cd-86ea-63074ead4983,-52.89231,-18.28827,2026-04-23 12:44:00+00:00,2026-04-23,TERRA_M-T,MINEIROS,GOIÁS,Brasil,,,,Cerrado,33,52,5213103,8,,224_073,29.5,POINT(-52.89231 -18.28827)
1815231488,bc256917-153d-30f2-b848-4374cbd5968b,-54.91715,-16.42618,2026-04-23 12:44:00+00:00,2026-04-23,TERRA_M-T,RONDONÓPOLIS,MATO GROSSO,Brasil,,,,Cerrado,33,51,5107602,8,,225_071,14.7,POINT(-54.91715 -16.42618)
1815231177,fe136bc2-97d4-367d-a78b-e8ca8d682258,-52.89229,-18.28827,2026-04-23 12:44:00+00:00,2026-04-23,TERRA_M-T,MINEIROS,GOIÁS,Brasil,,,,Cerrado,33,52,5213103,8,,224_073,29.5,POINT(-52.89229 -18.28827)
1815231029,040b47a0-a6bc-33f1-a5e1-cc98304e5ee5,-51.35028,-19.68541,2026-04-23 12:44:00+00:00,2026-04-23,TERRA_M-T,PARANAÍBA,MATO GROSSO DO SUL,Brasil,,,,Cerrado,33,50,5006309,8,,223_074,24.2,POINT(-51.35028 -19.68541)
1815230636,66471d14-92ec-3388-b7f1-cb22f5188762,-54.90962,-16.43989,2026-04-23 12:44:00+00:00,2026-04-23,TERRA_M-T,RONDONÓPOLIS,MATO GROSSO,Brasil,,,,Cerrado,33,51,5107602,8,,225_071,9.7,POINT(-54.90962 -16.43989)
1815230538,21cdddd1-b1f2-30e6-991d-779caded483e,-54.91717,-16.42618,2026-04-23 12:44:00+00:00,2026-04-23,TERRA_M-T,RONDONÓPOLIS,MATO GROSSO,Brasil,,,,Cerrado,33,51,5107602,8,,225_071,14.7,POINT(-54.91717 -16.42618)
1815230000,e756bd2a-f790-3216-9378-264633881582,-52.8856,-18.27912,2026-04-23 12:44:00+00:00,2026-04-23,TERRA_M-T,MINEIROS,GOIÁS,Brasil,,,,Cerrado,33,52,5213103,8,,224_073,41.3,POINT(-52.8856 -18.27912)
1815230046,58549ab1-ecc2-3839-ac53-085bf3d46d3e,-52.88728,-18.29246,2026-04-23 12:44:00+00:00,2026-04-23,TERRA_M-T,MINEIROS,GOIÁS,Brasil,,,,Cerrado,33,52,5213103,8,,224_073,28.0,POINT(-52.88728 -18.29246)
1815232003,3fda4cc2-e49a-313a-8428-383bf33966cf,-54.90963,-16.43989,2026-04-23 12:44:00+00:00,2026-04-23,TERRA_M-T,RONDONÓPOLIS,MATO GROSSO,Brasil,,,,Cerrado,33,51,5107602,8,,225_071,9.7,POINT(-54.90963 -16.43989)
1815225983,40143b10-38ed-3af6-b9ca-7fa18522b286,-43.643,-11.772,2026-04-23 12:50:00+00:00,2026-04-23,GOES-19,BARRA,BAHIA,Brasil,,,,Cerrado,33,29,2902708,8,,219_068,89.6,POINT(-43.643 -11.772)
1815229009,9521702d-8627-33f9-9a2e-f1ff4881d5e8,-45.3243,-13.3761,2026-04-23 12:50:00+00:00,2026-04-23,GOES-19,CORRENTINA,BAHIA,Brasil,,,,Cerrado,33,29,2909307,8,,220_069,101.6,POINT(-45.3243 -13.3761)
1815229231,2a1b0a88-9360-3308-bbec-7ff916128d4a,-43.643,-11.772,2026-04-23 13:00:00+00:00,2026-04-23,GOES-19,BARRA,BAHIA,Brasil,,,,Cerrado,33,29,2902708,8,,219_068,107.4,POINT(-43.643 -11.772)
1815229230,406ef035-40e0-348a-94d5-87202e21cde6,-45.3243,-13.3761,2026-04-23 13:00:00+00:00,2026-04-23,GOES-19,CORRENTINA,BAHIA,Brasil,,,,Cerrado,33,29,2909307,8,,220_069,101.4,POINT(-45.3243 -13.3761)
1815229233,4a2ee1c4-a7c6-3d1a-9e61-28248c6de8f2,-45.3243,-13.3761,2026-04-23 13:10:00+00:00,2026-04-23,GOES-19,CORRENTINA,BAHIA,Brasil,,,,Cerrado,33,29,2909307,8,,220_069,77.0,POINT(-45.3243 -13.3761)
1815229232,e9e92a9f-1fa5-3de0-8f90-8a0f9072e5be,-43.643,-11.772,2026-04-23 13:10:00+00:00,2026-04-23,GOES-19,BARRA,BAHIA,Brasil,,,,Cerrado,33,29,2902708,8,,219_068,105.1,POINT(-43.643 -11.772)
1815229237,18fb9e47-bec4-3aa5-aeb0-5c80050c3b10,-43.643,-11.772,2026-04-23 13:20:00+00:00,2026-04-23,GOES-19,BARRA,BAHIA,Brasil,,,,Cerrado,33,29,2902708,8,,219_068,117.3,POINT(-43.643 -11.772)
1815229235,6b54586e-ef2f-3514-a675-1b73f9f8b9b3,-45.3243,-13.3761,2026-04-23 13:20:00+00:00,2026-04-23,GOES-19,CORRENTINA,BAHIA,Brasil,,,,Cerrado,33,29,2909307,8,,220_069,89.0,POINT(-45.3243 -13.3761)
1815229234,5fb286f0-c036-312e-896c-bac22126a92e,-44.1807,-12.2421,2026-04-23 13:20:00+00:00,2026-04-23,GOES-19,CRISTÓPOLIS,BAHIA,Brasil,,,,Cerrado,33,29,2909703,8,,219_068,74.3,POINT(-44.1807 -12.2421)
1815229241,48a3ddca-4252-37c7-a73d-d2aa7a9c37fb,-44.1807,-12.2421,2026-04-23 13:30:00+00:00,2026-04-23,GOES-19,CRISTÓPOLIS,BAHIA,Brasil,,,,Cerrado,33,29,2909703,8,,219_068,79.3,POINT(-44.1807 -12.2421)
1815229238,4c955db4-b2ba-3392-ba0a-fec5967739bf,-45.3243,-13.3761,2026-04-23 13:30:00+00:00,2026-04-23,GOES-19,CORRENTINA,BAHIA,Brasil,,,,Cerrado,33,29,2909307,8,,220_069,93.4,POINT(-45.3243 -13.3761)
1815229240,2f0aec46-2057-3e1c-a29a-2eba17ec9bac,-45.2103,-12.0502,2026-04-23 13:30:00+00:00,2026-04-23,GOES-19,BARREIRAS,BAHIA,Brasil,,,,Cerrado,33,29,2903201,8,,220_068,74.8,POINT(-45.2103 -12.0502)
1815229239,af6db2a3-ba0a-3d1b-942c-f3c2f58ab132,-43.643,-11.772,2026-04-23 13:30:00+00:00,2026-04-23,GOES-19,BARRA,BAHIA,Brasil,,,,Cerrado,33,29,2902708,8,,219_068,109.6,POINT(-43.643 -11.772)
1815229244,37bc7efd-0aa2-3f09-bdbe-507c41e82967,-43.643,-11.772,2026-04-23 13:40:00+00:00,2026-04-23,GOES-19,BARRA,BAHIA,Brasil,,,,Cerrado,33,29,2902708,8,,219_068,102.4,POINT(-43.643 -11.772)
1815229243,d435a9a8-bbab-3b9e-bd41-13f0f8f2c47e,-45.2103,-12.0502,2026-04-23 13:40:00+00:00,2026-04-23,GOES-19,BARREIRAS,BAHIA,Brasil,,,,Cerrado,33,29,2903201,8,,220_068,72.7,POINT(-45.2103 -12.0502)
1815229245,3926c951-b7f0-37bb-923d-751e97e466d8,-45.3243,-13.3761,2026-04-23 13:40:00+00:00,2026-04-23,GOES-19,CORRENTINA,BAHIA,Brasil,,,,Cerrado,33,29,2909307,8,,220_069,76.9,POINT(-45.3243 -13.3761)
1815230099,fdbec9ce-ef74-327e-b66d-f02a22fcac18,-43.646,-11.7528,2026-04-23 13:50:00+00:00,2026-04-23,GOES-19,BARRA,BAHIA,Brasil,,,,Cerrado,33,29,2902708,8,,219_068,77.3,POINT(-43.646 -11.7528)
1815230196,e5be2c77-2191-3799-a8ff-613de7f5838f,-45.2103,-12.0502,2026-04-23 13:50:00+00:00,2026-04-23,GOES-19,BARREIRAS,BAHIA,Brasil,,,,Cerrado,33,29,2903201,8,,220_068,75.5,POINT(-45.2103 -12.0502)
1815232138,a863155d-a4c5-30d2-b965-ced8822626c3,-43.643,-11.772,2026-04-23 13:50:00+00:00,2026-04-23,GOES-19,BARRA,BAHIA,Brasil,,,,Cerrado,33,29,2902708,8,,219_068,116.6,POINT(-43.643 -11.772)
1815230605,ae0dc015-5033-3e02-9bdd-804059eed9df,-45.3243,-13.3761,2026-04-23 13:50:00+00:00,2026-04-23,GOES-19,CORRENTINA,BAHIA,Brasil,,,,Cerrado,33,29,2909307,8,,220_069,83.8,POINT(-45.3243 -13.3761)
1815234790,dbba7374-428d-3793-b530-0fe26025f0ec,-43.643,-11.772,2026-04-23 14:00:00+00:00,2026-04-23,GOES-19,BARRA,BAHIA,Brasil,,,,Cerrado,33,29,2902708,8,,219_068,123.8,POINT(-43.643 -11.772)
1815233367,9011b2fb-b43a-31d3-b9b2-68f55cf925d4,-45.3243,-13.3761,2026-04-23 14:00:00+00:00,2026-04-23,GOES-19,CORRENTINA,BAHIA,Brasil,,,,Cerrado,33,29,2909307,8,,220_069,71.2,POINT(-45.3243 -13.3761)
1815234828,0ddd2fd7-29fb-3d65-b66a-959c7c5ef70a,-43.643,-11.772,2026-04-23 14:10:00+00:00,2026-04-23,GOES-19,BARRA,BAHIA,Brasil,,,,Cerrado,33,29,2902708,8,,219_068,116.5,POINT(-43.643 -11.772)
1815234831,279b272b-7f71-3dbd-9c85-ce8349e767ff,-43.646,-11.7528,2026-04-23 14:10:00+00:00,2026-04-23,GOES-19,BARRA,BAHIA,Brasil,,,,Cerrado,33,29,2902708,8,,219_068,84.7,POINT(-43.646 -11.7528)
1815234829,1c5cd531-db61-339b-913c-63e023713d87,-45.2103,-12.0502,2026-04-23 14:10:00+00:00,2026-04-23,GOES-19,BARREIRAS,BAHIA,Brasil,,,,Cerrado,33,29,2903201,8,,220_068,67.9,POINT(-45.2103 -12.0502)
1815234839,9a1f68c5-59de-3fd1-a0cb-7e64306a5c2e,-45.2103,-12.0502,2026-04-23 14:20:00+00:00,2026-04-23,GOES-19,BARREIRAS,BAHIA,Brasil,,,,Cerrado,33,29,2903201,8,,220_068,70.6,POINT(-45.2103 -12.0502)
1815234840,afd72af2-75c5-3309-a559-5aa10ff74e5b,-43.646,-11.7528,2026-04-23 14:20:00+00:00,2026-04-23,GOES-19,BARRA,BAHIA,Brasil,,,,Cerrado,33,29,2902708,8,,219_068,82.8,POINT(-43.646 -11.7528)
1815234848,4bec4be4-44b0-322e-9b6b-5f2a16d1af38,-43.643,-11.772,2026-04-23 14:20:00+00:00,2026-04-23,GOES-19,BARRA,BAHIA,Brasil,,,,Cerrado,33,29,2902708,8,,219_068,137.9,POINT(-43.643 -11.772)
1815234844,daec995a-5cb5-3a31-ad31-bde6b2c4f8cb,-46.759,-20.2068,2026-04-23 14:20:00+00:00,2026-04-23,GOES-19,SÃO ROQUE DE MINAS,MINAS GERAIS,Brasil,,,,Cerrado,33,31,3164308,8,,220_074,82.5,POINT(-46.759 -20.2068)
1815234858,731100f3-7f86-33f3-a396-20ce5af4f60a,-43.643,-11.772,2026-04-23 14:30:00+00:00,2026-04-23,GOES-19,BARRA,BAHIA,Brasil,,,,Cerrado,33,29,2902708,8,,219_068,118.8,POINT(-43.643 -11.772)
1815234853,7050d8bb-8e71-36a8-a70d-e24ed90066e1,-45.2103,-12.0502,2026-04-23 14:30:00+00:00,2026-04-23,GOES-19,BARREIRAS,BAHIA,Brasil,,,,Cerrado,33,29,2903201,8,,220_068,88.7,POINT(-45.2103 -12.0502)
1815234852,c7392e68-47a4-3fb2-8540-9b315eee7479,-43.646,-11.7528,2026-04-23 14:30:00+00:00,2026-04-23,GOES-19,BARRA,BAHIA,Brasil,,,,Cerrado,33,29,2902708,8,,219_068,91.1,POINT(-43.646 -11.7528)
1815234868,54fe1484-ad84-3844-bb9c-9c5808e7afa1,-43.646,-11.7528,2026-04-23 14:40:00+00:00,2026-04-23,GOES-19,BARRA,BAHIA,Brasil,,,,Cerrado,33,29,2902708,8,,219_068,99.6,POINT(-43.646 -11.7528)
1815234864,359be290-a4c3-319f-8d99-ac414eb4c58f,-45.2103,-12.0502,2026-04-23 14:40:00+00:00,2026-04-23,GOES-19,BARREIRAS,BAHIA,Brasil,,,,Cerrado,33,29,2903201,8,,220_068,97.9,POINT(-45.2103 -12.0502)
1815234872,1c5d59d3-4d99-32d2-ad00-c6150cd5a634,-43.643,-11.772,2026-04-23 14:40:00+00:00,2026-04-23,GOES-19,BARRA,BAHIA,Brasil,,,,Cerrado,33,29,2902708,8,,219_068,138.7,POINT(-43.643 -11.772)
1815237169,14bd1468-c972-3b9d-99d6-1bd2c67897f8,-45.2103,-12.0502,2026-04-23 14:50:00+00:00,2026-04-23,GOES-19,BARREIRAS,BAHIA,Brasil,,,,Cerrado,33,29,2903201,8,,220_068,67.2,POINT(-45.2103 -12.0502)
1815235781,c2e5e880-dd77-31d9-b073-f571abc7f6a5,-43.6193,-11.7725,2026-04-23 14:50:00+00:00,2026-04-23,GOES-19,BARRA,BAHIA,Brasil,,,,Cerrado,33,29,2902708,8,,219_068,61.9,POINT(-43.6193 -11.7725)
1815237861,0537a372-5668-39d0-98cc-c8d2cabf8bad,-43.646,-11.7528,2026-04-23 14:50:00+00:00,2026-04-23,GOES-19,BARRA,BAHIA,Brasil,,,,Cerrado,33,29,2902708,8,,219_068,93.3,POINT(-43.646 -11.7528)
1815235603,b2d9a01d-3f02-30eb-a96b-3d968c1a63f7,-43.643,-11.772,2026-04-23 14:50:00+00:00,2026-04-23,GOES-19,BARRA,BAHIA,Brasil,,,,Cerrado,33,29,2902708,8,,219_068,151.9,POINT(-43.643 -11.772)
1815238655,1cbf5cb9-6da7-3a9e-9cbc-8c5c4f6d153b,-45.2103,-12.0502,2026-04-23 15:00:00+00:00,2026-04-23,GOES-19,BARREIRAS,BAHIA,Brasil,,,,Cerrado,33,29,2903201,8,,220_068,65.3,POINT(-45.2103 -12.0502)
1815238198,dc5055b6-8985-3065-b05c-95a4da6ecd98,-43.6193,-11.7725,2026-04-23 15:00:00+00:00,2026-04-23,GOES-19,BARRA,BAHIA,Brasil,,,,Cerrado,33,29,2902708,8,,219_068,60.7,POINT(-43.6193 -11.7725)
1815240084,41673c62-5b29-3402-921d-8b1fe4b37615,-43.643,-11.772,2026-04-23 15:00:00+00:00,2026-04-23,GOES-19,BARRA,BAHIA,Brasil,,,,Cerrado,33,29,2902708,8,,219_068,142.6,POINT(-43.643 -11.772)
1815240290,adf9a0b3-1c30-3a93-8a91-2fdf75e4d13e,-43.643,-11.772,2026-04-23 15:10:00+00:00,2026-04-23,GOES-19,BARRA,BAHIA,Brasil,,,,Cerrado,33,29,2902708,8,,219_068,156.0,POINT(-43.643 -11.772)
1815240282,b61928b5-2c53-3a2f-ac43-097b0fa99a5e,-43.6193,-11.7725,2026-04-23 15:10:00+00:00,2026-04-23,GOES-19,BARRA,BAHIA,Brasil,,,,Cerrado,33,29,2902708,8,,219_068,73.2,POINT(-43.6193 -11.7725)
1815240291,8bd0b688-d7a0-38e2-8c88-4764a8be69e7,-43.646,-11.7528,2026-04-23 15:10:00+00:00,2026-04-23,GOES-19,BARRA,BAHIA,Brasil,,,,Cerrado,33,29,2902708,8,,219_068,109.6,POINT(-43.646 -11.7528)
1815240293,5229ce92-1079-363f-ac8f-030101bc5085,-43.789,-13.4463,2026-04-23 15:10:00+00:00,2026-04-23,GOES-19,SERRA DO RAMALHO,BAHIA,Brasil,,,,Cerrado,33,29,2930154,8,,219_069,58.9,POINT(-43.789 -13.4463)
1815240298,bc33cbe8-5221-3c42-8a91-68648687069a,-44.8315,-8.7841,2026-04-23 15:20:00+00:00,2026-04-23,GOES-19,CURRAIS,PIAUÍ,Brasil,,,,Cerrado,33,22,2203230,8,,220_066,74.4,POINT(-44.8315 -8.7841)
1815255090,1cdaec29-2763-3987-8e19-8ea58cf8b5d1,-39.58624,-18.14551,2026-04-23 15:39:00+00:00,2026-04-23,NOAA-20,MUCURI,BAHIA,Brasil,,,,Mata Atlântica,33,29,2922003,8,,215_073,1.1,POINT(-39.58624 -18.14551)
1815255138,c9465bd4-d125-3ec0-bdb8-9d77220a441b,-42.35307,-17.47655,2026-04-23 15:39:00+00:00,2026-04-23,NOAA-20,MINAS NOVAS,MINAS GERAIS,Brasil,,,,Cerrado,33,31,3141801,8,,217_072,3.9,POINT(-42.35307 -17.47655)
1815254988,68fcc5b5-b356-321e-a5fe-5a64c6797942,-42.35815,-17.47704,2026-04-23 15:39:00+00:00,2026-04-23,NOAA-20,MINAS NOVAS,MINAS GERAIS,Brasil,,,,Cerrado,33,31,3141801,8,,217_072,3.9,POINT(-42.35815 -17.47704)
1815254984,124eed91-3137-38f5-910b-4db1090f6ddb,-40.35544,-18.35929,2026-04-23 15:39:00+00:00,2026-04-23,NOAA-20,PINHEIROS,ESPÍRITO SANTO,Brasil,,,,Mata Atlântica,33,32,3204104,8,,216_073,3.7,POINT(-40.35544 -18.35929)
1815255167,c13cd86d-77c3-301a-928d-27e87de0dd19,-39.99103,-18.50081,2026-04-23 15:39:00+00:00,2026-04-23,NOAA-20,SÃO MATEUS,ESPÍRITO SANTO,Brasil,,,,Mata Atlântica,33,32,3204906,8,,215_073,1.8,POINT(-39.99103 -18.50081)
1815255149,26df397b-3047-3397-be7a-dc255e44399e,-40.5251,-19.85856,2026-04-23 15:39:00+00:00,2026-04-23,NOAA-20,SANTA TERESA,ESPÍRITO SANTO,Brasil,,,,Mata Atlântica,33,32,3204609,8,,216_074,7.8,POINT(-40.5251 -19.85856)
1815255176,810f2f15-1323-31d7-8abd-774d08e9352e,-44.18749,-12.24681,2026-04-23 15:41:00+00:00,2026-04-23,NOAA-20,CRISTÓPOLIS,BAHIA,Brasil,,,,Cerrado,33,29,2909703,8,,219_068,7.5,POINT(-44.18749 -12.24681)
1815255210,c69a98b4-1be3-3afd-b67b-1d6d82a8aedf,-43.47005,-13.26901,2026-04-23 15:41:00+00:00,2026-04-23,NOAA-20,SERRA DO RAMALHO,BAHIA,Brasil,,,,Cerrado,33,29,2930154,8,,218_069,4.1,POINT(-43.47005 -13.26901)
1815255193,9f39a70f-be74-3b07-9a83-1965d11b35f0,-43.63214,-11.76762,2026-04-23 15:41:00+00:00,2026-04-23,NOAA-20,BARRA,BAHIA,Brasil,,,,Cerrado,33,29,2902708,8,,219_068,48.0,POINT(-43.63214 -11.76762)
1815255186,4bc67bed-a367-3b3f-9a4a-94409599d392,-42.13634,-13.06851,2026-04-23 15:41:00+00:00,2026-04-23,NOAA-20,RIO DO PIRES,BAHIA,Brasil,,,,Caatinga,33,29,2926905,8,,218_069,17.0,POINT(-42.13634 -13.06851)
1815255209,c72f402f-4a63-37df-927c-1dc533bda314,-40.03696,-14.54876,2026-04-23 15:41:00+00:00,2026-04-23,NOAA-20,IGUAÍ,BAHIA,Brasil,,,,Mata Atlântica,33,29,2913507,8,,216_070,3.4,POINT(-40.03696 -14.54876)
1815255207,acd12835-7517-39ba-a2d7-6f19c35de7b7,-43.64524,-11.76609,2026-04-23 15:41:00+00:00,2026-04-23,NOAA-20,BARRA,BAHIA,Brasil,,,,Cerrado,33,29,2902708,8,,219_068,20.5,POINT(-43.64524 -11.76609)
1815255205,993e3c87-7e8c-32fe-87dd-71bd3482b85d,-43.64204,-11.76878,2026-04-23 15:41:00+00:00,2026-04-23,NOAA-20,BARRA,BAHIA,Brasil,,,,Cerrado,33,29,2902708,8,,219_068,37.2,POINT(-43.64204 -11.76878)
1815255199,567e8afe-c240-3dfd-8ba3-7fb52184e937,-45.41791,-11.99936,2026-04-23 15:41:00+00:00,2026-04-23,NOAA-20,BARREIRAS,BAHIA,Brasil,,,,Cerrado,33,29,2903201,8,,220_068,5.4,POINT(-45.41791 -11.99936)
1815255161,009a1cab-9e66-3f80-82bb-4cca24cc055e,-43.17715,-14.29235,2026-04-23 15:41:00+00:00,2026-04-23,NOAA-20,PALMAS DE MONTE ALTO,BAHIA,Brasil,,,,Caatinga,33,29,2923407,8,,218_070,2.8,POINT(-43.17715 -14.29235)
1815255156,20ab057c-6826-3e04-8224-1c1dd9dbf0e1,-43.64942,-11.77293,2026-04-23 15:41:00+00:00,2026-04-23,NOAA-20,BARRA,BAHIA,Brasil,,,,Cerrado,33,29,2902708,8,,219_068,20.5,POINT(-43.64942 -11.77293)
1815255155,7f6e697a-d4c9-37f6-8002-22ebec1cdc42,-41.46002,-15.7966,2026-04-23 15:41:00+00:00,2026-04-23,NOAA-20,ÁGUAS VERMELHAS,MINAS GERAIS,Brasil,,,,Mata Atlântica,33,31,3101003,8,,217_071,4.0,POINT(-41.46002 -15.7966)
1815255147,21cff2f6-1f43-3df6-833b-05a952831160,-44.584,-14.40741,2026-04-23 15:41:00+00:00,2026-04-23,NOAA-20,MONTALVÂNIA,MINAS GERAIS,Brasil,,,,Cerrado,33,31,3142700,8,,219_070,10.8,POINT(-44.584 -14.40741)
1815255146,8a66641f-62a9-3549-ac93-8c0bd17cac4e,-43.65619,-11.77684,2026-04-23 15:41:00+00:00,2026-04-23,NOAA-20,BARRA,BAHIA,Brasil,,,,Cerrado,33,29,2902708,8,,219_068,12.6,POINT(-43.65619 -11.77684)
1815255145,e19a186c-2d3b-30d0-b48f-562cf31d2dd3,-45.22311,-12.06248,2026-04-23 15:41:00+00:00,2026-04-23,NOAA-20,BARREIRAS,BAHIA,Brasil,,,,Cerrado,33,29,2903201,8,,220_068,9.9,POINT(-45.22311 -12.06248)
1815255142,c0a4e08b-18aa-3da3-89b4-198d27a26035,-44.18904,-12.24792,2026-04-23 15:41:00+00:00,2026-04-23,NOAA-20,CRISTÓPOLIS,BAHIA,Brasil,,,,Cerrado,33,29,2909703,8,,219_068,4.6,POINT(-44.18904 -12.24792)
1815255134,e8663866-c85c-3374-acb9-5289fb4b6d11,-43.65202,-11.76996,2026-04-23 15:41:00+00:00,2026-04-23,NOAA-20,BARRA,BAHIA,Brasil,,,,Cerrado,33,29,2902708,8,,219_068,15.6,POINT(-43.65202 -11.76996)
1815255133,9c47d313-e466-3c0d-9a9c-ee0c887befc8,-43.64442,-11.77238,2026-04-23 15:41:00+00:00,2026-04-23,NOAA-20,BARRA,BAHIA,Brasil,,,,Cerrado,33,29,2902708,8,,219_068,20.5,POINT(-43.64442 -11.77238)
1815255122,4ff84cf0-cbcc-3132-8582-6068091140e3,-44.58303,-14.40787,2026-04-23 15:41:00+00:00,2026-04-23,NOAA-20,MONTALVÂNIA,MINAS GERAIS,Brasil,,,,Cerrado,33,31,3142700,8,,219_070,6.9,POINT(-44.58303 -14.40787)
1815255121,75df8cea-b24e-3411-8121-6ffc58ca00de,-43.79993,-13.44277,2026-04-23 15:41:00+00:00,2026-04-23,NOAA-20,SERRA DO RAMALHO,BAHIA,Brasil,,,,Cerrado,33,29,2930154,8,,219_069,14.9,POINT(-43.79993 -13.44277)
1815255113,b2e1587b-434c-376e-951d-a26d25ba23f3,-39.11762,-15.9587,2026-04-23 15:41:00+00:00,2026-04-23,NOAA-20,BELMONTE,BAHIA,Brasil,,,,Mata Atlântica,33,29,2903409,8,,215_071,7.3,POINT(-39.11762 -15.9587)
1815255105,4503ad57-6de2-35f2-80ec-3685f35d2431,-43.64606,-11.75979,2026-04-23 15:41:00+00:00,2026-04-23,NOAA-20,BARRA,BAHIA,Brasil,,,,Cerrado,33,29,2902708,8,,219_068,27.3,POINT(-43.64606 -11.75979)
1815255106,46fa6c2f-902c-3b1d-ae77-7cee21e3023f,-45.21654,-12.06179,2026-04-23 15:41:00+00:00,2026-04-23,NOAA-20,BARREIRAS,BAHIA,Brasil,,,,Cerrado,33,29,2903201,8,,220_068,12.3,POINT(-45.21654 -12.06179)
1815255067,e6a5f9af-6a69-35f1-9475-5a80004836d1,-43.63605,-11.75869,2026-04-23 15:41:00+00:00,2026-04-23,NOAA-20,BARRA,BAHIA,Brasil,,,,Cerrado,33,29,2902708,8,,219_068,18.8,POINT(-43.63605 -11.75869)
1815255103,b29af07a-740c-3709-ba74-9219a98ae49f,-43.09455,-13.39051,2026-04-23 15:41:00+00:00,2026-04-23,NOAA-20,RIACHO DE SANTANA,BAHIA,Brasil,,,,Caatinga,33,29,2926400,8,,218_069,8.9,POINT(-43.09455 -13.39051)
1815255099,885c1c0e-7076-3d2c-b3ac-438588f0681f,-45.21578,-12.06873,2026-04-23 15:41:00+00:00,2026-04-23,NOAA-20,BARREIRAS,BAHIA,Brasil,,,,Cerrado,33,29,2903201,8,,220_068,9.7,POINT(-45.21578 -12.06873)
1815255095,d7748d2b-599d-3404-afc8-f76209bf262a,-43.09177,-13.39506,2026-04-23 15:41:00+00:00,2026-04-23,NOAA-20,RIACHO DE SANTANA,BAHIA,Brasil,,,,Caatinga,33,29,2926400,8,,218_069,4.9,POINT(-43.09177 -13.39506)
1815255091,aaf99e0d-df1d-3907-ac5e-a740a9fbc2fc,-43.64106,-11.75924,2026-04-23 15:41:00+00:00,2026-04-23,NOAA-20,BARRA,BAHIA,Brasil,,,,Cerrado,33,29,2902708,8,,219_068,18.8,POINT(-43.64106 -11.75924)
1815255081,a5b11832-955c-33c2-819b-999b38bfbdec,-43.63449,-11.77127,2026-04-23 15:41:00+00:00,2026-04-23,NOAA-20,BARRA,BAHIA,Brasil,,,,Cerrado,33,29,2902708,8,,219_068,35.5,POINT(-43.63449 -11.77127)
1815255073,fa3da69d-598e-3d36-9e83-306517368048,-43.78841,-13.44809,2026-04-23 15:41:00+00:00,2026-04-23,NOAA-20,SERRA DO RAMALHO,BAHIA,Brasil,,,,Cerrado,33,29,2930154,8,,219_069,13.4,POINT(-43.78841 -13.44809)
1815255076,390a39db-ea17-30be-8ee8-a95b3249e48e,-43.09274,-13.38888,2026-04-23 15:41:00+00:00,2026-04-23,NOAA-20,RIACHO DE SANTANA,BAHIA,Brasil,,,,Caatinga,33,29,2926400,8,,218_069,3.7,POINT(-43.09274 -13.38888)
1815255071,3b8fcdc9-3cf6-3a89-b372-a5f16d65e094,-43.64285,-11.7625,2026-04-23 15:41:00+00:00,2026-04-23,NOAA-20,BARRA,BAHIA,Brasil,,,,Cerrado,33,29,2902708,8,,219_068,37.2,POINT(-43.64285 -11.7625)
1815255063,391fec7d-93f4-325d-a8dc-aa18f09e1afb,-45.41833,-12.00128,2026-04-23 15:41:00+00:00,2026-04-23,NOAA-20,BARREIRAS,BAHIA,Brasil,,,,Cerrado,33,29,2903201,8,,220_068,8.4,POINT(-45.41833 -12.00128)
1815255051,71654d51-0979-364f-b175-36ba3ff6c821,-43.65938,-11.77404,2026-04-23 15:41:00+00:00,2026-04-23,NOAA-20,BARRA,BAHIA,Brasil,,,,Cerrado,33,29,2902708,8,,219_068,7.9,POINT(-43.65938 -11.77404)
1815255036,2759b06e-6412-37a5-84e9-bcb6c527189c,-44.59047,-14.40809,2026-04-23 15:41:00+00:00,2026-04-23,NOAA-20,MONTALVÂNIA,MINAS GERAIS,Brasil,,,,Cerrado,33,31,3142700,8,,219_070,10.0,POINT(-44.59047 -14.40809)
1815255044,b6e16a83-276e-30fc-acc0-c1e45183521e,-40.43518,-16.80371,2026-04-23 15:41:00+00:00,2026-04-23,NOAA-20,PALMÓPOLIS,MINAS GERAIS,Brasil,,,,Mata Atlântica,33,31,3146750,8,,216_072,3.9,POINT(-40.43518 -16.80371)
1815255043,154532b6-ad45-3373-8866-a6c2494bde5b,-45.21509,-12.06892,2026-04-23 15:41:00+00:00,2026-04-23,NOAA-20,BARREIRAS,BAHIA,Brasil,,,,Cerrado,33,29,2903201,8,,220_068,5.3,POINT(-45.21509 -12.06892)
1815255038,8c5293a5-0809-3348-a894-9210746d758c,-45.21581,-12.06198,2026-04-23 15:41:00+00:00,2026-04-23,NOAA-20,BARREIRAS,BAHIA,Brasil,,,,Cerrado,33,29,2903201,8,,220_068,5.3,POINT(-45.21581 -12.06198)
1815255032,5285d257-8ae0-3a95-bdb6-ef428d47213b,-43.63943,-11.77182,2026-04-23 15:41:00+00:00,2026-04-23,NOAA-20,BARRA,BAHIA,Brasil,,,,Cerrado,33,29,2902708,8,,219_068,35.5,POINT(-43.63943 -11.77182)
1815255031,66af341f-dfab-3015-b81f-7c5a566ffa63,-39.10609,-15.95737,2026-04-23 15:41:00+00:00,2026-04-23,NOAA-20,BELMONTE,BAHIA,Brasil,,,,Mata Atlântica,33,29,2903409,8,,215_071,8.1,POINT(-39.10609 -15.95737)
1815255028,1daa1a24-4ecb-3319-8e07-c4496f6be11d,-45.22236,-12.06943,2026-04-23 15:41:00+00:00,2026-04-23,NOAA-20,BARREIRAS,BAHIA,Brasil,,,,Cerrado,33,29,2903201,8,,220_068,10.5,POINT(-45.22236 -12.06943)
1815255026,be991328-1b88-325d-8943-331b35c86148,-43.63707,-11.7682,2026-04-23 15:41:00+00:00,2026-04-23,NOAA-20,BARRA,BAHIA,Brasil,,,,Cerrado,33,29,2902708,8,,219_068,48.0,POINT(-43.63707 -11.7682)
1815255019,cab39e99-a1a9-32d2-a847-369ccd344f69,-44.58952,-14.4085,2026-04-23 15:41:00+00:00,2026-04-23,NOAA-20,MONTALVÂNIA,MINAS GERAIS,Brasil,,,,Cerrado,33,31,3142700,8,,219_070,6.9,POINT(-44.58952 -14.4085)
1815255018,25213c7d-dcdc-3526-bb99-7f23ec981e94,-45.22165,-12.06966,2026-04-23 15:41:00+00:00,2026-04-23,NOAA-20,BARREIRAS,BAHIA,Brasil,,,,Cerrado,33,29,2903201,8,,220_068,5.3,POINT(-45.22165 -12.06966)
1815255014,8764f73d-5550-3624-9f75-58488f48f09c,-43.63527,-11.76498,2026-04-23 15:41:00+00:00,2026-04-23,NOAA-20,BARRA,BAHIA,Brasil,,,,Cerrado,33,29,2902708,8,,219_068,35.5,POINT(-43.63527 -11.76498)
1815255009,fbafc1a4-4f14-370a-9ec2-0a11cc45d9e4,-43.64703,-11.76937,2026-04-23 15:41:00+00:00,2026-04-23,NOAA-20,BARRA,BAHIA,Brasil,,,,Cerrado,33,29,2902708,8,,219_068,37.2,POINT(-43.64703 -11.76937)
1815255002,467080c2-bfc7-3c20-a713-6e86073d4c02,-44.1834,-12.24728,2026-04-23 15:41:00+00:00,2026-04-23,NOAA-20,CRISTÓPOLIS,BAHIA,Brasil,,,,Cerrado,33,29,2909703,8,,219_068,4.6,POINT(-44.1834 -12.24728)
1815255001,16400280-764d-3bd0-b503-5e85d46ad6b6,-42.72066,-12.82458,2026-04-23 15:41:00+00:00,2026-04-23,NOAA-20,BOQUIRA,BAHIA,Brasil,,,,Caatinga,33,29,2904100,8,,218_069,5.3,POINT(-42.72066 -12.82458)
1815255107,8621ae77-c137-3a7c-b187-6fab96b35e69,-45.46685,-13.63228,2026-04-23 15:41:00+00:00,2026-04-23,NOAA-20,CORRENTINA,BAHIA,Brasil,,,,Cerrado,33,29,2909307,8,,220_069,10.4,POINT(-45.46685 -13.63228)
1815255000,1ce5d819-b67e-3060-85ca-529483d9aedf,-42.71986,-12.83059,2026-04-23 15:41:00+00:00,2026-04-23,NOAA-20,BOQUIRA,BAHIA,Brasil,,,,Caatinga,33,29,2904100,8,,218_069,3.7,POINT(-42.71986 -12.83059)
1815254999,dec43beb-1c66-3e5c-be43-e0549871facd,-45.46693,-13.63528,2026-04-23 15:41:00+00:00,2026-04-23,NOAA-20,CORRENTINA,BAHIA,Brasil,,,,Cerrado,33,29,2909307,8,,220_069,6.1,POINT(-45.46693 -13.63528)
1815254998,c38710e2-34ac-3629-a931-92b808126511,-43.64783,-11.76308,2026-04-23 15:41:00+00:00,2026-04-23,NOAA-20,BARRA,BAHIA,Brasil,,,,Cerrado,33,29,2902708,8,,219_068,37.2,POINT(-43.64783 -11.76308)
1815254997,d8e65415-bc8d-3423-a42f-0b58452cc491,-42.71882,-12.82665,2026-04-23 15:41:00+00:00,2026-04-23,NOAA-20,BOQUIRA,BAHIA,Brasil,,,,Caatinga,33,29,2904100,8,,218_069,10.1,POINT(-42.71882 -12.82665)
1815254995,a0825f25-0eb8-3ced-b969-3bfd612e53ed,-43.65441,-11.77349,2026-04-23 15:41:00+00:00,2026-04-23,NOAA-20,BARRA,BAHIA,Brasil,,,,Cerrado,33,29,2902708,8,,219_068,7.9,POINT(-43.65441 -11.77349)
1815254993,1ecba01d-7bf9-3c25-8e5b-a8649ab18622,-43.63785,-11.76191,2026-04-23 15:41:00+00:00,2026-04-23,NOAA-20,BARRA,BAHIA,Brasil,,,,Cerrado,33,29,2902708,8,,219_068,48.0,POINT(-43.63785 -11.76191)
1815254980,248207d1-db5d-39d6-8da9-d966a224e005,-45.22237,-12.06271,2026-04-23 15:41:00+00:00,2026-04-23,NOAA-20,BARREIRAS,BAHIA,Brasil,,,,Cerrado,33,29,2903201,8,,220_068,5.3,POINT(-45.22237 -12.06271)
1815254979,1c25746d-9eaf-338b-8ddc-b044cca1ca60,-43.63031,-11.76443,2026-04-23 15:41:00+00:00,2026-04-23,NOAA-20,BARRA,BAHIA,Brasil,,,,Cerrado,33,29,2902708,8,,219_068,23.1,POINT(-43.63031 -11.76443)
1815254974,941916c4-df09-3231-aa8c-e12eb0558b8b,-43.64024,-11.76553,2026-04-23 15:41:00+00:00,2026-04-23,NOAA-20,BARRA,BAHIA,Brasil,,,,Cerrado,33,29,2902708,8,,219_068,35.5,POINT(-43.64024 -11.76553)
1815254972,6cfb8c43-aa5d-3e40-ba1f-0b491ebaea11,-40.3007,-15.78852,2026-04-23 15:41:00+00:00,2026-04-23,NOAA-20,MAIQUINIQUE,BAHIA,Brasil,,,,Mata Atlântica,33,29,2920007,8,,216_071,1.7,POINT(-40.3007 -15.78852)
1815254968,f7064912-c452-3b42-84e9-6e8d9506aff8,-39.11185,-15.95804,2026-04-23 15:41:00+00:00,2026-04-23,NOAA-20,BELMONTE,BAHIA,Brasil,,,,Mata Atlântica,33,29,2903409,8,,215_071,7.3,POINT(-39.11185 -15.95804)
1815254965,5de69126-13fd-3f2f-83a0-78785102cb2c,-43.64128,-11.77508,2026-04-23 15:41:00+00:00,2026-04-23,NOAA-20,BARRA,BAHIA,Brasil,,,,Cerrado,33,29,2902708,8,,219_068,9.4,POINT(-43.64128 -11.77508)
1815255187,58c0b751-ed62-3490-95c3-c3c29f79a8e6,-35.76131,-5.18131,2026-04-23 15:44:00+00:00,2026-04-23,NOAA-20,SÃO MIGUEL DO GOSTOSO,RIO GRANDE DO NORTE,Brasil,,,,Caatinga,33,24,2412559,8,,215_064,8.7,POINT(-35.76131 -5.18131)
1815255093,644ad920-7e5f-3830-8b8a-db75b210a850,-37.53753,-9.93268,2026-04-23 15:44:00+00:00,2026-04-23,NOAA-20,PORTO DA FOLHA,SERGIPE,Brasil,,,,Caatinga,33,28,2805604,8,,215_067,1.7,POINT(-37.53753 -9.93268)
1815255108,88156bd6-0574-3069-bdde-656005b46a32,-44.81307,-11.00141,2026-04-23 15:44:00+00:00,2026-04-23,NOAA-20,SANTA RITA DE CÁSSIA,BAHIA,Brasil,,,,Cerrado,33,29,2928406,8,,220_068,8.8,POINT(-44.81307 -11.00141)
1815255097,975e3fe4-eb9f-3318-bb7f-ce392670fca7,-37.62694,-7.14494,2026-04-23 15:44:00+00:00,2026-04-23,NOAA-20,CATINGUEIRA,PARAÍBA,Brasil,,,,Caatinga,33,25,2504207,8,,216_065,3.0,POINT(-37.62694 -7.14494)
1815254969,856bc30e-9153-39a6-a58a-dfa5b8f5ba55,-37.62497,-7.14559,2026-04-23 15:44:00+00:00,2026-04-23,NOAA-20,CATINGUEIRA,PARAÍBA,Brasil,,,,Caatinga,33,25,2504207,8,,216_065,5.4,POINT(-37.62497 -7.14559)
1815255049,bb3e92f2-3b52-3fd9-8bf4-5911962f9839,-36.74703,-9.61355,2026-04-23 15:44:00+00:00,2026-04-23,NOAA-20,CRAÍBAS,ALAGOAS,Brasil,,,,Caatinga,33,27,2702355,8,,215_067,4.4,POINT(-36.74703 -9.61355)
1815255048,4359e9fa-8a3d-3991-ac06-186be022040e,-44.83503,-8.78952,2026-04-23 15:44:00+00:00,2026-04-23,NOAA-20,CURRAIS,PIAUÍ,Brasil,,,,Cerrado,33,22,2203230,8,,220_066,8.7,POINT(-44.83503 -8.78952)
1815254981,ef46621d-79df-3406-a3e7-6b0edf93075f,-44.83427,-8.79606,2026-04-23 15:44:00+00:00,2026-04-23,NOAA-20,CURRAIS,PIAUÍ,Brasil,,,,Cerrado,33,22,2203230,8,,220_066,8.7,POINT(-44.83427 -8.79606)
1815254973,3e0c992c-b378-3c59-8960-269d1e49a58d,-37.03678,-9.05765,2026-04-23 15:44:00+00:00,2026-04-23,NOAA-20,ÁGUAS BELAS,PERNAMBUCO,Brasil,,,,Caatinga,33,26,2600500,8,,215_066,7.0,POINT(-37.03678 -9.05765)
1815254971,746c248b-c443-3e9a-8027-9914f9d5551d,-36.75071,-9.61273,2026-04-23 15:44:00+00:00,2026-04-23,NOAA-20,CRAÍBAS,ALAGOAS,Brasil,,,,Caatinga,33,27,2702355,8,,215_067,7.4,POINT(-36.75071 -9.61273)
1815262718,036ed80b-bb93-348e-97b3-aef0be7dcae3,-50.86843,-24.9128,2026-04-23 16:28:00+00:00,2026-04-23,NOAA-21,IVAÍ,PARANÁ,Brasil,,,,Mata Atlântica,33,41,4111407,8,,222_077,3.1,POINT(-50.86843 -24.9128)
1815263063,4c924265-36bc-38cd-a653-5b9b65e2bb4d,-48.80544,-22.93522,2026-04-23 16:28:00+00:00,2026-04-23,NOAA-21,BOTUCATU,SÃO PAULO,Brasil,,,,Cerrado,33,35,3507506,8,,221_076,200.9,POINT(-48.80544 -22.93522)
1815262673,cd3cf28d-2541-3877-ac58-3d858c1eccd8,-49.25492,-28.2982,2026-04-23 16:28:00+00:00,2026-04-23,NOAA-21,ORLEANS,SANTA CATARINA,Brasil,,,,Mata Atlântica,33,42,4211702,8,,220_080,4.9,POINT(-49.25492 -28.2982)
1815263034,e83b10f1-c919-3607-a790-eb3284ce70d9,-50.33644,-25.76325,2026-04-23 16:28:00+00:00,2026-04-23,NOAA-21,SÃO MATEUS DO SUL,PARANÁ,Brasil,,,,Mata Atlântica,33,41,4125605,8,,221_078,4.0,POINT(-50.33644 -25.76325)
1815263003,cb1836ed-46f9-3de9-93b6-ff2fcca55696,-51.03859,-27.66045,2026-04-23 16:28:00+00:00,2026-04-23,NOAA-21,ANITA GARIBALDI,SANTA CATARINA,Brasil,,,,Mata Atlântica,33,42,4201000,8,,221_079,10.3,POINT(-51.03859 -27.66045)
1815262987,c36370b4-db7a-39bf-93e1-e831fd981c18,-45.02683,-22.69802,2026-04-23 16:28:00+00:00,2026-04-23,NOAA-21,CACHOEIRA PAULISTA,SÃO PAULO,Brasil,,,,Mata Atlântica,33,35,3508603,8,,218_076,4.7,POINT(-45.02683 -22.69802)
1815262647,39711ce5-f8b6-384e-ada4-2791a7861c45,-43.28642,-21.07246,2026-04-23 16:28:00+00:00,2026-04-23,NOAA-21,MERCÊS,MINAS GERAIS,Brasil,,,,Mata Atlântica,33,31,3141603,8,,217_075,21.5,POINT(-43.28642 -21.07246)
1815263035,2627334d-c864-3fbd-85d0-1f9e5ee1912b,-53.74081,-24.7644,2026-04-23 16:28:00+00:00,2026-04-23,NOAA-21,TOLEDO,PARANÁ,Brasil,,,,Mata Atlântica,33,41,4127700,8,,223_077,2.6,POINT(-53.74081 -24.7644)
1815262951,aec16182-1300-34d0-819c-b3993c88f100,-50.72291,-27.55094,2026-04-23 16:28:00+00:00,2026-04-23,NOAA-21,SÃO JOSÉ DO CERRITO,SANTA CATARINA,Brasil,,,,Mata Atlântica,33,42,4216800,8,,221_079,6.7,POINT(-50.72291 -27.55094)
1815262993,5116b58d-16da-3cc5-bff2-ae2f6dd1693f,-50.48965,-27.69076,2026-04-23 16:28:00+00:00,2026-04-23,NOAA-21,SÃO JOSÉ DO CERRITO,SANTA CATARINA,Brasil,,,,Mata Atlântica,33,42,4216800,8,,221_079,3.4,POINT(-50.48965 -27.69076)
1815262641,0d53dfd7-80f3-386d-9607-2b25eaebc5db,-52.08477,-24.37855,2026-04-23 16:28:00+00:00,2026-04-23,NOAA-21,IRETAMA,PARANÁ,Brasil,,,,Mata Atlântica,33,41,4110805,8,,222_077,2.3,POINT(-52.08477 -24.37855)
1815262925,2b5cebb4-bed0-39d8-b73b-5a7baf54092d,-48.41895,-24.21015,2026-04-23 16:28:00+00:00,2026-04-23,NOAA-21,RIBEIRÃO GRANDE,SÃO PAULO,Brasil,,,,Mata Atlântica,33,35,3543253,8,,220_077,17.0,POINT(-48.41895 -24.21015)
1815262628,6a233d93-3c81-365a-aeb4-904e76a4c364,-44.3602,-21.64791,2026-04-23 16:28:00+00:00,2026-04-23,NOAA-21,ANDRELÂNDIA,MINAS GERAIS,Brasil,,,,Mata Atlântica,33,31,3102803,8,,218_075,2.9,POINT(-44.3602 -21.64791)
1815263021,4dadb716-87a0-3330-9d93-477cce205274,-49.56649,-25.2005,2026-04-23 16:28:00+00:00,2026-04-23,NOAA-21,CAMPO MAGRO,PARANÁ,Brasil,,,,Mata Atlântica,33,41,4104253,8,,221_077,13.5,POINT(-49.56649 -25.2005)
1815262920,320ff372-0aec-3cb1-8342-f7527741e04b,-42.18563,-21.72037,2026-04-23 16:28:00+00:00,2026-04-23,NOAA-21,ITAOCARA,RIO DE JANEIRO,Brasil,,,,Mata Atlântica,33,33,3302106,8,,216_075,1.4,POINT(-42.18563 -21.72037)
1815263040,02ad039a-f70a-33f7-bc04-10d5e7ef453c,-50.83831,-27.09904,2026-04-23 16:28:00+00:00,2026-04-23,NOAA-21,FRAIBURGO,SANTA CATARINA,Brasil,,,,Mata Atlântica,33,42,4205506,8,,221_079,4.9,POINT(-50.83831 -27.09904)
1815262605,ebfc8af4-d05d-3d86-b0d5-1c2841a11ec2,-51.46304,-27.34378,2026-04-23 16:28:00+00:00,2026-04-23,NOAA-21,CAMPOS NOVOS,SANTA CATARINA,Brasil,,,,Mata Atlântica,33,42,4203600,8,,222_079,5.8,POINT(-51.46304 -27.34378)
1815262627,fb2485e9-d46e-372e-8563-96cf73bc8044,-50.33676,-25.76046,2026-04-23 16:28:00+00:00,2026-04-23,NOAA-21,SÃO MATEUS DO SUL,PARANÁ,Brasil,,,,Mata Atlântica,33,41,4125605,8,,221_078,5.3,POINT(-50.33676 -25.76046)
1815263682,2227c769-d64b-30bb-90b2-dc6df441cad1,-50.62909,-26.52564,2026-04-23 16:28:00+00:00,2026-04-23,NOAA-21,CANOINHAS,SANTA CATARINA,Brasil,,,,Mata Atlântica,33,42,4203808,8,,221_078,3.3,POINT(-50.62909 -26.52564)
1815262579,c621da9f-079b-3aad-8f48-5739f5baedf1,-50.5355,-26.06091,2026-04-23 16:28:00+00:00,2026-04-23,NOAA-21,CANOINHAS,SANTA CATARINA,Brasil,,,,Mata Atlântica,33,42,4203808,8,,221_078,2.9,POINT(-50.5355 -26.06091)
1815263691,6b08cc6a-06dc-3a8d-b71d-1cc5df6a2346,-48.80247,-22.93653,2026-04-23 16:28:00+00:00,2026-04-23,NOAA-21,BOTUCATU,SÃO PAULO,Brasil,,,,Cerrado,33,35,3507506,8,,221_076,56.2,POINT(-48.80247 -22.93653)
1815263548,aa3d6916-0dbd-3a00-bd87-5e9bb6c359d9,-51.75819,-26.21078,2026-04-23 16:28:00+00:00,2026-04-23,NOAA-21,CORONEL DOMINGOS SOARES,PARANÁ,Brasil,,,,Mata Atlântica,33,41,4106456,8,,222_078,48.7,POINT(-51.75819 -26.21078)
1815263561,8f9053df-b96a-3ce3-a872-c7a8df81dfda,-49.89104,-24.30244,2026-04-23 16:28:00+00:00,2026-04-23,NOAA-21,JAGUARIAÍVA,PARANÁ,Brasil,,,,Cerrado,33,41,4112009,8,,221_077,16.4,POINT(-49.89104 -24.30244)
1815263660,72591816-d779-3077-8e86-edf6bd649df4,-48.80302,-22.93205,2026-04-23 16:28:00+00:00,2026-04-23,NOAA-21,BOTUCATU,SÃO PAULO,Brasil,,,,Cerrado,33,35,3507506,8,,221_076,56.2,POINT(-48.80302 -22.93205)
1815263511,b75e7d8e-b567-3577-b2b4-958753680008,-51.10731,-26.72469,2026-04-23 16:28:00+00:00,2026-04-23,NOAA-21,CAÇADOR,SANTA CATARINA,Brasil,,,,Mata Atlântica,33,42,4203006,8,,221_079,6.1,POINT(-51.10731 -26.72469)
1815262862,f33e6024-d5ba-39a2-8b24-867dcaa690fa,-52.27627,-23.17453,2026-04-23 16:28:00+00:00,2026-04-23,NOAA-21,ALTO PARANÁ,PARANÁ,Brasil,,,,Mata Atlântica,33,41,4100608,8,,223_076,3.0,POINT(-52.27627 -23.17453)
1815263535,c9da948c-1c46-3de1-97de-40d2eda89556,-50.49379,-27.69585,2026-04-23 16:28:00+00:00,2026-04-23,NOAA-21,SÃO JOSÉ DO CERRITO,SANTA CATARINA,Brasil,,,,Mata Atlântica,33,42,4216800,8,,221_079,12.9,POINT(-50.49379 -27.69585)
1815262538,f14c0e6d-0286-387d-b912-a3b5d8157fa3,-42.12983,-22.58511,2026-04-23 16:28:00+00:00,2026-04-23,NOAA-21,CABO FRIO,RIO DE JANEIRO,Brasil,,,,Mata Atlântica,33,33,3300704,8,,216_076,4.9,POINT(-42.12983 -22.58511)
1815263469,30f7c4d7-19a6-3955-83c2-8a6db0bcb0c7,-46.51048,-21.38944,2026-04-23 16:28:00+00:00,2026-04-23,NOAA-21,MUZAMBINHO,MINAS GERAIS,Brasil,,,,Mata Atlântica,33,31,3144102,8,,219_075,3.9,POINT(-46.51048 -21.38944)
1815263541,e9989ead-d145-30eb-8b8c-59fb4da76f0e,-45.05056,-22.72536,2026-04-23 16:28:00+00:00,2026-04-23,NOAA-21,CANAS,SÃO PAULO,Brasil,,,,Mata Atlântica,33,35,3509957,8,,218_076,19.4,POINT(-45.05056 -22.72536)
1815263066,5d808b94-1453-3b2f-8f4e-48ea038d1f3e,-44.06131,-22.10301,2026-04-23 16:28:00+00:00,2026-04-23,NOAA-21,SANTA RITA DE JACUTINGA,MINAS GERAIS,Brasil,,,,Mata Atlântica,33,31,3159308,8,,218_075,25.8,POINT(-44.06131 -22.10301)
1815263349,9c56cd05-06e4-3248-b982-2e6ba9dba327,-44.29715,-21.49627,2026-04-23 16:28:00+00:00,2026-04-23,NOAA-21,MADRE DE DEUS DE MINAS,MINAS GERAIS,Brasil,,,,Mata Atlântica,33,31,3139102,8,,218_075,3.1,POINT(-44.29715 -21.49627)
1815262530,1408dbf6-c7f2-34e1-ac89-15ed28a528c4,-49.78811,-24.92691,2026-04-23 16:28:00+00:00,2026-04-23,NOAA-21,CASTRO,PARANÁ,Brasil,,,,Mata Atlântica,33,41,4104907,8,,221_077,16.8,POINT(-49.78811 -24.92691)
1815263443,8c7ed6c4-1956-3a80-82bb-735feb863119,-51.75409,-26.21452,2026-04-23 16:28:00+00:00,2026-04-23,NOAA-21,CORONEL DOMINGOS SOARES,PARANÁ,Brasil,,,,Mata Atlântica,33,41,4106456,8,,222_078,27.3,POINT(-51.75409 -26.21452)
1815263323,42c38f78-d553-3f8b-9725-e6ab9167c65c,-50.49003,-27.69555,2026-04-23 16:28:00+00:00,2026-04-23,NOAA-21,SÃO JOSÉ DO CERRITO,SANTA CATARINA,Brasil,,,,Mata Atlântica,33,42,4216800,8,,221_079,25.4,POINT(-50.49003 -27.69555)
1815263341,d6d8c255-4524-3097-8117-7bce5bdc4142,-49.84023,-24.03003,2026-04-23 16:28:00+00:00,2026-04-23,NOAA-21,ARAPOTI,PARANÁ,Brasil,,,,Mata Atlântica,33,41,4101606,8,,221_077,3.5,POINT(-49.84023 -24.03003)
1815263348,2c71d9ae-1b8e-3a98-9741-09c74f5faf87,-51.75835,-26.21485,2026-04-23 16:28:00+00:00,2026-04-23,NOAA-21,CORONEL DOMINGOS SOARES,PARANÁ,Brasil,,,,Mata Atlântica,33,41,4106456,8,,222_078,27.3,POINT(-51.75835 -26.21485)
1815263444,883a92b4-9fa6-33e3-89c7-26b24429d590,-51.31526,-23.61104,2026-04-23 16:28:00+00:00,2026-04-23,NOAA-21,APUCARANA,PARANÁ,Brasil,,,,Mata Atlântica,33,41,4101408,8,,222_076,2.1,POINT(-51.31526 -23.61104)
1815262510,281fafea-9b45-3aca-97a8-0304a97be1d9,-50.87665,-25.18949,2026-04-23 16:28:00+00:00,2026-04-23,NOAA-21,GUAMIRANGA,PARANÁ,Brasil,,,,Mata Atlântica,33,41,4108957,8,,221_078,6.9,POINT(-50.87665 -25.18949)
1815262819,a9d6a2bb-cc62-3fc0-b81d-22a528827f5a,-53.17202,-25.02589,2026-04-23 16:28:00+00:00,2026-04-23,NOAA-21,CASCAVEL,PARANÁ,Brasil,,,,Mata Atlântica,33,41,4104808,8,,223_077,8.3,POINT(-53.17202 -25.02589)
1815262910,0a4fb56d-8881-392c-9b9c-69f4603a0505,-51.10664,-26.7301,2026-04-23 16:28:00+00:00,2026-04-23,NOAA-21,CAÇADOR,SANTA CATARINA,Brasil,,,,Mata Atlântica,33,42,4203006,8,,221_079,15.0,POINT(-51.10664 -26.7301)
1815262527,530dab09-b233-3532-bcaf-4994ce3b19b9,-51.1039,-26.72441,2026-04-23 16:28:00+00:00,2026-04-23,NOAA-21,CAÇADOR,SANTA CATARINA,Brasil,,,,Mata Atlântica,33,42,4203006,8,,221_079,6.1,POINT(-51.1039 -26.72441)
1815263316,7e9d691c-8b17-3175-a8c6-457033d049a0,-47.90477,-23.23636,2026-04-23 16:28:00+00:00,2026-04-23,NOAA-21,CESÁRIO LANGE,SÃO PAULO,Brasil,,,,Mata Atlântica,33,35,3511607,8,,220_076,1.9,POINT(-47.90477 -23.23636)
1815262826,83afe8d8-8553-336e-9f90-d74f51c63910,-51.03539,-27.65471,2026-04-23 16:28:00+00:00,2026-04-23,NOAA-21,ANITA GARIBALDI,SANTA CATARINA,Brasil,,,,Mata Atlântica,33,42,4201000,8,,221_079,10.7,POINT(-51.03539 -27.65471)
1815263322,58cb2caf-ac92-3f8f-b661-21850ca52ced,-49.48234,-25.05155,2026-04-23 16:28:00+00:00,2026-04-23,NOAA-21,RIO BRANCO DO SUL,PARANÁ,Brasil,,,,Mata Atlântica,33,41,4122206,8,,221_077,2.9,POINT(-49.48234 -25.05155)
1815263468,8d90daef-e1cc-3817-bc83-c40ce87423ce,-45.05112,-22.72177,2026-04-23 16:28:00+00:00,2026-04-23,NOAA-21,CANAS,SÃO PAULO,Brasil,,,,Mata Atlântica,33,35,3509957,8,,218_076,4.7,POINT(-45.05112 -22.72177)
1815262489,3fb16c69-ee81-34e3-94f9-561f9bc20ef2,-51.03959,-27.65504,2026-04-23 16:28:00+00:00,2026-04-23,NOAA-21,ANITA GARIBALDI,SANTA CATARINA,Brasil,,,,Mata Atlântica,33,42,4201000,8,,221_079,10.3,POINT(-51.03959 -27.65504)
1815263173,9c6059ca-1a23-38ff-acf7-acf962ad53d1,-49.85745,-24.37135,2026-04-23 16:28:00+00:00,2026-04-23,NOAA-21,JAGUARIAÍVA,PARANÁ,Brasil,,,,Cerrado,33,41,4112009,8,,221_077,10.9,POINT(-49.85745 -24.37135)
1815262481,a3fd008f-d1d4-3ed9-9abc-322a200c1ae9,-49.48159,-25.05633,2026-04-23 16:28:00+00:00,2026-04-23,NOAA-21,RIO BRANCO DO SUL,PARANÁ,Brasil,,,,Mata Atlântica,33,41,4122206,8,,221_077,4.6,POINT(-49.48159 -25.05633)
1815263479,4d8c0524-195a-3a1c-960e-a751b0e652d0,-42.73115,-22.66446,2026-04-23 16:28:00+00:00,2026-04-23,NOAA-21,CACHOEIRAS DE MACACU,RIO DE JANEIRO,Brasil,,,,Mata Atlântica,33,33,3300803,8,,217_076,3.5,POINT(-42.73115 -22.66446)
1815263183,b0c827ba-3fe6-3b75-a13e-97c361bdb779,-51.92121,-23.1212,2026-04-23 16:28:00+00:00,2026-04-23,NOAA-21,FLÓRIDA,PARANÁ,Brasil,,,,Mata Atlântica,33,41,4108106,8,,222_076,5.4,POINT(-51.92121 -23.1212)
1815262494,85ca40b7-7b06-3de3-83aa-5148cef8b02c,-49.47905,-25.05152,2026-04-23 16:28:00+00:00,2026-04-23,NOAA-21,RIO BRANCO DO SUL,PARANÁ,Brasil,,,,Mata Atlântica,33,41,4122206,8,,221_077,6.0,POINT(-49.47905 -25.05152)
1815262794,e3deae6b-0490-3b29-96fe-c09541d33654,-51.21861,-26.7448,2026-04-23 16:28:00+00:00,2026-04-23,NOAA-21,CAÇADOR,SANTA CATARINA,Brasil,,,,Mata Atlântica,33,42,4203006,8,,221_079,6.9,POINT(-51.21861 -26.7448)
1815263158,0a5ace0f-eb56-35ac-a5aa-674c08846a5c,-42.58406,-21.68179,2026-04-23 16:28:00+00:00,2026-04-23,NOAA-21,VOLTA GRANDE,MINAS GERAIS,Brasil,,,,Mata Atlântica,33,31,3172103,8,,217_075,3.0,POINT(-42.58406 -21.68179)
1815263232,fd7fa1a9-9710-3c64-88f6-f583eef36c1a,-51.46291,-27.34252,2026-04-23 16:28:00+00:00,2026-04-23,NOAA-21,CAMPOS NOVOS,SANTA CATARINA,Brasil,,,,Mata Atlântica,33,42,4203600,8,,222_079,2.8,POINT(-51.46291 -27.34252)
1815262754,499b0e8f-5622-3f98-8de5-011c4f61affc,-51.18657,-25.87881,2026-04-23 16:28:00+00:00,2026-04-23,NOAA-21,CRUZ MACHADO,PARANÁ,Brasil,,,,Mata Atlântica,33,41,4106803,8,,222_078,3.0,POINT(-51.18657 -25.87881)
1815263106,1c95ce6f-b719-36c1-a3b0-b0bd2388f9f9,-49.30032,-22.83383,2026-04-23 16:28:00+00:00,2026-04-23,NOAA-21,ÁGUAS DE SANTA BÁRBARA,SÃO PAULO,Brasil,,,,Cerrado,33,35,3500550,8,,221_076,11.1,POINT(-49.30032 -22.83383)
1815262881,cc1ec6fb-4193-3b7c-8911-83f81476824c,-48.04893,-23.56189,2026-04-23 16:28:00+00:00,2026-04-23,NOAA-21,ITAPETININGA,SÃO PAULO,Brasil,,,,Cerrado,33,35,3522307,8,,220_076,2.2,POINT(-48.04893 -23.56189)
1815262763,b3b1e964-edaf-34ea-896c-62a32b3ba750,-50.88974,-24.50581,2026-04-23 16:28:00+00:00,2026-04-23,NOAA-21,RESERVA,PARANÁ,Brasil,,,,Mata Atlântica,33,41,4121703,8,,222_077,1.6,POINT(-50.88974 -24.50581)
1815263118,2f980f25-06ef-34ff-8b6c-105e24f5dbdc,-52.27694,-23.17638,2026-04-23 16:28:00+00:00,2026-04-23,NOAA-21,ALTO PARANÁ,PARANÁ,Brasil,,,,Mata Atlântica,33,41,4100608,8,,223_076,3.7,POINT(-52.27694 -23.17638)
1815262807,a4674865-b4ef-381f-949f-7853975f7784,-51.17634,-26.0112,2026-04-23 16:28:00+00:00,2026-04-23,NOAA-21,CRUZ MACHADO,PARANÁ,Brasil,,,,Mata Atlântica,33,41,4106803,8,,222_078,3.1,POINT(-51.17634 -26.0112)
1815263097,259add7f-42f4-3cef-9f47-6e42921197d7,-51.03426,-27.66011,2026-04-23 16:28:00+00:00,2026-04-23,NOAA-21,ANITA GARIBALDI,SANTA CATARINA,Brasil,,,,Mata Atlântica,33,42,4201000,8,,221_079,10.7,POINT(-51.03426 -27.66011)
1815263132,d5e06b2b-39c4-3bfb-9c4d-26e27310e7e8,-47.03576,-21.91688,2026-04-23 16:28:00+00:00,2026-04-23,NOAA-21,CASA BRANCA,SÃO PAULO,Brasil,,,,Cerrado,33,35,3510807,8,,220_075,7.8,POINT(-47.03576 -21.91688)
1815263234,3dc4ba96-df6a-3f59-9482-b9b4e1d7c1f4,-42.28131,-22.83884,2026-04-23 16:28:00+00:00,2026-04-23,NOAA-21,ARARUAMA,RIO DE JANEIRO,Brasil,,,,Mata Atlântica,33,33,3300209,8,,216_076,1.6,POINT(-42.28131 -22.83884)
1815262447,eb5c2d04-3133-3623-a927-a9fd93f827d5,-50.72203,-27.55625,2026-04-23 16:28:00+00:00,2026-04-23,NOAA-21,SÃO JOSÉ DO CERRITO,SANTA CATARINA,Brasil,,,,Mata Atlântica,33,42,4216800,8,,221_079,22.6,POINT(-50.72203 -27.55625)
1815262816,4674f4b7-7471-3ad8-8cf3-da77cd1d54c8,-50.9161,-27.27645,2026-04-23 16:28:00+00:00,2026-04-23,NOAA-21,CAMPOS NOVOS,SANTA CATARINA,Brasil,,,,Mata Atlântica,33,42,4203600,8,,221_079,13.7,POINT(-50.9161 -27.27645)
1815263072,a239de1a-4e4c-3f51-89bd-c121764ef288,-47.74949,-21.12155,2026-04-23 16:28:00+00:00,2026-04-23,NOAA-21,RIBEIRÃO PRETO,SÃO PAULO,Brasil,,,,Cerrado,33,35,3543402,8,,220_075,3.0,POINT(-47.74949 -21.12155)
1815263095,375a6391-662b-380f-89da-f8e4c8e8e0a8,-50.57397,-27.61251,2026-04-23 16:28:00+00:00,2026-04-23,NOAA-21,SÃO JOSÉ DO CERRITO,SANTA CATARINA,Brasil,,,,Mata Atlântica,33,42,4216800,8,,221_079,5.9,POINT(-50.57397 -27.61251)
1815263280,15989970-e2b9-3bc1-a940-3dd7059c125d,-48.80789,-22.9326,2026-04-23 16:28:00+00:00,2026-04-23,NOAA-21,BOTUCATU,SÃO PAULO,Brasil,,,,Cerrado,33,35,3507506,8,,221_076,106.1,POINT(-48.80789 -22.9326)
1815262440,58db363c-bb00-3306-93e9-a23e9ce9b356,-49.1978,-24.23611,2026-04-23 16:28:00+00:00,2026-04-23,NOAA-21,ITARARÉ,SÃO PAULO,Brasil,,,,Cerrado,33,35,3523206,8,,221_077,9.7,POINT(-49.1978 -24.23611)
1815263079,66b1bfeb-1913-37be-9758-861962ba2cf2,-51.10332,-26.72983,2026-04-23 16:28:00+00:00,2026-04-23,NOAA-21,CAÇADOR,SANTA CATARINA,Brasil,,,,Mata Atlântica,33,42,4203006,8,,221_079,15.0,POINT(-51.10332 -26.72983)
1815262727,d694971c-17c5-3e41-b14c-1468f0f61d42,-52.89436,-18.306,2026-04-23 16:30:00+00:00,2026-04-23,NOAA-21,MINEIROS,GOIÁS,Brasil,,,,Cerrado,33,52,5213103,8,,224_073,7.1,POINT(-52.89436 -18.306)
1815262712,9f8d8ed9-0467-381d-8bdb-0f28e45d5d4c,-42.3568,-17.47638,2026-04-23 16:30:00+00:00,2026-04-23,NOAA-21,MINAS NOVAS,MINAS GERAIS,Brasil,,,,Cerrado,33,31,3141801,8,,217_072,15.6,POINT(-42.3568 -17.47638)
1815262713,252e4605-6e89-382b-924a-04908f628d91,-39.92744,-18.89172,2026-04-23 16:30:00+00:00,2026-04-23,NOAA-21,SÃO MATEUS,ESPÍRITO SANTO,Brasil,,,,Mata Atlântica,33,32,3204906,8,,215_073,22.6,POINT(-39.92744 -18.89172)
1815262711,b2f400d4-8a6a-3a75-b4c5-88199fa69656,-46.73756,-20.21206,2026-04-23 16:30:00+00:00,2026-04-23,NOAA-21,SÃO ROQUE DE MINAS,MINAS GERAIS,Brasil,,,,Cerrado,33,31,3164308,8,,220_074,11.6,POINT(-46.73756 -20.21206)
1815263057,d1139f84-9e5e-38c1-ab20-8da590098c24,-54.91727,-16.42389,2026-04-23 16:30:00+00:00,2026-04-23,NOAA-21,RONDONÓPOLIS,MATO GROSSO,Brasil,,,,Cerrado,33,51,5107602,8,,225_071,5.9,POINT(-54.91727 -16.42389)
1815263062,bfb726b8-bf78-308f-abac-00c9177a150f,-44.03747,-19.85092,2026-04-23 16:30:00+00:00,2026-04-23,NOAA-21,CONTAGEM,MINAS GERAIS,Brasil,,,,Cerrado,33,31,3118601,8,,218_074,7.3,POINT(-44.03747 -19.85092)
1815262668,a24753a6-0a1a-39fe-9afe-9235a184d01f,-51.34765,-19.68563,2026-04-23 16:30:00+00:00,2026-04-23,NOAA-21,PARANAÍBA,MATO GROSSO DO SUL,Brasil,,,,Cerrado,33,50,5006309,8,,223_074,3.9,POINT(-51.34765 -19.68563)
1815263024,080b371d-6d4b-3739-a54d-eb8290166c04,-48.01737,-16.28974,2026-04-23 16:30:00+00:00,2026-04-23,NOAA-21,LUZIÂNIA,GOIÁS,Brasil,,,,Cerrado,33,52,5212501,8,,221_071,8.2,POINT(-48.01737 -16.28974)
1815262664,ee87b308-d1d3-33aa-b1f1-4c0ef513d4c0,-42.35623,-17.47969,2026-04-23 16:30:00+00:00,2026-04-23,NOAA-21,MINAS NOVAS,MINAS GERAIS,Brasil,,,,Cerrado,33,31,3141801,8,,217_072,10.9,POINT(-42.35623 -17.47969)
1815262665,5eb71404-e846-3613-8521-3c4f588fe056,-43.48662,-16.57561,2026-04-23 16:30:00+00:00,2026-04-23,NOAA-21,FRANCISCO SÁ,MINAS GERAIS,Brasil,,,,Cerrado,33,31,3126703,8,,218_071,5.7,POINT(-43.48662 -16.57561)
1815262640,6a37bd8a-8683-3fb8-b137-1a1e9485d6bc,-39.92263,-18.89453,2026-04-23 16:30:00+00:00,2026-04-23,NOAA-21,SÃO MATEUS,ESPÍRITO SANTO,Brasil,,,,Mata Atlântica,33,32,3204906,8,,215_073,61.5,POINT(-39.92263 -18.89453)
1815262955,fdfa80d8-f97e-37ad-bca0-3fc0c05dee40,-45.60802,-17.13867,2026-04-23 16:30:00+00:00,2026-04-23,NOAA-21,JOÃO PINHEIRO,MINAS GERAIS,Brasil,,,,Cerrado,33,31,3136306,8,,219_072,6.8,POINT(-45.60802 -17.13867)
1815262931,13531834-343a-36a4-9f5c-7e97af786890,-41.99995,-18.94461,2026-04-23 16:30:00+00:00,2026-04-23,NOAA-21,ALPERCATA,MINAS GERAIS,Brasil,,,,Mata Atlântica,33,31,3101805,8,,217_073,2.6,POINT(-41.99995 -18.94461)
1815262616,b2bd4209-a926-3a4e-b593-f872d94c8065,-46.76387,-16.00128,2026-04-23 16:30:00+00:00,2026-04-23,NOAA-21,UNAÍ,MINAS GERAIS,Brasil,,,,Cerrado,33,31,3170404,8,,220_071,6.0,POINT(-46.76387 -16.00128)
1815262630,843bc634-e7f2-3822-b488-a91b19fdce75,-52.88203,-18.28246,2026-04-23 16:30:00+00:00,2026-04-23,NOAA-21,MINEIROS,GOIÁS,Brasil,,,,Cerrado,33,52,5213103,8,,224_073,14.9,POINT(-52.88203 -18.28246)
1815262933,b84e163a-1d5d-3dce-be38-85b86f86c716,-42.28391,-17.50927,2026-04-23 16:30:00+00:00,2026-04-23,NOAA-21,MINAS NOVAS,MINAS GERAIS,Brasil,,,,Cerrado,33,31,3141801,8,,217_072,0.6,POINT(-42.28391 -17.50927)
1815262608,3ec9fdfd-1f66-3205-94d0-33e96524ae0a,-46.77328,-20.21716,2026-04-23 16:30:00+00:00,2026-04-23,NOAA-21,SÃO ROQUE DE MINAS,MINAS GERAIS,Brasil,,,,Cerrado,33,31,3164308,8,,220_074,17.2,POINT(-46.77328 -20.21716)
1815262633,25f2ef39-0747-3930-8815-ea1ae3424ad8,-46.78526,-20.21803,2026-04-23 16:30:00+00:00,2026-04-23,NOAA-21,DELFINÓPOLIS,MINAS GERAIS,Brasil,,,,Cerrado,33,31,3121209,8,,220_074,9.4,POINT(-46.78526 -20.21803)
1815262745,d642141f-e762-3776-8879-942c9ad5a02f,-46.76348,-20.23853,2026-04-23 16:30:00+00:00,2026-04-23,NOAA-21,SÃO ROQUE DE MINAS,MINAS GERAIS,Brasil,,,,Cerrado,33,31,3164308,8,,220_074,5.6,POINT(-46.76348 -20.23853)
1815262918,98dcef40-9f1a-3698-8200-1a6d2782b9e8,-46.90944,-20.19597,2026-04-23 16:30:00+00:00,2026-04-23,NOAA-21,DELFINÓPOLIS,MINAS GERAIS,Brasil,,,,Cerrado,33,31,3121209,8,,220_074,7.3,POINT(-46.90944 -20.19597)
1815262940,28ed8aab-52b5-3a68-9c45-96bd83633d3c,-39.87341,-18.12235,2026-04-23 16:30:00+00:00,2026-04-23,NOAA-21,MUCURI,BAHIA,Brasil,,,,Mata Atlântica,33,29,2922003,8,,215_073,7.3,POINT(-39.87341 -18.12235)
1815263070,0021be23-a03f-3d1f-a4b9-2950e151a60c,-46.75692,-20.19954,2026-04-23 16:30:00+00:00,2026-04-23,NOAA-21,SÃO ROQUE DE MINAS,MINAS GERAIS,Brasil,,,,Cerrado,33,31,3164308,8,,220_074,10.9,POINT(-46.75692 -20.19954)
1815262876,726269bb-e4e0-3c55-bfaa-db2c54ad09a5,-52.88275,-18.27697,2026-04-23 16:30:00+00:00,2026-04-23,NOAA-21,MINEIROS,GOIÁS,Brasil,,,,Cerrado,33,52,5213103,8,,224_073,12.4,POINT(-52.88275 -18.27697)
1815262877,a2e4b661-e3cc-3701-b73f-2aeb480bf2e4,-46.85686,-20.16588,2026-04-23 16:30:00+00:00,2026-04-23,NOAA-21,SÃO ROQUE DE MINAS,MINAS GERAIS,Brasil,,,,Cerrado,33,31,3164308,8,,220_074,6.4,POINT(-46.85686 -20.16588)
1815262555,cbeeabf4-e657-360e-b420-439c5065879c,-43.33505,-15.59407,2026-04-23 16:30:00+00:00,2026-04-23,NOAA-21,JANAÚBA,MINAS GERAIS,Brasil,,,,Caatinga,33,31,3135100,8,,218_071,9.0,POINT(-43.33505 -15.59407)
1815262580,83545bfa-4688-3430-842f-0b7c74ea2d7f,-45.01068,-17.4979,2026-04-23 16:30:00+00:00,2026-04-23,NOAA-21,BURITIZEIRO,MINAS GERAIS,Brasil,,,,Cerrado,33,31,3109402,8,,219_072,11.4,POINT(-45.01068 -17.4979)
1815262873,a34d0a9f-9baa-3c30-8f25-90f66ae1c1fd,-40.5079,-14.6902,2026-04-23 16:30:00+00:00,2026-04-23,NOAA-21,PLANALTO,BAHIA,Brasil,,,,Mata Atlântica,33,29,2925006,8,,216_070,5.7,POINT(-40.5079 -14.6902)
1815262883,635e893e-d703-35a3-a80d-e7db7b7387d7,-44.5871,-14.4071,2026-04-23 16:30:00+00:00,2026-04-23,NOAA-21,MONTALVÂNIA,MINAS GERAIS,Brasil,,,,Cerrado,33,31,3142700,8,,219_070,15.8,POINT(-44.5871 -14.4071)
1815262851,95fb9f21-ab65-368e-88d5-26427ab06b7d,-42.3801,-18.02771,2026-04-23 16:30:00+00:00,2026-04-23,NOAA-21,ÁGUA BOA,MINAS GERAIS,Brasil,,,,Mata Atlântica,33,31,3100609,8,,217_072,3.0,POINT(-42.3801 -18.02771)
1815263697,83bc56ba-e1fa-3d56-878a-c39172011144,-46.75731,-20.19572,2026-04-23 16:30:00+00:00,2026-04-23,NOAA-21,SÃO ROQUE DE MINAS,MINAS GERAIS,Brasil,,,,Cerrado,33,31,3164308,8,,220_074,19.4,POINT(-46.75731 -20.19572)
1815263686,ab98da2d-e67b-3706-9759-12485bb73db3,-39.33752,-17.36873,2026-04-23 16:30:00+00:00,2026-04-23,NOAA-21,ALCOBAÇA,BAHIA,Brasil,,,,Mata Atlântica,33,29,2900801,8,,215_072,3.7,POINT(-39.33752 -17.36873)
1815263677,1973bbe9-e9b8-30e5-967a-466ac155cf64,-42.68649,-17.60933,2026-04-23 16:30:00+00:00,2026-04-23,NOAA-21,ITAMARANDIBA,MINAS GERAIS,Brasil,,,,Cerrado,33,31,3132503,8,,217_072,91.3,POINT(-42.68649 -17.60933)
1815263477,bb185f6c-7a7d-35db-b912-645b94eaa7ba,-46.86155,-20.17036,2026-04-23 16:30:00+00:00,2026-04-23,NOAA-21,SÃO ROQUE DE MINAS,MINAS GERAIS,Brasil,,,,Cerrado,33,31,3164308,8,,220_074,6.4,POINT(-46.86155 -20.17036)
1815263676,bc813c8c-418a-3da6-8df3-70a575ce6a21,-46.78296,-20.21843,2026-04-23 16:30:00+00:00,2026-04-23,NOAA-21,DELFINÓPOLIS,MINAS GERAIS,Brasil,,,,Cerrado,33,31,3121209,8,,220_074,5.4,POINT(-46.78296 -20.21843)
1815263467,9bebf82d-85b7-30f0-8bd1-85700bb969ad,-49.79295,-15.89261,2026-04-23 16:30:00+00:00,2026-04-23,NOAA-21,ITABERAÍ,GOIÁS,Brasil,,,,Cerrado,33,52,5210406,8,,222_071,3.3,POINT(-49.79295 -15.89261)
1815262468,67fc9ae3-8dc6-35e9-963e-07bb92b36ee8,-46.76237,-20.19639,2026-04-23 16:30:00+00:00,2026-04-23,NOAA-21,SÃO ROQUE DE MINAS,MINAS GERAIS,Brasil,,,,Cerrado,33,31,3164308,8,,220_074,29.2,POINT(-46.76237 -20.19639)
1815263461,6b305f50-1094-375d-bbb0-d6382cd94e9a,-41.67522,-15.53106,2026-04-23 16:30:00+00:00,2026-04-23,NOAA-21,ÁGUAS VERMELHAS,MINAS GERAIS,Brasil,,,,Mata Atlântica,33,31,3101003,8,,217_071,4.7,POINT(-41.67522 -15.53106)
1815263434,a1274710-8ea7-391e-b20d-b5728463756f,-41.80655,-15.17649,2026-04-23 16:30:00+00:00,2026-04-23,NOAA-21,SÃO JOÃO DO PARAÍSO,MINAS GERAIS,Brasil,,,,Mata Atlântica,33,31,3162708,8,,217_071,18.3,POINT(-41.80655 -15.17649)
1815263668,8154e41d-7d82-35bc-9c1c-b95acd77e271,-46.80376,-20.23973,2026-04-23 16:30:00+00:00,2026-04-23,NOAA-21,DELFINÓPOLIS,MINAS GERAIS,Brasil,,,,Cerrado,33,31,3121209,8,,220_074,4.5,POINT(-46.80376 -20.23973)
1815262461,b0443738-e73e-3b95-af59-3b1ca409c133,-43.76764,-15.27269,2026-04-23 16:30:00+00:00,2026-04-23,NOAA-21,JAÍBA,MINAS GERAIS,Brasil,,,,Cerrado,33,31,3135050,8,,218_071,27.0,POINT(-43.76764 -15.27269)
1815263405,85290523-b2e4-3134-9c13-fa96e65c1bb8,-46.85599,-20.17354,2026-04-23 16:30:00+00:00,2026-04-23,NOAA-21,SÃO ROQUE DE MINAS,MINAS GERAIS,Brasil,,,,Cerrado,33,31,3164308,8,,220_074,7.9,POINT(-46.85599 -20.17354)
1815262455,4449aa29-1b91-38d6-9257-b42fffdfeeea,-46.76423,-16.00274,2026-04-23 16:30:00+00:00,2026-04-23,NOAA-21,UNAÍ,MINAS GERAIS,Brasil,,,,Cerrado,33,31,3170404,8,,220_071,7.2,POINT(-46.76423 -16.00274)
1815263656,1644692b-c99c-3206-95ea-25a27663d69a,-40.43817,-15.58344,2026-04-23 16:30:00+00:00,2026-04-23,NOAA-21,MACARANI,BAHIA,Brasil,,,,Mata Atlântica,33,29,2919702,8,,216_071,3.2,POINT(-40.43817 -15.58344)
1815263393,9940e60a-4174-37cc-b05f-69e4a2ae9c80,-40.43838,-15.58578,2026-04-23 16:30:00+00:00,2026-04-23,NOAA-21,MACARANI,BAHIA,Brasil,,,,Mata Atlântica,33,29,2919702,8,,216_071,4.1,POINT(-40.43838 -15.58578)
1815262449,8897a8b7-d8a4-3486-9b93-620ff981b56c,-42.40907,-15.81748,2026-04-23 16:30:00+00:00,2026-04-23,NOAA-21,RIO PARDO DE MINAS,MINAS GERAIS,Brasil,,,,Cerrado,33,31,3155603,8,,217_071,9.2,POINT(-42.40907 -15.81748)
1815263385,9d6d3659-8a07-3583-907f-c65472a5aef9,-46.00957,-16.2057,2026-04-23 16:30:00+00:00,2026-04-23,NOAA-21,RIACHINHO,MINAS GERAIS,Brasil,,,,Cerrado,33,31,3154457,8,,220_071,3.5,POINT(-46.00957 -16.2057)
1815263377,59bb78bc-cfa7-344b-a4ba-2b3b3a220de4,-52.8938,-18.31152,2026-04-23 16:30:00+00:00,2026-04-23,NOAA-21,COSTA RICA,MATO GROSSO DO SUL,Brasil,,,,Cerrado,33,50,5003256,8,,224_073,7.1,POINT(-52.8938 -18.31152)
1815262443,a42d49e6-faf2-39a0-be37-0b2768994e2d,-40.63481,-15.79723,2026-04-23 16:30:00+00:00,2026-04-23,NOAA-21,BANDEIRA,MINAS GERAIS,Brasil,,,,Mata Atlântica,33,31,3105202,8,,216_071,7.4,POINT(-40.63481 -15.79723)
1815263652,ce388fc5-aad2-3f7e-9f9a-d3bfc367080d,-44.58352,-14.40656,2026-04-23 16:30:00+00:00,2026-04-23,NOAA-21,MONTALVÂNIA,MINAS GERAIS,Brasil,,,,Cerrado,33,31,3142700,8,,219_070,5.0,POINT(-44.58352 -14.40656)
1815263366,639963a6-4734-3f20-b70e-9008660e7649,-46.73582,-20.20839,2026-04-23 16:30:00+00:00,2026-04-23,NOAA-21,SÃO ROQUE DE MINAS,MINAS GERAIS,Brasil,,,,Cerrado,33,31,3164308,8,,220_074,9.5,POINT(-46.73582 -20.20839)
1815262438,34f7ae03-3769-30d6-90d9-1d1928bf3dee,-46.93768,-20.16833,2026-04-23 16:30:00+00:00,2026-04-23,NOAA-21,SACRAMENTO,MINAS GERAIS,Brasil,,,,Cerrado,33,31,3156908,8,,220_074,6.4,POINT(-46.93768 -20.16833)
1815263364,313dfefb-2f4b-3d62-9495-04281482d5d5,-49.99083,-21.00734,2026-04-23 16:30:00+00:00,2026-04-23,NOAA-21,PLANALTO,SÃO PAULO,Brasil,,,,Mata Atlântica,33,35,3539608,8,,222_074,5.0,POINT(-49.99083 -21.00734)
1815263362,7a68f9fa-b2c7-33da-96ac-e265d77df442,-56.61336,-19.44247,2026-04-23 16:30:00+00:00,2026-04-23,NOAA-21,CORUMBÁ,MATO GROSSO DO SUL,Brasil,,,,Pantanal,33,50,5003207,8,,226_073,21.4,POINT(-56.61336 -19.44247)
1815263359,00e75674-1fe6-31d5-ba11-95fd7649bfd0,-46.91055,-20.18831,2026-04-23 16:30:00+00:00,2026-04-23,NOAA-21,DELFINÓPOLIS,MINAS GERAIS,Brasil,,,,Cerrado,33,31,3121209,8,,220_074,9.2,POINT(-46.91055 -20.18831)
1815263356,b60699f7-e18f-3285-9335-8a9ae8fd3551,-46.77484,-20.20962,2026-04-23 16:30:00+00:00,2026-04-23,NOAA-21,SÃO ROQUE DE MINAS,MINAS GERAIS,Brasil,,,,Cerrado,33,31,3164308,8,,220_074,14.1,POINT(-46.77484 -20.20962)
1815263639,65c28340-4a56-35ec-ab43-53fc3adb5d65,-39.99204,-18.50267,2026-04-23 16:30:00+00:00,2026-04-23,NOAA-21,SÃO MATEUS,ESPÍRITO SANTO,Brasil,,,,Mata Atlântica,33,32,3204906,8,,215_073,10.3,POINT(-39.99204 -18.50267)
1815263345,d6e0f157-9a9c-3446-be0e-3068f9d4e398,-45.00965,-17.50472,2026-04-23 16:30:00+00:00,2026-04-23,NOAA-21,BURITIZEIRO,MINAS GERAIS,Brasil,,,,Cerrado,33,31,3109402,8,,219_072,49.3,POINT(-45.00965 -17.50472)
1815262536,401b980c-58f9-3d40-82a7-af7ce06b546a,-39.50268,-16.28776,2026-04-23 16:30:00+00:00,2026-04-23,NOAA-21,EUNÁPOLIS,BAHIA,Brasil,,,,Mata Atlântica,33,29,2910727,8,,215_071,20.5,POINT(-39.50268 -16.28776)
1815263327,5bdcba34-0387-34d3-a771-5d5dc870a7fd,-46.05327,-20.33017,2026-04-23 16:30:00+00:00,2026-04-23,NOAA-21,BAMBUÍ,MINAS GERAIS,Brasil,,,,Cerrado,33,31,3105103,8,,219_074,12.9,POINT(-46.05327 -20.33017)
1815263321,442059e5-e30d-372c-9bde-602a7d45ae18,-46.78123,-20.24852,2026-04-23 16:30:00+00:00,2026-04-23,NOAA-21,DELFINÓPOLIS,MINAS GERAIS,Brasil,,,,Cerrado,33,31,3121209,8,,220_074,5.4,POINT(-46.78123 -20.24852)
1815263319,d1af28c2-e93b-3292-9e47-66dbfc37b456,-46.76249,-20.19252,2026-04-23 16:30:00+00:00,2026-04-23,NOAA-21,SÃO ROQUE DE MINAS,MINAS GERAIS,Brasil,,,,Cerrado,33,31,3164308,8,,220_074,29.2,POINT(-46.76249 -20.19252)
1815263315,22ac47ba-5147-3150-931f-abd3b2c63db3,-46.74023,-20.21284,2026-04-23 16:30:00+00:00,2026-04-23,NOAA-21,SÃO ROQUE DE MINAS,MINAS GERAIS,Brasil,,,,Cerrado,33,31,3164308,8,,220_074,12.2,POINT(-46.74023 -20.21284)
1815263624,0d6d0caf-2fa5-36db-a85f-c8b919edabf2,-39.92328,-18.891,2026-04-23 16:30:00+00:00,2026-04-23,NOAA-21,SÃO MATEUS,ESPÍRITO SANTO,Brasil,,,,Mata Atlântica,33,32,3204906,8,,215_073,12.2,POINT(-39.92328 -18.891)
1815263297,584bde11-2827-3968-a204-4819f8114360,-42.91371,-18.4496,2026-04-23 16:30:00+00:00,2026-04-23,NOAA-21,PAULISTAS,MINAS GERAIS,Brasil,,,,Mata Atlântica,33,31,3148400,8,,217_073,8.9,POINT(-42.91371 -18.4496)
1815263284,6139ff23-3d53-3473-8d56-90e47588ca42,-52.88881,-18.28872,2026-04-23 16:30:00+00:00,2026-04-23,NOAA-21,MINEIROS,GOIÁS,Brasil,,,,Cerrado,33,52,5213103,8,,224_073,10.1,POINT(-52.88881 -18.28872)
1815263282,a3d772b4-b169-3bda-96ae-2053688ee088,-51.66056,-18.49456,2026-04-23 16:30:00+00:00,2026-04-23,NOAA-21,SERRANÓPOLIS,GOIÁS,Brasil,,,,Cerrado,33,52,5220504,8,,223_073,10.5,POINT(-51.66056 -18.49456)
1815263275,3cd69939-72aa-3957-9e8a-f93a9860ea5a,-46.95828,-20.17094,2026-04-23 16:30:00+00:00,2026-04-23,NOAA-21,SACRAMENTO,MINAS GERAIS,Brasil,,,,Cerrado,33,31,3156908,8,,220_074,9.7,POINT(-46.95828 -20.17094)
1815263269,6fceca51-3c42-3bbb-bcef-177e99b1a73a,-40.35907,-18.36392,2026-04-23 16:30:00+00:00,2026-04-23,NOAA-21,PINHEIROS,ESPÍRITO SANTO,Brasil,,,,Mata Atlântica,33,32,3204104,8,,216_073,5.9,POINT(-40.35907 -18.36392)
1815263261,ed8687f3-d080-3691-aeee-19d499d2fd2a,-41.13937,-16.96964,2026-04-23 16:30:00+00:00,2026-04-23,NOAA-21,JOAÍMA,MINAS GERAIS,Brasil,,,,Mata Atlântica,33,31,3136009,8,,216_072,5.8,POINT(-41.13937 -16.96964)
1815263257,49fddc63-6585-367a-af6a-b89c9f790c9b,-46.77578,-20.20588,2026-04-23 16:30:00+00:00,2026-04-23,NOAA-21,SÃO ROQUE DE MINAS,MINAS GERAIS,Brasil,,,,Cerrado,33,31,3164308,8,,220_074,13.0,POINT(-46.77578 -20.20588)
1815263621,f3dd596a-749e-332b-9eea-a8e5f2526ae1,-52.88718,-18.27185,2026-04-23 16:30:00+00:00,2026-04-23,NOAA-21,MINEIROS,GOIÁS,Brasil,,,,Cerrado,33,52,5213103,8,,224_073,8.8,POINT(-52.88718 -18.27185)
1815262751,6f417d70-3f84-37e9-9c5c-88bf7ae470e1,-44.36095,-18.86403,2026-04-23 16:30:00+00:00,2026-04-23,NOAA-21,INIMUTABA,MINAS GERAIS,Brasil,,,,Cerrado,33,31,3131109,8,,218_073,4.6,POINT(-44.36095 -18.86403)
1815263236,8d6c22e3-e2ee-3bc9-8881-1e048e1ba4e8,-39.92679,-18.89523,2026-04-23 16:30:00+00:00,2026-04-23,NOAA-21,SÃO MATEUS,ESPÍRITO SANTO,Brasil,,,,Mata Atlântica,33,32,3204906,8,,215_073,25.4,POINT(-39.92679 -18.89523)
1815263224,3536ffa1-1e8b-3ff0-8eea-a9c7c283557a,-39.11504,-15.95669,2026-04-23 16:30:00+00:00,2026-04-23,NOAA-21,BELMONTE,BAHIA,Brasil,,,,Mata Atlântica,33,29,2903409,8,,215_071,23.2,POINT(-39.11504 -15.95669)
1815263209,828a963a-3592-3a0a-9484-8d5e6718ca95,-41.14761,-15.01704,2026-04-23 16:30:00+00:00,2026-04-23,NOAA-21,BELO CAMPO,BAHIA,Brasil,,,,Mata Atlântica,33,29,2903508,8,,217_070,6.2,POINT(-41.14761 -15.01704)
1815262791,619c2356-d4dd-3393-8a6d-8d7864e15836,-51.3468,-19.68445,2026-04-23 16:30:00+00:00,2026-04-23,NOAA-21,PARANAÍBA,MATO GROSSO DO SUL,Brasil,,,,Cerrado,33,50,5006309,8,,223_074,4.1,POINT(-51.3468 -19.68445)
1815263181,0b8ecc21-1a61-3a15-92c6-acce9b15dde2,-44.03769,-19.84935,2026-04-23 16:30:00+00:00,2026-04-23,NOAA-21,CONTAGEM,MINAS GERAIS,Brasil,,,,Cerrado,33,31,3118601,8,,218_074,4.1,POINT(-44.03769 -19.84935)
1815262798,110b6bf3-2f2b-3308-be4a-9326c8c9ebc7,-54.91577,-16.42417,2026-04-23 16:30:00+00:00,2026-04-23,NOAA-21,RONDONÓPOLIS,MATO GROSSO,Brasil,,,,Cerrado,33,51,5107602,8,,225_071,6.5,POINT(-54.91577 -16.42417)
1815262802,76f516be-9964-3ed7-9c15-ccf5f3ac81e2,-42.52667,-16.80898,2026-04-23 16:30:00+00:00,2026-04-23,NOAA-21,BERILO,MINAS GERAIS,Brasil,,,,Cerrado,33,31,3106507,8,,217_072,3.3,POINT(-42.52667 -16.80898)
1815262804,ab8f191e-6653-386b-8347-ab2504655983,-46.14701,-19.97336,2026-04-23 16:30:00+00:00,2026-04-23,NOAA-21,MEDEIROS,MINAS GERAIS,Brasil,,,,Cerrado,33,31,3141306,8,,219_074,4.8,POINT(-46.14701 -19.97336)
1815262821,98c0eea6-6115-35b4-bff9-b7c864e42da0,-46.74246,-20.21267,2026-04-23 16:30:00+00:00,2026-04-23,NOAA-21,SÃO ROQUE DE MINAS,MINAS GERAIS,Brasil,,,,Cerrado,33,31,3164308,8,,220_074,7.7,POINT(-46.74246 -20.21267)
1815263135,eb2caf27-0a77-3709-b4bd-5b42ba10ecee,-54.92104,-16.42468,2026-04-23 16:30:00+00:00,2026-04-23,NOAA-21,RONDONÓPOLIS,MATO GROSSO,Brasil,,,,Cerrado,33,51,5107602,8,,225_071,6.5,POINT(-54.92104 -16.42468)
1815263128,00079d76-eac6-3c62-98b3-23fb4d9c0412,-46.73266,-20.19251,2026-04-23 16:30:00+00:00,2026-04-23,NOAA-21,SÃO ROQUE DE MINAS,MINAS GERAIS,Brasil,,,,Cerrado,33,31,3164308,8,,220_074,6.9,POINT(-46.73266 -20.19251)
1815262829,92e00e6c-aaf2-3178-ba0c-f3dc0db26f11,-44.8421,-15.41537,2026-04-23 16:30:00+00:00,2026-04-23,NOAA-21,BONITO DE MINAS,MINAS GERAIS,Brasil,,,,Cerrado,33,31,3108255,8,,219_071,2.6,POINT(-44.8421 -15.41537)
1815262839,e2197658-58c7-369f-b214-3f12fe712bd6,-43.05309,-15.4215,2026-04-23 16:30:00+00:00,2026-04-23,NOAA-21,PAI PEDRO,MINAS GERAIS,Brasil,,,,Caatinga,33,31,3146552,8,,218_071,3.2,POINT(-43.05309 -15.4215)
1815263120,2bd1ec3d-c7fe-35b7-82e5-783d61571e05,-45.00684,-17.49736,2026-04-23 16:30:00+00:00,2026-04-23,NOAA-21,BURITIZEIRO,MINAS GERAIS,Brasil,,,,Cerrado,33,31,3109402,8,,219_072,7.1,POINT(-45.00684 -17.49736)
1815262842,caece820-d55a-31d2-bca6-2ff54c7bdee4,-46.77082,-20.21622,2026-04-23 16:30:00+00:00,2026-04-23,NOAA-21,SÃO ROQUE DE MINAS,MINAS GERAIS,Brasil,,,,Cerrado,33,31,3164308,8,,220_074,12.2,POINT(-46.77082 -20.21622)
1815262843,eedbf721-b1ba-38fb-a7c9-9a43e7167c16,-40.35567,-18.35977,2026-04-23 16:30:00+00:00,2026-04-23,NOAA-21,PINHEIROS,ESPÍRITO SANTO,Brasil,,,,Mata Atlântica,33,32,3204104,8,,216_073,3.8,POINT(-40.35567 -18.35977)
1815262856,e563b293-ba6e-347c-9e31-54f9d0ed4fe3,-40.35973,-18.36045,2026-04-23 16:30:00+00:00,2026-04-23,NOAA-21,PINHEIROS,ESPÍRITO SANTO,Brasil,,,,Mata Atlântica,33,32,3204104,8,,216_073,5.2,POINT(-40.35973 -18.36045)
1815262863,771c0298-5cee-3cd9-9ddc-45ec75d287f6,-48.02126,-16.28716,2026-04-23 16:30:00+00:00,2026-04-23,NOAA-21,LUZIÂNIA,GOIÁS,Brasil,,,,Cerrado,33,52,5212501,8,,221_071,6.1,POINT(-48.02126 -16.28716)
1815262513,6183b77e-3ca9-3ee2-8b54-787852954b5a,-46.86083,-20.17416,2026-04-23 16:30:00+00:00,2026-04-23,NOAA-21,SÃO ROQUE DE MINAS,MINAS GERAIS,Brasil,,,,Cerrado,33,31,3164308,8,,220_074,7.9,POINT(-46.86083 -20.17416)
1815262501,cf3ecee9-4e0f-307d-b1ba-1750c98982de,-45.33695,-12.05285,2026-04-23 16:33:00+00:00,2026-04-23,NOAA-21,BARREIRAS,BAHIA,Brasil,,,,Cerrado,33,29,2903201,8,,220_068,7.9,POINT(-45.33695 -12.05285)
1815262800,0e40a12a-1bf9-38cb-9eb2-16e1d1929ff5,-35.31248,-8.04422,2026-04-23 16:33:00+00:00,2026-04-23,NOAA-21,GLÓRIA DO GOITÁ,PERNAMBUCO,Brasil,,,,Mata Atlântica,33,26,2606101,8,,214_066,6.2,POINT(-35.31248 -8.04422)
1815262895,825e070d-bd06-3466-bf1c-caa27cac2a92,-46.87545,-9.64451,2026-04-23 16:33:00+00:00,2026-04-23,NOAA-21,LIZARDA,TOCANTINS,Brasil,,,,Cerrado,33,17,1712405,8,,221_067,3.7,POINT(-46.87545 -9.64451)
1815262803,638955fd-d78d-3636-9e29-ef028704913d,-46.95419,-11.17532,2026-04-23 16:33:00+00:00,2026-04-23,NOAA-21,ALMAS,TOCANTINS,Brasil,,,,Cerrado,33,17,1700400,8,,221_068,4.7,POINT(-46.95419 -11.17532)
1815262867,9c395f69-353c-31a2-ba66-2f091553f0ba,-35.49658,-7.83399,2026-04-23 16:33:00+00:00,2026-04-23,NOAA-21,LIMOEIRO,PERNAMBUCO,Brasil,,,,Caatinga,33,26,2608909,8,,214_065,5.1,POINT(-35.49658 -7.83399)
1815262923,d2fbd6ba-2edf-3792-872a-894e4d9f2f3a,-46.91619,-11.10391,2026-04-23 16:33:00+00:00,2026-04-23,NOAA-21,PONTE ALTA DO TOCANTINS,TOCANTINS,Brasil,,,,Cerrado,33,17,1717909,8,,221_068,12.1,POINT(-46.91619 -11.10391)
1815263640,b6204112-cb16-3e66-92d6-b457cedc89ff,-46.79408,-11.07912,2026-04-23 16:33:00+00:00,2026-04-23,NOAA-21,PONTE ALTA DO TOCANTINS,TOCANTINS,Brasil,,,,Cerrado,33,17,1717909,8,,221_068,8.2,POINT(-46.79408 -11.07912)
1815263044,f0192b48-07d1-3bb6-be03-865b305ca7f4,-49.29514,-11.96463,2026-04-23 16:33:00+00:00,2026-04-23,NOAA-21,FORMOSO DO ARAGUAIA,TOCANTINS,Brasil,,,,Cerrado,33,17,1708205,8,,222_068,12.0,POINT(-49.29514 -11.96463)
1815262634,23555171-04ec-354b-a0f9-5f8a160a4563,-45.46852,-13.6312,2026-04-23 16:33:00+00:00,2026-04-23,NOAA-21,CORRENTINA,BAHIA,Brasil,,,,Cerrado,33,29,2909307,8,,220_069,9.2,POINT(-45.46852 -13.6312)
1815263143,f738ff9f-e6d3-3567-9c3f-0c3abe5cb58c,-57.43078,-14.20268,2026-04-23 16:33:00+00:00,2026-04-23,NOAA-21,NOVA MARILÂNDIA,MATO GROSSO,Brasil,,,,Amazônia,33,51,5108857,8,,227_070,17.3,POINT(-57.43078 -14.20268)
1815262815,55568a74-d987-38e7-aae8-36126e180585,-46.95808,-11.17588,2026-04-23 16:33:00+00:00,2026-04-23,NOAA-21,ALMAS,TOCANTINS,Brasil,,,,Cerrado,33,17,1700400,8,,221_068,6.7,POINT(-46.95808 -11.17588)
1815262638,e6d676d0-de3a-36c3-a6ad-ddbf78d782c6,-55.01741,-11.84989,2026-04-23 16:33:00+00:00,2026-04-23,NOAA-21,SANTA CARMEM,MATO GROSSO,Brasil,,,,Amazônia,33,51,5107248,8,,226_068,6.0,POINT(-55.01741 -11.84989)
1815263638,e4937524-9aaa-3c1b-acee-5dd74a0e3f98,-45.31414,-13.3774,2026-04-23 16:33:00+00:00,2026-04-23,NOAA-21,CORRENTINA,BAHIA,Brasil,,,,Cerrado,33,29,2909307,8,,220_069,24.5,POINT(-45.31414 -13.3774)
1815262639,14215378-988f-3f59-916a-f7ccb705d4e3,-47.94461,-11.67009,2026-04-23 16:33:00+00:00,2026-04-23,NOAA-21,CHAPADA DA NATIVIDADE,TOCANTINS,Brasil,,,,Cerrado,33,17,1705102,8,,222_068,4.4,POINT(-47.94461 -11.67009)
1815263585,6c6f8dce-0597-3e37-b7bc-cf07745de6f1,-49.69198,-10.45504,2026-04-23 16:33:00+00:00,2026-04-23,NOAA-21,PIUM,TOCANTINS,Brasil,,,,Cerrado,33,17,1717503,8,,223_067,3.7,POINT(-49.69198 -10.45504)
1815262547,bdcece1c-7cd7-3772-bc6d-de549df33113,-44.18768,-12.24649,2026-04-23 16:33:00+00:00,2026-04-23,NOAA-21,CRISTÓPOLIS,BAHIA,Brasil,,,,Cerrado,33,29,2909703,8,,219_068,3.9,POINT(-44.18768 -12.24649)
1815263637,5716eb03-2741-3de0-8e78-e4f783f1d1f4,-47.19456,-7.25564,2026-04-23 16:33:00+00:00,2026-04-23,NOAA-21,CAROLINA,MARANHÃO,Brasil,,,,Cerrado,33,21,2102804,8,,222_065,7.5,POINT(-47.19456 -7.25564)
1815262916,0454dbb1-542b-3aae-b862-f56781495a27,-46.93206,-11.2182,2026-04-23 16:33:00+00:00,2026-04-23,NOAA-21,ALMAS,TOCANTINS,Brasil,,,,Cerrado,33,17,1700400,8,,221_068,5.1,POINT(-46.93206 -11.2182)
1815262532,81791adb-b504-3811-80fc-aac1d2401448,-46.93549,-11.10671,2026-04-23 16:33:00+00:00,2026-04-23,NOAA-21,PONTE ALTA DO TOCANTINS,TOCANTINS,Brasil,,,,Cerrado,33,17,1717909,8,,221_068,16.3,POINT(-46.93549 -11.10671)
1815263342,3d4a789b-b141-3577-8677-93a9e3d01b5e,-54.10067,-12.27818,2026-04-23 16:33:00+00:00,2026-04-23,NOAA-21,NOVA UBIRATÃ,MATO GROSSO,Brasil,,,,Amazônia,33,51,5106240,8,,226_068,5.1,POINT(-54.10067 -12.27818)
1815262546,db3da596-1a51-3e27-bff7-6b39bf4c1e91,-44.99379,-10.60158,2026-04-23 16:33:00+00:00,2026-04-23,NOAA-21,CORRENTE,PIAUÍ,Brasil,,,,Cerrado,33,22,2202901,8,,220_067,6.3,POINT(-44.99379 -10.60158)
1815263339,b63949e6-c4b5-3c61-9a84-e6ddcc6519a1,-43.65512,-11.77031,2026-04-23 16:33:00+00:00,2026-04-23,NOAA-21,BARRA,BAHIA,Brasil,,,,Cerrado,33,29,2902708,8,,219_068,6.6,POINT(-43.65512 -11.77031)
1815263338,b520115d-fc9f-35db-b166-2564bde9e4db,-46.92823,-11.10212,2026-04-23 16:33:00+00:00,2026-04-23,NOAA-21,PONTE ALTA DO TOCANTINS,TOCANTINS,Brasil,,,,Cerrado,33,17,1717909,8,,221_068,4.6,POINT(-46.92823 -11.10212)
1815262512,265324ff-8d6a-373c-b2a2-9b2af5c334ed,-45.31,-13.38021,2026-04-23 16:33:00+00:00,2026-04-23,NOAA-21,CORRENTINA,BAHIA,Brasil,,,,Cerrado,33,29,2909307,8,,220_069,15.3,POINT(-45.31 -13.38021)
1815262540,22f22eda-d1ec-36c6-8f56-0c431b774e09,-46.96641,-11.17352,2026-04-23 16:33:00+00:00,2026-04-23,NOAA-21,ALMAS,TOCANTINS,Brasil,,,,Cerrado,33,17,1700400,8,,221_068,15.3,POINT(-46.96641 -11.17352)
1815263634,6720b4ee-c996-3245-89d1-f7c8d2a640f6,-46.80457,-11.08769,2026-04-23 16:33:00+00:00,2026-04-23,NOAA-21,PONTE ALTA DO TOCANTINS,TOCANTINS,Brasil,,,,Cerrado,33,17,1717909,8,,221_068,32.3,POINT(-46.80457 -11.08769)
1815262990,2aa98272-1e1c-3dac-afbe-ca4cc8f4a8a5,-43.78965,-13.44392,2026-04-23 16:33:00+00:00,2026-04-23,NOAA-21,SERRA DO RAMALHO,BAHIA,Brasil,,,,Cerrado,33,29,2930154,8,,219_069,28.6,POINT(-43.78965 -13.44392)
1815263048,a1843c2e-1001-32bd-874e-729ed0395069,-43.66116,-11.77804,2026-04-23 16:33:00+00:00,2026-04-23,NOAA-21,BARRA,BAHIA,Brasil,,,,Cerrado,33,29,2902708,8,,219_068,7.6,POINT(-43.66116 -11.77804)
1815263334,092a7cbd-832e-3e57-8d89-87b2564a63af,-47.72236,-14.12169,2026-04-23 16:33:00+00:00,2026-04-23,NOAA-21,ALTO PARAÍSO DE GOIÁS,GOIÁS,Brasil,,,,Cerrado,33,52,5200605,8,,221_070,10.1,POINT(-47.72236 -14.12169)
1815263330,9da4e2a2-0b46-3c8a-8e7b-78d734a1a183,-49.68243,-10.46406,2026-04-23 16:33:00+00:00,2026-04-23,NOAA-21,PIUM,TOCANTINS,Brasil,,,,Cerrado,33,17,1717503,8,,223_067,9.9,POINT(-49.68243 -10.46406)
1815263629,5c85fcec-929d-3ace-9146-7b17634ee012,-43.65813,-11.77418,2026-04-23 16:33:00+00:00,2026-04-23,NOAA-21,BARRA,BAHIA,Brasil,,,,Cerrado,33,29,2902708,8,,219_068,6.6,POINT(-43.65813 -11.77418)
1815262650,712866a9-ba0b-32af-ba9c-47424da74303,-49.71114,-11.84641,2026-04-23 16:33:00+00:00,2026-04-23,NOAA-21,FORMOSO DO ARAGUAIA,TOCANTINS,Brasil,,,,Cerrado,33,17,1708205,8,,223_068,7.1,POINT(-49.71114 -11.84641)
1815263329,3c1a4553-3935-32f5-8f4c-21e790154e47,-45.34053,-12.05339,2026-04-23 16:33:00+00:00,2026-04-23,NOAA-21,BARREIRAS,BAHIA,Brasil,,,,Cerrado,33,29,2903201,8,,220_068,6.7,POINT(-45.34053 -12.05339)
1815263138,36ec16b2-8bc6-38e9-abfc-29e8fcb0636c,-49.72861,-11.82802,2026-04-23 16:33:00+00:00,2026-04-23,NOAA-21,FORMOSO DO ARAGUAIA,TOCANTINS,Brasil,,,,Cerrado,33,17,1708205,8,,223_068,12.0,POINT(-49.72861 -11.82802)
1815262984,af491de3-2449-3b56-a3ff-4b664155781d,-47.69614,-14.11054,2026-04-23 16:33:00+00:00,2026-04-23,NOAA-21,ALTO PARAÍSO DE GOIÁS,GOIÁS,Brasil,,,,Cerrado,33,52,5200605,8,,221_070,20.8,POINT(-47.69614 -14.11054)
1815262968,2d0c380e-15d5-3ede-8ef6-746031934200,-46.80075,-11.08713,2026-04-23 16:33:00+00:00,2026-04-23,NOAA-21,PONTE ALTA DO TOCANTINS,TOCANTINS,Brasil,,,,Cerrado,33,17,1717909,8,,221_068,15.1,POINT(-46.80075 -11.08713)
1815262658,df16c7d4-8745-3b73-9582-cc67bbb20a29,-46.74832,-11.93715,2026-04-23 16:33:00+00:00,2026-04-23,NOAA-21,NOVO JARDIM,TOCANTINS,Brasil,,,,Cerrado,33,17,1715259,8,,221_068,12.4,POINT(-46.74832 -11.93715)
1815262820,a79b22cd-9a5e-3734-a046-d5bd1e960584,-46.83055,-11.07032,2026-04-23 16:33:00+00:00,2026-04-23,NOAA-21,PONTE ALTA DO TOCANTINS,TOCANTINS,Brasil,,,,Cerrado,33,17,1717909,8,,221_068,7.5,POINT(-46.83055 -11.07032)
1815263092,935cee5d-ac20-3936-b4d9-e2c1ea3ccaa3,-43.64554,-11.76202,2026-04-23 16:33:00+00:00,2026-04-23,NOAA-21,BARRA,BAHIA,Brasil,,,,Cerrado,33,29,2902708,8,,219_068,25.9,POINT(-43.64554 -11.76202)
1815262511,56c49ebd-c4e9-3c33-84dd-e7163fcde11f,-44.81223,-10.99568,2026-04-23 16:33:00+00:00,2026-04-23,NOAA-21,SANTA RITA DE CÁSSIA,BAHIA,Brasil,,,,Cerrado,33,29,2928406,8,,220_068,6.8,POINT(-44.81223 -10.99568)
1815263718,06282125-e70f-3fae-be7e-83da86d82716,-47.6956,-14.11425,2026-04-23 16:33:00+00:00,2026-04-23,NOAA-21,ALTO PARAÍSO DE GOIÁS,GOIÁS,Brasil,,,,Cerrado,33,52,5200605,8,,221_070,20.8,POINT(-47.6956 -14.11425)
1815262915,8ba87902-30da-3894-b9f2-dc84954aa807,-46.9321,-11.10268,2026-04-23 16:33:00+00:00,2026-04-23,NOAA-21,PONTE ALTA DO TOCANTINS,TOCANTINS,Brasil,,,,Cerrado,33,17,1717909,8,,221_068,4.6,POINT(-46.9321 -11.10268)
1815262667,b710a9ac-8b97-3737-986b-2a69783a47ef,-43.80379,-13.44609,2026-04-23 16:33:00+00:00,2026-04-23,NOAA-21,SERRA DO RAMALHO,BAHIA,Brasil,,,,Cerrado,33,29,2930154,8,,219_069,3.9,POINT(-43.80379 -13.44609)
1815263059,d9bb4b7b-dd87-3501-be94-92d3b928a3ef,-49.7323,-11.82852,2026-04-23 16:33:00+00:00,2026-04-23,NOAA-21,FORMOSO DO ARAGUAIA,TOCANTINS,Brasil,,,,Cerrado,33,17,1708205,8,,223_068,5.5,POINT(-49.7323 -11.82852)
1815263318,3c9e4183-1bfe-32b3-a4b1-470fd60ba4fb,-46.8848,-11.10289,2026-04-23 16:33:00+00:00,2026-04-23,NOAA-21,PONTE ALTA DO TOCANTINS,TOCANTINS,Brasil,,,,Cerrado,33,17,1717909,8,,221_068,9.8,POINT(-46.8848 -11.10289)
1815262669,9bbaa3ac-01f6-35ec-9f71-7d6f6ab61fbf,-54.09695,-12.27773,2026-04-23 16:33:00+00:00,2026-04-23,NOAA-21,NOVA UBIRATÃ,MATO GROSSO,Brasil,,,,Amazônia,33,51,5106240,8,,225_069,5.1,POINT(-54.09695 -12.27773)
1815262965,f3abe1fe-adcc-3799-9c05-e9334dbea6e2,-47.72342,-14.11425,2026-04-23 16:33:00+00:00,2026-04-23,NOAA-21,ALTO PARAÍSO DE GOIÁS,GOIÁS,Brasil,,,,Cerrado,33,52,5200605,8,,221_070,55.1,POINT(-47.72342 -14.11425)
1815263065,6624e341-02d5-3e0a-9dfa-a3e98d6f0365,-49.49203,-11.44315,2026-04-23 16:33:00+00:00,2026-04-23,NOAA-21,DUERÉ,TOCANTINS,Brasil,,,,Cerrado,33,17,1707306,8,,223_068,17.2,POINT(-49.49203 -11.44315)
1815263588,bfd4a796-ea7c-37a2-aa15-e9bbae1f7100,-45.3441,-12.05392,2026-04-23 16:33:00+00:00,2026-04-23,NOAA-21,BARREIRAS,BAHIA,Brasil,,,,Cerrado,33,29,2903201,8,,220_068,6.7,POINT(-45.3441 -12.05392)
1815262827,6a943d41-b951-34d0-a588-cc86deaf70ad,-52.26722,-10.51805,2026-04-23 16:33:00+00:00,2026-04-23,NOAA-21,SÃO JOSÉ DO XINGU,MATO GROSSO,Brasil,,,,Amazônia,33,51,5107354,8,,225_067,3.8,POINT(-52.26722 -10.51805)
1815263305,fc985a88-b16d-3721-ae2c-72fd0368862d,-45.31363,-13.38075,2026-04-23 16:33:00+00:00,2026-04-23,NOAA-21,CORRENTINA,BAHIA,Brasil,,,,Cerrado,33,29,2909307,8,,220_069,15.3,POINT(-45.31363 -13.38075)
1815262680,aa558d07-c3c2-37e1-86c6-b8f95bef287c,-46.66309,-12.43899,2026-04-23 16:33:00+00:00,2026-04-23,NOAA-21,TAGUATINGA,TOCANTINS,Brasil,,,,Cerrado,33,17,1720903,8,,221_069,9.1,POINT(-46.66309 -12.43899)
1815262681,6dc1c860-3209-3987-97f5-10a21702feba,-44.81172,-10.99898,2026-04-23 16:33:00+00:00,2026-04-23,NOAA-21,SANTA RITA DE CÁSSIA,BAHIA,Brasil,,,,Cerrado,33,29,2928406,8,,220_068,6.8,POINT(-44.81172 -10.99898)
1815262698,715fe378-0c49-3033-9358-45f15ebedc51,-43.63845,-11.76091,2026-04-23 16:33:00+00:00,2026-04-23,NOAA-21,BARRA,BAHIA,Brasil,,,,Cerrado,33,29,2902708,8,,219_068,25.7,POINT(-43.63845 -11.76091)
1815262709,cdc23661-0a69-366c-a11b-4ba83acb7804,-49.72438,-11.8316,2026-04-23 16:33:00+00:00,2026-04-23,NOAA-21,FORMOSO DO ARAGUAIA,TOCANTINS,Brasil,,,,Cerrado,33,17,1708205,8,,223_068,3.8,POINT(-49.72438 -11.8316)
1815262864,2ba7c8f2-830e-3274-8517-23e971aa057e,-45.21535,-12.06192,2026-04-23 16:33:00+00:00,2026-04-23,NOAA-21,BARREIRAS,BAHIA,Brasil,,,,Cerrado,33,29,2903201,8,,220_068,12.0,POINT(-45.21535 -12.06192)
1815263123,e852b6a0-8ae2-3c2d-a5ad-3e324df64186,-39.01145,-11.01924,2026-04-23 16:33:00+00:00,2026-04-23,NOAA-21,TUCANO,BAHIA,Brasil,,,,Caatinga,33,29,2931905,8,,216_068,8.0,POINT(-39.01145 -11.01924)
1815263084,be282f50-4ae9-3c98-9c51-88dadc444109,-46.95033,-11.17477,2026-04-23 16:33:00+00:00,2026-04-23,NOAA-21,ALMAS,TOCANTINS,Brasil,,,,Cerrado,33,17,1700400,8,,221_068,4.7,POINT(-46.95033 -11.17477)
1815263293,1cb02a95-f05d-3a93-9242-eaf3b8056c36,-46.82237,-11.07266,2026-04-23 16:33:00+00:00,2026-04-23,NOAA-21,PONTE ALTA DO TOCANTINS,TOCANTINS,Brasil,,,,Cerrado,33,17,1717909,8,,221_068,7.1,POINT(-46.82237 -11.07266)
1815263121,39746357-29a2-3962-a2d6-a4b52d23b9ed,-46.07389,-9.47956,2026-04-23 16:33:00+00:00,2026-04-23,NOAA-21,ALTO PARNAÍBA,MARANHÃO,Brasil,,,,Cerrado,33,21,2100501,8,,221_067,7.1,POINT(-46.07389 -9.47956)
1815263290,985da4d1-7c47-3546-b066-891a152ebd0a,-43.61839,-11.79521,2026-04-23 16:33:00+00:00,2026-04-23,NOAA-21,BARRA,BAHIA,Brasil,,,,Cerrado,33,29,2902708,8,,219_068,9.3,POINT(-43.61839 -11.79521)
1815262959,0b6f25a2-302a-3da0-9d07-01b30a564bdd,-44.18418,-12.24595,2026-04-23 16:33:00+00:00,2026-04-23,NOAA-21,CRISTÓPOLIS,BAHIA,Brasil,,,,Cerrado,33,29,2909703,8,,219_068,3.9,POINT(-44.18418 -12.24595)
1815263286,c9bb5e30-51f0-39a5-a63e-b02967952b2f,-49.71168,-11.84233,2026-04-23 16:33:00+00:00,2026-04-23,NOAA-21,FORMOSO DO ARAGUAIA,TOCANTINS,Brasil,,,,Cerrado,33,17,1708205,8,,223_068,44.0,POINT(-49.71168 -11.84233)
1815263081,c192d2f1-dd76-35ba-be54-0e3f15cc1025,-45.30949,-13.38356,2026-04-23 16:33:00+00:00,2026-04-23,NOAA-21,CORRENTINA,BAHIA,Brasil,,,,Cerrado,33,29,2909307,8,,220_069,15.3,POINT(-45.30949 -13.38356)
1815263603,a5bb7e37-2433-3304-aee3-1605c2c91268,-44.62286,-11.12973,2026-04-23 16:33:00+00:00,2026-04-23,NOAA-21,SANTA RITA DE CÁSSIA,BAHIA,Brasil,,,,Cerrado,33,29,2928406,8,,220_068,2.4,POINT(-44.62286 -11.12973)
1815262893,3d0d50e6-fe0a-3012-8b9f-b7beae8b1914,-43.80025,-13.44555,2026-04-23 16:33:00+00:00,2026-04-23,NOAA-21,SERRA DO RAMALHO,BAHIA,Brasil,,,,Cerrado,33,29,2930154,8,,219_069,3.9,POINT(-43.80025 -13.44555)
1815263007,31ce76ad-949c-3ef8-a7fd-66d44bca3ed6,-44.95939,-10.18835,2026-04-23 16:33:00+00:00,2026-04-23,NOAA-21,CORRENTE,PIAUÍ,Brasil,,,,Cerrado,33,22,2202901,8,,220_067,3.9,POINT(-44.95939 -10.18835)
1815262723,b403f9cd-cfb6-3cfa-95e0-fe22c78b2bbb,-49.42718,-10.97789,2026-04-23 16:33:00+00:00,2026-04-23,NOAA-21,SANTA RITA DO TOCANTINS,TOCANTINS,Brasil,,,,Cerrado,33,17,1718899,8,,223_068,5.3,POINT(-49.42718 -10.97789)
1815263610,18f6ed00-9cd9-358c-8d7a-cefd5bd4d7a3,-45.23063,-12.00985,2026-04-23 16:33:00+00:00,2026-04-23,NOAA-21,BARREIRAS,BAHIA,Brasil,,,,Cerrado,33,29,2903201,8,,220_068,7.0,POINT(-45.23063 -12.00985)
1815263274,88aed8be-da26-35fb-b9d9-6aa6b273dcc9,-47.18817,-13.05878,2026-04-23 16:33:00+00:00,2026-04-23,NOAA-21,ARRAIAS,TOCANTINS,Brasil,,,,Cerrado,33,17,1702406,8,,221_069,2.9,POINT(-47.18817 -13.05878)
1815263273,86f52dae-e22e-378e-820c-03b6e80d3dca,-46.8812,-12.40804,2026-04-23 16:33:00+00:00,2026-04-23,NOAA-21,TAGUATINGA,TOCANTINS,Brasil,,,,Cerrado,33,17,1720903,8,,221_069,17.8,POINT(-46.8812 -12.40804)
1815263271,0ec2eca9-6e07-31bd-acec-76dec78b071c,-46.92828,-11.18932,2026-04-23 16:33:00+00:00,2026-04-23,NOAA-21,ALMAS,TOCANTINS,Brasil,,,,Cerrado,33,17,1700400,8,,221_068,10.1,POINT(-46.92828 -11.18932)
1815263605,01fd30b3-f1a0-30c8-8894-65754208200a,-43.63898,-11.7576,2026-04-23 16:33:00+00:00,2026-04-23,NOAA-21,BARRA,BAHIA,Brasil,,,,Cerrado,33,29,2902708,8,,219_068,7.9,POINT(-43.63898 -11.7576)
1815263265,1813c372-896f-3a41-9be5-ad2af0f491e0,-45.22246,-12.06299,2026-04-23 16:33:00+00:00,2026-04-23,NOAA-21,BARREIRAS,BAHIA,Brasil,,,,Cerrado,33,29,2903201,8,,220_068,11.7,POINT(-45.22246 -12.06299)
1815262866,d1b1b833-92e8-31a0-8216-2bc16b07636e,-46.87132,-11.11506,2026-04-23 16:33:00+00:00,2026-04-23,NOAA-21,PONTE ALTA DO TOCANTINS,TOCANTINS,Brasil,,,,Cerrado,33,17,1717909,8,,221_068,10.5,POINT(-46.87132 -11.11506)
1815262903,cfe4fa22-6de3-3ce2-b9d7-83178cf1667e,-43.64093,-11.7681,2026-04-23 16:33:00+00:00,2026-04-23,NOAA-21,BARRA,BAHIA,Brasil,,,,Cerrado,33,29,2902708,8,,219_068,14.5,POINT(-43.64093 -11.7681)
1815263115,f11c0ac3-fba1-39fa-9871-577a489ec1d1,-50.02842,-12.75303,2026-04-23 16:33:00+00:00,2026-04-23,NOAA-21,ARAGUAÇU,TOCANTINS,Brasil,,,,Cerrado,33,17,1702000,8,,223_069,7.9,POINT(-50.02842 -12.75303)
1815263622,7ec5dd4b-b84b-3e9c-820d-d00923e72c12,-44.8337,-8.79279,2026-04-23 16:33:00+00:00,2026-04-23,NOAA-21,CURRAIS,PIAUÍ,Brasil,,,,Cerrado,33,22,2203230,8,,220_066,7.3,POINT(-44.8337 -8.79279)
1815262737,5e49119b-07eb-352a-a061-de7f17937647,-49.69493,-10.45953,2026-04-23 16:33:00+00:00,2026-04-23,NOAA-21,PIUM,TOCANTINS,Brasil,,,,Cerrado,33,17,1717503,8,,223_067,3.7,POINT(-49.69493 -10.45953)
1815263248,9fadbab2-c209-3737-b80c-81b5d43aa88e,-46.23512,-13.97077,2026-04-23 16:33:00+00:00,2026-04-23,NOAA-21,GUARANI DE GOIÁS,GOIÁS,Brasil,,,,Cerrado,33,52,5209408,8,,220_070,8.5,POINT(-46.23512 -13.97077)
1815262503,038e916d-d4fa-322f-9b7f-4edbc6c685ec,-43.65157,-11.76976,2026-04-23 16:33:00+00:00,2026-04-23,NOAA-21,BARRA,BAHIA,Brasil,,,,Cerrado,33,29,2902708,8,,219_068,7.2,POINT(-43.65157 -11.76976)
1815263110,38671117-a0ae-38b1-8df1-846ff1944594,-49.18414,-10.16239,2026-04-23 16:33:00+00:00,2026-04-23,NOAA-21,CHAPADA DE AREIA,TOCANTINS,Brasil,,,,Cerrado,33,17,1704600,8,,223_067,6.8,POINT(-49.18414 -10.16239)
1815262742,73400873-b8a4-32ef-83eb-0e6ee5e991ab,-43.46933,-13.27213,2026-04-23 16:33:00+00:00,2026-04-23,NOAA-21,SERRA DO RAMALHO,BAHIA,Brasil,,,,Cerrado,33,29,2930154,8,,218_069,2.4,POINT(-43.46933 -13.27213)
1815263589,b2c4ab90-6e57-3ee8-a380-c5e9ad042472,-44.1847,-12.24265,2026-04-23 16:33:00+00:00,2026-04-23,NOAA-21,CRISTÓPOLIS,BAHIA,Brasil,,,,Cerrado,33,29,2909703,8,,219_068,4.3,POINT(-44.1847 -12.24265)
1815262845,f6ad933c-0939-3e0c-a225-660133f14451,-46.65918,-12.43843,2026-04-23 16:33:00+00:00,2026-04-23,NOAA-21,TAGUATINGA,TOCANTINS,Brasil,,,,Cerrado,33,17,1720903,8,,221_069,5.2,POINT(-46.65918 -12.43843)
1815262752,96d28645-d555-34a1-967d-72f6657fc764,-46.83201,-11.08816,2026-04-23 16:33:00+00:00,2026-04-23,NOAA-21,PONTE ALTA DO TOCANTINS,TOCANTINS,Brasil,,,,Cerrado,33,17,1717909,8,,221_068,26.3,POINT(-46.83201 -11.08816)
1815263012,c0cb836c-0eb9-3bf8-9ab3-58f14a5ccf3b,-46.82476,-11.08358,2026-04-23 16:33:00+00:00,2026-04-23,NOAA-21,PONTE ALTA DO TOCANTINS,TOCANTINS,Brasil,,,,Cerrado,33,17,1717909,8,,221_068,8.6,POINT(-46.82476 -11.08358)
1815262896,30642008-1e8e-3daf-8d1d-011c9b07373f,-49.48795,-11.44667,2026-04-23 16:33:00+00:00,2026-04-23,NOAA-21,DUERÉ,TOCANTINS,Brasil,,,,Cerrado,33,17,1707306,8,,223_068,8.3,POINT(-49.48795 -11.44667)
1815262756,6891678a-afc4-3f45-9e66-8e047e3170e7,-46.97048,-11.14016,2026-04-23 16:33:00+00:00,2026-04-23,NOAA-21,PONTE ALTA DO TOCANTINS,TOCANTINS,Brasil,,,,Cerrado,33,17,1717909,8,,221_068,6.7,POINT(-46.97048 -11.14016)
1815263013,97ad235e-5da6-310f-b20a-201b0205642f,-52.14068,-12.63832,2026-04-23 16:33:00+00:00,2026-04-23,NOAA-21,QUERÊNCIA,MATO GROSSO,Brasil,,,,Amazônia,33,51,5107065,8,,224_069,12.4,POINT(-52.14068 -12.63832)
1815262758,dd0245fc-c1c4-3719-8af8-16f5c8b5d9f0,-43.79266,-13.44777,2026-04-23 16:33:00+00:00,2026-04-23,NOAA-21,SERRA DO RAMALHO,BAHIA,Brasil,,,,Cerrado,33,29,2930154,8,,219_069,10.3,POINT(-43.79266 -13.44777)
1815263017,c2e13a29-5204-3d4a-8a0e-44415f26ad7b,-43.66418,-11.78191,2026-04-23 16:33:00+00:00,2026-04-23,NOAA-21,BARRA,BAHIA,Brasil,,,,Cerrado,33,29,2902708,8,,219_068,7.6,POINT(-43.66418 -11.78191)
1815262760,432abfca-adca-360b-ad51-0d1521d4f686,-43.63384,-11.767,2026-04-23 16:33:00+00:00,2026-04-23,NOAA-21,BARRA,BAHIA,Brasil,,,,Cerrado,33,29,2902708,8,,219_068,21.3,POINT(-43.63384 -11.767)
1815263022,5530aa11-b768-37a0-841b-4bff13dc8ccd,-43.64501,-11.76534,2026-04-23 16:33:00+00:00,2026-04-23,NOAA-21,BARRA,BAHIA,Brasil,,,,Cerrado,33,29,2902708,8,,219_068,25.9,POINT(-43.64501 -11.76534)
1815263518,48fa1334-f40f-3476-9667-5a86ca5fbcf9,-57.41755,-14.20837,2026-04-23 16:33:00+00:00,2026-04-23,NOAA-21,NOVA MARILÂNDIA,MATO GROSSO,Brasil,,,,Amazônia,33,51,5108857,8,,227_070,25.4,POINT(-57.41755 -14.20837)
1815263525,c3fd5069-02c8-38f2-84ed-7afda4836a83,-43.62247,-11.79244,2026-04-23 16:33:00+00:00,2026-04-23,NOAA-21,BARRA,BAHIA,Brasil,,,,Cerrado,33,29,2902708,8,,219_068,6.4,POINT(-43.62247 -11.79244)
1815263096,a367abc2-8c01-3595-aa6b-23cb45e90f2c,-44.71805,-10.29152,2026-04-23 16:33:00+00:00,2026-04-23,NOAA-21,PARNAGUÁ,PIAUÍ,Brasil,,,,Cerrado,33,22,2207603,8,,220_067,6.1,POINT(-44.71805 -10.29152)
1815263619,d20b11f6-aca1-3aa2-8eed-82a72120bac0,-46.98861,-11.15895,2026-04-23 16:33:00+00:00,2026-04-23,NOAA-21,PONTE ALTA DO TOCANTINS,TOCANTINS,Brasil,,,,Cerrado,33,17,1717909,8,,221_068,4.8,POINT(-46.98861 -11.15895)
1815263526,6970177c-aee5-3300-b79d-b10d26c4e6d4,-46.79694,-11.08658,2026-04-23 16:33:00+00:00,2026-04-23,NOAA-21,PONTE ALTA DO TOCANTINS,TOCANTINS,Brasil,,,,Cerrado,33,17,1717909,8,,221_068,15.1,POINT(-46.79694 -11.08658)
1815263221,2f50b9e8-62e9-37ee-ad7c-7a19e1ed06c1,-56.85886,-13.50662,2026-04-23 16:33:00+00:00,2026-04-23,NOAA-21,SÃO JOSÉ DO RIO CLARO,MATO GROSSO,Brasil,,,,Cerrado,33,51,5107305,8,,227_069,8.9,POINT(-56.85886 -13.50662)
1815262598,9ab3cd57-b788-35e6-bcee-3acfe97517da,-43.65459,-11.77362,2026-04-23 16:33:00+00:00,2026-04-23,NOAA-21,BARRA,BAHIA,Brasil,,,,Cerrado,33,29,2902708,8,,219_068,6.6,POINT(-43.65459 -11.77362)
1815262600,7cef102a-22bd-3326-8948-1baed60c4edb,-43.80431,-13.44279,2026-04-23 16:33:00+00:00,2026-04-23,NOAA-21,SERRA DO RAMALHO,BAHIA,Brasil,,,,Cerrado,33,29,2930154,8,,219_069,3.6,POINT(-43.80431 -13.44279)
1815263506,86d19b43-3305-39e6-bd7c-e10604388ca7,-45.31726,-13.38129,2026-04-23 16:33:00+00:00,2026-04-23,NOAA-21,CORRENTINA,BAHIA,Brasil,,,,Cerrado,33,29,2909307,8,,220_069,10.5,POINT(-45.31726 -13.38129)
1815263531,4f6d09b5-6238-32be-a923-87d227dc8161,-44.83717,-8.79332,2026-04-23 16:33:00+00:00,2026-04-23,NOAA-21,CURRAIS,PIAUÍ,Brasil,,,,Cerrado,33,22,2203230,8,,220_066,7.3,POINT(-44.83717 -8.79332)
1815263701,70d559b9-28a0-39be-9887-7038db2d6637,-43.63739,-11.76755,2026-04-23 16:33:00+00:00,2026-04-23,NOAA-21,BARRA,BAHIA,Brasil,,,,Cerrado,33,29,2902708,8,,219_068,21.3,POINT(-43.63739 -11.76755)
1815263710,06cc04a8-11c6-3136-b8d6-e78ca5a44e17,-46.8238,-11.09049,2026-04-23 16:33:00+00:00,2026-04-23,NOAA-21,PONTE ALTA DO TOCANTINS,TOCANTINS,Brasil,,,,Cerrado,33,17,1717909,8,,221_068,9.1,POINT(-46.8238 -11.09049)
1815262487,91160334-7a92-32f9-af7b-f89f089789a4,-35.31296,-8.04579,2026-04-23 16:33:00+00:00,2026-04-23,NOAA-21,GLÓRIA DO GOITÁ,PERNAMBUCO,Brasil,,,,Mata Atlântica,33,26,2606101,8,,214_066,5.1,POINT(-35.31296 -8.04579)
1815263700,469d5fe6-aaaa-3771-956f-c153750c090f,-47.71959,-11.67897,2026-04-23 16:33:00+00:00,2026-04-23,NOAA-21,NATIVIDADE,TOCANTINS,Brasil,,,,Cerrado,33,17,1714203,8,,221_068,3.8,POINT(-47.71959 -11.67897)
1815263027,04d58553-63a1-3cdc-87f1-acf0ef391f4a,-46.96462,-11.12512,2026-04-23 16:33:00+00:00,2026-04-23,NOAA-21,PONTE ALTA DO TOCANTINS,TOCANTINS,Brasil,,,,Cerrado,33,17,1717909,8,,221_068,9.2,POINT(-46.96462 -11.12512)
1815262482,a9f71827-d738-37d5-be16-a241a77aef99,-46.9753,-11.13377,2026-04-23 16:33:00+00:00,2026-04-23,NOAA-21,PONTE ALTA DO TOCANTINS,TOCANTINS,Brasil,,,,Cerrado,33,17,1717909,8,,221_068,87.9,POINT(-46.9753 -11.13377)
1815263492,a4f1d8a5-1650-31c7-9459-a0a136964c95,-47.48169,-13.52895,2026-04-23 16:33:00+00:00,2026-04-23,NOAA-21,CAVALCANTE,GOIÁS,Brasil,,,,Cerrado,33,52,5205307,8,,221_069,4.0,POINT(-47.48169 -13.52895)
1815262601,94249cba-4e1b-30b1-a85c-f38a26804856,-46.9719,-11.12972,2026-04-23 16:33:00+00:00,2026-04-23,NOAA-21,PONTE ALTA DO TOCANTINS,TOCANTINS,Brasil,,,,Cerrado,33,17,1717909,8,,221_068,22.5,POINT(-46.9719 -11.12972)
1815262766,f0566b58-857e-3c0c-bece-c9539cf88654,-47.69958,-14.11858,2026-04-23 16:33:00+00:00,2026-04-23,NOAA-21,ALTO PARAÍSO DE GOIÁS,GOIÁS,Brasil,,,,Cerrado,33,52,5200605,8,,221_070,18.6,POINT(-47.69958 -14.11858)
1815262586,2ad2c765-dda6-3b81-a98c-59b2fda9482a,-45.21484,-12.06524,2026-04-23 16:33:00+00:00,2026-04-23,NOAA-21,BARREIRAS,BAHIA,Brasil,,,,Cerrado,33,29,2903201,8,,220_068,12.0,POINT(-45.21484 -12.06524)
1815262495,9ea3eda1-7227-359a-9902-465add2cb668,-45.31102,-13.37352,2026-04-23 16:33:00+00:00,2026-04-23,NOAA-21,CORRENTINA,BAHIA,Brasil,,,,Cerrado,33,29,2909307,8,,220_069,24.5,POINT(-45.31102 -13.37352)
1815262519,9038af08-25e1-36b6-96ba-b218286c8b7a,-46.34083,-8.45627,2026-04-23 16:33:00+00:00,2026-04-23,NOAA-21,BALSAS,MARANHÃO,Brasil,,,,Cerrado,33,21,2101400,8,,221_066,4.3,POINT(-46.34083 -8.45627)
1815263219,b4de2708-5681-39fd-99c8-8bfe80b307e6,-44.2015,-13.39787,2026-04-23 16:33:00+00:00,2026-04-23,NOAA-21,SANTA MARIA DA VITÓRIA,BAHIA,Brasil,,,,Cerrado,33,29,2928109,8,,219_069,1.9,POINT(-44.2015 -13.39787)
1815263491,62dab408-9453-3f2f-8296-e88820b80283,-43.64146,-11.76478,2026-04-23 16:33:00+00:00,2026-04-23,NOAA-21,BARRA,BAHIA,Brasil,,,,Cerrado,33,29,2902708,8,,219_068,25.9,POINT(-43.64146 -11.76478)
1815262768,fdf6f949-279e-3131-b951-cd55583a99ea,-46.93597,-11.10324,2026-04-23 16:33:00+00:00,2026-04-23,NOAA-21,PONTE ALTA DO TOCANTINS,TOCANTINS,Brasil,,,,Cerrado,33,17,1717909,8,,221_068,2.9,POINT(-46.93597 -11.10324)
1815263709,eb59413c-124b-399f-b99e-2a4eb3fb828e,-46.34387,-8.45953,2026-04-23 16:33:00+00:00,2026-04-23,NOAA-21,BALSAS,MARANHÃO,Brasil,,,,Cerrado,33,21,2101400,8,,221_066,3.2,POINT(-46.34387 -8.45953)
1815263487,15d7958f-cbc4-3e40-ac39-267003d05a40,-45.31828,-13.37459,2026-04-23 16:33:00+00:00,2026-04-23,NOAA-21,CORRENTINA,BAHIA,Brasil,,,,Cerrado,33,29,2909307,8,,220_069,6.4,POINT(-45.31828 -13.37459)
1815263480,97775d7e-62ac-32c6-a65e-88276e82c2ac,-46.60051,-14.55854,2026-04-23 16:33:00+00:00,2026-04-23,NOAA-21,ALVORADA DO NORTE,GOIÁS,Brasil,,,,Cerrado,33,52,5200803,8,,220_070,10.4,POINT(-46.60051 -14.55854)
1815262573,3b91d1f4-8d2f-3f07-8dd8-c1b17975347b,-43.63792,-11.76423,2026-04-23 16:33:00+00:00,2026-04-23,NOAA-21,BARRA,BAHIA,Brasil,,,,Cerrado,33,29,2902708,8,,219_068,25.7,POINT(-43.63792 -11.76423)
1815263542,cae2bcd8-213f-370a-8310-7de2ed79242c,-48.62161,-9.19183,2026-04-23 16:33:00+00:00,2026-04-23,NOAA-21,FORTALEZA DO TABOCÃO,TOCANTINS,Brasil,,,,Cerrado,33,17,1708254,8,,222_066,2.5,POINT(-48.62161 -9.19183)
1815263215,a84bfbed-4138-3365-9f67-cd5986f00a0d,-46.88169,-12.40454,2026-04-23 16:33:00+00:00,2026-04-23,NOAA-21,TAGUATINGA,TOCANTINS,Brasil,,,,Cerrado,33,17,1720903,8,,221_069,11.5,POINT(-46.88169 -12.40454)
1815262775,5ea38e99-ba13-3e0b-81e1-61901093e786,-45.21587,-12.0586,2026-04-23 16:33:00+00:00,2026-04-23,NOAA-21,BARREIRAS,BAHIA,Brasil,,,,Cerrado,33,29,2903201,8,,220_068,5.6,POINT(-45.21587 -12.0586)
1815263476,6d30fcf8-d11d-3f9c-8e6e-d90237e1301e,-43.623,-11.78912,2026-04-23 16:33:00+00:00,2026-04-23,NOAA-21,BARRA,BAHIA,Brasil,,,,Cerrado,33,29,2902708,8,,219_068,5.2,POINT(-43.623 -11.78912)
1815262499,be6989f2-0505-3c2e-bf10-2d0995c4926d,-45.31466,-13.37406,2026-04-23 16:33:00+00:00,2026-04-23,NOAA-21,CORRENTINA,BAHIA,Brasil,,,,Cerrado,33,29,2909307,8,,220_069,24.5,POINT(-45.31466 -13.37406)
1815262571,c98aa57f-2ca6-3be6-91bb-df8934c1a2fb,-50.02448,-12.7525,2026-04-23 16:33:00+00:00,2026-04-23,NOAA-21,ARAGUAÇU,TOCANTINS,Brasil,,,,Cerrado,33,17,1702000,8,,223_069,5.4,POINT(-50.02448 -12.7525)
1815262613,9eaa9730-56bc-3fe6-a2f8-4965acb62662,-44.18821,-12.24319,2026-04-23 16:33:00+00:00,2026-04-23,NOAA-21,CRISTÓPOLIS,BAHIA,Brasil,,,,Cerrado,33,29,2909703,8,,219_068,4.3,POINT(-44.18821 -12.24319)
1815263563,b306828d-c8f3-39f9-b567-b2a646f0d2d8,-46.97436,-11.14073,2026-04-23 16:33:00+00:00,2026-04-23,NOAA-21,PONTE ALTA DO TOCANTINS,TOCANTINS,Brasil,,,,Cerrado,33,17,1717909,8,,221_068,6.7,POINT(-46.97436 -11.14073)
1815262473,f05c833c-2225-3eb3-b7df-572253860015,-57.42411,-14.20903,2026-04-23 16:33:00+00:00,2026-04-23,NOAA-21,NOVA MARILÂNDIA,MATO GROSSO,Brasil,,,,Amazônia,33,51,5108857,8,,227_070,25.4,POINT(-57.42411 -14.20903)
1815262777,d866de6b-52ef-3153-861e-4022b877387d,-46.04959,-11.23553,2026-04-23 16:33:00+00:00,2026-04-23,NOAA-21,FORMOSA DO RIO PRETO,BAHIA,Brasil,,,,Cerrado,33,29,2911105,8,,220_068,5.7,POINT(-46.04959 -11.23553)
1815262848,1255c647-a930-3267-a177-1d52fda126e8,-43.61999,-11.78525,2026-04-23 16:33:00+00:00,2026-04-23,NOAA-21,BARRA,BAHIA,Brasil,,,,Cerrado,33,29,2902708,8,,219_068,11.4,POINT(-43.61999 -11.78525)
1815262471,8079b776-e1c8-3f31-b373-19c096a08ab8,-45.31312,-13.3841,2026-04-23 16:33:00+00:00,2026-04-23,NOAA-21,CORRENTINA,BAHIA,Brasil,,,,Cerrado,33,29,2909307,8,,220_069,15.3,POINT(-45.31312 -13.3841)
1815263673,896a94a7-81a1-3d9f-8d34-40cf34687ba4,-46.34439,-8.45681,2026-04-23 16:33:00+00:00,2026-04-23,NOAA-21,BALSAS,MARANHÃO,Brasil,,,,Cerrado,33,21,2101400,8,,221_066,3.0,POINT(-46.34439 -8.45681)
1815262850,57744d2c-976f-31a3-b71c-add71608ad0b,-46.81747,-11.07899,2026-04-23 16:33:00+00:00,2026-04-23,NOAA-21,PONTE ALTA DO TOCANTINS,TOCANTINS,Brasil,,,,Cerrado,33,17,1717909,8,,221_068,11.1,POINT(-46.81747 -11.07899)
1815262614,4f4b0352-3505-3b9d-8d07-d2b4b90e09de,-45.22195,-12.06631,2026-04-23 16:33:00+00:00,2026-04-23,NOAA-21,BARREIRAS,BAHIA,Brasil,,,,Cerrado,33,29,2903201,8,,220_068,11.7,POINT(-45.22195 -12.06631)
1815263462,d18b38da-15ff-3971-ad86-63e35f3cfaaf,-48.05936,-11.60784,2026-04-23 16:33:00+00:00,2026-04-23,NOAA-21,CHAPADA DA NATIVIDADE,TOCANTINS,Brasil,,,,Cerrado,33,17,1705102,8,,222_068,5.0,POINT(-48.05936 -11.60784)
1815263206,cccc2b39-470f-3837-9e7e-8a8da23ac176,-43.65104,-11.77307,2026-04-23 16:33:00+00:00,2026-04-23,NOAA-21,BARRA,BAHIA,Brasil,,,,Cerrado,33,29,2902708,8,,219_068,7.2,POINT(-43.65104 -11.77307)
1815262515,444cc2a3-d891-34ff-9864-98f2aaefe758,-54.61597,-12.55872,2026-04-23 16:33:00+00:00,2026-04-23,NOAA-21,NOVA UBIRATÃ,MATO GROSSO,Brasil,,,,Amazônia,33,51,5106240,8,,226_069,4.6,POINT(-54.61597 -12.55872)
1815262619,f1c7736b-e38b-3fe0-934a-3255de44e8fe,-44.32738,-10.58854,2026-04-23 16:33:00+00:00,2026-04-23,NOAA-21,SANTA RITA DE CÁSSIA,BAHIA,Brasil,,,,Cerrado,33,29,2928406,8,,219_067,2.8,POINT(-44.32738 -10.58854)
1815262466,7f651014-eaa5-316b-adf8-8760032399e9,-48.31929,-13.0752,2026-04-23 16:33:00+00:00,2026-04-23,NOAA-21,PALMEIRÓPOLIS,TOCANTINS,Brasil,,,,Cerrado,33,17,1715754,8,,222_069,5.4,POINT(-48.31929 -13.0752)
1815263459,22dc3e29-4908-38e8-afc0-b23c105057ef,-46.8267,-11.06976,2026-04-23 16:33:00+00:00,2026-04-23,NOAA-21,PONTE ALTA DO TOCANTINS,TOCANTINS,Brasil,,,,Cerrado,33,17,1717909,8,,221_068,7.1,POINT(-46.8267 -11.06976)
1815262568,57e75ade-db99-3027-bd3d-033f026ba84e,-43.63686,-11.77087,2026-04-23 16:33:00+00:00,2026-04-23,NOAA-21,BARRA,BAHIA,Brasil,,,,Cerrado,33,29,2902708,8,,219_068,21.3,POINT(-43.63686 -11.77087)
1815263568,d3628cba-8224-3f64-83ce-b3154464be50,-45.21891,-12.06245,2026-04-23 16:33:00+00:00,2026-04-23,NOAA-21,BARREIRAS,BAHIA,Brasil,,,,Cerrado,33,29,2903201,8,,220_068,12.0,POINT(-45.21891 -12.06245)
1815262560,031bc720-5132-33df-9984-3951234b7947,-45.2184,-12.06577,2026-04-23 16:33:00+00:00,2026-04-23,NOAA-21,BARREIRAS,BAHIA,Brasil,,,,Cerrado,33,29,2903201,8,,220_068,12.0,POINT(-45.2184 -12.06577)
1815263204,db5f2ac6-a0db-3c98-944a-68b5b96ae49c,-45.31675,-13.38463,2026-04-23 16:33:00+00:00,2026-04-23,NOAA-21,CORRENTINA,BAHIA,Brasil,,,,Cerrado,33,29,2909307,8,,220_069,10.5,POINT(-45.31675 -13.38463)
1815263418,60e4de35-ed9f-3c96-8034-6bcefd128e5e,-46.43322,-10.51798,2026-04-23 16:33:00+00:00,2026-04-23,NOAA-21,MATEIROS,TOCANTINS,Brasil,,,,Cerrado,33,17,1712702,8,,221_067,8.3,POINT(-46.43322 -10.51798)
1815263670,e7cc6bb4-f0e3-3dfd-b628-d3a30841fa78,-44.83421,-8.78949,2026-04-23 16:33:00+00:00,2026-04-23,NOAA-21,CURRAIS,PIAUÍ,Brasil,,,,Cerrado,33,22,2203230,8,,220_066,7.3,POINT(-44.83421 -8.78949)
1815263577,21291994-5f6c-39c0-80ed-330ad3ed837f,-47.89193,-9.73704,2026-04-23 16:33:00+00:00,2026-04-23,NOAA-21,RIO SONO,TOCANTINS,Brasil,,,,Cerrado,33,17,1718758,8,,222_067,6.1,POINT(-47.89193 -9.73704)
1815262462,91e83d85-c423-3267-ae68-2dfb126b3875,-49.71536,-11.84283,2026-04-23 16:33:00+00:00,2026-04-23,NOAA-21,FORMOSO DO ARAGUAIA,TOCANTINS,Brasil,,,,Cerrado,33,17,1708205,8,,223_068,47.6,POINT(-49.71536 -11.84283)
1815262792,1adfd564-125d-3302-90c3-f8e797e91c43,-43.64448,-11.76865,2026-04-23 16:33:00+00:00,2026-04-23,NOAA-21,BARRA,BAHIA,Brasil,,,,Cerrado,33,29,2902708,8,,219_068,14.5,POINT(-43.64448 -11.76865)
1815262930,08137f08-6ad1-3cf4-8c54-816b3c5e80d4,-47.48887,-13.4439,2026-04-23 16:33:00+00:00,2026-04-23,NOAA-21,CAVALCANTE,GOIÁS,Brasil,,,,Cerrado,33,52,5205307,8,,221_069,7.8,POINT(-47.48887 -13.4439)
1815262625,34e0bddc-055b-3565-a5da-60b9310a904d,-39.6797,-10.72783,2026-04-23 16:33:00+00:00,2026-04-23,NOAA-21,CANSANÇÃO,BAHIA,Brasil,,,,Caatinga,33,29,2906808,8,,216_067,3.3,POINT(-39.6797 -10.72783)
1815263416,4b70a4f8-9e7e-3efc-85c9-1c827756dfca,-46.93597,-11.21877,2026-04-23 16:33:00+00:00,2026-04-23,NOAA-21,ALMAS,TOCANTINS,Brasil,,,,Cerrado,33,17,1700400,8,,221_068,8.7,POINT(-46.93597 -11.21877)
1815263201,231fecfe-8392-314d-ac2a-e1fc64735109,-46.92762,-11.2211,2026-04-23 16:33:00+00:00,2026-04-23,NOAA-21,ALMAS,TOCANTINS,Brasil,,,,Cerrado,33,17,1700400,8,,221_068,6.7,POINT(-46.92762 -11.2211)
1815263403,27e1c2ba-c2c1-3f76-bc69-b63debfd0145,-46.86656,-11.09317,2026-04-23 16:33:00+00:00,2026-04-23,NOAA-21,PONTE ALTA DO TOCANTINS,TOCANTINS,Brasil,,,,Cerrado,33,17,1717909,8,,221_068,12.1,POINT(-46.86656 -11.09317)
1815263186,497a56aa-c4e6-3f8d-80bd-be5034781c31,-45.31777,-13.37794,2026-04-23 16:33:00+00:00,2026-04-23,NOAA-21,CORRENTINA,BAHIA,Brasil,,,,Cerrado,33,29,2909307,8,,220_069,6.4,POINT(-45.31777 -13.37794)
1815262452,5691f883-dbf2-3ade-87a0-74103c7ddfe5,-49.64444,-11.39676,2026-04-23 16:33:00+00:00,2026-04-23,NOAA-21,DUERÉ,TOCANTINS,Brasil,,,,Cerrado,33,17,1707306,8,,223_068,3.9,POINT(-49.64444 -11.39676)
1815262531,0fd32d05-b711-331d-8a14-15feec15dabf,-46.92774,-11.10559,2026-04-23 16:33:00+00:00,2026-04-23,NOAA-21,PONTE ALTA DO TOCANTINS,TOCANTINS,Brasil,,,,Cerrado,33,17,1717909,8,,221_068,5.6,POINT(-46.92774 -11.10559)
1815263398,4cba6dcb-b25f-3f92-9d56-b1060b6489e2,-46.07339,-9.4829,2026-04-23 16:33:00+00:00,2026-04-23,NOAA-21,ALTO PARNAÍBA,MARANHÃO,Brasil,,,,Cerrado,33,21,2100501,8,,221_067,7.1,POINT(-46.07339 -9.4829)
1815263038,b21dd3cf-ad8a-3669-90fb-68249422a160,-43.01794,-12.91967,2026-04-23 16:33:00+00:00,2026-04-23,NOAA-21,PARATINGA,BAHIA,Brasil,,,,Caatinga,33,29,2923704,8,,218_069,4.8,POINT(-43.01794 -12.91967)
1815263067,0780418a-59d7-3afb-8238-98f24b4f5e9e,-57.42429,-14.20203,2026-04-23 16:33:00+00:00,2026-04-23,NOAA-21,NOVA MARILÂNDIA,MATO GROSSO,Brasil,,,,Amazônia,33,51,5108857,8,,227_070,23.3,POINT(-57.42429 -14.20203)
1815263386,5663b741-14aa-3842-866e-56a853422973,-46.93153,-11.22167,2026-04-23 16:33:00+00:00,2026-04-23,NOAA-21,ALMAS,TOCANTINS,Brasil,,,,Cerrado,33,17,1700400,8,,221_068,6.7,POINT(-46.93153 -11.22167)
1815263177,67bb1de2-ddbb-311d-85e6-c8b6a5bbd81d,-52.13461,-12.64251,2026-04-23 16:33:00+00:00,2026-04-23,NOAA-21,QUERÊNCIA,MATO GROSSO,Brasil,,,,Amazônia,33,51,5107065,8,,224_069,10.0,POINT(-52.13461 -12.64251)
1815262796,69332afe-374d-3499-ace8-b04c5e298591,-43.64199,-11.76147,2026-04-23 16:33:00+00:00,2026-04-23,NOAA-21,BARRA,BAHIA,Brasil,,,,Cerrado,33,29,2902708,8,,219_068,25.9,POINT(-43.64199 -11.76147)
1815262558,7b4e5e69-87bf-353f-84e4-d39f0cf4aca5,-50.67469,-9.41442,2026-04-23 16:33:00+00:00,2026-04-23,NOAA-21,SANTANA DO ARAGUAIA,PARÁ,Brasil,,,,Amazônia,33,15,1506708,8,,224_066,9.8,POINT(-50.67469 -9.41442)
1815263578,ffe9e485-2877-3062-972d-65952d520408,-46.92931,-11.12352,2026-04-23 16:33:00+00:00,2026-04-23,NOAA-21,PONTE ALTA DO TOCANTINS,TOCANTINS,Brasil,,,,Cerrado,33,17,1717909,8,,221_068,5.7,POINT(-46.92931 -11.12352)
1815263381,a74fbac3-a730-3377-8a06-ede1f75fb16a,-44.83768,-8.79002,2026-04-23 16:33:00+00:00,2026-04-23,NOAA-21,CURRAIS,PIAUÍ,Brasil,,,,Cerrado,33,22,2203230,8,,220_066,7.3,POINT(-44.83768 -8.79002)
1815262446,16ea6838-73a3-30da-952b-4d7b21d0edb6,-43.09531,-13.39102,2026-04-23 16:33:00+00:00,2026-04-23,NOAA-21,RIACHO DE SANTANA,BAHIA,Brasil,,,,Caatinga,33,29,2926400,8,,218_069,9.7,POINT(-43.09531 -13.39102)
1815263176,25f3edcb-a39c-3e61-b2ce-63ed5de60907,-42.25482,-13.15035,2026-04-23 16:33:00+00:00,2026-04-23,NOAA-21,CATURAMA,BAHIA,Brasil,,,,Caatinga,33,29,2907558,8,,218_069,2.3,POINT(-42.25482 -13.15035)
1815262924,242345dc-39ab-3efb-b3e8-7dda81c9fd0b,-49.49258,-11.43915,2026-04-23 16:33:00+00:00,2026-04-23,NOAA-21,DUERÉ,TOCANTINS,Brasil,,,,Cerrado,33,17,1707306,8,,223_068,1.6,POINT(-49.49258 -11.43915)
1815263654,d9111000-666e-3b99-9761-6ba64cba3073,-46.92978,-11.12004,2026-04-23 16:33:00+00:00,2026-04-23,NOAA-21,PONTE ALTA DO TOCANTINS,TOCANTINS,Brasil,,,,Cerrado,33,17,1717909,8,,221_068,5.7,POINT(-46.92978 -11.12004)
1815262797,3db7544a-6523-3825-b111-fe830427e4b1,-46.82133,-11.07955,2026-04-23 16:33:00+00:00,2026-04-23,NOAA-21,PONTE ALTA DO TOCANTINS,TOCANTINS,Brasil,,,,Cerrado,33,17,1717909,8,,221_068,24.2,POINT(-46.82133 -11.07955)
1815262548,21326393-c15d-3a87-a7d5-c343efd311c4,-43.17447,-13.35561,2026-04-23 16:33:00+00:00,2026-04-23,NOAA-21,BOM JESUS DA LAPA,BAHIA,Brasil,,,,Caatinga,33,29,2903904,8,,218_069,7.9,POINT(-43.17447 -13.35561)
1815263370,c6477e34-eb07-314f-b181-ce4eabca3f50,-49.50808,-11.06179,2026-04-23 16:33:00+00:00,2026-04-23,NOAA-21,SANTA RITA DO TOCANTINS,TOCANTINS,Brasil,,,,Cerrado,33,17,1718899,8,,223_068,7.6,POINT(-49.50808 -11.06179)
1815262442,96e24ad5-d518-39fb-8c41-7573f7205fc8,-47.48217,-13.5253,2026-04-23 16:33:00+00:00,2026-04-23,NOAA-21,CAVALCANTE,GOIÁS,Brasil,,,,Cerrado,33,52,5205307,8,,221_069,4.0,POINT(-47.48217 -13.5253)
1815262957,91a24c38-f38a-391f-b2d6-8ed5273a37e0,-37.86227,-5.21146,2026-04-23 16:35:00+00:00,2026-04-23,NOAA-21,LIMOEIRO DO NORTE,CEARÁ,Brasil,,,,Caatinga,33,23,2307601,8,,216_064,12.9,POINT(-37.86227 -5.21146)
1815256611,2d2fa99c-27cf-366d-b7d2-4ac471016c24,-50.68677,-27.51917,2026-04-23 17:00:00+00:00,2026-04-23,NPP-375,SÃO JOSÉ DO CERRITO,SANTA CATARINA,Brasil,,,,Mata Atlântica,33,42,4216800,8,,221_079,5.0,POINT(-50.68677 -27.51917)
1815255599,86de2b84-006d-3c33-b8a5-74b111ba4bca,-53.29706,-27.10027,2026-04-23 17:00:00+00:00,2026-04-23,NPP-375,CAIBI,SANTA CATARINA,Brasil,,,,Mata Atlântica,33,42,4203105,8,,223_079,0.5,POINT(-53.29706 -27.10027)
1815255641,8d7efc77-1ac9-3557-939b-da3dd3635c1b,-49.27786,-25.1055,2026-04-23 17:00:00+00:00,2026-04-23,NPP-375,RIO BRANCO DO SUL,PARANÁ,Brasil,,,,Mata Atlântica,33,41,4122206,8,,220_077,1.7,POINT(-49.27786 -25.1055)
1815255678,df497337-7a68-3a5c-b993-317d048b4fda,-51.14825,-24.70676,2026-04-23 17:00:00+00:00,2026-04-23,NPP-375,CÂNDIDO DE ABREU,PARANÁ,Brasil,,,,Mata Atlântica,33,41,4104402,8,,222_077,5.0,POINT(-51.14825 -24.70676)
1815255679,cf0149e5-f7c1-3e1f-b4ed-b0b0b267c190,-50.02053,-25.52471,2026-04-23 17:00:00+00:00,2026-04-23,NPP-375,PALMEIRA,PARANÁ,Brasil,,,,Mata Atlântica,33,41,4117701,8,,221_078,23.6,POINT(-50.02053 -25.52471)
1815255694,9eed1f84-f88e-38b7-8dba-055b7b12724d,-50.57256,-27.61562,2026-04-23 17:00:00+00:00,2026-04-23,NPP-375,SÃO JOSÉ DO CERRITO,SANTA CATARINA,Brasil,,,,Mata Atlântica,33,42,4216800,8,,221_079,5.6,POINT(-50.57256 -27.61562)
1815255737,fb9af6ca-1123-3bdb-bc12-6441b08b0b49,-50.62596,-26.52672,2026-04-23 17:00:00+00:00,2026-04-23,NPP-375,CANOINHAS,SANTA CATARINA,Brasil,,,,Mata Atlântica,33,42,4203808,8,,221_078,7.1,POINT(-50.62596 -26.52672)
1815255750,e682dcb5-6c53-3909-bf21-c3631c6a4e32,-50.13661,-26.49047,2026-04-23 17:00:00+00:00,2026-04-23,NPP-375,PAPANDUVA,SANTA CATARINA,Brasil,,,,Mata Atlântica,33,42,4212205,8,,221_078,3.0,POINT(-50.13661 -26.49047)
1815255751,1562a7e3-e107-3edc-84aa-f71935e61be8,-50.0779,-27.91808,2026-04-23 17:00:00+00:00,2026-04-23,NPP-375,PAINEL,SANTA CATARINA,Brasil,,,,Mata Atlântica,33,42,4211892,8,,221_079,15.0,POINT(-50.0779 -27.91808)
1815255782,f98b6be5-efad-3e70-934c-f91e7ffba1fa,-51.89194,-23.46033,2026-04-23 17:00:00+00:00,2026-04-23,NPP-375,SARANDI,PARANÁ,Brasil,,,,Mata Atlântica,33,41,4126256,8,,222_076,4.8,POINT(-51.89194 -23.46033)
1815255787,8be131b6-d645-3156-9b9c-6f3f7201c385,-50.72255,-27.55285,2026-04-23 17:00:00+00:00,2026-04-23,NPP-375,SÃO JOSÉ DO CERRITO,SANTA CATARINA,Brasil,,,,Mata Atlântica,33,42,4216800,8,,221_079,10.9,POINT(-50.72255 -27.55285)
1815255791,0fa00d7b-5308-3fe3-89ee-87cd60275fc0,-46.91134,-23.12762,2026-04-23 17:00:00+00:00,2026-04-23,NPP-375,JUNDIAÍ,SÃO PAULO,Brasil,,,,Mata Atlântica,33,35,3525904,8,,219_076,1.7,POINT(-46.91134 -23.12762)
1815255839,59422660-d04d-3cb3-9964-302733e365ea,-52.76457,-25.87611,2026-04-23 17:00:00+00:00,2026-04-23,NPP-375,SÃO JOÃO,PARANÁ,Brasil,,,,Mata Atlântica,33,41,4124806,8,,223_078,5.8,POINT(-52.76457 -25.87611)
1815255849,af53d4f0-d024-3681-b145-f95458c76fce,-50.57314,-27.61198,2026-04-23 17:00:00+00:00,2026-04-23,NPP-375,SÃO JOSÉ DO CERRITO,SANTA CATARINA,Brasil,,,,Mata Atlântica,33,42,4216800,8,,221_079,5.4,POINT(-50.57314 -27.61198)
1815255933,3ee12554-d5d6-34a7-8f1d-10bcc283aa9d,-51.10603,-26.72617,2026-04-23 17:00:00+00:00,2026-04-23,NPP-375,CAÇADOR,SANTA CATARINA,Brasil,,,,Mata Atlântica,33,42,4203006,8,,221_079,13.7,POINT(-51.10603 -26.72617)
1815255940,3eff2da3-ee88-36c7-9fcb-f252bff878e3,-52.39225,-25.48408,2026-04-23 17:00:00+00:00,2026-04-23,NPP-375,LARANJEIRAS DO SUL,PARANÁ,Brasil,,,,Mata Atlântica,33,41,4113304,8,,222_078,9.2,POINT(-52.39225 -25.48408)
1815255979,6f685fe4-213b-314b-bebf-5ec9a7b324db,-51.09872,-24.98524,2026-04-23 17:00:00+00:00,2026-04-23,NPP-375,PRUDENTÓPOLIS,PARANÁ,Brasil,,,,Mata Atlântica,33,41,4120606,8,,222_077,9.3,POINT(-51.09872 -24.98524)
1815255986,2ccbd3f5-8bc6-3743-bf86-32e76ca621c7,-49.92917,-25.72032,2026-04-23 17:00:00+00:00,2026-04-23,NPP-375,LAPA,PARANÁ,Brasil,,,,Mata Atlântica,33,41,4113205,8,,221_078,19.8,POINT(-49.92917 -25.72032)
1815255998,85751dc8-366f-332b-9d16-9100440ff62d,-51.03208,-27.65955,2026-04-23 17:00:00+00:00,2026-04-23,NPP-375,ANITA GARIBALDI,SANTA CATARINA,Brasil,,,,Mata Atlântica,33,42,4201000,8,,221_079,100.5,POINT(-51.03208 -27.65955)
1815256029,550c1bd6-c26f-3a67-8ee6-caa9fa463786,-50.87461,-24.94811,2026-04-23 17:00:00+00:00,2026-04-23,NPP-375,IVAÍ,PARANÁ,Brasil,,,,Mata Atlântica,33,41,4111407,8,,222_077,91.5,POINT(-50.87461 -24.94811)
1815256034,26820499-3496-3442-8549-afa35f051969,-48.73013,-27.44022,2026-04-23 17:00:00+00:00,2026-04-23,NPP-375,BIGUAÇU,SANTA CATARINA,Brasil,,,,Mata Atlântica,33,42,4202305,8,,220_079,1.3,POINT(-48.73013 -27.44022)
1815256077,0357d821-9312-3d33-a984-2c3fd705b3cd,-50.89063,-27.25208,2026-04-23 17:00:00+00:00,2026-04-23,NPP-375,CAMPOS NOVOS,SANTA CATARINA,Brasil,,,,Mata Atlântica,33,42,4203600,8,,221_079,14.6,POINT(-50.89063 -27.25208)
1815256083,be4b6e2b-c7ad-3111-b47e-c6d5e5cfa9b6,-51.21609,-26.74793,2026-04-23 17:00:00+00:00,2026-04-23,NPP-375,CAÇADOR,SANTA CATARINA,Brasil,,,,Mata Atlântica,33,42,4203006,8,,221_079,6.2,POINT(-51.21609 -26.74793)
1815256134,1d692bca-d97c-350e-847e-032530286fb3,-49.56601,-25.20225,2026-04-23 17:00:00+00:00,2026-04-23,NPP-375,CAMPO MAGRO,PARANÁ,Brasil,,,,Mata Atlântica,33,41,4104253,8,,221_077,10.6,POINT(-49.56601 -25.20225)
1815256158,087e2d4f-4536-3fb3-a229-5930dd6442e6,-49.46827,-26.6715,2026-04-23 17:00:00+00:00,2026-04-23,NPP-375,BENEDITO NOVO,SANTA CATARINA,Brasil,,,,Mata Atlântica,33,42,4202206,8,,220_079,5.1,POINT(-49.46827 -26.6715)
1815256177,9d15dd8e-d95c-3f7c-9717-8a0f6be3262e,-49.34521,-26.05743,2026-04-23 17:00:00+00:00,2026-04-23,NPP-375,AGUDOS DO SUL,PARANÁ,Brasil,,,,Mata Atlântica,33,41,4100301,8,,220_078,4.2,POINT(-49.34521 -26.05743)
1815256183,4a8c43b7-163d-3205-9ac9-a0fc005d3eb8,-53.89642,-23.89594,2026-04-23 17:00:00+00:00,2026-04-23,NPP-375,ALTÔNIA,PARANÁ,Brasil,,,,Mata Atlântica,33,41,4100509,8,,224_076,3.0,POINT(-53.89642 -23.89594)
1815256218,4de89ad2-8a17-3c65-8a1b-3bc3ef2279da,-47.27081,-23.68413,2026-04-23 17:00:00+00:00,2026-04-23,NPP-375,IBIÚNA,SÃO PAULO,Brasil,,,,Mata Atlântica,33,35,3519709,8,,219_076,1.2,POINT(-47.27081 -23.68413)
1815256219,82cf1470-41ad-3c1d-8530-7b1322691b31,-49.88984,-24.29988,2026-04-23 17:00:00+00:00,2026-04-23,NPP-375,JAGUARIAÍVA,PARANÁ,Brasil,,,,Cerrado,33,41,4112009,8,,221_077,4.7,POINT(-49.88984 -24.29988)
1815256264,6eb6e274-5e14-3dde-a4f7-14b2cd908eb8,-49.53528,-25.84417,2026-04-23 17:00:00+00:00,2026-04-23,NPP-375,QUITANDINHA,PARANÁ,Brasil,,,,Mata Atlântica,33,41,4121208,8,,221_078,3.1,POINT(-49.53528 -25.84417)
1815256271,71d68e01-dcef-36c3-b8d9-b723a7e8b345,-49.78431,-24.9277,2026-04-23 17:00:00+00:00,2026-04-23,NPP-375,CASTRO,PARANÁ,Brasil,,,,Mata Atlântica,33,41,4104907,8,,221_077,6.9,POINT(-49.78431 -24.9277)
1815256290,93c4e288-673b-3ee9-b2db-52431613c915,-49.25378,-25.68645,2026-04-23 17:00:00+00:00,2026-04-23,NPP-375,SÃO JOSÉ DOS PINHAIS,PARANÁ,Brasil,,,,Mata Atlântica,33,41,4125506,8,,220_078,6.2,POINT(-49.25378 -25.68645)
1815256307,8ce907ce-47de-3b8c-ad21-506f68d4bb4e,-53.11656,-26.22123,2026-04-23 17:00:00+00:00,2026-04-23,NPP-375,MARMELEIRO,PARANÁ,Brasil,,,,Mata Atlântica,33,41,4115408,8,,223_078,17.1,POINT(-53.11656 -26.22123)
1815256327,f8f27e4b-5ef2-31be-b11d-5efb3a2dc683,-45.05111,-22.7257,2026-04-23 17:00:00+00:00,2026-04-23,NPP-375,CANAS,SÃO PAULO,Brasil,,,,Mata Atlântica,33,35,3509957,8,,218_076,3.4,POINT(-45.05111 -22.7257)
1815256330,cbcbaf36-5cdb-3e54-b507-2b877f595ee9,-50.43288,-27.34211,2026-04-23 17:00:00+00:00,2026-04-23,NPP-375,SÃO CRISTÓVÃO DO SUL,SANTA CATARINA,Brasil,,,,Mata Atlântica,33,42,4216057,8,,221_079,33.1,POINT(-50.43288 -27.34211)
1815256334,77f3224d-00d9-3eba-843b-a6684cf36791,-49.65337,-26.92282,2026-04-23 17:00:00+00:00,2026-04-23,NPP-375,JOSÉ BOITEUX,SANTA CATARINA,Brasil,,,,Mata Atlântica,33,42,4209151,8,,220_079,4.0,POINT(-49.65337 -26.92282)
1815256340,b0389d08-3876-3ad6-b85a-21e8e9d78198,-50.85416,-25.53103,2026-04-23 17:00:00+00:00,2026-04-23,NPP-375,IRATI,PARANÁ,Brasil,,,,Mata Atlântica,33,41,4110706,8,,221_078,6.0,POINT(-50.85416 -25.53103)
1815256367,2a820ce5-701d-305c-88d1-9ed152586cd1,-53.17602,-25.02386,2026-04-23 17:00:00+00:00,2026-04-23,NPP-375,CASCAVEL,PARANÁ,Brasil,,,,Mata Atlântica,33,41,4104808,8,,223_077,12.3,POINT(-53.17602 -25.02386)
1815256403,914237bb-d1af-316a-bb8a-d20ed6e78be9,-52.20213,-27.01389,2026-04-23 17:00:00+00:00,2026-04-23,NPP-375,IPUMIRIM,SANTA CATARINA,Brasil,,,,Mata Atlântica,33,42,4207700,8,,222_079,18.2,POINT(-52.20213 -27.01389)
1815256458,0862f7dd-8d62-37f8-81ad-4fdfd2c56db9,-52.32948,-26.21738,2026-04-23 17:00:00+00:00,2026-04-23,NPP-375,HONÓRIO SERPA,PARANÁ,Brasil,,,,Mata Atlântica,33,41,4109658,8,,222_078,47.1,POINT(-52.32948 -26.21738)
1815256508,73fb88f1-ae8b-31fe-87a0-a1efc980cb58,-50.83761,-27.09826,2026-04-23 17:00:00+00:00,2026-04-23,NPP-375,FRAIBURGO,SANTA CATARINA,Brasil,,,,Mata Atlântica,33,42,4205506,8,,221_079,4.9,POINT(-50.83761 -27.09826)
1815256519,11bb0c90-c49c-3ab1-8135-3ff6d95a70eb,-53.67066,-23.85313,2026-04-23 17:00:00+00:00,2026-04-23,NPP-375,PÉROLA,PARANÁ,Brasil,,,,Mata Atlântica,33,41,4118907,8,,224_076,3.6,POINT(-53.67066 -23.85313)
1815256525,db51b6ea-43a3-333a-a3fd-a29fc2170a07,-42.28463,-22.83935,2026-04-23 17:00:00+00:00,2026-04-23,NPP-375,ARARUAMA,RIO DE JANEIRO,Brasil,,,,Mata Atlântica,33,33,3300209,8,,216_076,2.5,POINT(-42.28463 -22.83935)
1815256585,c1f8f2a4-4307-3d8f-a71f-d072e55bcd8c,-49.47234,-26.67207,2026-04-23 17:00:00+00:00,2026-04-23,NPP-375,BENEDITO NOVO,SANTA CATARINA,Brasil,,,,Mata Atlântica,33,42,4202206,8,,220_079,4.2,POINT(-49.47234 -26.67207)
1815256606,303d4b9a-71f7-31ae-9532-5cb4ef7cdfc4,-50.85842,-25.14611,2026-04-23 17:00:00+00:00,2026-04-23,NPP-375,GUAMIRANGA,PARANÁ,Brasil,,,,Mata Atlântica,33,41,4108957,8,,221_077,4.1,POINT(-50.85842 -25.14611)
1815256646,fe4f0596-e69c-339f-b46d-a6ecd2ce4e77,-53.17181,-25.02747,2026-04-23 17:00:00+00:00,2026-04-23,NPP-375,CASCAVEL,PARANÁ,Brasil,,,,Mata Atlântica,33,41,4104808,8,,223_077,16.2,POINT(-53.17181 -25.02747)
1815256749,dd0ea22d-3462-3677-ad3d-8ab4b34e497a,-50.27243,-25.78075,2026-04-23 17:00:00+00:00,2026-04-23,NPP-375,SÃO JOÃO DO TRIUNFO,PARANÁ,Brasil,,,,Mata Atlântica,33,41,4125100,8,,221_078,9.2,POINT(-50.27243 -25.78075)
1815256827,d7faab19-bc65-33c6-99c9-cfac67f90a07,-49.88923,-24.3033,2026-04-23 17:00:00+00:00,2026-04-23,NPP-375,JAGUARIAÍVA,PARANÁ,Brasil,,,,Cerrado,33,41,4112009,8,,221_077,2.7,POINT(-49.88923 -24.3033)
1815256828,3a3c615e-ff86-3238-8d7e-6e8d4b4ccc52,-50.95764,-27.75712,2026-04-23 17:00:00+00:00,2026-04-23,NPP-375,CERRO NEGRO,SANTA CATARINA,Brasil,,,,Mata Atlântica,33,42,4204178,8,,221_079,3.1,POINT(-50.95764 -27.75712)
1815256866,499053f2-bc27-34bf-a163-36fd5b3a077a,-48.58266,-24.78909,2026-04-23 17:00:00+00:00,2026-04-23,NPP-375,ADRIANÓPOLIS,PARANÁ,Brasil,,,,Mata Atlântica,33,41,4100202,8,,220_077,3.7,POINT(-48.58266 -24.78909)
1815256899,eb156aa2-4352-32cd-9479-0ec0f2577743,-49.19832,-24.23536,2026-04-23 17:00:00+00:00,2026-04-23,NPP-375,ITARARÉ,SÃO PAULO,Brasil,,,,Cerrado,33,35,3523206,8,,221_077,9.3,POINT(-49.19832 -24.23536)
1815256946,f6561c9f-b34a-3d15-9e3f-e73dc4ca6c48,-49.2929,-25.84795,2026-04-23 17:00:00+00:00,2026-04-23,NPP-375,MANDIRITUBA,PARANÁ,Brasil,,,,Mata Atlântica,33,41,4114302,8,,220_078,3.4,POINT(-49.2929 -25.84795)
1815256956,fc6a3f0e-4fa1-3442-ba02-5c6bf24e7c58,-50.48999,-27.69347,2026-04-23 17:00:00+00:00,2026-04-23,NPP-375,SÃO JOSÉ DO CERRITO,SANTA CATARINA,Brasil,,,,Mata Atlântica,33,42,4216800,8,,221_079,22.3,POINT(-50.48999 -27.69347)
1815256957,626760f1-9b77-319e-aa0d-48faa3fbfe7c,-51.38819,-23.55721,2026-04-23 17:00:00+00:00,2026-04-23,NPP-375,APUCARANA,PARANÁ,Brasil,,,,Mata Atlântica,33,41,4101408,8,,222_076,4.2,POINT(-51.38819 -23.55721)
1815257070,19dfecb3-43d1-3c79-a827-1b97a8696897,-47.71624,-23.07427,2026-04-23 17:00:00+00:00,2026-04-23,NPP-375,TIETÊ,SÃO PAULO,Brasil,,,,Mata Atlântica,33,35,3554508,8,,220_076,0.4,POINT(-47.71624 -23.07427)
1815257158,c00a0ab5-d530-33ab-bbf7-60e1d4e68ad1,-48.86641,-24.66682,2026-04-23 17:00:00+00:00,2026-04-23,NPP-375,ITAOCA,SÃO PAULO,Brasil,,,,Mata Atlântica,33,35,3522158,8,,220_077,2.0,POINT(-48.86641 -24.66682)
1815257202,4959c076-12f8-3baa-b51e-7172ff7cde6d,-49.56658,-25.19882,2026-04-23 17:00:00+00:00,2026-04-23,NPP-375,CAMPO MAGRO,PARANÁ,Brasil,,,,Mata Atlântica,33,41,4104253,8,,221_077,10.6,POINT(-49.56658 -25.19882)
1815257242,95794285-8fec-3ec4-86ec-fa8fb57a475e,-49.78486,-24.92426,2026-04-23 17:00:00+00:00,2026-04-23,NPP-375,CASTRO,PARANÁ,Brasil,,,,Mata Atlântica,33,41,4104907,8,,221_077,13.0,POINT(-49.78486 -24.92426)
1815257243,7f092763-1198-3f65-b492-205f42fc5fb6,-51.46095,-27.34521,2026-04-23 17:00:00+00:00,2026-04-23,NPP-375,CAMPOS NOVOS,SANTA CATARINA,Brasil,,,,Mata Atlântica,33,42,4203600,8,,222_079,18.4,POINT(-51.46095 -27.34521)
1815257249,61bba0c4-e5c6-3686-972f-bccc6038c50a,-51.21863,-26.74591,2026-04-23 17:00:00+00:00,2026-04-23,NPP-375,CAÇADOR,SANTA CATARINA,Brasil,,,,Mata Atlântica,33,42,4203006,8,,221_079,9.2,POINT(-51.21863 -26.74591)
1815257266,c63053bf-09be-36aa-add4-42e6eed4f0ce,-50.40399,-23.37788,2026-04-23 17:00:00+00:00,2026-04-23,NPP-375,RIBEIRÃO DO PINHAL,PARANÁ,Brasil,,,,Mata Atlântica,33,41,4121901,8,,221_076,3.8,POINT(-50.40399 -23.37788)
1815257268,aeba3d7f-72b7-3429-9c1e-01f9fb30df6d,-49.85744,-24.37116,2026-04-23 17:00:00+00:00,2026-04-23,NPP-375,JAGUARIAÍVA,PARANÁ,Brasil,,,,Cerrado,33,41,4112009,8,,221_077,2.7,POINT(-49.85744 -24.37116)
1815257326,948d9c41-73c1-3ad9-a167-204f988f90eb,-51.09931,-24.98162,2026-04-23 17:00:00+00:00,2026-04-23,NPP-375,PRUDENTÓPOLIS,PARANÁ,Brasil,,,,Mata Atlântica,33,41,4120606,8,,222_077,10.8,POINT(-51.09931 -24.98162)
1815257369,3eb5fc2c-ece6-33a6-8cd8-bf3405f9c9a4,-49.47942,-25.05447,2026-04-23 17:00:00+00:00,2026-04-23,NPP-375,RIO BRANCO DO SUL,PARANÁ,Brasil,,,,Mata Atlântica,33,41,4122206,8,,221_077,7.1,POINT(-49.47942 -25.05447)
1815257383,b04cc131-43f9-3da1-a46d-d7f03d844957,-51.03283,-27.65585,2026-04-23 17:00:00+00:00,2026-04-23,NPP-375,ANITA GARIBALDI,SANTA CATARINA,Brasil,,,,Mata Atlântica,33,42,4201000,8,,221_079,101.3,POINT(-51.03283 -27.65585)
1815257391,8b6ea4fe-5780-3651-8625-3d3dcf6e16fb,-50.33656,-25.76107,2026-04-23 17:00:00+00:00,2026-04-23,NPP-375,SÃO MATEUS DO SUL,PARANÁ,Brasil,,,,Mata Atlântica,33,41,4125605,8,,221_078,3.4,POINT(-50.33656 -25.76107)
1815257397,419fce3b-b64f-35bb-bf50-efdc826e5f9d,-51.10149,-26.73895,2026-04-23 17:00:00+00:00,2026-04-23,NPP-375,CAÇADOR,SANTA CATARINA,Brasil,,,,Mata Atlântica,33,42,4203006,8,,221_079,12.4,POINT(-51.10149 -26.73895)
1815257400,4d78d52d-c769-3137-a6b6-fb3940543a0d,-52.17791,-25.89768,2026-04-23 17:00:00+00:00,2026-04-23,NPP-375,MANGUEIRINHA,PARANÁ,Brasil,,,,Mata Atlântica,33,41,4114401,8,,222_078,4.3,POINT(-52.17791 -25.89768)
1815257453,84ff6a15-5a1a-32a9-987a-9de5816960c8,-50.20482,-27.9382,2026-04-23 17:00:00+00:00,2026-04-23,NPP-375,LAGES,SANTA CATARINA,Brasil,,,,Mata Atlântica,33,42,4209300,8,,221_079,11.0,POINT(-50.20482 -27.9382)
1815257486,6ebc7ac4-65b9-3c3f-8f3f-3c1be5eada00,-51.03712,-27.66019,2026-04-23 17:00:00+00:00,2026-04-23,NPP-375,ANITA GARIBALDI,SANTA CATARINA,Brasil,,,,Mata Atlântica,33,42,4201000,8,,221_079,100.5,POINT(-51.03712 -27.66019)
1815257534,c4c7d103-166b-31f9-b6ca-1aa3222ca7dd,-50.60407,-27.16812,2026-04-23 17:00:00+00:00,2026-04-23,NPP-375,PONTE ALTA DO NORTE,SANTA CATARINA,Brasil,,,,Mata Atlântica,33,42,4213351,8,,221_079,7.6,POINT(-50.60407 -27.16812)
1815257549,4e7a94e9-ad95-34da-8a3f-e141d1cb459b,-51.10765,-26.72842,2026-04-23 17:00:00+00:00,2026-04-23,NPP-375,CAÇADOR,SANTA CATARINA,Brasil,,,,Mata Atlântica,33,42,4203006,8,,221_079,7.6,POINT(-51.10765 -26.72842)
1815257553,ac6eb637-277a-39b3-93d7-de2961b2e1bc,-53.17228,-25.02341,2026-04-23 17:00:00+00:00,2026-04-23,NPP-375,CASCAVEL,PARANÁ,Brasil,,,,Mata Atlântica,33,41,4104808,8,,223_077,16.2,POINT(-53.17228 -25.02341)
1815257557,1492a841-3010-3681-9ac3-f0dada2c487d,-51.221,-26.74856,2026-04-23 17:00:00+00:00,2026-04-23,NPP-375,CAÇADOR,SANTA CATARINA,Brasil,,,,Mata Atlântica,33,42,4203006,8,,221_079,3.1,POINT(-51.221 -26.74856)
1815257558,f82ac1dc-25d3-3e30-8d2c-f22364fb2252,-43.82449,-22.70643,2026-04-23 17:00:00+00:00,2026-04-23,NPP-375,PIRAÍ,RIO DE JANEIRO,Brasil,,,,Mata Atlântica,33,33,3304003,8,,217_076,4.0,POINT(-43.82449 -22.70643)
1815257560,a8875822-631b-3a7c-8cfe-6f71c284d87b,-51.17675,-26.01265,2026-04-23 17:00:00+00:00,2026-04-23,NPP-375,CRUZ MACHADO,PARANÁ,Brasil,,,,Mata Atlântica,33,41,4106803,8,,222_078,3.1,POINT(-51.17675 -26.01265)
1815257613,a815fbe2-eefc-3f67-983a-b2a5a33574ef,-52.76575,-25.87474,2026-04-23 17:00:00+00:00,2026-04-23,NPP-375,SÃO JOÃO,PARANÁ,Brasil,,,,Mata Atlântica,33,41,4124806,8,,223_078,3.7,POINT(-52.76575 -25.87474)
1815257657,c6ddb84e-794b-3b8c-a3ac-43684ee28952,-50.57726,-27.61623,2026-04-23 17:00:00+00:00,2026-04-23,NPP-375,SÃO JOSÉ DO CERRITO,SANTA CATARINA,Brasil,,,,Mata Atlântica,33,42,4216800,8,,221_079,7.2,POINT(-50.57726 -27.61623)
1815257661,5aafcb5a-ebb8-3625-a73a-186c169eb9b6,-47.67931,-23.46675,2026-04-23 17:00:00+00:00,2026-04-23,NPP-375,CAPELA DO ALTO,SÃO PAULO,Brasil,,,,Mata Atlântica,33,35,3510302,8,,220_076,2.4,POINT(-47.67931 -23.46675)
1815257664,4b03b236-c7aa-339c-b76d-14d80ec11108,-51.10544,-26.72986,2026-04-23 17:00:00+00:00,2026-04-23,NPP-375,CAÇADOR,SANTA CATARINA,Brasil,,,,Mata Atlântica,33,42,4203006,8,,221_079,13.7,POINT(-51.10544 -26.72986)
1815257692,e19ec963-3952-3d4c-a1be-45bca815ab0b,-52.17553,-25.89792,2026-04-23 17:00:00+00:00,2026-04-23,NPP-375,MANGUEIRINHA,PARANÁ,Brasil,,,,Mata Atlântica,33,41,4114401,8,,222_078,3.0,POINT(-52.17553 -25.89792)
1815257700,53db5761-55c9-3f2f-a8b1-5462dad31458,-51.10442,-26.73727,2026-04-23 17:00:00+00:00,2026-04-23,NPP-375,CAÇADOR,SANTA CATARINA,Brasil,,,,Mata Atlântica,33,42,4203006,8,,221_079,6.8,POINT(-51.10442 -26.73727)
1815257703,f1cca4e4-fb21-36b5-ba0b-4bf5a4cd5731,-48.7675,-25.53963,2026-04-23 17:00:00+00:00,2026-04-23,NPP-375,MORRETES,PARANÁ,Brasil,,,,Mata Atlântica,33,41,4116208,8,,220_078,3.1,POINT(-48.7675 -25.53963)
1815257839,a2347885-9d7c-3ca5-9e73-6231b08cd8f0,-49.72472,-27.59572,2026-04-23 17:00:00+00:00,2026-04-23,NPP-375,PETROLÂNDIA,SANTA CATARINA,Brasil,,,,Mata Atlântica,33,42,4212700,8,,220_079,4.6,POINT(-49.72472 -27.59572)
1815257903,093a7de3-fb33-3283-b289-015621940a77,-42.2805,-22.83854,2026-04-23 17:00:00+00:00,2026-04-23,NPP-375,ARARUAMA,RIO DE JANEIRO,Brasil,,,,Mata Atlântica,33,33,3300209,8,,216_076,2.8,POINT(-42.2805 -22.83854)
1815257971,5ecde10b-45b7-3add-9cf0-b644e6fdc700,-52.33554,-26.21413,2026-04-23 17:00:00+00:00,2026-04-23,NPP-375,HONÓRIO SERPA,PARANÁ,Brasil,,,,Mata Atlântica,33,41,4109658,8,,222_078,47.1,POINT(-52.33554 -26.21413)
1815257984,f921dcb2-e7ea-3862-8a28-ce95fbf187ac,-52.21511,-25.16178,2026-04-23 17:00:00+00:00,2026-04-23,NPP-375,MARQUINHO,PARANÁ,Brasil,,,,Mata Atlântica,33,41,4115457,8,,222_077,3.3,POINT(-52.21511 -25.16178)
1815257991,c9e390c0-3931-3328-8d39-fde0c4b8827e,-49.47178,-26.67553,2026-04-23 17:00:00+00:00,2026-04-23,NPP-375,BENEDITO NOVO,SANTA CATARINA,Brasil,,,,Mata Atlântica,33,42,4202206,8,,220_079,4.2,POINT(-49.47178 -26.67553)
1815258006,48ae2009-329c-3166-930c-67c9e5b725cf,-50.91611,-27.27405,2026-04-23 17:00:00+00:00,2026-04-23,NPP-375,CAMPOS NOVOS,SANTA CATARINA,Brasil,,,,Mata Atlântica,33,42,4203600,8,,221_079,43.8,POINT(-50.91611 -27.27405)
1815258014,2b6a898b-5149-32e5-9450-4cd0a09074d2,-50.57789,-27.61259,2026-04-23 17:00:00+00:00,2026-04-23,NPP-375,SÃO JOSÉ DO CERRITO,SANTA CATARINA,Brasil,,,,Mata Atlântica,33,42,4216800,8,,221_079,5.5,POINT(-50.57789 -27.61259)
1815258102,10619dce-d72f-3450-bffc-00570277aace,-50.72572,-25.3726,2026-04-23 17:00:00+00:00,2026-04-23,NPP-375,IRATI,PARANÁ,Brasil,,,,Mata Atlântica,33,41,4110706,8,,221_078,2.0,POINT(-50.72572 -25.3726)
1815258119,17a77f41-ba49-36f2-8ca9-162a563b0197,-49.46769,-26.67496,2026-04-23 17:00:00+00:00,2026-04-23,NPP-375,BENEDITO NOVO,SANTA CATARINA,Brasil,,,,Mata Atlântica,33,42,4202206,8,,220_079,5.1,POINT(-49.46769 -26.67496)
1815258120,abf88e1f-ffde-3122-8386-66cecfea4882,-45.05254,-22.71848,2026-04-23 17:00:00+00:00,2026-04-23,NPP-375,CANAS,SÃO PAULO,Brasil,,,,Mata Atlântica,33,35,3509957,8,,218_076,3.0,POINT(-45.05254 -22.71848)
1815258220,a49d2b3a-e2b9-3dd2-b5f9-52a92851736f,-50.63053,-26.52732,2026-04-23 17:00:00+00:00,2026-04-23,NPP-375,CANOINHAS,SANTA CATARINA,Brasil,,,,Mata Atlântica,33,42,4203808,8,,221_078,5.1,POINT(-50.63053 -26.52732)
1815258229,fd0b346c-e9a9-3e9a-bf54-6f3ea2756515,-47.90803,-23.23613,2026-04-23 17:00:00+00:00,2026-04-23,NPP-375,CESÁRIO LANGE,SÃO PAULO,Brasil,,,,Mata Atlântica,33,35,3511607,8,,220_076,1.6,POINT(-47.90803 -23.23613)
1815258239,0544beda-3cc6-349a-96d0-0bee18e8bd4d,-50.02469,-25.52527,2026-04-23 17:00:00+00:00,2026-04-23,NPP-375,PALMEIRA,PARANÁ,Brasil,,,,Mata Atlântica,33,41,4117701,8,,221_078,19.2,POINT(-50.02469 -25.52527)
1815258370,d64b9e6d-9dec-3482-b9e9-5922dacf800b,-51.10308,-26.72785,2026-04-23 17:00:00+00:00,2026-04-23,NPP-375,CAÇADOR,SANTA CATARINA,Brasil,,,,Mata Atlântica,33,42,4203006,8,,221_079,15.9,POINT(-51.10308 -26.72785)
1815258384,e95c3bda-5d7c-3c6c-9ccc-4f8b7f1220f5,-50.50879,-26.4146,2026-04-23 17:00:00+00:00,2026-04-23,NPP-375,BELA VISTA DO TOLDO,SANTA CATARINA,Brasil,,,,Mata Atlântica,33,42,4202131,8,,221_078,4.8,POINT(-50.50879 -26.4146)
1815258403,10d738fe-be59-3c32-968b-af3319008cd9,-50.88581,-27.25148,2026-04-23 17:00:00+00:00,2026-04-23,NPP-375,CAMPOS NOVOS,SANTA CATARINA,Brasil,,,,Mata Atlântica,33,42,4203600,8,,221_079,5.6,POINT(-50.88581 -27.25148)
1815257432,6265c353-cd60-3aa7-a37e-2a9128f47bcc,-39.92527,-18.89368,2026-04-23 17:02:00+00:00,2026-04-23,NPP-375,SÃO MATEUS,ESPÍRITO SANTO,Brasil,,,,Mata Atlântica,33,32,3204906,8,,215_073,14.4,POINT(-39.92527 -18.89368)
1815257770,6d1ad03f-f651-3b23-b3b5-ed0a7b806ddb,-52.88528,-18.27693,2026-04-23 17:02:00+00:00,2026-04-23,NPP-375,MINEIROS,GOIÁS,Brasil,,,,Cerrado,33,52,5213103,8,,224_073,12.1,POINT(-52.88528 -18.27693)
1815255931,75e74976-cbc5-36a1-8997-03fbd2b8cd73,-49.43303,-21.31407,2026-04-23 17:02:00+00:00,2026-04-23,NPP-375,SALES,SÃO PAULO,Brasil,,,,Mata Atlântica,33,35,3544806,8,,221_075,8.6,POINT(-49.43303 -21.31407)
1815258105,9f3c9e53-c2cc-3c96-b4b4-f94a51ec666f,-51.43038,-23.34357,2026-04-23 17:02:00+00:00,2026-04-23,NPP-375,ROLÂNDIA,PARANÁ,Brasil,,,,Mata Atlântica,33,41,4122404,8,,222_076,4.0,POINT(-51.43038 -23.34357)
1815257783,902192f6-0e86-3a28-9b0e-238083ff3d69,-46.95894,-20.16961,2026-04-23 17:02:00+00:00,2026-04-23,NPP-375,SACRAMENTO,MINAS GERAIS,Brasil,,,,Cerrado,33,31,3156908,8,,220_074,3.5,POINT(-46.95894 -20.16961)
1815255697,aa54f08b-db36-3e70-893b-5cc9cfdddc62,-48.80164,-22.9369,2026-04-23 17:02:00+00:00,2026-04-23,NPP-375,BOTUCATU,SÃO PAULO,Brasil,,,,Cerrado,33,35,3507506,8,,221_076,4.5,POINT(-48.80164 -22.9369)
1815257449,2ad94cd0-923b-3513-9407-856c266563fc,-41.29192,-15.15644,2026-04-23 17:02:00+00:00,2026-04-23,NPP-375,BELO CAMPO,BAHIA,Brasil,,,,Mata Atlântica,33,29,2903508,8,,217_070,17.9,POINT(-41.29192 -15.15644)
1815256570,1228c360-1349-302a-9190-cf2144be0756,-52.88028,-18.28,2026-04-23 17:02:00+00:00,2026-04-23,NPP-375,MINEIROS,GOIÁS,Brasil,,,,Cerrado,33,52,5213103,8,,224_073,5.6,POINT(-52.88028 -18.28)
1815256563,c4fc6385-f502-38cd-8aa1-ff090df27f96,-39.87482,-18.1243,2026-04-23 17:02:00+00:00,2026-04-23,NPP-375,MUCURI,BAHIA,Brasil,,,,Mata Atlântica,33,29,2922003,8,,215_073,2.7,POINT(-39.87482 -18.1243)
1815255846,f7a9401a-a5b4-30e8-bbfc-4fdc33065a5a,-45.953,-15.92689,2026-04-23 17:02:00+00:00,2026-04-23,NPP-375,ARINOS,MINAS GERAIS,Brasil,,,,Cerrado,33,31,3104502,8,,220_071,5.2,POINT(-45.953 -15.92689)
1815258145,16efab66-691b-3472-ae3b-b07906ca8563,-47.03629,-21.91842,2026-04-23 17:02:00+00:00,2026-04-23,NPP-375,CASA BRANCA,SÃO PAULO,Brasil,,,,Cerrado,33,35,3510807,8,,220_075,6.1,POINT(-47.03629 -21.91842)
1815258146,13a88225-d959-3494-8ead-b98467707a03,-41.29408,-15.15544,2026-04-23 17:02:00+00:00,2026-04-23,NPP-375,BELO CAMPO,BAHIA,Brasil,,,,Mata Atlântica,33,29,2903508,8,,217_070,10.0,POINT(-41.29408 -15.15544)
1815258150,d489987e-8634-321a-aae7-f9a63448f98c,-52.88874,-18.27103,2026-04-23 17:02:00+00:00,2026-04-23,NPP-375,MINEIROS,GOIÁS,Brasil,,,,Cerrado,33,52,5213103,8,,224_073,7.5,POINT(-52.88874 -18.27103)
1815256562,51821f9d-0045-3ed7-a5cc-2a795900117a,-46.88032,-20.19728,2026-04-23 17:02:00+00:00,2026-04-23,NPP-375,DELFINÓPOLIS,MINAS GERAIS,Brasil,,,,Cerrado,33,31,3121209,8,,220_074,3.2,POINT(-46.88032 -20.19728)
1815258174,66b07f23-f239-3857-9f3d-7b2c652a8c0a,-43.48853,-16.57674,2026-04-23 17:02:00+00:00,2026-04-23,NPP-375,FRANCISCO SÁ,MINAS GERAIS,Brasil,,,,Cerrado,33,31,3126703,8,,218_071,4.2,POINT(-43.48853 -16.57674)
1815257402,fcb8dfa6-1677-3fb4-ba73-d7dbaacce4f4,-46.85307,-20.16644,2026-04-23 17:02:00+00:00,2026-04-23,NPP-375,SÃO ROQUE DE MINAS,MINAS GERAIS,Brasil,,,,Cerrado,33,31,3164308,8,,220_074,3.9,POINT(-46.85307 -20.16644)
1815257819,a89bb12a-a766-38df-b4b8-54791ef716f8,-48.80281,-22.93022,2026-04-23 17:02:00+00:00,2026-04-23,NPP-375,BOTUCATU,SÃO PAULO,Brasil,,,,Cerrado,33,35,3507506,8,,221_076,14.8,POINT(-48.80281 -22.93022)
1815256529,8d026fa0-8dda-3be8-ad41-898a2d6fe307,-44.29735,-18.24091,2026-04-23 17:02:00+00:00,2026-04-23,NPP-375,SANTO HIPÓLITO,MINAS GERAIS,Brasil,,,,Cerrado,33,31,3160603,8,,218_073,8.7,POINT(-44.29735 -18.24091)
1815256802,8b0a2ec0-b79c-3f13-9295-cebf1e66bd90,-51.47699,-23.1165,2026-04-23 17:02:00+00:00,2026-04-23,NPP-375,JAGUAPITÃ,PARANÁ,Brasil,,,,Mata Atlântica,33,41,4111902,8,,222_076,8.5,POINT(-51.47699 -23.1165)
1815255836,6b15e87a-b2a7-37e8-90f2-0f04c108eded,-40.13288,-19.56026,2026-04-23 17:02:00+00:00,2026-04-23,NPP-375,ARACRUZ,ESPÍRITO SANTO,Brasil,,,,Mata Atlântica,33,32,3200607,8,,215_074,2.0,POINT(-40.13288 -19.56026)
1815258217,3963d0a9-299a-3eb7-b85e-030e6d8b91a7,-46.77109,-20.20758,2026-04-23 17:02:00+00:00,2026-04-23,NPP-375,SÃO ROQUE DE MINAS,MINAS GERAIS,Brasil,,,,Cerrado,33,31,3164308,8,,220_074,8.8,POINT(-46.77109 -20.20758)
1815257375,9d7a098f-6f1d-393e-94c2-d7774fca3f6a,-45.01176,-17.50287,2026-04-23 17:02:00+00:00,2026-04-23,NPP-375,BURITIZEIRO,MINAS GERAIS,Brasil,,,,Cerrado,33,31,3109402,8,,219_072,38.0,POINT(-45.01176 -17.50287)
1815256463,94ab1449-c690-3949-a7a0-b0c77636e343,-49.24756,-19.15175,2026-04-23 17:02:00+00:00,2026-04-23,NPP-375,PRATA,MINAS GERAIS,Brasil,,,,Cerrado,33,31,3152808,8,,221_073,3.4,POINT(-49.24756 -19.15175)
1815257841,b71228ee-a6fb-345e-81c4-3dc49ea79efd,-42.91015,-18.45086,2026-04-23 17:02:00+00:00,2026-04-23,NPP-375,PAULISTAS,MINAS GERAIS,Brasil,,,,Mata Atlântica,33,31,3148400,8,,217_073,2.3,POINT(-42.91015 -18.45086)
1815257848,c50f0a21-ceaa-32e0-8fed-d3fa6a60b59b,-51.65846,-18.49653,2026-04-23 17:02:00+00:00,2026-04-23,NPP-375,ITARUMÃ,GOIÁS,Brasil,,,,Cerrado,33,52,5211305,8,,223_073,9.4,POINT(-51.65846 -18.49653)
1815257849,94cf9089-485e-30ab-a091-cfb8cc2f3e88,-52.88432,-18.27042,2026-04-23 17:02:00+00:00,2026-04-23,NPP-375,MINEIROS,GOIÁS,Brasil,,,,Cerrado,33,52,5213103,8,,224_073,7.5,POINT(-52.88432 -18.27042)
1815258248,1a5bf033-706b-393b-ba7b-8a7ecad2f85b,-46.7408,-20.21325,2026-04-23 17:02:00+00:00,2026-04-23,NPP-375,SÃO ROQUE DE MINAS,MINAS GERAIS,Brasil,,,,Cerrado,33,31,3164308,8,,220_074,1.6,POINT(-46.7408 -20.21325)
1815257854,0d10e354-a60a-34f8-834b-5fc0b5a6a443,-41.14542,-15.01869,2026-04-23 17:02:00+00:00,2026-04-23,NPP-375,BELO CAMPO,BAHIA,Brasil,,,,Mata Atlântica,33,29,2903508,8,,217_070,4.8,POINT(-41.14542 -15.01869)
1815256906,dc073387-3872-360e-b71c-617bb6f0956e,-51.6326,-23.21904,2026-04-23 17:02:00+00:00,2026-04-23,NPP-375,ASTORGA,PARANÁ,Brasil,,,,Mata Atlântica,33,41,4102109,8,,222_076,6.5,POINT(-51.6326 -23.21904)
1815257454,3401bfd4-4849-304b-8ec8-55fce01d20b8,-47.72373,-22.01447,2026-04-23 17:02:00+00:00,2026-04-23,NPP-375,DESCALVADO,SÃO PAULO,Brasil,,,,Cerrado,33,35,3513702,8,,220_075,14.7,POINT(-47.72373 -22.01447)
1815257871,0e60b337-c885-3588-be12-884e45568430,-51.34534,-19.68436,2026-04-23 17:02:00+00:00,2026-04-23,NPP-375,PARANAÍBA,MATO GROSSO DO SUL,Brasil,,,,Cerrado,33,50,5006309,8,,223_074,2.0,POINT(-51.34534 -19.68436)
1815258263,577a1db0-6986-358f-8022-7ea91b12072b,-42.28538,-18.96342,2026-04-23 17:02:00+00:00,2026-04-23,NPP-375,SÃO GERALDO DA PIEDADE,MINAS GERAIS,Brasil,,,,Mata Atlântica,33,31,3161601,8,,217_073,7.0,POINT(-42.28538 -18.96342)
1815256447,1b4e65c8-a2ed-3f24-bcaa-c67bdd88a8a6,-51.43298,-23.34099,2026-04-23 17:02:00+00:00,2026-04-23,NPP-375,ROLÂNDIA,PARANÁ,Brasil,,,,Mata Atlântica,33,41,4122404,8,,222_076,2.9,POINT(-51.43298 -23.34099)
1815257580,00e2facf-a0ad-3ff9-80d5-4cb70d3d07c8,-49.29879,-22.83417,2026-04-23 17:02:00+00:00,2026-04-23,NPP-375,ÁGUAS DE SANTA BÁRBARA,SÃO PAULO,Brasil,,,,Cerrado,33,35,3500550,8,,221_076,12.9,POINT(-49.29879 -22.83417)
1815258279,9daa31a6-bcdd-3b96-8204-6e38f5fe2906,-41.80265,-15.17534,2026-04-23 17:02:00+00:00,2026-04-23,NPP-375,SÃO JOÃO DO PARAÍSO,MINAS GERAIS,Brasil,,,,Mata Atlântica,33,31,3162708,8,,217_071,9.7,POINT(-41.80265 -15.17534)
1815256993,6ffe1db1-48ae-3ead-b218-de6c03d8966c,-50.42963,-23.03035,2026-04-23 17:02:00+00:00,2026-04-23,NPP-375,ITAMBARACÁ,PARANÁ,Brasil,,,,Mata Atlântica,33,41,4111001,8,,222_076,2.9,POINT(-50.42963 -23.03035)
1815258299,6eef9a8f-08ac-3835-ad9f-637d1c0f85e5,-45.0074,-17.49806,2026-04-23 17:02:00+00:00,2026-04-23,NPP-375,BURITIZEIRO,MINAS GERAIS,Brasil,,,,Cerrado,33,31,3109402,8,,219_072,10.4,POINT(-45.0074 -17.49806)
1815256873,0b017ef1-ebbe-3225-a969-59ba65b10ba3,-46.80575,-20.24185,2026-04-23 17:02:00+00:00,2026-04-23,NPP-375,DELFINÓPOLIS,MINAS GERAIS,Brasil,,,,Cerrado,33,31,3121209,8,,220_074,6.4,POINT(-46.80575 -20.24185)
1815258309,d033a0fe-5f00-3482-b86a-1df48ec3f626,-46.88352,-20.20137,2026-04-23 17:02:00+00:00,2026-04-23,NPP-375,DELFINÓPOLIS,MINAS GERAIS,Brasil,,,,Cerrado,33,31,3121209,8,,220_074,5.4,POINT(-46.88352 -20.20137)
1815256433,9b630a5f-b2d6-3957-9237-37a4ff259ad3,-49.63001,-15.41839,2026-04-23 17:02:00+00:00,2026-04-23,NPP-375,URUANA,GOIÁS,Brasil,,,,Cerrado,33,52,5221700,8,,222_071,2.6,POINT(-49.63001 -15.41839)
1815256950,24f5cb94-ffef-311f-9d99-962f40cbc747,-40.42249,-17.9725,2026-04-23 17:02:00+00:00,2026-04-23,NPP-375,MUCURICI,ESPÍRITO SANTO,Brasil,,,,Mata Atlântica,33,32,3203601,8,,216_072,4.0,POINT(-40.42249 -17.9725)
1815256429,2fe55a48-a318-3788-be1f-ff131cfd4344,-51.72289,-23.26831,2026-04-23 17:02:00+00:00,2026-04-23,NPP-375,ASTORGA,PARANÁ,Brasil,,,,Mata Atlântica,33,41,4102109,8,,222_076,4.8,POINT(-51.72289 -23.26831)
1815258317,46a47cf3-27c1-3800-b212-c89c5902a2ac,-39.99183,-18.50129,2026-04-23 17:02:00+00:00,2026-04-23,NPP-375,SÃO MATEUS,ESPÍRITO SANTO,Brasil,,,,Mata Atlântica,33,32,3204906,8,,215_073,4.5,POINT(-39.99183 -18.50129)
1815255923,4d43b056-53db-3bac-9b44-7ca05ea9ecfc,-54.91804,-16.42356,2026-04-23 17:02:00+00:00,2026-04-23,NPP-375,RONDONÓPOLIS,MATO GROSSO,Brasil,,,,Cerrado,33,51,5107602,8,,225_071,8.4,POINT(-54.91804 -16.42356)
1815257877,d71a9707-7f5e-3c0d-a609-4c1ff208133c,-50.50159,-21.22324,2026-04-23 17:02:00+00:00,2026-04-23,NPP-375,ARAÇATUBA,SÃO PAULO,Brasil,,,,Mata Atlântica,33,35,3502804,8,,222_075,1.9,POINT(-50.50159 -21.22324)
1815257621,38b2270a-cc02-35a0-afa5-7c276fc41ec4,-46.91276,-20.19558,2026-04-23 17:02:00+00:00,2026-04-23,NPP-375,DELFINÓPOLIS,MINAS GERAIS,Brasil,,,,Cerrado,33,31,3121209,8,,220_074,5.9,POINT(-46.91276 -20.19558)
1815258356,fd5bf571-000f-320f-b65b-4fbc208980e4,-39.50306,-16.28831,2026-04-23 17:02:00+00:00,2026-04-23,NPP-375,EUNÁPOLIS,BAHIA,Brasil,,,,Mata Atlântica,33,29,2910727,8,,215_071,5.5,POINT(-39.50306 -16.28831)
1815256387,5607940f-ad9d-312e-acf0-6d9adc09389d,-52.87971,-18.28366,2026-04-23 17:02:00+00:00,2026-04-23,NPP-375,MINEIROS,GOIÁS,Brasil,,,,Cerrado,33,52,5213103,8,,224_073,5.6,POINT(-52.87971 -18.28366)
1815256384,2c9357af-7fc3-37ee-ace5-6e1bc5e37a1e,-42.69025,-17.60837,2026-04-23 17:02:00+00:00,2026-04-23,NPP-375,ITAMARANDIBA,MINAS GERAIS,Brasil,,,,Cerrado,33,31,3132503,8,,217_072,13.7,POINT(-42.69025 -17.60837)
1815257887,63a2d6d7-b4ba-35ee-8342-73229500628f,-46.77423,-20.21524,2026-04-23 17:02:00+00:00,2026-04-23,NPP-375,SÃO ROQUE DE MINAS,MINAS GERAIS,Brasil,,,,Cerrado,33,31,3164308,8,,220_074,9.9,POINT(-46.77423 -20.21524)
1815258367,b0deeffc-b6f2-3d7d-b442-0aefa1076d7d,-41.10113,-16.5067,2026-04-23 17:02:00+00:00,2026-04-23,NPP-375,JEQUITINHONHA,MINAS GERAIS,Brasil,,,,Mata Atlântica,33,31,3135803,8,,216_071,2.8,POINT(-41.10113 -16.5067)
1815256870,de53130f-0ba2-3da2-99ea-ce2a01d3b652,-43.50634,-15.53312,2026-04-23 17:02:00+00:00,2026-04-23,NPP-375,VERDELÂNDIA,MINAS GERAIS,Brasil,,,,Cerrado,33,31,3171030,8,,218_071,9.6,POINT(-43.50634 -15.53312)
1815256724,e2629293-73dd-361f-8869-1f4bed199715,-43.33611,-15.59623,2026-04-23 17:02:00+00:00,2026-04-23,NPP-375,JANAÚBA,MINAS GERAIS,Brasil,,,,Caatinga,33,31,3135100,8,,218_071,3.6,POINT(-43.33611 -15.59623)
1815258380,16a36768-7a04-3a2d-a73c-133dd0ae082a,-49.29821,-22.83753,2026-04-23 17:02:00+00:00,2026-04-23,NPP-375,ÁGUAS DE SANTA BÁRBARA,SÃO PAULO,Brasil,,,,Cerrado,33,35,3500550,8,,221_076,12.9,POINT(-49.29821 -22.83753)
1815257408,6bef29cf-3e89-3cbe-bf6f-35c7ce6daa7e,-46.73677,-20.21258,2026-04-23 17:02:00+00:00,2026-04-23,NPP-375,SÃO ROQUE DE MINAS,MINAS GERAIS,Brasil,,,,Cerrado,33,31,3164308,8,,220_074,4.3,POINT(-46.73677 -20.21258)
1815255735,c42f98f9-28da-35e8-9bee-16884beb80bf,-52.88586,-18.27327,2026-04-23 17:02:00+00:00,2026-04-23,NPP-375,MINEIROS,GOIÁS,Brasil,,,,Cerrado,33,52,5213103,8,,224_073,12.1,POINT(-52.88586 -18.27327)
1815257906,dff5a53b-3b39-3b50-9c4f-3003fa55ab7b,-46.88556,-20.19105,2026-04-23 17:02:00+00:00,2026-04-23,NPP-375,SÃO ROQUE DE MINAS,MINAS GERAIS,Brasil,,,,Cerrado,33,31,3164308,8,,220_074,5.3,POINT(-46.88556 -20.19105)
1815257626,dec27313-febf-3b21-99eb-4476aa42fb4a,-56.60968,-19.43684,2026-04-23 17:02:00+00:00,2026-04-23,NPP-375,CORUMBÁ,MATO GROSSO DO SUL,Brasil,,,,Pantanal,33,50,5003207,8,,226_073,7.0,POINT(-56.60968 -19.43684)
1815257360,b724a7af-f0d9-3d15-83c9-d29365f8a80d,-39.87592,-18.11897,2026-04-23 17:02:00+00:00,2026-04-23,NPP-375,MUCURI,BAHIA,Brasil,,,,Mata Atlântica,33,29,2922003,8,,215_073,2.7,POINT(-39.87592 -18.11897)
1815257926,b2ab489c-bd95-3ab2-a1e1-0f5f9a2f2707,-39.92194,-18.89298,2026-04-23 17:02:00+00:00,2026-04-23,NPP-375,SÃO MATEUS,ESPÍRITO SANTO,Brasil,,,,Mata Atlântica,33,32,3204906,8,,215_073,14.4,POINT(-39.92194 -18.89298)
1815256364,eca6701e-20d9-311a-b69b-7bc4263c2b01,-45.47775,-21.6552,2026-04-23 17:02:00+00:00,2026-04-23,NPP-375,ELÓI MENDES,MINAS GERAIS,Brasil,,,,Mata Atlântica,33,31,3123601,8,,219_075,4.7,POINT(-45.47775 -21.6552)
1815256353,9f850a6a-9872-3bd5-a786-cd43b78854ce,-52.88375,-18.27407,2026-04-23 17:02:00+00:00,2026-04-23,NPP-375,MINEIROS,GOIÁS,Brasil,,,,Cerrado,33,52,5213103,8,,224_073,7.5,POINT(-52.88375 -18.27407)
1815256343,15f7d0c7-372f-30fa-89d4-2d8d67065171,-46.77646,-20.2477,2026-04-23 17:02:00+00:00,2026-04-23,NPP-375,SÃO ROQUE DE MINAS,MINAS GERAIS,Brasil,,,,Cerrado,33,31,3164308,8,,220_074,7.5,POINT(-46.77646 -20.2477)
1815256332,76db5137-9377-308f-a9ba-eee9db6ca638,-44.2048,-21.2069,2026-04-23 17:02:00+00:00,2026-04-23,NPP-375,SÃO JOÃO DEL REI,MINAS GERAIS,Brasil,,,,Mata Atlântica,33,31,3162500,8,,218_075,15.1,POINT(-44.2048 -21.2069)
1815256328,7da913e1-67a8-3145-b141-60ea9d3f30c5,-46.89465,-20.18546,2026-04-23 17:02:00+00:00,2026-04-23,NPP-375,SÃO ROQUE DE MINAS,MINAS GERAIS,Brasil,,,,Cerrado,33,31,3164308,8,,220_074,4.1,POINT(-46.89465 -20.18546)
1815257642,335fe5d6-1cb9-3035-95c0-a25503f1c31d,-46.73364,-20.18705,2026-04-23 17:02:00+00:00,2026-04-23,NPP-375,SÃO ROQUE DE MINAS,MINAS GERAIS,Brasil,,,,Cerrado,33,31,3164308,8,,220_074,5.2,POINT(-46.73364 -20.18705)
1815256293,b644a897-db0e-316d-9370-27161cbb44bc,-41.29092,-15.15483,2026-04-23 17:02:00+00:00,2026-04-23,NPP-375,BELO CAMPO,BAHIA,Brasil,,,,Mata Atlântica,33,29,2903508,8,,217_070,20.4,POINT(-41.29092 -15.15483)
1815256861,3bf5baca-d92b-31fb-b2ec-ed287c64075a,-56.60796,-19.45087,2026-04-23 17:02:00+00:00,2026-04-23,NPP-375,CORUMBÁ,MATO GROSSO DO SUL,Brasil,,,,Pantanal,33,50,5003207,8,,226_073,9.7,POINT(-56.60796 -19.45087)
1815256266,08ee949e-4f7d-3989-9015-f6baa5d3db38,-40.17163,-14.4795,2026-04-23 17:02:00+00:00,2026-04-23,NPP-375,POÇÕES,BAHIA,Brasil,,,,Mata Atlântica,33,29,2925105,8,,216_070,2.0,POINT(-40.17163 -14.4795)
1815256244,176003f4-b1a7-3d92-9bac-a0262f453f17,-56.61364,-19.44678,2026-04-23 17:02:00+00:00,2026-04-23,NPP-375,CORUMBÁ,MATO GROSSO DO SUL,Brasil,,,,Pantanal,33,50,5003207,8,,226_073,13.8,POINT(-56.61364 -19.44678)
1815256236,64b5ac48-7356-3b02-9e73-2eac8b894439,-49.99291,-20.66644,2026-04-23 17:02:00+00:00,2026-04-23,NPP-375,NHANDEARA,SÃO PAULO,Brasil,,,,Mata Atlântica,33,35,3532603,8,,222_074,3.4,POINT(-49.99291 -20.66644)
1815256232,92e66052-5c78-3caf-bb01-8a6a43340a74,-46.76535,-20.23873,2026-04-23 17:02:00+00:00,2026-04-23,NPP-375,SÃO ROQUE DE MINAS,MINAS GERAIS,Brasil,,,,Cerrado,33,31,3164308,8,,220_074,12.3,POINT(-46.76535 -20.23873)
1815256230,4ae0c923-d236-3b46-8eba-0206385ad122,-46.93259,-20.17948,2026-04-23 17:02:00+00:00,2026-04-23,NPP-375,DELFINÓPOLIS,MINAS GERAIS,Brasil,,,,Cerrado,33,31,3121209,8,,220_074,7.5,POINT(-46.93259 -20.17948)
1815257942,838e7490-b2df-3609-960b-14587368ab57,-51.34935,-19.68492,2026-04-23 17:02:00+00:00,2026-04-23,NPP-375,PARANAÍBA,MATO GROSSO DO SUL,Brasil,,,,Cerrado,33,50,5006309,8,,223_074,2.0,POINT(-51.34935 -19.68492)
1815256221,d4980cf5-9dfb-3513-a96a-49971fc36e63,-43.77166,-15.27523,2026-04-23 17:02:00+00:00,2026-04-23,NPP-375,JAÍBA,MINAS GERAIS,Brasil,,,,Cerrado,33,31,3135050,8,,218_071,10.5,POINT(-43.77166 -15.27523)
1815256216,5c758e8b-4dc9-381e-9e58-29f4ff33b7e9,-52.69534,-22.97072,2026-04-23 17:02:00+00:00,2026-04-23,NPP-375,GUAIRAÇÁ,PARANÁ,Brasil,,,,Mata Atlântica,33,41,4108908,8,,223_076,2.2,POINT(-52.69534 -22.97072)
1815256207,f7dd062e-4cc2-3c7d-b0fd-b63efcfa3339,-44.2937,-18.24024,2026-04-23 17:02:00+00:00,2026-04-23,NPP-375,SANTO HIPÓLITO,MINAS GERAIS,Brasil,,,,Cerrado,33,31,3160603,8,,218_073,8.7,POINT(-44.2937 -18.24024)
1815257476,0d84c579-2833-3024-9d35-0810c6f472e8,-49.24954,-19.16232,2026-04-23 17:02:00+00:00,2026-04-23,NPP-375,PRATA,MINAS GERAIS,Brasil,,,,Cerrado,33,31,3152808,8,,221_073,57.7,POINT(-49.24954 -19.16232)
1815257346,213e9f69-bc21-3ad6-af75-0c6a03b9a4cd,-40.01674,-18.31191,2026-04-23 17:02:00+00:00,2026-04-23,NPP-375,PINHEIROS,ESPÍRITO SANTO,Brasil,,,,Mata Atlântica,33,32,3204104,8,,216_073,3.7,POINT(-40.01674 -18.31191)
1815256191,d5c97963-4738-3cb6-8666-5fb23c5e5d4f,-56.61421,-19.4421,2026-04-23 17:02:00+00:00,2026-04-23,NPP-375,CORUMBÁ,MATO GROSSO DO SUL,Brasil,,,,Pantanal,33,50,5003207,8,,226_073,13.8,POINT(-56.61421 -19.4421)
1815255812,6facd033-107a-33b3-a71a-f1969d1a8589,-41.80183,-15.18034,2026-04-23 17:02:00+00:00,2026-04-23,NPP-375,SÃO JOÃO DO PARAÍSO,MINAS GERAIS,Brasil,,,,Mata Atlântica,33,31,3162708,8,,217_071,9.7,POINT(-41.80183 -15.18034)
1815255789,749de1a6-c631-3efe-bda6-ff3f255b0f50,-52.88746,-18.29217,2026-04-23 17:02:00+00:00,2026-04-23,NPP-375,MINEIROS,GOIÁS,Brasil,,,,Cerrado,33,52,5213103,8,,224_073,29.9,POINT(-52.88746 -18.29217)
1815256167,d6e06aed-dd0b-325d-9e9e-1bd787bd1c37,-48.80222,-22.93356,2026-04-23 17:02:00+00:00,2026-04-23,NPP-375,BOTUCATU,SÃO PAULO,Brasil,,,,Cerrado,33,35,3507506,8,,221_076,14.8,POINT(-48.80222 -22.93356)
1815256162,5a006e34-b4ac-33ef-87c7-da87a8bcea82,-49.24643,-19.15842,2026-04-23 17:02:00+00:00,2026-04-23,NPP-375,PRATA,MINAS GERAIS,Brasil,,,,Cerrado,33,31,3152808,8,,221_073,98.1,POINT(-49.24643 -19.15842)
1815256144,49456204-48d5-3bd5-b4a8-8a179fbd52eb,-40.01336,-18.31121,2026-04-23 17:02:00+00:00,2026-04-23,NPP-375,PINHEIROS,ESPÍRITO SANTO,Brasil,,,,Mata Atlântica,33,32,3204104,8,,216_073,3.7,POINT(-40.01336 -18.31121)
1815256136,d419fbd5-7d71-328e-8e6e-7b4da8d0c1ed,-46.88685,-20.46839,2026-04-23 17:02:00+00:00,2026-04-23,NPP-375,CÁSSIA,MINAS GERAIS,Brasil,,,,Cerrado,33,31,3115102,8,,220_074,2.2,POINT(-46.88685 -20.46839)
1815255731,f55db811-f4dc-3e4d-bacd-bba30f3db3db,-48.80542,-22.93747,2026-04-23 17:02:00+00:00,2026-04-23,NPP-375,BOTUCATU,SÃO PAULO,Brasil,,,,Cerrado,33,35,3507506,8,,221_076,3.2,POINT(-48.80542 -22.93747)
1815255922,c55f3915-fe75-387e-ac62-acabac8c7fd6,-46.76698,-20.20689,2026-04-23 17:02:00+00:00,2026-04-23,NPP-375,SÃO ROQUE DE MINAS,MINAS GERAIS,Brasil,,,,Cerrado,33,31,3164308,8,,220_074,8.8,POINT(-46.76698 -20.20689)
1815257481,69edeecf-f3a5-3f02-83ab-7b6938276f9d,-47.77213,-15.75871,2026-04-23 17:02:00+00:00,2026-04-23,NPP-375,BRASÍLIA,DISTRITO FEDERAL,Brasil,,,,Cerrado,33,53,5300108,8,,221_071,14.0,POINT(-47.77213 -15.75871)
1815256096,f687e05b-5ee4-321e-907a-4ee881155c39,-46.80258,-20.17361,2026-04-23 17:02:00+00:00,2026-04-23,NPP-375,SÃO ROQUE DE MINAS,MINAS GERAIS,Brasil,,,,Cerrado,33,31,3164308,8,,220_074,4.8,POINT(-46.80258 -20.17361)
1815257682,a13292e1-d07e-3196-8e0b-5e95d417327f,-46.88748,-20.20203,2026-04-23 17:02:00+00:00,2026-04-23,NPP-375,DELFINÓPOLIS,MINAS GERAIS,Brasil,,,,Cerrado,33,31,3121209,8,,220_074,5.4,POINT(-46.88748 -20.20203)
1815256086,9c825419-8312-3008-84a2-02a707fd0f89,-48.61782,-17.83185,2026-04-23 17:02:00+00:00,2026-04-23,NPP-375,CALDAS NOVAS,GOIÁS,Brasil,,,,Cerrado,33,52,5204508,8,,221_072,2.3,POINT(-48.61782 -17.83185)
1815256081,4582a1b8-4ab0-3698-a056-f0b604f5f01f,-45.01252,-17.49898,2026-04-23 17:02:00+00:00,2026-04-23,NPP-375,BURITIZEIRO,MINAS GERAIS,Brasil,,,,Cerrado,33,31,3109402,8,,219_072,9.5,POINT(-45.01252 -17.49898)
1815256065,8bce463f-0fce-3bed-9ae8-b36a8a84cb62,-40.54202,-15.63983,2026-04-23 17:02:00+00:00,2026-04-23,NPP-375,RIBEIRÃO DO LARGO,BAHIA,Brasil,,,,Mata Atlântica,33,29,2926657,8,,216_071,6.4,POINT(-40.54202 -15.63983)
1815256053,fcae835a-9e70-3263-a2ca-f344983ddefb,-46.79867,-20.17295,2026-04-23 17:02:00+00:00,2026-04-23,NPP-375,SÃO ROQUE DE MINAS,MINAS GERAIS,Brasil,,,,Cerrado,33,31,3164308,8,,220_074,4.8,POINT(-46.79867 -20.17295)
1815256046,58ced2a7-8b62-3ce8-abef-b5395b4e7e25,-56.58307,-19.44327,2026-04-23 17:02:00+00:00,2026-04-23,NPP-375,CORUMBÁ,MATO GROSSO DO SUL,Brasil,,,,Pantanal,33,50,5003207,8,,226_073,11.6,POINT(-56.58307 -19.44327)
1815256943,64f8c796-4890-34b8-9b43-9910bbf164c7,-52.88969,-18.30742,2026-04-23 17:02:00+00:00,2026-04-23,NPP-375,MINEIROS,GOIÁS,Brasil,,,,Cerrado,33,52,5213103,8,,224_073,5.4,POINT(-52.88969 -18.30742)
1815257990,f9c1a678-7ff8-3b17-a14b-1a4ecd2c58e4,-51.21109,-22.97681,2026-04-23 17:02:00+00:00,2026-04-23,NPP-375,BELA VISTA DO PARAÍSO,PARANÁ,Brasil,,,,Mata Atlântica,33,41,4102802,8,,222_076,3.9,POINT(-51.21109 -22.97681)
1815256018,f49f5a45-748c-359e-be1d-e737da66939b,-46.73342,-20.20845,2026-04-23 17:02:00+00:00,2026-04-23,NPP-375,SÃO ROQUE DE MINAS,MINAS GERAIS,Brasil,,,,Cerrado,33,31,3164308,8,,220_074,4.3,POINT(-46.73342 -20.20845)
1815257204,3db4e453-8574-392a-bcf1-de66ad9c590f,-46.79625,-20.2082,2026-04-23 17:02:00+00:00,2026-04-23,NPP-375,SÃO ROQUE DE MINAS,MINAS GERAIS,Brasil,,,,Cerrado,33,31,3164308,8,,220_074,7.3,POINT(-46.79625 -20.2082)
1815256857,89cbdf7c-6f60-3caf-8206-1ed1046f199e,-39.50212,-16.29045,2026-04-23 17:02:00+00:00,2026-04-23,NPP-375,EUNÁPOLIS,BAHIA,Brasil,,,,Mata Atlântica,33,29,2910727,8,,215_071,4.2,POINT(-39.50212 -16.29045)
1815257211,19c666aa-9177-3f71-b99e-510f140cb6d2,-43.9781,-15.18631,2026-04-23 17:02:00+00:00,2026-04-23,NPP-375,JAÍBA,MINAS GERAIS,Brasil,,,,Cerrado,33,31,3135050,8,,219_070,6.1,POINT(-43.9781 -15.18631)
1815257212,53d35691-e1d2-3a2b-96b6-e5a491bc2c7d,-52.88358,-18.28791,2026-04-23 17:02:00+00:00,2026-04-23,NPP-375,MINEIROS,GOIÁS,Brasil,,,,Cerrado,33,52,5213103,8,,224_073,29.9,POINT(-52.88358 -18.28791)
1815257394,5199f8a1-80bf-34ae-b260-f0f24dec5f5d,-54.91745,-16.42757,2026-04-23 17:02:00+00:00,2026-04-23,NPP-375,RONDONÓPOLIS,MATO GROSSO,Brasil,,,,Cerrado,33,51,5107602,8,,225_071,8.4,POINT(-54.91745 -16.42757)
1815255768,829d58fe-8a35-3f5f-aa5c-73d4034a6b03,-46.80192,-20.24121,2026-04-23 17:02:00+00:00,2026-04-23,NPP-375,DELFINÓPOLIS,MINAS GERAIS,Brasil,,,,Cerrado,33,31,3121209,8,,220_074,6.4,POINT(-46.80192 -20.24121)
1815257173,714fe6ac-b929-3862-b1ff-57b5eca7a11b,-43.76733,-15.27444,2026-04-23 17:02:00+00:00,2026-04-23,NPP-375,JAÍBA,MINAS GERAIS,Brasil,,,,Cerrado,33,31,3135050,8,,218_071,43.6,POINT(-43.76733 -15.27444)
1815257701,0c13555b-a3f6-3f43-8a4a-10ed19adcb26,-52.89413,-18.30801,2026-04-23 17:02:00+00:00,2026-04-23,NPP-375,MINEIROS,GOIÁS,Brasil,,,,Cerrado,33,52,5213103,8,,224_073,5.4,POINT(-52.89413 -18.30801)
1815257229,49fdd6b8-6125-3261-b4c2-f9b9a546bf21,-46.7626,-20.23115,2026-04-23 17:02:00+00:00,2026-04-23,NPP-375,SÃO ROQUE DE MINAS,MINAS GERAIS,Brasil,,,,Cerrado,33,31,3164308,8,,220_074,4.6,POINT(-46.7626 -20.23115)
1815256701,e6f0a352-2013-3dfd-aaca-aafe073e033d,-52.88643,-18.26961,2026-04-23 17:02:00+00:00,2026-04-23,NPP-375,MINEIROS,GOIÁS,Brasil,,,,Cerrado,33,52,5213103,8,,224_073,8.1,POINT(-52.88643 -18.26961)
1815255910,3ed1229d-8496-3b4f-8fa6-1b4da39ba9ae,-46.73744,-20.20912,2026-04-23 17:02:00+00:00,2026-04-23,NPP-375,SÃO ROQUE DE MINAS,MINAS GERAIS,Brasil,,,,Cerrado,33,31,3164308,8,,220_074,4.3,POINT(-46.73744 -20.20912)
1815257151,19e53a56-cc9f-3123-b36e-9ca736d896b6,-43.27836,-16.09443,2026-04-23 17:02:00+00:00,2026-04-23,NPP-375,JANAÚBA,MINAS GERAIS,Brasil,,,,Cerrado,33,31,3135100,8,,218_071,13.9,POINT(-43.27836 -16.09443)
1815256004,3e3d997e-05ee-3fe3-ae73-de3335e3bae0,-46.73289,-20.19049,2026-04-23 17:02:00+00:00,2026-04-23,NPP-375,SÃO ROQUE DE MINAS,MINAS GERAIS,Brasil,,,,Cerrado,33,31,3164308,8,,220_074,5.2,POINT(-46.73289 -20.19049)
1815255711,0d75c2fb-bd2f-3756-902f-d97686ddc32a,-47.8778,-16.37592,2026-04-23 17:02:00+00:00,2026-04-23,NPP-375,LUZIÂNIA,GOIÁS,Brasil,,,,Cerrado,33,52,5212501,8,,221_071,2.1,POINT(-47.8778 -16.37592)
1815257423,b6b1692f-de28-393f-bc05-bf6c928d6d9f,-52.88414,-18.28425,2026-04-23 17:02:00+00:00,2026-04-23,NPP-375,MINEIROS,GOIÁS,Brasil,,,,Cerrado,33,52,5213103,8,,224_073,12.6,POINT(-52.88414 -18.28425)
1815257704,7653cfc8-a995-387c-a03c-b4b0134c6d4f,-40.53989,-15.64193,2026-04-23 17:02:00+00:00,2026-04-23,NPP-375,RIBEIRÃO DO LARGO,BAHIA,Brasil,,,,Mata Atlântica,33,29,2926657,8,,216_071,5.6,POINT(-40.53989 -15.64193)
1815257145,23fe4ed7-193b-35bf-bd37-84ce5d4c4a90,-46.72885,-20.18982,2026-04-23 17:02:00+00:00,2026-04-23,NPP-375,SÃO ROQUE DE MINAS,MINAS GERAIS,Brasil,,,,Cerrado,33,31,3164308,8,,220_074,5.2,POINT(-46.72885 -20.18982)
1815257262,6aad2c69-c405-3c58-84db-cfaaf02b57ae,-40.31345,-16.12322,2026-04-23 17:02:00+00:00,2026-04-23,NPP-375,JACINTO,MINAS GERAIS,Brasil,,,,Mata Atlântica,33,31,3134707,8,,216_071,11.4,POINT(-40.31345 -16.12322)
1815256829,8850960d-d9b4-3c0c-abb7-0ee3c7b735fa,-55.1871,-23.07225,2026-04-23 17:02:00+00:00,2026-04-23,NPP-375,AMAMBAI,MATO GROSSO DO SUL,Brasil,,,,Mata Atlântica,33,50,5000609,8,,225_076,11.6,POINT(-55.1871 -23.07225)
1815256936,f04f3b83-012f-3d1a-8c8a-df3135a38868,-52.23282,-23.23233,2026-04-23 17:02:00+00:00,2026-04-23,NPP-375,NOVA ESPERANÇA,PARANÁ,Brasil,,,,Mata Atlântica,33,41,4116901,8,,223_076,3.7,POINT(-52.23282 -23.23233)
1815256655,70194965-e12d-3df8-9e6e-5fb06e696cae,-46.80119,-20.24466,2026-04-23 17:02:00+00:00,2026-04-23,NPP-375,DELFINÓPOLIS,MINAS GERAIS,Brasil,,,,Cerrado,33,31,3121209,8,,220_074,6.4,POINT(-46.80119 -20.24466)
1815256650,7514e515-76a1-3d1e-88b5-dc56b1ebadba,-46.81665,-21.40704,2026-04-23 17:02:00+00:00,2026-04-23,NPP-375,MOCOCA,SÃO PAULO,Brasil,,,,Mata Atlântica,33,35,3530508,8,,219_075,1.9,POINT(-46.81665 -21.40704)
1815257275,5f4e3f49-6d13-323c-bfb8-ec921d1d222f,-40.42572,-17.97315,2026-04-23 17:02:00+00:00,2026-04-23,NPP-375,MUCURICI,ESPÍRITO SANTO,Brasil,,,,Mata Atlântica,33,32,3203601,8,,216_072,3.8,POINT(-40.42572 -17.97315)
1815256822,9d6611ec-49c9-33ab-a703-00118d61aa2c,-41.14469,-15.01891,2026-04-23 17:02:00+00:00,2026-04-23,NPP-375,BELO CAMPO,BAHIA,Brasil,,,,Mata Atlântica,33,29,2903508,8,,217_070,4.1,POINT(-41.14469 -15.01891)
1815257729,5dc71ddf-4a2e-32fc-8e2f-e9e53025063d,-49.43793,-21.30793,2026-04-23 17:02:00+00:00,2026-04-23,NPP-375,SALES,SÃO PAULO,Brasil,,,,Mata Atlântica,33,35,3544806,8,,221_075,2.2,POINT(-49.43793 -21.30793)
1815257099,899f6ecf-23b1-3757-80af-065b35d4860a,-46.95828,-20.17305,2026-04-23 17:02:00+00:00,2026-04-23,NPP-375,SACRAMENTO,MINAS GERAIS,Brasil,,,,Cerrado,33,31,3156908,8,,220_074,6.8,POINT(-46.95828 -20.17305)
1815257520,23c94839-3ab4-37d5-8ff6-bc26b98856df,-49.247,-19.15508,2026-04-23 17:02:00+00:00,2026-04-23,NPP-375,PRATA,MINAS GERAIS,Brasil,,,,Cerrado,33,31,3152808,8,,221_073,98.1,POINT(-49.247 -19.15508)
1815257734,a5424ab1-7f70-37a0-b654-5d171bf87628,-49.25123,-19.15231,2026-04-23 17:02:00+00:00,2026-04-23,NPP-375,PRATA,MINAS GERAIS,Brasil,,,,Cerrado,33,31,3152808,8,,221_073,3.4,POINT(-49.25123 -19.15231)
1815256927,fb3fcbaf-f672-3782-bdb7-1b2890eed660,-42.35492,-17.47766,2026-04-23 17:02:00+00:00,2026-04-23,NPP-375,MINAS NOVAS,MINAS GERAIS,Brasil,,,,Cerrado,33,31,3141801,8,,217_072,24.6,POINT(-42.35492 -17.47766)
1815258052,8965fee6-2c3f-3eda-8801-8303d6d63941,-43.98231,-15.18708,2026-04-23 17:02:00+00:00,2026-04-23,NPP-375,JAÍBA,MINAS GERAIS,Brasil,,,,Cerrado,33,31,3135050,8,,219_070,4.6,POINT(-43.98231 -15.18708)
1815256812,2e81430f-7557-3b8e-a0d4-0bb5bfb788ee,-43.05005,-15.42001,2026-04-23 17:02:00+00:00,2026-04-23,NPP-375,PAI PEDRO,MINAS GERAIS,Brasil,,,,Caatinga,33,31,3146552,8,,218_071,6.2,POINT(-43.05005 -15.42001)
1815258075,b3872695-6036-316a-a366-f66f1baf273b,-49.4336,-21.31072,2026-04-23 17:02:00+00:00,2026-04-23,NPP-375,SALES,SÃO PAULO,Brasil,,,,Mata Atlântica,33,35,3544806,8,,221_075,8.6,POINT(-49.4336 -21.31072)
1815257049,80fbb4cc-0acb-3acd-9632-4f1a9b29da4f,-44.20993,-21.20782,2026-04-23 17:02:00+00:00,2026-04-23,NPP-375,SÃO JOÃO DEL REI,MINAS GERAIS,Brasil,,,,Mata Atlântica,33,31,3162500,8,,218_075,19.2,POINT(-44.20993 -21.20782)
1815256615,2e4e8d40-cff9-3887-bba2-d7343a52ee53,-49.43678,-21.31463,2026-04-23 17:02:00+00:00,2026-04-23,NPP-375,SALES,SÃO PAULO,Brasil,,,,Mata Atlântica,33,35,3544806,8,,221_075,8.6,POINT(-49.43678 -21.31463)
1815255864,162b033e-91de-3f48-9ccf-58407ca02ea3,-46.93652,-20.18012,2026-04-23 17:02:00+00:00,2026-04-23,NPP-375,DELFINÓPOLIS,MINAS GERAIS,Brasil,,,,Cerrado,33,31,3121209,8,,220_074,5.3,POINT(-46.93652 -20.18012)
1815257036,d1b5e06a-9dae-31d9-b7bc-a573f083cdfa,-45.25573,-20.09131,2026-04-23 17:02:00+00:00,2026-04-23,NPP-375,SANTO ANTÔNIO DO MONTE,MINAS GERAIS,Brasil,,,,Mata Atlântica,33,31,3160405,8,,219_074,1.1,POINT(-45.25573 -20.09131)
1815256614,4b6951fd-5571-380c-9175-50d69f703359,-46.88099,-20.19384,2026-04-23 17:02:00+00:00,2026-04-23,NPP-375,DELFINÓPOLIS,MINAS GERAIS,Brasil,,,,Cerrado,33,31,3121209,8,,220_074,4.2,POINT(-46.88099 -20.19384)
1815257033,c70ce972-94fa-37d9-b80b-a12fed74abb4,-52.8936,-18.31168,2026-04-23 17:02:00+00:00,2026-04-23,NPP-375,COSTA RICA,MATO GROSSO DO SUL,Brasil,,,,Cerrado,33,50,5003256,8,,224_073,6.0,POINT(-52.8936 -18.31168)
1815257171,7894795a-95db-3dba-8844-ded10aad75ea,-42.55016,-13.60942,2026-04-23 17:05:00+00:00,2026-04-23,NPP-375,TANQUE NOVO,BAHIA,Brasil,,,,Caatinga,33,29,2931053,8,,218_069,4.7,POINT(-42.55016 -13.60942)
1815257156,28e8f298-a14b-306c-9d96-2eddc8ad3918,-49.69328,-10.4601,2026-04-23 17:05:00+00:00,2026-04-23,NPP-375,PIUM,TOCANTINS,Brasil,,,,Cerrado,33,17,1717503,8,,223_067,2.8,POINT(-49.69328 -10.4601)
1815257233,f1bdd624-d484-3a77-b385-16c384785226,-47.6959,-14.1154,2026-04-23 17:05:00+00:00,2026-04-23,NPP-375,ALTO PARAÍSO DE GOIÁS,GOIÁS,Brasil,,,,Cerrado,33,52,5200605,8,,221_070,5.5,POINT(-47.6959 -14.1154)
1815255989,c2aae2a9-2a3f-355b-9f58-c8e34ca13029,-57.43132,-14.20148,2026-04-23 17:05:00+00:00,2026-04-23,NPP-375,NOVA MARILÂNDIA,MATO GROSSO,Brasil,,,,Amazônia,33,51,5108857,8,,227_070,6.9,POINT(-57.43132 -14.20148)
1815257244,90d49bd0-9b9f-33d4-8a4e-a806ce0faf2b,-54.62275,-12.56158,2026-04-23 17:05:00+00:00,2026-04-23,NPP-375,NOVA UBIRATÃ,MATO GROSSO,Brasil,,,,Amazônia,33,51,5106240,8,,226_069,7.4,POINT(-54.62275 -12.56158)
1815255985,a76f4b54-77e6-3e1c-880d-a2416ce946a1,-49.72374,-11.87884,2026-04-23 17:05:00+00:00,2026-04-23,NPP-375,FORMOSO DO ARAGUAIA,TOCANTINS,Brasil,,,,Cerrado,33,17,1708205,8,,223_068,25.7,POINT(-49.72374 -11.87884)
1815255977,8cf05a8a-5706-3636-b8bd-bc6ad5a22473,-49.49118,-11.44041,2026-04-23 17:05:00+00:00,2026-04-23,NPP-375,DUERÉ,TOCANTINS,Brasil,,,,Cerrado,33,17,1707306,8,,223_068,6.2,POINT(-49.49118 -11.44041)
1815255955,907a23d4-f12e-3658-81b9-80dc718a9555,-45.31575,-13.373,2026-04-23 17:05:00+00:00,2026-04-23,NPP-375,CORRENTINA,BAHIA,Brasil,,,,Cerrado,33,29,2909307,8,,220_069,7.3,POINT(-45.31575 -13.373)
1815257269,bdab0e81-d5e5-3b47-a01d-005abf245cca,-47.90533,-13.53242,2026-04-23 17:05:00+00:00,2026-04-23,NPP-375,CAVALCANTE,GOIÁS,Brasil,,,,Cerrado,33,52,5205307,8,,221_069,4.2,POINT(-47.90533 -13.53242)
1815257272,59acce84-7865-3f2e-93cf-566db8292004,-47.89523,-9.73504,2026-04-23 17:05:00+00:00,2026-04-23,NPP-375,RIO SONO,TOCANTINS,Brasil,,,,Cerrado,33,17,1718758,8,,222_067,4.8,POINT(-47.89523 -9.73504)
1815257277,1ddd491e-ab8f-318b-ac67-616122e0f7bf,-49.68795,-10.46973,2026-04-23 17:05:00+00:00,2026-04-23,NPP-375,PIUM,TOCANTINS,Brasil,,,,Cerrado,33,17,1717503,8,,223_067,5.0,POINT(-49.68795 -10.46973)
1815257105,5b1e0fc8-9918-3691-b306-41766c2650b6,-56.85682,-13.50477,2026-04-23 17:05:00+00:00,2026-04-23,NPP-375,SÃO JOSÉ DO RIO CLARO,MATO GROSSO,Brasil,,,,Cerrado,33,51,5107305,8,,227_069,4.8,POINT(-56.85682 -13.50477)
1815257303,84611875-776c-3286-bd65-39a8ed9ca632,-49.7141,-11.84859,2026-04-23 17:05:00+00:00,2026-04-23,NPP-375,FORMOSO DO ARAGUAIA,TOCANTINS,Brasil,,,,Cerrado,33,17,1708205,8,,223_068,2.6,POINT(-49.7141 -11.84859)
1815257080,0d21a18c-bc0d-31ff-a240-b29f92bf5ce0,-46.96434,-11.1263,2026-04-23 17:05:00+00:00,2026-04-23,NPP-375,PONTE ALTA DO TOCANTINS,TOCANTINS,Brasil,,,,Cerrado,33,17,1717909,8,,221_068,27.8,POINT(-46.96434 -11.1263)
1815257307,8de031e4-804d-36e0-8dee-eb7336f13995,-49.339,-11.46179,2026-04-23 17:05:00+00:00,2026-04-23,NPP-375,DUERÉ,TOCANTINS,Brasil,,,,Cerrado,33,17,1707306,8,,223_068,4.2,POINT(-49.339 -11.46179)
1815257075,dc44c75a-1cc5-3195-bad7-ea04c9a07681,-46.96912,-11.12711,2026-04-23 17:05:00+00:00,2026-04-23,NPP-375,PONTE ALTA DO TOCANTINS,TOCANTINS,Brasil,,,,Cerrado,33,17,1717909,8,,221_068,27.8,POINT(-46.96912 -11.12711)
1815257315,cf5d5ba7-8f06-37e4-9a92-8e6232b88637,-47.89149,-9.73601,2026-04-23 17:05:00+00:00,2026-04-23,NPP-375,RIO SONO,TOCANTINS,Brasil,,,,Cerrado,33,17,1718758,8,,222_067,8.8,POINT(-47.89149 -9.73601)
1815257067,3299d4c5-4b40-3190-8c5f-eb7d9434919a,-49.44038,-11.19492,2026-04-23 17:05:00+00:00,2026-04-23,NPP-375,DUERÉ,TOCANTINS,Brasil,,,,Cerrado,33,17,1707306,8,,223_068,4.5,POINT(-49.44038 -11.19492)
1815257037,c6af5a4d-0fc7-3d32-9e91-9b503b9ee3ff,-49.69273,-10.4635,2026-04-23 17:05:00+00:00,2026-04-23,NPP-375,PIUM,TOCANTINS,Brasil,,,,Cerrado,33,17,1717503,8,,223_067,4.5,POINT(-49.69273 -10.4635)
1815255937,8ba2e08d-75ac-31bf-a445-01867f0c431c,-46.5908,-10.38909,2026-04-23 17:05:00+00:00,2026-04-23,NPP-375,MATEIROS,TOCANTINS,Brasil,,,,Cerrado,33,17,1712702,8,,221_067,4.0,POINT(-46.5908 -10.38909)
1815257333,3f492b9f-581b-30bc-8158-39326a882038,-49.6774,-10.46455,2026-04-23 17:05:00+00:00,2026-04-23,NPP-375,PIUM,TOCANTINS,Brasil,,,,Cerrado,33,17,1717503,8,,223_067,31.9,POINT(-49.6774 -10.46455)
1815258250,7eab1edc-1526-3021-b896-d305250bdba4,-46.88029,-12.40355,2026-04-23 17:05:00+00:00,2026-04-23,NPP-375,TAGUATINGA,TOCANTINS,Brasil,,,,Cerrado,33,17,1720903,8,,221_069,16.5,POINT(-46.88029 -12.40355)
1815257023,e1690458-bacb-3cbb-b5b1-dea62a4e735c,-46.67375,-12.42331,2026-04-23 17:05:00+00:00,2026-04-23,NPP-375,TAGUATINGA,TOCANTINS,Brasil,,,,Cerrado,33,17,1720903,8,,221_069,12.8,POINT(-46.67375 -12.42331)
1815256996,08efcc9b-aa18-3a23-8c93-5dd8037fcf04,-43.79192,-13.4493,2026-04-23 17:05:00+00:00,2026-04-23,NPP-375,SERRA DO RAMALHO,BAHIA,Brasil,,,,Cerrado,33,29,2930154,8,,219_069,14.4,POINT(-43.79192 -13.4493)
1815255907,0534adbe-cd86-3759-b28e-8b053faf9b5a,-49.42206,-11.76777,2026-04-23 17:05:00+00:00,2026-04-23,NPP-375,FORMOSO DO ARAGUAIA,TOCANTINS,Brasil,,,,Cerrado,33,17,1708205,8,,223_068,2.1,POINT(-49.42206 -11.76777)
1815257403,1ec9fae8-f31f-33f9-9082-2a9408680ad1,-46.87961,-12.40733,2026-04-23 17:05:00+00:00,2026-04-23,NPP-375,TAGUATINGA,TOCANTINS,Brasil,,,,Cerrado,33,17,1720903,8,,221_069,16.5,POINT(-46.87961 -12.40733)
1815257407,086443ad-3940-32af-8ac1-9b575f1fbb4b,-57.42093,-14.20951,2026-04-23 17:05:00+00:00,2026-04-23,NPP-375,NOVA MARILÂNDIA,MATO GROSSO,Brasil,,,,Amazônia,33,51,5108857,8,,227_070,13.2,POINT(-57.42093 -14.20951)
1815257409,c346395f-328d-3571-acb6-d2377bbc5a26,-48.05599,-11.60428,2026-04-23 17:05:00+00:00,2026-04-23,NPP-375,CHAPADA DA NATIVIDADE,TOCANTINS,Brasil,,,,Cerrado,33,17,1705102,8,,222_068,6.1,POINT(-48.05599 -11.60428)
1815257410,de7e33b4-d589-3e6d-8e20-56194b0ca8ab,-44.93537,-10.40551,2026-04-23 17:05:00+00:00,2026-04-23,NPP-375,CORRENTE,PIAUÍ,Brasil,,,,Cerrado,33,22,2202901,8,,220_067,12.7,POINT(-44.93537 -10.40551)
1815256992,28ca6ac5-bdf2-3cf5-849e-b8360b385322,-49.71884,-11.8424,2026-04-23 17:05:00+00:00,2026-04-23,NPP-375,FORMOSO DO ARAGUAIA,TOCANTINS,Brasil,,,,Cerrado,33,17,1708205,8,,223_068,9.0,POINT(-49.71884 -11.8424)
1815257417,454cd4cc-ad57-3a8f-a6f1-e1329618a0be,-49.29417,-11.96388,2026-04-23 17:05:00+00:00,2026-04-23,NPP-375,FORMOSO DO ARAGUAIA,TOCANTINS,Brasil,,,,Cerrado,33,17,1708205,8,,222_068,5.5,POINT(-49.29417 -11.96388)
1815256965,1ef07831-6e8c-37cd-a0ed-a8313395229b,-46.85189,-11.08249,2026-04-23 17:05:00+00:00,2026-04-23,NPP-375,PONTE ALTA DO TOCANTINS,TOCANTINS,Brasil,,,,Cerrado,33,17,1717909,8,,221_068,32.8,POINT(-46.85189 -11.08249)
1815256960,8ef4a92d-ad64-3358-91a5-3005856f42c8,-49.71519,-11.84183,2026-04-23 17:05:00+00:00,2026-04-23,NPP-375,FORMOSO DO ARAGUAIA,TOCANTINS,Brasil,,,,Cerrado,33,17,1708205,8,,223_068,9.0,POINT(-49.71519 -11.84183)
1815255897,e9ea8dbf-8183-32bf-9eab-aac73658bb86,-46.93646,-11.19061,2026-04-23 17:05:00+00:00,2026-04-23,NPP-375,ALMAS,TOCANTINS,Brasil,,,,Cerrado,33,17,1700400,8,,221_068,6.3,POINT(-46.93646 -11.19061)
1815257456,52d31eaf-6bcc-30a5-87bb-e141682bb913,-42.95729,-13.17033,2026-04-23 17:05:00+00:00,2026-04-23,NPP-375,BOM JESUS DA LAPA,BAHIA,Brasil,,,,Caatinga,33,29,2903904,8,,218_069,24.5,POINT(-42.95729 -13.17033)
1815257464,5a63cf96-5b21-33b1-9122-f0dcdc08d249,-57.42144,-14.20491,2026-04-23 17:05:00+00:00,2026-04-23,NPP-375,NOVA MARILÂNDIA,MATO GROSSO,Brasil,,,,Amazônia,33,51,5108857,8,,227_070,13.0,POINT(-57.42144 -14.20491)
1815256948,40ec9966-2f72-3b29-9869-1e44d3a946fa,-46.66635,-12.43779,2026-04-23 17:05:00+00:00,2026-04-23,NPP-375,TAGUATINGA,TOCANTINS,Brasil,,,,Cerrado,33,17,1720903,8,,221_069,8.8,POINT(-46.66635 -12.43779)
1815257469,c1a52307-e0c6-33b6-84d3-2bbe0a706789,-47.7251,-14.11654,2026-04-23 17:05:00+00:00,2026-04-23,NPP-375,ALTO PARAÍSO DE GOIÁS,GOIÁS,Brasil,,,,Cerrado,33,52,5200605,8,,221_070,5.0,POINT(-47.7251 -14.11654)
1815257478,44604edf-1f7a-3a81-81ed-ebc4262fbaed,-55.0201,-11.84137,2026-04-23 17:05:00+00:00,2026-04-23,NPP-375,SANTA CARMEM,MATO GROSSO,Brasil,,,,Amazônia,33,51,5107248,8,,226_068,4.5,POINT(-55.0201 -11.84137)
1815255873,096c8be4-d003-3f5a-a5de-262c7328da9a,-60.31852,-12.32821,2026-04-23 17:05:00+00:00,2026-04-23,NPP-375,VILHENA,RONDÔNIA,Brasil,,,,Amazônia,33,11,1100304,8,,230_068,2.3,POINT(-60.31852 -12.32821)
1815257508,66e3c555-50f2-365a-9689-9ed3918ce389,-48.07964,-9.68187,2026-04-23 17:05:00+00:00,2026-04-23,NPP-375,TOCANTÍNIA,TOCANTINS,Brasil,,,,Cerrado,33,17,1721109,8,,222_067,1.8,POINT(-48.07964 -9.68187)
1815256937,d84740f4-2983-30aa-a2b0-75cab1abdb93,-46.82899,-11.07078,2026-04-23 17:05:00+00:00,2026-04-23,NPP-375,PONTE ALTA DO TOCANTINS,TOCANTINS,Brasil,,,,Cerrado,33,17,1717909,8,,221_068,5.7,POINT(-46.82899 -11.07078)
1815256924,ac315b9a-412d-3f51-b0c5-a8f46e15c1b5,-46.82421,-11.06999,2026-04-23 17:05:00+00:00,2026-04-23,NPP-375,PONTE ALTA DO TOCANTINS,TOCANTINS,Brasil,,,,Cerrado,33,17,1717909,8,,221_068,5.7,POINT(-46.82421 -11.06999)
1815255857,eca84b7d-b953-3a54-9ff1-3e4e0169a568,-45.42371,-11.99815,2026-04-23 17:05:00+00:00,2026-04-23,NPP-375,BARREIRAS,BAHIA,Brasil,,,,Cerrado,33,29,2903201,8,,220_068,7.0,POINT(-45.42371 -11.99815)
1815255855,086af852-d9b1-316a-9a1f-5678fd04aacf,-48.09953,-11.25235,2026-04-23 17:05:00+00:00,2026-04-23,NPP-375,SILVANÓPOLIS,TOCANTINS,Brasil,,,,Cerrado,33,17,1720655,8,,222_068,4.5,POINT(-48.09953 -11.25235)
1815255841,dd528cc3-8c94-31f5-8e82-9d19edf19aa4,-46.74596,-11.93554,2026-04-23 17:05:00+00:00,2026-04-23,NPP-375,NOVO JARDIM,TOCANTINS,Brasil,,,,Cerrado,33,17,1715259,8,,221_068,13.6,POINT(-46.74596 -11.93554)
1815256914,29d72974-ca00-3b88-9915-e64f484e81af,-46.34554,-8.45505,2026-04-23 17:05:00+00:00,2026-04-23,NPP-375,BALSAS,MARANHÃO,Brasil,,,,Cerrado,33,21,2101400,8,,221_066,5.0,POINT(-46.34554 -8.45505)
1815256890,578dbcb8-cabd-3c8d-9bc3-41b1b806c57c,-47.72449,-14.12008,2026-04-23 17:05:00+00:00,2026-04-23,NPP-375,ALTO PARAÍSO DE GOIÁS,GOIÁS,Brasil,,,,Cerrado,33,52,5200605,8,,221_070,9.7,POINT(-47.72449 -14.12008)
1815256878,6ec2b1e0-d7ee-3c2a-9eeb-1ee267c7b18a,-43.64882,-11.76536,2026-04-23 17:05:00+00:00,2026-04-23,NPP-375,BARRA,BAHIA,Brasil,,,,Cerrado,33,29,2902708,8,,219_068,19.2,POINT(-43.64882 -11.76536)
1815257595,1f70f3a3-2cac-3900-a930-f42497a8025a,-46.9511,-11.17524,2026-04-23 17:05:00+00:00,2026-04-23,NPP-375,ALMAS,TOCANTINS,Brasil,,,,Cerrado,33,17,1700400,8,,221_068,3.4,POINT(-46.9511 -11.17524)
1815255814,4f0760d5-f4a4-3e6f-9242-18aa5ae8f6c5,-49.186,-10.16201,2026-04-23 17:05:00+00:00,2026-04-23,NPP-375,CHAPADA DE AREIA,TOCANTINS,Brasil,,,,Cerrado,33,17,1704600,8,,223_067,4.4,POINT(-49.186 -10.16201)
1815256868,758cf84c-ffd2-3560-9712-ed10de542db1,-46.86773,-11.11387,2026-04-23 17:05:00+00:00,2026-04-23,NPP-375,ALMAS,TOCANTINS,Brasil,,,,Cerrado,33,17,1700400,8,,221_068,8.1,POINT(-46.86773 -11.11387)
1815256864,aa52f962-36c0-3df1-9c28-8169bcdf854f,-46.87123,-11.09466,2026-04-23 17:05:00+00:00,2026-04-23,NPP-375,PONTE ALTA DO TOCANTINS,TOCANTINS,Brasil,,,,Cerrado,33,17,1717909,8,,221_068,33.1,POINT(-46.87123 -11.09466)
1815255813,56d29d2e-d029-3798-96b4-dc169161b2fd,-57.42655,-14.20088,2026-04-23 17:05:00+00:00,2026-04-23,NPP-375,NOVA MARILÂNDIA,MATO GROSSO,Brasil,,,,Amazônia,33,51,5108857,8,,227_070,13.0,POINT(-57.42655 -14.20088)
1815257669,415d4eb3-0b02-366a-b13e-322cb32ba936,-55.45721,-12.04894,2026-04-23 17:05:00+00:00,2026-04-23,NPP-375,SINOP,MATO GROSSO,Brasil,,,,Amazônia,33,51,5107909,8,,226_068,8.7,POINT(-55.45721 -12.04894)
1815257670,63dc50c4-1aea-389c-a55d-de746447f9a4,-46.86568,-11.09768,2026-04-23 17:05:00+00:00,2026-04-23,NPP-375,PONTE ALTA DO TOCANTINS,TOCANTINS,Brasil,,,,Cerrado,33,17,1717909,8,,221_068,57.1,POINT(-46.86568 -11.09768)
1815257684,87ed1e24-d3d5-32a6-91fc-e8804e7dfc7c,-44.0458,-13.43987,2026-04-23 17:05:00+00:00,2026-04-23,NPP-375,SÃO FÉLIX DO CORIBE,BAHIA,Brasil,,,,Cerrado,33,29,2929057,8,,219_069,14.6,POINT(-44.0458 -13.43987)
1815255780,12e1f212-7c64-3d74-9d8a-bb3db53717b8,-43.61752,-11.79363,2026-04-23 17:05:00+00:00,2026-04-23,NPP-375,BARRA,BAHIA,Brasil,,,,Cerrado,33,29,2902708,8,,219_068,5.3,POINT(-43.61752 -11.79363)
1815256850,3ee5b22c-feb6-3d07-a972-a70de8cfbb9e,-49.69643,-10.46409,2026-04-23 17:05:00+00:00,2026-04-23,NPP-375,PIUM,TOCANTINS,Brasil,,,,Cerrado,33,17,1717503,8,,223_067,4.5,POINT(-49.69643 -10.46409)
1815255757,47180497-3cfb-3133-b015-0ed71295d903,-47.71,-14.10678,2026-04-23 17:05:00+00:00,2026-04-23,NPP-375,ALTO PARAÍSO DE GOIÁS,GOIÁS,Brasil,,,,Cerrado,33,52,5200605,8,,221_070,13.5,POINT(-47.71 -14.10678)
1815257713,aca1cca1-c530-3a68-b628-bbbf1b89857a,-57.42043,-14.21412,2026-04-23 17:05:00+00:00,2026-04-23,NPP-375,NOVA MARILÂNDIA,MATO GROSSO,Brasil,,,,Amazônia,33,51,5108857,8,,227_070,13.2,POINT(-57.42043 -14.21412)
1815256817,1e549570-b2eb-3b5b-93ff-75bb3ee64af8,-49.06492,-8.42523,2026-04-23 17:05:00+00:00,2026-04-23,NPP-375,COUTO MAGALHÃES,TOCANTINS,Brasil,,,,Cerrado,33,17,1706001,8,,223_066,3.7,POINT(-49.06492 -8.42523)
1815257752,201ad6df-21c8-3111-8b69-3b16f4742475,-49.67685,-10.46796,2026-04-23 17:05:00+00:00,2026-04-23,NPP-375,PIUM,TOCANTINS,Brasil,,,,Cerrado,33,17,1717503,8,,223_067,4.0,POINT(-49.67685 -10.46796)
1815257765,81a0ad5a-bacc-3e90-995f-8cc54eb15085,-45.31871,-13.37772,2026-04-23 17:05:00+00:00,2026-04-23,NPP-375,CORRENTINA,BAHIA,Brasil,,,,Cerrado,33,29,2909307,8,,220_069,7.3,POINT(-45.31871 -13.37772)
1815257768,a5206c99-e32b-3534-8ca0-8d533a3a8402,-47.89025,-9.73804,2026-04-23 17:05:00+00:00,2026-04-23,NPP-375,RIO SONO,TOCANTINS,Brasil,,,,Cerrado,33,17,1718758,8,,222_067,4.8,POINT(-47.89025 -9.73804)
1815257777,6fe2ac73-9534-359b-9b3e-be7bc793191b,-52.13718,-12.64078,2026-04-23 17:05:00+00:00,2026-04-23,NPP-375,QUERÊNCIA,MATO GROSSO,Brasil,,,,Amazônia,33,51,5107065,8,,224_069,13.0,POINT(-52.13718 -12.64078)
1815256811,6bddc159-9cb7-3f25-9e5f-e7e5fe7ea353,-47.72569,-14.113,2026-04-23 17:05:00+00:00,2026-04-23,NPP-375,ALTO PARAÍSO DE GOIÁS,GOIÁS,Brasil,,,,Cerrado,33,52,5200605,8,,221_070,5.0,POINT(-47.72569 -14.113)
1815257801,2c118248-e148-3ca0-a798-640a139fe670,-49.6737,-10.46396,2026-04-23 17:05:00+00:00,2026-04-23,NPP-375,PIUM,TOCANTINS,Brasil,,,,Cerrado,33,17,1717503,8,,223_067,43.4,POINT(-49.6737 -10.46396)
1815257803,18452454-2f29-3574-aea5-ddd3a2d3f67c,-49.69218,-10.46691,2026-04-23 17:05:00+00:00,2026-04-23,NPP-375,PIUM,TOCANTINS,Brasil,,,,Cerrado,33,17,1717503,8,,223_067,4.5,POINT(-49.69218 -10.46691)
1815256793,0d5a5469-9e35-351f-8fef-1a8af5e1eaa5,-44.04652,-13.43543,2026-04-23 17:05:00+00:00,2026-04-23,NPP-375,SÃO FÉLIX DO CORIBE,BAHIA,Brasil,,,,Cerrado,33,29,2929057,8,,219_069,14.6,POINT(-44.04652 -13.43543)
1815255741,57c3c906-c9f7-3840-9f1c-73d4c3dc8726,-44.83609,-8.78904,2026-04-23 17:05:00+00:00,2026-04-23,NPP-375,CURRAIS,PIAUÍ,Brasil,,,,Cerrado,33,22,2203230,8,,220_066,3.4,POINT(-44.83609 -8.78904)
1815256789,67d8012f-e759-3984-8b70-b161493880a1,-43.09319,-13.39193,2026-04-23 17:05:00+00:00,2026-04-23,NPP-375,RIACHO DE SANTANA,BAHIA,Brasil,,,,Caatinga,33,29,2926400,8,,218_069,5.8,POINT(-43.09319 -13.39193)
1815257864,8bf50a41-a589-3a6b-b85e-cc9e62577082,-45.24039,-13.58881,2026-04-23 17:05:00+00:00,2026-04-23,NPP-375,CORRENTINA,BAHIA,Brasil,,,,Cerrado,33,29,2909307,8,,220_069,5.2,POINT(-45.24039 -13.58881)
1815256758,4637a0a8-3ec5-374f-b603-5004db41443e,-55.45667,-12.05286,2026-04-23 17:05:00+00:00,2026-04-23,NPP-375,SINOP,MATO GROSSO,Brasil,,,,Amazônia,33,51,5107909,8,,226_068,4.3,POINT(-55.45667 -12.05286)
1815256742,7094a2b1-25a3-302e-9a6e-5b3d8155282f,-47.72043,-14.11942,2026-04-23 17:05:00+00:00,2026-04-23,NPP-375,ALTO PARAÍSO DE GOIÁS,GOIÁS,Brasil,,,,Cerrado,33,52,5200605,8,,221_070,9.1,POINT(-47.72043 -14.11942)
1815256736,6cba540f-1f2b-3dfb-a279-052902aba6a1,-46.07174,-9.48063,2026-04-23 17:05:00+00:00,2026-04-23,NPP-375,ALTO PARNAÍBA,MARANHÃO,Brasil,,,,Cerrado,33,21,2100501,8,,221_067,4.7,POINT(-46.07174 -9.48063)
1815257875,b160a4a4-a9dc-382c-b9ed-1a72a73e8438,-47.47538,-13.43728,2026-04-23 17:05:00+00:00,2026-04-23,NPP-375,CAVALCANTE,GOIÁS,Brasil,,,,Cerrado,33,52,5205307,8,,221_069,2.5,POINT(-47.47538 -13.43728)
1815257876,8e6013c9-db17-338d-af6e-7264811d0496,-46.34185,-8.45443,2026-04-23 17:05:00+00:00,2026-04-23,NPP-375,BALSAS,MARANHÃO,Brasil,,,,Cerrado,33,21,2101400,8,,221_066,5.0,POINT(-46.34185 -8.45443)
1815257880,f179655e-6827-38c7-aafd-0bd79cf4016b,-46.9636,-11.13011,2026-04-23 17:05:00+00:00,2026-04-23,NPP-375,PONTE ALTA DO TOCANTINS,TOCANTINS,Brasil,,,,Cerrado,33,17,1717909,8,,221_068,27.8,POINT(-46.9636 -11.13011)
1815257897,4b759e93-715b-37cd-aa10-dd364ba4e81c,-49.4262,-10.97621,2026-04-23 17:05:00+00:00,2026-04-23,NPP-375,SANTA RITA DO TOCANTINS,TOCANTINS,Brasil,,,,Cerrado,33,17,1718899,8,,223_068,5.9,POINT(-49.4262 -10.97621)
1815257901,717775e5-10e0-33a9-ab40-f7f16afc12ab,-49.64629,-11.39491,2026-04-23 17:05:00+00:00,2026-04-23,NPP-375,DUERÉ,TOCANTINS,Brasil,,,,Cerrado,33,17,1707306,8,,223_068,4.3,POINT(-49.64629 -11.39491)
1815257913,5ea16ee6-7255-3018-8533-409fca54c233,-43.84094,-11.91271,2026-04-23 17:05:00+00:00,2026-04-23,NPP-375,WANDERLEY,BAHIA,Brasil,,,,Cerrado,33,29,2933455,8,,219_068,4.6,POINT(-43.84094 -11.91271)
1815257916,37f3d0b2-d4bf-3602-a15c-b5fe62b01c3f,-49.69698,-10.46069,2026-04-23 17:05:00+00:00,2026-04-23,NPP-375,PIUM,TOCANTINS,Brasil,,,,Cerrado,33,17,1717503,8,,223_067,2.8,POINT(-49.69698 -10.46069)
1815257933,f74d20fa-4387-30bf-b15a-f54a297f489c,-46.87677,-11.09165,2026-04-23 17:05:00+00:00,2026-04-23,NPP-375,PONTE ALTA DO TOCANTINS,TOCANTINS,Brasil,,,,Cerrado,33,17,1717909,8,,221_068,35.8,POINT(-46.87677 -11.09165)
1815257938,5f6c2468-b5f0-39ef-96b8-717b4da368d0,-49.7019,-11.80855,2026-04-23 17:05:00+00:00,2026-04-23,NPP-375,FORMOSO DO ARAGUAIA,TOCANTINS,Brasil,,,,Cerrado,33,17,1708205,8,,223_068,22.8,POINT(-49.7019 -11.80855)
1815256715,f696ef85-f7ed-3eea-983b-3c3b08e831dc,-49.68055,-10.46855,2026-04-23 17:05:00+00:00,2026-04-23,NPP-375,PIUM,TOCANTINS,Brasil,,,,Cerrado,33,17,1717503,8,,223_067,4.0,POINT(-49.68055 -10.46855)
1815257963,a7a6ab3f-2112-3028-b57a-dd35dbff5df4,-43.78939,-13.45017,2026-04-23 17:05:00+00:00,2026-04-23,NPP-375,SERRA DO RAMALHO,BAHIA,Brasil,,,,Cerrado,33,29,2930154,8,,219_069,4.0,POINT(-43.78939 -13.45017)
1815257969,c1ec7a6b-6035-3707-aa44-486d4ebfcdd2,-47.72974,-14.11366,2026-04-23 17:05:00+00:00,2026-04-23,NPP-375,ALTO PARAÍSO DE GOIÁS,GOIÁS,Brasil,,,,Cerrado,33,52,5200605,8,,221_070,5.0,POINT(-47.72974 -14.11366)
1815256714,b90536c3-49ed-3b94-8e66-72a9350852af,-46.59415,-10.38756,2026-04-23 17:05:00+00:00,2026-04-23,NPP-375,MATEIROS,TOCANTINS,Brasil,,,,Cerrado,33,17,1712702,8,,221_067,7.7,POINT(-46.59415 -10.38756)
1815256713,b3db00aa-87a4-3abb-b990-4851faa6f486,-46.93895,-11.12988,2026-04-23 17:05:00+00:00,2026-04-23,NPP-375,PONTE ALTA DO TOCANTINS,TOCANTINS,Brasil,,,,Cerrado,33,17,1717909,8,,221_068,4.1,POINT(-46.93895 -11.12988)
1815255729,e7788aee-78ef-3cd9-b05e-c04fdddb0e65,-46.9291,-11.10454,2026-04-23 17:05:00+00:00,2026-04-23,NPP-375,PONTE ALTA DO TOCANTINS,TOCANTINS,Brasil,,,,Cerrado,33,17,1717909,8,,221_068,18.4,POINT(-46.9291 -11.10454)
1815257988,ffeb4a93-7f6d-3e4e-ae58-16efa01027fb,-44.17596,-13.06751,2026-04-23 17:05:00+00:00,2026-04-23,NPP-375,CANÁPOLIS,BAHIA,Brasil,,,,Cerrado,33,29,2906105,8,,219_069,1.2,POINT(-44.17596 -13.06751)
1815255715,598ee80c-77db-3edf-b139-8b90196a4b8d,-56.33408,-11.57557,2026-04-23 17:05:00+00:00,2026-04-23,NPP-375,TABAPORÃ,MATO GROSSO,Brasil,,,,Amazônia,33,51,5107941,8,,227_068,6.5,POINT(-56.33408 -11.57557)
1815257995,0e358491-5bb1-3936-b307-99e54f33fd2f,-49.67795,-10.46114,2026-04-23 17:05:00+00:00,2026-04-23,NPP-375,PIUM,TOCANTINS,Brasil,,,,Cerrado,33,17,1717503,8,,223_067,31.9,POINT(-49.67795 -10.46114)
1815256709,80df992f-50c5-3918-baf6-743ecdca536b,-57.43093,-14.20611,2026-04-23 17:05:00+00:00,2026-04-23,NPP-375,NOVA MARILÂNDIA,MATO GROSSO,Brasil,,,,Amazônia,33,51,5108857,8,,227_070,6.9,POINT(-57.43093 -14.20611)
1815256704,4b1bf09d-5868-368a-b9ea-1f9b3c0b1921,-47.71058,-14.10323,2026-04-23 17:05:00+00:00,2026-04-23,NPP-375,ALTO PARAÍSO DE GOIÁS,GOIÁS,Brasil,,,,Cerrado,33,52,5200605,8,,221_070,13.5,POINT(-47.71058 -14.10323)
1815258002,4063b305-b656-3f0d-86cc-80a36bdebaa3,-44.83711,-8.78896,2026-04-23 17:05:00+00:00,2026-04-23,NPP-375,CURRAIS,PIAUÍ,Brasil,,,,Cerrado,33,22,2203230,8,,220_066,8.2,POINT(-44.83711 -8.78896)
1815256683,31012f0f-d76c-3667-9226-9f9401e9aebf,-49.8952,-13.8566,2026-04-23 17:05:00+00:00,2026-04-23,NPP-375,AMARALINA,GOIÁS,Brasil,,,,Cerrado,33,52,5200829,8,,223_070,11.1,POINT(-49.8952 -13.8566)
1815255706,fef05b11-6b3b-3029-aef2-f6a806850df1,-43.78799,-13.44393,2026-04-23 17:05:00+00:00,2026-04-23,NPP-375,SERRA DO RAMALHO,BAHIA,Brasil,,,,Cerrado,33,29,2930154,8,,219_069,14.4,POINT(-43.78799 -13.44393)
1815258015,c96dd5c4-a6e5-3fad-ab87-a8f96351d25e,-48.31696,-13.07304,2026-04-23 17:05:00+00:00,2026-04-23,NPP-375,PALMEIRÓPOLIS,TOCANTINS,Brasil,,,,Cerrado,33,17,1715754,8,,222_069,4.6,POINT(-48.31696 -13.07304)
1815258017,f2734e67-4012-3632-97ff-08e3348791be,-50.67689,-9.41326,2026-04-23 17:05:00+00:00,2026-04-23,NPP-375,SANTANA DO ARAGUAIA,PARÁ,Brasil,,,,Amazônia,33,15,1506708,8,,224_066,3.1,POINT(-50.67689 -9.41326)
1815256637,40df8069-db30-3d61-9df3-285691c92dd1,-50.67333,-9.41271,2026-04-23 17:05:00+00:00,2026-04-23,NPP-375,SANTANA DO ARAGUAIA,PARÁ,Brasil,,,,Amazônia,33,15,1506708,8,,224_066,3.1,POINT(-50.67333 -9.41271)
1815256630,8267f214-b4ab-39f3-b141-901a6e31f105,-49.39175,-13.82926,2026-04-23 17:05:00+00:00,2026-04-23,NPP-375,AMARALINA,GOIÁS,Brasil,,,,Cerrado,33,52,5200829,8,,222_070,9.8,POINT(-49.39175 -13.82926)
1815256629,8087eb57-d7f3-30f2-8737-522bd69d6550,-46.66159,-12.437,2026-04-23 17:05:00+00:00,2026-04-23,NPP-375,TAGUATINGA,TOCANTINS,Brasil,,,,Cerrado,33,17,1720903,8,,221_069,8.8,POINT(-46.66159 -12.437)
1815256621,47dd7327-96d1-3e34-a2a9-27ba2bf32d97,-49.69115,-10.45315,2026-04-23 17:05:00+00:00,2026-04-23,NPP-375,PIUM,TOCANTINS,Brasil,,,,Cerrado,33,17,1717503,8,,223_067,8.6,POINT(-49.69115 -10.45315)
1815258047,8f876114-9ef7-33bf-9855-cf205952b473,-53.19981,-14.59619,2026-04-23 17:05:00+00:00,2026-04-23,NPP-375,CAMPINÁPOLIS,MATO GROSSO,Brasil,,,,Cerrado,33,51,5102603,8,,225_070,4.1,POINT(-53.19981 -14.59619)
1815258054,236643f5-e8a2-3467-a695-023910bcd31d,-48.09834,-11.25954,2026-04-23 17:05:00+00:00,2026-04-23,NPP-375,SILVANÓPOLIS,TOCANTINS,Brasil,,,,Cerrado,33,17,1720655,8,,222_068,3.5,POINT(-48.09834 -11.25954)
1815258078,2360403a-d856-37ef-b8b6-e4176112b3c0,-46.96663,-11.16996,2026-04-23 17:05:00+00:00,2026-04-23,NPP-375,ALMAS,TOCANTINS,Brasil,,,,Cerrado,33,17,1700400,8,,221_068,10.3,POINT(-46.96663 -11.16996)
1815258095,b2e0466a-1e3d-380c-982a-eacff2f954d7,-50.6728,-9.41606,2026-04-23 17:05:00+00:00,2026-04-23,NPP-375,SANTANA DO ARAGUAIA,PARÁ,Brasil,,,,Amazônia,33,15,1506708,8,,224_066,7.5,POINT(-50.6728 -9.41606)
1815256581,3203b955-a801-3ca9-8b79-cd5bcd4790a2,-46.92461,-11.12745,2026-04-23 17:05:00+00:00,2026-04-23,NPP-375,PONTE ALTA DO TOCANTINS,TOCANTINS,Brasil,,,,Cerrado,33,17,1717909,8,,221_068,9.3,POINT(-46.92461 -11.12745)
1815255703,7dc24814-b0ee-315b-8c0f-669c53d02bc1,-49.69014,-10.4561,2026-04-23 17:05:00+00:00,2026-04-23,NPP-375,PIUM,TOCANTINS,Brasil,,,,Cerrado,33,17,1717503,8,,223_067,2.5,POINT(-49.69014 -10.4561)
1815256574,78b88266-0f5d-37e0-aec4-138c9b4fa6ff,-46.93638,-11.21817,2026-04-23 17:05:00+00:00,2026-04-23,NPP-375,ALMAS,TOCANTINS,Brasil,,,,Cerrado,33,17,1700400,8,,221_068,7.8,POINT(-46.93638 -11.21817)
1815255682,fa61ed1f-0d4e-3bb0-bf5b-b2bb8ce74c0a,-49.69485,-10.45373,2026-04-23 17:05:00+00:00,2026-04-23,NPP-375,PIUM,TOCANTINS,Brasil,,,,Cerrado,33,17,1717503,8,,223_067,17.0,POINT(-49.69485 -10.45373)
1815258140,0816adeb-78e8-354d-8cc9-52b43b731f50,-49.68849,-10.46632,2026-04-23 17:05:00+00:00,2026-04-23,NPP-375,PIUM,TOCANTINS,Brasil,,,,Cerrado,33,17,1717503,8,,223_067,5.0,POINT(-49.68849 -10.46632)
1815256551,0053e45a-17b4-3b95-9ff8-92994daf394e,-46.95934,-11.18447,2026-04-23 17:05:00+00:00,2026-04-23,NPP-375,ALMAS,TOCANTINS,Brasil,,,,Cerrado,33,17,1700400,8,,221_068,4.6,POINT(-46.95934 -11.18447)
1815256536,06365686-1a45-366d-bc7b-f2205d7888ef,-45.31501,-13.37708,2026-04-23 17:05:00+00:00,2026-04-23,NPP-375,CORRENTINA,BAHIA,Brasil,,,,Cerrado,33,29,2909307,8,,220_069,7.3,POINT(-45.31501 -13.37708)
1815256511,04c77bd0-8148-3355-8fd9-defe2bce72ab,-46.87198,-11.09083,2026-04-23 17:05:00+00:00,2026-04-23,NPP-375,PONTE ALTA DO TOCANTINS,TOCANTINS,Brasil,,,,Cerrado,33,17,1717909,8,,221_068,35.8,POINT(-46.87198 -11.09083)
1815256505,3a31a48e-d714-3232-ae85-d4a43630aa91,-43.6446,-11.75975,2026-04-23 17:05:00+00:00,2026-04-23,NPP-375,BARRA,BAHIA,Brasil,,,,Cerrado,33,29,2902708,8,,219_068,39.9,POINT(-43.6446 -11.75975)
1815255637,dd9cc833-bf3c-38ec-8357-a0be05ab6d3c,-45.31131,-13.37643,2026-04-23 17:05:00+00:00,2026-04-23,NPP-375,CORRENTINA,BAHIA,Brasil,,,,Cerrado,33,29,2909307,8,,220_069,25.8,POINT(-45.31131 -13.37643)
1815255634,bdfb1024-557a-3fe2-a28e-cd1e27f5caf3,-49.49063,-11.44381,2026-04-23 17:05:00+00:00,2026-04-23,NPP-375,DUERÉ,TOCANTINS,Brasil,,,,Cerrado,33,17,1707306,8,,223_068,6.2,POINT(-49.49063 -11.44381)
1815258232,b4ee58ef-3e69-38ef-ad11-cc8ca52da891,-43.61858,-11.79497,2026-04-23 17:05:00+00:00,2026-04-23,NPP-375,BARRA,BAHIA,Brasil,,,,Cerrado,33,29,2902708,8,,219_068,7.0,POINT(-43.61858 -11.79497)
1815255628,ec8c2ad0-9612-3f86-aa84-9f296ec62b2b,-46.82567,-11.07099,2026-04-23 17:05:00+00:00,2026-04-23,NPP-375,PONTE ALTA DO TOCANTINS,TOCANTINS,Brasil,,,,Cerrado,33,17,1717909,8,,221_068,11.8,POINT(-46.82567 -11.07099)
1815257358,2d08577b-1006-3268-9123-a0a47c381404,-43.15603,-3.6251,2026-04-23 17:05:00+00:00,2026-04-23,NPP-375,MATA ROMA,MARANHÃO,Brasil,,,,Cerrado,33,21,2106409,8,,220_062,5.1,POINT(-43.15603 -3.6251)
1815258252,273b690a-a4f2-3d15-af88-82f3d351afd9,-46.85337,-11.08368,2026-04-23 17:05:00+00:00,2026-04-23,NPP-375,PONTE ALTA DO TOCANTINS,TOCANTINS,Brasil,,,,Cerrado,33,17,1717909,8,,221_068,36.8,POINT(-46.85337 -11.08368)
1815256451,13cf4e41-68a9-31b7-9bdf-d76c54fea3d1,-49.71465,-11.84521,2026-04-23 17:05:00+00:00,2026-04-23,NPP-375,FORMOSO DO ARAGUAIA,TOCANTINS,Brasil,,,,Cerrado,33,17,1708205,8,,223_068,9.0,POINT(-49.71465 -11.84521)
1815258260,b17ce790-4c19-3085-b1da-4d6cd827cb15,-50.02787,-12.75259,2026-04-23 17:05:00+00:00,2026-04-23,NPP-375,ARAGUAÇU,TOCANTINS,Brasil,,,,Cerrado,33,17,1702000,8,,223_069,8.1,POINT(-50.02787 -12.75259)
1815258270,988710af-e56d-328e-afae-5c2d308a1afe,-56.85617,-13.50914,2026-04-23 17:05:00+00:00,2026-04-23,NPP-375,SÃO JOSÉ DO RIO CLARO,MATO GROSSO,Brasil,,,,Cerrado,33,51,5107305,8,,227_069,4.8,POINT(-56.85617 -13.50914)
1815256444,897f25af-be30-31e1-a08a-c5692c2beef5,-46.95392,-11.18751,2026-04-23 17:05:00+00:00,2026-04-23,NPP-375,ALMAS,TOCANTINS,Brasil,,,,Cerrado,33,17,1700400,8,,221_068,7.5,POINT(-46.95392 -11.18751)
1815256436,12b2c1d6-a0eb-3bac-a84c-6ccbdaf97872,-47.48749,-13.44298,2026-04-23 17:05:00+00:00,2026-04-23,NPP-375,CAVALCANTE,GOIÁS,Brasil,,,,Cerrado,33,52,5205307,8,,221_069,5.2,POINT(-47.48749 -13.44298)
1815256430,c3f9ed78-49dd-399a-a519-21ccbd78818c,-49.69383,-10.45669,2026-04-23 17:05:00+00:00,2026-04-23,NPP-375,PIUM,TOCANTINS,Brasil,,,,Cerrado,33,17,1717503,8,,223_067,2.8,POINT(-49.69383 -10.45669)
1815256420,9ecc2648-80f4-3856-a724-8c756e044c41,-45.60677,-8.88332,2026-04-23 17:05:00+00:00,2026-04-23,NPP-375,SANTA FILOMENA,PIAUÍ,Brasil,,,,Cerrado,33,22,2209203,8,,220_066,10.1,POINT(-45.60677 -8.88332)
1815256401,51a4b4e9-cf5b-320b-b21a-bfb0dca9328a,-44.58795,-14.40873,2026-04-23 17:05:00+00:00,2026-04-23,NPP-375,MONTALVÂNIA,MINAS GERAIS,Brasil,,,,Cerrado,33,31,3142700,8,,219_070,5.8,POINT(-44.58795 -14.40873)
1815258347,cb7a40eb-0fba-3a4a-9c07-ce03883c8c42,-44.86527,-11.80236,2026-04-23 17:05:00+00:00,2026-04-23,NPP-375,RIACHÃO DAS NEVES,BAHIA,Brasil,,,,Cerrado,33,29,2926202,8,,220_068,7.3,POINT(-44.86527 -11.80236)
1815256372,9fa38173-1bd9-36de-802e-ba2e2a0ae956,-48.66914,-10.0098,2026-04-23 17:05:00+00:00,2026-04-23,NPP-375,MIRACEMA DO TOCANTINS,TOCANTINS,Brasil,,,,Cerrado,33,17,1713205,8,,222_067,2.0,POINT(-48.66914 -10.0098)
1815255621,6437389b-da87-35ef-89e0-cf44095b3876,-47.41343,-10.9006,2026-04-23 17:05:00+00:00,2026-04-23,NPP-375,PONTE ALTA DO TOCANTINS,TOCANTINS,Brasil,,,,Cerrado,33,17,1717909,8,,221_068,4.2,POINT(-47.41343 -10.9006)
1815258378,db1e2fd8-297b-352f-91b5-fbbe705c3772,-46.96128,-11.173,2026-04-23 17:05:00+00:00,2026-04-23,NPP-375,ALMAS,TOCANTINS,Brasil,,,,Cerrado,33,17,1700400,8,,221_068,22.8,POINT(-46.96128 -11.173)
1815256368,b11d1696-3a1b-37ab-be55-3f97d2a184ec,-51.1765,-9.83396,2026-04-23 17:05:00+00:00,2026-04-23,NPP-375,VILA RICA,MATO GROSSO,Brasil,,,,Amazônia,33,51,5108600,8,,224_067,4.9,POINT(-51.1765 -9.83396)
1815258382,0b0fbc0b-0823-3b19-bca7-be37e39da662,-46.93969,-11.12606,2026-04-23 17:05:00+00:00,2026-04-23,NPP-375,PONTE ALTA DO TOCANTINS,TOCANTINS,Brasil,,,,Cerrado,33,17,1717909,8,,221_068,9.8,POINT(-46.93969 -11.12606)
1815255612,39013e69-ee66-34e4-b9d7-0afee6db1daa,-49.18576,-10.16091,2026-04-23 17:05:00+00:00,2026-04-23,NPP-375,CHAPADA DE AREIA,TOCANTINS,Brasil,,,,Cerrado,33,17,1704600,8,,223_067,4.2,POINT(-49.18576 -10.16091)
1815258390,d071dd89-c2e3-32ac-b819-317778664892,-47.72105,-14.11588,2026-04-23 17:05:00+00:00,2026-04-23,NPP-375,ALTO PARAÍSO DE GOIÁS,GOIÁS,Brasil,,,,Cerrado,33,52,5200605,8,,221_070,9.6,POINT(-47.72105 -14.11588)
1815258394,7c9dae04-f309-3bd3-94a0-949f55514ca1,-57.42616,-14.2055,2026-04-23 17:05:00+00:00,2026-04-23,NPP-375,NOVA MARILÂNDIA,MATO GROSSO,Brasil,,,,Amazônia,33,51,5108857,8,,227_070,13.0,POINT(-57.42616 -14.2055)
1815255607,35a50314-ba64-38eb-977b-618e62f08ef1,-45.31205,-13.37235,2026-04-23 17:05:00+00:00,2026-04-23,NPP-375,CORRENTINA,BAHIA,Brasil,,,,Cerrado,33,29,2909307,8,,220_069,25.8,POINT(-45.31205 -13.37235)
1815256312,d8e50612-e624-3c9c-8bc2-8a5e8e9ad475,-44.86445,-11.80667,2026-04-23 17:05:00+00:00,2026-04-23,NPP-375,RIACHÃO DAS NEVES,BAHIA,Brasil,,,,Cerrado,33,29,2926202,8,,220_068,4.7,POINT(-44.86445 -11.80667)
1815256281,64ff9002-ea58-3f54-9362-4fe7f43d916e,-44.99408,-10.60461,2026-04-23 17:05:00+00:00,2026-04-23,NPP-375,CORRENTE,PIAUÍ,Brasil,,,,Cerrado,33,22,2202901,8,,220_067,5.6,POINT(-44.99408 -10.60461)
1815256224,6befedc4-0a1c-3e12-8d46-08b91e6980ea,-47.70529,-14.10965,2026-04-23 17:05:00+00:00,2026-04-23,NPP-375,ALTO PARAÍSO DE GOIÁS,GOIÁS,Brasil,,,,Cerrado,33,52,5200605,8,,221_070,10.8,POINT(-47.70529 -14.10965)
1815256205,4178d0bd-69f6-382a-95a0-6ccc24058875,-46.95881,-11.1293,2026-04-23 17:05:00+00:00,2026-04-23,NPP-375,PONTE ALTA DO TOCANTINS,TOCANTINS,Brasil,,,,Cerrado,33,17,1717909,8,,221_068,14.5,POINT(-46.95881 -11.1293)
1815256201,85dd22cb-cdef-3db9-84fe-3e86999210f5,-57.42569,-14.21011,2026-04-23 17:05:00+00:00,2026-04-23,NPP-375,NOVA MARILÂNDIA,MATO GROSSO,Brasil,,,,Amazônia,33,51,5108857,8,,227_070,13.2,POINT(-57.42569 -14.21011)
1815256176,4a3790af-8510-359d-93a5-c328b41e7534,-48.78201,-14.11269,2026-04-23 17:05:00+00:00,2026-04-23,NPP-375,URUAÇU,GOIÁS,Brasil,,,,Cerrado,33,52,5221601,8,,222_070,2.3,POINT(-48.78201 -14.11269)
1815256174,d400a2b1-f802-381a-b67c-6e1936d87f38,-46.87051,-11.0985,2026-04-23 17:05:00+00:00,2026-04-23,NPP-375,PONTE ALTA DO TOCANTINS,TOCANTINS,Brasil,,,,Cerrado,33,17,1717909,8,,221_068,33.1,POINT(-46.87051 -11.0985)
1815256111,b147b31e-3490-3c82-b562-b161b08d5ae9,-47.6965,-14.11186,2026-04-23 17:05:00+00:00,2026-04-23,NPP-375,ALTO PARAÍSO DE GOIÁS,GOIÁS,Brasil,,,,Cerrado,33,52,5200605,8,,221_070,3.0,POINT(-47.6965 -14.11186)
1815256099,d408bc7b-4d26-3b4e-9091-a36a4bd9be16,-47.70588,-14.1061,2026-04-23 17:05:00+00:00,2026-04-23,NPP-375,ALTO PARAÍSO DE GOIÁS,GOIÁS,Brasil,,,,Cerrado,33,52,5200605,8,,221_070,8.2,POINT(-47.70588 -14.1061)
1815256097,06961516-435e-38a1-bf0c-6bd6b84a0d2a,-46.95809,-11.13311,2026-04-23 17:05:00+00:00,2026-04-23,NPP-375,PONTE ALTA DO TOCANTINS,TOCANTINS,Brasil,,,,Cerrado,33,17,1717909,8,,221_068,7.8,POINT(-46.95809 -11.13311)
1815256087,3a07557f-c091-391e-83dc-94a08e87daf2,-46.96766,-11.13473,2026-04-23 17:05:00+00:00,2026-04-23,NPP-375,PONTE ALTA DO TOCANTINS,TOCANTINS,Brasil,,,,Cerrado,33,17,1717909,8,,221_068,10.3,POINT(-46.96766 -11.13473)
1815257195,149c0073-a44d-3099-ba07-0ee5fcb8248f,-46.82215,-11.09025,2026-04-23 17:05:00+00:00,2026-04-23,NPP-375,PONTE ALTA DO TOCANTINS,TOCANTINS,Brasil,,,,Cerrado,33,17,1717909,8,,221_068,11.9,POINT(-46.82215 -11.09025)
1815257182,9776432d-3d44-3d45-ae7d-8cda0c6c7318,-46.87256,-11.11469,2026-04-23 17:05:00+00:00,2026-04-23,NPP-375,PONTE ALTA DO TOCANTINS,TOCANTINS,Brasil,,,,Cerrado,33,17,1717909,8,,221_068,8.1,POINT(-46.87256 -11.11469)
1815257207,3b9cd076-4095-3338-af1c-e329c3dfe7fb,-49.4875,-11.43982,2026-04-23 17:05:00+00:00,2026-04-23,NPP-375,DUERÉ,TOCANTINS,Brasil,,,,Cerrado,33,17,1707306,8,,223_068,6.2,POINT(-49.4875 -11.43982)
1815257217,96a1fb36-1c1f-351b-aca7-32353ec92531,-46.97391,-11.12792,2026-04-23 17:05:00+00:00,2026-04-23,NPP-375,PONTE ALTA DO TOCANTINS,TOCANTINS,Brasil,,,,Cerrado,33,17,1717909,8,,221_068,10.8,POINT(-46.97391 -11.12792)
1815257176,a72c5804-698d-34a2-a115-23c40788ce8e,-46.43358,-10.51964,2026-04-23 17:05:00+00:00,2026-04-23,NPP-375,MATEIROS,TOCANTINS,Brasil,,,,Cerrado,33,17,1712702,8,,221_067,9.4,POINT(-46.43358 -10.51964)
1815257031,ad8c8576-d628-340a-aace-9b22d3219842,-46.96839,-11.13092,2026-04-23 17:05:00+00:00,2026-04-23,NPP-375,PONTE ALTA DO TOCANTINS,TOCANTINS,Brasil,,,,Cerrado,33,17,1717909,8,,221_068,27.8,POINT(-46.96839 -11.13092)
1815257961,f66ad74c-393c-397a-80fa-938479971d6c,-60.9529,3.96566,2026-04-23 17:07:00+00:00,2026-04-23,NPP-375,AMAJARI,RORAIMA,Brasil,,,,Amazônia,33,14,1400027,8,,232_057,3.0,POINT(-60.9529 3.96566)
1815260629,e58e5e33-867d-30be-b0b9-1ba0f517acca,-52.4679,-27.01947,2026-04-23 17:20:00+00:00,2026-04-23,NOAA-20,XAXIM,SANTA CATARINA,Brasil,,,,Mata Atlântica,33,42,4219705,8,,222_079,3.9,POINT(-52.4679 -27.01947)
1815258666,4c6fc54c-11a1-3a0a-9230-641d89c09de0,-51.24434,-26.52149,2026-04-23 17:20:00+00:00,2026-04-23,NOAA-20,MATOS COSTA,SANTA CATARINA,Brasil,,,,Mata Atlântica,33,42,4210704,8,,222_078,3.5,POINT(-51.24434 -26.52149)
1815258679,dc112f4e-88a9-3cf6-bed5-2ae278df6c12,-50.85376,-25.53163,2026-04-23 17:20:00+00:00,2026-04-23,NOAA-20,IRATI,PARANÁ,Brasil,,,,Mata Atlântica,33,41,4110706,8,,221_078,7.0,POINT(-50.85376 -25.53163)
1815258681,57ff8523-fcc6-35e3-8b6f-2eedf7e43072,-44.20373,-21.20497,2026-04-23 17:20:00+00:00,2026-04-23,NOAA-20,SÃO JOÃO DEL REI,MINAS GERAIS,Brasil,,,,Mata Atlântica,33,31,3162500,8,,218_075,55.2,POINT(-44.20373 -21.20497)
1815258698,03cf9a06-eecc-391f-a518-acd779ff8fdc,-49.25778,-25.20445,2026-04-23 17:20:00+00:00,2026-04-23,NOAA-20,RIO BRANCO DO SUL,PARANÁ,Brasil,,,,Mata Atlântica,33,41,4122206,8,,220_078,7.9,POINT(-49.25778 -25.20445)
1815258704,daa78cc8-2667-3ad1-b808-af3af75a3b3c,-51.46238,-27.34564,2026-04-23 17:20:00+00:00,2026-04-23,NOAA-20,CAMPOS NOVOS,SANTA CATARINA,Brasil,,,,Mata Atlântica,33,42,4203600,8,,222_079,5.3,POINT(-51.46238 -27.34564)
1815258718,e2026243-6ee7-3418-b1e8-20caed0cda32,-51.40219,-27.49709,2026-04-23 17:20:00+00:00,2026-04-23,NOAA-20,CAMPOS NOVOS,SANTA CATARINA,Brasil,,,,Mata Atlântica,33,42,4203600,8,,221_079,2.4,POINT(-51.40219 -27.49709)
1815258723,e66ce5cf-a312-3c16-977d-94eb772d5ef0,-50.52337,-26.87679,2026-04-23 17:20:00+00:00,2026-04-23,NOAA-20,SANTA CECÍLIA,SANTA CATARINA,Brasil,,,,Mata Atlântica,33,42,4215505,8,,221_079,5.7,POINT(-50.52337 -26.87679)
1815258735,92190966-6a3b-36e4-826b-1c3c0d816e2d,-44.21063,-21.21238,2026-04-23 17:20:00+00:00,2026-04-23,NOAA-20,SÃO JOÃO DEL REI,MINAS GERAIS,Brasil,,,,Mata Atlântica,33,31,3162500,8,,218_075,47.1,POINT(-44.21063 -21.21238)
1815258741,cf31c7a7-9237-3385-97fc-89f71bcf8625,-50.43164,-27.34051,2026-04-23 17:20:00+00:00,2026-04-23,NOAA-20,SÃO CRISTÓVÃO DO SUL,SANTA CATARINA,Brasil,,,,Mata Atlântica,33,42,4216057,8,,221_079,17.8,POINT(-50.43164 -27.34051)
1815258763,7950c778-cbd8-35b6-8e00-614591ac14ca,-50.57841,-27.61337,2026-04-23 17:20:00+00:00,2026-04-23,NOAA-20,SÃO JOSÉ DO CERRITO,SANTA CATARINA,Brasil,,,,Mata Atlântica,33,42,4216800,8,,221_079,4.5,POINT(-50.57841 -27.61337)
1815258797,7ea2786c-2a6b-3831-86fd-ef1a7458e6ae,-56.03523,-22.21512,2026-04-23 17:20:00+00:00,2026-04-23,NOAA-20,ANTÔNIO JOÃO,MATO GROSSO DO SUL,Brasil,,,,Cerrado,33,50,5000906,8,,225_075,1.4,POINT(-56.03523 -22.21512)
1815258803,cfe13007-5ba5-3914-b831-38dd4a19a895,-52.76766,-25.87818,2026-04-23 17:20:00+00:00,2026-04-23,NOAA-20,SÃO JOÃO,PARANÁ,Brasil,,,,Mata Atlântica,33,41,4124806,8,,223_078,13.8,POINT(-52.76766 -25.87818)
1815258826,d443691e-9567-3f4f-9085-7177a174e94f,-49.85775,-24.37127,2026-04-23 17:20:00+00:00,2026-04-23,NOAA-20,JAGUARIAÍVA,PARANÁ,Brasil,,,,Cerrado,33,41,4112009,8,,221_077,2.3,POINT(-49.85775 -24.37127)
1815258827,946bed66-18a9-33f1-8ba6-aa6e77391fbd,-49.15379,-27.46345,2026-04-23 17:20:00+00:00,2026-04-23,NOAA-20,MAJOR GERCINO,SANTA CATARINA,Brasil,,,,Mata Atlântica,33,42,4210209,8,,220_079,6.6,POINT(-49.15379 -27.46345)
1815258855,9bcaf6e6-5380-3d32-8b9d-feaacf8d16a2,-52.51746,-25.21276,2026-04-23 17:20:00+00:00,2026-04-23,NOAA-20,NOVA LARANJEIRAS,PARANÁ,Brasil,,,,Mata Atlântica,33,41,4117057,8,,223_077,10.1,POINT(-52.51746 -25.21276)
1815258862,b368d825-fdba-3825-9855-96887df2188d,-50.57043,-27.49561,2026-04-23 17:20:00+00:00,2026-04-23,NOAA-20,CURITIBANOS,SANTA CATARINA,Brasil,,,,Mata Atlântica,33,42,4204806,8,,221_079,3.9,POINT(-50.57043 -27.49561)
1815258896,61a35144-e017-37b0-aa56-659383418c1d,-55.56121,-22.18542,2026-04-23 17:20:00+00:00,2026-04-23,NOAA-20,PONTA PORÃ,MATO GROSSO DO SUL,Brasil,,,,Cerrado,33,50,5006606,8,,225_075,4.3,POINT(-55.56121 -22.18542)
1815258915,379a1c76-0680-34b1-8619-a682584bee2a,-49.92747,-25.72178,2026-04-23 17:20:00+00:00,2026-04-23,NOAA-20,LAPA,PARANÁ,Brasil,,,,Mata Atlântica,33,41,4113205,8,,221_078,46.0,POINT(-49.92747 -25.72178)
1815258965,3916d934-e166-32b0-8611-b2fe719b7d0d,-50.10527,-26.40168,2026-04-23 17:20:00+00:00,2026-04-23,NOAA-20,PAPANDUVA,SANTA CATARINA,Brasil,,,,Mata Atlântica,33,42,4212205,8,,221_078,7.1,POINT(-50.10527 -26.40168)
1815258999,30b43c73-990b-3f62-91dd-6bed2a06f187,-51.05299,-27.41412,2026-04-23 17:20:00+00:00,2026-04-23,NOAA-20,VARGEM,SANTA CATARINA,Brasil,,,,Mata Atlântica,33,42,4219150,8,,221_079,2.0,POINT(-51.05299 -27.41412)
1815259037,604c4b34-f809-3771-8d1c-5d16d0082e8b,-52.90798,-26.76336,2026-04-23 17:20:00+00:00,2026-04-23,NOAA-20,JARDINÓPOLIS,SANTA CATARINA,Brasil,,,,Mata Atlântica,33,42,4208955,8,,223_078,3.8,POINT(-52.90798 -26.76336)
1815259082,24dca4d9-4fed-3e1a-a6e1-ed11ede7874d,-50.22236,-27.90026,2026-04-23 17:20:00+00:00,2026-04-23,NOAA-20,LAGES,SANTA CATARINA,Brasil,,,,Mata Atlântica,33,42,4209300,8,,221_079,6.2,POINT(-50.22236 -27.90026)
1815259110,b8ff1d9a-8042-36e6-af62-c0ba5da56812,-51.37221,-26.19151,2026-04-23 17:20:00+00:00,2026-04-23,NOAA-20,BITURUNA,PARANÁ,Brasil,,,,Mata Atlântica,33,41,4102901,8,,222_078,9.8,POINT(-51.37221 -26.19151)
1815259198,8573146b-fd11-347f-a242-79cada2294eb,-52.99207,-22.98484,2026-04-23 17:20:00+00:00,2026-04-23,NOAA-20,LOANDA,PARANÁ,Brasil,,,,Mata Atlântica,33,41,4113502,8,,223_076,15.3,POINT(-52.99207 -22.98484)
1815259241,b0040c8a-7682-3020-9135-d66dacdcbfc1,-46.93922,-20.16783,2026-04-23 17:20:00+00:00,2026-04-23,NOAA-20,SACRAMENTO,MINAS GERAIS,Brasil,,,,Cerrado,33,31,3156908,8,,220_074,7.5,POINT(-46.93922 -20.16783)
1815259257,7de7b258-b0bd-3947-8461-1d1fdb61043e,-46.7548,-20.1985,2026-04-23 17:20:00+00:00,2026-04-23,NOAA-20,SÃO ROQUE DE MINAS,MINAS GERAIS,Brasil,,,,Cerrado,33,31,3164308,8,,220_074,7.3,POINT(-46.7548 -20.1985)
1815259260,bd7f1cfd-a97e-3ded-a8c4-23359e9417a9,-48.58148,-24.792,2026-04-23 17:20:00+00:00,2026-04-23,NOAA-20,ADRIANÓPOLIS,PARANÁ,Brasil,,,,Mata Atlântica,33,41,4100202,8,,220_077,2.3,POINT(-48.58148 -24.792)
1815259276,33817792-ff1e-3311-b21e-20db951fab3b,-50.86251,-25.12905,2026-04-23 17:20:00+00:00,2026-04-23,NOAA-20,GUAMIRANGA,PARANÁ,Brasil,,,,Mata Atlântica,33,41,4108957,8,,221_077,4.1,POINT(-50.86251 -25.12905)
1815259283,cf6f7e16-ad93-3975-b96d-95d6fb76c5c1,-51.99968,-27.03016,2026-04-23 17:20:00+00:00,2026-04-23,NOAA-20,IRANI,SANTA CATARINA,Brasil,,,,Mata Atlântica,33,42,4207809,8,,222_079,2.0,POINT(-51.99968 -27.03016)
1815259297,0e0de70c-fca9-3d12-9bda-27f2110ad92a,-53.66963,-23.85441,2026-04-23 17:20:00+00:00,2026-04-23,NOAA-20,PÉROLA,PARANÁ,Brasil,,,,Mata Atlântica,33,41,4118907,8,,224_076,4.5,POINT(-53.66963 -23.85441)
1815259324,25185572-af9a-3846-8674-81634a352359,-53.03995,-25.02586,2026-04-23 17:20:00+00:00,2026-04-23,NOAA-20,CAMPO BONITO,PARANÁ,Brasil,,,,Mata Atlântica,33,41,4104055,8,,223_077,11.0,POINT(-53.03995 -25.02586)
1815259371,e5324087-df24-38f6-8c41-f9139d0d173c,-50.43082,-27.34401,2026-04-23 17:20:00+00:00,2026-04-23,NOAA-20,SÃO CRISTÓVÃO DO SUL,SANTA CATARINA,Brasil,,,,Mata Atlântica,33,42,4216057,8,,221_079,17.8,POINT(-50.43082 -27.34401)
1815259384,a0e5166a-5c15-38b4-a652-1b3e541a3a47,-49.19341,-24.234,2026-04-23 17:20:00+00:00,2026-04-23,NOAA-20,ITARARÉ,SÃO PAULO,Brasil,,,,Cerrado,33,35,3523206,8,,221_077,14.2,POINT(-49.19341 -24.234)
1815259420,d59f3c6a-961c-3128-93fc-b8db090b5159,-49.34248,-26.05471,2026-04-23 17:20:00+00:00,2026-04-23,NOAA-20,AGUDOS DO SUL,PARANÁ,Brasil,,,,Mata Atlântica,33,41,4100301,8,,220_078,3.5,POINT(-49.34248 -26.05471)
1815259468,9945b54f-35bd-338a-be32-ca0bcd95dd76,-45.04834,-22.72795,2026-04-23 17:20:00+00:00,2026-04-23,NOAA-20,CANAS,SÃO PAULO,Brasil,,,,Mata Atlântica,33,35,3509957,8,,218_076,3.5,POINT(-45.04834 -22.72795)
1815259487,65c36be1-af22-373f-a676-01c846a0038e,-44.20655,-21.21147,2026-04-23 17:20:00+00:00,2026-04-23,NOAA-20,SÃO JOÃO DEL REI,MINAS GERAIS,Brasil,,,,Mata Atlântica,33,31,3162500,8,,218_075,47.1,POINT(-44.20655 -21.21147)
1815259550,5a4915b6-5155-36a8-a960-2a9eb2972fa6,-49.56389,-25.20226,2026-04-23 17:20:00+00:00,2026-04-23,NOAA-20,CAMPO MAGRO,PARANÁ,Brasil,,,,Mata Atlântica,33,41,4104253,8,,221_077,4.9,POINT(-49.56389 -25.20226)
1815259593,d1d45973-9118-3d50-8d9f-722a4ca47e10,-49.35103,-23.40575,2026-04-23 17:20:00+00:00,2026-04-23,NOAA-20,TEJUPÁ,SÃO PAULO,Brasil,,,,Mata Atlântica,33,35,3554201,8,,221_076,4.3,POINT(-49.35103 -23.40575)
1815259641,b749ee21-bb84-3ae2-ac67-c95ce2a36e1b,-46.79688,-20.21228,2026-04-23 17:20:00+00:00,2026-04-23,NOAA-20,DELFINÓPOLIS,MINAS GERAIS,Brasil,,,,Cerrado,33,31,3121209,8,,220_074,8.8,POINT(-46.79688 -20.21228)
1815259687,08f15628-e864-3dbc-8a6b-b8ec0db37933,-53.17475,-25.02661,2026-04-23 17:20:00+00:00,2026-04-23,NOAA-20,CASCAVEL,PARANÁ,Brasil,,,,Mata Atlântica,33,41,4104808,8,,223_077,9.7,POINT(-53.17475 -25.02661)
1815259696,330a507f-dbe5-3d94-9f86-74e925338a80,-54.92255,-22.5853,2026-04-23 17:20:00+00:00,2026-04-23,NOAA-20,CAARAPÓ,MATO GROSSO DO SUL,Brasil,,,,Mata Atlântica,33,50,5002407,8,,225_076,7.2,POINT(-54.92255 -22.5853)
1815259707,0f28cedb-175d-3bda-b352-9bdfd1f85aea,-51.05106,-25.01337,2026-04-23 17:20:00+00:00,2026-04-23,NOAA-20,PRUDENTÓPOLIS,PARANÁ,Brasil,,,,Mata Atlântica,33,41,4120606,8,,222_077,19.9,POINT(-51.05106 -25.01337)
1815259717,83daaa7e-2681-359c-8ae2-8d6e1ac81f02,-46.91182,-22.92844,2026-04-23 17:20:00+00:00,2026-04-23,NOAA-20,VALINHOS,SÃO PAULO,Brasil,,,,Mata Atlântica,33,35,3556206,8,,219_076,4.7,POINT(-46.91182 -22.92844)
1815259732,2d6b1043-6851-3042-9653-078b63bb0bc4,-46.88882,-20.20303,2026-04-23 17:20:00+00:00,2026-04-23,NOAA-20,DELFINÓPOLIS,MINAS GERAIS,Brasil,,,,Cerrado,33,31,3121209,8,,220_074,4.2,POINT(-46.88882 -20.20303)
1815259735,76eab627-eeb8-3e07-949e-938e33143d53,-52.39227,-25.48407,2026-04-23 17:20:00+00:00,2026-04-23,NOAA-20,LARANJEIRAS DO SUL,PARANÁ,Brasil,,,,Mata Atlântica,33,41,4113304,8,,222_078,4.6,POINT(-52.39227 -25.48407)
1815259804,2dc36a84-1e8c-388d-b830-7d99f5b2ad19,-48.86692,-24.66974,2026-04-23 17:20:00+00:00,2026-04-23,NOAA-20,ADRIANÓPOLIS,PARANÁ,Brasil,,,,Mata Atlântica,33,41,4100202,8,,220_077,6.3,POINT(-48.86692 -24.66974)
1815259818,d454d33f-c18e-3d60-aebc-e1ddfc1911d3,-53.22852,-26.19939,2026-04-23 17:20:00+00:00,2026-04-23,NOAA-20,FLOR DA SERRA DO SUL,PARANÁ,Brasil,,,,Mata Atlântica,33,41,4107850,8,,223_078,2.4,POINT(-53.22852 -26.19939)
1815259845,484de76d-b694-35dc-b180-60184488362b,-51.03354,-27.65596,2026-04-23 17:20:00+00:00,2026-04-23,NOAA-20,ANITA GARIBALDI,SANTA CATARINA,Brasil,,,,Mata Atlântica,33,42,4201000,8,,221_079,68.8,POINT(-51.03354 -27.65596)
1815259849,f9c6464a-9205-338f-bb33-65a60c9134fc,-49.34159,-26.05845,2026-04-23 17:20:00+00:00,2026-04-23,NOAA-20,AGUDOS DO SUL,PARANÁ,Brasil,,,,Mata Atlântica,33,41,4100301,8,,220_078,7.5,POINT(-49.34159 -26.05845)
1815259858,d6b7506e-4c33-3848-9fd1-e964a7dc15e5,-50.96116,-27.75605,2026-04-23 17:20:00+00:00,2026-04-23,NOAA-20,CERRO NEGRO,SANTA CATARINA,Brasil,,,,Mata Atlântica,33,42,4204178,8,,221_079,5.8,POINT(-50.96116 -27.75605)
1815259893,611912b7-bc1f-3a09-9c14-8fc19435adfb,-50.49124,-27.96508,2026-04-23 17:20:00+00:00,2026-04-23,NOAA-20,CAPÃO ALTO,SANTA CATARINA,Brasil,,,,Mata Atlântica,33,42,4203253,8,,221_079,3.2,POINT(-50.49124 -27.96508)
1815259908,e9ee6453-d756-30d4-bff7-b377dab65e86,-46.37511,-19.8646,2026-04-23 17:20:00+00:00,2026-04-23,NOAA-20,PRATINHA,MINAS GERAIS,Brasil,,,,Cerrado,33,31,3153004,8,,219_074,5.8,POINT(-46.37511 -19.8646)
1815259922,7164ba72-e396-3e49-bd5e-d8a6a0adc55c,-46.37797,-19.86138,2026-04-23 17:20:00+00:00,2026-04-23,NOAA-20,PRATINHA,MINAS GERAIS,Brasil,,,,Cerrado,33,31,3153004,8,,219_074,50.3,POINT(-46.37797 -19.86138)
1815259960,de5594ce-3b99-3978-8716-8b709e151d31,-51.20423,-24.9489,2026-04-23 17:20:00+00:00,2026-04-23,NOAA-20,PRUDENTÓPOLIS,PARANÁ,Brasil,,,,Mata Atlântica,33,41,4120606,8,,222_077,15.6,POINT(-51.20423 -24.9489)
1815259994,2c502876-67fc-369d-b31f-1104dd6bcc61,-51.0377,-27.65667,2026-04-23 17:20:00+00:00,2026-04-23,NOAA-20,ANITA GARIBALDI,SANTA CATARINA,Brasil,,,,Mata Atlântica,33,42,4201000,8,,221_079,68.8,POINT(-51.0377 -27.65667)
1815260001,e599bf6e-964c-38a6-8a6b-2ab196943d71,-47.72195,-22.01474,2026-04-23 17:20:00+00:00,2026-04-23,NOAA-20,DESCALVADO,SÃO PAULO,Brasil,,,,Cerrado,33,35,3513702,8,,220_075,5.7,POINT(-47.72195 -22.01474)
1815260022,48d5efba-4995-3885-b415-20b1476e25b1,-46.73833,-20.21548,2026-04-23 17:20:00+00:00,2026-04-23,NOAA-20,SÃO ROQUE DE MINAS,MINAS GERAIS,Brasil,,,,Cerrado,33,31,3164308,8,,220_074,8.1,POINT(-46.73833 -20.21548)
1815260029,c6e4a48c-d5ca-3f19-84cb-fa877cbc7458,-46.81719,-21.40711,2026-04-23 17:20:00+00:00,2026-04-23,NOAA-20,MOCOCA,SÃO PAULO,Brasil,,,,Mata Atlântica,33,35,3530508,8,,219_075,3.9,POINT(-46.81719 -21.40711)
1815260059,0217b129-b838-3306-9acf-31a5ff5e4b4c,-51.10526,-26.73717,2026-04-23 17:20:00+00:00,2026-04-23,NOAA-20,CAÇADOR,SANTA CATARINA,Brasil,,,,Mata Atlântica,33,42,4203006,8,,221_079,5.2,POINT(-51.10526 -26.73717)
1815260060,534a48af-6131-3ffd-a9ad-2a41a5da22ee,-48.80091,-22.93474,2026-04-23 17:20:00+00:00,2026-04-23,NOAA-20,BOTUCATU,SÃO PAULO,Brasil,,,,Cerrado,33,35,3507506,8,,221_076,16.7,POINT(-48.80091 -22.93474)
1815260078,a6496f9c-84bb-3c60-a787-879a5583393d,-40.85531,-21.09604,2026-04-23 17:20:00+00:00,2026-04-23,NOAA-20,MARATAÍZES,ESPÍRITO SANTO,Brasil,,,,Mata Atlântica,33,32,3203320,8,,216_075,5.3,POINT(-40.85531 -21.09604)
1815260087,07dc3940-5e5d-3679-9cba-2bcebb9d747b,-50.48975,-27.69243,2026-04-23 17:20:00+00:00,2026-04-23,NOAA-20,SÃO JOSÉ DO CERRITO,SANTA CATARINA,Brasil,,,,Mata Atlântica,33,42,4216800,8,,221_079,15.5,POINT(-50.48975 -27.69243)
1815260094,6cc56161-8fa8-319c-b44f-1c7f7be63d3a,-52.91726,-25.16523,2026-04-23 17:20:00+00:00,2026-04-23,NOAA-20,GUARANIAÇU,PARANÁ,Brasil,,,,Mata Atlântica,33,41,4109302,8,,223_077,6.3,POINT(-52.91726 -25.16523)
1815260109,e6283b0b-062e-375a-a98d-8d3aa62c91a2,-51.18961,-27.75683,2026-04-23 17:20:00+00:00,2026-04-23,NOAA-20,ANITA GARIBALDI,SANTA CATARINA,Brasil,,,,Mata Atlântica,33,42,4201000,8,,221_079,2.7,POINT(-51.18961 -27.75683)
1815260153,f00c8668-09d4-34ba-b5a2-aab6a00ba4e5,-49.34261,-24.73555,2026-04-23 17:20:00+00:00,2026-04-23,NOAA-20,DOUTOR ULYSSES,PARANÁ,Brasil,,,,Mata Atlântica,33,41,4128633,8,,221_077,10.4,POINT(-49.34261 -24.73555)
1815260171,50310139-7822-3ba4-b26a-72abcaf4ad12,-52.69548,-22.97115,2026-04-23 17:20:00+00:00,2026-04-23,NOAA-20,GUAIRAÇÁ,PARANÁ,Brasil,,,,Mata Atlântica,33,41,4108908,8,,223_076,4.1,POINT(-52.69548 -22.97115)
1815260190,09f581a6-680b-3ad9-ba3a-0af3898e297e,-49.78519,-24.92726,2026-04-23 17:20:00+00:00,2026-04-23,NOAA-20,CASTRO,PARANÁ,Brasil,,,,Mata Atlântica,33,41,4104907,8,,221_077,27.9,POINT(-49.78519 -24.92726)
1815260200,1f6ada51-a254-3a25-acc3-f2180c7922f1,-52.20055,-27.01426,2026-04-23 17:20:00+00:00,2026-04-23,NOAA-20,IPUMIRIM,SANTA CATARINA,Brasil,,,,Mata Atlântica,33,42,4207700,8,,222_079,13.2,POINT(-52.20055 -27.01426)
1815260202,3d357fba-1015-37f3-ab41-75275b367b81,-50.7868,-23.77305,2026-04-23 17:20:00+00:00,2026-04-23,NOAA-20,SÃO JERÔNIMO DA SERRA,PARANÁ,Brasil,,,,Mata Atlântica,33,41,4124707,8,,222_076,5.4,POINT(-50.7868 -23.77305)
1815260224,d82c3613-0ff5-3006-ba20-9df50e90002d,-48.41785,-24.21007,2026-04-23 17:20:00+00:00,2026-04-23,NOAA-20,RIBEIRÃO GRANDE,SÃO PAULO,Brasil,,,,Mata Atlântica,33,35,3543253,8,,220_077,3.1,POINT(-48.41785 -24.21007)
1815260232,27a6b4cb-7e33-3c4e-b7a4-3d741e9dba1b,-50.88914,-27.25242,2026-04-23 17:20:00+00:00,2026-04-23,NOAA-20,CAMPOS NOVOS,SANTA CATARINA,Brasil,,,,Mata Atlântica,33,42,4203600,8,,221_079,9.7,POINT(-50.88914 -27.25242)
1815260238,a4285c55-3400-3e74-9595-f142185999e3,-49.56703,-25.19922,2026-04-23 17:20:00+00:00,2026-04-23,NOAA-20,CAMPO MAGRO,PARANÁ,Brasil,,,,Mata Atlântica,33,41,4104253,8,,221_077,6.8,POINT(-49.56703 -25.19922)
1815260241,8eafbd8d-fdb3-3939-84b7-b0ab7b10f928,-44.212,-21.20681,2026-04-23 17:20:00+00:00,2026-04-23,NOAA-20,SÃO JOÃO DEL REI,MINAS GERAIS,Brasil,,,,Mata Atlântica,33,31,3162500,8,,218_075,47.1,POINT(-44.212 -21.20681)
1815260243,e5032a6b-7317-345a-a77f-a9944f787c15,-49.34521,-25.05583,2026-04-23 17:20:00+00:00,2026-04-23,NOAA-20,RIO BRANCO DO SUL,PARANÁ,Brasil,,,,Mata Atlântica,33,41,4122206,8,,221_077,6.1,POINT(-49.34521 -25.05583)
1815260259,19a1eda5-c514-3194-b2a1-77b9d753e4ac,-52.91342,-25.16462,2026-04-23 17:20:00+00:00,2026-04-23,NOAA-20,GUARANIAÇU,PARANÁ,Brasil,,,,Mata Atlântica,33,41,4109302,8,,223_077,4.5,POINT(-52.91342 -25.16462)
1815260269,d9c215ce-874b-3b71-80a9-1b748f3a67de,-46.90831,-20.19181,2026-04-23 17:20:00+00:00,2026-04-23,NOAA-20,DELFINÓPOLIS,MINAS GERAIS,Brasil,,,,Cerrado,33,31,3121209,8,,220_074,9.1,POINT(-46.90831 -20.19181)
1815260289,d5d509f4-9275-3ec3-9864-1ad4fcae1e84,-51.14417,-24.70624,2026-04-23 17:20:00+00:00,2026-04-23,NOAA-20,CÂNDIDO DE ABREU,PARANÁ,Brasil,,,,Mata Atlântica,33,41,4104402,8,,222_077,4.8,POINT(-51.14417 -24.70624)
1815260336,d49cc289-3727-373f-9bfe-756a1fadf056,-49.11141,-25.99161,2026-04-23 17:20:00+00:00,2026-04-23,NOAA-20,TIJUCAS DO SUL,PARANÁ,Brasil,,,,Mata Atlântica,33,41,4127601,8,,220_078,5.2,POINT(-49.11141 -25.99161)
1815260340,ae7f5966-75df-3c30-984f-0294b23d9950,-47.03418,-21.91787,2026-04-23 17:20:00+00:00,2026-04-23,NOAA-20,CASA BRANCA,SÃO PAULO,Brasil,,,,Cerrado,33,35,3510807,8,,220_075,4.4,POINT(-47.03418 -21.91787)
1815260363,6039d07f-d28e-3934-a1f1-30336c8094a7,-50.77188,-23.82289,2026-04-23 17:20:00+00:00,2026-04-23,NOAA-20,SÃO JERÔNIMO DA SERRA,PARANÁ,Brasil,,,,Mata Atlântica,33,41,4124707,8,,222_076,6.2,POINT(-50.77188 -23.82289)
1815260408,87ea5542-75af-3ec4-9a0a-71c2b04bee08,-50.17932,-25.75243,2026-04-23 17:20:00+00:00,2026-04-23,NOAA-20,SÃO JOÃO DO TRIUNFO,PARANÁ,Brasil,,,,Mata Atlântica,33,41,4125100,8,,221_078,4.6,POINT(-50.17932 -25.75243)
1815260412,2aadb782-547b-3846-8196-e5fdb71844c9,-46.37495,-19.86076,2026-04-23 17:20:00+00:00,2026-04-23,NOAA-20,PRATINHA,MINAS GERAIS,Brasil,,,,Cerrado,33,31,3153004,8,,219_074,50.3,POINT(-46.37495 -19.86076)
1815260438,f10d8f40-af13-3a57-941a-823686ae1a63,-52.08255,-24.37922,2026-04-23 17:20:00+00:00,2026-04-23,NOAA-20,IRETAMA,PARANÁ,Brasil,,,,Mata Atlântica,33,41,4110805,8,,222_077,4.0,POINT(-52.08255 -24.37922)
1815260447,f2d30540-7f4e-3b8b-8b64-79297f6742f8,-52.1754,-25.89764,2026-04-23 17:20:00+00:00,2026-04-23,NOAA-20,MANGUEIRINHA,PARANÁ,Brasil,,,,Mata Atlântica,33,41,4114401,8,,222_078,10.6,POINT(-52.1754 -25.89764)
1815260458,7d87c57e-8f39-3895-8361-13b5fed13fee,-51.10683,-26.73028,2026-04-23 17:20:00+00:00,2026-04-23,NOAA-20,CAÇADOR,SANTA CATARINA,Brasil,,,,Mata Atlântica,33,42,4203006,8,,221_079,6.3,POINT(-51.10683 -26.73028)
1815260459,a19d7691-2dc3-3356-8154-4447c3981cfa,-50.78564,-23.7726,2026-04-23 17:20:00+00:00,2026-04-23,NOAA-20,SÃO JERÔNIMO DA SERRA,PARANÁ,Brasil,,,,Mata Atlântica,33,41,4124707,8,,222_076,5.2,POINT(-50.78564 -23.7726)
1815260464,a7b68942-fdd2-3cb1-9c6b-06409f38e0af,-50.00912,-27.83328,2026-04-23 17:20:00+00:00,2026-04-23,NOAA-20,PAINEL,SANTA CATARINA,Brasil,,,,Mata Atlântica,33,42,4211892,8,,221_079,11.4,POINT(-50.00912 -27.83328)
1815260504,3a0845c5-9778-31e9-a3a1-af159d54727c,-51.13702,-25.82397,2026-04-23 17:20:00+00:00,2026-04-23,NOAA-20,CRUZ MACHADO,PARANÁ,Brasil,,,,Mata Atlântica,33,41,4106803,8,,222_078,3.1,POINT(-51.13702 -25.82397)
1815260530,92170b82-2dc4-3683-bf94-baa3259c5128,-52.90411,-26.76275,2026-04-23 17:20:00+00:00,2026-04-23,NOAA-20,JARDINÓPOLIS,SANTA CATARINA,Brasil,,,,Mata Atlântica,33,42,4208955,8,,223_078,3.8,POINT(-52.90411 -26.76275)
1815260540,e5bd2821-1302-343d-8b25-f3054dc4b5c3,-52.23283,-25.58049,2026-04-23 17:20:00+00:00,2026-04-23,NOAA-20,CANDÓI,PARANÁ,Brasil,,,,Mata Atlântica,33,41,4104428,8,,222_078,4.9,POINT(-52.23283 -25.58049)
1815260559,88dd6135-9ff9-3fc5-afc2-5959f0f7aeb9,-51.1032,-26.72609,2026-04-23 17:20:00+00:00,2026-04-23,NOAA-20,CAÇADOR,SANTA CATARINA,Brasil,,,,Mata Atlântica,33,42,4203006,8,,221_079,6.5,POINT(-51.1032 -26.72609)
1815260575,9226d476-9a44-31b8-ad9c-78908619e69d,-49.72707,-27.59438,2026-04-23 17:20:00+00:00,2026-04-23,NOAA-20,PETROLÂNDIA,SANTA CATARINA,Brasil,,,,Mata Atlântica,33,42,4212700,8,,220_079,2.9,POINT(-49.72707 -27.59438)
1815260577,99bc0d60-1400-3d9c-abf0-30218ef3bd9c,-49.81655,-26.71081,2026-04-23 17:20:00+00:00,2026-04-23,NOAA-20,VITOR MEIRELES,SANTA CATARINA,Brasil,,,,Mata Atlântica,33,42,4219358,8,,221_078,3.4,POINT(-49.81655 -26.71081)
1815260601,61c92953-307d-35a8-b7cb-8588a89931b5,-50.70087,-27.60577,2026-04-23 17:20:00+00:00,2026-04-23,NOAA-20,SÃO JOSÉ DO CERRITO,SANTA CATARINA,Brasil,,,,Mata Atlântica,33,42,4216800,8,,221_079,2.7,POINT(-50.70087 -27.60577)
1815260623,ef5a77f0-3852-311e-a56d-6fc2f59a5a07,-53.55619,-23.52088,2026-04-23 17:20:00+00:00,2026-04-23,NOAA-20,ICARAÍMA,PARANÁ,Brasil,,,,Mata Atlântica,33,41,4109906,8,,223_076,1.2,POINT(-53.55619 -23.52088)
1815260652,cd559f70-fc86-3487-b5ec-883e4e1c2b84,-50.57335,-27.61611,2026-04-23 17:20:00+00:00,2026-04-23,NOAA-20,SÃO JOSÉ DO CERRITO,SANTA CATARINA,Brasil,,,,Mata Atlântica,33,42,4216800,8,,221_079,4.5,POINT(-50.57335 -27.61611)
1815260762,27bdab8a-72d4-38da-ac69-18675db97e7b,-50.95694,-27.75533,2026-04-23 17:20:00+00:00,2026-04-23,NOAA-20,CERRO NEGRO,SANTA CATARINA,Brasil,,,,Mata Atlântica,33,42,4204178,8,,221_079,3.0,POINT(-50.95694 -27.75533)
1815260786,481a3e74-fd46-3fd2-878c-df1e080f9119,-50.70942,-26.89445,2026-04-23 17:20:00+00:00,2026-04-23,NOAA-20,LEBON RÉGIS,SANTA CATARINA,Brasil,,,,Mata Atlântica,33,42,4209706,8,,221_079,2.7,POINT(-50.70942 -26.89445)
1815260791,d65b1dc1-a08e-3a27-a70a-a2465df34c91,-52.88967,-24.84831,2026-04-23 17:20:00+00:00,2026-04-23,NOAA-20,GUARANIAÇU,PARANÁ,Brasil,,,,Mata Atlântica,33,41,4109302,8,,223_077,3.2,POINT(-52.88967 -24.84831)
1815260847,96769167-f30b-3d31-8248-1b02a36a5d44,-49.54645,-25.83915,2026-04-23 17:20:00+00:00,2026-04-23,NOAA-20,LAPA,PARANÁ,Brasil,,,,Mata Atlântica,33,41,4113205,8,,221_078,3.0,POINT(-49.54645 -25.83915)
1815260848,f5dd2ddf-f82a-3709-9963-edda06eaa104,-50.91619,-26.45072,2026-04-23 17:20:00+00:00,2026-04-23,NOAA-20,PORTO UNIÃO,SANTA CATARINA,Brasil,,,,Mata Atlântica,33,42,4213609,8,,221_078,3.0,POINT(-50.91619 -26.45072)
1815260878,ee5600cd-40b4-395b-9517-523b1d7ae384,-49.34834,-23.40601,2026-04-23 17:20:00+00:00,2026-04-23,NOAA-20,TEJUPÁ,SÃO PAULO,Brasil,,,,Mata Atlântica,33,35,3554201,8,,221_076,5.6,POINT(-49.34834 -23.40601)
1815260902,de7ce71a-ea61-3b64-9572-483e59ac9961,-50.72005,-27.55395,2026-04-23 17:20:00+00:00,2026-04-23,NOAA-20,SÃO JOSÉ DO CERRITO,SANTA CATARINA,Brasil,,,,Mata Atlântica,33,42,4216800,8,,221_079,23.9,POINT(-50.72005 -27.55395)
1815260908,a5d0834b-5c96-3d85-9f7d-7f46febbe8ba,-50.83706,-27.09845,2026-04-23 17:20:00+00:00,2026-04-23,NOAA-20,FRAIBURGO,SANTA CATARINA,Brasil,,,,Mata Atlântica,33,42,4205506,8,,221_079,4.2,POINT(-50.83706 -27.09845)
1815260972,1fb5fa6b-cff6-3cd1-a2b9-d9d77cb9f675,-50.8549,-25.53103,2026-04-23 17:20:00+00:00,2026-04-23,NOAA-20,IRATI,PARANÁ,Brasil,,,,Mata Atlântica,33,41,4110706,8,,221_078,7.4,POINT(-50.8549 -25.53103)
1815261011,03bcf87d-dec1-39f8-8753-eb368a658940,-52.21611,-25.16332,2026-04-23 17:20:00+00:00,2026-04-23,NOAA-20,CANTAGALO,PARANÁ,Brasil,,,,Mata Atlântica,33,41,4104451,8,,222_077,3.2,POINT(-52.21611 -25.16332)
1815261015,24cbd85c-f91d-37be-a1b6-47a871e3caa3,-51.09732,-24.98487,2026-04-23 17:20:00+00:00,2026-04-23,NOAA-20,PRUDENTÓPOLIS,PARANÁ,Brasil,,,,Mata Atlântica,33,41,4120606,8,,222_077,12.2,POINT(-51.09732 -24.98487)
1815261082,ed2b9312-57e7-350f-881e-230e8e0cc29b,-50.7172,-23.20436,2026-04-23 17:20:00+00:00,2026-04-23,NOAA-20,CORNÉLIO PROCÓPIO,PARANÁ,Brasil,,,,Mata Atlântica,33,41,4106407,8,,222_076,5.4,POINT(-50.7172 -23.20436)
1815261131,132f3750-ba38-36d4-8e9e-31bec94c9f20,-53.1754,-25.02328,2026-04-23 17:20:00+00:00,2026-04-23,NOAA-20,CASCAVEL,PARANÁ,Brasil,,,,Mata Atlântica,33,41,4104808,8,,223_077,9.7,POINT(-53.1754 -25.02328)
1815261141,3d97c32a-2333-39f5-b7c3-a8ca82af3f5c,-46.9348,-20.18204,2026-04-23 17:20:00+00:00,2026-04-23,NOAA-20,DELFINÓPOLIS,MINAS GERAIS,Brasil,,,,Cerrado,33,31,3121209,8,,220_074,4.6,POINT(-46.9348 -20.18204)
1815261161,129aadd4-647d-3fc8-9901-7c4aacc5b687,-53.17089,-25.026,2026-04-23 17:20:00+00:00,2026-04-23,NOAA-20,CASCAVEL,PARANÁ,Brasil,,,,Mata Atlântica,33,41,4104808,8,,223_077,17.4,POINT(-53.17089 -25.026)
1815261227,c26d5100-6549-3024-adb3-4a606adfa701,-50.85884,-25.14677,2026-04-23 17:20:00+00:00,2026-04-23,NOAA-20,GUAMIRANGA,PARANÁ,Brasil,,,,Mata Atlântica,33,41,4108957,8,,221_077,3.4,POINT(-50.85884 -25.14677)
1815261236,6f42fb6c-529d-3fe3-b4fc-b9ca1000c5f2,-46.48595,-22.4107,2026-04-23 17:20:00+00:00,2026-04-23,NOAA-20,MONTE SIÃO,MINAS GERAIS,Brasil,,,,Mata Atlântica,33,31,3143401,8,,219_076,7.5,POINT(-46.48595 -22.4107)
1815261247,9b90d96e-5565-38e8-a9ee-72d19f44c96c,-50.91553,-27.27484,2026-04-23 17:20:00+00:00,2026-04-23,NOAA-20,CAMPOS NOVOS,SANTA CATARINA,Brasil,,,,Mata Atlântica,33,42,4203600,8,,221_079,18.4,POINT(-50.91553 -27.27484)
1815261284,b35db0ad-a503-3dc7-8096-d5cecd00050d,-55.18743,-23.07595,2026-04-23 17:20:00+00:00,2026-04-23,NOAA-20,AMAMBAI,MATO GROSSO DO SUL,Brasil,,,,Mata Atlântica,33,50,5000609,8,,225_076,5.0,POINT(-55.18743 -23.07595)
1815261307,ec228a2d-0024-3414-ae6a-37275216e60b,-51.10756,-26.72683,2026-04-23 17:20:00+00:00,2026-04-23,NOAA-20,CAÇADOR,SANTA CATARINA,Brasil,,,,Mata Atlântica,33,42,4203006,8,,221_079,6.5,POINT(-51.10756 -26.72683)
1815261324,f952cfa9-9fc2-3e2d-8b52-58bd097ab0b2,-48.99772,-27.78187,2026-04-23 17:20:00+00:00,2026-04-23,NOAA-20,ÁGUAS MORNAS,SANTA CATARINA,Brasil,,,,Mata Atlântica,33,42,4200606,8,,220_079,18.0,POINT(-48.99772 -27.78187)
1815261349,76987237-702a-3b80-b199-6cd62f900150,-51.17594,-26.01527,2026-04-23 17:20:00+00:00,2026-04-23,NOAA-20,CRUZ MACHADO,PARANÁ,Brasil,,,,Mata Atlântica,33,41,4106803,8,,222_078,2.5,POINT(-51.17594 -26.01527)
1815261372,f49b0306-d386-3713-be22-d7b221762b65,-46.90923,-20.18696,2026-04-23 17:20:00+00:00,2026-04-23,NOAA-20,DELFINÓPOLIS,MINAS GERAIS,Brasil,,,,Cerrado,33,31,3121209,8,,220_074,9.1,POINT(-46.90923 -20.18696)
1815261373,877adba6-d59d-3403-a67d-3c797dc0d17c,-48.58149,-24.79098,2026-04-23 17:20:00+00:00,2026-04-23,NOAA-20,ADRIANÓPOLIS,PARANÁ,Brasil,,,,Mata Atlântica,33,41,4100202,8,,220_077,4.3,POINT(-48.58149 -24.79098)
1815261378,3984649b-fcda-348e-a9ea-59dc832ceaf4,-44.20786,-21.20589,2026-04-23 17:20:00+00:00,2026-04-23,NOAA-20,SÃO JOÃO DEL REI,MINAS GERAIS,Brasil,,,,Mata Atlântica,33,31,3162500,8,,218_075,47.1,POINT(-44.20786 -21.20589)
1815261380,553d40ba-e08d-3aab-acc7-e947a9d364d0,-52.27648,-23.17495,2026-04-23 17:20:00+00:00,2026-04-23,NOAA-20,ALTO PARANÁ,PARANÁ,Brasil,,,,Mata Atlântica,33,41,4100608,8,,223_076,3.3,POINT(-52.27648 -23.17495)
1815261384,ce6c310b-ad23-3ad9-9c91-ef63f3327192,-50.89079,-24.89012,2026-04-23 17:20:00+00:00,2026-04-23,NOAA-20,IVAÍ,PARANÁ,Brasil,,,,Mata Atlântica,33,41,4111407,8,,222_077,4.1,POINT(-50.89079 -24.89012)
1815261398,fe3a4732-ed52-3213-98f4-dfbaae338bcb,-51.3501,-25.84995,2026-04-23 17:20:00+00:00,2026-04-23,NOAA-20,PINHÃO,PARANÁ,Brasil,,,,Mata Atlântica,33,41,4119301,8,,222_078,8.6,POINT(-51.3501 -25.84995)
1815261417,dab0088f-2c12-38b9-bc2f-ffc8d5d9d9c9,-46.88152,-20.1994,2026-04-23 17:20:00+00:00,2026-04-23,NOAA-20,DELFINÓPOLIS,MINAS GERAIS,Brasil,,,,Cerrado,33,31,3121209,8,,220_074,11.8,POINT(-46.88152 -20.1994)
1815261433,1f847a62-3670-3ed0-abbd-deca824bb0d9,-49.43468,-26.13015,2026-04-23 17:20:00+00:00,2026-04-23,NOAA-20,PIÊN,PARANÁ,Brasil,,,,Mata Atlântica,33,41,4119103,8,,220_078,6.8,POINT(-49.43468 -26.13015)
1815261434,da3db45f-174b-3668-bdb6-1787fdb78951,-46.91312,-20.19278,2026-04-23 17:20:00+00:00,2026-04-23,NOAA-20,DELFINÓPOLIS,MINAS GERAIS,Brasil,,,,Cerrado,33,31,3121209,8,,220_074,9.7,POINT(-46.91312 -20.19278)
1815261438,6026f53e-b1cc-3399-b9d6-440fd77e9fcc,-49.40717,-26.68633,2026-04-23 17:20:00+00:00,2026-04-23,NOAA-20,BENEDITO NOVO,SANTA CATARINA,Brasil,,,,Mata Atlântica,33,42,4202206,8,,220_079,15.7,POINT(-49.40717 -26.68633)
1815261439,32b7ffdb-26c3-3635-85aa-1809bf393614,-51.02317,-26.45126,2026-04-23 17:20:00+00:00,2026-04-23,NOAA-20,MATOS COSTA,SANTA CATARINA,Brasil,,,,Mata Atlântica,33,42,4210704,8,,221_078,5.3,POINT(-51.02317 -26.45126)
1815261447,30dd2cde-a37e-38f4-b9c7-8d83555f584a,-50.0133,-26.23825,2026-04-23 17:20:00+00:00,2026-04-23,NOAA-20,MAFRA,SANTA CATARINA,Brasil,,,,Mata Atlântica,33,42,4210100,8,,221_078,3.3,POINT(-50.0133 -26.23825)
1815261449,081a9d65-c1d0-3a67-8ebf-e243485e7465,-52.46391,-27.01883,2026-04-23 17:20:00+00:00,2026-04-23,NOAA-20,ARVOREDO,SANTA CATARINA,Brasil,,,,Mata Atlântica,33,42,4201653,8,,222_079,3.9,POINT(-52.46391 -27.01883)
1815261454,de3da131-59c3-3a0f-85dc-4e81a8634730,-49.79805,-27.81045,2026-04-23 17:20:00+00:00,2026-04-23,NOAA-20,BOCAINA DO SUL,SANTA CATARINA,Brasil,,,,Mata Atlântica,33,42,4202438,8,,220_079,22.5,POINT(-49.79805 -27.81045)
1815261483,a2de9314-635c-346c-b153-7f2d289dd728,-50.73327,-25.84058,2026-04-23 17:20:00+00:00,2026-04-23,NOAA-20,RIO AZUL,PARANÁ,Brasil,,,,Mata Atlântica,33,41,4122008,8,,221_078,2.0,POINT(-50.73327 -25.84058)
1815261486,9c32a1f2-7fdd-3cd6-8b60-d7c7330344da,-52.99535,-22.98886,2026-04-23 17:20:00+00:00,2026-04-23,NOAA-20,LOANDA,PARANÁ,Brasil,,,,Mata Atlântica,33,41,4113502,8,,223_076,10.5,POINT(-52.99535 -22.98886)
1815261536,22feff89-7e6b-3053-a9f0-688add0510a0,-49.29616,-22.8347,2026-04-23 17:20:00+00:00,2026-04-23,NOAA-20,ÁGUAS DE SANTA BÁRBARA,SÃO PAULO,Brasil,,,,Cerrado,33,35,3500550,8,,221_076,11.0,POINT(-49.29616 -22.8347)
1815261575,9493b5cd-6555-383b-b266-6656dc01b61b,-51.47549,-23.11799,2026-04-23 17:20:00+00:00,2026-04-23,NOAA-20,JAGUAPITÃ,PARANÁ,Brasil,,,,Mata Atlântica,33,41,4111902,8,,222_076,4.7,POINT(-51.47549 -23.11799)
1815261637,81950016-c7ac-3042-a7ea-76ff7250c834,-46.87957,-20.19613,2026-04-23 17:20:00+00:00,2026-04-23,NOAA-20,DELFINÓPOLIS,MINAS GERAIS,Brasil,,,,Cerrado,33,31,3121209,8,,220_074,8.3,POINT(-46.87957 -20.19613)
1815261639,70694127-f39f-374e-8398-d88e564cc582,-51.37147,-26.19494,2026-04-23 17:20:00+00:00,2026-04-23,NOAA-20,BITURUNA,PARANÁ,Brasil,,,,Mata Atlântica,33,41,4102901,8,,222_078,13.1,POINT(-51.37147 -26.19494)
1815261640,9bff94d8-7c6a-3674-9ae3-85a3fa4693b1,-47.90586,-23.23853,2026-04-23 17:20:00+00:00,2026-04-23,NOAA-20,CESÁRIO LANGE,SÃO PAULO,Brasil,,,,Mata Atlântica,33,35,3511607,8,,220_076,2.1,POINT(-47.90586 -23.23853)
1815261649,853e9f55-dcd8-3a67-8e24-6a6f5e248ea1,-53.89552,-23.89658,2026-04-23 17:20:00+00:00,2026-04-23,NOAA-20,ALTÔNIA,PARANÁ,Brasil,,,,Mata Atlântica,33,41,4100509,8,,224_076,1.6,POINT(-53.89552 -23.89658)
1815261678,241ec317-b068-3141-aec2-ba0bbe85cc78,-46.91343,-22.92806,2026-04-23 17:20:00+00:00,2026-04-23,NOAA-20,VALINHOS,SÃO PAULO,Brasil,,,,Mata Atlântica,33,35,3556206,8,,219_076,3.9,POINT(-46.91343 -22.92806)
1815261723,38286eb9-7b5a-3a55-b4eb-4faad447ea85,-46.90636,-20.18942,2026-04-23 17:20:00+00:00,2026-04-23,NOAA-20,DELFINÓPOLIS,MINAS GERAIS,Brasil,,,,Cerrado,33,31,3121209,8,,220_074,11.6,POINT(-46.90636 -20.18942)
1815261757,ba07314d-4ecd-336f-8d2a-9d3449f03137,-46.73356,-20.189,2026-04-23 17:20:00+00:00,2026-04-23,NOAA-20,SÃO ROQUE DE MINAS,MINAS GERAIS,Brasil,,,,Cerrado,33,31,3164308,8,,220_074,22.2,POINT(-46.73356 -20.189)
1815261764,03d002c0-fc8f-3830-817a-1c985f8ac834,-49.40841,-26.68785,2026-04-23 17:20:00+00:00,2026-04-23,NOAA-20,BENEDITO NOVO,SANTA CATARINA,Brasil,,,,Mata Atlântica,33,42,4202206,8,,220_079,15.4,POINT(-49.40841 -26.68785)
1815261778,2850e11a-1204-3e69-a12d-644237d74b7a,-51.10802,-25.07397,2026-04-23 17:20:00+00:00,2026-04-23,NOAA-20,PRUDENTÓPOLIS,PARANÁ,Brasil,,,,Mata Atlântica,33,41,4120606,8,,222_077,9.6,POINT(-51.10802 -25.07397)
1815261809,a79ee9ae-7227-3435-b0d6-9ccddf45de8c,-45.47833,-21.65336,2026-04-23 17:20:00+00:00,2026-04-23,NOAA-20,ELÓI MENDES,MINAS GERAIS,Brasil,,,,Mata Atlântica,33,31,3123601,8,,219_075,1.8,POINT(-45.47833 -21.65336)
1815261819,aefc7cea-e957-3e3e-b427-a57282756e61,-51.62454,-27.07042,2026-04-23 17:20:00+00:00,2026-04-23,NOAA-20,JOAÇABA,SANTA CATARINA,Brasil,,,,Mata Atlântica,33,42,4209003,8,,222_079,2.1,POINT(-51.62454 -27.07042)
1815261861,b08f30bc-b5e1-3140-b5fc-577b4206e550,-51.45827,-27.34495,2026-04-23 17:20:00+00:00,2026-04-23,NOAA-20,CAMPOS NOVOS,SANTA CATARINA,Brasil,,,,Mata Atlântica,33,42,4203600,8,,222_079,5.3,POINT(-51.45827 -27.34495)
1815261907,c5def6a5-c7c0-3abd-993a-ea96b077053e,-48.80569,-22.9314,2026-04-23 17:20:00+00:00,2026-04-23,NOAA-20,BOTUCATU,SÃO PAULO,Brasil,,,,Cerrado,33,35,3507506,8,,221_076,114.5,POINT(-48.80569 -22.9314)
1815261927,60564039-53d7-3404-912d-7b7d1566d614,-46.8834,-20.20195,2026-04-23 17:20:00+00:00,2026-04-23,NOAA-20,DELFINÓPOLIS,MINAS GERAIS,Brasil,,,,Cerrado,33,31,3121209,8,,220_074,7.5,POINT(-46.8834 -20.20195)
1815261929,0c3716b5-2ab1-3a2a-bf0c-d0c4927d1e60,-50.5777,-27.61686,2026-04-23 17:20:00+00:00,2026-04-23,NOAA-20,SÃO JOSÉ DO CERRITO,SANTA CATARINA,Brasil,,,,Mata Atlântica,33,42,4216800,8,,221_079,4.5,POINT(-50.5777 -27.61686)
1815261956,c2b9785a-7d55-34d2-9eec-62b4a5cfd071,-51.10247,-26.72954,2026-04-23 17:20:00+00:00,2026-04-23,NOAA-20,CAÇADOR,SANTA CATARINA,Brasil,,,,Mata Atlântica,33,42,4203006,8,,221_079,6.3,POINT(-51.10247 -26.72954)
1815261976,71f988e9-2b97-3f43-bdb6-4af2e2c2000d,-50.62557,-26.52739,2026-04-23 17:20:00+00:00,2026-04-23,NOAA-20,CANOINHAS,SANTA CATARINA,Brasil,,,,Mata Atlântica,33,42,4203808,8,,221_078,4.0,POINT(-50.62557 -26.52739)
1815261983,7e278c1c-50d2-3fe2-bd8c-aff226a1ae1e,-54.77197,-21.92153,2026-04-23 17:20:00+00:00,2026-04-23,NOAA-20,ITAPORÃ,MATO GROSSO DO SUL,Brasil,,,,Mata Atlântica,33,50,5004502,8,,225_075,4.0,POINT(-54.77197 -21.92153)
1815262020,ae64a21f-adb5-31c0-8313-c632001afe07,-46.4827,-22.41004,2026-04-23 17:20:00+00:00,2026-04-23,NOAA-20,MONTE SIÃO,MINAS GERAIS,Brasil,,,,Mata Atlântica,33,31,3143401,8,,219_076,6.1,POINT(-46.4827 -22.41004)
1815262080,a6063be2-c9f1-37bf-8099-b5fea1b9f095,-46.75648,-20.19375,2026-04-23 17:20:00+00:00,2026-04-23,NOAA-20,SÃO ROQUE DE MINAS,MINAS GERAIS,Brasil,,,,Cerrado,33,31,3164308,8,,220_074,7.3,POINT(-46.75648 -20.19375)
1815262084,37d3a06d-47cc-33f9-b358-e5d888bd501b,-50.48896,-27.69592,2026-04-23 17:20:00+00:00,2026-04-23,NOAA-20,SÃO JOSÉ DO CERRITO,SANTA CATARINA,Brasil,,,,Mata Atlântica,33,42,4216800,8,,221_079,15.5,POINT(-50.48896 -27.69592)
1815262108,b6d9f6e3-beca-3bf4-b03e-c3e194c5cb76,-49.79345,-27.80963,2026-04-23 17:20:00+00:00,2026-04-23,NOAA-20,BOCAINA DO SUL,SANTA CATARINA,Brasil,,,,Mata Atlântica,33,42,4202438,8,,220_079,9.5,POINT(-49.79345 -27.80963)
1815262133,69009676-7419-3e22-8259-5df9bbd3274a,-51.03704,-27.66011,2026-04-23 17:20:00+00:00,2026-04-23,NOAA-20,ANITA GARIBALDI,SANTA CATARINA,Brasil,,,,Mata Atlântica,33,42,4201000,8,,221_079,68.8,POINT(-51.03704 -27.66011)
1815262148,4aa47ffe-82f1-3695-ba6e-8ce899ca9b3d,-46.9111,-20.1904,2026-04-23 17:20:00+00:00,2026-04-23,NOAA-20,DELFINÓPOLIS,MINAS GERAIS,Brasil,,,,Cerrado,33,31,3121209,8,,220_074,11.6,POINT(-46.9111 -20.1904)
1815262170,dda33539-41bd-370b-9ca9-d1a49e26dbc7,-45.04955,-22.72279,2026-04-23 17:20:00+00:00,2026-04-23,NOAA-20,CANAS,SÃO PAULO,Brasil,,,,Mata Atlântica,33,35,3509957,8,,218_076,3.5,POINT(-45.04955 -22.72279)
1815262176,6cb80293-8577-3171-89e9-c02e4d64537e,-52.7538,-23.4124,2026-04-23 17:20:00+00:00,2026-04-23,NOAA-20,RONDON,PARANÁ,Brasil,,,,Mata Atlântica,33,41,4122602,8,,223_076,17.3,POINT(-52.7538 -23.4124)
1815262185,543dfc8a-c141-3803-ab81-72becb981545,-50.84134,-27.09919,2026-04-23 17:20:00+00:00,2026-04-23,NOAA-20,FRAIBURGO,SANTA CATARINA,Brasil,,,,Mata Atlântica,33,42,4205506,8,,221_079,4.3,POINT(-50.84134 -27.09919)
1815262187,f5f02d03-0e35-3b45-85ae-39491a3cf940,-48.58246,-24.78802,2026-04-23 17:20:00+00:00,2026-04-23,NOAA-20,ADRIANÓPOLIS,PARANÁ,Brasil,,,,Mata Atlântica,33,41,4100202,8,,220_077,2.3,POINT(-48.58246 -24.78802)
1815262193,6dfed8c7-4490-38f8-9485-b8e0a5967403,-49.54911,-25.83895,2026-04-23 17:20:00+00:00,2026-04-23,NOAA-20,LAPA,PARANÁ,Brasil,,,,Mata Atlântica,33,41,4113205,8,,221_078,11.2,POINT(-49.54911 -25.83895)
1815262198,a1c78b3e-9827-3594-93c4-5d7c7ecf8b3b,-49.84388,-25.95926,2026-04-23 17:20:00+00:00,2026-04-23,NOAA-20,RIO NEGRO,PARANÁ,Brasil,,,,Mata Atlântica,33,41,4122305,8,,221_078,4.4,POINT(-49.84388 -25.95926)
1815262222,a913b9a1-46f6-3d80-9c59-58f6320c9b37,-50.62997,-26.52816,2026-04-23 17:20:00+00:00,2026-04-23,NOAA-20,CANOINHAS,SANTA CATARINA,Brasil,,,,Mata Atlântica,33,42,4203808,8,,221_078,4.0,POINT(-50.62997 -26.52816)
1815262253,57f9a415-340c-3900-872a-bb48e1da390c,-49.56882,-25.20318,2026-04-23 17:20:00+00:00,2026-04-23,NOAA-20,CAMPO MAGRO,PARANÁ,Brasil,,,,Mata Atlântica,33,41,4104253,8,,221_077,4.9,POINT(-49.56882 -25.20318)
1815262269,65ccc34e-203d-3648-8587-6efa60995a59,-50.5698,-27.61188,2026-04-23 17:20:00+00:00,2026-04-23,NOAA-20,SÃO JOSÉ DO CERRITO,SANTA CATARINA,Brasil,,,,Mata Atlântica,33,42,4216800,8,,221_079,1.8,POINT(-50.5698 -27.61188)
1815262285,31d76b30-e831-3420-b5f4-7f7dcc7e6830,-46.7757,-20.24857,2026-04-23 17:20:00+00:00,2026-04-23,NOAA-20,SÃO ROQUE DE MINAS,MINAS GERAIS,Brasil,,,,Cerrado,33,31,3164308,8,,220_074,10.4,POINT(-46.7757 -20.24857)
1815262334,9b2eb29d-afe6-3b52-86e7-3ad35053de6c,-50.0812,-25.58822,2026-04-23 17:20:00+00:00,2026-04-23,NOAA-20,PALMEIRA,PARANÁ,Brasil,,,,Mata Atlântica,33,41,4117701,8,,221_078,3.1,POINT(-50.0812 -25.58822)
1815262344,3e7938b5-370f-3fd5-95d0-b26e29a653e6,-50.73247,-25.84123,2026-04-23 17:20:00+00:00,2026-04-23,NOAA-20,RIO AZUL,PARANÁ,Brasil,,,,Mata Atlântica,33,41,4122008,8,,221_078,2.8,POINT(-50.73247 -25.84123)
1815262411,df4a397b-15af-3215-bf0b-f2436759f1b9,-49.48102,-25.05494,2026-04-23 17:20:00+00:00,2026-04-23,NOAA-20,RIO BRANCO DO SUL,PARANÁ,Brasil,,,,Mata Atlântica,33,41,4122206,8,,221_077,13.8,POINT(-49.48102 -25.05494)
1815259780,3152b20a-5a59-363c-894f-5d572e8e571e,-45.21814,-12.06093,2026-04-23 17:22:00+00:00,2026-04-23,NOAA-20,BARREIRAS,BAHIA,Brasil,,,,Cerrado,33,29,2903201,8,,220_068,32.5,POINT(-45.21814 -12.06093)
1815261270,b7de2090-118a-3ad0-b4cc-feb592c02d14,-42.95893,-13.16911,2026-04-23 17:22:00+00:00,2026-04-23,NOAA-20,BOM JESUS DA LAPA,BAHIA,Brasil,,,,Caatinga,33,29,2903904,8,,218_069,53.6,POINT(-42.95893 -13.16911)
1815261306,de3f5d82-870c-3925-92f2-13c90eac8127,-46.66256,-12.43462,2026-04-23 17:22:00+00:00,2026-04-23,NOAA-20,TAGUATINGA,TOCANTINS,Brasil,,,,Cerrado,33,17,1720903,8,,221_069,10.6,POINT(-46.66256 -12.43462)
1815261316,3f24686c-c027-35cd-9b8c-ee9430a30760,-42.3539,-17.47719,2026-04-23 17:22:00+00:00,2026-04-23,NOAA-20,MINAS NOVAS,MINAS GERAIS,Brasil,,,,Cerrado,33,31,3141801,8,,217_072,10.3,POINT(-42.3539 -17.47719)
1815261354,7e64879b-8227-376c-8620-a6929b2c78ac,-53.68222,-17.52497,2026-04-23 17:22:00+00:00,2026-04-23,NOAA-20,ALTO ARAGUAIA,MATO GROSSO,Brasil,,,,Cerrado,33,51,5100300,8,,224_072,4.3,POINT(-53.68222 -17.52497)
1815261473,b878ed00-e0ee-30e6-b87c-8058d25a7370,-46.66535,-12.44105,2026-04-23 17:22:00+00:00,2026-04-23,NOAA-20,TAGUATINGA,TOCANTINS,Brasil,,,,Cerrado,33,17,1720903,8,,221_069,19.1,POINT(-46.66535 -12.44105)
1815261489,744091f5-9d5a-3d93-a534-7ef99b0eca9a,-50.02785,-12.75438,2026-04-23 17:22:00+00:00,2026-04-23,NOAA-20,ARAGUAÇU,TOCANTINS,Brasil,,,,Cerrado,33,17,1702000,8,,223_069,5.7,POINT(-50.02785 -12.75438)
1815261496,16661c71-9d33-3bd8-9f4f-57d3a0f988c5,-46.66263,-12.43671,2026-04-23 17:22:00+00:00,2026-04-23,NOAA-20,TAGUATINGA,TOCANTINS,Brasil,,,,Cerrado,33,17,1720903,8,,221_069,24.3,POINT(-46.66263 -12.43671)
1815261553,0056f84d-9be2-353a-bbaf-add45b43318d,-56.58348,-19.44702,2026-04-23 17:22:00+00:00,2026-04-23,NOAA-20,CORUMBÁ,MATO GROSSO DO SUL,Brasil,,,,Pantanal,33,50,5003207,8,,226_073,8.8,POINT(-56.58348 -19.44702)
1815261582,4bc8cd04-2ea3-30dc-9513-7748f38e22d9,-52.89195,-18.31015,2026-04-23 17:22:00+00:00,2026-04-23,NOAA-20,COSTA RICA,MATO GROSSO DO SUL,Brasil,,,,Cerrado,33,50,5003256,8,,224_073,15.7,POINT(-52.89195 -18.31015)
1815261616,04659d87-2a21-3d89-98a0-9abe5c48b346,-48.31946,-13.0843,2026-04-23 17:22:00+00:00,2026-04-23,NOAA-20,PALMEIRÓPOLIS,TOCANTINS,Brasil,,,,Cerrado,33,17,1715754,8,,222_069,1.7,POINT(-48.31946 -13.0843)
1815261627,b929965a-69b7-3d8a-a5a0-fff90fcf4010,-43.50581,-15.53524,2026-04-23 17:22:00+00:00,2026-04-23,NOAA-20,VERDELÂNDIA,MINAS GERAIS,Brasil,,,,Cerrado,33,31,3171030,8,,218_071,5.3,POINT(-43.50581 -15.53524)
1815261635,e0af8c3e-30ff-32b0-b381-03543b966bf3,-48.31874,-13.08267,2026-04-23 17:22:00+00:00,2026-04-23,NOAA-20,PALMEIRÓPOLIS,TOCANTINS,Brasil,,,,Cerrado,33,17,1715754,8,,222_069,4.1,POINT(-48.31874 -13.08267)
1815261686,1b349d35-5cad-3ba3-b323-f8c6f5db0d6e,-47.70577,-14.11222,2026-04-23 17:22:00+00:00,2026-04-23,NOAA-20,ALTO PARAÍSO DE GOIÁS,GOIÁS,Brasil,,,,Cerrado,33,52,5200605,8,,221_070,6.8,POINT(-47.70577 -14.11222)
1815261735,949af223-8a1b-322a-8736-f416cb4a9343,-42.35135,-17.48362,2026-04-23 17:22:00+00:00,2026-04-23,NOAA-20,MINAS NOVAS,MINAS GERAIS,Brasil,,,,Cerrado,33,31,3141801,8,,217_072,5.4,POINT(-42.35135 -17.48362)
1815261771,f8039519-eb53-3413-8188-0f0a4f5e25b2,-45.31129,-13.38146,2026-04-23 17:22:00+00:00,2026-04-23,NOAA-20,CORRENTINA,BAHIA,Brasil,,,,Cerrado,33,29,2909307,8,,220_069,16.4,POINT(-45.31129 -13.38146)
1815261808,cec11744-337e-30a7-950e-a47e98256b72,-57.43095,-14.20531,2026-04-23 17:22:00+00:00,2026-04-23,NOAA-20,NOVA MARILÂNDIA,MATO GROSSO,Brasil,,,,Amazônia,33,51,5108857,8,,227_070,9.0,POINT(-57.43095 -14.20531)
1815261840,b84db45e-9b54-382f-b581-521ab3ea0905,-42.95315,-13.16951,2026-04-23 17:22:00+00:00,2026-04-23,NOAA-20,BOM JESUS DA LAPA,BAHIA,Brasil,,,,Caatinga,33,29,2903904,8,,218_069,28.5,POINT(-42.95315 -13.16951)
1815261955,a2c985af-ee19-3f67-88d5-ffc714d7f2c3,-43.78835,-13.45085,2026-04-23 17:22:00+00:00,2026-04-23,NOAA-20,SERRA DO RAMALHO,BAHIA,Brasil,,,,Cerrado,33,29,2930154,8,,219_069,8.8,POINT(-43.78835 -13.45085)
1815261985,5024ebea-b6b2-308a-b07f-f27f6ae8fe28,-41.80182,-15.18019,2026-04-23 17:22:00+00:00,2026-04-23,NOAA-20,SÃO JOÃO DO PARAÍSO,MINAS GERAIS,Brasil,,,,Mata Atlântica,33,31,3162708,8,,217_071,9.6,POINT(-41.80182 -15.18019)
1815261993,862edb23-8be5-3f80-99b2-9add2623dd17,-45.00603,-17.50534,2026-04-23 17:22:00+00:00,2026-04-23,NOAA-20,BURITIZEIRO,MINAS GERAIS,Brasil,,,,Cerrado,33,31,3109402,8,,219_072,12.3,POINT(-45.00603 -17.50534)
1815262012,3117bdab-aab3-3cb0-9cf1-3ae14104ffa3,-57.42274,-14.21091,2026-04-23 17:22:00+00:00,2026-04-23,NOAA-20,NOVA MARILÂNDIA,MATO GROSSO,Brasil,,,,Amazônia,33,51,5108857,8,,227_070,16.2,POINT(-57.42274 -14.21091)
1815262013,2619d7b5-2c8b-335a-8162-3c6da3e60c59,-45.21689,-12.06717,2026-04-23 17:22:00+00:00,2026-04-23,NOAA-20,BARREIRAS,BAHIA,Brasil,,,,Cerrado,33,29,2903201,8,,220_068,32.5,POINT(-45.21689 -12.06717)
1815262042,0cff6673-6edf-3cc5-9336-795b12d37e61,-42.91019,-18.45197,2026-04-23 17:22:00+00:00,2026-04-23,NOAA-20,PAULISTAS,MINAS GERAIS,Brasil,,,,Mata Atlântica,33,31,3148400,8,,217_073,2.8,POINT(-42.91019 -18.45197)
1815262169,6dbf02e7-1fb8-3075-9ebc-e85e42f03d43,-57.42429,-14.20092,2026-04-23 17:22:00+00:00,2026-04-23,NOAA-20,NOVA MARILÂNDIA,MATO GROSSO,Brasil,,,,Amazônia,33,51,5108857,8,,227_070,9.8,POINT(-57.42429 -14.20092)
1815262183,5d86fbd4-2a8f-3d41-ac44-29c2f04577fd,-52.88683,-18.29113,2026-04-23 17:22:00+00:00,2026-04-23,NOAA-20,MINEIROS,GOIÁS,Brasil,,,,Cerrado,33,52,5213103,8,,224_073,3.7,POINT(-52.88683 -18.29113)
1815262196,efd95900-163e-376d-afc9-30df306680ca,-56.61082,-19.44414,2026-04-23 17:22:00+00:00,2026-04-23,NOAA-20,CORUMBÁ,MATO GROSSO DO SUL,Brasil,,,,Pantanal,33,50,5003207,8,,226_073,9.6,POINT(-56.61082 -19.44414)
1815262215,534e770e-b590-3c36-8caf-f53d3affc851,-47.72171,-14.11531,2026-04-23 17:22:00+00:00,2026-04-23,NOAA-20,ALTO PARAÍSO DE GOIÁS,GOIÁS,Brasil,,,,Cerrado,33,52,5200605,8,,221_070,5.0,POINT(-47.72171 -14.11531)
1815262324,76f9bd01-bc6c-3c66-9a7f-9833652064a4,-43.6159,-15.84953,2026-04-23 17:22:00+00:00,2026-04-23,NOAA-20,JANAÚBA,MINAS GERAIS,Brasil,,,,Cerrado,33,31,3135100,8,,218_071,7.1,POINT(-43.6159 -15.84953)
1815262345,fd91c96a-df49-303f-95b9-217430ad9a09,-46.66657,-12.4375,2026-04-23 17:22:00+00:00,2026-04-23,NOAA-20,TAGUATINGA,TOCANTINS,Brasil,,,,Cerrado,33,17,1720903,8,,221_069,15.4,POINT(-46.66657 -12.4375)
1815262417,ae81d3c4-160c-32f1-a45c-5aecac8df829,-49.39131,-13.83155,2026-04-23 17:22:00+00:00,2026-04-23,NOAA-20,AMARALINA,GOIÁS,Brasil,,,,Cerrado,33,52,5200829,8,,222_070,6.7,POINT(-49.39131 -13.83155)
1815262420,7e733a3c-73ea-393a-9362-154207c3cde5,-52.8833,-18.2869,2026-04-23 17:22:00+00:00,2026-04-23,NOAA-20,MINEIROS,GOIÁS,Brasil,,,,Cerrado,33,52,5213103,8,,224_073,11.4,POINT(-52.8833 -18.2869)
1815259940,b984932e-daaa-3b56-b5ae-7c7de050ad52,-56.58028,-19.44311,2026-04-23 17:22:00+00:00,2026-04-23,NOAA-20,CORUMBÁ,MATO GROSSO DO SUL,Brasil,,,,Pantanal,33,50,5003207,8,,226_073,9.5,POINT(-56.58028 -19.44311)
1815259886,6e1b567e-4f92-3091-83bc-e455cd5d0d0f,-57.41916,-14.21037,2026-04-23 17:22:00+00:00,2026-04-23,NOAA-20,NOVA MARILÂNDIA,MATO GROSSO,Brasil,,,,Amazônia,33,51,5108857,8,,227_070,19.1,POINT(-57.41916 -14.21037)
1815259881,1a9b91d0-f4ab-3137-afc6-055da6f6f27f,-47.7248,-14.11591,2026-04-23 17:22:00+00:00,2026-04-23,NOAA-20,ALTO PARAÍSO DE GOIÁS,GOIÁS,Brasil,,,,Cerrado,33,52,5200605,8,,221_070,6.5,POINT(-47.7248 -14.11591)
1815259874,e4f5761e-4532-33b9-aa7d-2ec783188d56,-56.60489,-19.45703,2026-04-23 17:22:00+00:00,2026-04-23,NOAA-20,CORUMBÁ,MATO GROSSO DO SUL,Brasil,,,,Pantanal,33,50,5003207,8,,226_073,4.5,POINT(-56.60489 -19.45703)
1815259868,f4ebcca6-7633-3781-b6cd-73ceb09e88bf,-45.2381,-13.58867,2026-04-23 17:22:00+00:00,2026-04-23,NOAA-20,CORRENTINA,BAHIA,Brasil,,,,Cerrado,33,29,2909307,8,,220_069,4.1,POINT(-45.2381 -13.58867)
1815259833,f7fe1d62-dfcc-3678-8679-09c6f2c70b0c,-52.21861,-13.50069,2026-04-23 17:22:00+00:00,2026-04-23,NOAA-20,CANARANA,MATO GROSSO,Brasil,,,,Cerrado,33,51,5102702,8,,224_069,5.8,POINT(-52.21861 -13.50069)
1815259815,dc5a3170-ed33-3b84-b398-d66cce351d46,-56.61137,-19.44078,2026-04-23 17:22:00+00:00,2026-04-23,NOAA-20,CORUMBÁ,MATO GROSSO DO SUL,Brasil,,,,Pantanal,33,50,5003207,8,,226_073,9.6,POINT(-56.61137 -19.44078)
1815259800,fdbb78c6-3656-3ab2-9a21-7d1e9d9556ac,-46.87866,-12.40647,2026-04-23 17:22:00+00:00,2026-04-23,NOAA-20,TAGUATINGA,TOCANTINS,Brasil,,,,Cerrado,33,17,1720903,8,,221_069,14.6,POINT(-46.87866 -12.40647)
1815259790,97e9492f-767b-34c4-b72e-ca9c5c2243d2,-57.42378,-14.20425,2026-04-23 17:22:00+00:00,2026-04-23,NOAA-20,NOVA MARILÂNDIA,MATO GROSSO,Brasil,,,,Amazônia,33,51,5108857,8,,227_070,9.8,POINT(-57.42378 -14.20425)
1815261095,0f10a268-0703-3105-8e50-dd2b2896f6f6,-43.78951,-13.44419,2026-04-23 17:22:00+00:00,2026-04-23,NOAA-20,SERRA DO RAMALHO,BAHIA,Brasil,,,,Cerrado,33,29,2930154,8,,219_069,8.8,POINT(-43.78951 -13.44419)
1815259777,9b4361fb-e794-36b3-87ec-48faf0eed6e5,-45.00811,-17.50066,2026-04-23 17:22:00+00:00,2026-04-23,NOAA-20,BURITIZEIRO,MINAS GERAIS,Brasil,,,,Cerrado,33,31,3109402,8,,219_072,14.2,POINT(-45.00811 -17.50066)
1815259770,25ae2178-f814-3d7d-acb1-1e0bdec6c80b,-42.95916,-13.17079,2026-04-23 17:22:00+00:00,2026-04-23,NOAA-20,BOM JESUS DA LAPA,BAHIA,Brasil,,,,Caatinga,33,29,2903904,8,,218_069,28.5,POINT(-42.95916 -13.17079)
1815259765,acc57631-a1cf-37b5-8b3b-b46b730dd78b,-57.43146,-14.20198,2026-04-23 17:22:00+00:00,2026-04-23,NOAA-20,NOVA MARILÂNDIA,MATO GROSSO,Brasil,,,,Amazônia,33,51,5108857,8,,227_070,9.0,POINT(-57.43146 -14.20198)
1815259755,e3a0c86b-2c88-3525-b342-c38b0a39145e,-46.66142,-12.44029,2026-04-23 17:22:00+00:00,2026-04-23,NOAA-20,TAGUATINGA,TOCANTINS,Brasil,,,,Cerrado,33,17,1720903,8,,221_069,10.6,POINT(-46.66142 -12.44029)
1815259725,ca9da0d4-9718-3f57-a813-5579bd0ba379,-56.57973,-19.44647,2026-04-23 17:22:00+00:00,2026-04-23,NOAA-20,CORUMBÁ,MATO GROSSO DO SUL,Brasil,,,,Pantanal,33,50,5003207,8,,226_073,9.5,POINT(-56.57973 -19.44647)
1815259683,2e378984-466a-3d51-9766-001d0d51cdd3,-43.78621,-13.4465,2026-04-23 17:22:00+00:00,2026-04-23,NOAA-20,SERRA DO RAMALHO,BAHIA,Brasil,,,,Cerrado,33,29,2930154,8,,219_069,9.1,POINT(-43.78621 -13.4465)
1815259655,d3704bcd-f938-3a6d-b852-f46a5a3d17a5,-56.58941,-19.43414,2026-04-23 17:22:00+00:00,2026-04-23,NOAA-20,CORUMBÁ,MATO GROSSO DO SUL,Brasil,,,,Pantanal,33,50,5003207,8,,226_073,2.8,POINT(-56.58941 -19.43414)
1815259625,9b07d649-9f4a-312c-ac85-7ad4e1678ce5,-47.72068,-14.12045,2026-04-23 17:22:00+00:00,2026-04-23,NOAA-20,ALTO PARAÍSO DE GOIÁS,GOIÁS,Brasil,,,,Cerrado,33,52,5200605,8,,221_070,5.3,POINT(-47.72068 -14.12045)
1815259545,03281927-803a-3320-b2f0-803c1d9e31a0,-51.66288,-18.49628,2026-04-23 17:22:00+00:00,2026-04-23,NOAA-20,ITARUMÃ,GOIÁS,Brasil,,,,Cerrado,33,52,5211305,8,,223_073,5.5,POINT(-51.66288 -18.49628)
1815259464,7ca1103f-cb68-329d-bf7e-9ada4d2fc0f3,-56.61348,-19.45141,2026-04-23 17:22:00+00:00,2026-04-23,NOAA-20,CORUMBÁ,MATO GROSSO DO SUL,Brasil,,,,Pantanal,33,50,5003207,8,,226_073,17.8,POINT(-56.61348 -19.45141)
1815259369,a8e01300-d39f-30d9-aea8-4fb913ca0772,-45.00674,-17.50635,2026-04-23 17:22:00+00:00,2026-04-23,NOAA-20,BURITIZEIRO,MINAS GERAIS,Brasil,,,,Cerrado,33,31,3109402,8,,219_072,14.2,POINT(-45.00674 -17.50635)
1815259363,66ace7ee-203e-33be-9922-83329d7bc0ff,-45.00746,-17.49966,2026-04-23 17:22:00+00:00,2026-04-23,NOAA-20,BURITIZEIRO,MINAS GERAIS,Brasil,,,,Cerrado,33,31,3109402,8,,219_072,12.3,POINT(-45.00746 -17.49966)
1815259272,5ffb8691-8da8-3476-a34c-1b851c76a5c6,-52.88641,-18.26927,2026-04-23 17:22:00+00:00,2026-04-23,NOAA-20,MINEIROS,GOIÁS,Brasil,,,,Cerrado,33,52,5213103,8,,224_073,7.9,POINT(-52.88641 -18.26927)
1815259221,068cbaaa-34fc-343a-9093-41926af5953a,-53.68613,-17.52562,2026-04-23 17:22:00+00:00,2026-04-23,NOAA-20,ALTO ARAGUAIA,MATO GROSSO,Brasil,,,,Cerrado,33,51,5100300,8,,224_072,14.5,POINT(-53.68613 -17.52562)
1815259213,21f59567-a670-3a67-8198-5627bcd0fade,-56.61457,-19.44469,2026-04-23 17:22:00+00:00,2026-04-23,NOAA-20,CORUMBÁ,MATO GROSSO DO SUL,Brasil,,,,Pantanal,33,50,5003207,8,,226_073,11.9,POINT(-56.61457 -19.44469)
1815259209,ccca9bfd-ecd4-35ab-b695-b0f45c93846f,-57.42787,-14.20145,2026-04-23 17:22:00+00:00,2026-04-23,NOAA-20,NOVA MARILÂNDIA,MATO GROSSO,Brasil,,,,Amazônia,33,51,5108857,8,,227_070,9.8,POINT(-57.42787 -14.20145)
1815259176,91881fcb-0032-3202-bee8-7e149f9f1e23,-45.31212,-13.37487,2026-04-23 17:22:00+00:00,2026-04-23,NOAA-20,CORRENTINA,BAHIA,Brasil,,,,Cerrado,33,29,2909307,8,,220_069,17.4,POINT(-45.31212 -13.37487)
1815259167,0702971e-3bf1-3352-80fd-df8a3f7ef727,-45.22192,-12.06819,2026-04-23 17:22:00+00:00,2026-04-23,NOAA-20,BARREIRAS,BAHIA,Brasil,,,,Cerrado,33,29,2903201,8,,220_068,23.1,POINT(-45.22192 -12.06819)
1815259129,72bfb617-7d20-3b00-a3d9-ed517551ba95,-47.69519,-14.11552,2026-04-23 17:22:00+00:00,2026-04-23,NOAA-20,ALTO PARAÍSO DE GOIÁS,GOIÁS,Brasil,,,,Cerrado,33,52,5200605,8,,221_070,2.9,POINT(-47.69519 -14.11552)
1815259116,e8324f67-cf49-3212-a28c-0f758e19d869,-45.01167,-17.50055,2026-04-23 17:22:00+00:00,2026-04-23,NOAA-20,BURITIZEIRO,MINAS GERAIS,Brasil,,,,Cerrado,33,31,3109402,8,,219_072,13.1,POINT(-45.01167 -17.50055)
1815259105,d5f81b09-34d7-3425-a936-8419ece80793,-42.34881,-17.48027,2026-04-23 17:22:00+00:00,2026-04-23,NOAA-20,MINAS NOVAS,MINAS GERAIS,Brasil,,,,Cerrado,33,31,3141801,8,,217_072,10.8,POINT(-42.34881 -17.48027)
1815259069,c29ec420-fd1d-3a44-96d0-a7de001d3287,-44.29298,-18.24589,2026-04-23 17:22:00+00:00,2026-04-23,NOAA-20,SANTO HIPÓLITO,MINAS GERAIS,Brasil,,,,Cerrado,33,31,3160603,8,,218_073,7.7,POINT(-44.29298 -18.24589)
1815259033,0105f4aa-b5aa-3316-9e3d-6b4e21639ca2,-42.35543,-17.48176,2026-04-23 17:22:00+00:00,2026-04-23,NOAA-20,MINAS NOVAS,MINAS GERAIS,Brasil,,,,Cerrado,33,31,3141801,8,,217_072,12.6,POINT(-42.35543 -17.48176)
1815259016,aa46a60f-b499-3e8b-b57b-bd72f4dc27c6,-47.76979,-15.75811,2026-04-23 17:22:00+00:00,2026-04-23,NOAA-20,BRASÍLIA,DISTRITO FEDERAL,Brasil,,,,Cerrado,33,53,5300108,8,,221_071,12.2,POINT(-47.76979 -15.75811)
1815259010,245a3cf6-30ec-3656-bc48-587f1dad9d82,-54.91879,-16.42457,2026-04-23 17:22:00+00:00,2026-04-23,NOAA-20,RONDONÓPOLIS,MATO GROSSO,Brasil,,,,Cerrado,33,51,5107602,8,,225_071,10.0,POINT(-54.91879 -16.42457)
1815258910,b43d45e4-af00-37d2-8127-941a082f2c93,-44.04404,-13.44048,2026-04-23 17:22:00+00:00,2026-04-23,NOAA-20,SÃO FÉLIX DO CORIBE,BAHIA,Brasil,,,,Cerrado,33,29,2929057,8,,219_069,15.7,POINT(-44.04404 -13.44048)
1815258877,1a339425-163e-3c9b-92fa-91ed822e92f0,-45.01031,-17.50625,2026-04-23 17:22:00+00:00,2026-04-23,NOAA-20,BURITIZEIRO,MINAS GERAIS,Brasil,,,,Cerrado,33,31,3109402,8,,219_072,13.1,POINT(-45.01031 -17.50625)
1815258815,f0997c9c-aad3-3dde-ba81-dd7443e684e8,-45.21629,-12.0633,2026-04-23 17:22:00+00:00,2026-04-23,NOAA-20,BARREIRAS,BAHIA,Brasil,,,,Cerrado,33,29,2903201,8,,220_068,11.0,POINT(-45.21629 -12.0633)
1815258719,6c231922-20fc-3e5b-a002-c4a4d0653437,-50.02422,-12.75445,2026-04-23 17:22:00+00:00,2026-04-23,NOAA-20,ARAGUAÇU,TOCANTINS,Brasil,,,,Cerrado,33,17,1702000,8,,223_069,5.6,POINT(-50.02422 -12.75445)
1815258685,5655d06c-23c7-3a83-bc49-9d7442af0709,-56.60761,-19.44024,2026-04-23 17:22:00+00:00,2026-04-23,NOAA-20,CORUMBÁ,MATO GROSSO DO SUL,Brasil,,,,Pantanal,33,50,5003207,8,,226_073,9.6,POINT(-56.60761 -19.44024)
1815260020,1cac8215-0255-3092-94a2-9f4598fa7634,-52.87977,-18.28267,2026-04-23 17:22:00+00:00,2026-04-23,NOAA-20,MINEIROS,GOIÁS,Brasil,,,,Cerrado,33,52,5213103,8,,224_073,11.4,POINT(-52.87977 -18.28267)
1815260023,cef01868-2f77-3e4e-ba56-59bf11135c25,-41.99468,-15.83216,2026-04-23 17:22:00+00:00,2026-04-23,NOAA-20,TAIOBEIRAS,MINAS GERAIS,Brasil,,,,Mata Atlântica,33,31,3168002,8,,217_071,9.7,POINT(-41.99468 -15.83216)
1815260031,af1acbeb-7139-3e34-9fb9-1f9ef5462139,-51.09456,-17.47847,2026-04-23 17:22:00+00:00,2026-04-23,NOAA-20,MONTIVIDIU,GOIÁS,Brasil,,,,Cerrado,33,52,5213756,8,,223_072,15.7,POINT(-51.09456 -17.47847)
1815260035,32e41d71-28b8-371d-8410-e24194080d65,-45.011,-17.50728,2026-04-23 17:22:00+00:00,2026-04-23,NOAA-20,BURITIZEIRO,MINAS GERAIS,Brasil,,,,Cerrado,33,31,3109402,8,,219_072,19.0,POINT(-45.011 -17.50728)
1815260079,24c41b14-4950-3237-8407-c917dc5a2b83,-57.42736,-14.20478,2026-04-23 17:22:00+00:00,2026-04-23,NOAA-20,NOVA MARILÂNDIA,MATO GROSSO,Brasil,,,,Amazônia,33,51,5108857,8,,227_070,9.8,POINT(-57.42736 -14.20478)
1815260081,9135ce69-e6b8-36a4-ba3d-d4194f919934,-52.89131,-18.31367,2026-04-23 17:22:00+00:00,2026-04-23,NOAA-20,COSTA RICA,MATO GROSSO DO SUL,Brasil,,,,Cerrado,33,50,5003256,8,,224_073,2.8,POINT(-52.89131 -18.31367)
1815260089,c7d1b456-087b-32fd-9171-cc2b73686daf,-54.97604,-20.57187,2026-04-23 17:22:00+00:00,2026-04-23,NOAA-20,TERENOS,MATO GROSSO DO SUL,Brasil,,,,Cerrado,33,50,5008008,8,,225_074,2.7,POINT(-54.97604 -20.57187)
1815260093,c205241a-83ef-3aa0-b40b-351b8dec5776,-47.70669,-14.10706,2026-04-23 17:22:00+00:00,2026-04-23,NOAA-20,ALTO PARAÍSO DE GOIÁS,GOIÁS,Brasil,,,,Cerrado,33,52,5200605,8,,221_070,6.8,POINT(-47.70669 -14.10706)
1815260125,55104627-171e-30b5-9836-d251956ba9f4,-47.70995,-14.10769,2026-04-23 17:22:00+00:00,2026-04-23,NOAA-20,ALTO PARAÍSO DE GOIÁS,GOIÁS,Brasil,,,,Cerrado,33,52,5200605,8,,221_070,6.8,POINT(-47.70995 -14.10769)
1815260161,d2271e81-f10b-33ad-b75d-b45621c6a323,-52.88456,-18.27985,2026-04-23 17:22:00+00:00,2026-04-23,NOAA-20,MINEIROS,GOIÁS,Brasil,,,,Cerrado,33,52,5213103,8,,224_073,8.8,POINT(-52.88456 -18.27985)
1815260210,1421ca95-bc70-3795-9d75-655068a29b40,-56.58082,-19.43976,2026-04-23 17:22:00+00:00,2026-04-23,NOAA-20,CORUMBÁ,MATO GROSSO DO SUL,Brasil,,,,Pantanal,33,50,5003207,8,,226_073,3.6,POINT(-56.58082 -19.43976)
1815260221,7acc9572-cca0-33b7-8663-9945473fb7b5,-43.27405,-16.09843,2026-04-23 17:22:00+00:00,2026-04-23,NOAA-20,JANAÚBA,MINAS GERAIS,Brasil,,,,Cerrado,33,31,3135100,8,,218_071,6.1,POINT(-43.27405 -16.09843)
1815260264,1cd847df-f112-3ef8-9b2b-e182f2874bd1,-56.61403,-19.44805,2026-04-23 17:22:00+00:00,2026-04-23,NOAA-20,CORUMBÁ,MATO GROSSO DO SUL,Brasil,,,,Pantanal,33,50,5003207,8,,226_073,17.8,POINT(-56.61403 -19.44805)
1815260288,8f5e7e65-4908-3328-b9d1-ed876923ab99,-44.04266,-13.43905,2026-04-23 17:22:00+00:00,2026-04-23,NOAA-20,SÃO FÉLIX DO CORIBE,BAHIA,Brasil,,,,Cerrado,33,29,2929057,8,,219_069,17.7,POINT(-44.04266 -13.43905)
1815260290,7fe94371-a0ea-3973-9a78-04faf7d46b20,-48.9326,-16.74728,2026-04-23 17:22:00+00:00,2026-04-23,NOAA-20,CALDAZINHA,GOIÁS,Brasil,,,,Cerrado,33,52,5204557,8,,222_072,3.1,POINT(-48.9326 -16.74728)
1815260319,75a54eaf-95c6-3e88-ad66-7c56c54843c3,-54.91822,-16.42792,2026-04-23 17:22:00+00:00,2026-04-23,NOAA-20,RONDONÓPOLIS,MATO GROSSO,Brasil,,,,Cerrado,33,51,5107602,8,,225_071,3.8,POINT(-54.91822 -16.42792)
1815260378,db239012-201e-31ee-968d-d4c41c0a7dc5,-51.0894,-17.47756,2026-04-23 17:22:00+00:00,2026-04-23,NOAA-20,MONTIVIDIU,GOIÁS,Brasil,,,,Cerrado,33,52,5213756,8,,223_072,15.7,POINT(-51.0894 -17.47756)
1815260391,58bc4c78-2083-3da0-9d8c-1f75de2a8849,-57.42326,-14.20758,2026-04-23 17:22:00+00:00,2026-04-23,NOAA-20,NOVA MARILÂNDIA,MATO GROSSO,Brasil,,,,Amazônia,33,51,5108857,8,,227_070,16.2,POINT(-57.42326 -14.20758)
1815260444,a21ff86a-6e5a-3d5a-9a7a-04b264556739,-52.89545,-18.31436,2026-04-23 17:22:00+00:00,2026-04-23,NOAA-20,COSTA RICA,MATO GROSSO DO SUL,Brasil,,,,Cerrado,33,50,5003256,8,,224_073,2.8,POINT(-52.89545 -18.31436)
1815260451,dd5da59a-78a0-368f-80db-ebb04af1d51c,-45.22134,-12.0643,2026-04-23 17:22:00+00:00,2026-04-23,NOAA-20,BARREIRAS,BAHIA,Brasil,,,,Cerrado,33,29,2903201,8,,220_068,10.1,POINT(-45.22134 -12.0643)
1815260453,d5843459-2766-3c2b-82d4-0375c920e23d,-57.42634,-14.21144,2026-04-23 17:22:00+00:00,2026-04-23,NOAA-20,NOVA MARILÂNDIA,MATO GROSSO,Brasil,,,,Amazônia,33,51,5108857,8,,227_070,16.2,POINT(-57.42634 -14.21144)
1815260508,3529c0b1-1d5e-3b0c-87cc-4eec1283cbb4,-45.31255,-13.3754,2026-04-23 17:22:00+00:00,2026-04-23,NOAA-20,CORRENTINA,BAHIA,Brasil,,,,Cerrado,33,29,2909307,8,,220_069,16.4,POINT(-45.31255 -13.3754)
1815260564,3f7ef9b3-6587-3a3c-af84-633fed51437f,-49.65057,-16.92813,2026-04-23 17:22:00+00:00,2026-04-23,NOAA-20,GUAPÓ,GOIÁS,Brasil,,,,Cerrado,33,52,5209200,8,,222_072,4.4,POINT(-49.65057 -16.92813)
1815260570,eadf4f8f-0481-3e75-9da4-370dfe5f713c,-52.88517,-18.27633,2026-04-23 17:22:00+00:00,2026-04-23,NOAA-20,MINEIROS,GOIÁS,Brasil,,,,Cerrado,33,52,5213103,8,,224_073,8.8,POINT(-52.88517 -18.27633)
1815260618,425f8569-6a34-3e39-b433-4163f153d2e8,-43.79239,-13.4478,2026-04-23 17:22:00+00:00,2026-04-23,NOAA-20,SERRA DO RAMALHO,BAHIA,Brasil,,,,Cerrado,33,29,2930154,8,,219_069,9.1,POINT(-43.79239 -13.4478)
1815260631,96df39a2-658c-3292-af9d-2c775f1112d6,-47.71086,-14.10252,2026-04-23 17:22:00+00:00,2026-04-23,NOAA-20,ALTO PARAÍSO DE GOIÁS,GOIÁS,Brasil,,,,Cerrado,33,52,5200605,8,,221_070,10.7,POINT(-47.71086 -14.10252)
1815260674,c7795a16-7aa7-3090-85d9-8f9be5088a68,-51.34488,-19.68484,2026-04-23 17:22:00+00:00,2026-04-23,NOAA-20,PARANAÍBA,MATO GROSSO DO SUL,Brasil,,,,Cerrado,33,50,5006309,8,,223_074,3.8,POINT(-51.34488 -19.68484)
1815260715,49d45b12-9ef6-311c-bda8-23ebbeffa664,-52.88268,-18.29043,2026-04-23 17:22:00+00:00,2026-04-23,NOAA-20,MINEIROS,GOIÁS,Brasil,,,,Cerrado,33,52,5213103,8,,224_073,3.2,POINT(-52.88268 -18.29043)
1815260784,4dce6664-211c-3f21-90e8-137ce3d72768,-54.91513,-16.42398,2026-04-23 17:22:00+00:00,2026-04-23,NOAA-20,RONDONÓPOLIS,MATO GROSSO,Brasil,,,,Cerrado,33,51,5107602,8,,225_071,10.0,POINT(-54.91513 -16.42398)
1815260788,d8b28f02-f37a-3f9e-8588-c440cde73ebd,-52.88579,-18.2728,2026-04-23 17:22:00+00:00,2026-04-23,NOAA-20,MINEIROS,GOIÁS,Brasil,,,,Cerrado,33,52,5213103,8,,224_073,7.9,POINT(-52.88579 -18.2728)
1815260795,99e1e41e-1c81-3a07-96e7-7420335000cb,-47.72381,-14.12106,2026-04-23 17:22:00+00:00,2026-04-23,NOAA-20,ALTO PARAÍSO DE GOIÁS,GOIÁS,Brasil,,,,Cerrado,33,52,5200605,8,,221_070,4.2,POINT(-47.72381 -14.12106)
1815260805,4d91d3bf-c0ae-3da3-8605-85da9f77bbc9,-45.21186,-12.06614,2026-04-23 17:22:00+00:00,2026-04-23,NOAA-20,BARREIRAS,BAHIA,Brasil,,,,Cerrado,33,29,2903201,8,,220_068,32.5,POINT(-45.21186 -12.06614)
1815260819,b96cab8e-732c-3c30-8454-8d60f234edb2,-52.88039,-18.27914,2026-04-23 17:22:00+00:00,2026-04-23,NOAA-20,MINEIROS,GOIÁS,Brasil,,,,Cerrado,33,52,5213103,8,,224_073,8.8,POINT(-52.88039 -18.27914)
1815260840,9b992428-36a7-3b95-b364-ec8959481e30,-44.29512,-18.24387,2026-04-23 17:22:00+00:00,2026-04-23,NOAA-20,SANTO HIPÓLITO,MINAS GERAIS,Brasil,,,,Cerrado,33,31,3160603,8,,218_073,8.1,POINT(-44.29512 -18.24387)
1815260907,8575ed62-fe6d-3c72-801f-0ca09b4935d9,-56.64891,-13.99256,2026-04-23 17:22:00+00:00,2026-04-23,NOAA-20,DIAMANTINO,MATO GROSSO,Brasil,,,,Cerrado,33,51,5103502,8,,227_070,4.5,POINT(-56.64891 -13.99256)
1815260955,92c379fa-ea99-3e74-9f39-f36564d9a546,-57.41968,-14.20704,2026-04-23 17:22:00+00:00,2026-04-23,NOAA-20,NOVA MARILÂNDIA,MATO GROSSO,Brasil,,,,Amazônia,33,51,5108857,8,,227_070,19.1,POINT(-57.41968 -14.20704)
1815261052,497a297e-4add-3827-96c0-b21934c7e8b0,-47.73275,-14.10677,2026-04-23 17:22:00+00:00,2026-04-23,NOAA-20,ALTO PARAÍSO DE GOIÁS,GOIÁS,Brasil,,,,Cerrado,33,52,5200605,8,,221_070,2.9,POINT(-47.73275 -14.10677)
1815261085,3a729479-85a2-3862-b803-6d380c32105c,-51.65823,-18.49545,2026-04-23 17:22:00+00:00,2026-04-23,NOAA-20,ITARUMÃ,GOIÁS,Brasil,,,,Cerrado,33,52,5211305,8,,223_073,8.6,POINT(-51.65823 -18.49545)
1815261949,7077a793-fbc4-3dde-b93c-fa40cddf3fbb,-46.91806,-11.12908,2026-04-23 17:24:00+00:00,2026-04-23,NOAA-20,PONTE ALTA DO TOCANTINS,TOCANTINS,Brasil,,,,Cerrado,33,17,1717909,8,,221_068,4.0,POINT(-46.91806 -11.12908)
1815261942,d55d7f2e-35cf-3350-bb96-d89eee71c581,-49.71205,-11.84208,2026-04-23 17:24:00+00:00,2026-04-23,NOAA-20,FORMOSO DO ARAGUAIA,TOCANTINS,Brasil,,,,Cerrado,33,17,1708205,8,,223_068,22.5,POINT(-49.71205 -11.84208)
1815259601,724ac480-6b10-3959-bf22-329e40ad8fd7,-46.87598,-11.09121,2026-04-23 17:24:00+00:00,2026-04-23,NOAA-20,PONTE ALTA DO TOCANTINS,TOCANTINS,Brasil,,,,Cerrado,33,17,1717909,8,,221_068,39.9,POINT(-46.87598 -11.09121)
1815260729,f79ef517-0852-38ca-b0f9-6d156ab3d3ca,-47.9149,-11.60604,2026-04-23 17:24:00+00:00,2026-04-23,NOAA-20,CHAPADA DA NATIVIDADE,TOCANTINS,Brasil,,,,Cerrado,33,17,1705102,8,,222_068,5.7,POINT(-47.9149 -11.60604)
1815259543,8ef375f8-a5e2-34cc-bd92-7d17a8dfb6ed,-49.71713,-11.84302,2026-04-23 17:24:00+00:00,2026-04-23,NOAA-20,FORMOSO DO ARAGUAIA,TOCANTINS,Brasil,,,,Cerrado,33,17,1708205,8,,223_068,22.5,POINT(-49.71713 -11.84302)
1815259534,c826bc48-65b7-39ba-b398-aae2d879aab4,-46.96236,-11.13764,2026-04-23 17:24:00+00:00,2026-04-23,NOAA-20,PONTE ALTA DO TOCANTINS,TOCANTINS,Brasil,,,,Cerrado,33,17,1717909,8,,221_068,6.5,POINT(-46.96236 -11.13764)
1815261061,f5baa0be-516b-3f01-ab98-ff383b7ecce8,-54.62193,-12.5623,2026-04-23 17:24:00+00:00,2026-04-23,NOAA-20,NOVA UBIRATÃ,MATO GROSSO,Brasil,,,,Amazônia,33,51,5106240,8,,226_069,8.2,POINT(-54.62193 -12.5623)
1815259521,e0d52e88-41d3-3e2b-a77c-56951cad909e,-46.96516,-11.12637,2026-04-23 17:24:00+00:00,2026-04-23,NOAA-20,PONTE ALTA DO TOCANTINS,TOCANTINS,Brasil,,,,Cerrado,33,17,1717909,8,,221_068,12.1,POINT(-46.96516 -11.12637)
1815261550,190f762f-96d7-32b8-9e0c-b332f4c7f199,-47.54881,-6.66195,2026-04-23 17:24:00+00:00,2026-04-23,NOAA-20,PALMEIRAS DO TOCANTINS,TOCANTINS,Brasil,,,,Cerrado,33,17,1713809,8,,222_065,3.8,POINT(-47.54881 -6.66195)
1815260134,cc17cef0-1943-3a9c-9737-b50a96acdf4d,-54.61814,-12.55964,2026-04-23 17:24:00+00:00,2026-04-23,NOAA-20,NOVA UBIRATÃ,MATO GROSSO,Brasil,,,,Amazônia,33,51,5106240,8,,226_069,9.6,POINT(-54.61814 -12.55964)
1815259011,c79628af-5efd-303e-985f-2e86ce1ece3a,-46.74504,-11.93585,2026-04-23 17:24:00+00:00,2026-04-23,NOAA-20,NOVO JARDIM,TOCANTINS,Brasil,,,,Cerrado,33,17,1715259,8,,221_068,10.5,POINT(-46.74504 -11.93585)
1815261545,eeace678-8f43-3f6d-9cfa-45271ca6bebb,-46.93499,-11.19313,2026-04-23 17:24:00+00:00,2026-04-23,NOAA-20,ALMAS,TOCANTINS,Brasil,,,,Cerrado,33,17,1700400,8,,221_068,7.1,POINT(-46.93499 -11.19313)
1815261690,7668c3c3-2302-3838-8f5d-e8ab2acb2e0e,-46.93511,-11.17381,2026-04-23 17:24:00+00:00,2026-04-23,NOAA-20,ALMAS,TOCANTINS,Brasil,,,,Cerrado,33,17,1700400,8,,221_068,4.6,POINT(-46.93511 -11.17381)
1815259998,5cd30681-011a-330f-a198-f76a660a9bf0,-46.87466,-11.0969,2026-04-23 17:24:00+00:00,2026-04-23,NOAA-20,PONTE ALTA DO TOCANTINS,TOCANTINS,Brasil,,,,Cerrado,33,17,1717909,8,,221_068,48.4,POINT(-46.87466 -11.0969)
1815260588,1e169201-b6ab-3581-ac97-63ea4b658d84,-56.33594,-11.57535,2026-04-23 17:24:00+00:00,2026-04-23,NOAA-20,TABAPORÃ,MATO GROSSO,Brasil,,,,Amazônia,33,51,5107941,8,,227_068,5.4,POINT(-56.33594 -11.57535)
1815260017,e6e6dd11-6866-329c-96d8-af44e689579e,-46.96373,-11.132,2026-04-23 17:24:00+00:00,2026-04-23,NOAA-20,PONTE ALTA DO TOCANTINS,TOCANTINS,Brasil,,,,Cerrado,33,17,1717909,8,,221_068,12.1,POINT(-46.96373 -11.132)
1815259991,5c27cfe2-2779-3cb7-a616-2a79ac524cdc,-49.49091,-11.44171,2026-04-23 17:24:00+00:00,2026-04-23,NOAA-20,DUERÉ,TOCANTINS,Brasil,,,,Cerrado,33,17,1707306,8,,223_068,7.7,POINT(-49.49091 -11.44171)
1815260917,cf76c3dd-9f99-37a3-984e-a9f14b398599,-46.82037,-11.07436,2026-04-23 17:24:00+00:00,2026-04-23,NOAA-20,PONTE ALTA DO TOCANTINS,TOCANTINS,Brasil,,,,Cerrado,33,17,1717909,8,,221_068,4.1,POINT(-46.82037 -11.07436)
1815261106,fc966175-d872-3243-8efb-78e81ef1870a,-47.89174,-9.74018,2026-04-23 17:24:00+00:00,2026-04-23,NOAA-20,RIO SONO,TOCANTINS,Brasil,,,,Cerrado,33,17,1718758,8,,222_067,2.4,POINT(-47.89174 -9.74018)
1815261118,814c9934-b6d4-3c06-8a73-6235fb6094d8,-49.71627,-11.84772,2026-04-23 17:24:00+00:00,2026-04-23,NOAA-20,FORMOSO DO ARAGUAIA,TOCANTINS,Brasil,,,,Cerrado,33,17,1708205,8,,223_068,22.5,POINT(-49.71627 -11.84772)
1815261142,35c090ce-a8bf-395d-839a-605351c05757,-46.81931,-11.08012,2026-04-23 17:24:00+00:00,2026-04-23,NOAA-20,PONTE ALTA DO TOCANTINS,TOCANTINS,Brasil,,,,Cerrado,33,17,1717909,8,,221_068,4.1,POINT(-46.81931 -11.08012)
1815261414,3b3a8d67-ba31-3996-a335-e6762e015caf,-46.94057,-11.19258,2026-04-23 17:24:00+00:00,2026-04-23,NOAA-20,ALMAS,TOCANTINS,Brasil,,,,Cerrado,33,17,1700400,8,,221_068,4.0,POINT(-46.94057 -11.19258)
1815261188,9b7402e3-b52d-3174-b25e-dca1ae35eb44,-46.87086,-11.11401,2026-04-23 17:24:00+00:00,2026-04-23,NOAA-20,PONTE ALTA DO TOCANTINS,TOCANTINS,Brasil,,,,Cerrado,33,17,1717909,8,,221_068,4.7,POINT(-46.87086 -11.11401)
1815261199,25e74cb3-f159-361f-a080-72004f721d63,-51.90738,-10.3946,2026-04-23 17:24:00+00:00,2026-04-23,NOAA-20,CONFRESA,MATO GROSSO,Brasil,,,,Amazônia,33,51,5103353,8,,224_067,5.3,POINT(-51.90738 -10.3946)
1815261232,2590c9ca-d87a-3186-980a-850206ad9803,-46.87669,-11.09059,2026-04-23 17:24:00+00:00,2026-04-23,NOAA-20,PONTE ALTA DO TOCANTINS,TOCANTINS,Brasil,,,,Cerrado,33,17,1717909,8,,221_068,87.2,POINT(-46.87669 -11.09059)
1815261235,c26fbe16-3e23-3444-9e8a-0a4e56f25c77,-55.01502,-11.85028,2026-04-23 17:24:00+00:00,2026-04-23,NOAA-20,SANTA CARMEM,MATO GROSSO,Brasil,,,,Amazônia,33,51,5107248,8,,226_068,5.9,POINT(-55.01502 -11.85028)
1815258810,8a511d92-285b-346b-9b20-9fcc2316b26c,-56.85969,-13.5056,2026-04-23 17:24:00+00:00,2026-04-23,NOAA-20,SÃO JOSÉ DO RIO CLARO,MATO GROSSO,Brasil,,,,Cerrado,33,51,5107305,8,,227_069,4.6,POINT(-56.85969 -13.5056)
1815260086,02134d35-586f-328d-9660-6e94f6752e29,-46.93781,-11.21735,2026-04-23 17:24:00+00:00,2026-04-23,NOAA-20,ALMAS,TOCANTINS,Brasil,,,,Cerrado,33,17,1700400,8,,221_068,12.1,POINT(-46.93781 -11.21735)
1815259036,78f520eb-e3f8-3acd-870e-fd1b046ab12c,-56.85615,-13.50506,2026-04-23 17:24:00+00:00,2026-04-23,NOAA-20,SÃO JOSÉ DO RIO CLARO,MATO GROSSO,Brasil,,,,Cerrado,33,51,5107305,8,,227_069,5.2,POINT(-56.85615 -13.50506)
1815261352,41fcaa59-05d2-3569-8d87-214fb6989052,-44.8336,-8.79479,2026-04-23 17:24:00+00:00,2026-04-23,NOAA-20,CURRAIS,PIAUÍ,Brasil,,,,Cerrado,33,22,2203230,8,,220_066,16.1,POINT(-44.8336 -8.79479)
1815260638,564431ce-5522-3a86-ae1b-92fb8dfb7d09,-54.61754,-12.56312,2026-04-23 17:24:00+00:00,2026-04-23,NOAA-20,NOVA UBIRATÃ,MATO GROSSO,Brasil,,,,Amazônia,33,51,5106240,8,,226_069,9.6,POINT(-54.61754 -12.56312)
1815261359,6a1480ff-5048-3113-bba5-76847cc7228d,-46.88004,-11.092,2026-04-23 17:24:00+00:00,2026-04-23,NOAA-20,PONTE ALTA DO TOCANTINS,TOCANTINS,Brasil,,,,Cerrado,33,17,1717909,8,,221_068,39.9,POINT(-46.88004 -11.092)
1815261367,f87eef54-3a69-364d-8128-99342d1c6dbf,-56.85563,-13.50837,2026-04-23 17:24:00+00:00,2026-04-23,NOAA-20,SÃO JOSÉ DO RIO CLARO,MATO GROSSO,Brasil,,,,Cerrado,33,51,5107305,8,,227_069,5.2,POINT(-56.85563 -13.50837)
1815259192,2edcf325-3e0a-3eef-8734-567c30748e7b,-54.61405,-12.56104,2026-04-23 17:24:00+00:00,2026-04-23,NOAA-20,NOVA UBIRATÃ,MATO GROSSO,Brasil,,,,Amazônia,33,51,5106240,8,,226_069,14.5,POINT(-54.61405 -12.56104)
1815260549,eb18d333-9b2b-36ce-ae0e-200cbc0d0151,-46.8772,-11.0855,2026-04-23 17:24:00+00:00,2026-04-23,NOAA-20,PONTE ALTA DO TOCANTINS,TOCANTINS,Brasil,,,,Cerrado,33,17,1717909,8,,221_068,39.9,POINT(-46.8772 -11.0855)
1815262123,1ddfbcd8-d945-3887-92d5-f34a6794e699,-46.91407,-11.12831,2026-04-23 17:24:00+00:00,2026-04-23,NOAA-20,ALMAS,TOCANTINS,Brasil,,,,Cerrado,33,17,1700400,8,,221_068,4.6,POINT(-46.91407 -11.12831)
1815262212,84460a4f-c0b9-34b8-aeb7-a0f5b76dcaee,-49.34024,-11.46279,2026-04-23 17:24:00+00:00,2026-04-23,NOAA-20,DUERÉ,TOCANTINS,Brasil,,,,Cerrado,33,17,1707306,8,,223_068,4.3,POINT(-49.34024 -11.46279)
1815259206,98083852-fbbb-3e1d-933f-474a547bcf21,-46.81988,-11.0799,2026-04-23 17:24:00+00:00,2026-04-23,NOAA-20,PONTE ALTA DO TOCANTINS,TOCANTINS,Brasil,,,,Cerrado,33,17,1717909,8,,221_068,4.4,POINT(-46.81988 -11.0799)
1815260500,d2a45e35-973f-3f5e-8b4d-9f9e6a6d17f0,-46.87199,-11.09043,2026-04-23 17:24:00+00:00,2026-04-23,NOAA-20,PONTE ALTA DO TOCANTINS,TOCANTINS,Brasil,,,,Cerrado,33,17,1717909,8,,221_068,63.0,POINT(-46.87199 -11.09043)
1815258806,b2f251c5-5319-315b-9f60-cb65173cceaf,-46.93257,-11.19107,2026-04-23 17:24:00+00:00,2026-04-23,NOAA-20,ALMAS,TOCANTINS,Brasil,,,,Cerrado,33,17,1700400,8,,221_068,4.1,POINT(-46.93257 -11.19107)
1815258745,f581c195-fc77-3c58-ab2c-953894b3667e,-47.91521,-11.60801,2026-04-23 17:24:00+00:00,2026-04-23,NOAA-20,CHAPADA DA NATIVIDADE,TOCANTINS,Brasil,,,,Cerrado,33,17,1705102,8,,222_068,4.3,POINT(-47.91521 -11.60801)
1815260488,460d7bb5-52e8-3b04-a73f-98dfa036ae76,-46.91543,-11.10485,2026-04-23 17:24:00+00:00,2026-04-23,NOAA-20,PONTE ALTA DO TOCANTINS,TOCANTINS,Brasil,,,,Cerrado,33,17,1717909,8,,221_068,15.1,POINT(-46.91543 -11.10485)
1815260228,f5929fc9-1cc0-3c2c-8d02-b3eecff3a97e,-48.05754,-11.60702,2026-04-23 17:24:00+00:00,2026-04-23,NOAA-20,CHAPADA DA NATIVIDADE,TOCANTINS,Brasil,,,,Cerrado,33,17,1705102,8,,222_068,6.5,POINT(-48.05754 -11.60702)
1815262070,ae562b60-a85a-3dda-b8a3-c401b292f47d,-54.09616,-12.28493,2026-04-23 17:24:00+00:00,2026-04-23,NOAA-20,NOVA UBIRATÃ,MATO GROSSO,Brasil,,,,Amazônia,33,51,5106240,8,,225_069,7.9,POINT(-54.09616 -12.28493)
1815262227,a0209ec9-a9a8-3ea9-a7f7-933578b00afa,-55.45525,-12.05022,2026-04-23 17:24:00+00:00,2026-04-23,NOAA-20,SINOP,MATO GROSSO,Brasil,,,,Amazônia,33,51,5107909,8,,226_068,8.4,POINT(-55.45525 -12.05022)
1815261624,4afb82c3-0701-3fb2-888d-62925178b082,-54.09679,-12.28136,2026-04-23 17:24:00+00:00,2026-04-23,NOAA-20,NOVA UBIRATÃ,MATO GROSSO,Brasil,,,,Amazônia,33,51,5106240,8,,225_069,9.9,POINT(-54.09679 -12.28136)
1815262054,1ee621e4-12d5-330f-b43e-add662582e29,-56.33951,-11.57591,2026-04-23 17:24:00+00:00,2026-04-23,NOAA-20,TABAPORÃ,MATO GROSSO,Brasil,,,,Amazônia,33,51,5107941,8,,227_068,5.4,POINT(-56.33951 -11.57591)
1815260610,822c0223-f9b1-3277-9667-cdb28f7754c1,-60.6341,-13.66049,2026-04-23 17:24:00+00:00,2026-04-23,NOAA-20,COMODORO,MATO GROSSO,Brasil,,,,Amazônia,33,51,5103304,8,,230_069,4.3,POINT(-60.6341 -13.66049)
1815262039,9d6c192b-60eb-3d91-9054-f672ca4aefb6,-52.13563,-12.64076,2026-04-23 17:24:00+00:00,2026-04-23,NOAA-20,QUERÊNCIA,MATO GROSSO,Brasil,,,,Amazônia,33,51,5107065,8,,224_069,7.1,POINT(-52.13563 -12.64076)
1815260209,b656e3d8-042c-3e17-80f7-09df1a02ca92,-46.9299,-11.10059,2026-04-23 17:24:00+00:00,2026-04-23,NOAA-20,PONTE ALTA DO TOCANTINS,TOCANTINS,Brasil,,,,Cerrado,33,17,1717909,8,,221_068,12.7,POINT(-46.9299 -11.10059)
1815259231,7a02068a-fb77-3a44-88ed-2067ddd0e023,-48.37766,-8.93753,2026-04-23 17:24:00+00:00,2026-04-23,NOAA-20,TUPIRAMA,TOCANTINS,Brasil,,,,Cerrado,33,17,1721257,8,,222_066,2.7,POINT(-48.37766 -8.93753)
1815258675,78c90ef8-6487-3b27-9959-5791d5916642,-49.70105,-11.80469,2026-04-23 17:24:00+00:00,2026-04-23,NOAA-20,FORMOSO DO ARAGUAIA,TOCANTINS,Brasil,,,,Cerrado,33,17,1708205,8,,223_068,64.5,POINT(-49.70105 -11.80469)
1815262168,404b15ee-3590-3dca-bfe4-dbbe7c6fe1f2,-46.8727,-11.08984,2026-04-23 17:24:00+00:00,2026-04-23,NOAA-20,PONTE ALTA DO TOCANTINS,TOCANTINS,Brasil,,,,Cerrado,33,17,1717909,8,,221_068,135.4,POINT(-46.8727 -11.08984)
1815259076,533ce19d-e4f7-3d26-868b-7a79f4dd156a,-51.82697,-11.31349,2026-04-23 17:24:00+00:00,2026-04-23,NOAA-20,CANABRAVA DO NORTE,MATO GROSSO,Brasil,,,,Amazônia,33,51,5102694,8,,224_068,2.6,POINT(-51.82697 -11.31349)
1815258671,7b1dbfd5-7b5d-3f36-9c6b-1c57dadbe226,-46.94906,-11.12324,2026-04-23 17:24:00+00:00,2026-04-23,NOAA-20,PONTE ALTA DO TOCANTINS,TOCANTINS,Brasil,,,,Cerrado,33,17,1717909,8,,221_068,35.2,POINT(-46.94906 -11.12324)
1815260206,cdd3978d-aa4f-381a-b827-d0140adf606b,-54.61799,-12.56167,2026-04-23 17:24:00+00:00,2026-04-23,NOAA-20,NOVA UBIRATÃ,MATO GROSSO,Brasil,,,,Amazônia,33,51,5106240,8,,226_069,14.5,POINT(-54.61799 -12.56167)
1815261614,26d39371-2e58-3ee5-8a66-a3548b41c7ed,-46.87056,-11.0961,2026-04-23 17:24:00+00:00,2026-04-23,NOAA-20,PONTE ALTA DO TOCANTINS,TOCANTINS,Brasil,,,,Cerrado,33,17,1717909,8,,221_068,53.4,POINT(-46.87056 -11.0961)
1815261962,3d6c2c88-4710-33d2-9e31-abdd6c948465,-48.66796,-10.01102,2026-04-23 17:24:00+00:00,2026-04-23,NOAA-20,MIRACEMA DO TOCANTINS,TOCANTINS,Brasil,,,,Cerrado,33,17,1713205,8,,222_067,2.5,POINT(-48.66796 -10.01102)
1815259282,7fd68374-e8d2-33cd-b052-b1e014b8beea,-46.9221,-11.12986,2026-04-23 17:24:00+00:00,2026-04-23,NOAA-20,PONTE ALTA DO TOCANTINS,TOCANTINS,Brasil,,,,Cerrado,33,17,1717909,8,,221_068,4.0,POINT(-46.9221 -11.12986)
1815260543,98b585c2-702a-3740-a10e-e601ad70ad6a,-49.71119,-11.84678,2026-04-23 17:24:00+00:00,2026-04-23,NOAA-20,FORMOSO DO ARAGUAIA,TOCANTINS,Brasil,,,,Cerrado,33,17,1708205,8,,223_068,22.5,POINT(-49.71119 -11.84678)
1815259356,a862b87a-6167-3405-bf80-5145a0960d10,-58.08474,-11.94717,2026-04-23 17:24:00+00:00,2026-04-23,NOAA-20,BRASNORTE,MATO GROSSO,Brasil,,,,Amazônia,33,51,5101902,8,,228_068,3.8,POINT(-58.08474 -11.94717)
1815261604,8557e5a6-66d6-373a-b0e5-1b833068a765,-55.02,-11.84399,2026-04-23 17:24:00+00:00,2026-04-23,NOAA-20,SANTA CARMEM,MATO GROSSO,Brasil,,,,Amazônia,33,51,5107248,8,,226_068,5.3,POINT(-55.02 -11.84399)
1815261765,65ae62f1-0dda-395a-b523-7437c982275e,-49.72044,-11.8825,2026-04-23 17:24:00+00:00,2026-04-23,NOAA-20,FORMOSO DO ARAGUAIA,TOCANTINS,Brasil,,,,Cerrado,33,17,1708205,8,,223_068,3.6,POINT(-49.72044 -11.8825)
1815260217,9cd32e26-b1da-3731-a697-cdab4b650d5b,-46.96058,-11.18635,2026-04-23 17:24:00+00:00,2026-04-23,NOAA-20,ALMAS,TOCANTINS,Brasil,,,,Cerrado,33,17,1700400,8,,221_068,1.9,POINT(-46.96058 -11.18635)
1815261954,fb0e656c-3e67-30f9-bd1b-81f435003c90,-46.82435,-11.09305,2026-04-23 17:24:00+00:00,2026-04-23,NOAA-20,PONTE ALTA DO TOCANTINS,TOCANTINS,Brasil,,,,Cerrado,33,17,1717909,8,,221_068,17.5,POINT(-46.82435 -11.09305)
1815259115,1a091fa3-9a15-3e86-97ab-0e8135657990,-46.88124,-11.08629,2026-04-23 17:24:00+00:00,2026-04-23,NOAA-20,PONTE ALTA DO TOCANTINS,TOCANTINS,Brasil,,,,Cerrado,33,17,1717909,8,,221_068,39.9,POINT(-46.88124 -11.08629)
1815260700,cb3798d4-33ed-3ae8-94c2-12f8ffe5d626,-46.93664,-11.19184,2026-04-23 17:24:00+00:00,2026-04-23,NOAA-20,ALMAS,TOCANTINS,Brasil,,,,Cerrado,33,17,1700400,8,,221_068,4.1,POINT(-46.93664 -11.19184)
1815260976,efb3dbcf-d82d-360d-9523-695d0052372a,-54.62207,-12.56028,2026-04-23 17:24:00+00:00,2026-04-23,NOAA-20,NOVA UBIRATÃ,MATO GROSSO,Brasil,,,,Amazônia,33,51,5106240,8,,226_069,14.4,POINT(-54.62207 -12.56028)
1815258901,f250aa74-fd54-3bb9-b378-efb6218eac2c,-46.95966,-11.13121,2026-04-23 17:24:00+00:00,2026-04-23,NOAA-20,PONTE ALTA DO TOCANTINS,TOCANTINS,Brasil,,,,Cerrado,33,17,1717909,8,,221_068,12.1,POINT(-46.95966 -11.13121)
1815259801,cb02186a-4589-3311-8efd-b3859456f96b,-54.61361,-12.56247,2026-04-23 17:24:00+00:00,2026-04-23,NOAA-20,NOVA UBIRATÃ,MATO GROSSO,Brasil,,,,Amazônia,33,51,5106240,8,,226_069,9.6,POINT(-54.61361 -12.56247)
1815261007,dbbf63f8-4ad6-3e13-8dec-095b318a5a83,-46.82092,-11.07413,2026-04-23 17:24:00+00:00,2026-04-23,NOAA-20,PONTE ALTA DO TOCANTINS,TOCANTINS,Brasil,,,,Cerrado,33,17,1717909,8,,221_068,4.4,POINT(-46.82092 -11.07413)
1815259795,7bf0cf11-4b3a-3f76-857c-429410ed70cb,-46.92906,-11.10158,2026-04-23 17:24:00+00:00,2026-04-23,NOAA-20,PONTE ALTA DO TOCANTINS,TOCANTINS,Brasil,,,,Cerrado,33,17,1717909,8,,221_068,12.3,POINT(-46.92906 -11.10158)
1815259398,7ed7f244-33f3-3c40-b73f-01716cbba080,-54.62252,-12.55882,2026-04-23 17:24:00+00:00,2026-04-23,NOAA-20,NOVA UBIRATÃ,MATO GROSSO,Brasil,,,,Amazônia,33,51,5106240,8,,226_069,8.2,POINT(-54.62252 -12.55882)
1815259457,ca5bf149-df4b-3a82-b69b-a3f51599555c,-46.86648,-11.09531,2026-04-23 17:24:00+00:00,2026-04-23,NOAA-20,PONTE ALTA DO TOCANTINS,TOCANTINS,Brasil,,,,Cerrado,33,17,1717909,8,,221_068,53.4,POINT(-46.86648 -11.09531)
1815261936,ee8999b5-133c-32a9-8cfb-f424920c8e64,-46.82035,-11.09227,2026-04-23 17:24:00+00:00,2026-04-23,NOAA-20,PONTE ALTA DO TOCANTINS,TOCANTINS,Brasil,,,,Cerrado,33,17,1717909,8,,221_068,11.8,POINT(-46.82035 -11.09227)
1815261767,9ca6d6df-9635-3988-83bb-198bd701fde9,-46.86794,-11.08964,2026-04-23 17:24:00+00:00,2026-04-23,NOAA-20,PONTE ALTA DO TOCANTINS,TOCANTINS,Brasil,,,,Cerrado,33,17,1717909,8,,221_068,63.0,POINT(-46.86794 -11.08964)
1815261010,e2f613f8-4456-3e9a-99e0-aee6d2b73123,-46.88077,-11.09136,2026-04-23 17:24:00+00:00,2026-04-23,NOAA-20,PONTE ALTA DO TOCANTINS,TOCANTINS,Brasil,,,,Cerrado,33,17,1717909,8,,221_068,87.2,POINT(-46.88077 -11.09136)
1815259489,2164939c-dfbc-3140-8414-904b3160e702,-46.91135,-11.10406,2026-04-23 17:24:00+00:00,2026-04-23,NOAA-20,PONTE ALTA DO TOCANTINS,TOCANTINS,Brasil,,,,Cerrado,33,17,1717909,8,,221_068,13.3,POINT(-46.91135 -11.10406)
1815259745,6db1842f-8ea0-3a31-8208-a8cf2827c6b5,-46.91663,-11.09915,2026-04-23 17:24:00+00:00,2026-04-23,NOAA-20,PONTE ALTA DO TOCANTINS,TOCANTINS,Brasil,,,,Cerrado,33,17,1717909,8,,221_068,3.5,POINT(-46.91663 -11.09915)
1815259697,7634d1d2-0592-3477-b313-45761c637caa,-46.93895,-11.19391,2026-04-23 17:24:00+00:00,2026-04-23,NOAA-20,ALMAS,TOCANTINS,Brasil,,,,Cerrado,33,17,1700400,8,,221_068,6.3,POINT(-46.93895 -11.19391)
1815260165,18f140b3-9f52-300b-92d8-81457492b6c7,-54.56446,-11.57186,2026-04-23 17:24:00+00:00,2026-04-23,NOAA-20,UNIÃO DO SUL,MATO GROSSO,Brasil,,,,Amazônia,33,51,5108303,8,,226_068,0.5,POINT(-54.56446 -11.57186)
1815259658,aa946eaa-0bfb-3e07-b8da-e2dbd0fe7221,-56.3354,-11.57869,2026-04-23 17:24:00+00:00,2026-04-23,NOAA-20,TABAPORÃ,MATO GROSSO,Brasil,,,,Amazônia,33,51,5107941,8,,227_068,2.8,POINT(-56.3354 -11.57869)
1815261794,265ffb1e-f13e-356b-959d-eb276acc9817,-54.88476,-11.57654,2026-04-23 17:24:00+00:00,2026-04-23,NOAA-20,CLÁUDIA,MATO GROSSO,Brasil,,,,Amazônia,33,51,5103056,8,,226_068,2.4,POINT(-54.88476 -11.57654)
1815259643,78ff695f-b490-36c6-bc68-3e77a2287e27,-44.93127,-10.40878,2026-04-23 17:24:00+00:00,2026-04-23,NOAA-20,CORRENTE,PIAUÍ,Brasil,,,,Cerrado,33,22,2202901,8,,220_067,12.4,POINT(-44.93127 -10.40878)
1815259627,1333a11b-14f1-38c0-a316-c3695c7229e7,-46.9392,-11.17459,2026-04-23 17:24:00+00:00,2026-04-23,NOAA-20,ALMAS,TOCANTINS,Brasil,,,,Cerrado,33,17,1700400,8,,221_068,4.6,POINT(-46.9392 -11.17459)
1815260971,babe30e8-4bf1-3fa8-8fc0-b4dd0fd2cd84,-60.9619,3.96054,2026-04-23 17:28:00+00:00,2026-04-23,NOAA-20,AMAJARI,RORAIMA,Brasil,,,,Amazônia,33,14,1400027,8,,232_057,5.8,POINT(-60.9619 3.96054)
1815258861,b3faec27-9d24-3593-8be3-4f0d843cd63b,-60.96584,3.96332,2026-04-23 17:28:00+00:00,2026-04-23,NOAA-20,AMAJARI,RORAIMA,Brasil,,,,Amazônia,33,14,1400027,8,,232_057,10.7,POINT(-60.96584 3.96332)
1815269668,483ef2b3-3e82-3cbd-b764-0980400a29f4,-51.11136,-25.07085,2026-04-23 18:09:00+00:00,2026-04-23,NOAA-21,PRUDENTÓPOLIS,PARANÁ,Brasil,,,,Mata Atlântica,33,41,4120606,8,,222_077,30.9,POINT(-51.11136 -25.07085)
1815270459,2890c22c-8836-3af7-bf9c-0d8e34e7e6ea,-51.11716,-25.07997,2026-04-23 18:09:00+00:00,2026-04-23,NOAA-21,PRUDENTÓPOLIS,PARANÁ,Brasil,,,,Mata Atlântica,33,41,4120606,8,,222_077,112.0,POINT(-51.11716 -25.07997)
1815272606,67016b5c-6f84-3ad7-a7e6-ce978b992483,-51.37177,-26.19651,2026-04-23 18:09:00+00:00,2026-04-23,NOAA-21,BITURUNA,PARANÁ,Brasil,,,,Mata Atlântica,33,41,4102901,8,,222_078,23.4,POINT(-51.37177 -26.19651)
1815266178,cece29d8-8446-38ac-9f94-b4ee419ffef1,-51.3745,-26.18997,2026-04-23 18:09:00+00:00,2026-04-23,NOAA-21,BITURUNA,PARANÁ,Brasil,,,,Mata Atlântica,33,41,4102901,8,,222_078,5.0,POINT(-51.3745 -26.18997)
1815273545,edf98131-ad10-3b1f-8a5a-d9e7982c293b,-51.01434,-27.12749,2026-04-23 18:09:00+00:00,2026-04-23,NOAA-21,TANGARÁ,SANTA CATARINA,Brasil,,,,Mata Atlântica,33,42,4217907,8,,221_079,6.7,POINT(-51.01434 -27.12749)
1815266382,33432ca3-bfc7-3960-a950-69a72738be29,-52.76509,-25.87443,2026-04-23 18:09:00+00:00,2026-04-23,NOAA-21,SÃO JOÃO,PARANÁ,Brasil,,,,Mata Atlântica,33,41,4124806,8,,223_078,8.2,POINT(-52.76509 -25.87443)
1815273222,d74f7d97-4e71-3c38-9e0a-b8c810e4bd87,-52.5196,-25.1389,2026-04-23 18:09:00+00:00,2026-04-23,NOAA-21,NOVA LARANJEIRAS,PARANÁ,Brasil,,,,Mata Atlântica,33,41,4117057,8,,223_077,17.3,POINT(-52.5196 -25.1389)
1815271486,dc394ce7-38e5-39b3-8be8-17ebc8562b0d,-51.10385,-25.07203,2026-04-23 18:09:00+00:00,2026-04-23,NOAA-21,PRUDENTÓPOLIS,PARANÁ,Brasil,,,,Mata Atlântica,33,41,4120606,8,,222_077,139.6,POINT(-51.10385 -25.07203)
1815271218,b575de26-d78f-3738-81fd-36caa66ec47f,-53.11042,-26.22393,2026-04-23 18:09:00+00:00,2026-04-23,NOAA-21,MARMELEIRO,PARANÁ,Brasil,,,,Mata Atlântica,33,41,4115408,8,,223_078,12.3,POINT(-53.11042 -26.22393)
1815266584,86d1f0b7-34ba-35b0-ba20-50f4f7b33c06,-50.91747,-27.27682,2026-04-23 18:09:00+00:00,2026-04-23,NOAA-21,CAMPOS NOVOS,SANTA CATARINA,Brasil,,,,Mata Atlântica,33,42,4203600,8,,221_079,25.4,POINT(-50.91747 -27.27682)
1815271914,fff5c20d-b51d-30f2-bbce-b9632a539df3,-52.51598,-25.14007,2026-04-23 18:09:00+00:00,2026-04-23,NOAA-21,NOVA LARANJEIRAS,PARANÁ,Brasil,,,,Mata Atlântica,33,41,4117057,8,,223_077,11.7,POINT(-52.51598 -25.14007)
1815268527,9a479b89-ad1b-3c64-b067-ae9f0c9c59c5,-51.03108,-27.65999,2026-04-23 18:09:00+00:00,2026-04-23,NOAA-21,ANITA GARIBALDI,SANTA CATARINA,Brasil,,,,Mata Atlântica,33,42,4201000,8,,221_079,30.2,POINT(-51.03108 -27.65999)
1815265161,70b92aac-1def-3b55-8785-82a66fa918b9,-52.33605,-26.2177,2026-04-23 18:09:00+00:00,2026-04-23,NOAA-21,HONÓRIO SERPA,PARANÁ,Brasil,,,,Mata Atlântica,33,41,4109658,8,,222_078,17.4,POINT(-52.33605 -26.2177)
1815268549,7f2868c9-f537-374c-8d69-14a23ce957f8,-52.3303,-26.2162,2026-04-23 18:09:00+00:00,2026-04-23,NOAA-21,HONÓRIO SERPA,PARANÁ,Brasil,,,,Mata Atlântica,33,41,4109658,8,,222_078,27.7,POINT(-52.3303 -26.2162)
1815272856,a32459ba-8bf1-37c9-afd5-1793f3cee56d,-51.0372,-27.66165,2026-04-23 18:09:00+00:00,2026-04-23,NOAA-21,ANITA GARIBALDI,SANTA CATARINA,Brasil,,,,Mata Atlântica,33,42,4201000,8,,221_079,30.2,POINT(-51.0372 -27.66165)
1815273220,0138b16e-6dc9-3561-b69e-c699c81155c7,-51.10389,-26.7258,2026-04-23 18:09:00+00:00,2026-04-23,NOAA-21,CAÇADOR,SANTA CATARINA,Brasil,,,,Mata Atlântica,33,42,4203006,8,,221_079,8.1,POINT(-51.10389 -26.7258)
1815272712,6abf2720-fc8c-357c-a427-5f2854bffbdc,-53.17209,-25.01831,2026-04-23 18:09:00+00:00,2026-04-23,NOAA-21,CASCAVEL,PARANÁ,Brasil,,,,Mata Atlântica,33,41,4104808,8,,223_077,21.4,POINT(-53.17209 -25.01831)
1815273789,c852a454-092e-3766-b322-bc9439e7c3de,-51.1095,-25.07788,2026-04-23 18:09:00+00:00,2026-04-23,NOAA-21,PRUDENTÓPOLIS,PARANÁ,Brasil,,,,Mata Atlântica,33,41,4120606,8,,222_077,265.8,POINT(-51.1095 -25.07788)
1815265763,5de190e7-6be9-31d4-be98-ec8f3c87790a,-52.76886,-25.87662,2026-04-23 18:09:00+00:00,2026-04-23,NOAA-21,SÃO JOÃO,PARANÁ,Brasil,,,,Mata Atlântica,33,41,4124806,8,,223_078,9.8,POINT(-52.76886 -25.87662)
1815269911,f8fdc558-a414-32f3-885c-751f55ba5cfd,-51.10668,-26.7261,2026-04-23 18:09:00+00:00,2026-04-23,NOAA-21,CAÇADOR,SANTA CATARINA,Brasil,,,,Mata Atlântica,33,42,4203006,8,,221_079,5.9,POINT(-51.10668 -26.7261)
1815268019,5614afe0-1cc5-3952-b082-449190a83afd,-51.01294,-27.12618,2026-04-23 18:09:00+00:00,2026-04-23,NOAA-21,TANGARÁ,SANTA CATARINA,Brasil,,,,Mata Atlântica,33,42,4217907,8,,221_079,5.3,POINT(-51.01294 -27.12618)
1815270686,1045ce97-a886-3f41-9c5c-43ccd7e68293,-56.58251,-19.43995,2026-04-23 18:11:00+00:00,2026-04-23,NOAA-21,CORUMBÁ,MATO GROSSO DO SUL,Brasil,,,,Pantanal,33,50,5003207,8,,226_073,9.0,POINT(-56.58251 -19.43995)
1815272945,475909d1-7970-3b86-9953-a5d6d0c327e9,-54.91801,-16.42723,2026-04-23 18:11:00+00:00,2026-04-23,NOAA-21,RONDONÓPOLIS,MATO GROSSO,Brasil,,,,Cerrado,33,51,5107602,8,,225_071,14.1,POINT(-54.91801 -16.42723)
1815268502,fa87377c-a507-3c80-af6c-c0467d17c86e,-53.51362,-21.87094,2026-04-23 18:11:00+00:00,2026-04-23,NOAA-21,NOVA ANDRADINA,MATO GROSSO DO SUL,Brasil,,,,Cerrado,33,50,5006200,8,,224_075,1.6,POINT(-53.51362 -21.87094)
1815269125,339c2850-5b2f-37ae-896b-84cc8aaa8332,-56.58104,-19.44577,2026-04-23 18:11:00+00:00,2026-04-23,NOAA-21,CORUMBÁ,MATO GROSSO DO SUL,Brasil,,,,Pantanal,33,50,5003207,8,,226_073,9.0,POINT(-56.58104 -19.44577)
1815274790,5cd17f13-a2c4-3648-aea9-cb4ba9fae4b1,-56.61189,-19.43874,2026-04-23 18:11:00+00:00,2026-04-23,NOAA-21,CORUMBÁ,MATO GROSSO DO SUL,Brasil,,,,Pantanal,33,50,5003207,8,,226_073,11.1,POINT(-56.61189 -19.43874)
1815265181,e4d61060-0a61-3904-a000-17a992a80ef8,-52.69536,-22.97126,2026-04-23 18:11:00+00:00,2026-04-23,NOAA-21,GUAIRAÇÁ,PARANÁ,Brasil,,,,Mata Atlântica,33,41,4108908,8,,223_076,10.2,POINT(-52.69536 -22.97126)
1815272082,ba22b8ae-2f7f-36ce-9489-f1c1cac2dc55,-56.58228,-19.44436,2026-04-23 18:11:00+00:00,2026-04-23,NOAA-21,CORUMBÁ,MATO GROSSO DO SUL,Brasil,,,,Pantanal,33,50,5003207,8,,226_073,20.7,POINT(-56.58228 -19.44436)
1815272971,457ec1b6-a1a4-3bf6-a384-32dff2349173,-52.99532,-22.98867,2026-04-23 18:11:00+00:00,2026-04-23,NOAA-21,LOANDA,PARANÁ,Brasil,,,,Mata Atlântica,33,41,4113502,8,,223_076,7.5,POINT(-52.99532 -22.98867)
1815266503,2bf55b59-bddf-3325-a719-cf99b0c44d4a,-52.69441,-22.96992,2026-04-23 18:11:00+00:00,2026-04-23,NOAA-21,GUAIRAÇÁ,PARANÁ,Brasil,,,,Mata Atlântica,33,41,4108908,8,,223_076,10.1,POINT(-52.69441 -22.96992)
1815265213,608a2cdc-3ad8-3f63-9890-41de88a02eca,-71.467,-7.9587,2026-04-23 18:13:00+00:00,2026-04-23,NOAA-21,TARAUACÁ,ACRE,Brasil,,,,Amazônia,33,12,1200609,8,,004_066,1.0,POINT(-71.467 -7.9587)
1815266949,18c293da-a7e5-3d2b-bc31-f1d70939da47,-71.78637,-6.91921,2026-04-23 18:13:00+00:00,2026-04-23,NOAA-21,IPIXUNA,AMAZONAS,Brasil,,,,Amazônia,33,13,1301803,8,,005_065,5.4,POINT(-71.78637 -6.91921)
1815266044,877968df-3db3-3475-a61e-1d1b458d375f,-72.37484,-7.82256,2026-04-23 18:13:00+00:00,2026-04-23,NOAA-21,CRUZEIRO DO SUL,ACRE,Brasil,,,,Amazônia,33,12,1200203,8,,005_065,2.9,POINT(-72.37484 -7.82256)
1815268420,394bd862-ad3a-3c48-8aad-1ea6613e051b,-62.65938,-9.68217,2026-04-23 18:13:00+00:00,2026-04-23,NOAA-21,RIO CRESPO,RONDÔNIA,Brasil,,,,Amazônia,33,11,1100262,8,,231_067,2.9,POINT(-62.65938 -9.68217)
1815268167,e2bb770a-a6b1-36da-9e3d-db3a1781ab45,-56.06862,-15.76926,2026-04-23 18:13:00+00:00,2026-04-23,NOAA-21,SANTO ANTÔNIO DO LEVERGER,MATO GROSSO,Brasil,,,,Pantanal,33,51,5107800,8,,226_071,2.6,POINT(-56.06862 -15.76926)
1815266560,43b00002-8413-3f98-9716-f9e2dde89617,-58.02701,-10.12461,2026-04-23 18:13:00+00:00,2026-04-23,NOAA-21,NOVA BANDEIRANTES,MATO GROSSO,Brasil,,,,Amazônia,33,51,5106158,8,,228_067,0.4,POINT(-58.02701 -10.12461)
1815254798,b5a240e0-0223-3f2a-8d09-f76debf8ace1,-52.8767,-18.2863,2026-04-23 18:20:00+00:00,2026-04-23,GOES-19,MINEIROS,GOIÁS,Brasil,,,,Cerrado,33,52,5213103,8,,224_073,73.4,POINT(-52.8767 -18.2863)
1815255806,318cdc0c-a7c2-34a5-bc6e-8f12a31cbd8d,-51.1377,-25.0813,2026-04-23 18:26:00+00:00,2026-04-23,AQUA_M-T,PRUDENTÓPOLIS,PARANÁ,Brasil,,,,Mata Atlântica,33,41,4120606,8,,222_077,46.2,POINT(-51.1377 -25.0813)
1815256820,fbe62edc-5c54-3347-be9d-4d735a17ecca,-49.786,-24.92898,2026-04-23 18:26:00+00:00,2026-04-23,AQUA_M-T,CASTRO,PARANÁ,Brasil,,,,Mata Atlântica,33,41,4104907,8,,221_077,14.9,POINT(-49.786 -24.92898)
1815256491,fb4b6f10-9c8b-3279-94a6-e19e14268d59,-48.80409,-24.95877,2026-04-23 18:26:00+00:00,2026-04-23,AQUA_M-T,TUNAS DO PARANÁ,PARANÁ,Brasil,,,,Mata Atlântica,33,41,4127882,8,,220_077,16.8,POINT(-48.80409 -24.95877)
1815256843,4f345fa0-9ed5-35ec-b159-e33fdf8b103f,-51.45489,-24.45887,2026-04-23 18:26:00+00:00,2026-04-23,AQUA_M-T,CÂNDIDO DE ABREU,PARANÁ,Brasil,,,,Mata Atlântica,33,41,4104402,8,,222_077,28.7,POINT(-51.45489 -24.45887)
1815256472,86f750ee-b1bd-3003-9311-1a47f3d36d71,-51.37669,-26.20069,2026-04-23 18:26:00+00:00,2026-04-23,AQUA_M-T,BITURUNA,PARANÁ,Brasil,,,,Mata Atlântica,33,41,4102901,8,,222_078,42.6,POINT(-51.37669 -26.20069)
1815257518,5307e5c5-3234-3d7e-92ae-8c8a6297990e,-48.7895,-24.96297,2026-04-23 18:26:00+00:00,2026-04-23,AQUA_M-T,TUNAS DO PARANÁ,PARANÁ,Brasil,,,,Mata Atlântica,33,41,4127882,8,,220_077,21.0,POINT(-48.7895 -24.96297)
1815257452,80e47b19-c14a-3899-8550-a663d6fffc12,-51.45488,-24.45887,2026-04-23 18:26:00+00:00,2026-04-23,AQUA_M-T,CÂNDIDO DE ABREU,PARANÁ,Brasil,,,,Mata Atlântica,33,41,4104402,8,,222_077,28.7,POINT(-51.45488 -24.45887)
1815256359,51891287-4ab9-3666-b381-c585ec7c669a,-51.11802,-25.07454,2026-04-23 18:26:00+00:00,2026-04-23,AQUA_M-T,PRUDENTÓPOLIS,PARANÁ,Brasil,,,,Mata Atlântica,33,41,4120606,8,,222_077,171.1,POINT(-51.11802 -25.07454)
1815256880,036fba9f-dd5a-3d4c-9d6b-97bcf57d8b66,-48.41794,-24.21114,2026-04-23 18:26:00+00:00,2026-04-23,AQUA_M-T,RIBEIRÃO GRANDE,SÃO PAULO,Brasil,,,,Mata Atlântica,33,35,3543253,8,,220_077,27.8,POINT(-48.41794 -24.21114)
1815257708,788791a3-b714-3aed-9cc1-89e475487c72,-48.43452,-24.21299,2026-04-23 18:26:00+00:00,2026-04-23,AQUA_M-T,RIBEIRÃO GRANDE,SÃO PAULO,Brasil,,,,Mata Atlântica,33,35,3543253,8,,220_077,8.7,POINT(-48.43452 -24.21299)
1815255688,c15d9440-ff3c-3218-a76c-343119012fc8,-48.58694,-24.78899,2026-04-23 18:26:00+00:00,2026-04-23,AQUA_M-T,ADRIANÓPOLIS,PARANÁ,Brasil,,,,Mata Atlântica,33,41,4100202,8,,220_077,24.7,POINT(-48.58694 -24.78899)
1815257325,8f9345b4-b962-3bc3-b03f-15e25ae97cbf,-48.58693,-24.78899,2026-04-23 18:26:00+00:00,2026-04-23,AQUA_M-T,ADRIANÓPOLIS,PARANÁ,Brasil,,,,Mata Atlântica,33,41,4100202,8,,220_077,24.7,POINT(-48.58693 -24.78899)
1815256955,f89cd002-4fcd-371a-b9ce-5b6421f6ee28,-51.13768,-25.0813,2026-04-23 18:26:00+00:00,2026-04-23,AQUA_M-T,PRUDENTÓPOLIS,PARANÁ,Brasil,,,,Mata Atlântica,33,41,4120606,8,,222_077,46.2,POINT(-51.13768 -25.0813)
1815257225,e2fa9718-9c4d-36c4-97d4-b465dbac4446,-51.38358,-26.19932,2026-04-23 18:26:00+00:00,2026-04-23,AQUA_M-T,BITURUNA,PARANÁ,Brasil,,,,Mata Atlântica,33,41,4102901,8,,222_078,38.6,POINT(-51.38358 -26.19932)
1815256987,0e174dfa-dfce-39aa-984b-710a03d66f13,-51.38356,-26.19932,2026-04-23 18:26:00+00:00,2026-04-23,AQUA_M-T,BITURUNA,PARANÁ,Brasil,,,,Mata Atlântica,33,41,4102901,8,,222_078,38.6,POINT(-51.38356 -26.19932)
1815256656,44a1289a-55bf-3418-9809-657b4bd97c9c,-48.41796,-24.21114,2026-04-23 18:26:00+00:00,2026-04-23,AQUA_M-T,RIBEIRÃO GRANDE,SÃO PAULO,Brasil,,,,Mata Atlântica,33,35,3543253,8,,220_077,27.8,POINT(-48.41796 -24.21114)
1815256672,c7317c7e-066c-3d61-beca-7ac80032f6c5,-49.78601,-24.92898,2026-04-23 18:26:00+00:00,2026-04-23,AQUA_M-T,CASTRO,PARANÁ,Brasil,,,,Mata Atlântica,33,41,4104907,8,,221_077,14.9,POINT(-49.78601 -24.92898)
1815257141,2ba8ed0a-99c4-3778-8373-028412917190,-48.8041,-24.95877,2026-04-23 18:26:00+00:00,2026-04-23,AQUA_M-T,TUNAS DO PARANÁ,PARANÁ,Brasil,,,,Mata Atlântica,33,41,4127882,8,,220_077,16.8,POINT(-48.8041 -24.95877)
1815257015,b1162e55-3a5b-3ec6-9a31-ef08f93b02c7,-51.1103,-25.07887,2026-04-23 18:26:00+00:00,2026-04-23,AQUA_M-T,PRUDENTÓPOLIS,PARANÁ,Brasil,,,,Mata Atlântica,33,41,4120606,8,,222_077,157.6,POINT(-51.1103 -25.07887)
1815256349,d0091621-f16d-382f-bb45-97c8df287a44,-50.52842,-27.29711,2026-04-23 18:26:00+00:00,2026-04-23,AQUA_M-T,CURITIBANOS,SANTA CATARINA,Brasil,,,,Mata Atlântica,33,42,4204806,8,,221_079,25.9,POINT(-50.52842 -27.29711)
1815257038,9e43c3de-7a03-30da-a148-f78c70d577e2,-51.118,-25.07454,2026-04-23 18:26:00+00:00,2026-04-23,AQUA_M-T,PRUDENTÓPOLIS,PARANÁ,Brasil,,,,Mata Atlântica,33,41,4120606,8,,222_077,171.1,POINT(-51.118 -25.07454)
1815257095,143526d5-1ad5-3678-8fd3-ce22dc1a9e01,-51.11028,-25.07888,2026-04-23 18:26:00+00:00,2026-04-23,AQUA_M-T,PRUDENTÓPOLIS,PARANÁ,Brasil,,,,Mata Atlântica,33,41,4120606,8,,222_077,157.6,POINT(-51.11028 -25.07888)
1815258022,7c9f5271-300c-341e-b1bb-b2c2d8470960,-48.43454,-24.21299,2026-04-23 18:26:00+00:00,2026-04-23,AQUA_M-T,RIBEIRÃO GRANDE,SÃO PAULO,Brasil,,,,Mata Atlântica,33,35,3543253,8,,220_077,8.7,POINT(-48.43454 -24.21299)
1815255896,c8c79110-f6ec-396a-87ba-b8d4f2c0cbfa,-51.37668,-26.20069,2026-04-23 18:26:00+00:00,2026-04-23,AQUA_M-T,BITURUNA,PARANÁ,Brasil,,,,Mata Atlântica,33,41,4102901,8,,222_078,42.6,POINT(-51.37668 -26.20069)
1815258019,b469778f-462f-33c6-8774-f0be59d78097,-48.78952,-24.96297,2026-04-23 18:26:00+00:00,2026-04-23,AQUA_M-T,TUNAS DO PARANÁ,PARANÁ,Brasil,,,,Mata Atlântica,33,41,4127882,8,,220_077,21.0,POINT(-48.78952 -24.96297)
1815255835,28cb6767-d2dc-3dfa-9024-bc4cf28af558,-48.80808,-24.96507,2026-04-23 18:26:00+00:00,2026-04-23,AQUA_M-T,TUNAS DO PARANÁ,PARANÁ,Brasil,,,,Mata Atlântica,33,41,4127882,8,,220_077,14.9,POINT(-48.80808 -24.96507)
1815257898,66aa0034-2dd8-32db-8cc4-b573740d2364,-50.52841,-27.29711,2026-04-23 18:26:00+00:00,2026-04-23,AQUA_M-T,CURITIBANOS,SANTA CATARINA,Brasil,,,,Mata Atlântica,33,42,4204806,8,,221_079,25.9,POINT(-50.52841 -27.29711)
1815255794,18c0391d-e609-30a6-a12f-e17833cee157,-48.8081,-24.96507,2026-04-23 18:26:00+00:00,2026-04-23,AQUA_M-T,TUNAS DO PARANÁ,PARANÁ,Brasil,,,,Mata Atlântica,33,41,4127882,8,,220_077,14.9,POINT(-48.8081 -24.96507)
1815256370,a12f7aad-0039-32c1-81d5-eebdb8321aaa,-46.16214,-21.88845,2026-04-23 18:28:00+00:00,2026-04-23,AQUA_M-T,CALDAS,MINAS GERAIS,Brasil,,,,Mata Atlântica,33,31,3110301,8,,219_075,6.8,POINT(-46.16214 -21.88845)
1815256348,06cc5278-a8b0-37ee-bd47-bfb684e7d20c,-48.80865,-22.94189,2026-04-23 18:28:00+00:00,2026-04-23,AQUA_M-T,BOTUCATU,SÃO PAULO,Brasil,,,,Cerrado,33,35,3507506,8,,221_076,21.4,POINT(-48.80865 -22.94189)
1815256346,e27d5c84-3b25-3c49-9939-54a1d5970858,-48.72336,-20.17842,2026-04-23 18:28:00+00:00,2026-04-23,AQUA_M-T,COLÔMBIA,SÃO PAULO,Brasil,,,,Cerrado,33,35,3512100,8,,221_074,14.5,POINT(-48.72336 -20.17842)
1815256326,a66cca39-3c77-388f-bee0-8b17fc715523,-43.39696,-20.8148,2026-04-23 18:28:00+00:00,2026-04-23,AQUA_M-T,SENHORA DE OLIVEIRA,MINAS GERAIS,Brasil,,,,Mata Atlântica,33,31,3166006,8,,217_074,7.4,POINT(-43.39696 -20.8148)
1815256324,bb4acb6a-2c75-397e-9ac2-2332e78640e0,-39.99975,-17.49385,2026-04-23 18:28:00+00:00,2026-04-23,AQUA_M-T,CARAVELAS,BAHIA,Brasil,,,,Mata Atlântica,33,29,2906907,8,,216_072,30.2,POINT(-39.99975 -17.49385)
1815256323,8c9c0af2-26f8-36ed-990d-ea5f2327090d,-46.37259,-19.86405,2026-04-23 18:28:00+00:00,2026-04-23,AQUA_M-T,PRATINHA,MINAS GERAIS,Brasil,,,,Cerrado,33,31,3153004,8,,219_074,21.1,POINT(-46.37259 -19.86405)
1815256306,1d9fb1a0-5645-3fb1-97a9-c4c443ef053a,-45.00315,-17.50666,2026-04-23 18:28:00+00:00,2026-04-23,AQUA_M-T,BURITIZEIRO,MINAS GERAIS,Brasil,,,,Cerrado,33,31,3109402,8,,219_072,42.9,POINT(-45.00315 -17.50666)
1815256294,65e26a5e-8011-301d-8c76-a8536bc82666,-42.35056,-17.48178,2026-04-23 18:28:00+00:00,2026-04-23,AQUA_M-T,MINAS NOVAS,MINAS GERAIS,Brasil,,,,Cerrado,33,31,3141801,8,,217_072,4.5,POINT(-42.35056 -17.48178)
1815256254,c003c495-1c99-3325-9980-d4c1d7fc8820,-46.76002,-20.23486,2026-04-23 18:28:00+00:00,2026-04-23,AQUA_M-T,SÃO ROQUE DE MINAS,MINAS GERAIS,Brasil,,,,Cerrado,33,31,3164308,8,,220_074,9.8,POINT(-46.76002 -20.23486)
1815255714,eaa29a70-e46a-3dc0-9dfe-02bf393a2510,-42.85002,-19.78036,2026-04-23 18:28:00+00:00,2026-04-23,AQUA_M-T,SÃO DOMINGOS DO PRATA,MINAS GERAIS,Brasil,,,,Mata Atlântica,33,31,3161007,8,,217_074,8.0,POINT(-42.85002 -19.78036)
1815256212,48cc7d76-c620-3631-8b0f-698280d8060d,-51.09451,-17.48809,2026-04-23 18:28:00+00:00,2026-04-23,AQUA_M-T,MONTIVIDIU,GOIÁS,Brasil,,,,Cerrado,33,52,5213756,8,,223_072,160.0,POINT(-51.09451 -17.48809)
1815256179,35dd7718-50aa-302b-81a7-1926216e1516,-51.09449,-17.4881,2026-04-23 18:28:00+00:00,2026-04-23,AQUA_M-T,MONTIVIDIU,GOIÁS,Brasil,,,,Cerrado,33,52,5213756,8,,223_072,160.0,POINT(-51.09449 -17.4881)
1815256107,3b72a149-6228-30da-9e8d-fc1325d812c8,-47.07457,-18.01635,2026-04-23 18:28:00+00:00,2026-04-23,AQUA_M-T,VAZANTE,MINAS GERAIS,Brasil,,,,Cerrado,33,31,3171006,8,,220_072,6.6,POINT(-47.07457 -18.01635)
1815256051,2d4f9d1c-316a-3a09-aded-729b8f7c5560,-44.02194,-16.76101,2026-04-23 18:28:00+00:00,2026-04-23,AQUA_M-T,MONTES CLAROS,MINAS GERAIS,Brasil,,,,Cerrado,33,31,3143302,8,,218_072,7.4,POINT(-44.02194 -16.76101)
1815256023,873d80c8-c6a9-3b8b-aaf5-cbfa56b65218,-45.03357,-19.0979,2026-04-23 18:28:00+00:00,2026-04-23,AQUA_M-T,POMPÉU,MINAS GERAIS,Brasil,,,,Cerrado,33,31,3152006,8,,219_073,19.0,POINT(-45.03357 -19.0979)
1815255953,532c9fd5-26d2-3ba9-81b2-1647cc2e6f41,-47.03831,-21.92257,2026-04-23 18:28:00+00:00,2026-04-23,AQUA_M-T,CASA BRANCA,SÃO PAULO,Brasil,,,,Cerrado,33,35,3510807,8,,220_075,6.8,POINT(-47.03831 -21.92257)
1815255927,3682e394-9de1-3bd7-acd0-7b2b2dee2a32,-43.31152,-21.08866,2026-04-23 18:28:00+00:00,2026-04-23,AQUA_M-T,MERCÊS,MINAS GERAIS,Brasil,,,,Mata Atlântica,33,31,3141603,8,,217_075,5.0,POINT(-43.31152 -21.08866)
1815255886,c44859fd-99dd-3eab-adcc-48d1182ec271,-48.80866,-22.94188,2026-04-23 18:28:00+00:00,2026-04-23,AQUA_M-T,BOTUCATU,SÃO PAULO,Brasil,,,,Cerrado,33,35,3507506,8,,221_076,21.4,POINT(-48.80866 -22.94188)
1815255879,43268b29-4b03-3df4-8721-49a50b9b4312,-52.88813,-18.29046,2026-04-23 18:28:00+00:00,2026-04-23,AQUA_M-T,MINEIROS,GOIÁS,Brasil,,,,Cerrado,33,52,5213103,8,,224_073,39.7,POINT(-52.88813 -18.29046)
1815255871,9622e84b-2c1f-3323-b8bf-72da6d0578cc,-48.79765,-22.93174,2026-04-23 18:28:00+00:00,2026-04-23,AQUA_M-T,BOTUCATU,SÃO PAULO,Brasil,,,,Cerrado,33,35,3507506,8,,220_076,16.0,POINT(-48.79765 -22.93174)
1815255820,d2f0acdd-f6a4-3ae5-8b2d-063c87f7ee2b,-43.3115,-21.08866,2026-04-23 18:28:00+00:00,2026-04-23,AQUA_M-T,MERCÊS,MINAS GERAIS,Brasil,,,,Mata Atlântica,33,31,3141603,8,,217_075,5.0,POINT(-43.3115 -21.08866)
1815255800,4d446eae-3a9f-3bd5-811f-8a89428f227d,-49.29867,-22.83694,2026-04-23 18:28:00+00:00,2026-04-23,AQUA_M-T,ÁGUAS DE SANTA BÁRBARA,SÃO PAULO,Brasil,,,,Cerrado,33,35,3500550,8,,221_076,16.9,POINT(-49.29867 -22.83694)
1815255776,0eae686e-8350-3fac-b7bd-46de9c306b29,-52.89267,-18.29031,2026-04-23 18:28:00+00:00,2026-04-23,AQUA_M-T,MINEIROS,GOIÁS,Brasil,,,,Cerrado,33,52,5213103,8,,224_073,41.3,POINT(-52.89267 -18.29031)
1815255740,0727983a-c2e7-3519-9017-d13a6291c88b,-44.16257,-22.22799,2026-04-23 18:28:00+00:00,2026-04-23,AQUA_M-T,SANTA RITA DE JACUTINGA,MINAS GERAIS,Brasil,,,,Mata Atlântica,33,31,3159308,8,,218_075,5.3,POINT(-44.16257 -22.22799)
1815258365,8a02c425-a476-3a47-bdc1-f77f17c49f1f,-48.81469,-22.93373,2026-04-23 18:28:00+00:00,2026-04-23,AQUA_M-T,BOTUCATU,SÃO PAULO,Brasil,,,,Cerrado,33,35,3507506,8,,221_076,32.4,POINT(-48.81469 -22.93373)
1815258313,90a69c4d-1839-37b5-9628-16ac46899236,-43.3021,-21.08725,2026-04-23 18:28:00+00:00,2026-04-23,AQUA_M-T,MERCÊS,MINAS GERAIS,Brasil,,,,Mata Atlântica,33,31,3141603,8,,217_075,5.3,POINT(-43.3021 -21.08725)
1815258310,e074135e-e3de-342c-8f52-4f23de7b6910,-46.16708,-21.89342,2026-04-23 18:28:00+00:00,2026-04-23,AQUA_M-T,CALDAS,MINAS GERAIS,Brasil,,,,Mata Atlântica,33,31,3110301,8,,219_075,10.1,POINT(-46.16708 -21.89342)
1815258300,639b580f-9276-3029-bcdc-8bb2079d8bf6,-52.89009,-18.27575,2026-04-23 18:28:00+00:00,2026-04-23,AQUA_M-T,MINEIROS,GOIÁS,Brasil,,,,Cerrado,33,52,5213103,8,,224_073,22.9,POINT(-52.89009 -18.27575)
1815258198,c777155d-439c-3305-86f1-c0a8b2ee1b75,-45.01374,-17.49919,2026-04-23 18:28:00+00:00,2026-04-23,AQUA_M-T,BURITIZEIRO,MINAS GERAIS,Brasil,,,,Cerrado,33,31,3109402,8,,219_072,8.9,POINT(-45.01374 -17.49919)
1815258166,73bbffdc-8565-312e-90b3-1020d43453a6,-45.05008,-22.73026,2026-04-23 18:28:00+00:00,2026-04-23,AQUA_M-T,CANAS,SÃO PAULO,Brasil,,,,Mata Atlântica,33,35,3509957,8,,218_076,7.8,POINT(-45.05008 -22.73026)
1815258092,83219112-2b17-31a9-8187-e32f09a9e813,-45.03355,-19.0979,2026-04-23 18:28:00+00:00,2026-04-23,AQUA_M-T,POMPÉU,MINAS GERAIS,Brasil,,,,Cerrado,33,31,3152006,8,,219_073,19.0,POINT(-45.03355 -19.0979)
1815258034,37d7bb1a-af7f-3450-8c15-3b8b21129b38,-48.72334,-20.17842,2026-04-23 18:28:00+00:00,2026-04-23,AQUA_M-T,COLÔMBIA,SÃO PAULO,Brasil,,,,Cerrado,33,35,3512100,8,,221_074,14.5,POINT(-48.72334 -20.17842)
1815258027,284e241b-d788-3769-9650-051e2041e3ce,-42.35058,-17.48177,2026-04-23 18:28:00+00:00,2026-04-23,AQUA_M-T,MINAS NOVAS,MINAS GERAIS,Brasil,,,,Cerrado,33,31,3141801,8,,217_072,4.5,POINT(-42.35058 -17.48177)
1815258018,4edf57f9-6fe2-35d6-84f0-9483c491adec,-45.01233,-17.50799,2026-04-23 18:28:00+00:00,2026-04-23,AQUA_M-T,BURITIZEIRO,MINAS GERAIS,Brasil,,,,Cerrado,33,31,3109402,8,,219_072,174.7,POINT(-45.01233 -17.50799)
1815255656,5fe0440a-03f8-30b1-82c0-5a44eaa0bb0d,-46.16213,-21.88845,2026-04-23 18:28:00+00:00,2026-04-23,AQUA_M-T,CALDAS,MINAS GERAIS,Brasil,,,,Mata Atlântica,33,31,3110301,8,,219_075,6.8,POINT(-46.16213 -21.88845)
1815257981,568ddf74-2a9e-37f7-abfb-933b591327b6,-49.29868,-22.83694,2026-04-23 18:28:00+00:00,2026-04-23,AQUA_M-T,ÁGUAS DE SANTA BÁRBARA,SÃO PAULO,Brasil,,,,Cerrado,33,35,3500550,8,,221_076,16.9,POINT(-49.29868 -22.83694)
1815257954,d3331664-0d09-3ffa-9cfc-97f36b79dece,-47.07455,-18.01636,2026-04-23 18:28:00+00:00,2026-04-23,AQUA_M-T,VAZANTE,MINAS GERAIS,Brasil,,,,Cerrado,33,31,3171006,8,,220_072,6.6,POINT(-47.07455 -18.01636)
1815255620,70e60008-a20d-36f9-a95b-321c3664e29a,-39.99977,-17.49384,2026-04-23 18:28:00+00:00,2026-04-23,AQUA_M-T,CARAVELAS,BAHIA,Brasil,,,,Mata Atlântica,33,29,2906907,8,,216_072,30.2,POINT(-39.99977 -17.49384)
1815255601,e52cc849-58d0-302d-b8f2-6eb4b540b69c,-46.16709,-21.89341,2026-04-23 18:28:00+00:00,2026-04-23,AQUA_M-T,CALDAS,MINAS GERAIS,Brasil,,,,Mata Atlântica,33,31,3110301,8,,219_075,10.1,POINT(-46.16709 -21.89341)
1815257730,04a6efa6-57f3-3957-9f6b-a297308d0ede,-43.82878,-22.71531,2026-04-23 18:28:00+00:00,2026-04-23,AQUA_M-T,PIRAÍ,RIO DE JANEIRO,Brasil,,,,Mata Atlântica,33,33,3304003,8,,217_076,4.8,POINT(-43.82878 -22.71531)
1815257727,a6bed159-a582-327f-b144-ab1d9acf9e30,-48.8147,-22.93372,2026-04-23 18:28:00+00:00,2026-04-23,AQUA_M-T,BOTUCATU,SÃO PAULO,Brasil,,,,Cerrado,33,35,3507506,8,,221_076,32.4,POINT(-48.8147 -22.93372)
1815257702,7243ce64-1c29-31b7-ac4e-ca8dbaee5d48,-42.85,-19.78036,2026-04-23 18:28:00+00:00,2026-04-23,AQUA_M-T,SÃO DOMINGOS DO PRATA,MINAS GERAIS,Brasil,,,,Mata Atlântica,33,31,3161007,8,,217_074,8.0,POINT(-42.85 -19.78036)
1815257648,11de5656-4a40-3db1-9ead-4bfbb88688d5,-43.39698,-20.8148,2026-04-23 18:28:00+00:00,2026-04-23,AQUA_M-T,SENHORA DE OLIVEIRA,MINAS GERAIS,Brasil,,,,Mata Atlântica,33,31,3166006,8,,217_074,7.4,POINT(-43.39698 -20.8148)
1815257622,720b6411-4990-3372-a888-01b7496a7d61,-46.38332,-19.86551,2026-04-23 18:28:00+00:00,2026-04-23,AQUA_M-T,PRATINHA,MINAS GERAIS,Brasil,,,,Cerrado,33,31,3153004,8,,219_074,32.5,POINT(-46.38332 -19.86551)
1815257584,38b0f103-24ae-3b42-8431-19d603b529fc,-47.798,-20.89763,2026-04-23 18:28:00+00:00,2026-04-23,AQUA_M-T,JARDINÓPOLIS,SÃO PAULO,Brasil,,,,Cerrado,33,35,3525102,8,,220_074,6.8,POINT(-47.798 -20.89763)
1815257444,18aae780-64ca-3ec7-a7b0-ab0a8b7f9a95,-46.37257,-19.86406,2026-04-23 18:28:00+00:00,2026-04-23,AQUA_M-T,PRATINHA,MINAS GERAIS,Brasil,,,,Cerrado,33,31,3153004,8,,219_074,21.1,POINT(-46.37257 -19.86406)
1815257404,0fe8356c-beb0-330b-a4a7-f622acd374cd,-48.79763,-22.93174,2026-04-23 18:28:00+00:00,2026-04-23,AQUA_M-T,BOTUCATU,SÃO PAULO,Brasil,,,,Cerrado,33,35,3507506,8,,220_076,16.0,POINT(-48.79763 -22.93174)
1815257111,7a179e3b-4727-316e-9c07-2412892e7dac,-46.38331,-19.86551,2026-04-23 18:28:00+00:00,2026-04-23,AQUA_M-T,PRATINHA,MINAS GERAIS,Brasil,,,,Cerrado,33,31,3153004,8,,219_074,32.5,POINT(-46.38331 -19.86551)
1815257106,46958a30-0917-35cf-bb6a-3bdbc8da68ca,-44.02192,-16.76101,2026-04-23 18:28:00+00:00,2026-04-23,AQUA_M-T,MONTES CLAROS,MINAS GERAIS,Brasil,,,,Cerrado,33,31,3143302,8,,218_072,7.4,POINT(-44.02192 -16.76101)
1815257091,646449a2-076a-3806-84a2-ddb42d4a4d50,-45.01234,-17.50799,2026-04-23 18:28:00+00:00,2026-04-23,AQUA_M-T,BURITIZEIRO,MINAS GERAIS,Brasil,,,,Cerrado,33,31,3109402,8,,219_072,174.7,POINT(-45.01234 -17.50799)
1815257068,833d3510-43f7-3e36-a958-7d3ad3b4e5fc,-42.36082,-17.48341,2026-04-23 18:28:00+00:00,2026-04-23,AQUA_M-T,MINAS NOVAS,MINAS GERAIS,Brasil,,,,Cerrado,33,31,3141801,8,,217_072,9.7,POINT(-42.36082 -17.48341)
1815257014,e50c65c3-5866-3153-8963-7456c748749e,-42.3608,-17.48341,2026-04-23 18:28:00+00:00,2026-04-23,AQUA_M-T,MINAS NOVAS,MINAS GERAIS,Brasil,,,,Cerrado,33,31,3141801,8,,217_072,9.7,POINT(-42.3608 -17.48341)
1815256966,f4fa2f0c-f41c-3f5f-b0a6-331e03744198,-51.11449,-17.49039,2026-04-23 18:28:00+00:00,2026-04-23,AQUA_M-T,MONTIVIDIU,GOIÁS,Brasil,,,,Cerrado,33,52,5213756,8,,223_072,53.0,POINT(-51.11449 -17.49039)
1815256889,77b2468d-798a-380c-a7f4-3fa9f909495f,-45.00314,-17.50666,2026-04-23 18:28:00+00:00,2026-04-23,AQUA_M-T,BURITIZEIRO,MINAS GERAIS,Brasil,,,,Cerrado,33,31,3109402,8,,219_072,42.9,POINT(-45.00314 -17.50666)
1815256853,a3eea0a2-81f5-3a67-a06b-d27e9518c9ca,-44.16256,-22.22799,2026-04-23 18:28:00+00:00,2026-04-23,AQUA_M-T,SANTA RITA DE JACUTINGA,MINAS GERAIS,Brasil,,,,Mata Atlântica,33,31,3159308,8,,218_075,5.3,POINT(-44.16256 -22.22799)
1815256838,d564579f-bf75-3105-b637-d075fe6de889,-51.11451,-17.49039,2026-04-23 18:28:00+00:00,2026-04-23,AQUA_M-T,MONTIVIDIU,GOIÁS,Brasil,,,,Cerrado,33,52,5213756,8,,223_072,53.0,POINT(-51.11451 -17.49039)
1815256808,3be362b4-d742-3a4e-82f1-9b6d9734fc38,-45.05007,-22.73026,2026-04-23 18:28:00+00:00,2026-04-23,AQUA_M-T,CANAS,SÃO PAULO,Brasil,,,,Mata Atlântica,33,35,3509957,8,,218_076,7.8,POINT(-45.05007 -22.73026)
1815256666,97b65c2e-9ae0-324d-ae0b-0b8df3424eda,-45.01373,-17.49919,2026-04-23 18:28:00+00:00,2026-04-23,AQUA_M-T,BURITIZEIRO,MINAS GERAIS,Brasil,,,,Cerrado,33,31,3109402,8,,219_072,8.9,POINT(-45.01373 -17.49919)
1815256662,807ce02c-acc7-3755-be01-a9870d1c1d4b,-43.30209,-21.08725,2026-04-23 18:28:00+00:00,2026-04-23,AQUA_M-T,MERCÊS,MINAS GERAIS,Brasil,,,,Mata Atlântica,33,31,3141603,8,,217_075,5.3,POINT(-43.30209 -21.08725)
1815256647,9c9c230b-f907-3927-81ef-c0c4d0e5504c,-43.8288,-22.71531,2026-04-23 18:28:00+00:00,2026-04-23,AQUA_M-T,PIRAÍ,RIO DE JANEIRO,Brasil,,,,Mata Atlântica,33,33,3304003,8,,217_076,4.8,POINT(-43.8288 -22.71531)
1815256636,ce3b9ac0-a14a-3888-ad62-c3fd826076cf,-46.76001,-20.23486,2026-04-23 18:28:00+00:00,2026-04-23,AQUA_M-T,SÃO ROQUE DE MINAS,MINAS GERAIS,Brasil,,,,Cerrado,33,31,3164308,8,,220_074,9.8,POINT(-46.76001 -20.23486)
1815256622,02116408-ea0b-3995-aa8e-399c47f7904e,-52.89266,-18.29031,2026-04-23 18:28:00+00:00,2026-04-23,AQUA_M-T,MINEIROS,GOIÁS,Brasil,,,,Cerrado,33,52,5213103,8,,224_073,41.3,POINT(-52.89266 -18.29031)
1815256578,ca8ef8e9-98ad-3808-8af2-770679639c77,-52.88812,-18.29046,2026-04-23 18:28:00+00:00,2026-04-23,AQUA_M-T,MINEIROS,GOIÁS,Brasil,,,,Cerrado,33,52,5213103,8,,224_073,39.7,POINT(-52.88812 -18.29046)
1815256461,14931e81-363f-30c3-afb5-417cad2fef9c,-52.8901,-18.27574,2026-04-23 18:28:00+00:00,2026-04-23,AQUA_M-T,MINEIROS,GOIÁS,Brasil,,,,Cerrado,33,52,5213103,8,,224_073,22.9,POINT(-52.8901 -18.27574)
1815256455,e150986b-dbb3-3a55-b23e-57a35d5eafcc,-47.0383,-21.92257,2026-04-23 18:28:00+00:00,2026-04-23,AQUA_M-T,CASA BRANCA,SÃO PAULO,Brasil,,,,Cerrado,33,35,3510807,8,,220_075,6.8,POINT(-47.0383 -21.92257)
1815256415,462001b5-1207-3e4f-9e8b-442f8879ae4e,-47.79799,-20.89763,2026-04-23 18:28:00+00:00,2026-04-23,AQUA_M-T,JARDINÓPOLIS,SÃO PAULO,Brasil,,,,Cerrado,33,35,3525102,8,,220_074,6.8,POINT(-47.79799 -20.89763)
1815257388,98cf43b8-1366-37eb-813e-7edbccf0c3fd,-48.9094,-13.49041,2026-04-23 18:30:00+00:00,2026-04-23,AQUA_M-T,SANTA TEREZA DE GOIÁS,GOIÁS,Brasil,,,,Cerrado,33,52,5219605,8,,222_069,9.9,POINT(-48.9094 -13.49041)
1815256869,680fbe76-800b-3c51-9da0-c89662b17f4d,-48.1926,-15.83709,2026-04-23 18:30:00+00:00,2026-04-23,AQUA_M-T,BRASÍLIA,DISTRITO FEDERAL,Brasil,,,,Cerrado,33,53,5300108,8,,221_071,13.0,POINT(-48.1926 -15.83709)
1815257484,ed8adc6a-fd2e-3aed-8865-7e4712b79e06,-43.76512,-15.28025,2026-04-23 18:30:00+00:00,2026-04-23,AQUA_M-T,JAÍBA,MINAS GERAIS,Brasil,,,,Cerrado,33,31,3135050,8,,218_071,6.4,POINT(-43.76512 -15.28025)
1815256240,219c82bb-d2d6-3f50-ad94-9cad82aedce6,-43.7651,-15.28025,2026-04-23 18:30:00+00:00,2026-04-23,AQUA_M-T,JAÍBA,MINAS GERAIS,Brasil,,,,Cerrado,33,31,3135050,8,,218_071,6.4,POINT(-43.7651 -15.28025)
1815257510,5d5d94c1-4968-3f49-9cb8-3fda9aeaa80d,-48.19262,-15.83708,2026-04-23 18:30:00+00:00,2026-04-23,AQUA_M-T,BRASÍLIA,DISTRITO FEDERAL,Brasil,,,,Cerrado,33,53,5300108,8,,221_071,13.0,POINT(-48.19262 -15.83708)
1815257571,ed46af86-4c81-3baf-80f3-e78cdc3b6084,-45.80035,-13.99356,2026-04-23 18:30:00+00:00,2026-04-23,AQUA_M-T,JABORANDI,BAHIA,Brasil,,,,Cerrado,33,29,2917359,8,,220_070,14.3,POINT(-45.80035 -13.99356)
1815256114,e4857b4b-04cd-3f08-9b50-0142798787ee,-43.77215,-15.27226,2026-04-23 18:30:00+00:00,2026-04-23,AQUA_M-T,JAÍBA,MINAS GERAIS,Brasil,,,,Cerrado,33,31,3135050,8,,218_071,7.3,POINT(-43.77215 -15.27226)
1815256836,7a14cc0f-f528-304c-ae3b-4c86f5b9ffa7,-45.80037,-13.99356,2026-04-23 18:30:00+00:00,2026-04-23,AQUA_M-T,JABORANDI,BAHIA,Brasil,,,,Cerrado,33,29,2917359,8,,220_070,14.3,POINT(-45.80037 -13.99356)
1815256834,e19e057d-b60a-3e6e-8e54-071cc0ff9c0e,-45.31757,-13.37776,2026-04-23 18:30:00+00:00,2026-04-23,AQUA_M-T,CORRENTINA,BAHIA,Brasil,,,,Cerrado,33,29,2909307,8,,220_069,31.6,POINT(-45.31757 -13.37776)
1815257576,46dcb247-ed56-39a9-8cf7-6b392bd93732,-41.29865,-15.16232,2026-04-23 18:30:00+00:00,2026-04-23,AQUA_M-T,CÂNDIDO SALES,BAHIA,Brasil,,,,Mata Atlântica,33,29,2906709,8,,217_070,39.3,POINT(-41.29865 -15.16232)
1815257861,971f7950-1d20-324b-b4ac-063513906ded,-44.15015,-13.80509,2026-04-23 18:30:00+00:00,2026-04-23,AQUA_M-T,CORIBE,BAHIA,Brasil,,,,Cerrado,33,29,2909109,8,,219_070,6.1,POINT(-44.15015 -13.80509)
1815255626,c44f98ba-c96e-3e90-825c-5e8829e428f0,-45.2469,-13.59112,2026-04-23 18:30:00+00:00,2026-04-23,AQUA_M-T,CORRENTINA,BAHIA,Brasil,,,,Cerrado,33,29,2909307,8,,220_069,8.2,POINT(-45.2469 -13.59112)
1815256386,0bff6ce5-cedd-343d-be16-b472c9cb10c7,-44.26916,-15.4117,2026-04-23 18:30:00+00:00,2026-04-23,AQUA_M-T,JANUÁRIA,MINAS GERAIS,Brasil,,,,Caatinga,33,31,3135209,8,,219_071,10.4,POINT(-44.26916 -15.4117)
1815255672,cd192a72-ab81-36af-9626-e822b9a40304,-48.20419,-15.8386,2026-04-23 18:30:00+00:00,2026-04-23,AQUA_M-T,BRASÍLIA,DISTRITO FEDERAL,Brasil,,,,Cerrado,33,53,5300108,8,,221_071,6.8,POINT(-48.20419 -15.8386)
1815256797,e6122615-6355-3d2a-825c-955ff28ba5de,-43.77457,-15.28171,2026-04-23 18:30:00+00:00,2026-04-23,AQUA_M-T,JAÍBA,MINAS GERAIS,Brasil,,,,Cerrado,33,31,3135050,8,,218_071,5.2,POINT(-43.77457 -15.28171)
1815257975,6703d018-0a1a-304e-98c3-fa71eb8165d5,-45.3086,-13.37644,2026-04-23 18:30:00+00:00,2026-04-23,AQUA_M-T,CORRENTINA,BAHIA,Brasil,,,,Cerrado,33,29,2909307,8,,220_069,48.2,POINT(-45.3086 -13.37644)
1815257998,edd904f1-49dd-38d4-bb6f-105c981f80cd,-42.49636,-13.70228,2026-04-23 18:30:00+00:00,2026-04-23,AQUA_M-T,CAETITÉ,BAHIA,Brasil,,,,Caatinga,33,29,2905206,8,,218_069,15.9,POINT(-42.49636 -13.70228)
1815256726,48f7964a-0817-3255-99a8-e648d9a5d65a,-41.30473,-15.1617,2026-04-23 18:30:00+00:00,2026-04-23,AQUA_M-T,CÂNDIDO SALES,BAHIA,Brasil,,,,Mata Atlântica,33,29,2906709,8,,217_070,15.4,POINT(-41.30473 -15.1617)
1815258023,ad27e80f-0ad5-3703-98f1-de588a69a903,-48.20417,-15.8386,2026-04-23 18:30:00+00:00,2026-04-23,AQUA_M-T,BRASÍLIA,DISTRITO FEDERAL,Brasil,,,,Cerrado,33,53,5300108,8,,221_071,6.8,POINT(-48.20417 -15.8386)
1815258101,06ffec12-4f8c-34e0-a087-8c3a35ec560b,-43.77459,-15.28171,2026-04-23 18:30:00+00:00,2026-04-23,AQUA_M-T,JAÍBA,MINAS GERAIS,Brasil,,,,Cerrado,33,31,3135050,8,,218_071,5.2,POINT(-43.77459 -15.28171)
1815258121,94395f80-b252-3ba6-b7a4-d7e75045547b,-42.49638,-13.70228,2026-04-23 18:30:00+00:00,2026-04-23,AQUA_M-T,CAETITÉ,BAHIA,Brasil,,,,Caatinga,33,29,2905206,8,,218_069,15.9,POINT(-42.49638 -13.70228)
1815258224,0d25162d-85f5-3dda-a49d-6c0552e8c999,-43.63987,-15.87086,2026-04-23 18:30:00+00:00,2026-04-23,AQUA_M-T,SÃO JOÃO DA PONTE,MINAS GERAIS,Brasil,,,,Cerrado,33,31,3162401,8,,218_071,2.9,POINT(-43.63987 -15.87086)
1815256186,7c104c57-e8f9-3ee3-9a8b-cdb6d0d3540f,-44.15956,-13.80653,2026-04-23 18:30:00+00:00,2026-04-23,AQUA_M-T,CORIBE,BAHIA,Brasil,,,,Cerrado,33,29,2909109,8,,219_070,5.9,POINT(-44.15956 -13.80653)
1815256450,ec934d71-0a63-3184-bb23-620e44ca4c7c,-44.26917,-15.41169,2026-04-23 18:30:00+00:00,2026-04-23,AQUA_M-T,JANUÁRIA,MINAS GERAIS,Brasil,,,,Caatinga,33,31,3135209,8,,219_071,10.4,POINT(-44.26917 -15.41169)
1815258255,68737f5c-acd7-35a8-b2ed-9df9ce3a0499,-48.09978,-15.98862,2026-04-23 18:30:00+00:00,2026-04-23,AQUA_M-T,BRASÍLIA,DISTRITO FEDERAL,Brasil,,,,Cerrado,33,53,5300108,8,,221_071,9.6,POINT(-48.09978 -15.98862)
1815256445,6db4f811-cf51-3c0a-8f8c-e70f8f60e9ea,-47.88,-16.37725,2026-04-23 18:30:00+00:00,2026-04-23,AQUA_M-T,LUZIÂNIA,GOIÁS,Brasil,,,,Cerrado,33,52,5212501,8,,221_071,7.7,POINT(-47.88 -16.37725)
1815258289,0104899a-eb12-3131-8ffd-f9ab53d28e00,-41.29867,-15.16232,2026-04-23 18:30:00+00:00,2026-04-23,AQUA_M-T,CÂNDIDO SALES,BAHIA,Brasil,,,,Mata Atlântica,33,29,2906709,8,,217_070,39.3,POINT(-41.29867 -15.16232)
1815256187,f8eb9eeb-00b8-3b39-bed6-3c19c582eaa2,-48.09977,-15.98862,2026-04-23 18:30:00+00:00,2026-04-23,AQUA_M-T,BRASÍLIA,DISTRITO FEDERAL,Brasil,,,,Cerrado,33,53,5300108,8,,221_071,9.6,POINT(-48.09977 -15.98862)
1815256265,b1499dac-f22a-3027-a99f-981ec749f1b0,-45.79136,-13.99225,2026-04-23 18:30:00+00:00,2026-04-23,AQUA_M-T,JABORANDI,BAHIA,Brasil,,,,Cerrado,33,29,2917359,8,,220_070,9.1,POINT(-45.79136 -13.99225)
1815258315,3f80c350-92ab-3ea0-90e3-a110a26733d2,-43.77216,-15.27226,2026-04-23 18:30:00+00:00,2026-04-23,AQUA_M-T,JAÍBA,MINAS GERAIS,Brasil,,,,Cerrado,33,31,3135050,8,,218_071,7.3,POINT(-43.77216 -15.27226)
1815258318,8b12ead7-ea3a-3d32-864c-9c258c3c5724,-43.63989,-15.87086,2026-04-23 18:30:00+00:00,2026-04-23,AQUA_M-T,SÃO JOÃO DA PONTE,MINAS GERAIS,Brasil,,,,Cerrado,33,31,3162401,8,,218_071,2.9,POINT(-43.63989 -15.87086)
1815258334,a3715aad-fcfa-3731-9f08-8bbec65a30ef,-45.42197,-13.27448,2026-04-23 18:30:00+00:00,2026-04-23,AQUA_M-T,CORRENTINA,BAHIA,Brasil,,,,Cerrado,33,29,2909307,8,,220_069,9.7,POINT(-45.42197 -13.27448)
1815256397,b2353140-6110-3549-8c3c-846f3650d50b,-43.56824,-14.81591,2026-04-23 18:30:00+00:00,2026-04-23,AQUA_M-T,MATIAS CARDOSO,MINAS GERAIS,Brasil,,,,Cerrado,33,31,3140852,8,,218_070,4.9,POINT(-43.56824 -14.81591)
1815258381,4e4ce84e-7d39-37b7-b1ab-9b0000421ad4,-48.09472,-15.98574,2026-04-23 18:30:00+00:00,2026-04-23,AQUA_M-T,BRASÍLIA,DISTRITO FEDERAL,Brasil,,,,Cerrado,33,53,5300108,8,,221_071,12.4,POINT(-48.09472 -15.98574)
1815255876,cf46cb33-8c19-3cf0-ab24-ee6013d3f4ac,-45.31758,-13.37776,2026-04-23 18:30:00+00:00,2026-04-23,AQUA_M-T,CORRENTINA,BAHIA,Brasil,,,,Cerrado,33,29,2909307,8,,220_069,31.6,POINT(-45.31758 -13.37776)
1815255903,a96808d5-d2a6-343c-961d-5062cc9d9dd9,-41.29224,-15.15961,2026-04-23 18:30:00+00:00,2026-04-23,AQUA_M-T,BELO CAMPO,BAHIA,Brasil,,,,Mata Atlântica,33,29,2903508,8,,217_070,74.0,POINT(-41.29224 -15.15961)
1815255972,8b8220dd-ed1a-3905-8f57-1cc97367c955,-45.42195,-13.27448,2026-04-23 18:30:00+00:00,2026-04-23,AQUA_M-T,CORRENTINA,BAHIA,Brasil,,,,Cerrado,33,29,2909307,8,,220_069,9.7,POINT(-45.42195 -13.27448)
1815256497,bfcd8b34-ff09-3f80-8866-25e0ffe419ee,-42.50752,-13.70409,2026-04-23 18:30:00+00:00,2026-04-23,AQUA_M-T,CAETITÉ,BAHIA,Brasil,,,,Caatinga,33,29,2905206,8,,218_069,25.2,POINT(-42.50752 -13.70409)
1815255999,42497ecd-e3cc-361c-8dc7-e28ea4f4b1e2,-45.30861,-13.37643,2026-04-23 18:30:00+00:00,2026-04-23,AQUA_M-T,CORRENTINA,BAHIA,Brasil,,,,Cerrado,33,29,2909307,8,,220_069,48.2,POINT(-45.30861 -13.37643)
1815256493,d674a20d-eb31-330d-b76c-6bb5b65ba381,-41.29226,-15.1596,2026-04-23 18:30:00+00:00,2026-04-23,AQUA_M-T,BELO CAMPO,BAHIA,Brasil,,,,Mata Atlântica,33,29,2903508,8,,217_070,74.0,POINT(-41.29226 -15.1596)
1815256028,8dd5188f-73e0-32ca-a641-8c2604c956c9,-48.90942,-13.49041,2026-04-23 18:30:00+00:00,2026-04-23,AQUA_M-T,SANTA TEREZA DE GOIÁS,GOIÁS,Brasil,,,,Cerrado,33,52,5219605,8,,222_069,9.9,POINT(-48.90942 -13.49041)
1815257096,f6535a2f-c16c-336f-b47b-6e735ede69a3,-45.31832,-13.39003,2026-04-23 18:30:00+00:00,2026-04-23,AQUA_M-T,CORRENTINA,BAHIA,Brasil,,,,Cerrado,33,29,2909307,8,,220_069,8.3,POINT(-45.31832 -13.39003)
1815257110,7152ebf4-be55-3518-a554-1152ece6f7e1,-41.30471,-15.1617,2026-04-23 18:30:00+00:00,2026-04-23,AQUA_M-T,CÂNDIDO SALES,BAHIA,Brasil,,,,Mata Atlântica,33,29,2906709,8,,217_070,15.4,POINT(-41.30471 -15.1617)
1815256044,9f4567c6-1e13-3c83-a0cd-6afe5f3c89d2,-44.05027,-13.43861,2026-04-23 18:30:00+00:00,2026-04-23,AQUA_M-T,SÃO FÉLIX DO CORIBE,BAHIA,Brasil,,,,Cerrado,33,29,2929057,8,,219_069,11.1,POINT(-44.05027 -13.43861)
1815256994,e9563b1a-c536-377a-8e41-f06750d6d5a1,-45.31833,-13.39002,2026-04-23 18:30:00+00:00,2026-04-23,AQUA_M-T,CORRENTINA,BAHIA,Brasil,,,,Cerrado,33,29,2909307,8,,220_069,8.3,POINT(-45.31833 -13.39002)
1815257201,a3a9d813-391a-3858-a723-6b6832cfb822,-48.09474,-15.98574,2026-04-23 18:30:00+00:00,2026-04-23,AQUA_M-T,BRASÍLIA,DISTRITO FEDERAL,Brasil,,,,Cerrado,33,53,5300108,8,,221_071,12.4,POINT(-48.09474 -15.98574)
1815256060,80349f33-a55a-3503-883e-d67c55abd65b,-44.05029,-13.43861,2026-04-23 18:30:00+00:00,2026-04-23,AQUA_M-T,SÃO FÉLIX DO CORIBE,BAHIA,Brasil,,,,Cerrado,33,29,2929057,8,,219_069,11.1,POINT(-44.05029 -13.43861)
1815257240,d711d25c-24bd-3dd8-bf3a-d64bb0ea505e,-44.15016,-13.80509,2026-04-23 18:30:00+00:00,2026-04-23,AQUA_M-T,CORIBE,BAHIA,Brasil,,,,Cerrado,33,29,2909109,8,,219_070,6.1,POINT(-44.15016 -13.80509)
1815256944,8a73683f-c2c9-369b-b8c1-ff0660a9d5d5,-47.77634,-15.76241,2026-04-23 18:30:00+00:00,2026-04-23,AQUA_M-T,BRASÍLIA,DISTRITO FEDERAL,Brasil,,,,Cerrado,33,53,5300108,8,,221_071,9.8,POINT(-47.77634 -15.76241)
1815256940,6a0885e2-f32e-361a-a37b-67fa8f631eee,-43.56826,-14.8159,2026-04-23 18:30:00+00:00,2026-04-23,AQUA_M-T,MATIAS CARDOSO,MINAS GERAIS,Brasil,,,,Cerrado,33,31,3140852,8,,218_070,4.9,POINT(-43.56826 -14.8159)
1815256931,172ae6c0-e55b-357d-a4f3-fcf31380ddd5,-44.15958,-13.80653,2026-04-23 18:30:00+00:00,2026-04-23,AQUA_M-T,CORIBE,BAHIA,Brasil,,,,Cerrado,33,29,2909109,8,,219_070,5.9,POINT(-44.15958 -13.80653)
1815256921,a5f3187c-9f73-3681-a2af-1fe6d68a633d,-47.77633,-15.76241,2026-04-23 18:30:00+00:00,2026-04-23,AQUA_M-T,BRASÍLIA,DISTRITO FEDERAL,Brasil,,,,Cerrado,33,53,5300108,8,,221_071,9.8,POINT(-47.77633 -15.76241)
1815257344,1bc11d48-b31b-3b30-95e6-90e06ff7930c,-42.50753,-13.70408,2026-04-23 18:30:00+00:00,2026-04-23,AQUA_M-T,CAETITÉ,BAHIA,Brasil,,,,Caatinga,33,29,2905206,8,,218_069,25.2,POINT(-42.50753 -13.70408)
1815257367,87db90e5-47c0-3687-929e-32a71a2562dd,-45.24689,-13.59113,2026-04-23 18:30:00+00:00,2026-04-23,AQUA_M-T,CORRENTINA,BAHIA,Brasil,,,,Cerrado,33,29,2909307,8,,220_069,8.2,POINT(-45.24689 -13.59113)
1815256090,042f26ef-2290-3183-a1a6-91cbc992169c,-45.79134,-13.99225,2026-04-23 18:30:00+00:00,2026-04-23,AQUA_M-T,JABORANDI,BAHIA,Brasil,,,,Cerrado,33,29,2917359,8,,220_070,9.1,POINT(-45.79134 -13.99225)
1815256886,8026a6a6-3cf8-33eb-bade-0002d5fa2c16,-47.87998,-16.37726,2026-04-23 18:30:00+00:00,2026-04-23,AQUA_M-T,LUZIÂNIA,GOIÁS,Brasil,,,,Cerrado,33,52,5212501,8,,221_071,7.7,POINT(-47.87998 -16.37726)
1815258207,c08751d9-7636-312b-8a1c-e4c28027b45a,-46.75507,-11.93721,2026-04-23 18:32:00+00:00,2026-04-23,AQUA_M-T,NOVO JARDIM,TOCANTINS,Brasil,,,,Cerrado,33,17,1715259,8,,221_068,6.8,POINT(-46.75507 -11.93721)
1815255636,7ea7b077-da06-3fcd-8202-5f59c0505cb6,-48.73013,-11.47032,2026-04-23 18:32:00+00:00,2026-04-23,AQUA_M-T,GURUPI,TOCANTINS,Brasil,,,,Cerrado,33,17,1709500,8,,222_068,9.3,POINT(-48.73013 -11.47032)
1815255632,330e2ed1-08f7-3b6f-b3d2-917dcec3131e,-49.72653,-11.17875,2026-04-23 18:32:00+00:00,2026-04-23,AQUA_M-T,DUERÉ,TOCANTINS,Brasil,,,,Cerrado,33,17,1707306,8,,223_068,14.0,POINT(-49.72653 -11.17875)
1815255610,f9be1e83-c1a8-3a51-9a82-7f69c38cd565,-46.74594,-11.9359,2026-04-23 18:32:00+00:00,2026-04-23,AQUA_M-T,NOVO JARDIM,TOCANTINS,Brasil,,,,Cerrado,33,17,1715259,8,,221_068,14.5,POINT(-46.74594 -11.9359)
1815258363,81e56cdf-7fe9-3130-a475-7e0278407806,-44.81736,-11.00415,2026-04-23 18:32:00+00:00,2026-04-23,AQUA_M-T,SANTA RITA DE CÁSSIA,BAHIA,Brasil,,,,Cerrado,33,29,2928406,8,,220_068,6.3,POINT(-44.81736 -11.00415)
1815258360,1a80d7a6-d99d-36a0-9e55-42cc19dcee04,-47.08413,-7.10935,2026-04-23 18:32:00+00:00,2026-04-23,AQUA_M-T,CAROLINA,MARANHÃO,Brasil,,,,Cerrado,33,21,2102804,8,,222_065,7.2,POINT(-47.08413 -7.10935)
1815258269,41027947-dac5-34af-b816-e29e50c62e84,-51.42965,-11.55506,2026-04-23 18:32:00+00:00,2026-04-23,AQUA_M-T,SÃO FÉLIX DO ARAGUAIA,MATO GROSSO,Brasil,,,,Cerrado,33,51,5107859,8,,224_068,29.7,POINT(-51.42965 -11.55506)
1815258205,6272c689-79c8-3db0-b4bb-f4700741a17e,-44.62842,-11.1328,2026-04-23 18:32:00+00:00,2026-04-23,AQUA_M-T,SANTA RITA DE CÁSSIA,BAHIA,Brasil,,,,Cerrado,33,29,2928406,8,,220_068,16.0,POINT(-44.62842 -11.1328)
1815258199,0ca9f122-36b8-33d2-b471-c2af12b2eed9,-46.96246,-11.17224,2026-04-23 18:32:00+00:00,2026-04-23,AQUA_M-T,ALMAS,TOCANTINS,Brasil,,,,Cerrado,33,17,1700400,8,,221_068,18.8,POINT(-46.96246 -11.17224)
1815258195,ae22868b-500f-3608-bf58-b7c63a3be299,-48.32343,-9.44835,2026-04-23 18:32:00+00:00,2026-04-23,AQUA_M-T,TOCANTÍNIA,TOCANTINS,Brasil,,,,Cerrado,33,17,1721109,8,,222_067,14.7,POINT(-48.32343 -9.44835)
1815258130,4af07d49-7fad-3976-8cc6-f9fa666236a8,-44.02201,-12.08432,2026-04-23 18:32:00+00:00,2026-04-23,AQUA_M-T,WANDERLEY,BAHIA,Brasil,,,,Cerrado,33,29,2933455,8,,219_068,12.3,POINT(-44.02201 -12.08432)
1815258111,52e01d67-ebd9-360b-987f-aa33e739894a,-48.83396,-10.95596,2026-04-23 18:32:00+00:00,2026-04-23,AQUA_M-T,FÁTIMA,TOCANTINS,Brasil,,,,Cerrado,33,17,1707553,8,,222_068,18.0,POINT(-48.83396 -10.95596)
1815258077,0339e7bc-f798-31ed-b9dd-aea4177a3756,-51.8314,-11.32063,2026-04-23 18:32:00+00:00,2026-04-23,AQUA_M-T,CANABRAVA DO NORTE,MATO GROSSO,Brasil,,,,Amazônia,33,51,5102694,8,,224_068,14.0,POINT(-51.8314 -11.32063)
1815258012,104d19ae-cae8-3575-9b38-7b81aad69d13,-48.84476,-10.95744,2026-04-23 18:32:00+00:00,2026-04-23,AQUA_M-T,FÁTIMA,TOCANTINS,Brasil,,,,Cerrado,33,17,1707553,8,,222_068,36.5,POINT(-48.84476 -10.95744)
1815258000,0e2a1428-1a87-3410-bb7c-dbf92531353d,-44.84157,-8.78898,2026-04-23 18:32:00+00:00,2026-04-23,AQUA_M-T,CURRAIS,PIAUÍ,Brasil,,,,Cerrado,33,22,2203230,8,,220_066,9.5,POINT(-44.84157 -8.78898)
1815257999,6c7f88e1-9037-3ee3-9e8c-6b501841e4e0,-51.4254,-11.5497,2026-04-23 18:32:00+00:00,2026-04-23,AQUA_M-T,SÃO FÉLIX DO ARAGUAIA,MATO GROSSO,Brasil,,,,Cerrado,33,51,5107859,8,,224_068,50.8,POINT(-51.4254 -11.5497)
1815257874,563affd0-c571-32ee-9993-43ba3016bf27,-44.94326,-10.41344,2026-04-23 18:32:00+00:00,2026-04-23,AQUA_M-T,CORRENTE,PIAUÍ,Brasil,,,,Cerrado,33,22,2202901,8,,220_067,6.0,POINT(-44.94326 -10.41344)
1815257873,67e91039-11ff-33e7-abf4-0a87f46f29ab,-46.97295,-11.16469,2026-04-23 18:32:00+00:00,2026-04-23,AQUA_M-T,ALMAS,TOCANTINS,Brasil,,,,Cerrado,33,17,1700400,8,,221_068,13.1,POINT(-46.97295 -11.16469)
1815257872,0eddf040-194d-334c-956c-6f84b9e36b20,-50.9231,-11.00453,2026-04-23 18:32:00+00:00,2026-04-23,AQUA_M-T,LUCIARA,MATO GROSSO,Brasil,,,,Cerrado,33,51,5105309,8,,224_068,24.1,POINT(-50.9231 -11.00453)
1815257827,db0ae1c9-68ac-34c6-9614-a51150696d5d,-52.56705,-11.66547,2026-04-23 18:32:00+00:00,2026-04-23,AQUA_M-T,SÃO FÉLIX DO ARAGUAIA,MATO GROSSO,Brasil,,,,Amazônia,33,51,5107859,8,,225_068,42.3,POINT(-52.56705 -11.66547)
1815257824,a0cbd416-c31c-3de6-9193-1552c9bcca6b,-46.88792,-11.08784,2026-04-23 18:32:00+00:00,2026-04-23,AQUA_M-T,PONTE ALTA DO TOCANTINS,TOCANTINS,Brasil,,,,Cerrado,33,17,1717909,8,,221_068,35.3,POINT(-46.88792 -11.08784)
1815257785,ffe81d53-3fc7-34c7-af14-3fd8561965e0,-45.22269,-12.07062,2026-04-23 18:32:00+00:00,2026-04-23,AQUA_M-T,BARREIRAS,BAHIA,Brasil,,,,Cerrado,33,29,2903201,8,,220_068,63.9,POINT(-45.22269 -12.07062)
1815257761,b3fcf80b-3d96-31c0-8f08-75d540053bc0,-46.66771,-12.43982,2026-04-23 18:32:00+00:00,2026-04-23,AQUA_M-T,TAGUATINGA,TOCANTINS,Brasil,,,,Cerrado,33,17,1720903,8,,221_069,30.6,POINT(-46.66771 -12.43982)
1815257687,ab59451b-c3d6-366c-a1bb-5fbfae6b7ad0,-51.42541,-11.5497,2026-04-23 18:32:00+00:00,2026-04-23,AQUA_M-T,SÃO FÉLIX DO ARAGUAIA,MATO GROSSO,Brasil,,,,Cerrado,33,51,5107859,8,,224_068,50.8,POINT(-51.42541 -11.5497)
1815257636,c906ebc7-c353-3cfa-bd27-7d8f24dc5b92,-48.6221,-9.18517,2026-04-23 18:32:00+00:00,2026-04-23,AQUA_M-T,FORTALEZA DO TABOCÃO,TOCANTINS,Brasil,,,,Cerrado,33,17,1708254,8,,222_066,8.1,POINT(-48.6221 -9.18517)
1815257625,b0c7f6ab-9e07-315e-ac53-76af6a3cb333,-43.63464,-11.76471,2026-04-23 18:32:00+00:00,2026-04-23,AQUA_M-T,BARRA,BAHIA,Brasil,,,,Cerrado,33,29,2902708,8,,219_068,72.1,POINT(-43.63464 -11.76471)
1815257572,252d1405-0713-3e79-a19a-4e6982336759,-46.87592,-12.40534,2026-04-23 18:32:00+00:00,2026-04-23,AQUA_M-T,TAGUATINGA,TOCANTINS,Brasil,,,,Cerrado,33,17,1720903,8,,221_069,18.8,POINT(-46.87592 -12.40534)
1815257537,4c5318c8-cbff-3076-af87-27785831011e,-44.02024,-12.07507,2026-04-23 18:32:00+00:00,2026-04-23,AQUA_M-T,WANDERLEY,BAHIA,Brasil,,,,Cerrado,33,29,2933455,8,,219_068,11.7,POINT(-44.02024 -12.07507)
1815257521,da4ca50b-56d0-30a8-996c-26cae345b281,-46.66772,-12.43982,2026-04-23 18:32:00+00:00,2026-04-23,AQUA_M-T,TAGUATINGA,TOCANTINS,Brasil,,,,Cerrado,33,17,1720903,8,,221_069,30.6,POINT(-46.66772 -12.43982)
1815257466,d6bb930e-6361-359a-987d-71c037a031bb,-48.73012,-11.47032,2026-04-23 18:32:00+00:00,2026-04-23,AQUA_M-T,GURUPI,TOCANTINS,Brasil,,,,Cerrado,33,17,1709500,8,,222_068,9.3,POINT(-48.73012 -11.47032)
1815257458,4e1ed31f-ebc6-3ed6-a2a4-c499a8653339,-47.89411,-9.73756,2026-04-23 18:32:00+00:00,2026-04-23,AQUA_M-T,RIO SONO,TOCANTINS,Brasil,,,,Cerrado,33,17,1718758,8,,222_067,8.7,POINT(-47.89411 -9.73756)
1815257416,e81c2cbd-a92d-38d2-8bc5-07da476fdc69,-44.84158,-8.78898,2026-04-23 18:32:00+00:00,2026-04-23,AQUA_M-T,CURRAIS,PIAUÍ,Brasil,,,,Cerrado,33,22,2203230,8,,220_066,9.5,POINT(-44.84158 -8.78898)
1815257356,dc69c21d-cba7-3fd1-85fa-fb0259e2d30c,-46.74593,-11.9359,2026-04-23 18:32:00+00:00,2026-04-23,AQUA_M-T,NOVO JARDIM,TOCANTINS,Brasil,,,,Cerrado,33,17,1715259,8,,221_068,14.5,POINT(-46.74593 -11.9359)
1815257332,b8cc9074-71ba-35c3-83cb-23222ad7681a,-47.91383,-11.59402,2026-04-23 18:32:00+00:00,2026-04-23,AQUA_M-T,CHAPADA DA NATIVIDADE,TOCANTINS,Brasil,,,,Cerrado,33,17,1705102,8,,222_068,7.5,POINT(-47.91383 -11.59402)
1815257318,5befd548-8148-3b64-95b7-66dcfdc0fc31,-46.87888,-11.08653,2026-04-23 18:32:00+00:00,2026-04-23,AQUA_M-T,PONTE ALTA DO TOCANTINS,TOCANTINS,Brasil,,,,Cerrado,33,17,1717909,8,,221_068,46.5,POINT(-46.87888 -11.08653)
1815257316,4b7aab09-61dd-3e8b-aee8-2b1c2deabb7c,-46.88519,-12.40667,2026-04-23 18:32:00+00:00,2026-04-23,AQUA_M-T,TAGUATINGA,TOCANTINS,Brasil,,,,Cerrado,33,17,1720903,8,,221_069,20.4,POINT(-46.88519 -12.40667)
1815257308,dbdaa89e-9b30-304d-976c-301b56ccb2db,-44.022,-12.08432,2026-04-23 18:32:00+00:00,2026-04-23,AQUA_M-T,WANDERLEY,BAHIA,Brasil,,,,Cerrado,33,29,2933455,8,,219_068,12.3,POINT(-44.022 -12.08432)
1815257306,1dfde0dd-9b11-39c5-a909-ac6bee06fba5,-46.88022,-11.07768,2026-04-23 18:32:00+00:00,2026-04-23,AQUA_M-T,PONTE ALTA DO TOCANTINS,TOCANTINS,Brasil,,,,Cerrado,33,17,1717909,8,,221_068,36.4,POINT(-46.88022 -11.07768)
1815257289,ce4c3afa-99d3-3ef2-87c5-f3f0363906e4,-44.99506,-10.60607,2026-04-23 18:32:00+00:00,2026-04-23,AQUA_M-T,CORRENTE,PIAUÍ,Brasil,,,,Cerrado,33,22,2202901,8,,220_067,5.2,POINT(-44.99506 -10.60607)
1815257282,e6288554-4102-3c35-bbbb-1042a5b5fa35,-45.40596,-9.52255,2026-04-23 18:32:00+00:00,2026-04-23,AQUA_M-T,GILBUÉS,PIAUÍ,Brasil,,,,Cerrado,33,22,2204402,8,,220_067,4.2,POINT(-45.40596 -9.52255)
1815257254,5ae0ddb2-b98e-3b23-b72b-bc8c457890b8,-45.22268,-12.07062,2026-04-23 18:32:00+00:00,2026-04-23,AQUA_M-T,BARREIRAS,BAHIA,Brasil,,,,Cerrado,33,29,2903201,8,,220_068,63.9,POINT(-45.22268 -12.07062)
1815257231,d484635f-9884-3dcb-bcb7-e7c8f5b1a6d1,-46.9224,-11.13026,2026-04-23 18:32:00+00:00,2026-04-23,AQUA_M-T,PONTE ALTA DO TOCANTINS,TOCANTINS,Brasil,,,,Cerrado,33,17,1717909,8,,221_068,15.0,POINT(-46.9224 -11.13026)
1815257227,70df6550-a2f6-3b2b-81c2-e639e3060569,-48.83395,-10.95596,2026-04-23 18:32:00+00:00,2026-04-23,AQUA_M-T,FÁTIMA,TOCANTINS,Brasil,,,,Cerrado,33,17,1707553,8,,222_068,18.0,POINT(-48.83395 -10.95596)
1815257222,1556e40f-371f-33a7-9841-4d3cfe1f11ff,-49.72655,-11.17874,2026-04-23 18:32:00+00:00,2026-04-23,AQUA_M-T,DUERÉ,TOCANTINS,Brasil,,,,Cerrado,33,17,1707306,8,,223_068,14.0,POINT(-49.72655 -11.17874)
1815257192,4b34d353-642b-3721-aba1-7a82ce33a0ce,-52.56704,-11.66547,2026-04-23 18:32:00+00:00,2026-04-23,AQUA_M-T,SÃO FÉLIX DO ARAGUAIA,MATO GROSSO,Brasil,,,,Amazônia,33,51,5107859,8,,225_068,42.3,POINT(-52.56704 -11.66547)
1815257184,e681007f-699b-3ddc-93b9-3302a0eb5774,-46.96247,-11.17224,2026-04-23 18:32:00+00:00,2026-04-23,AQUA_M-T,ALMAS,TOCANTINS,Brasil,,,,Cerrado,33,17,1700400,8,,221_068,18.8,POINT(-46.96247 -11.17224)
1815257159,6e4d4b46-ffb0-32cc-b5c5-d78c11218948,-44.81734,-11.00415,2026-04-23 18:32:00+00:00,2026-04-23,AQUA_M-T,SANTA RITA DE CÁSSIA,BAHIA,Brasil,,,,Cerrado,33,29,2928406,8,,220_068,6.3,POINT(-44.81734 -11.00415)
1815257134,5c2401fc-2e20-349f-abe9-7a98d0be7d34,-46.88929,-11.07899,2026-04-23 18:32:00+00:00,2026-04-23,AQUA_M-T,PONTE ALTA DO TOCANTINS,TOCANTINS,Brasil,,,,Cerrado,33,17,1717909,8,,221_068,117.5,POINT(-46.88929 -11.07899)
1815257102,81691342-c450-3715-85bb-b0b623a73a10,-46.65514,-11.75643,2026-04-23 18:32:00+00:00,2026-04-23,AQUA_M-T,NOVO JARDIM,TOCANTINS,Brasil,,,,Cerrado,33,17,1715259,8,,221_068,7.2,POINT(-46.65514 -11.75643)
1815256917,bec3e826-11c6-36a3-aca0-d03b2f086f4b,-46.88794,-11.08783,2026-04-23 18:32:00+00:00,2026-04-23,AQUA_M-T,PONTE ALTA DO TOCANTINS,TOCANTINS,Brasil,,,,Cerrado,33,17,1717909,8,,221_068,35.3,POINT(-46.88794 -11.08783)
1815256907,784c1192-89ab-3ab5-85b9-b37f1b6dc732,-49.71556,-11.16683,2026-04-23 18:32:00+00:00,2026-04-23,AQUA_M-T,DUERÉ,TOCANTINS,Brasil,,,,Cerrado,33,17,1707306,8,,223_068,14.5,POINT(-49.71556 -11.16683)
1815256867,0817e691-f530-3162-a35a-42af05bceaff,-43.63312,-11.77404,2026-04-23 18:32:00+00:00,2026-04-23,AQUA_M-T,BARRA,BAHIA,Brasil,,,,Cerrado,33,29,2902708,8,,219_068,58.3,POINT(-43.63312 -11.77404)
1815256852,382a4406-6328-374c-b059-e8204956e318,-45.41501,-9.52392,2026-04-23 18:32:00+00:00,2026-04-23,AQUA_M-T,GILBUÉS,PIAUÍ,Brasil,,,,Cerrado,33,22,2204402,8,,220_067,8.3,POINT(-45.41501 -9.52392)
1815256813,a8c0277b-3e96-3db2-a5b8-31871f93a84d,-45.41502,-9.52392,2026-04-23 18:32:00+00:00,2026-04-23,AQUA_M-T,GILBUÉS,PIAUÍ,Brasil,,,,Cerrado,33,22,2204402,8,,220_067,8.3,POINT(-45.41502 -9.52392)
1815256800,59c81c60-f791-3d96-a94d-d16eb471d849,-46.64609,-11.75513,2026-04-23 18:32:00+00:00,2026-04-23,AQUA_M-T,NOVO JARDIM,TOCANTINS,Brasil,,,,Cerrado,33,17,1715259,8,,221_068,23.8,POINT(-46.64609 -11.75513)
1815256773,adef3c52-7b0a-3172-91aa-566abc72e428,-47.09291,-7.11064,2026-04-23 18:32:00+00:00,2026-04-23,AQUA_M-T,CAROLINA,MARANHÃO,Brasil,,,,Cerrado,33,21,2102804,8,,222_065,46.7,POINT(-47.09291 -7.11064)
1815256728,86dad8d2-b13f-37fa-90ad-c6c39ffb146e,-47.91385,-11.59402,2026-04-23 18:32:00+00:00,2026-04-23,AQUA_M-T,CHAPADA DA NATIVIDADE,TOCANTINS,Brasil,,,,Cerrado,33,17,1705102,8,,222_068,7.5,POINT(-47.91385 -11.59402)
1815256695,5a0268a2-bb1c-319f-b9a5-d612ad408819,-43.63462,-11.76471,2026-04-23 18:32:00+00:00,2026-04-23,AQUA_M-T,BARRA,BAHIA,Brasil,,,,Cerrado,33,29,2902708,8,,219_068,72.1,POINT(-43.63462 -11.76471)
1815256684,e49d69dc-a9e0-300e-a759-cd618839180b,-47.8941,-9.73757,2026-04-23 18:32:00+00:00,2026-04-23,AQUA_M-T,RIO SONO,TOCANTINS,Brasil,,,,Cerrado,33,17,1718758,8,,222_067,8.7,POINT(-47.8941 -9.73757)
1815256678,848c2c06-5071-3984-896e-bc8b3f3db7b0,-46.88021,-11.07768,2026-04-23 18:32:00+00:00,2026-04-23,AQUA_M-T,PONTE ALTA DO TOCANTINS,TOCANTINS,Brasil,,,,Cerrado,33,17,1717909,8,,221_068,36.4,POINT(-46.88021 -11.07768)
1815256642,4e58c561-3daa-3470-a897-dae3cc3abc78,-48.32341,-9.44835,2026-04-23 18:32:00+00:00,2026-04-23,AQUA_M-T,TOCANTÍNIA,TOCANTINS,Brasil,,,,Cerrado,33,17,1721109,8,,222_067,14.7,POINT(-48.32341 -9.44835)
1815256619,fbafd251-fc9c-346d-b198-bdb15b80cf66,-44.02023,-12.07508,2026-04-23 18:32:00+00:00,2026-04-23,AQUA_M-T,WANDERLEY,BAHIA,Brasil,,,,Cerrado,33,29,2933455,8,,219_068,11.7,POINT(-44.02023 -12.07508)
1815256602,648693ac-b458-3844-9d59-69bd8f71be09,-46.65857,-12.4385,2026-04-23 18:32:00+00:00,2026-04-23,AQUA_M-T,TAGUATINGA,TOCANTINS,Brasil,,,,Cerrado,33,17,1720903,8,,221_069,11.1,POINT(-46.65857 -12.4385)
1815256572,a25ceef6-db82-318f-9569-708e8d7a6d33,-49.71557,-11.16682,2026-04-23 18:32:00+00:00,2026-04-23,AQUA_M-T,DUERÉ,TOCANTINS,Brasil,,,,Cerrado,33,17,1707306,8,,223_068,14.5,POINT(-49.71557 -11.16682)
1815256566,6f9b1b52-6589-3e89-8927-e87c539daf7b,-44.99505,-10.60607,2026-04-23 18:32:00+00:00,2026-04-23,AQUA_M-T,CORRENTE,PIAUÍ,Brasil,,,,Cerrado,33,22,2202901,8,,220_067,5.2,POINT(-44.99505 -10.60607)
1815256516,4bc03cdd-2ce0-3bd5-a4ce-29767ab0e085,-46.64611,-11.75513,2026-04-23 18:32:00+00:00,2026-04-23,AQUA_M-T,NOVO JARDIM,TOCANTINS,Brasil,,,,Cerrado,33,17,1715259,8,,221_068,23.8,POINT(-46.64611 -11.75513)
1815256500,c4b10000-73e9-37eb-b425-d71ace8bd8a5,-48.26824,-12.53573,2026-04-23 18:32:00+00:00,2026-04-23,AQUA_M-T,SÃO SALVADOR DO TOCANTINS,TOCANTINS,Brasil,,,,Cerrado,33,17,1720259,8,,222_069,6.0,POINT(-48.26824 -12.53573)
1815256495,f45a3fa6-8e96-3389-b557-f3f8b36816fd,-46.9716,-11.17356,2026-04-23 18:32:00+00:00,2026-04-23,AQUA_M-T,ALMAS,TOCANTINS,Brasil,,,,Cerrado,33,17,1700400,8,,221_068,36.5,POINT(-46.9716 -11.17356)
1815256478,723715b2-b7fc-3fce-b0be-acb6a3b1b302,-44.93401,-10.41204,2026-04-23 18:32:00+00:00,2026-04-23,AQUA_M-T,CORRENTE,PIAUÍ,Brasil,,,,Cerrado,33,22,2202901,8,,220_067,28.5,POINT(-44.93401 -10.41204)
1815256465,483bbd97-6f9d-3ce6-8267-be2fd48ed86c,-46.87593,-12.40534,2026-04-23 18:32:00+00:00,2026-04-23,AQUA_M-T,TAGUATINGA,TOCANTINS,Brasil,,,,Cerrado,33,17,1720903,8,,221_069,18.8,POINT(-46.87593 -12.40534)
1815256460,aaaa89db-69a7-38e0-9a4c-2b658995dc1a,-46.88518,-12.40668,2026-04-23 18:32:00+00:00,2026-04-23,AQUA_M-T,TAGUATINGA,TOCANTINS,Brasil,,,,Cerrado,33,17,1720903,8,,221_069,20.4,POINT(-46.88518 -12.40668)
1815256454,49571dd4-19ff-329b-8c22-e35e81c8437b,-46.88928,-11.07899,2026-04-23 18:32:00+00:00,2026-04-23,AQUA_M-T,PONTE ALTA DO TOCANTINS,TOCANTINS,Brasil,,,,Cerrado,33,17,1717909,8,,221_068,117.5,POINT(-46.88928 -11.07899)
1815256437,cdf7cd5d-a17d-34c0-984b-c9030a4148f9,-48.84475,-10.95744,2026-04-23 18:32:00+00:00,2026-04-23,AQUA_M-T,FÁTIMA,TOCANTINS,Brasil,,,,Cerrado,33,17,1707553,8,,222_068,36.5,POINT(-48.84475 -10.95744)
1815256390,32cf9265-5fef-38fc-ba22-881dc12d6e27,-48.26825,-12.53572,2026-04-23 18:32:00+00:00,2026-04-23,AQUA_M-T,SÃO SALVADOR DO TOCANTINS,TOCANTINS,Brasil,,,,Cerrado,33,17,1720259,8,,222_069,6.0,POINT(-48.26825 -12.53572)
1815256350,02b7a6d5-04d0-3f8f-ad33-01bae319275f,-45.21369,-12.06928,2026-04-23 18:32:00+00:00,2026-04-23,AQUA_M-T,BARREIRAS,BAHIA,Brasil,,,,Cerrado,33,29,2903201,8,,220_068,68.7,POINT(-45.21369 -12.06928)
1815256338,3501768d-7f4e-3106-aed4-ee9c73eb41cb,-45.22406,-12.06182,2026-04-23 18:32:00+00:00,2026-04-23,AQUA_M-T,BARREIRAS,BAHIA,Brasil,,,,Cerrado,33,29,2903201,8,,220_068,12.3,POINT(-45.22406 -12.06182)
1815256316,897efc9c-0d47-33e7-b002-045554fcbbe3,-45.21368,-12.06929,2026-04-23 18:32:00+00:00,2026-04-23,AQUA_M-T,BARREIRAS,BAHIA,Brasil,,,,Cerrado,33,29,2903201,8,,220_068,68.7,POINT(-45.21368 -12.06929)
1815256308,ce05bead-052e-3244-856d-847fc1f88607,-49.69747,-11.80836,2026-04-23 18:32:00+00:00,2026-04-23,AQUA_M-T,FORMOSO DO ARAGUAIA,TOCANTINS,Brasil,,,,Cerrado,33,17,1708205,8,,223_068,9.2,POINT(-49.69747 -11.80836)
1815256267,4c6a92a4-7b66-3404-b86f-1211012b36d3,-51.83138,-11.32064,2026-04-23 18:32:00+00:00,2026-04-23,AQUA_M-T,CANABRAVA DO NORTE,MATO GROSSO,Brasil,,,,Amazônia,33,51,5102694,8,,224_068,14.0,POINT(-51.83138 -11.32064)
1815256246,2234ad3e-2e1c-3c31-a768-e38a1731ebdf,-46.67785,-9.17482,2026-04-23 18:32:00+00:00,2026-04-23,AQUA_M-T,BALSAS,MARANHÃO,Brasil,,,,Cerrado,33,21,2101400,8,,221_066,12.0,POINT(-46.67785 -9.17482)
1815256223,a086914b-cd5a-32bf-9c2d-2b1647416698,-47.0929,-7.11064,2026-04-23 18:32:00+00:00,2026-04-23,AQUA_M-T,CAROLINA,MARANHÃO,Brasil,,,,Cerrado,33,21,2102804,8,,222_065,46.7,POINT(-47.0929 -7.11064)
1815256206,24612433-b660-351a-a5b5-b3eb2f4a417e,-43.63313,-11.77403,2026-04-23 18:32:00+00:00,2026-04-23,AQUA_M-T,BARRA,BAHIA,Brasil,,,,Cerrado,33,29,2902708,8,,219_068,58.3,POINT(-43.63313 -11.77403)
1815256192,67df31f1-28c3-369c-94e1-6160ed8fb541,-50.92312,-11.00453,2026-04-23 18:32:00+00:00,2026-04-23,AQUA_M-T,LUCIARA,MATO GROSSO,Brasil,,,,Cerrado,33,51,5105309,8,,224_068,24.1,POINT(-50.92312 -11.00453)
1815256171,fd6f4eb4-47ef-3ec6-b321-e095da3c132e,-46.67783,-9.17482,2026-04-23 18:32:00+00:00,2026-04-23,AQUA_M-T,BALSAS,MARANHÃO,Brasil,,,,Cerrado,33,21,2101400,8,,221_066,12.0,POINT(-46.67783 -9.17482)
1815256170,3fe23cd5-2838-355f-b404-ea613154bc07,-49.69745,-11.80836,2026-04-23 18:32:00+00:00,2026-04-23,AQUA_M-T,FORMOSO DO ARAGUAIA,TOCANTINS,Brasil,,,,Cerrado,33,17,1708205,8,,223_068,9.2,POINT(-49.69745 -11.80836)
1815256168,264d413d-fa1f-3cd7-bc6d-6f3c32e530f6,-45.22408,-12.06181,2026-04-23 18:32:00+00:00,2026-04-23,AQUA_M-T,BARREIRAS,BAHIA,Brasil,,,,Cerrado,33,29,2903201,8,,220_068,12.3,POINT(-45.22408 -12.06181)
1815256130,599f9b5d-5dd5-34cf-bf05-78f9d9deb9b6,-46.75509,-11.93721,2026-04-23 18:32:00+00:00,2026-04-23,AQUA_M-T,NOVO JARDIM,TOCANTINS,Brasil,,,,Cerrado,33,17,1715259,8,,221_068,6.8,POINT(-46.75509 -11.93721)
1815256124,c98478b8-474a-3096-af5a-66a11a059b54,-44.62844,-11.1328,2026-04-23 18:32:00+00:00,2026-04-23,AQUA_M-T,SANTA RITA DE CÁSSIA,BAHIA,Brasil,,,,Cerrado,33,29,2928406,8,,220_068,16.0,POINT(-44.62844 -11.1328)
1815256100,287d7b79-cf5b-34ef-85f2-1789c326d6f8,-47.08412,-7.10936,2026-04-23 18:32:00+00:00,2026-04-23,AQUA_M-T,CAROLINA,MARANHÃO,Brasil,,,,Cerrado,33,21,2102804,8,,222_065,7.2,POINT(-47.08412 -7.10936)
1815256093,2f362989-61e0-36ee-98b1-3e1b02347c00,-46.97161,-11.17355,2026-04-23 18:32:00+00:00,2026-04-23,AQUA_M-T,ALMAS,TOCANTINS,Brasil,,,,Cerrado,33,17,1700400,8,,221_068,36.5,POINT(-46.97161 -11.17355)
1815256080,816273af-972c-3318-975a-028d2a3f84f6,-51.42967,-11.55506,2026-04-23 18:32:00+00:00,2026-04-23,AQUA_M-T,SÃO FÉLIX DO ARAGUAIA,MATO GROSSO,Brasil,,,,Cerrado,33,51,5107859,8,,224_068,29.7,POINT(-51.42967 -11.55506)
1815256043,76c91d68-f452-3ae2-8624-a2d4f30f6cb3,-48.62209,-9.18517,2026-04-23 18:32:00+00:00,2026-04-23,AQUA_M-T,FORTALEZA DO TABOCÃO,TOCANTINS,Brasil,,,,Cerrado,33,17,1708254,8,,222_066,8.1,POINT(-48.62209 -9.18517)
1815256021,6b40bf8b-62cf-3ab7-bee8-ece5d2041530,-51.41296,-11.55283,2026-04-23 18:32:00+00:00,2026-04-23,AQUA_M-T,SÃO FÉLIX DO ARAGUAIA,MATO GROSSO,Brasil,,,,Cerrado,33,51,5107859,8,,224_068,27.0,POINT(-51.41296 -11.55283)
1815255936,a6c64bb9-94e1-3e9c-9ec9-f3a98e817472,-45.40594,-9.52256,2026-04-23 18:32:00+00:00,2026-04-23,AQUA_M-T,GILBUÉS,PIAUÍ,Brasil,,,,Cerrado,33,22,2204402,8,,220_067,4.2,POINT(-45.40594 -9.52256)
1815255909,d328c5ec-b20f-3b8d-9bc2-8ae69f287a26,-44.93399,-10.41205,2026-04-23 18:32:00+00:00,2026-04-23,AQUA_M-T,CORRENTE,PIAUÍ,Brasil,,,,Cerrado,33,22,2202901,8,,220_067,28.5,POINT(-44.93399 -10.41205)
1815255878,7f601112-a53d-3129-91e9-7f885254f471,-51.41298,-11.55283,2026-04-23 18:32:00+00:00,2026-04-23,AQUA_M-T,SÃO FÉLIX DO ARAGUAIA,MATO GROSSO,Brasil,,,,Cerrado,33,51,5107859,8,,224_068,27.0,POINT(-51.41298 -11.55283)
1815255872,b915f57f-4dbd-3811-bae9-2ec79010a0e9,-46.92238,-11.13026,2026-04-23 18:32:00+00:00,2026-04-23,AQUA_M-T,PONTE ALTA DO TOCANTINS,TOCANTINS,Brasil,,,,Cerrado,33,17,1717909,8,,221_068,15.0,POINT(-46.92238 -11.13026)
1815255753,2e839bc2-da1d-3208-966d-39a99ebee2e6,-46.97297,-11.16468,2026-04-23 18:32:00+00:00,2026-04-23,AQUA_M-T,ALMAS,TOCANTINS,Brasil,,,,Cerrado,33,17,1700400,8,,221_068,13.1,POINT(-46.97297 -11.16468)
1815255734,b1617c7f-c506-373a-b738-caa7e246a747,-44.94324,-10.41344,2026-04-23 18:32:00+00:00,2026-04-23,AQUA_M-T,CORRENTE,PIAUÍ,Brasil,,,,Cerrado,33,22,2202901,8,,220_067,6.0,POINT(-44.94324 -10.41344)
1815255724,68767fcd-703f-39d4-9fe4-d9ae60e5da58,-46.65856,-12.4385,2026-04-23 18:32:00+00:00,2026-04-23,AQUA_M-T,TAGUATINGA,TOCANTINS,Brasil,,,,Cerrado,33,17,1720903,8,,221_069,11.1,POINT(-46.65856 -12.4385)
1815255695,c41d61bf-f541-3aac-b2d4-98ac5360f0cc,-46.65516,-11.75643,2026-04-23 18:32:00+00:00,2026-04-23,AQUA_M-T,NOVO JARDIM,TOCANTINS,Brasil,,,,Cerrado,33,17,1715259,8,,221_068,7.2,POINT(-46.65516 -11.75643)
1815255663,9795ba9d-4731-3ba9-b5c9-6c27f2c5d894,-46.87889,-11.08653,2026-04-23 18:32:00+00:00,2026-04-23,AQUA_M-T,PONTE ALTA DO TOCANTINS,TOCANTINS,Brasil,,,,Cerrado,33,17,1717909,8,,221_068,46.5,POINT(-46.87889 -11.08653)
1815254915,b0d7176b-14a5-3fe7-9f1b-468cd84f5973,-51.075,-17.4924,2026-04-23 18:40:00+00:00,2026-04-23,GOES-19,MONTIVIDIU,GOIÁS,Brasil,,,,Cerrado,33,52,5213756,8,,223_072,157.0,POINT(-51.075 -17.4924)
1815260379,9fd9aeac-9fe0-3350-8d3f-1a52adf24c04,-72.37284,-7.82509,2026-04-23 18:45:00+00:00,2026-04-23,NPP-375,CRUZEIRO DO SUL,ACRE,Brasil,,,,Amazônia,33,12,1200203,8,,005_065,14.2,POINT(-72.37284 -7.82509)
1815260235,cdd9f842-794c-3efc-af62-63241794f829,-72.36698,-7.68751,2026-04-23 18:45:00+00:00,2026-04-23,NPP-375,CRUZEIRO DO SUL,ACRE,Brasil,,,,Amazônia,33,12,1200203,8,,005_065,6.0,POINT(-72.36698 -7.68751)
1815255012,632138a3-2eae-32cd-8e56-3e5db93a3576,-51.075,-17.4924,2026-04-23 18:50:00+00:00,2026-04-23,GOES-19,MONTIVIDIU,GOIÁS,Brasil,,,,Cerrado,33,52,5213756,8,,223_072,102.1,POINT(-51.075 -17.4924)
1815255132,a29c3eaf-357c-330d-ab30-327696da87ca,-54.6075,-12.5504,2026-04-23 18:50:00+00:00,2026-04-23,GOES-19,NOVA UBIRATÃ,MATO GROSSO,Brasil,,,,Amazônia,33,51,5106240,8,,226_069,75.4,POINT(-54.6075 -12.5504)
1815255261,1a1d5732-4e39-389a-a880-cd575821e153,-51.0784,-17.4725,2026-04-23 19:00:00+00:00,2026-04-23,GOES-19,MONTIVIDIU,GOIÁS,Brasil,,,,Cerrado,33,52,5213756,8,,223_072,78.9,POINT(-51.0784 -17.4725)
1815255250,c94fd670-d7ed-3e9d-8ef3-0a17f9b75883,-51.075,-17.4924,2026-04-23 19:00:00+00:00,2026-04-23,GOES-19,MONTIVIDIU,GOIÁS,Brasil,,,,Cerrado,33,52,5213756,8,,223_072,96.1,POINT(-51.075 -17.4924)
1815255243,ab98f0c4-2dc6-3055-8684-62da37e8a2e4,-54.6075,-12.5504,2026-04-23 19:00:00+00:00,2026-04-23,GOES-19,NOVA UBIRATÃ,MATO GROSSO,Brasil,,,,Amazônia,33,51,5106240,8,,226_069,76.7,POINT(-54.6075 -12.5504)
1815255211,f2f1842c-99c2-3ecf-8f38-7652aa17889b,-51.1003,-17.472,2026-04-23 19:00:00+00:00,2026-04-23,GOES-19,MONTIVIDIU,GOIÁS,Brasil,,,,Cerrado,33,52,5213756,8,,223_072,70.9,POINT(-51.1003 -17.472)
1815255381,d57aa2d4-0c2e-351e-9d09-daf30160124b,-51.1003,-17.472,2026-04-23 19:20:00+00:00,2026-04-23,GOES-19,MONTIVIDIU,GOIÁS,Brasil,,,,Cerrado,33,52,5213756,8,,223_072,66.6,POINT(-51.1003 -17.472)
1815255382,e3fa350c-927c-3394-8483-4daeda51aaf2,-43.646,-11.7528,2026-04-23 19:20:00+00:00,2026-04-23,GOES-19,BARRA,BAHIA,Brasil,,,,Cerrado,33,29,2902708,8,,219_068,119.4,POINT(-43.646 -11.7528)
1815255399,505a3b0e-1c98-3f16-b3ab-02e6daba513c,-45.2074,-12.0695,2026-04-23 19:20:00+00:00,2026-04-23,GOES-19,BARREIRAS,BAHIA,Brasil,,,,Cerrado,33,29,2903201,8,,220_068,112.3,POINT(-45.2074 -12.0695)
1815255420,de01a634-11fc-3b35-aa33-dd2b21b05547,-51.0784,-17.4725,2026-04-23 19:20:00+00:00,2026-04-23,GOES-19,MONTIVIDIU,GOIÁS,Brasil,,,,Cerrado,33,52,5213756,8,,223_072,74.0,POINT(-51.0784 -17.4725)
1815255440,169e1628-5bc0-3cc9-b729-131abacc7b26,-51.075,-17.4924,2026-04-23 19:20:00+00:00,2026-04-23,GOES-19,MONTIVIDIU,GOIÁS,Brasil,,,,Cerrado,33,52,5213756,8,,223_072,99.8,POINT(-51.075 -17.4924)
1815255526,4b712a28-26ad-3541-a9b7-75e486df5009,-43.6193,-11.7725,2026-04-23 19:30:00+00:00,2026-04-23,GOES-19,BARRA,BAHIA,Brasil,,,,Cerrado,33,29,2902708,8,,219_068,105.9,POINT(-43.6193 -11.7725)
1815255513,5f1b20e6-5567-31b0-adda-efd69bc82c1a,-45.2074,-12.0695,2026-04-23 19:30:00+00:00,2026-04-23,GOES-19,BARREIRAS,BAHIA,Brasil,,,,Cerrado,33,29,2903201,8,,220_068,89.6,POINT(-45.2074 -12.0695)
1815255499,099ac058-8dcc-34cd-9b0e-bc212566279c,-51.075,-17.4924,2026-04-23 19:30:00+00:00,2026-04-23,GOES-19,MONTIVIDIU,GOIÁS,Brasil,,,,Cerrado,33,52,5213756,8,,223_072,102.8,POINT(-51.075 -17.4924)
1815255525,504250c7-ab0e-3013-8316-7d6b039b932f,-51.097,-17.4919,2026-04-23 19:30:00+00:00,2026-04-23,GOES-19,MONTIVIDIU,GOIÁS,Brasil,,,,Cerrado,33,52,5213756,8,,223_072,105.2,POINT(-51.097 -17.4919)
1815255529,80e05784-4964-30b4-9a38-8f97ca4d7cc4,-43.646,-11.7528,2026-04-23 19:30:00+00:00,2026-04-23,GOES-19,BARRA,BAHIA,Brasil,,,,Cerrado,33,29,2902708,8,,219_068,107.4,POINT(-43.646 -11.7528)
1815255516,8a554158-53c5-3bf4-915b-4e88c33a2ebc,-43.643,-11.772,2026-04-23 19:30:00+00:00,2026-04-23,GOES-19,BARRA,BAHIA,Brasil,,,,Cerrado,33,29,2902708,8,,219_068,167.9,POINT(-43.643 -11.772)
1815255537,396cab43-e448-3ab5-83f4-f4d542403528,-51.075,-17.4924,2026-04-23 19:40:00+00:00,2026-04-23,GOES-19,MONTIVIDIU,GOIÁS,Brasil,,,,Cerrado,33,52,5213756,8,,223_072,77.0,POINT(-51.075 -17.4924)
1815255593,873a46c1-48eb-3ac8-9a5d-8e037d1fb2a6,-43.643,-11.772,2026-04-23 19:40:00+00:00,2026-04-23,GOES-19,BARRA,BAHIA,Brasil,,,,Cerrado,33,29,2902708,8,,219_068,159.9,POINT(-43.643 -11.772)
1815255534,8cd34f05-ca72-3b4b-991b-35ece8ad7253,-51.097,-17.4919,2026-04-23 19:40:00+00:00,2026-04-23,GOES-19,MONTIVIDIU,GOIÁS,Brasil,,,,Cerrado,33,52,5213756,8,,223_072,80.7,POINT(-51.097 -17.4919)
1815255533,0fe114f1-96fe-3b0e-9e9f-c49a3cd34da4,-43.646,-11.7528,2026-04-23 19:40:00+00:00,2026-04-23,GOES-19,BARRA,BAHIA,Brasil,,,,Cerrado,33,29,2902708,8,,219_068,130.6,POINT(-43.646 -11.7528)
1815256335,468b5fe8-36a8-304e-8d0e-90ae14b6bc6f,-51.097,-17.4919,2026-04-23 19:50:00+00:00,2026-04-23,GOES-19,MONTIVIDIU,GOIÁS,Brasil,,,,Cerrado,33,52,5213756,8,,223_072,74.8,POINT(-51.097 -17.4919)
1815256818,6084d167-7540-354a-971a-55c8aa4edcad,-51.075,-17.4924,2026-04-23 19:50:00+00:00,2026-04-23,GOES-19,MONTIVIDIU,GOIÁS,Brasil,,,,Cerrado,33,52,5213756,8,,223_072,73.5,POINT(-51.075 -17.4924)
1815257591,018057e2-f712-3068-a02e-22c4037b244b,-43.6193,-11.7725,2026-04-23 19:50:00+00:00,2026-04-23,GOES-19,BARRA,BAHIA,Brasil,,,,Cerrado,33,29,2902708,8,,219_068,97.4,POINT(-43.6193 -11.7725)
1815256610,c4ee5425-6a6b-3420-b9d9-a4a3d7e190d8,-43.643,-11.772,2026-04-23 19:50:00+00:00,2026-04-23,GOES-19,BARRA,BAHIA,Brasil,,,,Cerrado,33,29,2902708,8,,219_068,160.9,POINT(-43.643 -11.772)
1815255788,e38d8c06-0689-3dbf-8e95-5b52c6d66fe5,-43.646,-11.7528,2026-04-23 19:50:00+00:00,2026-04-23,GOES-19,BARRA,BAHIA,Brasil,,,,Cerrado,33,29,2902708,8,,219_068,104.6,POINT(-43.646 -11.7528)
1815258468,270a49c4-39d9-3e16-9352-c342b158d18a,-43.6193,-11.7725,2026-04-23 20:00:00+00:00,2026-04-23,GOES-19,BARRA,BAHIA,Brasil,,,,Cerrado,33,29,2902708,8,,219_068,105.6,POINT(-43.6193 -11.7725)
1815258424,94b1823a-4459-34fc-8ae7-02df7b0a95de,-43.643,-11.772,2026-04-23 20:00:00+00:00,2026-04-23,GOES-19,BARRA,BAHIA,Brasil,,,,Cerrado,33,29,2902708,8,,219_068,178.7,POINT(-43.643 -11.772)
1815258442,89865d40-5252-3266-97c9-cf24526f9a3f,-43.646,-11.7528,2026-04-23 20:00:00+00:00,2026-04-23,GOES-19,BARRA,BAHIA,Brasil,,,,Cerrado,33,29,2902708,8,,219_068,105.8,POINT(-43.646 -11.7528)
1815258485,a0757a00-9001-3c1c-b707-b9f5f3ccedf3,-43.643,-11.772,2026-04-23 20:10:00+00:00,2026-04-23,GOES-19,BARRA,BAHIA,Brasil,,,,Cerrado,33,29,2902708,8,,219_068,117.3,POINT(-43.643 -11.772)
1815258523,c1330419-cd76-356e-8693-9e2f39fbf035,-46.5734,-10.7482,2026-04-23 20:20:00+00:00,2026-04-23,GOES-19,MATEIROS,TOCANTINS,Brasil,,,,Cerrado,33,17,1712702,8,,221_067,100.4,POINT(-46.5734 -10.7482)
1815258572,83f5cec3-71c5-3767-8f54-f5fd56a06912,-43.643,-11.772,2026-04-23 20:30:00+00:00,2026-04-23,GOES-19,BARRA,BAHIA,Brasil,,,,Cerrado,33,29,2902708,8,,219_068,92.4,POINT(-43.643 -11.772)
1815258586,b1460601-b5ec-3975-a448-18bca5df6592,-46.5734,-10.7482,2026-04-23 20:30:00+00:00,2026-04-23,GOES-19,MATEIROS,TOCANTINS,Brasil,,,,Cerrado,33,17,1712702,8,,221_067,133.8,POINT(-46.5734 -10.7482)
1815258652,cab9320c-5139-34b5-b0f1-5641e0581b6a,-43.646,-11.7528,2026-04-23 20:40:00+00:00,2026-04-23,GOES-19,BARRA,BAHIA,Brasil,,,,Cerrado,33,29,2902708,8,,219_068,120.6,POINT(-43.646 -11.7528)
1815258644,d595f3bc-a843-3fb6-95b0-fc5ee5963824,-43.643,-11.772,2026-04-23 20:40:00+00:00,2026-04-23,GOES-19,BARRA,BAHIA,Brasil,,,,Cerrado,33,29,2902708,8,,219_068,137.8,POINT(-43.643 -11.772)
1815263788,7c5848cd-fbd1-378f-be35-0f7995006d81,-43.1342,-21.1386,2026-04-23 21:20:00+00:00,2026-04-23,GOES-19,SILVEIRÂNIA,MINAS GERAIS,Brasil,,,,Mata Atlântica,33,31,3167301,8,,217_075,63.8,POINT(-43.1342 -21.1386)
1815263840,76348724-b701-390f-98b0-9808e5e74377,-43.6193,-11.7725,2026-04-23 21:30:00+00:00,2026-04-23,GOES-19,BARRA,BAHIA,Brasil,,,,Cerrado,33,29,2902708,8,,219_068,71.1,POINT(-43.6193 -11.7725)
1815263838,1b931d64-9f81-336f-bd61-a946aa603dd3,-43.643,-11.772,2026-04-23 21:30:00+00:00,2026-04-23,GOES-19,BARRA,BAHIA,Brasil,,,,Cerrado,33,29,2902708,8,,219_068,135.5,POINT(-43.643 -11.772)
1815263814,7bcc41e2-6749-39fe-8b14-69dc3be00e79,-43.646,-11.7528,2026-04-23 21:30:00+00:00,2026-04-23,GOES-19,BARRA,BAHIA,Brasil,,,,Cerrado,33,29,2902708,8,,219_068,123.7,POINT(-43.646 -11.7528)
1815263819,515658f2-a3b8-3732-8816-c431980ed0fb,-43.8644,-11.8639,2026-04-23 21:30:00+00:00,2026-04-23,GOES-19,WANDERLEY,BAHIA,Brasil,,,,Cerrado,33,29,2933455,8,,219_068,63.4,POINT(-43.8644 -11.8639)
1815263824,c0075349-63eb-3e7b-bd2e-db5f364de6e5,-43.6223,-11.7532,2026-04-23 21:30:00+00:00,2026-04-23,GOES-19,BARRA,BAHIA,Brasil,,,,Cerrado,33,29,2902708,8,,219_068,67.3,POINT(-43.6223 -11.7532)
1815263868,3721cddd-7ae7-3b3e-bce4-be8bc4147fae,-43.6193,-11.7725,2026-04-23 21:40:00+00:00,2026-04-23,GOES-19,BARRA,BAHIA,Brasil,,,,Cerrado,33,29,2902708,8,,219_068,82.9,POINT(-43.6193 -11.7725)
1815263867,2561bdcd-d94b-36da-a083-74665beb9db5,-43.8644,-11.8639,2026-04-23 21:40:00+00:00,2026-04-23,GOES-19,WANDERLEY,BAHIA,Brasil,,,,Cerrado,33,29,2933455,8,,219_068,66.3,POINT(-43.8644 -11.8639)
1815263860,c7cb643d-09ec-30e4-974c-6a8c41aaec6b,-43.643,-11.772,2026-04-23 21:40:00+00:00,2026-04-23,GOES-19,BARRA,BAHIA,Brasil,,,,Cerrado,33,29,2902708,8,,219_068,131.7,POINT(-43.643 -11.772)
1815263848,5d80437e-6ce5-3ca7-b19a-e47ddacb6b74,-43.646,-11.7528,2026-04-23 21:40:00+00:00,2026-04-23,GOES-19,BARRA,BAHIA,Brasil,,,,Cerrado,33,29,2902708,8,,219_068,90.6,POINT(-43.646 -11.7528)
1815263845,f8d60bd5-2381-3df4-9fe7-bc4cfdf032b9,-43.6223,-11.7532,2026-04-23 21:40:00+00:00,2026-04-23,GOES-19,BARRA,BAHIA,Brasil,,,,Cerrado,33,29,2902708,8,,219_068,60.8,POINT(-43.6223 -11.7532)
1815264082,46d31376-b114-3ce8-a146-fd84ef8d4fa1,-43.646,-11.7528,2026-04-23 21:50:00+00:00,2026-04-23,GOES-19,BARRA,BAHIA,Brasil,,,,Cerrado,33,29,2902708,8,,219_068,66.3,POINT(-43.646 -11.7528)
1815264764,8057d583-a18d-37ab-a727-059a17cce495,-43.643,-11.772,2026-04-23 21:50:00+00:00,2026-04-23,GOES-19,BARRA,BAHIA,Brasil,,,,Cerrado,33,29,2902708,8,,219_068,74.2,POINT(-43.643 -11.772)
1815264937,3576f4af-23c5-355e-b909-30f7ca020b99,-52.92,-18.2854,2026-04-23 22:00:00+00:00,2026-04-23,GOES-19,MINEIROS,GOIÁS,Brasil,,,,Cerrado,33,52,5213103,8,,224_073,87.0,POINT(-52.92 -18.2854)
1815267733,4c15754f-c5cb-38fb-b636-86ebda217d18,-43.643,-11.772,2026-04-23 22:00:00+00:00,2026-04-23,GOES-19,BARRA,BAHIA,Brasil,,,,Cerrado,33,29,2902708,8,,219_068,70.0,POINT(-43.643 -11.772)
1815274965,522c0b1e-252b-3a34-83d1-1fae987427d4,-43.6193,-11.7725,2026-04-23 22:10:00+00:00,2026-04-23,GOES-19,BARRA,BAHIA,Brasil,,,,Cerrado,33,29,2902708,8,,219_068,68.8,POINT(-43.6193 -11.7725)
1815274953,c2e5e07c-c977-37e7-ace4-d0c9e82ef467,-52.92,-18.2854,2026-04-23 22:10:00+00:00,2026-04-23,GOES-19,MINEIROS,GOIÁS,Brasil,,,,Cerrado,33,52,5213103,8,,224_073,93.3,POINT(-52.92 -18.2854)
1815274976,aa6d2807-5f60-3172-9bde-dd00711c3ff3,-43.643,-11.772,2026-04-23 22:10:00+00:00,2026-04-23,GOES-19,BARRA,BAHIA,Brasil,,,,Cerrado,33,29,2902708,8,,219_068,130.1,POINT(-43.643 -11.772)
1815274973,ad0ddaaf-a1e0-310d-ae56-794316b9cddb,-43.646,-11.7528,2026-04-23 22:10:00+00:00,2026-04-23,GOES-19,BARRA,BAHIA,Brasil,,,,Cerrado,33,29,2902708,8,,219_068,98.8,POINT(-43.646 -11.7528)
1815274908,a8b0b020-4670-3600-a6d5-53afda4007b6,-43.643,-11.772,2026-04-23 22:20:00+00:00,2026-04-23,GOES-19,BARRA,BAHIA,Brasil,,,,Cerrado,33,29,2902708,8,,219_068,105.1,POINT(-43.643 -11.772)
1815274912,7411a519-7f9e-3977-b96f-00fa342db094,-52.92,-18.2854,2026-04-23 22:20:00+00:00,2026-04-23,GOES-19,MINEIROS,GOIÁS,Brasil,,,,Cerrado,33,52,5213103,8,,224_073,152.1,POINT(-52.92 -18.2854)
1815274920,542d480e-6253-3a07-ba9d-cc71e46a5498,-43.646,-11.7528,2026-04-23 22:20:00+00:00,2026-04-23,GOES-19,BARRA,BAHIA,Brasil,,,,Cerrado,33,29,2902708,8,,219_068,77.1,POINT(-43.646 -11.7528)
1815274909,4d3f2f37-dcc9-3677-b09b-c3418a6e481d,-52.8983,-18.2858,2026-04-23 22:20:00+00:00,2026-04-23,GOES-19,MINEIROS,GOIÁS,Brasil,,,,Cerrado,33,52,5213103,8,,224_073,86.7,POINT(-52.8983 -18.2858)
1815277880,d1354ed4-15dd-3f66-8533-2df005995055,-52.92,-18.2854,2026-04-23 23:00:00+00:00,2026-04-23,GOES-19,MINEIROS,GOIÁS,Brasil,,,,Cerrado,33,52,5213103,8,,224_073,80.3,POINT(-52.92 -18.2854)
1815281785,7f669f33-e05f-3ce0-81ed-f7fe88a60cde,-52.8983,-18.2858,2026-04-23 23:00:00+00:00,2026-04-23,GOES-19,MINEIROS,GOIÁS,Brasil,,,,Cerrado,33,52,5213103,8,,224_073,94.7,POINT(-52.8983 -18.2858)
1815284870,2daddd29-9099-364b-8d3c-2a81d69ff077,-44.0,-11.9638,2026-04-23 23:30:00+00:00,2026-04-23,METOP-B,WANDERLEY,BAHIA,Brasil,,,,Cerrado,33,29,2933455,8,,219_068,,POINT(-44 -11.9638)
1815285574,af4f5492-381e-3dc2-92ae-f74aaa13451c,-43.6381,-11.7673,2026-04-23 23:30:00+00:00,2026-04-23,METOP-B,BARRA,BAHIA,Brasil,,,,Cerrado,33,29,2902708,8,,219_068,,POINT(-43.6381 -11.7673)
1815285543,d8cf8ac3-72e3-341a-9ff4-31e2408ebf2b,-37.893002,-4.3681,2026-04-23 23:30:00+00:00,2026-04-23,METOP-B,BEBERIBE,CEARÁ,Brasil,,,,Caatinga,33,23,2302206,8,,216_063,,POINT(-37.893002 -4.3681)
1815285284,75f0a3ac-ef24-31dd-8a09-c40d50e868f8,-44.619701,-12.2828,2026-04-23 23:30:00+00:00,2026-04-23,METOP-B,CATOLÂNDIA,BAHIA,Brasil,,,,Cerrado,33,29,2907400,8,,219_069,,POINT(-44.619701 -12.2828)
1815285319,bbddd4f3-47de-3818-94e3-9b26c760018e,-43.367401,-11.9562,2026-04-23 23:30:00+00:00,2026-04-23,METOP-B,MUQUÉM DO SÃO FRANCISCO,BAHIA,Brasil,,,,Cerrado,33,29,2922250,8,,219_068,,POINT(-43.367401 -11.9562)
1815286337,0d1f3606-6fe4-33a4-bb02-7cf7865d4b3d,-44.805698,-10.9983,2026-04-23 23:30:00+00:00,2026-04-23,METOP-B,SANTA RITA DE CÁSSIA,BAHIA,Brasil,,,,Cerrado,33,29,2928406,8,,220_068,,POINT(-44.805698 -10.9983)
1815286086,bdfad898-3e25-3bf9-93e6-b837909421ce,-44.607101,-12.2803,2026-04-23 23:30:00+00:00,2026-04-23,METOP-B,CATOLÂNDIA,BAHIA,Brasil,,,,Cerrado,33,29,2907400,8,,219_069,,POINT(-44.607101 -12.2803)
1815285291,3f85271d-705a-3106-92f7-9ce8a7fecc44,-37.9006,-4.3699,2026-04-23 23:30:00+00:00,2026-04-23,METOP-B,BEBERIBE,CEARÁ,Brasil,,,,Caatinga,33,23,2302206,8,,216_063,,POINT(-37.9006 -4.3699)
1815282742,29d34891-6b3d-33b5-8af0-7b7d7f192e08,-43.643,-11.772,2026-04-23 23:30:00+00:00,2026-04-23,GOES-19,BARRA,BAHIA,Brasil,,,,Cerrado,33,29,2902708,8,,219_068,68.4,POINT(-43.643 -11.772)
1815286730,9b1791a9-1b61-3a5d-a235-176eaec6d91d,-44.793301,-10.9958,2026-04-23 23:30:00+00:00,2026-04-23,METOP-B,SANTA RITA DE CÁSSIA,BAHIA,Brasil,,,,Cerrado,33,29,2928406,8,,220_068,,POINT(-44.793301 -10.9958)
1815282741,a44bf1df-994b-39b2-9623-24c804248b46,-43.646,-11.7528,2026-04-23 23:30:00+00:00,2026-04-23,GOES-19,BARRA,BAHIA,Brasil,,,,Cerrado,33,29,2902708,8,,219_068,61.0,POINT(-43.646 -11.7528)
1815282765,11c382e9-73ed-3b98-8851-02cdc7591930,-51.6409,-23.6601,2026-04-23 23:40:00+00:00,2026-04-23,GOES-19,JANDAIA DO SUL,PARANÁ,Brasil,,,,Mata Atlântica,33,41,4112108,8,,222_076,72.6,POINT(-51.6409 -23.6601)
1815282803,478c6b92-aa27-32c6-8123-27a44190182c,-43.646,-11.7528,2026-04-24 00:00:00+00:00,2026-04-24,GOES-19,BARRA,BAHIA,Brasil,,,,Cerrado,33,29,2902708,8,,219_068,75.6,POINT(-43.646 -11.7528)
1815282831,c67e29ac-3acd-396c-9687-c4f2b2d9053c,-43.643,-11.772,2026-04-24 00:00:00+00:00,2026-04-24,GOES-19,BARRA,BAHIA,Brasil,,,,Cerrado,33,29,2902708,8,,219_068,80.6,POINT(-43.643 -11.772)
