id_foco_bdq,foco_id,longitude,latitude,data_hora_gmt,data_pas,satelite,municipio,estado,pais,precipitacao,numero_dias_sem_chuva,risco_fogo,bioma,id_0,id_1,id_2,continente_id,vegetacao,grade_wrs,frp,geometry_wkt
1815018198,d202fea3-d02f-3c3d-8d8b-617ff781ae39,-43.650101,-11.7712,2026-04-22 00:11:00+00:00,2026-04-22,METOP-B,BARRA,BAHIA,Brasil,,,,Cerrado,33,29,2902708,8,,219_068,,POINT(-43.650101 -11.7712)
1815017942,501a6836-99c4-3072-a6cd-aaf47c03180d,-48.422401,-21.7152,2026-04-22 00:11:00+00:00,2026-04-22,METOP-B,GAVIÃO PEIXOTO,SÃO PAULO,Brasil,,,,Cerrado,33,35,3516853,8,,220_075,,POINT(-48.422401 -21.7152)
1815017941,1dffb96a-d36b-3094-9110-c18fcf109bee,-48.8871,-21.533899,2026-04-22 00:11:00+00:00,2026-04-22,METOP-B,ITÁPOLIS,SÃO PAULO,Brasil,,,,Cerrado,33,35,3522703,8,,221_075,,POINT(-48.8871 -21.533899)
1815017377,524c0a96-1625-38d4-9d53-40af3572344c,-45.325401,-13.3827,2026-04-22 00:11:00+00:00,2026-04-22,METOP-B,CORRENTINA,BAHIA,Brasil,,,,Cerrado,33,29,2909307,8,,220_069,,POINT(-45.325401 -13.3827)
1815017886,367bc004-a5c8-32ed-bfcf-6f1d1c5f95d8,-52.1362,-12.6383,2026-04-22 00:11:00+00:00,2026-04-22,METOP-B,QUERÊNCIA,MATO GROSSO,Brasil,,,,Amazônia,33,51,5107065,8,,224_069,,POINT(-52.1362 -12.6383)
1815017570,e72de5ae-026a-3b25-9f13-34e3df4e872e,-53.282902,-13.2546,2026-04-22 00:11:00+00:00,2026-04-22,METOP-B,GAÚCHA DO NORTE,MATO GROSSO,Brasil,,,,Amazônia,33,51,5103858,8,,225_069,,POINT(-53.282902 -13.2546)
1815017557,02680648-86da-3074-905a-0ec9c1558abf,-50.980099,-20.1644,2026-04-22 00:11:00+00:00,2026-04-22,METOP-B,RUBINÉIA,SÃO PAULO,Brasil,,,,Mata Atlântica,33,35,3544509,8,,222_074,,POINT(-50.980099 -20.1644)
1815017547,49338e81-4239-3da8-8f19-8748302aa3e0,-47.768799,-11.9994,2026-04-22 00:11:00+00:00,2026-04-22,METOP-B,NATIVIDADE,TOCANTINS,Brasil,,,,Cerrado,33,17,1714203,8,,221_068,,POINT(-47.768799 -11.9994)
1815017891,4bdd9238-353a-3b9e-a7cc-d99cc1d2a946,-53.619301,-13.2417,2026-04-22 00:11:00+00:00,2026-04-22,METOP-B,GAÚCHA DO NORTE,MATO GROSSO,Brasil,,,,Amazônia,33,51,5103858,8,,225_069,,POINT(-53.619301 -13.2417)
1815017464,f7a77c8d-bffe-38a2-8288-35b4377bf8fa,-47.7616,-11.9977,2026-04-22 00:11:00+00:00,2026-04-22,METOP-B,NATIVIDADE,TOCANTINS,Brasil,,,,Cerrado,33,17,1714203,8,,221_068,,POINT(-47.7616 -11.9977)
1815017536,6501799f-99bb-3776-8b87-5144fd9115ed,-53.285,-13.2449,2026-04-22 00:11:00+00:00,2026-04-22,METOP-B,GAÚCHA DO NORTE,MATO GROSSO,Brasil,,,,Amazônia,33,51,5103858,8,,225_069,,POINT(-53.285 -13.2449)
1815017935,24b221e1-98d3-36c4-8065-7c72a8e4762d,-44.4394,-13.6364,2026-04-22 00:11:00+00:00,2026-04-22,METOP-B,CORIBE,BAHIA,Brasil,,,,Cerrado,33,29,2909109,8,,219_069,,POINT(-44.4394 -13.6364)
1815017925,4d675c6a-509b-3909-b6f4-b09a01a56ef9,-44.626301,-12.2864,2026-04-22 00:11:00+00:00,2026-04-22,METOP-B,CATOLÂNDIA,BAHIA,Brasil,,,,Cerrado,33,29,2907400,8,,219_069,,POINT(-44.626301 -12.2864)
1815018147,4b9132a4-6c81-3e26-ad96-bc35715c9c2a,-45.3339,-13.3847,2026-04-22 00:11:00+00:00,2026-04-22,METOP-B,CORRENTINA,BAHIA,Brasil,,,,Cerrado,33,29,2909307,8,,220_069,,POINT(-45.3339 -13.3847)
1815017923,6aef2d0a-1d16-36ef-8208-c0426748451a,-44.616798,-12.2841,2026-04-22 00:11:00+00:00,2026-04-22,METOP-B,CATOLÂNDIA,BAHIA,Brasil,,,,Cerrado,33,29,2907400,8,,219_069,,POINT(-44.616798 -12.2841)
1815018184,277307fa-5b68-3319-a1c4-096237403483,-48.4146,-21.7136,2026-04-22 00:11:00+00:00,2026-04-22,METOP-B,GAVIÃO PEIXOTO,SÃO PAULO,Brasil,,,,Cerrado,33,35,3516853,8,,220_075,,POINT(-48.4146 -21.7136)
1815017735,0c99f38d-e160-306f-bcb7-0604a69130b2,-48.903198,-21.537201,2026-04-22 00:11:00+00:00,2026-04-22,METOP-B,ITÁPOLIS,SÃO PAULO,Brasil,,,,Cerrado,33,35,3522703,8,,221_075,,POINT(-48.903198 -21.537201)
1815018043,45028163-3d3a-3b77-b7fa-3db88674f4aa,-43.639099,-11.7685,2026-04-22 00:11:00+00:00,2026-04-22,METOP-B,BARRA,BAHIA,Brasil,,,,Cerrado,33,29,2902708,8,,219_068,,POINT(-43.639099 -11.7685)
1815018007,ae19efbb-e75c-335a-a941-45bea045a895,-48.620499,-20.864799,2026-04-22 00:11:00+00:00,2026-04-22,METOP-B,MONTE AZUL PAULISTA,SÃO PAULO,Brasil,,,,Cerrado,33,35,3531506,8,,221_074,,POINT(-48.620499 -20.864799)
1815018112,652aa8a2-8296-314e-bf08-a37715e48939,-53.6213,-13.2319,2026-04-22 00:11:00+00:00,2026-04-22,METOP-B,GAÚCHA DO NORTE,MATO GROSSO,Brasil,,,,Amazônia,33,51,5103858,8,,225_069,,POINT(-53.6213 -13.2319)
1815017965,390fc1cc-f05a-31b1-97fd-3ad70abe6f50,-48.8951,-21.5355,2026-04-22 00:11:00+00:00,2026-04-22,METOP-B,ITÁPOLIS,SÃO PAULO,Brasil,,,,Cerrado,33,35,3522703,8,,221_075,,POINT(-48.8951 -21.5355)
1815017619,68c89f23-6e5c-3422-9a21-a6d4a76d9733,-44.43,-13.6341,2026-04-22 00:11:00+00:00,2026-04-22,METOP-B,CORIBE,BAHIA,Brasil,,,,Cerrado,33,29,2909109,8,,219_069,,POINT(-44.43 -13.6341)
1815017955,fc5f821f-67ef-3ec0-abb0-bb74644f2402,-53.2729,-13.2525,2026-04-22 00:11:00+00:00,2026-04-22,METOP-B,GAÚCHA DO NORTE,MATO GROSSO,Brasil,,,,Amazônia,33,51,5103858,8,,225_069,,POINT(-53.2729 -13.2525)
1815017578,c8c1822d-4be4-385d-bb8c-f0f67faa4cd2,-48.612801,-20.863199,2026-04-22 00:11:00+00:00,2026-04-22,METOP-B,MONTE AZUL PAULISTA,SÃO PAULO,Brasil,,,,Cerrado,33,35,3531506,8,,221_074,,POINT(-48.612801 -20.863199)
1815017916,55974541-c630-3967-ac2e-a586a8767996,-48.6283,-20.8664,2026-04-22 00:11:00+00:00,2026-04-22,METOP-B,MONTE AZUL PAULISTA,SÃO PAULO,Brasil,,,,Mata Atlântica,33,35,3531506,8,,221_074,,POINT(-48.6283 -20.8664)
1815017872,578d2cdd-fd00-3cb8-9fca-7dff577f6b2e,-47.767899,-12.0043,2026-04-22 00:43:00+00:00,2026-04-22,METOP-C,NATIVIDADE,TOCANTINS,Brasil,,,,Cerrado,33,17,1714203,8,,221_068,,POINT(-47.767899 -12.0043)
1815018071,52352059-28d9-31fb-a109-c455612bc470,-44.448502,-13.6393,2026-04-22 00:43:00+00:00,2026-04-22,METOP-C,CORIBE,BAHIA,Brasil,,,,Cerrado,33,29,2909109,8,,219_069,,POINT(-44.448502 -13.6393)
1815018067,0304a3f5-37d7-31a1-9bfd-d7d0a5be5926,-44.439098,-13.637,2026-04-22 00:43:00+00:00,2026-04-22,METOP-C,CORIBE,BAHIA,Brasil,,,,Cerrado,33,29,2909109,8,,219_069,,POINT(-44.439098 -13.637)
1815017778,d21a4cc5-cdce-37f3-9301-60875e0b52e8,-53.295898,-13.2438,2026-04-22 00:43:00+00:00,2026-04-22,METOP-C,GAÚCHA DO NORTE,MATO GROSSO,Brasil,,,,Amazônia,33,51,5103858,8,,225_069,,POINT(-53.295898 -13.2438)
1815017680,a25f5f88-6b68-338e-b487-de54f25bda8e,-49.583,-18.4275,2026-04-22 00:43:00+00:00,2026-04-22,METOP-C,ITUMBIARA,GOIÁS,Brasil,,,,Mata Atlântica,33,52,5211503,8,,222_073,,POINT(-49.583 -18.4275)
1815017669,2afcea62-69d2-308f-a643-f1a7b8e3a1a4,-50.981899,-20.155001,2026-04-22 00:43:00+00:00,2026-04-22,METOP-C,RUBINÉIA,SÃO PAULO,Brasil,,,,Mata Atlântica,33,35,3544509,8,,222_074,,POINT(-50.981899 -20.155001)
1815017640,dc6803e2-7d33-360a-9d8a-15cf817b31f9,-50.991402,-20.1569,2026-04-22 00:43:00+00:00,2026-04-22,METOP-C,RUBINÉIA,SÃO PAULO,Brasil,,,,Mata Atlântica,33,35,3544509,8,,222_074,,POINT(-50.991402 -20.1569)
1815017622,d36b9978-557e-3999-a9fc-107e9ef82127,-47.775101,-12.006,2026-04-22 00:43:00+00:00,2026-04-22,METOP-C,NATIVIDADE,TOCANTINS,Brasil,,,,Cerrado,33,17,1714203,8,,221_068,,POINT(-47.775101 -12.006)
1815017910,4a124967-06cb-30e8-b077-d97ed9d69c9f,-49.5909,-18.429199,2026-04-22 00:43:00+00:00,2026-04-22,METOP-C,ITUMBIARA,GOIÁS,Brasil,,,,Mata Atlântica,33,52,5211503,8,,222_073,,POINT(-49.5909 -18.429199)
1815017577,8f65e071-7395-3c62-b67a-6361eec4d242,-43.6619,-11.7813,2026-04-22 00:43:00+00:00,2026-04-22,METOP-C,BARRA,BAHIA,Brasil,,,,Cerrado,33,29,2902708,8,,219_068,,POINT(-43.6619 -11.7813)
1815017576,86352453-8697-3f3e-9cde-3fde0d38ba25,-45.340099,-13.3883,2026-04-22 00:43:00+00:00,2026-04-22,METOP-C,CORRENTINA,BAHIA,Brasil,,,,Cerrado,33,29,2909307,8,,220_069,,POINT(-45.340099 -13.3883)
1815017510,7fb65d24-c27e-37ad-991e-6be60a1fcfc6,-49.575199,-18.4259,2026-04-22 00:43:00+00:00,2026-04-22,METOP-C,ITUMBIARA,GOIÁS,Brasil,,,,Mata Atlântica,33,52,5211503,8,,222_073,,POINT(-49.575199 -18.4259)
1815017494,b53861d1-52c6-3ae4-8b5c-2acd687c8683,-43.6399,-11.7759,2026-04-22 00:43:00+00:00,2026-04-22,METOP-C,BARRA,BAHIA,Brasil,,,,Cerrado,33,29,2902708,8,,219_068,,POINT(-43.6399 -11.7759)
1815017486,5fe4c868-2e41-3916-ba75-fc54dd5c0ab5,-47.760799,-12.0027,2026-04-22 00:43:00+00:00,2026-04-22,METOP-C,NATIVIDADE,TOCANTINS,Brasil,,,,Cerrado,33,17,1714203,8,,221_068,,POINT(-47.760799 -12.0027)
1815017483,d6d4a42d-61c3-31e4-b806-387e878617f6,-53.285801,-13.2417,2026-04-22 00:43:00+00:00,2026-04-22,METOP-C,GAÚCHA DO NORTE,MATO GROSSO,Brasil,,,,Amazônia,33,51,5103858,8,,225_069,,POINT(-53.285801 -13.2417)
1815017409,109f7f8d-eea8-3000-b3c7-d6dc53db9c6b,-46.833199,-17.1675,2026-04-22 00:43:00+00:00,2026-04-22,METOP-C,PARACATU,MINAS GERAIS,Brasil,,,,Cerrado,33,31,3147006,8,,220_072,,POINT(-46.833199 -17.1675)
1815017402,238f16ea-2eff-331d-abd4-90c28291ea8f,-47.473099,-15.2596,2026-04-22 00:43:00+00:00,2026-04-22,METOP-C,FORMOSA,GOIÁS,Brasil,,,,Cerrado,33,52,5208004,8,,221_071,,POINT(-47.473099 -15.2596)
1815017895,acf16d5c-ff99-3f0f-91a9-590c267415dc,-45.331699,-13.3863,2026-04-22 00:43:00+00:00,2026-04-22,METOP-C,CORRENTINA,BAHIA,Brasil,,,,Cerrado,33,29,2909307,8,,220_069,,POINT(-45.331699 -13.3863)
1815017888,15dbafd0-0cd8-3221-9573-6323bb1467fb,-45.225201,-12.0268,2026-04-22 00:43:00+00:00,2026-04-22,METOP-C,BARREIRAS,BAHIA,Brasil,,,,Cerrado,33,29,2903201,8,,220_068,,POINT(-45.225201 -12.0268)
1815018085,a93a98e9-eb52-3d0b-aa00-64493ebfc35a,-45.329201,-13.396,2026-04-22 00:43:00+00:00,2026-04-22,METOP-C,CORRENTINA,BAHIA,Brasil,,,,Cerrado,33,29,2909307,8,,220_069,,POINT(-45.329201 -13.396)
1815017843,1299d06e-36f7-388f-a7a6-5d4ab0f72c4d,-45.3232,-13.3843,2026-04-22 00:43:00+00:00,2026-04-22,METOP-C,CORRENTINA,BAHIA,Brasil,,,,Cerrado,33,29,2909307,8,,220_069,,POINT(-45.3232 -13.3843)
1815018157,c3f0cd73-ca1f-3cf0-b52a-55b93d6449f7,-52.1483,-12.6347,2026-04-22 00:43:00+00:00,2026-04-22,METOP-C,QUERÊNCIA,MATO GROSSO,Brasil,,,,Amazônia,33,51,5107065,8,,224_069,,POINT(-52.1483 -12.6347)
1815018100,c1c9cbbd-35bc-3c16-9249-1b083381f0a8,-43.650902,-11.7786,2026-04-22 00:43:00+00:00,2026-04-22,METOP-C,BARRA,BAHIA,Brasil,,,,Cerrado,33,29,2902708,8,,219_068,,POINT(-43.650902 -11.7786)
1815018092,012cd8d5-a7d4-3f1b-909a-dde3baa7f169,-47.770199,-11.9945,2026-04-22 00:43:00+00:00,2026-04-22,METOP-C,NATIVIDADE,TOCANTINS,Brasil,,,,Cerrado,33,17,1714203,8,,221_068,,POINT(-47.770199 -11.9945)
1815023707,fb4819b9-bd34-30df-bc63-8db03677952d,-53.29778,-13.2457,2026-04-22 01:13:00+00:00,2026-04-22,TERRA_M-M,GAÚCHA DO NORTE,MATO GROSSO,Brasil,,,,Amazônia,33,51,5103858,8,,225_069,31.9,POINT(-53.29778 -13.2457)
1815023381,f0c3e5f2-af45-31ed-a13f-437814203bfa,-53.29776,-13.24571,2026-04-22 01:13:00+00:00,2026-04-22,TERRA_M-M,GAÚCHA DO NORTE,MATO GROSSO,Brasil,,,,Amazônia,33,51,5103858,8,,225_069,31.9,POINT(-53.29776 -13.24571)
1815042494,01faaa8b-433a-3313-83f3-3c1b815b165a,-36.86726,-8.88037,2026-04-22 03:25:00+00:00,2026-04-22,NOAA-20,PEDRA,PERNAMBUCO,Brasil,,,,Caatinga,33,26,2610806,8,,215_066,1.5,POINT(-36.86726 -8.88037)
1815039391,995de871-93c0-3e2f-a0d2-0ab66d74e94e,-45.33962,-13.37543,2026-04-22 03:28:00+00:00,2026-04-22,NOAA-20,CORRENTINA,BAHIA,Brasil,,,,Cerrado,33,29,2909307,8,,220_069,1.5,POINT(-45.33962 -13.37543)
1815038101,63a402c2-b7f6-30af-ab0f-e8a1da0fe523,-46.83842,-17.16765,2026-04-22 03:28:00+00:00,2026-04-22,NOAA-20,PARACATU,MINAS GERAIS,Brasil,,,,Cerrado,33,31,3147006,8,,220_072,1.6,POINT(-46.83842 -17.16765)
1815038267,c82de860-3fcc-3021-a631-40d624a05ed9,-45.33153,-13.3866,2026-04-22 03:28:00+00:00,2026-04-22,NOAA-20,CORRENTINA,BAHIA,Brasil,,,,Cerrado,33,29,2909307,8,,220_069,1.8,POINT(-45.33153 -13.3866)
1815043557,d1a63402-2673-318e-ae8f-761ec3e1f93d,-45.33347,-13.37673,2026-04-22 03:28:00+00:00,2026-04-22,NOAA-20,CORRENTINA,BAHIA,Brasil,,,,Cerrado,33,29,2909307,8,,220_069,1.5,POINT(-45.33347 -13.37673)
1815037523,f3e32a62-e716-31d7-91c5-e0f3fedb38d2,-45.23147,-12.01657,2026-04-22 03:28:00+00:00,2026-04-22,NOAA-20,BARREIRAS,BAHIA,Brasil,,,,Cerrado,33,29,2903201,8,,220_068,2.7,POINT(-45.23147 -12.01657)
1815038164,84b5600e-e286-304f-b95f-9687ff754e1f,-45.22974,-12.02382,2026-04-22 03:28:00+00:00,2026-04-22,NOAA-20,BARREIRAS,BAHIA,Brasil,,,,Cerrado,33,29,2903201,8,,220_068,1.3,POINT(-45.22974 -12.02382)
1815042964,af1fb222-ddd3-36bf-87fe-9505fc80e58f,-45.34119,-13.38211,2026-04-22 03:28:00+00:00,2026-04-22,NOAA-20,CORRENTINA,BAHIA,Brasil,,,,Cerrado,33,29,2909307,8,,220_069,1.5,POINT(-45.34119 -13.38211)
1815041785,a8039bf5-a209-304a-b0ba-7fbc1765fe99,-45.2282,-12.01701,2026-04-22 03:28:00+00:00,2026-04-22,NOAA-20,BARREIRAS,BAHIA,Brasil,,,,Cerrado,33,29,2903201,8,,220_068,1.3,POINT(-45.2282 -12.01701)
1815039993,29fcb2f8-58db-3405-a6e1-25186da423a5,-45.33766,-13.38527,2026-04-22 03:28:00+00:00,2026-04-22,NOAA-20,CORRENTINA,BAHIA,Brasil,,,,Cerrado,33,29,2909307,8,,220_069,1.8,POINT(-45.33766 -13.38527)
1815043166,dbcb280a-8db5-3159-bf4d-a458768a679f,-45.32997,-13.37992,2026-04-22 03:28:00+00:00,2026-04-22,NOAA-20,CORRENTINA,BAHIA,Brasil,,,,Cerrado,33,29,2909307,8,,220_069,1.8,POINT(-45.32997 -13.37992)
1815042660,b31b8e31-6e38-3ce0-b93d-8f2407658bf9,-44.44621,-13.63117,2026-04-22 03:28:00+00:00,2026-04-22,NOAA-20,CORIBE,BAHIA,Brasil,,,,Cerrado,33,29,2909109,8,,219_069,3.5,POINT(-44.44621 -13.63117)
1815039695,19ac7106-dbf3-3cb9-8a77-bc02c770e197,-46.83699,-17.1608,2026-04-22 03:28:00+00:00,2026-04-22,NOAA-20,PARACATU,MINAS GERAIS,Brasil,,,,Cerrado,33,31,3147006,8,,220_072,2.8,POINT(-46.83699 -17.1608)
1815042563,debb798b-4647-3945-aa06-a8d21b4e6af6,-45.22659,-12.02474,2026-04-22 03:28:00+00:00,2026-04-22,NOAA-20,BARREIRAS,BAHIA,Brasil,,,,Cerrado,33,29,2903201,8,,220_068,1.1,POINT(-45.22659 -12.02474)
1815039079,fba37928-3d4e-3105-b0a3-5d91f5ee0408,-40.9087,-14.83601,2026-04-22 03:28:00+00:00,2026-04-22,NOAA-20,VITÓRIA DA CONQUISTA,BAHIA,Brasil,,,,Mata Atlântica,33,29,2933307,8,,217_070,0.7,POINT(-40.9087 -14.83601)
1815039050,1a859069-6b29-308a-8c2b-211d66d536f9,-46.83861,-17.16083,2026-04-22 03:28:00+00:00,2026-04-22,NOAA-20,PARACATU,MINAS GERAIS,Brasil,,,,Cerrado,33,31,3147006,8,,220_072,2.9,POINT(-46.83861 -17.16083)
1815041612,75ab9527-a3fd-3ecf-aba2-8bf7b6a9280b,-40.85495,-15.50969,2026-04-22 03:28:00+00:00,2026-04-22,NOAA-20,ENCRUZILHADA,BAHIA,Brasil,,,,Mata Atlântica,33,29,2910404,8,,216_071,1.2,POINT(-40.85495 -15.50969)
1815038066,4a77e3a9-10ca-38df-acbf-6e19fa256b68,-45.33505,-13.38341,2026-04-22 03:28:00+00:00,2026-04-22,NOAA-20,CORRENTINA,BAHIA,Brasil,,,,Cerrado,33,29,2909307,8,,220_069,1.5,POINT(-45.33505 -13.38341)
1815043637,8f7f4521-9045-3c86-a3ba-789a5a440156,-46.83255,-17.16225,2026-04-22 03:28:00+00:00,2026-04-22,NOAA-20,PARACATU,MINAS GERAIS,Brasil,,,,Cerrado,33,31,3147006,8,,220_072,2.9,POINT(-46.83255 -17.16225)
1815042755,c9daf25f-af95-3006-8cde-24c55a73a2c2,-45.33611,-13.37858,2026-04-22 03:28:00+00:00,2026-04-22,NOAA-20,CORRENTINA,BAHIA,Brasil,,,,Cerrado,33,29,2909307,8,,220_069,1.8,POINT(-45.33611 -13.37858)
1815042470,7080eefa-4c01-3043-bace-598264c5af2e,-40.90559,-14.83663,2026-04-22 03:28:00+00:00,2026-04-22,NOAA-20,VITÓRIA DA CONQUISTA,BAHIA,Brasil,,,,Mata Atlântica,33,29,2933307,8,,217_070,0.5,POINT(-40.90559 -14.83663)
1815041599,43793e96-ae5d-3c41-af10-d4f44a230ec8,-48.90638,-21.52894,2026-04-22 03:30:00+00:00,2026-04-22,NOAA-20,ITÁPOLIS,SÃO PAULO,Brasil,,,,Cerrado,33,35,3522703,8,,221_075,4.3,POINT(-48.90638 -21.52894)
1815039270,af5e478a-be08-360c-a65f-2c23cd732ac4,-48.62051,-20.85994,2026-04-22 03:30:00+00:00,2026-04-22,NOAA-20,BEBEDOURO,SÃO PAULO,Brasil,,,,Cerrado,33,35,3506102,8,,221_074,2.2,POINT(-48.62051 -20.85994)
1815037966,a36ed094-3b68-3472-8db4-00d56726319b,-48.89667,-21.52814,2026-04-22 03:30:00+00:00,2026-04-22,NOAA-20,ITÁPOLIS,SÃO PAULO,Brasil,,,,Cerrado,33,35,3522703,8,,221_075,1.7,POINT(-48.89667 -21.52814)
1815041418,3628cec3-781d-377a-bb17-6b0cb93be5e1,-48.90625,-21.53313,2026-04-22 03:30:00+00:00,2026-04-22,NOAA-20,ITÁPOLIS,SÃO PAULO,Brasil,,,,Cerrado,33,35,3522703,8,,221_075,1.5,POINT(-48.90625 -21.53313)
1815039122,0bb234e3-1cbf-3367-b0e2-52c1fe1d447a,-48.89875,-21.53086,2026-04-22 03:30:00+00:00,2026-04-22,NOAA-20,ITÁPOLIS,SÃO PAULO,Brasil,,,,Cerrado,33,35,3522703,8,,221_075,4.2,POINT(-48.89875 -21.53086)
1815043707,89c38642-5d82-3605-9210-2ed627ef065c,-48.89862,-21.5351,2026-04-22 03:30:00+00:00,2026-04-22,NOAA-20,ITÁPOLIS,SÃO PAULO,Brasil,,,,Cerrado,33,35,3522703,8,,221_075,1.5,POINT(-48.89862 -21.5351)
1815043713,339ab557-4145-309b-a88c-d549bc1335ba,-48.65723,-21.46616,2026-04-22 03:30:00+00:00,2026-04-22,NOAA-20,TAQUARITINGA,SÃO PAULO,Brasil,,,,Cerrado,33,35,3553708,8,,221_075,7.4,POINT(-48.65723 -21.46616)
1815038695,f8a68cf2-5ec0-33b3-9e59-4a93c3e77fc0,-48.90421,-21.5262,2026-04-22 03:30:00+00:00,2026-04-22,NOAA-20,ITÁPOLIS,SÃO PAULO,Brasil,,,,Cerrado,33,35,3522703,8,,221_075,1.7,POINT(-48.90421 -21.5262)
1815044002,a717c6c1-a324-35b8-9b60-418e77f9140c,-48.6561,-21.4681,2026-04-22 03:30:00+00:00,2026-04-22,NOAA-20,TAQUARITINGA,SÃO PAULO,Brasil,,,,Cerrado,33,35,3553708,8,,221_075,6.2,POINT(-48.6561 -21.4681)
1815038490,7ea259cd-a3c6-3d74-ac93-01ea13ff9186,-48.62741,-20.86103,2026-04-22 03:30:00+00:00,2026-04-22,NOAA-20,MONTE AZUL PAULISTA,SÃO PAULO,Brasil,,,,Mata Atlântica,33,35,3531506,8,,221_074,3.3,POINT(-48.62741 -20.86103)
1815044353,ae6a7995-8d0f-3e7f-bdf0-d6601744cd53,-48.42739,-21.71358,2026-04-22 03:30:00+00:00,2026-04-22,NOAA-20,MATÃO,SÃO PAULO,Brasil,,,,Cerrado,33,35,3529302,8,,220_075,12.5,POINT(-48.42739 -21.71358)
1815041927,7d8d25d3-b7d0-3d41-9397-03942445548b,-48.66305,-21.46637,2026-04-22 03:30:00+00:00,2026-04-22,NOAA-20,TAQUARITINGA,SÃO PAULO,Brasil,,,,Cerrado,33,35,3553708,8,,221_075,4.3,POINT(-48.66305 -21.46637)
1815040752,267ceac1-3ccd-322b-ac76-b862290bac40,-48.63579,-20.85608,2026-04-22 03:30:00+00:00,2026-04-22,NOAA-20,MONTE AZUL PAULISTA,SÃO PAULO,Brasil,,,,Mata Atlântica,33,35,3531506,8,,221_074,2.0,POINT(-48.63579 -20.85608)
1815038156,0ab58b32-56b2-3215-a467-ab03df89e40f,-48.63538,-20.85907,2026-04-22 03:30:00+00:00,2026-04-22,NOAA-20,MONTE AZUL PAULISTA,SÃO PAULO,Brasil,,,,Mata Atlântica,33,35,3531506,8,,221_074,2.1,POINT(-48.63538 -20.85907)
1815043416,da316c87-68cf-3e54-a158-c891fd88b7b9,-48.42489,-21.70696,2026-04-22 03:30:00+00:00,2026-04-22,NOAA-20,MATÃO,SÃO PAULO,Brasil,,,,Cerrado,33,35,3529302,8,,220_075,7.3,POINT(-48.42489 -21.70696)
1815041987,7f93de7e-4152-3ce0-87d7-56e7e95aca16,-48.62775,-20.85811,2026-04-22 03:30:00+00:00,2026-04-22,NOAA-20,MONTE AZUL PAULISTA,SÃO PAULO,Brasil,,,,Mata Atlântica,33,35,3531506,8,,221_074,2.0,POINT(-48.62775 -20.85811)
1815029387,8b892442-c301-3eab-a5fb-58c830d41213,-43.77785,-12.85627,2026-04-22 04:17:00+00:00,2026-04-22,NOAA-21,SERRA DOURADA,BAHIA,Brasil,,,,Cerrado,33,29,2930303,8,,219_069,0.3,POINT(-43.77785 -12.85627)
1815029364,7d1d0707-bfce-328c-b28b-ec6e2cae7c8c,-40.85266,-15.5155,2026-04-22 04:17:00+00:00,2026-04-22,NOAA-21,ENCRUZILHADA,BAHIA,Brasil,,,,Mata Atlântica,33,29,2910404,8,,216_071,1.6,POINT(-40.85266 -15.5155)
1815030066,c25426b5-23ea-3b4e-b5c1-b4e20e8964f1,-47.49833,-13.50458,2026-04-22 04:17:00+00:00,2026-04-22,NOAA-21,CAVALCANTE,GOIÁS,Brasil,,,,Cerrado,33,52,5205307,8,,221_069,1.0,POINT(-47.49833 -13.50458)
1815029328,767d2448-ede6-3c42-a171-f5039ab3450c,-43.65712,-11.78066,2026-04-22 04:17:00+00:00,2026-04-22,NOAA-21,BARRA,BAHIA,Brasil,,,,Cerrado,33,29,2902708,8,,219_068,1.6,POINT(-43.65712 -11.78066)
1815030127,77e14ba6-f6d6-3199-bbb1-e984809b1207,-45.34047,-13.38755,2026-04-22 04:17:00+00:00,2026-04-22,NOAA-21,CORRENTINA,BAHIA,Brasil,,,,Cerrado,33,29,2909307,8,,220_069,0.9,POINT(-45.34047 -13.38755)
1815029272,8331818d-fcc3-343b-ba53-c506ccb1c8d6,-45.23114,-12.01359,2026-04-22 04:17:00+00:00,2026-04-22,NOAA-21,BARREIRAS,BAHIA,Brasil,,,,Cerrado,33,29,2903201,8,,220_068,0.9,POINT(-45.23114 -12.01359)
1815030156,e50fbb0b-245d-380c-86ed-ccc2642c33b4,-45.32921,-13.38593,2026-04-22 04:17:00+00:00,2026-04-22,NOAA-21,CORRENTINA,BAHIA,Brasil,,,,Cerrado,33,29,2909307,8,,220_069,2.5,POINT(-45.32921 -13.38593)
1815029254,c65e0998-2bd2-38f6-9495-6ac6d3f8e5c5,-45.33525,-13.37815,2026-04-22 04:17:00+00:00,2026-04-22,NOAA-21,CORRENTINA,BAHIA,Brasil,,,,Cerrado,33,29,2909307,8,,220_069,1.7,POINT(-45.33525 -13.37815)
1815030172,5e9d35f5-c767-3843-be9e-63ff532fe1a8,-44.18468,-12.23615,2026-04-22 04:17:00+00:00,2026-04-22,NOAA-21,CRISTÓPOLIS,BAHIA,Brasil,,,,Cerrado,33,29,2909703,8,,219_068,1.3,POINT(-44.18468 -12.23615)
1815030262,bcc86c1c-6327-360e-9b4c-84200d059433,-45.3369,-13.38811,2026-04-22 04:17:00+00:00,2026-04-22,NOAA-21,CORRENTINA,BAHIA,Brasil,,,,Cerrado,33,29,2909307,8,,220_069,0.9,POINT(-45.3369 -13.38811)
1815029247,4f96df55-78df-3c0f-b269-25058b4fa74b,-43.64794,-11.76849,2026-04-22 04:17:00+00:00,2026-04-22,NOAA-21,BARRA,BAHIA,Brasil,,,,Cerrado,33,29,2902708,8,,219_068,5.6,POINT(-43.64794 -11.76849)
1815029246,19e545c7-3e0b-3a58-8fb6-198bde0428d2,-43.66012,-11.7768,2026-04-22 04:17:00+00:00,2026-04-22,NOAA-21,BARRA,BAHIA,Brasil,,,,Cerrado,33,29,2902708,8,,219_068,6.1,POINT(-43.66012 -11.7768)
1815029238,ad4f8c9b-76e4-3aa6-82aa-adc16c7d9e9e,-48.63062,-20.86178,2026-04-22 04:17:00+00:00,2026-04-22,NOAA-21,MONTE AZUL PAULISTA,SÃO PAULO,Brasil,,,,Mata Atlântica,33,35,3531506,8,,221_074,2.6,POINT(-48.63062 -20.86178)
1815029223,07679131-3917-3000-abd9-8ecd58765a33,-49.59455,-18.42398,2026-04-22 04:17:00+00:00,2026-04-22,NOAA-21,ITUMBIARA,GOIÁS,Brasil,,,,Mata Atlântica,33,52,5211503,8,,222_073,7.4,POINT(-49.59455 -18.42398)
1815029004,f961c32e-9e21-3b63-a761-a462a2f686b9,-47.76612,-11.99945,2026-04-22 04:17:00+00:00,2026-04-22,NOAA-21,NATIVIDADE,TOCANTINS,Brasil,,,,Cerrado,33,17,1714203,8,,221_068,1.5,POINT(-47.76612 -11.99945)
1815028984,c451acc3-e00e-3e2d-86e3-47662ee6d49a,-44.44397,-13.63708,2026-04-22 04:17:00+00:00,2026-04-22,NOAA-21,CORIBE,BAHIA,Brasil,,,,Cerrado,33,29,2909109,8,,219_069,0.8,POINT(-44.44397 -13.63708)
1815028933,4a28f021-0c97-3039-9860-002d1ce1bed4,-48.42414,-21.71646,2026-04-22 04:17:00+00:00,2026-04-22,NOAA-21,GAVIÃO PEIXOTO,SÃO PAULO,Brasil,,,,Cerrado,33,35,3516853,8,,220_075,0.3,POINT(-48.42414 -21.71646)
1815028891,9f77f112-3395-3d6e-b4fc-3ca974191fb3,-48.62657,-20.86248,2026-04-22 04:17:00+00:00,2026-04-22,NOAA-21,MONTE AZUL PAULISTA,SÃO PAULO,Brasil,,,,Mata Atlântica,33,35,3531506,8,,221_074,3.4,POINT(-48.62657 -20.86248)
1815030274,a566ac93-4e68-387a-96b9-807f6bccc55b,-43.84428,-11.91152,2026-04-22 04:17:00+00:00,2026-04-22,NOAA-21,WANDERLEY,BAHIA,Brasil,,,,Cerrado,33,29,2933455,8,,219_068,0.9,POINT(-43.84428 -11.91152)
1815030285,3529f376-ea5f-3183-b692-7b73cfe935f4,-47.76915,-14.49766,2026-04-22 04:17:00+00:00,2026-04-22,NOAA-21,SÃO JOÃO D'ALIANÇA,GOIÁS,Brasil,,,,Cerrado,33,52,5220009,8,,221_070,0.8,POINT(-47.76915 -14.49766)
1815028803,00208d82-5342-32b5-80dd-8f5ced59a78f,-47.76985,-11.99506,2026-04-22 04:17:00+00:00,2026-04-22,NOAA-21,NATIVIDADE,TOCANTINS,Brasil,,,,Cerrado,33,17,1714203,8,,221_068,2.4,POINT(-47.76985 -11.99506)
1815030369,d97fb17b-3a19-306f-a937-37ffff46d672,-43.65252,-11.77458,2026-04-22 04:17:00+00:00,2026-04-22,NOAA-21,BARRA,BAHIA,Brasil,,,,Cerrado,33,29,2902708,8,,219_068,2.3,POINT(-43.65252 -11.77458)
1815028772,10491289-b59a-3b0a-bd43-adc0dbc0f859,-43.5681,-12.91565,2026-04-22 04:17:00+00:00,2026-04-22,NOAA-21,SÍTIO DO MATO,BAHIA,Brasil,,,,Cerrado,33,29,2930758,8,,219_069,0.6,POINT(-43.5681 -12.91565)
1815030389,cb973c2c-3911-3a6c-bfa3-f0a627ae5da9,-43.65606,-11.77403,2026-04-22 04:17:00+00:00,2026-04-22,NOAA-21,BARRA,BAHIA,Brasil,,,,Cerrado,33,29,2902708,8,,219_068,6.1,POINT(-43.65606 -11.77403)
1815028742,7886345c-9c1d-396f-b7c7-6ce60cf7514c,-43.65553,-11.77072,2026-04-22 04:17:00+00:00,2026-04-22,NOAA-21,BARRA,BAHIA,Brasil,,,,Cerrado,33,29,2902708,8,,219_068,5.2,POINT(-43.65553 -11.77072)
1815028730,132ed37a-353a-3e67-84df-eaa1662944c2,-48.65284,-21.47069,2026-04-22 04:17:00+00:00,2026-04-22,NOAA-21,TAQUARITINGA,SÃO PAULO,Brasil,,,,Cerrado,33,35,3553708,8,,221_075,6.2,POINT(-48.65284 -21.47069)
1815028727,97b7f34b-f91c-3dc6-a7c6-2d31aa57dee1,-43.14349,-12.65429,2026-04-22 04:17:00+00:00,2026-04-22,NOAA-21,PARATINGA,BAHIA,Brasil,,,,Caatinga,33,29,2923704,8,,218_069,0.9,POINT(-43.14349 -12.65429)
1815028695,1af8f3ca-252a-36f1-b699-bd03f42be4d5,-45.22812,-12.01749,2026-04-22 04:17:00+00:00,2026-04-22,NOAA-21,BARREIRAS,BAHIA,Brasil,,,,Cerrado,33,29,2903201,8,,220_068,1.6,POINT(-45.22812 -12.01749)
1815028693,4116cf7e-5339-3040-9b3b-5abe6d47a16f,-45.33278,-13.38536,2026-04-22 04:17:00+00:00,2026-04-22,NOAA-21,CORRENTINA,BAHIA,Brasil,,,,Cerrado,33,29,2909307,8,,220_069,2.5,POINT(-45.33278 -13.38536)
1815030434,14403963-badc-368c-8caa-c7d5705585da,-48.90045,-21.53093,2026-04-22 04:17:00+00:00,2026-04-22,NOAA-21,ITÁPOLIS,SÃO PAULO,Brasil,,,,Cerrado,33,35,3522703,8,,221_075,2.6,POINT(-48.90045 -21.53093)
1815028671,b3402fa1-90fc-3b4b-97d9-a46790f5d973,-52.14306,-12.64061,2026-04-22 04:17:00+00:00,2026-04-22,NOAA-21,QUERÊNCIA,MATO GROSSO,Brasil,,,,Amazônia,33,51,5107065,8,,224_069,3.1,POINT(-52.14306 -12.64061)
1815028665,90ee0df8-9750-3234-8ac0-a0300ec38236,-47.10338,-11.60967,2026-04-22 04:17:00+00:00,2026-04-22,NOAA-21,PORTO ALEGRE DO TOCANTINS,TOCANTINS,Brasil,,,,Cerrado,33,17,1718006,8,,221_068,1.3,POINT(-47.10338 -11.60967)
1815030538,cb24ff4c-fee1-3746-988d-514ad188dc9a,-43.83968,-11.9734,2026-04-22 04:17:00+00:00,2026-04-22,NOAA-21,WANDERLEY,BAHIA,Brasil,,,,Cerrado,33,29,2933455,8,,219_068,1.8,POINT(-43.83968 -11.9734)
1815030578,6bab60a1-6a58-3ccf-8a9e-e1ddeb2608d0,-43.655,-11.7674,2026-04-22 04:17:00+00:00,2026-04-22,NOAA-21,BARRA,BAHIA,Brasil,,,,Cerrado,33,29,2902708,8,,219_068,5.2,POINT(-43.655 -11.7674)
1815030627,2d0ce148-9cf7-3666-b004-39a5e11b29e2,-47.10345,-11.61241,2026-04-22 04:17:00+00:00,2026-04-22,NOAA-21,PORTO ALEGRE DO TOCANTINS,TOCANTINS,Brasil,,,,Cerrado,33,17,1718006,8,,221_068,2.4,POINT(-47.10345 -11.61241)
1815030637,b3a42182-aa58-36eb-856d-5fb2f0e86217,-43.65147,-11.76794,2026-04-22 04:17:00+00:00,2026-04-22,NOAA-21,BARRA,BAHIA,Brasil,,,,Cerrado,33,29,2902708,8,,219_068,5.6,POINT(-43.65147 -11.76794)
1815030644,3608475b-cbe7-3c9e-8d49-31448604a4ed,-43.65659,-11.77735,2026-04-22 04:17:00+00:00,2026-04-22,NOAA-21,BARRA,BAHIA,Brasil,,,,Cerrado,33,29,2902708,8,,219_068,6.1,POINT(-43.65659 -11.77735)
1815030652,1afbc6e3-78ca-37a0-8a2d-5c323857c0c0,-45.2306,-12.01026,2026-04-22 04:17:00+00:00,2026-04-22,NOAA-21,BARREIRAS,BAHIA,Brasil,,,,Cerrado,33,29,2903201,8,,220_068,0.9,POINT(-45.2306 -12.01026)
1815030661,98d0be18-ed3a-301b-9e22-3a120c1232a2,-45.33168,-13.37871,2026-04-22 04:17:00+00:00,2026-04-22,NOAA-21,CORRENTINA,BAHIA,Brasil,,,,Cerrado,33,29,2909307,8,,220_069,1.5,POINT(-45.33168 -13.37871)
1815030689,d4f72ceb-27a7-3705-8af2-31e6c67ebf24,-43.84375,-11.90821,2026-04-22 04:17:00+00:00,2026-04-22,NOAA-21,WANDERLEY,BAHIA,Brasil,,,,Cerrado,33,29,2933455,8,,219_068,0.9,POINT(-43.84375 -11.90821)
1815030713,11fb666b-4a12-3ca2-9226-493666b903aa,-45.33937,-13.3809,2026-04-22 04:17:00+00:00,2026-04-22,NOAA-21,CORRENTINA,BAHIA,Brasil,,,,Cerrado,33,29,2909307,8,,220_069,1.5,POINT(-45.33937 -13.3809)
1815030726,f56a4685-94bd-3bf1-9764-a939bb1630e8,-50.98751,-20.1575,2026-04-22 04:17:00+00:00,2026-04-22,NOAA-21,RUBINÉIA,SÃO PAULO,Brasil,,,,Mata Atlântica,33,35,3544509,8,,222_074,2.5,POINT(-50.98751 -20.1575)
1815030759,1abcc43a-6b22-30bd-99eb-3926bef1abd4,-48.65683,-21.47002,2026-04-22 04:17:00+00:00,2026-04-22,NOAA-21,TAQUARITINGA,SÃO PAULO,Brasil,,,,Cerrado,33,35,3553708,8,,221_075,6.2,POINT(-48.65683 -21.47002)
1815030775,da921212-5359-3a84-917c-b06b74295ab6,-43.68832,-13.21325,2026-04-22 04:17:00+00:00,2026-04-22,NOAA-21,BOM JESUS DA LAPA,BAHIA,Brasil,,,,Cerrado,33,29,2903904,8,,219_069,0.8,POINT(-43.68832 -13.21325)
1815030779,ca4844d7-ebf4-3483-9acd-57fb491c46a9,-47.77482,-11.99799,2026-04-22 04:17:00+00:00,2026-04-22,NOAA-21,NATIVIDADE,TOCANTINS,Brasil,,,,Cerrado,33,17,1714203,8,,221_068,2.4,POINT(-47.77482 -11.99799)
1815030821,3a49c601-db5a-317e-8948-a35f42f2f315,-48.61786,-20.86041,2026-04-22 04:17:00+00:00,2026-04-22,NOAA-21,BEBEDOURO,SÃO PAULO,Brasil,,,,Cerrado,33,35,3506102,8,,221_074,0.7,POINT(-48.61786 -20.86041)
1815030855,d482bd7f-0695-3181-b311-c14612f8e14a,-40.34673,-13.28462,2026-04-22 04:17:00+00:00,2026-04-22,NOAA-21,PLANALTINO,BAHIA,Brasil,,,,Caatinga,33,29,2924900,8,,216_069,1.0,POINT(-40.34673 -13.28462)
1815030874,2c994f3e-17cb-3645-b742-c34da9ad1b6d,-43.64547,-11.77566,2026-04-22 04:17:00+00:00,2026-04-22,NOAA-21,BARRA,BAHIA,Brasil,,,,Cerrado,33,29,2902708,8,,219_068,1.5,POINT(-43.64547 -11.77566)
1815030943,e48808fb-dc2d-3f15-93bf-281f5344edc7,-43.68779,-13.20993,2026-04-22 04:17:00+00:00,2026-04-22,NOAA-21,BOM JESUS DA LAPA,BAHIA,Brasil,,,,Cerrado,33,29,2903904,8,,219_069,0.8,POINT(-43.68779 -13.20993)
1815030964,4e8065cf-9332-306e-8762-e435eb9c5df0,-42.39711,-14.90828,2026-04-22 04:17:00+00:00,2026-04-22,NOAA-21,JACARACI,BAHIA,Brasil,,,,Caatinga,33,29,2917409,8,,218_070,0.5,POINT(-42.39711 -14.90828)
1815030995,f3fd9396-cabc-3fcf-93dc-6ccd523bbcde,-45.33223,-13.38204,2026-04-22 04:17:00+00:00,2026-04-22,NOAA-21,CORRENTINA,BAHIA,Brasil,,,,Cerrado,33,29,2909307,8,,220_069,2.5,POINT(-45.33223 -13.38204)
1815031053,70934ccf-13a5-3920-b784-42ea230f2328,-43.65305,-11.77789,2026-04-22 04:17:00+00:00,2026-04-22,NOAA-21,BARRA,BAHIA,Brasil,,,,Cerrado,33,29,2902708,8,,219_068,2.3,POINT(-43.65305 -11.77789)
1815031092,4b5688cc-733c-379a-beea-5ff897c753b3,-43.84021,-11.97671,2026-04-22 04:17:00+00:00,2026-04-22,NOAA-21,WANDERLEY,BAHIA,Brasil,,,,Cerrado,33,29,2933455,8,,219_068,0.7,POINT(-43.84021 -11.97671)
1815031148,71040013-b65f-3879-9fe2-5fe5fe465541,-44.62856,-12.28564,2026-04-22 04:17:00+00:00,2026-04-22,NOAA-21,CATOLÂNDIA,BAHIA,Brasil,,,,Cerrado,33,29,2907400,8,,219_069,2.4,POINT(-44.62856 -12.28564)
1815031193,c5f1e737-3af4-39d2-8dbf-4e3754823a87,-45.22564,-12.02473,2026-04-22 04:17:00+00:00,2026-04-22,NOAA-21,BARREIRAS,BAHIA,Brasil,,,,Cerrado,33,29,2903201,8,,220_068,1.1,POINT(-45.22564 -12.02473)
1815031196,479fc998-7683-3d3e-ad54-efe3e4f9c0d7,-47.76988,-14.50119,2026-04-22 04:17:00+00:00,2026-04-22,NOAA-21,SÃO JOÃO D'ALIANÇA,GOIÁS,Brasil,,,,Cerrado,33,52,5220009,8,,221_070,0.3,POINT(-47.76988 -14.50119)
1815031270,c822b167-4575-3574-b1fd-245bf0fa1e3c,-48.61853,-20.86385,2026-04-22 04:17:00+00:00,2026-04-22,NOAA-21,MONTE AZUL PAULISTA,SÃO PAULO,Brasil,,,,Cerrado,33,35,3531506,8,,221_074,1.2,POINT(-48.61853 -20.86385)
1815031327,4c5aa8f4-7587-34ce-9f19-d950e854eb50,-43.65094,-11.76463,2026-04-22 04:17:00+00:00,2026-04-22,NOAA-21,BARRA,BAHIA,Brasil,,,,Cerrado,33,29,2902708,8,,219_068,1.8,POINT(-43.65094 -11.76463)
1815031347,26657efa-62cc-3460-8ca5-9366f2abe5e7,-47.7655,-11.99579,2026-04-22 04:17:00+00:00,2026-04-22,NOAA-21,NATIVIDADE,TOCANTINS,Brasil,,,,Cerrado,33,17,1714203,8,,221_068,1.5,POINT(-47.7655 -11.99579)
1815032135,d485e3b2-ca6e-36c3-af72-a4c4826a455e,-48.4274,-21.7124,2026-04-22 04:17:00+00:00,2026-04-22,NOAA-21,MATÃO,SÃO PAULO,Brasil,,,,Cerrado,33,35,3529302,8,,220_075,6.2,POINT(-48.4274 -21.7124)
1815032310,bb058521-11e7-3a3c-89f7-d565dd55ea79,-45.33992,-13.38422,2026-04-22 04:17:00+00:00,2026-04-22,NOAA-21,CORRENTINA,BAHIA,Brasil,,,,Cerrado,33,29,2909307,8,,220_069,1.5,POINT(-45.33992 -13.38422)
1815032345,ebb700cb-4d37-3c46-8379-0a232b7b35a5,-45.32976,-13.38925,2026-04-22 04:17:00+00:00,2026-04-22,NOAA-21,CORRENTINA,BAHIA,Brasil,,,,Cerrado,33,29,2909307,8,,220_069,1.7,POINT(-45.32976 -13.38925)
1815032233,a26a0457-2bff-3c2f-a956-c0929cf19160,-49.59992,-18.42685,2026-04-22 04:17:00+00:00,2026-04-22,NOAA-21,ITUMBIARA,GOIÁS,Brasil,,,,Mata Atlântica,33,52,5211503,8,,222_073,7.4,POINT(-49.59992 -18.42685)
1815032236,884c8a9b-d9be-3638-a435-a8157054c24d,-43.84076,-11.91206,2026-04-22 04:17:00+00:00,2026-04-22,NOAA-21,WANDERLEY,BAHIA,Brasil,,,,Cerrado,33,29,2933455,8,,219_068,0.5,POINT(-43.84076 -11.91206)
1815032373,f0d957e2-95db-3704-ade2-583b2a2e20aa,-51.43469,-18.40731,2026-04-22 04:17:00+00:00,2026-04-22,NOAA-21,JATAÍ,GOIÁS,Brasil,,,,Cerrado,33,52,5211909,8,,223_073,1.8,POINT(-51.43469 -18.40731)
1815032404,3c793757-811d-3f93-b166-ea1688e27de8,-43.84727,-11.90766,2026-04-22 04:17:00+00:00,2026-04-22,NOAA-21,WANDERLEY,BAHIA,Brasil,,,,Cerrado,33,29,2933455,8,,219_068,0.9,POINT(-43.84727 -11.90766)
1815032423,c6b3ce43-444b-3ec1-883c-b42ec69155fe,-49.60063,-18.43055,2026-04-22 04:17:00+00:00,2026-04-22,NOAA-21,ITUMBIARA,GOIÁS,Brasil,,,,Mata Atlântica,33,52,5211503,8,,222_073,8.7,POINT(-49.60063 -18.43055)
1815032472,d7e140c0-2e27-3dfa-9b31-9ccd3b8c2f71,-43.20206,-13.34747,2026-04-22 04:17:00+00:00,2026-04-22,NOAA-21,BOM JESUS DA LAPA,BAHIA,Brasil,,,,Caatinga,33,29,2903904,8,,218_069,1.6,POINT(-43.20206 -13.34747)
1815032508,7742ba44-b451-3741-83a9-cf567977567f,-43.64494,-11.77234,2026-04-22 04:17:00+00:00,2026-04-22,NOAA-21,BARRA,BAHIA,Brasil,,,,Cerrado,33,29,2902708,8,,219_068,2.7,POINT(-43.64494 -11.77234)
1815032511,a4587959-8faf-3288-970f-141c7e76f173,-43.64847,-11.7718,2026-04-22 04:17:00+00:00,2026-04-22,NOAA-21,BARRA,BAHIA,Brasil,,,,Cerrado,33,29,2902708,8,,219_068,5.6,POINT(-43.64847 -11.7718)
1815030033,36f4af96-ac6d-365c-9aaf-11dee2adac1a,-54.76426,-12.50308,2026-04-22 04:17:00+00:00,2026-04-22,NOAA-21,FELIZ NATAL,MATO GROSSO,Brasil,,,,Amazônia,33,51,5103700,8,,226_069,1.5,POINT(-54.76426 -12.50308)
1815029940,39afe8a6-ba54-371c-ab24-f61f0da99187,-44.44344,-13.63377,2026-04-22 04:17:00+00:00,2026-04-22,NOAA-21,CORIBE,BAHIA,Brasil,,,,Cerrado,33,29,2909109,8,,219_069,5.3,POINT(-44.44344 -13.63377)
1815029855,e82c483c-c8c0-334b-912b-e5179d2e8c4e,-48.89701,-21.53508,2026-04-22 04:17:00+00:00,2026-04-22,NOAA-21,ITÁPOLIS,SÃO PAULO,Brasil,,,,Cerrado,33,35,3522703,8,,221_075,3.9,POINT(-48.89701 -21.53508)
1815029839,45a8faa7-e0f8-3bdf-80bc-8b5233781215,-48.42349,-21.71306,2026-04-22 04:17:00+00:00,2026-04-22,NOAA-21,MATÃO,SÃO PAULO,Brasil,,,,Cerrado,33,35,3529302,8,,220_075,8.4,POINT(-48.42349 -21.71306)
1815029783,990a258e-7a2f-3a79-b14e-71770d9f059e,-45.33277,-12.05152,2026-04-22 04:17:00+00:00,2026-04-22,NOAA-21,BARREIRAS,BAHIA,Brasil,,,,Cerrado,33,29,2903201,8,,220_068,1.4,POINT(-45.33277 -12.05152)
1815029761,bf602764-3087-31e8-8e14-1cbcb76fd9e6,-51.67321,-18.48866,2026-04-22 04:17:00+00:00,2026-04-22,NOAA-21,ITARUMÃ,GOIÁS,Brasil,,,,Cerrado,33,52,5211305,8,,223_073,1.1,POINT(-51.67321 -18.48866)
1815029749,52871819-0152-3d69-98d6-a5a87146dfca,-43.65959,-11.77349,2026-04-22 04:17:00+00:00,2026-04-22,NOAA-21,BARRA,BAHIA,Brasil,,,,Cerrado,33,29,2902708,8,,219_068,6.1,POINT(-43.65959 -11.77349)
1815029733,b09fac2e-58b1-3fbf-8620-7d13ad7431df,-47.38917,-13.91128,2026-04-22 04:17:00+00:00,2026-04-22,NOAA-21,CAVALCANTE,GOIÁS,Brasil,,,,Cerrado,33,52,5205307,8,,221_070,2.7,POINT(-47.38917 -13.91128)
1815029725,402c160c-0a47-3306-98f2-db37f6c6809a,-41.21181,-11.4839,2026-04-22 04:17:00+00:00,2026-04-22,NOAA-21,MORRO DO CHAPÉU,BAHIA,Brasil,,,,Caatinga,33,29,2921708,8,,217_068,2.0,POINT(-41.21181 -11.4839)
1815029974,4e95cfbf-d910-365f-8c7e-4e6c075b4ec4,-45.22866,-12.02083,2026-04-22 04:17:00+00:00,2026-04-22,NOAA-21,BARREIRAS,BAHIA,Brasil,,,,Cerrado,33,29,2903201,8,,220_068,1.6,POINT(-45.22866 -12.02083)
1815029699,1f655a41-f085-3e06-a8a2-3b8bbcd86259,-49.59923,-18.42315,2026-04-22 04:17:00+00:00,2026-04-22,NOAA-21,ITUMBIARA,GOIÁS,Brasil,,,,Mata Atlântica,33,52,5211503,8,,222_073,7.4,POINT(-49.59923 -18.42315)
1815029624,0423f44d-4fb2-3c5b-a760-74f6d7e0370b,-44.03834,-13.5299,2026-04-22 04:17:00+00:00,2026-04-22,NOAA-21,SÃO FÉLIX DO CORIBE,BAHIA,Brasil,,,,Cerrado,33,29,2929057,8,,219_069,0.6,POINT(-44.03834 -13.5299)
1815029610,c29ec5e4-6ff3-3a70-b174-fdae9505bf28,-45.22618,-12.02806,2026-04-22 04:17:00+00:00,2026-04-22,NOAA-21,BARREIRAS,BAHIA,Brasil,,,,Cerrado,33,29,2903201,8,,220_068,1.1,POINT(-45.22618 -12.02806)
1815029538,6e08c063-0b52-3ea3-a4a5-f2f9b02e1886,-45.3358,-13.38147,2026-04-22 04:17:00+00:00,2026-04-22,NOAA-21,CORRENTINA,BAHIA,Brasil,,,,Cerrado,33,29,2909307,8,,220_069,1.5,POINT(-45.3358 -13.38147)
1815029513,904da72a-c65c-3353-b2df-1eae2e2e8219,-51.43392,-18.40319,2026-04-22 04:17:00+00:00,2026-04-22,NOAA-21,JATAÍ,GOIÁS,Brasil,,,,Cerrado,33,52,5211909,8,,223_073,0.7,POINT(-51.43392 -18.40319)
1815029504,04a59046-04b8-381e-9ae6-492934a45a3c,-49.59853,-18.41946,2026-04-22 04:17:00+00:00,2026-04-22,NOAA-21,ITUMBIARA,GOIÁS,Brasil,,,,Mata Atlântica,33,52,5211503,8,,222_073,2.6,POINT(-49.59853 -18.41946)
1815029502,9dbd21e7-9563-3fc3-a8f2-52ebf9c302f3,-45.33635,-13.38479,2026-04-22 04:17:00+00:00,2026-04-22,NOAA-21,CORRENTINA,BAHIA,Brasil,,,,Cerrado,33,29,2909307,8,,220_069,1.5,POINT(-45.33635 -13.38479)
1815029468,1d8c16b9-f968-3060-b97f-c16a6ebfce4e,-45.33745,-13.39144,2026-04-22 04:17:00+00:00,2026-04-22,NOAA-21,CORRENTINA,BAHIA,Brasil,,,,Cerrado,33,29,2909307,8,,220_069,0.9,POINT(-45.33745 -13.39144)
1815031498,2e55ab1e-c18c-3f43-a343-263a413bdf64,-43.652,-11.77126,2026-04-22 04:17:00+00:00,2026-04-22,NOAA-21,BARRA,BAHIA,Brasil,,,,Cerrado,33,29,2902708,8,,219_068,5.6,POINT(-43.652 -11.77126)
1815031604,28500381-1646-3cfc-8fec-a5667443314d,-43.79083,-13.44567,2026-04-22 04:17:00+00:00,2026-04-22,NOAA-21,SERRA DO RAMALHO,BAHIA,Brasil,,,,Cerrado,33,29,2930154,8,,219_069,0.6,POINT(-43.79083 -13.44567)
1815031624,41e9bc0e-5461-34f8-a553-955c31d8f95b,-50.91018,-19.37485,2026-04-22 04:17:00+00:00,2026-04-22,NOAA-21,ITAJÁ,GOIÁS,Brasil,,,,Mata Atlântica,33,52,5210802,8,,222_073,1.3,POINT(-50.91018 -19.37485)
1815031636,c9e25e1f-5b0a-34de-a1cf-fdbbfd4fc66d,-43.77732,-12.85295,2026-04-22 04:17:00+00:00,2026-04-22,NOAA-21,SERRA DOURADA,BAHIA,Brasil,,,,Cerrado,33,29,2930303,8,,219_069,1.0,POINT(-43.77732 -12.85295)
1815031700,4dc76514-94db-366b-b9f7-a82dcaa7569d,-45.18285,-14.90563,2026-04-22 04:17:00+00:00,2026-04-22,NOAA-21,BONITO DE MINAS,MINAS GERAIS,Brasil,,,,Cerrado,33,31,3108255,8,,219_070,0.4,POINT(-45.18285 -14.90563)
1815031713,cc1ece5a-0916-3ebd-a783-3c9f1231c57c,-48.42672,-21.70901,2026-04-22 04:17:00+00:00,2026-04-22,NOAA-21,MATÃO,SÃO PAULO,Brasil,,,,Cerrado,33,35,3529302,8,,220_075,6.2,POINT(-48.42672 -21.70901)
1815031740,f1206c73-92e6-3f6f-a53a-97b8e95fccba,-44.19329,-12.24497,2026-04-22 04:17:00+00:00,2026-04-22,NOAA-21,CRISTÓPOLIS,BAHIA,Brasil,,,,Cerrado,33,29,2909703,8,,219_068,1.4,POINT(-44.19329 -12.24497)
1815031790,3f5f7a25-4fdb-35c5-9474-b76b55cf5bee,-43.64899,-11.77512,2026-04-22 04:17:00+00:00,2026-04-22,NOAA-21,BARRA,BAHIA,Brasil,,,,Cerrado,33,29,2902708,8,,219_068,2.3,POINT(-43.64899 -11.77512)
1815031813,d1e3afa2-f588-37fb-a40b-42030e0fd368,-45.22509,-12.02139,2026-04-22 04:17:00+00:00,2026-04-22,NOAA-21,BARREIRAS,BAHIA,Brasil,,,,Cerrado,33,29,2903201,8,,220_068,0.8,POINT(-45.22509 -12.02139)
1815031857,b3f444dc-62b7-3c7b-8c26-20f6243e8e9e,-41.41156,-13.85005,2026-04-22 04:17:00+00:00,2026-04-22,NOAA-21,ITUAÇU,BAHIA,Brasil,,,,Caatinga,33,29,2917201,8,,217_070,0.9,POINT(-41.41156 -13.85005)
1815031862,9220b5f2-919d-35cd-8bbf-d8fdcdf8da61,-48.89635,-21.53162,2026-04-22 04:17:00+00:00,2026-04-22,NOAA-21,ITÁPOLIS,SÃO PAULO,Brasil,,,,Cerrado,33,35,3522703,8,,221_075,2.6,POINT(-48.89635 -21.53162)
1815031863,219ad846-65fd-37da-93a2-573e7ad8f682,-48.90111,-21.53439,2026-04-22 04:17:00+00:00,2026-04-22,NOAA-21,ITÁPOLIS,SÃO PAULO,Brasil,,,,Cerrado,33,35,3522703,8,,221_075,3.9,POINT(-48.90111 -21.53439)
1815031867,af852338-2a1b-3a65-b898-efa0988057f5,-48.42282,-21.70966,2026-04-22 04:17:00+00:00,2026-04-22,NOAA-21,MATÃO,SÃO PAULO,Brasil,,,,Cerrado,33,35,3529302,8,,220_075,8.4,POINT(-48.42282 -21.70966)
1815031897,b6129497-7678-31e8-a139-7d4e62a8504c,-45.33333,-13.38868,2026-04-22 04:17:00+00:00,2026-04-22,NOAA-21,CORRENTINA,BAHIA,Brasil,,,,Cerrado,33,29,2909307,8,,220_069,1.7,POINT(-45.33333 -13.38868)
1815031950,22faee16-88aa-37b9-9539-a0a99b14c2ba,-47.77047,-11.99872,2026-04-22 04:17:00+00:00,2026-04-22,NOAA-21,NATIVIDADE,TOCANTINS,Brasil,,,,Cerrado,33,17,1714203,8,,221_068,2.4,POINT(-47.77047 -11.99872)
1815032099,c28ffb2d-d7ab-35ac-9e73-9e2d74b98f92,-47.10397,-11.61323,2026-04-22 04:17:00+00:00,2026-04-22,NOAA-21,PORTO ALEGRE DO TOCANTINS,TOCANTINS,Brasil,,,,Cerrado,33,17,1718006,8,,221_068,2.3,POINT(-47.10397 -11.61323)
1815032119,b9626fd3-a988-3e3b-8e2f-21b7ccc836cf,-38.98558,-11.54282,2026-04-22 04:17:00+00:00,2026-04-22,NOAA-21,TEOFILÂNDIA,BAHIA,Brasil,,,,Caatinga,33,29,2931509,8,,216_068,0.7,POINT(-38.98558 -11.54282)
1815031350,3b96f178-3834-3139-859a-eada7189ae1e,-47.99969,-23.64926,2026-04-22 04:19:00+00:00,2026-04-22,NOAA-21,ITAPETININGA,SÃO PAULO,Brasil,,,,Cerrado,33,35,3522307,8,,220_076,1.1,POINT(-47.99969 -23.64926)
1815031385,a1ed0c80-9e4b-338c-a0d8-1b7076e3b903,-48.97248,-22.34513,2026-04-22 04:19:00+00:00,2026-04-22,NOAA-21,BAURU,SÃO PAULO,Brasil,,,,Cerrado,33,35,3506003,8,,221_075,0.6,POINT(-48.97248 -22.34513)
1815030524,11c3cb41-1740-379f-b216-81c52440a6cc,-50.95562,-22.68385,2026-04-22 04:19:00+00:00,2026-04-22,NOAA-21,IEPÊ,SÃO PAULO,Brasil,,,,Mata Atlântica,33,35,3519907,8,,222_076,1.4,POINT(-50.95562 -22.68385)
1815030496,067ac8ba-5a01-34f1-b4a6-8c7589b23792,-51.72688,-23.56561,2026-04-22 04:19:00+00:00,2026-04-22,NOAA-21,MANDAGUARI,PARANÁ,Brasil,,,,Mata Atlântica,33,41,4114203,8,,222_076,1.2,POINT(-51.72688 -23.56561)
1815028818,82c03aa8-b875-30b8-a38a-3ef05ccb367d,-46.83305,-17.16634,2026-04-22 04:19:00+00:00,2026-04-22,NOAA-21,PARACATU,MINAS GERAIS,Brasil,,,,Cerrado,33,31,3147006,8,,220_072,5.3,POINT(-46.83305 -17.16634)
1815028894,36a8c758-892f-365b-9f1f-573d09193c6f,-40.62504,-16.88842,2026-04-22 04:19:00+00:00,2026-04-22,NOAA-21,SANTA HELENA DE MINAS,MINAS GERAIS,Brasil,,,,Mata Atlântica,33,31,3157658,8,,216_072,0.9,POINT(-40.62504 -16.88842)
1815030054,8ba680e3-db7c-3f8c-a479-f0b52c95a8a2,-51.72933,-23.56691,2026-04-22 04:19:00+00:00,2026-04-22,NOAA-21,MANDAGUARI,PARANÁ,Brasil,,,,Mata Atlântica,33,41,4114203,8,,222_076,1.5,POINT(-51.72933 -23.56691)
1815029188,e90f638d-49ab-3be6-a054-045d6bb94f4a,-51.73211,-23.56465,2026-04-22 04:19:00+00:00,2026-04-22,NOAA-21,MANDAGUARI,PARANÁ,Brasil,,,,Mata Atlântica,33,41,4114203,8,,222_076,1.2,POINT(-51.73211 -23.56465)
1815032473,86682d40-fed3-3ff6-8eac-218cdf3331a5,-50.48886,-26.82806,2026-04-22 04:19:00+00:00,2026-04-22,NOAA-21,SANTA CECÍLIA,SANTA CATARINA,Brasil,,,,Mata Atlântica,33,42,4215505,8,,221_079,0.6,POINT(-50.48886 -26.82806)
1815031748,9795a669-e35f-3674-9ff1-fa1b8cfe2613,-51.06772,-27.95411,2026-04-22 04:19:00+00:00,2026-04-22,NOAA-21,ESMERALDA,RIO GRANDE DO SUL,Brasil,,,,Mata Atlântica,33,43,4307401,8,,221_079,1.2,POINT(-51.06772 -27.95411)
1815030442,7a062721-d6d5-3829-84f6-d757fd31b665,-47.94962,-15.88771,2026-04-22 04:19:00+00:00,2026-04-22,NOAA-21,BRASÍLIA,DISTRITO FEDERAL,Brasil,,,,Cerrado,33,53,5300108,8,,221_071,0.8,POINT(-47.94962 -15.88771)
1815030405,5298e308-fb11-3135-a965-238151a10174,-49.281,-25.26677,2026-04-22 04:19:00+00:00,2026-04-22,NOAA-21,ALMIRANTE TAMANDARÉ,PARANÁ,Brasil,,,,Mata Atlântica,33,41,4100400,8,,220_078,3.0,POINT(-49.281 -25.26677)
1815031150,4abaf0f3-8994-3206-bd86-35d6f2cdcaaa,-50.40257,-26.79642,2026-04-22 04:19:00+00:00,2026-04-22,NOAA-21,SANTA CECÍLIA,SANTA CATARINA,Brasil,,,,Mata Atlântica,33,42,4215505,8,,221_079,0.5,POINT(-50.40257 -26.79642)
1815031117,a6d00f9b-81dc-3179-a8bb-2c2f54a07c9d,-48.67162,-26.78825,2026-04-22 04:19:00+00:00,2026-04-22,NOAA-21,PENHA,SANTA CATARINA,Brasil,,,,Mata Atlântica,33,42,4212502,8,,220_079,0.8,POINT(-48.67162 -26.78825)
1815029731,4a97150f-1715-3e20-991c-0646f4cc8378,-51.74842,-28.47077,2026-04-22 04:19:00+00:00,2026-04-22,NOAA-21,SÃO JORGE,RIO GRANDE DO SUL,Brasil,,,,Mata Atlântica,33,43,4318440,8,,222_080,0.9,POINT(-51.74842 -28.47077)
1815028808,fa7e99dc-17c7-3eec-a99a-e80f3420869b,-50.05857,-28.1734,2026-04-22 04:19:00+00:00,2026-04-22,NOAA-21,SÃO JOAQUIM,SANTA CATARINA,Brasil,,,,Mata Atlântica,33,42,4216503,8,,220_080,0.8,POINT(-50.05857 -28.1734)
1815031893,73aa0a31-29e5-3e75-9ebf-1a2bc716768b,-44.41047,-17.91601,2026-04-22 04:19:00+00:00,2026-04-22,NOAA-21,LASSANCE,MINAS GERAIS,Brasil,,,,Cerrado,33,31,3138104,8,,218_072,0.6,POINT(-44.41047 -17.91601)
1815031894,ddacf5ee-8203-30a9-a350-a75582c09f9f,-50.05931,-28.17678,2026-04-22 04:19:00+00:00,2026-04-22,NOAA-21,SÃO JOAQUIM,SANTA CATARINA,Brasil,,,,Mata Atlântica,33,42,4216503,8,,220_080,0.5,POINT(-50.05931 -28.17678)
1815030270,d6041a4d-547e-30f3-9e34-ba7549378619,-47.63211,-23.54123,2026-04-22 04:19:00+00:00,2026-04-22,NOAA-21,ARAÇOIABA DA SERRA,SÃO PAULO,Brasil,,,,Mata Atlântica,33,35,3502903,8,,220_076,0.4,POINT(-47.63211 -23.54123)
1815031900,96de66b8-fead-38d4-8603-e86810d3f58a,-50.77735,-24.93134,2026-04-22 04:19:00+00:00,2026-04-22,NOAA-21,IPIRANGA,PARANÁ,Brasil,,,,Mata Atlântica,33,41,4110508,8,,221_077,0.7,POINT(-50.77735 -24.93134)
1815031009,919aaae3-dcf4-3235-a0b0-9c795d0fb594,-50.8641,-25.81801,2026-04-22 04:19:00+00:00,2026-04-22,NOAA-21,MALLET,PARANÁ,Brasil,,,,Mata Atlântica,33,41,4113908,8,,221_078,1.0,POINT(-50.8641 -25.81801)
1815032023,5f9ea030-5ab0-36dd-8e0f-6b7854214d42,-49.62433,-26.89869,2026-04-22 04:19:00+00:00,2026-04-22,NOAA-21,JOSÉ BOITEUX,SANTA CATARINA,Brasil,,,,Mata Atlântica,33,42,4209151,8,,220_079,0.6,POINT(-49.62433 -26.89869)
1815032062,491e7f17-f100-3fa4-a815-68a0b5389c9c,-56.65907,-13.99038,2026-04-22 04:19:00+00:00,2026-04-22,NOAA-21,DIAMANTINO,MATO GROSSO,Brasil,,,,Cerrado,33,51,5103502,8,,227_070,3.1,POINT(-56.65907 -13.99038)
1815030938,9b9c6dcc-71dd-38aa-b79c-03a5d1428c76,-46.83364,-17.16971,2026-04-22 04:19:00+00:00,2026-04-22,NOAA-21,PARACATU,MINAS GERAIS,Brasil,,,,Cerrado,33,31,3147006,8,,220_072,0.2,POINT(-46.83364 -17.16971)
1815032117,a327cae4-2022-317d-b137-dfc9dae57495,-52.33649,-26.21689,2026-04-22 04:19:00+00:00,2026-04-22,NOAA-21,HONÓRIO SERPA,PARANÁ,Brasil,,,,Mata Atlântica,33,41,4109658,8,,222_078,2.7,POINT(-52.33649 -26.21689)
1815030850,c09c297c-c58e-3410-bcd9-889ffa310b6c,-47.17374,-22.93367,2026-04-22 04:19:00+00:00,2026-04-22,NOAA-21,CAMPINAS,SÃO PAULO,Brasil,,,,Mata Atlântica,33,35,3509502,8,,219_076,0.4,POINT(-47.17374 -22.93367)
1815029506,1de6cadb-d86f-395c-9032-d1e80892f0cc,-49.28031,-25.26338,2026-04-22 04:19:00+00:00,2026-04-22,NOAA-21,ALMIRANTE TAMANDARÉ,PARANÁ,Brasil,,,,Mata Atlântica,33,41,4100400,8,,220_078,0.6,POINT(-49.28031 -25.26338)
1815030621,78d7e5cc-40fd-3140-9184-298329b7acec,-50.95081,-22.68472,2026-04-22 04:19:00+00:00,2026-04-22,NOAA-21,IEPÊ,SÃO PAULO,Brasil,,,,Mata Atlântica,33,35,3519907,8,,222_076,1.4,POINT(-50.95081 -22.68472)
1815029635,539b2f28-4b56-339c-afa1-34db599b6a63,-51.06696,-27.95443,2026-04-22 04:19:00+00:00,2026-04-22,NOAA-21,ESMERALDA,RIO GRANDE DO SUL,Brasil,,,,Mata Atlântica,33,43,4307401,8,,221_079,1.1,POINT(-51.06696 -27.95443)
1815033482,ad191087-e336-36a9-a3f3-939bb03d48ad,-45.23265,-12.00917,2026-04-22 04:46:00+00:00,2026-04-22,NPP-375D,BARREIRAS,BAHIA,Brasil,,,,Cerrado,33,29,2903201,8,,220_068,0.6,POINT(-45.23265 -12.00917)
1815032757,40bba6cc-5a4b-348d-bf73-dbe9cd2d6270,-45.33562,-12.05134,2026-04-22 04:46:00+00:00,2026-04-22,NPP-375D,BARREIRAS,BAHIA,Brasil,,,,Cerrado,33,29,2903201,8,,220_068,0.6,POINT(-45.33562 -12.05134)
1815032815,986b0838-808c-3aa8-b900-f5817ac7a50c,-57.17949,-12.30404,2026-04-22 04:46:00+00:00,2026-04-22,NPP-375D,NOVA MARINGÁ,MATO GROSSO,Brasil,,,,Amazônia,33,51,5108907,8,,227_069,0.6,POINT(-57.17949 -12.30404)
1815032822,9563c708-f04b-354c-8270-f79ecb2e606d,-43.77768,-12.8553,2026-04-22 04:46:00+00:00,2026-04-22,NPP-375D,SERRA DOURADA,BAHIA,Brasil,,,,Cerrado,33,29,2930303,8,,219_069,1.1,POINT(-43.77768 -12.8553)
1815032979,d4403b9c-4658-3b68-9005-e94e9b16d8ec,-54.76279,-12.50282,2026-04-22 04:46:00+00:00,2026-04-22,NPP-375D,FELIZ NATAL,MATO GROSSO,Brasil,,,,Amazônia,33,51,5103700,8,,226_069,0.3,POINT(-54.76279 -12.50282)
1815033047,bc0f711e-5494-3a22-8209-54de985f0c52,-45.33389,-13.38224,2026-04-22 04:46:00+00:00,2026-04-22,NPP-375D,CORRENTINA,BAHIA,Brasil,,,,Cerrado,33,29,2909307,8,,220_069,2.2,POINT(-45.33389 -13.38224)
1815033133,d35baa61-93c3-385c-8014-eb7e9e8366e9,-47.10509,-11.61189,2026-04-22 04:46:00+00:00,2026-04-22,NPP-375D,PORTO ALEGRE DO TOCANTINS,TOCANTINS,Brasil,,,,Cerrado,33,17,1718006,8,,221_068,1.0,POINT(-47.10509 -11.61189)
1815033221,4d4e6e21-3b1c-36e9-a9e0-f63e52340dce,-43.65415,-11.77151,2026-04-22 04:46:00+00:00,2026-04-22,NPP-375D,BARRA,BAHIA,Brasil,,,,Cerrado,33,29,2902708,8,,219_068,5.8,POINT(-43.65415 -11.77151)
1815033275,39cd487f-4e21-3154-8207-3d13f3391561,-45.2283,-12.01485,2026-04-22 04:46:00+00:00,2026-04-22,NPP-375D,BARREIRAS,BAHIA,Brasil,,,,Cerrado,33,29,2903201,8,,220_068,0.8,POINT(-45.2283 -12.01485)
1815033328,0f2808f8-ae1d-399a-a2f6-a609278cb3bb,-45.22937,-12.01391,2026-04-22 04:46:00+00:00,2026-04-22,NPP-375D,BARREIRAS,BAHIA,Brasil,,,,Cerrado,33,29,2903201,8,,220_068,0.8,POINT(-45.22937 -12.01391)
1815033372,badef388-c55e-381a-bcbb-3c3466fccc4f,-43.84324,-11.90845,2026-04-22 04:46:00+00:00,2026-04-22,NPP-375D,WANDERLEY,BAHIA,Brasil,,,,Cerrado,33,29,2933455,8,,219_068,1.6,POINT(-43.84324 -11.90845)
1815033436,f235ea8b-7af6-3fee-80be-dfd1a2f54c2e,-43.65909,-11.77085,2026-04-22 04:46:00+00:00,2026-04-22,NPP-375D,BARRA,BAHIA,Brasil,,,,Cerrado,33,29,2902708,8,,219_068,4.7,POINT(-43.65909 -11.77085)
1815033498,861b2555-eabd-3af4-97f5-03b25a2e36a7,-54.77259,-12.34981,2026-04-22 04:46:00+00:00,2026-04-22,NPP-375D,FELIZ NATAL,MATO GROSSO,Brasil,,,,Amazônia,33,51,5103700,8,,226_069,1.1,POINT(-54.77259 -12.34981)
1815033514,281caf0d-6907-31c4-98d2-6de5b88b045c,-45.32989,-13.3828,2026-04-22 04:46:00+00:00,2026-04-22,NPP-375D,CORRENTINA,BAHIA,Brasil,,,,Cerrado,33,29,2909307,8,,220_069,2.1,POINT(-45.32989 -13.3828)
1815033538,59cbaea2-c970-3efd-b571-65fd254a985d,-45.3385,-13.38593,2026-04-22 04:46:00+00:00,2026-04-22,NPP-375D,CORRENTINA,BAHIA,Brasil,,,,Cerrado,33,29,2909307,8,,220_069,1.5,POINT(-45.3385 -13.38593)
1815033622,81ed7f3f-2d0a-38b5-af84-c5e992335abf,-44.62931,-12.28598,2026-04-22 04:46:00+00:00,2026-04-22,NPP-375D,CATOLÂNDIA,BAHIA,Brasil,,,,Cerrado,33,29,2907400,8,,219_069,0.7,POINT(-44.62931 -12.28598)
1815033705,3d14183b-aaed-3c53-8f3b-6a3aa2ead781,-45.22503,-12.01956,2026-04-22 04:46:00+00:00,2026-04-22,NPP-375D,BARREIRAS,BAHIA,Brasil,,,,Cerrado,33,29,2903201,8,,220_068,0.7,POINT(-45.22503 -12.01956)
1815033804,b8332e10-d30b-3e16-967e-66ab431b68f0,-52.14535,-12.63695,2026-04-22 04:46:00+00:00,2026-04-22,NPP-375D,QUERÊNCIA,MATO GROSSO,Brasil,,,,Amazônia,33,51,5107065,8,,224_069,0.9,POINT(-52.14535 -12.63695)
1815033902,f45a0f25-864b-3a49-8df3-c2de85db1fd1,-43.65484,-11.77615,2026-04-22 04:46:00+00:00,2026-04-22,NPP-375D,BARRA,BAHIA,Brasil,,,,Cerrado,33,29,2902708,8,,219_068,1.5,POINT(-43.65484 -11.77615)
1815033927,50a955c4-2f8b-3e95-89b7-3fbf9f9daf10,-52.14591,-12.64031,2026-04-22 04:46:00+00:00,2026-04-22,NPP-375D,QUERÊNCIA,MATO GROSSO,Brasil,,,,Amazônia,33,51,5107065,8,,224_069,0.9,POINT(-52.14591 -12.64031)
1815033981,9bfd9e14-d6a3-3824-8b07-9a6267c78fa2,-45.22609,-12.01865,2026-04-22 04:46:00+00:00,2026-04-22,NPP-375D,BARREIRAS,BAHIA,Brasil,,,,Cerrado,33,29,2903201,8,,220_068,0.8,POINT(-45.22609 -12.01865)
1815034145,6f7455cc-86d0-3aab-b5fc-0ffedfaafb87,-45.22624,-12.02795,2026-04-22 04:46:00+00:00,2026-04-22,NPP-375D,BARREIRAS,BAHIA,Brasil,,,,Cerrado,33,29,2903201,8,,220_068,1.0,POINT(-45.22624 -12.02795)
1815034277,5b8f3ee9-7523-30ef-83f3-abcdeb14e50f,-45.33341,-13.38977,2026-04-22 04:46:00+00:00,2026-04-22,NPP-375D,CORRENTINA,BAHIA,Brasil,,,,Cerrado,33,29,2909307,8,,220_069,1.3,POINT(-45.33341 -13.38977)
1815034497,3a16d472-0479-3809-aa81-c136b3f46cec,-43.64991,-11.77682,2026-04-22 04:46:00+00:00,2026-04-22,NPP-375D,BARRA,BAHIA,Brasil,,,,Cerrado,33,29,2902708,8,,219_068,1.5,POINT(-43.64991 -11.77682)
1815034498,1859ebc3-afdd-37b7-bdc8-e635dc8352dd,-44.44282,-13.63461,2026-04-22 04:46:00+00:00,2026-04-22,NPP-375D,CORIBE,BAHIA,Brasil,,,,Cerrado,33,29,2909109,8,,219_069,3.7,POINT(-44.44282 -13.63461)
1815034777,07a28822-30fd-3868-81b4-b55cf439fd49,-45.33509,-13.39073,2026-04-22 04:46:00+00:00,2026-04-22,NPP-375D,CORRENTINA,BAHIA,Brasil,,,,Cerrado,33,29,2909307,8,,220_069,1.5,POINT(-45.33509 -13.39073)
1815034849,9c0c61db-a524-36ff-b874-5e486b7bff0e,-43.77579,-12.85318,2026-04-22 04:46:00+00:00,2026-04-22,NPP-375D,SERRA DOURADA,BAHIA,Brasil,,,,Cerrado,33,29,2930303,8,,219_069,1.0,POINT(-43.77579 -12.85318)
1815034852,77de85e5-750b-3a1e-a073-70beb2a62f62,-45.3391,-13.39017,2026-04-22 04:46:00+00:00,2026-04-22,NPP-375D,CORRENTINA,BAHIA,Brasil,,,,Cerrado,33,29,2909307,8,,220_069,1.5,POINT(-45.3391 -13.39017)
1815034892,2600ff99-8315-39d0-a978-66e493a68edf,-43.83809,-11.97472,2026-04-22 04:46:00+00:00,2026-04-22,NPP-375D,WANDERLEY,BAHIA,Brasil,,,,Cerrado,33,29,2933455,8,,219_068,0.9,POINT(-43.83809 -11.97472)
1815034978,a23b87a6-a8e0-33bd-905f-9ef60e654b21,-45.33742,-13.38925,2026-04-22 04:46:00+00:00,2026-04-22,NPP-375D,CORRENTINA,BAHIA,Brasil,,,,Cerrado,33,29,2909307,8,,220_069,1.3,POINT(-45.33742 -13.38925)
1815035085,fd203c1f-711c-30bd-a273-751f7c6d9a0c,-45.22563,-12.02376,2026-04-22 04:46:00+00:00,2026-04-22,NPP-375D,BARREIRAS,BAHIA,Brasil,,,,Cerrado,33,29,2903201,8,,220_068,0.7,POINT(-45.22563 -12.02376)
1815035137,27d212d1-721a-34a1-8975-ab8728728f6d,-43.64923,-11.77218,2026-04-22 04:46:00+00:00,2026-04-22,NPP-375D,BARRA,BAHIA,Brasil,,,,Cerrado,33,29,2902708,8,,219_068,5.8,POINT(-43.64923 -11.77218)
1815035272,663cb30e-00b0-3489-bb0f-75129c5d63a9,-43.84799,-11.90782,2026-04-22 04:46:00+00:00,2026-04-22,NPP-375D,WANDERLEY,BAHIA,Brasil,,,,Cerrado,33,29,2933455,8,,219_068,1.3,POINT(-43.84799 -11.90782)
1815035373,3f9c6f4f-a5d3-3105-bd1c-1cc5b3af58d6,-45.33183,-12.05186,2026-04-22 04:46:00+00:00,2026-04-22,NPP-375D,BARREIRAS,BAHIA,Brasil,,,,Cerrado,33,29,2903201,8,,220_068,0.6,POINT(-45.33183 -12.05186)
1815035450,c855b807-2ed8-30a2-92f8-8ddc0004a8da,-45.3373,-13.37745,2026-04-22 04:46:00+00:00,2026-04-22,NPP-375D,CORRENTINA,BAHIA,Brasil,,,,Cerrado,33,29,2909307,8,,220_069,2.2,POINT(-45.3373 -13.37745)
1815035518,6ae7ecb9-8b2c-3178-9fc4-386456d87836,-47.77212,-11.99711,2026-04-22 04:46:00+00:00,2026-04-22,NPP-375D,NATIVIDADE,TOCANTINS,Brasil,,,,Cerrado,33,17,1714203,8,,221_068,2.2,POINT(-47.77212 -11.99711)
1815035537,f1de811a-d43e-3af9-80c3-f3ffe0178d3d,-45.22998,-12.0181,2026-04-22 04:46:00+00:00,2026-04-22,NPP-375D,BARREIRAS,BAHIA,Brasil,,,,Cerrado,33,29,2903201,8,,220_068,0.8,POINT(-45.22998 -12.0181)
1815035579,ea705acf-6db7-3eb1-839c-3583dfae5477,-47.76791,-11.99773,2026-04-22 04:46:00+00:00,2026-04-22,NPP-375D,NATIVIDADE,TOCANTINS,Brasil,,,,Cerrado,33,17,1714203,8,,221_068,2.2,POINT(-47.76791 -11.99773)
1815035588,a7acae0f-d3c7-3f93-8276-62a9da5bcbbe,-43.65977,-11.77549,2026-04-22 04:46:00+00:00,2026-04-22,NPP-375D,BARRA,BAHIA,Brasil,,,,Cerrado,33,29,2902708,8,,219_068,8.9,POINT(-43.65977 -11.77549)
1815035622,89166514-baa4-34be-9546-df2a0aa9a2e9,-57.18368,-12.30327,2026-04-22 04:46:00+00:00,2026-04-22,NPP-375D,NOVA MARINGÁ,MATO GROSSO,Brasil,,,,Amazônia,33,51,5108907,8,,227_069,0.6,POINT(-57.18368 -12.30327)
1815035627,9195a088-3b57-3ef5-9f14-6c7fb7a76dbe,-43.6443,-11.77284,2026-04-22 04:46:00+00:00,2026-04-22,NPP-375D,BARRA,BAHIA,Brasil,,,,Cerrado,33,29,2902708,8,,219_068,2.0,POINT(-43.6443 -11.77284)
1815035734,28e2a2eb-8278-3af8-ac18-f10a37590dbd,-45.23158,-12.01014,2026-04-22 04:46:00+00:00,2026-04-22,NPP-375D,BARREIRAS,BAHIA,Brasil,,,,Cerrado,33,29,2903201,8,,220_068,1.0,POINT(-45.23158 -12.01014)
1815035760,a3120a23-c5c9-3a00-a17f-d4e215953d53,-47.38994,-13.91014,2026-04-22 04:46:00+00:00,2026-04-22,NPP-375D,CAVALCANTE,GOIÁS,Brasil,,,,Cerrado,33,52,5205307,8,,221_070,1.1,POINT(-47.38994 -13.91014)
1815035876,ddfe095d-912c-37b9-a241-4cdfc9062fcb,-43.64854,-11.76753,2026-04-22 04:46:00+00:00,2026-04-22,NPP-375D,BARRA,BAHIA,Brasil,,,,Cerrado,33,29,2902708,8,,219_068,5.8,POINT(-43.64854 -11.76753)
1815035907,8d126c4f-7056-3203-afe1-d35a63caf151,-43.84289,-11.97407,2026-04-22 04:46:00+00:00,2026-04-22,NPP-375D,WANDERLEY,BAHIA,Brasil,,,,Cerrado,33,29,2933455,8,,219_068,0.9,POINT(-43.84289 -11.97407)
1815036065,9c6d3f98-8d75-3540-9f43-68bc75eb2c49,-52.14173,-12.63754,2026-04-22 04:46:00+00:00,2026-04-22,NPP-375D,QUERÊNCIA,MATO GROSSO,Brasil,,,,Amazônia,33,51,5107065,8,,224_069,0.7,POINT(-52.14173 -12.63754)
1815036119,30a9ff3c-7acc-36ef-9aaa-994741559eab,-45.3379,-13.38169,2026-04-22 04:46:00+00:00,2026-04-22,NPP-375D,CORRENTINA,BAHIA,Brasil,,,,Cerrado,33,29,2909307,8,,220_069,2.2,POINT(-45.3379 -13.38169)
1815036287,f2614038-6e94-3322-92ff-f868d29361da,-45.22891,-12.01904,2026-04-22 04:46:00+00:00,2026-04-22,NPP-375D,BARREIRAS,BAHIA,Brasil,,,,Cerrado,33,29,2903201,8,,220_068,0.7,POINT(-45.22891 -12.01904)
1815036438,73035120-7a93-3452-b038-5aa6373a12d0,-43.65554,-11.78079,2026-04-22 04:46:00+00:00,2026-04-22,NPP-375D,BARRA,BAHIA,Brasil,,,,Cerrado,33,29,2902708,8,,219_068,1.5,POINT(-43.65554 -11.78079)
1815036880,827e7ca3-3a8a-3c05-ae34-1dbedca672e0,-47.77632,-11.9965,2026-04-22 04:46:00+00:00,2026-04-22,NPP-375D,NATIVIDADE,TOCANTINS,Brasil,,,,Cerrado,33,17,1714203,8,,221_068,1.0,POINT(-47.77632 -11.9965)
1815036920,da9ff98c-45a0-341b-bdde-d557db28d8dd,-43.68711,-13.21061,2026-04-22 04:46:00+00:00,2026-04-22,NPP-375D,BOM JESUS DA LAPA,BAHIA,Brasil,,,,Cerrado,33,29,2903904,8,,219_069,1.3,POINT(-43.68711 -13.21061)
1815036964,650df751-bb98-3e61-9332-877fa8a8a7b1,-45.33329,-13.378,2026-04-22 04:46:00+00:00,2026-04-22,NPP-375D,CORRENTINA,BAHIA,Brasil,,,,Cerrado,33,29,2909307,8,,220_069,2.2,POINT(-45.33329 -13.378)
1815037022,4263d252-c85a-30a7-bc15-4f475546b30d,-45.34191,-13.38114,2026-04-22 04:46:00+00:00,2026-04-22,NPP-375D,CORRENTINA,BAHIA,Brasil,,,,Cerrado,33,29,2909307,8,,220_069,1.0,POINT(-45.34191 -13.38114)
1815037089,4d8fd2a8-505a-34a8-93af-a3091cf1cc3e,-45.22952,-12.02323,2026-04-22 04:46:00+00:00,2026-04-22,NPP-375D,BARREIRAS,BAHIA,Brasil,,,,Cerrado,33,29,2903201,8,,220_068,0.7,POINT(-45.22952 -12.02323)
1815037132,2e4bbcc7-4bb2-384a-93ce-1e8ce008b62d,-43.65347,-11.76687,2026-04-22 04:46:00+00:00,2026-04-22,NPP-375D,BARRA,BAHIA,Brasil,,,,Cerrado,33,29,2902708,8,,219_068,5.8,POINT(-43.65347 -11.76687)
1815037257,d524e293-8a6b-318d-81b8-06736ea8b7f2,-45.33449,-13.38649,2026-04-22 04:46:00+00:00,2026-04-22,NPP-375D,CORRENTINA,BAHIA,Brasil,,,,Cerrado,33,29,2909307,8,,220_069,1.5,POINT(-45.33449 -13.38649)
1815037300,5f87cc1e-a39a-3529-8d79-931ba7424863,-44.62877,-12.28159,2026-04-22 04:46:00+00:00,2026-04-22,NPP-375D,CATOLÂNDIA,BAHIA,Brasil,,,,Cerrado,33,29,2907400,8,,219_069,0.6,POINT(-44.62877 -12.28159)
1815037358,af0f6b5d-36db-3854-8f28-33a6f8194c15,-45.33048,-13.38704,2026-04-22 04:46:00+00:00,2026-04-22,NPP-375D,CORRENTINA,BAHIA,Brasil,,,,Cerrado,33,29,2909307,8,,220_069,2.9,POINT(-45.33048 -13.38704)
1815034736,dcfd5b40-5b3e-3af2-b719-76e7a156a09d,-56.65813,-13.98675,2026-04-22 04:49:00+00:00,2026-04-22,NPP-375D,DIAMANTINO,MATO GROSSO,Brasil,,,,Cerrado,33,51,5103502,8,,227_070,1.4,POINT(-56.65813 -13.98675)
1815036966,6e4bbf7c-6345-3ada-9938-38ee694a7253,-46.83516,-17.16392,2026-04-22 04:49:00+00:00,2026-04-22,NPP-375D,PARACATU,MINAS GERAIS,Brasil,,,,Cerrado,33,31,3147006,8,,220_072,1.4,POINT(-46.83516 -17.16392)
1815036374,b10add3a-9f66-3a89-9f8f-8a74291066dc,-48.90351,-21.53476,2026-04-22 04:49:00+00:00,2026-04-22,NPP-375D,ITÁPOLIS,SÃO PAULO,Brasil,,,,Cerrado,33,35,3522703,8,,221_075,2.0,POINT(-48.90351 -21.53476)
1815036801,6ea004a1-3357-3e4a-8223-274010ddf48c,-56.62997,-13.99752,2026-04-22 04:49:00+00:00,2026-04-22,NPP-375D,DIAMANTINO,MATO GROSSO,Brasil,,,,Cerrado,33,51,5103502,8,,227_070,0.7,POINT(-56.62997 -13.99752)
1815032829,f723b1af-facf-3d15-9e8d-a7940363eddd,-52.81378,-16.50639,2026-04-22 04:49:00+00:00,2026-04-22,NPP-375D,RIBEIRÃOZINHO,MATO GROSSO,Brasil,,,,Cerrado,33,51,5107198,8,,224_071,0.3,POINT(-52.81378 -16.50639)
1815035793,58e89dc9-db36-3128-9f3f-4856612f45f6,-56.63278,-13.99564,2026-04-22 04:49:00+00:00,2026-04-22,NPP-375D,DIAMANTINO,MATO GROSSO,Brasil,,,,Cerrado,33,51,5103502,8,,227_070,1.3,POINT(-56.63278 -13.99564)
1815035692,136e3e46-5bed-319c-bec5-f1512e5fdd97,-56.66185,-13.98606,2026-04-22 04:49:00+00:00,2026-04-22,NPP-375D,DIAMANTINO,MATO GROSSO,Brasil,,,,Cerrado,33,51,5103502,8,,227_070,1.4,POINT(-56.66185 -13.98606)
1815035526,b212462d-b992-3733-bc0c-7c66080b82c4,-46.83443,-17.16402,2026-04-22 04:49:00+00:00,2026-04-22,NPP-375D,PARACATU,MINAS GERAIS,Brasil,,,,Cerrado,33,31,3147006,8,,220_072,0.9,POINT(-46.83443 -17.16402)
1815035465,f7f00657-0abd-3198-a6cf-d11fe694954b,-53.2938,-13.24523,2026-04-22 04:49:00+00:00,2026-04-22,NPP-375D,GAÚCHA DO NORTE,MATO GROSSO,Brasil,,,,Amazônia,33,51,5103858,8,,225_069,1.2,POINT(-53.2938 -13.24523)
1815033020,63b7e5b6-b328-3c6e-81fe-de75da657239,-48.89805,-21.5316,2026-04-22 04:49:00+00:00,2026-04-22,NPP-375D,ITÁPOLIS,SÃO PAULO,Brasil,,,,Cerrado,33,35,3522703,8,,221_075,5.9,POINT(-48.89805 -21.5316)
1815035290,7be88616-6ce7-3578-9910-1b4f4079b9ff,-56.6591,-13.98816,2026-04-22 04:49:00+00:00,2026-04-22,NPP-375D,DIAMANTINO,MATO GROSSO,Brasil,,,,Cerrado,33,51,5103502,8,,227_070,1.4,POINT(-56.6591 -13.98816)
1815037169,3d24673f-6b1c-3fd5-a555-9669049fa17d,-48.65252,-21.46843,2026-04-22 04:49:00+00:00,2026-04-22,NPP-375D,TAQUARITINGA,SÃO PAULO,Brasil,,,,Cerrado,33,35,3553708,8,,221_075,2.5,POINT(-48.65252 -21.46843)
1815033129,c2ecf97b-4288-3e35-b259-86d16c6f0ec9,-51.4353,-18.40315,2026-04-22 04:49:00+00:00,2026-04-22,NPP-375D,JATAÍ,GOIÁS,Brasil,,,,Cerrado,33,52,5211909,8,,223_073,0.7,POINT(-51.4353 -18.40315)
1815035273,8056f4d9-0d2a-3113-a4f2-052c4f8f268c,-47.76983,-14.49469,2026-04-22 04:49:00+00:00,2026-04-22,NPP-375D,SÃO JOÃO D'ALIANÇA,GOIÁS,Brasil,,,,Cerrado,33,52,5220009,8,,221_070,1.0,POINT(-47.76983 -14.49469)
1815033353,b70340f1-e174-347b-b1da-f2c244a4acda,-53.28993,-13.24587,2026-04-22 04:49:00+00:00,2026-04-22,NPP-375D,GAÚCHA DO NORTE,MATO GROSSO,Brasil,,,,Amazônia,33,51,5103858,8,,225_069,1.2,POINT(-53.28993 -13.24587)
1815033356,d78e162b-5281-3531-adf6-1dc43e384dc5,-51.67224,-18.48528,2026-04-22 04:49:00+00:00,2026-04-22,NPP-375D,SERRANÓPOLIS,GOIÁS,Brasil,,,,Cerrado,33,52,5220504,8,,223_073,0.8,POINT(-51.67224 -18.48528)
1815035092,2457813f-cd5d-3702-85f1-fbc79b6e9f1a,-49.29276,-16.93766,2026-04-22 04:49:00+00:00,2026-04-22,NPP-375D,HIDROLÂNDIA,GOIÁS,Brasil,,,,Cerrado,33,52,5209705,8,,222_072,0.4,POINT(-49.29276 -16.93766)
1815033795,59305269-8493-39e9-8139-79ccbd482c72,-48.90291,-21.53096,2026-04-22 04:49:00+00:00,2026-04-22,NPP-375D,ITÁPOLIS,SÃO PAULO,Brasil,,,,Cerrado,33,35,3522703,8,,221_075,1.9,POINT(-48.90291 -21.53096)
1815035015,844e93a9-e48a-34aa-8e9d-43ac1f96e91d,-50.908,-19.37207,2026-04-22 04:49:00+00:00,2026-04-22,NPP-375D,ITAJÁ,GOIÁS,Brasil,,,,Mata Atlântica,33,52,5210802,8,,222_073,0.7,POINT(-50.908 -19.37207)
1815035006,55a0908f-2934-31af-8bb0-fccc38b345db,-50.98759,-20.15715,2026-04-22 04:49:00+00:00,2026-04-22,NPP-375D,RUBINÉIA,SÃO PAULO,Brasil,,,,Mata Atlântica,33,35,3544509,8,,222_074,1.9,POINT(-50.98759 -20.15715)
1815034953,28fb7356-154a-3220-8fff-928edf24053f,-56.64694,-13.98881,2026-04-22 04:49:00+00:00,2026-04-22,NPP-375D,DIAMANTINO,MATO GROSSO,Brasil,,,,Cerrado,33,51,5103502,8,,227_070,0.4,POINT(-56.64694 -13.98881)
1815037273,fe53fc62-b14c-3400-b2bc-7b6cffe50fae,-48.6582,-21.47161,2026-04-22 04:49:00+00:00,2026-04-22,NPP-375D,TAQUARITINGA,SÃO PAULO,Brasil,,,,Cerrado,33,35,3553708,8,,221_075,2.5,POINT(-48.6582 -21.47161)
1815036214,98bb2393-0d65-3f20-8bd7-11db02e4dd34,-51.43587,-18.4065,2026-04-22 04:49:00+00:00,2026-04-22,NPP-375D,JATAÍ,GOIÁS,Brasil,,,,Cerrado,33,52,5211909,8,,223_073,0.8,POINT(-51.43587 -18.4065)
1815034310,b490fcb2-de06-3156-b7e7-af47b3d967d7,-48.6174,-20.86032,2026-04-22 04:49:00+00:00,2026-04-22,NPP-375D,BEBEDOURO,SÃO PAULO,Brasil,,,,Cerrado,33,35,3506102,8,,221_074,1.0,POINT(-48.6174 -20.86032)
1815034377,0568d289-7445-33dc-8d53-28a9c990199a,-56.66283,-13.9875,2026-04-22 04:49:00+00:00,2026-04-22,NPP-375D,DIAMANTINO,MATO GROSSO,Brasil,,,,Cerrado,33,51,5103502,8,,227_070,1.4,POINT(-56.66283 -13.9875)
1815034919,b47dfef9-f522-36b2-92c9-4bfe67b320df,-51.43216,-18.40707,2026-04-22 04:49:00+00:00,2026-04-22,NPP-375D,JATAÍ,GOIÁS,Brasil,,,,Cerrado,33,52,5211909,8,,223_073,0.8,POINT(-51.43216 -18.40707)
1815034544,7033793f-b158-3e87-97b2-95231322c93e,-46.83504,-17.16808,2026-04-22 04:49:00+00:00,2026-04-22,NPP-375D,PARACATU,MINAS GERAIS,Brasil,,,,Cerrado,33,31,3147006,8,,220_072,3.7,POINT(-46.83504 -17.16808)
1815034193,435e8797-6602-3ca6-b3df-95c05f921946,-47.77029,-14.49841,2026-04-22 04:49:00+00:00,2026-04-22,NPP-375D,SÃO JOÃO D'ALIANÇA,GOIÁS,Brasil,,,,Cerrado,33,52,5220009,8,,221_070,1.0,POINT(-47.77029 -14.49841)
1815036106,89a5f1e6-8685-3543-9286-4e00463ecca8,-48.6576,-21.46777,2026-04-22 04:49:00+00:00,2026-04-22,NPP-375D,TAQUARITINGA,SÃO PAULO,Brasil,,,,Cerrado,33,35,3553708,8,,221_075,2.5,POINT(-48.6576 -21.46777)
1815036949,7e8a95c1-66cd-3905-92c2-11a7c0bfb260,-48.62786,-20.86283,2026-04-22 04:49:00+00:00,2026-04-22,NPP-375D,MONTE AZUL PAULISTA,SÃO PAULO,Brasil,,,,Mata Atlântica,33,35,3531506,8,,221_074,3.5,POINT(-48.62786 -20.86283)
1815035990,041056f3-a401-3472-bc77-32e5f2afd6c7,-56.6337,-13.99686,2026-04-22 04:49:00+00:00,2026-04-22,NPP-375D,DIAMANTINO,MATO GROSSO,Brasil,,,,Cerrado,33,51,5103502,8,,227_070,0.7,POINT(-56.6337 -13.99686)
1815032725,f91444f9-5a37-3a70-aaaf-4327e86f0392,-56.6432,-13.9895,2026-04-22 04:49:00+00:00,2026-04-22,NPP-375D,DIAMANTINO,MATO GROSSO,Brasil,,,,Cerrado,33,51,5103502,8,,227_070,0.4,POINT(-56.6432 -13.9895)
1815036640,23646df1-b263-376a-a0cf-9d33b0211108,-48.89865,-21.5354,2026-04-22 04:49:00+00:00,2026-04-22,NPP-375D,ITÁPOLIS,SÃO PAULO,Brasil,,,,Cerrado,33,35,3522703,8,,221_075,2.5,POINT(-48.89865 -21.5354)
1815033103,ebf764c9-a770-3fb8-8b7a-4e62f6cbfb8b,-48.67176,-26.78876,2026-04-22 04:51:00+00:00,2026-04-22,NPP-375D,PENHA,SANTA CATARINA,Brasil,,,,Mata Atlântica,33,42,4212502,8,,220_079,0.7,POINT(-48.67176 -26.78876)
1815032942,6db484bb-1d06-381b-9711-cf3f2e82db47,-52.07697,-24.35221,2026-04-22 04:51:00+00:00,2026-04-22,NPP-375D,IRETAMA,PARANÁ,Brasil,,,,Mata Atlântica,33,41,4110805,8,,222_077,0.7,POINT(-52.07697 -24.35221)
1815036286,14fd3899-b84e-38f7-83ce-42656da308ab,-54.89226,-22.58614,2026-04-22 04:51:00+00:00,2026-04-22,NPP-375D,CAARAPÓ,MATO GROSSO DO SUL,Brasil,,,,Mata Atlântica,33,50,5002407,8,,224_076,0.5,POINT(-54.89226 -22.58614)
1815034200,be3f7e7a-efde-3b9e-a652-85b2cd8cb19a,-50.95122,-22.68211,2026-04-22 04:51:00+00:00,2026-04-22,NPP-375D,IEPÊ,SÃO PAULO,Brasil,,,,Mata Atlântica,33,35,3519907,8,,222_076,1.2,POINT(-50.95122 -22.68211)
1815036733,671030f8-6517-3506-ab0a-519dfa8c8e71,-51.06539,-27.95316,2026-04-22 04:51:00+00:00,2026-04-22,NPP-375D,ESMERALDA,RIO GRANDE DO SUL,Brasil,,,,Mata Atlântica,33,43,4307401,8,,221_079,1.2,POINT(-51.06539 -27.95316)
1815037224,89b5c80a-6400-38e7-bd51-85983f6c3912,-49.28271,-25.2671,2026-04-22 04:51:00+00:00,2026-04-22,NPP-375D,ALMIRANTE TAMANDARÉ,PARANÁ,Brasil,,,,Mata Atlântica,33,41,4100400,8,,220_078,1.7,POINT(-49.28271 -25.2671)
1815035008,c4319eb2-a02c-3364-86b8-cf3f23b331d0,-48.429,-21.71176,2026-04-22 04:51:00+00:00,2026-04-22,NPP-375D,MATÃO,SÃO PAULO,Brasil,,,,Cerrado,33,35,3529302,8,,220_075,4.3,POINT(-48.429 -21.71176)
1815032736,2aa40f5a-99d7-3285-aa0f-ca25b27f4fd1,-53.74961,-24.94929,2026-04-22 04:51:00+00:00,2026-04-22,NPP-375D,SÃO PEDRO DO IGUAÇU,PARANÁ,Brasil,,,,Mata Atlântica,33,41,4125753,8,,223_077,0.6,POINT(-53.74961 -24.94929)
1815036486,34dad249-7c3a-35fc-accb-10c65f1d6e5d,-51.44155,-24.91791,2026-04-22 04:51:00+00:00,2026-04-22,NPP-375D,TURVO,PARANÁ,Brasil,,,,Mata Atlântica,33,41,4127965,8,,222_077,0.8,POINT(-51.44155 -24.91791)
1815033925,d9e043d6-e1a8-328d-b387-25d96bfc2d51,-54.89614,-22.58549,2026-04-22 04:51:00+00:00,2026-04-22,NPP-375D,CAARAPÓ,MATO GROSSO DO SUL,Brasil,,,,Mata Atlântica,33,50,5002407,8,,224_076,0.5,POINT(-54.89614 -22.58549)
1815034572,2b0dbc01-af70-3063-86da-0d64778e82d3,-49.2821,-25.2632,2026-04-22 04:51:00+00:00,2026-04-22,NPP-375D,ALMIRANTE TAMANDARÉ,PARANÁ,Brasil,,,,Mata Atlântica,33,41,4100400,8,,220_078,1.7,POINT(-49.2821 -25.2632)
1815035212,5f102142-7f74-3149-bb9f-a60c1b4a2e49,-50.27327,-25.49902,2026-04-22 04:51:00+00:00,2026-04-22,NPP-375D,PALMEIRA,PARANÁ,Brasil,,,,Mata Atlântica,33,41,4117701,8,,221_078,2.7,POINT(-50.27327 -25.49902)
1815034823,33c30148-d949-38e8-9487-761ef79a7d86,-50.27264,-25.49532,2026-04-22 04:51:00+00:00,2026-04-22,NPP-375D,PALMEIRA,PARANÁ,Brasil,,,,Mata Atlântica,33,41,4117701,8,,221_078,2.7,POINT(-50.27264 -25.49532)
1815037352,495c325a-2b37-3ac8-becc-964b58887344,-48.42369,-21.71244,2026-04-22 04:51:00+00:00,2026-04-22,NPP-375D,MATÃO,SÃO PAULO,Brasil,,,,Cerrado,33,35,3529302,8,,220_075,11.4,POINT(-48.42369 -21.71244)
1815036203,de2de5ae-7774-36fe-88a5-6b97b6e53dde,-50.95179,-22.68561,2026-04-22 04:51:00+00:00,2026-04-22,NPP-375D,IEPÊ,SÃO PAULO,Brasil,,,,Mata Atlântica,33,35,3519907,8,,222_076,1.2,POINT(-50.95179 -22.68561)
1815037372,30883e61-d919-3044-836d-15a8262dea59,-51.4441,-24.91801,2026-04-22 04:51:00+00:00,2026-04-22,NPP-375D,TURVO,PARANÁ,Brasil,,,,Mata Atlântica,33,41,4127965,8,,222_077,0.9,POINT(-51.4441 -24.91801)
1815036043,94b766f5-10e0-33a3-ab67-bc62a733c063,-48.42319,-21.70851,2026-04-22 04:51:00+00:00,2026-04-22,NPP-375D,MATÃO,SÃO PAULO,Brasil,,,,Cerrado,33,35,3529302,8,,220_075,1.6,POINT(-48.42319 -21.70851)
1815038062,73a91d93-4e8d-34e3-92d7-b89d8613c9df,-60.29302,2.90261,2026-04-22 05:04:00+00:00,2026-04-22,NOAA-20,BONFIM,RORAIMA,Brasil,,,,Amazônia,33,14,1400159,8,,232_058,2.3,POINT(-60.29302 2.90261)
1815043766,c29df258-7e3b-3c77-9a86-e253ffbb1f1c,-47.76979,-14.49372,2026-04-22 05:08:00+00:00,2026-04-22,NOAA-20,SÃO JOÃO D'ALIANÇA,GOIÁS,Brasil,,,,Cerrado,33,52,5220009,8,,221_070,0.5,POINT(-47.76979 -14.49372)
1815037427,542907c8-7769-34c4-b2d0-d951a90eb270,-47.76978,-14.49406,2026-04-22 05:08:00+00:00,2026-04-22,NOAA-20,SÃO JOÃO D'ALIANÇA,GOIÁS,Brasil,,,,Cerrado,33,52,5220009,8,,221_070,0.6,POINT(-47.76978 -14.49406)
1815037442,e6be664b-62be-3d56-bccc-305590b91928,-58.07263,-11.91617,2026-04-22 05:08:00+00:00,2026-04-22,NOAA-20,BRASNORTE,MATO GROSSO,Brasil,,,,Amazônia,33,51,5101902,8,,228_068,1.2,POINT(-58.07263 -11.91617)
1815037470,28dd9d79-9e8b-37aa-b8b2-b3544b92514b,-53.29032,-13.24646,2026-04-22 05:08:00+00:00,2026-04-22,NOAA-20,GAÚCHA DO NORTE,MATO GROSSO,Brasil,,,,Amazônia,33,51,5103858,8,,225_069,5.6,POINT(-53.29032 -13.24646)
1815037641,644d2069-6f88-35bd-9fd4-34d152705a20,-45.334,-13.38128,2026-04-22 05:08:00+00:00,2026-04-22,NOAA-20,CORRENTINA,BAHIA,Brasil,,,,Cerrado,33,29,2909307,8,,220_069,2.1,POINT(-45.334 -13.38128)
1815037739,69b1ebc4-a195-3213-a53a-4608f82cfb86,-56.63316,-13.99513,2026-04-22 05:08:00+00:00,2026-04-22,NOAA-20,DIAMANTINO,MATO GROSSO,Brasil,,,,Cerrado,33,51,5103502,8,,227_070,0.6,POINT(-56.63316 -13.99513)
1815037815,a48021d7-62a0-3e8b-bf43-ff0dd0fec19e,-45.23026,-12.01386,2026-04-22 05:08:00+00:00,2026-04-22,NOAA-20,BARREIRAS,BAHIA,Brasil,,,,Cerrado,33,29,2903201,8,,220_068,1.2,POINT(-45.23026 -12.01386)
1815037853,b074951a-0ae8-379a-b768-b9f5f447d75d,-53.29501,-13.24578,2026-04-22 05:08:00+00:00,2026-04-22,NOAA-20,GAÚCHA DO NORTE,MATO GROSSO,Brasil,,,,Amazônia,33,51,5103858,8,,225_069,1.4,POINT(-53.29501 -13.24578)
1815038476,9cbce186-69b4-3216-a8ac-ae1a3b3e0f90,-45.22591,-12.02077,2026-04-22 05:08:00+00:00,2026-04-22,NOAA-20,BARREIRAS,BAHIA,Brasil,,,,Cerrado,33,29,2903201,8,,220_068,1.1,POINT(-45.22591 -12.02077)
1815038516,fe45f303-a5ba-383a-9ed3-db1aba17e35c,-47.77005,-14.49931,2026-04-22 05:08:00+00:00,2026-04-22,NOAA-20,SÃO JOÃO D'ALIANÇA,GOIÁS,Brasil,,,,Cerrado,33,52,5220009,8,,221_070,0.5,POINT(-47.77005 -14.49931)
1815038750,c585c0a8-293f-37c6-8067-9043255e997e,-45.22668,-12.02709,2026-04-22 05:08:00+00:00,2026-04-22,NOAA-20,BARREIRAS,BAHIA,Brasil,,,,Cerrado,33,29,2903201,8,,220_068,1.1,POINT(-45.22668 -12.02709)
1815039680,61205ffa-ad2d-3aac-ac32-5dc49e3a2204,-56.66137,-13.98736,2026-04-22 05:08:00+00:00,2026-04-22,NOAA-20,DIAMANTINO,MATO GROSSO,Brasil,,,,Cerrado,33,51,5103502,8,,227_070,1.5,POINT(-56.66137 -13.98736)
1815040378,bacbb65c-8a16-32cb-9c08-f04c51972be7,-45.33546,-13.38305,2026-04-22 05:08:00+00:00,2026-04-22,NOAA-20,CORRENTINA,BAHIA,Brasil,,,,Cerrado,33,29,2909307,8,,220_069,2.3,POINT(-45.33546 -13.38305)
1815040462,4cb723dc-b064-3bea-828f-ec1f024d3f38,-43.65155,-11.76866,2026-04-22 05:08:00+00:00,2026-04-22,NOAA-20,BARRA,BAHIA,Brasil,,,,Cerrado,33,29,2902708,8,,219_068,3.4,POINT(-43.65155 -11.76866)
1815041447,3a6df49e-ac58-3434-aa85-e1714d4f0af9,-45.33474,-13.38766,2026-04-22 05:08:00+00:00,2026-04-22,NOAA-20,CORRENTINA,BAHIA,Brasil,,,,Cerrado,33,29,2909307,8,,220_069,2.1,POINT(-45.33474 -13.38766)
1815042256,e01de16a-d1a8-3430-b12f-9bfd89cd0278,-45.33018,-13.38361,2026-04-22 05:08:00+00:00,2026-04-22,NOAA-20,CORRENTINA,BAHIA,Brasil,,,,Cerrado,33,29,2909307,8,,220_069,1.6,POINT(-45.33018 -13.38361)
1815042311,e76d0763-2e7c-3b42-87ed-2e22504bc0cc,-56.65778,-13.98791,2026-04-22 05:08:00+00:00,2026-04-22,NOAA-20,DIAMANTINO,MATO GROSSO,Brasil,,,,Cerrado,33,51,5103502,8,,227_070,1.1,POINT(-56.65778 -13.98791)
1815042315,361b5423-16ff-3389-9dbe-0664384acaf6,-56.62956,-13.99568,2026-04-22 05:08:00+00:00,2026-04-22,NOAA-20,DIAMANTINO,MATO GROSSO,Brasil,,,,Cerrado,33,51,5103502,8,,227_070,1.3,POINT(-56.62956 -13.99568)
1815042368,320ae72a-4310-37c4-a9e1-20f18c86d0f4,-56.63981,-13.99068,2026-04-22 05:08:00+00:00,2026-04-22,NOAA-20,DIAMANTINO,MATO GROSSO,Brasil,,,,Cerrado,33,51,5103502,8,,227_070,0.6,POINT(-56.63981 -13.99068)
1815042653,43b4e000-5766-3bd1-a72c-e916fa73921e,-47.76999,-14.49966,2026-04-22 05:08:00+00:00,2026-04-22,NOAA-20,SÃO JOÃO D'ALIANÇA,GOIÁS,Brasil,,,,Cerrado,33,52,5220009,8,,221_070,0.4,POINT(-47.76999 -14.49966)
1815043227,1c166d89-8f04-3658-ab58-50c112f61df1,-52.14304,-12.6381,2026-04-22 05:08:00+00:00,2026-04-22,NOAA-20,QUERÊNCIA,MATO GROSSO,Brasil,,,,Amazônia,33,51,5107065,8,,224_069,1.4,POINT(-52.14304 -12.6381)
1815043513,22ecc845-2be5-3e06-b4c1-389f3ae67236,-58.07207,-11.91283,2026-04-22 05:08:00+00:00,2026-04-22,NOAA-20,BRASNORTE,MATO GROSSO,Brasil,,,,Amazônia,33,51,5101902,8,,228_068,1.2,POINT(-58.07207 -11.91283)
1815043617,8a3fcf58-e952-393f-8e2b-71fefd797dca,-54.77125,-12.34935,2026-04-22 05:08:00+00:00,2026-04-22,NOAA-20,FELIZ NATAL,MATO GROSSO,Brasil,,,,Amazônia,33,51,5103700,8,,226_069,0.9,POINT(-54.77125 -12.34935)
1815043882,866281e7-06cf-33a0-a3f3-fbf5a88df209,-54.61391,-12.55011,2026-04-22 05:08:00+00:00,2026-04-22,NOAA-20,NOVA UBIRATÃ,MATO GROSSO,Brasil,,,,Amazônia,33,51,5106240,8,,226_069,1.2,POINT(-54.61391 -12.55011)
1815044438,4434758f-52a3-3180-a81c-7a34cb8c690f,-56.30064,-18.89866,2026-04-22 05:10:00+00:00,2026-04-22,NOAA-20,CORUMBÁ,MATO GROSSO DO SUL,Brasil,,,,Pantanal,33,50,5003207,8,,226_073,0.7,POINT(-56.30064 -18.89866)
1815043204,b9284527-a56e-3a98-8184-0ebd91b06cbe,-49.48816,-18.70603,2026-04-22 05:10:00+00:00,2026-04-22,NOAA-20,CAPINÓPOLIS,MINAS GERAIS,Brasil,,,,Cerrado,33,31,3112604,8,,222_073,0.9,POINT(-49.48816 -18.70603)
1815037956,856aaded-b44c-35b7-87f9-61efe38421b6,-50.9872,-20.15475,2026-04-22 05:10:00+00:00,2026-04-22,NOAA-20,RUBINÉIA,SÃO PAULO,Brasil,,,,Mata Atlântica,33,35,3544509,8,,222_074,1.3,POINT(-50.9872 -20.15475)
1815037918,9e56e4b9-41c8-3bbf-91ea-94098a6f7650,-56.30523,-18.90156,2026-04-22 05:10:00+00:00,2026-04-22,NOAA-20,CORUMBÁ,MATO GROSSO DO SUL,Brasil,,,,Pantanal,33,50,5003207,8,,226_073,1.4,POINT(-56.30523 -18.90156)
1815043749,8b8f83d0-9aa6-33a4-b3d3-f4524c9551bf,-48.89823,-21.52822,2026-04-22 05:10:00+00:00,2026-04-22,NOAA-20,ITÁPOLIS,SÃO PAULO,Brasil,,,,Cerrado,33,35,3522703,8,,221_075,1.4,POINT(-48.89823 -21.52822)
1815043809,30fdbc22-be81-39ba-9bc1-fc316016c87c,-49.59438,-18.42791,2026-04-22 05:10:00+00:00,2026-04-22,NOAA-20,ITUMBIARA,GOIÁS,Brasil,,,,Mata Atlântica,33,52,5211503,8,,222_073,1.3,POINT(-49.59438 -18.42791)
1815037796,816b5e42-c377-3c7a-9a8a-beb92ff9fa34,-48.4272,-21.71279,2026-04-22 05:10:00+00:00,2026-04-22,NOAA-20,MATÃO,SÃO PAULO,Brasil,,,,Cerrado,33,35,3529302,8,,220_075,3.7,POINT(-48.4272 -21.71279)
1815044020,ad8aae72-af71-31e1-9054-06d76782a43b,-48.42278,-21.7132,2026-04-22 05:10:00+00:00,2026-04-22,NOAA-20,MATÃO,SÃO PAULO,Brasil,,,,Cerrado,33,35,3529302,8,,220_075,3.1,POINT(-48.42278 -21.7132)
1815044141,eb8acd7b-3220-37d3-a70a-dbf3309a92c0,-51.43428,-18.40682,2026-04-22 05:10:00+00:00,2026-04-22,NOAA-20,JATAÍ,GOIÁS,Brasil,,,,Cerrado,33,52,5211909,8,,223_073,1.2,POINT(-51.43428 -18.40682)
1815041230,90071ba7-4445-3a80-9c4e-85773d73e937,-48.90211,-21.52785,2026-04-22 05:10:00+00:00,2026-04-22,NOAA-20,ITÁPOLIS,SÃO PAULO,Brasil,,,,Cerrado,33,35,3522703,8,,221_075,1.1,POINT(-48.90211 -21.52785)
1815041217,c7836e9e-274a-3a63-9502-59f6d725aeaa,-48.65718,-21.4683,2026-04-22 05:10:00+00:00,2026-04-22,NOAA-20,TAQUARITINGA,SÃO PAULO,Brasil,,,,Cerrado,33,35,3553708,8,,221_075,2.0,POINT(-48.65718 -21.4683)
1815040697,04c18aea-e1a5-3659-bf16-26d891d39588,-48.63012,-20.85945,2026-04-22 05:10:00+00:00,2026-04-22,NOAA-20,MONTE AZUL PAULISTA,SÃO PAULO,Brasil,,,,Mata Atlântica,33,35,3531506,8,,221_074,1.3,POINT(-48.63012 -20.85945)
1815040537,e68bd95a-b36f-3271-b403-7fb745bdfc3a,-56.69364,-15.75686,2026-04-22 05:10:00+00:00,2026-04-22,NOAA-20,NOSSA SENHORA DO LIVRAMENTO,MATO GROSSO,Brasil,,,,Cerrado,33,51,5106109,8,,227_071,0.6,POINT(-56.69364 -15.75686)
1815041997,cd9d980b-3ba6-3d4c-9d83-373680cd09aa,-48.42695,-21.70695,2026-04-22 05:10:00+00:00,2026-04-22,NOAA-20,MATÃO,SÃO PAULO,Brasil,,,,Cerrado,33,35,3529302,8,,220_075,3.7,POINT(-48.42695 -21.70695)
1815037624,89e3dead-86cc-3c09-afe3-2ad238c47471,-48.90279,-21.53346,2026-04-22 05:10:00+00:00,2026-04-22,NOAA-20,ITÁPOLIS,SÃO PAULO,Brasil,,,,Cerrado,33,35,3522703,8,,221_075,2.3,POINT(-48.90279 -21.53346)
1815044441,471733af-a596-319b-b572-0e7434b6162d,-48.65302,-21.4687,2026-04-22 05:10:00+00:00,2026-04-22,NOAA-20,TAQUARITINGA,SÃO PAULO,Brasil,,,,Cerrado,33,35,3553708,8,,221_075,2.0,POINT(-48.65302 -21.4687)
1815042422,68b65483-c38b-3886-8e18-6b40ac83ae35,-48.89502,-21.5342,2026-04-22 05:10:00+00:00,2026-04-22,NOAA-20,ITÁPOLIS,SÃO PAULO,Brasil,,,,Cerrado,33,35,3522703,8,,221_075,2.0,POINT(-48.89502 -21.5342)
1815040288,6e3347bc-4493-3d7f-a4cb-e00f26660f4e,-49.5912,-18.42827,2026-04-22 05:10:00+00:00,2026-04-22,NOAA-20,ITUMBIARA,GOIÁS,Brasil,,,,Mata Atlântica,33,52,5211503,8,,222_073,1.9,POINT(-49.5912 -18.42827)
1815039620,4636f752-2b1b-347b-a95c-f6c115bf8631,-56.30547,-15.42096,2026-04-22 05:10:00+00:00,2026-04-22,NOAA-20,VÁRZEA GRANDE,MATO GROSSO,Brasil,,,,Cerrado,33,51,5108402,8,,226_071,0.6,POINT(-56.30547 -15.42096)
1815039301,b82f96a8-8666-30c1-9c26-4b7b898bb888,-48.62621,-20.85983,2026-04-22 05:10:00+00:00,2026-04-22,NOAA-20,MONTE AZUL PAULISTA,SÃO PAULO,Brasil,,,,Mata Atlântica,33,35,3531506,8,,221_074,1.6,POINT(-48.62621 -20.85983)
1815042583,2ea7ac65-256b-3d89-8031-86e56d89481e,-54.89333,-22.58525,2026-04-22 05:10:00+00:00,2026-04-22,NOAA-20,CAARAPÓ,MATO GROSSO DO SUL,Brasil,,,,Mata Atlântica,33,50,5002407,8,,224_076,1.4,POINT(-54.89333 -22.58525)
1815039168,d73af527-6583-3c9e-bab5-dbe36ceccf87,-50.95603,-22.68472,2026-04-22 05:10:00+00:00,2026-04-22,NOAA-20,IEPÊ,SÃO PAULO,Brasil,,,,Mata Atlântica,33,35,3519907,8,,222_076,2.6,POINT(-50.95603 -22.68472)
1815042796,0698c0d2-58a4-349f-af81-e1d33a569879,-48.42248,-21.70737,2026-04-22 05:10:00+00:00,2026-04-22,NOAA-20,MATÃO,SÃO PAULO,Brasil,,,,Cerrado,33,35,3529302,8,,220_075,3.1,POINT(-48.42248 -21.70737)
1815038986,f39483aa-12a5-3d04-84d8-921f5717ded6,-48.89894,-21.53383,2026-04-22 05:10:00+00:00,2026-04-22,NOAA-20,ITÁPOLIS,SÃO PAULO,Brasil,,,,Cerrado,33,35,3522703,8,,221_075,2.0,POINT(-48.89894 -21.53383)
1815043127,78d30b81-9fff-354c-9a80-f5eb0db43232,-50.94984,-22.68535,2026-04-22 05:10:00+00:00,2026-04-22,NOAA-20,IEPÊ,SÃO PAULO,Brasil,,,,Mata Atlântica,33,35,3519907,8,,222_076,3.8,POINT(-50.94984 -22.68535)
1815043196,ff9dc881-7d36-31ec-802e-de9714cf5ca1,-46.83583,-17.16695,2026-04-22 05:10:00+00:00,2026-04-22,NOAA-20,PARACATU,MINAS GERAIS,Brasil,,,,Cerrado,33,31,3147006,8,,220_072,2.3,POINT(-46.83583 -17.16695)
1815042367,d1bb08bb-e2ca-3a1c-bfb9-6c269c5f88f4,-50.27027,-25.49524,2026-04-22 05:12:00+00:00,2026-04-22,NOAA-20,PALMEIRA,PARANÁ,Brasil,,,,Mata Atlântica,33,41,4117701,8,,221_078,1.6,POINT(-50.27027 -25.49524)
1815037872,9a6e1f58-22e9-3fc2-81a9-f2f76a62cb50,-51.44228,-24.919,2026-04-22 05:12:00+00:00,2026-04-22,NOAA-20,TURVO,PARANÁ,Brasil,,,,Mata Atlântica,33,41,4127965,8,,222_077,0.8,POINT(-51.44228 -24.919)
1815041046,a3862a5e-92c7-3763-bf6a-13aae686b52f,-50.27406,-25.49491,2026-04-22 05:12:00+00:00,2026-04-22,NOAA-20,PALMEIRA,PARANÁ,Brasil,,,,Mata Atlântica,33,41,4117701,8,,221_078,1.8,POINT(-50.27406 -25.49491)
1815038619,f62f14c8-285b-3306-b44f-2329cda05fcb,-50.27439,-25.49784,2026-04-22 05:12:00+00:00,2026-04-22,NOAA-20,PALMEIRA,PARANÁ,Brasil,,,,Mata Atlântica,33,41,4117701,8,,221_078,2.3,POINT(-50.27439 -25.49784)
1815041981,49eb66ff-5757-36b7-89ff-7d53e5bca260,-51.06514,-27.95019,2026-04-22 05:12:00+00:00,2026-04-22,NOAA-20,ESMERALDA,RIO GRANDE DO SUL,Brasil,,,,Mata Atlântica,33,43,4307401,8,,221_079,0.9,POINT(-51.06514 -27.95019)
1815035371,08882860-7de3-37bf-b3d0-96c9d759ccaf,-43.64461,-11.76412,2026-04-22 05:40:00+00:00,2026-04-22,AQUA_M-M,BARRA,BAHIA,Brasil,,,,Cerrado,33,29,2902708,8,,219_068,22.4,POINT(-43.64461 -11.76412)
1815035456,3b7bfa6e-ac04-3814-ab6a-b9fb8e391ef4,-43.65173,-11.77512,2026-04-22 05:40:00+00:00,2026-04-22,AQUA_M-M,BARRA,BAHIA,Brasil,,,,Cerrado,33,29,2902708,8,,219_068,29.6,POINT(-43.65173 -11.77512)
1815035255,83d7e43a-38b6-3609-b831-684f87caf98e,-43.64463,-11.76412,2026-04-22 05:40:00+00:00,2026-04-22,AQUA_M-M,BARRA,BAHIA,Brasil,,,,Cerrado,33,29,2902708,8,,219_068,22.4,POINT(-43.64463 -11.76412)
1815032945,39b42ee9-5a92-3168-8a41-2eb048df01cc,-43.65171,-11.77512,2026-04-22 05:40:00+00:00,2026-04-22,AQUA_M-M,BARRA,BAHIA,Brasil,,,,Cerrado,33,29,2902708,8,,219_068,29.6,POINT(-43.65171 -11.77512)
1815087207,7ffca1d7-33aa-3656-8bdd-bc9d3f55def0,-45.3243,-13.3761,2026-04-22 11:20:00+00:00,2026-04-22,GOES-19,CORRENTINA,BAHIA,Brasil,,,,Cerrado,33,29,2909307,8,,220_069,99.7,POINT(-45.3243 -13.3761)
1815087210,225af52c-2774-339c-9deb-224e600a3d8d,-45.3243,-13.3761,2026-04-22 11:30:00+00:00,2026-04-22,GOES-19,CORRENTINA,BAHIA,Brasil,,,,Cerrado,33,29,2909307,8,,220_069,127.8,POINT(-45.3243 -13.3761)
1815087303,27e44fdc-598a-3df7-beac-74dd2faf25f2,-45.3243,-13.3761,2026-04-22 11:40:00+00:00,2026-04-22,GOES-19,CORRENTINA,BAHIA,Brasil,,,,Cerrado,33,29,2909307,8,,220_069,120.7,POINT(-45.3243 -13.3761)
1815089711,7be42739-2986-39fa-b8e7-ef34a7e4020c,-45.3243,-13.3761,2026-04-22 11:50:00+00:00,2026-04-22,GOES-19,CORRENTINA,BAHIA,Brasil,,,,Cerrado,33,29,2909307,8,,220_069,153.3,POINT(-45.3243 -13.3761)
1815089933,b8e6e354-fd8f-3b94-8fad-bb4467c7e187,-45.321,-13.3955,2026-04-22 12:00:00+00:00,2026-04-22,GOES-19,CORRENTINA,BAHIA,Brasil,,,,Cerrado,33,29,2909307,8,,220_069,97.6,POINT(-45.321 -13.3955)
1815089931,c6933635-d3a3-3e11-aa4e-18bcdb076108,-45.3243,-13.3761,2026-04-22 12:00:00+00:00,2026-04-22,GOES-19,CORRENTINA,BAHIA,Brasil,,,,Cerrado,33,29,2909307,8,,220_069,169.2,POINT(-45.3243 -13.3761)
1815091682,c36178e8-120f-399e-937b-780aa2e41c1d,-44.19263,-12.23496,2026-04-22 12:02:00+00:00,2026-04-22,TERRA_M-T,CRISTÓPOLIS,BAHIA,Brasil,,,,Cerrado,33,29,2909703,8,,219_068,16.0,POINT(-44.19263 -12.23496)
1815090441,375d7737-e678-335e-8666-7c558336507b,-43.65582,-11.78667,2026-04-22 12:02:00+00:00,2026-04-22,TERRA_M-T,BARRA,BAHIA,Brasil,,,,Cerrado,33,29,2902708,8,,219_068,12.0,POINT(-43.65582 -11.78667)
1815092690,d8b546d7-1e83-3cfa-91e4-40ea996eaac7,-44.17796,-12.23683,2026-04-22 12:02:00+00:00,2026-04-22,TERRA_M-T,CRISTÓPOLIS,BAHIA,Brasil,,,,Cerrado,33,29,2909703,8,,219_068,19.7,POINT(-44.17796 -12.23683)
1815093426,0f1845cf-9e86-32e9-90a4-ded386130a87,-43.65425,-11.77517,2026-04-22 12:02:00+00:00,2026-04-22,TERRA_M-T,BARRA,BAHIA,Brasil,,,,Cerrado,33,29,2902708,8,,219_068,38.4,POINT(-43.65425 -11.77517)
1815093584,5a612ccc-d3fd-34c8-a370-73cf95b5dd35,-43.64809,-11.77796,2026-04-22 12:02:00+00:00,2026-04-22,TERRA_M-T,BARRA,BAHIA,Brasil,,,,Cerrado,33,29,2902708,8,,219_068,25.9,POINT(-43.64809 -11.77796)
1815098775,1c76a43c-b986-3af3-8e19-005a6eed5afa,-44.19261,-12.23496,2026-04-22 12:02:00+00:00,2026-04-22,TERRA_M-T,CRISTÓPOLIS,BAHIA,Brasil,,,,Cerrado,33,29,2909703,8,,219_068,16.0,POINT(-44.19261 -12.23496)
1815100394,df144016-393b-3fd8-b880-1ee3656a3ff8,-43.65423,-11.77517,2026-04-22 12:02:00+00:00,2026-04-22,TERRA_M-T,BARRA,BAHIA,Brasil,,,,Cerrado,33,29,2902708,8,,219_068,38.4,POINT(-43.65423 -11.77517)
1815100685,ec88d7ba-fa14-3c08-8180-b393e0e44739,-43.64807,-11.77796,2026-04-22 12:02:00+00:00,2026-04-22,TERRA_M-T,BARRA,BAHIA,Brasil,,,,Cerrado,33,29,2902708,8,,219_068,25.9,POINT(-43.64807 -11.77796)
1815101367,c5aae7d6-d314-3b9e-aa0a-0e62689acc41,-43.65581,-11.78667,2026-04-22 12:02:00+00:00,2026-04-22,TERRA_M-T,BARRA,BAHIA,Brasil,,,,Cerrado,33,29,2902708,8,,219_068,12.0,POINT(-43.65581 -11.78667)
1815101451,a76dc933-55b5-3a53-bfaa-793b38a1cf7c,-44.17795,-12.23684,2026-04-22 12:02:00+00:00,2026-04-22,TERRA_M-T,CRISTÓPOLIS,BAHIA,Brasil,,,,Cerrado,33,29,2909703,8,,219_068,19.7,POINT(-44.17795 -12.23684)
1815100064,7f9af03e-877d-3acb-ad55-a3f9edc0b3ab,-43.79269,-13.45148,2026-04-22 12:04:00+00:00,2026-04-22,TERRA_M-T,SERRA DO RAMALHO,BAHIA,Brasil,,,,Cerrado,33,29,2930154,8,,219_069,10.1,POINT(-43.79269 -13.45148)
1815099659,a7719611-096a-336f-bf74-762edbea613b,-48.41148,-20.7275,2026-04-22 12:04:00+00:00,2026-04-22,TERRA_M-T,JABORANDI,SÃO PAULO,Brasil,,,,Cerrado,33,35,3524204,8,,221_074,7.8,POINT(-48.41148 -20.7275)
1815099542,a71c9bb3-8653-3608-8327-14ad05070f4e,-45.33064,-13.39015,2026-04-22 12:04:00+00:00,2026-04-22,TERRA_M-T,CORRENTINA,BAHIA,Brasil,,,,Cerrado,33,29,2909307,8,,220_069,56.4,POINT(-45.33064 -13.39015)
1815099329,94d95cc7-593e-3d07-8e07-aa4208e90c12,-46.54054,-15.85687,2026-04-22 12:04:00+00:00,2026-04-22,TERRA_M-T,UNAÍ,MINAS GERAIS,Brasil,,,,Cerrado,33,31,3170404,8,,220_071,20.5,POINT(-46.54054 -15.85687)
1815099275,6989bff8-4f06-3185-9595-96a3b9acfc37,-46.64175,-12.39634,2026-04-22 12:04:00+00:00,2026-04-22,TERRA_M-T,TAGUATINGA,TOCANTINS,Brasil,,,,Cerrado,33,17,1720903,8,,221_069,9.0,POINT(-46.64175 -12.39634)
1815099235,f7c89e11-fab8-36a2-aa86-a7b0381e654c,-45.32325,-13.38383,2026-04-22 12:04:00+00:00,2026-04-22,TERRA_M-T,CORRENTINA,BAHIA,Brasil,,,,Cerrado,33,29,2909307,8,,220_069,184.6,POINT(-45.32325 -13.38383)
1815089989,8e63f0b5-5b3d-381f-bd7d-1683d61c19fc,-45.33065,-13.39015,2026-04-22 12:04:00+00:00,2026-04-22,TERRA_M-T,CORRENTINA,BAHIA,Brasil,,,,Cerrado,33,29,2909307,8,,220_069,56.4,POINT(-45.33065 -13.39015)
1815090738,a9d65380-ee2d-3fa2-add6-bdf9b0f9f198,-51.28136,-15.27693,2026-04-22 12:04:00+00:00,2026-04-22,TERRA_M-T,JUSSARA,GOIÁS,Brasil,,,,Cerrado,33,52,5212204,8,,223_071,7.6,POINT(-51.28136 -15.27693)
1815098578,d034773b-9674-3d5e-aca8-a5549d7fe829,-51.28135,-15.27693,2026-04-22 12:04:00+00:00,2026-04-22,TERRA_M-T,JUSSARA,GOIÁS,Brasil,,,,Cerrado,33,52,5212204,8,,223_071,7.6,POINT(-51.28135 -15.27693)
1815091108,34a1425f-cb61-3366-9a2d-331c77b62df2,-43.79271,-13.45148,2026-04-22 12:04:00+00:00,2026-04-22,TERRA_M-T,SERRA DO RAMALHO,BAHIA,Brasil,,,,Cerrado,33,29,2930154,8,,219_069,10.1,POINT(-43.79271 -13.45148)
1815099201,21583262-ae14-3094-89a6-d8c6e129c473,-51.29118,-15.27545,2026-04-22 12:04:00+00:00,2026-04-22,TERRA_M-T,JUSSARA,GOIÁS,Brasil,,,,Cerrado,33,52,5212204,8,,223_071,9.8,POINT(-51.29118 -15.27545)
1815099177,0ab0c027-3181-34b3-8c7a-761525993ea4,-48.49316,-19.19355,2026-04-22 12:04:00+00:00,2026-04-22,TERRA_M-T,UBERLÂNDIA,MINAS GERAIS,Brasil,,,,Cerrado,33,31,3170206,8,,221_073,5.3,POINT(-48.49316 -19.19355)
1815098963,cdf07dc8-d476-365f-bc88-d0cb40c35f3e,-46.63145,-12.3977,2026-04-22 12:04:00+00:00,2026-04-22,TERRA_M-T,TAGUATINGA,TOCANTINS,Brasil,,,,Cerrado,33,17,1720903,8,,221_069,6.7,POINT(-46.63145 -12.3977)
1815099075,5acaf37f-04fa-3ce5-be41-c5c2c84866ed,-45.32191,-13.37345,2026-04-22 12:04:00+00:00,2026-04-22,TERRA_M-T,CORRENTINA,BAHIA,Brasil,,,,Cerrado,33,29,2909307,8,,220_069,15.3,POINT(-45.32191 -13.37345)
1815091114,016632d4-2c06-3a81-af7a-082475efd956,-46.63147,-12.3977,2026-04-22 12:04:00+00:00,2026-04-22,TERRA_M-T,TAGUATINGA,TOCANTINS,Brasil,,,,Cerrado,33,17,1720903,8,,221_069,6.7,POINT(-46.63147 -12.3977)
1815099106,7cdcbcce-a50e-3870-b809-a1c22ebd6249,-45.31791,-13.39173,2026-04-22 12:04:00+00:00,2026-04-22,TERRA_M-T,CORRENTINA,BAHIA,Brasil,,,,Cerrado,33,29,2909307,8,,220_069,16.3,POINT(-45.31791 -13.39173)
1815093747,3744ecda-4c9f-3000-a38f-e476ff15b23b,-49.51442,-16.32966,2026-04-22 12:04:00+00:00,2026-04-22,TERRA_M-T,INHUMAS,GOIÁS,Brasil,,,,Cerrado,33,52,5210000,8,,222_071,3.7,POINT(-49.51442 -16.32966)
1815091511,a0975302-0e43-3200-b010-de9e0c9b9e6c,-52.37241,-16.23706,2026-04-22 12:04:00+00:00,2026-04-22,TERRA_M-T,BALIZA,GOIÁS,Brasil,,,,Cerrado,33,52,5203104,8,,224_071,6.2,POINT(-52.37241 -16.23706)
1815094225,b96f9859-671e-3675-9bd1-2f5bb167f011,-52.66926,-17.81393,2026-04-22 12:04:00+00:00,2026-04-22,TERRA_M-T,MINEIROS,GOIÁS,Brasil,,,,Cerrado,33,52,5213103,8,,224_072,4.9,POINT(-52.66926 -17.81393)
1815101761,155c216b-3f80-3bbe-a8e8-cbab38d61c24,-46.82949,-17.16621,2026-04-22 12:04:00+00:00,2026-04-22,TERRA_M-T,PARACATU,MINAS GERAIS,Brasil,,,,Cerrado,33,31,3147006,8,,220_072,6.5,POINT(-46.82949 -17.16621)
1815094419,ed231424-592b-3703-b726-94bd7115f9d6,-46.64176,-12.39634,2026-04-22 12:04:00+00:00,2026-04-22,TERRA_M-T,TAGUATINGA,TOCANTINS,Brasil,,,,Cerrado,33,17,1720903,8,,221_069,9.0,POINT(-46.64176 -12.39634)
1815091942,3528e075-e5f0-35ac-a7dc-005fdfff00a5,-45.33594,-13.38217,2026-04-22 12:04:00+00:00,2026-04-22,TERRA_M-T,CORRENTINA,BAHIA,Brasil,,,,Cerrado,33,29,2909307,8,,220_069,128.8,POINT(-45.33594 -13.38217)
1815092315,e4ec7916-f6f7-3c6f-a079-aa9f2d6c1b52,-45.31793,-13.39172,2026-04-22 12:04:00+00:00,2026-04-22,TERRA_M-T,CORRENTINA,BAHIA,Brasil,,,,Cerrado,33,29,2909307,8,,220_069,16.3,POINT(-45.31793 -13.39172)
1815094882,fb9df0b4-4e87-3a53-be72-5a6498c749e5,-45.32326,-13.38383,2026-04-22 12:04:00+00:00,2026-04-22,TERRA_M-T,CORRENTINA,BAHIA,Brasil,,,,Cerrado,33,29,2909307,8,,220_069,184.6,POINT(-45.32326 -13.38383)
1815101177,9cc1dd59-4fac-34d0-b837-aabe138e75e0,-52.66925,-17.81393,2026-04-22 12:04:00+00:00,2026-04-22,TERRA_M-T,MINEIROS,GOIÁS,Brasil,,,,Cerrado,33,52,5213103,8,,224_072,4.9,POINT(-52.66925 -17.81393)
1815095686,f1a32d95-aaa9-30ec-9ebd-e1945e5f970c,-46.82951,-17.16621,2026-04-22 12:04:00+00:00,2026-04-22,TERRA_M-T,PARACATU,MINAS GERAIS,Brasil,,,,Cerrado,33,31,3147006,8,,220_072,6.5,POINT(-46.82951 -17.16621)
1815096037,cca7038f-5a40-3f30-a87f-88a54fb4f012,-46.54055,-15.85687,2026-04-22 12:04:00+00:00,2026-04-22,TERRA_M-T,UNAÍ,MINAS GERAIS,Brasil,,,,Cerrado,33,31,3170404,8,,220_071,20.5,POINT(-46.54055 -15.85687)
1815101532,8c17b76d-ebba-38e3-96e6-6db3467d110a,-52.37239,-16.23707,2026-04-22 12:04:00+00:00,2026-04-22,TERRA_M-T,BALIZA,GOIÁS,Brasil,,,,Cerrado,33,52,5203104,8,,224_071,6.2,POINT(-52.37239 -16.23707)
1815096764,b910e177-d835-3efe-84a1-ac1f14bf7387,-43.99544,-17.76801,2026-04-22 12:04:00+00:00,2026-04-22,TERRA_M-T,BUENÓPOLIS,MINAS GERAIS,Brasil,,,,Cerrado,33,31,3109204,8,,218_072,8.7,POINT(-43.99544 -17.76801)
1815092627,e204bb6a-9f73-3fd8-a1ec-3a2d43f7d33b,-48.49318,-19.19354,2026-04-22 12:04:00+00:00,2026-04-22,TERRA_M-T,UBERLÂNDIA,MINAS GERAIS,Brasil,,,,Cerrado,33,31,3170206,8,,221_073,5.3,POINT(-48.49318 -19.19354)
1815090440,26efad6b-619d-3dbf-b430-d1e2efa513e9,-51.29119,-15.27544,2026-04-22 12:04:00+00:00,2026-04-22,TERRA_M-T,JUSSARA,GOIÁS,Brasil,,,,Cerrado,33,52,5212204,8,,223_071,9.8,POINT(-51.29119 -15.27544)
1815092705,324f539e-1dd6-355d-b4eb-0c8d256063d8,-48.4115,-20.7275,2026-04-22 12:04:00+00:00,2026-04-22,TERRA_M-T,JABORANDI,SÃO PAULO,Brasil,,,,Cerrado,33,35,3524204,8,,221_074,7.8,POINT(-48.4115 -20.7275)
1815101142,5a9ad4a1-c0a6-38fb-9a00-ff79c96ac577,-43.99543,-17.76801,2026-04-22 12:04:00+00:00,2026-04-22,TERRA_M-T,BUENÓPOLIS,MINAS GERAIS,Brasil,,,,Cerrado,33,31,3109204,8,,218_072,8.7,POINT(-43.99543 -17.76801)
1815100704,5b5a723e-eead-331e-b50f-854b985556ea,-49.5144,-16.32967,2026-04-22 12:04:00+00:00,2026-04-22,TERRA_M-T,INHUMAS,GOIÁS,Brasil,,,,Cerrado,33,52,5210000,8,,222_071,3.7,POINT(-49.5144 -16.32967)
1815100550,de80607c-7682-30b6-8359-a1577c538397,-45.33593,-13.38218,2026-04-22 12:04:00+00:00,2026-04-22,TERRA_M-T,CORRENTINA,BAHIA,Brasil,,,,Cerrado,33,29,2909307,8,,220_069,128.8,POINT(-45.33593 -13.38218)
1815090615,37141af5-f94c-3fb8-bf77-5b0719a537d9,-45.32192,-13.37345,2026-04-22 12:04:00+00:00,2026-04-22,TERRA_M-T,CORRENTINA,BAHIA,Brasil,,,,Cerrado,33,29,2909307,8,,220_069,15.3,POINT(-45.32192 -13.37345)
1815100084,05fb955b-9403-3239-809c-506d1327e743,-49.15956,-25.24849,2026-04-22 12:06:00+00:00,2026-04-22,TERRA_M-T,COLOMBO,PARANÁ,Brasil,,,,Mata Atlântica,33,41,4105805,8,,220_078,32.7,POINT(-49.15956 -25.24849)
1815093516,fc5e46de-6672-3784-b11c-e2652b3b0a65,-49.33153,-28.56496,2026-04-22 12:06:00+00:00,2026-04-22,TERRA_M-T,URUSSANGA,SANTA CATARINA,Brasil,,,,Mata Atlântica,33,42,4219002,8,,220_080,6.7,POINT(-49.33153 -28.56496)
1815089983,db53eb47-693f-3657-be25-22f40e555608,-49.63258,-24.95764,2026-04-22 12:06:00+00:00,2026-04-22,TERRA_M-T,CASTRO,PARANÁ,Brasil,,,,Mata Atlântica,33,41,4104907,8,,221_077,8.0,POINT(-49.63258 -24.95764)
1815093682,79e7b738-e478-3e67-a5f8-c5f4a6b2d613,-51.36385,-23.30732,2026-04-22 12:06:00+00:00,2026-04-22,TERRA_M-T,ROLÂNDIA,PARANÁ,Brasil,,,,Mata Atlântica,33,41,4122404,8,,222_076,4.8,POINT(-51.36385 -23.30732)
1815093829,bb4d9e45-de67-3df9-ae24-fa4a85019ad6,-51.99926,-26.99364,2026-04-22 12:06:00+00:00,2026-04-22,TERRA_M-T,IRANI,SANTA CATARINA,Brasil,,,,Mata Atlântica,33,42,4207809,8,,222_079,6.1,POINT(-51.99926 -26.99364)
1815094378,39bce928-d7de-3a47-bf5e-e163b547a96d,-49.40503,-25.20803,2026-04-22 12:06:00+00:00,2026-04-22,TERRA_M-T,ITAPERUÇU,PARANÁ,Brasil,,,,Mata Atlântica,33,41,4111258,8,,221_077,4.7,POINT(-49.40503 -25.20803)
1815094775,cdaf9c07-86fb-3a65-821f-875688477d65,-52.69362,-22.96364,2026-04-22 12:06:00+00:00,2026-04-22,TERRA_M-T,GUAIRAÇÁ,PARANÁ,Brasil,,,,Mata Atlântica,33,41,4108908,8,,223_076,3.5,POINT(-52.69362 -22.96364)
1815094806,fa7dc857-ffd3-3ad4-9159-08cb0325f9e4,-49.15958,-25.24849,2026-04-22 12:06:00+00:00,2026-04-22,TERRA_M-T,COLOMBO,PARANÁ,Brasil,,,,Mata Atlântica,33,41,4105805,8,,220_078,32.7,POINT(-49.15958 -25.24849)
1815096280,2ee0874b-b682-3bb3-858c-9c96877500a5,-49.31889,-28.56649,2026-04-22 12:06:00+00:00,2026-04-22,TERRA_M-T,COCAL DO SUL,SANTA CATARINA,Brasil,,,,Mata Atlântica,33,42,4204251,8,,220_080,9.2,POINT(-49.31889 -28.56649)
1815096811,46c7e909-ef26-31df-9ffe-f1b86d1cf59f,-49.32494,-28.56698,2026-04-22 12:06:00+00:00,2026-04-22,TERRA_M-T,COCAL DO SUL,SANTA CATARINA,Brasil,,,,Mata Atlântica,33,42,4204251,8,,220_080,14.7,POINT(-49.32494 -28.56698)
1815097172,6b484d85-cf2e-34fb-87c5-8708e376c598,-49.29718,-22.60721,2026-04-22 12:06:00+00:00,2026-04-22,TERRA_M-T,PAULISTÂNIA,SÃO PAULO,Brasil,,,,Cerrado,33,35,3536570,8,,221_076,4.1,POINT(-49.29718 -22.60721)
1815098133,e0ef3af5-8339-32cf-a8a8-787ef3ce49c1,-49.63588,-24.95089,2026-04-22 12:06:00+00:00,2026-04-22,TERRA_M-T,CASTRO,PARANÁ,Brasil,,,,Mata Atlântica,33,41,4104907,8,,221_077,7.0,POINT(-49.63588 -24.95089)
1815098439,6e11462d-9626-3652-a137-775a43cceebf,-52.69361,-22.96364,2026-04-22 12:06:00+00:00,2026-04-22,TERRA_M-T,GUAIRAÇÁ,PARANÁ,Brasil,,,,Mata Atlântica,33,41,4108908,8,,223_076,3.5,POINT(-52.69361 -22.96364)
1815098444,4be29b37-7588-3945-a396-a060960412d1,-49.32492,-28.56698,2026-04-22 12:06:00+00:00,2026-04-22,TERRA_M-T,COCAL DO SUL,SANTA CATARINA,Brasil,,,,Mata Atlântica,33,42,4204251,8,,220_080,14.7,POINT(-49.32492 -28.56698)
1815098600,e47ac612-3b71-3b5f-be72-837912f298fa,-49.40502,-25.20804,2026-04-22 12:06:00+00:00,2026-04-22,TERRA_M-T,ITAPERUÇU,PARANÁ,Brasil,,,,Mata Atlântica,33,41,4111258,8,,221_077,4.7,POINT(-49.40502 -25.20804)
1815099101,3f50d101-c751-3530-9361-474002ad99ed,-49.33152,-28.56496,2026-04-22 12:06:00+00:00,2026-04-22,TERRA_M-T,URUSSANGA,SANTA CATARINA,Brasil,,,,Mata Atlântica,33,42,4219002,8,,220_080,6.7,POINT(-49.33152 -28.56496)
1815099307,6d20eb3a-82d9-3298-b82e-d20832615196,-51.36383,-23.30732,2026-04-22 12:06:00+00:00,2026-04-22,TERRA_M-T,ROLÂNDIA,PARANÁ,Brasil,,,,Mata Atlântica,33,41,4122404,8,,222_076,4.8,POINT(-51.36383 -23.30732)
1815099325,a5d1b9f7-a35e-3039-bb20-0e69a6a5313b,-49.63257,-24.95764,2026-04-22 12:06:00+00:00,2026-04-22,TERRA_M-T,CASTRO,PARANÁ,Brasil,,,,Mata Atlântica,33,41,4104907,8,,221_077,8.0,POINT(-49.63257 -24.95764)
1815099770,0dd56d32-46e5-33b7-9554-34ecada63db6,-51.99924,-26.99364,2026-04-22 12:06:00+00:00,2026-04-22,TERRA_M-T,IRANI,SANTA CATARINA,Brasil,,,,Mata Atlântica,33,42,4207809,8,,222_079,6.1,POINT(-51.99924 -26.99364)
1815100898,742f4579-6534-3dc5-9812-d3718513171e,-49.29717,-22.60721,2026-04-22 12:06:00+00:00,2026-04-22,TERRA_M-T,PAULISTÂNIA,SÃO PAULO,Brasil,,,,Cerrado,33,35,3536570,8,,221_076,4.1,POINT(-49.29717 -22.60721)
1815101205,3a6e4814-7ef2-3688-a193-cca7f8587aa3,-49.31887,-28.56649,2026-04-22 12:06:00+00:00,2026-04-22,TERRA_M-T,COCAL DO SUL,SANTA CATARINA,Brasil,,,,Mata Atlântica,33,42,4204251,8,,220_080,9.2,POINT(-49.31887 -28.56649)
1815101347,d271b46f-6881-3094-b295-2ff0f35ab216,-49.63587,-24.95089,2026-04-22 12:06:00+00:00,2026-04-22,TERRA_M-T,CASTRO,PARANÁ,Brasil,,,,Mata Atlântica,33,41,4104907,8,,221_077,7.0,POINT(-49.63587 -24.95089)
1815089935,78b0b4d7-03da-3314-8ccd-34119fe99fa5,-45.321,-13.3955,2026-04-22 12:10:00+00:00,2026-04-22,GOES-19,CORRENTINA,BAHIA,Brasil,,,,Cerrado,33,29,2909307,8,,220_069,103.8,POINT(-45.321 -13.3955)
1815089934,15679f4f-0ddd-3256-8e4b-c425fd090084,-45.3243,-13.3761,2026-04-22 12:10:00+00:00,2026-04-22,GOES-19,CORRENTINA,BAHIA,Brasil,,,,Cerrado,33,29,2909307,8,,220_069,151.0,POINT(-45.3243 -13.3761)
1815089938,9cb5ae59-6f2a-36e6-87fb-ca2f746a39e6,-45.321,-13.3955,2026-04-22 12:20:00+00:00,2026-04-22,GOES-19,CORRENTINA,BAHIA,Brasil,,,,Cerrado,33,29,2909307,8,,220_069,128.5,POINT(-45.321 -13.3955)
1815089939,7778cd0e-a430-36d1-84e2-a75971ea38f8,-45.3243,-13.3761,2026-04-22 12:20:00+00:00,2026-04-22,GOES-19,CORRENTINA,BAHIA,Brasil,,,,Cerrado,33,29,2909307,8,,220_069,163.5,POINT(-45.3243 -13.3761)
1815089940,5ee40397-b17d-3f2f-9318-33a0b6b9a146,-45.321,-13.3955,2026-04-22 12:30:00+00:00,2026-04-22,GOES-19,CORRENTINA,BAHIA,Brasil,,,,Cerrado,33,29,2909307,8,,220_069,131.1,POINT(-45.321 -13.3955)
1815089942,895c8abd-1c03-3314-b2bc-f197de995f4a,-45.3243,-13.3761,2026-04-22 12:30:00+00:00,2026-04-22,GOES-19,CORRENTINA,BAHIA,Brasil,,,,Cerrado,33,29,2909307,8,,220_069,185.0,POINT(-45.3243 -13.3761)
1815092617,093effcd-b925-3bc7-9c09-4ba7322460d3,-45.321,-13.3955,2026-04-22 12:40:00+00:00,2026-04-22,GOES-19,CORRENTINA,BAHIA,Brasil,,,,Cerrado,33,29,2909307,8,,220_069,185.5,POINT(-45.321 -13.3955)
1815095245,7610e3d2-741d-3a0d-abfa-a5780b74ff53,-45.3243,-13.3761,2026-04-22 12:40:00+00:00,2026-04-22,GOES-19,CORRENTINA,BAHIA,Brasil,,,,Cerrado,33,29,2909307,8,,220_069,143.6,POINT(-45.3243 -13.3761)
1815098199,0f07dd67-22e0-3834-b751-6df8ea86c875,-45.321,-13.3955,2026-04-22 12:50:00+00:00,2026-04-22,GOES-19,CORRENTINA,BAHIA,Brasil,,,,Cerrado,33,29,2909307,8,,220_069,155.2,POINT(-45.321 -13.3955)
1815098200,4c6906b3-0c1c-3f44-ab52-d0a91d9901dd,-45.3243,-13.3761,2026-04-22 12:50:00+00:00,2026-04-22,GOES-19,CORRENTINA,BAHIA,Brasil,,,,Cerrado,33,29,2909307,8,,220_069,172.9,POINT(-45.3243 -13.3761)
1815098201,15f47724-d75b-382a-930a-0970c71c8ad7,-45.3243,-13.3761,2026-04-22 13:00:00+00:00,2026-04-22,GOES-19,CORRENTINA,BAHIA,Brasil,,,,Cerrado,33,29,2909307,8,,220_069,178.6,POINT(-45.3243 -13.3761)
1815098202,50ca3d70-ac9f-316e-9b61-a2913af96302,-45.321,-13.3955,2026-04-22 13:00:00+00:00,2026-04-22,GOES-19,CORRENTINA,BAHIA,Brasil,,,,Cerrado,33,29,2909307,8,,220_069,147.3,POINT(-45.321 -13.3955)
1815098203,12b7032a-c614-3611-9255-3c310482722e,-45.3243,-13.3761,2026-04-22 13:10:00+00:00,2026-04-22,GOES-19,CORRENTINA,BAHIA,Brasil,,,,Cerrado,33,29,2909307,8,,220_069,177.8,POINT(-45.3243 -13.3761)
1815098204,59116108-a31b-36ca-8b10-6ff235ef971e,-45.321,-13.3955,2026-04-22 13:10:00+00:00,2026-04-22,GOES-19,CORRENTINA,BAHIA,Brasil,,,,Cerrado,33,29,2909307,8,,220_069,121.1,POINT(-45.321 -13.3955)
1815098208,766f07ee-32f5-3b1c-8e51-aec2131d85f9,-45.3243,-13.3761,2026-04-22 13:20:00+00:00,2026-04-22,GOES-19,CORRENTINA,BAHIA,Brasil,,,,Cerrado,33,29,2909307,8,,220_069,169.0,POINT(-45.3243 -13.3761)
1815098206,12933919-6af5-3f48-96cf-1da82ba3c529,-45.321,-13.3955,2026-04-22 13:20:00+00:00,2026-04-22,GOES-19,CORRENTINA,BAHIA,Brasil,,,,Cerrado,33,29,2909307,8,,220_069,120.5,POINT(-45.321 -13.3955)
1815098211,579a7027-7eff-346e-9b09-80abe48cdab6,-45.321,-13.3955,2026-04-22 13:30:00+00:00,2026-04-22,GOES-19,CORRENTINA,BAHIA,Brasil,,,,Cerrado,33,29,2909307,8,,220_069,133.0,POINT(-45.321 -13.3955)
1815098210,88923e74-1625-37a1-881b-d84341a39801,-45.3243,-13.3761,2026-04-22 13:30:00+00:00,2026-04-22,GOES-19,CORRENTINA,BAHIA,Brasil,,,,Cerrado,33,29,2909307,8,,220_069,120.0,POINT(-45.3243 -13.3761)
1815100915,80693342-c4b4-345b-a3a5-7f0dd7bd3752,-45.3243,-13.3761,2026-04-22 13:40:00+00:00,2026-04-22,GOES-19,CORRENTINA,BAHIA,Brasil,,,,Cerrado,33,29,2909307,8,,220_069,177.4,POINT(-45.3243 -13.3761)
1815100992,5d6d1e0a-2d6a-37f3-9b2b-5f2a4ed9c3eb,-45.321,-13.3955,2026-04-22 13:40:00+00:00,2026-04-22,GOES-19,CORRENTINA,BAHIA,Brasil,,,,Cerrado,33,29,2909307,8,,220_069,121.1,POINT(-45.321 -13.3955)
1815100820,c02ab837-3fe9-3639-afe2-8deed385cebe,-49.6296,-24.9702,2026-04-22 13:50:00+00:00,2026-04-22,GOES-19,CASTRO,PARANÁ,Brasil,,,,Mata Atlântica,33,41,4104907,8,,221_077,96.9,POINT(-49.6296 -24.9702)
1815099162,c71a117f-9ec2-35b9-91a7-3fcd5fa47882,-43.643,-11.772,2026-04-22 13:50:00+00:00,2026-04-22,GOES-19,BARRA,BAHIA,Brasil,,,,Cerrado,33,29,2902708,8,,219_068,109.5,POINT(-43.643 -11.772)
1815100348,84c15222-4b41-3190-b247-2836eeb117e2,-45.3243,-13.3761,2026-04-22 13:50:00+00:00,2026-04-22,GOES-19,CORRENTINA,BAHIA,Brasil,,,,Cerrado,33,29,2909307,8,,220_069,139.1,POINT(-45.3243 -13.3761)
1815098620,0dbc49b0-cfd8-3bf7-b071-5f3c10d89191,-45.321,-13.3955,2026-04-22 13:50:00+00:00,2026-04-22,GOES-19,CORRENTINA,BAHIA,Brasil,,,,Cerrado,33,29,2909307,8,,220_069,125.0,POINT(-45.321 -13.3955)
1815104801,f4afaf16-2ee2-31e3-a2ed-866d7f1ec9b8,-43.643,-11.772,2026-04-22 14:00:00+00:00,2026-04-22,GOES-19,BARRA,BAHIA,Brasil,,,,Cerrado,33,29,2902708,8,,219_068,97.2,POINT(-43.643 -11.772)
1815104204,ef406a19-5c00-3f91-9052-ddfc642a7ccd,-45.321,-13.3955,2026-04-22 14:00:00+00:00,2026-04-22,GOES-19,CORRENTINA,BAHIA,Brasil,,,,Cerrado,33,29,2909307,8,,220_069,112.9,POINT(-45.321 -13.3955)
1815105405,782d367e-baaa-33d1-b6ac-654decb94473,-43.643,-11.772,2026-04-22 14:10:00+00:00,2026-04-22,GOES-19,BARRA,BAHIA,Brasil,,,,Cerrado,33,29,2902708,8,,219_068,114.5,POINT(-43.643 -11.772)
1815105428,0bac8d44-7c82-3b77-9c91-76451ef3150f,-43.643,-11.772,2026-04-22 14:20:00+00:00,2026-04-22,GOES-19,BARRA,BAHIA,Brasil,,,,Cerrado,33,29,2902708,8,,219_068,103.6,POINT(-43.643 -11.772)
1815105433,c80537a5-be4a-3331-aa01-0144c7d81e4e,-44.1807,-12.2421,2026-04-22 14:30:00+00:00,2026-04-22,GOES-19,CRISTÓPOLIS,BAHIA,Brasil,,,,Cerrado,33,29,2909703,8,,219_068,84.7,POINT(-44.1807 -12.2421)
1815105446,036f4d3d-4e28-3910-b11b-526b34c25144,-43.643,-11.772,2026-04-22 14:30:00+00:00,2026-04-22,GOES-19,BARRA,BAHIA,Brasil,,,,Cerrado,33,29,2902708,8,,219_068,117.8,POINT(-43.643 -11.772)
1815105472,af6edab0-fbdc-3791-8113-b5abe9522ff9,-44.1807,-12.2421,2026-04-22 14:40:00+00:00,2026-04-22,GOES-19,CRISTÓPOLIS,BAHIA,Brasil,,,,Cerrado,33,29,2909703,8,,219_068,87.8,POINT(-44.1807 -12.2421)
1815105474,fb2df262-a804-3cfc-b0c2-36dbcb9395e2,-43.643,-11.772,2026-04-22 14:40:00+00:00,2026-04-22,GOES-19,BARRA,BAHIA,Brasil,,,,Cerrado,33,29,2902708,8,,219_068,110.6,POINT(-43.643 -11.772)
1815109896,fd12cffd-1e1e-36ea-9721-a39459add68d,-43.643,-11.772,2026-04-22 14:50:00+00:00,2026-04-22,GOES-19,BARRA,BAHIA,Brasil,,,,Cerrado,33,29,2902708,8,,219_068,102.4,POINT(-43.643 -11.772)
1815110551,6f86e19a-e764-3f4f-b230-7e46438836ef,-45.3243,-13.3761,2026-04-22 15:00:00+00:00,2026-04-22,GOES-19,CORRENTINA,BAHIA,Brasil,,,,Cerrado,33,29,2909307,8,,220_069,99.1,POINT(-45.3243 -13.3761)
1815110604,b7779830-3bb9-3eb3-a179-7187d8dc3a7e,-43.643,-11.772,2026-04-22 15:00:00+00:00,2026-04-22,GOES-19,BARRA,BAHIA,Brasil,,,,Cerrado,33,29,2902708,8,,219_068,111.8,POINT(-43.643 -11.772)
1815120533,1d283fe8-10c1-3639-8952-3eaa26ab5a27,-35.63763,-5.24361,2026-04-22 15:12:00+00:00,2026-04-22,NOAA-21,TOUROS,RIO GRANDE DO NORTE,Brasil,,,,Caatinga,33,24,2414407,8,,215_064,5.6,POINT(-35.63763 -5.24361)
1815120009,ec5c5f19-36f3-3264-803e-8bd2597f193f,-35.62323,-5.55559,2026-04-22 15:12:00+00:00,2026-04-22,NOAA-21,TAIPU,RIO GRANDE DO NORTE,Brasil,,,,Caatinga,33,24,2413904,8,,214_064,3.8,POINT(-35.62323 -5.55559)
1815120695,102a276e-f801-39fc-a5ce-6a218269bff7,-35.62267,-5.55589,2026-04-22 15:12:00+00:00,2026-04-22,NOAA-21,TAIPU,RIO GRANDE DO NORTE,Brasil,,,,Caatinga,33,24,2413904,8,,214_064,7.5,POINT(-35.62267 -5.55589)
1815120315,5b3bfa9f-71ec-3dd6-9f80-a3cc208da02c,-35.62244,-5.56139,2026-04-22 15:12:00+00:00,2026-04-22,NOAA-21,TAIPU,RIO GRANDE DO NORTE,Brasil,,,,Caatinga,33,24,2413904,8,,214_064,6.7,POINT(-35.62244 -5.56139)
1815119470,b60e4c4e-125a-3fc2-b510-54c732434075,-39.94932,-17.59245,2026-04-22 15:39:00+00:00,2026-04-22,NPP-375,CARAVELAS,BAHIA,Brasil,,,,Mata Atlântica,33,29,2906907,8,,216_072,3.4,POINT(-39.94932 -17.59245)
1815119730,1c6d9f0a-62f8-3c5e-8a65-d0c4207581da,-38.90302,-15.85324,2026-04-22 15:39:00+00:00,2026-04-22,NPP-375,BELMONTE,BAHIA,Brasil,,,,Mata Atlântica,33,29,2903409,8,,215_071,1.5,POINT(-38.90302 -15.85324)
1815120050,bd211cbc-f902-3c50-8709-bbe93e793a23,-39.92674,-18.88749,2026-04-22 15:39:00+00:00,2026-04-22,NPP-375,SÃO MATEUS,ESPÍRITO SANTO,Brasil,,,,Mata Atlântica,33,32,3204906,8,,215_073,5.0,POINT(-39.92674 -18.88749)
1815120467,692b5b2b-8ff3-3027-aab8-cb1e9ce79bd6,-39.29204,-15.4451,2026-04-22 15:39:00+00:00,2026-04-22,NPP-375,SANTA LUZIA,BAHIA,Brasil,,,,Mata Atlântica,33,29,2928059,8,,215_071,4.3,POINT(-39.29204 -15.4451)
1815119950,c6cd0e94-7f05-3a90-aca2-104fd72cd664,-43.01109,-15.98573,2026-04-22 15:39:00+00:00,2026-04-22,NPP-375,RIACHO DOS MACHADOS,MINAS GERAIS,Brasil,,,,Cerrado,33,31,3154507,8,,218_071,8.9,POINT(-43.01109 -15.98573)
1815119704,c2f05bb7-6de7-323a-80de-8f8e6c5b1684,-39.92612,-18.89348,2026-04-22 15:39:00+00:00,2026-04-22,NPP-375,SÃO MATEUS,ESPÍRITO SANTO,Brasil,,,,Mata Atlântica,33,32,3204906,8,,215_073,5.0,POINT(-39.92612 -18.89348)
1815120506,a11a1dae-b9e1-362b-aef0-d8b9302c6eed,-41.07709,-15.13179,2026-04-22 15:39:00+00:00,2026-04-22,NPP-375,VITÓRIA DA CONQUISTA,BAHIA,Brasil,,,,Mata Atlântica,33,29,2933307,8,,217_070,2.4,POINT(-41.07709 -15.13179)
1815110881,cb47f8c5-ec9e-33ea-8aad-7764791df7a1,-45.3243,-13.3761,2026-04-22 15:40:00+00:00,2026-04-22,GOES-19,CORRENTINA,BAHIA,Brasil,,,,Cerrado,33,29,2909307,8,,220_069,87.3,POINT(-45.3243 -13.3761)
1815120375,24fc2966-6068-33b9-a895-9a8276b98579,-43.65432,-11.76633,2026-04-22 15:41:00+00:00,2026-04-22,NPP-375,BARRA,BAHIA,Brasil,,,,Cerrado,33,29,2902708,8,,219_068,6.7,POINT(-43.65432 -11.76633)
1815120418,d050162f-4cfd-3163-96ee-624d17368ad5,-38.9868,-11.57127,2026-04-22 15:41:00+00:00,2026-04-22,NPP-375,SERRINHA,BAHIA,Brasil,,,,Caatinga,33,29,2930501,8,,216_068,2.9,POINT(-38.9868 -11.57127)
1815120457,e463ffb4-8861-3967-b4e4-c8f36408eee2,-42.93808,-14.08657,2026-04-22 15:41:00+00:00,2026-04-22,NPP-375,GUANAMBI,BAHIA,Brasil,,,,Caatinga,33,29,2911709,8,,218_070,3.7,POINT(-42.93808 -14.08657)
1815120472,839bcf7e-124b-39b2-9b01-78dac2bcb8fc,-39.29105,-11.4489,2026-04-22 15:41:00+00:00,2026-04-22,NPP-375,CONCEIÇÃO DO COITÉ,BAHIA,Brasil,,,,Caatinga,33,29,2908408,8,,216_068,2.5,POINT(-39.29105 -11.4489)
1815120468,f63b5fa4-d2b3-3782-9d09-b8baf8198838,-38.98762,-11.56615,2026-04-22 15:41:00+00:00,2026-04-22,NPP-375,SERRINHA,BAHIA,Brasil,,,,Caatinga,33,29,2930501,8,,216_068,2.9,POINT(-38.98762 -11.56615)
1815119301,d4886918-0da6-3271-86ad-cb7f27684097,-39.00857,-11.01884,2026-04-22 15:41:00+00:00,2026-04-22,NPP-375,TUCANO,BAHIA,Brasil,,,,Caatinga,33,29,2931905,8,,216_068,3.7,POINT(-39.00857 -11.01884)
1815119327,48a05a1c-b7bb-3183-926b-38c8cad4303c,-43.64179,-11.76493,2026-04-22 15:41:00+00:00,2026-04-22,NPP-375,BARRA,BAHIA,Brasil,,,,Cerrado,33,29,2902708,8,,219_068,10.3,POINT(-43.64179 -11.76493)
1815119408,11cdc3e0-5c50-3749-8571-1077e2693174,-38.0068,-9.35796,2026-04-22 15:41:00+00:00,2026-04-22,NPP-375,DELMIRO GOUVEIA,ALAGOAS,Brasil,,,,Caatinga,33,27,2702405,8,,215_067,8.7,POINT(-38.0068 -9.35796)
1815119415,719b8aeb-cbdc-357c-8117-fae763ea5ffb,-40.62591,-13.86126,2026-04-22 15:41:00+00:00,2026-04-22,NPP-375,MANOEL VITORINO,BAHIA,Brasil,,,,Caatinga,33,29,2920403,8,,217_070,7.5,POINT(-40.62591 -13.86126)
1815119506,0bd177d0-a2be-3e8d-aa1f-cbc9f198b801,-43.65351,-11.77324,2026-04-22 15:41:00+00:00,2026-04-22,NPP-375,BARRA,BAHIA,Brasil,,,,Cerrado,33,29,2902708,8,,219_068,17.0,POINT(-43.65351 -11.77324)
1815119555,48c20302-17ea-367f-9058-94b3af1e09d3,-43.64095,-11.77184,2026-04-22 15:41:00+00:00,2026-04-22,NPP-375,BARRA,BAHIA,Brasil,,,,Cerrado,33,29,2902708,8,,219_068,13.2,POINT(-43.64095 -11.77184)
1815119566,6d77994e-fd9f-3162-be8d-22da8a756cfc,-43.64807,-11.76563,2026-04-22 15:41:00+00:00,2026-04-22,NPP-375,BARRA,BAHIA,Brasil,,,,Cerrado,33,29,2902708,8,,219_068,10.3,POINT(-43.64807 -11.76563)
1815119594,917098a2-0215-3a04-b78e-f7dbe3384915,-36.1268,-8.01356,2026-04-22 15:41:00+00:00,2026-04-22,NPP-375,CARUARU,PERNAMBUCO,Brasil,,,,Caatinga,33,26,2604106,8,,214_066,6.0,POINT(-36.1268 -8.01356)
1815119652,2450bd3d-fb61-3a80-83db-c0e2c8a256f1,-39.60334,-8.53494,2026-04-22 15:41:00+00:00,2026-04-22,NPP-375,OROCÓ,PERNAMBUCO,Brasil,,,,Caatinga,33,26,2609808,8,,217_066,1.7,POINT(-39.60334 -8.53494)
1815119782,469a5afb-c7ab-3638-b2aa-60fda70aa65e,-44.18858,-12.2426,2026-04-22 15:41:00+00:00,2026-04-22,NPP-375,CRISTÓPOLIS,BAHIA,Brasil,,,,Cerrado,33,29,2909703,8,,219_068,16.2,POINT(-44.18858 -12.2426)
1815119791,7fcc2fd1-6cf9-399e-9a3e-7fb0e9970acc,-43.64722,-11.77254,2026-04-22 15:41:00+00:00,2026-04-22,NPP-375,BARRA,BAHIA,Brasil,,,,Cerrado,33,29,2902708,8,,219_068,13.2,POINT(-43.64722 -11.77254)
1815119826,eaa71e49-acdf-3cf4-986a-29416cc9b30c,-38.98836,-11.56912,2026-04-22 15:41:00+00:00,2026-04-22,NPP-375,SERRINHA,BAHIA,Brasil,,,,Caatinga,33,29,2930501,8,,216_068,4.8,POINT(-38.98836 -11.56912)
1815119837,a851912c-4667-3210-a3f6-f11b38e6d41d,-39.29835,-8.51912,2026-04-22 15:41:00+00:00,2026-04-22,NPP-375,CABROBÓ,PERNAMBUCO,Brasil,,,,Caatinga,33,26,2603009,8,,216_066,6.4,POINT(-39.29835 -8.51912)
1815119856,9075260e-1ec6-3d5d-8976-d3e4d9e01a7a,-39.29763,-8.51805,2026-04-22 15:41:00+00:00,2026-04-22,NPP-375,CABROBÓ,PERNAMBUCO,Brasil,,,,Caatinga,33,26,2603009,8,,216_066,5.4,POINT(-39.29763 -8.51805)
1815119926,b19ac736-7822-315e-a000-fd1b47f0d1c0,-42.49438,-12.99923,2026-04-22 15:41:00+00:00,2026-04-22,NPP-375,MACAÚBAS,BAHIA,Brasil,,,,Caatinga,33,29,2919801,8,,218_069,4.1,POINT(-42.49438 -12.99923)
1815120040,94377c79-c7f2-34e2-a8a1-3b5c95b21f92,-42.13823,-13.06542,2026-04-22 15:41:00+00:00,2026-04-22,NPP-375,RIO DO PIRES,BAHIA,Brasil,,,,Caatinga,33,29,2926905,8,,218_069,3.0,POINT(-42.13823 -13.06542)
1815120213,191329dd-809a-31ae-b667-fbb006c81655,-43.66656,-11.78065,2026-04-22 15:41:00+00:00,2026-04-22,NPP-375,BARRA,BAHIA,Brasil,,,,Cerrado,33,29,2902708,8,,219_068,4.6,POINT(-43.66656 -11.78065)
1815120234,a121f7dc-d934-3940-8964-feab487b166f,-43.66505,-11.78155,2026-04-22 15:41:00+00:00,2026-04-22,NPP-375,BARRA,BAHIA,Brasil,,,,Cerrado,33,29,2902708,8,,219_068,10.7,POINT(-43.66505 -11.78155)
1815120677,3b484b81-b8e7-3568-a720-244c80df83c6,-43.65976,-11.77394,2026-04-22 15:41:00+00:00,2026-04-22,NPP-375,BARRA,BAHIA,Brasil,,,,Cerrado,33,29,2902708,8,,219_068,17.0,POINT(-43.65976 -11.77394)
1815120657,ff8cbb77-9ada-32b1-89f0-4f5fb63b8f91,-43.66038,-11.78,2026-04-22 15:41:00+00:00,2026-04-22,NPP-375,BARRA,BAHIA,Brasil,,,,Cerrado,33,29,2902708,8,,219_068,4.6,POINT(-43.66038 -11.78)
1815119624,c9b5cf4f-27b1-3488-a5bb-b943a893eafd,-35.62053,-5.55806,2026-04-22 15:44:00+00:00,2026-04-22,NPP-375,TAIPU,RIO GRANDE DO NORTE,Brasil,,,,Caatinga,33,24,2413904,8,,214_064,10.5,POINT(-35.62053 -5.55806)
1815121605,300776e7-21f0-378e-ae92-7a63cd35e0f3,-41.31297,-21.82404,2026-04-22 15:58:00+00:00,2026-04-22,NOAA-20,CAMPOS DOS GOYTACAZES,RIO DE JANEIRO,Brasil,,,,Mata Atlântica,33,33,3301009,8,,216_075,7.5,POINT(-41.31297 -21.82404)
1815123011,b1b09c7e-296f-36a2-a2ab-f996da1ff244,-43.28043,-20.4983,2026-04-22 15:58:00+00:00,2026-04-22,NOAA-20,DIOGO DE VASCONCELOS,MINAS GERAIS,Brasil,,,,Mata Atlântica,33,31,3121704,8,,217_074,3.4,POINT(-43.28043 -20.4983)
1815122391,4889a1a8-fe68-3ada-90be-9982e3508456,-42.28405,-22.76544,2026-04-22 15:58:00+00:00,2026-04-22,NOAA-20,ARARUAMA,RIO DE JANEIRO,Brasil,,,,Mata Atlântica,33,33,3300209,8,,216_076,5.9,POINT(-42.28405 -22.76544)
1815122803,6ec5f4e5-8423-3c05-8623-c7bd6388c93f,-41.3124,-21.82856,2026-04-22 15:58:00+00:00,2026-04-22,NOAA-20,CAMPOS DOS GOYTACAZES,RIO DE JANEIRO,Brasil,,,,Mata Atlântica,33,33,3301009,8,,216_075,7.5,POINT(-41.3124 -21.82856)
1815121993,bc64ee4d-0350-3bbc-9795-0e19c0d7faa8,-45.3779,-22.91728,2026-04-22 15:58:00+00:00,2026-04-22,NOAA-20,PINDAMONHANGABA,SÃO PAULO,Brasil,,,,Mata Atlântica,33,35,3538006,8,,218_076,2.3,POINT(-45.3779 -22.91728)
1815122180,5a836057-4410-3359-a6ad-65067984ac34,-41.11375,-21.47692,2026-04-22 15:58:00+00:00,2026-04-22,NOAA-20,SÃO FRANCISCO DE ITABAPOANA,RIO DE JANEIRO,Brasil,,,,Mata Atlântica,33,33,3304755,8,,216_075,4.2,POINT(-41.11375 -21.47692)
1815122916,643ad4bd-e360-3b30-95c3-8365dde87cd5,-43.89924,-17.29381,2026-04-22 16:01:00+00:00,2026-04-22,NOAA-20,ENGENHEIRO NAVARRO,MINAS GERAIS,Brasil,,,,Cerrado,33,31,3123809,8,,218_072,5.0,POINT(-43.89924 -17.29381)
1815122825,5537fa76-a48d-3d22-a762-c90ca4093ba8,-44.30264,-17.23459,2026-04-22 16:01:00+00:00,2026-04-22,NOAA-20,CLARO DOS POÇÕES,MINAS GERAIS,Brasil,,,,Cerrado,33,31,3116506,8,,218_072,7.8,POINT(-44.30264 -17.23459)
1815122172,02ea6beb-b2f6-3df6-a35b-b8903a317743,-46.78057,-20.23976,2026-04-22 16:01:00+00:00,2026-04-22,NOAA-20,SÃO ROQUE DE MINAS,MINAS GERAIS,Brasil,,,,Cerrado,33,31,3164308,8,,220_074,7.7,POINT(-46.78057 -20.23976)
1815123231,98357542-6990-37b6-aedb-0a3e6c9033e4,-44.32366,-16.77945,2026-04-22 16:01:00+00:00,2026-04-22,NOAA-20,SÃO JOÃO DA LAGOA,MINAS GERAIS,Brasil,,,,Cerrado,33,31,3162252,8,,219_072,4.9,POINT(-44.32366 -16.77945)
1815122698,442bcd4e-18c4-36c7-b5b4-26a08fad4c02,-43.69264,-15.25027,2026-04-22 16:01:00+00:00,2026-04-22,NOAA-20,JAÍBA,MINAS GERAIS,Brasil,,,,Caatinga,33,31,3135050,8,,218_071,7.5,POINT(-43.69264 -15.25027)
1815122695,31ed5026-dc10-3bd6-ac18-9b2f13402ee8,-43.90036,-17.29501,2026-04-22 16:01:00+00:00,2026-04-22,NOAA-20,ENGENHEIRO NAVARRO,MINAS GERAIS,Brasil,,,,Cerrado,33,31,3123809,8,,218_072,3.8,POINT(-43.90036 -17.29501)
1815121080,362e6c9d-b5ab-3746-8ff0-a051d3d1f907,-48.0456,-15.77644,2026-04-22 16:01:00+00:00,2026-04-22,NOAA-20,BRASÍLIA,DISTRITO FEDERAL,Brasil,,,,Cerrado,33,53,5300108,8,,221_071,10.3,POINT(-48.0456 -15.77644)
1815122679,a7a73872-aed4-37bc-ae9d-774f79377e9b,-39.66738,-18.06535,2026-04-22 16:01:00+00:00,2026-04-22,NOAA-20,MUCURI,BAHIA,Brasil,,,,Mata Atlântica,33,29,2922003,8,,215_073,4.8,POINT(-39.66738 -18.06535)
1815122656,2d99df38-b3b2-3d1d-a4ad-fb0f621ae055,-44.32955,-18.2329,2026-04-22 16:01:00+00:00,2026-04-22,NOAA-20,CORINTO,MINAS GERAIS,Brasil,,,,Cerrado,33,31,3119104,8,,218_073,5.6,POINT(-44.32955 -18.2329)
1815121101,4904c6d9-3ca0-3639-9b78-5ac523a2b5d1,-44.30326,-17.22941,2026-04-22 16:01:00+00:00,2026-04-22,NOAA-20,CLARO DOS POÇÕES,MINAS GERAIS,Brasil,,,,Cerrado,33,31,3116506,8,,218_072,7.8,POINT(-44.30326 -17.22941)
1815122646,31d28567-2478-3809-aad8-7c273a36492e,-42.11667,-15.33674,2026-04-22 16:01:00+00:00,2026-04-22,NOAA-20,SÃO JOÃO DO PARAÍSO,MINAS GERAIS,Brasil,,,,Mata Atlântica,33,31,3162708,8,,217_071,8.3,POINT(-42.11667 -15.33674)
1815121113,af70b990-ba4a-3977-9436-782f62e3a17e,-43.90225,-17.29414,2026-04-22 16:01:00+00:00,2026-04-22,NOAA-20,ENGENHEIRO NAVARRO,MINAS GERAIS,Brasil,,,,Cerrado,33,31,3123809,8,,218_072,6.0,POINT(-43.90225 -17.29414)
1815121144,3d9e1a3c-e672-3745-9af4-2ccb6bc04f5d,-46.89364,-20.19503,2026-04-22 16:01:00+00:00,2026-04-22,NOAA-20,DELFINÓPOLIS,MINAS GERAIS,Brasil,,,,Cerrado,33,31,3121209,8,,220_074,30.2,POINT(-46.89364 -20.19503)
1815122622,038def55-f211-37e1-8076-7f12c0319168,-40.62686,-13.86435,2026-04-22 16:01:00+00:00,2026-04-22,NOAA-20,MANOEL VITORINO,BAHIA,Brasil,,,,Caatinga,33,29,2920403,8,,217_070,6.2,POINT(-40.62686 -13.86435)
1815123139,34923f72-7607-3d29-9161-68eb17b8f936,-46.9001,-20.19559,2026-04-22 16:01:00+00:00,2026-04-22,NOAA-20,DELFINÓPOLIS,MINAS GERAIS,Brasil,,,,Cerrado,33,31,3121209,8,,220_074,37.0,POINT(-46.9001 -20.19559)
1815121228,559409eb-aa53-3fc0-81f2-9a97348068d3,-46.78172,-20.23592,2026-04-22 16:01:00+00:00,2026-04-22,NOAA-20,DELFINÓPOLIS,MINAS GERAIS,Brasil,,,,Cerrado,33,31,3121209,8,,220_074,9.1,POINT(-46.78172 -20.23592)
1815121239,a60a04b4-648b-3ceb-b74e-fab17db6ca48,-40.02434,-18.29453,2026-04-22 16:01:00+00:00,2026-04-22,NOAA-20,PINHEIROS,ESPÍRITO SANTO,Brasil,,,,Mata Atlântica,33,32,3204104,8,,216_073,6.1,POINT(-40.02434 -18.29453)
1815121252,a3eda3b0-c0da-3172-a8d0-5fd86ef8d058,-44.30225,-17.23611,2026-04-22 16:01:00+00:00,2026-04-22,NOAA-20,CLARO DOS POÇÕES,MINAS GERAIS,Brasil,,,,Cerrado,33,31,3116506,8,,218_072,5.2,POINT(-44.30225 -17.23611)
1815123134,48c9ed53-c583-30fd-a2b1-aa76bd7d5b09,-46.83252,-17.16798,2026-04-22 16:01:00+00:00,2026-04-22,NOAA-20,PARACATU,MINAS GERAIS,Brasil,,,,Cerrado,33,31,3147006,8,,220_072,4.4,POINT(-46.83252 -17.16798)
1815122592,5b1679db-90cc-34b4-836b-05fb8fb06eda,-47.58678,-15.19013,2026-04-22 16:01:00+00:00,2026-04-22,NOAA-20,PLANALTINA,GOIÁS,Brasil,,,,Cerrado,33,52,5217609,8,,221_070,6.9,POINT(-47.58678 -15.19013)
1815121300,64ac728c-3f7f-3fbc-be22-3c57bea3234c,-40.43734,-17.66907,2026-04-22 16:01:00+00:00,2026-04-22,NOAA-20,NANUQUE,MINAS GERAIS,Brasil,,,,Mata Atlântica,33,31,3144300,8,,216_072,9.7,POINT(-40.43734 -17.66907)
1815121361,59776bf9-b9ca-3838-a2e8-aefb7c615cb9,-38.91668,-15.94094,2026-04-22 16:01:00+00:00,2026-04-22,NOAA-20,BELMONTE,BAHIA,Brasil,,,,Mata Atlântica,33,29,2903409,8,,215_071,1.8,POINT(-38.91668 -15.94094)
1815121363,892d3fbe-9eb4-3c27-b4f7-bbbd9af06e4a,-40.78633,-19.7049,2026-04-22 16:01:00+00:00,2026-04-22,NOAA-20,ITAGUAÇU,ESPÍRITO SANTO,Brasil,,,,Mata Atlântica,33,32,3202702,8,,216_074,4.7,POINT(-40.78633 -19.7049)
1815121378,06ab49ce-09f8-3d5a-b86c-fd1978f497bb,-46.8349,-17.16761,2026-04-22 16:01:00+00:00,2026-04-22,NOAA-20,PARACATU,MINAS GERAIS,Brasil,,,,Cerrado,33,31,3147006,8,,220_072,3.1,POINT(-46.8349 -17.16761)
1815121411,354aee26-11e2-36c1-bcb4-b2328166736b,-42.1124,-15.33619,2026-04-22 16:01:00+00:00,2026-04-22,NOAA-20,SÃO JOÃO DO PARAÍSO,MINAS GERAIS,Brasil,,,,Mata Atlântica,33,31,3162708,8,,217_071,8.3,POINT(-42.1124 -15.33619)
1815121445,5fee35b9-6184-3ec9-bba5-438ee739fa47,-40.62191,-13.86367,2026-04-22 16:01:00+00:00,2026-04-22,NOAA-20,MANOEL VITORINO,BAHIA,Brasil,,,,Caatinga,33,29,2920403,8,,217_070,5.2,POINT(-40.62191 -13.86367)
1815122750,aa1ad5e5-9784-318d-8c51-e28c5fded27b,-40.47214,-18.45081,2026-04-22 16:01:00+00:00,2026-04-22,NOAA-20,NOVA VENÉCIA,ESPÍRITO SANTO,Brasil,,,,Mata Atlântica,33,32,3203908,8,,216_073,2.5,POINT(-40.47214 -18.45081)
1815121532,a8921571-9e6a-3ffe-b64e-8e6cf91ddca0,-44.30289,-17.23093,2026-04-22 16:01:00+00:00,2026-04-22,NOAA-20,CLARO DOS POÇÕES,MINAS GERAIS,Brasil,,,,Cerrado,33,31,3116506,8,,218_072,5.2,POINT(-44.30289 -17.23093)
1815122379,9a18a8f8-ed00-33ba-bb14-6882cbb92d8f,-43.00787,-15.98842,2026-04-22 16:01:00+00:00,2026-04-22,NOAA-20,RIACHO DOS MACHADOS,MINAS GERAIS,Brasil,,,,Cerrado,33,31,3154507,8,,218_071,17.1,POINT(-43.00787 -15.98842)
1815121668,8a49b255-4645-36de-bebd-69e8dccac632,-39.66574,-18.06406,2026-04-22 16:01:00+00:00,2026-04-22,NOAA-20,MUCURI,BAHIA,Brasil,,,,Mata Atlântica,33,29,2922003,8,,215_073,8.0,POINT(-39.66574 -18.06406)
1815122974,7614106e-4895-352a-a43b-4175736a79aa,-46.90096,-20.18929,2026-04-22 16:01:00+00:00,2026-04-22,NOAA-20,DELFINÓPOLIS,MINAS GERAIS,Brasil,,,,Cerrado,33,31,3121209,8,,220_074,6.1,POINT(-46.90096 -20.18929)
1815121673,f149ee1b-e41a-37d1-88b8-bea0c3e29020,-40.52823,-19.03313,2026-04-22 16:01:00+00:00,2026-04-22,NOAA-20,SÃO GABRIEL DA PALHA,ESPÍRITO SANTO,Brasil,,,,Mata Atlântica,33,32,3204708,8,,216_073,3.1,POINT(-40.52823 -19.03313)
1815122955,c8dcc138-e68a-3cd0-bf4b-df3c05c75b9f,-44.29961,-17.23058,2026-04-22 16:01:00+00:00,2026-04-22,NOAA-20,CLARO DOS POÇÕES,MINAS GERAIS,Brasil,,,,Cerrado,33,31,3116506,8,,218_072,5.2,POINT(-44.29961 -17.23058)
1815122778,fe06af94-729f-3e72-82cc-dcee4462ef21,-46.78668,-20.23394,2026-04-22 16:01:00+00:00,2026-04-22,NOAA-20,DELFINÓPOLIS,MINAS GERAIS,Brasil,,,,Cerrado,33,31,3121209,8,,220_074,14.6,POINT(-46.78668 -20.23394)
1815121820,978b8892-5655-3788-9e4d-46bf179d0f1c,-39.10136,-15.95856,2026-04-22 16:01:00+00:00,2026-04-22,NOAA-20,BELMONTE,BAHIA,Brasil,,,,Mata Atlântica,33,29,2903409,8,,215_071,5.3,POINT(-39.10136 -15.95856)
1815122306,2c737e98-39fe-32fb-bee4-d67a21a8ac74,-38.91288,-15.93672,2026-04-22 16:01:00+00:00,2026-04-22,NOAA-20,BELMONTE,BAHIA,Brasil,,,,Mata Atlântica,33,29,2903409,8,,215_071,3.7,POINT(-38.91288 -15.93672)
1815122910,81c0f9d0-ef05-363d-886f-d347aa34757d,-40.78987,-19.70174,2026-04-22 16:01:00+00:00,2026-04-22,NOAA-20,ITAGUAÇU,ESPÍRITO SANTO,Brasil,,,,Mata Atlântica,33,32,3202702,8,,216_074,5.5,POINT(-40.78987 -19.70174)
1815121965,30a57681-8e26-3866-8400-36f4815cd5c1,-48.05107,-15.77699,2026-04-22 16:01:00+00:00,2026-04-22,NOAA-20,BRASÍLIA,DISTRITO FEDERAL,Brasil,,,,Cerrado,33,53,5300108,8,,221_071,12.7,POINT(-48.05107 -15.77699)
1815121994,db62b6ba-dcdd-364b-af61-3333aaf37446,-39.29064,-15.44424,2026-04-22 16:01:00+00:00,2026-04-22,NOAA-20,SANTA LUZIA,BAHIA,Brasil,,,,Mata Atlântica,33,29,2928059,8,,215_071,6.8,POINT(-39.29064 -15.44424)
1815122254,fa384eb2-5ed3-3082-84cb-22a2cf6cf33d,-46.73675,-20.19818,2026-04-22 16:01:00+00:00,2026-04-22,NOAA-20,SÃO ROQUE DE MINAS,MINAS GERAIS,Brasil,,,,Cerrado,33,31,3164308,8,,220_074,7.6,POINT(-46.73675 -20.19818)
1815122252,35e1a98b-b4cd-379c-8c15-72605ce0286c,-42.40109,-15.03715,2026-04-22 16:01:00+00:00,2026-04-22,NOAA-20,MORTUGABA,BAHIA,Brasil,,,,Caatinga,33,29,2921807,8,,218_070,9.7,POINT(-42.40109 -15.03715)
1815122246,6b50f9be-0e47-3a83-9b50-fe1735836d7d,-46.78808,-20.23016,2026-04-22 16:01:00+00:00,2026-04-22,NOAA-20,DELFINÓPOLIS,MINAS GERAIS,Brasil,,,,Cerrado,33,31,3121209,8,,220_074,9.2,POINT(-46.78808 -20.23016)
1815122239,43ad779d-1563-3923-a38e-8b1453685491,-40.52836,-19.03525,2026-04-22 16:01:00+00:00,2026-04-22,NOAA-20,SÃO GABRIEL DA PALHA,ESPÍRITO SANTO,Brasil,,,,Mata Atlântica,33,32,3204708,8,,216_073,3.5,POINT(-40.52836 -19.03525)
1815122032,76545796-a9bc-3b10-8fc2-94eefb677b3a,-42.66574,-19.0884,2026-04-22 16:01:00+00:00,2026-04-22,NOAA-20,BRAÚNAS,MINAS GERAIS,Brasil,,,,Mata Atlântica,33,31,3108800,8,,217_073,3.5,POINT(-42.66574 -19.0884)
1815122847,87da10fa-376d-3557-a41f-9a6b3dedc072,-43.90103,-17.28996,2026-04-22 16:01:00+00:00,2026-04-22,NOAA-20,ENGENHEIRO NAVARRO,MINAS GERAIS,Brasil,,,,Cerrado,33,31,3123809,8,,218_072,3.8,POINT(-43.90103 -17.28996)
1815122846,945f3a2d-e404-32cd-95ba-14a277f8e1a1,-39.90472,-14.66347,2026-04-22 16:01:00+00:00,2026-04-22,NOAA-20,IGUAÍ,BAHIA,Brasil,,,,Mata Atlântica,33,29,2913507,8,,216_070,2.9,POINT(-39.90472 -14.66347)
1815122124,99512b23-d18a-314b-8d45-dee803febac8,-46.534,-15.84973,2026-04-22 16:01:00+00:00,2026-04-22,NOAA-20,UNAÍ,MINAS GERAIS,Brasil,,,,Cerrado,33,31,3170404,8,,220_071,13.0,POINT(-46.534 -15.84973)
1815122338,2865d047-a99f-3346-b4a0-537f11053670,-43.65302,-11.7727,2026-04-22 16:03:00+00:00,2026-04-22,NOAA-20,BARRA,BAHIA,Brasil,,,,Cerrado,33,29,2902708,8,,219_068,12.9,POINT(-43.65302 -11.7727)
1815121794,4e0d4766-682b-31bc-9463-60cc432628b9,-43.63879,-11.77084,2026-04-22 16:03:00+00:00,2026-04-22,NOAA-20,BARRA,BAHIA,Brasil,,,,Cerrado,33,29,2902708,8,,219_068,9.0,POINT(-43.63879 -11.77084)
1815121387,a828c091-a77a-3077-8cc1-b0aebc25024c,-43.41512,-12.57697,2026-04-22 16:03:00+00:00,2026-04-22,NOAA-20,SÍTIO DO MATO,BAHIA,Brasil,,,,Cerrado,33,29,2930758,8,,219_069,2.8,POINT(-43.41512 -12.57697)
1815122321,626da32f-1984-386e-92ad-04ea125aea34,-46.79907,-11.24285,2026-04-22 16:03:00+00:00,2026-04-22,NOAA-20,RIO DA CONCEIÇÃO,TOCANTINS,Brasil,,,,Cerrado,33,17,1718659,8,,221_068,4.5,POINT(-46.79907 -11.24285)
1815123221,66b145b9-f156-3f5f-a50c-c8e5f77ccfe0,-46.76705,-11.24154,2026-04-22 16:03:00+00:00,2026-04-22,NOAA-20,RIO DA CONCEIÇÃO,TOCANTINS,Brasil,,,,Cerrado,33,17,1718659,8,,221_068,10.0,POINT(-46.76705 -11.24154)
1815122241,2404c664-80e6-32ba-8d7e-650bf7212b66,-35.62078,-5.56008,2026-04-22 16:03:00+00:00,2026-04-22,NOAA-20,TAIPU,RIO GRANDE DO NORTE,Brasil,,,,Caatinga,33,24,2413904,8,,214_064,11.0,POINT(-35.62078 -5.56008)
1815122917,d00b37cc-8f01-316b-b59a-79cc0dab360b,-45.47579,-12.57172,2026-04-22 16:03:00+00:00,2026-04-22,NOAA-20,SÃO DESIDÉRIO,BAHIA,Brasil,,,,Cerrado,33,29,2928901,8,,220_069,9.7,POINT(-45.47579 -12.57172)
1815122213,c1cd1a9c-d970-39e2-b7ba-e634a0c7c266,-46.77565,-11.24008,2026-04-22 16:03:00+00:00,2026-04-22,NOAA-20,RIO DA CONCEIÇÃO,TOCANTINS,Brasil,,,,Cerrado,33,17,1718659,8,,221_068,6.7,POINT(-46.77565 -11.24008)
1815122535,51c848de-10e7-3ac4-8ed0-81fdf03a5538,-46.76769,-11.23914,2026-04-22 16:03:00+00:00,2026-04-22,NOAA-20,RIO DA CONCEIÇÃO,TOCANTINS,Brasil,,,,Cerrado,33,17,1718659,8,,221_068,10.6,POINT(-46.76769 -11.23914)
1815121019,6902a7e9-f3de-3b13-9c06-9b2560d48a5a,-36.12389,-8.01476,2026-04-22 16:03:00+00:00,2026-04-22,NOAA-20,CARUARU,PERNAMBUCO,Brasil,,,,Caatinga,33,26,2604106,8,,214_066,4.2,POINT(-36.12389 -8.01476)
1815123135,e620f5e7-7e62-3286-9cd4-6655fa7f10e1,-46.79844,-11.24549,2026-04-22 16:03:00+00:00,2026-04-22,NOAA-20,RIO DA CONCEIÇÃO,TOCANTINS,Brasil,,,,Cerrado,33,17,1718659,8,,221_068,4.6,POINT(-46.79844 -11.24549)
1815122274,14d0c661-e84b-3248-984c-eb69ae753839,-46.77104,-11.24204,2026-04-22 16:03:00+00:00,2026-04-22,NOAA-20,RIO DA CONCEIÇÃO,TOCANTINS,Brasil,,,,Cerrado,33,17,1718659,8,,221_068,10.0,POINT(-46.77104 -11.24204)
1815122267,3bf6bc9c-977a-34a0-8fe4-8708e4f119dd,-49.69587,-11.84277,2026-04-22 16:03:00+00:00,2026-04-22,NOAA-20,FORMOSO DO ARAGUAIA,TOCANTINS,Brasil,,,,Cerrado,33,17,1708205,8,,223_068,8.4,POINT(-49.69587 -11.84277)
1815123069,a211ef08-eaa2-3af0-8ff8-3d55597e3bb4,-45.32969,-13.38573,2026-04-22 16:03:00+00:00,2026-04-22,NOAA-20,CORRENTINA,BAHIA,Brasil,,,,Cerrado,33,29,2909307,8,,220_069,8.3,POINT(-45.32969 -13.38573)
1815121934,bf396d18-a6c9-3375-b0d8-a23c624d9c88,-39.29816,-8.51812,2026-04-22 16:03:00+00:00,2026-04-22,NOAA-20,CABROBÓ,PERNAMBUCO,Brasil,,,,Caatinga,33,26,2603009,8,,216_066,12.8,POINT(-39.29816 -8.51812)
1815121946,a437df5f-5019-3eb9-960b-f107d1ed0336,-46.78741,-11.23837,2026-04-22 16:03:00+00:00,2026-04-22,NOAA-20,RIO DA CONCEIÇÃO,TOCANTINS,Brasil,,,,Cerrado,33,17,1718659,8,,221_068,6.9,POINT(-46.78741 -11.23837)
1815122212,00928238-c93b-3e3e-9bc6-450438e246b2,-46.77962,-11.24055,2026-04-22 16:03:00+00:00,2026-04-22,NOAA-20,RIO DA CONCEIÇÃO,TOCANTINS,Brasil,,,,Cerrado,33,17,1718659,8,,221_068,6.7,POINT(-46.77962 -11.24055)
1815122169,34652695-2ada-3161-b401-35b65b444331,-45.47907,-12.57213,2026-04-22 16:03:00+00:00,2026-04-22,NOAA-20,SÃO DESIDÉRIO,BAHIA,Brasil,,,,Cerrado,33,29,2928901,8,,220_069,8.3,POINT(-45.47907 -12.57213)
1815122704,7469fd98-b155-30b5-aae0-ab23e53bf486,-43.64891,-11.76749,2026-04-22 16:03:00+00:00,2026-04-22,NOAA-20,BARRA,BAHIA,Brasil,,,,Cerrado,33,29,2902708,8,,219_068,17.7,POINT(-43.64891 -11.76749)
1815122509,b9aed10a-f957-3d8b-9ff1-0732516330bb,-38.52958,-9.04176,2026-04-22 16:03:00+00:00,2026-04-22,NOAA-20,GLÓRIA,BAHIA,Brasil,,,,Caatinga,33,29,2911402,8,,216_066,1.5,POINT(-38.52958 -9.04176)
1815121984,309dcc79-5d00-3e30-9044-d652402a7d50,-42.4939,-12.99961,2026-04-22 16:03:00+00:00,2026-04-22,NOAA-20,MACAÚBAS,BAHIA,Brasil,,,,Caatinga,33,29,2919801,8,,218_069,4.5,POINT(-42.4939 -12.99961)
1815121058,33cbe81e-9e0f-3f79-9a5a-760b293f5556,-46.77896,-11.24304,2026-04-22 16:03:00+00:00,2026-04-22,NOAA-20,RIO DA CONCEIÇÃO,TOCANTINS,Brasil,,,,Cerrado,33,17,1718659,8,,221_068,5.9,POINT(-46.77896 -11.24304)
1815121062,9cdecf9e-ad1b-30a4-b280-5f85336801e1,-43.61832,-13.77687,2026-04-22 16:03:00+00:00,2026-04-22,NOAA-20,SERRA DO RAMALHO,BAHIA,Brasil,,,,Cerrado,33,29,2930154,8,,219_069,8.7,POINT(-43.61832 -13.77687)
1815122504,7184416a-b612-3afc-aab4-e672142d3ff6,-46.77094,-11.24524,2026-04-22 16:03:00+00:00,2026-04-22,NOAA-20,RIO DA CONCEIÇÃO,TOCANTINS,Brasil,,,,Cerrado,33,17,1718659,8,,221_068,8.1,POINT(-46.77094 -11.24524)
1815121071,ae16f2ff-687d-3fd5-8f6f-76c92a5e3318,-46.79049,-11.27622,2026-04-22 16:03:00+00:00,2026-04-22,NOAA-20,RIO DA CONCEIÇÃO,TOCANTINS,Brasil,,,,Cerrado,33,17,1718659,8,,221_068,8.7,POINT(-46.79049 -11.27622)
1815122616,fdb63d15-b7f0-3958-9ba8-8a4e5831f706,-46.78354,-11.23789,2026-04-22 16:03:00+00:00,2026-04-22,NOAA-20,RIO DA CONCEIÇÃO,TOCANTINS,Brasil,,,,Cerrado,33,17,1718659,8,,221_068,6.9,POINT(-46.78354 -11.23789)
1815122682,1f9f335d-8bdf-365a-865d-b9df702c88c6,-45.32638,-13.38533,2026-04-22 16:03:00+00:00,2026-04-22,NOAA-20,CORRENTINA,BAHIA,Brasil,,,,Cerrado,33,29,2909307,8,,220_069,8.3,POINT(-45.32638 -13.38533)
1815121478,128bd85a-7a5b-3162-824c-27bbd5246a6e,-45.47516,-12.57699,2026-04-22 16:03:00+00:00,2026-04-22,NOAA-20,SÃO DESIDÉRIO,BAHIA,Brasil,,,,Cerrado,33,29,2928901,8,,220_069,9.7,POINT(-45.47516 -12.57699)
1815122711,2b6c4ff1-d732-3f12-b146-95e25abf441a,-46.76304,-11.24104,2026-04-22 16:03:00+00:00,2026-04-22,NOAA-20,RIO DA CONCEIÇÃO,TOCANTINS,Brasil,,,,Cerrado,33,17,1718659,8,,221_068,7.4,POINT(-46.76304 -11.24104)
1815121089,f8f2c708-e9c4-3a70-96f2-6860d18dc126,-37.704,-8.21635,2026-04-22 16:03:00+00:00,2026-04-22,NOAA-20,CUSTÓDIA,PERNAMBUCO,Brasil,,,,Caatinga,33,26,2605103,8,,215_066,6.9,POINT(-37.704 -8.21635)
1815122706,63916b98-6c0a-3fb1-a773-b51c889c940e,-46.7827,-11.27528,2026-04-22 16:03:00+00:00,2026-04-22,NOAA-20,RIO DA CONCEIÇÃO,TOCANTINS,Brasil,,,,Cerrado,33,17,1718659,8,,221_068,9.2,POINT(-46.7827 -11.27528)
1815121488,8df9bf48-cd51-303f-9651-33a5d8cef1c3,-43.58337,-12.96281,2026-04-22 16:03:00+00:00,2026-04-22,NOAA-20,SÍTIO DO MATO,BAHIA,Brasil,,,,Cerrado,33,29,2930758,8,,219_069,4.8,POINT(-43.58337 -12.96281)
1815121489,956aeabf-afa4-3c1f-b621-157c249cf401,-46.77887,-11.24618,2026-04-22 16:03:00+00:00,2026-04-22,NOAA-20,RIO DA CONCEIÇÃO,TOCANTINS,Brasil,,,,Cerrado,33,17,1718659,8,,221_068,6.2,POINT(-46.77887 -11.24618)
1815121996,4579d8c6-ef41-3d14-9732-9dd243bdee0e,-46.775,-11.24254,2026-04-22 16:03:00+00:00,2026-04-22,NOAA-20,RIO DA CONCEIÇÃO,TOCANTINS,Brasil,,,,Cerrado,33,17,1718659,8,,221_068,5.9,POINT(-46.775 -11.24254)
1815121107,29eb286d-b9f9-3969-b757-313fdf798a9b,-45.32575,-13.3906,2026-04-22 16:03:00+00:00,2026-04-22,NOAA-20,CORRENTINA,BAHIA,Brasil,,,,Cerrado,33,29,2909307,8,,220_069,8.3,POINT(-45.32575 -13.3906)
1815122632,33378cb7-d239-358d-ae31-1ee26c4456b5,-36.05749,-5.40492,2026-04-22 16:03:00+00:00,2026-04-22,NOAA-20,JANDAÍRA,RIO GRANDE DO NORTE,Brasil,,,,Caatinga,33,24,2405108,8,,215_064,4.0,POINT(-36.05749 -5.40492)
1815121134,31dc0c67-0fb0-3954-8c70-3d0341959402,-43.66116,-11.78314,2026-04-22 16:03:00+00:00,2026-04-22,NOAA-20,BARRA,BAHIA,Brasil,,,,Cerrado,33,29,2902708,8,,219_068,7.4,POINT(-43.66116 -11.78314)
1815121135,0f21319f-6b0d-33fb-ad7b-79f272cf9c5e,-42.49987,-11.39975,2026-04-22 16:03:00+00:00,2026-04-22,NOAA-20,GENTIO DO OURO,BAHIA,Brasil,,,,Caatinga,33,29,2911303,8,,218_068,3.1,POINT(-42.49987 -11.39975)
1815123138,6977dd16-b670-30eb-af99-c83a1e7aa9ae,-43.65237,-11.7773,2026-04-22 16:03:00+00:00,2026-04-22,NOAA-20,BARRA,BAHIA,Brasil,,,,Cerrado,33,29,2902708,8,,219_068,12.9,POINT(-43.65237 -11.7773)
1815122170,07ac300e-c1d6-392c-8b26-b5bd3cd33f92,-43.64827,-11.77208,2026-04-22 16:03:00+00:00,2026-04-22,NOAA-20,BARRA,BAHIA,Brasil,,,,Cerrado,33,29,2902708,8,,219_068,14.0,POINT(-43.64827 -11.77208)
1815122471,62c3fccc-2a59-36c1-8d9d-d520e9717c20,-45.47509,-12.57119,2026-04-22 16:03:00+00:00,2026-04-22,NOAA-20,SÃO DESIDÉRIO,BAHIA,Brasil,,,,Cerrado,33,29,2928901,8,,220_069,9.9,POINT(-45.47509 -12.57119)
1815121514,0213d930-d845-34d0-b524-775b4c441448,-49.74515,-11.85514,2026-04-22 16:03:00+00:00,2026-04-22,NOAA-20,FORMOSO DO ARAGUAIA,TOCANTINS,Brasil,,,,Cerrado,33,17,1708205,8,,223_068,6.4,POINT(-49.74515 -11.85514)
1815121189,0133127f-9aff-3091-9781-cb8959214cd9,-43.77696,-12.8565,2026-04-22 16:03:00+00:00,2026-04-22,NOAA-20,SERRA DOURADA,BAHIA,Brasil,,,,Cerrado,33,29,2930303,8,,219_069,3.5,POINT(-43.77696 -12.8565)
1815121517,9a5ff81a-060b-3b8c-abbd-e8478c9bf0e1,-46.76371,-11.23867,2026-04-22 16:03:00+00:00,2026-04-22,NOAA-20,RIO DA CONCEIÇÃO,TOCANTINS,Brasil,,,,Cerrado,33,17,1718659,8,,221_068,7.0,POINT(-46.76371 -11.23867)
1815122236,82570c5d-6a0f-3978-8eaf-0139ff1ca303,-45.33577,-12.05325,2026-04-22 16:03:00+00:00,2026-04-22,NOAA-20,BARREIRAS,BAHIA,Brasil,,,,Cerrado,33,29,2903201,8,,220_068,5.4,POINT(-45.33577 -12.05325)
1815123038,ca37b524-1cd8-333c-b52c-a57bfc2c7084,-43.65364,-11.76811,2026-04-22 16:03:00+00:00,2026-04-22,NOAA-20,BARRA,BAHIA,Brasil,,,,Cerrado,33,29,2902708,8,,219_068,6.5,POINT(-43.65364 -11.76811)
1815123031,58f984d9-a5f6-3f0d-ae2c-884251e56e24,-37.37885,-9.00162,2026-04-22 16:03:00+00:00,2026-04-22,NOAA-20,ITAÍBA,PERNAMBUCO,Brasil,,,,Caatinga,33,26,2607505,8,,215_066,7.2,POINT(-37.37885 -9.00162)
1815122460,c929bede-71b4-3a36-993b-b92f127fdd0c,-35.83298,-7.76015,2026-04-22 16:03:00+00:00,2026-04-22,NOAA-20,VERTENTE DO LÉRIO,PERNAMBUCO,Brasil,,,,Caatinga,33,26,2616183,8,,214_065,4.0,POINT(-35.83298 -7.76015)
1815122721,9c09bea6-b61a-33bc-a857-91cf0624282b,-45.4719,-12.57658,2026-04-22 16:03:00+00:00,2026-04-22,NOAA-20,SÃO DESIDÉRIO,BAHIA,Brasil,,,,Cerrado,33,29,2928901,8,,220_069,9.7,POINT(-45.4719 -12.57658)
1815122762,27d03eeb-2aed-3a34-98ac-2e752f4f746a,-37.8755,-9.27674,2026-04-22 16:03:00+00:00,2026-04-22,NOAA-20,ÁGUA BRANCA,ALAGOAS,Brasil,,,,Caatinga,33,27,2700102,8,,215_066,2.0,POINT(-37.8755 -9.27674)
1815121299,51aa5f47-dc5d-3edb-b023-a3d4bdb77411,-40.31843,-13.26637,2026-04-22 16:03:00+00:00,2026-04-22,NOAA-20,PLANALTINO,BAHIA,Brasil,,,,Caatinga,33,29,2924900,8,,216_069,17.5,POINT(-40.31843 -13.26637)
1815121314,3af2ab32-2bd0-3dad-8ee0-cce5fb057532,-46.78351,-11.24101,2026-04-22 16:03:00+00:00,2026-04-22,NOAA-20,RIO DA CONCEIÇÃO,TOCANTINS,Brasil,,,,Cerrado,33,17,1718659,8,,221_068,7.8,POINT(-46.78351 -11.24101)
1815123125,c3107710-f26c-348f-82b2-f9a378670f44,-45.47118,-12.57607,2026-04-22 16:03:00+00:00,2026-04-22,NOAA-20,SÃO DESIDÉRIO,BAHIA,Brasil,,,,Cerrado,33,29,2928901,8,,220_069,9.9,POINT(-45.47118 -12.57607)
1815121022,7ec93676-30f9-307e-b22e-ba2fc2eae1d0,-43.65775,-11.77332,2026-04-22 16:03:00+00:00,2026-04-22,NOAA-20,BARRA,BAHIA,Brasil,,,,Cerrado,33,29,2902708,8,,219_068,12.9,POINT(-43.65775 -11.77332)
1815122398,1d1a03f8-67d1-3af1-bc13-aee57ee7b7c2,-47.67627,-14.42463,2026-04-22 16:03:00+00:00,2026-04-22,NOAA-20,ALTO PARAÍSO DE GOIÁS,GOIÁS,Brasil,,,,Cerrado,33,52,5200605,8,,221_070,4.4,POINT(-47.67627 -14.42463)
1815123098,61bd374b-cc33-3e5e-9587-a8beeb0cd2fc,-45.47181,-12.5708,2026-04-22 16:03:00+00:00,2026-04-22,NOAA-20,SÃO DESIDÉRIO,BAHIA,Brasil,,,,Cerrado,33,29,2928901,8,,220_069,9.9,POINT(-45.47181 -12.5708)
1815122775,8e4b9b27-4052-36b4-8750-155e418c3e8b,-46.77829,-11.28048,2026-04-22 16:03:00+00:00,2026-04-22,NOAA-20,RIO DA CONCEIÇÃO,TOCANTINS,Brasil,,,,Cerrado,33,17,1718659,8,,221_068,7.4,POINT(-46.77829 -11.28048)
1815122090,19301379-a160-338c-be47-0cd0ba481056,-45.33031,-13.38046,2026-04-22 16:03:00+00:00,2026-04-22,NOAA-20,CORRENTINA,BAHIA,Brasil,,,,Cerrado,33,29,2909307,8,,220_069,3.5,POINT(-45.33031 -13.38046)
1815123162,c072b3a9-a155-391a-8cbc-1402cffec321,-46.77966,-11.2374,2026-04-22 16:03:00+00:00,2026-04-22,NOAA-20,RIO DA CONCEIÇÃO,TOCANTINS,Brasil,,,,Cerrado,33,17,1718659,8,,221_068,6.8,POINT(-46.77966 -11.2374)
1815122606,93c0b0eb-5a88-3c92-80b0-c50aede6c17d,-45.32308,-13.38493,2026-04-22 16:03:00+00:00,2026-04-22,NOAA-20,CORRENTINA,BAHIA,Brasil,,,,Cerrado,33,29,2909307,8,,220_069,11.5,POINT(-45.32308 -13.38493)
1815122724,9c34e1a1-cbc8-3486-9174-14c2f30d8971,-43.64417,-11.76687,2026-04-22 16:03:00+00:00,2026-04-22,NOAA-20,BARRA,BAHIA,Brasil,,,,Cerrado,33,29,2902708,8,,219_068,17.7,POINT(-43.64417 -11.76687)
1815122363,ed5ccac9-e67d-36ba-8590-12e36722ca22,-46.7874,-11.24147,2026-04-22 16:03:00+00:00,2026-04-22,NOAA-20,RIO DA CONCEIÇÃO,TOCANTINS,Brasil,,,,Cerrado,33,17,1718659,8,,221_068,7.8,POINT(-46.7874 -11.24147)
1815122973,5bdc9d93-e577-3b60-b440-39c7b32eacfc,-35.71852,-6.9288,2026-04-22 16:03:00+00:00,2026-04-22,NOAA-20,AREIA,PARAÍBA,Brasil,,,,Caatinga,33,25,2501104,8,,214_065,2.4,POINT(-35.71852 -6.9288)
1815121707,b1eaab2a-84b8-3ace-b2da-c409177a56f4,-43.64353,-11.77146,2026-04-22 16:03:00+00:00,2026-04-22,NOAA-20,BARRA,BAHIA,Brasil,,,,Cerrado,33,29,2902708,8,,219_068,14.0,POINT(-43.64353 -11.77146)
1815122956,4b7a9fb7-6c81-3fc6-ae86-dad210a5b6ef,-45.47252,-12.57131,2026-04-22 16:03:00+00:00,2026-04-22,NOAA-20,SÃO DESIDÉRIO,BAHIA,Brasil,,,,Cerrado,33,29,2928901,8,,220_069,9.7,POINT(-45.47252 -12.57131)
1815122121,8d16bb59-03fb-3c6c-89ef-11271aedd051,-40.31897,-13.26259,2026-04-22 16:03:00+00:00,2026-04-22,NOAA-20,PLANALTINO,BAHIA,Brasil,,,,Caatinga,33,29,2924900,8,,216_069,17.5,POINT(-40.31897 -13.26259)
1815122948,607c8c79-a5c9-326f-81f2-23f62d133b5c,-45.47839,-12.57157,2026-04-22 16:03:00+00:00,2026-04-22,NOAA-20,SÃO DESIDÉRIO,BAHIA,Brasil,,,,Cerrado,33,29,2928901,8,,220_069,10.4,POINT(-45.47839 -12.57157)
1815123136,340da9df-949b-3136-9567-1d766da60e05,-39.29011,-11.44837,2026-04-22 16:03:00+00:00,2026-04-22,NOAA-20,CONCEIÇÃO DO COITÉ,BAHIA,Brasil,,,,Caatinga,33,29,2908408,8,,216_068,8.3,POINT(-39.29011 -11.44837)
1815122198,06b64ab2-8931-35cf-8acf-44f4623e1b61,-46.78658,-11.27575,2026-04-22 16:03:00+00:00,2026-04-22,NOAA-20,RIO DA CONCEIÇÃO,TOCANTINS,Brasil,,,,Cerrado,33,17,1718659,8,,221_068,8.7,POINT(-46.78658 -11.27575)
1815122939,be223051-3d13-3a05-9e28-81f0303282a4,-43.64764,-11.77668,2026-04-22 16:03:00+00:00,2026-04-22,NOAA-20,BARRA,BAHIA,Brasil,,,,Cerrado,33,29,2902708,8,,219_068,14.0,POINT(-43.64764 -11.77668)
1815121373,d8fb61f4-5a61-393a-93b6-a00e95db6aba,-45.47446,-12.57646,2026-04-22 16:03:00+00:00,2026-04-22,NOAA-20,SÃO DESIDÉRIO,BAHIA,Brasil,,,,Cerrado,33,29,2928901,8,,220_069,9.9,POINT(-45.47446 -12.57646)
1815122929,370988f1-46db-3713-a021-0ea2e9584590,-44.29451,-13.6858,2026-04-22 16:03:00+00:00,2026-04-22,NOAA-20,CORIBE,BAHIA,Brasil,,,,Cerrado,33,29,2909109,8,,219_069,10.3,POINT(-44.29451 -13.6858)
1815121749,7f5a8e98-2db4-3566-9efc-727bec4bf109,-45.32245,-13.3902,2026-04-22 16:03:00+00:00,2026-04-22,NOAA-20,CORRENTINA,BAHIA,Brasil,,,,Cerrado,33,29,2909307,8,,220_069,11.5,POINT(-45.32245 -13.3902)
1815121751,7814504e-467d-3799-bbd3-5a3ceba5437b,-44.04765,-13.44097,2026-04-22 16:03:00+00:00,2026-04-22,NOAA-20,SÃO FÉLIX DO CORIBE,BAHIA,Brasil,,,,Cerrado,33,29,2929057,8,,219_069,16.6,POINT(-44.04765 -13.44097)
1815121780,e0d282da-6adb-34ec-8551-9f70ce067eb3,-43.62343,-13.77751,2026-04-22 16:03:00+00:00,2026-04-22,NOAA-20,SERRA DO RAMALHO,BAHIA,Brasil,,,,Cerrado,33,29,2930154,8,,219_069,13.0,POINT(-43.62343 -13.77751)
1815122256,9e9542d4-d810-3137-9457-fe9ac492275d,-35.5601,-5.20572,2026-04-22 16:05:00+00:00,2026-04-22,NOAA-20,TOUROS,RIO GRANDE DO NORTE,Brasil,,,,Caatinga,33,24,2414407,8,,214_064,3.1,POINT(-35.5601 -5.20572)
1815123074,a8b26fc0-77be-308a-b654-a3c28dccef0e,-51.06551,1.5915,2026-04-22 16:07:00+00:00,2026-04-22,NOAA-20,TARTARUGALZINHO,AMAPÁ,Brasil,,,,Amazônia,33,16,1600709,8,,225_059,3.7,POINT(-51.06551 1.5915)
1815121910,4da5587a-711d-321b-95a7-371ab20646ab,-51.06301,1.59318,2026-04-22 16:07:00+00:00,2026-04-22,NOAA-20,TARTARUGALZINHO,AMAPÁ,Brasil,,,,Amazônia,33,16,1600709,8,,225_059,4.9,POINT(-51.06301 1.59318)
1815121323,b77afeef-d373-39e2-8a74-eb0b734f7ecd,-49.66573,-28.83343,2026-04-22 16:45:00+00:00,2026-04-22,NOAA-21,MELEIRO,SANTA CATARINA,Brasil,,,,Mata Atlântica,33,42,4210803,8,,220_080,3.3,POINT(-49.66573 -28.83343)
1815122065,d5e9eb3e-fb18-3bac-9b09-5fcb131e9dd3,-49.28146,-25.26811,2026-04-22 16:45:00+00:00,2026-04-22,NOAA-21,ALMIRANTE TAMANDARÉ,PARANÁ,Brasil,,,,Mata Atlântica,33,41,4100400,8,,220_078,3.7,POINT(-49.28146 -25.26811)
1815122602,a661e19c-6a18-361b-bd03-4f52edeaa43e,-50.18803,-26.88899,2026-04-22 16:45:00+00:00,2026-04-22,NOAA-21,RIO DO CAMPO,SANTA CATARINA,Brasil,,,,Mata Atlântica,33,42,4214508,8,,221_079,4.0,POINT(-50.18803 -26.88899)
1815123078,0ecb399c-ce53-3b9a-884d-7f77cdc5c40b,-50.88141,-26.19829,2026-04-22 16:45:00+00:00,2026-04-22,NOAA-21,PAULA FREITAS,PARANÁ,Brasil,,,,Mata Atlântica,33,41,4118600,8,,221_078,8.1,POINT(-50.88141 -26.19829)
1815122229,de048082-2123-3c8b-ae9e-e5403b35e7cc,-51.20501,-27.79328,2026-04-22 16:45:00+00:00,2026-04-22,NOAA-21,PINHAL DA SERRA,RIO GRANDE DO SUL,Brasil,,,,Mata Atlântica,33,43,4314464,8,,221_079,3.1,POINT(-51.20501 -27.79328)
1815122009,85439d88-3400-3d91-a260-71eefa990690,-49.2466,-25.22693,2026-04-22 16:45:00+00:00,2026-04-22,NOAA-21,RIO BRANCO DO SUL,PARANÁ,Brasil,,,,Mata Atlântica,33,41,4122206,8,,220_078,7.0,POINT(-49.2466 -25.22693)
1815121147,ac41336c-aea5-3a32-9213-5dfe8c098179,-49.1862,-28.16742,2026-04-22 16:45:00+00:00,2026-04-22,NOAA-21,BRAÇO DO NORTE,SANTA CATARINA,Brasil,,,,Mata Atlântica,33,42,4202800,8,,220_080,12.6,POINT(-49.1862 -28.16742)
1815121804,7b8b08a4-ad54-34bc-be55-a7ad444aaa2f,-50.51181,-26.93964,2026-04-22 16:45:00+00:00,2026-04-22,NOAA-21,SANTA CECÍLIA,SANTA CATARINA,Brasil,,,,Mata Atlântica,33,42,4215505,8,,221_079,7.2,POINT(-50.51181 -26.93964)
1815122797,e189d7db-34dd-3468-a8aa-fe9dc1ae50d5,-48.34806,-24.68522,2026-04-22 16:45:00+00:00,2026-04-22,NOAA-21,ELDORADO,SÃO PAULO,Brasil,,,,Mata Atlântica,33,35,3514809,8,,220_077,2.3,POINT(-48.34806 -24.68522)
1815123040,27faef82-93a0-3fb7-a2f9-b1720287cdb7,-50.51715,-26.94027,2026-04-22 16:45:00+00:00,2026-04-22,NOAA-21,SANTA CECÍLIA,SANTA CATARINA,Brasil,,,,Mata Atlântica,33,42,4215505,8,,221_079,7.2,POINT(-50.51715 -26.94027)
1815121234,b5071313-a965-372d-856d-3db00fa16326,-50.21098,-26.97212,2026-04-22 16:45:00+00:00,2026-04-22,NOAA-21,RIO DO CAMPO,SANTA CATARINA,Brasil,,,,Mata Atlântica,33,42,4214508,8,,221_079,5.0,POINT(-50.21098 -26.97212)
1815121610,5bf0b0e2-8b64-3941-b305-fbfb2f899676,-49.76571,-29.28314,2026-04-22 16:45:00+00:00,2026-04-22,NOAA-21,PASSO DE TORRES,SANTA CATARINA,Brasil,,,,Mata Atlântica,33,42,4212254,8,,220_080,3.2,POINT(-49.76571 -29.28314)
1815121505,791ac41d-0479-34e2-beab-a92a108170d6,-50.37774,-26.9642,2026-04-22 16:45:00+00:00,2026-04-22,NOAA-21,SANTA CECÍLIA,SANTA CATARINA,Brasil,,,,Mata Atlântica,33,42,4215505,8,,221_079,4.9,POINT(-50.37774 -26.9642)
1815121852,c648f121-2b07-30be-bf57-2789947f2bf9,-50.70282,-26.95426,2026-04-22 16:45:00+00:00,2026-04-22,NOAA-21,LEBON RÉGIS,SANTA CATARINA,Brasil,,,,Mata Atlântica,33,42,4209706,8,,221_079,311.3,POINT(-50.70282 -26.95426)
1815122617,4913fc6b-c3aa-3742-a29d-118dc839dad0,-48.76,-27.43645,2026-04-22 16:45:00+00:00,2026-04-22,NOAA-21,BIGUAÇU,SANTA CATARINA,Brasil,,,,Mata Atlântica,33,42,4202305,8,,220_079,6.4,POINT(-48.76 -27.43645)
1815122297,c102000f-1341-35f7-a152-111c2757be8b,-51.34776,-27.07755,2026-04-22 16:45:00+00:00,2026-04-22,NOAA-21,IBICARÉ,SANTA CATARINA,Brasil,,,,Mata Atlântica,33,42,4206801,8,,221_079,5.7,POINT(-51.34776 -27.07755)
1815121611,da5ee28e-46b8-3aee-b52b-a8fcac55b9a9,-48.95359,-26.57154,2026-04-22 16:45:00+00:00,2026-04-22,NOAA-21,MASSARANDUBA,SANTA CATARINA,Brasil,,,,Mata Atlântica,33,42,4210605,8,,220_078,16.1,POINT(-48.95359 -26.57154)
1815121509,07501238-b6ae-3dee-a5d0-a2ffa15c60de,-49.46363,-25.68304,2026-04-22 16:45:00+00:00,2026-04-22,NOAA-21,ARAUCÁRIA,PARANÁ,Brasil,,,,Mata Atlântica,33,41,4101804,8,,220_078,3.7,POINT(-49.46363 -25.68304)
1815122286,56b30b9e-6656-3ce3-950c-953a034e0d7a,-48.98578,-25.98236,2026-04-22 16:45:00+00:00,2026-04-22,NOAA-21,TIJUCAS DO SUL,PARANÁ,Brasil,,,,Mata Atlântica,33,41,4127601,8,,220_078,10.6,POINT(-48.98578 -25.98236)
1815122250,4b8ba9ca-a58a-3c4e-952e-f9ff4da8d11c,-50.27341,-25.49873,2026-04-22 16:45:00+00:00,2026-04-22,NOAA-21,PALMEIRA,PARANÁ,Brasil,,,,Mata Atlântica,33,41,4117701,8,,221_078,10.3,POINT(-50.27341 -25.49873)
1815121881,361905f9-38dc-3be2-9c64-db4d341600a9,-49.47359,-27.64855,2026-04-22 16:45:00+00:00,2026-04-22,NOAA-21,ALFREDO WAGNER,SANTA CATARINA,Brasil,,,,Mata Atlântica,33,42,4200705,8,,220_079,3.9,POINT(-49.47359 -27.64855)
1815122515,b822ebc6-dc9e-36bb-a552-afebcea60761,-49.28204,-25.26451,2026-04-22 16:45:00+00:00,2026-04-22,NOAA-21,ALMIRANTE TAMANDARÉ,PARANÁ,Brasil,,,,Mata Atlântica,33,41,4100400,8,,220_078,3.7,POINT(-49.28204 -25.26451)
1815121281,f3a114fe-0f97-3d76-b7bc-d30a1e14ebd9,-48.69841,-27.34243,2026-04-22 16:45:00+00:00,2026-04-22,NOAA-21,TIJUCAS,SANTA CATARINA,Brasil,,,,Mata Atlântica,33,42,4218004,8,,220_079,3.8,POINT(-48.69841 -27.34243)
1815121892,319deb03-1104-3fc7-8e9b-cd67bf2eaaff,-49.91483,-26.124,2026-04-22 16:45:00+00:00,2026-04-22,NOAA-21,MAFRA,SANTA CATARINA,Brasil,,,,Mata Atlântica,33,42,4210100,8,,221_078,2.7,POINT(-49.91483 -26.124)
1815122566,66c00d2f-dc1a-3c27-be37-ad4ea7a015a5,-48.20986,-24.81322,2026-04-22 16:45:00+00:00,2026-04-22,NOAA-21,CAJATI,SÃO PAULO,Brasil,,,,Mata Atlântica,33,35,3509254,8,,220_077,1.7,POINT(-48.20986 -24.81322)
1815121417,22c3f09f-e73d-3398-97a3-023409069532,-51.30559,-26.47445,2026-04-22 16:45:00+00:00,2026-04-22,NOAA-21,GENERAL CARNEIRO,PARANÁ,Brasil,,,,Mata Atlântica,33,41,4108502,8,,222_078,6.7,POINT(-51.30559 -26.47445)
1815123073,3959110f-412e-31c3-aa71-43579b41cab8,-47.5894,-24.72225,2026-04-22 16:45:00+00:00,2026-04-22,NOAA-21,IGUAPE,SÃO PAULO,Brasil,,,,Mata Atlântica,33,35,3520301,8,,219_077,2.1,POINT(-47.5894 -24.72225)
1815121198,e359c9b5-0b39-3853-b0bb-93bf84aa19ed,-49.56709,-27.21362,2026-04-22 16:45:00+00:00,2026-04-22,NOAA-21,RIO DO SUL,SANTA CATARINA,Brasil,,,,Mata Atlântica,33,42,4214805,8,,220_079,3.6,POINT(-49.56709 -27.21362)
1815123181,f28a5490-d9e5-3331-bfa0-19b3e1c5aa12,-49.99391,-27.39636,2026-04-22 16:45:00+00:00,2026-04-22,NOAA-21,POUSO REDONDO,SANTA CATARINA,Brasil,,,,Mata Atlântica,33,42,4213708,8,,221_079,4.1,POINT(-49.99391 -27.39636)
1815121917,3049c98e-33fa-3f96-ba23-32f918ee0a4b,-50.48633,-27.69385,2026-04-22 16:45:00+00:00,2026-04-22,NOAA-21,SÃO JOSÉ DO CERRITO,SANTA CATARINA,Brasil,,,,Mata Atlântica,33,42,4216800,8,,221_079,10.4,POINT(-50.48633 -27.69385)
1815121919,f8ceb2c5-f7fb-3461-acb2-7f10f47d7fce,-51.30884,-26.47895,2026-04-22 16:45:00+00:00,2026-04-22,NOAA-21,GENERAL CARNEIRO,PARANÁ,Brasil,,,,Mata Atlântica,33,41,4108502,8,,222_078,18.5,POINT(-51.30884 -26.47895)
1815121425,c194c0f4-e65c-32eb-a760-899219d4be09,-49.63567,-24.953,2026-04-22 16:45:00+00:00,2026-04-22,NOAA-21,CASTRO,PARANÁ,Brasil,,,,Mata Atlântica,33,41,4104907,8,,221_077,195.7,POINT(-49.63567 -24.953)
1815122946,3cbecc78-c5ca-3dca-9787-a5c10ba2c275,-51.21464,-27.74422,2026-04-22 16:45:00+00:00,2026-04-22,NOAA-21,ANITA GARIBALDI,SANTA CATARINA,Brasil,,,,Mata Atlântica,33,42,4201000,8,,221_079,5.5,POINT(-51.21464 -27.74422)
1815122872,aa148929-14d8-34a5-aecf-54347b449eb8,-50.61485,-27.42546,2026-04-22 16:45:00+00:00,2026-04-22,NOAA-21,CURITIBANOS,SANTA CATARINA,Brasil,,,,Mata Atlântica,33,42,4204806,8,,221_079,2.9,POINT(-50.61485 -27.42546)
1815122604,0d6b4fca-0d92-3302-93c3-2a8f6efa8e5a,-49.63885,-24.96084,2026-04-22 16:45:00+00:00,2026-04-22,NOAA-21,CASTRO,PARANÁ,Brasil,,,,Mata Atlântica,33,41,4104907,8,,221_077,19.7,POINT(-49.63885 -24.96084)
1815121947,c0d20ff5-e8c7-3a15-a735-4186b499c301,-48.96144,-24.37836,2026-04-22 16:45:00+00:00,2026-04-22,NOAA-21,APIAÍ,SÃO PAULO,Brasil,,,,Mata Atlântica,33,35,3502705,8,,220_077,3.2,POINT(-48.96144 -24.37836)
1815123067,7ba6fce5-78eb-3673-a1f7-ab50aabd751e,-48.80266,-25.93296,2026-04-22 16:45:00+00:00,2026-04-22,NOAA-21,GUARATUBA,PARANÁ,Brasil,,,,Mata Atlântica,33,41,4109609,8,,220_078,4.4,POINT(-48.80266 -25.93296)
1815121439,906353f2-9103-35bd-bca0-9b7454f49b07,-49.63047,-24.95606,2026-04-22 16:45:00+00:00,2026-04-22,NOAA-21,CASTRO,PARANÁ,Brasil,,,,Mata Atlântica,33,41,4104907,8,,221_077,7.4,POINT(-49.63047 -24.95606)
1815122463,cf76aeb9-13f1-32db-b78d-727b8d1aa468,-49.72897,-28.67622,2026-04-22 16:45:00+00:00,2026-04-22,NOAA-21,MORRO GRANDE,SANTA CATARINA,Brasil,,,,Mata Atlântica,33,42,4211256,8,,220_080,9.1,POINT(-49.72897 -28.67622)
1815122074,800b7cfa-4c0a-3789-90be-8d1b1cc62c10,-50.2457,-28.8246,2026-04-22 16:45:00+00:00,2026-04-22,NOAA-21,BOM JESUS,RIO GRANDE DO SUL,Brasil,,,,Mata Atlântica,33,43,4302303,8,,220_080,36.6,POINT(-50.2457 -28.8246)
1815123057,800b03a9-b46c-3088-a4fb-3adb24571215,-53.15986,-29.79528,2026-04-22 16:45:00+00:00,2026-04-22,NOAA-21,PARAÍSO DO SUL,RIO GRANDE DO SUL,Brasil,,,,Mata Atlântica,33,43,4314027,8,,222_081,20.2,POINT(-53.15986 -29.79528)
1815121640,dde2d55e-07b5-392a-a4b9-55191268932d,-49.50759,-25.78912,2026-04-22 16:45:00+00:00,2026-04-22,NOAA-21,CONTENDA,PARANÁ,Brasil,,,,Mata Atlântica,33,41,4106209,8,,221_078,2.0,POINT(-49.50759 -25.78912)
1815121454,7d940c20-6a5f-38c4-8e35-33ce817a9c76,-51.30502,-26.47851,2026-04-22 16:45:00+00:00,2026-04-22,NOAA-21,GENERAL CARNEIRO,PARANÁ,Brasil,,,,Mata Atlântica,33,41,4108502,8,,222_078,64.6,POINT(-51.30502 -26.47851)
1815123127,666d9544-cce1-3beb-b668-352439ef9a20,-50.00952,-27.15178,2026-04-22 16:45:00+00:00,2026-04-22,NOAA-21,TAIÓ,SANTA CATARINA,Brasil,,,,Mata Atlântica,33,42,4217808,8,,221_079,19.4,POINT(-50.00952 -27.15178)
1815123028,df1f0c80-9445-3c3d-aee6-27a345035f6c,-49.98224,-27.76319,2026-04-22 16:45:00+00:00,2026-04-22,NOAA-21,BOCAINA DO SUL,SANTA CATARINA,Brasil,,,,Mata Atlântica,33,42,4202438,8,,220_079,29.0,POINT(-49.98224 -27.76319)
1815121193,eabed63e-4d84-3dbe-9657-bbfd24688246,-49.58424,-27.00393,2026-04-22 16:45:00+00:00,2026-04-22,NOAA-21,IBIRAMA,SANTA CATARINA,Brasil,,,,Mata Atlântica,33,42,4206900,8,,220_079,4.2,POINT(-49.58424 -27.00393)
1815122694,a72a748b-e231-3573-9ddf-105a92ce8fc5,-49.98518,-27.76117,2026-04-22 16:45:00+00:00,2026-04-22,NOAA-21,BOCAINA DO SUL,SANTA CATARINA,Brasil,,,,Mata Atlântica,33,42,4202438,8,,221_079,26.9,POINT(-49.98518 -27.76117)
1815121538,61e89c5f-26a5-39cc-96dd-0efd508176eb,-51.93638,-30.49961,2026-04-22 16:45:00+00:00,2026-04-22,NOAA-21,SÃO JERÔNIMO,RIO GRANDE DO SUL,Brasil,,,,Pampa,33,43,4318408,8,,221_081,9.7,POINT(-51.93638 -30.49961)
1815122047,8c46c152-07b1-3d50-8953-ddd881553651,-52.2296,-26.31899,2026-04-22 16:45:00+00:00,2026-04-22,NOAA-21,CLEVELÂNDIA,PARANÁ,Brasil,,,,Mata Atlântica,33,41,4105706,8,,222_078,22.3,POINT(-52.2296 -26.31899)
1815122757,43193537-4e48-3296-9e44-8fb6b7179b17,-49.3678,-28.88278,2026-04-22 16:45:00+00:00,2026-04-22,NOAA-21,ARARANGUÁ,SANTA CATARINA,Brasil,,,,Mata Atlântica,33,42,4201406,8,,220_080,2.8,POINT(-49.3678 -28.88278)
1815122454,b99bef66-0a21-39c4-a6be-e191979f97fa,-50.49206,-27.69452,2026-04-22 16:45:00+00:00,2026-04-22,NOAA-21,SÃO JOSÉ DO CERRITO,SANTA CATARINA,Brasil,,,,Mata Atlântica,33,42,4216800,8,,221_079,10.4,POINT(-50.49206 -27.69452)
1815121261,334a7c34-adea-368c-82bd-78d068d511de,-50.0499,-25.34389,2026-04-22 16:45:00+00:00,2026-04-22,NOAA-21,PALMEIRA,PARANÁ,Brasil,,,,Mata Atlântica,33,41,4117701,8,,221_078,6.9,POINT(-50.0499 -25.34389)
1815121077,2dc82125-0208-33b9-84d8-9be1796e14d4,-49.3462,-27.37951,2026-04-22 16:45:00+00:00,2026-04-22,NOAA-21,VIDAL RAMOS,SANTA CATARINA,Brasil,,,,Mata Atlântica,33,42,4219200,8,,220_079,7.6,POINT(-49.3462 -27.37951)
1815121559,fa0add9c-be4d-3ccb-85ec-ed92bd19d6f5,-49.86573,-28.84883,2026-04-22 16:45:00+00:00,2026-04-22,NOAA-21,TIMBÉ DO SUL,SANTA CATARINA,Brasil,,,,Mata Atlântica,33,42,4218103,8,,220_080,4.1,POINT(-49.86573 -28.84883)
1815121656,3176d797-9609-3c3d-8ebd-76cb4b207955,-51.29373,-25.47317,2026-04-22 16:45:00+00:00,2026-04-22,NOAA-21,INÁCIO MARTINS,PARANÁ,Brasil,,,,Mata Atlântica,33,41,4110201,8,,222_078,5.2,POINT(-51.29373 -25.47317)
1815121295,e2377b29-fbb1-3cf3-a4ac-22a0c89fb393,-50.92677,-29.50661,2026-04-22 16:45:00+00:00,2026-04-22,NOAA-21,SANTA MARIA DO HERVAL,RIO GRANDE DO SUL,Brasil,,,,Mata Atlântica,33,43,4316956,8,,221_080,3.0,POINT(-50.92677 -29.50661)
1815123220,df845b95-5eec-368f-90d7-f13e8dbb70c6,-49.63429,-24.96026,2026-04-22 16:45:00+00:00,2026-04-22,NOAA-21,CASTRO,PARANÁ,Brasil,,,,Mata Atlântica,33,41,4104907,8,,221_077,19.7,POINT(-49.63429 -24.96026)
1815122445,fda80afa-3ffd-3603-ba0f-18dfc1f17baa,-49.73299,-27.27217,2026-04-22 16:45:00+00:00,2026-04-22,NOAA-21,AGRONÔMICA,SANTA CATARINA,Brasil,,,,Mata Atlântica,33,42,4200309,8,,220_079,3.6,POINT(-49.73299 -27.27217)
1815121296,31d2618a-bab1-3b63-a0f3-f944843f316a,-49.09782,-28.68807,2026-04-22 16:45:00+00:00,2026-04-22,NOAA-21,JAGUARUNA,SANTA CATARINA,Brasil,,,,Mata Atlântica,33,42,4208807,8,,220_080,1.8,POINT(-49.09782 -28.68807)
1815123202,16900182-c8a2-3fc4-a479-1b913fa6568c,-49.332,-28.13611,2026-04-22 16:45:00+00:00,2026-04-22,NOAA-21,GRÃO PARÁ,SANTA CATARINA,Brasil,,,,Mata Atlântica,33,42,4206108,8,,220_079,4.4,POINT(-49.332 -28.13611)
1815121031,b2ec8dad-44e6-3205-89fd-8ecc0ddac8e3,-48.98498,-25.9859,2026-04-22 16:45:00+00:00,2026-04-22,NOAA-21,TIJUCAS DO SUL,PARANÁ,Brasil,,,,Mata Atlântica,33,41,4127601,8,,220_078,14.1,POINT(-48.98498 -25.9859)
1815122442,c163263d-b887-3be8-8bac-364c2e9c0a63,-49.4649,-27.37508,2026-04-22 16:45:00+00:00,2026-04-22,NOAA-21,VIDAL RAMOS,SANTA CATARINA,Brasil,,,,Mata Atlântica,33,42,4219200,8,,220_079,3.3,POINT(-49.4649 -27.37508)
1815121170,f9794ccf-4b1b-3258-bfe5-b6d6fedf2133,-51.46027,-27.35061,2026-04-22 16:45:00+00:00,2026-04-22,NOAA-21,CAMPOS NOVOS,SANTA CATARINA,Brasil,,,,Mata Atlântica,33,42,4203600,8,,222_079,186.0,POINT(-51.46027 -27.35061)
1815122780,3d531639-2de9-367c-8471-4db0abec96ae,-49.73845,-25.41651,2026-04-22 16:45:00+00:00,2026-04-22,NOAA-21,BALSA NOVA,PARANÁ,Brasil,,,,Mata Atlântica,33,41,4102307,8,,221_078,6.5,POINT(-49.73845 -25.41651)
1815121104,430296ec-b1e3-3876-b957-653cd6b110ed,-51.20922,-29.46753,2026-04-22 16:45:00+00:00,2026-04-22,NOAA-21,LINHA NOVA,RIO GRANDE DO SUL,Brasil,,,,Mata Atlântica,33,43,4311643,8,,221_080,9.0,POINT(-51.20922 -29.46753)
1815122173,65f28768-7640-3a0a-a996-ac65ed5c8a7f,-52.0233,-24.81686,2026-04-22 16:45:00+00:00,2026-04-22,NOAA-21,SANTA MARIA DO OESTE,PARANÁ,Brasil,,,,Mata Atlântica,33,41,4123857,8,,222_077,9.0,POINT(-52.0233 -24.81686)
1815122865,5714e989-9c1c-3848-b319-a676fb92f8f7,-49.29915,-25.67685,2026-04-22 16:45:00+00:00,2026-04-22,NOAA-21,FAZENDA RIO GRANDE,PARANÁ,Brasil,,,,Mata Atlântica,33,41,4107652,8,,220_078,5.0,POINT(-49.29915 -25.67685)
1815123130,efce08a7-df22-3e2d-b19b-b805a86a6478,-51.27415,-24.63093,2026-04-22 16:45:00+00:00,2026-04-22,NOAA-21,CÂNDIDO DE ABREU,PARANÁ,Brasil,,,,Mata Atlântica,33,41,4104402,8,,222_077,5.2,POINT(-51.27415 -24.63093)
1815123196,dc0a8f28-5f4c-3ad1-9400-6ad3e24489c4,-49.02985,-24.39122,2026-04-22 16:45:00+00:00,2026-04-22,NOAA-21,BARRA DO CHAPÉU,SÃO PAULO,Brasil,,,,Mata Atlântica,33,35,3505351,8,,220_077,4.9,POINT(-49.02985 -24.39122)
1815122005,a46ebf05-0810-318a-9d9e-25a7397547aa,-50.89317,-25.25516,2026-04-22 16:45:00+00:00,2026-04-22,NOAA-21,PRUDENTÓPOLIS,PARANÁ,Brasil,,,,Mata Atlântica,33,41,4120606,8,,221_078,4.9,POINT(-50.89317 -25.25516)
1815122641,17e6f296-d5aa-3d09-aee9-b04950c9ebe5,-48.81565,-28.24357,2026-04-22 16:45:00+00:00,2026-04-22,NOAA-21,IMARUÍ,SANTA CATARINA,Brasil,,,,Mata Atlântica,33,42,4207205,8,,220_080,23.4,POINT(-48.81565 -28.24357)
1815122589,896bcc90-17be-3dfe-8225-de40b3e35cd2,-50.83429,-24.84086,2026-04-22 16:45:00+00:00,2026-04-22,NOAA-21,TIBAGI,PARANÁ,Brasil,,,,Mata Atlântica,33,41,4127502,8,,222_077,6.9,POINT(-50.83429 -24.84086)
1815121123,3fbc292c-e854-37e4-88cd-c26afa327813,-51.20953,-29.4633,2026-04-22 16:45:00+00:00,2026-04-22,NOAA-21,LINHA NOVA,RIO GRANDE DO SUL,Brasil,,,,Mata Atlântica,33,43,4311643,8,,221_080,9.0,POINT(-51.20953 -29.4633)
1815123195,f106222c-3d3b-3053-8955-cf04e9b53825,-49.40228,-25.17226,2026-04-22 16:45:00+00:00,2026-04-22,NOAA-21,RIO BRANCO DO SUL,PARANÁ,Brasil,,,,Mata Atlântica,33,41,4122206,8,,221_077,6.8,POINT(-49.40228 -25.17226)
1815121732,06312954-4d78-372a-8ba2-16ee4bb76653,-50.70834,-26.9549,2026-04-22 16:45:00+00:00,2026-04-22,NOAA-21,LEBON RÉGIS,SANTA CATARINA,Brasil,,,,Mata Atlântica,33,42,4209706,8,,221_079,311.3,POINT(-50.70834 -26.9549)
1815122818,6a72ca4f-33a8-3225-8c13-69261ad446c8,-56.60145,-19.4424,2026-04-22 16:48:00+00:00,2026-04-22,NOAA-21,CORUMBÁ,MATO GROSSO DO SUL,Brasil,,,,Pantanal,33,50,5003207,8,,226_073,16.0,POINT(-56.60145 -19.4424)
1815123183,c55d324e-d52e-39ed-adec-ab1460b441b8,-54.9255,-22.62128,2026-04-22 16:48:00+00:00,2026-04-22,NOAA-21,CAARAPÓ,MATO GROSSO DO SUL,Brasil,,,,Mata Atlântica,33,50,5002407,8,,225_076,5.9,POINT(-54.9255 -22.62128)
1815121204,dcb88996-6733-3766-831d-07d06ecbe413,-47.79536,-22.52658,2026-04-22 16:48:00+00:00,2026-04-22,NOAA-21,CHARQUEADA,SÃO PAULO,Brasil,,,,Cerrado,33,35,3511706,8,,220_076,3.2,POINT(-47.79536 -22.52658)
1815121206,01e57fa5-2104-3ef1-b72b-bdc2406deb4a,-53.77517,-23.38702,2026-04-22 16:48:00+00:00,2026-04-22,NOAA-21,ALTO PARAÍSO,PARANÁ,Brasil,,,,Mata Atlântica,33,41,4128625,8,,224_076,8.7,POINT(-53.77517 -23.38702)
1815121214,331085b2-4519-38b6-9b42-d8d60a9051c7,-49.68074,-23.0324,2026-04-22 16:48:00+00:00,2026-04-22,NOAA-21,CHAVANTES,SÃO PAULO,Brasil,,,,Mata Atlântica,33,35,3557204,8,,221_076,8.4,POINT(-49.68074 -23.0324)
1815122026,0083f3b5-6a01-327a-9d3d-58a261c08e22,-45.98654,-20.59627,2026-04-22 16:48:00+00:00,2026-04-22,NOAA-21,CAPITÓLIO,MINAS GERAIS,Brasil,,,,Cerrado,33,31,3112802,8,,219_074,5.7,POINT(-45.98654 -20.59627)
1815122593,cedf6ced-eeed-380d-9b02-6dfe5e1ea036,-56.59369,-19.45215,2026-04-22 16:48:00+00:00,2026-04-22,NOAA-21,CORUMBÁ,MATO GROSSO DO SUL,Brasil,,,,Pantanal,33,50,5003207,8,,226_073,9.1,POINT(-56.59369 -19.45215)
1815122193,affa5c2f-a072-3080-920a-fcf7bb2448dc,-51.71634,-24.39335,2026-04-22 16:48:00+00:00,2026-04-22,NOAA-21,IVAIPORÃ,PARANÁ,Brasil,,,,Mata Atlântica,33,41,4111506,8,,222_077,4.0,POINT(-51.71634 -24.39335)
1815121282,94df5fd1-6118-36f4-a543-36ac46e0e75e,-46.94253,-20.17459,2026-04-22 16:48:00+00:00,2026-04-22,NOAA-21,DELFINÓPOLIS,MINAS GERAIS,Brasil,,,,Cerrado,33,31,3121209,8,,220_074,1.6,POINT(-46.94253 -20.17459)
1815121290,8df9a1b8-a73c-366d-82d5-81e4329489b9,-46.73496,-20.19712,2026-04-22 16:48:00+00:00,2026-04-22,NOAA-21,SÃO ROQUE DE MINAS,MINAS GERAIS,Brasil,,,,Cerrado,33,31,3164308,8,,220_074,4.9,POINT(-46.73496 -20.19712)
1815121328,89b295b6-3431-32d3-abd3-6d491709b8e0,-56.60199,-19.43717,2026-04-22 16:48:00+00:00,2026-04-22,NOAA-21,CORUMBÁ,MATO GROSSO DO SUL,Brasil,,,,Pantanal,33,50,5003207,8,,226_073,16.0,POINT(-56.60199 -19.43717)
1815123103,a6146d7c-2061-330b-a569-d2e47741f884,-52.59174,-23.76066,2026-04-22 16:48:00+00:00,2026-04-22,NOAA-21,CIANORTE,PARANÁ,Brasil,,,,Mata Atlântica,33,41,4105508,8,,223_076,4.6,POINT(-52.59174 -23.76066)
1815123093,692db66c-8ffa-3a70-b106-9b18eeed5207,-48.95015,-20.03836,2026-04-22 16:48:00+00:00,2026-04-22,NOAA-21,FRUTAL,MINAS GERAIS,Brasil,,,,Cerrado,33,31,3127107,8,,221_074,0.9,POINT(-48.95015 -20.03836)
1815121342,93295495-d6bc-355a-bef2-07ece035d04b,-43.21401,-21.70427,2026-04-22 16:48:00+00:00,2026-04-22,NOAA-21,CHÁCARA,MINAS GERAIS,Brasil,,,,Mata Atlântica,33,31,3115904,8,,217_075,5.2,POINT(-43.21401 -21.70427)
1815123091,44206620-7658-3ab3-a6b5-9dc71b1871e1,-40.96544,-19.12938,2026-04-22 16:48:00+00:00,2026-04-22,NOAA-21,RESPLENDOR,MINAS GERAIS,Brasil,,,,Mata Atlântica,33,31,3154309,8,,216_073,8.5,POINT(-40.96544 -19.12938)
1815121355,91c8d340-62b2-33c3-8af6-5cc70009fee4,-52.30132,-23.13885,2026-04-22 16:48:00+00:00,2026-04-22,NOAA-21,ALTO PARANÁ,PARANÁ,Brasil,,,,Mata Atlântica,33,41,4100608,8,,223_076,2.2,POINT(-52.30132 -23.13885)
1815122181,c9b2a130-bb58-3793-91e9-2cc8b3c82fd0,-44.75382,-21.41452,2026-04-22 16:48:00+00:00,2026-04-22,NOAA-21,ITUTINGA,MINAS GERAIS,Brasil,,,,Mata Atlântica,33,31,3134509,8,,218_075,4.3,POINT(-44.75382 -21.41452)
1815122725,eb6ba3ca-9abb-3879-ad75-7b41ad51b66d,-56.59812,-19.44205,2026-04-22 16:48:00+00:00,2026-04-22,NOAA-21,CORUMBÁ,MATO GROSSO DO SUL,Brasil,,,,Pantanal,33,50,5003207,8,,226_073,19.7,POINT(-56.59812 -19.44205)
1815122549,6306895f-0d93-3cd0-b406-fd50c93f32ca,-43.90282,-17.29067,2026-04-22 16:48:00+00:00,2026-04-22,NOAA-21,ENGENHEIRO NAVARRO,MINAS GERAIS,Brasil,,,,Cerrado,33,31,3123809,8,,218_072,10.3,POINT(-43.90282 -17.29067)
1815122541,d167e805-06be-3ea3-9b7d-b1a1c470361c,-46.91051,-22.52156,2026-04-22 16:48:00+00:00,2026-04-22,NOAA-21,MOGI MIRIM,SÃO PAULO,Brasil,,,,Cerrado,33,35,3530805,8,,219_076,2.2,POINT(-46.91051 -22.52156)
1815121392,b11a561b-6fa9-3532-8e2d-dd83f79c5faa,-39.92902,-18.89156,2026-04-22 16:48:00+00:00,2026-04-22,NOAA-21,SÃO MATEUS,ESPÍRITO SANTO,Brasil,,,,Mata Atlântica,33,32,3204906,8,,215_073,26.9,POINT(-39.92902 -18.89156)
1815121401,7aca3644-ed1c-307c-876f-6cd330458cfb,-48.14686,-21.72279,2026-04-22 16:48:00+00:00,2026-04-22,NOAA-21,ARARAQUARA,SÃO PAULO,Brasil,,,,Cerrado,33,35,3503208,8,,220_075,3.0,POINT(-48.14686 -21.72279)
1815122831,baba6315-a92a-3f5e-8754-455b9d36605c,-45.1536,-21.46646,2026-04-22 16:48:00+00:00,2026-04-22,NOAA-21,CARMO DA CACHOEIRA,MINAS GERAIS,Brasil,,,,Mata Atlântica,33,31,3113909,8,,218_075,2.4,POINT(-45.1536 -21.46646)
1815121452,ca0392a3-5d10-340c-aa4d-0c40ae08d457,-47.39634,-22.23412,2026-04-22 16:48:00+00:00,2026-04-22,NOAA-21,LEME,SÃO PAULO,Brasil,,,,Mata Atlântica,33,35,3526704,8,,220_075,2.4,POINT(-47.39634 -22.23412)
1815122499,9a2c400f-8bda-33c9-beed-ca6738f4b763,-47.65687,-24.09817,2026-04-22 16:48:00+00:00,2026-04-22,NOAA-21,JUQUIÁ,SÃO PAULO,Brasil,,,,Mata Atlântica,33,35,3526100,8,,220_077,2.3,POINT(-47.65687 -24.09817)
1815122495,58817031-7754-3e16-ab05-67009dad4598,-46.42607,-22.81836,2026-04-22 16:48:00+00:00,2026-04-22,NOAA-21,VARGEM,SÃO PAULO,Brasil,,,,Mata Atlântica,33,35,3556354,8,,219_076,2.9,POINT(-46.42607 -22.81836)
1815122482,95d74718-95e1-3b86-b8e6-3297917645d5,-47.24554,-18.96353,2026-04-22 16:48:00+00:00,2026-04-22,NOAA-21,PATROCÍNIO,MINAS GERAIS,Brasil,,,,Cerrado,33,31,3148103,8,,220_073,8.1,POINT(-47.24554 -18.96353)
1815123050,647aa9f5-3d64-3571-aea4-74b7b9b890d2,-44.13892,-20.62354,2026-04-22 16:48:00+00:00,2026-04-22,NOAA-21,ENTRE RIOS DE MINAS,MINAS GERAIS,Brasil,,,,Mata Atlântica,33,31,3123908,8,,218_074,4.0,POINT(-44.13892 -20.62354)
1815122469,68035a31-81dd-324d-b8c6-04abf472c2ab,-49.84003,-21.3877,2026-04-22 16:48:00+00:00,2026-04-22,NOAA-21,PROMISSÃO,SÃO PAULO,Brasil,,,,Mata Atlântica,33,35,3541604,8,,221_075,4.4,POINT(-49.84003 -21.3877)
1815121516,64d948e6-d353-3e66-82c7-34850eb8f5e3,-42.94442,-20.80613,2026-04-22 16:48:00+00:00,2026-04-22,NOAA-21,VIÇOSA,MINAS GERAIS,Brasil,,,,Mata Atlântica,33,31,3171303,8,,217_074,3.4,POINT(-42.94442 -20.80613)
1815122081,31eaa6cd-072d-34f8-8e31-67992c4e6e0b,-47.25151,-22.22967,2026-04-22 16:48:00+00:00,2026-04-22,NOAA-21,ARARAS,SÃO PAULO,Brasil,,,,Cerrado,33,35,3503307,8,,220_075,2.6,POINT(-47.25151 -22.22967)
1815122462,fbb564c8-9726-3279-a954-cbaa88147219,-49.19901,-24.23358,2026-04-22 16:48:00+00:00,2026-04-22,NOAA-21,ITARARÉ,SÃO PAULO,Brasil,,,,Cerrado,33,35,3523206,8,,221_077,9.8,POINT(-49.19901 -24.23358)
1815122453,c7d6ec71-8f09-3d48-9c6a-be56d869b876,-48.30045,-18.33476,2026-04-22 16:48:00+00:00,2026-04-22,NOAA-21,CUMARI,GOIÁS,Brasil,,,,Mata Atlântica,33,52,5206602,8,,221_073,3.6,POINT(-48.30045 -18.33476)
1815122450,975649c8-6b95-328a-bff9-867bb6a02d79,-44.65779,-22.87552,2026-04-22 16:48:00+00:00,2026-04-22,NOAA-21,SÃO JOSÉ DO BARREIRO,SÃO PAULO,Brasil,,,,Mata Atlântica,33,35,3549607,8,,218_076,6.1,POINT(-44.65779 -22.87552)
1815121576,e1992619-fb0d-3b73-8bfd-3bf37f864295,-42.28397,-22.76746,2026-04-22 16:48:00+00:00,2026-04-22,NOAA-21,ARARUAMA,RIO DE JANEIRO,Brasil,,,,Mata Atlântica,33,33,3300209,8,,216_076,3.7,POINT(-42.28397 -22.76746)
1815122430,4d0568bb-97c1-3516-a749-0167f1a8288e,-56.60477,-19.44275,2026-04-22 16:48:00+00:00,2026-04-22,NOAA-21,CORUMBÁ,MATO GROSSO DO SUL,Brasil,,,,Pantanal,33,50,5003207,8,,226_073,16.0,POINT(-56.60477 -19.44275)
1815122427,89e8895d-a3d4-3162-9316-95e9e7656513,-46.76963,-20.23643,2026-04-22 16:48:00+00:00,2026-04-22,NOAA-21,SÃO ROQUE DE MINAS,MINAS GERAIS,Brasil,,,,Cerrado,33,31,3164308,8,,220_074,2.7,POINT(-46.76963 -20.23643)
1815122772,e020b2ae-a16b-33ce-a7b7-3a46a68ed367,-46.76428,-20.20167,2026-04-22 16:48:00+00:00,2026-04-22,NOAA-21,SÃO ROQUE DE MINAS,MINAS GERAIS,Brasil,,,,Cerrado,33,31,3164308,8,,220_074,9.6,POINT(-46.76428 -20.20167)
1815121600,11dd1b7c-e836-3f1d-b452-1860e9bd4ac9,-45.3555,-17.82145,2026-04-22 16:48:00+00:00,2026-04-22,NOAA-21,BURITIZEIRO,MINAS GERAIS,Brasil,,,,Cerrado,33,31,3109402,8,,219_072,6.0,POINT(-45.3555 -17.82145)
1815122408,100fdc89-452a-3138-ad81-d295def821fd,-50.85716,-19.89628,2026-04-22 16:48:00+00:00,2026-04-22,NOAA-21,CARNEIRINHO,MINAS GERAIS,Brasil,,,,Mata Atlântica,33,31,3114550,8,,222_074,2.5,POINT(-50.85716 -19.89628)
1815122397,feb1daab-1eea-38cc-94e4-b14d6ac8e0e5,-51.8564,-23.4502,2026-04-22 16:48:00+00:00,2026-04-22,NOAA-21,SARANDI,PARANÁ,Brasil,,,,Mata Atlântica,33,41,4126256,8,,222_076,3.1,POINT(-51.8564 -23.4502)
1815121021,567a7569-d9f0-3772-a4cd-68e909eac818,-51.92669,-18.78478,2026-04-22 16:48:00+00:00,2026-04-22,NOAA-21,APORÉ,GOIÁS,Brasil,,,,Cerrado,33,52,5201504,8,,223_073,14.0,POINT(-51.92669 -18.78478)
1815123001,73ebfc6e-247a-3170-a17a-1bb2bf0cc2b3,-40.3825,-18.31134,2026-04-22 16:48:00+00:00,2026-04-22,NOAA-21,PINHEIROS,ESPÍRITO SANTO,Brasil,,,,Mata Atlântica,33,32,3204104,8,,216_073,2.8,POINT(-40.3825 -18.31134)
1815121665,ce7baa76-f81b-3b89-9a9b-75f0e4e76d1b,-50.74489,-18.47606,2026-04-22 16:48:00+00:00,2026-04-22,NOAA-21,QUIRINÓPOLIS,GOIÁS,Brasil,,,,Cerrado,33,52,5218508,8,,222_073,3.7,POINT(-50.74489 -18.47606)
1815122094,456dbf10-9d10-3c6a-a5d7-0d27103f42f4,-44.32984,-18.23153,2026-04-22 16:48:00+00:00,2026-04-22,NOAA-21,CORINTO,MINAS GERAIS,Brasil,,,,Cerrado,33,31,3119104,8,,218_073,5.2,POINT(-44.32984 -18.23153)
1815121670,a79dbf8c-1d8d-39bb-9c32-d70834f403f1,-49.77582,-19.70041,2026-04-22 16:48:00+00:00,2026-04-22,NOAA-21,SÃO FRANCISCO DE SALES,MINAS GERAIS,Brasil,,,,Cerrado,33,31,3161304,8,,222_074,10.3,POINT(-49.77582 -19.70041)
1815122835,3f5678a2-6f88-358c-863c-f20ccef0afec,-56.59702,-19.4525,2026-04-22 16:48:00+00:00,2026-04-22,NOAA-21,CORUMBÁ,MATO GROSSO DO SUL,Brasil,,,,Pantanal,33,50,5003207,8,,226_073,9.1,POINT(-56.59702 -19.4525)
1815122375,fce74823-42e9-335b-ad37-744f9c7ae10c,-48.42632,-24.11934,2026-04-22 16:48:00+00:00,2026-04-22,NOAA-21,CAPÃO BONITO,SÃO PAULO,Brasil,,,,Mata Atlântica,33,35,3510203,8,,220_077,1.3,POINT(-48.42632 -24.11934)
1815121684,011233a4-6779-3e93-8545-ed9bb61ad23a,-44.32919,-18.23513,2026-04-22 16:48:00+00:00,2026-04-22,NOAA-21,CORINTO,MINAS GERAIS,Brasil,,,,Cerrado,33,31,3119104,8,,218_073,6.5,POINT(-44.32919 -18.23513)
1815121695,59a7ff94-4b85-3816-9f37-017c6b81f28d,-50.7444,-18.47372,2026-04-22 16:48:00+00:00,2026-04-22,NOAA-21,QUIRINÓPOLIS,GOIÁS,Brasil,,,,Cerrado,33,52,5218508,8,,222_073,5.3,POINT(-50.7444 -18.47372)
1815121723,83845dd0-14d8-305c-a830-db705e09abd0,-54.17752,-24.07408,2026-04-22 16:48:00+00:00,2026-04-22,NOAA-21,GUAÍRA,PARANÁ,Brasil,,,,Mata Atlântica,33,41,4108809,8,,224_077,7.6,POINT(-54.17752 -24.07408)
1815122184,daa187bd-f902-31c1-8ec8-1f45dcffd973,-56.60034,-19.45285,2026-04-22 16:48:00+00:00,2026-04-22,NOAA-21,CORUMBÁ,MATO GROSSO DO SUL,Brasil,,,,Pantanal,33,50,5003207,8,,226_073,13.7,POINT(-56.60034 -19.45285)
1815121731,d0170da0-196f-3c7c-8e79-960878c38e0c,-51.92453,-23.11927,2026-04-22 16:48:00+00:00,2026-04-22,NOAA-21,FLÓRIDA,PARANÁ,Brasil,,,,Mata Atlântica,33,41,4108106,8,,222_076,8.3,POINT(-51.92453 -23.11927)
1815122348,d3660479-5837-3c53-8f1e-f13d4fdd82dc,-43.92992,-22.09356,2026-04-22 16:48:00+00:00,2026-04-22,NOAA-21,RIO PRETO,MINAS GERAIS,Brasil,,,,Mata Atlântica,33,31,3155900,8,,217_075,10.9,POINT(-43.92992 -22.09356)
1815122919,d26b0455-cd24-333b-a552-c79ed591d654,-46.79708,-20.18639,2026-04-22 16:48:00+00:00,2026-04-22,NOAA-21,SÃO ROQUE DE MINAS,MINAS GERAIS,Brasil,,,,Cerrado,33,31,3164308,8,,220_074,5.4,POINT(-46.79708 -20.18639)
1815122325,00e885cc-5b91-317a-a64b-581abc3171b2,-44.6571,-22.87891,2026-04-22 16:48:00+00:00,2026-04-22,NOAA-21,SÃO JOSÉ DO BARREIRO,SÃO PAULO,Brasil,,,,Mata Atlântica,33,35,3549607,8,,218_076,6.1,POINT(-44.6571 -22.87891)
1815121789,710d4e6a-f893-3400-bd8d-3d56a1894db8,-52.04482,-23.07572,2026-04-22 16:48:00+00:00,2026-04-22,NOAA-21,ATALAIA,PARANÁ,Brasil,,,,Mata Atlântica,33,41,4102208,8,,223_076,1.6,POINT(-52.04482 -23.07572)
1815122324,dcac6813-2002-30df-94f2-40958af9eea3,-46.9479,-20.16525,2026-04-22 16:48:00+00:00,2026-04-22,NOAA-21,SACRAMENTO,MINAS GERAIS,Brasil,,,,Cerrado,33,31,3156908,8,,220_074,7.9,POINT(-46.9479 -20.16525)
1815121824,d65edb93-8ab0-3533-8f6f-823757650846,-51.92069,-23.1188,2026-04-22 16:48:00+00:00,2026-04-22,NOAA-21,FLÓRIDA,PARANÁ,Brasil,,,,Mata Atlântica,33,41,4108106,8,,222_076,8.3,POINT(-51.92069 -23.1188)
1815121829,c26e3b33-36e2-3456-b313-b597cc6993e4,-46.76739,-20.20554,2026-04-22 16:48:00+00:00,2026-04-22,NOAA-21,SÃO ROQUE DE MINAS,MINAS GERAIS,Brasil,,,,Cerrado,33,31,3164308,8,,220_074,9.6,POINT(-46.76739 -20.20554)
1815121864,b19bc274-98a6-3f13-b411-e42a27432672,-46.78971,-20.22936,2026-04-22 16:48:00+00:00,2026-04-22,NOAA-21,DELFINÓPOLIS,MINAS GERAIS,Brasil,,,,Cerrado,33,31,3121209,8,,220_074,3.8,POINT(-46.78971 -20.22936)
1815123223,483d6fad-9b4a-3939-8ea1-81b164832c40,-46.94368,-20.16799,2026-04-22 16:48:00+00:00,2026-04-22,NOAA-21,SACRAMENTO,MINAS GERAIS,Brasil,,,,Cerrado,33,31,3156908,8,,220_074,4.4,POINT(-46.94368 -20.16799)
1815121876,c6aa168f-5aed-33ca-b1ff-ff218add5572,-46.94676,-20.17185,2026-04-22 16:48:00+00:00,2026-04-22,NOAA-21,SACRAMENTO,MINAS GERAIS,Brasil,,,,Cerrado,33,31,3156908,8,,220_074,4.4,POINT(-46.94676 -20.17185)
1815122281,79a1ffee-2fc4-34c0-aae3-cca0aefeac9a,-49.28626,-21.1528,2026-04-22 16:48:00+00:00,2026-04-22,NOAA-21,URUPÊS,SÃO PAULO,Brasil,,,,Mata Atlântica,33,35,3556008,8,,221_075,3.6,POINT(-49.28626 -21.1528)
1815121889,f83d526a-7cd0-33c1-9411-eceb96399547,-43.90214,-17.2944,2026-04-22 16:48:00+00:00,2026-04-22,NOAA-21,ENGENHEIRO NAVARRO,MINAS GERAIS,Brasil,,,,Cerrado,33,31,3123809,8,,218_072,10.3,POINT(-43.90214 -17.2944)
1815122902,0162ff5f-c08d-3da8-9a0b-a744e3d1f9fb,-41.30874,-21.82825,2026-04-22 16:48:00+00:00,2026-04-22,NOAA-21,CAMPOS DOS GOYTACAZES,RIO DE JANEIRO,Brasil,,,,Mata Atlântica,33,33,3301009,8,,216_075,4.8,POINT(-41.30874 -21.82825)
1815121903,6ea0517d-08bf-34c3-a0a3-dc9c13fce491,-56.60423,-19.44797,2026-04-22 16:48:00+00:00,2026-04-22,NOAA-21,CORUMBÁ,MATO GROSSO DO SUL,Brasil,,,,Pantanal,33,50,5003207,8,,226_073,13.7,POINT(-56.60423 -19.44797)
1815121915,e5ab9264-24b0-37a4-b2f3-bbdf125c7f3b,-46.79769,-20.18309,2026-04-22 16:48:00+00:00,2026-04-22,NOAA-21,SÃO ROQUE DE MINAS,MINAS GERAIS,Brasil,,,,Cerrado,33,31,3164308,8,,220_074,15.6,POINT(-46.79769 -20.18309)
1815123215,0782a9e0-a4f5-33bc-989a-b735f96990bb,-43.50653,-23.01477,2026-04-22 16:48:00+00:00,2026-04-22,NOAA-21,RIO DE JANEIRO,RIO DE JANEIRO,Brasil,,,,Mata Atlântica,33,33,3304557,8,,217_076,2.8,POINT(-43.50653 -23.01477)
1815122808,40a443d2-fa6e-3b4a-91cd-2d3cb7a8e8b8,-46.76062,-20.2011,2026-04-22 16:48:00+00:00,2026-04-22,NOAA-21,SÃO ROQUE DE MINAS,MINAS GERAIS,Brasil,,,,Cerrado,33,31,3164308,8,,220_074,3.6,POINT(-46.76062 -20.2011)
1815121961,981c4159-1b2b-33ca-8bdb-72b20309c412,-53.01402,-20.24309,2026-04-22 16:48:00+00:00,2026-04-22,NOAA-21,ÁGUA CLARA,MATO GROSSO DO SUL,Brasil,,,,Cerrado,33,50,5000203,8,,224_074,2.5,POINT(-53.01402 -20.24309)
1815121969,94fc6593-0976-3132-bf9a-94f3c665db53,-46.79343,-20.18582,2026-04-22 16:48:00+00:00,2026-04-22,NOAA-21,SÃO ROQUE DE MINAS,MINAS GERAIS,Brasil,,,,Cerrado,33,31,3164308,8,,220_074,5.0,POINT(-46.79343 -20.18582)
1815121976,c482214d-12a3-36cb-ac48-1d0a7d7e92a6,-39.92392,-18.89055,2026-04-22 16:48:00+00:00,2026-04-22,NOAA-21,SÃO MATEUS,ESPÍRITO SANTO,Brasil,,,,Mata Atlântica,33,32,3204906,8,,215_073,18.3,POINT(-39.92392 -18.89055)
1815123210,dd67e8d3-471c-35f3-8813-0f2cd340dbc3,-52.61779,-23.02079,2026-04-22 16:48:00+00:00,2026-04-22,NOAA-21,PARANAVAÍ,PARANÁ,Brasil,,,,Mata Atlântica,33,41,4118402,8,,223_076,3.1,POINT(-52.61779 -23.02079)
1815122700,bf769caf-bdd7-307b-8669-f72204b65237,-53.3552,-24.69045,2026-04-22 16:48:00+00:00,2026-04-22,NOAA-21,CAFELÂNDIA,PARANÁ,Brasil,,,,Mata Atlântica,33,41,4103453,8,,223_077,1.0,POINT(-53.3552 -24.69045)
1815121048,19aefb22-08e6-377c-86fc-38219be5529e,-51.4325,-23.45015,2026-04-22 16:48:00+00:00,2026-04-22,NOAA-21,ARAPONGAS,PARANÁ,Brasil,,,,Mata Atlântica,33,41,4101507,8,,222_076,4.5,POINT(-51.4325 -23.45015)
1815122692,489cc05b-dcc5-37c7-bac2-fbe0d6dc87a4,-46.73923,-20.19439,2026-04-22 16:48:00+00:00,2026-04-22,NOAA-21,SÃO ROQUE DE MINAS,MINAS GERAIS,Brasil,,,,Cerrado,33,31,3164308,8,,220_074,8.5,POINT(-46.73923 -20.19439)
1815121074,a9c9ad71-e7c8-3665-861e-05b309895948,-54.92236,-22.62273,2026-04-22 16:48:00+00:00,2026-04-22,NOAA-21,CAARAPÓ,MATO GROSSO DO SUL,Brasil,,,,Mata Atlântica,33,50,5002407,8,,225_076,9.5,POINT(-54.92236 -22.62273)
1815123209,546a3231-1e44-31ee-9648-2bffab15c754,-46.78915,-20.23266,2026-04-22 16:48:00+00:00,2026-04-22,NOAA-21,DELFINÓPOLIS,MINAS GERAIS,Brasil,,,,Cerrado,33,31,3121209,8,,220_074,9.6,POINT(-46.78915 -20.23266)
1815122662,51515ea1-b96d-3cc7-a510-3c0c1aba0d2b,-52.69649,-22.96965,2026-04-22 16:48:00+00:00,2026-04-22,NOAA-21,GUAIRAÇÁ,PARANÁ,Brasil,,,,Mata Atlântica,33,41,4108908,8,,223_076,51.9,POINT(-52.69649 -22.96965)
1815121098,9fd85d9d-f8ec-3a30-8775-fd7dd286a12e,-56.59922,-19.4316,2026-04-22 16:48:00+00:00,2026-04-22,NOAA-21,CORUMBÁ,MATO GROSSO DO SUL,Brasil,,,,Pantanal,33,50,5003207,8,,226_073,6.3,POINT(-56.59922 -19.4316)
1815123232,44181321-d17b-3474-81b8-a7cd43dbe50f,-41.89657,-16.87204,2026-04-22 16:48:00+00:00,2026-04-22,NOAA-21,ARAÇUAÍ,MINAS GERAIS,Brasil,,,,Mata Atlântica,33,31,3103405,8,,217_072,3.6,POINT(-41.89657 -16.87204)
1815121108,b4c50ddb-e0b5-37af-9040-af51928afc4f,-43.35163,-22.89272,2026-04-22 16:48:00+00:00,2026-04-22,NOAA-21,RIO DE JANEIRO,RIO DE JANEIRO,Brasil,,,,Mata Atlântica,33,33,3304557,8,,217_076,2.8,POINT(-43.35163 -22.89272)
1815121138,296a0cb0-d6b6-3768-ab72-d14d64b23a4b,-48.84063,-18.2514,2026-04-22 16:48:00+00:00,2026-04-22,NOAA-21,BURITI ALEGRE,GOIÁS,Brasil,,,,Mata Atlântica,33,52,5203906,8,,221_073,4.1,POINT(-48.84063 -18.2514)
1815121148,b61ff488-bf08-3b2e-b58d-8bab3ed0e64b,-46.76371,-20.20498,2026-04-22 16:48:00+00:00,2026-04-22,NOAA-21,SÃO ROQUE DE MINAS,MINAS GERAIS,Brasil,,,,Cerrado,33,31,3164308,8,,220_074,9.6,POINT(-46.76371 -20.20498)
1815121154,52cf6c34-e9b7-3ab9-9e4f-c3b595421782,-56.59147,-19.44136,2026-04-22 16:48:00+00:00,2026-04-22,NOAA-21,CORUMBÁ,MATO GROSSO DO SUL,Brasil,,,,Pantanal,33,50,5003207,8,,226_073,10.4,POINT(-56.59147 -19.44136)
1815122157,22ec1fb1-b30f-3979-894e-a2221702b414,-46.78926,-11.27542,2026-04-22 16:50:00+00:00,2026-04-22,NOAA-21,RIO DA CONCEIÇÃO,TOCANTINS,Brasil,,,,Cerrado,33,17,1718659,8,,221_068,4.9,POINT(-46.78926 -11.27542)
1815121041,e8ea43fb-04cf-3037-a576-c5823fd1f26b,-49.71148,-11.84048,2026-04-22 16:50:00+00:00,2026-04-22,NOAA-21,FORMOSO DO ARAGUAIA,TOCANTINS,Brasil,,,,Cerrado,33,17,1708205,8,,223_068,92.2,POINT(-49.71148 -11.84048)
1815121042,1c8bcb63-3138-3727-ada7-baa410ec0e9e,-44.18195,-12.23931,2026-04-22 16:50:00+00:00,2026-04-22,NOAA-21,CRISTÓPOLIS,BAHIA,Brasil,,,,Cerrado,33,29,2909703,8,,219_068,10.0,POINT(-44.18195 -12.23931)
1815121049,0b68788a-601a-398e-9827-bdb8f1ee8c95,-53.3632,-16.98166,2026-04-22 16:50:00+00:00,2026-04-22,NOAA-21,ALTO GARÇAS,MATO GROSSO,Brasil,,,,Cerrado,33,51,5100409,8,,224_072,12.2,POINT(-53.3632 -16.98166)
1815121050,d9e8bd52-7757-326c-800f-1eb5daa1219e,-41.1735,-15.20068,2026-04-22 16:50:00+00:00,2026-04-22,NOAA-21,BELO CAMPO,BAHIA,Brasil,,,,Mata Atlântica,33,29,2903508,8,,217_070,9.2,POINT(-41.1735 -15.20068)
1815121052,d65a7db3-5109-3bfa-9479-072ba089c064,-42.49343,-12.99828,2026-04-22 16:50:00+00:00,2026-04-22,NOAA-21,MACAÚBAS,BAHIA,Brasil,,,,Caatinga,33,29,2919801,8,,218_069,2.9,POINT(-42.49343 -12.99828)
1815121069,ef743e6d-7e3b-3597-8069-a1cd0f155254,-49.70342,-11.84605,2026-04-22 16:50:00+00:00,2026-04-22,NOAA-21,FORMOSO DO ARAGUAIA,TOCANTINS,Brasil,,,,Cerrado,33,17,1708205,8,,223_068,120.0,POINT(-49.70342 -11.84605)
1815121082,b915b9b4-f4da-3588-b173-15fb0044a773,-46.78077,-11.27763,2026-04-22 16:50:00+00:00,2026-04-22,NOAA-21,RIO DA CONCEIÇÃO,TOCANTINS,Brasil,,,,Cerrado,33,17,1718659,8,,221_068,3.6,POINT(-46.78077 -11.27763)
1815121085,bc3b3288-7582-3f0a-b68a-321eac71f8fb,-46.8061,-11.24435,2026-04-22 16:50:00+00:00,2026-04-22,NOAA-21,RIO DA CONCEIÇÃO,TOCANTINS,Brasil,,,,Cerrado,33,17,1718659,8,,221_068,6.6,POINT(-46.8061 -11.24435)
1815121088,59dd148d-4007-3794-9aca-5f2740b3e93c,-56.69101,-15.75308,2026-04-22 16:50:00+00:00,2026-04-22,NOAA-21,NOSSA SENHORA DO LIVRAMENTO,MATO GROSSO,Brasil,,,,Cerrado,33,51,5106109,8,,227_071,7.3,POINT(-56.69101 -15.75308)
1815121096,3e9740b4-c380-3801-aed7-cf5644103653,-42.11702,-15.33453,2026-04-22 16:50:00+00:00,2026-04-22,NOAA-21,SÃO JOÃO DO PARAÍSO,MINAS GERAIS,Brasil,,,,Mata Atlântica,33,31,3162708,8,,217_071,10.5,POINT(-42.11702 -15.33453)
1815121099,48bca444-baac-3e10-b5e2-269da31a697d,-57.1775,-12.31046,2026-04-22 16:50:00+00:00,2026-04-22,NOAA-21,NOVA MARINGÁ,MATO GROSSO,Brasil,,,,Amazônia,33,51,5108907,8,,227_069,19.2,POINT(-57.1775 -12.31046)
1815121106,cd271b40-e5fe-3e3a-9715-047acdf3470c,-46.76679,-11.2381,2026-04-22 16:50:00+00:00,2026-04-22,NOAA-21,RIO DA CONCEIÇÃO,TOCANTINS,Brasil,,,,Cerrado,33,17,1718659,8,,221_068,5.1,POINT(-46.76679 -11.2381)
1815121117,410b0109-7111-3be7-9a76-8ac2b6355151,-53.36009,-16.98113,2026-04-22 16:50:00+00:00,2026-04-22,NOAA-21,ALTO GARÇAS,MATO GROSSO,Brasil,,,,Cerrado,33,51,5100409,8,,224_072,11.4,POINT(-53.36009 -16.98113)
1815121125,c015af45-9b0f-38a9-a269-fbda7c72240c,-50.89326,-18.11811,2026-04-22 16:50:00+00:00,2026-04-22,NOAA-21,RIO VERDE,GOIÁS,Brasil,,,,Cerrado,33,52,5218805,8,,223_072,3.1,POINT(-50.89326 -18.11811)
1815121151,06ed0006-9caa-3af9-b09e-6136fdd02848,-43.66085,-11.77455,2026-04-22 16:50:00+00:00,2026-04-22,NOAA-21,BARRA,BAHIA,Brasil,,,,Cerrado,33,29,2902708,8,,219_068,8.5,POINT(-43.66085 -11.77455)
1815121159,279b7d05-f695-37eb-8ed7-890ee4608227,-46.79824,-11.2431,2026-04-22 16:50:00+00:00,2026-04-22,NOAA-21,RIO DA CONCEIÇÃO,TOCANTINS,Brasil,,,,Cerrado,33,17,1718659,8,,221_068,14.7,POINT(-46.79824 -11.2431)
1815121162,056d5018-80b0-385e-ade2-991d09344044,-46.80668,-11.24087,2026-04-22 16:50:00+00:00,2026-04-22,NOAA-21,RIO DA CONCEIÇÃO,TOCANTINS,Brasil,,,,Cerrado,33,17,1718659,8,,221_068,6.6,POINT(-46.80668 -11.24087)
1815121180,83af41ed-23af-3b7d-8fe0-d138cfb3818a,-52.80676,-17.33923,2026-04-22 16:50:00+00:00,2026-04-22,NOAA-21,MINEIROS,GOIÁS,Brasil,,,,Cerrado,33,52,5213103,8,,224_072,4.4,POINT(-52.80676 -17.33923)
1815121215,62b8150b-e2be-366a-910e-064ab704dd25,-39.80283,-14.74522,2026-04-22 16:50:00+00:00,2026-04-22,NOAA-21,IBICUÍ,BAHIA,Brasil,,,,Mata Atlântica,33,29,2912301,8,,216_070,0.2,POINT(-39.80283 -14.74522)
1815121216,f9b050da-95c5-386f-ae89-19ef6d2631e1,-43.6417,-11.77125,2026-04-22 16:50:00+00:00,2026-04-22,NOAA-21,BARRA,BAHIA,Brasil,,,,Cerrado,33,29,2902708,8,,219_068,21.5,POINT(-43.6417 -11.77125)
1815121230,ad2bdd34-e66a-3c8b-b14b-aec20e45edc5,-45.33772,-12.05418,2026-04-22 16:50:00+00:00,2026-04-22,NOAA-21,BARREIRAS,BAHIA,Brasil,,,,Cerrado,33,29,2903201,8,,220_068,13.6,POINT(-45.33772 -12.05418)
1815121270,85fe7afa-8026-35b2-8b4c-f70ecc5fd3ff,-46.77072,-11.23872,2026-04-22 16:50:00+00:00,2026-04-22,NOAA-21,RIO DA CONCEIÇÃO,TOCANTINS,Brasil,,,,Cerrado,33,17,1718659,8,,221_068,5.1,POINT(-46.77072 -11.23872)
1815121279,49b8d185-02c0-3c00-a797-dfa3f85dcb71,-49.70745,-11.84326,2026-04-22 16:50:00+00:00,2026-04-22,NOAA-21,FORMOSO DO ARAGUAIA,TOCANTINS,Brasil,,,,Cerrado,33,17,1708205,8,,223_068,24.1,POINT(-49.70745 -11.84326)
1815121292,162e57cc-e670-3ec7-a1bc-4f59f7ae8ca4,-47.76752,-12.02816,2026-04-22 16:50:00+00:00,2026-04-22,NOAA-21,NATIVIDADE,TOCANTINS,Brasil,,,,Cerrado,33,17,1714203,8,,221_068,6.3,POINT(-47.76752 -12.02816)
1815121347,29cb7381-ddbd-3c57-a11f-759279bbbc98,-43.65246,-11.77735,2026-04-22 16:50:00+00:00,2026-04-22,NOAA-21,BARRA,BAHIA,Brasil,,,,Cerrado,33,29,2902708,8,,219_068,5.0,POINT(-43.65246 -11.77735)
1815121352,84cf18bb-550f-31e5-9e52-15e8f067a168,-46.79382,-11.27258,2026-04-22 16:50:00+00:00,2026-04-22,NOAA-21,RIO DA CONCEIÇÃO,TOCANTINS,Brasil,,,,Cerrado,33,17,1718659,8,,221_068,5.8,POINT(-46.79382 -11.27258)
1815121354,2c1d57b1-ad9c-3527-a27d-0ee419ffc278,-48.04864,-15.77519,2026-04-22 16:50:00+00:00,2026-04-22,NOAA-21,BRASÍLIA,DISTRITO FEDERAL,Brasil,,,,Cerrado,33,53,5300108,8,,221_071,6.2,POINT(-48.04864 -15.77519)
1815121372,8a9beb45-ef27-3857-9a07-94361639e83d,-52.13677,-12.64058,2026-04-22 16:50:00+00:00,2026-04-22,NOAA-21,QUERÊNCIA,MATO GROSSO,Brasil,,,,Amazônia,33,51,5107065,8,,224_069,5.3,POINT(-52.13677 -12.64058)
1815121380,cf912534-fe9a-32ed-889e-1c94d3ce82d1,-49.30353,-16.08301,2026-04-22 16:50:00+00:00,2026-04-22,NOAA-21,PETROLINA DE GOIÁS,GOIÁS,Brasil,,,,Cerrado,33,52,5216809,8,,222_071,3.3,POINT(-49.30353 -16.08301)
1815121388,f42da7c2-5e8f-301e-bb1c-6f93f6929f54,-49.14976,-17.11923,2026-04-22 16:50:00+00:00,2026-04-22,NOAA-21,HIDROLÂNDIA,GOIÁS,Brasil,,,,Cerrado,33,52,5209705,8,,222_072,12.4,POINT(-49.14976 -17.11923)
1815121400,7b9423c8-c2f0-3b11-91c5-b1fa9f46c15c,-43.65391,-11.7691,2026-04-22 16:50:00+00:00,2026-04-22,NOAA-21,BARRA,BAHIA,Brasil,,,,Cerrado,33,29,2902708,8,,219_068,11.6,POINT(-43.65391 -11.7691)
1815121410,90992678-59cb-32dd-8589-a090df1d80db,-49.94371,-10.87659,2026-04-22 16:50:00+00:00,2026-04-22,NOAA-21,LAGOA DA CONFUSÃO,TOCANTINS,Brasil,,,,Cerrado,33,17,1711902,8,,223_068,4.4,POINT(-49.94371 -10.87659)
1815121456,8c71b81f-353b-3d16-bc4a-b1cb6aa1f7bc,-45.32417,-13.38891,2026-04-22 16:50:00+00:00,2026-04-22,NOAA-21,CORRENTINA,BAHIA,Brasil,,,,Cerrado,33,29,2909307,8,,220_069,5.9,POINT(-45.32417 -13.38891)
1815121458,7801b933-ad10-36f3-82f2-2426469017dd,-46.77014,-11.24222,2026-04-22 16:50:00+00:00,2026-04-22,NOAA-21,RIO DA CONCEIÇÃO,TOCANTINS,Brasil,,,,Cerrado,33,17,1718659,8,,221_068,5.4,POINT(-46.77014 -11.24222)
1815121464,6f60a343-2eca-3f5a-b908-d039536035b4,-54.6824,-12.99398,2026-04-22 16:50:00+00:00,2026-04-22,NOAA-21,NOVA UBIRATÃ,MATO GROSSO,Brasil,,,,Amazônia,33,51,5106240,8,,226_069,15.3,POINT(-54.6824 -12.99398)
1815121481,2fa54148-ab55-3f66-841a-8561646e70d8,-49.73897,-11.80708,2026-04-22 16:50:00+00:00,2026-04-22,NOAA-21,FORMOSO DO ARAGUAIA,TOCANTINS,Brasil,,,,Cerrado,33,17,1708205,8,,223_068,12.2,POINT(-49.73897 -11.80708)
1815121500,8d6dad0d-0b5a-3db9-9e6d-90f8b0aa6edc,-54.77063,-12.3502,2026-04-22 16:50:00+00:00,2026-04-22,NOAA-21,FELIZ NATAL,MATO GROSSO,Brasil,,,,Amazônia,33,51,5103700,8,,226_069,5.4,POINT(-54.77063 -12.3502)
1815121506,0edae43d-a485-39c5-a756-d13932216537,-39.11499,-15.9584,2026-04-22 16:50:00+00:00,2026-04-22,NOAA-21,BELMONTE,BAHIA,Brasil,,,,Mata Atlântica,33,29,2903409,8,,215_071,3.0,POINT(-39.11499 -15.9584)
1815121512,8acda376-81ab-3fce-8a0f-1b24db43f0a5,-47.76807,-12.02481,2026-04-22 16:50:00+00:00,2026-04-22,NOAA-21,NATIVIDADE,TOCANTINS,Brasil,,,,Cerrado,33,17,1714203,8,,221_068,6.3,POINT(-47.76807 -12.02481)
1815121518,da907b08-8f00-30fa-b27b-140ef7bef1db,-39.29056,-11.44814,2026-04-22 16:50:00+00:00,2026-04-22,NOAA-21,CONCEIÇÃO DO COITÉ,BAHIA,Brasil,,,,Caatinga,33,29,2908408,8,,216_068,8.5,POINT(-39.29056 -11.44814)
1815121524,199f0c7f-494a-3365-9b14-d6840b81b837,-56.29843,-18.90332,2026-04-22 16:50:00+00:00,2026-04-22,NOAA-21,CORUMBÁ,MATO GROSSO DO SUL,Brasil,,,,Pantanal,33,50,5003207,8,,226_073,2.6,POINT(-56.29843 -18.90332)
1815121537,b848653b-0395-3525-9d10-519ac87881d6,-54.67903,-12.98926,2026-04-22 16:50:00+00:00,2026-04-22,NOAA-21,NOVA UBIRATÃ,MATO GROSSO,Brasil,,,,Amazônia,33,51,5106240,8,,226_069,7.8,POINT(-54.67903 -12.98926)
1815121543,125d279f-5d56-3715-ae65-33f6daf60699,-46.78533,-11.27478,2026-04-22 16:50:00+00:00,2026-04-22,NOAA-21,RIO DA CONCEIÇÃO,TOCANTINS,Brasil,,,,Cerrado,33,17,1718659,8,,221_068,4.9,POINT(-46.78533 -11.27478)
1815121551,60660262-2645-3258-a886-826895c620ad,-53.36395,-16.98164,2026-04-22 16:50:00+00:00,2026-04-22,NOAA-21,ALTO GARÇAS,MATO GROSSO,Brasil,,,,Cerrado,33,51,5100409,8,,224_072,11.4,POINT(-53.36395 -16.98164)
1815121557,af2b62aa-c0d8-3901-bc64-de3dfca78465,-51.58459,-16.42131,2026-04-22 16:50:00+00:00,2026-04-22,NOAA-21,ARENÓPOLIS,GOIÁS,Brasil,,,,Cerrado,33,52,5202353,8,,223_071,3.9,POINT(-51.58459 -16.42131)
1815121560,9e6a6a43-ff83-360e-bd69-3d8cf2ad17ff,-43.65008,-11.76845,2026-04-22 16:50:00+00:00,2026-04-22,NOAA-21,BARRA,BAHIA,Brasil,,,,Cerrado,33,29,2902708,8,,219_068,12.9,POINT(-43.65008 -11.76845)
1815121572,f3f800e1-d7d7-33e9-b9ab-6fd86c4d2b72,-46.82,-11.28398,2026-04-22 16:50:00+00:00,2026-04-22,NOAA-21,RIO DA CONCEIÇÃO,TOCANTINS,Brasil,,,,Cerrado,33,17,1718659,8,,221_068,2.6,POINT(-46.82 -11.28398)
1815121573,6a2a836f-4506-3ca8-aee0-fb1c234d0289,-49.74269,-11.84855,2026-04-22 16:50:00+00:00,2026-04-22,NOAA-21,FORMOSO DO ARAGUAIA,TOCANTINS,Brasil,,,,Cerrado,33,17,1708205,8,,223_068,8.4,POINT(-49.74269 -11.84855)
1815121585,b460762d-e7a8-3294-a764-36b0f2841520,-54.67797,-12.99768,2026-04-22 16:50:00+00:00,2026-04-22,NOAA-21,NOVA UBIRATÃ,MATO GROSSO,Brasil,,,,Amazônia,33,51,5106240,8,,226_069,12.1,POINT(-54.67797 -12.99768)
1815121586,9e98db69-8ce3-32b7-9b3f-1c577c4fe568,-45.24264,-13.58575,2026-04-22 16:50:00+00:00,2026-04-22,NOAA-21,CORRENTINA,BAHIA,Brasil,,,,Cerrado,33,29,2909307,8,,220_069,9.2,POINT(-45.24264 -13.58575)
1815121594,1a23cafd-ed1e-3d98-a2b4-422cb946495e,-41.80836,-15.17902,2026-04-22 16:50:00+00:00,2026-04-22,NOAA-21,SÃO JOÃO DO PARAÍSO,MINAS GERAIS,Brasil,,,,Mata Atlântica,33,31,3162708,8,,217_071,20.9,POINT(-41.80836 -15.17902)
1815121595,2ae36171-2efb-3f2c-89eb-b355049d4245,-43.00943,-15.98818,2026-04-22 16:50:00+00:00,2026-04-22,NOAA-21,RIACHO DOS MACHADOS,MINAS GERAIS,Brasil,,,,Cerrado,33,31,3154507,8,,218_071,14.8,POINT(-43.00943 -15.98818)
1815121598,47329a26-5b8f-35b1-a165-3a3f78c2fe52,-42.40945,-13.43205,2026-04-22 16:50:00+00:00,2026-04-22,NOAA-21,PARAMIRIM,BAHIA,Brasil,,,,Caatinga,33,29,2923605,8,,218_069,2.9,POINT(-42.40945 -13.43205)
1815121601,3392c937-7f0c-3942-8fec-12bd190e4314,-45.18073,-14.90485,2026-04-22 16:50:00+00:00,2026-04-22,NOAA-21,BONITO DE MINAS,MINAS GERAIS,Brasil,,,,Cerrado,33,31,3108255,8,,219_070,2.7,POINT(-45.18073 -14.90485)
1815121626,42839d55-d689-31f0-8ae5-d9bcd8b8ffd6,-38.91608,-15.94114,2026-04-22 16:50:00+00:00,2026-04-22,NOAA-21,BELMONTE,BAHIA,Brasil,,,,Mata Atlântica,33,29,2903409,8,,215_071,5.1,POINT(-38.91608 -15.94114)
1815121629,15b48f3f-d65c-3cee-8e92-0d9faf65eb6a,-44.86751,-12.82748,2026-04-22 16:50:00+00:00,2026-04-22,NOAA-21,SÃO DESIDÉRIO,BAHIA,Brasil,,,,Cerrado,33,29,2928901,8,,219_069,5.4,POINT(-44.86751 -12.82748)
1815121633,63cb86df-343a-353e-b70f-1f1c58af2eae,-43.64479,-11.77604,2026-04-22 16:50:00+00:00,2026-04-22,NOAA-21,BARRA,BAHIA,Brasil,,,,Cerrado,33,29,2902708,8,,219_068,5.9,POINT(-43.64479 -11.77604)
1815121639,6383cae5-9983-3309-a1db-4ed7ed63cd2c,-56.77169,-17.02433,2026-04-22 16:50:00+00:00,2026-04-22,NOAA-21,POCONÉ,MATO GROSSO,Brasil,,,,Pantanal,33,51,5106505,8,,227_072,0.8,POINT(-56.77169 -17.02433)
1815121655,579d468e-7491-3c77-8133-27f4606e2cf2,-54.76707,-12.50032,2026-04-22 16:50:00+00:00,2026-04-22,NOAA-21,FELIZ NATAL,MATO GROSSO,Brasil,,,,Amazônia,33,51,5103700,8,,226_069,6.7,POINT(-54.76707 -12.50032)
1815121680,32ff92f3-5099-3999-bafd-c5d9e7147fe0,-42.40005,-15.03656,2026-04-22 16:50:00+00:00,2026-04-22,NOAA-21,MORTUGABA,BAHIA,Brasil,,,,Caatinga,33,29,2921807,8,,218_070,3.5,POINT(-42.40005 -15.03656)
1815121696,cbaa1728-dd6f-3bb2-ab4d-5ecb2942f8ef,-45.32983,-13.38235,2026-04-22 16:50:00+00:00,2026-04-22,NOAA-21,CORRENTINA,BAHIA,Brasil,,,,Cerrado,33,29,2909307,8,,220_069,9.1,POINT(-45.32983 -13.38235)
1815121729,199df827-4d37-3a6a-b8e7-f4e6953b4da6,-45.47445,-12.57637,2026-04-22 16:50:00+00:00,2026-04-22,NOAA-21,SÃO DESIDÉRIO,BAHIA,Brasil,,,,Cerrado,33,29,2928901,8,,220_069,7.5,POINT(-45.47445 -12.57637)
1815121735,3ef8bceb-9cdb-3f27-8e5f-18055ee9d259,-45.32236,-13.37361,2026-04-22 16:50:00+00:00,2026-04-22,NOAA-21,CORRENTINA,BAHIA,Brasil,,,,Cerrado,33,29,2909307,8,,220_069,12.9,POINT(-45.32236 -13.37361)
1815121746,3f651cc7-6cdf-3652-a51f-43bffcd64c82,-48.32226,-13.07357,2026-04-22 16:50:00+00:00,2026-04-22,NOAA-21,PALMEIRÓPOLIS,TOCANTINS,Brasil,,,,Cerrado,33,17,1715754,8,,222_069,7.4,POINT(-48.32226 -13.07357)
1815121765,cdfb7aeb-37fa-38bb-acff-5fbf9cf71d1c,-43.4814,-14.38531,2026-04-22 16:50:00+00:00,2026-04-22,NOAA-21,IUIU,BAHIA,Brasil,,,,Cerrado,33,29,2917334,8,,218_070,2.2,POINT(-43.4814 -14.38531)
1815121785,f8c231a4-b17e-38d0-b44d-df447673e729,-47.59244,-15.19133,2026-04-22 16:50:00+00:00,2026-04-22,NOAA-21,PLANALTINA,GOIÁS,Brasil,,,,Cerrado,33,52,5217609,8,,221_070,7.0,POINT(-47.59244 -15.19133)
1815121797,eb667724-18f3-3f6c-a7b2-bebe27787d03,-43.77735,-12.85406,2026-04-22 16:50:00+00:00,2026-04-22,NOAA-21,SERRA DOURADA,BAHIA,Brasil,,,,Cerrado,33,29,2930303,8,,219_069,7.9,POINT(-43.77735 -12.85406)
1815121800,6f314da0-1eda-3e40-a0b9-0e3a5931d06d,-46.78249,-11.2406,2026-04-22 16:50:00+00:00,2026-04-22,NOAA-21,RIO DA CONCEIÇÃO,TOCANTINS,Brasil,,,,Cerrado,33,17,1718659,8,,221_068,11.4,POINT(-46.78249 -11.2406)
1815121808,d7fba562-fa9b-3a04-8d43-adaa073d4f7c,-46.61783,-10.86621,2026-04-22 16:50:00+00:00,2026-04-22,NOAA-21,MATEIROS,TOCANTINS,Brasil,,,,Cerrado,33,17,1712702,8,,221_067,5.3,POINT(-46.61783 -10.86621)
1815121853,68d0e0f1-f49f-3db6-b3ad-976e0e481582,-45.32918,-13.38599,2026-04-22 16:50:00+00:00,2026-04-22,NOAA-21,CORRENTINA,BAHIA,Brasil,,,,Cerrado,33,29,2909307,8,,220_069,9.1,POINT(-45.32918 -13.38599)
1815121858,8ecd6b44-b1e5-3e1a-8075-e95df4899192,-41.85657,-13.98877,2026-04-22 16:50:00+00:00,2026-04-22,NOAA-21,LIVRAMENTO DE NOSSA SENHORA,BAHIA,Brasil,,,,Caatinga,33,29,2919504,8,,217_070,10.4,POINT(-41.85657 -13.98877)
1815121871,e569a8c6-c4d3-3c77-a103-e23a37fb8a3d,-47.77116,-12.02873,2026-04-22 16:50:00+00:00,2026-04-22,NOAA-21,NATIVIDADE,TOCANTINS,Brasil,,,,Cerrado,33,17,1714203,8,,221_068,6.3,POINT(-47.77116 -12.02873)
1815121884,c9b83a8f-c969-3482-a769-068604239f9c,-45.48092,-12.5549,2026-04-22 16:50:00+00:00,2026-04-22,NOAA-21,SÃO DESIDÉRIO,BAHIA,Brasil,,,,Cerrado,33,29,2928901,8,,220_069,113.6,POINT(-45.48092 -12.5549)
1815121898,f1399bce-6521-3f0d-bdf1-cc8fd93fd114,-43.30688,-15.50824,2026-04-22 16:50:00+00:00,2026-04-22,NOAA-21,JANAÚBA,MINAS GERAIS,Brasil,,,,Caatinga,33,31,3135100,8,,218_071,3.6,POINT(-43.30688 -15.50824)
1815121914,19e85811-6073-3be8-b510-cda524cfa78e,-45.47823,-12.55445,2026-04-22 16:50:00+00:00,2026-04-22,NOAA-21,SÃO DESIDÉRIO,BAHIA,Brasil,,,,Cerrado,33,29,2928901,8,,220_069,44.4,POINT(-45.47823 -12.55445)
1815121923,e72a2490-55fb-3e63-800e-c864158c663c,-44.18713,-12.24018,2026-04-22 16:50:00+00:00,2026-04-22,NOAA-21,CRISTÓPOLIS,BAHIA,Brasil,,,,Cerrado,33,29,2909703,8,,219_068,10.0,POINT(-44.18713 -12.24018)
1815121953,8abfde97-4a10-35cc-97ca-b2d52be8ca07,-49.28963,-15.63266,2026-04-22 16:50:00+00:00,2026-04-22,NOAA-21,JARAGUÁ,GOIÁS,Brasil,,,,Cerrado,33,52,5211800,8,,222_071,3.9,POINT(-49.28963 -15.63266)
1815121978,08f526db-cb98-3f9e-bc15-aa03e88225cf,-43.7898,-13.44615,2026-04-22 16:50:00+00:00,2026-04-22,NOAA-21,SERRA DO RAMALHO,BAHIA,Brasil,,,,Cerrado,33,29,2930154,8,,219_069,3.7,POINT(-43.7898 -13.44615)
1815121985,e4a59bae-0175-3315-8d58-87c2f6f6cdfb,-44.0475,-13.4418,2026-04-22 16:50:00+00:00,2026-04-22,NOAA-21,SÃO FÉLIX DO CORIBE,BAHIA,Brasil,,,,Cerrado,33,29,2929057,8,,219_069,9.6,POINT(-44.0475 -13.4418)
1815121999,c7fccb49-0709-39b5-b460-208922528d83,-48.32528,-13.07743,2026-04-22 16:50:00+00:00,2026-04-22,NOAA-21,PALMEIRÓPOLIS,TOCANTINS,Brasil,,,,Cerrado,33,17,1715754,8,,222_069,17.4,POINT(-48.32528 -13.07743)
1815122010,f23668f4-30b4-3a36-8abf-2cc046c5f9b4,-43.65629,-11.77801,2026-04-22 16:50:00+00:00,2026-04-22,NOAA-21,BARRA,BAHIA,Brasil,,,,Cerrado,33,29,2902708,8,,219_068,5.0,POINT(-43.65629 -11.77801)
1815122019,93fd0572-7d1b-3633-adb2-aceeac8e53e7,-53.35936,-16.98119,2026-04-22 16:50:00+00:00,2026-04-22,NOAA-21,ALTO GARÇAS,MATO GROSSO,Brasil,,,,Cerrado,33,51,5100409,8,,224_072,12.2,POINT(-53.35936 -16.98119)
1815122021,47830e20-ba0c-3e64-a0f3-809794309ffb,-46.77406,-11.24284,2026-04-22 16:50:00+00:00,2026-04-22,NOAA-21,RIO DA CONCEIÇÃO,TOCANTINS,Brasil,,,,Cerrado,33,17,1718659,8,,221_068,4.8,POINT(-46.77406 -11.24284)
1815122023,a75c25a4-f16c-302e-953b-4923289e74b7,-43.64935,-11.77257,2026-04-22 16:50:00+00:00,2026-04-22,NOAA-21,BARRA,BAHIA,Brasil,,,,Cerrado,33,29,2902708,8,,219_068,12.9,POINT(-43.64935 -11.77257)
1815122029,a885643e-930e-3366-a06d-3595f8d7bdc4,-41.07628,-15.13544,2026-04-22 16:50:00+00:00,2026-04-22,NOAA-21,VITÓRIA DA CONQUISTA,BAHIA,Brasil,,,,Mata Atlântica,33,29,2933307,8,,217_070,4.3,POINT(-41.07628 -15.13544)
1815122079,1d3a9fc9-9e05-3059-8267-09c80150c345,-41.76492,-14.3679,2026-04-22 16:50:00+00:00,2026-04-22,NOAA-21,MALHADA DE PEDRAS,BAHIA,Brasil,,,,Caatinga,33,29,2920304,8,,217_070,7.2,POINT(-41.76492 -14.3679)
1815122114,dd29ac9d-b56d-3805-8ea1-0648b44bd132,-43.65318,-11.77323,2026-04-22 16:50:00+00:00,2026-04-22,NOAA-21,BARRA,BAHIA,Brasil,,,,Cerrado,33,29,2902708,8,,219_068,11.6,POINT(-43.65318 -11.77323)
1815122130,d99bac92-9751-3087-807d-2d8ce4264d74,-48.32173,-13.07688,2026-04-22 16:50:00+00:00,2026-04-22,NOAA-21,PALMEIRÓPOLIS,TOCANTINS,Brasil,,,,Cerrado,33,17,1715754,8,,222_069,17.4,POINT(-48.32173 -13.07688)
1815122133,aff7e216-a0b6-3cd4-9ebe-39f3b24cd8f7,-51.09979,-18.20635,2026-04-22 16:50:00+00:00,2026-04-22,NOAA-21,RIO VERDE,GOIÁS,Brasil,,,,Cerrado,33,52,5218805,8,,223_073,2.0,POINT(-51.09979 -18.20635)
1815122134,222e0ed2-b51a-3c0f-b7e9-96a5fcb39081,-38.91388,-15.93526,2026-04-22 16:50:00+00:00,2026-04-22,NOAA-21,BELMONTE,BAHIA,Brasil,,,,Mata Atlântica,33,29,2903409,8,,215_071,4.4,POINT(-38.91388 -15.93526)
1815122146,bd351e2f-18bb-3e3d-a9f4-e29cd46ce6b5,-46.79255,-11.27954,2026-04-22 16:50:00+00:00,2026-04-22,NOAA-21,RIO DA CONCEIÇÃO,TOCANTINS,Brasil,,,,Cerrado,33,17,1718659,8,,221_068,7.4,POINT(-46.79255 -11.27954)
1815122148,fecedd74-bfd5-33c6-a67d-069f912e4685,-49.29842,-14.76806,2026-04-22 16:50:00+00:00,2026-04-22,NOAA-21,HIDROLINA,GOIÁS,Brasil,,,,Cerrado,33,52,5209804,8,,222_070,3.0,POINT(-49.29842 -14.76806)
1815122156,f4c319af-e36d-3448-992d-bfb1e17a5b1c,-44.18426,-12.24257,2026-04-22 16:50:00+00:00,2026-04-22,NOAA-21,CRISTÓPOLIS,BAHIA,Brasil,,,,Cerrado,33,29,2909703,8,,219_068,7.5,POINT(-44.18426 -12.24257)
1815122159,a46b6d78-9525-3f70-9910-83b1098f50dc,-46.80217,-11.24372,2026-04-22 16:50:00+00:00,2026-04-22,NOAA-21,RIO DA CONCEIÇÃO,TOCANTINS,Brasil,,,,Cerrado,33,17,1718659,8,,221_068,14.7,POINT(-46.80217 -11.24372)
1815122176,d4c12dd9-fa55-3485-91a4-92732798e76c,-54.6785,-12.99347,2026-04-22 16:50:00+00:00,2026-04-22,NOAA-21,NOVA UBIRATÃ,MATO GROSSO,Brasil,,,,Amazônia,33,51,5106240,8,,226_069,12.1,POINT(-54.6785 -12.99347)
1815122177,f9cae3dd-759b-35b9-a0a7-6f8ea39a9aae,-43.64625,-11.76779,2026-04-22 16:50:00+00:00,2026-04-22,NOAA-21,BARRA,BAHIA,Brasil,,,,Cerrado,33,29,2902708,8,,219_068,12.9,POINT(-43.64625 -11.76779)
1815122179,b66fd299-74e8-3c3d-b774-6296fe38ceb1,-43.66396,-11.77933,2026-04-22 16:50:00+00:00,2026-04-22,NOAA-21,BARRA,BAHIA,Brasil,,,,Cerrado,33,29,2902708,8,,219_068,6.5,POINT(-43.66396 -11.77933)
1815122208,1a06a539-8215-3e33-84be-3bcf1e4b0749,-43.84362,-11.91072,2026-04-22 16:50:00+00:00,2026-04-22,NOAA-21,WANDERLEY,BAHIA,Brasil,,,,Cerrado,33,29,2933455,8,,219_068,8.3,POINT(-43.84362 -11.91072)
1815122268,f2b80d28-1143-3511-9aa0-9a54eb5ba3b9,-43.65081,-11.76432,2026-04-22 16:50:00+00:00,2026-04-22,NOAA-21,BARRA,BAHIA,Brasil,,,,Cerrado,33,29,2902708,8,,219_068,4.9,POINT(-43.65081 -11.76432)
1815122275,1efc9d91-3c12-3423-91b2-25abcb36e4f5,-44.29312,-13.68642,2026-04-22 16:50:00+00:00,2026-04-22,NOAA-21,CORIBE,BAHIA,Brasil,,,,Cerrado,33,29,2909109,8,,219_069,8.4,POINT(-44.29312 -13.68642)
1815122285,860ce9d0-ecf9-3dbf-96b7-ebae8b912825,-44.30369,-17.23095,2026-04-22 16:50:00+00:00,2026-04-22,NOAA-21,CLARO DOS POÇÕES,MINAS GERAIS,Brasil,,,,Cerrado,33,31,3116506,8,,218_072,16.5,POINT(-44.30369 -17.23095)
1815122291,d2d4d750-ad7f-38b2-86ca-ec925da73407,-43.66012,-11.77867,2026-04-22 16:50:00+00:00,2026-04-22,NOAA-21,BARRA,BAHIA,Brasil,,,,Cerrado,33,29,2902708,8,,219_068,6.5,POINT(-43.66012 -11.77867)
1815122292,c2a855e8-1cdc-3377-ae9f-59f51cdffa3f,-46.78863,-11.2789,2026-04-22 16:50:00+00:00,2026-04-22,NOAA-21,RIO DA CONCEIÇÃO,TOCANTINS,Brasil,,,,Cerrado,33,17,1718659,8,,221_068,4.9,POINT(-46.78863 -11.2789)
1815122323,973ea92e-b06c-3ac4-9e32-ff38dcf69cc2,-57.18307,-12.31114,2026-04-22 16:50:00+00:00,2026-04-22,NOAA-21,NOVA MARINGÁ,MATO GROSSO,Brasil,,,,Amazônia,33,51,5108907,8,,227_069,19.2,POINT(-57.18307 -12.31114)
1815122371,88ba30d3-623d-35cf-afcc-519c3e6cb93e,-43.64552,-11.77191,2026-04-22 16:50:00+00:00,2026-04-22,NOAA-21,BARRA,BAHIA,Brasil,,,,Cerrado,33,29,2902708,8,,219_068,12.9,POINT(-43.64552 -11.77191)
1815122372,02885b60-fb32-3c8b-98cc-011c777a25ae,-47.76991,-15.75609,2026-04-22 16:50:00+00:00,2026-04-22,NOAA-21,BRASÍLIA,DISTRITO FEDERAL,Brasil,,,,Cerrado,33,53,5300108,8,,221_071,29.6,POINT(-47.76991 -15.75609)
1815122380,30350773-0bad-34d3-8292-0858cb5a9cf9,-53.36258,-16.98573,2026-04-22 16:50:00+00:00,2026-04-22,NOAA-21,ALTO GARÇAS,MATO GROSSO,Brasil,,,,Cerrado,33,51,5100409,8,,224_072,13.1,POINT(-53.36258 -16.98573)
1815122389,3f685d64-ad6b-3075-84ef-5d80468880cd,-57.78197,-11.73317,2026-04-22 16:50:00+00:00,2026-04-22,NOAA-21,JUARA,MATO GROSSO,Brasil,,,,Amazônia,33,51,5105101,8,,228_068,1.6,POINT(-57.78197 -11.73317)
1815122395,e33241f7-4234-37f5-aaa4-1b1715972188,-44.19023,-12.23953,2026-04-22 16:50:00+00:00,2026-04-22,NOAA-21,CRISTÓPOLIS,BAHIA,Brasil,,,,Cerrado,33,29,2909703,8,,219_068,7.5,POINT(-44.19023 -12.23953)
1815122413,e23849b5-a6c2-3b4c-aaff-3f07ba36b3bd,-49.73545,-11.80655,2026-04-22 16:50:00+00:00,2026-04-22,NOAA-21,FORMOSO DO ARAGUAIA,TOCANTINS,Brasil,,,,Cerrado,33,17,1708205,8,,223_068,7.9,POINT(-49.73545 -11.80655)
1815122416,7f548fc8-bfe0-3058-8beb-0d193bdf7d64,-57.17944,-12.30865,2026-04-22 16:50:00+00:00,2026-04-22,NOAA-21,NOVA MARINGÁ,MATO GROSSO,Brasil,,,,Amazônia,33,51,5108907,8,,227_069,27.2,POINT(-57.17944 -12.30865)
1815122434,7db3ff25-0e96-301b-b85a-56754cfb583a,-56.11938,-15.15874,2026-04-22 16:50:00+00:00,2026-04-22,NOAA-21,CUIABÁ,MATO GROSSO,Brasil,,,,Cerrado,33,51,5103403,8,,226_071,1.7,POINT(-56.11938 -15.15874)
1815122449,4dc8eefe-10c9-38a8-850c-5ebcec3f8c36,-54.76768,-12.49613,2026-04-22 16:50:00+00:00,2026-04-22,NOAA-21,FELIZ NATAL,MATO GROSSO,Brasil,,,,Amazônia,33,51,5103700,8,,226_069,3.5,POINT(-54.76768 -12.49613)
1815122470,8c076178-352b-3baa-aba7-c8cec4a28797,-39.06362,-16.08535,2026-04-22 16:50:00+00:00,2026-04-22,NOAA-21,SANTA CRUZ CABRÁLIA,BAHIA,Brasil,,,,Mata Atlântica,33,29,2927705,8,,215_071,4.5,POINT(-39.06362 -16.08535)
1815122494,d3d4adc4-b3e5-31f1-930e-80f440c402ec,-45.32172,-13.37726,2026-04-22 16:50:00+00:00,2026-04-22,NOAA-21,CORRENTINA,BAHIA,Brasil,,,,Cerrado,33,29,2909307,8,,220_069,12.9,POINT(-45.32172 -13.37726)
1815122538,e95a5849-6641-3921-8cfe-0a8714730651,-43.66328,-11.78346,2026-04-22 16:50:00+00:00,2026-04-22,NOAA-21,BARRA,BAHIA,Brasil,,,,Cerrado,33,29,2902708,8,,219_068,6.5,POINT(-43.66328 -11.78346)
1815122543,35575b45-3e50-3c96-9a4b-5097919dd799,-47.76427,-14.49713,2026-04-22 16:50:00+00:00,2026-04-22,NOAA-21,SÃO JOÃO D'ALIANÇA,GOIÁS,Brasil,,,,Cerrado,33,52,5220009,8,,221_070,3.7,POINT(-47.76427 -14.49713)
1815122547,1e2c65c0-f990-38d9-9ae2-0b8bf1875add,-43.65701,-11.77389,2026-04-22 16:50:00+00:00,2026-04-22,NOAA-21,BARRA,BAHIA,Brasil,,,,Cerrado,33,29,2902708,8,,219_068,11.6,POINT(-43.65701 -11.77389)
1815122559,fde7808e-38a8-3f00-9820-ae6f0219790f,-45.32043,-13.38455,2026-04-22 16:50:00+00:00,2026-04-22,NOAA-21,CORRENTINA,BAHIA,Brasil,,,,Cerrado,33,29,2909307,8,,220_069,17.2,POINT(-45.32043 -13.38455)
1815122560,0e52dec4-dd92-3621-aaa7-9e3f236c73a5,-45.18191,-14.90658,2026-04-22 16:50:00+00:00,2026-04-22,NOAA-21,BONITO DE MINAS,MINAS GERAIS,Brasil,,,,Cerrado,33,31,3108255,8,,219_070,3.5,POINT(-45.18191 -14.90658)
1815122570,fb6c3c01-42d5-3d91-a6d9-6fb4123f2ee1,-46.80276,-11.24024,2026-04-22 16:50:00+00:00,2026-04-22,NOAA-21,RIO DA CONCEIÇÃO,TOCANTINS,Brasil,,,,Cerrado,33,17,1718659,8,,221_068,14.7,POINT(-46.80276 -11.24024)
1815122595,1c8eab7a-fec6-3a0d-8126-885cf14cae1a,-50.8472,-17.69332,2026-04-22 16:50:00+00:00,2026-04-22,NOAA-21,RIO VERDE,GOIÁS,Brasil,,,,Cerrado,33,52,5218805,8,,223_072,3.5,POINT(-50.8472 -17.69332)
1815122598,11e1a9a5-1894-37bc-87a6-e5adbe4c8bd9,-38.39875,-8.82661,2026-04-22 16:50:00+00:00,2026-04-22,NOAA-21,PETROLÂNDIA,PERNAMBUCO,Brasil,,,,Caatinga,33,26,2611002,8,,216_066,7.2,POINT(-38.39875 -8.82661)
1815122626,af7c0dcb-65e6-3857-891f-e72b8cda8e91,-45.48261,-12.55519,2026-04-22 16:50:00+00:00,2026-04-22,NOAA-21,SÃO DESIDÉRIO,BAHIA,Brasil,,,,Cerrado,33,29,2928901,8,,220_069,103.2,POINT(-45.48261 -12.55519)
1815122636,907a6e6c-5308-3fe7-bf01-e5a41232c33b,-43.62018,-13.77832,2026-04-22 16:50:00+00:00,2026-04-22,NOAA-21,SERRA DO RAMALHO,BAHIA,Brasil,,,,Cerrado,33,29,2930154,8,,219_069,46.5,POINT(-43.62018 -13.77832)
1815122640,187e6128-17a0-364c-86e1-b569bc0809f3,-49.40587,-11.79443,2026-04-22 16:50:00+00:00,2026-04-22,NOAA-21,FORMOSO DO ARAGUAIA,TOCANTINS,Brasil,,,,Cerrado,33,17,1708205,8,,223_068,8.2,POINT(-49.40587 -11.79443)
1815122650,83577ff6-8a81-37cc-bedc-5d1fdf3f2245,-49.48749,-11.44614,2026-04-22 16:50:00+00:00,2026-04-22,NOAA-21,DUERÉ,TOCANTINS,Brasil,,,,Cerrado,33,17,1707306,8,,223_068,2.7,POINT(-49.48749 -11.44614)
1815122653,ba2a406b-a855-3f6a-a5fd-345082991b3f,-49.69989,-11.84552,2026-04-22 16:50:00+00:00,2026-04-22,NOAA-21,FORMOSO DO ARAGUAIA,TOCANTINS,Brasil,,,,Cerrado,33,17,1708205,8,,223_068,9.7,POINT(-49.69989 -11.84552)
1815122665,152d246e-9e85-346a-97cd-869375058502,-43.64314,-11.763,2026-04-22 16:50:00+00:00,2026-04-22,NOAA-21,BARRA,BAHIA,Brasil,,,,Cerrado,33,29,2902708,8,,219_068,7.9,POINT(-43.64314 -11.763)
1815122674,eaa0418f-03d0-3274-9de6-af614b2645c1,-49.70796,-11.83995,2026-04-22 16:50:00+00:00,2026-04-22,NOAA-21,FORMOSO DO ARAGUAIA,TOCANTINS,Brasil,,,,Cerrado,33,17,1708205,8,,223_068,24.1,POINT(-49.70796 -11.83995)
1815122675,3e57d47a-17ab-3a4a-b6e1-c64220c6be0b,-43.64242,-11.76712,2026-04-22 16:50:00+00:00,2026-04-22,NOAA-21,BARRA,BAHIA,Brasil,,,,Cerrado,33,29,2902708,8,,219_068,21.5,POINT(-43.64242 -11.76712)
1815122710,77a43608-cd47-3a5e-8942-fa0b746852da,-43.65943,-11.7828,2026-04-22 16:50:00+00:00,2026-04-22,NOAA-21,BARRA,BAHIA,Brasil,,,,Cerrado,33,29,2902708,8,,219_068,6.5,POINT(-43.65943 -11.7828)
1815122744,98fd1651-81b7-337e-974f-4e6e5ab7e721,-45.32481,-13.38527,2026-04-22 16:50:00+00:00,2026-04-22,NOAA-21,CORRENTINA,BAHIA,Brasil,,,,Cerrado,33,29,2909307,8,,220_069,17.2,POINT(-45.32481 -13.38527)
1815122752,65ac0a8d-d1d8-3291-be61-d175fc941518,-46.77856,-11.23997,2026-04-22 16:50:00+00:00,2026-04-22,NOAA-21,RIO DA CONCEIÇÃO,TOCANTINS,Brasil,,,,Cerrado,33,17,1718659,8,,221_068,8.6,POINT(-46.77856 -11.23997)
1815122764,56c9bf0f-19ee-3b41-b32c-1d1ad651f814,-39.29151,-11.44772,2026-04-22 16:50:00+00:00,2026-04-22,NOAA-21,CONCEIÇÃO DO COITÉ,BAHIA,Brasil,,,,Caatinga,33,29,2908408,8,,216_068,9.5,POINT(-39.29151 -11.44772)
1815122779,d7f3c816-3498-3a3f-a09a-edda93314fc0,-46.83352,-17.16789,2026-04-22 16:50:00+00:00,2026-04-22,NOAA-21,PARACATU,MINAS GERAIS,Brasil,,,,Cerrado,33,31,3147006,8,,220_072,9.8,POINT(-46.83352 -17.16789)
1815122782,476254e6-ae19-3aad-851a-df86b487475b,-44.35564,-12.14329,2026-04-22 16:50:00+00:00,2026-04-22,NOAA-21,CRISTÓPOLIS,BAHIA,Brasil,,,,Cerrado,33,29,2909703,8,,219_068,7.8,POINT(-44.35564 -12.14329)
1815122783,cb3f8ca7-7405-3a25-94e0-bd62f19b9f9d,-44.18505,-12.23863,2026-04-22 16:50:00+00:00,2026-04-22,NOAA-21,CRISTÓPOLIS,BAHIA,Brasil,,,,Cerrado,33,29,2909703,8,,219_068,7.5,POINT(-44.18505 -12.23863)
1815122785,5dc074a4-a5a9-3116-8567-0c8d7723aa01,-53.29815,-18.55628,2026-04-22 16:50:00+00:00,2026-04-22,NOAA-21,COSTA RICA,MATO GROSSO DO SUL,Brasil,,,,Cerrado,33,50,5003256,8,,224_073,7.7,POINT(-53.29815 -18.55628)
1815122793,456d171a-726d-3cd6-9813-86da4e841419,-43.30333,-15.50761,2026-04-22 16:50:00+00:00,2026-04-22,NOAA-21,JANAÚBA,MINAS GERAIS,Brasil,,,,Caatinga,33,31,3135100,8,,218_071,4.5,POINT(-43.30333 -15.50761)
1815122802,3bef5101-8969-37e4-a6ba-d25e3f2a53f3,-56.66383,-13.98688,2026-04-22 16:50:00+00:00,2026-04-22,NOAA-21,DIAMANTINO,MATO GROSSO,Brasil,,,,Cerrado,33,51,5103502,8,,227_070,5.0,POINT(-56.66383 -13.98688)
1815122815,abc6da62-8f84-38e6-bd12-acad5d8eb09c,-47.72003,-11.68039,2026-04-22 16:50:00+00:00,2026-04-22,NOAA-21,NATIVIDADE,TOCANTINS,Brasil,,,,Cerrado,33,17,1714203,8,,221_068,5.5,POINT(-47.72003 -11.68039)
1815122820,0ddd6868-80a1-3a75-8b5f-554153b63f84,-43.84021,-11.97702,2026-04-22 16:50:00+00:00,2026-04-22,NOAA-21,WANDERLEY,BAHIA,Brasil,,,,Cerrado,33,29,2933455,8,,219_068,10.1,POINT(-43.84021 -11.97702)
1815122832,10a321b6-9018-3961-b3f8-5a43dfbde284,-54.76316,-12.49979,2026-04-22 16:50:00+00:00,2026-04-22,NOAA-21,FELIZ NATAL,MATO GROSSO,Brasil,,,,Amazônia,33,51,5103700,8,,226_069,6.7,POINT(-54.76316 -12.49979)
1815122854,142e8b6b-81e0-3d20-9679-cf050a30acda,-45.33047,-13.3787,2026-04-22 16:50:00+00:00,2026-04-22,NOAA-21,CORRENTINA,BAHIA,Brasil,,,,Cerrado,33,29,2909307,8,,220_069,8.4,POINT(-45.33047 -13.3787)
1815122858,30c86d1c-33df-36de-843c-5712f656456e,-49.70393,-11.84274,2026-04-22 16:50:00+00:00,2026-04-22,NOAA-21,FORMOSO DO ARAGUAIA,TOCANTINS,Brasil,,,,Cerrado,33,17,1708205,8,,223_068,24.1,POINT(-49.70393 -11.84274)
1815122869,0f559791-c819-3ff9-b666-cf968acddb67,-49.74622,-11.84908,2026-04-22 16:50:00+00:00,2026-04-22,NOAA-21,FORMOSO DO ARAGUAIA,TOCANTINS,Brasil,,,,Cerrado,33,17,1708205,8,,223_068,26.4,POINT(-49.74622 -11.84908)
1815122871,75d849c1-df92-3b8b-8dee-982ca52bc7d4,-41.855,-13.99052,2026-04-22 16:50:00+00:00,2026-04-22,NOAA-21,LIVRAMENTO DE NOSSA SENHORA,BAHIA,Brasil,,,,Caatinga,33,29,2919504,8,,217_070,4.2,POINT(-41.855 -13.99052)
1815122897,0d6b509b-45bb-3985-84d2-534dea0e4778,-45.69174,-16.97286,2026-04-22 16:50:00+00:00,2026-04-22,NOAA-21,BRASILÂNDIA DE MINAS,MINAS GERAIS,Brasil,,,,Cerrado,33,31,3108552,8,,219_072,4.7,POINT(-45.69174 -16.97286)
1815122911,cbf495b1-56e3-358b-939f-67ea9aa81f1b,-40.34269,-16.14602,2026-04-22 16:50:00+00:00,2026-04-22,NOAA-21,JACINTO,MINAS GERAIS,Brasil,,,,Mata Atlântica,33,31,3134707,8,,216_071,7.4,POINT(-40.34269 -16.14602)
1815122920,347f8de8-b65d-34fa-ace3-ed62fdf6844f,-57.03913,-17.23055,2026-04-22 16:50:00+00:00,2026-04-22,NOAA-21,POCONÉ,MATO GROSSO,Brasil,,,,Pantanal,33,51,5106505,8,,227_072,0.2,POINT(-57.03913 -17.23055)
1815122922,4605eec7-56b9-346c-9064-535be0997f06,-52.8084,-17.34014,2026-04-22 16:50:00+00:00,2026-04-22,NOAA-21,MINEIROS,GOIÁS,Brasil,,,,Cerrado,33,52,5213103,8,,224_072,4.9,POINT(-52.8084 -17.34014)
1815122982,73f3312b-6b10-3d15-a057-b7c08c9b504d,-43.64698,-11.76366,2026-04-22 16:50:00+00:00,2026-04-22,NOAA-21,BARRA,BAHIA,Brasil,,,,Cerrado,33,29,2902708,8,,219_068,4.9,POINT(-43.64698 -11.76366)
1815122997,510e232f-2d20-367d-87d8-17bedf9ba3ce,-46.76622,-11.24159,2026-04-22 16:50:00+00:00,2026-04-22,NOAA-21,RIO DA CONCEIÇÃO,TOCANTINS,Brasil,,,,Cerrado,33,17,1718659,8,,221_068,5.4,POINT(-46.76622 -11.24159)
1815123010,b6e9ec6e-0dca-3a3c-8662-baee9a1a0094,-38.91415,-15.94067,2026-04-22 16:50:00+00:00,2026-04-22,NOAA-21,BELMONTE,BAHIA,Brasil,,,,Mata Atlântica,33,29,2903409,8,,215_071,5.1,POINT(-38.91415 -15.94067)
1815123019,4b9f7023-42ae-343a-962a-8c991228aee1,-47.58831,-15.19409,2026-04-22 16:50:00+00:00,2026-04-22,NOAA-21,PLANALTINA,GOIÁS,Brasil,,,,Cerrado,33,52,5217609,8,,221_070,7.4,POINT(-47.58831 -15.19409)
1815123022,f284abe2-0352-35fa-9802-dfe630733d63,-46.79491,-11.23899,2026-04-22 16:50:00+00:00,2026-04-22,NOAA-21,RIO DA CONCEIÇÃO,TOCANTINS,Brasil,,,,Cerrado,33,17,1718659,8,,221_068,26.5,POINT(-46.79491 -11.23899)
1815123026,ddaffd87-db85-31f6-b4b1-81c797d0d147,-38.91529,-15.93546,2026-04-22 16:50:00+00:00,2026-04-22,NOAA-21,BELMONTE,BAHIA,Brasil,,,,Mata Atlântica,33,29,2903409,8,,215_071,3.3,POINT(-38.91529 -15.93546)
1815123030,97d99a6d-537c-350b-9b52-f28bf698b580,-47.67783,-14.42241,2026-04-22 16:50:00+00:00,2026-04-22,NOAA-21,ALTO PARAÍSO DE GOIÁS,GOIÁS,Brasil,,,,Cerrado,33,52,5200605,8,,221_070,3.2,POINT(-47.67783 -14.42241)
1815123036,c6cf70ef-5b63-3073-bba1-023cfc723821,-44.35796,-12.14368,2026-04-22 16:50:00+00:00,2026-04-22,NOAA-21,CRISTÓPOLIS,BAHIA,Brasil,,,,Cerrado,33,29,2909703,8,,219_068,5.6,POINT(-44.35796 -12.14368)
1815123101,a892ecc0-5403-3445-b66b-3ad1cfab88f5,-49.71046,-11.8471,2026-04-22 16:50:00+00:00,2026-04-22,NOAA-21,FORMOSO DO ARAGUAIA,TOCANTINS,Brasil,,,,Cerrado,33,17,1708205,8,,223_068,9.7,POINT(-49.71046 -11.8471)
1815123108,0ce337e0-bfe4-3cd8-afbf-f935fb49d592,-41.80496,-15.17844,2026-04-22 16:50:00+00:00,2026-04-22,NOAA-21,SÃO JOÃO DO PARAÍSO,MINAS GERAIS,Brasil,,,,Mata Atlântica,33,31,3162708,8,,217_071,15.4,POINT(-41.80496 -15.17844)
1815123129,0e9df242-7c00-30d0-ba64-531ca441e963,-43.01016,-15.98417,2026-04-22 16:50:00+00:00,2026-04-22,NOAA-21,RIACHO DOS MACHADOS,MINAS GERAIS,Brasil,,,,Cerrado,33,31,3154507,8,,218_071,12.9,POINT(-43.01016 -15.98417)
1815123132,dbdddc06-c3d3-35eb-a115-8ef42616cd74,-43.65775,-11.76977,2026-04-22 16:50:00+00:00,2026-04-22,NOAA-21,BARRA,BAHIA,Brasil,,,,Cerrado,33,29,2902708,8,,219_068,11.6,POINT(-43.65775 -11.76977)
1815123205,cc59aefb-729f-349a-8926-18544d568625,-47.18916,-13.0583,2026-04-22 16:50:00+00:00,2026-04-22,NOAA-21,ARRAIAS,TOCANTINS,Brasil,,,,Cerrado,33,17,1702406,8,,221_069,14.3,POINT(-47.18916 -13.0583)
1815123228,bef14759-3a52-3328-8f1d-c4e3ea25192b,-43.00575,-15.98752,2026-04-22 16:50:00+00:00,2026-04-22,NOAA-21,RIACHO DOS MACHADOS,MINAS GERAIS,Brasil,,,,Cerrado,33,31,3154507,8,,218_071,6.9,POINT(-43.00575 -15.98752)
1815123238,5161246d-c098-318b-b889-0fcfcdf618d3,-45.96438,-16.11453,2026-04-22 16:50:00+00:00,2026-04-22,NOAA-21,RIACHINHO,MINAS GERAIS,Brasil,,,,Cerrado,33,31,3154457,8,,220_071,7.9,POINT(-45.96438 -16.11453)
1815122607,b87cae91-603f-3423-96e7-79295d3157c2,-45.03946,-4.66415,2026-04-22 16:52:00+00:00,2026-04-22,NOAA-21,LAGO DO JUNCO,MARANHÃO,Brasil,,,,Cerrado,33,21,2105807,8,,221_063,12.4,POINT(-45.03946 -4.66415)
1815121409,c098a4c8-9d97-37a6-9cf1-7337c9f68e1b,-54.75102,-3.4488,2026-04-22 16:52:00+00:00,2026-04-22,NOAA-21,MOJUÍ DOS CAMPOS,PARÁ,Brasil,,,,Amazônia,33,15,1504752,8,,227_062,4.1,POINT(-54.75102 -3.4488)
1815121283,4a8f75cd-26e7-36da-a3a5-9c4bd0355672,-55.30234,-9.96596,2026-04-22 16:52:00+00:00,2026-04-22,NOAA-21,NOVO MUNDO,MATO GROSSO,Brasil,,,,Amazônia,33,51,5106265,8,,227_067,5.7,POINT(-55.30234 -9.96596)
1815122807,cd903801-c265-3aa2-9626-bd98bf3ad44f,-54.75045,-3.4525,2026-04-22 16:52:00+00:00,2026-04-22,NOAA-21,MOJUÍ DOS CAMPOS,PARÁ,Brasil,,,,Amazônia,33,15,1504752,8,,227_062,27.7,POINT(-54.75045 -3.4525)
1815123060,242541a2-e42b-3e0f-bc64-84deb208de6d,-55.7775,-3.88826,2026-04-22 16:52:00+00:00,2026-04-22,NOAA-21,AVEIRO,PARÁ,Brasil,,,,Amazônia,33,15,1501006,8,,228_063,11.0,POINT(-55.7775 -3.88826)
1815121164,8dcc4265-8e31-3e3a-897d-8c9659a5eef8,-50.39288,-6.71951,2026-04-22 16:52:00+00:00,2026-04-22,NOAA-21,ÁGUA AZUL DO NORTE,PARÁ,Brasil,,,,Amazônia,33,15,1500347,8,,224_065,10.3,POINT(-50.39288 -6.71951)
1815121278,751bedf8-2b6b-345f-83b1-e9f55bfc2eab,-48.35891,-9.31112,2026-04-22 16:52:00+00:00,2026-04-22,NOAA-21,RIO DOS BOIS,TOCANTINS,Brasil,,,,Cerrado,33,17,1718709,8,,222_066,3.8,POINT(-48.35891 -9.31112)
1815123203,a517c786-4ee5-35cd-b414-8f740cbabb9c,-49.67219,-3.90206,2026-04-22 16:52:00+00:00,2026-04-22,NOAA-21,TUCURUÍ,PARÁ,Brasil,,,,Amazônia,33,15,1508100,8,,224_063,3.2,POINT(-49.67219 -3.90206)
1815122457,9ade4150-e735-3878-a51b-b8bbda704dbd,-55.77686,-3.89222,2026-04-22 16:52:00+00:00,2026-04-22,NOAA-21,AVEIRO,PARÁ,Brasil,,,,Amazônia,33,15,1501006,8,,228_063,8.9,POINT(-55.77686 -3.89222)
1815122844,1c80139e-158a-3ea0-a836-d32072b500fa,-52.6404,-1.89241,2026-04-22 16:54:00+00:00,2026-04-22,NOAA-21,PORTO DE MOZ,PARÁ,Brasil,,,,Amazônia,33,15,1505908,8,,226_061,6.4,POINT(-52.6404 -1.89241)
1815121179,2f326af7-8262-3d65-8c9a-f55af2442e5e,-56.3511,-1.96204,2026-04-22 16:54:00+00:00,2026-04-22,NOAA-21,TERRA SANTA,PARÁ,Brasil,,,,Amazônia,33,15,1507979,8,,228_061,6.3,POINT(-56.3511 -1.96204)
1815122907,52066a29-785d-3dd1-ba2a-f9ca203144c1,-56.35053,-1.96604,2026-04-22 16:54:00+00:00,2026-04-22,NOAA-21,TERRA SANTA,PARÁ,Brasil,,,,Amazônia,33,15,1507979,8,,228_061,6.3,POINT(-56.35053 -1.96604)
1815125578,ba926162-51ff-3f4d-8854-8e7b3a5e1b8c,-53.25975,-33.57814,2026-04-22 17:15:00+00:00,2026-04-22,NPP-375,SANTA VITÓRIA DO PALMAR,RIO GRANDE DO SUL,Brasil,,,,Pampa,33,43,4317301,8,,222_083,1.9,POINT(-53.25975 -33.57814)
1815124969,263c086a-bf4d-3e15-b5b2-88d7715f11c8,-50.19007,-26.88748,2026-04-22 17:17:00+00:00,2026-04-22,NPP-375,RIO DO CAMPO,SANTA CATARINA,Brasil,,,,Mata Atlântica,33,42,4214508,8,,221_079,3.7,POINT(-50.19007 -26.88748)
1815125902,381c1298-b995-3582-a72a-9c36861995fb,-50.742,-26.4476,2026-04-22 17:17:00+00:00,2026-04-22,NPP-375,IRINEÓPOLIS,SANTA CATARINA,Brasil,,,,Mata Atlântica,33,42,4207908,8,,221_078,26.1,POINT(-50.742 -26.4476)
1815125966,aa25f0ce-4050-3465-883d-9aa0874e5267,-49.79942,-29.03342,2026-04-22 17:17:00+00:00,2026-04-22,NPP-375,JACINTO MACHADO,SANTA CATARINA,Brasil,,,,Mata Atlântica,33,42,4208708,8,,220_080,4.8,POINT(-49.79942 -29.03342)
1815125109,bb8b5e42-6489-3c44-a2c0-ffaa55420e83,-52.2011,-27.01325,2026-04-22 17:17:00+00:00,2026-04-22,NPP-375,IPUMIRIM,SANTA CATARINA,Brasil,,,,Mata Atlântica,33,42,4207700,8,,222_079,3.5,POINT(-52.2011 -27.01325)
1815125140,072cd29a-eb6f-32c1-8820-01c5b1b2d4ae,-49.47898,-28.58127,2026-04-22 17:17:00+00:00,2026-04-22,NPP-375,SIDERÓPOLIS,SANTA CATARINA,Brasil,,,,Mata Atlântica,33,42,4217600,8,,220_080,13.9,POINT(-49.47898 -28.58127)
1815124141,b9291100-4d54-3405-bb16-cf6bcc37dfc4,-52.00016,-26.99629,2026-04-22 17:17:00+00:00,2026-04-22,NPP-375,IRANI,SANTA CATARINA,Brasil,,,,Mata Atlântica,33,42,4207809,8,,222_079,3.2,POINT(-52.00016 -26.99629)
1815125171,21bada74-04f5-33ae-bd15-d5362c465c5e,-50.71119,-26.32738,2026-04-22 17:17:00+00:00,2026-04-22,NPP-375,IRINEÓPOLIS,SANTA CATARINA,Brasil,,,,Mata Atlântica,33,42,4207908,8,,221_078,3.0,POINT(-50.71119 -26.32738)
1815125176,287821c1-38e5-30c8-90f2-60e8507ddc8e,-51.06562,-27.9528,2026-04-22 17:17:00+00:00,2026-04-22,NPP-375,ESMERALDA,RIO GRANDE DO SUL,Brasil,,,,Mata Atlântica,33,43,4307401,8,,221_079,6.4,POINT(-51.06562 -27.9528)
1815124096,7ddaa38c-bb52-3cb4-9f08-35b5811a2b92,-49.59174,-28.79238,2026-04-22 17:17:00+00:00,2026-04-22,NPP-375,FORQUILHINHA,SANTA CATARINA,Brasil,,,,Mata Atlântica,33,42,4205456,8,,220_080,2.2,POINT(-49.59174 -28.79238)
1815125232,786de73c-1e8a-3eda-bc36-7d899bd62a53,-49.42275,-26.13739,2026-04-22 17:17:00+00:00,2026-04-22,NPP-375,PIÊN,PARANÁ,Brasil,,,,Mata Atlântica,33,41,4119103,8,,220_078,1.8,POINT(-49.42275 -26.13739)
1815125260,5044d8b2-fea5-31ef-8a66-d386fec15b87,-48.81758,-28.24382,2026-04-22 17:17:00+00:00,2026-04-22,NPP-375,IMARUÍ,SANTA CATARINA,Brasil,,,,Mata Atlântica,33,42,4207205,8,,220_080,3.7,POINT(-48.81758 -28.24382)
1815124091,025a839a-5f1d-3737-9cfd-d51f616b9ecb,-51.20231,-27.79244,2026-04-22 17:17:00+00:00,2026-04-22,NPP-375,PINHAL DA SERRA,RIO GRANDE DO SUL,Brasil,,,,Mata Atlântica,33,43,4314464,8,,221_079,10.3,POINT(-51.20231 -27.79244)
1815125272,ce96bff5-e979-3c09-ba70-2666d17ef2fa,-49.83637,-26.96428,2026-04-22 17:17:00+00:00,2026-04-22,NPP-375,DONA EMMA,SANTA CATARINA,Brasil,,,,Mata Atlântica,33,42,4205100,8,,221_079,2.8,POINT(-49.83637 -26.96428)
1815125307,b729e725-225a-32d5-9c52-685bfe4cf445,-49.65125,-27.07737,2026-04-22 17:17:00+00:00,2026-04-22,NPP-375,PRESIDENTE GETÚLIO,SANTA CATARINA,Brasil,,,,Mata Atlântica,33,42,4214003,8,,220_079,2.5,POINT(-49.65125 -27.07737)
1815124049,fdf2ba18-afb2-36f7-b5a3-56fff176465b,-50.51538,-27.97266,2026-04-22 17:17:00+00:00,2026-04-22,NPP-375,CAPÃO ALTO,SANTA CATARINA,Brasil,,,,Mata Atlântica,33,42,4203253,8,,221_079,24.5,POINT(-50.51538 -27.97266)
1815124013,246178ea-d184-379a-a1ce-1366449c0c8e,-49.16996,-28.12367,2026-04-22 17:17:00+00:00,2026-04-22,NPP-375,RIO FORTUNA,SANTA CATARINA,Brasil,,,,Mata Atlântica,33,42,4214904,8,,220_079,44.8,POINT(-49.16996 -28.12367)
1815126025,3f4897ea-8603-3c76-b115-5bcbf2b992ca,-50.48878,-27.69235,2026-04-22 17:17:00+00:00,2026-04-22,NPP-375,SÃO JOSÉ DO CERRITO,SANTA CATARINA,Brasil,,,,Mata Atlântica,33,42,4216800,8,,221_079,85.9,POINT(-50.48878 -27.69235)
1815123989,d06d969c-5598-39d2-8481-20ef8b2183b2,-50.95582,-29.45038,2026-04-22 17:17:00+00:00,2026-04-22,NPP-375,SANTA MARIA DO HERVAL,RIO GRANDE DO SUL,Brasil,,,,Mata Atlântica,33,43,4316956,8,,221_080,2.0,POINT(-50.95582 -29.45038)
1815125315,c619a1c8-298c-3aff-873a-5ae3854e5118,-49.06491,-26.10421,2026-04-22 17:17:00+00:00,2026-04-22,NPP-375,JOINVILLE,SANTA CATARINA,Brasil,,,,Mata Atlântica,33,42,4209102,8,,220_078,3.7,POINT(-49.06491 -26.10421)
1815123757,0edfe295-b37b-3e1f-b8ec-0520f6cdb721,-52.75373,-30.61604,2026-04-22 17:17:00+00:00,2026-04-22,NPP-375,ENCRUZILHADA DO SUL,RIO GRANDE DO SUL,Brasil,,,,Pampa,33,43,4306908,8,,222_081,12.0,POINT(-52.75373 -30.61604)
1815125366,b241e699-6d9b-3145-b8c7-145973e973c8,-51.45128,-27.34708,2026-04-22 17:17:00+00:00,2026-04-22,NPP-375,CAMPOS NOVOS,SANTA CATARINA,Brasil,,,,Mata Atlântica,33,42,4203600,8,,222_079,13.7,POINT(-51.45128 -27.34708)
1815123982,de5659d3-0361-302a-a5a5-22159c7c5e65,-50.5214,-26.87267,2026-04-22 17:17:00+00:00,2026-04-22,NPP-375,SANTA CECÍLIA,SANTA CATARINA,Brasil,,,,Mata Atlântica,33,42,4215505,8,,221_079,6.0,POINT(-50.5214 -26.87267)
1815126040,b676f13e-ea6a-3a9f-ab93-672f09f9bb44,-49.98324,-27.76281,2026-04-22 17:17:00+00:00,2026-04-22,NPP-375,BOCAINA DO SUL,SANTA CATARINA,Brasil,,,,Mata Atlântica,33,42,4202438,8,,220_079,5.7,POINT(-49.98324 -27.76281)
1815126053,be09a78a-4b61-3a19-a030-e93073942fb5,-51.02542,-26.63007,2026-04-22 17:17:00+00:00,2026-04-22,NPP-375,CALMON,SANTA CATARINA,Brasil,,,,Mata Atlântica,33,42,4203154,8,,221_079,2.6,POINT(-51.02542 -26.63007)
1815126092,15036293-85e0-39d1-9da8-66bbe2bcaf01,-51.45934,-29.52126,2026-04-22 17:17:00+00:00,2026-04-22,NPP-375,HARMONIA,RIO GRANDE DO SUL,Brasil,,,,Mata Atlântica,33,43,4309555,8,,221_080,3.6,POINT(-51.45934 -29.52126)
1815125438,6570870a-cdf6-367f-bb64-b285b35acdf8,-49.39311,-28.78381,2026-04-22 17:17:00+00:00,2026-04-22,NPP-375,CRICIÚMA,SANTA CATARINA,Brasil,,,,Mata Atlântica,33,42,4204608,8,,220_080,18.2,POINT(-49.39311 -28.78381)
1815126149,25e4fcbc-5d20-31f0-bbc3-3d586c03d1c8,-50.746,-26.44826,2026-04-22 17:17:00+00:00,2026-04-22,NPP-375,IRINEÓPOLIS,SANTA CATARINA,Brasil,,,,Mata Atlântica,33,42,4207908,8,,221_078,8.4,POINT(-50.746 -26.44826)
1815125450,f34e7663-525e-3f19-8d56-edd776952879,-49.94836,-27.57545,2026-04-22 17:17:00+00:00,2026-04-22,NPP-375,OTACÍLIO COSTA,SANTA CATARINA,Brasil,,,,Mata Atlântica,33,42,4211751,8,,221_079,10.9,POINT(-49.94836 -27.57545)
1815126208,08d5e8be-3be3-37a9-b143-249b817179b8,-51.02147,-26.62943,2026-04-22 17:17:00+00:00,2026-04-22,NPP-375,CALMON,SANTA CATARINA,Brasil,,,,Mata Atlântica,33,42,4203154,8,,221_079,2.6,POINT(-51.02147 -26.62943)
1815123981,61467c1e-4498-3f98-a976-37f2e68ea724,-50.20183,-27.93538,2026-04-22 17:17:00+00:00,2026-04-22,NPP-375,LAGES,SANTA CATARINA,Brasil,,,,Mata Atlântica,33,42,4209300,8,,221_079,13.0,POINT(-50.20183 -27.93538)
1815125461,0d1fa1f7-f6fa-3c81-8d88-511e78b9e758,-48.82001,-28.10245,2026-04-22 17:17:00+00:00,2026-04-22,NPP-375,IMARUÍ,SANTA CATARINA,Brasil,,,,Mata Atlântica,33,42,4207205,8,,220_079,3.0,POINT(-48.82001 -28.10245)
1815125464,d35d61f3-e5ab-3b61-8314-9e3999dd1f0d,-50.58229,-29.15418,2026-04-22 17:17:00+00:00,2026-04-22,NPP-375,SÃO FRANCISCO DE PAULA,RIO GRANDE DO SUL,Brasil,,,,Mata Atlântica,33,43,4318200,8,,221_080,2.5,POINT(-50.58229 -29.15418)
1815125468,7c141abd-e848-3854-8ca1-4c94b8e9ba9d,-49.07551,-27.99874,2026-04-22 17:17:00+00:00,2026-04-22,NPP-375,SANTA ROSA DE LIMA,SANTA CATARINA,Brasil,,,,Mata Atlântica,33,42,4215604,8,,220_079,5.8,POINT(-49.07551 -27.99874)
1815125478,c6679cbd-2b36-3207-ac33-812f4b19b719,-49.88168,-27.48277,2026-04-22 17:17:00+00:00,2026-04-22,NPP-375,AGROLÂNDIA,SANTA CATARINA,Brasil,,,,Mata Atlântica,33,42,4200200,8,,220_079,22.6,POINT(-49.88168 -27.48277)
1815125506,ea367e11-6e03-388b-be25-6813e90bad25,-50.27146,-27.40511,2026-04-22 17:17:00+00:00,2026-04-22,NPP-375,PONTE ALTA,SANTA CATARINA,Brasil,,,,Mata Atlântica,33,42,4213302,8,,221_079,15.4,POINT(-50.27146 -27.40511)
1815125556,bc53e549-ecfa-3698-a2d8-06e6df7c998c,-49.48376,-28.59987,2026-04-22 17:17:00+00:00,2026-04-22,NPP-375,SIDERÓPOLIS,SANTA CATARINA,Brasil,,,,Mata Atlântica,33,42,4217600,8,,220_080,2.1,POINT(-49.48376 -28.59987)
1815125571,b5a9ab70-783c-374e-8409-b5480fdb8a41,-50.24207,-28.82277,2026-04-22 17:17:00+00:00,2026-04-22,NPP-375,BOM JESUS,RIO GRANDE DO SUL,Brasil,,,,Mata Atlântica,33,43,4302303,8,,220_080,21.3,POINT(-50.24207 -28.82277)
1815125611,f43cf39c-b57d-3e0e-9930-0dd5fd1ae9a1,-49.0237,-27.50099,2026-04-22 17:17:00+00:00,2026-04-22,NPP-375,ANGELINA,SANTA CATARINA,Brasil,,,,Mata Atlântica,33,42,4200903,8,,220_079,2.4,POINT(-49.0237 -27.50099)
1815125684,9731c466-69ce-38d2-83a7-e67e0886703d,-51.34689,-27.07635,2026-04-22 17:17:00+00:00,2026-04-22,NPP-375,IBICARÉ,SANTA CATARINA,Brasil,,,,Mata Atlântica,33,42,4206801,8,,221_079,2.0,POINT(-51.34689 -27.07635)
1815125706,6e0f36e4-5792-3503-b3e7-2ee1984c60e6,-49.02945,-27.41193,2026-04-22 17:17:00+00:00,2026-04-22,NPP-375,MAJOR GERCINO,SANTA CATARINA,Brasil,,,,Mata Atlântica,33,42,4210209,8,,220_079,2.7,POINT(-49.02945 -27.41193)
1815126223,50ec92ae-6963-3dd8-825d-606638bbd849,-52.1972,-27.01266,2026-04-22 17:17:00+00:00,2026-04-22,NPP-375,IPUMIRIM,SANTA CATARINA,Brasil,,,,Mata Atlântica,33,42,4207700,8,,222_079,5.4,POINT(-52.1972 -27.01266)
1815125743,254d657e-2f1c-315b-b271-6cd3375c2261,-51.14289,-26.9173,2026-04-22 17:17:00+00:00,2026-04-22,NPP-375,RIO DAS ANTAS,SANTA CATARINA,Brasil,,,,Mata Atlântica,33,42,4214409,8,,221_079,1.5,POINT(-51.14289 -26.9173)
1815123929,5c6e3af6-bc6e-34ea-aeb4-8a89262df8ee,-49.58753,-27.00538,2026-04-22 17:17:00+00:00,2026-04-22,NPP-375,IBIRAMA,SANTA CATARINA,Brasil,,,,Mata Atlântica,33,42,4206900,8,,220_079,11.6,POINT(-49.58753 -27.00538)
1815124176,c61b2037-2d14-3a5e-ada7-187f5ea615dc,-50.95219,-27.63746,2026-04-22 17:17:00+00:00,2026-04-22,NPP-375,CERRO NEGRO,SANTA CATARINA,Brasil,,,,Mata Atlântica,33,42,4204178,8,,221_079,2.4,POINT(-50.95219 -27.63746)
1815124179,3072332b-fde8-3a05-bab3-625b0036159e,-48.98706,-25.98172,2026-04-22 17:17:00+00:00,2026-04-22,NPP-375,TIJUCAS DO SUL,PARANÁ,Brasil,,,,Mata Atlântica,33,41,4127601,8,,220_078,10.5,POINT(-48.98706 -25.98172)
1815123776,97b01a69-38a8-3768-a7e9-f85b56baf918,-51.51183,-29.48452,2026-04-22 17:17:00+00:00,2026-04-22,NPP-375,SALVADOR DO SUL,RIO GRANDE DO SUL,Brasil,,,,Mata Atlântica,33,43,4316501,8,,221_080,2.2,POINT(-51.51183 -29.48452)
1815124193,29b430f3-822b-3b19-b94f-18b4e55b7a7d,-50.57805,-27.001,2026-04-22 17:17:00+00:00,2026-04-22,NPP-375,SANTA CECÍLIA,SANTA CATARINA,Brasil,,,,Mata Atlântica,33,42,4215505,8,,221_079,3.4,POINT(-50.57805 -27.001)
1815124264,1e39576b-edbb-3d61-bca6-deb6fb5ef3ad,-50.70292,-26.95467,2026-04-22 17:17:00+00:00,2026-04-22,NPP-375,LEBON RÉGIS,SANTA CATARINA,Brasil,,,,Mata Atlântica,33,42,4209706,8,,221_079,2.7,POINT(-50.70292 -26.95467)
1815124323,6c497f66-e625-38ab-95a5-b30133164a3b,-51.06494,-27.95615,2026-04-22 17:17:00+00:00,2026-04-22,NPP-375,ESMERALDA,RIO GRANDE DO SUL,Brasil,,,,Mata Atlântica,33,43,4307401,8,,221_079,6.3,POINT(-51.06494 -27.95615)
1815123920,b12af95f-c664-36ab-bd41-e20d17f3196c,-50.58159,-29.15753,2026-04-22 17:17:00+00:00,2026-04-22,NPP-375,SÃO FRANCISCO DE PAULA,RIO GRANDE DO SUL,Brasil,,,,Mata Atlântica,33,43,4318200,8,,221_080,6.7,POINT(-50.58159 -29.15753)
1815124326,f3414aff-db81-30df-811d-260ff93d4191,-51.45519,-27.34769,2026-04-22 17:17:00+00:00,2026-04-22,NPP-375,CAMPOS NOVOS,SANTA CATARINA,Brasil,,,,Mata Atlântica,33,42,4203600,8,,222_079,18.7,POINT(-51.45519 -27.34769)
1815125754,db70e0df-c14a-3310-9e01-e0ecfcae1f9d,-50.24612,-28.82342,2026-04-22 17:17:00+00:00,2026-04-22,NPP-375,BOM JESUS,RIO GRANDE DO SUL,Brasil,,,,Mata Atlântica,33,43,4302303,8,,220_080,21.3,POINT(-50.24612 -28.82342)
1815124346,b7a2bb9c-11bf-3f59-ac3a-7c6ce003550c,-49.48321,-28.58198,2026-04-22 17:17:00+00:00,2026-04-22,NPP-375,TREVISO,SANTA CATARINA,Brasil,,,,Mata Atlântica,33,42,4218350,8,,220_080,13.9,POINT(-49.48321 -28.58198)
1815124353,012c77e8-604b-301c-88d1-b53dedb37b82,-49.42714,-27.27418,2026-04-22 17:17:00+00:00,2026-04-22,NPP-375,PRESIDENTE NEREU,SANTA CATARINA,Brasil,,,,Mata Atlântica,33,42,4214102,8,,220_079,1.9,POINT(-49.42714 -27.27418)
1815124469,e2c40bf8-7d6f-3753-a9a0-2ab0a69808e1,-51.45454,-27.35103,2026-04-22 17:17:00+00:00,2026-04-22,NPP-375,CAMPOS NOVOS,SANTA CATARINA,Brasil,,,,Mata Atlântica,33,42,4203600,8,,222_079,18.7,POINT(-51.45454 -27.35103)
1815124506,8066b652-6093-3b3f-8b40-0d464c5d9ffd,-51.20758,-29.46542,2026-04-22 17:17:00+00:00,2026-04-22,NPP-375,LINHA NOVA,RIO GRANDE DO SUL,Brasil,,,,Mata Atlântica,33,43,4311643,8,,221_080,9.3,POINT(-51.20758 -29.46542)
1815126321,f1b3235b-bf0c-3d72-9cf7-7ee2289e67ce,-48.96789,-26.44232,2026-04-22 17:17:00+00:00,2026-04-22,NPP-375,GUARAMIRIM,SANTA CATARINA,Brasil,,,,Mata Atlântica,33,42,4206504,8,,220_078,3.9,POINT(-48.96789 -26.44232)
1815124537,f1d6e320-7da6-3f57-a88e-cb5bbd9b7507,-49.23594,-27.29165,2026-04-22 17:17:00+00:00,2026-04-22,NPP-375,BOTUVERÁ,SANTA CATARINA,Brasil,,,,Mata Atlântica,33,42,4202701,8,,220_079,3.0,POINT(-49.23594 -27.29165)
1815126326,0ab7ed53-9187-3965-9db4-7898be19d710,-50.69642,-27.64595,2026-04-22 17:17:00+00:00,2026-04-22,NPP-375,SÃO JOSÉ DO CERRITO,SANTA CATARINA,Brasil,,,,Mata Atlântica,33,42,4216800,8,,221_079,3.2,POINT(-50.69642 -27.64595)
1815125769,09e70e7a-0962-317d-8717-ac3886d50f12,-49.88905,-27.12468,2026-04-22 17:17:00+00:00,2026-04-22,NPP-375,RIO DO OESTE,SANTA CATARINA,Brasil,,,,Mata Atlântica,33,42,4214607,8,,221_079,2.7,POINT(-49.88905 -27.12468)
1815125777,1e2ef08a-7183-3e68-bc8c-5ab3092b5a73,-48.80233,-25.93398,2026-04-22 17:17:00+00:00,2026-04-22,NPP-375,GUARATUBA,PARANÁ,Brasil,,,,Mata Atlântica,33,41,4109609,8,,220_078,2.9,POINT(-48.80233 -25.93398)
1815124566,7f7678cd-cb06-3f25-b893-b06c505fabf5,-51.22619,-26.90636,2026-04-22 17:17:00+00:00,2026-04-22,NPP-375,VIDEIRA,SANTA CATARINA,Brasil,,,,Mata Atlântica,33,42,4219309,8,,221_079,2.4,POINT(-51.22619 -26.90636)
1815124704,693841c7-1e3a-306b-8abc-5128f6fd74e6,-51.45584,-27.34435,2026-04-22 17:17:00+00:00,2026-04-22,NPP-375,CAMPOS NOVOS,SANTA CATARINA,Brasil,,,,Mata Atlântica,33,42,4203600,8,,222_079,3.9,POINT(-51.45584 -27.34435)
1815125781,3adac857-f529-3386-9470-5d285b6bcb50,-51.03713,-27.66134,2026-04-22 17:17:00+00:00,2026-04-22,NPP-375,ANITA GARIBALDI,SANTA CATARINA,Brasil,,,,Mata Atlântica,33,42,4201000,8,,221_079,4.0,POINT(-51.03713 -27.66134)
1815124576,f7c2d59d-7b3c-38c3-ac55-91735538147b,-50.61759,-27.4234,2026-04-22 17:17:00+00:00,2026-04-22,NPP-375,CURITIBANOS,SANTA CATARINA,Brasil,,,,Mata Atlântica,33,42,4204806,8,,221_079,5.7,POINT(-50.61759 -27.4234)
1815124580,af086f0d-e8a0-3e8e-a530-2e0958e0bfd7,-52.36206,-26.73051,2026-04-22 17:17:00+00:00,2026-04-22,NPP-375,BOM JESUS,SANTA CATARINA,Brasil,,,,Mata Atlântica,33,42,4202537,8,,222_079,3.0,POINT(-52.36206 -26.73051)
1815123910,971ef04d-687c-363a-85ad-4af78a4efb09,-50.96968,-29.58463,2026-04-22 17:17:00+00:00,2026-04-22,NPP-375,SAPIRANGA,RIO GRANDE DO SUL,Brasil,,,,Mata Atlântica,33,43,4319901,8,,221_080,1.9,POINT(-50.96968 -29.58463)
1815124632,34934c7c-99a2-327a-ae08-0cdd619d8e93,-50.57758,-29.15689,2026-04-22 17:17:00+00:00,2026-04-22,NPP-375,SÃO FRANCISCO DE PAULA,RIO GRANDE DO SUL,Brasil,,,,Mata Atlântica,33,43,4318200,8,,221_080,3.7,POINT(-50.57758 -29.15689)
1815125836,3ab85766-bdf7-3e77-9678-014c63289f89,-53.15817,-29.79703,2026-04-22 17:17:00+00:00,2026-04-22,NPP-375,PARAÍSO DO SUL,RIO GRANDE DO SUL,Brasil,,,,Mata Atlântica,33,43,4314027,8,,222_081,9.1,POINT(-53.15817 -29.79703)
1815124647,9d4c76a0-6713-349d-b677-f48218138c6a,-49.95206,-28.39421,2026-04-22 17:17:00+00:00,2026-04-22,NPP-375,SÃO JOAQUIM,SANTA CATARINA,Brasil,,,,Mata Atlântica,33,42,4216503,8,,220_080,4.2,POINT(-49.95206 -28.39421)
1815123708,f87056a5-daa1-33c5-9571-b7a9e3301c68,-50.21136,-26.96868,2026-04-22 17:17:00+00:00,2026-04-22,NPP-375,RIO DO CAMPO,SANTA CATARINA,Brasil,,,,Mata Atlântica,33,42,4214508,8,,221_079,3.6,POINT(-50.21136 -26.96868)
1815124654,88efaea4-bd6d-39a1-ba2f-a6296df152f6,-49.9731,-26.6071,2026-04-22 17:17:00+00:00,2026-04-22,NPP-375,SANTA TEREZINHA,SANTA CATARINA,Brasil,,,,Mata Atlântica,33,42,4215679,8,,221_078,2.4,POINT(-49.9731 -26.6071)
1815124169,51354331-b717-31e6-8694-f2fba1109326,-50.00805,-27.15169,2026-04-22 17:17:00+00:00,2026-04-22,NPP-375,TAIÓ,SANTA CATARINA,Brasil,,,,Mata Atlântica,33,42,4217808,8,,221_079,1.5,POINT(-50.00805 -27.15169)
1815124757,00921473-b4de-3933-886f-a14f1b0ce857,-49.99675,-27.40059,2026-04-22 17:17:00+00:00,2026-04-22,NPP-375,POUSO REDONDO,SANTA CATARINA,Brasil,,,,Mata Atlântica,33,42,4213708,8,,221_079,2.3,POINT(-49.99675 -27.40059)
1815123902,ce0b81a9-a1f5-3e84-baf2-ab5bc18c0422,-50.20787,-27.94688,2026-04-22 17:17:00+00:00,2026-04-22,NPP-375,LAGES,SANTA CATARINA,Brasil,,,,Mata Atlântica,33,42,4209300,8,,221_079,10.9,POINT(-50.20787 -27.94688)
1815123868,e9949e28-7aa4-3008-97f9-02eb8bc462d3,-48.98654,-25.98535,2026-04-22 17:17:00+00:00,2026-04-22,NPP-375,TIJUCAS DO SUL,PARANÁ,Brasil,,,,Mata Atlântica,33,41,4127601,8,,220_078,10.5,POINT(-48.98654 -25.98535)
1815124773,8e1a1241-1103-31e6-b15b-6d7933f96deb,-49.35372,-26.63515,2026-04-22 17:17:00+00:00,2026-04-22,NPP-375,RIO DOS CEDROS,SANTA CATARINA,Brasil,,,,Mata Atlântica,33,42,4214706,8,,220_078,0.1,POINT(-49.35372 -26.63515)
1815125841,c0528b9f-db8c-3db7-8001-d240ed5cc3fa,-49.75209,-26.79751,2026-04-22 17:17:00+00:00,2026-04-22,NPP-375,VITOR MEIRELES,SANTA CATARINA,Brasil,,,,Mata Atlântica,33,42,4219358,8,,221_078,3.2,POINT(-49.75209 -26.79751)
1815123801,5405a873-a551-360f-972f-c31eb7e6f8de,-51.17303,-26.30803,2026-04-22 17:17:00+00:00,2026-04-22,NPP-375,PORTO UNIÃO,SANTA CATARINA,Brasil,,,,Mata Atlântica,33,42,4213609,8,,222_078,2.6,POINT(-51.17303 -26.30803)
1815124823,5acca4b2-36d8-357c-9af1-17c22ec65071,-49.48468,-28.60155,2026-04-22 17:17:00+00:00,2026-04-22,NPP-375,SIDERÓPOLIS,SANTA CATARINA,Brasil,,,,Mata Atlântica,33,42,4217600,8,,220_080,1.6,POINT(-49.48468 -28.60155)
1815125862,7ca89797-2e42-3af5-8719-0cf61f99446a,-51.45911,-27.34831,2026-04-22 17:17:00+00:00,2026-04-22,NPP-375,CAMPOS NOVOS,SANTA CATARINA,Brasil,,,,Mata Atlântica,33,42,4203600,8,,222_079,18.7,POINT(-51.45911 -27.34831)
1815124848,67c9cb6a-8372-388f-a3ed-6921a2c6f8f6,-50.52073,-26.87605,2026-04-22 17:17:00+00:00,2026-04-22,NPP-375,SANTA CECÍLIA,SANTA CATARINA,Brasil,,,,Mata Atlântica,33,42,4215505,8,,221_079,6.0,POINT(-50.52073 -26.87605)
1815124867,5db1a944-74ea-33a5-85f5-05b1d5702bfe,-49.85452,-27.72353,2026-04-22 17:17:00+00:00,2026-04-22,NPP-375,BOCAINA DO SUL,SANTA CATARINA,Brasil,,,,Mata Atlântica,33,42,4202438,8,,220_079,7.5,POINT(-49.85452 -27.72353)
1815124879,0ad1fe7c-c1ad-3f2c-9ab5-fe7145fda8cb,-48.81529,-28.10162,2026-04-22 17:17:00+00:00,2026-04-22,NPP-375,IMARUÍ,SANTA CATARINA,Brasil,,,,Mata Atlântica,33,42,4207205,8,,220_079,2.3,POINT(-48.81529 -28.10162)
1815124936,c8d5646e-ef14-3083-89aa-8f8ceb4f6ded,-49.7187,-28.88662,2026-04-22 17:17:00+00:00,2026-04-22,NPP-375,TURVO,SANTA CATARINA,Brasil,,,,Mata Atlântica,33,42,4218806,8,,220_080,3.4,POINT(-49.7187 -28.88662)
1815124185,8a7fcc01-37d0-344e-9f5b-3a0aae98d250,-52.80748,-25.33686,2026-04-22 17:20:00+00:00,2026-04-22,NPP-375,ESPIGÃO ALTO DO IGUAÇU,PARANÁ,Brasil,,,,Mata Atlântica,33,41,4107546,8,,223_078,2.3,POINT(-52.80748 -25.33686)
1815123696,2d7a253f-d463-3ada-97b5-4964f757af49,-40.02101,-18.29533,2026-04-22 17:20:00+00:00,2026-04-22,NPP-375,PINHEIROS,ESPÍRITO SANTO,Brasil,,,,Mata Atlântica,33,32,3204104,8,,216_073,10.0,POINT(-40.02101 -18.29533)
1815123715,d6d5b8ea-b07c-370a-9eb1-e7c8cf003d33,-51.9282,-18.78411,2026-04-22 17:20:00+00:00,2026-04-22,NPP-375,APORÉ,GOIÁS,Brasil,,,,Cerrado,33,52,5201504,8,,223_073,20.4,POINT(-51.9282 -18.78411)
1815123728,326e63c1-5af9-305e-aab5-0c4781e611d0,-46.73877,-20.19356,2026-04-22 17:20:00+00:00,2026-04-22,NPP-375,SÃO ROQUE DE MINAS,MINAS GERAIS,Brasil,,,,Cerrado,33,31,3164308,8,,220_074,9.5,POINT(-46.73877 -20.19356)
1815123792,626e8b4b-f1a0-3306-ac02-f324453a339f,-51.92352,-23.12121,2026-04-22 17:20:00+00:00,2026-04-22,NPP-375,FLÓRIDA,PARANÁ,Brasil,,,,Mata Atlântica,33,41,4108106,8,,222_076,3.4,POINT(-51.92352 -23.12121)
1815123812,23f2e7fa-1d12-33e8-8678-3bb414e25aa1,-41.24052,-20.49391,2026-04-22 17:20:00+00:00,2026-04-22,NPP-375,CONCEIÇÃO DO CASTELO,ESPÍRITO SANTO,Brasil,,,,Mata Atlântica,33,32,3201704,8,,216_074,11.0,POINT(-41.24052 -20.49391)
1815123849,ccd84b62-31eb-3426-8c53-72ac2124fd3f,-51.25606,-25.85995,2026-04-22 17:20:00+00:00,2026-04-22,NPP-375,CRUZ MACHADO,PARANÁ,Brasil,,,,Mata Atlântica,33,41,4106803,8,,222_078,28.6,POINT(-51.25606 -25.85995)
1815123863,d334fcad-fd12-308e-9ef1-3ea7395d902f,-46.78523,-20.23523,2026-04-22 17:20:00+00:00,2026-04-22,NPP-375,DELFINÓPOLIS,MINAS GERAIS,Brasil,,,,Cerrado,33,31,3121209,8,,220_074,30.2,POINT(-46.78523 -20.23523)
1815123947,1b938dfa-b514-321a-bda7-60afe49d934e,-41.0142,-17.73953,2026-04-22 17:20:00+00:00,2026-04-22,NPP-375,CARLOS CHAGAS,MINAS GERAIS,Brasil,,,,Mata Atlântica,33,31,3113701,8,,216_072,1.3,POINT(-41.0142 -17.73953)
1815123993,22313a71-1a08-378d-a06a-228ee3f28d77,-42.39391,-22.05117,2026-04-22 17:20:00+00:00,2026-04-22,NPP-375,CORDEIRO,RIO DE JANEIRO,Brasil,,,,Mata Atlântica,33,33,3301504,8,,216_075,3.5,POINT(-42.39391 -22.05117)
1815123996,f3ed13b6-4efc-361e-a5f6-3ddd0d3ff9b2,-52.5892,-23.75986,2026-04-22 17:20:00+00:00,2026-04-22,NPP-375,CIANORTE,PARANÁ,Brasil,,,,Mata Atlântica,33,41,4105508,8,,223_076,3.3,POINT(-52.5892 -23.75986)
1815124028,b2ddc902-b62b-3c47-9d42-e39607b9aa72,-51.25592,-25.86058,2026-04-22 17:20:00+00:00,2026-04-22,NPP-375,CRUZ MACHADO,PARANÁ,Brasil,,,,Mata Atlântica,33,41,4106803,8,,222_078,24.1,POINT(-51.25592 -25.86058)
1815124046,5f2ae2c0-c637-3d1e-84a1-26ba24d844c6,-51.07762,-24.95442,2026-04-22 17:20:00+00:00,2026-04-22,NPP-375,PRUDENTÓPOLIS,PARANÁ,Brasil,,,,Mata Atlântica,33,41,4120606,8,,222_077,14.1,POINT(-51.07762 -24.95442)
1815124054,a2249def-2b56-3504-b986-c58c71a998ef,-40.02302,-18.29734,2026-04-22 17:20:00+00:00,2026-04-22,NPP-375,PINHEIROS,ESPÍRITO SANTO,Brasil,,,,Mata Atlântica,33,32,3204104,8,,216_073,3.9,POINT(-40.02302 -18.29734)
1815124083,4ce1c256-ce5f-341e-b790-c59cdee71fa8,-50.78078,-25.59765,2026-04-22 17:20:00+00:00,2026-04-22,NPP-375,REBOUÇAS,PARANÁ,Brasil,,,,Mata Atlântica,33,41,4121505,8,,221_078,2.5,POINT(-50.78078 -25.59765)
1815124095,e11db36d-1dea-38cd-a3fe-d6d2808f335d,-51.93217,-18.78476,2026-04-22 17:20:00+00:00,2026-04-22,NPP-375,APORÉ,GOIÁS,Brasil,,,,Cerrado,33,52,5201504,8,,223_073,6.3,POINT(-51.93217 -18.78476)
1815124103,58fd4944-eb7c-3a8c-9735-f73a0b3382ae,-44.30424,-17.23424,2026-04-22 17:20:00+00:00,2026-04-22,NPP-375,CLARO DOS POÇÕES,MINAS GERAIS,Brasil,,,,Cerrado,33,31,3116506,8,,218_072,2.5,POINT(-44.30424 -17.23424)
1815124119,cb6662a9-2b7a-3c94-a5dc-1796e19ace60,-54.92656,-22.57487,2026-04-22 17:20:00+00:00,2026-04-22,NPP-375,CAARAPÓ,MATO GROSSO DO SUL,Brasil,,,,Mata Atlântica,33,50,5002407,8,,225_076,2.5,POINT(-54.92656 -22.57487)
1815124156,8ae2769d-9dd6-3b11-991c-fdb2b515af5d,-50.05093,-25.34161,2026-04-22 17:20:00+00:00,2026-04-22,NPP-375,PALMEIRA,PARANÁ,Brasil,,,,Mata Atlântica,33,41,4117701,8,,221_078,3.5,POINT(-50.05093 -25.34161)
1815124189,b78fa5c4-2758-3690-b598-71566718f797,-56.59806,-19.44219,2026-04-22 17:20:00+00:00,2026-04-22,NPP-375,CORUMBÁ,MATO GROSSO DO SUL,Brasil,,,,Pantanal,33,50,5003207,8,,226_073,7.9,POINT(-56.59806 -19.44219)
1815124197,6f967d09-ad41-3764-a712-193f1edccf6b,-51.91968,-23.12059,2026-04-22 17:20:00+00:00,2026-04-22,NPP-375,FLÓRIDA,PARANÁ,Brasil,,,,Mata Atlântica,33,41,4108106,8,,222_076,9.3,POINT(-51.91968 -23.12059)
1815124254,48f3bc43-73c9-3471-a5e3-42747642d05c,-46.77002,-20.20439,2026-04-22 17:20:00+00:00,2026-04-22,NPP-375,SÃO ROQUE DE MINAS,MINAS GERAIS,Brasil,,,,Cerrado,33,31,3164308,8,,220_074,11.0,POINT(-46.77002 -20.20439)
1815124260,ebb539f8-0667-3022-b70b-fea9af5cb5e0,-56.59499,-19.43454,2026-04-22 17:20:00+00:00,2026-04-22,NPP-375,CORUMBÁ,MATO GROSSO DO SUL,Brasil,,,,Pantanal,33,50,5003207,8,,226_073,11.0,POINT(-56.59499 -19.43454)
1815124273,f3ae0983-7014-3513-87a4-914337690eff,-44.76464,-19.23647,2026-04-22 17:20:00+00:00,2026-04-22,NPP-375,POMPÉU,MINAS GERAIS,Brasil,,,,Cerrado,33,31,3152006,8,,218_073,3.1,POINT(-44.76464 -19.23647)
1815124312,e0fffb5f-59de-3348-af8c-ea4877fa038b,-53.77393,-23.38551,2026-04-22 17:20:00+00:00,2026-04-22,NPP-375,ALTO PARAÍSO,PARANÁ,Brasil,,,,Mata Atlântica,33,41,4128625,8,,224_076,4.8,POINT(-53.77393 -23.38551)
1815124345,a05c91c0-dadc-3cdf-9bdf-c5588b01afb5,-49.40316,-25.17136,2026-04-22 17:20:00+00:00,2026-04-22,NPP-375,RIO BRANCO DO SUL,PARANÁ,Brasil,,,,Mata Atlântica,33,41,4122206,8,,221_077,2.5,POINT(-49.40316 -25.17136)
1815124355,2eca4f0f-70d7-3fd9-b9ec-3fad0c54bf8b,-56.60638,-19.44333,2026-04-22 17:20:00+00:00,2026-04-22,NPP-375,CORUMBÁ,MATO GROSSO DO SUL,Brasil,,,,Pantanal,33,50,5003207,8,,226_073,13.0,POINT(-56.60638 -19.44333)
1815124387,37a38b64-64fa-3146-a1ec-305056db7c25,-49.19882,-24.23296,2026-04-22 17:20:00+00:00,2026-04-22,NPP-375,ITARARÉ,SÃO PAULO,Brasil,,,,Cerrado,33,35,3523206,8,,221_077,4.8,POINT(-49.19882 -24.23296)
1815124400,5ad06c4f-fe22-3b69-988d-27e03f72909f,-50.94387,-24.80316,2026-04-22 17:20:00+00:00,2026-04-22,NPP-375,RESERVA,PARANÁ,Brasil,,,,Mata Atlântica,33,41,4121703,8,,222_077,3.4,POINT(-50.94387 -24.80316)
1815124403,8497f69c-12d2-30f3-9133-89b7d695cad0,-49.63675,-24.95455,2026-04-22 17:20:00+00:00,2026-04-22,NPP-375,CASTRO,PARANÁ,Brasil,,,,Mata Atlântica,33,41,4104907,8,,221_077,3.5,POINT(-49.63675 -24.95455)
1815124409,4cd73743-1363-3d2f-a9ac-971c33a15350,-50.04674,-25.34089,2026-04-22 17:20:00+00:00,2026-04-22,NPP-375,PALMEIRA,PARANÁ,Brasil,,,,Mata Atlântica,33,41,4117701,8,,221_078,3.5,POINT(-50.04674 -25.34089)
1815124447,98d17010-c406-3d84-aed9-57b7b0e882d4,-51.83744,-23.03021,2026-04-22 17:20:00+00:00,2026-04-22,NPP-375,SANTA FÉ,PARANÁ,Brasil,,,,Mata Atlântica,33,41,4123402,8,,222_076,2.4,POINT(-51.83744 -23.03021)
1815124494,cffc032b-1d1d-3f71-b903-5668efa758ec,-53.66531,-23.65178,2026-04-22 17:20:00+00:00,2026-04-22,NPP-375,ALTO PARAÍSO,PARANÁ,Brasil,,,,Mata Atlântica,33,41,4128625,8,,224_076,4.0,POINT(-53.66531 -23.65178)
1815124541,2bf8d370-8be0-36c2-90d5-6da9744895bb,-52.47599,-24.78575,2026-04-22 17:20:00+00:00,2026-04-22,NPP-375,LARANJAL,PARANÁ,Brasil,,,,Mata Atlântica,33,41,4113254,8,,223_077,4.4,POINT(-52.47599 -24.78575)
1815124554,bd839e72-0231-3a75-b7af-8195255def73,-54.92256,-22.62338,2026-04-22 17:20:00+00:00,2026-04-22,NPP-375,CAARAPÓ,MATO GROSSO DO SUL,Brasil,,,,Mata Atlântica,33,50,5002407,8,,225_076,4.8,POINT(-54.92256 -22.62338)
1815124567,ef2f1a8e-92ab-3348-b59f-47f1032b5f7c,-52.0768,-25.02752,2026-04-22 17:20:00+00:00,2026-04-22,NPP-375,GOIOXIM,PARANÁ,Brasil,,,,Mata Atlântica,33,41,4108650,8,,222_077,5.2,POINT(-52.0768 -25.02752)
1815124575,2ef4733f-2cd9-3192-b1cb-f70b8c1133cc,-52.02578,-24.8172,2026-04-22 17:20:00+00:00,2026-04-22,NPP-375,SANTA MARIA DO OESTE,PARANÁ,Brasil,,,,Mata Atlântica,33,41,4123857,8,,222_077,4.2,POINT(-52.02578 -24.8172)
1815124596,d29d7ff8-048d-37ec-b90b-5e2eda0aa2fd,-56.60529,-19.45041,2026-04-22 17:20:00+00:00,2026-04-22,NPP-375,CORUMBÁ,MATO GROSSO DO SUL,Brasil,,,,Pantanal,33,50,5003207,8,,226_073,8.9,POINT(-56.60529 -19.45041)
1815124619,4c7240e7-57e5-369d-a386-37b4ef9cbe71,-46.60483,-21.40809,2026-04-22 17:20:00+00:00,2026-04-22,NPP-375,MUZAMBINHO,MINAS GERAIS,Brasil,,,,Mata Atlântica,33,31,3144102,8,,219_075,3.7,POINT(-46.60483 -21.40809)
1815124631,2352d543-244c-3045-9aa3-55e77a1758dc,-53.17947,-25.02796,2026-04-22 17:20:00+00:00,2026-04-22,NPP-375,CASCAVEL,PARANÁ,Brasil,,,,Mata Atlântica,33,41,4104808,8,,223_077,5.6,POINT(-53.17947 -25.02796)
1815124660,e338af7a-1761-3417-8072-4b6f0687d1b6,-51.29082,-25.47118,2026-04-22 17:20:00+00:00,2026-04-22,NPP-375,GUARAPUAVA,PARANÁ,Brasil,,,,Mata Atlântica,33,41,4109401,8,,222_078,3.6,POINT(-51.29082 -25.47118)
1815124677,9a8cacba-878f-3e32-932f-a31434a062d1,-49.24623,-25.22665,2026-04-22 17:20:00+00:00,2026-04-22,NPP-375,RIO BRANCO DO SUL,PARANÁ,Brasil,,,,Mata Atlântica,33,41,4122206,8,,220_078,2.2,POINT(-49.24623 -25.22665)
1815124708,9a75f4be-adf4-3674-b013-53e37f8b59f3,-56.60059,-19.45338,2026-04-22 17:20:00+00:00,2026-04-22,NPP-375,CORUMBÁ,MATO GROSSO DO SUL,Brasil,,,,Pantanal,33,50,5003207,8,,226_073,8.9,POINT(-56.60059 -19.45338)
1815124737,c5634f80-d959-39ce-a59b-f90d28770535,-56.59029,-19.43751,2026-04-22 17:20:00+00:00,2026-04-22,NPP-375,CORUMBÁ,MATO GROSSO DO SUL,Brasil,,,,Pantanal,33,50,5003207,8,,226_073,3.6,POINT(-56.59029 -19.43751)
1815124756,65efed9f-f09c-352d-9193-7d0f51500b3d,-45.98414,-20.59967,2026-04-22 17:20:00+00:00,2026-04-22,NPP-375,CAPITÓLIO,MINAS GERAIS,Brasil,,,,Cerrado,33,31,3112802,8,,219_074,4.3,POINT(-45.98414 -20.59967)
1815124782,567a6f51-feeb-3b5a-8c18-c2013c15f7a6,-49.44284,-25.88083,2026-04-22 17:20:00+00:00,2026-04-22,NPP-375,QUITANDINHA,PARANÁ,Brasil,,,,Mata Atlântica,33,41,4121208,8,,220_078,3.1,POINT(-49.44284 -25.88083)
1815124784,ab9e0b2c-c6d6-30e5-b813-20c5bc36d257,-43.89871,-17.2928,2026-04-22 17:20:00+00:00,2026-04-22,NPP-375,ENGENHEIRO NAVARRO,MINAS GERAIS,Brasil,,,,Cerrado,33,31,3123809,8,,218_072,4.0,POINT(-43.89871 -17.2928)
1815124843,a22cf043-8609-33f5-8506-5bc1a97b1287,-49.63169,-24.95733,2026-04-22 17:20:00+00:00,2026-04-22,NPP-375,CASTRO,PARANÁ,Brasil,,,,Mata Atlântica,33,41,4104907,8,,221_077,32.3,POINT(-49.63169 -24.95733)
1815124892,d9da90ba-8fff-3299-99f6-06cb2cec2a0d,-51.22765,-22.90689,2026-04-22 17:20:00+00:00,2026-04-22,NPP-375,ALVORADA DO SUL,PARANÁ,Brasil,,,,Mata Atlântica,33,41,4100806,8,,222_076,2.7,POINT(-51.22765 -22.90689)
1815124925,0a510c01-ca40-3741-8358-4a4b16f6eae1,-53.01184,-20.24017,2026-04-22 17:20:00+00:00,2026-04-22,NPP-375,ÁGUA CLARA,MATO GROSSO DO SUL,Brasil,,,,Cerrado,33,50,5000203,8,,224_074,2.9,POINT(-53.01184 -20.24017)
1815124942,1286a51e-2595-3ae1-8f54-39e454b80f28,-51.12679,-23.3758,2026-04-22 17:20:00+00:00,2026-04-22,NPP-375,LONDRINA,PARANÁ,Brasil,,,,Mata Atlântica,33,41,4113700,8,,222_076,1.7,POINT(-51.12679 -23.3758)
1815124947,86c51239-5d58-3a3f-8237-4171fe92ae06,-54.92311,-22.61995,2026-04-22 17:20:00+00:00,2026-04-22,NPP-375,CAARAPÓ,MATO GROSSO DO SUL,Brasil,,,,Mata Atlântica,33,50,5002407,8,,225_076,2.9,POINT(-54.92311 -22.61995)
1815124966,95073edf-6969-3b1b-b083-753eef1680b8,-51.34044,-19.69036,2026-04-22 17:20:00+00:00,2026-04-22,NPP-375,PARANAÍBA,MATO GROSSO DO SUL,Brasil,,,,Cerrado,33,50,5006309,8,,223_074,2.3,POINT(-51.34044 -19.69036)
1815124971,421f276e-394d-33ff-a173-838da89875e1,-49.27992,-25.26599,2026-04-22 17:20:00+00:00,2026-04-22,NPP-375,ALMIRANTE TAMANDARÉ,PARANÁ,Brasil,,,,Mata Atlântica,33,41,4100400,8,,220_078,11.1,POINT(-49.27992 -25.26599)
1815125009,fd5dff6b-7cef-38c1-8721-57b756715640,-56.60222,-19.44276,2026-04-22 17:20:00+00:00,2026-04-22,NPP-375,CORUMBÁ,MATO GROSSO DO SUL,Brasil,,,,Pantanal,33,50,5003207,8,,226_073,13.0,POINT(-56.60222 -19.44276)
1815125011,867f1334-7ad8-329f-8a69-9e3bf73dbfb7,-56.60168,-19.4463,2026-04-22 17:20:00+00:00,2026-04-22,NPP-375,CORUMBÁ,MATO GROSSO DO SUL,Brasil,,,,Pantanal,33,50,5003207,8,,226_073,13.0,POINT(-56.60168 -19.4463)
1815125014,4d1f989a-9874-3b35-812f-e07e98c78008,-41.98382,-21.7709,2026-04-22 17:20:00+00:00,2026-04-22,NPP-375,SÃO SEBASTIÃO DO ALTO,RIO DE JANEIRO,Brasil,,,,Mata Atlântica,33,33,3305307,8,,216_075,0.3,POINT(-41.98382 -21.7709)
1815125021,e6718f15-64bc-3608-b46c-f365aa082ccd,-48.95766,-24.37841,2026-04-22 17:20:00+00:00,2026-04-22,NPP-375,APIAÍ,SÃO PAULO,Brasil,,,,Mata Atlântica,33,35,3502705,8,,220_077,5.0,POINT(-48.95766 -24.37841)
1815125022,9b7f5cff-9dbc-3503-9631-d1388aba7b33,-50.82989,-24.84011,2026-04-22 17:20:00+00:00,2026-04-22,NPP-375,TIBAGI,PARANÁ,Brasil,,,,Mata Atlântica,33,41,4127502,8,,222_077,11.4,POINT(-50.82989 -24.84011)
1815125086,d040a785-ec09-31ef-b1d0-2b2769f4d41b,-52.27557,-23.17366,2026-04-22 17:20:00+00:00,2026-04-22,NPP-375,ALTO PARANÁ,PARANÁ,Brasil,,,,Mata Atlântica,33,41,4100608,8,,223_076,4.9,POINT(-52.27557 -23.17366)
1815125111,a99f69e4-e771-31d5-b25d-a6b3249e6439,-39.92409,-18.89003,2026-04-22 17:20:00+00:00,2026-04-22,NPP-375,SÃO MATEUS,ESPÍRITO SANTO,Brasil,,,,Mata Atlântica,33,32,3204906,8,,215_073,8.5,POINT(-39.92409 -18.89003)
1815125142,9509ba39-bed8-3711-95f6-905f3b4c748f,-46.79048,-20.23162,2026-04-22 17:20:00+00:00,2026-04-22,NPP-375,DELFINÓPOLIS,MINAS GERAIS,Brasil,,,,Cerrado,33,31,3121209,8,,220_074,14.8,POINT(-46.79048 -20.23162)
1815125145,dab570e6-7ba0-3911-9255-671cc4443f8b,-47.0254,-22.06218,2026-04-22 17:20:00+00:00,2026-04-22,NPP-375,AGUAÍ,SÃO PAULO,Brasil,,,,Cerrado,33,35,3500303,8,,219_075,3.6,POINT(-47.0254 -22.06218)
1815125162,5d11fa65-1599-39e0-9cf7-ad371572d510,-41.23522,-20.49637,2026-04-22 17:20:00+00:00,2026-04-22,NPP-375,CASTELO,ESPÍRITO SANTO,Brasil,,,,Mata Atlântica,33,32,3201407,8,,216_074,4.6,POINT(-41.23522 -20.49637)
1815125163,e6443dec-6b41-32f1-b145-7c18419a026a,-46.60021,-21.40719,2026-04-22 17:20:00+00:00,2026-04-22,NPP-375,MUZAMBINHO,MINAS GERAIS,Brasil,,,,Mata Atlântica,33,31,3144102,8,,219_075,5.4,POINT(-46.60021 -21.40719)
1815125182,6e2dc091-624d-32bb-9a9c-f26a9d9b0688,-49.77987,-19.70718,2026-04-22 17:20:00+00:00,2026-04-22,NPP-375,SÃO FRANCISCO DE SALES,MINAS GERAIS,Brasil,,,,Cerrado,33,31,3161304,8,,222_074,3.9,POINT(-49.77987 -19.70718)
1815125202,fb2b1c9a-f57e-3b9c-8153-6287cd14c3b9,-43.49614,-20.55115,2026-04-22 17:20:00+00:00,2026-04-22,NPP-375,OURO PRETO,MINAS GERAIS,Brasil,,,,Mata Atlântica,33,31,3146107,8,,217_074,3.7,POINT(-43.49614 -20.55115)
1815125213,33bea586-93c5-3425-99c9-ba85917ba00a,-51.34107,-19.68685,2026-04-22 17:20:00+00:00,2026-04-22,NPP-375,PARANAÍBA,MATO GROSSO DO SUL,Brasil,,,,Cerrado,33,50,5006309,8,,223_074,3.3,POINT(-51.34107 -19.68685)
1815125273,69707bee-6612-330d-b674-1bce8f4f6c6d,-52.06718,-25.83799,2026-04-22 17:20:00+00:00,2026-04-22,NPP-375,RESERVA DO IGUAÇU,PARANÁ,Brasil,,,,Mata Atlântica,33,41,4121752,8,,222_078,2.8,POINT(-52.06718 -25.83799)
1815125328,bef4f827-3000-34bd-9cb8-ecf8a7eacee3,-44.30054,-17.23346,2026-04-22 17:20:00+00:00,2026-04-22,NPP-375,CLARO DOS POÇÕES,MINAS GERAIS,Brasil,,,,Cerrado,33,31,3116506,8,,218_072,2.5,POINT(-44.30054 -17.23346)
1815125340,78475ea0-8a05-3b46-9988-c8be8f00cb88,-50.81879,-24.91566,2026-04-22 17:20:00+00:00,2026-04-22,NPP-375,IVAÍ,PARANÁ,Brasil,,,,Mata Atlântica,33,41,4111407,8,,221_077,40.7,POINT(-50.81879 -24.91566)
1815125359,f733cc30-886c-3074-8cf8-e9faa5a142a6,-52.02197,-24.8166,2026-04-22 17:20:00+00:00,2026-04-22,NPP-375,SANTA MARIA DO OESTE,PARANÁ,Brasil,,,,Mata Atlântica,33,41,4123857,8,,222_077,5.7,POINT(-52.02197 -24.8166)
1815125384,f0de5944-b076-3e13-bdc8-d4642f84dd3a,-45.31677,-22.14877,2026-04-22 17:20:00+00:00,2026-04-22,NPP-375,CRISTINA,MINAS GERAIS,Brasil,,,,Mata Atlântica,33,31,3120508,8,,218_075,2.2,POINT(-45.31677 -22.14877)
1815125398,0ec5ff37-5e5a-38b1-9d19-1303a84e3481,-52.22717,-26.31903,2026-04-22 17:20:00+00:00,2026-04-22,NPP-375,CLEVELÂNDIA,PARANÁ,Brasil,,,,Mata Atlântica,33,41,4105706,8,,222_078,26.9,POINT(-52.22717 -26.31903)
1815125404,f31d4f6e-2a77-343e-ade6-b01ebb2115f8,-42.69683,-18.2269,2026-04-22 17:20:00+00:00,2026-04-22,NPP-375,SÃO JOSÉ DO JACURI,MINAS GERAIS,Brasil,,,,Mata Atlântica,33,31,3163508,8,,217_073,11.4,POINT(-42.69683 -18.2269)
1815125408,a66a1a9e-31c5-3933-a97a-8bca8b1f7646,-54.92366,-22.61652,2026-04-22 17:20:00+00:00,2026-04-22,NPP-375,CAARAPÓ,MATO GROSSO DO SUL,Brasil,,,,Mata Atlântica,33,50,5002407,8,,225_076,2.9,POINT(-54.92366 -22.61652)
1815125417,5d1e954a-9c2e-3362-bb6f-7061d59da34e,-48.9669,-24.76093,2026-04-22 17:20:00+00:00,2026-04-22,NPP-375,ADRIANÓPOLIS,PARANÁ,Brasil,,,,Mata Atlântica,33,41,4100202,8,,220_077,7.5,POINT(-48.9669 -24.76093)
1815125421,4192dccb-ee74-3bf7-a360-6c5fa276f604,-42.3898,-22.05025,2026-04-22 17:20:00+00:00,2026-04-22,NPP-375,CORDEIRO,RIO DE JANEIRO,Brasil,,,,Mata Atlântica,33,33,3301504,8,,216_075,3.5,POINT(-42.3898 -22.05025)
1815125442,3e5a854f-af6e-34f7-8a97-5559d31c8d02,-44.76125,-19.23575,2026-04-22 17:20:00+00:00,2026-04-22,NPP-375,POMPÉU,MINAS GERAIS,Brasil,,,,Cerrado,33,31,3152006,8,,218_073,3.1,POINT(-44.76125 -19.23575)
1815125479,fff2a586-98f9-3b18-9cd5-2509aa77f3c5,-42.69685,-18.22495,2026-04-22 17:20:00+00:00,2026-04-22,NPP-375,SÃO JOSÉ DO JACURI,MINAS GERAIS,Brasil,,,,Mata Atlântica,33,31,3163508,8,,217_073,9.5,POINT(-42.69685 -18.22495)
1815125484,b6683a54-3308-3577-aae5-88ec71f09c58,-50.81809,-24.91907,2026-04-22 17:20:00+00:00,2026-04-22,NPP-375,IVAÍ,PARANÁ,Brasil,,,,Mata Atlântica,33,41,4111407,8,,221_077,43.7,POINT(-50.81809 -24.91907)
1815125491,5f75abe8-61bf-35a1-8932-a08667b6c3f6,-49.58449,-25.86874,2026-04-22 17:20:00+00:00,2026-04-22,NPP-375,QUITANDINHA,PARANÁ,Brasil,,,,Mata Atlântica,33,41,4121208,8,,221_078,2.3,POINT(-49.58449 -25.86874)
1815125534,023c0a6e-cdb7-365b-820f-5b5ea5e73d24,-46.74078,-20.20327,2026-04-22 17:20:00+00:00,2026-04-22,NPP-375,SÃO ROQUE DE MINAS,MINAS GERAIS,Brasil,,,,Cerrado,33,31,3164308,8,,220_074,8.2,POINT(-46.74078 -20.20327)
1815125545,aee22b1b-7dd5-32fe-9d2c-caab53365220,-54.92708,-22.62051,2026-04-22 17:20:00+00:00,2026-04-22,NPP-375,CAARAPÓ,MATO GROSSO DO SUL,Brasil,,,,Mata Atlântica,33,50,5002407,8,,225_076,2.9,POINT(-54.92708 -22.62051)
1815125577,5d8ea1e3-d8f8-35b7-aac5-ac8423790ac1,-49.01682,-25.21958,2026-04-22 17:20:00+00:00,2026-04-22,NPP-375,BOCAIÚVA DO SUL,PARANÁ,Brasil,,,,Mata Atlântica,33,41,4103107,8,,220_078,3.0,POINT(-49.01682 -25.21958)
1815125583,a99c0ed7-5a73-3d70-a476-531c5291380d,-56.6033,-19.43568,2026-04-22 17:20:00+00:00,2026-04-22,NPP-375,CORUMBÁ,MATO GROSSO DO SUL,Brasil,,,,Pantanal,33,50,5003207,8,,226_073,8.6,POINT(-56.6033 -19.43568)
1815125628,54a0f1e0-2b91-3ea0-8a17-b95b50cbe41a,-50.86157,-25.87654,2026-04-22 17:20:00+00:00,2026-04-22,NPP-375,MALLET,PARANÁ,Brasil,,,,Mata Atlântica,33,41,4113908,8,,221_078,2.5,POINT(-50.86157 -25.87654)
1815125652,33717a7f-fce3-370e-901e-f31e933cd720,-49.6323,-24.95376,2026-04-22 17:20:00+00:00,2026-04-22,NPP-375,CASTRO,PARANÁ,Brasil,,,,Mata Atlântica,33,41,4104907,8,,221_077,5.4,POINT(-49.6323 -24.95376)
1815125657,cea4cdd0-8850-39ba-a378-db18c3694281,-49.77657,-19.69881,2026-04-22 17:20:00+00:00,2026-04-22,NPP-375,SÃO FRANCISCO DE SALES,MINAS GERAIS,Brasil,,,,Cerrado,33,31,3161304,8,,222_074,4.7,POINT(-49.77657 -19.69881)
1815125667,7c65ecae-126a-3ef3-9e1e-c2eb0966433b,-56.60692,-19.43979,2026-04-22 17:20:00+00:00,2026-04-22,NPP-375,CORUMBÁ,MATO GROSSO DO SUL,Brasil,,,,Pantanal,33,50,5003207,8,,226_073,8.6,POINT(-56.60692 -19.43979)
1815125699,2f0cd62e-025f-357a-93df-941329bfd051,-51.37396,-23.87791,2026-04-22 17:20:00+00:00,2026-04-22,NPP-375,FAXINAL,PARANÁ,Brasil,,,,Mata Atlântica,33,41,4107603,8,,222_077,2.8,POINT(-51.37396 -23.87791)
1815125714,40dfc443-4bf4-3132-a2fb-229aef8ad14f,-52.04265,-23.0745,2026-04-22 17:20:00+00:00,2026-04-22,NPP-375,ATALAIA,PARANÁ,Brasil,,,,Mata Atlântica,33,41,4102208,8,,223_076,2.1,POINT(-52.04265 -23.0745)
1815125720,d899a1c9-4336-320a-8320-cc793962781b,-56.59282,-19.44869,2026-04-22 17:20:00+00:00,2026-04-22,NPP-375,CORUMBÁ,MATO GROSSO DO SUL,Brasil,,,,Pantanal,33,50,5003207,8,,226_073,10.6,POINT(-56.59282 -19.44869)
1815125733,479c8492-a615-371d-82c7-974e1a9dc61c,-49.99804,-25.14782,2026-04-22 17:20:00+00:00,2026-04-22,NPP-375,PONTA GROSSA,PARANÁ,Brasil,,,,Mata Atlântica,33,41,4119905,8,,221_077,1.9,POINT(-49.99804 -25.14782)
1815125789,52448a43-1076-3ef7-8ad8-56ea48ff099d,-39.92923,-18.89212,2026-04-22 17:20:00+00:00,2026-04-22,NPP-375,SÃO MATEUS,ESPÍRITO SANTO,Brasil,,,,Mata Atlântica,33,32,3204906,8,,215_073,7.0,POINT(-39.92923 -18.89212)
1815125818,4dfb9d4e-2112-38b0-a07d-848cb851f773,-47.17028,-23.93853,2026-04-22 17:20:00+00:00,2026-04-22,NPP-375,JUQUITIBA,SÃO PAULO,Brasil,,,,Mata Atlântica,33,35,3526209,8,,219_077,3.5,POINT(-47.17028 -23.93853)
1815125831,944c08bf-59e3-3782-b211-5f106301dc00,-56.59969,-19.43157,2026-04-22 17:20:00+00:00,2026-04-22,NPP-375,CORUMBÁ,MATO GROSSO DO SUL,Brasil,,,,Pantanal,33,50,5003207,8,,226_073,6.3,POINT(-56.59969 -19.43157)
1815125861,4ca5d28d-0121-3d94-a4f0-ef327000881a,-46.78865,-20.24053,2026-04-22 17:20:00+00:00,2026-04-22,NPP-375,DELFINÓPOLIS,MINAS GERAIS,Brasil,,,,Cerrado,33,31,3121209,8,,220_074,12.1,POINT(-46.78865 -20.24053)
1815125880,8198963c-2301-3072-9308-080e8b52fd46,-49.37583,-24.81865,2026-04-22 17:20:00+00:00,2026-04-22,NPP-375,CERRO AZUL,PARANÁ,Brasil,,,,Mata Atlântica,33,41,4105201,8,,221_077,3.0,POINT(-49.37583 -24.81865)
1815125887,18cccc94-b401-350a-a45b-2e925fe80fb6,-50.88071,-26.19781,2026-04-22 17:20:00+00:00,2026-04-22,NPP-375,PAULA FREITAS,PARANÁ,Brasil,,,,Mata Atlântica,33,41,4118600,8,,221_078,13.1,POINT(-50.88071 -26.19781)
1815125915,6e80ad7b-9efa-3932-a0ec-a3c7450700f7,-45.98529,-20.59505,2026-04-22 17:20:00+00:00,2026-04-22,NPP-375,CAPITÓLIO,MINAS GERAIS,Brasil,,,,Cerrado,33,31,3112802,8,,219_074,4.3,POINT(-45.98529 -20.59505)
1815125925,9c0ad15d-3594-318b-b5c4-fb8880d781cc,-50.91463,-25.06036,2026-04-22 17:20:00+00:00,2026-04-22,NPP-375,IVAÍ,PARANÁ,Brasil,,,,Mata Atlântica,33,41,4111407,8,,222_077,1.4,POINT(-50.91463 -25.06036)
1815125954,a00d1c7f-65e3-36cb-96a6-1d3eac360c31,-50.27279,-25.49852,2026-04-22 17:20:00+00:00,2026-04-22,NPP-375,PALMEIRA,PARANÁ,Brasil,,,,Mata Atlântica,33,41,4117701,8,,221_078,7.4,POINT(-50.27279 -25.49852)
1815125973,e723b636-ccd0-3afb-9dfe-40a350e947b1,-49.63552,-24.96167,2026-04-22 17:20:00+00:00,2026-04-22,NPP-375,CASTRO,PARANÁ,Brasil,,,,Mata Atlântica,33,41,4104907,8,,221_077,70.1,POINT(-49.63552 -24.96167)
1815125982,55f0f988-5910-3cc8-9f0f-65ed91138415,-51.34663,-19.706,2026-04-22 17:20:00+00:00,2026-04-22,NPP-375,PARANAÍBA,MATO GROSSO DO SUL,Brasil,,,,Cerrado,33,50,5006309,8,,223_074,2.5,POINT(-51.34663 -19.706)
1815125996,c5316f25-8f83-317b-8144-5949f866eeb7,-50.83389,-24.84077,2026-04-22 17:20:00+00:00,2026-04-22,NPP-375,TIBAGI,PARANÁ,Brasil,,,,Mata Atlântica,33,41,4127502,8,,222_077,11.4,POINT(-50.83389 -24.84077)
1815126015,6cf6617e-a315-32a0-a412-6e67a16b9bb5,-49.40628,-25.72594,2026-04-22 17:20:00+00:00,2026-04-22,NPP-375,ARAUCÁRIA,PARANÁ,Brasil,,,,Mata Atlântica,33,41,4101804,8,,220_078,7.3,POINT(-49.40628 -25.72594)
1815126022,0344e495-6a1a-30ca-aa2b-52cf620d2cfe,-51.246,-25.93174,2026-04-22 17:20:00+00:00,2026-04-22,NPP-375,CRUZ MACHADO,PARANÁ,Brasil,,,,Mata Atlântica,33,41,4106803,8,,222_078,2.2,POINT(-51.246 -25.93174)
1815126031,4b361329-6bde-33a2-914a-7f0d62aa47d4,-51.86866,-23.41625,2026-04-22 17:20:00+00:00,2026-04-22,NPP-375,SARANDI,PARANÁ,Brasil,,,,Mata Atlântica,33,41,4126256,8,,222_076,7.5,POINT(-51.86866 -23.41625)
1815126033,6fb0f0cc-dbf8-3d79-bbef-c9ea6a627848,-52.80688,-25.34021,2026-04-22 17:20:00+00:00,2026-04-22,NPP-375,ESPIGÃO ALTO DO IGUAÇU,PARANÁ,Brasil,,,,Mata Atlântica,33,41,4107546,8,,223_078,2.4,POINT(-52.80688 -25.34021)
1815126051,6e191279-59d9-3691-8591-0d877f861b3f,-56.60276,-19.43922,2026-04-22 17:20:00+00:00,2026-04-22,NPP-375,CORUMBÁ,MATO GROSSO DO SUL,Brasil,,,,Pantanal,33,50,5003207,8,,226_073,8.6,POINT(-56.60276 -19.43922)
1815126052,c773b2ee-1ff4-3cb5-ac2e-566b86805a48,-56.60584,-19.44687,2026-04-22 17:20:00+00:00,2026-04-22,NPP-375,CORUMBÁ,MATO GROSSO DO SUL,Brasil,,,,Pantanal,33,50,5003207,8,,226_073,13.0,POINT(-56.60584 -19.44687)
1815126068,76b0ee88-b6f6-3592-a53e-b29f1dc00294,-49.73821,-25.41763,2026-04-22 17:20:00+00:00,2026-04-22,NPP-375,BALSA NOVA,PARANÁ,Brasil,,,,Mata Atlântica,33,41,4102307,8,,221_078,4.6,POINT(-49.73821 -25.41763)
1815126069,cb23eafb-c2e3-3e18-8690-2ac9a9c5312d,-40.02765,-18.29692,2026-04-22 17:20:00+00:00,2026-04-22,NPP-375,PINHEIROS,ESPÍRITO SANTO,Brasil,,,,Mata Atlântica,33,32,3204104,8,,216_073,3.6,POINT(-40.02765 -18.29692)
1815126075,0d3331de-3722-3571-afc7-b6c183bd9278,-41.23759,-20.49038,2026-04-22 17:20:00+00:00,2026-04-22,NPP-375,CONCEIÇÃO DO CASTELO,ESPÍRITO SANTO,Brasil,,,,Mata Atlântica,33,32,3201704,8,,216_074,8.2,POINT(-41.23759 -20.49038)
1815126087,7dc823ff-a95d-3e95-b8ea-b0afd6f66de9,-52.69501,-22.96809,2026-04-22 17:20:00+00:00,2026-04-22,NPP-375,GUAIRAÇÁ,PARANÁ,Brasil,,,,Mata Atlântica,33,41,4108908,8,,223_076,33.4,POINT(-52.69501 -22.96809)
1815126097,c34e4bae-9c6d-3138-b42a-1748a67f16c3,-56.58974,-19.44105,2026-04-22 17:20:00+00:00,2026-04-22,NPP-375,CORUMBÁ,MATO GROSSO DO SUL,Brasil,,,,Pantanal,33,50,5003207,8,,226_073,9.7,POINT(-56.58974 -19.44105)
1815126174,847f97a0-579e-3c1b-9bcb-1b94af41c2cd,-50.95512,-25.2734,2026-04-22 17:20:00+00:00,2026-04-22,NPP-375,PRUDENTÓPOLIS,PARANÁ,Brasil,,,,Mata Atlântica,33,41,4120606,8,,222_077,3.4,POINT(-50.95512 -25.2734)
1815126206,3a963007-cefa-3e0e-a3e4-dcb85c157e6a,-47.02584,-22.05991,2026-04-22 17:20:00+00:00,2026-04-22,NPP-375,AGUAÍ,SÃO PAULO,Brasil,,,,Cerrado,33,35,3500303,8,,219_075,3.1,POINT(-47.02584 -22.05991)
1815126216,8025d188-97e0-3d2d-aca7-7bb92066de71,-49.02742,-24.39073,2026-04-22 17:20:00+00:00,2026-04-22,NPP-375,BARRA DO CHAPÉU,SÃO PAULO,Brasil,,,,Mata Atlântica,33,35,3505351,8,,220_077,2.0,POINT(-49.02742 -24.39073)
1815126233,523285bf-db85-39e6-8db6-fc38bb72a33f,-51.83732,-23.03102,2026-04-22 17:20:00+00:00,2026-04-22,NPP-375,SANTA FÉ,PARANÁ,Brasil,,,,Mata Atlântica,33,41,4123402,8,,222_076,3.2,POINT(-51.83732 -23.03102)
1815126302,d9abcbab-3b3f-33c8-a321-2b183f2bbd75,-54.63639,-22.70369,2026-04-22 17:20:00+00:00,2026-04-22,NPP-375,JUTI,MATO GROSSO DO SUL,Brasil,,,,Mata Atlântica,33,50,5005152,8,,224_076,2.8,POINT(-54.63639 -22.70369)
1815126313,44472820-f8e3-3b22-b215-ef1c0384238e,-52.89465,-21.92467,2026-04-22 17:20:00+00:00,2026-04-22,NPP-375,ANAURILÂNDIA,MATO GROSSO DO SUL,Brasil,,,,Cerrado,33,50,5000807,8,,223_075,2.5,POINT(-52.89465 -21.92467)
1815126335,bb7f9eb9-e488-3d76-b572-28181d16638b,-56.59643,-19.4528,2026-04-22 17:20:00+00:00,2026-04-22,NPP-375,CORUMBÁ,MATO GROSSO DO SUL,Brasil,,,,Pantanal,33,50,5003207,8,,226_073,10.6,POINT(-56.59643 -19.4528)
1815126369,f87f8e97-f89d-304d-9b97-5f5fbfac6e10,-51.85464,-23.44865,2026-04-22 17:20:00+00:00,2026-04-22,NPP-375,SARANDI,PARANÁ,Brasil,,,,Mata Atlântica,33,41,4126256,8,,222_076,4.4,POINT(-51.85464 -23.44865)
1815126381,c2810a08-627c-318a-b78d-90227855a314,-49.77505,-19.70633,2026-04-22 17:20:00+00:00,2026-04-22,NPP-375,SÃO FRANCISCO DE SALES,MINAS GERAIS,Brasil,,,,Cerrado,33,31,3161304,8,,222_074,9.2,POINT(-49.77505 -19.70633)
1815126391,3b115fbe-74bc-336a-b4d2-7153addd7b37,-54.92762,-22.61709,2026-04-22 17:20:00+00:00,2026-04-22,NPP-375,CAARAPÓ,MATO GROSSO DO SUL,Brasil,,,,Mata Atlântica,33,50,5002407,8,,225_076,2.9,POINT(-54.92762 -22.61709)
1815125557,bad9ae2a-bbc6-3ebb-9f3a-6287b5054d31,-47.49365,-13.48876,2026-04-22 17:22:00+00:00,2026-04-22,NPP-375,CAVALCANTE,GOIÁS,Brasil,,,,Cerrado,33,52,5205307,8,,221_069,4.4,POINT(-47.49365 -13.48876)
1815125554,bb18c7f6-5aea-310e-bb41-e3da8c2d507e,-54.76381,-12.50063,2026-04-22 17:22:00+00:00,2026-04-22,NPP-375,FELIZ NATAL,MATO GROSSO,Brasil,,,,Amazônia,33,51,5103700,8,,226_069,6.5,POINT(-54.76381 -12.50063)
1815125531,128f7746-7204-3eab-afad-a2ac17e38387,-43.66381,-11.77936,2026-04-22 17:22:00+00:00,2026-04-22,NPP-375,BARRA,BAHIA,Brasil,,,,Cerrado,33,29,2902708,8,,219_068,7.8,POINT(-43.66381 -11.77936)
1815124304,1a83fd56-bab2-3a8b-8f2a-1f51d588b1c7,-43.66109,-11.7834,2026-04-22 17:22:00+00:00,2026-04-22,NPP-375,BARRA,BAHIA,Brasil,,,,Cerrado,33,29,2902708,8,,219_068,5.7,POINT(-43.66109 -11.7834)
1815125526,1951c319-a67f-304b-826e-4da4063e4258,-45.3238,-13.37812,2026-04-22 17:22:00+00:00,2026-04-22,NPP-375,CORRENTINA,BAHIA,Brasil,,,,Cerrado,33,29,2909307,8,,220_069,19.6,POINT(-45.3238 -13.37812)
1815125776,33142a81-9287-38eb-93eb-bf0d5bfc6ed8,-45.47754,-12.55206,2026-04-22 17:22:00+00:00,2026-04-22,NPP-375,SÃO DESIDÉRIO,BAHIA,Brasil,,,,Cerrado,33,29,2928901,8,,220_069,19.9,POINT(-45.47754 -12.55206)
1815125775,a59ba651-3045-3337-bd8c-2116321495ab,-43.65434,-11.77082,2026-04-22 17:22:00+00:00,2026-04-22,NPP-375,BARRA,BAHIA,Brasil,,,,Cerrado,33,29,2902708,8,,219_068,10.3,POINT(-43.65434 -11.77082)
1815124760,70aec735-6f7b-3e4a-9511-3bdfbcf25d99,-48.0488,-15.77708,2026-04-22 17:22:00+00:00,2026-04-22,NPP-375,BRASÍLIA,DISTRITO FEDERAL,Brasil,,,,Cerrado,33,53,5300108,8,,221_071,4.3,POINT(-48.0488 -15.77708)
1815125772,da64ae83-0718-37ab-af0e-a57f96779855,-54.76794,-12.49784,2026-04-22 17:22:00+00:00,2026-04-22,NPP-375,FELIZ NATAL,MATO GROSSO,Brasil,,,,Amazônia,33,51,5103700,8,,226_069,10.8,POINT(-54.76794 -12.49784)
1815124766,cc6b1e57-f874-3ca4-9bd7-2c826c4a9e83,-57.00286,-12.13612,2026-04-22 17:22:00+00:00,2026-04-22,NPP-375,ITANHANGÁ,MATO GROSSO,Brasil,,,,Amazônia,33,51,5104542,8,,227_068,7.7,POINT(-57.00286 -12.13612)
1815125770,4fcf2b5c-02c4-33f3-b5b1-d6de69cbe5a4,-54.67813,-12.99337,2026-04-22 17:22:00+00:00,2026-04-22,NPP-375,NOVA UBIRATÃ,MATO GROSSO,Brasil,,,,Amazônia,33,51,5106240,8,,226_069,9.9,POINT(-54.67813 -12.99337)
1815125768,bfa72b78-67fc-3fc5-9a32-1097fcc28139,-54.67759,-12.99672,2026-04-22 17:22:00+00:00,2026-04-22,NPP-375,NOVA UBIRATÃ,MATO GROSSO,Brasil,,,,Amazônia,33,51,5106240,8,,226_069,9.9,POINT(-54.67759 -12.99672)
1815125761,7db0272f-72b2-3a70-b666-c9275d316568,-46.80612,-11.24901,2026-04-22 17:22:00+00:00,2026-04-22,NPP-375,RIO DA CONCEIÇÃO,TOCANTINS,Brasil,,,,Cerrado,33,17,1718659,8,,221_068,3.2,POINT(-46.80612 -11.24901)
1815124783,939f9826-2118-3073-bc8c-de1937ac6f93,-45.32245,-13.37962,2026-04-22 17:22:00+00:00,2026-04-22,NPP-375,CORRENTINA,BAHIA,Brasil,,,,Cerrado,33,29,2909307,8,,220_069,14.4,POINT(-45.32245 -13.37962)
1815125711,0d14853d-e117-376f-989e-eee5d25c817e,-45.96622,-16.11644,2026-04-22 17:22:00+00:00,2026-04-22,NPP-375,RIACHINHO,MINAS GERAIS,Brasil,,,,Cerrado,33,31,3154457,8,,220_071,3.9,POINT(-45.96622 -16.11644)
1815124121,9c8a39f0-612e-3167-96df-d0ebe235bd5c,-47.76984,-12.02835,2026-04-22 17:22:00+00:00,2026-04-22,NPP-375,NATIVIDADE,TOCANTINS,Brasil,,,,Cerrado,33,17,1714203,8,,221_068,12.2,POINT(-47.76984 -12.02835)
1815124803,49ee15a9-4a9d-33c3-a673-ffe0855e7456,-43.84173,-11.97481,2026-04-22 17:22:00+00:00,2026-04-22,NPP-375,WANDERLEY,BAHIA,Brasil,,,,Cerrado,33,29,2933455,8,,219_068,7.3,POINT(-43.84173 -11.97481)
1815124108,b56f2b0b-f2ac-30af-b232-3c460a082e6b,-45.6902,-16.97211,2026-04-22 17:22:00+00:00,2026-04-22,NPP-375,BRASILÂNDIA DE MINAS,MINAS GERAIS,Brasil,,,,Cerrado,33,31,3108552,8,,219_072,2.2,POINT(-45.6902 -16.97211)
1815125685,2e9bb3b2-f0e1-3bcf-abc0-fb29d5029455,-45.48517,-12.55358,2026-04-22 17:22:00+00:00,2026-04-22,NPP-375,SÃO DESIDÉRIO,BAHIA,Brasil,,,,Cerrado,33,29,2928901,8,,220_069,20.4,POINT(-45.48517 -12.55358)
1815125609,2216d146-d82b-38de-a11a-d6511f11cb78,-51.06497,-15.40148,2026-04-22 17:22:00+00:00,2026-04-22,NPP-375,BRITÂNIA,GOIÁS,Brasil,,,,Cerrado,33,52,5203807,8,,223_071,6.7,POINT(-51.06497 -15.40148)
1815125589,98d69007-5932-3a07-867a-db871d5464eb,-45.32131,-13.38518,2026-04-22 17:22:00+00:00,2026-04-22,NPP-375,CORRENTINA,BAHIA,Brasil,,,,Cerrado,33,29,2909307,8,,220_069,15.9,POINT(-45.32131 -13.38518)
1815124838,41832da7-a5f8-304a-a053-4f4a51414402,-56.30773,-18.89925,2026-04-22 17:22:00+00:00,2026-04-22,NPP-375,CORUMBÁ,MATO GROSSO DO SUL,Brasil,,,,Pantanal,33,50,5003207,8,,226_073,3.8,POINT(-56.30773 -18.89925)
1815125572,9932671b-1f3e-3578-bb44-603f0212f0b6,-52.80669,-17.34143,2026-04-22 17:22:00+00:00,2026-04-22,NPP-375,MINEIROS,GOIÁS,Brasil,,,,Cerrado,33,52,5213103,8,,224_072,3.0,POINT(-52.80669 -17.34143)
1815125570,115e68f3-7007-39c8-b028-28f980c51ab9,-49.7118,-11.84261,2026-04-22 17:22:00+00:00,2026-04-22,NPP-375,FORMOSO DO ARAGUAIA,TOCANTINS,Brasil,,,,Cerrado,33,17,1708205,8,,223_068,6.3,POINT(-49.7118 -11.84261)
1815124856,5ff88ea8-e6d1-341a-9f0c-85e5c092672b,-45.96314,-16.11584,2026-04-22 17:22:00+00:00,2026-04-22,NPP-375,RIACHINHO,MINAS GERAIS,Brasil,,,,Cerrado,33,31,3154457,8,,220_071,3.9,POINT(-45.96314 -16.11584)
1815125485,2cc17d15-4ec3-30f2-80b8-5e01bbb4d12a,-56.68753,-15.75187,2026-04-22 17:22:00+00:00,2026-04-22,NPP-375,NOSSA SENHORA DO LIVRAMENTO,MATO GROSSO,Brasil,,,,Cerrado,33,51,5106109,8,,227_071,3.3,POINT(-56.68753 -15.75187)
1815125481,8dd7df77-7d92-3f18-aa9c-c8cb8ce44974,-47.48985,-13.4909,2026-04-22 17:22:00+00:00,2026-04-22,NPP-375,CAVALCANTE,GOIÁS,Brasil,,,,Cerrado,33,52,5205307,8,,221_069,17.2,POINT(-47.48985 -13.4909)
1815125473,469952e2-477f-306f-a389-bdb454de9806,-44.18889,-12.24005,2026-04-22 17:22:00+00:00,2026-04-22,NPP-375,CRISTÓPOLIS,BAHIA,Brasil,,,,Cerrado,33,29,2909703,8,,219_068,5.4,POINT(-44.18889 -12.24005)
1815125467,7e832dfe-3c69-3165-9519-3930283589ce,-48.84455,-13.119,2026-04-22 17:22:00+00:00,2026-04-22,NPP-375,MONTIVIDIU DO NORTE,GOIÁS,Brasil,,,,Cerrado,33,52,5213772,8,,222_069,15.0,POINT(-48.84455 -13.119)
1815125439,72484ab1-17b9-338e-86eb-85e30bcbf762,-56.29918,-18.90161,2026-04-22 17:22:00+00:00,2026-04-22,NPP-375,CORUMBÁ,MATO GROSSO DO SUL,Brasil,,,,Pantanal,33,50,5003207,8,,226_073,5.0,POINT(-56.29918 -18.90161)
1815123963,f9f753c2-2185-3df7-aa90-e5f42917be71,-43.65688,-11.77598,2026-04-22 17:22:00+00:00,2026-04-22,NPP-375,BARRA,BAHIA,Brasil,,,,Cerrado,33,29,2902708,8,,219_068,8.9,POINT(-43.65688 -11.77598)
1815125418,e0e5bddc-9896-3dd5-a767-fd15967fed25,-56.69133,-15.75243,2026-04-22 17:22:00+00:00,2026-04-22,NPP-375,NOSSA SENHORA DO LIVRAMENTO,MATO GROSSO,Brasil,,,,Cerrado,33,51,5106109,8,,227_071,3.3,POINT(-56.69133 -15.75243)
1815125400,a2057b58-267a-3d57-82be-6b98d764a02a,-45.32757,-13.37888,2026-04-22 17:22:00+00:00,2026-04-22,NPP-375,CORRENTINA,BAHIA,Brasil,,,,Cerrado,33,29,2909307,8,,220_069,19.6,POINT(-45.32757 -13.37888)
1815125389,7c159710-b596-3a87-8dc1-07f49fbfbc21,-43.64624,-11.77388,2026-04-22 17:22:00+00:00,2026-04-22,NPP-375,BARRA,BAHIA,Brasil,,,,Cerrado,33,29,2902708,8,,219_068,12.5,POINT(-43.64624 -11.77388)
1815124318,8280307c-d308-3706-a41f-e63bb0cfbb7c,-55.93338,-18.58837,2026-04-22 17:22:00+00:00,2026-04-22,NPP-375,CORUMBÁ,MATO GROSSO DO SUL,Brasil,,,,Pantanal,33,50,5003207,8,,226_073,4.0,POINT(-55.93338 -18.58837)
1815124956,7967a563-4068-3704-937e-152cd9140a03,-47.58863,-15.19149,2026-04-22 17:22:00+00:00,2026-04-22,NPP-375,PLANALTINA,GOIÁS,Brasil,,,,Cerrado,33,52,5217609,8,,221_070,5.0,POINT(-47.58863 -15.19149)
1815125369,25e28f8c-e079-3101-92df-154852942154,-56.63102,-13.99646,2026-04-22 17:22:00+00:00,2026-04-22,NPP-375,DIAMANTINO,MATO GROSSO,Brasil,,,,Cerrado,33,51,5103502,8,,227_070,4.6,POINT(-56.63102 -13.99646)
1815125329,a0ed0efd-8727-3f84-964c-75fbe34d4f03,-52.66916,-17.81166,2026-04-22 17:22:00+00:00,2026-04-22,NPP-375,MINEIROS,GOIÁS,Brasil,,,,Cerrado,33,52,5213103,8,,224_072,3.2,POINT(-52.66916 -17.81166)
1815125304,415e15a0-6632-30f5-b336-2f35d379a52d,-57.17556,-12.30816,2026-04-22 17:22:00+00:00,2026-04-22,NPP-375,NOVA MARINGÁ,MATO GROSSO,Brasil,,,,Amazônia,33,51,5108907,8,,227_069,29.0,POINT(-57.17556 -12.30816)
1815125290,7eb8b07c-e852-3ac2-8a7d-7d2e7f315375,-55.9295,-18.58782,2026-04-22 17:22:00+00:00,2026-04-22,NPP-375,CORUMBÁ,MATO GROSSO DO SUL,Brasil,,,,Pantanal,33,50,5003207,8,,226_073,4.0,POINT(-55.9295 -18.58782)
1815125231,d768bcfd-6352-3ee8-9ad7-ca7eaa347b98,-43.65156,-11.77493,2026-04-22 17:22:00+00:00,2026-04-22,NPP-375,BARRA,BAHIA,Brasil,,,,Cerrado,33,29,2902708,8,,219_068,12.5,POINT(-43.65156 -11.77493)
1815125228,f22dba39-b707-392f-9e17-0a49d0a8f1c1,-53.29775,-18.55451,2026-04-22 17:22:00+00:00,2026-04-22,NPP-375,COSTA RICA,MATO GROSSO DO SUL,Brasil,,,,Cerrado,33,50,5003256,8,,224_073,6.0,POINT(-53.29775 -18.55451)
1815125193,dca3d32d-1361-3e33-8608-5ea4fedc8610,-46.53532,-15.85082,2026-04-22 17:22:00+00:00,2026-04-22,NPP-375,UNAÍ,MINAS GERAIS,Brasil,,,,Cerrado,33,31,3170404,8,,220_071,9.0,POINT(-46.53532 -15.85082)
1815125167,eb3876a4-e738-3dee-8019-1e70ef7ac81a,-55.60815,-15.09518,2026-04-22 17:22:00+00:00,2026-04-22,NPP-375,CHAPADA DOS GUIMARÃES,MATO GROSSO,Brasil,,,,Cerrado,33,51,5103007,8,,226_070,2.9,POINT(-55.60815 -15.09518)
1815125166,ec5be65e-ced5-3197-b4ea-b8fe371c433f,-56.6628,-13.98726,2026-04-22 17:22:00+00:00,2026-04-22,NPP-375,DIAMANTINO,MATO GROSSO,Brasil,,,,Cerrado,33,51,5103502,8,,227_070,8.9,POINT(-56.6628 -13.98726)
1815125052,36b96ff2-55b2-37be-9ab8-ae5c40367747,-47.76525,-12.02249,2026-04-22 17:22:00+00:00,2026-04-22,NPP-375,NATIVIDADE,TOCANTINS,Brasil,,,,Cerrado,33,17,1714203,8,,221_068,12.2,POINT(-47.76525 -12.02249)
1815125057,72ca2538-a377-351c-8871-693437b0b1d2,-43.6581,-11.76964,2026-04-22 17:22:00+00:00,2026-04-22,NPP-375,BARRA,BAHIA,Brasil,,,,Cerrado,33,29,2902708,8,,219_068,8.9,POINT(-43.6581 -11.76964)
1815125152,ac0e8263-f77e-309f-9a8d-ad0443236475,-43.65318,-11.77718,2026-04-22 17:22:00+00:00,2026-04-22,NPP-375,BARRA,BAHIA,Brasil,,,,Cerrado,33,29,2902708,8,,219_068,10.3,POINT(-43.65318 -11.77718)
1815125128,8e9d86d0-daf8-3741-b492-444bc8b77d8d,-52.80676,-17.34158,2026-04-22 17:22:00+00:00,2026-04-22,NPP-375,MINEIROS,GOIÁS,Brasil,,,,Cerrado,33,52,5213103,8,,224_072,3.9,POINT(-52.80676 -17.34158)
1815125092,a6af2542-7a2b-3f53-949d-c993a790ca10,-52.67234,-17.81568,2026-04-22 17:22:00+00:00,2026-04-22,NPP-375,MINEIROS,GOIÁS,Brasil,,,,Cerrado,33,52,5213103,8,,224_072,2.3,POINT(-52.67234 -17.81568)
1815125115,a6e7ce2d-f436-3411-8364-c0e255bfad5b,-51.43061,-18.40921,2026-04-22 17:22:00+00:00,2026-04-22,NPP-375,JATAÍ,GOIÁS,Brasil,,,,Cerrado,33,52,5211909,8,,223_073,4.3,POINT(-51.43061 -18.40921)
1815125106,3ecfc3e3-47f6-3548-ab40-641b0695bc8e,-57.42691,-14.19931,2026-04-22 17:22:00+00:00,2026-04-22,NPP-375,NOVA MARILÂNDIA,MATO GROSSO,Brasil,,,,Amazônia,33,51,5108857,8,,227_070,7.1,POINT(-57.42691 -14.19931)
1815123894,aa63d6a5-fa4d-3b45-bf59-d881355d7c01,-46.7953,-11.27419,2026-04-22 17:22:00+00:00,2026-04-22,NPP-375,RIO DA CONCEIÇÃO,TOCANTINS,Brasil,,,,Cerrado,33,17,1718659,8,,221_068,4.2,POINT(-46.7953 -11.27419)
1815123884,c331f44a-4da1-34e6-8589-bc1abfeccc9a,-55.92562,-18.58727,2026-04-22 17:22:00+00:00,2026-04-22,NPP-375,CORUMBÁ,MATO GROSSO DO SUL,Brasil,,,,Pantanal,33,50,5003207,8,,226_073,4.7,POINT(-55.92562 -18.58727)
1815123872,e8018fc1-03f7-36a2-8513-79cf5fc7cdef,-45.48029,-12.55841,2026-04-22 17:22:00+00:00,2026-04-22,NPP-375,SÃO DESIDÉRIO,BAHIA,Brasil,,,,Cerrado,33,29,2928901,8,,220_069,15.9,POINT(-45.48029 -12.55841)
1815124338,714d74c3-ca00-3fe4-bb8f-4fcb89b08c2f,-45.48409,-12.55917,2026-04-22 17:22:00+00:00,2026-04-22,NPP-375,SÃO DESIDÉRIO,BAHIA,Brasil,,,,Cerrado,33,29,2928901,8,,220_069,10.4,POINT(-45.48409 -12.55917)
1815123867,0d2d1d1a-7433-37fe-b704-2fd563eac036,-42.13497,-13.06531,2026-04-22 17:22:00+00:00,2026-04-22,NPP-375,RIO DO PIRES,BAHIA,Brasil,,,,Caatinga,33,29,2926905,8,,218_069,42.5,POINT(-42.13497 -13.06531)
1815124107,4f000e26-8224-3712-abf8-7de98e06a80a,-46.53983,-15.85681,2026-04-22 17:22:00+00:00,2026-04-22,NPP-375,UNAÍ,MINAS GERAIS,Brasil,,,,Cerrado,33,31,3170404,8,,220_071,15.8,POINT(-46.53983 -15.85681)
1815123847,700c7c8c-4d19-3d62-a3dd-231c44fd194e,-42.13229,-13.06563,2026-04-22 17:22:00+00:00,2026-04-22,NPP-375,RIO DO PIRES,BAHIA,Brasil,,,,Caatinga,33,29,2926905,8,,218_069,21.1,POINT(-42.13229 -13.06563)
1815123797,fbbd385d-4474-3521-93f4-c0294dd36870,-43.64215,-11.76647,2026-04-22 17:22:00+00:00,2026-04-22,NPP-375,BARRA,BAHIA,Brasil,,,,Cerrado,33,29,2902708,8,,219_068,17.1,POINT(-43.64215 -11.76647)
1815124102,9b71127d-0aa2-355f-beb2-e0dc4c97b4ba,-47.76869,-12.02525,2026-04-22 17:22:00+00:00,2026-04-22,NPP-375,NATIVIDADE,TOCANTINS,Brasil,,,,Cerrado,33,17,1714203,8,,221_068,13.1,POINT(-47.76869 -12.02525)
1815124168,4c31e3ff-2eaa-3a8a-aef8-31d9862426d5,-45.96463,-16.11352,2026-04-22 17:22:00+00:00,2026-04-22,NPP-375,RIACHINHO,MINAS GERAIS,Brasil,,,,Cerrado,33,31,3154457,8,,220_071,7.0,POINT(-45.96463 -16.11352)
1815123789,571dc727-6222-35f1-8b7b-971915f1e501,-54.57199,-11.57744,2026-04-22 17:22:00+00:00,2026-04-22,NPP-375,UNIÃO DO SUL,MATO GROSSO,Brasil,,,,Amazônia,33,51,5108303,8,,226_068,1.8,POINT(-54.57199 -11.57744)
1815124357,11f710d5-1cf1-3eed-833b-375c2f718429,-55.67835,-13.68821,2026-04-22 17:22:00+00:00,2026-04-22,NPP-375,NOVA MUTUM,MATO GROSSO,Brasil,,,,Cerrado,33,51,5106224,8,,226_070,7.6,POINT(-55.67835 -13.68821)
1815123732,c938167e-a237-398d-89e4-6e2f07a40509,-48.32654,-13.07611,2026-04-22 17:22:00+00:00,2026-04-22,NPP-375,PALMEIRÓPOLIS,TOCANTINS,Brasil,,,,Cerrado,33,17,1715754,8,,222_069,19.3,POINT(-48.32654 -13.07611)
1815124365,50075325-d83f-3ad0-97f3-b71dec05350b,-46.79077,-11.27879,2026-04-22 17:22:00+00:00,2026-04-22,NPP-375,RIO DA CONCEIÇÃO,TOCANTINS,Brasil,,,,Cerrado,33,17,1718659,8,,221_068,4.2,POINT(-46.79077 -11.27879)
1815124372,aeba3ed1-3d17-3b79-9915-81ab2c799ba7,-43.54952,-16.31355,2026-04-22 17:22:00+00:00,2026-04-22,NPP-375,FRANCISCO SÁ,MINAS GERAIS,Brasil,,,,Cerrado,33,31,3126703,8,,218_071,5.8,POINT(-43.54952 -16.31355)
1815124056,12efb239-cf95-3d36-810d-b9b2148e2900,-54.76022,-12.50007,2026-04-22 17:22:00+00:00,2026-04-22,NPP-375,FELIZ NATAL,MATO GROSSO,Brasil,,,,Amazônia,33,51,5103700,8,,226_069,6.5,POINT(-54.76022 -12.50007)
1815124380,c40cd6ed-9ce7-3ab2-b4f6-d2b7048182d6,-45.32004,-13.37735,2026-04-22 17:22:00+00:00,2026-04-22,NPP-375,CORRENTINA,BAHIA,Brasil,,,,Cerrado,33,29,2909307,8,,220_069,32.7,POINT(-45.32004 -13.37735)
1815124383,de18d972-1569-374e-90ff-111bc4a46e44,-43.62302,-13.78025,2026-04-22 17:22:00+00:00,2026-04-22,NPP-375,SERRA DO RAMALHO,BAHIA,Brasil,,,,Cerrado,33,29,2930154,8,,219_069,10.5,POINT(-43.62302 -13.78025)
1815123699,5619768f-804b-3f04-ac90-70c9f8ba73c1,-56.30719,-18.90274,2026-04-22 17:22:00+00:00,2026-04-22,NPP-375,CORUMBÁ,MATO GROSSO DO SUL,Brasil,,,,Pantanal,33,50,5003207,8,,226_073,3.8,POINT(-56.30719 -18.90274)
1815123693,0b41d5d6-e17d-3c46-b133-d3c9f20f3f83,-57.42644,-14.2028,2026-04-22 17:22:00+00:00,2026-04-22,NPP-375,NOVA MARILÂNDIA,MATO GROSSO,Brasil,,,,Amazônia,33,51,5108857,8,,227_070,7.7,POINT(-57.42644 -14.2028)
1815124401,bac5c654-e4a1-3c26-b4ff-3645e587abb4,-47.7708,-12.02349,2026-04-22 17:22:00+00:00,2026-04-22,NPP-375,NATIVIDADE,TOCANTINS,Brasil,,,,Cerrado,33,17,1714203,8,,221_068,12.2,POINT(-47.7708 -12.02349)
1815123676,f08af344-fd3e-3589-92ec-e08d0a8539f6,-47.49285,-13.4936,2026-04-22 17:22:00+00:00,2026-04-22,NPP-375,CAVALCANTE,GOIÁS,Brasil,,,,Cerrado,33,52,5205307,8,,221_069,13.3,POINT(-47.49285 -13.4936)
1815126396,1a3893cb-8de7-3293-a490-f0d3ca811d4a,-43.64494,-11.76229,2026-04-22 17:22:00+00:00,2026-04-22,NPP-375,BARRA,BAHIA,Brasil,,,,Cerrado,33,29,2902708,8,,219_068,8.1,POINT(-43.64494 -11.76229)
1815126366,b05458c7-04e0-31ea-b856-a17819b78620,-52.81062,-16.50381,2026-04-22 17:22:00+00:00,2026-04-22,NPP-375,RIBEIRÃOZINHO,MATO GROSSO,Brasil,,,,Cerrado,33,51,5107198,8,,224_071,6.0,POINT(-52.81062 -16.50381)
1815124411,99ca5ef4-1264-3ac9-927f-71cf7842712a,-54.68227,-12.99058,2026-04-22 17:22:00+00:00,2026-04-22,NPP-375,NOVA UBIRATÃ,MATO GROSSO,Brasil,,,,Amazônia,33,51,5106240,8,,226_069,2.4,POINT(-54.68227 -12.99058)
1815124423,7fd4bcd0-3904-3380-876b-e6766470a2ac,-45.47852,-12.56037,2026-04-22 17:22:00+00:00,2026-04-22,NPP-375,SÃO DESIDÉRIO,BAHIA,Brasil,,,,Cerrado,33,29,2928901,8,,220_069,27.6,POINT(-45.47852 -12.56037)
1815124425,0f1fec57-bb48-31fd-ac60-5391c9e278d0,-45.48451,-12.54992,2026-04-22 17:22:00+00:00,2026-04-22,NPP-375,SÃO DESIDÉRIO,BAHIA,Brasil,,,,Cerrado,33,29,2928901,8,,220_069,5.1,POINT(-45.48451 -12.54992)
1815124178,174bbd7d-8051-380a-ad7b-e96cf33e4d42,-47.76962,-12.0204,2026-04-22 17:22:00+00:00,2026-04-22,NPP-375,NATIVIDADE,TOCANTINS,Brasil,,,,Cerrado,33,17,1714203,8,,221_068,13.1,POINT(-47.76962 -12.0204)
1815126350,d6ac243a-8d9e-3a46-83d5-afb58e63ed3f,-54.77077,-12.35063,2026-04-22 17:22:00+00:00,2026-04-22,NPP-375,FELIZ NATAL,MATO GROSSO,Brasil,,,,Amazônia,33,51,5103700,8,,226_069,2.7,POINT(-54.77077 -12.35063)
1815124153,fd26cfb3-c5ed-348d-82a7-6a0ceaf73e1c,-44.04768,-13.43887,2026-04-22 17:22:00+00:00,2026-04-22,NPP-375,SÃO FÉLIX DO CORIBE,BAHIA,Brasil,,,,Cerrado,33,29,2929057,8,,219_069,7.5,POINT(-44.04768 -13.43887)
1815124453,0f9beeaf-ec62-3e99-b369-b7cf8a1a7731,-44.04807,-13.43805,2026-04-22 17:22:00+00:00,2026-04-22,NPP-375,SÃO FÉLIX DO CORIBE,BAHIA,Brasil,,,,Cerrado,33,29,2929057,8,,219_069,4.9,POINT(-44.04807 -13.43805)
1815124151,93e44c9d-2c3a-3186-a357-537cc9cb8718,-45.34034,-12.05073,2026-04-22 17:22:00+00:00,2026-04-22,NPP-375,BARREIRAS,BAHIA,Brasil,,,,Cerrado,33,29,2903201,8,,220_068,6.2,POINT(-45.34034 -12.05073)
1815124183,2204c661-dc6b-3c97-863d-0df7a144e0dd,-46.78442,-11.23948,2026-04-22 17:22:00+00:00,2026-04-22,NPP-375,RIO DA CONCEIÇÃO,TOCANTINS,Brasil,,,,Cerrado,33,17,1718659,8,,221_068,2.7,POINT(-46.78442 -11.23948)
1815124467,be8c12e7-9876-3da0-b4c3-05976cccac0b,-46.79528,-11.23608,2026-04-22 17:22:00+00:00,2026-04-22,NPP-375,RIO DA CONCEIÇÃO,TOCANTINS,Brasil,,,,Cerrado,33,17,1718659,8,,221_068,7.9,POINT(-46.79528 -11.23608)
1815126333,7551bb11-148d-3e7e-9065-637e58d0e260,-48.32174,-13.07523,2026-04-22 17:22:00+00:00,2026-04-22,NPP-375,PALMEIRÓPOLIS,TOCANTINS,Brasil,,,,Cerrado,33,17,1715754,8,,222_069,19.3,POINT(-48.32174 -13.07523)
1815124482,2b917fe1-2b6c-3f71-95e8-0e35cc141374,-45.33001,-13.38109,2026-04-22 17:22:00+00:00,2026-04-22,NPP-375,CORRENTINA,BAHIA,Brasil,,,,Cerrado,33,29,2909307,8,,220_069,12.6,POINT(-45.33001 -13.38109)
1815126322,f58113c3-6d98-3d87-bcf9-4174e2544e56,-45.48342,-12.55551,2026-04-22 17:22:00+00:00,2026-04-22,NPP-375,SÃO DESIDÉRIO,BAHIA,Brasil,,,,Cerrado,33,29,2928901,8,,220_069,39.0,POINT(-45.48342 -12.55551)
1815126294,9275b24e-c094-3227-9e2e-82bd19e69ac9,-57.17927,-12.3087,2026-04-22 17:22:00+00:00,2026-04-22,NPP-375,NOVA MARINGÁ,MATO GROSSO,Brasil,,,,Amazônia,33,51,5108907,8,,227_069,29.0,POINT(-57.17927 -12.3087)
1815126270,abb449c3-c563-3381-8926-f3fcca98897d,-51.9579,-17.71684,2026-04-22 17:22:00+00:00,2026-04-22,NPP-375,JATAÍ,GOIÁS,Brasil,,,,Cerrado,33,52,5211909,8,,223_072,5.4,POINT(-51.9579 -17.71684)
1815124529,cb1b7d9b-9276-3e87-bb88-db1ae5ad0ca4,-46.79744,-11.24193,2026-04-22 17:22:00+00:00,2026-04-22,NPP-375,RIO DA CONCEIÇÃO,TOCANTINS,Brasil,,,,Cerrado,33,17,1718659,8,,221_068,16.8,POINT(-46.79744 -11.24193)
1815124531,6fd20428-5d6d-351a-8331-b5f43d227143,-41.36572,-16.38149,2026-04-22 17:22:00+00:00,2026-04-22,NPP-375,JEQUITINHONHA,MINAS GERAIS,Brasil,,,,Mata Atlântica,33,31,3135803,8,,217_071,6.4,POINT(-41.36572 -16.38149)
1815126261,bc33b0ee-967e-3313-af64-7154d9d843c3,-47.19018,-13.0575,2026-04-22 17:22:00+00:00,2026-04-22,NPP-375,ARRAIAS,TOCANTINS,Brasil,,,,Cerrado,33,17,1702406,8,,221_069,4.2,POINT(-47.19018 -13.0575)
1815126259,263c46f5-7227-35d3-96ab-8fdb03f6679a,-47.75098,-17.14389,2026-04-22 17:22:00+00:00,2026-04-22,NPP-375,IPAMERI,GOIÁS,Brasil,,,,Cerrado,33,52,5210109,8,,221_072,15.4,POINT(-47.75098 -17.14389)
1815124543,73419bd5-f850-371d-8356-a26bf25c2072,-55.24979,-14.85591,2026-04-22 17:22:00+00:00,2026-04-22,NPP-375,CHAPADA DOS GUIMARÃES,MATO GROSSO,Brasil,,,,Cerrado,33,51,5103007,8,,226_070,3.7,POINT(-55.24979 -14.85591)
1815124544,81ab967f-462a-39df-bfc8-2a7db284e329,-49.42163,-11.76784,2026-04-22 17:22:00+00:00,2026-04-22,NPP-375,FORMOSO DO ARAGUAIA,TOCANTINS,Brasil,,,,Cerrado,33,17,1708205,8,,223_068,2.8,POINT(-49.42163 -11.76784)
1815124550,88e475f8-244c-3cb9-a4e3-7bd09f1457c0,-43.64254,-11.775,2026-04-22 17:22:00+00:00,2026-04-22,NPP-375,BARRA,BAHIA,Brasil,,,,Cerrado,33,29,2902708,8,,219_068,18.3,POINT(-43.64254 -11.775)
1815124134,98bd268c-e749-322f-b6d5-d82909e684db,-45.3251,-13.38592,2026-04-22 17:22:00+00:00,2026-04-22,NPP-375,CORRENTINA,BAHIA,Brasil,,,,Cerrado,33,29,2909307,8,,220_069,15.9,POINT(-45.3251 -13.38592)
1815126251,9ba8c3ed-bb9f-3221-93e0-e70b627033c5,-43.64376,-11.76865,2026-04-22 17:22:00+00:00,2026-04-22,NPP-375,BARRA,BAHIA,Brasil,,,,Cerrado,33,29,2902708,8,,219_068,18.3,POINT(-43.64376 -11.76865)
1815124558,34a7b9dc-00b3-3080-8261-96d4352e09cf,-46.79208,-11.27359,2026-04-22 17:22:00+00:00,2026-04-22,NPP-375,RIO DA CONCEIÇÃO,TOCANTINS,Brasil,,,,Cerrado,33,17,1718659,8,,221_068,4.2,POINT(-46.79208 -11.27359)
1815124563,8f59bc4c-78e1-384a-9032-b333352dd4eb,-46.5409,-15.85191,2026-04-22 17:22:00+00:00,2026-04-22,NPP-375,UNAÍ,MINAS GERAIS,Brasil,,,,Cerrado,33,31,3170404,8,,220_071,9.0,POINT(-46.5409 -15.85191)
1815124188,f6f8c7d8-672d-347b-9867-f5e069eaf990,-45.24452,-13.58566,2026-04-22 17:22:00+00:00,2026-04-22,NPP-375,CORRENTINA,BAHIA,Brasil,,,,Cerrado,33,29,2909307,8,,220_069,4.1,POINT(-45.24452 -13.58566)
1815126246,964ea976-8376-3f15-b18d-14a1394f8aeb,-43.64092,-11.77282,2026-04-22 17:22:00+00:00,2026-04-22,NPP-375,BARRA,BAHIA,Brasil,,,,Cerrado,33,29,2902708,8,,219_068,17.1,POINT(-43.64092 -11.77282)
1815126231,5fd566a7-08a1-3822-af5e-6b60f9feed1f,-46.79388,-13.4807,2026-04-22 17:22:00+00:00,2026-04-22,NPP-375,MONTE ALEGRE DE GOIÁS,GOIÁS,Brasil,,,,Cerrado,33,52,5213509,8,,221_069,2.9,POINT(-46.79388 -13.4807)
1815126199,32a30fe1-e24f-3376-8ec7-9c18b8ea0975,-42.1362,-13.06647,2026-04-22 17:22:00+00:00,2026-04-22,NPP-375,RIO DO PIRES,BAHIA,Brasil,,,,Caatinga,33,29,2926905,8,,218_069,21.1,POINT(-42.1362 -13.06647)
1815126198,f73e62cc-e7ac-35cd-b7e2-141813b459d1,-47.76723,-15.75663,2026-04-22 17:22:00+00:00,2026-04-22,NPP-375,BRASÍLIA,DISTRITO FEDERAL,Brasil,,,,Cerrado,33,53,5300108,8,,221_071,13.8,POINT(-47.76723 -15.75663)
1815126196,3f406353-733f-3d92-8110-1a5852997e02,-44.35759,-12.14177,2026-04-22 17:22:00+00:00,2026-04-22,NPP-375,CRISTÓPOLIS,BAHIA,Brasil,,,,Cerrado,33,29,2909703,8,,219_068,4.1,POINT(-44.35759 -12.14177)
1815124581,44f62157-14d8-34b6-ab6c-440826669859,-54.76435,-12.49728,2026-04-22 17:22:00+00:00,2026-04-22,NPP-375,FELIZ NATAL,MATO GROSSO,Brasil,,,,Amazônia,33,51,5103700,8,,226_069,3.5,POINT(-54.76435 -12.49728)
1815126164,02db7310-6abc-37de-8912-d2e94a3e7cbd,-45.47648,-12.55765,2026-04-22 17:22:00+00:00,2026-04-22,NPP-375,SÃO DESIDÉRIO,BAHIA,Brasil,,,,Cerrado,33,29,2928901,8,,220_069,15.9,POINT(-45.47648 -12.55765)
1815126155,e0ea23e1-de1b-3838-8129-f8e97c58479b,-43.6622,-11.77704,2026-04-22 17:22:00+00:00,2026-04-22,NPP-375,BARRA,BAHIA,Brasil,,,,Cerrado,33,29,2902708,8,,219_068,8.9,POINT(-43.6622 -11.77704)
1815126137,60221a89-3bc7-33ae-8c8b-d9487259e930,-56.65115,-13.98902,2026-04-22 17:22:00+00:00,2026-04-22,NPP-375,DIAMANTINO,MATO GROSSO,Brasil,,,,Cerrado,33,51,5103502,8,,227_070,5.6,POINT(-56.65115 -13.98902)
1815126114,28095c1c-44dc-336e-bf43-4b01ff1ce3c7,-49.60424,-15.43943,2026-04-22 17:22:00+00:00,2026-04-22,NPP-375,URUANA,GOIÁS,Brasil,,,,Cerrado,33,52,5221700,8,,222_071,2.4,POINT(-49.60424 -15.43943)
1815124602,19cb68de-abb4-39ec-abe2-7528665c1561,-46.83257,-17.16872,2026-04-22 17:22:00+00:00,2026-04-22,NPP-375,PARACATU,MINAS GERAIS,Brasil,,,,Cerrado,33,31,3147006,8,,220_072,5.7,POINT(-46.83257 -17.16872)
1815126089,bb8407af-fe2b-3c38-bf42-e8587ed217e0,-54.68118,-12.99728,2026-04-22 17:22:00+00:00,2026-04-22,NPP-375,NOVA UBIRATÃ,MATO GROSSO,Brasil,,,,Amazônia,33,51,5106240,8,,226_069,9.9,POINT(-54.68118 -12.99728)
1815126084,441b014b-5792-3ff0-afcb-d53e16aa9ac1,-45.32357,-13.37406,2026-04-22 17:22:00+00:00,2026-04-22,NPP-375,CORRENTINA,BAHIA,Brasil,,,,Cerrado,33,29,2909307,8,,220_069,14.4,POINT(-45.32357 -13.37406)
1815124621,9c49ce0a-2570-3331-b945-c98aab2659e0,-46.79851,-11.23669,2026-04-22 17:22:00+00:00,2026-04-22,NPP-375,RIO DA CONCEIÇÃO,TOCANTINS,Brasil,,,,Cerrado,33,17,1718659,8,,221_068,7.9,POINT(-46.79851 -11.23669)
1815124622,c8d95658-33f5-3762-a6f5-a00900869e82,-54.67868,-12.99002,2026-04-22 17:22:00+00:00,2026-04-22,NPP-375,NOVA UBIRATÃ,MATO GROSSO,Brasil,,,,Amazônia,33,51,5106240,8,,226_069,2.4,POINT(-54.67868 -12.99002)
1815126030,f93eb88d-e67b-3da3-8f84-bf5c787fbe2b,-45.32887,-13.38665,2026-04-22 17:22:00+00:00,2026-04-22,NPP-375,CORRENTINA,BAHIA,Brasil,,,,Cerrado,33,29,2909307,8,,220_069,13.7,POINT(-45.32887 -13.38665)
1815126006,0b22e2ec-42ce-3e52-bc24-12cdc072b424,-43.65848,-11.77826,2026-04-22 17:22:00+00:00,2026-04-22,NPP-375,BARRA,BAHIA,Brasil,,,,Cerrado,33,29,2902708,8,,219_068,7.8,POINT(-43.65848 -11.77826)
1815123984,d6a29d76-8d86-3a94-bece-30ffcb74c5fc,-43.64785,-11.77609,2026-04-22 17:22:00+00:00,2026-04-22,NPP-375,BARRA,BAHIA,Brasil,,,,Cerrado,33,29,2902708,8,,219_068,10.3,POINT(-43.64785 -11.77609)
1815125985,913510be-14a4-3249-8689-7c8a5bf46145,-43.64905,-11.76973,2026-04-22 17:22:00+00:00,2026-04-22,NPP-375,BARRA,BAHIA,Brasil,,,,Cerrado,33,29,2902708,8,,219_068,10.3,POINT(-43.64905 -11.76973)
1815125949,7d713706-2b00-3896-a5f9-d92fd41b0e45,-49.71094,-11.8404,2026-04-22 17:22:00+00:00,2026-04-22,NPP-375,FORMOSO DO ARAGUAIA,TOCANTINS,Brasil,,,,Cerrado,33,17,1708205,8,,223_068,8.3,POINT(-49.71094 -11.8404)
1815125942,35eb2cf1-fad4-3b77-8157-0995b2876782,-43.64746,-11.76752,2026-04-22 17:22:00+00:00,2026-04-22,NPP-375,BARRA,BAHIA,Brasil,,,,Cerrado,33,29,2902708,8,,219_068,12.5,POINT(-43.64746 -11.76752)
1815124128,fee734dc-7850-37a1-9b65-d6547297dd1e,-43.65967,-11.77191,2026-04-22 17:22:00+00:00,2026-04-22,NPP-375,BARRA,BAHIA,Brasil,,,,Cerrado,33,29,2902708,8,,219_068,7.8,POINT(-43.65967 -11.77191)
1815124667,eeb394c7-1061-31d1-a9a2-8d9b2cb8df7e,-55.24621,-14.85537,2026-04-22 17:22:00+00:00,2026-04-22,NPP-375,CHAPADA DOS GUIMARÃES,MATO GROSSO,Brasil,,,,Cerrado,33,51,5103007,8,,226_070,6.0,POINT(-55.24621 -14.85537)
1815123977,69aeca3b-73e1-3314-bc28-5755d475f849,-45.32623,-13.38036,2026-04-22 17:22:00+00:00,2026-04-22,NPP-375,CORRENTINA,BAHIA,Brasil,,,,Cerrado,33,29,2909307,8,,220_069,14.4,POINT(-45.32623 -13.38036)
1815123969,37e0fd36-510b-359c-93cc-538609fc1044,-43.65277,-11.76858,2026-04-22 17:22:00+00:00,2026-04-22,NPP-375,BARRA,BAHIA,Brasil,,,,Cerrado,33,29,2902708,8,,219_068,12.5,POINT(-43.65277 -11.76858)
1815124675,3ac79f0e-b77d-3879-adda-d4025fe3ceff,-49.1902,-17.30323,2026-04-22 17:22:00+00:00,2026-04-22,NPP-375,PROFESSOR JAMIL,GOIÁS,Brasil,,,,Cerrado,33,52,5218391,8,,222_072,6.8,POINT(-49.1902 -17.30323)
1815125922,7f960a6e-166f-3337-b224-6000453b45c9,-44.18426,-12.23912,2026-04-22 17:22:00+00:00,2026-04-22,NPP-375,CRISTÓPOLIS,BAHIA,Brasil,,,,Cerrado,33,29,2909703,8,,219_068,8.0,POINT(-44.18426 -12.23912)
1815123968,09c6b1bb-657b-3bcd-aed1-3a056b4f4da3,-44.29555,-13.6847,2026-04-22 17:22:00+00:00,2026-04-22,NPP-375,CORIBE,BAHIA,Brasil,,,,Cerrado,33,29,2909109,8,,219_069,4.0,POINT(-44.29555 -13.6847)
1815125907,1d2fe07c-296b-3ccc-824d-a8ae1665175d,-45.48136,-12.55282,2026-04-22 17:22:00+00:00,2026-04-22,NPP-375,SÃO DESIDÉRIO,BAHIA,Brasil,,,,Cerrado,33,29,2928901,8,,220_069,19.9,POINT(-45.48136 -12.55282)
1815124706,210387dc-3d47-3aba-8d80-b8c53124a609,-45.32645,-13.38444,2026-04-22 17:22:00+00:00,2026-04-22,NPP-375,CORRENTINA,BAHIA,Brasil,,,,Cerrado,33,29,2909307,8,,220_069,19.6,POINT(-45.32645 -13.38444)
1815124284,71a5d0e0-78c0-3c4a-a172-0d6b3a2080b9,-54.09523,-12.2763,2026-04-22 17:22:00+00:00,2026-04-22,NPP-375,NOVA UBIRATÃ,MATO GROSSO,Brasil,,,,Amazônia,33,51,5106240,8,,225_069,4.6,POINT(-54.09523 -12.2763)
1815125874,effdc5a2-4c4e-3105-a366-dab2e51e13d9,-43.62254,-13.78163,2026-04-22 17:22:00+00:00,2026-04-22,NPP-375,SERRA DO RAMALHO,BAHIA,Brasil,,,,Cerrado,33,29,2930154,8,,219_069,14.6,POINT(-43.62254 -13.78163)
1815124719,0ffc1494-8997-35bd-bbac-385bb9c9fcc2,-57.18296,-12.30924,2026-04-22 17:22:00+00:00,2026-04-22,NPP-375,NOVA MARINGÁ,MATO GROSSO,Brasil,,,,Amazônia,33,51,5108907,8,,227_069,10.9,POINT(-57.18296 -12.30924)
1815125855,dac703c2-9057-3ab4-ae6b-9e6417562d59,-42.9215,-15.40523,2026-04-22 17:22:00+00:00,2026-04-22,NPP-375,MATO VERDE,MINAS GERAIS,Brasil,,,,Cerrado,33,31,3141009,8,,218_071,6.0,POINT(-42.9215 -15.40523)
1815125846,77f02962-a526-3a2e-a6e2-32cdadca07d7,-45.32269,-13.38368,2026-04-22 17:22:00+00:00,2026-04-22,NPP-375,CORRENTINA,BAHIA,Brasil,,,,Cerrado,33,29,2909307,8,,220_069,19.6,POINT(-45.32269 -13.38368)
1815124728,d4f0d9f1-eae9-37f2-8887-0b979f5a94d1,-45.4796,-12.55477,2026-04-22 17:22:00+00:00,2026-04-22,NPP-375,SÃO DESIDÉRIO,BAHIA,Brasil,,,,Cerrado,33,29,2928901,8,,220_069,27.6,POINT(-45.4796 -12.55477)
1815124731,e10cae60-c66e-3b83-b2d0-0f64c1f191ad,-49.70771,-11.84187,2026-04-22 17:22:00+00:00,2026-04-22,NPP-375,FORMOSO DO ARAGUAIA,TOCANTINS,Brasil,,,,Cerrado,33,17,1708205,8,,223_068,6.3,POINT(-49.70771 -11.84187)
1815125797,0d8b6603-e8ab-3227-a21a-e9290de40bdd,-52.13957,-12.63959,2026-04-22 17:22:00+00:00,2026-04-22,NPP-375,QUERÊNCIA,MATO GROSSO,Brasil,,,,Amazônia,33,51,5107065,8,,224_069,10.8,POINT(-52.13957 -12.63959)
1815125780,cbfcd587-407a-3463-a008-cb6ae4827bd3,-43.77835,-12.85258,2026-04-22 17:22:00+00:00,2026-04-22,NPP-375,SERRA DOURADA,BAHIA,Brasil,,,,Cerrado,33,29,2930303,8,,219_069,3.6,POINT(-43.77835 -12.85258)
1815124286,dea28620-e4e0-35fc-af87-91f567d68fde,-46.78117,-11.23887,2026-04-22 17:22:00+00:00,2026-04-22,NPP-375,RIO DA CONCEIÇÃO,TOCANTINS,Brasil,,,,Cerrado,33,17,1718659,8,,221_068,2.7,POINT(-46.78117 -11.23887)
1815126272,1d63ed6f-cf81-39a3-aa07-2cfc86f53231,-55.17134,-7.82227,2026-04-22 17:24:00+00:00,2026-04-22,NPP-375,NOVO PROGRESSO,PARÁ,Brasil,,,,Amazônia,33,15,1505031,8,,227_065,4.4,POINT(-55.17134 -7.82227)
1815124739,7bac926a-0e8e-3ffb-9cab-0c174720ab47,-56.01885,-5.28478,2026-04-22 17:24:00+00:00,2026-04-22,NPP-375,TRAIRÃO,PARÁ,Brasil,,,,Amazônia,33,15,1508050,8,,228_064,2.9,POINT(-56.01885 -5.28478)
1815124030,8ed3a830-a349-341f-b9b4-02e1c589118c,-55.16716,-7.8251,2026-04-22 17:24:00+00:00,2026-04-22,NPP-375,NOVO PROGRESSO,PARÁ,Brasil,,,,Amazônia,33,15,1505031,8,,227_065,1.2,POINT(-55.16716 -7.8251)
1815126324,2de6458c-842a-3c0a-b475-8889e49276f3,-55.17443,-7.82623,2026-04-22 17:24:00+00:00,2026-04-22,NPP-375,NOVO PROGRESSO,PARÁ,Brasil,,,,Amazônia,33,15,1505031,8,,227_065,2.7,POINT(-55.17443 -7.82623)
1815125896,7cf9cb23-79e4-3471-aad6-ab147295ecba,-55.1677,-7.8217,2026-04-22 17:24:00+00:00,2026-04-22,NPP-375,NOVO PROGRESSO,PARÁ,Brasil,,,,Amazônia,33,15,1505031,8,,227_065,4.4,POINT(-55.1677 -7.8217)
1815124045,4b7e1e00-0270-3e87-8246-bb2377efd80a,-55.17498,-7.82284,2026-04-22 17:24:00+00:00,2026-04-22,NPP-375,NOVO PROGRESSO,PARÁ,Brasil,,,,Amazônia,33,15,1505031,8,,227_065,10.9,POINT(-55.17498 -7.82284)
1815125132,ef8bfe01-da2f-3bfb-84d1-e3e80ccb8479,-56.35435,-1.9642,2026-04-22 17:26:00+00:00,2026-04-22,NPP-375,TERRA SANTA,PARÁ,Brasil,,,,Amazônia,33,15,1507979,8,,228_061,3.9,POINT(-56.35435 -1.9642)
1815123964,f3ccf5ec-e6db-351f-9483-a3eae4e7720b,-49.67088,-3.90093,2026-04-22 17:26:00+00:00,2026-04-22,NPP-375,TUCURUÍ,PARÁ,Brasil,,,,Amazônia,33,15,1508100,8,,224_063,5.4,POINT(-49.67088 -3.90093)
1815124888,220bc72d-f424-3435-8d73-4eac33b3cf0d,-55.37789,-4.09776,2026-04-22 17:26:00+00:00,2026-04-22,NPP-375,AVEIRO,PARÁ,Brasil,,,,Amazônia,33,15,1501006,8,,227_063,4.0,POINT(-55.37789 -4.09776)
1815125517,25a45a2b-05d2-3a57-8d52-f9dd056241a0,-55.77129,-4.19329,2026-04-22 17:26:00+00:00,2026-04-22,NPP-375,RURÓPOLIS,PARÁ,Brasil,,,,Amazônia,33,15,1506195,8,,228_063,2.1,POINT(-55.77129 -4.19329)
1815125729,144dddf0-2c01-3876-abf0-0111a41c3cbd,-55.77823,-3.88726,2026-04-22 17:26:00+00:00,2026-04-22,NPP-375,AVEIRO,PARÁ,Brasil,,,,Amazônia,33,15,1501006,8,,228_063,5.3,POINT(-55.77823 -3.88726)
1815123986,357107fa-fbb4-394b-aaff-cbdb3c43813e,-54.89016,-4.16236,2026-04-22 17:26:00+00:00,2026-04-22,NPP-375,RURÓPOLIS,PARÁ,Brasil,,,,Amazônia,33,15,1506195,8,,227_063,2.3,POINT(-54.89016 -4.16236)
1815125033,48177413-037f-305e-a659-312b66aabd7d,-54.89064,-4.15881,2026-04-22 17:26:00+00:00,2026-04-22,NPP-375,RURÓPOLIS,PARÁ,Brasil,,,,Amazônia,33,15,1506195,8,,227_063,8.6,POINT(-54.89064 -4.15881)
1815124676,90b84223-7150-343e-83e8-1db27083b895,-56.3507,-1.96364,2026-04-22 17:26:00+00:00,2026-04-22,NPP-375,TERRA SANTA,PARÁ,Brasil,,,,Amazônia,33,15,1507979,8,,228_061,3.9,POINT(-56.3507 -1.96364)
1815123891,a2f413a6-bb79-3b73-a002-add09bfd5741,-54.89469,-4.15945,2026-04-22 17:26:00+00:00,2026-04-22,NPP-375,RURÓPOLIS,PARÁ,Brasil,,,,Amazônia,33,15,1506195,8,,227_063,8.6,POINT(-54.89469 -4.15945)
1815123716,a16eb6aa-e3e7-3107-bf2c-4f83ec7835d6,-55.77772,-3.89069,2026-04-22 17:26:00+00:00,2026-04-22,NPP-375,AVEIRO,PARÁ,Brasil,,,,Amazônia,33,15,1501006,8,,228_063,10.2,POINT(-55.77772 -3.89069)
1815124775,6015e899-e986-3084-a533-0e42758da43b,-55.32411,-1.70854,2026-04-22 17:26:00+00:00,2026-04-22,NPP-375,ÓBIDOS,PARÁ,Brasil,,,,Amazônia,33,15,1505106,8,,228_061,8.6,POINT(-55.32411 -1.70854)
1815123760,39ba47e9-1c24-3e02-9b6b-dba27c169e65,-52.55952,-32.00331,2026-04-22 17:34:00+00:00,2026-04-22,NOAA-20,ARROIO GRANDE,RIO GRANDE DO SUL,Brasil,,,,Pampa,33,43,4301305,8,,221_082,8.2,POINT(-52.55952 -32.00331)
1815125181,633ee100-efb2-3cc4-a6b4-b6bdeed1b5d5,-52.54979,-31.97826,2026-04-22 17:34:00+00:00,2026-04-22,NOAA-20,ARROIO GRANDE,RIO GRANDE DO SUL,Brasil,,,,Pampa,33,43,4301305,8,,221_082,4.0,POINT(-52.54979 -31.97826)
1815126337,cddb30bb-d50a-38f8-9c40-d629029e430f,-52.55857,-32.00699,2026-04-22 17:34:00+00:00,2026-04-22,NOAA-20,ARROIO GRANDE,RIO GRANDE DO SUL,Brasil,,,,Pampa,33,43,4301305,8,,221_082,6.6,POINT(-52.55857 -32.00699)
1815123751,c5444fed-9644-3af3-97eb-44a3a29f47cd,-50.4899,-27.69498,2026-04-22 17:37:00+00:00,2026-04-22,NOAA-20,SÃO JOSÉ DO CERRITO,SANTA CATARINA,Brasil,,,,Mata Atlântica,33,42,4216800,8,,221_079,14.6,POINT(-50.4899 -27.69498)
1815124212,9950f35e-a390-3982-a3f0-03f9296bab7d,-51.21165,-27.74723,2026-04-22 17:37:00+00:00,2026-04-22,NOAA-20,ANITA GARIBALDI,SANTA CATARINA,Brasil,,,,Mata Atlântica,33,42,4201000,8,,221_079,6.8,POINT(-51.21165 -27.74723)
1815124215,c47a2f72-d398-303d-926b-0b9058f2e530,-50.82023,-24.91647,2026-04-22 17:37:00+00:00,2026-04-22,NOAA-20,IVAÍ,PARANÁ,Brasil,,,,Mata Atlântica,33,41,4111407,8,,221_077,363.7,POINT(-50.82023 -24.91647)
1815124220,2b1ffe51-01fb-3adb-ba17-18b835acc780,-50.5116,-26.50203,2026-04-22 17:37:00+00:00,2026-04-22,NOAA-20,BELA VISTA DO TOLDO,SANTA CATARINA,Brasil,,,,Mata Atlântica,33,42,4202131,8,,221_078,6.3,POINT(-50.5116 -26.50203)
1815124226,d1df8bc7-f0c3-3ad3-bb2b-544a86f58a1f,-49.18778,-25.97596,2026-04-22 17:37:00+00:00,2026-04-22,NOAA-20,TIJUCAS DO SUL,PARANÁ,Brasil,,,,Mata Atlântica,33,41,4127601,8,,220_078,8.2,POINT(-49.18778 -25.97596)
1815124236,409c525a-e38d-300c-93d7-db70490189be,-51.30518,-26.47828,2026-04-22 17:37:00+00:00,2026-04-22,NOAA-20,GENERAL CARNEIRO,PARANÁ,Brasil,,,,Mata Atlântica,33,41,4108502,8,,222_078,27.3,POINT(-51.30518 -26.47828)
1815124242,8f1686fd-d3e0-3460-85a5-87a078b29c35,-48.98653,-25.98789,2026-04-22 17:37:00+00:00,2026-04-22,NOAA-20,TIJUCAS DO SUL,PARANÁ,Brasil,,,,Mata Atlântica,33,41,4127601,8,,220_078,13.8,POINT(-48.98653 -25.98789)
1815124250,9efaaee3-0e58-31f1-ab7a-3a4c868ce6a5,-50.20878,-26.97051,2026-04-22 17:37:00+00:00,2026-04-22,NOAA-20,RIO DO CAMPO,SANTA CATARINA,Brasil,,,,Mata Atlântica,33,42,4214508,8,,221_079,4.4,POINT(-50.20878 -26.97051)
1815124271,d53f8198-e312-30e9-a0e0-46a6b929c2c0,-50.61596,-27.42558,2026-04-22 17:37:00+00:00,2026-04-22,NOAA-20,CURITIBANOS,SANTA CATARINA,Brasil,,,,Mata Atlântica,33,42,4204806,8,,221_079,12.3,POINT(-50.61596 -27.42558)
1815124297,4a1c263c-798c-37ba-8aa1-a1f98935d71e,-49.70421,-28.87617,2026-04-22 17:37:00+00:00,2026-04-22,NOAA-20,TURVO,SANTA CATARINA,Brasil,,,,Mata Atlântica,33,42,4218806,8,,220_080,7.9,POINT(-49.70421 -28.87617)
1815124300,675b1d84-6d9c-36d0-b9e4-2084d4ed7eae,-49.83444,-26.96285,2026-04-22 17:37:00+00:00,2026-04-22,NOAA-20,DONA EMMA,SANTA CATARINA,Brasil,,,,Mata Atlântica,33,42,4205100,8,,221_079,6.1,POINT(-49.83444 -26.96285)
1815124344,d815bd4f-cb96-3474-9d94-2b4cb476b766,-52.47731,-24.78532,2026-04-22 17:37:00+00:00,2026-04-22,NOAA-20,LARANJAL,PARANÁ,Brasil,,,,Mata Atlântica,33,41,4113254,8,,223_077,4.1,POINT(-52.47731 -24.78532)
1815124349,609453cf-f13d-384e-8677-73d004ab8681,-49.72607,-28.6757,2026-04-22 17:37:00+00:00,2026-04-22,NOAA-20,MORRO GRANDE,SANTA CATARINA,Brasil,,,,Mata Atlântica,33,42,4211256,8,,220_080,4.3,POINT(-49.72607 -28.6757)
1815124352,c9612104-51d8-3d4d-9d1a-c77a06f3e040,-50.81474,-24.91533,2026-04-22 17:37:00+00:00,2026-04-22,NOAA-20,IVAÍ,PARANÁ,Brasil,,,,Mata Atlântica,33,41,4111407,8,,221_077,92.8,POINT(-50.81474 -24.91533)
1815124376,54113d68-3428-36a8-866b-e74462b49ed9,-50.57895,-29.15561,2026-04-22 17:37:00+00:00,2026-04-22,NOAA-20,SÃO FRANCISCO DE PAULA,RIO GRANDE DO SUL,Brasil,,,,Mata Atlântica,33,43,4318200,8,,221_080,4.5,POINT(-50.57895 -29.15561)
1815124433,1eeb75fe-b188-3372-aa9b-239ea8fe1ef5,-51.03441,-25.45973,2026-04-22 17:37:00+00:00,2026-04-22,NOAA-20,PRUDENTÓPOLIS,PARANÁ,Brasil,,,,Mata Atlântica,33,41,4120606,8,,222_078,2.9,POINT(-51.03441 -25.45973)
1815124452,5634d633-5c25-3ff8-a224-43d4d261e19b,-49.19721,-24.23315,2026-04-22 17:37:00+00:00,2026-04-22,NOAA-20,ITARARÉ,SÃO PAULO,Brasil,,,,Cerrado,33,35,3523206,8,,221_077,5.1,POINT(-49.19721 -24.23315)
1815124457,122db7f3-2149-3a8c-8e97-29039edaefb0,-52.19703,-27.01365,2026-04-22 17:37:00+00:00,2026-04-22,NOAA-20,IPUMIRIM,SANTA CATARINA,Brasil,,,,Mata Atlântica,33,42,4207700,8,,222_079,13.2,POINT(-52.19703 -27.01365)
1815124460,23962130-d0b2-3882-bb2c-4fc4fa444686,-49.40573,-25.72624,2026-04-22 17:37:00+00:00,2026-04-22,NOAA-20,ARAUCÁRIA,PARANÁ,Brasil,,,,Mata Atlântica,33,41,4101804,8,,220_078,5.4,POINT(-49.40573 -25.72624)
1815124552,b4d2fd0a-6121-3256-bd1e-949910840724,-50.07927,-26.86684,2026-04-22 17:37:00+00:00,2026-04-22,NOAA-20,RIO DO CAMPO,SANTA CATARINA,Brasil,,,,Mata Atlântica,33,42,4214508,8,,221_079,3.3,POINT(-50.07927 -26.86684)
1815124564,6fe914b1-00e0-3f50-b680-464dd8087300,-51.36597,-27.64464,2026-04-22 17:37:00+00:00,2026-04-22,NOAA-20,CELSO RAMOS,SANTA CATARINA,Brasil,,,,Mata Atlântica,33,42,4204152,8,,221_079,5.4,POINT(-51.36597 -27.64464)
1815124570,1a464efa-d811-318c-a3e1-ffa39b2b5e0c,-51.27225,-24.63361,2026-04-22 17:37:00+00:00,2026-04-22,NOAA-20,CÂNDIDO DE ABREU,PARANÁ,Brasil,,,,Mata Atlântica,33,41,4104402,8,,222_077,3.8,POINT(-51.27225 -24.63361)
1815124608,c67993c5-9aee-319f-9308-c5deecd56687,-51.17029,-27.63783,2026-04-22 17:37:00+00:00,2026-04-22,NOAA-20,ANITA GARIBALDI,SANTA CATARINA,Brasil,,,,Mata Atlântica,33,42,4201000,8,,221_079,69.7,POINT(-51.17029 -27.63783)
1815124616,7030dbd3-baaf-35b2-95c7-b2be8ccd8e80,-50.51753,-26.94212,2026-04-22 17:37:00+00:00,2026-04-22,NOAA-20,SANTA CECÍLIA,SANTA CATARINA,Brasil,,,,Mata Atlântica,33,42,4215505,8,,221_079,5.3,POINT(-50.51753 -26.94212)
1815124636,ee8fa013-cfb0-3241-9bce-101f1f79c5e2,-49.99615,-25.1507,2026-04-22 17:37:00+00:00,2026-04-22,NOAA-20,PONTA GROSSA,PARANÁ,Brasil,,,,Mata Atlântica,33,41,4119905,8,,221_077,1.4,POINT(-49.99615 -25.1507)
1815124666,1764033a-f118-304e-85de-a90671d39c01,-51.30025,-26.47727,2026-04-22 17:37:00+00:00,2026-04-22,NOAA-20,GENERAL CARNEIRO,PARANÁ,Brasil,,,,Mata Atlântica,33,41,4108502,8,,222_078,27.3,POINT(-51.30025 -26.47727)
1815124670,78b43f3e-3b91-3ce6-8933-a066e699144c,-51.36224,-27.64642,2026-04-22 17:37:00+00:00,2026-04-22,NOAA-20,CELSO RAMOS,SANTA CATARINA,Brasil,,,,Mata Atlântica,33,42,4204152,8,,221_079,9.8,POINT(-51.36224 -27.64642)
1815124673,7cf0a7f3-dcf7-31a5-96e5-a97697978ea8,-51.02158,-26.62919,2026-04-22 17:37:00+00:00,2026-04-22,NOAA-20,CALMON,SANTA CATARINA,Brasil,,,,Mata Atlântica,33,42,4203154,8,,221_079,7.1,POINT(-51.02158 -26.62919)
1815124696,d5585285-41c1-32eb-948a-a38dc4faa120,-52.33638,-27.19305,2026-04-22 17:37:00+00:00,2026-04-22,NOAA-20,SEARA,SANTA CATARINA,Brasil,,,,Mata Atlântica,33,42,4217501,8,,222_079,4.3,POINT(-52.33638 -27.19305)
1815124710,8fd8239d-1bcc-387e-ae8e-216d4947e5e5,-48.7996,-25.93492,2026-04-22 17:37:00+00:00,2026-04-22,NOAA-20,GUARATUBA,PARANÁ,Brasil,,,,Mata Atlântica,33,41,4109609,8,,220_078,5.1,POINT(-48.7996 -25.93492)
1815124721,0c0edb19-9206-3f6e-b663-faaa2a275071,-50.81658,-24.91808,2026-04-22 17:37:00+00:00,2026-04-22,NOAA-20,IVAÍ,PARANÁ,Brasil,,,,Mata Atlântica,33,41,4111407,8,,221_077,373.4,POINT(-50.81658 -24.91808)
1815124749,c47f591c-38ee-3498-bd6b-0a09db8aa209,-51.00268,-27.58914,2026-04-22 17:37:00+00:00,2026-04-22,NOAA-20,ABDON BATISTA,SANTA CATARINA,Brasil,,,,Mata Atlântica,33,42,4200051,8,,221_079,2.6,POINT(-51.00268 -27.58914)
1815124794,9bf9483e-9c44-3fc3-b616-e2cba7407219,-51.17062,-26.30832,2026-04-22 17:37:00+00:00,2026-04-22,NOAA-20,PORTO UNIÃO,SANTA CATARINA,Brasil,,,,Mata Atlântica,33,42,4213609,8,,222_078,3.8,POINT(-51.17062 -26.30832)
1815124807,248c457a-5e54-3c4a-b750-36881c65f907,-49.14208,-24.71872,2026-04-22 17:37:00+00:00,2026-04-22,NOAA-20,CERRO AZUL,PARANÁ,Brasil,,,,Mata Atlântica,33,41,4105201,8,,220_077,11.1,POINT(-49.14208 -24.71872)
1815124877,25aed498-69ec-37db-a044-07fc769573b4,-49.16722,-28.12358,2026-04-22 17:37:00+00:00,2026-04-22,NOAA-20,RIO FORTUNA,SANTA CATARINA,Brasil,,,,Mata Atlântica,33,42,4214904,8,,220_079,14.5,POINT(-49.16722 -28.12358)
1815124940,2fed8336-537f-33a2-b5e3-8a635e0744fc,-50.48862,-27.69316,2026-04-22 17:37:00+00:00,2026-04-22,NOAA-20,SÃO JOSÉ DO CERRITO,SANTA CATARINA,Brasil,,,,Mata Atlântica,33,42,4216800,8,,221_079,11.9,POINT(-50.48862 -27.69316)
1815124951,b486c4dd-cf09-3483-a390-7894611a1255,-49.37361,-24.82077,2026-04-22 17:37:00+00:00,2026-04-22,NOAA-20,CERRO AZUL,PARANÁ,Brasil,,,,Mata Atlântica,33,41,4105201,8,,221_077,2.9,POINT(-49.37361 -24.82077)
1815125180,98a186cb-6759-3187-905e-25382080ec2e,-51.24341,-25.93158,2026-04-22 17:37:00+00:00,2026-04-22,NOAA-20,CRUZ MACHADO,PARANÁ,Brasil,,,,Mata Atlântica,33,41,4106803,8,,222_078,2.6,POINT(-51.24341 -25.93158)
1815125243,a5c4613e-4dc0-3c87-9711-713ba479d4ef,-49.42862,-26.06049,2026-04-22 17:37:00+00:00,2026-04-22,NOAA-20,PIÊN,PARANÁ,Brasil,,,,Mata Atlântica,33,41,4119103,8,,220_078,4.4,POINT(-49.42862 -26.06049)
1815125267,f8b85901-1b89-3cb4-aff8-1b0cbcdfb8b9,-49.94361,-27.5763,2026-04-22 17:37:00+00:00,2026-04-22,NOAA-20,OTACÍLIO COSTA,SANTA CATARINA,Brasil,,,,Mata Atlântica,33,42,4211751,8,,221_079,11.0,POINT(-49.94361 -27.5763)
1815125364,a623834e-b949-31e5-840f-4ff63f04f758,-48.9835,-25.98721,2026-04-22 17:37:00+00:00,2026-04-22,NOAA-20,TIJUCAS DO SUL,PARANÁ,Brasil,,,,Mata Atlântica,33,41,4127601,8,,220_078,19.7,POINT(-48.9835 -25.98721)
1815125375,d41a6d4f-e6c4-3cba-9225-80c155296619,-49.17314,-28.12489,2026-04-22 17:37:00+00:00,2026-04-22,NOAA-20,RIO FORTUNA,SANTA CATARINA,Brasil,,,,Mata Atlântica,33,42,4214904,8,,220_079,14.5,POINT(-49.17314 -28.12489)
1815125395,a742cee7-d4eb-3a8f-a7dc-7eef826ced37,-49.1902,-25.97547,2026-04-22 17:37:00+00:00,2026-04-22,NOAA-20,TIJUCAS DO SUL,PARANÁ,Brasil,,,,Mata Atlântica,33,41,4127601,8,,220_078,7.7,POINT(-49.1902 -25.97547)
1815125414,43b085b7-01fd-3874-9374-9e8157cb429b,-51.02645,-26.63021,2026-04-22 17:37:00+00:00,2026-04-22,NOAA-20,CALMON,SANTA CATARINA,Brasil,,,,Mata Atlântica,33,42,4203154,8,,221_079,4.6,POINT(-51.02645 -26.63021)
1815125422,56cec3f3-48ae-35b6-85a6-550bebed00c1,-50.51767,-26.87527,2026-04-22 17:37:00+00:00,2026-04-22,NOAA-20,SANTA CECÍLIA,SANTA CATARINA,Brasil,,,,Mata Atlântica,33,42,4215505,8,,221_079,8.4,POINT(-50.51767 -26.87527)
1815125448,cf2480fc-fa37-3288-892e-f5e04560193e,-50.91459,-25.0631,2026-04-22 17:37:00+00:00,2026-04-22,NOAA-20,IVAÍ,PARANÁ,Brasil,,,,Mata Atlântica,33,41,4111407,8,,222_077,4.3,POINT(-50.91459 -25.0631)
1815125454,8a6a4df0-5c66-3fac-ac2d-a803fa0e7439,-50.74591,-26.44716,2026-04-22 17:37:00+00:00,2026-04-22,NOAA-20,IRINEÓPOLIS,SANTA CATARINA,Brasil,,,,Mata Atlântica,33,42,4207908,8,,221_078,24.2,POINT(-50.74591 -26.44716)
1815125460,821a8ccd-8b11-3bae-87df-1201dd95b027,-51.4502,-27.34908,2026-04-22 17:37:00+00:00,2026-04-22,NOAA-20,CAMPOS NOVOS,SANTA CATARINA,Brasil,,,,Mata Atlântica,33,42,4203600,8,,222_079,13.4,POINT(-51.4502 -27.34908)
1815125475,eb04e9df-5453-3813-95b2-4dc360e2faf9,-51.84553,-29.51389,2026-04-22 17:37:00+00:00,2026-04-22,NOAA-20,TEUTÔNIA,RIO GRANDE DO SUL,Brasil,,,,Mata Atlântica,33,43,4321451,8,,221_081,3.9,POINT(-51.84553 -29.51389)
1815125503,32abf319-9a13-3b74-aa1e-f6dc79b0da81,-51.0798,-29.41413,2026-04-22 17:37:00+00:00,2026-04-22,NOAA-20,NOVA PETRÓPOLIS,RIO GRANDE DO SUL,Brasil,,,,Mata Atlântica,33,43,4313201,8,,221_080,2.2,POINT(-51.0798 -29.41413)
1815125510,cc67af99-2cb9-3817-82aa-b1b9074ad95f,-50.40453,-27.7818,2026-04-22 17:37:00+00:00,2026-04-22,NOAA-20,LAGES,SANTA CATARINA,Brasil,,,,Mata Atlântica,33,42,4209300,8,,221_079,2.8,POINT(-50.40453 -27.7818)
1815125512,b28a05d1-3784-3b8d-ad0f-fe5835bd5d22,-48.96375,-26.44263,2026-04-22 17:37:00+00:00,2026-04-22,NOAA-20,GUARAMIRIM,SANTA CATARINA,Brasil,,,,Mata Atlântica,33,42,4206504,8,,220_078,1.9,POINT(-48.96375 -26.44263)
1815125525,ea5ed717-2928-30fd-98d6-7b8ba78ce016,-49.187,-25.97474,2026-04-22 17:37:00+00:00,2026-04-22,NOAA-20,TIJUCAS DO SUL,PARANÁ,Brasil,,,,Mata Atlântica,33,41,4127601,8,,220_078,6.6,POINT(-49.187 -25.97474)
1815125538,13008485-0f2b-3063-a693-3e2c45247ad0,-52.75033,-30.61585,2026-04-22 17:37:00+00:00,2026-04-22,NOAA-20,ENCRUZILHADA DO SUL,RIO GRANDE DO SUL,Brasil,,,,Pampa,33,43,4306908,8,,222_081,4.8,POINT(-52.75033 -30.61585)
1815125539,68d40d81-7fd3-3a8d-ad08-f23af6417057,-51.07826,-24.95458,2026-04-22 17:37:00+00:00,2026-04-22,NOAA-20,PRUDENTÓPOLIS,PARANÁ,Brasil,,,,Mata Atlântica,33,41,4120606,8,,222_077,19.3,POINT(-51.07826 -24.95458)
1815125566,003361e7-756e-3456-b444-e0044cdd0893,-50.97078,-29.58483,2026-04-22 17:37:00+00:00,2026-04-22,NOAA-20,SAPIRANGA,RIO GRANDE DO SUL,Brasil,,,,Mata Atlântica,33,43,4319901,8,,221_080,2.8,POINT(-50.97078 -29.58483)
1815125584,ed5d143d-6b3f-33a0-aa46-4dad8f875aec,-51.34762,-27.07991,2026-04-22 17:37:00+00:00,2026-04-22,NOAA-20,IBICARÉ,SANTA CATARINA,Brasil,,,,Mata Atlântica,33,42,4206801,8,,221_079,5.3,POINT(-51.34762 -27.07991)
1815125585,9cdb8cb7-38fa-3bee-9117-85548eefcc7b,-51.34324,-27.07902,2026-04-22 17:37:00+00:00,2026-04-22,NOAA-20,IBICARÉ,SANTA CATARINA,Brasil,,,,Mata Atlântica,33,42,4206801,8,,221_079,4.5,POINT(-51.34324 -27.07902)
1815125593,02a0a9c0-d4bc-3ea9-8300-116e9acbfefb,-51.22906,-26.54904,2026-04-22 17:37:00+00:00,2026-04-22,NOAA-20,GENERAL CARNEIRO,PARANÁ,Brasil,,,,Mata Atlântica,33,41,4108502,8,,222_078,21.2,POINT(-51.22906 -26.54904)
1815125615,11258d2b-ac54-312d-ad74-04eda3f4223b,-50.81351,-24.91994,2026-04-22 17:37:00+00:00,2026-04-22,NOAA-20,IVAÍ,PARANÁ,Brasil,,,,Mata Atlântica,33,41,4111407,8,,221_077,92.8,POINT(-50.81351 -24.91994)
1815125632,f0c92746-13e8-3c47-bc63-8130d8597d73,-50.04577,-25.34482,2026-04-22 17:37:00+00:00,2026-04-22,NOAA-20,PALMEIRA,PARANÁ,Brasil,,,,Mata Atlântica,33,41,4117701,8,,221_078,3.9,POINT(-50.04577 -25.34482)
1815125640,7878993c-474e-3401-9d9e-6aba5009f5cf,-51.17573,-27.63445,2026-04-22 17:37:00+00:00,2026-04-22,NOAA-20,ANITA GARIBALDI,SANTA CATARINA,Brasil,,,,Mata Atlântica,33,42,4201000,8,,221_079,90.8,POINT(-51.17573 -27.63445)
1815125646,3390314c-8a4e-3608-8e6c-b3bf946575d8,-51.17484,-27.63877,2026-04-22 17:37:00+00:00,2026-04-22,NOAA-20,ANITA GARIBALDI,SANTA CATARINA,Brasil,,,,Mata Atlântica,33,42,4201000,8,,221_079,90.8,POINT(-51.17484 -27.63877)
1815125647,c9d76ad3-c865-37bb-b7a7-77264472c961,-49.97195,-26.60922,2026-04-22 17:37:00+00:00,2026-04-22,NOAA-20,SANTA TEREZINHA,SANTA CATARINA,Brasil,,,,Mata Atlântica,33,42,4215679,8,,221_078,5.8,POINT(-49.97195 -26.60922)
1815125655,d37c1091-909e-3fa6-bdb1-5b7b55e73e51,-50.91647,-25.05868,2026-04-22 17:37:00+00:00,2026-04-22,NOAA-20,IVAÍ,PARANÁ,Brasil,,,,Mata Atlântica,33,41,4111407,8,,222_077,4.3,POINT(-50.91647 -25.05868)
1815125672,193a207e-5893-3753-997f-5be6e7042b50,-49.19786,-24.23297,2026-04-22 17:37:00+00:00,2026-04-22,NOAA-20,ITARARÉ,SÃO PAULO,Brasil,,,,Cerrado,33,35,3523206,8,,221_077,5.4,POINT(-49.19786 -24.23297)
1815125710,00827dc2-869f-367c-b7d7-8fa654bc01e7,-52.02259,-24.81803,2026-04-22 17:37:00+00:00,2026-04-22,NOAA-20,SANTA MARIA DO OESTE,PARANÁ,Brasil,,,,Mata Atlântica,33,41,4123857,8,,222_077,6.0,POINT(-52.02259 -24.81803)
1815125719,947c1b68-0c84-3876-8b92-e52aa41ea655,-48.96767,-24.76171,2026-04-22 17:37:00+00:00,2026-04-22,NOAA-20,ADRIANÓPOLIS,PARANÁ,Brasil,,,,Mata Atlântica,33,41,4100202,8,,220_077,2.8,POINT(-48.96767 -24.76171)
1815125725,979c694a-00e5-37c2-ac8f-f43fe93a96bd,-51.15848,-25.05244,2026-04-22 17:37:00+00:00,2026-04-22,NOAA-20,PRUDENTÓPOLIS,PARANÁ,Brasil,,,,Mata Atlântica,33,41,4120606,8,,222_077,17.1,POINT(-51.15848 -25.05244)
1815125765,a7eb2b18-4051-3fc1-af0c-b163975acf78,-50.38105,-26.96556,2026-04-22 17:37:00+00:00,2026-04-22,NOAA-20,SANTA CECÍLIA,SANTA CATARINA,Brasil,,,,Mata Atlântica,33,42,4215505,8,,221_079,9.8,POINT(-50.38105 -26.96556)
1815125771,dfdcf018-62cd-31da-9501-76a91b0849e9,-51.45557,-27.34573,2026-04-22 17:37:00+00:00,2026-04-22,NOAA-20,CAMPOS NOVOS,SANTA CATARINA,Brasil,,,,Mata Atlântica,33,42,4203600,8,,222_079,9.6,POINT(-51.45557 -27.34573)
1815125774,e790f854-2901-3d1c-9fc5-f8b555c50b41,-49.58885,-27.00415,2026-04-22 17:37:00+00:00,2026-04-22,NOAA-20,JOSÉ BOITEUX,SANTA CATARINA,Brasil,,,,Mata Atlântica,33,42,4209151,8,,220_079,12.5,POINT(-49.58885 -27.00415)
1815125806,a04f1cfe-0190-321d-9baa-ad171fb40a4f,-50.82912,-24.84051,2026-04-22 17:37:00+00:00,2026-04-22,NOAA-20,TIBAGI,PARANÁ,Brasil,,,,Mata Atlântica,33,41,4127502,8,,222_077,60.9,POINT(-50.82912 -24.84051)
1815125807,b7cf619d-f5cd-337b-a81c-02b7ccd6bb4a,-51.06454,-27.95401,2026-04-22 17:37:00+00:00,2026-04-22,NOAA-20,ESMERALDA,RIO GRANDE DO SUL,Brasil,,,,Mata Atlântica,33,43,4307401,8,,221_079,6.1,POINT(-51.06454 -27.95401)
1815125850,283b4288-6ece-3332-b707-a84e2c17bc00,-49.23563,-27.2963,2026-04-22 17:37:00+00:00,2026-04-22,NOAA-20,VIDAL RAMOS,SANTA CATARINA,Brasil,,,,Mata Atlântica,33,42,4219200,8,,220_079,3.4,POINT(-49.23563 -27.2963)
1815125891,73a9ec0c-4a7f-32e2-a478-54181f303993,-51.36517,-27.64893,2026-04-22 17:37:00+00:00,2026-04-22,NOAA-20,CELSO RAMOS,SANTA CATARINA,Brasil,,,,Mata Atlântica,33,42,4204152,8,,221_079,5.4,POINT(-51.36517 -27.64893)
1815125899,7792efc6-6566-328a-9d91-dbf1dfeb87ea,-50.82194,-24.91922,2026-04-22 17:37:00+00:00,2026-04-22,NOAA-20,IVAÍ,PARANÁ,Brasil,,,,Mata Atlântica,33,41,4111407,8,,221_077,96.3,POINT(-50.82194 -24.91922)
1815125911,77a46dd0-738f-3ccb-971d-435cc1e4c079,-50.50632,-26.50089,2026-04-22 17:37:00+00:00,2026-04-22,NOAA-20,BELA VISTA DO TOLDO,SANTA CATARINA,Brasil,,,,Mata Atlântica,33,42,4202131,8,,221_078,6.3,POINT(-50.50632 -26.50089)
1815125986,f5da8320-9906-30c8-aae1-37791d8ae96e,-50.73945,-26.45053,2026-04-22 17:37:00+00:00,2026-04-22,NOAA-20,IRINEÓPOLIS,SANTA CATARINA,Brasil,,,,Mata Atlântica,33,42,4207908,8,,221_078,16.6,POINT(-50.73945 -26.45053)
1815126011,97e92645-a7a0-381b-800c-7522fdebf667,-49.8539,-27.72518,2026-04-22 17:37:00+00:00,2026-04-22,NOAA-20,BOCAINA DO SUL,SANTA CATARINA,Brasil,,,,Mata Atlântica,33,42,4202438,8,,220_079,25.9,POINT(-49.8539 -27.72518)
1815126043,d7a8af98-55b4-3497-8e79-4275b86d6340,-51.45371,-27.34712,2026-04-22 17:37:00+00:00,2026-04-22,NOAA-20,CAMPOS NOVOS,SANTA CATARINA,Brasil,,,,Mata Atlântica,33,42,4203600,8,,222_079,28.1,POINT(-51.45371 -27.34712)
1815126081,6e2a7344-96bc-3f15-944a-caf04c758cc4,-49.37647,-24.81878,2026-04-22 17:37:00+00:00,2026-04-22,NOAA-20,CERRO AZUL,PARANÁ,Brasil,,,,Mata Atlântica,33,41,4105201,8,,221_077,3.7,POINT(-49.37647 -24.81878)
1815126117,10483b75-a60c-34d3-ba46-68c055e022d2,-50.51234,-26.94101,2026-04-22 17:37:00+00:00,2026-04-22,NOAA-20,SANTA CECÍLIA,SANTA CATARINA,Brasil,,,,Mata Atlântica,33,42,4215505,8,,221_079,5.3,POINT(-50.51234 -26.94101)
1815126119,c835a339-8ad6-319c-a1bf-7d83b45da722,-52.80796,-25.34079,2026-04-22 17:37:00+00:00,2026-04-22,NOAA-20,ESPIGÃO ALTO DO IGUAÇU,PARANÁ,Brasil,,,,Mata Atlântica,33,41,4107546,8,,223_078,10.3,POINT(-52.80796 -25.34079)
1815126126,73282cf7-0e68-3cce-ab9c-085b4e4ae5bf,-50.88009,-26.19881,2026-04-22 17:37:00+00:00,2026-04-22,NOAA-20,PAULA FREITAS,PARANÁ,Brasil,,,,Mata Atlântica,33,41,4118600,8,,221_078,6.8,POINT(-50.88009 -26.19881)
1815126144,1fbf0b7e-a005-3b24-8bcc-23e6b50082ce,-49.27791,-25.26976,2026-04-22 17:37:00+00:00,2026-04-22,NOAA-20,ALMIRANTE TAMANDARÉ,PARANÁ,Brasil,,,,Mata Atlântica,33,41,4100400,8,,220_078,13.0,POINT(-49.27791 -25.26976)
1815126145,f74aefb1-2666-3dbf-b4ff-3342d57bfb1e,-50.76207,-28.98814,2026-04-22 17:37:00+00:00,2026-04-22,NOAA-20,SÃO FRANCISCO DE PAULA,RIO GRANDE DO SUL,Brasil,,,,Mata Atlântica,33,43,4318200,8,,221_080,0.6,POINT(-50.76207 -28.98814)
1815126191,9f498e2d-7585-3cf6-ac7a-b4b1558c3a37,-50.61689,-27.42109,2026-04-22 17:37:00+00:00,2026-04-22,NOAA-20,CURITIBANOS,SANTA CATARINA,Brasil,,,,Mata Atlântica,33,42,4204806,8,,221_079,4.2,POINT(-50.61689 -27.42109)
1815126241,f5a57cc8-d8a0-3653-b0e8-3f66818f2d6b,-50.48502,-27.69393,2026-04-22 17:37:00+00:00,2026-04-22,NOAA-20,SÃO JOSÉ DO CERRITO,SANTA CATARINA,Brasil,,,,Mata Atlântica,33,42,4216800,8,,221_079,13.8,POINT(-50.48502 -27.69393)
1815126273,cf623e5d-4b02-30b6-91cd-3976e05241cd,-53.15784,-29.79382,2026-04-22 17:37:00+00:00,2026-04-22,NOAA-20,PARAÍSO DO SUL,RIO GRANDE DO SUL,Brasil,,,,Mata Atlântica,33,43,4314027,8,,222_081,15.4,POINT(-53.15784 -29.79382)
1815126314,c356c9d9-c3a1-3f2c-8394-ffe96363a527,-50.81786,-24.91348,2026-04-22 17:37:00+00:00,2026-04-22,NOAA-20,IVAÍ,PARANÁ,Brasil,,,,Mata Atlântica,33,41,4111407,8,,221_077,34.6,POINT(-50.81786 -24.91348)
1815126325,29a95268-4d30-3921-9fe9-763a5db46177,-49.58361,-27.003,2026-04-22 17:37:00+00:00,2026-04-22,NOAA-20,IBIRAMA,SANTA CATARINA,Brasil,,,,Mata Atlântica,33,42,4206900,8,,220_079,12.5,POINT(-49.58361 -27.003)
1815126327,e1ab4388-62b9-30d8-8d62-635da5d9e17f,-51.1632,-25.05341,2026-04-22 17:37:00+00:00,2026-04-22,NOAA-20,PRUDENTÓPOLIS,PARANÁ,Brasil,,,,Mata Atlântica,33,41,4120606,8,,222_077,17.1,POINT(-51.1632 -25.05341)
1815126364,024c5fca-736d-3aee-ad38-ba61b90fca31,-48.91048,-26.60234,2026-04-22 17:37:00+00:00,2026-04-22,NOAA-20,MASSARANDUBA,SANTA CATARINA,Brasil,,,,Mata Atlântica,33,42,4210605,8,,220_078,1.0,POINT(-48.91048 -26.60234)
1815126375,e7e9698e-63ef-3f24-8953-7073f51db4e9,-50.69789,-27.64374,2026-04-22 17:37:00+00:00,2026-04-22,NOAA-20,SÃO JOSÉ DO CERRITO,SANTA CATARINA,Brasil,,,,Mata Atlântica,33,42,4216800,8,,221_079,16.8,POINT(-50.69789 -27.64374)
1815126383,2ce5abd5-eb86-3dd5-8c6b-aef2de3a8d1b,-50.29662,-28.84015,2026-04-22 17:37:00+00:00,2026-04-22,NOAA-20,BOM JESUS,RIO GRANDE DO SUL,Brasil,,,,Mata Atlântica,33,43,4302303,8,,221_080,6.9,POINT(-50.29662 -28.84015)
1815123680,c254b9e8-52ac-3e4b-b4dc-00ba8e77c028,-50.74073,-26.44606,2026-04-22 17:37:00+00:00,2026-04-22,NOAA-20,IRINEÓPOLIS,SANTA CATARINA,Brasil,,,,Mata Atlântica,33,42,4207908,8,,221_078,16.6,POINT(-50.74073 -26.44606)
1815123684,5505c7ce-0f71-37ad-a1cd-6519ee7568f7,-50.50973,-26.49765,2026-04-22 17:37:00+00:00,2026-04-22,NOAA-20,BELA VISTA DO TOLDO,SANTA CATARINA,Brasil,,,,Mata Atlântica,33,42,4202131,8,,221_078,9.3,POINT(-50.50973 -26.49765)
1815123710,f96af235-ed26-3f38-be0e-b9be2e1edfbc,-50.48736,-27.69759,2026-04-22 17:37:00+00:00,2026-04-22,NOAA-20,SÃO JOSÉ DO CERRITO,SANTA CATARINA,Brasil,,,,Mata Atlântica,33,42,4216800,8,,221_079,11.9,POINT(-50.48736 -27.69759)
1815123749,9237054b-33e6-3bdc-932b-c36fff478914,-49.19096,-25.97665,2026-04-22 17:37:00+00:00,2026-04-22,NOAA-20,TIJUCAS DO SUL,PARANÁ,Brasil,,,,Mata Atlântica,33,41,4127601,8,,220_078,6.0,POINT(-49.19096 -25.97665)
1815123767,6d2f19d0-5932-3289-bc5c-44252385efb5,-50.27289,-27.40508,2026-04-22 17:37:00+00:00,2026-04-22,NOAA-20,PONTE ALTA,SANTA CATARINA,Brasil,,,,Mata Atlântica,33,42,4213302,8,,221_079,9.1,POINT(-50.27289 -27.40508)
1815123771,6ac1dcee-8b6f-3eeb-a0b6-f8cf45f9d9bd,-52.81314,-30.90964,2026-04-22 17:37:00+00:00,2026-04-22,NOAA-20,ENCRUZILHADA DO SUL,RIO GRANDE DO SUL,Brasil,,,,Pampa,33,43,4306908,8,,222_081,3.3,POINT(-52.81314 -30.90964)
1815123778,ed448c85-91b8-36ce-b496-ca3fde4971eb,-49.94895,-27.57747,2026-04-22 17:37:00+00:00,2026-04-22,NOAA-20,OTACÍLIO COSTA,SANTA CATARINA,Brasil,,,,Mata Atlântica,33,42,4211751,8,,221_079,11.5,POINT(-49.94895 -27.57747)
1815123785,b6438a9c-e279-32f2-8196-dbd66daaa0ca,-49.94595,-27.57919,2026-04-22 17:37:00+00:00,2026-04-22,NOAA-20,OTACÍLIO COSTA,SANTA CATARINA,Brasil,,,,Mata Atlântica,33,42,4211751,8,,221_079,9.7,POINT(-49.94595 -27.57919)
1815123835,ef05dd4c-2c0c-39ee-9fe9-4c534db53715,-51.03749,-27.66013,2026-04-22 17:37:00+00:00,2026-04-22,NOAA-20,ANITA GARIBALDI,SANTA CATARINA,Brasil,,,,Mata Atlântica,33,42,4201000,8,,221_079,7.3,POINT(-51.03749 -27.66013)
1815123837,1e6afe69-8c56-3989-826e-81167b54a767,-51.07619,-24.95475,2026-04-22 17:37:00+00:00,2026-04-22,NOAA-20,PRUDENTÓPOLIS,PARANÁ,Brasil,,,,Mata Atlântica,33,41,4120606,8,,222_077,11.4,POINT(-51.07619 -24.95475)
1815123904,feb7124d-0dab-3be3-9000-34380c44e667,-49.1389,-24.71801,2026-04-22 17:37:00+00:00,2026-04-22,NOAA-20,CERRO AZUL,PARANÁ,Brasil,,,,Mata Atlântica,33,41,4105201,8,,220_077,10.1,POINT(-49.1389 -24.71801)
1815123907,9d1a1aca-9fdc-3d6d-8850-5b10a9ec5e46,-52.33654,-27.19222,2026-04-22 17:37:00+00:00,2026-04-22,NOAA-20,SEARA,SANTA CATARINA,Brasil,,,,Mata Atlântica,33,42,4217501,8,,222_079,4.9,POINT(-52.33654 -27.19222)
1815123930,934b1dbe-8cde-3b13-875c-704de4dacc02,-51.4546,-27.34999,2026-04-22 17:37:00+00:00,2026-04-22,NOAA-20,CAMPOS NOVOS,SANTA CATARINA,Brasil,,,,Mata Atlântica,33,42,4203600,8,,222_079,9.6,POINT(-51.4546 -27.34999)
1815124089,7acd64b6-c4b4-3b62-a5ec-7c0d43c3fbc0,-49.58742,-27.00888,2026-04-22 17:37:00+00:00,2026-04-22,NOAA-20,IBIRAMA,SANTA CATARINA,Brasil,,,,Mata Atlântica,33,42,4206900,8,,220_079,12.5,POINT(-49.58742 -27.00888)
1815124106,8e5326ef-8e0d-3337-a141-fadbc5561ddf,-51.23483,-26.54565,2026-04-22 17:37:00+00:00,2026-04-22,NOAA-20,GENERAL CARNEIRO,PARANÁ,Brasil,,,,Mata Atlântica,33,41,4108502,8,,222_078,3.9,POINT(-51.23483 -26.54565)
1815124113,fcc8e04b-7d99-3b11-a7c5-f5e5b3776711,-50.57784,-29.15991,2026-04-22 17:37:00+00:00,2026-04-22,NOAA-20,SÃO FRANCISCO DE PAULA,RIO GRANDE DO SUL,Brasil,,,,Mata Atlântica,33,43,4318200,8,,221_080,4.5,POINT(-50.57784 -29.15991)
1815124129,348896c9-4774-312d-b883-eaf5f9a523a5,-50.70495,-28.65584,2026-04-22 17:37:00+00:00,2026-04-22,NOAA-20,MONTE ALEGRE DOS CAMPOS,RIO GRANDE DO SUL,Brasil,,,,Mata Atlântica,33,43,4312377,8,,221_080,3.8,POINT(-50.70495 -28.65584)
1815125764,c52b1f3a-d24e-3136-9059-648d4959f350,-51.33934,-19.69271,2026-04-22 17:39:00+00:00,2026-04-22,NOAA-20,PARANAÍBA,MATO GROSSO DO SUL,Brasil,,,,Cerrado,33,50,5006309,8,,223_074,4.6,POINT(-51.33934 -19.69271)
1815124934,35c10599-210d-38f5-8b68-e50dcb470654,-56.59464,-19.43445,2026-04-22 17:39:00+00:00,2026-04-22,NOAA-20,CORUMBÁ,MATO GROSSO DO SUL,Brasil,,,,Pantanal,33,50,5003207,8,,226_073,5.4,POINT(-56.59464 -19.43445)
1815124590,02b310e8-6eaf-3146-964c-6f04d67fd679,-46.60122,-21.40685,2026-04-22 17:39:00+00:00,2026-04-22,NOAA-20,MUZAMBINHO,MINAS GERAIS,Brasil,,,,Mata Atlântica,33,31,3144102,8,,219_075,14.7,POINT(-46.60122 -21.40685)
1815124900,41b84d28-ceb1-324c-a0e8-4647b0066eda,-46.53339,-15.85414,2026-04-22 17:39:00+00:00,2026-04-22,NOAA-20,UNAÍ,MINAS GERAIS,Brasil,,,,Cerrado,33,31,3170404,8,,220_071,13.2,POINT(-46.53339 -15.85414)
1815124720,65d9df3a-5d98-359c-bce9-1032ac9a4017,-55.92361,-18.58908,2026-04-22 17:39:00+00:00,2026-04-22,NOAA-20,CORUMBÁ,MATO GROSSO DO SUL,Brasil,,,,Pantanal,33,50,5003207,8,,226_073,3.8,POINT(-55.92361 -18.58908)
1815124767,b193dd59-cdaf-3364-96ac-e649abf9461e,-46.79965,-20.18313,2026-04-22 17:39:00+00:00,2026-04-22,NOAA-20,SÃO ROQUE DE MINAS,MINAS GERAIS,Brasil,,,,Cerrado,33,31,3164308,8,,220_074,15.9,POINT(-46.79965 -20.18313)
1815124723,e5dd927f-225f-31d8-9937-c656677be511,-56.59914,-19.43522,2026-04-22 17:39:00+00:00,2026-04-22,NOAA-20,CORUMBÁ,MATO GROSSO DO SUL,Brasil,,,,Pantanal,33,50,5003207,8,,226_073,7.8,POINT(-56.59914 -19.43522)
1815124764,e5283e4b-c7bd-39eb-afcd-91bb0312012b,-54.89642,-21.34146,2026-04-22 17:39:00+00:00,2026-04-22,NOAA-20,SIDROLÂNDIA,MATO GROSSO DO SUL,Brasil,,,,Cerrado,33,50,5007901,8,,225_075,7.5,POINT(-54.89642 -21.34146)
1815124589,3d96ab27-fcfc-3104-bb21-f73ca75a525b,-56.59184,-19.44904,2026-04-22 17:39:00+00:00,2026-04-22,NOAA-20,CORUMBÁ,MATO GROSSO DO SUL,Brasil,,,,Pantanal,33,50,5003207,8,,226_073,6.9,POINT(-56.59184 -19.44904)
1815125175,e877f7ff-08c9-3621-b57b-a41ddc892a78,-47.77097,-15.75768,2026-04-22 17:39:00+00:00,2026-04-22,NOAA-20,BRASÍLIA,DISTRITO FEDERAL,Brasil,,,,Cerrado,33,53,5300108,8,,221_071,20.5,POINT(-47.77097 -15.75768)
1815125824,423166bf-0198-3bf5-8b8f-0b3e93ae6d95,-46.78858,-20.23479,2026-04-22 17:39:00+00:00,2026-04-22,NOAA-20,DELFINÓPOLIS,MINAS GERAIS,Brasil,,,,Cerrado,33,31,3121209,8,,220_074,10.4,POINT(-46.78858 -20.23479)
1815125019,3809900f-69a1-3089-9358-830f89eac4c8,-46.79519,-20.18867,2026-04-22 17:39:00+00:00,2026-04-22,NOAA-20,SÃO ROQUE DE MINAS,MINAS GERAIS,Brasil,,,,Cerrado,33,31,3164308,8,,220_074,8.2,POINT(-46.79519 -20.18867)
1815125199,681dc779-80df-3fda-a590-990f1b9d1823,-51.67548,-18.48563,2026-04-22 17:39:00+00:00,2026-04-22,NOAA-20,SERRANÓPOLIS,GOIÁS,Brasil,,,,Cerrado,33,52,5220504,8,,223_073,5.1,POINT(-51.67548 -18.48563)
1815125496,685c36d4-a3d8-357a-8261-1dd2c505c6fa,-46.89892,-20.1932,2026-04-22 17:39:00+00:00,2026-04-22,NOAA-20,DELFINÓPOLIS,MINAS GERAIS,Brasil,,,,Cerrado,33,31,3121209,8,,220_074,11.7,POINT(-46.89892 -20.1932)
1815124735,46e77088-9d51-32ba-ae8a-ed013a92de94,-52.30337,-23.13907,2026-04-22 17:39:00+00:00,2026-04-22,NOAA-20,ALTO PARANÁ,PARANÁ,Brasil,,,,Mata Atlântica,33,41,4100608,8,,223_076,7.7,POINT(-52.30337 -23.13907)
1815125790,71be345a-631d-38a0-b0a3-153b45a028a3,-52.69568,-22.97099,2026-04-22 17:39:00+00:00,2026-04-22,NOAA-20,GUAIRAÇÁ,PARANÁ,Brasil,,,,Mata Atlântica,33,41,4108908,8,,223_076,14.0,POINT(-52.69568 -22.97099)
1815123883,e8fcda78-231a-37a4-8a8c-8c3d97980dcb,-51.66425,-18.49377,2026-04-22 17:39:00+00:00,2026-04-22,NOAA-20,SERRANÓPOLIS,GOIÁS,Brasil,,,,Cerrado,33,52,5220504,8,,223_073,2.8,POINT(-51.66425 -18.49377)
1815126106,0eb76449-9e74-3c9c-a28e-76b99d706433,-51.67846,-18.48623,2026-04-22 17:39:00+00:00,2026-04-22,NOAA-20,ITARUMÃ,GOIÁS,Brasil,,,,Cerrado,33,52,5211305,8,,223_073,5.1,POINT(-51.67846 -18.48623)
1815124038,3e4cf4ae-544b-3159-a17f-41cebd675609,-51.86633,-23.41496,2026-04-22 17:39:00+00:00,2026-04-22,NOAA-20,MARINGÁ,PARANÁ,Brasil,,,,Mata Atlântica,33,41,4115200,8,,222_076,2.9,POINT(-51.86633 -23.41496)
1815124509,a2fb9191-431c-3bee-bb4b-62d93d962e43,-46.7753,-20.23846,2026-04-22 17:39:00+00:00,2026-04-22,NOAA-20,SÃO ROQUE DE MINAS,MINAS GERAIS,Brasil,,,,Cerrado,33,31,3164308,8,,220_074,7.0,POINT(-46.7753 -20.23846)
1815124864,3877d845-8168-3d5c-90f6-1660378383c2,-54.90165,-21.34244,2026-04-22 17:39:00+00:00,2026-04-22,NOAA-20,SIDROLÂNDIA,MATO GROSSO DO SUL,Brasil,,,,Cerrado,33,50,5007901,8,,225_075,3.9,POINT(-54.90165 -21.34244)
1815126373,99006f6d-f002-373a-bb52-167dca3dd61d,-46.76252,-20.20174,2026-04-22 17:39:00+00:00,2026-04-22,NOAA-20,SÃO ROQUE DE MINAS,MINAS GERAIS,Brasil,,,,Cerrado,33,31,3164308,8,,220_074,8.0,POINT(-46.76252 -20.20174)
1815124849,e6752c5d-8698-3413-bcb1-beb816cc462e,-55.92857,-18.58998,2026-04-22 17:39:00+00:00,2026-04-22,NOAA-20,CORUMBÁ,MATO GROSSO DO SUL,Brasil,,,,Pantanal,33,50,5003207,8,,226_073,3.8,POINT(-55.92857 -18.58998)
1815124105,b909c350-15c5-3f51-b5f4-c3d0b4642d37,-51.92002,-23.12151,2026-04-22 17:39:00+00:00,2026-04-22,NOAA-20,FLÓRIDA,PARANÁ,Brasil,,,,Mata Atlântica,33,41,4108106,8,,222_076,9.6,POINT(-51.92002 -23.12151)
1815124143,f79786dc-1ed6-365e-a4e5-2ada3729fa21,-56.59774,-19.44252,2026-04-22 17:39:00+00:00,2026-04-22,NOAA-20,CORUMBÁ,MATO GROSSO DO SUL,Brasil,,,,Pantanal,33,50,5003207,8,,226_073,11.5,POINT(-56.59774 -19.44252)
1815126071,2f525654-27a5-31fc-86de-bb8eff1bd472,-51.2617,-17.90642,2026-04-22 17:39:00+00:00,2026-04-22,NOAA-20,JATAÍ,GOIÁS,Brasil,,,,Cerrado,33,52,5211909,8,,223_072,3.4,POINT(-51.2617 -17.90642)
1815124408,c254323f-9a25-308f-bafb-717f4c0936be,-47.76678,-15.76015,2026-04-22 17:39:00+00:00,2026-04-22,NOAA-20,BRASÍLIA,DISTRITO FEDERAL,Brasil,,,,Cerrado,33,53,5300108,8,,221_071,17.8,POINT(-47.76678 -15.76015)
1815123675,4e7a4da3-cca6-37be-8da0-36f1ea391133,-51.66838,-18.48939,2026-04-22 17:39:00+00:00,2026-04-22,NOAA-20,SERRANÓPOLIS,GOIÁS,Brasil,,,,Cerrado,33,52,5220504,8,,223_073,3.3,POINT(-51.66838 -18.48939)
1815125520,aa3506f2-b4d2-3707-96be-ddb5fdb1913b,-51.42022,-23.38913,2026-04-22 17:39:00+00:00,2026-04-22,NOAA-20,ARAPONGAS,PARANÁ,Brasil,,,,Mata Atlântica,33,41,4101507,8,,222_076,6.3,POINT(-51.42022 -23.38913)
1815126059,c9b7509b-dd23-38ea-b38c-aeb15d20a6f3,-45.98475,-20.59911,2026-04-22 17:39:00+00:00,2026-04-22,NOAA-20,CAPITÓLIO,MINAS GERAIS,Brasil,,,,Cerrado,33,31,3112802,8,,219_074,4.5,POINT(-45.98475 -20.59911)
1815123924,071573c6-8bdd-37d6-b436-1454293a5a70,-52.30152,-23.13925,2026-04-22 17:39:00+00:00,2026-04-22,NOAA-20,ALTO PARANÁ,PARANÁ,Brasil,,,,Mata Atlântica,33,41,4100608,8,,223_076,6.1,POINT(-52.30152 -23.13925)
1815123927,dce1ecc0-c5c0-3d7e-a8f4-fff2a80c05a4,-46.73435,-20.1952,2026-04-22 17:39:00+00:00,2026-04-22,NOAA-20,SÃO ROQUE DE MINAS,MINAS GERAIS,Brasil,,,,Cerrado,33,31,3164308,8,,220_074,3.7,POINT(-46.73435 -20.1952)
1815124828,17c839ed-4101-3f66-a7b7-2a35e8650660,-54.92821,-22.57584,2026-04-22 17:39:00+00:00,2026-04-22,NOAA-20,CAARAPÓ,MATO GROSSO DO SUL,Brasil,,,,Mata Atlântica,33,50,5002407,8,,225_076,10.0,POINT(-54.92821 -22.57584)
1815124195,56a0cdf4-0142-3771-b891-58011e516dfe,-46.79842,-20.18262,2026-04-22 17:39:00+00:00,2026-04-22,NOAA-20,SÃO ROQUE DE MINAS,MINAS GERAIS,Brasil,,,,Cerrado,33,31,3164308,8,,220_074,11.0,POINT(-46.79842 -20.18262)
1815125993,a23f6fc4-e458-3c03-9de6-d7af4efb6c01,-56.60603,-19.44771,2026-04-22 17:39:00+00:00,2026-04-22,NOAA-20,CORUMBÁ,MATO GROSSO DO SUL,Brasil,,,,Pantanal,33,50,5003207,8,,226_073,12.2,POINT(-56.60603 -19.44771)
1815124035,f75255b0-e00c-39e1-8958-886330271437,-56.60224,-19.44329,2026-04-22 17:39:00+00:00,2026-04-22,NOAA-20,CORUMBÁ,MATO GROSSO DO SUL,Brasil,,,,Pantanal,33,50,5003207,8,,226_073,11.5,POINT(-56.60224 -19.44329)
1815125961,cdc9ed26-211a-3e60-8db4-a1119ed230f8,-51.26278,-17.90588,2026-04-22 17:39:00+00:00,2026-04-22,NOAA-20,JATAÍ,GOIÁS,Brasil,,,,Cerrado,33,52,5211909,8,,223_072,2.5,POINT(-51.26278 -17.90588)
1815124148,5a5494a2-1f5a-308a-a572-c248de04d827,-51.4223,-23.39104,2026-04-22 17:39:00+00:00,2026-04-22,NOAA-20,ARAPONGAS,PARANÁ,Brasil,,,,Mata Atlântica,33,41,4101507,8,,222_076,6.0,POINT(-51.4223 -23.39104)
1815126125,720d2ffe-cd0f-3644-920c-a009dbff01e7,-56.58874,-19.44097,2026-04-22 17:39:00+00:00,2026-04-22,NOAA-20,CORUMBÁ,MATO GROSSO DO SUL,Brasil,,,,Pantanal,33,50,5003207,8,,226_073,20.1,POINT(-56.58874 -19.44097)
1815125386,786b71e0-88f7-36bb-828a-afad1fb9a45a,-46.78687,-20.2412,2026-04-22 17:39:00+00:00,2026-04-22,NOAA-20,DELFINÓPOLIS,MINAS GERAIS,Brasil,,,,Cerrado,33,31,3121209,8,,220_074,19.4,POINT(-46.78687 -20.2412)
1815125950,b14e3fd7-52ab-3d6d-bc66-dbffa0b3b48b,-56.60674,-19.44406,2026-04-22 17:39:00+00:00,2026-04-22,NOAA-20,CORUMBÁ,MATO GROSSO DO SUL,Brasil,,,,Pantanal,33,50,5003207,8,,226_073,12.2,POINT(-56.60674 -19.44406)
1815125642,593ca731-2434-38cb-8475-a2b8777e5c96,-56.60534,-19.45135,2026-04-22 17:39:00+00:00,2026-04-22,NOAA-20,CORUMBÁ,MATO GROSSO DO SUL,Brasil,,,,Pantanal,33,50,5003207,8,,226_073,3.4,POINT(-56.60534 -19.45135)
1815126349,90da46de-ef85-33a2-8da0-f98e711a94c2,-49.77536,-19.70915,2026-04-22 17:39:00+00:00,2026-04-22,NOAA-20,SÃO FRANCISCO DE SALES,MINAS GERAIS,Brasil,,,,Cerrado,33,31,3161304,8,,222_074,5.5,POINT(-49.77536 -19.70915)
1815126131,61fbb384-61a7-3140-89fa-78ce7a797400,-54.89927,-21.34171,2026-04-22 17:39:00+00:00,2026-04-22,NOAA-20,SIDROLÂNDIA,MATO GROSSO DO SUL,Brasil,,,,Cerrado,33,50,5007901,8,,225_075,8.1,POINT(-54.89927 -21.34171)
1815125940,f8372701-1be5-3b0e-b961-4b3c7f4ffdb8,-56.60294,-19.43964,2026-04-22 17:39:00+00:00,2026-04-22,NOAA-20,CORUMBÁ,MATO GROSSO DO SUL,Brasil,,,,Pantanal,33,50,5003207,8,,226_073,7.8,POINT(-56.60294 -19.43964)
1815124285,d7e65055-b9d2-3ff3-918f-c1c4a60fad15,-56.30593,-18.90271,2026-04-22 17:39:00+00:00,2026-04-22,NOAA-20,CORUMBÁ,MATO GROSSO DO SUL,Brasil,,,,Pantanal,33,50,5003207,8,,226_073,5.0,POINT(-56.30593 -18.90271)
1815125360,e42dd443-3f9d-3b9c-b03a-ec6d945a3756,-49.90115,-20.81504,2026-04-22 17:39:00+00:00,2026-04-22,NOAA-20,MONTE APRAZÍVEL,SÃO PAULO,Brasil,,,,Mata Atlântica,33,35,3531407,8,,222_074,0.8,POINT(-49.90115 -20.81504)
1815125661,cc53e890-54cb-33f3-8085-fda6a201f0f0,-46.76132,-20.20102,2026-04-22 17:39:00+00:00,2026-04-22,NOAA-20,SÃO ROQUE DE MINAS,MINAS GERAIS,Brasil,,,,Cerrado,33,31,3164308,8,,220_074,6.7,POINT(-46.76132 -20.20102)
1815124594,1ce0e43e-6442-37cd-b7c3-39ac4ded4ea3,-52.27569,-23.17472,2026-04-22 17:39:00+00:00,2026-04-22,NOAA-20,ALTO PARANÁ,PARANÁ,Brasil,,,,Mata Atlântica,33,41,4100608,8,,223_076,5.3,POINT(-52.27569 -23.17472)
1815124213,107de9d2-72b4-306d-ae50-75a5dffec2ab,-46.80342,-20.18382,2026-04-22 17:39:00+00:00,2026-04-22,NOAA-20,SÃO ROQUE DE MINAS,MINAS GERAIS,Brasil,,,,Cerrado,33,31,3164308,8,,220_074,7.5,POINT(-46.80342 -20.18382)
1815124180,edce7ec1-44bb-32f1-83f2-2067eec4f32d,-52.24602,-18.50153,2026-04-22 17:39:00+00:00,2026-04-22,NOAA-20,SERRANÓPOLIS,GOIÁS,Brasil,,,,Cerrado,33,52,5220504,8,,223_073,15.6,POINT(-52.24602 -18.50153)
1815125939,f99a1e44-608f-38ea-8cdd-7317af37eb80,-46.90038,-20.19308,2026-04-22 17:39:00+00:00,2026-04-22,NOAA-20,DELFINÓPOLIS,MINAS GERAIS,Brasil,,,,Cerrado,33,31,3121209,8,,220_074,13.6,POINT(-46.90038 -20.19308)
1815124819,4392aa39-b695-376f-8055-a45d248633c0,-46.89351,-20.19825,2026-04-22 17:39:00+00:00,2026-04-22,NOAA-20,DELFINÓPOLIS,MINAS GERAIS,Brasil,,,,Cerrado,33,31,3121209,8,,220_074,6.1,POINT(-46.89351 -20.19825)
1815125938,e0f63e73-bedf-376a-b409-6533c8819652,-56.60015,-19.45423,2026-04-22 17:39:00+00:00,2026-04-22,NOAA-20,CORUMBÁ,MATO GROSSO DO SUL,Brasil,,,,Pantanal,33,50,5003207,8,,226_073,12.8,POINT(-56.60015 -19.45423)
1815123808,11cfbffc-6f24-33f0-8dd2-81d8ede10348,-55.9315,-18.58826,2026-04-22 17:39:00+00:00,2026-04-22,NOAA-20,CORUMBÁ,MATO GROSSO DO SUL,Brasil,,,,Pantanal,33,50,5003207,8,,226_073,5.7,POINT(-55.9315 -18.58826)
1815124278,17a4fc8c-3d4b-3d63-9a2b-df6eb0bf2cf7,-53.09661,-23.52565,2026-04-22 17:39:00+00:00,2026-04-22,NOAA-20,CRUZEIRO DO OESTE,PARANÁ,Brasil,,,,Mata Atlântica,33,41,4106605,8,,223_076,3.7,POINT(-53.09661 -23.52565)
1815123821,9a6f55a5-3053-35af-858f-be0f27ea14e9,-46.42759,-20.40767,2026-04-22 17:39:00+00:00,2026-04-22,NOAA-20,VARGEM BONITA,MINAS GERAIS,Brasil,,,,Cerrado,33,31,3170602,8,,219_074,3.9,POINT(-46.42759 -20.40767)
1815126293,c187023a-befb-3557-bfbd-fd567a7195cf,-47.76464,-15.7563,2026-04-22 17:39:00+00:00,2026-04-22,NOAA-20,BRASÍLIA,DISTRITO FEDERAL,Brasil,,,,Cerrado,33,53,5300108,8,,221_071,14.9,POINT(-47.76464 -15.7563)
1815125717,5c8f6dea-d58e-381d-a5ae-8dea651ecf4a,-56.59565,-19.45346,2026-04-22 17:39:00+00:00,2026-04-22,NOAA-20,CORUMBÁ,MATO GROSSO DO SUL,Brasil,,,,Pantanal,33,50,5003207,8,,226_073,12.8,POINT(-56.59565 -19.45346)
1815125912,46b8a5d9-553a-3131-8ebc-1ff23c76b476,-46.79657,-20.18922,2026-04-22 17:39:00+00:00,2026-04-22,NOAA-20,SÃO ROQUE DE MINAS,MINAS GERAIS,Brasil,,,,Cerrado,33,31,3164308,8,,220_074,7.0,POINT(-46.79657 -20.18922)
1815125008,e39f0be8-46bd-382d-8fc7-3718197d296f,-51.34037,-19.68772,2026-04-22 17:39:00+00:00,2026-04-22,NOAA-20,PARANAÍBA,MATO GROSSO DO SUL,Brasil,,,,Cerrado,33,50,5006309,8,,223_074,3.8,POINT(-51.34037 -19.68772)
1815123823,6365aab2-7a19-32e3-9ae7-536078624bdd,-54.94258,-22.58241,2026-04-22 17:39:00+00:00,2026-04-22,NOAA-20,CAARAPÓ,MATO GROSSO DO SUL,Brasil,,,,Mata Atlântica,33,50,5002407,8,,225_076,2.7,POINT(-54.94258 -22.58241)
1815123833,ad8bd1ad-5938-3b3c-8ff8-2af9c8826348,-54.9247,-22.61854,2026-04-22 17:39:00+00:00,2026-04-22,NOAA-20,CAARAPÓ,MATO GROSSO DO SUL,Brasil,,,,Mata Atlântica,33,50,5002407,8,,225_076,8.6,POINT(-54.9247 -22.61854)
1815123848,63460052-fae5-30e1-8fca-c05d4525eb77,-51.92896,-18.78522,2026-04-22 17:39:00+00:00,2026-04-22,NOAA-20,APORÉ,GOIÁS,Brasil,,,,Cerrado,33,52,5201504,8,,223_073,12.2,POINT(-51.92896 -18.78522)
1815124711,f3ca2a40-d437-33d9-9370-11384c311c11,-56.60154,-19.44694,2026-04-22 17:39:00+00:00,2026-04-22,NOAA-20,CORUMBÁ,MATO GROSSO DO SUL,Brasil,,,,Pantanal,33,50,5003207,8,,226_073,11.5,POINT(-56.60154 -19.44694)
1815125080,957394b3-7d8c-3fe8-89da-dd04d47ae860,-51.33732,-19.68709,2026-04-22 17:39:00+00:00,2026-04-22,NOAA-20,PARANAÍBA,MATO GROSSO DO SUL,Brasil,,,,Cerrado,33,50,5006309,8,,223_074,3.8,POINT(-51.33732 -19.68709)
1815125063,051ec87d-ed9d-3f68-8ef6-ab56a32c3f7f,-46.78167,-20.23996,2026-04-22 17:39:00+00:00,2026-04-22,NOAA-20,SÃO ROQUE DE MINAS,MINAS GERAIS,Brasil,,,,Cerrado,33,31,3164308,8,,220_074,19.4,POINT(-46.78167 -20.23996)
1815124778,19766fb4-3e6f-3839-8e95-4686a7db48b2,-51.67439,-18.49061,2026-04-22 17:39:00+00:00,2026-04-22,NOAA-20,ITARUMÃ,GOIÁS,Brasil,,,,Cerrado,33,52,5211305,8,,223_073,5.1,POINT(-51.67439 -18.49061)
1815124609,a841bc08-721e-3d1c-9411-61f5e8694914,-57.17804,-12.31107,2026-04-22 17:41:00+00:00,2026-04-22,NOAA-20,NOVA MARINGÁ,MATO GROSSO,Brasil,,,,Amazônia,33,51,5108907,8,,227_069,27.7,POINT(-57.17804 -12.31107)
1815124078,1b9476f6-9d30-3561-a33a-bceb50b013e3,-54.76751,-12.50121,2026-04-22 17:41:00+00:00,2026-04-22,NOAA-20,FELIZ NATAL,MATO GROSSO,Brasil,,,,Amazônia,33,51,5103700,8,,226_069,6.6,POINT(-54.76751 -12.50121)
1815124081,db2f2a58-8dda-3eb8-959d-8c142664d917,-55.21422,-14.93844,2026-04-22 17:41:00+00:00,2026-04-22,NOAA-20,CHAPADA DOS GUIMARÃES,MATO GROSSO,Brasil,,,,Cerrado,33,51,5103007,8,,226_070,1.0,POINT(-55.21422 -14.93844)
1815123909,032ecff4-350d-3523-ae47-ee5396b725fd,-56.68594,-15.754,2026-04-22 17:41:00+00:00,2026-04-22,NOAA-20,NOSSA SENHORA DO LIVRAMENTO,MATO GROSSO,Brasil,,,,Cerrado,33,51,5106109,8,,227_071,7.2,POINT(-56.68594 -15.754)
1815124336,9c8e101e-b2f3-32f3-b161-1cd5e47044eb,-52.13542,-12.6403,2026-04-22 17:41:00+00:00,2026-04-22,NOAA-20,QUERÊNCIA,MATO GROSSO,Brasil,,,,Amazônia,33,51,5107065,8,,224_069,21.4,POINT(-52.13542 -12.6403)
1815124908,145bb942-3b5f-305f-888a-6bee05d54616,-57.17873,-12.30716,2026-04-22 17:41:00+00:00,2026-04-22,NOAA-20,NOVA MARINGÁ,MATO GROSSO,Brasil,,,,Amazônia,33,51,5108907,8,,227_069,27.7,POINT(-57.17873 -12.30716)
1815124342,c44e76e7-7624-3b57-a041-481ec7739c07,-54.09314,-12.27653,2026-04-22 17:41:00+00:00,2026-04-22,NOAA-20,NOVA UBIRATÃ,MATO GROSSO,Brasil,,,,Amazônia,33,51,5106240,8,,225_069,15.2,POINT(-54.09314 -12.27653)
1815124943,6a8f0b21-020e-3427-b2d2-b257d66c8b6a,-52.13902,-12.64099,2026-04-22 17:41:00+00:00,2026-04-22,NOAA-20,QUERÊNCIA,MATO GROSSO,Brasil,,,,Amazônia,33,51,5107065,8,,224_069,21.4,POINT(-52.13902 -12.64099)
1815123959,62ab21c5-067e-3539-81bd-f40a6d78dcd9,-55.67417,-13.6902,2026-04-22 17:41:00+00:00,2026-04-22,NOAA-20,NOVA MUTUM,MATO GROSSO,Brasil,,,,Cerrado,33,51,5106224,8,,226_070,12.6,POINT(-55.67417 -13.6902)
1815123860,76ff6d4b-95e7-36e9-b389-53cc6678a21d,-47.48856,-13.50132,2026-04-22 17:41:00+00:00,2026-04-22,NOAA-20,CAVALCANTE,GOIÁS,Brasil,,,,Cerrado,33,52,5205307,8,,221_069,14.3,POINT(-47.48856 -13.50132)
1815125331,58d96e7b-8903-36a9-a179-c13e6ada0f9c,-47.4853,-13.50521,2026-04-22 17:41:00+00:00,2026-04-22,NOAA-20,CAVALCANTE,GOIÁS,Brasil,,,,Cerrado,33,52,5205307,8,,221_069,7.2,POINT(-47.4853 -13.50521)
1815124279,8e88b01e-a9bd-33c3-92c0-dc2e70349577,-54.6786,-12.99963,2026-04-22 17:41:00+00:00,2026-04-22,NOAA-20,NOVA UBIRATÃ,MATO GROSSO,Brasil,,,,Amazônia,33,51,5106240,8,,226_069,9.1,POINT(-54.6786 -12.99963)
1815125682,a482d014-60d0-3195-bb20-619e73e83c8a,-54.75875,-12.49987,2026-04-22 17:41:00+00:00,2026-04-22,NOAA-20,FELIZ NATAL,MATO GROSSO,Brasil,,,,Amazônia,33,51,5103700,8,,226_069,11.0,POINT(-54.75875 -12.49987)
1815125313,08f08026-0697-3240-86d6-71bbda7044c6,-57.64581,-14.18875,2026-04-22 17:41:00+00:00,2026-04-22,NOAA-20,DIAMANTINO,MATO GROSSO,Brasil,,,,Amazônia,33,51,5103502,8,,228_070,6.9,POINT(-57.64581 -14.18875)
1815125766,ca18f140-e2c1-3b8b-82cd-5ccded5aeab3,-54.6795,-12.9951,2026-04-22 17:41:00+00:00,2026-04-22,NOAA-20,NOVA UBIRATÃ,MATO GROSSO,Brasil,,,,Amazônia,33,51,5106240,8,,226_069,9.1,POINT(-54.6795 -12.9951)
1815125223,c909f55b-bf42-3d84-aea9-4ef4426fd8b1,-47.48979,-13.49425,2026-04-22 17:41:00+00:00,2026-04-22,NOAA-20,CAVALCANTE,GOIÁS,Brasil,,,,Cerrado,33,52,5205307,8,,221_069,3.2,POINT(-47.48979 -13.49425)
1815125835,c483af1b-756a-3f04-a79c-050206bce404,-48.32345,-13.07761,2026-04-22 17:41:00+00:00,2026-04-22,NOAA-20,PALMEIRÓPOLIS,TOCANTINS,Brasil,,,,Cerrado,33,17,1715754,8,,222_069,14.3,POINT(-48.32345 -13.07761)
1815124319,fefae021-21d0-3c59-8fa5-14373ae5b9f2,-57.6503,-14.1895,2026-04-22 17:41:00+00:00,2026-04-22,NOAA-20,DIAMANTINO,MATO GROSSO,Brasil,,,,Amazônia,33,51,5103502,8,,228_070,4.7,POINT(-57.6503 -14.1895)
1815125848,440ef3b7-c4a1-3dd5-bc02-3bb50b5d7fc5,-48.31985,-13.07855,2026-04-22 17:41:00+00:00,2026-04-22,NOAA-20,PALMEIRÓPOLIS,TOCANTINS,Brasil,,,,Cerrado,33,17,1715754,8,,222_069,18.1,POINT(-48.31985 -13.07855)
1815125895,978aa356-5326-3687-8a7e-afca39f1121a,-56.64934,-13.99169,2026-04-22 17:41:00+00:00,2026-04-22,NOAA-20,DIAMANTINO,MATO GROSSO,Brasil,,,,Cerrado,33,51,5103502,8,,227_070,6.2,POINT(-56.64934 -13.99169)
1815125970,e440548c-9957-359a-a021-995d9b709414,-58.07219,-11.91589,2026-04-22 17:41:00+00:00,2026-04-22,NOAA-20,BRASNORTE,MATO GROSSO,Brasil,,,,Amazônia,33,51,5101902,8,,228_068,4.2,POINT(-58.07219 -11.91589)
1815124361,5c1cac46-ac79-3070-953f-e475edfa3eab,-54.76907,-12.49707,2026-04-22 17:41:00+00:00,2026-04-22,NOAA-20,FELIZ NATAL,MATO GROSSO,Brasil,,,,Amazônia,33,51,5103700,8,,226_069,9.3,POINT(-54.76907 -12.49707)
1815126002,7fcae40f-b88e-383c-a397-56652a9cf9a8,-48.31707,-13.07628,2026-04-22 17:41:00+00:00,2026-04-22,NOAA-20,PALMEIRÓPOLIS,TOCANTINS,Brasil,,,,Cerrado,33,17,1715754,8,,222_069,12.7,POINT(-48.31707 -13.07628)
1815126004,30619569-92e2-3d28-8037-be47e08c3320,-54.76194,-12.50493,2026-04-22 17:41:00+00:00,2026-04-22,NOAA-20,FELIZ NATAL,MATO GROSSO,Brasil,,,,Amazônia,33,51,5103700,8,,226_069,2.2,POINT(-54.76194 -12.50493)
1815126009,3d51e122-8baf-34e0-8bd9-c9b50ed6f87a,-54.76353,-12.50075,2026-04-22 17:41:00+00:00,2026-04-22,NOAA-20,FELIZ NATAL,MATO GROSSO,Brasil,,,,Amazônia,33,51,5103700,8,,226_069,13.6,POINT(-54.76353 -12.50075)
1815124037,c5145aac-84a9-3071-9842-57c639dd8b46,-57.18315,-12.31195,2026-04-22 17:41:00+00:00,2026-04-22,NOAA-20,NOVA MARINGÁ,MATO GROSSO,Brasil,,,,Amazônia,33,51,5108907,8,,227_069,11.9,POINT(-57.18315 -12.31195)
1815126385,6e58ad68-1b32-3c0e-900c-0c6467423d2b,-54.76273,-12.50036,2026-04-22 17:41:00+00:00,2026-04-22,NOAA-20,FELIZ NATAL,MATO GROSSO,Brasil,,,,Amazônia,33,51,5103700,8,,226_069,6.6,POINT(-54.76273 -12.50036)
1815124199,7d795194-6fb4-3d1f-aaf1-11515b75284b,-54.76828,-12.49664,2026-04-22 17:41:00+00:00,2026-04-22,NOAA-20,FELIZ NATAL,MATO GROSSO,Brasil,,,,Amazônia,33,51,5103700,8,,226_069,6.6,POINT(-54.76828 -12.49664)
1815124252,af9c6d36-7473-3a25-8c54-4d5eada396d4,-56.66031,-13.98953,2026-04-22 17:41:00+00:00,2026-04-22,NOAA-20,DIAMANTINO,MATO GROSSO,Brasil,,,,Cerrado,33,51,5103502,8,,227_070,5.7,POINT(-56.66031 -13.98953)
1815125095,6ee80dc1-e0a1-3e39-822c-a01b50eebaa4,-55.77971,-3.88969,2026-04-22 17:43:00+00:00,2026-04-22,NOAA-20,AVEIRO,PARÁ,Brasil,,,,Amazônia,33,15,1501006,8,,228_063,5.6,POINT(-55.77971 -3.88969)
1815125218,1e135066-b1dc-35ca-a4ee-cdfe59590b12,-55.42707,-4.09332,2026-04-22 17:43:00+00:00,2026-04-22,NOAA-20,AVEIRO,PARÁ,Brasil,,,,Amazônia,33,15,1501006,8,,228_063,4.2,POINT(-55.42707 -4.09332)
1815125102,758f05a8-9a3a-3d83-ac03-6691c25959a2,-54.69543,-3.54444,2026-04-22 17:43:00+00:00,2026-04-22,NOAA-20,PLACAS,PARÁ,Brasil,,,,Amazônia,33,15,1505650,8,,227_062,3.2,POINT(-54.69543 -3.54444)
1815124528,4ebc29b8-4bfc-37ee-a3fc-85958ba7bc66,-55.43001,-4.09381,2026-04-22 17:43:00+00:00,2026-04-22,NOAA-20,AVEIRO,PARÁ,Brasil,,,,Amazônia,33,15,1501006,8,,228_063,4.2,POINT(-55.43001 -4.09381)
1815125607,a394f425-cd7e-30b4-9255-2f794ff92523,-55.33344,-4.25312,2026-04-22 17:43:00+00:00,2026-04-22,NOAA-20,RURÓPOLIS,PARÁ,Brasil,,,,Amazônia,33,15,1506195,8,,227_063,1.6,POINT(-55.33344 -4.25312)
1815123956,5835d3c7-88ed-3641-8217-60ac3d690a5a,-63.83986,-8.88434,2026-04-22 17:43:00+00:00,2026-04-22,NOAA-20,PORTO VELHO,RONDÔNIA,Brasil,,,,Amazônia,33,11,1100205,8,,232_066,4.7,POINT(-63.83986 -8.88434)
1815124515,c9491818-1aa9-353b-b542-672f7835a232,-53.6222,-2.21345,2026-04-22 17:45:00+00:00,2026-04-22,NOAA-20,PRAINHA,PARÁ,Brasil,,,,Amazônia,33,15,1506005,8,,227_061,2.9,POINT(-53.6222 -2.21345)
1815124130,3e58a4bc-47f7-32e0-8d94-eadca39f5c4c,-56.34523,-1.96222,2026-04-22 17:45:00+00:00,2026-04-22,NOAA-20,TERRA SANTA,PARÁ,Brasil,,,,Amazônia,33,15,1507979,8,,228_061,4.7,POINT(-56.34523 -1.96222)
1815125195,5402620c-a108-3b68-8860-36af8d00e52a,-56.34913,-1.96023,2026-04-22 17:45:00+00:00,2026-04-22,NOAA-20,TERRA SANTA,PARÁ,Brasil,,,,Amazônia,33,15,1507979,8,,228_061,10.5,POINT(-56.34913 -1.96023)
1815124479,6a07359c-6dbb-3d9f-bbd4-33b7da5e30c2,-55.38013,-1.78489,2026-04-22 17:45:00+00:00,2026-04-22,NOAA-20,ÓBIDOS,PARÁ,Brasil,,,,Amazônia,33,15,1505106,8,,228_061,3.0,POINT(-55.38013 -1.78489)
1815121637,a48b8978-fb99-39e6-a1e3-c019efc7d428,-45.35851,-13.38773,2026-04-22 17:52:00+00:00,2026-04-22,AQUA_M-T,CORRENTINA,BAHIA,Brasil,,,,Cerrado,33,29,2909307,8,,220_069,37.0,POINT(-45.35851 -13.38773)
1815121332,b96ff90f-e6ac-3f77-9483-2e1d06822648,-39.53861,-15.60566,2026-04-22 17:52:00+00:00,2026-04-22,AQUA_M-T,CAMACAN,BAHIA,Brasil,,,,Mata Atlântica,33,29,2905602,8,,216_071,11.9,POINT(-39.53861 -15.60566)
1815122438,ebe4abc5-55e0-3d88-8247-73ee46408434,-39.93232,-18.90007,2026-04-22 17:52:00+00:00,2026-04-22,AQUA_M-T,SÃO MATEUS,ESPÍRITO SANTO,Brasil,,,,Mata Atlântica,33,32,3204906,8,,215_073,13.7,POINT(-39.93232 -18.90007)
1815121781,c03bece3-dd9d-30cd-85d3-9ab21e905f90,-42.62112,-15.16146,2026-04-22 17:52:00+00:00,2026-04-22,AQUA_M-T,MONTEZUMA,MINAS GERAIS,Brasil,,,,Cerrado,33,31,3143450,8,,218_070,97.9,POINT(-42.62112 -15.16146)
1815121340,35732eb2-8883-3f4d-a72f-1f41616c601b,-39.9338,-18.8887,2026-04-22 17:52:00+00:00,2026-04-22,AQUA_M-T,SÃO MATEUS,ESPÍRITO SANTO,Brasil,,,,Mata Atlântica,33,32,3204906,8,,215_073,17.7,POINT(-39.9338 -18.8887)
1815121580,2c527d48-c378-3bb8-9757-9382efd79ce7,-38.15155,-11.74978,2026-04-22 17:52:00+00:00,2026-04-22,AQUA_M-T,APORÁ,BAHIA,Brasil,,,,Mata Atlântica,33,29,2901908,8,,215_068,7.4,POINT(-38.15155 -11.74978)
1815122699,3b8a4f3b-2bc1-3178-a15e-f00bfd323342,-45.47596,-12.56874,2026-04-22 17:52:00+00:00,2026-04-22,AQUA_M-T,SÃO DESIDÉRIO,BAHIA,Brasil,,,,Cerrado,33,29,2928901,8,,220_069,230.9,POINT(-45.47596 -12.56874)
1815123144,c92db8eb-10b9-3319-94f2-12a715ff1be3,-39.93379,-18.8887,2026-04-22 17:52:00+00:00,2026-04-22,AQUA_M-T,SÃO MATEUS,ESPÍRITO SANTO,Brasil,,,,Mata Atlântica,33,32,3204906,8,,215_073,17.7,POINT(-39.93379 -18.8887)
1815122591,7501e417-106c-30fd-b1cd-ca89fa46cac6,-39.53973,-15.59514,2026-04-22 17:52:00+00:00,2026-04-22,AQUA_M-T,CAMACAN,BAHIA,Brasil,,,,Mata Atlântica,33,29,2905602,8,,216_071,7.5,POINT(-39.53973 -15.59514)
1815121348,68857e0d-54d0-3ef3-a71d-0954228ebe1e,-41.28216,-15.16645,2026-04-22 17:52:00+00:00,2026-04-22,AQUA_M-T,BELO CAMPO,BAHIA,Brasil,,,,Mata Atlântica,33,29,2903508,8,,217_070,42.1,POINT(-41.28216 -15.16645)
1815121449,802ba058-6086-3843-8ba0-4a1a75fcfd5a,-41.28215,-15.16645,2026-04-22 17:52:00+00:00,2026-04-22,AQUA_M-T,BELO CAMPO,BAHIA,Brasil,,,,Mata Atlântica,33,29,2903508,8,,217_070,42.1,POINT(-41.28215 -15.16645)
1815121874,9faab666-a975-3634-8030-a9e48957400c,-42.6211,-15.16146,2026-04-22 17:52:00+00:00,2026-04-22,AQUA_M-T,MONTEZUMA,MINAS GERAIS,Brasil,,,,Cerrado,33,31,3143450,8,,218_070,97.9,POINT(-42.6211 -15.16146)
1815122801,263834a2-b322-320f-87c7-9db6882f1449,-42.63729,-15.17322,2026-04-22 17:52:00+00:00,2026-04-22,AQUA_M-T,MONTEZUMA,MINAS GERAIS,Brasil,,,,Cerrado,33,31,3143450,8,,218_070,58.4,POINT(-42.63729 -15.17322)
1815122468,9efd21e4-a38c-3c82-a005-4b50578efa6f,-39.02473,-15.87376,2026-04-22 17:52:00+00:00,2026-04-22,AQUA_M-T,BELMONTE,BAHIA,Brasil,,,,Mata Atlântica,33,29,2903409,8,,215_071,10.2,POINT(-39.02473 -15.87376)
1815121935,aa840feb-45a4-37b6-877a-120687e687d2,-39.02325,-15.88389,2026-04-22 17:52:00+00:00,2026-04-22,AQUA_M-T,BELMONTE,BAHIA,Brasil,,,,Mata Atlântica,33,29,2903409,8,,215_071,12.9,POINT(-39.02325 -15.88389)
1815123104,f0738838-07c9-36d4-a475-2a1025beceee,-43.99602,-15.18777,2026-04-22 17:52:00+00:00,2026-04-22,AQUA_M-T,JAÍBA,MINAS GERAIS,Brasil,,,,Cerrado,33,31,3135050,8,,219_070,24.5,POINT(-43.99602 -15.18777)
1815122950,49baf8b2-1373-395b-be1c-364305b812c5,-42.69915,-14.4141,2026-04-22 17:52:00+00:00,2026-04-22,AQUA_M-T,PINDAÍ,BAHIA,Brasil,,,,Caatinga,33,29,2924504,8,,218_070,20.4,POINT(-42.69915 -14.4141)
1815122659,5e3e1ac5-216f-3ff9-a2fe-058b7bb9d693,-45.48137,-12.56,2026-04-22 17:52:00+00:00,2026-04-22,AQUA_M-T,SÃO DESIDÉRIO,BAHIA,Brasil,,,,Cerrado,33,29,2928901,8,,220_069,281.3,POINT(-45.48137 -12.56)
1815122311,3e46bfe1-a78a-3294-8bde-70495f7ebdf8,-43.99604,-15.18777,2026-04-22 17:52:00+00:00,2026-04-22,AQUA_M-T,JAÍBA,MINAS GERAIS,Brasil,,,,Cerrado,33,31,3135050,8,,219_070,24.5,POINT(-43.99604 -15.18777)
1815121385,f8b607d6-1ce8-3511-9bd7-4f44fec95368,-45.33132,-13.39047,2026-04-22 17:52:00+00:00,2026-04-22,AQUA_M-T,CORRENTINA,BAHIA,Brasil,,,,Cerrado,33,29,2909307,8,,220_069,150.8,POINT(-45.33132 -13.39047)
1815122972,27c9af15-9bc8-3217-8ef0-2de4f98e0ccc,-45.32483,-13.38405,2026-04-22 17:52:00+00:00,2026-04-22,AQUA_M-T,CORRENTINA,BAHIA,Brasil,,,,Cerrado,33,29,2909307,8,,220_069,190.0,POINT(-45.32483 -13.38405)
1815121534,ca99d81a-46c1-3f9f-9f79-46aa227dd0af,-45.51495,-12.5639,2026-04-22 17:52:00+00:00,2026-04-22,AQUA_M-T,SÃO DESIDÉRIO,BAHIA,Brasil,,,,Cerrado,33,29,2928901,8,,220_069,46.7,POINT(-45.51495 -12.5639)
1815121836,4c394b46-0456-324c-9dfd-8ab6c64ab451,-45.48139,-12.55999,2026-04-22 17:52:00+00:00,2026-04-22,AQUA_M-T,SÃO DESIDÉRIO,BAHIA,Brasil,,,,Cerrado,33,29,2928901,8,,220_069,281.3,POINT(-45.48139 -12.55999)
1815121900,7f15eef6-5730-3802-b0a6-d0d485024d0b,-41.29988,-15.16867,2026-04-22 17:52:00+00:00,2026-04-22,AQUA_M-T,CÂNDIDO SALES,BAHIA,Brasil,,,,Mata Atlântica,33,29,2906709,8,,217_070,45.5,POINT(-41.29988 -15.16867)
1815122344,da37937c-12bd-3251-96b9-aaa8007b3b46,-45.51493,-12.56391,2026-04-22 17:52:00+00:00,2026-04-22,AQUA_M-T,SÃO DESIDÉRIO,BAHIA,Brasil,,,,Cerrado,33,29,2928901,8,,220_069,46.7,POINT(-45.51493 -12.56391)
1815123112,84ebe050-17b5-3c41-bf67-ef24c61283ad,-39.10762,-15.95624,2026-04-22 17:52:00+00:00,2026-04-22,AQUA_M-T,BELMONTE,BAHIA,Brasil,,,,Mata Atlântica,33,29,2903409,8,,215_071,8.2,POINT(-39.10762 -15.95624)
1815121421,21a6f312-93dd-3547-a733-c4f29e37c30a,-42.69913,-14.41411,2026-04-22 17:52:00+00:00,2026-04-22,AQUA_M-T,PINDAÍ,BAHIA,Brasil,,,,Caatinga,33,29,2924504,8,,218_070,20.4,POINT(-42.69913 -14.41411)
1815121867,d0886b2f-d08b-3c96-85e3-f694bcec9c85,-39.9323,-18.90008,2026-04-22 17:52:00+00:00,2026-04-22,AQUA_M-T,SÃO MATEUS,ESPÍRITO SANTO,Brasil,,,,Mata Atlântica,33,32,3204906,8,,215_073,13.7,POINT(-39.9323 -18.90008)
1815121224,0b5a9748-7f58-30b2-a59f-b745ae7175a0,-39.12011,-15.95786,2026-04-22 17:52:00+00:00,2026-04-22,AQUA_M-T,BELMONTE,BAHIA,Brasil,,,,Mata Atlântica,33,29,2903409,8,,215_071,9.4,POINT(-39.12011 -15.95786)
1815121256,9a80eba7-28e5-3575-ab84-ded340be5914,-45.47594,-12.56875,2026-04-22 17:52:00+00:00,2026-04-22,AQUA_M-T,SÃO DESIDÉRIO,BAHIA,Brasil,,,,Cerrado,33,29,2928901,8,,220_069,230.9,POINT(-45.47594 -12.56875)
1815122594,c4be3ff0-7d49-35fa-aeaa-e3172ce4308b,-45.35849,-13.38773,2026-04-22 17:52:00+00:00,2026-04-22,AQUA_M-T,CORRENTINA,BAHIA,Brasil,,,,Cerrado,33,29,2909307,8,,220_069,37.0,POINT(-45.35849 -13.38773)
1815121503,3a88b670-8299-3681-a463-5782a4d36134,-39.10763,-15.95624,2026-04-22 17:52:00+00:00,2026-04-22,AQUA_M-T,BELMONTE,BAHIA,Brasil,,,,Mata Atlântica,33,29,2903409,8,,215_071,8.2,POINT(-39.10763 -15.95624)
1815123137,df7a0708-bc35-33ba-b119-2d9f0870b3ec,-45.32482,-13.38406,2026-04-22 17:52:00+00:00,2026-04-22,AQUA_M-T,CORRENTINA,BAHIA,Brasil,,,,Cerrado,33,29,2909307,8,,220_069,190.0,POINT(-45.32482 -13.38406)
1815121437,2f8fb334-61fd-3865-becd-da7c8a3b7c34,-39.53862,-15.60565,2026-04-22 17:52:00+00:00,2026-04-22,AQUA_M-T,CAMACAN,BAHIA,Brasil,,,,Mata Atlântica,33,29,2905602,8,,216_071,11.9,POINT(-39.53862 -15.60565)
1815122561,56275c0e-a59b-3fb4-b4d8-736eb9dbd32c,-39.02327,-15.88389,2026-04-22 17:52:00+00:00,2026-04-22,AQUA_M-T,BELMONTE,BAHIA,Brasil,,,,Mata Atlântica,33,29,2903409,8,,215_071,12.9,POINT(-39.02327 -15.88389)
1815122262,a05e4a2d-1e7a-3463-b0fd-eedf6e50ae1f,-39.1201,-15.95786,2026-04-22 17:52:00+00:00,2026-04-22,AQUA_M-T,BELMONTE,BAHIA,Brasil,,,,Mata Atlântica,33,29,2903409,8,,215_071,9.4,POINT(-39.1201 -15.95786)
1815121725,0d375a16-e5f9-3122-80e6-ccdef3d24e93,-39.53975,-15.59514,2026-04-22 17:52:00+00:00,2026-04-22,AQUA_M-T,CAMACAN,BAHIA,Brasil,,,,Mata Atlântica,33,29,2905602,8,,216_071,7.5,POINT(-39.53975 -15.59514)
1815121321,2754b59b-8fb1-3328-9ce2-d44c6446d092,-41.46542,-15.14026,2026-04-22 17:52:00+00:00,2026-04-22,AQUA_M-T,TREMEDAL,BAHIA,Brasil,,,,Mata Atlântica,33,29,2931806,8,,217_070,14.0,POINT(-41.46542 -15.14026)
1815121259,7c037c76-c916-3de5-87c1-3d32dda8f465,-41.2999,-15.16867,2026-04-22 17:52:00+00:00,2026-04-22,AQUA_M-T,CÂNDIDO SALES,BAHIA,Brasil,,,,Mata Atlântica,33,29,2906709,8,,217_070,45.5,POINT(-41.2999 -15.16867)
1815121329,74eb2576-0bc6-3c1c-a0a5-fe4275643555,-42.6373,-15.17322,2026-04-22 17:52:00+00:00,2026-04-22,AQUA_M-T,MONTEZUMA,MINAS GERAIS,Brasil,,,,Cerrado,33,31,3143450,8,,218_070,58.4,POINT(-42.6373 -15.17322)
1815121709,a02e35e7-f1d2-3dce-a76f-31a44cb6c1ae,-42.13895,-13.06562,2026-04-22 17:52:00+00:00,2026-04-22,AQUA_M-T,RIO DO PIRES,BAHIA,Brasil,,,,Caatinga,33,29,2926905,8,,218_069,56.8,POINT(-42.13895 -13.06562)
1815121743,81f13b7c-3599-337f-9244-fdd1019af522,-45.33317,-13.37452,2026-04-22 17:52:00+00:00,2026-04-22,AQUA_M-T,CORRENTINA,BAHIA,Brasil,,,,Cerrado,33,29,2909307,8,,220_069,46.7,POINT(-45.33317 -13.37452)
1815122980,8e2b7041-7f18-39e8-87d3-8b40dd8cfd62,-45.33315,-13.37452,2026-04-22 17:52:00+00:00,2026-04-22,AQUA_M-T,CORRENTINA,BAHIA,Brasil,,,,Cerrado,33,29,2909307,8,,220_069,46.7,POINT(-45.33315 -13.37452)
1815121036,6a530c7b-60aa-3744-baf1-77370c8adb54,-41.4654,-15.14027,2026-04-22 17:52:00+00:00,2026-04-22,AQUA_M-T,TREMEDAL,BAHIA,Brasil,,,,Mata Atlântica,33,29,2931806,8,,217_070,14.0,POINT(-41.4654 -15.14027)
1815121126,90b6bcaf-e013-37c6-a101-77b844244b72,-38.15157,-11.74978,2026-04-22 17:52:00+00:00,2026-04-22,AQUA_M-T,APORÁ,BAHIA,Brasil,,,,Mata Atlântica,33,29,2901908,8,,215_068,7.4,POINT(-38.15157 -11.74978)
1815123037,0f9ae8a2-844c-3c94-9e62-af716ae8038d,-42.13894,-13.06562,2026-04-22 17:52:00+00:00,2026-04-22,AQUA_M-T,RIO DO PIRES,BAHIA,Brasil,,,,Caatinga,33,29,2926905,8,,218_069,56.8,POINT(-42.13894 -13.06562)
1815121700,d9cef333-e185-3cc2-9e11-4e85a79c01ba,-45.33133,-13.39046,2026-04-22 17:52:00+00:00,2026-04-22,AQUA_M-T,CORRENTINA,BAHIA,Brasil,,,,Cerrado,33,29,2909307,8,,220_069,150.8,POINT(-45.33133 -13.39046)
1815121672,307588e5-1d39-3aef-8964-e0f08c86ec86,-39.02475,-15.87376,2026-04-22 17:52:00+00:00,2026-04-22,AQUA_M-T,BELMONTE,BAHIA,Brasil,,,,Mata Atlântica,33,29,2903409,8,,215_071,10.2,POINT(-39.02475 -15.87376)
1815122551,d3bc5168-4ff2-330d-b7e1-1236b826f95e,-43.66859,-11.78147,2026-04-22 17:54:00+00:00,2026-04-22,AQUA_M-T,BARRA,BAHIA,Brasil,,,,Cerrado,33,29,2902708,8,,219_068,68.3,POINT(-43.66859 -11.78147)
1815122941,fa2c8fbc-8944-38d4-bebd-14d61fafc3b3,-37.07928,-7.81167,2026-04-22 17:54:00+00:00,2026-04-22,AQUA_M-T,MONTEIRO,PARAÍBA,Brasil,,,,Caatinga,33,25,2509701,8,,215_065,5.8,POINT(-37.07928 -7.81167)
1815121418,f1b26585-cfdb-3a5a-8917-e81026309a9c,-36.60045,-8.34903,2026-04-22 17:54:00+00:00,2026-04-22,AQUA_M-T,SANHARÓ,PERNAMBUCO,Brasil,,,,Caatinga,33,26,2612406,8,,215_066,8.5,POINT(-36.60045 -8.34903)
1815123018,ee324f99-93eb-391d-b67d-76e8e2865506,-36.60932,-8.35034,2026-04-22 17:54:00+00:00,2026-04-22,AQUA_M-T,SANHARÓ,PERNAMBUCO,Brasil,,,,Caatinga,33,26,2612406,8,,215_066,12.2,POINT(-36.60932 -8.35034)
1815122040,aca91d74-3f82-3d4e-a2f7-95421e5ce40a,-43.84927,-11.9861,2026-04-22 17:54:00+00:00,2026-04-22,AQUA_M-T,WANDERLEY,BAHIA,Brasil,,,,Cerrado,33,29,2933455,8,,219_068,22.7,POINT(-43.84927 -11.9861)
1815122044,7ebc50a8-b9d7-3edb-9729-b80bc7f1ebf8,-43.66858,-11.78147,2026-04-22 17:54:00+00:00,2026-04-22,AQUA_M-T,BARRA,BAHIA,Brasil,,,,Cerrado,33,29,2902708,8,,219_068,68.3,POINT(-43.66858 -11.78147)
1815122993,9ac612f3-ac24-3dd4-9f0f-1a4a13ad2088,-37.38526,-9.00066,2026-04-22 17:54:00+00:00,2026-04-22,AQUA_M-T,ITAÍBA,PERNAMBUCO,Brasil,,,,Caatinga,33,26,2607505,8,,215_066,9.7,POINT(-37.38526 -9.00066)
1815121181,67a97a3c-e327-33b9-bf68-406eef2adb50,-43.64791,-11.76506,2026-04-22 17:54:00+00:00,2026-04-22,AQUA_M-T,BARRA,BAHIA,Brasil,,,,Cerrado,33,29,2902708,8,,219_068,41.3,POINT(-43.64791 -11.76506)
1815121176,4173985e-96d8-32b6-b8cd-a37247afd9af,-43.64607,-11.77869,2026-04-22 17:54:00+00:00,2026-04-22,AQUA_M-T,BARRA,BAHIA,Brasil,,,,Cerrado,33,29,2902708,8,,219_068,84.7,POINT(-43.64607 -11.77869)
1815122097,724a749f-168e-3943-9bbf-f8bb2f8e8e94,-35.39571,-5.60123,2026-04-22 17:54:00+00:00,2026-04-22,AQUA_M-T,CEARÁ-MIRIM,RIO GRANDE DO NORTE,Brasil,,,,Caatinga,33,24,2402600,8,,214_064,7.6,POINT(-35.39571 -5.60123)
1815121112,6948bb66-5e1c-345d-ad11-a3956955e318,-46.81435,-11.24901,2026-04-22 17:54:00+00:00,2026-04-22,AQUA_M-T,ALMAS,TOCANTINS,Brasil,,,,Cerrado,33,17,1700400,8,,221_068,55.5,POINT(-46.81435 -11.24901)
1815122188,920a469f-9fef-3f42-a1a3-94143f538ea5,-40.51398,-10.72057,2026-04-22 17:54:00+00:00,2026-04-22,AQUA_M-T,MIRANGABA,BAHIA,Brasil,,,,Caatinga,33,29,2921401,8,,217_067,27.0,POINT(-40.51398 -10.72057)
1815122255,71b004e6-0ce7-3731-b6a1-754899a568fd,-43.6479,-11.76507,2026-04-22 17:54:00+00:00,2026-04-22,AQUA_M-T,BARRA,BAHIA,Brasil,,,,Cerrado,33,29,2902708,8,,219_068,41.3,POINT(-43.6479 -11.76507)
1815121093,c89daea4-5537-34af-a129-824204347f09,-41.02186,-9.24837,2026-04-22 17:54:00+00:00,2026-04-22,AQUA_M-T,CASA NOVA,BAHIA,Brasil,,,,Caatinga,33,29,2907202,8,,217_066,28.2,POINT(-41.02186 -9.24837)
1815121083,e969018d-8e2d-38ce-a7ef-cf69bccbc501,-37.38525,-9.00066,2026-04-22 17:54:00+00:00,2026-04-22,AQUA_M-T,ITAÍBA,PERNAMBUCO,Brasil,,,,Caatinga,33,26,2607505,8,,215_066,9.7,POINT(-37.38525 -9.00066)
1815122978,b83c3bb1-c9f7-31d3-992e-fb721bb163da,-41.02185,-9.24837,2026-04-22 17:54:00+00:00,2026-04-22,AQUA_M-T,CASA NOVA,BAHIA,Brasil,,,,Caatinga,33,29,2907202,8,,217_066,28.2,POINT(-41.02185 -9.24837)
1815122263,5376f03d-677f-3487-9cf3-5177495a5b4a,-36.60044,-8.34903,2026-04-22 17:54:00+00:00,2026-04-22,AQUA_M-T,SANHARÓ,PERNAMBUCO,Brasil,,,,Caatinga,33,26,2612406,8,,215_066,8.5,POINT(-36.60044 -8.34903)
1815122357,912897f7-6abc-3419-ad10-d4d02ea9a3c2,-35.39569,-5.60123,2026-04-22 17:54:00+00:00,2026-04-22,AQUA_M-T,CEARÁ-MIRIM,RIO GRANDE DO NORTE,Brasil,,,,Caatinga,33,24,2402600,8,,214_064,7.6,POINT(-35.39569 -5.60123)
1815123178,b29cb3cc-03d7-3e76-850a-3975adafd6a0,-43.84928,-11.9861,2026-04-22 17:54:00+00:00,2026-04-22,AQUA_M-T,WANDERLEY,BAHIA,Brasil,,,,Cerrado,33,29,2933455,8,,219_068,22.7,POINT(-43.84928 -11.9861)
1815121733,27a1bb10-a3f6-34a7-b266-84521297c55c,-37.07929,-7.81167,2026-04-22 17:54:00+00:00,2026-04-22,AQUA_M-T,MONTEIRO,PARAÍBA,Brasil,,,,Caatinga,33,25,2509701,8,,215_065,5.8,POINT(-37.07929 -7.81167)
1815121721,a9e263ac-48a9-39d6-ace9-87eff9ec9dcf,-43.64608,-11.77869,2026-04-22 17:54:00+00:00,2026-04-22,AQUA_M-T,BARRA,BAHIA,Brasil,,,,Cerrado,33,29,2902708,8,,219_068,84.7,POINT(-43.64608 -11.77869)
1815121713,b34da364-489a-38f3-84a8-469084c3c5f7,-36.6093,-8.35034,2026-04-22 17:54:00+00:00,2026-04-22,AQUA_M-T,SANHARÓ,PERNAMBUCO,Brasil,,,,Caatinga,33,26,2612406,8,,215_066,12.2,POINT(-36.6093 -8.35034)
1815123147,266e7bc6-3110-3c0b-8a0b-580283f519e4,-46.78194,-11.24142,2026-04-22 17:54:00+00:00,2026-04-22,AQUA_M-T,RIO DA CONCEIÇÃO,TOCANTINS,Brasil,,,,Cerrado,33,17,1718659,8,,221_068,58.3,POINT(-46.78194 -11.24142)
1815121529,e3ae5d39-a0ce-3aae-8203-90dafe26e14f,-40.514,-10.72057,2026-04-22 17:54:00+00:00,2026-04-22,AQUA_M-T,MIRANGABA,BAHIA,Brasil,,,,Caatinga,33,29,2921401,8,,217_067,27.0,POINT(-40.514 -10.72057)
1815121519,37c2e11a-fd87-3aea-96cf-e18c522f0081,-46.78196,-11.24141,2026-04-22 17:54:00+00:00,2026-04-22,AQUA_M-T,RIO DA CONCEIÇÃO,TOCANTINS,Brasil,,,,Cerrado,33,17,1718659,8,,221_068,58.3,POINT(-46.78196 -11.24141)
1815121502,b5d5c025-de18-3ccd-a1ec-75c9445ff948,-46.81434,-11.24902,2026-04-22 17:54:00+00:00,2026-04-22,AQUA_M-T,ALMAS,TOCANTINS,Brasil,,,,Cerrado,33,17,1700400,8,,221_068,55.5,POINT(-46.81434 -11.24902)
1815120742,f8c3f818-93f1-331f-bda6-dfa1af69848e,-45.321,-13.3955,2026-04-22 18:00:00+00:00,2026-04-22,GOES-19,CORRENTINA,BAHIA,Brasil,,,,Cerrado,33,29,2909307,8,,220_069,119.0,POINT(-45.321 -13.3955)
1815120776,c6f51234-af7f-358c-913d-63f0ec3d53a2,-45.3243,-13.3761,2026-04-22 18:10:00+00:00,2026-04-22,GOES-19,CORRENTINA,BAHIA,Brasil,,,,Cerrado,33,29,2909307,8,,220_069,135.9,POINT(-45.3243 -13.3761)
1815120802,d9399d83-cec5-355f-8e2a-90937cd6bdf8,-45.321,-13.3955,2026-04-22 18:20:00+00:00,2026-04-22,GOES-19,CORRENTINA,BAHIA,Brasil,,,,Cerrado,33,29,2909307,8,,220_069,77.3,POINT(-45.321 -13.3955)
1815134854,d3c4065d-bce1-3977-ac76-a346560ebb5d,-60.63052,-13.66275,2026-04-22 18:30:00+00:00,2026-04-22,NOAA-21,COMODORO,MATO GROSSO,Brasil,,,,Amazônia,33,51,5103304,8,,230_069,12.4,POINT(-60.63052 -13.66275)
1815120979,278715a6-8739-319a-aa69-8f403f962f70,-45.321,-13.3955,2026-04-22 18:30:00+00:00,2026-04-22,GOES-19,CORRENTINA,BAHIA,Brasil,,,,Cerrado,33,29,2909307,8,,220_069,132.0,POINT(-45.321 -13.3955)
1815120906,cb7ba621-4157-33cd-82df-7485ab4cc78f,-45.3243,-13.3761,2026-04-22 18:30:00+00:00,2026-04-22,GOES-19,CORRENTINA,BAHIA,Brasil,,,,Cerrado,33,29,2909307,8,,220_069,109.0,POINT(-45.3243 -13.3761)
1815120859,0d6910e8-6a40-36a1-87b7-670c94022050,-45.321,-13.3955,2026-04-22 18:40:00+00:00,2026-04-22,GOES-19,CORRENTINA,BAHIA,Brasil,,,,Cerrado,33,29,2909307,8,,220_069,79.5,POINT(-45.321 -13.3955)
1815122410,b83f632f-e1fa-3ac4-8f03-cf0e6e672ed7,-45.321,-13.3955,2026-04-22 18:50:00+00:00,2026-04-22,GOES-19,CORRENTINA,BAHIA,Brasil,,,,Cerrado,33,29,2909307,8,,220_069,114.8,POINT(-45.321 -13.3955)
1815121165,66f126c2-fb05-3044-88a9-a184e33ea7a7,-45.3243,-13.3761,2026-04-22 18:50:00+00:00,2026-04-22,GOES-19,CORRENTINA,BAHIA,Brasil,,,,Cerrado,33,29,2909307,8,,220_069,142.6,POINT(-45.3243 -13.3761)
1815122069,e2f9e41c-8555-3fa7-826a-625d4c002e9b,-45.4776,-12.5637,2026-04-22 18:50:00+00:00,2026-04-22,GOES-19,SÃO DESIDÉRIO,BAHIA,Brasil,,,,Cerrado,33,29,2928901,8,,220_069,162.1,POINT(-45.4776 -12.5637)
1815122381,8b5203ef-8c1c-32e7-a69b-c4b85a888f9e,-43.643,-11.772,2026-04-22 18:50:00+00:00,2026-04-22,GOES-19,BARRA,BAHIA,Brasil,,,,Cerrado,33,29,2902708,8,,219_068,112.7,POINT(-43.643 -11.772)
1815123242,38596046-da7b-32c7-9334-c0c47d0a7e87,-45.4776,-12.5637,2026-04-22 19:00:00+00:00,2026-04-22,GOES-19,SÃO DESIDÉRIO,BAHIA,Brasil,,,,Cerrado,33,29,2928901,8,,220_069,179.3,POINT(-45.4776 -12.5637)
1815123271,4af2eaba-bd86-308b-907d-e7d19da14368,-45.3243,-13.3761,2026-04-22 19:00:00+00:00,2026-04-22,GOES-19,CORRENTINA,BAHIA,Brasil,,,,Cerrado,33,29,2909307,8,,220_069,120.2,POINT(-45.3243 -13.3761)
1815123294,c03a10a7-43df-3f21-80b7-64a1b37c622a,-45.321,-13.3955,2026-04-22 19:00:00+00:00,2026-04-22,GOES-19,CORRENTINA,BAHIA,Brasil,,,,Cerrado,33,29,2909307,8,,220_069,72.5,POINT(-45.321 -13.3955)
1815123272,7526a42b-efde-3bc4-879c-e4f90382ca78,-41.2812,-15.1628,2026-04-22 19:00:00+00:00,2026-04-22,GOES-19,BELO CAMPO,BAHIA,Brasil,,,,Mata Atlântica,33,29,2903508,8,,217_070,104.6,POINT(-41.2812 -15.1628)
1815123306,da8421ab-4b7b-30e7-a4d8-3878094fdd8a,-43.643,-11.772,2026-04-22 19:00:00+00:00,2026-04-22,GOES-19,BARRA,BAHIA,Brasil,,,,Cerrado,33,29,2902708,8,,219_068,99.6,POINT(-43.643 -11.772)
1815123317,6c0407f9-df3a-3474-9a89-12f88225614e,-45.4746,-12.583,2026-04-22 19:00:00+00:00,2026-04-22,GOES-19,SÃO DESIDÉRIO,BAHIA,Brasil,,,,Cerrado,33,29,2928901,8,,220_069,88.6,POINT(-45.4746 -12.583)
1815123337,b1ba99cf-2613-3081-b4b0-0a093d8db513,-45.321,-13.3955,2026-04-22 19:10:00+00:00,2026-04-22,GOES-19,CORRENTINA,BAHIA,Brasil,,,,Cerrado,33,29,2909307,8,,220_069,87.7,POINT(-45.321 -13.3955)
1815123424,8a37d866-7a82-30b0-9908-9707071bdd22,-43.643,-11.772,2026-04-22 19:10:00+00:00,2026-04-22,GOES-19,BARRA,BAHIA,Brasil,,,,Cerrado,33,29,2902708,8,,219_068,118.8,POINT(-43.643 -11.772)
1815123381,460a64c3-df3d-38da-bad8-1e157be8237b,-45.3243,-13.3761,2026-04-22 19:10:00+00:00,2026-04-22,GOES-19,CORRENTINA,BAHIA,Brasil,,,,Cerrado,33,29,2909307,8,,220_069,106.7,POINT(-45.3243 -13.3761)
1815123365,de82bd8d-28d7-3f25-a5bb-a2acc6b84743,-41.2812,-15.1628,2026-04-22 19:10:00+00:00,2026-04-22,GOES-19,BELO CAMPO,BAHIA,Brasil,,,,Mata Atlântica,33,29,2903508,8,,217_070,113.5,POINT(-41.2812 -15.1628)
1815123356,2a46ab6e-f9cf-3700-993a-6fb683309950,-45.4776,-12.5637,2026-04-22 19:10:00+00:00,2026-04-22,GOES-19,SÃO DESIDÉRIO,BAHIA,Brasil,,,,Cerrado,33,29,2928901,8,,220_069,192.8,POINT(-45.4776 -12.5637)
1815123477,699a7b21-3f41-3646-9481-f43d0ca4ba3c,-45.4746,-12.583,2026-04-22 19:20:00+00:00,2026-04-22,GOES-19,SÃO DESIDÉRIO,BAHIA,Brasil,,,,Cerrado,33,29,2928901,8,,220_069,92.2,POINT(-45.4746 -12.583)
1815123439,8686d8cc-907f-3d61-b866-5acd34d0b399,-43.643,-11.772,2026-04-22 19:20:00+00:00,2026-04-22,GOES-19,BARRA,BAHIA,Brasil,,,,Cerrado,33,29,2902708,8,,219_068,96.2,POINT(-43.643 -11.772)
1815123496,159f0c7a-871d-3476-aaf4-c61b3f85f27f,-45.3243,-13.3761,2026-04-22 19:20:00+00:00,2026-04-22,GOES-19,CORRENTINA,BAHIA,Brasil,,,,Cerrado,33,29,2909307,8,,220_069,110.9,POINT(-45.3243 -13.3761)
1815128788,cf2ff3f7-0337-3770-9175-53a8c1e4bb57,-50.86132,-27.589,2026-04-22 19:28:00+00:00,2026-04-22,AQUA_M-T,SÃO JOSÉ DO CERRITO,SANTA CATARINA,Brasil,,,,Mata Atlântica,33,42,4216800,8,,221_079,10.7,POINT(-50.86132 -27.589)
1815129808,6c290246-b844-3a5d-bbbe-dbe70754e6f5,-52.19809,-27.02162,2026-04-22 19:28:00+00:00,2026-04-22,AQUA_M-T,IPUMIRIM,SANTA CATARINA,Brasil,,,,Mata Atlântica,33,42,4207700,8,,222_079,6.0,POINT(-52.19809 -27.02162)
1815129939,75a6b46a-a6b3-3d51-a9d9-efe566746f14,-52.19811,-27.02162,2026-04-22 19:28:00+00:00,2026-04-22,AQUA_M-T,IPUMIRIM,SANTA CATARINA,Brasil,,,,Mata Atlântica,33,42,4207700,8,,222_079,6.0,POINT(-52.19811 -27.02162)
1815129203,763a9100-4f89-3b73-9782-10aa55aabf5c,-51.35244,-25.86101,2026-04-22 19:28:00+00:00,2026-04-22,AQUA_M-T,PINHÃO,PARANÁ,Brasil,,,,Mata Atlântica,33,41,4119301,8,,222_078,17.8,POINT(-51.35244 -25.86101)
1815130342,5a68ed54-6a6e-34a9-9dbc-ec056ef46854,-52.50904,-26.76376,2026-04-22 19:28:00+00:00,2026-04-22,AQUA_M-T,IPUAÇU,SANTA CATARINA,Brasil,,,,Mata Atlântica,33,42,4207684,8,,222_079,7.7,POINT(-52.50904 -26.76376)
1815130209,28982de9-96ec-3558-9b31-56b4ca0ea46d,-50.86134,-27.589,2026-04-22 19:28:00+00:00,2026-04-22,AQUA_M-T,SÃO JOSÉ DO CERRITO,SANTA CATARINA,Brasil,,,,Mata Atlântica,33,42,4216800,8,,221_079,10.7,POINT(-50.86134 -27.589)
1815130448,71e48bc5-9e19-3642-893c-81c9028749e2,-51.35242,-25.86101,2026-04-22 19:28:00+00:00,2026-04-22,AQUA_M-T,PINHÃO,PARANÁ,Brasil,,,,Mata Atlântica,33,41,4119301,8,,222_078,17.8,POINT(-51.35242 -25.86101)
1815128323,d777d2a7-dccd-33d4-9878-110d0e67b8a6,-52.50902,-26.76376,2026-04-22 19:28:00+00:00,2026-04-22,AQUA_M-T,IPUAÇU,SANTA CATARINA,Brasil,,,,Mata Atlântica,33,42,4207684,8,,222_079,7.7,POINT(-52.50902 -26.76376)
1815129912,725511e1-cf3c-3d2b-993e-f0b2b7077d34,-56.60503,-19.45165,2026-04-22 19:30:00+00:00,2026-04-22,AQUA_M-T,CORUMBÁ,MATO GROSSO DO SUL,Brasil,,,,Pantanal,33,50,5003207,8,,226_073,38.5,POINT(-56.60503 -19.45165)
1815123602,48734766-74c0-3b56-946f-c41654e9b433,-45.4776,-12.5637,2026-04-22 19:30:00+00:00,2026-04-22,GOES-19,SÃO DESIDÉRIO,BAHIA,Brasil,,,,Cerrado,33,29,2928901,8,,220_069,145.4,POINT(-45.4776 -12.5637)
1815123537,72d6732c-edab-3407-8f2e-31265c507093,-45.4746,-12.583,2026-04-22 19:30:00+00:00,2026-04-22,GOES-19,SÃO DESIDÉRIO,BAHIA,Brasil,,,,Cerrado,33,29,2928901,8,,220_069,113.0,POINT(-45.4746 -12.583)
1815123536,ca97b56c-cefa-3c4a-90a1-84ef21f8326f,-45.3243,-13.3761,2026-04-22 19:30:00+00:00,2026-04-22,GOES-19,CORRENTINA,BAHIA,Brasil,,,,Cerrado,33,29,2909307,8,,220_069,85.6,POINT(-45.3243 -13.3761)
1815123534,9f2aeb42-1b00-33d4-8693-b1878f8188d5,-43.643,-11.772,2026-04-22 19:30:00+00:00,2026-04-22,GOES-19,BARRA,BAHIA,Brasil,,,,Cerrado,33,29,2902708,8,,219_068,100.7,POINT(-43.643 -11.772)
1815127523,d1271f99-879a-38e0-989e-4b7a1af53f8d,-55.51497,-18.49845,2026-04-22 19:30:00+00:00,2026-04-22,AQUA_M-T,CORUMBÁ,MATO GROSSO DO SUL,Brasil,,,,Pantanal,33,50,5003207,8,,226_073,27.0,POINT(-55.51497 -18.49845)
1815127545,f86b0dc0-7a1f-3c0f-af74-40ccaf1c1916,-56.60504,-19.45164,2026-04-22 19:30:00+00:00,2026-04-22,AQUA_M-T,CORUMBÁ,MATO GROSSO DO SUL,Brasil,,,,Pantanal,33,50,5003207,8,,226_073,38.5,POINT(-56.60504 -19.45164)
1815127671,7b0acce1-1195-333b-bff6-9b09f90c7049,-54.54894,-18.42135,2026-04-22 19:30:00+00:00,2026-04-22,AQUA_M-T,COXIM,MATO GROSSO DO SUL,Brasil,,,,Cerrado,33,50,5003306,8,,225_073,43.0,POINT(-54.54894 -18.42135)
1815127702,2952af0b-bfce-338f-a424-c08aa6c3060a,-55.92536,-18.58892,2026-04-22 19:30:00+00:00,2026-04-22,AQUA_M-T,CORUMBÁ,MATO GROSSO DO SUL,Brasil,,,,Pantanal,33,50,5003207,8,,226_073,8.8,POINT(-55.92536 -18.58892)
1815127868,cc3de54e-1241-3729-a19a-5c95e4c1daf3,-56.60677,-19.44217,2026-04-22 19:30:00+00:00,2026-04-22,AQUA_M-T,CORUMBÁ,MATO GROSSO DO SUL,Brasil,,,,Pantanal,33,50,5003207,8,,226_073,12.0,POINT(-56.60677 -19.44217)
1815127904,fee0bc52-a64d-3247-a6c3-5e4c3cf9c210,-52.89034,-18.31676,2026-04-22 19:30:00+00:00,2026-04-22,AQUA_M-T,COSTA RICA,MATO GROSSO DO SUL,Brasil,,,,Cerrado,33,50,5003256,8,,224_073,155.6,POINT(-52.89034 -18.31676)
1815128021,083ecd7e-e34e-37a7-b70e-0c86a8f2b03b,-52.88786,-18.30367,2026-04-22 19:30:00+00:00,2026-04-22,AQUA_M-T,MINEIROS,GOIÁS,Brasil,,,,Cerrado,33,52,5213103,8,,224_073,14.8,POINT(-52.88786 -18.30367)
1815128050,718baf39-efff-380b-a76a-655c87e1603e,-57.43976,-14.20966,2026-04-22 19:30:00+00:00,2026-04-22,AQUA_M-T,NOVA MARILÂNDIA,MATO GROSSO,Brasil,,,,Amazônia,33,51,5108857,8,,227_070,9.6,POINT(-57.43976 -14.20966)
1815128235,27784be3-f447-3995-907e-e647292d90e2,-57.66574,-14.19209,2026-04-22 19:30:00+00:00,2026-04-22,AQUA_M-T,DIAMANTINO,MATO GROSSO,Brasil,,,,Amazônia,33,51,5103502,8,,228_070,13.4,POINT(-57.66574 -14.19209)
1815128287,b9424f79-ae16-38ac-91ff-86a98589fd53,-57.65485,-14.19038,2026-04-22 19:30:00+00:00,2026-04-22,AQUA_M-T,DIAMANTINO,MATO GROSSO,Brasil,,,,Amazônia,33,51,5103502,8,,228_070,28.2,POINT(-57.65485 -14.19038)
1815128350,5d710bf0-4112-36d6-a53b-977f081ea035,-57.40128,-19.40327,2026-04-22 19:30:00+00:00,2026-04-22,AQUA_M-T,CORUMBÁ,MATO GROSSO DO SUL,Brasil,,,,Pantanal,33,50,5003207,8,,227_073,11.4,POINT(-57.40128 -19.40327)
1815128358,19a7688d-614b-3d4f-939d-e0987b06ad2f,-52.90794,-18.30745,2026-04-22 19:30:00+00:00,2026-04-22,AQUA_M-T,COSTA RICA,MATO GROSSO DO SUL,Brasil,,,,Cerrado,33,50,5003256,8,,224_073,50.0,POINT(-52.90794 -18.30745)
1815128383,48706254-808f-3251-98d7-460dfca462b3,-57.43975,-14.20967,2026-04-22 19:30:00+00:00,2026-04-22,AQUA_M-T,NOVA MARILÂNDIA,MATO GROSSO,Brasil,,,,Amazônia,33,51,5108857,8,,227_070,9.6,POINT(-57.43975 -14.20967)
1815128428,3005ddfe-8ba8-34fc-83ce-27566e089f24,-57.65487,-14.19038,2026-04-22 19:30:00+00:00,2026-04-22,AQUA_M-T,DIAMANTINO,MATO GROSSO,Brasil,,,,Amazônia,33,51,5103502,8,,228_070,28.2,POINT(-57.65487 -14.19038)
1815128577,261e3128-0310-3a7c-adb8-36a9ca98ca32,-55.93752,-18.59095,2026-04-22 19:30:00+00:00,2026-04-22,AQUA_M-T,CORUMBÁ,MATO GROSSO DO SUL,Brasil,,,,Pantanal,33,50,5003207,8,,226_073,8.4,POINT(-55.93752 -18.59095)
1815128734,da823cec-9622-32a5-8692-0769abc4bff3,-54.55849,-18.4234,2026-04-22 19:30:00+00:00,2026-04-22,AQUA_M-T,COXIM,MATO GROSSO DO SUL,Brasil,,,,Cerrado,33,50,5003306,8,,225_073,19.8,POINT(-54.55849 -18.4234)
1815128910,0956e632-e557-347f-a2b7-c875ee8c2938,-52.90792,-18.30745,2026-04-22 19:30:00+00:00,2026-04-22,AQUA_M-T,COSTA RICA,MATO GROSSO DO SUL,Brasil,,,,Cerrado,33,50,5003256,8,,224_073,50.0,POINT(-52.90792 -18.30745)
1815128994,c472d9b3-f992-3821-843d-0bb1cb42a6b3,-52.8853,-18.31623,2026-04-22 19:30:00+00:00,2026-04-22,AQUA_M-T,COSTA RICA,MATO GROSSO DO SUL,Brasil,,,,Cerrado,33,50,5003256,8,,224_073,96.4,POINT(-52.8853 -18.31623)
1815128996,f8ac54da-7592-3042-9677-06ba25cc231a,-57.66573,-14.1921,2026-04-22 19:30:00+00:00,2026-04-22,AQUA_M-T,DIAMANTINO,MATO GROSSO,Brasil,,,,Amazônia,33,51,5103502,8,,228_070,13.4,POINT(-57.66573 -14.1921)
1815129083,4cd809bf-61e2-3a84-ad1b-11d3ba136171,-52.89032,-18.31676,2026-04-22 19:30:00+00:00,2026-04-22,AQUA_M-T,COSTA RICA,MATO GROSSO DO SUL,Brasil,,,,Cerrado,33,50,5003256,8,,224_073,155.6,POINT(-52.89032 -18.31676)
1815129090,1df71a83-534f-318f-9a45-5666ec000276,-52.88784,-18.30368,2026-04-22 19:30:00+00:00,2026-04-22,AQUA_M-T,MINEIROS,GOIÁS,Brasil,,,,Cerrado,33,52,5213103,8,,224_073,14.8,POINT(-52.88784 -18.30368)
1815129120,8484aef1-a69a-3ba8-b068-74004aa083ce,-55.51496,-18.49845,2026-04-22 19:30:00+00:00,2026-04-22,AQUA_M-T,CORUMBÁ,MATO GROSSO DO SUL,Brasil,,,,Pantanal,33,50,5003207,8,,226_073,27.0,POINT(-55.51496 -18.49845)
1815129164,7bd11580-c5ea-361b-899e-e3645cd170aa,-54.92766,-22.57851,2026-04-22 19:30:00+00:00,2026-04-22,AQUA_M-T,CAARAPÓ,MATO GROSSO DO SUL,Brasil,,,,Mata Atlântica,33,50,5002407,8,,225_076,14.6,POINT(-54.92766 -22.57851)
1815129273,d2ad8c39-8e02-327f-be39-c6f32ff97a5b,-56.5941,-19.44987,2026-04-22 19:30:00+00:00,2026-04-22,AQUA_M-T,CORUMBÁ,MATO GROSSO DO SUL,Brasil,,,,Pantanal,33,50,5003207,8,,226_073,19.5,POINT(-56.5941 -19.44987)
1815129383,566e80e4-653b-37ef-bf40-6b9c7f36f1ce,-55.50201,-18.49623,2026-04-22 19:30:00+00:00,2026-04-22,AQUA_M-T,CORUMBÁ,MATO GROSSO DO SUL,Brasil,,,,Pantanal,33,50,5003207,8,,226_073,24.8,POINT(-55.50201 -18.49623)
1815129436,df30b682-8ad9-3987-bc03-df557a708c6f,-57.42852,-14.20786,2026-04-22 19:30:00+00:00,2026-04-22,AQUA_M-T,NOVA MARILÂNDIA,MATO GROSSO,Brasil,,,,Amazônia,33,51,5108857,8,,227_070,45.4,POINT(-57.42852 -14.20786)
1815129447,92273285-061e-3700-b5e4-9774e04d99b6,-52.89293,-18.3042,2026-04-22 19:30:00+00:00,2026-04-22,AQUA_M-T,MINEIROS,GOIÁS,Brasil,,,,Cerrado,33,52,5213103,8,,224_073,25.1,POINT(-52.89293 -18.3042)
1815129705,2b7cbbc0-5942-34a0-b5b2-8efcdd32f822,-56.59412,-19.44987,2026-04-22 19:30:00+00:00,2026-04-22,AQUA_M-T,CORUMBÁ,MATO GROSSO DO SUL,Brasil,,,,Pantanal,33,50,5003207,8,,226_073,19.5,POINT(-56.59412 -19.44987)
1815129834,2ef20713-275c-3761-bdaa-0885c90a803f,-55.68731,-13.68759,2026-04-22 19:30:00+00:00,2026-04-22,AQUA_M-T,NOVA MUTUM,MATO GROSSO,Brasil,,,,Cerrado,33,51,5106224,8,,226_070,18.6,POINT(-55.68731 -13.68759)
1815130013,ee6531b6-49a1-32e5-aff8-d0a541c70d9e,-54.54359,-18.42075,2026-04-22 19:30:00+00:00,2026-04-22,AQUA_M-T,COXIM,MATO GROSSO DO SUL,Brasil,,,,Cerrado,33,50,5003306,8,,225_073,29.9,POINT(-54.54359 -18.42075)
1815130031,3a0a0546-9307-3433-a353-42301e7c0c93,-52.89292,-18.3042,2026-04-22 19:30:00+00:00,2026-04-22,AQUA_M-T,MINEIROS,GOIÁS,Brasil,,,,Cerrado,33,52,5213103,8,,224_073,25.1,POINT(-52.89292 -18.3042)
1815130078,7ac0a09b-78ce-3b6f-af39-1790964c5e6a,-55.93753,-18.59095,2026-04-22 19:30:00+00:00,2026-04-22,AQUA_M-T,CORUMBÁ,MATO GROSSO DO SUL,Brasil,,,,Pantanal,33,50,5003207,8,,226_073,8.4,POINT(-55.93753 -18.59095)
1815130247,436bd9be-f990-34ea-93b3-df25d0d09acc,-56.60678,-19.44217,2026-04-22 19:30:00+00:00,2026-04-22,AQUA_M-T,CORUMBÁ,MATO GROSSO DO SUL,Brasil,,,,Pantanal,33,50,5003207,8,,226_073,12.0,POINT(-56.60678 -19.44217)
1815130293,bffb34a8-d2f4-36ac-9651-a05fb66f218f,-54.48278,-16.14247,2026-04-22 19:30:00+00:00,2026-04-22,AQUA_M-T,RONDONÓPOLIS,MATO GROSSO,Brasil,,,,Cerrado,33,51,5107602,8,,225_071,17.2,POINT(-54.48278 -16.14247)
1815130329,da46ba98-a8a6-3795-9a17-4a44de44bdfc,-55.92538,-18.58891,2026-04-22 19:30:00+00:00,2026-04-22,AQUA_M-T,CORUMBÁ,MATO GROSSO DO SUL,Brasil,,,,Pantanal,33,50,5003207,8,,226_073,8.8,POINT(-55.92538 -18.58891)
1815130407,8a80e16f-65da-3259-ac38-575f52694aa5,-54.54893,-18.42136,2026-04-22 19:30:00+00:00,2026-04-22,AQUA_M-T,COXIM,MATO GROSSO DO SUL,Brasil,,,,Cerrado,33,50,5003306,8,,225_073,43.0,POINT(-54.54893 -18.42136)
1815130435,fa532b06-3d79-383a-ad44-3dc5ac2436bb,-55.502,-18.49623,2026-04-22 19:30:00+00:00,2026-04-22,AQUA_M-T,CORUMBÁ,MATO GROSSO DO SUL,Brasil,,,,Pantanal,33,50,5003207,8,,226_073,24.8,POINT(-55.502 -18.49623)
1815130717,6f52c549-27e8-3390-b7c8-a3b2dfd383eb,-54.55851,-18.42339,2026-04-22 19:30:00+00:00,2026-04-22,AQUA_M-T,COXIM,MATO GROSSO DO SUL,Brasil,,,,Cerrado,33,50,5003306,8,,225_073,19.8,POINT(-54.55851 -18.42339)
1815130750,d0859653-3901-385c-ae63-d341ddde162f,-54.92767,-22.57851,2026-04-22 19:30:00+00:00,2026-04-22,AQUA_M-T,CAARAPÓ,MATO GROSSO DO SUL,Brasil,,,,Mata Atlântica,33,50,5002407,8,,225_076,14.6,POINT(-54.92767 -22.57851)
1815130787,919f60ae-cc69-3fb4-967d-4607aa393697,-57.40129,-19.40326,2026-04-22 19:30:00+00:00,2026-04-22,AQUA_M-T,CORUMBÁ,MATO GROSSO DO SUL,Brasil,,,,Pantanal,33,50,5003207,8,,227_073,11.4,POINT(-57.40129 -19.40326)
1815130878,6041367e-afdb-31de-a6f2-11c78522bfa6,-54.4828,-16.14247,2026-04-22 19:30:00+00:00,2026-04-22,AQUA_M-T,RONDONÓPOLIS,MATO GROSSO,Brasil,,,,Cerrado,33,51,5107602,8,,225_071,17.2,POINT(-54.4828 -16.14247)
1815131076,222793e7-b479-3dfb-987d-b0ddc837a949,-54.54358,-18.42075,2026-04-22 19:30:00+00:00,2026-04-22,AQUA_M-T,COXIM,MATO GROSSO DO SUL,Brasil,,,,Cerrado,33,50,5003306,8,,225_073,29.9,POINT(-54.54358 -18.42075)
1815131174,631935e8-316e-3136-b516-b8ec47a3e8ae,-57.42851,-14.20786,2026-04-22 19:30:00+00:00,2026-04-22,AQUA_M-T,NOVA MARILÂNDIA,MATO GROSSO,Brasil,,,,Amazônia,33,51,5108857,8,,227_070,45.4,POINT(-57.42851 -14.20786)
1815131175,4d498ab1-bf88-3d88-8cf3-36015b135079,-52.88529,-18.31624,2026-04-22 19:30:00+00:00,2026-04-22,AQUA_M-T,COSTA RICA,MATO GROSSO DO SUL,Brasil,,,,Cerrado,33,50,5003256,8,,224_073,96.4,POINT(-52.88529 -18.31624)
1815131182,e5f2e9fb-b0e6-3783-b2f4-4c2ba99e6ffe,-55.6873,-13.6876,2026-04-22 19:30:00+00:00,2026-04-22,AQUA_M-T,NOVA MUTUM,MATO GROSSO,Brasil,,,,Cerrado,33,51,5106224,8,,226_070,18.6,POINT(-55.6873 -13.6876)
1815130749,c793ca76-90b9-30b0-93f9-281f314079e1,-71.25377,-6.33994,2026-04-22 19:34:00+00:00,2026-04-22,AQUA_M-T,ATALAIA DO NORTE,AMAZONAS,Brasil,,,,Amazônia,33,13,1300201,8,,004_064,14.4,POINT(-71.25377 -6.33994)
1815129504,6b9b2763-af66-3851-b347-c3808a09e008,-71.25375,-6.33994,2026-04-22 19:34:00+00:00,2026-04-22,AQUA_M-T,ATALAIA DO NORTE,AMAZONAS,Brasil,,,,Amazônia,33,13,1300201,8,,004_064,14.4,POINT(-71.25375 -6.33994)
1815123664,5b2f8eef-ac45-3191-839c-9815aa03bf64,-57.1808,-12.3095,2026-04-22 19:40:00+00:00,2026-04-22,GOES-19,NOVA MARINGÁ,MATO GROSSO,Brasil,,,,Amazônia,33,51,5108907,8,,227_069,98.9,POINT(-57.1808 -12.3095)
1815123642,815b8c3d-4d7f-323c-ac6b-a1aa66a2233f,-45.4776,-12.5637,2026-04-22 19:40:00+00:00,2026-04-22,GOES-19,SÃO DESIDÉRIO,BAHIA,Brasil,,,,Cerrado,33,29,2928901,8,,220_069,113.9,POINT(-45.4776 -12.5637)
1815123615,58cfd8f9-0cfc-32a8-941d-0d0e60496a9c,-43.643,-11.772,2026-04-22 19:40:00+00:00,2026-04-22,GOES-19,BARRA,BAHIA,Brasil,,,,Cerrado,33,29,2902708,8,,219_068,105.0,POINT(-43.643 -11.772)
1815126095,598ef968-5814-3cd9-b217-c0fbf28f49c9,-57.1808,-12.3095,2026-04-22 19:50:00+00:00,2026-04-22,GOES-19,NOVA MARINGÁ,MATO GROSSO,Brasil,,,,Amazônia,33,51,5108907,8,,227_069,99.3,POINT(-57.1808 -12.3095)
1815126239,35905299-c51f-3f0e-abe3-b6d046710cca,-43.643,-11.772,2026-04-22 19:50:00+00:00,2026-04-22,GOES-19,BARRA,BAHIA,Brasil,,,,Cerrado,33,29,2902708,8,,219_068,101.0,POINT(-43.643 -11.772)
1815126003,41ed52a3-d3ab-307c-824f-259c4de92d68,-45.3243,-13.3761,2026-04-22 19:50:00+00:00,2026-04-22,GOES-19,CORRENTINA,BAHIA,Brasil,,,,Cerrado,33,29,2909307,8,,220_069,67.4,POINT(-45.3243 -13.3761)
1815125724,bb5cf055-4e6e-3458-8a65-337483f5c9aa,-45.4776,-12.5637,2026-04-22 19:50:00+00:00,2026-04-22,GOES-19,SÃO DESIDÉRIO,BAHIA,Brasil,,,,Cerrado,33,29,2928901,8,,220_069,107.1,POINT(-45.4776 -12.5637)
1815124366,77ef65b4-1475-3b98-b794-0ff1adb65169,-45.4746,-12.583,2026-04-22 19:50:00+00:00,2026-04-22,GOES-19,SÃO DESIDÉRIO,BAHIA,Brasil,,,,Cerrado,33,29,2928901,8,,220_069,98.5,POINT(-45.4746 -12.583)
1815126585,1c04ed99-df9c-3bf0-a278-c6db0ecc670e,-43.643,-11.772,2026-04-22 20:00:00+00:00,2026-04-22,GOES-19,BARRA,BAHIA,Brasil,,,,Cerrado,33,29,2902708,8,,219_068,95.0,POINT(-43.643 -11.772)
1815126404,1adcb34f-07d3-3594-a48e-104039ee1fdc,-43.6163,-11.7917,2026-04-22 20:00:00+00:00,2026-04-22,GOES-19,BARRA,BAHIA,Brasil,,,,Cerrado,33,29,2902708,8,,219_068,144.6,POINT(-43.6163 -11.7917)
1815126603,0a17c5b8-f771-3439-919d-bf1af7689613,-45.4776,-12.5637,2026-04-22 20:00:00+00:00,2026-04-22,GOES-19,SÃO DESIDÉRIO,BAHIA,Brasil,,,,Cerrado,33,29,2928901,8,,220_069,93.6,POINT(-45.4776 -12.5637)
1815126577,e631aa00-3aad-334a-a10c-2f6d9ed18027,-45.4746,-12.583,2026-04-22 20:00:00+00:00,2026-04-22,GOES-19,SÃO DESIDÉRIO,BAHIA,Brasil,,,,Cerrado,33,29,2928901,8,,220_069,103.8,POINT(-45.4746 -12.583)
1815127212,1a40e479-b29f-3b1a-b888-24ffb8ca3f7c,-43.643,-11.772,2026-04-22 20:10:00+00:00,2026-04-22,GOES-19,BARRA,BAHIA,Brasil,,,,Cerrado,33,29,2902708,8,,219_068,90.1,POINT(-43.643 -11.772)
1815127232,1920e196-fd07-32e1-9f15-52b33f15db32,-43.6163,-11.7917,2026-04-22 20:10:00+00:00,2026-04-22,GOES-19,BARRA,BAHIA,Brasil,,,,Cerrado,33,29,2902708,8,,219_068,129.6,POINT(-43.6163 -11.7917)
1815127179,b41b2706-4565-32ec-a9f1-2759e55723e6,-45.4516,-12.5834,2026-04-22 20:10:00+00:00,2026-04-22,GOES-19,SÃO DESIDÉRIO,BAHIA,Brasil,,,,Cerrado,33,29,2928901,8,,220_069,85.1,POINT(-45.4516 -12.5834)
1815127193,f5872c0f-86f1-3c74-9715-07739c704e91,-45.4746,-12.583,2026-04-22 20:10:00+00:00,2026-04-22,GOES-19,SÃO DESIDÉRIO,BAHIA,Brasil,,,,Cerrado,33,29,2928901,8,,220_069,128.4,POINT(-45.4746 -12.583)
1815127222,a1c752be-1939-390b-b566-2844a14ca0b2,-45.4776,-12.5637,2026-04-22 20:10:00+00:00,2026-04-22,GOES-19,SÃO DESIDÉRIO,BAHIA,Brasil,,,,Cerrado,33,29,2928901,8,,220_069,95.3,POINT(-45.4776 -12.5637)
1815127277,b2558634-3a43-3ca9-b3a8-27f6def1cb55,-43.643,-11.772,2026-04-22 20:20:00+00:00,2026-04-22,GOES-19,BARRA,BAHIA,Brasil,,,,Cerrado,33,29,2902708,8,,219_068,95.4,POINT(-43.643 -11.772)
1815127294,7b16d436-4df7-377b-9226-34384d552e29,-45.4516,-12.5834,2026-04-22 20:20:00+00:00,2026-04-22,GOES-19,SÃO DESIDÉRIO,BAHIA,Brasil,,,,Cerrado,33,29,2928901,8,,220_069,87.3,POINT(-45.4516 -12.5834)
1815127242,059cbcdb-e99f-3eba-a614-396a6998b652,-45.4776,-12.5637,2026-04-22 20:20:00+00:00,2026-04-22,GOES-19,SÃO DESIDÉRIO,BAHIA,Brasil,,,,Cerrado,33,29,2928901,8,,220_069,105.4,POINT(-45.4776 -12.5637)
1815127267,6807c673-be51-35a6-997e-64569ed0f1fe,-51.097,-17.4919,2026-04-22 20:20:00+00:00,2026-04-22,GOES-19,MONTIVIDIU,GOIÁS,Brasil,,,,Cerrado,33,52,5213756,8,,223_072,114.2,POINT(-51.097 -17.4919)
1815127274,2aa7215d-0b74-3565-88ac-c348d5dc1da9,-43.6163,-11.7917,2026-04-22 20:20:00+00:00,2026-04-22,GOES-19,BARRA,BAHIA,Brasil,,,,Cerrado,33,29,2902708,8,,219_068,109.2,POINT(-43.6163 -11.7917)
1815127293,7b6189c0-0303-39b3-a648-d653c3a1018b,-45.4746,-12.583,2026-04-22 20:20:00+00:00,2026-04-22,GOES-19,SÃO DESIDÉRIO,BAHIA,Brasil,,,,Cerrado,33,29,2928901,8,,220_069,178.3,POINT(-45.4746 -12.583)
1815127336,5825d134-e501-3363-a081-6c48832804fb,-52.8767,-18.2863,2026-04-22 20:30:00+00:00,2026-04-22,GOES-19,MINEIROS,GOIÁS,Brasil,,,,Cerrado,33,52,5213103,8,,224_073,226.3,POINT(-52.8767 -18.2863)
1815127300,9c303ee9-5bc8-3dc2-a014-da23577a7ff7,-43.6163,-11.7917,2026-04-22 20:30:00+00:00,2026-04-22,GOES-19,BARRA,BAHIA,Brasil,,,,Cerrado,33,29,2902708,8,,219_068,121.8,POINT(-43.6163 -11.7917)
1815127302,9440ac14-2dc5-38c6-bc99-f898fa7ac3d6,-45.4776,-12.5637,2026-04-22 20:30:00+00:00,2026-04-22,GOES-19,SÃO DESIDÉRIO,BAHIA,Brasil,,,,Cerrado,33,29,2928901,8,,220_069,75.3,POINT(-45.4776 -12.5637)
1815127305,8ac2c0ab-9576-3572-b0c8-fb35319a4c90,-52.8983,-18.2858,2026-04-22 20:30:00+00:00,2026-04-22,GOES-19,MINEIROS,GOIÁS,Brasil,,,,Cerrado,33,52,5213103,8,,224_073,237.1,POINT(-52.8983 -18.2858)
1815127310,495d98d6-2e57-34be-bb24-ad6a8e1d8782,-52.8951,-18.3058,2026-04-22 20:30:00+00:00,2026-04-22,GOES-19,MINEIROS,GOIÁS,Brasil,,,,Cerrado,33,52,5213103,8,,224_073,99.9,POINT(-52.8951 -18.3058)
1815127316,4c760b1a-4723-38a7-b33f-54dd421b9714,-45.4746,-12.583,2026-04-22 20:30:00+00:00,2026-04-22,GOES-19,SÃO DESIDÉRIO,BAHIA,Brasil,,,,Cerrado,33,29,2928901,8,,220_069,143.4,POINT(-45.4746 -12.583)
1815127321,84480ca5-ad06-3b3c-aae8-9bbc54a9e759,-51.097,-17.4919,2026-04-22 20:30:00+00:00,2026-04-22,GOES-19,MONTIVIDIU,GOIÁS,Brasil,,,,Cerrado,33,52,5213756,8,,223_072,111.9,POINT(-51.097 -17.4919)
1815127325,85819a05-ef57-375a-b0c9-84b21efa174d,-45.4516,-12.5834,2026-04-22 20:30:00+00:00,2026-04-22,GOES-19,SÃO DESIDÉRIO,BAHIA,Brasil,,,,Cerrado,33,29,2928901,8,,220_069,87.3,POINT(-45.4516 -12.5834)
1815127332,1287853a-5048-3fc7-bbd5-f783a7074e95,-51.075,-17.4924,2026-04-22 20:30:00+00:00,2026-04-22,GOES-19,MONTIVIDIU,GOIÁS,Brasil,,,,Cerrado,33,52,5213756,8,,223_072,101.2,POINT(-51.075 -17.4924)
1815127335,df28d54b-1304-3858-9b7d-783d6ebde34a,-44.617,-12.2915,2026-04-22 20:30:00+00:00,2026-04-22,GOES-19,CATOLÂNDIA,BAHIA,Brasil,,,,Cerrado,33,29,2907400,8,,219_069,107.6,POINT(-44.617 -12.2915)
1815127377,0f6664ce-3864-3554-8d6e-e263c9613e76,-52.8983,-18.2858,2026-04-22 20:40:00+00:00,2026-04-22,GOES-19,MINEIROS,GOIÁS,Brasil,,,,Cerrado,33,52,5213103,8,,224_073,361.5,POINT(-52.8983 -18.2858)
1815127350,3884887d-9f5b-323e-83cb-80b9052f0703,-45.4746,-12.583,2026-04-22 20:40:00+00:00,2026-04-22,GOES-19,SÃO DESIDÉRIO,BAHIA,Brasil,,,,Cerrado,33,29,2928901,8,,220_069,99.5,POINT(-45.4746 -12.583)
1815127354,062c898d-1cfd-3297-a34f-cc0f320e0155,-52.8767,-18.2863,2026-04-22 20:40:00+00:00,2026-04-22,GOES-19,MINEIROS,GOIÁS,Brasil,,,,Cerrado,33,52,5213103,8,,224_073,355.6,POINT(-52.8767 -18.2863)
1815127394,83b1059e-12ad-3d1b-9685-dc29a16f53e5,-44.62,-12.2723,2026-04-22 20:40:00+00:00,2026-04-22,GOES-19,CATOLÂNDIA,BAHIA,Brasil,,,,Cerrado,33,29,2907400,8,,219_069,94.7,POINT(-44.62 -12.2723)
1815127357,9a3795b4-6ba2-3bfd-871c-cff0de490621,-44.617,-12.2915,2026-04-22 20:40:00+00:00,2026-04-22,GOES-19,CATOLÂNDIA,BAHIA,Brasil,,,,Cerrado,33,29,2907400,8,,219_069,97.0,POINT(-44.617 -12.2915)
1815127361,18d27477-0c9c-35b9-8c04-2101c947bbc1,-43.6163,-11.7917,2026-04-22 20:40:00+00:00,2026-04-22,GOES-19,BARRA,BAHIA,Brasil,,,,Cerrado,33,29,2902708,8,,219_068,135.7,POINT(-43.6163 -11.7917)
1815127372,c9dc8be1-3b60-3c3c-85d3-cdf68d14adac,-51.097,-17.4919,2026-04-22 20:40:00+00:00,2026-04-22,GOES-19,MONTIVIDIU,GOIÁS,Brasil,,,,Cerrado,33,52,5213756,8,,223_072,110.2,POINT(-51.097 -17.4919)
1815129721,e0aac15a-7c4f-36e5-a5ee-808184db54a3,-52.8983,-18.2858,2026-04-22 20:50:00+00:00,2026-04-22,GOES-19,MINEIROS,GOIÁS,Brasil,,,,Cerrado,33,52,5213103,8,,224_073,177.2,POINT(-52.8983 -18.2858)
1815129069,a7327569-2ecc-3c95-8f1a-638f087733af,-51.097,-17.4919,2026-04-22 20:50:00+00:00,2026-04-22,GOES-19,MONTIVIDIU,GOIÁS,Brasil,,,,Cerrado,33,52,5213756,8,,223_072,110.2,POINT(-51.097 -17.4919)
1815129006,8fef570b-7e50-395c-8cbe-05cebdd44dc8,-51.075,-17.4924,2026-04-22 20:50:00+00:00,2026-04-22,GOES-19,MONTIVIDIU,GOIÁS,Brasil,,,,Cerrado,33,52,5213756,8,,223_072,104.9,POINT(-51.075 -17.4924)
1815127956,5df6d6c0-355c-3c76-b666-1450145a167c,-45.4746,-12.583,2026-04-22 20:50:00+00:00,2026-04-22,GOES-19,SÃO DESIDÉRIO,BAHIA,Brasil,,,,Cerrado,33,29,2928901,8,,220_069,122.7,POINT(-45.4746 -12.583)
1815128029,5ceb64ca-ec22-308a-869c-ec95794b5dcc,-52.8767,-18.2863,2026-04-22 20:50:00+00:00,2026-04-22,GOES-19,MINEIROS,GOIÁS,Brasil,,,,Cerrado,33,52,5213103,8,,224_073,206.6,POINT(-52.8767 -18.2863)
1815135445,688bf818-f19a-3d8a-a30b-3b70a97050dc,-42.7632,-17.8201,2026-04-22 21:20:00+00:00,2026-04-22,GOES-19,ITAMARANDIBA,MINAS GERAIS,Brasil,,,,Mata Atlântica,33,31,3132503,8,,217_072,73.8,POINT(-42.7632 -17.8201)
1815135471,de40303d-e776-3ff7-89c7-bebaa4ae4d0a,-44.617,-12.2915,2026-04-22 21:30:00+00:00,2026-04-22,GOES-19,CATOLÂNDIA,BAHIA,Brasil,,,,Cerrado,33,29,2907400,8,,219_069,78.3,POINT(-44.617 -12.2915)
1815135448,aae93b10-b720-31b2-9a3a-cd6e24fbd6f2,-45.4746,-12.583,2026-04-22 21:30:00+00:00,2026-04-22,GOES-19,SÃO DESIDÉRIO,BAHIA,Brasil,,,,Cerrado,33,29,2928901,8,,220_069,78.9,POINT(-45.4746 -12.583)
1815135467,3038faf6-fc29-3d8b-9355-b6d63699bc15,-44.62,-12.2723,2026-04-22 21:30:00+00:00,2026-04-22,GOES-19,CATOLÂNDIA,BAHIA,Brasil,,,,Cerrado,33,29,2907400,8,,219_069,123.3,POINT(-44.62 -12.2723)
1815135450,b4c03bfa-c35d-395d-8d25-1e810da03cfc,-43.6163,-11.7917,2026-04-22 21:30:00+00:00,2026-04-22,GOES-19,BARRA,BAHIA,Brasil,,,,Cerrado,33,29,2902708,8,,219_068,120.0,POINT(-43.6163 -11.7917)
1815135465,f547338c-b3e5-3ebd-a6db-edcd82f343a7,-43.643,-11.772,2026-04-22 21:30:00+00:00,2026-04-22,GOES-19,BARRA,BAHIA,Brasil,,,,Cerrado,33,29,2902708,8,,219_068,78.9,POINT(-43.643 -11.772)
1815135462,259c1197-62c0-338a-b427-33f6737874ff,-42.7632,-17.8201,2026-04-22 21:30:00+00:00,2026-04-22,GOES-19,ITAMARANDIBA,MINAS GERAIS,Brasil,,,,Mata Atlântica,33,31,3132503,8,,217_072,47.3,POINT(-42.7632 -17.8201)
1815135497,41f85055-835e-35b1-bdb9-7c5fa71c79e4,-44.617,-12.2915,2026-04-22 21:40:00+00:00,2026-04-22,GOES-19,CATOLÂNDIA,BAHIA,Brasil,,,,Cerrado,33,29,2907400,8,,219_069,66.6,POINT(-44.617 -12.2915)
1815135489,7d4456e2-7506-3570-8d76-0aa64f92f5cb,-43.6163,-11.7917,2026-04-22 21:40:00+00:00,2026-04-22,GOES-19,BARRA,BAHIA,Brasil,,,,Cerrado,33,29,2902708,8,,219_068,120.2,POINT(-43.6163 -11.7917)
1815135477,4d209914-d814-30b8-bffe-1e643e0b5449,-45.4746,-12.583,2026-04-22 21:40:00+00:00,2026-04-22,GOES-19,SÃO DESIDÉRIO,BAHIA,Brasil,,,,Cerrado,33,29,2928901,8,,220_069,65.9,POINT(-45.4746 -12.583)
1815135481,d17d8333-50f7-3103-a9d2-58e2e9b061d3,-43.643,-11.772,2026-04-22 21:40:00+00:00,2026-04-22,GOES-19,BARRA,BAHIA,Brasil,,,,Cerrado,33,29,2902708,8,,219_068,80.6,POINT(-43.643 -11.772)
1815135493,29f2b1e0-5473-3a11-91f7-ae3f2107b7d6,-44.62,-12.2723,2026-04-22 21:40:00+00:00,2026-04-22,GOES-19,CATOLÂNDIA,BAHIA,Brasil,,,,Cerrado,33,29,2907400,8,,219_069,114.3,POINT(-44.62 -12.2723)
1815136598,1cecfd6b-76fe-3d67-9076-8c86719953ee,-43.643,-11.772,2026-04-22 21:50:00+00:00,2026-04-22,GOES-19,BARRA,BAHIA,Brasil,,,,Cerrado,33,29,2902708,8,,219_068,82.0,POINT(-43.643 -11.772)
1815136178,371e33a7-777e-3b72-b0a5-abd6ea5b0890,-44.617,-12.2915,2026-04-22 21:50:00+00:00,2026-04-22,GOES-19,CATOLÂNDIA,BAHIA,Brasil,,,,Cerrado,33,29,2907400,8,,219_069,88.4,POINT(-44.617 -12.2915)
1815136425,484e85e9-a41a-3109-9f21-234cd5f20b3f,-51.075,-17.4924,2026-04-22 21:50:00+00:00,2026-04-22,GOES-19,MONTIVIDIU,GOIÁS,Brasil,,,,Cerrado,33,52,5213756,8,,223_072,84.3,POINT(-51.075 -17.4924)
1815136787,b95037ec-f89c-30e9-b6c1-1a773d2b6975,-43.6163,-11.7917,2026-04-22 21:50:00+00:00,2026-04-22,GOES-19,BARRA,BAHIA,Brasil,,,,Cerrado,33,29,2902708,8,,219_068,85.6,POINT(-43.6163 -11.7917)
1815137010,c4c46e9f-e697-3249-955c-5cb2c0607c8a,-45.4746,-12.583,2026-04-22 21:50:00+00:00,2026-04-22,GOES-19,SÃO DESIDÉRIO,BAHIA,Brasil,,,,Cerrado,33,29,2928901,8,,220_069,63.4,POINT(-45.4746 -12.583)
1815137122,f61efedf-dd70-3b24-ae66-2a223d6246ae,-44.62,-12.2723,2026-04-22 21:50:00+00:00,2026-04-22,GOES-19,CATOLÂNDIA,BAHIA,Brasil,,,,Cerrado,33,29,2907400,8,,219_069,71.0,POINT(-44.62 -12.2723)
1815137543,1aacafe5-ad9c-37cf-867e-c1431ab249b9,-51.097,-17.4919,2026-04-22 21:50:00+00:00,2026-04-22,GOES-19,MONTIVIDIU,GOIÁS,Brasil,,,,Cerrado,33,52,5213756,8,,223_072,74.1,POINT(-51.097 -17.4919)
1815137559,9c46c31c-4187-3ce1-9c07-976d08321304,-44.62,-12.2723,2026-04-22 22:00:00+00:00,2026-04-22,GOES-19,CATOLÂNDIA,BAHIA,Brasil,,,,Cerrado,33,29,2907400,8,,219_069,67.7,POINT(-44.62 -12.2723)
1815137578,2bdd63d4-f5cb-3d40-9819-2e45409256f1,-43.64,-11.7913,2026-04-22 22:00:00+00:00,2026-04-22,GOES-19,BARRA,BAHIA,Brasil,,,,Cerrado,33,29,2902708,8,,219_068,59.0,POINT(-43.64 -11.7913)
1815137568,b9a45b77-47f7-356e-a2b5-0da1b1692f94,-43.6163,-11.7917,2026-04-22 22:00:00+00:00,2026-04-22,GOES-19,BARRA,BAHIA,Brasil,,,,Cerrado,33,29,2902708,8,,219_068,90.1,POINT(-43.6163 -11.7917)
1815137567,133e2379-8f2d-3e81-a3c7-4d59b5908ab6,-43.643,-11.772,2026-04-22 22:00:00+00:00,2026-04-22,GOES-19,BARRA,BAHIA,Brasil,,,,Cerrado,33,29,2902708,8,,219_068,69.6,POINT(-43.643 -11.772)
1815137576,4aa9690e-f800-3b99-a83f-0bb3b30e4b19,-51.075,-17.4924,2026-04-22 22:00:00+00:00,2026-04-22,GOES-19,MONTIVIDIU,GOIÁS,Brasil,,,,Cerrado,33,52,5213756,8,,223_072,72.8,POINT(-51.075 -17.4924)
1815137560,dbab7ddb-3f9a-3fc2-8c6a-549e51e9da6e,-44.617,-12.2915,2026-04-22 22:00:00+00:00,2026-04-22,GOES-19,CATOLÂNDIA,BAHIA,Brasil,,,,Cerrado,33,29,2907400,8,,219_069,87.7,POINT(-44.617 -12.2915)
1815137598,a37f6425-d65b-3279-97e2-3209f3f75b38,-43.643,-11.772,2026-04-22 22:10:00+00:00,2026-04-22,GOES-19,BARRA,BAHIA,Brasil,,,,Cerrado,33,29,2902708,8,,219_068,73.4,POINT(-43.643 -11.772)
1815137582,5560616d-acad-3e66-9622-9991f68a952d,-47.0713,-21.343,2026-04-22 22:10:00+00:00,2026-04-22,GOES-19,MOCOCA,SÃO PAULO,Brasil,,,,Cerrado,33,35,3530508,8,,220_075,66.0,POINT(-47.0713 -21.343)
1815137583,a3dcd8e7-db61-3275-8ffa-488050af6bf1,-49.2921,-23.0795,2026-04-22 22:10:00+00:00,2026-04-22,GOES-19,MANDURI,SÃO PAULO,Brasil,,,,Mata Atlântica,33,35,3528601,8,,221_076,57.9,POINT(-49.2921 -23.0795)
1815137584,68107e77-6fec-32c2-a93f-0ec96f6854dc,-44.617,-12.2915,2026-04-22 22:10:00+00:00,2026-04-22,GOES-19,CATOLÂNDIA,BAHIA,Brasil,,,,Cerrado,33,29,2907400,8,,219_069,71.8,POINT(-44.617 -12.2915)
1815137585,e0ce6133-b327-3597-b7b3-9bc2a6300a2c,-43.6163,-11.7917,2026-04-22 22:10:00+00:00,2026-04-22,GOES-19,BARRA,BAHIA,Brasil,,,,Cerrado,33,29,2902708,8,,219_068,75.5,POINT(-43.6163 -11.7917)
1815137587,be4a631e-abab-3180-8364-ff1969a47ca9,-51.075,-17.4924,2026-04-22 22:10:00+00:00,2026-04-22,GOES-19,MONTIVIDIU,GOIÁS,Brasil,,,,Cerrado,33,52,5213756,8,,223_072,65.7,POINT(-51.075 -17.4924)
1815137590,8d8ff32c-0024-3d87-9ebd-292a97f330e7,-44.62,-12.2723,2026-04-22 22:10:00+00:00,2026-04-22,GOES-19,CATOLÂNDIA,BAHIA,Brasil,,,,Cerrado,33,29,2907400,8,,219_069,54.2,POINT(-44.62 -12.2723)
1815137601,c9b12083-3701-3c33-bba6-dd1147ef24ec,-43.643,-11.772,2026-04-22 22:20:00+00:00,2026-04-22,GOES-19,BARRA,BAHIA,Brasil,,,,Cerrado,33,29,2902708,8,,219_068,73.0,POINT(-43.643 -11.772)
1815137605,9b80d814-ad99-33a1-8e6c-9699f4971d14,-44.62,-12.2723,2026-04-22 22:20:00+00:00,2026-04-22,GOES-19,CATOLÂNDIA,BAHIA,Brasil,,,,Cerrado,33,29,2907400,8,,219_069,72.3,POINT(-44.62 -12.2723)
1815137613,b4dad717-b40c-33a1-8447-d62cf9bc0022,-43.6163,-11.7917,2026-04-22 22:20:00+00:00,2026-04-22,GOES-19,BARRA,BAHIA,Brasil,,,,Cerrado,33,29,2902708,8,,219_068,91.4,POINT(-43.6163 -11.7917)
1815137607,ba3607da-526b-3c81-bb10-64b6c923b9fd,-43.64,-11.7913,2026-04-22 22:20:00+00:00,2026-04-22,GOES-19,BARRA,BAHIA,Brasil,,,,Cerrado,33,29,2902708,8,,219_068,56.7,POINT(-43.64 -11.7913)
1815137616,c38d00f8-be84-374e-9a56-c551a234f9a4,-44.617,-12.2915,2026-04-22 22:20:00+00:00,2026-04-22,GOES-19,CATOLÂNDIA,BAHIA,Brasil,,,,Cerrado,33,29,2907400,8,,219_069,50.7,POINT(-44.617 -12.2915)
1815137620,3d0a0738-12b4-3608-9603-fd660561a82a,-43.6163,-11.7917,2026-04-22 22:30:00+00:00,2026-04-22,GOES-19,BARRA,BAHIA,Brasil,,,,Cerrado,33,29,2902708,8,,219_068,80.0,POINT(-43.6163 -11.7917)
1815137630,a6b350cf-b671-30d4-a819-35a0e395027a,-47.0713,-21.343,2026-04-22 22:30:00+00:00,2026-04-22,GOES-19,MOCOCA,SÃO PAULO,Brasil,,,,Cerrado,33,35,3530508,8,,220_075,79.2,POINT(-47.0713 -21.343)
1815137619,0e27e26b-548d-3055-b71c-1120b99eb211,-43.643,-11.772,2026-04-22 22:30:00+00:00,2026-04-22,GOES-19,BARRA,BAHIA,Brasil,,,,Cerrado,33,29,2902708,8,,219_068,67.8,POINT(-43.643 -11.772)
1815137633,8e16c311-e192-3f4c-b969-9296b0a2e31a,-44.617,-12.2915,2026-04-22 22:30:00+00:00,2026-04-22,GOES-19,CATOLÂNDIA,BAHIA,Brasil,,,,Cerrado,33,29,2907400,8,,219_069,69.9,POINT(-44.617 -12.2915)
1815137647,15ed835d-8c46-38e5-b1af-822808eaa37b,-43.643,-11.772,2026-04-22 22:40:00+00:00,2026-04-22,GOES-19,BARRA,BAHIA,Brasil,,,,Cerrado,33,29,2902708,8,,219_068,68.6,POINT(-43.643 -11.772)
1815137642,1e6f427f-fadc-39bb-affb-1a2005e5c257,-43.6163,-11.7917,2026-04-22 22:40:00+00:00,2026-04-22,GOES-19,BARRA,BAHIA,Brasil,,,,Cerrado,33,29,2902708,8,,219_068,75.3,POINT(-43.6163 -11.7917)
1815137645,053cd204-0e84-3e66-8326-ab7987f99efd,-44.617,-12.2915,2026-04-22 22:40:00+00:00,2026-04-22,GOES-19,CATOLÂNDIA,BAHIA,Brasil,,,,Cerrado,33,29,2907400,8,,219_069,47.4,POINT(-44.617 -12.2915)
1815141756,885b475f-f81a-31ff-b0f0-dae96a1e0f1a,-43.643,-11.772,2026-04-22 22:50:00+00:00,2026-04-22,GOES-19,BARRA,BAHIA,Brasil,,,,Cerrado,33,29,2902708,8,,219_068,64.9,POINT(-43.643 -11.772)
1815140801,03c9423b-19a3-344a-910d-82e3158cae6d,-43.6163,-11.7917,2026-04-22 22:50:00+00:00,2026-04-22,GOES-19,BARRA,BAHIA,Brasil,,,,Cerrado,33,29,2902708,8,,219_068,76.3,POINT(-43.6163 -11.7917)
1815142850,d8dfaf97-c679-323d-b4ab-a235218f2259,-44.617,-12.2915,2026-04-22 22:50:00+00:00,2026-04-22,GOES-19,CATOLÂNDIA,BAHIA,Brasil,,,,Cerrado,33,29,2907400,8,,219_069,47.7,POINT(-44.617 -12.2915)
1815147750,4ff30f17-451f-3c8c-aea2-e91c5cccf82e,-43.643,-11.772,2026-04-22 23:00:00+00:00,2026-04-22,GOES-19,BARRA,BAHIA,Brasil,,,,Cerrado,33,29,2902708,8,,219_068,59.4,POINT(-43.643 -11.772)
1815150063,fc28eda2-93b2-3990-9e38-67bafb097d75,-42.4728,-20.6463,2026-04-22 23:00:00+00:00,2026-04-22,GOES-19,ARAPONGA,MINAS GERAIS,Brasil,,,,Mata Atlântica,33,31,3103702,8,,217_074,55.1,POINT(-42.4728 -20.6463)
1815152436,38486452-8f95-32fa-adb2-990ef4094143,-52.8767,-18.2863,2026-04-22 23:00:00+00:00,2026-04-22,GOES-19,MINEIROS,GOIÁS,Brasil,,,,Cerrado,33,52,5213103,8,,224_073,73.0,POINT(-52.8767 -18.2863)
1815144175,82047d96-3c23-35f7-84e1-4dcbbfe3a9be,-43.6163,-11.7917,2026-04-22 23:00:00+00:00,2026-04-22,GOES-19,BARRA,BAHIA,Brasil,,,,Cerrado,33,29,2902708,8,,219_068,44.1,POINT(-43.6163 -11.7917)
1815154422,04c6d9ad-0020-3ffd-bce3-7aaae41707b4,-52.8767,-18.2863,2026-04-22 23:10:00+00:00,2026-04-22,GOES-19,MINEIROS,GOIÁS,Brasil,,,,Cerrado,33,52,5213103,8,,224_073,74.6,POINT(-52.8767 -18.2863)
1815154436,b25288fc-12da-3d58-8bf1-335ff01252f4,-43.6163,-11.7917,2026-04-22 23:10:00+00:00,2026-04-22,GOES-19,BARRA,BAHIA,Brasil,,,,Cerrado,33,29,2902708,8,,219_068,57.0,POINT(-43.6163 -11.7917)
1815154458,5f13e66f-0ea6-33c6-a8ed-4dbb0bb1d1fb,-43.643,-11.772,2026-04-22 23:20:00+00:00,2026-04-22,GOES-19,BARRA,BAHIA,Brasil,,,,Cerrado,33,29,2902708,8,,219_068,55.4,POINT(-43.643 -11.772)
1815154492,8f141d56-f941-35c9-a8eb-e64a726e100c,-52.8767,-18.2863,2026-04-22 23:40:00+00:00,2026-04-22,GOES-19,MINEIROS,GOIÁS,Brasil,,,,Cerrado,33,52,5213103,8,,224_073,69.9,POINT(-52.8767 -18.2863)
1815156960,3e516a93-dfa7-3c7b-8840-e477adc9f990,-43.6163,-11.7917,2026-04-22 23:50:00+00:00,2026-04-22,GOES-19,BARRA,BAHIA,Brasil,,,,Cerrado,33,29,2902708,8,,219_068,58.3,POINT(-43.6163 -11.7917)
1815156120,7d38fd3a-d2a3-34d4-be30-317740604217,-51.073898,-17.485399,2026-04-22 23:51:00+00:00,2026-04-22,METOP-B,MONTIVIDIU,GOIÁS,Brasil,,,,Cerrado,33,52,5213756,8,,223_072,,POINT(-51.073898 -17.485399)
1815156107,01ef8315-1d2b-3a4f-9e61-a68d49ae8e0d,-41.277401,-15.1595,2026-04-22 23:51:00+00:00,2026-04-22,METOP-B,BELO CAMPO,BAHIA,Brasil,,,,Mata Atlântica,33,29,2903508,8,,217_070,,POINT(-41.277401 -15.1595)
1815156658,96a41a47-7318-3878-b0ea-5cc8f9101b2d,-41.284801,-15.1612,2026-04-22 23:51:00+00:00,2026-04-22,METOP-B,BELO CAMPO,BAHIA,Brasil,,,,Mata Atlântica,33,29,2903508,8,,217_070,,POINT(-41.284801 -15.1612)
1815155764,1715f40c-3b7f-3032-a2dd-48a5da83fc4b,-52.864899,-18.2733,2026-04-22 23:51:00+00:00,2026-04-22,METOP-B,MINEIROS,GOIÁS,Brasil,,,,Cerrado,33,52,5213103,8,,224_073,,POINT(-52.864899 -18.2733)
1815154607,b275f619-386d-3ba0-8b85-c2b315a7a97a,-43.643,-11.772,2026-04-23 00:00:00+00:00,2026-04-23,GOES-19,BARRA,BAHIA,Brasil,,,,Cerrado,33,29,2902708,8,,219_068,56.6,POINT(-43.643 -11.772)
1815154529,e650e3b3-4b90-3839-a606-de70c45d5705,-43.6163,-11.7917,2026-04-23 00:00:00+00:00,2026-04-23,GOES-19,BARRA,BAHIA,Brasil,,,,Cerrado,33,29,2902708,8,,219_068,76.3,POINT(-43.6163 -11.7917)
1815155378,5a385d10-b003-3340-bd74-95451108d865,-43.643,-11.772,2026-04-23 00:10:00+00:00,2026-04-23,GOES-19,BARRA,BAHIA,Brasil,,,,Cerrado,33,29,2902708,8,,219_068,55.3,POINT(-43.643 -11.772)
1815154993,8b9d1546-cea1-30de-9920-1cf61114c4e5,-43.6163,-11.7917,2026-04-23 00:10:00+00:00,2026-04-23,GOES-19,BARRA,BAHIA,Brasil,,,,Cerrado,33,29,2902708,8,,219_068,58.5,POINT(-43.6163 -11.7917)
1815156802,2d1dc0bc-09ab-338a-8c25-b6719ad705cc,-47.07594,-21.33401,2026-04-23 00:13:00+00:00,2026-04-23,TERRA_M-M,MOCOCA,SÃO PAULO,Brasil,,,,Cerrado,33,35,3530508,8,,220_075,17.8,POINT(-47.07594 -21.33401)
1815156890,89d9d47c-5565-3fa1-80e8-a70348318cda,-46.83574,-17.16431,2026-04-23 00:13:00+00:00,2026-04-23,TERRA_M-M,PARACATU,MINAS GERAIS,Brasil,,,,Cerrado,33,31,3147006,8,,220_072,5.1,POINT(-46.83574 -17.16431)
1815156896,d905638f-ea3c-3f8d-bafe-72100f489b66,-46.8047,-20.23705,2026-04-23 00:13:00+00:00,2026-04-23,TERRA_M-M,DELFINÓPOLIS,MINAS GERAIS,Brasil,,,,Cerrado,33,31,3121209,8,,220_074,6.7,POINT(-46.8047 -20.23705)
1815156897,d657e014-3b13-3f3d-aae1-d95d1541c4c9,-48.67168,-21.05636,2026-04-23 00:13:00+00:00,2026-04-23,TERRA_M-M,PIRANGI,SÃO PAULO,Brasil,,,,Mata Atlântica,33,35,3539004,8,,221_075,13.4,POINT(-48.67168 -21.05636)
1815156857,93efb50e-cd7e-36cd-a8ee-a45d784d92ed,-48.68189,-21.39679,2026-04-23 00:13:00+00:00,2026-04-23,TERRA_M-M,TAQUARITINGA,SÃO PAULO,Brasil,,,,Cerrado,33,35,3553708,8,,221_075,9.6,POINT(-48.68189 -21.39679)
1815156887,1c0b731c-b7d7-3606-905a-3ff419522348,-42.48536,-20.62814,2026-04-23 00:13:00+00:00,2026-04-23,TERRA_M-M,ARAPONGA,MINAS GERAIS,Brasil,,,,Mata Atlântica,33,31,3103702,8,,217_074,10.5,POINT(-42.48536 -20.62814)
1815156886,69193de4-fe12-3c23-a297-35dbd80f8d24,-42.48535,-20.62814,2026-04-23 00:13:00+00:00,2026-04-23,TERRA_M-M,ARAPONGA,MINAS GERAIS,Brasil,,,,Mata Atlântica,33,31,3103702,8,,217_074,10.5,POINT(-42.48535 -20.62814)
1815156885,762ad10a-5e9a-3f75-8896-bcb107089d83,-47.07592,-21.33402,2026-04-23 00:13:00+00:00,2026-04-23,TERRA_M-M,MOCOCA,SÃO PAULO,Brasil,,,,Cerrado,33,35,3530508,8,,220_075,17.8,POINT(-47.07592 -21.33402)
1815156804,51c2aeee-12ae-372b-a0e3-40cf461178ee,-46.80469,-20.23705,2026-04-23 00:13:00+00:00,2026-04-23,TERRA_M-M,DELFINÓPOLIS,MINAS GERAIS,Brasil,,,,Cerrado,33,31,3121209,8,,220_074,6.7,POINT(-46.80469 -20.23705)
1815156882,044fb5e2-4d41-315d-80f7-137067be894b,-42.50055,-20.6307,2026-04-23 00:13:00+00:00,2026-04-23,TERRA_M-M,ARAPONGA,MINAS GERAIS,Brasil,,,,Mata Atlântica,33,31,3103702,8,,217_074,12.2,POINT(-42.50055 -20.6307)
1815156881,a172d9db-864d-398e-a905-44bc76ce919f,-52.89062,-18.27697,2026-04-23 00:13:00+00:00,2026-04-23,TERRA_M-M,MINEIROS,GOIÁS,Brasil,,,,Cerrado,33,52,5213103,8,,224_073,14.8,POINT(-52.89062 -18.27697)
1815156880,e2b5d323-2542-3663-9134-96b498bc5d3c,-48.67167,-21.05636,2026-04-23 00:13:00+00:00,2026-04-23,TERRA_M-M,PIRANGI,SÃO PAULO,Brasil,,,,Mata Atlântica,33,35,3539004,8,,221_075,13.4,POINT(-48.67167 -21.05636)
1815156832,2ea93214-df9f-3f22-aa2a-e0d9987b1863,-46.74343,-20.20149,2026-04-23 00:13:00+00:00,2026-04-23,TERRA_M-M,SÃO ROQUE DE MINAS,MINAS GERAIS,Brasil,,,,Cerrado,33,31,3164308,8,,220_074,5.9,POINT(-46.74343 -20.20149)
1815156815,36da0c1d-c888-368c-a298-590d7d914a10,-46.74341,-20.20149,2026-04-23 00:13:00+00:00,2026-04-23,TERRA_M-M,SÃO ROQUE DE MINAS,MINAS GERAIS,Brasil,,,,Cerrado,33,31,3164308,8,,220_074,5.9,POINT(-46.74341 -20.20149)
1815156879,4b20f655-143e-3411-9c4c-0eed91db2e4c,-46.83575,-17.16431,2026-04-23 00:13:00+00:00,2026-04-23,TERRA_M-M,PARACATU,MINAS GERAIS,Brasil,,,,Cerrado,33,31,3147006,8,,220_072,5.1,POINT(-46.83575 -17.16431)
1815156836,ae31ee62-d4e9-3307-868b-a7588ff0d55d,-52.89061,-18.27697,2026-04-23 00:13:00+00:00,2026-04-23,TERRA_M-M,MINEIROS,GOIÁS,Brasil,,,,Cerrado,33,52,5213103,8,,224_073,14.8,POINT(-52.89061 -18.27697)
1815156837,40281227-be3f-39fd-819b-80ee5e12db21,-47.08539,-21.33529,2026-04-23 00:13:00+00:00,2026-04-23,TERRA_M-M,MOCOCA,SÃO PAULO,Brasil,,,,Cerrado,33,35,3530508,8,,220_075,6.0,POINT(-47.08539 -21.33529)
1815156831,89019751-b9ea-3a90-b87b-ba4a587298d3,-48.43317,-21.70446,2026-04-23 00:13:00+00:00,2026-04-23,TERRA_M-M,MATÃO,SÃO PAULO,Brasil,,,,Cerrado,33,35,3529302,8,,220_075,17.6,POINT(-48.43317 -21.70446)
1815156877,3ff2df86-3f59-3244-ae22-fe80da5edd18,-47.08537,-21.3353,2026-04-23 00:13:00+00:00,2026-04-23,TERRA_M-M,MOCOCA,SÃO PAULO,Brasil,,,,Cerrado,33,35,3530508,8,,220_075,6.0,POINT(-47.08537 -21.3353)
1815156838,45220a3a-0c87-3ae2-a07b-b6ca527d2603,-42.49295,-20.62415,2026-04-23 00:13:00+00:00,2026-04-23,TERRA_M-M,ARAPONGA,MINAS GERAIS,Brasil,,,,Mata Atlântica,33,31,3103702,8,,217_074,12.5,POINT(-42.49295 -20.62415)
1815156876,3285ba19-00e7-3d12-9adf-f6568a8245e0,-48.68187,-21.39679,2026-04-23 00:13:00+00:00,2026-04-23,TERRA_M-M,TAQUARITINGA,SÃO PAULO,Brasil,,,,Cerrado,33,35,3553708,8,,221_075,9.6,POINT(-48.68187 -21.39679)
1815156808,bb9d661c-99ae-371e-b50a-f3cd0b205398,-48.43316,-21.70446,2026-04-23 00:13:00+00:00,2026-04-23,TERRA_M-M,MATÃO,SÃO PAULO,Brasil,,,,Cerrado,33,35,3529302,8,,220_075,17.6,POINT(-48.43316 -21.70446)
1815156841,78833ee5-7f97-32d9-b1cb-757da66a6247,-48.42291,-21.70317,2026-04-23 00:13:00+00:00,2026-04-23,TERRA_M-M,MATÃO,SÃO PAULO,Brasil,,,,Cerrado,33,35,3529302,8,,220_075,7.6,POINT(-48.42291 -21.70317)
1815156821,0efefed4-8de9-3278-bbf1-15dd7d425f36,-42.50056,-20.6307,2026-04-23 00:13:00+00:00,2026-04-23,TERRA_M-M,ARAPONGA,MINAS GERAIS,Brasil,,,,Mata Atlântica,33,31,3103702,8,,217_074,12.2,POINT(-42.50056 -20.6307)
1815156846,efeaf869-054c-3e59-b03b-867543bd091e,-46.73407,-20.20018,2026-04-23 00:13:00+00:00,2026-04-23,TERRA_M-M,SÃO ROQUE DE MINAS,MINAS GERAIS,Brasil,,,,Cerrado,33,31,3164308,8,,220_074,5.5,POINT(-46.73407 -20.20018)
1815156867,948ed5bf-6901-3e40-a72c-ff1c37e1f89d,-42.81806,-20.38878,2026-04-23 00:13:00+00:00,2026-04-23,TERRA_M-M,PONTE NOVA,MINAS GERAIS,Brasil,,,,Mata Atlântica,33,31,3152105,8,,217_074,9.0,POINT(-42.81806 -20.38878)
1815156866,801e984b-2e80-3b2a-9799-a699c2d4dede,-46.79538,-20.23575,2026-04-23 00:13:00+00:00,2026-04-23,TERRA_M-M,DELFINÓPOLIS,MINAS GERAIS,Brasil,,,,Cerrado,33,31,3121209,8,,220_074,9.1,POINT(-46.79538 -20.23575)
1815156849,bfc3c0d2-5b12-31e8-b807-63a5dea5bcf0,-46.73405,-20.20019,2026-04-23 00:13:00+00:00,2026-04-23,TERRA_M-M,SÃO ROQUE DE MINAS,MINAS GERAIS,Brasil,,,,Cerrado,33,31,3164308,8,,220_074,5.5,POINT(-46.73405 -20.20019)
1815156853,cfac80b5-4d51-3690-b815-2f767b04f447,-48.4229,-21.70317,2026-04-23 00:13:00+00:00,2026-04-23,TERRA_M-M,MATÃO,SÃO PAULO,Brasil,,,,Cerrado,33,35,3529302,8,,220_075,7.6,POINT(-48.4229 -21.70317)
1815156854,bcd474bc-a85f-333d-b2a4-749318fb3e1c,-42.49294,-20.62415,2026-04-23 00:13:00+00:00,2026-04-23,TERRA_M-M,ARAPONGA,MINAS GERAIS,Brasil,,,,Mata Atlântica,33,31,3103702,8,,217_074,12.5,POINT(-42.49294 -20.62415)
1815156817,0314eb3c-ab20-39e3-843a-e6b2b5a550d1,-46.79536,-20.23575,2026-04-23 00:13:00+00:00,2026-04-23,TERRA_M-M,DELFINÓPOLIS,MINAS GERAIS,Brasil,,,,Cerrado,33,31,3121209,8,,220_074,9.1,POINT(-46.79536 -20.23575)
1815156863,3d5ab628-e3f6-3d08-8ac3-a8c21df9add8,-48.67147,-21.39548,2026-04-23 00:13:00+00:00,2026-04-23,TERRA_M-M,TAQUARITINGA,SÃO PAULO,Brasil,,,,Cerrado,33,35,3553708,8,,221_075,12.7,POINT(-48.67147 -21.39548)
1815156856,658bf2d0-92cb-30b3-b3ca-c5c8d13b13a1,-48.67148,-21.39547,2026-04-23 00:13:00+00:00,2026-04-23,TERRA_M-M,TAQUARITINGA,SÃO PAULO,Brasil,,,,Cerrado,33,35,3553708,8,,221_075,12.7,POINT(-48.67148 -21.39547)
1815156862,23633cbd-7e2b-3499-949b-510ba412e67d,-42.81804,-20.38878,2026-04-23 00:13:00+00:00,2026-04-23,TERRA_M-M,PONTE NOVA,MINAS GERAIS,Brasil,,,,Mata Atlântica,33,31,3152105,8,,217_074,9.0,POINT(-42.81804 -20.38878)
1815156828,65683f1b-37bc-3c4e-9aaf-db7eb79fc262,-43.98326,-15.18627,2026-04-23 00:16:00+00:00,2026-04-23,TERRA_M-M,JAÍBA,MINAS GERAIS,Brasil,,,,Cerrado,33,31,3135050,8,,219_070,9.3,POINT(-43.98326 -15.18627)
1815156839,75bc0ad9-3566-37e8-bb76-0a38ae250904,-41.29304,-15.15372,2026-04-23 00:16:00+00:00,2026-04-23,TERRA_M-M,BELO CAMPO,BAHIA,Brasil,,,,Mata Atlântica,33,29,2903508,8,,217_070,19.9,POINT(-41.29304 -15.15372)
1815156865,8080e7de-2832-3f6d-b53f-251f394d1d0c,-43.98324,-15.18627,2026-04-23 00:16:00+00:00,2026-04-23,TERRA_M-M,JAÍBA,MINAS GERAIS,Brasil,,,,Cerrado,33,31,3135050,8,,219_070,9.3,POINT(-43.98324 -15.18627)
1815156875,1bb68456-7095-3ce5-b3b9-6ba5c8d986c8,-45.32499,-13.373,2026-04-23 00:16:00+00:00,2026-04-23,TERRA_M-M,CORRENTINA,BAHIA,Brasil,,,,Cerrado,33,29,2909307,8,,220_069,6.7,POINT(-45.32499 -13.373)
1815156835,c5cf7603-0055-3080-b0b8-bb8f5f7b4ac8,-41.29302,-15.15372,2026-04-23 00:16:00+00:00,2026-04-23,TERRA_M-M,BELO CAMPO,BAHIA,Brasil,,,,Mata Atlântica,33,29,2903508,8,,217_070,19.9,POINT(-41.29302 -15.15372)
1815156892,aa904f25-e04e-344d-a2ac-7cb66cff304d,-43.59544,-13.0254,2026-04-23 00:16:00+00:00,2026-04-23,TERRA_M-M,SÍTIO DO MATO,BAHIA,Brasil,,,,Cerrado,33,29,2930758,8,,219_069,15.2,POINT(-43.59544 -13.0254)
1815156868,9422692a-75b9-3a6a-9dc3-233ad5ef5889,-51.08852,-17.48503,2026-04-23 00:16:00+00:00,2026-04-23,TERRA_M-M,MONTIVIDIU,GOIÁS,Brasil,,,,Cerrado,33,52,5213756,8,,223_072,28.7,POINT(-51.08852 -17.48503)
1815156844,606dbb3c-6981-36df-a383-f333a84fc0d7,-45.32341,-13.38284,2026-04-23 00:16:00+00:00,2026-04-23,TERRA_M-M,CORRENTINA,BAHIA,Brasil,,,,Cerrado,33,29,2909307,8,,220_069,27.0,POINT(-45.32341 -13.38284)
1815156814,b54f9d9b-275c-38f4-8133-db9a289352ee,-51.08854,-17.48502,2026-04-23 00:16:00+00:00,2026-04-23,TERRA_M-M,MONTIVIDIU,GOIÁS,Brasil,,,,Cerrado,33,52,5213756,8,,223_072,28.7,POINT(-51.08854 -17.48502)
1815156901,f22058ae-6887-3d73-b928-76c7518fa9de,-51.10088,-17.48653,2026-04-23 00:16:00+00:00,2026-04-23,TERRA_M-M,MONTIVIDIU,GOIÁS,Brasil,,,,Cerrado,33,52,5213756,8,,223_072,7.6,POINT(-51.10088 -17.48653)
1815156884,0e716a35-f60b-3b66-b189-3474bd79bbf2,-43.59542,-13.0254,2026-04-23 00:16:00+00:00,2026-04-23,TERRA_M-M,SÍTIO DO MATO,BAHIA,Brasil,,,,Cerrado,33,29,2930758,8,,219_069,15.2,POINT(-43.59542 -13.0254)
1815156900,898aefb6-be2c-360f-94aa-1a2b97eb2c9a,-51.10089,-17.48653,2026-04-23 00:16:00+00:00,2026-04-23,TERRA_M-M,MONTIVIDIU,GOIÁS,Brasil,,,,Cerrado,33,52,5213756,8,,223_072,7.6,POINT(-51.10089 -17.48653)
1815156874,c8ff437f-759b-3dde-830a-67e23fdebc24,-45.32339,-13.38284,2026-04-23 00:16:00+00:00,2026-04-23,TERRA_M-M,CORRENTINA,BAHIA,Brasil,,,,Cerrado,33,29,2909307,8,,220_069,27.0,POINT(-45.32339 -13.38284)
1815156893,d9cb9fec-5564-3b65-8042-1ed8211a2082,-45.325,-13.373,2026-04-23 00:16:00+00:00,2026-04-23,TERRA_M-M,CORRENTINA,BAHIA,Brasil,,,,Cerrado,33,29,2909307,8,,220_069,6.7,POINT(-45.325 -13.373)
1815156872,2b7c3778-79aa-3c71-9537-2d810e30f44f,-43.63991,-11.76532,2026-04-23 00:18:00+00:00,2026-04-23,TERRA_M-M,BARRA,BAHIA,Brasil,,,,Cerrado,33,29,2902708,8,,219_068,26.1,POINT(-43.63991 -11.76532)
1815156812,74e772ab-76a2-3236-84f4-4579c50c9d7f,-43.62995,-11.78558,2026-04-23 00:18:00+00:00,2026-04-23,TERRA_M-M,BARRA,BAHIA,Brasil,,,,Cerrado,33,29,2902708,8,,219_068,23.2,POINT(-43.62995 -11.78558)
1815156843,f4a0d6bc-f222-32a4-b9e8-42c525e07313,-43.66356,-11.77925,2026-04-23 00:18:00+00:00,2026-04-23,TERRA_M-M,BARRA,BAHIA,Brasil,,,,Cerrado,33,29,2902708,8,,219_068,51.5,POINT(-43.66356 -11.77925)
1815156870,47cc3a51-0dd3-33d4-97a8-40e996c75e16,-43.64959,-11.76527,2026-04-23 00:18:00+00:00,2026-04-23,TERRA_M-M,BARRA,BAHIA,Brasil,,,,Cerrado,33,29,2902708,8,,219_068,39.2,POINT(-43.64959 -11.76527)
1815156902,ce0d06b7-cb7a-3ef5-adb8-0ca4d21b53cf,-43.65392,-11.7792,2026-04-23 00:18:00+00:00,2026-04-23,TERRA_M-M,BARRA,BAHIA,Brasil,,,,Cerrado,33,29,2902708,8,,219_068,19.7,POINT(-43.65392 -11.7792)
1815156820,1b8b121f-25ae-3709-9361-fdd29fb3a963,-45.47506,-12.56521,2026-04-23 00:18:00+00:00,2026-04-23,TERRA_M-M,SÃO DESIDÉRIO,BAHIA,Brasil,,,,Cerrado,33,29,2928901,8,,220_069,8.3,POINT(-45.47506 -12.56521)
1815156878,26274491-22ba-394d-bb70-f2566701ae04,-45.47183,-12.58493,2026-04-23 00:18:00+00:00,2026-04-23,TERRA_M-M,SÃO DESIDÉRIO,BAHIA,Brasil,,,,Cerrado,33,29,2928901,8,,220_069,17.9,POINT(-45.47183 -12.58493)
1815156889,70d48da6-21e5-3500-b4d1-b15419ca7aaa,-44.62067,-12.27268,2026-04-23 00:18:00+00:00,2026-04-23,TERRA_M-M,CATOLÂNDIA,BAHIA,Brasil,,,,Cerrado,33,29,2907400,8,,219_069,11.3,POINT(-44.62067 -12.27268)
1815156855,70a5d6e3-dd80-37e6-9366-828d703458fb,-44.62066,-12.27268,2026-04-23 00:18:00+00:00,2026-04-23,TERRA_M-M,CATOLÂNDIA,BAHIA,Brasil,,,,Cerrado,33,29,2907400,8,,219_069,11.3,POINT(-44.62066 -12.27268)
1815156858,07ef2d7d-40f2-3177-bbde-3ab630d978f9,-45.47185,-12.58492,2026-04-23 00:18:00+00:00,2026-04-23,TERRA_M-M,SÃO DESIDÉRIO,BAHIA,Brasil,,,,Cerrado,33,29,2928901,8,,220_069,17.9,POINT(-45.47185 -12.58492)
1815156904,e7af5b94-5b45-3b7a-9af2-94dbd6bf09e9,-43.62993,-11.78558,2026-04-23 00:18:00+00:00,2026-04-23,TERRA_M-M,BARRA,BAHIA,Brasil,,,,Cerrado,33,29,2902708,8,,219_068,23.2,POINT(-43.62993 -11.78558)
1815156840,130f817b-c6d4-39ba-807a-0d2c43a75a95,-43.65578,-11.76777,2026-04-23 00:18:00+00:00,2026-04-23,TERRA_M-M,BARRA,BAHIA,Brasil,,,,Cerrado,33,29,2902708,8,,219_068,53.3,POINT(-43.65578 -11.76777)
1815156809,9da6d209-feba-3439-ae53-1af94fef62b4,-43.62806,-11.79703,2026-04-23 00:18:00+00:00,2026-04-23,TERRA_M-M,BARRA,BAHIA,Brasil,,,,Cerrado,33,29,2902708,8,,219_068,12.9,POINT(-43.62806 -11.79703)
1815156898,fc3ad2f9-b9de-3c79-9b50-d420f490aaff,-45.47507,-12.56521,2026-04-23 00:18:00+00:00,2026-04-23,TERRA_M-M,SÃO DESIDÉRIO,BAHIA,Brasil,,,,Cerrado,33,29,2928901,8,,220_069,8.3,POINT(-45.47507 -12.56521)
1815156826,5a3abd3c-1ac2-3381-b677-429f703bdce9,-44.63192,-12.28515,2026-04-23 00:18:00+00:00,2026-04-23,TERRA_M-M,CATOLÂNDIA,BAHIA,Brasil,,,,Cerrado,33,29,2907400,8,,219_069,11.1,POINT(-44.63192 -12.28515)
1815156823,228b6993-8261-39ea-933a-dee2dbbcdd96,-43.66547,-11.76784,2026-04-23 00:18:00+00:00,2026-04-23,TERRA_M-M,BARRA,BAHIA,Brasil,,,,Cerrado,33,29,2902708,8,,219_068,9.6,POINT(-43.66547 -11.76784)
1815156860,7317184f-02d4-31bf-bfd0-73d2c0c1174c,-43.64774,-11.7767,2026-04-23 00:18:00+00:00,2026-04-23,TERRA_M-M,BARRA,BAHIA,Brasil,,,,Cerrado,33,29,2902708,8,,219_068,24.8,POINT(-43.64774 -11.7767)
1815156811,ac4e0c5b-9efc-3005-91e0-2fab5c1b05d4,-43.65393,-11.77919,2026-04-23 00:18:00+00:00,2026-04-23,TERRA_M-M,BARRA,BAHIA,Brasil,,,,Cerrado,33,29,2902708,8,,219_068,19.7,POINT(-43.65393 -11.77919)
1815156905,681ccd06-a42e-3ba7-b5c2-ed4ba586eefd,-43.66358,-11.77925,2026-04-23 00:18:00+00:00,2026-04-23,TERRA_M-M,BARRA,BAHIA,Brasil,,,,Cerrado,33,29,2902708,8,,219_068,51.5,POINT(-43.66358 -11.77925)
1815156895,bbc159eb-20cb-35f0-be89-9f1746d56c4f,-44.63194,-12.28515,2026-04-23 00:18:00+00:00,2026-04-23,TERRA_M-M,CATOLÂNDIA,BAHIA,Brasil,,,,Cerrado,33,29,2907400,8,,219_069,11.1,POINT(-44.63194 -12.28515)
1815156861,a58ad1d2-d268-3811-86cc-0a78cafd6335,-43.62807,-11.79703,2026-04-23 00:18:00+00:00,2026-04-23,TERRA_M-M,BARRA,BAHIA,Brasil,,,,Cerrado,33,29,2902708,8,,219_068,12.9,POINT(-43.62807 -11.79703)
1815156888,ff5e34ed-02a1-3c07-9c8a-2608188e1e70,-43.64957,-11.76527,2026-04-23 00:18:00+00:00,2026-04-23,TERRA_M-M,BARRA,BAHIA,Brasil,,,,Cerrado,33,29,2902708,8,,219_068,39.2,POINT(-43.64957 -11.76527)
1815156807,e27b5c63-f76f-3432-8445-08a91e206899,-43.67005,-11.78166,2026-04-23 00:18:00+00:00,2026-04-23,TERRA_M-M,BARRA,BAHIA,Brasil,,,,Cerrado,33,29,2902708,8,,219_068,29.8,POINT(-43.67005 -11.78166)
1815156819,7a70f4bd-986a-3f85-9044-6ada0d7a62cc,-44.61886,-12.28318,2026-04-23 00:18:00+00:00,2026-04-23,TERRA_M-M,CATOLÂNDIA,BAHIA,Brasil,,,,Cerrado,33,29,2907400,8,,219_069,42.0,POINT(-44.61886 -12.28318)
1815156833,8ec37df9-1196-3c55-b58f-6e9669c1d27a,-44.61885,-12.28318,2026-04-23 00:18:00+00:00,2026-04-23,TERRA_M-M,CATOLÂNDIA,BAHIA,Brasil,,,,Cerrado,33,29,2907400,8,,219_069,42.0,POINT(-44.61885 -12.28318)
1815156834,1650e62d-9c31-307d-a7bb-a9dedb4f0374,-43.61415,-11.78305,2026-04-23 00:18:00+00:00,2026-04-23,TERRA_M-M,BARRA,BAHIA,Brasil,,,,Cerrado,33,29,2902708,8,,219_068,19.3,POINT(-43.61415 -11.78305)
1815156852,cbb02c4e-26e5-3ffb-86ef-7c244d0f02e0,-43.67004,-11.78166,2026-04-23 00:18:00+00:00,2026-04-23,TERRA_M-M,BARRA,BAHIA,Brasil,,,,Cerrado,33,29,2902708,8,,219_068,29.8,POINT(-43.67004 -11.78166)
1815156864,f34be6d7-1efa-3ac6-b995-e9d167620f9d,-43.63992,-11.76532,2026-04-23 00:18:00+00:00,2026-04-23,TERRA_M-M,BARRA,BAHIA,Brasil,,,,Cerrado,33,29,2902708,8,,219_068,26.1,POINT(-43.63992 -11.76532)
1815156903,211db2b3-72f7-3122-ab94-4728bde28c56,-43.65579,-11.76776,2026-04-23 00:18:00+00:00,2026-04-23,TERRA_M-M,BARRA,BAHIA,Brasil,,,,Cerrado,33,29,2902708,8,,219_068,53.3,POINT(-43.65579 -11.76776)
1815156829,d67ebd39-9248-33ce-84f0-11714c03eb4d,-43.66549,-11.76784,2026-04-23 00:18:00+00:00,2026-04-23,TERRA_M-M,BARRA,BAHIA,Brasil,,,,Cerrado,33,29,2902708,8,,219_068,9.6,POINT(-43.66549 -11.76784)
1815156899,4ab72605-9522-3da7-a624-36d265cb5f68,-43.61413,-11.78306,2026-04-23 00:18:00+00:00,2026-04-23,TERRA_M-M,BARRA,BAHIA,Brasil,,,,Cerrado,33,29,2902708,8,,219_068,19.3,POINT(-43.61413 -11.78306)
1815156816,e8073aa7-ec33-3b3e-9321-92bce7e2bf77,-43.64772,-11.7767,2026-04-23 00:18:00+00:00,2026-04-23,TERRA_M-M,BARRA,BAHIA,Brasil,,,,Cerrado,33,29,2902708,8,,219_068,24.8,POINT(-43.64772 -11.7767)
1815156411,b91f4e1a-2a1b-36ce-afb4-8f83c4c177f9,-43.6163,-11.7917,2026-04-23 00:20:00+00:00,2026-04-23,GOES-19,BARRA,BAHIA,Brasil,,,,Cerrado,33,29,2902708,8,,219_068,70.1,POINT(-43.6163 -11.7917)
1815155655,0d52831e-511c-3cec-9230-37ec64ec4886,-51.1126,-6.5631,2026-04-23 00:20:00+00:00,2026-04-23,GOES-19,OURILÂNDIA DO NORTE,PARÁ,Brasil,,,,Amazônia,33,15,1505437,8,,224_065,57.7,POINT(-51.1126 -6.5631)
1815156213,1a77a064-4487-351e-8a24-da570eed4c91,-43.643,-11.772,2026-04-23 00:20:00+00:00,2026-04-23,GOES-19,BARRA,BAHIA,Brasil,,,,Cerrado,33,29,2902708,8,,219_068,61.1,POINT(-43.643 -11.772)
1815156778,a89b14ea-da6c-3398-98e4-d22acebb493e,-43.6163,-11.7917,2026-04-23 00:30:00+00:00,2026-04-23,GOES-19,BARRA,BAHIA,Brasil,,,,Cerrado,33,29,2902708,8,,219_068,59.8,POINT(-43.6163 -11.7917)
1815156774,1b4e97d3-6f3c-38df-be8e-f142ffe1465b,-43.643,-11.772,2026-04-23 00:30:00+00:00,2026-04-23,GOES-19,BARRA,BAHIA,Brasil,,,,Cerrado,33,29,2902708,8,,219_068,57.2,POINT(-43.643 -11.772)
1815156799,6a1bf911-85e6-3c5f-900d-6179388ea938,-43.6163,-11.7917,2026-04-23 00:40:00+00:00,2026-04-23,GOES-19,BARRA,BAHIA,Brasil,,,,Cerrado,33,29,2902708,8,,219_068,73.1,POINT(-43.6163 -11.7917)
1815156800,9b6e4bb7-7488-3fed-9e5c-66f09c88b264,-43.643,-11.772,2026-04-23 00:40:00+00:00,2026-04-23,GOES-19,BARRA,BAHIA,Brasil,,,,Cerrado,33,29,2902708,8,,219_068,59.6,POINT(-43.643 -11.772)
1815156851,6980350c-4d6f-3224-9e49-e5feaa919cdb,-43.643,-11.772,2026-04-23 00:50:00+00:00,2026-04-23,GOES-19,BARRA,BAHIA,Brasil,,,,Cerrado,33,29,2902708,8,,219_068,58.0,POINT(-43.643 -11.772)
1815156924,81dfca44-d238-3412-8339-94355e5b474c,-43.6163,-11.7917,2026-04-23 01:00:00+00:00,2026-04-23,GOES-19,BARRA,BAHIA,Brasil,,,,Cerrado,33,29,2902708,8,,219_068,58.6,POINT(-43.6163 -11.7917)
1815156975,8a8b8ab6-ce93-3f3e-96f6-b6c6ae413949,-43.6163,-11.7917,2026-04-23 01:10:00+00:00,2026-04-23,GOES-19,BARRA,BAHIA,Brasil,,,,Cerrado,33,29,2902708,8,,219_068,54.4,POINT(-43.6163 -11.7917)
1815157194,a5c1005a-74e8-3c1d-9c9f-93a1774fb94a,-43.6163,-11.7917,2026-04-23 01:30:00+00:00,2026-04-23,GOES-19,BARRA,BAHIA,Brasil,,,,Cerrado,33,29,2902708,8,,219_068,55.4,POINT(-43.6163 -11.7917)
1815157903,13026f9a-f5fd-3312-9043-80debf2ac06f,-43.6163,-11.7917,2026-04-23 01:40:00+00:00,2026-04-23,GOES-19,BARRA,BAHIA,Brasil,,,,Cerrado,33,29,2902708,8,,219_068,56.7,POINT(-43.6163 -11.7917)
1815157901,78a71ddf-12a5-31ef-b24d-a5f708a361f9,-43.643,-11.772,2026-04-23 01:40:00+00:00,2026-04-23,GOES-19,BARRA,BAHIA,Brasil,,,,Cerrado,33,29,2902708,8,,219_068,54.0,POINT(-43.643 -11.772)
1815157914,61b9f3f3-0681-3d06-9fbd-9bfdaa9bb624,-43.6163,-11.7917,2026-04-23 01:50:00+00:00,2026-04-23,GOES-19,BARRA,BAHIA,Brasil,,,,Cerrado,33,29,2902708,8,,219_068,52.9,POINT(-43.6163 -11.7917)
