{"type": "FeatureCollection", "features": [{"type": "Feature", "id": "focos_48h_br_todosats.fid--3bf30ddf_19d555fad35_-3be5", "geometry": {"type": "Point", "coordinates": [-56.9464, -22.1887]}, "geometry_name": "geometria", "properties": {"id_foco_bdq": 1812259285, "foco_id": "ac1db829-b10b-30a2-afc0-24b746586f9b", "longitude": -56.9464, "latitude": -22.1887, "data_hora_gmt": "2026-04-02T00:27:00Z", "data_pas": "2026-04-02", "satelite": "METOP-B", "municipio": "BELA VISTA", "estado": "MATO GROSSO DO SUL", "pais": "Brasil", "precipitacao": 12.56, "numero_dias_sem_chuva": 4, "risco_fogo": 0.07, "bioma": "Cerrado", "id_0": 33, "id_1": 50, "id_2": 5002100, "continente_id": 8, "vegetacao": "Pastagens e gramíneas", "grade_wrs": "226_075", "frp": null}, "bbox": [-56.9464, -22.1887, -56.9464, -22.1887]}, {"type": "Feature", "id": "focos_48h_br_todosats.fid--3bf30ddf_19d555fad35_-3be4", "geometry": {"type": "Point", "coordinates": [-50.432598, -20.2834]}, "geometry_name": "geometria", "properties": {"id_foco_bdq": 1812259269, "foco_id": "dfb3c2c8-a5e5-36a9-9096-ab00b802be0f", "longitude": -50.432598, "latitude": -20.2834, "data_hora_gmt": "2026-04-02T00:27:00Z", "data_pas": "2026-04-02", "satelite": "METOP-B", "municipio": "ESTRELA D'OESTE", "estado": "SÃO PAULO", "pais": "Brasil", "precipitacao": 1.8, "numero_dias_sem_chuva": 0, "risco_fogo": 0.29, "bioma": "Mata Atlântica", "id_0": 33, "id_1": 35, "id_2": 3515202, "continente_id": 8, "vegetacao": "Agricultura e diversos", "grade_wrs": "222_074", "frp": null}, "bbox": [-50.432598, -20.2834, -50.432598, -20.2834]}, {"type": "Feature", "id": "focos_48h_br_todosats.fid--3bf30ddf_19d555fad35_-3be3", "geometry": {"type": "Point", "coordinates": [-49.3279, -19.669901]}, "geometry_name": "geometria", "properties": {"id_foco_bdq": 1812259303, "foco_id": "1d681ea9-666c-3882-a10a-7e6f6325ca16", "longitude": -49.3279, "latitude": -19.669901, "data_hora_gmt": "2026-04-02T00:27:00Z", "data_pas": "2026-04-02", "satelite": "METOP-B", "municipio": "ITAPAGIPE", "estado": "MINAS GERAIS", "pais": "Brasil", "precipitacao": 0.8, "numero_dias_sem_chuva": 1, "risco_fogo": 0.75, "bioma": "Cerrado", "id_0": 33, "id_1": 31, "id_2": 3133402, "continente_id": 8, "vegetacao": "Pastagens e gramíneas", "grade_wrs": "221_074", "frp": null}, "bbox": [-49.3279, -19.669901, -49.3279, -19.669901]}, {"type": "Feature", "id": "focos_48h_br_todosats.fid--3bf30ddf_19d555fad35_-3be2", "geometry": {"type": "Point", "coordinates": [-49.335201, -19.6716]}, "geometry_name": "geometria", "properties": {"id_foco_bdq": 1812259265, "foco_id": "c072b397-cd34-3bfd-ae5a-348fea2bcf77", "longitude": -49.335201, "latitude": -19.6716, "data_hora_gmt": "2026-04-02T00:27:00Z", "data_pas": "2026-04-02", "satelite": "METOP-B", "municipio": "ITAPAGIPE", "estado": "MINAS GERAIS", "pais": "Brasil", "precipitacao": 0.8, "numero_dias_sem_chuva": 1, "risco_fogo": 0.74, "bioma": "Cerrado", "id_0": 33, "id_1": 31, "id_2": 3133402, "continente_id": 8, "vegetacao": "Pastagens e gramíneas", "grade_wrs": "221_074", "frp": null}, "bbox": [-49.335201, -19.6716, -49.335201, -19.6716]}, {"type": "Feature", "id": "focos_48h_br_todosats.fid--3bf30ddf_19d555fad35_-3be1", "geometry": {"type": "Point", "coordinates": [-49.529598, -20.9266]}, "geometry_name": "geometria", "properties": {"id_foco_bdq": 1812259322, "foco_id": "cdcc37e2-7306-37d6-8392-c045db5bbf24", "longitude": -49.529598, "latitude": -20.9266, "data_hora_gmt": "2026-04-02T01:00:00Z", "data_pas": "2026-04-02", "satelite": "METOP-C", "municipio": "MIRASSOL", "estado": "SÃO PAULO", "pais": "Brasil", "precipitacao": 10.46, "numero_dias_sem_chuva": 3, "risco_fogo": 0.01, "bioma": "Mata Atlântica", "id_0": 33, "id_1": 35, "id_2": 3530300, "continente_id": 8, "vegetacao": "Pastagens e gramíneas", "grade_wrs": "221_075", "frp": null}, "bbox": [-49.529598, -20.9266, -49.529598, -20.9266]}, {"type": "Feature", "id": "focos_48h_br_todosats.fid--3bf30ddf_19d555fad35_-3be0", "geometry": {"type": "Point", "coordinates": [-49.5247, -20.915199]}, "geometry_name": "geometria", "properties": {"id_foco_bdq": 1812259319, "foco_id": "c36a4363-d1fe-3f3b-aaf2-10e158e8ddc3", "longitude": -49.5247, "latitude": -20.915199, "data_hora_gmt": "2026-04-02T01:00:00Z", "data_pas": "2026-04-02", "satelite": "METOP-C", "municipio": "MIRASSOL", "estado": "SÃO PAULO", "pais": "Brasil", "precipitacao": 9.3, "numero_dias_sem_chuva": 3, "risco_fogo": 0, "bioma": "Mata Atlântica", "id_0": 33, "id_1": 35, "id_2": 3530300, "continente_id": 8, "vegetacao": "Florestas decíduas e sazonais", "grade_wrs": "221_075", "frp": null}, "bbox": [-49.5247, -20.915199, -49.5247, -20.915199]}, {"type": "Feature", "id": "focos_48h_br_todosats.fid--3bf30ddf_19d555fad35_-3bdf", "geometry": {"type": "Point", "coordinates": [-56.9617, -22.180901]}, "geometry_name": "geometria", "properties": {"id_foco_bdq": 1812259325, "foco_id": "d7482269-b55e-3f0f-9302-193f048a25dd", "longitude": -56.9617, "latitude": -22.180901, "data_hora_gmt": "2026-04-02T01:00:00Z", "data_pas": "2026-04-02", "satelite": "METOP-C", "municipio": "BELA VISTA", "estado": "MATO GROSSO DO SUL", "pais": "Brasil", "precipitacao": 11.95, "numero_dias_sem_chuva": 4, "risco_fogo": 0.07, "bioma": "Cerrado", "id_0": 33, "id_1": 50, "id_2": 5002100, "continente_id": 8, "vegetacao": "Pastagens e gramíneas", "grade_wrs": "226_075", "frp": null}, "bbox": [-56.9617, -22.180901, -56.9617, -22.180901]}, {"type": "Feature", "id": "focos_48h_br_todosats.fid--3bf30ddf_19d555fad35_-3bde", "geometry": {"type": "Point", "coordinates": [-49.522202, -20.924999]}, "geometry_name": "geometria", "properties": {"id_foco_bdq": 1812259288, "foco_id": "cf697a72-5772-3656-826c-fa25dc925c81", "longitude": -49.522202, "latitude": -20.924999, "data_hora_gmt": "2026-04-02T01:00:00Z", "data_pas": "2026-04-02", "satelite": "METOP-C", "municipio": "MIRASSOL", "estado": "SÃO PAULO", "pais": "Brasil", "precipitacao": 9.56, "numero_dias_sem_chuva": 3, "risco_fogo": 0, "bioma": "Mata Atlântica", "id_0": 33, "id_1": 35, "id_2": 3530300, "continente_id": 8, "vegetacao": "Floresta de contato; Campinarana", "grade_wrs": "221_075", "frp": null}, "bbox": [-49.522202, -20.924999, -49.522202, -20.924999]}, {"type": "Feature", "id": "focos_48h_br_todosats.fid--3bf30ddf_19d555fad35_-3bdd", "geometry": {"type": "Point", "coordinates": [-49.5149, -20.9233]}, "geometry_name": "geometria", "properties": {"id_foco_bdq": 1812259301, "foco_id": "47ac10f3-c61f-347a-89f3-22a22fcf951b", "longitude": -49.5149, "latitude": -20.9233, "data_hora_gmt": "2026-04-02T01:00:00Z", "data_pas": "2026-04-02", "satelite": "METOP-C", "municipio": "MIRASSOL", "estado": "SÃO PAULO", "pais": "Brasil", "precipitacao": 8.73, "numero_dias_sem_chuva": 3, "risco_fogo": 0, "bioma": "Mata Atlântica", "id_0": 33, "id_1": 35, "id_2": 3530300, "continente_id": 8, "vegetacao": "Savana arbórea; Caatinga fechada", "grade_wrs": "221_075", "frp": null}, "bbox": [-49.5149, -20.9233, -49.5149, -20.9233]}, {"type": "Feature", "id": "focos_48h_br_todosats.fid--3bf30ddf_19d555fad35_-3bdc", "geometry": {"type": "Point", "coordinates": [-56.97284, -22.1821]}, "geometry_name": "geometria", "properties": {"id_foco_bdq": 1812264067, "foco_id": "b7d67ebc-8288-3e7a-ada1-adf155d122c7", "longitude": -56.97284, "latitude": -22.1821, "data_hora_gmt": "2026-04-02T01:17:00Z", "data_pas": "2026-04-02", "satelite": "TERRA_M-M", "municipio": "BELA VISTA", "estado": "MATO GROSSO DO SUL", "pais": "Brasil", "precipitacao": 11.27, "numero_dias_sem_chuva": 4, "risco_fogo": 0.1, "bioma": "Cerrado", "id_0": 33, "id_1": 50, "id_2": 5002100, "continente_id": 8, "vegetacao": "Pastagens e gramíneas", "grade_wrs": "226_075", "frp": 17.3}, "bbox": [-56.97284, -22.1821, -56.97284, -22.1821]}, {"type": "Feature", "id": "focos_48h_br_todosats.fid--3bf30ddf_19d555fad35_-3bdb", "geometry": {"type": "Point", "coordinates": [-54.91199, -16.42698]}, "geometry_name": "geometria", "properties": {"id_foco_bdq": 1812264314, "foco_id": "c88d53ee-850a-3a65-a78f-60d5e4e86b5a", "longitude": -54.91199, "latitude": -16.42698, "data_hora_gmt": "2026-04-02T01:17:00Z", "data_pas": "2026-04-02", "satelite": "TERRA_M-M", "municipio": "RONDONÓPOLIS", "estado": "MATO GROSSO", "pais": "Brasil", "precipitacao": 0.68, "numero_dias_sem_chuva": 3, "risco_fogo": 0.3, "bioma": "Cerrado", "id_0": 33, "id_1": 51, "id_2": 5107602, "continente_id": 8, "vegetacao": "Pastagens e gramíneas", "grade_wrs": "225_071", "frp": 16}, "bbox": [-54.91199, -16.42698, -54.91199, -16.42698]}, {"type": "Feature", "id": "focos_48h_br_todosats.fid--3bf30ddf_19d555fad35_-3bda", "geometry": {"type": "Point", "coordinates": [-45.34107, -12.06228]}, "geometry_name": "geometria", "properties": {"id_foco_bdq": 1812270370, "foco_id": "979af3e5-2725-32f4-b755-08d349586fb8", "longitude": -45.34107, "latitude": -12.06228, "data_hora_gmt": "2026-04-02T03:51:00Z", "data_pas": "2026-04-02", "satelite": "NOAA-21", "municipio": "BARREIRAS", "estado": "BAHIA", "pais": "Brasil", "precipitacao": 12.94, "numero_dias_sem_chuva": 5, "risco_fogo": 0, "bioma": "Cerrado", "id_0": 33, "id_1": 29, "id_2": 2903201, "continente_id": 8, "vegetacao": "Savana arbórea; Caatinga fechada", "grade_wrs": "220_068", "frp": 1.1}, "bbox": [-45.34107, -12.06228, -45.34107, -12.06228]}, {"type": "Feature", "id": "focos_48h_br_todosats.fid--3bf30ddf_19d555fad35_-3bd9", "geometry": {"type": "Point", "coordinates": [-43.5803, -19.38026]}, "geometry_name": "geometria", "properties": {"id_foco_bdq": 1812275802, "foco_id": "f2cf8b62-ab25-3bd4-8938-475da372b91f", "longitude": -43.5803, "latitude": -19.38026, "data_hora_gmt": "2026-04-02T03:51:00Z", "data_pas": "2026-04-02", "satelite": "NOAA-21", "municipio": "JABOTICATUBAS", "estado": "MINAS GERAIS", "pais": "Brasil", "precipitacao": 0.4, "numero_dias_sem_chuva": 0, "risco_fogo": 0, "bioma": "Cerrado", "id_0": 33, "id_1": 31, "id_2": 3134608, "continente_id": 8, "vegetacao": "Savana arbórea; Caatinga fechada", "grade_wrs": "218_073", "frp": 1.6}, "bbox": [-43.5803, -19.38026, -43.5803, -19.38026]}, {"type": "Feature", "id": "focos_48h_br_todosats.fid--3bf30ddf_19d555fad35_-3bd8", "geometry": {"type": "Point", "coordinates": [-43.59211, -19.36674]}, "geometry_name": "geometria", "properties": {"id_foco_bdq": 1812275740, "foco_id": "5d9036cc-cf14-36a5-b836-a3f28e8216b6", "longitude": -43.59211, "latitude": -19.36674, "data_hora_gmt": "2026-04-02T03:51:00Z", "data_pas": "2026-04-02", "satelite": "NOAA-21", "municipio": "JABOTICATUBAS", "estado": "MINAS GERAIS", "pais": "Brasil", "precipitacao": 0.4, "numero_dias_sem_chuva": 0, "risco_fogo": 0, "bioma": "Cerrado", "id_0": 33, "id_1": 31, "id_2": 3134608, "continente_id": 8, "vegetacao": "Savana arbórea; Caatinga fechada", "grade_wrs": "218_073", "frp": 1.4}, "bbox": [-43.59211, -19.36674, -43.59211, -19.36674]}, {"type": "Feature", "id": "focos_48h_br_todosats.fid--3bf30ddf_19d555fad35_-3bd7", "geometry": {"type": "Point", "coordinates": [-40.07436, -19.5972]}, "geometry_name": "geometria", "properties": {"id_foco_bdq": 1812269195, "foco_id": "6a1a4828-ae2a-3478-913d-503e13458be6", "longitude": -40.07436, "latitude": -19.5972, "data_hora_gmt": "2026-04-02T03:51:00Z", "data_pas": "2026-04-02", "satelite": "NOAA-21", "municipio": "ARACRUZ", "estado": "ESPÍRITO SANTO", "pais": "Brasil", "precipitacao": 0.64, "numero_dias_sem_chuva": 0, "risco_fogo": 0.35, "bioma": "Mata Atlântica", "id_0": 33, "id_1": 32, "id_2": 3200607, "continente_id": 8, "vegetacao": "Pastagens e gramíneas", "grade_wrs": "215_074", "frp": 0.7}, "bbox": [-40.07436, -19.5972, -40.07436, -19.5972]}, {"type": "Feature", "id": "focos_48h_br_todosats.fid--3bf30ddf_19d555fad35_-3bd6", "geometry": {"type": "Point", "coordinates": [-40.0732, -19.59057]}, "geometry_name": "geometria", "properties": {"id_foco_bdq": 1812272198, "foco_id": "208c58d5-7836-3bb8-a3e3-d093ef3fccd9", "longitude": -40.0732, "latitude": -19.59057, "data_hora_gmt": "2026-04-02T03:51:00Z", "data_pas": "2026-04-02", "satelite": "NOAA-21", "municipio": "ARACRUZ", "estado": "ESPÍRITO SANTO", "pais": "Brasil", "precipitacao": 0.63, "numero_dias_sem_chuva": 0, "risco_fogo": 0.5, "bioma": "Mata Atlântica", "id_0": 33, "id_1": 32, "id_2": 3200607, "continente_id": 8, "vegetacao": "Pastagens e gramíneas", "grade_wrs": "215_074", "frp": 1.3}, "bbox": [-40.0732, -19.59057, -40.0732, -19.59057]}, {"type": "Feature", "id": "focos_48h_br_todosats.fid--3bf30ddf_19d555fad35_-3bd5", "geometry": {"type": "Point", "coordinates": [-40.06896, -19.58784]}, "geometry_name": "geometria", "properties": {"id_foco_bdq": 1812275586, "foco_id": "4f67fdce-7661-3b74-a774-8f6b3bad3fb6", "longitude": -40.06896, "latitude": -19.58784, "data_hora_gmt": "2026-04-02T03:51:00Z", "data_pas": "2026-04-02", "satelite": "NOAA-21", "municipio": "ARACRUZ", "estado": "ESPÍRITO SANTO", "pais": "Brasil", "precipitacao": 0.6, "numero_dias_sem_chuva": 1, "risco_fogo": -999, "bioma": "Mata Atlântica", "id_0": 33, "id_1": 32, "id_2": 3200607, "continente_id": 8, "vegetacao": "Corpos agua/Solos expostos/Mineracao/Areas urbanas e construidas/neve e gelo", "grade_wrs": "215_074", "frp": 1.3}, "bbox": [-40.06896, -19.58784, -40.06896, -19.58784]}, {"type": "Feature", "id": "focos_48h_br_todosats.fid--3bf30ddf_19d555fad35_-3bd4", "geometry": {"type": "Point", "coordinates": [-40.06764, -19.60167]}, "geometry_name": "geometria", "properties": {"id_foco_bdq": 1812272181, "foco_id": "2d98a575-13e8-38bf-aaa7-e9196d33ce7b", "longitude": -40.06764, "latitude": -19.60167, "data_hora_gmt": "2026-04-02T03:51:00Z", "data_pas": "2026-04-02", "satelite": "NOAA-21", "municipio": "ARACRUZ", "estado": "ESPÍRITO SANTO", "pais": "Brasil", "precipitacao": 0.59, "numero_dias_sem_chuva": 0, "risco_fogo": 0.31, "bioma": "Mata Atlântica", "id_0": 33, "id_1": 32, "id_2": 3200607, "continente_id": 8, "vegetacao": "Pastagens e gramíneas", "grade_wrs": "215_074", "frp": 1.1}, "bbox": [-40.06764, -19.60167, -40.06764, -19.60167]}, {"type": "Feature", "id": "focos_48h_br_todosats.fid--3bf30ddf_19d555fad35_-3bd3", "geometry": {"type": "Point", "coordinates": [-43.59291, -19.37041]}, "geometry_name": "geometria", "properties": {"id_foco_bdq": 1812275332, "foco_id": "4758ac6a-dffc-3fcd-b4fc-c612a07f967a", "longitude": -43.59291, "latitude": -19.37041, "data_hora_gmt": "2026-04-02T03:51:00Z", "data_pas": "2026-04-02", "satelite": "NOAA-21", "municipio": "JABOTICATUBAS", "estado": "MINAS GERAIS", "pais": "Brasil", "precipitacao": 0.4, "numero_dias_sem_chuva": 0, "risco_fogo": 0, "bioma": "Cerrado", "id_0": 33, "id_1": 31, "id_2": 3134608, "continente_id": 8, "vegetacao": "Savana arbórea; Caatinga fechada", "grade_wrs": "218_073", "frp": 1.1}, "bbox": [-43.59291, -19.37041, -43.59291, -19.37041]}, {"type": "Feature", "id": "focos_48h_br_todosats.fid--3bf30ddf_19d555fad35_-3bd2", "geometry": {"type": "Point", "coordinates": [-43.58635, -19.36393]}, "geometry_name": "geometria", "properties": {"id_foco_bdq": 1812272492, "foco_id": "54108ce7-6cd0-333e-97ea-8fc3ee5f57af", "longitude": -43.58635, "latitude": -19.36393, "data_hora_gmt": "2026-04-02T03:51:00Z", "data_pas": "2026-04-02", "satelite": "NOAA-21", "municipio": "JABOTICATUBAS", "estado": "MINAS GERAIS", "pais": "Brasil", "precipitacao": 0.36, "numero_dias_sem_chuva": 0, "risco_fogo": 0, "bioma": "Cerrado", "id_0": 33, "id_1": 31, "id_2": 3134608, "continente_id": 8, "vegetacao": "Savana; Caatinga aberta", "grade_wrs": "218_073", "frp": 1.1}, "bbox": [-43.58635, -19.36393, -43.58635, -19.36393]}, {"type": "Feature", "id": "focos_48h_br_todosats.fid--3bf30ddf_19d555fad35_-3bd1", "geometry": {"type": "Point", "coordinates": [-43.58508, -19.37942]}, "geometry_name": "geometria", "properties": {"id_foco_bdq": 1812271982, "foco_id": "7b01c7c9-c41e-36e0-9be7-b52e6af31a6f", "longitude": -43.58508, "latitude": -19.37942, "data_hora_gmt": "2026-04-02T03:51:00Z", "data_pas": "2026-04-02", "satelite": "NOAA-21", "municipio": "JABOTICATUBAS", "estado": "MINAS GERAIS", "pais": "Brasil", "precipitacao": 0.42, "numero_dias_sem_chuva": 0, "risco_fogo": 0, "bioma": "Cerrado", "id_0": 33, "id_1": 31, "id_2": 3134608, "continente_id": 8, "vegetacao": "Savana arbórea; Caatinga fechada", "grade_wrs": "218_073", "frp": 1.8}, "bbox": [-43.58508, -19.37942, -43.58508, -19.37942]}, {"type": "Feature", "id": "focos_48h_br_todosats.fid--3bf30ddf_19d555fad35_-3bd0", "geometry": {"type": "Point", "coordinates": [-43.5836, -19.38191]}, "geometry_name": "geometria", "properties": {"id_foco_bdq": 1812271062, "foco_id": "e2b6c1fc-3960-39a0-be25-0488dac1bde5", "longitude": -43.5836, "latitude": -19.38191, "data_hora_gmt": "2026-04-02T03:51:00Z", "data_pas": "2026-04-02", "satelite": "NOAA-21", "municipio": "JABOTICATUBAS", "estado": "MINAS GERAIS", "pais": "Brasil", "precipitacao": 0.43, "numero_dias_sem_chuva": 0, "risco_fogo": 0, "bioma": "Cerrado", "id_0": 33, "id_1": 31, "id_2": 3134608, "continente_id": 8, "vegetacao": "Savana arbórea; Caatinga fechada", "grade_wrs": "218_073", "frp": 1.6}, "bbox": [-43.5836, -19.38191, -43.5836, -19.38191]}, {"type": "Feature", "id": "focos_48h_br_todosats.fid--3bf30ddf_19d555fad35_-3bcf", "geometry": {"type": "Point", "coordinates": [-40.06398, -19.60225]}, "geometry_name": "geometria", "properties": {"id_foco_bdq": 1812271783, "foco_id": "b32e4849-a04e-3adf-b4d2-0d451ebeac3b", "longitude": -40.06398, "latitude": -19.60225, "data_hora_gmt": "2026-04-02T03:51:00Z", "data_pas": "2026-04-02", "satelite": "NOAA-21", "municipio": "ARACRUZ", "estado": "ESPÍRITO SANTO", "pais": "Brasil", "precipitacao": 0.56, "numero_dias_sem_chuva": 0, "risco_fogo": 0.28, "bioma": "Mata Atlântica", "id_0": 33, "id_1": 32, "id_2": 3200607, "continente_id": 8, "vegetacao": "Pastagens e gramíneas", "grade_wrs": "215_074", "frp": 1.1}, "bbox": [-40.06398, -19.60225, -40.06398, -19.60225]}, {"type": "Feature", "id": "focos_48h_br_todosats.fid--3bf30ddf_19d555fad35_-3bce", "geometry": {"type": "Point", "coordinates": [-43.58729, -19.36758]}, "geometry_name": "geometria", "properties": {"id_foco_bdq": 1812275890, "foco_id": "ab0d10c6-181d-3996-98fe-4d6aa190d529", "longitude": -43.58729, "latitude": -19.36758, "data_hora_gmt": "2026-04-02T03:51:00Z", "data_pas": "2026-04-02", "satelite": "NOAA-21", "municipio": "JABOTICATUBAS", "estado": "MINAS GERAIS", "pais": "Brasil", "precipitacao": 0.38, "numero_dias_sem_chuva": 0, "risco_fogo": 0, "bioma": "Cerrado", "id_0": 33, "id_1": 31, "id_2": 3134608, "continente_id": 8, "vegetacao": "Savana; Caatinga aberta", "grade_wrs": "218_073", "frp": 1.1}, "bbox": [-43.58729, -19.36758, -43.58729, -19.36758]}, {"type": "Feature", "id": "focos_48h_br_todosats.fid--3bf30ddf_19d555fad35_-3bcd", "geometry": {"type": "Point", "coordinates": [-48.4319, -21.71144]}, "geometry_name": "geometria", "properties": {"id_foco_bdq": 1812270322, "foco_id": "477de3ed-f69d-376c-9c69-895c04431cff", "longitude": -48.4319, "latitude": -21.71144, "data_hora_gmt": "2026-04-02T03:53:00Z", "data_pas": "2026-04-02", "satelite": "NOAA-21", "municipio": "MATÃO", "estado": "SÃO PAULO", "pais": "Brasil", "precipitacao": 6.36, "numero_dias_sem_chuva": 4, "risco_fogo": 0.01, "bioma": "Cerrado", "id_0": 33, "id_1": 35, "id_2": 3529302, "continente_id": 8, "vegetacao": "Agricultura e diversos", "grade_wrs": "220_075", "frp": 2.3}, "bbox": [-48.4319, -21.71144, -48.4319, -21.71144]}, {"type": "Feature", "id": "focos_48h_br_todosats.fid--3bf30ddf_19d555fad35_-3bcc", "geometry": {"type": "Point", "coordinates": [-49.34092, -19.67164]}, "geometry_name": "geometria", "properties": {"id_foco_bdq": 1812272233, "foco_id": "29573032-79fe-370a-afcf-e283c6a2963b", "longitude": -49.34092, "latitude": -19.67164, "data_hora_gmt": "2026-04-02T03:53:00Z", "data_pas": "2026-04-02", "satelite": "NOAA-21", "municipio": "ITAPAGIPE", "estado": "MINAS GERAIS", "pais": "Brasil", "precipitacao": 0.8, "numero_dias_sem_chuva": 1, "risco_fogo": 0.73, "bioma": "Cerrado", "id_0": 33, "id_1": 31, "id_2": 3133402, "continente_id": 8, "vegetacao": "Pastagens e gramíneas", "grade_wrs": "221_074", "frp": 1.8}, "bbox": [-49.34092, -19.67164, -49.34092, -19.67164]}, {"type": "Feature", "id": "focos_48h_br_todosats.fid--3bf30ddf_19d555fad35_-3bcb", "geometry": {"type": "Point", "coordinates": [-49.34077, -19.67167]}, "geometry_name": "geometria", "properties": {"id_foco_bdq": 1812273970, "foco_id": "dbb62ccd-ffdd-3cb0-9a29-c9ed5c1b1d94", "longitude": -49.34077, "latitude": -19.67167, "data_hora_gmt": "2026-04-02T03:53:00Z", "data_pas": "2026-04-02", "satelite": "NOAA-21", "municipio": "ITAPAGIPE", "estado": "MINAS GERAIS", "pais": "Brasil", "precipitacao": 0.8, "numero_dias_sem_chuva": 1, "risco_fogo": 0.73, "bioma": "Cerrado", "id_0": 33, "id_1": 31, "id_2": 3133402, "continente_id": 8, "vegetacao": "Pastagens e gramíneas", "grade_wrs": "221_074", "frp": 1.9}, "bbox": [-49.34077, -19.67167, -49.34077, -19.67167]}, {"type": "Feature", "id": "focos_48h_br_todosats.fid--3bf30ddf_19d555fad35_-3bca", "geometry": {"type": "Point", "coordinates": [-48.43314, -21.71614]}, "geometry_name": "geometria", "properties": {"id_foco_bdq": 1812269025, "foco_id": "32c6a28b-5de1-3ab5-af3c-3ae37fd877b1", "longitude": -48.43314, "latitude": -21.71614, "data_hora_gmt": "2026-04-02T03:53:00Z", "data_pas": "2026-04-02", "satelite": "NOAA-21", "municipio": "MATÃO", "estado": "SÃO PAULO", "pais": "Brasil", "precipitacao": 6.34, "numero_dias_sem_chuva": 4, "risco_fogo": 0.01, "bioma": "Cerrado", "id_0": 33, "id_1": 35, "id_2": 3529302, "continente_id": 8, "vegetacao": "Agricultura e diversos", "grade_wrs": "220_075", "frp": 2.3}, "bbox": [-48.43314, -21.71614, -48.43314, -21.71614]}, {"type": "Feature", "id": "focos_48h_br_todosats.fid--3bf30ddf_19d555fad35_-3bc9", "geometry": {"type": "Point", "coordinates": [-48.54956, -18.79058]}, "geometry_name": "geometria", "properties": {"id_foco_bdq": 1812275064, "foco_id": "76f3871a-7f8e-3557-9326-774fe7802b39", "longitude": -48.54956, "latitude": -18.79058, "data_hora_gmt": "2026-04-02T03:53:00Z", "data_pas": "2026-04-02", "satelite": "NOAA-21", "municipio": "UBERLÂNDIA", "estado": "MINAS GERAIS", "pais": "Brasil", "precipitacao": 0.76, "numero_dias_sem_chuva": 1, "risco_fogo": 0.34, "bioma": "Cerrado", "id_0": 33, "id_1": 31, "id_2": 3170206, "continente_id": 8, "vegetacao": "Pastagens e gramíneas", "grade_wrs": "221_073", "frp": 1}, "bbox": [-48.54956, -18.79058, -48.54956, -18.79058]}, {"type": "Feature", "id": "focos_48h_br_todosats.fid--3bf30ddf_19d555fad35_-3bc8", "geometry": {"type": "Point", "coordinates": [-48.43524, -21.71528]}, "geometry_name": "geometria", "properties": {"id_foco_bdq": 1812275594, "foco_id": "6636eee2-53d3-3d15-b835-e63dd4243d51", "longitude": -48.43524, "latitude": -21.71528, "data_hora_gmt": "2026-04-02T03:53:00Z", "data_pas": "2026-04-02", "satelite": "NOAA-21", "municipio": "MATÃO", "estado": "SÃO PAULO", "pais": "Brasil", "precipitacao": 6.23, "numero_dias_sem_chuva": 4, "risco_fogo": 0.01, "bioma": "Cerrado", "id_0": 33, "id_1": 35, "id_2": 3529302, "continente_id": 8, "vegetacao": "Agricultura e diversos", "grade_wrs": "220_075", "frp": 6}, "bbox": [-48.43524, -21.71528, -48.43524, -21.71528]}, {"type": "Feature", "id": "focos_48h_br_todosats.fid--3bf30ddf_19d555fad35_-3bc7", "geometry": {"type": "Point", "coordinates": [-49.8655, -25.47557]}, "geometry_name": "geometria", "properties": {"id_foco_bdq": 1812270225, "foco_id": "3553b663-2434-3673-bebd-7b368c613a63", "longitude": -49.8655, "latitude": -25.47557, "data_hora_gmt": "2026-04-02T03:55:00Z", "data_pas": "2026-04-02", "satelite": "NOAA-21", "municipio": "PALMEIRA", "estado": "PARANÁ", "pais": "Brasil", "precipitacao": 0, "numero_dias_sem_chuva": 0, "risco_fogo": 0.68, "bioma": "Mata Atlântica", "id_0": 33, "id_1": 41, "id_2": 4117701, "continente_id": 8, "vegetacao": "Agricultura e diversos", "grade_wrs": "221_078", "frp": 2.8}, "bbox": [-49.8655, -25.47557, -49.8655, -25.47557]}, {"type": "Feature", "id": "focos_48h_br_todosats.fid--3bf30ddf_19d555fad35_-3bc6", "geometry": {"type": "Point", "coordinates": [-49.8665, -25.47437]}, "geometry_name": "geometria", "properties": {"id_foco_bdq": 1812270785, "foco_id": "7138235a-ef58-3f53-a4f7-cfa93f6c6b5f", "longitude": -49.8665, "latitude": -25.47437, "data_hora_gmt": "2026-04-02T03:55:00Z", "data_pas": "2026-04-02", "satelite": "NOAA-21", "municipio": "PALMEIRA", "estado": "PARANÁ", "pais": "Brasil", "precipitacao": 0, "numero_dias_sem_chuva": 0, "risco_fogo": 0.68, "bioma": "Mata Atlântica", "id_0": 33, "id_1": 41, "id_2": 4117701, "continente_id": 8, "vegetacao": "Agricultura e diversos", "grade_wrs": "221_078", "frp": 3.9}, "bbox": [-49.8665, -25.47437, -49.8665, -25.47437]}, {"type": "Feature", "id": "focos_48h_br_todosats.fid--3bf30ddf_19d555fad35_-3bc5", "geometry": {"type": "Point", "coordinates": [-49.87129, -25.47433]}, "geometry_name": "geometria", "properties": {"id_foco_bdq": 1812273841, "foco_id": "5a766d90-4bf1-3240-9ee6-b1d97b605e1d", "longitude": -49.87129, "latitude": -25.47433, "data_hora_gmt": "2026-04-02T03:55:00Z", "data_pas": "2026-04-02", "satelite": "NOAA-21", "municipio": "PALMEIRA", "estado": "PARANÁ", "pais": "Brasil", "precipitacao": 0, "numero_dias_sem_chuva": 0, "risco_fogo": 0.6, "bioma": "Mata Atlântica", "id_0": 33, "id_1": 41, "id_2": 4117701, "continente_id": 8, "vegetacao": "Agricultura e diversos", "grade_wrs": "221_078", "frp": 2.3}, "bbox": [-49.87129, -25.47433, -49.87129, -25.47433]}, {"type": "Feature", "id": "focos_48h_br_todosats.fid--3bf30ddf_19d555fad35_-3bc4", "geometry": {"type": "Point", "coordinates": [-50.8503, -30.05766]}, "geometry_name": "geometria", "properties": {"id_foco_bdq": 1812268947, "foco_id": "d6d2019d-27f4-31ba-954e-bc9124328ea1", "longitude": -50.8503, "latitude": -30.05766, "data_hora_gmt": "2026-04-02T03:55:00Z", "data_pas": "2026-04-02", "satelite": "NOAA-21", "municipio": "VIAMÃO", "estado": "RIO GRANDE DO SUL", "pais": "Brasil", "precipitacao": 0, "numero_dias_sem_chuva": 3, "risco_fogo": 0.28, "bioma": "Pampa", "id_0": 33, "id_1": 43, "id_2": 4323002, "continente_id": 8, "vegetacao": "Floresta Ombrófila densa", "grade_wrs": "221_081", "frp": 2.3}, "bbox": [-50.8503, -30.05766, -50.8503, -30.05766]}, {"type": "Feature", "id": "focos_48h_br_todosats.fid--3bf30ddf_19d555fad35_-3bc3", "geometry": {"type": "Point", "coordinates": [-43.58181, -19.38118]}, "geometry_name": "geometria", "properties": {"id_foco_bdq": 1812276572, "foco_id": "6fe1ba2c-a5e1-3499-aef3-abbc8a1c2a14", "longitude": -43.58181, "latitude": -19.38118, "data_hora_gmt": "2026-04-02T04:23:00Z", "data_pas": "2026-04-02", "satelite": "NPP-375D", "municipio": "JABOTICATUBAS", "estado": "MINAS GERAIS", "pais": "Brasil", "precipitacao": 0.41, "numero_dias_sem_chuva": 0, "risco_fogo": 0, "bioma": "Cerrado", "id_0": 33, "id_1": 31, "id_2": 3134608, "continente_id": 8, "vegetacao": "Savana arbórea; Caatinga fechada", "grade_wrs": "218_073", "frp": 0.9}, "bbox": [-43.58181, -19.38118, -43.58181, -19.38118]}, {"type": "Feature", "id": "focos_48h_br_todosats.fid--3bf30ddf_19d555fad35_-3bc2", "geometry": {"type": "Point", "coordinates": [-55.15517, -19.27844]}, "geometry_name": "geometria", "properties": {"id_foco_bdq": 1812281164, "foco_id": "a0876855-8535-3e38-849e-f0414f99cc51", "longitude": -55.15517, "latitude": -19.27844, "data_hora_gmt": "2026-04-02T04:23:00Z", "data_pas": "2026-04-02", "satelite": "NPP-375D", "municipio": "RIO VERDE DE MATO GROSSO", "estado": "MATO GROSSO DO SUL", "pais": "Brasil", "precipitacao": 0.23, "numero_dias_sem_chuva": 4, "risco_fogo": 0.41, "bioma": "Cerrado", "id_0": 33, "id_1": 50, "id_2": 5007406, "continente_id": 8, "vegetacao": "Savana; Caatinga aberta", "grade_wrs": "225_073", "frp": 1.2}, "bbox": [-55.15517, -19.27844, -55.15517, -19.27844]}, {"type": "Feature", "id": "focos_48h_br_todosats.fid--3bf30ddf_19d555fad35_-3bc1", "geometry": {"type": "Point", "coordinates": [-49.33835, -19.67419]}, "geometry_name": "geometria", "properties": {"id_foco_bdq": 1812277945, "foco_id": "c83b39fc-9bca-37da-b1e3-da2a405a2c52", "longitude": -49.33835, "latitude": -19.67419, "data_hora_gmt": "2026-04-02T04:23:00Z", "data_pas": "2026-04-02", "satelite": "NPP-375D", "municipio": "ITAPAGIPE", "estado": "MINAS GERAIS", "pais": "Brasil", "precipitacao": 0.8, "numero_dias_sem_chuva": 1, "risco_fogo": 0.73, "bioma": "Cerrado", "id_0": 33, "id_1": 31, "id_2": 3133402, "continente_id": 8, "vegetacao": "Pastagens e gramíneas", "grade_wrs": "221_074", "frp": 1}, "bbox": [-49.33835, -19.67419, -49.33835, -19.67419]}, {"type": "Feature", "id": "focos_48h_br_todosats.fid--3bf30ddf_19d555fad35_-3bc0", "geometry": {"type": "Point", "coordinates": [-40.06395, -19.59972]}, "geometry_name": "geometria", "properties": {"id_foco_bdq": 1812280630, "foco_id": "fe82cfe7-007e-3a29-9793-59d3d4fdaffb", "longitude": -40.06395, "latitude": -19.59972, "data_hora_gmt": "2026-04-02T04:23:00Z", "data_pas": "2026-04-02", "satelite": "NPP-375D", "municipio": "ARACRUZ", "estado": "ESPÍRITO SANTO", "pais": "Brasil", "precipitacao": 0.57, "numero_dias_sem_chuva": 0, "risco_fogo": 0.3, "bioma": "Mata Atlântica", "id_0": 33, "id_1": 32, "id_2": 3200607, "continente_id": 8, "vegetacao": "Pastagens e gramíneas", "grade_wrs": "215_074", "frp": 0.8}, "bbox": [-40.06395, -19.59972, -40.06395, -19.59972]}, {"type": "Feature", "id": "focos_48h_br_todosats.fid--3bf30ddf_19d555fad35_-3bbf", "geometry": {"type": "Point", "coordinates": [-49.52538, -20.91889]}, "geometry_name": "geometria", "properties": {"id_foco_bdq": 1812278573, "foco_id": "8741bbb3-e685-382b-9f3f-b934c6d72434", "longitude": -49.52538, "latitude": -20.91889, "data_hora_gmt": "2026-04-02T04:23:00Z", "data_pas": "2026-04-02", "satelite": "NPP-375D", "municipio": "MIRASSOL", "estado": "SÃO PAULO", "pais": "Brasil", "precipitacao": 9.57, "numero_dias_sem_chuva": 3, "risco_fogo": 0, "bioma": "Mata Atlântica", "id_0": 33, "id_1": 35, "id_2": 3530300, "continente_id": 8, "vegetacao": "Floresta de contato; Campinarana", "grade_wrs": "221_075", "frp": 1.2}, "bbox": [-49.52538, -20.91889, -49.52538, -20.91889]}, {"type": "Feature", "id": "focos_48h_br_todosats.fid--3bf30ddf_19d555fad35_-3bbe", "geometry": {"type": "Point", "coordinates": [-54.91182, -16.43313]}, "geometry_name": "geometria", "properties": {"id_foco_bdq": 1812277077, "foco_id": "8fe4d75b-9203-397d-a0fe-3ba936df9aa1", "longitude": -54.91182, "latitude": -16.43313, "data_hora_gmt": "2026-04-02T04:23:00Z", "data_pas": "2026-04-02", "satelite": "NPP-375D", "municipio": "RONDONÓPOLIS", "estado": "MATO GROSSO", "pais": "Brasil", "precipitacao": 0.68, "numero_dias_sem_chuva": 3, "risco_fogo": 0.34, "bioma": "Cerrado", "id_0": 33, "id_1": 51, "id_2": 5107602, "continente_id": 8, "vegetacao": "Pastagens e gramíneas", "grade_wrs": "225_071", "frp": 2.3}, "bbox": [-54.91182, -16.43313, -54.91182, -16.43313]}, {"type": "Feature", "id": "focos_48h_br_todosats.fid--3bf30ddf_19d555fad35_-3bbd", "geometry": {"type": "Point", "coordinates": [-49.34199, -19.66986]}, "geometry_name": "geometria", "properties": {"id_foco_bdq": 1812280105, "foco_id": "b0fef2fd-a552-3db1-9501-a8f302e4efb6", "longitude": -49.34199, "latitude": -19.66986, "data_hora_gmt": "2026-04-02T04:23:00Z", "data_pas": "2026-04-02", "satelite": "NPP-375D", "municipio": "ITAPAGIPE", "estado": "MINAS GERAIS", "pais": "Brasil", "precipitacao": 0.79, "numero_dias_sem_chuva": 1, "risco_fogo": 0.73, "bioma": "Cerrado", "id_0": 33, "id_1": 31, "id_2": 3133402, "continente_id": 8, "vegetacao": "Pastagens e gramíneas", "grade_wrs": "221_074", "frp": 1}, "bbox": [-49.34199, -19.66986, -49.34199, -19.66986]}, {"type": "Feature", "id": "focos_48h_br_todosats.fid--3bf30ddf_19d555fad35_-3bbc", "geometry": {"type": "Point", "coordinates": [-40.0682, -19.59917]}, "geometry_name": "geometria", "properties": {"id_foco_bdq": 1812280066, "foco_id": "7853b0c9-0223-38a2-a594-a78120edb540", "longitude": -40.0682, "latitude": -19.59917, "data_hora_gmt": "2026-04-02T04:23:00Z", "data_pas": "2026-04-02", "satelite": "NPP-375D", "municipio": "ARACRUZ", "estado": "ESPÍRITO SANTO", "pais": "Brasil", "precipitacao": 0.59, "numero_dias_sem_chuva": 0, "risco_fogo": 0.37, "bioma": "Mata Atlântica", "id_0": 33, "id_1": 32, "id_2": 3200607, "continente_id": 8, "vegetacao": "Pastagens e gramíneas", "grade_wrs": "215_074", "frp": 0.8}, "bbox": [-40.0682, -19.59917, -40.0682, -19.59917]}, {"type": "Feature", "id": "focos_48h_br_todosats.fid--3bf30ddf_19d555fad35_-3bbb", "geometry": {"type": "Point", "coordinates": [-55.15846, -19.27774]}, "geometry_name": "geometria", "properties": {"id_foco_bdq": 1812277252, "foco_id": "49d9b49e-7046-36b0-a796-9c6b92859a96", "longitude": -55.15846, "latitude": -19.27774, "data_hora_gmt": "2026-04-02T04:23:00Z", "data_pas": "2026-04-02", "satelite": "NPP-375D", "municipio": "RIO VERDE DE MATO GROSSO", "estado": "MATO GROSSO DO SUL", "pais": "Brasil", "precipitacao": 0.21, "numero_dias_sem_chuva": 4, "risco_fogo": 0.63, "bioma": "Cerrado", "id_0": 33, "id_1": 50, "id_2": 5007406, "continente_id": 8, "vegetacao": "Pastagens e gramíneas", "grade_wrs": "225_073", "frp": 1.3}, "bbox": [-55.15846, -19.27774, -55.15846, -19.27774]}, {"type": "Feature", "id": "focos_48h_br_todosats.fid--3bf30ddf_19d555fad35_-3bba", "geometry": {"type": "Point", "coordinates": [-43.58587, -19.3806]}, "geometry_name": "geometria", "properties": {"id_foco_bdq": 1812279822, "foco_id": "56498896-58f7-3e60-aa6c-edda2e0bcf7e", "longitude": -43.58587, "latitude": -19.3806, "data_hora_gmt": "2026-04-02T04:23:00Z", "data_pas": "2026-04-02", "satelite": "NPP-375D", "municipio": "JABOTICATUBAS", "estado": "MINAS GERAIS", "pais": "Brasil", "precipitacao": 0.43, "numero_dias_sem_chuva": 0, "risco_fogo": 0, "bioma": "Cerrado", "id_0": 33, "id_1": 31, "id_2": 3134608, "continente_id": 8, "vegetacao": "Savana arbórea; Caatinga fechada", "grade_wrs": "218_073", "frp": 0.9}, "bbox": [-43.58587, -19.3806, -43.58587, -19.3806]}, {"type": "Feature", "id": "focos_48h_br_todosats.fid--3bf30ddf_19d555fad35_-3bb9", "geometry": {"type": "Point", "coordinates": [-48.5486, -18.79082]}, "geometry_name": "geometria", "properties": {"id_foco_bdq": 1812279254, "foco_id": "60313d01-bff6-362f-8cc8-b94d28276a61", "longitude": -48.5486, "latitude": -18.79082, "data_hora_gmt": "2026-04-02T04:23:00Z", "data_pas": "2026-04-02", "satelite": "NPP-375D", "municipio": "UBERLÂNDIA", "estado": "MINAS GERAIS", "pais": "Brasil", "precipitacao": 0.76, "numero_dias_sem_chuva": 1, "risco_fogo": 0.34, "bioma": "Cerrado", "id_0": 33, "id_1": 31, "id_2": 3170206, "continente_id": 8, "vegetacao": "Pastagens e gramíneas", "grade_wrs": "221_073", "frp": 1.1}, "bbox": [-48.5486, -18.79082, -48.5486, -18.79082]}, {"type": "Feature", "id": "focos_48h_br_todosats.fid--3bf30ddf_19d555fad35_-3bb8", "geometry": {"type": "Point", "coordinates": [-49.34267, -19.67344]}, "geometry_name": "geometria", "properties": {"id_foco_bdq": 1812277573, "foco_id": "f5e1000f-d8d4-3227-b48f-9a2dcf22d3b7", "longitude": -49.34267, "latitude": -19.67344, "data_hora_gmt": "2026-04-02T04:23:00Z", "data_pas": "2026-04-02", "satelite": "NPP-375D", "municipio": "ITAPAGIPE", "estado": "MINAS GERAIS", "pais": "Brasil", "precipitacao": 0.8, "numero_dias_sem_chuva": 1, "risco_fogo": 0.73, "bioma": "Cerrado", "id_0": 33, "id_1": 31, "id_2": 3133402, "continente_id": 8, "vegetacao": "Pastagens e gramíneas", "grade_wrs": "221_074", "frp": 1}, "bbox": [-49.34267, -19.67344, -49.34267, -19.67344]}, {"type": "Feature", "id": "focos_48h_br_todosats.fid--3bf30ddf_19d555fad35_-3bb7", "geometry": {"type": "Point", "coordinates": [-54.9188, -16.4317]}, "geometry_name": "geometria", "properties": {"id_foco_bdq": 1812277574, "foco_id": "0fe8913d-f809-3c91-94c9-3df80c5ca1f8", "longitude": -54.9188, "latitude": -16.4317, "data_hora_gmt": "2026-04-02T04:23:00Z", "data_pas": "2026-04-02", "satelite": "NPP-375D", "municipio": "RONDONÓPOLIS", "estado": "MATO GROSSO", "pais": "Brasil", "precipitacao": 0.61, "numero_dias_sem_chuva": 3, "risco_fogo": 0.26, "bioma": "Cerrado", "id_0": 33, "id_1": 51, "id_2": 5107602, "continente_id": 8, "vegetacao": "Pastagens e gramíneas", "grade_wrs": "225_071", "frp": 3.5}, "bbox": [-54.9188, -16.4317, -54.9188, -16.4317]}, {"type": "Feature", "id": "focos_48h_br_todosats.fid--3bf30ddf_19d555fad35_-3bb6", "geometry": {"type": "Point", "coordinates": [-54.12354, -17.9051]}, "geometry_name": "geometria", "properties": {"id_foco_bdq": 1812278982, "foco_id": "faed48ab-50c4-33a2-a2c8-cd4968a21b9e", "longitude": -54.12354, "latitude": -17.9051, "data_hora_gmt": "2026-04-02T04:23:00Z", "data_pas": "2026-04-02", "satelite": "NPP-375D", "municipio": "PEDRO GOMES", "estado": "MATO GROSSO DO SUL", "pais": "Brasil", "precipitacao": 6.09, "numero_dias_sem_chuva": 4, "risco_fogo": 0.02, "bioma": "Cerrado", "id_0": 33, "id_1": 50, "id_2": 5006408, "continente_id": 8, "vegetacao": "Savana; Caatinga aberta", "grade_wrs": "225_072", "frp": 1.9}, "bbox": [-54.12354, -17.9051, -54.12354, -17.9051]}, {"type": "Feature", "id": "focos_48h_br_todosats.fid--3bf30ddf_19d555fad35_-3bb5", "geometry": {"type": "Point", "coordinates": [-54.91529, -16.43242]}, "geometry_name": "geometria", "properties": {"id_foco_bdq": 1812278611, "foco_id": "7582b330-f883-333f-9f31-7f26208af4ae", "longitude": -54.91529, "latitude": -16.43242, "data_hora_gmt": "2026-04-02T04:23:00Z", "data_pas": "2026-04-02", "satelite": "NPP-375D", "municipio": "RONDONÓPOLIS", "estado": "MATO GROSSO", "pais": "Brasil", "precipitacao": 0.65, "numero_dias_sem_chuva": 3, "risco_fogo": 0.31, "bioma": "Cerrado", "id_0": 33, "id_1": 51, "id_2": 5107602, "continente_id": 8, "vegetacao": "Pastagens e gramíneas", "grade_wrs": "225_071", "frp": 3.5}, "bbox": [-54.91529, -16.43242, -54.91529, -16.43242]}, {"type": "Feature", "id": "focos_48h_br_todosats.fid--3bf30ddf_19d555fad35_-3bb4", "geometry": {"type": "Point", "coordinates": [-43.96266, -19.89781]}, "geometry_name": "geometria", "properties": {"id_foco_bdq": 1812277072, "foco_id": "b3dc40b5-9ee0-37ef-883f-b8524163a700", "longitude": -43.96266, "latitude": -19.89781, "data_hora_gmt": "2026-04-02T04:23:00Z", "data_pas": "2026-04-02", "satelite": "NPP-375D", "municipio": "BELO HORIZONTE", "estado": "MINAS GERAIS", "pais": "Brasil", "precipitacao": 0.09, "numero_dias_sem_chuva": 0, "risco_fogo": -999, "bioma": "Mata Atlântica", "id_0": 33, "id_1": 31, "id_2": 3106200, "continente_id": 8, "vegetacao": "Corpos agua/Solos expostos/Mineracao/Areas urbanas e construidas/neve e gelo", "grade_wrs": "218_074", "frp": 1}, "bbox": [-43.96266, -19.89781, -43.96266, -19.89781]}, {"type": "Feature", "id": "focos_48h_br_todosats.fid--3bf30ddf_19d555fad35_-3bb3", "geometry": {"type": "Point", "coordinates": [-40.06638, -19.60143]}, "geometry_name": "geometria", "properties": {"id_foco_bdq": 1812278391, "foco_id": "7c32c937-1119-3368-b0a4-1bfba1316d44", "longitude": -40.06638, "latitude": -19.60143, "data_hora_gmt": "2026-04-02T04:23:00Z", "data_pas": "2026-04-02", "satelite": "NPP-375D", "municipio": "ARACRUZ", "estado": "ESPÍRITO SANTO", "pais": "Brasil", "precipitacao": 0.58, "numero_dias_sem_chuva": 0, "risco_fogo": 0.3, "bioma": "Mata Atlântica", "id_0": 33, "id_1": 32, "id_2": 3200607, "continente_id": 8, "vegetacao": "Pastagens e gramíneas", "grade_wrs": "215_074", "frp": 2.1}, "bbox": [-40.06638, -19.60143, -40.06638, -19.60143]}, {"type": "Feature", "id": "focos_48h_br_todosats.fid--3bf30ddf_19d555fad35_-3bb2", "geometry": {"type": "Point", "coordinates": [-49.52964, -20.91813]}, "geometry_name": "geometria", "properties": {"id_foco_bdq": 1812281610, "foco_id": "536933fd-a333-3bd8-83f3-e2b543fb910b", "longitude": -49.52964, "latitude": -20.91813, "data_hora_gmt": "2026-04-02T04:23:00Z", "data_pas": "2026-04-02", "satelite": "NPP-375D", "municipio": "MIRASSOL", "estado": "SÃO PAULO", "pais": "Brasil", "precipitacao": 9.97, "numero_dias_sem_chuva": 3, "risco_fogo": 0, "bioma": "Mata Atlântica", "id_0": 33, "id_1": 35, "id_2": 3530300, "continente_id": 8, "vegetacao": "Floresta de contato; Campinarana", "grade_wrs": "221_075", "frp": 2.3}, "bbox": [-49.52964, -20.91813, -49.52964, -20.91813]}, {"type": "Feature", "id": "focos_48h_br_todosats.fid--3bf30ddf_19d555fad35_-3bb1", "geometry": {"type": "Point", "coordinates": [-49.52895, -20.91458]}, "geometry_name": "geometria", "properties": {"id_foco_bdq": 1812281394, "foco_id": "e81f853d-c5b4-3130-8e44-e5ae61e21126", "longitude": -49.52895, "latitude": -20.91458, "data_hora_gmt": "2026-04-02T04:23:00Z", "data_pas": "2026-04-02", "satelite": "NPP-375D", "municipio": "MIRASSOL", "estado": "SÃO PAULO", "pais": "Brasil", "precipitacao": 9.69, "numero_dias_sem_chuva": 3, "risco_fogo": 0, "bioma": "Mata Atlântica", "id_0": 33, "id_1": 35, "id_2": 3530300, "continente_id": 8, "vegetacao": "Florestas decíduas e sazonais", "grade_wrs": "221_075", "frp": 2.3}, "bbox": [-49.52895, -20.91458, -49.52895, -20.91458]}, {"type": "Feature", "id": "focos_48h_br_todosats.fid--3bf30ddf_19d555fad35_-3bb0", "geometry": {"type": "Point", "coordinates": [-56.96917, -22.18522]}, "geometry_name": "geometria", "properties": {"id_foco_bdq": 1812276488, "foco_id": "13f8f364-73ff-3d46-ac0d-2ae629ddba8f", "longitude": -56.96917, "latitude": -22.18522, "data_hora_gmt": "2026-04-02T04:25:00Z", "data_pas": "2026-04-02", "satelite": "NPP-375D", "municipio": "BELA VISTA", "estado": "MATO GROSSO DO SUL", "pais": "Brasil", "precipitacao": 11.54, "numero_dias_sem_chuva": 4, "risco_fogo": 0.1, "bioma": "Cerrado", "id_0": 33, "id_1": 50, "id_2": 5002100, "continente_id": 8, "vegetacao": "Pastagens e gramíneas", "grade_wrs": "226_075", "frp": 2.4}, "bbox": [-56.96917, -22.18522, -56.96917, -22.18522]}, {"type": "Feature", "id": "focos_48h_br_todosats.fid--3bf30ddf_19d555fad35_-3baf", "geometry": {"type": "Point", "coordinates": [-56.97279, -22.18442]}, "geometry_name": "geometria", "properties": {"id_foco_bdq": 1812276658, "foco_id": "120938e0-2a37-3098-b2c9-fec01c6ef094", "longitude": -56.97279, "latitude": -22.18442, "data_hora_gmt": "2026-04-02T04:25:00Z", "data_pas": "2026-04-02", "satelite": "NPP-375D", "municipio": "BELA VISTA", "estado": "MATO GROSSO DO SUL", "pais": "Brasil", "precipitacao": 11.29, "numero_dias_sem_chuva": 4, "risco_fogo": 0.11, "bioma": "Cerrado", "id_0": 33, "id_1": 50, "id_2": 5002100, "continente_id": 8, "vegetacao": "Pastagens e gramíneas", "grade_wrs": "226_075", "frp": 2.4}, "bbox": [-56.97279, -22.18442, -56.97279, -22.18442]}, {"type": "Feature", "id": "focos_48h_br_todosats.fid--3bf30ddf_19d555fad35_-3bae", "geometry": {"type": "Point", "coordinates": [-56.97112, -22.17914]}, "geometry_name": "geometria", "properties": {"id_foco_bdq": 1812278501, "foco_id": "32b76e3c-7e09-3e2a-8782-6aa7986ce2ef", "longitude": -56.97112, "latitude": -22.17914, "data_hora_gmt": "2026-04-02T04:25:00Z", "data_pas": "2026-04-02", "satelite": "NPP-375D", "municipio": "BELA VISTA", "estado": "MATO GROSSO DO SUL", "pais": "Brasil", "precipitacao": 11.36, "numero_dias_sem_chuva": 4, "risco_fogo": 0.1, "bioma": "Cerrado", "id_0": 33, "id_1": 50, "id_2": 5002100, "continente_id": 8, "vegetacao": "Pastagens e gramíneas", "grade_wrs": "226_075", "frp": 2.9}, "bbox": [-56.97112, -22.17914, -56.97112, -22.17914]}, {"type": "Feature", "id": "focos_48h_br_todosats.fid--3bf30ddf_19d555fad35_-3bad", "geometry": {"type": "Point", "coordinates": [-49.87057, -25.4756]}, "geometry_name": "geometria", "properties": {"id_foco_bdq": 1812279650, "foco_id": "aec1fc17-58fa-3148-8b49-35d76256a405", "longitude": -49.87057, "latitude": -25.4756, "data_hora_gmt": "2026-04-02T04:25:00Z", "data_pas": "2026-04-02", "satelite": "NPP-375D", "municipio": "PALMEIRA", "estado": "PARANÁ", "pais": "Brasil", "precipitacao": 0, "numero_dias_sem_chuva": 0, "risco_fogo": 0.64, "bioma": "Mata Atlântica", "id_0": 33, "id_1": 41, "id_2": 4117701, "continente_id": 8, "vegetacao": "Agricultura e diversos", "grade_wrs": "221_078", "frp": 0.8}, "bbox": [-49.87057, -25.4756, -49.87057, -25.4756]}, {"type": "Feature", "id": "focos_48h_br_todosats.fid--3bf30ddf_19d555fad35_-3bac", "geometry": {"type": "Point", "coordinates": [-54.31004, -21.04194]}, "geometry_name": "geometria", "properties": {"id_foco_bdq": 1812280094, "foco_id": "72610648-7b5a-39a9-8c1a-8401c9b41c7b", "longitude": -54.31004, "latitude": -21.04194, "data_hora_gmt": "2026-04-02T04:25:00Z", "data_pas": "2026-04-02", "satelite": "NPP-375D", "municipio": "CAMPO GRANDE", "estado": "MATO GROSSO DO SUL", "pais": "Brasil", "precipitacao": 1.97, "numero_dias_sem_chuva": 2, "risco_fogo": 0.32, "bioma": "Cerrado", "id_0": 33, "id_1": 50, "id_2": 5002704, "continente_id": 8, "vegetacao": "Pastagens e gramíneas", "grade_wrs": "224_075", "frp": 1.8}, "bbox": [-54.31004, -21.04194, -54.31004, -21.04194]}, {"type": "Feature", "id": "focos_48h_br_todosats.fid--3bf30ddf_19d555fad35_-3bab", "geometry": {"type": "Point", "coordinates": [-49.86645, -25.47631]}, "geometry_name": "geometria", "properties": {"id_foco_bdq": 1812281562, "foco_id": "95a31159-5586-3460-bb65-99622ce8c07b", "longitude": -49.86645, "latitude": -25.47631, "data_hora_gmt": "2026-04-02T04:25:00Z", "data_pas": "2026-04-02", "satelite": "NPP-375D", "municipio": "PALMEIRA", "estado": "PARANÁ", "pais": "Brasil", "precipitacao": 0, "numero_dias_sem_chuva": 0, "risco_fogo": 0.68, "bioma": "Mata Atlântica", "id_0": 33, "id_1": 41, "id_2": 4117701, "continente_id": 8, "vegetacao": "Agricultura e diversos", "grade_wrs": "221_078", "frp": 0.8}, "bbox": [-49.86645, -25.47631, -49.86645, -25.47631]}, {"type": "Feature", "id": "focos_48h_br_todosats.fid--3bf30ddf_19d555fad35_-3baa", "geometry": {"type": "Point", "coordinates": [-53.28447, -31.55211]}, "geometry_name": "geometria", "properties": {"id_foco_bdq": 1812277740, "foco_id": "2d2e59c8-bcfb-3267-b417-63c58c41b618", "longitude": -53.28447, "latitude": -31.55211, "data_hora_gmt": "2026-04-02T04:27:00Z", "data_pas": "2026-04-02", "satelite": "NPP-375D", "municipio": "PINHEIRO MACHADO", "estado": "RIO GRANDE DO SUL", "pais": "Brasil", "precipitacao": 0, "numero_dias_sem_chuva": 3, "risco_fogo": 0.48, "bioma": "Pampa", "id_0": 33, "id_1": 43, "id_2": 4314506, "continente_id": 8, "vegetacao": "Savana; Caatinga aberta", "grade_wrs": "222_082", "frp": 1.3}, "bbox": [-53.28447, -31.55211, -53.28447, -31.55211]}, {"type": "Feature", "id": "focos_48h_br_todosats.fid--3bf30ddf_19d555fad35_-3ba9", "geometry": {"type": "Point", "coordinates": [-50.85508, -30.0549]}, "geometry_name": "geometria", "properties": {"id_foco_bdq": 1812280418, "foco_id": "88570f1c-1260-35cc-9fb8-a08b6c6313b0", "longitude": -50.85508, "latitude": -30.0549, "data_hora_gmt": "2026-04-02T04:27:00Z", "data_pas": "2026-04-02", "satelite": "NPP-375D", "municipio": "VIAMÃO", "estado": "RIO GRANDE DO SUL", "pais": "Brasil", "precipitacao": 0, "numero_dias_sem_chuva": 3, "risco_fogo": 0.28, "bioma": "Pampa", "id_0": 33, "id_1": 43, "id_2": 4323002, "continente_id": 8, "vegetacao": "Florestas decíduas e sazonais", "grade_wrs": "221_081", "frp": 0.5}, "bbox": [-50.85508, -30.0549, -50.85508, -30.0549]}, {"type": "Feature", "id": "focos_48h_br_todosats.fid--3bf30ddf_19d555fad35_-3ba8", "geometry": {"type": "Point", "coordinates": [-50.85165, -30.05903]}, "geometry_name": "geometria", "properties": {"id_foco_bdq": 1812277257, "foco_id": "073ee2f5-f820-3c16-8e91-3211c18892c5", "longitude": -50.85165, "latitude": -30.05903, "data_hora_gmt": "2026-04-02T04:27:00Z", "data_pas": "2026-04-02", "satelite": "NPP-375D", "municipio": "VIAMÃO", "estado": "RIO GRANDE DO SUL", "pais": "Brasil", "precipitacao": 0, "numero_dias_sem_chuva": 3, "risco_fogo": 0.28, "bioma": "Pampa", "id_0": 33, "id_1": 43, "id_2": 4323002, "continente_id": 8, "vegetacao": "Floresta Ombrófila densa", "grade_wrs": "221_081", "frp": 0.3}, "bbox": [-50.85165, -30.05903, -50.85165, -30.05903]}, {"type": "Feature", "id": "focos_48h_br_todosats.fid--3bf30ddf_19d555fad35_-3ba7", "geometry": {"type": "Point", "coordinates": [-50.85586, -30.0583]}, "geometry_name": "geometria", "properties": {"id_foco_bdq": 1812277710, "foco_id": "9da2a089-6e25-35f8-90e3-f273ae235da7", "longitude": -50.85586, "latitude": -30.0583, "data_hora_gmt": "2026-04-02T04:27:00Z", "data_pas": "2026-04-02", "satelite": "NPP-375D", "municipio": "VIAMÃO", "estado": "RIO GRANDE DO SUL", "pais": "Brasil", "precipitacao": 0, "numero_dias_sem_chuva": 3, "risco_fogo": 0.28, "bioma": "Pampa", "id_0": 33, "id_1": 43, "id_2": 4323002, "continente_id": 8, "vegetacao": "Floresta Ombrófila densa", "grade_wrs": "221_081", "frp": 0.3}, "bbox": [-50.85586, -30.0583, -50.85586, -30.0583]}, {"type": "Feature", "id": "focos_48h_br_todosats.fid--3bf30ddf_19d555fad35_-3ba6", "geometry": {"type": "Point", "coordinates": [-53.08983, -31.03536]}, "geometry_name": "geometria", "properties": {"id_foco_bdq": 1812281109, "foco_id": "abb689b2-10ac-31d1-a310-dd9491d7f000", "longitude": -53.08983, "latitude": -31.03536, "data_hora_gmt": "2026-04-02T04:27:00Z", "data_pas": "2026-04-02", "satelite": "NPP-375D", "municipio": "PIRATINI", "estado": "RIO GRANDE DO SUL", "pais": "Brasil", "precipitacao": 0, "numero_dias_sem_chuva": 3, "risco_fogo": 0.85, "bioma": "Pampa", "id_0": 33, "id_1": 43, "id_2": 4314605, "continente_id": 8, "vegetacao": "Agricultura e diversos", "grade_wrs": "222_082", "frp": 1}, "bbox": [-53.08983, -31.03536, -53.08983, -31.03536]}, {"type": "Feature", "id": "focos_48h_br_todosats.fid--3bf30ddf_19d555fad35_-3ba5", "geometry": {"type": "Point", "coordinates": [-54.91129, -16.43067]}, "geometry_name": "geometria", "properties": {"id_foco_bdq": 1812279239, "foco_id": "43a534d6-52c3-3794-a420-de29e18ee007", "longitude": -54.91129, "latitude": -16.43067, "data_hora_gmt": "2026-04-02T04:44:00Z", "data_pas": "2026-04-02", "satelite": "NOAA-20", "municipio": "RONDONÓPOLIS", "estado": "MATO GROSSO", "pais": "Brasil", "precipitacao": 0.69, "numero_dias_sem_chuva": 3, "risco_fogo": 0.33, "bioma": "Cerrado", "id_0": 33, "id_1": 51, "id_2": 5107602, "continente_id": 8, "vegetacao": "Pastagens e gramíneas", "grade_wrs": "225_071", "frp": 4.2}, "bbox": [-54.91129, -16.43067, -54.91129, -16.43067]}, {"type": "Feature", "id": "focos_48h_br_todosats.fid--3bf30ddf_19d555fad35_-3ba4", "geometry": {"type": "Point", "coordinates": [-54.71867, -18.43597]}, "geometry_name": "geometria", "properties": {"id_foco_bdq": 1812276047, "foco_id": "4efec9d7-c439-3d1e-bd54-2bf6520cfc15", "longitude": -54.71867, "latitude": -18.43597, "data_hora_gmt": "2026-04-02T04:44:00Z", "data_pas": "2026-04-02", "satelite": "NOAA-20", "municipio": "COXIM", "estado": "MATO GROSSO DO SUL", "pais": "Brasil", "precipitacao": 0.6, "numero_dias_sem_chuva": 0, "risco_fogo": 0.07, "bioma": "Cerrado", "id_0": 33, "id_1": 50, "id_2": 5003306, "continente_id": 8, "vegetacao": "Savana; Caatinga aberta", "grade_wrs": "225_073", "frp": 1.1}, "bbox": [-54.71867, -18.43597, -54.71867, -18.43597]}, {"type": "Feature", "id": "focos_48h_br_todosats.fid--3bf30ddf_19d555fad35_-3ba3", "geometry": {"type": "Point", "coordinates": [-48.54671, -18.78805]}, "geometry_name": "geometria", "properties": {"id_foco_bdq": 1812280684, "foco_id": "9da9fc3d-6734-3565-9804-09632abd9ca0", "longitude": -48.54671, "latitude": -18.78805, "data_hora_gmt": "2026-04-02T04:44:00Z", "data_pas": "2026-04-02", "satelite": "NOAA-20", "municipio": "UBERLÂNDIA", "estado": "MINAS GERAIS", "pais": "Brasil", "precipitacao": 0.73, "numero_dias_sem_chuva": 1, "risco_fogo": 0.35, "bioma": "Cerrado", "id_0": 33, "id_1": 31, "id_2": 3170206, "continente_id": 8, "vegetacao": "Pastagens e gramíneas", "grade_wrs": "221_073", "frp": 0.4}, "bbox": [-48.54671, -18.78805, -48.54671, -18.78805]}, {"type": "Feature", "id": "focos_48h_br_todosats.fid--3bf30ddf_19d555fad35_-3ba2", "geometry": {"type": "Point", "coordinates": [-54.91554, -16.42993]}, "geometry_name": "geometria", "properties": {"id_foco_bdq": 1812280010, "foco_id": "9cb9dc31-47fb-3908-a770-547edeca78a4", "longitude": -54.91554, "latitude": -16.42993, "data_hora_gmt": "2026-04-02T04:44:00Z", "data_pas": "2026-04-02", "satelite": "NOAA-20", "municipio": "RONDONÓPOLIS", "estado": "MATO GROSSO", "pais": "Brasil", "precipitacao": 0.64, "numero_dias_sem_chuva": 3, "risco_fogo": 0.27, "bioma": "Cerrado", "id_0": 33, "id_1": 51, "id_2": 5107602, "continente_id": 8, "vegetacao": "Pastagens e gramíneas", "grade_wrs": "225_071", "frp": 4.2}, "bbox": [-54.91554, -16.42993, -54.91554, -16.42993]}, {"type": "Feature", "id": "focos_48h_br_todosats.fid--3bf30ddf_19d555fad35_-3ba1", "geometry": {"type": "Point", "coordinates": [-49.69687, -19.30241]}, "geometry_name": "geometria", "properties": {"id_foco_bdq": 1812277291, "foco_id": "8124f609-8adb-33a8-b1aa-219017ec7dbc", "longitude": -49.69687, "latitude": -19.30241, "data_hora_gmt": "2026-04-02T04:44:00Z", "data_pas": "2026-04-02", "satelite": "NOAA-20", "municipio": "CAMPINA VERDE", "estado": "MINAS GERAIS", "pais": "Brasil", "precipitacao": 2.23, "numero_dias_sem_chuva": 3, "risco_fogo": 0.62, "bioma": "Cerrado", "id_0": 33, "id_1": 31, "id_2": 3111101, "continente_id": 8, "vegetacao": "Pastagens e gramíneas", "grade_wrs": "222_073", "frp": 0.9}, "bbox": [-49.69687, -19.30241, -49.69687, -19.30241]}, {"type": "Feature", "id": "focos_48h_br_todosats.fid--3bf30ddf_19d555fad35_-3ba0", "geometry": {"type": "Point", "coordinates": [-54.13038, -17.90338]}, "geometry_name": "geometria", "properties": {"id_foco_bdq": 1812276653, "foco_id": "b0e6cba3-9b0f-3e55-9cc6-0e97f20ba50e", "longitude": -54.13038, "latitude": -17.90338, "data_hora_gmt": "2026-04-02T04:44:00Z", "data_pas": "2026-04-02", "satelite": "NOAA-20", "municipio": "PEDRO GOMES", "estado": "MATO GROSSO DO SUL", "pais": "Brasil", "precipitacao": 5.92, "numero_dias_sem_chuva": 4, "risco_fogo": 0, "bioma": "Cerrado", "id_0": 33, "id_1": 50, "id_2": 5006408, "continente_id": 8, "vegetacao": "Florestas decíduas e sazonais", "grade_wrs": "225_072", "frp": 1}, "bbox": [-54.13038, -17.90338, -54.13038, -17.90338]}, {"type": "Feature", "id": "focos_48h_br_todosats.fid--3bf30ddf_19d555fad35_-3b9f", "geometry": {"type": "Point", "coordinates": [-54.91199, -16.43423]}, "geometry_name": "geometria", "properties": {"id_foco_bdq": 1812276382, "foco_id": "aaa7fe20-1a7a-3df0-8a22-1b338c0074e7", "longitude": -54.91199, "latitude": -16.43423, "data_hora_gmt": "2026-04-02T04:44:00Z", "data_pas": "2026-04-02", "satelite": "NOAA-20", "municipio": "RONDONÓPOLIS", "estado": "MATO GROSSO", "pais": "Brasil", "precipitacao": 0.68, "numero_dias_sem_chuva": 3, "risco_fogo": 0.35, "bioma": "Cerrado", "id_0": 33, "id_1": 51, "id_2": 5107602, "continente_id": 8, "vegetacao": "Pastagens e gramíneas", "grade_wrs": "225_071", "frp": 4.2}, "bbox": [-54.91199, -16.43423, -54.91199, -16.43423]}, {"type": "Feature", "id": "focos_48h_br_todosats.fid--3bf30ddf_19d555fad35_-3b9e", "geometry": {"type": "Point", "coordinates": [-49.34205, -19.67217]}, "geometry_name": "geometria", "properties": {"id_foco_bdq": 1812281934, "foco_id": "06dcc997-950b-3e52-bce3-23f77aa3e766", "longitude": -49.34205, "latitude": -19.67217, "data_hora_gmt": "2026-04-02T04:44:00Z", "data_pas": "2026-04-02", "satelite": "NOAA-20", "municipio": "ITAPAGIPE", "estado": "MINAS GERAIS", "pais": "Brasil", "precipitacao": 0.79, "numero_dias_sem_chuva": 1, "risco_fogo": 0.73, "bioma": "Cerrado", "id_0": 33, "id_1": 31, "id_2": 3133402, "continente_id": 8, "vegetacao": "Pastagens e gramíneas", "grade_wrs": "221_074", "frp": 1.5}, "bbox": [-49.34205, -19.67217, -49.34205, -19.67217]}, {"type": "Feature", "id": "focos_48h_br_todosats.fid--3bf30ddf_19d555fad35_-3b9d", "geometry": {"type": "Point", "coordinates": [-54.12267, -17.90467]}, "geometry_name": "geometria", "properties": {"id_foco_bdq": 1812277996, "foco_id": "b86c1bbc-0073-3aed-8d13-7c09b04c8aed", "longitude": -54.12267, "latitude": -17.90467, "data_hora_gmt": "2026-04-02T04:44:00Z", "data_pas": "2026-04-02", "satelite": "NOAA-20", "municipio": "PEDRO GOMES", "estado": "MATO GROSSO DO SUL", "pais": "Brasil", "precipitacao": 6.12, "numero_dias_sem_chuva": 4, "risco_fogo": 0.02, "bioma": "Cerrado", "id_0": 33, "id_1": 50, "id_2": 5006408, "continente_id": 8, "vegetacao": "Agricultura e diversos", "grade_wrs": "225_072", "frp": 1.3}, "bbox": [-54.12267, -17.90467, -54.12267, -17.90467]}, {"type": "Feature", "id": "focos_48h_br_todosats.fid--3bf30ddf_19d555fad35_-3b9c", "geometry": {"type": "Point", "coordinates": [-54.12652, -17.90402]}, "geometry_name": "geometria", "properties": {"id_foco_bdq": 1812278199, "foco_id": "1551a2ed-25d7-3931-84f4-dbc288c660e4", "longitude": -54.12652, "latitude": -17.90402, "data_hora_gmt": "2026-04-02T04:44:00Z", "data_pas": "2026-04-02", "satelite": "NOAA-20", "municipio": "PEDRO GOMES", "estado": "MATO GROSSO DO SUL", "pais": "Brasil", "precipitacao": 6.02, "numero_dias_sem_chuva": 4, "risco_fogo": 0.01, "bioma": "Cerrado", "id_0": 33, "id_1": 50, "id_2": 5006408, "continente_id": 8, "vegetacao": "Savana arbórea; Caatinga fechada", "grade_wrs": "225_072", "frp": 1}, "bbox": [-54.12652, -17.90402, -54.12652, -17.90402]}, {"type": "Feature", "id": "focos_48h_br_todosats.fid--3bf30ddf_19d555fad35_-3b9b", "geometry": {"type": "Point", "coordinates": [-55.15372, -19.27611]}, "geometry_name": "geometria", "properties": {"id_foco_bdq": 1812279533, "foco_id": "9cb887a7-5dd4-3847-b4cd-4320a6f36ce2", "longitude": -55.15372, "latitude": -19.27611, "data_hora_gmt": "2026-04-02T04:44:00Z", "data_pas": "2026-04-02", "satelite": "NOAA-20", "municipio": "RIO VERDE DE MATO GROSSO", "estado": "MATO GROSSO DO SUL", "pais": "Brasil", "precipitacao": 0.25, "numero_dias_sem_chuva": 4, "risco_fogo": 0.32, "bioma": "Cerrado", "id_0": 33, "id_1": 50, "id_2": 5007406, "continente_id": 8, "vegetacao": "Savana arbórea; Caatinga fechada", "grade_wrs": "225_073", "frp": 2.8}, "bbox": [-55.15372, -19.27611, -55.15372, -19.27611]}, {"type": "Feature", "id": "focos_48h_br_todosats.fid--3bf30ddf_19d555fad35_-3b9a", "geometry": {"type": "Point", "coordinates": [-54.71405, -18.43319]}, "geometry_name": "geometria", "properties": {"id_foco_bdq": 1812277711, "foco_id": "230154a0-63cb-362a-8a7c-16cc9f209f6f", "longitude": -54.71405, "latitude": -18.43319, "data_hora_gmt": "2026-04-02T04:44:00Z", "data_pas": "2026-04-02", "satelite": "NOAA-20", "municipio": "COXIM", "estado": "MATO GROSSO DO SUL", "pais": "Brasil", "precipitacao": 0.54, "numero_dias_sem_chuva": 0, "risco_fogo": 0.05, "bioma": "Cerrado", "id_0": 33, "id_1": 50, "id_2": 5003306, "continente_id": 8, "vegetacao": "Savana arbórea; Caatinga fechada", "grade_wrs": "225_073", "frp": 1.1}, "bbox": [-54.71405, -18.43319, -54.71405, -18.43319]}, {"type": "Feature", "id": "focos_48h_br_todosats.fid--3bf30ddf_19d555fad35_-3b99", "geometry": {"type": "Point", "coordinates": [-48.54732, -18.79177]}, "geometry_name": "geometria", "properties": {"id_foco_bdq": 1812280429, "foco_id": "a8faed7d-f4a7-365d-ac27-b0bef2a3fc44", "longitude": -48.54732, "latitude": -18.79177, "data_hora_gmt": "2026-04-02T04:44:00Z", "data_pas": "2026-04-02", "satelite": "NOAA-20", "municipio": "UBERLÂNDIA", "estado": "MINAS GERAIS", "pais": "Brasil", "precipitacao": 0.77, "numero_dias_sem_chuva": 1, "risco_fogo": 0.34, "bioma": "Cerrado", "id_0": 33, "id_1": 31, "id_2": 3170206, "continente_id": 8, "vegetacao": "Pastagens e gramíneas", "grade_wrs": "221_073", "frp": 0.7}, "bbox": [-48.54732, -18.79177, -48.54732, -18.79177]}, {"type": "Feature", "id": "focos_48h_br_todosats.fid--3bf30ddf_19d555fad35_-3b98", "geometry": {"type": "Point", "coordinates": [-49.33767, -19.67277]}, "geometry_name": "geometria", "properties": {"id_foco_bdq": 1812281807, "foco_id": "1b2e0542-e805-34a5-8898-f4f84d4621bb", "longitude": -49.33767, "latitude": -19.67277, "data_hora_gmt": "2026-04-02T04:44:00Z", "data_pas": "2026-04-02", "satelite": "NOAA-20", "municipio": "ITAPAGIPE", "estado": "MINAS GERAIS", "pais": "Brasil", "precipitacao": 0.8, "numero_dias_sem_chuva": 1, "risco_fogo": 0.73, "bioma": "Cerrado", "id_0": 33, "id_1": 31, "id_2": 3133402, "continente_id": 8, "vegetacao": "Corpos agua/Solos expostos/Mineracao/Areas urbanas e construidas/neve e gelo", "grade_wrs": "221_074", "frp": 1.1}, "bbox": [-49.33767, -19.67277, -49.33767, -19.67277]}, {"type": "Feature", "id": "focos_48h_br_todosats.fid--3bf30ddf_19d555fad35_-3b97", "geometry": {"type": "Point", "coordinates": [-48.42967, -21.71289]}, "geometry_name": "geometria", "properties": {"id_foco_bdq": 1812277771, "foco_id": "e8a87aef-1929-3f95-9659-27c563868fb9", "longitude": -48.42967, "latitude": -21.71289, "data_hora_gmt": "2026-04-02T04:46:00Z", "data_pas": "2026-04-02", "satelite": "NOAA-20", "municipio": "MATÃO", "estado": "SÃO PAULO", "pais": "Brasil", "precipitacao": 6.49, "numero_dias_sem_chuva": 4, "risco_fogo": 0.01, "bioma": "Cerrado", "id_0": 33, "id_1": 35, "id_2": 3529302, "continente_id": 8, "vegetacao": "Agricultura e diversos", "grade_wrs": "220_075", "frp": 2.1}, "bbox": [-48.42967, -21.71289, -48.42967, -21.71289]}, {"type": "Feature", "id": "focos_48h_br_todosats.fid--3bf30ddf_19d555fad35_-3b96", "geometry": {"type": "Point", "coordinates": [-56.96846, -22.18316]}, "geometry_name": "geometria", "properties": {"id_foco_bdq": 1812278596, "foco_id": "96197ea5-bb2a-3737-b7a5-9808c81a3140", "longitude": -56.96846, "latitude": -22.18316, "data_hora_gmt": "2026-04-02T04:46:00Z", "data_pas": "2026-04-02", "satelite": "NOAA-20", "municipio": "BELA VISTA", "estado": "MATO GROSSO DO SUL", "pais": "Brasil", "precipitacao": 11.56, "numero_dias_sem_chuva": 4, "risco_fogo": 0.09, "bioma": "Cerrado", "id_0": 33, "id_1": 50, "id_2": 5002100, "continente_id": 8, "vegetacao": "Pastagens e gramíneas", "grade_wrs": "226_075", "frp": 3.3}, "bbox": [-56.96846, -22.18316, -56.96846, -22.18316]}, {"type": "Feature", "id": "focos_48h_br_todosats.fid--3bf30ddf_19d555fad35_-3b95", "geometry": {"type": "Point", "coordinates": [-53.28362, -31.55032]}, "geometry_name": "geometria", "properties": {"id_foco_bdq": 1812278893, "foco_id": "15785f71-894c-3166-b32e-964e5ec77766", "longitude": -53.28362, "latitude": -31.55032, "data_hora_gmt": "2026-04-02T04:46:00Z", "data_pas": "2026-04-02", "satelite": "NOAA-20", "municipio": "PINHEIRO MACHADO", "estado": "RIO GRANDE DO SUL", "pais": "Brasil", "precipitacao": 0, "numero_dias_sem_chuva": 3, "risco_fogo": 0.48, "bioma": "Pampa", "id_0": 33, "id_1": 43, "id_2": 4314506, "continente_id": 8, "vegetacao": "Savana; Caatinga aberta", "grade_wrs": "222_082", "frp": 0.7}, "bbox": [-53.28362, -31.55032, -53.28362, -31.55032]}, {"type": "Feature", "id": "focos_48h_br_todosats.fid--3bf30ddf_19d555fad35_-3b94", "geometry": {"type": "Point", "coordinates": [-53.0872, -31.03312]}, "geometry_name": "geometria", "properties": {"id_foco_bdq": 1812279199, "foco_id": "3ac90e69-d3e1-326d-8dca-ef1831169cbd", "longitude": -53.0872, "latitude": -31.03312, "data_hora_gmt": "2026-04-02T04:46:00Z", "data_pas": "2026-04-02", "satelite": "NOAA-20", "municipio": "PIRATINI", "estado": "RIO GRANDE DO SUL", "pais": "Brasil", "precipitacao": 0, "numero_dias_sem_chuva": 3, "risco_fogo": 0.86, "bioma": "Pampa", "id_0": 33, "id_1": 43, "id_2": 4314605, "continente_id": 8, "vegetacao": "Agricultura e diversos", "grade_wrs": "222_082", "frp": 0.8}, "bbox": [-53.0872, -31.03312, -53.0872, -31.03312]}, {"type": "Feature", "id": "focos_48h_br_todosats.fid--3bf30ddf_19d555fad35_-3b93", "geometry": {"type": "Point", "coordinates": [-56.96762, -22.17952]}, "geometry_name": "geometria", "properties": {"id_foco_bdq": 1812279311, "foco_id": "6261bbe8-fd6c-3fab-8edd-8f54c787d49e", "longitude": -56.96762, "latitude": -22.17952, "data_hora_gmt": "2026-04-02T04:46:00Z", "data_pas": "2026-04-02", "satelite": "NOAA-20", "municipio": "BELA VISTA", "estado": "MATO GROSSO DO SUL", "pais": "Brasil", "precipitacao": 11.58, "numero_dias_sem_chuva": 4, "risco_fogo": 0.09, "bioma": "Cerrado", "id_0": 33, "id_1": 50, "id_2": 5002100, "continente_id": 8, "vegetacao": "Pastagens e gramíneas", "grade_wrs": "226_075", "frp": 3.3}, "bbox": [-56.96762, -22.17952, -56.96762, -22.17952]}, {"type": "Feature", "id": "focos_48h_br_todosats.fid--3bf30ddf_19d555fad35_-3b92", "geometry": {"type": "Point", "coordinates": [-56.97224, -22.17868]}, "geometry_name": "geometria", "properties": {"id_foco_bdq": 1812279852, "foco_id": "e880a9fc-1cfe-31e4-9170-738b33f17143", "longitude": -56.97224, "latitude": -22.17868, "data_hora_gmt": "2026-04-02T04:46:00Z", "data_pas": "2026-04-02", "satelite": "NOAA-20", "municipio": "BELA VISTA", "estado": "MATO GROSSO DO SUL", "pais": "Brasil", "precipitacao": 11.28, "numero_dias_sem_chuva": 4, "risco_fogo": 0.1, "bioma": "Cerrado", "id_0": 33, "id_1": 50, "id_2": 5002100, "continente_id": 8, "vegetacao": "Pastagens e gramíneas", "grade_wrs": "226_075", "frp": 4.1}, "bbox": [-56.97224, -22.17868, -56.97224, -22.17868]}, {"type": "Feature", "id": "focos_48h_br_todosats.fid--3bf30ddf_19d555fad35_-3b91", "geometry": {"type": "Point", "coordinates": [-56.30787, -21.6952]}, "geometry_name": "geometria", "properties": {"id_foco_bdq": 1812277200, "foco_id": "dae4627f-fcf1-34ec-923b-a97b889d5562", "longitude": -56.30787, "latitude": -21.6952, "data_hora_gmt": "2026-04-02T04:46:00Z", "data_pas": "2026-04-02", "satelite": "NOAA-20", "municipio": "BELA VISTA", "estado": "MATO GROSSO DO SUL", "pais": "Brasil", "precipitacao": 1, "numero_dias_sem_chuva": 1, "risco_fogo": 1, "bioma": "Cerrado", "id_0": 33, "id_1": 50, "id_2": 5002100, "continente_id": 8, "vegetacao": "Pastagens e gramíneas", "grade_wrs": "226_075", "frp": 2.2}, "bbox": [-56.30787, -21.6952, -56.30787, -21.6952]}, {"type": "Feature", "id": "focos_48h_br_todosats.fid--3bf30ddf_19d555fad35_-3b90", "geometry": {"type": "Point", "coordinates": [-54.30868, -21.04147]}, "geometry_name": "geometria", "properties": {"id_foco_bdq": 1812281894, "foco_id": "7a91ec14-61de-39a6-af28-cc69d0e7b9ae", "longitude": -54.30868, "latitude": -21.04147, "data_hora_gmt": "2026-04-02T04:46:00Z", "data_pas": "2026-04-02", "satelite": "NOAA-20", "municipio": "CAMPO GRANDE", "estado": "MATO GROSSO DO SUL", "pais": "Brasil", "precipitacao": 1.95, "numero_dias_sem_chuva": 2, "risco_fogo": 0.32, "bioma": "Cerrado", "id_0": 33, "id_1": 50, "id_2": 5002704, "continente_id": 8, "vegetacao": "Pastagens e gramíneas", "grade_wrs": "224_075", "frp": 0.3}, "bbox": [-54.30868, -21.04147, -54.30868, -21.04147]}, {"type": "Feature", "id": "focos_48h_br_todosats.fid--3bf30ddf_19d555fad35_-3b8f", "geometry": {"type": "Point", "coordinates": [-56.31956, -21.66359]}, "geometry_name": "geometria", "properties": {"id_foco_bdq": 1812280199, "foco_id": "9f83c01a-b1b2-32f8-b881-c0fc1765ec81", "longitude": -56.31956, "latitude": -21.66359, "data_hora_gmt": "2026-04-02T04:46:00Z", "data_pas": "2026-04-02", "satelite": "NOAA-20", "municipio": "BELA VISTA", "estado": "MATO GROSSO DO SUL", "pais": "Brasil", "precipitacao": 1, "numero_dias_sem_chuva": 2, "risco_fogo": 0.97, "bioma": "Cerrado", "id_0": 33, "id_1": 50, "id_2": 5002100, "continente_id": 8, "vegetacao": "Pastagens e gramíneas", "grade_wrs": "226_075", "frp": 4.1}, "bbox": [-56.31956, -21.66359, -56.31956, -21.66359]}, {"type": "Feature", "id": "focos_48h_br_todosats.fid--3bf30ddf_19d555fad35_-3b8e", "geometry": {"type": "Point", "coordinates": [-54.30932, -21.04483]}, "geometry_name": "geometria", "properties": {"id_foco_bdq": 1812280226, "foco_id": "d160dcca-79e4-3282-a9aa-0544009a6643", "longitude": -54.30932, "latitude": -21.04483, "data_hora_gmt": "2026-04-02T04:46:00Z", "data_pas": "2026-04-02", "satelite": "NOAA-20", "municipio": "CAMPO GRANDE", "estado": "MATO GROSSO DO SUL", "pais": "Brasil", "precipitacao": 1.99, "numero_dias_sem_chuva": 2, "risco_fogo": 0.32, "bioma": "Cerrado", "id_0": 33, "id_1": 50, "id_2": 5002704, "continente_id": 8, "vegetacao": "Pastagens e gramíneas", "grade_wrs": "224_075", "frp": 0.3}, "bbox": [-54.30932, -21.04483, -54.30932, -21.04483]}, {"type": "Feature", "id": "focos_48h_br_todosats.fid--3bf30ddf_19d555fad35_-3b8d", "geometry": {"type": "Point", "coordinates": [-52.83731, -20.14437]}, "geometry_name": "geometria", "properties": {"id_foco_bdq": 1812280341, "foco_id": "4dba3e2d-6248-3bc9-b700-6aa213fc070d", "longitude": -52.83731, "latitude": -20.14437, "data_hora_gmt": "2026-04-02T04:46:00Z", "data_pas": "2026-04-02", "satelite": "NOAA-20", "municipio": "ÁGUA CLARA", "estado": "MATO GROSSO DO SUL", "pais": "Brasil", "precipitacao": 3.84, "numero_dias_sem_chuva": 4, "risco_fogo": 0.02, "bioma": "Cerrado", "id_0": 33, "id_1": 50, "id_2": 5000203, "continente_id": 8, "vegetacao": "Floresta Ombrófila densa", "grade_wrs": "224_074", "frp": 0.5}, "bbox": [-52.83731, -20.14437, -52.83731, -20.14437]}, {"type": "Feature", "id": "focos_48h_br_todosats.fid--3bf30ddf_19d555fad35_-3b8c", "geometry": {"type": "Point", "coordinates": [-48.43488, -21.7122]}, "geometry_name": "geometria", "properties": {"id_foco_bdq": 1812280478, "foco_id": "28c67942-a8ec-316d-ab75-8123f9c9a984", "longitude": -48.43488, "latitude": -21.7122, "data_hora_gmt": "2026-04-02T04:46:00Z", "data_pas": "2026-04-02", "satelite": "NOAA-20", "municipio": "MATÃO", "estado": "SÃO PAULO", "pais": "Brasil", "precipitacao": 6.22, "numero_dias_sem_chuva": 4, "risco_fogo": 0.01, "bioma": "Cerrado", "id_0": 33, "id_1": 35, "id_2": 3529302, "continente_id": 8, "vegetacao": "Agricultura e diversos", "grade_wrs": "220_075", "frp": 2.1}, "bbox": [-48.43488, -21.7122, -48.43488, -21.7122]}, {"type": "Feature", "id": "focos_48h_br_todosats.fid--3bf30ddf_19d555fad35_-3b8b", "geometry": {"type": "Point", "coordinates": [-54.74132, -19.98906]}, "geometry_name": "geometria", "properties": {"id_foco_bdq": 1812280610, "foco_id": "26ead000-b97c-36f5-a23c-40c929e4f67c", "longitude": -54.74132, "latitude": -19.98906, "data_hora_gmt": "2026-04-02T04:46:00Z", "data_pas": "2026-04-02", "satelite": "NOAA-20", "municipio": "ROCHEDO", "estado": "MATO GROSSO DO SUL", "pais": "Brasil", "precipitacao": 0, "numero_dias_sem_chuva": 4, "risco_fogo": 0.22, "bioma": "Cerrado", "id_0": 33, "id_1": 50, "id_2": 5007505, "continente_id": 8, "vegetacao": "Savana arbórea; Caatinga fechada", "grade_wrs": "225_074", "frp": 1.5}, "bbox": [-54.74132, -19.98906, -54.74132, -19.98906]}, {"type": "Feature", "id": "focos_48h_br_todosats.fid--3bf30ddf_19d555fad35_-3b8a", "geometry": {"type": "Point", "coordinates": [-56.32034, -21.66715]}, "geometry_name": "geometria", "properties": {"id_foco_bdq": 1812276834, "foco_id": "8a72a75c-f2b3-30d1-9f7c-2ce013f939f4", "longitude": -56.32034, "latitude": -21.66715, "data_hora_gmt": "2026-04-02T04:46:00Z", "data_pas": "2026-04-02", "satelite": "NOAA-20", "municipio": "BELA VISTA", "estado": "MATO GROSSO DO SUL", "pais": "Brasil", "precipitacao": 1, "numero_dias_sem_chuva": 2, "risco_fogo": 0.94, "bioma": "Cerrado", "id_0": 33, "id_1": 50, "id_2": 5002100, "continente_id": 8, "vegetacao": "Pastagens e gramíneas", "grade_wrs": "226_075", "frp": 4.1}, "bbox": [-56.32034, -21.66715, -56.32034, -21.66715]}, {"type": "Feature", "id": "focos_48h_br_todosats.fid--3bf30ddf_19d555fad35_-3b89", "geometry": {"type": "Point", "coordinates": [-56.32394, -21.66281]}, "geometry_name": "geometria", "properties": {"id_foco_bdq": 1812281015, "foco_id": "9aa527ce-6b22-30ae-8e7d-5009ea1c390f", "longitude": -56.32394, "latitude": -21.66281, "data_hora_gmt": "2026-04-02T04:46:00Z", "data_pas": "2026-04-02", "satelite": "NOAA-20", "municipio": "BELA VISTA", "estado": "MATO GROSSO DO SUL", "pais": "Brasil", "precipitacao": 1, "numero_dias_sem_chuva": 2, "risco_fogo": 0.69, "bioma": "Cerrado", "id_0": 33, "id_1": 50, "id_2": 5002100, "continente_id": 8, "vegetacao": "Agricultura e diversos", "grade_wrs": "226_075", "frp": 4.1}, "bbox": [-56.32394, -21.66281, -56.32394, -21.66281]}, {"type": "Feature", "id": "focos_48h_br_todosats.fid--3bf30ddf_19d555fad35_-3b88", "geometry": {"type": "Point", "coordinates": [-56.96929, -22.1868]}, "geometry_name": "geometria", "properties": {"id_foco_bdq": 1812278277, "foco_id": "345e8991-08ea-3b5f-969a-b5ea8df450a5", "longitude": -56.96929, "latitude": -22.1868, "data_hora_gmt": "2026-04-02T04:46:00Z", "data_pas": "2026-04-02", "satelite": "NOAA-20", "municipio": "BELA VISTA", "estado": "MATO GROSSO DO SUL", "pais": "Brasil", "precipitacao": 11.53, "numero_dias_sem_chuva": 4, "risco_fogo": 0.1, "bioma": "Cerrado", "id_0": 33, "id_1": 50, "id_2": 5002100, "continente_id": 8, "vegetacao": "Pastagens e gramíneas", "grade_wrs": "226_075", "frp": 2}, "bbox": [-56.96929, -22.1868, -56.96929, -22.1868]}, {"type": "Feature", "id": "focos_48h_br_todosats.fid--3bf30ddf_19d555fad35_-3b87", "geometry": {"type": "Point", "coordinates": [-51.32758, -29.11073]}, "geometry_name": "geometria", "properties": {"id_foco_bdq": 1812277091, "foco_id": "7d0c73d0-f3f8-3049-b4ea-99e1cdf73689", "longitude": -51.32758, "latitude": -29.11073, "data_hora_gmt": "2026-04-02T04:49:00Z", "data_pas": "2026-04-02", "satelite": "NOAA-20", "municipio": "FLORES DA CUNHA", "estado": "RIO GRANDE DO SUL", "pais": "Brasil", "precipitacao": 0, "numero_dias_sem_chuva": 4, "risco_fogo": 0.56, "bioma": "Mata Atlântica", "id_0": 33, "id_1": 43, "id_2": 4308201, "continente_id": 8, "vegetacao": "Savana arbórea; Caatinga fechada", "grade_wrs": "221_080", "frp": 0.5}, "bbox": [-51.32758, -29.11073, -51.32758, -29.11073]}, {"type": "Feature", "id": "focos_48h_br_todosats.fid--3bf30ddf_19d555fad35_-3b86", "geometry": {"type": "Point", "coordinates": [-54.91031, -16.43607]}, "geometry_name": "geometria", "properties": {"id_foco_bdq": 1812293445, "foco_id": "73417572-06e1-3363-8df6-ab19d8d65046", "longitude": -54.91031, "latitude": -16.43607, "data_hora_gmt": "2026-04-02T05:33:00Z", "data_pas": "2026-04-02", "satelite": "NOAA-21", "municipio": "RONDONÓPOLIS", "estado": "MATO GROSSO", "pais": "Brasil", "precipitacao": 0.68, "numero_dias_sem_chuva": 3, "risco_fogo": 0.35, "bioma": "Cerrado", "id_0": 33, "id_1": 51, "id_2": 5107602, "continente_id": 8, "vegetacao": "Pastagens e gramíneas", "grade_wrs": "225_071", "frp": 1.8}, "bbox": [-54.91031, -16.43607, -54.91031, -16.43607]}, {"type": "Feature", "id": "focos_48h_br_todosats.fid--3bf30ddf_19d555fad35_-3b85", "geometry": {"type": "Point", "coordinates": [-56.97251, -22.18294]}, "geometry_name": "geometria", "properties": {"id_foco_bdq": 1812289082, "foco_id": "77327d37-9efe-30df-96e6-4f8488884fd8", "longitude": -56.97251, "latitude": -22.18294, "data_hora_gmt": "2026-04-02T05:33:00Z", "data_pas": "2026-04-02", "satelite": "NOAA-21", "municipio": "BELA VISTA", "estado": "MATO GROSSO DO SUL", "pais": "Brasil", "precipitacao": 11.3, "numero_dias_sem_chuva": 4, "risco_fogo": 0.1, "bioma": "Cerrado", "id_0": 33, "id_1": 50, "id_2": 5002100, "continente_id": 8, "vegetacao": "Pastagens e gramíneas", "grade_wrs": "226_075", "frp": 5.8}, "bbox": [-56.97251, -22.18294, -56.97251, -22.18294]}, {"type": "Feature", "id": "focos_48h_br_todosats.fid--3bf30ddf_19d555fad35_-3b84", "geometry": {"type": "Point", "coordinates": [-56.96939, -22.18326]}, "geometry_name": "geometria", "properties": {"id_foco_bdq": 1812289633, "foco_id": "993ab44a-35c7-31b4-a860-2e944936b796", "longitude": -56.96939, "latitude": -22.18326, "data_hora_gmt": "2026-04-02T05:33:00Z", "data_pas": "2026-04-02", "satelite": "NOAA-21", "municipio": "BELA VISTA", "estado": "MATO GROSSO DO SUL", "pais": "Brasil", "precipitacao": 11.51, "numero_dias_sem_chuva": 4, "risco_fogo": 0.1, "bioma": "Cerrado", "id_0": 33, "id_1": 50, "id_2": 5002100, "continente_id": 8, "vegetacao": "Pastagens e gramíneas", "grade_wrs": "226_075", "frp": 2.9}, "bbox": [-56.96939, -22.18326, -56.96939, -22.18326]}, {"type": "Feature", "id": "focos_48h_br_todosats.fid--3bf30ddf_19d555fad35_-3b83", "geometry": {"type": "Point", "coordinates": [-56.32434, -21.66493]}, "geometry_name": "geometria", "properties": {"id_foco_bdq": 1812289705, "foco_id": "6effa5ca-93df-33e1-bd08-79e462249904", "longitude": -56.32434, "latitude": -21.66493, "data_hora_gmt": "2026-04-02T05:33:00Z", "data_pas": "2026-04-02", "satelite": "NOAA-21", "municipio": "BELA VISTA", "estado": "MATO GROSSO DO SUL", "pais": "Brasil", "precipitacao": 1, "numero_dias_sem_chuva": 2, "risco_fogo": 0.58, "bioma": "Cerrado", "id_0": 33, "id_1": 50, "id_2": 5002100, "continente_id": 8, "vegetacao": "Savana; Caatinga aberta", "grade_wrs": "226_075", "frp": 4}, "bbox": [-56.32434, -21.66493, -56.32434, -21.66493]}, {"type": "Feature", "id": "focos_48h_br_todosats.fid--3bf30ddf_19d555fad35_-3b82", "geometry": {"type": "Point", "coordinates": [-54.91323, -16.43029]}, "geometry_name": "geometria", "properties": {"id_foco_bdq": 1812289788, "foco_id": "775f7308-2fac-3333-be66-0c03c5202c4d", "longitude": -54.91323, "latitude": -16.43029, "data_hora_gmt": "2026-04-02T05:33:00Z", "data_pas": "2026-04-02", "satelite": "NOAA-21", "municipio": "RONDONÓPOLIS", "estado": "MATO GROSSO", "pais": "Brasil", "precipitacao": 0.67, "numero_dias_sem_chuva": 3, "risco_fogo": 0.3, "bioma": "Cerrado", "id_0": 33, "id_1": 51, "id_2": 5107602, "continente_id": 8, "vegetacao": "Pastagens e gramíneas", "grade_wrs": "225_071", "frp": 2.2}, "bbox": [-54.91323, -16.43029, -54.91323, -16.43029]}, {"type": "Feature", "id": "focos_48h_br_todosats.fid--3bf30ddf_19d555fad35_-3b81", "geometry": {"type": "Point", "coordinates": [-54.91378, -16.43567]}, "geometry_name": "geometria", "properties": {"id_foco_bdq": 1812289816, "foco_id": "39f9d586-b399-3bb3-8103-084bb182ee77", "longitude": -54.91378, "latitude": -16.43567, "data_hora_gmt": "2026-04-02T05:33:00Z", "data_pas": "2026-04-02", "satelite": "NOAA-21", "municipio": "RONDONÓPOLIS", "estado": "MATO GROSSO", "pais": "Brasil", "precipitacao": 0.66, "numero_dias_sem_chuva": 3, "risco_fogo": 0.35, "bioma": "Cerrado", "id_0": 33, "id_1": 51, "id_2": 5107602, "continente_id": 8, "vegetacao": "Pastagens e gramíneas", "grade_wrs": "225_071", "frp": 2.2}, "bbox": [-54.91378, -16.43567, -54.91378, -16.43567]}, {"type": "Feature", "id": "focos_48h_br_todosats.fid--3bf30ddf_19d555fad35_-3b80", "geometry": {"type": "Point", "coordinates": [-56.31764, -21.6656]}, "geometry_name": "geometria", "properties": {"id_foco_bdq": 1812290820, "foco_id": "43faae46-f19c-362e-866a-26d31e492d0f", "longitude": -56.31764, "latitude": -21.6656, "data_hora_gmt": "2026-04-02T05:33:00Z", "data_pas": "2026-04-02", "satelite": "NOAA-21", "municipio": "BELA VISTA", "estado": "MATO GROSSO DO SUL", "pais": "Brasil", "precipitacao": 1, "numero_dias_sem_chuva": 2, "risco_fogo": 0.97, "bioma": "Cerrado", "id_0": 33, "id_1": 50, "id_2": 5002100, "continente_id": 8, "vegetacao": "Pastagens e gramíneas", "grade_wrs": "226_075", "frp": 4.7}, "bbox": [-56.31764, -21.6656, -56.31764, -21.6656]}, {"type": "Feature", "id": "focos_48h_br_todosats.fid--3bf30ddf_19d555fad35_-3b7f", "geometry": {"type": "Point", "coordinates": [-56.32099, -21.66527]}, "geometry_name": "geometria", "properties": {"id_foco_bdq": 1812291352, "foco_id": "ada5df62-cac3-33fb-9da0-a3d9404d1a29", "longitude": -56.32099, "latitude": -21.66527, "data_hora_gmt": "2026-04-02T05:33:00Z", "data_pas": "2026-04-02", "satelite": "NOAA-21", "municipio": "BELA VISTA", "estado": "MATO GROSSO DO SUL", "pais": "Brasil", "precipitacao": 1, "numero_dias_sem_chuva": 2, "risco_fogo": 0.87, "bioma": "Cerrado", "id_0": 33, "id_1": 50, "id_2": 5002100, "continente_id": 8, "vegetacao": "Pastagens e gramíneas", "grade_wrs": "226_075", "frp": 4}, "bbox": [-56.32099, -21.66527, -56.32099, -21.66527]}, {"type": "Feature", "id": "focos_48h_br_todosats.fid--3bf30ddf_19d555fad35_-3b7e", "geometry": {"type": "Point", "coordinates": [-56.30765, -21.69307]}, "geometry_name": "geometria", "properties": {"id_foco_bdq": 1812291516, "foco_id": "4e105457-e37c-3199-b536-602905b9f70c", "longitude": -56.30765, "latitude": -21.69307, "data_hora_gmt": "2026-04-02T05:33:00Z", "data_pas": "2026-04-02", "satelite": "NOAA-21", "municipio": "BELA VISTA", "estado": "MATO GROSSO DO SUL", "pais": "Brasil", "precipitacao": 1, "numero_dias_sem_chuva": 1, "risco_fogo": 1, "bioma": "Cerrado", "id_0": 33, "id_1": 50, "id_2": 5002100, "continente_id": 8, "vegetacao": "Pastagens e gramíneas", "grade_wrs": "226_075", "frp": 0.4}, "bbox": [-56.30765, -21.69307, -56.30765, -21.69307]}, {"type": "Feature", "id": "focos_48h_br_todosats.fid--3bf30ddf_19d555fad35_-3b7d", "geometry": {"type": "Point", "coordinates": [-56.96748, -22.18784]}, "geometry_name": "geometria", "properties": {"id_foco_bdq": 1812291566, "foco_id": "055e6a8b-ab40-3924-a2e7-66124dbd772f", "longitude": -56.96748, "latitude": -22.18784, "data_hora_gmt": "2026-04-02T05:33:00Z", "data_pas": "2026-04-02", "satelite": "NOAA-21", "municipio": "BELA VISTA", "estado": "MATO GROSSO DO SUL", "pais": "Brasil", "precipitacao": 11.65, "numero_dias_sem_chuva": 4, "risco_fogo": 0.09, "bioma": "Cerrado", "id_0": 33, "id_1": 50, "id_2": 5002100, "continente_id": 8, "vegetacao": "Pastagens e gramíneas", "grade_wrs": "226_075", "frp": 1.8}, "bbox": [-56.96748, -22.18784, -56.96748, -22.18784]}, {"type": "Feature", "id": "focos_48h_br_todosats.fid--3bf30ddf_19d555fad35_-3b7c", "geometry": {"type": "Point", "coordinates": [-56.96659, -22.18867]}, "geometry_name": "geometria", "properties": {"id_foco_bdq": 1812292230, "foco_id": "2168ecfa-3447-3d1c-861a-ed595be77edf", "longitude": -56.96659, "latitude": -22.18867, "data_hora_gmt": "2026-04-02T05:33:00Z", "data_pas": "2026-04-02", "satelite": "NOAA-21", "municipio": "BELA VISTA", "estado": "MATO GROSSO DO SUL", "pais": "Brasil", "precipitacao": 11.7, "numero_dias_sem_chuva": 4, "risco_fogo": 0.09, "bioma": "Cerrado", "id_0": 33, "id_1": 50, "id_2": 5002100, "continente_id": 8, "vegetacao": "Pastagens e gramíneas", "grade_wrs": "226_075", "frp": 2.9}, "bbox": [-56.96659, -22.18867, -56.96659, -22.18867]}, {"type": "Feature", "id": "focos_48h_br_todosats.fid--3bf30ddf_19d555fad35_-3b7b", "geometry": {"type": "Point", "coordinates": [-56.30826, -21.69831]}, "geometry_name": "geometria", "properties": {"id_foco_bdq": 1812292765, "foco_id": "5e49bef9-da0d-3fbc-bea9-2d6a0a1936bc", "longitude": -56.30826, "latitude": -21.69831, "data_hora_gmt": "2026-04-02T05:33:00Z", "data_pas": "2026-04-02", "satelite": "NOAA-21", "municipio": "BELA VISTA", "estado": "MATO GROSSO DO SUL", "pais": "Brasil", "precipitacao": 1, "numero_dias_sem_chuva": 2, "risco_fogo": 1, "bioma": "Cerrado", "id_0": 33, "id_1": 50, "id_2": 5002100, "continente_id": 8, "vegetacao": "Pastagens e gramíneas", "grade_wrs": "226_075", "frp": 0.9}, "bbox": [-56.30826, -21.69831, -56.30826, -21.69831]}, {"type": "Feature", "id": "focos_48h_br_todosats.fid--3bf30ddf_19d555fad35_-3b7a", "geometry": {"type": "Point", "coordinates": [-54.91661, -16.42991]}, "geometry_name": "geometria", "properties": {"id_foco_bdq": 1812293287, "foco_id": "10527ef5-4088-3b31-ae2d-a6dcf5f42775", "longitude": -54.91661, "latitude": -16.42991, "data_hora_gmt": "2026-04-02T05:33:00Z", "data_pas": "2026-04-02", "satelite": "NOAA-21", "municipio": "RONDONÓPOLIS", "estado": "MATO GROSSO", "pais": "Brasil", "precipitacao": 0.63, "numero_dias_sem_chuva": 2, "risco_fogo": 0.25, "bioma": "Cerrado", "id_0": 33, "id_1": 51, "id_2": 5107602, "continente_id": 8, "vegetacao": "Agricultura e diversos", "grade_wrs": "225_071", "frp": 2.2}, "bbox": [-54.91661, -16.42991, -54.91661, -16.42991]}, {"type": "Feature", "id": "focos_48h_br_todosats.fid--3bf30ddf_19d555fad35_-3b79", "geometry": {"type": "Point", "coordinates": [-56.96977, -22.18833]}, "geometry_name": "geometria", "properties": {"id_foco_bdq": 1812294468, "foco_id": "85b56791-e1f3-324d-88d9-3cc37b16b5ad", "longitude": -56.96977, "latitude": -22.18833, "data_hora_gmt": "2026-04-02T05:33:00Z", "data_pas": "2026-04-02", "satelite": "NOAA-21", "municipio": "BELA VISTA", "estado": "MATO GROSSO DO SUL", "pais": "Brasil", "precipitacao": 11.5, "numero_dias_sem_chuva": 4, "risco_fogo": 0.1, "bioma": "Cerrado", "id_0": 33, "id_1": 50, "id_2": 5002100, "continente_id": 8, "vegetacao": "Pastagens e gramíneas", "grade_wrs": "226_075", "frp": 2.9}, "bbox": [-56.96977, -22.18833, -56.96977, -22.18833]}, {"type": "Feature", "id": "focos_48h_br_todosats.fid--3bf30ddf_19d555fad35_-3b78", "geometry": {"type": "Point", "coordinates": [-48.42393, -21.70704]}, "geometry_name": "geometria", "properties": {"id_foco_bdq": 1812290248, "foco_id": "2d40c62a-4342-3419-a8e4-3228f90bb56d", "longitude": -48.42393, "latitude": -21.70704, "data_hora_gmt": "2026-04-02T06:08:00Z", "data_pas": "2026-04-02", "satelite": "AQUA_M-M", "municipio": "MATÃO", "estado": "SÃO PAULO", "pais": "Brasil", "precipitacao": 6.77, "numero_dias_sem_chuva": 4, "risco_fogo": 0.01, "bioma": "Cerrado", "id_0": 33, "id_1": 35, "id_2": 3529302, "continente_id": 8, "vegetacao": "Agricultura e diversos", "grade_wrs": "220_075", "frp": 9.4}, "bbox": [-48.42393, -21.70704, -48.42393, -21.70704]}, {"type": "Feature", "id": "focos_48h_br_todosats.fid--3bf30ddf_19d555fad35_-3b77", "geometry": {"type": "Point", "coordinates": [-52.68012, -23.02806]}, "geometry_name": "geometria", "properties": {"id_foco_bdq": 1812356344, "foco_id": "429e74d9-24f6-3084-b226-a3385e33a455", "longitude": -52.68012, "latitude": -23.02806, "data_hora_gmt": "2026-04-02T12:08:00Z", "data_pas": "2026-04-02", "satelite": "TERRA_M-T", "municipio": "PARANAVAÍ", "estado": "PARANÁ", "pais": "Brasil", "precipitacao": 1.11, "numero_dias_sem_chuva": 1, "risco_fogo": 0.28, "bioma": "Mata Atlântica", "id_0": 33, "id_1": 41, "id_2": 4118402, "continente_id": 8, "vegetacao": "Floresta de contato; Campinarana", "grade_wrs": "223_076", "frp": 10.9}, "bbox": [-52.68012, -23.02806, -52.68012, -23.02806]}, {"type": "Feature", "id": "focos_48h_br_todosats.fid--3bf30ddf_19d555fad35_-3b76", "geometry": {"type": "Point", "coordinates": [-46.78451, -21.29455]}, "geometry_name": "geometria", "properties": {"id_foco_bdq": 1812358653, "foco_id": "9941422a-c387-3515-b026-e914d75a6c39", "longitude": -46.78451, "latitude": -21.29455, "data_hora_gmt": "2026-04-02T12:08:00Z", "data_pas": "2026-04-02", "satelite": "TERRA_M-T", "municipio": "GUARANÉSIA", "estado": "MINAS GERAIS", "pais": "Brasil", "precipitacao": 3, "numero_dias_sem_chuva": 4, "risco_fogo": 0.01, "bioma": "Mata Atlântica", "id_0": 33, "id_1": 31, "id_2": 3128303, "continente_id": 8, "vegetacao": "Pastagens e gramíneas", "grade_wrs": "219_075", "frp": 12.3}, "bbox": [-46.78451, -21.29455, -46.78451, -21.29455]}, {"type": "Feature", "id": "focos_48h_br_todosats.fid--3bf30ddf_19d555fad35_-3b75", "geometry": {"type": "Point", "coordinates": [-49.69844, -19.30634]}, "geometry_name": "geometria", "properties": {"id_foco_bdq": 1812356981, "foco_id": "916e6277-fda4-3ec0-9ec2-96562aea7aba", "longitude": -49.69844, "latitude": -19.30634, "data_hora_gmt": "2026-04-02T12:08:00Z", "data_pas": "2026-04-02", "satelite": "TERRA_M-T", "municipio": "CAMPINA VERDE", "estado": "MINAS GERAIS", "pais": "Brasil", "precipitacao": 2.26, "numero_dias_sem_chuva": 3, "risco_fogo": 0.62, "bioma": "Cerrado", "id_0": 33, "id_1": 31, "id_2": 3111101, "continente_id": 8, "vegetacao": "Pastagens e gramíneas", "grade_wrs": "222_073", "frp": 6.2}, "bbox": [-49.69844, -19.30634, -49.69844, -19.30634]}, {"type": "Feature", "id": "focos_48h_br_todosats.fid--3bf30ddf_19d555fad35_-3b74", "geometry": {"type": "Point", "coordinates": [-46.97919, -18.93478]}, "geometry_name": "geometria", "properties": {"id_foco_bdq": 1812356908, "foco_id": "a6d2fad9-2758-32de-9185-86cabe14da7a", "longitude": -46.97919, "latitude": -18.93478, "data_hora_gmt": "2026-04-02T12:08:00Z", "data_pas": "2026-04-02", "satelite": "TERRA_M-T", "municipio": "PATROCÍNIO", "estado": "MINAS GERAIS", "pais": "Brasil", "precipitacao": 0.5, "numero_dias_sem_chuva": 0, "risco_fogo": -999, "bioma": "Cerrado", "id_0": 33, "id_1": 31, "id_2": 3148103, "continente_id": 8, "vegetacao": "Corpos agua/Solos expostos/Mineracao/Areas urbanas e construidas/neve e gelo", "grade_wrs": "220_073", "frp": 5.6}, "bbox": [-46.97919, -18.93478, -46.97919, -18.93478]}, {"type": "Feature", "id": "focos_48h_br_todosats.fid--3bf30ddf_19d555fad35_-3b73", "geometry": {"type": "Point", "coordinates": [-56.3142, -21.6795]}, "geometry_name": "geometria", "properties": {"id_foco_bdq": 1812360886, "foco_id": "e7f53355-9330-30a1-b204-8928ad689559", "longitude": -56.3142, "latitude": -21.6795, "data_hora_gmt": "2026-04-02T14:00:00Z", "data_pas": "2026-04-02", "satelite": "GOES-19", "municipio": "BELA VISTA", "estado": "MATO GROSSO DO SUL", "pais": "Brasil", "precipitacao": 1, "numero_dias_sem_chuva": 2, "risco_fogo": 0.99, "bioma": "Cerrado", "id_0": 33, "id_1": 50, "id_2": 5002100, "continente_id": 8, "vegetacao": "Pastagens e gramíneas", "grade_wrs": "226_075", "frp": 73.8}, "bbox": [-56.3142, -21.6795, -56.3142, -21.6795]}, {"type": "Feature", "id": "focos_48h_br_todosats.fid--3bf30ddf_19d555fad35_-3b72", "geometry": {"type": "Point", "coordinates": [-56.3175, -21.659]}, "geometry_name": "geometria", "properties": {"id_foco_bdq": 1812362110, "foco_id": "2064e1dc-1985-3572-b10a-8edb620116d2", "longitude": -56.3175, "latitude": -21.659, "data_hora_gmt": "2026-04-02T14:10:00Z", "data_pas": "2026-04-02", "satelite": "GOES-19", "municipio": "BELA VISTA", "estado": "MATO GROSSO DO SUL", "pais": "Brasil", "precipitacao": 1, "numero_dias_sem_chuva": 2, "risco_fogo": 0.95, "bioma": "Cerrado", "id_0": 33, "id_1": 50, "id_2": 5002100, "continente_id": 8, "vegetacao": "Corpos agua/Solos expostos/Mineracao/Areas urbanas e construidas/neve e gelo", "grade_wrs": "226_075", "frp": 60.1}, "bbox": [-56.3175, -21.659, -56.3175, -21.659]}, {"type": "Feature", "id": "focos_48h_br_todosats.fid--3bf30ddf_19d555fad35_-3b71", "geometry": {"type": "Point", "coordinates": [-56.3142, -21.6795]}, "geometry_name": "geometria", "properties": {"id_foco_bdq": 1812362107, "foco_id": "777512a7-ddf4-33cb-a56d-9709496bdade", "longitude": -56.3142, "latitude": -21.6795, "data_hora_gmt": "2026-04-02T14:10:00Z", "data_pas": "2026-04-02", "satelite": "GOES-19", "municipio": "BELA VISTA", "estado": "MATO GROSSO DO SUL", "pais": "Brasil", "precipitacao": 1, "numero_dias_sem_chuva": 2, "risco_fogo": 0.99, "bioma": "Cerrado", "id_0": 33, "id_1": 50, "id_2": 5002100, "continente_id": 8, "vegetacao": "Pastagens e gramíneas", "grade_wrs": "226_075", "frp": 83.4}, "bbox": [-56.3142, -21.6795, -56.3142, -21.6795]}, {"type": "Feature", "id": "focos_48h_br_todosats.fid--3bf30ddf_19d555fad35_-3b70", "geometry": {"type": "Point", "coordinates": [-56.3175, -21.659]}, "geometry_name": "geometria", "properties": {"id_foco_bdq": 1812365066, "foco_id": "c230e67d-a4e9-39c6-bfdf-65ab1ab95bd7", "longitude": -56.3175, "latitude": -21.659, "data_hora_gmt": "2026-04-02T14:20:00Z", "data_pas": "2026-04-02", "satelite": "GOES-19", "municipio": "BELA VISTA", "estado": "MATO GROSSO DO SUL", "pais": "Brasil", "precipitacao": 1, "numero_dias_sem_chuva": 2, "risco_fogo": 0.95, "bioma": "Cerrado", "id_0": 33, "id_1": 50, "id_2": 5002100, "continente_id": 8, "vegetacao": "Corpos agua/Solos expostos/Mineracao/Areas urbanas e construidas/neve e gelo", "grade_wrs": "226_075", "frp": 78.2}, "bbox": [-56.3175, -21.659, -56.3175, -21.659]}, {"type": "Feature", "id": "focos_48h_br_todosats.fid--3bf30ddf_19d555fad35_-3b6f", "geometry": {"type": "Point", "coordinates": [-56.3142, -21.6795]}, "geometry_name": "geometria", "properties": {"id_foco_bdq": 1812364666, "foco_id": "d3e23f44-9bed-3529-8eb1-d4fc4ff34574", "longitude": -56.3142, "latitude": -21.6795, "data_hora_gmt": "2026-04-02T14:20:00Z", "data_pas": "2026-04-02", "satelite": "GOES-19", "municipio": "BELA VISTA", "estado": "MATO GROSSO DO SUL", "pais": "Brasil", "precipitacao": 1, "numero_dias_sem_chuva": 2, "risco_fogo": 0.99, "bioma": "Cerrado", "id_0": 33, "id_1": 50, "id_2": 5002100, "continente_id": 8, "vegetacao": "Pastagens e gramíneas", "grade_wrs": "226_075", "frp": 150.4}, "bbox": [-56.3142, -21.6795, -56.3142, -21.6795]}, {"type": "Feature", "id": "focos_48h_br_todosats.fid--3bf30ddf_19d555fad35_-3b6e", "geometry": {"type": "Point", "coordinates": [-56.3175, -21.659]}, "geometry_name": "geometria", "properties": {"id_foco_bdq": 1812362189, "foco_id": "224cee3a-e4fb-3136-9f05-0581d7e933ff", "longitude": -56.3175, "latitude": -21.659, "data_hora_gmt": "2026-04-02T14:30:00Z", "data_pas": "2026-04-02", "satelite": "GOES-19", "municipio": "BELA VISTA", "estado": "MATO GROSSO DO SUL", "pais": "Brasil", "precipitacao": 1, "numero_dias_sem_chuva": 2, "risco_fogo": 0.95, "bioma": "Cerrado", "id_0": 33, "id_1": 50, "id_2": 5002100, "continente_id": 8, "vegetacao": "Corpos agua/Solos expostos/Mineracao/Areas urbanas e construidas/neve e gelo", "grade_wrs": "226_075", "frp": 115.4}, "bbox": [-56.3175, -21.659, -56.3175, -21.659]}, {"type": "Feature", "id": "focos_48h_br_todosats.fid--3bf30ddf_19d555fad35_-3b6d", "geometry": {"type": "Point", "coordinates": [-56.3142, -21.6795]}, "geometry_name": "geometria", "properties": {"id_foco_bdq": 1812362373, "foco_id": "3554ea30-0893-3d37-81b9-a02dc1ebcc45", "longitude": -56.3142, "latitude": -21.6795, "data_hora_gmt": "2026-04-02T14:30:00Z", "data_pas": "2026-04-02", "satelite": "GOES-19", "municipio": "BELA VISTA", "estado": "MATO GROSSO DO SUL", "pais": "Brasil", "precipitacao": 1, "numero_dias_sem_chuva": 2, "risco_fogo": 0.99, "bioma": "Cerrado", "id_0": 33, "id_1": 50, "id_2": 5002100, "continente_id": 8, "vegetacao": "Pastagens e gramíneas", "grade_wrs": "226_075", "frp": 105.2}, "bbox": [-56.3142, -21.6795, -56.3142, -21.6795]}, {"type": "Feature", "id": "focos_48h_br_todosats.fid--3bf30ddf_19d555fad35_-3b6c", "geometry": {"type": "Point", "coordinates": [-56.3142, -21.6795]}, "geometry_name": "geometria", "properties": {"id_foco_bdq": 1812362297, "foco_id": "253da2a7-0881-3147-a60e-99a0154a7aca", "longitude": -56.3142, "latitude": -21.6795, "data_hora_gmt": "2026-04-02T14:40:00Z", "data_pas": "2026-04-02", "satelite": "GOES-19", "municipio": "BELA VISTA", "estado": "MATO GROSSO DO SUL", "pais": "Brasil", "precipitacao": 1, "numero_dias_sem_chuva": 2, "risco_fogo": 0.99, "bioma": "Cerrado", "id_0": 33, "id_1": 50, "id_2": 5002100, "continente_id": 8, "vegetacao": "Pastagens e gramíneas", "grade_wrs": "226_075", "frp": 93}, "bbox": [-56.3142, -21.6795, -56.3142, -21.6795]}, {"type": "Feature", "id": "focos_48h_br_todosats.fid--3bf30ddf_19d555fad35_-3b6b", "geometry": {"type": "Point", "coordinates": [-56.3175, -21.659]}, "geometry_name": "geometria", "properties": {"id_foco_bdq": 1812362218, "foco_id": "b232fa42-9cbc-3d5e-af11-0459fff276b0", "longitude": -56.3175, "latitude": -21.659, "data_hora_gmt": "2026-04-02T14:40:00Z", "data_pas": "2026-04-02", "satelite": "GOES-19", "municipio": "BELA VISTA", "estado": "MATO GROSSO DO SUL", "pais": "Brasil", "precipitacao": 1, "numero_dias_sem_chuva": 2, "risco_fogo": 0.95, "bioma": "Cerrado", "id_0": 33, "id_1": 50, "id_2": 5002100, "continente_id": 8, "vegetacao": "Corpos agua/Solos expostos/Mineracao/Areas urbanas e construidas/neve e gelo", "grade_wrs": "226_075", "frp": 88.8}, "bbox": [-56.3175, -21.659, -56.3175, -21.659]}, {"type": "Feature", "id": "focos_48h_br_todosats.fid--3bf30ddf_19d555fad35_-3b6a", "geometry": {"type": "Point", "coordinates": [-56.3142, -21.6795]}, "geometry_name": "geometria", "properties": {"id_foco_bdq": 1812362496, "foco_id": "c15b913d-0bb9-32e4-aef1-ff18d1e94a69", "longitude": -56.3142, "latitude": -21.6795, "data_hora_gmt": "2026-04-02T14:50:00Z", "data_pas": "2026-04-02", "satelite": "GOES-19", "municipio": "BELA VISTA", "estado": "MATO GROSSO DO SUL", "pais": "Brasil", "precipitacao": 1, "numero_dias_sem_chuva": 2, "risco_fogo": 0.99, "bioma": "Cerrado", "id_0": 33, "id_1": 50, "id_2": 5002100, "continente_id": 8, "vegetacao": "Pastagens e gramíneas", "grade_wrs": "226_075", "frp": 107.5}, "bbox": [-56.3142, -21.6795, -56.3142, -21.6795]}, {"type": "Feature", "id": "focos_48h_br_todosats.fid--3bf30ddf_19d555fad35_-3b69", "geometry": {"type": "Point", "coordinates": [-56.3142, -21.6795]}, "geometry_name": "geometria", "properties": {"id_foco_bdq": 1812366408, "foco_id": "2ea78179-a6d8-3c60-949e-dc09cfcbd526", "longitude": -56.3142, "latitude": -21.6795, "data_hora_gmt": "2026-04-02T15:00:00Z", "data_pas": "2026-04-02", "satelite": "GOES-19", "municipio": "BELA VISTA", "estado": "MATO GROSSO DO SUL", "pais": "Brasil", "precipitacao": 1, "numero_dias_sem_chuva": 2, "risco_fogo": 0.99, "bioma": "Cerrado", "id_0": 33, "id_1": 50, "id_2": 5002100, "continente_id": 8, "vegetacao": "Pastagens e gramíneas", "grade_wrs": "226_075", "frp": 94.5}, "bbox": [-56.3142, -21.6795, -56.3142, -21.6795]}, {"type": "Feature", "id": "focos_48h_br_todosats.fid--3bf30ddf_19d555fad35_-3b68", "geometry": {"type": "Point", "coordinates": [-55.8751, -20.5491]}, "geometry_name": "geometria", "properties": {"id_foco_bdq": 1812424263, "foco_id": "0e710ea0-2d98-3040-b195-513b72ebdf6b", "longitude": -55.8751, "latitude": -20.5491, "data_hora_gmt": "2026-04-02T15:00:00Z", "data_pas": "2026-04-02", "satelite": "GOES-19", "municipio": "ANASTÁCIO", "estado": "MATO GROSSO DO SUL", "pais": "Brasil", "precipitacao": 0, "numero_dias_sem_chuva": 6, "risco_fogo": 0.78, "bioma": "Cerrado", "id_0": 33, "id_1": 50, "id_2": 5000708, "continente_id": 8, "vegetacao": "Pastagens e gramíneas", "grade_wrs": "225_074", "frp": 57.5}, "bbox": [-55.8751, -20.5491, -55.8751, -20.5491]}, {"type": "Feature", "id": "focos_48h_br_todosats.fid--3bf30ddf_19d555fad35_-3b67", "geometry": {"type": "Point", "coordinates": [-40.84304, -21.02143]}, "geometry_name": "geometria", "properties": {"id_foco_bdq": 1812383878, "foco_id": "28519923-1d4a-3d86-a5ce-2f55ed3e3d2d", "longitude": -40.84304, "latitude": -21.02143, "data_hora_gmt": "2026-04-02T15:33:00Z", "data_pas": "2026-04-02", "satelite": "NOAA-20", "municipio": "ITAPEMIRIM", "estado": "ESPÍRITO SANTO", "pais": "Brasil", "precipitacao": 0.1, "numero_dias_sem_chuva": -999, "risco_fogo": 0.29, "bioma": "Mata Atlântica", "id_0": 33, "id_1": 32, "id_2": 3202801, "continente_id": 8, "vegetacao": "Pastagens e gramíneas", "grade_wrs": "216_075", "frp": 14.1}, "bbox": [-40.84304, -21.02143, -40.84304, -21.02143]}, {"type": "Feature", "id": "focos_48h_br_todosats.fid--3bf30ddf_19d555fad35_-3b66", "geometry": {"type": "Point", "coordinates": [-43.76426, -12.49947]}, "geometry_name": "geometria", "properties": {"id_foco_bdq": 1812383722, "foco_id": "3bf7b8d1-5385-3afd-b1a1-a17025ce52a9", "longitude": -43.76426, "latitude": -12.49947, "data_hora_gmt": "2026-04-02T15:35:00Z", "data_pas": "2026-04-02", "satelite": "NOAA-20", "municipio": "BREJOLÂNDIA", "estado": "BAHIA", "pais": "Brasil", "precipitacao": 0.43, "numero_dias_sem_chuva": 0, "risco_fogo": 0.1, "bioma": "Cerrado", "id_0": 33, "id_1": 29, "id_2": 2904407, "continente_id": 8, "vegetacao": "Savana arbórea; Caatinga fechada", "grade_wrs": "219_069", "frp": 12.4}, "bbox": [-43.76426, -12.49947, -43.76426, -12.49947]}, {"type": "Feature", "id": "focos_48h_br_todosats.fid--3bf30ddf_19d555fad35_-3b65", "geometry": {"type": "Point", "coordinates": [-43.63788, -12.49953]}, "geometry_name": "geometria", "properties": {"id_foco_bdq": 1812383999, "foco_id": "3be2f8b3-8772-3dfe-9bf8-da7b21ca1ae2", "longitude": -43.63788, "latitude": -12.49953, "data_hora_gmt": "2026-04-02T15:35:00Z", "data_pas": "2026-04-02", "satelite": "NOAA-20", "municipio": "BREJOLÂNDIA", "estado": "BAHIA", "pais": "Brasil", "precipitacao": 0.4, "numero_dias_sem_chuva": 0, "risco_fogo": 0.15, "bioma": "Cerrado", "id_0": 33, "id_1": 29, "id_2": 2904407, "continente_id": 8, "vegetacao": "Savana; Caatinga aberta", "grade_wrs": "219_069", "frp": 6}, "bbox": [-43.63788, -12.49953, -43.63788, -12.49953]}, {"type": "Feature", "id": "focos_48h_br_todosats.fid--3bf30ddf_19d555fad35_-3b64", "geometry": {"type": "Point", "coordinates": [-53.07645, -31.05375]}, "geometry_name": "geometria", "properties": {"id_foco_bdq": 1812387522, "foco_id": "b513a1d1-a27d-3dd5-beb4-71ec073955b6", "longitude": -53.07645, "latitude": -31.05375, "data_hora_gmt": "2026-04-02T16:20:00Z", "data_pas": "2026-04-02", "satelite": "NOAA-21", "municipio": "PIRATINI", "estado": "RIO GRANDE DO SUL", "pais": "Brasil", "precipitacao": 0, "numero_dias_sem_chuva": 3, "risco_fogo": 0.22, "bioma": "Pampa", "id_0": 33, "id_1": 43, "id_2": 4314605, "continente_id": 8, "vegetacao": "Florestas decíduas e sazonais", "grade_wrs": "222_082", "frp": 9.7}, "bbox": [-53.07645, -31.05375, -53.07645, -31.05375]}, {"type": "Feature", "id": "focos_48h_br_todosats.fid--3bf30ddf_19d555fad35_-3b63", "geometry": {"type": "Point", "coordinates": [-53.0813, -31.05366]}, "geometry_name": "geometria", "properties": {"id_foco_bdq": 1812387030, "foco_id": "61ca3940-d491-3d27-87b4-3ab9292c64e6", "longitude": -53.0813, "latitude": -31.05366, "data_hora_gmt": "2026-04-02T16:20:00Z", "data_pas": "2026-04-02", "satelite": "NOAA-21", "municipio": "PIRATINI", "estado": "RIO GRANDE DO SUL", "pais": "Brasil", "precipitacao": 0, "numero_dias_sem_chuva": 3, "risco_fogo": 0.28, "bioma": "Pampa", "id_0": 33, "id_1": 43, "id_2": 4314605, "continente_id": 8, "vegetacao": "Floresta de contato; Campinarana", "grade_wrs": "222_082", "frp": 8}, "bbox": [-53.0813, -31.05366, -53.0813, -31.05366]}, {"type": "Feature", "id": "focos_48h_br_todosats.fid--3bf30ddf_19d555fad35_-3b62", "geometry": {"type": "Point", "coordinates": [-49.53905, -28.85169]}, "geometry_name": "geometria", "properties": {"id_foco_bdq": 1812387402, "foco_id": "91ca4014-2636-3932-924f-1fa78eb70791", "longitude": -49.53905, "latitude": -28.85169, "data_hora_gmt": "2026-04-02T16:20:00Z", "data_pas": "2026-04-02", "satelite": "NOAA-21", "municipio": "MELEIRO", "estado": "SANTA CATARINA", "pais": "Brasil", "precipitacao": 75.31, "numero_dias_sem_chuva": 2, "risco_fogo": 0, "bioma": "Mata Atlântica", "id_0": 33, "id_1": 42, "id_2": 4210803, "continente_id": 8, "vegetacao": "Agricultura e diversos", "grade_wrs": "220_080", "frp": 7.6}, "bbox": [-49.53905, -28.85169, -49.53905, -28.85169]}, {"type": "Feature", "id": "focos_48h_br_todosats.fid--3bf30ddf_19d555fad35_-3b61", "geometry": {"type": "Point", "coordinates": [-50.98137, -29.54175]}, "geometry_name": "geometria", "properties": {"id_foco_bdq": 1812387431, "foco_id": "936385c2-84ae-32a7-8024-d8abcca66d52", "longitude": -50.98137, "latitude": -29.54175, "data_hora_gmt": "2026-04-02T16:20:00Z", "data_pas": "2026-04-02", "satelite": "NOAA-21", "municipio": "MORRO REUTER", "estado": "RIO GRANDE DO SUL", "pais": "Brasil", "precipitacao": 0, "numero_dias_sem_chuva": 3, "risco_fogo": 0.26, "bioma": "Mata Atlântica", "id_0": 33, "id_1": 43, "id_2": 4312476, "continente_id": 8, "vegetacao": "Floresta Ombrófila densa", "grade_wrs": "221_080", "frp": 5.9}, "bbox": [-50.98137, -29.54175, -50.98137, -29.54175]}, {"type": "Feature", "id": "focos_48h_br_todosats.fid--3bf30ddf_19d555fad35_-3b60", "geometry": {"type": "Point", "coordinates": [-50.85642, -30.05993]}, "geometry_name": "geometria", "properties": {"id_foco_bdq": 1812387237, "foco_id": "b85fb394-88f5-3356-8514-386e6a0cb519", "longitude": -50.85642, "latitude": -30.05993, "data_hora_gmt": "2026-04-02T16:20:00Z", "data_pas": "2026-04-02", "satelite": "NOAA-21", "municipio": "VIAMÃO", "estado": "RIO GRANDE DO SUL", "pais": "Brasil", "precipitacao": 0, "numero_dias_sem_chuva": 3, "risco_fogo": 0.28, "bioma": "Pampa", "id_0": 33, "id_1": 43, "id_2": 4323002, "continente_id": 8, "vegetacao": "Floresta Ombrófila densa", "grade_wrs": "221_081", "frp": 7.5}, "bbox": [-50.85642, -30.05993, -50.85642, -30.05993]}, {"type": "Feature", "id": "focos_48h_br_todosats.fid--3bf30ddf_19d555fad35_-3b5f", "geometry": {"type": "Point", "coordinates": [-50.84916, -30.0581]}, "geometry_name": "geometria", "properties": {"id_foco_bdq": 1812386859, "foco_id": "fa8cb0b2-b4d3-3fd1-add4-3e4b3a971de0", "longitude": -50.84916, "latitude": -30.0581, "data_hora_gmt": "2026-04-02T16:20:00Z", "data_pas": "2026-04-02", "satelite": "NOAA-21", "municipio": "VIAMÃO", "estado": "RIO GRANDE DO SUL", "pais": "Brasil", "precipitacao": 0, "numero_dias_sem_chuva": 3, "risco_fogo": 0.32, "bioma": "Pampa", "id_0": 33, "id_1": 43, "id_2": 4323002, "continente_id": 8, "vegetacao": "Florestas decíduas e sazonais", "grade_wrs": "221_081", "frp": 8.8}, "bbox": [-50.84916, -30.0581, -50.84916, -30.0581]}, {"type": "Feature", "id": "focos_48h_br_todosats.fid--3bf30ddf_19d555fad35_-3b5e", "geometry": {"type": "Point", "coordinates": [-53.63396, -30.05255]}, "geometry_name": "geometria", "properties": {"id_foco_bdq": 1812386911, "foco_id": "9bc049ba-42b6-3708-9e64-e1af1e76ccc3", "longitude": -53.63396, "latitude": -30.05255, "data_hora_gmt": "2026-04-02T16:20:00Z", "data_pas": "2026-04-02", "satelite": "NOAA-21", "municipio": "FORMIGUEIRO", "estado": "RIO GRANDE DO SUL", "pais": "Brasil", "precipitacao": 0, "numero_dias_sem_chuva": 7, "risco_fogo": 1, "bioma": "Pampa", "id_0": 33, "id_1": 43, "id_2": 4308409, "continente_id": 8, "vegetacao": "Agricultura e diversos", "grade_wrs": "222_081", "frp": 3.1}, "bbox": [-53.63396, -30.05255, -53.63396, -30.05255]}, {"type": "Feature", "id": "focos_48h_br_todosats.fid--3bf30ddf_19d555fad35_-3b5d", "geometry": {"type": "Point", "coordinates": [-50.85127, -30.05964]}, "geometry_name": "geometria", "properties": {"id_foco_bdq": 1812387008, "foco_id": "bb58c3f6-b646-321e-93a8-3ae7f6c4e16e", "longitude": -50.85127, "latitude": -30.05964, "data_hora_gmt": "2026-04-02T16:20:00Z", "data_pas": "2026-04-02", "satelite": "NOAA-21", "municipio": "VIAMÃO", "estado": "RIO GRANDE DO SUL", "pais": "Brasil", "precipitacao": 0, "numero_dias_sem_chuva": 3, "risco_fogo": 0.28, "bioma": "Pampa", "id_0": 33, "id_1": 43, "id_2": 4323002, "continente_id": 8, "vegetacao": "Floresta Ombrófila densa", "grade_wrs": "221_081", "frp": 7.5}, "bbox": [-50.85127, -30.05964, -50.85127, -30.05964]}, {"type": "Feature", "id": "focos_48h_br_todosats.fid--3bf30ddf_19d555fad35_-3b5c", "geometry": {"type": "Point", "coordinates": [-50.85429, -30.05843]}, "geometry_name": "geometria", "properties": {"id_foco_bdq": 1812387143, "foco_id": "6e271c44-2853-3251-aefb-b436616244c4", "longitude": -50.85429, "latitude": -30.05843, "data_hora_gmt": "2026-04-02T16:20:00Z", "data_pas": "2026-04-02", "satelite": "NOAA-21", "municipio": "VIAMÃO", "estado": "RIO GRANDE DO SUL", "pais": "Brasil", "precipitacao": 0, "numero_dias_sem_chuva": 3, "risco_fogo": 0.28, "bioma": "Pampa", "id_0": 33, "id_1": 43, "id_2": 4323002, "continente_id": 8, "vegetacao": "Floresta Ombrófila densa", "grade_wrs": "221_081", "frp": 8.8}, "bbox": [-50.85429, -30.05843, -50.85429, -30.05843]}, {"type": "Feature", "id": "focos_48h_br_todosats.fid--3bf30ddf_19d555fad35_-3b5b", "geometry": {"type": "Point", "coordinates": [-41.63318, -22.20514]}, "geometry_name": "geometria", "properties": {"id_foco_bdq": 1812387023, "foco_id": "ac84febb-78f8-3754-8303-3ff66d0aa722", "longitude": -41.63318, "latitude": -22.20514, "data_hora_gmt": "2026-04-02T16:22:00Z", "data_pas": "2026-04-02", "satelite": "NOAA-21", "municipio": "CARAPEBUS", "estado": "RIO DE JANEIRO", "pais": "Brasil", "precipitacao": 5.1, "numero_dias_sem_chuva": 4, "risco_fogo": 0, "bioma": "Mata Atlântica", "id_0": 33, "id_1": 33, "id_2": 3300936, "continente_id": 8, "vegetacao": "Floresta de contato; Campinarana", "grade_wrs": "216_075", "frp": 3.2}, "bbox": [-41.63318, -22.20514, -41.63318, -22.20514]}, {"type": "Feature", "id": "focos_48h_br_todosats.fid--3bf30ddf_19d555fad35_-3b5a", "geometry": {"type": "Point", "coordinates": [-52.68197, -23.02951]}, "geometry_name": "geometria", "properties": {"id_foco_bdq": 1812387216, "foco_id": "f0fd18f0-8a44-386a-b847-cbd3fda694ed", "longitude": -52.68197, "latitude": -23.02951, "data_hora_gmt": "2026-04-02T16:22:00Z", "data_pas": "2026-04-02", "satelite": "NOAA-21", "municipio": "PARANAVAÍ", "estado": "PARANÁ", "pais": "Brasil", "precipitacao": 1.09, "numero_dias_sem_chuva": 1, "risco_fogo": 0.41, "bioma": "Mata Atlântica", "id_0": 33, "id_1": 41, "id_2": 4118402, "continente_id": 8, "vegetacao": "Savana; Caatinga aberta", "grade_wrs": "223_076", "frp": 29.2}, "bbox": [-52.68197, -23.02951, -52.68197, -23.02951]}, {"type": "Feature", "id": "focos_48h_br_todosats.fid--3bf30ddf_19d555fad35_-3b59", "geometry": {"type": "Point", "coordinates": [-50.40236, -27.02258]}, "geometry_name": "geometria", "properties": {"id_foco_bdq": 1812387243, "foco_id": "ef132466-53ba-32f8-90ca-67d53b7c2954", "longitude": -50.40236, "latitude": -27.02258, "data_hora_gmt": "2026-04-02T16:22:00Z", "data_pas": "2026-04-02", "satelite": "NOAA-21", "municipio": "SANTA CECÍLIA", "estado": "SANTA CATARINA", "pais": "Brasil", "precipitacao": 8.61, "numero_dias_sem_chuva": 0, "risco_fogo": 0.01, "bioma": "Mata Atlântica", "id_0": 33, "id_1": 42, "id_2": 4215505, "continente_id": 8, "vegetacao": "Floresta Ombrófila densa", "grade_wrs": "221_079", "frp": 6.4}, "bbox": [-50.40236, -27.02258, -50.40236, -27.02258]}, {"type": "Feature", "id": "focos_48h_br_todosats.fid--3bf30ddf_19d555fad35_-3b58", "geometry": {"type": "Point", "coordinates": [-41.43013, -19.99581]}, "geometry_name": "geometria", "properties": {"id_foco_bdq": 1812387575, "foco_id": "df792e62-e2c8-3efa-8e7b-224f328f58e3", "longitude": -41.43013, "latitude": -19.99581, "data_hora_gmt": "2026-04-02T16:22:00Z", "data_pas": "2026-04-02", "satelite": "NOAA-21", "municipio": "MUTUM", "estado": "MINAS GERAIS", "pais": "Brasil", "precipitacao": 0, "numero_dias_sem_chuva": 0, "risco_fogo": 0.01, "bioma": "Mata Atlântica", "id_0": 33, "id_1": 31, "id_2": 3144003, "continente_id": 8, "vegetacao": "Florestas decíduas e sazonais", "grade_wrs": "216_074", "frp": 8.6}, "bbox": [-41.43013, -19.99581, -41.43013, -19.99581]}, {"type": "Feature", "id": "focos_48h_br_todosats.fid--3bf30ddf_19d555fad35_-3b57", "geometry": {"type": "Point", "coordinates": [-40.01707, -18.31096]}, "geometry_name": "geometria", "properties": {"id_foco_bdq": 1812386922, "foco_id": "67d70b96-152a-3b0d-a519-6902447c060b", "longitude": -40.01707, "latitude": -18.31096, "data_hora_gmt": "2026-04-02T16:24:00Z", "data_pas": "2026-04-02", "satelite": "NOAA-21", "municipio": "PINHEIROS", "estado": "ESPÍRITO SANTO", "pais": "Brasil", "precipitacao": 0.1, "numero_dias_sem_chuva": 1, "risco_fogo": 0.24, "bioma": "Mata Atlântica", "id_0": 33, "id_1": 32, "id_2": 3204104, "continente_id": 8, "vegetacao": "Agricultura e diversos", "grade_wrs": "216_073", "frp": 6.2}, "bbox": [-40.01707, -18.31096, -40.01707, -18.31096]}, {"type": "Feature", "id": "focos_48h_br_todosats.fid--3bf30ddf_19d555fad35_-3b56", "geometry": {"type": "Point", "coordinates": [-54.72195, -18.43324]}, "geometry_name": "geometria", "properties": {"id_foco_bdq": 1812387822, "foco_id": "923ec6b3-c7b5-3311-835b-c3e9063694c7", "longitude": -54.72195, "latitude": -18.43324, "data_hora_gmt": "2026-04-02T16:24:00Z", "data_pas": "2026-04-02", "satelite": "NOAA-21", "municipio": "COXIM", "estado": "MATO GROSSO DO SUL", "pais": "Brasil", "precipitacao": 0.62, "numero_dias_sem_chuva": 0, "risco_fogo": 0.1, "bioma": "Cerrado", "id_0": 33, "id_1": 50, "id_2": 5003306, "continente_id": 8, "vegetacao": "Savana; Caatinga aberta", "grade_wrs": "225_073", "frp": 9}, "bbox": [-54.72195, -18.43324, -54.72195, -18.43324]}, {"type": "Feature", "id": "focos_48h_br_todosats.fid--3bf30ddf_19d555fad35_-3b55", "geometry": {"type": "Point", "coordinates": [-40.01332, -18.31037]}, "geometry_name": "geometria", "properties": {"id_foco_bdq": 1812387212, "foco_id": "031e1098-e512-3d74-a40f-aaa6a36947ed", "longitude": -40.01332, "latitude": -18.31037, "data_hora_gmt": "2026-04-02T16:24:00Z", "data_pas": "2026-04-02", "satelite": "NOAA-21", "municipio": "PINHEIROS", "estado": "ESPÍRITO SANTO", "pais": "Brasil", "precipitacao": 0.1, "numero_dias_sem_chuva": 1, "risco_fogo": 0.24, "bioma": "Mata Atlântica", "id_0": 33, "id_1": 32, "id_2": 3204104, "continente_id": 8, "vegetacao": "Agricultura e diversos", "grade_wrs": "216_073", "frp": 6.9}, "bbox": [-40.01332, -18.31037, -40.01332, -18.31037]}, {"type": "Feature", "id": "focos_48h_br_todosats.fid--3bf30ddf_19d555fad35_-3b54", "geometry": {"type": "Point", "coordinates": [-47.97847, -19.91994]}, "geometry_name": "geometria", "properties": {"id_foco_bdq": 1812387233, "foco_id": "1b1eccae-59ca-3ff1-976a-c7d8d3e5d902", "longitude": -47.97847, "latitude": -19.91994, "data_hora_gmt": "2026-04-02T16:24:00Z", "data_pas": "2026-04-02", "satelite": "NOAA-21", "municipio": "UBERABA", "estado": "MINAS GERAIS", "pais": "Brasil", "precipitacao": 1.25, "numero_dias_sem_chuva": 2, "risco_fogo": 0.08, "bioma": "Cerrado", "id_0": 33, "id_1": 31, "id_2": 3170107, "continente_id": 8, "vegetacao": "Agricultura e diversos", "grade_wrs": "220_074", "frp": 9.4}, "bbox": [-47.97847, -19.91994, -47.97847, -19.91994]}, {"type": "Feature", "id": "focos_48h_br_todosats.fid--3bf30ddf_19d555fad35_-3b53", "geometry": {"type": "Point", "coordinates": [-39.04988, -16.27722]}, "geometry_name": "geometria", "properties": {"id_foco_bdq": 1812387858, "foco_id": "85de3ab2-8272-33ee-b502-52a7c7be19f7", "longitude": -39.04988, "latitude": -16.27722, "data_hora_gmt": "2026-04-02T16:24:00Z", "data_pas": "2026-04-02", "satelite": "NOAA-21", "municipio": "SANTA CRUZ CABRÁLIA", "estado": "BAHIA", "pais": "Brasil", "precipitacao": 1.4, "numero_dias_sem_chuva": -999, "risco_fogo": 0.02, "bioma": "Mata Atlântica", "id_0": 33, "id_1": 29, "id_2": 2927705, "continente_id": 8, "vegetacao": "Florestas decíduas e sazonais", "grade_wrs": "215_071", "frp": 2.3}, "bbox": [-39.04988, -16.27722, -39.04988, -16.27722]}, {"type": "Feature", "id": "focos_48h_br_todosats.fid--3bf30ddf_19d555fad35_-3b52", "geometry": {"type": "Point", "coordinates": [-48.77838, -19.57433]}, "geometry_name": "geometria", "properties": {"id_foco_bdq": 1812387071, "foco_id": "45a98b07-6778-37b9-9347-f204c8f820ed", "longitude": -48.77838, "latitude": -19.57433, "data_hora_gmt": "2026-04-02T16:24:00Z", "data_pas": "2026-04-02", "satelite": "NOAA-21", "municipio": "PRATA", "estado": "MINAS GERAIS", "pais": "Brasil", "precipitacao": 0.7, "numero_dias_sem_chuva": 2, "risco_fogo": 0.23, "bioma": "Cerrado", "id_0": 33, "id_1": 31, "id_2": 3152808, "continente_id": 8, "vegetacao": "Agricultura e diversos", "grade_wrs": "221_074", "frp": 161.1}, "bbox": [-48.77838, -19.57433, -48.77838, -19.57433]}, {"type": "Feature", "id": "focos_48h_br_todosats.fid--3bf30ddf_19d555fad35_-3b51", "geometry": {"type": "Point", "coordinates": [-47.83613, -19.77794]}, "geometry_name": "geometria", "properties": {"id_foco_bdq": 1812387443, "foco_id": "613908bb-9cf8-3a4a-b57f-a99b99bd3ac3", "longitude": -47.83613, "latitude": -19.77794, "data_hora_gmt": "2026-04-02T16:24:00Z", "data_pas": "2026-04-02", "satelite": "NOAA-21", "municipio": "UBERABA", "estado": "MINAS GERAIS", "pais": "Brasil", "precipitacao": 0.94, "numero_dias_sem_chuva": 0, "risco_fogo": 0.13, "bioma": "Cerrado", "id_0": 33, "id_1": 31, "id_2": 3170107, "continente_id": 8, "vegetacao": "Pastagens e gramíneas", "grade_wrs": "220_074", "frp": 4.4}, "bbox": [-47.83613, -19.77794, -47.83613, -19.77794]}, {"type": "Feature", "id": "focos_48h_br_todosats.fid--3bf30ddf_19d555fad35_-3b50", "geometry": {"type": "Point", "coordinates": [-47.83149, -19.77739]}, "geometry_name": "geometria", "properties": {"id_foco_bdq": 1812387492, "foco_id": "5d5f8734-16b5-3e6b-9d20-d8a594a41ae7", "longitude": -47.83149, "latitude": -19.77739, "data_hora_gmt": "2026-04-02T16:24:00Z", "data_pas": "2026-04-02", "satelite": "NOAA-21", "municipio": "UBERABA", "estado": "MINAS GERAIS", "pais": "Brasil", "precipitacao": 0.98, "numero_dias_sem_chuva": 0, "risco_fogo": 0.09, "bioma": "Cerrado", "id_0": 33, "id_1": 31, "id_2": 3170107, "continente_id": 8, "vegetacao": "Pastagens e gramíneas", "grade_wrs": "220_074", "frp": 4.4}, "bbox": [-47.83149, -19.77739, -47.83149, -19.77739]}, {"type": "Feature", "id": "focos_48h_br_todosats.fid--3bf30ddf_19d555fad35_-3b4f", "geometry": {"type": "Point", "coordinates": [-51.32972, -19.7006]}, "geometry_name": "geometria", "properties": {"id_foco_bdq": 1812387027, "foco_id": "c8157a29-0e38-3663-9d67-8a75844ee8b3", "longitude": -51.32972, "latitude": -19.7006, "data_hora_gmt": "2026-04-02T16:24:00Z", "data_pas": "2026-04-02", "satelite": "NOAA-21", "municipio": "PARANAÍBA", "estado": "MATO GROSSO DO SUL", "pais": "Brasil", "precipitacao": 4.39, "numero_dias_sem_chuva": 6, "risco_fogo": 0.47, "bioma": "Cerrado", "id_0": 33, "id_1": 50, "id_2": 5006309, "continente_id": 8, "vegetacao": "Corpos agua/Solos expostos/Mineracao/Areas urbanas e construidas/neve e gelo", "grade_wrs": "223_074", "frp": 7.2}, "bbox": [-51.32972, -19.7006, -51.32972, -19.7006]}, {"type": "Feature", "id": "focos_48h_br_todosats.fid--3bf30ddf_19d555fad35_-3b4e", "geometry": {"type": "Point", "coordinates": [-54.7218, -18.43557]}, "geometry_name": "geometria", "properties": {"id_foco_bdq": 1812387938, "foco_id": "f2bfc32e-1df6-3db4-ad4d-7914461280a4", "longitude": -54.7218, "latitude": -18.43557, "data_hora_gmt": "2026-04-02T16:24:00Z", "data_pas": "2026-04-02", "satelite": "NOAA-21", "municipio": "COXIM", "estado": "MATO GROSSO DO SUL", "pais": "Brasil", "precipitacao": 0.63, "numero_dias_sem_chuva": 0, "risco_fogo": 0.1, "bioma": "Cerrado", "id_0": 33, "id_1": 50, "id_2": 5003306, "continente_id": 8, "vegetacao": "Savana; Caatinga aberta", "grade_wrs": "225_073", "frp": 9.9}, "bbox": [-54.7218, -18.43557, -54.7218, -18.43557]}, {"type": "Feature", "id": "focos_48h_br_todosats.fid--3bf30ddf_19d555fad35_-3b4d", "geometry": {"type": "Point", "coordinates": [-47.98316, -19.92049]}, "geometry_name": "geometria", "properties": {"id_foco_bdq": 1812387121, "foco_id": "46c43fff-4d0a-3e2d-a2f4-3c864ce6ac0d", "longitude": -47.98316, "latitude": -19.92049, "data_hora_gmt": "2026-04-02T16:24:00Z", "data_pas": "2026-04-02", "satelite": "NOAA-21", "municipio": "UBERABA", "estado": "MINAS GERAIS", "pais": "Brasil", "precipitacao": 1.24, "numero_dias_sem_chuva": 2, "risco_fogo": 0.08, "bioma": "Cerrado", "id_0": 33, "id_1": 31, "id_2": 3170107, "continente_id": 8, "vegetacao": "Agricultura e diversos", "grade_wrs": "220_074", "frp": 9.4}, "bbox": [-47.98316, -19.92049, -47.98316, -19.92049]}, {"type": "Feature", "id": "focos_48h_br_todosats.fid--3bf30ddf_19d555fad35_-3b4c", "geometry": {"type": "Point", "coordinates": [-54.71577, -18.43505]}, "geometry_name": "geometria", "properties": {"id_foco_bdq": 1812388027, "foco_id": "31918ad5-011f-3afc-87a5-786086cb63ec", "longitude": -54.71577, "latitude": -18.43505, "data_hora_gmt": "2026-04-02T16:24:00Z", "data_pas": "2026-04-02", "satelite": "NOAA-21", "municipio": "COXIM", "estado": "MATO GROSSO DO SUL", "pais": "Brasil", "precipitacao": 0.56, "numero_dias_sem_chuva": 0, "risco_fogo": 0.05, "bioma": "Cerrado", "id_0": 33, "id_1": 50, "id_2": 5003306, "continente_id": 8, "vegetacao": "Savana; Caatinga aberta", "grade_wrs": "225_073", "frp": 9.9}, "bbox": [-54.71577, -18.43505, -54.71577, -18.43505]}, {"type": "Feature", "id": "focos_48h_br_todosats.fid--3bf30ddf_19d555fad35_-3b4b", "geometry": {"type": "Point", "coordinates": [-43.76628, -12.50062]}, "geometry_name": "geometria", "properties": {"id_foco_bdq": 1812387384, "foco_id": "1911e459-22e4-3402-8e92-8d9621484879", "longitude": -43.76628, "latitude": -12.50062, "data_hora_gmt": "2026-04-02T16:26:00Z", "data_pas": "2026-04-02", "satelite": "NOAA-21", "municipio": "BREJOLÂNDIA", "estado": "BAHIA", "pais": "Brasil", "precipitacao": 0.42, "numero_dias_sem_chuva": 0, "risco_fogo": 0.11, "bioma": "Cerrado", "id_0": 33, "id_1": 29, "id_2": 2904407, "continente_id": 8, "vegetacao": "Savana arbórea; Caatinga fechada", "grade_wrs": "219_069", "frp": 19.7}, "bbox": [-43.76628, -12.50062, -43.76628, -12.50062]}, {"type": "Feature", "id": "focos_48h_br_todosats.fid--3bf30ddf_19d555fad35_-3b4a", "geometry": {"type": "Point", "coordinates": [-36.30319, -9.83692]}, "geometry_name": "geometria", "properties": {"id_foco_bdq": 1812387259, "foco_id": "bbafa8a9-5573-32fe-9c61-68cf64c4fd9e", "longitude": -36.30319, "latitude": -9.83692, "data_hora_gmt": "2026-04-02T16:26:00Z", "data_pas": "2026-04-02", "satelite": "NOAA-21", "municipio": "CAMPO ALEGRE", "estado": "ALAGOAS", "pais": "Brasil", "precipitacao": 5.57, "numero_dias_sem_chuva": 1, "risco_fogo": 0, "bioma": "Mata Atlântica", "id_0": 33, "id_1": 27, "id_2": 2701407, "continente_id": 8, "vegetacao": "Agricultura e diversos", "grade_wrs": "214_067", "frp": 3.9}, "bbox": [-36.30319, -9.83692, -36.30319, -9.83692]}, {"type": "Feature", "id": "focos_48h_br_todosats.fid--3bf30ddf_19d555fad35_-3b49", "geometry": {"type": "Point", "coordinates": [-37.56618, -9.6264]}, "geometry_name": "geometria", "properties": {"id_foco_bdq": 1812388000, "foco_id": "06473bbf-164a-390c-aa55-b45c423859e2", "longitude": -37.56618, "latitude": -9.6264, "data_hora_gmt": "2026-04-02T16:26:00Z", "data_pas": "2026-04-02", "satelite": "NOAA-21", "municipio": "PÃO DE AÇÚCAR", "estado": "ALAGOAS", "pais": "Brasil", "precipitacao": 7.24, "numero_dias_sem_chuva": 4, "risco_fogo": 0.17, "bioma": "Caatinga", "id_0": 33, "id_1": 27, "id_2": 2706406, "continente_id": 8, "vegetacao": "Pastagens e gramíneas", "grade_wrs": "215_067", "frp": 6.2}, "bbox": [-37.56618, -9.6264, -37.56618, -9.6264]}, {"type": "Feature", "id": "focos_48h_br_todosats.fid--3bf30ddf_19d555fad35_-3b48", "geometry": {"type": "Point", "coordinates": [-41.61884, -12.81388]}, "geometry_name": "geometria", "properties": {"id_foco_bdq": 1812387999, "foco_id": "9911f462-dca2-35dd-97f1-99fc2a003942", "longitude": -41.61884, "latitude": -12.81388, "data_hora_gmt": "2026-04-02T16:26:00Z", "data_pas": "2026-04-02", "satelite": "NOAA-21", "municipio": "MUCUGÊ", "estado": "BAHIA", "pais": "Brasil", "precipitacao": 1.61, "numero_dias_sem_chuva": 0, "risco_fogo": 0.02, "bioma": "Caatinga", "id_0": 33, "id_1": 29, "id_2": 2921906, "continente_id": 8, "vegetacao": "Savana; Caatinga aberta", "grade_wrs": "217_069", "frp": 3.1}, "bbox": [-41.61884, -12.81388, -41.61884, -12.81388]}, {"type": "Feature", "id": "focos_48h_br_todosats.fid--3bf30ddf_19d555fad35_-3b47", "geometry": {"type": "Point", "coordinates": [-43.63797, -12.5019]}, "geometry_name": "geometria", "properties": {"id_foco_bdq": 1812387189, "foco_id": "1c43129f-db54-37c5-b0f3-47622621bbe2", "longitude": -43.63797, "latitude": -12.5019, "data_hora_gmt": "2026-04-02T16:26:00Z", "data_pas": "2026-04-02", "satelite": "NOAA-21", "municipio": "BREJOLÂNDIA", "estado": "BAHIA", "pais": "Brasil", "precipitacao": 0.4, "numero_dias_sem_chuva": 0, "risco_fogo": 0.13, "bioma": "Cerrado", "id_0": 33, "id_1": 29, "id_2": 2904407, "continente_id": 8, "vegetacao": "Savana; Caatinga aberta", "grade_wrs": "219_069", "frp": 10.6}, "bbox": [-43.63797, -12.5019, -43.63797, -12.5019]}, {"type": "Feature", "id": "focos_48h_br_todosats.fid--3bf30ddf_19d555fad35_-3b46", "geometry": {"type": "Point", "coordinates": [-39.09643, -12.14567]}, "geometry_name": "geometria", "properties": {"id_foco_bdq": 1812387998, "foco_id": "ba9d7833-1dcc-38cb-8d8f-5315cb69569c", "longitude": -39.09643, "latitude": -12.14567, "data_hora_gmt": "2026-04-02T16:26:00Z", "data_pas": "2026-04-02", "satelite": "NOAA-21", "municipio": "FEIRA DE SANTANA", "estado": "BAHIA", "pais": "Brasil", "precipitacao": 0.01, "numero_dias_sem_chuva": 0, "risco_fogo": 0.68, "bioma": "Mata Atlântica", "id_0": 33, "id_1": 29, "id_2": 2910800, "continente_id": 8, "vegetacao": "Pastagens e gramíneas", "grade_wrs": "216_068", "frp": 4.4}, "bbox": [-39.09643, -12.14567, -39.09643, -12.14567]}, {"type": "Feature", "id": "focos_48h_br_todosats.fid--3bf30ddf_19d555fad35_-3b45", "geometry": {"type": "Point", "coordinates": [-43.64816, -12.50683]}, "geometry_name": "geometria", "properties": {"id_foco_bdq": 1812387136, "foco_id": "c61c76d4-dc20-3a61-a248-1779623c8dee", "longitude": -43.64816, "latitude": -12.50683, "data_hora_gmt": "2026-04-02T16:26:00Z", "data_pas": "2026-04-02", "satelite": "NOAA-21", "municipio": "BREJOLÂNDIA", "estado": "BAHIA", "pais": "Brasil", "precipitacao": 0.4, "numero_dias_sem_chuva": 0, "risco_fogo": 0.11, "bioma": "Cerrado", "id_0": 33, "id_1": 29, "id_2": 2904407, "continente_id": 8, "vegetacao": "Savana arbórea; Caatinga fechada", "grade_wrs": "219_069", "frp": 4.1}, "bbox": [-43.64816, -12.50683, -43.64816, -12.50683]}, {"type": "Feature", "id": "focos_48h_br_todosats.fid--3bf30ddf_19d555fad35_-3b44", "geometry": {"type": "Point", "coordinates": [-40.42355, -12.341]}, "geometry_name": "geometria", "properties": {"id_foco_bdq": 1812387918, "foco_id": "ee8e8028-933d-33f9-a0b5-77a4a3697d7f", "longitude": -40.42355, "latitude": -12.341, "data_hora_gmt": "2026-04-02T16:26:00Z", "data_pas": "2026-04-02", "satelite": "NOAA-21", "municipio": "ITABERABA", "estado": "BAHIA", "pais": "Brasil", "precipitacao": 0, "numero_dias_sem_chuva": 0, "risco_fogo": 0.3, "bioma": "Caatinga", "id_0": 33, "id_1": 29, "id_2": 2914703, "continente_id": 8, "vegetacao": "Savana; Caatinga aberta", "grade_wrs": "217_068", "frp": 4.7}, "bbox": [-40.42355, -12.341, -40.42355, -12.341]}, {"type": "Feature", "id": "focos_48h_br_todosats.fid--3bf30ddf_19d555fad35_-3b43", "geometry": {"type": "Point", "coordinates": [-42.05465, -12.83106]}, "geometry_name": "geometria", "properties": {"id_foco_bdq": 1812387869, "foco_id": "a5f32510-e789-3117-b85f-a85eb7364abc", "longitude": -42.05465, "latitude": -12.83106, "data_hora_gmt": "2026-04-02T16:26:00Z", "data_pas": "2026-04-02", "satelite": "NOAA-21", "municipio": "NOVO HORIZONTE", "estado": "BAHIA", "pais": "Brasil", "precipitacao": 2.49, "numero_dias_sem_chuva": 0, "risco_fogo": 0.24, "bioma": "Caatinga", "id_0": 33, "id_1": 29, "id_2": 2923035, "continente_id": 8, "vegetacao": "Pastagens e gramíneas", "grade_wrs": "218_069", "frp": 2.1}, "bbox": [-42.05465, -12.83106, -42.05465, -12.83106]}, {"type": "Feature", "id": "focos_48h_br_todosats.fid--3bf30ddf_19d555fad35_-3b42", "geometry": {"type": "Point", "coordinates": [-45.22807, -12.03831]}, "geometry_name": "geometria", "properties": {"id_foco_bdq": 1812387588, "foco_id": "7122d2c5-f916-3c19-8ee4-f09a7cb9e131", "longitude": -45.22807, "latitude": -12.03831, "data_hora_gmt": "2026-04-02T16:26:00Z", "data_pas": "2026-04-02", "satelite": "NOAA-21", "municipio": "BARREIRAS", "estado": "BAHIA", "pais": "Brasil", "precipitacao": 10.94, "numero_dias_sem_chuva": 4, "risco_fogo": 0, "bioma": "Cerrado", "id_0": 33, "id_1": 29, "id_2": 2903201, "continente_id": 8, "vegetacao": "Savana arbórea; Caatinga fechada", "grade_wrs": "220_068", "frp": 13.5}, "bbox": [-45.22807, -12.03831, -45.22807, -12.03831]}, {"type": "Feature", "id": "focos_48h_br_todosats.fid--3bf30ddf_19d555fad35_-3b41", "geometry": {"type": "Point", "coordinates": [-37.56648, -9.62651]}, "geometry_name": "geometria", "properties": {"id_foco_bdq": 1812386898, "foco_id": "9db5a7b1-395c-31be-a9ee-eb958ffe42bd", "longitude": -37.56648, "latitude": -9.62651, "data_hora_gmt": "2026-04-02T16:26:00Z", "data_pas": "2026-04-02", "satelite": "NOAA-21", "municipio": "PÃO DE AÇÚCAR", "estado": "ALAGOAS", "pais": "Brasil", "precipitacao": 7.24, "numero_dias_sem_chuva": 4, "risco_fogo": 0.17, "bioma": "Caatinga", "id_0": 33, "id_1": 27, "id_2": 2706406, "continente_id": 8, "vegetacao": "Pastagens e gramíneas", "grade_wrs": "215_067", "frp": 10.3}, "bbox": [-37.56648, -9.62651, -37.56648, -9.62651]}, {"type": "Feature", "id": "focos_48h_br_todosats.fid--3bf30ddf_19d555fad35_-3b40", "geometry": {"type": "Point", "coordinates": [-45.22768, -12.03605]}, "geometry_name": "geometria", "properties": {"id_foco_bdq": 1812386870, "foco_id": "69a49c1d-e587-3901-b4f7-2e24de35e558", "longitude": -45.22768, "latitude": -12.03605, "data_hora_gmt": "2026-04-02T16:26:00Z", "data_pas": "2026-04-02", "satelite": "NOAA-21", "municipio": "BARREIRAS", "estado": "BAHIA", "pais": "Brasil", "precipitacao": 10.95, "numero_dias_sem_chuva": 4, "risco_fogo": 0, "bioma": "Cerrado", "id_0": 33, "id_1": 29, "id_2": 2903201, "continente_id": 8, "vegetacao": "Savana arbórea; Caatinga fechada", "grade_wrs": "220_068", "frp": 7.5}, "bbox": [-45.22768, -12.03605, -45.22768, -12.03605]}, {"type": "Feature", "id": "focos_48h_br_todosats.fid--3bf30ddf_19d555fad35_-3b3f", "geometry": {"type": "Point", "coordinates": [-36.30494, -9.8372]}, "geometry_name": "geometria", "properties": {"id_foco_bdq": 1812387271, "foco_id": "fa8908c9-deff-3d6d-b7f4-178305c7a2df", "longitude": -36.30494, "latitude": -9.8372, "data_hora_gmt": "2026-04-02T16:26:00Z", "data_pas": "2026-04-02", "satelite": "NOAA-21", "municipio": "CAMPO ALEGRE", "estado": "ALAGOAS", "pais": "Brasil", "precipitacao": 5.55, "numero_dias_sem_chuva": 1, "risco_fogo": 0, "bioma": "Mata Atlântica", "id_0": 33, "id_1": 27, "id_2": 2701407, "continente_id": 8, "vegetacao": "Agricultura e diversos", "grade_wrs": "214_067", "frp": 4.9}, "bbox": [-36.30494, -9.8372, -36.30494, -9.8372]}, {"type": "Feature", "id": "focos_48h_br_todosats.fid--3bf30ddf_19d555fad35_-3b3e", "geometry": {"type": "Point", "coordinates": [-54.11389, -1.94567]}, "geometry_name": "geometria", "properties": {"id_foco_bdq": 1812387576, "foco_id": "8d241201-e145-389a-8a0f-930490033479", "longitude": -54.11389, "latitude": -1.94567, "data_hora_gmt": "2026-04-02T16:28:00Z", "data_pas": "2026-04-02", "satelite": "NOAA-21", "municipio": "MONTE ALEGRE", "estado": "PARÁ", "pais": "Brasil", "precipitacao": 0.8, "numero_dias_sem_chuva": 0, "risco_fogo": 0, "bioma": "Amazônia", "id_0": 33, "id_1": 15, "id_2": 1504802, "continente_id": 8, "vegetacao": "Floresta de contato; Campinarana", "grade_wrs": "227_061", "frp": 10.1}, "bbox": [-54.11389, -1.94567, -54.11389, -1.94567]}, {"type": "Feature", "id": "focos_48h_br_todosats.fid--3bf30ddf_19d555fad35_-3b3d", "geometry": {"type": "Point", "coordinates": [-60.10809, 3.24516]}, "geometry_name": "geometria", "properties": {"id_foco_bdq": 1812387419, "foco_id": "ddbfad93-d791-360f-9abc-c1567b40bae7", "longitude": -60.10809, "latitude": 3.24516, "data_hora_gmt": "2026-04-02T16:30:00Z", "data_pas": "2026-04-02", "satelite": "NOAA-21", "municipio": "BONFIM", "estado": "RORAIMA", "pais": "Brasil", "precipitacao": 0, "numero_dias_sem_chuva": 0, "risco_fogo": 0.04, "bioma": "Amazônia", "id_0": 33, "id_1": 14, "id_2": 1400159, "continente_id": 8, "vegetacao": "Savana; Caatinga aberta", "grade_wrs": "232_058", "frp": 11.4}, "bbox": [-60.10809, 3.24516, -60.10809, 3.24516]}, {"type": "Feature", "id": "focos_48h_br_todosats.fid--3bf30ddf_19d555fad35_-3b3c", "geometry": {"type": "Point", "coordinates": [-60.10679, 3.24861]}, "geometry_name": "geometria", "properties": {"id_foco_bdq": 1812387577, "foco_id": "cff1e298-1582-3a1d-90c1-08865f6f23be", "longitude": -60.10679, "latitude": 3.24861, "data_hora_gmt": "2026-04-02T16:30:00Z", "data_pas": "2026-04-02", "satelite": "NOAA-21", "municipio": "BONFIM", "estado": "RORAIMA", "pais": "Brasil", "precipitacao": 0, "numero_dias_sem_chuva": 0, "risco_fogo": 0.04, "bioma": "Amazônia", "id_0": 33, "id_1": 14, "id_2": 1400159, "continente_id": 8, "vegetacao": "Agricultura e diversos", "grade_wrs": "232_058", "frp": 10.7}, "bbox": [-60.10679, 3.24861, -60.10679, 3.24861]}, {"type": "Feature", "id": "focos_48h_br_todosats.fid--3bf30ddf_19d555fad35_-3b3b", "geometry": {"type": "Point", "coordinates": [-52.0826, -26.74918]}, "geometry_name": "geometria", "properties": {"id_foco_bdq": 1812386405, "foco_id": "76edec62-ab14-3d55-9855-a545c7cfb619", "longitude": -52.0826, "latitude": -26.74918, "data_hora_gmt": "2026-04-02T16:52:00Z", "data_pas": "2026-04-02", "satelite": "NPP-375", "municipio": "VARGEÃO", "estado": "SANTA CATARINA", "pais": "Brasil", "precipitacao": 0.04, "numero_dias_sem_chuva": 4, "risco_fogo": 0.09, "bioma": "Mata Atlântica", "id_0": 33, "id_1": 42, "id_2": 4219101, "continente_id": 8, "vegetacao": "Floresta Ombrófila densa", "grade_wrs": "222_079", "frp": 7.5}, "bbox": [-52.0826, -26.74918, -52.0826, -26.74918]}, {"type": "Feature", "id": "focos_48h_br_todosats.fid--3bf30ddf_19d555fad35_-3b3a", "geometry": {"type": "Point", "coordinates": [-49.39704, -25.26839]}, "geometry_name": "geometria", "properties": {"id_foco_bdq": 1812385308, "foco_id": "d2bbacb9-db0b-3f4c-bbfa-75603cac8381", "longitude": -49.39704, "latitude": -25.26839, "data_hora_gmt": "2026-04-02T16:52:00Z", "data_pas": "2026-04-02", "satelite": "NPP-375", "municipio": "ALMIRANTE TAMANDARÉ", "estado": "PARANÁ", "pais": "Brasil", "precipitacao": 7.34, "numero_dias_sem_chuva": 0, "risco_fogo": 0.03, "bioma": "Mata Atlântica", "id_0": 33, "id_1": 41, "id_2": 4100400, "continente_id": 8, "vegetacao": "Floresta Ombrófila densa", "grade_wrs": "221_077", "frp": 3.4}, "bbox": [-49.39704, -25.26839, -49.39704, -25.26839]}, {"type": "Feature", "id": "focos_48h_br_todosats.fid--3bf30ddf_19d555fad35_-3b39", "geometry": {"type": "Point", "coordinates": [-50.53666, -26.32391]}, "geometry_name": "geometria", "properties": {"id_foco_bdq": 1812386504, "foco_id": "4e54cfc0-6424-39cd-9fbf-d53421445293", "longitude": -50.53666, "latitude": -26.32391, "data_hora_gmt": "2026-04-02T16:52:00Z", "data_pas": "2026-04-02", "satelite": "NPP-375", "municipio": "BELA VISTA DO TOLDO", "estado": "SANTA CATARINA", "pais": "Brasil", "precipitacao": 4.3, "numero_dias_sem_chuva": 0, "risco_fogo": 0.06, "bioma": "Mata Atlântica", "id_0": 33, "id_1": 42, "id_2": 4202131, "continente_id": 8, "vegetacao": "Savana; Caatinga aberta", "grade_wrs": "221_078", "frp": 5.7}, "bbox": [-50.53666, -26.32391, -50.53666, -26.32391]}, {"type": "Feature", "id": "focos_48h_br_todosats.fid--3bf30ddf_19d555fad35_-3b38", "geometry": {"type": "Point", "coordinates": [-51.50499, -29.41129]}, "geometry_name": "geometria", "properties": {"id_foco_bdq": 1812385671, "foco_id": "d4e0bcb3-72b8-35b9-8f7c-c77d4a0c0657", "longitude": -51.50499, "latitude": -29.41129, "data_hora_gmt": "2026-04-02T16:52:00Z", "data_pas": "2026-04-02", "satelite": "NPP-375", "municipio": "SÃO PEDRO DA SERRA", "estado": "RIO GRANDE DO SUL", "pais": "Brasil", "precipitacao": 0, "numero_dias_sem_chuva": 3, "risco_fogo": 0.21, "bioma": "Mata Atlântica", "id_0": 33, "id_1": 43, "id_2": 4319356, "continente_id": 8, "vegetacao": "Floresta Ombrófila densa", "grade_wrs": "221_080", "frp": 3.5}, "bbox": [-51.50499, -29.41129, -51.50499, -29.41129]}, {"type": "Feature", "id": "focos_48h_br_todosats.fid--3bf30ddf_19d555fad35_-3b37", "geometry": {"type": "Point", "coordinates": [-52.02899, -27.01098]}, "geometry_name": "geometria", "properties": {"id_foco_bdq": 1812385924, "foco_id": "ff746d00-3922-3dcf-a4c3-3a6fde961a83", "longitude": -52.02899, "latitude": -27.01098, "data_hora_gmt": "2026-04-02T16:52:00Z", "data_pas": "2026-04-02", "satelite": "NPP-375", "municipio": "LINDÓIA DO SUL", "estado": "SANTA CATARINA", "pais": "Brasil", "precipitacao": 5.63, "numero_dias_sem_chuva": 3, "risco_fogo": 0.02, "bioma": "Mata Atlântica", "id_0": 33, "id_1": 42, "id_2": 4209854, "continente_id": 8, "vegetacao": "Floresta Ombrófila densa", "grade_wrs": "222_079", "frp": 5.7}, "bbox": [-52.02899, -27.01098, -52.02899, -27.01098]}, {"type": "Feature", "id": "focos_48h_br_todosats.fid--3bf30ddf_19d555fad35_-3b36", "geometry": {"type": "Point", "coordinates": [-51.55649, -29.48649]}, "geometry_name": "geometria", "properties": {"id_foco_bdq": 1812386123, "foco_id": "8a8f80f9-d262-3565-a1c3-7aef6b404d3e", "longitude": -51.55649, "latitude": -29.48649, "data_hora_gmt": "2026-04-02T16:52:00Z", "data_pas": "2026-04-02", "satelite": "NPP-375", "municipio": "SALVADOR DO SUL", "estado": "RIO GRANDE DO SUL", "pais": "Brasil", "precipitacao": 0, "numero_dias_sem_chuva": 3, "risco_fogo": 0.19, "bioma": "Mata Atlântica", "id_0": 33, "id_1": 43, "id_2": 4316501, "continente_id": 8, "vegetacao": "Floresta Ombrófila densa", "grade_wrs": "221_080", "frp": 9.5}, "bbox": [-51.55649, -29.48649, -51.55649, -29.48649]}, {"type": "Feature", "id": "focos_48h_br_todosats.fid--3bf30ddf_19d555fad35_-3b35", "geometry": {"type": "Point", "coordinates": [-50.40154, -27.02113]}, "geometry_name": "geometria", "properties": {"id_foco_bdq": 1812385228, "foco_id": "69154a41-7d4b-3ff3-9c62-6dbfe2b3b7eb", "longitude": -50.40154, "latitude": -27.02113, "data_hora_gmt": "2026-04-02T16:52:00Z", "data_pas": "2026-04-02", "satelite": "NPP-375", "municipio": "SANTA CECÍLIA", "estado": "SANTA CATARINA", "pais": "Brasil", "precipitacao": 8.67, "numero_dias_sem_chuva": 0, "risco_fogo": 0.01, "bioma": "Mata Atlântica", "id_0": 33, "id_1": 42, "id_2": 4215505, "continente_id": 8, "vegetacao": "Floresta Ombrófila densa", "grade_wrs": "221_079", "frp": 5.1}, "bbox": [-50.40154, -27.02113, -50.40154, -27.02113]}, {"type": "Feature", "id": "focos_48h_br_todosats.fid--3bf30ddf_19d555fad35_-3b34", "geometry": {"type": "Point", "coordinates": [-50.85426, -30.05843]}, "geometry_name": "geometria", "properties": {"id_foco_bdq": 1812386564, "foco_id": "79ce15b7-68a8-3562-a1a4-052c947ba9d9", "longitude": -50.85426, "latitude": -30.05843, "data_hora_gmt": "2026-04-02T16:52:00Z", "data_pas": "2026-04-02", "satelite": "NPP-375", "municipio": "VIAMÃO", "estado": "RIO GRANDE DO SUL", "pais": "Brasil", "precipitacao": 0, "numero_dias_sem_chuva": 3, "risco_fogo": 0.28, "bioma": "Pampa", "id_0": 33, "id_1": 43, "id_2": 4323002, "continente_id": 8, "vegetacao": "Floresta Ombrófila densa", "grade_wrs": "221_081", "frp": 6.7}, "bbox": [-50.85426, -30.05843, -50.85426, -30.05843]}, {"type": "Feature", "id": "focos_48h_br_todosats.fid--3bf30ddf_19d555fad35_-3b33", "geometry": {"type": "Point", "coordinates": [-50.8862, -25.51413]}, "geometry_name": "geometria", "properties": {"id_foco_bdq": 1812386580, "foco_id": "bf702a7b-7450-3304-b6a2-f130ca4724d6", "longitude": -50.8862, "latitude": -25.51413, "data_hora_gmt": "2026-04-02T16:52:00Z", "data_pas": "2026-04-02", "satelite": "NPP-375", "municipio": "IRATI", "estado": "PARANÁ", "pais": "Brasil", "precipitacao": 7.53, "numero_dias_sem_chuva": 3, "risco_fogo": 0.01, "bioma": "Mata Atlântica", "id_0": 33, "id_1": 41, "id_2": 4110706, "continente_id": 8, "vegetacao": "Florestas decíduas e sazonais", "grade_wrs": "221_078", "frp": 6.2}, "bbox": [-50.8862, -25.51413, -50.8862, -25.51413]}, {"type": "Feature", "id": "focos_48h_br_todosats.fid--3bf30ddf_19d555fad35_-3b32", "geometry": {"type": "Point", "coordinates": [-50.95511, -29.54065]}, "geometry_name": "geometria", "properties": {"id_foco_bdq": 1812386581, "foco_id": "e05ed21b-14bf-3d99-9bbe-709c33df1f37", "longitude": -50.95511, "latitude": -29.54065, "data_hora_gmt": "2026-04-02T16:52:00Z", "data_pas": "2026-04-02", "satelite": "NPP-375", "municipio": "SANTA MARIA DO HERVAL", "estado": "RIO GRANDE DO SUL", "pais": "Brasil", "precipitacao": 0, "numero_dias_sem_chuva": 3, "risco_fogo": 0.26, "bioma": "Mata Atlântica", "id_0": 33, "id_1": 43, "id_2": 4316956, "continente_id": 8, "vegetacao": "Floresta Ombrófila densa", "grade_wrs": "221_080", "frp": 23.7}, "bbox": [-50.95511, -29.54065, -50.95511, -29.54065]}, {"type": "Feature", "id": "focos_48h_br_todosats.fid--3bf30ddf_19d555fad35_-3b31", "geometry": {"type": "Point", "coordinates": [-53.07791, -31.05084]}, "geometry_name": "geometria", "properties": {"id_foco_bdq": 1812386251, "foco_id": "4614165c-8994-32c5-8d72-746ba0c8a332", "longitude": -53.07791, "latitude": -31.05084, "data_hora_gmt": "2026-04-02T16:52:00Z", "data_pas": "2026-04-02", "satelite": "NPP-375", "municipio": "PIRATINI", "estado": "RIO GRANDE DO SUL", "pais": "Brasil", "precipitacao": 0, "numero_dias_sem_chuva": 3, "risco_fogo": 0.34, "bioma": "Pampa", "id_0": 33, "id_1": 43, "id_2": 4314605, "continente_id": 8, "vegetacao": "Floresta de contato; Campinarana", "grade_wrs": "222_082", "frp": 7.5}, "bbox": [-53.07791, -31.05084, -53.07791, -31.05084]}, {"type": "Feature", "id": "focos_48h_br_todosats.fid--3bf30ddf_19d555fad35_-3b30", "geometry": {"type": "Point", "coordinates": [-51.55499, -29.4838]}, "geometry_name": "geometria", "properties": {"id_foco_bdq": 1812385484, "foco_id": "aa458eae-86f3-3810-8159-b433c3e1ac9e", "longitude": -51.55499, "latitude": -29.4838, "data_hora_gmt": "2026-04-02T16:52:00Z", "data_pas": "2026-04-02", "satelite": "NPP-375", "municipio": "SALVADOR DO SUL", "estado": "RIO GRANDE DO SUL", "pais": "Brasil", "precipitacao": 0, "numero_dias_sem_chuva": 3, "risco_fogo": 0.19, "bioma": "Mata Atlântica", "id_0": 33, "id_1": 43, "id_2": 4316501, "continente_id": 8, "vegetacao": "Floresta Ombrófila densa", "grade_wrs": "221_080", "frp": 10.4}, "bbox": [-51.55499, -29.4838, -51.55499, -29.4838]}, {"type": "Feature", "id": "focos_48h_br_todosats.fid--3bf30ddf_19d555fad35_-3b2f", "geometry": {"type": "Point", "coordinates": [-49.99926, -25.43908]}, "geometry_name": "geometria", "properties": {"id_foco_bdq": 1812385558, "foco_id": "a830a3a6-a858-3610-a94e-b38c9b1a2fc5", "longitude": -49.99926, "latitude": -25.43908, "data_hora_gmt": "2026-04-02T16:52:00Z", "data_pas": "2026-04-02", "satelite": "NPP-375", "municipio": "PALMEIRA", "estado": "PARANÁ", "pais": "Brasil", "precipitacao": 0, "numero_dias_sem_chuva": 0, "risco_fogo": -999, "bioma": "Mata Atlântica", "id_0": 33, "id_1": 41, "id_2": 4117701, "continente_id": 8, "vegetacao": "Corpos agua/Solos expostos/Mineracao/Areas urbanas e construidas/neve e gelo", "grade_wrs": "221_078", "frp": 3.6}, "bbox": [-49.99926, -25.43908, -49.99926, -25.43908]}, {"type": "Feature", "id": "focos_48h_br_todosats.fid--3bf30ddf_19d555fad35_-3b2e", "geometry": {"type": "Point", "coordinates": [-51.19591, -29.45128]}, "geometry_name": "geometria", "properties": {"id_foco_bdq": 1812385802, "foco_id": "ff2da817-6f1b-31a1-b335-716a8b839b5a", "longitude": -51.19591, "latitude": -29.45128, "data_hora_gmt": "2026-04-02T16:52:00Z", "data_pas": "2026-04-02", "satelite": "NPP-375", "municipio": "LINHA NOVA", "estado": "RIO GRANDE DO SUL", "pais": "Brasil", "precipitacao": 0, "numero_dias_sem_chuva": 2, "risco_fogo": 0.27, "bioma": "Mata Atlântica", "id_0": 33, "id_1": 43, "id_2": 4311643, "continente_id": 8, "vegetacao": "Floresta Ombrófila densa", "grade_wrs": "221_080", "frp": 3.9}, "bbox": [-51.19591, -29.45128, -51.19591, -29.45128]}, {"type": "Feature", "id": "focos_48h_br_todosats.fid--3bf30ddf_19d555fad35_-3b2d", "geometry": {"type": "Point", "coordinates": [-51.0606, -29.50502]}, "geometry_name": "geometria", "properties": {"id_foco_bdq": 1812386735, "foco_id": "9586714d-c047-36d3-bdeb-3a1ba0c7d73b", "longitude": -51.0606, "latitude": -29.50502, "data_hora_gmt": "2026-04-02T16:52:00Z", "data_pas": "2026-04-02", "satelite": "NPP-375", "municipio": "MORRO REUTER", "estado": "RIO GRANDE DO SUL", "pais": "Brasil", "precipitacao": 0, "numero_dias_sem_chuva": 3, "risco_fogo": 0.26, "bioma": "Mata Atlântica", "id_0": 33, "id_1": 43, "id_2": 4312476, "continente_id": 8, "vegetacao": "Floresta Ombrófila densa", "grade_wrs": "221_080", "frp": 3.1}, "bbox": [-51.0606, -29.50502, -51.0606, -29.50502]}, {"type": "Feature", "id": "focos_48h_br_todosats.fid--3bf30ddf_19d555fad35_-3b2c", "geometry": {"type": "Point", "coordinates": [-50.84998, -30.05798]}, "geometry_name": "geometria", "properties": {"id_foco_bdq": 1812385874, "foco_id": "4292ad62-daa9-3ac3-8d98-4050b9f9b3f0", "longitude": -50.84998, "latitude": -30.05798, "data_hora_gmt": "2026-04-02T16:52:00Z", "data_pas": "2026-04-02", "satelite": "NPP-375", "municipio": "VIAMÃO", "estado": "RIO GRANDE DO SUL", "pais": "Brasil", "precipitacao": 0, "numero_dias_sem_chuva": 3, "risco_fogo": 0.28, "bioma": "Pampa", "id_0": 33, "id_1": 43, "id_2": 4323002, "continente_id": 8, "vegetacao": "Floresta Ombrófila densa", "grade_wrs": "221_081", "frp": 6.7}, "bbox": [-50.84998, -30.05798, -50.84998, -30.05798]}, {"type": "Feature", "id": "focos_48h_br_todosats.fid--3bf30ddf_19d555fad35_-3b2b", "geometry": {"type": "Point", "coordinates": [-49.61438, -26.96459]}, "geometry_name": "geometria", "properties": {"id_foco_bdq": 1812386374, "foco_id": "2a79d8d7-407b-37ee-86f1-ee236b902692", "longitude": -49.61438, "latitude": -26.96459, "data_hora_gmt": "2026-04-02T16:52:00Z", "data_pas": "2026-04-02", "satelite": "NPP-375", "municipio": "JOSÉ BOITEUX", "estado": "SANTA CATARINA", "pais": "Brasil", "precipitacao": 6.1, "numero_dias_sem_chuva": 4, "risco_fogo": 0.07, "bioma": "Mata Atlântica", "id_0": 33, "id_1": 42, "id_2": 4209151, "continente_id": 8, "vegetacao": "Savana arbórea; Caatinga fechada", "grade_wrs": "220_079", "frp": 4.7}, "bbox": [-49.61438, -26.96459, -49.61438, -26.96459]}, {"type": "Feature", "id": "focos_48h_br_todosats.fid--3bf30ddf_19d555fad35_-3b2a", "geometry": {"type": "Point", "coordinates": [-51.19131, -29.4508]}, "geometry_name": "geometria", "properties": {"id_foco_bdq": 1812385378, "foco_id": "e57d1d14-5082-33ee-9b31-b95181bd97c4", "longitude": -51.19131, "latitude": -29.4508, "data_hora_gmt": "2026-04-02T16:52:00Z", "data_pas": "2026-04-02", "satelite": "NPP-375", "municipio": "LINHA NOVA", "estado": "RIO GRANDE DO SUL", "pais": "Brasil", "precipitacao": 0, "numero_dias_sem_chuva": 3, "risco_fogo": 0.27, "bioma": "Mata Atlântica", "id_0": 33, "id_1": 43, "id_2": 4311643, "continente_id": 8, "vegetacao": "Floresta Ombrófila densa", "grade_wrs": "221_080", "frp": 5.4}, "bbox": [-51.19131, -29.4508, -51.19131, -29.4508]}, {"type": "Feature", "id": "focos_48h_br_todosats.fid--3bf30ddf_19d555fad35_-3b29", "geometry": {"type": "Point", "coordinates": [-41.42726, -19.99249]}, "geometry_name": "geometria", "properties": {"id_foco_bdq": 1812385235, "foco_id": "64f7cbed-d3b5-3b88-b56c-8b972646d8a6", "longitude": -41.42726, "latitude": -19.99249, "data_hora_gmt": "2026-04-02T16:54:00Z", "data_pas": "2026-04-02", "satelite": "NPP-375", "municipio": "MUTUM", "estado": "MINAS GERAIS", "pais": "Brasil", "precipitacao": 0, "numero_dias_sem_chuva": 0, "risco_fogo": 0.02, "bioma": "Mata Atlântica", "id_0": 33, "id_1": 31, "id_2": 3144003, "continente_id": 8, "vegetacao": "Florestas decíduas e sazonais", "grade_wrs": "216_074", "frp": 7.3}, "bbox": [-41.42726, -19.99249, -41.42726, -19.99249]}, {"type": "Feature", "id": "focos_48h_br_todosats.fid--3bf30ddf_19d555fad35_-3b28", "geometry": {"type": "Point", "coordinates": [-40.84212, -21.02341]}, "geometry_name": "geometria", "properties": {"id_foco_bdq": 1812386755, "foco_id": "e09dfb34-9750-3c7d-a08f-8cdd32b22116", "longitude": -40.84212, "latitude": -21.02341, "data_hora_gmt": "2026-04-02T16:54:00Z", "data_pas": "2026-04-02", "satelite": "NPP-375", "municipio": "ITAPEMIRIM", "estado": "ESPÍRITO SANTO", "pais": "Brasil", "precipitacao": 0.1, "numero_dias_sem_chuva": -999, "risco_fogo": 0.29, "bioma": "Mata Atlântica", "id_0": 33, "id_1": 32, "id_2": 3202801, "continente_id": 8, "vegetacao": "Pastagens e gramíneas", "grade_wrs": "216_075", "frp": 3.9}, "bbox": [-40.84212, -21.02341, -40.84212, -21.02341]}, {"type": "Feature", "id": "focos_48h_br_todosats.fid--3bf30ddf_19d555fad35_-3b27", "geometry": {"type": "Point", "coordinates": [-51.89986, -24.76226]}, "geometry_name": "geometria", "properties": {"id_foco_bdq": 1812385226, "foco_id": "b5f07a48-15b4-34a3-bb26-9538f0579454", "longitude": -51.89986, "latitude": -24.76226, "data_hora_gmt": "2026-04-02T16:54:00Z", "data_pas": "2026-04-02", "satelite": "NPP-375", "municipio": "PITANGA", "estado": "PARANÁ", "pais": "Brasil", "precipitacao": 0, "numero_dias_sem_chuva": 0, "risco_fogo": 0.36, "bioma": "Mata Atlântica", "id_0": 33, "id_1": 41, "id_2": 4119608, "continente_id": 8, "vegetacao": "Agricultura e diversos", "grade_wrs": "222_077", "frp": 4.8}, "bbox": [-51.89986, -24.76226, -51.89986, -24.76226]}, {"type": "Feature", "id": "focos_48h_br_todosats.fid--3bf30ddf_19d555fad35_-3b26", "geometry": {"type": "Point", "coordinates": [-48.90978, -20.00525]}, "geometry_name": "geometria", "properties": {"id_foco_bdq": 1812385761, "foco_id": "d7a56087-2714-3156-9090-4e19bee69b96", "longitude": -48.90978, "latitude": -20.00525, "data_hora_gmt": "2026-04-02T16:54:00Z", "data_pas": "2026-04-02", "satelite": "NPP-375", "municipio": "FRUTAL", "estado": "MINAS GERAIS", "pais": "Brasil", "precipitacao": 1, "numero_dias_sem_chuva": 1, "risco_fogo": 0.14, "bioma": "Cerrado", "id_0": 33, "id_1": 31, "id_2": 3127107, "continente_id": 8, "vegetacao": "Pastagens e gramíneas", "grade_wrs": "221_074", "frp": 6.1}, "bbox": [-48.90978, -20.00525, -48.90978, -20.00525]}, {"type": "Feature", "id": "focos_48h_br_todosats.fid--3bf30ddf_19d555fad35_-3b25", "geometry": {"type": "Point", "coordinates": [-56.30091, -21.47439]}, "geometry_name": "geometria", "properties": {"id_foco_bdq": 1812385744, "foco_id": "ffdf2891-1e29-3dae-ae85-79155d4ef569", "longitude": -56.30091, "latitude": -21.47439, "data_hora_gmt": "2026-04-02T16:54:00Z", "data_pas": "2026-04-02", "satelite": "NPP-375", "municipio": "JARDIM", "estado": "MATO GROSSO DO SUL", "pais": "Brasil", "precipitacao": 2.33, "numero_dias_sem_chuva": 1, "risco_fogo": 0.11, "bioma": "Cerrado", "id_0": 33, "id_1": 50, "id_2": 5005004, "continente_id": 8, "vegetacao": "Savana; Caatinga aberta", "grade_wrs": "226_075", "frp": 8.3}, "bbox": [-56.30091, -21.47439, -56.30091, -21.47439]}, {"type": "Feature", "id": "focos_48h_br_todosats.fid--3bf30ddf_19d555fad35_-3b24", "geometry": {"type": "Point", "coordinates": [-55.87473, -20.54651]}, "geometry_name": "geometria", "properties": {"id_foco_bdq": 1812385792, "foco_id": "46079aa7-15fe-300c-9bf7-f13e4a2d4245", "longitude": -55.87473, "latitude": -20.54651, "data_hora_gmt": "2026-04-02T16:54:00Z", "data_pas": "2026-04-02", "satelite": "NPP-375", "municipio": "ANASTÁCIO", "estado": "MATO GROSSO DO SUL", "pais": "Brasil", "precipitacao": 0, "numero_dias_sem_chuva": 6, "risco_fogo": 0.77, "bioma": "Cerrado", "id_0": 33, "id_1": 50, "id_2": 5000708, "continente_id": 8, "vegetacao": "Pastagens e gramíneas", "grade_wrs": "225_074", "frp": 13.3}, "bbox": [-55.87473, -20.54651, -55.87473, -20.54651]}, {"type": "Feature", "id": "focos_48h_br_todosats.fid--3bf30ddf_19d555fad35_-3b23", "geometry": {"type": "Point", "coordinates": [-49.87862, -21.89765]}, "geometry_name": "geometria", "properties": {"id_foco_bdq": 1812385694, "foco_id": "dcdd2288-df3c-36c6-a5d5-b011ca556af1", "longitude": -49.87862, "latitude": -21.89765, "data_hora_gmt": "2026-04-02T16:54:00Z", "data_pas": "2026-04-02", "satelite": "NPP-375", "municipio": "GUAIMBÊ", "estado": "SÃO PAULO", "pais": "Brasil", "precipitacao": 0.1, "numero_dias_sem_chuva": 0, "risco_fogo": 0.27, "bioma": "Mata Atlântica", "id_0": 33, "id_1": 35, "id_2": 3517307, "continente_id": 8, "vegetacao": "Pastagens e gramíneas", "grade_wrs": "221_075", "frp": 4.3}, "bbox": [-49.87862, -21.89765, -49.87862, -21.89765]}, {"type": "Feature", "id": "focos_48h_br_todosats.fid--3bf30ddf_19d555fad35_-3b22", "geometry": {"type": "Point", "coordinates": [-51.33151, -19.68833]}, "geometry_name": "geometria", "properties": {"id_foco_bdq": 1812385809, "foco_id": "6bca7db0-7340-33fa-b6f4-54942b307103", "longitude": -51.33151, "latitude": -19.68833, "data_hora_gmt": "2026-04-02T16:54:00Z", "data_pas": "2026-04-02", "satelite": "NPP-375", "municipio": "PARANAÍBA", "estado": "MATO GROSSO DO SUL", "pais": "Brasil", "precipitacao": 4.58, "numero_dias_sem_chuva": 6, "risco_fogo": 0.44, "bioma": "Cerrado", "id_0": 33, "id_1": 50, "id_2": 5006309, "continente_id": 8, "vegetacao": "Pastagens e gramíneas", "grade_wrs": "223_074", "frp": 5.3}, "bbox": [-51.33151, -19.68833, -51.33151, -19.68833]}, {"type": "Feature", "id": "focos_48h_br_todosats.fid--3bf30ddf_19d555fad35_-3b21", "geometry": {"type": "Point", "coordinates": [-48.35167, -18.93473]}, "geometry_name": "geometria", "properties": {"id_foco_bdq": 1812385883, "foco_id": "cb92a2d4-8470-3449-8060-12b885dae44a", "longitude": -48.35167, "latitude": -18.93473, "data_hora_gmt": "2026-04-02T16:54:00Z", "data_pas": "2026-04-02", "satelite": "NPP-375", "municipio": "UBERLÂNDIA", "estado": "MINAS GERAIS", "pais": "Brasil", "precipitacao": 0.52, "numero_dias_sem_chuva": 6, "risco_fogo": 0.31, "bioma": "Cerrado", "id_0": 33, "id_1": 31, "id_2": 3170206, "continente_id": 8, "vegetacao": "Pastagens e gramíneas", "grade_wrs": "221_073", "frp": 2.3}, "bbox": [-48.35167, -18.93473, -48.35167, -18.93473]}, {"type": "Feature", "id": "focos_48h_br_todosats.fid--3bf30ddf_19d555fad35_-3b20", "geometry": {"type": "Point", "coordinates": [-51.33622, -19.68895]}, "geometry_name": "geometria", "properties": {"id_foco_bdq": 1812385884, "foco_id": "2708dd17-2aca-34ad-ab32-0d007659fc76", "longitude": -51.33622, "latitude": -19.68895, "data_hora_gmt": "2026-04-02T16:54:00Z", "data_pas": "2026-04-02", "satelite": "NPP-375", "municipio": "PARANAÍBA", "estado": "MATO GROSSO DO SUL", "pais": "Brasil", "precipitacao": 4.43, "numero_dias_sem_chuva": 6, "risco_fogo": 0.45, "bioma": "Cerrado", "id_0": 33, "id_1": 50, "id_2": 5006309, "continente_id": 8, "vegetacao": "Corpos agua/Solos expostos/Mineracao/Areas urbanas e construidas/neve e gelo", "grade_wrs": "223_074", "frp": 2.5}, "bbox": [-51.33622, -19.68895, -51.33622, -19.68895]}, {"type": "Feature", "id": "focos_48h_br_todosats.fid--3bf30ddf_19d555fad35_-3b1f", "geometry": {"type": "Point", "coordinates": [-41.3299, -21.81271]}, "geometry_name": "geometria", "properties": {"id_foco_bdq": 1812386673, "foco_id": "43405fb5-f041-36e0-934c-c38e15c4a18a", "longitude": -41.3299, "latitude": -21.81271, "data_hora_gmt": "2026-04-02T16:54:00Z", "data_pas": "2026-04-02", "satelite": "NPP-375", "municipio": "CAMPOS DOS GOYTACAZES", "estado": "RIO DE JANEIRO", "pais": "Brasil", "precipitacao": 3.6, "numero_dias_sem_chuva": 2, "risco_fogo": 0.03, "bioma": "Mata Atlântica", "id_0": 33, "id_1": 33, "id_2": 3301009, "continente_id": 8, "vegetacao": "Agricultura e diversos", "grade_wrs": "216_075", "frp": 6.9}, "bbox": [-41.3299, -21.81271, -41.3299, -21.81271]}, {"type": "Feature", "id": "focos_48h_br_todosats.fid--3bf30ddf_19d555fad35_-3b1e", "geometry": {"type": "Point", "coordinates": [-46.29804, -18.99038]}, "geometry_name": "geometria", "properties": {"id_foco_bdq": 1812385944, "foco_id": "d35c1bbe-4aec-3d44-aa95-387d04457a1c", "longitude": -46.29804, "latitude": -18.99038, "data_hora_gmt": "2026-04-02T16:54:00Z", "data_pas": "2026-04-02", "satelite": "NPP-375", "municipio": "CARMO DO PARANAÍBA", "estado": "MINAS GERAIS", "pais": "Brasil", "precipitacao": 6.48, "numero_dias_sem_chuva": 4, "risco_fogo": -999, "bioma": "Cerrado", "id_0": 33, "id_1": 31, "id_2": 3114303, "continente_id": 8, "vegetacao": "Pastagens e gramíneas", "grade_wrs": "219_073", "frp": 4.5}, "bbox": [-46.29804, -18.99038, -46.29804, -18.99038]}, {"type": "Feature", "id": "focos_48h_br_todosats.fid--3bf30ddf_19d555fad35_-3b1d", "geometry": {"type": "Point", "coordinates": [-41.42746, -19.99259]}, "geometry_name": "geometria", "properties": {"id_foco_bdq": 1812385964, "foco_id": "34f8c76a-cc59-34c6-bf20-b4f9710edb58", "longitude": -41.42746, "latitude": -19.99259, "data_hora_gmt": "2026-04-02T16:54:00Z", "data_pas": "2026-04-02", "satelite": "NPP-375", "municipio": "MUTUM", "estado": "MINAS GERAIS", "pais": "Brasil", "precipitacao": 0, "numero_dias_sem_chuva": 0, "risco_fogo": 0.02, "bioma": "Mata Atlântica", "id_0": 33, "id_1": 31, "id_2": 3144003, "continente_id": 8, "vegetacao": "Florestas decíduas e sazonais", "grade_wrs": "216_074", "frp": 9}, "bbox": [-41.42746, -19.99259, -41.42746, -19.99259]}, {"type": "Feature", "id": "focos_48h_br_todosats.fid--3bf30ddf_19d555fad35_-3b1c", "geometry": {"type": "Point", "coordinates": [-47.98256, -19.91783]}, "geometry_name": "geometria", "properties": {"id_foco_bdq": 1812385973, "foco_id": "2153fc73-28c0-398b-bff4-7c7b70658723", "longitude": -47.98256, "latitude": -19.91783, "data_hora_gmt": "2026-04-02T16:54:00Z", "data_pas": "2026-04-02", "satelite": "NPP-375", "municipio": "UBERABA", "estado": "MINAS GERAIS", "pais": "Brasil", "precipitacao": 1.22, "numero_dias_sem_chuva": 2, "risco_fogo": 0.08, "bioma": "Cerrado", "id_0": 33, "id_1": 31, "id_2": 3170107, "continente_id": 8, "vegetacao": "Agricultura e diversos", "grade_wrs": "220_074", "frp": 6.4}, "bbox": [-47.98256, -19.91783, -47.98256, -19.91783]}, {"type": "Feature", "id": "focos_48h_br_todosats.fid--3bf30ddf_19d555fad35_-3b1b", "geometry": {"type": "Point", "coordinates": [-47.98201, -19.92118]}, "geometry_name": "geometria", "properties": {"id_foco_bdq": 1812385549, "foco_id": "62c38b92-55d0-38aa-b1e8-68c9e2c69770", "longitude": -47.98201, "latitude": -19.92118, "data_hora_gmt": "2026-04-02T16:54:00Z", "data_pas": "2026-04-02", "satelite": "NPP-375", "municipio": "UBERABA", "estado": "MINAS GERAIS", "pais": "Brasil", "precipitacao": 1.25, "numero_dias_sem_chuva": 2, "risco_fogo": 0.08, "bioma": "Cerrado", "id_0": 33, "id_1": 31, "id_2": 3170107, "continente_id": 8, "vegetacao": "Agricultura e diversos", "grade_wrs": "220_074", "frp": 6.4}, "bbox": [-47.98201, -19.92118, -47.98201, -19.92118]}, {"type": "Feature", "id": "focos_48h_br_todosats.fid--3bf30ddf_19d555fad35_-3b1a", "geometry": {"type": "Point", "coordinates": [-51.33565, -19.6927]}, "geometry_name": "geometria", "properties": {"id_foco_bdq": 1812385537, "foco_id": "bb111273-7674-3a85-9aed-974b0a6821af", "longitude": -51.33565, "latitude": -19.6927, "data_hora_gmt": "2026-04-02T16:54:00Z", "data_pas": "2026-04-02", "satelite": "NPP-375", "municipio": "PARANAÍBA", "estado": "MATO GROSSO DO SUL", "pais": "Brasil", "precipitacao": 4.37, "numero_dias_sem_chuva": 6, "risco_fogo": 0.46, "bioma": "Cerrado", "id_0": 33, "id_1": 50, "id_2": 5006309, "continente_id": 8, "vegetacao": "Pastagens e gramíneas", "grade_wrs": "223_074", "frp": 7.2}, "bbox": [-51.33565, -19.6927, -51.33565, -19.6927]}, {"type": "Feature", "id": "focos_48h_br_todosats.fid--3bf30ddf_19d555fad35_-3b19", "geometry": {"type": "Point", "coordinates": [-52.68521, -23.03024]}, "geometry_name": "geometria", "properties": {"id_foco_bdq": 1812385494, "foco_id": "a46ac9f7-f68c-349e-865b-45fc56dddde4", "longitude": -52.68521, "latitude": -23.03024, "data_hora_gmt": "2026-04-02T16:54:00Z", "data_pas": "2026-04-02", "satelite": "NPP-375", "municipio": "PARANAVAÍ", "estado": "PARANÁ", "pais": "Brasil", "precipitacao": 1.1, "numero_dias_sem_chuva": 1, "risco_fogo": 0.47, "bioma": "Mata Atlântica", "id_0": 33, "id_1": 41, "id_2": 4118402, "continente_id": 8, "vegetacao": "Agricultura e diversos", "grade_wrs": "223_076", "frp": 22.7}, "bbox": [-52.68521, -23.03024, -52.68521, -23.03024]}, {"type": "Feature", "id": "focos_48h_br_todosats.fid--3bf30ddf_19d555fad35_-3b18", "geometry": {"type": "Point", "coordinates": [-52.68091, -23.02975]}, "geometry_name": "geometria", "properties": {"id_foco_bdq": 1812386152, "foco_id": "9d3d32e7-373e-3738-80a3-988ab66ddd2a", "longitude": -52.68091, "latitude": -23.02975, "data_hora_gmt": "2026-04-02T16:54:00Z", "data_pas": "2026-04-02", "satelite": "NPP-375", "municipio": "PARANAVAÍ", "estado": "PARANÁ", "pais": "Brasil", "precipitacao": 1.07, "numero_dias_sem_chuva": 1, "risco_fogo": 0.4, "bioma": "Mata Atlântica", "id_0": 33, "id_1": 41, "id_2": 4118402, "continente_id": 8, "vegetacao": "Savana; Caatinga aberta", "grade_wrs": "223_076", "frp": 22.7}, "bbox": [-52.68091, -23.02975, -52.68091, -23.02975]}, {"type": "Feature", "id": "focos_48h_br_todosats.fid--3bf30ddf_19d555fad35_-3b17", "geometry": {"type": "Point", "coordinates": [-55.88086, -20.54716]}, "geometry_name": "geometria", "properties": {"id_foco_bdq": 1812386159, "foco_id": "6cbf0ed6-dcda-3c47-b081-6f36c6704b71", "longitude": -55.88086, "latitude": -20.54716, "data_hora_gmt": "2026-04-02T16:54:00Z", "data_pas": "2026-04-02", "satelite": "NPP-375", "municipio": "ANASTÁCIO", "estado": "MATO GROSSO DO SUL", "pais": "Brasil", "precipitacao": 0, "numero_dias_sem_chuva": 6, "risco_fogo": 0.78, "bioma": "Cerrado", "id_0": 33, "id_1": 50, "id_2": 5000708, "continente_id": 8, "vegetacao": "Pastagens e gramíneas", "grade_wrs": "225_074", "frp": 13.3}, "bbox": [-55.88086, -20.54716, -55.88086, -20.54716]}, {"type": "Feature", "id": "focos_48h_br_todosats.fid--3bf30ddf_19d555fad35_-3b16", "geometry": {"type": "Point", "coordinates": [-44.18265, -21.7809]}, "geometry_name": "geometria", "properties": {"id_foco_bdq": 1812386184, "foco_id": "9ba4b260-c051-3b70-8efe-489badd255b3", "longitude": -44.18265, "latitude": -21.7809, "data_hora_gmt": "2026-04-02T16:54:00Z", "data_pas": "2026-04-02", "satelite": "NPP-375", "municipio": "ANDRELÂNDIA", "estado": "MINAS GERAIS", "pais": "Brasil", "precipitacao": 11, "numero_dias_sem_chuva": 8, "risco_fogo": 0, "bioma": "Mata Atlântica", "id_0": 33, "id_1": 31, "id_2": 3102803, "continente_id": 8, "vegetacao": "Savana arbórea; Caatinga fechada", "grade_wrs": "218_075", "frp": 2.3}, "bbox": [-44.18265, -21.7809, -44.18265, -21.7809]}, {"type": "Feature", "id": "focos_48h_br_todosats.fid--3bf30ddf_19d555fad35_-3b15", "geometry": {"type": "Point", "coordinates": [-54.98959, -21.0583]}, "geometry_name": "geometria", "properties": {"id_foco_bdq": 1812386196, "foco_id": "d8bbd351-6092-341b-b959-6b8372e7ebed", "longitude": -54.98959, "latitude": -21.0583, "data_hora_gmt": "2026-04-02T16:54:00Z", "data_pas": "2026-04-02", "satelite": "NPP-375", "municipio": "SIDROLÂNDIA", "estado": "MATO GROSSO DO SUL", "pais": "Brasil", "precipitacao": 0.13, "numero_dias_sem_chuva": 6, "risco_fogo": 0.46, "bioma": "Cerrado", "id_0": 33, "id_1": 50, "id_2": 5007901, "continente_id": 8, "vegetacao": "Agricultura e diversos", "grade_wrs": "225_075", "frp": 10.4}, "bbox": [-54.98959, -21.0583, -54.98959, -21.0583]}, {"type": "Feature", "id": "focos_48h_br_todosats.fid--3bf30ddf_19d555fad35_-3b14", "geometry": {"type": "Point", "coordinates": [-51.32978, -19.69957]}, "geometry_name": "geometria", "properties": {"id_foco_bdq": 1812385025, "foco_id": "939cb3bd-d593-3273-b470-a14c6a404471", "longitude": -51.32978, "latitude": -19.69957, "data_hora_gmt": "2026-04-02T16:54:00Z", "data_pas": "2026-04-02", "satelite": "NPP-375", "municipio": "PARANAÍBA", "estado": "MATO GROSSO DO SUL", "pais": "Brasil", "precipitacao": 4.41, "numero_dias_sem_chuva": 6, "risco_fogo": 0.46, "bioma": "Cerrado", "id_0": 33, "id_1": 50, "id_2": 5006309, "continente_id": 8, "vegetacao": "Pastagens e gramíneas", "grade_wrs": "223_074", "frp": 9.4}, "bbox": [-51.32978, -19.69957, -51.32978, -19.69957]}, {"type": "Feature", "id": "focos_48h_br_todosats.fid--3bf30ddf_19d555fad35_-3b13", "geometry": {"type": "Point", "coordinates": [-52.6846, -23.03448]}, "geometry_name": "geometria", "properties": {"id_foco_bdq": 1812386728, "foco_id": "b1210e31-4093-3c33-9855-18791db7744a", "longitude": -52.6846, "latitude": -23.03448, "data_hora_gmt": "2026-04-02T16:54:00Z", "data_pas": "2026-04-02", "satelite": "NPP-375", "municipio": "PARANAVAÍ", "estado": "PARANÁ", "pais": "Brasil", "precipitacao": 0.96, "numero_dias_sem_chuva": 0, "risco_fogo": 0.56, "bioma": "Mata Atlântica", "id_0": 33, "id_1": 41, "id_2": 4118402, "continente_id": 8, "vegetacao": "Pastagens e gramíneas", "grade_wrs": "223_076", "frp": 22.7}, "bbox": [-52.6846, -23.03448, -52.6846, -23.03448]}, {"type": "Feature", "id": "focos_48h_br_todosats.fid--3bf30ddf_19d555fad35_-3b12", "geometry": {"type": "Point", "coordinates": [-51.32624, -19.69145]}, "geometry_name": "geometria", "properties": {"id_foco_bdq": 1812386331, "foco_id": "5f598b16-427e-35d7-b0af-c147c8a46bb4", "longitude": -51.32624, "latitude": -19.69145, "data_hora_gmt": "2026-04-02T16:54:00Z", "data_pas": "2026-04-02", "satelite": "NPP-375", "municipio": "PARANAÍBA", "estado": "MATO GROSSO DO SUL", "pais": "Brasil", "precipitacao": 4.65, "numero_dias_sem_chuva": 6, "risco_fogo": 0.44, "bioma": "Cerrado", "id_0": 33, "id_1": 50, "id_2": 5006309, "continente_id": 8, "vegetacao": "Pastagens e gramíneas", "grade_wrs": "223_074", "frp": 8.4}, "bbox": [-51.32624, -19.69145, -51.32624, -19.69145]}, {"type": "Feature", "id": "focos_48h_br_todosats.fid--3bf30ddf_19d555fad35_-3b11", "geometry": {"type": "Point", "coordinates": [-52.68028, -23.03399]}, "geometry_name": "geometria", "properties": {"id_foco_bdq": 1812386345, "foco_id": "6e4a83b2-b014-3173-a874-f1e4f67b4bc5", "longitude": -52.68028, "latitude": -23.03399, "data_hora_gmt": "2026-04-02T16:54:00Z", "data_pas": "2026-04-02", "satelite": "NPP-375", "municipio": "PARANAVAÍ", "estado": "PARANÁ", "pais": "Brasil", "precipitacao": 0.94, "numero_dias_sem_chuva": 0, "risco_fogo": 0.67, "bioma": "Mata Atlântica", "id_0": 33, "id_1": 41, "id_2": 4118402, "continente_id": 8, "vegetacao": "Pastagens e gramíneas", "grade_wrs": "223_076", "frp": 22.7}, "bbox": [-52.68028, -23.03399, -52.68028, -23.03399]}, {"type": "Feature", "id": "focos_48h_br_todosats.fid--3bf30ddf_19d555fad35_-3b10", "geometry": {"type": "Point", "coordinates": [-51.3268, -19.68771]}, "geometry_name": "geometria", "properties": {"id_foco_bdq": 1812385362, "foco_id": "a8657db5-3e93-3f7d-be97-d3cded0d7121", "longitude": -51.3268, "latitude": -19.68771, "data_hora_gmt": "2026-04-02T16:54:00Z", "data_pas": "2026-04-02", "satelite": "NPP-375", "municipio": "PARANAÍBA", "estado": "MATO GROSSO DO SUL", "pais": "Brasil", "precipitacao": 4.73, "numero_dias_sem_chuva": 6, "risco_fogo": 0.43, "bioma": "Cerrado", "id_0": 33, "id_1": 50, "id_2": 5006309, "continente_id": 8, "vegetacao": "Pastagens e gramíneas", "grade_wrs": "223_074", "frp": 5.3}, "bbox": [-51.3268, -19.68771, -51.3268, -19.68771]}, {"type": "Feature", "id": "focos_48h_br_todosats.fid--3bf30ddf_19d555fad35_-3b0f", "geometry": {"type": "Point", "coordinates": [-41.16317, -21.87043]}, "geometry_name": "geometria", "properties": {"id_foco_bdq": 1812386769, "foco_id": "7f66e7dd-8cb9-3be5-92d6-ce52ad62f5c2", "longitude": -41.16317, "latitude": -21.87043, "data_hora_gmt": "2026-04-02T16:54:00Z", "data_pas": "2026-04-02", "satelite": "NPP-375", "municipio": "CAMPOS DOS GOYTACAZES", "estado": "RIO DE JANEIRO", "pais": "Brasil", "precipitacao": 1.43, "numero_dias_sem_chuva": 6, "risco_fogo": 0.33, "bioma": "Mata Atlântica", "id_0": 33, "id_1": 33, "id_2": 3301009, "continente_id": 8, "vegetacao": "Pastagens e gramíneas", "grade_wrs": "216_075", "frp": 0.3}, "bbox": [-41.16317, -21.87043, -41.16317, -21.87043]}, {"type": "Feature", "id": "focos_48h_br_todosats.fid--3bf30ddf_19d555fad35_-3b0e", "geometry": {"type": "Point", "coordinates": [-41.33019, -21.81474]}, "geometry_name": "geometria", "properties": {"id_foco_bdq": 1812384973, "foco_id": "d20da665-3cd4-3434-ac3e-f5be2d20b900", "longitude": -41.33019, "latitude": -21.81474, "data_hora_gmt": "2026-04-02T16:54:00Z", "data_pas": "2026-04-02", "satelite": "NPP-375", "municipio": "CAMPOS DOS GOYTACAZES", "estado": "RIO DE JANEIRO", "pais": "Brasil", "precipitacao": 3.6, "numero_dias_sem_chuva": 2, "risco_fogo": 0.03, "bioma": "Mata Atlântica", "id_0": 33, "id_1": 33, "id_2": 3301009, "continente_id": 8, "vegetacao": "Agricultura e diversos", "grade_wrs": "216_075", "frp": 6.6}, "bbox": [-41.33019, -21.81474, -41.33019, -21.81474]}, {"type": "Feature", "id": "focos_48h_br_todosats.fid--3bf30ddf_19d555fad35_-3b0d", "geometry": {"type": "Point", "coordinates": [-45.22702, -12.05336]}, "geometry_name": "geometria", "properties": {"id_foco_bdq": 1812386543, "foco_id": "9b68754d-a3fe-3614-8a6f-504eb4ae082c", "longitude": -45.22702, "latitude": -12.05336, "data_hora_gmt": "2026-04-02T16:56:00Z", "data_pas": "2026-04-02", "satelite": "NPP-375", "municipio": "BARREIRAS", "estado": "BAHIA", "pais": "Brasil", "precipitacao": 11.21, "numero_dias_sem_chuva": 4, "risco_fogo": 0, "bioma": "Cerrado", "id_0": 33, "id_1": 29, "id_2": 2903201, "continente_id": 8, "vegetacao": "Savana arbórea; Caatinga fechada", "grade_wrs": "220_068", "frp": 26.6}, "bbox": [-45.22702, -12.05336, -45.22702, -12.05336]}, {"type": "Feature", "id": "focos_48h_br_todosats.fid--3bf30ddf_19d555fad35_-3b0c", "geometry": {"type": "Point", "coordinates": [-43.76564, -12.49921]}, "geometry_name": "geometria", "properties": {"id_foco_bdq": 1812384989, "foco_id": "9b436a53-4798-3ff8-abc8-a959199e8a03", "longitude": -43.76564, "latitude": -12.49921, "data_hora_gmt": "2026-04-02T16:56:00Z", "data_pas": "2026-04-02", "satelite": "NPP-375", "municipio": "BREJOLÂNDIA", "estado": "BAHIA", "pais": "Brasil", "precipitacao": 0.42, "numero_dias_sem_chuva": 0, "risco_fogo": 0.1, "bioma": "Cerrado", "id_0": 33, "id_1": 29, "id_2": 2904407, "continente_id": 8, "vegetacao": "Savana arbórea; Caatinga fechada", "grade_wrs": "219_069", "frp": 6.4}, "bbox": [-43.76564, -12.49921, -43.76564, -12.49921]}, {"type": "Feature", "id": "focos_48h_br_todosats.fid--3bf30ddf_19d555fad35_-3b0b", "geometry": {"type": "Point", "coordinates": [-43.64745, -12.4866]}, "geometry_name": "geometria", "properties": {"id_foco_bdq": 1812385065, "foco_id": "d866b755-37f8-3c06-9266-1a90f562e492", "longitude": -43.64745, "latitude": -12.4866, "data_hora_gmt": "2026-04-02T16:56:00Z", "data_pas": "2026-04-02", "satelite": "NPP-375", "municipio": "BREJOLÂNDIA", "estado": "BAHIA", "pais": "Brasil", "precipitacao": 0.5, "numero_dias_sem_chuva": 0, "risco_fogo": 0.18, "bioma": "Cerrado", "id_0": 33, "id_1": 29, "id_2": 2904407, "continente_id": 8, "vegetacao": "Savana; Caatinga aberta", "grade_wrs": "219_069", "frp": 7.9}, "bbox": [-43.64745, -12.4866, -43.64745, -12.4866]}, {"type": "Feature", "id": "focos_48h_br_todosats.fid--3bf30ddf_19d555fad35_-3b0a", "geometry": {"type": "Point", "coordinates": [-45.22767, -12.04957]}, "geometry_name": "geometria", "properties": {"id_foco_bdq": 1812385170, "foco_id": "0adff548-062f-31bd-99bf-46450d993055", "longitude": -45.22767, "latitude": -12.04957, "data_hora_gmt": "2026-04-02T16:56:00Z", "data_pas": "2026-04-02", "satelite": "NPP-375", "municipio": "BARREIRAS", "estado": "BAHIA", "pais": "Brasil", "precipitacao": 11.06, "numero_dias_sem_chuva": 4, "risco_fogo": 0, "bioma": "Cerrado", "id_0": 33, "id_1": 29, "id_2": 2903201, "continente_id": 8, "vegetacao": "Savana arbórea; Caatinga fechada", "grade_wrs": "220_068", "frp": 12.3}, "bbox": [-45.22767, -12.04957, -45.22767, -12.04957]}, {"type": "Feature", "id": "focos_48h_br_todosats.fid--3bf30ddf_19d555fad35_-3b09", "geometry": {"type": "Point", "coordinates": [-45.22169, -12.05636]}, "geometry_name": "geometria", "properties": {"id_foco_bdq": 1812385335, "foco_id": "e9191336-947b-326c-b7a4-b89d6b4ac483", "longitude": -45.22169, "latitude": -12.05636, "data_hora_gmt": "2026-04-02T16:56:00Z", "data_pas": "2026-04-02", "satelite": "NPP-375", "municipio": "BARREIRAS", "estado": "BAHIA", "pais": "Brasil", "precipitacao": 11.32, "numero_dias_sem_chuva": 5, "risco_fogo": 0, "bioma": "Cerrado", "id_0": 33, "id_1": 29, "id_2": 2903201, "continente_id": 8, "vegetacao": "Savana; Caatinga aberta", "grade_wrs": "220_068", "frp": 26.6}, "bbox": [-45.22169, -12.05636, -45.22169, -12.05636]}, {"type": "Feature", "id": "focos_48h_br_todosats.fid--3bf30ddf_19d555fad35_-3b08", "geometry": {"type": "Point", "coordinates": [-45.23028, -12.03441]}, "geometry_name": "geometria", "properties": {"id_foco_bdq": 1812385525, "foco_id": "224818e6-acae-3538-b4ce-ca5eb1436258", "longitude": -45.23028, "latitude": -12.03441, "data_hora_gmt": "2026-04-02T16:56:00Z", "data_pas": "2026-04-02", "satelite": "NPP-375", "municipio": "BARREIRAS", "estado": "BAHIA", "pais": "Brasil", "precipitacao": 11.01, "numero_dias_sem_chuva": 4, "risco_fogo": 0, "bioma": "Cerrado", "id_0": 33, "id_1": 29, "id_2": 2903201, "continente_id": 8, "vegetacao": "Savana arbórea; Caatinga fechada", "grade_wrs": "220_068", "frp": 6.2}, "bbox": [-45.23028, -12.03441, -45.23028, -12.03441]}, {"type": "Feature", "id": "focos_48h_br_todosats.fid--3bf30ddf_19d555fad35_-3b07", "geometry": {"type": "Point", "coordinates": [-45.22898, -12.04199]}, "geometry_name": "geometria", "properties": {"id_foco_bdq": 1812385600, "foco_id": "2b1e5d7a-c26a-3288-be14-e99d5ff9dce4", "longitude": -45.22898, "latitude": -12.04199, "data_hora_gmt": "2026-04-02T16:56:00Z", "data_pas": "2026-04-02", "satelite": "NPP-375", "municipio": "BARREIRAS", "estado": "BAHIA", "pais": "Brasil", "precipitacao": 10.92, "numero_dias_sem_chuva": 4, "risco_fogo": 0, "bioma": "Cerrado", "id_0": 33, "id_1": 29, "id_2": 2903201, "continente_id": 8, "vegetacao": "Savana arbórea; Caatinga fechada", "grade_wrs": "220_068", "frp": 9.3}, "bbox": [-45.22898, -12.04199, -45.22898, -12.04199]}, {"type": "Feature", "id": "focos_48h_br_todosats.fid--3bf30ddf_19d555fad35_-3b06", "geometry": {"type": "Point", "coordinates": [-54.71726, -18.43874]}, "geometry_name": "geometria", "properties": {"id_foco_bdq": 1812385601, "foco_id": "c4e1f57c-f83b-332e-bf5f-800472c0d2ec", "longitude": -54.71726, "latitude": -18.43874, "data_hora_gmt": "2026-04-02T16:56:00Z", "data_pas": "2026-04-02", "satelite": "NPP-375", "municipio": "COXIM", "estado": "MATO GROSSO DO SUL", "pais": "Brasil", "precipitacao": 0.61, "numero_dias_sem_chuva": 0, "risco_fogo": 0.12, "bioma": "Cerrado", "id_0": 33, "id_1": 50, "id_2": 5003306, "continente_id": 8, "vegetacao": "Agricultura e diversos", "grade_wrs": "225_073", "frp": 8.7}, "bbox": [-54.71726, -18.43874, -54.71726, -18.43874]}, {"type": "Feature", "id": "focos_48h_br_todosats.fid--3bf30ddf_19d555fad35_-3b05", "geometry": {"type": "Point", "coordinates": [-45.22495, -12.03741]}, "geometry_name": "geometria", "properties": {"id_foco_bdq": 1812385608, "foco_id": "a63893d7-acde-3d60-ba4e-327066fdb9ae", "longitude": -45.22495, "latitude": -12.03741, "data_hora_gmt": "2026-04-02T16:56:00Z", "data_pas": "2026-04-02", "satelite": "NPP-375", "municipio": "BARREIRAS", "estado": "BAHIA", "pais": "Brasil", "precipitacao": 10.89, "numero_dias_sem_chuva": 4, "risco_fogo": 0, "bioma": "Cerrado", "id_0": 33, "id_1": 29, "id_2": 2903201, "continente_id": 8, "vegetacao": "Savana arbórea; Caatinga fechada", "grade_wrs": "220_068", "frp": 9.3}, "bbox": [-45.22495, -12.03741, -45.22495, -12.03741]}, {"type": "Feature", "id": "focos_48h_br_todosats.fid--3bf30ddf_19d555fad35_-3b04", "geometry": {"type": "Point", "coordinates": [-45.2243, -12.0412]}, "geometry_name": "geometria", "properties": {"id_foco_bdq": 1812385723, "foco_id": "64ee7d6a-c93b-3ba7-815a-96842381bfeb", "longitude": -45.2243, "latitude": -12.0412, "data_hora_gmt": "2026-04-02T16:56:00Z", "data_pas": "2026-04-02", "satelite": "NPP-375", "municipio": "BARREIRAS", "estado": "BAHIA", "pais": "Brasil", "precipitacao": 10.86, "numero_dias_sem_chuva": 4, "risco_fogo": 0, "bioma": "Cerrado", "id_0": 33, "id_1": 29, "id_2": 2903201, "continente_id": 8, "vegetacao": "Savana arbórea; Caatinga fechada", "grade_wrs": "220_068", "frp": 9.3}, "bbox": [-45.2243, -12.0412, -45.2243, -12.0412]}, {"type": "Feature", "id": "focos_48h_br_todosats.fid--3bf30ddf_19d555fad35_-3b03", "geometry": {"type": "Point", "coordinates": [-45.22365, -12.04499]}, "geometry_name": "geometria", "properties": {"id_foco_bdq": 1812385734, "foco_id": "7102ea45-015f-3017-91a9-72ba1d0bdcea", "longitude": -45.22365, "latitude": -12.04499, "data_hora_gmt": "2026-04-02T16:56:00Z", "data_pas": "2026-04-02", "satelite": "NPP-375", "municipio": "BARREIRAS", "estado": "BAHIA", "pais": "Brasil", "precipitacao": 10.84, "numero_dias_sem_chuva": 4, "risco_fogo": 0, "bioma": "Cerrado", "id_0": 33, "id_1": 29, "id_2": 2903201, "continente_id": 8, "vegetacao": "Savana arbórea; Caatinga fechada", "grade_wrs": "220_068", "frp": 12.3}, "bbox": [-45.22365, -12.04499, -45.22365, -12.04499]}, {"type": "Feature", "id": "focos_48h_br_todosats.fid--3bf30ddf_19d555fad35_-3b02", "geometry": {"type": "Point", "coordinates": [-43.6442, -12.48521]}, "geometry_name": "geometria", "properties": {"id_foco_bdq": 1812385765, "foco_id": "d2d1edd8-5673-3c7f-869f-542d5e9973c5", "longitude": -43.6442, "latitude": -12.48521, "data_hora_gmt": "2026-04-02T16:56:00Z", "data_pas": "2026-04-02", "satelite": "NPP-375", "municipio": "BREJOLÂNDIA", "estado": "BAHIA", "pais": "Brasil", "precipitacao": 0.5, "numero_dias_sem_chuva": 0, "risco_fogo": 0.33, "bioma": "Cerrado", "id_0": 33, "id_1": 29, "id_2": 2904407, "continente_id": 8, "vegetacao": "Agricultura e diversos", "grade_wrs": "219_069", "frp": 7.2}, "bbox": [-43.6442, -12.48521, -43.6442, -12.48521]}, {"type": "Feature", "id": "focos_48h_br_todosats.fid--3bf30ddf_19d555fad35_-3b01", "geometry": {"type": "Point", "coordinates": [-54.7153, -18.43859]}, "geometry_name": "geometria", "properties": {"id_foco_bdq": 1812385849, "foco_id": "19d1c298-2c2a-37d2-ac35-de624fbc7492", "longitude": -54.7153, "latitude": -18.43859, "data_hora_gmt": "2026-04-02T16:56:00Z", "data_pas": "2026-04-02", "satelite": "NPP-375", "municipio": "COXIM", "estado": "MATO GROSSO DO SUL", "pais": "Brasil", "precipitacao": 0.59, "numero_dias_sem_chuva": 0, "risco_fogo": 0.11, "bioma": "Cerrado", "id_0": 33, "id_1": 50, "id_2": 5003306, "continente_id": 8, "vegetacao": "Savana; Caatinga aberta", "grade_wrs": "225_073", "frp": 7.3}, "bbox": [-54.7153, -18.43859, -54.7153, -18.43859]}, {"type": "Feature", "id": "focos_48h_br_todosats.fid--3bf30ddf_19d555fad35_-3b00", "geometry": {"type": "Point", "coordinates": [-43.76646, -12.49766]}, "geometry_name": "geometria", "properties": {"id_foco_bdq": 1812385910, "foco_id": "8a63f6db-a6f2-3255-ba0a-dbc9f92192fa", "longitude": -43.76646, "latitude": -12.49766, "data_hora_gmt": "2026-04-02T16:56:00Z", "data_pas": "2026-04-02", "satelite": "NPP-375", "municipio": "BREJOLÂNDIA", "estado": "BAHIA", "pais": "Brasil", "precipitacao": 0.42, "numero_dias_sem_chuva": 0, "risco_fogo": 0.1, "bioma": "Cerrado", "id_0": 33, "id_1": 29, "id_2": 2904407, "continente_id": 8, "vegetacao": "Savana arbórea; Caatinga fechada", "grade_wrs": "219_069", "frp": 8.4}, "bbox": [-43.76646, -12.49766, -43.76646, -12.49766]}, {"type": "Feature", "id": "focos_48h_br_todosats.fid--3bf30ddf_19d555fad35_-3aff", "geometry": {"type": "Point", "coordinates": [-45.22234, -12.05257]}, "geometry_name": "geometria", "properties": {"id_foco_bdq": 1812386003, "foco_id": "58f2648b-e2f1-3228-bfc5-5263bc02b6db", "longitude": -45.22234, "latitude": -12.05257, "data_hora_gmt": "2026-04-02T16:56:00Z", "data_pas": "2026-04-02", "satelite": "NPP-375", "municipio": "BARREIRAS", "estado": "BAHIA", "pais": "Brasil", "precipitacao": 11.13, "numero_dias_sem_chuva": 4, "risco_fogo": 0, "bioma": "Cerrado", "id_0": 33, "id_1": 29, "id_2": 2903201, "continente_id": 8, "vegetacao": "Savana arbórea; Caatinga fechada", "grade_wrs": "220_068", "frp": 26.6}, "bbox": [-45.22234, -12.05257, -45.22234, -12.05257]}, {"type": "Feature", "id": "focos_48h_br_todosats.fid--3bf30ddf_19d555fad35_-3afe", "geometry": {"type": "Point", "coordinates": [-58.84748, -14.53802]}, "geometry_name": "geometria", "properties": {"id_foco_bdq": 1812386028, "foco_id": "e5c57979-1789-30fa-bd58-07042bb745b9", "longitude": -58.84748, "latitude": -14.53802, "data_hora_gmt": "2026-04-02T16:56:00Z", "data_pas": "2026-04-02", "satelite": "NPP-375", "municipio": "TANGARÁ DA SERRA", "estado": "MATO GROSSO", "pais": "Brasil", "precipitacao": 6.82, "numero_dias_sem_chuva": 0, "risco_fogo": 0, "bioma": "Cerrado", "id_0": 33, "id_1": 51, "id_2": 5107958, "continente_id": 8, "vegetacao": "Savana; Caatinga aberta", "grade_wrs": "228_070", "frp": 4.5}, "bbox": [-58.84748, -14.53802, -58.84748, -14.53802]}, {"type": "Feature", "id": "focos_48h_br_todosats.fid--3bf30ddf_19d555fad35_-3afd", "geometry": {"type": "Point", "coordinates": [-43.76936, -12.49988]}, "geometry_name": "geometria", "properties": {"id_foco_bdq": 1812386144, "foco_id": "b147bed7-9f0b-3a02-be1b-f5ffb5ca3c6a", "longitude": -43.76936, "latitude": -12.49988, "data_hora_gmt": "2026-04-02T16:56:00Z", "data_pas": "2026-04-02", "satelite": "NPP-375", "municipio": "BREJOLÂNDIA", "estado": "BAHIA", "pais": "Brasil", "precipitacao": 0.4, "numero_dias_sem_chuva": 0, "risco_fogo": 0.1, "bioma": "Cerrado", "id_0": 33, "id_1": 29, "id_2": 2904407, "continente_id": 8, "vegetacao": "Savana; Caatinga aberta", "grade_wrs": "219_069", "frp": 6.4}, "bbox": [-43.76936, -12.49988, -43.76936, -12.49988]}, {"type": "Feature", "id": "focos_48h_br_todosats.fid--3bf30ddf_19d555fad35_-3afc", "geometry": {"type": "Point", "coordinates": [-36.89766, -9.59178]}, "geometry_name": "geometria", "properties": {"id_foco_bdq": 1812386175, "foco_id": "4d2d3d6b-75a9-3170-8aee-3b7c574552ce", "longitude": -36.89766, "latitude": -9.59178, "data_hora_gmt": "2026-04-02T16:56:00Z", "data_pas": "2026-04-02", "satelite": "NPP-375", "municipio": "MAJOR ISIDORO", "estado": "ALAGOAS", "pais": "Brasil", "precipitacao": 9.21, "numero_dias_sem_chuva": 0, "risco_fogo": 0.02, "bioma": "Caatinga", "id_0": 33, "id_1": 27, "id_2": 2704401, "continente_id": 8, "vegetacao": "Pastagens e gramíneas", "grade_wrs": "215_067", "frp": 3.3}, "bbox": [-36.89766, -9.59178, -36.89766, -9.59178]}, {"type": "Feature", "id": "focos_48h_br_todosats.fid--3bf30ddf_19d555fad35_-3afb", "geometry": {"type": "Point", "coordinates": [-54.71783, -18.43419]}, "geometry_name": "geometria", "properties": {"id_foco_bdq": 1812386282, "foco_id": "6e79af97-9eb5-3279-809e-d61b8049659f", "longitude": -54.71783, "latitude": -18.43419, "data_hora_gmt": "2026-04-02T16:56:00Z", "data_pas": "2026-04-02", "satelite": "NPP-375", "municipio": "COXIM", "estado": "MATO GROSSO DO SUL", "pais": "Brasil", "precipitacao": 0.58, "numero_dias_sem_chuva": 0, "risco_fogo": 0.05, "bioma": "Cerrado", "id_0": 33, "id_1": 50, "id_2": 5003306, "continente_id": 8, "vegetacao": "Savana arbórea; Caatinga fechada", "grade_wrs": "225_073", "frp": 8.7}, "bbox": [-54.71783, -18.43419, -54.71783, -18.43419]}, {"type": "Feature", "id": "focos_48h_br_todosats.fid--3bf30ddf_19d555fad35_-3afa", "geometry": {"type": "Point", "coordinates": [-53.78321, -17.34259]}, "geometry_name": "geometria", "properties": {"id_foco_bdq": 1812386318, "foco_id": "33210d7f-6ddb-3832-be5d-37adbeafd66e", "longitude": -53.78321, "latitude": -17.34259, "data_hora_gmt": "2026-04-02T16:56:00Z", "data_pas": "2026-04-02", "satelite": "NPP-375", "municipio": "SONORA", "estado": "MATO GROSSO DO SUL", "pais": "Brasil", "precipitacao": 7.43, "numero_dias_sem_chuva": 4, "risco_fogo": 0.03, "bioma": "Cerrado", "id_0": 33, "id_1": 50, "id_2": 5007935, "continente_id": 8, "vegetacao": "Pastagens e gramíneas", "grade_wrs": "225_072", "frp": 5.4}, "bbox": [-53.78321, -17.34259, -53.78321, -17.34259]}, {"type": "Feature", "id": "focos_48h_br_todosats.fid--3bf30ddf_19d555fad35_-3af9", "geometry": {"type": "Point", "coordinates": [-54.71586, -18.43404]}, "geometry_name": "geometria", "properties": {"id_foco_bdq": 1812386378, "foco_id": "d8597e18-df66-33fd-889f-ef74a63d929c", "longitude": -54.71586, "latitude": -18.43404, "data_hora_gmt": "2026-04-02T16:56:00Z", "data_pas": "2026-04-02", "satelite": "NPP-375", "municipio": "COXIM", "estado": "MATO GROSSO DO SUL", "pais": "Brasil", "precipitacao": 0.56, "numero_dias_sem_chuva": 0, "risco_fogo": 0.05, "bioma": "Cerrado", "id_0": 33, "id_1": 50, "id_2": 5003306, "continente_id": 8, "vegetacao": "Savana arbórea; Caatinga fechada", "grade_wrs": "225_073", "frp": 5.4}, "bbox": [-54.71586, -18.43404, -54.71586, -18.43404]}, {"type": "Feature", "id": "focos_48h_br_todosats.fid--3bf30ddf_19d555fad35_-3af8", "geometry": {"type": "Point", "coordinates": [-45.223, -12.04878]}, "geometry_name": "geometria", "properties": {"id_foco_bdq": 1812386526, "foco_id": "9dfa5a80-6643-3512-a81b-e3fcc6dd66c0", "longitude": -45.223, "latitude": -12.04878, "data_hora_gmt": "2026-04-02T16:56:00Z", "data_pas": "2026-04-02", "satelite": "NPP-375", "municipio": "BARREIRAS", "estado": "BAHIA", "pais": "Brasil", "precipitacao": 10.98, "numero_dias_sem_chuva": 4, "risco_fogo": 0, "bioma": "Cerrado", "id_0": 33, "id_1": 29, "id_2": 2903201, "continente_id": 8, "vegetacao": "Savana arbórea; Caatinga fechada", "grade_wrs": "220_068", "frp": 12.3}, "bbox": [-45.223, -12.04878, -45.223, -12.04878]}, {"type": "Feature", "id": "focos_48h_br_todosats.fid--3bf30ddf_19d555fad35_-3af7", "geometry": {"type": "Point", "coordinates": [-40.42423, -12.34609]}, "geometry_name": "geometria", "properties": {"id_foco_bdq": 1812386535, "foco_id": "051802ff-371e-3cb5-87cc-29f10711604b", "longitude": -40.42423, "latitude": -12.34609, "data_hora_gmt": "2026-04-02T16:56:00Z", "data_pas": "2026-04-02", "satelite": "NPP-375", "municipio": "ITABERABA", "estado": "BAHIA", "pais": "Brasil", "precipitacao": 0, "numero_dias_sem_chuva": 0, "risco_fogo": 0.16, "bioma": "Caatinga", "id_0": 33, "id_1": 29, "id_2": 2914703, "continente_id": 8, "vegetacao": "Savana arbórea; Caatinga fechada", "grade_wrs": "217_068", "frp": 2.7}, "bbox": [-40.42423, -12.34609, -40.42423, -12.34609]}, {"type": "Feature", "id": "focos_48h_br_todosats.fid--3bf30ddf_19d555fad35_-3af6", "geometry": {"type": "Point", "coordinates": [-54.72055, -18.43457]}, "geometry_name": "geometria", "properties": {"id_foco_bdq": 1812386606, "foco_id": "7f30fe9f-7571-37b7-b928-b1833d829c06", "longitude": -54.72055, "latitude": -18.43457, "data_hora_gmt": "2026-04-02T16:56:00Z", "data_pas": "2026-04-02", "satelite": "NPP-375", "municipio": "COXIM", "estado": "MATO GROSSO DO SUL", "pais": "Brasil", "precipitacao": 0.61, "numero_dias_sem_chuva": 0, "risco_fogo": 0.07, "bioma": "Cerrado", "id_0": 33, "id_1": 50, "id_2": 5003306, "continente_id": 8, "vegetacao": "Savana; Caatinga aberta", "grade_wrs": "225_073", "frp": 5.4}, "bbox": [-54.72055, -18.43457, -54.72055, -18.43457]}, {"type": "Feature", "id": "focos_48h_br_todosats.fid--3bf30ddf_19d555fad35_-3af5", "geometry": {"type": "Point", "coordinates": [-45.22832, -12.04578]}, "geometry_name": "geometria", "properties": {"id_foco_bdq": 1812386618, "foco_id": "54c5889f-9f95-3e81-9d94-b5a66b893af0", "longitude": -45.22832, "latitude": -12.04578, "data_hora_gmt": "2026-04-02T16:56:00Z", "data_pas": "2026-04-02", "satelite": "NPP-375", "municipio": "BARREIRAS", "estado": "BAHIA", "pais": "Brasil", "precipitacao": 10.92, "numero_dias_sem_chuva": 4, "risco_fogo": 0, "bioma": "Cerrado", "id_0": 33, "id_1": 29, "id_2": 2903201, "continente_id": 8, "vegetacao": "Savana arbórea; Caatinga fechada", "grade_wrs": "220_068", "frp": 12.3}, "bbox": [-45.22832, -12.04578, -45.22832, -12.04578]}, {"type": "Feature", "id": "focos_48h_br_todosats.fid--3bf30ddf_19d555fad35_-3af4", "geometry": {"type": "Point", "coordinates": [-45.22963, -12.0382]}, "geometry_name": "geometria", "properties": {"id_foco_bdq": 1812386681, "foco_id": "6ad3d6a3-2529-31c0-84e5-a5d57a001409", "longitude": -45.22963, "latitude": -12.0382, "data_hora_gmt": "2026-04-02T16:56:00Z", "data_pas": "2026-04-02", "satelite": "NPP-375", "municipio": "BARREIRAS", "estado": "BAHIA", "pais": "Brasil", "precipitacao": 10.97, "numero_dias_sem_chuva": 4, "risco_fogo": 0, "bioma": "Cerrado", "id_0": 33, "id_1": 29, "id_2": 2903201, "continente_id": 8, "vegetacao": "Savana arbórea; Caatinga fechada", "grade_wrs": "220_068", "frp": 9.3}, "bbox": [-45.22963, -12.0382, -45.22963, -12.0382]}, {"type": "Feature", "id": "focos_48h_br_todosats.fid--3bf30ddf_19d555fad35_-3af3", "geometry": {"type": "Point", "coordinates": [-58.82347, -14.54339]}, "geometry_name": "geometria", "properties": {"id_foco_bdq": 1812386805, "foco_id": "6fab28aa-8da0-365a-a52d-51a062a191e3", "longitude": -58.82347, "latitude": -14.54339, "data_hora_gmt": "2026-04-02T16:56:00Z", "data_pas": "2026-04-02", "satelite": "NPP-375", "municipio": "TANGARÁ DA SERRA", "estado": "MATO GROSSO", "pais": "Brasil", "precipitacao": 5.67, "numero_dias_sem_chuva": 0, "risco_fogo": 0.01, "bioma": "Cerrado", "id_0": 33, "id_1": 51, "id_2": 5107958, "continente_id": 8, "vegetacao": "Savana; Caatinga aberta", "grade_wrs": "228_070", "frp": 3.3}, "bbox": [-58.82347, -14.54339, -58.82347, -14.54339]}, {"type": "Feature", "id": "focos_48h_br_todosats.fid--3bf30ddf_19d555fad35_-3af2", "geometry": {"type": "Point", "coordinates": [-55.99684, -9.45297]}, "geometry_name": "geometria", "properties": {"id_foco_bdq": 1812385631, "foco_id": "c91e33ee-9ee0-3420-923f-158bae9ec086", "longitude": -55.99684, "latitude": -9.45297, "data_hora_gmt": "2026-04-02T16:58:00Z", "data_pas": "2026-04-02", "satelite": "NPP-375", "municipio": "ALTA FLORESTA", "estado": "MATO GROSSO", "pais": "Brasil", "precipitacao": 3.85, "numero_dias_sem_chuva": 0, "risco_fogo": 0.01, "bioma": "Amazônia", "id_0": 33, "id_1": 51, "id_2": 5100250, "continente_id": 8, "vegetacao": "Agricultura e diversos", "grade_wrs": "227_067", "frp": 6.8}, "bbox": [-55.99684, -9.45297, -55.99684, -9.45297]}, {"type": "Feature", "id": "focos_48h_br_todosats.fid--3bf30ddf_19d555fad35_-3af1", "geometry": {"type": "Point", "coordinates": [-55.93333, -9.45318]}, "geometry_name": "geometria", "properties": {"id_foco_bdq": 1812386538, "foco_id": "d9ba8c61-4efa-34a6-9695-06c66f3cd15b", "longitude": -55.93333, "latitude": -9.45318, "data_hora_gmt": "2026-04-02T16:58:00Z", "data_pas": "2026-04-02", "satelite": "NPP-375", "municipio": "ALTA FLORESTA", "estado": "MATO GROSSO", "pais": "Brasil", "precipitacao": 3.46, "numero_dias_sem_chuva": 0, "risco_fogo": 0.01, "bioma": "Amazônia", "id_0": 33, "id_1": 51, "id_2": 5100250, "continente_id": 8, "vegetacao": "Pastagens e gramíneas", "grade_wrs": "227_067", "frp": 8.3}, "bbox": [-55.93333, -9.45318, -55.93333, -9.45318]}, {"type": "Feature", "id": "focos_48h_br_todosats.fid--3bf30ddf_19d555fad35_-3af0", "geometry": {"type": "Point", "coordinates": [-55.93273, -9.45752]}, "geometry_name": "geometria", "properties": {"id_foco_bdq": 1812386705, "foco_id": "4fd7fc6a-36c6-3044-8a2b-778073f36c1b", "longitude": -55.93273, "latitude": -9.45752, "data_hora_gmt": "2026-04-02T16:58:00Z", "data_pas": "2026-04-02", "satelite": "NPP-375", "municipio": "ALTA FLORESTA", "estado": "MATO GROSSO", "pais": "Brasil", "precipitacao": 3.47, "numero_dias_sem_chuva": 0, "risco_fogo": 0.01, "bioma": "Amazônia", "id_0": 33, "id_1": 51, "id_2": 5100250, "continente_id": 8, "vegetacao": "Agricultura e diversos", "grade_wrs": "227_067", "frp": 9.4}, "bbox": [-55.93273, -9.45752, -55.93273, -9.45752]}, {"type": "Feature", "id": "focos_48h_br_todosats.fid--3bf30ddf_19d555fad35_-3aef", "geometry": {"type": "Point", "coordinates": [-54.84168, -2.36947]}, "geometry_name": "geometria", "properties": {"id_foco_bdq": 1812384988, "foco_id": "0df7c030-b0e8-3f4e-a822-05bdd4ad4f84", "longitude": -54.84168, "latitude": -2.36947, "data_hora_gmt": "2026-04-02T17:00:00Z", "data_pas": "2026-04-02", "satelite": "NPP-375", "municipio": "SANTARÉM", "estado": "PARÁ", "pais": "Brasil", "precipitacao": 1.74, "numero_dias_sem_chuva": 0, "risco_fogo": -999, "bioma": "Amazônia", "id_0": 33, "id_1": 15, "id_2": 1506807, "continente_id": 8, "vegetacao": "Corpos agua/Solos expostos/Mineracao/Areas urbanas e construidas/neve e gelo", "grade_wrs": "227_062", "frp": 2.2}, "bbox": [-54.84168, -2.36947, -54.84168, -2.36947]}, {"type": "Feature", "id": "focos_48h_br_todosats.fid--3bf30ddf_19d555fad35_-3aee", "geometry": {"type": "Point", "coordinates": [-60.75935, 1.40652]}, "geometry_name": "geometria", "properties": {"id_foco_bdq": 1812385344, "foco_id": "dc41e6e2-2178-36b9-861a-5df1dc2d1243", "longitude": -60.75935, "latitude": 1.40652, "data_hora_gmt": "2026-04-02T17:00:00Z", "data_pas": "2026-04-02", "satelite": "NPP-375", "municipio": "CARACARAÍ", "estado": "RORAIMA", "pais": "Brasil", "precipitacao": 0.4, "numero_dias_sem_chuva": 0, "risco_fogo": 0.04, "bioma": "Amazônia", "id_0": 33, "id_1": 14, "id_2": 1400209, "continente_id": 8, "vegetacao": "Floresta Ombrófila densa", "grade_wrs": "232_059", "frp": 2.4}, "bbox": [-60.75935, 1.40652, -60.75935, 1.40652]}, {"type": "Feature", "id": "focos_48h_br_todosats.fid--3bf30ddf_19d555fad35_-3aed", "geometry": {"type": "Point", "coordinates": [-60.6589, 1.30449]}, "geometry_name": "geometria", "properties": {"id_foco_bdq": 1812386723, "foco_id": "09a707a5-8235-3497-846d-332ee76849be", "longitude": -60.6589, "latitude": 1.30449, "data_hora_gmt": "2026-04-02T17:00:00Z", "data_pas": "2026-04-02", "satelite": "NPP-375", "municipio": "CARACARAÍ", "estado": "RORAIMA", "pais": "Brasil", "precipitacao": 0.1, "numero_dias_sem_chuva": 2, "risco_fogo": 0.05, "bioma": "Amazônia", "id_0": 33, "id_1": 14, "id_2": 1400209, "continente_id": 8, "vegetacao": "Floresta Ombrófila densa", "grade_wrs": "232_059", "frp": 2.7}, "bbox": [-60.6589, 1.30449, -60.6589, 1.30449]}, {"type": "Feature", "id": "focos_48h_br_todosats.fid--3bf30ddf_19d555fad35_-3aec", "geometry": {"type": "Point", "coordinates": [-60.64937, 1.32167]}, "geometry_name": "geometria", "properties": {"id_foco_bdq": 1812386675, "foco_id": "e08122a6-07b3-318a-8dd6-8fdc12f9487f", "longitude": -60.64937, "latitude": 1.32167, "data_hora_gmt": "2026-04-02T17:00:00Z", "data_pas": "2026-04-02", "satelite": "NPP-375", "municipio": "CARACARAÍ", "estado": "RORAIMA", "pais": "Brasil", "precipitacao": 0.1, "numero_dias_sem_chuva": 2, "risco_fogo": 0.04, "bioma": "Amazônia", "id_0": 33, "id_1": 14, "id_2": 1400209, "continente_id": 8, "vegetacao": "Floresta Ombrófila densa", "grade_wrs": "232_059", "frp": 5.7}, "bbox": [-60.64937, 1.32167, -60.64937, 1.32167]}, {"type": "Feature", "id": "focos_48h_br_todosats.fid--3bf30ddf_19d555fad35_-3aeb", "geometry": {"type": "Point", "coordinates": [-60.40911, 0.96694]}, "geometry_name": "geometria", "properties": {"id_foco_bdq": 1812386258, "foco_id": "c51f79c6-7e3c-3abd-926b-2a8eb0ea2596", "longitude": -60.40911, "latitude": 0.96694, "data_hora_gmt": "2026-04-02T17:00:00Z", "data_pas": "2026-04-02", "satelite": "NPP-375", "municipio": "RORAINÓPOLIS", "estado": "RORAIMA", "pais": "Brasil", "precipitacao": 0.02, "numero_dias_sem_chuva": 0, "risco_fogo": 0.49, "bioma": "Amazônia", "id_0": 33, "id_1": 14, "id_2": 1400472, "continente_id": 8, "vegetacao": "Pastagens e gramíneas", "grade_wrs": "231_059", "frp": 4.1}, "bbox": [-60.40911, 0.96694, -60.40911, 0.96694]}, {"type": "Feature", "id": "focos_48h_br_todosats.fid--3bf30ddf_19d555fad35_-3aea", "geometry": {"type": "Point", "coordinates": [-60.65231, 1.3212]}, "geometry_name": "geometria", "properties": {"id_foco_bdq": 1812386217, "foco_id": "f4e475b9-f4d8-3069-960a-bc92a8a32a22", "longitude": -60.65231, "latitude": 1.3212, "data_hora_gmt": "2026-04-02T17:00:00Z", "data_pas": "2026-04-02", "satelite": "NPP-375", "municipio": "CARACARAÍ", "estado": "RORAIMA", "pais": "Brasil", "precipitacao": 0.1, "numero_dias_sem_chuva": 2, "risco_fogo": 0.04, "bioma": "Amazônia", "id_0": 33, "id_1": 14, "id_2": 1400209, "continente_id": 8, "vegetacao": "Floresta Ombrófila densa", "grade_wrs": "232_059", "frp": 5.7}, "bbox": [-60.65231, 1.3212, -60.65231, 1.3212]}, {"type": "Feature", "id": "focos_48h_br_todosats.fid--3bf30ddf_19d555fad35_-3ae9", "geometry": {"type": "Point", "coordinates": [-60.55805, 0.58618]}, "geometry_name": "geometria", "properties": {"id_foco_bdq": 1812385573, "foco_id": "86855fc5-3638-3b7b-9cf2-99b16171bc70", "longitude": -60.55805, "latitude": 0.58618, "data_hora_gmt": "2026-04-02T17:00:00Z", "data_pas": "2026-04-02", "satelite": "NPP-375", "municipio": "RORAINÓPOLIS", "estado": "RORAIMA", "pais": "Brasil", "precipitacao": 0.1, "numero_dias_sem_chuva": 0, "risco_fogo": 0.02, "bioma": "Amazônia", "id_0": 33, "id_1": 14, "id_2": 1400472, "continente_id": 8, "vegetacao": "Pastagens e gramíneas", "grade_wrs": "231_060", "frp": 2.6}, "bbox": [-60.55805, 0.58618, -60.55805, 0.58618]}, {"type": "Feature", "id": "focos_48h_br_todosats.fid--3bf30ddf_19d555fad35_-3ae8", "geometry": {"type": "Point", "coordinates": [-60.65594, 1.30497]}, "geometry_name": "geometria", "properties": {"id_foco_bdq": 1812385438, "foco_id": "a58a1f18-b712-3c5e-9e49-63a73fcb789f", "longitude": -60.65594, "latitude": 1.30497, "data_hora_gmt": "2026-04-02T17:00:00Z", "data_pas": "2026-04-02", "satelite": "NPP-375", "municipio": "CARACARAÍ", "estado": "RORAIMA", "pais": "Brasil", "precipitacao": 0.1, "numero_dias_sem_chuva": 2, "risco_fogo": 0.05, "bioma": "Amazônia", "id_0": 33, "id_1": 14, "id_2": 1400209, "continente_id": 8, "vegetacao": "Floresta Ombrófila densa", "grade_wrs": "232_059", "frp": 6.9}, "bbox": [-60.65594, 1.30497, -60.65594, 1.30497]}, {"type": "Feature", "id": "focos_48h_br_todosats.fid--3bf30ddf_19d555fad35_-3ae7", "geometry": {"type": "Point", "coordinates": [-60.39354, 1.58718]}, "geometry_name": "geometria", "properties": {"id_foco_bdq": 1812386761, "foco_id": "ef037bb0-3434-39eb-8319-618fad2585fd", "longitude": -60.39354, "latitude": 1.58718, "data_hora_gmt": "2026-04-02T17:02:00Z", "data_pas": "2026-04-02", "satelite": "NPP-375", "municipio": "CARACARAÍ", "estado": "RORAIMA", "pais": "Brasil", "precipitacao": 0.14, "numero_dias_sem_chuva": 2, "risco_fogo": 0.09, "bioma": "Amazônia", "id_0": 33, "id_1": 14, "id_2": 1400209, "continente_id": 8, "vegetacao": "Floresta Ombrófila densa", "grade_wrs": "231_059", "frp": 6.4}, "bbox": [-60.39354, 1.58718, -60.39354, 1.58718]}, {"type": "Feature", "id": "focos_48h_br_todosats.fid--3bf30ddf_19d555fad35_-3ae6", "geometry": {"type": "Point", "coordinates": [-61.35096, 1.93817]}, "geometry_name": "geometria", "properties": {"id_foco_bdq": 1812386121, "foco_id": "e9f88b93-a4ac-3e9d-95a6-5270b21366c3", "longitude": -61.35096, "latitude": 1.93817, "data_hora_gmt": "2026-04-02T17:02:00Z", "data_pas": "2026-04-02", "satelite": "NPP-375", "municipio": "CARACARAÍ", "estado": "RORAIMA", "pais": "Brasil", "precipitacao": 0, "numero_dias_sem_chuva": 0, "risco_fogo": 0.13, "bioma": "Amazônia", "id_0": 33, "id_1": 14, "id_2": 1400209, "continente_id": 8, "vegetacao": "Floresta Ombrófila densa", "grade_wrs": "232_059", "frp": 4.2}, "bbox": [-61.35096, 1.93817, -61.35096, 1.93817]}, {"type": "Feature", "id": "focos_48h_br_todosats.fid--3bf30ddf_19d555fad35_-3ae5", "geometry": {"type": "Point", "coordinates": [-60.1038, 3.24475]}, "geometry_name": "geometria", "properties": {"id_foco_bdq": 1812386020, "foco_id": "a9831c18-3afe-3c3e-897a-128d5a202a3b", "longitude": -60.1038, "latitude": 3.24475, "data_hora_gmt": "2026-04-02T17:02:00Z", "data_pas": "2026-04-02", "satelite": "NPP-375", "municipio": "BONFIM", "estado": "RORAIMA", "pais": "Brasil", "precipitacao": 0, "numero_dias_sem_chuva": 0, "risco_fogo": 0.05, "bioma": "Amazônia", "id_0": 33, "id_1": 14, "id_2": 1400159, "continente_id": 8, "vegetacao": "Savana; Caatinga aberta", "grade_wrs": "232_058", "frp": 16.5}, "bbox": [-60.1038, 3.24475, -60.1038, 3.24475]}, {"type": "Feature", "id": "focos_48h_br_todosats.fid--3bf30ddf_19d555fad35_-3ae4", "geometry": {"type": "Point", "coordinates": [-60.1081, 3.23918]}, "geometry_name": "geometria", "properties": {"id_foco_bdq": 1812385894, "foco_id": "aba492c9-9fb6-39df-8246-3e51d80bdbca", "longitude": -60.1081, "latitude": 3.23918, "data_hora_gmt": "2026-04-02T17:02:00Z", "data_pas": "2026-04-02", "satelite": "NPP-375", "municipio": "BONFIM", "estado": "RORAIMA", "pais": "Brasil", "precipitacao": 0, "numero_dias_sem_chuva": 0, "risco_fogo": 0.04, "bioma": "Amazônia", "id_0": 33, "id_1": 14, "id_2": 1400159, "continente_id": 8, "vegetacao": "Savana; Caatinga aberta", "grade_wrs": "232_058", "frp": 70.9}, "bbox": [-60.1081, 3.23918, -60.1081, 3.23918]}, {"type": "Feature", "id": "focos_48h_br_todosats.fid--3bf30ddf_19d555fad35_-3ae3", "geometry": {"type": "Point", "coordinates": [-60.24716, 4.66963]}, "geometry_name": "geometria", "properties": {"id_foco_bdq": 1812385806, "foco_id": "e86ccdff-4672-39e3-9e87-5bcfc0cfb327", "longitude": -60.24716, "latitude": 4.66963, "data_hora_gmt": "2026-04-02T17:02:00Z", "data_pas": "2026-04-02", "satelite": "NPP-375", "municipio": "UIRAMUTÃ", "estado": "RORAIMA", "pais": "Brasil", "precipitacao": 1.27, "numero_dias_sem_chuva": 2, "risco_fogo": 0.06, "bioma": "Amazônia", "id_0": 33, "id_1": 14, "id_2": 1400704, "continente_id": 8, "vegetacao": "Pastagens e gramíneas", "grade_wrs": "232_057", "frp": 6.6}, "bbox": [-60.24716, 4.66963, -60.24716, 4.66963]}, {"type": "Feature", "id": "focos_48h_br_todosats.fid--3bf30ddf_19d555fad35_-3ae2", "geometry": {"type": "Point", "coordinates": [-60.24971, 4.67188]}, "geometry_name": "geometria", "properties": {"id_foco_bdq": 1812385791, "foco_id": "36a71801-decf-3fde-b434-8607b5f6b67c", "longitude": -60.24971, "latitude": 4.67188, "data_hora_gmt": "2026-04-02T17:02:00Z", "data_pas": "2026-04-02", "satelite": "NPP-375", "municipio": "UIRAMUTÃ", "estado": "RORAIMA", "pais": "Brasil", "precipitacao": 1.3, "numero_dias_sem_chuva": 2, "risco_fogo": 0.04, "bioma": "Amazônia", "id_0": 33, "id_1": 14, "id_2": 1400704, "continente_id": 8, "vegetacao": "Agricultura e diversos", "grade_wrs": "232_057", "frp": 5.2}, "bbox": [-60.24971, 4.67188, -60.24971, 4.67188]}, {"type": "Feature", "id": "focos_48h_br_todosats.fid--3bf30ddf_19d555fad35_-3ae1", "geometry": {"type": "Point", "coordinates": [-60.22124, 4.6644]}, "geometry_name": "geometria", "properties": {"id_foco_bdq": 1812386712, "foco_id": "15b24959-69dd-39fb-a5b8-a26d6530dc74", "longitude": -60.22124, "latitude": 4.6644, "data_hora_gmt": "2026-04-02T17:02:00Z", "data_pas": "2026-04-02", "satelite": "NPP-375", "municipio": "UIRAMUTÃ", "estado": "RORAIMA", "pais": "Brasil", "precipitacao": 1.01, "numero_dias_sem_chuva": 1, "risco_fogo": 0.04, "bioma": "Amazônia", "id_0": 33, "id_1": 14, "id_2": 1400704, "continente_id": 8, "vegetacao": "Agricultura e diversos", "grade_wrs": "232_057", "frp": 3.5}, "bbox": [-60.22124, 4.6644, -60.22124, 4.6644]}, {"type": "Feature", "id": "focos_48h_br_todosats.fid--3bf30ddf_19d555fad35_-3ae0", "geometry": {"type": "Point", "coordinates": [-60.07735, 4.10943]}, "geometry_name": "geometria", "properties": {"id_foco_bdq": 1812386611, "foco_id": "085726b0-ff25-31d1-ae3d-5e392d216cd1", "longitude": -60.07735, "latitude": 4.10943, "data_hora_gmt": "2026-04-02T17:02:00Z", "data_pas": "2026-04-02", "satelite": "NPP-375", "municipio": "NORMANDIA", "estado": "RORAIMA", "pais": "Brasil", "precipitacao": 0.6, "numero_dias_sem_chuva": 0, "risco_fogo": 0.16, "bioma": "Amazônia", "id_0": 33, "id_1": 14, "id_2": 1400407, "continente_id": 8, "vegetacao": "Savana; Caatinga aberta", "grade_wrs": "232_057", "frp": 19.4}, "bbox": [-60.07735, 4.10943, -60.07735, 4.10943]}, {"type": "Feature", "id": "focos_48h_br_todosats.fid--3bf30ddf_19d555fad35_-3adf", "geometry": {"type": "Point", "coordinates": [-60.22289, 4.6618]}, "geometry_name": "geometria", "properties": {"id_foco_bdq": 1812386488, "foco_id": "b0ac0611-49e4-3366-842d-997142f6c113", "longitude": -60.22289, "latitude": 4.6618, "data_hora_gmt": "2026-04-02T17:02:00Z", "data_pas": "2026-04-02", "satelite": "NPP-375", "municipio": "UIRAMUTÃ", "estado": "RORAIMA", "pais": "Brasil", "precipitacao": 1.03, "numero_dias_sem_chuva": 1, "risco_fogo": 0.06, "bioma": "Amazônia", "id_0": 33, "id_1": 14, "id_2": 1400704, "continente_id": 8, "vegetacao": "Agricultura e diversos", "grade_wrs": "232_057", "frp": 5.5}, "bbox": [-60.22289, 4.6618, -60.22289, 4.6618]}, {"type": "Feature", "id": "focos_48h_br_todosats.fid--3bf30ddf_19d555fad35_-3ade", "geometry": {"type": "Point", "coordinates": [-60.10883, 3.24394]}, "geometry_name": "geometria", "properties": {"id_foco_bdq": 1812386346, "foco_id": "19db2732-f873-3a6a-8ed5-dd6a879a78e4", "longitude": -60.10883, "latitude": 3.24394, "data_hora_gmt": "2026-04-02T17:02:00Z", "data_pas": "2026-04-02", "satelite": "NPP-375", "municipio": "BONFIM", "estado": "RORAIMA", "pais": "Brasil", "precipitacao": 0, "numero_dias_sem_chuva": 0, "risco_fogo": 0.04, "bioma": "Amazônia", "id_0": 33, "id_1": 14, "id_2": 1400159, "continente_id": 8, "vegetacao": "Savana; Caatinga aberta", "grade_wrs": "232_058", "frp": 22.3}, "bbox": [-60.10883, 3.24394, -60.10883, 3.24394]}, {"type": "Feature", "id": "focos_48h_br_todosats.fid--3bf30ddf_19d555fad35_-3add", "geometry": {"type": "Point", "coordinates": [-60.73214, 4.11934]}, "geometry_name": "geometria", "properties": {"id_foco_bdq": 1812385596, "foco_id": "f342b5e1-e5e5-3de1-bbde-6a447e93b107", "longitude": -60.73214, "latitude": 4.11934, "data_hora_gmt": "2026-04-02T17:02:00Z", "data_pas": "2026-04-02", "satelite": "NPP-375", "municipio": "PACARAIMA", "estado": "RORAIMA", "pais": "Brasil", "precipitacao": 0.91, "numero_dias_sem_chuva": 1, "risco_fogo": 0.02, "bioma": "Amazônia", "id_0": 33, "id_1": 14, "id_2": 1400456, "continente_id": 8, "vegetacao": "Savana; Caatinga aberta", "grade_wrs": "232_057", "frp": 7.3}, "bbox": [-60.73214, 4.11934, -60.73214, 4.11934]}, {"type": "Feature", "id": "focos_48h_br_todosats.fid--3bf30ddf_19d555fad35_-3adc", "geometry": {"type": "Point", "coordinates": [-53.08049, -31.05248]}, "geometry_name": "geometria", "properties": {"id_foco_bdq": 1812389281, "foco_id": "b680c05b-9959-39d1-a88e-26337eb30067", "longitude": -53.08049, "latitude": -31.05248, "data_hora_gmt": "2026-04-02T17:11:00Z", "data_pas": "2026-04-02", "satelite": "NOAA-20", "municipio": "PIRATINI", "estado": "RIO GRANDE DO SUL", "pais": "Brasil", "precipitacao": 0, "numero_dias_sem_chuva": 3, "risco_fogo": 0.29, "bioma": "Pampa", "id_0": 33, "id_1": 43, "id_2": 4314605, "continente_id": 8, "vegetacao": "Floresta de contato; Campinarana", "grade_wrs": "222_082", "frp": 4.9}, "bbox": [-53.08049, -31.05248, -53.08049, -31.05248]}, {"type": "Feature", "id": "focos_48h_br_todosats.fid--3bf30ddf_19d555fad35_-3adb", "geometry": {"type": "Point", "coordinates": [-49.432, -27.20936]}, "geometry_name": "geometria", "properties": {"id_foco_bdq": 1812388776, "foco_id": "7ca70585-c91f-3791-9170-ae486a28332c", "longitude": -49.432, "latitude": -27.20936, "data_hora_gmt": "2026-04-02T17:11:00Z", "data_pas": "2026-04-02", "satelite": "NOAA-20", "municipio": "APIÚNA", "estado": "SANTA CATARINA", "pais": "Brasil", "precipitacao": 4.29, "numero_dias_sem_chuva": 0, "risco_fogo": 0.05, "bioma": "Mata Atlântica", "id_0": 33, "id_1": 42, "id_2": 4201257, "continente_id": 8, "vegetacao": "Floresta Ombrófila densa", "grade_wrs": "220_079", "frp": 3.4}, "bbox": [-49.432, -27.20936, -49.432, -27.20936]}, {"type": "Feature", "id": "focos_48h_br_todosats.fid--3bf30ddf_19d555fad35_-3ada", "geometry": {"type": "Point", "coordinates": [-53.49401, -29.89935]}, "geometry_name": "geometria", "properties": {"id_foco_bdq": 1812388832, "foco_id": "8c43279b-4e93-3647-9836-8fb213324666", "longitude": -53.49401, "latitude": -29.89935, "data_hora_gmt": "2026-04-02T17:11:00Z", "data_pas": "2026-04-02", "satelite": "NOAA-20", "municipio": "FORMIGUEIRO", "estado": "RIO GRANDE DO SUL", "pais": "Brasil", "precipitacao": 0, "numero_dias_sem_chuva": 4, "risco_fogo": 1, "bioma": "Pampa", "id_0": 33, "id_1": 43, "id_2": 4308409, "continente_id": 8, "vegetacao": "Agricultura e diversos", "grade_wrs": "222_081", "frp": 3.4}, "bbox": [-53.49401, -29.89935, -53.49401, -29.89935]}, {"type": "Feature", "id": "focos_48h_br_todosats.fid--3bf30ddf_19d555fad35_-3ad9", "geometry": {"type": "Point", "coordinates": [-51.50475, -29.40964]}, "geometry_name": "geometria", "properties": {"id_foco_bdq": 1812388884, "foco_id": "8284ff05-e03a-3d64-abdf-534e071536e1", "longitude": -51.50475, "latitude": -29.40964, "data_hora_gmt": "2026-04-02T17:11:00Z", "data_pas": "2026-04-02", "satelite": "NOAA-20", "municipio": "SÃO PEDRO DA SERRA", "estado": "RIO GRANDE DO SUL", "pais": "Brasil", "precipitacao": 0, "numero_dias_sem_chuva": 3, "risco_fogo": 0.21, "bioma": "Mata Atlântica", "id_0": 33, "id_1": 43, "id_2": 4319356, "continente_id": 8, "vegetacao": "Floresta Ombrófila densa", "grade_wrs": "221_080", "frp": 14.1}, "bbox": [-51.50475, -29.40964, -51.50475, -29.40964]}, {"type": "Feature", "id": "focos_48h_br_todosats.fid--3bf30ddf_19d555fad35_-3ad8", "geometry": {"type": "Point", "coordinates": [-50.85088, -30.05888]}, "geometry_name": "geometria", "properties": {"id_foco_bdq": 1812388904, "foco_id": "fac9024b-8f56-323f-b8e5-ef9d01873b59", "longitude": -50.85088, "latitude": -30.05888, "data_hora_gmt": "2026-04-02T17:11:00Z", "data_pas": "2026-04-02", "satelite": "NOAA-20", "municipio": "VIAMÃO", "estado": "RIO GRANDE DO SUL", "pais": "Brasil", "precipitacao": 0, "numero_dias_sem_chuva": 3, "risco_fogo": 0.28, "bioma": "Pampa", "id_0": 33, "id_1": 43, "id_2": 4323002, "continente_id": 8, "vegetacao": "Floresta Ombrófila densa", "grade_wrs": "221_081", "frp": 4.7}, "bbox": [-50.85088, -30.05888, -50.85088, -30.05888]}, {"type": "Feature", "id": "focos_48h_br_todosats.fid--3bf30ddf_19d555fad35_-3ad7", "geometry": {"type": "Point", "coordinates": [-53.07618, -31.05189]}, "geometry_name": "geometria", "properties": {"id_foco_bdq": 1812388913, "foco_id": "52854e38-c185-3bc6-b485-4d27934a75d4", "longitude": -53.07618, "latitude": -31.05189, "data_hora_gmt": "2026-04-02T17:11:00Z", "data_pas": "2026-04-02", "satelite": "NOAA-20", "municipio": "PIRATINI", "estado": "RIO GRANDE DO SUL", "pais": "Brasil", "precipitacao": 0, "numero_dias_sem_chuva": 3, "risco_fogo": 0.3, "bioma": "Pampa", "id_0": 33, "id_1": 43, "id_2": 4314605, "continente_id": 8, "vegetacao": "Floresta de contato; Campinarana", "grade_wrs": "222_082", "frp": 4.9}, "bbox": [-53.07618, -31.05189, -53.07618, -31.05189]}, {"type": "Feature", "id": "focos_48h_br_todosats.fid--3bf30ddf_19d555fad35_-3ad6", "geometry": {"type": "Point", "coordinates": [-51.19471, -29.45018]}, "geometry_name": "geometria", "properties": {"id_foco_bdq": 1812388987, "foco_id": "b4d90636-2e29-323c-9f40-e36bc4664eac", "longitude": -51.19471, "latitude": -29.45018, "data_hora_gmt": "2026-04-02T17:11:00Z", "data_pas": "2026-04-02", "satelite": "NOAA-20", "municipio": "LINHA NOVA", "estado": "RIO GRANDE DO SUL", "pais": "Brasil", "precipitacao": 0, "numero_dias_sem_chuva": 3, "risco_fogo": 0.27, "bioma": "Mata Atlântica", "id_0": 33, "id_1": 43, "id_2": 4311643, "continente_id": 8, "vegetacao": "Floresta Ombrófila densa", "grade_wrs": "221_080", "frp": 3.5}, "bbox": [-51.19471, -29.45018, -51.19471, -29.45018]}, {"type": "Feature", "id": "focos_48h_br_todosats.fid--3bf30ddf_19d555fad35_-3ad5", "geometry": {"type": "Point", "coordinates": [-50.27507, -27.69444]}, "geometry_name": "geometria", "properties": {"id_foco_bdq": 1812388993, "foco_id": "70d9e416-ca42-3a0d-b185-2189b553676e", "longitude": -50.27507, "latitude": -27.69444, "data_hora_gmt": "2026-04-02T17:11:00Z", "data_pas": "2026-04-02", "satelite": "NOAA-20", "municipio": "LAGES", "estado": "SANTA CATARINA", "pais": "Brasil", "precipitacao": 0.51, "numero_dias_sem_chuva": 2, "risco_fogo": 0.25, "bioma": "Mata Atlântica", "id_0": 33, "id_1": 42, "id_2": 4209300, "continente_id": 8, "vegetacao": "Floresta de contato; Campinarana", "grade_wrs": "221_079", "frp": 7.9}, "bbox": [-50.27507, -27.69444, -50.27507, -27.69444]}, {"type": "Feature", "id": "focos_48h_br_todosats.fid--3bf30ddf_19d555fad35_-3ad4", "geometry": {"type": "Point", "coordinates": [-51.53504, -29.444]}, "geometry_name": "geometria", "properties": {"id_foco_bdq": 1812389147, "foco_id": "69e46be2-4f03-3c3d-8f3f-fef6f16b4a7e", "longitude": -51.53504, "latitude": -29.444, "data_hora_gmt": "2026-04-02T17:11:00Z", "data_pas": "2026-04-02", "satelite": "NOAA-20", "municipio": "SALVADOR DO SUL", "estado": "RIO GRANDE DO SUL", "pais": "Brasil", "precipitacao": 0, "numero_dias_sem_chuva": 3, "risco_fogo": 0.56, "bioma": "Mata Atlântica", "id_0": 33, "id_1": 43, "id_2": 4316501, "continente_id": 8, "vegetacao": "Savana arbórea; Caatinga fechada", "grade_wrs": "221_080", "frp": 4.5}, "bbox": [-51.53504, -29.444, -51.53504, -29.444]}, {"type": "Feature", "id": "focos_48h_br_todosats.fid--3bf30ddf_19d555fad35_-3ad3", "geometry": {"type": "Point", "coordinates": [-51.70337, -29.43968]}, "geometry_name": "geometria", "properties": {"id_foco_bdq": 1812389148, "foco_id": "3b1d991c-5f2e-3907-aaa4-7e242496c23f", "longitude": -51.70337, "latitude": -29.43968, "data_hora_gmt": "2026-04-02T17:11:00Z", "data_pas": "2026-04-02", "satelite": "NOAA-20", "municipio": "TEUTÔNIA", "estado": "RIO GRANDE DO SUL", "pais": "Brasil", "precipitacao": 0, "numero_dias_sem_chuva": 3, "risco_fogo": 0.65, "bioma": "Mata Atlântica", "id_0": 33, "id_1": 43, "id_2": 4321451, "continente_id": 8, "vegetacao": "Savana; Caatinga aberta", "grade_wrs": "221_080", "frp": 2.5}, "bbox": [-51.70337, -29.43968, -51.70337, -29.43968]}, {"type": "Feature", "id": "focos_48h_br_todosats.fid--3bf30ddf_19d555fad35_-3ad2", "geometry": {"type": "Point", "coordinates": [-50.95515, -29.54234]}, "geometry_name": "geometria", "properties": {"id_foco_bdq": 1812389182, "foco_id": "a9e78382-772a-307a-9ada-d69e20485802", "longitude": -50.95515, "latitude": -29.54234, "data_hora_gmt": "2026-04-02T17:11:00Z", "data_pas": "2026-04-02", "satelite": "NOAA-20", "municipio": "SANTA MARIA DO HERVAL", "estado": "RIO GRANDE DO SUL", "pais": "Brasil", "precipitacao": 0, "numero_dias_sem_chuva": 3, "risco_fogo": 0.26, "bioma": "Mata Atlântica", "id_0": 33, "id_1": 43, "id_2": 4316956, "continente_id": 8, "vegetacao": "Floresta Ombrófila densa", "grade_wrs": "221_080", "frp": 6.8}, "bbox": [-50.95515, -29.54234, -50.95515, -29.54234]}, {"type": "Feature", "id": "focos_48h_br_todosats.fid--3bf30ddf_19d555fad35_-3ad1", "geometry": {"type": "Point", "coordinates": [-48.71447, -27.02219]}, "geometry_name": "geometria", "properties": {"id_foco_bdq": 1812389267, "foco_id": "a44bd762-7bdf-3817-ae41-763c10309760", "longitude": -48.71447, "latitude": -27.02219, "data_hora_gmt": "2026-04-02T17:11:00Z", "data_pas": "2026-04-02", "satelite": "NOAA-20", "municipio": "CAMBORIÚ", "estado": "SANTA CATARINA", "pais": "Brasil", "precipitacao": 5.45, "numero_dias_sem_chuva": 0, "risco_fogo": 0.05, "bioma": "Mata Atlântica", "id_0": 33, "id_1": 42, "id_2": 4203204, "continente_id": 8, "vegetacao": "Floresta Ombrófila densa", "grade_wrs": "220_079", "frp": 3.6}, "bbox": [-48.71447, -27.02219, -48.71447, -27.02219]}, {"type": "Feature", "id": "focos_48h_br_todosats.fid--3bf30ddf_19d555fad35_-3ad0", "geometry": {"type": "Point", "coordinates": [-56.77863, -30.15532]}, "geometry_name": "geometria", "properties": {"id_foco_bdq": 1812389348, "foco_id": "04ab1316-dc71-336f-ad98-427899748810", "longitude": -56.77863, "latitude": -30.15532, "data_hora_gmt": "2026-04-02T17:11:00Z", "data_pas": "2026-04-02", "satelite": "NOAA-20", "municipio": "URUGUAIANA", "estado": "RIO GRANDE DO SUL", "pais": "Brasil", "precipitacao": 0.1, "numero_dias_sem_chuva": 3, "risco_fogo": 0.4, "bioma": "Pampa", "id_0": 33, "id_1": 43, "id_2": 4322400, "continente_id": 8, "vegetacao": "Florestas decíduas e sazonais", "grade_wrs": "224_081", "frp": 3.1}, "bbox": [-56.77863, -30.15532, -56.77863, -30.15532]}, {"type": "Feature", "id": "focos_48h_br_todosats.fid--3bf30ddf_19d555fad35_-3acf", "geometry": {"type": "Point", "coordinates": [-55.08694, -28.37314]}, "geometry_name": "geometria", "properties": {"id_foco_bdq": 1812389371, "foco_id": "766594fe-b996-3096-81ec-080e91054a6b", "longitude": -55.08694, "latitude": -28.37314, "data_hora_gmt": "2026-04-02T17:11:00Z", "data_pas": "2026-04-02", "satelite": "NOAA-20", "municipio": "SÃO LUIZ GONZAGA", "estado": "RIO GRANDE DO SUL", "pais": "Brasil", "precipitacao": 0, "numero_dias_sem_chuva": 3, "risco_fogo": 0.98, "bioma": "Pampa", "id_0": 33, "id_1": 43, "id_2": 4318903, "continente_id": 8, "vegetacao": "Agricultura e diversos", "grade_wrs": "224_080", "frp": 6.5}, "bbox": [-55.08694, -28.37314, -55.08694, -28.37314]}, {"type": "Feature", "id": "focos_48h_br_todosats.fid--3bf30ddf_19d555fad35_-3ace", "geometry": {"type": "Point", "coordinates": [-51.53107, -29.4434]}, "geometry_name": "geometria", "properties": {"id_foco_bdq": 1812389409, "foco_id": "1cd08b7f-5ed7-375b-904d-eb0faf496c47", "longitude": -51.53107, "latitude": -29.4434, "data_hora_gmt": "2026-04-02T17:11:00Z", "data_pas": "2026-04-02", "satelite": "NOAA-20", "municipio": "SALVADOR DO SUL", "estado": "RIO GRANDE DO SUL", "pais": "Brasil", "precipitacao": 0, "numero_dias_sem_chuva": 3, "risco_fogo": 0.29, "bioma": "Mata Atlântica", "id_0": 33, "id_1": 43, "id_2": 4316501, "continente_id": 8, "vegetacao": "Florestas decíduas e sazonais", "grade_wrs": "221_080", "frp": 2.9}, "bbox": [-51.53107, -29.4434, -51.53107, -29.4434]}, {"type": "Feature", "id": "focos_48h_br_todosats.fid--3bf30ddf_19d555fad35_-3acd", "geometry": {"type": "Point", "coordinates": [-51.04586, -29.5393]}, "geometry_name": "geometria", "properties": {"id_foco_bdq": 1812389420, "foco_id": "f1e84ce5-dec3-33cf-ac6c-590474599128", "longitude": -51.04586, "latitude": -29.5393, "data_hora_gmt": "2026-04-02T17:11:00Z", "data_pas": "2026-04-02", "satelite": "NOAA-20", "municipio": "MORRO REUTER", "estado": "RIO GRANDE DO SUL", "pais": "Brasil", "precipitacao": 0, "numero_dias_sem_chuva": 3, "risco_fogo": 0.25, "bioma": "Mata Atlântica", "id_0": 33, "id_1": 43, "id_2": 4312476, "continente_id": 8, "vegetacao": "Floresta Ombrófila densa", "grade_wrs": "221_080", "frp": 3.7}, "bbox": [-51.04586, -29.5393, -51.04586, -29.5393]}, {"type": "Feature", "id": "focos_48h_br_todosats.fid--3bf30ddf_19d555fad35_-3acc", "geometry": {"type": "Point", "coordinates": [-51.08305, -29.47658]}, "geometry_name": "geometria", "properties": {"id_foco_bdq": 1812389462, "foco_id": "f3bedd06-1220-3b29-97c3-0823315dae11", "longitude": -51.08305, "latitude": -29.47658, "data_hora_gmt": "2026-04-02T17:11:00Z", "data_pas": "2026-04-02", "satelite": "NOAA-20", "municipio": "PICADA CAFÉ", "estado": "RIO GRANDE DO SUL", "pais": "Brasil", "precipitacao": 0, "numero_dias_sem_chuva": 3, "risco_fogo": 0.28, "bioma": "Mata Atlântica", "id_0": 33, "id_1": 43, "id_2": 4314423, "continente_id": 8, "vegetacao": "Floresta Ombrófila densa", "grade_wrs": "221_080", "frp": 3.4}, "bbox": [-51.08305, -29.47658, -51.08305, -29.47658]}, {"type": "Feature", "id": "focos_48h_br_todosats.fid--3bf30ddf_19d555fad35_-3acb", "geometry": {"type": "Point", "coordinates": [-51.0605, -29.50733]}, "geometry_name": "geometria", "properties": {"id_foco_bdq": 1812389489, "foco_id": "a9f724e0-f1db-3e65-8548-f3e56f17e3cd", "longitude": -51.0605, "latitude": -29.50733, "data_hora_gmt": "2026-04-02T17:11:00Z", "data_pas": "2026-04-02", "satelite": "NOAA-20", "municipio": "MORRO REUTER", "estado": "RIO GRANDE DO SUL", "pais": "Brasil", "precipitacao": 0, "numero_dias_sem_chuva": 3, "risco_fogo": 0.26, "bioma": "Mata Atlântica", "id_0": 33, "id_1": 43, "id_2": 4312476, "continente_id": 8, "vegetacao": "Floresta Ombrófila densa", "grade_wrs": "221_080", "frp": 22.5}, "bbox": [-51.0605, -29.50733, -51.0605, -29.50733]}, {"type": "Feature", "id": "focos_48h_br_todosats.fid--3bf30ddf_19d555fad35_-3aca", "geometry": {"type": "Point", "coordinates": [-52.79989, -31.78356]}, "geometry_name": "geometria", "properties": {"id_foco_bdq": 1812389501, "foco_id": "f3047134-c658-3fb7-ad85-b75e70ad35ec", "longitude": -52.79989, "latitude": -31.78356, "data_hora_gmt": "2026-04-02T17:11:00Z", "data_pas": "2026-04-02", "satelite": "NOAA-20", "municipio": "CERRITO", "estado": "RIO GRANDE DO SUL", "pais": "Brasil", "precipitacao": 0, "numero_dias_sem_chuva": 3, "risco_fogo": 0.95, "bioma": "Pampa", "id_0": 33, "id_1": 43, "id_2": 4305124, "continente_id": 8, "vegetacao": "Agricultura e diversos", "grade_wrs": "222_082", "frp": 2.3}, "bbox": [-52.79989, -31.78356, -52.79989, -31.78356]}, {"type": "Feature", "id": "focos_48h_br_todosats.fid--3bf30ddf_19d555fad35_-3ac9", "geometry": {"type": "Point", "coordinates": [-50.84757, -30.05494]}, "geometry_name": "geometria", "properties": {"id_foco_bdq": 1812389598, "foco_id": "c6f18956-0006-35f1-9c9d-144e768cfef9", "longitude": -50.84757, "latitude": -30.05494, "data_hora_gmt": "2026-04-02T17:11:00Z", "data_pas": "2026-04-02", "satelite": "NOAA-20", "municipio": "VIAMÃO", "estado": "RIO GRANDE DO SUL", "pais": "Brasil", "precipitacao": 0, "numero_dias_sem_chuva": 3, "risco_fogo": 0.44, "bioma": "Pampa", "id_0": 33, "id_1": 43, "id_2": 4323002, "continente_id": 8, "vegetacao": "Floresta de contato; Campinarana", "grade_wrs": "221_081", "frp": 4.7}, "bbox": [-50.84757, -30.05494, -50.84757, -30.05494]}, {"type": "Feature", "id": "focos_48h_br_todosats.fid--3bf30ddf_19d555fad35_-3ac8", "geometry": {"type": "Point", "coordinates": [-51.06116, -29.50401]}, "geometry_name": "geometria", "properties": {"id_foco_bdq": 1812389661, "foco_id": "b8065b6e-8ebb-3d58-bc8e-b8eae41cfd24", "longitude": -51.06116, "latitude": -29.50401, "data_hora_gmt": "2026-04-02T17:11:00Z", "data_pas": "2026-04-02", "satelite": "NOAA-20", "municipio": "MORRO REUTER", "estado": "RIO GRANDE DO SUL", "pais": "Brasil", "precipitacao": 0, "numero_dias_sem_chuva": 3, "risco_fogo": 0.26, "bioma": "Mata Atlântica", "id_0": 33, "id_1": 43, "id_2": 4312476, "continente_id": 8, "vegetacao": "Floresta Ombrófila densa", "grade_wrs": "221_080", "frp": 22.5}, "bbox": [-51.06116, -29.50401, -51.06116, -29.50401]}, {"type": "Feature", "id": "focos_48h_br_todosats.fid--3bf30ddf_19d555fad35_-3ac7", "geometry": {"type": "Point", "coordinates": [-55.08227, -28.37254]}, "geometry_name": "geometria", "properties": {"id_foco_bdq": 1812389773, "foco_id": "a062ffd5-9da9-36bd-8dfa-0049427c5230", "longitude": -55.08227, "latitude": -28.37254, "data_hora_gmt": "2026-04-02T17:11:00Z", "data_pas": "2026-04-02", "satelite": "NOAA-20", "municipio": "SÃO LUIZ GONZAGA", "estado": "RIO GRANDE DO SUL", "pais": "Brasil", "precipitacao": 0, "numero_dias_sem_chuva": 3, "risco_fogo": 0.99, "bioma": "Pampa", "id_0": 33, "id_1": 43, "id_2": 4318903, "continente_id": 8, "vegetacao": "Agricultura e diversos", "grade_wrs": "224_080", "frp": 9.7}, "bbox": [-55.08227, -28.37254, -55.08227, -28.37254]}, {"type": "Feature", "id": "focos_48h_br_todosats.fid--3bf30ddf_19d555fad35_-3ac6", "geometry": {"type": "Point", "coordinates": [-50.85488, -30.05951]}, "geometry_name": "geometria", "properties": {"id_foco_bdq": 1812389780, "foco_id": "6e4ae8ee-5f40-3489-a759-9fb18abf01dd", "longitude": -50.85488, "latitude": -30.05951, "data_hora_gmt": "2026-04-02T17:11:00Z", "data_pas": "2026-04-02", "satelite": "NOAA-20", "municipio": "VIAMÃO", "estado": "RIO GRANDE DO SUL", "pais": "Brasil", "precipitacao": 0, "numero_dias_sem_chuva": 3, "risco_fogo": 0.28, "bioma": "Pampa", "id_0": 33, "id_1": 43, "id_2": 4323002, "continente_id": 8, "vegetacao": "Floresta Ombrófila densa", "grade_wrs": "221_081", "frp": 6.2}, "bbox": [-50.85488, -30.05951, -50.85488, -30.05951]}, {"type": "Feature", "id": "focos_48h_br_todosats.fid--3bf30ddf_19d555fad35_-3ac5", "geometry": {"type": "Point", "coordinates": [-51.3327, -19.68777]}, "geometry_name": "geometria", "properties": {"id_foco_bdq": 1812389124, "foco_id": "54795d5b-c064-3cc8-9d9c-495603bc9313", "longitude": -51.3327, "latitude": -19.68777, "data_hora_gmt": "2026-04-02T17:13:00Z", "data_pas": "2026-04-02", "satelite": "NOAA-20", "municipio": "PARANAÍBA", "estado": "MATO GROSSO DO SUL", "pais": "Brasil", "precipitacao": 4.56, "numero_dias_sem_chuva": 6, "risco_fogo": 0.44, "bioma": "Cerrado", "id_0": 33, "id_1": 50, "id_2": 5006309, "continente_id": 8, "vegetacao": "Pastagens e gramíneas", "grade_wrs": "223_074", "frp": 5.7}, "bbox": [-51.3327, -19.68777, -51.3327, -19.68777]}, {"type": "Feature", "id": "focos_48h_br_todosats.fid--3bf30ddf_19d555fad35_-3ac4", "geometry": {"type": "Point", "coordinates": [-49.0719, -26.09648]}, "geometry_name": "geometria", "properties": {"id_foco_bdq": 1812389397, "foco_id": "efb21610-0f53-3683-877f-3ce4fe7d93b4", "longitude": -49.0719, "latitude": -26.09648, "data_hora_gmt": "2026-04-02T17:13:00Z", "data_pas": "2026-04-02", "satelite": "NOAA-20", "municipio": "JOINVILLE", "estado": "SANTA CATARINA", "pais": "Brasil", "precipitacao": 1.08, "numero_dias_sem_chuva": 1, "risco_fogo": 0.07, "bioma": "Mata Atlântica", "id_0": 33, "id_1": 42, "id_2": 4209102, "continente_id": 8, "vegetacao": "Floresta Ombrófila densa", "grade_wrs": "220_078", "frp": 2.8}, "bbox": [-49.0719, -26.09648, -49.0719, -26.09648]}, {"type": "Feature", "id": "focos_48h_br_todosats.fid--3bf30ddf_19d555fad35_-3ac3", "geometry": {"type": "Point", "coordinates": [-50.75378, -24.93356]}, "geometry_name": "geometria", "properties": {"id_foco_bdq": 1812389400, "foco_id": "b6b623c2-2996-39fd-a192-b9337328cc8a", "longitude": -50.75378, "latitude": -24.93356, "data_hora_gmt": "2026-04-02T17:13:00Z", "data_pas": "2026-04-02", "satelite": "NOAA-20", "municipio": "IPIRANGA", "estado": "PARANÁ", "pais": "Brasil", "precipitacao": 0.59, "numero_dias_sem_chuva": 0, "risco_fogo": 0.04, "bioma": "Mata Atlântica", "id_0": 33, "id_1": 41, "id_2": 4110508, "continente_id": 8, "vegetacao": "Florestas decíduas e sazonais", "grade_wrs": "221_077", "frp": 7}, "bbox": [-50.75378, -24.93356, -50.75378, -24.93356]}, {"type": "Feature", "id": "focos_48h_br_todosats.fid--3bf30ddf_19d555fad35_-3ac2", "geometry": {"type": "Point", "coordinates": [-49.3555, -19.2638]}, "geometry_name": "geometria", "properties": {"id_foco_bdq": 1812388804, "foco_id": "c0e86e70-6cdf-3fa6-b2c7-2770216ae406", "longitude": -49.3555, "latitude": -19.2638, "data_hora_gmt": "2026-04-02T17:13:00Z", "data_pas": "2026-04-02", "satelite": "NOAA-20", "municipio": "PRATA", "estado": "MINAS GERAIS", "pais": "Brasil", "precipitacao": 0, "numero_dias_sem_chuva": 2, "risco_fogo": 0.72, "bioma": "Cerrado", "id_0": 33, "id_1": 31, "id_2": 3152808, "continente_id": 8, "vegetacao": "Pastagens e gramíneas", "grade_wrs": "221_073", "frp": 4.1}, "bbox": [-49.3555, -19.2638, -49.3555, -19.2638]}, {"type": "Feature", "id": "focos_48h_br_todosats.fid--3bf30ddf_19d555fad35_-3ac1", "geometry": {"type": "Point", "coordinates": [-51.32389, -19.6899]}, "geometry_name": "geometria", "properties": {"id_foco_bdq": 1812389575, "foco_id": "3e378cc3-3897-37dd-9b49-4224efda998b", "longitude": -51.32389, "latitude": -19.6899, "data_hora_gmt": "2026-04-02T17:13:00Z", "data_pas": "2026-04-02", "satelite": "NOAA-20", "municipio": "PARANAÍBA", "estado": "MATO GROSSO DO SUL", "pais": "Brasil", "precipitacao": 4.75, "numero_dias_sem_chuva": 6, "risco_fogo": 0.43, "bioma": "Cerrado", "id_0": 33, "id_1": 50, "id_2": 5006309, "continente_id": 8, "vegetacao": "Pastagens e gramíneas", "grade_wrs": "223_074", "frp": 5.9}, "bbox": [-51.32389, -19.6899, -51.32389, -19.6899]}, {"type": "Feature", "id": "focos_48h_br_todosats.fid--3bf30ddf_19d555fad35_-3ac0", "geometry": {"type": "Point", "coordinates": [-52.67911, -23.03267]}, "geometry_name": "geometria", "properties": {"id_foco_bdq": 1812388955, "foco_id": "4945f40d-02f0-35ff-b6a3-7b5009d60c09", "longitude": -52.67911, "latitude": -23.03267, "data_hora_gmt": "2026-04-02T17:13:00Z", "data_pas": "2026-04-02", "satelite": "NOAA-20", "municipio": "PARANAVAÍ", "estado": "PARANÁ", "pais": "Brasil", "precipitacao": 0.96, "numero_dias_sem_chuva": 0, "risco_fogo": 0.6, "bioma": "Mata Atlântica", "id_0": 33, "id_1": 41, "id_2": 4118402, "continente_id": 8, "vegetacao": "Agricultura e diversos", "grade_wrs": "223_076", "frp": 10.2}, "bbox": [-52.67911, -23.03267, -52.67911, -23.03267]}, {"type": "Feature", "id": "focos_48h_br_todosats.fid--3bf30ddf_19d555fad35_-3abf", "geometry": {"type": "Point", "coordinates": [-48.8643, -26.90429]}, "geometry_name": "geometria", "properties": {"id_foco_bdq": 1812389279, "foco_id": "d131bd87-0b35-37eb-9a30-f5c70e0e3af5", "longitude": -48.8643, "latitude": -26.90429, "data_hora_gmt": "2026-04-02T17:13:00Z", "data_pas": "2026-04-02", "satelite": "NOAA-20", "municipio": "ILHOTA", "estado": "SANTA CATARINA", "pais": "Brasil", "precipitacao": 5.73, "numero_dias_sem_chuva": 2, "risco_fogo": 0.3, "bioma": "Mata Atlântica", "id_0": 33, "id_1": 42, "id_2": 4207106, "continente_id": 8, "vegetacao": "Agricultura e diversos", "grade_wrs": "220_079", "frp": 2.1}, "bbox": [-48.8643, -26.90429, -48.8643, -26.90429]}, {"type": "Feature", "id": "focos_48h_br_todosats.fid--3bf30ddf_19d555fad35_-3abe", "geometry": {"type": "Point", "coordinates": [-50.7498, -24.9329]}, "geometry_name": "geometria", "properties": {"id_foco_bdq": 1812389134, "foco_id": "0fb162eb-b36b-3ed6-90c9-068a1917f22e", "longitude": -50.7498, "latitude": -24.9329, "data_hora_gmt": "2026-04-02T17:13:00Z", "data_pas": "2026-04-02", "satelite": "NOAA-20", "municipio": "IPIRANGA", "estado": "PARANÁ", "pais": "Brasil", "precipitacao": 0.58, "numero_dias_sem_chuva": 0, "risco_fogo": 0.04, "bioma": "Mata Atlântica", "id_0": 33, "id_1": 41, "id_2": 4110508, "continente_id": 8, "vegetacao": "Floresta de contato; Campinarana", "grade_wrs": "221_077", "frp": 127}, "bbox": [-50.7498, -24.9329, -50.7498, -24.9329]}, {"type": "Feature", "id": "focos_48h_br_todosats.fid--3bf30ddf_19d555fad35_-3abd", "geometry": {"type": "Point", "coordinates": [-50.74649, -24.92886]}, "geometry_name": "geometria", "properties": {"id_foco_bdq": 1812389898, "foco_id": "765d63b4-6cee-3924-bd1d-d09f0d0ba6b1", "longitude": -50.74649, "latitude": -24.92886, "data_hora_gmt": "2026-04-02T17:13:00Z", "data_pas": "2026-04-02", "satelite": "NOAA-20", "municipio": "IPIRANGA", "estado": "PARANÁ", "pais": "Brasil", "precipitacao": 0.56, "numero_dias_sem_chuva": 0, "risco_fogo": 0.1, "bioma": "Mata Atlântica", "id_0": 33, "id_1": 41, "id_2": 4110508, "continente_id": 8, "vegetacao": "Savana; Caatinga aberta", "grade_wrs": "221_077", "frp": 127}, "bbox": [-50.74649, -24.92886, -50.74649, -24.92886]}, {"type": "Feature", "id": "focos_48h_br_todosats.fid--3bf30ddf_19d555fad35_-3abc", "geometry": {"type": "Point", "coordinates": [-56.32139, -21.6676]}, "geometry_name": "geometria", "properties": {"id_foco_bdq": 1812389511, "foco_id": "1662b7cb-8f28-3069-a430-ab13cda38d39", "longitude": -56.32139, "latitude": -21.6676, "data_hora_gmt": "2026-04-02T17:13:00Z", "data_pas": "2026-04-02", "satelite": "NOAA-20", "municipio": "BELA VISTA", "estado": "MATO GROSSO DO SUL", "pais": "Brasil", "precipitacao": 1, "numero_dias_sem_chuva": 2, "risco_fogo": 0.88, "bioma": "Cerrado", "id_0": 33, "id_1": 50, "id_2": 5002100, "continente_id": 8, "vegetacao": "Pastagens e gramíneas", "grade_wrs": "226_075", "frp": 56.9}, "bbox": [-56.32139, -21.6676, -56.32139, -21.6676]}, {"type": "Feature", "id": "focos_48h_br_todosats.fid--3bf30ddf_19d555fad35_-3abb", "geometry": {"type": "Point", "coordinates": [-49.04574, -25.25244]}, "geometry_name": "geometria", "properties": {"id_foco_bdq": 1812389509, "foco_id": "73d02902-7ef1-33ac-995b-0fd382b9ce10", "longitude": -49.04574, "latitude": -25.25244, "data_hora_gmt": "2026-04-02T17:13:00Z", "data_pas": "2026-04-02", "satelite": "NOAA-20", "municipio": "BOCAIÚVA DO SUL", "estado": "PARANÁ", "pais": "Brasil", "precipitacao": 4.82, "numero_dias_sem_chuva": 0, "risco_fogo": 0.05, "bioma": "Mata Atlântica", "id_0": 33, "id_1": 41, "id_2": 4103107, "continente_id": 8, "vegetacao": "Floresta Ombrófila densa", "grade_wrs": "220_078", "frp": 12.3}, "bbox": [-49.04574, -25.25244, -49.04574, -25.25244]}, {"type": "Feature", "id": "focos_48h_br_todosats.fid--3bf30ddf_19d555fad35_-3aba", "geometry": {"type": "Point", "coordinates": [-50.75448, -24.93017]}, "geometry_name": "geometria", "properties": {"id_foco_bdq": 1812389895, "foco_id": "e1a062d9-be01-35e2-a839-f97d2447a549", "longitude": -50.75448, "latitude": -24.93017, "data_hora_gmt": "2026-04-02T17:13:00Z", "data_pas": "2026-04-02", "satelite": "NOAA-20", "municipio": "IPIRANGA", "estado": "PARANÁ", "pais": "Brasil", "precipitacao": 0.57, "numero_dias_sem_chuva": 0, "risco_fogo": 0.07, "bioma": "Mata Atlântica", "id_0": 33, "id_1": 41, "id_2": 4110508, "continente_id": 8, "vegetacao": "Savana arbórea; Caatinga fechada", "grade_wrs": "221_077", "frp": 7}, "bbox": [-50.75448, -24.93017, -50.75448, -24.93017]}, {"type": "Feature", "id": "focos_48h_br_todosats.fid--3bf30ddf_19d555fad35_-3ab9", "geometry": {"type": "Point", "coordinates": [-52.68286, -23.03325]}, "geometry_name": "geometria", "properties": {"id_foco_bdq": 1812389667, "foco_id": "8fc1cc95-0678-30f4-a007-1c57908c538b", "longitude": -52.68286, "latitude": -23.03325, "data_hora_gmt": "2026-04-02T17:13:00Z", "data_pas": "2026-04-02", "satelite": "NOAA-20", "municipio": "PARANAVAÍ", "estado": "PARANÁ", "pais": "Brasil", "precipitacao": 0.98, "numero_dias_sem_chuva": 0, "risco_fogo": 0.57, "bioma": "Mata Atlântica", "id_0": 33, "id_1": 41, "id_2": 4118402, "continente_id": 8, "vegetacao": "Pastagens e gramíneas", "grade_wrs": "223_076", "frp": 41.6}, "bbox": [-52.68286, -23.03325, -52.68286, -23.03325]}, {"type": "Feature", "id": "focos_48h_br_todosats.fid--3bf30ddf_19d555fad35_-3ab8", "geometry": {"type": "Point", "coordinates": [-48.86506, -26.90074]}, "geometry_name": "geometria", "properties": {"id_foco_bdq": 1812389556, "foco_id": "2e92c5e7-4577-3476-a61d-94bfe4216f09", "longitude": -48.86506, "latitude": -26.90074, "data_hora_gmt": "2026-04-02T17:13:00Z", "data_pas": "2026-04-02", "satelite": "NOAA-20", "municipio": "ILHOTA", "estado": "SANTA CATARINA", "pais": "Brasil", "precipitacao": 5.67, "numero_dias_sem_chuva": 3, "risco_fogo": 0.29, "bioma": "Mata Atlântica", "id_0": 33, "id_1": 42, "id_2": 4207106, "continente_id": 8, "vegetacao": "Agricultura e diversos", "grade_wrs": "220_079", "frp": 5.2}, "bbox": [-48.86506, -26.90074, -48.86506, -26.90074]}, {"type": "Feature", "id": "focos_48h_br_todosats.fid--3bf30ddf_19d555fad35_-3ab7", "geometry": {"type": "Point", "coordinates": [-40.0705, -19.58626]}, "geometry_name": "geometria", "properties": {"id_foco_bdq": 1812389318, "foco_id": "ecc8d7ff-1ca0-3059-8854-5e0d620f6a39", "longitude": -40.0705, "latitude": -19.58626, "data_hora_gmt": "2026-04-02T17:13:00Z", "data_pas": "2026-04-02", "satelite": "NOAA-20", "municipio": "ARACRUZ", "estado": "ESPÍRITO SANTO", "pais": "Brasil", "precipitacao": 0.61, "numero_dias_sem_chuva": 1, "risco_fogo": -999, "bioma": "Mata Atlântica", "id_0": 33, "id_1": 32, "id_2": 3200607, "continente_id": 8, "vegetacao": "Corpos agua/Solos expostos/Mineracao/Areas urbanas e construidas/neve e gelo", "grade_wrs": "215_074", "frp": 3.8}, "bbox": [-40.0705, -19.58626, -40.0705, -19.58626]}, {"type": "Feature", "id": "focos_48h_br_todosats.fid--3bf30ddf_19d555fad35_-3ab6", "geometry": {"type": "Point", "coordinates": [-49.61316, -26.96507]}, "geometry_name": "geometria", "properties": {"id_foco_bdq": 1812389251, "foco_id": "432c1649-bf74-321c-91e5-ab00940c83e9", "longitude": -49.61316, "latitude": -26.96507, "data_hora_gmt": "2026-04-02T17:13:00Z", "data_pas": "2026-04-02", "satelite": "NOAA-20", "municipio": "JOSÉ BOITEUX", "estado": "SANTA CATARINA", "pais": "Brasil", "precipitacao": 6.11, "numero_dias_sem_chuva": 4, "risco_fogo": 0.05, "bioma": "Mata Atlântica", "id_0": 33, "id_1": 42, "id_2": 4209151, "continente_id": 8, "vegetacao": "Floresta de contato; Campinarana", "grade_wrs": "220_079", "frp": 2.8}, "bbox": [-49.61316, -26.96507, -49.61316, -26.96507]}, {"type": "Feature", "id": "focos_48h_br_todosats.fid--3bf30ddf_19d555fad35_-3ab5", "geometry": {"type": "Point", "coordinates": [-54.39975, -21.26898]}, "geometry_name": "geometria", "properties": {"id_foco_bdq": 1812389338, "foco_id": "1a0b724f-5cd2-3977-ab4c-eb7ea6df410d", "longitude": -54.39975, "latitude": -21.26898, "data_hora_gmt": "2026-04-02T17:13:00Z", "data_pas": "2026-04-02", "satelite": "NOAA-20", "municipio": "NOVA ALVORADA DO SUL", "estado": "MATO GROSSO DO SUL", "pais": "Brasil", "precipitacao": 2, "numero_dias_sem_chuva": 3, "risco_fogo": 0.54, "bioma": "Cerrado", "id_0": 33, "id_1": 50, "id_2": 5006002, "continente_id": 8, "vegetacao": "Pastagens e gramíneas", "grade_wrs": "224_075", "frp": 2.3}, "bbox": [-54.39975, -21.26898, -54.39975, -21.26898]}, {"type": "Feature", "id": "focos_48h_br_todosats.fid--3bf30ddf_19d555fad35_-3ab4", "geometry": {"type": "Point", "coordinates": [-56.32087, -21.67116]}, "geometry_name": "geometria", "properties": {"id_foco_bdq": 1812389249, "foco_id": "e8ac2063-8764-3982-8204-83974da7405c", "longitude": -56.32087, "latitude": -21.67116, "data_hora_gmt": "2026-04-02T17:13:00Z", "data_pas": "2026-04-02", "satelite": "NOAA-20", "municipio": "BELA VISTA", "estado": "MATO GROSSO DO SUL", "pais": "Brasil", "precipitacao": 1, "numero_dias_sem_chuva": 2, "risco_fogo": 0.95, "bioma": "Cerrado", "id_0": 33, "id_1": 50, "id_2": 5002100, "continente_id": 8, "vegetacao": "Pastagens e gramíneas", "grade_wrs": "226_075", "frp": 69.5}, "bbox": [-56.32087, -21.67116, -56.32087, -21.67116]}, {"type": "Feature", "id": "focos_48h_br_todosats.fid--3bf30ddf_19d555fad35_-3ab3", "geometry": {"type": "Point", "coordinates": [-50.43673, -20.28732]}, "geometry_name": "geometria", "properties": {"id_foco_bdq": 1812389917, "foco_id": "9676293c-f0e0-3685-ba38-7dd18e696e26", "longitude": -50.43673, "latitude": -20.28732, "data_hora_gmt": "2026-04-02T17:13:00Z", "data_pas": "2026-04-02", "satelite": "NOAA-20", "municipio": "ESTRELA D'OESTE", "estado": "SÃO PAULO", "pais": "Brasil", "precipitacao": 1.92, "numero_dias_sem_chuva": 0, "risco_fogo": 0.28, "bioma": "Mata Atlântica", "id_0": 33, "id_1": 35, "id_2": 3515202, "continente_id": 8, "vegetacao": "Agricultura e diversos", "grade_wrs": "222_074", "frp": 7.4}, "bbox": [-50.43673, -20.28732, -50.43673, -20.28732]}, {"type": "Feature", "id": "focos_48h_br_todosats.fid--3bf30ddf_19d555fad35_-3ab2", "geometry": {"type": "Point", "coordinates": [-40.06878, -19.58834]}, "geometry_name": "geometria", "properties": {"id_foco_bdq": 1812389865, "foco_id": "ea3e43aa-b63f-33b5-9477-a9e768aa5de1", "longitude": -40.06878, "latitude": -19.58834, "data_hora_gmt": "2026-04-02T17:13:00Z", "data_pas": "2026-04-02", "satelite": "NOAA-20", "municipio": "ARACRUZ", "estado": "ESPÍRITO SANTO", "pais": "Brasil", "precipitacao": 0.6, "numero_dias_sem_chuva": 1, "risco_fogo": -999, "bioma": "Mata Atlântica", "id_0": 33, "id_1": 32, "id_2": 3200607, "continente_id": 8, "vegetacao": "Corpos agua/Solos expostos/Mineracao/Areas urbanas e construidas/neve e gelo", "grade_wrs": "215_074", "frp": 7.4}, "bbox": [-40.06878, -19.58834, -40.06878, -19.58834]}, {"type": "Feature", "id": "focos_48h_br_todosats.fid--3bf30ddf_19d555fad35_-3ab1", "geometry": {"type": "Point", "coordinates": [-55.87881, -20.54544]}, "geometry_name": "geometria", "properties": {"id_foco_bdq": 1812389860, "foco_id": "275ee1e2-6960-3d48-b186-10074b7905b7", "longitude": -55.87881, "latitude": -20.54544, "data_hora_gmt": "2026-04-02T17:13:00Z", "data_pas": "2026-04-02", "satelite": "NOAA-20", "municipio": "ANASTÁCIO", "estado": "MATO GROSSO DO SUL", "pais": "Brasil", "precipitacao": 0, "numero_dias_sem_chuva": 6, "risco_fogo": 0.78, "bioma": "Cerrado", "id_0": 33, "id_1": 50, "id_2": 5000708, "continente_id": 8, "vegetacao": "Pastagens e gramíneas", "grade_wrs": "225_074", "frp": 27.9}, "bbox": [-55.87881, -20.54544, -55.87881, -20.54544]}, {"type": "Feature", "id": "focos_48h_br_todosats.fid--3bf30ddf_19d555fad35_-3ab0", "geometry": {"type": "Point", "coordinates": [-51.33615, -19.69194]}, "geometry_name": "geometria", "properties": {"id_foco_bdq": 1812389568, "foco_id": "a72a28a0-8e84-334d-ba3f-9daf4a5fa7da", "longitude": -51.33615, "latitude": -19.69194, "data_hora_gmt": "2026-04-02T17:13:00Z", "data_pas": "2026-04-02", "satelite": "NOAA-20", "municipio": "PARANAÍBA", "estado": "MATO GROSSO DO SUL", "pais": "Brasil", "precipitacao": 4.37, "numero_dias_sem_chuva": 6, "risco_fogo": 0.46, "bioma": "Cerrado", "id_0": 33, "id_1": 50, "id_2": 5006309, "continente_id": 8, "vegetacao": "Pastagens e gramíneas", "grade_wrs": "223_074", "frp": 5.7}, "bbox": [-51.33615, -19.69194, -51.33615, -19.69194]}, {"type": "Feature", "id": "focos_48h_br_todosats.fid--3bf30ddf_19d555fad35_-3aaf", "geometry": {"type": "Point", "coordinates": [-53.37163, -24.87632]}, "geometry_name": "geometria", "properties": {"id_foco_bdq": 1812389342, "foco_id": "79e923e0-0a7d-30a9-a656-9090c5180d6b", "longitude": -53.37163, "latitude": -24.87632, "data_hora_gmt": "2026-04-02T17:13:00Z", "data_pas": "2026-04-02", "satelite": "NOAA-20", "municipio": "CASCAVEL", "estado": "PARANÁ", "pais": "Brasil", "precipitacao": 0, "numero_dias_sem_chuva": 0, "risco_fogo": 0.03, "bioma": "Mata Atlântica", "id_0": 33, "id_1": 41, "id_2": 4104808, "continente_id": 8, "vegetacao": "Florestas decíduas e sazonais", "grade_wrs": "223_077", "frp": 3.5}, "bbox": [-53.37163, -24.87632, -53.37163, -24.87632]}, {"type": "Feature", "id": "focos_48h_br_todosats.fid--3bf30ddf_19d555fad35_-3aae", "geometry": {"type": "Point", "coordinates": [-54.40351, -21.26953]}, "geometry_name": "geometria", "properties": {"id_foco_bdq": 1812389571, "foco_id": "a64e203d-19c7-377e-8f73-6372e755e4d7", "longitude": -54.40351, "latitude": -21.26953, "data_hora_gmt": "2026-04-02T17:13:00Z", "data_pas": "2026-04-02", "satelite": "NOAA-20", "municipio": "NOVA ALVORADA DO SUL", "estado": "MATO GROSSO DO SUL", "pais": "Brasil", "precipitacao": 2.07, "numero_dias_sem_chuva": 3, "risco_fogo": 0.52, "bioma": "Cerrado", "id_0": 33, "id_1": 50, "id_2": 5006002, "continente_id": 8, "vegetacao": "Pastagens e gramíneas", "grade_wrs": "224_075", "frp": 3.5}, "bbox": [-54.40351, -21.26953, -54.40351, -21.26953]}, {"type": "Feature", "id": "focos_48h_br_todosats.fid--3bf30ddf_19d555fad35_-3aad", "geometry": {"type": "Point", "coordinates": [-51.32798, -19.69058]}, "geometry_name": "geometria", "properties": {"id_foco_bdq": 1812389532, "foco_id": "0c4c2737-90f4-35fc-934d-827c24287d01", "longitude": -51.32798, "latitude": -19.69058, "data_hora_gmt": "2026-04-02T17:13:00Z", "data_pas": "2026-04-02", "satelite": "NOAA-20", "municipio": "PARANAÍBA", "estado": "MATO GROSSO DO SUL", "pais": "Brasil", "precipitacao": 4.63, "numero_dias_sem_chuva": 6, "risco_fogo": 0.44, "bioma": "Cerrado", "id_0": 33, "id_1": 50, "id_2": 5006309, "continente_id": 8, "vegetacao": "Pastagens e gramíneas", "grade_wrs": "223_074", "frp": 5.9}, "bbox": [-51.32798, -19.69058, -51.32798, -19.69058]}, {"type": "Feature", "id": "focos_48h_br_todosats.fid--3bf30ddf_19d555fad35_-3aac", "geometry": {"type": "Point", "coordinates": [-53.25493, -25.02111]}, "geometry_name": "geometria", "properties": {"id_foco_bdq": 1812388877, "foco_id": "b18bde92-6697-37e7-864c-0335e0d697ff", "longitude": -53.25493, "latitude": -25.02111, "data_hora_gmt": "2026-04-02T17:13:00Z", "data_pas": "2026-04-02", "satelite": "NOAA-20", "municipio": "CASCAVEL", "estado": "PARANÁ", "pais": "Brasil", "precipitacao": 0, "numero_dias_sem_chuva": 0, "risco_fogo": 0.07, "bioma": "Mata Atlântica", "id_0": 33, "id_1": 41, "id_2": 4104808, "continente_id": 8, "vegetacao": "Savana; Caatinga aberta", "grade_wrs": "223_077", "frp": 2.6}, "bbox": [-53.25493, -25.02111, -53.25493, -25.02111]}, {"type": "Feature", "id": "focos_48h_br_todosats.fid--3bf30ddf_19d555fad35_-3aab", "geometry": {"type": "Point", "coordinates": [-56.3252, -21.67174]}, "geometry_name": "geometria", "properties": {"id_foco_bdq": 1812388816, "foco_id": "1dc03e06-f1a0-308f-8d3e-fa1d71983851", "longitude": -56.3252, "latitude": -21.67174, "data_hora_gmt": "2026-04-02T17:13:00Z", "data_pas": "2026-04-02", "satelite": "NOAA-20", "municipio": "BELA VISTA", "estado": "MATO GROSSO DO SUL", "pais": "Brasil", "precipitacao": 1, "numero_dias_sem_chuva": 2, "risco_fogo": 0.84, "bioma": "Cerrado", "id_0": 33, "id_1": 50, "id_2": 5002100, "continente_id": 8, "vegetacao": "Agricultura e diversos", "grade_wrs": "226_075", "frp": 3.3}, "bbox": [-56.3252, -21.67174, -56.3252, -21.67174]}, {"type": "Feature", "id": "focos_48h_br_todosats.fid--3bf30ddf_19d555fad35_-3aaa", "geometry": {"type": "Point", "coordinates": [-48.91024, -20.00598]}, "geometry_name": "geometria", "properties": {"id_foco_bdq": 1812389381, "foco_id": "39f0b494-87d4-31ec-b113-f4f8615bb6cd", "longitude": -48.91024, "latitude": -20.00598, "data_hora_gmt": "2026-04-02T17:13:00Z", "data_pas": "2026-04-02", "satelite": "NOAA-20", "municipio": "FRUTAL", "estado": "MINAS GERAIS", "pais": "Brasil", "precipitacao": 1.01, "numero_dias_sem_chuva": 1, "risco_fogo": 0.14, "bioma": "Cerrado", "id_0": 33, "id_1": 31, "id_2": 3127107, "continente_id": 8, "vegetacao": "Corpos agua/Solos expostos/Mineracao/Areas urbanas e construidas/neve e gelo", "grade_wrs": "221_074", "frp": 5.3}, "bbox": [-48.91024, -20.00598, -48.91024, -20.00598]}, {"type": "Feature", "id": "focos_48h_br_todosats.fid--3bf30ddf_19d555fad35_-3aa9", "geometry": {"type": "Point", "coordinates": [-50.75048, -24.92951]}, "geometry_name": "geometria", "properties": {"id_foco_bdq": 1812389389, "foco_id": "c321236b-b302-33ac-abc2-8851d01c573b", "longitude": -50.75048, "latitude": -24.92951, "data_hora_gmt": "2026-04-02T17:13:00Z", "data_pas": "2026-04-02", "satelite": "NOAA-20", "municipio": "IPIRANGA", "estado": "PARANÁ", "pais": "Brasil", "precipitacao": 0.55, "numero_dias_sem_chuva": 0, "risco_fogo": 0.08, "bioma": "Mata Atlântica", "id_0": 33, "id_1": 41, "id_2": 4110508, "continente_id": 8, "vegetacao": "Savana arbórea; Caatinga fechada", "grade_wrs": "221_077", "frp": 127}, "bbox": [-50.75048, -24.92951, -50.75048, -24.92951]}, {"type": "Feature", "id": "focos_48h_br_todosats.fid--3bf30ddf_19d555fad35_-3aa8", "geometry": {"type": "Point", "coordinates": [-53.78091, -17.34031]}, "geometry_name": "geometria", "properties": {"id_foco_bdq": 1812389494, "foco_id": "880a5e30-288f-364e-acd6-8a0003df3b05", "longitude": -53.78091, "latitude": -17.34031, "data_hora_gmt": "2026-04-02T17:15:00Z", "data_pas": "2026-04-02", "satelite": "NOAA-20", "municipio": "SONORA", "estado": "MATO GROSSO DO SUL", "pais": "Brasil", "precipitacao": 7.63, "numero_dias_sem_chuva": 4, "risco_fogo": 0.02, "bioma": "Cerrado", "id_0": 33, "id_1": 50, "id_2": 5007935, "continente_id": 8, "vegetacao": "Agricultura e diversos", "grade_wrs": "225_072", "frp": 4.7}, "bbox": [-53.78091, -17.34031, -53.78091, -17.34031]}, {"type": "Feature", "id": "focos_48h_br_todosats.fid--3bf30ddf_19d555fad35_-3aa7", "geometry": {"type": "Point", "coordinates": [-52.14083, -12.63787]}, "geometry_name": "geometria", "properties": {"id_foco_bdq": 1812388972, "foco_id": "2c9af5e7-b597-361e-8aee-c691f1057268", "longitude": -52.14083, "latitude": -12.63787, "data_hora_gmt": "2026-04-02T17:15:00Z", "data_pas": "2026-04-02", "satelite": "NOAA-20", "municipio": "QUERÊNCIA", "estado": "MATO GROSSO", "pais": "Brasil", "precipitacao": 5.52, "numero_dias_sem_chuva": 2, "risco_fogo": 0, "bioma": "Amazônia", "id_0": 33, "id_1": 51, "id_2": 5107065, "continente_id": 8, "vegetacao": "Floresta de contato; Campinarana", "grade_wrs": "224_069", "frp": 6}, "bbox": [-52.14083, -12.63787, -52.14083, -12.63787]}, {"type": "Feature", "id": "focos_48h_br_todosats.fid--3bf30ddf_19d555fad35_-3aa6", "geometry": {"type": "Point", "coordinates": [-54.71817, -18.43624]}, "geometry_name": "geometria", "properties": {"id_foco_bdq": 1812389717, "foco_id": "609813d1-75d4-3b9d-b861-a0f836ef1e2e", "longitude": -54.71817, "latitude": -18.43624, "data_hora_gmt": "2026-04-02T17:15:00Z", "data_pas": "2026-04-02", "satelite": "NOAA-20", "municipio": "COXIM", "estado": "MATO GROSSO DO SUL", "pais": "Brasil", "precipitacao": 0.6, "numero_dias_sem_chuva": 0, "risco_fogo": 0.07, "bioma": "Cerrado", "id_0": 33, "id_1": 50, "id_2": 5003306, "continente_id": 8, "vegetacao": "Savana; Caatinga aberta", "grade_wrs": "225_073", "frp": 12.8}, "bbox": [-54.71817, -18.43624, -54.71817, -18.43624]}, {"type": "Feature", "id": "focos_48h_br_todosats.fid--3bf30ddf_19d555fad35_-3aa5", "geometry": {"type": "Point", "coordinates": [-58.82343, -14.54618]}, "geometry_name": "geometria", "properties": {"id_foco_bdq": 1812389789, "foco_id": "804d9947-b6d9-3baa-a5ef-bc76e10ab514", "longitude": -58.82343, "latitude": -14.54618, "data_hora_gmt": "2026-04-02T17:15:00Z", "data_pas": "2026-04-02", "satelite": "NOAA-20", "municipio": "TANGARÁ DA SERRA", "estado": "MATO GROSSO", "pais": "Brasil", "precipitacao": 5.62, "numero_dias_sem_chuva": 0, "risco_fogo": 0.01, "bioma": "Cerrado", "id_0": 33, "id_1": 51, "id_2": 5107958, "continente_id": 8, "vegetacao": "Savana; Caatinga aberta", "grade_wrs": "228_070", "frp": 4.8}, "bbox": [-58.82343, -14.54618, -58.82343, -14.54618]}, {"type": "Feature", "id": "focos_48h_br_todosats.fid--3bf30ddf_19d555fad35_-3aa4", "geometry": {"type": "Point", "coordinates": [-43.63591, -12.50249]}, "geometry_name": "geometria", "properties": {"id_foco_bdq": 1812389848, "foco_id": "cb505ea5-54b4-35d7-9771-e6280d9c3dc9", "longitude": -43.63591, "latitude": -12.50249, "data_hora_gmt": "2026-04-02T17:15:00Z", "data_pas": "2026-04-02", "satelite": "NOAA-20", "municipio": "BREJOLÂNDIA", "estado": "BAHIA", "pais": "Brasil", "precipitacao": 0.4, "numero_dias_sem_chuva": 0, "risco_fogo": 0.15, "bioma": "Cerrado", "id_0": 33, "id_1": 29, "id_2": 2904407, "continente_id": 8, "vegetacao": "Savana; Caatinga aberta", "grade_wrs": "219_069", "frp": 7.8}, "bbox": [-43.63591, -12.50249, -43.63591, -12.50249]}, {"type": "Feature", "id": "focos_48h_br_todosats.fid--3bf30ddf_19d555fad35_-3aa3", "geometry": {"type": "Point", "coordinates": [-41.61817, -12.81031]}, "geometry_name": "geometria", "properties": {"id_foco_bdq": 1812389063, "foco_id": "ffedfc80-9cd4-31f4-8752-c3c3648c434f", "longitude": -41.61817, "latitude": -12.81031, "data_hora_gmt": "2026-04-02T17:15:00Z", "data_pas": "2026-04-02", "satelite": "NOAA-20", "municipio": "MUCUGÊ", "estado": "BAHIA", "pais": "Brasil", "precipitacao": 1.65, "numero_dias_sem_chuva": 0, "risco_fogo": 0.02, "bioma": "Caatinga", "id_0": 33, "id_1": 29, "id_2": 2921906, "continente_id": 8, "vegetacao": "Savana; Caatinga aberta", "grade_wrs": "217_069", "frp": 9.6}, "bbox": [-41.61817, -12.81031, -41.61817, -12.81031]}, {"type": "Feature", "id": "focos_48h_br_todosats.fid--3bf30ddf_19d555fad35_-3aa2", "geometry": {"type": "Point", "coordinates": [-43.63993, -12.50082]}, "geometry_name": "geometria", "properties": {"id_foco_bdq": 1812388786, "foco_id": "0ba19115-a769-36ca-82b0-6fc712ba3da1", "longitude": -43.63993, "latitude": -12.50082, "data_hora_gmt": "2026-04-02T17:15:00Z", "data_pas": "2026-04-02", "satelite": "NOAA-20", "municipio": "BREJOLÂNDIA", "estado": "BAHIA", "pais": "Brasil", "precipitacao": 0.4, "numero_dias_sem_chuva": 0, "risco_fogo": 0.11, "bioma": "Cerrado", "id_0": 33, "id_1": 29, "id_2": 2904407, "continente_id": 8, "vegetacao": "Savana arbórea; Caatinga fechada", "grade_wrs": "219_069", "frp": 5.2}, "bbox": [-43.63993, -12.50082, -43.63993, -12.50082]}, {"type": "Feature", "id": "focos_48h_br_todosats.fid--3bf30ddf_19d555fad35_-3aa1", "geometry": {"type": "Point", "coordinates": [-55.31885, -18.65047]}, "geometry_name": "geometria", "properties": {"id_foco_bdq": 1812389001, "foco_id": "9e67e0a7-e7f9-3501-bd8f-5d0a9193d3a9", "longitude": -55.31885, "latitude": -18.65047, "data_hora_gmt": "2026-04-02T17:15:00Z", "data_pas": "2026-04-02", "satelite": "NOAA-20", "municipio": "RIO VERDE DE MATO GROSSO", "estado": "MATO GROSSO DO SUL", "pais": "Brasil", "precipitacao": 0.61, "numero_dias_sem_chuva": 4, "risco_fogo": 0.58, "bioma": "Pantanal", "id_0": 33, "id_1": 50, "id_2": 5007406, "continente_id": 8, "vegetacao": "Pastagens e gramíneas", "grade_wrs": "225_073", "frp": 1.4}, "bbox": [-55.31885, -18.65047, -55.31885, -18.65047]}, {"type": "Feature", "id": "focos_48h_br_todosats.fid--3bf30ddf_19d555fad35_-3aa0", "geometry": {"type": "Point", "coordinates": [-41.61665, -12.81593]}, "geometry_name": "geometria", "properties": {"id_foco_bdq": 1812388750, "foco_id": "459d9b54-e021-3951-a1b0-0ca51bc35f8b", "longitude": -41.61665, "latitude": -12.81593, "data_hora_gmt": "2026-04-02T17:15:00Z", "data_pas": "2026-04-02", "satelite": "NOAA-20", "municipio": "MUCUGÊ", "estado": "BAHIA", "pais": "Brasil", "precipitacao": 1.6, "numero_dias_sem_chuva": 0, "risco_fogo": 0.02, "bioma": "Caatinga", "id_0": 33, "id_1": 29, "id_2": 2921906, "continente_id": 8, "vegetacao": "Savana arbórea; Caatinga fechada", "grade_wrs": "217_069", "frp": 12.9}, "bbox": [-41.61665, -12.81593, -41.61665, -12.81593]}, {"type": "Feature", "id": "focos_48h_br_todosats.fid--3bf30ddf_19d555fad35_-3a9f", "geometry": {"type": "Point", "coordinates": [-55.30062, -14.94114]}, "geometry_name": "geometria", "properties": {"id_foco_bdq": 1812389924, "foco_id": "80a3be62-3afb-3fb1-92b5-c273fa19f025", "longitude": -55.30062, "latitude": -14.94114, "data_hora_gmt": "2026-04-02T17:15:00Z", "data_pas": "2026-04-02", "satelite": "NOAA-20", "municipio": "CHAPADA DOS GUIMARÃES", "estado": "MATO GROSSO", "pais": "Brasil", "precipitacao": 4.09, "numero_dias_sem_chuva": 0, "risco_fogo": 0.03, "bioma": "Cerrado", "id_0": 33, "id_1": 51, "id_2": 5103007, "continente_id": 8, "vegetacao": "Pastagens e gramíneas", "grade_wrs": "226_070", "frp": 7}, "bbox": [-55.30062, -14.94114, -55.30062, -14.94114]}, {"type": "Feature", "id": "focos_48h_br_todosats.fid--3bf30ddf_19d555fad35_-3a9e", "geometry": {"type": "Point", "coordinates": [-62.87078, -11.95817]}, "geometry_name": "geometria", "properties": {"id_foco_bdq": 1812389565, "foco_id": "167720fa-ec94-3305-a8b2-aec5f88701dd", "longitude": -62.87078, "latitude": -11.95817, "data_hora_gmt": "2026-04-02T17:17:00Z", "data_pas": "2026-04-02", "satelite": "NOAA-20", "municipio": "SÃO MIGUEL DO GUAPORÉ", "estado": "RONDÔNIA", "pais": "Brasil", "precipitacao": 0.61, "numero_dias_sem_chuva": 0, "risco_fogo": 0.16, "bioma": "Amazônia", "id_0": 33, "id_1": 11, "id_2": 1100320, "continente_id": 8, "vegetacao": "Pastagens e gramíneas", "grade_wrs": "231_068", "frp": 5.9}, "bbox": [-62.87078, -11.95817, -62.87078, -11.95817]}, {"type": "Feature", "id": "focos_48h_br_todosats.fid--3bf30ddf_19d555fad35_-3a9d", "geometry": {"type": "Point", "coordinates": [-58.51875, -3.15464]}, "geometry_name": "geometria", "properties": {"id_foco_bdq": 1812389345, "foco_id": "21169690-5d63-3bdc-b127-d4920415250e", "longitude": -58.51875, "latitude": -3.15464, "data_hora_gmt": "2026-04-02T17:20:00Z", "data_pas": "2026-04-02", "satelite": "NOAA-20", "municipio": "ITACOATIARA", "estado": "AMAZONAS", "pais": "Brasil", "precipitacao": 0, "numero_dias_sem_chuva": 0, "risco_fogo": -999, "bioma": "Amazônia", "id_0": 33, "id_1": 13, "id_2": 1301902, "continente_id": 8, "vegetacao": "Corpos agua/Solos expostos/Mineracao/Areas urbanas e construidas/neve e gelo", "grade_wrs": "230_062", "frp": 1.4}, "bbox": [-58.51875, -3.15464, -58.51875, -3.15464]}, {"type": "Feature", "id": "focos_48h_br_todosats.fid--3bf30ddf_19d555fad35_-3a9c", "geometry": {"type": "Point", "coordinates": [-55.17349, -1.89784]}, "geometry_name": "geometria", "properties": {"id_foco_bdq": 1812389754, "foco_id": "fc5e073b-1fda-396a-a6d6-431836106762", "longitude": -55.17349, "latitude": -1.89784, "data_hora_gmt": "2026-04-02T17:20:00Z", "data_pas": "2026-04-02", "satelite": "NOAA-20", "municipio": "CURUÁ", "estado": "PARÁ", "pais": "Brasil", "precipitacao": 2.31, "numero_dias_sem_chuva": 0, "risco_fogo": 0, "bioma": "Amazônia", "id_0": 33, "id_1": 15, "id_2": 1502855, "continente_id": 8, "vegetacao": "Floresta Ombrófila densa", "grade_wrs": "228_061", "frp": 3.8}, "bbox": [-55.17349, -1.89784, -55.17349, -1.89784]}, {"type": "Feature", "id": "focos_48h_br_todosats.fid--3bf30ddf_19d555fad35_-3a9b", "geometry": {"type": "Point", "coordinates": [-64.1867, -7.09681]}, "geometry_name": "geometria", "properties": {"id_foco_bdq": 1812389340, "foco_id": "e5db5d78-19b2-3af2-96af-2e870e0c9d93", "longitude": -64.1867, "latitude": -7.09681, "data_hora_gmt": "2026-04-02T17:20:00Z", "data_pas": "2026-04-02", "satelite": "NOAA-20", "municipio": "CANUTAMA", "estado": "AMAZONAS", "pais": "Brasil", "precipitacao": 1.97, "numero_dias_sem_chuva": 0, "risco_fogo": 0.01, "bioma": "Amazônia", "id_0": 33, "id_1": 13, "id_2": 1300904, "continente_id": 8, "vegetacao": "Floresta Ombrófila densa", "grade_wrs": "233_065", "frp": 0.5}, "bbox": [-64.1867, -7.09681, -64.1867, -7.09681]}, {"type": "Feature", "id": "focos_48h_br_todosats.fid--3bf30ddf_19d555fad35_-3a9a", "geometry": {"type": "Point", "coordinates": [-55.17749, -1.89847]}, "geometry_name": "geometria", "properties": {"id_foco_bdq": 1812388760, "foco_id": "df48211f-0071-3b22-b189-f363a3748543", "longitude": -55.17749, "latitude": -1.89847, "data_hora_gmt": "2026-04-02T17:20:00Z", "data_pas": "2026-04-02", "satelite": "NOAA-20", "municipio": "ÓBIDOS", "estado": "PARÁ", "pais": "Brasil", "precipitacao": 2.24, "numero_dias_sem_chuva": 0, "risco_fogo": 0, "bioma": "Amazônia", "id_0": 33, "id_1": 15, "id_2": 1505106, "continente_id": 8, "vegetacao": "Florestas decíduas e sazonais", "grade_wrs": "228_061", "frp": 5.9}, "bbox": [-55.17749, -1.89847, -55.17749, -1.89847]}, {"type": "Feature", "id": "focos_48h_br_todosats.fid--3bf30ddf_19d555fad35_-3a99", "geometry": {"type": "Point", "coordinates": [-63.24323, -3.94903]}, "geometry_name": "geometria", "properties": {"id_foco_bdq": 1812389233, "foco_id": "d47cce6f-6101-398e-8594-316ed18b96aa", "longitude": -63.24323, "latitude": -3.94903, "data_hora_gmt": "2026-04-02T17:20:00Z", "data_pas": "2026-04-02", "satelite": "NOAA-20", "municipio": "COARI", "estado": "AMAZONAS", "pais": "Brasil", "precipitacao": 5.67, "numero_dias_sem_chuva": 0, "risco_fogo": 0.01, "bioma": "Amazônia", "id_0": 33, "id_1": 13, "id_2": 1301209, "continente_id": 8, "vegetacao": "Floresta Ombrófila densa", "grade_wrs": "233_063", "frp": 4.8}, "bbox": [-63.24323, -3.94903, -63.24323, -3.94903]}, {"type": "Feature", "id": "focos_48h_br_todosats.fid--3bf30ddf_19d555fad35_-3a98", "geometry": {"type": "Point", "coordinates": [-63.2424, -3.94889]}, "geometry_name": "geometria", "properties": {"id_foco_bdq": 1812389616, "foco_id": "cc0b576e-5147-36e7-8678-2ef5152d8c82", "longitude": -63.2424, "latitude": -3.94889, "data_hora_gmt": "2026-04-02T17:20:00Z", "data_pas": "2026-04-02", "satelite": "NOAA-20", "municipio": "COARI", "estado": "AMAZONAS", "pais": "Brasil", "precipitacao": 5.69, "numero_dias_sem_chuva": 0, "risco_fogo": 0.01, "bioma": "Amazônia", "id_0": 33, "id_1": 13, "id_2": 1301209, "continente_id": 8, "vegetacao": "Floresta Ombrófila densa", "grade_wrs": "233_063", "frp": 6}, "bbox": [-63.2424, -3.94889, -63.2424, -3.94889]}, {"type": "Feature", "id": "focos_48h_br_todosats.fid--3bf30ddf_19d555fad35_-3a97", "geometry": {"type": "Point", "coordinates": [-60.22205, 4.66185]}, "geometry_name": "geometria", "properties": {"id_foco_bdq": 1812388882, "foco_id": "34dd67f5-e562-3538-a94e-091111f3fae6", "longitude": -60.22205, "latitude": 4.66185, "data_hora_gmt": "2026-04-02T17:22:00Z", "data_pas": "2026-04-02", "satelite": "NOAA-20", "municipio": "UIRAMUTÃ", "estado": "RORAIMA", "pais": "Brasil", "precipitacao": 1.02, "numero_dias_sem_chuva": 1, "risco_fogo": 0.06, "bioma": "Amazônia", "id_0": 33, "id_1": 14, "id_2": 1400704, "continente_id": 8, "vegetacao": "Agricultura e diversos", "grade_wrs": "232_057", "frp": 26.1}, "bbox": [-60.22205, 4.66185, -60.22205, 4.66185]}, {"type": "Feature", "id": "focos_48h_br_todosats.fid--3bf30ddf_19d555fad35_-3a96", "geometry": {"type": "Point", "coordinates": [-60.10907, 4.60121]}, "geometry_name": "geometria", "properties": {"id_foco_bdq": 1812389130, "foco_id": "6d85caeb-8de1-3c46-840d-3577a0f2e602", "longitude": -60.10907, "latitude": 4.60121, "data_hora_gmt": "2026-04-02T17:22:00Z", "data_pas": "2026-04-02", "satelite": "NOAA-20", "municipio": "UIRAMUTÃ", "estado": "RORAIMA", "pais": "Brasil", "precipitacao": 0.8, "numero_dias_sem_chuva": 1, "risco_fogo": 0.1, "bioma": "Amazônia", "id_0": 33, "id_1": 14, "id_2": 1400704, "continente_id": 8, "vegetacao": "Savana arbórea; Caatinga fechada", "grade_wrs": "232_057", "frp": 19.8}, "bbox": [-60.10907, 4.60121, -60.10907, 4.60121]}, {"type": "Feature", "id": "focos_48h_br_todosats.fid--3bf30ddf_19d555fad35_-3a95", "geometry": {"type": "Point", "coordinates": [-60.60807, 1.84062]}, "geometry_name": "geometria", "properties": {"id_foco_bdq": 1812389143, "foco_id": "3470da8d-9fe0-3974-9bb9-8f49053c221c", "longitude": -60.60807, "latitude": 1.84062, "data_hora_gmt": "2026-04-02T17:22:00Z", "data_pas": "2026-04-02", "satelite": "NOAA-20", "municipio": "CARACARAÍ", "estado": "RORAIMA", "pais": "Brasil", "precipitacao": 0.1, "numero_dias_sem_chuva": 2, "risco_fogo": 0.33, "bioma": "Amazônia", "id_0": 33, "id_1": 14, "id_2": 1400209, "continente_id": 8, "vegetacao": "Savana; Caatinga aberta", "grade_wrs": "232_059", "frp": 10.4}, "bbox": [-60.60807, 1.84062, -60.60807, 1.84062]}, {"type": "Feature", "id": "focos_48h_br_todosats.fid--3bf30ddf_19d555fad35_-3a94", "geometry": {"type": "Point", "coordinates": [-59.9502, 4.34024]}, "geometry_name": "geometria", "properties": {"id_foco_bdq": 1812389169, "foco_id": "24d6fc15-29fc-365a-a01f-94c7061f3262", "longitude": -59.9502, "latitude": 4.34024, "data_hora_gmt": "2026-04-02T17:22:00Z", "data_pas": "2026-04-02", "satelite": "NOAA-20", "municipio": "UIRAMUTÃ", "estado": "RORAIMA", "pais": "Brasil", "precipitacao": 0.7, "numero_dias_sem_chuva": 0, "risco_fogo": 0.34, "bioma": "Amazônia", "id_0": 33, "id_1": 14, "id_2": 1400704, "continente_id": 8, "vegetacao": "Savana; Caatinga aberta", "grade_wrs": "232_057", "frp": 5.8}, "bbox": [-59.9502, 4.34024, -59.9502, 4.34024]}, {"type": "Feature", "id": "focos_48h_br_todosats.fid--3bf30ddf_19d555fad35_-3a93", "geometry": {"type": "Point", "coordinates": [-60.7606, 1.40428]}, "geometry_name": "geometria", "properties": {"id_foco_bdq": 1812389199, "foco_id": "95892a0b-c990-3863-b414-a5ad7a35175c", "longitude": -60.7606, "latitude": 1.40428, "data_hora_gmt": "2026-04-02T17:22:00Z", "data_pas": "2026-04-02", "satelite": "NOAA-20", "municipio": "CARACARAÍ", "estado": "RORAIMA", "pais": "Brasil", "precipitacao": 0.4, "numero_dias_sem_chuva": 0, "risco_fogo": 0.04, "bioma": "Amazônia", "id_0": 33, "id_1": 14, "id_2": 1400209, "continente_id": 8, "vegetacao": "Floresta Ombrófila densa", "grade_wrs": "232_059", "frp": 2.5}, "bbox": [-60.7606, 1.40428, -60.7606, 1.40428]}, {"type": "Feature", "id": "focos_48h_br_todosats.fid--3bf30ddf_19d555fad35_-3a92", "geometry": {"type": "Point", "coordinates": [-61.32879, 1.86899]}, "geometry_name": "geometria", "properties": {"id_foco_bdq": 1812389217, "foco_id": "718b07e7-aaca-373c-9f6b-5747531f5c61", "longitude": -61.32879, "latitude": 1.86899, "data_hora_gmt": "2026-04-02T17:22:00Z", "data_pas": "2026-04-02", "satelite": "NOAA-20", "municipio": "CARACARAÍ", "estado": "RORAIMA", "pais": "Brasil", "precipitacao": 0.1, "numero_dias_sem_chuva": 0, "risco_fogo": 0.47, "bioma": "Amazônia", "id_0": 33, "id_1": 14, "id_2": 1400209, "continente_id": 8, "vegetacao": "Savana arbórea; Caatinga fechada", "grade_wrs": "232_059", "frp": 11.4}, "bbox": [-61.32879, 1.86899, -61.32879, 1.86899]}, {"type": "Feature", "id": "focos_48h_br_todosats.fid--3bf30ddf_19d555fad35_-3a91", "geometry": {"type": "Point", "coordinates": [-60.0636, 3.067]}, "geometry_name": "geometria", "properties": {"id_foco_bdq": 1812389221, "foco_id": "43abe035-4736-3333-be00-e2e80730ee60", "longitude": -60.0636, "latitude": 3.067, "data_hora_gmt": "2026-04-02T17:22:00Z", "data_pas": "2026-04-02", "satelite": "NOAA-20", "municipio": "BONFIM", "estado": "RORAIMA", "pais": "Brasil", "precipitacao": 0.2, "numero_dias_sem_chuva": 0, "risco_fogo": 0.13, "bioma": "Amazônia", "id_0": 33, "id_1": 14, "id_2": 1400159, "continente_id": 8, "vegetacao": "Savana; Caatinga aberta", "grade_wrs": "231_058", "frp": 4.9}, "bbox": [-60.0636, 3.067, -60.0636, 3.067]}, {"type": "Feature", "id": "focos_48h_br_todosats.fid--3bf30ddf_19d555fad35_-3a90", "geometry": {"type": "Point", "coordinates": [-60.47158, 3.75764]}, "geometry_name": "geometria", "properties": {"id_foco_bdq": 1812389232, "foco_id": "ef0a63ce-a89e-3b29-b3f7-e6f8434cbe17", "longitude": -60.47158, "latitude": 3.75764, "data_hora_gmt": "2026-04-02T17:22:00Z", "data_pas": "2026-04-02", "satelite": "NOAA-20", "municipio": "NORMANDIA", "estado": "RORAIMA", "pais": "Brasil", "precipitacao": 0.22, "numero_dias_sem_chuva": 0, "risco_fogo": 0.01, "bioma": "Amazônia", "id_0": 33, "id_1": 14, "id_2": 1400407, "continente_id": 8, "vegetacao": "Savana; Caatinga aberta", "grade_wrs": "232_057", "frp": 2.4}, "bbox": [-60.47158, 3.75764, -60.47158, 3.75764]}, {"type": "Feature", "id": "focos_48h_br_todosats.fid--3bf30ddf_19d555fad35_-3a8f", "geometry": {"type": "Point", "coordinates": [-60.10618, 3.247]}, "geometry_name": "geometria", "properties": {"id_foco_bdq": 1812389307, "foco_id": "ef80609a-7a53-3634-b453-7b3499de9744", "longitude": -60.10618, "latitude": 3.247, "data_hora_gmt": "2026-04-02T17:22:00Z", "data_pas": "2026-04-02", "satelite": "NOAA-20", "municipio": "BONFIM", "estado": "RORAIMA", "pais": "Brasil", "precipitacao": 0, "numero_dias_sem_chuva": 0, "risco_fogo": 0.04, "bioma": "Amazônia", "id_0": 33, "id_1": 14, "id_2": 1400159, "continente_id": 8, "vegetacao": "Savana; Caatinga aberta", "grade_wrs": "232_058", "frp": 9.3}, "bbox": [-60.10618, 3.247, -60.10618, 3.247]}, {"type": "Feature", "id": "focos_48h_br_todosats.fid--3bf30ddf_19d555fad35_-3a8e", "geometry": {"type": "Point", "coordinates": [-60.54517, 3.78749]}, "geometry_name": "geometria", "properties": {"id_foco_bdq": 1812389395, "foco_id": "0eafbbd4-e9b8-3920-a8d3-9215c108c5b9", "longitude": -60.54517, "latitude": 3.78749, "data_hora_gmt": "2026-04-02T17:22:00Z", "data_pas": "2026-04-02", "satelite": "NOAA-20", "municipio": "PACARAIMA", "estado": "RORAIMA", "pais": "Brasil", "precipitacao": 0.3, "numero_dias_sem_chuva": 0, "risco_fogo": 0.01, "bioma": "Amazônia", "id_0": 33, "id_1": 14, "id_2": 1400456, "continente_id": 8, "vegetacao": "Savana; Caatinga aberta", "grade_wrs": "232_057", "frp": 1.6}, "bbox": [-60.54517, 3.78749, -60.54517, 3.78749]}, {"type": "Feature", "id": "focos_48h_br_todosats.fid--3bf30ddf_19d555fad35_-3a8d", "geometry": {"type": "Point", "coordinates": [-59.95253, 3.65428]}, "geometry_name": "geometria", "properties": {"id_foco_bdq": 1812389418, "foco_id": "cc302273-cbdc-33fc-b639-33b215dd789f", "longitude": -59.95253, "latitude": 3.65428, "data_hora_gmt": "2026-04-02T17:22:00Z", "data_pas": "2026-04-02", "satelite": "NOAA-20", "municipio": "NORMANDIA", "estado": "RORAIMA", "pais": "Brasil", "precipitacao": 0.03, "numero_dias_sem_chuva": 0, "risco_fogo": 0.05, "bioma": "Amazônia", "id_0": 33, "id_1": 14, "id_2": 1400407, "continente_id": 8, "vegetacao": "Savana; Caatinga aberta", "grade_wrs": "231_058", "frp": 3}, "bbox": [-59.95253, 3.65428, -59.95253, 3.65428]}, {"type": "Feature", "id": "focos_48h_br_todosats.fid--3bf30ddf_19d555fad35_-3a8c", "geometry": {"type": "Point", "coordinates": [-60.00365, 4.36281]}, "geometry_name": "geometria", "properties": {"id_foco_bdq": 1812389432, "foco_id": "97dac2b2-b183-3500-a21b-a6373deae515", "longitude": -60.00365, "latitude": 4.36281, "data_hora_gmt": "2026-04-02T17:22:00Z", "data_pas": "2026-04-02", "satelite": "NOAA-20", "municipio": "UIRAMUTÃ", "estado": "RORAIMA", "pais": "Brasil", "precipitacao": 1, "numero_dias_sem_chuva": 1, "risco_fogo": 0.36, "bioma": "Amazônia", "id_0": 33, "id_1": 14, "id_2": 1400704, "continente_id": 8, "vegetacao": "Savana; Caatinga aberta", "grade_wrs": "232_057", "frp": 5.6}, "bbox": [-60.00365, 4.36281, -60.00365, 4.36281]}, {"type": "Feature", "id": "focos_48h_br_todosats.fid--3bf30ddf_19d555fad35_-3a8b", "geometry": {"type": "Point", "coordinates": [-60.91829, 3.93694]}, "geometry_name": "geometria", "properties": {"id_foco_bdq": 1812389433, "foco_id": "df24afac-9d85-31e2-98c8-8f52f62c7a55", "longitude": -60.91829, "latitude": 3.93694, "data_hora_gmt": "2026-04-02T17:22:00Z", "data_pas": "2026-04-02", "satelite": "NOAA-20", "municipio": "PACARAIMA", "estado": "RORAIMA", "pais": "Brasil", "precipitacao": 0.6, "numero_dias_sem_chuva": 0, "risco_fogo": 0.09, "bioma": "Amazônia", "id_0": 33, "id_1": 14, "id_2": 1400456, "continente_id": 8, "vegetacao": "Savana; Caatinga aberta", "grade_wrs": "232_057", "frp": 1.4}, "bbox": [-60.91829, 3.93694, -60.91829, 3.93694]}, {"type": "Feature", "id": "focos_48h_br_todosats.fid--3bf30ddf_19d555fad35_-3a8a", "geometry": {"type": "Point", "coordinates": [-69.17737, 0.63778]}, "geometry_name": "geometria", "properties": {"id_foco_bdq": 1812389461, "foco_id": "861cd4fa-6094-381f-842c-2e781968311f", "longitude": -69.17737, "latitude": 0.63778, "data_hora_gmt": "2026-04-02T17:22:00Z", "data_pas": "2026-04-02", "satelite": "NOAA-20", "municipio": "SÃO GABRIEL DA CACHOEIRA", "estado": "AMAZONAS", "pais": "Brasil", "precipitacao": 0, "numero_dias_sem_chuva": 1, "risco_fogo": 0.01, "bioma": "Amazônia", "id_0": 33, "id_1": 13, "id_2": 1303809, "continente_id": 8, "vegetacao": "Floresta Ombrófila densa", "grade_wrs": "004_060", "frp": 5.5}, "bbox": [-69.17737, 0.63778, -69.17737, 0.63778]}, {"type": "Feature", "id": "focos_48h_br_todosats.fid--3bf30ddf_19d555fad35_-3a89", "geometry": {"type": "Point", "coordinates": [-60.84953, 3.97176]}, "geometry_name": "geometria", "properties": {"id_foco_bdq": 1812389502, "foco_id": "8116b220-d848-39b1-8a07-cac4ceaf6feb", "longitude": -60.84953, "latitude": 3.97176, "data_hora_gmt": "2026-04-02T17:22:00Z", "data_pas": "2026-04-02", "satelite": "NOAA-20", "municipio": "PACARAIMA", "estado": "RORAIMA", "pais": "Brasil", "precipitacao": 0.6, "numero_dias_sem_chuva": 0, "risco_fogo": 0.03, "bioma": "Amazônia", "id_0": 33, "id_1": 14, "id_2": 1400456, "continente_id": 8, "vegetacao": "Savana; Caatinga aberta", "grade_wrs": "232_057", "frp": 3.2}, "bbox": [-60.84953, 3.97176, -60.84953, 3.97176]}, {"type": "Feature", "id": "focos_48h_br_todosats.fid--3bf30ddf_19d555fad35_-3a88", "geometry": {"type": "Point", "coordinates": [-62.62323, 0.88685]}, "geometry_name": "geometria", "properties": {"id_foco_bdq": 1812389526, "foco_id": "aa80eb5d-b989-3c56-9a86-94fa8d6722fb", "longitude": -62.62323, "latitude": 0.88685, "data_hora_gmt": "2026-04-02T17:22:00Z", "data_pas": "2026-04-02", "satelite": "NOAA-20", "municipio": "BARCELOS", "estado": "AMAZONAS", "pais": "Brasil", "precipitacao": 0.3, "numero_dias_sem_chuva": 1, "risco_fogo": 0.05, "bioma": "Amazônia", "id_0": 33, "id_1": 13, "id_2": 1300409, "continente_id": 8, "vegetacao": "Floresta Ombrófila densa", "grade_wrs": "233_059", "frp": 11.1}, "bbox": [-62.62323, 0.88685, -62.62323, 0.88685]}, {"type": "Feature", "id": "focos_48h_br_todosats.fid--3bf30ddf_19d555fad35_-3a87", "geometry": {"type": "Point", "coordinates": [-60.72878, 4.11964]}, "geometry_name": "geometria", "properties": {"id_foco_bdq": 1812389584, "foco_id": "c1f6dac0-40d9-3206-8a40-100214e0f91f", "longitude": -60.72878, "latitude": 4.11964, "data_hora_gmt": "2026-04-02T17:22:00Z", "data_pas": "2026-04-02", "satelite": "NOAA-20", "municipio": "PACARAIMA", "estado": "RORAIMA", "pais": "Brasil", "precipitacao": 0.9, "numero_dias_sem_chuva": 1, "risco_fogo": 0.03, "bioma": "Amazônia", "id_0": 33, "id_1": 14, "id_2": 1400456, "continente_id": 8, "vegetacao": "Savana; Caatinga aberta", "grade_wrs": "232_057", "frp": 3.1}, "bbox": [-60.72878, 4.11964, -60.72878, 4.11964]}, {"type": "Feature", "id": "focos_48h_br_todosats.fid--3bf30ddf_19d555fad35_-3a86", "geometry": {"type": "Point", "coordinates": [-60.92138, 3.88445]}, "geometry_name": "geometria", "properties": {"id_foco_bdq": 1812389596, "foco_id": "59a76486-2ab1-36df-9c5d-93310319912e", "longitude": -60.92138, "latitude": 3.88445, "data_hora_gmt": "2026-04-02T17:22:00Z", "data_pas": "2026-04-02", "satelite": "NOAA-20", "municipio": "AMAJARI", "estado": "RORAIMA", "pais": "Brasil", "precipitacao": 0.5, "numero_dias_sem_chuva": 0, "risco_fogo": 0.08, "bioma": "Amazônia", "id_0": 33, "id_1": 14, "id_2": 1400027, "continente_id": 8, "vegetacao": "Savana; Caatinga aberta", "grade_wrs": "232_057", "frp": 4.3}, "bbox": [-60.92138, 3.88445, -60.92138, 3.88445]}, {"type": "Feature", "id": "focos_48h_br_todosats.fid--3bf30ddf_19d555fad35_-3a85", "geometry": {"type": "Point", "coordinates": [-61.23053, 2.13001]}, "geometry_name": "geometria", "properties": {"id_foco_bdq": 1812389640, "foco_id": "a5ddb1e6-c42f-365e-9273-5c0d094159c8", "longitude": -61.23053, "latitude": 2.13001, "data_hora_gmt": "2026-04-02T17:22:00Z", "data_pas": "2026-04-02", "satelite": "NOAA-20", "municipio": "IRACEMA", "estado": "RORAIMA", "pais": "Brasil", "precipitacao": 0.1, "numero_dias_sem_chuva": 2, "risco_fogo": 0.07, "bioma": "Amazônia", "id_0": 33, "id_1": 14, "id_2": 1400282, "continente_id": 8, "vegetacao": "Floresta Ombrófila densa", "grade_wrs": "232_059", "frp": 10.1}, "bbox": [-61.23053, 2.13001, -61.23053, 2.13001]}, {"type": "Feature", "id": "focos_48h_br_todosats.fid--3bf30ddf_19d555fad35_-3a84", "geometry": {"type": "Point", "coordinates": [-60.08018, 4.10321]}, "geometry_name": "geometria", "properties": {"id_foco_bdq": 1812389687, "foco_id": "6eeb676f-59ad-3016-8614-0c1b4bf1f618", "longitude": -60.08018, "latitude": 4.10321, "data_hora_gmt": "2026-04-02T17:22:00Z", "data_pas": "2026-04-02", "satelite": "NOAA-20", "municipio": "NORMANDIA", "estado": "RORAIMA", "pais": "Brasil", "precipitacao": 0.6, "numero_dias_sem_chuva": 0, "risco_fogo": 0.16, "bioma": "Amazônia", "id_0": 33, "id_1": 14, "id_2": 1400407, "continente_id": 8, "vegetacao": "Savana; Caatinga aberta", "grade_wrs": "232_057", "frp": 140.3}, "bbox": [-60.08018, 4.10321, -60.08018, 4.10321]}, {"type": "Feature", "id": "focos_48h_br_todosats.fid--3bf30ddf_19d555fad35_-3a83", "geometry": {"type": "Point", "coordinates": [-60.91568, 3.87391]}, "geometry_name": "geometria", "properties": {"id_foco_bdq": 1812389689, "foco_id": "ab584d3f-8351-3180-8e8d-0282bbc83b0a", "longitude": -60.91568, "latitude": 3.87391, "data_hora_gmt": "2026-04-02T17:22:00Z", "data_pas": "2026-04-02", "satelite": "NOAA-20", "municipio": "AMAJARI", "estado": "RORAIMA", "pais": "Brasil", "precipitacao": 0.5, "numero_dias_sem_chuva": 0, "risco_fogo": 0.07, "bioma": "Amazônia", "id_0": 33, "id_1": 14, "id_2": 1400027, "continente_id": 8, "vegetacao": "Savana; Caatinga aberta", "grade_wrs": "232_057", "frp": 4.7}, "bbox": [-60.91568, 3.87391, -60.91568, 3.87391]}, {"type": "Feature", "id": "focos_48h_br_todosats.fid--3bf30ddf_19d555fad35_-3a82", "geometry": {"type": "Point", "coordinates": [-60.08068, 4.10653]}, "geometry_name": "geometria", "properties": {"id_foco_bdq": 1812389730, "foco_id": "858cbca4-953b-3e02-85d1-c640c51dac63", "longitude": -60.08068, "latitude": 4.10653, "data_hora_gmt": "2026-04-02T17:22:00Z", "data_pas": "2026-04-02", "satelite": "NOAA-20", "municipio": "NORMANDIA", "estado": "RORAIMA", "pais": "Brasil", "precipitacao": 0.6, "numero_dias_sem_chuva": 0, "risco_fogo": 0.16, "bioma": "Amazônia", "id_0": 33, "id_1": 14, "id_2": 1400407, "continente_id": 8, "vegetacao": "Savana; Caatinga aberta", "grade_wrs": "232_057", "frp": 140.3}, "bbox": [-60.08068, 4.10653, -60.08068, 4.10653]}, {"type": "Feature", "id": "focos_48h_br_todosats.fid--3bf30ddf_19d555fad35_-3a81", "geometry": {"type": "Point", "coordinates": [-60.11267, 3.24259]}, "geometry_name": "geometria", "properties": {"id_foco_bdq": 1812389732, "foco_id": "f2d98db0-8960-3e09-8573-8b1ebf16c89d", "longitude": -60.11267, "latitude": 3.24259, "data_hora_gmt": "2026-04-02T17:22:00Z", "data_pas": "2026-04-02", "satelite": "NOAA-20", "municipio": "BONFIM", "estado": "RORAIMA", "pais": "Brasil", "precipitacao": 0, "numero_dias_sem_chuva": 0, "risco_fogo": 0.04, "bioma": "Amazônia", "id_0": 33, "id_1": 14, "id_2": 1400159, "continente_id": 8, "vegetacao": "Savana; Caatinga aberta", "grade_wrs": "232_058", "frp": 4.7}, "bbox": [-60.11267, 3.24259, -60.11267, 3.24259]}, {"type": "Feature", "id": "focos_48h_br_todosats.fid--3bf30ddf_19d555fad35_-3a80", "geometry": {"type": "Point", "coordinates": [-60.91724, 3.88163]}, "geometry_name": "geometria", "properties": {"id_foco_bdq": 1812389810, "foco_id": "30357db5-870f-39cb-816d-32d6df835436", "longitude": -60.91724, "latitude": 3.88163, "data_hora_gmt": "2026-04-02T17:22:00Z", "data_pas": "2026-04-02", "satelite": "NOAA-20", "municipio": "AMAJARI", "estado": "RORAIMA", "pais": "Brasil", "precipitacao": 0.5, "numero_dias_sem_chuva": 0, "risco_fogo": 0.07, "bioma": "Amazônia", "id_0": 33, "id_1": 14, "id_2": 1400027, "continente_id": 8, "vegetacao": "Savana; Caatinga aberta", "grade_wrs": "232_057", "frp": 4.7}, "bbox": [-60.91724, 3.88163, -60.91724, 3.88163]}, {"type": "Feature", "id": "focos_48h_br_todosats.fid--3bf30ddf_19d555fad35_-3a7f", "geometry": {"type": "Point", "coordinates": [-60.51423, 3.42523]}, "geometry_name": "geometria", "properties": {"id_foco_bdq": 1812389854, "foco_id": "91db0262-92a9-363d-aeab-d98e56ece3d3", "longitude": -60.51423, "latitude": 3.42523, "data_hora_gmt": "2026-04-02T17:22:00Z", "data_pas": "2026-04-02", "satelite": "NOAA-20", "municipio": "BOA VISTA", "estado": "RORAIMA", "pais": "Brasil", "precipitacao": 0, "numero_dias_sem_chuva": 0, "risco_fogo": 0.05, "bioma": "Amazônia", "id_0": 33, "id_1": 14, "id_2": 1400100, "continente_id": 8, "vegetacao": "Savana; Caatinga aberta", "grade_wrs": "232_058", "frp": 5.1}, "bbox": [-60.51423, 3.42523, -60.51423, 3.42523]}, {"type": "Feature", "id": "focos_48h_br_todosats.fid--3bf30ddf_19d555fad35_-3a7e", "geometry": {"type": "Point", "coordinates": [-60.60859, 1.84403]}, "geometry_name": "geometria", "properties": {"id_foco_bdq": 1812389881, "foco_id": "c3a1f5c7-aa23-3643-bec6-9b9173503a79", "longitude": -60.60859, "latitude": 1.84403, "data_hora_gmt": "2026-04-02T17:22:00Z", "data_pas": "2026-04-02", "satelite": "NOAA-20", "municipio": "CARACARAÍ", "estado": "RORAIMA", "pais": "Brasil", "precipitacao": 0.1, "numero_dias_sem_chuva": 2, "risco_fogo": 0.5, "bioma": "Amazônia", "id_0": 33, "id_1": 14, "id_2": 1400209, "continente_id": 8, "vegetacao": "Pastagens e gramíneas", "grade_wrs": "232_059", "frp": 9.7}, "bbox": [-60.60859, 1.84403, -60.60859, 1.84403]}, {"type": "Feature", "id": "focos_48h_br_todosats.fid--3bf30ddf_19d555fad35_-3a7d", "geometry": {"type": "Point", "coordinates": [-60.06709, 3.06647]}, "geometry_name": "geometria", "properties": {"id_foco_bdq": 1812389104, "foco_id": "081b77aa-a7e1-3a4d-9471-1e65c881c333", "longitude": -60.06709, "latitude": 3.06647, "data_hora_gmt": "2026-04-02T17:22:00Z", "data_pas": "2026-04-02", "satelite": "NOAA-20", "municipio": "BONFIM", "estado": "RORAIMA", "pais": "Brasil", "precipitacao": 0.2, "numero_dias_sem_chuva": 0, "risco_fogo": 0.13, "bioma": "Amazônia", "id_0": 33, "id_1": 14, "id_2": 1400159, "continente_id": 8, "vegetacao": "Savana; Caatinga aberta", "grade_wrs": "231_058", "frp": 8.8}, "bbox": [-60.06709, 3.06647, -60.06709, 3.06647]}, {"type": "Feature", "id": "focos_48h_br_todosats.fid--3bf30ddf_19d555fad35_-3a7c", "geometry": {"type": "Point", "coordinates": [-61.80507, 2.49322]}, "geometry_name": "geometria", "properties": {"id_foco_bdq": 1812388946, "foco_id": "efe43d96-6244-3fdd-b5d4-86575f49bb91", "longitude": -61.80507, "latitude": 2.49322, "data_hora_gmt": "2026-04-02T17:22:00Z", "data_pas": "2026-04-02", "satelite": "NOAA-20", "municipio": "MUCAJAÍ", "estado": "RORAIMA", "pais": "Brasil", "precipitacao": 0.1, "numero_dias_sem_chuva": 0, "risco_fogo": 0.01, "bioma": "Amazônia", "id_0": 33, "id_1": 14, "id_2": 1400308, "continente_id": 8, "vegetacao": "Floresta de contato; Campinarana", "grade_wrs": "233_058", "frp": 3.6}, "bbox": [-61.80507, 2.49322, -61.80507, 2.49322]}, {"type": "Feature", "id": "focos_48h_br_todosats.fid--3bf30ddf_19d555fad35_-3a7b", "geometry": {"type": "Point", "coordinates": [-69.17761, 0.63365]}, "geometry_name": "geometria", "properties": {"id_foco_bdq": 1812388952, "foco_id": "9a185a0e-9103-3aa3-b261-960e79fb5d45", "longitude": -69.17761, "latitude": 0.63365, "data_hora_gmt": "2026-04-02T17:22:00Z", "data_pas": "2026-04-02", "satelite": "NOAA-20", "municipio": "SÃO GABRIEL DA CACHOEIRA", "estado": "AMAZONAS", "pais": "Brasil", "precipitacao": 0, "numero_dias_sem_chuva": 1, "risco_fogo": 0.01, "bioma": "Amazônia", "id_0": 33, "id_1": 13, "id_2": 1303809, "continente_id": 8, "vegetacao": "Floresta Ombrófila densa", "grade_wrs": "004_060", "frp": 6.4}, "bbox": [-69.17761, 0.63365, -69.17761, 0.63365]}, {"type": "Feature", "id": "focos_48h_br_todosats.fid--3bf30ddf_19d555fad35_-3a7a", "geometry": {"type": "Point", "coordinates": [-60.26009, 4.15716]}, "geometry_name": "geometria", "properties": {"id_foco_bdq": 1812388990, "foco_id": "de37767e-75cb-362c-9d89-c71a9c8fab76", "longitude": -60.26009, "latitude": 4.15716, "data_hora_gmt": "2026-04-02T17:22:00Z", "data_pas": "2026-04-02", "satelite": "NOAA-20", "municipio": "NORMANDIA", "estado": "RORAIMA", "pais": "Brasil", "precipitacao": 0.2, "numero_dias_sem_chuva": 0, "risco_fogo": 0.2, "bioma": "Amazônia", "id_0": 33, "id_1": 14, "id_2": 1400407, "continente_id": 8, "vegetacao": "Savana; Caatinga aberta", "grade_wrs": "232_057", "frp": 8.1}, "bbox": [-60.26009, 4.15716, -60.26009, 4.15716]}, {"type": "Feature", "id": "focos_48h_br_todosats.fid--3bf30ddf_19d555fad35_-3a79", "geometry": {"type": "Point", "coordinates": [-60.85675, 3.97065]}, "geometry_name": "geometria", "properties": {"id_foco_bdq": 1812389022, "foco_id": "c968ffc1-300a-3d15-9950-ba8ee6c76d80", "longitude": -60.85675, "latitude": 3.97065, "data_hora_gmt": "2026-04-02T17:22:00Z", "data_pas": "2026-04-02", "satelite": "NOAA-20", "municipio": "PACARAIMA", "estado": "RORAIMA", "pais": "Brasil", "precipitacao": 0.6, "numero_dias_sem_chuva": 0, "risco_fogo": 0.04, "bioma": "Amazônia", "id_0": 33, "id_1": 14, "id_2": 1400456, "continente_id": 8, "vegetacao": "Savana; Caatinga aberta", "grade_wrs": "232_057", "frp": 1.8}, "bbox": [-60.85675, 3.97065, -60.85675, 3.97065]}, {"type": "Feature", "id": "focos_48h_br_todosats.fid--3bf30ddf_19d555fad35_-3a78", "geometry": {"type": "Point", "coordinates": [-60.34665, 1.2822]}, "geometry_name": "geometria", "properties": {"id_foco_bdq": 1812389039, "foco_id": "ef6704cf-475b-3aa5-9b9a-5668c7efe290", "longitude": -60.34665, "latitude": 1.2822, "data_hora_gmt": "2026-04-02T17:22:00Z", "data_pas": "2026-04-02", "satelite": "NOAA-20", "municipio": "CARACARAÍ", "estado": "RORAIMA", "pais": "Brasil", "precipitacao": 0.1, "numero_dias_sem_chuva": 1, "risco_fogo": 0.24, "bioma": "Amazônia", "id_0": 33, "id_1": 14, "id_2": 1400209, "continente_id": 8, "vegetacao": "Savana; Caatinga aberta", "grade_wrs": "231_059", "frp": 4.4}, "bbox": [-60.34665, 1.2822, -60.34665, 1.2822]}, {"type": "Feature", "id": "focos_48h_br_todosats.fid--3bf30ddf_19d555fad35_-3a77", "geometry": {"type": "Point", "coordinates": [-60.60493, 1.84458]}, "geometry_name": "geometria", "properties": {"id_foco_bdq": 1812389056, "foco_id": "80720d9c-4c8e-3232-9720-1895581895ac", "longitude": -60.60493, "latitude": 1.84458, "data_hora_gmt": "2026-04-02T17:22:00Z", "data_pas": "2026-04-02", "satelite": "NOAA-20", "municipio": "CARACARAÍ", "estado": "RORAIMA", "pais": "Brasil", "precipitacao": 0.1, "numero_dias_sem_chuva": 2, "risco_fogo": 0.55, "bioma": "Amazônia", "id_0": 33, "id_1": 14, "id_2": 1400209, "continente_id": 8, "vegetacao": "Pastagens e gramíneas", "grade_wrs": "232_059", "frp": 24}, "bbox": [-60.60493, 1.84458, -60.60493, 1.84458]}, {"type": "Feature", "id": "focos_48h_br_todosats.fid--3bf30ddf_19d555fad35_-3a76", "geometry": {"type": "Point", "coordinates": [-52.58338, -31.96729]}, "geometry_name": "geometria", "properties": {"id_foco_bdq": 1812391930, "foco_id": "50179681-f048-385a-b618-3ccb95cdd93a", "longitude": -52.58338, "latitude": -31.96729, "data_hora_gmt": "2026-04-02T18:00:00Z", "data_pas": "2026-04-02", "satelite": "NOAA-21", "municipio": "ARROIO GRANDE", "estado": "RIO GRANDE DO SUL", "pais": "Brasil", "precipitacao": 0, "numero_dias_sem_chuva": 3, "risco_fogo": 1, "bioma": "Pampa", "id_0": 33, "id_1": 43, "id_2": 4301305, "continente_id": 8, "vegetacao": "Agricultura e diversos", "grade_wrs": "221_082", "frp": 2}, "bbox": [-52.58338, -31.96729, -52.58338, -31.96729]}, {"type": "Feature", "id": "focos_48h_br_todosats.fid--3bf30ddf_19d555fad35_-3a75", "geometry": {"type": "Point", "coordinates": [-53.09171, -31.0386]}, "geometry_name": "geometria", "properties": {"id_foco_bdq": 1812390097, "foco_id": "20f986d1-1814-3a12-89b3-601d6f46878b", "longitude": -53.09171, "latitude": -31.0386, "data_hora_gmt": "2026-04-02T18:02:00Z", "data_pas": "2026-04-02", "satelite": "NOAA-21", "municipio": "PIRATINI", "estado": "RIO GRANDE DO SUL", "pais": "Brasil", "precipitacao": 0, "numero_dias_sem_chuva": 3, "risco_fogo": 0.72, "bioma": "Pampa", "id_0": 33, "id_1": 43, "id_2": 4314605, "continente_id": 8, "vegetacao": "Agricultura e diversos", "grade_wrs": "222_082", "frp": 4.2}, "bbox": [-53.09171, -31.0386, -53.09171, -31.0386]}, {"type": "Feature", "id": "focos_48h_br_todosats.fid--3bf30ddf_19d555fad35_-3a74", "geometry": {"type": "Point", "coordinates": [-51.09385, -29.51381]}, "geometry_name": "geometria", "properties": {"id_foco_bdq": 1812390120, "foco_id": "cbe627cf-e538-3a2d-bf8a-287e4c0ae8de", "longitude": -51.09385, "latitude": -29.51381, "data_hora_gmt": "2026-04-02T18:02:00Z", "data_pas": "2026-04-02", "satelite": "NOAA-21", "municipio": "MORRO REUTER", "estado": "RIO GRANDE DO SUL", "pais": "Brasil", "precipitacao": 0, "numero_dias_sem_chuva": 3, "risco_fogo": 0.26, "bioma": "Mata Atlântica", "id_0": 33, "id_1": 43, "id_2": 4312476, "continente_id": 8, "vegetacao": "Floresta Ombrófila densa", "grade_wrs": "221_080", "frp": 7.8}, "bbox": [-51.09385, -29.51381, -51.09385, -29.51381]}, {"type": "Feature", "id": "focos_48h_br_todosats.fid--3bf30ddf_19d555fad35_-3a73", "geometry": {"type": "Point", "coordinates": [-53.07668, -31.05142]}, "geometry_name": "geometria", "properties": {"id_foco_bdq": 1812390141, "foco_id": "8960af84-bb9a-34dc-a9f9-68176bf6f26d", "longitude": -53.07668, "latitude": -31.05142, "data_hora_gmt": "2026-04-02T18:02:00Z", "data_pas": "2026-04-02", "satelite": "NOAA-21", "municipio": "PIRATINI", "estado": "RIO GRANDE DO SUL", "pais": "Brasil", "precipitacao": 0, "numero_dias_sem_chuva": 3, "risco_fogo": 0.32, "bioma": "Pampa", "id_0": 33, "id_1": 43, "id_2": 4314605, "continente_id": 8, "vegetacao": "Floresta de contato; Campinarana", "grade_wrs": "222_082", "frp": 10.6}, "bbox": [-53.07668, -31.05142, -53.07668, -31.05142]}, {"type": "Feature", "id": "focos_48h_br_todosats.fid--3bf30ddf_19d555fad35_-3a72", "geometry": {"type": "Point", "coordinates": [-54.5161, -28.5713]}, "geometry_name": "geometria", "properties": {"id_foco_bdq": 1812389963, "foco_id": "a48e6920-35d9-37ed-981e-52b4b8a9a9b8", "longitude": -54.5161, "latitude": -28.5713, "data_hora_gmt": "2026-04-02T18:02:00Z", "data_pas": "2026-04-02", "satelite": "NOAA-21", "municipio": "SÃO MIGUEL DAS MISSÕES", "estado": "RIO GRANDE DO SUL", "pais": "Brasil", "precipitacao": 0, "numero_dias_sem_chuva": 3, "risco_fogo": 0.99, "bioma": "Pampa", "id_0": 33, "id_1": 43, "id_2": 4319158, "continente_id": 8, "vegetacao": "Agricultura e diversos", "grade_wrs": "223_080", "frp": 46.8}, "bbox": [-54.5161, -28.5713, -54.5161, -28.5713]}, {"type": "Feature", "id": "focos_48h_br_todosats.fid--3bf30ddf_19d555fad35_-3a71", "geometry": {"type": "Point", "coordinates": [-50.74482, -24.92663]}, "geometry_name": "geometria", "properties": {"id_foco_bdq": 1812390834, "foco_id": "63436921-2450-3321-b72d-f26da9725e66", "longitude": -50.74482, "latitude": -24.92663, "data_hora_gmt": "2026-04-02T18:02:00Z", "data_pas": "2026-04-02", "satelite": "NOAA-21", "municipio": "IPIRANGA", "estado": "PARANÁ", "pais": "Brasil", "precipitacao": 0.56, "numero_dias_sem_chuva": 0, "risco_fogo": 0.12, "bioma": "Mata Atlântica", "id_0": 33, "id_1": 41, "id_2": 4110508, "continente_id": 8, "vegetacao": "Agricultura e diversos", "grade_wrs": "221_077", "frp": 68.3}, "bbox": [-50.74482, -24.92663, -50.74482, -24.92663]}, {"type": "Feature", "id": "focos_48h_br_todosats.fid--3bf30ddf_19d555fad35_-3a70", "geometry": {"type": "Point", "coordinates": [-53.06925, -31.04964]}, "geometry_name": "geometria", "properties": {"id_foco_bdq": 1812391501, "foco_id": "d4fba151-a5fd-341f-badf-999540fe99e3", "longitude": -53.06925, "latitude": -31.04964, "data_hora_gmt": "2026-04-02T18:02:00Z", "data_pas": "2026-04-02", "satelite": "NOAA-21", "municipio": "PIRATINI", "estado": "RIO GRANDE DO SUL", "pais": "Brasil", "precipitacao": 0, "numero_dias_sem_chuva": 3, "risco_fogo": 0.4, "bioma": "Pampa", "id_0": 33, "id_1": 43, "id_2": 4314605, "continente_id": 8, "vegetacao": "Savana arbórea; Caatinga fechada", "grade_wrs": "222_082", "frp": 20}, "bbox": [-53.06925, -31.04964, -53.06925, -31.04964]}, {"type": "Feature", "id": "focos_48h_br_todosats.fid--3bf30ddf_19d555fad35_-3a6f", "geometry": {"type": "Point", "coordinates": [-53.07093, -31.04457]}, "geometry_name": "geometria", "properties": {"id_foco_bdq": 1812391372, "foco_id": "f873402a-31b8-3413-8ca6-4d17a1a32fc9", "longitude": -53.07093, "latitude": -31.04457, "data_hora_gmt": "2026-04-02T18:02:00Z", "data_pas": "2026-04-02", "satelite": "NOAA-21", "municipio": "PIRATINI", "estado": "RIO GRANDE DO SUL", "pais": "Brasil", "precipitacao": 0, "numero_dias_sem_chuva": 3, "risco_fogo": 0.59, "bioma": "Pampa", "id_0": 33, "id_1": 43, "id_2": 4314605, "continente_id": 8, "vegetacao": "Agricultura e diversos", "grade_wrs": "222_082", "frp": 22.3}, "bbox": [-53.07093, -31.04457, -53.07093, -31.04457]}, {"type": "Feature", "id": "focos_48h_br_todosats.fid--3bf30ddf_19d555fad35_-3a6e", "geometry": {"type": "Point", "coordinates": [-50.75132, -24.92832]}, "geometry_name": "geometria", "properties": {"id_foco_bdq": 1812391770, "foco_id": "b9a75708-d280-35f4-97fb-ca6937e12e59", "longitude": -50.75132, "latitude": -24.92832, "data_hora_gmt": "2026-04-02T18:02:00Z", "data_pas": "2026-04-02", "satelite": "NOAA-21", "municipio": "IPIRANGA", "estado": "PARANÁ", "pais": "Brasil", "precipitacao": 0.54, "numero_dias_sem_chuva": 0, "risco_fogo": 0.09, "bioma": "Mata Atlântica", "id_0": 33, "id_1": 41, "id_2": 4110508, "continente_id": 8, "vegetacao": "Savana; Caatinga aberta", "grade_wrs": "221_077", "frp": 95.7}, "bbox": [-50.75132, -24.92832, -50.75132, -24.92832]}, {"type": "Feature", "id": "focos_48h_br_todosats.fid--3bf30ddf_19d555fad35_-3a6d", "geometry": {"type": "Point", "coordinates": [-55.08149, -28.37066]}, "geometry_name": "geometria", "properties": {"id_foco_bdq": 1812391332, "foco_id": "0cbf7693-90b7-383e-9887-d989348d0a88", "longitude": -55.08149, "latitude": -28.37066, "data_hora_gmt": "2026-04-02T18:02:00Z", "data_pas": "2026-04-02", "satelite": "NOAA-21", "municipio": "SÃO LUIZ GONZAGA", "estado": "RIO GRANDE DO SUL", "pais": "Brasil", "precipitacao": 0, "numero_dias_sem_chuva": 3, "risco_fogo": 0.99, "bioma": "Pampa", "id_0": 33, "id_1": 43, "id_2": 4318903, "continente_id": 8, "vegetacao": "Agricultura e diversos", "grade_wrs": "224_080", "frp": 9.7}, "bbox": [-55.08149, -28.37066, -55.08149, -28.37066]}, {"type": "Feature", "id": "focos_48h_br_todosats.fid--3bf30ddf_19d555fad35_-3a6c", "geometry": {"type": "Point", "coordinates": [-54.52273, -28.57285]}, "geometry_name": "geometria", "properties": {"id_foco_bdq": 1812391186, "foco_id": "e0874e50-c90d-3673-a6a5-ab2f72463187", "longitude": -54.52273, "latitude": -28.57285, "data_hora_gmt": "2026-04-02T18:02:00Z", "data_pas": "2026-04-02", "satelite": "NOAA-21", "municipio": "SÃO MIGUEL DAS MISSÕES", "estado": "RIO GRANDE DO SUL", "pais": "Brasil", "precipitacao": 0, "numero_dias_sem_chuva": 3, "risco_fogo": 1, "bioma": "Pampa", "id_0": 33, "id_1": 43, "id_2": 4319158, "continente_id": 8, "vegetacao": "Agricultura e diversos", "grade_wrs": "223_080", "frp": 41.2}, "bbox": [-54.52273, -28.57285, -54.52273, -28.57285]}, {"type": "Feature", "id": "focos_48h_br_todosats.fid--3bf30ddf_19d555fad35_-3a6b", "geometry": {"type": "Point", "coordinates": [-52.81852, -29.56479]}, "geometry_name": "geometria", "properties": {"id_foco_bdq": 1812390901, "foco_id": "ca84c070-a6f2-39f3-9d0a-c90afa0471df", "longitude": -52.81852, "latitude": -29.56479, "data_hora_gmt": "2026-04-02T18:02:00Z", "data_pas": "2026-04-02", "satelite": "NOAA-21", "municipio": "CANDELÁRIA", "estado": "RIO GRANDE DO SUL", "pais": "Brasil", "precipitacao": 0, "numero_dias_sem_chuva": 0, "risco_fogo": 0.18, "bioma": "Mata Atlântica", "id_0": 33, "id_1": 43, "id_2": 4304200, "continente_id": 8, "vegetacao": "Floresta Ombrófila densa", "grade_wrs": "222_080", "frp": 4}, "bbox": [-52.81852, -29.56479, -52.81852, -29.56479]}, {"type": "Feature", "id": "focos_48h_br_todosats.fid--3bf30ddf_19d555fad35_-3a6a", "geometry": {"type": "Point", "coordinates": [-50.85217, -30.06134]}, "geometry_name": "geometria", "properties": {"id_foco_bdq": 1812390923, "foco_id": "31a3883c-ec45-3d31-aeb8-4ea1b323e903", "longitude": -50.85217, "latitude": -30.06134, "data_hora_gmt": "2026-04-02T18:02:00Z", "data_pas": "2026-04-02", "satelite": "NOAA-21", "municipio": "VIAMÃO", "estado": "RIO GRANDE DO SUL", "pais": "Brasil", "precipitacao": 0, "numero_dias_sem_chuva": 3, "risco_fogo": 0.28, "bioma": "Pampa", "id_0": 33, "id_1": 43, "id_2": 4323002, "continente_id": 8, "vegetacao": "Floresta Ombrófila densa", "grade_wrs": "221_081", "frp": 8.4}, "bbox": [-50.85217, -30.06134, -50.85217, -30.06134]}, {"type": "Feature", "id": "focos_48h_br_todosats.fid--3bf30ddf_19d555fad35_-3a69", "geometry": {"type": "Point", "coordinates": [-53.07299, -31.05054]}, "geometry_name": "geometria", "properties": {"id_foco_bdq": 1812390998, "foco_id": "79d9fd9d-d8b3-395e-a539-0b6b8d47ecc2", "longitude": -53.07299, "latitude": -31.05054, "data_hora_gmt": "2026-04-02T18:02:00Z", "data_pas": "2026-04-02", "satelite": "NOAA-21", "municipio": "PIRATINI", "estado": "RIO GRANDE DO SUL", "pais": "Brasil", "precipitacao": 0, "numero_dias_sem_chuva": 3, "risco_fogo": 0.36, "bioma": "Pampa", "id_0": 33, "id_1": 43, "id_2": 4314605, "continente_id": 8, "vegetacao": "Floresta de contato; Campinarana", "grade_wrs": "222_082", "frp": 10.6}, "bbox": [-53.07299, -31.05054, -53.07299, -31.05054]}, {"type": "Feature", "id": "focos_48h_br_todosats.fid--3bf30ddf_19d555fad35_-3a68", "geometry": {"type": "Point", "coordinates": [-51.06067, -29.51789]}, "geometry_name": "geometria", "properties": {"id_foco_bdq": 1812391327, "foco_id": "493c9601-938e-3f5f-acea-06d8880cecf3", "longitude": -51.06067, "latitude": -29.51789, "data_hora_gmt": "2026-04-02T18:02:00Z", "data_pas": "2026-04-02", "satelite": "NOAA-21", "municipio": "MORRO REUTER", "estado": "RIO GRANDE DO SUL", "pais": "Brasil", "precipitacao": 0, "numero_dias_sem_chuva": 3, "risco_fogo": 0.26, "bioma": "Mata Atlântica", "id_0": 33, "id_1": 43, "id_2": 4312476, "continente_id": 8, "vegetacao": "Floresta Ombrófila densa", "grade_wrs": "221_080", "frp": 5.3}, "bbox": [-51.06067, -29.51789, -51.06067, -29.51789]}, {"type": "Feature", "id": "focos_48h_br_todosats.fid--3bf30ddf_19d555fad35_-3a67", "geometry": {"type": "Point", "coordinates": [-51.08159, -24.97209]}, "geometry_name": "geometria", "properties": {"id_foco_bdq": 1812391269, "foco_id": "983be247-cbc6-3aa4-802a-60ce662c74a9", "longitude": -51.08159, "latitude": -24.97209, "data_hora_gmt": "2026-04-02T18:02:00Z", "data_pas": "2026-04-02", "satelite": "NOAA-21", "municipio": "PRUDENTÓPOLIS", "estado": "PARANÁ", "pais": "Brasil", "precipitacao": 0.95, "numero_dias_sem_chuva": 0, "risco_fogo": 0.15, "bioma": "Mata Atlântica", "id_0": 33, "id_1": 41, "id_2": 4120606, "continente_id": 8, "vegetacao": "Savana; Caatinga aberta", "grade_wrs": "222_077", "frp": 18.1}, "bbox": [-51.08159, -24.97209, -51.08159, -24.97209]}, {"type": "Feature", "id": "focos_48h_br_todosats.fid--3bf30ddf_19d555fad35_-3a66", "geometry": {"type": "Point", "coordinates": [-51.5016, -29.41046]}, "geometry_name": "geometria", "properties": {"id_foco_bdq": 1812391760, "foco_id": "65410ee2-794c-3d19-8a61-585d1eba5aa5", "longitude": -51.5016, "latitude": -29.41046, "data_hora_gmt": "2026-04-02T18:02:00Z", "data_pas": "2026-04-02", "satelite": "NOAA-21", "municipio": "SÃO PEDRO DA SERRA", "estado": "RIO GRANDE DO SUL", "pais": "Brasil", "precipitacao": 0, "numero_dias_sem_chuva": 3, "risco_fogo": 0.21, "bioma": "Mata Atlântica", "id_0": 33, "id_1": 43, "id_2": 4319356, "continente_id": 8, "vegetacao": "Floresta Ombrófila densa", "grade_wrs": "221_080", "frp": 6}, "bbox": [-51.5016, -29.41046, -51.5016, -29.41046]}, {"type": "Feature", "id": "focos_48h_br_todosats.fid--3bf30ddf_19d555fad35_-3a65", "geometry": {"type": "Point", "coordinates": [-51.08341, -24.97426]}, "geometry_name": "geometria", "properties": {"id_foco_bdq": 1812391026, "foco_id": "af654544-b92e-3d33-ac92-d91179db9f7f", "longitude": -51.08341, "latitude": -24.97426, "data_hora_gmt": "2026-04-02T18:02:00Z", "data_pas": "2026-04-02", "satelite": "NOAA-21", "municipio": "PRUDENTÓPOLIS", "estado": "PARANÁ", "pais": "Brasil", "precipitacao": 0.99, "numero_dias_sem_chuva": 0, "risco_fogo": 0.19, "bioma": "Mata Atlântica", "id_0": 33, "id_1": 41, "id_2": 4120606, "continente_id": 8, "vegetacao": "Agricultura e diversos", "grade_wrs": "222_077", "frp": 17}, "bbox": [-51.08341, -24.97426, -51.08341, -24.97426]}, {"type": "Feature", "id": "focos_48h_br_todosats.fid--3bf30ddf_19d555fad35_-3a64", "geometry": {"type": "Point", "coordinates": [-54.5194, -28.57207]}, "geometry_name": "geometria", "properties": {"id_foco_bdq": 1812390048, "foco_id": "e6d5a437-9ea1-3c44-a6b4-bdecf6ca0308", "longitude": -54.5194, "latitude": -28.57207, "data_hora_gmt": "2026-04-02T18:02:00Z", "data_pas": "2026-04-02", "satelite": "NOAA-21", "municipio": "SÃO MIGUEL DAS MISSÕES", "estado": "RIO GRANDE DO SUL", "pais": "Brasil", "precipitacao": 0, "numero_dias_sem_chuva": 3, "risco_fogo": 1, "bioma": "Pampa", "id_0": 33, "id_1": 43, "id_2": 4319158, "continente_id": 8, "vegetacao": "Agricultura e diversos", "grade_wrs": "223_080", "frp": 41.2}, "bbox": [-54.5194, -28.57207, -54.5194, -28.57207]}, {"type": "Feature", "id": "focos_48h_br_todosats.fid--3bf30ddf_19d555fad35_-3a63", "geometry": {"type": "Point", "coordinates": [-53.0883, -31.03778]}, "geometry_name": "geometria", "properties": {"id_foco_bdq": 1812390212, "foco_id": "f71218af-8ba9-32cb-aa77-8200db1ae76c", "longitude": -53.0883, "latitude": -31.03778, "data_hora_gmt": "2026-04-02T18:02:00Z", "data_pas": "2026-04-02", "satelite": "NOAA-21", "municipio": "PIRATINI", "estado": "RIO GRANDE DO SUL", "pais": "Brasil", "precipitacao": 0, "numero_dias_sem_chuva": 3, "risco_fogo": 0.78, "bioma": "Pampa", "id_0": 33, "id_1": 43, "id_2": 4314605, "continente_id": 8, "vegetacao": "Agricultura e diversos", "grade_wrs": "222_082", "frp": 4.3}, "bbox": [-53.0883, -31.03778, -53.0883, -31.03778]}, {"type": "Feature", "id": "focos_48h_br_todosats.fid--3bf30ddf_19d555fad35_-3a62", "geometry": {"type": "Point", "coordinates": [-51.12515, -29.54096]}, "geometry_name": "geometria", "properties": {"id_foco_bdq": 1812390455, "foco_id": "1be227b8-db40-3086-9516-8df4eb47407a", "longitude": -51.12515, "latitude": -29.54096, "data_hora_gmt": "2026-04-02T18:02:00Z", "data_pas": "2026-04-02", "satelite": "NOAA-21", "municipio": "PRESIDENTE LUCENA", "estado": "RIO GRANDE DO SUL", "pais": "Brasil", "precipitacao": 0, "numero_dias_sem_chuva": 3, "risco_fogo": 0.25, "bioma": "Mata Atlântica", "id_0": 33, "id_1": 43, "id_2": 4315149, "continente_id": 8, "vegetacao": "Floresta Ombrófila densa", "grade_wrs": "221_080", "frp": 12.3}, "bbox": [-51.12515, -29.54096, -51.12515, -29.54096]}, {"type": "Feature", "id": "focos_48h_br_todosats.fid--3bf30ddf_19d555fad35_-3a61", "geometry": {"type": "Point", "coordinates": [-51.12101, -29.53988]}, "geometry_name": "geometria", "properties": {"id_foco_bdq": 1812390481, "foco_id": "6a3c9fd0-c2b3-38e1-9293-429d35ef8ef6", "longitude": -51.12101, "latitude": -29.53988, "data_hora_gmt": "2026-04-02T18:02:00Z", "data_pas": "2026-04-02", "satelite": "NOAA-21", "municipio": "PRESIDENTE LUCENA", "estado": "RIO GRANDE DO SUL", "pais": "Brasil", "precipitacao": 0, "numero_dias_sem_chuva": 3, "risco_fogo": 0.26, "bioma": "Mata Atlântica", "id_0": 33, "id_1": 43, "id_2": 4315149, "continente_id": 8, "vegetacao": "Floresta Ombrófila densa", "grade_wrs": "221_080", "frp": 10.6}, "bbox": [-51.12101, -29.53988, -51.12101, -29.53988]}, {"type": "Feature", "id": "focos_48h_br_todosats.fid--3bf30ddf_19d555fad35_-3a60", "geometry": {"type": "Point", "coordinates": [-51.70549, -29.4379]}, "geometry_name": "geometria", "properties": {"id_foco_bdq": 1812390590, "foco_id": "b84be8ea-efa2-334c-9f7f-0547cee6388c", "longitude": -51.70549, "latitude": -29.4379, "data_hora_gmt": "2026-04-02T18:02:00Z", "data_pas": "2026-04-02", "satelite": "NOAA-21", "municipio": "TEUTÔNIA", "estado": "RIO GRANDE DO SUL", "pais": "Brasil", "precipitacao": 0, "numero_dias_sem_chuva": 3, "risco_fogo": 0.68, "bioma": "Mata Atlântica", "id_0": 33, "id_1": 43, "id_2": 4321451, "continente_id": 8, "vegetacao": "Savana; Caatinga aberta", "grade_wrs": "221_080", "frp": 3.4}, "bbox": [-51.70549, -29.4379, -51.70549, -29.4379]}, {"type": "Feature", "id": "focos_48h_br_todosats.fid--3bf30ddf_19d555fad35_-3a5f", "geometry": {"type": "Point", "coordinates": [-53.27592, -30.31447]}, "geometry_name": "geometria", "properties": {"id_foco_bdq": 1812390676, "foco_id": "59dde73f-d4d2-3c31-af44-43c6a57822af", "longitude": -53.27592, "latitude": -30.31447, "data_hora_gmt": "2026-04-02T18:02:00Z", "data_pas": "2026-04-02", "satelite": "NOAA-21", "municipio": "CACHOEIRA DO SUL", "estado": "RIO GRANDE DO SUL", "pais": "Brasil", "precipitacao": 0, "numero_dias_sem_chuva": 8, "risco_fogo": 1, "bioma": "Pampa", "id_0": 33, "id_1": 43, "id_2": 4303004, "continente_id": 8, "vegetacao": "Agricultura e diversos", "grade_wrs": "222_081", "frp": 5.6}, "bbox": [-53.27592, -30.31447, -53.27592, -30.31447]}, {"type": "Feature", "id": "focos_48h_br_todosats.fid--3bf30ddf_19d555fad35_-3a5e", "geometry": {"type": "Point", "coordinates": [-53.08473, -31.03692]}, "geometry_name": "geometria", "properties": {"id_foco_bdq": 1812390691, "foco_id": "030f826a-8af3-3b68-a109-cc11eea0bffa", "longitude": -53.08473, "latitude": -31.03692, "data_hora_gmt": "2026-04-02T18:02:00Z", "data_pas": "2026-04-02", "satelite": "NOAA-21", "municipio": "PIRATINI", "estado": "RIO GRANDE DO SUL", "pais": "Brasil", "precipitacao": 0, "numero_dias_sem_chuva": 3, "risco_fogo": 0.81, "bioma": "Pampa", "id_0": 33, "id_1": 43, "id_2": 4314605, "continente_id": 8, "vegetacao": "Agricultura e diversos", "grade_wrs": "222_082", "frp": 4.3}, "bbox": [-53.08473, -31.03692, -53.08473, -31.03692]}, {"type": "Feature", "id": "focos_48h_br_todosats.fid--3bf30ddf_19d555fad35_-3a5d", "geometry": {"type": "Point", "coordinates": [-53.06543, -31.04873]}, "geometry_name": "geometria", "properties": {"id_foco_bdq": 1812390705, "foco_id": "3f74b178-5946-34e7-9822-3531bea39663", "longitude": -53.06543, "latitude": -31.04873, "data_hora_gmt": "2026-04-02T18:02:00Z", "data_pas": "2026-04-02", "satelite": "NOAA-21", "municipio": "PIRATINI", "estado": "RIO GRANDE DO SUL", "pais": "Brasil", "precipitacao": 0, "numero_dias_sem_chuva": 3, "risco_fogo": 0.44, "bioma": "Pampa", "id_0": 33, "id_1": 43, "id_2": 4314605, "continente_id": 8, "vegetacao": "Savana arbórea; Caatinga fechada", "grade_wrs": "222_082", "frp": 20}, "bbox": [-53.06543, -31.04873, -53.06543, -31.04873]}, {"type": "Feature", "id": "focos_48h_br_todosats.fid--3bf30ddf_19d555fad35_-3a5c", "geometry": {"type": "Point", "coordinates": [-51.0663, -29.51935]}, "geometry_name": "geometria", "properties": {"id_foco_bdq": 1812390731, "foco_id": "2342c74c-03b4-33ff-bd33-200b2b05140b", "longitude": -51.0663, "latitude": -29.51935, "data_hora_gmt": "2026-04-02T18:02:00Z", "data_pas": "2026-04-02", "satelite": "NOAA-21", "municipio": "MORRO REUTER", "estado": "RIO GRANDE DO SUL", "pais": "Brasil", "precipitacao": 0, "numero_dias_sem_chuva": 3, "risco_fogo": 0.26, "bioma": "Mata Atlântica", "id_0": 33, "id_1": 43, "id_2": 4312476, "continente_id": 8, "vegetacao": "Florestas decíduas e sazonais", "grade_wrs": "221_080", "frp": 5.3}, "bbox": [-51.0663, -29.51935, -51.0663, -29.51935]}, {"type": "Feature", "id": "focos_48h_br_todosats.fid--3bf30ddf_19d555fad35_-3a5b", "geometry": {"type": "Point", "coordinates": [-51.05855, -29.50462]}, "geometry_name": "geometria", "properties": {"id_foco_bdq": 1812390791, "foco_id": "21ea8be3-763e-3593-9993-8ddae4c9cd50", "longitude": -51.05855, "latitude": -29.50462, "data_hora_gmt": "2026-04-02T18:02:00Z", "data_pas": "2026-04-02", "satelite": "NOAA-21", "municipio": "MORRO REUTER", "estado": "RIO GRANDE DO SUL", "pais": "Brasil", "precipitacao": 0, "numero_dias_sem_chuva": 3, "risco_fogo": 0.26, "bioma": "Mata Atlântica", "id_0": 33, "id_1": 43, "id_2": 4312476, "continente_id": 8, "vegetacao": "Floresta Ombrófila densa", "grade_wrs": "221_080", "frp": 3.1}, "bbox": [-51.05855, -29.50462, -51.05855, -29.50462]}, {"type": "Feature", "id": "focos_48h_br_todosats.fid--3bf30ddf_19d555fad35_-3a5a", "geometry": {"type": "Point", "coordinates": [-54.71916, -18.43852]}, "geometry_name": "geometria", "properties": {"id_foco_bdq": 1812391637, "foco_id": "712537ad-10fd-3679-a395-4da35d324f04", "longitude": -54.71916, "latitude": -18.43852, "data_hora_gmt": "2026-04-02T18:04:00Z", "data_pas": "2026-04-02", "satelite": "NOAA-21", "municipio": "COXIM", "estado": "MATO GROSSO DO SUL", "pais": "Brasil", "precipitacao": 0.63, "numero_dias_sem_chuva": 0, "risco_fogo": 0.12, "bioma": "Cerrado", "id_0": 33, "id_1": 50, "id_2": 5003306, "continente_id": 8, "vegetacao": "Agricultura e diversos", "grade_wrs": "225_073", "frp": 6.7}, "bbox": [-54.71916, -18.43852, -54.71916, -18.43852]}, {"type": "Feature", "id": "focos_48h_br_todosats.fid--3bf30ddf_19d555fad35_-3a59", "geometry": {"type": "Point", "coordinates": [-52.68362, -23.032]}, "geometry_name": "geometria", "properties": {"id_foco_bdq": 1812391900, "foco_id": "18624999-440f-3796-9a99-3f002b0a0e4b", "longitude": -52.68362, "latitude": -23.032, "data_hora_gmt": "2026-04-02T18:04:00Z", "data_pas": "2026-04-02", "satelite": "NOAA-21", "municipio": "PARANAVAÍ", "estado": "PARANÁ", "pais": "Brasil", "precipitacao": 1.03, "numero_dias_sem_chuva": 1, "risco_fogo": 0.51, "bioma": "Mata Atlântica", "id_0": 33, "id_1": 41, "id_2": 4118402, "continente_id": 8, "vegetacao": "Agricultura e diversos", "grade_wrs": "223_076", "frp": 30.6}, "bbox": [-52.68362, -23.032, -52.68362, -23.032]}, {"type": "Feature", "id": "focos_48h_br_todosats.fid--3bf30ddf_19d555fad35_-3a58", "geometry": {"type": "Point", "coordinates": [-55.881, -20.54507]}, "geometry_name": "geometria", "properties": {"id_foco_bdq": 1812390437, "foco_id": "ac056f39-8ce3-34ea-babb-3946a06c48c8", "longitude": -55.881, "latitude": -20.54507, "data_hora_gmt": "2026-04-02T18:04:00Z", "data_pas": "2026-04-02", "satelite": "NOAA-21", "municipio": "ANASTÁCIO", "estado": "MATO GROSSO DO SUL", "pais": "Brasil", "precipitacao": 0, "numero_dias_sem_chuva": 6, "risco_fogo": 0.78, "bioma": "Cerrado", "id_0": 33, "id_1": 50, "id_2": 5000708, "continente_id": 8, "vegetacao": "Pastagens e gramíneas", "grade_wrs": "225_074", "frp": 12.6}, "bbox": [-55.881, -20.54507, -55.881, -20.54507]}, {"type": "Feature", "id": "focos_48h_br_todosats.fid--3bf30ddf_19d555fad35_-3a57", "geometry": {"type": "Point", "coordinates": [-56.32584, -21.67019]}, "geometry_name": "geometria", "properties": {"id_foco_bdq": 1812390635, "foco_id": "8819c914-fa58-3aec-8520-cd8938ec2f61", "longitude": -56.32584, "latitude": -21.67019, "data_hora_gmt": "2026-04-02T18:04:00Z", "data_pas": "2026-04-02", "satelite": "NOAA-21", "municipio": "BELA VISTA", "estado": "MATO GROSSO DO SUL", "pais": "Brasil", "precipitacao": 1, "numero_dias_sem_chuva": 2, "risco_fogo": 0.73, "bioma": "Cerrado", "id_0": 33, "id_1": 50, "id_2": 5002100, "continente_id": 8, "vegetacao": "Agricultura e diversos", "grade_wrs": "226_075", "frp": 76.1}, "bbox": [-56.32584, -21.67019, -56.32584, -21.67019]}, {"type": "Feature", "id": "focos_48h_br_todosats.fid--3bf30ddf_19d555fad35_-3a56", "geometry": {"type": "Point", "coordinates": [-55.87724, -20.54424]}, "geometry_name": "geometria", "properties": {"id_foco_bdq": 1812391057, "foco_id": "89b2faf5-2dc7-337e-91a7-004fd952ae04", "longitude": -55.87724, "latitude": -20.54424, "data_hora_gmt": "2026-04-02T18:04:00Z", "data_pas": "2026-04-02", "satelite": "NOAA-21", "municipio": "ANASTÁCIO", "estado": "MATO GROSSO DO SUL", "pais": "Brasil", "precipitacao": 0, "numero_dias_sem_chuva": 6, "risco_fogo": 0.77, "bioma": "Cerrado", "id_0": 33, "id_1": 50, "id_2": 5000708, "continente_id": 8, "vegetacao": "Pastagens e gramíneas", "grade_wrs": "225_074", "frp": 12.2}, "bbox": [-55.87724, -20.54424, -55.87724, -20.54424]}, {"type": "Feature", "id": "focos_48h_br_todosats.fid--3bf30ddf_19d555fad35_-3a55", "geometry": {"type": "Point", "coordinates": [-56.32404, -21.66436]}, "geometry_name": "geometria", "properties": {"id_foco_bdq": 1812391211, "foco_id": "72abd78d-d5b4-3627-820d-6535e1602e84", "longitude": -56.32404, "latitude": -21.66436, "data_hora_gmt": "2026-04-02T18:04:00Z", "data_pas": "2026-04-02", "satelite": "NOAA-21", "municipio": "BELA VISTA", "estado": "MATO GROSSO DO SUL", "pais": "Brasil", "precipitacao": 1, "numero_dias_sem_chuva": 2, "risco_fogo": 0.62, "bioma": "Cerrado", "id_0": 33, "id_1": 50, "id_2": 5002100, "continente_id": 8, "vegetacao": "Savana; Caatinga aberta", "grade_wrs": "226_075", "frp": 20.9}, "bbox": [-56.32404, -21.66436, -56.32404, -21.66436]}, {"type": "Feature", "id": "focos_48h_br_todosats.fid--3bf30ddf_19d555fad35_-3a54", "geometry": {"type": "Point", "coordinates": [-52.67855, -23.03077]}, "geometry_name": "geometria", "properties": {"id_foco_bdq": 1812390153, "foco_id": "e0f3462d-c256-394e-b210-dea41b18745c", "longitude": -52.67855, "latitude": -23.03077, "data_hora_gmt": "2026-04-02T18:04:00Z", "data_pas": "2026-04-02", "satelite": "NOAA-21", "municipio": "PARANAVAÍ", "estado": "PARANÁ", "pais": "Brasil", "precipitacao": 1.01, "numero_dias_sem_chuva": 1, "risco_fogo": 0.48, "bioma": "Mata Atlântica", "id_0": 33, "id_1": 41, "id_2": 4118402, "continente_id": 8, "vegetacao": "Savana; Caatinga aberta", "grade_wrs": "223_076", "frp": 18}, "bbox": [-52.67855, -23.03077, -52.67855, -23.03077]}, {"type": "Feature", "id": "focos_48h_br_todosats.fid--3bf30ddf_19d555fad35_-3a53", "geometry": {"type": "Point", "coordinates": [-56.31595, -21.66806]}, "geometry_name": "geometria", "properties": {"id_foco_bdq": 1812391786, "foco_id": "86256785-7e56-33cb-bf9c-d993bf7319bb", "longitude": -56.31595, "latitude": -21.66806, "data_hora_gmt": "2026-04-02T18:04:00Z", "data_pas": "2026-04-02", "satelite": "NOAA-21", "municipio": "BELA VISTA", "estado": "MATO GROSSO DO SUL", "pais": "Brasil", "precipitacao": 1, "numero_dias_sem_chuva": 2, "risco_fogo": 0.97, "bioma": "Cerrado", "id_0": 33, "id_1": 50, "id_2": 5002100, "continente_id": 8, "vegetacao": "Pastagens e gramíneas", "grade_wrs": "226_075", "frp": 113.4}, "bbox": [-56.31595, -21.66806, -56.31595, -21.66806]}, {"type": "Feature", "id": "focos_48h_br_todosats.fid--3bf30ddf_19d555fad35_-3a52", "geometry": {"type": "Point", "coordinates": [-56.32256, -21.66948]}, "geometry_name": "geometria", "properties": {"id_foco_bdq": 1812391524, "foco_id": "241ebe2e-a36f-369f-b09e-904d76d26e64", "longitude": -56.32256, "latitude": -21.66948, "data_hora_gmt": "2026-04-02T18:04:00Z", "data_pas": "2026-04-02", "satelite": "NOAA-21", "municipio": "BELA VISTA", "estado": "MATO GROSSO DO SUL", "pais": "Brasil", "precipitacao": 1, "numero_dias_sem_chuva": 2, "risco_fogo": 0.85, "bioma": "Cerrado", "id_0": 33, "id_1": 50, "id_2": 5002100, "continente_id": 8, "vegetacao": "Pastagens e gramíneas", "grade_wrs": "226_075", "frp": 76.1}, "bbox": [-56.32256, -21.66948, -56.32256, -21.66948]}, {"type": "Feature", "id": "focos_48h_br_todosats.fid--3bf30ddf_19d555fad35_-3a51", "geometry": {"type": "Point", "coordinates": [-56.31796, -21.67394]}, "geometry_name": "geometria", "properties": {"id_foco_bdq": 1812390513, "foco_id": "d40b2944-0a28-3bad-ba02-779aa53adfe7", "longitude": -56.31796, "latitude": -21.67394, "data_hora_gmt": "2026-04-02T18:04:00Z", "data_pas": "2026-04-02", "satelite": "NOAA-21", "municipio": "BELA VISTA", "estado": "MATO GROSSO DO SUL", "pais": "Brasil", "precipitacao": 1, "numero_dias_sem_chuva": 2, "risco_fogo": 0.99, "bioma": "Cerrado", "id_0": 33, "id_1": 50, "id_2": 5002100, "continente_id": 8, "vegetacao": "Pastagens e gramíneas", "grade_wrs": "226_075", "frp": 113.4}, "bbox": [-56.31796, -21.67394, -56.31796, -21.67394]}, {"type": "Feature", "id": "focos_48h_br_todosats.fid--3bf30ddf_19d555fad35_-3a50", "geometry": {"type": "Point", "coordinates": [-62.87363, -11.96627]}, "geometry_name": "geometria", "properties": {"id_foco_bdq": 1812391507, "foco_id": "db96993f-7bfa-30aa-ac53-7114eadb654f", "longitude": -62.87363, "latitude": -11.96627, "data_hora_gmt": "2026-04-02T18:06:00Z", "data_pas": "2026-04-02", "satelite": "NOAA-21", "municipio": "SÃO MIGUEL DO GUAPORÉ", "estado": "RONDÔNIA", "pais": "Brasil", "precipitacao": 0.6, "numero_dias_sem_chuva": 0, "risco_fogo": 0.09, "bioma": "Amazônia", "id_0": 33, "id_1": 11, "id_2": 1100320, "continente_id": 8, "vegetacao": "Savana; Caatinga aberta", "grade_wrs": "231_068", "frp": 5.6}, "bbox": [-62.87363, -11.96627, -62.87363, -11.96627]}, {"type": "Feature", "id": "focos_48h_br_todosats.fid--3bf30ddf_19d555fad35_-3a4f", "geometry": {"type": "Point", "coordinates": [-62.87393, -11.97015]}, "geometry_name": "geometria", "properties": {"id_foco_bdq": 1812391844, "foco_id": "756f5558-a87e-337d-bb63-6274d4238d89", "longitude": -62.87393, "latitude": -11.97015, "data_hora_gmt": "2026-04-02T18:06:00Z", "data_pas": "2026-04-02", "satelite": "NOAA-21", "municipio": "SÃO MIGUEL DO GUAPORÉ", "estado": "RONDÔNIA", "pais": "Brasil", "precipitacao": 0.6, "numero_dias_sem_chuva": 0, "risco_fogo": 0.05, "bioma": "Amazônia", "id_0": 33, "id_1": 11, "id_2": 1100320, "continente_id": 8, "vegetacao": "Floresta de contato; Campinarana", "grade_wrs": "231_068", "frp": 5.9}, "bbox": [-62.87393, -11.97015, -62.87393, -11.97015]}, {"type": "Feature", "id": "focos_48h_br_todosats.fid--3bf30ddf_19d555fad35_-3a4e", "geometry": {"type": "Point", "coordinates": [-62.87466, -11.96608]}, "geometry_name": "geometria", "properties": {"id_foco_bdq": 1812390050, "foco_id": "8ff529d8-3b3e-3355-a60d-0c17e003acc1", "longitude": -62.87466, "latitude": -11.96608, "data_hora_gmt": "2026-04-02T18:06:00Z", "data_pas": "2026-04-02", "satelite": "NOAA-21", "municipio": "SÃO MIGUEL DO GUAPORÉ", "estado": "RONDÔNIA", "pais": "Brasil", "precipitacao": 0.6, "numero_dias_sem_chuva": 0, "risco_fogo": 0.08, "bioma": "Amazônia", "id_0": 33, "id_1": 11, "id_2": 1100320, "continente_id": 8, "vegetacao": "Savana arbórea; Caatinga fechada", "grade_wrs": "231_068", "frp": 6}, "bbox": [-62.87466, -11.96608, -62.87466, -11.96608]}, {"type": "Feature", "id": "focos_48h_br_todosats.fid--3bf30ddf_19d555fad35_-3a4d", "geometry": {"type": "Point", "coordinates": [-55.76286, -15.0323]}, "geometry_name": "geometria", "properties": {"id_foco_bdq": 1812390487, "foco_id": "5761126c-1034-3b48-b6ba-a37d118f9dde", "longitude": -55.76286, "latitude": -15.0323, "data_hora_gmt": "2026-04-02T18:06:00Z", "data_pas": "2026-04-02", "satelite": "NOAA-21", "municipio": "CHAPADA DOS GUIMARÃES", "estado": "MATO GROSSO", "pais": "Brasil", "precipitacao": 0.6, "numero_dias_sem_chuva": 0, "risco_fogo": -999, "bioma": "Cerrado", "id_0": 33, "id_1": 51, "id_2": 5103007, "continente_id": 8, "vegetacao": "Corpos agua/Solos expostos/Mineracao/Areas urbanas e construidas/neve e gelo", "grade_wrs": "226_070", "frp": 0.6}, "bbox": [-55.76286, -15.0323, -55.76286, -15.0323]}, {"type": "Feature", "id": "focos_48h_br_todosats.fid--3bf30ddf_19d555fad35_-3a4c", "geometry": {"type": "Point", "coordinates": [-60.65901, 1.30358]}, "geometry_name": "geometria", "properties": {"id_foco_bdq": 1812390448, "foco_id": "29ad86e0-a7a9-3942-a661-4f5b68463594", "longitude": -60.65901, "latitude": 1.30358, "data_hora_gmt": "2026-04-02T18:11:00Z", "data_pas": "2026-04-02", "satelite": "NOAA-21", "municipio": "CARACARAÍ", "estado": "RORAIMA", "pais": "Brasil", "precipitacao": 0.1, "numero_dias_sem_chuva": 2, "risco_fogo": 0.05, "bioma": "Amazônia", "id_0": 33, "id_1": 14, "id_2": 1400209, "continente_id": 8, "vegetacao": "Floresta Ombrófila densa", "grade_wrs": "232_059", "frp": 27.6}, "bbox": [-60.65901, 1.30358, -60.65901, 1.30358]}, {"type": "Feature", "id": "focos_48h_br_todosats.fid--3bf30ddf_19d555fad35_-3a4b", "geometry": {"type": "Point", "coordinates": [-60.7604, 1.40737]}, "geometry_name": "geometria", "properties": {"id_foco_bdq": 1812390843, "foco_id": "e7f30f4e-3edd-3544-95d2-3b5c2ef1e767", "longitude": -60.7604, "latitude": 1.40737, "data_hora_gmt": "2026-04-02T18:11:00Z", "data_pas": "2026-04-02", "satelite": "NOAA-21", "municipio": "CARACARAÍ", "estado": "RORAIMA", "pais": "Brasil", "precipitacao": 0.4, "numero_dias_sem_chuva": 0, "risco_fogo": 0.04, "bioma": "Amazônia", "id_0": 33, "id_1": 14, "id_2": 1400209, "continente_id": 8, "vegetacao": "Floresta Ombrófila densa", "grade_wrs": "232_059", "frp": 17.6}, "bbox": [-60.7604, 1.40737, -60.7604, 1.40737]}, {"type": "Feature", "id": "focos_48h_br_todosats.fid--3bf30ddf_19d555fad35_-3a4a", "geometry": {"type": "Point", "coordinates": [-60.24163, 4.66535]}, "geometry_name": "geometria", "properties": {"id_foco_bdq": 1812391475, "foco_id": "16935fa5-9e21-381d-a6a6-4304b3487339", "longitude": -60.24163, "latitude": 4.66535, "data_hora_gmt": "2026-04-02T18:11:00Z", "data_pas": "2026-04-02", "satelite": "NOAA-21", "municipio": "UIRAMUTÃ", "estado": "RORAIMA", "pais": "Brasil", "precipitacao": 1.22, "numero_dias_sem_chuva": 1, "risco_fogo": 0.09, "bioma": "Amazônia", "id_0": 33, "id_1": 14, "id_2": 1400704, "continente_id": 8, "vegetacao": "Pastagens e gramíneas", "grade_wrs": "232_057", "frp": 9.1}, "bbox": [-60.24163, 4.66535, -60.24163, 4.66535]}, {"type": "Feature", "id": "focos_48h_br_todosats.fid--3bf30ddf_19d555fad35_-3a49", "geometry": {"type": "Point", "coordinates": [-60.65996, 1.30945]}, "geometry_name": "geometria", "properties": {"id_foco_bdq": 1812391594, "foco_id": "ba9a9a51-101e-301e-9940-9de9e626547a", "longitude": -60.65996, "latitude": 1.30945, "data_hora_gmt": "2026-04-02T18:11:00Z", "data_pas": "2026-04-02", "satelite": "NOAA-21", "municipio": "CARACARAÍ", "estado": "RORAIMA", "pais": "Brasil", "precipitacao": 0.1, "numero_dias_sem_chuva": 2, "risco_fogo": 0.05, "bioma": "Amazônia", "id_0": 33, "id_1": 14, "id_2": 1400209, "continente_id": 8, "vegetacao": "Floresta Ombrófila densa", "grade_wrs": "232_059", "frp": 27.6}, "bbox": [-60.65996, 1.30945, -60.65996, 1.30945]}, {"type": "Feature", "id": "focos_48h_br_todosats.fid--3bf30ddf_19d555fad35_-3a48", "geometry": {"type": "Point", "coordinates": [-60.76456, 1.40674]}, "geometry_name": "geometria", "properties": {"id_foco_bdq": 1812391677, "foco_id": "0c695513-a2a2-34b8-ae96-95fab952f89c", "longitude": -60.76456, "latitude": 1.40674, "data_hora_gmt": "2026-04-02T18:11:00Z", "data_pas": "2026-04-02", "satelite": "NOAA-21", "municipio": "CARACARAÍ", "estado": "RORAIMA", "pais": "Brasil", "precipitacao": 0.4, "numero_dias_sem_chuva": 0, "risco_fogo": 0.04, "bioma": "Amazônia", "id_0": 33, "id_1": 14, "id_2": 1400209, "continente_id": 8, "vegetacao": "Floresta Ombrófila densa", "grade_wrs": "232_059", "frp": 15.8}, "bbox": [-60.76456, 1.40674, -60.76456, 1.40674]}, {"type": "Feature", "id": "focos_48h_br_todosats.fid--3bf30ddf_19d555fad35_-3a47", "geometry": {"type": "Point", "coordinates": [-59.95649, 3.45449]}, "geometry_name": "geometria", "properties": {"id_foco_bdq": 1812391716, "foco_id": "7868e5b3-f166-3cc6-9d30-afc369f90ae0", "longitude": -59.95649, "latitude": 3.45449, "data_hora_gmt": "2026-04-02T18:11:00Z", "data_pas": "2026-04-02", "satelite": "NOAA-21", "municipio": "BONFIM", "estado": "RORAIMA", "pais": "Brasil", "precipitacao": 0, "numero_dias_sem_chuva": 0, "risco_fogo": 0.26, "bioma": "Amazônia", "id_0": 33, "id_1": 14, "id_2": 1400159, "continente_id": 8, "vegetacao": "Savana; Caatinga aberta", "grade_wrs": "231_058", "frp": 3}, "bbox": [-59.95649, 3.45449, -59.95649, 3.45449]}, {"type": "Feature", "id": "focos_48h_br_todosats.fid--3bf30ddf_19d555fad35_-3a46", "geometry": {"type": "Point", "coordinates": [-67.32288, 0.42978]}, "geometry_name": "geometria", "properties": {"id_foco_bdq": 1812391809, "foco_id": "99cdf671-c062-3060-a1c2-e4f767cc7acf", "longitude": -67.32288, "latitude": 0.42978, "data_hora_gmt": "2026-04-02T18:11:00Z", "data_pas": "2026-04-02", "satelite": "NOAA-21", "municipio": "SÃO GABRIEL DA CACHOEIRA", "estado": "AMAZONAS", "pais": "Brasil", "precipitacao": 7.48, "numero_dias_sem_chuva": 0, "risco_fogo": -999, "bioma": "Amazônia", "id_0": 33, "id_1": 13, "id_2": 1303809, "continente_id": 8, "vegetacao": "Agricultura e diversos", "grade_wrs": "003_060", "frp": 7.1}, "bbox": [-67.32288, 0.42978, -67.32288, 0.42978]}, {"type": "Feature", "id": "focos_48h_br_todosats.fid--3bf30ddf_19d555fad35_-3a45", "geometry": {"type": "Point", "coordinates": [-61.35197, 1.94352]}, "geometry_name": "geometria", "properties": {"id_foco_bdq": 1812391837, "foco_id": "77659a3c-80ea-3362-8473-4c5691849880", "longitude": -61.35197, "latitude": 1.94352, "data_hora_gmt": "2026-04-02T18:11:00Z", "data_pas": "2026-04-02", "satelite": "NOAA-21", "municipio": "CARACARAÍ", "estado": "RORAIMA", "pais": "Brasil", "precipitacao": 0, "numero_dias_sem_chuva": 0, "risco_fogo": 0.12, "bioma": "Amazônia", "id_0": 33, "id_1": 14, "id_2": 1400209, "continente_id": 8, "vegetacao": "Floresta Ombrófila densa", "grade_wrs": "232_059", "frp": 19}, "bbox": [-61.35197, 1.94352, -61.35197, 1.94352]}, {"type": "Feature", "id": "focos_48h_br_todosats.fid--3bf30ddf_19d555fad35_-3a44", "geometry": {"type": "Point", "coordinates": [-40.42874, -12.34557]}, "geometry_name": "geometria", "properties": {"id_foco_bdq": 1812393172, "foco_id": "8f1decc7-26d5-32fd-a84e-1b42747464db", "longitude": -40.42874, "latitude": -12.34557, "data_hora_gmt": "2026-04-02T18:17:00Z", "data_pas": "2026-04-02", "satelite": "AQUA_M-T", "municipio": "ITABERABA", "estado": "BAHIA", "pais": "Brasil", "precipitacao": 0, "numero_dias_sem_chuva": 0, "risco_fogo": 0.16, "bioma": "Caatinga", "id_0": 33, "id_1": 29, "id_2": 2914703, "continente_id": 8, "vegetacao": "Savana arbórea; Caatinga fechada", "grade_wrs": "217_068", "frp": 4.8}, "bbox": [-40.42874, -12.34557, -40.42874, -12.34557]}, {"type": "Feature", "id": "focos_48h_br_todosats.fid--3bf30ddf_19d555fad35_-3a43", "geometry": {"type": "Point", "coordinates": [-43.64139, -12.50321]}, "geometry_name": "geometria", "properties": {"id_foco_bdq": 1812393643, "foco_id": "a0067e7b-76ca-30b3-b20f-7ae9a53cc182", "longitude": -43.64139, "latitude": -12.50321, "data_hora_gmt": "2026-04-02T18:17:00Z", "data_pas": "2026-04-02", "satelite": "AQUA_M-T", "municipio": "BREJOLÂNDIA", "estado": "BAHIA", "pais": "Brasil", "precipitacao": 0.4, "numero_dias_sem_chuva": 0, "risco_fogo": 0.11, "bioma": "Cerrado", "id_0": 33, "id_1": 29, "id_2": 2904407, "continente_id": 8, "vegetacao": "Savana arbórea; Caatinga fechada", "grade_wrs": "219_069", "frp": 14}, "bbox": [-43.64139, -12.50321, -43.64139, -12.50321]}, {"type": "Feature", "id": "focos_48h_br_todosats.fid--3bf30ddf_19d555fad35_-3a42", "geometry": {"type": "Point", "coordinates": [-53.09079, -31.03612]}, "geometry_name": "geometria", "properties": {"id_foco_bdq": 1812396415, "foco_id": "df9f8d7f-2cad-3fa2-bb6c-8fe3013812fd", "longitude": -53.09079, "latitude": -31.03612, "data_hora_gmt": "2026-04-02T18:32:00Z", "data_pas": "2026-04-02", "satelite": "NPP-375", "municipio": "PIRATINI", "estado": "RIO GRANDE DO SUL", "pais": "Brasil", "precipitacao": 0, "numero_dias_sem_chuva": 3, "risco_fogo": 0.8, "bioma": "Pampa", "id_0": 33, "id_1": 43, "id_2": 4314605, "continente_id": 8, "vegetacao": "Agricultura e diversos", "grade_wrs": "222_082", "frp": 8}, "bbox": [-53.09079, -31.03612, -53.09079, -31.03612]}, {"type": "Feature", "id": "focos_48h_br_todosats.fid--3bf30ddf_19d555fad35_-3a41", "geometry": {"type": "Point", "coordinates": [-53.06985, -31.04543]}, "geometry_name": "geometria", "properties": {"id_foco_bdq": 1812394906, "foco_id": "ff5822d7-5b2c-397e-bd88-f6a38fd94c63", "longitude": -53.06985, "latitude": -31.04543, "data_hora_gmt": "2026-04-02T18:32:00Z", "data_pas": "2026-04-02", "satelite": "NPP-375", "municipio": "PIRATINI", "estado": "RIO GRANDE DO SUL", "pais": "Brasil", "precipitacao": 0, "numero_dias_sem_chuva": 3, "risco_fogo": 0.57, "bioma": "Pampa", "id_0": 33, "id_1": 43, "id_2": 4314605, "continente_id": 8, "vegetacao": "Savana; Caatinga aberta", "grade_wrs": "222_082", "frp": 17.3}, "bbox": [-53.06985, -31.04543, -53.06985, -31.04543]}, {"type": "Feature", "id": "focos_48h_br_todosats.fid--3bf30ddf_19d555fad35_-3a40", "geometry": {"type": "Point", "coordinates": [-53.06082, -31.04272]}, "geometry_name": "geometria", "properties": {"id_foco_bdq": 1812392354, "foco_id": "c39165fb-618e-3633-b77e-49435519c226", "longitude": -53.06082, "latitude": -31.04272, "data_hora_gmt": "2026-04-02T18:32:00Z", "data_pas": "2026-04-02", "satelite": "NPP-375", "municipio": "PIRATINI", "estado": "RIO GRANDE DO SUL", "pais": "Brasil", "precipitacao": 0, "numero_dias_sem_chuva": 3, "risco_fogo": 0.6, "bioma": "Pampa", "id_0": 33, "id_1": 43, "id_2": 4314605, "continente_id": 8, "vegetacao": "Savana; Caatinga aberta", "grade_wrs": "222_082", "frp": 17.3}, "bbox": [-53.06082, -31.04272, -53.06082, -31.04272]}, {"type": "Feature", "id": "focos_48h_br_todosats.fid--3bf30ddf_19d555fad35_-3a3f", "geometry": {"type": "Point", "coordinates": [-56.39197, -29.32304]}, "geometry_name": "geometria", "properties": {"id_foco_bdq": 1812392917, "foco_id": "acf9579a-2135-3162-aead-068ef2ebac5e", "longitude": -56.39197, "latitude": -29.32304, "data_hora_gmt": "2026-04-02T18:32:00Z", "data_pas": "2026-04-02", "satelite": "NPP-375", "municipio": "ITAQUI", "estado": "RIO GRANDE DO SUL", "pais": "Brasil", "precipitacao": 0, "numero_dias_sem_chuva": 10, "risco_fogo": 1, "bioma": "Pampa", "id_0": 33, "id_1": 43, "id_2": 4310603, "continente_id": 8, "vegetacao": "Agricultura e diversos", "grade_wrs": "224_080", "frp": 8.8}, "bbox": [-56.39197, -29.32304, -56.39197, -29.32304]}, {"type": "Feature", "id": "focos_48h_br_todosats.fid--3bf30ddf_19d555fad35_-3a3e", "geometry": {"type": "Point", "coordinates": [-64.99804, -10.59932]}, "geometry_name": "geometria", "properties": {"id_foco_bdq": 1812393230, "foco_id": "5e31d7fd-bb0a-35b7-8d95-4609707b87c7", "longitude": -64.99804, "latitude": -10.59932, "data_hora_gmt": "2026-04-02T18:38:00Z", "data_pas": "2026-04-02", "satelite": "NPP-375", "municipio": "GUAJARÁ-MIRIM", "estado": "RONDÔNIA", "pais": "Brasil", "precipitacao": 0.75, "numero_dias_sem_chuva": 0, "risco_fogo": 0.17, "bioma": "Amazônia", "id_0": 33, "id_1": 11, "id_2": 1100106, "continente_id": 8, "vegetacao": "Savana; Caatinga aberta", "grade_wrs": "233_067", "frp": 5.2}, "bbox": [-64.99804, -10.59932, -64.99804, -10.59932]}, {"type": "Feature", "id": "focos_48h_br_todosats.fid--3bf30ddf_19d555fad35_-3a3d", "geometry": {"type": "Point", "coordinates": [-65.78138, -9.11293]}, "geometry_name": "geometria", "properties": {"id_foco_bdq": 1812417718, "foco_id": "bff41701-e03b-38d2-ab7c-16d210d88c7b", "longitude": -65.78138, "latitude": -9.11293, "data_hora_gmt": "2026-04-02T19:55:00Z", "data_pas": "2026-04-02", "satelite": "AQUA_M-T", "municipio": "LÁBREA", "estado": "AMAZONAS", "pais": "Brasil", "precipitacao": 1.5, "numero_dias_sem_chuva": 1, "risco_fogo": 0, "bioma": "Amazônia", "id_0": 33, "id_1": 13, "id_2": 1302405, "continente_id": 8, "vegetacao": "Floresta Ombrófila densa", "grade_wrs": "001_066", "frp": 9.6}, "bbox": [-65.78138, -9.11293, -65.78138, -9.11293]}, {"type": "Feature", "id": "focos_48h_br_todosats.fid--3bf30ddf_19d555fad35_-3a3c", "geometry": {"type": "Point", "coordinates": [-65.79158, -9.11447]}, "geometry_name": "geometria", "properties": {"id_foco_bdq": 1812418201, "foco_id": "211cbcd3-e47f-3ec5-8c33-3b20715b8cf9", "longitude": -65.79158, "latitude": -9.11447, "data_hora_gmt": "2026-04-02T19:55:00Z", "data_pas": "2026-04-02", "satelite": "AQUA_M-T", "municipio": "LÁBREA", "estado": "AMAZONAS", "pais": "Brasil", "precipitacao": 1.5, "numero_dias_sem_chuva": 1, "risco_fogo": 0, "bioma": "Amazônia", "id_0": 33, "id_1": 13, "id_2": 1302405, "continente_id": 8, "vegetacao": "Floresta Ombrófila densa", "grade_wrs": "001_066", "frp": 9.7}, "bbox": [-65.79158, -9.11447, -65.79158, -9.11447]}, {"type": "Feature", "id": "focos_48h_br_todosats.fid--3bf30ddf_19d555fad35_-3a3b", "geometry": {"type": "Point", "coordinates": [-66.99508, -9.97029]}, "geometry_name": "geometria", "properties": {"id_foco_bdq": 1812418195, "foco_id": "8a74ab0b-7c55-37e5-86a8-16d40f38f2ac", "longitude": -66.99508, "latitude": -9.97029, "data_hora_gmt": "2026-04-02T19:55:00Z", "data_pas": "2026-04-02", "satelite": "AQUA_M-T", "municipio": "ACRELÂNDIA", "estado": "ACRE", "pais": "Brasil", "precipitacao": 2.75, "numero_dias_sem_chuva": 0, "risco_fogo": 0.1, "bioma": "Amazônia", "id_0": 33, "id_1": 12, "id_2": 1200013, "continente_id": 8, "vegetacao": "Pastagens e gramíneas", "grade_wrs": "001_067", "frp": 5.6}, "bbox": [-66.99508, -9.97029, -66.99508, -9.97029]}, {"type": "Feature", "id": "focos_48h_br_todosats.fid--3bf30ddf_19d555fad35_-3a3a", "geometry": {"type": "Point", "coordinates": [-61.3476, 1.9405]}, "geometry_name": "geometria", "properties": {"id_foco_bdq": 1812418668, "foco_id": "c47d5051-bec1-3c1a-b8f8-f63afc5c5e00", "longitude": -61.3476, "latitude": 1.9405, "data_hora_gmt": "2026-04-02T23:10:00Z", "data_pas": "2026-04-02", "satelite": "GOES-19", "municipio": "CARACARAÍ", "estado": "RORAIMA", "pais": "Brasil", "precipitacao": 0, "numero_dias_sem_chuva": 0, "risco_fogo": 0.12, "bioma": "Amazônia", "id_0": 33, "id_1": 14, "id_2": 1400209, "continente_id": 8, "vegetacao": "Floresta Ombrófila densa", "grade_wrs": "232_059", "frp": 64}, "bbox": [-61.3476, 1.9405, -61.3476, 1.9405]}, {"type": "Feature", "id": "focos_48h_br_todosats.fid--3bf30ddf_19d555fad35_-3a39", "geometry": {"type": "Point", "coordinates": [-43.570801, -19.391001]}, "geometry_name": "geometria", "properties": {"id_foco_bdq": 1812421012, "foco_id": "9928c81b-876a-3415-ac97-69a4199be0e0", "longitude": -43.570801, "latitude": -19.391001, "data_hora_gmt": "2026-04-03T00:07:00Z", "data_pas": "2026-04-03", "satelite": "METOP-B", "municipio": "JABOTICATUBAS", "estado": "MINAS GERAIS", "pais": "Brasil", "precipitacao": null, "numero_dias_sem_chuva": null, "risco_fogo": null, "bioma": "Cerrado", "id_0": 33, "id_1": 31, "id_2": 3134608, "continente_id": 8, "vegetacao": null, "grade_wrs": "218_073", "frp": null}, "bbox": [-43.570801, -19.391001, -43.570801, -19.391001]}, {"type": "Feature", "id": "focos_48h_br_todosats.fid--3bf30ddf_19d555fad35_-3a38", "geometry": {"type": "Point", "coordinates": [-49.511501, -20.915899]}, "geometry_name": "geometria", "properties": {"id_foco_bdq": 1812420995, "foco_id": "7c9228d5-f5dd-389c-95b0-1a68978d8f15", "longitude": -49.511501, "latitude": -20.915899, "data_hora_gmt": "2026-04-03T00:07:00Z", "data_pas": "2026-04-03", "satelite": "METOP-B", "municipio": "MIRASSOL", "estado": "SÃO PAULO", "pais": "Brasil", "precipitacao": null, "numero_dias_sem_chuva": null, "risco_fogo": null, "bioma": "Mata Atlântica", "id_0": 33, "id_1": 35, "id_2": 3530300, "continente_id": 8, "vegetacao": null, "grade_wrs": "221_075", "frp": null}, "bbox": [-49.511501, -20.915899, -49.511501, -20.915899]}, {"type": "Feature", "id": "focos_48h_br_todosats.fid--3bf30ddf_19d555fad35_-3a37", "geometry": {"type": "Point", "coordinates": [-48.43013, -21.71219]}, "geometry_name": "geometria", "properties": {"id_foco_bdq": 1812420890, "foco_id": "88168f21-30b3-3ad4-88b8-09626631c15b", "longitude": -48.43013, "latitude": -21.71219, "data_hora_gmt": "2026-04-03T00:18:00Z", "data_pas": "2026-04-03", "satelite": "TERRA_M-M", "municipio": "MATÃO", "estado": "SÃO PAULO", "pais": "Brasil", "precipitacao": null, "numero_dias_sem_chuva": null, "risco_fogo": null, "bioma": "Cerrado", "id_0": 33, "id_1": 35, "id_2": 3529302, "continente_id": 8, "vegetacao": null, "grade_wrs": "220_075", "frp": 4.9}, "bbox": [-48.43013, -21.71219, -48.43013, -21.71219]}, {"type": "Feature", "id": "focos_48h_br_todosats.fid--3bf30ddf_19d555fad35_-3a36", "geometry": {"type": "Point", "coordinates": [-56.97135, -22.1829]}, "geometry_name": "geometria", "properties": {"id_foco_bdq": 1812420899, "foco_id": "b136aa1f-864f-349f-a255-b7d8787305f8", "longitude": -56.97135, "latitude": -22.1829, "data_hora_gmt": "2026-04-03T00:18:00Z", "data_pas": "2026-04-03", "satelite": "TERRA_M-M", "municipio": "BELA VISTA", "estado": "MATO GROSSO DO SUL", "pais": "Brasil", "precipitacao": null, "numero_dias_sem_chuva": null, "risco_fogo": null, "bioma": "Cerrado", "id_0": 33, "id_1": 50, "id_2": 5002100, "continente_id": 8, "vegetacao": null, "grade_wrs": "226_075", "frp": 27.4}, "bbox": [-56.97135, -22.1829, -56.97135, -22.1829]}, {"type": "Feature", "id": "focos_48h_br_todosats.fid--3bf30ddf_19d555fad35_-3a35", "geometry": {"type": "Point", "coordinates": [-49.53451, -20.91704]}, "geometry_name": "geometria", "properties": {"id_foco_bdq": 1812420906, "foco_id": "c87aa1a0-1d2a-3c48-9c65-89716f92b8ac", "longitude": -49.53451, "latitude": -20.91704, "data_hora_gmt": "2026-04-03T00:18:00Z", "data_pas": "2026-04-03", "satelite": "TERRA_M-M", "municipio": "MIRASSOL", "estado": "SÃO PAULO", "pais": "Brasil", "precipitacao": null, "numero_dias_sem_chuva": null, "risco_fogo": null, "bioma": "Mata Atlântica", "id_0": 33, "id_1": 35, "id_2": 3530300, "continente_id": 8, "vegetacao": null, "grade_wrs": "221_075", "frp": 7.9}, "bbox": [-49.53451, -20.91704, -49.53451, -20.91704]}, {"type": "Feature", "id": "focos_48h_br_todosats.fid--3bf30ddf_19d555fad35_-3a34", "geometry": {"type": "Point", "coordinates": [-43.58572, -19.38421]}, "geometry_name": "geometria", "properties": {"id_foco_bdq": 1812420907, "foco_id": "9c41845f-64b6-3946-a934-213c3365dd14", "longitude": -43.58572, "latitude": -19.38421, "data_hora_gmt": "2026-04-03T00:18:00Z", "data_pas": "2026-04-03", "satelite": "TERRA_M-M", "municipio": "JABOTICATUBAS", "estado": "MINAS GERAIS", "pais": "Brasil", "precipitacao": null, "numero_dias_sem_chuva": null, "risco_fogo": null, "bioma": "Cerrado", "id_0": 33, "id_1": 31, "id_2": 3134608, "continente_id": 8, "vegetacao": null, "grade_wrs": "218_073", "frp": 12.5}, "bbox": [-43.58572, -19.38421, -43.58572, -19.38421]}, {"type": "Feature", "id": "focos_48h_br_todosats.fid--3bf30ddf_19d555fad35_-3a33", "geometry": {"type": "Point", "coordinates": [-43.58405, -19.39455]}, "geometry_name": "geometria", "properties": {"id_foco_bdq": 1812420913, "foco_id": "909a36d8-0b3f-3ad2-9b76-ed421efccda9", "longitude": -43.58405, "latitude": -19.39455, "data_hora_gmt": "2026-04-03T00:18:00Z", "data_pas": "2026-04-03", "satelite": "TERRA_M-M", "municipio": "JABOTICATUBAS", "estado": "MINAS GERAIS", "pais": "Brasil", "precipitacao": null, "numero_dias_sem_chuva": null, "risco_fogo": null, "bioma": "Cerrado", "id_0": 33, "id_1": 31, "id_2": 3134608, "continente_id": 8, "vegetacao": null, "grade_wrs": "218_073", "frp": 19.9}, "bbox": [-43.58405, -19.39455, -43.58405, -19.39455]}, {"type": "Feature", "id": "focos_48h_br_todosats.fid--3bf30ddf_19d555fad35_-3a32", "geometry": {"type": "Point", "coordinates": [-50.4371, -20.28548]}, "geometry_name": "geometria", "properties": {"id_foco_bdq": 1812420914, "foco_id": "03e0f280-2cc6-329e-8fa3-51d8f1aa4c51", "longitude": -50.4371, "latitude": -20.28548, "data_hora_gmt": "2026-04-03T00:18:00Z", "data_pas": "2026-04-03", "satelite": "TERRA_M-M", "municipio": "ESTRELA D'OESTE", "estado": "SÃO PAULO", "pais": "Brasil", "precipitacao": null, "numero_dias_sem_chuva": null, "risco_fogo": null, "bioma": "Mata Atlântica", "id_0": 33, "id_1": 35, "id_2": 3515202, "continente_id": 8, "vegetacao": null, "grade_wrs": "222_074", "frp": 6.5}, "bbox": [-50.4371, -20.28548, -50.4371, -20.28548]}, {"type": "Feature", "id": "focos_48h_br_todosats.fid--3bf30ddf_19d555fad35_-3a31", "geometry": {"type": "Point", "coordinates": [-49.5238, -20.91569]}, "geometry_name": "geometria", "properties": {"id_foco_bdq": 1812420896, "foco_id": "13493256-9531-349c-bfda-214ab7d0855a", "longitude": -49.5238, "latitude": -20.91569, "data_hora_gmt": "2026-04-03T00:18:00Z", "data_pas": "2026-04-03", "satelite": "TERRA_M-M", "municipio": "MIRASSOL", "estado": "SÃO PAULO", "pais": "Brasil", "precipitacao": null, "numero_dias_sem_chuva": null, "risco_fogo": null, "bioma": "Mata Atlântica", "id_0": 33, "id_1": 35, "id_2": 3530300, "continente_id": 8, "vegetacao": null, "grade_wrs": "221_075", "frp": 11.2}, "bbox": [-49.5238, -20.91569, -49.5238, -20.91569]}, {"type": "Feature", "id": "focos_48h_br_todosats.fid--3bf30ddf_19d555fad35_-3a30", "geometry": {"type": "Point", "coordinates": [-60.65317, 1.30084]}, "geometry_name": "geometria", "properties": {"id_foco_bdq": 1812420888, "foco_id": "5fc37f31-d5d9-3394-b145-181f25d89f79", "longitude": -60.65317, "latitude": 1.30084, "data_hora_gmt": "2026-04-03T00:24:00Z", "data_pas": "2026-04-03", "satelite": "TERRA_M-M", "municipio": "CARACARAÍ", "estado": "RORAIMA", "pais": "Brasil", "precipitacao": null, "numero_dias_sem_chuva": null, "risco_fogo": null, "bioma": "Amazônia", "id_0": 33, "id_1": 14, "id_2": 1400209, "continente_id": 8, "vegetacao": null, "grade_wrs": "232_059", "frp": 30.9}, "bbox": [-60.65317, 1.30084, -60.65317, 1.30084]}, {"type": "Feature", "id": "focos_48h_br_todosats.fid--3bf30ddf_19d555fad35_-3a2f", "geometry": {"type": "Point", "coordinates": [-43.579399, -19.389799]}, "geometry_name": "geometria", "properties": {"id_foco_bdq": 1812421009, "foco_id": "7e992342-5a0a-3e3d-a91c-4d6b07dffae6", "longitude": -43.579399, "latitude": -19.389799, "data_hora_gmt": "2026-04-03T00:40:00Z", "data_pas": "2026-04-03", "satelite": "METOP-C", "municipio": "JABOTICATUBAS", "estado": "MINAS GERAIS", "pais": "Brasil", "precipitacao": null, "numero_dias_sem_chuva": null, "risco_fogo": null, "bioma": "Cerrado", "id_0": 33, "id_1": 31, "id_2": 3134608, "continente_id": 8, "vegetacao": null, "grade_wrs": "218_073", "frp": null}, "bbox": [-43.579399, -19.389799, -43.579399, -19.389799]}, {"type": "Feature", "id": "focos_48h_br_todosats.fid--3bf30ddf_19d555fad35_-3a2e", "geometry": {"type": "Point", "coordinates": [-34.90659, -7.21509]}, "geometry_name": "geometria", "properties": {"id_foco_bdq": 1812429322, "foco_id": "bcda84ea-dd38-352a-afab-cd9515260628", "longitude": -34.90659, "latitude": -7.21509, "data_hora_gmt": "2026-04-03T03:30:00Z", "data_pas": "2026-04-03", "satelite": "NOAA-21", "municipio": "CONDE", "estado": "PARAÍBA", "pais": "Brasil", "precipitacao": null, "numero_dias_sem_chuva": null, "risco_fogo": null, "bioma": "Mata Atlântica", "id_0": 33, "id_1": 25, "id_2": 2504603, "continente_id": 8, "vegetacao": null, "grade_wrs": "214_065", "frp": 2.9}, "bbox": [-34.90659, -7.21509, -34.90659, -7.21509]}, {"type": "Feature", "id": "focos_48h_br_todosats.fid--3bf30ddf_19d555fad35_-3a2d", "geometry": {"type": "Point", "coordinates": [-35.42727, -7.74586]}, "geometry_name": "geometria", "properties": {"id_foco_bdq": 1812430041, "foco_id": "ca093136-f78d-36bf-b55c-ac542d096683", "longitude": -35.42727, "latitude": -7.74586, "data_hora_gmt": "2026-04-03T03:30:00Z", "data_pas": "2026-04-03", "satelite": "NOAA-21", "municipio": "LIMOEIRO", "estado": "PERNAMBUCO", "pais": "Brasil", "precipitacao": null, "numero_dias_sem_chuva": null, "risco_fogo": null, "bioma": "Mata Atlântica", "id_0": 33, "id_1": 26, "id_2": 2608909, "continente_id": 8, "vegetacao": null, "grade_wrs": "214_065", "frp": 1.2}, "bbox": [-35.42727, -7.74586, -35.42727, -7.74586]}, {"type": "Feature", "id": "focos_48h_br_todosats.fid--3bf30ddf_19d555fad35_-3a2c", "geometry": {"type": "Point", "coordinates": [-40.06968, -19.598]}, "geometry_name": "geometria", "properties": {"id_foco_bdq": 1812430000, "foco_id": "495c25e7-ba52-31d8-a658-8bda00038001", "longitude": -40.06968, "latitude": -19.598, "data_hora_gmt": "2026-04-03T03:34:00Z", "data_pas": "2026-04-03", "satelite": "NOAA-21", "municipio": "ARACRUZ", "estado": "ESPÍRITO SANTO", "pais": "Brasil", "precipitacao": null, "numero_dias_sem_chuva": null, "risco_fogo": null, "bioma": "Mata Atlântica", "id_0": 33, "id_1": 32, "id_2": 3200607, "continente_id": 8, "vegetacao": null, "grade_wrs": "215_074", "frp": 0.8}, "bbox": [-40.06968, -19.598, -40.06968, -19.598]}, {"type": "Feature", "id": "focos_48h_br_todosats.fid--3bf30ddf_19d555fad35_-3a2b", "geometry": {"type": "Point", "coordinates": [-43.58552, -19.38849]}, "geometry_name": "geometria", "properties": {"id_foco_bdq": 1812429921, "foco_id": "bffadadf-f16c-36d3-bc7a-9d16f3d77d14", "longitude": -43.58552, "latitude": -19.38849, "data_hora_gmt": "2026-04-03T03:34:00Z", "data_pas": "2026-04-03", "satelite": "NOAA-21", "municipio": "JABOTICATUBAS", "estado": "MINAS GERAIS", "pais": "Brasil", "precipitacao": null, "numero_dias_sem_chuva": null, "risco_fogo": null, "bioma": "Cerrado", "id_0": 33, "id_1": 31, "id_2": 3134608, "continente_id": 8, "vegetacao": null, "grade_wrs": "218_073", "frp": 2.5}, "bbox": [-43.58552, -19.38849, -43.58552, -19.38849]}, {"type": "Feature", "id": "focos_48h_br_todosats.fid--3bf30ddf_19d555fad35_-3a2a", "geometry": {"type": "Point", "coordinates": [-43.17629, -22.08137]}, "geometry_name": "geometria", "properties": {"id_foco_bdq": 1812429993, "foco_id": "a89b994b-be4c-30f6-85a8-fbfd5f844acd", "longitude": -43.17629, "latitude": -22.08137, "data_hora_gmt": "2026-04-03T03:34:00Z", "data_pas": "2026-04-03", "satelite": "NOAA-21", "municipio": "TRÊS RIOS", "estado": "RIO DE JANEIRO", "pais": "Brasil", "precipitacao": null, "numero_dias_sem_chuva": null, "risco_fogo": null, "bioma": "Mata Atlântica", "id_0": 33, "id_1": 33, "id_2": 3306008, "continente_id": 8, "vegetacao": null, "grade_wrs": "217_075", "frp": 1.7}, "bbox": [-43.17629, -22.08137, -43.17629, -22.08137]}, {"type": "Feature", "id": "focos_48h_br_todosats.fid--3bf30ddf_19d555fad35_-3a29", "geometry": {"type": "Point", "coordinates": [-54.26269, -30.40217]}, "geometry_name": "geometria", "properties": {"id_foco_bdq": 1812429290, "foco_id": "bd82a1fe-d79c-32f7-87a4-1ae9d52fcba1", "longitude": -54.26269, "latitude": -30.40217, "data_hora_gmt": "2026-04-03T03:38:00Z", "data_pas": "2026-04-03", "satelite": "NOAA-21", "municipio": "SANTA MARGARIDA DO SUL", "estado": "RIO GRANDE DO SUL", "pais": "Brasil", "precipitacao": null, "numero_dias_sem_chuva": null, "risco_fogo": null, "bioma": "Pampa", "id_0": 33, "id_1": 43, "id_2": 4316972, "continente_id": 8, "vegetacao": null, "grade_wrs": "223_081", "frp": 4.5}, "bbox": [-54.26269, -30.40217, -54.26269, -30.40217]}, {"type": "Feature", "id": "focos_48h_br_todosats.fid--3bf30ddf_19d555fad35_-3a28", "geometry": {"type": "Point", "coordinates": [-54.26476, -30.40539]}, "geometry_name": "geometria", "properties": {"id_foco_bdq": 1812429813, "foco_id": "a494a272-1be3-3f4b-b257-6538c4818b81", "longitude": -54.26476, "latitude": -30.40539, "data_hora_gmt": "2026-04-03T03:38:00Z", "data_pas": "2026-04-03", "satelite": "NOAA-21", "municipio": "SÃO GABRIEL", "estado": "RIO GRANDE DO SUL", "pais": "Brasil", "precipitacao": null, "numero_dias_sem_chuva": null, "risco_fogo": null, "bioma": "Pampa", "id_0": 33, "id_1": 43, "id_2": 4318309, "continente_id": 8, "vegetacao": null, "grade_wrs": "223_081", "frp": 4.1}, "bbox": [-54.26476, -30.40539, -54.26476, -30.40539]}, {"type": "Feature", "id": "focos_48h_br_todosats.fid--3bf30ddf_19d555fad35_-3a27", "geometry": {"type": "Point", "coordinates": [-34.90664, -7.21375]}, "geometry_name": "geometria", "properties": {"id_foco_bdq": 1812431260, "foco_id": "eb52c6b4-b945-312e-8cb4-7e5438fa09ac", "longitude": -34.90664, "latitude": -7.21375, "data_hora_gmt": "2026-04-03T04:02:00Z", "data_pas": "2026-04-03", "satelite": "NPP-375D", "municipio": "CONDE", "estado": "PARAÍBA", "pais": "Brasil", "precipitacao": null, "numero_dias_sem_chuva": null, "risco_fogo": null, "bioma": "Mata Atlântica", "id_0": 33, "id_1": 25, "id_2": 2504603, "continente_id": 8, "vegetacao": null, "grade_wrs": "214_065", "frp": 2}, "bbox": [-34.90664, -7.21375, -34.90664, -7.21375]}, {"type": "Feature", "id": "focos_48h_br_todosats.fid--3bf30ddf_19d555fad35_-3a26", "geometry": {"type": "Point", "coordinates": [-45.22359, -12.04289]}, "geometry_name": "geometria", "properties": {"id_foco_bdq": 1812431839, "foco_id": "ec80f64f-6b62-34ae-bad4-e0b918d809b6", "longitude": -45.22359, "latitude": -12.04289, "data_hora_gmt": "2026-04-03T04:04:00Z", "data_pas": "2026-04-03", "satelite": "NPP-375D", "municipio": "BARREIRAS", "estado": "BAHIA", "pais": "Brasil", "precipitacao": null, "numero_dias_sem_chuva": null, "risco_fogo": null, "bioma": "Cerrado", "id_0": 33, "id_1": 29, "id_2": 2903201, "continente_id": 8, "vegetacao": null, "grade_wrs": "220_068", "frp": 1.3}, "bbox": [-45.22359, -12.04289, -45.22359, -12.04289]}, {"type": "Feature", "id": "focos_48h_br_todosats.fid--3bf30ddf_19d555fad35_-3a25", "geometry": {"type": "Point", "coordinates": [-45.22132, -12.05186]}, "geometry_name": "geometria", "properties": {"id_foco_bdq": 1812430283, "foco_id": "708772cf-e3f6-322e-a5aa-86a58702c675", "longitude": -45.22132, "latitude": -12.05186, "data_hora_gmt": "2026-04-03T04:04:00Z", "data_pas": "2026-04-03", "satelite": "NPP-375D", "municipio": "BARREIRAS", "estado": "BAHIA", "pais": "Brasil", "precipitacao": null, "numero_dias_sem_chuva": null, "risco_fogo": null, "bioma": "Cerrado", "id_0": 33, "id_1": 29, "id_2": 2903201, "continente_id": 8, "vegetacao": null, "grade_wrs": "220_068", "frp": 1}, "bbox": [-45.22132, -12.05186, -45.22132, -12.05186]}, {"type": "Feature", "id": "focos_48h_br_todosats.fid--3bf30ddf_19d555fad35_-3a24", "geometry": {"type": "Point", "coordinates": [-45.22513, -12.05118]}, "geometry_name": "geometria", "properties": {"id_foco_bdq": 1812430871, "foco_id": "1ee0a66c-3c97-3a43-8e91-d41406d24258", "longitude": -45.22513, "latitude": -12.05118, "data_hora_gmt": "2026-04-03T04:04:00Z", "data_pas": "2026-04-03", "satelite": "NPP-375D", "municipio": "BARREIRAS", "estado": "BAHIA", "pais": "Brasil", "precipitacao": null, "numero_dias_sem_chuva": null, "risco_fogo": null, "bioma": "Cerrado", "id_0": 33, "id_1": 29, "id_2": 2903201, "continente_id": 8, "vegetacao": null, "grade_wrs": "220_068", "frp": 1}, "bbox": [-45.22513, -12.05118, -45.22513, -12.05118]}, {"type": "Feature", "id": "focos_48h_br_todosats.fid--3bf30ddf_19d555fad35_-3a23", "geometry": {"type": "Point", "coordinates": [-45.22436, -12.04703]}, "geometry_name": "geometria", "properties": {"id_foco_bdq": 1812431947, "foco_id": "83754897-3cda-3858-babc-fb2ed763d1e7", "longitude": -45.22436, "latitude": -12.04703, "data_hora_gmt": "2026-04-03T04:04:00Z", "data_pas": "2026-04-03", "satelite": "NPP-375D", "municipio": "BARREIRAS", "estado": "BAHIA", "pais": "Brasil", "precipitacao": null, "numero_dias_sem_chuva": null, "risco_fogo": null, "bioma": "Cerrado", "id_0": 33, "id_1": 29, "id_2": 2903201, "continente_id": 8, "vegetacao": null, "grade_wrs": "220_068", "frp": 1.3}, "bbox": [-45.22436, -12.04703, -45.22436, -12.04703]}, {"type": "Feature", "id": "focos_48h_br_todosats.fid--3bf30ddf_19d555fad35_-3a22", "geometry": {"type": "Point", "coordinates": [-43.237, -15.76902]}, "geometry_name": "geometria", "properties": {"id_foco_bdq": 1812431872, "foco_id": "39b750be-8683-318a-ba22-cb57ad8976d2", "longitude": -43.237, "latitude": -15.76902, "data_hora_gmt": "2026-04-03T04:04:00Z", "data_pas": "2026-04-03", "satelite": "NPP-375D", "municipio": "PORTEIRINHA", "estado": "MINAS GERAIS", "pais": "Brasil", "precipitacao": null, "numero_dias_sem_chuva": null, "risco_fogo": null, "bioma": "Cerrado", "id_0": 33, "id_1": 31, "id_2": 3152204, "continente_id": 8, "vegetacao": null, "grade_wrs": "218_071", "frp": 1.5}, "bbox": [-43.237, -15.76902, -43.237, -15.76902]}, {"type": "Feature", "id": "focos_48h_br_todosats.fid--3bf30ddf_19d555fad35_-3a21", "geometry": {"type": "Point", "coordinates": [-45.22741, -12.0422]}, "geometry_name": "geometria", "properties": {"id_foco_bdq": 1812431719, "foco_id": "f989e2ec-6c99-3f26-a6b6-786d765cdd52", "longitude": -45.22741, "latitude": -12.0422, "data_hora_gmt": "2026-04-03T04:04:00Z", "data_pas": "2026-04-03", "satelite": "NPP-375D", "municipio": "BARREIRAS", "estado": "BAHIA", "pais": "Brasil", "precipitacao": null, "numero_dias_sem_chuva": null, "risco_fogo": null, "bioma": "Cerrado", "id_0": 33, "id_1": 29, "id_2": 2903201, "continente_id": 8, "vegetacao": null, "grade_wrs": "220_068", "frp": 1.7}, "bbox": [-45.22741, -12.0422, -45.22741, -12.0422]}, {"type": "Feature", "id": "focos_48h_br_todosats.fid--3bf30ddf_19d555fad35_-3a20", "geometry": {"type": "Point", "coordinates": [-45.22664, -12.03806]}, "geometry_name": "geometria", "properties": {"id_foco_bdq": 1812431380, "foco_id": "52a66ecf-306c-3449-8f8e-56d8ff7d32ba", "longitude": -45.22664, "latitude": -12.03806, "data_hora_gmt": "2026-04-03T04:04:00Z", "data_pas": "2026-04-03", "satelite": "NPP-375D", "municipio": "BARREIRAS", "estado": "BAHIA", "pais": "Brasil", "precipitacao": null, "numero_dias_sem_chuva": null, "risco_fogo": null, "bioma": "Cerrado", "id_0": 33, "id_1": 29, "id_2": 2903201, "continente_id": 8, "vegetacao": null, "grade_wrs": "220_068", "frp": 2.2}, "bbox": [-45.22664, -12.03806, -45.22664, -12.03806]}, {"type": "Feature", "id": "focos_48h_br_todosats.fid--3bf30ddf_19d555fad35_-3a1f", "geometry": {"type": "Point", "coordinates": [-52.68129, -23.02955]}, "geometry_name": "geometria", "properties": {"id_foco_bdq": 1812431586, "foco_id": "d0f31e86-76ec-3148-b83c-ec2fb85b6e56", "longitude": -52.68129, "latitude": -23.02955, "data_hora_gmt": "2026-04-03T04:06:00Z", "data_pas": "2026-04-03", "satelite": "NPP-375D", "municipio": "PARANAVAÍ", "estado": "PARANÁ", "pais": "Brasil", "precipitacao": null, "numero_dias_sem_chuva": null, "risco_fogo": null, "bioma": "Mata Atlântica", "id_0": 33, "id_1": 41, "id_2": 4118402, "continente_id": 8, "vegetacao": null, "grade_wrs": "223_076", "frp": 5.1}, "bbox": [-52.68129, -23.02955, -52.68129, -23.02955]}, {"type": "Feature", "id": "focos_48h_br_todosats.fid--3bf30ddf_19d555fad35_-3a1e", "geometry": {"type": "Point", "coordinates": [-50.44161, -20.28166]}, "geometry_name": "geometria", "properties": {"id_foco_bdq": 1812431582, "foco_id": "fcc1d71c-3a01-354f-a618-fb734a4fcc27", "longitude": -50.44161, "latitude": -20.28166, "data_hora_gmt": "2026-04-03T04:06:00Z", "data_pas": "2026-04-03", "satelite": "NPP-375D", "municipio": "ESTRELA D'OESTE", "estado": "SÃO PAULO", "pais": "Brasil", "precipitacao": null, "numero_dias_sem_chuva": null, "risco_fogo": null, "bioma": "Mata Atlântica", "id_0": 33, "id_1": 35, "id_2": 3515202, "continente_id": 8, "vegetacao": null, "grade_wrs": "222_074", "frp": 1.8}, "bbox": [-50.44161, -20.28166, -50.44161, -20.28166]}, {"type": "Feature", "id": "focos_48h_br_todosats.fid--3bf30ddf_19d555fad35_-3a1d", "geometry": {"type": "Point", "coordinates": [-48.42453, -21.70854]}, "geometry_name": "geometria", "properties": {"id_foco_bdq": 1812431573, "foco_id": "d22e4455-9693-3b7b-81ec-27e223966a93", "longitude": -48.42453, "latitude": -21.70854, "data_hora_gmt": "2026-04-03T04:06:00Z", "data_pas": "2026-04-03", "satelite": "NPP-375D", "municipio": "MATÃO", "estado": "SÃO PAULO", "pais": "Brasil", "precipitacao": null, "numero_dias_sem_chuva": null, "risco_fogo": null, "bioma": "Cerrado", "id_0": 33, "id_1": 35, "id_2": 3529302, "continente_id": 8, "vegetacao": null, "grade_wrs": "220_075", "frp": 0.8}, "bbox": [-48.42453, -21.70854, -48.42453, -21.70854]}, {"type": "Feature", "id": "focos_48h_br_todosats.fid--3bf30ddf_19d555fad35_-3a1c", "geometry": {"type": "Point", "coordinates": [-43.57885, -19.38208]}, "geometry_name": "geometria", "properties": {"id_foco_bdq": 1812430920, "foco_id": "269dd5cf-a953-30ac-8bc5-0c1511a6db30", "longitude": -43.57885, "latitude": -19.38208, "data_hora_gmt": "2026-04-03T04:06:00Z", "data_pas": "2026-04-03", "satelite": "NPP-375D", "municipio": "JABOTICATUBAS", "estado": "MINAS GERAIS", "pais": "Brasil", "precipitacao": null, "numero_dias_sem_chuva": null, "risco_fogo": null, "bioma": "Cerrado", "id_0": 33, "id_1": 31, "id_2": 3134608, "continente_id": 8, "vegetacao": null, "grade_wrs": "218_073", "frp": 0.5}, "bbox": [-43.57885, -19.38208, -43.57885, -19.38208]}, {"type": "Feature", "id": "focos_48h_br_todosats.fid--3bf30ddf_19d555fad35_-3a1b", "geometry": {"type": "Point", "coordinates": [-48.42638, -21.71134]}, "geometry_name": "geometria", "properties": {"id_foco_bdq": 1812430435, "foco_id": "e0e50368-0916-3850-ad6e-3fbb2eb4c9fb", "longitude": -48.42638, "latitude": -21.71134, "data_hora_gmt": "2026-04-03T04:06:00Z", "data_pas": "2026-04-03", "satelite": "NPP-375D", "municipio": "MATÃO", "estado": "SÃO PAULO", "pais": "Brasil", "precipitacao": null, "numero_dias_sem_chuva": null, "risco_fogo": null, "bioma": "Cerrado", "id_0": 33, "id_1": 35, "id_2": 3529302, "continente_id": 8, "vegetacao": null, "grade_wrs": "220_075", "frp": 1.5}, "bbox": [-48.42638, -21.71134, -48.42638, -21.71134]}, {"type": "Feature", "id": "focos_48h_br_todosats.fid--3bf30ddf_19d555fad35_-3a1a", "geometry": {"type": "Point", "coordinates": [-52.68274, -23.03494]}, "geometry_name": "geometria", "properties": {"id_foco_bdq": 1812430660, "foco_id": "2732b4a8-a4d4-30d0-bc98-f61a09dbbe00", "longitude": -52.68274, "latitude": -23.03494, "data_hora_gmt": "2026-04-03T04:06:00Z", "data_pas": "2026-04-03", "satelite": "NPP-375D", "municipio": "PARANAVAÍ", "estado": "PARANÁ", "pais": "Brasil", "precipitacao": null, "numero_dias_sem_chuva": null, "risco_fogo": null, "bioma": "Mata Atlântica", "id_0": 33, "id_1": 41, "id_2": 4118402, "continente_id": 8, "vegetacao": null, "grade_wrs": "223_076", "frp": 1.2}, "bbox": [-52.68274, -23.03494, -52.68274, -23.03494]}, {"type": "Feature", "id": "focos_48h_br_todosats.fid--3bf30ddf_19d555fad35_-3a19", "geometry": {"type": "Point", "coordinates": [-48.42563, -21.71279]}, "geometry_name": "geometria", "properties": {"id_foco_bdq": 1812431815, "foco_id": "503e2fef-b2da-319f-b7c8-a8000c12ad85", "longitude": -48.42563, "latitude": -21.71279, "data_hora_gmt": "2026-04-03T04:06:00Z", "data_pas": "2026-04-03", "satelite": "NPP-375D", "municipio": "MATÃO", "estado": "SÃO PAULO", "pais": "Brasil", "precipitacao": null, "numero_dias_sem_chuva": null, "risco_fogo": null, "bioma": "Cerrado", "id_0": 33, "id_1": 35, "id_2": 3529302, "continente_id": 8, "vegetacao": null, "grade_wrs": "220_075", "frp": 0.8}, "bbox": [-48.42563, -21.71279, -48.42563, -21.71279]}, {"type": "Feature", "id": "focos_48h_br_todosats.fid--3bf30ddf_19d555fad35_-3a18", "geometry": {"type": "Point", "coordinates": [-52.68522, -23.02865]}, "geometry_name": "geometria", "properties": {"id_foco_bdq": 1812431011, "foco_id": "689d5a21-b4e6-3bc3-97a9-10c9f78aa685", "longitude": -52.68522, "latitude": -23.02865, "data_hora_gmt": "2026-04-03T04:06:00Z", "data_pas": "2026-04-03", "satelite": "NPP-375D", "municipio": "PARANAVAÍ", "estado": "PARANÁ", "pais": "Brasil", "precipitacao": null, "numero_dias_sem_chuva": null, "risco_fogo": null, "bioma": "Mata Atlântica", "id_0": 33, "id_1": 41, "id_2": 4118402, "continente_id": 8, "vegetacao": null, "grade_wrs": "223_076", "frp": 5.1}, "bbox": [-52.68522, -23.02865, -52.68522, -23.02865]}, {"type": "Feature", "id": "focos_48h_br_todosats.fid--3bf30ddf_19d555fad35_-3a17", "geometry": {"type": "Point", "coordinates": [-56.97356, -22.18133]}, "geometry_name": "geometria", "properties": {"id_foco_bdq": 1812431795, "foco_id": "7daf0222-37c8-3980-9378-41edaf45cca1", "longitude": -56.97356, "latitude": -22.18133, "data_hora_gmt": "2026-04-03T04:08:00Z", "data_pas": "2026-04-03", "satelite": "NPP-375D", "municipio": "BELA VISTA", "estado": "MATO GROSSO DO SUL", "pais": "Brasil", "precipitacao": null, "numero_dias_sem_chuva": null, "risco_fogo": null, "bioma": "Cerrado", "id_0": 33, "id_1": 50, "id_2": 5002100, "continente_id": 8, "vegetacao": null, "grade_wrs": "226_075", "frp": 2.5}, "bbox": [-56.97356, -22.18133, -56.97356, -22.18133]}, {"type": "Feature", "id": "focos_48h_br_todosats.fid--3bf30ddf_19d555fad35_-3a16", "geometry": {"type": "Point", "coordinates": [-51.1978, -29.746]}, "geometry_name": "geometria", "properties": {"id_foco_bdq": 1812430187, "foco_id": "c396d044-34e5-3ce1-9a31-8e194f514ca2", "longitude": -51.1978, "latitude": -29.746, "data_hora_gmt": "2026-04-03T04:08:00Z", "data_pas": "2026-04-03", "satelite": "NPP-375D", "municipio": "SÃO LEOPOLDO", "estado": "RIO GRANDE DO SUL", "pais": "Brasil", "precipitacao": null, "numero_dias_sem_chuva": null, "risco_fogo": null, "bioma": "Pampa", "id_0": 33, "id_1": 43, "id_2": 4318705, "continente_id": 8, "vegetacao": null, "grade_wrs": "221_081", "frp": 1.3}, "bbox": [-51.1978, -29.746, -51.1978, -29.746]}, {"type": "Feature", "id": "focos_48h_br_todosats.fid--3bf30ddf_19d555fad35_-3a15", "geometry": {"type": "Point", "coordinates": [-56.96962, -22.18593]}, "geometry_name": "geometria", "properties": {"id_foco_bdq": 1812430747, "foco_id": "3e451202-32f5-3808-b24a-b4b15b6ffa9b", "longitude": -56.96962, "latitude": -22.18593, "data_hora_gmt": "2026-04-03T04:08:00Z", "data_pas": "2026-04-03", "satelite": "NPP-375D", "municipio": "BELA VISTA", "estado": "MATO GROSSO DO SUL", "pais": "Brasil", "precipitacao": null, "numero_dias_sem_chuva": null, "risco_fogo": null, "bioma": "Cerrado", "id_0": 33, "id_1": 50, "id_2": 5002100, "continente_id": 8, "vegetacao": null, "grade_wrs": "226_075", "frp": 3.4}, "bbox": [-56.96962, -22.18593, -56.96962, -22.18593]}, {"type": "Feature", "id": "focos_48h_br_todosats.fid--3bf30ddf_19d555fad35_-3a14", "geometry": {"type": "Point", "coordinates": [-50.68082, -29.71863]}, "geometry_name": "geometria", "properties": {"id_foco_bdq": 1812431106, "foco_id": "5cc94499-ad1d-30be-b4ff-61832d4abe15", "longitude": -50.68082, "latitude": -29.71863, "data_hora_gmt": "2026-04-03T04:08:00Z", "data_pas": "2026-04-03", "satelite": "NPP-375D", "municipio": "SANTO ANTÔNIO DA PATRULHA", "estado": "RIO GRANDE DO SUL", "pais": "Brasil", "precipitacao": null, "numero_dias_sem_chuva": null, "risco_fogo": null, "bioma": "Mata Atlântica", "id_0": 33, "id_1": 43, "id_2": 4317608, "continente_id": 8, "vegetacao": null, "grade_wrs": "221_081", "frp": 0.8}, "bbox": [-50.68082, -29.71863, -50.68082, -29.71863]}, {"type": "Feature", "id": "focos_48h_br_todosats.fid--3bf30ddf_19d555fad35_-3a13", "geometry": {"type": "Point", "coordinates": [-50.68407, -29.71353]}, "geometry_name": "geometria", "properties": {"id_foco_bdq": 1812431358, "foco_id": "af5137e5-7cbd-3787-8649-099bf398f1dc", "longitude": -50.68407, "latitude": -29.71353, "data_hora_gmt": "2026-04-03T04:08:00Z", "data_pas": "2026-04-03", "satelite": "NPP-375D", "municipio": "SANTO ANTÔNIO DA PATRULHA", "estado": "RIO GRANDE DO SUL", "pais": "Brasil", "precipitacao": null, "numero_dias_sem_chuva": null, "risco_fogo": null, "bioma": "Mata Atlântica", "id_0": 33, "id_1": 43, "id_2": 4317608, "continente_id": 8, "vegetacao": null, "grade_wrs": "221_081", "frp": 0.8}, "bbox": [-50.68407, -29.71353, -50.68407, -29.71353]}, {"type": "Feature", "id": "focos_48h_br_todosats.fid--3bf30ddf_19d555fad35_-3a12", "geometry": {"type": "Point", "coordinates": [-56.96658, -22.18314]}, "geometry_name": "geometria", "properties": {"id_foco_bdq": 1812431468, "foco_id": "66502cb0-da77-3fba-ab41-450e5c232375", "longitude": -56.96658, "latitude": -22.18314, "data_hora_gmt": "2026-04-03T04:08:00Z", "data_pas": "2026-04-03", "satelite": "NPP-375D", "municipio": "BELA VISTA", "estado": "MATO GROSSO DO SUL", "pais": "Brasil", "precipitacao": null, "numero_dias_sem_chuva": null, "risco_fogo": null, "bioma": "Cerrado", "id_0": 33, "id_1": 50, "id_2": 5002100, "continente_id": 8, "vegetacao": null, "grade_wrs": "226_075", "frp": 2.5}, "bbox": [-56.96658, -22.18314, -56.96658, -22.18314]}, {"type": "Feature", "id": "focos_48h_br_todosats.fid--3bf30ddf_19d555fad35_-3a11", "geometry": {"type": "Point", "coordinates": [-56.97681, -22.18411]}, "geometry_name": "geometria", "properties": {"id_foco_bdq": 1812431657, "foco_id": "e49bfc3d-0d6a-3db2-9b7d-9cfdbeee5182", "longitude": -56.97681, "latitude": -22.18411, "data_hora_gmt": "2026-04-03T04:08:00Z", "data_pas": "2026-04-03", "satelite": "NPP-375D", "municipio": "BELA VISTA", "estado": "MATO GROSSO DO SUL", "pais": "Brasil", "precipitacao": null, "numero_dias_sem_chuva": null, "risco_fogo": null, "bioma": "Cerrado", "id_0": 33, "id_1": 50, "id_2": 5002100, "continente_id": 8, "vegetacao": null, "grade_wrs": "226_075", "frp": 2.2}, "bbox": [-56.97681, -22.18411, -56.97681, -22.18411]}, {"type": "Feature", "id": "focos_48h_br_todosats.fid--3bf30ddf_19d555fad35_-3a10", "geometry": {"type": "Point", "coordinates": [-56.97419, -22.17733]}, "geometry_name": "geometria", "properties": {"id_foco_bdq": 1812431889, "foco_id": "c73f86c6-f62f-3e51-bf96-6897f3c25732", "longitude": -56.97419, "latitude": -22.17733, "data_hora_gmt": "2026-04-03T04:08:00Z", "data_pas": "2026-04-03", "satelite": "NPP-375D", "municipio": "BELA VISTA", "estado": "MATO GROSSO DO SUL", "pais": "Brasil", "precipitacao": null, "numero_dias_sem_chuva": null, "risco_fogo": null, "bioma": "Cerrado", "id_0": 33, "id_1": 50, "id_2": 5002100, "continente_id": 8, "vegetacao": null, "grade_wrs": "226_075", "frp": 2.2}, "bbox": [-56.97419, -22.17733, -56.97419, -22.17733]}, {"type": "Feature", "id": "focos_48h_br_todosats.fid--3bf30ddf_19d555fad35_-3a0f", "geometry": {"type": "Point", "coordinates": [-54.26315, -30.40479]}, "geometry_name": "geometria", "properties": {"id_foco_bdq": 1812431984, "foco_id": "8a3bce4d-80d0-30e3-8cbe-b33ef2d7bcb4", "longitude": -54.26315, "latitude": -30.40479, "data_hora_gmt": "2026-04-03T04:08:00Z", "data_pas": "2026-04-03", "satelite": "NPP-375D", "municipio": "SANTA MARGARIDA DO SUL", "estado": "RIO GRANDE DO SUL", "pais": "Brasil", "precipitacao": null, "numero_dias_sem_chuva": null, "risco_fogo": null, "bioma": "Pampa", "id_0": 33, "id_1": 43, "id_2": 4316972, "continente_id": 8, "vegetacao": null, "grade_wrs": "223_081", "frp": 2.9}, "bbox": [-54.26315, -30.40479, -54.26315, -30.40479]}, {"type": "Feature", "id": "focos_48h_br_todosats.fid--3bf30ddf_19d555fad35_-3a0e", "geometry": {"type": "Point", "coordinates": [-53.06815, -31.04624]}, "geometry_name": "geometria", "properties": {"id_foco_bdq": 1812430977, "foco_id": "62977901-0734-3875-be44-b17e9951e194", "longitude": -53.06815, "latitude": -31.04624, "data_hora_gmt": "2026-04-03T04:10:00Z", "data_pas": "2026-04-03", "satelite": "NPP-375D", "municipio": "PIRATINI", "estado": "RIO GRANDE DO SUL", "pais": "Brasil", "precipitacao": null, "numero_dias_sem_chuva": null, "risco_fogo": null, "bioma": "Pampa", "id_0": 33, "id_1": 43, "id_2": 4314605, "continente_id": 8, "vegetacao": null, "grade_wrs": "222_082", "frp": 1.2}, "bbox": [-53.06815, -31.04624, -53.06815, -31.04624]}, {"type": "Feature", "id": "focos_48h_br_todosats.fid--3bf30ddf_19d555fad35_-3a0d", "geometry": {"type": "Point", "coordinates": [-45.22336, -12.04746]}, "geometry_name": "geometria", "properties": {"id_foco_bdq": 1812430593, "foco_id": "e5007bc1-0c1e-3b47-a6f6-e46b23dd0eb0", "longitude": -45.22336, "latitude": -12.04746, "data_hora_gmt": "2026-04-03T04:23:00Z", "data_pas": "2026-04-03", "satelite": "NOAA-20", "municipio": "BARREIRAS", "estado": "BAHIA", "pais": "Brasil", "precipitacao": null, "numero_dias_sem_chuva": null, "risco_fogo": null, "bioma": "Cerrado", "id_0": 33, "id_1": 29, "id_2": 2903201, "continente_id": 8, "vegetacao": null, "grade_wrs": "220_068", "frp": 1}, "bbox": [-45.22336, -12.04746, -45.22336, -12.04746]}, {"type": "Feature", "id": "focos_48h_br_todosats.fid--3bf30ddf_19d555fad35_-3a0c", "geometry": {"type": "Point", "coordinates": [-59.19482, -9.45702]}, "geometry_name": "geometria", "properties": {"id_foco_bdq": 1812430275, "foco_id": "315b9941-2528-3671-a1a0-0e86071d7426", "longitude": -59.19482, "latitude": -9.45702, "data_hora_gmt": "2026-04-03T04:23:00Z", "data_pas": "2026-04-03", "satelite": "NOAA-20", "municipio": "COLNIZA", "estado": "MATO GROSSO", "pais": "Brasil", "precipitacao": null, "numero_dias_sem_chuva": null, "risco_fogo": null, "bioma": "Amazônia", "id_0": 33, "id_1": 51, "id_2": 5103254, "continente_id": 8, "vegetacao": null, "grade_wrs": "229_067", "frp": 3.5}, "bbox": [-59.19482, -9.45702, -59.19482, -9.45702]}, {"type": "Feature", "id": "focos_48h_br_todosats.fid--3bf30ddf_19d555fad35_-3a0b", "geometry": {"type": "Point", "coordinates": [-45.22638, -12.04358]}, "geometry_name": "geometria", "properties": {"id_foco_bdq": 1812431149, "foco_id": "ddb34c14-2a24-325a-8a29-689ccc6aa329", "longitude": -45.22638, "latitude": -12.04358, "data_hora_gmt": "2026-04-03T04:23:00Z", "data_pas": "2026-04-03", "satelite": "NOAA-20", "municipio": "BARREIRAS", "estado": "BAHIA", "pais": "Brasil", "precipitacao": null, "numero_dias_sem_chuva": null, "risco_fogo": null, "bioma": "Cerrado", "id_0": 33, "id_1": 29, "id_2": 2903201, "continente_id": 8, "vegetacao": null, "grade_wrs": "220_068", "frp": 1.3}, "bbox": [-45.22638, -12.04358, -45.22638, -12.04358]}, {"type": "Feature", "id": "focos_48h_br_todosats.fid--3bf30ddf_19d555fad35_-3a0a", "geometry": {"type": "Point", "coordinates": [-45.2256, -12.03745]}, "geometry_name": "geometria", "properties": {"id_foco_bdq": 1812431151, "foco_id": "45167285-62f6-37ce-b958-dddf5cfcf286", "longitude": -45.2256, "latitude": -12.03745, "data_hora_gmt": "2026-04-03T04:23:00Z", "data_pas": "2026-04-03", "satelite": "NOAA-20", "municipio": "BARREIRAS", "estado": "BAHIA", "pais": "Brasil", "precipitacao": null, "numero_dias_sem_chuva": null, "risco_fogo": null, "bioma": "Cerrado", "id_0": 33, "id_1": 29, "id_2": 2903201, "continente_id": 8, "vegetacao": null, "grade_wrs": "220_068", "frp": 1.3}, "bbox": [-45.2256, -12.03745, -45.2256, -12.03745]}, {"type": "Feature", "id": "focos_48h_br_todosats.fid--3bf30ddf_19d555fad35_-3a09", "geometry": {"type": "Point", "coordinates": [-52.14351, -12.63606]}, "geometry_name": "geometria", "properties": {"id_foco_bdq": 1812431192, "foco_id": "f9a2d396-44e6-3813-992a-8392ae05f1c8", "longitude": -52.14351, "latitude": -12.63606, "data_hora_gmt": "2026-04-03T04:23:00Z", "data_pas": "2026-04-03", "satelite": "NOAA-20", "municipio": "QUERÊNCIA", "estado": "MATO GROSSO", "pais": "Brasil", "precipitacao": null, "numero_dias_sem_chuva": null, "risco_fogo": null, "bioma": "Amazônia", "id_0": 33, "id_1": 51, "id_2": 5107065, "continente_id": 8, "vegetacao": null, "grade_wrs": "224_069", "frp": 1.2}, "bbox": [-52.14351, -12.63606, -52.14351, -12.63606]}, {"type": "Feature", "id": "focos_48h_br_todosats.fid--3bf30ddf_19d555fad35_-3a08", "geometry": {"type": "Point", "coordinates": [-45.22613, -12.04078]}, "geometry_name": "geometria", "properties": {"id_foco_bdq": 1812430468, "foco_id": "8d7dfc56-b1d1-35cf-a605-d81480c50cb3", "longitude": -45.22613, "latitude": -12.04078, "data_hora_gmt": "2026-04-03T04:23:00Z", "data_pas": "2026-04-03", "satelite": "NOAA-20", "municipio": "BARREIRAS", "estado": "BAHIA", "pais": "Brasil", "precipitacao": null, "numero_dias_sem_chuva": null, "risco_fogo": null, "bioma": "Cerrado", "id_0": 33, "id_1": 29, "id_2": 2903201, "continente_id": 8, "vegetacao": null, "grade_wrs": "220_068", "frp": 1.3}, "bbox": [-45.22613, -12.04078, -45.22613, -12.04078]}, {"type": "Feature", "id": "focos_48h_br_todosats.fid--3bf30ddf_19d555fad35_-3a07", "geometry": {"type": "Point", "coordinates": [-45.22033, -12.05134]}, "geometry_name": "geometria", "properties": {"id_foco_bdq": 1812430184, "foco_id": "cb943cf0-6b1a-34e6-9fef-ea8c09bee822", "longitude": -45.22033, "latitude": -12.05134, "data_hora_gmt": "2026-04-03T04:23:00Z", "data_pas": "2026-04-03", "satelite": "NOAA-20", "municipio": "BARREIRAS", "estado": "BAHIA", "pais": "Brasil", "precipitacao": null, "numero_dias_sem_chuva": null, "risco_fogo": null, "bioma": "Cerrado", "id_0": 33, "id_1": 29, "id_2": 2903201, "continente_id": 8, "vegetacao": null, "grade_wrs": "220_068", "frp": 0.8}, "bbox": [-45.22033, -12.05134, -45.22033, -12.05134]}, {"type": "Feature", "id": "focos_48h_br_todosats.fid--3bf30ddf_19d555fad35_-3a06", "geometry": {"type": "Point", "coordinates": [-45.22282, -12.04413]}, "geometry_name": "geometria", "properties": {"id_foco_bdq": 1812431999, "foco_id": "7c6733f9-7fda-340b-ae56-44645ad97cb7", "longitude": -45.22282, "latitude": -12.04413, "data_hora_gmt": "2026-04-03T04:23:00Z", "data_pas": "2026-04-03", "satelite": "NOAA-20", "municipio": "BARREIRAS", "estado": "BAHIA", "pais": "Brasil", "precipitacao": null, "numero_dias_sem_chuva": null, "risco_fogo": null, "bioma": "Cerrado", "id_0": 33, "id_1": 29, "id_2": 2903201, "continente_id": 8, "vegetacao": null, "grade_wrs": "220_068", "frp": 1}, "bbox": [-45.22282, -12.04413, -45.22282, -12.04413]}, {"type": "Feature", "id": "focos_48h_br_todosats.fid--3bf30ddf_19d555fad35_-3a05", "geometry": {"type": "Point", "coordinates": [-45.22507, -12.03412]}, "geometry_name": "geometria", "properties": {"id_foco_bdq": 1812431520, "foco_id": "ed3515c3-66d0-3160-8648-9bcb4bc5bc77", "longitude": -45.22507, "latitude": -12.03412, "data_hora_gmt": "2026-04-03T04:23:00Z", "data_pas": "2026-04-03", "satelite": "NOAA-20", "municipio": "BARREIRAS", "estado": "BAHIA", "pais": "Brasil", "precipitacao": null, "numero_dias_sem_chuva": null, "risco_fogo": null, "bioma": "Cerrado", "id_0": 33, "id_1": 29, "id_2": 2903201, "continente_id": 8, "vegetacao": null, "grade_wrs": "220_068", "frp": 0.6}, "bbox": [-45.22507, -12.03412, -45.22507, -12.03412]}, {"type": "Feature", "id": "focos_48h_br_todosats.fid--3bf30ddf_19d555fad35_-3a04", "geometry": {"type": "Point", "coordinates": [-59.19675, -9.45835]}, "geometry_name": "geometria", "properties": {"id_foco_bdq": 1812430369, "foco_id": "a9c0bcd9-62f2-32d1-9127-34b90be5a7ac", "longitude": -59.19675, "latitude": -9.45835, "data_hora_gmt": "2026-04-03T04:23:00Z", "data_pas": "2026-04-03", "satelite": "NOAA-20", "municipio": "COLNIZA", "estado": "MATO GROSSO", "pais": "Brasil", "precipitacao": null, "numero_dias_sem_chuva": null, "risco_fogo": null, "bioma": "Amazônia", "id_0": 33, "id_1": 51, "id_2": 5103254, "continente_id": 8, "vegetacao": null, "grade_wrs": "229_067", "frp": 6.5}, "bbox": [-59.19675, -9.45835, -59.19675, -9.45835]}, {"type": "Feature", "id": "focos_48h_br_todosats.fid--3bf30ddf_19d555fad35_-3a03", "geometry": {"type": "Point", "coordinates": [-45.22862, -12.03357]}, "geometry_name": "geometria", "properties": {"id_foco_bdq": 1812431648, "foco_id": "1f2fd926-9aa8-3934-961e-56d7e968c86a", "longitude": -45.22862, "latitude": -12.03357, "data_hora_gmt": "2026-04-03T04:23:00Z", "data_pas": "2026-04-03", "satelite": "NOAA-20", "municipio": "BARREIRAS", "estado": "BAHIA", "pais": "Brasil", "precipitacao": null, "numero_dias_sem_chuva": null, "risco_fogo": null, "bioma": "Cerrado", "id_0": 33, "id_1": 29, "id_2": 2903201, "continente_id": 8, "vegetacao": null, "grade_wrs": "220_068", "frp": 0.6}, "bbox": [-45.22862, -12.03357, -45.22862, -12.03357]}, {"type": "Feature", "id": "focos_48h_br_todosats.fid--3bf30ddf_19d555fad35_-3a02", "geometry": {"type": "Point", "coordinates": [-43.2377, -15.7684]}, "geometry_name": "geometria", "properties": {"id_foco_bdq": 1812431723, "foco_id": "299494a7-15ac-3933-b0ff-4dbe1a1ad558", "longitude": -43.2377, "latitude": -15.7684, "data_hora_gmt": "2026-04-03T04:23:00Z", "data_pas": "2026-04-03", "satelite": "NOAA-20", "municipio": "PORTEIRINHA", "estado": "MINAS GERAIS", "pais": "Brasil", "precipitacao": null, "numero_dias_sem_chuva": null, "risco_fogo": null, "bioma": "Cerrado", "id_0": 33, "id_1": 31, "id_2": 3152204, "continente_id": 8, "vegetacao": null, "grade_wrs": "218_071", "frp": 0.7}, "bbox": [-43.2377, -15.7684, -43.2377, -15.7684]}, {"type": "Feature", "id": "focos_48h_br_todosats.fid--3bf30ddf_19d555fad35_-3a01", "geometry": {"type": "Point", "coordinates": [-45.22258, -12.04133]}, "geometry_name": "geometria", "properties": {"id_foco_bdq": 1812430879, "foco_id": "452bd87d-e51f-3a15-bb4a-8ad4a64c3365", "longitude": -45.22258, "latitude": -12.04133, "data_hora_gmt": "2026-04-03T04:23:00Z", "data_pas": "2026-04-03", "satelite": "NOAA-20", "municipio": "BARREIRAS", "estado": "BAHIA", "pais": "Brasil", "precipitacao": null, "numero_dias_sem_chuva": null, "risco_fogo": null, "bioma": "Cerrado", "id_0": 33, "id_1": 29, "id_2": 2903201, "continente_id": 8, "vegetacao": null, "grade_wrs": "220_068", "frp": 0.6}, "bbox": [-45.22258, -12.04133, -45.22258, -12.04133]}, {"type": "Feature", "id": "focos_48h_br_todosats.fid--3bf30ddf_19d555fad35_-3a00", "geometry": {"type": "Point", "coordinates": [-45.22389, -12.05079]}, "geometry_name": "geometria", "properties": {"id_foco_bdq": 1812430819, "foco_id": "90692a65-d556-3484-a3f1-9581c501d851", "longitude": -45.22389, "latitude": -12.05079, "data_hora_gmt": "2026-04-03T04:23:00Z", "data_pas": "2026-04-03", "satelite": "NOAA-20", "municipio": "BARREIRAS", "estado": "BAHIA", "pais": "Brasil", "precipitacao": null, "numero_dias_sem_chuva": null, "risco_fogo": null, "bioma": "Cerrado", "id_0": 33, "id_1": 29, "id_2": 2903201, "continente_id": 8, "vegetacao": null, "grade_wrs": "220_068", "frp": 0.8}, "bbox": [-45.22389, -12.05079, -45.22389, -12.05079]}, {"type": "Feature", "id": "focos_48h_br_todosats.fid--3bf30ddf_19d555fad35_-39ff", "geometry": {"type": "Point", "coordinates": [-59.20158, -9.45565]}, "geometry_name": "geometria", "properties": {"id_foco_bdq": 1812430606, "foco_id": "44d55f3c-d371-33f0-91d5-c73a3e315c00", "longitude": -59.20158, "latitude": -9.45565, "data_hora_gmt": "2026-04-03T04:23:00Z", "data_pas": "2026-04-03", "satelite": "NOAA-20", "municipio": "COLNIZA", "estado": "MATO GROSSO", "pais": "Brasil", "precipitacao": null, "numero_dias_sem_chuva": null, "risco_fogo": null, "bioma": "Amazônia", "id_0": 33, "id_1": 51, "id_2": 5103254, "continente_id": 8, "vegetacao": null, "grade_wrs": "229_067", "frp": 3.5}, "bbox": [-59.20158, -9.45565, -59.20158, -9.45565]}, {"type": "Feature", "id": "focos_48h_br_todosats.fid--3bf30ddf_19d555fad35_-39fe", "geometry": {"type": "Point", "coordinates": [-50.44092, -20.28364]}, "geometry_name": "geometria", "properties": {"id_foco_bdq": 1812430650, "foco_id": "dcdafbfc-ac0b-3fb9-b01a-50381a9b86a7", "longitude": -50.44092, "latitude": -20.28364, "data_hora_gmt": "2026-04-03T04:25:00Z", "data_pas": "2026-04-03", "satelite": "NOAA-20", "municipio": "ESTRELA D'OESTE", "estado": "SÃO PAULO", "pais": "Brasil", "precipitacao": null, "numero_dias_sem_chuva": null, "risco_fogo": null, "bioma": "Mata Atlântica", "id_0": 33, "id_1": 35, "id_2": 3515202, "continente_id": 8, "vegetacao": null, "grade_wrs": "222_074", "frp": 1.2}, "bbox": [-50.44092, -20.28364, -50.44092, -20.28364]}, {"type": "Feature", "id": "focos_48h_br_todosats.fid--3bf30ddf_19d555fad35_-39fd", "geometry": {"type": "Point", "coordinates": [-55.64404, -21.20495]}, "geometry_name": "geometria", "properties": {"id_foco_bdq": 1812432045, "foco_id": "41302de6-ec35-31b7-aa6e-f868c1f9ce7d", "longitude": -55.64404, "latitude": -21.20495, "data_hora_gmt": "2026-04-03T04:25:00Z", "data_pas": "2026-04-03", "satelite": "NOAA-20", "municipio": "NIOAQUE", "estado": "MATO GROSSO DO SUL", "pais": "Brasil", "precipitacao": null, "numero_dias_sem_chuva": null, "risco_fogo": null, "bioma": "Cerrado", "id_0": 33, "id_1": 50, "id_2": 5005806, "continente_id": 8, "vegetacao": null, "grade_wrs": "225_075", "frp": 1.1}, "bbox": [-55.64404, -21.20495, -55.64404, -21.20495]}, {"type": "Feature", "id": "focos_48h_br_todosats.fid--3bf30ddf_19d555fad35_-39fc", "geometry": {"type": "Point", "coordinates": [-56.32281, -21.66843]}, "geometry_name": "geometria", "properties": {"id_foco_bdq": 1812431557, "foco_id": "e9c6725c-6bf3-3bfe-9325-d62d5c8834b5", "longitude": -56.32281, "latitude": -21.66843, "data_hora_gmt": "2026-04-03T04:25:00Z", "data_pas": "2026-04-03", "satelite": "NOAA-20", "municipio": "BELA VISTA", "estado": "MATO GROSSO DO SUL", "pais": "Brasil", "precipitacao": null, "numero_dias_sem_chuva": null, "risco_fogo": null, "bioma": "Cerrado", "id_0": 33, "id_1": 50, "id_2": 5002100, "continente_id": 8, "vegetacao": null, "grade_wrs": "226_075", "frp": 1.3}, "bbox": [-56.32281, -21.66843, -56.32281, -21.66843]}, {"type": "Feature", "id": "focos_48h_br_todosats.fid--3bf30ddf_19d555fad35_-39fb", "geometry": {"type": "Point", "coordinates": [-48.4272, -21.70834]}, "geometry_name": "geometria", "properties": {"id_foco_bdq": 1812431452, "foco_id": "f2b7ced2-2486-3545-a541-fb5d45758f10", "longitude": -48.4272, "latitude": -21.70834, "data_hora_gmt": "2026-04-03T04:25:00Z", "data_pas": "2026-04-03", "satelite": "NOAA-20", "municipio": "MATÃO", "estado": "SÃO PAULO", "pais": "Brasil", "precipitacao": null, "numero_dias_sem_chuva": null, "risco_fogo": null, "bioma": "Cerrado", "id_0": 33, "id_1": 35, "id_2": 3529302, "continente_id": 8, "vegetacao": null, "grade_wrs": "220_075", "frp": 0.5}, "bbox": [-48.4272, -21.70834, -48.4272, -21.70834]}, {"type": "Feature", "id": "focos_48h_br_todosats.fid--3bf30ddf_19d555fad35_-39fa", "geometry": {"type": "Point", "coordinates": [-48.42349, -21.70893]}, "geometry_name": "geometria", "properties": {"id_foco_bdq": 1812431127, "foco_id": "a6ffb611-01a8-3a10-9987-858ee488e0c9", "longitude": -48.42349, "latitude": -21.70893, "data_hora_gmt": "2026-04-03T04:25:00Z", "data_pas": "2026-04-03", "satelite": "NOAA-20", "municipio": "MATÃO", "estado": "SÃO PAULO", "pais": "Brasil", "precipitacao": null, "numero_dias_sem_chuva": null, "risco_fogo": null, "bioma": "Cerrado", "id_0": 33, "id_1": 35, "id_2": 3529302, "continente_id": 8, "vegetacao": null, "grade_wrs": "220_075", "frp": 0.5}, "bbox": [-48.42349, -21.70893, -48.42349, -21.70893]}, {"type": "Feature", "id": "focos_48h_br_todosats.fid--3bf30ddf_19d555fad35_-39f9", "geometry": {"type": "Point", "coordinates": [-49.33264, -20.759]}, "geometry_name": "geometria", "properties": {"id_foco_bdq": 1812430497, "foco_id": "3a41a5ba-687c-33aa-9262-ade5620e6c78", "longitude": -49.33264, "latitude": -20.759, "data_hora_gmt": "2026-04-03T04:25:00Z", "data_pas": "2026-04-03", "satelite": "NOAA-20", "municipio": "SÃO JOSÉ DO RIO PRETO", "estado": "SÃO PAULO", "pais": "Brasil", "precipitacao": null, "numero_dias_sem_chuva": null, "risco_fogo": null, "bioma": "Mata Atlântica", "id_0": 33, "id_1": 35, "id_2": 3549805, "continente_id": 8, "vegetacao": null, "grade_wrs": "221_074", "frp": 0.4}, "bbox": [-49.33264, -20.759, -49.33264, -20.759]}, {"type": "Feature", "id": "focos_48h_br_todosats.fid--3bf30ddf_19d555fad35_-39f8", "geometry": {"type": "Point", "coordinates": [-49.52571, -20.91546]}, "geometry_name": "geometria", "properties": {"id_foco_bdq": 1812430418, "foco_id": "aa34197e-a683-3257-bb3b-ea13e3bce00e", "longitude": -49.52571, "latitude": -20.91546, "data_hora_gmt": "2026-04-03T04:25:00Z", "data_pas": "2026-04-03", "satelite": "NOAA-20", "municipio": "MIRASSOL", "estado": "SÃO PAULO", "pais": "Brasil", "precipitacao": null, "numero_dias_sem_chuva": null, "risco_fogo": null, "bioma": "Mata Atlântica", "id_0": 33, "id_1": 35, "id_2": 3530300, "continente_id": 8, "vegetacao": null, "grade_wrs": "221_075", "frp": 0.7}, "bbox": [-49.52571, -20.91546, -49.52571, -20.91546]}, {"type": "Feature", "id": "focos_48h_br_todosats.fid--3bf30ddf_19d555fad35_-39f7", "geometry": {"type": "Point", "coordinates": [-48.4278, -21.71165]}, "geometry_name": "geometria", "properties": {"id_foco_bdq": 1812431088, "foco_id": "7a2bca71-566e-3c63-b07b-e445c65530bb", "longitude": -48.4278, "latitude": -21.71165, "data_hora_gmt": "2026-04-03T04:25:00Z", "data_pas": "2026-04-03", "satelite": "NOAA-20", "municipio": "MATÃO", "estado": "SÃO PAULO", "pais": "Brasil", "precipitacao": null, "numero_dias_sem_chuva": null, "risco_fogo": null, "bioma": "Cerrado", "id_0": 33, "id_1": 35, "id_2": 3529302, "continente_id": 8, "vegetacao": null, "grade_wrs": "220_075", "frp": 0.5}, "bbox": [-48.4278, -21.71165, -48.4278, -21.71165]}, {"type": "Feature", "id": "focos_48h_br_todosats.fid--3bf30ddf_19d555fad35_-39f6", "geometry": {"type": "Point", "coordinates": [-43.17537, -22.08093]}, "geometry_name": "geometria", "properties": {"id_foco_bdq": 1812431095, "foco_id": "be64d3b0-47ff-38a4-89a3-71e10b5464a7", "longitude": -43.17537, "latitude": -22.08093, "data_hora_gmt": "2026-04-03T04:25:00Z", "data_pas": "2026-04-03", "satelite": "NOAA-20", "municipio": "TRÊS RIOS", "estado": "RIO DE JANEIRO", "pais": "Brasil", "precipitacao": null, "numero_dias_sem_chuva": null, "risco_fogo": null, "bioma": "Mata Atlântica", "id_0": 33, "id_1": 33, "id_2": 3306008, "continente_id": 8, "vegetacao": null, "grade_wrs": "217_075", "frp": 1.1}, "bbox": [-43.17537, -22.08093, -43.17537, -22.08093]}, {"type": "Feature", "id": "focos_48h_br_todosats.fid--3bf30ddf_19d555fad35_-39f5", "geometry": {"type": "Point", "coordinates": [-51.19966, -29.74666]}, "geometry_name": "geometria", "properties": {"id_foco_bdq": 1812430933, "foco_id": "f6d677b2-05bc-357c-9ce6-655ead142a6b", "longitude": -51.19966, "latitude": -29.74666, "data_hora_gmt": "2026-04-03T04:27:00Z", "data_pas": "2026-04-03", "satelite": "NOAA-20", "municipio": "SÃO LEOPOLDO", "estado": "RIO GRANDE DO SUL", "pais": "Brasil", "precipitacao": null, "numero_dias_sem_chuva": null, "risco_fogo": null, "bioma": "Pampa", "id_0": 33, "id_1": 43, "id_2": 4318705, "continente_id": 8, "vegetacao": null, "grade_wrs": "221_081", "frp": 1.5}, "bbox": [-51.19966, -29.74666, -51.19966, -29.74666]}, {"type": "Feature", "id": "focos_48h_br_todosats.fid--3bf30ddf_19d555fad35_-39f4", "geometry": {"type": "Point", "coordinates": [-50.68037, -29.71824]}, "geometry_name": "geometria", "properties": {"id_foco_bdq": 1812431019, "foco_id": "62661dac-9baf-3afa-bb19-8504189c96be", "longitude": -50.68037, "latitude": -29.71824, "data_hora_gmt": "2026-04-03T04:27:00Z", "data_pas": "2026-04-03", "satelite": "NOAA-20", "municipio": "SANTO ANTÔNIO DA PATRULHA", "estado": "RIO GRANDE DO SUL", "pais": "Brasil", "precipitacao": null, "numero_dias_sem_chuva": null, "risco_fogo": null, "bioma": "Mata Atlântica", "id_0": 33, "id_1": 43, "id_2": 4317608, "continente_id": 8, "vegetacao": null, "grade_wrs": "221_081", "frp": 0.8}, "bbox": [-50.68037, -29.71824, -50.68037, -29.71824]}, {"type": "Feature", "id": "focos_48h_br_todosats.fid--3bf30ddf_19d555fad35_-39f3", "geometry": {"type": "Point", "coordinates": [-56.96841, -22.17843]}, "geometry_name": "geometria", "properties": {"id_foco_bdq": 1812431254, "foco_id": "8150a7b9-7eba-3872-9fc1-6308d21bf0a5", "longitude": -56.96841, "latitude": -22.17843, "data_hora_gmt": "2026-04-03T04:27:00Z", "data_pas": "2026-04-03", "satelite": "NOAA-20", "municipio": "BELA VISTA", "estado": "MATO GROSSO DO SUL", "pais": "Brasil", "precipitacao": null, "numero_dias_sem_chuva": null, "risco_fogo": null, "bioma": "Cerrado", "id_0": 33, "id_1": 50, "id_2": 5002100, "continente_id": 8, "vegetacao": null, "grade_wrs": "226_075", "frp": 3.8}, "bbox": [-56.96841, -22.17843, -56.96841, -22.17843]}, {"type": "Feature", "id": "focos_48h_br_todosats.fid--3bf30ddf_19d555fad35_-39f2", "geometry": {"type": "Point", "coordinates": [-56.96416, -22.1844]}, "geometry_name": "geometria", "properties": {"id_foco_bdq": 1812431938, "foco_id": "fdd35baa-c99c-33f6-8fcf-a7a386192ea7", "longitude": -56.96416, "latitude": -22.1844, "data_hora_gmt": "2026-04-03T04:27:00Z", "data_pas": "2026-04-03", "satelite": "NOAA-20", "municipio": "BELA VISTA", "estado": "MATO GROSSO DO SUL", "pais": "Brasil", "precipitacao": null, "numero_dias_sem_chuva": null, "risco_fogo": null, "bioma": "Cerrado", "id_0": 33, "id_1": 50, "id_2": 5002100, "continente_id": 8, "vegetacao": null, "grade_wrs": "226_075", "frp": 3.8}, "bbox": [-56.96416, -22.1844, -56.96416, -22.1844]}, {"type": "Feature", "id": "focos_48h_br_todosats.fid--3bf30ddf_19d555fad35_-39f1", "geometry": {"type": "Point", "coordinates": [-50.68364, -29.71429]}, "geometry_name": "geometria", "properties": {"id_foco_bdq": 1812431504, "foco_id": "8a9c1502-b1ba-3cd7-8270-80a924ceeb75", "longitude": -50.68364, "latitude": -29.71429, "data_hora_gmt": "2026-04-03T04:27:00Z", "data_pas": "2026-04-03", "satelite": "NOAA-20", "municipio": "SANTO ANTÔNIO DA PATRULHA", "estado": "RIO GRANDE DO SUL", "pais": "Brasil", "precipitacao": null, "numero_dias_sem_chuva": null, "risco_fogo": null, "bioma": "Mata Atlântica", "id_0": 33, "id_1": 43, "id_2": 4317608, "continente_id": 8, "vegetacao": null, "grade_wrs": "221_081", "frp": 0.8}, "bbox": [-50.68364, -29.71429, -50.68364, -29.71429]}, {"type": "Feature", "id": "focos_48h_br_todosats.fid--3bf30ddf_19d555fad35_-39f0", "geometry": {"type": "Point", "coordinates": [-52.01869, -26.66832]}, "geometry_name": "geometria", "properties": {"id_foco_bdq": 1812430624, "foco_id": "ba6ac815-e6a0-306e-807d-643202425ed7", "longitude": -52.01869, "latitude": -26.66832, "data_hora_gmt": "2026-04-03T04:27:00Z", "data_pas": "2026-04-03", "satelite": "NOAA-20", "municipio": "PASSOS MAIA", "estado": "SANTA CATARINA", "pais": "Brasil", "precipitacao": null, "numero_dias_sem_chuva": null, "risco_fogo": null, "bioma": "Mata Atlântica", "id_0": 33, "id_1": 42, "id_2": 4212270, "continente_id": 8, "vegetacao": null, "grade_wrs": "222_078", "frp": 0.9}, "bbox": [-52.01869, -26.66832, -52.01869, -26.66832]}, {"type": "Feature", "id": "focos_48h_br_todosats.fid--3bf30ddf_19d555fad35_-39ef", "geometry": {"type": "Point", "coordinates": [-54.26526, -30.40473]}, "geometry_name": "geometria", "properties": {"id_foco_bdq": 1812430352, "foco_id": "59d32d9b-ee5c-36ff-b0a1-7ba2b20e270e", "longitude": -54.26526, "latitude": -30.40473, "data_hora_gmt": "2026-04-03T04:27:00Z", "data_pas": "2026-04-03", "satelite": "NOAA-20", "municipio": "SÃO GABRIEL", "estado": "RIO GRANDE DO SUL", "pais": "Brasil", "precipitacao": null, "numero_dias_sem_chuva": null, "risco_fogo": null, "bioma": "Pampa", "id_0": 33, "id_1": 43, "id_2": 4318309, "continente_id": 8, "vegetacao": null, "grade_wrs": "223_081", "frp": 2.9}, "bbox": [-54.26526, -30.40473, -54.26526, -30.40473]}, {"type": "Feature", "id": "focos_48h_br_todosats.fid--3bf30ddf_19d555fad35_-39ee", "geometry": {"type": "Point", "coordinates": [-55.32061, -23.77684]}, "geometry_name": "geometria", "properties": {"id_foco_bdq": 1812430342, "foco_id": "32b807bd-15d4-3237-b9b7-625c2403ca12", "longitude": -55.32061, "latitude": -23.77684, "data_hora_gmt": "2026-04-03T04:27:00Z", "data_pas": "2026-04-03", "satelite": "NOAA-20", "municipio": "PARANHOS", "estado": "MATO GROSSO DO SUL", "pais": "Brasil", "precipitacao": null, "numero_dias_sem_chuva": null, "risco_fogo": null, "bioma": "Mata Atlântica", "id_0": 33, "id_1": 50, "id_2": 5006358, "continente_id": 8, "vegetacao": null, "grade_wrs": "225_076", "frp": 0.9}, "bbox": [-55.32061, -23.77684, -55.32061, -23.77684]}, {"type": "Feature", "id": "focos_48h_br_todosats.fid--3bf30ddf_19d555fad35_-39ed", "geometry": {"type": "Point", "coordinates": [-50.85555, -30.05776]}, "geometry_name": "geometria", "properties": {"id_foco_bdq": 1812430681, "foco_id": "9397037d-0432-3c6e-81b6-bfcb03201ba1", "longitude": -50.85555, "latitude": -30.05776, "data_hora_gmt": "2026-04-03T04:27:00Z", "data_pas": "2026-04-03", "satelite": "NOAA-20", "municipio": "VIAMÃO", "estado": "RIO GRANDE DO SUL", "pais": "Brasil", "precipitacao": null, "numero_dias_sem_chuva": null, "risco_fogo": null, "bioma": "Pampa", "id_0": 33, "id_1": 43, "id_2": 4323002, "continente_id": 8, "vegetacao": null, "grade_wrs": "221_081", "frp": 0.8}, "bbox": [-50.85555, -30.05776, -50.85555, -30.05776]}, {"type": "Feature", "id": "focos_48h_br_todosats.fid--3bf30ddf_19d555fad35_-39ec", "geometry": {"type": "Point", "coordinates": [-52.68227, -23.02998]}, "geometry_name": "geometria", "properties": {"id_foco_bdq": 1812430298, "foco_id": "8be2ccda-1b0a-3ca6-b555-ede81f2de3da", "longitude": -52.68227, "latitude": -23.02998, "data_hora_gmt": "2026-04-03T04:27:00Z", "data_pas": "2026-04-03", "satelite": "NOAA-20", "municipio": "PARANAVAÍ", "estado": "PARANÁ", "pais": "Brasil", "precipitacao": null, "numero_dias_sem_chuva": null, "risco_fogo": null, "bioma": "Mata Atlântica", "id_0": 33, "id_1": 41, "id_2": 4118402, "continente_id": 8, "vegetacao": null, "grade_wrs": "223_076", "frp": 2.7}, "bbox": [-52.68227, -23.02998, -52.68227, -23.02998]}, {"type": "Feature", "id": "focos_48h_br_todosats.fid--3bf30ddf_19d555fad35_-39eb", "geometry": {"type": "Point", "coordinates": [-48.62163, -26.06045]}, "geometry_name": "geometria", "properties": {"id_foco_bdq": 1812430734, "foco_id": "78c57378-15d2-3b9c-bc23-d93425f3005e", "longitude": -48.62163, "latitude": -26.06045, "data_hora_gmt": "2026-04-03T04:27:00Z", "data_pas": "2026-04-03", "satelite": "NOAA-20", "municipio": "ITAPOÁ", "estado": "SANTA CATARINA", "pais": "Brasil", "precipitacao": null, "numero_dias_sem_chuva": null, "risco_fogo": null, "bioma": "Mata Atlântica", "id_0": 33, "id_1": 42, "id_2": 4208450, "continente_id": 8, "vegetacao": null, "grade_wrs": "220_078", "frp": 0.7}, "bbox": [-48.62163, -26.06045, -48.62163, -26.06045]}, {"type": "Feature", "id": "focos_48h_br_todosats.fid--3bf30ddf_19d555fad35_-39ea", "geometry": {"type": "Point", "coordinates": [-54.26047, -30.40562]}, "geometry_name": "geometria", "properties": {"id_foco_bdq": 1812430286, "foco_id": "80947658-7686-3db6-aa02-e0c1751dc834", "longitude": -54.26047, "latitude": -30.40562, "data_hora_gmt": "2026-04-03T04:27:00Z", "data_pas": "2026-04-03", "satelite": "NOAA-20", "municipio": "SANTA MARGARIDA DO SUL", "estado": "RIO GRANDE DO SUL", "pais": "Brasil", "precipitacao": null, "numero_dias_sem_chuva": null, "risco_fogo": null, "bioma": "Pampa", "id_0": 33, "id_1": 43, "id_2": 4316972, "continente_id": 8, "vegetacao": null, "grade_wrs": "223_081", "frp": 2.9}, "bbox": [-54.26047, -30.40562, -54.26047, -30.40562]}, {"type": "Feature", "id": "focos_48h_br_todosats.fid--3bf30ddf_19d555fad35_-39e9", "geometry": {"type": "Point", "coordinates": [-56.96978, -22.18321]}, "geometry_name": "geometria", "properties": {"id_foco_bdq": 1812431237, "foco_id": "173deafb-d511-31eb-9586-452fdfdff09f", "longitude": -56.96978, "latitude": -22.18321, "data_hora_gmt": "2026-04-03T04:27:00Z", "data_pas": "2026-04-03", "satelite": "NOAA-20", "municipio": "BELA VISTA", "estado": "MATO GROSSO DO SUL", "pais": "Brasil", "precipitacao": null, "numero_dias_sem_chuva": null, "risco_fogo": null, "bioma": "Cerrado", "id_0": 33, "id_1": 50, "id_2": 5002100, "continente_id": 8, "vegetacao": null, "grade_wrs": "226_075", "frp": 3.8}, "bbox": [-56.96978, -22.18321, -56.96978, -22.18321]}, {"type": "Feature", "id": "focos_48h_br_todosats.fid--3bf30ddf_19d555fad35_-39e8", "geometry": {"type": "Point", "coordinates": [-51.96011, -30.13028]}, "geometry_name": "geometria", "properties": {"id_foco_bdq": 1812431245, "foco_id": "88e4712d-9465-3132-989a-b72fa180f367", "longitude": -51.96011, "latitude": -30.13028, "data_hora_gmt": "2026-04-03T04:27:00Z", "data_pas": "2026-04-03", "satelite": "NOAA-20", "municipio": "BUTIÁ", "estado": "RIO GRANDE DO SUL", "pais": "Brasil", "precipitacao": null, "numero_dias_sem_chuva": null, "risco_fogo": null, "bioma": "Pampa", "id_0": 33, "id_1": 43, "id_2": 4302709, "continente_id": 8, "vegetacao": null, "grade_wrs": "221_081", "frp": 0.9}, "bbox": [-51.96011, -30.13028, -51.96011, -30.13028]}, {"type": "Feature", "id": "focos_48h_br_todosats.fid--3bf30ddf_19d555fad35_-39e7", "geometry": {"type": "Point", "coordinates": [-55.3249, -23.776]}, "geometry_name": "geometria", "properties": {"id_foco_bdq": 1812430255, "foco_id": "65ac2cc4-1c69-33f0-842f-b13faaacc5fc", "longitude": -55.3249, "latitude": -23.776, "data_hora_gmt": "2026-04-03T04:27:00Z", "data_pas": "2026-04-03", "satelite": "NOAA-20", "municipio": "PARANHOS", "estado": "MATO GROSSO DO SUL", "pais": "Brasil", "precipitacao": null, "numero_dias_sem_chuva": null, "risco_fogo": null, "bioma": "Mata Atlântica", "id_0": 33, "id_1": 50, "id_2": 5006358, "continente_id": 8, "vegetacao": null, "grade_wrs": "225_076", "frp": 0.8}, "bbox": [-55.3249, -23.776, -55.3249, -23.776]}, {"type": "Feature", "id": "focos_48h_br_todosats.fid--3bf30ddf_19d555fad35_-39e6", "geometry": {"type": "Point", "coordinates": [-53.06704, -31.04816]}, "geometry_name": "geometria", "properties": {"id_foco_bdq": 1812430243, "foco_id": "77945ade-96a8-36d2-b205-f9adca85fe58", "longitude": -53.06704, "latitude": -31.04816, "data_hora_gmt": "2026-04-03T04:29:00Z", "data_pas": "2026-04-03", "satelite": "NOAA-20", "municipio": "PIRATINI", "estado": "RIO GRANDE DO SUL", "pais": "Brasil", "precipitacao": null, "numero_dias_sem_chuva": null, "risco_fogo": null, "bioma": "Pampa", "id_0": 33, "id_1": 43, "id_2": 4314605, "continente_id": 8, "vegetacao": null, "grade_wrs": "222_082", "frp": 1.2}, "bbox": [-53.06704, -31.04816, -53.06704, -31.04816]}, {"type": "Feature", "id": "focos_48h_br_todosats.fid--3bf30ddf_19d555fad35_-39e5", "geometry": {"type": "Point", "coordinates": [-53.0713, -31.04741]}, "geometry_name": "geometria", "properties": {"id_foco_bdq": 1812431942, "foco_id": "3860dd28-9a3e-3009-a324-f6a9574a518b", "longitude": -53.0713, "latitude": -31.04741, "data_hora_gmt": "2026-04-03T04:29:00Z", "data_pas": "2026-04-03", "satelite": "NOAA-20", "municipio": "PIRATINI", "estado": "RIO GRANDE DO SUL", "pais": "Brasil", "precipitacao": null, "numero_dias_sem_chuva": null, "risco_fogo": null, "bioma": "Pampa", "id_0": 33, "id_1": 43, "id_2": 4314605, "continente_id": 8, "vegetacao": null, "grade_wrs": "222_082", "frp": 0.7}, "bbox": [-53.0713, -31.04741, -53.0713, -31.04741]}, {"type": "Feature", "id": "focos_48h_br_todosats.fid--3bf30ddf_19d555fad35_-39e4", "geometry": {"type": "Point", "coordinates": [-60.21107, 2.82385]}, "geometry_name": "geometria", "properties": {"id_foco_bdq": 1812432098, "foco_id": "3af86812-6191-3922-83b1-de02521702c9", "longitude": -60.21107, "latitude": 2.82385, "data_hora_gmt": "2026-04-03T05:10:00Z", "data_pas": "2026-04-03", "satelite": "NOAA-21", "municipio": "BONFIM", "estado": "RORAIMA", "pais": "Brasil", "precipitacao": null, "numero_dias_sem_chuva": null, "risco_fogo": null, "bioma": "Amazônia", "id_0": 33, "id_1": 14, "id_2": 1400159, "continente_id": 8, "vegetacao": null, "grade_wrs": "232_058", "frp": 1.1}, "bbox": [-60.21107, 2.82385, -60.21107, 2.82385]}, {"type": "Feature", "id": "focos_48h_br_todosats.fid--3bf30ddf_19d555fad35_-39e3", "geometry": {"type": "Point", "coordinates": [-53.97018, -3.0209]}, "geometry_name": "geometria", "properties": {"id_foco_bdq": 1812433727, "foco_id": "37b66c56-e743-33a6-ae62-9665d869d636", "longitude": -53.97018, "latitude": -3.0209, "data_hora_gmt": "2026-04-03T05:10:00Z", "data_pas": "2026-04-03", "satelite": "NOAA-21", "municipio": "URUARÁ", "estado": "PARÁ", "pais": "Brasil", "precipitacao": null, "numero_dias_sem_chuva": null, "risco_fogo": null, "bioma": "Amazônia", "id_0": 33, "id_1": 15, "id_2": 1508159, "continente_id": 8, "vegetacao": null, "grade_wrs": "227_062", "frp": 0.6}, "bbox": [-53.97018, -3.0209, -53.97018, -3.0209]}, {"type": "Feature", "id": "focos_48h_br_todosats.fid--3bf30ddf_19d555fad35_-39e2", "geometry": {"type": "Point", "coordinates": [-61.48932, -9.11902]}, "geometry_name": "geometria", "properties": {"id_foco_bdq": 1812433021, "foco_id": "ba42d960-2afa-3fce-a051-dfbaece45a68", "longitude": -61.48932, "latitude": -9.11902, "data_hora_gmt": "2026-04-03T05:12:00Z", "data_pas": "2026-04-03", "satelite": "NOAA-21", "municipio": "COLNIZA", "estado": "MATO GROSSO", "pais": "Brasil", "precipitacao": null, "numero_dias_sem_chuva": null, "risco_fogo": null, "bioma": "Amazônia", "id_0": 33, "id_1": 51, "id_2": 5103254, "continente_id": 8, "vegetacao": null, "grade_wrs": "231_066", "frp": 2.5}, "bbox": [-61.48932, -9.11902, -61.48932, -9.11902]}, {"type": "Feature", "id": "focos_48h_br_todosats.fid--3bf30ddf_19d555fad35_-39e1", "geometry": {"type": "Point", "coordinates": [-59.19424, -9.46217]}, "geometry_name": "geometria", "properties": {"id_foco_bdq": 1812432564, "foco_id": "302ceba6-e6b9-37c5-8c90-df928ab3e1a3", "longitude": -59.19424, "latitude": -9.46217, "data_hora_gmt": "2026-04-03T05:12:00Z", "data_pas": "2026-04-03", "satelite": "NOAA-21", "municipio": "COLNIZA", "estado": "MATO GROSSO", "pais": "Brasil", "precipitacao": null, "numero_dias_sem_chuva": null, "risco_fogo": null, "bioma": "Amazônia", "id_0": 33, "id_1": 51, "id_2": 5103254, "continente_id": 8, "vegetacao": null, "grade_wrs": "229_067", "frp": 15.8}, "bbox": [-59.19424, -9.46217, -59.19424, -9.46217]}, {"type": "Feature", "id": "focos_48h_br_todosats.fid--3bf30ddf_19d555fad35_-39e0", "geometry": {"type": "Point", "coordinates": [-56.97189, -22.18465]}, "geometry_name": "geometria", "properties": {"id_foco_bdq": 1812432238, "foco_id": "31b335ae-4a19-383d-82f6-9f5a89fe62e0", "longitude": -56.97189, "latitude": -22.18465, "data_hora_gmt": "2026-04-03T05:16:00Z", "data_pas": "2026-04-03", "satelite": "NOAA-21", "municipio": "BELA VISTA", "estado": "MATO GROSSO DO SUL", "pais": "Brasil", "precipitacao": null, "numero_dias_sem_chuva": null, "risco_fogo": null, "bioma": "Cerrado", "id_0": 33, "id_1": 50, "id_2": 5002100, "continente_id": 8, "vegetacao": null, "grade_wrs": "226_075", "frp": 5.2}, "bbox": [-56.97189, -22.18465, -56.97189, -22.18465]}, {"type": "Feature", "id": "focos_48h_br_todosats.fid--3bf30ddf_19d555fad35_-39df", "geometry": {"type": "Point", "coordinates": [-56.9714, -22.1809]}, "geometry_name": "geometria", "properties": {"id_foco_bdq": 1812432434, "foco_id": "c498bea3-854c-38a2-832a-c772acff0f80", "longitude": -56.9714, "latitude": -22.1809, "data_hora_gmt": "2026-04-03T05:16:00Z", "data_pas": "2026-04-03", "satelite": "NOAA-21", "municipio": "BELA VISTA", "estado": "MATO GROSSO DO SUL", "pais": "Brasil", "precipitacao": null, "numero_dias_sem_chuva": null, "risco_fogo": null, "bioma": "Cerrado", "id_0": 33, "id_1": 50, "id_2": 5002100, "continente_id": 8, "vegetacao": null, "grade_wrs": "226_075", "frp": 3.2}, "bbox": [-56.9714, -22.1809, -56.9714, -22.1809]}, {"type": "Feature", "id": "focos_48h_br_todosats.fid--3bf30ddf_19d555fad35_-39de", "geometry": {"type": "Point", "coordinates": [-55.88165, -20.54641]}, "geometry_name": "geometria", "properties": {"id_foco_bdq": 1812433448, "foco_id": "1c3447ad-7d13-336f-99d4-d214686be276", "longitude": -55.88165, "latitude": -20.54641, "data_hora_gmt": "2026-04-03T05:16:00Z", "data_pas": "2026-04-03", "satelite": "NOAA-21", "municipio": "ANASTÁCIO", "estado": "MATO GROSSO DO SUL", "pais": "Brasil", "precipitacao": null, "numero_dias_sem_chuva": null, "risco_fogo": null, "bioma": "Cerrado", "id_0": 33, "id_1": 50, "id_2": 5000708, "continente_id": 8, "vegetacao": null, "grade_wrs": "225_074", "frp": 1.4}, "bbox": [-55.88165, -20.54641, -55.88165, -20.54641]}, {"type": "Feature", "id": "focos_48h_br_todosats.fid--3bf30ddf_19d555fad35_-39dd", "geometry": {"type": "Point", "coordinates": [-56.96654, -22.18152]}, "geometry_name": "geometria", "properties": {"id_foco_bdq": 1812432270, "foco_id": "c8757595-f95b-3491-8af2-839e783f7a7f", "longitude": -56.96654, "latitude": -22.18152, "data_hora_gmt": "2026-04-03T05:16:00Z", "data_pas": "2026-04-03", "satelite": "NOAA-21", "municipio": "BELA VISTA", "estado": "MATO GROSSO DO SUL", "pais": "Brasil", "precipitacao": null, "numero_dias_sem_chuva": null, "risco_fogo": null, "bioma": "Cerrado", "id_0": 33, "id_1": 50, "id_2": 5002100, "continente_id": 8, "vegetacao": null, "grade_wrs": "226_075", "frp": 3.2}, "bbox": [-56.96654, -22.18152, -56.96654, -22.18152]}, {"type": "Feature", "id": "focos_48h_br_todosats.fid--3bf30ddf_19d555fad35_-39dc", "geometry": {"type": "Point", "coordinates": [-56.31926, -21.66427]}, "geometry_name": "geometria", "properties": {"id_foco_bdq": 1812432512, "foco_id": "ce735a0c-cf3f-3e3d-81b8-04ccb2ef4e44", "longitude": -56.31926, "latitude": -21.66427, "data_hora_gmt": "2026-04-03T05:16:00Z", "data_pas": "2026-04-03", "satelite": "NOAA-21", "municipio": "BELA VISTA", "estado": "MATO GROSSO DO SUL", "pais": "Brasil", "precipitacao": null, "numero_dias_sem_chuva": null, "risco_fogo": null, "bioma": "Cerrado", "id_0": 33, "id_1": 50, "id_2": 5002100, "continente_id": 8, "vegetacao": null, "grade_wrs": "226_075", "frp": 2.2}, "bbox": [-56.31926, -21.66427, -56.31926, -21.66427]}, {"type": "Feature", "id": "focos_48h_br_todosats.fid--3bf30ddf_19d555fad35_-39db", "geometry": {"type": "Point", "coordinates": [-56.96703, -22.18528]}, "geometry_name": "geometria", "properties": {"id_foco_bdq": 1812432520, "foco_id": "feabd854-5918-3b83-af76-d9d522aebd7a", "longitude": -56.96703, "latitude": -22.18528, "data_hora_gmt": "2026-04-03T05:16:00Z", "data_pas": "2026-04-03", "satelite": "NOAA-21", "municipio": "BELA VISTA", "estado": "MATO GROSSO DO SUL", "pais": "Brasil", "precipitacao": null, "numero_dias_sem_chuva": null, "risco_fogo": null, "bioma": "Cerrado", "id_0": 33, "id_1": 50, "id_2": 5002100, "continente_id": 8, "vegetacao": null, "grade_wrs": "226_075", "frp": 5.2}, "bbox": [-56.96703, -22.18528, -56.96703, -22.18528]}, {"type": "Feature", "id": "focos_48h_br_todosats.fid--3bf30ddf_19d555fad35_-39da", "geometry": {"type": "Point", "coordinates": [-56.32031, -21.672]}, "geometry_name": "geometria", "properties": {"id_foco_bdq": 1812432255, "foco_id": "026839d4-7068-3504-ad4b-15bbd12ad2d4", "longitude": -56.32031, "latitude": -21.672, "data_hora_gmt": "2026-04-03T05:16:00Z", "data_pas": "2026-04-03", "satelite": "NOAA-21", "municipio": "BELA VISTA", "estado": "MATO GROSSO DO SUL", "pais": "Brasil", "precipitacao": null, "numero_dias_sem_chuva": null, "risco_fogo": null, "bioma": "Cerrado", "id_0": 33, "id_1": 50, "id_2": 5002100, "continente_id": 8, "vegetacao": null, "grade_wrs": "226_075", "frp": 2.4}, "bbox": [-56.32031, -21.672, -56.32031, -21.672]}, {"type": "Feature", "id": "focos_48h_br_todosats.fid--3bf30ddf_19d555fad35_-39d9", "geometry": {"type": "Point", "coordinates": [-52.68393, -23.02922]}, "geometry_name": "geometria", "properties": {"id_foco_bdq": 1812432611, "foco_id": "a29203b4-f202-3839-9f6a-a005a5c348ff", "longitude": -52.68393, "latitude": -23.02922, "data_hora_gmt": "2026-04-03T05:16:00Z", "data_pas": "2026-04-03", "satelite": "NOAA-21", "municipio": "PARANAVAÍ", "estado": "PARANÁ", "pais": "Brasil", "precipitacao": null, "numero_dias_sem_chuva": null, "risco_fogo": null, "bioma": "Mata Atlântica", "id_0": 33, "id_1": 41, "id_2": 4118402, "continente_id": 8, "vegetacao": null, "grade_wrs": "223_076", "frp": 6.1}, "bbox": [-52.68393, -23.02922, -52.68393, -23.02922]}, {"type": "Feature", "id": "focos_48h_br_todosats.fid--3bf30ddf_19d555fad35_-39d8", "geometry": {"type": "Point", "coordinates": [-56.32488, -21.66748]}, "geometry_name": "geometria", "properties": {"id_foco_bdq": 1812432797, "foco_id": "0f1e4a95-aa5b-3598-9e93-62a31122fc17", "longitude": -56.32488, "latitude": -21.66748, "data_hora_gmt": "2026-04-03T05:16:00Z", "data_pas": "2026-04-03", "satelite": "NOAA-21", "municipio": "BELA VISTA", "estado": "MATO GROSSO DO SUL", "pais": "Brasil", "precipitacao": null, "numero_dias_sem_chuva": null, "risco_fogo": null, "bioma": "Cerrado", "id_0": 33, "id_1": 50, "id_2": 5002100, "continente_id": 8, "vegetacao": null, "grade_wrs": "226_075", "frp": 2.4}, "bbox": [-56.32488, -21.66748, -56.32488, -21.66748]}, {"type": "Feature", "id": "focos_48h_br_todosats.fid--3bf30ddf_19d555fad35_-39d7", "geometry": {"type": "Point", "coordinates": [-56.31977, -21.66814]}, "geometry_name": "geometria", "properties": {"id_foco_bdq": 1812432800, "foco_id": "50c50447-23d4-3dfc-93f2-169ee21a9e6e", "longitude": -56.31977, "latitude": -21.66814, "data_hora_gmt": "2026-04-03T05:16:00Z", "data_pas": "2026-04-03", "satelite": "NOAA-21", "municipio": "BELA VISTA", "estado": "MATO GROSSO DO SUL", "pais": "Brasil", "precipitacao": null, "numero_dias_sem_chuva": null, "risco_fogo": null, "bioma": "Cerrado", "id_0": 33, "id_1": 50, "id_2": 5002100, "continente_id": 8, "vegetacao": null, "grade_wrs": "226_075", "frp": 2.4}, "bbox": [-56.31977, -21.66814, -56.31977, -21.66814]}, {"type": "Feature", "id": "focos_48h_br_todosats.fid--3bf30ddf_19d555fad35_-39d6", "geometry": {"type": "Point", "coordinates": [-52.67815, -23.0298]}, "geometry_name": "geometria", "properties": {"id_foco_bdq": 1812432103, "foco_id": "df129d95-ac1f-3fa6-8c21-df4a4d5bfe20", "longitude": -52.67815, "latitude": -23.0298, "data_hora_gmt": "2026-04-03T05:16:00Z", "data_pas": "2026-04-03", "satelite": "NOAA-21", "municipio": "PARANAVAÍ", "estado": "PARANÁ", "pais": "Brasil", "precipitacao": null, "numero_dias_sem_chuva": null, "risco_fogo": null, "bioma": "Mata Atlântica", "id_0": 33, "id_1": 41, "id_2": 4118402, "continente_id": 8, "vegetacao": null, "grade_wrs": "223_076", "frp": 3.4}, "bbox": [-52.67815, -23.0298, -52.67815, -23.0298]}, {"type": "Feature", "id": "focos_48h_br_todosats.fid--3bf30ddf_19d555fad35_-39d5", "geometry": {"type": "Point", "coordinates": [-52.68458, -23.03416]}, "geometry_name": "geometria", "properties": {"id_foco_bdq": 1812433128, "foco_id": "9b2b6c13-4784-3e81-b59c-269fde04d765", "longitude": -52.68458, "latitude": -23.03416, "data_hora_gmt": "2026-04-03T05:16:00Z", "data_pas": "2026-04-03", "satelite": "NOAA-21", "municipio": "PARANAVAÍ", "estado": "PARANÁ", "pais": "Brasil", "precipitacao": null, "numero_dias_sem_chuva": null, "risco_fogo": null, "bioma": "Mata Atlântica", "id_0": 33, "id_1": 41, "id_2": 4118402, "continente_id": 8, "vegetacao": null, "grade_wrs": "223_076", "frp": 2.7}, "bbox": [-52.68458, -23.03416, -52.68458, -23.03416]}, {"type": "Feature", "id": "focos_48h_br_todosats.fid--3bf30ddf_19d555fad35_-39d4", "geometry": {"type": "Point", "coordinates": [-55.32372, -23.77915]}, "geometry_name": "geometria", "properties": {"id_foco_bdq": 1812433217, "foco_id": "9efc4115-9141-352c-8f3d-ef04d607fe1d", "longitude": -55.32372, "latitude": -23.77915, "data_hora_gmt": "2026-04-03T05:16:00Z", "data_pas": "2026-04-03", "satelite": "NOAA-21", "municipio": "PARANHOS", "estado": "MATO GROSSO DO SUL", "pais": "Brasil", "precipitacao": null, "numero_dias_sem_chuva": null, "risco_fogo": null, "bioma": "Mata Atlântica", "id_0": 33, "id_1": 50, "id_2": 5006358, "continente_id": 8, "vegetacao": null, "grade_wrs": "225_076", "frp": 0.8}, "bbox": [-55.32372, -23.77915, -55.32372, -23.77915]}, {"type": "Feature", "id": "focos_48h_br_todosats.fid--3bf30ddf_19d555fad35_-39d3", "geometry": {"type": "Point", "coordinates": [-55.87646, -20.54709]}, "geometry_name": "geometria", "properties": {"id_foco_bdq": 1812433434, "foco_id": "af7e5d82-d723-37a0-97b2-6290ee76a9cf", "longitude": -55.87646, "latitude": -20.54709, "data_hora_gmt": "2026-04-03T05:16:00Z", "data_pas": "2026-04-03", "satelite": "NOAA-21", "municipio": "ANASTÁCIO", "estado": "MATO GROSSO DO SUL", "pais": "Brasil", "precipitacao": null, "numero_dias_sem_chuva": null, "risco_fogo": null, "bioma": "Cerrado", "id_0": 33, "id_1": 50, "id_2": 5000708, "continente_id": 8, "vegetacao": null, "grade_wrs": "225_074", "frp": 1.4}, "bbox": [-55.87646, -20.54709, -55.87646, -20.54709]}, {"type": "Feature", "id": "focos_48h_br_todosats.fid--3bf30ddf_19d555fad35_-39d2", "geometry": {"type": "Point", "coordinates": [-54.26506, -30.40613]}, "geometry_name": "geometria", "properties": {"id_foco_bdq": 1812432449, "foco_id": "25b5ac0f-799f-3ae2-8ee3-446018ce9004", "longitude": -54.26506, "latitude": -30.40613, "data_hora_gmt": "2026-04-03T05:18:00Z", "data_pas": "2026-04-03", "satelite": "NOAA-21", "municipio": "SÃO GABRIEL", "estado": "RIO GRANDE DO SUL", "pais": "Brasil", "precipitacao": null, "numero_dias_sem_chuva": null, "risco_fogo": null, "bioma": "Pampa", "id_0": 33, "id_1": 43, "id_2": 4318309, "continente_id": 8, "vegetacao": null, "grade_wrs": "223_081", "frp": 6.1}, "bbox": [-54.26506, -30.40613, -54.26506, -30.40613]}, {"type": "Feature", "id": "focos_48h_br_todosats.fid--3bf30ddf_19d555fad35_-39d1", "geometry": {"type": "Point", "coordinates": [-54.26392, -30.40368]}, "geometry_name": "geometria", "properties": {"id_foco_bdq": 1812433620, "foco_id": "21b6feaa-6d80-3a21-aec2-1c30c6c2511c", "longitude": -54.26392, "latitude": -30.40368, "data_hora_gmt": "2026-04-03T05:18:00Z", "data_pas": "2026-04-03", "satelite": "NOAA-21", "municipio": "SANTA MARGARIDA DO SUL", "estado": "RIO GRANDE DO SUL", "pais": "Brasil", "precipitacao": null, "numero_dias_sem_chuva": null, "risco_fogo": null, "bioma": "Pampa", "id_0": 33, "id_1": 43, "id_2": 4316972, "continente_id": 8, "vegetacao": null, "grade_wrs": "223_081", "frp": 4}, "bbox": [-54.26392, -30.40368, -54.26392, -30.40368]}, {"type": "Feature", "id": "focos_48h_br_todosats.fid--3bf30ddf_19d555fad35_-39d0", "geometry": {"type": "Point", "coordinates": [-60.65667, 1.30745]}, "geometry_name": "geometria", "properties": {"id_foco_bdq": 1812446187, "foco_id": "84a7ebcb-0536-3dfc-baca-dbb0111c7dbf", "longitude": -60.65667, "latitude": 1.30745, "data_hora_gmt": "2026-04-03T05:40:00Z", "data_pas": "2026-04-03", "satelite": "NPP-375D", "municipio": "CARACARAÍ", "estado": "RORAIMA", "pais": "Brasil", "precipitacao": null, "numero_dias_sem_chuva": null, "risco_fogo": null, "bioma": "Amazônia", "id_0": 33, "id_1": 14, "id_2": 1400209, "continente_id": 8, "vegetacao": null, "grade_wrs": "232_059", "frp": 1.6}, "bbox": [-60.65667, 1.30745, -60.65667, 1.30745]}, {"type": "Feature", "id": "focos_48h_br_todosats.fid--3bf30ddf_19d555fad35_-39cf", "geometry": {"type": "Point", "coordinates": [-60.21167, 2.82258]}, "geometry_name": "geometria", "properties": {"id_foco_bdq": 1812445504, "foco_id": "864bfd62-bc67-3241-9c77-80ca1c0758c2", "longitude": -60.21167, "latitude": 2.82258, "data_hora_gmt": "2026-04-03T05:40:00Z", "data_pas": "2026-04-03", "satelite": "NPP-375D", "municipio": "BONFIM", "estado": "RORAIMA", "pais": "Brasil", "precipitacao": null, "numero_dias_sem_chuva": null, "risco_fogo": null, "bioma": "Amazônia", "id_0": 33, "id_1": 14, "id_2": 1400159, "continente_id": 8, "vegetacao": null, "grade_wrs": "232_058", "frp": 0.8}, "bbox": [-60.21167, 2.82258, -60.21167, 2.82258]}, {"type": "Feature", "id": "focos_48h_br_todosats.fid--3bf30ddf_19d555fad35_-39ce", "geometry": {"type": "Point", "coordinates": [-60.65772, 1.30071]}, "geometry_name": "geometria", "properties": {"id_foco_bdq": 1812446230, "foco_id": "42ce16c5-ae9d-3dc0-bf33-d66ab2be0c5b", "longitude": -60.65772, "latitude": 1.30071, "data_hora_gmt": "2026-04-03T05:40:00Z", "data_pas": "2026-04-03", "satelite": "NPP-375D", "municipio": "CARACARAÍ", "estado": "RORAIMA", "pais": "Brasil", "precipitacao": null, "numero_dias_sem_chuva": null, "risco_fogo": null, "bioma": "Amazônia", "id_0": 33, "id_1": 14, "id_2": 1400209, "continente_id": 8, "vegetacao": null, "grade_wrs": "232_059", "frp": 1.6}, "bbox": [-60.65772, 1.30071, -60.65772, 1.30071]}, {"type": "Feature", "id": "focos_48h_br_todosats.fid--3bf30ddf_19d555fad35_-39cd", "geometry": {"type": "Point", "coordinates": [-60.66024, 1.30802]}, "geometry_name": "geometria", "properties": {"id_foco_bdq": 1812446811, "foco_id": "d2421fe1-27ce-3175-bacc-c0ecc5552f14", "longitude": -60.66024, "latitude": 1.30802, "data_hora_gmt": "2026-04-03T05:40:00Z", "data_pas": "2026-04-03", "satelite": "NPP-375D", "municipio": "CARACARAÍ", "estado": "RORAIMA", "pais": "Brasil", "precipitacao": null, "numero_dias_sem_chuva": null, "risco_fogo": null, "bioma": "Amazônia", "id_0": 33, "id_1": 14, "id_2": 1400209, "continente_id": 8, "vegetacao": null, "grade_wrs": "232_059", "frp": 1.6}, "bbox": [-60.66024, 1.30802, -60.66024, 1.30802]}, {"type": "Feature", "id": "focos_48h_br_todosats.fid--3bf30ddf_19d555fad35_-39cc", "geometry": {"type": "Point", "coordinates": [-60.66076, 1.30465]}, "geometry_name": "geometria", "properties": {"id_foco_bdq": 1812446840, "foco_id": "036c9f81-8ae5-30c1-bebd-e4f8b7637068", "longitude": -60.66076, "latitude": 1.30465, "data_hora_gmt": "2026-04-03T05:40:00Z", "data_pas": "2026-04-03", "satelite": "NPP-375D", "municipio": "CARACARAÍ", "estado": "RORAIMA", "pais": "Brasil", "precipitacao": null, "numero_dias_sem_chuva": null, "risco_fogo": null, "bioma": "Amazônia", "id_0": 33, "id_1": 14, "id_2": 1400209, "continente_id": 8, "vegetacao": null, "grade_wrs": "232_059", "frp": 1.6}, "bbox": [-60.66076, 1.30465, -60.66076, 1.30465]}, {"type": "Feature", "id": "focos_48h_br_todosats.fid--3bf30ddf_19d555fad35_-39cb", "geometry": {"type": "Point", "coordinates": [-60.40993, 0.96759]}, "geometry_name": "geometria", "properties": {"id_foco_bdq": 1812447217, "foco_id": "7d6773de-9011-321e-8dff-0f2f07dfab37", "longitude": -60.40993, "latitude": 0.96759, "data_hora_gmt": "2026-04-03T05:40:00Z", "data_pas": "2026-04-03", "satelite": "NPP-375D", "municipio": "RORAINÓPOLIS", "estado": "RORAIMA", "pais": "Brasil", "precipitacao": null, "numero_dias_sem_chuva": null, "risco_fogo": null, "bioma": "Amazônia", "id_0": 33, "id_1": 14, "id_2": 1400472, "continente_id": 8, "vegetacao": null, "grade_wrs": "231_059", "frp": 1}, "bbox": [-60.40993, 0.96759, -60.40993, 0.96759]}, {"type": "Feature", "id": "focos_48h_br_todosats.fid--3bf30ddf_19d555fad35_-39ca", "geometry": {"type": "Point", "coordinates": [-60.66129, 1.30128]}, "geometry_name": "geometria", "properties": {"id_foco_bdq": 1812447694, "foco_id": "9e8cdede-7784-381a-9c10-65832dfc6d12", "longitude": -60.66129, "latitude": 1.30128, "data_hora_gmt": "2026-04-03T05:40:00Z", "data_pas": "2026-04-03", "satelite": "NPP-375D", "municipio": "CARACARAÍ", "estado": "RORAIMA", "pais": "Brasil", "precipitacao": null, "numero_dias_sem_chuva": null, "risco_fogo": null, "bioma": "Amazônia", "id_0": 33, "id_1": 14, "id_2": 1400209, "continente_id": 8, "vegetacao": null, "grade_wrs": "232_059", "frp": 1.6}, "bbox": [-60.66129, 1.30128, -60.66129, 1.30128]}, {"type": "Feature", "id": "focos_48h_br_todosats.fid--3bf30ddf_19d555fad35_-39c9", "geometry": {"type": "Point", "coordinates": [-60.6572, 1.30408]}, "geometry_name": "geometria", "properties": {"id_foco_bdq": 1812448244, "foco_id": "bc83bcdb-0e2c-3ad2-9bf0-65eeaa18e7bb", "longitude": -60.6572, "latitude": 1.30408, "data_hora_gmt": "2026-04-03T05:40:00Z", "data_pas": "2026-04-03", "satelite": "NPP-375D", "municipio": "CARACARAÍ", "estado": "RORAIMA", "pais": "Brasil", "precipitacao": null, "numero_dias_sem_chuva": null, "risco_fogo": null, "bioma": "Amazônia", "id_0": 33, "id_1": 14, "id_2": 1400209, "continente_id": 8, "vegetacao": null, "grade_wrs": "232_059", "frp": 1.6}, "bbox": [-60.6572, 1.30408, -60.6572, 1.30408]}, {"type": "Feature", "id": "focos_48h_br_todosats.fid--3bf30ddf_19d555fad35_-39c8", "geometry": {"type": "Point", "coordinates": [-60.61185, 1.28991]}, "geometry_name": "geometria", "properties": {"id_foco_bdq": 1812448377, "foco_id": "2ec18c91-119c-38c2-963e-fb25e6bbfa47", "longitude": -60.61185, "latitude": 1.28991, "data_hora_gmt": "2026-04-03T05:40:00Z", "data_pas": "2026-04-03", "satelite": "NPP-375D", "municipio": "CARACARAÍ", "estado": "RORAIMA", "pais": "Brasil", "precipitacao": null, "numero_dias_sem_chuva": null, "risco_fogo": null, "bioma": "Amazônia", "id_0": 33, "id_1": 14, "id_2": 1400209, "continente_id": 8, "vegetacao": null, "grade_wrs": "232_059", "frp": 0.8}, "bbox": [-60.61185, 1.28991, -60.61185, 1.28991]}, {"type": "Feature", "id": "focos_48h_br_todosats.fid--3bf30ddf_19d555fad35_-39c7", "geometry": {"type": "Point", "coordinates": [-61.49079, -9.1162]}, "geometry_name": "geometria", "properties": {"id_foco_bdq": 1812446721, "foco_id": "0dfdc082-78db-3cd0-9f94-67215fe0ecce", "longitude": -61.49079, "latitude": -9.1162, "data_hora_gmt": "2026-04-03T05:44:00Z", "data_pas": "2026-04-03", "satelite": "NPP-375D", "municipio": "COLNIZA", "estado": "MATO GROSSO", "pais": "Brasil", "precipitacao": null, "numero_dias_sem_chuva": null, "risco_fogo": null, "bioma": "Amazônia", "id_0": 33, "id_1": 51, "id_2": 5103254, "continente_id": 8, "vegetacao": null, "grade_wrs": "231_066", "frp": 1.2}, "bbox": [-61.49079, -9.1162, -61.49079, -9.1162]}, {"type": "Feature", "id": "focos_48h_br_todosats.fid--3bf30ddf_19d555fad35_-39c6", "geometry": {"type": "Point", "coordinates": [-61.49134, -9.11977]}, "geometry_name": "geometria", "properties": {"id_foco_bdq": 1812446802, "foco_id": "5f52f2ae-874f-397a-904b-bbcdc5724959", "longitude": -61.49134, "latitude": -9.11977, "data_hora_gmt": "2026-04-03T05:44:00Z", "data_pas": "2026-04-03", "satelite": "NPP-375D", "municipio": "COLNIZA", "estado": "MATO GROSSO", "pais": "Brasil", "precipitacao": null, "numero_dias_sem_chuva": null, "risco_fogo": null, "bioma": "Amazônia", "id_0": 33, "id_1": 51, "id_2": 5103254, "continente_id": 8, "vegetacao": null, "grade_wrs": "231_066", "frp": 1.2}, "bbox": [-61.49134, -9.11977, -61.49134, -9.11977]}, {"type": "Feature", "id": "focos_48h_br_todosats.fid--3bf30ddf_19d555fad35_-39c5", "geometry": {"type": "Point", "coordinates": [-59.19376, -9.46383]}, "geometry_name": "geometria", "properties": {"id_foco_bdq": 1812446403, "foco_id": "f268391a-d80a-38e3-863a-847ecdc541cd", "longitude": -59.19376, "latitude": -9.46383, "data_hora_gmt": "2026-04-03T05:44:00Z", "data_pas": "2026-04-03", "satelite": "NPP-375D", "municipio": "COLNIZA", "estado": "MATO GROSSO", "pais": "Brasil", "precipitacao": null, "numero_dias_sem_chuva": null, "risco_fogo": null, "bioma": "Amazônia", "id_0": 33, "id_1": 51, "id_2": 5103254, "continente_id": 8, "vegetacao": null, "grade_wrs": "229_067", "frp": 3.3}, "bbox": [-59.19376, -9.46383, -59.19376, -9.46383]}, {"type": "Feature", "id": "focos_48h_br_todosats.fid--3bf30ddf_19d555fad35_-39c4", "geometry": {"type": "Point", "coordinates": [-59.19313, -9.45973]}, "geometry_name": "geometria", "properties": {"id_foco_bdq": 1812447723, "foco_id": "50210dde-1ba7-33bb-aebf-9df61dc95520", "longitude": -59.19313, "latitude": -9.45973, "data_hora_gmt": "2026-04-03T05:44:00Z", "data_pas": "2026-04-03", "satelite": "NPP-375D", "municipio": "COLNIZA", "estado": "MATO GROSSO", "pais": "Brasil", "precipitacao": null, "numero_dias_sem_chuva": null, "risco_fogo": null, "bioma": "Amazônia", "id_0": 33, "id_1": 51, "id_2": 5103254, "continente_id": 8, "vegetacao": null, "grade_wrs": "229_067", "frp": 3.3}, "bbox": [-59.19313, -9.45973, -59.19313, -9.45973]}, {"type": "Feature", "id": "focos_48h_br_todosats.fid--3bf30ddf_19d555fad35_-39c3", "geometry": {"type": "Point", "coordinates": [-59.1968, -9.45921]}, "geometry_name": "geometria", "properties": {"id_foco_bdq": 1812448130, "foco_id": "3b3d54fe-7347-3c9c-bea6-3ac41989f2b4", "longitude": -59.1968, "latitude": -9.45921, "data_hora_gmt": "2026-04-03T05:44:00Z", "data_pas": "2026-04-03", "satelite": "NPP-375D", "municipio": "COLNIZA", "estado": "MATO GROSSO", "pais": "Brasil", "precipitacao": null, "numero_dias_sem_chuva": null, "risco_fogo": null, "bioma": "Amazônia", "id_0": 33, "id_1": 51, "id_2": 5103254, "continente_id": 8, "vegetacao": null, "grade_wrs": "229_067", "frp": 3.1}, "bbox": [-59.1968, -9.45921, -59.1968, -9.45921]}, {"type": "Feature", "id": "focos_48h_br_todosats.fid--3bf30ddf_19d555fad35_-39c2", "geometry": {"type": "Point", "coordinates": [-59.19743, -9.4633]}, "geometry_name": "geometria", "properties": {"id_foco_bdq": 1812445933, "foco_id": "26c6e0ad-562d-3232-ae45-7557a640f90e", "longitude": -59.19743, "latitude": -9.4633, "data_hora_gmt": "2026-04-03T05:44:00Z", "data_pas": "2026-04-03", "satelite": "NPP-375D", "municipio": "COLNIZA", "estado": "MATO GROSSO", "pais": "Brasil", "precipitacao": null, "numero_dias_sem_chuva": null, "risco_fogo": null, "bioma": "Amazônia", "id_0": 33, "id_1": 51, "id_2": 5103254, "continente_id": 8, "vegetacao": null, "grade_wrs": "229_067", "frp": 3.1}, "bbox": [-59.19743, -9.4633, -59.19743, -9.4633]}, {"type": "Feature", "id": "focos_48h_br_todosats.fid--3bf30ddf_19d555fad35_-39c1", "geometry": {"type": "Point", "coordinates": [-55.87751, -20.5435]}, "geometry_name": "geometria", "properties": {"id_foco_bdq": 1812445568, "foco_id": "6a970c3d-e4e7-385e-881e-1e5c80903caa", "longitude": -55.87751, "latitude": -20.5435, "data_hora_gmt": "2026-04-03T05:46:00Z", "data_pas": "2026-04-03", "satelite": "NPP-375D", "municipio": "ANASTÁCIO", "estado": "MATO GROSSO DO SUL", "pais": "Brasil", "precipitacao": null, "numero_dias_sem_chuva": null, "risco_fogo": null, "bioma": "Cerrado", "id_0": 33, "id_1": 50, "id_2": 5000708, "continente_id": 8, "vegetacao": null, "grade_wrs": "225_074", "frp": 0.8}, "bbox": [-55.87751, -20.5435, -55.87751, -20.5435]}, {"type": "Feature", "id": "focos_48h_br_todosats.fid--3bf30ddf_19d555fad35_-39c0", "geometry": {"type": "Point", "coordinates": [-55.87899, -20.54651]}, "geometry_name": "geometria", "properties": {"id_foco_bdq": 1812445446, "foco_id": "6b6f431a-5435-32dd-8e8a-96c4c644d3b3", "longitude": -55.87899, "latitude": -20.54651, "data_hora_gmt": "2026-04-03T05:46:00Z", "data_pas": "2026-04-03", "satelite": "NPP-375D", "municipio": "ANASTÁCIO", "estado": "MATO GROSSO DO SUL", "pais": "Brasil", "precipitacao": null, "numero_dias_sem_chuva": null, "risco_fogo": null, "bioma": "Cerrado", "id_0": 33, "id_1": 50, "id_2": 5000708, "continente_id": 8, "vegetacao": null, "grade_wrs": "225_074", "frp": 1.4}, "bbox": [-55.87899, -20.54651, -55.87899, -20.54651]}, {"type": "Feature", "id": "focos_48h_br_todosats.fid--3bf30ddf_19d555fad35_-39bf", "geometry": {"type": "Point", "coordinates": [-55.88198, -20.5431]}, "geometry_name": "geometria", "properties": {"id_foco_bdq": 1812445920, "foco_id": "ef39856e-4756-3dd6-a4b3-3e23ce8a7308", "longitude": -55.88198, "latitude": -20.5431, "data_hora_gmt": "2026-04-03T05:46:00Z", "data_pas": "2026-04-03", "satelite": "NPP-375D", "municipio": "ANASTÁCIO", "estado": "MATO GROSSO DO SUL", "pais": "Brasil", "precipitacao": null, "numero_dias_sem_chuva": null, "risco_fogo": null, "bioma": "Cerrado", "id_0": 33, "id_1": 50, "id_2": 5000708, "continente_id": 8, "vegetacao": null, "grade_wrs": "225_074", "frp": 0.8}, "bbox": [-55.88198, -20.5431, -55.88198, -20.5431]}, {"type": "Feature", "id": "focos_48h_br_todosats.fid--3bf30ddf_19d555fad35_-39be", "geometry": {"type": "Point", "coordinates": [-56.31878, -21.66637]}, "geometry_name": "geometria", "properties": {"id_foco_bdq": 1812447399, "foco_id": "6690f1a9-a84f-3762-b6d0-d32a18b7a1f1", "longitude": -56.31878, "latitude": -21.66637, "data_hora_gmt": "2026-04-03T05:46:00Z", "data_pas": "2026-04-03", "satelite": "NPP-375D", "municipio": "BELA VISTA", "estado": "MATO GROSSO DO SUL", "pais": "Brasil", "precipitacao": null, "numero_dias_sem_chuva": null, "risco_fogo": null, "bioma": "Cerrado", "id_0": 33, "id_1": 50, "id_2": 5002100, "continente_id": 8, "vegetacao": null, "grade_wrs": "226_075", "frp": 1.9}, "bbox": [-56.31878, -21.66637, -56.31878, -21.66637]}, {"type": "Feature", "id": "focos_48h_br_todosats.fid--3bf30ddf_19d555fad35_-39bd", "geometry": {"type": "Point", "coordinates": [-56.3231, -21.66599]}, "geometry_name": "geometria", "properties": {"id_foco_bdq": 1812447825, "foco_id": "3113a8c5-45b9-33cc-ae0c-b90e1d059b61", "longitude": -56.3231, "latitude": -21.66599, "data_hora_gmt": "2026-04-03T05:46:00Z", "data_pas": "2026-04-03", "satelite": "NPP-375D", "municipio": "BELA VISTA", "estado": "MATO GROSSO DO SUL", "pais": "Brasil", "precipitacao": null, "numero_dias_sem_chuva": null, "risco_fogo": null, "bioma": "Cerrado", "id_0": 33, "id_1": 50, "id_2": 5002100, "continente_id": 8, "vegetacao": null, "grade_wrs": "226_075", "frp": 2.9}, "bbox": [-56.3231, -21.66599, -56.3231, -21.66599]}, {"type": "Feature", "id": "focos_48h_br_todosats.fid--3bf30ddf_19d555fad35_-39bc", "geometry": {"type": "Point", "coordinates": [-56.97049, -22.18574]}, "geometry_name": "geometria", "properties": {"id_foco_bdq": 1812448131, "foco_id": "1fc955ad-e198-3230-845e-815a1cf9efa7", "longitude": -56.97049, "latitude": -22.18574, "data_hora_gmt": "2026-04-03T05:48:00Z", "data_pas": "2026-04-03", "satelite": "NPP-375D", "municipio": "BELA VISTA", "estado": "MATO GROSSO DO SUL", "pais": "Brasil", "precipitacao": null, "numero_dias_sem_chuva": null, "risco_fogo": null, "bioma": "Cerrado", "id_0": 33, "id_1": 50, "id_2": 5002100, "continente_id": 8, "vegetacao": null, "grade_wrs": "226_075", "frp": 2.5}, "bbox": [-56.97049, -22.18574, -56.97049, -22.18574]}, {"type": "Feature", "id": "focos_48h_br_todosats.fid--3bf30ddf_19d555fad35_-39bb", "geometry": {"type": "Point", "coordinates": [-56.9702, -22.18007]}, "geometry_name": "geometria", "properties": {"id_foco_bdq": 1812445512, "foco_id": "985f4425-23d0-3359-8835-e13281735dda", "longitude": -56.9702, "latitude": -22.18007, "data_hora_gmt": "2026-04-03T05:48:00Z", "data_pas": "2026-04-03", "satelite": "NPP-375D", "municipio": "BELA VISTA", "estado": "MATO GROSSO DO SUL", "pais": "Brasil", "precipitacao": null, "numero_dias_sem_chuva": null, "risco_fogo": null, "bioma": "Cerrado", "id_0": 33, "id_1": 50, "id_2": 5002100, "continente_id": 8, "vegetacao": null, "grade_wrs": "226_075", "frp": 3.4}, "bbox": [-56.9702, -22.18007, -56.9702, -22.18007]}, {"type": "Feature", "id": "focos_48h_br_todosats.fid--3bf30ddf_19d555fad35_-39ba", "geometry": {"type": "Point", "coordinates": [-56.96637, -22.18612]}, "geometry_name": "geometria", "properties": {"id_foco_bdq": 1812447771, "foco_id": "fc9effae-7a27-3df7-8392-87742649e316", "longitude": -56.96637, "latitude": -22.18612, "data_hora_gmt": "2026-04-03T05:48:00Z", "data_pas": "2026-04-03", "satelite": "NPP-375D", "municipio": "BELA VISTA", "estado": "MATO GROSSO DO SUL", "pais": "Brasil", "precipitacao": null, "numero_dias_sem_chuva": null, "risco_fogo": null, "bioma": "Cerrado", "id_0": 33, "id_1": 50, "id_2": 5002100, "continente_id": 8, "vegetacao": null, "grade_wrs": "226_075", "frp": 1.9}, "bbox": [-56.96637, -22.18612, -56.96637, -22.18612]}, {"type": "Feature", "id": "focos_48h_br_todosats.fid--3bf30ddf_19d555fad35_-39b9", "geometry": {"type": "Point", "coordinates": [-54.2658, -30.40426]}, "geometry_name": "geometria", "properties": {"id_foco_bdq": 1812446495, "foco_id": "0d61b72c-7d86-344b-a877-fcf5fa5b06a1", "longitude": -54.2658, "latitude": -30.40426, "data_hora_gmt": "2026-04-03T05:50:00Z", "data_pas": "2026-04-03", "satelite": "NPP-375D", "municipio": "SÃO GABRIEL", "estado": "RIO GRANDE DO SUL", "pais": "Brasil", "precipitacao": null, "numero_dias_sem_chuva": null, "risco_fogo": null, "bioma": "Pampa", "id_0": 33, "id_1": 43, "id_2": 4318309, "continente_id": 8, "vegetacao": null, "grade_wrs": "223_081", "frp": 2.4}, "bbox": [-54.2658, -30.40426, -54.2658, -30.40426]}, {"type": "Feature", "id": "focos_48h_br_todosats.fid--3bf30ddf_19d555fad35_-39b8", "geometry": {"type": "Point", "coordinates": [-60.21194, 2.82308]}, "geometry_name": "geometria", "properties": {"id_foco_bdq": 1812464063, "foco_id": "5fbad2fb-7f46-3e69-a883-b3dc956682d1", "longitude": -60.21194, "latitude": 2.82308, "data_hora_gmt": "2026-04-03T05:59:00Z", "data_pas": "2026-04-03", "satelite": "NOAA-20", "municipio": "BONFIM", "estado": "RORAIMA", "pais": "Brasil", "precipitacao": null, "numero_dias_sem_chuva": null, "risco_fogo": null, "bioma": "Amazônia", "id_0": 33, "id_1": 14, "id_2": 1400159, "continente_id": 8, "vegetacao": null, "grade_wrs": "232_058", "frp": 1.1}, "bbox": [-60.21194, 2.82308, -60.21194, 2.82308]}, {"type": "Feature", "id": "focos_48h_br_todosats.fid--3bf30ddf_19d555fad35_-39b7", "geometry": {"type": "Point", "coordinates": [-61.25753, 2.13063]}, "geometry_name": "geometria", "properties": {"id_foco_bdq": 1812448852, "foco_id": "4158a2cd-bbbb-3c14-8ff0-11c96c29a6f9", "longitude": -61.25753, "latitude": 2.13063, "data_hora_gmt": "2026-04-03T06:01:00Z", "data_pas": "2026-04-03", "satelite": "NOAA-20", "municipio": "IRACEMA", "estado": "RORAIMA", "pais": "Brasil", "precipitacao": null, "numero_dias_sem_chuva": null, "risco_fogo": null, "bioma": "Amazônia", "id_0": 33, "id_1": 14, "id_2": 1400282, "continente_id": 8, "vegetacao": null, "grade_wrs": "232_059", "frp": 2.6}, "bbox": [-61.25753, 2.13063, -61.25753, 2.13063]}, {"type": "Feature", "id": "focos_48h_br_todosats.fid--3bf30ddf_19d555fad35_-39b6", "geometry": {"type": "Point", "coordinates": [-60.65839, 1.30657]}, "geometry_name": "geometria", "properties": {"id_foco_bdq": 1812455281, "foco_id": "578d161f-88ea-35c6-a335-c143d1054676", "longitude": -60.65839, "latitude": 1.30657, "data_hora_gmt": "2026-04-03T06:01:00Z", "data_pas": "2026-04-03", "satelite": "NOAA-20", "municipio": "CARACARAÍ", "estado": "RORAIMA", "pais": "Brasil", "precipitacao": null, "numero_dias_sem_chuva": null, "risco_fogo": null, "bioma": "Amazônia", "id_0": 33, "id_1": 14, "id_2": 1400209, "continente_id": 8, "vegetacao": null, "grade_wrs": "232_059", "frp": 4}, "bbox": [-60.65839, 1.30657, -60.65839, 1.30657]}, {"type": "Feature", "id": "focos_48h_br_todosats.fid--3bf30ddf_19d555fad35_-39b5", "geometry": {"type": "Point", "coordinates": [-61.25283, 2.12986]}, "geometry_name": "geometria", "properties": {"id_foco_bdq": 1812461008, "foco_id": "27d82c02-239a-379f-a59e-84acfa9e7b8b", "longitude": -61.25283, "latitude": 2.12986, "data_hora_gmt": "2026-04-03T06:01:00Z", "data_pas": "2026-04-03", "satelite": "NOAA-20", "municipio": "IRACEMA", "estado": "RORAIMA", "pais": "Brasil", "precipitacao": null, "numero_dias_sem_chuva": null, "risco_fogo": null, "bioma": "Amazônia", "id_0": 33, "id_1": 14, "id_2": 1400282, "continente_id": 8, "vegetacao": null, "grade_wrs": "232_059", "frp": 2.8}, "bbox": [-61.25283, 2.12986, -61.25283, 2.12986]}, {"type": "Feature", "id": "focos_48h_br_todosats.fid--3bf30ddf_19d555fad35_-39b4", "geometry": {"type": "Point", "coordinates": [-60.65915, 1.30172]}, "geometry_name": "geometria", "properties": {"id_foco_bdq": 1812461810, "foco_id": "0c332911-bc9a-37c1-80bd-6f62ff8bbf6b", "longitude": -60.65915, "latitude": 1.30172, "data_hora_gmt": "2026-04-03T06:01:00Z", "data_pas": "2026-04-03", "satelite": "NOAA-20", "municipio": "CARACARAÍ", "estado": "RORAIMA", "pais": "Brasil", "precipitacao": null, "numero_dias_sem_chuva": null, "risco_fogo": null, "bioma": "Amazônia", "id_0": 33, "id_1": 14, "id_2": 1400209, "continente_id": 8, "vegetacao": null, "grade_wrs": "232_059", "frp": 2.3}, "bbox": [-60.65915, 1.30172, -60.65915, 1.30172]}, {"type": "Feature", "id": "focos_48h_br_todosats.fid--3bf30ddf_19d555fad35_-39b3", "geometry": {"type": "Point", "coordinates": [-61.22032, 2.11982]}, "geometry_name": "geometria", "properties": {"id_foco_bdq": 1812463505, "foco_id": "369aa6b5-9d77-3336-b2d1-d589c0f36d10", "longitude": -61.22032, "latitude": 2.11982, "data_hora_gmt": "2026-04-03T06:01:00Z", "data_pas": "2026-04-03", "satelite": "NOAA-20", "municipio": "IRACEMA", "estado": "RORAIMA", "pais": "Brasil", "precipitacao": null, "numero_dias_sem_chuva": null, "risco_fogo": null, "bioma": "Amazônia", "id_0": 33, "id_1": 14, "id_2": 1400282, "continente_id": 8, "vegetacao": null, "grade_wrs": "232_059", "frp": 2.2}, "bbox": [-61.22032, 2.11982, -61.22032, 2.11982]}, {"type": "Feature", "id": "focos_48h_br_todosats.fid--3bf30ddf_19d555fad35_-39b2", "geometry": {"type": "Point", "coordinates": [-59.19712, -9.4604]}, "geometry_name": "geometria", "properties": {"id_foco_bdq": 1812461208, "foco_id": "769aa423-91d4-3fc9-8e34-81cd259480a1", "longitude": -59.19712, "latitude": -9.4604, "data_hora_gmt": "2026-04-03T06:03:00Z", "data_pas": "2026-04-03", "satelite": "NOAA-20", "municipio": "COLNIZA", "estado": "MATO GROSSO", "pais": "Brasil", "precipitacao": null, "numero_dias_sem_chuva": null, "risco_fogo": null, "bioma": "Amazônia", "id_0": 33, "id_1": 51, "id_2": 5103254, "continente_id": 8, "vegetacao": null, "grade_wrs": "229_067", "frp": 3.2}, "bbox": [-59.19712, -9.4604, -59.19712, -9.4604]}, {"type": "Feature", "id": "focos_48h_br_todosats.fid--3bf30ddf_19d555fad35_-39b1", "geometry": {"type": "Point", "coordinates": [-59.19212, -9.46105]}, "geometry_name": "geometria", "properties": {"id_foco_bdq": 1812450923, "foco_id": "5909b58a-0d27-3e69-81f6-27fdc9dfbaef", "longitude": -59.19212, "latitude": -9.46105, "data_hora_gmt": "2026-04-03T06:03:00Z", "data_pas": "2026-04-03", "satelite": "NOAA-20", "municipio": "COLNIZA", "estado": "MATO GROSSO", "pais": "Brasil", "precipitacao": null, "numero_dias_sem_chuva": null, "risco_fogo": null, "bioma": "Amazônia", "id_0": 33, "id_1": 51, "id_2": 5103254, "continente_id": 8, "vegetacao": null, "grade_wrs": "229_067", "frp": 3.2}, "bbox": [-59.19212, -9.46105, -59.19212, -9.46105]}, {"type": "Feature", "id": "focos_48h_br_todosats.fid--3bf30ddf_19d555fad35_-39b0", "geometry": {"type": "Point", "coordinates": [-59.19605, -9.45808]}, "geometry_name": "geometria", "properties": {"id_foco_bdq": 1812460315, "foco_id": "d7369164-3eea-3286-9cd1-f8fc0008a0d1", "longitude": -59.19605, "latitude": -9.45808, "data_hora_gmt": "2026-04-03T06:03:00Z", "data_pas": "2026-04-03", "satelite": "NOAA-20", "municipio": "COLNIZA", "estado": "MATO GROSSO", "pais": "Brasil", "precipitacao": null, "numero_dias_sem_chuva": null, "risco_fogo": null, "bioma": "Amazônia", "id_0": 33, "id_1": 51, "id_2": 5103254, "continente_id": 8, "vegetacao": null, "grade_wrs": "229_067", "frp": 5}, "bbox": [-59.19605, -9.45808, -59.19605, -9.45808]}, {"type": "Feature", "id": "focos_48h_br_todosats.fid--3bf30ddf_19d555fad35_-39af", "geometry": {"type": "Point", "coordinates": [-56.96609, -22.17876]}, "geometry_name": "geometria", "properties": {"id_foco_bdq": 1812446207, "foco_id": "5c549b73-7709-31be-be55-b8ed36c10cb6", "longitude": -56.96609, "latitude": -22.17876, "data_hora_gmt": "2026-04-03T06:44:00Z", "data_pas": "2026-04-03", "satelite": "AQUA_M-M", "municipio": "BELA VISTA", "estado": "MATO GROSSO DO SUL", "pais": "Brasil", "precipitacao": null, "numero_dias_sem_chuva": null, "risco_fogo": null, "bioma": "Cerrado", "id_0": 33, "id_1": 50, "id_2": 5002100, "continente_id": 8, "vegetacao": null, "grade_wrs": "226_075", "frp": 10.4}, "bbox": [-56.96609, -22.17876, -56.96609, -22.17876]}, {"type": "Feature", "id": "focos_48h_br_todosats.fid--3bf30ddf_19d555fad35_-39ae", "geometry": {"type": "Point", "coordinates": [-52.6805, -23.02352]}, "geometry_name": "geometria", "properties": {"id_foco_bdq": 1812448309, "foco_id": "bdbc2a5d-9be3-335a-a0e4-3ce5762a3a3f", "longitude": -52.6805, "latitude": -23.02352, "data_hora_gmt": "2026-04-03T06:44:00Z", "data_pas": "2026-04-03", "satelite": "AQUA_M-M", "municipio": "PARANAVAÍ", "estado": "PARANÁ", "pais": "Brasil", "precipitacao": null, "numero_dias_sem_chuva": null, "risco_fogo": null, "bioma": "Mata Atlântica", "id_0": 33, "id_1": 41, "id_2": 4118402, "continente_id": 8, "vegetacao": null, "grade_wrs": "223_076", "frp": 5.4}, "bbox": [-52.6805, -23.02352, -52.6805, -23.02352]}, {"type": "Feature", "id": "focos_48h_br_todosats.fid--3bf30ddf_19d555fad35_-39ad", "geometry": {"type": "Point", "coordinates": [-45.10784, -12.05968]}, "geometry_name": "geometria", "properties": {"id_foco_bdq": 1812494548, "foco_id": "d903b569-77a2-393d-bb7a-dd404656ed81", "longitude": -45.10784, "latitude": -12.05968, "data_hora_gmt": "2026-04-03T11:06:00Z", "data_pas": "2026-04-03", "satelite": "TERRA_M-M", "municipio": "BARREIRAS", "estado": "BAHIA", "pais": "Brasil", "precipitacao": null, "numero_dias_sem_chuva": null, "risco_fogo": null, "bioma": "Cerrado", "id_0": 33, "id_1": 29, "id_2": 2903201, "continente_id": 8, "vegetacao": null, "grade_wrs": "220_068", "frp": 35.1}, "bbox": [-45.10784, -12.05968, -45.10784, -12.05968]}, {"type": "Feature", "id": "focos_48h_br_todosats.fid--3bf30ddf_19d555fad35_-39ac", "geometry": {"type": "Point", "coordinates": [-45.09998, -12.05978]}, "geometry_name": "geometria", "properties": {"id_foco_bdq": 1812493652, "foco_id": "662e062a-3010-3fb2-9359-06bb2e60a999", "longitude": -45.09998, "latitude": -12.05978, "data_hora_gmt": "2026-04-03T11:06:00Z", "data_pas": "2026-04-03", "satelite": "TERRA_M-M", "municipio": "BARREIRAS", "estado": "BAHIA", "pais": "Brasil", "precipitacao": null, "numero_dias_sem_chuva": null, "risco_fogo": null, "bioma": "Cerrado", "id_0": 33, "id_1": 29, "id_2": 2903201, "continente_id": 8, "vegetacao": null, "grade_wrs": "220_068", "frp": 52.6}, "bbox": [-45.09998, -12.05978, -45.09998, -12.05978]}, {"type": "Feature", "id": "focos_48h_br_todosats.fid--3bf30ddf_19d555fad35_-39ab", "geometry": {"type": "Point", "coordinates": [-39.96421, -18.92852]}, "geometry_name": "geometria", "properties": {"id_foco_bdq": 1812494539, "foco_id": "6792348b-eb2c-3118-8a4f-a855c90d8ffe", "longitude": -39.96421, "latitude": -18.92852, "data_hora_gmt": "2026-04-03T11:08:00Z", "data_pas": "2026-04-03", "satelite": "TERRA_M-M", "municipio": "JAGUARÉ", "estado": "ESPÍRITO SANTO", "pais": "Brasil", "precipitacao": null, "numero_dias_sem_chuva": null, "risco_fogo": null, "bioma": "Mata Atlântica", "id_0": 33, "id_1": 32, "id_2": 3203056, "continente_id": 8, "vegetacao": null, "grade_wrs": "215_073", "frp": 6.4}, "bbox": [-39.96421, -18.92852, -39.96421, -18.92852]}, {"type": "Feature", "id": "focos_48h_br_todosats.fid--3bf30ddf_19d555fad35_-39aa", "geometry": {"type": "Point", "coordinates": [-59.19175, -9.46627]}, "geometry_name": "geometria", "properties": {"id_foco_bdq": 1812496618, "foco_id": "a094dc6f-3530-3119-b24e-915cb27b401f", "longitude": -59.19175, "latitude": -9.46627, "data_hora_gmt": "2026-04-03T12:44:00Z", "data_pas": "2026-04-03", "satelite": "TERRA_M-T", "municipio": "COLNIZA", "estado": "MATO GROSSO", "pais": "Brasil", "precipitacao": null, "numero_dias_sem_chuva": null, "risco_fogo": null, "bioma": "Amazônia", "id_0": 33, "id_1": 51, "id_2": 5103254, "continente_id": 8, "vegetacao": null, "grade_wrs": "229_067", "frp": 8.2}, "bbox": [-59.19175, -9.46627, -59.19175, -9.46627]}, {"type": "Feature", "id": "focos_48h_br_todosats.fid--3bf30ddf_19d555fad35_-39a9", "geometry": {"type": "Point", "coordinates": [-55.93452, -9.4599]}, "geometry_name": "geometria", "properties": {"id_foco_bdq": 1812496000, "foco_id": "c00f5f66-b6ae-30f8-913f-dd2d8ec4a0e3", "longitude": -55.93452, "latitude": -9.4599, "data_hora_gmt": "2026-04-03T12:44:00Z", "data_pas": "2026-04-03", "satelite": "TERRA_M-T", "municipio": "ALTA FLORESTA", "estado": "MATO GROSSO", "pais": "Brasil", "precipitacao": null, "numero_dias_sem_chuva": null, "risco_fogo": null, "bioma": "Amazônia", "id_0": 33, "id_1": 51, "id_2": 5100250, "continente_id": 8, "vegetacao": null, "grade_wrs": "227_067", "frp": 8.3}, "bbox": [-55.93452, -9.4599, -55.93452, -9.4599]}, {"type": "Feature", "id": "focos_48h_br_todosats.fid--3bf30ddf_19d555fad35_-39a8", "geometry": {"type": "Point", "coordinates": [-54.72731, -18.49224]}, "geometry_name": "geometria", "properties": {"id_foco_bdq": 1812498847, "foco_id": "b36c6604-6bd5-369d-b967-54da310f142f", "longitude": -54.72731, "latitude": -18.49224, "data_hora_gmt": "2026-04-03T12:46:00Z", "data_pas": "2026-04-03", "satelite": "TERRA_M-T", "municipio": "COXIM", "estado": "MATO GROSSO DO SUL", "pais": "Brasil", "precipitacao": null, "numero_dias_sem_chuva": null, "risco_fogo": null, "bioma": "Cerrado", "id_0": 33, "id_1": 50, "id_2": 5003306, "continente_id": 8, "vegetacao": null, "grade_wrs": "225_073", "frp": 13.6}, "bbox": [-54.72731, -18.49224, -54.72731, -18.49224]}, {"type": "Feature", "id": "focos_48h_br_todosats.fid--3bf30ddf_19d555fad35_-39a7", "geometry": {"type": "Point", "coordinates": [-56.38906, -29.15822]}, "geometry_name": "geometria", "properties": {"id_foco_bdq": 1812497592, "foco_id": "9ea46cb4-fcde-38d1-b9ca-dbbce0228a5b", "longitude": -56.38906, "latitude": -29.15822, "data_hora_gmt": "2026-04-03T12:49:00Z", "data_pas": "2026-04-03", "satelite": "TERRA_M-T", "municipio": "ITAQUI", "estado": "RIO GRANDE DO SUL", "pais": "Brasil", "precipitacao": null, "numero_dias_sem_chuva": null, "risco_fogo": null, "bioma": "Pampa", "id_0": 33, "id_1": 43, "id_2": 4310603, "continente_id": 8, "vegetacao": null, "grade_wrs": "224_080", "frp": 11.5}, "bbox": [-56.38906, -29.15822, -56.38906, -29.15822]}, {"type": "Feature", "id": "focos_48h_br_todosats.fid--3bf30ddf_19d555fad35_-39a6", "geometry": {"type": "Point", "coordinates": [-55.52926, -20.52578]}, "geometry_name": "geometria", "properties": {"id_foco_bdq": 1812495879, "foco_id": "d8c3d06c-6f87-38e0-a1ba-fa38781c3f2f", "longitude": -55.52926, "latitude": -20.52578, "data_hora_gmt": "2026-04-03T12:49:00Z", "data_pas": "2026-04-03", "satelite": "TERRA_M-T", "municipio": "DOIS IRMÃOS DO BURITI", "estado": "MATO GROSSO DO SUL", "pais": "Brasil", "precipitacao": null, "numero_dias_sem_chuva": null, "risco_fogo": null, "bioma": "Cerrado", "id_0": 33, "id_1": 50, "id_2": 5003488, "continente_id": 8, "vegetacao": null, "grade_wrs": "225_074", "frp": 9.6}, "bbox": [-55.52926, -20.52578, -55.52926, -20.52578]}, {"type": "Feature", "id": "focos_48h_br_todosats.fid--3bf30ddf_19d555fad35_-39a5", "geometry": {"type": "Point", "coordinates": [-40.27559, -19.4811]}, "geometry_name": "geometria", "properties": {"id_foco_bdq": 1812519907, "foco_id": "522b5d57-5195-3e82-8a2d-4809571a85a9", "longitude": -40.27559, "latitude": -19.4811, "data_hora_gmt": "2026-04-03T16:03:00Z", "data_pas": "2026-04-03", "satelite": "NOAA-21", "municipio": "LINHARES", "estado": "ESPÍRITO SANTO", "pais": "Brasil", "precipitacao": null, "numero_dias_sem_chuva": null, "risco_fogo": null, "bioma": "Mata Atlântica", "id_0": 33, "id_1": 32, "id_2": 3203205, "continente_id": 8, "vegetacao": null, "grade_wrs": "216_073", "frp": 5.7}, "bbox": [-40.27559, -19.4811, -40.27559, -19.4811]}, {"type": "Feature", "id": "focos_48h_br_todosats.fid--3bf30ddf_19d555fad35_-39a4", "geometry": {"type": "Point", "coordinates": [-49.13979, -24.58295]}, "geometry_name": "geometria", "properties": {"id_foco_bdq": 1812519909, "foco_id": "2d8eb2ed-b9f4-34a0-a674-953b798dac23", "longitude": -49.13979, "latitude": -24.58295, "data_hora_gmt": "2026-04-03T16:03:00Z", "data_pas": "2026-04-03", "satelite": "NOAA-21", "municipio": "ITAPIRAPUÃ PAULISTA", "estado": "SÃO PAULO", "pais": "Brasil", "precipitacao": null, "numero_dias_sem_chuva": null, "risco_fogo": null, "bioma": "Mata Atlântica", "id_0": 33, "id_1": 35, "id_2": 3522653, "continente_id": 8, "vegetacao": null, "grade_wrs": "220_077", "frp": 4.5}, "bbox": [-49.13979, -24.58295, -49.13979, -24.58295]}, {"type": "Feature", "id": "focos_48h_br_todosats.fid--3bf30ddf_19d555fad35_-39a3", "geometry": {"type": "Point", "coordinates": [-37.54409, -11.66276]}, "geometry_name": "geometria", "properties": {"id_foco_bdq": 1812519943, "foco_id": "fb7cb7d6-fee9-3fe1-b1f5-4e2a51f9d0a8", "longitude": -37.54409, "latitude": -11.66276, "data_hora_gmt": "2026-04-03T16:05:00Z", "data_pas": "2026-04-03", "satelite": "NOAA-21", "municipio": "JANDAÍRA", "estado": "BAHIA", "pais": "Brasil", "precipitacao": null, "numero_dias_sem_chuva": null, "risco_fogo": null, "bioma": "Mata Atlântica", "id_0": 33, "id_1": 29, "id_2": 2917904, "continente_id": 8, "vegetacao": null, "grade_wrs": "215_068", "frp": 0.3}, "bbox": [-37.54409, -11.66276, -37.54409, -11.66276]}, {"type": "Feature", "id": "focos_48h_br_todosats.fid--3bf30ddf_19d555fad35_-39a2", "geometry": {"type": "Point", "coordinates": [-50.12719, -1.6186]}, "geometry_name": "geometria", "properties": {"id_foco_bdq": 1812519987, "foco_id": "fe7a9062-1e1c-3c8e-9268-12b114ddbae7", "longitude": -50.12719, "latitude": -1.6186, "data_hora_gmt": "2026-04-03T16:09:00Z", "data_pas": "2026-04-03", "satelite": "NOAA-21", "municipio": "CURRALINHO", "estado": "PARÁ", "pais": "Brasil", "precipitacao": null, "numero_dias_sem_chuva": null, "risco_fogo": null, "bioma": "Amazônia", "id_0": 33, "id_1": 15, "id_2": 1502806, "continente_id": 8, "vegetacao": null, "grade_wrs": "224_061", "frp": 0.7}, "bbox": [-50.12719, -1.6186, -50.12719, -1.6186]}, {"type": "Feature", "id": "focos_48h_br_todosats.fid--3bf30ddf_19d555fad35_-39a1", "geometry": {"type": "Point", "coordinates": [-51.48562, -30.51129]}, "geometry_name": "geometria", "properties": {"id_foco_bdq": 1812521902, "foco_id": "687bbf8c-c0a3-354d-ab35-a31a9c21f948", "longitude": -51.48562, "latitude": -30.51129, "data_hora_gmt": "2026-04-03T16:33:00Z", "data_pas": "2026-04-03", "satelite": "NPP-375", "municipio": "TAPES", "estado": "RIO GRANDE DO SUL", "pais": "Brasil", "precipitacao": null, "numero_dias_sem_chuva": null, "risco_fogo": null, "bioma": "Pampa", "id_0": 33, "id_1": 43, "id_2": 4321105, "continente_id": 8, "vegetacao": null, "grade_wrs": "221_081", "frp": 5.2}, "bbox": [-51.48562, -30.51129, -51.48562, -30.51129]}, {"type": "Feature", "id": "focos_48h_br_todosats.fid--3bf30ddf_19d555fad35_-39a0", "geometry": {"type": "Point", "coordinates": [-51.48437, -30.51161]}, "geometry_name": "geometria", "properties": {"id_foco_bdq": 1812522777, "foco_id": "d1b8bbe3-0f35-39e7-8f34-068438291766", "longitude": -51.48437, "latitude": -30.51161, "data_hora_gmt": "2026-04-03T16:33:00Z", "data_pas": "2026-04-03", "satelite": "NPP-375", "municipio": "TAPES", "estado": "RIO GRANDE DO SUL", "pais": "Brasil", "precipitacao": null, "numero_dias_sem_chuva": null, "risco_fogo": null, "bioma": "Pampa", "id_0": 33, "id_1": 43, "id_2": 4321105, "continente_id": 8, "vegetacao": null, "grade_wrs": "221_081", "frp": 5}, "bbox": [-51.48437, -30.51161, -51.48437, -30.51161]}, {"type": "Feature", "id": "focos_48h_br_todosats.fid--3bf30ddf_19d555fad35_-399f", "geometry": {"type": "Point", "coordinates": [-43.36544, -15.77996]}, "geometry_name": "geometria", "properties": {"id_foco_bdq": 1812522742, "foco_id": "ffa054f2-849e-3a78-8594-403e6ad3c411", "longitude": -43.36544, "latitude": -15.77996, "data_hora_gmt": "2026-04-03T16:35:00Z", "data_pas": "2026-04-03", "satelite": "NPP-375", "municipio": "JANAÚBA", "estado": "MINAS GERAIS", "pais": "Brasil", "precipitacao": null, "numero_dias_sem_chuva": null, "risco_fogo": null, "bioma": "Cerrado", "id_0": 33, "id_1": 31, "id_2": 3135100, "continente_id": 8, "vegetacao": null, "grade_wrs": "218_071", "frp": 3.7}, "bbox": [-43.36544, -15.77996, -43.36544, -15.77996]}, {"type": "Feature", "id": "focos_48h_br_todosats.fid--3bf30ddf_19d555fad35_-399e", "geometry": {"type": "Point", "coordinates": [-49.91983, -27.86065]}, "geometry_name": "geometria", "properties": {"id_foco_bdq": 1812521670, "foco_id": "c6e050e6-a0af-342a-ab1f-cd9c830b893a", "longitude": -49.91983, "latitude": -27.86065, "data_hora_gmt": "2026-04-03T16:35:00Z", "data_pas": "2026-04-03", "satelite": "NPP-375", "municipio": "PAINEL", "estado": "SANTA CATARINA", "pais": "Brasil", "precipitacao": null, "numero_dias_sem_chuva": null, "risco_fogo": null, "bioma": "Mata Atlântica", "id_0": 33, "id_1": 42, "id_2": 4211892, "continente_id": 8, "vegetacao": null, "grade_wrs": "220_079", "frp": 2}, "bbox": [-49.91983, -27.86065, -49.91983, -27.86065]}, {"type": "Feature", "id": "focos_48h_br_todosats.fid--3bf30ddf_19d555fad35_-399d", "geometry": {"type": "Point", "coordinates": [-50.94875, -18.68255]}, "geometry_name": "geometria", "properties": {"id_foco_bdq": 1812521206, "foco_id": "5a594420-cf9e-3de7-ab2d-50218a41a881", "longitude": -50.94875, "latitude": -18.68255, "data_hora_gmt": "2026-04-03T16:35:00Z", "data_pas": "2026-04-03", "satelite": "NPP-375", "municipio": "CACHOEIRA ALTA", "estado": "GOIÁS", "pais": "Brasil", "precipitacao": null, "numero_dias_sem_chuva": null, "risco_fogo": null, "bioma": "Cerrado", "id_0": 33, "id_1": 52, "id_2": 5204102, "continente_id": 8, "vegetacao": null, "grade_wrs": "223_073", "frp": 12.3}, "bbox": [-50.94875, -18.68255, -50.94875, -18.68255]}, {"type": "Feature", "id": "focos_48h_br_todosats.fid--3bf30ddf_19d555fad35_-399c", "geometry": {"type": "Point", "coordinates": [-49.13955, -24.58537]}, "geometry_name": "geometria", "properties": {"id_foco_bdq": 1812522502, "foco_id": "70f3608a-cccd-3e0d-a838-0295ab6eed84", "longitude": -49.13955, "latitude": -24.58537, "data_hora_gmt": "2026-04-03T16:35:00Z", "data_pas": "2026-04-03", "satelite": "NPP-375", "municipio": "ITAPIRAPUÃ PAULISTA", "estado": "SÃO PAULO", "pais": "Brasil", "precipitacao": null, "numero_dias_sem_chuva": null, "risco_fogo": null, "bioma": "Mata Atlântica", "id_0": 33, "id_1": 35, "id_2": 3522653, "continente_id": 8, "vegetacao": null, "grade_wrs": "220_077", "frp": 5.6}, "bbox": [-49.13955, -24.58537, -49.13955, -24.58537]}, {"type": "Feature", "id": "focos_48h_br_todosats.fid--3bf30ddf_19d555fad35_-399b", "geometry": {"type": "Point", "coordinates": [-49.31794, -22.65005]}, "geometry_name": "geometria", "properties": {"id_foco_bdq": 1812522055, "foco_id": "130f6f33-588a-3f18-b057-2c24093b44e9", "longitude": -49.31794, "latitude": -22.65005, "data_hora_gmt": "2026-04-03T16:35:00Z", "data_pas": "2026-04-03", "satelite": "NPP-375", "municipio": "AGUDOS", "estado": "SÃO PAULO", "pais": "Brasil", "precipitacao": null, "numero_dias_sem_chuva": null, "risco_fogo": null, "bioma": "Cerrado", "id_0": 33, "id_1": 35, "id_2": 3500709, "continente_id": 8, "vegetacao": null, "grade_wrs": "221_076", "frp": 2.3}, "bbox": [-49.31794, -22.65005, -49.31794, -22.65005]}, {"type": "Feature", "id": "focos_48h_br_todosats.fid--3bf30ddf_19d555fad35_-399a", "geometry": {"type": "Point", "coordinates": [-50.94581, -18.68002]}, "geometry_name": "geometria", "properties": {"id_foco_bdq": 1812521996, "foco_id": "ef52db88-d8e9-3b30-8fbd-faa668dff4d8", "longitude": -50.94581, "latitude": -18.68002, "data_hora_gmt": "2026-04-03T16:35:00Z", "data_pas": "2026-04-03", "satelite": "NPP-375", "municipio": "CACHOEIRA ALTA", "estado": "GOIÁS", "pais": "Brasil", "precipitacao": null, "numero_dias_sem_chuva": null, "risco_fogo": null, "bioma": "Cerrado", "id_0": 33, "id_1": 52, "id_2": 5204102, "continente_id": 8, "vegetacao": null, "grade_wrs": "223_073", "frp": 12.6}, "bbox": [-50.94581, -18.68002, -50.94581, -18.68002]}, {"type": "Feature", "id": "focos_48h_br_todosats.fid--3bf30ddf_19d555fad35_-3999", "geometry": {"type": "Point", "coordinates": [-52.60326, -11.08548]}, "geometry_name": "geometria", "properties": {"id_foco_bdq": 1812521431, "foco_id": "82e03566-0f9c-327f-b794-75492a877bf4", "longitude": -52.60326, "latitude": -11.08548, "data_hora_gmt": "2026-04-03T16:37:00Z", "data_pas": "2026-04-03", "satelite": "NPP-375", "municipio": "SÃO FÉLIX DO ARAGUAIA", "estado": "MATO GROSSO", "pais": "Brasil", "precipitacao": null, "numero_dias_sem_chuva": null, "risco_fogo": null, "bioma": "Amazônia", "id_0": 33, "id_1": 51, "id_2": 5107859, "continente_id": 8, "vegetacao": null, "grade_wrs": "225_068", "frp": 16.5}, "bbox": [-52.60326, -11.08548, -52.60326, -11.08548]}, {"type": "Feature", "id": "focos_48h_br_todosats.fid--3bf30ddf_19d555fad35_-3998", "geometry": {"type": "Point", "coordinates": [-54.19294, -12.41282]}, "geometry_name": "geometria", "properties": {"id_foco_bdq": 1812522159, "foco_id": "2e5f0b50-0631-34e8-a53a-e60d6868538b", "longitude": -54.19294, "latitude": -12.41282, "data_hora_gmt": "2026-04-03T16:37:00Z", "data_pas": "2026-04-03", "satelite": "NPP-375", "municipio": "NOVA UBIRATÃ", "estado": "MATO GROSSO", "pais": "Brasil", "precipitacao": null, "numero_dias_sem_chuva": null, "risco_fogo": null, "bioma": "Amazônia", "id_0": 33, "id_1": 51, "id_2": 5106240, "continente_id": 8, "vegetacao": null, "grade_wrs": "226_069", "frp": 3.4}, "bbox": [-54.19294, -12.41282, -54.19294, -12.41282]}, {"type": "Feature", "id": "focos_48h_br_todosats.fid--3bf30ddf_19d555fad35_-3997", "geometry": {"type": "Point", "coordinates": [-52.61505, -11.08204]}, "geometry_name": "geometria", "properties": {"id_foco_bdq": 1812522116, "foco_id": "26c7a04a-68cd-32e3-941f-f37ab8f0dc69", "longitude": -52.61505, "latitude": -11.08204, "data_hora_gmt": "2026-04-03T16:37:00Z", "data_pas": "2026-04-03", "satelite": "NPP-375", "municipio": "SÃO FÉLIX DO ARAGUAIA", "estado": "MATO GROSSO", "pais": "Brasil", "precipitacao": null, "numero_dias_sem_chuva": null, "risco_fogo": null, "bioma": "Amazônia", "id_0": 33, "id_1": 51, "id_2": 5107859, "continente_id": 8, "vegetacao": null, "grade_wrs": "225_068", "frp": 9.9}, "bbox": [-52.61505, -11.08204, -52.61505, -11.08204]}, {"type": "Feature", "id": "focos_48h_br_todosats.fid--3bf30ddf_19d555fad35_-3996", "geometry": {"type": "Point", "coordinates": [-52.6026, -11.09039]}, "geometry_name": "geometria", "properties": {"id_foco_bdq": 1812522643, "foco_id": "eae34e86-2a0c-3c65-ad27-c7e506f94b11", "longitude": -52.6026, "latitude": -11.09039, "data_hora_gmt": "2026-04-03T16:37:00Z", "data_pas": "2026-04-03", "satelite": "NPP-375", "municipio": "SÃO FÉLIX DO ARAGUAIA", "estado": "MATO GROSSO", "pais": "Brasil", "precipitacao": null, "numero_dias_sem_chuva": null, "risco_fogo": null, "bioma": "Amazônia", "id_0": 33, "id_1": 51, "id_2": 5107859, "continente_id": 8, "vegetacao": null, "grade_wrs": "225_068", "frp": 9.5}, "bbox": [-52.6026, -11.09039, -52.6026, -11.09039]}, {"type": "Feature", "id": "focos_48h_br_todosats.fid--3bf30ddf_19d555fad35_-3995", "geometry": {"type": "Point", "coordinates": [-40.27169, -19.47955]}, "geometry_name": "geometria", "properties": {"id_foco_bdq": 1812522605, "foco_id": "3ff5b40b-bc01-3ca0-8bdc-b9fcaf2b6798", "longitude": -40.27169, "latitude": -19.47955, "data_hora_gmt": "2026-04-03T16:37:00Z", "data_pas": "2026-04-03", "satelite": "NPP-375", "municipio": "LINHARES", "estado": "ESPÍRITO SANTO", "pais": "Brasil", "precipitacao": null, "numero_dias_sem_chuva": null, "risco_fogo": null, "bioma": "Mata Atlântica", "id_0": 33, "id_1": 32, "id_2": 3203205, "continente_id": 8, "vegetacao": null, "grade_wrs": "216_073", "frp": 3.6}, "bbox": [-40.27169, -19.47955, -40.27169, -19.47955]}, {"type": "Feature", "id": "focos_48h_br_todosats.fid--3bf30ddf_19d555fad35_-3994", "geometry": {"type": "Point", "coordinates": [-41.90155, -18.83981]}, "geometry_name": "geometria", "properties": {"id_foco_bdq": 1812522010, "foco_id": "1780c86f-80dc-38bd-8c79-3195f1a3072d", "longitude": -41.90155, "latitude": -18.83981, "data_hora_gmt": "2026-04-03T16:37:00Z", "data_pas": "2026-04-03", "satelite": "NPP-375", "municipio": "GOVERNADOR VALADARES", "estado": "MINAS GERAIS", "pais": "Brasil", "precipitacao": null, "numero_dias_sem_chuva": null, "risco_fogo": null, "bioma": "Mata Atlântica", "id_0": 33, "id_1": 31, "id_2": 3127701, "continente_id": 8, "vegetacao": null, "grade_wrs": "217_073", "frp": 3.5}, "bbox": [-41.90155, -18.83981, -41.90155, -18.83981]}, {"type": "Feature", "id": "focos_48h_br_todosats.fid--3bf30ddf_19d555fad35_-3993", "geometry": {"type": "Point", "coordinates": [-53.14211, -1.31945]}, "geometry_name": "geometria", "properties": {"id_foco_bdq": 1812520959, "foco_id": "5a5e3842-8ece-31cd-ab9c-1c37abde57c2", "longitude": -53.14211, "latitude": -1.31945, "data_hora_gmt": "2026-04-03T16:39:00Z", "data_pas": "2026-04-03", "satelite": "NPP-375", "municipio": "ALMEIRIM", "estado": "PARÁ", "pais": "Brasil", "precipitacao": null, "numero_dias_sem_chuva": null, "risco_fogo": null, "bioma": "Amazônia", "id_0": 33, "id_1": 15, "id_2": 1500503, "continente_id": 8, "vegetacao": null, "grade_wrs": "226_061", "frp": 3.8}, "bbox": [-53.14211, -1.31945, -53.14211, -1.31945]}, {"type": "Feature", "id": "focos_48h_br_todosats.fid--3bf30ddf_19d555fad35_-3992", "geometry": {"type": "Point", "coordinates": [-53.13299, -1.32259]}, "geometry_name": "geometria", "properties": {"id_foco_bdq": 1812521150, "foco_id": "066132e0-ce5b-3291-9a90-f4e94e8799ed", "longitude": -53.13299, "latitude": -1.32259, "data_hora_gmt": "2026-04-03T16:39:00Z", "data_pas": "2026-04-03", "satelite": "NPP-375", "municipio": "ALMEIRIM", "estado": "PARÁ", "pais": "Brasil", "precipitacao": null, "numero_dias_sem_chuva": null, "risco_fogo": null, "bioma": "Amazônia", "id_0": 33, "id_1": 15, "id_2": 1500503, "continente_id": 8, "vegetacao": null, "grade_wrs": "226_061", "frp": 7.8}, "bbox": [-53.13299, -1.32259, -53.13299, -1.32259]}, {"type": "Feature", "id": "focos_48h_br_todosats.fid--3bf30ddf_19d555fad35_-3991", "geometry": {"type": "Point", "coordinates": [-53.13522, -1.32283]}, "geometry_name": "geometria", "properties": {"id_foco_bdq": 1812521181, "foco_id": "3d585611-b927-35ac-8312-ed7ecce9050d", "longitude": -53.13522, "latitude": -1.32283, "data_hora_gmt": "2026-04-03T16:39:00Z", "data_pas": "2026-04-03", "satelite": "NPP-375", "municipio": "ALMEIRIM", "estado": "PARÁ", "pais": "Brasil", "precipitacao": null, "numero_dias_sem_chuva": null, "risco_fogo": null, "bioma": "Amazônia", "id_0": 33, "id_1": 15, "id_2": 1500503, "continente_id": 8, "vegetacao": null, "grade_wrs": "226_061", "frp": 3.6}, "bbox": [-53.13522, -1.32283, -53.13522, -1.32283]}, {"type": "Feature", "id": "focos_48h_br_todosats.fid--3bf30ddf_19d555fad35_-3990", "geometry": {"type": "Point", "coordinates": [-53.13368, -1.31821]}, "geometry_name": "geometria", "properties": {"id_foco_bdq": 1812522554, "foco_id": "c072d3d6-674e-307c-8a24-a586774e78d6", "longitude": -53.13368, "latitude": -1.31821, "data_hora_gmt": "2026-04-03T16:39:00Z", "data_pas": "2026-04-03", "satelite": "NPP-375", "municipio": "ALMEIRIM", "estado": "PARÁ", "pais": "Brasil", "precipitacao": null, "numero_dias_sem_chuva": null, "risco_fogo": null, "bioma": "Amazônia", "id_0": 33, "id_1": 15, "id_2": 1500503, "continente_id": 8, "vegetacao": null, "grade_wrs": "226_061", "frp": 7.8}, "bbox": [-53.13368, -1.31821, -53.13368, -1.31821]}, {"type": "Feature", "id": "focos_48h_br_todosats.fid--3bf30ddf_19d555fad35_-398f", "geometry": {"type": "Point", "coordinates": [-53.14639, -1.32009]}, "geometry_name": "geometria", "properties": {"id_foco_bdq": 1812521900, "foco_id": "b8da0cf2-714b-3ef4-b1b1-605f7891dcf2", "longitude": -53.14639, "latitude": -1.32009, "data_hora_gmt": "2026-04-03T16:39:00Z", "data_pas": "2026-04-03", "satelite": "NPP-375", "municipio": "ALMEIRIM", "estado": "PARÁ", "pais": "Brasil", "precipitacao": null, "numero_dias_sem_chuva": null, "risco_fogo": null, "bioma": "Amazônia", "id_0": 33, "id_1": 15, "id_2": 1500503, "continente_id": 8, "vegetacao": null, "grade_wrs": "226_061", "frp": 3.8}, "bbox": [-53.14639, -1.32009, -53.14639, -1.32009]}, {"type": "Feature", "id": "focos_48h_br_todosats.fid--3bf30ddf_19d555fad35_-398e", "geometry": {"type": "Point", "coordinates": [-53.14369, -1.32415]}, "geometry_name": "geometria", "properties": {"id_foco_bdq": 1812522242, "foco_id": "b665e573-9f0e-343b-9560-76f03bd0bbfc", "longitude": -53.14369, "latitude": -1.32415, "data_hora_gmt": "2026-04-03T16:39:00Z", "data_pas": "2026-04-03", "satelite": "NPP-375", "municipio": "ALMEIRIM", "estado": "PARÁ", "pais": "Brasil", "precipitacao": null, "numero_dias_sem_chuva": null, "risco_fogo": null, "bioma": "Amazônia", "id_0": 33, "id_1": 15, "id_2": 1500503, "continente_id": 8, "vegetacao": null, "grade_wrs": "226_061", "frp": 7.1}, "bbox": [-53.14369, -1.32415, -53.14369, -1.32415]}, {"type": "Feature", "id": "focos_48h_br_todosats.fid--3bf30ddf_19d555fad35_-398d", "geometry": {"type": "Point", "coordinates": [-53.13107, -1.32218]}, "geometry_name": "geometria", "properties": {"id_foco_bdq": 1812520937, "foco_id": "84f9a1cf-5145-3bc6-98af-0900d57be476", "longitude": -53.13107, "latitude": -1.32218, "data_hora_gmt": "2026-04-03T16:39:00Z", "data_pas": "2026-04-03", "satelite": "NPP-375", "municipio": "ALMEIRIM", "estado": "PARÁ", "pais": "Brasil", "precipitacao": null, "numero_dias_sem_chuva": null, "risco_fogo": null, "bioma": "Amazônia", "id_0": 33, "id_1": 15, "id_2": 1500503, "continente_id": 8, "vegetacao": null, "grade_wrs": "226_061", "frp": 3.6}, "bbox": [-53.13107, -1.32218, -53.13107, -1.32218]}, {"type": "Feature", "id": "focos_48h_br_todosats.fid--3bf30ddf_19d555fad35_-398c", "geometry": {"type": "Point", "coordinates": [-53.14439, -1.31977]}, "geometry_name": "geometria", "properties": {"id_foco_bdq": 1812522747, "foco_id": "b0176bc8-454c-3e44-9bea-c01b009108f5", "longitude": -53.14439, "latitude": -1.31977, "data_hora_gmt": "2026-04-03T16:39:00Z", "data_pas": "2026-04-03", "satelite": "NPP-375", "municipio": "ALMEIRIM", "estado": "PARÁ", "pais": "Brasil", "precipitacao": null, "numero_dias_sem_chuva": null, "risco_fogo": null, "bioma": "Amazônia", "id_0": 33, "id_1": 15, "id_2": 1500503, "continente_id": 8, "vegetacao": null, "grade_wrs": "226_061", "frp": 7.1}, "bbox": [-53.14439, -1.31977, -53.14439, -1.31977]}, {"type": "Feature", "id": "focos_48h_br_todosats.fid--3bf30ddf_19d555fad35_-398b", "geometry": {"type": "Point", "coordinates": [-53.14864, -1.32043]}, "geometry_name": "geometria", "properties": {"id_foco_bdq": 1812521273, "foco_id": "0504c2c5-3196-3f67-9dea-45c2c03de0df", "longitude": -53.14864, "latitude": -1.32043, "data_hora_gmt": "2026-04-03T16:39:00Z", "data_pas": "2026-04-03", "satelite": "NPP-375", "municipio": "ALMEIRIM", "estado": "PARÁ", "pais": "Brasil", "precipitacao": null, "numero_dias_sem_chuva": null, "risco_fogo": null, "bioma": "Amazônia", "id_0": 33, "id_1": 15, "id_2": 1500503, "continente_id": 8, "vegetacao": null, "grade_wrs": "226_061", "frp": 7.2}, "bbox": [-53.14864, -1.32043, -53.14864, -1.32043]}, {"type": "Feature", "id": "focos_48h_br_todosats.fid--3bf30ddf_19d555fad35_-398a", "geometry": {"type": "Point", "coordinates": [-53.1457, -1.32447]}, "geometry_name": "geometria", "properties": {"id_foco_bdq": 1812522533, "foco_id": "c6eb36bd-5fae-3b2c-be38-90f674ae8209", "longitude": -53.1457, "latitude": -1.32447, "data_hora_gmt": "2026-04-03T16:39:00Z", "data_pas": "2026-04-03", "satelite": "NPP-375", "municipio": "ALMEIRIM", "estado": "PARÁ", "pais": "Brasil", "precipitacao": null, "numero_dias_sem_chuva": null, "risco_fogo": null, "bioma": "Amazônia", "id_0": 33, "id_1": 15, "id_2": 1500503, "continente_id": 8, "vegetacao": null, "grade_wrs": "226_061", "frp": 3.8}, "bbox": [-53.1457, -1.32447, -53.1457, -1.32447]}, {"type": "Feature", "id": "focos_48h_br_todosats.fid--3bf30ddf_19d555fad35_-3989", "geometry": {"type": "Point", "coordinates": [-53.14516, -1.3154]}, "geometry_name": "geometria", "properties": {"id_foco_bdq": 1812522471, "foco_id": "bfd9e2fc-6885-3d3e-b9a5-ce0ed4874a23", "longitude": -53.14516, "latitude": -1.3154, "data_hora_gmt": "2026-04-03T16:39:00Z", "data_pas": "2026-04-03", "satelite": "NPP-375", "municipio": "ALMEIRIM", "estado": "PARÁ", "pais": "Brasil", "precipitacao": null, "numero_dias_sem_chuva": null, "risco_fogo": null, "bioma": "Amazônia", "id_0": 33, "id_1": 15, "id_2": 1500503, "continente_id": 8, "vegetacao": null, "grade_wrs": "226_061", "frp": 6}, "bbox": [-53.14516, -1.3154, -53.14516, -1.3154]}, {"type": "Feature", "id": "focos_48h_br_todosats.fid--3bf30ddf_19d555fad35_-3988", "geometry": {"type": "Point", "coordinates": [-53.13591, -1.31845]}, "geometry_name": "geometria", "properties": {"id_foco_bdq": 1812521585, "foco_id": "9699488e-f2bd-3059-bc69-a29aa645e016", "longitude": -53.13591, "latitude": -1.31845, "data_hora_gmt": "2026-04-03T16:39:00Z", "data_pas": "2026-04-03", "satelite": "NPP-375", "municipio": "ALMEIRIM", "estado": "PARÁ", "pais": "Brasil", "precipitacao": null, "numero_dias_sem_chuva": null, "risco_fogo": null, "bioma": "Amazônia", "id_0": 33, "id_1": 15, "id_2": 1500503, "continente_id": 8, "vegetacao": null, "grade_wrs": "226_061", "frp": 3.6}, "bbox": [-53.13591, -1.31845, -53.13591, -1.31845]}, {"type": "Feature", "id": "focos_48h_br_todosats.fid--3bf30ddf_19d555fad35_-3987", "geometry": {"type": "Point", "coordinates": [-53.13177, -1.31781]}, "geometry_name": "geometria", "properties": {"id_foco_bdq": 1812521054, "foco_id": "bd3973c8-8b4d-3e89-9e66-14ff29f2e08c", "longitude": -53.13177, "latitude": -1.31781, "data_hora_gmt": "2026-04-03T16:39:00Z", "data_pas": "2026-04-03", "satelite": "NPP-375", "municipio": "ALMEIRIM", "estado": "PARÁ", "pais": "Brasil", "precipitacao": null, "numero_dias_sem_chuva": null, "risco_fogo": null, "bioma": "Amazônia", "id_0": 33, "id_1": 15, "id_2": 1500503, "continente_id": 8, "vegetacao": null, "grade_wrs": "226_061", "frp": 3.6}, "bbox": [-53.13177, -1.31781, -53.13177, -1.31781]}, {"type": "Feature", "id": "focos_48h_br_todosats.fid--3bf30ddf_19d555fad35_-3986", "geometry": {"type": "Point", "coordinates": [-47.69449, -1.95006]}, "geometry_name": "geometria", "properties": {"id_foco_bdq": 1812521082, "foco_id": "0c9c1d33-fae0-32d2-99ad-4241429b1d51", "longitude": -47.69449, "latitude": -1.95006, "data_hora_gmt": "2026-04-03T16:39:00Z", "data_pas": "2026-04-03", "satelite": "NPP-375", "municipio": "SÃO DOMINGOS DO CAPIM", "estado": "PARÁ", "pais": "Brasil", "precipitacao": null, "numero_dias_sem_chuva": null, "risco_fogo": null, "bioma": "Amazônia", "id_0": 33, "id_1": 15, "id_2": 1507201, "continente_id": 8, "vegetacao": null, "grade_wrs": "223_061", "frp": 4.2}, "bbox": [-47.69449, -1.95006, -47.69449, -1.95006]}, {"type": "Feature", "id": "focos_48h_br_todosats.fid--3bf30ddf_19d555fad35_-3985", "geometry": {"type": "Point", "coordinates": [-53.13665, -1.31408]}, "geometry_name": "geometria", "properties": {"id_foco_bdq": 1812521990, "foco_id": "1f01d55f-38f4-350d-9628-b6f254dd6a89", "longitude": -53.13665, "latitude": -1.31408, "data_hora_gmt": "2026-04-03T16:39:00Z", "data_pas": "2026-04-03", "satelite": "NPP-375", "municipio": "ALMEIRIM", "estado": "PARÁ", "pais": "Brasil", "precipitacao": null, "numero_dias_sem_chuva": null, "risco_fogo": null, "bioma": "Amazônia", "id_0": 33, "id_1": 15, "id_2": 1500503, "continente_id": 8, "vegetacao": null, "grade_wrs": "226_061", "frp": 11.3}, "bbox": [-53.13665, -1.31408, -53.13665, -1.31408]}, {"type": "Feature", "id": "focos_48h_br_todosats.fid--3bf30ddf_19d555fad35_-3984", "geometry": {"type": "Point", "coordinates": [-53.14139, -1.32384]}, "geometry_name": "geometria", "properties": {"id_foco_bdq": 1812521920, "foco_id": "ff8606a8-ae55-3e24-93fe-1871d5ad1725", "longitude": -53.14139, "latitude": -1.32384, "data_hora_gmt": "2026-04-03T16:39:00Z", "data_pas": "2026-04-03", "satelite": "NPP-375", "municipio": "ALMEIRIM", "estado": "PARÁ", "pais": "Brasil", "precipitacao": null, "numero_dias_sem_chuva": null, "risco_fogo": null, "bioma": "Amazônia", "id_0": 33, "id_1": 15, "id_2": 1500503, "continente_id": 8, "vegetacao": null, "grade_wrs": "226_061", "frp": 3.8}, "bbox": [-53.14139, -1.32384, -53.14139, -1.32384]}, {"type": "Feature", "id": "focos_48h_br_todosats.fid--3bf30ddf_19d555fad35_-3983", "geometry": {"type": "Point", "coordinates": [-53.1409, -1.31474]}, "geometry_name": "geometria", "properties": {"id_foco_bdq": 1812521320, "foco_id": "fe20c5d2-f79b-30a5-a36e-30e924ced7dd", "longitude": -53.1409, "latitude": -1.31474, "data_hora_gmt": "2026-04-03T16:39:00Z", "data_pas": "2026-04-03", "satelite": "NPP-375", "municipio": "ALMEIRIM", "estado": "PARÁ", "pais": "Brasil", "precipitacao": null, "numero_dias_sem_chuva": null, "risco_fogo": null, "bioma": "Amazônia", "id_0": 33, "id_1": 15, "id_2": 1500503, "continente_id": 8, "vegetacao": null, "grade_wrs": "226_061", "frp": 6}, "bbox": [-53.1409, -1.31474, -53.1409, -1.31474]}, {"type": "Feature", "id": "focos_48h_br_todosats.fid--3bf30ddf_19d555fad35_-3982", "geometry": {"type": "Point", "coordinates": [-59.78678, 0.77226]}, "geometry_name": "geometria", "properties": {"id_foco_bdq": 1812522603, "foco_id": "87955b95-b6a7-3358-b8ba-17fcb0fa546e", "longitude": -59.78678, "latitude": 0.77226, "data_hora_gmt": "2026-04-03T16:41:00Z", "data_pas": "2026-04-03", "satelite": "NPP-375", "municipio": "CAROEBE", "estado": "RORAIMA", "pais": "Brasil", "precipitacao": null, "numero_dias_sem_chuva": null, "risco_fogo": null, "bioma": "Amazônia", "id_0": 33, "id_1": 14, "id_2": 1400233, "continente_id": 8, "vegetacao": null, "grade_wrs": "231_059", "frp": 4.2}, "bbox": [-59.78678, 0.77226, -59.78678, 0.77226]}, {"type": "Feature", "id": "focos_48h_br_todosats.fid--3bf30ddf_19d555fad35_-3981", "geometry": {"type": "Point", "coordinates": [-52.3715, -31.54227]}, "geometry_name": "geometria", "properties": {"id_foco_bdq": 1812521145, "foco_id": "792639f7-1e9a-353a-8ec3-d3dc0a66e339", "longitude": -52.3715, "latitude": -31.54227, "data_hora_gmt": "2026-04-03T16:52:00Z", "data_pas": "2026-04-03", "satelite": "NOAA-20", "municipio": "PELOTAS", "estado": "RIO GRANDE DO SUL", "pais": "Brasil", "precipitacao": null, "numero_dias_sem_chuva": null, "risco_fogo": null, "bioma": "Pampa", "id_0": 33, "id_1": 43, "id_2": 4314407, "continente_id": 8, "vegetacao": null, "grade_wrs": "221_082", "frp": 0.8}, "bbox": [-52.3715, -31.54227, -52.3715, -31.54227]}, {"type": "Feature", "id": "focos_48h_br_todosats.fid--3bf30ddf_19d555fad35_-3980", "geometry": {"type": "Point", "coordinates": [-51.56061, -25.5707]}, "geometry_name": "geometria", "properties": {"id_foco_bdq": 1812521296, "foco_id": "696c5fd0-f09f-310a-96e1-03ec72d0ced5", "longitude": -51.56061, "latitude": -25.5707, "data_hora_gmt": "2026-04-03T16:54:00Z", "data_pas": "2026-04-03", "satelite": "NOAA-20", "municipio": "GUARAPUAVA", "estado": "PARANÁ", "pais": "Brasil", "precipitacao": null, "numero_dias_sem_chuva": null, "risco_fogo": null, "bioma": "Mata Atlântica", "id_0": 33, "id_1": 41, "id_2": 4109401, "continente_id": 8, "vegetacao": null, "grade_wrs": "222_078", "frp": 23.1}, "bbox": [-51.56061, -25.5707, -51.56061, -25.5707]}, {"type": "Feature", "id": "focos_48h_br_todosats.fid--3bf30ddf_19d555fad35_-397f", "geometry": {"type": "Point", "coordinates": [-49.91763, -27.86144]}, "geometry_name": "geometria", "properties": {"id_foco_bdq": 1812521843, "foco_id": "e4bb0413-174b-39d8-91c2-6be1612379da", "longitude": -49.91763, "latitude": -27.86144, "data_hora_gmt": "2026-04-03T16:54:00Z", "data_pas": "2026-04-03", "satelite": "NOAA-20", "municipio": "PAINEL", "estado": "SANTA CATARINA", "pais": "Brasil", "precipitacao": null, "numero_dias_sem_chuva": null, "risco_fogo": null, "bioma": "Mata Atlântica", "id_0": 33, "id_1": 42, "id_2": 4211892, "continente_id": 8, "vegetacao": null, "grade_wrs": "220_079", "frp": 4}, "bbox": [-49.91763, -27.86144, -49.91763, -27.86144]}, {"type": "Feature", "id": "focos_48h_br_todosats.fid--3bf30ddf_19d555fad35_-397e", "geometry": {"type": "Point", "coordinates": [-55.71221, -28.80241]}, "geometry_name": "geometria", "properties": {"id_foco_bdq": 1812521525, "foco_id": "77c5920f-4236-31a8-ad7b-5d7031d834a1", "longitude": -55.71221, "latitude": -28.80241, "data_hora_gmt": "2026-04-03T16:54:00Z", "data_pas": "2026-04-03", "satelite": "NOAA-20", "municipio": "SÃO BORJA", "estado": "RIO GRANDE DO SUL", "pais": "Brasil", "precipitacao": null, "numero_dias_sem_chuva": null, "risco_fogo": null, "bioma": "Pampa", "id_0": 33, "id_1": 43, "id_2": 4318002, "continente_id": 8, "vegetacao": null, "grade_wrs": "224_080", "frp": 5.5}, "bbox": [-55.71221, -28.80241, -55.71221, -28.80241]}, {"type": "Feature", "id": "focos_48h_br_todosats.fid--3bf30ddf_19d555fad35_-397d", "geometry": {"type": "Point", "coordinates": [-49.14074, -24.5893]}, "geometry_name": "geometria", "properties": {"id_foco_bdq": 1812522114, "foco_id": "17527331-1950-334a-8f2e-e0eec276845d", "longitude": -49.14074, "latitude": -24.5893, "data_hora_gmt": "2026-04-03T16:54:00Z", "data_pas": "2026-04-03", "satelite": "NOAA-20", "municipio": "RIBEIRA", "estado": "SÃO PAULO", "pais": "Brasil", "precipitacao": null, "numero_dias_sem_chuva": null, "risco_fogo": null, "bioma": "Mata Atlântica", "id_0": 33, "id_1": 35, "id_2": 3542800, "continente_id": 8, "vegetacao": null, "grade_wrs": "220_077", "frp": 4.1}, "bbox": [-49.14074, -24.5893, -49.14074, -24.5893]}, {"type": "Feature", "id": "focos_48h_br_todosats.fid--3bf30ddf_19d555fad35_-397c", "geometry": {"type": "Point", "coordinates": [-49.91908, -27.86117]}, "geometry_name": "geometria", "properties": {"id_foco_bdq": 1812522555, "foco_id": "e9c0e1c1-3ffc-3ef0-9289-0527ded05888", "longitude": -49.91908, "latitude": -27.86117, "data_hora_gmt": "2026-04-03T16:54:00Z", "data_pas": "2026-04-03", "satelite": "NOAA-20", "municipio": "PAINEL", "estado": "SANTA CATARINA", "pais": "Brasil", "precipitacao": null, "numero_dias_sem_chuva": null, "risco_fogo": null, "bioma": "Mata Atlântica", "id_0": 33, "id_1": 42, "id_2": 4211892, "continente_id": 8, "vegetacao": null, "grade_wrs": "220_079", "frp": 2.4}, "bbox": [-49.91908, -27.86117, -49.91908, -27.86117]}, {"type": "Feature", "id": "focos_48h_br_todosats.fid--3bf30ddf_19d555fad35_-397b", "geometry": {"type": "Point", "coordinates": [-49.13746, -24.58538]}, "geometry_name": "geometria", "properties": {"id_foco_bdq": 1812522753, "foco_id": "2db52dde-75c7-3d5c-b63b-0f2a5d0b1ad7", "longitude": -49.13746, "latitude": -24.58538, "data_hora_gmt": "2026-04-03T16:54:00Z", "data_pas": "2026-04-03", "satelite": "NOAA-20", "municipio": "ITAPIRAPUÃ PAULISTA", "estado": "SÃO PAULO", "pais": "Brasil", "precipitacao": null, "numero_dias_sem_chuva": null, "risco_fogo": null, "bioma": "Mata Atlântica", "id_0": 33, "id_1": 35, "id_2": 3522653, "continente_id": 8, "vegetacao": null, "grade_wrs": "220_077", "frp": 5.8}, "bbox": [-49.13746, -24.58538, -49.13746, -24.58538]}, {"type": "Feature", "id": "focos_48h_br_todosats.fid--3bf30ddf_19d555fad35_-397a", "geometry": {"type": "Point", "coordinates": [-51.48425, -30.50982]}, "geometry_name": "geometria", "properties": {"id_foco_bdq": 1812522801, "foco_id": "65a5a4fd-62ca-3c36-bad0-db4579c5b63c", "longitude": -51.48425, "latitude": -30.50982, "data_hora_gmt": "2026-04-03T16:54:00Z", "data_pas": "2026-04-03", "satelite": "NOAA-20", "municipio": "TAPES", "estado": "RIO GRANDE DO SUL", "pais": "Brasil", "precipitacao": null, "numero_dias_sem_chuva": null, "risco_fogo": null, "bioma": "Pampa", "id_0": 33, "id_1": 43, "id_2": 4321105, "continente_id": 8, "vegetacao": null, "grade_wrs": "221_081", "frp": 4.8}, "bbox": [-51.48425, -30.50982, -51.48425, -30.50982]}, {"type": "Feature", "id": "focos_48h_br_todosats.fid--3bf30ddf_19d555fad35_-3979", "geometry": {"type": "Point", "coordinates": [-45.5198, -23.43468]}, "geometry_name": "geometria", "properties": {"id_foco_bdq": 1812521508, "foco_id": "9c20d1ff-476f-359d-a2cf-365021e1937d", "longitude": -45.5198, "latitude": -23.43468, "data_hora_gmt": "2026-04-03T16:54:00Z", "data_pas": "2026-04-03", "satelite": "NOAA-20", "municipio": "NATIVIDADE DA SERRA", "estado": "SÃO PAULO", "pais": "Brasil", "precipitacao": null, "numero_dias_sem_chuva": null, "risco_fogo": null, "bioma": "Mata Atlântica", "id_0": 33, "id_1": 35, "id_2": 3532306, "continente_id": 8, "vegetacao": null, "grade_wrs": "218_076", "frp": 2.1}, "bbox": [-45.5198, -23.43468, -45.5198, -23.43468]}, {"type": "Feature", "id": "focos_48h_br_todosats.fid--3bf30ddf_19d555fad35_-3978", "geometry": {"type": "Point", "coordinates": [-55.71408, -28.80149]}, "geometry_name": "geometria", "properties": {"id_foco_bdq": 1812522121, "foco_id": "6986d422-8fb9-3eca-bb5d-52a1e2c78619", "longitude": -55.71408, "latitude": -28.80149, "data_hora_gmt": "2026-04-03T16:54:00Z", "data_pas": "2026-04-03", "satelite": "NOAA-20", "municipio": "SÃO BORJA", "estado": "RIO GRANDE DO SUL", "pais": "Brasil", "precipitacao": null, "numero_dias_sem_chuva": null, "risco_fogo": null, "bioma": "Pampa", "id_0": 33, "id_1": 43, "id_2": 4318002, "continente_id": 8, "vegetacao": null, "grade_wrs": "224_080", "frp": 5.7}, "bbox": [-55.71408, -28.80149, -55.71408, -28.80149]}, {"type": "Feature", "id": "focos_48h_br_todosats.fid--3bf30ddf_19d555fad35_-3977", "geometry": {"type": "Point", "coordinates": [-48.54901, -18.79796]}, "geometry_name": "geometria", "properties": {"id_foco_bdq": 1812521893, "foco_id": "3e278539-4260-3580-b557-928ab69da493", "longitude": -48.54901, "latitude": -18.79796, "data_hora_gmt": "2026-04-03T16:56:00Z", "data_pas": "2026-04-03", "satelite": "NOAA-20", "municipio": "UBERLÂNDIA", "estado": "MINAS GERAIS", "pais": "Brasil", "precipitacao": null, "numero_dias_sem_chuva": null, "risco_fogo": null, "bioma": "Cerrado", "id_0": 33, "id_1": 31, "id_2": 3170206, "continente_id": 8, "vegetacao": null, "grade_wrs": "221_073", "frp": 4.6}, "bbox": [-48.54901, -18.79796, -48.54901, -18.79796]}, {"type": "Feature", "id": "focos_48h_br_todosats.fid--3bf30ddf_19d555fad35_-3976", "geometry": {"type": "Point", "coordinates": [-52.89603, -17.488]}, "geometry_name": "geometria", "properties": {"id_foco_bdq": 1812520952, "foco_id": "2baac22e-da79-3d61-b766-d74b9b4c0b37", "longitude": -52.89603, "latitude": -17.488, "data_hora_gmt": "2026-04-03T16:56:00Z", "data_pas": "2026-04-03", "satelite": "NOAA-20", "municipio": "MINEIROS", "estado": "GOIÁS", "pais": "Brasil", "precipitacao": null, "numero_dias_sem_chuva": null, "risco_fogo": null, "bioma": "Cerrado", "id_0": 33, "id_1": 52, "id_2": 5213103, "continente_id": 8, "vegetacao": null, "grade_wrs": "224_072", "frp": 2}, "bbox": [-52.89603, -17.488, -52.89603, -17.488]}, {"type": "Feature", "id": "focos_48h_br_todosats.fid--3bf30ddf_19d555fad35_-3975", "geometry": {"type": "Point", "coordinates": [-47.06167, -23.43444]}, "geometry_name": "geometria", "properties": {"id_foco_bdq": 1812520905, "foco_id": "3ff57ec9-d071-367c-b4a4-2674bada49cd", "longitude": -47.06167, "latitude": -23.43444, "data_hora_gmt": "2026-04-03T16:56:00Z", "data_pas": "2026-04-03", "satelite": "NOAA-20", "municipio": "ARAÇARIGUAMA", "estado": "SÃO PAULO", "pais": "Brasil", "precipitacao": null, "numero_dias_sem_chuva": null, "risco_fogo": null, "bioma": "Mata Atlântica", "id_0": 33, "id_1": 35, "id_2": 3502754, "continente_id": 8, "vegetacao": null, "grade_wrs": "219_076", "frp": 4.7}, "bbox": [-47.06167, -23.43444, -47.06167, -23.43444]}, {"type": "Feature", "id": "focos_48h_br_todosats.fid--3bf30ddf_19d555fad35_-3974", "geometry": {"type": "Point", "coordinates": [-55.32647, -23.77883]}, "geometry_name": "geometria", "properties": {"id_foco_bdq": 1812521408, "foco_id": "c8f7ed43-ad28-312f-9c6b-ad6ac1a94a26", "longitude": -55.32647, "latitude": -23.77883, "data_hora_gmt": "2026-04-03T16:56:00Z", "data_pas": "2026-04-03", "satelite": "NOAA-20", "municipio": "PARANHOS", "estado": "MATO GROSSO DO SUL", "pais": "Brasil", "precipitacao": null, "numero_dias_sem_chuva": null, "risco_fogo": null, "bioma": "Mata Atlântica", "id_0": 33, "id_1": 50, "id_2": 5006358, "continente_id": 8, "vegetacao": null, "grade_wrs": "225_076", "frp": 8.2}, "bbox": [-55.32647, -23.77883, -55.32647, -23.77883]}, {"type": "Feature", "id": "focos_48h_br_todosats.fid--3bf30ddf_19d555fad35_-3973", "geometry": {"type": "Point", "coordinates": [-52.69758, -17.64981]}, "geometry_name": "geometria", "properties": {"id_foco_bdq": 1812522187, "foco_id": "c4450a1b-634a-3e72-a216-be5134dc9abd", "longitude": -52.69758, "latitude": -17.64981, "data_hora_gmt": "2026-04-03T16:56:00Z", "data_pas": "2026-04-03", "satelite": "NOAA-20", "municipio": "MINEIROS", "estado": "GOIÁS", "pais": "Brasil", "precipitacao": null, "numero_dias_sem_chuva": null, "risco_fogo": null, "bioma": "Cerrado", "id_0": 33, "id_1": 52, "id_2": 5213103, "continente_id": 8, "vegetacao": null, "grade_wrs": "224_072", "frp": 3.7}, "bbox": [-52.69758, -17.64981, -52.69758, -17.64981]}, {"type": "Feature", "id": "focos_48h_br_todosats.fid--3bf30ddf_19d555fad35_-3972", "geometry": {"type": "Point", "coordinates": [-51.78214, -18.19254]}, "geometry_name": "geometria", "properties": {"id_foco_bdq": 1812521317, "foco_id": "affc04fa-b599-31c1-af10-24ec99c7bf12", "longitude": -51.78214, "latitude": -18.19254, "data_hora_gmt": "2026-04-03T16:56:00Z", "data_pas": "2026-04-03", "satelite": "NOAA-20", "municipio": "JATAÍ", "estado": "GOIÁS", "pais": "Brasil", "precipitacao": null, "numero_dias_sem_chuva": null, "risco_fogo": null, "bioma": "Cerrado", "id_0": 33, "id_1": 52, "id_2": 5211909, "continente_id": 8, "vegetacao": null, "grade_wrs": "223_073", "frp": 3.4}, "bbox": [-51.78214, -18.19254, -51.78214, -18.19254]}, {"type": "Feature", "id": "focos_48h_br_todosats.fid--3bf30ddf_19d555fad35_-3971", "geometry": {"type": "Point", "coordinates": [-55.32413, -23.77779]}, "geometry_name": "geometria", "properties": {"id_foco_bdq": 1812522499, "foco_id": "e1ab6006-3cf5-399b-9d0c-8e9e1675b0d8", "longitude": -55.32413, "latitude": -23.77779, "data_hora_gmt": "2026-04-03T16:56:00Z", "data_pas": "2026-04-03", "satelite": "NOAA-20", "municipio": "PARANHOS", "estado": "MATO GROSSO DO SUL", "pais": "Brasil", "precipitacao": null, "numero_dias_sem_chuva": null, "risco_fogo": null, "bioma": "Mata Atlântica", "id_0": 33, "id_1": 50, "id_2": 5006358, "continente_id": 8, "vegetacao": null, "grade_wrs": "225_076", "frp": 5.5}, "bbox": [-55.32413, -23.77779, -55.32413, -23.77779]}, {"type": "Feature", "id": "focos_48h_br_todosats.fid--3bf30ddf_19d555fad35_-3970", "geometry": {"type": "Point", "coordinates": [-55.32903, -23.77833]}, "geometry_name": "geometria", "properties": {"id_foco_bdq": 1812522474, "foco_id": "8bf9d443-073e-3878-91ed-56d2451b6a8c", "longitude": -55.32903, "latitude": -23.77833, "data_hora_gmt": "2026-04-03T16:56:00Z", "data_pas": "2026-04-03", "satelite": "NOAA-20", "municipio": "PARANHOS", "estado": "MATO GROSSO DO SUL", "pais": "Brasil", "precipitacao": null, "numero_dias_sem_chuva": null, "risco_fogo": null, "bioma": "Mata Atlântica", "id_0": 33, "id_1": 50, "id_2": 5006358, "continente_id": 8, "vegetacao": null, "grade_wrs": "225_076", "frp": 5.5}, "bbox": [-55.32903, -23.77833, -55.32903, -23.77833]}, {"type": "Feature", "id": "focos_48h_br_todosats.fid--3bf30ddf_19d555fad35_-396f", "geometry": {"type": "Point", "coordinates": [-54.01923, -19.58874]}, "geometry_name": "geometria", "properties": {"id_foco_bdq": 1812521297, "foco_id": "de151862-9fb7-3100-bd21-be2232b33d19", "longitude": -54.01923, "latitude": -19.58874, "data_hora_gmt": "2026-04-03T16:56:00Z", "data_pas": "2026-04-03", "satelite": "NOAA-20", "municipio": "CAMAPUÃ", "estado": "MATO GROSSO DO SUL", "pais": "Brasil", "precipitacao": null, "numero_dias_sem_chuva": null, "risco_fogo": null, "bioma": "Cerrado", "id_0": 33, "id_1": 50, "id_2": 5002605, "continente_id": 8, "vegetacao": null, "grade_wrs": "224_074", "frp": 3.5}, "bbox": [-54.01923, -19.58874, -54.01923, -19.58874]}, {"type": "Feature", "id": "focos_48h_br_todosats.fid--3bf30ddf_19d555fad35_-396e", "geometry": {"type": "Point", "coordinates": [-51.33192, -20.88601]}, "geometry_name": "geometria", "properties": {"id_foco_bdq": 1812522380, "foco_id": "d1400613-7859-3776-819f-b0aff87b89de", "longitude": -51.33192, "latitude": -20.88601, "data_hora_gmt": "2026-04-03T16:56:00Z", "data_pas": "2026-04-03", "satelite": "NOAA-20", "municipio": "ANDRADINA", "estado": "SÃO PAULO", "pais": "Brasil", "precipitacao": null, "numero_dias_sem_chuva": null, "risco_fogo": null, "bioma": "Mata Atlântica", "id_0": 33, "id_1": 35, "id_2": 3502101, "continente_id": 8, "vegetacao": null, "grade_wrs": "222_075", "frp": 3.2}, "bbox": [-51.33192, -20.88601, -51.33192, -20.88601]}, {"type": "Feature", "id": "focos_48h_br_todosats.fid--3bf30ddf_19d555fad35_-396d", "geometry": {"type": "Point", "coordinates": [-47.06168, -23.43246]}, "geometry_name": "geometria", "properties": {"id_foco_bdq": 1812522690, "foco_id": "e68e232d-b43b-377e-b7f1-6560ed6a81b3", "longitude": -47.06168, "latitude": -23.43246, "data_hora_gmt": "2026-04-03T16:56:00Z", "data_pas": "2026-04-03", "satelite": "NOAA-20", "municipio": "ARAÇARIGUAMA", "estado": "SÃO PAULO", "pais": "Brasil", "precipitacao": null, "numero_dias_sem_chuva": null, "risco_fogo": null, "bioma": "Mata Atlântica", "id_0": 33, "id_1": 35, "id_2": 3502754, "continente_id": 8, "vegetacao": null, "grade_wrs": "219_076", "frp": 2.1}, "bbox": [-47.06168, -23.43246, -47.06168, -23.43246]}, {"type": "Feature", "id": "focos_48h_br_todosats.fid--3bf30ddf_19d555fad35_-396c", "geometry": {"type": "Point", "coordinates": [-40.27316, -19.48049]}, "geometry_name": "geometria", "properties": {"id_foco_bdq": 1812521735, "foco_id": "0832ff0b-614f-314e-b07d-c210d8f5a49c", "longitude": -40.27316, "latitude": -19.48049, "data_hora_gmt": "2026-04-03T16:56:00Z", "data_pas": "2026-04-03", "satelite": "NOAA-20", "municipio": "LINHARES", "estado": "ESPÍRITO SANTO", "pais": "Brasil", "precipitacao": null, "numero_dias_sem_chuva": null, "risco_fogo": null, "bioma": "Mata Atlântica", "id_0": 33, "id_1": 32, "id_2": 3203205, "continente_id": 8, "vegetacao": null, "grade_wrs": "216_073", "frp": 3.5}, "bbox": [-40.27316, -19.48049, -40.27316, -19.48049]}, {"type": "Feature", "id": "focos_48h_br_todosats.fid--3bf30ddf_19d555fad35_-396b", "geometry": {"type": "Point", "coordinates": [-42.32518, -16.61428]}, "geometry_name": "geometria", "properties": {"id_foco_bdq": 1812522345, "foco_id": "d31fe249-edac-3a65-9f98-ae47c2cd6474", "longitude": -42.32518, "latitude": -16.61428, "data_hora_gmt": "2026-04-03T16:56:00Z", "data_pas": "2026-04-03", "satelite": "NOAA-20", "municipio": "VIRGEM DA LAPA", "estado": "MINAS GERAIS", "pais": "Brasil", "precipitacao": null, "numero_dias_sem_chuva": null, "risco_fogo": null, "bioma": "Cerrado", "id_0": 33, "id_1": 31, "id_2": 3171600, "continente_id": 8, "vegetacao": null, "grade_wrs": "217_072", "frp": 1.3}, "bbox": [-42.32518, -16.61428, -42.32518, -16.61428]}, {"type": "Feature", "id": "focos_48h_br_todosats.fid--3bf30ddf_19d555fad35_-396a", "geometry": {"type": "Point", "coordinates": [-55.32155, -23.77833]}, "geometry_name": "geometria", "properties": {"id_foco_bdq": 1812522294, "foco_id": "5cac8f93-6b94-394d-95c9-4c01c5945d5b", "longitude": -55.32155, "latitude": -23.77833, "data_hora_gmt": "2026-04-03T16:56:00Z", "data_pas": "2026-04-03", "satelite": "NOAA-20", "municipio": "PARANHOS", "estado": "MATO GROSSO DO SUL", "pais": "Brasil", "precipitacao": null, "numero_dias_sem_chuva": null, "risco_fogo": null, "bioma": "Mata Atlântica", "id_0": 33, "id_1": 50, "id_2": 5006358, "continente_id": 8, "vegetacao": null, "grade_wrs": "225_076", "frp": 8.8}, "bbox": [-55.32155, -23.77833, -55.32155, -23.77833]}, {"type": "Feature", "id": "focos_48h_br_todosats.fid--3bf30ddf_19d555fad35_-3969", "geometry": {"type": "Point", "coordinates": [-55.56588, -13.78592]}, "geometry_name": "geometria", "properties": {"id_foco_bdq": 1812521711, "foco_id": "c82d005b-d234-35cd-8b9c-f25e7759757e", "longitude": -55.56588, "latitude": -13.78592, "data_hora_gmt": "2026-04-03T16:58:00Z", "data_pas": "2026-04-03", "satelite": "NOAA-20", "municipio": "NOVA MUTUM", "estado": "MATO GROSSO", "pais": "Brasil", "precipitacao": null, "numero_dias_sem_chuva": null, "risco_fogo": null, "bioma": "Cerrado", "id_0": 33, "id_1": 51, "id_2": 5106224, "continente_id": 8, "vegetacao": null, "grade_wrs": "226_070", "frp": 5.4}, "bbox": [-55.56588, -13.78592, -55.56588, -13.78592]}, {"type": "Feature", "id": "focos_48h_br_todosats.fid--3bf30ddf_19d555fad35_-3968", "geometry": {"type": "Point", "coordinates": [-55.56944, -13.78639]}, "geometry_name": "geometria", "properties": {"id_foco_bdq": 1812521126, "foco_id": "23a2d4e3-8361-3450-ac67-83ff62114475", "longitude": -55.56944, "latitude": -13.78639, "data_hora_gmt": "2026-04-03T16:58:00Z", "data_pas": "2026-04-03", "satelite": "NOAA-20", "municipio": "NOVA MUTUM", "estado": "MATO GROSSO", "pais": "Brasil", "precipitacao": null, "numero_dias_sem_chuva": null, "risco_fogo": null, "bioma": "Cerrado", "id_0": 33, "id_1": 51, "id_2": 5106224, "continente_id": 8, "vegetacao": null, "grade_wrs": "226_070", "frp": 5.2}, "bbox": [-55.56944, -13.78639, -55.56944, -13.78639]}, {"type": "Feature", "id": "focos_48h_br_todosats.fid--3bf30ddf_19d555fad35_-3967", "geometry": {"type": "Point", "coordinates": [-53.55315, -15.97263]}, "geometry_name": "geometria", "properties": {"id_foco_bdq": 1812521137, "foco_id": "e8b6ffeb-6a5e-33bc-ba08-a90a6a6b0365", "longitude": -53.55315, "latitude": -15.97263, "data_hora_gmt": "2026-04-03T16:58:00Z", "data_pas": "2026-04-03", "satelite": "NOAA-20", "municipio": "TESOURO", "estado": "MATO GROSSO", "pais": "Brasil", "precipitacao": null, "numero_dias_sem_chuva": null, "risco_fogo": null, "bioma": "Cerrado", "id_0": 33, "id_1": 51, "id_2": 5108105, "continente_id": 8, "vegetacao": null, "grade_wrs": "225_071", "frp": 4}, "bbox": [-53.55315, -15.97263, -53.55315, -15.97263]}, {"type": "Feature", "id": "focos_48h_br_todosats.fid--3bf30ddf_19d555fad35_-3966", "geometry": {"type": "Point", "coordinates": [-55.57659, -13.78735]}, "geometry_name": "geometria", "properties": {"id_foco_bdq": 1812521284, "foco_id": "40c3cebd-36aa-38b8-8a4c-6b4cf0c91395", "longitude": -55.57659, "latitude": -13.78735, "data_hora_gmt": "2026-04-03T16:58:00Z", "data_pas": "2026-04-03", "satelite": "NOAA-20", "municipio": "NOVA MUTUM", "estado": "MATO GROSSO", "pais": "Brasil", "precipitacao": null, "numero_dias_sem_chuva": null, "risco_fogo": null, "bioma": "Cerrado", "id_0": 33, "id_1": 51, "id_2": 5106224, "continente_id": 8, "vegetacao": null, "grade_wrs": "226_070", "frp": 4.4}, "bbox": [-55.57659, -13.78735, -55.57659, -13.78735]}, {"type": "Feature", "id": "focos_48h_br_todosats.fid--3bf30ddf_19d555fad35_-3965", "geometry": {"type": "Point", "coordinates": [-55.98032, -9.4329]}, "geometry_name": "geometria", "properties": {"id_foco_bdq": 1812521507, "foco_id": "76b986a7-54e6-3285-b9d0-932324b4a610", "longitude": -55.98032, "latitude": -9.4329, "data_hora_gmt": "2026-04-03T16:58:00Z", "data_pas": "2026-04-03", "satelite": "NOAA-20", "municipio": "ALTA FLORESTA", "estado": "MATO GROSSO", "pais": "Brasil", "precipitacao": null, "numero_dias_sem_chuva": null, "risco_fogo": null, "bioma": "Amazônia", "id_0": 33, "id_1": 51, "id_2": 5100250, "continente_id": 8, "vegetacao": null, "grade_wrs": "227_067", "frp": 10.7}, "bbox": [-55.98032, -9.4329, -55.98032, -9.4329]}, {"type": "Feature", "id": "focos_48h_br_todosats.fid--3bf30ddf_19d555fad35_-3964", "geometry": {"type": "Point", "coordinates": [-55.9613, -9.42624]}, "geometry_name": "geometria", "properties": {"id_foco_bdq": 1812521571, "foco_id": "7c27f65d-83df-37de-b12c-4c3ccb3cf8e0", "longitude": -55.9613, "latitude": -9.42624, "data_hora_gmt": "2026-04-03T16:58:00Z", "data_pas": "2026-04-03", "satelite": "NOAA-20", "municipio": "NOVO PROGRESSO", "estado": "PARÁ", "pais": "Brasil", "precipitacao": null, "numero_dias_sem_chuva": null, "risco_fogo": null, "bioma": "Amazônia", "id_0": 33, "id_1": 15, "id_2": 1505031, "continente_id": 8, "vegetacao": null, "grade_wrs": "227_067", "frp": 6}, "bbox": [-55.9613, -9.42624, -55.9613, -9.42624]}, {"type": "Feature", "id": "focos_48h_br_todosats.fid--3bf30ddf_19d555fad35_-3963", "geometry": {"type": "Point", "coordinates": [-55.56642, -13.78189]}, "geometry_name": "geometria", "properties": {"id_foco_bdq": 1812521614, "foco_id": "cc5852c5-a88d-3889-a5cf-274b5dbaeeba", "longitude": -55.56642, "latitude": -13.78189, "data_hora_gmt": "2026-04-03T16:58:00Z", "data_pas": "2026-04-03", "satelite": "NOAA-20", "municipio": "NOVA MUTUM", "estado": "MATO GROSSO", "pais": "Brasil", "precipitacao": null, "numero_dias_sem_chuva": null, "risco_fogo": null, "bioma": "Cerrado", "id_0": 33, "id_1": 51, "id_2": 5106224, "continente_id": 8, "vegetacao": null, "grade_wrs": "226_070", "frp": 5.4}, "bbox": [-55.56642, -13.78189, -55.56642, -13.78189]}, {"type": "Feature", "id": "focos_48h_br_todosats.fid--3bf30ddf_19d555fad35_-3962", "geometry": {"type": "Point", "coordinates": [-55.56889, -13.79042]}, "geometry_name": "geometria", "properties": {"id_foco_bdq": 1812521653, "foco_id": "b2e3ca89-9824-3587-b526-0200e620c7f4", "longitude": -55.56889, "latitude": -13.79042, "data_hora_gmt": "2026-04-03T16:58:00Z", "data_pas": "2026-04-03", "satelite": "NOAA-20", "municipio": "NOVA MUTUM", "estado": "MATO GROSSO", "pais": "Brasil", "precipitacao": null, "numero_dias_sem_chuva": null, "risco_fogo": null, "bioma": "Cerrado", "id_0": 33, "id_1": 51, "id_2": 5106224, "continente_id": 8, "vegetacao": null, "grade_wrs": "226_070", "frp": 10.8}, "bbox": [-55.56889, -13.79042, -55.56889, -13.79042]}, {"type": "Feature", "id": "focos_48h_br_todosats.fid--3bf30ddf_19d555fad35_-3961", "geometry": {"type": "Point", "coordinates": [-42.10001, -8.75274]}, "geometry_name": "geometria", "properties": {"id_foco_bdq": 1812522119, "foco_id": "c010e1be-6906-30bc-a3f1-89bfc0f3d1d7", "longitude": -42.10001, "latitude": -8.75274, "data_hora_gmt": "2026-04-03T16:58:00Z", "data_pas": "2026-04-03", "satelite": "NOAA-20", "municipio": "DOM INOCÊNCIO", "estado": "PIAUÍ", "pais": "Brasil", "precipitacao": null, "numero_dias_sem_chuva": null, "risco_fogo": null, "bioma": "Caatinga", "id_0": 33, "id_1": 22, "id_2": 2203453, "continente_id": 8, "vegetacao": null, "grade_wrs": "218_066", "frp": 0.8}, "bbox": [-42.10001, -8.75274, -42.10001, -8.75274]}, {"type": "Feature", "id": "focos_48h_br_todosats.fid--3bf30ddf_19d555fad35_-3960", "geometry": {"type": "Point", "coordinates": [-41.66035, -14.00226]}, "geometry_name": "geometria", "properties": {"id_foco_bdq": 1812522317, "foco_id": "b9cc3521-203a-3320-931e-d5afd109c4d4", "longitude": -41.66035, "latitude": -14.00226, "data_hora_gmt": "2026-04-03T16:58:00Z", "data_pas": "2026-04-03", "satelite": "NOAA-20", "municipio": "BRUMADO", "estado": "BAHIA", "pais": "Brasil", "precipitacao": null, "numero_dias_sem_chuva": null, "risco_fogo": null, "bioma": "Caatinga", "id_0": 33, "id_1": 29, "id_2": 2904605, "continente_id": 8, "vegetacao": null, "grade_wrs": "217_070", "frp": 4}, "bbox": [-41.66035, -14.00226, -41.66035, -14.00226]}, {"type": "Feature", "id": "focos_48h_br_todosats.fid--3bf30ddf_19d555fad35_-395f", "geometry": {"type": "Point", "coordinates": [-55.57301, -13.78687]}, "geometry_name": "geometria", "properties": {"id_foco_bdq": 1812522326, "foco_id": "456c49c6-0a48-3d99-82a2-0e01ba847ded", "longitude": -55.57301, "latitude": -13.78687, "data_hora_gmt": "2026-04-03T16:58:00Z", "data_pas": "2026-04-03", "satelite": "NOAA-20", "municipio": "NOVA MUTUM", "estado": "MATO GROSSO", "pais": "Brasil", "precipitacao": null, "numero_dias_sem_chuva": null, "risco_fogo": null, "bioma": "Cerrado", "id_0": 33, "id_1": 51, "id_2": 5106224, "continente_id": 8, "vegetacao": null, "grade_wrs": "226_070", "frp": 5.2}, "bbox": [-55.57301, -13.78687, -55.57301, -13.78687]}, {"type": "Feature", "id": "focos_48h_br_todosats.fid--3bf30ddf_19d555fad35_-395e", "geometry": {"type": "Point", "coordinates": [-52.14637, -12.63979]}, "geometry_name": "geometria", "properties": {"id_foco_bdq": 1812522631, "foco_id": "848a8de8-d72e-3e3a-9012-a41291745555", "longitude": -52.14637, "latitude": -12.63979, "data_hora_gmt": "2026-04-03T16:58:00Z", "data_pas": "2026-04-03", "satelite": "NOAA-20", "municipio": "QUERÊNCIA", "estado": "MATO GROSSO", "pais": "Brasil", "precipitacao": null, "numero_dias_sem_chuva": null, "risco_fogo": null, "bioma": "Amazônia", "id_0": 33, "id_1": 51, "id_2": 5107065, "continente_id": 8, "vegetacao": null, "grade_wrs": "224_069", "frp": 1.9}, "bbox": [-52.14637, -12.63979, -52.14637, -12.63979]}, {"type": "Feature", "id": "focos_48h_br_todosats.fid--3bf30ddf_19d555fad35_-395d", "geometry": {"type": "Point", "coordinates": [-55.57713, -13.78332]}, "geometry_name": "geometria", "properties": {"id_foco_bdq": 1812522794, "foco_id": "d2d8e0b6-827d-3a11-8fc9-166d919e7ca9", "longitude": -55.57713, "latitude": -13.78332, "data_hora_gmt": "2026-04-03T16:58:00Z", "data_pas": "2026-04-03", "satelite": "NOAA-20", "municipio": "NOVA MUTUM", "estado": "MATO GROSSO", "pais": "Brasil", "precipitacao": null, "numero_dias_sem_chuva": null, "risco_fogo": null, "bioma": "Cerrado", "id_0": 33, "id_1": 51, "id_2": 5106224, "continente_id": 8, "vegetacao": null, "grade_wrs": "226_070", "frp": 4.4}, "bbox": [-55.57713, -13.78332, -55.57713, -13.78332]}, {"type": "Feature", "id": "focos_48h_br_todosats.fid--3bf30ddf_19d555fad35_-395c", "geometry": {"type": "Point", "coordinates": [-54.66621, -3.7944]}, "geometry_name": "geometria", "properties": {"id_foco_bdq": 1812522333, "foco_id": "93639c58-5758-3849-94ab-719cf3061f34", "longitude": -54.66621, "latitude": -3.7944, "data_hora_gmt": "2026-04-03T17:00:00Z", "data_pas": "2026-04-03", "satelite": "NOAA-20", "municipio": "PLACAS", "estado": "PARÁ", "pais": "Brasil", "precipitacao": null, "numero_dias_sem_chuva": null, "risco_fogo": null, "bioma": "Amazônia", "id_0": 33, "id_1": 15, "id_2": 1505650, "continente_id": 8, "vegetacao": null, "grade_wrs": "227_063", "frp": 4.9}, "bbox": [-54.66621, -3.7944, -54.66621, -3.7944]}, {"type": "Feature", "id": "focos_48h_br_todosats.fid--3bf30ddf_19d555fad35_-395b", "geometry": {"type": "Point", "coordinates": [-54.66673, -3.79098]}, "geometry_name": "geometria", "properties": {"id_foco_bdq": 1812520748, "foco_id": "5b88cf89-b802-3152-b3db-8a98d8882a40", "longitude": -54.66673, "latitude": -3.79098, "data_hora_gmt": "2026-04-03T17:00:00Z", "data_pas": "2026-04-03", "satelite": "NOAA-20", "municipio": "PLACAS", "estado": "PARÁ", "pais": "Brasil", "precipitacao": null, "numero_dias_sem_chuva": null, "risco_fogo": null, "bioma": "Amazônia", "id_0": 33, "id_1": 15, "id_2": 1505650, "continente_id": 8, "vegetacao": null, "grade_wrs": "227_063", "frp": 4.9}, "bbox": [-54.66673, -3.79098, -54.66673, -3.79098]}, {"type": "Feature", "id": "focos_48h_br_todosats.fid--3bf30ddf_19d555fad35_-395a", "geometry": {"type": "Point", "coordinates": [-47.62579, -1.86754]}, "geometry_name": "geometria", "properties": {"id_foco_bdq": 1812521562, "foco_id": "ba7bab72-cedf-3e53-b95c-8ec4fafdadd4", "longitude": -47.62579, "latitude": -1.86754, "data_hora_gmt": "2026-04-03T17:00:00Z", "data_pas": "2026-04-03", "satelite": "NOAA-20", "municipio": "SÃO DOMINGOS DO CAPIM", "estado": "PARÁ", "pais": "Brasil", "precipitacao": null, "numero_dias_sem_chuva": null, "risco_fogo": null, "bioma": "Amazônia", "id_0": 33, "id_1": 15, "id_2": 1507201, "continente_id": 8, "vegetacao": null, "grade_wrs": "223_061", "frp": 6.6}, "bbox": [-47.62579, -1.86754, -47.62579, -1.86754]}, {"type": "Feature", "id": "focos_48h_br_todosats.fid--3bf30ddf_19d555fad35_-3959", "geometry": {"type": "Point", "coordinates": [-55.8198, -4.12242]}, "geometry_name": "geometria", "properties": {"id_foco_bdq": 1812522565, "foco_id": "ffb0ba44-9ca0-3adf-9642-ea67e77cf56d", "longitude": -55.8198, "latitude": -4.12242, "data_hora_gmt": "2026-04-03T17:00:00Z", "data_pas": "2026-04-03", "satelite": "NOAA-20", "municipio": "ITAITUBA", "estado": "PARÁ", "pais": "Brasil", "precipitacao": null, "numero_dias_sem_chuva": null, "risco_fogo": null, "bioma": "Amazônia", "id_0": 33, "id_1": 15, "id_2": 1503606, "continente_id": 8, "vegetacao": null, "grade_wrs": "228_063", "frp": 3.1}, "bbox": [-55.8198, -4.12242, -55.8198, -4.12242]}, {"type": "Feature", "id": "focos_48h_br_todosats.fid--3bf30ddf_19d555fad35_-3958", "geometry": {"type": "Point", "coordinates": [-47.62515, -1.87174]}, "geometry_name": "geometria", "properties": {"id_foco_bdq": 1812521944, "foco_id": "8fafa58c-acd2-3848-98c6-47575fe22538", "longitude": -47.62515, "latitude": -1.87174, "data_hora_gmt": "2026-04-03T17:00:00Z", "data_pas": "2026-04-03", "satelite": "NOAA-20", "municipio": "SÃO DOMINGOS DO CAPIM", "estado": "PARÁ", "pais": "Brasil", "precipitacao": null, "numero_dias_sem_chuva": null, "risco_fogo": null, "bioma": "Amazônia", "id_0": 33, "id_1": 15, "id_2": 1507201, "continente_id": 8, "vegetacao": null, "grade_wrs": "223_061", "frp": 6.6}, "bbox": [-47.62515, -1.87174, -47.62515, -1.87174]}, {"type": "Feature", "id": "focos_48h_br_todosats.fid--3bf30ddf_19d555fad35_-3957", "geometry": {"type": "Point", "coordinates": [-60.94709, -3.26717]}, "geometry_name": "geometria", "properties": {"id_foco_bdq": 1812520743, "foco_id": "3b0bb5c6-6ec3-39b1-9c6d-2489a03ede94", "longitude": -60.94709, "latitude": -3.26717, "data_hora_gmt": "2026-04-03T17:02:00Z", "data_pas": "2026-04-03", "satelite": "NOAA-20", "municipio": "MANACAPURU", "estado": "AMAZONAS", "pais": "Brasil", "precipitacao": null, "numero_dias_sem_chuva": null, "risco_fogo": null, "bioma": "Amazônia", "id_0": 33, "id_1": 13, "id_2": 1302504, "continente_id": 8, "vegetacao": null, "grade_wrs": "231_062", "frp": 5.7}, "bbox": [-60.94709, -3.26717, -60.94709, -3.26717]}, {"type": "Feature", "id": "focos_48h_br_todosats.fid--3bf30ddf_19d555fad35_-3956", "geometry": {"type": "Point", "coordinates": [-60.32211, 1.1562]}, "geometry_name": "geometria", "properties": {"id_foco_bdq": 1812522461, "foco_id": "f2d5e27f-1dc8-3c3c-9e39-5741d062735c", "longitude": -60.32211, "latitude": 1.1562, "data_hora_gmt": "2026-04-03T17:02:00Z", "data_pas": "2026-04-03", "satelite": "NOAA-20", "municipio": "CARACARAÍ", "estado": "RORAIMA", "pais": "Brasil", "precipitacao": null, "numero_dias_sem_chuva": null, "risco_fogo": null, "bioma": "Amazônia", "id_0": 33, "id_1": 14, "id_2": 1400209, "continente_id": 8, "vegetacao": null, "grade_wrs": "231_059", "frp": 8.3}, "bbox": [-60.32211, 1.1562, -60.32211, 1.1562]}, {"type": "Feature", "id": "focos_48h_br_todosats.fid--3bf30ddf_19d555fad35_-3955", "geometry": {"type": "Point", "coordinates": [-59.0185, -3.35575]}, "geometry_name": "geometria", "properties": {"id_foco_bdq": 1812521961, "foco_id": "16c6d5f3-bdf9-34a7-b104-3a1748e33c48", "longitude": -59.0185, "latitude": -3.35575, "data_hora_gmt": "2026-04-03T17:02:00Z", "data_pas": "2026-04-03", "satelite": "NOAA-20", "municipio": "AUTAZES", "estado": "AMAZONAS", "pais": "Brasil", "precipitacao": null, "numero_dias_sem_chuva": null, "risco_fogo": null, "bioma": "Amazônia", "id_0": 33, "id_1": 13, "id_2": 1300300, "continente_id": 8, "vegetacao": null, "grade_wrs": "230_062", "frp": 4.8}, "bbox": [-59.0185, -3.35575, -59.0185, -3.35575]}, {"type": "Feature", "id": "focos_48h_br_todosats.fid--3bf30ddf_19d555fad35_-3954", "geometry": {"type": "Point", "coordinates": [-60.32489, 0.47526]}, "geometry_name": "geometria", "properties": {"id_foco_bdq": 1812522488, "foco_id": "ad157654-704d-3b7a-9ea2-537ae3df04b9", "longitude": -60.32489, "latitude": 0.47526, "data_hora_gmt": "2026-04-03T17:02:00Z", "data_pas": "2026-04-03", "satelite": "NOAA-20", "municipio": "RORAINÓPOLIS", "estado": "RORAIMA", "pais": "Brasil", "precipitacao": null, "numero_dias_sem_chuva": null, "risco_fogo": null, "bioma": "Amazônia", "id_0": 33, "id_1": 14, "id_2": 1400472, "continente_id": 8, "vegetacao": null, "grade_wrs": "231_060", "frp": 8.5}, "bbox": [-60.32489, 0.47526, -60.32489, 0.47526]}, {"type": "Feature", "id": "focos_48h_br_todosats.fid--3bf30ddf_19d555fad35_-3953", "geometry": {"type": "Point", "coordinates": [-60.66849, 0.05481]}, "geometry_name": "geometria", "properties": {"id_foco_bdq": 1812521538, "foco_id": "758b4226-7607-39aa-b90a-7c4f93f709fa", "longitude": -60.66849, "latitude": 0.05481, "data_hora_gmt": "2026-04-03T17:02:00Z", "data_pas": "2026-04-03", "satelite": "NOAA-20", "municipio": "RORAINÓPOLIS", "estado": "RORAIMA", "pais": "Brasil", "precipitacao": null, "numero_dias_sem_chuva": null, "risco_fogo": null, "bioma": "Amazônia", "id_0": 33, "id_1": 14, "id_2": 1400472, "continente_id": 8, "vegetacao": null, "grade_wrs": "231_060", "frp": 8}, "bbox": [-60.66849, 0.05481, -60.66849, 0.05481]}, {"type": "Feature", "id": "focos_48h_br_todosats.fid--3bf30ddf_19d555fad35_-3952", "geometry": {"type": "Point", "coordinates": [-60.59829, 1.54932]}, "geometry_name": "geometria", "properties": {"id_foco_bdq": 1812521847, "foco_id": "ef260878-5959-3de3-97f7-c19fa095b506", "longitude": -60.59829, "latitude": 1.54932, "data_hora_gmt": "2026-04-03T17:02:00Z", "data_pas": "2026-04-03", "satelite": "NOAA-20", "municipio": "CARACARAÍ", "estado": "RORAIMA", "pais": "Brasil", "precipitacao": null, "numero_dias_sem_chuva": null, "risco_fogo": null, "bioma": "Amazônia", "id_0": 33, "id_1": 14, "id_2": 1400209, "continente_id": 8, "vegetacao": null, "grade_wrs": "232_059", "frp": 23.8}, "bbox": [-60.59829, 1.54932, -60.59829, 1.54932]}, {"type": "Feature", "id": "focos_48h_br_todosats.fid--3bf30ddf_19d555fad35_-3951", "geometry": {"type": "Point", "coordinates": [-60.9508, -3.2685]}, "geometry_name": "geometria", "properties": {"id_foco_bdq": 1812521451, "foco_id": "ce36daab-7bd8-342d-b302-743a440ceb73", "longitude": -60.9508, "latitude": -3.2685, "data_hora_gmt": "2026-04-03T17:02:00Z", "data_pas": "2026-04-03", "satelite": "NOAA-20", "municipio": "MANACAPURU", "estado": "AMAZONAS", "pais": "Brasil", "precipitacao": null, "numero_dias_sem_chuva": null, "risco_fogo": null, "bioma": "Amazônia", "id_0": 33, "id_1": 13, "id_2": 1302504, "continente_id": 8, "vegetacao": null, "grade_wrs": "231_062", "frp": 15.7}, "bbox": [-60.9508, -3.2685, -60.9508, -3.2685]}, {"type": "Feature", "id": "focos_48h_br_todosats.fid--3bf30ddf_19d555fad35_-3950", "geometry": {"type": "Point", "coordinates": [-59.6421, -3.34357]}, "geometry_name": "geometria", "properties": {"id_foco_bdq": 1812521372, "foco_id": "b760b51c-30c2-32b3-a058-09cdd6b66139", "longitude": -59.6421, "latitude": -3.34357, "data_hora_gmt": "2026-04-03T17:02:00Z", "data_pas": "2026-04-03", "satelite": "NOAA-20", "municipio": "CAREIRO DA VÁRZEA", "estado": "AMAZONAS", "pais": "Brasil", "precipitacao": null, "numero_dias_sem_chuva": null, "risco_fogo": null, "bioma": "Amazônia", "id_0": 33, "id_1": 13, "id_2": 1301159, "continente_id": 8, "vegetacao": null, "grade_wrs": "230_062", "frp": 5.6}, "bbox": [-59.6421, -3.34357, -59.6421, -3.34357]}, {"type": "Feature", "id": "focos_48h_br_todosats.fid--3bf30ddf_19d555fad35_-394f", "geometry": {"type": "Point", "coordinates": [-58.38392, -2.97666]}, "geometry_name": "geometria", "properties": {"id_foco_bdq": 1812521259, "foco_id": "19c3218a-5153-3839-aa71-4e4d1b70c5f4", "longitude": -58.38392, "latitude": -2.97666, "data_hora_gmt": "2026-04-03T17:02:00Z", "data_pas": "2026-04-03", "satelite": "NOAA-20", "municipio": "SILVES", "estado": "AMAZONAS", "pais": "Brasil", "precipitacao": null, "numero_dias_sem_chuva": null, "risco_fogo": null, "bioma": "Amazônia", "id_0": 33, "id_1": 13, "id_2": 1304005, "continente_id": 8, "vegetacao": null, "grade_wrs": "230_062", "frp": 3}, "bbox": [-58.38392, -2.97666, -58.38392, -2.97666]}, {"type": "Feature", "id": "focos_48h_br_todosats.fid--3bf30ddf_19d555fad35_-394e", "geometry": {"type": "Point", "coordinates": [-53.14175, -1.32138]}, "geometry_name": "geometria", "properties": {"id_foco_bdq": 1812522595, "foco_id": "620fe6e5-a99f-3569-aeb4-857db79d4132", "longitude": -53.14175, "latitude": -1.32138, "data_hora_gmt": "2026-04-03T17:02:00Z", "data_pas": "2026-04-03", "satelite": "NOAA-20", "municipio": "ALMEIRIM", "estado": "PARÁ", "pais": "Brasil", "precipitacao": null, "numero_dias_sem_chuva": null, "risco_fogo": null, "bioma": "Amazônia", "id_0": 33, "id_1": 15, "id_2": 1500503, "continente_id": 8, "vegetacao": null, "grade_wrs": "226_061", "frp": 7.9}, "bbox": [-53.14175, -1.32138, -53.14175, -1.32138]}, {"type": "Feature", "id": "focos_48h_br_todosats.fid--3bf30ddf_19d555fad35_-394d", "geometry": {"type": "Point", "coordinates": [-53.14961, -1.31581]}, "geometry_name": "geometria", "properties": {"id_foco_bdq": 1812521254, "foco_id": "77a6937d-4857-348c-a297-816dcc039474", "longitude": -53.14961, "latitude": -1.31581, "data_hora_gmt": "2026-04-03T17:02:00Z", "data_pas": "2026-04-03", "satelite": "NOAA-20", "municipio": "ALMEIRIM", "estado": "PARÁ", "pais": "Brasil", "precipitacao": null, "numero_dias_sem_chuva": null, "risco_fogo": null, "bioma": "Amazônia", "id_0": 33, "id_1": 15, "id_2": 1500503, "continente_id": 8, "vegetacao": null, "grade_wrs": "226_061", "frp": 4.9}, "bbox": [-53.14961, -1.31581, -53.14961, -1.31581]}, {"type": "Feature", "id": "focos_48h_br_todosats.fid--3bf30ddf_19d555fad35_-394c", "geometry": {"type": "Point", "coordinates": [-60.30682, 1.35673]}, "geometry_name": "geometria", "properties": {"id_foco_bdq": 1812521252, "foco_id": "02b1d49f-9f27-3920-8836-4f0596deb0b9", "longitude": -60.30682, "latitude": 1.35673, "data_hora_gmt": "2026-04-03T17:02:00Z", "data_pas": "2026-04-03", "satelite": "NOAA-20", "municipio": "CARACARAÍ", "estado": "RORAIMA", "pais": "Brasil", "precipitacao": null, "numero_dias_sem_chuva": null, "risco_fogo": null, "bioma": "Amazônia", "id_0": 33, "id_1": 14, "id_2": 1400209, "continente_id": 8, "vegetacao": null, "grade_wrs": "231_059", "frp": 20.1}, "bbox": [-60.30682, 1.35673, -60.30682, 1.35673]}, {"type": "Feature", "id": "focos_48h_br_todosats.fid--3bf30ddf_19d555fad35_-394b", "geometry": {"type": "Point", "coordinates": [-60.30753, 1.36114]}, "geometry_name": "geometria", "properties": {"id_foco_bdq": 1812522615, "foco_id": "bbaaf794-d69e-323b-9722-37df27a86fb4", "longitude": -60.30753, "latitude": 1.36114, "data_hora_gmt": "2026-04-03T17:02:00Z", "data_pas": "2026-04-03", "satelite": "NOAA-20", "municipio": "CARACARAÍ", "estado": "RORAIMA", "pais": "Brasil", "precipitacao": null, "numero_dias_sem_chuva": null, "risco_fogo": null, "bioma": "Amazônia", "id_0": 33, "id_1": 14, "id_2": 1400209, "continente_id": 8, "vegetacao": null, "grade_wrs": "231_059", "frp": 11.8}, "bbox": [-60.30753, 1.36114, -60.30753, 1.36114]}, {"type": "Feature", "id": "focos_48h_br_todosats.fid--3bf30ddf_19d555fad35_-394a", "geometry": {"type": "Point", "coordinates": [-59.78708, 0.77277]}, "geometry_name": "geometria", "properties": {"id_foco_bdq": 1812521205, "foco_id": "4cd679d4-0bba-379c-91ee-a934a88d342f", "longitude": -59.78708, "latitude": 0.77277, "data_hora_gmt": "2026-04-03T17:02:00Z", "data_pas": "2026-04-03", "satelite": "NOAA-20", "municipio": "CAROEBE", "estado": "RORAIMA", "pais": "Brasil", "precipitacao": null, "numero_dias_sem_chuva": null, "risco_fogo": null, "bioma": "Amazônia", "id_0": 33, "id_1": 14, "id_2": 1400233, "continente_id": 8, "vegetacao": null, "grade_wrs": "231_059", "frp": 6.1}, "bbox": [-59.78708, 0.77277, -59.78708, 0.77277]}, {"type": "Feature", "id": "focos_48h_br_todosats.fid--3bf30ddf_19d555fad35_-3949", "geometry": {"type": "Point", "coordinates": [-53.14568, -1.31859]}, "geometry_name": "geometria", "properties": {"id_foco_bdq": 1812522666, "foco_id": "e8067da8-3444-3da5-8b7b-d3121f8ca310", "longitude": -53.14568, "latitude": -1.31859, "data_hora_gmt": "2026-04-03T17:02:00Z", "data_pas": "2026-04-03", "satelite": "NOAA-20", "municipio": "ALMEIRIM", "estado": "PARÁ", "pais": "Brasil", "precipitacao": null, "numero_dias_sem_chuva": null, "risco_fogo": null, "bioma": "Amazônia", "id_0": 33, "id_1": 15, "id_2": 1500503, "continente_id": 8, "vegetacao": null, "grade_wrs": "226_061", "frp": 6.7}, "bbox": [-53.14568, -1.31859, -53.14568, -1.31859]}, {"type": "Feature", "id": "focos_48h_br_todosats.fid--3bf30ddf_19d555fad35_-3948", "geometry": {"type": "Point", "coordinates": [-60.32575, 1.15108]}, "geometry_name": "geometria", "properties": {"id_foco_bdq": 1812522675, "foco_id": "3f930fe0-a060-36ce-b666-c6bc874c4bf7", "longitude": -60.32575, "latitude": 1.15108, "data_hora_gmt": "2026-04-03T17:02:00Z", "data_pas": "2026-04-03", "satelite": "NOAA-20", "municipio": "CARACARAÍ", "estado": "RORAIMA", "pais": "Brasil", "precipitacao": null, "numero_dias_sem_chuva": null, "risco_fogo": null, "bioma": "Amazônia", "id_0": 33, "id_1": 14, "id_2": 1400209, "continente_id": 8, "vegetacao": null, "grade_wrs": "231_059", "frp": 29.2}, "bbox": [-60.32575, 1.15108, -60.32575, 1.15108]}, {"type": "Feature", "id": "focos_48h_br_todosats.fid--3bf30ddf_19d555fad35_-3947", "geometry": {"type": "Point", "coordinates": [-59.78691, 0.77479]}, "geometry_name": "geometria", "properties": {"id_foco_bdq": 1812521108, "foco_id": "fd695378-3688-3786-95fa-d94112fe06f8", "longitude": -59.78691, "latitude": 0.77479, "data_hora_gmt": "2026-04-03T17:02:00Z", "data_pas": "2026-04-03", "satelite": "NOAA-20", "municipio": "CAROEBE", "estado": "RORAIMA", "pais": "Brasil", "precipitacao": null, "numero_dias_sem_chuva": null, "risco_fogo": null, "bioma": "Amazônia", "id_0": 33, "id_1": 14, "id_2": 1400233, "continente_id": 8, "vegetacao": null, "grade_wrs": "231_059", "frp": 5}, "bbox": [-59.78691, 0.77479, -59.78691, 0.77479]}, {"type": "Feature", "id": "focos_48h_br_todosats.fid--3bf30ddf_19d555fad35_-3946", "geometry": {"type": "Point", "coordinates": [-60.32145, 1.15176]}, "geometry_name": "geometria", "properties": {"id_foco_bdq": 1812520902, "foco_id": "9e427a4a-d50a-3133-b767-7601c43d3cb7", "longitude": -60.32145, "latitude": 1.15176, "data_hora_gmt": "2026-04-03T17:02:00Z", "data_pas": "2026-04-03", "satelite": "NOAA-20", "municipio": "CARACARAÍ", "estado": "RORAIMA", "pais": "Brasil", "precipitacao": null, "numero_dias_sem_chuva": null, "risco_fogo": null, "bioma": "Amazônia", "id_0": 33, "id_1": 14, "id_2": 1400209, "continente_id": 8, "vegetacao": null, "grade_wrs": "231_059", "frp": 8.3}, "bbox": [-60.32145, 1.15176, -60.32145, 1.15176]}, {"type": "Feature", "id": "focos_48h_br_todosats.fid--3bf30ddf_19d555fad35_-3945", "geometry": {"type": "Point", "coordinates": [-59.6428, -3.33903]}, "geometry_name": "geometria", "properties": {"id_foco_bdq": 1812521599, "foco_id": "490f9ca6-4238-3640-82a2-891ffe718664", "longitude": -59.6428, "latitude": -3.33903, "data_hora_gmt": "2026-04-03T17:02:00Z", "data_pas": "2026-04-03", "satelite": "NOAA-20", "municipio": "CAREIRO DA VÁRZEA", "estado": "AMAZONAS", "pais": "Brasil", "precipitacao": null, "numero_dias_sem_chuva": null, "risco_fogo": null, "bioma": "Amazônia", "id_0": 33, "id_1": 13, "id_2": 1301159, "continente_id": 8, "vegetacao": null, "grade_wrs": "230_062", "frp": 4.4}, "bbox": [-59.6428, -3.33903, -59.6428, -3.33903]}, {"type": "Feature", "id": "focos_48h_br_todosats.fid--3bf30ddf_19d555fad35_-3944", "geometry": {"type": "Point", "coordinates": [-60.3111, 1.35605]}, "geometry_name": "geometria", "properties": {"id_foco_bdq": 1812520842, "foco_id": "2482130a-75fd-3619-82f9-afb14aef8bc9", "longitude": -60.3111, "latitude": 1.35605, "data_hora_gmt": "2026-04-03T17:02:00Z", "data_pas": "2026-04-03", "satelite": "NOAA-20", "municipio": "CARACARAÍ", "estado": "RORAIMA", "pais": "Brasil", "precipitacao": null, "numero_dias_sem_chuva": null, "risco_fogo": null, "bioma": "Amazônia", "id_0": 33, "id_1": 14, "id_2": 1400209, "continente_id": 8, "vegetacao": null, "grade_wrs": "231_059", "frp": 17.5}, "bbox": [-60.3111, 1.35605, -60.3111, 1.35605]}, {"type": "Feature", "id": "focos_48h_br_todosats.fid--3bf30ddf_19d555fad35_-3943", "geometry": {"type": "Point", "coordinates": [-52.72178, -1.5425]}, "geometry_name": "geometria", "properties": {"id_foco_bdq": 1812522455, "foco_id": "3c517670-4abc-3cc5-bf99-472955626631", "longitude": -52.72178, "latitude": -1.5425, "data_hora_gmt": "2026-04-03T17:02:00Z", "data_pas": "2026-04-03", "satelite": "NOAA-20", "municipio": "ALMEIRIM", "estado": "PARÁ", "pais": "Brasil", "precipitacao": null, "numero_dias_sem_chuva": null, "risco_fogo": null, "bioma": "Amazônia", "id_0": 33, "id_1": 15, "id_2": 1500503, "continente_id": 8, "vegetacao": null, "grade_wrs": "226_061", "frp": 1.7}, "bbox": [-52.72178, -1.5425, -52.72178, -1.5425]}, {"type": "Feature", "id": "focos_48h_br_todosats.fid--3bf30ddf_19d555fad35_-3942", "geometry": {"type": "Point", "coordinates": [-53.13437, -1.32364]}, "geometry_name": "geometria", "properties": {"id_foco_bdq": 1812522759, "foco_id": "0e5fdf6d-a706-3576-bf2c-f39705e36027", "longitude": -53.13437, "latitude": -1.32364, "data_hora_gmt": "2026-04-03T17:02:00Z", "data_pas": "2026-04-03", "satelite": "NOAA-20", "municipio": "ALMEIRIM", "estado": "PARÁ", "pais": "Brasil", "precipitacao": null, "numero_dias_sem_chuva": null, "risco_fogo": null, "bioma": "Amazônia", "id_0": 33, "id_1": 15, "id_2": 1500503, "continente_id": 8, "vegetacao": null, "grade_wrs": "226_061", "frp": 8.7}, "bbox": [-53.13437, -1.32364, -53.13437, -1.32364]}, {"type": "Feature", "id": "focos_48h_br_todosats.fid--3bf30ddf_19d555fad35_-3941", "geometry": {"type": "Point", "coordinates": [-61.3698, 3.29123]}, "geometry_name": "geometria", "properties": {"id_foco_bdq": 1812522043, "foco_id": "0c693464-0013-3228-ae65-258a47b585de", "longitude": -61.3698, "latitude": 3.29123, "data_hora_gmt": "2026-04-03T17:02:00Z", "data_pas": "2026-04-03", "satelite": "NOAA-20", "municipio": "ALTO ALEGRE", "estado": "RORAIMA", "pais": "Brasil", "precipitacao": null, "numero_dias_sem_chuva": null, "risco_fogo": null, "bioma": "Amazônia", "id_0": 33, "id_1": 14, "id_2": 1400050, "continente_id": 8, "vegetacao": null, "grade_wrs": "232_058", "frp": 12.5}, "bbox": [-61.3698, 3.29123, -61.3698, 3.29123]}, {"type": "Feature", "id": "focos_48h_br_todosats.fid--3bf30ddf_19d555fad35_-3940", "geometry": {"type": "Point", "coordinates": [-60.07834, 4.28143]}, "geometry_name": "geometria", "properties": {"id_foco_bdq": 1812521497, "foco_id": "63f4e9c6-7297-3e09-8fd7-a35c8467f67e", "longitude": -60.07834, "latitude": 4.28143, "data_hora_gmt": "2026-04-03T17:05:00Z", "data_pas": "2026-04-03", "satelite": "NOAA-20", "municipio": "UIRAMUTÃ", "estado": "RORAIMA", "pais": "Brasil", "precipitacao": null, "numero_dias_sem_chuva": null, "risco_fogo": null, "bioma": "Amazônia", "id_0": 33, "id_1": 14, "id_2": 1400704, "continente_id": 8, "vegetacao": null, "grade_wrs": "232_057", "frp": 5.7}, "bbox": [-60.07834, 4.28143, -60.07834, 4.28143]}, {"type": "Feature", "id": "focos_48h_br_todosats.fid--3bf30ddf_19d555fad35_-393f", "geometry": {"type": "Point", "coordinates": [-60.23878, 4.6678]}, "geometry_name": "geometria", "properties": {"id_foco_bdq": 1812521789, "foco_id": "52074724-bc65-31f6-af9a-33e8bd78c4b8", "longitude": -60.23878, "latitude": 4.6678, "data_hora_gmt": "2026-04-03T17:05:00Z", "data_pas": "2026-04-03", "satelite": "NOAA-20", "municipio": "UIRAMUTÃ", "estado": "RORAIMA", "pais": "Brasil", "precipitacao": null, "numero_dias_sem_chuva": null, "risco_fogo": null, "bioma": "Amazônia", "id_0": 33, "id_1": 14, "id_2": 1400704, "continente_id": 8, "vegetacao": null, "grade_wrs": "232_057", "frp": 5.1}, "bbox": [-60.23878, 4.6678, -60.23878, 4.6678]}, {"type": "Feature", "id": "focos_48h_br_todosats.fid--3bf30ddf_19d555fad35_-393e", "geometry": {"type": "Point", "coordinates": [-60.24261, 4.66718]}, "geometry_name": "geometria", "properties": {"id_foco_bdq": 1812521596, "foco_id": "0e49c6a4-83e2-320d-b5bd-dba37549bbac", "longitude": -60.24261, "latitude": 4.66718, "data_hora_gmt": "2026-04-03T17:05:00Z", "data_pas": "2026-04-03", "satelite": "NOAA-20", "municipio": "UIRAMUTÃ", "estado": "RORAIMA", "pais": "Brasil", "precipitacao": null, "numero_dias_sem_chuva": null, "risco_fogo": null, "bioma": "Amazônia", "id_0": 33, "id_1": 14, "id_2": 1400704, "continente_id": 8, "vegetacao": null, "grade_wrs": "232_057", "frp": 5.1}, "bbox": [-60.24261, 4.66718, -60.24261, 4.66718]}, {"type": "Feature", "id": "focos_48h_br_todosats.fid--3bf30ddf_19d555fad35_-393d", "geometry": {"type": "Point", "coordinates": [-60.25393, 4.66536]}, "geometry_name": "geometria", "properties": {"id_foco_bdq": 1812522542, "foco_id": "c0c5b72e-8f33-3db6-adda-f1eef9ab6ae5", "longitude": -60.25393, "latitude": 4.66536, "data_hora_gmt": "2026-04-03T17:05:00Z", "data_pas": "2026-04-03", "satelite": "NOAA-20", "municipio": "UIRAMUTÃ", "estado": "RORAIMA", "pais": "Brasil", "precipitacao": null, "numero_dias_sem_chuva": null, "risco_fogo": null, "bioma": "Amazônia", "id_0": 33, "id_1": 14, "id_2": 1400704, "continente_id": 8, "vegetacao": null, "grade_wrs": "232_057", "frp": 2.7}, "bbox": [-60.25393, 4.66536, -60.25393, 4.66536]}, {"type": "Feature", "id": "focos_48h_br_todosats.fid--3bf30ddf_19d555fad35_-393c", "geometry": {"type": "Point", "coordinates": [-60.2223, 4.66192]}, "geometry_name": "geometria", "properties": {"id_foco_bdq": 1812521984, "foco_id": "260575e7-bd93-3ac9-834b-29aa3bf6a2d4", "longitude": -60.2223, "latitude": 4.66192, "data_hora_gmt": "2026-04-03T17:05:00Z", "data_pas": "2026-04-03", "satelite": "NOAA-20", "municipio": "UIRAMUTÃ", "estado": "RORAIMA", "pais": "Brasil", "precipitacao": null, "numero_dias_sem_chuva": null, "risco_fogo": null, "bioma": "Amazônia", "id_0": 33, "id_1": 14, "id_2": 1400704, "continente_id": 8, "vegetacao": null, "grade_wrs": "232_057", "frp": 5.9}, "bbox": [-60.2223, 4.66192, -60.2223, 4.66192]}, {"type": "Feature", "id": "focos_48h_br_todosats.fid--3bf30ddf_19d555fad35_-393b", "geometry": {"type": "Point", "coordinates": [-60.3919, 4.56951]}, "geometry_name": "geometria", "properties": {"id_foco_bdq": 1812522694, "foco_id": "71ba4461-7b4b-35c4-b422-ac460d4d2590", "longitude": -60.3919, "latitude": 4.56951, "data_hora_gmt": "2026-04-03T17:05:00Z", "data_pas": "2026-04-03", "satelite": "NOAA-20", "municipio": "UIRAMUTÃ", "estado": "RORAIMA", "pais": "Brasil", "precipitacao": null, "numero_dias_sem_chuva": null, "risco_fogo": null, "bioma": "Amazônia", "id_0": 33, "id_1": 14, "id_2": 1400704, "continente_id": 8, "vegetacao": null, "grade_wrs": "232_057", "frp": 3.3}, "bbox": [-60.3919, 4.56951, -60.3919, 4.56951]}, {"type": "Feature", "id": "focos_48h_br_todosats.fid--3bf30ddf_19d555fad35_-393a", "geometry": {"type": "Point", "coordinates": [-61.35678, 4.12084]}, "geometry_name": "geometria", "properties": {"id_foco_bdq": 1812520830, "foco_id": "109f597a-6046-3f69-883f-6381aa489fc6", "longitude": -61.35678, "latitude": 4.12084, "data_hora_gmt": "2026-04-03T17:05:00Z", "data_pas": "2026-04-03", "satelite": "NOAA-20", "municipio": "AMAJARI", "estado": "RORAIMA", "pais": "Brasil", "precipitacao": null, "numero_dias_sem_chuva": null, "risco_fogo": null, "bioma": "Amazônia", "id_0": 33, "id_1": 14, "id_2": 1400027, "continente_id": 8, "vegetacao": null, "grade_wrs": "232_057", "frp": 19.3}, "bbox": [-61.35678, 4.12084, -61.35678, 4.12084]}, {"type": "Feature", "id": "focos_48h_br_todosats.fid--3bf30ddf_19d555fad35_-3939", "geometry": {"type": "Point", "coordinates": [-51.60575, -29.40671]}, "geometry_name": "geometria", "properties": {"id_foco_bdq": 1812526048, "foco_id": "22d8dc38-e200-37ed-b53a-53d1e8e09094", "longitude": -51.60575, "latitude": -29.40671, "data_hora_gmt": "2026-04-03T17:41:00Z", "data_pas": "2026-04-03", "satelite": "NOAA-21", "municipio": "BARÃO", "estado": "RIO GRANDE DO SUL", "pais": "Brasil", "precipitacao": null, "numero_dias_sem_chuva": null, "risco_fogo": null, "bioma": "Mata Atlântica", "id_0": 33, "id_1": 43, "id_2": 4301651, "continente_id": 8, "vegetacao": null, "grade_wrs": "221_080", "frp": 2.2}, "bbox": [-51.60575, -29.40671, -51.60575, -29.40671]}, {"type": "Feature", "id": "focos_48h_br_todosats.fid--3bf30ddf_19d555fad35_-3938", "geometry": {"type": "Point", "coordinates": [-51.06126, -29.54437]}, "geometry_name": "geometria", "properties": {"id_foco_bdq": 1812526590, "foco_id": "9ec266a2-c700-3b0d-baf0-2a112e0d008c", "longitude": -51.06126, "latitude": -29.54437, "data_hora_gmt": "2026-04-03T17:41:00Z", "data_pas": "2026-04-03", "satelite": "NOAA-21", "municipio": "MORRO REUTER", "estado": "RIO GRANDE DO SUL", "pais": "Brasil", "precipitacao": null, "numero_dias_sem_chuva": null, "risco_fogo": null, "bioma": "Mata Atlântica", "id_0": 33, "id_1": 43, "id_2": 4312476, "continente_id": 8, "vegetacao": null, "grade_wrs": "221_080", "frp": 9.1}, "bbox": [-51.06126, -29.54437, -51.06126, -29.54437]}, {"type": "Feature", "id": "focos_48h_br_todosats.fid--3bf30ddf_19d555fad35_-3937", "geometry": {"type": "Point", "coordinates": [-55.65668, -28.9815]}, "geometry_name": "geometria", "properties": {"id_foco_bdq": 1812526220, "foco_id": "9a46b768-89ef-32df-b5eb-434504d133db", "longitude": -55.65668, "latitude": -28.9815, "data_hora_gmt": "2026-04-03T17:41:00Z", "data_pas": "2026-04-03", "satelite": "NOAA-21", "municipio": "SÃO BORJA", "estado": "RIO GRANDE DO SUL", "pais": "Brasil", "precipitacao": null, "numero_dias_sem_chuva": null, "risco_fogo": null, "bioma": "Pampa", "id_0": 33, "id_1": 43, "id_2": 4318002, "continente_id": 8, "vegetacao": null, "grade_wrs": "224_080", "frp": 3}, "bbox": [-55.65668, -28.9815, -55.65668, -28.9815]}, {"type": "Feature", "id": "focos_48h_br_todosats.fid--3bf30ddf_19d555fad35_-3936", "geometry": {"type": "Point", "coordinates": [-52.90009, -31.60788]}, "geometry_name": "geometria", "properties": {"id_foco_bdq": 1812525868, "foco_id": "915cb169-f3f9-376d-b387-168e98670a0e", "longitude": -52.90009, "latitude": -31.60788, "data_hora_gmt": "2026-04-03T17:41:00Z", "data_pas": "2026-04-03", "satelite": "NOAA-21", "municipio": "CANGUÇU", "estado": "RIO GRANDE DO SUL", "pais": "Brasil", "precipitacao": null, "numero_dias_sem_chuva": null, "risco_fogo": null, "bioma": "Pampa", "id_0": 33, "id_1": 43, "id_2": 4304507, "continente_id": 8, "vegetacao": null, "grade_wrs": "222_082", "frp": 3.3}, "bbox": [-52.90009, -31.60788, -52.90009, -31.60788]}, {"type": "Feature", "id": "focos_48h_br_todosats.fid--3bf30ddf_19d555fad35_-3935", "geometry": {"type": "Point", "coordinates": [-55.32508, -23.77446]}, "geometry_name": "geometria", "properties": {"id_foco_bdq": 1812526478, "foco_id": "2b511d7b-cc41-38d9-b827-fa6a547b866d", "longitude": -55.32508, "latitude": -23.77446, "data_hora_gmt": "2026-04-03T17:43:00Z", "data_pas": "2026-04-03", "satelite": "NOAA-21", "municipio": "PARANHOS", "estado": "MATO GROSSO DO SUL", "pais": "Brasil", "precipitacao": null, "numero_dias_sem_chuva": null, "risco_fogo": null, "bioma": "Mata Atlântica", "id_0": 33, "id_1": 50, "id_2": 5006358, "continente_id": 8, "vegetacao": null, "grade_wrs": "225_076", "frp": 13.6}, "bbox": [-55.32508, -23.77446, -55.32508, -23.77446]}, {"type": "Feature", "id": "focos_48h_br_todosats.fid--3bf30ddf_19d555fad35_-3934", "geometry": {"type": "Point", "coordinates": [-55.32981, -23.77947]}, "geometry_name": "geometria", "properties": {"id_foco_bdq": 1812527106, "foco_id": "405efbeb-b35e-352d-87ce-c3a739cdb3f2", "longitude": -55.32981, "latitude": -23.77947, "data_hora_gmt": "2026-04-03T17:43:00Z", "data_pas": "2026-04-03", "satelite": "NOAA-21", "municipio": "PARANHOS", "estado": "MATO GROSSO DO SUL", "pais": "Brasil", "precipitacao": null, "numero_dias_sem_chuva": null, "risco_fogo": null, "bioma": "Mata Atlântica", "id_0": 33, "id_1": 50, "id_2": 5006358, "continente_id": 8, "vegetacao": null, "grade_wrs": "225_076", "frp": 5.4}, "bbox": [-55.32981, -23.77947, -55.32981, -23.77947]}, {"type": "Feature", "id": "focos_48h_br_todosats.fid--3bf30ddf_19d555fad35_-3933", "geometry": {"type": "Point", "coordinates": [-53.70433, -27.40502]}, "geometry_name": "geometria", "properties": {"id_foco_bdq": 1812526332, "foco_id": "c12693c7-47e9-30d4-9c8b-569a42b6def6", "longitude": -53.70433, "latitude": -27.40502, "data_hora_gmt": "2026-04-03T17:43:00Z", "data_pas": "2026-04-03", "satelite": "NOAA-21", "municipio": "TENENTE PORTELA", "estado": "RIO GRANDE DO SUL", "pais": "Brasil", "precipitacao": null, "numero_dias_sem_chuva": null, "risco_fogo": null, "bioma": "Mata Atlântica", "id_0": 33, "id_1": 43, "id_2": 4321402, "continente_id": 8, "vegetacao": null, "grade_wrs": "223_079", "frp": 3.9}, "bbox": [-53.70433, -27.40502, -53.70433, -27.40502]}, {"type": "Feature", "id": "focos_48h_br_todosats.fid--3bf30ddf_19d555fad35_-3932", "geometry": {"type": "Point", "coordinates": [-55.31774, -23.78133]}, "geometry_name": "geometria", "properties": {"id_foco_bdq": 1812525657, "foco_id": "9ea3ac65-1022-3bd1-933b-fcb77cfadeb6", "longitude": -55.31774, "latitude": -23.78133, "data_hora_gmt": "2026-04-03T17:43:00Z", "data_pas": "2026-04-03", "satelite": "NOAA-21", "municipio": "PARANHOS", "estado": "MATO GROSSO DO SUL", "pais": "Brasil", "precipitacao": null, "numero_dias_sem_chuva": null, "risco_fogo": null, "bioma": "Mata Atlântica", "id_0": 33, "id_1": 50, "id_2": 5006358, "continente_id": 8, "vegetacao": null, "grade_wrs": "225_076", "frp": 7.4}, "bbox": [-55.31774, -23.78133, -55.31774, -23.78133]}, {"type": "Feature", "id": "focos_48h_br_todosats.fid--3bf30ddf_19d555fad35_-3931", "geometry": {"type": "Point", "coordinates": [-56.96877, -22.18208]}, "geometry_name": "geometria", "properties": {"id_foco_bdq": 1812526040, "foco_id": "45dd8e68-08f9-3938-b2a2-e5af84f6154d", "longitude": -56.96877, "latitude": -22.18208, "data_hora_gmt": "2026-04-03T17:43:00Z", "data_pas": "2026-04-03", "satelite": "NOAA-21", "municipio": "BELA VISTA", "estado": "MATO GROSSO DO SUL", "pais": "Brasil", "precipitacao": null, "numero_dias_sem_chuva": null, "risco_fogo": null, "bioma": "Cerrado", "id_0": 33, "id_1": 50, "id_2": 5002100, "continente_id": 8, "vegetacao": null, "grade_wrs": "226_075", "frp": 5.6}, "bbox": [-56.96877, -22.18208, -56.96877, -22.18208]}, {"type": "Feature", "id": "focos_48h_br_todosats.fid--3bf30ddf_19d555fad35_-3930", "geometry": {"type": "Point", "coordinates": [-51.48996, -21.1568]}, "geometry_name": "geometria", "properties": {"id_foco_bdq": 1812526452, "foco_id": "5b7ed905-fc55-3db1-b16d-f23d717a05d0", "longitude": -51.48996, "latitude": -21.1568, "data_hora_gmt": "2026-04-03T17:43:00Z", "data_pas": "2026-04-03", "satelite": "NOAA-21", "municipio": "NOVA INDEPENDÊNCIA", "estado": "SÃO PAULO", "pais": "Brasil", "precipitacao": null, "numero_dias_sem_chuva": null, "risco_fogo": null, "bioma": "Mata Atlântica", "id_0": 33, "id_1": 35, "id_2": 3533205, "continente_id": 8, "vegetacao": null, "grade_wrs": "223_075", "frp": 0.7}, "bbox": [-51.48996, -21.1568, -51.48996, -21.1568]}, {"type": "Feature", "id": "focos_48h_br_todosats.fid--3bf30ddf_19d555fad35_-392f", "geometry": {"type": "Point", "coordinates": [-55.32338, -23.78238]}, "geometry_name": "geometria", "properties": {"id_foco_bdq": 1812527058, "foco_id": "a41b5f82-5001-3c31-9c48-f130e50f6ed9", "longitude": -55.32338, "latitude": -23.78238, "data_hora_gmt": "2026-04-03T17:43:00Z", "data_pas": "2026-04-03", "satelite": "NOAA-21", "municipio": "PARANHOS", "estado": "MATO GROSSO DO SUL", "pais": "Brasil", "precipitacao": null, "numero_dias_sem_chuva": null, "risco_fogo": null, "bioma": "Mata Atlântica", "id_0": 33, "id_1": 50, "id_2": 5006358, "continente_id": 8, "vegetacao": null, "grade_wrs": "225_076", "frp": 7.4}, "bbox": [-55.32338, -23.78238, -55.32338, -23.78238]}, {"type": "Feature", "id": "focos_48h_br_todosats.fid--3bf30ddf_19d555fad35_-392e", "geometry": {"type": "Point", "coordinates": [-49.39567, -23.85391]}, "geometry_name": "geometria", "properties": {"id_foco_bdq": 1812525769, "foco_id": "9c770c8e-ce4a-32f2-9390-b4c0dbcd8528", "longitude": -49.39567, "latitude": -23.85391, "data_hora_gmt": "2026-04-03T17:43:00Z", "data_pas": "2026-04-03", "satelite": "NOAA-21", "municipio": "RIVERSUL", "estado": "SÃO PAULO", "pais": "Brasil", "precipitacao": null, "numero_dias_sem_chuva": null, "risco_fogo": null, "bioma": "Mata Atlântica", "id_0": 33, "id_1": 35, "id_2": 3543501, "continente_id": 8, "vegetacao": null, "grade_wrs": "221_076", "frp": 4.5}, "bbox": [-49.39567, -23.85391, -49.39567, -23.85391]}, {"type": "Feature", "id": "focos_48h_br_todosats.fid--3bf30ddf_19d555fad35_-392d", "geometry": {"type": "Point", "coordinates": [-54.9441, -23.70677]}, "geometry_name": "geometria", "properties": {"id_foco_bdq": 1812526532, "foco_id": "ffaaff0c-2584-33f3-8f63-7eb17e8e5875", "longitude": -54.9441, "latitude": -23.70677, "data_hora_gmt": "2026-04-03T17:43:00Z", "data_pas": "2026-04-03", "satelite": "NOAA-21", "municipio": "TACURU", "estado": "MATO GROSSO DO SUL", "pais": "Brasil", "precipitacao": null, "numero_dias_sem_chuva": null, "risco_fogo": null, "bioma": "Mata Atlântica", "id_0": 33, "id_1": 50, "id_2": 5007950, "continente_id": 8, "vegetacao": null, "grade_wrs": "224_076", "frp": 2.6}, "bbox": [-54.9441, -23.70677, -54.9441, -23.70677]}, {"type": "Feature", "id": "focos_48h_br_todosats.fid--3bf30ddf_19d555fad35_-392c", "geometry": {"type": "Point", "coordinates": [-53.55486, -15.96995]}, "geometry_name": "geometria", "properties": {"id_foco_bdq": 1812526808, "foco_id": "a93fc8a1-f7fb-31a9-b1f1-48bc97c3e490", "longitude": -53.55486, "latitude": -15.96995, "data_hora_gmt": "2026-04-03T17:45:00Z", "data_pas": "2026-04-03", "satelite": "NOAA-21", "municipio": "TESOURO", "estado": "MATO GROSSO", "pais": "Brasil", "precipitacao": null, "numero_dias_sem_chuva": null, "risco_fogo": null, "bioma": "Cerrado", "id_0": 33, "id_1": 51, "id_2": 5108105, "continente_id": 8, "vegetacao": null, "grade_wrs": "225_071", "frp": 8.4}, "bbox": [-53.55486, -15.96995, -53.55486, -15.96995]}, {"type": "Feature", "id": "focos_48h_br_todosats.fid--3bf30ddf_19d555fad35_-392b", "geometry": {"type": "Point", "coordinates": [-48.5446, -18.79984]}, "geometry_name": "geometria", "properties": {"id_foco_bdq": 1812525723, "foco_id": "4be0ef7b-fe87-39ba-a795-3db65c8f0a17", "longitude": -48.5446, "latitude": -18.79984, "data_hora_gmt": "2026-04-03T17:45:00Z", "data_pas": "2026-04-03", "satelite": "NOAA-21", "municipio": "UBERLÂNDIA", "estado": "MINAS GERAIS", "pais": "Brasil", "precipitacao": null, "numero_dias_sem_chuva": null, "risco_fogo": null, "bioma": "Cerrado", "id_0": 33, "id_1": 31, "id_2": 3170206, "continente_id": 8, "vegetacao": null, "grade_wrs": "221_073", "frp": 17.1}, "bbox": [-48.5446, -18.79984, -48.5446, -18.79984]}, {"type": "Feature", "id": "focos_48h_br_todosats.fid--3bf30ddf_19d555fad35_-392a", "geometry": {"type": "Point", "coordinates": [-54.73229, -20.48338]}, "geometry_name": "geometria", "properties": {"id_foco_bdq": 1812525953, "foco_id": "8f4135b0-e431-3f1b-b2d5-f0c578f81bb6", "longitude": -54.73229, "latitude": -20.48338, "data_hora_gmt": "2026-04-03T17:45:00Z", "data_pas": "2026-04-03", "satelite": "NOAA-21", "municipio": "CAMPO GRANDE", "estado": "MATO GROSSO DO SUL", "pais": "Brasil", "precipitacao": null, "numero_dias_sem_chuva": null, "risco_fogo": null, "bioma": "Cerrado", "id_0": 33, "id_1": 50, "id_2": 5002704, "continente_id": 8, "vegetacao": null, "grade_wrs": "225_074", "frp": 2.7}, "bbox": [-54.73229, -20.48338, -54.73229, -20.48338]}, {"type": "Feature", "id": "focos_48h_br_todosats.fid--3bf30ddf_19d555fad35_-3929", "geometry": {"type": "Point", "coordinates": [-51.3889, -12.44552]}, "geometry_name": "geometria", "properties": {"id_foco_bdq": 1812526334, "foco_id": "70ec7642-4bff-36e9-a6dc-5e270d4f363c", "longitude": -51.3889, "latitude": -12.44552, "data_hora_gmt": "2026-04-03T17:45:00Z", "data_pas": "2026-04-03", "satelite": "NOAA-21", "municipio": "BOM JESUS DO ARAGUAIA", "estado": "MATO GROSSO", "pais": "Brasil", "precipitacao": null, "numero_dias_sem_chuva": null, "risco_fogo": null, "bioma": "Cerrado", "id_0": 33, "id_1": 51, "id_2": 5101852, "continente_id": 8, "vegetacao": null, "grade_wrs": "224_069", "frp": 9.4}, "bbox": [-51.3889, -12.44552, -51.3889, -12.44552]}, {"type": "Feature", "id": "focos_48h_br_todosats.fid--3bf30ddf_19d555fad35_-3928", "geometry": {"type": "Point", "coordinates": [-51.39242, -12.44216]}, "geometry_name": "geometria", "properties": {"id_foco_bdq": 1812527053, "foco_id": "de0898ce-9e8d-36e6-907d-6169a3487257", "longitude": -51.39242, "latitude": -12.44216, "data_hora_gmt": "2026-04-03T17:45:00Z", "data_pas": "2026-04-03", "satelite": "NOAA-21", "municipio": "BOM JESUS DO ARAGUAIA", "estado": "MATO GROSSO", "pais": "Brasil", "precipitacao": null, "numero_dias_sem_chuva": null, "risco_fogo": null, "bioma": "Cerrado", "id_0": 33, "id_1": 51, "id_2": 5101852, "continente_id": 8, "vegetacao": null, "grade_wrs": "224_069", "frp": 7.7}, "bbox": [-51.39242, -12.44216, -51.39242, -12.44216]}, {"type": "Feature", "id": "focos_48h_br_todosats.fid--3bf30ddf_19d555fad35_-3927", "geometry": {"type": "Point", "coordinates": [-50.84423, -11.86072]}, "geometry_name": "geometria", "properties": {"id_foco_bdq": 1812527099, "foco_id": "61fe903f-d6c1-3670-995e-95ebd74bd074", "longitude": -50.84423, "latitude": -11.86072, "data_hora_gmt": "2026-04-03T17:47:00Z", "data_pas": "2026-04-03", "satelite": "NOAA-21", "municipio": "SÃO FÉLIX DO ARAGUAIA", "estado": "MATO GROSSO", "pais": "Brasil", "precipitacao": null, "numero_dias_sem_chuva": null, "risco_fogo": null, "bioma": "Cerrado", "id_0": 33, "id_1": 51, "id_2": 5107859, "continente_id": 8, "vegetacao": null, "grade_wrs": "223_068", "frp": 5}, "bbox": [-50.84423, -11.86072, -50.84423, -11.86072]}, {"type": "Feature", "id": "focos_48h_br_todosats.fid--3bf30ddf_19d555fad35_-3926", "geometry": {"type": "Point", "coordinates": [-54.611, -6.808]}, "geometry_name": "geometria", "properties": {"id_foco_bdq": 1812526812, "foco_id": "3255d878-db86-3286-aa6f-de52b3aa7a61", "longitude": -54.611, "latitude": -6.808, "data_hora_gmt": "2026-04-03T17:47:00Z", "data_pas": "2026-04-03", "satelite": "NOAA-21", "municipio": "ALTAMIRA", "estado": "PARÁ", "pais": "Brasil", "precipitacao": null, "numero_dias_sem_chuva": null, "risco_fogo": null, "bioma": "Amazônia", "id_0": 33, "id_1": 15, "id_2": 1500602, "continente_id": 8, "vegetacao": null, "grade_wrs": "227_065", "frp": 2.2}, "bbox": [-54.611, -6.808, -54.611, -6.808]}, {"type": "Feature", "id": "focos_48h_br_todosats.fid--3bf30ddf_19d555fad35_-3925", "geometry": {"type": "Point", "coordinates": [-62.0202, -11.22837]}, "geometry_name": "geometria", "properties": {"id_foco_bdq": 1812525691, "foco_id": "6261bd6c-884b-3a2b-ae7f-84b394840c3b", "longitude": -62.0202, "latitude": -11.22837, "data_hora_gmt": "2026-04-03T17:47:00Z", "data_pas": "2026-04-03", "satelite": "NOAA-21", "municipio": "PRESIDENTE MÉDICI", "estado": "RONDÔNIA", "pais": "Brasil", "precipitacao": null, "numero_dias_sem_chuva": null, "risco_fogo": null, "bioma": "Amazônia", "id_0": 33, "id_1": 11, "id_2": 1100254, "continente_id": 8, "vegetacao": null, "grade_wrs": "231_068", "frp": 2}, "bbox": [-62.0202, -11.22837, -62.0202, -11.22837]}, {"type": "Feature", "id": "focos_48h_br_todosats.fid--3bf30ddf_19d555fad35_-3924", "geometry": {"type": "Point", "coordinates": [-59.19612, -9.46245]}, "geometry_name": "geometria", "properties": {"id_foco_bdq": 1812526385, "foco_id": "7fc6220b-07ea-3bc7-b60f-f23ddaa80280", "longitude": -59.19612, "latitude": -9.46245, "data_hora_gmt": "2026-04-03T17:47:00Z", "data_pas": "2026-04-03", "satelite": "NOAA-21", "municipio": "COLNIZA", "estado": "MATO GROSSO", "pais": "Brasil", "precipitacao": null, "numero_dias_sem_chuva": null, "risco_fogo": null, "bioma": "Amazônia", "id_0": 33, "id_1": 51, "id_2": 5103254, "continente_id": 8, "vegetacao": null, "grade_wrs": "229_067", "frp": 2.8}, "bbox": [-59.19612, -9.46245, -59.19612, -9.46245]}, {"type": "Feature", "id": "focos_48h_br_todosats.fid--3bf30ddf_19d555fad35_-3923", "geometry": {"type": "Point", "coordinates": [-59.64388, -3.34162]}, "geometry_name": "geometria", "properties": {"id_foco_bdq": 1812525587, "foco_id": "f953d58c-c58b-3a53-a346-ee9f839c4311", "longitude": -59.64388, "latitude": -3.34162, "data_hora_gmt": "2026-04-03T17:49:00Z", "data_pas": "2026-04-03", "satelite": "NOAA-21", "municipio": "CAREIRO DA VÁRZEA", "estado": "AMAZONAS", "pais": "Brasil", "precipitacao": null, "numero_dias_sem_chuva": null, "risco_fogo": null, "bioma": "Amazônia", "id_0": 33, "id_1": 13, "id_2": 1301159, "continente_id": 8, "vegetacao": null, "grade_wrs": "230_062", "frp": 4.5}, "bbox": [-59.64388, -3.34162, -59.64388, -3.34162]}, {"type": "Feature", "id": "focos_48h_br_todosats.fid--3bf30ddf_19d555fad35_-3922", "geometry": {"type": "Point", "coordinates": [-60.66998, 0.05726]}, "geometry_name": "geometria", "properties": {"id_foco_bdq": 1812526930, "foco_id": "6ab78e5d-3945-3a56-9b0b-2152dd4e2609", "longitude": -60.66998, "latitude": 0.05726, "data_hora_gmt": "2026-04-03T17:49:00Z", "data_pas": "2026-04-03", "satelite": "NOAA-21", "municipio": "RORAINÓPOLIS", "estado": "RORAIMA", "pais": "Brasil", "precipitacao": null, "numero_dias_sem_chuva": null, "risco_fogo": null, "bioma": "Amazônia", "id_0": 33, "id_1": 14, "id_2": 1400472, "continente_id": 8, "vegetacao": null, "grade_wrs": "231_060", "frp": 26.7}, "bbox": [-60.66998, 0.05726, -60.66998, 0.05726]}, {"type": "Feature", "id": "focos_48h_br_todosats.fid--3bf30ddf_19d555fad35_-3921", "geometry": {"type": "Point", "coordinates": [-60.44126, -3.28652]}, "geometry_name": "geometria", "properties": {"id_foco_bdq": 1812525837, "foco_id": "958784da-613d-353b-b6df-0c0742bc7850", "longitude": -60.44126, "latitude": -3.28652, "data_hora_gmt": "2026-04-03T17:49:00Z", "data_pas": "2026-04-03", "satelite": "NOAA-21", "municipio": "MANACAPURU", "estado": "AMAZONAS", "pais": "Brasil", "precipitacao": null, "numero_dias_sem_chuva": null, "risco_fogo": null, "bioma": "Amazônia", "id_0": 33, "id_1": 13, "id_2": 1302504, "continente_id": 8, "vegetacao": null, "grade_wrs": "231_062", "frp": 3.2}, "bbox": [-60.44126, -3.28652, -60.44126, -3.28652]}, {"type": "Feature", "id": "focos_48h_br_todosats.fid--3bf30ddf_19d555fad35_-3920", "geometry": {"type": "Point", "coordinates": [-55.99124, -6.47292]}, "geometry_name": "geometria", "properties": {"id_foco_bdq": 1812526030, "foco_id": "9aee9e24-77a3-3d8e-8497-d7b852846296", "longitude": -55.99124, "latitude": -6.47292, "data_hora_gmt": "2026-04-03T17:49:00Z", "data_pas": "2026-04-03", "satelite": "NOAA-21", "municipio": "ITAITUBA", "estado": "PARÁ", "pais": "Brasil", "precipitacao": null, "numero_dias_sem_chuva": null, "risco_fogo": null, "bioma": "Amazônia", "id_0": 33, "id_1": 15, "id_2": 1503606, "continente_id": 8, "vegetacao": null, "grade_wrs": "228_064", "frp": 5.1}, "bbox": [-55.99124, -6.47292, -55.99124, -6.47292]}, {"type": "Feature", "id": "focos_48h_br_todosats.fid--3bf30ddf_19d555fad35_-391f", "geometry": {"type": "Point", "coordinates": [-59.96407, -4.93488]}, "geometry_name": "geometria", "properties": {"id_foco_bdq": 1812526059, "foco_id": "c003b9fd-c9d0-3921-879e-e15fb2dae5ed", "longitude": -59.96407, "latitude": -4.93488, "data_hora_gmt": "2026-04-03T17:49:00Z", "data_pas": "2026-04-03", "satelite": "NOAA-21", "municipio": "NOVO ARIPUANÃ", "estado": "AMAZONAS", "pais": "Brasil", "precipitacao": null, "numero_dias_sem_chuva": null, "risco_fogo": null, "bioma": "Amazônia", "id_0": 33, "id_1": 13, "id_2": 1303304, "continente_id": 8, "vegetacao": null, "grade_wrs": "230_063", "frp": 13.1}, "bbox": [-59.96407, -4.93488, -59.96407, -4.93488]}, {"type": "Feature", "id": "focos_48h_br_todosats.fid--3bf30ddf_19d555fad35_-391e", "geometry": {"type": "Point", "coordinates": [-62.59216, -6.12464]}, "geometry_name": "geometria", "properties": {"id_foco_bdq": 1812525945, "foco_id": "99b80fc1-5c6b-3e43-a9e2-5ce8cf251a53", "longitude": -62.59216, "latitude": -6.12464, "data_hora_gmt": "2026-04-03T17:49:00Z", "data_pas": "2026-04-03", "satelite": "NOAA-21", "municipio": "TAPAUÁ", "estado": "AMAZONAS", "pais": "Brasil", "precipitacao": null, "numero_dias_sem_chuva": null, "risco_fogo": null, "bioma": "Amazônia", "id_0": 33, "id_1": 13, "id_2": 1304104, "continente_id": 8, "vegetacao": null, "grade_wrs": "232_064", "frp": 2.8}, "bbox": [-62.59216, -6.12464, -62.59216, -6.12464]}, {"type": "Feature", "id": "focos_48h_br_todosats.fid--3bf30ddf_19d555fad35_-391d", "geometry": {"type": "Point", "coordinates": [-62.58836, -6.12404]}, "geometry_name": "geometria", "properties": {"id_foco_bdq": 1812527051, "foco_id": "766736fb-198f-3a0e-813f-5823c7f61d8e", "longitude": -62.58836, "latitude": -6.12404, "data_hora_gmt": "2026-04-03T17:49:00Z", "data_pas": "2026-04-03", "satelite": "NOAA-21", "municipio": "MANICORÉ", "estado": "AMAZONAS", "pais": "Brasil", "precipitacao": null, "numero_dias_sem_chuva": null, "risco_fogo": null, "bioma": "Amazônia", "id_0": 33, "id_1": 13, "id_2": 1302702, "continente_id": 8, "vegetacao": null, "grade_wrs": "232_064", "frp": 2.8}, "bbox": [-62.58836, -6.12404, -62.58836, -6.12404]}, {"type": "Feature", "id": "focos_48h_br_todosats.fid--3bf30ddf_19d555fad35_-391c", "geometry": {"type": "Point", "coordinates": [-59.65081, -3.6554]}, "geometry_name": "geometria", "properties": {"id_foco_bdq": 1812526850, "foco_id": "f980b9cd-0808-3622-9626-c60b0f175636", "longitude": -59.65081, "latitude": -3.6554, "data_hora_gmt": "2026-04-03T17:49:00Z", "data_pas": "2026-04-03", "satelite": "NOAA-21", "municipio": "AUTAZES", "estado": "AMAZONAS", "pais": "Brasil", "precipitacao": null, "numero_dias_sem_chuva": null, "risco_fogo": null, "bioma": "Amazônia", "id_0": 33, "id_1": 13, "id_2": 1300300, "continente_id": 8, "vegetacao": null, "grade_wrs": "230_063", "frp": 7.5}, "bbox": [-59.65081, -3.6554, -59.65081, -3.6554]}, {"type": "Feature", "id": "focos_48h_br_todosats.fid--3bf30ddf_19d555fad35_-391b", "geometry": {"type": "Point", "coordinates": [-64.69417, -3.35642]}, "geometry_name": "geometria", "properties": {"id_foco_bdq": 1812526881, "foco_id": "5e7aa486-9728-34e6-8e33-2a5937396746", "longitude": -64.69417, "latitude": -3.35642, "data_hora_gmt": "2026-04-03T17:49:00Z", "data_pas": "2026-04-03", "satelite": "NOAA-21", "municipio": "TEFÉ", "estado": "AMAZONAS", "pais": "Brasil", "precipitacao": null, "numero_dias_sem_chuva": null, "risco_fogo": null, "bioma": "Amazônia", "id_0": 33, "id_1": 13, "id_2": 1304203, "continente_id": 8, "vegetacao": null, "grade_wrs": "001_062", "frp": 2.5}, "bbox": [-64.69417, -3.35642, -64.69417, -3.35642]}, {"type": "Feature", "id": "focos_48h_br_todosats.fid--3bf30ddf_19d555fad35_-391a", "geometry": {"type": "Point", "coordinates": [-60.12425, 4.61126]}, "geometry_name": "geometria", "properties": {"id_foco_bdq": 1812526394, "foco_id": "44d0dcc0-5ee2-3178-bfd8-945351110211", "longitude": -60.12425, "latitude": 4.61126, "data_hora_gmt": "2026-04-03T17:52:00Z", "data_pas": "2026-04-03", "satelite": "NOAA-21", "municipio": "UIRAMUTÃ", "estado": "RORAIMA", "pais": "Brasil", "precipitacao": null, "numero_dias_sem_chuva": null, "risco_fogo": null, "bioma": "Amazônia", "id_0": 33, "id_1": 14, "id_2": 1400704, "continente_id": 8, "vegetacao": null, "grade_wrs": "232_057", "frp": 6.1}, "bbox": [-60.12425, 4.61126, -60.12425, 4.61126]}, {"type": "Feature", "id": "focos_48h_br_todosats.fid--3bf30ddf_19d555fad35_-3919", "geometry": {"type": "Point", "coordinates": [-60.59142, 0.66341]}, "geometry_name": "geometria", "properties": {"id_foco_bdq": 1812526425, "foco_id": "e80f5448-0420-37a5-9d31-a0070cfbe46a", "longitude": -60.59142, "latitude": 0.66341, "data_hora_gmt": "2026-04-03T17:52:00Z", "data_pas": "2026-04-03", "satelite": "NOAA-21", "municipio": "RORAINÓPOLIS", "estado": "RORAIMA", "pais": "Brasil", "precipitacao": null, "numero_dias_sem_chuva": null, "risco_fogo": null, "bioma": "Amazônia", "id_0": 33, "id_1": 14, "id_2": 1400472, "continente_id": 8, "vegetacao": null, "grade_wrs": "231_060", "frp": 9}, "bbox": [-60.59142, 0.66341, -60.59142, 0.66341]}, {"type": "Feature", "id": "focos_48h_br_todosats.fid--3bf30ddf_19d555fad35_-3918", "geometry": {"type": "Point", "coordinates": [-61.37221, 3.30047]}, "geometry_name": "geometria", "properties": {"id_foco_bdq": 1812525622, "foco_id": "d7d510b8-3d64-31bc-b7f8-b28d5ea484c0", "longitude": -61.37221, "latitude": 3.30047, "data_hora_gmt": "2026-04-03T17:52:00Z", "data_pas": "2026-04-03", "satelite": "NOAA-21", "municipio": "ALTO ALEGRE", "estado": "RORAIMA", "pais": "Brasil", "precipitacao": null, "numero_dias_sem_chuva": null, "risco_fogo": null, "bioma": "Amazônia", "id_0": 33, "id_1": 14, "id_2": 1400050, "continente_id": 8, "vegetacao": null, "grade_wrs": "232_058", "frp": 6.4}, "bbox": [-61.37221, 3.30047, -61.37221, 3.30047]}, {"type": "Feature", "id": "focos_48h_br_todosats.fid--3bf30ddf_19d555fad35_-3917", "geometry": {"type": "Point", "coordinates": [-60.13675, 4.62842]}, "geometry_name": "geometria", "properties": {"id_foco_bdq": 1812526459, "foco_id": "c37e1362-8d8e-3a35-9ee1-1c13f3e24c60", "longitude": -60.13675, "latitude": 4.62842, "data_hora_gmt": "2026-04-03T17:52:00Z", "data_pas": "2026-04-03", "satelite": "NOAA-21", "municipio": "UIRAMUTÃ", "estado": "RORAIMA", "pais": "Brasil", "precipitacao": null, "numero_dias_sem_chuva": null, "risco_fogo": null, "bioma": "Amazônia", "id_0": 33, "id_1": 14, "id_2": 1400704, "continente_id": 8, "vegetacao": null, "grade_wrs": "232_057", "frp": 18.1}, "bbox": [-60.13675, 4.62842, -60.13675, 4.62842]}, {"type": "Feature", "id": "focos_48h_br_todosats.fid--3bf30ddf_19d555fad35_-3916", "geometry": {"type": "Point", "coordinates": [-60.32531, 1.1538]}, "geometry_name": "geometria", "properties": {"id_foco_bdq": 1812525672, "foco_id": "eb49554a-b0e1-394e-bf86-dbbe1408e99d", "longitude": -60.32531, "latitude": 1.1538, "data_hora_gmt": "2026-04-03T17:52:00Z", "data_pas": "2026-04-03", "satelite": "NOAA-21", "municipio": "CARACARAÍ", "estado": "RORAIMA", "pais": "Brasil", "precipitacao": null, "numero_dias_sem_chuva": null, "risco_fogo": null, "bioma": "Amazônia", "id_0": 33, "id_1": 14, "id_2": 1400209, "continente_id": 8, "vegetacao": null, "grade_wrs": "231_059", "frp": 67.9}, "bbox": [-60.32531, 1.1538, -60.32531, 1.1538]}, {"type": "Feature", "id": "focos_48h_br_todosats.fid--3bf30ddf_19d555fad35_-3915", "geometry": {"type": "Point", "coordinates": [-61.37477, 3.29157]}, "geometry_name": "geometria", "properties": {"id_foco_bdq": 1812527080, "foco_id": "9602d9f1-7163-34e3-a571-1c2608817fd0", "longitude": -61.37477, "latitude": 3.29157, "data_hora_gmt": "2026-04-03T17:52:00Z", "data_pas": "2026-04-03", "satelite": "NOAA-21", "municipio": "ALTO ALEGRE", "estado": "RORAIMA", "pais": "Brasil", "precipitacao": null, "numero_dias_sem_chuva": null, "risco_fogo": null, "bioma": "Amazônia", "id_0": 33, "id_1": 14, "id_2": 1400050, "continente_id": 8, "vegetacao": null, "grade_wrs": "232_058", "frp": 4.2}, "bbox": [-61.37477, 3.29157, -61.37477, 3.29157]}, {"type": "Feature", "id": "focos_48h_br_todosats.fid--3bf30ddf_19d555fad35_-3914", "geometry": {"type": "Point", "coordinates": [-60.32948, 1.15318]}, "geometry_name": "geometria", "properties": {"id_foco_bdq": 1812526558, "foco_id": "f62d5aaf-c147-3314-9c13-449fe0ff868c", "longitude": -60.32948, "latitude": 1.15318, "data_hora_gmt": "2026-04-03T17:52:00Z", "data_pas": "2026-04-03", "satelite": "NOAA-21", "municipio": "CARACARAÍ", "estado": "RORAIMA", "pais": "Brasil", "precipitacao": null, "numero_dias_sem_chuva": null, "risco_fogo": null, "bioma": "Amazônia", "id_0": 33, "id_1": 14, "id_2": 1400209, "continente_id": 8, "vegetacao": null, "grade_wrs": "231_059", "frp": 67.9}, "bbox": [-60.32948, 1.15318, -60.32948, 1.15318]}, {"type": "Feature", "id": "focos_48h_br_todosats.fid--3bf30ddf_19d555fad35_-3913", "geometry": {"type": "Point", "coordinates": [-60.56009, 2.66409]}, "geometry_name": "geometria", "properties": {"id_foco_bdq": 1812526578, "foco_id": "81a32b94-8bcd-3691-828a-2b460b0e9cb3", "longitude": -60.56009, "latitude": 2.66409, "data_hora_gmt": "2026-04-03T17:52:00Z", "data_pas": "2026-04-03", "satelite": "NOAA-21", "municipio": "CANTÁ", "estado": "RORAIMA", "pais": "Brasil", "precipitacao": null, "numero_dias_sem_chuva": null, "risco_fogo": null, "bioma": "Amazônia", "id_0": 33, "id_1": 14, "id_2": 1400175, "continente_id": 8, "vegetacao": null, "grade_wrs": "232_058", "frp": 9.1}, "bbox": [-60.56009, 2.66409, -60.56009, 2.66409]}, {"type": "Feature", "id": "focos_48h_br_todosats.fid--3bf30ddf_19d555fad35_-3912", "geometry": {"type": "Point", "coordinates": [-60.26416, 4.69008]}, "geometry_name": "geometria", "properties": {"id_foco_bdq": 1812527000, "foco_id": "5307a285-12d6-3318-b204-b6fa070a0de7", "longitude": -60.26416, "latitude": 4.69008, "data_hora_gmt": "2026-04-03T17:52:00Z", "data_pas": "2026-04-03", "satelite": "NOAA-21", "municipio": "UIRAMUTÃ", "estado": "RORAIMA", "pais": "Brasil", "precipitacao": null, "numero_dias_sem_chuva": null, "risco_fogo": null, "bioma": "Amazônia", "id_0": 33, "id_1": 14, "id_2": 1400704, "continente_id": 8, "vegetacao": null, "grade_wrs": "232_057", "frp": 4.5}, "bbox": [-60.26416, 4.69008, -60.26416, 4.69008]}, {"type": "Feature", "id": "focos_48h_br_todosats.fid--3bf30ddf_19d555fad35_-3911", "geometry": {"type": "Point", "coordinates": [-60.0986, 0.88586]}, "geometry_name": "geometria", "properties": {"id_foco_bdq": 1812526610, "foco_id": "ea391a08-ba87-394a-9b79-cefc45e979cd", "longitude": -60.0986, "latitude": 0.88586, "data_hora_gmt": "2026-04-03T17:52:00Z", "data_pas": "2026-04-03", "satelite": "NOAA-21", "municipio": "SÃO LUIZ", "estado": "RORAIMA", "pais": "Brasil", "precipitacao": null, "numero_dias_sem_chuva": null, "risco_fogo": null, "bioma": "Amazônia", "id_0": 33, "id_1": 14, "id_2": 1400605, "continente_id": 8, "vegetacao": null, "grade_wrs": "231_059", "frp": 4.2}, "bbox": [-60.0986, 0.88586, -60.0986, 0.88586]}, {"type": "Feature", "id": "focos_48h_br_todosats.fid--3bf30ddf_19d555fad35_-3910", "geometry": {"type": "Point", "coordinates": [-61.37602, 3.2999]}, "geometry_name": "geometria", "properties": {"id_foco_bdq": 1812526708, "foco_id": "b8df0ee8-013b-3318-bcdb-3a93a3b7df6b", "longitude": -61.37602, "latitude": 3.2999, "data_hora_gmt": "2026-04-03T17:52:00Z", "data_pas": "2026-04-03", "satelite": "NOAA-21", "municipio": "ALTO ALEGRE", "estado": "RORAIMA", "pais": "Brasil", "precipitacao": null, "numero_dias_sem_chuva": null, "risco_fogo": null, "bioma": "Amazônia", "id_0": 33, "id_1": 14, "id_2": 1400050, "continente_id": 8, "vegetacao": null, "grade_wrs": "232_058", "frp": 11.8}, "bbox": [-61.37602, 3.2999, -61.37602, 3.2999]}, {"type": "Feature", "id": "focos_48h_br_todosats.fid--3bf30ddf_19d555fad35_-390f", "geometry": {"type": "Point", "coordinates": [-60.12284, 4.61254]}, "geometry_name": "geometria", "properties": {"id_foco_bdq": 1812525807, "foco_id": "83280fc5-39a6-3905-bbca-da018198815e", "longitude": -60.12284, "latitude": 4.61254, "data_hora_gmt": "2026-04-03T17:52:00Z", "data_pas": "2026-04-03", "satelite": "NOAA-21", "municipio": "UIRAMUTÃ", "estado": "RORAIMA", "pais": "Brasil", "precipitacao": null, "numero_dias_sem_chuva": null, "risco_fogo": null, "bioma": "Amazônia", "id_0": 33, "id_1": 14, "id_2": 1400704, "continente_id": 8, "vegetacao": null, "grade_wrs": "232_057", "frp": 14.3}, "bbox": [-60.12284, 4.61254, -60.12284, 4.61254]}, {"type": "Feature", "id": "focos_48h_br_todosats.fid--3bf30ddf_19d555fad35_-390e", "geometry": {"type": "Point", "coordinates": [-60.12499, 4.61589]}, "geometry_name": "geometria", "properties": {"id_foco_bdq": 1812525720, "foco_id": "23fc85ba-498b-3447-850f-8e0792e7ecc4", "longitude": -60.12499, "latitude": 4.61589, "data_hora_gmt": "2026-04-03T17:52:00Z", "data_pas": "2026-04-03", "satelite": "NOAA-21", "municipio": "UIRAMUTÃ", "estado": "RORAIMA", "pais": "Brasil", "precipitacao": null, "numero_dias_sem_chuva": null, "risco_fogo": null, "bioma": "Amazônia", "id_0": 33, "id_1": 14, "id_2": 1400704, "continente_id": 8, "vegetacao": null, "grade_wrs": "232_057", "frp": 2}, "bbox": [-60.12499, 4.61589, -60.12499, 4.61589]}, {"type": "Feature", "id": "focos_48h_br_todosats.fid--3bf30ddf_19d555fad35_-390d", "geometry": {"type": "Point", "coordinates": [-60.18559, 1.03443]}, "geometry_name": "geometria", "properties": {"id_foco_bdq": 1812526366, "foco_id": "d2f1a1d0-9a50-3c08-9318-21efcdc3c9b4", "longitude": -60.18559, "latitude": 1.03443, "data_hora_gmt": "2026-04-03T17:52:00Z", "data_pas": "2026-04-03", "satelite": "NOAA-21", "municipio": "SÃO LUIZ", "estado": "RORAIMA", "pais": "Brasil", "precipitacao": null, "numero_dias_sem_chuva": null, "risco_fogo": null, "bioma": "Amazônia", "id_0": 33, "id_1": 14, "id_2": 1400605, "continente_id": 8, "vegetacao": null, "grade_wrs": "231_059", "frp": 7}, "bbox": [-60.18559, 1.03443, -60.18559, 1.03443]}, {"type": "Feature", "id": "focos_48h_br_todosats.fid--3bf30ddf_19d555fad35_-390c", "geometry": {"type": "Point", "coordinates": [-60.18394, 1.03564]}, "geometry_name": "geometria", "properties": {"id_foco_bdq": 1812526296, "foco_id": "7efbb4d9-da14-3fc3-b2d7-a6dc4fb9fb39", "longitude": -60.18394, "latitude": 1.03564, "data_hora_gmt": "2026-04-03T17:52:00Z", "data_pas": "2026-04-03", "satelite": "NOAA-21", "municipio": "SÃO LUIZ", "estado": "RORAIMA", "pais": "Brasil", "precipitacao": null, "numero_dias_sem_chuva": null, "risco_fogo": null, "bioma": "Amazônia", "id_0": 33, "id_1": 14, "id_2": 1400605, "continente_id": 8, "vegetacao": null, "grade_wrs": "231_059", "frp": 6.3}, "bbox": [-60.18394, 1.03564, -60.18394, 1.03564]}, {"type": "Feature", "id": "focos_48h_br_todosats.fid--3bf30ddf_19d555fad35_-390b", "geometry": {"type": "Point", "coordinates": [-54.22849, -29.11353]}, "geometry_name": "geometria", "properties": {"id_foco_bdq": 1812524355, "foco_id": "efb09ced-dbbe-3341-91e2-0606de562870", "longitude": -54.22849, "latitude": -29.11353, "data_hora_gmt": "2026-04-03T18:13:00Z", "data_pas": "2026-04-03", "satelite": "NPP-375", "municipio": "TUPANCIRETÃ", "estado": "RIO GRANDE DO SUL", "pais": "Brasil", "precipitacao": null, "numero_dias_sem_chuva": null, "risco_fogo": null, "bioma": "Pampa", "id_0": 33, "id_1": 43, "id_2": 4322202, "continente_id": 8, "vegetacao": null, "grade_wrs": "223_080", "frp": 0.4}, "bbox": [-54.22849, -29.11353, -54.22849, -29.11353]}, {"type": "Feature", "id": "focos_48h_br_todosats.fid--3bf30ddf_19d555fad35_-390a", "geometry": {"type": "Point", "coordinates": [-50.80864, -28.88815]}, "geometry_name": "geometria", "properties": {"id_foco_bdq": 1812524845, "foco_id": "de22a4fe-206f-303a-924b-f444cf2181d9", "longitude": -50.80864, "latitude": -28.88815, "data_hora_gmt": "2026-04-03T18:13:00Z", "data_pas": "2026-04-03", "satelite": "NPP-375", "municipio": "SÃO FRANCISCO DE PAULA", "estado": "RIO GRANDE DO SUL", "pais": "Brasil", "precipitacao": null, "numero_dias_sem_chuva": null, "risco_fogo": null, "bioma": "Mata Atlântica", "id_0": 33, "id_1": 43, "id_2": 4318200, "continente_id": 8, "vegetacao": null, "grade_wrs": "221_080", "frp": 21.8}, "bbox": [-50.80864, -28.88815, -50.80864, -28.88815]}, {"type": "Feature", "id": "focos_48h_br_todosats.fid--3bf30ddf_19d555fad35_-3909", "geometry": {"type": "Point", "coordinates": [-51.5365, -29.51387]}, "geometry_name": "geometria", "properties": {"id_foco_bdq": 1812524179, "foco_id": "05884891-08ed-3783-8675-cdc9ae5726cb", "longitude": -51.5365, "latitude": -29.51387, "data_hora_gmt": "2026-04-03T18:13:00Z", "data_pas": "2026-04-03", "satelite": "NPP-375", "municipio": "MARATÁ", "estado": "RIO GRANDE DO SUL", "pais": "Brasil", "precipitacao": null, "numero_dias_sem_chuva": null, "risco_fogo": null, "bioma": "Mata Atlântica", "id_0": 33, "id_1": 43, "id_2": 4311791, "continente_id": 8, "vegetacao": null, "grade_wrs": "221_080", "frp": 4.8}, "bbox": [-51.5365, -29.51387, -51.5365, -29.51387]}, {"type": "Feature", "id": "focos_48h_br_todosats.fid--3bf30ddf_19d555fad35_-3908", "geometry": {"type": "Point", "coordinates": [-51.96648, -23.44844]}, "geometry_name": "geometria", "properties": {"id_foco_bdq": 1812524369, "foco_id": "7e55e2bb-876c-395c-9940-82b45ba93797", "longitude": -51.96648, "latitude": -23.44844, "data_hora_gmt": "2026-04-03T18:15:00Z", "data_pas": "2026-04-03", "satelite": "NPP-375", "municipio": "MARINGÁ", "estado": "PARANÁ", "pais": "Brasil", "precipitacao": null, "numero_dias_sem_chuva": null, "risco_fogo": null, "bioma": "Mata Atlântica", "id_0": 33, "id_1": 41, "id_2": 4115200, "continente_id": 8, "vegetacao": null, "grade_wrs": "222_076", "frp": 5.5}, "bbox": [-51.96648, -23.44844, -51.96648, -23.44844]}, {"type": "Feature", "id": "focos_48h_br_todosats.fid--3bf30ddf_19d555fad35_-3907", "geometry": {"type": "Point", "coordinates": [-55.32809, -23.77547]}, "geometry_name": "geometria", "properties": {"id_foco_bdq": 1812524681, "foco_id": "8da0baa6-5414-38a7-8de0-13203fbbd703", "longitude": -55.32809, "latitude": -23.77547, "data_hora_gmt": "2026-04-03T18:15:00Z", "data_pas": "2026-04-03", "satelite": "NPP-375", "municipio": "PARANHOS", "estado": "MATO GROSSO DO SUL", "pais": "Brasil", "precipitacao": null, "numero_dias_sem_chuva": null, "risco_fogo": null, "bioma": "Mata Atlântica", "id_0": 33, "id_1": 50, "id_2": 5006358, "continente_id": 8, "vegetacao": null, "grade_wrs": "225_076", "frp": 3.4}, "bbox": [-55.32809, -23.77547, -55.32809, -23.77547]}, {"type": "Feature", "id": "focos_48h_br_todosats.fid--3bf30ddf_19d555fad35_-3906", "geometry": {"type": "Point", "coordinates": [-55.3187, -23.77701]}, "geometry_name": "geometria", "properties": {"id_foco_bdq": 1812525184, "foco_id": "160768d1-39fe-35de-862f-c20fc870eff6", "longitude": -55.3187, "latitude": -23.77701, "data_hora_gmt": "2026-04-03T18:15:00Z", "data_pas": "2026-04-03", "satelite": "NPP-375", "municipio": "PARANHOS", "estado": "MATO GROSSO DO SUL", "pais": "Brasil", "precipitacao": null, "numero_dias_sem_chuva": null, "risco_fogo": null, "bioma": "Mata Atlântica", "id_0": 33, "id_1": 50, "id_2": 5006358, "continente_id": 8, "vegetacao": null, "grade_wrs": "225_076", "frp": 6.7}, "bbox": [-55.3187, -23.77701, -55.3187, -23.77701]}, {"type": "Feature", "id": "focos_48h_br_todosats.fid--3bf30ddf_19d555fad35_-3905", "geometry": {"type": "Point", "coordinates": [-55.32354, -23.77441]}, "geometry_name": "geometria", "properties": {"id_foco_bdq": 1812524108, "foco_id": "d2d9036d-09d8-3c3f-b532-d2dfc737a75e", "longitude": -55.32354, "latitude": -23.77441, "data_hora_gmt": "2026-04-03T18:15:00Z", "data_pas": "2026-04-03", "satelite": "NPP-375", "municipio": "PARANHOS", "estado": "MATO GROSSO DO SUL", "pais": "Brasil", "precipitacao": null, "numero_dias_sem_chuva": null, "risco_fogo": null, "bioma": "Mata Atlântica", "id_0": 33, "id_1": 50, "id_2": 5006358, "continente_id": 8, "vegetacao": null, "grade_wrs": "225_076", "frp": 8.2}, "bbox": [-55.32354, -23.77441, -55.32354, -23.77441]}, {"type": "Feature", "id": "focos_48h_br_todosats.fid--3bf30ddf_19d555fad35_-3904", "geometry": {"type": "Point", "coordinates": [-59.61387, -13.64032]}, "geometry_name": "geometria", "properties": {"id_foco_bdq": 1812529773, "foco_id": "be2feb29-dd23-3e38-81a7-519ae0d7edd7", "longitude": -59.61387, "latitude": -13.64032, "data_hora_gmt": "2026-04-03T18:17:00Z", "data_pas": "2026-04-03", "satelite": "NPP-375", "municipio": "COMODORO", "estado": "MATO GROSSO", "pais": "Brasil", "precipitacao": null, "numero_dias_sem_chuva": null, "risco_fogo": null, "bioma": "Amazônia", "id_0": 33, "id_1": 51, "id_2": 5103304, "continente_id": 8, "vegetacao": null, "grade_wrs": "229_069", "frp": 5.2}, "bbox": [-59.61387, -13.64032, -59.61387, -13.64032]}, {"type": "Feature", "id": "focos_48h_br_todosats.fid--3bf30ddf_19d555fad35_-3903", "geometry": {"type": "Point", "coordinates": [-65.05615, -9.6658]}, "geometry_name": "geometria", "properties": {"id_foco_bdq": 1812529418, "foco_id": "5088d593-7610-3808-ba23-056232e67acc", "longitude": -65.05615, "latitude": -9.6658, "data_hora_gmt": "2026-04-03T18:19:00Z", "data_pas": "2026-04-03", "satelite": "NPP-375", "municipio": "PORTO VELHO", "estado": "RONDÔNIA", "pais": "Brasil", "precipitacao": null, "numero_dias_sem_chuva": null, "risco_fogo": null, "bioma": "Amazônia", "id_0": 33, "id_1": 11, "id_2": 1100205, "continente_id": 8, "vegetacao": null, "grade_wrs": "233_067", "frp": 2.5}, "bbox": [-65.05615, -9.6658, -65.05615, -9.6658]}, {"type": "Feature", "id": "focos_48h_br_todosats.fid--3bf30ddf_19d555fad35_-3902", "geometry": {"type": "Point", "coordinates": [-59.49844, -4.29979]}, "geometry_name": "geometria", "properties": {"id_foco_bdq": 1812527876, "foco_id": "ddd19ede-0402-3aa9-91f8-545f3f7fe5a3", "longitude": -59.49844, "latitude": -4.29979, "data_hora_gmt": "2026-04-03T18:19:00Z", "data_pas": "2026-04-03", "satelite": "NPP-375", "municipio": "BORBA", "estado": "AMAZONAS", "pais": "Brasil", "precipitacao": null, "numero_dias_sem_chuva": null, "risco_fogo": null, "bioma": "Amazônia", "id_0": 33, "id_1": 13, "id_2": 1300805, "continente_id": 8, "vegetacao": null, "grade_wrs": "230_063", "frp": 6.6}, "bbox": [-59.49844, -4.29979, -59.49844, -4.29979]}, {"type": "Feature", "id": "focos_48h_br_todosats.fid--3bf30ddf_19d555fad35_-3901", "geometry": {"type": "Point", "coordinates": [-64.28581, -9.59884]}, "geometry_name": "geometria", "properties": {"id_foco_bdq": 1812528485, "foco_id": "4d6d230f-5d4c-3b62-b17f-07061d2e4d91", "longitude": -64.28581, "latitude": -9.59884, "data_hora_gmt": "2026-04-03T18:19:00Z", "data_pas": "2026-04-03", "satelite": "NPP-375", "municipio": "PORTO VELHO", "estado": "RONDÔNIA", "pais": "Brasil", "precipitacao": null, "numero_dias_sem_chuva": null, "risco_fogo": null, "bioma": "Amazônia", "id_0": 33, "id_1": 11, "id_2": 1100205, "continente_id": 8, "vegetacao": null, "grade_wrs": "232_067", "frp": 5.5}, "bbox": [-64.28581, -9.59884, -64.28581, -9.59884]}, {"type": "Feature", "id": "focos_48h_br_todosats.fid--3bf30ddf_19d555fad35_-3900", "geometry": {"type": "Point", "coordinates": [-62.59134, -6.12513]}, "geometry_name": "geometria", "properties": {"id_foco_bdq": 1812528550, "foco_id": "383142cc-1870-3111-bb54-ef8a1226bbae", "longitude": -62.59134, "latitude": -6.12513, "data_hora_gmt": "2026-04-03T18:19:00Z", "data_pas": "2026-04-03", "satelite": "NPP-375", "municipio": "MANICORÉ", "estado": "AMAZONAS", "pais": "Brasil", "precipitacao": null, "numero_dias_sem_chuva": null, "risco_fogo": null, "bioma": "Amazônia", "id_0": 33, "id_1": 13, "id_2": 1302702, "continente_id": 8, "vegetacao": null, "grade_wrs": "232_064", "frp": 2}, "bbox": [-62.59134, -6.12513, -62.59134, -6.12513]}, {"type": "Feature", "id": "focos_48h_br_todosats.fid--3bf30ddf_19d555fad35_-38ff", "geometry": {"type": "Point", "coordinates": [-62.38165, -7.79152]}, "geometry_name": "geometria", "properties": {"id_foco_bdq": 1812529068, "foco_id": "431e439c-3ada-34a5-b1bd-ce61fc75d649", "longitude": -62.38165, "latitude": -7.79152, "data_hora_gmt": "2026-04-03T18:19:00Z", "data_pas": "2026-04-03", "satelite": "NPP-375", "municipio": "HUMAITÁ", "estado": "AMAZONAS", "pais": "Brasil", "precipitacao": null, "numero_dias_sem_chuva": null, "risco_fogo": null, "bioma": "Amazônia", "id_0": 33, "id_1": 13, "id_2": 1301704, "continente_id": 8, "vegetacao": null, "grade_wrs": "231_065", "frp": 2.2}, "bbox": [-62.38165, -7.79152, -62.38165, -7.79152]}, {"type": "Feature", "id": "focos_48h_br_todosats.fid--3bf30ddf_19d555fad35_-38fe", "geometry": {"type": "Point", "coordinates": [-59.49927, -4.29326]}, "geometry_name": "geometria", "properties": {"id_foco_bdq": 1812529414, "foco_id": "1f9613f4-9854-38c5-864d-cb014565daaf", "longitude": -59.49927, "latitude": -4.29326, "data_hora_gmt": "2026-04-03T18:19:00Z", "data_pas": "2026-04-03", "satelite": "NPP-375", "municipio": "BORBA", "estado": "AMAZONAS", "pais": "Brasil", "precipitacao": null, "numero_dias_sem_chuva": null, "risco_fogo": null, "bioma": "Amazônia", "id_0": 33, "id_1": 13, "id_2": 1300805, "continente_id": 8, "vegetacao": null, "grade_wrs": "230_063", "frp": 6.6}, "bbox": [-59.49927, -4.29326, -59.49927, -4.29326]}, {"type": "Feature", "id": "focos_48h_br_todosats.fid--3bf30ddf_19d555fad35_-38fd", "geometry": {"type": "Point", "coordinates": [-60.66803, 0.05783]}, "geometry_name": "geometria", "properties": {"id_foco_bdq": 1812529726, "foco_id": "8da852a0-cb0a-3de2-a03e-5a5754386db5", "longitude": -60.66803, "latitude": 0.05783, "data_hora_gmt": "2026-04-03T18:21:00Z", "data_pas": "2026-04-03", "satelite": "NPP-375", "municipio": "RORAINÓPOLIS", "estado": "RORAIMA", "pais": "Brasil", "precipitacao": null, "numero_dias_sem_chuva": null, "risco_fogo": null, "bioma": "Amazônia", "id_0": 33, "id_1": 14, "id_2": 1400472, "continente_id": 8, "vegetacao": null, "grade_wrs": "231_060", "frp": 6.8}, "bbox": [-60.66803, 0.05783, -60.66803, 0.05783]}, {"type": "Feature", "id": "focos_48h_br_todosats.fid--3bf30ddf_19d555fad35_-38fc", "geometry": {"type": "Point", "coordinates": [-59.22394, -3.44542]}, "geometry_name": "geometria", "properties": {"id_foco_bdq": 1812529157, "foco_id": "515344d6-7975-3904-a2b0-d27879993f23", "longitude": -59.22394, "latitude": -3.44542, "data_hora_gmt": "2026-04-03T18:21:00Z", "data_pas": "2026-04-03", "satelite": "NPP-375", "municipio": "AUTAZES", "estado": "AMAZONAS", "pais": "Brasil", "precipitacao": null, "numero_dias_sem_chuva": null, "risco_fogo": null, "bioma": "Amazônia", "id_0": 33, "id_1": 13, "id_2": 1300300, "continente_id": 8, "vegetacao": null, "grade_wrs": "230_062", "frp": 4.4}, "bbox": [-59.22394, -3.44542, -59.22394, -3.44542]}, {"type": "Feature", "id": "focos_48h_br_todosats.fid--3bf30ddf_19d555fad35_-38fb", "geometry": {"type": "Point", "coordinates": [-59.22295, -3.44789]}, "geometry_name": "geometria", "properties": {"id_foco_bdq": 1812529771, "foco_id": "6f4ad2e0-a76e-3f80-b883-45b478d5843e", "longitude": -59.22295, "latitude": -3.44789, "data_hora_gmt": "2026-04-03T18:21:00Z", "data_pas": "2026-04-03", "satelite": "NPP-375", "municipio": "AUTAZES", "estado": "AMAZONAS", "pais": "Brasil", "precipitacao": null, "numero_dias_sem_chuva": null, "risco_fogo": null, "bioma": "Amazônia", "id_0": 33, "id_1": 13, "id_2": 1300300, "continente_id": 8, "vegetacao": null, "grade_wrs": "230_062", "frp": 2.3}, "bbox": [-59.22295, -3.44789, -59.22295, -3.44789]}, {"type": "Feature", "id": "focos_48h_br_todosats.fid--3bf30ddf_19d555fad35_-38fa", "geometry": {"type": "Point", "coordinates": [-60.66703, 0.05735]}, "geometry_name": "geometria", "properties": {"id_foco_bdq": 1812528657, "foco_id": "c1ea2fe6-b54e-3f31-8d61-064a90c4160c", "longitude": -60.66703, "latitude": 0.05735, "data_hora_gmt": "2026-04-03T18:21:00Z", "data_pas": "2026-04-03", "satelite": "NPP-375", "municipio": "RORAINÓPOLIS", "estado": "RORAIMA", "pais": "Brasil", "precipitacao": null, "numero_dias_sem_chuva": null, "risco_fogo": null, "bioma": "Amazônia", "id_0": 33, "id_1": 14, "id_2": 1400472, "continente_id": 8, "vegetacao": null, "grade_wrs": "231_060", "frp": 6.4}, "bbox": [-60.66703, 0.05735, -60.66703, 0.05735]}, {"type": "Feature", "id": "focos_48h_br_todosats.fid--3bf30ddf_19d555fad35_-38f9", "geometry": {"type": "Point", "coordinates": [-55.71391, -28.8063]}, "geometry_name": "geometria", "properties": {"id_foco_bdq": 1812527864, "foco_id": "bfed783f-913d-3623-b9bd-eda029b4c494", "longitude": -55.71391, "latitude": -28.8063, "data_hora_gmt": "2026-04-03T18:34:00Z", "data_pas": "2026-04-03", "satelite": "NOAA-20", "municipio": "SÃO BORJA", "estado": "RIO GRANDE DO SUL", "pais": "Brasil", "precipitacao": null, "numero_dias_sem_chuva": null, "risco_fogo": null, "bioma": "Pampa", "id_0": 33, "id_1": 43, "id_2": 4318002, "continente_id": 8, "vegetacao": null, "grade_wrs": "224_080", "frp": 4.5}, "bbox": [-55.71391, -28.8063, -55.71391, -28.8063]}, {"type": "Feature", "id": "focos_48h_br_todosats.fid--3bf30ddf_19d555fad35_-38f8", "geometry": {"type": "Point", "coordinates": [-55.71017, -28.80743]}, "geometry_name": "geometria", "properties": {"id_foco_bdq": 1812528994, "foco_id": "653016a7-d121-3c0b-9251-40cbd49b40e6", "longitude": -55.71017, "latitude": -28.80743, "data_hora_gmt": "2026-04-03T18:34:00Z", "data_pas": "2026-04-03", "satelite": "NOAA-20", "municipio": "SÃO BORJA", "estado": "RIO GRANDE DO SUL", "pais": "Brasil", "precipitacao": null, "numero_dias_sem_chuva": null, "risco_fogo": null, "bioma": "Pampa", "id_0": 33, "id_1": 43, "id_2": 4318002, "continente_id": 8, "vegetacao": null, "grade_wrs": "224_080", "frp": 4}, "bbox": [-55.71017, -28.80743, -55.71017, -28.80743]}, {"type": "Feature", "id": "focos_48h_br_todosats.fid--3bf30ddf_19d555fad35_-38f7", "geometry": {"type": "Point", "coordinates": [-51.54393, -29.51715]}, "geometry_name": "geometria", "properties": {"id_foco_bdq": 1812525182, "foco_id": "9feda9e0-ef3b-3cc7-b20a-59afbf62a56f", "longitude": -51.54393, "latitude": -29.51715, "data_hora_gmt": "2026-04-03T18:49:00Z", "data_pas": "2026-04-03", "satelite": "AQUA_M-T", "municipio": "MARATÁ", "estado": "RIO GRANDE DO SUL", "pais": "Brasil", "precipitacao": null, "numero_dias_sem_chuva": null, "risco_fogo": null, "bioma": "Mata Atlântica", "id_0": 33, "id_1": 43, "id_2": 4311791, "continente_id": 8, "vegetacao": null, "grade_wrs": "221_080", "frp": 6.2}, "bbox": [-51.54393, -29.51715, -51.54393, -29.51715]}]}