id_foco_bdq,foco_id,longitude,latitude,data_hora_gmt,data_pas,satelite,municipio,estado,pais,precipitacao,numero_dias_sem_chuva,risco_fogo,bioma,id_0,id_1,id_2,continente_id,vegetacao,grade_wrs,frp,geometry_wkt
1814889297,4d08b89d-89c4-3b98-8d85-c9fd2b539113,-50.2145,-27.952299,2026-04-21 00:32:00+00:00,2026-04-21,METOP-B,LAGES,SANTA CATARINA,Brasil,,,,Mata Atlântica,33,42,4209300,8,,221_079,,POINT(-50.2145 -27.952299)
1814889328,bbd50f06-967b-36cb-a7ec-c0733ea27955,-48.554298,-21.039801,2026-04-21 00:32:00+00:00,2026-04-21,METOP-B,BEBEDOURO,SÃO PAULO,Brasil,,,,Mata Atlântica,33,35,3506102,8,,221_075,,POINT(-48.554298 -21.039801)
1814889313,86fc08a5-f1b6-370b-ad14-7e597dbf4ce3,-56.0681,-19.1008,2026-04-21 00:32:00+00:00,2026-04-21,METOP-B,CORUMBÁ,MATO GROSSO DO SUL,Brasil,,,,Pantanal,33,50,5003207,8,,226_073,,POINT(-56.0681 -19.1008)
1814889292,032d27f3-c72c-3dc5-8651-57e2dd363b41,-50.409599,-25.6472,2026-04-21 00:32:00+00:00,2026-04-21,METOP-B,SÃO JOÃO DO TRIUNFO,PARANÁ,Brasil,,,,Mata Atlântica,33,41,4125100,8,,221_078,,POINT(-50.409599 -25.6472)
1814889317,6484cfa9-6a2c-3e73-a357-95392cc5d74f,-47.976601,-21.9475,2026-04-21 00:32:00+00:00,2026-04-21,METOP-B,IBATÉ,SÃO PAULO,Brasil,,,,Cerrado,33,35,3519303,8,,220_075,,POINT(-47.976601 -21.9475)
1814889312,b66fc56f-2648-3bc7-8b49-76b8b12976c5,-56.059101,-19.099001,2026-04-21 00:32:00+00:00,2026-04-21,METOP-B,CORUMBÁ,MATO GROSSO DO SUL,Brasil,,,,Pantanal,33,50,5003207,8,,226_073,,POINT(-56.059101 -19.099001)
1814889330,b23fcdd6-fbe5-3515-8e47-4e1dc987dcd4,-48.545399,-21.037701,2026-04-21 00:32:00+00:00,2026-04-21,METOP-B,BEBEDOURO,SÃO PAULO,Brasil,,,,Mata Atlântica,33,35,3506102,8,,221_075,,POINT(-48.545399 -21.037701)
1814889337,ba247287-4992-32e4-8436-e207482fcaaa,-47.958099,-21.9431,2026-04-21 00:32:00+00:00,2026-04-21,METOP-B,IBATÉ,SÃO PAULO,Brasil,,,,Cerrado,33,35,3519303,8,,220_075,,POINT(-47.958099 -21.9431)
1814889338,4d6e98d3-e64e-3cc7-9822-38ca3375afb1,-47.9674,-21.945299,2026-04-21 00:32:00+00:00,2026-04-21,METOP-B,IBATÉ,SÃO PAULO,Brasil,,,,Cerrado,33,35,3519303,8,,220_075,,POINT(-47.9674 -21.945299)
1814889392,d589e854-75ce-35f8-9e16-266cc3aa4557,-49.42744,-25.11052,2026-04-21 00:33:00+00:00,2026-04-21,TERRA_M-M,RIO BRANCO DO SUL,PARANÁ,Brasil,,,,Mata Atlântica,33,41,4122206,8,,221_077,5.9,POINT(-49.42744 -25.11052)
1814889434,75a97c93-a73e-3857-911f-e601af581254,-50.41782,-25.64032,2026-04-21 00:33:00+00:00,2026-04-21,TERRA_M-M,SÃO JOÃO DO TRIUNFO,PARANÁ,Brasil,,,,Mata Atlântica,33,41,4125100,8,,221_078,11.2,POINT(-50.41782 -25.64032)
1814889386,06e74a13-e8b7-390b-a84d-ba3247cfe12d,-50.22294,-27.95115,2026-04-21 00:33:00+00:00,2026-04-21,TERRA_M-M,LAGES,SANTA CATARINA,Brasil,,,,Mata Atlântica,33,42,4209300,8,,221_079,15.5,POINT(-50.22294 -27.95115)
1814889438,5e0ebf0b-003a-3c83-b8af-c99a48df19b5,-49.42746,-25.11052,2026-04-21 00:33:00+00:00,2026-04-21,TERRA_M-M,RIO BRANCO DO SUL,PARANÁ,Brasil,,,,Mata Atlântica,33,41,4122206,8,,221_077,5.9,POINT(-49.42746 -25.11052)
1814889397,933017a2-fd3f-3545-88bf-8394b24974fb,-50.41783,-25.64032,2026-04-21 00:33:00+00:00,2026-04-21,TERRA_M-M,SÃO JOÃO DO TRIUNFO,PARANÁ,Brasil,,,,Mata Atlântica,33,41,4125100,8,,221_078,11.2,POINT(-50.41783 -25.64032)
1814889431,0bb5cf92-9165-33de-b8b8-4f64a8113b64,-50.22293,-27.95115,2026-04-21 00:33:00+00:00,2026-04-21,TERRA_M-M,LAGES,SANTA CATARINA,Brasil,,,,Mata Atlântica,33,42,4209300,8,,221_079,15.5,POINT(-50.22293 -27.95115)
1814889385,bc6c96ce-d6f7-3443-b96a-c0c450fbbf96,-48.55695,-21.04345,2026-04-21 00:35:00+00:00,2026-04-21,TERRA_M-M,BEBEDOURO,SÃO PAULO,Brasil,,,,Mata Atlântica,33,35,3506102,8,,221_075,30.3,POINT(-48.55695 -21.04345)
1814889405,6c4b2984-215c-3c4b-834e-5ada05362d9b,-47.98267,-21.9376,2026-04-21 00:35:00+00:00,2026-04-21,TERRA_M-M,IBATÉ,SÃO PAULO,Brasil,,,,Cerrado,33,35,3519303,8,,220_075,19.1,POINT(-47.98267 -21.9376)
1814889409,4170c165-6190-3a51-9d06-e80e648b077c,-47.97469,-21.94642,2026-04-21 00:35:00+00:00,2026-04-21,TERRA_M-M,IBATÉ,SÃO PAULO,Brasil,,,,Cerrado,33,35,3519303,8,,220_075,50.9,POINT(-47.97469 -21.94642)
1814889445,c024c4e0-f3a2-33bc-9b41-0373e08eb78f,-47.98714,-21.94846,2026-04-21 00:35:00+00:00,2026-04-21,TERRA_M-M,IBATÉ,SÃO PAULO,Brasil,,,,Cerrado,33,35,3519303,8,,220_075,41.0,POINT(-47.98714 -21.94846)
1814889396,ec6d1c8f-0663-3752-8f93-d75d7b2ecb6a,-56.07104,-19.095,2026-04-21 00:35:00+00:00,2026-04-21,TERRA_M-M,CORUMBÁ,MATO GROSSO DO SUL,Brasil,,,,Pantanal,33,50,5003207,8,,226_073,12.7,POINT(-56.07104 -19.095)
1814889387,27ea4b51-62ee-3e6c-a02a-eec94d49e1d8,-47.97468,-21.94643,2026-04-21 00:35:00+00:00,2026-04-21,TERRA_M-M,IBATÉ,SÃO PAULO,Brasil,,,,Cerrado,33,35,3519303,8,,220_075,50.9,POINT(-47.97468 -21.94643)
1814889400,edf8dbc6-15af-3770-ad04-a8afbd56cc7e,-47.98715,-21.94845,2026-04-21 00:35:00+00:00,2026-04-21,TERRA_M-M,IBATÉ,SÃO PAULO,Brasil,,,,Cerrado,33,35,3519303,8,,220_075,41.0,POINT(-47.98715 -21.94845)
1814889402,713d2a38-b284-341e-9b89-69e47de3d6f8,-56.07103,-19.095,2026-04-21 00:35:00+00:00,2026-04-21,TERRA_M-M,CORUMBÁ,MATO GROSSO DO SUL,Brasil,,,,Pantanal,33,50,5003207,8,,226_073,12.7,POINT(-56.07103 -19.095)
1814889424,1f8ea288-444c-3649-b9ad-8099a1f3807f,-47.98269,-21.9376,2026-04-21 00:35:00+00:00,2026-04-21,TERRA_M-M,IBATÉ,SÃO PAULO,Brasil,,,,Cerrado,33,35,3519303,8,,220_075,19.1,POINT(-47.98269 -21.9376)
1814889408,6969e030-cad5-3aba-aa3f-05fc8c4c2ee5,-48.55696,-21.04345,2026-04-21 00:35:00+00:00,2026-04-21,TERRA_M-M,BEBEDOURO,SÃO PAULO,Brasil,,,,Mata Atlântica,33,35,3506102,8,,221_075,30.3,POINT(-48.55696 -21.04345)
1814890569,4ab5bf34-dd1a-3bb2-aa0e-ebdc654b4bac,-60.29574,2.91122,2026-04-21 00:39:00+00:00,2026-04-21,TERRA_M-M,BONFIM,RORAIMA,Brasil,,,,Amazônia,33,14,1400159,8,,232_058,9.3,POINT(-60.29574 2.91122)
1814891009,cc26bfbf-cfd6-37fa-97eb-d8fafc83053a,-60.29575,2.91122,2026-04-21 00:39:00+00:00,2026-04-21,TERRA_M-M,BONFIM,RORAIMA,Brasil,,,,Amazônia,33,14,1400159,8,,232_058,9.3,POINT(-60.29575 2.91122)
1814887910,4e438ff6-e088-35d7-b5ad-58bb210aabcb,-47.9849,-21.9341,2026-04-21 00:40:00+00:00,2026-04-21,GOES-19,IBATÉ,SÃO PAULO,Brasil,,,,Cerrado,33,35,3519303,8,,220_075,91.9,POINT(-47.9849 -21.9341)
1814887907,a1d71870-8a3a-3552-96af-f57c0a64b2cc,-47.9561,-21.9557,2026-04-21 00:40:00+00:00,2026-04-21,GOES-19,IBATÉ,SÃO PAULO,Brasil,,,,Cerrado,33,35,3519303,8,,220_075,54.2,POINT(-47.9561 -21.9557)
1814887906,ce6c7526-29c1-304b-a00c-f86d0181205e,-47.9797,-21.955,2026-04-21 00:40:00+00:00,2026-04-21,GOES-19,IBATÉ,SÃO PAULO,Brasil,,,,Cerrado,33,35,3519303,8,,220_075,122.8,POINT(-47.9797 -21.955)
1814887944,bb773f33-ab9f-3659-a784-67bc35ded67e,-47.9797,-21.955,2026-04-21 00:50:00+00:00,2026-04-21,GOES-19,IBATÉ,SÃO PAULO,Brasil,,,,Cerrado,33,35,3519303,8,,220_075,57.0,POINT(-47.9797 -21.955)
1814887995,d065dc57-3018-3932-abfd-7f224911d8f8,-47.9797,-21.955,2026-04-21 01:00:00+00:00,2026-04-21,GOES-19,IBATÉ,SÃO PAULO,Brasil,,,,Cerrado,33,35,3519303,8,,220_075,41.7,POINT(-47.9797 -21.955)
1814889587,920be72a-2f0f-3196-86e9-ad769417a840,-48.714001,-21.380199,2026-04-21 01:04:00+00:00,2026-04-21,METOP-C,FERNANDO PRESTES,SÃO PAULO,Brasil,,,,Cerrado,33,35,3515608,8,,221_075,,POINT(-48.714001 -21.380199)
1814889904,ff34d8a5-ef11-347f-9dc4-fdb49fa0a64e,-48.553299,-21.040899,2026-04-21 01:04:00+00:00,2026-04-21,METOP-C,BEBEDOURO,SÃO PAULO,Brasil,,,,Mata Atlântica,33,35,3506102,8,,221_075,,POINT(-48.553299 -21.040899)
1814889942,ae82bef9-eff1-38de-a058-fd0745e64457,-48.7253,-21.372499,2026-04-21 01:04:00+00:00,2026-04-21,METOP-C,FERNANDO PRESTES,SÃO PAULO,Brasil,,,,Cerrado,33,35,3515608,8,,221_075,,POINT(-48.7253 -21.372499)
1814890004,1fb1f100-60f3-3779-b3f6-8c1fc220ce5c,-47.975399,-21.948601,2026-04-21 01:04:00+00:00,2026-04-21,METOP-C,IBATÉ,SÃO PAULO,Brasil,,,,Cerrado,33,35,3519303,8,,220_075,,POINT(-47.975399 -21.948601)
1814890118,a9fe8381-1af4-31d2-b607-5243308fca6a,-48.716599,-21.370501,2026-04-21 01:04:00+00:00,2026-04-21,METOP-C,FERNANDO PRESTES,SÃO PAULO,Brasil,,,,Cerrado,33,35,3515608,8,,221_075,,POINT(-48.716599 -21.370501)
1814890207,04bc6c3e-c835-3a99-b079-ff41b79974a6,-48.722698,-21.382299,2026-04-21 01:04:00+00:00,2026-04-21,METOP-C,FERNANDO PRESTES,SÃO PAULO,Brasil,,,,Cerrado,33,35,3515608,8,,221_075,,POINT(-48.722698 -21.382299)
1814889620,42ca4c0e-a07e-3eec-b44e-bc9e932ddbe4,-56.072601,-19.0947,2026-04-21 01:04:00+00:00,2026-04-21,METOP-C,CORUMBÁ,MATO GROSSO DO SUL,Brasil,,,,Pantanal,33,50,5003207,8,,226_073,,POINT(-56.072601 -19.0947)
1814894506,8c291c05-acc4-34a3-8ea4-4e5a1e96a943,-37.47913,-9.80058,2026-04-21 03:25:00+00:00,2026-04-21,NPP-375D,PORTO DA FOLHA,SERGIPE,Brasil,,,,Caatinga,33,28,2805604,8,,215_067,3.9,POINT(-37.47913 -9.80058)
1814894092,44b02137-2fb9-307a-987e-26729b92b1a9,-44.20034,-12.23743,2026-04-21 03:25:00+00:00,2026-04-21,NPP-375D,CRISTÓPOLIS,BAHIA,Brasil,,,,Cerrado,33,29,2909703,8,,219_068,2.1,POINT(-44.20034 -12.23743)
1814893679,b0fd0181-cd40-3fd9-982e-bbd64b681bc0,-37.4738,-9.80153,2026-04-21 03:25:00+00:00,2026-04-21,NPP-375D,PORTO DA FOLHA,SERGIPE,Brasil,,,,Caatinga,33,28,2805604,8,,215_067,3.9,POINT(-37.4738 -9.80153)
1814893697,c84c0ec2-31fd-3877-861c-e5d319a586a6,-38.44027,-9.94249,2026-04-21 03:25:00+00:00,2026-04-21,NPP-375D,JEREMOABO,BAHIA,Brasil,,,,Caatinga,33,29,2918100,8,,216_067,0.5,POINT(-38.44027 -9.94249)
1814894148,4c40cb55-fe55-3e39-be75-b4456b484318,-38.44331,-9.94191,2026-04-21 03:25:00+00:00,2026-04-21,NPP-375D,JEREMOABO,BAHIA,Brasil,,,,Caatinga,33,29,2918100,8,,216_067,0.9,POINT(-38.44331 -9.94191)
1814894153,6594e117-b6d9-319d-aaa0-c3bf552cd796,-37.47469,-9.79934,2026-04-21 03:25:00+00:00,2026-04-21,NPP-375D,PORTO DA FOLHA,SERGIPE,Brasil,,,,Caatinga,33,28,2805604,8,,215_067,3.4,POINT(-37.47469 -9.79934)
1814893794,55c514b0-6965-3671-ba9b-e7f244568e25,-37.47473,-9.80635,2026-04-21 03:25:00+00:00,2026-04-21,NPP-375D,PORTO DA FOLHA,SERGIPE,Brasil,,,,Caatinga,33,28,2805604,8,,215_067,2.4,POINT(-37.47473 -9.80635)
1814893804,686789ae-9867-362c-9a91-ab9a9b3fb5aa,-37.47559,-9.80417,2026-04-21 03:25:00+00:00,2026-04-21,NPP-375D,PORTO DA FOLHA,SERGIPE,Brasil,,,,Caatinga,33,28,2805604,8,,215_067,4.0,POINT(-37.47559 -9.80417)
1814894278,2d789e93-38d7-35e6-aed9-4462a711ae3a,-44.19463,-12.24331,2026-04-21 03:25:00+00:00,2026-04-21,NPP-375D,CRISTÓPOLIS,BAHIA,Brasil,,,,Cerrado,33,29,2909703,8,,219_068,2.1,POINT(-44.19463 -12.24331)
1814894309,7eedbe06-02ae-3430-b9ad-3336480b2e51,-44.20125,-12.24188,2026-04-21 03:25:00+00:00,2026-04-21,NPP-375D,CRISTÓPOLIS,BAHIA,Brasil,,,,Cerrado,33,29,2909703,8,,219_068,2.1,POINT(-44.20125 -12.24188)
1814893767,20f8983d-486e-35fb-b3ec-4c816034300b,-44.61895,-12.27854,2026-04-21 03:25:00+00:00,2026-04-21,NPP-375D,CATOLÂNDIA,BAHIA,Brasil,,,,Cerrado,33,29,2907400,8,,219_069,2.3,POINT(-44.61895 -12.27854)
1814894395,a42619e9-4c16-3afc-a1af-82f18e316365,-44.19357,-12.23886,2026-04-21 03:25:00+00:00,2026-04-21,NPP-375D,CRISTÓPOLIS,BAHIA,Brasil,,,,Cerrado,33,29,2909703,8,,219_068,2.1,POINT(-44.19357 -12.23886)
1814893516,e6be4129-9b3c-3ec4-881b-924fbe044f01,-39.10425,-15.95718,2026-04-21 03:28:00+00:00,2026-04-21,NPP-375D,BELMONTE,BAHIA,Brasil,,,,Mata Atlântica,33,29,2903409,8,,215_071,2.3,POINT(-39.10425 -15.95718)
1814894354,adb2ab0f-7714-3e8a-81fe-56eed0adbe87,-43.07258,-22.49812,2026-04-21 03:30:00+00:00,2026-04-21,NPP-375D,PETRÓPOLIS,RIO DE JANEIRO,Brasil,,,,Mata Atlântica,33,33,3303906,8,,217_076,0.5,POINT(-43.07258 -22.49812)
1814893728,9d80118d-6f73-3b2e-8b1f-d0d2972b1816,-48.03651,-21.95366,2026-04-21 03:30:00+00:00,2026-04-21,NPP-375D,IBATÉ,SÃO PAULO,Brasil,,,,Cerrado,33,35,3519303,8,,220_075,2.6,POINT(-48.03651 -21.95366)
1814893522,ef8ea296-3730-3d0d-a1ad-5b6ad8783e9c,-43.07619,-22.49731,2026-04-21 03:30:00+00:00,2026-04-21,NPP-375D,PETRÓPOLIS,RIO DE JANEIRO,Brasil,,,,Mata Atlântica,33,33,3303906,8,,217_076,0.8,POINT(-43.07619 -22.49731)
1814893977,fa095032-fb65-32e5-8ed8-3558d3df6cc9,-35.7222,-8.23857,2026-04-21 03:45:00+00:00,2026-04-21,NOAA-20,BEZERROS,PERNAMBUCO,Brasil,,,,Mata Atlântica,33,26,2601904,8,,214_066,0.5,POINT(-35.7222 -8.23857)
1814893798,3f4bdedc-c949-3200-8acc-c7d6225e18ab,-45.34532,-13.95235,2026-04-21 03:47:00+00:00,2026-04-21,NOAA-20,JABORANDI,BAHIA,Brasil,,,,Cerrado,33,29,2917359,8,,220_070,2.9,POINT(-45.34532 -13.95235)
1814893563,9d9ba800-5384-357d-a57f-3948a6af0551,-41.77323,-22.33535,2026-04-21 03:47:00+00:00,2026-04-21,NOAA-20,MACAÉ,RIO DE JANEIRO,Brasil,,,,Mata Atlântica,33,33,3302403,8,,216_075,0.8,POINT(-41.77323 -22.33535)
1814893569,2b1de771-2bdc-3a65-ab49-7569b107fa96,-37.47729,-9.80452,2026-04-21 03:47:00+00:00,2026-04-21,NOAA-20,PORTO DA FOLHA,SERGIPE,Brasil,,,,Caatinga,33,28,2805604,8,,215_067,1.4,POINT(-37.47729 -9.80452)
1814893583,2b159450-2e57-3e59-b5ca-aed5baa6df54,-43.37683,-11.95333,2026-04-21 03:47:00+00:00,2026-04-21,NOAA-20,MUQUÉM DO SÃO FRANCISCO,BAHIA,Brasil,,,,Cerrado,33,29,2922250,8,,219_068,1.3,POINT(-43.37683 -11.95333)
1814893620,dff910fa-3592-3ce3-a62e-38e7265f6971,-45.34046,-13.95336,2026-04-21 03:47:00+00:00,2026-04-21,NOAA-20,JABORANDI,BAHIA,Brasil,,,,Cerrado,33,29,2917359,8,,220_070,5.3,POINT(-45.34046 -13.95336)
1814893644,317865a1-98b0-3789-9304-a9d6c26d4238,-37.46946,-9.80234,2026-04-21 03:47:00+00:00,2026-04-21,NOAA-20,PORTO DA FOLHA,SERGIPE,Brasil,,,,Caatinga,33,28,2805604,8,,215_067,2.0,POINT(-37.46946 -9.80234)
1814893650,283702f1-a5d8-3163-baea-75f0f4a8354f,-48.55523,-21.0405,2026-04-21 03:47:00+00:00,2026-04-21,NOAA-20,BEBEDOURO,SÃO PAULO,Brasil,,,,Mata Atlântica,33,35,3506102,8,,221_075,0.6,POINT(-48.55523 -21.0405)
1814893653,67e91db8-5176-3552-a5c4-906dc3dd722e,-38.43927,-9.94511,2026-04-21 03:47:00+00:00,2026-04-21,NOAA-20,JEREMOABO,BAHIA,Brasil,,,,Caatinga,33,29,2918100,8,,216_067,2.9,POINT(-38.43927 -9.94511)
1814893705,34806ecb-8654-3e54-8c4e-ec69062bde32,-41.83744,-15.12977,2026-04-21 03:47:00+00:00,2026-04-21,NOAA-20,SÃO JOÃO DO PARAÍSO,MINAS GERAIS,Brasil,,,,Mata Atlântica,33,31,3162708,8,,217_070,1.9,POINT(-41.83744 -15.12977)
1814893725,6c81510c-1a46-3543-a205-d1b6fccd7400,-44.73878,-11.72269,2026-04-21 03:47:00+00:00,2026-04-21,NOAA-20,RIACHÃO DAS NEVES,BAHIA,Brasil,,,,Cerrado,33,29,2926202,8,,220_068,1.3,POINT(-44.73878 -11.72269)
1814893731,72bb2c0c-c933-351f-bd4a-7ac11bee9696,-44.61615,-12.27823,2026-04-21 03:47:00+00:00,2026-04-21,NOAA-20,CATOLÂNDIA,BAHIA,Brasil,,,,Cerrado,33,29,2907400,8,,219_069,0.7,POINT(-44.61615 -12.27823)
1814893741,639ba89c-1d1e-300f-9d88-2f4e35675070,-46.17074,-20.32096,2026-04-21 03:47:00+00:00,2026-04-21,NOAA-20,SÃO ROQUE DE MINAS,MINAS GERAIS,Brasil,,,,Cerrado,33,31,3164308,8,,219_074,1.2,POINT(-46.17074 -20.32096)
1814893774,8b87995b-c959-37c8-8e9e-37826535f94d,-47.77557,-11.99503,2026-04-21 03:47:00+00:00,2026-04-21,NOAA-20,NATIVIDADE,TOCANTINS,Brasil,,,,Cerrado,33,17,1714203,8,,221_068,2.1,POINT(-47.77557 -11.99503)
1814893818,8591b951-170f-3f9a-806a-613ec67efad1,-48.27872,-18.85103,2026-04-21 03:47:00+00:00,2026-04-21,NOAA-20,UBERLÂNDIA,MINAS GERAIS,Brasil,,,,Cerrado,33,31,3170206,8,,221_073,1.1,POINT(-48.27872 -18.85103)
1814893857,66bf99a8-e1f1-3815-b217-77efd5a2991d,-38.44257,-9.94098,2026-04-21 03:47:00+00:00,2026-04-21,NOAA-20,JEREMOABO,BAHIA,Brasil,,,,Caatinga,33,29,2918100,8,,216_067,2.9,POINT(-38.44257 -9.94098)
1814893930,bd78731b-a88d-30df-b201-06ab95df1709,-37.47673,-9.80114,2026-04-21 03:47:00+00:00,2026-04-21,NOAA-20,PORTO DA FOLHA,SERGIPE,Brasil,,,,Caatinga,33,28,2805604,8,,215_067,5.6,POINT(-37.47673 -9.80114)
1814893951,243af240-9787-329e-aaf9-c4ed34f2c0d0,-42.27575,-14.55012,2026-04-21 03:47:00+00:00,2026-04-21,NOAA-20,CACULÉ,BAHIA,Brasil,,,,Caatinga,33,29,2905008,8,,218_070,0.9,POINT(-42.27575 -14.55012)
1814894046,c06acc14-86d7-39c2-927e-3458e91e2937,-41.8424,-15.12889,2026-04-21 03:47:00+00:00,2026-04-21,NOAA-20,SÃO JOÃO DO PARAÍSO,MINAS GERAIS,Brasil,,,,Mata Atlântica,33,31,3162708,8,,217_070,1.6,POINT(-41.8424 -15.12889)
1814894149,8bb719e0-d280-3d74-95a7-4ab0eea602d0,-44.19289,-12.2398,2026-04-21 03:47:00+00:00,2026-04-21,NOAA-20,CRISTÓPOLIS,BAHIA,Brasil,,,,Cerrado,33,29,2909703,8,,219_068,3.1,POINT(-44.19289 -12.2398)
1814894163,f079c26d-807e-30af-b51d-80de146a311e,-37.47309,-9.80174,2026-04-21 03:47:00+00:00,2026-04-21,NOAA-20,PORTO DA FOLHA,SERGIPE,Brasil,,,,Caatinga,33,28,2805604,8,,215_067,5.6,POINT(-37.47309 -9.80174)
1814894179,3ec04d43-07e8-3bda-9f43-339b9a13d6b0,-38.43867,-9.94162,2026-04-21 03:47:00+00:00,2026-04-21,NOAA-20,JEREMOABO,BAHIA,Brasil,,,,Caatinga,33,29,2918100,8,,216_067,2.9,POINT(-38.43867 -9.94162)
1814894253,36e6a50a-a8df-3c97-b1c2-ad2f94d5b757,-44.62271,-12.28205,2026-04-21 03:47:00+00:00,2026-04-21,NOAA-20,CATOLÂNDIA,BAHIA,Brasil,,,,Cerrado,33,29,2907400,8,,219_069,2.0,POINT(-44.62271 -12.28205)
1814894287,0733aa50-5d32-3715-97d7-b035967b1997,-37.47365,-9.80512,2026-04-21 03:47:00+00:00,2026-04-21,NOAA-20,PORTO DA FOLHA,SERGIPE,Brasil,,,,Caatinga,33,28,2805604,8,,215_067,1.4,POINT(-37.47365 -9.80512)
1814894320,1966e370-6399-3f99-aeb2-d0ce2634874b,-43.38251,-11.95695,2026-04-21 03:47:00+00:00,2026-04-21,NOAA-20,MUQUÉM DO SÃO FRANCISCO,BAHIA,Brasil,,,,Cerrado,33,29,2922250,8,,219_068,1.3,POINT(-43.38251 -11.95695)
1814894347,bf358d6f-b277-301a-9729-701f965cbe91,-48.2749,-18.85185,2026-04-21 03:47:00+00:00,2026-04-21,NOAA-20,UBERLÂNDIA,MINAS GERAIS,Brasil,,,,Cerrado,33,31,3170206,8,,221_073,1.2,POINT(-48.2749 -18.85185)
1814894348,2ee46174-2eb0-3270-8a44-1437e248610e,-39.10143,-15.95622,2026-04-21 03:47:00+00:00,2026-04-21,NOAA-20,BELMONTE,BAHIA,Brasil,,,,Mata Atlântica,33,29,2903409,8,,215_071,1.7,POINT(-39.10143 -15.95622)
1814894377,5461468f-75cc-308d-8cfd-e7720f16918b,-37.47253,-9.79836,2026-04-21 03:47:00+00:00,2026-04-21,NOAA-20,PORTO DA FOLHA,SERGIPE,Brasil,,,,Caatinga,33,28,2805604,8,,215_067,5.6,POINT(-37.47253 -9.79836)
1814894425,8b5d1934-f243-33df-a862-1a251405ab8b,-45.33944,-13.95347,2026-04-21 03:47:00+00:00,2026-04-21,NOAA-20,JABORANDI,BAHIA,Brasil,,,,Cerrado,33,29,2917359,8,,220_070,2.9,POINT(-45.33944 -13.95347)
1814894454,0f3a83c4-2257-3842-ba5c-4e0365866a3a,-39.10203,-15.95961,2026-04-21 03:47:00+00:00,2026-04-21,NOAA-20,BELMONTE,BAHIA,Brasil,,,,Mata Atlântica,33,29,2903409,8,,215_071,1.7,POINT(-39.10203 -15.95961)
1814894467,64e72047-d4eb-3743-933e-a2769ad053ba,-44.19808,-12.23882,2026-04-21 03:47:00+00:00,2026-04-21,NOAA-20,CRISTÓPOLIS,BAHIA,Brasil,,,,Cerrado,33,29,2909703,8,,219_068,3.1,POINT(-44.19808 -12.23882)
1814894478,85c0963e-d2f4-3d99-a554-5759b3c1efe4,-48.55885,-21.03971,2026-04-21 03:47:00+00:00,2026-04-21,NOAA-20,BEBEDOURO,SÃO PAULO,Brasil,,,,Mata Atlântica,33,35,3506102,8,,221_075,0.7,POINT(-48.55885 -21.03971)
1814894487,3839a557-bfac-3981-adc1-23c55ebca305,-46.16756,-20.32383,2026-04-21 03:47:00+00:00,2026-04-21,NOAA-20,SÃO ROQUE DE MINAS,MINAS GERAIS,Brasil,,,,Cerrado,33,31,3164308,8,,219_074,1.0,POINT(-46.16756 -20.32383)
1814894531,16487006-bd8d-3369-bf3f-e0a2e9c4c1eb,-43.05255,-15.42165,2026-04-21 03:47:00+00:00,2026-04-21,NOAA-20,PAI PEDRO,MINAS GERAIS,Brasil,,,,Caatinga,33,31,3146552,8,,218_071,1.3,POINT(-43.05255 -15.42165)
1814893929,21b42c56-da3d-39e4-aa45-dfaddee2c6f3,-49.38891,-25.10973,2026-04-21 03:49:00+00:00,2026-04-21,NOAA-20,RIO BRANCO DO SUL,PARANÁ,Brasil,,,,Mata Atlântica,33,41,4122206,8,,221_077,1.1,POINT(-49.38891 -25.10973)
1814894059,865dec19-882e-37ed-ab26-3bdeab2c5e8b,-48.72121,-21.37048,2026-04-21 03:49:00+00:00,2026-04-21,NOAA-20,FERNANDO PRESTES,SÃO PAULO,Brasil,,,,Cerrado,33,35,3515608,8,,221_075,0.9,POINT(-48.72121 -21.37048)
1814894303,fa446790-af5e-3a20-8d3d-f2ea9d445753,-49.42865,-25.11151,2026-04-21 03:49:00+00:00,2026-04-21,NOAA-20,RIO BRANCO DO SUL,PARANÁ,Brasil,,,,Mata Atlântica,33,41,4122206,8,,221_077,0.5,POINT(-49.42865 -25.11151)
1814893925,227746ee-1a52-3d38-b753-291d58e34b59,-48.14013,-23.98069,2026-04-21 03:49:00+00:00,2026-04-21,NOAA-20,CAPÃO BONITO,SÃO PAULO,Brasil,,,,Mata Atlântica,33,35,3510203,8,,220_077,3.2,POINT(-48.14013 -23.98069)
1814893935,5b565d50-fbdd-382a-8f90-b88777adde59,-48.43333,-23.03506,2026-04-21 03:49:00+00:00,2026-04-21,NOAA-20,BOTUCATU,SÃO PAULO,Brasil,,,,Cerrado,33,35,3507506,8,,220_076,1.0,POINT(-48.43333 -23.03506)
1814893916,6da3faca-eccc-3f92-887f-08aa97388c8f,-49.43063,-25.10561,2026-04-21 03:49:00+00:00,2026-04-21,NOAA-20,RIO BRANCO DO SUL,PARANÁ,Brasil,,,,Mata Atlântica,33,41,4122206,8,,221_077,1.2,POINT(-49.43063 -25.10561)
1814894406,fdfebb74-7ed6-3a63-b367-cbb60f91e938,-48.03431,-21.95142,2026-04-21 03:49:00+00:00,2026-04-21,NOAA-20,IBATÉ,SÃO PAULO,Brasil,,,,Cerrado,33,35,3519303,8,,220_075,3.0,POINT(-48.03431 -21.95142)
1814894230,f48df98c-e5cf-3abc-b7a6-5ffd94293eb1,-40.34243,-18.1041,2026-04-21 03:49:00+00:00,2026-04-21,NOAA-20,MONTANHA,ESPÍRITO SANTO,Brasil,,,,Mata Atlântica,33,32,3203502,8,,216_072,1.5,POINT(-40.34243 -18.1041)
1814894433,b5d739ad-ea9e-3ee2-b233-4113a6cfc645,-48.02791,-21.9528,2026-04-21 03:49:00+00:00,2026-04-21,NOAA-20,IBATÉ,SÃO PAULO,Brasil,,,,Cerrado,33,35,3519303,8,,220_075,2.9,POINT(-48.02791 -21.9528)
1814894200,927bb4f6-e1ba-371e-a9fc-31031ec22582,-46.83469,-17.16304,2026-04-21 03:49:00+00:00,2026-04-21,NOAA-20,PARACATU,MINAS GERAIS,Brasil,,,,Cerrado,33,31,3147006,8,,220_072,3.1,POINT(-46.83469 -17.16304)
1814894466,9ea89e3e-9eb7-3dae-a802-f9de0aa3a414,-46.83577,-17.16819,2026-04-21 03:49:00+00:00,2026-04-21,NOAA-20,PARACATU,MINAS GERAIS,Brasil,,,,Cerrado,33,31,3147006,8,,220_072,0.7,POINT(-46.83577 -17.16819)
1814893984,56c56d3e-a569-39c4-929f-3bb688f3812b,-44.41048,-17.91178,2026-04-21 03:49:00+00:00,2026-04-21,NOAA-20,LASSANCE,MINAS GERAIS,Brasil,,,,Cerrado,33,31,3138104,8,,218_072,0.8,POINT(-44.41048 -17.91178)
1814894021,ff1a0c46-736e-35b8-a3b0-8697b605f527,-48.00089,-23.64659,2026-04-21 03:49:00+00:00,2026-04-21,NOAA-20,ITAPETININGA,SÃO PAULO,Brasil,,,,Cerrado,33,35,3522307,8,,220_076,1.8,POINT(-48.00089 -23.64659)
1814894481,8727ea96-ad2b-3e38-958d-368a0995984e,-50.41679,-25.6373,2026-04-21 03:49:00+00:00,2026-04-21,NOAA-20,SÃO JOÃO DO TRIUNFO,PARANÁ,Brasil,,,,Mata Atlântica,33,41,4125100,8,,221_078,1.7,POINT(-50.41679 -25.6373)
1814894142,62b4b582-3245-3558-a0f2-4ded7b0a6328,-48.72472,-21.36971,2026-04-21 03:49:00+00:00,2026-04-21,NOAA-20,FERNANDO PRESTES,SÃO PAULO,Brasil,,,,Cerrado,33,35,3515608,8,,221_075,1.7,POINT(-48.72472 -21.36971)
1814894493,22a5589f-4acc-3698-9477-129635cccbc7,-49.4271,-25.10642,2026-04-21 03:49:00+00:00,2026-04-21,NOAA-20,RIO BRANCO DO SUL,PARANÁ,Brasil,,,,Mata Atlântica,33,41,4122206,8,,221_077,1.2,POINT(-49.4271 -25.10642)
1814893820,edcc5cb7-3f3c-38f9-8a93-18fdab8b74a6,-48.03111,-21.95211,2026-04-21 03:49:00+00:00,2026-04-21,NOAA-20,IBATÉ,SÃO PAULO,Brasil,,,,Cerrado,33,35,3519303,8,,220_075,2.9,POINT(-48.03111 -21.95211)
1814894139,53c2376a-15ef-36a1-99e2-35dd4ddec9d0,-49.39262,-25.10888,2026-04-21 03:49:00+00:00,2026-04-21,NOAA-20,RIO BRANCO DO SUL,PARANÁ,Brasil,,,,Mata Atlântica,33,41,4122206,8,,221_077,1.0,POINT(-49.39262 -25.10888)
1814898873,a9974071-c47e-324d-9212-9defb39e7e03,-37.47499,-9.80655,2026-04-21 04:34:00+00:00,2026-04-21,NOAA-21,PORTO DA FOLHA,SERGIPE,Brasil,,,,Caatinga,33,28,2805604,8,,215_067,3.1,POINT(-37.47499 -9.80655)
1814895638,7de4c2d5-5413-3696-a6d8-97569652660a,-43.84658,-11.90638,2026-04-21 04:34:00+00:00,2026-04-21,NOAA-21,WANDERLEY,BAHIA,Brasil,,,,Cerrado,33,29,2933455,8,,219_068,1.0,POINT(-43.84658 -11.90638)
1814895713,4c9af76b-a331-3cb7-a527-2e8e87a01179,-47.77345,-11.99917,2026-04-21 04:34:00+00:00,2026-04-21,NOAA-21,NATIVIDADE,TOCANTINS,Brasil,,,,Cerrado,33,17,1714203,8,,221_068,1.8,POINT(-47.77345 -11.99917)
1814895761,7d1f1763-1d23-3973-98b6-484d666de99e,-44.73909,-11.72686,2026-04-21 04:34:00+00:00,2026-04-21,NOAA-21,RIACHÃO DAS NEVES,BAHIA,Brasil,,,,Cerrado,33,29,2926202,8,,220_068,2.0,POINT(-44.73909 -11.72686)
1814896082,d1dcaa2a-6c50-3fca-9d77-2bc6bcdc1fea,-43.3818,-11.95586,2026-04-21 04:34:00+00:00,2026-04-21,NOAA-21,MUQUÉM DO SÃO FRANCISCO,BAHIA,Brasil,,,,Cerrado,33,29,2922250,8,,219_068,0.7,POINT(-43.3818 -11.95586)
1814896420,a1615661-29eb-327a-a702-7efcc31c64bb,-37.47482,-9.80288,2026-04-21 04:34:00+00:00,2026-04-21,NOAA-21,PORTO DA FOLHA,SERGIPE,Brasil,,,,Caatinga,33,28,2805604,8,,215_067,3.0,POINT(-37.47482 -9.80288)
1814896440,12f171fc-79dc-35d5-b615-372c0eee2acb,-47.77292,-11.99582,2026-04-21 04:34:00+00:00,2026-04-21,NOAA-21,NATIVIDADE,TOCANTINS,Brasil,,,,Cerrado,33,17,1714203,8,,221_068,1.8,POINT(-47.77292 -11.99582)
1814897023,10038dcf-6efe-3b79-a93f-770bc625a34f,-44.19537,-12.24384,2026-04-21 04:34:00+00:00,2026-04-21,NOAA-21,CRISTÓPOLIS,BAHIA,Brasil,,,,Cerrado,33,29,2909703,8,,219_068,2.0,POINT(-44.19537 -12.24384)
1814897168,035ba42b-4e43-3bf1-be8a-46f7ef3f431f,-43.56931,-11.19272,2026-04-21 04:34:00+00:00,2026-04-21,NOAA-21,BARRA,BAHIA,Brasil,,,,Cerrado,33,29,2902708,8,,219_068,1.7,POINT(-43.56931 -11.19272)
1814897352,7ae8cee6-8695-302d-9ae9-f4ca40b444b5,-43.37798,-11.95637,2026-04-21 04:34:00+00:00,2026-04-21,NOAA-21,MUQUÉM DO SÃO FRANCISCO,BAHIA,Brasil,,,,Cerrado,33,29,2922250,8,,219_068,2.4,POINT(-43.37798 -11.95637)
1814898192,6220b976-9f90-385c-a086-eba96c578a20,-43.56503,-11.18915,2026-04-21 04:34:00+00:00,2026-04-21,NOAA-21,BARRA,BAHIA,Brasil,,,,Cerrado,33,29,2902708,8,,219_068,1.4,POINT(-43.56503 -11.18915)
1814898220,a7788732-bbe3-3e48-b13d-01034c17eb3a,-37.47023,-9.80342,2026-04-21 04:34:00+00:00,2026-04-21,NOAA-21,PORTO DA FOLHA,SERGIPE,Brasil,,,,Caatinga,33,28,2805604,8,,215_067,3.0,POINT(-37.47023 -9.80342)
1814898451,999867f0-0c12-31e9-a10c-e5412d6f5f65,-47.80101,-9.47107,2026-04-21 04:34:00+00:00,2026-04-21,NOAA-21,RIO SONO,TOCANTINS,Brasil,,,,Cerrado,33,17,1718758,8,,222_067,1.5,POINT(-47.80101 -9.47107)
1814898455,cf597d8f-31ec-3959-b395-e62a90730e36,-47.80452,-9.47053,2026-04-21 04:34:00+00:00,2026-04-21,NOAA-21,RIO SONO,TOCANTINS,Brasil,,,,Cerrado,33,17,1718758,8,,222_067,1.4,POINT(-47.80452 -9.47053)
1814898681,2a2caa2f-ee1a-399c-98d3-ed2c86e479f3,-44.18964,-12.24059,2026-04-21 04:34:00+00:00,2026-04-21,NOAA-21,CRISTÓPOLIS,BAHIA,Brasil,,,,Cerrado,33,29,2909703,8,,219_068,2.0,POINT(-44.18964 -12.24059)
1814898848,6023c5bb-24ea-304d-a743-a4251319a412,-44.61993,-12.28049,2026-04-21 04:34:00+00:00,2026-04-21,NOAA-21,CATOLÂNDIA,BAHIA,Brasil,,,,Cerrado,33,29,2907400,8,,219_069,3.6,POINT(-44.61993 -12.28049)
1814898975,0072f2c4-4bec-38d0-85af-50580b050ede,-43.8632,-11.87035,2026-04-21 04:34:00+00:00,2026-04-21,NOAA-21,WANDERLEY,BAHIA,Brasil,,,,Cerrado,33,29,2933455,8,,219_068,0.7,POINT(-43.8632 -11.87035)
1814899283,bafa0951-473f-354b-8a90-405b5c40be15,-37.47421,-9.80054,2026-04-21 04:34:00+00:00,2026-04-21,NOAA-21,PORTO DA FOLHA,SERGIPE,Brasil,,,,Caatinga,33,28,2805604,8,,215_067,3.1,POINT(-37.47421 -9.80054)
1814899340,543ae248-33dc-36fe-8a76-f23d7aee8e5a,-44.19487,-12.23986,2026-04-21 04:34:00+00:00,2026-04-21,NOAA-21,CRISTÓPOLIS,BAHIA,Brasil,,,,Cerrado,33,29,2909703,8,,219_068,2.0,POINT(-44.19487 -12.23986)
1814896946,ed03c560-fb20-393d-9491-73c256c999df,-43.1997,-13.34624,2026-04-21 04:36:00+00:00,2026-04-21,NOAA-21,BOM JESUS DA LAPA,BAHIA,Brasil,,,,Caatinga,33,29,2903904,8,,218_069,0.7,POINT(-43.1997 -13.34624)
1814896032,3e2fe06f-a20e-3cb2-8e64-556b851a89e6,-45.33923,-13.95656,2026-04-21 04:36:00+00:00,2026-04-21,NOAA-21,JABORANDI,BAHIA,Brasil,,,,Cerrado,33,29,2917359,8,,220_070,3.8,POINT(-45.33923 -13.95656)
1814897076,3aa8d2b7-b0af-39b5-9b15-eed87375af72,-46.83424,-17.16755,2026-04-21 04:36:00+00:00,2026-04-21,NOAA-21,PARACATU,MINAS GERAIS,Brasil,,,,Cerrado,33,31,3147006,8,,220_072,9.5,POINT(-46.83424 -17.16755)
1814898001,021bfb21-349c-3fc0-a1ba-c9cd359b1ac0,-47.48079,-13.58766,2026-04-21 04:36:00+00:00,2026-04-21,NOAA-21,CAVALCANTE,GOIÁS,Brasil,,,,Cerrado,33,52,5205307,8,,221_069,0.6,POINT(-47.48079 -13.58766)
1814899993,ce50c5b5-0dc4-34bd-9e99-f0c5647fde7a,-45.34088,-13.95251,2026-04-21 04:36:00+00:00,2026-04-21,NOAA-21,JABORANDI,BAHIA,Brasil,,,,Cerrado,33,29,2917359,8,,220_070,2.7,POINT(-45.34088 -13.95251)
1814899598,2dbba94a-9ba1-3c33-a40b-65e792502982,-54.92532,-16.42306,2026-04-21 04:36:00+00:00,2026-04-21,NOAA-21,RONDONÓPOLIS,MATO GROSSO,Brasil,,,,Cerrado,33,51,5107602,8,,225_071,1.5,POINT(-54.92532 -16.42306)
1814897768,8c16e461-f10e-3205-a080-80b5db7c429e,-45.34393,-13.95592,2026-04-21 04:36:00+00:00,2026-04-21,NOAA-21,JABORANDI,BAHIA,Brasil,,,,Cerrado,33,29,2917359,8,,220_070,1.9,POINT(-45.34393 -13.95592)
1814897867,c5e52944-586e-3f78-a62f-1d0f2aa800e5,-41.83992,-15.13136,2026-04-21 04:36:00+00:00,2026-04-21,NOAA-21,SÃO JOÃO DO PARAÍSO,MINAS GERAIS,Brasil,,,,Mata Atlântica,33,31,3162708,8,,217_070,2.7,POINT(-41.83992 -15.13136)
1814898567,a64388fb-9120-306c-bbd0-654effa1b945,-45.33863,-13.95277,2026-04-21 04:36:00+00:00,2026-04-21,NOAA-21,JABORANDI,BAHIA,Brasil,,,,Cerrado,33,29,2917359,8,,220_070,2.3,POINT(-45.33863 -13.95277)
1814899384,5fe6d5ad-f74b-34eb-b4e2-637f8ce7c23e,-42.27771,-14.55344,2026-04-21 04:36:00+00:00,2026-04-21,NOAA-21,CACULÉ,BAHIA,Brasil,,,,Caatinga,33,29,2905008,8,,218_070,1.6,POINT(-42.27771 -14.55344)
1814898517,2bfa61a9-cb08-3ccc-a5c3-9ee1be766a97,-48.02594,-21.9537,2026-04-21 04:38:00+00:00,2026-04-21,NOAA-21,IBATÉ,SÃO PAULO,Brasil,,,,Cerrado,33,35,3519303,8,,220_075,7.1,POINT(-48.02594 -21.9537)
1814895777,0cb65113-ad4a-33e3-af18-6dfb78f26e7e,-48.03545,-21.9561,2026-04-21 04:38:00+00:00,2026-04-21,NOAA-21,IBATÉ,SÃO PAULO,Brasil,,,,Cerrado,33,35,3519303,8,,220_075,4.1,POINT(-48.03545 -21.9561)
1814897604,cb054451-5a59-30eb-b7c1-1643de2d46ec,-49.42757,-25.10905,2026-04-21 04:38:00+00:00,2026-04-21,NOAA-21,RIO BRANCO DO SUL,PARANÁ,Brasil,,,,Mata Atlântica,33,41,4122206,8,,221_077,1.6,POINT(-49.42757 -25.10905)
1814897846,6e12e811-d1f6-3c45-a284-02461abe0289,-48.43372,-23.0367,2026-04-21 04:38:00+00:00,2026-04-21,NOAA-21,BOTUCATU,SÃO PAULO,Brasil,,,,Cerrado,33,35,3507506,8,,220_076,0.9,POINT(-48.43372 -23.0367)
1814897860,e94e6c1d-f8b4-3064-ad0c-cf032756f5ad,-48.27467,-18.85298,2026-04-21 04:38:00+00:00,2026-04-21,NOAA-21,UBERLÂNDIA,MINAS GERAIS,Brasil,,,,Cerrado,33,31,3170206,8,,221_073,1.5,POINT(-48.27467 -18.85298)
1814897878,dbdf318c-3d9f-3aa4-a52b-348d130fb51f,-49.38816,-25.11082,2026-04-21 04:38:00+00:00,2026-04-21,NOAA-21,RIO BRANCO DO SUL,PARANÁ,Brasil,,,,Mata Atlântica,33,41,4122206,8,,221_077,1.5,POINT(-49.38816 -25.11082)
1814898021,a7f783c5-a11f-374a-a463-5fd6cf55543c,-47.69621,-23.12298,2026-04-21 04:38:00+00:00,2026-04-21,NOAA-21,TIETÊ,SÃO PAULO,Brasil,,,,Mata Atlântica,33,35,3554508,8,,220_076,0.5,POINT(-47.69621 -23.12298)
1814898171,f2fd0b8e-4fb3-3584-bb27-4391dc30c1bd,-48.72345,-21.37383,2026-04-21 04:38:00+00:00,2026-04-21,NOAA-21,FERNANDO PRESTES,SÃO PAULO,Brasil,,,,Cerrado,33,35,3515608,8,,221_075,2.6,POINT(-48.72345 -21.37383)
1814898367,4bfb4f32-9a0f-3d0f-887a-3778ef87da48,-48.96049,-24.49793,2026-04-21 04:38:00+00:00,2026-04-21,NOAA-21,APIAÍ,SÃO PAULO,Brasil,,,,Mata Atlântica,33,35,3502705,8,,220_077,1.5,POINT(-48.96049 -24.49793)
1814898417,618278c6-f45b-3faa-9a92-7a8512fac437,-48.13966,-23.98002,2026-04-21 04:38:00+00:00,2026-04-21,NOAA-21,CAPÃO BONITO,SÃO PAULO,Brasil,,,,Mata Atlântica,33,35,3510203,8,,220_077,2.1,POINT(-48.13966 -23.98002)
1814898486,0bde3565-9a39-3e88-b4b2-b3c9404d21da,-48.27866,-18.85241,2026-04-21 04:38:00+00:00,2026-04-21,NOAA-21,UBERLÂNDIA,MINAS GERAIS,Brasil,,,,Cerrado,33,31,3170206,8,,221_073,1.0,POINT(-48.27866 -18.85241)
1814895674,a76c9856-875a-36e8-a7f1-6b92a23b125f,-48.03041,-21.95309,2026-04-21 04:38:00+00:00,2026-04-21,NOAA-21,IBATÉ,SÃO PAULO,Brasil,,,,Cerrado,33,35,3519303,8,,220_075,7.1,POINT(-48.03041 -21.95309)
1814899342,049c6aef-ef13-3082-9720-a0cbf567b131,-47.99918,-23.64798,2026-04-21 04:38:00+00:00,2026-04-21,NOAA-21,ITAPETININGA,SÃO PAULO,Brasil,,,,Cerrado,33,35,3522307,8,,220_076,1.1,POINT(-47.99918 -23.64798)
1814899454,ef71d624-180c-35a6-8b5f-3a544a652036,-48.72277,-21.37517,2026-04-21 04:38:00+00:00,2026-04-21,NOAA-21,FERNANDO PRESTES,SÃO PAULO,Brasil,,,,Cerrado,33,35,3515608,8,,221_075,0.9,POINT(-48.72277 -21.37517)
1814899539,bfdc6c7b-0a0a-304b-b218-ea2c33f04098,-48.43568,-23.03815,2026-04-21 04:38:00+00:00,2026-04-21,NOAA-21,BOTUCATU,SÃO PAULO,Brasil,,,,Cerrado,33,35,3507506,8,,220_076,0.7,POINT(-48.43568 -23.03815)
1814899673,36b9c979-7637-3134-8ea5-ebeac2217877,-45.01702,-19.84235,2026-04-21 04:38:00+00:00,2026-04-21,NOAA-21,NOVA SERRANA,MINAS GERAIS,Brasil,,,,Cerrado,33,31,3145208,8,,219_074,1.3,POINT(-45.01702 -19.84235)
1814899842,a42d360d-1794-3169-8028-fd8b6984cfe5,-50.418,-25.64175,2026-04-21 04:38:00+00:00,2026-04-21,NOAA-21,SÃO JOÃO DO TRIUNFO,PARANÁ,Brasil,,,,Mata Atlântica,33,41,4125100,8,,221_078,1.8,POINT(-50.418 -25.64175)
1814899850,8ecb9c28-8f5b-3c2c-8394-356fc853b06c,-47.48559,-22.49535,2026-04-21 04:38:00+00:00,2026-04-21,NOAA-21,CORDEIRÓPOLIS,SÃO PAULO,Brasil,,,,Mata Atlântica,33,35,3512407,8,,220_076,1.1,POINT(-47.48559 -22.49535)
1814899870,d7668d82-7126-3fc8-bd27-e7e40bc58033,-48.02655,-21.9573,2026-04-21 04:38:00+00:00,2026-04-21,NOAA-21,IBATÉ,SÃO PAULO,Brasil,,,,Cerrado,33,35,3519303,8,,220_075,7.1,POINT(-48.02655 -21.9573)
1814899924,04a6366d-4c2f-3620-8019-5670eb028ffc,-48.02715,-21.96092,2026-04-21 04:38:00+00:00,2026-04-21,NOAA-21,IBATÉ,SÃO PAULO,Brasil,,,,Cerrado,33,35,3519303,8,,220_075,3.9,POINT(-48.02715 -21.96092)
1814895899,3694c4db-62ca-3378-8e73-5ad5a0e01c66,-48.55585,-21.04042,2026-04-21 04:38:00+00:00,2026-04-21,NOAA-21,BEBEDOURO,SÃO PAULO,Brasil,,,,Mata Atlântica,33,35,3506102,8,,221_075,1.6,POINT(-48.55585 -21.04042)
1814896376,6ce1c836-4c8b-3cf8-8a26-a0a2f15a4752,-50.41393,-25.64233,2026-04-21 04:38:00+00:00,2026-04-21,NOAA-21,SÃO JOÃO DO TRIUNFO,PARANÁ,Brasil,,,,Mata Atlântica,33,41,4125100,8,,221_078,7.1,POINT(-50.41393 -25.64233)
1814897060,1a3b7c73-275c-3979-a3af-c330d1ec4ab1,-48.031,-21.95671,2026-04-21 04:38:00+00:00,2026-04-21,NOAA-21,IBATÉ,SÃO PAULO,Brasil,,,,Cerrado,33,35,3519303,8,,220_075,7.1,POINT(-48.031 -21.95671)
1814897282,3273a468-b73c-3d48-8d24-be20279ed358,-48.03159,-21.96032,2026-04-21 04:38:00+00:00,2026-04-21,NOAA-21,IBATÉ,SÃO PAULO,Brasil,,,,Cerrado,33,35,3519303,8,,220_075,3.9,POINT(-48.03159 -21.96032)
1814897544,2c0a58e7-513b-3101-a711-867e496dbab6,-50.22131,-27.95048,2026-04-21 04:40:00+00:00,2026-04-21,NOAA-21,LAGES,SANTA CATARINA,Brasil,,,,Mata Atlântica,33,42,4209300,8,,221_079,1.8,POINT(-50.22131 -27.95048)
1814897231,e87cf611-1939-3ad2-b5f7-22ff85252ba0,-49.15657,-28.34848,2026-04-21 04:40:00+00:00,2026-04-21,NOAA-21,SÃO LUDGERO,SANTA CATARINA,Brasil,,,,Mata Atlântica,33,42,4217006,8,,220_080,1.7,POINT(-49.15657 -28.34848)
1814898744,bf3dac93-6d8a-3090-8ab5-470ecaf6ff8c,-50.22559,-27.9499,2026-04-21 04:40:00+00:00,2026-04-21,NOAA-21,LAGES,SANTA CATARINA,Brasil,,,,Mata Atlântica,33,42,4209300,8,,221_079,1.8,POINT(-50.22559 -27.9499)
1814896220,5bb96265-e27e-30a8-9850-787128236b49,-48.44576,-27.44966,2026-04-21 04:40:00+00:00,2026-04-21,NOAA-21,FLORIANÓPOLIS,SANTA CATARINA,Brasil,,,,Mata Atlântica,33,42,4205407,8,,220_079,0.9,POINT(-48.44576 -27.44966)
1814899920,a10d30bb-fa85-3e7a-aa50-003b11b7c940,-49.15793,-28.34736,2026-04-21 04:40:00+00:00,2026-04-21,NOAA-21,SÃO LUDGERO,SANTA CATARINA,Brasil,,,,Mata Atlântica,33,42,4217006,8,,220_080,1.2,POINT(-49.15793 -28.34736)
1814901775,e3dd6272-e87b-357a-aeab-1440d0dc7350,-54.59238,-2.75133,2026-04-21 05:04:00+00:00,2026-04-21,NPP-375D,MOJUÍ DOS CAMPOS,PARÁ,Brasil,,,,Amazônia,33,15,1504752,8,,227_062,1.3,POINT(-54.59238 -2.75133)
1814902962,10d41e61-d858-3300-bff8-1cbfe3e64096,-60.38073,1.94622,2026-04-21 05:04:00+00:00,2026-04-21,NPP-375D,CANTÁ,RORAIMA,Brasil,,,,Amazônia,33,14,1400175,8,,232_059,3.6,POINT(-60.38073 1.94622)
1814902069,bcdb8c16-9a74-3661-853f-1eef52138071,-44.62446,-12.28006,2026-04-21 05:08:00+00:00,2026-04-21,NPP-375D,CATOLÂNDIA,BAHIA,Brasil,,,,Cerrado,33,29,2907400,8,,219_069,1.2,POINT(-44.62446 -12.28006)
1814902562,98e08ebc-3172-3d2d-9da0-a5fca27ff5ad,-44.19515,-12.24456,2026-04-21 05:08:00+00:00,2026-04-21,NPP-375D,CRISTÓPOLIS,BAHIA,Brasil,,,,Cerrado,33,29,2909703,8,,219_068,0.8,POINT(-44.19515 -12.24456)
1814900522,867b47fe-0458-398d-b5e2-2d4809afa964,-46.83468,-17.16662,2026-04-21 05:08:00+00:00,2026-04-21,NPP-375D,PARACATU,MINAS GERAIS,Brasil,,,,Cerrado,33,31,3147006,8,,220_072,3.7,POINT(-46.83468 -17.16662)
1814900937,1196696c-6804-38e0-974c-293547d4c766,-45.33991,-13.95382,2026-04-21 05:08:00+00:00,2026-04-21,NPP-375D,JABORANDI,BAHIA,Brasil,,,,Cerrado,33,29,2917359,8,,220_070,3.3,POINT(-45.33991 -13.95382)
1814901162,384b372d-312d-3d4e-bb33-feccf2e4be89,-45.34414,-13.95333,2026-04-21 05:08:00+00:00,2026-04-21,NPP-375D,JABORANDI,BAHIA,Brasil,,,,Cerrado,33,29,2917359,8,,220_070,2.3,POINT(-45.34414 -13.95333)
1814902842,947713b6-38db-3a8c-b83a-959924e71e0c,-44.62107,-12.28171,2026-04-21 05:08:00+00:00,2026-04-21,NPP-375D,CATOLÂNDIA,BAHIA,Brasil,,,,Cerrado,33,29,2907400,8,,219_069,1.7,POINT(-44.62107 -12.28171)
1814903458,c7a0e0f9-0d26-3b3b-8d45-08fabb2192f0,-47.77346,-11.99626,2026-04-21 05:08:00+00:00,2026-04-21,NPP-375D,NATIVIDADE,TOCANTINS,Brasil,,,,Cerrado,33,17,1714203,8,,221_068,1.3,POINT(-47.77346 -11.99626)
1814903606,b6013e8e-d9a4-3047-9625-8c9e4b9fb711,-44.61993,-12.28062,2026-04-21 05:08:00+00:00,2026-04-21,NPP-375D,CATOLÂNDIA,BAHIA,Brasil,,,,Cerrado,33,29,2907400,8,,219_069,1.1,POINT(-44.61993 -12.28062)
1814904033,cae165b1-ea7d-302f-8f10-2a884a6a096d,-44.19469,-12.23834,2026-04-21 05:08:00+00:00,2026-04-21,NPP-375D,CRISTÓPOLIS,BAHIA,Brasil,,,,Cerrado,33,29,2909703,8,,219_068,1.9,POINT(-44.19469 -12.23834)
1814903412,9f4a5cf4-3919-3f32-a5f3-2570b554c6c3,-47.7765,-11.99887,2026-04-21 05:08:00+00:00,2026-04-21,NPP-375D,NATIVIDADE,TOCANTINS,Brasil,,,,Cerrado,33,17,1714203,8,,221_068,1.5,POINT(-47.7765 -11.99887)
1814903270,35b81ada-84e3-35c9-b0bf-f189ce07f86f,-48.7237,-21.37133,2026-04-21 05:10:00+00:00,2026-04-21,NPP-375D,FERNANDO PRESTES,SÃO PAULO,Brasil,,,,Cerrado,33,35,3515608,8,,221_075,1.3,POINT(-48.7237 -21.37133)
1814902048,3dc4c839-f4bc-3e4b-9cff-0a98746e42ee,-60.32778,1.2852,2026-04-21 05:25:00+00:00,2026-04-21,NOAA-20,CARACARAÍ,RORAIMA,Brasil,,,,Amazônia,33,14,1400209,8,,231_059,0.9,POINT(-60.32778 1.2852)
1814901963,66e21ec5-eb13-3385-be26-bdaf218f37af,-60.32779,1.28378,2026-04-21 05:25:00+00:00,2026-04-21,NOAA-20,CARACARAÍ,RORAIMA,Brasil,,,,Amazônia,33,14,1400209,8,,231_059,1.6,POINT(-60.32779 1.28378)
1814903148,66bbc4fe-cde8-3fbd-8caf-06dcdd1ebd36,-60.30045,2.57707,2026-04-21 05:25:00+00:00,2026-04-21,NOAA-20,CANTÁ,RORAIMA,Brasil,,,,Amazônia,33,14,1400175,8,,232_058,0.8,POINT(-60.30045 2.57707)
1814901645,69238a1f-0ee1-30ab-8a4c-24cdef7e017e,-60.37821,1.94838,2026-04-21 05:25:00+00:00,2026-04-21,NOAA-20,CANTÁ,RORAIMA,Brasil,,,,Amazônia,33,14,1400175,8,,232_059,2.5,POINT(-60.37821 1.94838)
1814902666,63de3cff-62a5-3238-85e2-930847fbda8f,-59.86976,-9.06471,2026-04-21 05:25:00+00:00,2026-04-21,NOAA-20,COLNIZA,MATO GROSSO,Brasil,,,,Amazônia,33,51,5103254,8,,230_066,0.9,POINT(-59.86976 -9.06471)
1814901630,f01e0136-aa57-392f-807f-fcdf3420ffc6,-60.32419,1.28464,2026-04-21 05:25:00+00:00,2026-04-21,NOAA-20,CARACARAÍ,RORAIMA,Brasil,,,,Amazônia,33,14,1400209,8,,231_059,0.9,POINT(-60.32419 1.28464)
1814903539,b884cf66-31d1-3037-8be5-bf85d68e26bc,-60.37769,1.95178,2026-04-21 05:25:00+00:00,2026-04-21,NOAA-20,CANTÁ,RORAIMA,Brasil,,,,Amazônia,33,14,1400175,8,,232_059,0.3,POINT(-60.37769 1.95178)
1814902887,3f60967d-6a4c-3023-a1a2-b2547427a9b9,-54.92481,-16.41932,2026-04-21 05:27:00+00:00,2026-04-21,NOAA-20,RONDONÓPOLIS,MATO GROSSO,Brasil,,,,Cerrado,33,51,5107602,8,,225_071,1.1,POINT(-54.92481 -16.41932)
1814952085,f9347c56-20f0-3cef-abcb-a546c9bdf3c2,-45.34749,-13.96296,2026-04-21 11:23:00+00:00,2026-04-21,TERRA_M-M,JABORANDI,BAHIA,Brasil,,,,Cerrado,33,29,2917359,8,,220_070,15.6,POINT(-45.34749 -13.96296)
1814950682,bed75b52-f62d-3d5f-8045-94f4542b99be,-42.60499,-13.35722,2026-04-21 11:23:00+00:00,2026-04-21,TERRA_M-M,BOTUPORÃ,BAHIA,Brasil,,,,Caatinga,33,29,2904209,8,,218_069,7.6,POINT(-42.60499 -13.35722)
1814950786,4def4b8a-af3f-3faa-879b-19d904ff24bf,-39.17502,-11.8338,2026-04-21 11:23:00+00:00,2026-04-21,TERRA_M-M,CANDEAL,BAHIA,Brasil,,,,Caatinga,33,29,2906402,8,,216_068,16.2,POINT(-39.17502 -11.8338)
1814951213,f4f82640-4015-3e41-a64e-8a47bb4ddcd8,-39.34305,-12.5834,2026-04-21 11:23:00+00:00,2026-04-21,TERRA_M-M,CASTRO ALVES,BAHIA,Brasil,,,,Mata Atlântica,33,29,2907301,8,,216_069,4.4,POINT(-39.34305 -12.5834)
1814951305,0e22d26a-c014-33d0-8f51-6eb2bafced8a,-39.34304,-12.5834,2026-04-21 11:23:00+00:00,2026-04-21,TERRA_M-M,CASTRO ALVES,BAHIA,Brasil,,,,Mata Atlântica,33,29,2907301,8,,216_069,4.4,POINT(-39.34304 -12.5834)
1814951754,8d2fc3e7-b535-3120-8c51-edc869b9b24a,-42.60498,-13.35722,2026-04-21 11:23:00+00:00,2026-04-21,TERRA_M-M,BOTUPORÃ,BAHIA,Brasil,,,,Caatinga,33,29,2904209,8,,218_069,7.6,POINT(-42.60498 -13.35722)
1814951880,db12a7a3-dad4-319d-8979-3730d7a4adb3,-39.17503,-11.83379,2026-04-21 11:23:00+00:00,2026-04-21,TERRA_M-M,CANDEAL,BAHIA,Brasil,,,,Caatinga,33,29,2906402,8,,216_068,16.2,POINT(-39.17503 -11.83379)
1814952366,8b584c9b-1be3-3780-892e-9ac503c49c17,-45.34748,-13.96297,2026-04-21 11:23:00+00:00,2026-04-21,TERRA_M-M,JABORANDI,BAHIA,Brasil,,,,Cerrado,33,29,2917359,8,,220_070,15.6,POINT(-45.34748 -13.96297)
1814951525,11c1c795-d6ee-35e8-9830-d07051fe98da,-40.24512,-18.64827,2026-04-21 11:25:00+00:00,2026-04-21,TERRA_M-M,SÃO MATEUS,ESPÍRITO SANTO,Brasil,,,,Mata Atlântica,33,32,3204906,8,,216_073,11.7,POINT(-40.24512 -18.64827)
1814952426,e1353b91-e9ec-35cb-9c14-60468ef6ec25,-40.24646,-18.65713,2026-04-21 11:25:00+00:00,2026-04-21,TERRA_M-M,SÃO MATEUS,ESPÍRITO SANTO,Brasil,,,,Mata Atlântica,33,32,3204906,8,,216_073,3.6,POINT(-40.24646 -18.65713)
1814951184,f19ae9d0-d39c-39bd-be91-36397ba85d83,-40.24648,-18.65712,2026-04-21 11:25:00+00:00,2026-04-21,TERRA_M-M,SÃO MATEUS,ESPÍRITO SANTO,Brasil,,,,Mata Atlântica,33,32,3204906,8,,216_073,3.6,POINT(-40.24648 -18.65712)
1814950530,3908aa89-9988-32e9-812d-fc1756a85714,-40.24511,-18.64827,2026-04-21 11:25:00+00:00,2026-04-21,TERRA_M-M,SÃO MATEUS,ESPÍRITO SANTO,Brasil,,,,Mata Atlântica,33,32,3204906,8,,216_073,11.7,POINT(-40.24511 -18.64827)
1814963940,7e4f8d8c-a428-3c8a-9c82-a1e683cff121,-45.3417,-13.9564,2026-04-21 15:20:00+00:00,2026-04-21,GOES-19,JABORANDI,BAHIA,Brasil,,,,Cerrado,33,29,2917359,8,,220_070,71.4,POINT(-45.3417 -13.9564)
1814978718,b3d2ae1e-0ce4-39d9-b077-5fa1c46bf4c6,-40.40396,-19.29116,2026-04-21 15:26:00+00:00,2026-04-21,NOAA-21,RIO BANANAL,ESPÍRITO SANTO,Brasil,,,,Mata Atlântica,33,32,3204351,8,,216_073,5.8,POINT(-40.40396 -19.29116)
1814979114,e6ce3624-cbe2-3a46-acfd-a6152ad6ea4c,-40.40519,-19.28975,2026-04-21 15:26:00+00:00,2026-04-21,NOAA-21,RIO BANANAL,ESPÍRITO SANTO,Brasil,,,,Mata Atlântica,33,32,3204351,8,,216_073,8.6,POINT(-40.40519 -19.28975)
1814979068,9413baf5-d66f-3e79-aac7-39217feb3abe,-39.95553,-13.66494,2026-04-21 15:29:00+00:00,2026-04-21,NOAA-21,JAGUAQUARA,BAHIA,Brasil,,,,Mata Atlântica,33,29,2917607,8,,216_069,12.7,POINT(-39.95553 -13.66494)
1814977935,669fca15-c4d5-351b-8a35-f01d221843aa,-39.42343,-14.4341,2026-04-21 15:29:00+00:00,2026-04-21,NOAA-21,AURELINO LEAL,BAHIA,Brasil,,,,Mata Atlântica,33,29,2902401,8,,216_070,9.9,POINT(-39.42343 -14.4341)
1814978662,6b5090a5-c3a4-3d52-b5ca-24f4c446fd40,-40.85903,-12.12869,2026-04-21 15:29:00+00:00,2026-04-21,NOAA-21,RUY BARBOSA,BAHIA,Brasil,,,,Caatinga,33,29,2927200,8,,217_068,12.2,POINT(-40.85903 -12.12869)
1814978648,66131352-3be2-3421-8662-741e1ba81f81,-40.34147,-12.04094,2026-04-21 15:29:00+00:00,2026-04-21,NOAA-21,MACAJUBA,BAHIA,Brasil,,,,Caatinga,33,29,2919603,8,,217_068,10.3,POINT(-40.34147 -12.04094)
1814977993,bd62fb6a-e596-3769-83d0-cd10ba1f0214,-41.30869,-12.10735,2026-04-21 15:29:00+00:00,2026-04-21,NOAA-21,BONITO,BAHIA,Brasil,,,,Caatinga,33,29,2904050,8,,217_068,12.3,POINT(-41.30869 -12.10735)
1814978019,3dfd5fe8-40a8-34cc-ad00-b58a5ca1cd5d,-39.03376,-15.50162,2026-04-21 15:29:00+00:00,2026-04-21,NOAA-21,CANAVIEIRAS,BAHIA,Brasil,,,,Mata Atlântica,33,29,2906303,8,,215_071,3.6,POINT(-39.03376 -15.50162)
1814978625,6ee95f81-be3d-3429-a5bc-20d11594d3ad,-40.34289,-12.03837,2026-04-21 15:29:00+00:00,2026-04-21,NOAA-21,MACAJUBA,BAHIA,Brasil,,,,Caatinga,33,29,2919603,8,,217_068,10.5,POINT(-40.34289 -12.03837)
1814978597,7ea68f75-b508-3e9c-96ee-feb80b3d106d,-41.30563,-12.10408,2026-04-21 15:29:00+00:00,2026-04-21,NOAA-21,BONITO,BAHIA,Brasil,,,,Caatinga,33,29,2904050,8,,217_068,9.0,POINT(-41.30563 -12.10408)
1814978477,4ab108e1-f933-330c-8f50-124f268ec714,-40.46186,-11.65413,2026-04-21 15:29:00+00:00,2026-04-21,NOAA-21,PIRITIBA,BAHIA,Brasil,,,,Caatinga,33,29,2924801,8,,217_068,8.4,POINT(-40.46186 -11.65413)
1814978473,caf30f01-dc82-3806-9175-49d892621f8c,-40.3167,-13.26527,2026-04-21 15:29:00+00:00,2026-04-21,NOAA-21,PLANALTINO,BAHIA,Brasil,,,,Caatinga,33,29,2924900,8,,216_069,10.1,POINT(-40.3167 -13.26527)
1814978954,5d6908ef-0a13-34b1-8b13-9656c06e5349,-40.36137,-10.49575,2026-04-21 15:29:00+00:00,2026-04-21,NOAA-21,CAMPO FORMOSO,BAHIA,Brasil,,,,Caatinga,33,29,2906006,8,,217_067,7.3,POINT(-40.36137 -10.49575)
1814978964,41b7a7f5-3ee7-3869-928c-46c0dc17c4f6,-40.12629,-14.8267,2026-04-21 15:29:00+00:00,2026-04-21,NOAA-21,NOVA CANAÃ,BAHIA,Brasil,,,,Mata Atlântica,33,29,2922706,8,,216_070,5.2,POINT(-40.12629 -14.8267)
1814978865,aa2125ef-0628-35f9-a942-51eb6578c8c3,-39.10294,-15.9627,2026-04-21 15:29:00+00:00,2026-04-21,NOAA-21,BELMONTE,BAHIA,Brasil,,,,Mata Atlântica,33,29,2903409,8,,215_071,5.4,POINT(-39.10294 -15.9627)
1814979016,db9c4c74-6e08-3aeb-9c5b-1fe7e5da8318,-39.95624,-13.66916,2026-04-21 15:29:00+00:00,2026-04-21,NOAA-21,JAGUAQUARA,BAHIA,Brasil,,,,Mata Atlântica,33,29,2917607,8,,216_069,11.7,POINT(-39.95624 -13.66916)
1814978810,bfc0d870-cda2-3d1e-a901-49848d26c210,-39.3889,-13.5007,2026-04-21 15:29:00+00:00,2026-04-21,NOAA-21,PRESIDENTE TANCREDO NEVES,BAHIA,Brasil,,,,Mata Atlântica,33,29,2925758,8,,216_069,4.1,POINT(-39.3889 -13.5007)
1814978324,035c492e-f384-39c7-a8a9-6845c9274c93,-40.86436,-12.12928,2026-04-21 15:29:00+00:00,2026-04-21,NOAA-21,RUY BARBOSA,BAHIA,Brasil,,,,Caatinga,33,29,2927200,8,,217_068,12.2,POINT(-40.86436 -12.12928)
1814978480,84911c85-7fe2-3270-ba16-ec7916a8c225,-40.31699,-13.26317,2026-04-21 15:29:00+00:00,2026-04-21,NOAA-21,PLANALTINO,BAHIA,Brasil,,,,Caatinga,33,29,2924900,8,,216_069,10.9,POINT(-40.31699 -13.26317)
1814978391,de7298ed-3b15-31ab-be5d-845d6fc9e69b,-39.10772,-15.96319,2026-04-21 15:29:00+00:00,2026-04-21,NOAA-21,BELMONTE,BAHIA,Brasil,,,,Mata Atlântica,33,29,2903409,8,,215_071,5.4,POINT(-39.10772 -15.96319)
1814979147,e44dd5c8-16fb-3049-b35c-c578345967f9,-39.71877,-15.01182,2026-04-21 15:29:00+00:00,2026-04-21,NOAA-21,ITAJU DO COLÔNIA,BAHIA,Brasil,,,,Mata Atlântica,33,29,2915403,8,,216_070,7.6,POINT(-39.71877 -15.01182)
1814978220,da642c11-41af-3f1e-bf99-fc3d4fdb1a7e,-40.32197,-13.26373,2026-04-21 15:29:00+00:00,2026-04-21,NOAA-21,PLANALTINO,BAHIA,Brasil,,,,Caatinga,33,29,2924900,8,,216_069,14.5,POINT(-40.32197 -13.26373)
1814978055,85fc2002-8dff-35b2-9f57-59a156dcfdc9,-40.32171,-13.26579,2026-04-21 15:29:00+00:00,2026-04-21,NOAA-21,PLANALTINO,BAHIA,Brasil,,,,Caatinga,33,29,2924900,8,,216_069,10.1,POINT(-40.32171 -13.26579)
1814979331,c0ebfae1-6cf1-325d-9c2d-64865579b5db,-40.1247,-14.82841,2026-04-21 15:29:00+00:00,2026-04-21,NOAA-21,NOVA CANAÃ,BAHIA,Brasil,,,,Mata Atlântica,33,29,2922706,8,,216_070,5.9,POINT(-40.1247 -14.82841)
1814978065,5fafe38c-a0f1-331b-9a5a-52bef38fe85d,-39.41853,-14.43356,2026-04-21 15:29:00+00:00,2026-04-21,NOAA-21,AURELINO LEAL,BAHIA,Brasil,,,,Mata Atlântica,33,29,2902401,8,,216_070,12.7,POINT(-39.41853 -14.43356)
1814978512,4ed6de71-714e-3c7e-a242-b687eab6b98d,-40.85593,-11.95647,2026-04-21 15:29:00+00:00,2026-04-21,NOAA-21,TAPIRAMUTÁ,BAHIA,Brasil,,,,Caatinga,33,29,2931301,8,,217_068,4.6,POINT(-40.85593 -11.95647)
1814978261,7b5dbaaf-c49c-3f8a-ad97-2d04a2f619cf,-40.85486,-11.957,2026-04-21 15:29:00+00:00,2026-04-21,NOAA-21,TAPIRAMUTÁ,BAHIA,Brasil,,,,Caatinga,33,29,2931301,8,,217_068,4.7,POINT(-40.85486 -11.957)
1814979386,57e69597-8fa3-342f-ae92-626d7dcfed64,-40.80424,-8.77769,2026-04-21 15:31:00+00:00,2026-04-21,NOAA-21,PETROLINA,PERNAMBUCO,Brasil,,,,Caatinga,33,26,2611101,8,,217_066,1.8,POINT(-40.80424 -8.77769)
1814977885,0982ad49-917b-3ab0-9cea-18770457f403,-37.80944,-9.37928,2026-04-21 15:31:00+00:00,2026-04-21,NOAA-21,OLHO D'ÁGUA DO CASADO,ALAGOAS,Brasil,,,,Caatinga,33,27,2705804,8,,215_067,2.4,POINT(-37.80944 -9.37928)
1814978190,aa2c0edd-8dfc-37a8-9e0f-61f880f87784,-37.6916,-9.35067,2026-04-21 15:31:00+00:00,2026-04-21,NOAA-21,INHAPI,ALAGOAS,Brasil,,,,Caatinga,33,27,2703304,8,,215_067,4.9,POINT(-37.6916 -9.35067)
1814978631,b92563bc-53fc-3d2d-8719-e0eb078bc33d,-37.69084,-9.35369,2026-04-21 15:31:00+00:00,2026-04-21,NOAA-21,INHAPI,ALAGOAS,Brasil,,,,Caatinga,33,27,2703304,8,,215_067,3.6,POINT(-37.69084 -9.35369)
1814978029,71e23249-c695-3888-8e12-1cc0398efec1,-39.41933,-14.43396,2026-04-21 15:58:00+00:00,2026-04-21,NPP-375,AURELINO LEAL,BAHIA,Brasil,,,,Mata Atlântica,33,29,2902401,8,,216_070,20.7,POINT(-39.41933 -14.43396)
1814977886,46ce4aea-2d55-3707-a4df-cb2fd3863612,-43.84462,-11.91244,2026-04-21 15:58:00+00:00,2026-04-21,NPP-375,WANDERLEY,BAHIA,Brasil,,,,Cerrado,33,29,2933455,8,,219_068,4.6,POINT(-43.84462 -11.91244)
1814977887,8a0d5cb7-399c-32b9-95cb-f1a20be75106,-43.7901,-13.44572,2026-04-21 15:58:00+00:00,2026-04-21,NPP-375,SERRA DO RAMALHO,BAHIA,Brasil,,,,Cerrado,33,29,2930154,8,,219_069,10.8,POINT(-43.7901 -13.44572)
1814977905,9fee8e9e-db9d-3d52-9d9a-2c63404f934c,-39.24854,-14.11848,2026-04-21 15:58:00+00:00,2026-04-21,NPP-375,MARAÚ,BAHIA,Brasil,,,,Mata Atlântica,33,29,2920700,8,,216_070,4.6,POINT(-39.24854 -14.11848)
1814977913,e1c36884-2bea-380a-b3c9-590b1c553223,-39.17599,-11.83365,2026-04-21 15:58:00+00:00,2026-04-21,NPP-375,CANDEAL,BAHIA,Brasil,,,,Caatinga,33,29,2906402,8,,216_068,5.8,POINT(-39.17599 -11.83365)
1814977925,d1d9c41e-6bc8-37d2-a5c7-ebce754c25f7,-39.24792,-14.12241,2026-04-21 15:58:00+00:00,2026-04-21,NPP-375,MARAÚ,BAHIA,Brasil,,,,Mata Atlântica,33,29,2920700,8,,216_070,4.6,POINT(-39.24792 -14.12241)
1814977931,7ed6cd46-2290-3468-9fb7-2f02edc44b9e,-45.35366,-13.96213,2026-04-21 15:58:00+00:00,2026-04-21,NPP-375,JABORANDI,BAHIA,Brasil,,,,Cerrado,33,29,2917359,8,,220_070,4.4,POINT(-45.35366 -13.96213)
1814977948,29c2762e-3eef-30e6-8735-2cd0e32106c2,-43.84625,-11.9115,2026-04-21 15:58:00+00:00,2026-04-21,NPP-375,WANDERLEY,BAHIA,Brasil,,,,Cerrado,33,29,2933455,8,,219_068,4.8,POINT(-43.84625 -11.9115)
1814977965,b2416ef7-a2a8-3cbc-977f-78fc11620aef,-45.34312,-13.38008,2026-04-21 15:58:00+00:00,2026-04-21,NPP-375,CORRENTINA,BAHIA,Brasil,,,,Cerrado,33,29,2909307,8,,220_069,9.8,POINT(-45.34312 -13.38008)
1814977981,4ea15378-b7e5-3bc3-89e8-7cb98bfec4e6,-45.43235,-21.76804,2026-04-21 15:58:00+00:00,2026-04-21,NPP-375,MONSENHOR PAULO,MINAS GERAIS,Brasil,,,,Mata Atlântica,33,31,3142601,8,,218_075,4.9,POINT(-45.43235 -21.76804)
1814977994,e800bf1f-bb44-3ff3-ab55-4c383b5d2512,-43.38234,-11.95705,2026-04-21 15:58:00+00:00,2026-04-21,NPP-375,MUQUÉM DO SÃO FRANCISCO,BAHIA,Brasil,,,,Cerrado,33,29,2922250,8,,219_068,4.3,POINT(-43.38234 -11.95705)
1814978035,a031f7a1-92ee-38e2-a8e1-3520c97e6b04,-43.02134,-12.9165,2026-04-21 15:58:00+00:00,2026-04-21,NPP-375,PARATINGA,BAHIA,Brasil,,,,Caatinga,33,29,2923704,8,,218_069,8.9,POINT(-43.02134 -12.9165)
1814978069,039c6fa4-e5cb-34c1-a4b3-572253d55553,-43.01189,-13.22941,2026-04-21 15:58:00+00:00,2026-04-21,NPP-375,BOM JESUS DA LAPA,BAHIA,Brasil,,,,Caatinga,33,29,2903904,8,,218_069,5.8,POINT(-43.01189 -13.22941)
1814978078,733e5bb4-f516-31b7-b758-16401fac882e,-40.31862,-13.26768,2026-04-21 15:58:00+00:00,2026-04-21,NPP-375,PLANALTINO,BAHIA,Brasil,,,,Caatinga,33,29,2924900,8,,216_069,8.6,POINT(-40.31862 -13.26768)
1814978107,1e51d591-3b02-3023-92c4-9388141307b4,-44.1927,-12.24229,2026-04-21 15:58:00+00:00,2026-04-21,NPP-375,CRISTÓPOLIS,BAHIA,Brasil,,,,Cerrado,33,29,2909703,8,,219_068,4.0,POINT(-44.1927 -12.24229)
1814978122,56bc67e8-7b63-3432-b454-d775ec62d1b2,-43.83964,-11.97517,2026-04-21 15:58:00+00:00,2026-04-21,NPP-375,WANDERLEY,BAHIA,Brasil,,,,Cerrado,33,29,2933455,8,,219_068,20.1,POINT(-43.83964 -11.97517)
1814978125,b9fb6614-9b2b-3c67-9bdc-b0db8dc2bb7f,-45.3422,-13.9489,2026-04-21 15:58:00+00:00,2026-04-21,NPP-375,JABORANDI,BAHIA,Brasil,,,,Cerrado,33,29,2917359,8,,220_070,2.1,POINT(-45.3422 -13.9489)
1814978131,fcdaa7af-fa37-3837-95a2-7d6786716873,-40.86086,-12.12694,2026-04-21 15:58:00+00:00,2026-04-21,NPP-375,RUY BARBOSA,BAHIA,Brasil,,,,Caatinga,33,29,2927200,8,,217_068,25.2,POINT(-40.86086 -12.12694)
1814978136,4dda29a1-38fa-3aca-be99-4ac03d3044a2,-40.3433,-12.04024,2026-04-21 15:58:00+00:00,2026-04-21,NPP-375,MACAJUBA,BAHIA,Brasil,,,,Caatinga,33,29,2919603,8,,217_068,2.9,POINT(-40.3433 -12.04024)
1814978139,9156e8ea-743a-346f-8ee8-a04e8d9e7a3c,-43.41334,-12.5703,2026-04-21 15:58:00+00:00,2026-04-21,NPP-375,SÍTIO DO MATO,BAHIA,Brasil,,,,Cerrado,33,29,2930758,8,,219_069,2.7,POINT(-43.41334 -12.5703)
1814978147,787b1739-a64e-3b40-a858-1a3cfa641e36,-43.37908,-11.95298,2026-04-21 15:58:00+00:00,2026-04-21,NPP-375,MUQUÉM DO SÃO FRANCISCO,BAHIA,Brasil,,,,Cerrado,33,29,2922250,8,,219_068,10.0,POINT(-43.37908 -11.95298)
1814978182,7ade764f-b5a0-33db-828b-e19d76c21be9,-44.03988,-13.53008,2026-04-21 15:58:00+00:00,2026-04-21,NPP-375,SÃO FÉLIX DO CORIBE,BAHIA,Brasil,,,,Cerrado,33,29,2929057,8,,219_069,7.7,POINT(-44.03988 -13.53008)
1814978194,e2e4885c-26c8-346c-b186-37f03da5cd84,-40.0239,-14.755,2026-04-21 15:58:00+00:00,2026-04-21,NPP-375,IBICUÍ,BAHIA,Brasil,,,,Mata Atlântica,33,29,2912301,8,,216_070,1.9,POINT(-40.0239 -14.755)
1814978198,4680402b-bccd-36f9-8c43-a45e512f7e8f,-39.78008,-13.805,2026-04-21 15:58:00+00:00,2026-04-21,NPP-375,APUAREMA,BAHIA,Brasil,,,,Mata Atlântica,33,29,2901957,8,,216_070,3.1,POINT(-39.78008 -13.805)
1814978203,d16eef37-19b5-3fa9-a470-8bec6768f3d8,-43.37515,-13.34644,2026-04-21 15:58:00+00:00,2026-04-21,NPP-375,BOM JESUS DA LAPA,BAHIA,Brasil,,,,Caatinga,33,29,2903904,8,,218_069,4.6,POINT(-43.37515 -13.34644)
1814978204,c0a02d87-999d-3600-9afd-82902a367e27,-43.37691,-11.95127,2026-04-21 15:58:00+00:00,2026-04-21,NPP-375,MUQUÉM DO SÃO FRANCISCO,BAHIA,Brasil,,,,Cerrado,33,29,2922250,8,,219_068,4.3,POINT(-43.37691 -11.95127)
1814978205,f4e82c73-4f2a-3d50-bf70-d9e49c49ead5,-43.84531,-11.90724,2026-04-21 15:58:00+00:00,2026-04-21,NPP-375,WANDERLEY,BAHIA,Brasil,,,,Cerrado,33,29,2933455,8,,219_068,4.0,POINT(-43.84531 -11.90724)
1814978276,c9f093d1-1720-316e-9b6b-6465c304144d,-41.92299,-18.8608,2026-04-21 15:58:00+00:00,2026-04-21,NPP-375,GOVERNADOR VALADARES,MINAS GERAIS,Brasil,,,,Mata Atlântica,33,31,3127701,8,,217_073,7.1,POINT(-41.92299 -18.8608)
1814978297,ae9ac498-490a-3ac9-8e0e-e3866aff132e,-42.58365,-13.33299,2026-04-21 15:58:00+00:00,2026-04-21,NPP-375,BOTUPORÃ,BAHIA,Brasil,,,,Caatinga,33,29,2904209,8,,218_069,7.2,POINT(-42.58365 -13.33299)
1814978298,6e29359f-8037-3159-bdce-4b513b08bb15,-45.33794,-13.94842,2026-04-21 15:58:00+00:00,2026-04-21,NPP-375,JABORANDI,BAHIA,Brasil,,,,Cerrado,33,29,2917359,8,,220_070,2.1,POINT(-45.33794 -13.94842)
1814978302,cfcf4580-950a-3957-aeaa-8c7903a1b36f,-45.33406,-13.38498,2026-04-21 15:58:00+00:00,2026-04-21,NPP-375,CORRENTINA,BAHIA,Brasil,,,,Cerrado,33,29,2909307,8,,220_069,19.2,POINT(-45.33406 -13.38498)
1814978326,1a8be38e-8858-3656-adf5-c9e6322b4235,-40.21,-12.08829,2026-04-21 15:58:00+00:00,2026-04-21,NPP-375,BAIXA GRANDE,BAHIA,Brasil,,,,Caatinga,33,29,2902609,8,,217_068,2.8,POINT(-40.21 -12.08829)
1814978348,abf92932-9c03-3cbc-8282-b17fbfe883a1,-44.19606,-12.24271,2026-04-21 15:58:00+00:00,2026-04-21,NPP-375,CRISTÓPOLIS,BAHIA,Brasil,,,,Cerrado,33,29,2909703,8,,219_068,4.0,POINT(-44.19606 -12.24271)
1814978356,b46fcee6-6c28-3317-9f42-c340f0ae179b,-45.33893,-13.37961,2026-04-21 15:58:00+00:00,2026-04-21,NPP-375,CORRENTINA,BAHIA,Brasil,,,,Cerrado,33,29,2909307,8,,220_069,19.2,POINT(-45.33893 -13.37961)
1814978365,27fe1463-9045-3d2e-b9dc-29ea643c3cd7,-45.2188,-12.03816,2026-04-21 15:58:00+00:00,2026-04-21,NPP-375,BARREIRAS,BAHIA,Brasil,,,,Cerrado,33,29,2903201,8,,220_068,2.9,POINT(-45.2188 -12.03816)
1814978366,0237b2a2-83a2-35e7-956b-6bf52f3fb4a3,-45.43283,-21.76862,2026-04-21 15:58:00+00:00,2026-04-21,NPP-375,MONSENHOR PAULO,MINAS GERAIS,Brasil,,,,Mata Atlântica,33,31,3142601,8,,218_075,6.4,POINT(-45.43283 -21.76862)
1814978450,f2bf7bb2-c5c3-3216-bbd1-b6c3fde3eb5e,-46.25903,-20.10796,2026-04-21 15:58:00+00:00,2026-04-21,NPP-375,MEDEIROS,MINAS GERAIS,Brasil,,,,Cerrado,33,31,3141306,8,,219_074,5.6,POINT(-46.25903 -20.10796)
1814978466,fb2591af-ac7a-3f68-907f-936d1d448962,-43.60793,-13.0251,2026-04-21 15:58:00+00:00,2026-04-21,NPP-375,SÍTIO DO MATO,BAHIA,Brasil,,,,Cerrado,33,29,2930758,8,,219_069,8.8,POINT(-43.60793 -13.0251)
1814978470,cf45ecc3-3018-3a5d-ab74-1e451b478721,-45.22803,-12.0277,2026-04-21 15:58:00+00:00,2026-04-21,NPP-375,BARREIRAS,BAHIA,Brasil,,,,Cerrado,33,29,2903201,8,,220_068,4.5,POINT(-45.22803 -12.0277)
1814978497,5abc2e2f-de0c-3a5c-b66f-cd7d7beb381b,-39.39979,-13.77392,2026-04-21 15:58:00+00:00,2026-04-21,NPP-375,PIRAÍ DO NORTE,BAHIA,Brasil,,,,Mata Atlântica,33,29,2924678,8,,216_069,6.2,POINT(-39.39979 -13.77392)
1814978510,687e50bf-eda5-3e3a-b723-657e79435045,-40.31918,-13.26351,2026-04-21 15:58:00+00:00,2026-04-21,NPP-375,PLANALTINO,BAHIA,Brasil,,,,Caatinga,33,29,2924900,8,,216_069,8.6,POINT(-40.31918 -13.26351)
1814978521,280b39b7-c88c-3343-8cef-d6a0d9e10c8b,-47.46349,-22.13815,2026-04-21 15:58:00+00:00,2026-04-21,NPP-375,SANTA CRUZ DA CONCEIÇÃO,SÃO PAULO,Brasil,,,,Cerrado,33,35,3546207,8,,220_075,6.5,POINT(-47.46349 -22.13815)
1814978537,926617dc-691f-3cf0-abef-8c6e35b3da17,-45.33758,-13.3913,2026-04-21 15:58:00+00:00,2026-04-21,NPP-375,CORRENTINA,BAHIA,Brasil,,,,Cerrado,33,29,2909307,8,,220_069,12.9,POINT(-45.33758 -13.3913)
1814978569,0131d428-1c20-302b-ab53-f9e97ce3317d,-40.33965,-12.03975,2026-04-21 15:58:00+00:00,2026-04-21,NPP-375,MACAJUBA,BAHIA,Brasil,,,,Caatinga,33,29,2919603,8,,217_068,4.4,POINT(-40.33965 -12.03975)
1814978646,0f154b45-f212-3505-81a4-ddec96c6945d,-44.02069,-12.57688,2026-04-21 15:58:00+00:00,2026-04-21,NPP-375,BREJOLÂNDIA,BAHIA,Brasil,,,,Cerrado,33,29,2904407,8,,219_069,6.2,POINT(-44.02069 -12.57688)
1814978663,41284072-7117-3e58-a80f-3334a0f5e49e,-43.37351,-13.34858,2026-04-21 15:58:00+00:00,2026-04-21,NPP-375,BOM JESUS DA LAPA,BAHIA,Brasil,,,,Caatinga,33,29,2903904,8,,218_069,4.6,POINT(-43.37351 -13.34858)
1814978666,614b211a-65a5-304c-849e-8bfa6bcc893a,-43.84847,-11.90762,2026-04-21 15:58:00+00:00,2026-04-21,NPP-375,WANDERLEY,BAHIA,Brasil,,,,Cerrado,33,29,2933455,8,,219_068,4.0,POINT(-43.84847 -11.90762)
1814978682,01e547e8-32d8-3db2-9f51-812fef92241f,-47.46254,-22.13976,2026-04-21 15:58:00+00:00,2026-04-21,NPP-375,SANTA CRUZ DA CONCEIÇÃO,SÃO PAULO,Brasil,,,,Cerrado,33,35,3546207,8,,220_075,11.1,POINT(-47.46254 -22.13976)
1814978693,b891a64f-01c1-3d4c-8a6b-aa4241f5640b,-39.71881,-15.00956,2026-04-21 15:58:00+00:00,2026-04-21,NPP-375,ITAJU DO COLÔNIA,BAHIA,Brasil,,,,Mata Atlântica,33,29,2915403,8,,216_070,18.0,POINT(-39.71881 -15.00956)
1814978715,c13af61c-2f11-3e2f-a2b4-43cafc3b479e,-43.3763,-11.95631,2026-04-21 15:58:00+00:00,2026-04-21,NPP-375,MUQUÉM DO SÃO FRANCISCO,BAHIA,Brasil,,,,Cerrado,33,29,2922250,8,,219_068,4.3,POINT(-43.3763 -11.95631)
1814978720,22b52028-1b2a-3d2f-ba5c-4d690512e2b4,-43.01536,-12.91576,2026-04-21 15:58:00+00:00,2026-04-21,NPP-375,PARATINGA,BAHIA,Brasil,,,,Caatinga,33,29,2923704,8,,218_069,12.7,POINT(-43.01536 -12.91576)
1814978763,8d8f10ff-1bd6-30b7-96dc-5ba5910daa53,-44.03841,-13.53187,2026-04-21 15:58:00+00:00,2026-04-21,NPP-375,SÃO FÉLIX DO CORIBE,BAHIA,Brasil,,,,Cerrado,33,29,2929057,8,,219_069,8.2,POINT(-44.03841 -13.53187)
1814978774,34b79091-f244-3a1b-8d3e-fab5462b4aac,-39.42196,-14.43331,2026-04-21 15:58:00+00:00,2026-04-21,NPP-375,AURELINO LEAL,BAHIA,Brasil,,,,Mata Atlântica,33,29,2902401,8,,216_070,19.6,POINT(-39.42196 -14.43331)
1814978781,75552791-24cf-3662-9965-35a2b8e6ed73,-44.19223,-12.24766,2026-04-21 15:58:00+00:00,2026-04-21,NPP-375,CRISTÓPOLIS,BAHIA,Brasil,,,,Cerrado,33,29,2909703,8,,219_068,4.0,POINT(-44.19223 -12.24766)
1814978800,7dd9e037-31b5-3fb5-a307-7dfc1a48b43b,-39.11042,-12.1707,2026-04-21 15:58:00+00:00,2026-04-21,NPP-375,FEIRA DE SANTANA,BAHIA,Brasil,,,,Mata Atlântica,33,29,2910800,8,,216_068,5.2,POINT(-39.11042 -12.1707)
1814978859,2b2d696b-d50d-3589-af4a-ffcb9adbc6ed,-43.61107,-13.02549,2026-04-21 15:58:00+00:00,2026-04-21,NPP-375,SÍTIO DO MATO,BAHIA,Brasil,,,,Cerrado,33,29,2930758,8,,219_069,7.6,POINT(-43.61107 -13.02549)
1814978860,d7309df9-75d2-3bd0-9f13-8f908f5fa22e,-45.22409,-12.02723,2026-04-21 15:58:00+00:00,2026-04-21,NPP-375,BARREIRAS,BAHIA,Brasil,,,,Cerrado,33,29,2903201,8,,220_068,4.5,POINT(-45.22409 -12.02723)
1814978864,b2c21a5d-375b-3171-a20f-69bc81054c7c,-41.40946,-13.85052,2026-04-21 15:58:00+00:00,2026-04-21,NPP-375,ITUAÇU,BAHIA,Brasil,,,,Caatinga,33,29,2917201,8,,217_070,6.1,POINT(-41.40946 -13.85052)
1814978866,2da7d5cc-c5d7-3c93-93c5-d17820302c49,-43.41698,-12.56558,2026-04-21 15:58:00+00:00,2026-04-21,NPP-375,SÍTIO DO MATO,BAHIA,Brasil,,,,Cerrado,33,29,2930758,8,,219_069,2.5,POINT(-43.41698 -12.56558)
1814978975,f8ca4c9a-d7b2-3b91-97c2-0917b4f7c88c,-45.33826,-13.38546,2026-04-21 15:58:00+00:00,2026-04-21,NPP-375,CORRENTINA,BAHIA,Brasil,,,,Cerrado,33,29,2909307,8,,220_069,19.2,POINT(-45.33826 -13.38546)
1814978980,7cf53e20-aa31-37d1-a9ad-57781916fde1,-42.58604,-13.3357,2026-04-21 15:58:00+00:00,2026-04-21,NPP-375,BOTUPORÃ,BAHIA,Brasil,,,,Caatinga,33,29,2904209,8,,218_069,3.1,POINT(-42.58604 -13.3357)
1814978981,3c877640-caa0-3f3f-9836-2840b64955f2,-45.34245,-13.38593,2026-04-21 15:58:00+00:00,2026-04-21,NPP-375,CORRENTINA,BAHIA,Brasil,,,,Cerrado,33,29,2909307,8,,220_069,9.8,POINT(-45.34245 -13.38593)
1814978994,be9ad707-2763-3cab-846b-c88ccc34a81c,-45.22341,-12.03293,2026-04-21 15:58:00+00:00,2026-04-21,NPP-375,BARREIRAS,BAHIA,Brasil,,,,Cerrado,33,29,2903201,8,,220_068,4.5,POINT(-45.22341 -12.03293)
1814979011,9214a3f8-e418-3615-a6cc-512a03c6b81c,-43.84277,-11.97556,2026-04-21 15:58:00+00:00,2026-04-21,NPP-375,WANDERLEY,BAHIA,Brasil,,,,Cerrado,33,29,2933455,8,,219_068,8.7,POINT(-43.84277 -11.97556)
1814979012,0f9651f3-6ae5-310b-9915-a28e56aaaf01,-43.84309,-11.91109,2026-04-21 15:58:00+00:00,2026-04-21,NPP-375,WANDERLEY,BAHIA,Brasil,,,,Cerrado,33,29,2933455,8,,219_068,8.8,POINT(-43.84309 -11.91109)
1814979074,013b007c-909e-3630-84b6-af26dd1ad3c2,-45.33339,-13.39083,2026-04-21 15:58:00+00:00,2026-04-21,NPP-375,CORRENTINA,BAHIA,Brasil,,,,Cerrado,33,29,2909307,8,,220_069,12.9,POINT(-45.33339 -13.39083)
1814979237,b6ceb3b8-fafa-3e54-8b95-bea950008d20,-40.03787,-14.22592,2026-04-21 15:58:00+00:00,2026-04-21,NPP-375,ITAGI,BAHIA,Brasil,,,,Mata Atlântica,33,29,2915106,8,,216_070,1.8,POINT(-40.03787 -14.22592)
1814979242,daabcb1a-8872-3715-96f5-ae031f378906,-45.2181,-12.04387,2026-04-21 15:58:00+00:00,2026-04-21,NPP-375,BARREIRAS,BAHIA,Brasil,,,,Cerrado,33,29,2903201,8,,220_068,2.9,POINT(-45.2181 -12.04387)
1814979273,6cff1f5f-2757-3830-97a6-f188dead90a0,-39.16805,-12.35616,2026-04-21 15:58:00+00:00,2026-04-21,NPP-375,ANTÔNIO CARDOSO,BAHIA,Brasil,,,,Mata Atlântica,33,29,2901700,8,,216_069,4.3,POINT(-39.16805 -12.35616)
1814979360,a5ddbca6-d386-337e-8183-200e001b65b3,-45.35793,-13.96262,2026-04-21 15:58:00+00:00,2026-04-21,NPP-375,JABORANDI,BAHIA,Brasil,,,,Cerrado,33,29,2917359,8,,220_070,4.4,POINT(-45.35793 -13.96262)
1814979364,b5ae238c-6140-3fd6-8f0c-10f398caaf66,-42.02021,-14.1099,2026-04-21 15:58:00+00:00,2026-04-21,NPP-375,BRUMADO,BAHIA,Brasil,,,,Caatinga,33,29,2904605,8,,217_070,3.8,POINT(-42.02021 -14.1099)
1814979366,49660abe-f270-3fd6-b2c7-ee9d04e7c026,-43.84145,-11.91206,2026-04-21 15:58:00+00:00,2026-04-21,NPP-375,WANDERLEY,BAHIA,Brasil,,,,Cerrado,33,29,2933455,8,,219_068,5.6,POINT(-43.84145 -11.91206)
1814979381,4457d4a1-ffe2-31d5-ad94-b4fb2d6eea19,-40.31938,-13.26851,2026-04-21 15:58:00+00:00,2026-04-21,NPP-375,PLANALTINO,BAHIA,Brasil,,,,Caatinga,33,29,2924900,8,,216_069,3.6,POINT(-40.31938 -13.26851)
1814979390,44f164e0-38b2-3ac4-91b6-364b4dea2483,-39.68424,-13.78802,2026-04-21 15:58:00+00:00,2026-04-21,NPP-375,ITAMARI,BAHIA,Brasil,,,,Mata Atlântica,33,29,2915700,8,,216_070,7.7,POINT(-39.68424 -13.78802)
1814979426,8cd904e8-bcc0-3361-a1da-3da1e3562d48,-40.71013,-19.71519,2026-04-21 15:58:00+00:00,2026-04-21,NPP-375,SÃO ROQUE DO CANAÃ,ESPÍRITO SANTO,Brasil,,,,Mata Atlântica,33,32,3204955,8,,216_074,2.5,POINT(-40.71013 -19.71519)
1814979459,0b27b368-ca2a-326c-bb84-d5d2bad22adc,-44.03642,-13.52966,2026-04-21 15:58:00+00:00,2026-04-21,NPP-375,SÃO FÉLIX DO CORIBE,BAHIA,Brasil,,,,Cerrado,33,29,2929057,8,,219_069,7.7,POINT(-44.03642 -13.52966)
1814979463,fc370c93-0de7-3538-88b1-b6c8e5253650,-39.09646,-14.04241,2026-04-21 15:58:00+00:00,2026-04-21,NPP-375,CAMAMU,BAHIA,Brasil,,,,Mata Atlântica,33,29,2905800,8,,216_070,2.3,POINT(-39.09646 -14.04241)
1814979466,81ef8f30-b3c8-3c3f-8a61-265dfd4f50f4,-43.41636,-12.57067,2026-04-21 15:58:00+00:00,2026-04-21,NPP-375,SÍTIO DO MATO,BAHIA,Brasil,,,,Cerrado,33,29,2930758,8,,219_069,2.8,POINT(-43.41636 -12.57067)
1814979467,54afc84e-839b-34e4-820a-b9ab544ca921,-43.41397,-12.5652,2026-04-21 15:58:00+00:00,2026-04-21,NPP-375,SÍTIO DO MATO,BAHIA,Brasil,,,,Cerrado,33,29,2930758,8,,219_069,3.7,POINT(-43.41397 -12.5652)
1814979480,6b7ae59b-c292-353b-8163-92aaaf17d1bf,-43.84692,-11.90631,2026-04-21 15:58:00+00:00,2026-04-21,NPP-375,WANDERLEY,BAHIA,Brasil,,,,Cerrado,33,29,2933455,8,,219_068,5.7,POINT(-43.84692 -11.90631)
1814979505,41a243f9-7c57-3e79-bc0e-ee02d22f3c1f,-44.01984,-12.5756,2026-04-21 15:58:00+00:00,2026-04-21,NPP-375,BREJOLÂNDIA,BAHIA,Brasil,,,,Cerrado,33,29,2904407,8,,219_069,5.0,POINT(-44.01984 -12.5756)
1814979510,60a6ca6d-cca6-3b4a-8b87-36f3553eefe8,-43.01245,-13.22439,2026-04-21 15:58:00+00:00,2026-04-21,NPP-375,BOM JESUS DA LAPA,BAHIA,Brasil,,,,Caatinga,33,29,2903904,8,,218_069,5.8,POINT(-43.01245 -13.22439)
1814979531,e7cabfbd-127f-3587-afe0-470867348d7d,-39.1498,-13.84674,2026-04-21 15:58:00+00:00,2026-04-21,NPP-375,IGRAPIÚNA,BAHIA,Brasil,,,,Mata Atlântica,33,29,2913457,8,,216_070,5.0,POINT(-39.1498 -13.84674)
1814979548,a11ee805-1df4-3da7-a5f3-bd6ef1e67749,-42.09613,-19.72257,2026-04-21 15:58:00+00:00,2026-04-21,NPP-375,UBAPORANGA,MINAS GERAIS,Brasil,,,,Mata Atlântica,33,31,3170057,8,,217_074,1.7,POINT(-42.09613 -19.72257)
1814979552,315c83c1-3b1b-3d9e-819c-0c494c7d2ff7,-40.85604,-11.95897,2026-04-21 15:58:00+00:00,2026-04-21,NPP-375,TAPIRAMUTÁ,BAHIA,Brasil,,,,Caatinga,33,29,2931301,8,,217_068,5.3,POINT(-40.85604 -11.95897)
1814979574,8124a499-5db4-30fd-82c7-fc6e1546ffa0,-46.25297,-20.10747,2026-04-21 15:58:00+00:00,2026-04-21,NPP-375,MEDEIROS,MINAS GERAIS,Brasil,,,,Cerrado,33,31,3141306,8,,219_074,7.7,POINT(-46.25297 -20.10747)
1814979576,e95a97a4-aa78-36f4-bfb5-0aa33203fdd5,-41.3072,-12.10659,2026-04-21 15:58:00+00:00,2026-04-21,NPP-375,BONITO,BAHIA,Brasil,,,,Caatinga,33,29,2904050,8,,217_068,12.3,POINT(-41.3072 -12.10659)
1814979586,804cff3a-cf56-39c1-b444-083d08a27982,-44.03497,-13.53147,2026-04-21 15:58:00+00:00,2026-04-21,NPP-375,SÃO FÉLIX DO CORIBE,BAHIA,Brasil,,,,Cerrado,33,29,2929057,8,,219_069,8.2,POINT(-44.03497 -13.53147)
1814978778,c14f9a49-fd92-3b26-8422-3dc0a43fb7fc,-39.70937,-15.44776,2026-04-21 16:01:00+00:00,2026-04-21,NPP-375,PAU BRASIL,BAHIA,Brasil,,,,Mata Atlântica,33,29,2923902,8,,216_071,4.8,POINT(-39.70937 -15.44776)
1814979579,e884c04b-0ddd-3033-b76d-7f5f40027e9e,-39.10233,-15.95876,2026-04-21 16:01:00+00:00,2026-04-21,NPP-375,BELMONTE,BAHIA,Brasil,,,,Mata Atlântica,33,29,2903409,8,,215_071,9.7,POINT(-39.10233 -15.95876)
1814979425,4f465c74-79d4-33bf-be50-7cb52b89aa2d,-37.03736,-8.83492,2026-04-21 16:01:00+00:00,2026-04-21,NPP-375,BUÍQUE,PERNAMBUCO,Brasil,,,,Caatinga,33,26,2602803,8,,215_066,6.3,POINT(-37.03736 -8.83492)
1814978880,bd8a4aa8-4083-3c40-af38-babe83d7f395,-43.00994,-15.98592,2026-04-21 16:01:00+00:00,2026-04-21,NPP-375,RIACHO DOS MACHADOS,MINAS GERAIS,Brasil,,,,Cerrado,33,31,3154507,8,,218_071,3.0,POINT(-43.00994 -15.98592)
1814978230,fceb53af-a322-3d5d-aa89-33231c5eb9cc,-39.1071,-15.96347,2026-04-21 16:01:00+00:00,2026-04-21,NPP-375,BELMONTE,BAHIA,Brasil,,,,Mata Atlântica,33,29,2903409,8,,215_071,16.2,POINT(-39.1071 -15.96347)
1814978451,b6249415-9f13-3763-8600-c7ee6fd27eb2,-39.10822,-15.95545,2026-04-21 16:01:00+00:00,2026-04-21,NPP-375,BELMONTE,BAHIA,Brasil,,,,Mata Atlântica,33,29,2903409,8,,215_071,9.7,POINT(-39.10822 -15.95545)
1814979326,09d96ef9-2501-3b41-b672-2b7787e11a68,-39.03076,-15.50015,2026-04-21 16:01:00+00:00,2026-04-21,NPP-375,CANAVIEIRAS,BAHIA,Brasil,,,,Mata Atlântica,33,29,2906303,8,,215_071,4.0,POINT(-39.03076 -15.50015)
1814979249,e29dc7ae-c78e-311a-9e9a-983cc56bdcc9,-35.41035,-8.05075,2026-04-21 16:01:00+00:00,2026-04-21,NPP-375,GLÓRIA DO GOITÁ,PERNAMBUCO,Brasil,,,,Mata Atlântica,33,26,2606101,8,,214_066,2.8,POINT(-35.41035 -8.05075)
1814979176,52e1cb15-f20d-3b9d-8074-e47d5ed83507,-37.36176,-8.95258,2026-04-21 16:01:00+00:00,2026-04-21,NPP-375,ITAÍBA,PERNAMBUCO,Brasil,,,,Caatinga,33,26,2607505,8,,215_066,3.9,POINT(-37.36176 -8.95258)
1814979160,1824419f-bb72-3da5-b486-062f944b0936,-46.81947,-11.87947,2026-04-21 16:01:00+00:00,2026-04-21,NPP-375,DIANÓPOLIS,TOCANTINS,Brasil,,,,Cerrado,33,17,1707009,8,,221_068,3.1,POINT(-46.81947 -11.87947)
1814978416,d588fb84-c28d-37cd-abc3-8e68fbb8d365,-39.87864,-15.32724,2026-04-21 16:01:00+00:00,2026-04-21,NPP-375,ITAPETINGA,BAHIA,Brasil,,,,Mata Atlântica,33,29,2916401,8,,216_071,3.3,POINT(-39.87864 -15.32724)
1814979055,4aaca5c8-7701-3e4a-a60e-dcfad9a9de64,-41.24102,-15.74177,2026-04-21 16:01:00+00:00,2026-04-21,NPP-375,PEDRA AZUL,MINAS GERAIS,Brasil,,,,Mata Atlântica,33,31,3148707,8,,217_071,5.7,POINT(-41.24102 -15.74177)
1814978211,0f015209-d7e5-3189-ad17-58988b9a47f2,-39.11356,-15.95615,2026-04-21 16:01:00+00:00,2026-04-21,NPP-375,BELMONTE,BAHIA,Brasil,,,,Mata Atlântica,33,29,2903409,8,,215_071,16.6,POINT(-39.11356 -15.95615)
1814978841,c37c4621-de64-3beb-b240-1fc6d49ec6af,-39.10766,-15.95946,2026-04-21 16:01:00+00:00,2026-04-21,NPP-375,BELMONTE,BAHIA,Brasil,,,,Mata Atlântica,33,29,2903409,8,,215_071,9.7,POINT(-39.10766 -15.95946)
1814980577,f33f369b-1fd3-39d9-8c85-f770aa67091a,-50.07393,-25.17926,2026-04-21 16:16:00+00:00,2026-04-21,NOAA-20,PONTA GROSSA,PARANÁ,Brasil,,,,Mata Atlântica,33,41,4119905,8,,221_077,8.8,POINT(-50.07393 -25.17926)
1814981043,4ccf0ab4-b47e-39e9-971d-8df3e3a49dc7,-50.03972,-24.47159,2026-04-21 16:16:00+00:00,2026-04-21,NOAA-20,PIRAÍ DO SUL,PARANÁ,Brasil,,,,Cerrado,33,41,4119400,8,,221_077,6.4,POINT(-50.03972 -24.47159)
1814980608,26cd989b-32f2-3e24-bf9f-0d8ae4f00aad,-50.4175,-25.64269,2026-04-21 16:16:00+00:00,2026-04-21,NOAA-20,SÃO JOÃO DO TRIUNFO,PARANÁ,Brasil,,,,Mata Atlântica,33,41,4125100,8,,221_078,9.3,POINT(-50.4175 -25.64269)
1814980553,21572ac2-fca8-38e3-80cf-0ca72879e66d,-50.03798,-24.46767,2026-04-21 16:16:00+00:00,2026-04-21,NOAA-20,PIRAÍ DO SUL,PARANÁ,Brasil,,,,Cerrado,33,41,4119400,8,,221_077,4.9,POINT(-50.03798 -24.46767)
1814980862,00b87af2-d2fd-335b-b963-4d2032be86d2,-50.04068,-24.46563,2026-04-21 16:16:00+00:00,2026-04-21,NOAA-20,PIRAÍ DO SUL,PARANÁ,Brasil,,,,Cerrado,33,41,4119400,8,,221_077,8.3,POINT(-50.04068 -24.46563)
1814981058,fa4c45c7-c97f-3064-a257-1dd268fe230b,-50.41736,-25.64892,2026-04-21 16:16:00+00:00,2026-04-21,NOAA-20,SÃO JOÃO DO TRIUNFO,PARANÁ,Brasil,,,,Mata Atlântica,33,41,4125100,8,,221_078,9.3,POINT(-50.41736 -25.64892)
1814980567,c153d499-9573-3afa-a26e-93a91be79e27,-50.03686,-24.47363,2026-04-21 16:16:00+00:00,2026-04-21,NOAA-20,PIRAÍ DO SUL,PARANÁ,Brasil,,,,Cerrado,33,41,4119400,8,,221_077,4.9,POINT(-50.03686 -24.47363)
1814980967,97b0a925-ad4d-33a1-9b42-0ffbf05bddf5,-50.04269,-24.46802,2026-04-21 16:16:00+00:00,2026-04-21,NOAA-20,PIRAÍ DO SUL,PARANÁ,Brasil,,,,Cerrado,33,41,4119400,8,,221_077,4.9,POINT(-50.04269 -24.46802)
1814981063,75fd8367-6755-3fe1-b978-e0df15a72381,-50.41676,-25.64775,2026-04-21 16:16:00+00:00,2026-04-21,NOAA-20,SÃO JOÃO DO TRIUNFO,PARANÁ,Brasil,,,,Mata Atlântica,33,41,4125100,8,,221_078,13.4,POINT(-50.41676 -25.64775)
1814980779,c998e392-2412-37d7-9b65-5917aeafa298,-44.22177,-21.76856,2026-04-21 16:18:00+00:00,2026-04-21,NOAA-20,ANDRELÂNDIA,MINAS GERAIS,Brasil,,,,Mata Atlântica,33,31,3102803,8,,218_075,10.3,POINT(-44.22177 -21.76856)
1814980596,1f65be4c-9bfb-3335-82bb-3ff14c48982a,-49.29671,-23.90782,2026-04-21 16:18:00+00:00,2026-04-21,NOAA-20,ITARARÉ,SÃO PAULO,Brasil,,,,Cerrado,33,35,3523206,8,,221_077,3.0,POINT(-49.29671 -23.90782)
1814980679,62feba49-825b-31b8-91b2-9c72adec468b,-49.30069,-23.90814,2026-04-21 16:18:00+00:00,2026-04-21,NOAA-20,ITARARÉ,SÃO PAULO,Brasil,,,,Cerrado,33,35,3523206,8,,221_077,3.0,POINT(-49.30069 -23.90814)
1814980680,03573496-564f-3e9f-907c-3d709b3fd521,-51.92308,-23.12227,2026-04-21 16:18:00+00:00,2026-04-21,NOAA-20,FLÓRIDA,PARANÁ,Brasil,,,,Mata Atlântica,33,41,4108106,8,,222_076,28.6,POINT(-51.92308 -23.12227)
1814980962,c9040e5b-1ac9-3b94-8f3a-eedafe9879ca,-40.51733,-18.12117,2026-04-21 16:18:00+00:00,2026-04-21,NOAA-20,MUCURICI,ESPÍRITO SANTO,Brasil,,,,Mata Atlântica,33,32,3203601,8,,216_073,2.6,POINT(-40.51733 -18.12117)
1814980683,6a8c126a-68f2-3a05-82cc-4773d17d1334,-40.56082,-18.47018,2026-04-21 16:18:00+00:00,2026-04-21,NOAA-20,ECOPORANGA,ESPÍRITO SANTO,Brasil,,,,Mata Atlântica,33,32,3202108,8,,216_073,1.6,POINT(-40.56082 -18.47018)
1814980808,01b78fca-ce97-3d29-979c-5116279e24a8,-49.77003,-19.69823,2026-04-21 16:18:00+00:00,2026-04-21,NOAA-20,SÃO FRANCISCO DE SALES,MINAS GERAIS,Brasil,,,,Cerrado,33,31,3161304,8,,222_074,5.9,POINT(-49.77003 -19.69823)
1814980999,1bdbb9fe-4ab4-387e-94d8-f083801fb3d5,-46.15899,-20.66104,2026-04-21 16:18:00+00:00,2026-04-21,NOAA-20,CAPITÓLIO,MINAS GERAIS,Brasil,,,,Cerrado,33,31,3112802,8,,219_074,4.6,POINT(-46.15899 -20.66104)
1814980689,836f13d2-f2f9-3a5c-af2f-b77ecc93ab1d,-47.58162,-22.79732,2026-04-21 16:18:00+00:00,2026-04-21,NOAA-20,RIO DAS PEDRAS,SÃO PAULO,Brasil,,,,Mata Atlântica,33,35,3544004,8,,220_076,2.6,POINT(-47.58162 -22.79732)
1814980992,09cf517c-9797-3394-a5e0-dee6c7ba8961,-47.77763,-23.74832,2026-04-21 16:18:00+00:00,2026-04-21,NOAA-20,PILAR DO SUL,SÃO PAULO,Brasil,,,,Mata Atlântica,33,35,3537909,8,,220_076,4.9,POINT(-47.77763 -23.74832)
1814980821,165fde50-2503-34d4-86e7-e9d9e2c25817,-47.9445,-21.54446,2026-04-21 16:18:00+00:00,2026-04-21,NOAA-20,GUATAPARÁ,SÃO PAULO,Brasil,,,,Cerrado,33,35,3518859,8,,220_075,1.1,POINT(-47.9445 -21.54446)
1814980692,f847c44a-a030-305a-abf9-e51e9c5f7861,-46.25721,-20.11,2026-04-21 16:18:00+00:00,2026-04-21,NOAA-20,MEDEIROS,MINAS GERAIS,Brasil,,,,Cerrado,33,31,3141306,8,,219_074,5.5,POINT(-46.25721 -20.11)
1814980539,609ef982-ab8f-309a-a46e-d9eac291a0e7,-40.56014,-18.4726,2026-04-21 16:18:00+00:00,2026-04-21,NOAA-20,ECOPORANGA,ESPÍRITO SANTO,Brasil,,,,Mata Atlântica,33,32,3202108,8,,216_073,2.0,POINT(-40.56014 -18.4726)
1814980834,5480a2ab-6e01-3281-83f7-2d4c91786ee5,-44.43554,-17.6386,2026-04-21 16:18:00+00:00,2026-04-21,NOAA-20,LASSANCE,MINAS GERAIS,Brasil,,,,Cerrado,33,31,3138104,8,,218_072,15.0,POINT(-44.43554 -17.6386)
1814980698,ae9dd6a5-f6b3-3180-be80-c8c71ea0a2a1,-48.22293,-22.0463,2026-04-21 16:18:00+00:00,2026-04-21,NOAA-20,RIBEIRÃO BONITO,SÃO PAULO,Brasil,,,,Cerrado,33,35,3542909,8,,220_075,4.6,POINT(-48.22293 -22.0463)
1814980704,6fd4b9eb-8954-3571-b6ac-3eb7e9e03b79,-44.93331,-21.09599,2026-04-21 16:18:00+00:00,2026-04-21,NOAA-20,BOM SUCESSO,MINAS GERAIS,Brasil,,,,Mata Atlântica,33,31,3108008,8,,218_075,2.7,POINT(-44.93331 -21.09599)
1814980844,65f003bb-0a82-32d3-b071-87904ca3ca4a,-51.917,-23.12182,2026-04-21 16:18:00+00:00,2026-04-21,NOAA-20,FLÓRIDA,PARANÁ,Brasil,,,,Mata Atlântica,33,41,4108106,8,,222_076,28.6,POINT(-51.917 -23.12182)
1814980706,3099495c-b025-3480-b294-0cb06adbcefc,-49.29878,-23.90583,2026-04-21 16:18:00+00:00,2026-04-21,NOAA-20,ITARARÉ,SÃO PAULO,Brasil,,,,Cerrado,33,35,3523206,8,,221_077,6.4,POINT(-49.29878 -23.90583)
1814980607,03754226-f107-346a-a201-167fb600c2bd,-49.99791,-21.75834,2026-04-21 16:18:00+00:00,2026-04-21,NOAA-20,GETULINA,SÃO PAULO,Brasil,,,,Mata Atlântica,33,35,3517000,8,,221_075,10.5,POINT(-49.99791 -21.75834)
1814980712,c53237fe-1298-3b37-a9a9-9a91775d5d1a,-44.41111,-17.91768,2026-04-21 16:18:00+00:00,2026-04-21,NOAA-20,LASSANCE,MINAS GERAIS,Brasil,,,,Cerrado,33,31,3138104,8,,218_072,9.0,POINT(-44.41111 -17.91768)
1814980727,fc191afd-8be5-3d7d-838b-921c0fd78ba4,-40.73296,-19.50423,2026-04-21 16:18:00+00:00,2026-04-21,NOAA-20,COLATINA,ESPÍRITO SANTO,Brasil,,,,Mata Atlântica,33,32,3201506,8,,216_073,4.2,POINT(-40.73296 -19.50423)
1814980893,1bfbb9c7-6904-3c14-9b42-f9bfbc6bec40,-43.60938,-22.65158,2026-04-21 16:18:00+00:00,2026-04-21,NOAA-20,JAPERI,RIO DE JANEIRO,Brasil,,,,Mata Atlântica,33,33,3302270,8,,217_076,4.7,POINT(-43.60938 -22.65158)
1814980898,14af4157-4364-345e-b7f2-bd903acab069,-47.77435,-23.748,2026-04-21 16:18:00+00:00,2026-04-21,NOAA-20,PILAR DO SUL,SÃO PAULO,Brasil,,,,Mata Atlântica,33,35,3537909,8,,220_076,5.0,POINT(-47.77435 -23.748)
1814981036,6f3a490b-dafa-33bb-8567-7966ee7b9c5a,-49.99928,-21.75821,2026-04-21 16:18:00+00:00,2026-04-21,NOAA-20,GETULINA,SÃO PAULO,Brasil,,,,Mata Atlântica,33,35,3517000,8,,221_075,8.6,POINT(-49.99928 -21.75821)
1814980909,1043471f-6bd4-3cf7-8f0b-7e59b95053a8,-50.87407,-24.06629,2026-04-21 16:18:00+00:00,2026-04-21,NOAA-20,ORTIGUEIRA,PARANÁ,Brasil,,,,Mata Atlântica,33,41,4117305,8,,222_077,3.4,POINT(-50.87407 -24.06629)
1814980646,ec818710-3575-3c8b-8365-dd5f9b507a0e,-46.1311,-23.19887,2026-04-21 16:18:00+00:00,2026-04-21,NOAA-20,IGARATÁ,SÃO PAULO,Brasil,,,,Mata Atlântica,33,35,3520202,8,,219_076,7.3,POINT(-46.1311 -23.19887)
1814980924,09dc42ac-9624-39d0-a1a8-406565c997cd,-40.0643,-19.59516,2026-04-21 16:18:00+00:00,2026-04-21,NOAA-20,ARACRUZ,ESPÍRITO SANTO,Brasil,,,,Mata Atlântica,33,32,3200607,8,,215_074,3.6,POINT(-40.0643 -19.59516)
1814980925,4410df8c-23f0-3ef8-a3d4-9525db83045a,-45.71829,-22.14042,2026-04-21 16:18:00+00:00,2026-04-21,NOAA-20,SÃO SEBASTIÃO DA BELA VISTA,MINAS GERAIS,Brasil,,,,Mata Atlântica,33,31,3164407,8,,219_075,5.3,POINT(-45.71829 -22.14042)
1814980765,bf6e0e70-1bf0-3deb-ae34-a28a18b0d1ea,-49.77125,-19.7025,2026-04-21 16:18:00+00:00,2026-04-21,NOAA-20,SÃO FRANCISCO DE SALES,MINAS GERAIS,Brasil,,,,Cerrado,33,31,3161304,8,,222_074,4.4,POINT(-49.77125 -19.7025)
1814980768,4c3295d4-4315-3b1e-872b-ac3146f41860,-41.62833,-17.1183,2026-04-21 16:18:00+00:00,2026-04-21,NOAA-20,PADRE PARAÍSO,MINAS GERAIS,Brasil,,,,Mata Atlântica,33,31,3146305,8,,217_072,4.2,POINT(-41.62833 -17.1183)
1814980718,75b88f97-1d47-3404-a1e3-60e75c97973c,-43.84604,-11.909,2026-04-21 16:20:00+00:00,2026-04-21,NOAA-20,WANDERLEY,BAHIA,Brasil,,,,Cerrado,33,29,2933455,8,,219_068,40.3,POINT(-43.84604 -11.909)
1814980724,b7867177-3c97-3845-b822-306ed3b48b51,-39.72065,-15.01025,2026-04-21 16:20:00+00:00,2026-04-21,NOAA-20,ITAJU DO COLÔNIA,BAHIA,Brasil,,,,Mata Atlântica,33,29,2915403,8,,216_070,8.3,POINT(-39.72065 -15.01025)
1814980725,d83c4213-0d91-3bc0-ba16-c2c765670651,-39.4216,-14.43342,2026-04-21 16:20:00+00:00,2026-04-21,NOAA-20,AURELINO LEAL,BAHIA,Brasil,,,,Mata Atlântica,33,29,2902401,8,,216_070,8.3,POINT(-39.4216 -14.43342)
1814980726,daf85c12-a0e8-3f71-9425-61725697925d,-42.47356,-14.01863,2026-04-21 16:20:00+00:00,2026-04-21,NOAA-20,CAETITÉ,BAHIA,Brasil,,,,Caatinga,33,29,2905206,8,,218_070,3.4,POINT(-42.47356 -14.01863)
1814980728,a7cdb391-13d6-38c8-b6f0-440d879e5c7f,-43.41435,-12.56889,2026-04-21 16:20:00+00:00,2026-04-21,NOAA-20,SÍTIO DO MATO,BAHIA,Brasil,,,,Cerrado,33,29,2930758,8,,219_069,10.3,POINT(-43.41435 -12.56889)
1814980729,73928cdc-580d-3eb9-b5a7-167e72a3b8de,-41.70779,-11.4683,2026-04-21 16:20:00+00:00,2026-04-21,NOAA-20,LAPÃO,BAHIA,Brasil,,,,Caatinga,33,29,2919157,8,,218_068,3.3,POINT(-41.70779 -11.4683)
1814980730,3a90675c-020e-3aac-85a4-79ac6d1d439d,-45.34047,-13.38557,2026-04-21 16:20:00+00:00,2026-04-21,NOAA-20,CORRENTINA,BAHIA,Brasil,,,,Cerrado,33,29,2909307,8,,220_069,34.1,POINT(-45.34047 -13.38557)
1814980735,2cc9590c-3675-320a-9339-83045974c786,-42.58281,-13.33498,2026-04-21 16:20:00+00:00,2026-04-21,NOAA-20,BOTUPORÃ,BAHIA,Brasil,,,,Caatinga,33,29,2904209,8,,218_069,4.1,POINT(-42.58281 -13.33498)
1814980741,19c66606-6b00-3ecb-ac82-af6b3c1772d4,-49.73005,-11.8628,2026-04-21 16:20:00+00:00,2026-04-21,NOAA-20,FORMOSO DO ARAGUAIA,TOCANTINS,Brasil,,,,Cerrado,33,17,1708205,8,,223_068,5.1,POINT(-49.73005 -11.8628)
1814980745,175be285-a85e-3f6c-8bb5-0a6a4a47f638,-39.10459,-15.95974,2026-04-21 16:20:00+00:00,2026-04-21,NOAA-20,BELMONTE,BAHIA,Brasil,,,,Mata Atlântica,33,29,2903409,8,,215_071,3.8,POINT(-39.10459 -15.95974)
1814980746,49791a77-432c-3ab8-86a6-c07098182ab9,-46.82714,-11.86785,2026-04-21 16:20:00+00:00,2026-04-21,NOAA-20,DIANÓPOLIS,TOCANTINS,Brasil,,,,Cerrado,33,17,1707009,8,,221_068,1.5,POINT(-46.82714 -11.86785)
1814980757,8648182c-d9df-32d0-9046-441737b2a80d,-41.8055,-15.17839,2026-04-21 16:20:00+00:00,2026-04-21,NOAA-20,SÃO JOÃO DO PARAÍSO,MINAS GERAIS,Brasil,,,,Mata Atlântica,33,31,3162708,8,,217_071,3.4,POINT(-41.8055 -15.17839)
1814980758,9fa09171-609b-395b-9a31-1472819dce7c,-37.34409,-8.90863,2026-04-21 16:20:00+00:00,2026-04-21,NOAA-20,ITAÍBA,PERNAMBUCO,Brasil,,,,Caatinga,33,26,2607505,8,,215_066,18.8,POINT(-37.34409 -8.90863)
1814980763,3e4d5415-b430-343c-b92d-0968e3ad271d,-39.59998,-13.73903,2026-04-21 16:20:00+00:00,2026-04-21,NOAA-20,NOVA IBIÁ,BAHIA,Brasil,,,,Mata Atlântica,33,29,2922755,8,,216_069,1.8,POINT(-39.59998 -13.73903)
1814980769,1bc88522-f2d5-3d82-aba8-338fcd53f777,-41.64666,-14.28718,2026-04-21 16:20:00+00:00,2026-04-21,NOAA-20,BRUMADO,BAHIA,Brasil,,,,Caatinga,33,29,2904605,8,,217_070,2.6,POINT(-41.64666 -14.28718)
1814980782,35815071-9b75-344d-bb60-4bbeb0386273,-43.38369,-11.95593,2026-04-21 16:20:00+00:00,2026-04-21,NOAA-20,MUQUÉM DO SÃO FRANCISCO,BAHIA,Brasil,,,,Cerrado,33,29,2922250,8,,219_068,3.2,POINT(-43.38369 -11.95593)
1814980788,adf89b8c-c65c-3769-8ce9-1c907f6df584,-43.50551,-16.56625,2026-04-21 16:20:00+00:00,2026-04-21,NOAA-20,FRANCISCO SÁ,MINAS GERAIS,Brasil,,,,Cerrado,33,31,3126703,8,,218_071,3.6,POINT(-43.50551 -16.56625)
1814980795,6cd8323a-b0e6-33b3-9c85-376737f862d8,-40.47511,-13.03334,2026-04-21 16:20:00+00:00,2026-04-21,NOAA-20,MARCIONÍLIO SOUZA,BAHIA,Brasil,,,,Caatinga,33,29,2920809,8,,217_069,8.4,POINT(-40.47511 -13.03334)
1814980798,95e00c86-0661-30cd-9fa8-b67f89f5b3a2,-45.33452,-13.39259,2026-04-21 16:20:00+00:00,2026-04-21,NOAA-20,CORRENTINA,BAHIA,Brasil,,,,Cerrado,33,29,2909307,8,,220_069,13.1,POINT(-45.33452 -13.39259)
1814980799,83c1d25d-ea81-3110-b23e-929fa5d516ef,-47.37717,-13.9132,2026-04-21 16:20:00+00:00,2026-04-21,NOAA-20,CAVALCANTE,GOIÁS,Brasil,,,,Cerrado,33,52,5205307,8,,221_070,7.3,POINT(-47.37717 -13.9132)
1814980801,db6ec630-0788-3a58-859b-11228eb06929,-39.70962,-15.44991,2026-04-21 16:20:00+00:00,2026-04-21,NOAA-20,PAU BRASIL,BAHIA,Brasil,,,,Mata Atlântica,33,29,2923902,8,,216_071,4.9,POINT(-39.70962 -15.44991)
1814980802,8d65917d-6d96-30b6-9d4d-66377fe7aa20,-40.8611,-12.12943,2026-04-21 16:20:00+00:00,2026-04-21,NOAA-20,RUY BARBOSA,BAHIA,Brasil,,,,Caatinga,33,29,2927200,8,,217_068,3.9,POINT(-40.8611 -12.12943)
1814980805,d372ef07-2f88-3dc3-b8fd-f0ec73a3c7b8,-45.22519,-12.03153,2026-04-21 16:20:00+00:00,2026-04-21,NOAA-20,BARREIRAS,BAHIA,Brasil,,,,Cerrado,33,29,2903201,8,,220_068,9.3,POINT(-45.22519 -12.03153)
1814980806,e5ea381e-5677-3cbb-a255-f5a865d89dc4,-40.33997,-12.04145,2026-04-21 16:20:00+00:00,2026-04-21,NOAA-20,MACAJUBA,BAHIA,Brasil,,,,Caatinga,33,29,2919603,8,,217_068,6.3,POINT(-40.33997 -12.04145)
1814980811,bd1cf611-dccf-38a5-bb1c-2a4ce09d9e8d,-45.34738,-12.03681,2026-04-21 16:20:00+00:00,2026-04-21,NOAA-20,BARREIRAS,BAHIA,Brasil,,,,Cerrado,33,29,2903201,8,,220_068,5.2,POINT(-45.34738 -12.03681)
1814980826,df4da4cb-db89-34ea-8a6c-0955182458cd,-40.12435,-14.82879,2026-04-21 16:20:00+00:00,2026-04-21,NOAA-20,NOVA CANAÃ,BAHIA,Brasil,,,,Mata Atlântica,33,29,2922706,8,,216_070,4.7,POINT(-40.12435 -14.82879)
1814980830,ecacb446-6546-3974-b4af-142584f37b6a,-39.10089,-15.95915,2026-04-21 16:20:00+00:00,2026-04-21,NOAA-20,BELMONTE,BAHIA,Brasil,,,,Mata Atlântica,33,29,2903409,8,,215_071,3.8,POINT(-39.10089 -15.95915)
1814980836,a4e77b43-86b0-3685-b1dd-a3c9f1d1e68c,-41.40905,-13.84776,2026-04-21 16:20:00+00:00,2026-04-21,NOAA-20,ITUAÇU,BAHIA,Brasil,,,,Caatinga,33,29,2917201,8,,217_070,4.5,POINT(-41.40905 -13.84776)
1814980838,72d1bef7-7a64-38e5-91ab-a4d442d66254,-40.75718,-12.80567,2026-04-21 16:20:00+00:00,2026-04-21,NOAA-20,BOA VISTA DO TUPIM,BAHIA,Brasil,,,,Caatinga,33,29,2903805,8,,217_069,5.5,POINT(-40.75718 -12.80567)
1814980846,5f8dfb1b-c9fd-364e-9ebd-b223180fe8fc,-39.57568,-10.47936,2026-04-21 16:20:00+00:00,2026-04-21,NOAA-20,MONTE SANTO,BAHIA,Brasil,,,,Caatinga,33,29,2921500,8,,216_067,2.1,POINT(-39.57568 -10.47936)
1814980849,59388182-e075-3992-90cf-76c1284d54ae,-44.19611,-12.24486,2026-04-21 16:20:00+00:00,2026-04-21,NOAA-20,CRISTÓPOLIS,BAHIA,Brasil,,,,Cerrado,33,29,2909703,8,,219_068,4.4,POINT(-44.19611 -12.24486)
1814980851,dd1d05b8-5935-396a-a52e-db4b983cf90c,-39.32046,-14.11567,2026-04-21 16:20:00+00:00,2026-04-21,NOAA-20,CAMAMU,BAHIA,Brasil,,,,Mata Atlântica,33,29,2905800,8,,216_070,5.1,POINT(-39.32046 -14.11567)
1814980868,8c1c3ba2-1a26-3ec2-8742-673a87aba499,-39.31327,-13.82317,2026-04-21 16:20:00+00:00,2026-04-21,NOAA-20,ITUBERÁ,BAHIA,Brasil,,,,Mata Atlântica,33,29,2917300,8,,216_070,3.6,POINT(-39.31327 -13.82317)
1814980870,0fb34f2b-307b-338a-927c-3e6763955003,-39.5667,-13.62159,2026-04-21 16:20:00+00:00,2026-04-21,NOAA-20,WENCESLAU GUIMARÃES,BAHIA,Brasil,,,,Mata Atlântica,33,29,2933505,8,,216_069,4.1,POINT(-39.5667 -13.62159)
1814980873,39097934-3fa1-32b7-bc0e-08e82d06cc72,-43.0179,-12.92001,2026-04-21 16:20:00+00:00,2026-04-21,NOAA-20,PARATINGA,BAHIA,Brasil,,,,Caatinga,33,29,2923704,8,,218_069,3.2,POINT(-43.0179 -12.92001)
1814980875,89511090-1368-3c13-b47e-652f705ba386,-40.62869,-9.6358,2026-04-21 16:20:00+00:00,2026-04-21,NOAA-20,JUAZEIRO,BAHIA,Brasil,,,,Caatinga,33,29,2918407,8,,217_067,3.1,POINT(-40.62869 -9.6358)
1814980880,3cdac31d-816d-34ed-923d-4899d12493cb,-45.33506,-13.38874,2026-04-21 16:20:00+00:00,2026-04-21,NOAA-20,CORRENTINA,BAHIA,Brasil,,,,Cerrado,33,29,2909307,8,,220_069,34.1,POINT(-45.33506 -13.38874)
1814980882,30481832-58c0-3537-93f4-54d0bd8d0c5a,-48.95934,-17.71294,2026-04-21 16:20:00+00:00,2026-04-21,NOAA-20,MORRINHOS,GOIÁS,Brasil,,,,Cerrado,33,52,5213806,8,,221_072,4.2,POINT(-48.95934 -17.71294)
1814980883,3b3f17f7-8d53-38f7-8705-b24b7df72fa7,-41.04043,-11.01334,2026-04-21 16:20:00+00:00,2026-04-21,NOAA-20,OUROLÂNDIA,BAHIA,Brasil,,,,Caatinga,33,29,2923357,8,,217_068,3.0,POINT(-41.04043 -11.01334)
1814980888,88e34cfd-6a08-39c4-92e8-2bd4af7aa8c9,-39.65826,-13.23765,2026-04-21 16:20:00+00:00,2026-04-21,NOAA-20,UBAÍRA,BAHIA,Brasil,,,,Mata Atlântica,33,29,2932101,8,,216_069,2.8,POINT(-39.65826 -13.23765)
1814980889,c3f7d0a7-d3bf-3dc6-ae22-2343f59ebe1c,-50.24451,-13.48813,2026-04-21 16:20:00+00:00,2026-04-21,NOAA-20,SÃO MIGUEL DO ARAGUAIA,GOIÁS,Brasil,,,,Cerrado,33,52,5220207,8,,223_069,3.1,POINT(-50.24451 -13.48813)
1814980897,fb6b5134-65bf-3d76-b4f4-b1d7dbab85a7,-39.84985,-15.7976,2026-04-21 16:20:00+00:00,2026-04-21,NOAA-20,POTIRAGUÁ,BAHIA,Brasil,,,,Mata Atlântica,33,29,2925402,8,,216_071,2.4,POINT(-39.84985 -15.7976)
1814980902,3931ccee-d4fa-3ee2-a4aa-d8bc25f103de,-39.19194,-13.53778,2026-04-21 16:20:00+00:00,2026-04-21,NOAA-20,TAPEROÁ,BAHIA,Brasil,,,,Mata Atlântica,33,29,2931202,8,,216_069,3.7,POINT(-39.19194 -13.53778)
1814980904,288590f8-054e-3610-94ae-4a4af32c0a64,-45.35205,-13.96236,2026-04-21 16:20:00+00:00,2026-04-21,NOAA-20,JABORANDI,BAHIA,Brasil,,,,Cerrado,33,29,2917359,8,,220_070,9.7,POINT(-45.35205 -13.96236)
1814980906,3b28f73e-b719-3398-addf-3a62b96acd32,-39.10942,-15.9536,2026-04-21 16:20:00+00:00,2026-04-21,NOAA-20,BELMONTE,BAHIA,Brasil,,,,Mata Atlântica,33,29,2903409,8,,215_071,4.3,POINT(-39.10942 -15.9536)
1814980907,44c575e3-b815-3c9a-93b7-6777f1d51154,-39.03022,-15.50296,2026-04-21 16:20:00+00:00,2026-04-21,NOAA-20,CANAVIEIRAS,BAHIA,Brasil,,,,Mata Atlântica,33,29,2906303,8,,215_071,2.7,POINT(-39.03022 -15.50296)
1814980911,ac9a5f75-b6e6-3816-96f0-36bad0d06d86,-43.84198,-11.90958,2026-04-21 16:20:00+00:00,2026-04-21,NOAA-20,WANDERLEY,BAHIA,Brasil,,,,Cerrado,33,29,2933455,8,,219_068,20.4,POINT(-43.84198 -11.90958)
1814980916,4c6e7233-c450-3047-bc61-f0f5d4784829,-50.24365,-13.49151,2026-04-21 16:20:00+00:00,2026-04-21,NOAA-20,SÃO MIGUEL DO ARAGUAIA,GOIÁS,Brasil,,,,Cerrado,33,52,5220207,8,,223_069,5.1,POINT(-50.24365 -13.49151)
1814980919,b22b516e-3aaf-354d-9649-e19bc6466a7e,-42.01624,-14.10822,2026-04-21 16:20:00+00:00,2026-04-21,NOAA-20,BRUMADO,BAHIA,Brasil,,,,Caatinga,33,29,2904605,8,,217_070,4.3,POINT(-42.01624 -14.10822)
1814980922,2b063150-e14f-30c0-8c8d-f7101f625706,-39.99756,-15.92919,2026-04-21 16:20:00+00:00,2026-04-21,NOAA-20,ITARANTIM,BAHIA,Brasil,,,,Mata Atlântica,33,29,2916807,8,,216_071,4.5,POINT(-39.99756 -15.92919)
1814980928,11c9cf70-6c59-3cf3-abc1-57d5f4e5582c,-39.11312,-15.95418,2026-04-21 16:20:00+00:00,2026-04-21,NOAA-20,BELMONTE,BAHIA,Brasil,,,,Mata Atlântica,33,29,2903409,8,,215_071,4.3,POINT(-39.11312 -15.95418)
1814980932,8974aeba-09e2-3039-b76d-a18377b7f307,-49.72249,-11.85163,2026-04-21 16:20:00+00:00,2026-04-21,NOAA-20,FORMOSO DO ARAGUAIA,TOCANTINS,Brasil,,,,Cerrado,33,17,1708205,8,,223_068,9.6,POINT(-49.72249 -11.85163)
1814980934,2103fce2-f8b9-35bd-94a1-bd30ff673c9a,-45.33615,-13.38106,2026-04-21 16:20:00+00:00,2026-04-21,NOAA-20,CORRENTINA,BAHIA,Brasil,,,,Cerrado,33,29,2909307,8,,220_069,12.2,POINT(-45.33615 -13.38106)
1814980938,e429686e-ab14-3f36-91a1-e89286168c50,-41.40854,-13.85108,2026-04-21 16:20:00+00:00,2026-04-21,NOAA-20,ITUAÇU,BAHIA,Brasil,,,,Caatinga,33,29,2917201,8,,217_070,4.5,POINT(-41.40854 -13.85108)
1814980939,01308912-072c-3e2c-99b8-80784377e4aa,-39.29385,-12.14482,2026-04-21 16:20:00+00:00,2026-04-21,NOAA-20,SERRA PRETA,BAHIA,Brasil,,,,Mata Atlântica,33,29,2930402,8,,216_068,5.4,POINT(-39.29385 -12.14482)
1814980941,5af622b7-6d2a-38ce-a30e-10b56e6089d9,-49.91169,-10.84718,2026-04-21 16:20:00+00:00,2026-04-21,NOAA-20,LAGOA DA CONFUSÃO,TOCANTINS,Brasil,,,,Cerrado,33,17,1711902,8,,223_068,3.7,POINT(-49.91169 -10.84718)
1814980944,a7b3963c-0387-3f84-affe-7babd7a1db7c,-39.99509,-15.92201,2026-04-21 16:20:00+00:00,2026-04-21,NOAA-20,ITARANTIM,BAHIA,Brasil,,,,Mata Atlântica,33,29,2916807,8,,216_071,12.8,POINT(-39.99509 -15.92201)
1814980949,f03a4165-dee7-33ab-ab9c-e36e85e48922,-42.20397,-15.72317,2026-04-21 16:20:00+00:00,2026-04-21,NOAA-20,INDAIABIRA,MINAS GERAIS,Brasil,,,,Cerrado,33,31,3130655,8,,217_071,11.9,POINT(-42.20397 -15.72317)
1814980950,99bab32e-1cc0-3795-9329-906be47ffc8c,-40.8505,-15.07918,2026-04-21 16:20:00+00:00,2026-04-21,NOAA-20,VITÓRIA DA CONQUISTA,BAHIA,Brasil,,,,Mata Atlântica,33,29,2933307,8,,217_070,2.0,POINT(-40.8505 -15.07918)
1814980955,51edf3e4-9fd6-3323-ab92-0c3ac1599ef1,-42.45673,-9.95692,2026-04-21 16:20:00+00:00,2026-04-21,NOAA-20,PILÃO ARCADO,BAHIA,Brasil,,,,Caatinga,33,29,2924405,8,,218_067,2.1,POINT(-42.45673 -9.95692)
1814980958,025589c1-6ed7-3653-beb1-9991e728b829,-39.77134,-14.20735,2026-04-21 16:20:00+00:00,2026-04-21,NOAA-20,ITAGIBÁ,BAHIA,Brasil,,,,Mata Atlântica,33,29,2915205,8,,216_070,2.1,POINT(-39.77134 -14.20735)
1814980960,56edbbd1-1f14-314b-84b2-9bbf6493d0cb,-38.68027,-10.89707,2026-04-21 16:20:00+00:00,2026-04-21,NOAA-20,TUCANO,BAHIA,Brasil,,,,Caatinga,33,29,2931905,8,,216_067,10.2,POINT(-38.68027 -10.89707)
1814980963,0b1d3442-8466-3549-8f96-fc43a18c861a,-43.01075,-13.22631,2026-04-21 16:20:00+00:00,2026-04-21,NOAA-20,BOM JESUS DA LAPA,BAHIA,Brasil,,,,Caatinga,33,29,2903904,8,,218_069,7.7,POINT(-43.01075 -13.22631)
1814980966,62cdac0b-b241-3036-9898-a962c22e8dea,-49.72315,-11.84659,2026-04-21 16:20:00+00:00,2026-04-21,NOAA-20,FORMOSO DO ARAGUAIA,TOCANTINS,Brasil,,,,Cerrado,33,17,1708205,8,,223_068,3.7,POINT(-49.72315 -11.84659)
1814980637,348e8041-9913-34f1-accd-2789ea7f8f92,-44.2413,-14.86866,2026-04-21 16:20:00+00:00,2026-04-21,NOAA-20,SÃO JOÃO DAS MISSÕES,MINAS GERAIS,Brasil,,,,Cerrado,33,31,3162450,8,,219_070,3.2,POINT(-44.2413 -14.86866)
1814980509,f3dc47e4-a8bd-34ad-963f-e9bd303e914d,-40.46268,-11.65689,2026-04-21 16:20:00+00:00,2026-04-21,NOAA-20,PIRITIBA,BAHIA,Brasil,,,,Caatinga,33,29,2924801,8,,217_068,6.4,POINT(-40.46268 -11.65689)
1814980510,92ec25c4-cf0f-3f49-8a8e-dfc1cbc88b1a,-39.68581,-13.65067,2026-04-21 16:20:00+00:00,2026-04-21,NOAA-20,WENCESLAU GUIMARÃES,BAHIA,Brasil,,,,Mata Atlântica,33,29,2933505,8,,216_069,2.7,POINT(-39.68581 -13.65067)
1814980512,793e1617-4183-37ad-b8c8-7f04e29a5ff5,-39.22298,-15.77685,2026-04-21 16:20:00+00:00,2026-04-21,NOAA-20,CANAVIEIRAS,BAHIA,Brasil,,,,Mata Atlântica,33,29,2906303,8,,215_071,1.2,POINT(-39.22298 -15.77685)
1814980513,73a19501-e877-3ad4-903e-eddb21a2e858,-39.76962,-11.97888,2026-04-21 16:20:00+00:00,2026-04-21,NOAA-20,IPIRÁ,BAHIA,Brasil,,,,Caatinga,33,29,2914000,8,,216_068,4.8,POINT(-39.76962 -11.97888)
1814980517,6295cb62-2d48-3eb2-9860-dc96c5b2eed7,-39.72106,-12.81289,2026-04-21 16:20:00+00:00,2026-04-21,NOAA-20,ITATIM,BAHIA,Brasil,,,,Caatinga,33,29,2916856,8,,216_069,2.2,POINT(-39.72106 -12.81289)
1814980521,d141b793-d62b-3e2b-9c6b-7ca769171f1a,-41.80918,-15.17894,2026-04-21 16:20:00+00:00,2026-04-21,NOAA-20,SÃO JOÃO DO PARAÍSO,MINAS GERAIS,Brasil,,,,Mata Atlântica,33,31,3162708,8,,217_071,3.4,POINT(-41.80918 -15.17894)
1814980529,513f25a4-6a5a-32f0-a87e-4bb0cff30273,-39.95512,-13.66884,2026-04-21 16:20:00+00:00,2026-04-21,NOAA-20,JAGUAQUARA,BAHIA,Brasil,,,,Mata Atlântica,33,29,2917607,8,,216_069,2.2,POINT(-39.95512 -13.66884)
1814980538,82fe968c-e155-3d51-9980-745366333f4c,-42.1939,-15.41075,2026-04-21 16:20:00+00:00,2026-04-21,NOAA-20,SÃO JOÃO DO PARAÍSO,MINAS GERAIS,Brasil,,,,Mata Atlântica,33,31,3162708,8,,217_071,7.5,POINT(-42.1939 -15.41075)
1814980541,4f110b45-03a7-3e85-b154-7618327668f2,-45.21952,-12.0384,2026-04-21 16:20:00+00:00,2026-04-21,NOAA-20,BARREIRAS,BAHIA,Brasil,,,,Cerrado,33,29,2903201,8,,220_068,4.9,POINT(-45.21952 -12.0384)
1814980542,0e7c8ca0-5d89-39fe-983f-60366883818d,-45.21898,-12.04215,2026-04-21 16:20:00+00:00,2026-04-21,NOAA-20,BARREIRAS,BAHIA,Brasil,,,,Cerrado,33,29,2903201,8,,220_068,6.3,POINT(-45.21898 -12.04215)
1814980544,37546877-7d14-3e0e-af55-85cace5355d7,-45.33561,-13.3849,2026-04-21 16:20:00+00:00,2026-04-21,NOAA-20,CORRENTINA,BAHIA,Brasil,,,,Cerrado,33,29,2909307,8,,220_069,34.1,POINT(-45.33561 -13.3849)
1814980549,363b4664-31c5-3124-a930-1a5a99f0733e,-39.68508,-13.78871,2026-04-21 16:20:00+00:00,2026-04-21,NOAA-20,ITAMARI,BAHIA,Brasil,,,,Mata Atlântica,33,29,2915700,8,,216_070,3.6,POINT(-39.68508 -13.78871)
1814980552,587e9b74-04e2-3afa-9fd5-3121adf74eeb,-49.72479,-11.85703,2026-04-21 16:20:00+00:00,2026-04-21,NOAA-20,FORMOSO DO ARAGUAIA,TOCANTINS,Brasil,,,,Cerrado,33,17,1708205,8,,223_068,9.6,POINT(-49.72479 -11.85703)
1814980554,17f66298-f054-30e4-8a4e-27c586d5ea1c,-41.30834,-12.1063,2026-04-21 16:20:00+00:00,2026-04-21,NOAA-20,BONITO,BAHIA,Brasil,,,,Caatinga,33,29,2904050,8,,217_068,3.7,POINT(-41.30834 -12.1063)
1814980556,764c871c-b44b-31a7-aee2-017498f23a66,-44.02004,-12.57684,2026-04-21 16:20:00+00:00,2026-04-21,NOAA-20,BREJOLÂNDIA,BAHIA,Brasil,,,,Cerrado,33,29,2904407,8,,219_069,8.2,POINT(-44.02004 -12.57684)
1814980558,77e8c890-368a-332d-9bce-5ef0b8d70025,-47.36442,-13.91161,2026-04-21 16:20:00+00:00,2026-04-21,NOAA-20,CAVALCANTE,GOIÁS,Brasil,,,,Cerrado,33,52,5205307,8,,221_070,6.9,POINT(-47.36442 -13.91161)
1814980571,1f14ae03-320b-39b1-b1e5-840a44c42295,-47.37772,-13.90878,2026-04-21 16:20:00+00:00,2026-04-21,NOAA-20,CAVALCANTE,GOIÁS,Brasil,,,,Cerrado,33,52,5205307,8,,221_070,7.3,POINT(-47.37772 -13.90878)
1814980576,bc5f467b-4bad-3ab3-aa3c-1cac72e44d5b,-44.03824,-13.53155,2026-04-21 16:20:00+00:00,2026-04-21,NOAA-20,SÃO FÉLIX DO CORIBE,BAHIA,Brasil,,,,Cerrado,33,29,2929057,8,,219_069,4.8,POINT(-44.03824 -13.53155)
1814980579,a16be4d4-c9b5-3f3b-adfb-e4fe3209c67f,-38.67941,-10.89769,2026-04-21 16:20:00+00:00,2026-04-21,NOAA-20,TUCANO,BAHIA,Brasil,,,,Caatinga,33,29,2931905,8,,216_067,7.1,POINT(-38.67941 -10.89769)
1814980584,3abd4d19-36da-3e68-a2ec-692422bfaed1,-44.19201,-12.24428,2026-04-21 16:20:00+00:00,2026-04-21,NOAA-20,CRISTÓPOLIS,BAHIA,Brasil,,,,Cerrado,33,29,2909703,8,,219_068,6.5,POINT(-44.19201 -12.24428)
1814980588,01551f75-f4e0-39d0-abde-5892378241e8,-43.84496,-15.5326,2026-04-21 16:20:00+00:00,2026-04-21,NOAA-20,VARZELÂNDIA,MINAS GERAIS,Brasil,,,,Caatinga,33,31,3170909,8,,218_071,15.7,POINT(-43.84496 -15.5326)
1814980589,c8cdbabf-7719-370c-a16f-1a27525c5fd1,-52.13943,-12.63907,2026-04-21 16:20:00+00:00,2026-04-21,NOAA-20,QUERÊNCIA,MATO GROSSO,Brasil,,,,Amazônia,33,51,5107065,8,,224_069,7.6,POINT(-52.13943 -12.63907)
1814980592,fc661da5-aa8e-320d-bd33-6562d496e853,-49.72545,-11.85199,2026-04-21 16:20:00+00:00,2026-04-21,NOAA-20,FORMOSO DO ARAGUAIA,TOCANTINS,Brasil,,,,Cerrado,33,17,1708205,8,,223_068,9.6,POINT(-49.72545 -11.85199)
1814980595,e2ab9f7b-2f8b-34a9-8611-151d7ba67e8c,-47.37266,-13.91264,2026-04-21 16:20:00+00:00,2026-04-21,NOAA-20,CAVALCANTE,GOIÁS,Brasil,,,,Cerrado,33,52,5205307,8,,221_070,7.3,POINT(-47.37266 -13.91264)
1814980598,158a6816-461c-3ef8-aaed-621122b4715c,-40.21063,-12.08971,2026-04-21 16:20:00+00:00,2026-04-21,NOAA-20,BAIXA GRANDE,BAHIA,Brasil,,,,Caatinga,33,29,2902609,8,,217_068,5.6,POINT(-40.21063 -12.08971)
1814980599,60584470-86e3-324a-ba56-63c6282e4a7e,-38.67998,-10.89413,2026-04-21 16:20:00+00:00,2026-04-21,NOAA-20,RIBEIRA DO POMBAL,BAHIA,Brasil,,,,Caatinga,33,29,2926608,8,,216_067,5.7,POINT(-38.67998 -10.89413)
1814980606,c8e3d84e-4228-347e-8907-093bb71a1e82,-43.56744,-11.19327,2026-04-21 16:20:00+00:00,2026-04-21,NOAA-20,BARRA,BAHIA,Brasil,,,,Cerrado,33,29,2902708,8,,219_068,4.3,POINT(-43.56744 -11.19327)
1814980610,3029718e-f8c8-3642-b5f7-f8855d117248,-43.0066,-15.98873,2026-04-21 16:20:00+00:00,2026-04-21,NOAA-20,RIACHO DOS MACHADOS,MINAS GERAIS,Brasil,,,,Cerrado,33,31,3154507,8,,218_071,6.7,POINT(-43.0066 -15.98873)
1814980611,0a42ca99-0314-3b90-ad53-561e53d77fa6,-40.85354,-11.9586,2026-04-21 16:20:00+00:00,2026-04-21,NOAA-20,TAPIRAMUTÁ,BAHIA,Brasil,,,,Caatinga,33,29,2931301,8,,217_068,8.6,POINT(-40.85354 -11.9586)
1814980614,329d4253-7fac-382e-a7e3-80c7cea51a66,-43.37602,-11.95483,2026-04-21 16:20:00+00:00,2026-04-21,NOAA-20,MUQUÉM DO SÃO FRANCISCO,BAHIA,Brasil,,,,Cerrado,33,29,2922250,8,,219_068,6.0,POINT(-43.37602 -11.95483)
1814980615,33499827-2e19-362e-b2ec-f71766fba91a,-48.95906,-17.71655,2026-04-21 16:20:00+00:00,2026-04-21,NOAA-20,MORRINHOS,GOIÁS,Brasil,,,,Cerrado,33,52,5213806,8,,221_072,2.7,POINT(-48.95906 -17.71655)
1814980617,23461872-5bf0-380d-a263-66c335ca24a7,-39.29029,-14.2264,2026-04-21 16:20:00+00:00,2026-04-21,NOAA-20,MARAÚ,BAHIA,Brasil,,,,Mata Atlântica,33,29,2920700,8,,216_070,1.6,POINT(-39.29029 -14.2264)
1814980622,b70ce3dc-80c7-3c55-af7e-99ed8e487912,-45.22628,-12.02403,2026-04-21 16:20:00+00:00,2026-04-21,NOAA-20,BARREIRAS,BAHIA,Brasil,,,,Cerrado,33,29,2903201,8,,220_068,9.3,POINT(-45.22628 -12.02403)
1814980623,c816318e-a72d-3ee7-8d9d-54f9ad0868b2,-39.61087,-13.85276,2026-04-21 16:20:00+00:00,2026-04-21,NOAA-20,NOVA IBIÁ,BAHIA,Brasil,,,,Mata Atlântica,33,29,2922755,8,,216_070,2.7,POINT(-39.61087 -13.85276)
1814980625,c0908575-6dc5-3dbb-a440-a771a27755eb,-40.42095,-15.74652,2026-04-21 16:20:00+00:00,2026-04-21,NOAA-20,MACARANI,BAHIA,Brasil,,,,Mata Atlântica,33,29,2919702,8,,216_071,3.3,POINT(-40.42095 -15.74652)
1814980628,9dc072a4-0363-3074-81a1-baf66e0e46d2,-39.59808,-12.34711,2026-04-21 16:20:00+00:00,2026-04-21,NOAA-20,IPIRÁ,BAHIA,Brasil,,,,Caatinga,33,29,2914000,8,,216_069,5.6,POINT(-39.59808 -12.34711)
1814980631,245d1e27-7ef1-3d4d-986b-4ca061d54813,-40.39095,-11.31281,2026-04-21 16:20:00+00:00,2026-04-21,NOAA-20,JACOBINA,BAHIA,Brasil,,,,Caatinga,33,29,2917508,8,,217_068,9.4,POINT(-40.39095 -11.31281)
1814980650,d570de2e-25d8-3f2f-9f86-d05df53b3da4,-40.86163,-12.12611,2026-04-21 16:20:00+00:00,2026-04-21,NOAA-20,RUY BARBOSA,BAHIA,Brasil,,,,Caatinga,33,29,2927200,8,,217_068,20.8,POINT(-40.86163 -12.12611)
1814980651,1153a36e-656f-3b7b-963d-44b7efd399f7,-37.69004,-9.35276,2026-04-21 16:20:00+00:00,2026-04-21,NOAA-20,INHAPI,ALAGOAS,Brasil,,,,Caatinga,33,27,2703304,8,,215_067,5.3,POINT(-37.69004 -9.35276)
1814980653,2684878e-f65c-3042-88bc-433059807805,-43.83992,-11.97719,2026-04-21 16:20:00+00:00,2026-04-21,NOAA-20,WANDERLEY,BAHIA,Brasil,,,,Cerrado,33,29,2933455,8,,219_068,20.5,POINT(-43.83992 -11.97719)
1814980654,a549b753-d01d-342d-bdfe-24f132d6d522,-39.87838,-15.32723,2026-04-21 16:20:00+00:00,2026-04-21,NOAA-20,ITAPETINGA,BAHIA,Brasil,,,,Mata Atlântica,33,29,2916401,8,,216_071,3.7,POINT(-39.87838 -15.32723)
1814980658,f5808050-5f38-3145-befb-86c78cf0d0cc,-43.84145,-11.91308,2026-04-21 16:20:00+00:00,2026-04-21,NOAA-20,WANDERLEY,BAHIA,Brasil,,,,Cerrado,33,29,2933455,8,,219_068,12.5,POINT(-43.84145 -11.91308)
1814980661,2beee1b9-29fe-3cf8-b9d6-74471cc033db,-43.608,-13.02284,2026-04-21 16:20:00+00:00,2026-04-21,NOAA-20,SÍTIO DO MATO,BAHIA,Brasil,,,,Cerrado,33,29,2930758,8,,219_069,13.8,POINT(-43.608 -13.02284)
1814980666,f3b4f038-9a24-3243-9e52-c4b11c099015,-41.99228,-11.17211,2026-04-21 16:20:00+00:00,2026-04-21,NOAA-20,CENTRAL,BAHIA,Brasil,,,,Caatinga,33,29,2907608,8,,218_068,2.9,POINT(-41.99228 -11.17211)
1814980668,42ec1b6e-897f-3950-bdc6-7ef7bb103957,-39.11255,-15.95754,2026-04-21 16:20:00+00:00,2026-04-21,NOAA-20,BELMONTE,BAHIA,Brasil,,,,Mata Atlântica,33,29,2903409,8,,215_071,9.4,POINT(-39.11255 -15.95754)
1814980670,7a9db880-7336-3d6e-8361-c45d34372a05,-49.9081,-10.85183,2026-04-21 16:20:00+00:00,2026-04-21,NOAA-20,LAGOA DA CONFUSÃO,TOCANTINS,Brasil,,,,Cerrado,33,17,1711902,8,,223_068,3.7,POINT(-49.9081 -10.85183)
1814980677,b2f593b8-d4c5-3dc0-816c-e38e98f10cbd,-46.53506,-15.85214,2026-04-21 16:20:00+00:00,2026-04-21,NOAA-20,UNAÍ,MINAS GERAIS,Brasil,,,,Cerrado,33,31,3170404,8,,220_071,4.0,POINT(-46.53506 -15.85214)
1814980695,f32c939f-7ebb-33cf-b7f4-70c61d2329bb,-47.53921,-14.59496,2026-04-21 16:20:00+00:00,2026-04-21,NOAA-20,SÃO JOÃO D'ALIANÇA,GOIÁS,Brasil,,,,Cerrado,33,52,5220009,8,,221_070,5.6,POINT(-47.53921 -14.59496)
1814980707,27fc7863-ba86-3ad8-b3b2-41b5df04d32b,-43.90899,-15.98468,2026-04-21 16:20:00+00:00,2026-04-21,NOAA-20,SÃO JOÃO DA PONTE,MINAS GERAIS,Brasil,,,,Caatinga,33,31,3162401,8,,218_071,4.5,POINT(-43.90899 -15.98468)
1814980709,eb4b6013-9836-3fb8-9fd8-f6c14b4e4f09,-45.34109,-13.95013,2026-04-21 16:20:00+00:00,2026-04-21,NOAA-20,JABORANDI,BAHIA,Brasil,,,,Cerrado,33,29,2917359,8,,220_070,9.9,POINT(-45.34109 -13.95013)
1814980714,0bce6831-c647-3eae-91a9-20d12f004a24,-45.33613,-13.94948,2026-04-21 16:20:00+00:00,2026-04-21,NOAA-20,JABORANDI,BAHIA,Brasil,,,,Cerrado,33,29,2917359,8,,220_070,11.5,POINT(-45.33613 -13.94948)
1814980716,ee427f2f-7fbe-3a64-90da-415dd9c94e1d,-39.10402,-15.9631,2026-04-21 16:20:00+00:00,2026-04-21,NOAA-20,BELMONTE,BAHIA,Brasil,,,,Mata Atlântica,33,29,2903409,8,,215_071,6.4,POINT(-39.10402 -15.9631)
1814980970,41de34dc-eb6a-3527-a093-26e0cd2457ab,-43.84646,-11.90664,2026-04-21 16:20:00+00:00,2026-04-21,NOAA-20,WANDERLEY,BAHIA,Brasil,,,,Cerrado,33,29,2933455,8,,219_068,20.4,POINT(-43.84646 -11.90664)
1814980975,4db4a9ac-fb19-359e-b781-a5174f1bbd21,-40.98679,-12.70513,2026-04-21 16:20:00+00:00,2026-04-21,NOAA-20,NOVA REDENÇÃO,BAHIA,Brasil,,,,Caatinga,33,29,2922854,8,,217_069,7.7,POINT(-40.98679 -12.70513)
1814980982,9a228549-b089-3a4c-b5f0-706a540d0a23,-39.41795,-14.43284,2026-04-21 16:20:00+00:00,2026-04-21,NOAA-20,AURELINO LEAL,BAHIA,Brasil,,,,Mata Atlântica,33,29,2902401,8,,216_070,18.9,POINT(-39.41795 -14.43284)
1814980983,ecaa23cc-2e67-3d21-ab07-b675fe8ad8d3,-43.84593,-11.91014,2026-04-21 16:20:00+00:00,2026-04-21,NOAA-20,WANDERLEY,BAHIA,Brasil,,,,Cerrado,33,29,2933455,8,,219_068,20.4,POINT(-43.84593 -11.91014)
1814980989,2e0a36d6-a43e-38de-beee-260492c55f0c,-39.71703,-15.00968,2026-04-21 16:20:00+00:00,2026-04-21,NOAA-20,ITAJU DO COLÔNIA,BAHIA,Brasil,,,,Mata Atlântica,33,29,2915403,8,,216_070,16.1,POINT(-39.71703 -15.00968)
1814980990,3b50ea8a-eaa7-3ca8-a011-08d6b188bf17,-45.33885,-13.94869,2026-04-21 16:20:00+00:00,2026-04-21,NOAA-20,JABORANDI,BAHIA,Brasil,,,,Cerrado,33,29,2917359,8,,220_070,10.2,POINT(-45.33885 -13.94869)
1814980997,ccc21038-10fb-373d-b14d-74501933cae5,-43.84044,-11.97369,2026-04-21 16:20:00+00:00,2026-04-21,NOAA-20,WANDERLEY,BAHIA,Brasil,,,,Cerrado,33,29,2933455,8,,219_068,7.9,POINT(-43.84044 -11.97369)
1814980998,5b706329-d0e8-3493-a4c1-7b9838804064,-47.53772,-14.60853,2026-04-21 16:20:00+00:00,2026-04-21,NOAA-20,SÃO JOÃO D'ALIANÇA,GOIÁS,Brasil,,,,Cerrado,33,52,5220009,8,,221_070,3.3,POINT(-47.53772 -14.60853)
1814981003,102aabf8-a22a-3d87-8826-fabede9cc6fa,-44.19151,-12.24784,2026-04-21 16:20:00+00:00,2026-04-21,NOAA-20,CRISTÓPOLIS,BAHIA,Brasil,,,,Cerrado,33,29,2909703,8,,219_068,6.5,POINT(-44.19151 -12.24784)
1814981005,dc0b8c06-cc59-32a0-a90d-e56bb142c231,-42.12942,-11.31162,2026-04-21 16:20:00+00:00,2026-04-21,NOAA-20,UIBAÍ,BAHIA,Brasil,,,,Caatinga,33,29,2932408,8,,218_068,3.0,POINT(-42.12942 -11.31162)
1814981007,ea8fb3ca-1245-3a87-b0da-e84213c718d9,-47.36895,-13.90769,2026-04-21 16:20:00+00:00,2026-04-21,NOAA-20,CAVALCANTE,GOIÁS,Brasil,,,,Cerrado,33,52,5205307,8,,221_070,6.9,POINT(-47.36895 -13.90769)
1814981008,e6954b48-7f81-3858-bce2-850bab198624,-39.28915,-15.41464,2026-04-21 16:20:00+00:00,2026-04-21,NOAA-20,SANTA LUZIA,BAHIA,Brasil,,,,Mata Atlântica,33,29,2928059,8,,215_071,2.7,POINT(-39.28915 -15.41464)
1814981017,a27c842b-078b-376d-9b1b-33d2c05bf534,-39.69273,-14.49342,2026-04-21 16:20:00+00:00,2026-04-21,NOAA-20,ITAPITANGA,BAHIA,Brasil,,,,Mata Atlântica,33,29,2916609,8,,216_070,3.6,POINT(-39.69273 -14.49342)
1814981019,15e996e2-33c3-3222-92e3-b9f04674b3f0,-48.49655,-15.26012,2026-04-21 16:20:00+00:00,2026-04-21,NOAA-20,PADRE BERNARDO,GOIÁS,Brasil,,,,Cerrado,33,52,5215603,8,,221_071,5.5,POINT(-48.49655 -15.26012)
1814981020,95a74118-a0a7-3c20-a49b-366578611d9d,-43.37988,-11.95538,2026-04-21 16:20:00+00:00,2026-04-21,NOAA-20,MUQUÉM DO SÃO FRANCISCO,BAHIA,Brasil,,,,Cerrado,33,29,2922250,8,,219_068,6.0,POINT(-43.37988 -11.95538)
1814981023,f77e39af-3d17-32d7-99e9-37eebf95fcdf,-45.34101,-13.38173,2026-04-21 16:20:00+00:00,2026-04-21,NOAA-20,CORRENTINA,BAHIA,Brasil,,,,Cerrado,33,29,2909307,8,,220_069,12.2,POINT(-45.34101 -13.38173)
1814981029,33694e5d-683a-3a41-a9d8-70e5de30ea35,-43.50983,-16.56684,2026-04-21 16:20:00+00:00,2026-04-21,NOAA-20,FRANCISCO SÁ,MINAS GERAIS,Brasil,,,,Cerrado,33,31,3126703,8,,218_071,3.6,POINT(-43.50983 -16.56684)
1814981034,5fcaf3f2-13bc-3a9c-94fa-00e4badf0c85,-52.14381,-12.63958,2026-04-21 16:20:00+00:00,2026-04-21,NOAA-20,QUERÊNCIA,MATO GROSSO,Brasil,,,,Amazônia,33,51,5107065,8,,224_069,7.8,POINT(-52.14381 -12.63958)
1814981035,d588cdc2-66d8-351c-9d89-fd2ab5807376,-43.83649,-11.97312,2026-04-21 16:20:00+00:00,2026-04-21,NOAA-20,WANDERLEY,BAHIA,Brasil,,,,Cerrado,33,29,2933455,8,,219_068,5.2,POINT(-43.83649 -11.97312)
1814981041,bf3108b9-62e5-335f-88f2-4176f7776f48,-45.74801,-12.05462,2026-04-21 16:20:00+00:00,2026-04-21,NOAA-20,LUÍS EDUARDO MAGALHÃES,BAHIA,Brasil,,,,Cerrado,33,29,2919553,8,,220_068,3.7,POINT(-45.74801 -12.05462)
1814981048,254a97f5-ebf6-3065-9f1b-9b34843e10f4,-45.22573,-12.02778,2026-04-21 16:20:00+00:00,2026-04-21,NOAA-20,BARREIRAS,BAHIA,Brasil,,,,Cerrado,33,29,2903201,8,,220_068,9.3,POINT(-45.22573 -12.02778)
1814981052,02b932b5-18ed-3d68-ba21-54ca1d8d327d,-40.12793,-14.82935,2026-04-21 16:20:00+00:00,2026-04-21,NOAA-20,NOVA CANAÃ,BAHIA,Brasil,,,,Mata Atlântica,33,29,2922706,8,,216_070,4.0,POINT(-40.12793 -14.82935)
1814981053,682912da-e427-35e8-ab66-5f72762ae2de,-39.90744,-15.69802,2026-04-21 16:20:00+00:00,2026-04-21,NOAA-20,POTIRAGUÁ,BAHIA,Brasil,,,,Mata Atlântica,33,29,2925402,8,,216_071,2.7,POINT(-39.90744 -15.69802)
1814981055,79b0d9d7-3ef8-3ecc-991b-15acd911b8e6,-52.14074,-12.64208,2026-04-21 16:20:00+00:00,2026-04-21,NOAA-20,QUERÊNCIA,MATO GROSSO,Brasil,,,,Amazônia,33,51,5107065,8,,224_069,8.7,POINT(-52.14074 -12.64208)
1814981060,18c4aa7b-63ce-3ac1-9d84-6ee7c2fc4250,-39.25131,-10.55586,2026-04-21 16:20:00+00:00,2026-04-21,NOAA-20,MONTE SANTO,BAHIA,Brasil,,,,Caatinga,33,29,2921500,8,,216_067,3.2,POINT(-39.25131 -10.55586)
1814981062,8807f2bd-a6c5-37f9-a1cd-45cb7ed41485,-39.24382,-12.60664,2026-04-21 16:20:00+00:00,2026-04-21,NOAA-20,CABACEIRAS DO PARAGUAÇU,BAHIA,Brasil,,,,Mata Atlântica,33,29,2904852,8,,216_069,2.6,POINT(-39.24382 -12.60664)
1814981065,09cee76d-287f-3054-9451-345638e00fcc,-49.72413,-11.86207,2026-04-21 16:20:00+00:00,2026-04-21,NOAA-20,FORMOSO DO ARAGUAIA,TOCANTINS,Brasil,,,,Cerrado,33,17,1708205,8,,223_068,6.0,POINT(-49.72413 -11.86207)
1814981066,a5484784-31b7-34a6-a4fa-aa0a2726d149,-40.00114,-15.92974,2026-04-21 16:20:00+00:00,2026-04-21,NOAA-20,ITARANTIM,BAHIA,Brasil,,,,Mata Atlântica,33,29,2916807,8,,216_071,5.4,POINT(-40.00114 -15.92974)
1814981067,b33d64de-04d1-3a96-8a1e-45b35deaff98,-45.33829,-13.95256,2026-04-21 16:20:00+00:00,2026-04-21,NOAA-20,JABORANDI,BAHIA,Brasil,,,,Cerrado,33,29,2917359,8,,220_070,10.2,POINT(-45.33829 -13.95256)
1814981069,bc670039-19ef-3aa8-b357-81b108f8393e,-43.37177,-13.34553,2026-04-21 16:20:00+00:00,2026-04-21,NOAA-20,BOM JESUS DA LAPA,BAHIA,Brasil,,,,Caatinga,33,29,2903904,8,,218_069,3.0,POINT(-43.37177 -13.34553)
1814981072,2e169104-718b-3877-a973-2314b24b5309,-42.58648,-13.33552,2026-04-21 16:20:00+00:00,2026-04-21,NOAA-20,BOTUPORÃ,BAHIA,Brasil,,,,Caatinga,33,29,2904209,8,,218_069,4.1,POINT(-42.58648 -13.33552)
1814980807,ac4e6f2b-072d-36a3-a834-b392e5c7323b,-48.62151,-9.19357,2026-04-21 16:22:00+00:00,2026-04-21,NOAA-20,FORTALEZA DO TABOCÃO,TOCANTINS,Brasil,,,,Cerrado,33,17,1708254,8,,222_066,10.8,POINT(-48.62151 -9.19357)
1814980935,ed0b005d-69ae-3836-94d9-4efc5b551ab3,-36.67238,-6.65941,2026-04-21 16:22:00+00:00,2026-04-21,NOAA-20,PARELHAS,RIO GRANDE DO NORTE,Brasil,,,,Caatinga,33,24,2408904,8,,215_065,3.8,POINT(-36.67238 -6.65941)
1814980817,15f028ab-2d09-3fa5-834e-5a47e6d236ee,-36.67307,-6.65875,2026-04-21 16:22:00+00:00,2026-04-21,NOAA-20,PARELHAS,RIO GRANDE DO NORTE,Brasil,,,,Caatinga,33,24,2408904,8,,215_065,5.3,POINT(-36.67307 -6.65875)
1814983170,5cc183b0-27b0-37fe-ba80-b7520b8f1598,-48.22257,-22.04146,2026-04-21 17:05:00+00:00,2026-04-21,NOAA-21,RIBEIRÃO BONITO,SÃO PAULO,Brasil,,,,Cerrado,33,35,3542909,8,,220_075,4.7,POINT(-48.22257 -22.04146)
1814983386,f0633f4c-2657-3915-a4c0-396c01b66024,-49.31501,-24.84799,2026-04-21 17:05:00+00:00,2026-04-21,NOAA-21,CERRO AZUL,PARANÁ,Brasil,,,,Mata Atlântica,33,41,4105201,8,,221_077,3.5,POINT(-49.31501 -24.84799)
1814983304,d5311a05-19d9-3a0f-a454-ec19d2592f1c,-44.34622,-20.60253,2026-04-21 17:05:00+00:00,2026-04-21,NOAA-21,PIRACEMA,MINAS GERAIS,Brasil,,,,Mata Atlântica,33,31,3150604,8,,218_074,3.7,POINT(-44.34622 -20.60253)
1814982392,049defe4-f036-3c7e-a6fe-2c9780b2533d,-48.47749,-24.60346,2026-04-21 17:05:00+00:00,2026-04-21,NOAA-21,IPORANGA,SÃO PAULO,Brasil,,,,Mata Atlântica,33,35,3521200,8,,220_077,4.8,POINT(-48.47749 -24.60346)
1814984651,ec110538-ff35-3418-b347-b95c62c3a10c,-52.03802,-24.95607,2026-04-21 17:05:00+00:00,2026-04-21,NOAA-21,SANTA MARIA DO OESTE,PARANÁ,Brasil,,,,Mata Atlântica,33,41,4123857,8,,222_077,9.2,POINT(-52.03802 -24.95607)
1814984613,dac6488b-9dc1-360e-b1e4-6cd9eee8b5cf,-51.49743,-24.90446,2026-04-21 17:05:00+00:00,2026-04-21,NOAA-21,BOA VENTURA DE SÃO ROQUE,PARANÁ,Brasil,,,,Mata Atlântica,33,41,4103040,8,,222_077,3.9,POINT(-51.49743 -24.90446)
1814984573,85f93310-85bc-33b1-a2c9-6487205af741,-50.03662,-24.47045,2026-04-21 17:05:00+00:00,2026-04-21,NOAA-21,PIRAÍ DO SUL,PARANÁ,Brasil,,,,Cerrado,33,41,4119400,8,,221_077,53.9,POINT(-50.03662 -24.47045)
1814984520,20d15213-3dda-3d8c-bf58-feef0d1c703a,-45.0159,-23.13326,2026-04-21 17:05:00+00:00,2026-04-21,NOAA-21,CUNHA,SÃO PAULO,Brasil,,,,Mata Atlântica,33,35,3513603,8,,218_076,4.2,POINT(-45.0159 -23.13326)
1814984371,10786e79-4006-3a0e-880c-183c77aabab3,-51.43901,-23.12967,2026-04-21 17:05:00+00:00,2026-04-21,NOAA-21,JAGUAPITÃ,PARANÁ,Brasil,,,,Mata Atlântica,33,41,4111902,8,,222_076,3.6,POINT(-51.43901 -23.12967)
1814984347,cf10c2e4-5411-3dd0-8ae8-4463a56fef78,-48.54689,-21.23904,2026-04-21 17:05:00+00:00,2026-04-21,NOAA-21,MONTE ALTO,SÃO PAULO,Brasil,,,,Cerrado,33,35,3531308,8,,221_075,5.3,POINT(-48.54689 -21.23904)
1814984333,ea546761-5851-3656-a05f-3cefc2d81199,-47.43719,-22.48733,2026-04-21 17:05:00+00:00,2026-04-21,NOAA-21,CORDEIRÓPOLIS,SÃO PAULO,Brasil,,,,Mata Atlântica,33,35,3512407,8,,220_076,4.8,POINT(-47.43719 -22.48733)
1814984306,b8b0ff04-5d9f-369f-8bed-b0f46e150750,-49.62679,-24.96029,2026-04-21 17:05:00+00:00,2026-04-21,NOAA-21,CASTRO,PARANÁ,Brasil,,,,Mata Atlântica,33,41,4104907,8,,221_077,99.0,POINT(-49.62679 -24.96029)
1814984266,dadd681c-b9ca-37cb-beae-154e98312260,-50.08172,-27.91572,2026-04-21 17:05:00+00:00,2026-04-21,NOAA-21,PAINEL,SANTA CATARINA,Brasil,,,,Mata Atlântica,33,42,4211892,8,,221_079,3.8,POINT(-50.08172 -27.91572)
1814984110,81743631-1b20-30ff-a6cf-f91581cd912b,-46.13549,-23.19863,2026-04-21 17:05:00+00:00,2026-04-21,NOAA-21,IGARATÁ,SÃO PAULO,Brasil,,,,Mata Atlântica,33,35,3520202,8,,219_076,5.8,POINT(-46.13549 -23.19863)
1814984076,d31e1215-867f-38ee-93bd-70ed3d7d7593,-48.42796,-24.11911,2026-04-21 17:05:00+00:00,2026-04-21,NOAA-21,CAPÃO BONITO,SÃO PAULO,Brasil,,,,Mata Atlântica,33,35,3510203,8,,220_077,3.4,POINT(-48.42796 -24.11911)
1814981824,76610e2e-14ab-3d6a-abf9-f8ab03b3c351,-46.25465,-23.71985,2026-04-21 17:05:00+00:00,2026-04-21,NOAA-21,MOGI DAS CRUZES,SÃO PAULO,Brasil,,,,Mata Atlântica,33,35,3530607,8,,219_076,1.8,POINT(-46.25465 -23.71985)
1814984033,e0481460-21f0-3a66-9fc9-d93b6e60bbb2,-48.82079,-24.19649,2026-04-21 17:05:00+00:00,2026-04-21,NOAA-21,RIBEIRÃO BRANCO,SÃO PAULO,Brasil,,,,Mata Atlântica,33,35,3543006,8,,220_077,3.4,POINT(-48.82079 -24.19649)
1814985076,bc55cdc8-2290-3a71-a18f-7b1021ff38d1,-51.42213,-23.5484,2026-04-21 17:05:00+00:00,2026-04-21,NOAA-21,APUCARANA,PARANÁ,Brasil,,,,Mata Atlântica,33,41,4101408,8,,222_076,2.8,POINT(-51.42213 -23.5484)
1814984000,5446d6a9-6fe6-3e3a-a819-06139747b61a,-51.92118,-23.1203,2026-04-21 17:05:00+00:00,2026-04-21,NOAA-21,FLÓRIDA,PARANÁ,Brasil,,,,Mata Atlântica,33,41,4108106,8,,222_076,13.5,POINT(-51.92118 -23.1203)
1814982819,651bbf50-8ed6-331e-ace7-b219c24479d5,-45.51216,-23.42572,2026-04-21 17:05:00+00:00,2026-04-21,NOAA-21,NATIVIDADE DA SERRA,SÃO PAULO,Brasil,,,,Mata Atlântica,33,35,3532306,8,,218_076,2.5,POINT(-45.51216 -23.42572)
1814983898,e7989279-4b7d-3509-961e-14375b704e0c,-47.7743,-23.74763,2026-04-21 17:05:00+00:00,2026-04-21,NOAA-21,PILAR DO SUL,SÃO PAULO,Brasil,,,,Mata Atlântica,33,35,3537909,8,,220_076,5.5,POINT(-47.7743 -23.74763)
1814983858,a62ef068-9781-3aa7-a9e6-d79c62947100,-47.37228,-22.78054,2026-04-21 17:05:00+00:00,2026-04-21,NOAA-21,SANTA BÁRBARA D'OESTE,SÃO PAULO,Brasil,,,,Mata Atlântica,33,35,3545803,8,,220_076,5.0,POINT(-47.37228 -22.78054)
1814983716,d8ec7531-d7bb-3d42-bed1-f57f65fa335d,-51.31485,-23.61032,2026-04-21 17:05:00+00:00,2026-04-21,NOAA-21,APUCARANA,PARANÁ,Brasil,,,,Mata Atlântica,33,41,4101408,8,,222_076,11.6,POINT(-51.31485 -23.61032)
1814982161,80443295-8bd2-3865-ae14-488298d50328,-50.08347,-23.88541,2026-04-21 17:05:00+00:00,2026-04-21,NOAA-21,PINHALÃO,PARANÁ,Brasil,,,,Mata Atlântica,33,41,4119202,8,,221_077,3.7,POINT(-50.08347 -23.88541)
1814982059,d76eaf0e-ff13-3933-8bfd-3328c9ee6fb1,-51.92176,-23.11698,2026-04-21 17:05:00+00:00,2026-04-21,NOAA-21,FLÓRIDA,PARANÁ,Brasil,,,,Mata Atlântica,33,41,4108106,8,,222_076,13.5,POINT(-51.92176 -23.11698)
1814982012,c739e6b2-aa02-3cec-855d-add42fbf95fe,-51.14662,-25.09659,2026-04-21 17:05:00+00:00,2026-04-21,NOAA-21,PRUDENTÓPOLIS,PARANÁ,Brasil,,,,Mata Atlântica,33,41,4120606,8,,222_077,45.6,POINT(-51.14662 -25.09659)
1814982858,e5cba11e-ca93-3f51-a668-52f81142a49e,-49.30041,-23.90627,2026-04-21 17:05:00+00:00,2026-04-21,NOAA-21,ITARARÉ,SÃO PAULO,Brasil,,,,Cerrado,33,35,3523206,8,,221_077,4.6,POINT(-49.30041 -23.90627)
1814982179,d499b09d-cbe6-3460-aa4f-57aea5d1fcfb,-49.27409,-24.91228,2026-04-21 17:05:00+00:00,2026-04-21,NOAA-21,CERRO AZUL,PARANÁ,Brasil,,,,Mata Atlântica,33,41,4105201,8,,220_077,3.5,POINT(-49.27409 -24.91228)
1814982805,0a380ab7-33ff-3def-9c55-0455c6b7fa52,-49.31567,-24.84464,2026-04-21 17:05:00+00:00,2026-04-21,NOAA-21,CERRO AZUL,PARANÁ,Brasil,,,,Mata Atlântica,33,41,4105201,8,,221_077,3.0,POINT(-49.31567 -24.84464)
1814982072,dbedb1a0-ff4b-35e8-b8ed-f7ee43b9550a,-52.02577,-24.81486,2026-04-21 17:05:00+00:00,2026-04-21,NOAA-21,SANTA MARIA DO OESTE,PARANÁ,Brasil,,,,Mata Atlântica,33,41,4123857,8,,222_077,6.0,POINT(-52.02577 -24.81486)
1814982893,1fce94b9-5504-3cda-8594-bf6480e028d0,-47.18469,-23.64024,2026-04-21 17:05:00+00:00,2026-04-21,NOAA-21,IBIÚNA,SÃO PAULO,Brasil,,,,Mata Atlântica,33,35,3519709,8,,219_076,9.3,POINT(-47.18469 -23.64024)
1814982079,e2a901b9-6aa8-3494-bff9-0af412f17ee8,-40.06042,-19.59389,2026-04-21 17:05:00+00:00,2026-04-21,NOAA-21,ARACRUZ,ESPÍRITO SANTO,Brasil,,,,Mata Atlântica,33,32,3200607,8,,215_074,4.9,POINT(-40.06042 -19.59389)
1814983713,ececc9c8-be84-32fb-9e24-551f3a0a262a,-45.50473,-22.95278,2026-04-21 17:05:00+00:00,2026-04-21,NOAA-21,PINDAMONHANGABA,SÃO PAULO,Brasil,,,,Mata Atlântica,33,35,3538006,8,,218_076,3.8,POINT(-45.50473 -22.95278)
1814981873,8e912a15-0b78-3d98-bcb7-8f1a967ad82a,-50.04107,-24.46773,2026-04-21 17:05:00+00:00,2026-04-21,NOAA-21,PIRAÍ DO SUL,PARANÁ,Brasil,,,,Cerrado,33,41,4119400,8,,221_077,142.1,POINT(-50.04107 -24.46773)
1814983376,22c91b50-4dfe-3247-ac7f-13f0cae40e21,-50.87445,-24.0666,2026-04-21 17:05:00+00:00,2026-04-21,NOAA-21,ORTIGUEIRA,PARANÁ,Brasil,,,,Mata Atlântica,33,41,4117305,8,,222_077,3.2,POINT(-50.87445 -24.0666)
1814983004,9053a4b4-477d-3b9d-b73b-f9a5839bcf8f,-51.1863,-25.13651,2026-04-21 17:05:00+00:00,2026-04-21,NOAA-21,PRUDENTÓPOLIS,PARANÁ,Brasil,,,,Mata Atlântica,33,41,4120606,8,,222_077,3.4,POINT(-51.1863 -25.13651)
1814984696,fa699bcd-3503-3596-a023-321af010e467,-50.21584,-23.71937,2026-04-21 17:05:00+00:00,2026-04-21,NOAA-21,IBAITI,PARANÁ,Brasil,,,,Mata Atlântica,33,41,4109708,8,,221_076,5.5,POINT(-50.21584 -23.71937)
1814983523,76e1d65b-8103-3fa0-ac29-0b9c612b2605,-51.99032,-24.76641,2026-04-21 17:05:00+00:00,2026-04-21,NOAA-21,PITANGA,PARANÁ,Brasil,,,,Mata Atlântica,33,41,4119608,8,,222_077,2.9,POINT(-51.99032 -24.76641)
1814981951,708892d8-075e-3c63-917f-3235a55720e4,-52.03412,-24.95551,2026-04-21 17:05:00+00:00,2026-04-21,NOAA-21,SANTA MARIA DO OESTE,PARANÁ,Brasil,,,,Mata Atlântica,33,41,4123857,8,,222_077,9.2,POINT(-52.03412 -24.95551)
1814983055,194ef33c-ede5-307d-a025-fabbbabe08d6,-49.6307,-24.96092,2026-04-21 17:05:00+00:00,2026-04-21,NOAA-21,CASTRO,PARANÁ,Brasil,,,,Mata Atlântica,33,41,4104907,8,,221_077,130.6,POINT(-49.6307 -24.96092)
1814981882,74d9a6ad-c02e-37b2-bfe9-35a51a2b124f,-52.0252,-24.8182,2026-04-21 17:05:00+00:00,2026-04-21,NOAA-21,SANTA MARIA DO OESTE,PARANÁ,Brasil,,,,Mata Atlântica,33,41,4123857,8,,222_077,6.0,POINT(-52.0252 -24.8182)
1814984757,bd7f99a7-67ad-382f-bb68-ff68a7a16816,-50.08109,-27.91902,2026-04-21 17:05:00+00:00,2026-04-21,NOAA-21,PAINEL,SANTA CATARINA,Brasil,,,,Mata Atlântica,33,42,4211892,8,,221_079,3.8,POINT(-50.08109 -27.91902)
1814982340,3c32982c-7c07-3649-8071-f23e84452770,-52.03475,-24.80929,2026-04-21 17:05:00+00:00,2026-04-21,NOAA-21,SANTA MARIA DO OESTE,PARANÁ,Brasil,,,,Mata Atlântica,33,41,4123857,8,,222_077,2.9,POINT(-52.03475 -24.80929)
1814983397,8660ebda-623c-35d0-b858-d12b3e55467e,-49.99958,-21.76027,2026-04-21 17:05:00+00:00,2026-04-21,NOAA-21,GETULINA,SÃO PAULO,Brasil,,,,Mata Atlântica,33,35,3517000,8,,221_075,9.8,POINT(-49.99958 -21.76027)
1814984939,ffc45218-df8d-3f79-8e82-d872a20c07bd,-42.35918,-22.7641,2026-04-21 17:05:00+00:00,2026-04-21,NOAA-21,ARARUAMA,RIO DE JANEIRO,Brasil,,,,Mata Atlântica,33,33,3300209,8,,216_076,6.0,POINT(-42.35918 -22.7641)
1814983394,cda91067-a729-3515-94b1-de71d5e8855c,-43.93531,-22.09352,2026-04-21 17:05:00+00:00,2026-04-21,NOAA-21,RIO PRETO,MINAS GERAIS,Brasil,,,,Mata Atlântica,33,31,3155900,8,,217_075,10.2,POINT(-43.93531 -22.09352)
1814982444,a4bbfed4-183e-3bc3-8ce7-8b653991ca65,-49.96839,-26.74925,2026-04-21 17:07:00+00:00,2026-04-21,NOAA-21,SANTA TEREZINHA,SANTA CATARINA,Brasil,,,,Mata Atlântica,33,42,4215679,8,,221_078,4.4,POINT(-49.96839 -26.74925)
1814981845,76aaa850-d2d4-3642-b3b2-d03432026b28,-41.98226,-18.99576,2026-04-21 17:07:00+00:00,2026-04-21,NOAA-21,ALPERCATA,MINAS GERAIS,Brasil,,,,Mata Atlântica,33,31,3101805,8,,217_073,11.4,POINT(-41.98226 -18.99576)
1814981860,e2054755-8cfd-364d-b896-4931012c3f99,-45.33508,-13.95165,2026-04-21 17:07:00+00:00,2026-04-21,NOAA-21,JABORANDI,BAHIA,Brasil,,,,Cerrado,33,29,2917359,8,,220_070,5.2,POINT(-45.33508 -13.95165)
1814981870,2d41cd3a-b066-36bc-98ef-440578d76123,-45.33649,-13.3907,2026-04-21 17:07:00+00:00,2026-04-21,NOAA-21,CORRENTINA,BAHIA,Brasil,,,,Cerrado,33,29,2909307,8,,220_069,69.0,POINT(-45.33649 -13.3907)
1814981903,a85e05db-3760-32a6-9050-45a6d1f05a2d,-56.1269,-15.40279,2026-04-21 17:07:00+00:00,2026-04-21,NOAA-21,CUIABÁ,MATO GROSSO,Brasil,,,,Cerrado,33,51,5103403,8,,226_071,4.6,POINT(-56.1269 -15.40279)
1814981921,bc6b40b6-bbfa-3ab1-8f44-ea6fdf532144,-50.07248,-25.17677,2026-04-21 17:07:00+00:00,2026-04-21,NOAA-21,PONTA GROSSA,PARANÁ,Brasil,,,,Mata Atlântica,33,41,4119905,8,,221_077,8.1,POINT(-50.07248 -25.17677)
1814981956,a5e201a3-f684-3312-b184-d37776b414aa,-51.06514,-27.05007,2026-04-21 17:07:00+00:00,2026-04-21,NOAA-21,VIDEIRA,SANTA CATARINA,Brasil,,,,Mata Atlântica,33,42,4219309,8,,221_079,6.0,POINT(-51.06514 -27.05007)
1814981966,7b2083e2-5816-3989-87e3-58982ec84752,-54.48233,-16.14752,2026-04-21 17:07:00+00:00,2026-04-21,NOAA-21,RONDONÓPOLIS,MATO GROSSO,Brasil,,,,Cerrado,33,51,5107602,8,,225_071,3.4,POINT(-54.48233 -16.14752)
1814982008,11cf44a5-e329-3b16-8f86-f34c786c1bbc,-52.11936,-16.26824,2026-04-21 17:07:00+00:00,2026-04-21,NOAA-21,BOM JARDIM DE GOIÁS,GOIÁS,Brasil,,,,Cerrado,33,52,5203401,8,,224_071,4.4,POINT(-52.11936 -16.26824)
1814982014,62fab6d4-3952-3ad7-a5b7-cf1b2dee0f7a,-45.34991,-13.96457,2026-04-21 17:07:00+00:00,2026-04-21,NOAA-21,JABORANDI,BAHIA,Brasil,,,,Cerrado,33,29,2917359,8,,220_070,10.6,POINT(-45.34991 -13.96457)
1814982025,1f13c91d-5c0e-3db2-a88e-e443703b324f,-40.85798,-12.12766,2026-04-21 17:07:00+00:00,2026-04-21,NOAA-21,RUY BARBOSA,BAHIA,Brasil,,,,Caatinga,33,29,2927200,8,,217_068,12.1,POINT(-40.85798 -12.12766)
1814982040,b7d12742-2cf6-3a4a-a309-5980c7d337b7,-49.33548,-20.73961,2026-04-21 17:07:00+00:00,2026-04-21,NOAA-21,SÃO JOSÉ DO RIO PRETO,SÃO PAULO,Brasil,,,,Mata Atlântica,33,35,3549805,8,,221_074,5.5,POINT(-49.33548 -20.73961)
1814982066,0c779025-b2a2-3c2f-94a0-8a2bc5c43927,-41.30623,-12.10553,2026-04-21 17:07:00+00:00,2026-04-21,NOAA-21,BONITO,BAHIA,Brasil,,,,Caatinga,33,29,2904050,8,,217_068,8.2,POINT(-41.30623 -12.10553)
1814982081,f7e7896e-10a7-383d-9bc9-2a6cb0eebd1e,-45.3643,-19.14352,2026-04-21 17:07:00+00:00,2026-04-21,NOAA-21,ABAETÉ,MINAS GERAIS,Brasil,,,,Cerrado,33,31,3100203,8,,219_073,1.5,POINT(-45.3643 -19.14352)
1814982118,2ddd5b48-7957-390b-87f1-f2fb9fcdf47c,-40.01756,-18.30976,2026-04-21 17:07:00+00:00,2026-04-21,NOAA-21,PINHEIROS,ESPÍRITO SANTO,Brasil,,,,Mata Atlântica,33,32,3204104,8,,216_073,5.1,POINT(-40.01756 -18.30976)
1814982125,d4032ce6-a569-3249-9a8d-93a0d5a29c11,-50.99176,-27.36859,2026-04-21 17:07:00+00:00,2026-04-21,NOAA-21,CAMPOS NOVOS,SANTA CATARINA,Brasil,,,,Mata Atlântica,33,42,4203600,8,,221_079,2.4,POINT(-50.99176 -27.36859)
1814982138,bd401f34-a9de-3b50-860a-8fdab59629dc,-50.02338,-26.88004,2026-04-21 17:07:00+00:00,2026-04-21,NOAA-21,RIO DO CAMPO,SANTA CATARINA,Brasil,,,,Mata Atlântica,33,42,4214508,8,,221_079,2.7,POINT(-50.02338 -26.88004)
1814982142,cfcc6b41-ab67-3ac0-8339-8aa5f638f4b0,-49.77075,-19.69665,2026-04-21 17:07:00+00:00,2026-04-21,NOAA-21,SÃO FRANCISCO DE SALES,MINAS GERAIS,Brasil,,,,Cerrado,33,31,3161304,8,,222_074,8.8,POINT(-49.77075 -19.69665)
1814982143,fcba40f5-00c3-3a30-95f1-ae0d0af3c88d,-45.33177,-13.38474,2026-04-21 17:07:00+00:00,2026-04-21,NOAA-21,CORRENTINA,BAHIA,Brasil,,,,Cerrado,33,29,2909307,8,,220_069,34.7,POINT(-45.33177 -13.38474)
1814982163,8c17b608-a935-3ff0-899e-2e07cf779126,-42.42771,-15.92189,2026-04-21 17:07:00+00:00,2026-04-21,NOAA-21,NOVORIZONTE,MINAS GERAIS,Brasil,,,,Cerrado,33,31,3145372,8,,217_071,10.4,POINT(-42.42771 -15.92189)
1814982212,670ecd7d-cba1-3ddc-aece-565bfb458ae6,-44.19266,-18.12151,2026-04-21 17:07:00+00:00,2026-04-21,NOAA-21,AUGUSTO DE LIMA,MINAS GERAIS,Brasil,,,,Cerrado,33,31,3104809,8,,218_073,12.9,POINT(-44.19266 -18.12151)
1814982236,81ead48c-4c69-3ed1-8f52-c717b01a1f51,-39.51252,-14.01022,2026-04-21 17:07:00+00:00,2026-04-21,NOAA-21,UBATÃ,BAHIA,Brasil,,,,Mata Atlântica,33,29,2932309,8,,216_070,5.4,POINT(-39.51252 -14.01022)
1814982314,7a5f2829-032a-39f9-a63a-a777f9acd90a,-49.65383,-25.86274,2026-04-21 17:07:00+00:00,2026-04-21,NOAA-21,LAPA,PARANÁ,Brasil,,,,Mata Atlântica,33,41,4113205,8,,221_078,4.1,POINT(-49.65383 -25.86274)
1814982320,6229cb09-4aaf-338d-bd79-30fff23d5fbd,-56.26813,-15.49912,2026-04-21 17:07:00+00:00,2026-04-21,NOAA-21,VÁRZEA GRANDE,MATO GROSSO,Brasil,,,,Cerrado,33,51,5108402,8,,226_071,4.8,POINT(-56.26813 -15.49912)
1814982322,bc4dd2f1-4b9e-3f84-ac6c-ff93b515d8b0,-56.12495,-15.44622,2026-04-21 17:07:00+00:00,2026-04-21,NOAA-21,CUIABÁ,MATO GROSSO,Brasil,,,,Cerrado,33,51,5103403,8,,226_071,4.6,POINT(-56.12495 -15.44622)
1814982363,1a37fcad-dd1e-3468-8595-7689741368a3,-46.1671,-20.32343,2026-04-21 17:07:00+00:00,2026-04-21,NOAA-21,SÃO ROQUE DE MINAS,MINAS GERAIS,Brasil,,,,Cerrado,33,31,3164308,8,,219_074,2.0,POINT(-46.1671 -20.32343)
1814982367,3d26f98f-e005-369c-a9e4-f2786e171f21,-47.8765,-16.37239,2026-04-21 17:07:00+00:00,2026-04-21,NOAA-21,LUZIÂNIA,GOIÁS,Brasil,,,,Cerrado,33,52,5212501,8,,221_071,8.0,POINT(-47.8765 -16.37239)
1814982368,5c06ca46-fdd8-3502-89f0-f30b204ac4ce,-49.58895,-27.00313,2026-04-21 17:07:00+00:00,2026-04-21,NOAA-21,JOSÉ BOITEUX,SANTA CATARINA,Brasil,,,,Mata Atlântica,33,42,4209151,8,,220_079,5.0,POINT(-49.58895 -27.00313)
1814982381,cbaaf225-f296-3ac0-b89f-bebd4e4d5700,-42.08488,-13.87192,2026-04-21 17:07:00+00:00,2026-04-21,NOAA-21,LIVRAMENTO DE NOSSA SENHORA,BAHIA,Brasil,,,,Caatinga,33,29,2919504,8,,217_070,7.1,POINT(-42.08488 -13.87192)
1814982412,436121e1-a93a-3efb-8b15-c9b0bd29b5dd,-47.37654,-13.91615,2026-04-21 17:07:00+00:00,2026-04-21,NOAA-21,CAVALCANTE,GOIÁS,Brasil,,,,Cerrado,33,52,5205307,8,,221_070,17.7,POINT(-47.37654 -13.91615)
1814982511,6e16e2b5-2d42-3fef-8619-21694bdfc0bf,-45.33746,-13.3858,2026-04-21 17:07:00+00:00,2026-04-21,NOAA-21,CORRENTINA,BAHIA,Brasil,,,,Cerrado,33,29,2909307,8,,220_069,69.0,POINT(-45.33746 -13.3858)
1814982526,83517321-1187-3be4-b8de-59d08ef3c223,-45.35278,-13.96196,2026-04-21 17:07:00+00:00,2026-04-21,NOAA-21,JABORANDI,BAHIA,Brasil,,,,Cerrado,33,29,2917359,8,,220_070,21.2,POINT(-45.35278 -13.96196)
1814982531,684a2396-250b-3cea-bcb1-4290f35cbc32,-48.49346,-15.25782,2026-04-21 17:07:00+00:00,2026-04-21,NOAA-21,PADRE BERNARDO,GOIÁS,Brasil,,,,Cerrado,33,52,5215603,8,,221_071,13.6,POINT(-48.49346 -15.25782)
1814982538,37c23f60-8938-3858-a634-57d7cf35fa28,-45.33798,-13.94917,2026-04-21 17:07:00+00:00,2026-04-21,NOAA-21,JABORANDI,BAHIA,Brasil,,,,Cerrado,33,29,2917359,8,,220_070,11.2,POINT(-45.33798 -13.94917)
1814982569,f1891ecb-6def-335d-a5fc-33c864f437bd,-39.10469,-15.96272,2026-04-21 17:07:00+00:00,2026-04-21,NOAA-21,BELMONTE,BAHIA,Brasil,,,,Mata Atlântica,33,29,2903409,8,,215_071,16.9,POINT(-39.10469 -15.96272)
1814982574,a82c49f6-51fc-358d-8d1e-769e729325aa,-54.9213,-16.43058,2026-04-21 17:07:00+00:00,2026-04-21,NOAA-21,RONDONÓPOLIS,MATO GROSSO,Brasil,,,,Cerrado,33,51,5107602,8,,225_071,6.4,POINT(-54.9213 -16.43058)
1814982596,225a1394-f729-30a0-ae68-d9424ef15ff1,-42.36427,-15.70938,2026-04-21 17:07:00+00:00,2026-04-21,NOAA-21,RIO PARDO DE MINAS,MINAS GERAIS,Brasil,,,,Cerrado,33,31,3155603,8,,217_071,9.6,POINT(-42.36427 -15.70938)
1814982608,2f287ff4-dad8-34f9-aec9-818c24c2cf7d,-39.11289,-15.95739,2026-04-21 17:07:00+00:00,2026-04-21,NOAA-21,BELMONTE,BAHIA,Brasil,,,,Mata Atlântica,33,29,2903409,8,,215_071,3.8,POINT(-39.11289 -15.95739)
1814982613,538f7b58-0c94-33e9-8baf-941df77e15eb,-45.33844,-13.38089,2026-04-21 17:07:00+00:00,2026-04-21,NOAA-21,CORRENTINA,BAHIA,Brasil,,,,Cerrado,33,29,2909307,8,,220_069,52.5,POINT(-45.33844 -13.38089)
1814982626,1086c7f3-d378-3748-8502-0db797147c12,-50.57346,-27.42229,2026-04-21 17:07:00+00:00,2026-04-21,NOAA-21,CURITIBANOS,SANTA CATARINA,Brasil,,,,Mata Atlântica,33,42,4204806,8,,221_079,7.3,POINT(-50.57346 -27.42229)
1814982681,aecef95d-3373-318f-a241-09d0d205c4d6,-45.35542,-13.96563,2026-04-21 17:07:00+00:00,2026-04-21,NOAA-21,JABORANDI,BAHIA,Brasil,,,,Cerrado,33,29,2917359,8,,220_070,10.6,POINT(-45.35542 -13.96563)
1814982700,d0b9ccd1-94d8-3d95-b166-de8a994d429c,-50.6026,-26.42469,2026-04-21 17:07:00+00:00,2026-04-21,NOAA-21,CANOINHAS,SANTA CATARINA,Brasil,,,,Mata Atlântica,33,42,4203808,8,,221_078,2.4,POINT(-50.6026 -26.42469)
1814982737,2351481f-9b05-3168-b734-c208b93c5625,-49.42563,-25.11154,2026-04-21 17:07:00+00:00,2026-04-21,NOAA-21,RIO BRANCO DO SUL,PARANÁ,Brasil,,,,Mata Atlântica,33,41,4122206,8,,221_077,2.5,POINT(-49.42563 -25.11154)
1814982768,5cc1c002-d239-3731-bb6d-fa15e7d2a222,-42.97997,-13.58601,2026-04-21 17:07:00+00:00,2026-04-21,NOAA-21,RIACHO DE SANTANA,BAHIA,Brasil,,,,Caatinga,33,29,2926400,8,,218_069,39.2,POINT(-42.97997 -13.58601)
1814982781,1bc3a732-f8be-3f52-b7d7-1268b05003f3,-43.50803,-16.56678,2026-04-21 17:07:00+00:00,2026-04-21,NOAA-21,FRANCISCO SÁ,MINAS GERAIS,Brasil,,,,Cerrado,33,31,3126703,8,,218_071,2.8,POINT(-43.50803 -16.56678)
1814982785,178a05b2-1224-3ff0-971a-0c59c9ddca4f,-40.86419,-12.12895,2026-04-21 17:07:00+00:00,2026-04-21,NOAA-21,RUY BARBOSA,BAHIA,Brasil,,,,Caatinga,33,29,2927200,8,,217_068,9.9,POINT(-40.86419 -12.12895)
1814982857,09c1c5b9-ad02-3709-b056-184b34165e90,-47.34475,-20.2394,2026-04-21 17:07:00+00:00,2026-04-21,NOAA-21,PEDREGULHO,SÃO PAULO,Brasil,,,,Cerrado,33,35,3537008,8,,220_074,8.6,POINT(-47.34475 -20.2394)
1814982937,efa0aa60-0696-3413-a4eb-d045684fd6d5,-50.48819,-26.82867,2026-04-21 17:07:00+00:00,2026-04-21,NOAA-21,SANTA CECÍLIA,SANTA CATARINA,Brasil,,,,Mata Atlântica,33,42,4215505,8,,221_079,9.6,POINT(-50.48819 -26.82867)
1814983007,66a5d3cd-535e-3c7b-bcf4-87b040ee10eb,-49.65768,-25.86336,2026-04-21 17:07:00+00:00,2026-04-21,NOAA-21,LAPA,PARANÁ,Brasil,,,,Mata Atlântica,33,41,4113205,8,,221_078,5.7,POINT(-49.65768 -25.86336)
1814983144,20b54236-915c-352e-b693-d4da788f0663,-45.35835,-13.96299,2026-04-21 17:07:00+00:00,2026-04-21,NOAA-21,JABORANDI,BAHIA,Brasil,,,,Cerrado,33,29,2917359,8,,220_070,11.7,POINT(-45.35835 -13.96299)
1814983203,b5918bfc-a974-368f-b7cf-dffddfa0ead3,-49.28182,-17.04589,2026-04-21 17:07:00+00:00,2026-04-21,NOAA-21,HIDROLÂNDIA,GOIÁS,Brasil,,,,Cerrado,33,52,5209705,8,,222_072,4.7,POINT(-49.28182 -17.04589)
1814983237,e8425614-2036-334a-b706-9233d11f7266,-43.84517,-15.53532,2026-04-21 17:07:00+00:00,2026-04-21,NOAA-21,VARZELÂNDIA,MINAS GERAIS,Brasil,,,,Caatinga,33,31,3170909,8,,218_071,15.2,POINT(-43.84517 -15.53532)
1814983255,0f4af503-251a-39b7-9435-717702333845,-56.67937,-15.75412,2026-04-21 17:07:00+00:00,2026-04-21,NOAA-21,NOSSA SENHORA DO LIVRAMENTO,MATO GROSSO,Brasil,,,,Cerrado,33,51,5106109,8,,227_071,9.2,POINT(-56.67937 -15.75412)
1814983257,de533821-60c2-323a-95b2-4263deb4d145,-49.5851,-27.00253,2026-04-21 17:07:00+00:00,2026-04-21,NOAA-21,IBIRAMA,SANTA CATARINA,Brasil,,,,Mata Atlântica,33,42,4206900,8,,220_079,5.0,POINT(-49.5851 -27.00253)
1814983264,a2733c59-1bf3-357b-b5be-2f9c5b84e2cd,-46.83367,-17.167,2026-04-21 17:07:00+00:00,2026-04-21,NOAA-21,PARACATU,MINAS GERAIS,Brasil,,,,Cerrado,33,31,3147006,8,,220_072,7.2,POINT(-46.83367 -17.167)
1814983275,c33e265e-7829-33fd-8920-e7d21784a5eb,-39.71667,-15.01156,2026-04-21 17:07:00+00:00,2026-04-21,NOAA-21,ITAJU DO COLÔNIA,BAHIA,Brasil,,,,Mata Atlântica,33,29,2915403,8,,216_070,10.2,POINT(-39.71667 -15.01156)
1814983329,539c72b2-9669-3e9c-8f0b-bd1fcc23c8a6,-44.238,-15.71199,2026-04-21 17:07:00+00:00,2026-04-21,NOAA-21,IBIRACATU,MINAS GERAIS,Brasil,,,,Cerrado,33,31,3129657,8,,219_071,2.8,POINT(-44.238 -15.71199)
1814983405,e9cb3626-a3a2-33f5-bbd4-dac084624852,-49.43316,-19.36377,2026-04-21 17:07:00+00:00,2026-04-21,NOAA-21,CAMPINA VERDE,MINAS GERAIS,Brasil,,,,Cerrado,33,31,3111101,8,,221_073,0.3,POINT(-49.43316 -19.36377)
1814983409,dd137334-6893-39fa-80e7-18ac3aee9828,-50.25231,-27.49641,2026-04-21 17:07:00+00:00,2026-04-21,NOAA-21,PALMEIRA,SANTA CATARINA,Brasil,,,,Mata Atlântica,33,42,4212056,8,,221_079,5.7,POINT(-50.25231 -27.49641)
1814983461,8934e2b5-3e68-35a7-8142-f18e8c0abf3e,-53.36111,-19.39131,2026-04-21 17:07:00+00:00,2026-04-21,NOAA-21,PARAÍSO DAS ÁGUAS,MATO GROSSO DO SUL,Brasil,,,,Cerrado,33,50,5006275,8,,224_073,4.6,POINT(-53.36111 -19.39131)
1814983466,26dff3bf-d3c8-388e-a9ec-d0c608fbae11,-46.03912,-17.4893,2026-04-21 17:07:00+00:00,2026-04-21,NOAA-21,JOÃO PINHEIRO,MINAS GERAIS,Brasil,,,,Cerrado,33,31,3136306,8,,220_072,10.0,POINT(-46.03912 -17.4893)
1814983467,506f0502-7374-3388-bd0d-2958318f5642,-46.25628,-20.1103,2026-04-21 17:07:00+00:00,2026-04-21,NOAA-21,MEDEIROS,MINAS GERAIS,Brasil,,,,Cerrado,33,31,3141306,8,,219_074,2.8,POINT(-46.25628 -20.1103)
1814983492,6557dba9-2b3a-3d73-906b-858712820447,-56.12546,-15.44265,2026-04-21 17:07:00+00:00,2026-04-21,NOAA-21,CUIABÁ,MATO GROSSO,Brasil,,,,Cerrado,33,51,5103403,8,,226_071,3.2,POINT(-56.12546 -15.44265)
1814983499,cac262a0-ea12-36e1-8b11-0f1a35abcb26,-54.92629,-16.42428,2026-04-21 17:07:00+00:00,2026-04-21,NOAA-21,RONDONÓPOLIS,MATO GROSSO,Brasil,,,,Cerrado,33,51,5107602,8,,225_071,6.0,POINT(-54.92629 -16.42428)
1814983504,ba2cf51a-5b12-334f-9952-d26f08e714a0,-45.53671,-18.95813,2026-04-21 17:07:00+00:00,2026-04-21,NOAA-21,PAINEIRAS,MINAS GERAIS,Brasil,,,,Cerrado,33,31,3146404,8,,219_073,3.9,POINT(-45.53671 -18.95813)
1814983508,8c28c0dd-fe5d-35ef-99ab-7cbc80afe079,-49.59302,-20.03706,2026-04-21 17:07:00+00:00,2026-04-21,NOAA-21,RIOLÂNDIA,SÃO PAULO,Brasil,,,,Mata Atlântica,33,35,3544202,8,,221_074,5.1,POINT(-49.59302 -20.03706)
1814983518,39ff4c2e-a526-319a-8674-83b7d615d305,-45.33578,-13.39235,2026-04-21 17:07:00+00:00,2026-04-21,NOAA-21,CORRENTINA,BAHIA,Brasil,,,,Cerrado,33,29,2909307,8,,220_069,31.9,POINT(-45.33578 -13.39235)
1814983589,1de69d04-d8bf-364a-abb7-e024126546a5,-50.83801,-27.39721,2026-04-21 17:07:00+00:00,2026-04-21,NOAA-21,BRUNÓPOLIS,SANTA CATARINA,Brasil,,,,Mata Atlântica,33,42,4202875,8,,221_079,3.4,POINT(-50.83801 -27.39721)
1814983652,dc5c343e-bc2c-3d96-b614-d4ae8f2565e5,-43.01552,-12.91964,2026-04-21 17:07:00+00:00,2026-04-21,NOAA-21,PARATINGA,BAHIA,Brasil,,,,Caatinga,33,29,2923704,8,,218_069,4.7,POINT(-43.01552 -12.91964)
1814983745,71ae5432-b92a-33ae-ad29-b24ee68e64d6,-45.35632,-13.96077,2026-04-21 17:07:00+00:00,2026-04-21,NOAA-21,JABORANDI,BAHIA,Brasil,,,,Cerrado,33,29,2917359,8,,220_070,10.6,POINT(-45.35632 -13.96077)
1814983807,d80153b3-e5f9-3cbc-bf79-a22a45dc02a8,-41.17612,-12.62467,2026-04-21 17:07:00+00:00,2026-04-21,NOAA-21,ANDARAÍ,BAHIA,Brasil,,,,Caatinga,33,29,2901304,8,,217_069,5.2,POINT(-41.17612 -12.62467)
1814983980,6a9ec4c0-c417-3598-88e9-6f9a68f5f9b2,-51.08844,-27.41343,2026-04-21 17:07:00+00:00,2026-04-21,NOAA-21,CAMPOS NOVOS,SANTA CATARINA,Brasil,,,,Mata Atlântica,33,42,4203600,8,,221_079,2.5,POINT(-51.08844 -27.41343)
1814984005,6b87a3f7-9d27-3abe-adb4-b4c805d2d48e,-50.57964,-26.69984,2026-04-21 17:07:00+00:00,2026-04-21,NOAA-21,TIMBÓ GRANDE,SANTA CATARINA,Brasil,,,,Mata Atlântica,33,42,4218251,8,,221_079,27.1,POINT(-50.57964 -26.69984)
1814984029,67e15f59-6748-33e4-be31-47a9eb42cd93,-42.70071,-18.22692,2026-04-21 17:07:00+00:00,2026-04-21,NOAA-21,SÃO JOSÉ DO JACURI,MINAS GERAIS,Brasil,,,,Mata Atlântica,33,31,3163508,8,,217_073,2.6,POINT(-42.70071 -18.22692)
1814984092,00652a2a-07cb-34eb-9962-67d23f1849ec,-50.59656,-27.18796,2026-04-21 17:07:00+00:00,2026-04-21,NOAA-21,PONTE ALTA DO NORTE,SANTA CATARINA,Brasil,,,,Mata Atlântica,33,42,4213351,8,,221_079,44.2,POINT(-50.59656 -27.18796)
1814984104,5a52a0a4-c3af-3fef-a449-7165642a80c8,-50.37934,-26.96848,2026-04-21 17:07:00+00:00,2026-04-21,NOAA-21,SANTA CECÍLIA,SANTA CATARINA,Brasil,,,,Mata Atlântica,33,42,4215505,8,,221_079,2.4,POINT(-50.37934 -26.96848)
1814984118,c6332df6-07d0-34be-ac05-eac2ddec015c,-50.0763,-25.17737,2026-04-21 17:07:00+00:00,2026-04-21,NOAA-21,PONTA GROSSA,PARANÁ,Brasil,,,,Mata Atlântica,33,41,4119905,8,,221_077,8.1,POINT(-50.0763 -25.17737)
1814984191,5d7677fc-c80c-333e-adb8-2a4231efc8df,-47.87955,-16.37001,2026-04-21 17:07:00+00:00,2026-04-21,NOAA-21,LUZIÂNIA,GOIÁS,Brasil,,,,Cerrado,33,52,5212501,8,,221_071,5.6,POINT(-47.87955 -16.37001)
1814984251,f9271b2f-15be-3206-bf27-c615e48be050,-40.47521,-13.0313,2026-04-21 17:07:00+00:00,2026-04-21,NOAA-21,MARCIONÍLIO SOUZA,BAHIA,Brasil,,,,Caatinga,33,29,2920809,8,,217_069,12.8,POINT(-40.47521 -13.0313)
1814984257,8e3009ef-1b19-34d2-b12b-b14447ef4dfc,-43.60782,-13.02404,2026-04-21 17:07:00+00:00,2026-04-21,NOAA-21,SÍTIO DO MATO,BAHIA,Brasil,,,,Cerrado,33,29,2930758,8,,219_069,5.2,POINT(-43.60782 -13.02404)
1814984287,4f3a5db4-7638-34c5-89d0-1fdd5edcf07f,-50.46741,-27.49817,2026-04-21 17:07:00+00:00,2026-04-21,NOAA-21,CORREIA PINTO,SANTA CATARINA,Brasil,,,,Mata Atlântica,33,42,4204558,8,,221_079,4.8,POINT(-50.46741 -27.49817)
1814984313,fc3679d7-9a90-3651-83ae-11df5561322f,-51.67329,-21.25546,2026-04-21 17:07:00+00:00,2026-04-21,NOAA-21,SÃO JOÃO DO PAU D'ALHO,SÃO PAULO,Brasil,,,,Mata Atlântica,33,35,3549300,8,,223_075,3.9,POINT(-51.67329 -21.25546)
1814984324,0c68b7d7-d875-3c44-8407-63c43ca0bc31,-50.60106,-27.18523,2026-04-21 17:07:00+00:00,2026-04-21,NOAA-21,PONTE ALTA DO NORTE,SANTA CATARINA,Brasil,,,,Mata Atlântica,33,42,4213351,8,,221_079,44.2,POINT(-50.60106 -27.18523)
1814984388,51ebc94c-a2e7-363f-8783-cac31e8aac2f,-51.59953,-26.80505,2026-04-21 17:07:00+00:00,2026-04-21,NOAA-21,ÁGUA DOCE,SANTA CATARINA,Brasil,,,,Mata Atlântica,33,42,4200408,8,,222_079,2.0,POINT(-51.59953 -26.80505)
1814984394,19b8a9de-015a-3533-9c7a-815141a0b581,-48.84064,-24.99508,2026-04-21 17:07:00+00:00,2026-04-21,NOAA-21,TUNAS DO PARANÁ,PARANÁ,Brasil,,,,Mata Atlântica,33,41,4127882,8,,220_077,3.3,POINT(-48.84064 -24.99508)
1814984399,c446db73-704f-3aac-8c4d-c443f51d19cb,-51.67386,-21.25216,2026-04-21 17:07:00+00:00,2026-04-21,NOAA-21,SÃO JOÃO DO PAU D'ALHO,SÃO PAULO,Brasil,,,,Mata Atlântica,33,35,3549300,8,,223_075,3.9,POINT(-51.67386 -21.25216)
1814984443,7dc2ee19-9dab-3490-bade-b6c4bf90dcf2,-43.31638,-13.66198,2026-04-21 17:07:00+00:00,2026-04-21,NOAA-21,BOM JESUS DA LAPA,BAHIA,Brasil,,,,Caatinga,33,29,2903904,8,,218_070,1.1,POINT(-43.31638 -13.66198)
1814984470,ca397740-c72c-3924-8185-1e89fa13e8af,-42.64384,-13.75998,2026-04-21 17:07:00+00:00,2026-04-21,NOAA-21,IGAPORÃ,BAHIA,Brasil,,,,Caatinga,33,29,2913408,8,,218_070,3.2,POINT(-42.64384 -13.75998)
1814984598,c3173f38-8f2f-39d2-bb52-018f8b7c9573,-54.92183,-16.42715,2026-04-21 17:07:00+00:00,2026-04-21,NOAA-21,RONDONÓPOLIS,MATO GROSSO,Brasil,,,,Cerrado,33,51,5107602,8,,225_071,6.4,POINT(-54.92183 -16.42715)
1814984612,73ea7f07-b77c-3ea6-afc8-c2d401ece3e5,-45.93266,-19.71863,2026-04-21 17:07:00+00:00,2026-04-21,NOAA-21,CÓRREGO DANTA,MINAS GERAIS,Brasil,,,,Cerrado,33,31,3119807,8,,219_074,3.5,POINT(-45.93266 -19.71863)
1814984663,10645b27-aec8-36ab-88fe-a44bf7424d04,-47.37369,-13.92881,2026-04-21 17:07:00+00:00,2026-04-21,NOAA-21,CAVALCANTE,GOIÁS,Brasil,,,,Cerrado,33,52,5205307,8,,221_070,5.8,POINT(-47.37369 -13.92881)
1814984673,4742fac0-0895-34e5-9623-2b5550f2332b,-43.84193,-15.53467,2026-04-21 17:07:00+00:00,2026-04-21,NOAA-21,VARZELÂNDIA,MINAS GERAIS,Brasil,,,,Caatinga,33,31,3170909,8,,218_071,12.9,POINT(-43.84193 -15.53467)
1814984687,ab486c66-cd75-3f83-8f88-fecbfa1840d4,-44.56926,-16.31526,2026-04-21 17:07:00+00:00,2026-04-21,NOAA-21,BRASÍLIA DE MINAS,MINAS GERAIS,Brasil,,,,Cerrado,33,31,3108602,8,,219_071,6.6,POINT(-44.56926 -16.31526)
1814984712,cf58e828-b546-35ea-be9d-c2be3bf065e9,-41.30064,-14.13954,2026-04-21 17:07:00+00:00,2026-04-21,NOAA-21,TANHAÇU,BAHIA,Brasil,,,,Caatinga,33,29,2931004,8,,217_070,4.8,POINT(-41.30064 -14.13954)
1814984730,980b004b-1bff-349c-af05-635b6ee6ea53,-46.83366,-17.16578,2026-04-21 17:07:00+00:00,2026-04-21,NOAA-21,PARACATU,MINAS GERAIS,Brasil,,,,Cerrado,33,31,3147006,8,,220_072,6.5,POINT(-46.83366 -17.16578)
1814984758,35708df6-4c8e-3b06-b79c-104722a10bdd,-49.38979,-25.10921,2026-04-21 17:07:00+00:00,2026-04-21,NOAA-21,RIO BRANCO DO SUL,PARANÁ,Brasil,,,,Mata Atlântica,33,41,4122206,8,,221_077,3.0,POINT(-49.38979 -25.10921)
1814984780,2f0c91d2-1055-3fd9-b691-8c03745d7702,-47.37566,-13.92039,2026-04-21 17:07:00+00:00,2026-04-21,NOAA-21,CAVALCANTE,GOIÁS,Brasil,,,,Cerrado,33,52,5205307,8,,221_070,13.2,POINT(-47.37566 -13.92039)
1814984822,8193c192-c4b1-373b-9707-11d7f1c27e4c,-45.33079,-13.38964,2026-04-21 17:07:00+00:00,2026-04-21,NOAA-21,CORRENTINA,BAHIA,Brasil,,,,Cerrado,33,29,2909307,8,,220_069,34.7,POINT(-45.33079 -13.38964)
1814984851,28ff7664-349b-3b09-a7dd-5df45d687e6b,-50.38099,-25.37455,2026-04-21 17:07:00+00:00,2026-04-21,NOAA-21,TEIXEIRA SOARES,PARANÁ,Brasil,,,,Mata Atlântica,33,41,4127007,8,,221_078,6.7,POINT(-50.38099 -25.37455)
1814984854,3bc7c45f-4dfb-3ee2-9160-c77716fcd975,-42.98113,-13.58033,2026-04-21 17:07:00+00:00,2026-04-21,NOAA-21,RIACHO DE SANTANA,BAHIA,Brasil,,,,Caatinga,33,29,2926400,8,,218_069,4.9,POINT(-42.98113 -13.58033)
1814984861,e0c87800-cdfd-38f1-a5d0-1e2b3b1dd8d4,-50.74687,-27.58738,2026-04-21 17:07:00+00:00,2026-04-21,NOAA-21,SÃO JOSÉ DO CERRITO,SANTA CATARINA,Brasil,,,,Mata Atlântica,33,42,4216800,8,,221_079,2.1,POINT(-50.74687 -27.58738)
1814984890,7e059be9-cd92-3a2d-b915-2dc6569c9c3d,-47.37471,-13.92461,2026-04-21 17:07:00+00:00,2026-04-21,NOAA-21,CAVALCANTE,GOIÁS,Brasil,,,,Cerrado,33,52,5205307,8,,221_070,13.2,POINT(-47.37471 -13.92461)
1814984892,97fc4141-a2d1-3224-a478-559427c5159b,-44.19806,-18.12259,2026-04-21 17:07:00+00:00,2026-04-21,NOAA-21,AUGUSTO DE LIMA,MINAS GERAIS,Brasil,,,,Cerrado,33,31,3104809,8,,218_073,12.9,POINT(-44.19806 -18.12259)
1814984904,a880d9c9-2e67-3ddd-87ff-4879b8081602,-53.3406,-19.44901,2026-04-21 17:07:00+00:00,2026-04-21,NOAA-21,PARAÍSO DAS ÁGUAS,MATO GROSSO DO SUL,Brasil,,,,Cerrado,33,50,5006275,8,,224_073,6.7,POINT(-53.3406 -19.44901)
1814984926,4f11ff34-b357-3f66-89fb-4ece0d4c5b47,-47.87884,-16.37397,2026-04-21 17:07:00+00:00,2026-04-21,NOAA-21,LUZIÂNIA,GOIÁS,Brasil,,,,Cerrado,33,52,5212501,8,,221_071,5.6,POINT(-47.87884 -16.37397)
1814984970,56426c1f-aeef-3b74-a193-2cb730f41418,-49.25191,-25.72015,2026-04-21 17:07:00+00:00,2026-04-21,NOAA-21,FAZENDA RIO GRANDE,PARANÁ,Brasil,,,,Mata Atlântica,33,41,4107652,8,,220_078,3.8,POINT(-49.25191 -25.72015)
1814985032,e0e0b3a3-f3dc-374f-9e60-7b3ef9a2ab72,-42.20519,-15.72455,2026-04-21 17:07:00+00:00,2026-04-21,NOAA-21,INDAIABIRA,MINAS GERAIS,Brasil,,,,Cerrado,33,31,3130655,8,,217_071,6.2,POINT(-42.20519 -15.72455)
1814985070,f498374a-bc41-34fb-93a8-f51b6675b2d1,-50.21181,-26.97362,2026-04-21 17:07:00+00:00,2026-04-21,NOAA-21,RIO DO CAMPO,SANTA CATARINA,Brasil,,,,Mata Atlântica,33,42,4214508,8,,221_079,4.1,POINT(-50.21181 -26.97362)
1814985132,11677ad4-87d6-3b30-bd2c-60ca5b15469d,-51.49356,-20.276,2026-04-21 17:07:00+00:00,2026-04-21,NOAA-21,SELVÍRIA,MATO GROSSO DO SUL,Brasil,,,,Mata Atlântica,33,50,5007802,8,,223_074,2.4,POINT(-51.49356 -20.276)
1814985138,21a887cd-9a6f-3775-8f1b-8c339b92794d,-52.66661,-17.81415,2026-04-21 17:07:00+00:00,2026-04-21,NOAA-21,MINEIROS,GOIÁS,Brasil,,,,Cerrado,33,52,5213103,8,,224_072,8.2,POINT(-52.66661 -17.81415)
1814985178,6a26096a-82e2-35a2-babd-fb15245ac5fe,-39.41929,-14.43538,2026-04-21 17:07:00+00:00,2026-04-21,NOAA-21,AURELINO LEAL,BAHIA,Brasil,,,,Mata Atlântica,33,29,2902401,8,,216_070,5.5,POINT(-39.41929 -14.43538)
1814985187,64a6aa07-4096-3a9d-8dff-9b8112855630,-49.59281,-27.00374,2026-04-21 17:07:00+00:00,2026-04-21,NOAA-21,JOSÉ BOITEUX,SANTA CATARINA,Brasil,,,,Mata Atlântica,33,42,4209151,8,,220_079,5.0,POINT(-49.59281 -27.00374)
1814984361,9d270e4d-7a38-34af-9423-04127b7ad30c,-46.91631,-10.55063,2026-04-21 17:09:00+00:00,2026-04-21,NOAA-21,MATEIROS,TOCANTINS,Brasil,,,,Cerrado,33,17,1712702,8,,221_067,10.6,POINT(-46.91631 -10.55063)
1814985006,4c54e63e-2f9d-3d5d-ae7b-bea813fa32b2,-56.65474,-13.99248,2026-04-21 17:09:00+00:00,2026-04-21,NOAA-21,DIAMANTINO,MATO GROSSO,Brasil,,,,Cerrado,33,51,5103502,8,,227_070,7.9,POINT(-56.65474 -13.99248)
1814984699,09cfa1dc-38ce-3cb4-81ea-92a3b8b0af50,-56.95169,-12.31897,2026-04-21 17:09:00+00:00,2026-04-21,NOAA-21,TAPURAH,MATO GROSSO,Brasil,,,,Amazônia,33,51,5108006,8,,227_069,0.6,POINT(-56.95169 -12.31897)
1814984080,278dda1c-e707-3ca3-9cbc-00db754984f0,-41.45037,-11.57575,2026-04-21 17:09:00+00:00,2026-04-21,NOAA-21,MORRO DO CHAPÉU,BAHIA,Brasil,,,,Caatinga,33,29,2921708,8,,217_068,2.9,POINT(-41.45037 -11.57575)
1814982634,d039fa4e-25ca-3bf1-9fb5-a5a16a0db13d,-49.7263,-11.84923,2026-04-21 17:09:00+00:00,2026-04-21,NOAA-21,FORMOSO DO ARAGUAIA,TOCANTINS,Brasil,,,,Cerrado,33,17,1708205,8,,223_068,7.2,POINT(-49.7263 -11.84923)
1814984784,e86b19f1-7c47-35db-ba02-5de38d9e6abe,-48.26432,-12.53685,2026-04-21 17:09:00+00:00,2026-04-21,NOAA-21,SÃO SALVADOR DO TOCANTINS,TOCANTINS,Brasil,,,,Cerrado,33,17,1720259,8,,222_069,2.8,POINT(-48.26432 -12.53685)
1814985152,ea6e0763-4182-3397-b59a-84d98d903ef1,-45.2322,-12.01133,2026-04-21 17:09:00+00:00,2026-04-21,NOAA-21,BARREIRAS,BAHIA,Brasil,,,,Cerrado,33,29,2903201,8,,220_068,22.0,POINT(-45.2322 -12.01133)
1814983742,f2e55559-0f75-3f34-b01c-ed889dd71585,-47.77443,-12.0007,2026-04-21 17:09:00+00:00,2026-04-21,NOAA-21,NATIVIDADE,TOCANTINS,Brasil,,,,Cerrado,33,17,1714203,8,,221_068,35.9,POINT(-47.77443 -12.0007)
1814983011,4cdf23c8-c09f-3e6c-a1f2-6e274a2eaff5,-51.73436,-10.70943,2026-04-21 17:09:00+00:00,2026-04-21,NOAA-21,CONFRESA,MATO GROSSO,Brasil,,,,Amazônia,33,51,5103353,8,,224_067,3.2,POINT(-51.73436 -10.70943)
1814984909,f7412def-f201-37fe-8009-efb68666050b,-43.84195,-11.91218,2026-04-21 17:09:00+00:00,2026-04-21,NOAA-21,WANDERLEY,BAHIA,Brasil,,,,Cerrado,33,29,2933455,8,,219_068,29.5,POINT(-43.84195 -11.91218)
1814983754,938bb92a-bff3-34b3-8ded-de4b05050560,-46.15646,-10.8213,2026-04-21 17:09:00+00:00,2026-04-21,NOAA-21,FORMOSA DO RIO PRETO,BAHIA,Brasil,,,,Cerrado,33,29,2911105,8,,221_067,12.7,POINT(-46.15646 -10.8213)
1814984839,017947ce-a44d-3751-8c6b-f70af07c32ce,-56.62806,-13.99611,2026-04-21 17:09:00+00:00,2026-04-21,NOAA-21,DIAMANTINO,MATO GROSSO,Brasil,,,,Cerrado,33,51,5103502,8,,227_070,4.8,POINT(-56.62806 -13.99611)
1814983057,65637496-1e4b-3582-bc21-fdc960fab013,-41.01877,-9.24519,2026-04-21 17:09:00+00:00,2026-04-21,NOAA-21,CASA NOVA,BAHIA,Brasil,,,,Caatinga,33,29,2907202,8,,217_066,13.0,POINT(-41.01877 -9.24519)
1814982730,744b638e-6983-3da7-8beb-b9c53357d463,-49.72564,-11.85303,2026-04-21 17:09:00+00:00,2026-04-21,NOAA-21,FORMOSO DO ARAGUAIA,TOCANTINS,Brasil,,,,Cerrado,33,17,1708205,8,,223_068,7.2,POINT(-49.72564 -11.85303)
1814983816,2c4060f6-04a2-3888-9031-02d225e0ea5e,-45.23123,-12.01639,2026-04-21 17:09:00+00:00,2026-04-21,NOAA-21,BARREIRAS,BAHIA,Brasil,,,,Cerrado,33,29,2903201,8,,220_068,22.0,POINT(-45.23123 -12.01639)
1814983173,3c1d5d94-9fc4-34fe-818a-c14c1cbfe8f1,-50.00925,-12.27114,2026-04-21 17:09:00+00:00,2026-04-21,NOAA-21,SANDOLÂNDIA,TOCANTINS,Brasil,,,,Cerrado,33,17,1718840,8,,223_068,9.3,POINT(-50.00925 -12.27114)
1814984424,c527dcef-80cb-3646-b46a-9fee189aac7b,-43.84165,-11.97434,2026-04-21 17:09:00+00:00,2026-04-21,NOAA-21,WANDERLEY,BAHIA,Brasil,,,,Cerrado,33,29,2933455,8,,219_068,12.9,POINT(-43.84165 -11.97434)
1814984402,b554f0a3-631f-34ed-94a3-b3761857ad29,-45.22523,-12.03102,2026-04-21 17:09:00+00:00,2026-04-21,NOAA-21,BARREIRAS,BAHIA,Brasil,,,,Cerrado,33,29,2903201,8,,220_068,8.4,POINT(-45.22523 -12.03102)
1814982108,1feb61d0-610a-3144-8818-5be72a6e359b,-49.90781,-10.84964,2026-04-21 17:09:00+00:00,2026-04-21,NOAA-21,LAGOA DA CONFUSÃO,TOCANTINS,Brasil,,,,Cerrado,33,17,1711902,8,,223_068,5.1,POINT(-49.90781 -10.84964)
1814982977,ae563a61-8b33-35b5-b9b1-d52aa9acc868,-55.21246,-13.00693,2026-04-21 17:09:00+00:00,2026-04-21,NOAA-21,NOVA UBIRATÃ,MATO GROSSO,Brasil,,,,Cerrado,33,51,5106240,8,,226_069,2.7,POINT(-55.21246 -13.00693)
1814983108,33a09c54-2571-324a-9aac-81950838a30f,-47.77515,-11.99641,2026-04-21 17:09:00+00:00,2026-04-21,NOAA-21,NATIVIDADE,TOCANTINS,Brasil,,,,Cerrado,33,17,1714203,8,,221_068,35.9,POINT(-47.77515 -11.99641)
1814983116,48676e2f-8909-35b9-a95f-974b56956978,-49.91053,-10.84924,2026-04-21 17:09:00+00:00,2026-04-21,NOAA-21,LAGOA DA CONFUSÃO,TOCANTINS,Brasil,,,,Cerrado,33,17,1711902,8,,223_068,5.7,POINT(-49.91053 -10.84924)
1814983214,022be267-0958-3808-927f-7e7d9785af0e,-40.15508,-10.57125,2026-04-21 17:09:00+00:00,2026-04-21,NOAA-21,SENHOR DO BONFIM,BAHIA,Brasil,,,,Caatinga,33,29,2930105,8,,217_067,14.4,POINT(-40.15508 -10.57125)
1814981844,4180bf6b-571a-34af-ba8b-383a055b0b55,-54.68428,-11.69652,2026-04-21 17:09:00+00:00,2026-04-21,NOAA-21,SANTA CARMEM,MATO GROSSO,Brasil,,,,Amazônia,33,51,5107248,8,,226_068,0.4,POINT(-54.68428 -11.69652)
1814984385,9b1dcfe3-8f60-3b6e-820c-f08c0dc7d45f,-46.15734,-10.81642,2026-04-21 17:09:00+00:00,2026-04-21,NOAA-21,FORMOSA DO RIO PRETO,BAHIA,Brasil,,,,Cerrado,33,29,2911105,8,,221_067,12.8,POINT(-46.15734 -10.81642)
1814982688,a3223da1-d5d3-3963-a50f-d59500761c15,-45.2272,-12.02089,2026-04-21 17:09:00+00:00,2026-04-21,NOAA-21,BARREIRAS,BAHIA,Brasil,,,,Cerrado,33,29,2903201,8,,220_068,8.5,POINT(-45.2272 -12.02089)
1814982463,1db8a718-23a5-3249-8683-386cd78ba2c5,-58.7743,-14.52278,2026-04-21 17:09:00+00:00,2026-04-21,NOAA-21,TANGARÁ DA SERRA,MATO GROSSO,Brasil,,,,Cerrado,33,51,5107958,8,,228_070,9.3,POINT(-58.7743 -14.52278)
1814982628,4acd02dd-b34b-3022-8ccd-d513bad93ab8,-58.42419,-14.37673,2026-04-21 17:09:00+00:00,2026-04-21,NOAA-21,TANGARÁ DA SERRA,MATO GROSSO,Brasil,,,,Cerrado,33,51,5107958,8,,228_070,4.5,POINT(-58.42419 -14.37673)
1814984122,62df519d-3dad-30ac-b981-bbb761262360,-49.73104,-11.85003,2026-04-21 17:09:00+00:00,2026-04-21,NOAA-21,FORMOSO DO ARAGUAIA,TOCANTINS,Brasil,,,,Cerrado,33,17,1708205,8,,223_068,12.2,POINT(-49.73104 -11.85003)
1814983129,520ee896-2cd8-33a3-9453-5dd9886d2fcb,-56.65526,-13.98888,2026-04-21 17:09:00+00:00,2026-04-21,NOAA-21,DIAMANTINO,MATO GROSSO,Brasil,,,,Cerrado,33,51,5103502,8,,227_070,7.9,POINT(-56.65526 -13.98888)
1814984305,b8e95cbf-a19f-34aa-ac8e-656dd9156bbc,-41.01953,-9.24524,2026-04-21 17:09:00+00:00,2026-04-21,NOAA-21,CASA NOVA,BAHIA,Brasil,,,,Caatinga,33,29,2907202,8,,217_066,21.3,POINT(-41.01953 -9.24524)
1814984146,1c3ec0d8-02ae-3dae-a7a8-2118c61608e2,-58.77051,-14.52228,2026-04-21 17:09:00+00:00,2026-04-21,NOAA-21,TANGARÁ DA SERRA,MATO GROSSO,Brasil,,,,Cerrado,33,51,5107958,8,,228_070,9.3,POINT(-58.77051 -14.52228)
1814982542,4e1fd98a-d041-30f1-927f-c3725c780d5a,-47.77453,-11.99788,2026-04-21 17:09:00+00:00,2026-04-21,NOAA-21,NATIVIDADE,TOCANTINS,Brasil,,,,Cerrado,33,17,1714203,8,,221_068,62.0,POINT(-47.77453 -11.99788)
1814984293,f69a5eeb-7cbf-3457-ad82-a9a40d0d2188,-56.14935,-12.89419,2026-04-21 17:09:00+00:00,2026-04-21,NOAA-21,LUCAS DO RIO VERDE,MATO GROSSO,Brasil,,,,Cerrado,33,51,5105259,8,,227_069,9.2,POINT(-56.14935 -12.89419)
1814982897,07a21abf-95cb-377e-8a21-691203256cde,-56.63765,-13.9901,2026-04-21 17:09:00+00:00,2026-04-21,NOAA-21,DIAMANTINO,MATO GROSSO,Brasil,,,,Cerrado,33,51,5103502,8,,227_070,3.1,POINT(-56.63765 -13.9901)
1814984212,7562b54a-66ad-3098-a507-8a93e0beeb65,-50.00735,-12.26901,2026-04-21 17:09:00+00:00,2026-04-21,NOAA-21,SANDOLÂNDIA,TOCANTINS,Brasil,,,,Cerrado,33,17,1718840,8,,223_068,8.0,POINT(-50.00735 -12.26901)
1814982485,fd3f4c0c-333c-374d-9475-9d30830b9175,-41.02533,-9.24645,2026-04-21 17:09:00+00:00,2026-04-21,NOAA-21,CASA NOVA,BAHIA,Brasil,,,,Caatinga,33,29,2907202,8,,217_066,13.0,POINT(-41.02533 -9.24645)
1814984240,5032e84c-6244-308b-8cf7-4be7a0dc890f,-57.18328,-12.30353,2026-04-21 17:09:00+00:00,2026-04-21,NOAA-21,NOVA MARINGÁ,MATO GROSSO,Brasil,,,,Amazônia,33,51,5108907,8,,227_069,12.3,POINT(-57.18328 -12.30353)
1814984265,f3b57cf7-efa0-31b4-b04a-fbc3c358a5b4,-43.84573,-11.9129,2026-04-21 17:09:00+00:00,2026-04-21,NOAA-21,WANDERLEY,BAHIA,Brasil,,,,Cerrado,33,29,2933455,8,,219_068,15.0,POINT(-43.84573 -11.9129)
1814984247,c812e3d5-b999-37e8-8197-cbc62021d1d6,-56.65953,-13.98947,2026-04-21 17:09:00+00:00,2026-04-21,NOAA-21,DIAMANTINO,MATO GROSSO,Brasil,,,,Cerrado,33,51,5103502,8,,227_070,9.1,POINT(-56.65953 -13.98947)
1814981925,6ec58fbd-ded8-3629-9bac-57625a7b3433,-44.1938,-12.24762,2026-04-21 17:09:00+00:00,2026-04-21,NOAA-21,CRISTÓPOLIS,BAHIA,Brasil,,,,Cerrado,33,29,2909703,8,,219_068,3.7,POINT(-44.1938 -12.24762)
1814983134,13e94778-038b-3d89-9e42-af4f1406a6fb,-50.00473,-12.27037,2026-04-21 17:09:00+00:00,2026-04-21,NOAA-21,SANDOLÂNDIA,TOCANTINS,Brasil,,,,Cerrado,33,17,1718840,8,,223_068,5.5,POINT(-50.00473 -12.27037)
1814983328,e0baf859-a265-308d-8290-b66d26268beb,-47.77378,-12.00216,2026-04-21 17:09:00+00:00,2026-04-21,NOAA-21,NATIVIDADE,TOCANTINS,Brasil,,,,Cerrado,33,17,1714203,8,,221_068,9.7,POINT(-47.77378 -12.00216)
1814984809,123222ba-3ad2-30f0-819c-46085c7b65e6,-53.1269,-13.62527,2026-04-21 17:09:00+00:00,2026-04-21,NOAA-21,GAÚCHA DO NORTE,MATO GROSSO,Brasil,,,,Cerrado,33,51,5103858,8,,225_069,5.3,POINT(-53.1269 -13.62527)
1814983349,2cf8204b-d8dc-3cea-a5ad-a47a69a5af4a,-49.73038,-11.85382,2026-04-21 17:09:00+00:00,2026-04-21,NOAA-21,FORMOSO DO ARAGUAIA,TOCANTINS,Brasil,,,,Cerrado,33,17,1708205,8,,223_068,12.2,POINT(-49.73038 -11.85382)
1814985228,d0ab3b95-418d-3d6a-ab3f-149a3f548cd3,-45.21716,-12.04001,2026-04-21 17:09:00+00:00,2026-04-21,NOAA-21,BARREIRAS,BAHIA,Brasil,,,,Cerrado,33,29,2903201,8,,220_068,7.3,POINT(-45.21716 -12.04001)
1814981917,b3876513-c3fa-36d3-9710-d18798689a1f,-57.18382,-12.2999,2026-04-21 17:09:00+00:00,2026-04-21,NOAA-21,NOVA MARINGÁ,MATO GROSSO,Brasil,,,,Amazônia,33,51,5108907,8,,227_069,12.3,POINT(-57.18382 -12.2999)
1814984989,dbd6e2ed-33e7-37a2-8dc4-7068f44bba8d,-54.61848,-12.5462,2026-04-21 17:09:00+00:00,2026-04-21,NOAA-21,NOVA UBIRATÃ,MATO GROSSO,Brasil,,,,Amazônia,33,51,5106240,8,,226_069,2.6,POINT(-54.61848 -12.5462)
1814981884,ec42f077-70ba-320f-a4fd-6e5299ba618c,-53.13098,-13.62251,2026-04-21 17:09:00+00:00,2026-04-21,NOAA-21,GAÚCHA DO NORTE,MATO GROSSO,Brasil,,,,Cerrado,33,51,5103858,8,,225_069,5.3,POINT(-53.13098 -13.62251)
1814984678,933269b1-36dc-360d-9493-1955ea3d568a,-43.84681,-11.90734,2026-04-21 17:09:00+00:00,2026-04-21,NOAA-21,WANDERLEY,BAHIA,Brasil,,,,Cerrado,33,29,2933455,8,,219_068,26.4,POINT(-43.84681 -11.90734)
1814982890,d996a8bf-9ac9-3478-ac06-27c1d8bb809c,-49.76158,-10.80596,2026-04-21 17:09:00+00:00,2026-04-21,NOAA-21,LAGOA DA CONFUSÃO,TOCANTINS,Brasil,,,,Cerrado,33,17,1711902,8,,223_067,5.4,POINT(-49.76158 -10.80596)
1814984670,6e0421f1-4d88-30d0-ae59-0de8b838e2da,-50.0067,-12.27272,2026-04-21 17:09:00+00:00,2026-04-21,NOAA-21,SANDOLÂNDIA,TOCANTINS,Brasil,,,,Cerrado,33,17,1718840,8,,223_068,8.0,POINT(-50.0067 -12.27272)
1814982011,847e654d-ffdb-3690-8893-56e7a89b6b2c,-41.02605,-9.24654,2026-04-21 17:09:00+00:00,2026-04-21,NOAA-21,CASA NOVA,BAHIA,Brasil,,,,Caatinga,33,29,2907202,8,,217_066,18.3,POINT(-41.02605 -9.24654)
1814982134,2eab62af-0758-3d2a-9cc2-f50e4bbf11dd,-44.19023,-12.24693,2026-04-21 17:09:00+00:00,2026-04-21,NOAA-21,CRISTÓPOLIS,BAHIA,Brasil,,,,Cerrado,33,29,2909703,8,,219_068,3.6,POINT(-44.19023 -12.24693)
1814983478,bd087da4-fef1-3acc-b2c1-aced33df397d,-44.19506,-12.24226,2026-04-21 17:09:00+00:00,2026-04-21,NOAA-21,CRISTÓPOLIS,BAHIA,Brasil,,,,Cerrado,33,29,2909703,8,,219_068,6.0,POINT(-44.19506 -12.24226)
1814982838,0d1c24b0-3e9a-3e64-977d-95dd3fb2f8d1,-45.23024,-12.02146,2026-04-21 17:09:00+00:00,2026-04-21,NOAA-21,BARREIRAS,BAHIA,Brasil,,,,Cerrado,33,29,2903201,8,,220_068,8.5,POINT(-45.23024 -12.02146)
1814982991,a6762632-1c15-3e67-91d0-2269c40ac2b0,-49.56356,-7.2614,2026-04-21 17:09:00+00:00,2026-04-21,NOAA-21,RIO MARIA,PARÁ,Brasil,,,,Amazônia,33,15,1506161,8,,223_065,9.2,POINT(-49.56356 -7.2614)
1814982814,f792ff1a-8cf9-3f31-88b3-4fcecea980eb,-45.22817,-12.01582,2026-04-21 17:09:00+00:00,2026-04-21,NOAA-21,BARREIRAS,BAHIA,Brasil,,,,Cerrado,33,29,2903201,8,,220_068,22.0,POINT(-45.22817 -12.01582)
1814982261,0d6d814e-a52e-3144-94b2-895591715bc2,-43.37661,-11.95541,2026-04-21 17:09:00+00:00,2026-04-21,NOAA-21,MUQUÉM DO SÃO FRANCISCO,BAHIA,Brasil,,,,Cerrado,33,29,2922250,8,,219_068,7.2,POINT(-43.37661 -11.95541)
1814984615,e5261560-b1f7-30cc-88ea-33e2993b8741,-57.17901,-12.30294,2026-04-21 17:09:00+00:00,2026-04-21,NOAA-21,NOVA MARINGÁ,MATO GROSSO,Brasil,,,,Amazônia,33,51,5108907,8,,227_069,9.9,POINT(-57.17901 -12.30294)
1814983542,8fac255e-83b8-3e8b-9bb5-248a044c5ada,-40.15854,-10.56779,2026-04-21 17:09:00+00:00,2026-04-21,NOAA-21,SENHOR DO BONFIM,BAHIA,Brasil,,,,Caatinga,33,29,2930105,8,,217_067,16.8,POINT(-40.15854 -10.56779)
1814983565,466fff1f-0c9b-3ae1-9d28-f2cafa896348,-46.82831,-11.86633,2026-04-21 17:09:00+00:00,2026-04-21,NOAA-21,DIANÓPOLIS,TOCANTINS,Brasil,,,,Cerrado,33,17,1707009,8,,221_068,2.8,POINT(-46.82831 -11.86633)
1814983599,e2b04922-4b3f-3fd0-b51b-45131efe0322,-43.83784,-11.97361,2026-04-21 17:09:00+00:00,2026-04-21,NOAA-21,WANDERLEY,BAHIA,Brasil,,,,Cerrado,33,29,2933455,8,,219_068,13.0,POINT(-43.83784 -11.97361)
1814984829,a9648866-9504-367a-ba30-ad1cf63a4d17,-58.77374,-14.52689,2026-04-21 17:09:00+00:00,2026-04-21,NOAA-21,TANGARÁ DA SERRA,MATO GROSSO,Brasil,,,,Cerrado,33,51,5107958,8,,228_070,9.3,POINT(-58.77374 -14.52689)
1814984570,8ae99b2a-4749-30f6-a9ab-b5b9efcbbad5,-49.76645,-10.80677,2026-04-21 17:09:00+00:00,2026-04-21,NOAA-21,LAGOA DA CONFUSÃO,TOCANTINS,Brasil,,,,Cerrado,33,17,1711902,8,,223_067,5.4,POINT(-49.76645 -10.80677)
1814983681,0ac94ed8-edcc-3a95-ad4c-102046466133,-45.22621,-12.02595,2026-04-21 17:09:00+00:00,2026-04-21,NOAA-21,BARREIRAS,BAHIA,Brasil,,,,Cerrado,33,29,2903201,8,,220_068,8.5,POINT(-45.22621 -12.02595)
1814981872,3bb3d148-644d-3a75-bc73-4f07a81ab4ad,-60.82639,-3.23466,2026-04-21 17:11:00+00:00,2026-04-21,NOAA-21,MANACAPURU,AMAZONAS,Brasil,,,,Amazônia,33,13,1302504,8,,231_062,2.8,POINT(-60.82639 -3.23466)
1814982789,8183e68a-4634-392c-9ec0-422a171bada7,-60.86034,1.29148,2026-04-21 17:13:00+00:00,2026-04-21,NOAA-21,CARACARAÍ,RORAIMA,Brasil,,,,Amazônia,33,14,1400209,8,,232_059,6.5,POINT(-60.86034 1.29148)
1814984326,f2ce15a7-4313-3fbc-bde2-d571e5b8507a,-60.14529,1.65425,2026-04-21 17:13:00+00:00,2026-04-21,NOAA-21,CARACARAÍ,RORAIMA,Brasil,,,,Amazônia,33,14,1400209,8,,231_059,10.8,POINT(-60.14529 1.65425)
1814984113,1dcc3fef-593b-34d1-90a9-daff913f880f,-61.18835,3.72208,2026-04-21 17:13:00+00:00,2026-04-21,NOAA-21,AMAJARI,RORAIMA,Brasil,,,,Amazônia,33,14,1400027,8,,232_057,6.2,POINT(-61.18835 3.72208)
1814985221,5412b358-c446-3d5b-b648-60ce7bffefda,-60.2348,1.6552,2026-04-21 17:13:00+00:00,2026-04-21,NOAA-21,CARACARAÍ,RORAIMA,Brasil,,,,Amazônia,33,14,1400209,8,,231_059,6.5,POINT(-60.2348 1.6552)
1814982471,457ce593-70c6-3ce4-97c0-b369b2a6097c,-60.14475,1.65065,2026-04-21 17:13:00+00:00,2026-04-21,NOAA-21,CARACARAÍ,RORAIMA,Brasil,,,,Amazônia,33,14,1400209,8,,231_059,10.8,POINT(-60.14475 1.65065)
1814982895,e0851724-3b9b-3148-aadc-7b70534cce0c,-60.50954,4.67984,2026-04-21 17:13:00+00:00,2026-04-21,NOAA-21,UIRAMUTÃ,RORAIMA,Brasil,,,,Amazônia,33,14,1400704,8,,232_057,6.9,POINT(-60.50954 4.67984)
1814984846,a9cc7f17-9589-3dd9-b026-cae59a25e5ad,-61.18892,3.72579,2026-04-21 17:13:00+00:00,2026-04-21,NOAA-21,AMAJARI,RORAIMA,Brasil,,,,Amazônia,33,14,1400027,8,,232_057,4.9,POINT(-61.18892 3.72579)
1814982323,7424e261-4c23-3410-9084-dbb88338d320,-60.33403,2.57809,2026-04-21 17:13:00+00:00,2026-04-21,NOAA-21,CANTÁ,RORAIMA,Brasil,,,,Amazônia,33,14,1400175,8,,232_058,14.7,POINT(-60.33403 2.57809)
1814982969,6490e85f-a82a-3d45-ae1a-dd90cb9ceb72,-60.85979,1.28772,2026-04-21 17:13:00+00:00,2026-04-21,NOAA-21,CARACARAÍ,RORAIMA,Brasil,,,,Amazônia,33,14,1400209,8,,232_059,12.5,POINT(-60.85979 1.28772)
1814984860,cb34b249-d86b-36b8-bef8-8436ab8bc8ae,-60.33318,2.60029,2026-04-21 17:13:00+00:00,2026-04-21,NOAA-21,CANTÁ,RORAIMA,Brasil,,,,Amazônia,33,14,1400175,8,,232_058,4.9,POINT(-60.33318 2.60029)
1814982995,e6322423-7cde-3b00-9ae1-c6182cac8557,-60.8915,1.48007,2026-04-21 17:13:00+00:00,2026-04-21,NOAA-21,CARACARAÍ,RORAIMA,Brasil,,,,Amazônia,33,14,1400209,8,,232_059,13.6,POINT(-60.8915 1.48007)
1814983265,b9cb6750-e5e7-36e3-9411-eece482c970c,-60.89019,1.48116,2026-04-21 17:13:00+00:00,2026-04-21,NOAA-21,CARACARAÍ,RORAIMA,Brasil,,,,Amazônia,33,14,1400209,8,,232_059,12.5,POINT(-60.89019 1.48116)
1814982398,4badcef9-8c12-3bc4-9b0c-e697d6124ed6,-60.32525,2.57579,2026-04-21 17:13:00+00:00,2026-04-21,NOAA-21,CANTÁ,RORAIMA,Brasil,,,,Amazônia,33,14,1400175,8,,232_058,5.3,POINT(-60.32525 2.57579)
1814985160,30776528-3644-34fd-964f-206adc4f19ec,-60.33349,2.57449,2026-04-21 17:13:00+00:00,2026-04-21,NOAA-21,CANTÁ,RORAIMA,Brasil,,,,Amazônia,33,14,1400175,8,,232_058,12.5,POINT(-60.33349 2.57449)
1814982308,8fab73b1-cf2a-3098-8690-b782fc620e60,-61.1922,3.71766,2026-04-21 17:13:00+00:00,2026-04-21,NOAA-21,AMAJARI,RORAIMA,Brasil,,,,Amazônia,33,14,1400027,8,,232_057,12.7,POINT(-61.1922 3.71766)
1814982887,2874e54e-193f-3b22-abfd-841d190c70fe,-60.85923,1.28396,2026-04-21 17:13:00+00:00,2026-04-21,NOAA-21,CARACARAÍ,RORAIMA,Brasil,,,,Amazônia,33,14,1400209,8,,232_059,12.5,POINT(-60.85923 1.28396)
1814981945,112c8809-0714-38d0-99c6-2cad651dbd91,-60.43633,1.07707,2026-04-21 17:13:00+00:00,2026-04-21,NOAA-21,RORAINÓPOLIS,RORAIMA,Brasil,,,,Amazônia,33,14,1400472,8,,231_059,1.5,POINT(-60.43633 1.07707)
1814982126,1668a37e-e873-3731-ae15-87ac56520d87,-60.43425,1.09245,2026-04-21 17:13:00+00:00,2026-04-21,NOAA-21,RORAINÓPOLIS,RORAIMA,Brasil,,,,Amazônia,33,14,1400472,8,,231_059,11.7,POINT(-60.43425 1.09245)
1814982498,45946a3b-dbcf-3f62-8476-34f959cc95c4,-59.8132,2.26028,2026-04-21 17:13:00+00:00,2026-04-21,NOAA-21,BONFIM,RORAIMA,Brasil,,,,Amazônia,33,14,1400159,8,,231_058,5.7,POINT(-59.8132 2.26028)
1814984099,86f54f61-5fcd-389f-9311-9f78db6a1dc6,-61.19343,3.71888,2026-04-21 17:13:00+00:00,2026-04-21,NOAA-21,AMAJARI,RORAIMA,Brasil,,,,Amazônia,33,14,1400027,8,,232_057,14.0,POINT(-61.19343 3.71888)
1814982158,db4650d8-fedf-3ce3-bb7e-04bf75ec98f3,-61.18958,3.72328,2026-04-21 17:13:00+00:00,2026-04-21,NOAA-21,AMAJARI,RORAIMA,Brasil,,,,Amazônia,33,14,1400027,8,,232_057,11.4,POINT(-61.18958 3.72328)
1814982950,d3f6fba6-b506-3135-8a50-f6c219861b5f,-49.58179,-27.00476,2026-04-21 17:39:00+00:00,2026-04-21,NPP-375,IBIRAMA,SANTA CATARINA,Brasil,,,,Mata Atlântica,33,42,4206900,8,,220_079,4.5,POINT(-49.58179 -27.00476)
1814984834,fe7c1d25-6777-32d9-a0c9-fbea036f449e,-49.58615,-27.00566,2026-04-21 17:39:00+00:00,2026-04-21,NPP-375,IBIRAMA,SANTA CATARINA,Brasil,,,,Mata Atlântica,33,42,4206900,8,,220_079,4.5,POINT(-49.58615 -27.00566)
1814984963,500e7687-7af0-3f31-ab20-5e5ad7625c2a,-50.6006,-27.19184,2026-04-21 17:39:00+00:00,2026-04-21,NPP-375,PONTE ALTA DO NORTE,SANTA CATARINA,Brasil,,,,Mata Atlântica,33,42,4213351,8,,221_079,59.2,POINT(-50.6006 -27.19184)
1814981938,ce62d065-0e1a-388c-81a6-290aa59a09b4,-50.93246,-25.03103,2026-04-21 17:39:00+00:00,2026-04-21,NPP-375,IVAÍ,PARANÁ,Brasil,,,,Mata Atlântica,33,41,4111407,8,,222_077,3.9,POINT(-50.93246 -25.03103)
1814983226,4ab84077-c0ca-38af-9bae-960980ef27cd,-50.18821,-27.78892,2026-04-21 17:39:00+00:00,2026-04-21,NPP-375,LAGES,SANTA CATARINA,Brasil,,,,Mata Atlântica,33,42,4209300,8,,221_079,21.2,POINT(-50.18821 -27.78892)
1814982953,44eecdb3-3ffd-3154-a95d-9160f9c6a74c,-49.62966,-24.9615,2026-04-21 17:39:00+00:00,2026-04-21,NPP-375,CASTRO,PARANÁ,Brasil,,,,Mata Atlântica,33,41,4104907,8,,221_077,21.2,POINT(-49.62966 -24.9615)
1814983345,5eb2e0d8-ae53-3215-8abb-1dc241216979,-46.13461,-23.20023,2026-04-21 17:39:00+00:00,2026-04-21,NPP-375,IGARATÁ,SÃO PAULO,Brasil,,,,Mata Atlântica,33,35,3520202,8,,219_076,6.4,POINT(-46.13461 -23.20023)
1814983043,8aa54d56-f1be-3ce0-a373-0756728a2c99,-45.56925,-22.81665,2026-04-21 17:39:00+00:00,2026-04-21,NPP-375,PINDAMONHANGABA,SÃO PAULO,Brasil,,,,Mata Atlântica,33,35,3538006,8,,218_076,1.4,POINT(-45.56925 -22.81665)
1814981911,8c822599-449e-3caf-9949-9827c8220de4,-50.04383,-24.46478,2026-04-21 17:39:00+00:00,2026-04-21,NPP-375,PIRAÍ DO SUL,PARANÁ,Brasil,,,,Cerrado,33,41,4119400,8,,221_077,10.5,POINT(-50.04383 -24.46478)
1814982022,599256ad-2629-3602-b349-8a1ae962d0e8,-50.57082,-27.42125,2026-04-21 17:39:00+00:00,2026-04-21,NPP-375,CURITIBANOS,SANTA CATARINA,Brasil,,,,Mata Atlântica,33,42,4204806,8,,221_079,2.8,POINT(-50.57082 -27.42125)
1814983651,63c16d72-7745-3630-8b05-a75624898943,-51.02503,-25.01416,2026-04-21 17:39:00+00:00,2026-04-21,NPP-375,PRUDENTÓPOLIS,PARANÁ,Brasil,,,,Mata Atlântica,33,41,4120606,8,,222_077,2.3,POINT(-51.02503 -25.01416)
1814983700,3ee2eaa7-f02f-3dfb-a482-7f3ab8ffe724,-50.59764,-27.18691,2026-04-21 17:39:00+00:00,2026-04-21,NPP-375,PONTE ALTA DO NORTE,SANTA CATARINA,Brasil,,,,Mata Atlântica,33,42,4213351,8,,221_079,59.2,POINT(-50.59764 -27.18691)
1814983734,2779cbd1-ccb8-3200-8b11-4712695bcfc9,-49.59064,-27.0066,2026-04-21 17:39:00+00:00,2026-04-21,NPP-375,IBIRAMA,SANTA CATARINA,Brasil,,,,Mata Atlântica,33,42,4206900,8,,220_079,3.3,POINT(-49.59064 -27.0066)
1814983752,3cc0d2fc-fcb0-3699-a332-e16d604acf31,-51.31629,-23.6097,2026-04-21 17:39:00+00:00,2026-04-21,NPP-375,APUCARANA,PARANÁ,Brasil,,,,Mata Atlântica,33,41,4101408,8,,222_076,5.1,POINT(-51.31629 -23.6097)
1814983755,89442ecf-bd73-3e13-8943-435a746cb2a5,-50.73117,-25.36456,2026-04-21 17:39:00+00:00,2026-04-21,NPP-375,IRATI,PARANÁ,Brasil,,,,Mata Atlântica,33,41,4110706,8,,221_078,36.8,POINT(-50.73117 -25.36456)
1814983826,f5d47519-f519-3c44-a4d0-c93b10df2b79,-50.18926,-27.78474,2026-04-21 17:39:00+00:00,2026-04-21,NPP-375,LAGES,SANTA CATARINA,Brasil,,,,Mata Atlântica,33,42,4209300,8,,221_079,21.2,POINT(-50.18926 -27.78474)
1814981850,ef9c2558-da4c-3eb1-8a9d-1a9bb1432365,-50.03796,-24.46828,2026-04-21 17:39:00+00:00,2026-04-21,NPP-375,PIRAÍ DO SUL,PARANÁ,Brasil,,,,Cerrado,33,41,4119400,8,,221_077,22.7,POINT(-50.03796 -24.46828)
1814983956,6d7e25e5-2c23-397d-9884-0b62d542297f,-49.58771,-27.00137,2026-04-21 17:39:00+00:00,2026-04-21,NPP-375,JOSÉ BOITEUX,SANTA CATARINA,Brasil,,,,Mata Atlântica,33,42,4209151,8,,220_079,5.1,POINT(-49.58771 -27.00137)
1814982716,7644f4db-ce48-3fbc-968f-e83413a99396,-51.9239,-23.11818,2026-04-21 17:39:00+00:00,2026-04-21,NPP-375,FLÓRIDA,PARANÁ,Brasil,,,,Mata Atlântica,33,41,4108106,8,,222_076,3.5,POINT(-51.9239 -23.11818)
1814981839,c2264424-9d6d-3118-a0a4-593c39009091,-49.39104,-25.11019,2026-04-21 17:39:00+00:00,2026-04-21,NPP-375,RIO BRANCO DO SUL,PARANÁ,Brasil,,,,Mata Atlântica,33,41,4122206,8,,221_077,7.7,POINT(-49.39104 -25.11019)
1814984045,a1d0b698-d186-343a-addf-762a2265b029,-50.46526,-27.4963,2026-04-21 17:39:00+00:00,2026-04-21,NPP-375,CORREIA PINTO,SANTA CATARINA,Brasil,,,,Mata Atlântica,33,42,4204558,8,,221_079,17.5,POINT(-50.46526 -27.4963)
1814982682,b81abb71-3cb4-3482-90f4-a258aa404e7b,-50.4879,-26.82875,2026-04-21 17:39:00+00:00,2026-04-21,NPP-375,SANTA CECÍLIA,SANTA CATARINA,Brasil,,,,Mata Atlântica,33,42,4215505,8,,221_079,3.9,POINT(-50.4879 -26.82875)
1814984078,efd94362-9fa3-37c2-8d09-b9647f82ed9a,-51.31583,-23.61192,2026-04-21 17:39:00+00:00,2026-04-21,NPP-375,APUCARANA,PARANÁ,Brasil,,,,Mata Atlântica,33,41,4101408,8,,222_076,8.5,POINT(-51.31583 -23.61192)
1814982544,293188a7-35da-31e4-83f8-f3cfbba009df,-50.043,-24.46932,2026-04-21 17:39:00+00:00,2026-04-21,NPP-375,PIRAÍ DO SUL,PARANÁ,Brasil,,,,Cerrado,33,41,4119400,8,,221_077,10.5,POINT(-50.043 -24.46932)
1814984204,ac0a49b6-a0ba-3af9-ab14-14c637578a1f,-51.41993,-25.29282,2026-04-21 17:39:00+00:00,2026-04-21,NPP-375,GUARAPUAVA,PARANÁ,Brasil,,,,Mata Atlântica,33,41,4109401,8,,222_077,1.5,POINT(-51.41993 -25.29282)
1814984205,9e3138db-4a03-344a-98e7-2a251b56a7bd,-50.04824,-27.57782,2026-04-21 17:39:00+00:00,2026-04-21,NPP-375,PALMEIRA,SANTA CATARINA,Brasil,,,,Mata Atlântica,33,42,4212056,8,,221_079,3.3,POINT(-50.04824 -27.57782)
1814982535,bff86897-d8df-3771-bbfa-15963c31631f,-51.91989,-23.1174,2026-04-21 17:39:00+00:00,2026-04-21,NPP-375,FLÓRIDA,PARANÁ,Brasil,,,,Mata Atlântica,33,41,4108106,8,,222_076,3.5,POINT(-51.91989 -23.1174)
1814984299,321d32d8-0e43-3424-8b48-bba3d00f1242,-49.62492,-24.95571,2026-04-21 17:39:00+00:00,2026-04-21,NPP-375,CASTRO,PARANÁ,Brasil,,,,Mata Atlântica,33,41,4104907,8,,221_077,148.1,POINT(-49.62492 -24.95571)
1814984346,2f74100e-cbc9-3b07-ac6f-4e9ec25e1df3,-50.57498,-27.42208,2026-04-21 17:39:00+00:00,2026-04-21,NPP-375,CURITIBANOS,SANTA CATARINA,Brasil,,,,Mata Atlântica,33,42,4204806,8,,221_079,4.0,POINT(-50.57498 -27.42208)
1814982107,91ee83fb-913c-3f86-8e80-45ae6d95473b,-50.04718,-27.58204,2026-04-21 17:39:00+00:00,2026-04-21,NPP-375,LAGES,SANTA CATARINA,Brasil,,,,Mata Atlântica,33,42,4209300,8,,221_079,6.9,POINT(-50.04718 -27.58204)
1814984376,ceac7dab-b7a7-378a-8069-bbbd569b8219,-49.99631,-21.75741,2026-04-21 17:39:00+00:00,2026-04-21,NPP-375,GETULINA,SÃO PAULO,Brasil,,,,Mata Atlântica,33,35,3517000,8,,221_075,8.0,POINT(-49.99631 -21.75741)
1814982399,7639e676-e566-3473-ba24-a75abea31bf3,-51.18404,-26.98563,2026-04-21 17:39:00+00:00,2026-04-21,NPP-375,VIDEIRA,SANTA CATARINA,Brasil,,,,Mata Atlântica,33,42,4219309,8,,221_079,2.6,POINT(-51.18404 -26.98563)
1814984430,1a0a7830-e35f-33f5-94d5-bdfeeb0f6a2c,-50.13095,-25.18309,2026-04-21 17:39:00+00:00,2026-04-21,NPP-375,PONTA GROSSA,PARANÁ,Brasil,,,,Mata Atlântica,33,41,4119905,8,,221_077,3.6,POINT(-50.13095 -25.18309)
1814984437,cfaefc25-6a3d-3252-a841-f24c78b91525,-50.3999,-26.79848,2026-04-21 17:39:00+00:00,2026-04-21,NPP-375,SANTA CECÍLIA,SANTA CATARINA,Brasil,,,,Mata Atlântica,33,42,4215505,8,,221_079,2.9,POINT(-50.3999 -26.79848)
1814984509,facfad1f-a910-37cb-8a4b-ac379a3c06c9,-49.81067,-26.97993,2026-04-21 17:39:00+00:00,2026-04-21,NPP-375,DONA EMMA,SANTA CATARINA,Brasil,,,,Mata Atlântica,33,42,4205100,8,,221_079,2.7,POINT(-49.81067 -26.97993)
1814982332,52d3a52f-36aa-371e-8c4f-1cae267450b8,-50.07323,-25.17594,2026-04-21 17:39:00+00:00,2026-04-21,NPP-375,PONTA GROSSA,PARANÁ,Brasil,,,,Mata Atlântica,33,41,4119905,8,,221_077,10.8,POINT(-50.07323 -25.17594)
1814984531,c0aa2308-5ca2-3830-b79b-1964737434bf,-50.48718,-26.82894,2026-04-21 17:39:00+00:00,2026-04-21,NPP-375,SANTA CECÍLIA,SANTA CATARINA,Brasil,,,,Mata Atlântica,33,42,4215505,8,,221_079,4.0,POINT(-50.48718 -26.82894)
1814982303,94708128-3535-3cb5-8a38-0067fb53f9e4,-49.59204,-27.00228,2026-04-21 17:39:00+00:00,2026-04-21,NPP-375,JOSÉ BOITEUX,SANTA CATARINA,Brasil,,,,Mata Atlântica,33,42,4209151,8,,220_079,2.6,POINT(-49.59204 -27.00228)
1814984652,5c95b22b-f0d9-3b39-8062-14b7b2237412,-50.03895,-24.46376,2026-04-21 17:39:00+00:00,2026-04-21,NPP-375,PIRAÍ DO SUL,PARANÁ,Brasil,,,,Cerrado,33,41,4119400,8,,221_077,22.7,POINT(-50.03895 -24.46376)
1814985232,94469628-fd67-3287-b0fa-bdb371c58115,-49.81615,-26.96282,2026-04-21 17:39:00+00:00,2026-04-21,NPP-375,DONA EMMA,SANTA CATARINA,Brasil,,,,Mata Atlântica,33,42,4205100,8,,221_079,4.7,POINT(-49.81615 -26.96282)
1814985205,b779c0c7-1228-3768-ab42-928d029f720d,-50.08448,-23.8858,2026-04-21 17:39:00+00:00,2026-04-21,NPP-375,PINHALÃO,PARANÁ,Brasil,,,,Mata Atlântica,33,41,4119202,8,,221_077,4.4,POINT(-50.08448 -23.8858)
1814984778,82cc2614-e76e-32ae-9ba5-ab05bb3edf22,-49.99672,-25.14629,2026-04-21 17:39:00+00:00,2026-04-21,NPP-375,PONTA GROSSA,PARANÁ,Brasil,,,,Mata Atlântica,33,41,4119905,8,,221_077,3.8,POINT(-49.99672 -25.14629)
1814985052,0777734f-57c1-3d27-9d5f-00e286156b5c,-50.74458,-27.58665,2026-04-21 17:39:00+00:00,2026-04-21,NPP-375,SÃO JOSÉ DO CERRITO,SANTA CATARINA,Brasil,,,,Mata Atlântica,33,42,4216800,8,,221_079,11.1,POINT(-50.74458 -27.58665)
1814984792,ee6616aa-33bd-34eb-9202-65ec8841b13d,-49.62403,-24.96032,2026-04-21 17:39:00+00:00,2026-04-21,NPP-375,CASTRO,PARANÁ,Brasil,,,,Mata Atlântica,33,41,4104907,8,,221_077,21.2,POINT(-49.62403 -24.96032)
1814983402,6a9feee8-ef22-3b13-a190-a2579769a185,-53.35877,-19.39131,2026-04-21 17:41:00+00:00,2026-04-21,NPP-375,PARAÍSO DAS ÁGUAS,MATO GROSSO DO SUL,Brasil,,,,Cerrado,33,50,5006275,8,,224_073,5.8,POINT(-53.35877 -19.39131)
1814984017,2546f37e-1cd7-383c-844d-9d28cd5b7282,-49.40652,-19.33158,2026-04-21 17:41:00+00:00,2026-04-21,NPP-375,CAMPINA VERDE,MINAS GERAIS,Brasil,,,,Cerrado,33,31,3111101,8,,221_073,2.7,POINT(-49.40652 -19.33158)
1814982798,4920fd2c-d191-3cb0-bb53-eb506fc66405,-54.92418,-16.42788,2026-04-21 17:41:00+00:00,2026-04-21,NPP-375,RONDONÓPOLIS,MATO GROSSO,Brasil,,,,Cerrado,33,51,5107602,8,,225_071,15.3,POINT(-54.92418 -16.42788)
1814982071,d4284f27-a0ef-3225-a4e6-ae8473a8520d,-54.27448,-17.66472,2026-04-21 17:41:00+00:00,2026-04-21,NPP-375,SONORA,MATO GROSSO DO SUL,Brasil,,,,Cerrado,33,50,5007935,8,,225_072,7.3,POINT(-54.27448 -17.66472)
1814983473,acf98075-5dda-38ac-9231-e46ffd63e93d,-53.36254,-19.392,2026-04-21 17:41:00+00:00,2026-04-21,NPP-375,PARAÍSO DAS ÁGUAS,MATO GROSSO DO SUL,Brasil,,,,Cerrado,33,50,5006275,8,,224_073,5.8,POINT(-53.36254 -19.392)
1814982850,4c598469-2054-335a-b49c-ba42dcf361a3,-51.34848,-19.7114,2026-04-21 17:41:00+00:00,2026-04-21,NPP-375,PARANAÍBA,MATO GROSSO DO SUL,Brasil,,,,Cerrado,33,50,5006309,8,,223_074,6.3,POINT(-51.34848 -19.7114)
1814984246,65147fa9-1174-3882-b1c9-7ef6867fc8b3,-51.34703,-19.71193,2026-04-21 17:41:00+00:00,2026-04-21,NPP-375,PARANAÍBA,MATO GROSSO DO SUL,Brasil,,,,Cerrado,33,50,5006309,8,,223_074,2.1,POINT(-51.34703 -19.71193)
1814982491,ca474ef2-d5d7-39e4-beaf-173ece63abc9,-47.87827,-16.37334,2026-04-21 17:41:00+00:00,2026-04-21,NPP-375,LUZIÂNIA,GOIÁS,Brasil,,,,Cerrado,33,52,5212501,8,,221_071,6.5,POINT(-47.87827 -16.37334)
1814984286,bd981f75-b0ca-3d27-b164-fc858d906dc6,-46.83265,-17.16567,2026-04-21 17:41:00+00:00,2026-04-21,NPP-375,PARACATU,MINAS GERAIS,Brasil,,,,Cerrado,33,31,3147006,8,,220_072,2.2,POINT(-46.83265 -17.16567)
1814984201,afcec3e4-332a-35bf-84ed-07cd4344c3d3,-47.87543,-16.37304,2026-04-21 17:41:00+00:00,2026-04-21,NPP-375,LUZIÂNIA,GOIÁS,Brasil,,,,Cerrado,33,52,5212501,8,,221_071,5.5,POINT(-47.87543 -16.37304)
1814982870,61570e00-b83d-3721-923c-123afc6237d1,-53.15533,-17.19373,2026-04-21 17:41:00+00:00,2026-04-21,NPP-375,SANTA RITA DO ARAGUAIA,GOIÁS,Brasil,,,,Cerrado,33,52,5219407,8,,224_072,2.3,POINT(-53.15533 -17.19373)
1814984121,bef33c75-626a-3ad8-90db-481a0859e559,-54.92485,-16.424,2026-04-21 17:41:00+00:00,2026-04-21,NPP-375,RONDONÓPOLIS,MATO GROSSO,Brasil,,,,Cerrado,33,51,5107602,8,,225_071,15.3,POINT(-54.92485 -16.424)
1814982464,4ac94053-e8cf-3839-9338-66c08238e07e,-51.67514,-20.77786,2026-04-21 17:41:00+00:00,2026-04-21,NPP-375,TRÊS LAGOAS,MATO GROSSO DO SUL,Brasil,,,,Mata Atlântica,33,50,5008305,8,,223_074,5.3,POINT(-51.67514 -20.77786)
1814984325,209cb422-a664-3735-bd32-f5df47eb57db,-49.59451,-20.03855,2026-04-21 17:41:00+00:00,2026-04-21,NPP-375,RIOLÂNDIA,SÃO PAULO,Brasil,,,,Mata Atlântica,33,35,3544202,8,,221_074,2.8,POINT(-49.59451 -20.03855)
1814982625,052741f5-8369-3609-97e1-73b463daa1dc,-56.36249,-20.91989,2026-04-21 17:41:00+00:00,2026-04-21,NPP-375,BONITO,MATO GROSSO DO SUL,Brasil,,,,Cerrado,33,50,5002209,8,,226_074,3.8,POINT(-56.36249 -20.91989)
1814984073,9e07bb6b-d47b-3be6-8b1b-2ace245a5217,-54.54683,-18.41677,2026-04-21 17:41:00+00:00,2026-04-21,NPP-375,COXIM,MATO GROSSO DO SUL,Brasil,,,,Cerrado,33,50,5003306,8,,225_073,6.0,POINT(-54.54683 -18.41677)
1814982447,bf6929e2-5460-3f49-8aaf-bde7a179eb35,-51.67321,-21.25289,2026-04-21 17:41:00+00:00,2026-04-21,NPP-375,SÃO JOÃO DO PAU D'ALHO,SÃO PAULO,Brasil,,,,Mata Atlântica,33,35,3549300,8,,223_075,8.6,POINT(-51.67321 -21.25289)
1814983356,3a4e3b29-4abc-351a-b311-faad8d4f7f38,-54.91929,-16.42703,2026-04-21 17:41:00+00:00,2026-04-21,NPP-375,RONDONÓPOLIS,MATO GROSSO,Brasil,,,,Cerrado,33,51,5107602,8,,225_071,8.5,POINT(-54.91929 -16.42703)
1814982715,1275f698-07fe-3c71-ae2d-5cecad675920,-44.19524,-18.12246,2026-04-21 17:41:00+00:00,2026-04-21,NPP-375,AUGUSTO DE LIMA,MINAS GERAIS,Brasil,,,,Cerrado,33,31,3104809,8,,218_073,6.7,POINT(-44.19524 -18.12246)
1814983083,3c885e27-595e-3df3-83dc-0a8393e7319f,-50.68095,-15.97348,2026-04-21 17:41:00+00:00,2026-04-21,NPP-375,NOVO BRASIL,GOIÁS,Brasil,,,,Cerrado,33,52,5215207,8,,223_071,5.6,POINT(-50.68095 -15.97348)
1814981857,19906569-2785-3d9b-a171-e1b24258d4f0,-51.67232,-21.25724,2026-04-21 17:41:00+00:00,2026-04-21,NPP-375,SÃO JOÃO DO PAU D'ALHO,SÃO PAULO,Brasil,,,,Mata Atlântica,33,35,3549300,8,,223_075,3.8,POINT(-51.67232 -21.25724)
1814985038,ab822353-0d06-3c1c-a4c2-1f86ed2fad6b,-50.62661,-16.96809,2026-04-21 17:41:00+00:00,2026-04-21,NPP-375,PARAÚNA,GOIÁS,Brasil,,,,Cerrado,33,52,5216403,8,,223_072,1.1,POINT(-50.62661 -16.96809)
1814982776,a88e3305-d3ed-3894-b15b-eac3d1fd9492,-49.77171,-19.69389,2026-04-21 17:41:00+00:00,2026-04-21,NPP-375,SÃO FRANCISCO DE SALES,MINAS GERAIS,Brasil,,,,Cerrado,33,31,3161304,8,,222_074,3.4,POINT(-49.77171 -19.69389)
1814981858,b9a95653-6df1-33b3-a4bc-abbb70362394,-51.348,-19.70737,2026-04-21 17:41:00+00:00,2026-04-21,NPP-375,PARANAÍBA,MATO GROSSO DO SUL,Brasil,,,,Cerrado,33,50,5006309,8,,223_074,3.9,POINT(-51.348 -19.70737)
1814983230,fa037190-5099-393f-94a2-5f90524c4c1c,-45.35118,-13.96273,2026-04-21 17:41:00+00:00,2026-04-21,NPP-375,JABORANDI,BAHIA,Brasil,,,,Cerrado,33,29,2917359,8,,220_070,6.2,POINT(-45.35118 -13.96273)
1814984747,3f0d0a23-59f2-3e25-9c24-4c5efdba8f8d,-52.6671,-17.81635,2026-04-21 17:41:00+00:00,2026-04-21,NPP-375,MINEIROS,GOIÁS,Brasil,,,,Cerrado,33,52,5213103,8,,224_072,8.5,POINT(-52.6671 -17.81635)
1814984928,62493a9c-8a0a-3f04-a60d-4330f62dfd4f,-56.67624,-15.75557,2026-04-21 17:41:00+00:00,2026-04-21,NPP-375,NOSSA SENHORA DO LIVRAMENTO,MATO GROSSO,Brasil,,,,Cerrado,33,51,5106109,8,,227_071,2.8,POINT(-56.67624 -15.75557)
1814983616,61eb3a6d-cd69-3f71-a34a-015af52a0792,-54.27687,-17.663,2026-04-21 17:41:00+00:00,2026-04-21,NPP-375,SONORA,MATO GROSSO DO SUL,Brasil,,,,Cerrado,33,50,5007935,8,,225_072,4.9,POINT(-54.27687 -17.663)
1814982299,d549fa27-e0d1-3d43-aab2-e5b1c9d1e1e3,-44.19859,-18.12178,2026-04-21 17:41:00+00:00,2026-04-21,NPP-375,AUGUSTO DE LIMA,MINAS GERAIS,Brasil,,,,Cerrado,33,31,3104809,8,,218_073,8.2,POINT(-44.19859 -18.12178)
1814982948,d4220e8b-73d5-3c70-9c11-be2112ddd56c,-57.18202,-12.30055,2026-04-21 17:43:00+00:00,2026-04-21,NPP-375,NOVA MARINGÁ,MATO GROSSO,Brasil,,,,Amazônia,33,51,5108907,8,,227_069,13.9,POINT(-57.18202 -12.30055)
1814982777,229ae943-80e4-3bf8-aee4-be82fd73861d,-56.65912,-13.99035,2026-04-21 17:43:00+00:00,2026-04-21,NPP-375,DIAMANTINO,MATO GROSSO,Brasil,,,,Cerrado,33,51,5103502,8,,227_070,5.8,POINT(-56.65912 -13.99035)
1814984051,57d5a0a4-98c2-3d3a-ab56-1126fc248d6e,-57.1857,-12.30487,2026-04-21 17:43:00+00:00,2026-04-21,NPP-375,NOVA MARINGÁ,MATO GROSSO,Brasil,,,,Amazônia,33,51,5108907,8,,227_069,3.1,POINT(-57.1857 -12.30487)
1814981877,e3b49158-bedb-308b-a34b-b35e2af44884,-56.6548,-13.98962,2026-04-21 17:43:00+00:00,2026-04-21,NPP-375,DIAMANTINO,MATO GROSSO,Brasil,,,,Cerrado,33,51,5103502,8,,227_070,5.8,POINT(-56.6548 -13.98962)
1814983840,e599dd31-07a6-34de-b213-35e4aab8aa21,-57.18142,-12.30418,2026-04-21 17:43:00+00:00,2026-04-21,NPP-375,NOVA MARINGÁ,MATO GROSSO,Brasil,,,,Amazônia,33,51,5108907,8,,227_069,13.3,POINT(-57.18142 -12.30418)
1814985134,6972fa42-8207-3cc8-87f0-c061c3033a4d,-56.79353,-14.03155,2026-04-21 17:43:00+00:00,2026-04-21,NPP-375,DIAMANTINO,MATO GROSSO,Brasil,,,,Cerrado,33,51,5103502,8,,227_070,16.8,POINT(-56.79353 -14.03155)
1814984935,ccf3d988-2723-3867-bf58-e8143f1e573b,-58.23046,-14.27691,2026-04-21 17:43:00+00:00,2026-04-21,NPP-375,TANGARÁ DA SERRA,MATO GROSSO,Brasil,,,,Cerrado,33,51,5107958,8,,228_070,1.1,POINT(-58.23046 -14.27691)
1814985005,d5810657-feeb-3d37-9f34-60a7206a884c,-57.18195,-12.30415,2026-04-21 17:43:00+00:00,2026-04-21,NPP-375,NOVA MARINGÁ,MATO GROSSO,Brasil,,,,Amazônia,33,51,5108907,8,,227_069,12.8,POINT(-57.18195 -12.30415)
1814984131,7a61b6ee-f7ed-3cbd-835b-08fe166250ab,-59.30367,-3.58373,2026-04-21 17:43:00+00:00,2026-04-21,NPP-375,AUTAZES,AMAZONAS,Brasil,,,,Amazônia,33,13,1300300,8,,230_062,3.5,POINT(-59.30367 -3.58373)
1814984451,0d8caa4d-d673-3a4e-8c1c-4b206350547f,-58.77061,-14.52371,2026-04-21 17:43:00+00:00,2026-04-21,NPP-375,TANGARÁ DA SERRA,MATO GROSSO,Brasil,,,,Cerrado,33,51,5107958,8,,228_070,13.1,POINT(-58.77061 -14.52371)
1814984469,7247cb5c-a446-37fd-863f-71b4eedfa1a8,-57.18256,-12.30052,2026-04-21 17:43:00+00:00,2026-04-21,NPP-375,NOVA MARINGÁ,MATO GROSSO,Brasil,,,,Amazônia,33,51,5108907,8,,227_069,12.8,POINT(-57.18256 -12.30052)
1814982334,51e0f5ab-88e2-37d1-ada2-e039bbc9471c,-56.63133,-13.99694,2026-04-21 17:43:00+00:00,2026-04-21,NPP-375,DIAMANTINO,MATO GROSSO,Brasil,,,,Cerrado,33,51,5103502,8,,227_070,4.3,POINT(-56.63133 -13.99694)
1814984487,c174af90-ed54-3f89-9cc9-af3ce3059cda,-56.79781,-14.03226,2026-04-21 17:43:00+00:00,2026-04-21,NPP-375,DIAMANTINO,MATO GROSSO,Brasil,,,,Cerrado,33,51,5103502,8,,227_070,12.7,POINT(-56.79781 -14.03226)
1814982484,3fb4bff0-781a-3a96-b208-e2d4525ecacc,-58.77117,-14.52035,2026-04-21 17:43:00+00:00,2026-04-21,NPP-375,TANGARÁ DA SERRA,MATO GROSSO,Brasil,,,,Cerrado,33,51,5107958,8,,228_070,5.0,POINT(-58.77117 -14.52035)
1814984223,384800b7-e6e0-3c71-8033-9bab7c74186c,-60.73804,-3.18825,2026-04-21 17:43:00+00:00,2026-04-21,NPP-375,MANACAPURU,AMAZONAS,Brasil,,,,Amazônia,33,13,1302504,8,,231_062,4.3,POINT(-60.73804 -3.18825)
1814984788,c0d47403-f1e4-3fb9-be39-3c0bb9ebd069,-56.65417,-13.99327,2026-04-21 17:43:00+00:00,2026-04-21,NPP-375,DIAMANTINO,MATO GROSSO,Brasil,,,,Cerrado,33,51,5103502,8,,227_070,5.8,POINT(-56.65417 -13.99327)
1814981954,6350b299-1aff-30cf-917e-05b987191c2c,-61.7755,3.52458,2026-04-21 17:45:00+00:00,2026-04-21,NPP-375,AMAJARI,RORAIMA,Brasil,,,,Amazônia,33,14,1400027,8,,233_058,15.9,POINT(-61.7755 3.52458)
1814983082,1e02c29e-1c4e-3f40-b686-10f60bb1930e,-60.4329,1.07724,2026-04-21 17:45:00+00:00,2026-04-21,NPP-375,RORAINÓPOLIS,RORAIMA,Brasil,,,,Amazônia,33,14,1400472,8,,231_059,5.5,POINT(-60.4329 1.07724)
1814983137,7fe2cab8-4e3b-3180-8624-0e90510c1a3a,-61.04124,2.70559,2026-04-21 17:45:00+00:00,2026-04-21,NPP-375,ALTO ALEGRE,RORAIMA,Brasil,,,,Amazônia,33,14,1400050,8,,232_058,5.4,POINT(-61.04124 2.70559)
1814981923,037d9e6f-a7f3-3531-995e-d6a172ef39fc,-60.85391,1.28653,2026-04-21 17:45:00+00:00,2026-04-21,NPP-375,CARACARAÍ,RORAIMA,Brasil,,,,Amazônia,33,14,1400209,8,,232_059,26.6,POINT(-60.85391 1.28653)
1814983543,ddfd8f0c-a278-32f6-b118-153e97153397,-61.7793,3.52402,2026-04-21 17:45:00+00:00,2026-04-21,NPP-375,AMAJARI,RORAIMA,Brasil,,,,Amazônia,33,14,1400027,8,,233_058,5.1,POINT(-61.7793 3.52402)
1814983757,aa9bc5c4-75cb-3531-ba61-27c3e3d6d751,-60.43237,1.07363,2026-04-21 17:45:00+00:00,2026-04-21,NPP-375,RORAINÓPOLIS,RORAIMA,Brasil,,,,Amazônia,33,14,1400472,8,,231_059,5.5,POINT(-60.43237 1.07363)
1814983798,ef78c5a3-517d-33c6-9ed1-ba1a76863d0e,-60.18173,2.44137,2026-04-21 17:45:00+00:00,2026-04-21,NPP-375,BONFIM,RORAIMA,Brasil,,,,Amazônia,33,14,1400159,8,,231_058,18.2,POINT(-60.18173 2.44137)
1814983875,5b457c02-6ed3-312e-ae8b-f1677e763e1b,-60.89021,1.47937,2026-04-21 17:45:00+00:00,2026-04-21,NPP-375,CARACARAÍ,RORAIMA,Brasil,,,,Amazônia,33,14,1400209,8,,232_059,32.2,POINT(-60.89021 1.47937)
1814983951,e5a940ab-46f0-38cf-a40a-4db727fc6fa0,-60.14174,1.65035,2026-04-21 17:45:00+00:00,2026-04-21,NPP-375,CARACARAÍ,RORAIMA,Brasil,,,,Amazônia,33,14,1400209,8,,231_059,6.1,POINT(-60.14174 1.65035)
1814983955,dc4f0ea0-7054-3994-a0bd-62451d0a84e5,-61.91493,3.62929,2026-04-21 17:45:00+00:00,2026-04-21,NPP-375,AMAJARI,RORAIMA,Brasil,,,,Amazônia,33,14,1400027,8,,233_057,6.0,POINT(-61.91493 3.62929)
1814984124,69bd8d65-b3a4-3a47-a27c-d494d69eae9c,-52.49955,0.51454,2026-04-21 17:45:00+00:00,2026-04-21,NPP-375,MAZAGÃO,AMAPÁ,Brasil,,,,Amazônia,33,16,1600402,8,,226_060,1.1,POINT(-52.49955 0.51454)
1814984264,fd05764e-9979-3275-9ee3-418993fde03c,-60.86234,1.28889,2026-04-21 17:45:00+00:00,2026-04-21,NPP-375,CARACARAÍ,RORAIMA,Brasil,,,,Amazônia,33,14,1400209,8,,232_059,2.9,POINT(-60.86234 1.28889)
1814984439,956d3ab9-0ff6-367f-85af-4b589a1e3b09,-61.91113,3.62986,2026-04-21 17:45:00+00:00,2026-04-21,NPP-375,AMAJARI,RORAIMA,Brasil,,,,Amazônia,33,14,1400027,8,,233_057,6.0,POINT(-61.91113 3.62986)
1814984875,46aae6b9-aa75-3746-a737-2193b65b08c8,-60.85786,1.28594,2026-04-21 17:45:00+00:00,2026-04-21,NPP-375,CARACARAÍ,RORAIMA,Brasil,,,,Amazônia,33,14,1400209,8,,232_059,26.6,POINT(-60.85786 1.28594)
1814985075,bfdc2dbf-f88f-344b-ae15-04a61b7619a5,-60.85839,1.28948,2026-04-21 17:45:00+00:00,2026-04-21,NPP-375,CARACARAÍ,RORAIMA,Brasil,,,,Amazônia,33,14,1400209,8,,232_059,31.3,POINT(-60.85839 1.28948)
1814985223,c67ff02f-5122-3610-a1c9-49786303963b,-60.33246,2.5777,2026-04-21 17:45:00+00:00,2026-04-21,NPP-375,CANTÁ,RORAIMA,Brasil,,,,Amazônia,33,14,1400175,8,,232_058,17.1,POINT(-60.33246 2.5777)
1814982159,242f0ab3-3d60-346b-86e9-1680da4f8ab3,-60.14659,1.65338,2026-04-21 17:45:00+00:00,2026-04-21,NPP-375,CARACARAÍ,RORAIMA,Brasil,,,,Amazônia,33,14,1400209,8,,231_059,6.1,POINT(-60.14659 1.65338)
1814982172,c4b95d89-4aa9-3b00-b37d-b97c84422278,-60.195,2.25216,2026-04-21 17:45:00+00:00,2026-04-21,NPP-375,BONFIM,RORAIMA,Brasil,,,,Amazônia,33,14,1400159,8,,231_059,3.8,POINT(-60.195 2.25216)
1814982267,71c0bd93-394c-379d-9234-acc5aa9d7b90,-60.98998,2.57998,2026-04-21 17:45:00+00:00,2026-04-21,NPP-375,MUCAJAÍ,RORAIMA,Brasil,,,,Amazônia,33,14,1400308,8,,232_058,3.4,POINT(-60.98998 2.57998)
1814982666,441ccfac-76ad-355b-a5e0-12fd330e362c,-60.1423,1.65403,2026-04-21 17:45:00+00:00,2026-04-21,NPP-375,CARACARAÍ,RORAIMA,Brasil,,,,Amazônia,33,14,1400209,8,,231_059,6.1,POINT(-60.1423 1.65403)
1814982757,8c01886e-713d-3877-991f-685e61ec0602,-60.86407,2.73599,2026-04-21 17:45:00+00:00,2026-04-21,NPP-375,BOA VISTA,RORAIMA,Brasil,,,,Amazônia,33,14,1400100,8,,232_058,2.4,POINT(-60.86407 2.73599)
1814981957,a1c0a207-08fa-3fbe-8970-c4629bf8265f,-61.18174,3.70946,2026-04-21 17:45:00+00:00,2026-04-21,NPP-375,AMAJARI,RORAIMA,Brasil,,,,Amazônia,33,14,1400027,8,,232_057,3.1,POINT(-61.18174 3.70946)
1814982935,eaaa1ac8-e022-3414-a8c1-cd2a8073f863,-61.18788,3.72316,2026-04-21 17:45:00+00:00,2026-04-21,NPP-375,AMAJARI,RORAIMA,Brasil,,,,Amazônia,33,14,1400027,8,,232_057,7.6,POINT(-61.18788 3.72316)
1814989138,fc7a2245-57e9-34b9-b257-c216448e1af2,-50.07731,-27.92351,2026-04-21 17:56:00+00:00,2026-04-21,NOAA-20,PAINEL,SANTA CATARINA,Brasil,,,,Mata Atlântica,33,42,4211892,8,,221_079,5.6,POINT(-50.07731 -27.92351)
1814987189,b0c99fde-6d39-32aa-9d3e-d3dabb46eda8,-50.27005,-27.57688,2026-04-21 17:56:00+00:00,2026-04-21,NOAA-20,CORREIA PINTO,SANTA CATARINA,Brasil,,,,Mata Atlântica,33,42,4204558,8,,221_079,1.5,POINT(-50.27005 -27.57688)
1814989160,e952b0c6-4d8b-3f72-a0e2-52eda4c16741,-50.4613,-27.49608,2026-04-21 17:56:00+00:00,2026-04-21,NOAA-20,CORREIA PINTO,SANTA CATARINA,Brasil,,,,Mata Atlântica,33,42,4204558,8,,221_079,6.6,POINT(-50.4613 -27.49608)
1814988758,2d4b44fa-2056-3aa6-894d-861a0d1c5496,-50.46624,-27.49731,2026-04-21 17:56:00+00:00,2026-04-21,NOAA-20,CORREIA PINTO,SANTA CATARINA,Brasil,,,,Mata Atlântica,33,42,4204558,8,,221_079,6.6,POINT(-50.46624 -27.49731)
1814988421,bc72ffc1-9303-32c9-ae0c-04a2152316be,-50.57743,-26.70342,2026-04-21 17:56:00+00:00,2026-04-21,NOAA-20,TIMBÓ GRANDE,SANTA CATARINA,Brasil,,,,Mata Atlântica,33,42,4218251,8,,221_079,2.7,POINT(-50.57743 -26.70342)
1814987568,f9020db5-319b-3dc3-a27b-f05632119ab0,-52.18459,-27.08841,2026-04-21 17:56:00+00:00,2026-04-21,NOAA-20,IPUMIRIM,SANTA CATARINA,Brasil,,,,Mata Atlântica,33,42,4207700,8,,222_079,3.8,POINT(-52.18459 -27.08841)
1814988603,7447ef6f-a02f-3075-a3f9-96174e91f18e,-50.1874,-27.78869,2026-04-21 17:56:00+00:00,2026-04-21,NOAA-20,LAGES,SANTA CATARINA,Brasil,,,,Mata Atlântica,33,42,4209300,8,,221_079,6.7,POINT(-50.1874 -27.78869)
1814986251,e4cdb66f-9254-3056-8d68-80e62dad0717,-50.07896,-27.91755,2026-04-21 17:56:00+00:00,2026-04-21,NOAA-20,PAINEL,SANTA CATARINA,Brasil,,,,Mata Atlântica,33,42,4211892,8,,221_079,5.6,POINT(-50.07896 -27.91755)
1814987914,02c71b77-0c91-30ec-9e8f-18f99fa80c80,-50.2198,-27.90285,2026-04-21 17:56:00+00:00,2026-04-21,NOAA-20,LAGES,SANTA CATARINA,Brasil,,,,Mata Atlântica,33,42,4209300,8,,221_079,5.0,POINT(-50.2198 -27.90285)
1814988989,86a255c5-296e-3422-ad0c-736f8f826089,-52.18359,-27.08876,2026-04-21 17:56:00+00:00,2026-04-21,NOAA-20,IPUMIRIM,SANTA CATARINA,Brasil,,,,Mata Atlântica,33,42,4207700,8,,222_079,3.6,POINT(-52.18359 -27.08876)
1814988949,059be2e1-9b45-353a-9730-44d873c0722b,-50.05453,-28.17602,2026-04-21 17:56:00+00:00,2026-04-21,NOAA-20,SÃO JOAQUIM,SANTA CATARINA,Brasil,,,,Mata Atlântica,33,42,4216503,8,,220_080,9.5,POINT(-50.05453 -28.17602)
1814987495,810195c7-198d-3b8a-b185-a888b2536374,-51.00004,-27.03717,2026-04-21 17:56:00+00:00,2026-04-21,NOAA-20,VIDEIRA,SANTA CATARINA,Brasil,,,,Mata Atlântica,33,42,4219309,8,,221_079,3.8,POINT(-51.00004 -27.03717)
1814988936,4e37d8cf-ab9c-353a-9d31-b9647bc4e151,-50.56734,-27.42509,2026-04-21 17:56:00+00:00,2026-04-21,NOAA-20,CURITIBANOS,SANTA CATARINA,Brasil,,,,Mata Atlântica,33,42,4204806,8,,221_079,5.7,POINT(-50.56734 -27.42509)
1814986138,b26a3d93-5315-3069-82f0-2b71b94fa9f8,-49.58341,-27.00611,2026-04-21 17:56:00+00:00,2026-04-21,NOAA-20,IBIRAMA,SANTA CATARINA,Brasil,,,,Mata Atlântica,33,42,4206900,8,,220_079,7.9,POINT(-49.58341 -27.00611)
1814987931,acdde1bb-aed8-3298-8cce-ed986c11f722,-50.05935,-28.17724,2026-04-21 17:56:00+00:00,2026-04-21,NOAA-20,SÃO JOAQUIM,SANTA CATARINA,Brasil,,,,Mata Atlântica,33,42,4216503,8,,220_080,9.5,POINT(-50.05935 -28.17724)
1814986814,e7a21d63-566f-3a6d-aaa9-603139a27bfa,-49.81563,-26.96299,2026-04-21 17:56:00+00:00,2026-04-21,NOAA-20,DONA EMMA,SANTA CATARINA,Brasil,,,,Mata Atlântica,33,42,4205100,8,,221_079,2.6,POINT(-49.81563 -26.96299)
1814986490,d5d74a47-15ec-3e5e-a27f-0a3f61fd2b59,-49.58588,-27.00372,2026-04-21 17:56:00+00:00,2026-04-21,NOAA-20,IBIRAMA,SANTA CATARINA,Brasil,,,,Mata Atlântica,33,42,4206900,8,,220_079,9.1,POINT(-49.58588 -27.00372)
1814988314,c59d6d0d-46ef-3264-b35d-2f0f27aefb63,-50.21661,-27.89975,2026-04-21 17:56:00+00:00,2026-04-21,NOAA-20,LAGES,SANTA CATARINA,Brasil,,,,Mata Atlântica,33,42,4209300,8,,221_079,5.6,POINT(-50.21661 -27.89975)
1814988832,237b4429-4338-3fdb-9d81-b30ac18e27f5,-50.07291,-25.17638,2026-04-21 17:58:00+00:00,2026-04-21,NOAA-20,PONTA GROSSA,PARANÁ,Brasil,,,,Mata Atlântica,33,41,4119905,8,,221_077,5.4,POINT(-50.07291 -25.17638)
1814989115,2c6182ae-9d57-346c-800e-803f021d5d3d,-50.04016,-24.46986,2026-04-21 17:58:00+00:00,2026-04-21,NOAA-20,PIRAÍ DO SUL,PARANÁ,Brasil,,,,Cerrado,33,41,4119400,8,,221_077,7.5,POINT(-50.04016 -24.46986)
1814987691,464cbe97-50d8-3999-9ac5-f0b0492604b8,-52.93476,-26.03825,2026-04-21 17:58:00+00:00,2026-04-21,NOAA-20,FRANCISCO BELTRÃO,PARANÁ,Brasil,,,,Mata Atlântica,33,41,4108403,8,,223_078,3.1,POINT(-52.93476 -26.03825)
1814986628,4e066968-2e8a-3738-a978-0aa09e8fdcc2,-53.35852,-19.39333,2026-04-21 17:58:00+00:00,2026-04-21,NOAA-20,PARAÍSO DAS ÁGUAS,MATO GROSSO DO SUL,Brasil,,,,Cerrado,33,50,5006275,8,,224_073,7.6,POINT(-53.35852 -19.39333)
1814987261,b9dc121f-dc09-3f7f-a4e1-2faa073ab076,-49.40296,-25.20908,2026-04-21 17:58:00+00:00,2026-04-21,NOAA-20,ITAPERUÇU,PARANÁ,Brasil,,,,Mata Atlântica,33,41,4111258,8,,221_077,13.1,POINT(-49.40296 -25.20908)
1814986892,3a7b8bbc-3da9-3273-82c3-41fa7a660f7e,-50.72681,-25.36712,2026-04-21 17:58:00+00:00,2026-04-21,NOAA-20,IRATI,PARANÁ,Brasil,,,,Mata Atlântica,33,41,4110706,8,,221_078,19.6,POINT(-50.72681 -25.36712)
1814988753,6b901252-559b-375c-af76-9c399329344a,-51.67234,-20.77944,2026-04-21 17:58:00+00:00,2026-04-21,NOAA-20,TRÊS LAGOAS,MATO GROSSO DO SUL,Brasil,,,,Mata Atlântica,33,50,5008305,8,,223_074,4.4,POINT(-51.67234 -20.77944)
1814985721,dd637cbe-8a81-3097-9efb-1f9b670e2288,-49.62595,-24.95907,2026-04-21 17:58:00+00:00,2026-04-21,NOAA-20,CASTRO,PARANÁ,Brasil,,,,Mata Atlântica,33,41,4104907,8,,221_077,82.0,POINT(-49.62595 -24.95907)
1814985770,663361a3-895e-3f68-afca-5358c6280132,-51.18866,-25.0552,2026-04-21 17:58:00+00:00,2026-04-21,NOAA-20,PRUDENTÓPOLIS,PARANÁ,Brasil,,,,Mata Atlântica,33,41,4120606,8,,222_077,3.1,POINT(-51.18866 -25.0552)
1814989800,b19424d6-7f41-3998-b8fd-666cb7267823,-49.40383,-25.21159,2026-04-21 17:58:00+00:00,2026-04-21,NOAA-20,ITAPERUÇU,PARANÁ,Brasil,,,,Mata Atlântica,33,41,4111258,8,,221_077,17.2,POINT(-49.40383 -25.21159)
1814989394,9d4ffca7-8c2f-3604-972a-a45ce389de74,-49.6335,-24.95407,2026-04-21 17:58:00+00:00,2026-04-21,NOAA-20,CASTRO,PARANÁ,Brasil,,,,Mata Atlântica,33,41,4104907,8,,221_077,27.5,POINT(-49.6335 -24.95407)
1814988233,27a592a2-1212-3f52-baf3-c79157659043,-51.66947,-21.25652,2026-04-21 17:58:00+00:00,2026-04-21,NOAA-20,SÃO JOÃO DO PAU D'ALHO,SÃO PAULO,Brasil,,,,Mata Atlântica,33,35,3549300,8,,223_075,6.0,POINT(-51.66947 -21.25652)
1814989387,b2b93194-9b99-3bde-aa18-f3de19c80cac,-51.67106,-21.25437,2026-04-21 17:58:00+00:00,2026-04-21,NOAA-20,SÃO JOÃO DO PAU D'ALHO,SÃO PAULO,Brasil,,,,Mata Atlântica,33,35,3549300,8,,223_075,5.3,POINT(-51.67106 -21.25437)
1814988012,f84cfc0d-2344-3387-a518-d8a8d4d127f1,-50.73183,-25.36836,2026-04-21 17:58:00+00:00,2026-04-21,NOAA-20,IRATI,PARANÁ,Brasil,,,,Mata Atlântica,33,41,4110706,8,,221_078,20.6,POINT(-50.73183 -25.36836)
1814986135,ed95835d-ba15-3a6c-97cf-a68726d069b7,-49.38578,-25.10892,2026-04-21 17:58:00+00:00,2026-04-21,NOAA-20,RIO BRANCO DO SUL,PARANÁ,Brasil,,,,Mata Atlântica,33,41,4122206,8,,221_077,3.7,POINT(-49.38578 -25.10892)
1814986279,dadbf375-f7d3-3a45-a308-9706d4ff03f0,-53.35495,-19.39561,2026-04-21 17:58:00+00:00,2026-04-21,NOAA-20,PARAÍSO DAS ÁGUAS,MATO GROSSO DO SUL,Brasil,,,,Cerrado,33,50,5006275,8,,224_073,8.3,POINT(-53.35495 -19.39561)
1814986394,2dd94ab9-22f9-3fdc-bf61-eb06aa64c8a1,-51.4584,-25.8628,2026-04-21 17:58:00+00:00,2026-04-21,NOAA-20,PINHÃO,PARANÁ,Brasil,,,,Mata Atlântica,33,41,4119301,8,,222_078,3.2,POINT(-51.4584 -25.8628)
1814987798,d11d3c52-7c9a-33ce-8224-b553af9a97b0,-49.9935,-25.14935,2026-04-21 17:58:00+00:00,2026-04-21,NOAA-20,PONTA GROSSA,PARANÁ,Brasil,,,,Mata Atlântica,33,41,4119905,8,,221_077,5.6,POINT(-49.9935 -25.14935)
1814986965,ed30f962-cf79-3ca1-8316-06cc793c2843,-55.15438,-18.65549,2026-04-21 18:00:00+00:00,2026-04-21,NOAA-20,RIO VERDE DE MATO GROSSO,MATO GROSSO DO SUL,Brasil,,,,Pantanal,33,50,5007406,8,,225_073,5.8,POINT(-55.15438 -18.65549)
1814986172,d6e8c643-e494-3965-827e-c42627c0fba8,-52.66664,-17.81889,2026-04-21 18:00:00+00:00,2026-04-21,NOAA-20,MINEIROS,GOIÁS,Brasil,,,,Cerrado,33,52,5213103,8,,224_072,4.4,POINT(-52.66664 -17.81889)
1814986022,fa6b4308-6534-398b-a761-49431a231a47,-54.92146,-16.42957,2026-04-21 18:00:00+00:00,2026-04-21,NOAA-20,RONDONÓPOLIS,MATO GROSSO,Brasil,,,,Cerrado,33,51,5107602,8,,225_071,13.6,POINT(-54.92146 -16.42957)
1814989162,c3c8b6cb-825d-32e6-aa98-ecb63a37d1b5,-54.9225,-16.42383,2026-04-21 18:00:00+00:00,2026-04-21,NOAA-20,RONDONÓPOLIS,MATO GROSSO,Brasil,,,,Cerrado,33,51,5107602,8,,225_071,6.6,POINT(-54.9225 -16.42383)
1814989159,1d96e06d-f02a-3068-89fd-667b9446d43b,-56.79503,-14.03122,2026-04-21 18:00:00+00:00,2026-04-21,NOAA-20,DIAMANTINO,MATO GROSSO,Brasil,,,,Cerrado,33,51,5103502,8,,227_070,12.3,POINT(-56.79503 -14.03122)
1814986112,fd1b0146-94fb-31bc-b6a2-da4d63910b1f,-56.79158,-14.03053,2026-04-21 18:00:00+00:00,2026-04-21,NOAA-20,DIAMANTINO,MATO GROSSO,Brasil,,,,Cerrado,33,51,5103502,8,,227_070,10.3,POINT(-56.79158 -14.03053)
1814988210,afaf1302-771b-3d74-b627-09a569a133d8,-56.65596,-13.99233,2026-04-21 18:00:00+00:00,2026-04-21,NOAA-20,DIAMANTINO,MATO GROSSO,Brasil,,,,Cerrado,33,51,5103502,8,,227_070,4.2,POINT(-56.65596 -13.99233)
1814988816,fb86afd5-dd53-3ef7-a81b-22e3385cfecc,-54.54812,-18.41907,2026-04-21 18:00:00+00:00,2026-04-21,NOAA-20,COXIM,MATO GROSSO DO SUL,Brasil,,,,Cerrado,33,50,5003306,8,,225_073,2.9,POINT(-54.54812 -18.41907)
1814986314,fececadf-c791-3710-a8ac-dd68339f195c,-56.65253,-13.99164,2026-04-21 18:00:00+00:00,2026-04-21,NOAA-20,DIAMANTINO,MATO GROSSO,Brasil,,,,Cerrado,33,51,5103502,8,,227_070,4.2,POINT(-56.65253 -13.99164)
1814988167,52986ada-ddc3-3202-a92a-80536938e04e,-63.59254,-8.80009,2026-04-21 18:02:00+00:00,2026-04-21,NOAA-20,CANDEIAS DO JAMARI,RONDÔNIA,Brasil,,,,Amazônia,33,11,1100809,8,,232_066,3.0,POINT(-63.59254 -8.80009)
1814988918,e13d6665-5e1f-3b55-80c1-92063fa8232e,-57.18061,-12.30316,2026-04-21 18:02:00+00:00,2026-04-21,NOAA-20,NOVA MARINGÁ,MATO GROSSO,Brasil,,,,Amazônia,33,51,5108907,8,,227_069,14.7,POINT(-57.18061 -12.30316)
1814989342,4d63c25b-7429-3132-9cd1-496a3d97dab4,-57.18413,-12.30383,2026-04-21 18:02:00+00:00,2026-04-21,NOAA-20,NOVA MARINGÁ,MATO GROSSO,Brasil,,,,Amazônia,33,51,5108907,8,,227_069,14.7,POINT(-57.18413 -12.30383)
1814989379,f7a19c36-c272-38d7-8799-8656be1a7804,-60.43495,1.09042,2026-04-21 18:04:00+00:00,2026-04-21,NOAA-20,RORAINÓPOLIS,RORAIMA,Brasil,,,,Amazônia,33,14,1400472,8,,231_059,4.5,POINT(-60.43495 1.09042)
1814986779,f49a6393-b7a2-3398-8077-9ac9dea49ca6,-60.46559,0.88781,2026-04-21 18:04:00+00:00,2026-04-21,NOAA-20,RORAINÓPOLIS,RORAIMA,Brasil,,,,Amazônia,33,14,1400472,8,,231_059,7.5,POINT(-60.46559 0.88781)
1814986340,e3c58ac4-ef28-34e6-8ace-f5a04d13fe7d,-60.43467,1.09326,2026-04-21 18:04:00+00:00,2026-04-21,NOAA-20,RORAINÓPOLIS,RORAIMA,Brasil,,,,Amazônia,33,14,1400472,8,,231_059,4.9,POINT(-60.43467 1.09326)
1814986631,6f058615-1ba8-36ae-868b-5d69bc8ae22a,-60.49853,1.16872,2026-04-21 18:04:00+00:00,2026-04-21,NOAA-20,CARACARAÍ,RORAIMA,Brasil,,,,Amazônia,33,14,1400209,8,,232_059,3.0,POINT(-60.49853 1.16872)
1814988104,f2d1ffb5-cf8d-36ce-be56-c6f82c2713ad,-63.30355,-3.93533,2026-04-21 18:04:00+00:00,2026-04-21,NOAA-20,COARI,AMAZONAS,Brasil,,,,Amazônia,33,13,1301209,8,,233_063,9.8,POINT(-63.30355 -3.93533)
1814987809,e9decd14-f723-37f0-a74b-7b5cb12640a0,-61.03468,2.70089,2026-04-21 18:06:00+00:00,2026-04-21,NOAA-20,ALTO ALEGRE,RORAIMA,Brasil,,,,Amazônia,33,14,1400050,8,,232_058,3.2,POINT(-61.03468 2.70089)
1814986189,5917dcad-5e34-3f6f-9dce-0a126598d4e8,-60.8653,2.73305,2026-04-21 18:06:00+00:00,2026-04-21,NOAA-20,BOA VISTA,RORAIMA,Brasil,,,,Amazônia,33,14,1400100,8,,232_058,2.6,POINT(-60.8653 2.73305)
1814987761,f5e57691-2591-3ae3-8bc5-7615e674957d,-60.86559,2.73069,2026-04-21 18:06:00+00:00,2026-04-21,NOAA-20,BOA VISTA,RORAIMA,Brasil,,,,Amazônia,33,14,1400100,8,,232_058,3.2,POINT(-60.86559 2.73069)
1814988644,6f274350-4df0-3cff-b47a-c88ec1b20630,-61.03408,2.70195,2026-04-21 18:06:00+00:00,2026-04-21,NOAA-20,ALTO ALEGRE,RORAIMA,Brasil,,,,Amazônia,33,14,1400050,8,,232_058,5.0,POINT(-61.03408 2.70195)
1814989324,622a7cc1-e0cf-32f5-88b6-1f54bc69d1b2,-60.19511,2.25383,2026-04-21 18:06:00+00:00,2026-04-21,NOAA-20,BONFIM,RORAIMA,Brasil,,,,Amazônia,33,14,1400159,8,,231_059,7.6,POINT(-60.19511 2.25383)
1814986428,bd44822a-54b9-32e9-a40e-52cb3eb176b2,-60.88981,1.47843,2026-04-21 18:06:00+00:00,2026-04-21,NOAA-20,CARACARAÍ,RORAIMA,Brasil,,,,Amazônia,33,14,1400209,8,,232_059,16.7,POINT(-60.88981 1.47843)
1814985923,a4542da6-49c2-3f12-905e-f35634e283db,-60.54411,4.34815,2026-04-21 18:06:00+00:00,2026-04-21,NOAA-20,UIRAMUTÃ,RORAIMA,Brasil,,,,Amazônia,33,14,1400704,8,,232_057,5.0,POINT(-60.54411 4.34815)
1814979749,0e736404-49d2-3687-8548-912ea1a8d811,-45.2132,-12.031,2026-04-21 18:10:00+00:00,2026-04-21,GOES-19,BARREIRAS,BAHIA,Brasil,,,,Cerrado,33,29,2903201,8,,220_068,109.0,POINT(-45.2132 -12.031)
1814980130,fe45c3fb-780d-34dc-ba2d-8fadd45bce44,-45.3243,-13.3761,2026-04-21 18:30:00+00:00,2026-04-21,GOES-19,CORRENTINA,BAHIA,Brasil,,,,Cerrado,33,29,2909307,8,,220_069,178.8,POINT(-45.3243 -13.3761)
1814980415,9f32a480-c971-31f9-85ea-f823fb69324b,-45.3243,-13.3761,2026-04-21 18:40:00+00:00,2026-04-21,GOES-19,CORRENTINA,BAHIA,Brasil,,,,Cerrado,33,29,2909307,8,,220_069,138.3,POINT(-45.3243 -13.3761)
1814980404,b41f5709-3029-3d93-820d-c8294c5caf55,-45.2132,-12.031,2026-04-21 18:40:00+00:00,2026-04-21,GOES-19,BARREIRAS,BAHIA,Brasil,,,,Cerrado,33,29,2903201,8,,220_068,109.0,POINT(-45.2132 -12.031)
1814986938,3c56ad75-15be-3d98-9990-e6d1d9a0b89f,-50.22405,-27.95009,2026-04-21 18:49:00+00:00,2026-04-21,AQUA_M-T,LAGES,SANTA CATARINA,Brasil,,,,Mata Atlântica,33,42,4209300,8,,221_079,8.1,POINT(-50.22405 -27.95009)
1814985785,73623ae0-34cf-37ac-b47b-99cfb5139820,-50.73856,-25.37283,2026-04-21 18:49:00+00:00,2026-04-21,AQUA_M-T,IRATI,PARANÁ,Brasil,,,,Mata Atlântica,33,41,4110706,8,,221_078,80.6,POINT(-50.73856 -25.37283)
1814985803,16b9231e-e38f-351b-8010-15913a01da2e,-48.88018,-25.06259,2026-04-21 18:49:00+00:00,2026-04-21,AQUA_M-T,BOCAIÚVA DO SUL,PARANÁ,Brasil,,,,Mata Atlântica,33,41,4103107,8,,220_077,5.5,POINT(-48.88018 -25.06259)
1814985804,4ff09293-268d-306f-9cec-651d401c2116,-49.31373,-20.77128,2026-04-21 18:49:00+00:00,2026-04-21,AQUA_M-T,SÃO JOSÉ DO RIO PRETO,SÃO PAULO,Brasil,,,,Mata Atlântica,33,35,3549805,8,,221_074,7.0,POINT(-49.31373 -20.77128)
1814986002,a6406284-9c3f-3239-8770-b5f314187a5c,-51.18482,-26.02001,2026-04-21 18:49:00+00:00,2026-04-21,AQUA_M-T,CRUZ MACHADO,PARANÁ,Brasil,,,,Mata Atlântica,33,41,4106803,8,,222_078,7.0,POINT(-51.18482 -26.02001)
1814986124,bb8edbe8-b37e-3873-999a-f5e619abb73a,-49.25547,-25.72523,2026-04-21 18:49:00+00:00,2026-04-21,AQUA_M-T,FAZENDA RIO GRANDE,PARANÁ,Brasil,,,,Mata Atlântica,33,41,4107652,8,,220_078,15.9,POINT(-49.25547 -25.72523)
1814986223,e6b9cd0f-cbb1-3b8a-917a-4a03bd3e5de1,-51.19283,-25.06394,2026-04-21 18:49:00+00:00,2026-04-21,AQUA_M-T,PRUDENTÓPOLIS,PARANÁ,Brasil,,,,Mata Atlântica,33,41,4120606,8,,222_077,22.7,POINT(-51.19283 -25.06394)
1814986253,066c2c94-5231-3cf6-92da-5c086b2a2264,-47.66021,-23.40344,2026-04-21 18:49:00+00:00,2026-04-21,AQUA_M-T,IPERÓ,SÃO PAULO,Brasil,,,,Mata Atlântica,33,35,3521002,8,,220_076,6.3,POINT(-47.66021 -23.40344)
1814986257,bb6dd5b0-2c57-39b5-a898-0a9308b834d1,-49.58567,-27.00386,2026-04-21 18:49:00+00:00,2026-04-21,AQUA_M-T,IBIRAMA,SANTA CATARINA,Brasil,,,,Mata Atlântica,33,42,4206900,8,,220_079,18.1,POINT(-49.58567 -27.00386)
1814986300,c16c3b25-1f39-3178-aa92-6017e86eceef,-47.40126,-22.7993,2026-04-21 18:49:00+00:00,2026-04-21,AQUA_M-T,SANTA BÁRBARA D'OESTE,SÃO PAULO,Brasil,,,,Mata Atlântica,33,35,3545803,8,,220_076,49.2,POINT(-47.40126 -22.7993)
1814986316,7896cb02-5288-3b6a-8a17-4804e24a90ea,-50.22406,-27.95009,2026-04-21 18:49:00+00:00,2026-04-21,AQUA_M-T,LAGES,SANTA CATARINA,Brasil,,,,Mata Atlântica,33,42,4209300,8,,221_079,8.1,POINT(-50.22406 -27.95009)
1814986441,d41d06c5-11ec-3526-8f9b-7b418041dae0,-49.03222,-28.13461,2026-04-21 18:49:00+00:00,2026-04-21,AQUA_M-T,SÃO MARTINHO,SANTA CATARINA,Brasil,,,,Mata Atlântica,33,42,4217105,8,,220_079,9.8,POINT(-49.03222 -28.13461)
1814986458,e988df78-1c76-33f8-849a-f4b4d150fd62,-48.88989,-25.06398,2026-04-21 18:49:00+00:00,2026-04-21,AQUA_M-T,BOCAIÚVA DO SUL,PARANÁ,Brasil,,,,Mata Atlântica,33,41,4103107,8,,220_077,7.5,POINT(-48.88989 -25.06398)
1814986511,b209a265-7ffb-3375-ae32-d99b932dc796,-49.32859,-24.99847,2026-04-21 18:49:00+00:00,2026-04-21,AQUA_M-T,CERRO AZUL,PARANÁ,Brasil,,,,Mata Atlântica,33,41,4105201,8,,221_077,14.7,POINT(-49.32859 -24.99847)
1814986518,d31e048f-410d-3b3f-8701-640a8a88c060,-49.41094,-25.21247,2026-04-21 18:49:00+00:00,2026-04-21,AQUA_M-T,ITAPERUÇU,PARANÁ,Brasil,,,,Mata Atlântica,33,41,4111258,8,,221_077,19.2,POINT(-49.41094 -25.21247)
1814986590,91b34edb-eead-3ca2-b081-013389db8670,-47.46249,-22.14346,2026-04-21 18:49:00+00:00,2026-04-21,AQUA_M-T,SANTA CRUZ DA CONCEIÇÃO,SÃO PAULO,Brasil,,,,Cerrado,33,35,3546207,8,,220_075,22.5,POINT(-47.46249 -22.14346)
1814986694,c1ee3aea-9d17-3fdf-88ef-824aae82f79f,-49.29793,-23.91521,2026-04-21 18:49:00+00:00,2026-04-21,AQUA_M-T,ITARARÉ,SÃO PAULO,Brasil,,,,Cerrado,33,35,3523206,8,,221_077,5.3,POINT(-49.29793 -23.91521)
1814986729,9a3eef0a-3470-3324-a3aa-7a6691c02bb5,-49.93655,-24.51175,2026-04-21 18:49:00+00:00,2026-04-21,AQUA_M-T,PIRAÍ DO SUL,PARANÁ,Brasil,,,,Mata Atlântica,33,41,4119400,8,,221_077,4.7,POINT(-49.93655 -24.51175)
1814986761,afae0713-494a-3d69-9b36-80f4c1663ce8,-49.24551,-25.72384,2026-04-21 18:49:00+00:00,2026-04-21,AQUA_M-T,SÃO JOSÉ DOS PINHAIS,PARANÁ,Brasil,,,,Mata Atlântica,33,41,4125506,8,,220_078,4.9,POINT(-49.24551 -25.72384)
1814986785,244730d8-5294-3f44-86ee-e422b91d6f18,-50.51091,-27.97294,2026-04-21 18:49:00+00:00,2026-04-21,AQUA_M-T,CAPÃO ALTO,SANTA CATARINA,Brasil,,,,Mata Atlântica,33,42,4203253,8,,221_079,37.2,POINT(-50.51091 -27.97294)
1814986815,f0dab013-6e9e-381c-82e6-f555c72432fe,-49.16451,-27.35178,2026-04-21 18:49:00+00:00,2026-04-21,AQUA_M-T,NOVA TRENTO,SANTA CATARINA,Brasil,,,,Mata Atlântica,33,42,4211504,8,,220_079,20.6,POINT(-49.16451 -27.35178)
1814986830,9c440eb3-0dfd-36e1-95d5-8fdcb6455686,-51.19282,-25.06395,2026-04-21 18:49:00+00:00,2026-04-21,AQUA_M-T,PRUDENTÓPOLIS,PARANÁ,Brasil,,,,Mata Atlântica,33,41,4120606,8,,222_077,22.7,POINT(-51.19282 -25.06395)
1814986902,743835b4-06ad-3feb-a5c3-0a331b4c6476,-50.41973,-25.64421,2026-04-21 18:49:00+00:00,2026-04-21,AQUA_M-T,SÃO JOÃO DO TRIUNFO,PARANÁ,Brasil,,,,Mata Atlântica,33,41,4125100,8,,221_078,9.4,POINT(-50.41973 -25.64421)
1814987097,364919af-b595-3212-9ceb-4ece68fd024c,-50.71241,-27.14271,2026-04-21 18:49:00+00:00,2026-04-21,AQUA_M-T,FREI ROGÉRIO,SANTA CATARINA,Brasil,,,,Mata Atlântica,33,42,4205555,8,,221_079,35.1,POINT(-50.71241 -27.14271)
1814987109,67748cd7-458d-3873-add2-c8a21bf49872,-50.73855,-25.37283,2026-04-21 18:49:00+00:00,2026-04-21,AQUA_M-T,IRATI,PARANÁ,Brasil,,,,Mata Atlântica,33,41,4110706,8,,221_078,80.6,POINT(-50.73855 -25.37283)
1814987118,428e84d5-066f-3f4e-b666-340740bd13a2,-49.24552,-25.72384,2026-04-21 18:49:00+00:00,2026-04-21,AQUA_M-T,SÃO JOSÉ DOS PINHAIS,PARANÁ,Brasil,,,,Mata Atlântica,33,41,4125506,8,,220_078,4.9,POINT(-49.24552 -25.72384)
1814987150,91530240-ffab-3188-a20d-ce741f9501c0,-50.86473,-27.20505,2026-04-21 18:49:00+00:00,2026-04-21,AQUA_M-T,MONTE CARLO,SANTA CATARINA,Brasil,,,,Mata Atlântica,33,42,4211058,8,,221_079,9.3,POINT(-50.86473 -27.20505)
1814987152,197b39d1-800b-307c-bef9-4e533cc196b0,-50.7275,-25.3714,2026-04-21 18:49:00+00:00,2026-04-21,AQUA_M-T,IRATI,PARANÁ,Brasil,,,,Mata Atlântica,33,41,4110706,8,,221_078,43.1,POINT(-50.7275 -25.3714)
1814987179,de43c891-6b96-327f-9afc-ad5a1d1d737f,-51.43998,-24.92153,2026-04-21 18:49:00+00:00,2026-04-21,AQUA_M-T,TURVO,PARANÁ,Brasil,,,,Mata Atlântica,33,41,4127965,8,,222_077,7.3,POINT(-51.43998 -24.92153)
1814987295,4fa27d8d-ee78-38cf-9d66-5616be39cab5,-49.16452,-27.35178,2026-04-21 18:49:00+00:00,2026-04-21,AQUA_M-T,NOVA TRENTO,SANTA CATARINA,Brasil,,,,Mata Atlântica,33,42,4211504,8,,220_079,20.6,POINT(-49.16452 -27.35178)
1814987419,1032e600-daec-36ee-a546-2b0bc90e619a,-47.3913,-22.79773,2026-04-21 18:49:00+00:00,2026-04-21,AQUA_M-T,SANTA BÁRBARA D'OESTE,SÃO PAULO,Brasil,,,,Mata Atlântica,33,35,3545803,8,,220_076,6.6,POINT(-47.3913 -22.79773)
1814987430,a2231c38-8a05-3b78-99b8-5114f446e683,-49.62535,-24.96552,2026-04-21 18:49:00+00:00,2026-04-21,AQUA_M-T,CASTRO,PARANÁ,Brasil,,,,Mata Atlântica,33,41,4104907,8,,221_077,50.8,POINT(-49.62535 -24.96552)
1814987431,72c716e5-9766-3824-8ee5-a0fad49106fd,-49.32857,-24.99847,2026-04-21 18:49:00+00:00,2026-04-21,AQUA_M-T,CERRO AZUL,PARANÁ,Brasil,,,,Mata Atlântica,33,41,4105201,8,,221_077,14.7,POINT(-49.32857 -24.99847)
1814987493,643010e5-28f8-3114-b31f-3d8df19a4443,-50.87141,-25.82511,2026-04-21 18:49:00+00:00,2026-04-21,AQUA_M-T,MALLET,PARANÁ,Brasil,,,,Mata Atlântica,33,41,4113908,8,,221_078,7.4,POINT(-50.87141 -25.82511)
1814987502,6f7e12ac-28f7-394a-a0f4-4ea1a526723a,-45.48165,-21.5806,2026-04-21 18:49:00+00:00,2026-04-21,AQUA_M-T,VARGINHA,MINAS GERAIS,Brasil,,,,Mata Atlântica,33,31,3170701,8,,219_075,13.0,POINT(-45.48165 -21.5806)
1814987545,82089e04-5cd9-37b7-9fc6-8e28cd51f215,-50.05781,-28.17957,2026-04-21 18:49:00+00:00,2026-04-21,AQUA_M-T,SÃO JOAQUIM,SANTA CATARINA,Brasil,,,,Mata Atlântica,33,42,4216503,8,,220_080,19.2,POINT(-50.05781 -28.17957)
1814987547,681a35b0-c71f-3b5b-b9d7-14bffe2fb86f,-49.0322,-28.13461,2026-04-21 18:49:00+00:00,2026-04-21,AQUA_M-T,SÃO MARTINHO,SANTA CATARINA,Brasil,,,,Mata Atlântica,33,42,4217105,8,,220_079,9.8,POINT(-49.0322 -28.13461)
1814987624,9c095fc5-ba3c-38fc-b66a-f67e16c52001,-50.0578,-28.17957,2026-04-21 18:49:00+00:00,2026-04-21,AQUA_M-T,SÃO JOAQUIM,SANTA CATARINA,Brasil,,,,Mata Atlântica,33,42,4216503,8,,220_080,19.2,POINT(-50.0578 -28.17957)
1814987633,f2b4182e-933b-3437-9cd2-cac8a7ca5315,-49.59636,-27.00532,2026-04-21 18:49:00+00:00,2026-04-21,AQUA_M-T,JOSÉ BOITEUX,SANTA CATARINA,Brasil,,,,Mata Atlântica,33,42,4209151,8,,220_079,12.4,POINT(-49.59636 -27.00532)
1814987663,a071e050-759a-31a9-915b-6beb963f092f,-50.85992,-27.20084,2026-04-21 18:49:00+00:00,2026-04-21,AQUA_M-T,MONTE CARLO,SANTA CATARINA,Brasil,,,,Mata Atlântica,33,42,4211058,8,,221_079,13.0,POINT(-50.85992 -27.20084)
1814987692,541e7da6-b0c8-3a15-8449-6d9b898d03fa,-49.63522,-24.96689,2026-04-21 18:49:00+00:00,2026-04-21,AQUA_M-T,CASTRO,PARANÁ,Brasil,,,,Mata Atlântica,33,41,4104907,8,,221_077,54.7,POINT(-49.63522 -24.96689)
1814987858,62e514a6-46f1-3bad-8a94-221c5b204625,-49.41095,-25.21247,2026-04-21 18:49:00+00:00,2026-04-21,AQUA_M-T,ITAPERUÇU,PARANÁ,Brasil,,,,Mata Atlântica,33,41,4111258,8,,221_077,19.2,POINT(-49.41095 -25.21247)
1814987888,d87fb844-f884-3e2f-b0dd-df8d8075b684,-49.63523,-24.96689,2026-04-21 18:49:00+00:00,2026-04-21,AQUA_M-T,CASTRO,PARANÁ,Brasil,,,,Mata Atlântica,33,41,4104907,8,,221_077,54.7,POINT(-49.63523 -24.96689)
1814987891,cc10a6cb-e643-3a86-9586-7ec09c3b0218,-45.48164,-21.5806,2026-04-21 18:49:00+00:00,2026-04-21,AQUA_M-T,VARGINHA,MINAS GERAIS,Brasil,,,,Mata Atlântica,33,31,3170701,8,,219_075,13.0,POINT(-45.48164 -21.5806)
1814987988,60d8da4c-7504-3b76-aa96-15773cf417a1,-47.40128,-22.79929,2026-04-21 18:49:00+00:00,2026-04-21,AQUA_M-T,SANTA BÁRBARA D'OESTE,SÃO PAULO,Brasil,,,,Mata Atlântica,33,35,3545803,8,,220_076,49.2,POINT(-47.40128 -22.79929)
1814987995,39bace3b-4057-386b-b4ff-f93bcae178bb,-51.43999,-24.92153,2026-04-21 18:49:00+00:00,2026-04-21,AQUA_M-T,TURVO,PARANÁ,Brasil,,,,Mata Atlântica,33,41,4127965,8,,222_077,7.3,POINT(-51.43999 -24.92153)
1814988016,d94d6323-ae32-3c8f-b1f0-9f35585d012b,-47.39129,-22.79773,2026-04-21 18:49:00+00:00,2026-04-21,AQUA_M-T,SANTA BÁRBARA D'OESTE,SÃO PAULO,Brasil,,,,Mata Atlântica,33,35,3545803,8,,220_076,6.6,POINT(-47.39129 -22.79773)
1814988032,510a9564-5c82-3d55-8b8d-a7e134124310,-49.63681,-24.95795,2026-04-21 18:49:00+00:00,2026-04-21,AQUA_M-T,CASTRO,PARANÁ,Brasil,,,,Mata Atlântica,33,41,4104907,8,,221_077,294.0,POINT(-49.63681 -24.95795)
1814988092,10ca8ebb-b734-315c-b54a-889ba3d15164,-49.58566,-27.00386,2026-04-21 18:49:00+00:00,2026-04-21,AQUA_M-T,IBIRAMA,SANTA CATARINA,Brasil,,,,Mata Atlântica,33,42,4206900,8,,220_079,18.1,POINT(-49.58566 -27.00386)
1814988113,84332437-3a30-3728-a119-de97f4aa4000,-50.8714,-25.82511,2026-04-21 18:49:00+00:00,2026-04-21,AQUA_M-T,MALLET,PARANÁ,Brasil,,,,Mata Atlântica,33,41,4113908,8,,221_078,7.4,POINT(-50.8714 -25.82511)
1814988123,ef7b4c64-2444-3548-9d78-817ade6ddaba,-49.17506,-27.35321,2026-04-21 18:49:00+00:00,2026-04-21,AQUA_M-T,NOVA TRENTO,SANTA CATARINA,Brasil,,,,Mata Atlântica,33,42,4211504,8,,220_079,31.6,POINT(-49.17506 -27.35321)
1814988186,a64604ee-ec55-32d7-8b30-04dbbdb6ea34,-51.17326,-26.01854,2026-04-21 18:49:00+00:00,2026-04-21,AQUA_M-T,UNIÃO DA VITÓRIA,PARANÁ,Brasil,,,,Mata Atlântica,33,41,4128203,8,,222_078,9.6,POINT(-51.17326 -26.01854)
1814988203,2a3fba89-db3b-3f8d-a35d-4b307c737353,-49.31374,-20.77128,2026-04-21 18:49:00+00:00,2026-04-21,AQUA_M-T,SÃO JOSÉ DO RIO PRETO,SÃO PAULO,Brasil,,,,Mata Atlântica,33,35,3549805,8,,221_074,7.0,POINT(-49.31374 -20.77128)
1814988215,ed6f3e55-2de7-3d2f-bd24-dc9cca8a1a73,-49.62691,-24.95657,2026-04-21 18:49:00+00:00,2026-04-21,AQUA_M-T,CASTRO,PARANÁ,Brasil,,,,Mata Atlântica,33,41,4104907,8,,221_077,214.1,POINT(-49.62691 -24.95657)
1814988299,4ce21c95-567e-3172-860b-3c6c2115dc12,-49.17505,-27.35321,2026-04-21 18:49:00+00:00,2026-04-21,AQUA_M-T,NOVA TRENTO,SANTA CATARINA,Brasil,,,,Mata Atlântica,33,42,4211504,8,,220_079,31.6,POINT(-49.17505 -27.35321)
1814988309,0842d4ed-d9e2-3256-8e0b-26a1dacd0762,-49.45685,-26.67379,2026-04-21 18:49:00+00:00,2026-04-21,AQUA_M-T,BENEDITO NOVO,SANTA CATARINA,Brasil,,,,Mata Atlântica,33,42,4202206,8,,220_079,8.5,POINT(-49.45685 -26.67379)
1814988340,4fe6906a-eeec-3460-83d3-cf4b33f98e62,-50.86472,-27.20506,2026-04-21 18:49:00+00:00,2026-04-21,AQUA_M-T,MONTE CARLO,SANTA CATARINA,Brasil,,,,Mata Atlântica,33,42,4211058,8,,221_079,9.3,POINT(-50.86472 -27.20506)
1814988388,ecff4a01-0d70-3de9-9849-7334b94c933e,-49.62533,-24.96552,2026-04-21 18:49:00+00:00,2026-04-21,AQUA_M-T,CASTRO,PARANÁ,Brasil,,,,Mata Atlântica,33,41,4104907,8,,221_077,50.8,POINT(-49.62533 -24.96552)
1814988423,9c4f5440-0739-3c73-9ad9-bacef73354ce,-50.41972,-25.64422,2026-04-21 18:49:00+00:00,2026-04-21,AQUA_M-T,SÃO JOÃO DO TRIUNFO,PARANÁ,Brasil,,,,Mata Atlântica,33,41,4125100,8,,221_078,9.4,POINT(-50.41972 -25.64422)
1814988486,d47ac011-4ffa-3ebb-953f-a7a0a7000f29,-49.64673,-24.95932,2026-04-21 18:49:00+00:00,2026-04-21,AQUA_M-T,CASTRO,PARANÁ,Brasil,,,,Mata Atlântica,33,41,4104907,8,,221_077,7.2,POINT(-49.64673 -24.95932)
1814988530,a23d2b23-29fc-333b-a43b-ab5ac63245aa,-49.25546,-25.72523,2026-04-21 18:49:00+00:00,2026-04-21,AQUA_M-T,FAZENDA RIO GRANDE,PARANÁ,Brasil,,,,Mata Atlântica,33,41,4107652,8,,220_078,15.9,POINT(-49.25546 -25.72523)
1814988590,f22edc3a-7944-3141-8bb8-d2783a6a41b7,-50.70066,-27.14121,2026-04-21 18:49:00+00:00,2026-04-21,AQUA_M-T,CURITIBANOS,SANTA CATARINA,Brasil,,,,Mata Atlântica,33,42,4204806,8,,221_079,30.9,POINT(-50.70066 -27.14121)
1814988604,becb3fe1-0bb3-3fa6-95e5-6c49c64abab2,-48.88987,-25.06399,2026-04-21 18:49:00+00:00,2026-04-21,AQUA_M-T,BOCAIÚVA DO SUL,PARANÁ,Brasil,,,,Mata Atlântica,33,41,4103107,8,,220_077,7.5,POINT(-48.88987 -25.06399)
1814988623,ff5d5a40-e7e7-3799-b3ef-3a7cb695a3cd,-47.34648,-20.24587,2026-04-21 18:49:00+00:00,2026-04-21,AQUA_M-T,PEDREGULHO,SÃO PAULO,Brasil,,,,Cerrado,33,35,3537008,8,,220_074,6.1,POINT(-47.34648 -20.24587)
1814988656,d2267aa9-e9d9-30a9-aeef-6d9e1b672479,-50.52269,-27.97445,2026-04-21 18:49:00+00:00,2026-04-21,AQUA_M-T,CAPÃO ALTO,SANTA CATARINA,Brasil,,,,Mata Atlântica,33,42,4203253,8,,221_079,9.9,POINT(-50.52269 -27.97445)
1814988698,67171496-1065-3a2d-a090-1950ecb7c175,-50.7124,-27.14272,2026-04-21 18:49:00+00:00,2026-04-21,AQUA_M-T,FREI ROGÉRIO,SANTA CATARINA,Brasil,,,,Mata Atlântica,33,42,4205555,8,,221_079,35.1,POINT(-50.7124 -27.14272)
1814988704,9fc76b39-16b7-3594-901d-784367761ab3,-47.66019,-23.40344,2026-04-21 18:49:00+00:00,2026-04-21,AQUA_M-T,IPERÓ,SÃO PAULO,Brasil,,,,Mata Atlântica,33,35,3521002,8,,220_076,6.3,POINT(-47.66019 -23.40344)
1814988757,3cb97787-008c-315a-ab82-8447f36458d3,-50.74163,-27.59597,2026-04-21 18:49:00+00:00,2026-04-21,AQUA_M-T,SÃO JOSÉ DO CERRITO,SANTA CATARINA,Brasil,,,,Mata Atlântica,33,42,4216800,8,,221_079,13.9,POINT(-50.74163 -27.59597)
1814988791,7b67bea4-4021-33a0-8b28-f4e78d234764,-50.70064,-27.14122,2026-04-21 18:49:00+00:00,2026-04-21,AQUA_M-T,CURITIBANOS,SANTA CATARINA,Brasil,,,,Mata Atlântica,33,42,4204806,8,,221_079,30.9,POINT(-50.70064 -27.14122)
1814988876,b16af98b-4265-3c42-89c6-e84e0bfa30a3,-50.51089,-27.97294,2026-04-21 18:49:00+00:00,2026-04-21,AQUA_M-T,CAPÃO ALTO,SANTA CATARINA,Brasil,,,,Mata Atlântica,33,42,4203253,8,,221_079,37.2,POINT(-50.51089 -27.97294)
1814989143,949a8f44-5a9b-3992-acd5-29bda3e61e3d,-49.45684,-26.6738,2026-04-21 18:49:00+00:00,2026-04-21,AQUA_M-T,BENEDITO NOVO,SANTA CATARINA,Brasil,,,,Mata Atlântica,33,42,4202206,8,,220_079,8.5,POINT(-49.45684 -26.6738)
1814989157,ebd071fe-d032-30e0-85c4-5965826399bb,-50.72748,-25.3714,2026-04-21 18:49:00+00:00,2026-04-21,AQUA_M-T,IRATI,PARANÁ,Brasil,,,,Mata Atlântica,33,41,4110706,8,,221_078,43.1,POINT(-50.72748 -25.3714)
1814989161,4464aec8-e861-300c-adc7-47996128e14d,-47.3465,-20.24587,2026-04-21 18:49:00+00:00,2026-04-21,AQUA_M-T,PEDREGULHO,SÃO PAULO,Brasil,,,,Cerrado,33,35,3537008,8,,220_074,6.1,POINT(-47.3465 -20.24587)
1814989173,2c7f8e7e-70b2-38b6-8d09-13ea25ef6d8d,-49.6269,-24.95658,2026-04-21 18:49:00+00:00,2026-04-21,AQUA_M-T,CASTRO,PARANÁ,Brasil,,,,Mata Atlântica,33,41,4104907,8,,221_077,214.1,POINT(-49.6269 -24.95658)
1814989232,ce224025-b290-3faf-8468-666b34e2dcee,-50.74162,-27.59597,2026-04-21 18:49:00+00:00,2026-04-21,AQUA_M-T,SÃO JOSÉ DO CERRITO,SANTA CATARINA,Brasil,,,,Mata Atlântica,33,42,4216800,8,,221_079,13.9,POINT(-50.74162 -27.59597)
1814989256,6389d78f-6f49-3d7b-b94c-56207aaab1f0,-49.29794,-23.9152,2026-04-21 18:49:00+00:00,2026-04-21,AQUA_M-T,ITARARÉ,SÃO PAULO,Brasil,,,,Cerrado,33,35,3523206,8,,221_077,5.3,POINT(-49.29794 -23.9152)
1814989294,9a6cb618-b462-38c6-bbfa-41913f67b64b,-50.5227,-27.97445,2026-04-21 18:49:00+00:00,2026-04-21,AQUA_M-T,CAPÃO ALTO,SANTA CATARINA,Brasil,,,,Mata Atlântica,33,42,4203253,8,,221_079,9.9,POINT(-50.5227 -27.97445)
1814989319,9ded6c4b-d701-3ad8-8723-67b0403e65f3,-49.59635,-27.00532,2026-04-21 18:49:00+00:00,2026-04-21,AQUA_M-T,JOSÉ BOITEUX,SANTA CATARINA,Brasil,,,,Mata Atlântica,33,42,4209151,8,,220_079,12.4,POINT(-49.59635 -27.00532)
1814989436,faacd751-d165-3eaa-9e0c-06de936426d3,-50.85991,-27.20085,2026-04-21 18:49:00+00:00,2026-04-21,AQUA_M-T,MONTE CARLO,SANTA CATARINA,Brasil,,,,Mata Atlântica,33,42,4211058,8,,221_079,13.0,POINT(-50.85991 -27.20085)
1814989445,b9fa2dbf-6c5b-3306-b3e9-d998499a6907,-49.93657,-24.51175,2026-04-21 18:49:00+00:00,2026-04-21,AQUA_M-T,PIRAÍ DO SUL,PARANÁ,Brasil,,,,Mata Atlântica,33,41,4119400,8,,221_077,4.7,POINT(-49.93657 -24.51175)
1814989466,97b5ffeb-5ba3-38e0-baee-015389498f66,-49.63682,-24.95795,2026-04-21 18:49:00+00:00,2026-04-21,AQUA_M-T,CASTRO,PARANÁ,Brasil,,,,Mata Atlântica,33,41,4104907,8,,221_077,294.0,POINT(-49.63682 -24.95795)
1814989494,2612f102-994f-3294-958f-516e414c85fb,-48.88019,-25.06259,2026-04-21 18:49:00+00:00,2026-04-21,AQUA_M-T,BOCAIÚVA DO SUL,PARANÁ,Brasil,,,,Mata Atlântica,33,41,4103107,8,,220_077,5.5,POINT(-48.88019 -25.06259)
1814989656,a4a3e1f2-9e35-3ac5-9918-41e7b54eb5f3,-49.04256,-28.13603,2026-04-21 18:49:00+00:00,2026-04-21,AQUA_M-T,SÃO MARTINHO,SANTA CATARINA,Brasil,,,,Mata Atlântica,33,42,4217105,8,,220_079,11.0,POINT(-49.04256 -28.13603)
1814989661,e2741095-6eed-3a34-bb2a-d070edd10892,-51.18481,-26.02002,2026-04-21 18:49:00+00:00,2026-04-21,AQUA_M-T,CRUZ MACHADO,PARANÁ,Brasil,,,,Mata Atlântica,33,41,4106803,8,,222_078,7.0,POINT(-51.18481 -26.02002)
1814989742,b96a555c-947c-3942-8626-ce99df574839,-49.64672,-24.95932,2026-04-21 18:49:00+00:00,2026-04-21,AQUA_M-T,CASTRO,PARANÁ,Brasil,,,,Mata Atlântica,33,41,4104907,8,,221_077,7.2,POINT(-49.64672 -24.95932)
1814989744,966d2ca8-807b-39c6-be69-c9448b4229c8,-49.04254,-28.13603,2026-04-21 18:49:00+00:00,2026-04-21,AQUA_M-T,SÃO MARTINHO,SANTA CATARINA,Brasil,,,,Mata Atlântica,33,42,4217105,8,,220_079,11.0,POINT(-49.04254 -28.13603)
1814989747,1915627f-1ba3-3cf7-b232-145c3ca5d294,-51.17324,-26.01854,2026-04-21 18:49:00+00:00,2026-04-21,AQUA_M-T,UNIÃO DA VITÓRIA,PARANÁ,Brasil,,,,Mata Atlântica,33,41,4128203,8,,222_078,9.6,POINT(-51.17324 -26.01854)
1814989817,54f6e9a0-bfa9-3575-99f6-ebf163be7994,-47.46247,-22.14346,2026-04-21 18:49:00+00:00,2026-04-21,AQUA_M-T,SANTA CRUZ DA CONCEIÇÃO,SÃO PAULO,Brasil,,,,Cerrado,33,35,3546207,8,,220_075,22.5,POINT(-47.46247 -22.14346)
1814987564,ae060638-38ef-31b7-95f7-cfffacefcedf,-54.54815,-18.41964,2026-04-21 18:51:00+00:00,2026-04-21,AQUA_M-T,COXIM,MATO GROSSO DO SUL,Brasil,,,,Cerrado,33,50,5003306,8,,225_073,22.6,POINT(-54.54815 -18.41964)
1814987498,ab5a7384-b7b6-3d4e-919f-dc3598d98fdb,-47.7754,-11.99529,2026-04-21 18:51:00+00:00,2026-04-21,AQUA_M-T,NATIVIDADE,TOCANTINS,Brasil,,,,Cerrado,33,17,1714203,8,,221_068,15.2,POINT(-47.7754 -11.99529)
1814989797,24117df6-2d0e-3203-a867-bf2ceae9de10,-54.92783,-16.43682,2026-04-21 18:51:00+00:00,2026-04-21,AQUA_M-T,RONDONÓPOLIS,MATO GROSSO,Brasil,,,,Cerrado,33,51,5107602,8,,225_071,23.0,POINT(-54.92783 -16.43682)
1814985988,a544dea1-f68f-37a8-96eb-59e1519a6ec1,-49.87323,-12.45649,2026-04-21 18:51:00+00:00,2026-04-21,AQUA_M-T,SANDOLÂNDIA,TOCANTINS,Brasil,,,,Cerrado,33,17,1718840,8,,223_069,7.8,POINT(-49.87323 -12.45649)
1814989737,caf4bc39-cbf7-39cf-812e-abfe2dd7e914,-51.87107,-16.76507,2026-04-21 18:51:00+00:00,2026-04-21,AQUA_M-T,CAIAPÔNIA,GOIÁS,Brasil,,,,Cerrado,33,52,5204409,8,,223_072,6.5,POINT(-51.87107 -16.76507)
1814989727,3fe71a4b-7b26-365b-8eb3-d93dd6648245,-53.35745,-19.3925,2026-04-21 18:51:00+00:00,2026-04-21,AQUA_M-T,PARAÍSO DAS ÁGUAS,MATO GROSSO DO SUL,Brasil,,,,Cerrado,33,50,5006275,8,,224_073,30.5,POINT(-53.35745 -19.3925)
1814988168,01a83adc-4623-34f4-ae21-11835e48aac8,-46.53989,-15.85435,2026-04-21 18:51:00+00:00,2026-04-21,AQUA_M-T,UNAÍ,MINAS GERAIS,Brasil,,,,Cerrado,33,31,3170404,8,,220_071,10.9,POINT(-46.53989 -15.85435)
1814985989,9d2ffda4-2461-3b1c-9c63-e1575c562444,-56.66269,-13.99832,2026-04-21 18:51:00+00:00,2026-04-21,AQUA_M-T,DIAMANTINO,MATO GROSSO,Brasil,,,,Cerrado,33,51,5103502,8,,227_070,20.6,POINT(-56.66269 -13.99832)
1814988491,16750779-cd5f-38a7-86ba-e20d7e618404,-47.77524,-15.76563,2026-04-21 18:51:00+00:00,2026-04-21,AQUA_M-T,BRASÍLIA,DISTRITO FEDERAL,Brasil,,,,Cerrado,33,53,5300108,8,,221_071,9.1,POINT(-47.77524 -15.76563)
1814988116,2fbbe87e-1343-353a-bf13-a98a7dec7d85,-56.66267,-13.99832,2026-04-21 18:51:00+00:00,2026-04-21,AQUA_M-T,DIAMANTINO,MATO GROSSO,Brasil,,,,Cerrado,33,51,5103502,8,,227_070,20.6,POINT(-56.66267 -13.99832)
1814986999,29577a57-a768-3007-aac1-e5ed261e08a0,-45.34919,-12.05676,2026-04-21 18:51:00+00:00,2026-04-21,AQUA_M-T,BARREIRAS,BAHIA,Brasil,,,,Cerrado,33,29,2903201,8,,220_068,50.2,POINT(-45.34919 -12.05676)
1814986091,502a6afa-bb0a-38c9-afb3-8933bfeba028,-47.77372,-12.00547,2026-04-21 18:51:00+00:00,2026-04-21,AQUA_M-T,NATIVIDADE,TOCANTINS,Brasil,,,,Cerrado,33,17,1714203,8,,221_068,104.2,POINT(-47.77372 -12.00547)
1814989566,b1ec08a8-961f-38c5-b11d-1b89375fe6cc,-51.87109,-16.76507,2026-04-21 18:51:00+00:00,2026-04-21,AQUA_M-T,CAIAPÔNIA,GOIÁS,Brasil,,,,Cerrado,33,52,5204409,8,,223_072,6.5,POINT(-51.87109 -16.76507)
1814988081,e1eb01f7-4528-3827-8924-2d0241cdc521,-54.47934,-16.15151,2026-04-21 18:51:00+00:00,2026-04-21,AQUA_M-T,RONDONÓPOLIS,MATO GROSSO,Brasil,,,,Cerrado,33,51,5107602,8,,225_071,21.6,POINT(-54.47934 -16.15151)
1814988608,d9929672-ad0c-3b83-bb60-63c411c7d756,-49.87321,-12.4565,2026-04-21 18:51:00+00:00,2026-04-21,AQUA_M-T,SANDOLÂNDIA,TOCANTINS,Brasil,,,,Cerrado,33,17,1718840,8,,223_069,7.8,POINT(-49.87321 -12.4565)
1814989510,acc1c24c-9020-39dc-9762-86a2688f71f6,-53.64001,-13.24167,2026-04-21 18:51:00+00:00,2026-04-21,AQUA_M-T,GAÚCHA DO NORTE,MATO GROSSO,Brasil,,,,Amazônia,33,51,5103858,8,,225_069,128.5,POINT(-53.64001 -13.24167)
1814988047,92921621-8c39-3258-8fad-7947cbd07089,-45.34329,-12.05885,2026-04-21 18:51:00+00:00,2026-04-21,AQUA_M-T,BARREIRAS,BAHIA,Brasil,,,,Cerrado,33,29,2903201,8,,220_068,52.9,POINT(-45.34329 -12.05885)
1814985862,abd27a0c-0e33-3ca7-8900-e09962606c79,-52.66964,-17.82248,2026-04-21 18:51:00+00:00,2026-04-21,AQUA_M-T,MINEIROS,GOIÁS,Brasil,,,,Cerrado,33,52,5213103,8,,224_072,5.9,POINT(-52.66964 -17.82248)
1814988024,52ac3c37-59c5-35af-b9f2-d112d7b013c4,-45.23435,-12.02722,2026-04-21 18:51:00+00:00,2026-04-21,AQUA_M-T,BARREIRAS,BAHIA,Brasil,,,,Cerrado,33,29,2903201,8,,220_068,86.5,POINT(-45.23435 -12.02722)
1814986104,cfdb37a6-1ad1-3689-9d69-dcd0dc8803d1,-45.2401,-12.02595,2026-04-21 18:51:00+00:00,2026-04-21,AQUA_M-T,BARREIRAS,BAHIA,Brasil,,,,Cerrado,33,29,2903201,8,,220_068,55.2,POINT(-45.2401 -12.02595)
1814989467,187cc540-ff0e-3caf-a697-f6a196d88ddf,-53.62943,-13.24023,2026-04-21 18:51:00+00:00,2026-04-21,AQUA_M-T,GAÚCHA DO NORTE,MATO GROSSO,Brasil,,,,Amazônia,33,51,5103858,8,,225_069,73.6,POINT(-53.62943 -13.24023)
1814988733,78161c5f-c1cc-3a8a-bab4-948dedfcb5d6,-45.22127,-12.0228,2026-04-21 18:51:00+00:00,2026-04-21,AQUA_M-T,BARREIRAS,BAHIA,Brasil,,,,Cerrado,33,29,2903201,8,,220_068,50.3,POINT(-45.22127 -12.0228)
1814987122,5d01723f-c7a6-3080-87ec-c739f2dd744f,-45.22126,-12.02281,2026-04-21 18:51:00+00:00,2026-04-21,AQUA_M-T,BARREIRAS,BAHIA,Brasil,,,,Cerrado,33,29,2903201,8,,220_068,50.3,POINT(-45.22126 -12.02281)
1814986118,91655dca-a6dd-3cc1-acd8-43fb3d6372d1,-45.23656,-12.01486,2026-04-21 18:51:00+00:00,2026-04-21,AQUA_M-T,BARREIRAS,BAHIA,Brasil,,,,Cerrado,33,29,2903201,8,,220_068,50.0,POINT(-45.23656 -12.01486)
1814985981,616a11fb-3afd-3ea3-99a9-d02067799a51,-47.77525,-15.76563,2026-04-21 18:51:00+00:00,2026-04-21,AQUA_M-T,BRASÍLIA,DISTRITO FEDERAL,Brasil,,,,Cerrado,33,53,5300108,8,,221_071,9.1,POINT(-47.77525 -15.76563)
1814988760,72cd848f-bc14-3f24-a34e-44839302e576,-48.26649,-12.53675,2026-04-21 18:51:00+00:00,2026-04-21,AQUA_M-T,SÃO SALVADOR DO TOCANTINS,TOCANTINS,Brasil,,,,Cerrado,33,17,1720259,8,,222_069,7.9,POINT(-48.26649 -12.53675)
1814988778,ce09edc7-125c-3d1a-b977-9ddd6257b671,-47.7737,-12.00547,2026-04-21 18:51:00+00:00,2026-04-21,AQUA_M-T,NATIVIDADE,TOCANTINS,Brasil,,,,Cerrado,33,17,1714203,8,,221_068,104.2,POINT(-47.7737 -12.00547)
1814986146,d9c7ccb5-5616-33b4-9eb9-2025981a905a,-53.64002,-13.24167,2026-04-21 18:51:00+00:00,2026-04-21,AQUA_M-T,GAÚCHA DO NORTE,MATO GROSSO,Brasil,,,,Amazônia,33,51,5103858,8,,225_069,128.5,POINT(-53.64002 -13.24167)
1814989460,adc2210f-6ffd-341b-af37-8c2cfa51ddf5,-53.63861,-13.25113,2026-04-21 18:51:00+00:00,2026-04-21,AQUA_M-T,GAÚCHA DO NORTE,MATO GROSSO,Brasil,,,,Amazônia,33,51,5103858,8,,225_069,16.3,POINT(-53.63861 -13.25113)
1814986873,dc6bf69a-844f-39a2-8729-bfa875319a1a,-54.92784,-16.43682,2026-04-21 18:51:00+00:00,2026-04-21,AQUA_M-T,RONDONÓPOLIS,MATO GROSSO,Brasil,,,,Cerrado,33,51,5107602,8,,225_071,23.0,POINT(-54.92784 -16.43682)
1814989412,e1b1ec8d-8414-36d7-a797-d8e3af3e44ec,-45.34918,-12.05676,2026-04-21 18:51:00+00:00,2026-04-21,AQUA_M-T,BARREIRAS,BAHIA,Brasil,,,,Cerrado,33,29,2903201,8,,220_068,50.2,POINT(-45.34918 -12.05676)
1814987911,75343441-358b-3329-9d8e-4ca7486fc5a2,-54.54814,-18.41964,2026-04-21 18:51:00+00:00,2026-04-21,AQUA_M-T,COXIM,MATO GROSSO DO SUL,Brasil,,,,Cerrado,33,50,5003306,8,,225_073,22.6,POINT(-54.54814 -18.41964)
1814988878,0e0111c9-fe72-35b2-a6d5-913852522a17,-45.23437,-12.02721,2026-04-21 18:51:00+00:00,2026-04-21,AQUA_M-T,BARREIRAS,BAHIA,Brasil,,,,Cerrado,33,29,2903201,8,,220_068,86.5,POINT(-45.23437 -12.02721)
1814986835,538b8704-bc7f-33fc-ad10-45200fa5efe4,-45.23655,-12.01486,2026-04-21 18:51:00+00:00,2026-04-21,AQUA_M-T,BARREIRAS,BAHIA,Brasil,,,,Cerrado,33,29,2903201,8,,220_068,50.0,POINT(-45.23655 -12.01486)
1814989378,cbacfd18-81ed-30fe-b91d-09943e910802,-51.86819,-16.75613,2026-04-21 18:51:00+00:00,2026-04-21,AQUA_M-T,CAIAPÔNIA,GOIÁS,Brasil,,,,Cerrado,33,52,5204409,8,,223_072,9.6,POINT(-51.86819 -16.75613)
1814987301,6733ce5f-60d3-35d2-827a-063a3565a87e,-49.65394,-17.43128,2026-04-21 18:51:00+00:00,2026-04-21,AQUA_M-T,EDEALINA,GOIÁS,Brasil,,,,Cerrado,33,52,5207352,8,,222_072,4.9,POINT(-49.65394 -17.43128)
1814987314,c03b6d99-f4d4-3bc6-ab27-ddd306602101,-53.62942,-13.24023,2026-04-21 18:51:00+00:00,2026-04-21,AQUA_M-T,GAÚCHA DO NORTE,MATO GROSSO,Brasil,,,,Amazônia,33,51,5103858,8,,225_069,73.6,POINT(-53.62942 -13.24023)
1814987320,52ba9a8d-ef31-3940-aa8c-736fc281a2c4,-54.47933,-16.15151,2026-04-21 18:51:00+00:00,2026-04-21,AQUA_M-T,RONDONÓPOLIS,MATO GROSSO,Brasil,,,,Cerrado,33,51,5107602,8,,225_071,21.6,POINT(-54.47933 -16.15151)
1814987841,f4f8c13d-4075-399b-8ecb-f5c7dcae723f,-47.77539,-11.9953,2026-04-21 18:51:00+00:00,2026-04-21,AQUA_M-T,NATIVIDADE,TOCANTINS,Brasil,,,,Cerrado,33,17,1714203,8,,221_068,15.2,POINT(-47.77539 -11.9953)
1814987362,b25bdc9e-23f8-399f-bd4f-d4f6db7dfab5,-53.35743,-19.3925,2026-04-21 18:51:00+00:00,2026-04-21,AQUA_M-T,PARAÍSO DAS ÁGUAS,MATO GROSSO DO SUL,Brasil,,,,Cerrado,33,50,5006275,8,,224_073,30.5,POINT(-53.35743 -19.3925)
1814989123,49629f84-ef59-3e05-9905-00a037b23076,-45.3433,-12.05885,2026-04-21 18:51:00+00:00,2026-04-21,AQUA_M-T,BARREIRAS,BAHIA,Brasil,,,,Cerrado,33,29,2903201,8,,220_068,52.9,POINT(-45.3433 -12.05885)
1814986183,7444b2df-44b4-3af0-8ce6-e620426eb60a,-45.24009,-12.02595,2026-04-21 18:51:00+00:00,2026-04-21,AQUA_M-T,BARREIRAS,BAHIA,Brasil,,,,Cerrado,33,29,2903201,8,,220_068,55.2,POINT(-45.24009 -12.02595)
1814989760,c2aec486-72c5-38d2-ace1-39a52712ee4a,-51.86821,-16.75612,2026-04-21 18:51:00+00:00,2026-04-21,AQUA_M-T,CAIAPÔNIA,GOIÁS,Brasil,,,,Cerrado,33,52,5204409,8,,223_072,9.6,POINT(-51.86821 -16.75612)
1814989145,66c6e20d-5a63-31ef-a7a4-bb1635c545b4,-46.53991,-15.85435,2026-04-21 18:51:00+00:00,2026-04-21,AQUA_M-T,UNAÍ,MINAS GERAIS,Brasil,,,,Cerrado,33,31,3170404,8,,220_071,10.9,POINT(-46.53991 -15.85435)
1814989150,d5c11f66-61b1-3c7a-aa23-8a649b93284e,-49.65395,-17.43128,2026-04-21 18:51:00+00:00,2026-04-21,AQUA_M-T,EDEALINA,GOIÁS,Brasil,,,,Cerrado,33,52,5207352,8,,222_072,4.9,POINT(-49.65395 -17.43128)
1814986523,336829fa-1939-32d8-8950-45c09078b37c,-48.26651,-12.53675,2026-04-21 18:51:00+00:00,2026-04-21,AQUA_M-T,SÃO SALVADOR DO TOCANTINS,TOCANTINS,Brasil,,,,Cerrado,33,17,1720259,8,,222_069,7.9,POINT(-48.26651 -12.53675)
1814987369,05d12043-06bb-38fc-924a-14419e56b99a,-52.66965,-17.82248,2026-04-21 18:51:00+00:00,2026-04-21,AQUA_M-T,MINEIROS,GOIÁS,Brasil,,,,Cerrado,33,52,5213103,8,,224_072,5.9,POINT(-52.66965 -17.82248)
1814986611,f143f14c-6937-33ad-9d77-1e5698db9094,-53.63859,-13.25113,2026-04-21 18:51:00+00:00,2026-04-21,AQUA_M-T,GAÚCHA DO NORTE,MATO GROSSO,Brasil,,,,Amazônia,33,51,5103858,8,,225_069,16.3,POINT(-53.63859 -13.25113)
1814987839,6219aedd-b033-3cc3-9513-ca9031daefc0,-55.49984,-11.35774,2026-04-21 18:53:00+00:00,2026-04-21,AQUA_M-T,ITAÚBA,MATO GROSSO,Brasil,,,,Amazônia,33,51,5104559,8,,227_068,6.5,POINT(-55.49984 -11.35774)
1814986469,6ef45463-0b46-3f51-8b65-f5ad111226bf,-57.18453,-12.30679,2026-04-21 18:53:00+00:00,2026-04-21,AQUA_M-T,NOVA MARINGÁ,MATO GROSSO,Brasil,,,,Amazônia,33,51,5108907,8,,227_069,65.9,POINT(-57.18453 -12.30679)
1814986754,80c238c1-adb4-3df4-85f2-e8fea45e5e95,-55.49985,-11.35774,2026-04-21 18:53:00+00:00,2026-04-21,AQUA_M-T,ITAÚBA,MATO GROSSO,Brasil,,,,Amazônia,33,51,5104559,8,,227_068,6.5,POINT(-55.49985 -11.35774)
1814989465,67314019-2538-35c8-9266-f221fa2c45d3,-57.18452,-12.30679,2026-04-21 18:53:00+00:00,2026-04-21,AQUA_M-T,NOVA MARINGÁ,MATO GROSSO,Brasil,,,,Amazônia,33,51,5108907,8,,227_069,65.9,POINT(-57.18452 -12.30679)
1814988612,212fe0e9-d201-3be5-ad48-adfb6a1f43c6,-59.85248,3.84958,2026-04-21 18:58:00+00:00,2026-04-21,AQUA_M-T,NORMANDIA,RORAIMA,Brasil,,,,Amazônia,33,14,1400407,8,,231_057,22.4,POINT(-59.85248 3.84958)
1814986596,f3ec992c-72fd-3fa8-83c5-66097301148c,-60.18697,2.43787,2026-04-21 18:58:00+00:00,2026-04-21,AQUA_M-T,BONFIM,RORAIMA,Brasil,,,,Amazônia,33,14,1400159,8,,231_058,31.3,POINT(-60.18697 2.43787)
1814988950,b742ddbd-d755-3971-a81a-19766ef59c4f,-60.38208,1.92141,2026-04-21 18:58:00+00:00,2026-04-21,AQUA_M-T,CANTÁ,RORAIMA,Brasil,,,,Amazônia,33,14,1400175,8,,232_059,18.0,POINT(-60.38208 1.92141)
1814988583,5959bda6-209f-323a-b960-2ca13af809f1,-60.19825,2.25183,2026-04-21 18:58:00+00:00,2026-04-21,AQUA_M-T,BONFIM,RORAIMA,Brasil,,,,Amazônia,33,14,1400159,8,,231_059,12.9,POINT(-60.19825 2.25183)
1814988943,b7792506-9322-36d1-b7c1-f994d4f871fd,-60.18696,2.43786,2026-04-21 18:58:00+00:00,2026-04-21,AQUA_M-T,BONFIM,RORAIMA,Brasil,,,,Amazônia,33,14,1400159,8,,231_058,31.3,POINT(-60.18696 2.43786)
1814988793,8a65b59f-a9a6-3d6a-95cc-62d5c3e1e711,-60.3821,1.92142,2026-04-21 18:58:00+00:00,2026-04-21,AQUA_M-T,CANTÁ,RORAIMA,Brasil,,,,Amazônia,33,14,1400175,8,,232_059,18.0,POINT(-60.3821 1.92142)
1814989549,2a739721-d782-3560-9ba8-f06e5ab12839,-59.85249,3.84958,2026-04-21 18:58:00+00:00,2026-04-21,AQUA_M-T,NORMANDIA,RORAIMA,Brasil,,,,Amazônia,33,14,1400407,8,,231_057,22.4,POINT(-59.85249 3.84958)
1814987282,286a3477-80e7-361c-9b6d-9164bd625057,-60.19826,2.25183,2026-04-21 18:58:00+00:00,2026-04-21,AQUA_M-T,BONFIM,RORAIMA,Brasil,,,,Amazônia,33,14,1400159,8,,231_059,12.9,POINT(-60.19826 2.25183)
1814981219,67fee165-d536-386c-8cc7-5198e0e4d52a,-47.7728,-12.0056,2026-04-21 19:00:00+00:00,2026-04-21,GOES-19,NATIVIDADE,TOCANTINS,Brasil,,,,Cerrado,33,17,1714203,8,,221_068,110.0,POINT(-47.7728 -12.0056)
1814981237,3e0fa5fa-a9fe-3826-a5b5-e42e4947aa60,-45.3243,-13.3761,2026-04-21 19:00:00+00:00,2026-04-21,GOES-19,CORRENTINA,BAHIA,Brasil,,,,Cerrado,33,29,2909307,8,,220_069,161.4,POINT(-45.3243 -13.3761)
1814981475,2392c8b4-5eb8-300b-ad32-b4dda7aca9c2,-45.3443,-13.395,2026-04-21 19:10:00+00:00,2026-04-21,GOES-19,CORRENTINA,BAHIA,Brasil,,,,Cerrado,33,29,2909307,8,,220_069,99.1,POINT(-45.3443 -13.395)
1814981305,b726c574-93ee-306d-ac51-64046fa6e81e,-45.3243,-13.3761,2026-04-21 19:10:00+00:00,2026-04-21,GOES-19,CORRENTINA,BAHIA,Brasil,,,,Cerrado,33,29,2909307,8,,220_069,161.3,POINT(-45.3243 -13.3761)
1814982606,ec974649-4397-3fff-8691-a516041aad8b,-47.7728,-12.0056,2026-04-21 19:20:00+00:00,2026-04-21,GOES-19,NATIVIDADE,TOCANTINS,Brasil,,,,Cerrado,33,17,1714203,8,,221_068,112.6,POINT(-47.7728 -12.0056)
1814984636,5ef5016a-f202-3eac-a081-f38035a15678,-44.4419,-13.6263,2026-04-21 19:20:00+00:00,2026-04-21,GOES-19,JABORANDI,BAHIA,Brasil,,,,Cerrado,33,29,2917359,8,,219_069,83.0,POINT(-44.4419 -13.6263)
1814981512,f7c716cb-4f73-3c28-8943-4af1c4827df9,-45.3443,-13.395,2026-04-21 19:30:00+00:00,2026-04-21,GOES-19,CORRENTINA,BAHIA,Brasil,,,,Cerrado,33,29,2909307,8,,220_069,91.8,POINT(-45.3443 -13.395)
1814981614,9f916aad-4903-3e8e-9ad5-89c1e8a926f0,-45.3475,-13.3756,2026-04-21 19:30:00+00:00,2026-04-21,GOES-19,CORRENTINA,BAHIA,Brasil,,,,Cerrado,33,29,2909307,8,,220_069,76.6,POINT(-45.3475 -13.3756)
1814981609,2f3b3391-d15d-3f56-bc08-f91da4ec2433,-45.2132,-12.031,2026-04-21 19:30:00+00:00,2026-04-21,GOES-19,BARREIRAS,BAHIA,Brasil,,,,Cerrado,33,29,2903201,8,,220_068,110.1,POINT(-45.2132 -12.031)
1814981615,9842ee68-f264-37ff-b034-e30e8290ba1d,-45.3243,-13.3761,2026-04-21 19:30:00+00:00,2026-04-21,GOES-19,CORRENTINA,BAHIA,Brasil,,,,Cerrado,33,29,2909307,8,,220_069,133.7,POINT(-45.3243 -13.3761)
1814981671,1603c6f4-6bff-3d4b-ae0e-2b38d06f2092,-45.3243,-13.3761,2026-04-21 19:40:00+00:00,2026-04-21,GOES-19,CORRENTINA,BAHIA,Brasil,,,,Cerrado,33,29,2909307,8,,220_069,151.4,POINT(-45.3243 -13.3761)
1814981778,57209a39-4a40-3976-8094-851740e42ea1,-45.2132,-12.031,2026-04-21 19:40:00+00:00,2026-04-21,GOES-19,BARREIRAS,BAHIA,Brasil,,,,Cerrado,33,29,2903201,8,,220_068,110.2,POINT(-45.2132 -12.031)
1814981697,8516b89b-1fb4-3830-958a-621088dd7c37,-47.7728,-12.0056,2026-04-21 19:40:00+00:00,2026-04-21,GOES-19,NATIVIDADE,TOCANTINS,Brasil,,,,Cerrado,33,17,1714203,8,,221_068,115.3,POINT(-47.7728 -12.0056)
1814982505,72cb0063-ef4e-3134-baf4-cdd9109841d5,-45.2132,-12.031,2026-04-21 19:50:00+00:00,2026-04-21,GOES-19,BARREIRAS,BAHIA,Brasil,,,,Cerrado,33,29,2903201,8,,220_068,108.2,POINT(-45.2132 -12.031)
1814985313,5b7481ff-8df0-3af3-bef9-e8e093d0607e,-43.643,-11.772,2026-04-21 20:00:00+00:00,2026-04-21,GOES-19,BARRA,BAHIA,Brasil,,,,Cerrado,33,29,2902708,8,,219_068,108.3,POINT(-43.643 -11.772)
1814985370,3e785db2-1224-39a1-9fd5-fb37f109bfab,-43.643,-11.772,2026-04-21 20:10:00+00:00,2026-04-21,GOES-19,BARRA,BAHIA,Brasil,,,,Cerrado,33,29,2902708,8,,219_068,109.3,POINT(-43.643 -11.772)
1814985394,54a3007a-55e0-3163-b167-97aef608876c,-45.3243,-13.3761,2026-04-21 20:10:00+00:00,2026-04-21,GOES-19,CORRENTINA,BAHIA,Brasil,,,,Cerrado,33,29,2909307,8,,220_069,91.2,POINT(-45.3243 -13.3761)
1814985440,8b231bcd-45a4-3cb5-970b-c590e9e17c0f,-45.321,-13.3955,2026-04-21 20:10:00+00:00,2026-04-21,GOES-19,CORRENTINA,BAHIA,Brasil,,,,Cerrado,33,29,2909307,8,,220_069,104.6,POINT(-45.321 -13.3955)
1814985479,f94d007a-7225-33ca-a2f3-2c2bba580aed,-45.321,-13.3955,2026-04-21 20:20:00+00:00,2026-04-21,GOES-19,CORRENTINA,BAHIA,Brasil,,,,Cerrado,33,29,2909307,8,,220_069,101.7,POINT(-45.321 -13.3955)
1814985498,3e54fb43-d61d-3bc5-8425-812c0542e2d9,-45.3243,-13.3761,2026-04-21 20:20:00+00:00,2026-04-21,GOES-19,CORRENTINA,BAHIA,Brasil,,,,Cerrado,33,29,2909307,8,,220_069,87.8,POINT(-45.3243 -13.3761)
1814985491,988643d9-31c2-36f5-9e3b-a7fa02d59bea,-43.643,-11.772,2026-04-21 20:20:00+00:00,2026-04-21,GOES-19,BARRA,BAHIA,Brasil,,,,Cerrado,33,29,2902708,8,,219_068,120.2,POINT(-43.643 -11.772)
1814985573,9411e33d-4587-3150-aa73-7dddb54445bd,-43.643,-11.772,2026-04-21 20:30:00+00:00,2026-04-21,GOES-19,BARRA,BAHIA,Brasil,,,,Cerrado,33,29,2902708,8,,219_068,124.0,POINT(-43.643 -11.772)
1814985658,28f1cfef-45bd-3226-a93c-0e61f89662de,-43.643,-11.772,2026-04-21 20:40:00+00:00,2026-04-21,GOES-19,BARRA,BAHIA,Brasil,,,,Cerrado,33,29,2902708,8,,219_068,113.8,POINT(-43.643 -11.772)
1814995076,312dd077-c426-31b8-9ef6-0fbb65cf18bf,-43.6667,-11.7716,2026-04-21 21:30:00+00:00,2026-04-21,GOES-19,BARRA,BAHIA,Brasil,,,,Cerrado,33,29,2902708,8,,219_068,73.5,POINT(-43.6667 -11.7716)
1814995081,b6bf91f6-4f0b-315a-a8d7-972deafb3c04,-43.1431,-12.6476,2026-04-21 21:30:00+00:00,2026-04-21,GOES-19,PARATINGA,BAHIA,Brasil,,,,Caatinga,33,29,2923704,8,,218_069,61.1,POINT(-43.1431 -12.6476)
1814995123,fb2432f4-62a6-341e-8f94-622f7235443a,-43.643,-11.772,2026-04-21 21:30:00+00:00,2026-04-21,GOES-19,BARRA,BAHIA,Brasil,,,,Cerrado,33,29,2902708,8,,219_068,94.7,POINT(-43.643 -11.772)
1814995125,e640ccf0-5a29-34ab-92dc-caf4fb5f7b27,-49.286,-25.281,2026-04-21 21:40:00+00:00,2026-04-21,GOES-19,ALMIRANTE TAMANDARÉ,PARANÁ,Brasil,,,,Mata Atlântica,33,41,4100400,8,,220_078,73.6,POINT(-49.286 -25.281)
1814995142,db46deea-472b-3ce0-b0dc-4729a49f0fb1,-43.1431,-12.6476,2026-04-21 21:40:00+00:00,2026-04-21,GOES-19,PARATINGA,BAHIA,Brasil,,,,Caatinga,33,29,2923704,8,,218_069,39.8,POINT(-43.1431 -12.6476)
1814995145,8cab65c8-c5ac-30b9-9b94-99fc50cdbc89,-49.262,-25.2818,2026-04-21 21:40:00+00:00,2026-04-21,GOES-19,ALMIRANTE TAMANDARÉ,PARANÁ,Brasil,,,,Mata Atlântica,33,41,4100400,8,,220_078,88.1,POINT(-49.262 -25.2818)
1814995149,dafc55d4-54f1-3737-aa04-62ac1b8cd767,-49.251,-19.169,2026-04-21 21:40:00+00:00,2026-04-21,GOES-19,PRATA,MINAS GERAIS,Brasil,,,,Cerrado,33,31,3152808,8,,221_073,277.3,POINT(-49.251 -19.169)
1814995153,75c067ea-5f6e-3b28-bd0c-f908ca779a0c,-43.643,-11.772,2026-04-21 21:40:00+00:00,2026-04-21,GOES-19,BARRA,BAHIA,Brasil,,,,Cerrado,33,29,2902708,8,,219_068,81.2,POINT(-43.643 -11.772)
1814995154,985a6e58-42a5-337e-90a2-b35a007ff487,-49.2551,-19.1489,2026-04-21 21:40:00+00:00,2026-04-21,GOES-19,PRATA,MINAS GERAIS,Brasil,,,,Cerrado,33,31,3152808,8,,221_073,78.3,POINT(-49.2551 -19.1489)
1814995170,31810f51-8b57-398a-a172-f73fa2772a10,-45.3243,-13.3761,2026-04-21 21:50:00+00:00,2026-04-21,GOES-19,CORRENTINA,BAHIA,Brasil,,,,Cerrado,33,29,2909307,8,,220_069,58.0,POINT(-45.3243 -13.3761)
1814995179,1276e758-ade0-39bf-b964-4d58603e29e7,-49.262,-25.2818,2026-04-21 21:50:00+00:00,2026-04-21,GOES-19,ALMIRANTE TAMANDARÉ,PARANÁ,Brasil,,,,Mata Atlântica,33,41,4100400,8,,220_078,71.8,POINT(-49.262 -25.2818)
1814995191,30258795-a151-3215-8b94-3ae2713cf41e,-49.2679,-25.2601,2026-04-21 21:50:00+00:00,2026-04-21,GOES-19,ALMIRANTE TAMANDARÉ,PARANÁ,Brasil,,,,Mata Atlântica,33,41,4100400,8,,220_078,74.4,POINT(-49.2679 -25.2601)
1814995202,657fe8b8-e54d-3653-901d-778d53406e24,-43.643,-11.772,2026-04-21 21:50:00+00:00,2026-04-21,GOES-19,BARRA,BAHIA,Brasil,,,,Cerrado,33,29,2902708,8,,219_068,89.0,POINT(-43.643 -11.772)
1814995226,b3161431-aed2-3ed2-b1df-2c832630c674,-49.286,-25.281,2026-04-21 22:00:00+00:00,2026-04-21,GOES-19,ALMIRANTE TAMANDARÉ,PARANÁ,Brasil,,,,Mata Atlântica,33,41,4100400,8,,220_078,73.1,POINT(-49.286 -25.281)
1814995213,3159d2fa-c133-398f-b59a-096da7e17f29,-48.611,-20.8678,2026-04-21 22:00:00+00:00,2026-04-21,GOES-19,MONTE AZUL PAULISTA,SÃO PAULO,Brasil,,,,Cerrado,33,35,3531506,8,,221_074,65.6,POINT(-48.611 -20.8678)
1814995222,3cc91a1a-0d7c-305c-a1b0-8c8a237c0f58,-43.643,-11.772,2026-04-21 22:00:00+00:00,2026-04-21,GOES-19,BARRA,BAHIA,Brasil,,,,Cerrado,33,29,2902708,8,,219_068,82.2,POINT(-43.643 -11.772)
1814995228,d6bc4098-9f58-3027-8876-eb68e3805eae,-49.262,-25.2818,2026-04-21 22:00:00+00:00,2026-04-21,GOES-19,ALMIRANTE TAMANDARÉ,PARANÁ,Brasil,,,,Mata Atlântica,33,41,4100400,8,,220_078,83.9,POINT(-49.262 -25.2818)
1814995237,18ef039b-cea5-31b8-a0fd-8534b3ee9afa,-53.2913,-13.2556,2026-04-21 22:00:00+00:00,2026-04-21,GOES-19,GAÚCHA DO NORTE,MATO GROSSO,Brasil,,,,Amazônia,33,51,5103858,8,,225_069,71.5,POINT(-53.2913 -13.2556)
1814995238,66d26590-5834-35c7-b514-0fe280875ec2,-53.2935,-13.2364,2026-04-21 22:00:00+00:00,2026-04-21,GOES-19,GAÚCHA DO NORTE,MATO GROSSO,Brasil,,,,Amazônia,33,51,5103858,8,,225_069,76.3,POINT(-53.2935 -13.2364)
1814995259,e06f4ba2-1294-3c4d-a354-6af97153701b,-53.2935,-13.2364,2026-04-21 22:10:00+00:00,2026-04-21,GOES-19,GAÚCHA DO NORTE,MATO GROSSO,Brasil,,,,Amazônia,33,51,5103858,8,,225_069,79.7,POINT(-53.2935 -13.2364)
1814995248,9f58b57e-302a-361e-af70-755b86c60833,-43.643,-11.772,2026-04-21 22:10:00+00:00,2026-04-21,GOES-19,BARRA,BAHIA,Brasil,,,,Cerrado,33,29,2902708,8,,219_068,77.0,POINT(-43.643 -11.772)
1814995249,db38dac7-caba-3003-ba44-88d8d7a74f81,-49.286,-25.281,2026-04-21 22:10:00+00:00,2026-04-21,GOES-19,ALMIRANTE TAMANDARÉ,PARANÁ,Brasil,,,,Mata Atlântica,33,41,4100400,8,,220_078,83.1,POINT(-49.286 -25.281)
1814995269,16c08dbf-d3fc-359e-940c-bcb7f27b5863,-49.262,-25.2818,2026-04-21 22:10:00+00:00,2026-04-21,GOES-19,ALMIRANTE TAMANDARÉ,PARANÁ,Brasil,,,,Mata Atlântica,33,41,4100400,8,,220_078,86.6,POINT(-49.262 -25.2818)
1814999551,502559bd-5670-38ef-bd01-edab053abdab,-53.2913,-13.2556,2026-04-21 22:20:00+00:00,2026-04-21,GOES-19,GAÚCHA DO NORTE,MATO GROSSO,Brasil,,,,Amazônia,33,51,5103858,8,,225_069,84.5,POINT(-53.2913 -13.2556)
1814999902,abbc26ce-d133-395a-926b-027830b175b1,-50.6302,-17.7792,2026-04-21 22:20:00+00:00,2026-04-21,GOES-19,SANTA HELENA DE GOIÁS,GOIÁS,Brasil,,,,Cerrado,33,52,5219308,8,,222_072,76.7,POINT(-50.6302 -17.7792)
1815000985,4e37ebbe-8fd2-3a08-946c-586ca206130b,-49.286,-25.281,2026-04-21 22:20:00+00:00,2026-04-21,GOES-19,ALMIRANTE TAMANDARÉ,PARANÁ,Brasil,,,,Mata Atlântica,33,41,4100400,8,,220_078,78.8,POINT(-49.286 -25.281)
1815001892,db4563e4-dc38-3bbe-9b49-21f88884885f,-49.2679,-25.2601,2026-04-21 22:20:00+00:00,2026-04-21,GOES-19,ALMIRANTE TAMANDARÉ,PARANÁ,Brasil,,,,Mata Atlântica,33,41,4100400,8,,220_078,90.1,POINT(-49.2679 -25.2601)
1815000275,f528b675-8265-35e5-88fd-2b73feab8ef8,-49.262,-25.2818,2026-04-21 22:20:00+00:00,2026-04-21,GOES-19,ALMIRANTE TAMANDARÉ,PARANÁ,Brasil,,,,Mata Atlântica,33,41,4100400,8,,220_078,98.5,POINT(-49.262 -25.2818)
1814995455,d39b4ab7-cd50-32de-8af0-2f047dbb90da,-48.6343,-20.8672,2026-04-21 22:20:00+00:00,2026-04-21,GOES-19,MONTE AZUL PAULISTA,SÃO PAULO,Brasil,,,,Mata Atlântica,33,35,3531506,8,,221_074,62.4,POINT(-48.6343 -20.8672)
1815002404,a571c65c-d96a-3657-aa33-b6cff60449cc,-49.2918,-25.2593,2026-04-21 22:20:00+00:00,2026-04-21,GOES-19,ALMIRANTE TAMANDARÉ,PARANÁ,Brasil,,,,Mata Atlântica,33,41,4100400,8,,220_078,73.1,POINT(-49.2918 -25.2593)
1815010704,0b939efb-1756-3390-a794-ab50890e4050,-49.262,-25.2818,2026-04-21 22:30:00+00:00,2026-04-21,GOES-19,ALMIRANTE TAMANDARÉ,PARANÁ,Brasil,,,,Mata Atlântica,33,41,4100400,8,,220_078,83.6,POINT(-49.262 -25.2818)
1815004277,276cf5c6-16ed-3456-bd35-e913269ce134,-53.2913,-13.2556,2026-04-21 22:30:00+00:00,2026-04-21,GOES-19,GAÚCHA DO NORTE,MATO GROSSO,Brasil,,,,Amazônia,33,51,5103858,8,,225_069,92.4,POINT(-53.2913 -13.2556)
1815004704,09dd830a-a196-32f0-b791-b0303c1f13f6,-43.643,-11.772,2026-04-21 22:30:00+00:00,2026-04-21,GOES-19,BARRA,BAHIA,Brasil,,,,Cerrado,33,29,2902708,8,,219_068,61.6,POINT(-43.643 -11.772)
1815010498,18b13398-f699-32bb-9c7f-60c04dc0b6b6,-49.286,-25.281,2026-04-21 22:30:00+00:00,2026-04-21,GOES-19,ALMIRANTE TAMANDARÉ,PARANÁ,Brasil,,,,Mata Atlântica,33,41,4100400,8,,220_078,77.6,POINT(-49.286 -25.281)
1815004020,a8ae8396-87e3-34df-8419-397ac2a22e7e,-42.9244,-20.6519,2026-04-21 22:30:00+00:00,2026-04-21,GOES-19,TEIXEIRAS,MINAS GERAIS,Brasil,,,,Mata Atlântica,33,31,3168507,8,,217_074,82.5,POINT(-42.9244 -20.6519)
1815011893,6421cf6c-99b6-3976-a1b9-06d3b0f76e7d,-53.2935,-13.2364,2026-04-21 22:40:00+00:00,2026-04-21,GOES-19,GAÚCHA DO NORTE,MATO GROSSO,Brasil,,,,Amazônia,33,51,5103858,8,,225_069,79.6,POINT(-53.2935 -13.2364)
1815011899,c0b8ca74-bf87-3572-825b-2e0f432dfa86,-49.262,-25.2818,2026-04-21 22:40:00+00:00,2026-04-21,GOES-19,ALMIRANTE TAMANDARÉ,PARANÁ,Brasil,,,,Mata Atlântica,33,41,4100400,8,,220_078,77.0,POINT(-49.262 -25.2818)
1815011937,e7336c0e-49b3-3986-9580-cc22a927761b,-43.643,-11.772,2026-04-21 22:50:00+00:00,2026-04-21,GOES-19,BARRA,BAHIA,Brasil,,,,Cerrado,33,29,2902708,8,,219_068,53.5,POINT(-43.643 -11.772)
1815011925,9225cdc8-f4ca-3f7e-987f-cbb54faf6e3a,-53.2935,-13.2364,2026-04-21 22:50:00+00:00,2026-04-21,GOES-19,GAÚCHA DO NORTE,MATO GROSSO,Brasil,,,,Amazônia,33,51,5103858,8,,225_069,71.9,POINT(-53.2935 -13.2364)
1815011944,0cf00bf2-ae1e-3fcd-a1ef-a15a8293d761,-60.9997,2.6159,2026-04-21 22:50:00+00:00,2026-04-21,GOES-19,MUCAJAÍ,RORAIMA,Brasil,,,,Amazônia,33,14,1400308,8,,232_058,57.6,POINT(-60.9997 2.6159)
1815011945,b29cb033-e8b6-3605-bae4-e0d9150af778,-60.9999,2.5977,2026-04-21 22:50:00+00:00,2026-04-21,GOES-19,MUCAJAÍ,RORAIMA,Brasil,,,,Amazônia,33,14,1400308,8,,232_058,52.4,POINT(-60.9999 2.5977)
1815011973,529ba5f1-231e-3ed5-843b-e92cb950b866,-53.2913,-13.2556,2026-04-21 23:00:00+00:00,2026-04-21,GOES-19,GAÚCHA DO NORTE,MATO GROSSO,Brasil,,,,Amazônia,33,51,5103858,8,,225_069,84.8,POINT(-53.2913 -13.2556)
1815011884,611a17da-1a28-3a17-9166-408f7828b85b,-53.2913,-13.2556,2026-04-21 23:10:00+00:00,2026-04-21,GOES-19,GAÚCHA DO NORTE,MATO GROSSO,Brasil,,,,Amazônia,33,51,5103858,8,,225_069,73.0,POINT(-53.2913 -13.2556)
1815011941,19b8d982-c6b5-3767-91d0-0b7f6f845d72,-43.643,-11.772,2026-04-21 23:20:00+00:00,2026-04-21,GOES-19,BARRA,BAHIA,Brasil,,,,Cerrado,33,29,2902708,8,,219_068,50.8,POINT(-43.643 -11.772)
1815016457,259ef311-7a77-33dd-8ef5-1552f852725f,-45.3487,-13.38825,2026-04-21 23:37:00+00:00,2026-04-21,TERRA_M-T,CORRENTINA,BAHIA,Brasil,,,,Cerrado,33,29,2909307,8,,220_069,17.3,POINT(-45.3487 -13.38825)
1815016403,643103c8-114c-3e00-b054-be86b57ba8bd,-45.22666,-12.0194,2026-04-21 23:37:00+00:00,2026-04-21,TERRA_M-T,BARREIRAS,BAHIA,Brasil,,,,Cerrado,33,29,2903201,8,,220_068,15.3,POINT(-45.22666 -12.0194)
1815016532,a6405bdb-fb9b-36d6-b197-8042f5e59a03,-45.32261,-13.38377,2026-04-21 23:37:00+00:00,2026-04-21,TERRA_M-T,CORRENTINA,BAHIA,Brasil,,,,Cerrado,33,29,2909307,8,,220_069,18.0,POINT(-45.32261 -13.38377)
1815016386,edc3eefd-7580-37c3-9292-402864da57f5,-44.62945,-12.28625,2026-04-21 23:37:00+00:00,2026-04-21,TERRA_M-T,CATOLÂNDIA,BAHIA,Brasil,,,,Cerrado,33,29,2907400,8,,219_069,21.1,POINT(-44.62945 -12.28625)
1815016379,f31a5a6e-f86f-3aca-86b4-ad541f410b0b,-45.32769,-13.38581,2026-04-21 23:37:00+00:00,2026-04-21,TERRA_M-T,CORRENTINA,BAHIA,Brasil,,,,Cerrado,33,29,2909307,8,,220_069,29.6,POINT(-45.32769 -13.38581)
1815016380,12ad28b8-bd13-30a2-88d5-9ba41fdc3cf8,-45.23315,-12.01863,2026-04-21 23:37:00+00:00,2026-04-21,TERRA_M-T,BARREIRAS,BAHIA,Brasil,,,,Cerrado,33,29,2903201,8,,220_068,15.9,POINT(-45.23315 -12.01863)
1815016555,a55fa599-e22b-394d-9fe4-0698b77ce365,-41.38966,-13.85184,2026-04-21 23:37:00+00:00,2026-04-21,TERRA_M-T,ITUAÇU,BAHIA,Brasil,,,,Caatinga,33,29,2917201,8,,217_070,7.5,POINT(-41.38966 -13.85184)
1815016434,5b6090e3-242f-3c81-bf0f-84e48f5ea9d0,-45.34361,-13.38605,2026-04-21 23:37:00+00:00,2026-04-21,TERRA_M-T,CORRENTINA,BAHIA,Brasil,,,,Cerrado,33,29,2909307,8,,220_069,34.4,POINT(-45.34361 -13.38605)
1815016426,cbb5b2d0-0f84-3afa-90cd-4d1337321a39,-45.32771,-13.38581,2026-04-21 23:37:00+00:00,2026-04-21,TERRA_M-T,CORRENTINA,BAHIA,Brasil,,,,Cerrado,33,29,2909307,8,,220_069,29.6,POINT(-45.32771 -13.38581)
1815016391,86793320-5775-3796-9e60-d5dd74ebaafd,-45.22665,-12.01941,2026-04-21 23:37:00+00:00,2026-04-21,TERRA_M-T,BARREIRAS,BAHIA,Brasil,,,,Cerrado,33,29,2903201,8,,220_068,15.3,POINT(-45.22665 -12.01941)
1815016460,e65e509b-7918-342b-8736-20755816b1db,-45.34362,-13.38605,2026-04-21 23:37:00+00:00,2026-04-21,TERRA_M-T,CORRENTINA,BAHIA,Brasil,,,,Cerrado,33,29,2909307,8,,220_069,34.4,POINT(-45.34362 -13.38605)
1815016415,11387f33-e8bf-3c4f-bfe7-bf8732fc9d80,-45.34869,-13.38825,2026-04-21 23:37:00+00:00,2026-04-21,TERRA_M-T,CORRENTINA,BAHIA,Brasil,,,,Cerrado,33,29,2909307,8,,220_069,17.3,POINT(-45.34869 -13.38825)
1815016381,38d685e1-bfd6-3e8c-a922-b98a96d062a1,-41.38965,-13.85184,2026-04-21 23:37:00+00:00,2026-04-21,TERRA_M-T,ITUAÇU,BAHIA,Brasil,,,,Caatinga,33,29,2917201,8,,217_070,7.5,POINT(-41.38965 -13.85184)
1815016428,03c18dce-b3f8-39b2-b61f-246eafb43021,-45.32259,-13.38377,2026-04-21 23:37:00+00:00,2026-04-21,TERRA_M-T,CORRENTINA,BAHIA,Brasil,,,,Cerrado,33,29,2909307,8,,220_069,18.0,POINT(-45.32259 -13.38377)
1815016492,5b83d2b6-065a-345c-8e50-a08116d76d14,-47.75727,-11.99508,2026-04-21 23:37:00+00:00,2026-04-21,TERRA_M-T,NATIVIDADE,TOCANTINS,Brasil,,,,Cerrado,33,17,1714203,8,,221_068,19.7,POINT(-47.75727 -11.99508)
1815016401,185158d2-3607-3d56-a205-a98d546fc40b,-45.23314,-12.01863,2026-04-21 23:37:00+00:00,2026-04-21,TERRA_M-T,BARREIRAS,BAHIA,Brasil,,,,Cerrado,33,29,2903201,8,,220_068,15.9,POINT(-45.23314 -12.01863)
1815016473,bd550cbf-42b8-3ad6-af00-afd031897e79,-47.78785,-11.99844,2026-04-21 23:37:00+00:00,2026-04-21,TERRA_M-T,NATIVIDADE,TOCANTINS,Brasil,,,,Cerrado,33,17,1714203,8,,221_068,23.8,POINT(-47.78785 -11.99844)
1815016402,20dcf36f-0fc3-35e5-8ed6-9d372a645a4f,-47.78786,-11.99844,2026-04-21 23:37:00+00:00,2026-04-21,TERRA_M-T,NATIVIDADE,TOCANTINS,Brasil,,,,Cerrado,33,17,1714203,8,,221_068,23.8,POINT(-47.78786 -11.99844)
1815016378,214c747f-eb7d-3a25-b4f2-53a8c38acd55,-44.62944,-12.28625,2026-04-21 23:37:00+00:00,2026-04-21,TERRA_M-T,CATOLÂNDIA,BAHIA,Brasil,,,,Cerrado,33,29,2907400,8,,219_069,21.1,POINT(-44.62944 -12.28625)
1815016465,20183fba-dc6d-3adc-82cc-e09d7d66cbb2,-47.75728,-11.99507,2026-04-21 23:37:00+00:00,2026-04-21,TERRA_M-T,NATIVIDADE,TOCANTINS,Brasil,,,,Cerrado,33,17,1714203,8,,221_068,19.7,POINT(-47.75728 -11.99507)
1815017536,6501799f-99bb-3776-8b87-5144fd9115ed,-53.285,-13.2449,2026-04-22 00:11:00+00:00,2026-04-22,METOP-B,GAÚCHA DO NORTE,MATO GROSSO,Brasil,,,,Amazônia,33,51,5103858,8,,225_069,,POINT(-53.285 -13.2449)
1815017547,49338e81-4239-3da8-8f19-8748302aa3e0,-47.768799,-11.9994,2026-04-22 00:11:00+00:00,2026-04-22,METOP-B,NATIVIDADE,TOCANTINS,Brasil,,,,Cerrado,33,17,1714203,8,,221_068,,POINT(-47.768799 -11.9994)
1815017955,fc5f821f-67ef-3ec0-abb0-bb74644f2402,-53.2729,-13.2525,2026-04-22 00:11:00+00:00,2026-04-22,METOP-B,GAÚCHA DO NORTE,MATO GROSSO,Brasil,,,,Amazônia,33,51,5103858,8,,225_069,,POINT(-53.2729 -13.2525)
1815017941,1dffb96a-d36b-3094-9110-c18fcf109bee,-48.8871,-21.533899,2026-04-22 00:11:00+00:00,2026-04-22,METOP-B,ITÁPOLIS,SÃO PAULO,Brasil,,,,Cerrado,33,35,3522703,8,,221_075,,POINT(-48.8871 -21.533899)
1815017891,4bdd9238-353a-3b9e-a7cc-d99cc1d2a946,-53.619301,-13.2417,2026-04-22 00:11:00+00:00,2026-04-22,METOP-B,GAÚCHA DO NORTE,MATO GROSSO,Brasil,,,,Amazônia,33,51,5103858,8,,225_069,,POINT(-53.619301 -13.2417)
1815017965,390fc1cc-f05a-31b1-97fd-3ad70abe6f50,-48.8951,-21.5355,2026-04-22 00:11:00+00:00,2026-04-22,METOP-B,ITÁPOLIS,SÃO PAULO,Brasil,,,,Cerrado,33,35,3522703,8,,221_075,,POINT(-48.8951 -21.5355)
1815018007,ae19efbb-e75c-335a-a941-45bea045a895,-48.620499,-20.864799,2026-04-22 00:11:00+00:00,2026-04-22,METOP-B,MONTE AZUL PAULISTA,SÃO PAULO,Brasil,,,,Cerrado,33,35,3531506,8,,221_074,,POINT(-48.620499 -20.864799)
1815017886,367bc004-a5c8-32ed-bfcf-6f1d1c5f95d8,-52.1362,-12.6383,2026-04-22 00:11:00+00:00,2026-04-22,METOP-B,QUERÊNCIA,MATO GROSSO,Brasil,,,,Amazônia,33,51,5107065,8,,224_069,,POINT(-52.1362 -12.6383)
1815017735,0c99f38d-e160-306f-bcb7-0604a69130b2,-48.903198,-21.537201,2026-04-22 00:11:00+00:00,2026-04-22,METOP-B,ITÁPOLIS,SÃO PAULO,Brasil,,,,Cerrado,33,35,3522703,8,,221_075,,POINT(-48.903198 -21.537201)
1815018043,45028163-3d3a-3b77-b7fa-3db88674f4aa,-43.639099,-11.7685,2026-04-22 00:11:00+00:00,2026-04-22,METOP-B,BARRA,BAHIA,Brasil,,,,Cerrado,33,29,2902708,8,,219_068,,POINT(-43.639099 -11.7685)
1815017942,501a6836-99c4-3072-a6cd-aaf47c03180d,-48.422401,-21.7152,2026-04-22 00:11:00+00:00,2026-04-22,METOP-B,GAVIÃO PEIXOTO,SÃO PAULO,Brasil,,,,Cerrado,33,35,3516853,8,,220_075,,POINT(-48.422401 -21.7152)
1815018112,652aa8a2-8296-314e-bf08-a37715e48939,-53.6213,-13.2319,2026-04-22 00:11:00+00:00,2026-04-22,METOP-B,GAÚCHA DO NORTE,MATO GROSSO,Brasil,,,,Amazônia,33,51,5103858,8,,225_069,,POINT(-53.6213 -13.2319)
1815018147,4b9132a4-6c81-3e26-ad96-bc35715c9c2a,-45.3339,-13.3847,2026-04-22 00:11:00+00:00,2026-04-22,METOP-B,CORRENTINA,BAHIA,Brasil,,,,Cerrado,33,29,2909307,8,,220_069,,POINT(-45.3339 -13.3847)
1815017935,24b221e1-98d3-36c4-8065-7c72a8e4762d,-44.4394,-13.6364,2026-04-22 00:11:00+00:00,2026-04-22,METOP-B,CORIBE,BAHIA,Brasil,,,,Cerrado,33,29,2909109,8,,219_069,,POINT(-44.4394 -13.6364)
1815017925,4d675c6a-509b-3909-b6f4-b09a01a56ef9,-44.626301,-12.2864,2026-04-22 00:11:00+00:00,2026-04-22,METOP-B,CATOLÂNDIA,BAHIA,Brasil,,,,Cerrado,33,29,2907400,8,,219_069,,POINT(-44.626301 -12.2864)
1815017619,68c89f23-6e5c-3422-9a21-a6d4a76d9733,-44.43,-13.6341,2026-04-22 00:11:00+00:00,2026-04-22,METOP-B,CORIBE,BAHIA,Brasil,,,,Cerrado,33,29,2909109,8,,219_069,,POINT(-44.43 -13.6341)
1815018184,277307fa-5b68-3319-a1c4-096237403483,-48.4146,-21.7136,2026-04-22 00:11:00+00:00,2026-04-22,METOP-B,GAVIÃO PEIXOTO,SÃO PAULO,Brasil,,,,Cerrado,33,35,3516853,8,,220_075,,POINT(-48.4146 -21.7136)
1815017578,c8c1822d-4be4-385d-bb8c-f0f67faa4cd2,-48.612801,-20.863199,2026-04-22 00:11:00+00:00,2026-04-22,METOP-B,MONTE AZUL PAULISTA,SÃO PAULO,Brasil,,,,Cerrado,33,35,3531506,8,,221_074,,POINT(-48.612801 -20.863199)
1815018198,d202fea3-d02f-3c3d-8d8b-617ff781ae39,-43.650101,-11.7712,2026-04-22 00:11:00+00:00,2026-04-22,METOP-B,BARRA,BAHIA,Brasil,,,,Cerrado,33,29,2902708,8,,219_068,,POINT(-43.650101 -11.7712)
1815017923,6aef2d0a-1d16-36ef-8208-c0426748451a,-44.616798,-12.2841,2026-04-22 00:11:00+00:00,2026-04-22,METOP-B,CATOLÂNDIA,BAHIA,Brasil,,,,Cerrado,33,29,2907400,8,,219_069,,POINT(-44.616798 -12.2841)
1815017916,55974541-c630-3967-ac2e-a586a8767996,-48.6283,-20.8664,2026-04-22 00:11:00+00:00,2026-04-22,METOP-B,MONTE AZUL PAULISTA,SÃO PAULO,Brasil,,,,Mata Atlântica,33,35,3531506,8,,221_074,,POINT(-48.6283 -20.8664)
1815017377,524c0a96-1625-38d4-9d53-40af3572344c,-45.325401,-13.3827,2026-04-22 00:11:00+00:00,2026-04-22,METOP-B,CORRENTINA,BAHIA,Brasil,,,,Cerrado,33,29,2909307,8,,220_069,,POINT(-45.325401 -13.3827)
1815017464,f7a77c8d-bffe-38a2-8288-35b4377bf8fa,-47.7616,-11.9977,2026-04-22 00:11:00+00:00,2026-04-22,METOP-B,NATIVIDADE,TOCANTINS,Brasil,,,,Cerrado,33,17,1714203,8,,221_068,,POINT(-47.7616 -11.9977)
1815017570,e72de5ae-026a-3b25-9f13-34e3df4e872e,-53.282902,-13.2546,2026-04-22 00:11:00+00:00,2026-04-22,METOP-B,GAÚCHA DO NORTE,MATO GROSSO,Brasil,,,,Amazônia,33,51,5103858,8,,225_069,,POINT(-53.282902 -13.2546)
1815017557,02680648-86da-3074-905a-0ec9c1558abf,-50.980099,-20.1644,2026-04-22 00:11:00+00:00,2026-04-22,METOP-B,RUBINÉIA,SÃO PAULO,Brasil,,,,Mata Atlântica,33,35,3544509,8,,222_074,,POINT(-50.980099 -20.1644)
1815017640,dc6803e2-7d33-360a-9d8a-15cf817b31f9,-50.991402,-20.1569,2026-04-22 00:43:00+00:00,2026-04-22,METOP-C,RUBINÉIA,SÃO PAULO,Brasil,,,,Mata Atlântica,33,35,3544509,8,,222_074,,POINT(-50.991402 -20.1569)
1815018085,a93a98e9-eb52-3d0b-aa00-64493ebfc35a,-45.329201,-13.396,2026-04-22 00:43:00+00:00,2026-04-22,METOP-C,CORRENTINA,BAHIA,Brasil,,,,Cerrado,33,29,2909307,8,,220_069,,POINT(-45.329201 -13.396)
1815017895,acf16d5c-ff99-3f0f-91a9-590c267415dc,-45.331699,-13.3863,2026-04-22 00:43:00+00:00,2026-04-22,METOP-C,CORRENTINA,BAHIA,Brasil,,,,Cerrado,33,29,2909307,8,,220_069,,POINT(-45.331699 -13.3863)
1815017402,238f16ea-2eff-331d-abd4-90c28291ea8f,-47.473099,-15.2596,2026-04-22 00:43:00+00:00,2026-04-22,METOP-C,FORMOSA,GOIÁS,Brasil,,,,Cerrado,33,52,5208004,8,,221_071,,POINT(-47.473099 -15.2596)
1815017669,2afcea62-69d2-308f-a643-f1a7b8e3a1a4,-50.981899,-20.155001,2026-04-22 00:43:00+00:00,2026-04-22,METOP-C,RUBINÉIA,SÃO PAULO,Brasil,,,,Mata Atlântica,33,35,3544509,8,,222_074,,POINT(-50.981899 -20.155001)
1815017409,109f7f8d-eea8-3000-b3c7-d6dc53db9c6b,-46.833199,-17.1675,2026-04-22 00:43:00+00:00,2026-04-22,METOP-C,PARACATU,MINAS GERAIS,Brasil,,,,Cerrado,33,31,3147006,8,,220_072,,POINT(-46.833199 -17.1675)
1815017510,7fb65d24-c27e-37ad-991e-6be60a1fcfc6,-49.575199,-18.4259,2026-04-22 00:43:00+00:00,2026-04-22,METOP-C,ITUMBIARA,GOIÁS,Brasil,,,,Mata Atlântica,33,52,5211503,8,,222_073,,POINT(-49.575199 -18.4259)
1815018071,52352059-28d9-31fb-a109-c455612bc470,-44.448502,-13.6393,2026-04-22 00:43:00+00:00,2026-04-22,METOP-C,CORIBE,BAHIA,Brasil,,,,Cerrado,33,29,2909109,8,,219_069,,POINT(-44.448502 -13.6393)
1815017483,d6d4a42d-61c3-31e4-b806-387e878617f6,-53.285801,-13.2417,2026-04-22 00:43:00+00:00,2026-04-22,METOP-C,GAÚCHA DO NORTE,MATO GROSSO,Brasil,,,,Amazônia,33,51,5103858,8,,225_069,,POINT(-53.285801 -13.2417)
1815017576,86352453-8697-3f3e-9cde-3fde0d38ba25,-45.340099,-13.3883,2026-04-22 00:43:00+00:00,2026-04-22,METOP-C,CORRENTINA,BAHIA,Brasil,,,,Cerrado,33,29,2909307,8,,220_069,,POINT(-45.340099 -13.3883)
1815017680,a25f5f88-6b68-338e-b487-de54f25bda8e,-49.583,-18.4275,2026-04-22 00:43:00+00:00,2026-04-22,METOP-C,ITUMBIARA,GOIÁS,Brasil,,,,Mata Atlântica,33,52,5211503,8,,222_073,,POINT(-49.583 -18.4275)
1815018067,0304a3f5-37d7-31a1-9bfd-d7d0a5be5926,-44.439098,-13.637,2026-04-22 00:43:00+00:00,2026-04-22,METOP-C,CORIBE,BAHIA,Brasil,,,,Cerrado,33,29,2909109,8,,219_069,,POINT(-44.439098 -13.637)
1815017888,15dbafd0-0cd8-3221-9573-6323bb1467fb,-45.225201,-12.0268,2026-04-22 00:43:00+00:00,2026-04-22,METOP-C,BARREIRAS,BAHIA,Brasil,,,,Cerrado,33,29,2903201,8,,220_068,,POINT(-45.225201 -12.0268)
1815017486,5fe4c868-2e41-3916-ba75-fc54dd5c0ab5,-47.760799,-12.0027,2026-04-22 00:43:00+00:00,2026-04-22,METOP-C,NATIVIDADE,TOCANTINS,Brasil,,,,Cerrado,33,17,1714203,8,,221_068,,POINT(-47.760799 -12.0027)
1815018100,c1c9cbbd-35bc-3c16-9249-1b083381f0a8,-43.650902,-11.7786,2026-04-22 00:43:00+00:00,2026-04-22,METOP-C,BARRA,BAHIA,Brasil,,,,Cerrado,33,29,2902708,8,,219_068,,POINT(-43.650902 -11.7786)
1815017494,b53861d1-52c6-3ae4-8b5c-2acd687c8683,-43.6399,-11.7759,2026-04-22 00:43:00+00:00,2026-04-22,METOP-C,BARRA,BAHIA,Brasil,,,,Cerrado,33,29,2902708,8,,219_068,,POINT(-43.6399 -11.7759)
1815018092,012cd8d5-a7d4-3f1b-909a-dde3baa7f169,-47.770199,-11.9945,2026-04-22 00:43:00+00:00,2026-04-22,METOP-C,NATIVIDADE,TOCANTINS,Brasil,,,,Cerrado,33,17,1714203,8,,221_068,,POINT(-47.770199 -11.9945)
1815017778,d21a4cc5-cdce-37f3-9301-60875e0b52e8,-53.295898,-13.2438,2026-04-22 00:43:00+00:00,2026-04-22,METOP-C,GAÚCHA DO NORTE,MATO GROSSO,Brasil,,,,Amazônia,33,51,5103858,8,,225_069,,POINT(-53.295898 -13.2438)
1815017577,8f65e071-7395-3c62-b67a-6361eec4d242,-43.6619,-11.7813,2026-04-22 00:43:00+00:00,2026-04-22,METOP-C,BARRA,BAHIA,Brasil,,,,Cerrado,33,29,2902708,8,,219_068,,POINT(-43.6619 -11.7813)
1815017843,1299d06e-36f7-388f-a7a6-5d4ab0f72c4d,-45.3232,-13.3843,2026-04-22 00:43:00+00:00,2026-04-22,METOP-C,CORRENTINA,BAHIA,Brasil,,,,Cerrado,33,29,2909307,8,,220_069,,POINT(-45.3232 -13.3843)
1815017622,d36b9978-557e-3999-a9fc-107e9ef82127,-47.775101,-12.006,2026-04-22 00:43:00+00:00,2026-04-22,METOP-C,NATIVIDADE,TOCANTINS,Brasil,,,,Cerrado,33,17,1714203,8,,221_068,,POINT(-47.775101 -12.006)
1815017872,578d2cdd-fd00-3cb8-9fca-7dff577f6b2e,-47.767899,-12.0043,2026-04-22 00:43:00+00:00,2026-04-22,METOP-C,NATIVIDADE,TOCANTINS,Brasil,,,,Cerrado,33,17,1714203,8,,221_068,,POINT(-47.767899 -12.0043)
1815018157,c3f0cd73-ca1f-3cf0-b52a-55b93d6449f7,-52.1483,-12.6347,2026-04-22 00:43:00+00:00,2026-04-22,METOP-C,QUERÊNCIA,MATO GROSSO,Brasil,,,,Amazônia,33,51,5107065,8,,224_069,,POINT(-52.1483 -12.6347)
1815017910,4a124967-06cb-30e8-b077-d97ed9d69c9f,-49.5909,-18.429199,2026-04-22 00:43:00+00:00,2026-04-22,METOP-C,ITUMBIARA,GOIÁS,Brasil,,,,Mata Atlântica,33,52,5211503,8,,222_073,,POINT(-49.5909 -18.429199)
