{"type": "FeatureCollection", "features": [{"type": "Feature", "id": "focos_48h_br_todosats.fid--145fdae9_19db31250eb_3f47", "geometry": {"type": "Point", "coordinates": [-50.2145, -27.952299]}, "geometry_name": "geometria", "properties": {"id_foco_bdq": 1814889297, "foco_id": "4d08b89d-89c4-3b98-8d85-c9fd2b539113", "longitude": -50.2145, "latitude": -27.952299, "data_hora_gmt": "2026-04-21T00:32:00Z", "data_pas": "2026-04-21", "satelite": "METOP-B", "municipio": "LAGES", "estado": "SANTA CATARINA", "pais": "Brasil", "precipitacao": null, "numero_dias_sem_chuva": null, "risco_fogo": null, "bioma": "Mata Atlântica", "id_0": 33, "id_1": 42, "id_2": 4209300, "continente_id": 8, "vegetacao": null, "grade_wrs": "221_079", "frp": null}, "bbox": [-50.2145, -27.952299, -50.2145, -27.952299]}, {"type": "Feature", "id": "focos_48h_br_todosats.fid--145fdae9_19db31250eb_3f48", "geometry": {"type": "Point", "coordinates": [-48.554298, -21.039801]}, "geometry_name": "geometria", "properties": {"id_foco_bdq": 1814889328, "foco_id": "bbd50f06-967b-36cb-a7ec-c0733ea27955", "longitude": -48.554298, "latitude": -21.039801, "data_hora_gmt": "2026-04-21T00:32:00Z", "data_pas": "2026-04-21", "satelite": "METOP-B", "municipio": "BEBEDOURO", "estado": "SÃO PAULO", "pais": "Brasil", "precipitacao": null, "numero_dias_sem_chuva": null, "risco_fogo": null, "bioma": "Mata Atlântica", "id_0": 33, "id_1": 35, "id_2": 3506102, "continente_id": 8, "vegetacao": null, "grade_wrs": "221_075", "frp": null}, "bbox": [-48.554298, -21.039801, -48.554298, -21.039801]}, {"type": "Feature", "id": "focos_48h_br_todosats.fid--145fdae9_19db31250eb_3f49", "geometry": {"type": "Point", "coordinates": [-56.0681, -19.1008]}, "geometry_name": "geometria", "properties": {"id_foco_bdq": 1814889313, "foco_id": "86fc08a5-f1b6-370b-ad14-7e597dbf4ce3", "longitude": -56.0681, "latitude": -19.1008, "data_hora_gmt": "2026-04-21T00:32:00Z", "data_pas": "2026-04-21", "satelite": "METOP-B", "municipio": "CORUMBÁ", "estado": "MATO GROSSO DO SUL", "pais": "Brasil", "precipitacao": null, "numero_dias_sem_chuva": null, "risco_fogo": null, "bioma": "Pantanal", "id_0": 33, "id_1": 50, "id_2": 5003207, "continente_id": 8, "vegetacao": null, "grade_wrs": "226_073", "frp": null}, "bbox": [-56.0681, -19.1008, -56.0681, -19.1008]}, {"type": "Feature", "id": "focos_48h_br_todosats.fid--145fdae9_19db31250eb_3f4a", "geometry": {"type": "Point", "coordinates": [-50.409599, -25.6472]}, "geometry_name": "geometria", "properties": {"id_foco_bdq": 1814889292, "foco_id": "032d27f3-c72c-3dc5-8651-57e2dd363b41", "longitude": -50.409599, "latitude": -25.6472, "data_hora_gmt": "2026-04-21T00:32:00Z", "data_pas": "2026-04-21", "satelite": "METOP-B", "municipio": "SÃO JOÃO DO TRIUNFO", "estado": "PARANÁ", "pais": "Brasil", "precipitacao": null, "numero_dias_sem_chuva": null, "risco_fogo": null, "bioma": "Mata Atlântica", "id_0": 33, "id_1": 41, "id_2": 4125100, "continente_id": 8, "vegetacao": null, "grade_wrs": "221_078", "frp": null}, "bbox": [-50.409599, -25.6472, -50.409599, -25.6472]}, {"type": "Feature", "id": "focos_48h_br_todosats.fid--145fdae9_19db31250eb_3f4b", "geometry": {"type": "Point", "coordinates": [-47.976601, -21.9475]}, "geometry_name": "geometria", "properties": {"id_foco_bdq": 1814889317, "foco_id": "6484cfa9-6a2c-3e73-a357-95392cc5d74f", "longitude": -47.976601, "latitude": -21.9475, "data_hora_gmt": "2026-04-21T00:32:00Z", "data_pas": "2026-04-21", "satelite": "METOP-B", "municipio": "IBATÉ", "estado": "SÃO PAULO", "pais": "Brasil", "precipitacao": null, "numero_dias_sem_chuva": null, "risco_fogo": null, "bioma": "Cerrado", "id_0": 33, "id_1": 35, "id_2": 3519303, "continente_id": 8, "vegetacao": null, "grade_wrs": "220_075", "frp": null}, "bbox": [-47.976601, -21.9475, -47.976601, -21.9475]}, {"type": "Feature", "id": "focos_48h_br_todosats.fid--145fdae9_19db31250eb_3f4c", "geometry": {"type": "Point", "coordinates": [-56.059101, -19.099001]}, "geometry_name": "geometria", "properties": {"id_foco_bdq": 1814889312, "foco_id": "b66fc56f-2648-3bc7-8b49-76b8b12976c5", "longitude": -56.059101, "latitude": -19.099001, "data_hora_gmt": "2026-04-21T00:32:00Z", "data_pas": "2026-04-21", "satelite": "METOP-B", "municipio": "CORUMBÁ", "estado": "MATO GROSSO DO SUL", "pais": "Brasil", "precipitacao": null, "numero_dias_sem_chuva": null, "risco_fogo": null, "bioma": "Pantanal", "id_0": 33, "id_1": 50, "id_2": 5003207, "continente_id": 8, "vegetacao": null, "grade_wrs": "226_073", "frp": null}, "bbox": [-56.059101, -19.099001, -56.059101, -19.099001]}, {"type": "Feature", "id": "focos_48h_br_todosats.fid--145fdae9_19db31250eb_3f4d", "geometry": {"type": "Point", "coordinates": [-48.545399, -21.037701]}, "geometry_name": "geometria", "properties": {"id_foco_bdq": 1814889330, "foco_id": "b23fcdd6-fbe5-3515-8e47-4e1dc987dcd4", "longitude": -48.545399, "latitude": -21.037701, "data_hora_gmt": "2026-04-21T00:32:00Z", "data_pas": "2026-04-21", "satelite": "METOP-B", "municipio": "BEBEDOURO", "estado": "SÃO PAULO", "pais": "Brasil", "precipitacao": null, "numero_dias_sem_chuva": null, "risco_fogo": null, "bioma": "Mata Atlântica", "id_0": 33, "id_1": 35, "id_2": 3506102, "continente_id": 8, "vegetacao": null, "grade_wrs": "221_075", "frp": null}, "bbox": [-48.545399, -21.037701, -48.545399, -21.037701]}, {"type": "Feature", "id": "focos_48h_br_todosats.fid--145fdae9_19db31250eb_3f4e", "geometry": {"type": "Point", "coordinates": [-47.958099, -21.9431]}, "geometry_name": "geometria", "properties": {"id_foco_bdq": 1814889337, "foco_id": "ba247287-4992-32e4-8436-e207482fcaaa", "longitude": -47.958099, "latitude": -21.9431, "data_hora_gmt": "2026-04-21T00:32:00Z", "data_pas": "2026-04-21", "satelite": "METOP-B", "municipio": "IBATÉ", "estado": "SÃO PAULO", "pais": "Brasil", "precipitacao": null, "numero_dias_sem_chuva": null, "risco_fogo": null, "bioma": "Cerrado", "id_0": 33, "id_1": 35, "id_2": 3519303, "continente_id": 8, "vegetacao": null, "grade_wrs": "220_075", "frp": null}, "bbox": [-47.958099, -21.9431, -47.958099, -21.9431]}, {"type": "Feature", "id": "focos_48h_br_todosats.fid--145fdae9_19db31250eb_3f4f", "geometry": {"type": "Point", "coordinates": [-47.9674, -21.945299]}, "geometry_name": "geometria", "properties": {"id_foco_bdq": 1814889338, "foco_id": "4d6e98d3-e64e-3cc7-9822-38ca3375afb1", "longitude": -47.9674, "latitude": -21.945299, "data_hora_gmt": "2026-04-21T00:32:00Z", "data_pas": "2026-04-21", "satelite": "METOP-B", "municipio": "IBATÉ", "estado": "SÃO PAULO", "pais": "Brasil", "precipitacao": null, "numero_dias_sem_chuva": null, "risco_fogo": null, "bioma": "Cerrado", "id_0": 33, "id_1": 35, "id_2": 3519303, "continente_id": 8, "vegetacao": null, "grade_wrs": "220_075", "frp": null}, "bbox": [-47.9674, -21.945299, -47.9674, -21.945299]}, {"type": "Feature", "id": "focos_48h_br_todosats.fid--145fdae9_19db31250eb_3f50", "geometry": {"type": "Point", "coordinates": [-49.42744, -25.11052]}, "geometry_name": "geometria", "properties": {"id_foco_bdq": 1814889392, "foco_id": "d589e854-75ce-35f8-9e16-266cc3aa4557", "longitude": -49.42744, "latitude": -25.11052, "data_hora_gmt": "2026-04-21T00:33:00Z", "data_pas": "2026-04-21", "satelite": "TERRA_M-M", "municipio": "RIO BRANCO DO SUL", "estado": "PARANÁ", "pais": "Brasil", "precipitacao": null, "numero_dias_sem_chuva": null, "risco_fogo": null, "bioma": "Mata Atlântica", "id_0": 33, "id_1": 41, "id_2": 4122206, "continente_id": 8, "vegetacao": null, "grade_wrs": "221_077", "frp": 5.9}, "bbox": [-49.42744, -25.11052, -49.42744, -25.11052]}, {"type": "Feature", "id": "focos_48h_br_todosats.fid--145fdae9_19db31250eb_3f51", "geometry": {"type": "Point", "coordinates": [-50.41782, -25.64032]}, "geometry_name": "geometria", "properties": {"id_foco_bdq": 1814889434, "foco_id": "75a97c93-a73e-3857-911f-e601af581254", "longitude": -50.41782, "latitude": -25.64032, "data_hora_gmt": "2026-04-21T00:33:00Z", "data_pas": "2026-04-21", "satelite": "TERRA_M-M", "municipio": "SÃO JOÃO DO TRIUNFO", "estado": "PARANÁ", "pais": "Brasil", "precipitacao": null, "numero_dias_sem_chuva": null, "risco_fogo": null, "bioma": "Mata Atlântica", "id_0": 33, "id_1": 41, "id_2": 4125100, "continente_id": 8, "vegetacao": null, "grade_wrs": "221_078", "frp": 11.2}, "bbox": [-50.41782, -25.64032, -50.41782, -25.64032]}, {"type": "Feature", "id": "focos_48h_br_todosats.fid--145fdae9_19db31250eb_3f52", "geometry": {"type": "Point", "coordinates": [-50.22294, -27.95115]}, "geometry_name": "geometria", "properties": {"id_foco_bdq": 1814889386, "foco_id": "06e74a13-e8b7-390b-a84d-ba3247cfe12d", "longitude": -50.22294, "latitude": -27.95115, "data_hora_gmt": "2026-04-21T00:33:00Z", "data_pas": "2026-04-21", "satelite": "TERRA_M-M", "municipio": "LAGES", "estado": "SANTA CATARINA", "pais": "Brasil", "precipitacao": null, "numero_dias_sem_chuva": null, "risco_fogo": null, "bioma": "Mata Atlântica", "id_0": 33, "id_1": 42, "id_2": 4209300, "continente_id": 8, "vegetacao": null, "grade_wrs": "221_079", "frp": 15.5}, "bbox": [-50.22294, -27.95115, -50.22294, -27.95115]}, {"type": "Feature", "id": "focos_48h_br_todosats.fid--145fdae9_19db31250eb_3f53", "geometry": {"type": "Point", "coordinates": [-49.42746, -25.11052]}, "geometry_name": "geometria", "properties": {"id_foco_bdq": 1814889438, "foco_id": "5e0ebf0b-003a-3c83-b8af-c99a48df19b5", "longitude": -49.42746, "latitude": -25.11052, "data_hora_gmt": "2026-04-21T00:33:00Z", "data_pas": "2026-04-21", "satelite": "TERRA_M-M", "municipio": "RIO BRANCO DO SUL", "estado": "PARANÁ", "pais": "Brasil", "precipitacao": null, "numero_dias_sem_chuva": null, "risco_fogo": null, "bioma": "Mata Atlântica", "id_0": 33, "id_1": 41, "id_2": 4122206, "continente_id": 8, "vegetacao": null, "grade_wrs": "221_077", "frp": 5.9}, "bbox": [-49.42746, -25.11052, -49.42746, -25.11052]}, {"type": "Feature", "id": "focos_48h_br_todosats.fid--145fdae9_19db31250eb_3f54", "geometry": {"type": "Point", "coordinates": [-50.41783, -25.64032]}, "geometry_name": "geometria", "properties": {"id_foco_bdq": 1814889397, "foco_id": "933017a2-fd3f-3545-88bf-8394b24974fb", "longitude": -50.41783, "latitude": -25.64032, "data_hora_gmt": "2026-04-21T00:33:00Z", "data_pas": "2026-04-21", "satelite": "TERRA_M-M", "municipio": "SÃO JOÃO DO TRIUNFO", "estado": "PARANÁ", "pais": "Brasil", "precipitacao": null, "numero_dias_sem_chuva": null, "risco_fogo": null, "bioma": "Mata Atlântica", "id_0": 33, "id_1": 41, "id_2": 4125100, "continente_id": 8, "vegetacao": null, "grade_wrs": "221_078", "frp": 11.2}, "bbox": [-50.41783, -25.64032, -50.41783, -25.64032]}, {"type": "Feature", "id": "focos_48h_br_todosats.fid--145fdae9_19db31250eb_3f55", "geometry": {"type": "Point", "coordinates": [-50.22293, -27.95115]}, "geometry_name": "geometria", "properties": {"id_foco_bdq": 1814889431, "foco_id": "0bb5cf92-9165-33de-b8b8-4f64a8113b64", "longitude": -50.22293, "latitude": -27.95115, "data_hora_gmt": "2026-04-21T00:33:00Z", "data_pas": "2026-04-21", "satelite": "TERRA_M-M", "municipio": "LAGES", "estado": "SANTA CATARINA", "pais": "Brasil", "precipitacao": null, "numero_dias_sem_chuva": null, "risco_fogo": null, "bioma": "Mata Atlântica", "id_0": 33, "id_1": 42, "id_2": 4209300, "continente_id": 8, "vegetacao": null, "grade_wrs": "221_079", "frp": 15.5}, "bbox": [-50.22293, -27.95115, -50.22293, -27.95115]}, {"type": "Feature", "id": "focos_48h_br_todosats.fid--145fdae9_19db31250eb_3f56", "geometry": {"type": "Point", "coordinates": [-48.55695, -21.04345]}, "geometry_name": "geometria", "properties": {"id_foco_bdq": 1814889385, "foco_id": "bc6c96ce-d6f7-3443-b96a-c0c450fbbf96", "longitude": -48.55695, "latitude": -21.04345, "data_hora_gmt": "2026-04-21T00:35:00Z", "data_pas": "2026-04-21", "satelite": "TERRA_M-M", "municipio": "BEBEDOURO", "estado": "SÃO PAULO", "pais": "Brasil", "precipitacao": null, "numero_dias_sem_chuva": null, "risco_fogo": null, "bioma": "Mata Atlântica", "id_0": 33, "id_1": 35, "id_2": 3506102, "continente_id": 8, "vegetacao": null, "grade_wrs": "221_075", "frp": 30.3}, "bbox": [-48.55695, -21.04345, -48.55695, -21.04345]}, {"type": "Feature", "id": "focos_48h_br_todosats.fid--145fdae9_19db31250eb_3f57", "geometry": {"type": "Point", "coordinates": [-47.98267, -21.9376]}, "geometry_name": "geometria", "properties": {"id_foco_bdq": 1814889405, "foco_id": "6c4b2984-215c-3c4b-834e-5ada05362d9b", "longitude": -47.98267, "latitude": -21.9376, "data_hora_gmt": "2026-04-21T00:35:00Z", "data_pas": "2026-04-21", "satelite": "TERRA_M-M", "municipio": "IBATÉ", "estado": "SÃO PAULO", "pais": "Brasil", "precipitacao": null, "numero_dias_sem_chuva": null, "risco_fogo": null, "bioma": "Cerrado", "id_0": 33, "id_1": 35, "id_2": 3519303, "continente_id": 8, "vegetacao": null, "grade_wrs": "220_075", "frp": 19.1}, "bbox": [-47.98267, -21.9376, -47.98267, -21.9376]}, {"type": "Feature", "id": "focos_48h_br_todosats.fid--145fdae9_19db31250eb_3f58", "geometry": {"type": "Point", "coordinates": [-47.97469, -21.94642]}, "geometry_name": "geometria", "properties": {"id_foco_bdq": 1814889409, "foco_id": "4170c165-6190-3a51-9d06-e80e648b077c", "longitude": -47.97469, "latitude": -21.94642, "data_hora_gmt": "2026-04-21T00:35:00Z", "data_pas": "2026-04-21", "satelite": "TERRA_M-M", "municipio": "IBATÉ", "estado": "SÃO PAULO", "pais": "Brasil", "precipitacao": null, "numero_dias_sem_chuva": null, "risco_fogo": null, "bioma": "Cerrado", "id_0": 33, "id_1": 35, "id_2": 3519303, "continente_id": 8, "vegetacao": null, "grade_wrs": "220_075", "frp": 50.9}, "bbox": [-47.97469, -21.94642, -47.97469, -21.94642]}, {"type": "Feature", "id": "focos_48h_br_todosats.fid--145fdae9_19db31250eb_3f5a", "geometry": {"type": "Point", "coordinates": [-47.98714, -21.94846]}, "geometry_name": "geometria", "properties": {"id_foco_bdq": 1814889445, "foco_id": "c024c4e0-f3a2-33bc-9b41-0373e08eb78f", "longitude": -47.98714, "latitude": -21.94846, "data_hora_gmt": "2026-04-21T00:35:00Z", "data_pas": "2026-04-21", "satelite": "TERRA_M-M", "municipio": "IBATÉ", "estado": "SÃO PAULO", "pais": "Brasil", "precipitacao": null, "numero_dias_sem_chuva": null, "risco_fogo": null, "bioma": "Cerrado", "id_0": 33, "id_1": 35, "id_2": 3519303, "continente_id": 8, "vegetacao": null, "grade_wrs": "220_075", "frp": 41}, "bbox": [-47.98714, -21.94846, -47.98714, -21.94846]}, {"type": "Feature", "id": "focos_48h_br_todosats.fid--145fdae9_19db31250eb_3f5b", "geometry": {"type": "Point", "coordinates": [-56.07104, -19.095]}, "geometry_name": "geometria", "properties": {"id_foco_bdq": 1814889396, "foco_id": "ec6d1c8f-0663-3752-8f93-d75d7b2ecb6a", "longitude": -56.07104, "latitude": -19.095, "data_hora_gmt": "2026-04-21T00:35:00Z", "data_pas": "2026-04-21", "satelite": "TERRA_M-M", "municipio": "CORUMBÁ", "estado": "MATO GROSSO DO SUL", "pais": "Brasil", "precipitacao": null, "numero_dias_sem_chuva": null, "risco_fogo": null, "bioma": "Pantanal", "id_0": 33, "id_1": 50, "id_2": 5003207, "continente_id": 8, "vegetacao": null, "grade_wrs": "226_073", "frp": 12.7}, "bbox": [-56.07104, -19.095, -56.07104, -19.095]}, {"type": "Feature", "id": "focos_48h_br_todosats.fid--145fdae9_19db31250eb_3f5c", "geometry": {"type": "Point", "coordinates": [-47.97468, -21.94643]}, "geometry_name": "geometria", "properties": {"id_foco_bdq": 1814889387, "foco_id": "27ea4b51-62ee-3e6c-a02a-eec94d49e1d8", "longitude": -47.97468, "latitude": -21.94643, "data_hora_gmt": "2026-04-21T00:35:00Z", "data_pas": "2026-04-21", "satelite": "TERRA_M-M", "municipio": "IBATÉ", "estado": "SÃO PAULO", "pais": "Brasil", "precipitacao": null, "numero_dias_sem_chuva": null, "risco_fogo": null, "bioma": "Cerrado", "id_0": 33, "id_1": 35, "id_2": 3519303, "continente_id": 8, "vegetacao": null, "grade_wrs": "220_075", "frp": 50.9}, "bbox": [-47.97468, -21.94643, -47.97468, -21.94643]}, {"type": "Feature", "id": "focos_48h_br_todosats.fid--145fdae9_19db31250eb_3f5d", "geometry": {"type": "Point", "coordinates": [-47.98715, -21.94845]}, "geometry_name": "geometria", "properties": {"id_foco_bdq": 1814889400, "foco_id": "edf8dbc6-15af-3770-ad04-a8afbd56cc7e", "longitude": -47.98715, "latitude": -21.94845, "data_hora_gmt": "2026-04-21T00:35:00Z", "data_pas": "2026-04-21", "satelite": "TERRA_M-M", "municipio": "IBATÉ", "estado": "SÃO PAULO", "pais": "Brasil", "precipitacao": null, "numero_dias_sem_chuva": null, "risco_fogo": null, "bioma": "Cerrado", "id_0": 33, "id_1": 35, "id_2": 3519303, "continente_id": 8, "vegetacao": null, "grade_wrs": "220_075", "frp": 41}, "bbox": [-47.98715, -21.94845, -47.98715, -21.94845]}, {"type": "Feature", "id": "focos_48h_br_todosats.fid--145fdae9_19db31250eb_3f5e", "geometry": {"type": "Point", "coordinates": [-56.07103, -19.095]}, "geometry_name": "geometria", "properties": {"id_foco_bdq": 1814889402, "foco_id": "713d2a38-b284-341e-9b89-69e47de3d6f8", "longitude": -56.07103, "latitude": -19.095, "data_hora_gmt": "2026-04-21T00:35:00Z", "data_pas": "2026-04-21", "satelite": "TERRA_M-M", "municipio": "CORUMBÁ", "estado": "MATO GROSSO DO SUL", "pais": "Brasil", "precipitacao": null, "numero_dias_sem_chuva": null, "risco_fogo": null, "bioma": "Pantanal", "id_0": 33, "id_1": 50, "id_2": 5003207, "continente_id": 8, "vegetacao": null, "grade_wrs": "226_073", "frp": 12.7}, "bbox": [-56.07103, -19.095, -56.07103, -19.095]}, {"type": "Feature", "id": "focos_48h_br_todosats.fid--145fdae9_19db31250eb_3f60", "geometry": {"type": "Point", "coordinates": [-47.98269, -21.9376]}, "geometry_name": "geometria", "properties": {"id_foco_bdq": 1814889424, "foco_id": "1f8ea288-444c-3649-b9ad-8099a1f3807f", "longitude": -47.98269, "latitude": -21.9376, "data_hora_gmt": "2026-04-21T00:35:00Z", "data_pas": "2026-04-21", "satelite": "TERRA_M-M", "municipio": "IBATÉ", "estado": "SÃO PAULO", "pais": "Brasil", "precipitacao": null, "numero_dias_sem_chuva": null, "risco_fogo": null, "bioma": "Cerrado", "id_0": 33, "id_1": 35, "id_2": 3519303, "continente_id": 8, "vegetacao": null, "grade_wrs": "220_075", "frp": 19.1}, "bbox": [-47.98269, -21.9376, -47.98269, -21.9376]}, {"type": "Feature", "id": "focos_48h_br_todosats.fid--145fdae9_19db31250eb_3f62", "geometry": {"type": "Point", "coordinates": [-48.55696, -21.04345]}, "geometry_name": "geometria", "properties": {"id_foco_bdq": 1814889408, "foco_id": "6969e030-cad5-3aba-aa3f-05fc8c4c2ee5", "longitude": -48.55696, "latitude": -21.04345, "data_hora_gmt": "2026-04-21T00:35:00Z", "data_pas": "2026-04-21", "satelite": "TERRA_M-M", "municipio": "BEBEDOURO", "estado": "SÃO PAULO", "pais": "Brasil", "precipitacao": null, "numero_dias_sem_chuva": null, "risco_fogo": null, "bioma": "Mata Atlântica", "id_0": 33, "id_1": 35, "id_2": 3506102, "continente_id": 8, "vegetacao": null, "grade_wrs": "221_075", "frp": 30.3}, "bbox": [-48.55696, -21.04345, -48.55696, -21.04345]}, {"type": "Feature", "id": "focos_48h_br_todosats.fid--145fdae9_19db31250eb_3f63", "geometry": {"type": "Point", "coordinates": [-60.29574, 2.91122]}, "geometry_name": "geometria", "properties": {"id_foco_bdq": 1814890569, "foco_id": "4ab5bf34-dd1a-3bb2-aa0e-ebdc654b4bac", "longitude": -60.29574, "latitude": 2.91122, "data_hora_gmt": "2026-04-21T00:39:00Z", "data_pas": "2026-04-21", "satelite": "TERRA_M-M", "municipio": "BONFIM", "estado": "RORAIMA", "pais": "Brasil", "precipitacao": null, "numero_dias_sem_chuva": null, "risco_fogo": null, "bioma": "Amazônia", "id_0": 33, "id_1": 14, "id_2": 1400159, "continente_id": 8, "vegetacao": null, "grade_wrs": "232_058", "frp": 9.3}, "bbox": [-60.29574, 2.91122, -60.29574, 2.91122]}, {"type": "Feature", "id": "focos_48h_br_todosats.fid--145fdae9_19db31250eb_3f65", "geometry": {"type": "Point", "coordinates": [-60.29575, 2.91122]}, "geometry_name": "geometria", "properties": {"id_foco_bdq": 1814891009, "foco_id": "cc26bfbf-cfd6-37fa-97eb-d8fafc83053a", "longitude": -60.29575, "latitude": 2.91122, "data_hora_gmt": "2026-04-21T00:39:00Z", "data_pas": "2026-04-21", "satelite": "TERRA_M-M", "municipio": "BONFIM", "estado": "RORAIMA", "pais": "Brasil", "precipitacao": null, "numero_dias_sem_chuva": null, "risco_fogo": null, "bioma": "Amazônia", "id_0": 33, "id_1": 14, "id_2": 1400159, "continente_id": 8, "vegetacao": null, "grade_wrs": "232_058", "frp": 9.3}, "bbox": [-60.29575, 2.91122, -60.29575, 2.91122]}, {"type": "Feature", "id": "focos_48h_br_todosats.fid--145fdae9_19db31250eb_3f66", "geometry": {"type": "Point", "coordinates": [-47.9849, -21.9341]}, "geometry_name": "geometria", "properties": {"id_foco_bdq": 1814887910, "foco_id": "4e438ff6-e088-35d7-b5ad-58bb210aabcb", "longitude": -47.9849, "latitude": -21.9341, "data_hora_gmt": "2026-04-21T00:40:00Z", "data_pas": "2026-04-21", "satelite": "GOES-19", "municipio": "IBATÉ", "estado": "SÃO PAULO", "pais": "Brasil", "precipitacao": null, "numero_dias_sem_chuva": null, "risco_fogo": null, "bioma": "Cerrado", "id_0": 33, "id_1": 35, "id_2": 3519303, "continente_id": 8, "vegetacao": null, "grade_wrs": "220_075", "frp": 91.9}, "bbox": [-47.9849, -21.9341, -47.9849, -21.9341]}, {"type": "Feature", "id": "focos_48h_br_todosats.fid--145fdae9_19db31250eb_3f67", "geometry": {"type": "Point", "coordinates": [-47.9561, -21.9557]}, "geometry_name": "geometria", "properties": {"id_foco_bdq": 1814887907, "foco_id": "a1d71870-8a3a-3552-96af-f57c0a64b2cc", "longitude": -47.9561, "latitude": -21.9557, "data_hora_gmt": "2026-04-21T00:40:00Z", "data_pas": "2026-04-21", "satelite": "GOES-19", "municipio": "IBATÉ", "estado": "SÃO PAULO", "pais": "Brasil", "precipitacao": null, "numero_dias_sem_chuva": null, "risco_fogo": null, "bioma": "Cerrado", "id_0": 33, "id_1": 35, "id_2": 3519303, "continente_id": 8, "vegetacao": null, "grade_wrs": "220_075", "frp": 54.2}, "bbox": [-47.9561, -21.9557, -47.9561, -21.9557]}, {"type": "Feature", "id": "focos_48h_br_todosats.fid--145fdae9_19db31250eb_3f69", "geometry": {"type": "Point", "coordinates": [-47.9797, -21.955]}, "geometry_name": "geometria", "properties": {"id_foco_bdq": 1814887906, "foco_id": "ce6c7526-29c1-304b-a00c-f86d0181205e", "longitude": -47.9797, "latitude": -21.955, "data_hora_gmt": "2026-04-21T00:40:00Z", "data_pas": "2026-04-21", "satelite": "GOES-19", "municipio": "IBATÉ", "estado": "SÃO PAULO", "pais": "Brasil", "precipitacao": null, "numero_dias_sem_chuva": null, "risco_fogo": null, "bioma": "Cerrado", "id_0": 33, "id_1": 35, "id_2": 3519303, "continente_id": 8, "vegetacao": null, "grade_wrs": "220_075", "frp": 122.8}, "bbox": [-47.9797, -21.955, -47.9797, -21.955]}, {"type": "Feature", "id": "focos_48h_br_todosats.fid--145fdae9_19db31250eb_3f6a", "geometry": {"type": "Point", "coordinates": [-47.9797, -21.955]}, "geometry_name": "geometria", "properties": {"id_foco_bdq": 1814887944, "foco_id": "bb773f33-ab9f-3659-a784-67bc35ded67e", "longitude": -47.9797, "latitude": -21.955, "data_hora_gmt": "2026-04-21T00:50:00Z", "data_pas": "2026-04-21", "satelite": "GOES-19", "municipio": "IBATÉ", "estado": "SÃO PAULO", "pais": "Brasil", "precipitacao": null, "numero_dias_sem_chuva": null, "risco_fogo": null, "bioma": "Cerrado", "id_0": 33, "id_1": 35, "id_2": 3519303, "continente_id": 8, "vegetacao": null, "grade_wrs": "220_075", "frp": 57}, "bbox": [-47.9797, -21.955, -47.9797, -21.955]}, {"type": "Feature", "id": "focos_48h_br_todosats.fid--145fdae9_19db31250eb_3f6b", "geometry": {"type": "Point", "coordinates": [-47.9797, -21.955]}, "geometry_name": "geometria", "properties": {"id_foco_bdq": 1814887995, "foco_id": "d065dc57-3018-3932-abfd-7f224911d8f8", "longitude": -47.9797, "latitude": -21.955, "data_hora_gmt": "2026-04-21T01:00:00Z", "data_pas": "2026-04-21", "satelite": "GOES-19", "municipio": "IBATÉ", "estado": "SÃO PAULO", "pais": "Brasil", "precipitacao": null, "numero_dias_sem_chuva": null, "risco_fogo": null, "bioma": "Cerrado", "id_0": 33, "id_1": 35, "id_2": 3519303, "continente_id": 8, "vegetacao": null, "grade_wrs": "220_075", "frp": 41.7}, "bbox": [-47.9797, -21.955, -47.9797, -21.955]}, {"type": "Feature", "id": "focos_48h_br_todosats.fid--145fdae9_19db31250eb_3f6c", "geometry": {"type": "Point", "coordinates": [-48.714001, -21.380199]}, "geometry_name": "geometria", "properties": {"id_foco_bdq": 1814889587, "foco_id": "920be72a-2f0f-3196-86e9-ad769417a840", "longitude": -48.714001, "latitude": -21.380199, "data_hora_gmt": "2026-04-21T01:04:00Z", "data_pas": "2026-04-21", "satelite": "METOP-C", "municipio": "FERNANDO PRESTES", "estado": "SÃO PAULO", "pais": "Brasil", "precipitacao": null, "numero_dias_sem_chuva": null, "risco_fogo": null, "bioma": "Cerrado", "id_0": 33, "id_1": 35, "id_2": 3515608, "continente_id": 8, "vegetacao": null, "grade_wrs": "221_075", "frp": null}, "bbox": [-48.714001, -21.380199, -48.714001, -21.380199]}, {"type": "Feature", "id": "focos_48h_br_todosats.fid--145fdae9_19db31250eb_3f6e", "geometry": {"type": "Point", "coordinates": [-48.553299, -21.040899]}, "geometry_name": "geometria", "properties": {"id_foco_bdq": 1814889904, "foco_id": "ff34d8a5-ef11-347f-9dc4-fdb49fa0a64e", "longitude": -48.553299, "latitude": -21.040899, "data_hora_gmt": "2026-04-21T01:04:00Z", "data_pas": "2026-04-21", "satelite": "METOP-C", "municipio": "BEBEDOURO", "estado": "SÃO PAULO", "pais": "Brasil", "precipitacao": null, "numero_dias_sem_chuva": null, "risco_fogo": null, "bioma": "Mata Atlântica", "id_0": 33, "id_1": 35, "id_2": 3506102, "continente_id": 8, "vegetacao": null, "grade_wrs": "221_075", "frp": null}, "bbox": [-48.553299, -21.040899, -48.553299, -21.040899]}, {"type": "Feature", "id": "focos_48h_br_todosats.fid--145fdae9_19db31250eb_3f6f", "geometry": {"type": "Point", "coordinates": [-48.7253, -21.372499]}, "geometry_name": "geometria", "properties": {"id_foco_bdq": 1814889942, "foco_id": "ae82bef9-eff1-38de-a058-fd0745e64457", "longitude": -48.7253, "latitude": -21.372499, "data_hora_gmt": "2026-04-21T01:04:00Z", "data_pas": "2026-04-21", "satelite": "METOP-C", "municipio": "FERNANDO PRESTES", "estado": "SÃO PAULO", "pais": "Brasil", "precipitacao": null, "numero_dias_sem_chuva": null, "risco_fogo": null, "bioma": "Cerrado", "id_0": 33, "id_1": 35, "id_2": 3515608, "continente_id": 8, "vegetacao": null, "grade_wrs": "221_075", "frp": null}, "bbox": [-48.7253, -21.372499, -48.7253, -21.372499]}, {"type": "Feature", "id": "focos_48h_br_todosats.fid--145fdae9_19db31250eb_3f70", "geometry": {"type": "Point", "coordinates": [-47.975399, -21.948601]}, "geometry_name": "geometria", "properties": {"id_foco_bdq": 1814890004, "foco_id": "1fb1f100-60f3-3779-b3f6-8c1fc220ce5c", "longitude": -47.975399, "latitude": -21.948601, "data_hora_gmt": "2026-04-21T01:04:00Z", "data_pas": "2026-04-21", "satelite": "METOP-C", "municipio": "IBATÉ", "estado": "SÃO PAULO", "pais": "Brasil", "precipitacao": null, "numero_dias_sem_chuva": null, "risco_fogo": null, "bioma": "Cerrado", "id_0": 33, "id_1": 35, "id_2": 3519303, "continente_id": 8, "vegetacao": null, "grade_wrs": "220_075", "frp": null}, "bbox": [-47.975399, -21.948601, -47.975399, -21.948601]}, {"type": "Feature", "id": "focos_48h_br_todosats.fid--145fdae9_19db31250eb_3f72", "geometry": {"type": "Point", "coordinates": [-48.716599, -21.370501]}, "geometry_name": "geometria", "properties": {"id_foco_bdq": 1814890118, "foco_id": "a9fe8381-1af4-31d2-b607-5243308fca6a", "longitude": -48.716599, "latitude": -21.370501, "data_hora_gmt": "2026-04-21T01:04:00Z", "data_pas": "2026-04-21", "satelite": "METOP-C", "municipio": "FERNANDO PRESTES", "estado": "SÃO PAULO", "pais": "Brasil", "precipitacao": null, "numero_dias_sem_chuva": null, "risco_fogo": null, "bioma": "Cerrado", "id_0": 33, "id_1": 35, "id_2": 3515608, "continente_id": 8, "vegetacao": null, "grade_wrs": "221_075", "frp": null}, "bbox": [-48.716599, -21.370501, -48.716599, -21.370501]}, {"type": "Feature", "id": "focos_48h_br_todosats.fid--145fdae9_19db31250eb_3f73", "geometry": {"type": "Point", "coordinates": [-48.722698, -21.382299]}, "geometry_name": "geometria", "properties": {"id_foco_bdq": 1814890207, "foco_id": "04bc6c3e-c835-3a99-b079-ff41b79974a6", "longitude": -48.722698, "latitude": -21.382299, "data_hora_gmt": "2026-04-21T01:04:00Z", "data_pas": "2026-04-21", "satelite": "METOP-C", "municipio": "FERNANDO PRESTES", "estado": "SÃO PAULO", "pais": "Brasil", "precipitacao": null, "numero_dias_sem_chuva": null, "risco_fogo": null, "bioma": "Cerrado", "id_0": 33, "id_1": 35, "id_2": 3515608, "continente_id": 8, "vegetacao": null, "grade_wrs": "221_075", "frp": null}, "bbox": [-48.722698, -21.382299, -48.722698, -21.382299]}, {"type": "Feature", "id": "focos_48h_br_todosats.fid--145fdae9_19db31250eb_3f74", "geometry": {"type": "Point", "coordinates": [-56.072601, -19.0947]}, "geometry_name": "geometria", "properties": {"id_foco_bdq": 1814889620, "foco_id": "42ca4c0e-a07e-3eec-b44e-bc9e932ddbe4", "longitude": -56.072601, "latitude": -19.0947, "data_hora_gmt": "2026-04-21T01:04:00Z", "data_pas": "2026-04-21", "satelite": "METOP-C", "municipio": "CORUMBÁ", "estado": "MATO GROSSO DO SUL", "pais": "Brasil", "precipitacao": null, "numero_dias_sem_chuva": null, "risco_fogo": null, "bioma": "Pantanal", "id_0": 33, "id_1": 50, "id_2": 5003207, "continente_id": 8, "vegetacao": null, "grade_wrs": "226_073", "frp": null}, "bbox": [-56.072601, -19.0947, -56.072601, -19.0947]}, {"type": "Feature", "id": "focos_48h_br_todosats.fid--145fdae9_19db31250eb_3f76", "geometry": {"type": "Point", "coordinates": [-37.47913, -9.80058]}, "geometry_name": "geometria", "properties": {"id_foco_bdq": 1814894506, "foco_id": "8c291c05-acc4-34a3-8ea4-4e5a1e96a943", "longitude": -37.47913, "latitude": -9.80058, "data_hora_gmt": "2026-04-21T03:25:00Z", "data_pas": "2026-04-21", "satelite": "NPP-375D", "municipio": "PORTO DA FOLHA", "estado": "SERGIPE", "pais": "Brasil", "precipitacao": null, "numero_dias_sem_chuva": null, "risco_fogo": null, "bioma": "Caatinga", "id_0": 33, "id_1": 28, "id_2": 2805604, "continente_id": 8, "vegetacao": null, "grade_wrs": "215_067", "frp": 3.9}, "bbox": [-37.47913, -9.80058, -37.47913, -9.80058]}, {"type": "Feature", "id": "focos_48h_br_todosats.fid--145fdae9_19db31250eb_3f78", "geometry": {"type": "Point", "coordinates": [-44.20034, -12.23743]}, "geometry_name": "geometria", "properties": {"id_foco_bdq": 1814894092, "foco_id": "44b02137-2fb9-307a-987e-26729b92b1a9", "longitude": -44.20034, "latitude": -12.23743, "data_hora_gmt": "2026-04-21T03:25:00Z", "data_pas": "2026-04-21", "satelite": "NPP-375D", "municipio": "CRISTÓPOLIS", "estado": "BAHIA", "pais": "Brasil", "precipitacao": null, "numero_dias_sem_chuva": null, "risco_fogo": null, "bioma": "Cerrado", "id_0": 33, "id_1": 29, "id_2": 2909703, "continente_id": 8, "vegetacao": null, "grade_wrs": "219_068", "frp": 2.1}, "bbox": [-44.20034, -12.23743, -44.20034, -12.23743]}, {"type": "Feature", "id": "focos_48h_br_todosats.fid--145fdae9_19db31250eb_3f79", "geometry": {"type": "Point", "coordinates": [-37.4738, -9.80153]}, "geometry_name": "geometria", "properties": {"id_foco_bdq": 1814893679, "foco_id": "b0fd0181-cd40-3fd9-982e-bbd64b681bc0", "longitude": -37.4738, "latitude": -9.80153, "data_hora_gmt": "2026-04-21T03:25:00Z", "data_pas": "2026-04-21", "satelite": "NPP-375D", "municipio": "PORTO DA FOLHA", "estado": "SERGIPE", "pais": "Brasil", "precipitacao": null, "numero_dias_sem_chuva": null, "risco_fogo": null, "bioma": "Caatinga", "id_0": 33, "id_1": 28, "id_2": 2805604, "continente_id": 8, "vegetacao": null, "grade_wrs": "215_067", "frp": 3.9}, "bbox": [-37.4738, -9.80153, -37.4738, -9.80153]}, {"type": "Feature", "id": "focos_48h_br_todosats.fid--145fdae9_19db31250eb_3f7a", "geometry": {"type": "Point", "coordinates": [-38.44027, -9.94249]}, "geometry_name": "geometria", "properties": {"id_foco_bdq": 1814893697, "foco_id": "c84c0ec2-31fd-3877-861c-e5d319a586a6", "longitude": -38.44027, "latitude": -9.94249, "data_hora_gmt": "2026-04-21T03:25:00Z", "data_pas": "2026-04-21", "satelite": "NPP-375D", "municipio": "JEREMOABO", "estado": "BAHIA", "pais": "Brasil", "precipitacao": null, "numero_dias_sem_chuva": null, "risco_fogo": null, "bioma": "Caatinga", "id_0": 33, "id_1": 29, "id_2": 2918100, "continente_id": 8, "vegetacao": null, "grade_wrs": "216_067", "frp": 0.5}, "bbox": [-38.44027, -9.94249, -38.44027, -9.94249]}, {"type": "Feature", "id": "focos_48h_br_todosats.fid--145fdae9_19db31250eb_3f7b", "geometry": {"type": "Point", "coordinates": [-38.44331, -9.94191]}, "geometry_name": "geometria", "properties": {"id_foco_bdq": 1814894148, "foco_id": "4c40cb55-fe55-3e39-be75-b4456b484318", "longitude": -38.44331, "latitude": -9.94191, "data_hora_gmt": "2026-04-21T03:25:00Z", "data_pas": "2026-04-21", "satelite": "NPP-375D", "municipio": "JEREMOABO", "estado": "BAHIA", "pais": "Brasil", "precipitacao": null, "numero_dias_sem_chuva": null, "risco_fogo": null, "bioma": "Caatinga", "id_0": 33, "id_1": 29, "id_2": 2918100, "continente_id": 8, "vegetacao": null, "grade_wrs": "216_067", "frp": 0.9}, "bbox": [-38.44331, -9.94191, -38.44331, -9.94191]}, {"type": "Feature", "id": "focos_48h_br_todosats.fid--145fdae9_19db31250eb_3f7c", "geometry": {"type": "Point", "coordinates": [-37.47469, -9.79934]}, "geometry_name": "geometria", "properties": {"id_foco_bdq": 1814894153, "foco_id": "6594e117-b6d9-319d-aaa0-c3bf552cd796", "longitude": -37.47469, "latitude": -9.79934, "data_hora_gmt": "2026-04-21T03:25:00Z", "data_pas": "2026-04-21", "satelite": "NPP-375D", "municipio": "PORTO DA FOLHA", "estado": "SERGIPE", "pais": "Brasil", "precipitacao": null, "numero_dias_sem_chuva": null, "risco_fogo": null, "bioma": "Caatinga", "id_0": 33, "id_1": 28, "id_2": 2805604, "continente_id": 8, "vegetacao": null, "grade_wrs": "215_067", "frp": 3.4}, "bbox": [-37.47469, -9.79934, -37.47469, -9.79934]}, {"type": "Feature", "id": "focos_48h_br_todosats.fid--145fdae9_19db31250eb_3f7d", "geometry": {"type": "Point", "coordinates": [-37.47473, -9.80635]}, "geometry_name": "geometria", "properties": {"id_foco_bdq": 1814893794, "foco_id": "55c514b0-6965-3671-ba9b-e7f244568e25", "longitude": -37.47473, "latitude": -9.80635, "data_hora_gmt": "2026-04-21T03:25:00Z", "data_pas": "2026-04-21", "satelite": "NPP-375D", "municipio": "PORTO DA FOLHA", "estado": "SERGIPE", "pais": "Brasil", "precipitacao": null, "numero_dias_sem_chuva": null, "risco_fogo": null, "bioma": "Caatinga", "id_0": 33, "id_1": 28, "id_2": 2805604, "continente_id": 8, "vegetacao": null, "grade_wrs": "215_067", "frp": 2.4}, "bbox": [-37.47473, -9.80635, -37.47473, -9.80635]}, {"type": "Feature", "id": "focos_48h_br_todosats.fid--145fdae9_19db31250eb_3f7e", "geometry": {"type": "Point", "coordinates": [-37.47559, -9.80417]}, "geometry_name": "geometria", "properties": {"id_foco_bdq": 1814893804, "foco_id": "686789ae-9867-362c-9a91-ab9a9b3fb5aa", "longitude": -37.47559, "latitude": -9.80417, "data_hora_gmt": "2026-04-21T03:25:00Z", "data_pas": "2026-04-21", "satelite": "NPP-375D", "municipio": "PORTO DA FOLHA", "estado": "SERGIPE", "pais": "Brasil", "precipitacao": null, "numero_dias_sem_chuva": null, "risco_fogo": null, "bioma": "Caatinga", "id_0": 33, "id_1": 28, "id_2": 2805604, "continente_id": 8, "vegetacao": null, "grade_wrs": "215_067", "frp": 4}, "bbox": [-37.47559, -9.80417, -37.47559, -9.80417]}, {"type": "Feature", "id": "focos_48h_br_todosats.fid--145fdae9_19db31250eb_3f7f", "geometry": {"type": "Point", "coordinates": [-44.19463, -12.24331]}, "geometry_name": "geometria", "properties": {"id_foco_bdq": 1814894278, "foco_id": "2d789e93-38d7-35e6-aed9-4462a711ae3a", "longitude": -44.19463, "latitude": -12.24331, "data_hora_gmt": "2026-04-21T03:25:00Z", "data_pas": "2026-04-21", "satelite": "NPP-375D", "municipio": "CRISTÓPOLIS", "estado": "BAHIA", "pais": "Brasil", "precipitacao": null, "numero_dias_sem_chuva": null, "risco_fogo": null, "bioma": "Cerrado", "id_0": 33, "id_1": 29, "id_2": 2909703, "continente_id": 8, "vegetacao": null, "grade_wrs": "219_068", "frp": 2.1}, "bbox": [-44.19463, -12.24331, -44.19463, -12.24331]}, {"type": "Feature", "id": "focos_48h_br_todosats.fid--145fdae9_19db31250eb_3f81", "geometry": {"type": "Point", "coordinates": [-44.20125, -12.24188]}, "geometry_name": "geometria", "properties": {"id_foco_bdq": 1814894309, "foco_id": "7eedbe06-02ae-3430-b9ad-3336480b2e51", "longitude": -44.20125, "latitude": -12.24188, "data_hora_gmt": "2026-04-21T03:25:00Z", "data_pas": "2026-04-21", "satelite": "NPP-375D", "municipio": "CRISTÓPOLIS", "estado": "BAHIA", "pais": "Brasil", "precipitacao": null, "numero_dias_sem_chuva": null, "risco_fogo": null, "bioma": "Cerrado", "id_0": 33, "id_1": 29, "id_2": 2909703, "continente_id": 8, "vegetacao": null, "grade_wrs": "219_068", "frp": 2.1}, "bbox": [-44.20125, -12.24188, -44.20125, -12.24188]}, {"type": "Feature", "id": "focos_48h_br_todosats.fid--145fdae9_19db31250eb_3f82", "geometry": {"type": "Point", "coordinates": [-44.61895, -12.27854]}, "geometry_name": "geometria", "properties": {"id_foco_bdq": 1814893767, "foco_id": "20f8983d-486e-35fb-b3ec-4c816034300b", "longitude": -44.61895, "latitude": -12.27854, "data_hora_gmt": "2026-04-21T03:25:00Z", "data_pas": "2026-04-21", "satelite": "NPP-375D", "municipio": "CATOLÂNDIA", "estado": "BAHIA", "pais": "Brasil", "precipitacao": null, "numero_dias_sem_chuva": null, "risco_fogo": null, "bioma": "Cerrado", "id_0": 33, "id_1": 29, "id_2": 2907400, "continente_id": 8, "vegetacao": null, "grade_wrs": "219_069", "frp": 2.3}, "bbox": [-44.61895, -12.27854, -44.61895, -12.27854]}, {"type": "Feature", "id": "focos_48h_br_todosats.fid--145fdae9_19db31250eb_3f84", "geometry": {"type": "Point", "coordinates": [-44.19357, -12.23886]}, "geometry_name": "geometria", "properties": {"id_foco_bdq": 1814894395, "foco_id": "a42619e9-4c16-3afc-a1af-82f18e316365", "longitude": -44.19357, "latitude": -12.23886, "data_hora_gmt": "2026-04-21T03:25:00Z", "data_pas": "2026-04-21", "satelite": "NPP-375D", "municipio": "CRISTÓPOLIS", "estado": "BAHIA", "pais": "Brasil", "precipitacao": null, "numero_dias_sem_chuva": null, "risco_fogo": null, "bioma": "Cerrado", "id_0": 33, "id_1": 29, "id_2": 2909703, "continente_id": 8, "vegetacao": null, "grade_wrs": "219_068", "frp": 2.1}, "bbox": [-44.19357, -12.23886, -44.19357, -12.23886]}, {"type": "Feature", "id": "focos_48h_br_todosats.fid--145fdae9_19db31250eb_3f85", "geometry": {"type": "Point", "coordinates": [-39.10425, -15.95718]}, "geometry_name": "geometria", "properties": {"id_foco_bdq": 1814893516, "foco_id": "e6be4129-9b3c-3ec4-881b-924fbe044f01", "longitude": -39.10425, "latitude": -15.95718, "data_hora_gmt": "2026-04-21T03:28:00Z", "data_pas": "2026-04-21", "satelite": "NPP-375D", "municipio": "BELMONTE", "estado": "BAHIA", "pais": "Brasil", "precipitacao": null, "numero_dias_sem_chuva": null, "risco_fogo": null, "bioma": "Mata Atlântica", "id_0": 33, "id_1": 29, "id_2": 2903409, "continente_id": 8, "vegetacao": null, "grade_wrs": "215_071", "frp": 2.3}, "bbox": [-39.10425, -15.95718, -39.10425, -15.95718]}, {"type": "Feature", "id": "focos_48h_br_todosats.fid--145fdae9_19db31250eb_3f86", "geometry": {"type": "Point", "coordinates": [-43.07258, -22.49812]}, "geometry_name": "geometria", "properties": {"id_foco_bdq": 1814894354, "foco_id": "adb2ab0f-7714-3e8a-81fe-56eed0adbe87", "longitude": -43.07258, "latitude": -22.49812, "data_hora_gmt": "2026-04-21T03:30:00Z", "data_pas": "2026-04-21", "satelite": "NPP-375D", "municipio": "PETRÓPOLIS", "estado": "RIO DE JANEIRO", "pais": "Brasil", "precipitacao": null, "numero_dias_sem_chuva": null, "risco_fogo": null, "bioma": "Mata Atlântica", "id_0": 33, "id_1": 33, "id_2": 3303906, "continente_id": 8, "vegetacao": null, "grade_wrs": "217_076", "frp": 0.5}, "bbox": [-43.07258, -22.49812, -43.07258, -22.49812]}, {"type": "Feature", "id": "focos_48h_br_todosats.fid--145fdae9_19db31250eb_3f88", "geometry": {"type": "Point", "coordinates": [-48.03651, -21.95366]}, "geometry_name": "geometria", "properties": {"id_foco_bdq": 1814893728, "foco_id": "9d80118d-6f73-3b2e-8b1f-d0d2972b1816", "longitude": -48.03651, "latitude": -21.95366, "data_hora_gmt": "2026-04-21T03:30:00Z", "data_pas": "2026-04-21", "satelite": "NPP-375D", "municipio": "IBATÉ", "estado": "SÃO PAULO", "pais": "Brasil", "precipitacao": null, "numero_dias_sem_chuva": null, "risco_fogo": null, "bioma": "Cerrado", "id_0": 33, "id_1": 35, "id_2": 3519303, "continente_id": 8, "vegetacao": null, "grade_wrs": "220_075", "frp": 2.6}, "bbox": [-48.03651, -21.95366, -48.03651, -21.95366]}, {"type": "Feature", "id": "focos_48h_br_todosats.fid--145fdae9_19db31250eb_3f89", "geometry": {"type": "Point", "coordinates": [-43.07619, -22.49731]}, "geometry_name": "geometria", "properties": {"id_foco_bdq": 1814893522, "foco_id": "ef8ea296-3730-3d0d-a1ad-5b6ad8783e9c", "longitude": -43.07619, "latitude": -22.49731, "data_hora_gmt": "2026-04-21T03:30:00Z", "data_pas": "2026-04-21", "satelite": "NPP-375D", "municipio": "PETRÓPOLIS", "estado": "RIO DE JANEIRO", "pais": "Brasil", "precipitacao": null, "numero_dias_sem_chuva": null, "risco_fogo": null, "bioma": "Mata Atlântica", "id_0": 33, "id_1": 33, "id_2": 3303906, "continente_id": 8, "vegetacao": null, "grade_wrs": "217_076", "frp": 0.8}, "bbox": [-43.07619, -22.49731, -43.07619, -22.49731]}, {"type": "Feature", "id": "focos_48h_br_todosats.fid--145fdae9_19db31250eb_3f8b", "geometry": {"type": "Point", "coordinates": [-35.7222, -8.23857]}, "geometry_name": "geometria", "properties": {"id_foco_bdq": 1814893977, "foco_id": "fa095032-fb65-32e5-8ed8-3558d3df6cc9", "longitude": -35.7222, "latitude": -8.23857, "data_hora_gmt": "2026-04-21T03:45:00Z", "data_pas": "2026-04-21", "satelite": "NOAA-20", "municipio": "BEZERROS", "estado": "PERNAMBUCO", "pais": "Brasil", "precipitacao": null, "numero_dias_sem_chuva": null, "risco_fogo": null, "bioma": "Mata Atlântica", "id_0": 33, "id_1": 26, "id_2": 2601904, "continente_id": 8, "vegetacao": null, "grade_wrs": "214_066", "frp": 0.5}, "bbox": [-35.7222, -8.23857, -35.7222, -8.23857]}, {"type": "Feature", "id": "focos_48h_br_todosats.fid--145fdae9_19db31250eb_3f8c", "geometry": {"type": "Point", "coordinates": [-45.34532, -13.95235]}, "geometry_name": "geometria", "properties": {"id_foco_bdq": 1814893798, "foco_id": "3f4bdedc-c949-3200-8acc-c7d6225e18ab", "longitude": -45.34532, "latitude": -13.95235, "data_hora_gmt": "2026-04-21T03:47:00Z", "data_pas": "2026-04-21", "satelite": "NOAA-20", "municipio": "JABORANDI", "estado": "BAHIA", "pais": "Brasil", "precipitacao": null, "numero_dias_sem_chuva": null, "risco_fogo": null, "bioma": "Cerrado", "id_0": 33, "id_1": 29, "id_2": 2917359, "continente_id": 8, "vegetacao": null, "grade_wrs": "220_070", "frp": 2.9}, "bbox": [-45.34532, -13.95235, -45.34532, -13.95235]}, {"type": "Feature", "id": "focos_48h_br_todosats.fid--145fdae9_19db31250eb_3f8d", "geometry": {"type": "Point", "coordinates": [-41.77323, -22.33535]}, "geometry_name": "geometria", "properties": {"id_foco_bdq": 1814893563, "foco_id": "9d9ba800-5384-357d-a57f-3948a6af0551", "longitude": -41.77323, "latitude": -22.33535, "data_hora_gmt": "2026-04-21T03:47:00Z", "data_pas": "2026-04-21", "satelite": "NOAA-20", "municipio": "MACAÉ", "estado": "RIO DE JANEIRO", "pais": "Brasil", "precipitacao": null, "numero_dias_sem_chuva": null, "risco_fogo": null, "bioma": "Mata Atlântica", "id_0": 33, "id_1": 33, "id_2": 3302403, "continente_id": 8, "vegetacao": null, "grade_wrs": "216_075", "frp": 0.8}, "bbox": [-41.77323, -22.33535, -41.77323, -22.33535]}, {"type": "Feature", "id": "focos_48h_br_todosats.fid--145fdae9_19db31250eb_3f8f", "geometry": {"type": "Point", "coordinates": [-37.47729, -9.80452]}, "geometry_name": "geometria", "properties": {"id_foco_bdq": 1814893569, "foco_id": "2b1de771-2bdc-3a65-ab49-7569b107fa96", "longitude": -37.47729, "latitude": -9.80452, "data_hora_gmt": "2026-04-21T03:47:00Z", "data_pas": "2026-04-21", "satelite": "NOAA-20", "municipio": "PORTO DA FOLHA", "estado": "SERGIPE", "pais": "Brasil", "precipitacao": null, "numero_dias_sem_chuva": null, "risco_fogo": null, "bioma": "Caatinga", "id_0": 33, "id_1": 28, "id_2": 2805604, "continente_id": 8, "vegetacao": null, "grade_wrs": "215_067", "frp": 1.4}, "bbox": [-37.47729, -9.80452, -37.47729, -9.80452]}, {"type": "Feature", "id": "focos_48h_br_todosats.fid--145fdae9_19db31250eb_3f90", "geometry": {"type": "Point", "coordinates": [-43.37683, -11.95333]}, "geometry_name": "geometria", "properties": {"id_foco_bdq": 1814893583, "foco_id": "2b159450-2e57-3e59-b5ca-aed5baa6df54", "longitude": -43.37683, "latitude": -11.95333, "data_hora_gmt": "2026-04-21T03:47:00Z", "data_pas": "2026-04-21", "satelite": "NOAA-20", "municipio": "MUQUÉM DO SÃO FRANCISCO", "estado": "BAHIA", "pais": "Brasil", "precipitacao": null, "numero_dias_sem_chuva": null, "risco_fogo": null, "bioma": "Cerrado", "id_0": 33, "id_1": 29, "id_2": 2922250, "continente_id": 8, "vegetacao": null, "grade_wrs": "219_068", "frp": 1.3}, "bbox": [-43.37683, -11.95333, -43.37683, -11.95333]}, {"type": "Feature", "id": "focos_48h_br_todosats.fid--145fdae9_19db31250eb_3f92", "geometry": {"type": "Point", "coordinates": [-45.34046, -13.95336]}, "geometry_name": "geometria", "properties": {"id_foco_bdq": 1814893620, "foco_id": "dff910fa-3592-3ce3-a62e-38e7265f6971", "longitude": -45.34046, "latitude": -13.95336, "data_hora_gmt": "2026-04-21T03:47:00Z", "data_pas": "2026-04-21", "satelite": "NOAA-20", "municipio": "JABORANDI", "estado": "BAHIA", "pais": "Brasil", "precipitacao": null, "numero_dias_sem_chuva": null, "risco_fogo": null, "bioma": "Cerrado", "id_0": 33, "id_1": 29, "id_2": 2917359, "continente_id": 8, "vegetacao": null, "grade_wrs": "220_070", "frp": 5.3}, "bbox": [-45.34046, -13.95336, -45.34046, -13.95336]}, {"type": "Feature", "id": "focos_48h_br_todosats.fid--145fdae9_19db31250eb_3f93", "geometry": {"type": "Point", "coordinates": [-37.46946, -9.80234]}, "geometry_name": "geometria", "properties": {"id_foco_bdq": 1814893644, "foco_id": "317865a1-98b0-3789-9304-a9d6c26d4238", "longitude": -37.46946, "latitude": -9.80234, "data_hora_gmt": "2026-04-21T03:47:00Z", "data_pas": "2026-04-21", "satelite": "NOAA-20", "municipio": "PORTO DA FOLHA", "estado": "SERGIPE", "pais": "Brasil", "precipitacao": null, "numero_dias_sem_chuva": null, "risco_fogo": null, "bioma": "Caatinga", "id_0": 33, "id_1": 28, "id_2": 2805604, "continente_id": 8, "vegetacao": null, "grade_wrs": "215_067", "frp": 2}, "bbox": [-37.46946, -9.80234, -37.46946, -9.80234]}, {"type": "Feature", "id": "focos_48h_br_todosats.fid--145fdae9_19db31250eb_3f94", "geometry": {"type": "Point", "coordinates": [-48.55523, -21.0405]}, "geometry_name": "geometria", "properties": {"id_foco_bdq": 1814893650, "foco_id": "283702f1-a5d8-3163-baea-75f0f4a8354f", "longitude": -48.55523, "latitude": -21.0405, "data_hora_gmt": "2026-04-21T03:47:00Z", "data_pas": "2026-04-21", "satelite": "NOAA-20", "municipio": "BEBEDOURO", "estado": "SÃO PAULO", "pais": "Brasil", "precipitacao": null, "numero_dias_sem_chuva": null, "risco_fogo": null, "bioma": "Mata Atlântica", "id_0": 33, "id_1": 35, "id_2": 3506102, "continente_id": 8, "vegetacao": null, "grade_wrs": "221_075", "frp": 0.6}, "bbox": [-48.55523, -21.0405, -48.55523, -21.0405]}, {"type": "Feature", "id": "focos_48h_br_todosats.fid--145fdae9_19db31250eb_3f96", "geometry": {"type": "Point", "coordinates": [-38.43927, -9.94511]}, "geometry_name": "geometria", "properties": {"id_foco_bdq": 1814893653, "foco_id": "67e91db8-5176-3552-a5c4-906dc3dd722e", "longitude": -38.43927, "latitude": -9.94511, "data_hora_gmt": "2026-04-21T03:47:00Z", "data_pas": "2026-04-21", "satelite": "NOAA-20", "municipio": "JEREMOABO", "estado": "BAHIA", "pais": "Brasil", "precipitacao": null, "numero_dias_sem_chuva": null, "risco_fogo": null, "bioma": "Caatinga", "id_0": 33, "id_1": 29, "id_2": 2918100, "continente_id": 8, "vegetacao": null, "grade_wrs": "216_067", "frp": 2.9}, "bbox": [-38.43927, -9.94511, -38.43927, -9.94511]}, {"type": "Feature", "id": "focos_48h_br_todosats.fid--145fdae9_19db31250eb_3f98", "geometry": {"type": "Point", "coordinates": [-41.83744, -15.12977]}, "geometry_name": "geometria", "properties": {"id_foco_bdq": 1814893705, "foco_id": "34806ecb-8654-3e54-8c4e-ec69062bde32", "longitude": -41.83744, "latitude": -15.12977, "data_hora_gmt": "2026-04-21T03:47:00Z", "data_pas": "2026-04-21", "satelite": "NOAA-20", "municipio": "SÃO JOÃO DO PARAÍSO", "estado": "MINAS GERAIS", "pais": "Brasil", "precipitacao": null, "numero_dias_sem_chuva": null, "risco_fogo": null, "bioma": "Mata Atlântica", "id_0": 33, "id_1": 31, "id_2": 3162708, "continente_id": 8, "vegetacao": null, "grade_wrs": "217_070", "frp": 1.9}, "bbox": [-41.83744, -15.12977, -41.83744, -15.12977]}, {"type": "Feature", "id": "focos_48h_br_todosats.fid--145fdae9_19db31250eb_3f9a", "geometry": {"type": "Point", "coordinates": [-44.73878, -11.72269]}, "geometry_name": "geometria", "properties": {"id_foco_bdq": 1814893725, "foco_id": "6c81510c-1a46-3543-a205-d1b6fccd7400", "longitude": -44.73878, "latitude": -11.72269, "data_hora_gmt": "2026-04-21T03:47:00Z", "data_pas": "2026-04-21", "satelite": "NOAA-20", "municipio": "RIACHÃO DAS NEVES", "estado": "BAHIA", "pais": "Brasil", "precipitacao": null, "numero_dias_sem_chuva": null, "risco_fogo": null, "bioma": "Cerrado", "id_0": 33, "id_1": 29, "id_2": 2926202, "continente_id": 8, "vegetacao": null, "grade_wrs": "220_068", "frp": 1.3}, "bbox": [-44.73878, -11.72269, -44.73878, -11.72269]}, {"type": "Feature", "id": "focos_48h_br_todosats.fid--145fdae9_19db31250eb_3f9b", "geometry": {"type": "Point", "coordinates": [-44.61615, -12.27823]}, "geometry_name": "geometria", "properties": {"id_foco_bdq": 1814893731, "foco_id": "72bb2c0c-c933-351f-bd4a-7ac11bee9696", "longitude": -44.61615, "latitude": -12.27823, "data_hora_gmt": "2026-04-21T03:47:00Z", "data_pas": "2026-04-21", "satelite": "NOAA-20", "municipio": "CATOLÂNDIA", "estado": "BAHIA", "pais": "Brasil", "precipitacao": null, "numero_dias_sem_chuva": null, "risco_fogo": null, "bioma": "Cerrado", "id_0": 33, "id_1": 29, "id_2": 2907400, "continente_id": 8, "vegetacao": null, "grade_wrs": "219_069", "frp": 0.7}, "bbox": [-44.61615, -12.27823, -44.61615, -12.27823]}, {"type": "Feature", "id": "focos_48h_br_todosats.fid--145fdae9_19db31250eb_3f9c", "geometry": {"type": "Point", "coordinates": [-46.17074, -20.32096]}, "geometry_name": "geometria", "properties": {"id_foco_bdq": 1814893741, "foco_id": "639ba89c-1d1e-300f-9d88-2f4e35675070", "longitude": -46.17074, "latitude": -20.32096, "data_hora_gmt": "2026-04-21T03:47:00Z", "data_pas": "2026-04-21", "satelite": "NOAA-20", "municipio": "SÃO ROQUE DE MINAS", "estado": "MINAS GERAIS", "pais": "Brasil", "precipitacao": null, "numero_dias_sem_chuva": null, "risco_fogo": null, "bioma": "Cerrado", "id_0": 33, "id_1": 31, "id_2": 3164308, "continente_id": 8, "vegetacao": null, "grade_wrs": "219_074", "frp": 1.2}, "bbox": [-46.17074, -20.32096, -46.17074, -20.32096]}, {"type": "Feature", "id": "focos_48h_br_todosats.fid--145fdae9_19db31250eb_3f9d", "geometry": {"type": "Point", "coordinates": [-47.77557, -11.99503]}, "geometry_name": "geometria", "properties": {"id_foco_bdq": 1814893774, "foco_id": "8b87995b-c959-37c8-8e9e-37826535f94d", "longitude": -47.77557, "latitude": -11.99503, "data_hora_gmt": "2026-04-21T03:47:00Z", "data_pas": "2026-04-21", "satelite": "NOAA-20", "municipio": "NATIVIDADE", "estado": "TOCANTINS", "pais": "Brasil", "precipitacao": null, "numero_dias_sem_chuva": null, "risco_fogo": null, "bioma": "Cerrado", "id_0": 33, "id_1": 17, "id_2": 1714203, "continente_id": 8, "vegetacao": null, "grade_wrs": "221_068", "frp": 2.1}, "bbox": [-47.77557, -11.99503, -47.77557, -11.99503]}, {"type": "Feature", "id": "focos_48h_br_todosats.fid--145fdae9_19db31250eb_3f9f", "geometry": {"type": "Point", "coordinates": [-48.27872, -18.85103]}, "geometry_name": "geometria", "properties": {"id_foco_bdq": 1814893818, "foco_id": "8591b951-170f-3f9a-806a-613ec67efad1", "longitude": -48.27872, "latitude": -18.85103, "data_hora_gmt": "2026-04-21T03:47:00Z", "data_pas": "2026-04-21", "satelite": "NOAA-20", "municipio": "UBERLÂNDIA", "estado": "MINAS GERAIS", "pais": "Brasil", "precipitacao": null, "numero_dias_sem_chuva": null, "risco_fogo": null, "bioma": "Cerrado", "id_0": 33, "id_1": 31, "id_2": 3170206, "continente_id": 8, "vegetacao": null, "grade_wrs": "221_073", "frp": 1.1}, "bbox": [-48.27872, -18.85103, -48.27872, -18.85103]}, {"type": "Feature", "id": "focos_48h_br_todosats.fid--145fdae9_19db31250eb_3fa0", "geometry": {"type": "Point", "coordinates": [-38.44257, -9.94098]}, "geometry_name": "geometria", "properties": {"id_foco_bdq": 1814893857, "foco_id": "66bf99a8-e1f1-3815-b217-77efd5a2991d", "longitude": -38.44257, "latitude": -9.94098, "data_hora_gmt": "2026-04-21T03:47:00Z", "data_pas": "2026-04-21", "satelite": "NOAA-20", "municipio": "JEREMOABO", "estado": "BAHIA", "pais": "Brasil", "precipitacao": null, "numero_dias_sem_chuva": null, "risco_fogo": null, "bioma": "Caatinga", "id_0": 33, "id_1": 29, "id_2": 2918100, "continente_id": 8, "vegetacao": null, "grade_wrs": "216_067", "frp": 2.9}, "bbox": [-38.44257, -9.94098, -38.44257, -9.94098]}, {"type": "Feature", "id": "focos_48h_br_todosats.fid--145fdae9_19db31250eb_3fa1", "geometry": {"type": "Point", "coordinates": [-37.47673, -9.80114]}, "geometry_name": "geometria", "properties": {"id_foco_bdq": 1814893930, "foco_id": "bd78731b-a88d-30df-b201-06ab95df1709", "longitude": -37.47673, "latitude": -9.80114, "data_hora_gmt": "2026-04-21T03:47:00Z", "data_pas": "2026-04-21", "satelite": "NOAA-20", "municipio": "PORTO DA FOLHA", "estado": "SERGIPE", "pais": "Brasil", "precipitacao": null, "numero_dias_sem_chuva": null, "risco_fogo": null, "bioma": "Caatinga", "id_0": 33, "id_1": 28, "id_2": 2805604, "continente_id": 8, "vegetacao": null, "grade_wrs": "215_067", "frp": 5.6}, "bbox": [-37.47673, -9.80114, -37.47673, -9.80114]}, {"type": "Feature", "id": "focos_48h_br_todosats.fid--145fdae9_19db31250eb_3fa2", "geometry": {"type": "Point", "coordinates": [-42.27575, -14.55012]}, "geometry_name": "geometria", "properties": {"id_foco_bdq": 1814893951, "foco_id": "243af240-9787-329e-aaf9-c4ed34f2c0d0", "longitude": -42.27575, "latitude": -14.55012, "data_hora_gmt": "2026-04-21T03:47:00Z", "data_pas": "2026-04-21", "satelite": "NOAA-20", "municipio": "CACULÉ", "estado": "BAHIA", "pais": "Brasil", "precipitacao": null, "numero_dias_sem_chuva": null, "risco_fogo": null, "bioma": "Caatinga", "id_0": 33, "id_1": 29, "id_2": 2905008, "continente_id": 8, "vegetacao": null, "grade_wrs": "218_070", "frp": 0.9}, "bbox": [-42.27575, -14.55012, -42.27575, -14.55012]}, {"type": "Feature", "id": "focos_48h_br_todosats.fid--145fdae9_19db31250eb_3fa3", "geometry": {"type": "Point", "coordinates": [-41.8424, -15.12889]}, "geometry_name": "geometria", "properties": {"id_foco_bdq": 1814894046, "foco_id": "c06acc14-86d7-39c2-927e-3458e91e2937", "longitude": -41.8424, "latitude": -15.12889, "data_hora_gmt": "2026-04-21T03:47:00Z", "data_pas": "2026-04-21", "satelite": "NOAA-20", "municipio": "SÃO JOÃO DO PARAÍSO", "estado": "MINAS GERAIS", "pais": "Brasil", "precipitacao": null, "numero_dias_sem_chuva": null, "risco_fogo": null, "bioma": "Mata Atlântica", "id_0": 33, "id_1": 31, "id_2": 3162708, "continente_id": 8, "vegetacao": null, "grade_wrs": "217_070", "frp": 1.6}, "bbox": [-41.8424, -15.12889, -41.8424, -15.12889]}, {"type": "Feature", "id": "focos_48h_br_todosats.fid--145fdae9_19db31250eb_3fa4", "geometry": {"type": "Point", "coordinates": [-44.19289, -12.2398]}, "geometry_name": "geometria", "properties": {"id_foco_bdq": 1814894149, "foco_id": "8bb719e0-d280-3d74-95a7-4ab0eea602d0", "longitude": -44.19289, "latitude": -12.2398, "data_hora_gmt": "2026-04-21T03:47:00Z", "data_pas": "2026-04-21", "satelite": "NOAA-20", "municipio": "CRISTÓPOLIS", "estado": "BAHIA", "pais": "Brasil", "precipitacao": null, "numero_dias_sem_chuva": null, "risco_fogo": null, "bioma": "Cerrado", "id_0": 33, "id_1": 29, "id_2": 2909703, "continente_id": 8, "vegetacao": null, "grade_wrs": "219_068", "frp": 3.1}, "bbox": [-44.19289, -12.2398, -44.19289, -12.2398]}, {"type": "Feature", "id": "focos_48h_br_todosats.fid--145fdae9_19db31250eb_3fa5", "geometry": {"type": "Point", "coordinates": [-37.47309, -9.80174]}, "geometry_name": "geometria", "properties": {"id_foco_bdq": 1814894163, "foco_id": "f079c26d-807e-30af-b51d-80de146a311e", "longitude": -37.47309, "latitude": -9.80174, "data_hora_gmt": "2026-04-21T03:47:00Z", "data_pas": "2026-04-21", "satelite": "NOAA-20", "municipio": "PORTO DA FOLHA", "estado": "SERGIPE", "pais": "Brasil", "precipitacao": null, "numero_dias_sem_chuva": null, "risco_fogo": null, "bioma": "Caatinga", "id_0": 33, "id_1": 28, "id_2": 2805604, "continente_id": 8, "vegetacao": null, "grade_wrs": "215_067", "frp": 5.6}, "bbox": [-37.47309, -9.80174, -37.47309, -9.80174]}, {"type": "Feature", "id": "focos_48h_br_todosats.fid--145fdae9_19db31250eb_3fa6", "geometry": {"type": "Point", "coordinates": [-38.43867, -9.94162]}, "geometry_name": "geometria", "properties": {"id_foco_bdq": 1814894179, "foco_id": "3ec04d43-07e8-3bda-9f43-339b9a13d6b0", "longitude": -38.43867, "latitude": -9.94162, "data_hora_gmt": "2026-04-21T03:47:00Z", "data_pas": "2026-04-21", "satelite": "NOAA-20", "municipio": "JEREMOABO", "estado": "BAHIA", "pais": "Brasil", "precipitacao": null, "numero_dias_sem_chuva": null, "risco_fogo": null, "bioma": "Caatinga", "id_0": 33, "id_1": 29, "id_2": 2918100, "continente_id": 8, "vegetacao": null, "grade_wrs": "216_067", "frp": 2.9}, "bbox": [-38.43867, -9.94162, -38.43867, -9.94162]}, {"type": "Feature", "id": "focos_48h_br_todosats.fid--145fdae9_19db31250eb_3fa7", "geometry": {"type": "Point", "coordinates": [-44.62271, -12.28205]}, "geometry_name": "geometria", "properties": {"id_foco_bdq": 1814894253, "foco_id": "36e6a50a-a8df-3c97-b1c2-ad2f94d5b757", "longitude": -44.62271, "latitude": -12.28205, "data_hora_gmt": "2026-04-21T03:47:00Z", "data_pas": "2026-04-21", "satelite": "NOAA-20", "municipio": "CATOLÂNDIA", "estado": "BAHIA", "pais": "Brasil", "precipitacao": null, "numero_dias_sem_chuva": null, "risco_fogo": null, "bioma": "Cerrado", "id_0": 33, "id_1": 29, "id_2": 2907400, "continente_id": 8, "vegetacao": null, "grade_wrs": "219_069", "frp": 2}, "bbox": [-44.62271, -12.28205, -44.62271, -12.28205]}, {"type": "Feature", "id": "focos_48h_br_todosats.fid--145fdae9_19db31250eb_3fa9", "geometry": {"type": "Point", "coordinates": [-37.47365, -9.80512]}, "geometry_name": "geometria", "properties": {"id_foco_bdq": 1814894287, "foco_id": "0733aa50-5d32-3715-97d7-b035967b1997", "longitude": -37.47365, "latitude": -9.80512, "data_hora_gmt": "2026-04-21T03:47:00Z", "data_pas": "2026-04-21", "satelite": "NOAA-20", "municipio": "PORTO DA FOLHA", "estado": "SERGIPE", "pais": "Brasil", "precipitacao": null, "numero_dias_sem_chuva": null, "risco_fogo": null, "bioma": "Caatinga", "id_0": 33, "id_1": 28, "id_2": 2805604, "continente_id": 8, "vegetacao": null, "grade_wrs": "215_067", "frp": 1.4}, "bbox": [-37.47365, -9.80512, -37.47365, -9.80512]}, {"type": "Feature", "id": "focos_48h_br_todosats.fid--145fdae9_19db31250eb_3fab", "geometry": {"type": "Point", "coordinates": [-43.38251, -11.95695]}, "geometry_name": "geometria", "properties": {"id_foco_bdq": 1814894320, "foco_id": "1966e370-6399-3f99-aeb2-d0ce2634874b", "longitude": -43.38251, "latitude": -11.95695, "data_hora_gmt": "2026-04-21T03:47:00Z", "data_pas": "2026-04-21", "satelite": "NOAA-20", "municipio": "MUQUÉM DO SÃO FRANCISCO", "estado": "BAHIA", "pais": "Brasil", "precipitacao": null, "numero_dias_sem_chuva": null, "risco_fogo": null, "bioma": "Cerrado", "id_0": 33, "id_1": 29, "id_2": 2922250, "continente_id": 8, "vegetacao": null, "grade_wrs": "219_068", "frp": 1.3}, "bbox": [-43.38251, -11.95695, -43.38251, -11.95695]}, {"type": "Feature", "id": "focos_48h_br_todosats.fid--145fdae9_19db31250eb_3fac", "geometry": {"type": "Point", "coordinates": [-48.2749, -18.85185]}, "geometry_name": "geometria", "properties": {"id_foco_bdq": 1814894347, "foco_id": "bf358d6f-b277-301a-9729-701f965cbe91", "longitude": -48.2749, "latitude": -18.85185, "data_hora_gmt": "2026-04-21T03:47:00Z", "data_pas": "2026-04-21", "satelite": "NOAA-20", "municipio": "UBERLÂNDIA", "estado": "MINAS GERAIS", "pais": "Brasil", "precipitacao": null, "numero_dias_sem_chuva": null, "risco_fogo": null, "bioma": "Cerrado", "id_0": 33, "id_1": 31, "id_2": 3170206, "continente_id": 8, "vegetacao": null, "grade_wrs": "221_073", "frp": 1.2}, "bbox": [-48.2749, -18.85185, -48.2749, -18.85185]}, {"type": "Feature", "id": "focos_48h_br_todosats.fid--145fdae9_19db31250eb_3fad", "geometry": {"type": "Point", "coordinates": [-39.10143, -15.95622]}, "geometry_name": "geometria", "properties": {"id_foco_bdq": 1814894348, "foco_id": "2ee46174-2eb0-3270-8a44-1437e248610e", "longitude": -39.10143, "latitude": -15.95622, "data_hora_gmt": "2026-04-21T03:47:00Z", "data_pas": "2026-04-21", "satelite": "NOAA-20", "municipio": "BELMONTE", "estado": "BAHIA", "pais": "Brasil", "precipitacao": null, "numero_dias_sem_chuva": null, "risco_fogo": null, "bioma": "Mata Atlântica", "id_0": 33, "id_1": 29, "id_2": 2903409, "continente_id": 8, "vegetacao": null, "grade_wrs": "215_071", "frp": 1.7}, "bbox": [-39.10143, -15.95622, -39.10143, -15.95622]}, {"type": "Feature", "id": "focos_48h_br_todosats.fid--145fdae9_19db31250eb_3fae", "geometry": {"type": "Point", "coordinates": [-37.47253, -9.79836]}, "geometry_name": "geometria", "properties": {"id_foco_bdq": 1814894377, "foco_id": "5461468f-75cc-308d-8cfd-e7720f16918b", "longitude": -37.47253, "latitude": -9.79836, "data_hora_gmt": "2026-04-21T03:47:00Z", "data_pas": "2026-04-21", "satelite": "NOAA-20", "municipio": "PORTO DA FOLHA", "estado": "SERGIPE", "pais": "Brasil", "precipitacao": null, "numero_dias_sem_chuva": null, "risco_fogo": null, "bioma": "Caatinga", "id_0": 33, "id_1": 28, "id_2": 2805604, "continente_id": 8, "vegetacao": null, "grade_wrs": "215_067", "frp": 5.6}, "bbox": [-37.47253, -9.79836, -37.47253, -9.79836]}, {"type": "Feature", "id": "focos_48h_br_todosats.fid--145fdae9_19db31250eb_3fb0", "geometry": {"type": "Point", "coordinates": [-45.33944, -13.95347]}, "geometry_name": "geometria", "properties": {"id_foco_bdq": 1814894425, "foco_id": "8b5d1934-f243-33df-a862-1a251405ab8b", "longitude": -45.33944, "latitude": -13.95347, "data_hora_gmt": "2026-04-21T03:47:00Z", "data_pas": "2026-04-21", "satelite": "NOAA-20", "municipio": "JABORANDI", "estado": "BAHIA", "pais": "Brasil", "precipitacao": null, "numero_dias_sem_chuva": null, "risco_fogo": null, "bioma": "Cerrado", "id_0": 33, "id_1": 29, "id_2": 2917359, "continente_id": 8, "vegetacao": null, "grade_wrs": "220_070", "frp": 2.9}, "bbox": [-45.33944, -13.95347, -45.33944, -13.95347]}, {"type": "Feature", "id": "focos_48h_br_todosats.fid--145fdae9_19db31250eb_3fb4", "geometry": {"type": "Point", "coordinates": [-39.10203, -15.95961]}, "geometry_name": "geometria", "properties": {"id_foco_bdq": 1814894454, "foco_id": "0f3a83c4-2257-3842-ba5c-4e0365866a3a", "longitude": -39.10203, "latitude": -15.95961, "data_hora_gmt": "2026-04-21T03:47:00Z", "data_pas": "2026-04-21", "satelite": "NOAA-20", "municipio": "BELMONTE", "estado": "BAHIA", "pais": "Brasil", "precipitacao": null, "numero_dias_sem_chuva": null, "risco_fogo": null, "bioma": "Mata Atlântica", "id_0": 33, "id_1": 29, "id_2": 2903409, "continente_id": 8, "vegetacao": null, "grade_wrs": "215_071", "frp": 1.7}, "bbox": [-39.10203, -15.95961, -39.10203, -15.95961]}, {"type": "Feature", "id": "focos_48h_br_todosats.fid--145fdae9_19db31250eb_3fb6", "geometry": {"type": "Point", "coordinates": [-44.19808, -12.23882]}, "geometry_name": "geometria", "properties": {"id_foco_bdq": 1814894467, "foco_id": "64e72047-d4eb-3743-933e-a2769ad053ba", "longitude": -44.19808, "latitude": -12.23882, "data_hora_gmt": "2026-04-21T03:47:00Z", "data_pas": "2026-04-21", "satelite": "NOAA-20", "municipio": "CRISTÓPOLIS", "estado": "BAHIA", "pais": "Brasil", "precipitacao": null, "numero_dias_sem_chuva": null, "risco_fogo": null, "bioma": "Cerrado", "id_0": 33, "id_1": 29, "id_2": 2909703, "continente_id": 8, "vegetacao": null, "grade_wrs": "219_068", "frp": 3.1}, "bbox": [-44.19808, -12.23882, -44.19808, -12.23882]}, {"type": "Feature", "id": "focos_48h_br_todosats.fid--145fdae9_19db31250eb_3fb7", "geometry": {"type": "Point", "coordinates": [-48.55885, -21.03971]}, "geometry_name": "geometria", "properties": {"id_foco_bdq": 1814894478, "foco_id": "85c0963e-d2f4-3d99-a554-5759b3c1efe4", "longitude": -48.55885, "latitude": -21.03971, "data_hora_gmt": "2026-04-21T03:47:00Z", "data_pas": "2026-04-21", "satelite": "NOAA-20", "municipio": "BEBEDOURO", "estado": "SÃO PAULO", "pais": "Brasil", "precipitacao": null, "numero_dias_sem_chuva": null, "risco_fogo": null, "bioma": "Mata Atlântica", "id_0": 33, "id_1": 35, "id_2": 3506102, "continente_id": 8, "vegetacao": null, "grade_wrs": "221_075", "frp": 0.7}, "bbox": [-48.55885, -21.03971, -48.55885, -21.03971]}, {"type": "Feature", "id": "focos_48h_br_todosats.fid--145fdae9_19db31250eb_3fb8", "geometry": {"type": "Point", "coordinates": [-46.16756, -20.32383]}, "geometry_name": "geometria", "properties": {"id_foco_bdq": 1814894487, "foco_id": "3839a557-bfac-3981-adc1-23c55ebca305", "longitude": -46.16756, "latitude": -20.32383, "data_hora_gmt": "2026-04-21T03:47:00Z", "data_pas": "2026-04-21", "satelite": "NOAA-20", "municipio": "SÃO ROQUE DE MINAS", "estado": "MINAS GERAIS", "pais": "Brasil", "precipitacao": null, "numero_dias_sem_chuva": null, "risco_fogo": null, "bioma": "Cerrado", "id_0": 33, "id_1": 31, "id_2": 3164308, "continente_id": 8, "vegetacao": null, "grade_wrs": "219_074", "frp": 1}, "bbox": [-46.16756, -20.32383, -46.16756, -20.32383]}, {"type": "Feature", "id": "focos_48h_br_todosats.fid--145fdae9_19db31250eb_3fba", "geometry": {"type": "Point", "coordinates": [-43.05255, -15.42165]}, "geometry_name": "geometria", "properties": {"id_foco_bdq": 1814894531, "foco_id": "16487006-bd8d-3369-bf3f-e0a2e9c4c1eb", "longitude": -43.05255, "latitude": -15.42165, "data_hora_gmt": "2026-04-21T03:47:00Z", "data_pas": "2026-04-21", "satelite": "NOAA-20", "municipio": "PAI PEDRO", "estado": "MINAS GERAIS", "pais": "Brasil", "precipitacao": null, "numero_dias_sem_chuva": null, "risco_fogo": null, "bioma": "Caatinga", "id_0": 33, "id_1": 31, "id_2": 3146552, "continente_id": 8, "vegetacao": null, "grade_wrs": "218_071", "frp": 1.3}, "bbox": [-43.05255, -15.42165, -43.05255, -15.42165]}, {"type": "Feature", "id": "focos_48h_br_todosats.fid--145fdae9_19db31250eb_3fbb", "geometry": {"type": "Point", "coordinates": [-49.38891, -25.10973]}, "geometry_name": "geometria", "properties": {"id_foco_bdq": 1814893929, "foco_id": "21b42c56-da3d-39e4-aa45-dfaddee2c6f3", "longitude": -49.38891, "latitude": -25.10973, "data_hora_gmt": "2026-04-21T03:49:00Z", "data_pas": "2026-04-21", "satelite": "NOAA-20", "municipio": "RIO BRANCO DO SUL", "estado": "PARANÁ", "pais": "Brasil", "precipitacao": null, "numero_dias_sem_chuva": null, "risco_fogo": null, "bioma": "Mata Atlântica", "id_0": 33, "id_1": 41, "id_2": 4122206, "continente_id": 8, "vegetacao": null, "grade_wrs": "221_077", "frp": 1.1}, "bbox": [-49.38891, -25.10973, -49.38891, -25.10973]}, {"type": "Feature", "id": "focos_48h_br_todosats.fid--145fdae9_19db31250eb_3fbc", "geometry": {"type": "Point", "coordinates": [-48.72121, -21.37048]}, "geometry_name": "geometria", "properties": {"id_foco_bdq": 1814894059, "foco_id": "865dec19-882e-37ed-ab26-3bdeab2c5e8b", "longitude": -48.72121, "latitude": -21.37048, "data_hora_gmt": "2026-04-21T03:49:00Z", "data_pas": "2026-04-21", "satelite": "NOAA-20", "municipio": "FERNANDO PRESTES", "estado": "SÃO PAULO", "pais": "Brasil", "precipitacao": null, "numero_dias_sem_chuva": null, "risco_fogo": null, "bioma": "Cerrado", "id_0": 33, "id_1": 35, "id_2": 3515608, "continente_id": 8, "vegetacao": null, "grade_wrs": "221_075", "frp": 0.9}, "bbox": [-48.72121, -21.37048, -48.72121, -21.37048]}, {"type": "Feature", "id": "focos_48h_br_todosats.fid--145fdae9_19db31250eb_3fbe", "geometry": {"type": "Point", "coordinates": [-49.42865, -25.11151]}, "geometry_name": "geometria", "properties": {"id_foco_bdq": 1814894303, "foco_id": "fa446790-af5e-3a20-8d3d-f2ea9d445753", "longitude": -49.42865, "latitude": -25.11151, "data_hora_gmt": "2026-04-21T03:49:00Z", "data_pas": "2026-04-21", "satelite": "NOAA-20", "municipio": "RIO BRANCO DO SUL", "estado": "PARANÁ", "pais": "Brasil", "precipitacao": null, "numero_dias_sem_chuva": null, "risco_fogo": null, "bioma": "Mata Atlântica", "id_0": 33, "id_1": 41, "id_2": 4122206, "continente_id": 8, "vegetacao": null, "grade_wrs": "221_077", "frp": 0.5}, "bbox": [-49.42865, -25.11151, -49.42865, -25.11151]}, {"type": "Feature", "id": "focos_48h_br_todosats.fid--145fdae9_19db31250eb_3fbf", "geometry": {"type": "Point", "coordinates": [-48.14013, -23.98069]}, "geometry_name": "geometria", "properties": {"id_foco_bdq": 1814893925, "foco_id": "227746ee-1a52-3d38-b753-291d58e34b59", "longitude": -48.14013, "latitude": -23.98069, "data_hora_gmt": "2026-04-21T03:49:00Z", "data_pas": "2026-04-21", "satelite": "NOAA-20", "municipio": "CAPÃO BONITO", "estado": "SÃO PAULO", "pais": "Brasil", "precipitacao": null, "numero_dias_sem_chuva": null, "risco_fogo": null, "bioma": "Mata Atlântica", "id_0": 33, "id_1": 35, "id_2": 3510203, "continente_id": 8, "vegetacao": null, "grade_wrs": "220_077", "frp": 3.2}, "bbox": [-48.14013, -23.98069, -48.14013, -23.98069]}, {"type": "Feature", "id": "focos_48h_br_todosats.fid--145fdae9_19db31250eb_3fc0", "geometry": {"type": "Point", "coordinates": [-48.43333, -23.03506]}, "geometry_name": "geometria", "properties": {"id_foco_bdq": 1814893935, "foco_id": "5b565d50-fbdd-382a-8f90-b88777adde59", "longitude": -48.43333, "latitude": -23.03506, "data_hora_gmt": "2026-04-21T03:49:00Z", "data_pas": "2026-04-21", "satelite": "NOAA-20", "municipio": "BOTUCATU", "estado": "SÃO PAULO", "pais": "Brasil", "precipitacao": null, "numero_dias_sem_chuva": null, "risco_fogo": null, "bioma": "Cerrado", "id_0": 33, "id_1": 35, "id_2": 3507506, "continente_id": 8, "vegetacao": null, "grade_wrs": "220_076", "frp": 1}, "bbox": [-48.43333, -23.03506, -48.43333, -23.03506]}, {"type": "Feature", "id": "focos_48h_br_todosats.fid--145fdae9_19db31250eb_3fc1", "geometry": {"type": "Point", "coordinates": [-49.43063, -25.10561]}, "geometry_name": "geometria", "properties": {"id_foco_bdq": 1814893916, "foco_id": "6da3faca-eccc-3f92-887f-08aa97388c8f", "longitude": -49.43063, "latitude": -25.10561, "data_hora_gmt": "2026-04-21T03:49:00Z", "data_pas": "2026-04-21", "satelite": "NOAA-20", "municipio": "RIO BRANCO DO SUL", "estado": "PARANÁ", "pais": "Brasil", "precipitacao": null, "numero_dias_sem_chuva": null, "risco_fogo": null, "bioma": "Mata Atlântica", "id_0": 33, "id_1": 41, "id_2": 4122206, "continente_id": 8, "vegetacao": null, "grade_wrs": "221_077", "frp": 1.2}, "bbox": [-49.43063, -25.10561, -49.43063, -25.10561]}, {"type": "Feature", "id": "focos_48h_br_todosats.fid--145fdae9_19db31250eb_3fc2", "geometry": {"type": "Point", "coordinates": [-48.03431, -21.95142]}, "geometry_name": "geometria", "properties": {"id_foco_bdq": 1814894406, "foco_id": "fdfebb74-7ed6-3a63-b367-cbb60f91e938", "longitude": -48.03431, "latitude": -21.95142, "data_hora_gmt": "2026-04-21T03:49:00Z", "data_pas": "2026-04-21", "satelite": "NOAA-20", "municipio": "IBATÉ", "estado": "SÃO PAULO", "pais": "Brasil", "precipitacao": null, "numero_dias_sem_chuva": null, "risco_fogo": null, "bioma": "Cerrado", "id_0": 33, "id_1": 35, "id_2": 3519303, "continente_id": 8, "vegetacao": null, "grade_wrs": "220_075", "frp": 3}, "bbox": [-48.03431, -21.95142, -48.03431, -21.95142]}, {"type": "Feature", "id": "focos_48h_br_todosats.fid--145fdae9_19db31250eb_3fc4", "geometry": {"type": "Point", "coordinates": [-40.34243, -18.1041]}, "geometry_name": "geometria", "properties": {"id_foco_bdq": 1814894230, "foco_id": "f48df98c-e5cf-3abc-b7a6-5ffd94293eb1", "longitude": -40.34243, "latitude": -18.1041, "data_hora_gmt": "2026-04-21T03:49:00Z", "data_pas": "2026-04-21", "satelite": "NOAA-20", "municipio": "MONTANHA", "estado": "ESPÍRITO SANTO", "pais": "Brasil", "precipitacao": null, "numero_dias_sem_chuva": null, "risco_fogo": null, "bioma": "Mata Atlântica", "id_0": 33, "id_1": 32, "id_2": 3203502, "continente_id": 8, "vegetacao": null, "grade_wrs": "216_072", "frp": 1.5}, "bbox": [-40.34243, -18.1041, -40.34243, -18.1041]}, {"type": "Feature", "id": "focos_48h_br_todosats.fid--145fdae9_19db31250eb_3fc6", "geometry": {"type": "Point", "coordinates": [-48.02791, -21.9528]}, "geometry_name": "geometria", "properties": {"id_foco_bdq": 1814894433, "foco_id": "b5d739ad-ea9e-3ee2-b233-4113a6cfc645", "longitude": -48.02791, "latitude": -21.9528, "data_hora_gmt": "2026-04-21T03:49:00Z", "data_pas": "2026-04-21", "satelite": "NOAA-20", "municipio": "IBATÉ", "estado": "SÃO PAULO", "pais": "Brasil", "precipitacao": null, "numero_dias_sem_chuva": null, "risco_fogo": null, "bioma": "Cerrado", "id_0": 33, "id_1": 35, "id_2": 3519303, "continente_id": 8, "vegetacao": null, "grade_wrs": "220_075", "frp": 2.9}, "bbox": [-48.02791, -21.9528, -48.02791, -21.9528]}, {"type": "Feature", "id": "focos_48h_br_todosats.fid--145fdae9_19db31250eb_3fc7", "geometry": {"type": "Point", "coordinates": [-46.83469, -17.16304]}, "geometry_name": "geometria", "properties": {"id_foco_bdq": 1814894200, "foco_id": "927bb4f6-e1ba-371e-a9fc-31031ec22582", "longitude": -46.83469, "latitude": -17.16304, "data_hora_gmt": "2026-04-21T03:49:00Z", "data_pas": "2026-04-21", "satelite": "NOAA-20", "municipio": "PARACATU", "estado": "MINAS GERAIS", "pais": "Brasil", "precipitacao": null, "numero_dias_sem_chuva": null, "risco_fogo": null, "bioma": "Cerrado", "id_0": 33, "id_1": 31, "id_2": 3147006, "continente_id": 8, "vegetacao": null, "grade_wrs": "220_072", "frp": 3.1}, "bbox": [-46.83469, -17.16304, -46.83469, -17.16304]}, {"type": "Feature", "id": "focos_48h_br_todosats.fid--145fdae9_19db31250eb_3fc8", "geometry": {"type": "Point", "coordinates": [-46.83577, -17.16819]}, "geometry_name": "geometria", "properties": {"id_foco_bdq": 1814894466, "foco_id": "9ea89e3e-9eb7-3dae-a802-f9de0aa3a414", "longitude": -46.83577, "latitude": -17.16819, "data_hora_gmt": "2026-04-21T03:49:00Z", "data_pas": "2026-04-21", "satelite": "NOAA-20", "municipio": "PARACATU", "estado": "MINAS GERAIS", "pais": "Brasil", "precipitacao": null, "numero_dias_sem_chuva": null, "risco_fogo": null, "bioma": "Cerrado", "id_0": 33, "id_1": 31, "id_2": 3147006, "continente_id": 8, "vegetacao": null, "grade_wrs": "220_072", "frp": 0.7}, "bbox": [-46.83577, -17.16819, -46.83577, -17.16819]}, {"type": "Feature", "id": "focos_48h_br_todosats.fid--145fdae9_19db31250eb_3fca", "geometry": {"type": "Point", "coordinates": [-44.41048, -17.91178]}, "geometry_name": "geometria", "properties": {"id_foco_bdq": 1814893984, "foco_id": "56c56d3e-a569-39c4-929f-3bb688f3812b", "longitude": -44.41048, "latitude": -17.91178, "data_hora_gmt": "2026-04-21T03:49:00Z", "data_pas": "2026-04-21", "satelite": "NOAA-20", "municipio": "LASSANCE", "estado": "MINAS GERAIS", "pais": "Brasil", "precipitacao": null, "numero_dias_sem_chuva": null, "risco_fogo": null, "bioma": "Cerrado", "id_0": 33, "id_1": 31, "id_2": 3138104, "continente_id": 8, "vegetacao": null, "grade_wrs": "218_072", "frp": 0.8}, "bbox": [-44.41048, -17.91178, -44.41048, -17.91178]}, {"type": "Feature", "id": "focos_48h_br_todosats.fid--145fdae9_19db31250eb_3fcb", "geometry": {"type": "Point", "coordinates": [-48.00089, -23.64659]}, "geometry_name": "geometria", "properties": {"id_foco_bdq": 1814894021, "foco_id": "ff1a0c46-736e-35b8-a3b0-8697b605f527", "longitude": -48.00089, "latitude": -23.64659, "data_hora_gmt": "2026-04-21T03:49:00Z", "data_pas": "2026-04-21", "satelite": "NOAA-20", "municipio": "ITAPETININGA", "estado": "SÃO PAULO", "pais": "Brasil", "precipitacao": null, "numero_dias_sem_chuva": null, "risco_fogo": null, "bioma": "Cerrado", "id_0": 33, "id_1": 35, "id_2": 3522307, "continente_id": 8, "vegetacao": null, "grade_wrs": "220_076", "frp": 1.8}, "bbox": [-48.00089, -23.64659, -48.00089, -23.64659]}, {"type": "Feature", "id": "focos_48h_br_todosats.fid--145fdae9_19db31250eb_3fcd", "geometry": {"type": "Point", "coordinates": [-50.41679, -25.6373]}, "geometry_name": "geometria", "properties": {"id_foco_bdq": 1814894481, "foco_id": "8727ea96-ad2b-3e38-958d-368a0995984e", "longitude": -50.41679, "latitude": -25.6373, "data_hora_gmt": "2026-04-21T03:49:00Z", "data_pas": "2026-04-21", "satelite": "NOAA-20", "municipio": "SÃO JOÃO DO TRIUNFO", "estado": "PARANÁ", "pais": "Brasil", "precipitacao": null, "numero_dias_sem_chuva": null, "risco_fogo": null, "bioma": "Mata Atlântica", "id_0": 33, "id_1": 41, "id_2": 4125100, "continente_id": 8, "vegetacao": null, "grade_wrs": "221_078", "frp": 1.7}, "bbox": [-50.41679, -25.6373, -50.41679, -25.6373]}, {"type": "Feature", "id": "focos_48h_br_todosats.fid--145fdae9_19db31250eb_3fce", "geometry": {"type": "Point", "coordinates": [-48.72472, -21.36971]}, "geometry_name": "geometria", "properties": {"id_foco_bdq": 1814894142, "foco_id": "62b4b582-3245-3558-a0f2-4ded7b0a6328", "longitude": -48.72472, "latitude": -21.36971, "data_hora_gmt": "2026-04-21T03:49:00Z", "data_pas": "2026-04-21", "satelite": "NOAA-20", "municipio": "FERNANDO PRESTES", "estado": "SÃO PAULO", "pais": "Brasil", "precipitacao": null, "numero_dias_sem_chuva": null, "risco_fogo": null, "bioma": "Cerrado", "id_0": 33, "id_1": 35, "id_2": 3515608, "continente_id": 8, "vegetacao": null, "grade_wrs": "221_075", "frp": 1.7}, "bbox": [-48.72472, -21.36971, -48.72472, -21.36971]}, {"type": "Feature", "id": "focos_48h_br_todosats.fid--145fdae9_19db31250eb_3fcf", "geometry": {"type": "Point", "coordinates": [-49.4271, -25.10642]}, "geometry_name": "geometria", "properties": {"id_foco_bdq": 1814894493, "foco_id": "22a5589f-4acc-3698-9477-129635cccbc7", "longitude": -49.4271, "latitude": -25.10642, "data_hora_gmt": "2026-04-21T03:49:00Z", "data_pas": "2026-04-21", "satelite": "NOAA-20", "municipio": "RIO BRANCO DO SUL", "estado": "PARANÁ", "pais": "Brasil", "precipitacao": null, "numero_dias_sem_chuva": null, "risco_fogo": null, "bioma": "Mata Atlântica", "id_0": 33, "id_1": 41, "id_2": 4122206, "continente_id": 8, "vegetacao": null, "grade_wrs": "221_077", "frp": 1.2}, "bbox": [-49.4271, -25.10642, -49.4271, -25.10642]}, {"type": "Feature", "id": "focos_48h_br_todosats.fid--145fdae9_19db31250eb_3fd1", "geometry": {"type": "Point", "coordinates": [-48.03111, -21.95211]}, "geometry_name": "geometria", "properties": {"id_foco_bdq": 1814893820, "foco_id": "edcc5cb7-3f3c-38f9-8a93-18fdab8b74a6", "longitude": -48.03111, "latitude": -21.95211, "data_hora_gmt": "2026-04-21T03:49:00Z", "data_pas": "2026-04-21", "satelite": "NOAA-20", "municipio": "IBATÉ", "estado": "SÃO PAULO", "pais": "Brasil", "precipitacao": null, "numero_dias_sem_chuva": null, "risco_fogo": null, "bioma": "Cerrado", "id_0": 33, "id_1": 35, "id_2": 3519303, "continente_id": 8, "vegetacao": null, "grade_wrs": "220_075", "frp": 2.9}, "bbox": [-48.03111, -21.95211, -48.03111, -21.95211]}, {"type": "Feature", "id": "focos_48h_br_todosats.fid--145fdae9_19db31250eb_3fd2", "geometry": {"type": "Point", "coordinates": [-49.39262, -25.10888]}, "geometry_name": "geometria", "properties": {"id_foco_bdq": 1814894139, "foco_id": "53c2376a-15ef-36a1-99e2-35dd4ddec9d0", "longitude": -49.39262, "latitude": -25.10888, "data_hora_gmt": "2026-04-21T03:49:00Z", "data_pas": "2026-04-21", "satelite": "NOAA-20", "municipio": "RIO BRANCO DO SUL", "estado": "PARANÁ", "pais": "Brasil", "precipitacao": null, "numero_dias_sem_chuva": null, "risco_fogo": null, "bioma": "Mata Atlântica", "id_0": 33, "id_1": 41, "id_2": 4122206, "continente_id": 8, "vegetacao": null, "grade_wrs": "221_077", "frp": 1}, "bbox": [-49.39262, -25.10888, -49.39262, -25.10888]}, {"type": "Feature", "id": "focos_48h_br_todosats.fid--145fdae9_19db31250eb_3fd3", "geometry": {"type": "Point", "coordinates": [-37.47499, -9.80655]}, "geometry_name": "geometria", "properties": {"id_foco_bdq": 1814898873, "foco_id": "a9974071-c47e-324d-9212-9defb39e7e03", "longitude": -37.47499, "latitude": -9.80655, "data_hora_gmt": "2026-04-21T04:34:00Z", "data_pas": "2026-04-21", "satelite": "NOAA-21", "municipio": "PORTO DA FOLHA", "estado": "SERGIPE", "pais": "Brasil", "precipitacao": null, "numero_dias_sem_chuva": null, "risco_fogo": null, "bioma": "Caatinga", "id_0": 33, "id_1": 28, "id_2": 2805604, "continente_id": 8, "vegetacao": null, "grade_wrs": "215_067", "frp": 3.1}, "bbox": [-37.47499, -9.80655, -37.47499, -9.80655]}, {"type": "Feature", "id": "focos_48h_br_todosats.fid--145fdae9_19db31250eb_3fd5", "geometry": {"type": "Point", "coordinates": [-43.84658, -11.90638]}, "geometry_name": "geometria", "properties": {"id_foco_bdq": 1814895638, "foco_id": "7de4c2d5-5413-3696-a6d8-97569652660a", "longitude": -43.84658, "latitude": -11.90638, "data_hora_gmt": "2026-04-21T04:34:00Z", "data_pas": "2026-04-21", "satelite": "NOAA-21", "municipio": "WANDERLEY", "estado": "BAHIA", "pais": "Brasil", "precipitacao": null, "numero_dias_sem_chuva": null, "risco_fogo": null, "bioma": "Cerrado", "id_0": 33, "id_1": 29, "id_2": 2933455, "continente_id": 8, "vegetacao": null, "grade_wrs": "219_068", "frp": 1}, "bbox": [-43.84658, -11.90638, -43.84658, -11.90638]}, {"type": "Feature", "id": "focos_48h_br_todosats.fid--145fdae9_19db31250eb_3fd6", "geometry": {"type": "Point", "coordinates": [-47.77345, -11.99917]}, "geometry_name": "geometria", "properties": {"id_foco_bdq": 1814895713, "foco_id": "4c9af76b-a331-3cb7-a527-2e8e87a01179", "longitude": -47.77345, "latitude": -11.99917, "data_hora_gmt": "2026-04-21T04:34:00Z", "data_pas": "2026-04-21", "satelite": "NOAA-21", "municipio": "NATIVIDADE", "estado": "TOCANTINS", "pais": "Brasil", "precipitacao": null, "numero_dias_sem_chuva": null, "risco_fogo": null, "bioma": "Cerrado", "id_0": 33, "id_1": 17, "id_2": 1714203, "continente_id": 8, "vegetacao": null, "grade_wrs": "221_068", "frp": 1.8}, "bbox": [-47.77345, -11.99917, -47.77345, -11.99917]}, {"type": "Feature", "id": "focos_48h_br_todosats.fid--145fdae9_19db31250eb_3fd8", "geometry": {"type": "Point", "coordinates": [-44.73909, -11.72686]}, "geometry_name": "geometria", "properties": {"id_foco_bdq": 1814895761, "foco_id": "7d1f1763-1d23-3973-98b6-484d666de99e", "longitude": -44.73909, "latitude": -11.72686, "data_hora_gmt": "2026-04-21T04:34:00Z", "data_pas": "2026-04-21", "satelite": "NOAA-21", "municipio": "RIACHÃO DAS NEVES", "estado": "BAHIA", "pais": "Brasil", "precipitacao": null, "numero_dias_sem_chuva": null, "risco_fogo": null, "bioma": "Cerrado", "id_0": 33, "id_1": 29, "id_2": 2926202, "continente_id": 8, "vegetacao": null, "grade_wrs": "220_068", "frp": 2}, "bbox": [-44.73909, -11.72686, -44.73909, -11.72686]}, {"type": "Feature", "id": "focos_48h_br_todosats.fid--145fdae9_19db31250eb_3fd9", "geometry": {"type": "Point", "coordinates": [-43.3818, -11.95586]}, "geometry_name": "geometria", "properties": {"id_foco_bdq": 1814896082, "foco_id": "d1dcaa2a-6c50-3fca-9d77-2bc6bcdc1fea", "longitude": -43.3818, "latitude": -11.95586, "data_hora_gmt": "2026-04-21T04:34:00Z", "data_pas": "2026-04-21", "satelite": "NOAA-21", "municipio": "MUQUÉM DO SÃO FRANCISCO", "estado": "BAHIA", "pais": "Brasil", "precipitacao": null, "numero_dias_sem_chuva": null, "risco_fogo": null, "bioma": "Cerrado", "id_0": 33, "id_1": 29, "id_2": 2922250, "continente_id": 8, "vegetacao": null, "grade_wrs": "219_068", "frp": 0.7}, "bbox": [-43.3818, -11.95586, -43.3818, -11.95586]}, {"type": "Feature", "id": "focos_48h_br_todosats.fid--145fdae9_19db31250eb_3fda", "geometry": {"type": "Point", "coordinates": [-37.47482, -9.80288]}, "geometry_name": "geometria", "properties": {"id_foco_bdq": 1814896420, "foco_id": "a1615661-29eb-327a-a702-7efcc31c64bb", "longitude": -37.47482, "latitude": -9.80288, "data_hora_gmt": "2026-04-21T04:34:00Z", "data_pas": "2026-04-21", "satelite": "NOAA-21", "municipio": "PORTO DA FOLHA", "estado": "SERGIPE", "pais": "Brasil", "precipitacao": null, "numero_dias_sem_chuva": null, "risco_fogo": null, "bioma": "Caatinga", "id_0": 33, "id_1": 28, "id_2": 2805604, "continente_id": 8, "vegetacao": null, "grade_wrs": "215_067", "frp": 3}, "bbox": [-37.47482, -9.80288, -37.47482, -9.80288]}, {"type": "Feature", "id": "focos_48h_br_todosats.fid--145fdae9_19db31250eb_3fdb", "geometry": {"type": "Point", "coordinates": [-47.77292, -11.99582]}, "geometry_name": "geometria", "properties": {"id_foco_bdq": 1814896440, "foco_id": "12f171fc-79dc-35d5-b615-372c0eee2acb", "longitude": -47.77292, "latitude": -11.99582, "data_hora_gmt": "2026-04-21T04:34:00Z", "data_pas": "2026-04-21", "satelite": "NOAA-21", "municipio": "NATIVIDADE", "estado": "TOCANTINS", "pais": "Brasil", "precipitacao": null, "numero_dias_sem_chuva": null, "risco_fogo": null, "bioma": "Cerrado", "id_0": 33, "id_1": 17, "id_2": 1714203, "continente_id": 8, "vegetacao": null, "grade_wrs": "221_068", "frp": 1.8}, "bbox": [-47.77292, -11.99582, -47.77292, -11.99582]}, {"type": "Feature", "id": "focos_48h_br_todosats.fid--145fdae9_19db31250eb_3fdc", "geometry": {"type": "Point", "coordinates": [-44.19537, -12.24384]}, "geometry_name": "geometria", "properties": {"id_foco_bdq": 1814897023, "foco_id": "10038dcf-6efe-3b79-a93f-770bc625a34f", "longitude": -44.19537, "latitude": -12.24384, "data_hora_gmt": "2026-04-21T04:34:00Z", "data_pas": "2026-04-21", "satelite": "NOAA-21", "municipio": "CRISTÓPOLIS", "estado": "BAHIA", "pais": "Brasil", "precipitacao": null, "numero_dias_sem_chuva": null, "risco_fogo": null, "bioma": "Cerrado", "id_0": 33, "id_1": 29, "id_2": 2909703, "continente_id": 8, "vegetacao": null, "grade_wrs": "219_068", "frp": 2}, "bbox": [-44.19537, -12.24384, -44.19537, -12.24384]}, {"type": "Feature", "id": "focos_48h_br_todosats.fid--145fdae9_19db31250eb_3fde", "geometry": {"type": "Point", "coordinates": [-43.56931, -11.19272]}, "geometry_name": "geometria", "properties": {"id_foco_bdq": 1814897168, "foco_id": "035ba42b-4e43-3bf1-be8a-46f7ef3f431f", "longitude": -43.56931, "latitude": -11.19272, "data_hora_gmt": "2026-04-21T04:34:00Z", "data_pas": "2026-04-21", "satelite": "NOAA-21", "municipio": "BARRA", "estado": "BAHIA", "pais": "Brasil", "precipitacao": null, "numero_dias_sem_chuva": null, "risco_fogo": null, "bioma": "Cerrado", "id_0": 33, "id_1": 29, "id_2": 2902708, "continente_id": 8, "vegetacao": null, "grade_wrs": "219_068", "frp": 1.7}, "bbox": [-43.56931, -11.19272, -43.56931, -11.19272]}, {"type": "Feature", "id": "focos_48h_br_todosats.fid--145fdae9_19db31250eb_3fdf", "geometry": {"type": "Point", "coordinates": [-43.37798, -11.95637]}, "geometry_name": "geometria", "properties": {"id_foco_bdq": 1814897352, "foco_id": "7ae8cee6-8695-302d-9ae9-f4ca40b444b5", "longitude": -43.37798, "latitude": -11.95637, "data_hora_gmt": "2026-04-21T04:34:00Z", "data_pas": "2026-04-21", "satelite": "NOAA-21", "municipio": "MUQUÉM DO SÃO FRANCISCO", "estado": "BAHIA", "pais": "Brasil", "precipitacao": null, "numero_dias_sem_chuva": null, "risco_fogo": null, "bioma": "Cerrado", "id_0": 33, "id_1": 29, "id_2": 2922250, "continente_id": 8, "vegetacao": null, "grade_wrs": "219_068", "frp": 2.4}, "bbox": [-43.37798, -11.95637, -43.37798, -11.95637]}, {"type": "Feature", "id": "focos_48h_br_todosats.fid--145fdae9_19db31250eb_3fe0", "geometry": {"type": "Point", "coordinates": [-43.56503, -11.18915]}, "geometry_name": "geometria", "properties": {"id_foco_bdq": 1814898192, "foco_id": "6220b976-9f90-385c-a086-eba96c578a20", "longitude": -43.56503, "latitude": -11.18915, "data_hora_gmt": "2026-04-21T04:34:00Z", "data_pas": "2026-04-21", "satelite": "NOAA-21", "municipio": "BARRA", "estado": "BAHIA", "pais": "Brasil", "precipitacao": null, "numero_dias_sem_chuva": null, "risco_fogo": null, "bioma": "Cerrado", "id_0": 33, "id_1": 29, "id_2": 2902708, "continente_id": 8, "vegetacao": null, "grade_wrs": "219_068", "frp": 1.4}, "bbox": [-43.56503, -11.18915, -43.56503, -11.18915]}, {"type": "Feature", "id": "focos_48h_br_todosats.fid--145fdae9_19db31250eb_3fe2", "geometry": {"type": "Point", "coordinates": [-37.47023, -9.80342]}, "geometry_name": "geometria", "properties": {"id_foco_bdq": 1814898220, "foco_id": "a7788732-bbe3-3e48-b13d-01034c17eb3a", "longitude": -37.47023, "latitude": -9.80342, "data_hora_gmt": "2026-04-21T04:34:00Z", "data_pas": "2026-04-21", "satelite": "NOAA-21", "municipio": "PORTO DA FOLHA", "estado": "SERGIPE", "pais": "Brasil", "precipitacao": null, "numero_dias_sem_chuva": null, "risco_fogo": null, "bioma": "Caatinga", "id_0": 33, "id_1": 28, "id_2": 2805604, "continente_id": 8, "vegetacao": null, "grade_wrs": "215_067", "frp": 3}, "bbox": [-37.47023, -9.80342, -37.47023, -9.80342]}, {"type": "Feature", "id": "focos_48h_br_todosats.fid--145fdae9_19db31250eb_3fe3", "geometry": {"type": "Point", "coordinates": [-47.80101, -9.47107]}, "geometry_name": "geometria", "properties": {"id_foco_bdq": 1814898451, "foco_id": "999867f0-0c12-31e9-a10c-e5412d6f5f65", "longitude": -47.80101, "latitude": -9.47107, "data_hora_gmt": "2026-04-21T04:34:00Z", "data_pas": "2026-04-21", "satelite": "NOAA-21", "municipio": "RIO SONO", "estado": "TOCANTINS", "pais": "Brasil", "precipitacao": null, "numero_dias_sem_chuva": null, "risco_fogo": null, "bioma": "Cerrado", "id_0": 33, "id_1": 17, "id_2": 1718758, "continente_id": 8, "vegetacao": null, "grade_wrs": "222_067", "frp": 1.5}, "bbox": [-47.80101, -9.47107, -47.80101, -9.47107]}, {"type": "Feature", "id": "focos_48h_br_todosats.fid--145fdae9_19db31250eb_3fe4", "geometry": {"type": "Point", "coordinates": [-47.80452, -9.47053]}, "geometry_name": "geometria", "properties": {"id_foco_bdq": 1814898455, "foco_id": "cf597d8f-31ec-3959-b395-e62a90730e36", "longitude": -47.80452, "latitude": -9.47053, "data_hora_gmt": "2026-04-21T04:34:00Z", "data_pas": "2026-04-21", "satelite": "NOAA-21", "municipio": "RIO SONO", "estado": "TOCANTINS", "pais": "Brasil", "precipitacao": null, "numero_dias_sem_chuva": null, "risco_fogo": null, "bioma": "Cerrado", "id_0": 33, "id_1": 17, "id_2": 1718758, "continente_id": 8, "vegetacao": null, "grade_wrs": "222_067", "frp": 1.4}, "bbox": [-47.80452, -9.47053, -47.80452, -9.47053]}, {"type": "Feature", "id": "focos_48h_br_todosats.fid--145fdae9_19db31250eb_3fe5", "geometry": {"type": "Point", "coordinates": [-44.18964, -12.24059]}, "geometry_name": "geometria", "properties": {"id_foco_bdq": 1814898681, "foco_id": "2a2caa2f-ee1a-399c-98d3-ed2c86e479f3", "longitude": -44.18964, "latitude": -12.24059, "data_hora_gmt": "2026-04-21T04:34:00Z", "data_pas": "2026-04-21", "satelite": "NOAA-21", "municipio": "CRISTÓPOLIS", "estado": "BAHIA", "pais": "Brasil", "precipitacao": null, "numero_dias_sem_chuva": null, "risco_fogo": null, "bioma": "Cerrado", "id_0": 33, "id_1": 29, "id_2": 2909703, "continente_id": 8, "vegetacao": null, "grade_wrs": "219_068", "frp": 2}, "bbox": [-44.18964, -12.24059, -44.18964, -12.24059]}, {"type": "Feature", "id": "focos_48h_br_todosats.fid--145fdae9_19db31250eb_3fe6", "geometry": {"type": "Point", "coordinates": [-44.61993, -12.28049]}, "geometry_name": "geometria", "properties": {"id_foco_bdq": 1814898848, "foco_id": "6023c5bb-24ea-304d-a743-a4251319a412", "longitude": -44.61993, "latitude": -12.28049, "data_hora_gmt": "2026-04-21T04:34:00Z", "data_pas": "2026-04-21", "satelite": "NOAA-21", "municipio": "CATOLÂNDIA", "estado": "BAHIA", "pais": "Brasil", "precipitacao": null, "numero_dias_sem_chuva": null, "risco_fogo": null, "bioma": "Cerrado", "id_0": 33, "id_1": 29, "id_2": 2907400, "continente_id": 8, "vegetacao": null, "grade_wrs": "219_069", "frp": 3.6}, "bbox": [-44.61993, -12.28049, -44.61993, -12.28049]}, {"type": "Feature", "id": "focos_48h_br_todosats.fid--145fdae9_19db31250eb_3fe8", "geometry": {"type": "Point", "coordinates": [-43.8632, -11.87035]}, "geometry_name": "geometria", "properties": {"id_foco_bdq": 1814898975, "foco_id": "0072f2c4-4bec-38d0-85af-50580b050ede", "longitude": -43.8632, "latitude": -11.87035, "data_hora_gmt": "2026-04-21T04:34:00Z", "data_pas": "2026-04-21", "satelite": "NOAA-21", "municipio": "WANDERLEY", "estado": "BAHIA", "pais": "Brasil", "precipitacao": null, "numero_dias_sem_chuva": null, "risco_fogo": null, "bioma": "Cerrado", "id_0": 33, "id_1": 29, "id_2": 2933455, "continente_id": 8, "vegetacao": null, "grade_wrs": "219_068", "frp": 0.7}, "bbox": [-43.8632, -11.87035, -43.8632, -11.87035]}, {"type": "Feature", "id": "focos_48h_br_todosats.fid--145fdae9_19db31250eb_3fe9", "geometry": {"type": "Point", "coordinates": [-37.47421, -9.80054]}, "geometry_name": "geometria", "properties": {"id_foco_bdq": 1814899283, "foco_id": "bafa0951-473f-354b-8a90-405b5c40be15", "longitude": -37.47421, "latitude": -9.80054, "data_hora_gmt": "2026-04-21T04:34:00Z", "data_pas": "2026-04-21", "satelite": "NOAA-21", "municipio": "PORTO DA FOLHA", "estado": "SERGIPE", "pais": "Brasil", "precipitacao": null, "numero_dias_sem_chuva": null, "risco_fogo": null, "bioma": "Caatinga", "id_0": 33, "id_1": 28, "id_2": 2805604, "continente_id": 8, "vegetacao": null, "grade_wrs": "215_067", "frp": 3.1}, "bbox": [-37.47421, -9.80054, -37.47421, -9.80054]}, {"type": "Feature", "id": "focos_48h_br_todosats.fid--145fdae9_19db31250eb_3fea", "geometry": {"type": "Point", "coordinates": [-44.19487, -12.23986]}, "geometry_name": "geometria", "properties": {"id_foco_bdq": 1814899340, "foco_id": "543ae248-33dc-36fe-8a76-f23d7aee8e5a", "longitude": -44.19487, "latitude": -12.23986, "data_hora_gmt": "2026-04-21T04:34:00Z", "data_pas": "2026-04-21", "satelite": "NOAA-21", "municipio": "CRISTÓPOLIS", "estado": "BAHIA", "pais": "Brasil", "precipitacao": null, "numero_dias_sem_chuva": null, "risco_fogo": null, "bioma": "Cerrado", "id_0": 33, "id_1": 29, "id_2": 2909703, "continente_id": 8, "vegetacao": null, "grade_wrs": "219_068", "frp": 2}, "bbox": [-44.19487, -12.23986, -44.19487, -12.23986]}, {"type": "Feature", "id": "focos_48h_br_todosats.fid--145fdae9_19db31250eb_3fec", "geometry": {"type": "Point", "coordinates": [-43.1997, -13.34624]}, "geometry_name": "geometria", "properties": {"id_foco_bdq": 1814896946, "foco_id": "ed03c560-fb20-393d-9491-73c256c999df", "longitude": -43.1997, "latitude": -13.34624, "data_hora_gmt": "2026-04-21T04:36:00Z", "data_pas": "2026-04-21", "satelite": "NOAA-21", "municipio": "BOM JESUS DA LAPA", "estado": "BAHIA", "pais": "Brasil", "precipitacao": null, "numero_dias_sem_chuva": null, "risco_fogo": null, "bioma": "Caatinga", "id_0": 33, "id_1": 29, "id_2": 2903904, "continente_id": 8, "vegetacao": null, "grade_wrs": "218_069", "frp": 0.7}, "bbox": [-43.1997, -13.34624, -43.1997, -13.34624]}, {"type": "Feature", "id": "focos_48h_br_todosats.fid--145fdae9_19db31250eb_3fee", "geometry": {"type": "Point", "coordinates": [-45.33923, -13.95656]}, "geometry_name": "geometria", "properties": {"id_foco_bdq": 1814896032, "foco_id": "3e2fe06f-a20e-3cb2-8e64-556b851a89e6", "longitude": -45.33923, "latitude": -13.95656, "data_hora_gmt": "2026-04-21T04:36:00Z", "data_pas": "2026-04-21", "satelite": "NOAA-21", "municipio": "JABORANDI", "estado": "BAHIA", "pais": "Brasil", "precipitacao": null, "numero_dias_sem_chuva": null, "risco_fogo": null, "bioma": "Cerrado", "id_0": 33, "id_1": 29, "id_2": 2917359, "continente_id": 8, "vegetacao": null, "grade_wrs": "220_070", "frp": 3.8}, "bbox": [-45.33923, -13.95656, -45.33923, -13.95656]}, {"type": "Feature", "id": "focos_48h_br_todosats.fid--145fdae9_19db31250eb_3fef", "geometry": {"type": "Point", "coordinates": [-46.83424, -17.16755]}, "geometry_name": "geometria", "properties": {"id_foco_bdq": 1814897076, "foco_id": "3aa8d2b7-b0af-39b5-9b15-eed87375af72", "longitude": -46.83424, "latitude": -17.16755, "data_hora_gmt": "2026-04-21T04:36:00Z", "data_pas": "2026-04-21", "satelite": "NOAA-21", "municipio": "PARACATU", "estado": "MINAS GERAIS", "pais": "Brasil", "precipitacao": null, "numero_dias_sem_chuva": null, "risco_fogo": null, "bioma": "Cerrado", "id_0": 33, "id_1": 31, "id_2": 3147006, "continente_id": 8, "vegetacao": null, "grade_wrs": "220_072", "frp": 9.5}, "bbox": [-46.83424, -17.16755, -46.83424, -17.16755]}, {"type": "Feature", "id": "focos_48h_br_todosats.fid--145fdae9_19db31250eb_3ff0", "geometry": {"type": "Point", "coordinates": [-47.48079, -13.58766]}, "geometry_name": "geometria", "properties": {"id_foco_bdq": 1814898001, "foco_id": "021bfb21-349c-3fc0-a1ba-c9cd359b1ac0", "longitude": -47.48079, "latitude": -13.58766, "data_hora_gmt": "2026-04-21T04:36:00Z", "data_pas": "2026-04-21", "satelite": "NOAA-21", "municipio": "CAVALCANTE", "estado": "GOIÁS", "pais": "Brasil", "precipitacao": null, "numero_dias_sem_chuva": null, "risco_fogo": null, "bioma": "Cerrado", "id_0": 33, "id_1": 52, "id_2": 5205307, "continente_id": 8, "vegetacao": null, "grade_wrs": "221_069", "frp": 0.6}, "bbox": [-47.48079, -13.58766, -47.48079, -13.58766]}, {"type": "Feature", "id": "focos_48h_br_todosats.fid--145fdae9_19db31250eb_3ff1", "geometry": {"type": "Point", "coordinates": [-45.34088, -13.95251]}, "geometry_name": "geometria", "properties": {"id_foco_bdq": 1814899993, "foco_id": "ce50c5b5-0dc4-34bd-9e99-f0c5647fde7a", "longitude": -45.34088, "latitude": -13.95251, "data_hora_gmt": "2026-04-21T04:36:00Z", "data_pas": "2026-04-21", "satelite": "NOAA-21", "municipio": "JABORANDI", "estado": "BAHIA", "pais": "Brasil", "precipitacao": null, "numero_dias_sem_chuva": null, "risco_fogo": null, "bioma": "Cerrado", "id_0": 33, "id_1": 29, "id_2": 2917359, "continente_id": 8, "vegetacao": null, "grade_wrs": "220_070", "frp": 2.7}, "bbox": [-45.34088, -13.95251, -45.34088, -13.95251]}, {"type": "Feature", "id": "focos_48h_br_todosats.fid--145fdae9_19db31250eb_3ff3", "geometry": {"type": "Point", "coordinates": [-54.92532, -16.42306]}, "geometry_name": "geometria", "properties": {"id_foco_bdq": 1814899598, "foco_id": "2dbba94a-9ba1-3c33-a40b-65e792502982", "longitude": -54.92532, "latitude": -16.42306, "data_hora_gmt": "2026-04-21T04:36:00Z", "data_pas": "2026-04-21", "satelite": "NOAA-21", "municipio": "RONDONÓPOLIS", "estado": "MATO GROSSO", "pais": "Brasil", "precipitacao": null, "numero_dias_sem_chuva": null, "risco_fogo": null, "bioma": "Cerrado", "id_0": 33, "id_1": 51, "id_2": 5107602, "continente_id": 8, "vegetacao": null, "grade_wrs": "225_071", "frp": 1.5}, "bbox": [-54.92532, -16.42306, -54.92532, -16.42306]}, {"type": "Feature", "id": "focos_48h_br_todosats.fid--145fdae9_19db31250eb_3ff5", "geometry": {"type": "Point", "coordinates": [-45.34393, -13.95592]}, "geometry_name": "geometria", "properties": {"id_foco_bdq": 1814897768, "foco_id": "8c16e461-f10e-3205-a080-80b5db7c429e", "longitude": -45.34393, "latitude": -13.95592, "data_hora_gmt": "2026-04-21T04:36:00Z", "data_pas": "2026-04-21", "satelite": "NOAA-21", "municipio": "JABORANDI", "estado": "BAHIA", "pais": "Brasil", "precipitacao": null, "numero_dias_sem_chuva": null, "risco_fogo": null, "bioma": "Cerrado", "id_0": 33, "id_1": 29, "id_2": 2917359, "continente_id": 8, "vegetacao": null, "grade_wrs": "220_070", "frp": 1.9}, "bbox": [-45.34393, -13.95592, -45.34393, -13.95592]}, {"type": "Feature", "id": "focos_48h_br_todosats.fid--145fdae9_19db31250eb_3ff7", "geometry": {"type": "Point", "coordinates": [-41.83992, -15.13136]}, "geometry_name": "geometria", "properties": {"id_foco_bdq": 1814897867, "foco_id": "c5e52944-586e-3f78-a62f-1d0f2aa800e5", "longitude": -41.83992, "latitude": -15.13136, "data_hora_gmt": "2026-04-21T04:36:00Z", "data_pas": "2026-04-21", "satelite": "NOAA-21", "municipio": "SÃO JOÃO DO PARAÍSO", "estado": "MINAS GERAIS", "pais": "Brasil", "precipitacao": null, "numero_dias_sem_chuva": null, "risco_fogo": null, "bioma": "Mata Atlântica", "id_0": 33, "id_1": 31, "id_2": 3162708, "continente_id": 8, "vegetacao": null, "grade_wrs": "217_070", "frp": 2.7}, "bbox": [-41.83992, -15.13136, -41.83992, -15.13136]}, {"type": "Feature", "id": "focos_48h_br_todosats.fid--145fdae9_19db31250eb_3ff8", "geometry": {"type": "Point", "coordinates": [-45.33863, -13.95277]}, "geometry_name": "geometria", "properties": {"id_foco_bdq": 1814898567, "foco_id": "a64388fb-9120-306c-bbd0-654effa1b945", "longitude": -45.33863, "latitude": -13.95277, "data_hora_gmt": "2026-04-21T04:36:00Z", "data_pas": "2026-04-21", "satelite": "NOAA-21", "municipio": "JABORANDI", "estado": "BAHIA", "pais": "Brasil", "precipitacao": null, "numero_dias_sem_chuva": null, "risco_fogo": null, "bioma": "Cerrado", "id_0": 33, "id_1": 29, "id_2": 2917359, "continente_id": 8, "vegetacao": null, "grade_wrs": "220_070", "frp": 2.3}, "bbox": [-45.33863, -13.95277, -45.33863, -13.95277]}, {"type": "Feature", "id": "focos_48h_br_todosats.fid--145fdae9_19db31250eb_3ff9", "geometry": {"type": "Point", "coordinates": [-42.27771, -14.55344]}, "geometry_name": "geometria", "properties": {"id_foco_bdq": 1814899384, "foco_id": "5fe6d5ad-f74b-34eb-b4e2-637f8ce7c23e", "longitude": -42.27771, "latitude": -14.55344, "data_hora_gmt": "2026-04-21T04:36:00Z", "data_pas": "2026-04-21", "satelite": "NOAA-21", "municipio": "CACULÉ", "estado": "BAHIA", "pais": "Brasil", "precipitacao": null, "numero_dias_sem_chuva": null, "risco_fogo": null, "bioma": "Caatinga", "id_0": 33, "id_1": 29, "id_2": 2905008, "continente_id": 8, "vegetacao": null, "grade_wrs": "218_070", "frp": 1.6}, "bbox": [-42.27771, -14.55344, -42.27771, -14.55344]}, {"type": "Feature", "id": "focos_48h_br_todosats.fid--145fdae9_19db31250eb_3ffb", "geometry": {"type": "Point", "coordinates": [-48.02594, -21.9537]}, "geometry_name": "geometria", "properties": {"id_foco_bdq": 1814898517, "foco_id": "2bfa61a9-cb08-3ccc-a5c3-9ee1be766a97", "longitude": -48.02594, "latitude": -21.9537, "data_hora_gmt": "2026-04-21T04:38:00Z", "data_pas": "2026-04-21", "satelite": "NOAA-21", "municipio": "IBATÉ", "estado": "SÃO PAULO", "pais": "Brasil", "precipitacao": null, "numero_dias_sem_chuva": null, "risco_fogo": null, "bioma": "Cerrado", "id_0": 33, "id_1": 35, "id_2": 3519303, "continente_id": 8, "vegetacao": null, "grade_wrs": "220_075", "frp": 7.1}, "bbox": [-48.02594, -21.9537, -48.02594, -21.9537]}, {"type": "Feature", "id": "focos_48h_br_todosats.fid--145fdae9_19db31250eb_3ffc", "geometry": {"type": "Point", "coordinates": [-48.03545, -21.9561]}, "geometry_name": "geometria", "properties": {"id_foco_bdq": 1814895777, "foco_id": "0cb65113-ad4a-33e3-af18-6dfb78f26e7e", "longitude": -48.03545, "latitude": -21.9561, "data_hora_gmt": "2026-04-21T04:38:00Z", "data_pas": "2026-04-21", "satelite": "NOAA-21", "municipio": "IBATÉ", "estado": "SÃO PAULO", "pais": "Brasil", "precipitacao": null, "numero_dias_sem_chuva": null, "risco_fogo": null, "bioma": "Cerrado", "id_0": 33, "id_1": 35, "id_2": 3519303, "continente_id": 8, "vegetacao": null, "grade_wrs": "220_075", "frp": 4.1}, "bbox": [-48.03545, -21.9561, -48.03545, -21.9561]}, {"type": "Feature", "id": "focos_48h_br_todosats.fid--145fdae9_19db31250eb_3ffd", "geometry": {"type": "Point", "coordinates": [-49.42757, -25.10905]}, "geometry_name": "geometria", "properties": {"id_foco_bdq": 1814897604, "foco_id": "cb054451-5a59-30eb-b7c1-1643de2d46ec", "longitude": -49.42757, "latitude": -25.10905, "data_hora_gmt": "2026-04-21T04:38:00Z", "data_pas": "2026-04-21", "satelite": "NOAA-21", "municipio": "RIO BRANCO DO SUL", "estado": "PARANÁ", "pais": "Brasil", "precipitacao": null, "numero_dias_sem_chuva": null, "risco_fogo": null, "bioma": "Mata Atlântica", "id_0": 33, "id_1": 41, "id_2": 4122206, "continente_id": 8, "vegetacao": null, "grade_wrs": "221_077", "frp": 1.6}, "bbox": [-49.42757, -25.10905, -49.42757, -25.10905]}, {"type": "Feature", "id": "focos_48h_br_todosats.fid--145fdae9_19db31250eb_3fff", "geometry": {"type": "Point", "coordinates": [-48.43372, -23.0367]}, "geometry_name": "geometria", "properties": {"id_foco_bdq": 1814897846, "foco_id": "6e12e811-d1f6-3c45-a284-02461abe0289", "longitude": -48.43372, "latitude": -23.0367, "data_hora_gmt": "2026-04-21T04:38:00Z", "data_pas": "2026-04-21", "satelite": "NOAA-21", "municipio": "BOTUCATU", "estado": "SÃO PAULO", "pais": "Brasil", "precipitacao": null, "numero_dias_sem_chuva": null, "risco_fogo": null, "bioma": "Cerrado", "id_0": 33, "id_1": 35, "id_2": 3507506, "continente_id": 8, "vegetacao": null, "grade_wrs": "220_076", "frp": 0.9}, "bbox": [-48.43372, -23.0367, -48.43372, -23.0367]}, {"type": "Feature", "id": "focos_48h_br_todosats.fid--145fdae9_19db31250eb_4000", "geometry": {"type": "Point", "coordinates": [-48.27467, -18.85298]}, "geometry_name": "geometria", "properties": {"id_foco_bdq": 1814897860, "foco_id": "e94e6c1d-f8b4-3064-ad0c-cf032756f5ad", "longitude": -48.27467, "latitude": -18.85298, "data_hora_gmt": "2026-04-21T04:38:00Z", "data_pas": "2026-04-21", "satelite": "NOAA-21", "municipio": "UBERLÂNDIA", "estado": "MINAS GERAIS", "pais": "Brasil", "precipitacao": null, "numero_dias_sem_chuva": null, "risco_fogo": null, "bioma": "Cerrado", "id_0": 33, "id_1": 31, "id_2": 3170206, "continente_id": 8, "vegetacao": null, "grade_wrs": "221_073", "frp": 1.5}, "bbox": [-48.27467, -18.85298, -48.27467, -18.85298]}, {"type": "Feature", "id": "focos_48h_br_todosats.fid--145fdae9_19db31250eb_4001", "geometry": {"type": "Point", "coordinates": [-49.38816, -25.11082]}, "geometry_name": "geometria", "properties": {"id_foco_bdq": 1814897878, "foco_id": "dbdf318c-3d9f-3aa4-a52b-348d130fb51f", "longitude": -49.38816, "latitude": -25.11082, "data_hora_gmt": "2026-04-21T04:38:00Z", "data_pas": "2026-04-21", "satelite": "NOAA-21", "municipio": "RIO BRANCO DO SUL", "estado": "PARANÁ", "pais": "Brasil", "precipitacao": null, "numero_dias_sem_chuva": null, "risco_fogo": null, "bioma": "Mata Atlântica", "id_0": 33, "id_1": 41, "id_2": 4122206, "continente_id": 8, "vegetacao": null, "grade_wrs": "221_077", "frp": 1.5}, "bbox": [-49.38816, -25.11082, -49.38816, -25.11082]}, {"type": "Feature", "id": "focos_48h_br_todosats.fid--145fdae9_19db31250eb_4003", "geometry": {"type": "Point", "coordinates": [-47.69621, -23.12298]}, "geometry_name": "geometria", "properties": {"id_foco_bdq": 1814898021, "foco_id": "a7f783c5-a11f-374a-a463-5fd6cf55543c", "longitude": -47.69621, "latitude": -23.12298, "data_hora_gmt": "2026-04-21T04:38:00Z", "data_pas": "2026-04-21", "satelite": "NOAA-21", "municipio": "TIETÊ", "estado": "SÃO PAULO", "pais": "Brasil", "precipitacao": null, "numero_dias_sem_chuva": null, "risco_fogo": null, "bioma": "Mata Atlântica", "id_0": 33, "id_1": 35, "id_2": 3554508, "continente_id": 8, "vegetacao": null, "grade_wrs": "220_076", "frp": 0.5}, "bbox": [-47.69621, -23.12298, -47.69621, -23.12298]}, {"type": "Feature", "id": "focos_48h_br_todosats.fid--145fdae9_19db31250eb_4004", "geometry": {"type": "Point", "coordinates": [-48.72345, -21.37383]}, "geometry_name": "geometria", "properties": {"id_foco_bdq": 1814898171, "foco_id": "f2fd0b8e-4fb3-3584-bb27-4391dc30c1bd", "longitude": -48.72345, "latitude": -21.37383, "data_hora_gmt": "2026-04-21T04:38:00Z", "data_pas": "2026-04-21", "satelite": "NOAA-21", "municipio": "FERNANDO PRESTES", "estado": "SÃO PAULO", "pais": "Brasil", "precipitacao": null, "numero_dias_sem_chuva": null, "risco_fogo": null, "bioma": "Cerrado", "id_0": 33, "id_1": 35, "id_2": 3515608, "continente_id": 8, "vegetacao": null, "grade_wrs": "221_075", "frp": 2.6}, "bbox": [-48.72345, -21.37383, -48.72345, -21.37383]}, {"type": "Feature", "id": "focos_48h_br_todosats.fid--145fdae9_19db31250eb_4006", "geometry": {"type": "Point", "coordinates": [-48.96049, -24.49793]}, "geometry_name": "geometria", "properties": {"id_foco_bdq": 1814898367, "foco_id": "4bfb4f32-9a0f-3d0f-887a-3778ef87da48", "longitude": -48.96049, "latitude": -24.49793, "data_hora_gmt": "2026-04-21T04:38:00Z", "data_pas": "2026-04-21", "satelite": "NOAA-21", "municipio": "APIAÍ", "estado": "SÃO PAULO", "pais": "Brasil", "precipitacao": null, "numero_dias_sem_chuva": null, "risco_fogo": null, "bioma": "Mata Atlântica", "id_0": 33, "id_1": 35, "id_2": 3502705, "continente_id": 8, "vegetacao": null, "grade_wrs": "220_077", "frp": 1.5}, "bbox": [-48.96049, -24.49793, -48.96049, -24.49793]}, {"type": "Feature", "id": "focos_48h_br_todosats.fid--145fdae9_19db31250eb_4007", "geometry": {"type": "Point", "coordinates": [-48.13966, -23.98002]}, "geometry_name": "geometria", "properties": {"id_foco_bdq": 1814898417, "foco_id": "618278c6-f45b-3faa-9a92-7a8512fac437", "longitude": -48.13966, "latitude": -23.98002, "data_hora_gmt": "2026-04-21T04:38:00Z", "data_pas": "2026-04-21", "satelite": "NOAA-21", "municipio": "CAPÃO BONITO", "estado": "SÃO PAULO", "pais": "Brasil", "precipitacao": null, "numero_dias_sem_chuva": null, "risco_fogo": null, "bioma": "Mata Atlântica", "id_0": 33, "id_1": 35, "id_2": 3510203, "continente_id": 8, "vegetacao": null, "grade_wrs": "220_077", "frp": 2.1}, "bbox": [-48.13966, -23.98002, -48.13966, -23.98002]}, {"type": "Feature", "id": "focos_48h_br_todosats.fid--145fdae9_19db31250eb_4009", "geometry": {"type": "Point", "coordinates": [-48.27866, -18.85241]}, "geometry_name": "geometria", "properties": {"id_foco_bdq": 1814898486, "foco_id": "0bde3565-9a39-3e88-b4b2-b3c9404d21da", "longitude": -48.27866, "latitude": -18.85241, "data_hora_gmt": "2026-04-21T04:38:00Z", "data_pas": "2026-04-21", "satelite": "NOAA-21", "municipio": "UBERLÂNDIA", "estado": "MINAS GERAIS", "pais": "Brasil", "precipitacao": null, "numero_dias_sem_chuva": null, "risco_fogo": null, "bioma": "Cerrado", "id_0": 33, "id_1": 31, "id_2": 3170206, "continente_id": 8, "vegetacao": null, "grade_wrs": "221_073", "frp": 1}, "bbox": [-48.27866, -18.85241, -48.27866, -18.85241]}, {"type": "Feature", "id": "focos_48h_br_todosats.fid--145fdae9_19db31250eb_400a", "geometry": {"type": "Point", "coordinates": [-48.03041, -21.95309]}, "geometry_name": "geometria", "properties": {"id_foco_bdq": 1814895674, "foco_id": "a76c9856-875a-36e8-a7f1-6b92a23b125f", "longitude": -48.03041, "latitude": -21.95309, "data_hora_gmt": "2026-04-21T04:38:00Z", "data_pas": "2026-04-21", "satelite": "NOAA-21", "municipio": "IBATÉ", "estado": "SÃO PAULO", "pais": "Brasil", "precipitacao": null, "numero_dias_sem_chuva": null, "risco_fogo": null, "bioma": "Cerrado", "id_0": 33, "id_1": 35, "id_2": 3519303, "continente_id": 8, "vegetacao": null, "grade_wrs": "220_075", "frp": 7.1}, "bbox": [-48.03041, -21.95309, -48.03041, -21.95309]}, {"type": "Feature", "id": "focos_48h_br_todosats.fid--145fdae9_19db31250eb_400b", "geometry": {"type": "Point", "coordinates": [-47.99918, -23.64798]}, "geometry_name": "geometria", "properties": {"id_foco_bdq": 1814899342, "foco_id": "049c6aef-ef13-3082-9720-a0cbf567b131", "longitude": -47.99918, "latitude": -23.64798, "data_hora_gmt": "2026-04-21T04:38:00Z", "data_pas": "2026-04-21", "satelite": "NOAA-21", "municipio": "ITAPETININGA", "estado": "SÃO PAULO", "pais": "Brasil", "precipitacao": null, "numero_dias_sem_chuva": null, "risco_fogo": null, "bioma": "Cerrado", "id_0": 33, "id_1": 35, "id_2": 3522307, "continente_id": 8, "vegetacao": null, "grade_wrs": "220_076", "frp": 1.1}, "bbox": [-47.99918, -23.64798, -47.99918, -23.64798]}, {"type": "Feature", "id": "focos_48h_br_todosats.fid--145fdae9_19db31250eb_400d", "geometry": {"type": "Point", "coordinates": [-48.72277, -21.37517]}, "geometry_name": "geometria", "properties": {"id_foco_bdq": 1814899454, "foco_id": "ef71d624-180c-35a6-8b5f-3a544a652036", "longitude": -48.72277, "latitude": -21.37517, "data_hora_gmt": "2026-04-21T04:38:00Z", "data_pas": "2026-04-21", "satelite": "NOAA-21", "municipio": "FERNANDO PRESTES", "estado": "SÃO PAULO", "pais": "Brasil", "precipitacao": null, "numero_dias_sem_chuva": null, "risco_fogo": null, "bioma": "Cerrado", "id_0": 33, "id_1": 35, "id_2": 3515608, "continente_id": 8, "vegetacao": null, "grade_wrs": "221_075", "frp": 0.9}, "bbox": [-48.72277, -21.37517, -48.72277, -21.37517]}, {"type": "Feature", "id": "focos_48h_br_todosats.fid--145fdae9_19db31250eb_400e", "geometry": {"type": "Point", "coordinates": [-48.43568, -23.03815]}, "geometry_name": "geometria", "properties": {"id_foco_bdq": 1814899539, "foco_id": "bfdc6c7b-0a0a-304b-b218-ea2c33f04098", "longitude": -48.43568, "latitude": -23.03815, "data_hora_gmt": "2026-04-21T04:38:00Z", "data_pas": "2026-04-21", "satelite": "NOAA-21", "municipio": "BOTUCATU", "estado": "SÃO PAULO", "pais": "Brasil", "precipitacao": null, "numero_dias_sem_chuva": null, "risco_fogo": null, "bioma": "Cerrado", "id_0": 33, "id_1": 35, "id_2": 3507506, "continente_id": 8, "vegetacao": null, "grade_wrs": "220_076", "frp": 0.7}, "bbox": [-48.43568, -23.03815, -48.43568, -23.03815]}, {"type": "Feature", "id": "focos_48h_br_todosats.fid--145fdae9_19db31250eb_4010", "geometry": {"type": "Point", "coordinates": [-45.01702, -19.84235]}, "geometry_name": "geometria", "properties": {"id_foco_bdq": 1814899673, "foco_id": "36b9c979-7637-3134-8ea5-ebeac2217877", "longitude": -45.01702, "latitude": -19.84235, "data_hora_gmt": "2026-04-21T04:38:00Z", "data_pas": "2026-04-21", "satelite": "NOAA-21", "municipio": "NOVA SERRANA", "estado": "MINAS GERAIS", "pais": "Brasil", "precipitacao": null, "numero_dias_sem_chuva": null, "risco_fogo": null, "bioma": "Cerrado", "id_0": 33, "id_1": 31, "id_2": 3145208, "continente_id": 8, "vegetacao": null, "grade_wrs": "219_074", "frp": 1.3}, "bbox": [-45.01702, -19.84235, -45.01702, -19.84235]}, {"type": "Feature", "id": "focos_48h_br_todosats.fid--145fdae9_19db31250eb_4011", "geometry": {"type": "Point", "coordinates": [-50.418, -25.64175]}, "geometry_name": "geometria", "properties": {"id_foco_bdq": 1814899842, "foco_id": "a42d360d-1794-3169-8028-fd8b6984cfe5", "longitude": -50.418, "latitude": -25.64175, "data_hora_gmt": "2026-04-21T04:38:00Z", "data_pas": "2026-04-21", "satelite": "NOAA-21", "municipio": "SÃO JOÃO DO TRIUNFO", "estado": "PARANÁ", "pais": "Brasil", "precipitacao": null, "numero_dias_sem_chuva": null, "risco_fogo": null, "bioma": "Mata Atlântica", "id_0": 33, "id_1": 41, "id_2": 4125100, "continente_id": 8, "vegetacao": null, "grade_wrs": "221_078", "frp": 1.8}, "bbox": [-50.418, -25.64175, -50.418, -25.64175]}, {"type": "Feature", "id": "focos_48h_br_todosats.fid--145fdae9_19db31250eb_4012", "geometry": {"type": "Point", "coordinates": [-47.48559, -22.49535]}, "geometry_name": "geometria", "properties": {"id_foco_bdq": 1814899850, "foco_id": "8ecb9c28-8f5b-3c2c-8394-356fc853b06c", "longitude": -47.48559, "latitude": -22.49535, "data_hora_gmt": "2026-04-21T04:38:00Z", "data_pas": "2026-04-21", "satelite": "NOAA-21", "municipio": "CORDEIRÓPOLIS", "estado": "SÃO PAULO", "pais": "Brasil", "precipitacao": null, "numero_dias_sem_chuva": null, "risco_fogo": null, "bioma": "Mata Atlântica", "id_0": 33, "id_1": 35, "id_2": 3512407, "continente_id": 8, "vegetacao": null, "grade_wrs": "220_076", "frp": 1.1}, "bbox": [-47.48559, -22.49535, -47.48559, -22.49535]}, {"type": "Feature", "id": "focos_48h_br_todosats.fid--145fdae9_19db31250eb_4014", "geometry": {"type": "Point", "coordinates": [-48.02655, -21.9573]}, "geometry_name": "geometria", "properties": {"id_foco_bdq": 1814899870, "foco_id": "d7668d82-7126-3fc8-bd27-e7e40bc58033", "longitude": -48.02655, "latitude": -21.9573, "data_hora_gmt": "2026-04-21T04:38:00Z", "data_pas": "2026-04-21", "satelite": "NOAA-21", "municipio": "IBATÉ", "estado": "SÃO PAULO", "pais": "Brasil", "precipitacao": null, "numero_dias_sem_chuva": null, "risco_fogo": null, "bioma": "Cerrado", "id_0": 33, "id_1": 35, "id_2": 3519303, "continente_id": 8, "vegetacao": null, "grade_wrs": "220_075", "frp": 7.1}, "bbox": [-48.02655, -21.9573, -48.02655, -21.9573]}, {"type": "Feature", "id": "focos_48h_br_todosats.fid--145fdae9_19db31250eb_4015", "geometry": {"type": "Point", "coordinates": [-48.02715, -21.96092]}, "geometry_name": "geometria", "properties": {"id_foco_bdq": 1814899924, "foco_id": "04a6366d-4c2f-3620-8019-5670eb028ffc", "longitude": -48.02715, "latitude": -21.96092, "data_hora_gmt": "2026-04-21T04:38:00Z", "data_pas": "2026-04-21", "satelite": "NOAA-21", "municipio": "IBATÉ", "estado": "SÃO PAULO", "pais": "Brasil", "precipitacao": null, "numero_dias_sem_chuva": null, "risco_fogo": null, "bioma": "Cerrado", "id_0": 33, "id_1": 35, "id_2": 3519303, "continente_id": 8, "vegetacao": null, "grade_wrs": "220_075", "frp": 3.9}, "bbox": [-48.02715, -21.96092, -48.02715, -21.96092]}, {"type": "Feature", "id": "focos_48h_br_todosats.fid--145fdae9_19db31250eb_4017", "geometry": {"type": "Point", "coordinates": [-48.55585, -21.04042]}, "geometry_name": "geometria", "properties": {"id_foco_bdq": 1814895899, "foco_id": "3694c4db-62ca-3378-8e73-5ad5a0e01c66", "longitude": -48.55585, "latitude": -21.04042, "data_hora_gmt": "2026-04-21T04:38:00Z", "data_pas": "2026-04-21", "satelite": "NOAA-21", "municipio": "BEBEDOURO", "estado": "SÃO PAULO", "pais": "Brasil", "precipitacao": null, "numero_dias_sem_chuva": null, "risco_fogo": null, "bioma": "Mata Atlântica", "id_0": 33, "id_1": 35, "id_2": 3506102, "continente_id": 8, "vegetacao": null, "grade_wrs": "221_075", "frp": 1.6}, "bbox": [-48.55585, -21.04042, -48.55585, -21.04042]}, {"type": "Feature", "id": "focos_48h_br_todosats.fid--145fdae9_19db31250eb_4019", "geometry": {"type": "Point", "coordinates": [-50.41393, -25.64233]}, "geometry_name": "geometria", "properties": {"id_foco_bdq": 1814896376, "foco_id": "6ce1c836-4c8b-3cf8-8a26-a0a2f15a4752", "longitude": -50.41393, "latitude": -25.64233, "data_hora_gmt": "2026-04-21T04:38:00Z", "data_pas": "2026-04-21", "satelite": "NOAA-21", "municipio": "SÃO JOÃO DO TRIUNFO", "estado": "PARANÁ", "pais": "Brasil", "precipitacao": null, "numero_dias_sem_chuva": null, "risco_fogo": null, "bioma": "Mata Atlântica", "id_0": 33, "id_1": 41, "id_2": 4125100, "continente_id": 8, "vegetacao": null, "grade_wrs": "221_078", "frp": 7.1}, "bbox": [-50.41393, -25.64233, -50.41393, -25.64233]}, {"type": "Feature", "id": "focos_48h_br_todosats.fid--145fdae9_19db31250eb_401a", "geometry": {"type": "Point", "coordinates": [-48.031, -21.95671]}, "geometry_name": "geometria", "properties": {"id_foco_bdq": 1814897060, "foco_id": "1a3b7c73-275c-3979-a3af-c330d1ec4ab1", "longitude": -48.031, "latitude": -21.95671, "data_hora_gmt": "2026-04-21T04:38:00Z", "data_pas": "2026-04-21", "satelite": "NOAA-21", "municipio": "IBATÉ", "estado": "SÃO PAULO", "pais": "Brasil", "precipitacao": null, "numero_dias_sem_chuva": null, "risco_fogo": null, "bioma": "Cerrado", "id_0": 33, "id_1": 35, "id_2": 3519303, "continente_id": 8, "vegetacao": null, "grade_wrs": "220_075", "frp": 7.1}, "bbox": [-48.031, -21.95671, -48.031, -21.95671]}, {"type": "Feature", "id": "focos_48h_br_todosats.fid--145fdae9_19db31250eb_401b", "geometry": {"type": "Point", "coordinates": [-48.03159, -21.96032]}, "geometry_name": "geometria", "properties": {"id_foco_bdq": 1814897282, "foco_id": "3273a468-b73c-3d48-8d24-be20279ed358", "longitude": -48.03159, "latitude": -21.96032, "data_hora_gmt": "2026-04-21T04:38:00Z", "data_pas": "2026-04-21", "satelite": "NOAA-21", "municipio": "IBATÉ", "estado": "SÃO PAULO", "pais": "Brasil", "precipitacao": null, "numero_dias_sem_chuva": null, "risco_fogo": null, "bioma": "Cerrado", "id_0": 33, "id_1": 35, "id_2": 3519303, "continente_id": 8, "vegetacao": null, "grade_wrs": "220_075", "frp": 3.9}, "bbox": [-48.03159, -21.96032, -48.03159, -21.96032]}, {"type": "Feature", "id": "focos_48h_br_todosats.fid--145fdae9_19db31250eb_401d", "geometry": {"type": "Point", "coordinates": [-50.22131, -27.95048]}, "geometry_name": "geometria", "properties": {"id_foco_bdq": 1814897544, "foco_id": "2c0a58e7-513b-3101-a711-867e496dbab6", "longitude": -50.22131, "latitude": -27.95048, "data_hora_gmt": "2026-04-21T04:40:00Z", "data_pas": "2026-04-21", "satelite": "NOAA-21", "municipio": "LAGES", "estado": "SANTA CATARINA", "pais": "Brasil", "precipitacao": null, "numero_dias_sem_chuva": null, "risco_fogo": null, "bioma": "Mata Atlântica", "id_0": 33, "id_1": 42, "id_2": 4209300, "continente_id": 8, "vegetacao": null, "grade_wrs": "221_079", "frp": 1.8}, "bbox": [-50.22131, -27.95048, -50.22131, -27.95048]}, {"type": "Feature", "id": "focos_48h_br_todosats.fid--145fdae9_19db31250eb_401e", "geometry": {"type": "Point", "coordinates": [-49.15657, -28.34848]}, "geometry_name": "geometria", "properties": {"id_foco_bdq": 1814897231, "foco_id": "e87cf611-1939-3ad2-b5f7-22ff85252ba0", "longitude": -49.15657, "latitude": -28.34848, "data_hora_gmt": "2026-04-21T04:40:00Z", "data_pas": "2026-04-21", "satelite": "NOAA-21", "municipio": "SÃO LUDGERO", "estado": "SANTA CATARINA", "pais": "Brasil", "precipitacao": null, "numero_dias_sem_chuva": null, "risco_fogo": null, "bioma": "Mata Atlântica", "id_0": 33, "id_1": 42, "id_2": 4217006, "continente_id": 8, "vegetacao": null, "grade_wrs": "220_080", "frp": 1.7}, "bbox": [-49.15657, -28.34848, -49.15657, -28.34848]}, {"type": "Feature", "id": "focos_48h_br_todosats.fid--145fdae9_19db31250eb_401f", "geometry": {"type": "Point", "coordinates": [-50.22559, -27.9499]}, "geometry_name": "geometria", "properties": {"id_foco_bdq": 1814898744, "foco_id": "bf3dac93-6d8a-3090-8ab5-470ecaf6ff8c", "longitude": -50.22559, "latitude": -27.9499, "data_hora_gmt": "2026-04-21T04:40:00Z", "data_pas": "2026-04-21", "satelite": "NOAA-21", "municipio": "LAGES", "estado": "SANTA CATARINA", "pais": "Brasil", "precipitacao": null, "numero_dias_sem_chuva": null, "risco_fogo": null, "bioma": "Mata Atlântica", "id_0": 33, "id_1": 42, "id_2": 4209300, "continente_id": 8, "vegetacao": null, "grade_wrs": "221_079", "frp": 1.8}, "bbox": [-50.22559, -27.9499, -50.22559, -27.9499]}, {"type": "Feature", "id": "focos_48h_br_todosats.fid--145fdae9_19db31250eb_4020", "geometry": {"type": "Point", "coordinates": [-48.44576, -27.44966]}, "geometry_name": "geometria", "properties": {"id_foco_bdq": 1814896220, "foco_id": "5bb96265-e27e-30a8-9850-787128236b49", "longitude": -48.44576, "latitude": -27.44966, "data_hora_gmt": "2026-04-21T04:40:00Z", "data_pas": "2026-04-21", "satelite": "NOAA-21", "municipio": "FLORIANÓPOLIS", "estado": "SANTA CATARINA", "pais": "Brasil", "precipitacao": null, "numero_dias_sem_chuva": null, "risco_fogo": null, "bioma": "Mata Atlântica", "id_0": 33, "id_1": 42, "id_2": 4205407, "continente_id": 8, "vegetacao": null, "grade_wrs": "220_079", "frp": 0.9}, "bbox": [-48.44576, -27.44966, -48.44576, -27.44966]}, {"type": "Feature", "id": "focos_48h_br_todosats.fid--145fdae9_19db31250eb_4022", "geometry": {"type": "Point", "coordinates": [-49.15793, -28.34736]}, "geometry_name": "geometria", "properties": {"id_foco_bdq": 1814899920, "foco_id": "a10d30bb-fa85-3e7a-aa50-003b11b7c940", "longitude": -49.15793, "latitude": -28.34736, "data_hora_gmt": "2026-04-21T04:40:00Z", "data_pas": "2026-04-21", "satelite": "NOAA-21", "municipio": "SÃO LUDGERO", "estado": "SANTA CATARINA", "pais": "Brasil", "precipitacao": null, "numero_dias_sem_chuva": null, "risco_fogo": null, "bioma": "Mata Atlântica", "id_0": 33, "id_1": 42, "id_2": 4217006, "continente_id": 8, "vegetacao": null, "grade_wrs": "220_080", "frp": 1.2}, "bbox": [-49.15793, -28.34736, -49.15793, -28.34736]}, {"type": "Feature", "id": "focos_48h_br_todosats.fid--145fdae9_19db31250eb_4023", "geometry": {"type": "Point", "coordinates": [-54.59238, -2.75133]}, "geometry_name": "geometria", "properties": {"id_foco_bdq": 1814901775, "foco_id": "e3dd6272-e87b-357a-aeab-1440d0dc7350", "longitude": -54.59238, "latitude": -2.75133, "data_hora_gmt": "2026-04-21T05:04:00Z", "data_pas": "2026-04-21", "satelite": "NPP-375D", "municipio": "MOJUÍ DOS CAMPOS", "estado": "PARÁ", "pais": "Brasil", "precipitacao": null, "numero_dias_sem_chuva": null, "risco_fogo": null, "bioma": "Amazônia", "id_0": 33, "id_1": 15, "id_2": 1504752, "continente_id": 8, "vegetacao": null, "grade_wrs": "227_062", "frp": 1.3}, "bbox": [-54.59238, -2.75133, -54.59238, -2.75133]}, {"type": "Feature", "id": "focos_48h_br_todosats.fid--145fdae9_19db31250eb_4024", "geometry": {"type": "Point", "coordinates": [-60.38073, 1.94622]}, "geometry_name": "geometria", "properties": {"id_foco_bdq": 1814902962, "foco_id": "10d41e61-d858-3300-bff8-1cbfe3e64096", "longitude": -60.38073, "latitude": 1.94622, "data_hora_gmt": "2026-04-21T05:04:00Z", "data_pas": "2026-04-21", "satelite": "NPP-375D", "municipio": "CANTÁ", "estado": "RORAIMA", "pais": "Brasil", "precipitacao": null, "numero_dias_sem_chuva": null, "risco_fogo": null, "bioma": "Amazônia", "id_0": 33, "id_1": 14, "id_2": 1400175, "continente_id": 8, "vegetacao": null, "grade_wrs": "232_059", "frp": 3.6}, "bbox": [-60.38073, 1.94622, -60.38073, 1.94622]}, {"type": "Feature", "id": "focos_48h_br_todosats.fid--145fdae9_19db31250eb_4026", "geometry": {"type": "Point", "coordinates": [-44.62446, -12.28006]}, "geometry_name": "geometria", "properties": {"id_foco_bdq": 1814902069, "foco_id": "bcdb8c16-9a74-3661-853f-1eef52138071", "longitude": -44.62446, "latitude": -12.28006, "data_hora_gmt": "2026-04-21T05:08:00Z", "data_pas": "2026-04-21", "satelite": "NPP-375D", "municipio": "CATOLÂNDIA", "estado": "BAHIA", "pais": "Brasil", "precipitacao": null, "numero_dias_sem_chuva": null, "risco_fogo": null, "bioma": "Cerrado", "id_0": 33, "id_1": 29, "id_2": 2907400, "continente_id": 8, "vegetacao": null, "grade_wrs": "219_069", "frp": 1.2}, "bbox": [-44.62446, -12.28006, -44.62446, -12.28006]}, {"type": "Feature", "id": "focos_48h_br_todosats.fid--145fdae9_19db31250eb_4027", "geometry": {"type": "Point", "coordinates": [-44.19515, -12.24456]}, "geometry_name": "geometria", "properties": {"id_foco_bdq": 1814902562, "foco_id": "98e08ebc-3172-3d2d-9da0-a5fca27ff5ad", "longitude": -44.19515, "latitude": -12.24456, "data_hora_gmt": "2026-04-21T05:08:00Z", "data_pas": "2026-04-21", "satelite": "NPP-375D", "municipio": "CRISTÓPOLIS", "estado": "BAHIA", "pais": "Brasil", "precipitacao": null, "numero_dias_sem_chuva": null, "risco_fogo": null, "bioma": "Cerrado", "id_0": 33, "id_1": 29, "id_2": 2909703, "continente_id": 8, "vegetacao": null, "grade_wrs": "219_068", "frp": 0.8}, "bbox": [-44.19515, -12.24456, -44.19515, -12.24456]}, {"type": "Feature", "id": "focos_48h_br_todosats.fid--145fdae9_19db31250eb_4028", "geometry": {"type": "Point", "coordinates": [-46.83468, -17.16662]}, "geometry_name": "geometria", "properties": {"id_foco_bdq": 1814900522, "foco_id": "867b47fe-0458-398d-b5e2-2d4809afa964", "longitude": -46.83468, "latitude": -17.16662, "data_hora_gmt": "2026-04-21T05:08:00Z", "data_pas": "2026-04-21", "satelite": "NPP-375D", "municipio": "PARACATU", "estado": "MINAS GERAIS", "pais": "Brasil", "precipitacao": null, "numero_dias_sem_chuva": null, "risco_fogo": null, "bioma": "Cerrado", "id_0": 33, "id_1": 31, "id_2": 3147006, "continente_id": 8, "vegetacao": null, "grade_wrs": "220_072", "frp": 3.7}, "bbox": [-46.83468, -17.16662, -46.83468, -17.16662]}, {"type": "Feature", "id": "focos_48h_br_todosats.fid--145fdae9_19db31250eb_4029", "geometry": {"type": "Point", "coordinates": [-45.33991, -13.95382]}, "geometry_name": "geometria", "properties": {"id_foco_bdq": 1814900937, "foco_id": "1196696c-6804-38e0-974c-293547d4c766", "longitude": -45.33991, "latitude": -13.95382, "data_hora_gmt": "2026-04-21T05:08:00Z", "data_pas": "2026-04-21", "satelite": "NPP-375D", "municipio": "JABORANDI", "estado": "BAHIA", "pais": "Brasil", "precipitacao": null, "numero_dias_sem_chuva": null, "risco_fogo": null, "bioma": "Cerrado", "id_0": 33, "id_1": 29, "id_2": 2917359, "continente_id": 8, "vegetacao": null, "grade_wrs": "220_070", "frp": 3.3}, "bbox": [-45.33991, -13.95382, -45.33991, -13.95382]}, {"type": "Feature", "id": "focos_48h_br_todosats.fid--145fdae9_19db31250eb_402a", "geometry": {"type": "Point", "coordinates": [-45.34414, -13.95333]}, "geometry_name": "geometria", "properties": {"id_foco_bdq": 1814901162, "foco_id": "384b372d-312d-3d4e-bb33-feccf2e4be89", "longitude": -45.34414, "latitude": -13.95333, "data_hora_gmt": "2026-04-21T05:08:00Z", "data_pas": "2026-04-21", "satelite": "NPP-375D", "municipio": "JABORANDI", "estado": "BAHIA", "pais": "Brasil", "precipitacao": null, "numero_dias_sem_chuva": null, "risco_fogo": null, "bioma": "Cerrado", "id_0": 33, "id_1": 29, "id_2": 2917359, "continente_id": 8, "vegetacao": null, "grade_wrs": "220_070", "frp": 2.3}, "bbox": [-45.34414, -13.95333, -45.34414, -13.95333]}, {"type": "Feature", "id": "focos_48h_br_todosats.fid--145fdae9_19db31250eb_402b", "geometry": {"type": "Point", "coordinates": [-44.62107, -12.28171]}, "geometry_name": "geometria", "properties": {"id_foco_bdq": 1814902842, "foco_id": "947713b6-38db-3a8c-b83a-959924e71e0c", "longitude": -44.62107, "latitude": -12.28171, "data_hora_gmt": "2026-04-21T05:08:00Z", "data_pas": "2026-04-21", "satelite": "NPP-375D", "municipio": "CATOLÂNDIA", "estado": "BAHIA", "pais": "Brasil", "precipitacao": null, "numero_dias_sem_chuva": null, "risco_fogo": null, "bioma": "Cerrado", "id_0": 33, "id_1": 29, "id_2": 2907400, "continente_id": 8, "vegetacao": null, "grade_wrs": "219_069", "frp": 1.7}, "bbox": [-44.62107, -12.28171, -44.62107, -12.28171]}, {"type": "Feature", "id": "focos_48h_br_todosats.fid--145fdae9_19db31250eb_402c", "geometry": {"type": "Point", "coordinates": [-47.77346, -11.99626]}, "geometry_name": "geometria", "properties": {"id_foco_bdq": 1814903458, "foco_id": "c7a0e0f9-0d26-3b3b-8d45-08fabb2192f0", "longitude": -47.77346, "latitude": -11.99626, "data_hora_gmt": "2026-04-21T05:08:00Z", "data_pas": "2026-04-21", "satelite": "NPP-375D", "municipio": "NATIVIDADE", "estado": "TOCANTINS", "pais": "Brasil", "precipitacao": null, "numero_dias_sem_chuva": null, "risco_fogo": null, "bioma": "Cerrado", "id_0": 33, "id_1": 17, "id_2": 1714203, "continente_id": 8, "vegetacao": null, "grade_wrs": "221_068", "frp": 1.3}, "bbox": [-47.77346, -11.99626, -47.77346, -11.99626]}, {"type": "Feature", "id": "focos_48h_br_todosats.fid--145fdae9_19db31250eb_402e", "geometry": {"type": "Point", "coordinates": [-44.61993, -12.28062]}, "geometry_name": "geometria", "properties": {"id_foco_bdq": 1814903606, "foco_id": "b6013e8e-d9a4-3047-9625-8c9e4b9fb711", "longitude": -44.61993, "latitude": -12.28062, "data_hora_gmt": "2026-04-21T05:08:00Z", "data_pas": "2026-04-21", "satelite": "NPP-375D", "municipio": "CATOLÂNDIA", "estado": "BAHIA", "pais": "Brasil", "precipitacao": null, "numero_dias_sem_chuva": null, "risco_fogo": null, "bioma": "Cerrado", "id_0": 33, "id_1": 29, "id_2": 2907400, "continente_id": 8, "vegetacao": null, "grade_wrs": "219_069", "frp": 1.1}, "bbox": [-44.61993, -12.28062, -44.61993, -12.28062]}, {"type": "Feature", "id": "focos_48h_br_todosats.fid--145fdae9_19db31250eb_402f", "geometry": {"type": "Point", "coordinates": [-44.19469, -12.23834]}, "geometry_name": "geometria", "properties": {"id_foco_bdq": 1814904033, "foco_id": "cae165b1-ea7d-302f-8f10-2a884a6a096d", "longitude": -44.19469, "latitude": -12.23834, "data_hora_gmt": "2026-04-21T05:08:00Z", "data_pas": "2026-04-21", "satelite": "NPP-375D", "municipio": "CRISTÓPOLIS", "estado": "BAHIA", "pais": "Brasil", "precipitacao": null, "numero_dias_sem_chuva": null, "risco_fogo": null, "bioma": "Cerrado", "id_0": 33, "id_1": 29, "id_2": 2909703, "continente_id": 8, "vegetacao": null, "grade_wrs": "219_068", "frp": 1.9}, "bbox": [-44.19469, -12.23834, -44.19469, -12.23834]}, {"type": "Feature", "id": "focos_48h_br_todosats.fid--145fdae9_19db31250eb_4030", "geometry": {"type": "Point", "coordinates": [-47.7765, -11.99887]}, "geometry_name": "geometria", "properties": {"id_foco_bdq": 1814903412, "foco_id": "9f4a5cf4-3919-3f32-a5f3-2570b554c6c3", "longitude": -47.7765, "latitude": -11.99887, "data_hora_gmt": "2026-04-21T05:08:00Z", "data_pas": "2026-04-21", "satelite": "NPP-375D", "municipio": "NATIVIDADE", "estado": "TOCANTINS", "pais": "Brasil", "precipitacao": null, "numero_dias_sem_chuva": null, "risco_fogo": null, "bioma": "Cerrado", "id_0": 33, "id_1": 17, "id_2": 1714203, "continente_id": 8, "vegetacao": null, "grade_wrs": "221_068", "frp": 1.5}, "bbox": [-47.7765, -11.99887, -47.7765, -11.99887]}, {"type": "Feature", "id": "focos_48h_br_todosats.fid--145fdae9_19db31250eb_4032", "geometry": {"type": "Point", "coordinates": [-48.7237, -21.37133]}, "geometry_name": "geometria", "properties": {"id_foco_bdq": 1814903270, "foco_id": "35b81ada-84e3-35c9-b0bf-f189ce07f86f", "longitude": -48.7237, "latitude": -21.37133, "data_hora_gmt": "2026-04-21T05:10:00Z", "data_pas": "2026-04-21", "satelite": "NPP-375D", "municipio": "FERNANDO PRESTES", "estado": "SÃO PAULO", "pais": "Brasil", "precipitacao": null, "numero_dias_sem_chuva": null, "risco_fogo": null, "bioma": "Cerrado", "id_0": 33, "id_1": 35, "id_2": 3515608, "continente_id": 8, "vegetacao": null, "grade_wrs": "221_075", "frp": 1.3}, "bbox": [-48.7237, -21.37133, -48.7237, -21.37133]}, {"type": "Feature", "id": "focos_48h_br_todosats.fid--145fdae9_19db31250eb_4033", "geometry": {"type": "Point", "coordinates": [-60.32778, 1.2852]}, "geometry_name": "geometria", "properties": {"id_foco_bdq": 1814902048, "foco_id": "3dc4c839-f4bc-3e4b-9cff-0a98746e42ee", "longitude": -60.32778, "latitude": 1.2852, "data_hora_gmt": "2026-04-21T05:25:00Z", "data_pas": "2026-04-21", "satelite": "NOAA-20", "municipio": "CARACARAÍ", "estado": "RORAIMA", "pais": "Brasil", "precipitacao": null, "numero_dias_sem_chuva": null, "risco_fogo": null, "bioma": "Amazônia", "id_0": 33, "id_1": 14, "id_2": 1400209, "continente_id": 8, "vegetacao": null, "grade_wrs": "231_059", "frp": 0.9}, "bbox": [-60.32778, 1.2852, -60.32778, 1.2852]}, {"type": "Feature", "id": "focos_48h_br_todosats.fid--145fdae9_19db31250eb_4034", "geometry": {"type": "Point", "coordinates": [-60.32779, 1.28378]}, "geometry_name": "geometria", "properties": {"id_foco_bdq": 1814901963, "foco_id": "66e21ec5-eb13-3385-be26-bdaf218f37af", "longitude": -60.32779, "latitude": 1.28378, "data_hora_gmt": "2026-04-21T05:25:00Z", "data_pas": "2026-04-21", "satelite": "NOAA-20", "municipio": "CARACARAÍ", "estado": "RORAIMA", "pais": "Brasil", "precipitacao": null, "numero_dias_sem_chuva": null, "risco_fogo": null, "bioma": "Amazônia", "id_0": 33, "id_1": 14, "id_2": 1400209, "continente_id": 8, "vegetacao": null, "grade_wrs": "231_059", "frp": 1.6}, "bbox": [-60.32779, 1.28378, -60.32779, 1.28378]}, {"type": "Feature", "id": "focos_48h_br_todosats.fid--145fdae9_19db31250eb_4037", "geometry": {"type": "Point", "coordinates": [-60.30045, 2.57707]}, "geometry_name": "geometria", "properties": {"id_foco_bdq": 1814903148, "foco_id": "66bbc4fe-cde8-3fbd-8caf-06dcdd1ebd36", "longitude": -60.30045, "latitude": 2.57707, "data_hora_gmt": "2026-04-21T05:25:00Z", "data_pas": "2026-04-21", "satelite": "NOAA-20", "municipio": "CANTÁ", "estado": "RORAIMA", "pais": "Brasil", "precipitacao": null, "numero_dias_sem_chuva": null, "risco_fogo": null, "bioma": "Amazônia", "id_0": 33, "id_1": 14, "id_2": 1400175, "continente_id": 8, "vegetacao": null, "grade_wrs": "232_058", "frp": 0.8}, "bbox": [-60.30045, 2.57707, -60.30045, 2.57707]}, {"type": "Feature", "id": "focos_48h_br_todosats.fid--145fdae9_19db31250eb_4038", "geometry": {"type": "Point", "coordinates": [-60.37821, 1.94838]}, "geometry_name": "geometria", "properties": {"id_foco_bdq": 1814901645, "foco_id": "69238a1f-0ee1-30ab-8a4c-24cdef7e017e", "longitude": -60.37821, "latitude": 1.94838, "data_hora_gmt": "2026-04-21T05:25:00Z", "data_pas": "2026-04-21", "satelite": "NOAA-20", "municipio": "CANTÁ", "estado": "RORAIMA", "pais": "Brasil", "precipitacao": null, "numero_dias_sem_chuva": null, "risco_fogo": null, "bioma": "Amazônia", "id_0": 33, "id_1": 14, "id_2": 1400175, "continente_id": 8, "vegetacao": null, "grade_wrs": "232_059", "frp": 2.5}, "bbox": [-60.37821, 1.94838, -60.37821, 1.94838]}, {"type": "Feature", "id": "focos_48h_br_todosats.fid--145fdae9_19db31250eb_403a", "geometry": {"type": "Point", "coordinates": [-59.86976, -9.06471]}, "geometry_name": "geometria", "properties": {"id_foco_bdq": 1814902666, "foco_id": "63de3cff-62a5-3238-85e2-930847fbda8f", "longitude": -59.86976, "latitude": -9.06471, "data_hora_gmt": "2026-04-21T05:25:00Z", "data_pas": "2026-04-21", "satelite": "NOAA-20", "municipio": "COLNIZA", "estado": "MATO GROSSO", "pais": "Brasil", "precipitacao": null, "numero_dias_sem_chuva": null, "risco_fogo": null, "bioma": "Amazônia", "id_0": 33, "id_1": 51, "id_2": 5103254, "continente_id": 8, "vegetacao": null, "grade_wrs": "230_066", "frp": 0.9}, "bbox": [-59.86976, -9.06471, -59.86976, -9.06471]}, {"type": "Feature", "id": "focos_48h_br_todosats.fid--145fdae9_19db31250eb_403b", "geometry": {"type": "Point", "coordinates": [-60.32419, 1.28464]}, "geometry_name": "geometria", "properties": {"id_foco_bdq": 1814901630, "foco_id": "f01e0136-aa57-392f-807f-fcdf3420ffc6", "longitude": -60.32419, "latitude": 1.28464, "data_hora_gmt": "2026-04-21T05:25:00Z", "data_pas": "2026-04-21", "satelite": "NOAA-20", "municipio": "CARACARAÍ", "estado": "RORAIMA", "pais": "Brasil", "precipitacao": null, "numero_dias_sem_chuva": null, "risco_fogo": null, "bioma": "Amazônia", "id_0": 33, "id_1": 14, "id_2": 1400209, "continente_id": 8, "vegetacao": null, "grade_wrs": "231_059", "frp": 0.9}, "bbox": [-60.32419, 1.28464, -60.32419, 1.28464]}, {"type": "Feature", "id": "focos_48h_br_todosats.fid--145fdae9_19db31250eb_403d", "geometry": {"type": "Point", "coordinates": [-60.37769, 1.95178]}, "geometry_name": "geometria", "properties": {"id_foco_bdq": 1814903539, "foco_id": "b884cf66-31d1-3037-8be5-bf85d68e26bc", "longitude": -60.37769, "latitude": 1.95178, "data_hora_gmt": "2026-04-21T05:25:00Z", "data_pas": "2026-04-21", "satelite": "NOAA-20", "municipio": "CANTÁ", "estado": "RORAIMA", "pais": "Brasil", "precipitacao": null, "numero_dias_sem_chuva": null, "risco_fogo": null, "bioma": "Amazônia", "id_0": 33, "id_1": 14, "id_2": 1400175, "continente_id": 8, "vegetacao": null, "grade_wrs": "232_059", "frp": 0.3}, "bbox": [-60.37769, 1.95178, -60.37769, 1.95178]}, {"type": "Feature", "id": "focos_48h_br_todosats.fid--145fdae9_19db31250eb_403e", "geometry": {"type": "Point", "coordinates": [-54.92481, -16.41932]}, "geometry_name": "geometria", "properties": {"id_foco_bdq": 1814902887, "foco_id": "3f60967d-6a4c-3023-a1a2-b2547427a9b9", "longitude": -54.92481, "latitude": -16.41932, "data_hora_gmt": "2026-04-21T05:27:00Z", "data_pas": "2026-04-21", "satelite": "NOAA-20", "municipio": "RONDONÓPOLIS", "estado": "MATO GROSSO", "pais": "Brasil", "precipitacao": null, "numero_dias_sem_chuva": null, "risco_fogo": null, "bioma": "Cerrado", "id_0": 33, "id_1": 51, "id_2": 5107602, "continente_id": 8, "vegetacao": null, "grade_wrs": "225_071", "frp": 1.1}, "bbox": [-54.92481, -16.41932, -54.92481, -16.41932]}, {"type": "Feature", "id": "focos_48h_br_todosats.fid--145fdae9_19db31250eb_403f", "geometry": {"type": "Point", "coordinates": [-45.34749, -13.96296]}, "geometry_name": "geometria", "properties": {"id_foco_bdq": 1814952085, "foco_id": "f9347c56-20f0-3cef-abcb-a546c9bdf3c2", "longitude": -45.34749, "latitude": -13.96296, "data_hora_gmt": "2026-04-21T11:23:00Z", "data_pas": "2026-04-21", "satelite": "TERRA_M-M", "municipio": "JABORANDI", "estado": "BAHIA", "pais": "Brasil", "precipitacao": null, "numero_dias_sem_chuva": null, "risco_fogo": null, "bioma": "Cerrado", "id_0": 33, "id_1": 29, "id_2": 2917359, "continente_id": 8, "vegetacao": null, "grade_wrs": "220_070", "frp": 15.6}, "bbox": [-45.34749, -13.96296, -45.34749, -13.96296]}, {"type": "Feature", "id": "focos_48h_br_todosats.fid--145fdae9_19db31250eb_4040", "geometry": {"type": "Point", "coordinates": [-42.60499, -13.35722]}, "geometry_name": "geometria", "properties": {"id_foco_bdq": 1814950682, "foco_id": "bed75b52-f62d-3d5f-8045-94f4542b99be", "longitude": -42.60499, "latitude": -13.35722, "data_hora_gmt": "2026-04-21T11:23:00Z", "data_pas": "2026-04-21", "satelite": "TERRA_M-M", "municipio": "BOTUPORÃ", "estado": "BAHIA", "pais": "Brasil", "precipitacao": null, "numero_dias_sem_chuva": null, "risco_fogo": null, "bioma": "Caatinga", "id_0": 33, "id_1": 29, "id_2": 2904209, "continente_id": 8, "vegetacao": null, "grade_wrs": "218_069", "frp": 7.6}, "bbox": [-42.60499, -13.35722, -42.60499, -13.35722]}, {"type": "Feature", "id": "focos_48h_br_todosats.fid--145fdae9_19db31250eb_4042", "geometry": {"type": "Point", "coordinates": [-39.17502, -11.8338]}, "geometry_name": "geometria", "properties": {"id_foco_bdq": 1814950786, "foco_id": "4def4b8a-af3f-3faa-879b-19d904ff24bf", "longitude": -39.17502, "latitude": -11.8338, "data_hora_gmt": "2026-04-21T11:23:00Z", "data_pas": "2026-04-21", "satelite": "TERRA_M-M", "municipio": "CANDEAL", "estado": "BAHIA", "pais": "Brasil", "precipitacao": null, "numero_dias_sem_chuva": null, "risco_fogo": null, "bioma": "Caatinga", "id_0": 33, "id_1": 29, "id_2": 2906402, "continente_id": 8, "vegetacao": null, "grade_wrs": "216_068", "frp": 16.2}, "bbox": [-39.17502, -11.8338, -39.17502, -11.8338]}, {"type": "Feature", "id": "focos_48h_br_todosats.fid--145fdae9_19db31250eb_4043", "geometry": {"type": "Point", "coordinates": [-39.34305, -12.5834]}, "geometry_name": "geometria", "properties": {"id_foco_bdq": 1814951213, "foco_id": "f4f82640-4015-3e41-a64e-8a47bb4ddcd8", "longitude": -39.34305, "latitude": -12.5834, "data_hora_gmt": "2026-04-21T11:23:00Z", "data_pas": "2026-04-21", "satelite": "TERRA_M-M", "municipio": "CASTRO ALVES", "estado": "BAHIA", "pais": "Brasil", "precipitacao": null, "numero_dias_sem_chuva": null, "risco_fogo": null, "bioma": "Mata Atlântica", "id_0": 33, "id_1": 29, "id_2": 2907301, "continente_id": 8, "vegetacao": null, "grade_wrs": "216_069", "frp": 4.4}, "bbox": [-39.34305, -12.5834, -39.34305, -12.5834]}, {"type": "Feature", "id": "focos_48h_br_todosats.fid--145fdae9_19db31250eb_4045", "geometry": {"type": "Point", "coordinates": [-39.34304, -12.5834]}, "geometry_name": "geometria", "properties": {"id_foco_bdq": 1814951305, "foco_id": "0e22d26a-c014-33d0-8f51-6eb2bafced8a", "longitude": -39.34304, "latitude": -12.5834, "data_hora_gmt": "2026-04-21T11:23:00Z", "data_pas": "2026-04-21", "satelite": "TERRA_M-M", "municipio": "CASTRO ALVES", "estado": "BAHIA", "pais": "Brasil", "precipitacao": null, "numero_dias_sem_chuva": null, "risco_fogo": null, "bioma": "Mata Atlântica", "id_0": 33, "id_1": 29, "id_2": 2907301, "continente_id": 8, "vegetacao": null, "grade_wrs": "216_069", "frp": 4.4}, "bbox": [-39.34304, -12.5834, -39.34304, -12.5834]}, {"type": "Feature", "id": "focos_48h_br_todosats.fid--145fdae9_19db31250eb_4046", "geometry": {"type": "Point", "coordinates": [-42.60498, -13.35722]}, "geometry_name": "geometria", "properties": {"id_foco_bdq": 1814951754, "foco_id": "8d2fc3e7-b535-3120-8c51-edc869b9b24a", "longitude": -42.60498, "latitude": -13.35722, "data_hora_gmt": "2026-04-21T11:23:00Z", "data_pas": "2026-04-21", "satelite": "TERRA_M-M", "municipio": "BOTUPORÃ", "estado": "BAHIA", "pais": "Brasil", "precipitacao": null, "numero_dias_sem_chuva": null, "risco_fogo": null, "bioma": "Caatinga", "id_0": 33, "id_1": 29, "id_2": 2904209, "continente_id": 8, "vegetacao": null, "grade_wrs": "218_069", "frp": 7.6}, "bbox": [-42.60498, -13.35722, -42.60498, -13.35722]}, {"type": "Feature", "id": "focos_48h_br_todosats.fid--145fdae9_19db31250eb_4048", "geometry": {"type": "Point", "coordinates": [-39.17503, -11.83379]}, "geometry_name": "geometria", "properties": {"id_foco_bdq": 1814951880, "foco_id": "db12a7a3-dad4-319d-8979-3730d7a4adb3", "longitude": -39.17503, "latitude": -11.83379, "data_hora_gmt": "2026-04-21T11:23:00Z", "data_pas": "2026-04-21", "satelite": "TERRA_M-M", "municipio": "CANDEAL", "estado": "BAHIA", "pais": "Brasil", "precipitacao": null, "numero_dias_sem_chuva": null, "risco_fogo": null, "bioma": "Caatinga", "id_0": 33, "id_1": 29, "id_2": 2906402, "continente_id": 8, "vegetacao": null, "grade_wrs": "216_068", "frp": 16.2}, "bbox": [-39.17503, -11.83379, -39.17503, -11.83379]}, {"type": "Feature", "id": "focos_48h_br_todosats.fid--145fdae9_19db31250eb_4049", "geometry": {"type": "Point", "coordinates": [-45.34748, -13.96297]}, "geometry_name": "geometria", "properties": {"id_foco_bdq": 1814952366, "foco_id": "8b584c9b-1be3-3780-892e-9ac503c49c17", "longitude": -45.34748, "latitude": -13.96297, "data_hora_gmt": "2026-04-21T11:23:00Z", "data_pas": "2026-04-21", "satelite": "TERRA_M-M", "municipio": "JABORANDI", "estado": "BAHIA", "pais": "Brasil", "precipitacao": null, "numero_dias_sem_chuva": null, "risco_fogo": null, "bioma": "Cerrado", "id_0": 33, "id_1": 29, "id_2": 2917359, "continente_id": 8, "vegetacao": null, "grade_wrs": "220_070", "frp": 15.6}, "bbox": [-45.34748, -13.96297, -45.34748, -13.96297]}, {"type": "Feature", "id": "focos_48h_br_todosats.fid--145fdae9_19db31250eb_404a", "geometry": {"type": "Point", "coordinates": [-40.24512, -18.64827]}, "geometry_name": "geometria", "properties": {"id_foco_bdq": 1814951525, "foco_id": "11c1c795-d6ee-35e8-9830-d07051fe98da", "longitude": -40.24512, "latitude": -18.64827, "data_hora_gmt": "2026-04-21T11:25:00Z", "data_pas": "2026-04-21", "satelite": "TERRA_M-M", "municipio": "SÃO MATEUS", "estado": "ESPÍRITO SANTO", "pais": "Brasil", "precipitacao": null, "numero_dias_sem_chuva": null, "risco_fogo": null, "bioma": "Mata Atlântica", "id_0": 33, "id_1": 32, "id_2": 3204906, "continente_id": 8, "vegetacao": null, "grade_wrs": "216_073", "frp": 11.7}, "bbox": [-40.24512, -18.64827, -40.24512, -18.64827]}, {"type": "Feature", "id": "focos_48h_br_todosats.fid--145fdae9_19db31250eb_404b", "geometry": {"type": "Point", "coordinates": [-40.24646, -18.65713]}, "geometry_name": "geometria", "properties": {"id_foco_bdq": 1814952426, "foco_id": "e1353b91-e9ec-35cb-9c14-60468ef6ec25", "longitude": -40.24646, "latitude": -18.65713, "data_hora_gmt": "2026-04-21T11:25:00Z", "data_pas": "2026-04-21", "satelite": "TERRA_M-M", "municipio": "SÃO MATEUS", "estado": "ESPÍRITO SANTO", "pais": "Brasil", "precipitacao": null, "numero_dias_sem_chuva": null, "risco_fogo": null, "bioma": "Mata Atlântica", "id_0": 33, "id_1": 32, "id_2": 3204906, "continente_id": 8, "vegetacao": null, "grade_wrs": "216_073", "frp": 3.6}, "bbox": [-40.24646, -18.65713, -40.24646, -18.65713]}, {"type": "Feature", "id": "focos_48h_br_todosats.fid--145fdae9_19db31250eb_404c", "geometry": {"type": "Point", "coordinates": [-40.24648, -18.65712]}, "geometry_name": "geometria", "properties": {"id_foco_bdq": 1814951184, "foco_id": "f19ae9d0-d39c-39bd-be91-36397ba85d83", "longitude": -40.24648, "latitude": -18.65712, "data_hora_gmt": "2026-04-21T11:25:00Z", "data_pas": "2026-04-21", "satelite": "TERRA_M-M", "municipio": "SÃO MATEUS", "estado": "ESPÍRITO SANTO", "pais": "Brasil", "precipitacao": null, "numero_dias_sem_chuva": null, "risco_fogo": null, "bioma": "Mata Atlântica", "id_0": 33, "id_1": 32, "id_2": 3204906, "continente_id": 8, "vegetacao": null, "grade_wrs": "216_073", "frp": 3.6}, "bbox": [-40.24648, -18.65712, -40.24648, -18.65712]}, {"type": "Feature", "id": "focos_48h_br_todosats.fid--145fdae9_19db31250eb_404d", "geometry": {"type": "Point", "coordinates": [-40.24511, -18.64827]}, "geometry_name": "geometria", "properties": {"id_foco_bdq": 1814950530, "foco_id": "3908aa89-9988-32e9-812d-fc1756a85714", "longitude": -40.24511, "latitude": -18.64827, "data_hora_gmt": "2026-04-21T11:25:00Z", "data_pas": "2026-04-21", "satelite": "TERRA_M-M", "municipio": "SÃO MATEUS", "estado": "ESPÍRITO SANTO", "pais": "Brasil", "precipitacao": null, "numero_dias_sem_chuva": null, "risco_fogo": null, "bioma": "Mata Atlântica", "id_0": 33, "id_1": 32, "id_2": 3204906, "continente_id": 8, "vegetacao": null, "grade_wrs": "216_073", "frp": 11.7}, "bbox": [-40.24511, -18.64827, -40.24511, -18.64827]}, {"type": "Feature", "id": "focos_48h_br_todosats.fid--145fdae9_19db31250eb_404e", "geometry": {"type": "Point", "coordinates": [-45.3417, -13.9564]}, "geometry_name": "geometria", "properties": {"id_foco_bdq": 1814963940, "foco_id": "7e4f8d8c-a428-3c8a-9c82-a1e683cff121", "longitude": -45.3417, "latitude": -13.9564, "data_hora_gmt": "2026-04-21T15:20:00Z", "data_pas": "2026-04-21", "satelite": "GOES-19", "municipio": "JABORANDI", "estado": "BAHIA", "pais": "Brasil", "precipitacao": null, "numero_dias_sem_chuva": null, "risco_fogo": null, "bioma": "Cerrado", "id_0": 33, "id_1": 29, "id_2": 2917359, "continente_id": 8, "vegetacao": null, "grade_wrs": "220_070", "frp": 71.4}, "bbox": [-45.3417, -13.9564, -45.3417, -13.9564]}, {"type": "Feature", "id": "focos_48h_br_todosats.fid--145fdae9_19db31250eb_4050", "geometry": {"type": "Point", "coordinates": [-40.40396, -19.29116]}, "geometry_name": "geometria", "properties": {"id_foco_bdq": 1814978718, "foco_id": "b3d2ae1e-0ce4-39d9-b077-5fa1c46bf4c6", "longitude": -40.40396, "latitude": -19.29116, "data_hora_gmt": "2026-04-21T15:26:00Z", "data_pas": "2026-04-21", "satelite": "NOAA-21", "municipio": "RIO BANANAL", "estado": "ESPÍRITO SANTO", "pais": "Brasil", "precipitacao": null, "numero_dias_sem_chuva": null, "risco_fogo": null, "bioma": "Mata Atlântica", "id_0": 33, "id_1": 32, "id_2": 3204351, "continente_id": 8, "vegetacao": null, "grade_wrs": "216_073", "frp": 5.8}, "bbox": [-40.40396, -19.29116, -40.40396, -19.29116]}, {"type": "Feature", "id": "focos_48h_br_todosats.fid--145fdae9_19db31250eb_4051", "geometry": {"type": "Point", "coordinates": [-40.40519, -19.28975]}, "geometry_name": "geometria", "properties": {"id_foco_bdq": 1814979114, "foco_id": "e6ce3624-cbe2-3a46-acfd-a6152ad6ea4c", "longitude": -40.40519, "latitude": -19.28975, "data_hora_gmt": "2026-04-21T15:26:00Z", "data_pas": "2026-04-21", "satelite": "NOAA-21", "municipio": "RIO BANANAL", "estado": "ESPÍRITO SANTO", "pais": "Brasil", "precipitacao": null, "numero_dias_sem_chuva": null, "risco_fogo": null, "bioma": "Mata Atlântica", "id_0": 33, "id_1": 32, "id_2": 3204351, "continente_id": 8, "vegetacao": null, "grade_wrs": "216_073", "frp": 8.6}, "bbox": [-40.40519, -19.28975, -40.40519, -19.28975]}, {"type": "Feature", "id": "focos_48h_br_todosats.fid--145fdae9_19db31250eb_4053", "geometry": {"type": "Point", "coordinates": [-39.95553, -13.66494]}, "geometry_name": "geometria", "properties": {"id_foco_bdq": 1814979068, "foco_id": "9413baf5-d66f-3e79-aac7-39217feb3abe", "longitude": -39.95553, "latitude": -13.66494, "data_hora_gmt": "2026-04-21T15:29:00Z", "data_pas": "2026-04-21", "satelite": "NOAA-21", "municipio": "JAGUAQUARA", "estado": "BAHIA", "pais": "Brasil", "precipitacao": null, "numero_dias_sem_chuva": null, "risco_fogo": null, "bioma": "Mata Atlântica", "id_0": 33, "id_1": 29, "id_2": 2917607, "continente_id": 8, "vegetacao": null, "grade_wrs": "216_069", "frp": 12.7}, "bbox": [-39.95553, -13.66494, -39.95553, -13.66494]}, {"type": "Feature", "id": "focos_48h_br_todosats.fid--145fdae9_19db31250eb_4054", "geometry": {"type": "Point", "coordinates": [-39.42343, -14.4341]}, "geometry_name": "geometria", "properties": {"id_foco_bdq": 1814977935, "foco_id": "669fca15-c4d5-351b-8a35-f01d221843aa", "longitude": -39.42343, "latitude": -14.4341, "data_hora_gmt": "2026-04-21T15:29:00Z", "data_pas": "2026-04-21", "satelite": "NOAA-21", "municipio": "AURELINO LEAL", "estado": "BAHIA", "pais": "Brasil", "precipitacao": null, "numero_dias_sem_chuva": null, "risco_fogo": null, "bioma": "Mata Atlântica", "id_0": 33, "id_1": 29, "id_2": 2902401, "continente_id": 8, "vegetacao": null, "grade_wrs": "216_070", "frp": 9.9}, "bbox": [-39.42343, -14.4341, -39.42343, -14.4341]}, {"type": "Feature", "id": "focos_48h_br_todosats.fid--145fdae9_19db31250eb_4056", "geometry": {"type": "Point", "coordinates": [-40.85903, -12.12869]}, "geometry_name": "geometria", "properties": {"id_foco_bdq": 1814978662, "foco_id": "6b5090a5-c3a4-3d52-b5ca-24f4c446fd40", "longitude": -40.85903, "latitude": -12.12869, "data_hora_gmt": "2026-04-21T15:29:00Z", "data_pas": "2026-04-21", "satelite": "NOAA-21", "municipio": "RUY BARBOSA", "estado": "BAHIA", "pais": "Brasil", "precipitacao": null, "numero_dias_sem_chuva": null, "risco_fogo": null, "bioma": "Caatinga", "id_0": 33, "id_1": 29, "id_2": 2927200, "continente_id": 8, "vegetacao": null, "grade_wrs": "217_068", "frp": 12.2}, "bbox": [-40.85903, -12.12869, -40.85903, -12.12869]}, {"type": "Feature", "id": "focos_48h_br_todosats.fid--145fdae9_19db31250eb_4058", "geometry": {"type": "Point", "coordinates": [-40.34147, -12.04094]}, "geometry_name": "geometria", "properties": {"id_foco_bdq": 1814978648, "foco_id": "66131352-3be2-3421-8662-741e1ba81f81", "longitude": -40.34147, "latitude": -12.04094, "data_hora_gmt": "2026-04-21T15:29:00Z", "data_pas": "2026-04-21", "satelite": "NOAA-21", "municipio": "MACAJUBA", "estado": "BAHIA", "pais": "Brasil", "precipitacao": null, "numero_dias_sem_chuva": null, "risco_fogo": null, "bioma": "Caatinga", "id_0": 33, "id_1": 29, "id_2": 2919603, "continente_id": 8, "vegetacao": null, "grade_wrs": "217_068", "frp": 10.3}, "bbox": [-40.34147, -12.04094, -40.34147, -12.04094]}, {"type": "Feature", "id": "focos_48h_br_todosats.fid--145fdae9_19db31250eb_4059", "geometry": {"type": "Point", "coordinates": [-41.30869, -12.10735]}, "geometry_name": "geometria", "properties": {"id_foco_bdq": 1814977993, "foco_id": "bd62fb6a-e596-3769-83d0-cd10ba1f0214", "longitude": -41.30869, "latitude": -12.10735, "data_hora_gmt": "2026-04-21T15:29:00Z", "data_pas": "2026-04-21", "satelite": "NOAA-21", "municipio": "BONITO", "estado": "BAHIA", "pais": "Brasil", "precipitacao": null, "numero_dias_sem_chuva": null, "risco_fogo": null, "bioma": "Caatinga", "id_0": 33, "id_1": 29, "id_2": 2904050, "continente_id": 8, "vegetacao": null, "grade_wrs": "217_068", "frp": 12.3}, "bbox": [-41.30869, -12.10735, -41.30869, -12.10735]}, {"type": "Feature", "id": "focos_48h_br_todosats.fid--145fdae9_19db31250eb_405b", "geometry": {"type": "Point", "coordinates": [-39.03376, -15.50162]}, "geometry_name": "geometria", "properties": {"id_foco_bdq": 1814978019, "foco_id": "3dfd5fe8-40a8-34cc-ad00-b58a5ca1cd5d", "longitude": -39.03376, "latitude": -15.50162, "data_hora_gmt": "2026-04-21T15:29:00Z", "data_pas": "2026-04-21", "satelite": "NOAA-21", "municipio": "CANAVIEIRAS", "estado": "BAHIA", "pais": "Brasil", "precipitacao": null, "numero_dias_sem_chuva": null, "risco_fogo": null, "bioma": "Mata Atlântica", "id_0": 33, "id_1": 29, "id_2": 2906303, "continente_id": 8, "vegetacao": null, "grade_wrs": "215_071", "frp": 3.6}, "bbox": [-39.03376, -15.50162, -39.03376, -15.50162]}, {"type": "Feature", "id": "focos_48h_br_todosats.fid--145fdae9_19db31250eb_405c", "geometry": {"type": "Point", "coordinates": [-40.34289, -12.03837]}, "geometry_name": "geometria", "properties": {"id_foco_bdq": 1814978625, "foco_id": "6ee95f81-be3d-3429-a5bc-20d11594d3ad", "longitude": -40.34289, "latitude": -12.03837, "data_hora_gmt": "2026-04-21T15:29:00Z", "data_pas": "2026-04-21", "satelite": "NOAA-21", "municipio": "MACAJUBA", "estado": "BAHIA", "pais": "Brasil", "precipitacao": null, "numero_dias_sem_chuva": null, "risco_fogo": null, "bioma": "Caatinga", "id_0": 33, "id_1": 29, "id_2": 2919603, "continente_id": 8, "vegetacao": null, "grade_wrs": "217_068", "frp": 10.5}, "bbox": [-40.34289, -12.03837, -40.34289, -12.03837]}, {"type": "Feature", "id": "focos_48h_br_todosats.fid--145fdae9_19db31250eb_405d", "geometry": {"type": "Point", "coordinates": [-41.30563, -12.10408]}, "geometry_name": "geometria", "properties": {"id_foco_bdq": 1814978597, "foco_id": "7ea68f75-b508-3e9c-96ee-feb80b3d106d", "longitude": -41.30563, "latitude": -12.10408, "data_hora_gmt": "2026-04-21T15:29:00Z", "data_pas": "2026-04-21", "satelite": "NOAA-21", "municipio": "BONITO", "estado": "BAHIA", "pais": "Brasil", "precipitacao": null, "numero_dias_sem_chuva": null, "risco_fogo": null, "bioma": "Caatinga", "id_0": 33, "id_1": 29, "id_2": 2904050, "continente_id": 8, "vegetacao": null, "grade_wrs": "217_068", "frp": 9}, "bbox": [-41.30563, -12.10408, -41.30563, -12.10408]}, {"type": "Feature", "id": "focos_48h_br_todosats.fid--145fdae9_19db31250eb_405f", "geometry": {"type": "Point", "coordinates": [-40.46186, -11.65413]}, "geometry_name": "geometria", "properties": {"id_foco_bdq": 1814978477, "foco_id": "4ab108e1-f933-330c-8f50-124f268ec714", "longitude": -40.46186, "latitude": -11.65413, "data_hora_gmt": "2026-04-21T15:29:00Z", "data_pas": "2026-04-21", "satelite": "NOAA-21", "municipio": "PIRITIBA", "estado": "BAHIA", "pais": "Brasil", "precipitacao": null, "numero_dias_sem_chuva": null, "risco_fogo": null, "bioma": "Caatinga", "id_0": 33, "id_1": 29, "id_2": 2924801, "continente_id": 8, "vegetacao": null, "grade_wrs": "217_068", "frp": 8.4}, "bbox": [-40.46186, -11.65413, -40.46186, -11.65413]}, {"type": "Feature", "id": "focos_48h_br_todosats.fid--145fdae9_19db31250eb_4060", "geometry": {"type": "Point", "coordinates": [-40.3167, -13.26527]}, "geometry_name": "geometria", "properties": {"id_foco_bdq": 1814978473, "foco_id": "caf30f01-dc82-3806-9175-49d892621f8c", "longitude": -40.3167, "latitude": -13.26527, "data_hora_gmt": "2026-04-21T15:29:00Z", "data_pas": "2026-04-21", "satelite": "NOAA-21", "municipio": "PLANALTINO", "estado": "BAHIA", "pais": "Brasil", "precipitacao": null, "numero_dias_sem_chuva": null, "risco_fogo": null, "bioma": "Caatinga", "id_0": 33, "id_1": 29, "id_2": 2924900, "continente_id": 8, "vegetacao": null, "grade_wrs": "216_069", "frp": 10.1}, "bbox": [-40.3167, -13.26527, -40.3167, -13.26527]}, {"type": "Feature", "id": "focos_48h_br_todosats.fid--145fdae9_19db31250eb_4062", "geometry": {"type": "Point", "coordinates": [-40.36137, -10.49575]}, "geometry_name": "geometria", "properties": {"id_foco_bdq": 1814978954, "foco_id": "5d6908ef-0a13-34b1-8b13-9656c06e5349", "longitude": -40.36137, "latitude": -10.49575, "data_hora_gmt": "2026-04-21T15:29:00Z", "data_pas": "2026-04-21", "satelite": "NOAA-21", "municipio": "CAMPO FORMOSO", "estado": "BAHIA", "pais": "Brasil", "precipitacao": null, "numero_dias_sem_chuva": null, "risco_fogo": null, "bioma": "Caatinga", "id_0": 33, "id_1": 29, "id_2": 2906006, "continente_id": 8, "vegetacao": null, "grade_wrs": "217_067", "frp": 7.3}, "bbox": [-40.36137, -10.49575, -40.36137, -10.49575]}, {"type": "Feature", "id": "focos_48h_br_todosats.fid--145fdae9_19db31250eb_4063", "geometry": {"type": "Point", "coordinates": [-40.12629, -14.8267]}, "geometry_name": "geometria", "properties": {"id_foco_bdq": 1814978964, "foco_id": "41b7a7f5-3ee7-3869-928c-46c0dc17c4f6", "longitude": -40.12629, "latitude": -14.8267, "data_hora_gmt": "2026-04-21T15:29:00Z", "data_pas": "2026-04-21", "satelite": "NOAA-21", "municipio": "NOVA CANAÃ", "estado": "BAHIA", "pais": "Brasil", "precipitacao": null, "numero_dias_sem_chuva": null, "risco_fogo": null, "bioma": "Mata Atlântica", "id_0": 33, "id_1": 29, "id_2": 2922706, "continente_id": 8, "vegetacao": null, "grade_wrs": "216_070", "frp": 5.2}, "bbox": [-40.12629, -14.8267, -40.12629, -14.8267]}, {"type": "Feature", "id": "focos_48h_br_todosats.fid--145fdae9_19db31250eb_4064", "geometry": {"type": "Point", "coordinates": [-39.10294, -15.9627]}, "geometry_name": "geometria", "properties": {"id_foco_bdq": 1814978865, "foco_id": "aa2125ef-0628-35f9-a942-51eb6578c8c3", "longitude": -39.10294, "latitude": -15.9627, "data_hora_gmt": "2026-04-21T15:29:00Z", "data_pas": "2026-04-21", "satelite": "NOAA-21", "municipio": "BELMONTE", "estado": "BAHIA", "pais": "Brasil", "precipitacao": null, "numero_dias_sem_chuva": null, "risco_fogo": null, "bioma": "Mata Atlântica", "id_0": 33, "id_1": 29, "id_2": 2903409, "continente_id": 8, "vegetacao": null, "grade_wrs": "215_071", "frp": 5.4}, "bbox": [-39.10294, -15.9627, -39.10294, -15.9627]}, {"type": "Feature", "id": "focos_48h_br_todosats.fid--145fdae9_19db31250eb_4066", "geometry": {"type": "Point", "coordinates": [-39.95624, -13.66916]}, "geometry_name": "geometria", "properties": {"id_foco_bdq": 1814979016, "foco_id": "db9c4c74-6e08-3aeb-9c5b-1fe7e5da8318", "longitude": -39.95624, "latitude": -13.66916, "data_hora_gmt": "2026-04-21T15:29:00Z", "data_pas": "2026-04-21", "satelite": "NOAA-21", "municipio": "JAGUAQUARA", "estado": "BAHIA", "pais": "Brasil", "precipitacao": null, "numero_dias_sem_chuva": null, "risco_fogo": null, "bioma": "Mata Atlântica", "id_0": 33, "id_1": 29, "id_2": 2917607, "continente_id": 8, "vegetacao": null, "grade_wrs": "216_069", "frp": 11.7}, "bbox": [-39.95624, -13.66916, -39.95624, -13.66916]}, {"type": "Feature", "id": "focos_48h_br_todosats.fid--145fdae9_19db31250eb_4068", "geometry": {"type": "Point", "coordinates": [-39.3889, -13.5007]}, "geometry_name": "geometria", "properties": {"id_foco_bdq": 1814978810, "foco_id": "bfc0d870-cda2-3d1e-a901-49848d26c210", "longitude": -39.3889, "latitude": -13.5007, "data_hora_gmt": "2026-04-21T15:29:00Z", "data_pas": "2026-04-21", "satelite": "NOAA-21", "municipio": "PRESIDENTE TANCREDO NEVES", "estado": "BAHIA", "pais": "Brasil", "precipitacao": null, "numero_dias_sem_chuva": null, "risco_fogo": null, "bioma": "Mata Atlântica", "id_0": 33, "id_1": 29, "id_2": 2925758, "continente_id": 8, "vegetacao": null, "grade_wrs": "216_069", "frp": 4.1}, "bbox": [-39.3889, -13.5007, -39.3889, -13.5007]}, {"type": "Feature", "id": "focos_48h_br_todosats.fid--145fdae9_19db31250eb_4069", "geometry": {"type": "Point", "coordinates": [-40.86436, -12.12928]}, "geometry_name": "geometria", "properties": {"id_foco_bdq": 1814978324, "foco_id": "035c492e-f384-39c7-a8a9-6845c9274c93", "longitude": -40.86436, "latitude": -12.12928, "data_hora_gmt": "2026-04-21T15:29:00Z", "data_pas": "2026-04-21", "satelite": "NOAA-21", "municipio": "RUY BARBOSA", "estado": "BAHIA", "pais": "Brasil", "precipitacao": null, "numero_dias_sem_chuva": null, "risco_fogo": null, "bioma": "Caatinga", "id_0": 33, "id_1": 29, "id_2": 2927200, "continente_id": 8, "vegetacao": null, "grade_wrs": "217_068", "frp": 12.2}, "bbox": [-40.86436, -12.12928, -40.86436, -12.12928]}, {"type": "Feature", "id": "focos_48h_br_todosats.fid--145fdae9_19db31250eb_406a", "geometry": {"type": "Point", "coordinates": [-40.31699, -13.26317]}, "geometry_name": "geometria", "properties": {"id_foco_bdq": 1814978480, "foco_id": "84911c85-7fe2-3270-ba16-ec7916a8c225", "longitude": -40.31699, "latitude": -13.26317, "data_hora_gmt": "2026-04-21T15:29:00Z", "data_pas": "2026-04-21", "satelite": "NOAA-21", "municipio": "PLANALTINO", "estado": "BAHIA", "pais": "Brasil", "precipitacao": null, "numero_dias_sem_chuva": null, "risco_fogo": null, "bioma": "Caatinga", "id_0": 33, "id_1": 29, "id_2": 2924900, "continente_id": 8, "vegetacao": null, "grade_wrs": "216_069", "frp": 10.9}, "bbox": [-40.31699, -13.26317, -40.31699, -13.26317]}, {"type": "Feature", "id": "focos_48h_br_todosats.fid--145fdae9_19db31250eb_406b", "geometry": {"type": "Point", "coordinates": [-39.10772, -15.96319]}, "geometry_name": "geometria", "properties": {"id_foco_bdq": 1814978391, "foco_id": "de7298ed-3b15-31ab-be5d-845d6fc9e69b", "longitude": -39.10772, "latitude": -15.96319, "data_hora_gmt": "2026-04-21T15:29:00Z", "data_pas": "2026-04-21", "satelite": "NOAA-21", "municipio": "BELMONTE", "estado": "BAHIA", "pais": "Brasil", "precipitacao": null, "numero_dias_sem_chuva": null, "risco_fogo": null, "bioma": "Mata Atlântica", "id_0": 33, "id_1": 29, "id_2": 2903409, "continente_id": 8, "vegetacao": null, "grade_wrs": "215_071", "frp": 5.4}, "bbox": [-39.10772, -15.96319, -39.10772, -15.96319]}, {"type": "Feature", "id": "focos_48h_br_todosats.fid--145fdae9_19db31250eb_406c", "geometry": {"type": "Point", "coordinates": [-39.71877, -15.01182]}, "geometry_name": "geometria", "properties": {"id_foco_bdq": 1814979147, "foco_id": "e44dd5c8-16fb-3049-b35c-c578345967f9", "longitude": -39.71877, "latitude": -15.01182, "data_hora_gmt": "2026-04-21T15:29:00Z", "data_pas": "2026-04-21", "satelite": "NOAA-21", "municipio": "ITAJU DO COLÔNIA", "estado": "BAHIA", "pais": "Brasil", "precipitacao": null, "numero_dias_sem_chuva": null, "risco_fogo": null, "bioma": "Mata Atlântica", "id_0": 33, "id_1": 29, "id_2": 2915403, "continente_id": 8, "vegetacao": null, "grade_wrs": "216_070", "frp": 7.6}, "bbox": [-39.71877, -15.01182, -39.71877, -15.01182]}, {"type": "Feature", "id": "focos_48h_br_todosats.fid--145fdae9_19db31250eb_406e", "geometry": {"type": "Point", "coordinates": [-40.32197, -13.26373]}, "geometry_name": "geometria", "properties": {"id_foco_bdq": 1814978220, "foco_id": "da642c11-41af-3f1e-bf99-fc3d4fdb1a7e", "longitude": -40.32197, "latitude": -13.26373, "data_hora_gmt": "2026-04-21T15:29:00Z", "data_pas": "2026-04-21", "satelite": "NOAA-21", "municipio": "PLANALTINO", "estado": "BAHIA", "pais": "Brasil", "precipitacao": null, "numero_dias_sem_chuva": null, "risco_fogo": null, "bioma": "Caatinga", "id_0": 33, "id_1": 29, "id_2": 2924900, "continente_id": 8, "vegetacao": null, "grade_wrs": "216_069", "frp": 14.5}, "bbox": [-40.32197, -13.26373, -40.32197, -13.26373]}, {"type": "Feature", "id": "focos_48h_br_todosats.fid--145fdae9_19db31250eb_406f", "geometry": {"type": "Point", "coordinates": [-40.32171, -13.26579]}, "geometry_name": "geometria", "properties": {"id_foco_bdq": 1814978055, "foco_id": "85fc2002-8dff-35b2-9f57-59a156dcfdc9", "longitude": -40.32171, "latitude": -13.26579, "data_hora_gmt": "2026-04-21T15:29:00Z", "data_pas": "2026-04-21", "satelite": "NOAA-21", "municipio": "PLANALTINO", "estado": "BAHIA", "pais": "Brasil", "precipitacao": null, "numero_dias_sem_chuva": null, "risco_fogo": null, "bioma": "Caatinga", "id_0": 33, "id_1": 29, "id_2": 2924900, "continente_id": 8, "vegetacao": null, "grade_wrs": "216_069", "frp": 10.1}, "bbox": [-40.32171, -13.26579, -40.32171, -13.26579]}, {"type": "Feature", "id": "focos_48h_br_todosats.fid--145fdae9_19db31250eb_4070", "geometry": {"type": "Point", "coordinates": [-40.1247, -14.82841]}, "geometry_name": "geometria", "properties": {"id_foco_bdq": 1814979331, "foco_id": "c0ebfae1-6cf1-325d-9c2d-64865579b5db", "longitude": -40.1247, "latitude": -14.82841, "data_hora_gmt": "2026-04-21T15:29:00Z", "data_pas": "2026-04-21", "satelite": "NOAA-21", "municipio": "NOVA CANAÃ", "estado": "BAHIA", "pais": "Brasil", "precipitacao": null, "numero_dias_sem_chuva": null, "risco_fogo": null, "bioma": "Mata Atlântica", "id_0": 33, "id_1": 29, "id_2": 2922706, "continente_id": 8, "vegetacao": null, "grade_wrs": "216_070", "frp": 5.9}, "bbox": [-40.1247, -14.82841, -40.1247, -14.82841]}, {"type": "Feature", "id": "focos_48h_br_todosats.fid--145fdae9_19db31250eb_4071", "geometry": {"type": "Point", "coordinates": [-39.41853, -14.43356]}, "geometry_name": "geometria", "properties": {"id_foco_bdq": 1814978065, "foco_id": "5fafe38c-a0f1-331b-9a5a-52bef38fe85d", "longitude": -39.41853, "latitude": -14.43356, "data_hora_gmt": "2026-04-21T15:29:00Z", "data_pas": "2026-04-21", "satelite": "NOAA-21", "municipio": "AURELINO LEAL", "estado": "BAHIA", "pais": "Brasil", "precipitacao": null, "numero_dias_sem_chuva": null, "risco_fogo": null, "bioma": "Mata Atlântica", "id_0": 33, "id_1": 29, "id_2": 2902401, "continente_id": 8, "vegetacao": null, "grade_wrs": "216_070", "frp": 12.7}, "bbox": [-39.41853, -14.43356, -39.41853, -14.43356]}, {"type": "Feature", "id": "focos_48h_br_todosats.fid--145fdae9_19db31250eb_4072", "geometry": {"type": "Point", "coordinates": [-40.85593, -11.95647]}, "geometry_name": "geometria", "properties": {"id_foco_bdq": 1814978512, "foco_id": "4ed6de71-714e-3c7e-a242-b687eab6b98d", "longitude": -40.85593, "latitude": -11.95647, "data_hora_gmt": "2026-04-21T15:29:00Z", "data_pas": "2026-04-21", "satelite": "NOAA-21", "municipio": "TAPIRAMUTÁ", "estado": "BAHIA", "pais": "Brasil", "precipitacao": null, "numero_dias_sem_chuva": null, "risco_fogo": null, "bioma": "Caatinga", "id_0": 33, "id_1": 29, "id_2": 2931301, "continente_id": 8, "vegetacao": null, "grade_wrs": "217_068", "frp": 4.6}, "bbox": [-40.85593, -11.95647, -40.85593, -11.95647]}, {"type": "Feature", "id": "focos_48h_br_todosats.fid--145fdae9_19db31250eb_4074", "geometry": {"type": "Point", "coordinates": [-40.85486, -11.957]}, "geometry_name": "geometria", "properties": {"id_foco_bdq": 1814978261, "foco_id": "7b5dbaaf-c49c-3f8a-ad97-2d04a2f619cf", "longitude": -40.85486, "latitude": -11.957, "data_hora_gmt": "2026-04-21T15:29:00Z", "data_pas": "2026-04-21", "satelite": "NOAA-21", "municipio": "TAPIRAMUTÁ", "estado": "BAHIA", "pais": "Brasil", "precipitacao": null, "numero_dias_sem_chuva": null, "risco_fogo": null, "bioma": "Caatinga", "id_0": 33, "id_1": 29, "id_2": 2931301, "continente_id": 8, "vegetacao": null, "grade_wrs": "217_068", "frp": 4.7}, "bbox": [-40.85486, -11.957, -40.85486, -11.957]}, {"type": "Feature", "id": "focos_48h_br_todosats.fid--145fdae9_19db31250eb_4075", "geometry": {"type": "Point", "coordinates": [-40.80424, -8.77769]}, "geometry_name": "geometria", "properties": {"id_foco_bdq": 1814979386, "foco_id": "57e69597-8fa3-342f-ae92-626d7dcfed64", "longitude": -40.80424, "latitude": -8.77769, "data_hora_gmt": "2026-04-21T15:31:00Z", "data_pas": "2026-04-21", "satelite": "NOAA-21", "municipio": "PETROLINA", "estado": "PERNAMBUCO", "pais": "Brasil", "precipitacao": null, "numero_dias_sem_chuva": null, "risco_fogo": null, "bioma": "Caatinga", "id_0": 33, "id_1": 26, "id_2": 2611101, "continente_id": 8, "vegetacao": null, "grade_wrs": "217_066", "frp": 1.8}, "bbox": [-40.80424, -8.77769, -40.80424, -8.77769]}, {"type": "Feature", "id": "focos_48h_br_todosats.fid--145fdae9_19db31250eb_4077", "geometry": {"type": "Point", "coordinates": [-37.80944, -9.37928]}, "geometry_name": "geometria", "properties": {"id_foco_bdq": 1814977885, "foco_id": "0982ad49-917b-3ab0-9cea-18770457f403", "longitude": -37.80944, "latitude": -9.37928, "data_hora_gmt": "2026-04-21T15:31:00Z", "data_pas": "2026-04-21", "satelite": "NOAA-21", "municipio": "OLHO D'ÁGUA DO CASADO", "estado": "ALAGOAS", "pais": "Brasil", "precipitacao": null, "numero_dias_sem_chuva": null, "risco_fogo": null, "bioma": "Caatinga", "id_0": 33, "id_1": 27, "id_2": 2705804, "continente_id": 8, "vegetacao": null, "grade_wrs": "215_067", "frp": 2.4}, "bbox": [-37.80944, -9.37928, -37.80944, -9.37928]}, {"type": "Feature", "id": "focos_48h_br_todosats.fid--145fdae9_19db31250eb_4078", "geometry": {"type": "Point", "coordinates": [-37.6916, -9.35067]}, "geometry_name": "geometria", "properties": {"id_foco_bdq": 1814978190, "foco_id": "aa2c0edd-8dfc-37a8-9e0f-61f880f87784", "longitude": -37.6916, "latitude": -9.35067, "data_hora_gmt": "2026-04-21T15:31:00Z", "data_pas": "2026-04-21", "satelite": "NOAA-21", "municipio": "INHAPI", "estado": "ALAGOAS", "pais": "Brasil", "precipitacao": null, "numero_dias_sem_chuva": null, "risco_fogo": null, "bioma": "Caatinga", "id_0": 33, "id_1": 27, "id_2": 2703304, "continente_id": 8, "vegetacao": null, "grade_wrs": "215_067", "frp": 4.9}, "bbox": [-37.6916, -9.35067, -37.6916, -9.35067]}, {"type": "Feature", "id": "focos_48h_br_todosats.fid--145fdae9_19db31250eb_407a", "geometry": {"type": "Point", "coordinates": [-37.69084, -9.35369]}, "geometry_name": "geometria", "properties": {"id_foco_bdq": 1814978631, "foco_id": "b92563bc-53fc-3d2d-8719-e0eb078bc33d", "longitude": -37.69084, "latitude": -9.35369, "data_hora_gmt": "2026-04-21T15:31:00Z", "data_pas": "2026-04-21", "satelite": "NOAA-21", "municipio": "INHAPI", "estado": "ALAGOAS", "pais": "Brasil", "precipitacao": null, "numero_dias_sem_chuva": null, "risco_fogo": null, "bioma": "Caatinga", "id_0": 33, "id_1": 27, "id_2": 2703304, "continente_id": 8, "vegetacao": null, "grade_wrs": "215_067", "frp": 3.6}, "bbox": [-37.69084, -9.35369, -37.69084, -9.35369]}, {"type": "Feature", "id": "focos_48h_br_todosats.fid--145fdae9_19db31250eb_407c", "geometry": {"type": "Point", "coordinates": [-39.41933, -14.43396]}, "geometry_name": "geometria", "properties": {"id_foco_bdq": 1814978029, "foco_id": "71e23249-c695-3888-8e12-1cc0398efec1", "longitude": -39.41933, "latitude": -14.43396, "data_hora_gmt": "2026-04-21T15:58:00Z", "data_pas": "2026-04-21", "satelite": "NPP-375", "municipio": "AURELINO LEAL", "estado": "BAHIA", "pais": "Brasil", "precipitacao": null, "numero_dias_sem_chuva": null, "risco_fogo": null, "bioma": "Mata Atlântica", "id_0": 33, "id_1": 29, "id_2": 2902401, "continente_id": 8, "vegetacao": null, "grade_wrs": "216_070", "frp": 20.7}, "bbox": [-39.41933, -14.43396, -39.41933, -14.43396]}, {"type": "Feature", "id": "focos_48h_br_todosats.fid--145fdae9_19db31250eb_407d", "geometry": {"type": "Point", "coordinates": [-43.84462, -11.91244]}, "geometry_name": "geometria", "properties": {"id_foco_bdq": 1814977886, "foco_id": "46ce4aea-2d55-3707-a4df-cb2fd3863612", "longitude": -43.84462, "latitude": -11.91244, "data_hora_gmt": "2026-04-21T15:58:00Z", "data_pas": "2026-04-21", "satelite": "NPP-375", "municipio": "WANDERLEY", "estado": "BAHIA", "pais": "Brasil", "precipitacao": null, "numero_dias_sem_chuva": null, "risco_fogo": null, "bioma": "Cerrado", "id_0": 33, "id_1": 29, "id_2": 2933455, "continente_id": 8, "vegetacao": null, "grade_wrs": "219_068", "frp": 4.6}, "bbox": [-43.84462, -11.91244, -43.84462, -11.91244]}, {"type": "Feature", "id": "focos_48h_br_todosats.fid--145fdae9_19db31250eb_407f", "geometry": {"type": "Point", "coordinates": [-43.7901, -13.44572]}, "geometry_name": "geometria", "properties": {"id_foco_bdq": 1814977887, "foco_id": "8a0d5cb7-399c-32b9-95cb-f1a20be75106", "longitude": -43.7901, "latitude": -13.44572, "data_hora_gmt": "2026-04-21T15:58:00Z", "data_pas": "2026-04-21", "satelite": "NPP-375", "municipio": "SERRA DO RAMALHO", "estado": "BAHIA", "pais": "Brasil", "precipitacao": null, "numero_dias_sem_chuva": null, "risco_fogo": null, "bioma": "Cerrado", "id_0": 33, "id_1": 29, "id_2": 2930154, "continente_id": 8, "vegetacao": null, "grade_wrs": "219_069", "frp": 10.8}, "bbox": [-43.7901, -13.44572, -43.7901, -13.44572]}, {"type": "Feature", "id": "focos_48h_br_todosats.fid--145fdae9_19db31250eb_4080", "geometry": {"type": "Point", "coordinates": [-39.24854, -14.11848]}, "geometry_name": "geometria", "properties": {"id_foco_bdq": 1814977905, "foco_id": "9fee8e9e-db9d-3d52-9d9a-2c63404f934c", "longitude": -39.24854, "latitude": -14.11848, "data_hora_gmt": "2026-04-21T15:58:00Z", "data_pas": "2026-04-21", "satelite": "NPP-375", "municipio": "MARAÚ", "estado": "BAHIA", "pais": "Brasil", "precipitacao": null, "numero_dias_sem_chuva": null, "risco_fogo": null, "bioma": "Mata Atlântica", "id_0": 33, "id_1": 29, "id_2": 2920700, "continente_id": 8, "vegetacao": null, "grade_wrs": "216_070", "frp": 4.6}, "bbox": [-39.24854, -14.11848, -39.24854, -14.11848]}, {"type": "Feature", "id": "focos_48h_br_todosats.fid--145fdae9_19db31250eb_4082", "geometry": {"type": "Point", "coordinates": [-39.17599, -11.83365]}, "geometry_name": "geometria", "properties": {"id_foco_bdq": 1814977913, "foco_id": "e1c36884-2bea-380a-b3c9-590b1c553223", "longitude": -39.17599, "latitude": -11.83365, "data_hora_gmt": "2026-04-21T15:58:00Z", "data_pas": "2026-04-21", "satelite": "NPP-375", "municipio": "CANDEAL", "estado": "BAHIA", "pais": "Brasil", "precipitacao": null, "numero_dias_sem_chuva": null, "risco_fogo": null, "bioma": "Caatinga", "id_0": 33, "id_1": 29, "id_2": 2906402, "continente_id": 8, "vegetacao": null, "grade_wrs": "216_068", "frp": 5.8}, "bbox": [-39.17599, -11.83365, -39.17599, -11.83365]}, {"type": "Feature", "id": "focos_48h_br_todosats.fid--145fdae9_19db31250eb_4084", "geometry": {"type": "Point", "coordinates": [-39.24792, -14.12241]}, "geometry_name": "geometria", "properties": {"id_foco_bdq": 1814977925, "foco_id": "d1d9c41e-6bc8-37d2-a5c7-ebce754c25f7", "longitude": -39.24792, "latitude": -14.12241, "data_hora_gmt": "2026-04-21T15:58:00Z", "data_pas": "2026-04-21", "satelite": "NPP-375", "municipio": "MARAÚ", "estado": "BAHIA", "pais": "Brasil", "precipitacao": null, "numero_dias_sem_chuva": null, "risco_fogo": null, "bioma": "Mata Atlântica", "id_0": 33, "id_1": 29, "id_2": 2920700, "continente_id": 8, "vegetacao": null, "grade_wrs": "216_070", "frp": 4.6}, "bbox": [-39.24792, -14.12241, -39.24792, -14.12241]}, {"type": "Feature", "id": "focos_48h_br_todosats.fid--145fdae9_19db31250eb_4085", "geometry": {"type": "Point", "coordinates": [-45.35366, -13.96213]}, "geometry_name": "geometria", "properties": {"id_foco_bdq": 1814977931, "foco_id": "7ed6cd46-2290-3468-9fb7-2f02edc44b9e", "longitude": -45.35366, "latitude": -13.96213, "data_hora_gmt": "2026-04-21T15:58:00Z", "data_pas": "2026-04-21", "satelite": "NPP-375", "municipio": "JABORANDI", "estado": "BAHIA", "pais": "Brasil", "precipitacao": null, "numero_dias_sem_chuva": null, "risco_fogo": null, "bioma": "Cerrado", "id_0": 33, "id_1": 29, "id_2": 2917359, "continente_id": 8, "vegetacao": null, "grade_wrs": "220_070", "frp": 4.4}, "bbox": [-45.35366, -13.96213, -45.35366, -13.96213]}, {"type": "Feature", "id": "focos_48h_br_todosats.fid--145fdae9_19db31250eb_4087", "geometry": {"type": "Point", "coordinates": [-43.84625, -11.9115]}, "geometry_name": "geometria", "properties": {"id_foco_bdq": 1814977948, "foco_id": "29c2762e-3eef-30e6-8735-2cd0e32106c2", "longitude": -43.84625, "latitude": -11.9115, "data_hora_gmt": "2026-04-21T15:58:00Z", "data_pas": "2026-04-21", "satelite": "NPP-375", "municipio": "WANDERLEY", "estado": "BAHIA", "pais": "Brasil", "precipitacao": null, "numero_dias_sem_chuva": null, "risco_fogo": null, "bioma": "Cerrado", "id_0": 33, "id_1": 29, "id_2": 2933455, "continente_id": 8, "vegetacao": null, "grade_wrs": "219_068", "frp": 4.8}, "bbox": [-43.84625, -11.9115, -43.84625, -11.9115]}, {"type": "Feature", "id": "focos_48h_br_todosats.fid--145fdae9_19db31250eb_4088", "geometry": {"type": "Point", "coordinates": [-45.34312, -13.38008]}, "geometry_name": "geometria", "properties": {"id_foco_bdq": 1814977965, "foco_id": "b2416ef7-a2a8-3cbc-977f-78fc11620aef", "longitude": -45.34312, "latitude": -13.38008, "data_hora_gmt": "2026-04-21T15:58:00Z", "data_pas": "2026-04-21", "satelite": "NPP-375", "municipio": "CORRENTINA", "estado": "BAHIA", "pais": "Brasil", "precipitacao": null, "numero_dias_sem_chuva": null, "risco_fogo": null, "bioma": "Cerrado", "id_0": 33, "id_1": 29, "id_2": 2909307, "continente_id": 8, "vegetacao": null, "grade_wrs": "220_069", "frp": 9.8}, "bbox": [-45.34312, -13.38008, -45.34312, -13.38008]}, {"type": "Feature", "id": "focos_48h_br_todosats.fid--145fdae9_19db31250eb_408a", "geometry": {"type": "Point", "coordinates": [-45.43235, -21.76804]}, "geometry_name": "geometria", "properties": {"id_foco_bdq": 1814977981, "foco_id": "4ea15378-b7e5-3bc3-89e8-7cb98bfec4e6", "longitude": -45.43235, "latitude": -21.76804, "data_hora_gmt": "2026-04-21T15:58:00Z", "data_pas": "2026-04-21", "satelite": "NPP-375", "municipio": "MONSENHOR PAULO", "estado": "MINAS GERAIS", "pais": "Brasil", "precipitacao": null, "numero_dias_sem_chuva": null, "risco_fogo": null, "bioma": "Mata Atlântica", "id_0": 33, "id_1": 31, "id_2": 3142601, "continente_id": 8, "vegetacao": null, "grade_wrs": "218_075", "frp": 4.9}, "bbox": [-45.43235, -21.76804, -45.43235, -21.76804]}, {"type": "Feature", "id": "focos_48h_br_todosats.fid--145fdae9_19db31250eb_408b", "geometry": {"type": "Point", "coordinates": [-43.38234, -11.95705]}, "geometry_name": "geometria", "properties": {"id_foco_bdq": 1814977994, "foco_id": "e800bf1f-bb44-3ff3-ab55-4c383b5d2512", "longitude": -43.38234, "latitude": -11.95705, "data_hora_gmt": "2026-04-21T15:58:00Z", "data_pas": "2026-04-21", "satelite": "NPP-375", "municipio": "MUQUÉM DO SÃO FRANCISCO", "estado": "BAHIA", "pais": "Brasil", "precipitacao": null, "numero_dias_sem_chuva": null, "risco_fogo": null, "bioma": "Cerrado", "id_0": 33, "id_1": 29, "id_2": 2922250, "continente_id": 8, "vegetacao": null, "grade_wrs": "219_068", "frp": 4.3}, "bbox": [-43.38234, -11.95705, -43.38234, -11.95705]}, {"type": "Feature", "id": "focos_48h_br_todosats.fid--145fdae9_19db31250eb_408c", "geometry": {"type": "Point", "coordinates": [-43.02134, -12.9165]}, "geometry_name": "geometria", "properties": {"id_foco_bdq": 1814978035, "foco_id": "a031f7a1-92ee-38e2-a8e1-3520c97e6b04", "longitude": -43.02134, "latitude": -12.9165, "data_hora_gmt": "2026-04-21T15:58:00Z", "data_pas": "2026-04-21", "satelite": "NPP-375", "municipio": "PARATINGA", "estado": "BAHIA", "pais": "Brasil", "precipitacao": null, "numero_dias_sem_chuva": null, "risco_fogo": null, "bioma": "Caatinga", "id_0": 33, "id_1": 29, "id_2": 2923704, "continente_id": 8, "vegetacao": null, "grade_wrs": "218_069", "frp": 8.9}, "bbox": [-43.02134, -12.9165, -43.02134, -12.9165]}, {"type": "Feature", "id": "focos_48h_br_todosats.fid--145fdae9_19db31250eb_408d", "geometry": {"type": "Point", "coordinates": [-43.01189, -13.22941]}, "geometry_name": "geometria", "properties": {"id_foco_bdq": 1814978069, "foco_id": "039c6fa4-e5cb-34c1-a4b3-572253d55553", "longitude": -43.01189, "latitude": -13.22941, "data_hora_gmt": "2026-04-21T15:58:00Z", "data_pas": "2026-04-21", "satelite": "NPP-375", "municipio": "BOM JESUS DA LAPA", "estado": "BAHIA", "pais": "Brasil", "precipitacao": null, "numero_dias_sem_chuva": null, "risco_fogo": null, "bioma": "Caatinga", "id_0": 33, "id_1": 29, "id_2": 2903904, "continente_id": 8, "vegetacao": null, "grade_wrs": "218_069", "frp": 5.8}, "bbox": [-43.01189, -13.22941, -43.01189, -13.22941]}, {"type": "Feature", "id": "focos_48h_br_todosats.fid--145fdae9_19db31250eb_408e", "geometry": {"type": "Point", "coordinates": [-40.31862, -13.26768]}, "geometry_name": "geometria", "properties": {"id_foco_bdq": 1814978078, "foco_id": "733e5bb4-f516-31b7-b758-16401fac882e", "longitude": -40.31862, "latitude": -13.26768, "data_hora_gmt": "2026-04-21T15:58:00Z", "data_pas": "2026-04-21", "satelite": "NPP-375", "municipio": "PLANALTINO", "estado": "BAHIA", "pais": "Brasil", "precipitacao": null, "numero_dias_sem_chuva": null, "risco_fogo": null, "bioma": "Caatinga", "id_0": 33, "id_1": 29, "id_2": 2924900, "continente_id": 8, "vegetacao": null, "grade_wrs": "216_069", "frp": 8.6}, "bbox": [-40.31862, -13.26768, -40.31862, -13.26768]}, {"type": "Feature", "id": "focos_48h_br_todosats.fid--145fdae9_19db31250eb_408f", "geometry": {"type": "Point", "coordinates": [-44.1927, -12.24229]}, "geometry_name": "geometria", "properties": {"id_foco_bdq": 1814978107, "foco_id": "1e51d591-3b02-3023-92c4-9388141307b4", "longitude": -44.1927, "latitude": -12.24229, "data_hora_gmt": "2026-04-21T15:58:00Z", "data_pas": "2026-04-21", "satelite": "NPP-375", "municipio": "CRISTÓPOLIS", "estado": "BAHIA", "pais": "Brasil", "precipitacao": null, "numero_dias_sem_chuva": null, "risco_fogo": null, "bioma": "Cerrado", "id_0": 33, "id_1": 29, "id_2": 2909703, "continente_id": 8, "vegetacao": null, "grade_wrs": "219_068", "frp": 4}, "bbox": [-44.1927, -12.24229, -44.1927, -12.24229]}, {"type": "Feature", "id": "focos_48h_br_todosats.fid--145fdae9_19db31250eb_4090", "geometry": {"type": "Point", "coordinates": [-43.83964, -11.97517]}, "geometry_name": "geometria", "properties": {"id_foco_bdq": 1814978122, "foco_id": "56bc67e8-7b63-3432-b454-d775ec62d1b2", "longitude": -43.83964, "latitude": -11.97517, "data_hora_gmt": "2026-04-21T15:58:00Z", "data_pas": "2026-04-21", "satelite": "NPP-375", "municipio": "WANDERLEY", "estado": "BAHIA", "pais": "Brasil", "precipitacao": null, "numero_dias_sem_chuva": null, "risco_fogo": null, "bioma": "Cerrado", "id_0": 33, "id_1": 29, "id_2": 2933455, "continente_id": 8, "vegetacao": null, "grade_wrs": "219_068", "frp": 20.1}, "bbox": [-43.83964, -11.97517, -43.83964, -11.97517]}, {"type": "Feature", "id": "focos_48h_br_todosats.fid--145fdae9_19db31250eb_4092", "geometry": {"type": "Point", "coordinates": [-45.3422, -13.9489]}, "geometry_name": "geometria", "properties": {"id_foco_bdq": 1814978125, "foco_id": "b9fb6614-9b2b-3c67-9bdc-b0db8dc2bb7f", "longitude": -45.3422, "latitude": -13.9489, "data_hora_gmt": "2026-04-21T15:58:00Z", "data_pas": "2026-04-21", "satelite": "NPP-375", "municipio": "JABORANDI", "estado": "BAHIA", "pais": "Brasil", "precipitacao": null, "numero_dias_sem_chuva": null, "risco_fogo": null, "bioma": "Cerrado", "id_0": 33, "id_1": 29, "id_2": 2917359, "continente_id": 8, "vegetacao": null, "grade_wrs": "220_070", "frp": 2.1}, "bbox": [-45.3422, -13.9489, -45.3422, -13.9489]}, {"type": "Feature", "id": "focos_48h_br_todosats.fid--145fdae9_19db31250eb_4093", "geometry": {"type": "Point", "coordinates": [-40.86086, -12.12694]}, "geometry_name": "geometria", "properties": {"id_foco_bdq": 1814978131, "foco_id": "fcdaa7af-fa37-3837-95a2-7d6786716873", "longitude": -40.86086, "latitude": -12.12694, "data_hora_gmt": "2026-04-21T15:58:00Z", "data_pas": "2026-04-21", "satelite": "NPP-375", "municipio": "RUY BARBOSA", "estado": "BAHIA", "pais": "Brasil", "precipitacao": null, "numero_dias_sem_chuva": null, "risco_fogo": null, "bioma": "Caatinga", "id_0": 33, "id_1": 29, "id_2": 2927200, "continente_id": 8, "vegetacao": null, "grade_wrs": "217_068", "frp": 25.2}, "bbox": [-40.86086, -12.12694, -40.86086, -12.12694]}, {"type": "Feature", "id": "focos_48h_br_todosats.fid--145fdae9_19db31250eb_4094", "geometry": {"type": "Point", "coordinates": [-40.3433, -12.04024]}, "geometry_name": "geometria", "properties": {"id_foco_bdq": 1814978136, "foco_id": "4dda29a1-38fa-3aca-be99-4ac03d3044a2", "longitude": -40.3433, "latitude": -12.04024, "data_hora_gmt": "2026-04-21T15:58:00Z", "data_pas": "2026-04-21", "satelite": "NPP-375", "municipio": "MACAJUBA", "estado": "BAHIA", "pais": "Brasil", "precipitacao": null, "numero_dias_sem_chuva": null, "risco_fogo": null, "bioma": "Caatinga", "id_0": 33, "id_1": 29, "id_2": 2919603, "continente_id": 8, "vegetacao": null, "grade_wrs": "217_068", "frp": 2.9}, "bbox": [-40.3433, -12.04024, -40.3433, -12.04024]}, {"type": "Feature", "id": "focos_48h_br_todosats.fid--145fdae9_19db31250eb_4096", "geometry": {"type": "Point", "coordinates": [-43.41334, -12.5703]}, "geometry_name": "geometria", "properties": {"id_foco_bdq": 1814978139, "foco_id": "9156e8ea-743a-346f-8ee8-a04e8d9e7a3c", "longitude": -43.41334, "latitude": -12.5703, "data_hora_gmt": "2026-04-21T15:58:00Z", "data_pas": "2026-04-21", "satelite": "NPP-375", "municipio": "SÍTIO DO MATO", "estado": "BAHIA", "pais": "Brasil", "precipitacao": null, "numero_dias_sem_chuva": null, "risco_fogo": null, "bioma": "Cerrado", "id_0": 33, "id_1": 29, "id_2": 2930758, "continente_id": 8, "vegetacao": null, "grade_wrs": "219_069", "frp": 2.7}, "bbox": [-43.41334, -12.5703, -43.41334, -12.5703]}, {"type": "Feature", "id": "focos_48h_br_todosats.fid--145fdae9_19db31250eb_4097", "geometry": {"type": "Point", "coordinates": [-43.37908, -11.95298]}, "geometry_name": "geometria", "properties": {"id_foco_bdq": 1814978147, "foco_id": "787b1739-a64e-3b40-a858-1a3cfa641e36", "longitude": -43.37908, "latitude": -11.95298, "data_hora_gmt": "2026-04-21T15:58:00Z", "data_pas": "2026-04-21", "satelite": "NPP-375", "municipio": "MUQUÉM DO SÃO FRANCISCO", "estado": "BAHIA", "pais": "Brasil", "precipitacao": null, "numero_dias_sem_chuva": null, "risco_fogo": null, "bioma": "Cerrado", "id_0": 33, "id_1": 29, "id_2": 2922250, "continente_id": 8, "vegetacao": null, "grade_wrs": "219_068", "frp": 10}, "bbox": [-43.37908, -11.95298, -43.37908, -11.95298]}, {"type": "Feature", "id": "focos_48h_br_todosats.fid--145fdae9_19db31250eb_409a", "geometry": {"type": "Point", "coordinates": [-44.03988, -13.53008]}, "geometry_name": "geometria", "properties": {"id_foco_bdq": 1814978182, "foco_id": "7ade764f-b5a0-33db-828b-e19d76c21be9", "longitude": -44.03988, "latitude": -13.53008, "data_hora_gmt": "2026-04-21T15:58:00Z", "data_pas": "2026-04-21", "satelite": "NPP-375", "municipio": "SÃO FÉLIX DO CORIBE", "estado": "BAHIA", "pais": "Brasil", "precipitacao": null, "numero_dias_sem_chuva": null, "risco_fogo": null, "bioma": "Cerrado", "id_0": 33, "id_1": 29, "id_2": 2929057, "continente_id": 8, "vegetacao": null, "grade_wrs": "219_069", "frp": 7.7}, "bbox": [-44.03988, -13.53008, -44.03988, -13.53008]}, {"type": "Feature", "id": "focos_48h_br_todosats.fid--145fdae9_19db31250eb_409b", "geometry": {"type": "Point", "coordinates": [-40.0239, -14.755]}, "geometry_name": "geometria", "properties": {"id_foco_bdq": 1814978194, "foco_id": "e2e4885c-26c8-346c-b186-37f03da5cd84", "longitude": -40.0239, "latitude": -14.755, "data_hora_gmt": "2026-04-21T15:58:00Z", "data_pas": "2026-04-21", "satelite": "NPP-375", "municipio": "IBICUÍ", "estado": "BAHIA", "pais": "Brasil", "precipitacao": null, "numero_dias_sem_chuva": null, "risco_fogo": null, "bioma": "Mata Atlântica", "id_0": 33, "id_1": 29, "id_2": 2912301, "continente_id": 8, "vegetacao": null, "grade_wrs": "216_070", "frp": 1.9}, "bbox": [-40.0239, -14.755, -40.0239, -14.755]}, {"type": "Feature", "id": "focos_48h_br_todosats.fid--145fdae9_19db31250eb_409d", "geometry": {"type": "Point", "coordinates": [-39.78008, -13.805]}, "geometry_name": "geometria", "properties": {"id_foco_bdq": 1814978198, "foco_id": "4680402b-bccd-36f9-8c43-a45e512f7e8f", "longitude": -39.78008, "latitude": -13.805, "data_hora_gmt": "2026-04-21T15:58:00Z", "data_pas": "2026-04-21", "satelite": "NPP-375", "municipio": "APUAREMA", "estado": "BAHIA", "pais": "Brasil", "precipitacao": null, "numero_dias_sem_chuva": null, "risco_fogo": null, "bioma": "Mata Atlântica", "id_0": 33, "id_1": 29, "id_2": 2901957, "continente_id": 8, "vegetacao": null, "grade_wrs": "216_070", "frp": 3.1}, "bbox": [-39.78008, -13.805, -39.78008, -13.805]}, {"type": "Feature", "id": "focos_48h_br_todosats.fid--145fdae9_19db31250eb_409f", "geometry": {"type": "Point", "coordinates": [-43.37515, -13.34644]}, "geometry_name": "geometria", "properties": {"id_foco_bdq": 1814978203, "foco_id": "d16eef37-19b5-3fa9-a470-8bec6768f3d8", "longitude": -43.37515, "latitude": -13.34644, "data_hora_gmt": "2026-04-21T15:58:00Z", "data_pas": "2026-04-21", "satelite": "NPP-375", "municipio": "BOM JESUS DA LAPA", "estado": "BAHIA", "pais": "Brasil", "precipitacao": null, "numero_dias_sem_chuva": null, "risco_fogo": null, "bioma": "Caatinga", "id_0": 33, "id_1": 29, "id_2": 2903904, "continente_id": 8, "vegetacao": null, "grade_wrs": "218_069", "frp": 4.6}, "bbox": [-43.37515, -13.34644, -43.37515, -13.34644]}, {"type": "Feature", "id": "focos_48h_br_todosats.fid--145fdae9_19db31250eb_40a0", "geometry": {"type": "Point", "coordinates": [-43.37691, -11.95127]}, "geometry_name": "geometria", "properties": {"id_foco_bdq": 1814978204, "foco_id": "c0a02d87-999d-3600-9afd-82902a367e27", "longitude": -43.37691, "latitude": -11.95127, "data_hora_gmt": "2026-04-21T15:58:00Z", "data_pas": "2026-04-21", "satelite": "NPP-375", "municipio": "MUQUÉM DO SÃO FRANCISCO", "estado": "BAHIA", "pais": "Brasil", "precipitacao": null, "numero_dias_sem_chuva": null, "risco_fogo": null, "bioma": "Cerrado", "id_0": 33, "id_1": 29, "id_2": 2922250, "continente_id": 8, "vegetacao": null, "grade_wrs": "219_068", "frp": 4.3}, "bbox": [-43.37691, -11.95127, -43.37691, -11.95127]}, {"type": "Feature", "id": "focos_48h_br_todosats.fid--145fdae9_19db31250eb_40a1", "geometry": {"type": "Point", "coordinates": [-43.84531, -11.90724]}, "geometry_name": "geometria", "properties": {"id_foco_bdq": 1814978205, "foco_id": "f4e82c73-4f2a-3d50-bf70-d9e49c49ead5", "longitude": -43.84531, "latitude": -11.90724, "data_hora_gmt": "2026-04-21T15:58:00Z", "data_pas": "2026-04-21", "satelite": "NPP-375", "municipio": "WANDERLEY", "estado": "BAHIA", "pais": "Brasil", "precipitacao": null, "numero_dias_sem_chuva": null, "risco_fogo": null, "bioma": "Cerrado", "id_0": 33, "id_1": 29, "id_2": 2933455, "continente_id": 8, "vegetacao": null, "grade_wrs": "219_068", "frp": 4}, "bbox": [-43.84531, -11.90724, -43.84531, -11.90724]}, {"type": "Feature", "id": "focos_48h_br_todosats.fid--145fdae9_19db31250eb_40a3", "geometry": {"type": "Point", "coordinates": [-41.92299, -18.8608]}, "geometry_name": "geometria", "properties": {"id_foco_bdq": 1814978276, "foco_id": "c9f093d1-1720-316e-9b6b-6465c304144d", "longitude": -41.92299, "latitude": -18.8608, "data_hora_gmt": "2026-04-21T15:58:00Z", "data_pas": "2026-04-21", "satelite": "NPP-375", "municipio": "GOVERNADOR VALADARES", "estado": "MINAS GERAIS", "pais": "Brasil", "precipitacao": null, "numero_dias_sem_chuva": null, "risco_fogo": null, "bioma": "Mata Atlântica", "id_0": 33, "id_1": 31, "id_2": 3127701, "continente_id": 8, "vegetacao": null, "grade_wrs": "217_073", "frp": 7.1}, "bbox": [-41.92299, -18.8608, -41.92299, -18.8608]}, {"type": "Feature", "id": "focos_48h_br_todosats.fid--145fdae9_19db31250eb_40a4", "geometry": {"type": "Point", "coordinates": [-42.58365, -13.33299]}, "geometry_name": "geometria", "properties": {"id_foco_bdq": 1814978297, "foco_id": "ae9ac498-490a-3ac9-8e0e-e3866aff132e", "longitude": -42.58365, "latitude": -13.33299, "data_hora_gmt": "2026-04-21T15:58:00Z", "data_pas": "2026-04-21", "satelite": "NPP-375", "municipio": "BOTUPORÃ", "estado": "BAHIA", "pais": "Brasil", "precipitacao": null, "numero_dias_sem_chuva": null, "risco_fogo": null, "bioma": "Caatinga", "id_0": 33, "id_1": 29, "id_2": 2904209, "continente_id": 8, "vegetacao": null, "grade_wrs": "218_069", "frp": 7.2}, "bbox": [-42.58365, -13.33299, -42.58365, -13.33299]}, {"type": "Feature", "id": "focos_48h_br_todosats.fid--145fdae9_19db31250eb_40a5", "geometry": {"type": "Point", "coordinates": [-45.33794, -13.94842]}, "geometry_name": "geometria", "properties": {"id_foco_bdq": 1814978298, "foco_id": "6e29359f-8037-3159-bdce-4b513b08bb15", "longitude": -45.33794, "latitude": -13.94842, "data_hora_gmt": "2026-04-21T15:58:00Z", "data_pas": "2026-04-21", "satelite": "NPP-375", "municipio": "JABORANDI", "estado": "BAHIA", "pais": "Brasil", "precipitacao": null, "numero_dias_sem_chuva": null, "risco_fogo": null, "bioma": "Cerrado", "id_0": 33, "id_1": 29, "id_2": 2917359, "continente_id": 8, "vegetacao": null, "grade_wrs": "220_070", "frp": 2.1}, "bbox": [-45.33794, -13.94842, -45.33794, -13.94842]}, {"type": "Feature", "id": "focos_48h_br_todosats.fid--145fdae9_19db31250eb_40a7", "geometry": {"type": "Point", "coordinates": [-45.33406, -13.38498]}, "geometry_name": "geometria", "properties": {"id_foco_bdq": 1814978302, "foco_id": "cfcf4580-950a-3957-aeaa-8c7903a1b36f", "longitude": -45.33406, "latitude": -13.38498, "data_hora_gmt": "2026-04-21T15:58:00Z", "data_pas": "2026-04-21", "satelite": "NPP-375", "municipio": "CORRENTINA", "estado": "BAHIA", "pais": "Brasil", "precipitacao": null, "numero_dias_sem_chuva": null, "risco_fogo": null, "bioma": "Cerrado", "id_0": 33, "id_1": 29, "id_2": 2909307, "continente_id": 8, "vegetacao": null, "grade_wrs": "220_069", "frp": 19.2}, "bbox": [-45.33406, -13.38498, -45.33406, -13.38498]}, {"type": "Feature", "id": "focos_48h_br_todosats.fid--145fdae9_19db31250eb_40a8", "geometry": {"type": "Point", "coordinates": [-40.21, -12.08829]}, "geometry_name": "geometria", "properties": {"id_foco_bdq": 1814978326, "foco_id": "1a8be38e-8858-3656-adf5-c9e6322b4235", "longitude": -40.21, "latitude": -12.08829, "data_hora_gmt": "2026-04-21T15:58:00Z", "data_pas": "2026-04-21", "satelite": "NPP-375", "municipio": "BAIXA GRANDE", "estado": "BAHIA", "pais": "Brasil", "precipitacao": null, "numero_dias_sem_chuva": null, "risco_fogo": null, "bioma": "Caatinga", "id_0": 33, "id_1": 29, "id_2": 2902609, "continente_id": 8, "vegetacao": null, "grade_wrs": "217_068", "frp": 2.8}, "bbox": [-40.21, -12.08829, -40.21, -12.08829]}, {"type": "Feature", "id": "focos_48h_br_todosats.fid--145fdae9_19db31250eb_40aa", "geometry": {"type": "Point", "coordinates": [-44.19606, -12.24271]}, "geometry_name": "geometria", "properties": {"id_foco_bdq": 1814978348, "foco_id": "abf92932-9c03-3cbc-8282-b17fbfe883a1", "longitude": -44.19606, "latitude": -12.24271, "data_hora_gmt": "2026-04-21T15:58:00Z", "data_pas": "2026-04-21", "satelite": "NPP-375", "municipio": "CRISTÓPOLIS", "estado": "BAHIA", "pais": "Brasil", "precipitacao": null, "numero_dias_sem_chuva": null, "risco_fogo": null, "bioma": "Cerrado", "id_0": 33, "id_1": 29, "id_2": 2909703, "continente_id": 8, "vegetacao": null, "grade_wrs": "219_068", "frp": 4}, "bbox": [-44.19606, -12.24271, -44.19606, -12.24271]}, {"type": "Feature", "id": "focos_48h_br_todosats.fid--145fdae9_19db31250eb_40ab", "geometry": {"type": "Point", "coordinates": [-45.33893, -13.37961]}, "geometry_name": "geometria", "properties": {"id_foco_bdq": 1814978356, "foco_id": "b46fcee6-6c28-3317-9f42-c340f0ae179b", "longitude": -45.33893, "latitude": -13.37961, "data_hora_gmt": "2026-04-21T15:58:00Z", "data_pas": "2026-04-21", "satelite": "NPP-375", "municipio": "CORRENTINA", "estado": "BAHIA", "pais": "Brasil", "precipitacao": null, "numero_dias_sem_chuva": null, "risco_fogo": null, "bioma": "Cerrado", "id_0": 33, "id_1": 29, "id_2": 2909307, "continente_id": 8, "vegetacao": null, "grade_wrs": "220_069", "frp": 19.2}, "bbox": [-45.33893, -13.37961, -45.33893, -13.37961]}, {"type": "Feature", "id": "focos_48h_br_todosats.fid--145fdae9_19db31250eb_40ac", "geometry": {"type": "Point", "coordinates": [-45.2188, -12.03816]}, "geometry_name": "geometria", "properties": {"id_foco_bdq": 1814978365, "foco_id": "27fe1463-9045-3d2e-b9dc-29ea643c3cd7", "longitude": -45.2188, "latitude": -12.03816, "data_hora_gmt": "2026-04-21T15:58:00Z", "data_pas": "2026-04-21", "satelite": "NPP-375", "municipio": "BARREIRAS", "estado": "BAHIA", "pais": "Brasil", "precipitacao": null, "numero_dias_sem_chuva": null, "risco_fogo": null, "bioma": "Cerrado", "id_0": 33, "id_1": 29, "id_2": 2903201, "continente_id": 8, "vegetacao": null, "grade_wrs": "220_068", "frp": 2.9}, "bbox": [-45.2188, -12.03816, -45.2188, -12.03816]}, {"type": "Feature", "id": "focos_48h_br_todosats.fid--145fdae9_19db31250eb_40ad", "geometry": {"type": "Point", "coordinates": [-45.43283, -21.76862]}, "geometry_name": "geometria", "properties": {"id_foco_bdq": 1814978366, "foco_id": "0237b2a2-83a2-35e7-956b-6bf52f3fb4a3", "longitude": -45.43283, "latitude": -21.76862, "data_hora_gmt": "2026-04-21T15:58:00Z", "data_pas": "2026-04-21", "satelite": "NPP-375", "municipio": "MONSENHOR PAULO", "estado": "MINAS GERAIS", "pais": "Brasil", "precipitacao": null, "numero_dias_sem_chuva": null, "risco_fogo": null, "bioma": "Mata Atlântica", "id_0": 33, "id_1": 31, "id_2": 3142601, "continente_id": 8, "vegetacao": null, "grade_wrs": "218_075", "frp": 6.4}, "bbox": [-45.43283, -21.76862, -45.43283, -21.76862]}, {"type": "Feature", "id": "focos_48h_br_todosats.fid--145fdae9_19db31250eb_40ae", "geometry": {"type": "Point", "coordinates": [-46.25903, -20.10796]}, "geometry_name": "geometria", "properties": {"id_foco_bdq": 1814978450, "foco_id": "f2bf7bb2-c5c3-3216-bbd1-b6c3fde3eb5e", "longitude": -46.25903, "latitude": -20.10796, "data_hora_gmt": "2026-04-21T15:58:00Z", "data_pas": "2026-04-21", "satelite": "NPP-375", "municipio": "MEDEIROS", "estado": "MINAS GERAIS", "pais": "Brasil", "precipitacao": null, "numero_dias_sem_chuva": null, "risco_fogo": null, "bioma": "Cerrado", "id_0": 33, "id_1": 31, "id_2": 3141306, "continente_id": 8, "vegetacao": null, "grade_wrs": "219_074", "frp": 5.6}, "bbox": [-46.25903, -20.10796, -46.25903, -20.10796]}, {"type": "Feature", "id": "focos_48h_br_todosats.fid--145fdae9_19db31250eb_40af", "geometry": {"type": "Point", "coordinates": [-43.60793, -13.0251]}, "geometry_name": "geometria", "properties": {"id_foco_bdq": 1814978466, "foco_id": "fb2591af-ac7a-3f68-907f-936d1d448962", "longitude": -43.60793, "latitude": -13.0251, "data_hora_gmt": "2026-04-21T15:58:00Z", "data_pas": "2026-04-21", "satelite": "NPP-375", "municipio": "SÍTIO DO MATO", "estado": "BAHIA", "pais": "Brasil", "precipitacao": null, "numero_dias_sem_chuva": null, "risco_fogo": null, "bioma": "Cerrado", "id_0": 33, "id_1": 29, "id_2": 2930758, "continente_id": 8, "vegetacao": null, "grade_wrs": "219_069", "frp": 8.8}, "bbox": [-43.60793, -13.0251, -43.60793, -13.0251]}, {"type": "Feature", "id": "focos_48h_br_todosats.fid--145fdae9_19db31250eb_40b0", "geometry": {"type": "Point", "coordinates": [-45.22803, -12.0277]}, "geometry_name": "geometria", "properties": {"id_foco_bdq": 1814978470, "foco_id": "cf45ecc3-3018-3a5d-ab74-1e451b478721", "longitude": -45.22803, "latitude": -12.0277, "data_hora_gmt": "2026-04-21T15:58:00Z", "data_pas": "2026-04-21", "satelite": "NPP-375", "municipio": "BARREIRAS", "estado": "BAHIA", "pais": "Brasil", "precipitacao": null, "numero_dias_sem_chuva": null, "risco_fogo": null, "bioma": "Cerrado", "id_0": 33, "id_1": 29, "id_2": 2903201, "continente_id": 8, "vegetacao": null, "grade_wrs": "220_068", "frp": 4.5}, "bbox": [-45.22803, -12.0277, -45.22803, -12.0277]}, {"type": "Feature", "id": "focos_48h_br_todosats.fid--145fdae9_19db31250eb_40b1", "geometry": {"type": "Point", "coordinates": [-39.39979, -13.77392]}, "geometry_name": "geometria", "properties": {"id_foco_bdq": 1814978497, "foco_id": "5abc2e2f-de0c-3a5c-b66f-cd7d7beb381b", "longitude": -39.39979, "latitude": -13.77392, "data_hora_gmt": "2026-04-21T15:58:00Z", "data_pas": "2026-04-21", "satelite": "NPP-375", "municipio": "PIRAÍ DO NORTE", "estado": "BAHIA", "pais": "Brasil", "precipitacao": null, "numero_dias_sem_chuva": null, "risco_fogo": null, "bioma": "Mata Atlântica", "id_0": 33, "id_1": 29, "id_2": 2924678, "continente_id": 8, "vegetacao": null, "grade_wrs": "216_069", "frp": 6.2}, "bbox": [-39.39979, -13.77392, -39.39979, -13.77392]}, {"type": "Feature", "id": "focos_48h_br_todosats.fid--145fdae9_19db31250eb_40b2", "geometry": {"type": "Point", "coordinates": [-40.31918, -13.26351]}, "geometry_name": "geometria", "properties": {"id_foco_bdq": 1814978510, "foco_id": "687e50bf-eda5-3e3a-b723-657e79435045", "longitude": -40.31918, "latitude": -13.26351, "data_hora_gmt": "2026-04-21T15:58:00Z", "data_pas": "2026-04-21", "satelite": "NPP-375", "municipio": "PLANALTINO", "estado": "BAHIA", "pais": "Brasil", "precipitacao": null, "numero_dias_sem_chuva": null, "risco_fogo": null, "bioma": "Caatinga", "id_0": 33, "id_1": 29, "id_2": 2924900, "continente_id": 8, "vegetacao": null, "grade_wrs": "216_069", "frp": 8.6}, "bbox": [-40.31918, -13.26351, -40.31918, -13.26351]}, {"type": "Feature", "id": "focos_48h_br_todosats.fid--145fdae9_19db31250eb_40b3", "geometry": {"type": "Point", "coordinates": [-47.46349, -22.13815]}, "geometry_name": "geometria", "properties": {"id_foco_bdq": 1814978521, "foco_id": "280b39b7-c88c-3343-8cef-d6a0d9e10c8b", "longitude": -47.46349, "latitude": -22.13815, "data_hora_gmt": "2026-04-21T15:58:00Z", "data_pas": "2026-04-21", "satelite": "NPP-375", "municipio": "SANTA CRUZ DA CONCEIÇÃO", "estado": "SÃO PAULO", "pais": "Brasil", "precipitacao": null, "numero_dias_sem_chuva": null, "risco_fogo": null, "bioma": "Cerrado", "id_0": 33, "id_1": 35, "id_2": 3546207, "continente_id": 8, "vegetacao": null, "grade_wrs": "220_075", "frp": 6.5}, "bbox": [-47.46349, -22.13815, -47.46349, -22.13815]}, {"type": "Feature", "id": "focos_48h_br_todosats.fid--145fdae9_19db31250eb_40b5", "geometry": {"type": "Point", "coordinates": [-45.33758, -13.3913]}, "geometry_name": "geometria", "properties": {"id_foco_bdq": 1814978537, "foco_id": "926617dc-691f-3cf0-abef-8c6e35b3da17", "longitude": -45.33758, "latitude": -13.3913, "data_hora_gmt": "2026-04-21T15:58:00Z", "data_pas": "2026-04-21", "satelite": "NPP-375", "municipio": "CORRENTINA", "estado": "BAHIA", "pais": "Brasil", "precipitacao": null, "numero_dias_sem_chuva": null, "risco_fogo": null, "bioma": "Cerrado", "id_0": 33, "id_1": 29, "id_2": 2909307, "continente_id": 8, "vegetacao": null, "grade_wrs": "220_069", "frp": 12.9}, "bbox": [-45.33758, -13.3913, -45.33758, -13.3913]}, {"type": "Feature", "id": "focos_48h_br_todosats.fid--145fdae9_19db31250eb_40b6", "geometry": {"type": "Point", "coordinates": [-40.33965, -12.03975]}, "geometry_name": "geometria", "properties": {"id_foco_bdq": 1814978569, "foco_id": "0131d428-1c20-302b-ab53-f9e97ce3317d", "longitude": -40.33965, "latitude": -12.03975, "data_hora_gmt": "2026-04-21T15:58:00Z", "data_pas": "2026-04-21", "satelite": "NPP-375", "municipio": "MACAJUBA", "estado": "BAHIA", "pais": "Brasil", "precipitacao": null, "numero_dias_sem_chuva": null, "risco_fogo": null, "bioma": "Caatinga", "id_0": 33, "id_1": 29, "id_2": 2919603, "continente_id": 8, "vegetacao": null, "grade_wrs": "217_068", "frp": 4.4}, "bbox": [-40.33965, -12.03975, -40.33965, -12.03975]}, {"type": "Feature", "id": "focos_48h_br_todosats.fid--145fdae9_19db31250eb_40b8", "geometry": {"type": "Point", "coordinates": [-44.02069, -12.57688]}, "geometry_name": "geometria", "properties": {"id_foco_bdq": 1814978646, "foco_id": "0f154b45-f212-3505-81a4-ddec96c6945d", "longitude": -44.02069, "latitude": -12.57688, "data_hora_gmt": "2026-04-21T15:58:00Z", "data_pas": "2026-04-21", "satelite": "NPP-375", "municipio": "BREJOLÂNDIA", "estado": "BAHIA", "pais": "Brasil", "precipitacao": null, "numero_dias_sem_chuva": null, "risco_fogo": null, "bioma": "Cerrado", "id_0": 33, "id_1": 29, "id_2": 2904407, "continente_id": 8, "vegetacao": null, "grade_wrs": "219_069", "frp": 6.2}, "bbox": [-44.02069, -12.57688, -44.02069, -12.57688]}, {"type": "Feature", "id": "focos_48h_br_todosats.fid--145fdae9_19db31250eb_40ba", "geometry": {"type": "Point", "coordinates": [-43.37351, -13.34858]}, "geometry_name": "geometria", "properties": {"id_foco_bdq": 1814978663, "foco_id": "41284072-7117-3e58-a80f-3334a0f5e49e", "longitude": -43.37351, "latitude": -13.34858, "data_hora_gmt": "2026-04-21T15:58:00Z", "data_pas": "2026-04-21", "satelite": "NPP-375", "municipio": "BOM JESUS DA LAPA", "estado": "BAHIA", "pais": "Brasil", "precipitacao": null, "numero_dias_sem_chuva": null, "risco_fogo": null, "bioma": "Caatinga", "id_0": 33, "id_1": 29, "id_2": 2903904, "continente_id": 8, "vegetacao": null, "grade_wrs": "218_069", "frp": 4.6}, "bbox": [-43.37351, -13.34858, -43.37351, -13.34858]}, {"type": "Feature", "id": "focos_48h_br_todosats.fid--145fdae9_19db31250eb_40bb", "geometry": {"type": "Point", "coordinates": [-43.84847, -11.90762]}, "geometry_name": "geometria", "properties": {"id_foco_bdq": 1814978666, "foco_id": "614b211a-65a5-304c-849e-8bfa6bcc893a", "longitude": -43.84847, "latitude": -11.90762, "data_hora_gmt": "2026-04-21T15:58:00Z", "data_pas": "2026-04-21", "satelite": "NPP-375", "municipio": "WANDERLEY", "estado": "BAHIA", "pais": "Brasil", "precipitacao": null, "numero_dias_sem_chuva": null, "risco_fogo": null, "bioma": "Cerrado", "id_0": 33, "id_1": 29, "id_2": 2933455, "continente_id": 8, "vegetacao": null, "grade_wrs": "219_068", "frp": 4}, "bbox": [-43.84847, -11.90762, -43.84847, -11.90762]}, {"type": "Feature", "id": "focos_48h_br_todosats.fid--145fdae9_19db31250eb_40bd", "geometry": {"type": "Point", "coordinates": [-47.46254, -22.13976]}, "geometry_name": "geometria", "properties": {"id_foco_bdq": 1814978682, "foco_id": "01e547e8-32d8-3db2-9f51-812fef92241f", "longitude": -47.46254, "latitude": -22.13976, "data_hora_gmt": "2026-04-21T15:58:00Z", "data_pas": "2026-04-21", "satelite": "NPP-375", "municipio": "SANTA CRUZ DA CONCEIÇÃO", "estado": "SÃO PAULO", "pais": "Brasil", "precipitacao": null, "numero_dias_sem_chuva": null, "risco_fogo": null, "bioma": "Cerrado", "id_0": 33, "id_1": 35, "id_2": 3546207, "continente_id": 8, "vegetacao": null, "grade_wrs": "220_075", "frp": 11.1}, "bbox": [-47.46254, -22.13976, -47.46254, -22.13976]}, {"type": "Feature", "id": "focos_48h_br_todosats.fid--145fdae9_19db31250eb_40be", "geometry": {"type": "Point", "coordinates": [-39.71881, -15.00956]}, "geometry_name": "geometria", "properties": {"id_foco_bdq": 1814978693, "foco_id": "b891a64f-01c1-3d4c-8a6b-aa4241f5640b", "longitude": -39.71881, "latitude": -15.00956, "data_hora_gmt": "2026-04-21T15:58:00Z", "data_pas": "2026-04-21", "satelite": "NPP-375", "municipio": "ITAJU DO COLÔNIA", "estado": "BAHIA", "pais": "Brasil", "precipitacao": null, "numero_dias_sem_chuva": null, "risco_fogo": null, "bioma": "Mata Atlântica", "id_0": 33, "id_1": 29, "id_2": 2915403, "continente_id": 8, "vegetacao": null, "grade_wrs": "216_070", "frp": 18}, "bbox": [-39.71881, -15.00956, -39.71881, -15.00956]}, {"type": "Feature", "id": "focos_48h_br_todosats.fid--145fdae9_19db31250eb_40bf", "geometry": {"type": "Point", "coordinates": [-43.3763, -11.95631]}, "geometry_name": "geometria", "properties": {"id_foco_bdq": 1814978715, "foco_id": "c13af61c-2f11-3e2f-a2b4-43cafc3b479e", "longitude": -43.3763, "latitude": -11.95631, "data_hora_gmt": "2026-04-21T15:58:00Z", "data_pas": "2026-04-21", "satelite": "NPP-375", "municipio": "MUQUÉM DO SÃO FRANCISCO", "estado": "BAHIA", "pais": "Brasil", "precipitacao": null, "numero_dias_sem_chuva": null, "risco_fogo": null, "bioma": "Cerrado", "id_0": 33, "id_1": 29, "id_2": 2922250, "continente_id": 8, "vegetacao": null, "grade_wrs": "219_068", "frp": 4.3}, "bbox": [-43.3763, -11.95631, -43.3763, -11.95631]}, {"type": "Feature", "id": "focos_48h_br_todosats.fid--145fdae9_19db31250eb_40c0", "geometry": {"type": "Point", "coordinates": [-43.01536, -12.91576]}, "geometry_name": "geometria", "properties": {"id_foco_bdq": 1814978720, "foco_id": "22b52028-1b2a-3d2f-ba5c-4d690512e2b4", "longitude": -43.01536, "latitude": -12.91576, "data_hora_gmt": "2026-04-21T15:58:00Z", "data_pas": "2026-04-21", "satelite": "NPP-375", "municipio": "PARATINGA", "estado": "BAHIA", "pais": "Brasil", "precipitacao": null, "numero_dias_sem_chuva": null, "risco_fogo": null, "bioma": "Caatinga", "id_0": 33, "id_1": 29, "id_2": 2923704, "continente_id": 8, "vegetacao": null, "grade_wrs": "218_069", "frp": 12.7}, "bbox": [-43.01536, -12.91576, -43.01536, -12.91576]}, {"type": "Feature", "id": "focos_48h_br_todosats.fid--145fdae9_19db31250eb_40c2", "geometry": {"type": "Point", "coordinates": [-44.03841, -13.53187]}, "geometry_name": "geometria", "properties": {"id_foco_bdq": 1814978763, "foco_id": "8d8f10ff-1bd6-30b7-96dc-5ba5910daa53", "longitude": -44.03841, "latitude": -13.53187, "data_hora_gmt": "2026-04-21T15:58:00Z", "data_pas": "2026-04-21", "satelite": "NPP-375", "municipio": "SÃO FÉLIX DO CORIBE", "estado": "BAHIA", "pais": "Brasil", "precipitacao": null, "numero_dias_sem_chuva": null, "risco_fogo": null, "bioma": "Cerrado", "id_0": 33, "id_1": 29, "id_2": 2929057, "continente_id": 8, "vegetacao": null, "grade_wrs": "219_069", "frp": 8.2}, "bbox": [-44.03841, -13.53187, -44.03841, -13.53187]}, {"type": "Feature", "id": "focos_48h_br_todosats.fid--145fdae9_19db31250eb_40c3", "geometry": {"type": "Point", "coordinates": [-39.42196, -14.43331]}, "geometry_name": "geometria", "properties": {"id_foco_bdq": 1814978774, "foco_id": "34b79091-f244-3a1b-8d3e-fab5462b4aac", "longitude": -39.42196, "latitude": -14.43331, "data_hora_gmt": "2026-04-21T15:58:00Z", "data_pas": "2026-04-21", "satelite": "NPP-375", "municipio": "AURELINO LEAL", "estado": "BAHIA", "pais": "Brasil", "precipitacao": null, "numero_dias_sem_chuva": null, "risco_fogo": null, "bioma": "Mata Atlântica", "id_0": 33, "id_1": 29, "id_2": 2902401, "continente_id": 8, "vegetacao": null, "grade_wrs": "216_070", "frp": 19.6}, "bbox": [-39.42196, -14.43331, -39.42196, -14.43331]}, {"type": "Feature", "id": "focos_48h_br_todosats.fid--145fdae9_19db31250eb_40c4", "geometry": {"type": "Point", "coordinates": [-44.19223, -12.24766]}, "geometry_name": "geometria", "properties": {"id_foco_bdq": 1814978781, "foco_id": "75552791-24cf-3662-9965-35a2b8e6ed73", "longitude": -44.19223, "latitude": -12.24766, "data_hora_gmt": "2026-04-21T15:58:00Z", "data_pas": "2026-04-21", "satelite": "NPP-375", "municipio": "CRISTÓPOLIS", "estado": "BAHIA", "pais": "Brasil", "precipitacao": null, "numero_dias_sem_chuva": null, "risco_fogo": null, "bioma": "Cerrado", "id_0": 33, "id_1": 29, "id_2": 2909703, "continente_id": 8, "vegetacao": null, "grade_wrs": "219_068", "frp": 4}, "bbox": [-44.19223, -12.24766, -44.19223, -12.24766]}, {"type": "Feature", "id": "focos_48h_br_todosats.fid--145fdae9_19db31250eb_40c5", "geometry": {"type": "Point", "coordinates": [-39.11042, -12.1707]}, "geometry_name": "geometria", "properties": {"id_foco_bdq": 1814978800, "foco_id": "7dd9e037-31b5-3fb5-a307-7dfc1a48b43b", "longitude": -39.11042, "latitude": -12.1707, "data_hora_gmt": "2026-04-21T15:58:00Z", "data_pas": "2026-04-21", "satelite": "NPP-375", "municipio": "FEIRA DE SANTANA", "estado": "BAHIA", "pais": "Brasil", "precipitacao": null, "numero_dias_sem_chuva": null, "risco_fogo": null, "bioma": "Mata Atlântica", "id_0": 33, "id_1": 29, "id_2": 2910800, "continente_id": 8, "vegetacao": null, "grade_wrs": "216_068", "frp": 5.2}, "bbox": [-39.11042, -12.1707, -39.11042, -12.1707]}, {"type": "Feature", "id": "focos_48h_br_todosats.fid--145fdae9_19db31250eb_40c7", "geometry": {"type": "Point", "coordinates": [-43.61107, -13.02549]}, "geometry_name": "geometria", "properties": {"id_foco_bdq": 1814978859, "foco_id": "2b2d696b-d50d-3589-af4a-ffcb9adbc6ed", "longitude": -43.61107, "latitude": -13.02549, "data_hora_gmt": "2026-04-21T15:58:00Z", "data_pas": "2026-04-21", "satelite": "NPP-375", "municipio": "SÍTIO DO MATO", "estado": "BAHIA", "pais": "Brasil", "precipitacao": null, "numero_dias_sem_chuva": null, "risco_fogo": null, "bioma": "Cerrado", "id_0": 33, "id_1": 29, "id_2": 2930758, "continente_id": 8, "vegetacao": null, "grade_wrs": "219_069", "frp": 7.6}, "bbox": [-43.61107, -13.02549, -43.61107, -13.02549]}, {"type": "Feature", "id": "focos_48h_br_todosats.fid--145fdae9_19db31250eb_40c8", "geometry": {"type": "Point", "coordinates": [-45.22409, -12.02723]}, "geometry_name": "geometria", "properties": {"id_foco_bdq": 1814978860, "foco_id": "d7309df9-75d2-3bd0-9f13-8f908f5fa22e", "longitude": -45.22409, "latitude": -12.02723, "data_hora_gmt": "2026-04-21T15:58:00Z", "data_pas": "2026-04-21", "satelite": "NPP-375", "municipio": "BARREIRAS", "estado": "BAHIA", "pais": "Brasil", "precipitacao": null, "numero_dias_sem_chuva": null, "risco_fogo": null, "bioma": "Cerrado", "id_0": 33, "id_1": 29, "id_2": 2903201, "continente_id": 8, "vegetacao": null, "grade_wrs": "220_068", "frp": 4.5}, "bbox": [-45.22409, -12.02723, -45.22409, -12.02723]}, {"type": "Feature", "id": "focos_48h_br_todosats.fid--145fdae9_19db31250eb_40cc", "geometry": {"type": "Point", "coordinates": [-41.40946, -13.85052]}, "geometry_name": "geometria", "properties": {"id_foco_bdq": 1814978864, "foco_id": "b2c21a5d-375b-3171-a20f-69bc81054c7c", "longitude": -41.40946, "latitude": -13.85052, "data_hora_gmt": "2026-04-21T15:58:00Z", "data_pas": "2026-04-21", "satelite": "NPP-375", "municipio": "ITUAÇU", "estado": "BAHIA", "pais": "Brasil", "precipitacao": null, "numero_dias_sem_chuva": null, "risco_fogo": null, "bioma": "Caatinga", "id_0": 33, "id_1": 29, "id_2": 2917201, "continente_id": 8, "vegetacao": null, "grade_wrs": "217_070", "frp": 6.1}, "bbox": [-41.40946, -13.85052, -41.40946, -13.85052]}, {"type": "Feature", "id": "focos_48h_br_todosats.fid--145fdae9_19db31250eb_40cd", "geometry": {"type": "Point", "coordinates": [-43.41698, -12.56558]}, "geometry_name": "geometria", "properties": {"id_foco_bdq": 1814978866, "foco_id": "2da7d5cc-c5d7-3c93-93c5-d17820302c49", "longitude": -43.41698, "latitude": -12.56558, "data_hora_gmt": "2026-04-21T15:58:00Z", "data_pas": "2026-04-21", "satelite": "NPP-375", "municipio": "SÍTIO DO MATO", "estado": "BAHIA", "pais": "Brasil", "precipitacao": null, "numero_dias_sem_chuva": null, "risco_fogo": null, "bioma": "Cerrado", "id_0": 33, "id_1": 29, "id_2": 2930758, "continente_id": 8, "vegetacao": null, "grade_wrs": "219_069", "frp": 2.5}, "bbox": [-43.41698, -12.56558, -43.41698, -12.56558]}, {"type": "Feature", "id": "focos_48h_br_todosats.fid--145fdae9_19db31250eb_40ce", "geometry": {"type": "Point", "coordinates": [-45.33826, -13.38546]}, "geometry_name": "geometria", "properties": {"id_foco_bdq": 1814978975, "foco_id": "f8ca4c9a-d7b2-3b91-97c2-0917b4f7c88c", "longitude": -45.33826, "latitude": -13.38546, "data_hora_gmt": "2026-04-21T15:58:00Z", "data_pas": "2026-04-21", "satelite": "NPP-375", "municipio": "CORRENTINA", "estado": "BAHIA", "pais": "Brasil", "precipitacao": null, "numero_dias_sem_chuva": null, "risco_fogo": null, "bioma": "Cerrado", "id_0": 33, "id_1": 29, "id_2": 2909307, "continente_id": 8, "vegetacao": null, "grade_wrs": "220_069", "frp": 19.2}, "bbox": [-45.33826, -13.38546, -45.33826, -13.38546]}, {"type": "Feature", "id": "focos_48h_br_todosats.fid--145fdae9_19db31250eb_40cf", "geometry": {"type": "Point", "coordinates": [-42.58604, -13.3357]}, "geometry_name": "geometria", "properties": {"id_foco_bdq": 1814978980, "foco_id": "7cf53e20-aa31-37d1-a9ad-57781916fde1", "longitude": -42.58604, "latitude": -13.3357, "data_hora_gmt": "2026-04-21T15:58:00Z", "data_pas": "2026-04-21", "satelite": "NPP-375", "municipio": "BOTUPORÃ", "estado": "BAHIA", "pais": "Brasil", "precipitacao": null, "numero_dias_sem_chuva": null, "risco_fogo": null, "bioma": "Caatinga", "id_0": 33, "id_1": 29, "id_2": 2904209, "continente_id": 8, "vegetacao": null, "grade_wrs": "218_069", "frp": 3.1}, "bbox": [-42.58604, -13.3357, -42.58604, -13.3357]}, {"type": "Feature", "id": "focos_48h_br_todosats.fid--145fdae9_19db31250eb_40d0", "geometry": {"type": "Point", "coordinates": [-45.34245, -13.38593]}, "geometry_name": "geometria", "properties": {"id_foco_bdq": 1814978981, "foco_id": "3c877640-caa0-3f3f-9836-2840b64955f2", "longitude": -45.34245, "latitude": -13.38593, "data_hora_gmt": "2026-04-21T15:58:00Z", "data_pas": "2026-04-21", "satelite": "NPP-375", "municipio": "CORRENTINA", "estado": "BAHIA", "pais": "Brasil", "precipitacao": null, "numero_dias_sem_chuva": null, "risco_fogo": null, "bioma": "Cerrado", "id_0": 33, "id_1": 29, "id_2": 2909307, "continente_id": 8, "vegetacao": null, "grade_wrs": "220_069", "frp": 9.8}, "bbox": [-45.34245, -13.38593, -45.34245, -13.38593]}, {"type": "Feature", "id": "focos_48h_br_todosats.fid--145fdae9_19db31250eb_40d1", "geometry": {"type": "Point", "coordinates": [-45.22341, -12.03293]}, "geometry_name": "geometria", "properties": {"id_foco_bdq": 1814978994, "foco_id": "be9ad707-2763-3cab-846b-c88ccc34a81c", "longitude": -45.22341, "latitude": -12.03293, "data_hora_gmt": "2026-04-21T15:58:00Z", "data_pas": "2026-04-21", "satelite": "NPP-375", "municipio": "BARREIRAS", "estado": "BAHIA", "pais": "Brasil", "precipitacao": null, "numero_dias_sem_chuva": null, "risco_fogo": null, "bioma": "Cerrado", "id_0": 33, "id_1": 29, "id_2": 2903201, "continente_id": 8, "vegetacao": null, "grade_wrs": "220_068", "frp": 4.5}, "bbox": [-45.22341, -12.03293, -45.22341, -12.03293]}, {"type": "Feature", "id": "focos_48h_br_todosats.fid--145fdae9_19db31250eb_40d2", "geometry": {"type": "Point", "coordinates": [-43.84277, -11.97556]}, "geometry_name": "geometria", "properties": {"id_foco_bdq": 1814979011, "foco_id": "9214a3f8-e418-3615-a6cc-512a03c6b81c", "longitude": -43.84277, "latitude": -11.97556, "data_hora_gmt": "2026-04-21T15:58:00Z", "data_pas": "2026-04-21", "satelite": "NPP-375", "municipio": "WANDERLEY", "estado": "BAHIA", "pais": "Brasil", "precipitacao": null, "numero_dias_sem_chuva": null, "risco_fogo": null, "bioma": "Cerrado", "id_0": 33, "id_1": 29, "id_2": 2933455, "continente_id": 8, "vegetacao": null, "grade_wrs": "219_068", "frp": 8.7}, "bbox": [-43.84277, -11.97556, -43.84277, -11.97556]}, {"type": "Feature", "id": "focos_48h_br_todosats.fid--145fdae9_19db31250eb_40d4", "geometry": {"type": "Point", "coordinates": [-43.84309, -11.91109]}, "geometry_name": "geometria", "properties": {"id_foco_bdq": 1814979012, "foco_id": "0f9651f3-6ae5-310b-9915-a28e56aaaf01", "longitude": -43.84309, "latitude": -11.91109, "data_hora_gmt": "2026-04-21T15:58:00Z", "data_pas": "2026-04-21", "satelite": "NPP-375", "municipio": "WANDERLEY", "estado": "BAHIA", "pais": "Brasil", "precipitacao": null, "numero_dias_sem_chuva": null, "risco_fogo": null, "bioma": "Cerrado", "id_0": 33, "id_1": 29, "id_2": 2933455, "continente_id": 8, "vegetacao": null, "grade_wrs": "219_068", "frp": 8.8}, "bbox": [-43.84309, -11.91109, -43.84309, -11.91109]}, {"type": "Feature", "id": "focos_48h_br_todosats.fid--145fdae9_19db31250eb_40d6", "geometry": {"type": "Point", "coordinates": [-45.33339, -13.39083]}, "geometry_name": "geometria", "properties": {"id_foco_bdq": 1814979074, "foco_id": "013b007c-909e-3630-84b6-af26dd1ad3c2", "longitude": -45.33339, "latitude": -13.39083, "data_hora_gmt": "2026-04-21T15:58:00Z", "data_pas": "2026-04-21", "satelite": "NPP-375", "municipio": "CORRENTINA", "estado": "BAHIA", "pais": "Brasil", "precipitacao": null, "numero_dias_sem_chuva": null, "risco_fogo": null, "bioma": "Cerrado", "id_0": 33, "id_1": 29, "id_2": 2909307, "continente_id": 8, "vegetacao": null, "grade_wrs": "220_069", "frp": 12.9}, "bbox": [-45.33339, -13.39083, -45.33339, -13.39083]}, {"type": "Feature", "id": "focos_48h_br_todosats.fid--145fdae9_19db31250eb_40d7", "geometry": {"type": "Point", "coordinates": [-40.03787, -14.22592]}, "geometry_name": "geometria", "properties": {"id_foco_bdq": 1814979237, "foco_id": "b6ceb3b8-fafa-3e54-8b95-bea950008d20", "longitude": -40.03787, "latitude": -14.22592, "data_hora_gmt": "2026-04-21T15:58:00Z", "data_pas": "2026-04-21", "satelite": "NPP-375", "municipio": "ITAGI", "estado": "BAHIA", "pais": "Brasil", "precipitacao": null, "numero_dias_sem_chuva": null, "risco_fogo": null, "bioma": "Mata Atlântica", "id_0": 33, "id_1": 29, "id_2": 2915106, "continente_id": 8, "vegetacao": null, "grade_wrs": "216_070", "frp": 1.8}, "bbox": [-40.03787, -14.22592, -40.03787, -14.22592]}, {"type": "Feature", "id": "focos_48h_br_todosats.fid--145fdae9_19db31250eb_40d8", "geometry": {"type": "Point", "coordinates": [-45.2181, -12.04387]}, "geometry_name": "geometria", "properties": {"id_foco_bdq": 1814979242, "foco_id": "daabcb1a-8872-3715-96f5-ae031f378906", "longitude": -45.2181, "latitude": -12.04387, "data_hora_gmt": "2026-04-21T15:58:00Z", "data_pas": "2026-04-21", "satelite": "NPP-375", "municipio": "BARREIRAS", "estado": "BAHIA", "pais": "Brasil", "precipitacao": null, "numero_dias_sem_chuva": null, "risco_fogo": null, "bioma": "Cerrado", "id_0": 33, "id_1": 29, "id_2": 2903201, "continente_id": 8, "vegetacao": null, "grade_wrs": "220_068", "frp": 2.9}, "bbox": [-45.2181, -12.04387, -45.2181, -12.04387]}, {"type": "Feature", "id": "focos_48h_br_todosats.fid--145fdae9_19db31250eb_40d9", "geometry": {"type": "Point", "coordinates": [-39.16805, -12.35616]}, "geometry_name": "geometria", "properties": {"id_foco_bdq": 1814979273, "foco_id": "6cff1f5f-2757-3830-97a6-f188dead90a0", "longitude": -39.16805, "latitude": -12.35616, "data_hora_gmt": "2026-04-21T15:58:00Z", "data_pas": "2026-04-21", "satelite": "NPP-375", "municipio": "ANTÔNIO CARDOSO", "estado": "BAHIA", "pais": "Brasil", "precipitacao": null, "numero_dias_sem_chuva": null, "risco_fogo": null, "bioma": "Mata Atlântica", "id_0": 33, "id_1": 29, "id_2": 2901700, "continente_id": 8, "vegetacao": null, "grade_wrs": "216_069", "frp": 4.3}, "bbox": [-39.16805, -12.35616, -39.16805, -12.35616]}, {"type": "Feature", "id": "focos_48h_br_todosats.fid--145fdae9_19db31250eb_40dc", "geometry": {"type": "Point", "coordinates": [-45.35793, -13.96262]}, "geometry_name": "geometria", "properties": {"id_foco_bdq": 1814979360, "foco_id": "a5ddbca6-d386-337e-8183-200e001b65b3", "longitude": -45.35793, "latitude": -13.96262, "data_hora_gmt": "2026-04-21T15:58:00Z", "data_pas": "2026-04-21", "satelite": "NPP-375", "municipio": "JABORANDI", "estado": "BAHIA", "pais": "Brasil", "precipitacao": null, "numero_dias_sem_chuva": null, "risco_fogo": null, "bioma": "Cerrado", "id_0": 33, "id_1": 29, "id_2": 2917359, "continente_id": 8, "vegetacao": null, "grade_wrs": "220_070", "frp": 4.4}, "bbox": [-45.35793, -13.96262, -45.35793, -13.96262]}, {"type": "Feature", "id": "focos_48h_br_todosats.fid--145fdae9_19db31250eb_40de", "geometry": {"type": "Point", "coordinates": [-42.02021, -14.1099]}, "geometry_name": "geometria", "properties": {"id_foco_bdq": 1814979364, "foco_id": "b5ae238c-6140-3fd6-8f0c-10f398caaf66", "longitude": -42.02021, "latitude": -14.1099, "data_hora_gmt": "2026-04-21T15:58:00Z", "data_pas": "2026-04-21", "satelite": "NPP-375", "municipio": "BRUMADO", "estado": "BAHIA", "pais": "Brasil", "precipitacao": null, "numero_dias_sem_chuva": null, "risco_fogo": null, "bioma": "Caatinga", "id_0": 33, "id_1": 29, "id_2": 2904605, "continente_id": 8, "vegetacao": null, "grade_wrs": "217_070", "frp": 3.8}, "bbox": [-42.02021, -14.1099, -42.02021, -14.1099]}, {"type": "Feature", "id": "focos_48h_br_todosats.fid--145fdae9_19db31250eb_40df", "geometry": {"type": "Point", "coordinates": [-43.84145, -11.91206]}, "geometry_name": "geometria", "properties": {"id_foco_bdq": 1814979366, "foco_id": "49660abe-f270-3fd6-b2c7-ee9d04e7c026", "longitude": -43.84145, "latitude": -11.91206, "data_hora_gmt": "2026-04-21T15:58:00Z", "data_pas": "2026-04-21", "satelite": "NPP-375", "municipio": "WANDERLEY", "estado": "BAHIA", "pais": "Brasil", "precipitacao": null, "numero_dias_sem_chuva": null, "risco_fogo": null, "bioma": "Cerrado", "id_0": 33, "id_1": 29, "id_2": 2933455, "continente_id": 8, "vegetacao": null, "grade_wrs": "219_068", "frp": 5.6}, "bbox": [-43.84145, -11.91206, -43.84145, -11.91206]}, {"type": "Feature", "id": "focos_48h_br_todosats.fid--145fdae9_19db31250eb_40e0", "geometry": {"type": "Point", "coordinates": [-40.31938, -13.26851]}, "geometry_name": "geometria", "properties": {"id_foco_bdq": 1814979381, "foco_id": "4457d4a1-ffe2-31d5-ad94-b4fb2d6eea19", "longitude": -40.31938, "latitude": -13.26851, "data_hora_gmt": "2026-04-21T15:58:00Z", "data_pas": "2026-04-21", "satelite": "NPP-375", "municipio": "PLANALTINO", "estado": "BAHIA", "pais": "Brasil", "precipitacao": null, "numero_dias_sem_chuva": null, "risco_fogo": null, "bioma": "Caatinga", "id_0": 33, "id_1": 29, "id_2": 2924900, "continente_id": 8, "vegetacao": null, "grade_wrs": "216_069", "frp": 3.6}, "bbox": [-40.31938, -13.26851, -40.31938, -13.26851]}, {"type": "Feature", "id": "focos_48h_br_todosats.fid--145fdae9_19db31250eb_40e2", "geometry": {"type": "Point", "coordinates": [-39.68424, -13.78802]}, "geometry_name": "geometria", "properties": {"id_foco_bdq": 1814979390, "foco_id": "44f164e0-38b2-3ac4-91b6-364b4dea2483", "longitude": -39.68424, "latitude": -13.78802, "data_hora_gmt": "2026-04-21T15:58:00Z", "data_pas": "2026-04-21", "satelite": "NPP-375", "municipio": "ITAMARI", "estado": "BAHIA", "pais": "Brasil", "precipitacao": null, "numero_dias_sem_chuva": null, "risco_fogo": null, "bioma": "Mata Atlântica", "id_0": 33, "id_1": 29, "id_2": 2915700, "continente_id": 8, "vegetacao": null, "grade_wrs": "216_070", "frp": 7.7}, "bbox": [-39.68424, -13.78802, -39.68424, -13.78802]}, {"type": "Feature", "id": "focos_48h_br_todosats.fid--145fdae9_19db31250eb_40e3", "geometry": {"type": "Point", "coordinates": [-40.71013, -19.71519]}, "geometry_name": "geometria", "properties": {"id_foco_bdq": 1814979426, "foco_id": "8cd904e8-bcc0-3361-a1da-3da1e3562d48", "longitude": -40.71013, "latitude": -19.71519, "data_hora_gmt": "2026-04-21T15:58:00Z", "data_pas": "2026-04-21", "satelite": "NPP-375", "municipio": "SÃO ROQUE DO CANAÃ", "estado": "ESPÍRITO SANTO", "pais": "Brasil", "precipitacao": null, "numero_dias_sem_chuva": null, "risco_fogo": null, "bioma": "Mata Atlântica", "id_0": 33, "id_1": 32, "id_2": 3204955, "continente_id": 8, "vegetacao": null, "grade_wrs": "216_074", "frp": 2.5}, "bbox": [-40.71013, -19.71519, -40.71013, -19.71519]}, {"type": "Feature", "id": "focos_48h_br_todosats.fid--145fdae9_19db31250eb_40e4", "geometry": {"type": "Point", "coordinates": [-44.03642, -13.52966]}, "geometry_name": "geometria", "properties": {"id_foco_bdq": 1814979459, "foco_id": "0b27b368-ca2a-326c-bb84-d5d2bad22adc", "longitude": -44.03642, "latitude": -13.52966, "data_hora_gmt": "2026-04-21T15:58:00Z", "data_pas": "2026-04-21", "satelite": "NPP-375", "municipio": "SÃO FÉLIX DO CORIBE", "estado": "BAHIA", "pais": "Brasil", "precipitacao": null, "numero_dias_sem_chuva": null, "risco_fogo": null, "bioma": "Cerrado", "id_0": 33, "id_1": 29, "id_2": 2929057, "continente_id": 8, "vegetacao": null, "grade_wrs": "219_069", "frp": 7.7}, "bbox": [-44.03642, -13.52966, -44.03642, -13.52966]}, {"type": "Feature", "id": "focos_48h_br_todosats.fid--145fdae9_19db31250eb_40e6", "geometry": {"type": "Point", "coordinates": [-39.09646, -14.04241]}, "geometry_name": "geometria", "properties": {"id_foco_bdq": 1814979463, "foco_id": "fc370c93-0de7-3538-88b1-b6c8e5253650", "longitude": -39.09646, "latitude": -14.04241, "data_hora_gmt": "2026-04-21T15:58:00Z", "data_pas": "2026-04-21", "satelite": "NPP-375", "municipio": "CAMAMU", "estado": "BAHIA", "pais": "Brasil", "precipitacao": null, "numero_dias_sem_chuva": null, "risco_fogo": null, "bioma": "Mata Atlântica", "id_0": 33, "id_1": 29, "id_2": 2905800, "continente_id": 8, "vegetacao": null, "grade_wrs": "216_070", "frp": 2.3}, "bbox": [-39.09646, -14.04241, -39.09646, -14.04241]}, {"type": "Feature", "id": "focos_48h_br_todosats.fid--145fdae9_19db31250eb_40e7", "geometry": {"type": "Point", "coordinates": [-43.41636, -12.57067]}, "geometry_name": "geometria", "properties": {"id_foco_bdq": 1814979466, "foco_id": "81ef8f30-b3c8-3c3f-8a61-265dfd4f50f4", "longitude": -43.41636, "latitude": -12.57067, "data_hora_gmt": "2026-04-21T15:58:00Z", "data_pas": "2026-04-21", "satelite": "NPP-375", "municipio": "SÍTIO DO MATO", "estado": "BAHIA", "pais": "Brasil", "precipitacao": null, "numero_dias_sem_chuva": null, "risco_fogo": null, "bioma": "Cerrado", "id_0": 33, "id_1": 29, "id_2": 2930758, "continente_id": 8, "vegetacao": null, "grade_wrs": "219_069", "frp": 2.8}, "bbox": [-43.41636, -12.57067, -43.41636, -12.57067]}, {"type": "Feature", "id": "focos_48h_br_todosats.fid--145fdae9_19db31250eb_40e8", "geometry": {"type": "Point", "coordinates": [-43.41397, -12.5652]}, "geometry_name": "geometria", "properties": {"id_foco_bdq": 1814979467, "foco_id": "54afc84e-839b-34e4-820a-b9ab544ca921", "longitude": -43.41397, "latitude": -12.5652, "data_hora_gmt": "2026-04-21T15:58:00Z", "data_pas": "2026-04-21", "satelite": "NPP-375", "municipio": "SÍTIO DO MATO", "estado": "BAHIA", "pais": "Brasil", "precipitacao": null, "numero_dias_sem_chuva": null, "risco_fogo": null, "bioma": "Cerrado", "id_0": 33, "id_1": 29, "id_2": 2930758, "continente_id": 8, "vegetacao": null, "grade_wrs": "219_069", "frp": 3.7}, "bbox": [-43.41397, -12.5652, -43.41397, -12.5652]}, {"type": "Feature", "id": "focos_48h_br_todosats.fid--145fdae9_19db31250eb_40ea", "geometry": {"type": "Point", "coordinates": [-43.84692, -11.90631]}, "geometry_name": "geometria", "properties": {"id_foco_bdq": 1814979480, "foco_id": "6b7ae59b-c292-353b-8163-92aaaf17d1bf", "longitude": -43.84692, "latitude": -11.90631, "data_hora_gmt": "2026-04-21T15:58:00Z", "data_pas": "2026-04-21", "satelite": "NPP-375", "municipio": "WANDERLEY", "estado": "BAHIA", "pais": "Brasil", "precipitacao": null, "numero_dias_sem_chuva": null, "risco_fogo": null, "bioma": "Cerrado", "id_0": 33, "id_1": 29, "id_2": 2933455, "continente_id": 8, "vegetacao": null, "grade_wrs": "219_068", "frp": 5.7}, "bbox": [-43.84692, -11.90631, -43.84692, -11.90631]}, {"type": "Feature", "id": "focos_48h_br_todosats.fid--145fdae9_19db31250eb_40eb", "geometry": {"type": "Point", "coordinates": [-44.01984, -12.5756]}, "geometry_name": "geometria", "properties": {"id_foco_bdq": 1814979505, "foco_id": "41a243f9-7c57-3e79-bc0e-ee02d22f3c1f", "longitude": -44.01984, "latitude": -12.5756, "data_hora_gmt": "2026-04-21T15:58:00Z", "data_pas": "2026-04-21", "satelite": "NPP-375", "municipio": "BREJOLÂNDIA", "estado": "BAHIA", "pais": "Brasil", "precipitacao": null, "numero_dias_sem_chuva": null, "risco_fogo": null, "bioma": "Cerrado", "id_0": 33, "id_1": 29, "id_2": 2904407, "continente_id": 8, "vegetacao": null, "grade_wrs": "219_069", "frp": 5}, "bbox": [-44.01984, -12.5756, -44.01984, -12.5756]}, {"type": "Feature", "id": "focos_48h_br_todosats.fid--145fdae9_19db31250eb_40ed", "geometry": {"type": "Point", "coordinates": [-43.01245, -13.22439]}, "geometry_name": "geometria", "properties": {"id_foco_bdq": 1814979510, "foco_id": "60a6ca6d-cca6-3b4a-8b87-36f3553eefe8", "longitude": -43.01245, "latitude": -13.22439, "data_hora_gmt": "2026-04-21T15:58:00Z", "data_pas": "2026-04-21", "satelite": "NPP-375", "municipio": "BOM JESUS DA LAPA", "estado": "BAHIA", "pais": "Brasil", "precipitacao": null, "numero_dias_sem_chuva": null, "risco_fogo": null, "bioma": "Caatinga", "id_0": 33, "id_1": 29, "id_2": 2903904, "continente_id": 8, "vegetacao": null, "grade_wrs": "218_069", "frp": 5.8}, "bbox": [-43.01245, -13.22439, -43.01245, -13.22439]}, {"type": "Feature", "id": "focos_48h_br_todosats.fid--145fdae9_19db31250eb_40ee", "geometry": {"type": "Point", "coordinates": [-39.1498, -13.84674]}, "geometry_name": "geometria", "properties": {"id_foco_bdq": 1814979531, "foco_id": "e7cabfbd-127f-3587-afe0-470867348d7d", "longitude": -39.1498, "latitude": -13.84674, "data_hora_gmt": "2026-04-21T15:58:00Z", "data_pas": "2026-04-21", "satelite": "NPP-375", "municipio": "IGRAPIÚNA", "estado": "BAHIA", "pais": "Brasil", "precipitacao": null, "numero_dias_sem_chuva": null, "risco_fogo": null, "bioma": "Mata Atlântica", "id_0": 33, "id_1": 29, "id_2": 2913457, "continente_id": 8, "vegetacao": null, "grade_wrs": "216_070", "frp": 5}, "bbox": [-39.1498, -13.84674, -39.1498, -13.84674]}, {"type": "Feature", "id": "focos_48h_br_todosats.fid--145fdae9_19db31250eb_40ef", "geometry": {"type": "Point", "coordinates": [-42.09613, -19.72257]}, "geometry_name": "geometria", "properties": {"id_foco_bdq": 1814979548, "foco_id": "a11ee805-1df4-3da7-a5f3-bd6ef1e67749", "longitude": -42.09613, "latitude": -19.72257, "data_hora_gmt": "2026-04-21T15:58:00Z", "data_pas": "2026-04-21", "satelite": "NPP-375", "municipio": "UBAPORANGA", "estado": "MINAS GERAIS", "pais": "Brasil", "precipitacao": null, "numero_dias_sem_chuva": null, "risco_fogo": null, "bioma": "Mata Atlântica", "id_0": 33, "id_1": 31, "id_2": 3170057, "continente_id": 8, "vegetacao": null, "grade_wrs": "217_074", "frp": 1.7}, "bbox": [-42.09613, -19.72257, -42.09613, -19.72257]}, {"type": "Feature", "id": "focos_48h_br_todosats.fid--145fdae9_19db31250eb_40f1", "geometry": {"type": "Point", "coordinates": [-40.85604, -11.95897]}, "geometry_name": "geometria", "properties": {"id_foco_bdq": 1814979552, "foco_id": "315c83c1-3b1b-3d9e-819c-0c494c7d2ff7", "longitude": -40.85604, "latitude": -11.95897, "data_hora_gmt": "2026-04-21T15:58:00Z", "data_pas": "2026-04-21", "satelite": "NPP-375", "municipio": "TAPIRAMUTÁ", "estado": "BAHIA", "pais": "Brasil", "precipitacao": null, "numero_dias_sem_chuva": null, "risco_fogo": null, "bioma": "Caatinga", "id_0": 33, "id_1": 29, "id_2": 2931301, "continente_id": 8, "vegetacao": null, "grade_wrs": "217_068", "frp": 5.3}, "bbox": [-40.85604, -11.95897, -40.85604, -11.95897]}, {"type": "Feature", "id": "focos_48h_br_todosats.fid--145fdae9_19db31250eb_40f3", "geometry": {"type": "Point", "coordinates": [-46.25297, -20.10747]}, "geometry_name": "geometria", "properties": {"id_foco_bdq": 1814979574, "foco_id": "8124a499-5db4-30fd-82c7-fc6e1546ffa0", "longitude": -46.25297, "latitude": -20.10747, "data_hora_gmt": "2026-04-21T15:58:00Z", "data_pas": "2026-04-21", "satelite": "NPP-375", "municipio": "MEDEIROS", "estado": "MINAS GERAIS", "pais": "Brasil", "precipitacao": null, "numero_dias_sem_chuva": null, "risco_fogo": null, "bioma": "Cerrado", "id_0": 33, "id_1": 31, "id_2": 3141306, "continente_id": 8, "vegetacao": null, "grade_wrs": "219_074", "frp": 7.7}, "bbox": [-46.25297, -20.10747, -46.25297, -20.10747]}, {"type": "Feature", "id": "focos_48h_br_todosats.fid--145fdae9_19db31250eb_40f4", "geometry": {"type": "Point", "coordinates": [-41.3072, -12.10659]}, "geometry_name": "geometria", "properties": {"id_foco_bdq": 1814979576, "foco_id": "e95a97a4-aa78-36f4-bfb5-0aa33203fdd5", "longitude": -41.3072, "latitude": -12.10659, "data_hora_gmt": "2026-04-21T15:58:00Z", "data_pas": "2026-04-21", "satelite": "NPP-375", "municipio": "BONITO", "estado": "BAHIA", "pais": "Brasil", "precipitacao": null, "numero_dias_sem_chuva": null, "risco_fogo": null, "bioma": "Caatinga", "id_0": 33, "id_1": 29, "id_2": 2904050, "continente_id": 8, "vegetacao": null, "grade_wrs": "217_068", "frp": 12.3}, "bbox": [-41.3072, -12.10659, -41.3072, -12.10659]}, {"type": "Feature", "id": "focos_48h_br_todosats.fid--145fdae9_19db31250eb_40f6", "geometry": {"type": "Point", "coordinates": [-44.03497, -13.53147]}, "geometry_name": "geometria", "properties": {"id_foco_bdq": 1814979586, "foco_id": "804cff3a-cf56-39c1-b444-083d08a27982", "longitude": -44.03497, "latitude": -13.53147, "data_hora_gmt": "2026-04-21T15:58:00Z", "data_pas": "2026-04-21", "satelite": "NPP-375", "municipio": "SÃO FÉLIX DO CORIBE", "estado": "BAHIA", "pais": "Brasil", "precipitacao": null, "numero_dias_sem_chuva": null, "risco_fogo": null, "bioma": "Cerrado", "id_0": 33, "id_1": 29, "id_2": 2929057, "continente_id": 8, "vegetacao": null, "grade_wrs": "219_069", "frp": 8.2}, "bbox": [-44.03497, -13.53147, -44.03497, -13.53147]}, {"type": "Feature", "id": "focos_48h_br_todosats.fid--145fdae9_19db31250eb_40f7", "geometry": {"type": "Point", "coordinates": [-39.70937, -15.44776]}, "geometry_name": "geometria", "properties": {"id_foco_bdq": 1814978778, "foco_id": "c14f9a49-fd92-3b26-8422-3dc0a43fb7fc", "longitude": -39.70937, "latitude": -15.44776, "data_hora_gmt": "2026-04-21T16:01:00Z", "data_pas": "2026-04-21", "satelite": "NPP-375", "municipio": "PAU BRASIL", "estado": "BAHIA", "pais": "Brasil", "precipitacao": null, "numero_dias_sem_chuva": null, "risco_fogo": null, "bioma": "Mata Atlântica", "id_0": 33, "id_1": 29, "id_2": 2923902, "continente_id": 8, "vegetacao": null, "grade_wrs": "216_071", "frp": 4.8}, "bbox": [-39.70937, -15.44776, -39.70937, -15.44776]}, {"type": "Feature", "id": "focos_48h_br_todosats.fid--145fdae9_19db31250eb_40f8", "geometry": {"type": "Point", "coordinates": [-39.10233, -15.95876]}, "geometry_name": "geometria", "properties": {"id_foco_bdq": 1814979579, "foco_id": "e884c04b-0ddd-3033-b76d-7f5f40027e9e", "longitude": -39.10233, "latitude": -15.95876, "data_hora_gmt": "2026-04-21T16:01:00Z", "data_pas": "2026-04-21", "satelite": "NPP-375", "municipio": "BELMONTE", "estado": "BAHIA", "pais": "Brasil", "precipitacao": null, "numero_dias_sem_chuva": null, "risco_fogo": null, "bioma": "Mata Atlântica", "id_0": 33, "id_1": 29, "id_2": 2903409, "continente_id": 8, "vegetacao": null, "grade_wrs": "215_071", "frp": 9.7}, "bbox": [-39.10233, -15.95876, -39.10233, -15.95876]}, {"type": "Feature", "id": "focos_48h_br_todosats.fid--145fdae9_19db31250eb_40fa", "geometry": {"type": "Point", "coordinates": [-37.03736, -8.83492]}, "geometry_name": "geometria", "properties": {"id_foco_bdq": 1814979425, "foco_id": "4f465c74-79d4-33bf-be50-7cb52b89aa2d", "longitude": -37.03736, "latitude": -8.83492, "data_hora_gmt": "2026-04-21T16:01:00Z", "data_pas": "2026-04-21", "satelite": "NPP-375", "municipio": "BUÍQUE", "estado": "PERNAMBUCO", "pais": "Brasil", "precipitacao": null, "numero_dias_sem_chuva": null, "risco_fogo": null, "bioma": "Caatinga", "id_0": 33, "id_1": 26, "id_2": 2602803, "continente_id": 8, "vegetacao": null, "grade_wrs": "215_066", "frp": 6.3}, "bbox": [-37.03736, -8.83492, -37.03736, -8.83492]}, {"type": "Feature", "id": "focos_48h_br_todosats.fid--145fdae9_19db31250eb_40fc", "geometry": {"type": "Point", "coordinates": [-43.00994, -15.98592]}, "geometry_name": "geometria", "properties": {"id_foco_bdq": 1814978880, "foco_id": "bd8a4aa8-4083-3c40-af38-babe83d7f395", "longitude": -43.00994, "latitude": -15.98592, "data_hora_gmt": "2026-04-21T16:01:00Z", "data_pas": "2026-04-21", "satelite": "NPP-375", "municipio": "RIACHO DOS MACHADOS", "estado": "MINAS GERAIS", "pais": "Brasil", "precipitacao": null, "numero_dias_sem_chuva": null, "risco_fogo": null, "bioma": "Cerrado", "id_0": 33, "id_1": 31, "id_2": 3154507, "continente_id": 8, "vegetacao": null, "grade_wrs": "218_071", "frp": 3}, "bbox": [-43.00994, -15.98592, -43.00994, -15.98592]}, {"type": "Feature", "id": "focos_48h_br_todosats.fid--145fdae9_19db31250eb_40fe", "geometry": {"type": "Point", "coordinates": [-39.1071, -15.96347]}, "geometry_name": "geometria", "properties": {"id_foco_bdq": 1814978230, "foco_id": "fceb53af-a322-3d5d-aa89-33231c5eb9cc", "longitude": -39.1071, "latitude": -15.96347, "data_hora_gmt": "2026-04-21T16:01:00Z", "data_pas": "2026-04-21", "satelite": "NPP-375", "municipio": "BELMONTE", "estado": "BAHIA", "pais": "Brasil", "precipitacao": null, "numero_dias_sem_chuva": null, "risco_fogo": null, "bioma": "Mata Atlântica", "id_0": 33, "id_1": 29, "id_2": 2903409, "continente_id": 8, "vegetacao": null, "grade_wrs": "215_071", "frp": 16.2}, "bbox": [-39.1071, -15.96347, -39.1071, -15.96347]}, {"type": "Feature", "id": "focos_48h_br_todosats.fid--145fdae9_19db31250eb_4102", "geometry": {"type": "Point", "coordinates": [-39.10822, -15.95545]}, "geometry_name": "geometria", "properties": {"id_foco_bdq": 1814978451, "foco_id": "b6249415-9f13-3763-8600-c7ee6fd27eb2", "longitude": -39.10822, "latitude": -15.95545, "data_hora_gmt": "2026-04-21T16:01:00Z", "data_pas": "2026-04-21", "satelite": "NPP-375", "municipio": "BELMONTE", "estado": "BAHIA", "pais": "Brasil", "precipitacao": null, "numero_dias_sem_chuva": null, "risco_fogo": null, "bioma": "Mata Atlântica", "id_0": 33, "id_1": 29, "id_2": 2903409, "continente_id": 8, "vegetacao": null, "grade_wrs": "215_071", "frp": 9.7}, "bbox": [-39.10822, -15.95545, -39.10822, -15.95545]}, {"type": "Feature", "id": "focos_48h_br_todosats.fid--145fdae9_19db31250eb_4103", "geometry": {"type": "Point", "coordinates": [-39.03076, -15.50015]}, "geometry_name": "geometria", "properties": {"id_foco_bdq": 1814979326, "foco_id": "09d96ef9-2501-3b41-b672-2b7787e11a68", "longitude": -39.03076, "latitude": -15.50015, "data_hora_gmt": "2026-04-21T16:01:00Z", "data_pas": "2026-04-21", "satelite": "NPP-375", "municipio": "CANAVIEIRAS", "estado": "BAHIA", "pais": "Brasil", "precipitacao": null, "numero_dias_sem_chuva": null, "risco_fogo": null, "bioma": "Mata Atlântica", "id_0": 33, "id_1": 29, "id_2": 2906303, "continente_id": 8, "vegetacao": null, "grade_wrs": "215_071", "frp": 4}, "bbox": [-39.03076, -15.50015, -39.03076, -15.50015]}, {"type": "Feature", "id": "focos_48h_br_todosats.fid--145fdae9_19db31250eb_4105", "geometry": {"type": "Point", "coordinates": [-35.41035, -8.05075]}, "geometry_name": "geometria", "properties": {"id_foco_bdq": 1814979249, "foco_id": "e29dc7ae-c78e-311a-9e9a-983cc56bdcc9", "longitude": -35.41035, "latitude": -8.05075, "data_hora_gmt": "2026-04-21T16:01:00Z", "data_pas": "2026-04-21", "satelite": "NPP-375", "municipio": "GLÓRIA DO GOITÁ", "estado": "PERNAMBUCO", "pais": "Brasil", "precipitacao": null, "numero_dias_sem_chuva": null, "risco_fogo": null, "bioma": "Mata Atlântica", "id_0": 33, "id_1": 26, "id_2": 2606101, "continente_id": 8, "vegetacao": null, "grade_wrs": "214_066", "frp": 2.8}, "bbox": [-35.41035, -8.05075, -35.41035, -8.05075]}, {"type": "Feature", "id": "focos_48h_br_todosats.fid--145fdae9_19db31250eb_4106", "geometry": {"type": "Point", "coordinates": [-37.36176, -8.95258]}, "geometry_name": "geometria", "properties": {"id_foco_bdq": 1814979176, "foco_id": "52e1cb15-f20d-3b9d-8074-e47d5ed83507", "longitude": -37.36176, "latitude": -8.95258, "data_hora_gmt": "2026-04-21T16:01:00Z", "data_pas": "2026-04-21", "satelite": "NPP-375", "municipio": "ITAÍBA", "estado": "PERNAMBUCO", "pais": "Brasil", "precipitacao": null, "numero_dias_sem_chuva": null, "risco_fogo": null, "bioma": "Caatinga", "id_0": 33, "id_1": 26, "id_2": 2607505, "continente_id": 8, "vegetacao": null, "grade_wrs": "215_066", "frp": 3.9}, "bbox": [-37.36176, -8.95258, -37.36176, -8.95258]}, {"type": "Feature", "id": "focos_48h_br_todosats.fid--145fdae9_19db31250eb_4108", "geometry": {"type": "Point", "coordinates": [-46.81947, -11.87947]}, "geometry_name": "geometria", "properties": {"id_foco_bdq": 1814979160, "foco_id": "1824419f-bb72-3da5-b486-062f944b0936", "longitude": -46.81947, "latitude": -11.87947, "data_hora_gmt": "2026-04-21T16:01:00Z", "data_pas": "2026-04-21", "satelite": "NPP-375", "municipio": "DIANÓPOLIS", "estado": "TOCANTINS", "pais": "Brasil", "precipitacao": null, "numero_dias_sem_chuva": null, "risco_fogo": null, "bioma": "Cerrado", "id_0": 33, "id_1": 17, "id_2": 1707009, "continente_id": 8, "vegetacao": null, "grade_wrs": "221_068", "frp": 3.1}, "bbox": [-46.81947, -11.87947, -46.81947, -11.87947]}, {"type": "Feature", "id": "focos_48h_br_todosats.fid--145fdae9_19db31250eb_410a", "geometry": {"type": "Point", "coordinates": [-39.87864, -15.32724]}, "geometry_name": "geometria", "properties": {"id_foco_bdq": 1814978416, "foco_id": "d588fb84-c28d-37cd-abc3-8e68fbb8d365", "longitude": -39.87864, "latitude": -15.32724, "data_hora_gmt": "2026-04-21T16:01:00Z", "data_pas": "2026-04-21", "satelite": "NPP-375", "municipio": "ITAPETINGA", "estado": "BAHIA", "pais": "Brasil", "precipitacao": null, "numero_dias_sem_chuva": null, "risco_fogo": null, "bioma": "Mata Atlântica", "id_0": 33, "id_1": 29, "id_2": 2916401, "continente_id": 8, "vegetacao": null, "grade_wrs": "216_071", "frp": 3.3}, "bbox": [-39.87864, -15.32724, -39.87864, -15.32724]}, {"type": "Feature", "id": "focos_48h_br_todosats.fid--145fdae9_19db31250eb_410b", "geometry": {"type": "Point", "coordinates": [-41.24102, -15.74177]}, "geometry_name": "geometria", "properties": {"id_foco_bdq": 1814979055, "foco_id": "4aaca5c8-7701-3e4a-a60e-dcfad9a9de64", "longitude": -41.24102, "latitude": -15.74177, "data_hora_gmt": "2026-04-21T16:01:00Z", "data_pas": "2026-04-21", "satelite": "NPP-375", "municipio": "PEDRA AZUL", "estado": "MINAS GERAIS", "pais": "Brasil", "precipitacao": null, "numero_dias_sem_chuva": null, "risco_fogo": null, "bioma": "Mata Atlântica", "id_0": 33, "id_1": 31, "id_2": 3148707, "continente_id": 8, "vegetacao": null, "grade_wrs": "217_071", "frp": 5.7}, "bbox": [-41.24102, -15.74177, -41.24102, -15.74177]}, {"type": "Feature", "id": "focos_48h_br_todosats.fid--145fdae9_19db31250eb_410d", "geometry": {"type": "Point", "coordinates": [-39.11356, -15.95615]}, "geometry_name": "geometria", "properties": {"id_foco_bdq": 1814978211, "foco_id": "0f015209-d7e5-3189-ad17-58988b9a47f2", "longitude": -39.11356, "latitude": -15.95615, "data_hora_gmt": "2026-04-21T16:01:00Z", "data_pas": "2026-04-21", "satelite": "NPP-375", "municipio": "BELMONTE", "estado": "BAHIA", "pais": "Brasil", "precipitacao": null, "numero_dias_sem_chuva": null, "risco_fogo": null, "bioma": "Mata Atlântica", "id_0": 33, "id_1": 29, "id_2": 2903409, "continente_id": 8, "vegetacao": null, "grade_wrs": "215_071", "frp": 16.6}, "bbox": [-39.11356, -15.95615, -39.11356, -15.95615]}, {"type": "Feature", "id": "focos_48h_br_todosats.fid--145fdae9_19db31250eb_410f", "geometry": {"type": "Point", "coordinates": [-39.10766, -15.95946]}, "geometry_name": "geometria", "properties": {"id_foco_bdq": 1814978841, "foco_id": "c37c4621-de64-3beb-b240-1fc6d49ec6af", "longitude": -39.10766, "latitude": -15.95946, "data_hora_gmt": "2026-04-21T16:01:00Z", "data_pas": "2026-04-21", "satelite": "NPP-375", "municipio": "BELMONTE", "estado": "BAHIA", "pais": "Brasil", "precipitacao": null, "numero_dias_sem_chuva": null, "risco_fogo": null, "bioma": "Mata Atlântica", "id_0": 33, "id_1": 29, "id_2": 2903409, "continente_id": 8, "vegetacao": null, "grade_wrs": "215_071", "frp": 9.7}, "bbox": [-39.10766, -15.95946, -39.10766, -15.95946]}, {"type": "Feature", "id": "focos_48h_br_todosats.fid--145fdae9_19db31250eb_4110", "geometry": {"type": "Point", "coordinates": [-50.07393, -25.17926]}, "geometry_name": "geometria", "properties": {"id_foco_bdq": 1814980577, "foco_id": "f33f369b-1fd3-39d9-8c85-f770aa67091a", "longitude": -50.07393, "latitude": -25.17926, "data_hora_gmt": "2026-04-21T16:16:00Z", "data_pas": "2026-04-21", "satelite": "NOAA-20", "municipio": "PONTA GROSSA", "estado": "PARANÁ", "pais": "Brasil", "precipitacao": null, "numero_dias_sem_chuva": null, "risco_fogo": null, "bioma": "Mata Atlântica", "id_0": 33, "id_1": 41, "id_2": 4119905, "continente_id": 8, "vegetacao": null, "grade_wrs": "221_077", "frp": 8.8}, "bbox": [-50.07393, -25.17926, -50.07393, -25.17926]}, {"type": "Feature", "id": "focos_48h_br_todosats.fid--145fdae9_19db31250eb_4112", "geometry": {"type": "Point", "coordinates": [-50.03972, -24.47159]}, "geometry_name": "geometria", "properties": {"id_foco_bdq": 1814981043, "foco_id": "4ccf0ab4-b47e-39e9-971d-8df3e3a49dc7", "longitude": -50.03972, "latitude": -24.47159, "data_hora_gmt": "2026-04-21T16:16:00Z", "data_pas": "2026-04-21", "satelite": "NOAA-20", "municipio": "PIRAÍ DO SUL", "estado": "PARANÁ", "pais": "Brasil", "precipitacao": null, "numero_dias_sem_chuva": null, "risco_fogo": null, "bioma": "Cerrado", "id_0": 33, "id_1": 41, "id_2": 4119400, "continente_id": 8, "vegetacao": null, "grade_wrs": "221_077", "frp": 6.4}, "bbox": [-50.03972, -24.47159, -50.03972, -24.47159]}, {"type": "Feature", "id": "focos_48h_br_todosats.fid--145fdae9_19db31250eb_4114", "geometry": {"type": "Point", "coordinates": [-50.4175, -25.64269]}, "geometry_name": "geometria", "properties": {"id_foco_bdq": 1814980608, "foco_id": "26cd989b-32f2-3e24-bf9f-0d8ae4f00aad", "longitude": -50.4175, "latitude": -25.64269, "data_hora_gmt": "2026-04-21T16:16:00Z", "data_pas": "2026-04-21", "satelite": "NOAA-20", "municipio": "SÃO JOÃO DO TRIUNFO", "estado": "PARANÁ", "pais": "Brasil", "precipitacao": null, "numero_dias_sem_chuva": null, "risco_fogo": null, "bioma": "Mata Atlântica", "id_0": 33, "id_1": 41, "id_2": 4125100, "continente_id": 8, "vegetacao": null, "grade_wrs": "221_078", "frp": 9.3}, "bbox": [-50.4175, -25.64269, -50.4175, -25.64269]}, {"type": "Feature", "id": "focos_48h_br_todosats.fid--145fdae9_19db31250eb_4118", "geometry": {"type": "Point", "coordinates": [-50.03798, -24.46767]}, "geometry_name": "geometria", "properties": {"id_foco_bdq": 1814980553, "foco_id": "21572ac2-fca8-38e3-80cf-0ca72879e66d", "longitude": -50.03798, "latitude": -24.46767, "data_hora_gmt": "2026-04-21T16:16:00Z", "data_pas": "2026-04-21", "satelite": "NOAA-20", "municipio": "PIRAÍ DO SUL", "estado": "PARANÁ", "pais": "Brasil", "precipitacao": null, "numero_dias_sem_chuva": null, "risco_fogo": null, "bioma": "Cerrado", "id_0": 33, "id_1": 41, "id_2": 4119400, "continente_id": 8, "vegetacao": null, "grade_wrs": "221_077", "frp": 4.9}, "bbox": [-50.03798, -24.46767, -50.03798, -24.46767]}, {"type": "Feature", "id": "focos_48h_br_todosats.fid--145fdae9_19db31250eb_411a", "geometry": {"type": "Point", "coordinates": [-50.04068, -24.46563]}, "geometry_name": "geometria", "properties": {"id_foco_bdq": 1814980862, "foco_id": "00b87af2-d2fd-335b-b963-4d2032be86d2", "longitude": -50.04068, "latitude": -24.46563, "data_hora_gmt": "2026-04-21T16:16:00Z", "data_pas": "2026-04-21", "satelite": "NOAA-20", "municipio": "PIRAÍ DO SUL", "estado": "PARANÁ", "pais": "Brasil", "precipitacao": null, "numero_dias_sem_chuva": null, "risco_fogo": null, "bioma": "Cerrado", "id_0": 33, "id_1": 41, "id_2": 4119400, "continente_id": 8, "vegetacao": null, "grade_wrs": "221_077", "frp": 8.3}, "bbox": [-50.04068, -24.46563, -50.04068, -24.46563]}, {"type": "Feature", "id": "focos_48h_br_todosats.fid--145fdae9_19db31250eb_411d", "geometry": {"type": "Point", "coordinates": [-50.41736, -25.64892]}, "geometry_name": "geometria", "properties": {"id_foco_bdq": 1814981058, "foco_id": "fa4c45c7-c97f-3064-a257-1dd268fe230b", "longitude": -50.41736, "latitude": -25.64892, "data_hora_gmt": "2026-04-21T16:16:00Z", "data_pas": "2026-04-21", "satelite": "NOAA-20", "municipio": "SÃO JOÃO DO TRIUNFO", "estado": "PARANÁ", "pais": "Brasil", "precipitacao": null, "numero_dias_sem_chuva": null, "risco_fogo": null, "bioma": "Mata Atlântica", "id_0": 33, "id_1": 41, "id_2": 4125100, "continente_id": 8, "vegetacao": null, "grade_wrs": "221_078", "frp": 9.3}, "bbox": [-50.41736, -25.64892, -50.41736, -25.64892]}, {"type": "Feature", "id": "focos_48h_br_todosats.fid--145fdae9_19db31250eb_4120", "geometry": {"type": "Point", "coordinates": [-50.03686, -24.47363]}, "geometry_name": "geometria", "properties": {"id_foco_bdq": 1814980567, "foco_id": "c153d499-9573-3afa-a26e-93a91be79e27", "longitude": -50.03686, "latitude": -24.47363, "data_hora_gmt": "2026-04-21T16:16:00Z", "data_pas": "2026-04-21", "satelite": "NOAA-20", "municipio": "PIRAÍ DO SUL", "estado": "PARANÁ", "pais": "Brasil", "precipitacao": null, "numero_dias_sem_chuva": null, "risco_fogo": null, "bioma": "Cerrado", "id_0": 33, "id_1": 41, "id_2": 4119400, "continente_id": 8, "vegetacao": null, "grade_wrs": "221_077", "frp": 4.9}, "bbox": [-50.03686, -24.47363, -50.03686, -24.47363]}, {"type": "Feature", "id": "focos_48h_br_todosats.fid--145fdae9_19db31250eb_4121", "geometry": {"type": "Point", "coordinates": [-50.04269, -24.46802]}, "geometry_name": "geometria", "properties": {"id_foco_bdq": 1814980967, "foco_id": "97b0a925-ad4d-33a1-9b42-0ffbf05bddf5", "longitude": -50.04269, "latitude": -24.46802, "data_hora_gmt": "2026-04-21T16:16:00Z", "data_pas": "2026-04-21", "satelite": "NOAA-20", "municipio": "PIRAÍ DO SUL", "estado": "PARANÁ", "pais": "Brasil", "precipitacao": null, "numero_dias_sem_chuva": null, "risco_fogo": null, "bioma": "Cerrado", "id_0": 33, "id_1": 41, "id_2": 4119400, "continente_id": 8, "vegetacao": null, "grade_wrs": "221_077", "frp": 4.9}, "bbox": [-50.04269, -24.46802, -50.04269, -24.46802]}, {"type": "Feature", "id": "focos_48h_br_todosats.fid--145fdae9_19db31250eb_4123", "geometry": {"type": "Point", "coordinates": [-50.41676, -25.64775]}, "geometry_name": "geometria", "properties": {"id_foco_bdq": 1814981063, "foco_id": "75fd8367-6755-3fe1-b978-e0df15a72381", "longitude": -50.41676, "latitude": -25.64775, "data_hora_gmt": "2026-04-21T16:16:00Z", "data_pas": "2026-04-21", "satelite": "NOAA-20", "municipio": "SÃO JOÃO DO TRIUNFO", "estado": "PARANÁ", "pais": "Brasil", "precipitacao": null, "numero_dias_sem_chuva": null, "risco_fogo": null, "bioma": "Mata Atlântica", "id_0": 33, "id_1": 41, "id_2": 4125100, "continente_id": 8, "vegetacao": null, "grade_wrs": "221_078", "frp": 13.4}, "bbox": [-50.41676, -25.64775, -50.41676, -25.64775]}, {"type": "Feature", "id": "focos_48h_br_todosats.fid--145fdae9_19db31250eb_4125", "geometry": {"type": "Point", "coordinates": [-44.22177, -21.76856]}, "geometry_name": "geometria", "properties": {"id_foco_bdq": 1814980779, "foco_id": "c998e392-2412-37d7-9b65-5917aeafa298", "longitude": -44.22177, "latitude": -21.76856, "data_hora_gmt": "2026-04-21T16:18:00Z", "data_pas": "2026-04-21", "satelite": "NOAA-20", "municipio": "ANDRELÂNDIA", "estado": "MINAS GERAIS", "pais": "Brasil", "precipitacao": null, "numero_dias_sem_chuva": null, "risco_fogo": null, "bioma": "Mata Atlântica", "id_0": 33, "id_1": 31, "id_2": 3102803, "continente_id": 8, "vegetacao": null, "grade_wrs": "218_075", "frp": 10.3}, "bbox": [-44.22177, -21.76856, -44.22177, -21.76856]}, {"type": "Feature", "id": "focos_48h_br_todosats.fid--145fdae9_19db31250eb_4128", "geometry": {"type": "Point", "coordinates": [-49.29671, -23.90782]}, "geometry_name": "geometria", "properties": {"id_foco_bdq": 1814980596, "foco_id": "1f65be4c-9bfb-3335-82bb-3ff14c48982a", "longitude": -49.29671, "latitude": -23.90782, "data_hora_gmt": "2026-04-21T16:18:00Z", "data_pas": "2026-04-21", "satelite": "NOAA-20", "municipio": "ITARARÉ", "estado": "SÃO PAULO", "pais": "Brasil", "precipitacao": null, "numero_dias_sem_chuva": null, "risco_fogo": null, "bioma": "Cerrado", "id_0": 33, "id_1": 35, "id_2": 3523206, "continente_id": 8, "vegetacao": null, "grade_wrs": "221_077", "frp": 3}, "bbox": [-49.29671, -23.90782, -49.29671, -23.90782]}, {"type": "Feature", "id": "focos_48h_br_todosats.fid--145fdae9_19db31250eb_4129", "geometry": {"type": "Point", "coordinates": [-49.30069, -23.90814]}, "geometry_name": "geometria", "properties": {"id_foco_bdq": 1814980679, "foco_id": "62feba49-825b-31b8-91b2-9c72adec468b", "longitude": -49.30069, "latitude": -23.90814, "data_hora_gmt": "2026-04-21T16:18:00Z", "data_pas": "2026-04-21", "satelite": "NOAA-20", "municipio": "ITARARÉ", "estado": "SÃO PAULO", "pais": "Brasil", "precipitacao": null, "numero_dias_sem_chuva": null, "risco_fogo": null, "bioma": "Cerrado", "id_0": 33, "id_1": 35, "id_2": 3523206, "continente_id": 8, "vegetacao": null, "grade_wrs": "221_077", "frp": 3}, "bbox": [-49.30069, -23.90814, -49.30069, -23.90814]}, {"type": "Feature", "id": "focos_48h_br_todosats.fid--145fdae9_19db31250eb_412a", "geometry": {"type": "Point", "coordinates": [-51.92308, -23.12227]}, "geometry_name": "geometria", "properties": {"id_foco_bdq": 1814980680, "foco_id": "03573496-564f-3e9f-907c-3d709b3fd521", "longitude": -51.92308, "latitude": -23.12227, "data_hora_gmt": "2026-04-21T16:18:00Z", "data_pas": "2026-04-21", "satelite": "NOAA-20", "municipio": "FLÓRIDA", "estado": "PARANÁ", "pais": "Brasil", "precipitacao": null, "numero_dias_sem_chuva": null, "risco_fogo": null, "bioma": "Mata Atlântica", "id_0": 33, "id_1": 41, "id_2": 4108106, "continente_id": 8, "vegetacao": null, "grade_wrs": "222_076", "frp": 28.6}, "bbox": [-51.92308, -23.12227, -51.92308, -23.12227]}, {"type": "Feature", "id": "focos_48h_br_todosats.fid--145fdae9_19db31250eb_412d", "geometry": {"type": "Point", "coordinates": [-40.51733, -18.12117]}, "geometry_name": "geometria", "properties": {"id_foco_bdq": 1814980962, "foco_id": "c9040e5b-1ac9-3b94-8f3a-eedafe9879ca", "longitude": -40.51733, "latitude": -18.12117, "data_hora_gmt": "2026-04-21T16:18:00Z", "data_pas": "2026-04-21", "satelite": "NOAA-20", "municipio": "MUCURICI", "estado": "ESPÍRITO SANTO", "pais": "Brasil", "precipitacao": null, "numero_dias_sem_chuva": null, "risco_fogo": null, "bioma": "Mata Atlântica", "id_0": 33, "id_1": 32, "id_2": 3203601, "continente_id": 8, "vegetacao": null, "grade_wrs": "216_073", "frp": 2.6}, "bbox": [-40.51733, -18.12117, -40.51733, -18.12117]}, {"type": "Feature", "id": "focos_48h_br_todosats.fid--145fdae9_19db31250eb_412f", "geometry": {"type": "Point", "coordinates": [-40.56082, -18.47018]}, "geometry_name": "geometria", "properties": {"id_foco_bdq": 1814980683, "foco_id": "6a8c126a-68f2-3a05-82cc-4773d17d1334", "longitude": -40.56082, "latitude": -18.47018, "data_hora_gmt": "2026-04-21T16:18:00Z", "data_pas": "2026-04-21", "satelite": "NOAA-20", "municipio": "ECOPORANGA", "estado": "ESPÍRITO SANTO", "pais": "Brasil", "precipitacao": null, "numero_dias_sem_chuva": null, "risco_fogo": null, "bioma": "Mata Atlântica", "id_0": 33, "id_1": 32, "id_2": 3202108, "continente_id": 8, "vegetacao": null, "grade_wrs": "216_073", "frp": 1.6}, "bbox": [-40.56082, -18.47018, -40.56082, -18.47018]}, {"type": "Feature", "id": "focos_48h_br_todosats.fid--145fdae9_19db31250eb_4134", "geometry": {"type": "Point", "coordinates": [-49.77003, -19.69823]}, "geometry_name": "geometria", "properties": {"id_foco_bdq": 1814980808, "foco_id": "01b78fca-ce97-3d29-979c-5116279e24a8", "longitude": -49.77003, "latitude": -19.69823, "data_hora_gmt": "2026-04-21T16:18:00Z", "data_pas": "2026-04-21", "satelite": "NOAA-20", "municipio": "SÃO FRANCISCO DE SALES", "estado": "MINAS GERAIS", "pais": "Brasil", "precipitacao": null, "numero_dias_sem_chuva": null, "risco_fogo": null, "bioma": "Cerrado", "id_0": 33, "id_1": 31, "id_2": 3161304, "continente_id": 8, "vegetacao": null, "grade_wrs": "222_074", "frp": 5.9}, "bbox": [-49.77003, -19.69823, -49.77003, -19.69823]}, {"type": "Feature", "id": "focos_48h_br_todosats.fid--145fdae9_19db31250eb_4135", "geometry": {"type": "Point", "coordinates": [-46.15899, -20.66104]}, "geometry_name": "geometria", "properties": {"id_foco_bdq": 1814980999, "foco_id": "1bdbb9fe-4ab4-387e-94d8-f083801fb3d5", "longitude": -46.15899, "latitude": -20.66104, "data_hora_gmt": "2026-04-21T16:18:00Z", "data_pas": "2026-04-21", "satelite": "NOAA-20", "municipio": "CAPITÓLIO", "estado": "MINAS GERAIS", "pais": "Brasil", "precipitacao": null, "numero_dias_sem_chuva": null, "risco_fogo": null, "bioma": "Cerrado", "id_0": 33, "id_1": 31, "id_2": 3112802, "continente_id": 8, "vegetacao": null, "grade_wrs": "219_074", "frp": 4.6}, "bbox": [-46.15899, -20.66104, -46.15899, -20.66104]}, {"type": "Feature", "id": "focos_48h_br_todosats.fid--145fdae9_19db31250eb_4137", "geometry": {"type": "Point", "coordinates": [-47.58162, -22.79732]}, "geometry_name": "geometria", "properties": {"id_foco_bdq": 1814980689, "foco_id": "836f13d2-f2f9-3a5c-af2f-b77ecc93ab1d", "longitude": -47.58162, "latitude": -22.79732, "data_hora_gmt": "2026-04-21T16:18:00Z", "data_pas": "2026-04-21", "satelite": "NOAA-20", "municipio": "RIO DAS PEDRAS", "estado": "SÃO PAULO", "pais": "Brasil", "precipitacao": null, "numero_dias_sem_chuva": null, "risco_fogo": null, "bioma": "Mata Atlântica", "id_0": 33, "id_1": 35, "id_2": 3544004, "continente_id": 8, "vegetacao": null, "grade_wrs": "220_076", "frp": 2.6}, "bbox": [-47.58162, -22.79732, -47.58162, -22.79732]}, {"type": "Feature", "id": "focos_48h_br_todosats.fid--145fdae9_19db31250eb_4139", "geometry": {"type": "Point", "coordinates": [-47.77763, -23.74832]}, "geometry_name": "geometria", "properties": {"id_foco_bdq": 1814980992, "foco_id": "09cf517c-9797-3394-a5e0-dee6c7ba8961", "longitude": -47.77763, "latitude": -23.74832, "data_hora_gmt": "2026-04-21T16:18:00Z", "data_pas": "2026-04-21", "satelite": "NOAA-20", "municipio": "PILAR DO SUL", "estado": "SÃO PAULO", "pais": "Brasil", "precipitacao": null, "numero_dias_sem_chuva": null, "risco_fogo": null, "bioma": "Mata Atlântica", "id_0": 33, "id_1": 35, "id_2": 3537909, "continente_id": 8, "vegetacao": null, "grade_wrs": "220_076", "frp": 4.9}, "bbox": [-47.77763, -23.74832, -47.77763, -23.74832]}, {"type": "Feature", "id": "focos_48h_br_todosats.fid--145fdae9_19db31250eb_413b", "geometry": {"type": "Point", "coordinates": [-47.9445, -21.54446]}, "geometry_name": "geometria", "properties": {"id_foco_bdq": 1814980821, "foco_id": "165fde50-2503-34d4-86e7-e9d9e2c25817", "longitude": -47.9445, "latitude": -21.54446, "data_hora_gmt": "2026-04-21T16:18:00Z", "data_pas": "2026-04-21", "satelite": "NOAA-20", "municipio": "GUATAPARÁ", "estado": "SÃO PAULO", "pais": "Brasil", "precipitacao": null, "numero_dias_sem_chuva": null, "risco_fogo": null, "bioma": "Cerrado", "id_0": 33, "id_1": 35, "id_2": 3518859, "continente_id": 8, "vegetacao": null, "grade_wrs": "220_075", "frp": 1.1}, "bbox": [-47.9445, -21.54446, -47.9445, -21.54446]}, {"type": "Feature", "id": "focos_48h_br_todosats.fid--145fdae9_19db31250eb_413c", "geometry": {"type": "Point", "coordinates": [-46.25721, -20.11]}, "geometry_name": "geometria", "properties": {"id_foco_bdq": 1814980692, "foco_id": "f847c44a-a030-305a-abf9-e51e9c5f7861", "longitude": -46.25721, "latitude": -20.11, "data_hora_gmt": "2026-04-21T16:18:00Z", "data_pas": "2026-04-21", "satelite": "NOAA-20", "municipio": "MEDEIROS", "estado": "MINAS GERAIS", "pais": "Brasil", "precipitacao": null, "numero_dias_sem_chuva": null, "risco_fogo": null, "bioma": "Cerrado", "id_0": 33, "id_1": 31, "id_2": 3141306, "continente_id": 8, "vegetacao": null, "grade_wrs": "219_074", "frp": 5.5}, "bbox": [-46.25721, -20.11, -46.25721, -20.11]}, {"type": "Feature", "id": "focos_48h_br_todosats.fid--145fdae9_19db31250eb_413e", "geometry": {"type": "Point", "coordinates": [-40.56014, -18.4726]}, "geometry_name": "geometria", "properties": {"id_foco_bdq": 1814980539, "foco_id": "609ef982-ab8f-309a-a46e-d9eac291a0e7", "longitude": -40.56014, "latitude": -18.4726, "data_hora_gmt": "2026-04-21T16:18:00Z", "data_pas": "2026-04-21", "satelite": "NOAA-20", "municipio": "ECOPORANGA", "estado": "ESPÍRITO SANTO", "pais": "Brasil", "precipitacao": null, "numero_dias_sem_chuva": null, "risco_fogo": null, "bioma": "Mata Atlântica", "id_0": 33, "id_1": 32, "id_2": 3202108, "continente_id": 8, "vegetacao": null, "grade_wrs": "216_073", "frp": 2}, "bbox": [-40.56014, -18.4726, -40.56014, -18.4726]}, {"type": "Feature", "id": "focos_48h_br_todosats.fid--145fdae9_19db31250eb_4140", "geometry": {"type": "Point", "coordinates": [-44.43554, -17.6386]}, "geometry_name": "geometria", "properties": {"id_foco_bdq": 1814980834, "foco_id": "5480a2ab-6e01-3281-83f7-2d4c91786ee5", "longitude": -44.43554, "latitude": -17.6386, "data_hora_gmt": "2026-04-21T16:18:00Z", "data_pas": "2026-04-21", "satelite": "NOAA-20", "municipio": "LASSANCE", "estado": "MINAS GERAIS", "pais": "Brasil", "precipitacao": null, "numero_dias_sem_chuva": null, "risco_fogo": null, "bioma": "Cerrado", "id_0": 33, "id_1": 31, "id_2": 3138104, "continente_id": 8, "vegetacao": null, "grade_wrs": "218_072", "frp": 15}, "bbox": [-44.43554, -17.6386, -44.43554, -17.6386]}, {"type": "Feature", "id": "focos_48h_br_todosats.fid--145fdae9_19db31250eb_4141", "geometry": {"type": "Point", "coordinates": [-48.22293, -22.0463]}, "geometry_name": "geometria", "properties": {"id_foco_bdq": 1814980698, "foco_id": "ae9dd6a5-f6b3-3180-be80-c8c71ea0a2a1", "longitude": -48.22293, "latitude": -22.0463, "data_hora_gmt": "2026-04-21T16:18:00Z", "data_pas": "2026-04-21", "satelite": "NOAA-20", "municipio": "RIBEIRÃO BONITO", "estado": "SÃO PAULO", "pais": "Brasil", "precipitacao": null, "numero_dias_sem_chuva": null, "risco_fogo": null, "bioma": "Cerrado", "id_0": 33, "id_1": 35, "id_2": 3542909, "continente_id": 8, "vegetacao": null, "grade_wrs": "220_075", "frp": 4.6}, "bbox": [-48.22293, -22.0463, -48.22293, -22.0463]}, {"type": "Feature", "id": "focos_48h_br_todosats.fid--145fdae9_19db31250eb_4143", "geometry": {"type": "Point", "coordinates": [-44.93331, -21.09599]}, "geometry_name": "geometria", "properties": {"id_foco_bdq": 1814980704, "foco_id": "6fd4b9eb-8954-3571-b6ac-3eb7e9e03b79", "longitude": -44.93331, "latitude": -21.09599, "data_hora_gmt": "2026-04-21T16:18:00Z", "data_pas": "2026-04-21", "satelite": "NOAA-20", "municipio": "BOM SUCESSO", "estado": "MINAS GERAIS", "pais": "Brasil", "precipitacao": null, "numero_dias_sem_chuva": null, "risco_fogo": null, "bioma": "Mata Atlântica", "id_0": 33, "id_1": 31, "id_2": 3108008, "continente_id": 8, "vegetacao": null, "grade_wrs": "218_075", "frp": 2.7}, "bbox": [-44.93331, -21.09599, -44.93331, -21.09599]}, {"type": "Feature", "id": "focos_48h_br_todosats.fid--145fdae9_19db31250eb_4145", "geometry": {"type": "Point", "coordinates": [-51.917, -23.12182]}, "geometry_name": "geometria", "properties": {"id_foco_bdq": 1814980844, "foco_id": "65f003bb-0a82-32d3-b071-87904ca3ca4a", "longitude": -51.917, "latitude": -23.12182, "data_hora_gmt": "2026-04-21T16:18:00Z", "data_pas": "2026-04-21", "satelite": "NOAA-20", "municipio": "FLÓRIDA", "estado": "PARANÁ", "pais": "Brasil", "precipitacao": null, "numero_dias_sem_chuva": null, "risco_fogo": null, "bioma": "Mata Atlântica", "id_0": 33, "id_1": 41, "id_2": 4108106, "continente_id": 8, "vegetacao": null, "grade_wrs": "222_076", "frp": 28.6}, "bbox": [-51.917, -23.12182, -51.917, -23.12182]}, {"type": "Feature", "id": "focos_48h_br_todosats.fid--145fdae9_19db31250eb_4147", "geometry": {"type": "Point", "coordinates": [-49.29878, -23.90583]}, "geometry_name": "geometria", "properties": {"id_foco_bdq": 1814980706, "foco_id": "3099495c-b025-3480-b294-0cb06adbcefc", "longitude": -49.29878, "latitude": -23.90583, "data_hora_gmt": "2026-04-21T16:18:00Z", "data_pas": "2026-04-21", "satelite": "NOAA-20", "municipio": "ITARARÉ", "estado": "SÃO PAULO", "pais": "Brasil", "precipitacao": null, "numero_dias_sem_chuva": null, "risco_fogo": null, "bioma": "Cerrado", "id_0": 33, "id_1": 35, "id_2": 3523206, "continente_id": 8, "vegetacao": null, "grade_wrs": "221_077", "frp": 6.4}, "bbox": [-49.29878, -23.90583, -49.29878, -23.90583]}, {"type": "Feature", "id": "focos_48h_br_todosats.fid--145fdae9_19db31250eb_414c", "geometry": {"type": "Point", "coordinates": [-49.99791, -21.75834]}, "geometry_name": "geometria", "properties": {"id_foco_bdq": 1814980607, "foco_id": "03754226-f107-346a-a201-167fb600c2bd", "longitude": -49.99791, "latitude": -21.75834, "data_hora_gmt": "2026-04-21T16:18:00Z", "data_pas": "2026-04-21", "satelite": "NOAA-20", "municipio": "GETULINA", "estado": "SÃO PAULO", "pais": "Brasil", "precipitacao": null, "numero_dias_sem_chuva": null, "risco_fogo": null, "bioma": "Mata Atlântica", "id_0": 33, "id_1": 35, "id_2": 3517000, "continente_id": 8, "vegetacao": null, "grade_wrs": "221_075", "frp": 10.5}, "bbox": [-49.99791, -21.75834, -49.99791, -21.75834]}, {"type": "Feature", "id": "focos_48h_br_todosats.fid--145fdae9_19db31250eb_414e", "geometry": {"type": "Point", "coordinates": [-44.41111, -17.91768]}, "geometry_name": "geometria", "properties": {"id_foco_bdq": 1814980712, "foco_id": "c53237fe-1298-3b37-a9a9-9a91775d5d1a", "longitude": -44.41111, "latitude": -17.91768, "data_hora_gmt": "2026-04-21T16:18:00Z", "data_pas": "2026-04-21", "satelite": "NOAA-20", "municipio": "LASSANCE", "estado": "MINAS GERAIS", "pais": "Brasil", "precipitacao": null, "numero_dias_sem_chuva": null, "risco_fogo": null, "bioma": "Cerrado", "id_0": 33, "id_1": 31, "id_2": 3138104, "continente_id": 8, "vegetacao": null, "grade_wrs": "218_072", "frp": 9}, "bbox": [-44.41111, -17.91768, -44.41111, -17.91768]}, {"type": "Feature", "id": "focos_48h_br_todosats.fid--145fdae9_19db31250eb_4150", "geometry": {"type": "Point", "coordinates": [-40.73296, -19.50423]}, "geometry_name": "geometria", "properties": {"id_foco_bdq": 1814980727, "foco_id": "fc191afd-8be5-3d7d-838b-921c0fd78ba4", "longitude": -40.73296, "latitude": -19.50423, "data_hora_gmt": "2026-04-21T16:18:00Z", "data_pas": "2026-04-21", "satelite": "NOAA-20", "municipio": "COLATINA", "estado": "ESPÍRITO SANTO", "pais": "Brasil", "precipitacao": null, "numero_dias_sem_chuva": null, "risco_fogo": null, "bioma": "Mata Atlântica", "id_0": 33, "id_1": 32, "id_2": 3201506, "continente_id": 8, "vegetacao": null, "grade_wrs": "216_073", "frp": 4.2}, "bbox": [-40.73296, -19.50423, -40.73296, -19.50423]}, {"type": "Feature", "id": "focos_48h_br_todosats.fid--145fdae9_19db31250eb_4153", "geometry": {"type": "Point", "coordinates": [-43.60938, -22.65158]}, "geometry_name": "geometria", "properties": {"id_foco_bdq": 1814980893, "foco_id": "1bfbb9c7-6904-3c14-9b42-f9bfbc6bec40", "longitude": -43.60938, "latitude": -22.65158, "data_hora_gmt": "2026-04-21T16:18:00Z", "data_pas": "2026-04-21", "satelite": "NOAA-20", "municipio": "JAPERI", "estado": "RIO DE JANEIRO", "pais": "Brasil", "precipitacao": null, "numero_dias_sem_chuva": null, "risco_fogo": null, "bioma": "Mata Atlântica", "id_0": 33, "id_1": 33, "id_2": 3302270, "continente_id": 8, "vegetacao": null, "grade_wrs": "217_076", "frp": 4.7}, "bbox": [-43.60938, -22.65158, -43.60938, -22.65158]}, {"type": "Feature", "id": "focos_48h_br_todosats.fid--145fdae9_19db31250eb_4155", "geometry": {"type": "Point", "coordinates": [-47.77435, -23.748]}, "geometry_name": "geometria", "properties": {"id_foco_bdq": 1814980898, "foco_id": "14af4157-4364-345e-b7f2-bd903acab069", "longitude": -47.77435, "latitude": -23.748, "data_hora_gmt": "2026-04-21T16:18:00Z", "data_pas": "2026-04-21", "satelite": "NOAA-20", "municipio": "PILAR DO SUL", "estado": "SÃO PAULO", "pais": "Brasil", "precipitacao": null, "numero_dias_sem_chuva": null, "risco_fogo": null, "bioma": "Mata Atlântica", "id_0": 33, "id_1": 35, "id_2": 3537909, "continente_id": 8, "vegetacao": null, "grade_wrs": "220_076", "frp": 5}, "bbox": [-47.77435, -23.748, -47.77435, -23.748]}, {"type": "Feature", "id": "focos_48h_br_todosats.fid--145fdae9_19db31250eb_4157", "geometry": {"type": "Point", "coordinates": [-49.99928, -21.75821]}, "geometry_name": "geometria", "properties": {"id_foco_bdq": 1814981036, "foco_id": "6f3a490b-dafa-33bb-8567-7966ee7b9c5a", "longitude": -49.99928, "latitude": -21.75821, "data_hora_gmt": "2026-04-21T16:18:00Z", "data_pas": "2026-04-21", "satelite": "NOAA-20", "municipio": "GETULINA", "estado": "SÃO PAULO", "pais": "Brasil", "precipitacao": null, "numero_dias_sem_chuva": null, "risco_fogo": null, "bioma": "Mata Atlântica", "id_0": 33, "id_1": 35, "id_2": 3517000, "continente_id": 8, "vegetacao": null, "grade_wrs": "221_075", "frp": 8.6}, "bbox": [-49.99928, -21.75821, -49.99928, -21.75821]}, {"type": "Feature", "id": "focos_48h_br_todosats.fid--145fdae9_19db31250eb_4159", "geometry": {"type": "Point", "coordinates": [-50.87407, -24.06629]}, "geometry_name": "geometria", "properties": {"id_foco_bdq": 1814980909, "foco_id": "1043471f-6bd4-3cf7-8f0b-7e59b95053a8", "longitude": -50.87407, "latitude": -24.06629, "data_hora_gmt": "2026-04-21T16:18:00Z", "data_pas": "2026-04-21", "satelite": "NOAA-20", "municipio": "ORTIGUEIRA", "estado": "PARANÁ", "pais": "Brasil", "precipitacao": null, "numero_dias_sem_chuva": null, "risco_fogo": null, "bioma": "Mata Atlântica", "id_0": 33, "id_1": 41, "id_2": 4117305, "continente_id": 8, "vegetacao": null, "grade_wrs": "222_077", "frp": 3.4}, "bbox": [-50.87407, -24.06629, -50.87407, -24.06629]}, {"type": "Feature", "id": "focos_48h_br_todosats.fid--145fdae9_19db31250eb_415b", "geometry": {"type": "Point", "coordinates": [-46.1311, -23.19887]}, "geometry_name": "geometria", "properties": {"id_foco_bdq": 1814980646, "foco_id": "ec818710-3575-3c8b-8365-dd5f9b507a0e", "longitude": -46.1311, "latitude": -23.19887, "data_hora_gmt": "2026-04-21T16:18:00Z", "data_pas": "2026-04-21", "satelite": "NOAA-20", "municipio": "IGARATÁ", "estado": "SÃO PAULO", "pais": "Brasil", "precipitacao": null, "numero_dias_sem_chuva": null, "risco_fogo": null, "bioma": "Mata Atlântica", "id_0": 33, "id_1": 35, "id_2": 3520202, "continente_id": 8, "vegetacao": null, "grade_wrs": "219_076", "frp": 7.3}, "bbox": [-46.1311, -23.19887, -46.1311, -23.19887]}, {"type": "Feature", "id": "focos_48h_br_todosats.fid--145fdae9_19db31250eb_415d", "geometry": {"type": "Point", "coordinates": [-40.0643, -19.59516]}, "geometry_name": "geometria", "properties": {"id_foco_bdq": 1814980924, "foco_id": "09dc42ac-9624-39d0-a1a8-406565c997cd", "longitude": -40.0643, "latitude": -19.59516, "data_hora_gmt": "2026-04-21T16:18:00Z", "data_pas": "2026-04-21", "satelite": "NOAA-20", "municipio": "ARACRUZ", "estado": "ESPÍRITO SANTO", "pais": "Brasil", "precipitacao": null, "numero_dias_sem_chuva": null, "risco_fogo": null, "bioma": "Mata Atlântica", "id_0": 33, "id_1": 32, "id_2": 3200607, "continente_id": 8, "vegetacao": null, "grade_wrs": "215_074", "frp": 3.6}, "bbox": [-40.0643, -19.59516, -40.0643, -19.59516]}, {"type": "Feature", "id": "focos_48h_br_todosats.fid--145fdae9_19db31250eb_415e", "geometry": {"type": "Point", "coordinates": [-45.71829, -22.14042]}, "geometry_name": "geometria", "properties": {"id_foco_bdq": 1814980925, "foco_id": "4410df8c-23f0-3ef8-a3d4-9525db83045a", "longitude": -45.71829, "latitude": -22.14042, "data_hora_gmt": "2026-04-21T16:18:00Z", "data_pas": "2026-04-21", "satelite": "NOAA-20", "municipio": "SÃO SEBASTIÃO DA BELA VISTA", "estado": "MINAS GERAIS", "pais": "Brasil", "precipitacao": null, "numero_dias_sem_chuva": null, "risco_fogo": null, "bioma": "Mata Atlântica", "id_0": 33, "id_1": 31, "id_2": 3164407, "continente_id": 8, "vegetacao": null, "grade_wrs": "219_075", "frp": 5.3}, "bbox": [-45.71829, -22.14042, -45.71829, -22.14042]}, {"type": "Feature", "id": "focos_48h_br_todosats.fid--145fdae9_19db31250eb_415f", "geometry": {"type": "Point", "coordinates": [-49.77125, -19.7025]}, "geometry_name": "geometria", "properties": {"id_foco_bdq": 1814980765, "foco_id": "bf6e0e70-1bf0-3deb-ae34-a28a18b0d1ea", "longitude": -49.77125, "latitude": -19.7025, "data_hora_gmt": "2026-04-21T16:18:00Z", "data_pas": "2026-04-21", "satelite": "NOAA-20", "municipio": "SÃO FRANCISCO DE SALES", "estado": "MINAS GERAIS", "pais": "Brasil", "precipitacao": null, "numero_dias_sem_chuva": null, "risco_fogo": null, "bioma": "Cerrado", "id_0": 33, "id_1": 31, "id_2": 3161304, "continente_id": 8, "vegetacao": null, "grade_wrs": "222_074", "frp": 4.4}, "bbox": [-49.77125, -19.7025, -49.77125, -19.7025]}, {"type": "Feature", "id": "focos_48h_br_todosats.fid--145fdae9_19db31250eb_4160", "geometry": {"type": "Point", "coordinates": [-41.62833, -17.1183]}, "geometry_name": "geometria", "properties": {"id_foco_bdq": 1814980768, "foco_id": "4c3295d4-4315-3b1e-872b-ac3146f41860", "longitude": -41.62833, "latitude": -17.1183, "data_hora_gmt": "2026-04-21T16:18:00Z", "data_pas": "2026-04-21", "satelite": "NOAA-20", "municipio": "PADRE PARAÍSO", "estado": "MINAS GERAIS", "pais": "Brasil", "precipitacao": null, "numero_dias_sem_chuva": null, "risco_fogo": null, "bioma": "Mata Atlântica", "id_0": 33, "id_1": 31, "id_2": 3146305, "continente_id": 8, "vegetacao": null, "grade_wrs": "217_072", "frp": 4.2}, "bbox": [-41.62833, -17.1183, -41.62833, -17.1183]}, {"type": "Feature", "id": "focos_48h_br_todosats.fid--145fdae9_19db31250eb_4165", "geometry": {"type": "Point", "coordinates": [-43.84604, -11.909]}, "geometry_name": "geometria", "properties": {"id_foco_bdq": 1814980718, "foco_id": "75b88f97-1d47-3404-a1e3-60e75c97973c", "longitude": -43.84604, "latitude": -11.909, "data_hora_gmt": "2026-04-21T16:20:00Z", "data_pas": "2026-04-21", "satelite": "NOAA-20", "municipio": "WANDERLEY", "estado": "BAHIA", "pais": "Brasil", "precipitacao": null, "numero_dias_sem_chuva": null, "risco_fogo": null, "bioma": "Cerrado", "id_0": 33, "id_1": 29, "id_2": 2933455, "continente_id": 8, "vegetacao": null, "grade_wrs": "219_068", "frp": 40.3}, "bbox": [-43.84604, -11.909, -43.84604, -11.909]}, {"type": "Feature", "id": "focos_48h_br_todosats.fid--145fdae9_19db31250eb_4167", "geometry": {"type": "Point", "coordinates": [-39.72065, -15.01025]}, "geometry_name": "geometria", "properties": {"id_foco_bdq": 1814980724, "foco_id": "b7867177-3c97-3845-b822-306ed3b48b51", "longitude": -39.72065, "latitude": -15.01025, "data_hora_gmt": "2026-04-21T16:20:00Z", "data_pas": "2026-04-21", "satelite": "NOAA-20", "municipio": "ITAJU DO COLÔNIA", "estado": "BAHIA", "pais": "Brasil", "precipitacao": null, "numero_dias_sem_chuva": null, "risco_fogo": null, "bioma": "Mata Atlântica", "id_0": 33, "id_1": 29, "id_2": 2915403, "continente_id": 8, "vegetacao": null, "grade_wrs": "216_070", "frp": 8.3}, "bbox": [-39.72065, -15.01025, -39.72065, -15.01025]}, {"type": "Feature", "id": "focos_48h_br_todosats.fid--145fdae9_19db31250eb_4169", "geometry": {"type": "Point", "coordinates": [-39.4216, -14.43342]}, "geometry_name": "geometria", "properties": {"id_foco_bdq": 1814980725, "foco_id": "d83c4213-0d91-3bc0-ba16-c2c765670651", "longitude": -39.4216, "latitude": -14.43342, "data_hora_gmt": "2026-04-21T16:20:00Z", "data_pas": "2026-04-21", "satelite": "NOAA-20", "municipio": "AURELINO LEAL", "estado": "BAHIA", "pais": "Brasil", "precipitacao": null, "numero_dias_sem_chuva": null, "risco_fogo": null, "bioma": "Mata Atlântica", "id_0": 33, "id_1": 29, "id_2": 2902401, "continente_id": 8, "vegetacao": null, "grade_wrs": "216_070", "frp": 8.3}, "bbox": [-39.4216, -14.43342, -39.4216, -14.43342]}, {"type": "Feature", "id": "focos_48h_br_todosats.fid--145fdae9_19db31250eb_416b", "geometry": {"type": "Point", "coordinates": [-42.47356, -14.01863]}, "geometry_name": "geometria", "properties": {"id_foco_bdq": 1814980726, "foco_id": "daf85c12-a0e8-3f71-9425-61725697925d", "longitude": -42.47356, "latitude": -14.01863, "data_hora_gmt": "2026-04-21T16:20:00Z", "data_pas": "2026-04-21", "satelite": "NOAA-20", "municipio": "CAETITÉ", "estado": "BAHIA", "pais": "Brasil", "precipitacao": null, "numero_dias_sem_chuva": null, "risco_fogo": null, "bioma": "Caatinga", "id_0": 33, "id_1": 29, "id_2": 2905206, "continente_id": 8, "vegetacao": null, "grade_wrs": "218_070", "frp": 3.4}, "bbox": [-42.47356, -14.01863, -42.47356, -14.01863]}, {"type": "Feature", "id": "focos_48h_br_todosats.fid--145fdae9_19db31250eb_416e", "geometry": {"type": "Point", "coordinates": [-43.41435, -12.56889]}, "geometry_name": "geometria", "properties": {"id_foco_bdq": 1814980728, "foco_id": "a7cdb391-13d6-38c8-b6f0-440d879e5c7f", "longitude": -43.41435, "latitude": -12.56889, "data_hora_gmt": "2026-04-21T16:20:00Z", "data_pas": "2026-04-21", "satelite": "NOAA-20", "municipio": "SÍTIO DO MATO", "estado": "BAHIA", "pais": "Brasil", "precipitacao": null, "numero_dias_sem_chuva": null, "risco_fogo": null, "bioma": "Cerrado", "id_0": 33, "id_1": 29, "id_2": 2930758, "continente_id": 8, "vegetacao": null, "grade_wrs": "219_069", "frp": 10.3}, "bbox": [-43.41435, -12.56889, -43.41435, -12.56889]}, {"type": "Feature", "id": "focos_48h_br_todosats.fid--145fdae9_19db31250eb_416f", "geometry": {"type": "Point", "coordinates": [-41.70779, -11.4683]}, "geometry_name": "geometria", "properties": {"id_foco_bdq": 1814980729, "foco_id": "73928cdc-580d-3eb9-b5a7-167e72a3b8de", "longitude": -41.70779, "latitude": -11.4683, "data_hora_gmt": "2026-04-21T16:20:00Z", "data_pas": "2026-04-21", "satelite": "NOAA-20", "municipio": "LAPÃO", "estado": "BAHIA", "pais": "Brasil", "precipitacao": null, "numero_dias_sem_chuva": null, "risco_fogo": null, "bioma": "Caatinga", "id_0": 33, "id_1": 29, "id_2": 2919157, "continente_id": 8, "vegetacao": null, "grade_wrs": "218_068", "frp": 3.3}, "bbox": [-41.70779, -11.4683, -41.70779, -11.4683]}, {"type": "Feature", "id": "focos_48h_br_todosats.fid--145fdae9_19db31250eb_4171", "geometry": {"type": "Point", "coordinates": [-45.34047, -13.38557]}, "geometry_name": "geometria", "properties": {"id_foco_bdq": 1814980730, "foco_id": "3a90675c-020e-3aac-85a4-79ac6d1d439d", "longitude": -45.34047, "latitude": -13.38557, "data_hora_gmt": "2026-04-21T16:20:00Z", "data_pas": "2026-04-21", "satelite": "NOAA-20", "municipio": "CORRENTINA", "estado": "BAHIA", "pais": "Brasil", "precipitacao": null, "numero_dias_sem_chuva": null, "risco_fogo": null, "bioma": "Cerrado", "id_0": 33, "id_1": 29, "id_2": 2909307, "continente_id": 8, "vegetacao": null, "grade_wrs": "220_069", "frp": 34.1}, "bbox": [-45.34047, -13.38557, -45.34047, -13.38557]}, {"type": "Feature", "id": "focos_48h_br_todosats.fid--145fdae9_19db31250eb_4173", "geometry": {"type": "Point", "coordinates": [-42.58281, -13.33498]}, "geometry_name": "geometria", "properties": {"id_foco_bdq": 1814980735, "foco_id": "2cc9590c-3675-320a-9339-83045974c786", "longitude": -42.58281, "latitude": -13.33498, "data_hora_gmt": "2026-04-21T16:20:00Z", "data_pas": "2026-04-21", "satelite": "NOAA-20", "municipio": "BOTUPORÃ", "estado": "BAHIA", "pais": "Brasil", "precipitacao": null, "numero_dias_sem_chuva": null, "risco_fogo": null, "bioma": "Caatinga", "id_0": 33, "id_1": 29, "id_2": 2904209, "continente_id": 8, "vegetacao": null, "grade_wrs": "218_069", "frp": 4.1}, "bbox": [-42.58281, -13.33498, -42.58281, -13.33498]}, {"type": "Feature", "id": "focos_48h_br_todosats.fid--145fdae9_19db31250eb_4174", "geometry": {"type": "Point", "coordinates": [-49.73005, -11.8628]}, "geometry_name": "geometria", "properties": {"id_foco_bdq": 1814980741, "foco_id": "19c66606-6b00-3ecb-ac82-af6b3c1772d4", "longitude": -49.73005, "latitude": -11.8628, "data_hora_gmt": "2026-04-21T16:20:00Z", "data_pas": "2026-04-21", "satelite": "NOAA-20", "municipio": "FORMOSO DO ARAGUAIA", "estado": "TOCANTINS", "pais": "Brasil", "precipitacao": null, "numero_dias_sem_chuva": null, "risco_fogo": null, "bioma": "Cerrado", "id_0": 33, "id_1": 17, "id_2": 1708205, "continente_id": 8, "vegetacao": null, "grade_wrs": "223_068", "frp": 5.1}, "bbox": [-49.73005, -11.8628, -49.73005, -11.8628]}, {"type": "Feature", "id": "focos_48h_br_todosats.fid--145fdae9_19db31250eb_4176", "geometry": {"type": "Point", "coordinates": [-39.10459, -15.95974]}, "geometry_name": "geometria", "properties": {"id_foco_bdq": 1814980745, "foco_id": "175be285-a85e-3f6c-8bb5-0a6a4a47f638", "longitude": -39.10459, "latitude": -15.95974, "data_hora_gmt": "2026-04-21T16:20:00Z", "data_pas": "2026-04-21", "satelite": "NOAA-20", "municipio": "BELMONTE", "estado": "BAHIA", "pais": "Brasil", "precipitacao": null, "numero_dias_sem_chuva": null, "risco_fogo": null, "bioma": "Mata Atlântica", "id_0": 33, "id_1": 29, "id_2": 2903409, "continente_id": 8, "vegetacao": null, "grade_wrs": "215_071", "frp": 3.8}, "bbox": [-39.10459, -15.95974, -39.10459, -15.95974]}, {"type": "Feature", "id": "focos_48h_br_todosats.fid--145fdae9_19db31250eb_4178", "geometry": {"type": "Point", "coordinates": [-46.82714, -11.86785]}, "geometry_name": "geometria", "properties": {"id_foco_bdq": 1814980746, "foco_id": "49791a77-432c-3ab8-86a6-c07098182ab9", "longitude": -46.82714, "latitude": -11.86785, "data_hora_gmt": "2026-04-21T16:20:00Z", "data_pas": "2026-04-21", "satelite": "NOAA-20", "municipio": "DIANÓPOLIS", "estado": "TOCANTINS", "pais": "Brasil", "precipitacao": null, "numero_dias_sem_chuva": null, "risco_fogo": null, "bioma": "Cerrado", "id_0": 33, "id_1": 17, "id_2": 1707009, "continente_id": 8, "vegetacao": null, "grade_wrs": "221_068", "frp": 1.5}, "bbox": [-46.82714, -11.86785, -46.82714, -11.86785]}, {"type": "Feature", "id": "focos_48h_br_todosats.fid--145fdae9_19db31250eb_417a", "geometry": {"type": "Point", "coordinates": [-41.8055, -15.17839]}, "geometry_name": "geometria", "properties": {"id_foco_bdq": 1814980757, "foco_id": "8648182c-d9df-32d0-9046-441737b2a80d", "longitude": -41.8055, "latitude": -15.17839, "data_hora_gmt": "2026-04-21T16:20:00Z", "data_pas": "2026-04-21", "satelite": "NOAA-20", "municipio": "SÃO JOÃO DO PARAÍSO", "estado": "MINAS GERAIS", "pais": "Brasil", "precipitacao": null, "numero_dias_sem_chuva": null, "risco_fogo": null, "bioma": "Mata Atlântica", "id_0": 33, "id_1": 31, "id_2": 3162708, "continente_id": 8, "vegetacao": null, "grade_wrs": "217_071", "frp": 3.4}, "bbox": [-41.8055, -15.17839, -41.8055, -15.17839]}, {"type": "Feature", "id": "focos_48h_br_todosats.fid--145fdae9_19db31250eb_417f", "geometry": {"type": "Point", "coordinates": [-37.34409, -8.90863]}, "geometry_name": "geometria", "properties": {"id_foco_bdq": 1814980758, "foco_id": "9fa09171-609b-395b-9a31-1472819dce7c", "longitude": -37.34409, "latitude": -8.90863, "data_hora_gmt": "2026-04-21T16:20:00Z", "data_pas": "2026-04-21", "satelite": "NOAA-20", "municipio": "ITAÍBA", "estado": "PERNAMBUCO", "pais": "Brasil", "precipitacao": null, "numero_dias_sem_chuva": null, "risco_fogo": null, "bioma": "Caatinga", "id_0": 33, "id_1": 26, "id_2": 2607505, "continente_id": 8, "vegetacao": null, "grade_wrs": "215_066", "frp": 18.8}, "bbox": [-37.34409, -8.90863, -37.34409, -8.90863]}, {"type": "Feature", "id": "focos_48h_br_todosats.fid--145fdae9_19db31250eb_4181", "geometry": {"type": "Point", "coordinates": [-39.59998, -13.73903]}, "geometry_name": "geometria", "properties": {"id_foco_bdq": 1814980763, "foco_id": "3e4d5415-b430-343c-b92d-0968e3ad271d", "longitude": -39.59998, "latitude": -13.73903, "data_hora_gmt": "2026-04-21T16:20:00Z", "data_pas": "2026-04-21", "satelite": "NOAA-20", "municipio": "NOVA IBIÁ", "estado": "BAHIA", "pais": "Brasil", "precipitacao": null, "numero_dias_sem_chuva": null, "risco_fogo": null, "bioma": "Mata Atlântica", "id_0": 33, "id_1": 29, "id_2": 2922755, "continente_id": 8, "vegetacao": null, "grade_wrs": "216_069", "frp": 1.8}, "bbox": [-39.59998, -13.73903, -39.59998, -13.73903]}, {"type": "Feature", "id": "focos_48h_br_todosats.fid--145fdae9_19db31250eb_4183", "geometry": {"type": "Point", "coordinates": [-41.64666, -14.28718]}, "geometry_name": "geometria", "properties": {"id_foco_bdq": 1814980769, "foco_id": "1bc88522-f2d5-3d82-aba8-338fcd53f777", "longitude": -41.64666, "latitude": -14.28718, "data_hora_gmt": "2026-04-21T16:20:00Z", "data_pas": "2026-04-21", "satelite": "NOAA-20", "municipio": "BRUMADO", "estado": "BAHIA", "pais": "Brasil", "precipitacao": null, "numero_dias_sem_chuva": null, "risco_fogo": null, "bioma": "Caatinga", "id_0": 33, "id_1": 29, "id_2": 2904605, "continente_id": 8, "vegetacao": null, "grade_wrs": "217_070", "frp": 2.6}, "bbox": [-41.64666, -14.28718, -41.64666, -14.28718]}, {"type": "Feature", "id": "focos_48h_br_todosats.fid--145fdae9_19db31250eb_4185", "geometry": {"type": "Point", "coordinates": [-43.38369, -11.95593]}, "geometry_name": "geometria", "properties": {"id_foco_bdq": 1814980782, "foco_id": "35815071-9b75-344d-bb60-4bbeb0386273", "longitude": -43.38369, "latitude": -11.95593, "data_hora_gmt": "2026-04-21T16:20:00Z", "data_pas": "2026-04-21", "satelite": "NOAA-20", "municipio": "MUQUÉM DO SÃO FRANCISCO", "estado": "BAHIA", "pais": "Brasil", "precipitacao": null, "numero_dias_sem_chuva": null, "risco_fogo": null, "bioma": "Cerrado", "id_0": 33, "id_1": 29, "id_2": 2922250, "continente_id": 8, "vegetacao": null, "grade_wrs": "219_068", "frp": 3.2}, "bbox": [-43.38369, -11.95593, -43.38369, -11.95593]}, {"type": "Feature", "id": "focos_48h_br_todosats.fid--145fdae9_19db31250eb_4188", "geometry": {"type": "Point", "coordinates": [-43.50551, -16.56625]}, "geometry_name": "geometria", "properties": {"id_foco_bdq": 1814980788, "foco_id": "adf89b8c-c65c-3769-8ce9-1c907f6df584", "longitude": -43.50551, "latitude": -16.56625, "data_hora_gmt": "2026-04-21T16:20:00Z", "data_pas": "2026-04-21", "satelite": "NOAA-20", "municipio": "FRANCISCO SÁ", "estado": "MINAS GERAIS", "pais": "Brasil", "precipitacao": null, "numero_dias_sem_chuva": null, "risco_fogo": null, "bioma": "Cerrado", "id_0": 33, "id_1": 31, "id_2": 3126703, "continente_id": 8, "vegetacao": null, "grade_wrs": "218_071", "frp": 3.6}, "bbox": [-43.50551, -16.56625, -43.50551, -16.56625]}, {"type": "Feature", "id": "focos_48h_br_todosats.fid--145fdae9_19db31250eb_418a", "geometry": {"type": "Point", "coordinates": [-40.47511, -13.03334]}, "geometry_name": "geometria", "properties": {"id_foco_bdq": 1814980795, "foco_id": "6cd8323a-b0e6-33b3-9c85-376737f862d8", "longitude": -40.47511, "latitude": -13.03334, "data_hora_gmt": "2026-04-21T16:20:00Z", "data_pas": "2026-04-21", "satelite": "NOAA-20", "municipio": "MARCIONÍLIO SOUZA", "estado": "BAHIA", "pais": "Brasil", "precipitacao": null, "numero_dias_sem_chuva": null, "risco_fogo": null, "bioma": "Caatinga", "id_0": 33, "id_1": 29, "id_2": 2920809, "continente_id": 8, "vegetacao": null, "grade_wrs": "217_069", "frp": 8.4}, "bbox": [-40.47511, -13.03334, -40.47511, -13.03334]}, {"type": "Feature", "id": "focos_48h_br_todosats.fid--145fdae9_19db31250eb_418d", "geometry": {"type": "Point", "coordinates": [-45.33452, -13.39259]}, "geometry_name": "geometria", "properties": {"id_foco_bdq": 1814980798, "foco_id": "95e00c86-0661-30cd-9fa8-b67f89f5b3a2", "longitude": -45.33452, "latitude": -13.39259, "data_hora_gmt": "2026-04-21T16:20:00Z", "data_pas": "2026-04-21", "satelite": "NOAA-20", "municipio": "CORRENTINA", "estado": "BAHIA", "pais": "Brasil", "precipitacao": null, "numero_dias_sem_chuva": null, "risco_fogo": null, "bioma": "Cerrado", "id_0": 33, "id_1": 29, "id_2": 2909307, "continente_id": 8, "vegetacao": null, "grade_wrs": "220_069", "frp": 13.1}, "bbox": [-45.33452, -13.39259, -45.33452, -13.39259]}, {"type": "Feature", "id": "focos_48h_br_todosats.fid--145fdae9_19db31250eb_418f", "geometry": {"type": "Point", "coordinates": [-47.37717, -13.9132]}, "geometry_name": "geometria", "properties": {"id_foco_bdq": 1814980799, "foco_id": "83c1d25d-ea81-3110-b23e-929fa5d516ef", "longitude": -47.37717, "latitude": -13.9132, "data_hora_gmt": "2026-04-21T16:20:00Z", "data_pas": "2026-04-21", "satelite": "NOAA-20", "municipio": "CAVALCANTE", "estado": "GOIÁS", "pais": "Brasil", "precipitacao": null, "numero_dias_sem_chuva": null, "risco_fogo": null, "bioma": "Cerrado", "id_0": 33, "id_1": 52, "id_2": 5205307, "continente_id": 8, "vegetacao": null, "grade_wrs": "221_070", "frp": 7.3}, "bbox": [-47.37717, -13.9132, -47.37717, -13.9132]}, {"type": "Feature", "id": "focos_48h_br_todosats.fid--145fdae9_19db31250eb_4190", "geometry": {"type": "Point", "coordinates": [-39.70962, -15.44991]}, "geometry_name": "geometria", "properties": {"id_foco_bdq": 1814980801, "foco_id": "db6ec630-0788-3a58-859b-11228eb06929", "longitude": -39.70962, "latitude": -15.44991, "data_hora_gmt": "2026-04-21T16:20:00Z", "data_pas": "2026-04-21", "satelite": "NOAA-20", "municipio": "PAU BRASIL", "estado": "BAHIA", "pais": "Brasil", "precipitacao": null, "numero_dias_sem_chuva": null, "risco_fogo": null, "bioma": "Mata Atlântica", "id_0": 33, "id_1": 29, "id_2": 2923902, "continente_id": 8, "vegetacao": null, "grade_wrs": "216_071", "frp": 4.9}, "bbox": [-39.70962, -15.44991, -39.70962, -15.44991]}, {"type": "Feature", "id": "focos_48h_br_todosats.fid--145fdae9_19db31250eb_4193", "geometry": {"type": "Point", "coordinates": [-40.8611, -12.12943]}, "geometry_name": "geometria", "properties": {"id_foco_bdq": 1814980802, "foco_id": "8d65917d-6d96-30b6-9d4d-66377fe7aa20", "longitude": -40.8611, "latitude": -12.12943, "data_hora_gmt": "2026-04-21T16:20:00Z", "data_pas": "2026-04-21", "satelite": "NOAA-20", "municipio": "RUY BARBOSA", "estado": "BAHIA", "pais": "Brasil", "precipitacao": null, "numero_dias_sem_chuva": null, "risco_fogo": null, "bioma": "Caatinga", "id_0": 33, "id_1": 29, "id_2": 2927200, "continente_id": 8, "vegetacao": null, "grade_wrs": "217_068", "frp": 3.9}, "bbox": [-40.8611, -12.12943, -40.8611, -12.12943]}, {"type": "Feature", "id": "focos_48h_br_todosats.fid--145fdae9_19db31250eb_4195", "geometry": {"type": "Point", "coordinates": [-45.22519, -12.03153]}, "geometry_name": "geometria", "properties": {"id_foco_bdq": 1814980805, "foco_id": "d372ef07-2f88-3dc3-b8fd-f0ec73a3c7b8", "longitude": -45.22519, "latitude": -12.03153, "data_hora_gmt": "2026-04-21T16:20:00Z", "data_pas": "2026-04-21", "satelite": "NOAA-20", "municipio": "BARREIRAS", "estado": "BAHIA", "pais": "Brasil", "precipitacao": null, "numero_dias_sem_chuva": null, "risco_fogo": null, "bioma": "Cerrado", "id_0": 33, "id_1": 29, "id_2": 2903201, "continente_id": 8, "vegetacao": null, "grade_wrs": "220_068", "frp": 9.3}, "bbox": [-45.22519, -12.03153, -45.22519, -12.03153]}, {"type": "Feature", "id": "focos_48h_br_todosats.fid--145fdae9_19db31250eb_4199", "geometry": {"type": "Point", "coordinates": [-40.33997, -12.04145]}, "geometry_name": "geometria", "properties": {"id_foco_bdq": 1814980806, "foco_id": "e5ea381e-5677-3cbb-a255-f5a865d89dc4", "longitude": -40.33997, "latitude": -12.04145, "data_hora_gmt": "2026-04-21T16:20:00Z", "data_pas": "2026-04-21", "satelite": "NOAA-20", "municipio": "MACAJUBA", "estado": "BAHIA", "pais": "Brasil", "precipitacao": null, "numero_dias_sem_chuva": null, "risco_fogo": null, "bioma": "Caatinga", "id_0": 33, "id_1": 29, "id_2": 2919603, "continente_id": 8, "vegetacao": null, "grade_wrs": "217_068", "frp": 6.3}, "bbox": [-40.33997, -12.04145, -40.33997, -12.04145]}, {"type": "Feature", "id": "focos_48h_br_todosats.fid--145fdae9_19db31250eb_419d", "geometry": {"type": "Point", "coordinates": [-45.34738, -12.03681]}, "geometry_name": "geometria", "properties": {"id_foco_bdq": 1814980811, "foco_id": "bd1cf611-dccf-38a5-bb1c-2a4ce09d9e8d", "longitude": -45.34738, "latitude": -12.03681, "data_hora_gmt": "2026-04-21T16:20:00Z", "data_pas": "2026-04-21", "satelite": "NOAA-20", "municipio": "BARREIRAS", "estado": "BAHIA", "pais": "Brasil", "precipitacao": null, "numero_dias_sem_chuva": null, "risco_fogo": null, "bioma": "Cerrado", "id_0": 33, "id_1": 29, "id_2": 2903201, "continente_id": 8, "vegetacao": null, "grade_wrs": "220_068", "frp": 5.2}, "bbox": [-45.34738, -12.03681, -45.34738, -12.03681]}, {"type": "Feature", "id": "focos_48h_br_todosats.fid--145fdae9_19db31250eb_419e", "geometry": {"type": "Point", "coordinates": [-40.12435, -14.82879]}, "geometry_name": "geometria", "properties": {"id_foco_bdq": 1814980826, "foco_id": "df4da4cb-db89-34ea-8a6c-0955182458cd", "longitude": -40.12435, "latitude": -14.82879, "data_hora_gmt": "2026-04-21T16:20:00Z", "data_pas": "2026-04-21", "satelite": "NOAA-20", "municipio": "NOVA CANAÃ", "estado": "BAHIA", "pais": "Brasil", "precipitacao": null, "numero_dias_sem_chuva": null, "risco_fogo": null, "bioma": "Mata Atlântica", "id_0": 33, "id_1": 29, "id_2": 2922706, "continente_id": 8, "vegetacao": null, "grade_wrs": "216_070", "frp": 4.7}, "bbox": [-40.12435, -14.82879, -40.12435, -14.82879]}, {"type": "Feature", "id": "focos_48h_br_todosats.fid--145fdae9_19db31250eb_419f", "geometry": {"type": "Point", "coordinates": [-39.10089, -15.95915]}, "geometry_name": "geometria", "properties": {"id_foco_bdq": 1814980830, "foco_id": "ecacb446-6546-3974-b4af-142584f37b6a", "longitude": -39.10089, "latitude": -15.95915, "data_hora_gmt": "2026-04-21T16:20:00Z", "data_pas": "2026-04-21", "satelite": "NOAA-20", "municipio": "BELMONTE", "estado": "BAHIA", "pais": "Brasil", "precipitacao": null, "numero_dias_sem_chuva": null, "risco_fogo": null, "bioma": "Mata Atlântica", "id_0": 33, "id_1": 29, "id_2": 2903409, "continente_id": 8, "vegetacao": null, "grade_wrs": "215_071", "frp": 3.8}, "bbox": [-39.10089, -15.95915, -39.10089, -15.95915]}, {"type": "Feature", "id": "focos_48h_br_todosats.fid--145fdae9_19db31250eb_41a1", "geometry": {"type": "Point", "coordinates": [-41.40905, -13.84776]}, "geometry_name": "geometria", "properties": {"id_foco_bdq": 1814980836, "foco_id": "a4e77b43-86b0-3685-b1dd-a3c9f1d1e68c", "longitude": -41.40905, "latitude": -13.84776, "data_hora_gmt": "2026-04-21T16:20:00Z", "data_pas": "2026-04-21", "satelite": "NOAA-20", "municipio": "ITUAÇU", "estado": "BAHIA", "pais": "Brasil", "precipitacao": null, "numero_dias_sem_chuva": null, "risco_fogo": null, "bioma": "Caatinga", "id_0": 33, "id_1": 29, "id_2": 2917201, "continente_id": 8, "vegetacao": null, "grade_wrs": "217_070", "frp": 4.5}, "bbox": [-41.40905, -13.84776, -41.40905, -13.84776]}, {"type": "Feature", "id": "focos_48h_br_todosats.fid--145fdae9_19db31250eb_41a3", "geometry": {"type": "Point", "coordinates": [-40.75718, -12.80567]}, "geometry_name": "geometria", "properties": {"id_foco_bdq": 1814980838, "foco_id": "72d1bef7-7a64-38e5-91ab-a4d442d66254", "longitude": -40.75718, "latitude": -12.80567, "data_hora_gmt": "2026-04-21T16:20:00Z", "data_pas": "2026-04-21", "satelite": "NOAA-20", "municipio": "BOA VISTA DO TUPIM", "estado": "BAHIA", "pais": "Brasil", "precipitacao": null, "numero_dias_sem_chuva": null, "risco_fogo": null, "bioma": "Caatinga", "id_0": 33, "id_1": 29, "id_2": 2903805, "continente_id": 8, "vegetacao": null, "grade_wrs": "217_069", "frp": 5.5}, "bbox": [-40.75718, -12.80567, -40.75718, -12.80567]}, {"type": "Feature", "id": "focos_48h_br_todosats.fid--145fdae9_19db31250eb_41a5", "geometry": {"type": "Point", "coordinates": [-39.57568, -10.47936]}, "geometry_name": "geometria", "properties": {"id_foco_bdq": 1814980846, "foco_id": "5f8dfb1b-c9fd-364e-9ebd-b223180fe8fc", "longitude": -39.57568, "latitude": -10.47936, "data_hora_gmt": "2026-04-21T16:20:00Z", "data_pas": "2026-04-21", "satelite": "NOAA-20", "municipio": "MONTE SANTO", "estado": "BAHIA", "pais": "Brasil", "precipitacao": null, "numero_dias_sem_chuva": null, "risco_fogo": null, "bioma": "Caatinga", "id_0": 33, "id_1": 29, "id_2": 2921500, "continente_id": 8, "vegetacao": null, "grade_wrs": "216_067", "frp": 2.1}, "bbox": [-39.57568, -10.47936, -39.57568, -10.47936]}, {"type": "Feature", "id": "focos_48h_br_todosats.fid--145fdae9_19db31250eb_41a7", "geometry": {"type": "Point", "coordinates": [-44.19611, -12.24486]}, "geometry_name": "geometria", "properties": {"id_foco_bdq": 1814980849, "foco_id": "59388182-e075-3992-90cf-76c1284d54ae", "longitude": -44.19611, "latitude": -12.24486, "data_hora_gmt": "2026-04-21T16:20:00Z", "data_pas": "2026-04-21", "satelite": "NOAA-20", "municipio": "CRISTÓPOLIS", "estado": "BAHIA", "pais": "Brasil", "precipitacao": null, "numero_dias_sem_chuva": null, "risco_fogo": null, "bioma": "Cerrado", "id_0": 33, "id_1": 29, "id_2": 2909703, "continente_id": 8, "vegetacao": null, "grade_wrs": "219_068", "frp": 4.4}, "bbox": [-44.19611, -12.24486, -44.19611, -12.24486]}, {"type": "Feature", "id": "focos_48h_br_todosats.fid--145fdae9_19db31250eb_41a8", "geometry": {"type": "Point", "coordinates": [-39.32046, -14.11567]}, "geometry_name": "geometria", "properties": {"id_foco_bdq": 1814980851, "foco_id": "dd1d05b8-5935-396a-a52e-db4b983cf90c", "longitude": -39.32046, "latitude": -14.11567, "data_hora_gmt": "2026-04-21T16:20:00Z", "data_pas": "2026-04-21", "satelite": "NOAA-20", "municipio": "CAMAMU", "estado": "BAHIA", "pais": "Brasil", "precipitacao": null, "numero_dias_sem_chuva": null, "risco_fogo": null, "bioma": "Mata Atlântica", "id_0": 33, "id_1": 29, "id_2": 2905800, "continente_id": 8, "vegetacao": null, "grade_wrs": "216_070", "frp": 5.1}, "bbox": [-39.32046, -14.11567, -39.32046, -14.11567]}, {"type": "Feature", "id": "focos_48h_br_todosats.fid--145fdae9_19db31250eb_41aa", "geometry": {"type": "Point", "coordinates": [-39.31327, -13.82317]}, "geometry_name": "geometria", "properties": {"id_foco_bdq": 1814980868, "foco_id": "8c1c3ba2-1a26-3ec2-8742-673a87aba499", "longitude": -39.31327, "latitude": -13.82317, "data_hora_gmt": "2026-04-21T16:20:00Z", "data_pas": "2026-04-21", "satelite": "NOAA-20", "municipio": "ITUBERÁ", "estado": "BAHIA", "pais": "Brasil", "precipitacao": null, "numero_dias_sem_chuva": null, "risco_fogo": null, "bioma": "Mata Atlântica", "id_0": 33, "id_1": 29, "id_2": 2917300, "continente_id": 8, "vegetacao": null, "grade_wrs": "216_070", "frp": 3.6}, "bbox": [-39.31327, -13.82317, -39.31327, -13.82317]}, {"type": "Feature", "id": "focos_48h_br_todosats.fid--145fdae9_19db31250eb_41ad", "geometry": {"type": "Point", "coordinates": [-39.5667, -13.62159]}, "geometry_name": "geometria", "properties": {"id_foco_bdq": 1814980870, "foco_id": "0fb34f2b-307b-338a-927c-3e6763955003", "longitude": -39.5667, "latitude": -13.62159, "data_hora_gmt": "2026-04-21T16:20:00Z", "data_pas": "2026-04-21", "satelite": "NOAA-20", "municipio": "WENCESLAU GUIMARÃES", "estado": "BAHIA", "pais": "Brasil", "precipitacao": null, "numero_dias_sem_chuva": null, "risco_fogo": null, "bioma": "Mata Atlântica", "id_0": 33, "id_1": 29, "id_2": 2933505, "continente_id": 8, "vegetacao": null, "grade_wrs": "216_069", "frp": 4.1}, "bbox": [-39.5667, -13.62159, -39.5667, -13.62159]}, {"type": "Feature", "id": "focos_48h_br_todosats.fid--145fdae9_19db31250eb_41af", "geometry": {"type": "Point", "coordinates": [-43.0179, -12.92001]}, "geometry_name": "geometria", "properties": {"id_foco_bdq": 1814980873, "foco_id": "39097934-3fa1-32b7-bc0e-08e82d06cc72", "longitude": -43.0179, "latitude": -12.92001, "data_hora_gmt": "2026-04-21T16:20:00Z", "data_pas": "2026-04-21", "satelite": "NOAA-20", "municipio": "PARATINGA", "estado": "BAHIA", "pais": "Brasil", "precipitacao": null, "numero_dias_sem_chuva": null, "risco_fogo": null, "bioma": "Caatinga", "id_0": 33, "id_1": 29, "id_2": 2923704, "continente_id": 8, "vegetacao": null, "grade_wrs": "218_069", "frp": 3.2}, "bbox": [-43.0179, -12.92001, -43.0179, -12.92001]}, {"type": "Feature", "id": "focos_48h_br_todosats.fid--145fdae9_19db31250eb_41b2", "geometry": {"type": "Point", "coordinates": [-40.62869, -9.6358]}, "geometry_name": "geometria", "properties": {"id_foco_bdq": 1814980875, "foco_id": "89511090-1368-3c13-b47e-652f705ba386", "longitude": -40.62869, "latitude": -9.6358, "data_hora_gmt": "2026-04-21T16:20:00Z", "data_pas": "2026-04-21", "satelite": "NOAA-20", "municipio": "JUAZEIRO", "estado": "BAHIA", "pais": "Brasil", "precipitacao": null, "numero_dias_sem_chuva": null, "risco_fogo": null, "bioma": "Caatinga", "id_0": 33, "id_1": 29, "id_2": 2918407, "continente_id": 8, "vegetacao": null, "grade_wrs": "217_067", "frp": 3.1}, "bbox": [-40.62869, -9.6358, -40.62869, -9.6358]}, {"type": "Feature", "id": "focos_48h_br_todosats.fid--145fdae9_19db31250eb_41b6", "geometry": {"type": "Point", "coordinates": [-45.33506, -13.38874]}, "geometry_name": "geometria", "properties": {"id_foco_bdq": 1814980880, "foco_id": "3cdac31d-816d-34ed-923d-4899d12493cb", "longitude": -45.33506, "latitude": -13.38874, "data_hora_gmt": "2026-04-21T16:20:00Z", "data_pas": "2026-04-21", "satelite": "NOAA-20", "municipio": "CORRENTINA", "estado": "BAHIA", "pais": "Brasil", "precipitacao": null, "numero_dias_sem_chuva": null, "risco_fogo": null, "bioma": "Cerrado", "id_0": 33, "id_1": 29, "id_2": 2909307, "continente_id": 8, "vegetacao": null, "grade_wrs": "220_069", "frp": 34.1}, "bbox": [-45.33506, -13.38874, -45.33506, -13.38874]}, {"type": "Feature", "id": "focos_48h_br_todosats.fid--145fdae9_19db31250eb_41b8", "geometry": {"type": "Point", "coordinates": [-48.95934, -17.71294]}, "geometry_name": "geometria", "properties": {"id_foco_bdq": 1814980882, "foco_id": "30481832-58c0-3537-93f4-54d0bd8d0c5a", "longitude": -48.95934, "latitude": -17.71294, "data_hora_gmt": "2026-04-21T16:20:00Z", "data_pas": "2026-04-21", "satelite": "NOAA-20", "municipio": "MORRINHOS", "estado": "GOIÁS", "pais": "Brasil", "precipitacao": null, "numero_dias_sem_chuva": null, "risco_fogo": null, "bioma": "Cerrado", "id_0": 33, "id_1": 52, "id_2": 5213806, "continente_id": 8, "vegetacao": null, "grade_wrs": "221_072", "frp": 4.2}, "bbox": [-48.95934, -17.71294, -48.95934, -17.71294]}, {"type": "Feature", "id": "focos_48h_br_todosats.fid--145fdae9_19db31250eb_41bb", "geometry": {"type": "Point", "coordinates": [-41.04043, -11.01334]}, "geometry_name": "geometria", "properties": {"id_foco_bdq": 1814980883, "foco_id": "3b3f17f7-8d53-38f7-8705-b24b7df72fa7", "longitude": -41.04043, "latitude": -11.01334, "data_hora_gmt": "2026-04-21T16:20:00Z", "data_pas": "2026-04-21", "satelite": "NOAA-20", "municipio": "OUROLÂNDIA", "estado": "BAHIA", "pais": "Brasil", "precipitacao": null, "numero_dias_sem_chuva": null, "risco_fogo": null, "bioma": "Caatinga", "id_0": 33, "id_1": 29, "id_2": 2923357, "continente_id": 8, "vegetacao": null, "grade_wrs": "217_068", "frp": 3}, "bbox": [-41.04043, -11.01334, -41.04043, -11.01334]}, {"type": "Feature", "id": "focos_48h_br_todosats.fid--145fdae9_19db31250eb_41be", "geometry": {"type": "Point", "coordinates": [-39.65826, -13.23765]}, "geometry_name": "geometria", "properties": {"id_foco_bdq": 1814980888, "foco_id": "88e34cfd-6a08-39c4-92e8-2bd4af7aa8c9", "longitude": -39.65826, "latitude": -13.23765, "data_hora_gmt": "2026-04-21T16:20:00Z", "data_pas": "2026-04-21", "satelite": "NOAA-20", "municipio": "UBAÍRA", "estado": "BAHIA", "pais": "Brasil", "precipitacao": null, "numero_dias_sem_chuva": null, "risco_fogo": null, "bioma": "Mata Atlântica", "id_0": 33, "id_1": 29, "id_2": 2932101, "continente_id": 8, "vegetacao": null, "grade_wrs": "216_069", "frp": 2.8}, "bbox": [-39.65826, -13.23765, -39.65826, -13.23765]}, {"type": "Feature", "id": "focos_48h_br_todosats.fid--145fdae9_19db31250eb_41bf", "geometry": {"type": "Point", "coordinates": [-50.24451, -13.48813]}, "geometry_name": "geometria", "properties": {"id_foco_bdq": 1814980889, "foco_id": "c3f7d0a7-d3bf-3dc6-ae22-2343f59ebe1c", "longitude": -50.24451, "latitude": -13.48813, "data_hora_gmt": "2026-04-21T16:20:00Z", "data_pas": "2026-04-21", "satelite": "NOAA-20", "municipio": "SÃO MIGUEL DO ARAGUAIA", "estado": "GOIÁS", "pais": "Brasil", "precipitacao": null, "numero_dias_sem_chuva": null, "risco_fogo": null, "bioma": "Cerrado", "id_0": 33, "id_1": 52, "id_2": 5220207, "continente_id": 8, "vegetacao": null, "grade_wrs": "223_069", "frp": 3.1}, "bbox": [-50.24451, -13.48813, -50.24451, -13.48813]}, {"type": "Feature", "id": "focos_48h_br_todosats.fid--145fdae9_19db31250eb_41c1", "geometry": {"type": "Point", "coordinates": [-39.84985, -15.7976]}, "geometry_name": "geometria", "properties": {"id_foco_bdq": 1814980897, "foco_id": "fb6b5134-65bf-3d76-b4f4-b1d7dbab85a7", "longitude": -39.84985, "latitude": -15.7976, "data_hora_gmt": "2026-04-21T16:20:00Z", "data_pas": "2026-04-21", "satelite": "NOAA-20", "municipio": "POTIRAGUÁ", "estado": "BAHIA", "pais": "Brasil", "precipitacao": null, "numero_dias_sem_chuva": null, "risco_fogo": null, "bioma": "Mata Atlântica", "id_0": 33, "id_1": 29, "id_2": 2925402, "continente_id": 8, "vegetacao": null, "grade_wrs": "216_071", "frp": 2.4}, "bbox": [-39.84985, -15.7976, -39.84985, -15.7976]}, {"type": "Feature", "id": "focos_48h_br_todosats.fid--145fdae9_19db31250eb_41c2", "geometry": {"type": "Point", "coordinates": [-39.19194, -13.53778]}, "geometry_name": "geometria", "properties": {"id_foco_bdq": 1814980902, "foco_id": "3931ccee-d4fa-3ee2-a4aa-d8bc25f103de", "longitude": -39.19194, "latitude": -13.53778, "data_hora_gmt": "2026-04-21T16:20:00Z", "data_pas": "2026-04-21", "satelite": "NOAA-20", "municipio": "TAPEROÁ", "estado": "BAHIA", "pais": "Brasil", "precipitacao": null, "numero_dias_sem_chuva": null, "risco_fogo": null, "bioma": "Mata Atlântica", "id_0": 33, "id_1": 29, "id_2": 2931202, "continente_id": 8, "vegetacao": null, "grade_wrs": "216_069", "frp": 3.7}, "bbox": [-39.19194, -13.53778, -39.19194, -13.53778]}, {"type": "Feature", "id": "focos_48h_br_todosats.fid--145fdae9_19db31250eb_41c4", "geometry": {"type": "Point", "coordinates": [-45.35205, -13.96236]}, "geometry_name": "geometria", "properties": {"id_foco_bdq": 1814980904, "foco_id": "288590f8-054e-3610-94ae-4a4af32c0a64", "longitude": -45.35205, "latitude": -13.96236, "data_hora_gmt": "2026-04-21T16:20:00Z", "data_pas": "2026-04-21", "satelite": "NOAA-20", "municipio": "JABORANDI", "estado": "BAHIA", "pais": "Brasil", "precipitacao": null, "numero_dias_sem_chuva": null, "risco_fogo": null, "bioma": "Cerrado", "id_0": 33, "id_1": 29, "id_2": 2917359, "continente_id": 8, "vegetacao": null, "grade_wrs": "220_070", "frp": 9.7}, "bbox": [-45.35205, -13.96236, -45.35205, -13.96236]}, {"type": "Feature", "id": "focos_48h_br_todosats.fid--145fdae9_19db31250eb_41c6", "geometry": {"type": "Point", "coordinates": [-39.10942, -15.9536]}, "geometry_name": "geometria", "properties": {"id_foco_bdq": 1814980906, "foco_id": "3b28f73e-b719-3398-addf-3a62b96acd32", "longitude": -39.10942, "latitude": -15.9536, "data_hora_gmt": "2026-04-21T16:20:00Z", "data_pas": "2026-04-21", "satelite": "NOAA-20", "municipio": "BELMONTE", "estado": "BAHIA", "pais": "Brasil", "precipitacao": null, "numero_dias_sem_chuva": null, "risco_fogo": null, "bioma": "Mata Atlântica", "id_0": 33, "id_1": 29, "id_2": 2903409, "continente_id": 8, "vegetacao": null, "grade_wrs": "215_071", "frp": 4.3}, "bbox": [-39.10942, -15.9536, -39.10942, -15.9536]}, {"type": "Feature", "id": "focos_48h_br_todosats.fid--145fdae9_19db31250eb_41ca", "geometry": {"type": "Point", "coordinates": [-39.03022, -15.50296]}, "geometry_name": "geometria", "properties": {"id_foco_bdq": 1814980907, "foco_id": "44c575e3-b815-3c9a-93b7-6777f1d51154", "longitude": -39.03022, "latitude": -15.50296, "data_hora_gmt": "2026-04-21T16:20:00Z", "data_pas": "2026-04-21", "satelite": "NOAA-20", "municipio": "CANAVIEIRAS", "estado": "BAHIA", "pais": "Brasil", "precipitacao": null, "numero_dias_sem_chuva": null, "risco_fogo": null, "bioma": "Mata Atlântica", "id_0": 33, "id_1": 29, "id_2": 2906303, "continente_id": 8, "vegetacao": null, "grade_wrs": "215_071", "frp": 2.7}, "bbox": [-39.03022, -15.50296, -39.03022, -15.50296]}, {"type": "Feature", "id": "focos_48h_br_todosats.fid--145fdae9_19db31250eb_41cd", "geometry": {"type": "Point", "coordinates": [-43.84198, -11.90958]}, "geometry_name": "geometria", "properties": {"id_foco_bdq": 1814980911, "foco_id": "ac9a5f75-b6e6-3816-96f0-36bad0d06d86", "longitude": -43.84198, "latitude": -11.90958, "data_hora_gmt": "2026-04-21T16:20:00Z", "data_pas": "2026-04-21", "satelite": "NOAA-20", "municipio": "WANDERLEY", "estado": "BAHIA", "pais": "Brasil", "precipitacao": null, "numero_dias_sem_chuva": null, "risco_fogo": null, "bioma": "Cerrado", "id_0": 33, "id_1": 29, "id_2": 2933455, "continente_id": 8, "vegetacao": null, "grade_wrs": "219_068", "frp": 20.4}, "bbox": [-43.84198, -11.90958, -43.84198, -11.90958]}, {"type": "Feature", "id": "focos_48h_br_todosats.fid--145fdae9_19db31250eb_41cf", "geometry": {"type": "Point", "coordinates": [-50.24365, -13.49151]}, "geometry_name": "geometria", "properties": {"id_foco_bdq": 1814980916, "foco_id": "4c6e7233-c450-3047-bc61-f0f5d4784829", "longitude": -50.24365, "latitude": -13.49151, "data_hora_gmt": "2026-04-21T16:20:00Z", "data_pas": "2026-04-21", "satelite": "NOAA-20", "municipio": "SÃO MIGUEL DO ARAGUAIA", "estado": "GOIÁS", "pais": "Brasil", "precipitacao": null, "numero_dias_sem_chuva": null, "risco_fogo": null, "bioma": "Cerrado", "id_0": 33, "id_1": 52, "id_2": 5220207, "continente_id": 8, "vegetacao": null, "grade_wrs": "223_069", "frp": 5.1}, "bbox": [-50.24365, -13.49151, -50.24365, -13.49151]}, {"type": "Feature", "id": "focos_48h_br_todosats.fid--145fdae9_19db31250eb_41d4", "geometry": {"type": "Point", "coordinates": [-42.01624, -14.10822]}, "geometry_name": "geometria", "properties": {"id_foco_bdq": 1814980919, "foco_id": "b22b516e-3aaf-354d-9649-e19bc6466a7e", "longitude": -42.01624, "latitude": -14.10822, "data_hora_gmt": "2026-04-21T16:20:00Z", "data_pas": "2026-04-21", "satelite": "NOAA-20", "municipio": "BRUMADO", "estado": "BAHIA", "pais": "Brasil", "precipitacao": null, "numero_dias_sem_chuva": null, "risco_fogo": null, "bioma": "Caatinga", "id_0": 33, "id_1": 29, "id_2": 2904605, "continente_id": 8, "vegetacao": null, "grade_wrs": "217_070", "frp": 4.3}, "bbox": [-42.01624, -14.10822, -42.01624, -14.10822]}, {"type": "Feature", "id": "focos_48h_br_todosats.fid--145fdae9_19db31250eb_41d6", "geometry": {"type": "Point", "coordinates": [-39.99756, -15.92919]}, "geometry_name": "geometria", "properties": {"id_foco_bdq": 1814980922, "foco_id": "2b063150-e14f-30c0-8c8d-f7101f625706", "longitude": -39.99756, "latitude": -15.92919, "data_hora_gmt": "2026-04-21T16:20:00Z", "data_pas": "2026-04-21", "satelite": "NOAA-20", "municipio": "ITARANTIM", "estado": "BAHIA", "pais": "Brasil", "precipitacao": null, "numero_dias_sem_chuva": null, "risco_fogo": null, "bioma": "Mata Atlântica", "id_0": 33, "id_1": 29, "id_2": 2916807, "continente_id": 8, "vegetacao": null, "grade_wrs": "216_071", "frp": 4.5}, "bbox": [-39.99756, -15.92919, -39.99756, -15.92919]}, {"type": "Feature", "id": "focos_48h_br_todosats.fid--145fdae9_19db31250eb_41d8", "geometry": {"type": "Point", "coordinates": [-39.11312, -15.95418]}, "geometry_name": "geometria", "properties": {"id_foco_bdq": 1814980928, "foco_id": "11c9cf70-6c59-3cf3-abc1-57d5f4e5582c", "longitude": -39.11312, "latitude": -15.95418, "data_hora_gmt": "2026-04-21T16:20:00Z", "data_pas": "2026-04-21", "satelite": "NOAA-20", "municipio": "BELMONTE", "estado": "BAHIA", "pais": "Brasil", "precipitacao": null, "numero_dias_sem_chuva": null, "risco_fogo": null, "bioma": "Mata Atlântica", "id_0": 33, "id_1": 29, "id_2": 2903409, "continente_id": 8, "vegetacao": null, "grade_wrs": "215_071", "frp": 4.3}, "bbox": [-39.11312, -15.95418, -39.11312, -15.95418]}, {"type": "Feature", "id": "focos_48h_br_todosats.fid--145fdae9_19db31250eb_41da", "geometry": {"type": "Point", "coordinates": [-49.72249, -11.85163]}, "geometry_name": "geometria", "properties": {"id_foco_bdq": 1814980932, "foco_id": "8974aeba-09e2-3039-b76d-a18377b7f307", "longitude": -49.72249, "latitude": -11.85163, "data_hora_gmt": "2026-04-21T16:20:00Z", "data_pas": "2026-04-21", "satelite": "NOAA-20", "municipio": "FORMOSO DO ARAGUAIA", "estado": "TOCANTINS", "pais": "Brasil", "precipitacao": null, "numero_dias_sem_chuva": null, "risco_fogo": null, "bioma": "Cerrado", "id_0": 33, "id_1": 17, "id_2": 1708205, "continente_id": 8, "vegetacao": null, "grade_wrs": "223_068", "frp": 9.6}, "bbox": [-49.72249, -11.85163, -49.72249, -11.85163]}, {"type": "Feature", "id": "focos_48h_br_todosats.fid--145fdae9_19db31250eb_41dc", "geometry": {"type": "Point", "coordinates": [-45.33615, -13.38106]}, "geometry_name": "geometria", "properties": {"id_foco_bdq": 1814980934, "foco_id": "2103fce2-f8b9-35bd-94a1-bd30ff673c9a", "longitude": -45.33615, "latitude": -13.38106, "data_hora_gmt": "2026-04-21T16:20:00Z", "data_pas": "2026-04-21", "satelite": "NOAA-20", "municipio": "CORRENTINA", "estado": "BAHIA", "pais": "Brasil", "precipitacao": null, "numero_dias_sem_chuva": null, "risco_fogo": null, "bioma": "Cerrado", "id_0": 33, "id_1": 29, "id_2": 2909307, "continente_id": 8, "vegetacao": null, "grade_wrs": "220_069", "frp": 12.2}, "bbox": [-45.33615, -13.38106, -45.33615, -13.38106]}, {"type": "Feature", "id": "focos_48h_br_todosats.fid--145fdae9_19db31250eb_41de", "geometry": {"type": "Point", "coordinates": [-41.40854, -13.85108]}, "geometry_name": "geometria", "properties": {"id_foco_bdq": 1814980938, "foco_id": "e429686e-ab14-3f36-91a1-e89286168c50", "longitude": -41.40854, "latitude": -13.85108, "data_hora_gmt": "2026-04-21T16:20:00Z", "data_pas": "2026-04-21", "satelite": "NOAA-20", "municipio": "ITUAÇU", "estado": "BAHIA", "pais": "Brasil", "precipitacao": null, "numero_dias_sem_chuva": null, "risco_fogo": null, "bioma": "Caatinga", "id_0": 33, "id_1": 29, "id_2": 2917201, "continente_id": 8, "vegetacao": null, "grade_wrs": "217_070", "frp": 4.5}, "bbox": [-41.40854, -13.85108, -41.40854, -13.85108]}, {"type": "Feature", "id": "focos_48h_br_todosats.fid--145fdae9_19db31250eb_41e0", "geometry": {"type": "Point", "coordinates": [-39.29385, -12.14482]}, "geometry_name": "geometria", "properties": {"id_foco_bdq": 1814980939, "foco_id": "01308912-072c-3e2c-99b8-80784377e4aa", "longitude": -39.29385, "latitude": -12.14482, "data_hora_gmt": "2026-04-21T16:20:00Z", "data_pas": "2026-04-21", "satelite": "NOAA-20", "municipio": "SERRA PRETA", "estado": "BAHIA", "pais": "Brasil", "precipitacao": null, "numero_dias_sem_chuva": null, "risco_fogo": null, "bioma": "Mata Atlântica", "id_0": 33, "id_1": 29, "id_2": 2930402, "continente_id": 8, "vegetacao": null, "grade_wrs": "216_068", "frp": 5.4}, "bbox": [-39.29385, -12.14482, -39.29385, -12.14482]}, {"type": "Feature", "id": "focos_48h_br_todosats.fid--145fdae9_19db31250eb_41e1", "geometry": {"type": "Point", "coordinates": [-49.91169, -10.84718]}, "geometry_name": "geometria", "properties": {"id_foco_bdq": 1814980941, "foco_id": "5af622b7-6d2a-38ce-a30e-10b56e6089d9", "longitude": -49.91169, "latitude": -10.84718, "data_hora_gmt": "2026-04-21T16:20:00Z", "data_pas": "2026-04-21", "satelite": "NOAA-20", "municipio": "LAGOA DA CONFUSÃO", "estado": "TOCANTINS", "pais": "Brasil", "precipitacao": null, "numero_dias_sem_chuva": null, "risco_fogo": null, "bioma": "Cerrado", "id_0": 33, "id_1": 17, "id_2": 1711902, "continente_id": 8, "vegetacao": null, "grade_wrs": "223_068", "frp": 3.7}, "bbox": [-49.91169, -10.84718, -49.91169, -10.84718]}, {"type": "Feature", "id": "focos_48h_br_todosats.fid--145fdae9_19db31250eb_41e3", "geometry": {"type": "Point", "coordinates": [-39.99509, -15.92201]}, "geometry_name": "geometria", "properties": {"id_foco_bdq": 1814980944, "foco_id": "a7b3963c-0387-3f84-affe-7babd7a1db7c", "longitude": -39.99509, "latitude": -15.92201, "data_hora_gmt": "2026-04-21T16:20:00Z", "data_pas": "2026-04-21", "satelite": "NOAA-20", "municipio": "ITARANTIM", "estado": "BAHIA", "pais": "Brasil", "precipitacao": null, "numero_dias_sem_chuva": null, "risco_fogo": null, "bioma": "Mata Atlântica", "id_0": 33, "id_1": 29, "id_2": 2916807, "continente_id": 8, "vegetacao": null, "grade_wrs": "216_071", "frp": 12.8}, "bbox": [-39.99509, -15.92201, -39.99509, -15.92201]}, {"type": "Feature", "id": "focos_48h_br_todosats.fid--145fdae9_19db31250eb_41e5", "geometry": {"type": "Point", "coordinates": [-42.20397, -15.72317]}, "geometry_name": "geometria", "properties": {"id_foco_bdq": 1814980949, "foco_id": "f03a4165-dee7-33ab-ab9c-e36e85e48922", "longitude": -42.20397, "latitude": -15.72317, "data_hora_gmt": "2026-04-21T16:20:00Z", "data_pas": "2026-04-21", "satelite": "NOAA-20", "municipio": "INDAIABIRA", "estado": "MINAS GERAIS", "pais": "Brasil", "precipitacao": null, "numero_dias_sem_chuva": null, "risco_fogo": null, "bioma": "Cerrado", "id_0": 33, "id_1": 31, "id_2": 3130655, "continente_id": 8, "vegetacao": null, "grade_wrs": "217_071", "frp": 11.9}, "bbox": [-42.20397, -15.72317, -42.20397, -15.72317]}, {"type": "Feature", "id": "focos_48h_br_todosats.fid--145fdae9_19db31250eb_41e7", "geometry": {"type": "Point", "coordinates": [-40.8505, -15.07918]}, "geometry_name": "geometria", "properties": {"id_foco_bdq": 1814980950, "foco_id": "99bab32e-1cc0-3795-9329-906be47ffc8c", "longitude": -40.8505, "latitude": -15.07918, "data_hora_gmt": "2026-04-21T16:20:00Z", "data_pas": "2026-04-21", "satelite": "NOAA-20", "municipio": "VITÓRIA DA CONQUISTA", "estado": "BAHIA", "pais": "Brasil", "precipitacao": null, "numero_dias_sem_chuva": null, "risco_fogo": null, "bioma": "Mata Atlântica", "id_0": 33, "id_1": 29, "id_2": 2933307, "continente_id": 8, "vegetacao": null, "grade_wrs": "217_070", "frp": 2}, "bbox": [-40.8505, -15.07918, -40.8505, -15.07918]}, {"type": "Feature", "id": "focos_48h_br_todosats.fid--145fdae9_19db31250eb_41e9", "geometry": {"type": "Point", "coordinates": [-42.45673, -9.95692]}, "geometry_name": "geometria", "properties": {"id_foco_bdq": 1814980955, "foco_id": "51edf3e4-9fd6-3323-ab92-0c3ac1599ef1", "longitude": -42.45673, "latitude": -9.95692, "data_hora_gmt": "2026-04-21T16:20:00Z", "data_pas": "2026-04-21", "satelite": "NOAA-20", "municipio": "PILÃO ARCADO", "estado": "BAHIA", "pais": "Brasil", "precipitacao": null, "numero_dias_sem_chuva": null, "risco_fogo": null, "bioma": "Caatinga", "id_0": 33, "id_1": 29, "id_2": 2924405, "continente_id": 8, "vegetacao": null, "grade_wrs": "218_067", "frp": 2.1}, "bbox": [-42.45673, -9.95692, -42.45673, -9.95692]}, {"type": "Feature", "id": "focos_48h_br_todosats.fid--145fdae9_19db31250eb_41f0", "geometry": {"type": "Point", "coordinates": [-39.77134, -14.20735]}, "geometry_name": "geometria", "properties": {"id_foco_bdq": 1814980958, "foco_id": "025589c1-6ed7-3653-beb1-9991e728b829", "longitude": -39.77134, "latitude": -14.20735, "data_hora_gmt": "2026-04-21T16:20:00Z", "data_pas": "2026-04-21", "satelite": "NOAA-20", "municipio": "ITAGIBÁ", "estado": "BAHIA", "pais": "Brasil", "precipitacao": null, "numero_dias_sem_chuva": null, "risco_fogo": null, "bioma": "Mata Atlântica", "id_0": 33, "id_1": 29, "id_2": 2915205, "continente_id": 8, "vegetacao": null, "grade_wrs": "216_070", "frp": 2.1}, "bbox": [-39.77134, -14.20735, -39.77134, -14.20735]}, {"type": "Feature", "id": "focos_48h_br_todosats.fid--145fdae9_19db31250eb_41f3", "geometry": {"type": "Point", "coordinates": [-38.68027, -10.89707]}, "geometry_name": "geometria", "properties": {"id_foco_bdq": 1814980960, "foco_id": "56edbbd1-1f14-314b-84b2-9bbf6493d0cb", "longitude": -38.68027, "latitude": -10.89707, "data_hora_gmt": "2026-04-21T16:20:00Z", "data_pas": "2026-04-21", "satelite": "NOAA-20", "municipio": "TUCANO", "estado": "BAHIA", "pais": "Brasil", "precipitacao": null, "numero_dias_sem_chuva": null, "risco_fogo": null, "bioma": "Caatinga", "id_0": 33, "id_1": 29, "id_2": 2931905, "continente_id": 8, "vegetacao": null, "grade_wrs": "216_067", "frp": 10.2}, "bbox": [-38.68027, -10.89707, -38.68027, -10.89707]}, {"type": "Feature", "id": "focos_48h_br_todosats.fid--145fdae9_19db31250eb_41f7", "geometry": {"type": "Point", "coordinates": [-43.01075, -13.22631]}, "geometry_name": "geometria", "properties": {"id_foco_bdq": 1814980963, "foco_id": "0b1d3442-8466-3549-8f96-fc43a18c861a", "longitude": -43.01075, "latitude": -13.22631, "data_hora_gmt": "2026-04-21T16:20:00Z", "data_pas": "2026-04-21", "satelite": "NOAA-20", "municipio": "BOM JESUS DA LAPA", "estado": "BAHIA", "pais": "Brasil", "precipitacao": null, "numero_dias_sem_chuva": null, "risco_fogo": null, "bioma": "Caatinga", "id_0": 33, "id_1": 29, "id_2": 2903904, "continente_id": 8, "vegetacao": null, "grade_wrs": "218_069", "frp": 7.7}, "bbox": [-43.01075, -13.22631, -43.01075, -13.22631]}, {"type": "Feature", "id": "focos_48h_br_todosats.fid--145fdae9_19db31250eb_41f8", "geometry": {"type": "Point", "coordinates": [-49.72315, -11.84659]}, "geometry_name": "geometria", "properties": {"id_foco_bdq": 1814980966, "foco_id": "62cdac0b-b241-3036-9898-a962c22e8dea", "longitude": -49.72315, "latitude": -11.84659, "data_hora_gmt": "2026-04-21T16:20:00Z", "data_pas": "2026-04-21", "satelite": "NOAA-20", "municipio": "FORMOSO DO ARAGUAIA", "estado": "TOCANTINS", "pais": "Brasil", "precipitacao": null, "numero_dias_sem_chuva": null, "risco_fogo": null, "bioma": "Cerrado", "id_0": 33, "id_1": 17, "id_2": 1708205, "continente_id": 8, "vegetacao": null, "grade_wrs": "223_068", "frp": 3.7}, "bbox": [-49.72315, -11.84659, -49.72315, -11.84659]}, {"type": "Feature", "id": "focos_48h_br_todosats.fid--145fdae9_19db31250eb_41fb", "geometry": {"type": "Point", "coordinates": [-44.2413, -14.86866]}, "geometry_name": "geometria", "properties": {"id_foco_bdq": 1814980637, "foco_id": "348e8041-9913-34f1-accd-2789ea7f8f92", "longitude": -44.2413, "latitude": -14.86866, "data_hora_gmt": "2026-04-21T16:20:00Z", "data_pas": "2026-04-21", "satelite": "NOAA-20", "municipio": "SÃO JOÃO DAS MISSÕES", "estado": "MINAS GERAIS", "pais": "Brasil", "precipitacao": null, "numero_dias_sem_chuva": null, "risco_fogo": null, "bioma": "Cerrado", "id_0": 33, "id_1": 31, "id_2": 3162450, "continente_id": 8, "vegetacao": null, "grade_wrs": "219_070", "frp": 3.2}, "bbox": [-44.2413, -14.86866, -44.2413, -14.86866]}, {"type": "Feature", "id": "focos_48h_br_todosats.fid--145fdae9_19db31250eb_41fd", "geometry": {"type": "Point", "coordinates": [-40.46268, -11.65689]}, "geometry_name": "geometria", "properties": {"id_foco_bdq": 1814980509, "foco_id": "f3dc47e4-a8bd-34ad-963f-e9bd303e914d", "longitude": -40.46268, "latitude": -11.65689, "data_hora_gmt": "2026-04-21T16:20:00Z", "data_pas": "2026-04-21", "satelite": "NOAA-20", "municipio": "PIRITIBA", "estado": "BAHIA", "pais": "Brasil", "precipitacao": null, "numero_dias_sem_chuva": null, "risco_fogo": null, "bioma": "Caatinga", "id_0": 33, "id_1": 29, "id_2": 2924801, "continente_id": 8, "vegetacao": null, "grade_wrs": "217_068", "frp": 6.4}, "bbox": [-40.46268, -11.65689, -40.46268, -11.65689]}, {"type": "Feature", "id": "focos_48h_br_todosats.fid--145fdae9_19db31250eb_41ff", "geometry": {"type": "Point", "coordinates": [-39.68581, -13.65067]}, "geometry_name": "geometria", "properties": {"id_foco_bdq": 1814980510, "foco_id": "92ec25c4-cf0f-3f49-8a8e-dfc1cbc88b1a", "longitude": -39.68581, "latitude": -13.65067, "data_hora_gmt": "2026-04-21T16:20:00Z", "data_pas": "2026-04-21", "satelite": "NOAA-20", "municipio": "WENCESLAU GUIMARÃES", "estado": "BAHIA", "pais": "Brasil", "precipitacao": null, "numero_dias_sem_chuva": null, "risco_fogo": null, "bioma": "Mata Atlântica", "id_0": 33, "id_1": 29, "id_2": 2933505, "continente_id": 8, "vegetacao": null, "grade_wrs": "216_069", "frp": 2.7}, "bbox": [-39.68581, -13.65067, -39.68581, -13.65067]}, {"type": "Feature", "id": "focos_48h_br_todosats.fid--145fdae9_19db31250eb_4202", "geometry": {"type": "Point", "coordinates": [-39.22298, -15.77685]}, "geometry_name": "geometria", "properties": {"id_foco_bdq": 1814980512, "foco_id": "793e1617-4183-37ad-b8c8-7f04e29a5ff5", "longitude": -39.22298, "latitude": -15.77685, "data_hora_gmt": "2026-04-21T16:20:00Z", "data_pas": "2026-04-21", "satelite": "NOAA-20", "municipio": "CANAVIEIRAS", "estado": "BAHIA", "pais": "Brasil", "precipitacao": null, "numero_dias_sem_chuva": null, "risco_fogo": null, "bioma": "Mata Atlântica", "id_0": 33, "id_1": 29, "id_2": 2906303, "continente_id": 8, "vegetacao": null, "grade_wrs": "215_071", "frp": 1.2}, "bbox": [-39.22298, -15.77685, -39.22298, -15.77685]}, {"type": "Feature", "id": "focos_48h_br_todosats.fid--145fdae9_19db31250eb_4203", "geometry": {"type": "Point", "coordinates": [-39.76962, -11.97888]}, "geometry_name": "geometria", "properties": {"id_foco_bdq": 1814980513, "foco_id": "73a19501-e877-3ad4-903e-eddb21a2e858", "longitude": -39.76962, "latitude": -11.97888, "data_hora_gmt": "2026-04-21T16:20:00Z", "data_pas": "2026-04-21", "satelite": "NOAA-20", "municipio": "IPIRÁ", "estado": "BAHIA", "pais": "Brasil", "precipitacao": null, "numero_dias_sem_chuva": null, "risco_fogo": null, "bioma": "Caatinga", "id_0": 33, "id_1": 29, "id_2": 2914000, "continente_id": 8, "vegetacao": null, "grade_wrs": "216_068", "frp": 4.8}, "bbox": [-39.76962, -11.97888, -39.76962, -11.97888]}, {"type": "Feature", "id": "focos_48h_br_todosats.fid--145fdae9_19db31250eb_4206", "geometry": {"type": "Point", "coordinates": [-39.72106, -12.81289]}, "geometry_name": "geometria", "properties": {"id_foco_bdq": 1814980517, "foco_id": "6295cb62-2d48-3eb2-9860-dc96c5b2eed7", "longitude": -39.72106, "latitude": -12.81289, "data_hora_gmt": "2026-04-21T16:20:00Z", "data_pas": "2026-04-21", "satelite": "NOAA-20", "municipio": "ITATIM", "estado": "BAHIA", "pais": "Brasil", "precipitacao": null, "numero_dias_sem_chuva": null, "risco_fogo": null, "bioma": "Caatinga", "id_0": 33, "id_1": 29, "id_2": 2916856, "continente_id": 8, "vegetacao": null, "grade_wrs": "216_069", "frp": 2.2}, "bbox": [-39.72106, -12.81289, -39.72106, -12.81289]}, {"type": "Feature", "id": "focos_48h_br_todosats.fid--145fdae9_19db31250eb_4208", "geometry": {"type": "Point", "coordinates": [-41.80918, -15.17894]}, "geometry_name": "geometria", "properties": {"id_foco_bdq": 1814980521, "foco_id": "d141b793-d62b-3e2b-9c6b-7ca769171f1a", "longitude": -41.80918, "latitude": -15.17894, "data_hora_gmt": "2026-04-21T16:20:00Z", "data_pas": "2026-04-21", "satelite": "NOAA-20", "municipio": "SÃO JOÃO DO PARAÍSO", "estado": "MINAS GERAIS", "pais": "Brasil", "precipitacao": null, "numero_dias_sem_chuva": null, "risco_fogo": null, "bioma": "Mata Atlântica", "id_0": 33, "id_1": 31, "id_2": 3162708, "continente_id": 8, "vegetacao": null, "grade_wrs": "217_071", "frp": 3.4}, "bbox": [-41.80918, -15.17894, -41.80918, -15.17894]}, {"type": "Feature", "id": "focos_48h_br_todosats.fid--145fdae9_19db31250eb_420b", "geometry": {"type": "Point", "coordinates": [-39.95512, -13.66884]}, "geometry_name": "geometria", "properties": {"id_foco_bdq": 1814980529, "foco_id": "513f25a4-6a5a-32f0-a87e-4bb0cff30273", "longitude": -39.95512, "latitude": -13.66884, "data_hora_gmt": "2026-04-21T16:20:00Z", "data_pas": "2026-04-21", "satelite": "NOAA-20", "municipio": "JAGUAQUARA", "estado": "BAHIA", "pais": "Brasil", "precipitacao": null, "numero_dias_sem_chuva": null, "risco_fogo": null, "bioma": "Mata Atlântica", "id_0": 33, "id_1": 29, "id_2": 2917607, "continente_id": 8, "vegetacao": null, "grade_wrs": "216_069", "frp": 2.2}, "bbox": [-39.95512, -13.66884, -39.95512, -13.66884]}, {"type": "Feature", "id": "focos_48h_br_todosats.fid--145fdae9_19db31250eb_4210", "geometry": {"type": "Point", "coordinates": [-42.1939, -15.41075]}, "geometry_name": "geometria", "properties": {"id_foco_bdq": 1814980538, "foco_id": "82fe968c-e155-3d51-9980-745366333f4c", "longitude": -42.1939, "latitude": -15.41075, "data_hora_gmt": "2026-04-21T16:20:00Z", "data_pas": "2026-04-21", "satelite": "NOAA-20", "municipio": "SÃO JOÃO DO PARAÍSO", "estado": "MINAS GERAIS", "pais": "Brasil", "precipitacao": null, "numero_dias_sem_chuva": null, "risco_fogo": null, "bioma": "Mata Atlântica", "id_0": 33, "id_1": 31, "id_2": 3162708, "continente_id": 8, "vegetacao": null, "grade_wrs": "217_071", "frp": 7.5}, "bbox": [-42.1939, -15.41075, -42.1939, -15.41075]}, {"type": "Feature", "id": "focos_48h_br_todosats.fid--145fdae9_19db31250eb_4213", "geometry": {"type": "Point", "coordinates": [-45.21952, -12.0384]}, "geometry_name": "geometria", "properties": {"id_foco_bdq": 1814980541, "foco_id": "4f110b45-03a7-3e85-b154-7618327668f2", "longitude": -45.21952, "latitude": -12.0384, "data_hora_gmt": "2026-04-21T16:20:00Z", "data_pas": "2026-04-21", "satelite": "NOAA-20", "municipio": "BARREIRAS", "estado": "BAHIA", "pais": "Brasil", "precipitacao": null, "numero_dias_sem_chuva": null, "risco_fogo": null, "bioma": "Cerrado", "id_0": 33, "id_1": 29, "id_2": 2903201, "continente_id": 8, "vegetacao": null, "grade_wrs": "220_068", "frp": 4.9}, "bbox": [-45.21952, -12.0384, -45.21952, -12.0384]}, {"type": "Feature", "id": "focos_48h_br_todosats.fid--145fdae9_19db31250eb_4215", "geometry": {"type": "Point", "coordinates": [-45.21898, -12.04215]}, "geometry_name": "geometria", "properties": {"id_foco_bdq": 1814980542, "foco_id": "0e7c8ca0-5d89-39fe-983f-60366883818d", "longitude": -45.21898, "latitude": -12.04215, "data_hora_gmt": "2026-04-21T16:20:00Z", "data_pas": "2026-04-21", "satelite": "NOAA-20", "municipio": "BARREIRAS", "estado": "BAHIA", "pais": "Brasil", "precipitacao": null, "numero_dias_sem_chuva": null, "risco_fogo": null, "bioma": "Cerrado", "id_0": 33, "id_1": 29, "id_2": 2903201, "continente_id": 8, "vegetacao": null, "grade_wrs": "220_068", "frp": 6.3}, "bbox": [-45.21898, -12.04215, -45.21898, -12.04215]}, {"type": "Feature", "id": "focos_48h_br_todosats.fid--145fdae9_19db31250eb_4216", "geometry": {"type": "Point", "coordinates": [-45.33561, -13.3849]}, "geometry_name": "geometria", "properties": {"id_foco_bdq": 1814980544, "foco_id": "37546877-7d14-3e0e-af55-85cace5355d7", "longitude": -45.33561, "latitude": -13.3849, "data_hora_gmt": "2026-04-21T16:20:00Z", "data_pas": "2026-04-21", "satelite": "NOAA-20", "municipio": "CORRENTINA", "estado": "BAHIA", "pais": "Brasil", "precipitacao": null, "numero_dias_sem_chuva": null, "risco_fogo": null, "bioma": "Cerrado", "id_0": 33, "id_1": 29, "id_2": 2909307, "continente_id": 8, "vegetacao": null, "grade_wrs": "220_069", "frp": 34.1}, "bbox": [-45.33561, -13.3849, -45.33561, -13.3849]}, {"type": "Feature", "id": "focos_48h_br_todosats.fid--145fdae9_19db31250eb_4219", "geometry": {"type": "Point", "coordinates": [-39.68508, -13.78871]}, "geometry_name": "geometria", "properties": {"id_foco_bdq": 1814980549, "foco_id": "363b4664-31c5-3124-a930-1a5a99f0733e", "longitude": -39.68508, "latitude": -13.78871, "data_hora_gmt": "2026-04-21T16:20:00Z", "data_pas": "2026-04-21", "satelite": "NOAA-20", "municipio": "ITAMARI", "estado": "BAHIA", "pais": "Brasil", "precipitacao": null, "numero_dias_sem_chuva": null, "risco_fogo": null, "bioma": "Mata Atlântica", "id_0": 33, "id_1": 29, "id_2": 2915700, "continente_id": 8, "vegetacao": null, "grade_wrs": "216_070", "frp": 3.6}, "bbox": [-39.68508, -13.78871, -39.68508, -13.78871]}, {"type": "Feature", "id": "focos_48h_br_todosats.fid--145fdae9_19db31250eb_421c", "geometry": {"type": "Point", "coordinates": [-49.72479, -11.85703]}, "geometry_name": "geometria", "properties": {"id_foco_bdq": 1814980552, "foco_id": "587e9b74-04e2-3afa-9fd5-3121adf74eeb", "longitude": -49.72479, "latitude": -11.85703, "data_hora_gmt": "2026-04-21T16:20:00Z", "data_pas": "2026-04-21", "satelite": "NOAA-20", "municipio": "FORMOSO DO ARAGUAIA", "estado": "TOCANTINS", "pais": "Brasil", "precipitacao": null, "numero_dias_sem_chuva": null, "risco_fogo": null, "bioma": "Cerrado", "id_0": 33, "id_1": 17, "id_2": 1708205, "continente_id": 8, "vegetacao": null, "grade_wrs": "223_068", "frp": 9.6}, "bbox": [-49.72479, -11.85703, -49.72479, -11.85703]}, {"type": "Feature", "id": "focos_48h_br_todosats.fid--145fdae9_19db31250eb_421d", "geometry": {"type": "Point", "coordinates": [-41.30834, -12.1063]}, "geometry_name": "geometria", "properties": {"id_foco_bdq": 1814980554, "foco_id": "17f66298-f054-30e4-8a4e-27c586d5ea1c", "longitude": -41.30834, "latitude": -12.1063, "data_hora_gmt": "2026-04-21T16:20:00Z", "data_pas": "2026-04-21", "satelite": "NOAA-20", "municipio": "BONITO", "estado": "BAHIA", "pais": "Brasil", "precipitacao": null, "numero_dias_sem_chuva": null, "risco_fogo": null, "bioma": "Caatinga", "id_0": 33, "id_1": 29, "id_2": 2904050, "continente_id": 8, "vegetacao": null, "grade_wrs": "217_068", "frp": 3.7}, "bbox": [-41.30834, -12.1063, -41.30834, -12.1063]}, {"type": "Feature", "id": "focos_48h_br_todosats.fid--145fdae9_19db31250eb_421f", "geometry": {"type": "Point", "coordinates": [-44.02004, -12.57684]}, "geometry_name": "geometria", "properties": {"id_foco_bdq": 1814980556, "foco_id": "764c871c-b44b-31a7-aee2-017498f23a66", "longitude": -44.02004, "latitude": -12.57684, "data_hora_gmt": "2026-04-21T16:20:00Z", "data_pas": "2026-04-21", "satelite": "NOAA-20", "municipio": "BREJOLÂNDIA", "estado": "BAHIA", "pais": "Brasil", "precipitacao": null, "numero_dias_sem_chuva": null, "risco_fogo": null, "bioma": "Cerrado", "id_0": 33, "id_1": 29, "id_2": 2904407, "continente_id": 8, "vegetacao": null, "grade_wrs": "219_069", "frp": 8.2}, "bbox": [-44.02004, -12.57684, -44.02004, -12.57684]}, {"type": "Feature", "id": "focos_48h_br_todosats.fid--145fdae9_19db31250eb_4222", "geometry": {"type": "Point", "coordinates": [-47.36442, -13.91161]}, "geometry_name": "geometria", "properties": {"id_foco_bdq": 1814980558, "foco_id": "77e8c890-368a-332d-9bce-5ef0b8d70025", "longitude": -47.36442, "latitude": -13.91161, "data_hora_gmt": "2026-04-21T16:20:00Z", "data_pas": "2026-04-21", "satelite": "NOAA-20", "municipio": "CAVALCANTE", "estado": "GOIÁS", "pais": "Brasil", "precipitacao": null, "numero_dias_sem_chuva": null, "risco_fogo": null, "bioma": "Cerrado", "id_0": 33, "id_1": 52, "id_2": 5205307, "continente_id": 8, "vegetacao": null, "grade_wrs": "221_070", "frp": 6.9}, "bbox": [-47.36442, -13.91161, -47.36442, -13.91161]}, {"type": "Feature", "id": "focos_48h_br_todosats.fid--145fdae9_19db31250eb_4225", "geometry": {"type": "Point", "coordinates": [-47.37772, -13.90878]}, "geometry_name": "geometria", "properties": {"id_foco_bdq": 1814980571, "foco_id": "1f14ae03-320b-39b1-b1e5-840a44c42295", "longitude": -47.37772, "latitude": -13.90878, "data_hora_gmt": "2026-04-21T16:20:00Z", "data_pas": "2026-04-21", "satelite": "NOAA-20", "municipio": "CAVALCANTE", "estado": "GOIÁS", "pais": "Brasil", "precipitacao": null, "numero_dias_sem_chuva": null, "risco_fogo": null, "bioma": "Cerrado", "id_0": 33, "id_1": 52, "id_2": 5205307, "continente_id": 8, "vegetacao": null, "grade_wrs": "221_070", "frp": 7.3}, "bbox": [-47.37772, -13.90878, -47.37772, -13.90878]}, {"type": "Feature", "id": "focos_48h_br_todosats.fid--145fdae9_19db31250eb_4228", "geometry": {"type": "Point", "coordinates": [-44.03824, -13.53155]}, "geometry_name": "geometria", "properties": {"id_foco_bdq": 1814980576, "foco_id": "bc5f467b-4bad-3ab3-aa3c-1cac72e44d5b", "longitude": -44.03824, "latitude": -13.53155, "data_hora_gmt": "2026-04-21T16:20:00Z", "data_pas": "2026-04-21", "satelite": "NOAA-20", "municipio": "SÃO FÉLIX DO CORIBE", "estado": "BAHIA", "pais": "Brasil", "precipitacao": null, "numero_dias_sem_chuva": null, "risco_fogo": null, "bioma": "Cerrado", "id_0": 33, "id_1": 29, "id_2": 2929057, "continente_id": 8, "vegetacao": null, "grade_wrs": "219_069", "frp": 4.8}, "bbox": [-44.03824, -13.53155, -44.03824, -13.53155]}, {"type": "Feature", "id": "focos_48h_br_todosats.fid--145fdae9_19db31250eb_422b", "geometry": {"type": "Point", "coordinates": [-38.67941, -10.89769]}, "geometry_name": "geometria", "properties": {"id_foco_bdq": 1814980579, "foco_id": "a16be4d4-c9b5-3f3b-adfb-e4fe3209c67f", "longitude": -38.67941, "latitude": -10.89769, "data_hora_gmt": "2026-04-21T16:20:00Z", "data_pas": "2026-04-21", "satelite": "NOAA-20", "municipio": "TUCANO", "estado": "BAHIA", "pais": "Brasil", "precipitacao": null, "numero_dias_sem_chuva": null, "risco_fogo": null, "bioma": "Caatinga", "id_0": 33, "id_1": 29, "id_2": 2931905, "continente_id": 8, "vegetacao": null, "grade_wrs": "216_067", "frp": 7.1}, "bbox": [-38.67941, -10.89769, -38.67941, -10.89769]}, {"type": "Feature", "id": "focos_48h_br_todosats.fid--145fdae9_19db31250eb_4231", "geometry": {"type": "Point", "coordinates": [-44.19201, -12.24428]}, "geometry_name": "geometria", "properties": {"id_foco_bdq": 1814980584, "foco_id": "3abd4d19-36da-3e68-a2ec-692422bfaed1", "longitude": -44.19201, "latitude": -12.24428, "data_hora_gmt": "2026-04-21T16:20:00Z", "data_pas": "2026-04-21", "satelite": "NOAA-20", "municipio": "CRISTÓPOLIS", "estado": "BAHIA", "pais": "Brasil", "precipitacao": null, "numero_dias_sem_chuva": null, "risco_fogo": null, "bioma": "Cerrado", "id_0": 33, "id_1": 29, "id_2": 2909703, "continente_id": 8, "vegetacao": null, "grade_wrs": "219_068", "frp": 6.5}, "bbox": [-44.19201, -12.24428, -44.19201, -12.24428]}, {"type": "Feature", "id": "focos_48h_br_todosats.fid--145fdae9_19db31250eb_4234", "geometry": {"type": "Point", "coordinates": [-43.84496, -15.5326]}, "geometry_name": "geometria", "properties": {"id_foco_bdq": 1814980588, "foco_id": "01551f75-f4e0-39d0-abde-5892378241e8", "longitude": -43.84496, "latitude": -15.5326, "data_hora_gmt": "2026-04-21T16:20:00Z", "data_pas": "2026-04-21", "satelite": "NOAA-20", "municipio": "VARZELÂNDIA", "estado": "MINAS GERAIS", "pais": "Brasil", "precipitacao": null, "numero_dias_sem_chuva": null, "risco_fogo": null, "bioma": "Caatinga", "id_0": 33, "id_1": 31, "id_2": 3170909, "continente_id": 8, "vegetacao": null, "grade_wrs": "218_071", "frp": 15.7}, "bbox": [-43.84496, -15.5326, -43.84496, -15.5326]}, {"type": "Feature", "id": "focos_48h_br_todosats.fid--145fdae9_19db31250eb_4238", "geometry": {"type": "Point", "coordinates": [-52.13943, -12.63907]}, "geometry_name": "geometria", "properties": {"id_foco_bdq": 1814980589, "foco_id": "c8cdbabf-7719-370c-a16f-1a27525c5fd1", "longitude": -52.13943, "latitude": -12.63907, "data_hora_gmt": "2026-04-21T16:20:00Z", "data_pas": "2026-04-21", "satelite": "NOAA-20", "municipio": "QUERÊNCIA", "estado": "MATO GROSSO", "pais": "Brasil", "precipitacao": null, "numero_dias_sem_chuva": null, "risco_fogo": null, "bioma": "Amazônia", "id_0": 33, "id_1": 51, "id_2": 5107065, "continente_id": 8, "vegetacao": null, "grade_wrs": "224_069", "frp": 7.6}, "bbox": [-52.13943, -12.63907, -52.13943, -12.63907]}, {"type": "Feature", "id": "focos_48h_br_todosats.fid--145fdae9_19db31250eb_423a", "geometry": {"type": "Point", "coordinates": [-49.72545, -11.85199]}, "geometry_name": "geometria", "properties": {"id_foco_bdq": 1814980592, "foco_id": "fc661da5-aa8e-320d-bd33-6562d496e853", "longitude": -49.72545, "latitude": -11.85199, "data_hora_gmt": "2026-04-21T16:20:00Z", "data_pas": "2026-04-21", "satelite": "NOAA-20", "municipio": "FORMOSO DO ARAGUAIA", "estado": "TOCANTINS", "pais": "Brasil", "precipitacao": null, "numero_dias_sem_chuva": null, "risco_fogo": null, "bioma": "Cerrado", "id_0": 33, "id_1": 17, "id_2": 1708205, "continente_id": 8, "vegetacao": null, "grade_wrs": "223_068", "frp": 9.6}, "bbox": [-49.72545, -11.85199, -49.72545, -11.85199]}, {"type": "Feature", "id": "focos_48h_br_todosats.fid--145fdae9_19db31250eb_423d", "geometry": {"type": "Point", "coordinates": [-47.37266, -13.91264]}, "geometry_name": "geometria", "properties": {"id_foco_bdq": 1814980595, "foco_id": "e2ab9f7b-2f8b-34a9-8611-151d7ba67e8c", "longitude": -47.37266, "latitude": -13.91264, "data_hora_gmt": "2026-04-21T16:20:00Z", "data_pas": "2026-04-21", "satelite": "NOAA-20", "municipio": "CAVALCANTE", "estado": "GOIÁS", "pais": "Brasil", "precipitacao": null, "numero_dias_sem_chuva": null, "risco_fogo": null, "bioma": "Cerrado", "id_0": 33, "id_1": 52, "id_2": 5205307, "continente_id": 8, "vegetacao": null, "grade_wrs": "221_070", "frp": 7.3}, "bbox": [-47.37266, -13.91264, -47.37266, -13.91264]}, {"type": "Feature", "id": "focos_48h_br_todosats.fid--145fdae9_19db31250eb_423f", "geometry": {"type": "Point", "coordinates": [-40.21063, -12.08971]}, "geometry_name": "geometria", "properties": {"id_foco_bdq": 1814980598, "foco_id": "158a6816-461c-3ef8-aaed-621122b4715c", "longitude": -40.21063, "latitude": -12.08971, "data_hora_gmt": "2026-04-21T16:20:00Z", "data_pas": "2026-04-21", "satelite": "NOAA-20", "municipio": "BAIXA GRANDE", "estado": "BAHIA", "pais": "Brasil", "precipitacao": null, "numero_dias_sem_chuva": null, "risco_fogo": null, "bioma": "Caatinga", "id_0": 33, "id_1": 29, "id_2": 2902609, "continente_id": 8, "vegetacao": null, "grade_wrs": "217_068", "frp": 5.6}, "bbox": [-40.21063, -12.08971, -40.21063, -12.08971]}, {"type": "Feature", "id": "focos_48h_br_todosats.fid--145fdae9_19db31250eb_4241", "geometry": {"type": "Point", "coordinates": [-38.67998, -10.89413]}, "geometry_name": "geometria", "properties": {"id_foco_bdq": 1814980599, "foco_id": "60584470-86e3-324a-ba56-63c6282e4a7e", "longitude": -38.67998, "latitude": -10.89413, "data_hora_gmt": "2026-04-21T16:20:00Z", "data_pas": "2026-04-21", "satelite": "NOAA-20", "municipio": "RIBEIRA DO POMBAL", "estado": "BAHIA", "pais": "Brasil", "precipitacao": null, "numero_dias_sem_chuva": null, "risco_fogo": null, "bioma": "Caatinga", "id_0": 33, "id_1": 29, "id_2": 2926608, "continente_id": 8, "vegetacao": null, "grade_wrs": "216_067", "frp": 5.7}, "bbox": [-38.67998, -10.89413, -38.67998, -10.89413]}, {"type": "Feature", "id": "focos_48h_br_todosats.fid--145fdae9_19db31250eb_4244", "geometry": {"type": "Point", "coordinates": [-43.56744, -11.19327]}, "geometry_name": "geometria", "properties": {"id_foco_bdq": 1814980606, "foco_id": "c8e3d84e-4228-347e-8907-093bb71a1e82", "longitude": -43.56744, "latitude": -11.19327, "data_hora_gmt": "2026-04-21T16:20:00Z", "data_pas": "2026-04-21", "satelite": "NOAA-20", "municipio": "BARRA", "estado": "BAHIA", "pais": "Brasil", "precipitacao": null, "numero_dias_sem_chuva": null, "risco_fogo": null, "bioma": "Cerrado", "id_0": 33, "id_1": 29, "id_2": 2902708, "continente_id": 8, "vegetacao": null, "grade_wrs": "219_068", "frp": 4.3}, "bbox": [-43.56744, -11.19327, -43.56744, -11.19327]}, {"type": "Feature", "id": "focos_48h_br_todosats.fid--145fdae9_19db31250eb_4247", "geometry": {"type": "Point", "coordinates": [-43.0066, -15.98873]}, "geometry_name": "geometria", "properties": {"id_foco_bdq": 1814980610, "foco_id": "3029718e-f8c8-3642-b5f7-f8855d117248", "longitude": -43.0066, "latitude": -15.98873, "data_hora_gmt": "2026-04-21T16:20:00Z", "data_pas": "2026-04-21", "satelite": "NOAA-20", "municipio": "RIACHO DOS MACHADOS", "estado": "MINAS GERAIS", "pais": "Brasil", "precipitacao": null, "numero_dias_sem_chuva": null, "risco_fogo": null, "bioma": "Cerrado", "id_0": 33, "id_1": 31, "id_2": 3154507, "continente_id": 8, "vegetacao": null, "grade_wrs": "218_071", "frp": 6.7}, "bbox": [-43.0066, -15.98873, -43.0066, -15.98873]}, {"type": "Feature", "id": "focos_48h_br_todosats.fid--145fdae9_19db31250eb_4248", "geometry": {"type": "Point", "coordinates": [-40.85354, -11.9586]}, "geometry_name": "geometria", "properties": {"id_foco_bdq": 1814980611, "foco_id": "0a42ca99-0314-3b90-ad53-561e53d77fa6", "longitude": -40.85354, "latitude": -11.9586, "data_hora_gmt": "2026-04-21T16:20:00Z", "data_pas": "2026-04-21", "satelite": "NOAA-20", "municipio": "TAPIRAMUTÁ", "estado": "BAHIA", "pais": "Brasil", "precipitacao": null, "numero_dias_sem_chuva": null, "risco_fogo": null, "bioma": "Caatinga", "id_0": 33, "id_1": 29, "id_2": 2931301, "continente_id": 8, "vegetacao": null, "grade_wrs": "217_068", "frp": 8.6}, "bbox": [-40.85354, -11.9586, -40.85354, -11.9586]}, {"type": "Feature", "id": "focos_48h_br_todosats.fid--145fdae9_19db31250eb_424a", "geometry": {"type": "Point", "coordinates": [-43.37602, -11.95483]}, "geometry_name": "geometria", "properties": {"id_foco_bdq": 1814980614, "foco_id": "329d4253-7fac-382e-a7e3-80c7cea51a66", "longitude": -43.37602, "latitude": -11.95483, "data_hora_gmt": "2026-04-21T16:20:00Z", "data_pas": "2026-04-21", "satelite": "NOAA-20", "municipio": "MUQUÉM DO SÃO FRANCISCO", "estado": "BAHIA", "pais": "Brasil", "precipitacao": null, "numero_dias_sem_chuva": null, "risco_fogo": null, "bioma": "Cerrado", "id_0": 33, "id_1": 29, "id_2": 2922250, "continente_id": 8, "vegetacao": null, "grade_wrs": "219_068", "frp": 6}, "bbox": [-43.37602, -11.95483, -43.37602, -11.95483]}, {"type": "Feature", "id": "focos_48h_br_todosats.fid--145fdae9_19db31250eb_424d", "geometry": {"type": "Point", "coordinates": [-48.95906, -17.71655]}, "geometry_name": "geometria", "properties": {"id_foco_bdq": 1814980615, "foco_id": "33499827-2e19-362e-b2ec-f71766fba91a", "longitude": -48.95906, "latitude": -17.71655, "data_hora_gmt": "2026-04-21T16:20:00Z", "data_pas": "2026-04-21", "satelite": "NOAA-20", "municipio": "MORRINHOS", "estado": "GOIÁS", "pais": "Brasil", "precipitacao": null, "numero_dias_sem_chuva": null, "risco_fogo": null, "bioma": "Cerrado", "id_0": 33, "id_1": 52, "id_2": 5213806, "continente_id": 8, "vegetacao": null, "grade_wrs": "221_072", "frp": 2.7}, "bbox": [-48.95906, -17.71655, -48.95906, -17.71655]}, {"type": "Feature", "id": "focos_48h_br_todosats.fid--145fdae9_19db31250eb_4254", "geometry": {"type": "Point", "coordinates": [-39.29029, -14.2264]}, "geometry_name": "geometria", "properties": {"id_foco_bdq": 1814980617, "foco_id": "23461872-5bf0-380d-a263-66c335ca24a7", "longitude": -39.29029, "latitude": -14.2264, "data_hora_gmt": "2026-04-21T16:20:00Z", "data_pas": "2026-04-21", "satelite": "NOAA-20", "municipio": "MARAÚ", "estado": "BAHIA", "pais": "Brasil", "precipitacao": null, "numero_dias_sem_chuva": null, "risco_fogo": null, "bioma": "Mata Atlântica", "id_0": 33, "id_1": 29, "id_2": 2920700, "continente_id": 8, "vegetacao": null, "grade_wrs": "216_070", "frp": 1.6}, "bbox": [-39.29029, -14.2264, -39.29029, -14.2264]}, {"type": "Feature", "id": "focos_48h_br_todosats.fid--145fdae9_19db31250eb_4255", "geometry": {"type": "Point", "coordinates": [-45.22628, -12.02403]}, "geometry_name": "geometria", "properties": {"id_foco_bdq": 1814980622, "foco_id": "b70ce3dc-80c7-3c55-af7e-99ed8e487912", "longitude": -45.22628, "latitude": -12.02403, "data_hora_gmt": "2026-04-21T16:20:00Z", "data_pas": "2026-04-21", "satelite": "NOAA-20", "municipio": "BARREIRAS", "estado": "BAHIA", "pais": "Brasil", "precipitacao": null, "numero_dias_sem_chuva": null, "risco_fogo": null, "bioma": "Cerrado", "id_0": 33, "id_1": 29, "id_2": 2903201, "continente_id": 8, "vegetacao": null, "grade_wrs": "220_068", "frp": 9.3}, "bbox": [-45.22628, -12.02403, -45.22628, -12.02403]}, {"type": "Feature", "id": "focos_48h_br_todosats.fid--145fdae9_19db31250eb_4258", "geometry": {"type": "Point", "coordinates": [-39.61087, -13.85276]}, "geometry_name": "geometria", "properties": {"id_foco_bdq": 1814980623, "foco_id": "c816318e-a72d-3ee7-8d9d-54f9ad0868b2", "longitude": -39.61087, "latitude": -13.85276, "data_hora_gmt": "2026-04-21T16:20:00Z", "data_pas": "2026-04-21", "satelite": "NOAA-20", "municipio": "NOVA IBIÁ", "estado": "BAHIA", "pais": "Brasil", "precipitacao": null, "numero_dias_sem_chuva": null, "risco_fogo": null, "bioma": "Mata Atlântica", "id_0": 33, "id_1": 29, "id_2": 2922755, "continente_id": 8, "vegetacao": null, "grade_wrs": "216_070", "frp": 2.7}, "bbox": [-39.61087, -13.85276, -39.61087, -13.85276]}, {"type": "Feature", "id": "focos_48h_br_todosats.fid--145fdae9_19db31250eb_425a", "geometry": {"type": "Point", "coordinates": [-40.42095, -15.74652]}, "geometry_name": "geometria", "properties": {"id_foco_bdq": 1814980625, "foco_id": "c0908575-6dc5-3dbb-a440-a771a27755eb", "longitude": -40.42095, "latitude": -15.74652, "data_hora_gmt": "2026-04-21T16:20:00Z", "data_pas": "2026-04-21", "satelite": "NOAA-20", "municipio": "MACARANI", "estado": "BAHIA", "pais": "Brasil", "precipitacao": null, "numero_dias_sem_chuva": null, "risco_fogo": null, "bioma": "Mata Atlântica", "id_0": 33, "id_1": 29, "id_2": 2919702, "continente_id": 8, "vegetacao": null, "grade_wrs": "216_071", "frp": 3.3}, "bbox": [-40.42095, -15.74652, -40.42095, -15.74652]}, {"type": "Feature", "id": "focos_48h_br_todosats.fid--145fdae9_19db31250eb_425d", "geometry": {"type": "Point", "coordinates": [-39.59808, -12.34711]}, "geometry_name": "geometria", "properties": {"id_foco_bdq": 1814980628, "foco_id": "9dc072a4-0363-3074-81a1-baf66e0e46d2", "longitude": -39.59808, "latitude": -12.34711, "data_hora_gmt": "2026-04-21T16:20:00Z", "data_pas": "2026-04-21", "satelite": "NOAA-20", "municipio": "IPIRÁ", "estado": "BAHIA", "pais": "Brasil", "precipitacao": null, "numero_dias_sem_chuva": null, "risco_fogo": null, "bioma": "Caatinga", "id_0": 33, "id_1": 29, "id_2": 2914000, "continente_id": 8, "vegetacao": null, "grade_wrs": "216_069", "frp": 5.6}, "bbox": [-39.59808, -12.34711, -39.59808, -12.34711]}, {"type": "Feature", "id": "focos_48h_br_todosats.fid--145fdae9_19db31250eb_4260", "geometry": {"type": "Point", "coordinates": [-40.39095, -11.31281]}, "geometry_name": "geometria", "properties": {"id_foco_bdq": 1814980631, "foco_id": "245d1e27-7ef1-3d4d-986b-4ca061d54813", "longitude": -40.39095, "latitude": -11.31281, "data_hora_gmt": "2026-04-21T16:20:00Z", "data_pas": "2026-04-21", "satelite": "NOAA-20", "municipio": "JACOBINA", "estado": "BAHIA", "pais": "Brasil", "precipitacao": null, "numero_dias_sem_chuva": null, "risco_fogo": null, "bioma": "Caatinga", "id_0": 33, "id_1": 29, "id_2": 2917508, "continente_id": 8, "vegetacao": null, "grade_wrs": "217_068", "frp": 9.4}, "bbox": [-40.39095, -11.31281, -40.39095, -11.31281]}, {"type": "Feature", "id": "focos_48h_br_todosats.fid--145fdae9_19db31250eb_4262", "geometry": {"type": "Point", "coordinates": [-40.86163, -12.12611]}, "geometry_name": "geometria", "properties": {"id_foco_bdq": 1814980650, "foco_id": "d570de2e-25d8-3f2f-9f86-d05df53b3da4", "longitude": -40.86163, "latitude": -12.12611, "data_hora_gmt": "2026-04-21T16:20:00Z", "data_pas": "2026-04-21", "satelite": "NOAA-20", "municipio": "RUY BARBOSA", "estado": "BAHIA", "pais": "Brasil", "precipitacao": null, "numero_dias_sem_chuva": null, "risco_fogo": null, "bioma": "Caatinga", "id_0": 33, "id_1": 29, "id_2": 2927200, "continente_id": 8, "vegetacao": null, "grade_wrs": "217_068", "frp": 20.8}, "bbox": [-40.86163, -12.12611, -40.86163, -12.12611]}, {"type": "Feature", "id": "focos_48h_br_todosats.fid--145fdae9_19db31250eb_4264", "geometry": {"type": "Point", "coordinates": [-37.69004, -9.35276]}, "geometry_name": "geometria", "properties": {"id_foco_bdq": 1814980651, "foco_id": "1153a36e-656f-3b7b-963d-44b7efd399f7", "longitude": -37.69004, "latitude": -9.35276, "data_hora_gmt": "2026-04-21T16:20:00Z", "data_pas": "2026-04-21", "satelite": "NOAA-20", "municipio": "INHAPI", "estado": "ALAGOAS", "pais": "Brasil", "precipitacao": null, "numero_dias_sem_chuva": null, "risco_fogo": null, "bioma": "Caatinga", "id_0": 33, "id_1": 27, "id_2": 2703304, "continente_id": 8, "vegetacao": null, "grade_wrs": "215_067", "frp": 5.3}, "bbox": [-37.69004, -9.35276, -37.69004, -9.35276]}, {"type": "Feature", "id": "focos_48h_br_todosats.fid--145fdae9_19db31250eb_4266", "geometry": {"type": "Point", "coordinates": [-43.83992, -11.97719]}, "geometry_name": "geometria", "properties": {"id_foco_bdq": 1814980653, "foco_id": "2684878e-f65c-3042-88bc-433059807805", "longitude": -43.83992, "latitude": -11.97719, "data_hora_gmt": "2026-04-21T16:20:00Z", "data_pas": "2026-04-21", "satelite": "NOAA-20", "municipio": "WANDERLEY", "estado": "BAHIA", "pais": "Brasil", "precipitacao": null, "numero_dias_sem_chuva": null, "risco_fogo": null, "bioma": "Cerrado", "id_0": 33, "id_1": 29, "id_2": 2933455, "continente_id": 8, "vegetacao": null, "grade_wrs": "219_068", "frp": 20.5}, "bbox": [-43.83992, -11.97719, -43.83992, -11.97719]}, {"type": "Feature", "id": "focos_48h_br_todosats.fid--145fdae9_19db31250eb_4267", "geometry": {"type": "Point", "coordinates": [-39.87838, -15.32723]}, "geometry_name": "geometria", "properties": {"id_foco_bdq": 1814980654, "foco_id": "a549b753-d01d-342d-bdfe-24f132d6d522", "longitude": -39.87838, "latitude": -15.32723, "data_hora_gmt": "2026-04-21T16:20:00Z", "data_pas": "2026-04-21", "satelite": "NOAA-20", "municipio": "ITAPETINGA", "estado": "BAHIA", "pais": "Brasil", "precipitacao": null, "numero_dias_sem_chuva": null, "risco_fogo": null, "bioma": "Mata Atlântica", "id_0": 33, "id_1": 29, "id_2": 2916401, "continente_id": 8, "vegetacao": null, "grade_wrs": "216_071", "frp": 3.7}, "bbox": [-39.87838, -15.32723, -39.87838, -15.32723]}, {"type": "Feature", "id": "focos_48h_br_todosats.fid--145fdae9_19db31250eb_426a", "geometry": {"type": "Point", "coordinates": [-43.84145, -11.91308]}, "geometry_name": "geometria", "properties": {"id_foco_bdq": 1814980658, "foco_id": "f5808050-5f38-3145-befb-86c78cf0d0cc", "longitude": -43.84145, "latitude": -11.91308, "data_hora_gmt": "2026-04-21T16:20:00Z", "data_pas": "2026-04-21", "satelite": "NOAA-20", "municipio": "WANDERLEY", "estado": "BAHIA", "pais": "Brasil", "precipitacao": null, "numero_dias_sem_chuva": null, "risco_fogo": null, "bioma": "Cerrado", "id_0": 33, "id_1": 29, "id_2": 2933455, "continente_id": 8, "vegetacao": null, "grade_wrs": "219_068", "frp": 12.5}, "bbox": [-43.84145, -11.91308, -43.84145, -11.91308]}, {"type": "Feature", "id": "focos_48h_br_todosats.fid--145fdae9_19db31250eb_426e", "geometry": {"type": "Point", "coordinates": [-43.608, -13.02284]}, "geometry_name": "geometria", "properties": {"id_foco_bdq": 1814980661, "foco_id": "2beee1b9-29fe-3cf8-b9d6-74471cc033db", "longitude": -43.608, "latitude": -13.02284, "data_hora_gmt": "2026-04-21T16:20:00Z", "data_pas": "2026-04-21", "satelite": "NOAA-20", "municipio": "SÍTIO DO MATO", "estado": "BAHIA", "pais": "Brasil", "precipitacao": null, "numero_dias_sem_chuva": null, "risco_fogo": null, "bioma": "Cerrado", "id_0": 33, "id_1": 29, "id_2": 2930758, "continente_id": 8, "vegetacao": null, "grade_wrs": "219_069", "frp": 13.8}, "bbox": [-43.608, -13.02284, -43.608, -13.02284]}, {"type": "Feature", "id": "focos_48h_br_todosats.fid--145fdae9_19db31250eb_4276", "geometry": {"type": "Point", "coordinates": [-41.99228, -11.17211]}, "geometry_name": "geometria", "properties": {"id_foco_bdq": 1814980666, "foco_id": "f3b4f038-9a24-3243-9e52-c4b11c099015", "longitude": -41.99228, "latitude": -11.17211, "data_hora_gmt": "2026-04-21T16:20:00Z", "data_pas": "2026-04-21", "satelite": "NOAA-20", "municipio": "CENTRAL", "estado": "BAHIA", "pais": "Brasil", "precipitacao": null, "numero_dias_sem_chuva": null, "risco_fogo": null, "bioma": "Caatinga", "id_0": 33, "id_1": 29, "id_2": 2907608, "continente_id": 8, "vegetacao": null, "grade_wrs": "218_068", "frp": 2.9}, "bbox": [-41.99228, -11.17211, -41.99228, -11.17211]}, {"type": "Feature", "id": "focos_48h_br_todosats.fid--145fdae9_19db31250eb_4278", "geometry": {"type": "Point", "coordinates": [-39.11255, -15.95754]}, "geometry_name": "geometria", "properties": {"id_foco_bdq": 1814980668, "foco_id": "42ec1b6e-897f-3950-bdc6-7ef7bb103957", "longitude": -39.11255, "latitude": -15.95754, "data_hora_gmt": "2026-04-21T16:20:00Z", "data_pas": "2026-04-21", "satelite": "NOAA-20", "municipio": "BELMONTE", "estado": "BAHIA", "pais": "Brasil", "precipitacao": null, "numero_dias_sem_chuva": null, "risco_fogo": null, "bioma": "Mata Atlântica", "id_0": 33, "id_1": 29, "id_2": 2903409, "continente_id": 8, "vegetacao": null, "grade_wrs": "215_071", "frp": 9.4}, "bbox": [-39.11255, -15.95754, -39.11255, -15.95754]}, {"type": "Feature", "id": "focos_48h_br_todosats.fid--145fdae9_19db31250eb_427a", "geometry": {"type": "Point", "coordinates": [-49.9081, -10.85183]}, "geometry_name": "geometria", "properties": {"id_foco_bdq": 1814980670, "foco_id": "7a9db880-7336-3d6e-8361-c45d34372a05", "longitude": -49.9081, "latitude": -10.85183, "data_hora_gmt": "2026-04-21T16:20:00Z", "data_pas": "2026-04-21", "satelite": "NOAA-20", "municipio": "LAGOA DA CONFUSÃO", "estado": "TOCANTINS", "pais": "Brasil", "precipitacao": null, "numero_dias_sem_chuva": null, "risco_fogo": null, "bioma": "Cerrado", "id_0": 33, "id_1": 17, "id_2": 1711902, "continente_id": 8, "vegetacao": null, "grade_wrs": "223_068", "frp": 3.7}, "bbox": [-49.9081, -10.85183, -49.9081, -10.85183]}, {"type": "Feature", "id": "focos_48h_br_todosats.fid--145fdae9_19db31250eb_427d", "geometry": {"type": "Point", "coordinates": [-46.53506, -15.85214]}, "geometry_name": "geometria", "properties": {"id_foco_bdq": 1814980677, "foco_id": "b2f593b8-d4c5-3dc0-816c-e38e98f10cbd", "longitude": -46.53506, "latitude": -15.85214, "data_hora_gmt": "2026-04-21T16:20:00Z", "data_pas": "2026-04-21", "satelite": "NOAA-20", "municipio": "UNAÍ", "estado": "MINAS GERAIS", "pais": "Brasil", "precipitacao": null, "numero_dias_sem_chuva": null, "risco_fogo": null, "bioma": "Cerrado", "id_0": 33, "id_1": 31, "id_2": 3170404, "continente_id": 8, "vegetacao": null, "grade_wrs": "220_071", "frp": 4}, "bbox": [-46.53506, -15.85214, -46.53506, -15.85214]}, {"type": "Feature", "id": "focos_48h_br_todosats.fid--145fdae9_19db31250eb_427f", "geometry": {"type": "Point", "coordinates": [-47.53921, -14.59496]}, "geometry_name": "geometria", "properties": {"id_foco_bdq": 1814980695, "foco_id": "f32c939f-7ebb-33cf-b7f4-70c61d2329bb", "longitude": -47.53921, "latitude": -14.59496, "data_hora_gmt": "2026-04-21T16:20:00Z", "data_pas": "2026-04-21", "satelite": "NOAA-20", "municipio": "SÃO JOÃO D'ALIANÇA", "estado": "GOIÁS", "pais": "Brasil", "precipitacao": null, "numero_dias_sem_chuva": null, "risco_fogo": null, "bioma": "Cerrado", "id_0": 33, "id_1": 52, "id_2": 5220009, "continente_id": 8, "vegetacao": null, "grade_wrs": "221_070", "frp": 5.6}, "bbox": [-47.53921, -14.59496, -47.53921, -14.59496]}, {"type": "Feature", "id": "focos_48h_br_todosats.fid--145fdae9_19db31250eb_4281", "geometry": {"type": "Point", "coordinates": [-43.90899, -15.98468]}, "geometry_name": "geometria", "properties": {"id_foco_bdq": 1814980707, "foco_id": "27fc7863-ba86-3ad8-b3b2-41b5df04d32b", "longitude": -43.90899, "latitude": -15.98468, "data_hora_gmt": "2026-04-21T16:20:00Z", "data_pas": "2026-04-21", "satelite": "NOAA-20", "municipio": "SÃO JOÃO DA PONTE", "estado": "MINAS GERAIS", "pais": "Brasil", "precipitacao": null, "numero_dias_sem_chuva": null, "risco_fogo": null, "bioma": "Caatinga", "id_0": 33, "id_1": 31, "id_2": 3162401, "continente_id": 8, "vegetacao": null, "grade_wrs": "218_071", "frp": 4.5}, "bbox": [-43.90899, -15.98468, -43.90899, -15.98468]}, {"type": "Feature", "id": "focos_48h_br_todosats.fid--145fdae9_19db31250eb_4283", "geometry": {"type": "Point", "coordinates": [-45.34109, -13.95013]}, "geometry_name": "geometria", "properties": {"id_foco_bdq": 1814980709, "foco_id": "eb4b6013-9836-3fb8-9fd8-f6c14b4e4f09", "longitude": -45.34109, "latitude": -13.95013, "data_hora_gmt": "2026-04-21T16:20:00Z", "data_pas": "2026-04-21", "satelite": "NOAA-20", "municipio": "JABORANDI", "estado": "BAHIA", "pais": "Brasil", "precipitacao": null, "numero_dias_sem_chuva": null, "risco_fogo": null, "bioma": "Cerrado", "id_0": 33, "id_1": 29, "id_2": 2917359, "continente_id": 8, "vegetacao": null, "grade_wrs": "220_070", "frp": 9.9}, "bbox": [-45.34109, -13.95013, -45.34109, -13.95013]}, {"type": "Feature", "id": "focos_48h_br_todosats.fid--145fdae9_19db31250eb_4284", "geometry": {"type": "Point", "coordinates": [-45.33613, -13.94948]}, "geometry_name": "geometria", "properties": {"id_foco_bdq": 1814980714, "foco_id": "0bce6831-c647-3eae-91a9-20d12f004a24", "longitude": -45.33613, "latitude": -13.94948, "data_hora_gmt": "2026-04-21T16:20:00Z", "data_pas": "2026-04-21", "satelite": "NOAA-20", "municipio": "JABORANDI", "estado": "BAHIA", "pais": "Brasil", "precipitacao": null, "numero_dias_sem_chuva": null, "risco_fogo": null, "bioma": "Cerrado", "id_0": 33, "id_1": 29, "id_2": 2917359, "continente_id": 8, "vegetacao": null, "grade_wrs": "220_070", "frp": 11.5}, "bbox": [-45.33613, -13.94948, -45.33613, -13.94948]}, {"type": "Feature", "id": "focos_48h_br_todosats.fid--145fdae9_19db31250eb_4286", "geometry": {"type": "Point", "coordinates": [-39.10402, -15.9631]}, "geometry_name": "geometria", "properties": {"id_foco_bdq": 1814980716, "foco_id": "ee427f2f-7fbe-3a64-90da-415dd9c94e1d", "longitude": -39.10402, "latitude": -15.9631, "data_hora_gmt": "2026-04-21T16:20:00Z", "data_pas": "2026-04-21", "satelite": "NOAA-20", "municipio": "BELMONTE", "estado": "BAHIA", "pais": "Brasil", "precipitacao": null, "numero_dias_sem_chuva": null, "risco_fogo": null, "bioma": "Mata Atlântica", "id_0": 33, "id_1": 29, "id_2": 2903409, "continente_id": 8, "vegetacao": null, "grade_wrs": "215_071", "frp": 6.4}, "bbox": [-39.10402, -15.9631, -39.10402, -15.9631]}, {"type": "Feature", "id": "focos_48h_br_todosats.fid--145fdae9_19db31250eb_4288", "geometry": {"type": "Point", "coordinates": [-43.84646, -11.90664]}, "geometry_name": "geometria", "properties": {"id_foco_bdq": 1814980970, "foco_id": "41de34dc-eb6a-3527-a093-26e0cd2457ab", "longitude": -43.84646, "latitude": -11.90664, "data_hora_gmt": "2026-04-21T16:20:00Z", "data_pas": "2026-04-21", "satelite": "NOAA-20", "municipio": "WANDERLEY", "estado": "BAHIA", "pais": "Brasil", "precipitacao": null, "numero_dias_sem_chuva": null, "risco_fogo": null, "bioma": "Cerrado", "id_0": 33, "id_1": 29, "id_2": 2933455, "continente_id": 8, "vegetacao": null, "grade_wrs": "219_068", "frp": 20.4}, "bbox": [-43.84646, -11.90664, -43.84646, -11.90664]}, {"type": "Feature", "id": "focos_48h_br_todosats.fid--145fdae9_19db31250eb_428c", "geometry": {"type": "Point", "coordinates": [-40.98679, -12.70513]}, "geometry_name": "geometria", "properties": {"id_foco_bdq": 1814980975, "foco_id": "4db4a9ac-fb19-359e-b781-a5174f1bbd21", "longitude": -40.98679, "latitude": -12.70513, "data_hora_gmt": "2026-04-21T16:20:00Z", "data_pas": "2026-04-21", "satelite": "NOAA-20", "municipio": "NOVA REDENÇÃO", "estado": "BAHIA", "pais": "Brasil", "precipitacao": null, "numero_dias_sem_chuva": null, "risco_fogo": null, "bioma": "Caatinga", "id_0": 33, "id_1": 29, "id_2": 2922854, "continente_id": 8, "vegetacao": null, "grade_wrs": "217_069", "frp": 7.7}, "bbox": [-40.98679, -12.70513, -40.98679, -12.70513]}, {"type": "Feature", "id": "focos_48h_br_todosats.fid--145fdae9_19db31250eb_428e", "geometry": {"type": "Point", "coordinates": [-39.41795, -14.43284]}, "geometry_name": "geometria", "properties": {"id_foco_bdq": 1814980982, "foco_id": "9a228549-b089-3a4c-b5f0-706a540d0a23", "longitude": -39.41795, "latitude": -14.43284, "data_hora_gmt": "2026-04-21T16:20:00Z", "data_pas": "2026-04-21", "satelite": "NOAA-20", "municipio": "AURELINO LEAL", "estado": "BAHIA", "pais": "Brasil", "precipitacao": null, "numero_dias_sem_chuva": null, "risco_fogo": null, "bioma": "Mata Atlântica", "id_0": 33, "id_1": 29, "id_2": 2902401, "continente_id": 8, "vegetacao": null, "grade_wrs": "216_070", "frp": 18.9}, "bbox": [-39.41795, -14.43284, -39.41795, -14.43284]}, {"type": "Feature", "id": "focos_48h_br_todosats.fid--145fdae9_19db31250eb_4292", "geometry": {"type": "Point", "coordinates": [-43.84593, -11.91014]}, "geometry_name": "geometria", "properties": {"id_foco_bdq": 1814980983, "foco_id": "ecaa23cc-2e67-3d21-ab07-b675fe8ad8d3", "longitude": -43.84593, "latitude": -11.91014, "data_hora_gmt": "2026-04-21T16:20:00Z", "data_pas": "2026-04-21", "satelite": "NOAA-20", "municipio": "WANDERLEY", "estado": "BAHIA", "pais": "Brasil", "precipitacao": null, "numero_dias_sem_chuva": null, "risco_fogo": null, "bioma": "Cerrado", "id_0": 33, "id_1": 29, "id_2": 2933455, "continente_id": 8, "vegetacao": null, "grade_wrs": "219_068", "frp": 20.4}, "bbox": [-43.84593, -11.91014, -43.84593, -11.91014]}, {"type": "Feature", "id": "focos_48h_br_todosats.fid--145fdae9_19db31250eb_4294", "geometry": {"type": "Point", "coordinates": [-39.71703, -15.00968]}, "geometry_name": "geometria", "properties": {"id_foco_bdq": 1814980989, "foco_id": "2e0a36d6-a43e-38de-beee-260492c55f0c", "longitude": -39.71703, "latitude": -15.00968, "data_hora_gmt": "2026-04-21T16:20:00Z", "data_pas": "2026-04-21", "satelite": "NOAA-20", "municipio": "ITAJU DO COLÔNIA", "estado": "BAHIA", "pais": "Brasil", "precipitacao": null, "numero_dias_sem_chuva": null, "risco_fogo": null, "bioma": "Mata Atlântica", "id_0": 33, "id_1": 29, "id_2": 2915403, "continente_id": 8, "vegetacao": null, "grade_wrs": "216_070", "frp": 16.1}, "bbox": [-39.71703, -15.00968, -39.71703, -15.00968]}, {"type": "Feature", "id": "focos_48h_br_todosats.fid--145fdae9_19db31250eb_4296", "geometry": {"type": "Point", "coordinates": [-45.33885, -13.94869]}, "geometry_name": "geometria", "properties": {"id_foco_bdq": 1814980990, "foco_id": "3b50ea8a-eaa7-3ca8-a011-08d6b188bf17", "longitude": -45.33885, "latitude": -13.94869, "data_hora_gmt": "2026-04-21T16:20:00Z", "data_pas": "2026-04-21", "satelite": "NOAA-20", "municipio": "JABORANDI", "estado": "BAHIA", "pais": "Brasil", "precipitacao": null, "numero_dias_sem_chuva": null, "risco_fogo": null, "bioma": "Cerrado", "id_0": 33, "id_1": 29, "id_2": 2917359, "continente_id": 8, "vegetacao": null, "grade_wrs": "220_070", "frp": 10.2}, "bbox": [-45.33885, -13.94869, -45.33885, -13.94869]}, {"type": "Feature", "id": "focos_48h_br_todosats.fid--145fdae9_19db31250eb_4299", "geometry": {"type": "Point", "coordinates": [-43.84044, -11.97369]}, "geometry_name": "geometria", "properties": {"id_foco_bdq": 1814980997, "foco_id": "ccc21038-10fb-373d-b14d-74501933cae5", "longitude": -43.84044, "latitude": -11.97369, "data_hora_gmt": "2026-04-21T16:20:00Z", "data_pas": "2026-04-21", "satelite": "NOAA-20", "municipio": "WANDERLEY", "estado": "BAHIA", "pais": "Brasil", "precipitacao": null, "numero_dias_sem_chuva": null, "risco_fogo": null, "bioma": "Cerrado", "id_0": 33, "id_1": 29, "id_2": 2933455, "continente_id": 8, "vegetacao": null, "grade_wrs": "219_068", "frp": 7.9}, "bbox": [-43.84044, -11.97369, -43.84044, -11.97369]}, {"type": "Feature", "id": "focos_48h_br_todosats.fid--145fdae9_19db31250eb_429c", "geometry": {"type": "Point", "coordinates": [-47.53772, -14.60853]}, "geometry_name": "geometria", "properties": {"id_foco_bdq": 1814980998, "foco_id": "5b706329-d0e8-3493-a4c1-7b9838804064", "longitude": -47.53772, "latitude": -14.60853, "data_hora_gmt": "2026-04-21T16:20:00Z", "data_pas": "2026-04-21", "satelite": "NOAA-20", "municipio": "SÃO JOÃO D'ALIANÇA", "estado": "GOIÁS", "pais": "Brasil", "precipitacao": null, "numero_dias_sem_chuva": null, "risco_fogo": null, "bioma": "Cerrado", "id_0": 33, "id_1": 52, "id_2": 5220009, "continente_id": 8, "vegetacao": null, "grade_wrs": "221_070", "frp": 3.3}, "bbox": [-47.53772, -14.60853, -47.53772, -14.60853]}, {"type": "Feature", "id": "focos_48h_br_todosats.fid--145fdae9_19db31250eb_429e", "geometry": {"type": "Point", "coordinates": [-44.19151, -12.24784]}, "geometry_name": "geometria", "properties": {"id_foco_bdq": 1814981003, "foco_id": "102aabf8-a22a-3d87-8826-fabede9cc6fa", "longitude": -44.19151, "latitude": -12.24784, "data_hora_gmt": "2026-04-21T16:20:00Z", "data_pas": "2026-04-21", "satelite": "NOAA-20", "municipio": "CRISTÓPOLIS", "estado": "BAHIA", "pais": "Brasil", "precipitacao": null, "numero_dias_sem_chuva": null, "risco_fogo": null, "bioma": "Cerrado", "id_0": 33, "id_1": 29, "id_2": 2909703, "continente_id": 8, "vegetacao": null, "grade_wrs": "219_068", "frp": 6.5}, "bbox": [-44.19151, -12.24784, -44.19151, -12.24784]}, {"type": "Feature", "id": "focos_48h_br_todosats.fid--145fdae9_19db31250eb_42a0", "geometry": {"type": "Point", "coordinates": [-42.12942, -11.31162]}, "geometry_name": "geometria", "properties": {"id_foco_bdq": 1814981005, "foco_id": "dc0b8c06-cc59-32a0-a90d-e56bb142c231", "longitude": -42.12942, "latitude": -11.31162, "data_hora_gmt": "2026-04-21T16:20:00Z", "data_pas": "2026-04-21", "satelite": "NOAA-20", "municipio": "UIBAÍ", "estado": "BAHIA", "pais": "Brasil", "precipitacao": null, "numero_dias_sem_chuva": null, "risco_fogo": null, "bioma": "Caatinga", "id_0": 33, "id_1": 29, "id_2": 2932408, "continente_id": 8, "vegetacao": null, "grade_wrs": "218_068", "frp": 3}, "bbox": [-42.12942, -11.31162, -42.12942, -11.31162]}, {"type": "Feature", "id": "focos_48h_br_todosats.fid--145fdae9_19db31250eb_42a2", "geometry": {"type": "Point", "coordinates": [-47.36895, -13.90769]}, "geometry_name": "geometria", "properties": {"id_foco_bdq": 1814981007, "foco_id": "ea8fb3ca-1245-3a87-b0da-e84213c718d9", "longitude": -47.36895, "latitude": -13.90769, "data_hora_gmt": "2026-04-21T16:20:00Z", "data_pas": "2026-04-21", "satelite": "NOAA-20", "municipio": "CAVALCANTE", "estado": "GOIÁS", "pais": "Brasil", "precipitacao": null, "numero_dias_sem_chuva": null, "risco_fogo": null, "bioma": "Cerrado", "id_0": 33, "id_1": 52, "id_2": 5205307, "continente_id": 8, "vegetacao": null, "grade_wrs": "221_070", "frp": 6.9}, "bbox": [-47.36895, -13.90769, -47.36895, -13.90769]}, {"type": "Feature", "id": "focos_48h_br_todosats.fid--145fdae9_19db31250eb_42a3", "geometry": {"type": "Point", "coordinates": [-39.28915, -15.41464]}, "geometry_name": "geometria", "properties": {"id_foco_bdq": 1814981008, "foco_id": "e6954b48-7f81-3858-bce2-850bab198624", "longitude": -39.28915, "latitude": -15.41464, "data_hora_gmt": "2026-04-21T16:20:00Z", "data_pas": "2026-04-21", "satelite": "NOAA-20", "municipio": "SANTA LUZIA", "estado": "BAHIA", "pais": "Brasil", "precipitacao": null, "numero_dias_sem_chuva": null, "risco_fogo": null, "bioma": "Mata Atlântica", "id_0": 33, "id_1": 29, "id_2": 2928059, "continente_id": 8, "vegetacao": null, "grade_wrs": "215_071", "frp": 2.7}, "bbox": [-39.28915, -15.41464, -39.28915, -15.41464]}, {"type": "Feature", "id": "focos_48h_br_todosats.fid--145fdae9_19db31250eb_42a4", "geometry": {"type": "Point", "coordinates": [-39.69273, -14.49342]}, "geometry_name": "geometria", "properties": {"id_foco_bdq": 1814981017, "foco_id": "a27c842b-078b-376d-9b1b-33d2c05bf534", "longitude": -39.69273, "latitude": -14.49342, "data_hora_gmt": "2026-04-21T16:20:00Z", "data_pas": "2026-04-21", "satelite": "NOAA-20", "municipio": "ITAPITANGA", "estado": "BAHIA", "pais": "Brasil", "precipitacao": null, "numero_dias_sem_chuva": null, "risco_fogo": null, "bioma": "Mata Atlântica", "id_0": 33, "id_1": 29, "id_2": 2916609, "continente_id": 8, "vegetacao": null, "grade_wrs": "216_070", "frp": 3.6}, "bbox": [-39.69273, -14.49342, -39.69273, -14.49342]}, {"type": "Feature", "id": "focos_48h_br_todosats.fid--145fdae9_19db31250eb_42a5", "geometry": {"type": "Point", "coordinates": [-48.49655, -15.26012]}, "geometry_name": "geometria", "properties": {"id_foco_bdq": 1814981019, "foco_id": "15e996e2-33c3-3222-92e3-b9f04674b3f0", "longitude": -48.49655, "latitude": -15.26012, "data_hora_gmt": "2026-04-21T16:20:00Z", "data_pas": "2026-04-21", "satelite": "NOAA-20", "municipio": "PADRE BERNARDO", "estado": "GOIÁS", "pais": "Brasil", "precipitacao": null, "numero_dias_sem_chuva": null, "risco_fogo": null, "bioma": "Cerrado", "id_0": 33, "id_1": 52, "id_2": 5215603, "continente_id": 8, "vegetacao": null, "grade_wrs": "221_071", "frp": 5.5}, "bbox": [-48.49655, -15.26012, -48.49655, -15.26012]}, {"type": "Feature", "id": "focos_48h_br_todosats.fid--145fdae9_19db31250eb_42a8", "geometry": {"type": "Point", "coordinates": [-43.37988, -11.95538]}, "geometry_name": "geometria", "properties": {"id_foco_bdq": 1814981020, "foco_id": "95a74118-a0a7-3c20-a49b-366578611d9d", "longitude": -43.37988, "latitude": -11.95538, "data_hora_gmt": "2026-04-21T16:20:00Z", "data_pas": "2026-04-21", "satelite": "NOAA-20", "municipio": "MUQUÉM DO SÃO FRANCISCO", "estado": "BAHIA", "pais": "Brasil", "precipitacao": null, "numero_dias_sem_chuva": null, "risco_fogo": null, "bioma": "Cerrado", "id_0": 33, "id_1": 29, "id_2": 2922250, "continente_id": 8, "vegetacao": null, "grade_wrs": "219_068", "frp": 6}, "bbox": [-43.37988, -11.95538, -43.37988, -11.95538]}, {"type": "Feature", "id": "focos_48h_br_todosats.fid--145fdae9_19db31250eb_42ad", "geometry": {"type": "Point", "coordinates": [-45.34101, -13.38173]}, "geometry_name": "geometria", "properties": {"id_foco_bdq": 1814981023, "foco_id": "f77e39af-3d17-32d7-99e9-37eebf95fcdf", "longitude": -45.34101, "latitude": -13.38173, "data_hora_gmt": "2026-04-21T16:20:00Z", "data_pas": "2026-04-21", "satelite": "NOAA-20", "municipio": "CORRENTINA", "estado": "BAHIA", "pais": "Brasil", "precipitacao": null, "numero_dias_sem_chuva": null, "risco_fogo": null, "bioma": "Cerrado", "id_0": 33, "id_1": 29, "id_2": 2909307, "continente_id": 8, "vegetacao": null, "grade_wrs": "220_069", "frp": 12.2}, "bbox": [-45.34101, -13.38173, -45.34101, -13.38173]}, {"type": "Feature", "id": "focos_48h_br_todosats.fid--145fdae9_19db31250eb_42af", "geometry": {"type": "Point", "coordinates": [-43.50983, -16.56684]}, "geometry_name": "geometria", "properties": {"id_foco_bdq": 1814981029, "foco_id": "33694e5d-683a-3a41-a9d8-70e5de30ea35", "longitude": -43.50983, "latitude": -16.56684, "data_hora_gmt": "2026-04-21T16:20:00Z", "data_pas": "2026-04-21", "satelite": "NOAA-20", "municipio": "FRANCISCO SÁ", "estado": "MINAS GERAIS", "pais": "Brasil", "precipitacao": null, "numero_dias_sem_chuva": null, "risco_fogo": null, "bioma": "Cerrado", "id_0": 33, "id_1": 31, "id_2": 3126703, "continente_id": 8, "vegetacao": null, "grade_wrs": "218_071", "frp": 3.6}, "bbox": [-43.50983, -16.56684, -43.50983, -16.56684]}, {"type": "Feature", "id": "focos_48h_br_todosats.fid--145fdae9_19db31250eb_42b2", "geometry": {"type": "Point", "coordinates": [-52.14381, -12.63958]}, "geometry_name": "geometria", "properties": {"id_foco_bdq": 1814981034, "foco_id": "5fcaf3f2-13bc-3a9c-94fa-00e4badf0c85", "longitude": -52.14381, "latitude": -12.63958, "data_hora_gmt": "2026-04-21T16:20:00Z", "data_pas": "2026-04-21", "satelite": "NOAA-20", "municipio": "QUERÊNCIA", "estado": "MATO GROSSO", "pais": "Brasil", "precipitacao": null, "numero_dias_sem_chuva": null, "risco_fogo": null, "bioma": "Amazônia", "id_0": 33, "id_1": 51, "id_2": 5107065, "continente_id": 8, "vegetacao": null, "grade_wrs": "224_069", "frp": 7.8}, "bbox": [-52.14381, -12.63958, -52.14381, -12.63958]}, {"type": "Feature", "id": "focos_48h_br_todosats.fid--145fdae9_19db31250eb_42b4", "geometry": {"type": "Point", "coordinates": [-43.83649, -11.97312]}, "geometry_name": "geometria", "properties": {"id_foco_bdq": 1814981035, "foco_id": "d588cdc2-66d8-351c-9d89-fd2ab5807376", "longitude": -43.83649, "latitude": -11.97312, "data_hora_gmt": "2026-04-21T16:20:00Z", "data_pas": "2026-04-21", "satelite": "NOAA-20", "municipio": "WANDERLEY", "estado": "BAHIA", "pais": "Brasil", "precipitacao": null, "numero_dias_sem_chuva": null, "risco_fogo": null, "bioma": "Cerrado", "id_0": 33, "id_1": 29, "id_2": 2933455, "continente_id": 8, "vegetacao": null, "grade_wrs": "219_068", "frp": 5.2}, "bbox": [-43.83649, -11.97312, -43.83649, -11.97312]}, {"type": "Feature", "id": "focos_48h_br_todosats.fid--145fdae9_19db31250eb_42b5", "geometry": {"type": "Point", "coordinates": [-45.74801, -12.05462]}, "geometry_name": "geometria", "properties": {"id_foco_bdq": 1814981041, "foco_id": "bf3108b9-62e5-335f-88f2-4176f7776f48", "longitude": -45.74801, "latitude": -12.05462, "data_hora_gmt": "2026-04-21T16:20:00Z", "data_pas": "2026-04-21", "satelite": "NOAA-20", "municipio": "LUÍS EDUARDO MAGALHÃES", "estado": "BAHIA", "pais": "Brasil", "precipitacao": null, "numero_dias_sem_chuva": null, "risco_fogo": null, "bioma": "Cerrado", "id_0": 33, "id_1": 29, "id_2": 2919553, "continente_id": 8, "vegetacao": null, "grade_wrs": "220_068", "frp": 3.7}, "bbox": [-45.74801, -12.05462, -45.74801, -12.05462]}, {"type": "Feature", "id": "focos_48h_br_todosats.fid--145fdae9_19db31250eb_42b6", "geometry": {"type": "Point", "coordinates": [-45.22573, -12.02778]}, "geometry_name": "geometria", "properties": {"id_foco_bdq": 1814981048, "foco_id": "254a97f5-ebf6-3065-9f1b-9b34843e10f4", "longitude": -45.22573, "latitude": -12.02778, "data_hora_gmt": "2026-04-21T16:20:00Z", "data_pas": "2026-04-21", "satelite": "NOAA-20", "municipio": "BARREIRAS", "estado": "BAHIA", "pais": "Brasil", "precipitacao": null, "numero_dias_sem_chuva": null, "risco_fogo": null, "bioma": "Cerrado", "id_0": 33, "id_1": 29, "id_2": 2903201, "continente_id": 8, "vegetacao": null, "grade_wrs": "220_068", "frp": 9.3}, "bbox": [-45.22573, -12.02778, -45.22573, -12.02778]}, {"type": "Feature", "id": "focos_48h_br_todosats.fid--145fdae9_19db31250eb_42b9", "geometry": {"type": "Point", "coordinates": [-40.12793, -14.82935]}, "geometry_name": "geometria", "properties": {"id_foco_bdq": 1814981052, "foco_id": "02b932b5-18ed-3d68-ba21-54ca1d8d327d", "longitude": -40.12793, "latitude": -14.82935, "data_hora_gmt": "2026-04-21T16:20:00Z", "data_pas": "2026-04-21", "satelite": "NOAA-20", "municipio": "NOVA CANAÃ", "estado": "BAHIA", "pais": "Brasil", "precipitacao": null, "numero_dias_sem_chuva": null, "risco_fogo": null, "bioma": "Mata Atlântica", "id_0": 33, "id_1": 29, "id_2": 2922706, "continente_id": 8, "vegetacao": null, "grade_wrs": "216_070", "frp": 4}, "bbox": [-40.12793, -14.82935, -40.12793, -14.82935]}, {"type": "Feature", "id": "focos_48h_br_todosats.fid--145fdae9_19db31250eb_42bc", "geometry": {"type": "Point", "coordinates": [-39.90744, -15.69802]}, "geometry_name": "geometria", "properties": {"id_foco_bdq": 1814981053, "foco_id": "682912da-e427-35e8-ab66-5f72762ae2de", "longitude": -39.90744, "latitude": -15.69802, "data_hora_gmt": "2026-04-21T16:20:00Z", "data_pas": "2026-04-21", "satelite": "NOAA-20", "municipio": "POTIRAGUÁ", "estado": "BAHIA", "pais": "Brasil", "precipitacao": null, "numero_dias_sem_chuva": null, "risco_fogo": null, "bioma": "Mata Atlântica", "id_0": 33, "id_1": 29, "id_2": 2925402, "continente_id": 8, "vegetacao": null, "grade_wrs": "216_071", "frp": 2.7}, "bbox": [-39.90744, -15.69802, -39.90744, -15.69802]}, {"type": "Feature", "id": "focos_48h_br_todosats.fid--145fdae9_19db31250eb_42be", "geometry": {"type": "Point", "coordinates": [-52.14074, -12.64208]}, "geometry_name": "geometria", "properties": {"id_foco_bdq": 1814981055, "foco_id": "79b0d9d7-3ef8-3ecc-991b-15acd911b8e6", "longitude": -52.14074, "latitude": -12.64208, "data_hora_gmt": "2026-04-21T16:20:00Z", "data_pas": "2026-04-21", "satelite": "NOAA-20", "municipio": "QUERÊNCIA", "estado": "MATO GROSSO", "pais": "Brasil", "precipitacao": null, "numero_dias_sem_chuva": null, "risco_fogo": null, "bioma": "Amazônia", "id_0": 33, "id_1": 51, "id_2": 5107065, "continente_id": 8, "vegetacao": null, "grade_wrs": "224_069", "frp": 8.7}, "bbox": [-52.14074, -12.64208, -52.14074, -12.64208]}, {"type": "Feature", "id": "focos_48h_br_todosats.fid--145fdae9_19db31250eb_42c0", "geometry": {"type": "Point", "coordinates": [-39.25131, -10.55586]}, "geometry_name": "geometria", "properties": {"id_foco_bdq": 1814981060, "foco_id": "18c4aa7b-63ce-3ac1-9d84-6ee7c2fc4250", "longitude": -39.25131, "latitude": -10.55586, "data_hora_gmt": "2026-04-21T16:20:00Z", "data_pas": "2026-04-21", "satelite": "NOAA-20", "municipio": "MONTE SANTO", "estado": "BAHIA", "pais": "Brasil", "precipitacao": null, "numero_dias_sem_chuva": null, "risco_fogo": null, "bioma": "Caatinga", "id_0": 33, "id_1": 29, "id_2": 2921500, "continente_id": 8, "vegetacao": null, "grade_wrs": "216_067", "frp": 3.2}, "bbox": [-39.25131, -10.55586, -39.25131, -10.55586]}, {"type": "Feature", "id": "focos_48h_br_todosats.fid--145fdae9_19db31250eb_42c2", "geometry": {"type": "Point", "coordinates": [-39.24382, -12.60664]}, "geometry_name": "geometria", "properties": {"id_foco_bdq": 1814981062, "foco_id": "8807f2bd-a6c5-37f9-a1cd-45cb7ed41485", "longitude": -39.24382, "latitude": -12.60664, "data_hora_gmt": "2026-04-21T16:20:00Z", "data_pas": "2026-04-21", "satelite": "NOAA-20", "municipio": "CABACEIRAS DO PARAGUAÇU", "estado": "BAHIA", "pais": "Brasil", "precipitacao": null, "numero_dias_sem_chuva": null, "risco_fogo": null, "bioma": "Mata Atlântica", "id_0": 33, "id_1": 29, "id_2": 2904852, "continente_id": 8, "vegetacao": null, "grade_wrs": "216_069", "frp": 2.6}, "bbox": [-39.24382, -12.60664, -39.24382, -12.60664]}, {"type": "Feature", "id": "focos_48h_br_todosats.fid--145fdae9_19db31250eb_42c6", "geometry": {"type": "Point", "coordinates": [-49.72413, -11.86207]}, "geometry_name": "geometria", "properties": {"id_foco_bdq": 1814981065, "foco_id": "09cee76d-287f-3054-9451-345638e00fcc", "longitude": -49.72413, "latitude": -11.86207, "data_hora_gmt": "2026-04-21T16:20:00Z", "data_pas": "2026-04-21", "satelite": "NOAA-20", "municipio": "FORMOSO DO ARAGUAIA", "estado": "TOCANTINS", "pais": "Brasil", "precipitacao": null, "numero_dias_sem_chuva": null, "risco_fogo": null, "bioma": "Cerrado", "id_0": 33, "id_1": 17, "id_2": 1708205, "continente_id": 8, "vegetacao": null, "grade_wrs": "223_068", "frp": 6}, "bbox": [-49.72413, -11.86207, -49.72413, -11.86207]}, {"type": "Feature", "id": "focos_48h_br_todosats.fid--145fdae9_19db31250eb_42c9", "geometry": {"type": "Point", "coordinates": [-40.00114, -15.92974]}, "geometry_name": "geometria", "properties": {"id_foco_bdq": 1814981066, "foco_id": "a5484784-31b7-34a6-a4fa-aa0a2726d149", "longitude": -40.00114, "latitude": -15.92974, "data_hora_gmt": "2026-04-21T16:20:00Z", "data_pas": "2026-04-21", "satelite": "NOAA-20", "municipio": "ITARANTIM", "estado": "BAHIA", "pais": "Brasil", "precipitacao": null, "numero_dias_sem_chuva": null, "risco_fogo": null, "bioma": "Mata Atlântica", "id_0": 33, "id_1": 29, "id_2": 2916807, "continente_id": 8, "vegetacao": null, "grade_wrs": "216_071", "frp": 5.4}, "bbox": [-40.00114, -15.92974, -40.00114, -15.92974]}, {"type": "Feature", "id": "focos_48h_br_todosats.fid--145fdae9_19db31250eb_42cc", "geometry": {"type": "Point", "coordinates": [-45.33829, -13.95256]}, "geometry_name": "geometria", "properties": {"id_foco_bdq": 1814981067, "foco_id": "b33d64de-04d1-3a96-8a1e-45b35deaff98", "longitude": -45.33829, "latitude": -13.95256, "data_hora_gmt": "2026-04-21T16:20:00Z", "data_pas": "2026-04-21", "satelite": "NOAA-20", "municipio": "JABORANDI", "estado": "BAHIA", "pais": "Brasil", "precipitacao": null, "numero_dias_sem_chuva": null, "risco_fogo": null, "bioma": "Cerrado", "id_0": 33, "id_1": 29, "id_2": 2917359, "continente_id": 8, "vegetacao": null, "grade_wrs": "220_070", "frp": 10.2}, "bbox": [-45.33829, -13.95256, -45.33829, -13.95256]}, {"type": "Feature", "id": "focos_48h_br_todosats.fid--145fdae9_19db31250eb_42cf", "geometry": {"type": "Point", "coordinates": [-43.37177, -13.34553]}, "geometry_name": "geometria", "properties": {"id_foco_bdq": 1814981069, "foco_id": "bc670039-19ef-3aa8-b357-81b108f8393e", "longitude": -43.37177, "latitude": -13.34553, "data_hora_gmt": "2026-04-21T16:20:00Z", "data_pas": "2026-04-21", "satelite": "NOAA-20", "municipio": "BOM JESUS DA LAPA", "estado": "BAHIA", "pais": "Brasil", "precipitacao": null, "numero_dias_sem_chuva": null, "risco_fogo": null, "bioma": "Caatinga", "id_0": 33, "id_1": 29, "id_2": 2903904, "continente_id": 8, "vegetacao": null, "grade_wrs": "218_069", "frp": 3}, "bbox": [-43.37177, -13.34553, -43.37177, -13.34553]}, {"type": "Feature", "id": "focos_48h_br_todosats.fid--145fdae9_19db31250eb_42d1", "geometry": {"type": "Point", "coordinates": [-42.58648, -13.33552]}, "geometry_name": "geometria", "properties": {"id_foco_bdq": 1814981072, "foco_id": "2e169104-718b-3877-a973-2314b24b5309", "longitude": -42.58648, "latitude": -13.33552, "data_hora_gmt": "2026-04-21T16:20:00Z", "data_pas": "2026-04-21", "satelite": "NOAA-20", "municipio": "BOTUPORÃ", "estado": "BAHIA", "pais": "Brasil", "precipitacao": null, "numero_dias_sem_chuva": null, "risco_fogo": null, "bioma": "Caatinga", "id_0": 33, "id_1": 29, "id_2": 2904209, "continente_id": 8, "vegetacao": null, "grade_wrs": "218_069", "frp": 4.1}, "bbox": [-42.58648, -13.33552, -42.58648, -13.33552]}, {"type": "Feature", "id": "focos_48h_br_todosats.fid--145fdae9_19db31250eb_42d4", "geometry": {"type": "Point", "coordinates": [-48.62151, -9.19357]}, "geometry_name": "geometria", "properties": {"id_foco_bdq": 1814980807, "foco_id": "ac4e6f2b-072d-36a3-a834-b392e5c7323b", "longitude": -48.62151, "latitude": -9.19357, "data_hora_gmt": "2026-04-21T16:22:00Z", "data_pas": "2026-04-21", "satelite": "NOAA-20", "municipio": "FORTALEZA DO TABOCÃO", "estado": "TOCANTINS", "pais": "Brasil", "precipitacao": null, "numero_dias_sem_chuva": null, "risco_fogo": null, "bioma": "Cerrado", "id_0": 33, "id_1": 17, "id_2": 1708254, "continente_id": 8, "vegetacao": null, "grade_wrs": "222_066", "frp": 10.8}, "bbox": [-48.62151, -9.19357, -48.62151, -9.19357]}, {"type": "Feature", "id": "focos_48h_br_todosats.fid--145fdae9_19db31250eb_42d5", "geometry": {"type": "Point", "coordinates": [-36.67238, -6.65941]}, "geometry_name": "geometria", "properties": {"id_foco_bdq": 1814980935, "foco_id": "ed0b005d-69ae-3836-94d9-4efc5b551ab3", "longitude": -36.67238, "latitude": -6.65941, "data_hora_gmt": "2026-04-21T16:22:00Z", "data_pas": "2026-04-21", "satelite": "NOAA-20", "municipio": "PARELHAS", "estado": "RIO GRANDE DO NORTE", "pais": "Brasil", "precipitacao": null, "numero_dias_sem_chuva": null, "risco_fogo": null, "bioma": "Caatinga", "id_0": 33, "id_1": 24, "id_2": 2408904, "continente_id": 8, "vegetacao": null, "grade_wrs": "215_065", "frp": 3.8}, "bbox": [-36.67238, -6.65941, -36.67238, -6.65941]}, {"type": "Feature", "id": "focos_48h_br_todosats.fid--145fdae9_19db31250eb_42d8", "geometry": {"type": "Point", "coordinates": [-36.67307, -6.65875]}, "geometry_name": "geometria", "properties": {"id_foco_bdq": 1814980817, "foco_id": "15f028ab-2d09-3fa5-834e-5a47e6d236ee", "longitude": -36.67307, "latitude": -6.65875, "data_hora_gmt": "2026-04-21T16:22:00Z", "data_pas": "2026-04-21", "satelite": "NOAA-20", "municipio": "PARELHAS", "estado": "RIO GRANDE DO NORTE", "pais": "Brasil", "precipitacao": null, "numero_dias_sem_chuva": null, "risco_fogo": null, "bioma": "Caatinga", "id_0": 33, "id_1": 24, "id_2": 2408904, "continente_id": 8, "vegetacao": null, "grade_wrs": "215_065", "frp": 5.3}, "bbox": [-36.67307, -6.65875, -36.67307, -6.65875]}, {"type": "Feature", "id": "focos_48h_br_todosats.fid--145fdae9_19db31250eb_42da", "geometry": {"type": "Point", "coordinates": [-48.22257, -22.04146]}, "geometry_name": "geometria", "properties": {"id_foco_bdq": 1814983170, "foco_id": "5cc183b0-27b0-37fe-ba80-b7520b8f1598", "longitude": -48.22257, "latitude": -22.04146, "data_hora_gmt": "2026-04-21T17:05:00Z", "data_pas": "2026-04-21", "satelite": "NOAA-21", "municipio": "RIBEIRÃO BONITO", "estado": "SÃO PAULO", "pais": "Brasil", "precipitacao": null, "numero_dias_sem_chuva": null, "risco_fogo": null, "bioma": "Cerrado", "id_0": 33, "id_1": 35, "id_2": 3542909, "continente_id": 8, "vegetacao": null, "grade_wrs": "220_075", "frp": 4.7}, "bbox": [-48.22257, -22.04146, -48.22257, -22.04146]}, {"type": "Feature", "id": "focos_48h_br_todosats.fid--145fdae9_19db31250eb_42dd", "geometry": {"type": "Point", "coordinates": [-49.31501, -24.84799]}, "geometry_name": "geometria", "properties": {"id_foco_bdq": 1814983386, "foco_id": "f0633f4c-2657-3915-a4c0-396c01b66024", "longitude": -49.31501, "latitude": -24.84799, "data_hora_gmt": "2026-04-21T17:05:00Z", "data_pas": "2026-04-21", "satelite": "NOAA-21", "municipio": "CERRO AZUL", "estado": "PARANÁ", "pais": "Brasil", "precipitacao": null, "numero_dias_sem_chuva": null, "risco_fogo": null, "bioma": "Mata Atlântica", "id_0": 33, "id_1": 41, "id_2": 4105201, "continente_id": 8, "vegetacao": null, "grade_wrs": "221_077", "frp": 3.5}, "bbox": [-49.31501, -24.84799, -49.31501, -24.84799]}, {"type": "Feature", "id": "focos_48h_br_todosats.fid--145fdae9_19db31250eb_42df", "geometry": {"type": "Point", "coordinates": [-44.34622, -20.60253]}, "geometry_name": "geometria", "properties": {"id_foco_bdq": 1814983304, "foco_id": "d5311a05-19d9-3a0f-a454-ec19d2592f1c", "longitude": -44.34622, "latitude": -20.60253, "data_hora_gmt": "2026-04-21T17:05:00Z", "data_pas": "2026-04-21", "satelite": "NOAA-21", "municipio": "PIRACEMA", "estado": "MINAS GERAIS", "pais": "Brasil", "precipitacao": null, "numero_dias_sem_chuva": null, "risco_fogo": null, "bioma": "Mata Atlântica", "id_0": 33, "id_1": 31, "id_2": 3150604, "continente_id": 8, "vegetacao": null, "grade_wrs": "218_074", "frp": 3.7}, "bbox": [-44.34622, -20.60253, -44.34622, -20.60253]}, {"type": "Feature", "id": "focos_48h_br_todosats.fid--145fdae9_19db31250eb_42e2", "geometry": {"type": "Point", "coordinates": [-48.47749, -24.60346]}, "geometry_name": "geometria", "properties": {"id_foco_bdq": 1814982392, "foco_id": "049defe4-f036-3c7e-a6fe-2c9780b2533d", "longitude": -48.47749, "latitude": -24.60346, "data_hora_gmt": "2026-04-21T17:05:00Z", "data_pas": "2026-04-21", "satelite": "NOAA-21", "municipio": "IPORANGA", "estado": "SÃO PAULO", "pais": "Brasil", "precipitacao": null, "numero_dias_sem_chuva": null, "risco_fogo": null, "bioma": "Mata Atlântica", "id_0": 33, "id_1": 35, "id_2": 3521200, "continente_id": 8, "vegetacao": null, "grade_wrs": "220_077", "frp": 4.8}, "bbox": [-48.47749, -24.60346, -48.47749, -24.60346]}, {"type": "Feature", "id": "focos_48h_br_todosats.fid--145fdae9_19db31250eb_42e6", "geometry": {"type": "Point", "coordinates": [-52.03802, -24.95607]}, "geometry_name": "geometria", "properties": {"id_foco_bdq": 1814984651, "foco_id": "ec110538-ff35-3418-b347-b95c62c3a10c", "longitude": -52.03802, "latitude": -24.95607, "data_hora_gmt": "2026-04-21T17:05:00Z", "data_pas": "2026-04-21", "satelite": "NOAA-21", "municipio": "SANTA MARIA DO OESTE", "estado": "PARANÁ", "pais": "Brasil", "precipitacao": null, "numero_dias_sem_chuva": null, "risco_fogo": null, "bioma": "Mata Atlântica", "id_0": 33, "id_1": 41, "id_2": 4123857, "continente_id": 8, "vegetacao": null, "grade_wrs": "222_077", "frp": 9.2}, "bbox": [-52.03802, -24.95607, -52.03802, -24.95607]}, {"type": "Feature", "id": "focos_48h_br_todosats.fid--145fdae9_19db31250eb_42e8", "geometry": {"type": "Point", "coordinates": [-51.49743, -24.90446]}, "geometry_name": "geometria", "properties": {"id_foco_bdq": 1814984613, "foco_id": "dac6488b-9dc1-360e-b1e4-6cd9eee8b5cf", "longitude": -51.49743, "latitude": -24.90446, "data_hora_gmt": "2026-04-21T17:05:00Z", "data_pas": "2026-04-21", "satelite": "NOAA-21", "municipio": "BOA VENTURA DE SÃO ROQUE", "estado": "PARANÁ", "pais": "Brasil", "precipitacao": null, "numero_dias_sem_chuva": null, "risco_fogo": null, "bioma": "Mata Atlântica", "id_0": 33, "id_1": 41, "id_2": 4103040, "continente_id": 8, "vegetacao": null, "grade_wrs": "222_077", "frp": 3.9}, "bbox": [-51.49743, -24.90446, -51.49743, -24.90446]}, {"type": "Feature", "id": "focos_48h_br_todosats.fid--145fdae9_19db31250eb_42eb", "geometry": {"type": "Point", "coordinates": [-50.03662, -24.47045]}, "geometry_name": "geometria", "properties": {"id_foco_bdq": 1814984573, "foco_id": "85f93310-85bc-33b1-a2c9-6487205af741", "longitude": -50.03662, "latitude": -24.47045, "data_hora_gmt": "2026-04-21T17:05:00Z", "data_pas": "2026-04-21", "satelite": "NOAA-21", "municipio": "PIRAÍ DO SUL", "estado": "PARANÁ", "pais": "Brasil", "precipitacao": null, "numero_dias_sem_chuva": null, "risco_fogo": null, "bioma": "Cerrado", "id_0": 33, "id_1": 41, "id_2": 4119400, "continente_id": 8, "vegetacao": null, "grade_wrs": "221_077", "frp": 53.9}, "bbox": [-50.03662, -24.47045, -50.03662, -24.47045]}, {"type": "Feature", "id": "focos_48h_br_todosats.fid--145fdae9_19db31250eb_42ed", "geometry": {"type": "Point", "coordinates": [-45.0159, -23.13326]}, "geometry_name": "geometria", "properties": {"id_foco_bdq": 1814984520, "foco_id": "20d15213-3dda-3d8c-bf58-feef0d1c703a", "longitude": -45.0159, "latitude": -23.13326, "data_hora_gmt": "2026-04-21T17:05:00Z", "data_pas": "2026-04-21", "satelite": "NOAA-21", "municipio": "CUNHA", "estado": "SÃO PAULO", "pais": "Brasil", "precipitacao": null, "numero_dias_sem_chuva": null, "risco_fogo": null, "bioma": "Mata Atlântica", "id_0": 33, "id_1": 35, "id_2": 3513603, "continente_id": 8, "vegetacao": null, "grade_wrs": "218_076", "frp": 4.2}, "bbox": [-45.0159, -23.13326, -45.0159, -23.13326]}, {"type": "Feature", "id": "focos_48h_br_todosats.fid--145fdae9_19db31250eb_42f0", "geometry": {"type": "Point", "coordinates": [-51.43901, -23.12967]}, "geometry_name": "geometria", "properties": {"id_foco_bdq": 1814984371, "foco_id": "10786e79-4006-3a0e-880c-183c77aabab3", "longitude": -51.43901, "latitude": -23.12967, "data_hora_gmt": "2026-04-21T17:05:00Z", "data_pas": "2026-04-21", "satelite": "NOAA-21", "municipio": "JAGUAPITÃ", "estado": "PARANÁ", "pais": "Brasil", "precipitacao": null, "numero_dias_sem_chuva": null, "risco_fogo": null, "bioma": "Mata Atlântica", "id_0": 33, "id_1": 41, "id_2": 4111902, "continente_id": 8, "vegetacao": null, "grade_wrs": "222_076", "frp": 3.6}, "bbox": [-51.43901, -23.12967, -51.43901, -23.12967]}, {"type": "Feature", "id": "focos_48h_br_todosats.fid--145fdae9_19db31250eb_42f2", "geometry": {"type": "Point", "coordinates": [-48.54689, -21.23904]}, "geometry_name": "geometria", "properties": {"id_foco_bdq": 1814984347, "foco_id": "cf10c2e4-5411-3dd0-8ae8-4463a56fef78", "longitude": -48.54689, "latitude": -21.23904, "data_hora_gmt": "2026-04-21T17:05:00Z", "data_pas": "2026-04-21", "satelite": "NOAA-21", "municipio": "MONTE ALTO", "estado": "SÃO PAULO", "pais": "Brasil", "precipitacao": null, "numero_dias_sem_chuva": null, "risco_fogo": null, "bioma": "Cerrado", "id_0": 33, "id_1": 35, "id_2": 3531308, "continente_id": 8, "vegetacao": null, "grade_wrs": "221_075", "frp": 5.3}, "bbox": [-48.54689, -21.23904, -48.54689, -21.23904]}, {"type": "Feature", "id": "focos_48h_br_todosats.fid--145fdae9_19db31250eb_42f5", "geometry": {"type": "Point", "coordinates": [-47.43719, -22.48733]}, "geometry_name": "geometria", "properties": {"id_foco_bdq": 1814984333, "foco_id": "ea546761-5851-3656-a05f-3cefc2d81199", "longitude": -47.43719, "latitude": -22.48733, "data_hora_gmt": "2026-04-21T17:05:00Z", "data_pas": "2026-04-21", "satelite": "NOAA-21", "municipio": "CORDEIRÓPOLIS", "estado": "SÃO PAULO", "pais": "Brasil", "precipitacao": null, "numero_dias_sem_chuva": null, "risco_fogo": null, "bioma": "Mata Atlântica", "id_0": 33, "id_1": 35, "id_2": 3512407, "continente_id": 8, "vegetacao": null, "grade_wrs": "220_076", "frp": 4.8}, "bbox": [-47.43719, -22.48733, -47.43719, -22.48733]}, {"type": "Feature", "id": "focos_48h_br_todosats.fid--145fdae9_19db31250eb_42f7", "geometry": {"type": "Point", "coordinates": [-49.62679, -24.96029]}, "geometry_name": "geometria", "properties": {"id_foco_bdq": 1814984306, "foco_id": "b8b0ff04-5d9f-369f-8bed-b0f46e150750", "longitude": -49.62679, "latitude": -24.96029, "data_hora_gmt": "2026-04-21T17:05:00Z", "data_pas": "2026-04-21", "satelite": "NOAA-21", "municipio": "CASTRO", "estado": "PARANÁ", "pais": "Brasil", "precipitacao": null, "numero_dias_sem_chuva": null, "risco_fogo": null, "bioma": "Mata Atlântica", "id_0": 33, "id_1": 41, "id_2": 4104907, "continente_id": 8, "vegetacao": null, "grade_wrs": "221_077", "frp": 99}, "bbox": [-49.62679, -24.96029, -49.62679, -24.96029]}, {"type": "Feature", "id": "focos_48h_br_todosats.fid--145fdae9_19db31250eb_42f9", "geometry": {"type": "Point", "coordinates": [-50.08172, -27.91572]}, "geometry_name": "geometria", "properties": {"id_foco_bdq": 1814984266, "foco_id": "dadd681c-b9ca-37cb-beae-154e98312260", "longitude": -50.08172, "latitude": -27.91572, "data_hora_gmt": "2026-04-21T17:05:00Z", "data_pas": "2026-04-21", "satelite": "NOAA-21", "municipio": "PAINEL", "estado": "SANTA CATARINA", "pais": "Brasil", "precipitacao": null, "numero_dias_sem_chuva": null, "risco_fogo": null, "bioma": "Mata Atlântica", "id_0": 33, "id_1": 42, "id_2": 4211892, "continente_id": 8, "vegetacao": null, "grade_wrs": "221_079", "frp": 3.8}, "bbox": [-50.08172, -27.91572, -50.08172, -27.91572]}, {"type": "Feature", "id": "focos_48h_br_todosats.fid--145fdae9_19db31250eb_42fb", "geometry": {"type": "Point", "coordinates": [-46.13549, -23.19863]}, "geometry_name": "geometria", "properties": {"id_foco_bdq": 1814984110, "foco_id": "81743631-1b20-30ff-a6cf-f91581cd912b", "longitude": -46.13549, "latitude": -23.19863, "data_hora_gmt": "2026-04-21T17:05:00Z", "data_pas": "2026-04-21", "satelite": "NOAA-21", "municipio": "IGARATÁ", "estado": "SÃO PAULO", "pais": "Brasil", "precipitacao": null, "numero_dias_sem_chuva": null, "risco_fogo": null, "bioma": "Mata Atlântica", "id_0": 33, "id_1": 35, "id_2": 3520202, "continente_id": 8, "vegetacao": null, "grade_wrs": "219_076", "frp": 5.8}, "bbox": [-46.13549, -23.19863, -46.13549, -23.19863]}, {"type": "Feature", "id": "focos_48h_br_todosats.fid--145fdae9_19db31250eb_42fe", "geometry": {"type": "Point", "coordinates": [-48.42796, -24.11911]}, "geometry_name": "geometria", "properties": {"id_foco_bdq": 1814984076, "foco_id": "d31e1215-867f-38ee-93bd-70ed3d7d7593", "longitude": -48.42796, "latitude": -24.11911, "data_hora_gmt": "2026-04-21T17:05:00Z", "data_pas": "2026-04-21", "satelite": "NOAA-21", "municipio": "CAPÃO BONITO", "estado": "SÃO PAULO", "pais": "Brasil", "precipitacao": null, "numero_dias_sem_chuva": null, "risco_fogo": null, "bioma": "Mata Atlântica", "id_0": 33, "id_1": 35, "id_2": 3510203, "continente_id": 8, "vegetacao": null, "grade_wrs": "220_077", "frp": 3.4}, "bbox": [-48.42796, -24.11911, -48.42796, -24.11911]}, {"type": "Feature", "id": "focos_48h_br_todosats.fid--145fdae9_19db31250eb_4300", "geometry": {"type": "Point", "coordinates": [-46.25465, -23.71985]}, "geometry_name": "geometria", "properties": {"id_foco_bdq": 1814981824, "foco_id": "76610e2e-14ab-3d6a-abf9-f8ab03b3c351", "longitude": -46.25465, "latitude": -23.71985, "data_hora_gmt": "2026-04-21T17:05:00Z", "data_pas": "2026-04-21", "satelite": "NOAA-21", "municipio": "MOGI DAS CRUZES", "estado": "SÃO PAULO", "pais": "Brasil", "precipitacao": null, "numero_dias_sem_chuva": null, "risco_fogo": null, "bioma": "Mata Atlântica", "id_0": 33, "id_1": 35, "id_2": 3530607, "continente_id": 8, "vegetacao": null, "grade_wrs": "219_076", "frp": 1.8}, "bbox": [-46.25465, -23.71985, -46.25465, -23.71985]}, {"type": "Feature", "id": "focos_48h_br_todosats.fid--145fdae9_19db31250eb_4303", "geometry": {"type": "Point", "coordinates": [-48.82079, -24.19649]}, "geometry_name": "geometria", "properties": {"id_foco_bdq": 1814984033, "foco_id": "e0481460-21f0-3a66-9fc9-d93b6e60bbb2", "longitude": -48.82079, "latitude": -24.19649, "data_hora_gmt": "2026-04-21T17:05:00Z", "data_pas": "2026-04-21", "satelite": "NOAA-21", "municipio": "RIBEIRÃO BRANCO", "estado": "SÃO PAULO", "pais": "Brasil", "precipitacao": null, "numero_dias_sem_chuva": null, "risco_fogo": null, "bioma": "Mata Atlântica", "id_0": 33, "id_1": 35, "id_2": 3543006, "continente_id": 8, "vegetacao": null, "grade_wrs": "220_077", "frp": 3.4}, "bbox": [-48.82079, -24.19649, -48.82079, -24.19649]}, {"type": "Feature", "id": "focos_48h_br_todosats.fid--145fdae9_19db31250eb_4305", "geometry": {"type": "Point", "coordinates": [-51.42213, -23.5484]}, "geometry_name": "geometria", "properties": {"id_foco_bdq": 1814985076, "foco_id": "bc55cdc8-2290-3a71-a18f-7b1021ff38d1", "longitude": -51.42213, "latitude": -23.5484, "data_hora_gmt": "2026-04-21T17:05:00Z", "data_pas": "2026-04-21", "satelite": "NOAA-21", "municipio": "APUCARANA", "estado": "PARANÁ", "pais": "Brasil", "precipitacao": null, "numero_dias_sem_chuva": null, "risco_fogo": null, "bioma": "Mata Atlântica", "id_0": 33, "id_1": 41, "id_2": 4101408, "continente_id": 8, "vegetacao": null, "grade_wrs": "222_076", "frp": 2.8}, "bbox": [-51.42213, -23.5484, -51.42213, -23.5484]}, {"type": "Feature", "id": "focos_48h_br_todosats.fid--145fdae9_19db31250eb_4308", "geometry": {"type": "Point", "coordinates": [-51.92118, -23.1203]}, "geometry_name": "geometria", "properties": {"id_foco_bdq": 1814984000, "foco_id": "5446d6a9-6fe6-3e3a-a819-06139747b61a", "longitude": -51.92118, "latitude": -23.1203, "data_hora_gmt": "2026-04-21T17:05:00Z", "data_pas": "2026-04-21", "satelite": "NOAA-21", "municipio": "FLÓRIDA", "estado": "PARANÁ", "pais": "Brasil", "precipitacao": null, "numero_dias_sem_chuva": null, "risco_fogo": null, "bioma": "Mata Atlântica", "id_0": 33, "id_1": 41, "id_2": 4108106, "continente_id": 8, "vegetacao": null, "grade_wrs": "222_076", "frp": 13.5}, "bbox": [-51.92118, -23.1203, -51.92118, -23.1203]}, {"type": "Feature", "id": "focos_48h_br_todosats.fid--145fdae9_19db31250eb_430a", "geometry": {"type": "Point", "coordinates": [-45.51216, -23.42572]}, "geometry_name": "geometria", "properties": {"id_foco_bdq": 1814982819, "foco_id": "651bbf50-8ed6-331e-ace7-b219c24479d5", "longitude": -45.51216, "latitude": -23.42572, "data_hora_gmt": "2026-04-21T17:05:00Z", "data_pas": "2026-04-21", "satelite": "NOAA-21", "municipio": "NATIVIDADE DA SERRA", "estado": "SÃO PAULO", "pais": "Brasil", "precipitacao": null, "numero_dias_sem_chuva": null, "risco_fogo": null, "bioma": "Mata Atlântica", "id_0": 33, "id_1": 35, "id_2": 3532306, "continente_id": 8, "vegetacao": null, "grade_wrs": "218_076", "frp": 2.5}, "bbox": [-45.51216, -23.42572, -45.51216, -23.42572]}, {"type": "Feature", "id": "focos_48h_br_todosats.fid--145fdae9_19db31250eb_430c", "geometry": {"type": "Point", "coordinates": [-47.7743, -23.74763]}, "geometry_name": "geometria", "properties": {"id_foco_bdq": 1814983898, "foco_id": "e7989279-4b7d-3509-961e-14375b704e0c", "longitude": -47.7743, "latitude": -23.74763, "data_hora_gmt": "2026-04-21T17:05:00Z", "data_pas": "2026-04-21", "satelite": "NOAA-21", "municipio": "PILAR DO SUL", "estado": "SÃO PAULO", "pais": "Brasil", "precipitacao": null, "numero_dias_sem_chuva": null, "risco_fogo": null, "bioma": "Mata Atlântica", "id_0": 33, "id_1": 35, "id_2": 3537909, "continente_id": 8, "vegetacao": null, "grade_wrs": "220_076", "frp": 5.5}, "bbox": [-47.7743, -23.74763, -47.7743, -23.74763]}, {"type": "Feature", "id": "focos_48h_br_todosats.fid--145fdae9_19db31250eb_430e", "geometry": {"type": "Point", "coordinates": [-47.37228, -22.78054]}, "geometry_name": "geometria", "properties": {"id_foco_bdq": 1814983858, "foco_id": "a62ef068-9781-3aa7-a9e6-d79c62947100", "longitude": -47.37228, "latitude": -22.78054, "data_hora_gmt": "2026-04-21T17:05:00Z", "data_pas": "2026-04-21", "satelite": "NOAA-21", "municipio": "SANTA BÁRBARA D'OESTE", "estado": "SÃO PAULO", "pais": "Brasil", "precipitacao": null, "numero_dias_sem_chuva": null, "risco_fogo": null, "bioma": "Mata Atlântica", "id_0": 33, "id_1": 35, "id_2": 3545803, "continente_id": 8, "vegetacao": null, "grade_wrs": "220_076", "frp": 5}, "bbox": [-47.37228, -22.78054, -47.37228, -22.78054]}, {"type": "Feature", "id": "focos_48h_br_todosats.fid--145fdae9_19db31250eb_4311", "geometry": {"type": "Point", "coordinates": [-51.31485, -23.61032]}, "geometry_name": "geometria", "properties": {"id_foco_bdq": 1814983716, "foco_id": "d8ec7531-d7bb-3d42-bed1-f57f65fa335d", "longitude": -51.31485, "latitude": -23.61032, "data_hora_gmt": "2026-04-21T17:05:00Z", "data_pas": "2026-04-21", "satelite": "NOAA-21", "municipio": "APUCARANA", "estado": "PARANÁ", "pais": "Brasil", "precipitacao": null, "numero_dias_sem_chuva": null, "risco_fogo": null, "bioma": "Mata Atlântica", "id_0": 33, "id_1": 41, "id_2": 4101408, "continente_id": 8, "vegetacao": null, "grade_wrs": "222_076", "frp": 11.6}, "bbox": [-51.31485, -23.61032, -51.31485, -23.61032]}, {"type": "Feature", "id": "focos_48h_br_todosats.fid--145fdae9_19db31250eb_4312", "geometry": {"type": "Point", "coordinates": [-50.08347, -23.88541]}, "geometry_name": "geometria", "properties": {"id_foco_bdq": 1814982161, "foco_id": "80443295-8bd2-3865-ae14-488298d50328", "longitude": -50.08347, "latitude": -23.88541, "data_hora_gmt": "2026-04-21T17:05:00Z", "data_pas": "2026-04-21", "satelite": "NOAA-21", "municipio": "PINHALÃO", "estado": "PARANÁ", "pais": "Brasil", "precipitacao": null, "numero_dias_sem_chuva": null, "risco_fogo": null, "bioma": "Mata Atlântica", "id_0": 33, "id_1": 41, "id_2": 4119202, "continente_id": 8, "vegetacao": null, "grade_wrs": "221_077", "frp": 3.7}, "bbox": [-50.08347, -23.88541, -50.08347, -23.88541]}, {"type": "Feature", "id": "focos_48h_br_todosats.fid--145fdae9_19db31250eb_4314", "geometry": {"type": "Point", "coordinates": [-51.92176, -23.11698]}, "geometry_name": "geometria", "properties": {"id_foco_bdq": 1814982059, "foco_id": "d76eaf0e-ff13-3933-8bfd-3328c9ee6fb1", "longitude": -51.92176, "latitude": -23.11698, "data_hora_gmt": "2026-04-21T17:05:00Z", "data_pas": "2026-04-21", "satelite": "NOAA-21", "municipio": "FLÓRIDA", "estado": "PARANÁ", "pais": "Brasil", "precipitacao": null, "numero_dias_sem_chuva": null, "risco_fogo": null, "bioma": "Mata Atlântica", "id_0": 33, "id_1": 41, "id_2": 4108106, "continente_id": 8, "vegetacao": null, "grade_wrs": "222_076", "frp": 13.5}, "bbox": [-51.92176, -23.11698, -51.92176, -23.11698]}, {"type": "Feature", "id": "focos_48h_br_todosats.fid--145fdae9_19db31250eb_4316", "geometry": {"type": "Point", "coordinates": [-51.14662, -25.09659]}, "geometry_name": "geometria", "properties": {"id_foco_bdq": 1814982012, "foco_id": "c739e6b2-aa02-3cec-855d-add42fbf95fe", "longitude": -51.14662, "latitude": -25.09659, "data_hora_gmt": "2026-04-21T17:05:00Z", "data_pas": "2026-04-21", "satelite": "NOAA-21", "municipio": "PRUDENTÓPOLIS", "estado": "PARANÁ", "pais": "Brasil", "precipitacao": null, "numero_dias_sem_chuva": null, "risco_fogo": null, "bioma": "Mata Atlântica", "id_0": 33, "id_1": 41, "id_2": 4120606, "continente_id": 8, "vegetacao": null, "grade_wrs": "222_077", "frp": 45.6}, "bbox": [-51.14662, -25.09659, -51.14662, -25.09659]}, {"type": "Feature", "id": "focos_48h_br_todosats.fid--145fdae9_19db31250eb_4318", "geometry": {"type": "Point", "coordinates": [-49.30041, -23.90627]}, "geometry_name": "geometria", "properties": {"id_foco_bdq": 1814982858, "foco_id": "e5cba11e-ca93-3f51-a668-52f81142a49e", "longitude": -49.30041, "latitude": -23.90627, "data_hora_gmt": "2026-04-21T17:05:00Z", "data_pas": "2026-04-21", "satelite": "NOAA-21", "municipio": "ITARARÉ", "estado": "SÃO PAULO", "pais": "Brasil", "precipitacao": null, "numero_dias_sem_chuva": null, "risco_fogo": null, "bioma": "Cerrado", "id_0": 33, "id_1": 35, "id_2": 3523206, "continente_id": 8, "vegetacao": null, "grade_wrs": "221_077", "frp": 4.6}, "bbox": [-49.30041, -23.90627, -49.30041, -23.90627]}, {"type": "Feature", "id": "focos_48h_br_todosats.fid--145fdae9_19db31250eb_431a", "geometry": {"type": "Point", "coordinates": [-49.27409, -24.91228]}, "geometry_name": "geometria", "properties": {"id_foco_bdq": 1814982179, "foco_id": "d499b09d-cbe6-3460-aa4f-57aea5d1fcfb", "longitude": -49.27409, "latitude": -24.91228, "data_hora_gmt": "2026-04-21T17:05:00Z", "data_pas": "2026-04-21", "satelite": "NOAA-21", "municipio": "CERRO AZUL", "estado": "PARANÁ", "pais": "Brasil", "precipitacao": null, "numero_dias_sem_chuva": null, "risco_fogo": null, "bioma": "Mata Atlântica", "id_0": 33, "id_1": 41, "id_2": 4105201, "continente_id": 8, "vegetacao": null, "grade_wrs": "220_077", "frp": 3.5}, "bbox": [-49.27409, -24.91228, -49.27409, -24.91228]}, {"type": "Feature", "id": "focos_48h_br_todosats.fid--145fdae9_19db31250eb_431f", "geometry": {"type": "Point", "coordinates": [-49.31567, -24.84464]}, "geometry_name": "geometria", "properties": {"id_foco_bdq": 1814982805, "foco_id": "0a380ab7-33ff-3def-9c55-0455c6b7fa52", "longitude": -49.31567, "latitude": -24.84464, "data_hora_gmt": "2026-04-21T17:05:00Z", "data_pas": "2026-04-21", "satelite": "NOAA-21", "municipio": "CERRO AZUL", "estado": "PARANÁ", "pais": "Brasil", "precipitacao": null, "numero_dias_sem_chuva": null, "risco_fogo": null, "bioma": "Mata Atlântica", "id_0": 33, "id_1": 41, "id_2": 4105201, "continente_id": 8, "vegetacao": null, "grade_wrs": "221_077", "frp": 3}, "bbox": [-49.31567, -24.84464, -49.31567, -24.84464]}, {"type": "Feature", "id": "focos_48h_br_todosats.fid--145fdae9_19db31250eb_4321", "geometry": {"type": "Point", "coordinates": [-52.02577, -24.81486]}, "geometry_name": "geometria", "properties": {"id_foco_bdq": 1814982072, "foco_id": "dbedb1a0-ff4b-35e8-b8ed-f7ee43b9550a", "longitude": -52.02577, "latitude": -24.81486, "data_hora_gmt": "2026-04-21T17:05:00Z", "data_pas": "2026-04-21", "satelite": "NOAA-21", "municipio": "SANTA MARIA DO OESTE", "estado": "PARANÁ", "pais": "Brasil", "precipitacao": null, "numero_dias_sem_chuva": null, "risco_fogo": null, "bioma": "Mata Atlântica", "id_0": 33, "id_1": 41, "id_2": 4123857, "continente_id": 8, "vegetacao": null, "grade_wrs": "222_077", "frp": 6}, "bbox": [-52.02577, -24.81486, -52.02577, -24.81486]}, {"type": "Feature", "id": "focos_48h_br_todosats.fid--145fdae9_19db31250eb_4323", "geometry": {"type": "Point", "coordinates": [-47.18469, -23.64024]}, "geometry_name": "geometria", "properties": {"id_foco_bdq": 1814982893, "foco_id": "1fce94b9-5504-3cda-8594-bf6480e028d0", "longitude": -47.18469, "latitude": -23.64024, "data_hora_gmt": "2026-04-21T17:05:00Z", "data_pas": "2026-04-21", "satelite": "NOAA-21", "municipio": "IBIÚNA", "estado": "SÃO PAULO", "pais": "Brasil", "precipitacao": null, "numero_dias_sem_chuva": null, "risco_fogo": null, "bioma": "Mata Atlântica", "id_0": 33, "id_1": 35, "id_2": 3519709, "continente_id": 8, "vegetacao": null, "grade_wrs": "219_076", "frp": 9.3}, "bbox": [-47.18469, -23.64024, -47.18469, -23.64024]}, {"type": "Feature", "id": "focos_48h_br_todosats.fid--145fdae9_19db31250eb_4325", "geometry": {"type": "Point", "coordinates": [-40.06042, -19.59389]}, "geometry_name": "geometria", "properties": {"id_foco_bdq": 1814982079, "foco_id": "e2a901b9-6aa8-3494-bff9-0af412f17ee8", "longitude": -40.06042, "latitude": -19.59389, "data_hora_gmt": "2026-04-21T17:05:00Z", "data_pas": "2026-04-21", "satelite": "NOAA-21", "municipio": "ARACRUZ", "estado": "ESPÍRITO SANTO", "pais": "Brasil", "precipitacao": null, "numero_dias_sem_chuva": null, "risco_fogo": null, "bioma": "Mata Atlântica", "id_0": 33, "id_1": 32, "id_2": 3200607, "continente_id": 8, "vegetacao": null, "grade_wrs": "215_074", "frp": 4.9}, "bbox": [-40.06042, -19.59389, -40.06042, -19.59389]}, {"type": "Feature", "id": "focos_48h_br_todosats.fid--145fdae9_19db31250eb_4327", "geometry": {"type": "Point", "coordinates": [-45.50473, -22.95278]}, "geometry_name": "geometria", "properties": {"id_foco_bdq": 1814983713, "foco_id": "ececc9c8-be84-32fb-9e24-551f3a0a262a", "longitude": -45.50473, "latitude": -22.95278, "data_hora_gmt": "2026-04-21T17:05:00Z", "data_pas": "2026-04-21", "satelite": "NOAA-21", "municipio": "PINDAMONHANGABA", "estado": "SÃO PAULO", "pais": "Brasil", "precipitacao": null, "numero_dias_sem_chuva": null, "risco_fogo": null, "bioma": "Mata Atlântica", "id_0": 33, "id_1": 35, "id_2": 3538006, "continente_id": 8, "vegetacao": null, "grade_wrs": "218_076", "frp": 3.8}, "bbox": [-45.50473, -22.95278, -45.50473, -22.95278]}, {"type": "Feature", "id": "focos_48h_br_todosats.fid--145fdae9_19db31250eb_4329", "geometry": {"type": "Point", "coordinates": [-50.04107, -24.46773]}, "geometry_name": "geometria", "properties": {"id_foco_bdq": 1814981873, "foco_id": "8e912a15-0b78-3d98-bcb7-8f1a967ad82a", "longitude": -50.04107, "latitude": -24.46773, "data_hora_gmt": "2026-04-21T17:05:00Z", "data_pas": "2026-04-21", "satelite": "NOAA-21", "municipio": "PIRAÍ DO SUL", "estado": "PARANÁ", "pais": "Brasil", "precipitacao": null, "numero_dias_sem_chuva": null, "risco_fogo": null, "bioma": "Cerrado", "id_0": 33, "id_1": 41, "id_2": 4119400, "continente_id": 8, "vegetacao": null, "grade_wrs": "221_077", "frp": 142.1}, "bbox": [-50.04107, -24.46773, -50.04107, -24.46773]}, {"type": "Feature", "id": "focos_48h_br_todosats.fid--145fdae9_19db31250eb_432c", "geometry": {"type": "Point", "coordinates": [-50.87445, -24.0666]}, "geometry_name": "geometria", "properties": {"id_foco_bdq": 1814983376, "foco_id": "22c91b50-4dfe-3247-ac7f-13f0cae40e21", "longitude": -50.87445, "latitude": -24.0666, "data_hora_gmt": "2026-04-21T17:05:00Z", "data_pas": "2026-04-21", "satelite": "NOAA-21", "municipio": "ORTIGUEIRA", "estado": "PARANÁ", "pais": "Brasil", "precipitacao": null, "numero_dias_sem_chuva": null, "risco_fogo": null, "bioma": "Mata Atlântica", "id_0": 33, "id_1": 41, "id_2": 4117305, "continente_id": 8, "vegetacao": null, "grade_wrs": "222_077", "frp": 3.2}, "bbox": [-50.87445, -24.0666, -50.87445, -24.0666]}, {"type": "Feature", "id": "focos_48h_br_todosats.fid--145fdae9_19db31250eb_432e", "geometry": {"type": "Point", "coordinates": [-51.1863, -25.13651]}, "geometry_name": "geometria", "properties": {"id_foco_bdq": 1814983004, "foco_id": "9053a4b4-477d-3b9d-b73b-f9a5839bcf8f", "longitude": -51.1863, "latitude": -25.13651, "data_hora_gmt": "2026-04-21T17:05:00Z", "data_pas": "2026-04-21", "satelite": "NOAA-21", "municipio": "PRUDENTÓPOLIS", "estado": "PARANÁ", "pais": "Brasil", "precipitacao": null, "numero_dias_sem_chuva": null, "risco_fogo": null, "bioma": "Mata Atlântica", "id_0": 33, "id_1": 41, "id_2": 4120606, "continente_id": 8, "vegetacao": null, "grade_wrs": "222_077", "frp": 3.4}, "bbox": [-51.1863, -25.13651, -51.1863, -25.13651]}, {"type": "Feature", "id": "focos_48h_br_todosats.fid--145fdae9_19db31250eb_4330", "geometry": {"type": "Point", "coordinates": [-50.21584, -23.71937]}, "geometry_name": "geometria", "properties": {"id_foco_bdq": 1814984696, "foco_id": "fa699bcd-3503-3596-a023-321af010e467", "longitude": -50.21584, "latitude": -23.71937, "data_hora_gmt": "2026-04-21T17:05:00Z", "data_pas": "2026-04-21", "satelite": "NOAA-21", "municipio": "IBAITI", "estado": "PARANÁ", "pais": "Brasil", "precipitacao": null, "numero_dias_sem_chuva": null, "risco_fogo": null, "bioma": "Mata Atlântica", "id_0": 33, "id_1": 41, "id_2": 4109708, "continente_id": 8, "vegetacao": null, "grade_wrs": "221_076", "frp": 5.5}, "bbox": [-50.21584, -23.71937, -50.21584, -23.71937]}, {"type": "Feature", "id": "focos_48h_br_todosats.fid--145fdae9_19db31250eb_4332", "geometry": {"type": "Point", "coordinates": [-51.99032, -24.76641]}, "geometry_name": "geometria", "properties": {"id_foco_bdq": 1814983523, "foco_id": "76e1d65b-8103-3fa0-ac29-0b9c612b2605", "longitude": -51.99032, "latitude": -24.76641, "data_hora_gmt": "2026-04-21T17:05:00Z", "data_pas": "2026-04-21", "satelite": "NOAA-21", "municipio": "PITANGA", "estado": "PARANÁ", "pais": "Brasil", "precipitacao": null, "numero_dias_sem_chuva": null, "risco_fogo": null, "bioma": "Mata Atlântica", "id_0": 33, "id_1": 41, "id_2": 4119608, "continente_id": 8, "vegetacao": null, "grade_wrs": "222_077", "frp": 2.9}, "bbox": [-51.99032, -24.76641, -51.99032, -24.76641]}, {"type": "Feature", "id": "focos_48h_br_todosats.fid--145fdae9_19db31250eb_4334", "geometry": {"type": "Point", "coordinates": [-52.03412, -24.95551]}, "geometry_name": "geometria", "properties": {"id_foco_bdq": 1814981951, "foco_id": "708892d8-075e-3c63-917f-3235a55720e4", "longitude": -52.03412, "latitude": -24.95551, "data_hora_gmt": "2026-04-21T17:05:00Z", "data_pas": "2026-04-21", "satelite": "NOAA-21", "municipio": "SANTA MARIA DO OESTE", "estado": "PARANÁ", "pais": "Brasil", "precipitacao": null, "numero_dias_sem_chuva": null, "risco_fogo": null, "bioma": "Mata Atlântica", "id_0": 33, "id_1": 41, "id_2": 4123857, "continente_id": 8, "vegetacao": null, "grade_wrs": "222_077", "frp": 9.2}, "bbox": [-52.03412, -24.95551, -52.03412, -24.95551]}, {"type": "Feature", "id": "focos_48h_br_todosats.fid--145fdae9_19db31250eb_4336", "geometry": {"type": "Point", "coordinates": [-49.6307, -24.96092]}, "geometry_name": "geometria", "properties": {"id_foco_bdq": 1814983055, "foco_id": "194ef33c-ede5-307d-a025-fabbbabe08d6", "longitude": -49.6307, "latitude": -24.96092, "data_hora_gmt": "2026-04-21T17:05:00Z", "data_pas": "2026-04-21", "satelite": "NOAA-21", "municipio": "CASTRO", "estado": "PARANÁ", "pais": "Brasil", "precipitacao": null, "numero_dias_sem_chuva": null, "risco_fogo": null, "bioma": "Mata Atlântica", "id_0": 33, "id_1": 41, "id_2": 4104907, "continente_id": 8, "vegetacao": null, "grade_wrs": "221_077", "frp": 130.6}, "bbox": [-49.6307, -24.96092, -49.6307, -24.96092]}, {"type": "Feature", "id": "focos_48h_br_todosats.fid--145fdae9_19db31250eb_433e", "geometry": {"type": "Point", "coordinates": [-52.0252, -24.8182]}, "geometry_name": "geometria", "properties": {"id_foco_bdq": 1814981882, "foco_id": "74d9a6ad-c02e-37b2-bfe9-35a51a2b124f", "longitude": -52.0252, "latitude": -24.8182, "data_hora_gmt": "2026-04-21T17:05:00Z", "data_pas": "2026-04-21", "satelite": "NOAA-21", "municipio": "SANTA MARIA DO OESTE", "estado": "PARANÁ", "pais": "Brasil", "precipitacao": null, "numero_dias_sem_chuva": null, "risco_fogo": null, "bioma": "Mata Atlântica", "id_0": 33, "id_1": 41, "id_2": 4123857, "continente_id": 8, "vegetacao": null, "grade_wrs": "222_077", "frp": 6}, "bbox": [-52.0252, -24.8182, -52.0252, -24.8182]}, {"type": "Feature", "id": "focos_48h_br_todosats.fid--145fdae9_19db31250eb_433f", "geometry": {"type": "Point", "coordinates": [-50.08109, -27.91902]}, "geometry_name": "geometria", "properties": {"id_foco_bdq": 1814984757, "foco_id": "bd7f99a7-67ad-382f-bb68-ff68a7a16816", "longitude": -50.08109, "latitude": -27.91902, "data_hora_gmt": "2026-04-21T17:05:00Z", "data_pas": "2026-04-21", "satelite": "NOAA-21", "municipio": "PAINEL", "estado": "SANTA CATARINA", "pais": "Brasil", "precipitacao": null, "numero_dias_sem_chuva": null, "risco_fogo": null, "bioma": "Mata Atlântica", "id_0": 33, "id_1": 42, "id_2": 4211892, "continente_id": 8, "vegetacao": null, "grade_wrs": "221_079", "frp": 3.8}, "bbox": [-50.08109, -27.91902, -50.08109, -27.91902]}, {"type": "Feature", "id": "focos_48h_br_todosats.fid--145fdae9_19db31250eb_4342", "geometry": {"type": "Point", "coordinates": [-52.03475, -24.80929]}, "geometry_name": "geometria", "properties": {"id_foco_bdq": 1814982340, "foco_id": "3c32982c-7c07-3649-8071-f23e84452770", "longitude": -52.03475, "latitude": -24.80929, "data_hora_gmt": "2026-04-21T17:05:00Z", "data_pas": "2026-04-21", "satelite": "NOAA-21", "municipio": "SANTA MARIA DO OESTE", "estado": "PARANÁ", "pais": "Brasil", "precipitacao": null, "numero_dias_sem_chuva": null, "risco_fogo": null, "bioma": "Mata Atlântica", "id_0": 33, "id_1": 41, "id_2": 4123857, "continente_id": 8, "vegetacao": null, "grade_wrs": "222_077", "frp": 2.9}, "bbox": [-52.03475, -24.80929, -52.03475, -24.80929]}, {"type": "Feature", "id": "focos_48h_br_todosats.fid--145fdae9_19db31250eb_4344", "geometry": {"type": "Point", "coordinates": [-49.99958, -21.76027]}, "geometry_name": "geometria", "properties": {"id_foco_bdq": 1814983397, "foco_id": "8660ebda-623c-35d0-b858-d12b3e55467e", "longitude": -49.99958, "latitude": -21.76027, "data_hora_gmt": "2026-04-21T17:05:00Z", "data_pas": "2026-04-21", "satelite": "NOAA-21", "municipio": "GETULINA", "estado": "SÃO PAULO", "pais": "Brasil", "precipitacao": null, "numero_dias_sem_chuva": null, "risco_fogo": null, "bioma": "Mata Atlântica", "id_0": 33, "id_1": 35, "id_2": 3517000, "continente_id": 8, "vegetacao": null, "grade_wrs": "221_075", "frp": 9.8}, "bbox": [-49.99958, -21.76027, -49.99958, -21.76027]}, {"type": "Feature", "id": "focos_48h_br_todosats.fid--145fdae9_19db31250eb_4346", "geometry": {"type": "Point", "coordinates": [-42.35918, -22.7641]}, "geometry_name": "geometria", "properties": {"id_foco_bdq": 1814984939, "foco_id": "ffc45218-df8d-3f79-8e82-d872a20c07bd", "longitude": -42.35918, "latitude": -22.7641, "data_hora_gmt": "2026-04-21T17:05:00Z", "data_pas": "2026-04-21", "satelite": "NOAA-21", "municipio": "ARARUAMA", "estado": "RIO DE JANEIRO", "pais": "Brasil", "precipitacao": null, "numero_dias_sem_chuva": null, "risco_fogo": null, "bioma": "Mata Atlântica", "id_0": 33, "id_1": 33, "id_2": 3300209, "continente_id": 8, "vegetacao": null, "grade_wrs": "216_076", "frp": 6}, "bbox": [-42.35918, -22.7641, -42.35918, -22.7641]}, {"type": "Feature", "id": "focos_48h_br_todosats.fid--145fdae9_19db31250eb_4349", "geometry": {"type": "Point", "coordinates": [-43.93531, -22.09352]}, "geometry_name": "geometria", "properties": {"id_foco_bdq": 1814983394, "foco_id": "cda91067-a729-3515-94b1-de71d5e8855c", "longitude": -43.93531, "latitude": -22.09352, "data_hora_gmt": "2026-04-21T17:05:00Z", "data_pas": "2026-04-21", "satelite": "NOAA-21", "municipio": "RIO PRETO", "estado": "MINAS GERAIS", "pais": "Brasil", "precipitacao": null, "numero_dias_sem_chuva": null, "risco_fogo": null, "bioma": "Mata Atlântica", "id_0": 33, "id_1": 31, "id_2": 3155900, "continente_id": 8, "vegetacao": null, "grade_wrs": "217_075", "frp": 10.2}, "bbox": [-43.93531, -22.09352, -43.93531, -22.09352]}, {"type": "Feature", "id": "focos_48h_br_todosats.fid--145fdae9_19db31250eb_434b", "geometry": {"type": "Point", "coordinates": [-49.96839, -26.74925]}, "geometry_name": "geometria", "properties": {"id_foco_bdq": 1814982444, "foco_id": "a4bbfed4-183e-3bc3-8ce7-8b653991ca65", "longitude": -49.96839, "latitude": -26.74925, "data_hora_gmt": "2026-04-21T17:07:00Z", "data_pas": "2026-04-21", "satelite": "NOAA-21", "municipio": "SANTA TEREZINHA", "estado": "SANTA CATARINA", "pais": "Brasil", "precipitacao": null, "numero_dias_sem_chuva": null, "risco_fogo": null, "bioma": "Mata Atlântica", "id_0": 33, "id_1": 42, "id_2": 4215679, "continente_id": 8, "vegetacao": null, "grade_wrs": "221_078", "frp": 4.4}, "bbox": [-49.96839, -26.74925, -49.96839, -26.74925]}, {"type": "Feature", "id": "focos_48h_br_todosats.fid--145fdae9_19db31250eb_434e", "geometry": {"type": "Point", "coordinates": [-41.98226, -18.99576]}, "geometry_name": "geometria", "properties": {"id_foco_bdq": 1814981845, "foco_id": "76aaa850-d2d4-3642-b3b2-d03432026b28", "longitude": -41.98226, "latitude": -18.99576, "data_hora_gmt": "2026-04-21T17:07:00Z", "data_pas": "2026-04-21", "satelite": "NOAA-21", "municipio": "ALPERCATA", "estado": "MINAS GERAIS", "pais": "Brasil", "precipitacao": null, "numero_dias_sem_chuva": null, "risco_fogo": null, "bioma": "Mata Atlântica", "id_0": 33, "id_1": 31, "id_2": 3101805, "continente_id": 8, "vegetacao": null, "grade_wrs": "217_073", "frp": 11.4}, "bbox": [-41.98226, -18.99576, -41.98226, -18.99576]}, {"type": "Feature", "id": "focos_48h_br_todosats.fid--145fdae9_19db31250eb_434f", "geometry": {"type": "Point", "coordinates": [-45.33508, -13.95165]}, "geometry_name": "geometria", "properties": {"id_foco_bdq": 1814981860, "foco_id": "e2054755-8cfd-364d-b896-4931012c3f99", "longitude": -45.33508, "latitude": -13.95165, "data_hora_gmt": "2026-04-21T17:07:00Z", "data_pas": "2026-04-21", "satelite": "NOAA-21", "municipio": "JABORANDI", "estado": "BAHIA", "pais": "Brasil", "precipitacao": null, "numero_dias_sem_chuva": null, "risco_fogo": null, "bioma": "Cerrado", "id_0": 33, "id_1": 29, "id_2": 2917359, "continente_id": 8, "vegetacao": null, "grade_wrs": "220_070", "frp": 5.2}, "bbox": [-45.33508, -13.95165, -45.33508, -13.95165]}, {"type": "Feature", "id": "focos_48h_br_todosats.fid--145fdae9_19db31250eb_4351", "geometry": {"type": "Point", "coordinates": [-45.33649, -13.3907]}, "geometry_name": "geometria", "properties": {"id_foco_bdq": 1814981870, "foco_id": "2d41cd3a-b066-36bc-98ef-440578d76123", "longitude": -45.33649, "latitude": -13.3907, "data_hora_gmt": "2026-04-21T17:07:00Z", "data_pas": "2026-04-21", "satelite": "NOAA-21", "municipio": "CORRENTINA", "estado": "BAHIA", "pais": "Brasil", "precipitacao": null, "numero_dias_sem_chuva": null, "risco_fogo": null, "bioma": "Cerrado", "id_0": 33, "id_1": 29, "id_2": 2909307, "continente_id": 8, "vegetacao": null, "grade_wrs": "220_069", "frp": 69}, "bbox": [-45.33649, -13.3907, -45.33649, -13.3907]}, {"type": "Feature", "id": "focos_48h_br_todosats.fid--145fdae9_19db31250eb_4353", "geometry": {"type": "Point", "coordinates": [-56.1269, -15.40279]}, "geometry_name": "geometria", "properties": {"id_foco_bdq": 1814981903, "foco_id": "a85e05db-3760-32a6-9050-45a6d1f05a2d", "longitude": -56.1269, "latitude": -15.40279, "data_hora_gmt": "2026-04-21T17:07:00Z", "data_pas": "2026-04-21", "satelite": "NOAA-21", "municipio": "CUIABÁ", "estado": "MATO GROSSO", "pais": "Brasil", "precipitacao": null, "numero_dias_sem_chuva": null, "risco_fogo": null, "bioma": "Cerrado", "id_0": 33, "id_1": 51, "id_2": 5103403, "continente_id": 8, "vegetacao": null, "grade_wrs": "226_071", "frp": 4.6}, "bbox": [-56.1269, -15.40279, -56.1269, -15.40279]}, {"type": "Feature", "id": "focos_48h_br_todosats.fid--145fdae9_19db31250eb_4355", "geometry": {"type": "Point", "coordinates": [-50.07248, -25.17677]}, "geometry_name": "geometria", "properties": {"id_foco_bdq": 1814981921, "foco_id": "bc6b40b6-bbfa-3ab1-8f44-ea6fdf532144", "longitude": -50.07248, "latitude": -25.17677, "data_hora_gmt": "2026-04-21T17:07:00Z", "data_pas": "2026-04-21", "satelite": "NOAA-21", "municipio": "PONTA GROSSA", "estado": "PARANÁ", "pais": "Brasil", "precipitacao": null, "numero_dias_sem_chuva": null, "risco_fogo": null, "bioma": "Mata Atlântica", "id_0": 33, "id_1": 41, "id_2": 4119905, "continente_id": 8, "vegetacao": null, "grade_wrs": "221_077", "frp": 8.1}, "bbox": [-50.07248, -25.17677, -50.07248, -25.17677]}, {"type": "Feature", "id": "focos_48h_br_todosats.fid--145fdae9_19db31250eb_435d", "geometry": {"type": "Point", "coordinates": [-51.06514, -27.05007]}, "geometry_name": "geometria", "properties": {"id_foco_bdq": 1814981956, "foco_id": "a5e201a3-f684-3312-b184-d37776b414aa", "longitude": -51.06514, "latitude": -27.05007, "data_hora_gmt": "2026-04-21T17:07:00Z", "data_pas": "2026-04-21", "satelite": "NOAA-21", "municipio": "VIDEIRA", "estado": "SANTA CATARINA", "pais": "Brasil", "precipitacao": null, "numero_dias_sem_chuva": null, "risco_fogo": null, "bioma": "Mata Atlântica", "id_0": 33, "id_1": 42, "id_2": 4219309, "continente_id": 8, "vegetacao": null, "grade_wrs": "221_079", "frp": 6}, "bbox": [-51.06514, -27.05007, -51.06514, -27.05007]}, {"type": "Feature", "id": "focos_48h_br_todosats.fid--145fdae9_19db31250eb_435f", "geometry": {"type": "Point", "coordinates": [-54.48233, -16.14752]}, "geometry_name": "geometria", "properties": {"id_foco_bdq": 1814981966, "foco_id": "7b2083e2-5816-3989-87e3-58982ec84752", "longitude": -54.48233, "latitude": -16.14752, "data_hora_gmt": "2026-04-21T17:07:00Z", "data_pas": "2026-04-21", "satelite": "NOAA-21", "municipio": "RONDONÓPOLIS", "estado": "MATO GROSSO", "pais": "Brasil", "precipitacao": null, "numero_dias_sem_chuva": null, "risco_fogo": null, "bioma": "Cerrado", "id_0": 33, "id_1": 51, "id_2": 5107602, "continente_id": 8, "vegetacao": null, "grade_wrs": "225_071", "frp": 3.4}, "bbox": [-54.48233, -16.14752, -54.48233, -16.14752]}, {"type": "Feature", "id": "focos_48h_br_todosats.fid--145fdae9_19db31250eb_4361", "geometry": {"type": "Point", "coordinates": [-52.11936, -16.26824]}, "geometry_name": "geometria", "properties": {"id_foco_bdq": 1814982008, "foco_id": "11cf44a5-e329-3b16-8f86-f34c786c1bbc", "longitude": -52.11936, "latitude": -16.26824, "data_hora_gmt": "2026-04-21T17:07:00Z", "data_pas": "2026-04-21", "satelite": "NOAA-21", "municipio": "BOM JARDIM DE GOIÁS", "estado": "GOIÁS", "pais": "Brasil", "precipitacao": null, "numero_dias_sem_chuva": null, "risco_fogo": null, "bioma": "Cerrado", "id_0": 33, "id_1": 52, "id_2": 5203401, "continente_id": 8, "vegetacao": null, "grade_wrs": "224_071", "frp": 4.4}, "bbox": [-52.11936, -16.26824, -52.11936, -16.26824]}, {"type": "Feature", "id": "focos_48h_br_todosats.fid--145fdae9_19db31250eb_4363", "geometry": {"type": "Point", "coordinates": [-45.34991, -13.96457]}, "geometry_name": "geometria", "properties": {"id_foco_bdq": 1814982014, "foco_id": "62fab6d4-3952-3ad7-a5b7-cf1b2dee0f7a", "longitude": -45.34991, "latitude": -13.96457, "data_hora_gmt": "2026-04-21T17:07:00Z", "data_pas": "2026-04-21", "satelite": "NOAA-21", "municipio": "JABORANDI", "estado": "BAHIA", "pais": "Brasil", "precipitacao": null, "numero_dias_sem_chuva": null, "risco_fogo": null, "bioma": "Cerrado", "id_0": 33, "id_1": 29, "id_2": 2917359, "continente_id": 8, "vegetacao": null, "grade_wrs": "220_070", "frp": 10.6}, "bbox": [-45.34991, -13.96457, -45.34991, -13.96457]}, {"type": "Feature", "id": "focos_48h_br_todosats.fid--145fdae9_19db31250eb_4366", "geometry": {"type": "Point", "coordinates": [-40.85798, -12.12766]}, "geometry_name": "geometria", "properties": {"id_foco_bdq": 1814982025, "foco_id": "1f13c91d-5c0e-3db2-a88e-e443703b324f", "longitude": -40.85798, "latitude": -12.12766, "data_hora_gmt": "2026-04-21T17:07:00Z", "data_pas": "2026-04-21", "satelite": "NOAA-21", "municipio": "RUY BARBOSA", "estado": "BAHIA", "pais": "Brasil", "precipitacao": null, "numero_dias_sem_chuva": null, "risco_fogo": null, "bioma": "Caatinga", "id_0": 33, "id_1": 29, "id_2": 2927200, "continente_id": 8, "vegetacao": null, "grade_wrs": "217_068", "frp": 12.1}, "bbox": [-40.85798, -12.12766, -40.85798, -12.12766]}, {"type": "Feature", "id": "focos_48h_br_todosats.fid--145fdae9_19db31250eb_4368", "geometry": {"type": "Point", "coordinates": [-49.33548, -20.73961]}, "geometry_name": "geometria", "properties": {"id_foco_bdq": 1814982040, "foco_id": "b7d12742-2cf6-3a4a-a309-5980c7d337b7", "longitude": -49.33548, "latitude": -20.73961, "data_hora_gmt": "2026-04-21T17:07:00Z", "data_pas": "2026-04-21", "satelite": "NOAA-21", "municipio": "SÃO JOSÉ DO RIO PRETO", "estado": "SÃO PAULO", "pais": "Brasil", "precipitacao": null, "numero_dias_sem_chuva": null, "risco_fogo": null, "bioma": "Mata Atlântica", "id_0": 33, "id_1": 35, "id_2": 3549805, "continente_id": 8, "vegetacao": null, "grade_wrs": "221_074", "frp": 5.5}, "bbox": [-49.33548, -20.73961, -49.33548, -20.73961]}, {"type": "Feature", "id": "focos_48h_br_todosats.fid--145fdae9_19db31250eb_436b", "geometry": {"type": "Point", "coordinates": [-41.30623, -12.10553]}, "geometry_name": "geometria", "properties": {"id_foco_bdq": 1814982066, "foco_id": "0c779025-b2a2-3c2f-94a0-8a2bc5c43927", "longitude": -41.30623, "latitude": -12.10553, "data_hora_gmt": "2026-04-21T17:07:00Z", "data_pas": "2026-04-21", "satelite": "NOAA-21", "municipio": "BONITO", "estado": "BAHIA", "pais": "Brasil", "precipitacao": null, "numero_dias_sem_chuva": null, "risco_fogo": null, "bioma": "Caatinga", "id_0": 33, "id_1": 29, "id_2": 2904050, "continente_id": 8, "vegetacao": null, "grade_wrs": "217_068", "frp": 8.2}, "bbox": [-41.30623, -12.10553, -41.30623, -12.10553]}, {"type": "Feature", "id": "focos_48h_br_todosats.fid--145fdae9_19db31250eb_436c", "geometry": {"type": "Point", "coordinates": [-45.3643, -19.14352]}, "geometry_name": "geometria", "properties": {"id_foco_bdq": 1814982081, "foco_id": "f7e7896e-10a7-383d-9bc9-2a6cb0eebd1e", "longitude": -45.3643, "latitude": -19.14352, "data_hora_gmt": "2026-04-21T17:07:00Z", "data_pas": "2026-04-21", "satelite": "NOAA-21", "municipio": "ABAETÉ", "estado": "MINAS GERAIS", "pais": "Brasil", "precipitacao": null, "numero_dias_sem_chuva": null, "risco_fogo": null, "bioma": "Cerrado", "id_0": 33, "id_1": 31, "id_2": 3100203, "continente_id": 8, "vegetacao": null, "grade_wrs": "219_073", "frp": 1.5}, "bbox": [-45.3643, -19.14352, -45.3643, -19.14352]}, {"type": "Feature", "id": "focos_48h_br_todosats.fid--145fdae9_19db31250eb_436e", "geometry": {"type": "Point", "coordinates": [-40.01756, -18.30976]}, "geometry_name": "geometria", "properties": {"id_foco_bdq": 1814982118, "foco_id": "2ddd5b48-7957-390b-87f1-f2fb9fcdf47c", "longitude": -40.01756, "latitude": -18.30976, "data_hora_gmt": "2026-04-21T17:07:00Z", "data_pas": "2026-04-21", "satelite": "NOAA-21", "municipio": "PINHEIROS", "estado": "ESPÍRITO SANTO", "pais": "Brasil", "precipitacao": null, "numero_dias_sem_chuva": null, "risco_fogo": null, "bioma": "Mata Atlântica", "id_0": 33, "id_1": 32, "id_2": 3204104, "continente_id": 8, "vegetacao": null, "grade_wrs": "216_073", "frp": 5.1}, "bbox": [-40.01756, -18.30976, -40.01756, -18.30976]}, {"type": "Feature", "id": "focos_48h_br_todosats.fid--145fdae9_19db31250eb_4370", "geometry": {"type": "Point", "coordinates": [-50.99176, -27.36859]}, "geometry_name": "geometria", "properties": {"id_foco_bdq": 1814982125, "foco_id": "d4032ce6-a569-3249-9a8d-93a0d5a29c11", "longitude": -50.99176, "latitude": -27.36859, "data_hora_gmt": "2026-04-21T17:07:00Z", "data_pas": "2026-04-21", "satelite": "NOAA-21", "municipio": "CAMPOS NOVOS", "estado": "SANTA CATARINA", "pais": "Brasil", "precipitacao": null, "numero_dias_sem_chuva": null, "risco_fogo": null, "bioma": "Mata Atlântica", "id_0": 33, "id_1": 42, "id_2": 4203600, "continente_id": 8, "vegetacao": null, "grade_wrs": "221_079", "frp": 2.4}, "bbox": [-50.99176, -27.36859, -50.99176, -27.36859]}, {"type": "Feature", "id": "focos_48h_br_todosats.fid--145fdae9_19db31250eb_4372", "geometry": {"type": "Point", "coordinates": [-50.02338, -26.88004]}, "geometry_name": "geometria", "properties": {"id_foco_bdq": 1814982138, "foco_id": "bd401f34-a9de-3b50-860a-8fdab59629dc", "longitude": -50.02338, "latitude": -26.88004, "data_hora_gmt": "2026-04-21T17:07:00Z", "data_pas": "2026-04-21", "satelite": "NOAA-21", "municipio": "RIO DO CAMPO", "estado": "SANTA CATARINA", "pais": "Brasil", "precipitacao": null, "numero_dias_sem_chuva": null, "risco_fogo": null, "bioma": "Mata Atlântica", "id_0": 33, "id_1": 42, "id_2": 4214508, "continente_id": 8, "vegetacao": null, "grade_wrs": "221_079", "frp": 2.7}, "bbox": [-50.02338, -26.88004, -50.02338, -26.88004]}, {"type": "Feature", "id": "focos_48h_br_todosats.fid--145fdae9_19db31250eb_4374", "geometry": {"type": "Point", "coordinates": [-49.77075, -19.69665]}, "geometry_name": "geometria", "properties": {"id_foco_bdq": 1814982142, "foco_id": "cfcc6b41-ab67-3ac0-8339-8aa5f638f4b0", "longitude": -49.77075, "latitude": -19.69665, "data_hora_gmt": "2026-04-21T17:07:00Z", "data_pas": "2026-04-21", "satelite": "NOAA-21", "municipio": "SÃO FRANCISCO DE SALES", "estado": "MINAS GERAIS", "pais": "Brasil", "precipitacao": null, "numero_dias_sem_chuva": null, "risco_fogo": null, "bioma": "Cerrado", "id_0": 33, "id_1": 31, "id_2": 3161304, "continente_id": 8, "vegetacao": null, "grade_wrs": "222_074", "frp": 8.8}, "bbox": [-49.77075, -19.69665, -49.77075, -19.69665]}, {"type": "Feature", "id": "focos_48h_br_todosats.fid--145fdae9_19db31250eb_4379", "geometry": {"type": "Point", "coordinates": [-45.33177, -13.38474]}, "geometry_name": "geometria", "properties": {"id_foco_bdq": 1814982143, "foco_id": "fcba40f5-00c3-3a30-95f1-ae0d0af3c88d", "longitude": -45.33177, "latitude": -13.38474, "data_hora_gmt": "2026-04-21T17:07:00Z", "data_pas": "2026-04-21", "satelite": "NOAA-21", "municipio": "CORRENTINA", "estado": "BAHIA", "pais": "Brasil", "precipitacao": null, "numero_dias_sem_chuva": null, "risco_fogo": null, "bioma": "Cerrado", "id_0": 33, "id_1": 29, "id_2": 2909307, "continente_id": 8, "vegetacao": null, "grade_wrs": "220_069", "frp": 34.7}, "bbox": [-45.33177, -13.38474, -45.33177, -13.38474]}, {"type": "Feature", "id": "focos_48h_br_todosats.fid--145fdae9_19db31250eb_437b", "geometry": {"type": "Point", "coordinates": [-42.42771, -15.92189]}, "geometry_name": "geometria", "properties": {"id_foco_bdq": 1814982163, "foco_id": "8c17b608-a935-3ff0-899e-2e07cf779126", "longitude": -42.42771, "latitude": -15.92189, "data_hora_gmt": "2026-04-21T17:07:00Z", "data_pas": "2026-04-21", "satelite": "NOAA-21", "municipio": "NOVORIZONTE", "estado": "MINAS GERAIS", "pais": "Brasil", "precipitacao": null, "numero_dias_sem_chuva": null, "risco_fogo": null, "bioma": "Cerrado", "id_0": 33, "id_1": 31, "id_2": 3145372, "continente_id": 8, "vegetacao": null, "grade_wrs": "217_071", "frp": 10.4}, "bbox": [-42.42771, -15.92189, -42.42771, -15.92189]}, {"type": "Feature", "id": "focos_48h_br_todosats.fid--145fdae9_19db31250eb_437c", "geometry": {"type": "Point", "coordinates": [-44.19266, -18.12151]}, "geometry_name": "geometria", "properties": {"id_foco_bdq": 1814982212, "foco_id": "670ecd7d-cba1-3ddc-aece-565bfb458ae6", "longitude": -44.19266, "latitude": -18.12151, "data_hora_gmt": "2026-04-21T17:07:00Z", "data_pas": "2026-04-21", "satelite": "NOAA-21", "municipio": "AUGUSTO DE LIMA", "estado": "MINAS GERAIS", "pais": "Brasil", "precipitacao": null, "numero_dias_sem_chuva": null, "risco_fogo": null, "bioma": "Cerrado", "id_0": 33, "id_1": 31, "id_2": 3104809, "continente_id": 8, "vegetacao": null, "grade_wrs": "218_073", "frp": 12.9}, "bbox": [-44.19266, -18.12151, -44.19266, -18.12151]}, {"type": "Feature", "id": "focos_48h_br_todosats.fid--145fdae9_19db31250eb_437e", "geometry": {"type": "Point", "coordinates": [-39.51252, -14.01022]}, "geometry_name": "geometria", "properties": {"id_foco_bdq": 1814982236, "foco_id": "81ead48c-4c69-3ed1-8f52-c717b01a1f51", "longitude": -39.51252, "latitude": -14.01022, "data_hora_gmt": "2026-04-21T17:07:00Z", "data_pas": "2026-04-21", "satelite": "NOAA-21", "municipio": "UBATÃ", "estado": "BAHIA", "pais": "Brasil", "precipitacao": null, "numero_dias_sem_chuva": null, "risco_fogo": null, "bioma": "Mata Atlântica", "id_0": 33, "id_1": 29, "id_2": 2932309, "continente_id": 8, "vegetacao": null, "grade_wrs": "216_070", "frp": 5.4}, "bbox": [-39.51252, -14.01022, -39.51252, -14.01022]}, {"type": "Feature", "id": "focos_48h_br_todosats.fid--145fdae9_19db31250eb_4381", "geometry": {"type": "Point", "coordinates": [-49.65383, -25.86274]}, "geometry_name": "geometria", "properties": {"id_foco_bdq": 1814982314, "foco_id": "7a5f2829-032a-39f9-a63a-a777f9acd90a", "longitude": -49.65383, "latitude": -25.86274, "data_hora_gmt": "2026-04-21T17:07:00Z", "data_pas": "2026-04-21", "satelite": "NOAA-21", "municipio": "LAPA", "estado": "PARANÁ", "pais": "Brasil", "precipitacao": null, "numero_dias_sem_chuva": null, "risco_fogo": null, "bioma": "Mata Atlântica", "id_0": 33, "id_1": 41, "id_2": 4113205, "continente_id": 8, "vegetacao": null, "grade_wrs": "221_078", "frp": 4.1}, "bbox": [-49.65383, -25.86274, -49.65383, -25.86274]}, {"type": "Feature", "id": "focos_48h_br_todosats.fid--145fdae9_19db31250eb_4383", "geometry": {"type": "Point", "coordinates": [-56.26813, -15.49912]}, "geometry_name": "geometria", "properties": {"id_foco_bdq": 1814982320, "foco_id": "6229cb09-4aaf-338d-bd79-30fff23d5fbd", "longitude": -56.26813, "latitude": -15.49912, "data_hora_gmt": "2026-04-21T17:07:00Z", "data_pas": "2026-04-21", "satelite": "NOAA-21", "municipio": "VÁRZEA GRANDE", "estado": "MATO GROSSO", "pais": "Brasil", "precipitacao": null, "numero_dias_sem_chuva": null, "risco_fogo": null, "bioma": "Cerrado", "id_0": 33, "id_1": 51, "id_2": 5108402, "continente_id": 8, "vegetacao": null, "grade_wrs": "226_071", "frp": 4.8}, "bbox": [-56.26813, -15.49912, -56.26813, -15.49912]}, {"type": "Feature", "id": "focos_48h_br_todosats.fid--145fdae9_19db31250eb_4385", "geometry": {"type": "Point", "coordinates": [-56.12495, -15.44622]}, "geometry_name": "geometria", "properties": {"id_foco_bdq": 1814982322, "foco_id": "bc4dd2f1-4b9e-3f84-ac6c-ff93b515d8b0", "longitude": -56.12495, "latitude": -15.44622, "data_hora_gmt": "2026-04-21T17:07:00Z", "data_pas": "2026-04-21", "satelite": "NOAA-21", "municipio": "CUIABÁ", "estado": "MATO GROSSO", "pais": "Brasil", "precipitacao": null, "numero_dias_sem_chuva": null, "risco_fogo": null, "bioma": "Cerrado", "id_0": 33, "id_1": 51, "id_2": 5103403, "continente_id": 8, "vegetacao": null, "grade_wrs": "226_071", "frp": 4.6}, "bbox": [-56.12495, -15.44622, -56.12495, -15.44622]}, {"type": "Feature", "id": "focos_48h_br_todosats.fid--145fdae9_19db31250eb_4387", "geometry": {"type": "Point", "coordinates": [-46.1671, -20.32343]}, "geometry_name": "geometria", "properties": {"id_foco_bdq": 1814982363, "foco_id": "1a37fcad-dd1e-3468-8595-7689741368a3", "longitude": -46.1671, "latitude": -20.32343, "data_hora_gmt": "2026-04-21T17:07:00Z", "data_pas": "2026-04-21", "satelite": "NOAA-21", "municipio": "SÃO ROQUE DE MINAS", "estado": "MINAS GERAIS", "pais": "Brasil", "precipitacao": null, "numero_dias_sem_chuva": null, "risco_fogo": null, "bioma": "Cerrado", "id_0": 33, "id_1": 31, "id_2": 3164308, "continente_id": 8, "vegetacao": null, "grade_wrs": "219_074", "frp": 2}, "bbox": [-46.1671, -20.32343, -46.1671, -20.32343]}, {"type": "Feature", "id": "focos_48h_br_todosats.fid--145fdae9_19db31250eb_4389", "geometry": {"type": "Point", "coordinates": [-47.8765, -16.37239]}, "geometry_name": "geometria", "properties": {"id_foco_bdq": 1814982367, "foco_id": "3d26f98f-e005-369c-a9e4-f2786e171f21", "longitude": -47.8765, "latitude": -16.37239, "data_hora_gmt": "2026-04-21T17:07:00Z", "data_pas": "2026-04-21", "satelite": "NOAA-21", "municipio": "LUZIÂNIA", "estado": "GOIÁS", "pais": "Brasil", "precipitacao": null, "numero_dias_sem_chuva": null, "risco_fogo": null, "bioma": "Cerrado", "id_0": 33, "id_1": 52, "id_2": 5212501, "continente_id": 8, "vegetacao": null, "grade_wrs": "221_071", "frp": 8}, "bbox": [-47.8765, -16.37239, -47.8765, -16.37239]}, {"type": "Feature", "id": "focos_48h_br_todosats.fid--145fdae9_19db31250eb_438b", "geometry": {"type": "Point", "coordinates": [-49.58895, -27.00313]}, "geometry_name": "geometria", "properties": {"id_foco_bdq": 1814982368, "foco_id": "5c06ca46-fdd8-3502-89f0-f30b204ac4ce", "longitude": -49.58895, "latitude": -27.00313, "data_hora_gmt": "2026-04-21T17:07:00Z", "data_pas": "2026-04-21", "satelite": "NOAA-21", "municipio": "JOSÉ BOITEUX", "estado": "SANTA CATARINA", "pais": "Brasil", "precipitacao": null, "numero_dias_sem_chuva": null, "risco_fogo": null, "bioma": "Mata Atlântica", "id_0": 33, "id_1": 42, "id_2": 4209151, "continente_id": 8, "vegetacao": null, "grade_wrs": "220_079", "frp": 5}, "bbox": [-49.58895, -27.00313, -49.58895, -27.00313]}, {"type": "Feature", "id": "focos_48h_br_todosats.fid--145fdae9_19db31250eb_438d", "geometry": {"type": "Point", "coordinates": [-42.08488, -13.87192]}, "geometry_name": "geometria", "properties": {"id_foco_bdq": 1814982381, "foco_id": "cbaaf225-f296-3ac0-b89f-bebd4e4d5700", "longitude": -42.08488, "latitude": -13.87192, "data_hora_gmt": "2026-04-21T17:07:00Z", "data_pas": "2026-04-21", "satelite": "NOAA-21", "municipio": "LIVRAMENTO DE NOSSA SENHORA", "estado": "BAHIA", "pais": "Brasil", "precipitacao": null, "numero_dias_sem_chuva": null, "risco_fogo": null, "bioma": "Caatinga", "id_0": 33, "id_1": 29, "id_2": 2919504, "continente_id": 8, "vegetacao": null, "grade_wrs": "217_070", "frp": 7.1}, "bbox": [-42.08488, -13.87192, -42.08488, -13.87192]}, {"type": "Feature", "id": "focos_48h_br_todosats.fid--145fdae9_19db31250eb_438f", "geometry": {"type": "Point", "coordinates": [-47.37654, -13.91615]}, "geometry_name": "geometria", "properties": {"id_foco_bdq": 1814982412, "foco_id": "436121e1-a93a-3efb-8b15-c9b0bd29b5dd", "longitude": -47.37654, "latitude": -13.91615, "data_hora_gmt": "2026-04-21T17:07:00Z", "data_pas": "2026-04-21", "satelite": "NOAA-21", "municipio": "CAVALCANTE", "estado": "GOIÁS", "pais": "Brasil", "precipitacao": null, "numero_dias_sem_chuva": null, "risco_fogo": null, "bioma": "Cerrado", "id_0": 33, "id_1": 52, "id_2": 5205307, "continente_id": 8, "vegetacao": null, "grade_wrs": "221_070", "frp": 17.7}, "bbox": [-47.37654, -13.91615, -47.37654, -13.91615]}, {"type": "Feature", "id": "focos_48h_br_todosats.fid--145fdae9_19db31250eb_4393", "geometry": {"type": "Point", "coordinates": [-45.33746, -13.3858]}, "geometry_name": "geometria", "properties": {"id_foco_bdq": 1814982511, "foco_id": "6e16e2b5-2d42-3fef-8619-21694bdfc0bf", "longitude": -45.33746, "latitude": -13.3858, "data_hora_gmt": "2026-04-21T17:07:00Z", "data_pas": "2026-04-21", "satelite": "NOAA-21", "municipio": "CORRENTINA", "estado": "BAHIA", "pais": "Brasil", "precipitacao": null, "numero_dias_sem_chuva": null, "risco_fogo": null, "bioma": "Cerrado", "id_0": 33, "id_1": 29, "id_2": 2909307, "continente_id": 8, "vegetacao": null, "grade_wrs": "220_069", "frp": 69}, "bbox": [-45.33746, -13.3858, -45.33746, -13.3858]}, {"type": "Feature", "id": "focos_48h_br_todosats.fid--145fdae9_19db31250eb_4395", "geometry": {"type": "Point", "coordinates": [-45.35278, -13.96196]}, "geometry_name": "geometria", "properties": {"id_foco_bdq": 1814982526, "foco_id": "83517321-1187-3be4-b8de-59d08ef3c223", "longitude": -45.35278, "latitude": -13.96196, "data_hora_gmt": "2026-04-21T17:07:00Z", "data_pas": "2026-04-21", "satelite": "NOAA-21", "municipio": "JABORANDI", "estado": "BAHIA", "pais": "Brasil", "precipitacao": null, "numero_dias_sem_chuva": null, "risco_fogo": null, "bioma": "Cerrado", "id_0": 33, "id_1": 29, "id_2": 2917359, "continente_id": 8, "vegetacao": null, "grade_wrs": "220_070", "frp": 21.2}, "bbox": [-45.35278, -13.96196, -45.35278, -13.96196]}, {"type": "Feature", "id": "focos_48h_br_todosats.fid--145fdae9_19db31250eb_4397", "geometry": {"type": "Point", "coordinates": [-48.49346, -15.25782]}, "geometry_name": "geometria", "properties": {"id_foco_bdq": 1814982531, "foco_id": "684a2396-250b-3cea-bcb1-4290f35cbc32", "longitude": -48.49346, "latitude": -15.25782, "data_hora_gmt": "2026-04-21T17:07:00Z", "data_pas": "2026-04-21", "satelite": "NOAA-21", "municipio": "PADRE BERNARDO", "estado": "GOIÁS", "pais": "Brasil", "precipitacao": null, "numero_dias_sem_chuva": null, "risco_fogo": null, "bioma": "Cerrado", "id_0": 33, "id_1": 52, "id_2": 5215603, "continente_id": 8, "vegetacao": null, "grade_wrs": "221_071", "frp": 13.6}, "bbox": [-48.49346, -15.25782, -48.49346, -15.25782]}, {"type": "Feature", "id": "focos_48h_br_todosats.fid--145fdae9_19db31250eb_439a", "geometry": {"type": "Point", "coordinates": [-45.33798, -13.94917]}, "geometry_name": "geometria", "properties": {"id_foco_bdq": 1814982538, "foco_id": "37c23f60-8938-3858-a634-57d7cf35fa28", "longitude": -45.33798, "latitude": -13.94917, "data_hora_gmt": "2026-04-21T17:07:00Z", "data_pas": "2026-04-21", "satelite": "NOAA-21", "municipio": "JABORANDI", "estado": "BAHIA", "pais": "Brasil", "precipitacao": null, "numero_dias_sem_chuva": null, "risco_fogo": null, "bioma": "Cerrado", "id_0": 33, "id_1": 29, "id_2": 2917359, "continente_id": 8, "vegetacao": null, "grade_wrs": "220_070", "frp": 11.2}, "bbox": [-45.33798, -13.94917, -45.33798, -13.94917]}, {"type": "Feature", "id": "focos_48h_br_todosats.fid--145fdae9_19db31250eb_439c", "geometry": {"type": "Point", "coordinates": [-39.10469, -15.96272]}, "geometry_name": "geometria", "properties": {"id_foco_bdq": 1814982569, "foco_id": "f1891ecb-6def-335d-a5fc-33c864f437bd", "longitude": -39.10469, "latitude": -15.96272, "data_hora_gmt": "2026-04-21T17:07:00Z", "data_pas": "2026-04-21", "satelite": "NOAA-21", "municipio": "BELMONTE", "estado": "BAHIA", "pais": "Brasil", "precipitacao": null, "numero_dias_sem_chuva": null, "risco_fogo": null, "bioma": "Mata Atlântica", "id_0": 33, "id_1": 29, "id_2": 2903409, "continente_id": 8, "vegetacao": null, "grade_wrs": "215_071", "frp": 16.9}, "bbox": [-39.10469, -15.96272, -39.10469, -15.96272]}, {"type": "Feature", "id": "focos_48h_br_todosats.fid--145fdae9_19db31250eb_439e", "geometry": {"type": "Point", "coordinates": [-54.9213, -16.43058]}, "geometry_name": "geometria", "properties": {"id_foco_bdq": 1814982574, "foco_id": "a82c49f6-51fc-358d-8d1e-769e729325aa", "longitude": -54.9213, "latitude": -16.43058, "data_hora_gmt": "2026-04-21T17:07:00Z", "data_pas": "2026-04-21", "satelite": "NOAA-21", "municipio": "RONDONÓPOLIS", "estado": "MATO GROSSO", "pais": "Brasil", "precipitacao": null, "numero_dias_sem_chuva": null, "risco_fogo": null, "bioma": "Cerrado", "id_0": 33, "id_1": 51, "id_2": 5107602, "continente_id": 8, "vegetacao": null, "grade_wrs": "225_071", "frp": 6.4}, "bbox": [-54.9213, -16.43058, -54.9213, -16.43058]}, {"type": "Feature", "id": "focos_48h_br_todosats.fid--145fdae9_19db31250eb_43a0", "geometry": {"type": "Point", "coordinates": [-42.36427, -15.70938]}, "geometry_name": "geometria", "properties": {"id_foco_bdq": 1814982596, "foco_id": "225a1394-f729-30a0-ae68-d9424ef15ff1", "longitude": -42.36427, "latitude": -15.70938, "data_hora_gmt": "2026-04-21T17:07:00Z", "data_pas": "2026-04-21", "satelite": "NOAA-21", "municipio": "RIO PARDO DE MINAS", "estado": "MINAS GERAIS", "pais": "Brasil", "precipitacao": null, "numero_dias_sem_chuva": null, "risco_fogo": null, "bioma": "Cerrado", "id_0": 33, "id_1": 31, "id_2": 3155603, "continente_id": 8, "vegetacao": null, "grade_wrs": "217_071", "frp": 9.6}, "bbox": [-42.36427, -15.70938, -42.36427, -15.70938]}, {"type": "Feature", "id": "focos_48h_br_todosats.fid--145fdae9_19db31250eb_43a4", "geometry": {"type": "Point", "coordinates": [-39.11289, -15.95739]}, "geometry_name": "geometria", "properties": {"id_foco_bdq": 1814982608, "foco_id": "2f287ff4-dad8-34f9-aec9-818c24c2cf7d", "longitude": -39.11289, "latitude": -15.95739, "data_hora_gmt": "2026-04-21T17:07:00Z", "data_pas": "2026-04-21", "satelite": "NOAA-21", "municipio": "BELMONTE", "estado": "BAHIA", "pais": "Brasil", "precipitacao": null, "numero_dias_sem_chuva": null, "risco_fogo": null, "bioma": "Mata Atlântica", "id_0": 33, "id_1": 29, "id_2": 2903409, "continente_id": 8, "vegetacao": null, "grade_wrs": "215_071", "frp": 3.8}, "bbox": [-39.11289, -15.95739, -39.11289, -15.95739]}, {"type": "Feature", "id": "focos_48h_br_todosats.fid--145fdae9_19db31250eb_43a6", "geometry": {"type": "Point", "coordinates": [-45.33844, -13.38089]}, "geometry_name": "geometria", "properties": {"id_foco_bdq": 1814982613, "foco_id": "538f7b58-0c94-33e9-8baf-941df77e15eb", "longitude": -45.33844, "latitude": -13.38089, "data_hora_gmt": "2026-04-21T17:07:00Z", "data_pas": "2026-04-21", "satelite": "NOAA-21", "municipio": "CORRENTINA", "estado": "BAHIA", "pais": "Brasil", "precipitacao": null, "numero_dias_sem_chuva": null, "risco_fogo": null, "bioma": "Cerrado", "id_0": 33, "id_1": 29, "id_2": 2909307, "continente_id": 8, "vegetacao": null, "grade_wrs": "220_069", "frp": 52.5}, "bbox": [-45.33844, -13.38089, -45.33844, -13.38089]}, {"type": "Feature", "id": "focos_48h_br_todosats.fid--145fdae9_19db31250eb_43a7", "geometry": {"type": "Point", "coordinates": [-50.57346, -27.42229]}, "geometry_name": "geometria", "properties": {"id_foco_bdq": 1814982626, "foco_id": "1086c7f3-d378-3748-8502-0db797147c12", "longitude": -50.57346, "latitude": -27.42229, "data_hora_gmt": "2026-04-21T17:07:00Z", "data_pas": "2026-04-21", "satelite": "NOAA-21", "municipio": "CURITIBANOS", "estado": "SANTA CATARINA", "pais": "Brasil", "precipitacao": null, "numero_dias_sem_chuva": null, "risco_fogo": null, "bioma": "Mata Atlântica", "id_0": 33, "id_1": 42, "id_2": 4204806, "continente_id": 8, "vegetacao": null, "grade_wrs": "221_079", "frp": 7.3}, "bbox": [-50.57346, -27.42229, -50.57346, -27.42229]}, {"type": "Feature", "id": "focos_48h_br_todosats.fid--145fdae9_19db31250eb_43a9", "geometry": {"type": "Point", "coordinates": [-45.35542, -13.96563]}, "geometry_name": "geometria", "properties": {"id_foco_bdq": 1814982681, "foco_id": "aecef95d-3373-318f-a241-09d0d205c4d6", "longitude": -45.35542, "latitude": -13.96563, "data_hora_gmt": "2026-04-21T17:07:00Z", "data_pas": "2026-04-21", "satelite": "NOAA-21", "municipio": "JABORANDI", "estado": "BAHIA", "pais": "Brasil", "precipitacao": null, "numero_dias_sem_chuva": null, "risco_fogo": null, "bioma": "Cerrado", "id_0": 33, "id_1": 29, "id_2": 2917359, "continente_id": 8, "vegetacao": null, "grade_wrs": "220_070", "frp": 10.6}, "bbox": [-45.35542, -13.96563, -45.35542, -13.96563]}, {"type": "Feature", "id": "focos_48h_br_todosats.fid--145fdae9_19db31250eb_43aa", "geometry": {"type": "Point", "coordinates": [-50.6026, -26.42469]}, "geometry_name": "geometria", "properties": {"id_foco_bdq": 1814982700, "foco_id": "d0b9ccd1-94d8-3d95-b166-de8a994d429c", "longitude": -50.6026, "latitude": -26.42469, "data_hora_gmt": "2026-04-21T17:07:00Z", "data_pas": "2026-04-21", "satelite": "NOAA-21", "municipio": "CANOINHAS", "estado": "SANTA CATARINA", "pais": "Brasil", "precipitacao": null, "numero_dias_sem_chuva": null, "risco_fogo": null, "bioma": "Mata Atlântica", "id_0": 33, "id_1": 42, "id_2": 4203808, "continente_id": 8, "vegetacao": null, "grade_wrs": "221_078", "frp": 2.4}, "bbox": [-50.6026, -26.42469, -50.6026, -26.42469]}, {"type": "Feature", "id": "focos_48h_br_todosats.fid--145fdae9_19db31250eb_43ae", "geometry": {"type": "Point", "coordinates": [-49.42563, -25.11154]}, "geometry_name": "geometria", "properties": {"id_foco_bdq": 1814982737, "foco_id": "2351481f-9b05-3168-b734-c208b93c5625", "longitude": -49.42563, "latitude": -25.11154, "data_hora_gmt": "2026-04-21T17:07:00Z", "data_pas": "2026-04-21", "satelite": "NOAA-21", "municipio": "RIO BRANCO DO SUL", "estado": "PARANÁ", "pais": "Brasil", "precipitacao": null, "numero_dias_sem_chuva": null, "risco_fogo": null, "bioma": "Mata Atlântica", "id_0": 33, "id_1": 41, "id_2": 4122206, "continente_id": 8, "vegetacao": null, "grade_wrs": "221_077", "frp": 2.5}, "bbox": [-49.42563, -25.11154, -49.42563, -25.11154]}, {"type": "Feature", "id": "focos_48h_br_todosats.fid--145fdae9_19db31250eb_43af", "geometry": {"type": "Point", "coordinates": [-42.97997, -13.58601]}, "geometry_name": "geometria", "properties": {"id_foco_bdq": 1814982768, "foco_id": "5cc1c002-d239-3731-bb6d-fa15e7d2a222", "longitude": -42.97997, "latitude": -13.58601, "data_hora_gmt": "2026-04-21T17:07:00Z", "data_pas": "2026-04-21", "satelite": "NOAA-21", "municipio": "RIACHO DE SANTANA", "estado": "BAHIA", "pais": "Brasil", "precipitacao": null, "numero_dias_sem_chuva": null, "risco_fogo": null, "bioma": "Caatinga", "id_0": 33, "id_1": 29, "id_2": 2926400, "continente_id": 8, "vegetacao": null, "grade_wrs": "218_069", "frp": 39.2}, "bbox": [-42.97997, -13.58601, -42.97997, -13.58601]}, {"type": "Feature", "id": "focos_48h_br_todosats.fid--145fdae9_19db31250eb_43b0", "geometry": {"type": "Point", "coordinates": [-43.50803, -16.56678]}, "geometry_name": "geometria", "properties": {"id_foco_bdq": 1814982781, "foco_id": "1bc3a732-f8be-3f52-b7d7-1268b05003f3", "longitude": -43.50803, "latitude": -16.56678, "data_hora_gmt": "2026-04-21T17:07:00Z", "data_pas": "2026-04-21", "satelite": "NOAA-21", "municipio": "FRANCISCO SÁ", "estado": "MINAS GERAIS", "pais": "Brasil", "precipitacao": null, "numero_dias_sem_chuva": null, "risco_fogo": null, "bioma": "Cerrado", "id_0": 33, "id_1": 31, "id_2": 3126703, "continente_id": 8, "vegetacao": null, "grade_wrs": "218_071", "frp": 2.8}, "bbox": [-43.50803, -16.56678, -43.50803, -16.56678]}, {"type": "Feature", "id": "focos_48h_br_todosats.fid--145fdae9_19db31250eb_43b1", "geometry": {"type": "Point", "coordinates": [-40.86419, -12.12895]}, "geometry_name": "geometria", "properties": {"id_foco_bdq": 1814982785, "foco_id": "178a05b2-1224-3ff0-971a-0c59c9ddca4f", "longitude": -40.86419, "latitude": -12.12895, "data_hora_gmt": "2026-04-21T17:07:00Z", "data_pas": "2026-04-21", "satelite": "NOAA-21", "municipio": "RUY BARBOSA", "estado": "BAHIA", "pais": "Brasil", "precipitacao": null, "numero_dias_sem_chuva": null, "risco_fogo": null, "bioma": "Caatinga", "id_0": 33, "id_1": 29, "id_2": 2927200, "continente_id": 8, "vegetacao": null, "grade_wrs": "217_068", "frp": 9.9}, "bbox": [-40.86419, -12.12895, -40.86419, -12.12895]}, {"type": "Feature", "id": "focos_48h_br_todosats.fid--145fdae9_19db31250eb_43b2", "geometry": {"type": "Point", "coordinates": [-47.34475, -20.2394]}, "geometry_name": "geometria", "properties": {"id_foco_bdq": 1814982857, "foco_id": "09c1c5b9-ad02-3709-b056-184b34165e90", "longitude": -47.34475, "latitude": -20.2394, "data_hora_gmt": "2026-04-21T17:07:00Z", "data_pas": "2026-04-21", "satelite": "NOAA-21", "municipio": "PEDREGULHO", "estado": "SÃO PAULO", "pais": "Brasil", "precipitacao": null, "numero_dias_sem_chuva": null, "risco_fogo": null, "bioma": "Cerrado", "id_0": 33, "id_1": 35, "id_2": 3537008, "continente_id": 8, "vegetacao": null, "grade_wrs": "220_074", "frp": 8.6}, "bbox": [-47.34475, -20.2394, -47.34475, -20.2394]}, {"type": "Feature", "id": "focos_48h_br_todosats.fid--145fdae9_19db31250eb_43b3", "geometry": {"type": "Point", "coordinates": [-50.48819, -26.82867]}, "geometry_name": "geometria", "properties": {"id_foco_bdq": 1814982937, "foco_id": "efa0aa60-0696-3413-a4eb-d045684fd6d5", "longitude": -50.48819, "latitude": -26.82867, "data_hora_gmt": "2026-04-21T17:07:00Z", "data_pas": "2026-04-21", "satelite": "NOAA-21", "municipio": "SANTA CECÍLIA", "estado": "SANTA CATARINA", "pais": "Brasil", "precipitacao": null, "numero_dias_sem_chuva": null, "risco_fogo": null, "bioma": "Mata Atlântica", "id_0": 33, "id_1": 42, "id_2": 4215505, "continente_id": 8, "vegetacao": null, "grade_wrs": "221_079", "frp": 9.6}, "bbox": [-50.48819, -26.82867, -50.48819, -26.82867]}, {"type": "Feature", "id": "focos_48h_br_todosats.fid--145fdae9_19db31250eb_43b5", "geometry": {"type": "Point", "coordinates": [-49.65768, -25.86336]}, "geometry_name": "geometria", "properties": {"id_foco_bdq": 1814983007, "foco_id": "66a5d3cd-535e-3c7b-bcf4-87b040ee10eb", "longitude": -49.65768, "latitude": -25.86336, "data_hora_gmt": "2026-04-21T17:07:00Z", "data_pas": "2026-04-21", "satelite": "NOAA-21", "municipio": "LAPA", "estado": "PARANÁ", "pais": "Brasil", "precipitacao": null, "numero_dias_sem_chuva": null, "risco_fogo": null, "bioma": "Mata Atlântica", "id_0": 33, "id_1": 41, "id_2": 4113205, "continente_id": 8, "vegetacao": null, "grade_wrs": "221_078", "frp": 5.7}, "bbox": [-49.65768, -25.86336, -49.65768, -25.86336]}, {"type": "Feature", "id": "focos_48h_br_todosats.fid--145fdae9_19db31250eb_43b6", "geometry": {"type": "Point", "coordinates": [-45.35835, -13.96299]}, "geometry_name": "geometria", "properties": {"id_foco_bdq": 1814983144, "foco_id": "20b54236-915c-352e-b693-d4da788f0663", "longitude": -45.35835, "latitude": -13.96299, "data_hora_gmt": "2026-04-21T17:07:00Z", "data_pas": "2026-04-21", "satelite": "NOAA-21", "municipio": "JABORANDI", "estado": "BAHIA", "pais": "Brasil", "precipitacao": null, "numero_dias_sem_chuva": null, "risco_fogo": null, "bioma": "Cerrado", "id_0": 33, "id_1": 29, "id_2": 2917359, "continente_id": 8, "vegetacao": null, "grade_wrs": "220_070", "frp": 11.7}, "bbox": [-45.35835, -13.96299, -45.35835, -13.96299]}, {"type": "Feature", "id": "focos_48h_br_todosats.fid--145fdae9_19db31250eb_43b8", "geometry": {"type": "Point", "coordinates": [-49.28182, -17.04589]}, "geometry_name": "geometria", "properties": {"id_foco_bdq": 1814983203, "foco_id": "b5918bfc-a974-368f-b7cf-dffddfa0ead3", "longitude": -49.28182, "latitude": -17.04589, "data_hora_gmt": "2026-04-21T17:07:00Z", "data_pas": "2026-04-21", "satelite": "NOAA-21", "municipio": "HIDROLÂNDIA", "estado": "GOIÁS", "pais": "Brasil", "precipitacao": null, "numero_dias_sem_chuva": null, "risco_fogo": null, "bioma": "Cerrado", "id_0": 33, "id_1": 52, "id_2": 5209705, "continente_id": 8, "vegetacao": null, "grade_wrs": "222_072", "frp": 4.7}, "bbox": [-49.28182, -17.04589, -49.28182, -17.04589]}, {"type": "Feature", "id": "focos_48h_br_todosats.fid--145fdae9_19db31250eb_43b9", "geometry": {"type": "Point", "coordinates": [-43.84517, -15.53532]}, "geometry_name": "geometria", "properties": {"id_foco_bdq": 1814983237, "foco_id": "e8425614-2036-334a-b706-9233d11f7266", "longitude": -43.84517, "latitude": -15.53532, "data_hora_gmt": "2026-04-21T17:07:00Z", "data_pas": "2026-04-21", "satelite": "NOAA-21", "municipio": "VARZELÂNDIA", "estado": "MINAS GERAIS", "pais": "Brasil", "precipitacao": null, "numero_dias_sem_chuva": null, "risco_fogo": null, "bioma": "Caatinga", "id_0": 33, "id_1": 31, "id_2": 3170909, "continente_id": 8, "vegetacao": null, "grade_wrs": "218_071", "frp": 15.2}, "bbox": [-43.84517, -15.53532, -43.84517, -15.53532]}, {"type": "Feature", "id": "focos_48h_br_todosats.fid--145fdae9_19db31250eb_43bb", "geometry": {"type": "Point", "coordinates": [-56.67937, -15.75412]}, "geometry_name": "geometria", "properties": {"id_foco_bdq": 1814983255, "foco_id": "0f4af503-251a-39b7-9435-717702333845", "longitude": -56.67937, "latitude": -15.75412, "data_hora_gmt": "2026-04-21T17:07:00Z", "data_pas": "2026-04-21", "satelite": "NOAA-21", "municipio": "NOSSA SENHORA DO LIVRAMENTO", "estado": "MATO GROSSO", "pais": "Brasil", "precipitacao": null, "numero_dias_sem_chuva": null, "risco_fogo": null, "bioma": "Cerrado", "id_0": 33, "id_1": 51, "id_2": 5106109, "continente_id": 8, "vegetacao": null, "grade_wrs": "227_071", "frp": 9.2}, "bbox": [-56.67937, -15.75412, -56.67937, -15.75412]}, {"type": "Feature", "id": "focos_48h_br_todosats.fid--145fdae9_19db31250eb_43bd", "geometry": {"type": "Point", "coordinates": [-49.5851, -27.00253]}, "geometry_name": "geometria", "properties": {"id_foco_bdq": 1814983257, "foco_id": "de533821-60c2-323a-95b2-4263deb4d145", "longitude": -49.5851, "latitude": -27.00253, "data_hora_gmt": "2026-04-21T17:07:00Z", "data_pas": "2026-04-21", "satelite": "NOAA-21", "municipio": "IBIRAMA", "estado": "SANTA CATARINA", "pais": "Brasil", "precipitacao": null, "numero_dias_sem_chuva": null, "risco_fogo": null, "bioma": "Mata Atlântica", "id_0": 33, "id_1": 42, "id_2": 4206900, "continente_id": 8, "vegetacao": null, "grade_wrs": "220_079", "frp": 5}, "bbox": [-49.5851, -27.00253, -49.5851, -27.00253]}, {"type": "Feature", "id": "focos_48h_br_todosats.fid--145fdae9_19db31250eb_43be", "geometry": {"type": "Point", "coordinates": [-46.83367, -17.167]}, "geometry_name": "geometria", "properties": {"id_foco_bdq": 1814983264, "foco_id": "a2733c59-1bf3-357b-b5be-2f9c5b84e2cd", "longitude": -46.83367, "latitude": -17.167, "data_hora_gmt": "2026-04-21T17:07:00Z", "data_pas": "2026-04-21", "satelite": "NOAA-21", "municipio": "PARACATU", "estado": "MINAS GERAIS", "pais": "Brasil", "precipitacao": null, "numero_dias_sem_chuva": null, "risco_fogo": null, "bioma": "Cerrado", "id_0": 33, "id_1": 31, "id_2": 3147006, "continente_id": 8, "vegetacao": null, "grade_wrs": "220_072", "frp": 7.2}, "bbox": [-46.83367, -17.167, -46.83367, -17.167]}, {"type": "Feature", "id": "focos_48h_br_todosats.fid--145fdae9_19db31250eb_43c0", "geometry": {"type": "Point", "coordinates": [-39.71667, -15.01156]}, "geometry_name": "geometria", "properties": {"id_foco_bdq": 1814983275, "foco_id": "c33e265e-7829-33fd-8920-e7d21784a5eb", "longitude": -39.71667, "latitude": -15.01156, "data_hora_gmt": "2026-04-21T17:07:00Z", "data_pas": "2026-04-21", "satelite": "NOAA-21", "municipio": "ITAJU DO COLÔNIA", "estado": "BAHIA", "pais": "Brasil", "precipitacao": null, "numero_dias_sem_chuva": null, "risco_fogo": null, "bioma": "Mata Atlântica", "id_0": 33, "id_1": 29, "id_2": 2915403, "continente_id": 8, "vegetacao": null, "grade_wrs": "216_070", "frp": 10.2}, "bbox": [-39.71667, -15.01156, -39.71667, -15.01156]}, {"type": "Feature", "id": "focos_48h_br_todosats.fid--145fdae9_19db31250eb_43c1", "geometry": {"type": "Point", "coordinates": [-44.238, -15.71199]}, "geometry_name": "geometria", "properties": {"id_foco_bdq": 1814983329, "foco_id": "539c72b2-9669-3e9c-8f0b-bd1fcc23c8a6", "longitude": -44.238, "latitude": -15.71199, "data_hora_gmt": "2026-04-21T17:07:00Z", "data_pas": "2026-04-21", "satelite": "NOAA-21", "municipio": "IBIRACATU", "estado": "MINAS GERAIS", "pais": "Brasil", "precipitacao": null, "numero_dias_sem_chuva": null, "risco_fogo": null, "bioma": "Cerrado", "id_0": 33, "id_1": 31, "id_2": 3129657, "continente_id": 8, "vegetacao": null, "grade_wrs": "219_071", "frp": 2.8}, "bbox": [-44.238, -15.71199, -44.238, -15.71199]}, {"type": "Feature", "id": "focos_48h_br_todosats.fid--145fdae9_19db31250eb_43c3", "geometry": {"type": "Point", "coordinates": [-49.43316, -19.36377]}, "geometry_name": "geometria", "properties": {"id_foco_bdq": 1814983405, "foco_id": "e9cb3626-a3a2-33f5-bbd4-dac084624852", "longitude": -49.43316, "latitude": -19.36377, "data_hora_gmt": "2026-04-21T17:07:00Z", "data_pas": "2026-04-21", "satelite": "NOAA-21", "municipio": "CAMPINA VERDE", "estado": "MINAS GERAIS", "pais": "Brasil", "precipitacao": null, "numero_dias_sem_chuva": null, "risco_fogo": null, "bioma": "Cerrado", "id_0": 33, "id_1": 31, "id_2": 3111101, "continente_id": 8, "vegetacao": null, "grade_wrs": "221_073", "frp": 0.3}, "bbox": [-49.43316, -19.36377, -49.43316, -19.36377]}, {"type": "Feature", "id": "focos_48h_br_todosats.fid--145fdae9_19db31250eb_43c4", "geometry": {"type": "Point", "coordinates": [-50.25231, -27.49641]}, "geometry_name": "geometria", "properties": {"id_foco_bdq": 1814983409, "foco_id": "dd137334-6893-39fa-80e7-18ac3aee9828", "longitude": -50.25231, "latitude": -27.49641, "data_hora_gmt": "2026-04-21T17:07:00Z", "data_pas": "2026-04-21", "satelite": "NOAA-21", "municipio": "PALMEIRA", "estado": "SANTA CATARINA", "pais": "Brasil", "precipitacao": null, "numero_dias_sem_chuva": null, "risco_fogo": null, "bioma": "Mata Atlântica", "id_0": 33, "id_1": 42, "id_2": 4212056, "continente_id": 8, "vegetacao": null, "grade_wrs": "221_079", "frp": 5.7}, "bbox": [-50.25231, -27.49641, -50.25231, -27.49641]}, {"type": "Feature", "id": "focos_48h_br_todosats.fid--145fdae9_19db31250eb_43c6", "geometry": {"type": "Point", "coordinates": [-53.36111, -19.39131]}, "geometry_name": "geometria", "properties": {"id_foco_bdq": 1814983461, "foco_id": "8934e2b5-3e68-35a7-8142-f18e8c0abf3e", "longitude": -53.36111, "latitude": -19.39131, "data_hora_gmt": "2026-04-21T17:07:00Z", "data_pas": "2026-04-21", "satelite": "NOAA-21", "municipio": "PARAÍSO DAS ÁGUAS", "estado": "MATO GROSSO DO SUL", "pais": "Brasil", "precipitacao": null, "numero_dias_sem_chuva": null, "risco_fogo": null, "bioma": "Cerrado", "id_0": 33, "id_1": 50, "id_2": 5006275, "continente_id": 8, "vegetacao": null, "grade_wrs": "224_073", "frp": 4.6}, "bbox": [-53.36111, -19.39131, -53.36111, -19.39131]}, {"type": "Feature", "id": "focos_48h_br_todosats.fid--145fdae9_19db31250eb_43c7", "geometry": {"type": "Point", "coordinates": [-46.03912, -17.4893]}, "geometry_name": "geometria", "properties": {"id_foco_bdq": 1814983466, "foco_id": "26dff3bf-d3c8-388e-a9ec-d0c608fbae11", "longitude": -46.03912, "latitude": -17.4893, "data_hora_gmt": "2026-04-21T17:07:00Z", "data_pas": "2026-04-21", "satelite": "NOAA-21", "municipio": "JOÃO PINHEIRO", "estado": "MINAS GERAIS", "pais": "Brasil", "precipitacao": null, "numero_dias_sem_chuva": null, "risco_fogo": null, "bioma": "Cerrado", "id_0": 33, "id_1": 31, "id_2": 3136306, "continente_id": 8, "vegetacao": null, "grade_wrs": "220_072", "frp": 10}, "bbox": [-46.03912, -17.4893, -46.03912, -17.4893]}, {"type": "Feature", "id": "focos_48h_br_todosats.fid--145fdae9_19db31250eb_43c9", "geometry": {"type": "Point", "coordinates": [-46.25628, -20.1103]}, "geometry_name": "geometria", "properties": {"id_foco_bdq": 1814983467, "foco_id": "506f0502-7374-3388-bd0d-2958318f5642", "longitude": -46.25628, "latitude": -20.1103, "data_hora_gmt": "2026-04-21T17:07:00Z", "data_pas": "2026-04-21", "satelite": "NOAA-21", "municipio": "MEDEIROS", "estado": "MINAS GERAIS", "pais": "Brasil", "precipitacao": null, "numero_dias_sem_chuva": null, "risco_fogo": null, "bioma": "Cerrado", "id_0": 33, "id_1": 31, "id_2": 3141306, "continente_id": 8, "vegetacao": null, "grade_wrs": "219_074", "frp": 2.8}, "bbox": [-46.25628, -20.1103, -46.25628, -20.1103]}, {"type": "Feature", "id": "focos_48h_br_todosats.fid--145fdae9_19db31250eb_43ca", "geometry": {"type": "Point", "coordinates": [-56.12546, -15.44265]}, "geometry_name": "geometria", "properties": {"id_foco_bdq": 1814983492, "foco_id": "6557dba9-2b3a-3d73-906b-858712820447", "longitude": -56.12546, "latitude": -15.44265, "data_hora_gmt": "2026-04-21T17:07:00Z", "data_pas": "2026-04-21", "satelite": "NOAA-21", "municipio": "CUIABÁ", "estado": "MATO GROSSO", "pais": "Brasil", "precipitacao": null, "numero_dias_sem_chuva": null, "risco_fogo": null, "bioma": "Cerrado", "id_0": 33, "id_1": 51, "id_2": 5103403, "continente_id": 8, "vegetacao": null, "grade_wrs": "226_071", "frp": 3.2}, "bbox": [-56.12546, -15.44265, -56.12546, -15.44265]}, {"type": "Feature", "id": "focos_48h_br_todosats.fid--145fdae9_19db31250eb_43cc", "geometry": {"type": "Point", "coordinates": [-54.92629, -16.42428]}, "geometry_name": "geometria", "properties": {"id_foco_bdq": 1814983499, "foco_id": "cac262a0-ea12-36e1-8b11-0f1a35abcb26", "longitude": -54.92629, "latitude": -16.42428, "data_hora_gmt": "2026-04-21T17:07:00Z", "data_pas": "2026-04-21", "satelite": "NOAA-21", "municipio": "RONDONÓPOLIS", "estado": "MATO GROSSO", "pais": "Brasil", "precipitacao": null, "numero_dias_sem_chuva": null, "risco_fogo": null, "bioma": "Cerrado", "id_0": 33, "id_1": 51, "id_2": 5107602, "continente_id": 8, "vegetacao": null, "grade_wrs": "225_071", "frp": 6}, "bbox": [-54.92629, -16.42428, -54.92629, -16.42428]}, {"type": "Feature", "id": "focos_48h_br_todosats.fid--145fdae9_19db31250eb_43cd", "geometry": {"type": "Point", "coordinates": [-45.53671, -18.95813]}, "geometry_name": "geometria", "properties": {"id_foco_bdq": 1814983504, "foco_id": "ba2cf51a-5b12-334f-9952-d26f08e714a0", "longitude": -45.53671, "latitude": -18.95813, "data_hora_gmt": "2026-04-21T17:07:00Z", "data_pas": "2026-04-21", "satelite": "NOAA-21", "municipio": "PAINEIRAS", "estado": "MINAS GERAIS", "pais": "Brasil", "precipitacao": null, "numero_dias_sem_chuva": null, "risco_fogo": null, "bioma": "Cerrado", "id_0": 33, "id_1": 31, "id_2": 3146404, "continente_id": 8, "vegetacao": null, "grade_wrs": "219_073", "frp": 3.9}, "bbox": [-45.53671, -18.95813, -45.53671, -18.95813]}, {"type": "Feature", "id": "focos_48h_br_todosats.fid--145fdae9_19db31250eb_43cf", "geometry": {"type": "Point", "coordinates": [-49.59302, -20.03706]}, "geometry_name": "geometria", "properties": {"id_foco_bdq": 1814983508, "foco_id": "8c28c0dd-fe5d-35ef-99ab-7cbc80afe079", "longitude": -49.59302, "latitude": -20.03706, "data_hora_gmt": "2026-04-21T17:07:00Z", "data_pas": "2026-04-21", "satelite": "NOAA-21", "municipio": "RIOLÂNDIA", "estado": "SÃO PAULO", "pais": "Brasil", "precipitacao": null, "numero_dias_sem_chuva": null, "risco_fogo": null, "bioma": "Mata Atlântica", "id_0": 33, "id_1": 35, "id_2": 3544202, "continente_id": 8, "vegetacao": null, "grade_wrs": "221_074", "frp": 5.1}, "bbox": [-49.59302, -20.03706, -49.59302, -20.03706]}, {"type": "Feature", "id": "focos_48h_br_todosats.fid--145fdae9_19db31250eb_43d0", "geometry": {"type": "Point", "coordinates": [-45.33578, -13.39235]}, "geometry_name": "geometria", "properties": {"id_foco_bdq": 1814983518, "foco_id": "39ff4c2e-a526-319a-8674-83b7d615d305", "longitude": -45.33578, "latitude": -13.39235, "data_hora_gmt": "2026-04-21T17:07:00Z", "data_pas": "2026-04-21", "satelite": "NOAA-21", "municipio": "CORRENTINA", "estado": "BAHIA", "pais": "Brasil", "precipitacao": null, "numero_dias_sem_chuva": null, "risco_fogo": null, "bioma": "Cerrado", "id_0": 33, "id_1": 29, "id_2": 2909307, "continente_id": 8, "vegetacao": null, "grade_wrs": "220_069", "frp": 31.9}, "bbox": [-45.33578, -13.39235, -45.33578, -13.39235]}, {"type": "Feature", "id": "focos_48h_br_todosats.fid--145fdae9_19db31250eb_43d2", "geometry": {"type": "Point", "coordinates": [-50.83801, -27.39721]}, "geometry_name": "geometria", "properties": {"id_foco_bdq": 1814983589, "foco_id": "1de69d04-d8bf-364a-abb7-e024126546a5", "longitude": -50.83801, "latitude": -27.39721, "data_hora_gmt": "2026-04-21T17:07:00Z", "data_pas": "2026-04-21", "satelite": "NOAA-21", "municipio": "BRUNÓPOLIS", "estado": "SANTA CATARINA", "pais": "Brasil", "precipitacao": null, "numero_dias_sem_chuva": null, "risco_fogo": null, "bioma": "Mata Atlântica", "id_0": 33, "id_1": 42, "id_2": 4202875, "continente_id": 8, "vegetacao": null, "grade_wrs": "221_079", "frp": 3.4}, "bbox": [-50.83801, -27.39721, -50.83801, -27.39721]}, {"type": "Feature", "id": "focos_48h_br_todosats.fid--145fdae9_19db31250eb_43d3", "geometry": {"type": "Point", "coordinates": [-43.01552, -12.91964]}, "geometry_name": "geometria", "properties": {"id_foco_bdq": 1814983652, "foco_id": "dc5c343e-bc2c-3d96-b614-d4ae8f2565e5", "longitude": -43.01552, "latitude": -12.91964, "data_hora_gmt": "2026-04-21T17:07:00Z", "data_pas": "2026-04-21", "satelite": "NOAA-21", "municipio": "PARATINGA", "estado": "BAHIA", "pais": "Brasil", "precipitacao": null, "numero_dias_sem_chuva": null, "risco_fogo": null, "bioma": "Caatinga", "id_0": 33, "id_1": 29, "id_2": 2923704, "continente_id": 8, "vegetacao": null, "grade_wrs": "218_069", "frp": 4.7}, "bbox": [-43.01552, -12.91964, -43.01552, -12.91964]}, {"type": "Feature", "id": "focos_48h_br_todosats.fid--145fdae9_19db31250eb_43d5", "geometry": {"type": "Point", "coordinates": [-45.35632, -13.96077]}, "geometry_name": "geometria", "properties": {"id_foco_bdq": 1814983745, "foco_id": "71ae5432-b92a-33ae-ad29-b24ee68e64d6", "longitude": -45.35632, "latitude": -13.96077, "data_hora_gmt": "2026-04-21T17:07:00Z", "data_pas": "2026-04-21", "satelite": "NOAA-21", "municipio": "JABORANDI", "estado": "BAHIA", "pais": "Brasil", "precipitacao": null, "numero_dias_sem_chuva": null, "risco_fogo": null, "bioma": "Cerrado", "id_0": 33, "id_1": 29, "id_2": 2917359, "continente_id": 8, "vegetacao": null, "grade_wrs": "220_070", "frp": 10.6}, "bbox": [-45.35632, -13.96077, -45.35632, -13.96077]}, {"type": "Feature", "id": "focos_48h_br_todosats.fid--145fdae9_19db31250eb_43d6", "geometry": {"type": "Point", "coordinates": [-41.17612, -12.62467]}, "geometry_name": "geometria", "properties": {"id_foco_bdq": 1814983807, "foco_id": "d80153b3-e5f9-3cbc-bf79-a22a45dc02a8", "longitude": -41.17612, "latitude": -12.62467, "data_hora_gmt": "2026-04-21T17:07:00Z", "data_pas": "2026-04-21", "satelite": "NOAA-21", "municipio": "ANDARAÍ", "estado": "BAHIA", "pais": "Brasil", "precipitacao": null, "numero_dias_sem_chuva": null, "risco_fogo": null, "bioma": "Caatinga", "id_0": 33, "id_1": 29, "id_2": 2901304, "continente_id": 8, "vegetacao": null, "grade_wrs": "217_069", "frp": 5.2}, "bbox": [-41.17612, -12.62467, -41.17612, -12.62467]}, {"type": "Feature", "id": "focos_48h_br_todosats.fid--145fdae9_19db31250eb_43d8", "geometry": {"type": "Point", "coordinates": [-51.08844, -27.41343]}, "geometry_name": "geometria", "properties": {"id_foco_bdq": 1814983980, "foco_id": "6a9ec4c0-c417-3598-88e9-6f9a68f5f9b2", "longitude": -51.08844, "latitude": -27.41343, "data_hora_gmt": "2026-04-21T17:07:00Z", "data_pas": "2026-04-21", "satelite": "NOAA-21", "municipio": "CAMPOS NOVOS", "estado": "SANTA CATARINA", "pais": "Brasil", "precipitacao": null, "numero_dias_sem_chuva": null, "risco_fogo": null, "bioma": "Mata Atlântica", "id_0": 33, "id_1": 42, "id_2": 4203600, "continente_id": 8, "vegetacao": null, "grade_wrs": "221_079", "frp": 2.5}, "bbox": [-51.08844, -27.41343, -51.08844, -27.41343]}, {"type": "Feature", "id": "focos_48h_br_todosats.fid--145fdae9_19db31250eb_43d9", "geometry": {"type": "Point", "coordinates": [-50.57964, -26.69984]}, "geometry_name": "geometria", "properties": {"id_foco_bdq": 1814984005, "foco_id": "6b87a3f7-9d27-3abe-adb4-b4c805d2d48e", "longitude": -50.57964, "latitude": -26.69984, "data_hora_gmt": "2026-04-21T17:07:00Z", "data_pas": "2026-04-21", "satelite": "NOAA-21", "municipio": "TIMBÓ GRANDE", "estado": "SANTA CATARINA", "pais": "Brasil", "precipitacao": null, "numero_dias_sem_chuva": null, "risco_fogo": null, "bioma": "Mata Atlântica", "id_0": 33, "id_1": 42, "id_2": 4218251, "continente_id": 8, "vegetacao": null, "grade_wrs": "221_079", "frp": 27.1}, "bbox": [-50.57964, -26.69984, -50.57964, -26.69984]}, {"type": "Feature", "id": "focos_48h_br_todosats.fid--145fdae9_19db31250eb_43da", "geometry": {"type": "Point", "coordinates": [-42.70071, -18.22692]}, "geometry_name": "geometria", "properties": {"id_foco_bdq": 1814984029, "foco_id": "67e15f59-6748-33e4-be31-47a9eb42cd93", "longitude": -42.70071, "latitude": -18.22692, "data_hora_gmt": "2026-04-21T17:07:00Z", "data_pas": "2026-04-21", "satelite": "NOAA-21", "municipio": "SÃO JOSÉ DO JACURI", "estado": "MINAS GERAIS", "pais": "Brasil", "precipitacao": null, "numero_dias_sem_chuva": null, "risco_fogo": null, "bioma": "Mata Atlântica", "id_0": 33, "id_1": 31, "id_2": 3163508, "continente_id": 8, "vegetacao": null, "grade_wrs": "217_073", "frp": 2.6}, "bbox": [-42.70071, -18.22692, -42.70071, -18.22692]}, {"type": "Feature", "id": "focos_48h_br_todosats.fid--145fdae9_19db31250eb_43dc", "geometry": {"type": "Point", "coordinates": [-50.59656, -27.18796]}, "geometry_name": "geometria", "properties": {"id_foco_bdq": 1814984092, "foco_id": "00652a2a-07cb-34eb-9962-67d23f1849ec", "longitude": -50.59656, "latitude": -27.18796, "data_hora_gmt": "2026-04-21T17:07:00Z", "data_pas": "2026-04-21", "satelite": "NOAA-21", "municipio": "PONTE ALTA DO NORTE", "estado": "SANTA CATARINA", "pais": "Brasil", "precipitacao": null, "numero_dias_sem_chuva": null, "risco_fogo": null, "bioma": "Mata Atlântica", "id_0": 33, "id_1": 42, "id_2": 4213351, "continente_id": 8, "vegetacao": null, "grade_wrs": "221_079", "frp": 44.2}, "bbox": [-50.59656, -27.18796, -50.59656, -27.18796]}, {"type": "Feature", "id": "focos_48h_br_todosats.fid--145fdae9_19db31250eb_43dd", "geometry": {"type": "Point", "coordinates": [-50.37934, -26.96848]}, "geometry_name": "geometria", "properties": {"id_foco_bdq": 1814984104, "foco_id": "5a52a0a4-c3af-3fef-a449-7165642a80c8", "longitude": -50.37934, "latitude": -26.96848, "data_hora_gmt": "2026-04-21T17:07:00Z", "data_pas": "2026-04-21", "satelite": "NOAA-21", "municipio": "SANTA CECÍLIA", "estado": "SANTA CATARINA", "pais": "Brasil", "precipitacao": null, "numero_dias_sem_chuva": null, "risco_fogo": null, "bioma": "Mata Atlântica", "id_0": 33, "id_1": 42, "id_2": 4215505, "continente_id": 8, "vegetacao": null, "grade_wrs": "221_079", "frp": 2.4}, "bbox": [-50.37934, -26.96848, -50.37934, -26.96848]}, {"type": "Feature", "id": "focos_48h_br_todosats.fid--145fdae9_19db31250eb_43df", "geometry": {"type": "Point", "coordinates": [-50.0763, -25.17737]}, "geometry_name": "geometria", "properties": {"id_foco_bdq": 1814984118, "foco_id": "c6332df6-07d0-34be-ac05-eac2ddec015c", "longitude": -50.0763, "latitude": -25.17737, "data_hora_gmt": "2026-04-21T17:07:00Z", "data_pas": "2026-04-21", "satelite": "NOAA-21", "municipio": "PONTA GROSSA", "estado": "PARANÁ", "pais": "Brasil", "precipitacao": null, "numero_dias_sem_chuva": null, "risco_fogo": null, "bioma": "Mata Atlântica", "id_0": 33, "id_1": 41, "id_2": 4119905, "continente_id": 8, "vegetacao": null, "grade_wrs": "221_077", "frp": 8.1}, "bbox": [-50.0763, -25.17737, -50.0763, -25.17737]}, {"type": "Feature", "id": "focos_48h_br_todosats.fid--145fdae9_19db31250eb_43e1", "geometry": {"type": "Point", "coordinates": [-47.87955, -16.37001]}, "geometry_name": "geometria", "properties": {"id_foco_bdq": 1814984191, "foco_id": "5d7677fc-c80c-333e-adb8-2a4231efc8df", "longitude": -47.87955, "latitude": -16.37001, "data_hora_gmt": "2026-04-21T17:07:00Z", "data_pas": "2026-04-21", "satelite": "NOAA-21", "municipio": "LUZIÂNIA", "estado": "GOIÁS", "pais": "Brasil", "precipitacao": null, "numero_dias_sem_chuva": null, "risco_fogo": null, "bioma": "Cerrado", "id_0": 33, "id_1": 52, "id_2": 5212501, "continente_id": 8, "vegetacao": null, "grade_wrs": "221_071", "frp": 5.6}, "bbox": [-47.87955, -16.37001, -47.87955, -16.37001]}, {"type": "Feature", "id": "focos_48h_br_todosats.fid--145fdae9_19db31250eb_43e2", "geometry": {"type": "Point", "coordinates": [-40.47521, -13.0313]}, "geometry_name": "geometria", "properties": {"id_foco_bdq": 1814984251, "foco_id": "f9271b2f-15be-3206-bf27-c615e48be050", "longitude": -40.47521, "latitude": -13.0313, "data_hora_gmt": "2026-04-21T17:07:00Z", "data_pas": "2026-04-21", "satelite": "NOAA-21", "municipio": "MARCIONÍLIO SOUZA", "estado": "BAHIA", "pais": "Brasil", "precipitacao": null, "numero_dias_sem_chuva": null, "risco_fogo": null, "bioma": "Caatinga", "id_0": 33, "id_1": 29, "id_2": 2920809, "continente_id": 8, "vegetacao": null, "grade_wrs": "217_069", "frp": 12.8}, "bbox": [-40.47521, -13.0313, -40.47521, -13.0313]}, {"type": "Feature", "id": "focos_48h_br_todosats.fid--145fdae9_19db31250eb_43e4", "geometry": {"type": "Point", "coordinates": [-43.60782, -13.02404]}, "geometry_name": "geometria", "properties": {"id_foco_bdq": 1814984257, "foco_id": "8e3009ef-1b19-34d2-b12b-b14447ef4dfc", "longitude": -43.60782, "latitude": -13.02404, "data_hora_gmt": "2026-04-21T17:07:00Z", "data_pas": "2026-04-21", "satelite": "NOAA-21", "municipio": "SÍTIO DO MATO", "estado": "BAHIA", "pais": "Brasil", "precipitacao": null, "numero_dias_sem_chuva": null, "risco_fogo": null, "bioma": "Cerrado", "id_0": 33, "id_1": 29, "id_2": 2930758, "continente_id": 8, "vegetacao": null, "grade_wrs": "219_069", "frp": 5.2}, "bbox": [-43.60782, -13.02404, -43.60782, -13.02404]}, {"type": "Feature", "id": "focos_48h_br_todosats.fid--145fdae9_19db31250eb_43e5", "geometry": {"type": "Point", "coordinates": [-50.46741, -27.49817]}, "geometry_name": "geometria", "properties": {"id_foco_bdq": 1814984287, "foco_id": "4f3a5db4-7638-34c5-89d0-1fdd5edcf07f", "longitude": -50.46741, "latitude": -27.49817, "data_hora_gmt": "2026-04-21T17:07:00Z", "data_pas": "2026-04-21", "satelite": "NOAA-21", "municipio": "CORREIA PINTO", "estado": "SANTA CATARINA", "pais": "Brasil", "precipitacao": null, "numero_dias_sem_chuva": null, "risco_fogo": null, "bioma": "Mata Atlântica", "id_0": 33, "id_1": 42, "id_2": 4204558, "continente_id": 8, "vegetacao": null, "grade_wrs": "221_079", "frp": 4.8}, "bbox": [-50.46741, -27.49817, -50.46741, -27.49817]}, {"type": "Feature", "id": "focos_48h_br_todosats.fid--145fdae9_19db31250eb_43e7", "geometry": {"type": "Point", "coordinates": [-51.67329, -21.25546]}, "geometry_name": "geometria", "properties": {"id_foco_bdq": 1814984313, "foco_id": "fc3679d7-9a90-3651-83ae-11df5561322f", "longitude": -51.67329, "latitude": -21.25546, "data_hora_gmt": "2026-04-21T17:07:00Z", "data_pas": "2026-04-21", "satelite": "NOAA-21", "municipio": "SÃO JOÃO DO PAU D'ALHO", "estado": "SÃO PAULO", "pais": "Brasil", "precipitacao": null, "numero_dias_sem_chuva": null, "risco_fogo": null, "bioma": "Mata Atlântica", "id_0": 33, "id_1": 35, "id_2": 3549300, "continente_id": 8, "vegetacao": null, "grade_wrs": "223_075", "frp": 3.9}, "bbox": [-51.67329, -21.25546, -51.67329, -21.25546]}, {"type": "Feature", "id": "focos_48h_br_todosats.fid--145fdae9_19db31250eb_43e8", "geometry": {"type": "Point", "coordinates": [-50.60106, -27.18523]}, "geometry_name": "geometria", "properties": {"id_foco_bdq": 1814984324, "foco_id": "0c68b7d7-d875-3c44-8407-63c43ca0bc31", "longitude": -50.60106, "latitude": -27.18523, "data_hora_gmt": "2026-04-21T17:07:00Z", "data_pas": "2026-04-21", "satelite": "NOAA-21", "municipio": "PONTE ALTA DO NORTE", "estado": "SANTA CATARINA", "pais": "Brasil", "precipitacao": null, "numero_dias_sem_chuva": null, "risco_fogo": null, "bioma": "Mata Atlântica", "id_0": 33, "id_1": 42, "id_2": 4213351, "continente_id": 8, "vegetacao": null, "grade_wrs": "221_079", "frp": 44.2}, "bbox": [-50.60106, -27.18523, -50.60106, -27.18523]}, {"type": "Feature", "id": "focos_48h_br_todosats.fid--145fdae9_19db31250eb_43e9", "geometry": {"type": "Point", "coordinates": [-51.59953, -26.80505]}, "geometry_name": "geometria", "properties": {"id_foco_bdq": 1814984388, "foco_id": "51ebc94c-a2e7-363f-8783-cac31e8aac2f", "longitude": -51.59953, "latitude": -26.80505, "data_hora_gmt": "2026-04-21T17:07:00Z", "data_pas": "2026-04-21", "satelite": "NOAA-21", "municipio": "ÁGUA DOCE", "estado": "SANTA CATARINA", "pais": "Brasil", "precipitacao": null, "numero_dias_sem_chuva": null, "risco_fogo": null, "bioma": "Mata Atlântica", "id_0": 33, "id_1": 42, "id_2": 4200408, "continente_id": 8, "vegetacao": null, "grade_wrs": "222_079", "frp": 2}, "bbox": [-51.59953, -26.80505, -51.59953, -26.80505]}, {"type": "Feature", "id": "focos_48h_br_todosats.fid--145fdae9_19db31250eb_43ea", "geometry": {"type": "Point", "coordinates": [-48.84064, -24.99508]}, "geometry_name": "geometria", "properties": {"id_foco_bdq": 1814984394, "foco_id": "19b8a9de-015a-3533-9c7a-815141a0b581", "longitude": -48.84064, "latitude": -24.99508, "data_hora_gmt": "2026-04-21T17:07:00Z", "data_pas": "2026-04-21", "satelite": "NOAA-21", "municipio": "TUNAS DO PARANÁ", "estado": "PARANÁ", "pais": "Brasil", "precipitacao": null, "numero_dias_sem_chuva": null, "risco_fogo": null, "bioma": "Mata Atlântica", "id_0": 33, "id_1": 41, "id_2": 4127882, "continente_id": 8, "vegetacao": null, "grade_wrs": "220_077", "frp": 3.3}, "bbox": [-48.84064, -24.99508, -48.84064, -24.99508]}, {"type": "Feature", "id": "focos_48h_br_todosats.fid--145fdae9_19db31250eb_43eb", "geometry": {"type": "Point", "coordinates": [-51.67386, -21.25216]}, "geometry_name": "geometria", "properties": {"id_foco_bdq": 1814984399, "foco_id": "c446db73-704f-3aac-8c4d-c443f51d19cb", "longitude": -51.67386, "latitude": -21.25216, "data_hora_gmt": "2026-04-21T17:07:00Z", "data_pas": "2026-04-21", "satelite": "NOAA-21", "municipio": "SÃO JOÃO DO PAU D'ALHO", "estado": "SÃO PAULO", "pais": "Brasil", "precipitacao": null, "numero_dias_sem_chuva": null, "risco_fogo": null, "bioma": "Mata Atlântica", "id_0": 33, "id_1": 35, "id_2": 3549300, "continente_id": 8, "vegetacao": null, "grade_wrs": "223_075", "frp": 3.9}, "bbox": [-51.67386, -21.25216, -51.67386, -21.25216]}, {"type": "Feature", "id": "focos_48h_br_todosats.fid--145fdae9_19db31250eb_43ed", "geometry": {"type": "Point", "coordinates": [-43.31638, -13.66198]}, "geometry_name": "geometria", "properties": {"id_foco_bdq": 1814984443, "foco_id": "7dc2ee19-9dab-3490-bade-b6c4bf90dcf2", "longitude": -43.31638, "latitude": -13.66198, "data_hora_gmt": "2026-04-21T17:07:00Z", "data_pas": "2026-04-21", "satelite": "NOAA-21", "municipio": "BOM JESUS DA LAPA", "estado": "BAHIA", "pais": "Brasil", "precipitacao": null, "numero_dias_sem_chuva": null, "risco_fogo": null, "bioma": "Caatinga", "id_0": 33, "id_1": 29, "id_2": 2903904, "continente_id": 8, "vegetacao": null, "grade_wrs": "218_070", "frp": 1.1}, "bbox": [-43.31638, -13.66198, -43.31638, -13.66198]}, {"type": "Feature", "id": "focos_48h_br_todosats.fid--145fdae9_19db31250eb_43ee", "geometry": {"type": "Point", "coordinates": [-42.64384, -13.75998]}, "geometry_name": "geometria", "properties": {"id_foco_bdq": 1814984470, "foco_id": "ca397740-c72c-3924-8185-1e89fa13e8af", "longitude": -42.64384, "latitude": -13.75998, "data_hora_gmt": "2026-04-21T17:07:00Z", "data_pas": "2026-04-21", "satelite": "NOAA-21", "municipio": "IGAPORÃ", "estado": "BAHIA", "pais": "Brasil", "precipitacao": null, "numero_dias_sem_chuva": null, "risco_fogo": null, "bioma": "Caatinga", "id_0": 33, "id_1": 29, "id_2": 2913408, "continente_id": 8, "vegetacao": null, "grade_wrs": "218_070", "frp": 3.2}, "bbox": [-42.64384, -13.75998, -42.64384, -13.75998]}, {"type": "Feature", "id": "focos_48h_br_todosats.fid--145fdae9_19db31250eb_43f0", "geometry": {"type": "Point", "coordinates": [-54.92183, -16.42715]}, "geometry_name": "geometria", "properties": {"id_foco_bdq": 1814984598, "foco_id": "c3173f38-8f2f-39d2-bb52-018f8b7c9573", "longitude": -54.92183, "latitude": -16.42715, "data_hora_gmt": "2026-04-21T17:07:00Z", "data_pas": "2026-04-21", "satelite": "NOAA-21", "municipio": "RONDONÓPOLIS", "estado": "MATO GROSSO", "pais": "Brasil", "precipitacao": null, "numero_dias_sem_chuva": null, "risco_fogo": null, "bioma": "Cerrado", "id_0": 33, "id_1": 51, "id_2": 5107602, "continente_id": 8, "vegetacao": null, "grade_wrs": "225_071", "frp": 6.4}, "bbox": [-54.92183, -16.42715, -54.92183, -16.42715]}, {"type": "Feature", "id": "focos_48h_br_todosats.fid--145fdae9_19db31250eb_43f2", "geometry": {"type": "Point", "coordinates": [-45.93266, -19.71863]}, "geometry_name": "geometria", "properties": {"id_foco_bdq": 1814984612, "foco_id": "73ea7f07-b77c-3ea6-afc8-c2d401ece3e5", "longitude": -45.93266, "latitude": -19.71863, "data_hora_gmt": "2026-04-21T17:07:00Z", "data_pas": "2026-04-21", "satelite": "NOAA-21", "municipio": "CÓRREGO DANTA", "estado": "MINAS GERAIS", "pais": "Brasil", "precipitacao": null, "numero_dias_sem_chuva": null, "risco_fogo": null, "bioma": "Cerrado", "id_0": 33, "id_1": 31, "id_2": 3119807, "continente_id": 8, "vegetacao": null, "grade_wrs": "219_074", "frp": 3.5}, "bbox": [-45.93266, -19.71863, -45.93266, -19.71863]}, {"type": "Feature", "id": "focos_48h_br_todosats.fid--145fdae9_19db31250eb_43f4", "geometry": {"type": "Point", "coordinates": [-47.37369, -13.92881]}, "geometry_name": "geometria", "properties": {"id_foco_bdq": 1814984663, "foco_id": "10645b27-aec8-36ab-88fe-a44bf7424d04", "longitude": -47.37369, "latitude": -13.92881, "data_hora_gmt": "2026-04-21T17:07:00Z", "data_pas": "2026-04-21", "satelite": "NOAA-21", "municipio": "CAVALCANTE", "estado": "GOIÁS", "pais": "Brasil", "precipitacao": null, "numero_dias_sem_chuva": null, "risco_fogo": null, "bioma": "Cerrado", "id_0": 33, "id_1": 52, "id_2": 5205307, "continente_id": 8, "vegetacao": null, "grade_wrs": "221_070", "frp": 5.8}, "bbox": [-47.37369, -13.92881, -47.37369, -13.92881]}, {"type": "Feature", "id": "focos_48h_br_todosats.fid--145fdae9_19db31250eb_43f6", "geometry": {"type": "Point", "coordinates": [-43.84193, -15.53467]}, "geometry_name": "geometria", "properties": {"id_foco_bdq": 1814984673, "foco_id": "4742fac0-0895-34e5-9623-2b5550f2332b", "longitude": -43.84193, "latitude": -15.53467, "data_hora_gmt": "2026-04-21T17:07:00Z", "data_pas": "2026-04-21", "satelite": "NOAA-21", "municipio": "VARZELÂNDIA", "estado": "MINAS GERAIS", "pais": "Brasil", "precipitacao": null, "numero_dias_sem_chuva": null, "risco_fogo": null, "bioma": "Caatinga", "id_0": 33, "id_1": 31, "id_2": 3170909, "continente_id": 8, "vegetacao": null, "grade_wrs": "218_071", "frp": 12.9}, "bbox": [-43.84193, -15.53467, -43.84193, -15.53467]}, {"type": "Feature", "id": "focos_48h_br_todosats.fid--145fdae9_19db31250eb_43f8", "geometry": {"type": "Point", "coordinates": [-44.56926, -16.31526]}, "geometry_name": "geometria", "properties": {"id_foco_bdq": 1814984687, "foco_id": "ab486c66-cd75-3f83-8f88-fecbfa1840d4", "longitude": -44.56926, "latitude": -16.31526, "data_hora_gmt": "2026-04-21T17:07:00Z", "data_pas": "2026-04-21", "satelite": "NOAA-21", "municipio": "BRASÍLIA DE MINAS", "estado": "MINAS GERAIS", "pais": "Brasil", "precipitacao": null, "numero_dias_sem_chuva": null, "risco_fogo": null, "bioma": "Cerrado", "id_0": 33, "id_1": 31, "id_2": 3108602, "continente_id": 8, "vegetacao": null, "grade_wrs": "219_071", "frp": 6.6}, "bbox": [-44.56926, -16.31526, -44.56926, -16.31526]}, {"type": "Feature", "id": "focos_48h_br_todosats.fid--145fdae9_19db31250eb_43fa", "geometry": {"type": "Point", "coordinates": [-41.30064, -14.13954]}, "geometry_name": "geometria", "properties": {"id_foco_bdq": 1814984712, "foco_id": "cf58e828-b546-35ea-be9d-c2be3bf065e9", "longitude": -41.30064, "latitude": -14.13954, "data_hora_gmt": "2026-04-21T17:07:00Z", "data_pas": "2026-04-21", "satelite": "NOAA-21", "municipio": "TANHAÇU", "estado": "BAHIA", "pais": "Brasil", "precipitacao": null, "numero_dias_sem_chuva": null, "risco_fogo": null, "bioma": "Caatinga", "id_0": 33, "id_1": 29, "id_2": 2931004, "continente_id": 8, "vegetacao": null, "grade_wrs": "217_070", "frp": 4.8}, "bbox": [-41.30064, -14.13954, -41.30064, -14.13954]}, {"type": "Feature", "id": "focos_48h_br_todosats.fid--145fdae9_19db31250eb_43fb", "geometry": {"type": "Point", "coordinates": [-46.83366, -17.16578]}, "geometry_name": "geometria", "properties": {"id_foco_bdq": 1814984730, "foco_id": "980b004b-1bff-349c-af05-635b6ee6ea53", "longitude": -46.83366, "latitude": -17.16578, "data_hora_gmt": "2026-04-21T17:07:00Z", "data_pas": "2026-04-21", "satelite": "NOAA-21", "municipio": "PARACATU", "estado": "MINAS GERAIS", "pais": "Brasil", "precipitacao": null, "numero_dias_sem_chuva": null, "risco_fogo": null, "bioma": "Cerrado", "id_0": 33, "id_1": 31, "id_2": 3147006, "continente_id": 8, "vegetacao": null, "grade_wrs": "220_072", "frp": 6.5}, "bbox": [-46.83366, -17.16578, -46.83366, -17.16578]}, {"type": "Feature", "id": "focos_48h_br_todosats.fid--145fdae9_19db31250eb_43fd", "geometry": {"type": "Point", "coordinates": [-49.38979, -25.10921]}, "geometry_name": "geometria", "properties": {"id_foco_bdq": 1814984758, "foco_id": "35708df6-4c8e-3b06-b79c-104722a10bdd", "longitude": -49.38979, "latitude": -25.10921, "data_hora_gmt": "2026-04-21T17:07:00Z", "data_pas": "2026-04-21", "satelite": "NOAA-21", "municipio": "RIO BRANCO DO SUL", "estado": "PARANÁ", "pais": "Brasil", "precipitacao": null, "numero_dias_sem_chuva": null, "risco_fogo": null, "bioma": "Mata Atlântica", "id_0": 33, "id_1": 41, "id_2": 4122206, "continente_id": 8, "vegetacao": null, "grade_wrs": "221_077", "frp": 3}, "bbox": [-49.38979, -25.10921, -49.38979, -25.10921]}, {"type": "Feature", "id": "focos_48h_br_todosats.fid--145fdae9_19db31250eb_43fe", "geometry": {"type": "Point", "coordinates": [-47.37566, -13.92039]}, "geometry_name": "geometria", "properties": {"id_foco_bdq": 1814984780, "foco_id": "2f0c91d2-1055-3fd9-b691-8c03745d7702", "longitude": -47.37566, "latitude": -13.92039, "data_hora_gmt": "2026-04-21T17:07:00Z", "data_pas": "2026-04-21", "satelite": "NOAA-21", "municipio": "CAVALCANTE", "estado": "GOIÁS", "pais": "Brasil", "precipitacao": null, "numero_dias_sem_chuva": null, "risco_fogo": null, "bioma": "Cerrado", "id_0": 33, "id_1": 52, "id_2": 5205307, "continente_id": 8, "vegetacao": null, "grade_wrs": "221_070", "frp": 13.2}, "bbox": [-47.37566, -13.92039, -47.37566, -13.92039]}, {"type": "Feature", "id": "focos_48h_br_todosats.fid--145fdae9_19db31250eb_43ff", "geometry": {"type": "Point", "coordinates": [-45.33079, -13.38964]}, "geometry_name": "geometria", "properties": {"id_foco_bdq": 1814984822, "foco_id": "8193c192-c4b1-373b-9707-11d7f1c27e4c", "longitude": -45.33079, "latitude": -13.38964, "data_hora_gmt": "2026-04-21T17:07:00Z", "data_pas": "2026-04-21", "satelite": "NOAA-21", "municipio": "CORRENTINA", "estado": "BAHIA", "pais": "Brasil", "precipitacao": null, "numero_dias_sem_chuva": null, "risco_fogo": null, "bioma": "Cerrado", "id_0": 33, "id_1": 29, "id_2": 2909307, "continente_id": 8, "vegetacao": null, "grade_wrs": "220_069", "frp": 34.7}, "bbox": [-45.33079, -13.38964, -45.33079, -13.38964]}, {"type": "Feature", "id": "focos_48h_br_todosats.fid--145fdae9_19db31250eb_4400", "geometry": {"type": "Point", "coordinates": [-50.38099, -25.37455]}, "geometry_name": "geometria", "properties": {"id_foco_bdq": 1814984851, "foco_id": "28ff7664-349b-3b09-a7dd-5df45d687e6b", "longitude": -50.38099, "latitude": -25.37455, "data_hora_gmt": "2026-04-21T17:07:00Z", "data_pas": "2026-04-21", "satelite": "NOAA-21", "municipio": "TEIXEIRA SOARES", "estado": "PARANÁ", "pais": "Brasil", "precipitacao": null, "numero_dias_sem_chuva": null, "risco_fogo": null, "bioma": "Mata Atlântica", "id_0": 33, "id_1": 41, "id_2": 4127007, "continente_id": 8, "vegetacao": null, "grade_wrs": "221_078", "frp": 6.7}, "bbox": [-50.38099, -25.37455, -50.38099, -25.37455]}, {"type": "Feature", "id": "focos_48h_br_todosats.fid--145fdae9_19db31250eb_4402", "geometry": {"type": "Point", "coordinates": [-42.98113, -13.58033]}, "geometry_name": "geometria", "properties": {"id_foco_bdq": 1814984854, "foco_id": "3bc7c45f-4dfb-3ee2-9160-c77716fcd975", "longitude": -42.98113, "latitude": -13.58033, "data_hora_gmt": "2026-04-21T17:07:00Z", "data_pas": "2026-04-21", "satelite": "NOAA-21", "municipio": "RIACHO DE SANTANA", "estado": "BAHIA", "pais": "Brasil", "precipitacao": null, "numero_dias_sem_chuva": null, "risco_fogo": null, "bioma": "Caatinga", "id_0": 33, "id_1": 29, "id_2": 2926400, "continente_id": 8, "vegetacao": null, "grade_wrs": "218_069", "frp": 4.9}, "bbox": [-42.98113, -13.58033, -42.98113, -13.58033]}, {"type": "Feature", "id": "focos_48h_br_todosats.fid--145fdae9_19db31250eb_4403", "geometry": {"type": "Point", "coordinates": [-50.74687, -27.58738]}, "geometry_name": "geometria", "properties": {"id_foco_bdq": 1814984861, "foco_id": "e0c87800-cdfd-38f1-a5d0-1e2b3b1dd8d4", "longitude": -50.74687, "latitude": -27.58738, "data_hora_gmt": "2026-04-21T17:07:00Z", "data_pas": "2026-04-21", "satelite": "NOAA-21", "municipio": "SÃO JOSÉ DO CERRITO", "estado": "SANTA CATARINA", "pais": "Brasil", "precipitacao": null, "numero_dias_sem_chuva": null, "risco_fogo": null, "bioma": "Mata Atlântica", "id_0": 33, "id_1": 42, "id_2": 4216800, "continente_id": 8, "vegetacao": null, "grade_wrs": "221_079", "frp": 2.1}, "bbox": [-50.74687, -27.58738, -50.74687, -27.58738]}, {"type": "Feature", "id": "focos_48h_br_todosats.fid--145fdae9_19db31250eb_4406", "geometry": {"type": "Point", "coordinates": [-47.37471, -13.92461]}, "geometry_name": "geometria", "properties": {"id_foco_bdq": 1814984890, "foco_id": "7e059be9-cd92-3a2d-b915-2dc6569c9c3d", "longitude": -47.37471, "latitude": -13.92461, "data_hora_gmt": "2026-04-21T17:07:00Z", "data_pas": "2026-04-21", "satelite": "NOAA-21", "municipio": "CAVALCANTE", "estado": "GOIÁS", "pais": "Brasil", "precipitacao": null, "numero_dias_sem_chuva": null, "risco_fogo": null, "bioma": "Cerrado", "id_0": 33, "id_1": 52, "id_2": 5205307, "continente_id": 8, "vegetacao": null, "grade_wrs": "221_070", "frp": 13.2}, "bbox": [-47.37471, -13.92461, -47.37471, -13.92461]}, {"type": "Feature", "id": "focos_48h_br_todosats.fid--145fdae9_19db31250eb_4407", "geometry": {"type": "Point", "coordinates": [-44.19806, -18.12259]}, "geometry_name": "geometria", "properties": {"id_foco_bdq": 1814984892, "foco_id": "97fc4141-a2d1-3224-a478-559427c5159b", "longitude": -44.19806, "latitude": -18.12259, "data_hora_gmt": "2026-04-21T17:07:00Z", "data_pas": "2026-04-21", "satelite": "NOAA-21", "municipio": "AUGUSTO DE LIMA", "estado": "MINAS GERAIS", "pais": "Brasil", "precipitacao": null, "numero_dias_sem_chuva": null, "risco_fogo": null, "bioma": "Cerrado", "id_0": 33, "id_1": 31, "id_2": 3104809, "continente_id": 8, "vegetacao": null, "grade_wrs": "218_073", "frp": 12.9}, "bbox": [-44.19806, -18.12259, -44.19806, -18.12259]}, {"type": "Feature", "id": "focos_48h_br_todosats.fid--145fdae9_19db31250eb_4409", "geometry": {"type": "Point", "coordinates": [-53.3406, -19.44901]}, "geometry_name": "geometria", "properties": {"id_foco_bdq": 1814984904, "foco_id": "a880d9c9-2e67-3ddd-87ff-4879b8081602", "longitude": -53.3406, "latitude": -19.44901, "data_hora_gmt": "2026-04-21T17:07:00Z", "data_pas": "2026-04-21", "satelite": "NOAA-21", "municipio": "PARAÍSO DAS ÁGUAS", "estado": "MATO GROSSO DO SUL", "pais": "Brasil", "precipitacao": null, "numero_dias_sem_chuva": null, "risco_fogo": null, "bioma": "Cerrado", "id_0": 33, "id_1": 50, "id_2": 5006275, "continente_id": 8, "vegetacao": null, "grade_wrs": "224_073", "frp": 6.7}, "bbox": [-53.3406, -19.44901, -53.3406, -19.44901]}, {"type": "Feature", "id": "focos_48h_br_todosats.fid--145fdae9_19db31250eb_440a", "geometry": {"type": "Point", "coordinates": [-47.87884, -16.37397]}, "geometry_name": "geometria", "properties": {"id_foco_bdq": 1814984926, "foco_id": "4f11ff34-b357-3f66-89fb-4ece0d4c5b47", "longitude": -47.87884, "latitude": -16.37397, "data_hora_gmt": "2026-04-21T17:07:00Z", "data_pas": "2026-04-21", "satelite": "NOAA-21", "municipio": "LUZIÂNIA", "estado": "GOIÁS", "pais": "Brasil", "precipitacao": null, "numero_dias_sem_chuva": null, "risco_fogo": null, "bioma": "Cerrado", "id_0": 33, "id_1": 52, "id_2": 5212501, "continente_id": 8, "vegetacao": null, "grade_wrs": "221_071", "frp": 5.6}, "bbox": [-47.87884, -16.37397, -47.87884, -16.37397]}, {"type": "Feature", "id": "focos_48h_br_todosats.fid--145fdae9_19db31250eb_440c", "geometry": {"type": "Point", "coordinates": [-49.25191, -25.72015]}, "geometry_name": "geometria", "properties": {"id_foco_bdq": 1814984970, "foco_id": "56426c1f-aeef-3b74-a193-2cb730f41418", "longitude": -49.25191, "latitude": -25.72015, "data_hora_gmt": "2026-04-21T17:07:00Z", "data_pas": "2026-04-21", "satelite": "NOAA-21", "municipio": "FAZENDA RIO GRANDE", "estado": "PARANÁ", "pais": "Brasil", "precipitacao": null, "numero_dias_sem_chuva": null, "risco_fogo": null, "bioma": "Mata Atlântica", "id_0": 33, "id_1": 41, "id_2": 4107652, "continente_id": 8, "vegetacao": null, "grade_wrs": "220_078", "frp": 3.8}, "bbox": [-49.25191, -25.72015, -49.25191, -25.72015]}, {"type": "Feature", "id": "focos_48h_br_todosats.fid--145fdae9_19db31250eb_440e", "geometry": {"type": "Point", "coordinates": [-42.20519, -15.72455]}, "geometry_name": "geometria", "properties": {"id_foco_bdq": 1814985032, "foco_id": "e0e0b3a3-f3dc-374f-9e60-7b3ef9a2ab72", "longitude": -42.20519, "latitude": -15.72455, "data_hora_gmt": "2026-04-21T17:07:00Z", "data_pas": "2026-04-21", "satelite": "NOAA-21", "municipio": "INDAIABIRA", "estado": "MINAS GERAIS", "pais": "Brasil", "precipitacao": null, "numero_dias_sem_chuva": null, "risco_fogo": null, "bioma": "Cerrado", "id_0": 33, "id_1": 31, "id_2": 3130655, "continente_id": 8, "vegetacao": null, "grade_wrs": "217_071", "frp": 6.2}, "bbox": [-42.20519, -15.72455, -42.20519, -15.72455]}, {"type": "Feature", "id": "focos_48h_br_todosats.fid--145fdae9_19db31250eb_4410", "geometry": {"type": "Point", "coordinates": [-50.21181, -26.97362]}, "geometry_name": "geometria", "properties": {"id_foco_bdq": 1814985070, "foco_id": "f498374a-bc41-34fb-93a8-f51b6675b2d1", "longitude": -50.21181, "latitude": -26.97362, "data_hora_gmt": "2026-04-21T17:07:00Z", "data_pas": "2026-04-21", "satelite": "NOAA-21", "municipio": "RIO DO CAMPO", "estado": "SANTA CATARINA", "pais": "Brasil", "precipitacao": null, "numero_dias_sem_chuva": null, "risco_fogo": null, "bioma": "Mata Atlântica", "id_0": 33, "id_1": 42, "id_2": 4214508, "continente_id": 8, "vegetacao": null, "grade_wrs": "221_079", "frp": 4.1}, "bbox": [-50.21181, -26.97362, -50.21181, -26.97362]}, {"type": "Feature", "id": "focos_48h_br_todosats.fid--145fdae9_19db31250eb_4412", "geometry": {"type": "Point", "coordinates": [-51.49356, -20.276]}, "geometry_name": "geometria", "properties": {"id_foco_bdq": 1814985132, "foco_id": "11677ad4-87d6-3b30-bd2c-60ca5b15469d", "longitude": -51.49356, "latitude": -20.276, "data_hora_gmt": "2026-04-21T17:07:00Z", "data_pas": "2026-04-21", "satelite": "NOAA-21", "municipio": "SELVÍRIA", "estado": "MATO GROSSO DO SUL", "pais": "Brasil", "precipitacao": null, "numero_dias_sem_chuva": null, "risco_fogo": null, "bioma": "Mata Atlântica", "id_0": 33, "id_1": 50, "id_2": 5007802, "continente_id": 8, "vegetacao": null, "grade_wrs": "223_074", "frp": 2.4}, "bbox": [-51.49356, -20.276, -51.49356, -20.276]}, {"type": "Feature", "id": "focos_48h_br_todosats.fid--145fdae9_19db31250eb_4414", "geometry": {"type": "Point", "coordinates": [-52.66661, -17.81415]}, "geometry_name": "geometria", "properties": {"id_foco_bdq": 1814985138, "foco_id": "21a887cd-9a6f-3775-8f1b-8c339b92794d", "longitude": -52.66661, "latitude": -17.81415, "data_hora_gmt": "2026-04-21T17:07:00Z", "data_pas": "2026-04-21", "satelite": "NOAA-21", "municipio": "MINEIROS", "estado": "GOIÁS", "pais": "Brasil", "precipitacao": null, "numero_dias_sem_chuva": null, "risco_fogo": null, "bioma": "Cerrado", "id_0": 33, "id_1": 52, "id_2": 5213103, "continente_id": 8, "vegetacao": null, "grade_wrs": "224_072", "frp": 8.2}, "bbox": [-52.66661, -17.81415, -52.66661, -17.81415]}, {"type": "Feature", "id": "focos_48h_br_todosats.fid--145fdae9_19db31250eb_4415", "geometry": {"type": "Point", "coordinates": [-39.41929, -14.43538]}, "geometry_name": "geometria", "properties": {"id_foco_bdq": 1814985178, "foco_id": "6a26096a-82e2-35a2-babd-fb15245ac5fe", "longitude": -39.41929, "latitude": -14.43538, "data_hora_gmt": "2026-04-21T17:07:00Z", "data_pas": "2026-04-21", "satelite": "NOAA-21", "municipio": "AURELINO LEAL", "estado": "BAHIA", "pais": "Brasil", "precipitacao": null, "numero_dias_sem_chuva": null, "risco_fogo": null, "bioma": "Mata Atlântica", "id_0": 33, "id_1": 29, "id_2": 2902401, "continente_id": 8, "vegetacao": null, "grade_wrs": "216_070", "frp": 5.5}, "bbox": [-39.41929, -14.43538, -39.41929, -14.43538]}, {"type": "Feature", "id": "focos_48h_br_todosats.fid--145fdae9_19db31250eb_4417", "geometry": {"type": "Point", "coordinates": [-49.59281, -27.00374]}, "geometry_name": "geometria", "properties": {"id_foco_bdq": 1814985187, "foco_id": "64a6aa07-4096-3a9d-8dff-9b8112855630", "longitude": -49.59281, "latitude": -27.00374, "data_hora_gmt": "2026-04-21T17:07:00Z", "data_pas": "2026-04-21", "satelite": "NOAA-21", "municipio": "JOSÉ BOITEUX", "estado": "SANTA CATARINA", "pais": "Brasil", "precipitacao": null, "numero_dias_sem_chuva": null, "risco_fogo": null, "bioma": "Mata Atlântica", "id_0": 33, "id_1": 42, "id_2": 4209151, "continente_id": 8, "vegetacao": null, "grade_wrs": "220_079", "frp": 5}, "bbox": [-49.59281, -27.00374, -49.59281, -27.00374]}, {"type": "Feature", "id": "focos_48h_br_todosats.fid--145fdae9_19db31250eb_4418", "geometry": {"type": "Point", "coordinates": [-46.91631, -10.55063]}, "geometry_name": "geometria", "properties": {"id_foco_bdq": 1814984361, "foco_id": "9d270e4d-7a38-34af-9423-04127b7ad30c", "longitude": -46.91631, "latitude": -10.55063, "data_hora_gmt": "2026-04-21T17:09:00Z", "data_pas": "2026-04-21", "satelite": "NOAA-21", "municipio": "MATEIROS", "estado": "TOCANTINS", "pais": "Brasil", "precipitacao": null, "numero_dias_sem_chuva": null, "risco_fogo": null, "bioma": "Cerrado", "id_0": 33, "id_1": 17, "id_2": 1712702, "continente_id": 8, "vegetacao": null, "grade_wrs": "221_067", "frp": 10.6}, "bbox": [-46.91631, -10.55063, -46.91631, -10.55063]}, {"type": "Feature", "id": "focos_48h_br_todosats.fid--145fdae9_19db31250eb_441a", "geometry": {"type": "Point", "coordinates": [-56.65474, -13.99248]}, "geometry_name": "geometria", "properties": {"id_foco_bdq": 1814985006, "foco_id": "4c54e63e-2f9d-3d5d-ae7b-bea813fa32b2", "longitude": -56.65474, "latitude": -13.99248, "data_hora_gmt": "2026-04-21T17:09:00Z", "data_pas": "2026-04-21", "satelite": "NOAA-21", "municipio": "DIAMANTINO", "estado": "MATO GROSSO", "pais": "Brasil", "precipitacao": null, "numero_dias_sem_chuva": null, "risco_fogo": null, "bioma": "Cerrado", "id_0": 33, "id_1": 51, "id_2": 5103502, "continente_id": 8, "vegetacao": null, "grade_wrs": "227_070", "frp": 7.9}, "bbox": [-56.65474, -13.99248, -56.65474, -13.99248]}, {"type": "Feature", "id": "focos_48h_br_todosats.fid--145fdae9_19db31250eb_441c", "geometry": {"type": "Point", "coordinates": [-56.95169, -12.31897]}, "geometry_name": "geometria", "properties": {"id_foco_bdq": 1814984699, "foco_id": "09cfa1dc-38ce-3cb4-81ea-92a3b8b0af50", "longitude": -56.95169, "latitude": -12.31897, "data_hora_gmt": "2026-04-21T17:09:00Z", "data_pas": "2026-04-21", "satelite": "NOAA-21", "municipio": "TAPURAH", "estado": "MATO GROSSO", "pais": "Brasil", "precipitacao": null, "numero_dias_sem_chuva": null, "risco_fogo": null, "bioma": "Amazônia", "id_0": 33, "id_1": 51, "id_2": 5108006, "continente_id": 8, "vegetacao": null, "grade_wrs": "227_069", "frp": 0.6}, "bbox": [-56.95169, -12.31897, -56.95169, -12.31897]}, {"type": "Feature", "id": "focos_48h_br_todosats.fid--145fdae9_19db31250eb_441e", "geometry": {"type": "Point", "coordinates": [-41.45037, -11.57575]}, "geometry_name": "geometria", "properties": {"id_foco_bdq": 1814984080, "foco_id": "278dda1c-e707-3ca3-9cbc-00db754984f0", "longitude": -41.45037, "latitude": -11.57575, "data_hora_gmt": "2026-04-21T17:09:00Z", "data_pas": "2026-04-21", "satelite": "NOAA-21", "municipio": "MORRO DO CHAPÉU", "estado": "BAHIA", "pais": "Brasil", "precipitacao": null, "numero_dias_sem_chuva": null, "risco_fogo": null, "bioma": "Caatinga", "id_0": 33, "id_1": 29, "id_2": 2921708, "continente_id": 8, "vegetacao": null, "grade_wrs": "217_068", "frp": 2.9}, "bbox": [-41.45037, -11.57575, -41.45037, -11.57575]}, {"type": "Feature", "id": "focos_48h_br_todosats.fid--145fdae9_19db31250eb_441f", "geometry": {"type": "Point", "coordinates": [-49.7263, -11.84923]}, "geometry_name": "geometria", "properties": {"id_foco_bdq": 1814982634, "foco_id": "d039fa4e-25ca-3bf1-9fb5-a5a16a0db13d", "longitude": -49.7263, "latitude": -11.84923, "data_hora_gmt": "2026-04-21T17:09:00Z", "data_pas": "2026-04-21", "satelite": "NOAA-21", "municipio": "FORMOSO DO ARAGUAIA", "estado": "TOCANTINS", "pais": "Brasil", "precipitacao": null, "numero_dias_sem_chuva": null, "risco_fogo": null, "bioma": "Cerrado", "id_0": 33, "id_1": 17, "id_2": 1708205, "continente_id": 8, "vegetacao": null, "grade_wrs": "223_068", "frp": 7.2}, "bbox": [-49.7263, -11.84923, -49.7263, -11.84923]}, {"type": "Feature", "id": "focos_48h_br_todosats.fid--145fdae9_19db31250eb_4421", "geometry": {"type": "Point", "coordinates": [-48.26432, -12.53685]}, "geometry_name": "geometria", "properties": {"id_foco_bdq": 1814984784, "foco_id": "e86b19f1-7c47-35db-ba02-5de38d9e6abe", "longitude": -48.26432, "latitude": -12.53685, "data_hora_gmt": "2026-04-21T17:09:00Z", "data_pas": "2026-04-21", "satelite": "NOAA-21", "municipio": "SÃO SALVADOR DO TOCANTINS", "estado": "TOCANTINS", "pais": "Brasil", "precipitacao": null, "numero_dias_sem_chuva": null, "risco_fogo": null, "bioma": "Cerrado", "id_0": 33, "id_1": 17, "id_2": 1720259, "continente_id": 8, "vegetacao": null, "grade_wrs": "222_069", "frp": 2.8}, "bbox": [-48.26432, -12.53685, -48.26432, -12.53685]}, {"type": "Feature", "id": "focos_48h_br_todosats.fid--145fdae9_19db31250eb_4422", "geometry": {"type": "Point", "coordinates": [-45.2322, -12.01133]}, "geometry_name": "geometria", "properties": {"id_foco_bdq": 1814985152, "foco_id": "ea6e0763-4182-3397-b59a-84d98d903ef1", "longitude": -45.2322, "latitude": -12.01133, "data_hora_gmt": "2026-04-21T17:09:00Z", "data_pas": "2026-04-21", "satelite": "NOAA-21", "municipio": "BARREIRAS", "estado": "BAHIA", "pais": "Brasil", "precipitacao": null, "numero_dias_sem_chuva": null, "risco_fogo": null, "bioma": "Cerrado", "id_0": 33, "id_1": 29, "id_2": 2903201, "continente_id": 8, "vegetacao": null, "grade_wrs": "220_068", "frp": 22}, "bbox": [-45.2322, -12.01133, -45.2322, -12.01133]}, {"type": "Feature", "id": "focos_48h_br_todosats.fid--145fdae9_19db31250eb_4424", "geometry": {"type": "Point", "coordinates": [-47.77443, -12.0007]}, "geometry_name": "geometria", "properties": {"id_foco_bdq": 1814983742, "foco_id": "f2e55559-0f75-3f34-b01c-ed889dd71585", "longitude": -47.77443, "latitude": -12.0007, "data_hora_gmt": "2026-04-21T17:09:00Z", "data_pas": "2026-04-21", "satelite": "NOAA-21", "municipio": "NATIVIDADE", "estado": "TOCANTINS", "pais": "Brasil", "precipitacao": null, "numero_dias_sem_chuva": null, "risco_fogo": null, "bioma": "Cerrado", "id_0": 33, "id_1": 17, "id_2": 1714203, "continente_id": 8, "vegetacao": null, "grade_wrs": "221_068", "frp": 35.9}, "bbox": [-47.77443, -12.0007, -47.77443, -12.0007]}, {"type": "Feature", "id": "focos_48h_br_todosats.fid--145fdae9_19db31250eb_4426", "geometry": {"type": "Point", "coordinates": [-51.73436, -10.70943]}, "geometry_name": "geometria", "properties": {"id_foco_bdq": 1814983011, "foco_id": "4cdf23c8-c09f-3e6c-a1f2-6e274a2eaff5", "longitude": -51.73436, "latitude": -10.70943, "data_hora_gmt": "2026-04-21T17:09:00Z", "data_pas": "2026-04-21", "satelite": "NOAA-21", "municipio": "CONFRESA", "estado": "MATO GROSSO", "pais": "Brasil", "precipitacao": null, "numero_dias_sem_chuva": null, "risco_fogo": null, "bioma": "Amazônia", "id_0": 33, "id_1": 51, "id_2": 5103353, "continente_id": 8, "vegetacao": null, "grade_wrs": "224_067", "frp": 3.2}, "bbox": [-51.73436, -10.70943, -51.73436, -10.70943]}, {"type": "Feature", "id": "focos_48h_br_todosats.fid--145fdae9_19db31250eb_4427", "geometry": {"type": "Point", "coordinates": [-43.84195, -11.91218]}, "geometry_name": "geometria", "properties": {"id_foco_bdq": 1814984909, "foco_id": "f7412def-f201-37fe-8009-efb68666050b", "longitude": -43.84195, "latitude": -11.91218, "data_hora_gmt": "2026-04-21T17:09:00Z", "data_pas": "2026-04-21", "satelite": "NOAA-21", "municipio": "WANDERLEY", "estado": "BAHIA", "pais": "Brasil", "precipitacao": null, "numero_dias_sem_chuva": null, "risco_fogo": null, "bioma": "Cerrado", "id_0": 33, "id_1": 29, "id_2": 2933455, "continente_id": 8, "vegetacao": null, "grade_wrs": "219_068", "frp": 29.5}, "bbox": [-43.84195, -11.91218, -43.84195, -11.91218]}, {"type": "Feature", "id": "focos_48h_br_todosats.fid--145fdae9_19db31250eb_4429", "geometry": {"type": "Point", "coordinates": [-46.15646, -10.8213]}, "geometry_name": "geometria", "properties": {"id_foco_bdq": 1814983754, "foco_id": "938bb92a-bff3-34b3-8ded-de4b05050560", "longitude": -46.15646, "latitude": -10.8213, "data_hora_gmt": "2026-04-21T17:09:00Z", "data_pas": "2026-04-21", "satelite": "NOAA-21", "municipio": "FORMOSA DO RIO PRETO", "estado": "BAHIA", "pais": "Brasil", "precipitacao": null, "numero_dias_sem_chuva": null, "risco_fogo": null, "bioma": "Cerrado", "id_0": 33, "id_1": 29, "id_2": 2911105, "continente_id": 8, "vegetacao": null, "grade_wrs": "221_067", "frp": 12.7}, "bbox": [-46.15646, -10.8213, -46.15646, -10.8213]}, {"type": "Feature", "id": "focos_48h_br_todosats.fid--145fdae9_19db31250eb_442b", "geometry": {"type": "Point", "coordinates": [-56.62806, -13.99611]}, "geometry_name": "geometria", "properties": {"id_foco_bdq": 1814984839, "foco_id": "017947ce-a44d-3751-8c6b-f70af07c32ce", "longitude": -56.62806, "latitude": -13.99611, "data_hora_gmt": "2026-04-21T17:09:00Z", "data_pas": "2026-04-21", "satelite": "NOAA-21", "municipio": "DIAMANTINO", "estado": "MATO GROSSO", "pais": "Brasil", "precipitacao": null, "numero_dias_sem_chuva": null, "risco_fogo": null, "bioma": "Cerrado", "id_0": 33, "id_1": 51, "id_2": 5103502, "continente_id": 8, "vegetacao": null, "grade_wrs": "227_070", "frp": 4.8}, "bbox": [-56.62806, -13.99611, -56.62806, -13.99611]}, {"type": "Feature", "id": "focos_48h_br_todosats.fid--145fdae9_19db31250eb_442d", "geometry": {"type": "Point", "coordinates": [-41.01877, -9.24519]}, "geometry_name": "geometria", "properties": {"id_foco_bdq": 1814983057, "foco_id": "65637496-1e4b-3582-bc21-fdc960fab013", "longitude": -41.01877, "latitude": -9.24519, "data_hora_gmt": "2026-04-21T17:09:00Z", "data_pas": "2026-04-21", "satelite": "NOAA-21", "municipio": "CASA NOVA", "estado": "BAHIA", "pais": "Brasil", "precipitacao": null, "numero_dias_sem_chuva": null, "risco_fogo": null, "bioma": "Caatinga", "id_0": 33, "id_1": 29, "id_2": 2907202, "continente_id": 8, "vegetacao": null, "grade_wrs": "217_066", "frp": 13}, "bbox": [-41.01877, -9.24519, -41.01877, -9.24519]}, {"type": "Feature", "id": "focos_48h_br_todosats.fid--145fdae9_19db31250eb_442e", "geometry": {"type": "Point", "coordinates": [-49.72564, -11.85303]}, "geometry_name": "geometria", "properties": {"id_foco_bdq": 1814982730, "foco_id": "744b638e-6983-3da7-8beb-b9c53357d463", "longitude": -49.72564, "latitude": -11.85303, "data_hora_gmt": "2026-04-21T17:09:00Z", "data_pas": "2026-04-21", "satelite": "NOAA-21", "municipio": "FORMOSO DO ARAGUAIA", "estado": "TOCANTINS", "pais": "Brasil", "precipitacao": null, "numero_dias_sem_chuva": null, "risco_fogo": null, "bioma": "Cerrado", "id_0": 33, "id_1": 17, "id_2": 1708205, "continente_id": 8, "vegetacao": null, "grade_wrs": "223_068", "frp": 7.2}, "bbox": [-49.72564, -11.85303, -49.72564, -11.85303]}, {"type": "Feature", "id": "focos_48h_br_todosats.fid--145fdae9_19db31250eb_4431", "geometry": {"type": "Point", "coordinates": [-45.23123, -12.01639]}, "geometry_name": "geometria", "properties": {"id_foco_bdq": 1814983816, "foco_id": "2c4060f6-04a2-3888-9031-02d225e0ea5e", "longitude": -45.23123, "latitude": -12.01639, "data_hora_gmt": "2026-04-21T17:09:00Z", "data_pas": "2026-04-21", "satelite": "NOAA-21", "municipio": "BARREIRAS", "estado": "BAHIA", "pais": "Brasil", "precipitacao": null, "numero_dias_sem_chuva": null, "risco_fogo": null, "bioma": "Cerrado", "id_0": 33, "id_1": 29, "id_2": 2903201, "continente_id": 8, "vegetacao": null, "grade_wrs": "220_068", "frp": 22}, "bbox": [-45.23123, -12.01639, -45.23123, -12.01639]}, {"type": "Feature", "id": "focos_48h_br_todosats.fid--145fdae9_19db31250eb_4432", "geometry": {"type": "Point", "coordinates": [-50.00925, -12.27114]}, "geometry_name": "geometria", "properties": {"id_foco_bdq": 1814983173, "foco_id": "3c1d5d94-9fc4-34fe-818a-c14c1cbfe8f1", "longitude": -50.00925, "latitude": -12.27114, "data_hora_gmt": "2026-04-21T17:09:00Z", "data_pas": "2026-04-21", "satelite": "NOAA-21", "municipio": "SANDOLÂNDIA", "estado": "TOCANTINS", "pais": "Brasil", "precipitacao": null, "numero_dias_sem_chuva": null, "risco_fogo": null, "bioma": "Cerrado", "id_0": 33, "id_1": 17, "id_2": 1718840, "continente_id": 8, "vegetacao": null, "grade_wrs": "223_068", "frp": 9.3}, "bbox": [-50.00925, -12.27114, -50.00925, -12.27114]}, {"type": "Feature", "id": "focos_48h_br_todosats.fid--145fdae9_19db31250eb_4434", "geometry": {"type": "Point", "coordinates": [-43.84165, -11.97434]}, "geometry_name": "geometria", "properties": {"id_foco_bdq": 1814984424, "foco_id": "c527dcef-80cb-3646-b46a-9fee189aac7b", "longitude": -43.84165, "latitude": -11.97434, "data_hora_gmt": "2026-04-21T17:09:00Z", "data_pas": "2026-04-21", "satelite": "NOAA-21", "municipio": "WANDERLEY", "estado": "BAHIA", "pais": "Brasil", "precipitacao": null, "numero_dias_sem_chuva": null, "risco_fogo": null, "bioma": "Cerrado", "id_0": 33, "id_1": 29, "id_2": 2933455, "continente_id": 8, "vegetacao": null, "grade_wrs": "219_068", "frp": 12.9}, "bbox": [-43.84165, -11.97434, -43.84165, -11.97434]}, {"type": "Feature", "id": "focos_48h_br_todosats.fid--145fdae9_19db31250eb_4435", "geometry": {"type": "Point", "coordinates": [-45.22523, -12.03102]}, "geometry_name": "geometria", "properties": {"id_foco_bdq": 1814984402, "foco_id": "b554f0a3-631f-34ed-94a3-b3761857ad29", "longitude": -45.22523, "latitude": -12.03102, "data_hora_gmt": "2026-04-21T17:09:00Z", "data_pas": "2026-04-21", "satelite": "NOAA-21", "municipio": "BARREIRAS", "estado": "BAHIA", "pais": "Brasil", "precipitacao": null, "numero_dias_sem_chuva": null, "risco_fogo": null, "bioma": "Cerrado", "id_0": 33, "id_1": 29, "id_2": 2903201, "continente_id": 8, "vegetacao": null, "grade_wrs": "220_068", "frp": 8.4}, "bbox": [-45.22523, -12.03102, -45.22523, -12.03102]}, {"type": "Feature", "id": "focos_48h_br_todosats.fid--145fdae9_19db31250eb_4437", "geometry": {"type": "Point", "coordinates": [-49.90781, -10.84964]}, "geometry_name": "geometria", "properties": {"id_foco_bdq": 1814982108, "foco_id": "1feb61d0-610a-3144-8818-5be72a6e359b", "longitude": -49.90781, "latitude": -10.84964, "data_hora_gmt": "2026-04-21T17:09:00Z", "data_pas": "2026-04-21", "satelite": "NOAA-21", "municipio": "LAGOA DA CONFUSÃO", "estado": "TOCANTINS", "pais": "Brasil", "precipitacao": null, "numero_dias_sem_chuva": null, "risco_fogo": null, "bioma": "Cerrado", "id_0": 33, "id_1": 17, "id_2": 1711902, "continente_id": 8, "vegetacao": null, "grade_wrs": "223_068", "frp": 5.1}, "bbox": [-49.90781, -10.84964, -49.90781, -10.84964]}, {"type": "Feature", "id": "focos_48h_br_todosats.fid--145fdae9_19db31250eb_4439", "geometry": {"type": "Point", "coordinates": [-55.21246, -13.00693]}, "geometry_name": "geometria", "properties": {"id_foco_bdq": 1814982977, "foco_id": "ae563a61-8b33-35b5-b9b1-d52aa9acc868", "longitude": -55.21246, "latitude": -13.00693, "data_hora_gmt": "2026-04-21T17:09:00Z", "data_pas": "2026-04-21", "satelite": "NOAA-21", "municipio": "NOVA UBIRATÃ", "estado": "MATO GROSSO", "pais": "Brasil", "precipitacao": null, "numero_dias_sem_chuva": null, "risco_fogo": null, "bioma": "Cerrado", "id_0": 33, "id_1": 51, "id_2": 5106240, "continente_id": 8, "vegetacao": null, "grade_wrs": "226_069", "frp": 2.7}, "bbox": [-55.21246, -13.00693, -55.21246, -13.00693]}, {"type": "Feature", "id": "focos_48h_br_todosats.fid--145fdae9_19db31250eb_443a", "geometry": {"type": "Point", "coordinates": [-47.77515, -11.99641]}, "geometry_name": "geometria", "properties": {"id_foco_bdq": 1814983108, "foco_id": "33a09c54-2571-324a-9aac-81950838a30f", "longitude": -47.77515, "latitude": -11.99641, "data_hora_gmt": "2026-04-21T17:09:00Z", "data_pas": "2026-04-21", "satelite": "NOAA-21", "municipio": "NATIVIDADE", "estado": "TOCANTINS", "pais": "Brasil", "precipitacao": null, "numero_dias_sem_chuva": null, "risco_fogo": null, "bioma": "Cerrado", "id_0": 33, "id_1": 17, "id_2": 1714203, "continente_id": 8, "vegetacao": null, "grade_wrs": "221_068", "frp": 35.9}, "bbox": [-47.77515, -11.99641, -47.77515, -11.99641]}, {"type": "Feature", "id": "focos_48h_br_todosats.fid--145fdae9_19db31250eb_443c", "geometry": {"type": "Point", "coordinates": [-49.91053, -10.84924]}, "geometry_name": "geometria", "properties": {"id_foco_bdq": 1814983116, "foco_id": "48676e2f-8909-35b9-a95f-974b56956978", "longitude": -49.91053, "latitude": -10.84924, "data_hora_gmt": "2026-04-21T17:09:00Z", "data_pas": "2026-04-21", "satelite": "NOAA-21", "municipio": "LAGOA DA CONFUSÃO", "estado": "TOCANTINS", "pais": "Brasil", "precipitacao": null, "numero_dias_sem_chuva": null, "risco_fogo": null, "bioma": "Cerrado", "id_0": 33, "id_1": 17, "id_2": 1711902, "continente_id": 8, "vegetacao": null, "grade_wrs": "223_068", "frp": 5.7}, "bbox": [-49.91053, -10.84924, -49.91053, -10.84924]}, {"type": "Feature", "id": "focos_48h_br_todosats.fid--145fdae9_19db31250eb_443e", "geometry": {"type": "Point", "coordinates": [-40.15508, -10.57125]}, "geometry_name": "geometria", "properties": {"id_foco_bdq": 1814983214, "foco_id": "022be267-0958-3808-927f-7e7d9785af0e", "longitude": -40.15508, "latitude": -10.57125, "data_hora_gmt": "2026-04-21T17:09:00Z", "data_pas": "2026-04-21", "satelite": "NOAA-21", "municipio": "SENHOR DO BONFIM", "estado": "BAHIA", "pais": "Brasil", "precipitacao": null, "numero_dias_sem_chuva": null, "risco_fogo": null, "bioma": "Caatinga", "id_0": 33, "id_1": 29, "id_2": 2930105, "continente_id": 8, "vegetacao": null, "grade_wrs": "217_067", "frp": 14.4}, "bbox": [-40.15508, -10.57125, -40.15508, -10.57125]}, {"type": "Feature", "id": "focos_48h_br_todosats.fid--145fdae9_19db31250eb_443f", "geometry": {"type": "Point", "coordinates": [-54.68428, -11.69652]}, "geometry_name": "geometria", "properties": {"id_foco_bdq": 1814981844, "foco_id": "4180bf6b-571a-34af-ba8b-383a055b0b55", "longitude": -54.68428, "latitude": -11.69652, "data_hora_gmt": "2026-04-21T17:09:00Z", "data_pas": "2026-04-21", "satelite": "NOAA-21", "municipio": "SANTA CARMEM", "estado": "MATO GROSSO", "pais": "Brasil", "precipitacao": null, "numero_dias_sem_chuva": null, "risco_fogo": null, "bioma": "Amazônia", "id_0": 33, "id_1": 51, "id_2": 5107248, "continente_id": 8, "vegetacao": null, "grade_wrs": "226_068", "frp": 0.4}, "bbox": [-54.68428, -11.69652, -54.68428, -11.69652]}, {"type": "Feature", "id": "focos_48h_br_todosats.fid--145fdae9_19db31250eb_4441", "geometry": {"type": "Point", "coordinates": [-46.15734, -10.81642]}, "geometry_name": "geometria", "properties": {"id_foco_bdq": 1814984385, "foco_id": "9b1dcfe3-8f60-3b6e-820c-f08c0dc7d45f", "longitude": -46.15734, "latitude": -10.81642, "data_hora_gmt": "2026-04-21T17:09:00Z", "data_pas": "2026-04-21", "satelite": "NOAA-21", "municipio": "FORMOSA DO RIO PRETO", "estado": "BAHIA", "pais": "Brasil", "precipitacao": null, "numero_dias_sem_chuva": null, "risco_fogo": null, "bioma": "Cerrado", "id_0": 33, "id_1": 29, "id_2": 2911105, "continente_id": 8, "vegetacao": null, "grade_wrs": "221_067", "frp": 12.8}, "bbox": [-46.15734, -10.81642, -46.15734, -10.81642]}, {"type": "Feature", "id": "focos_48h_br_todosats.fid--145fdae9_19db31250eb_4443", "geometry": {"type": "Point", "coordinates": [-45.2272, -12.02089]}, "geometry_name": "geometria", "properties": {"id_foco_bdq": 1814982688, "foco_id": "a3223da1-d5d3-3963-a50f-d59500761c15", "longitude": -45.2272, "latitude": -12.02089, "data_hora_gmt": "2026-04-21T17:09:00Z", "data_pas": "2026-04-21", "satelite": "NOAA-21", "municipio": "BARREIRAS", "estado": "BAHIA", "pais": "Brasil", "precipitacao": null, "numero_dias_sem_chuva": null, "risco_fogo": null, "bioma": "Cerrado", "id_0": 33, "id_1": 29, "id_2": 2903201, "continente_id": 8, "vegetacao": null, "grade_wrs": "220_068", "frp": 8.5}, "bbox": [-45.2272, -12.02089, -45.2272, -12.02089]}, {"type": "Feature", "id": "focos_48h_br_todosats.fid--145fdae9_19db31250eb_4444", "geometry": {"type": "Point", "coordinates": [-58.7743, -14.52278]}, "geometry_name": "geometria", "properties": {"id_foco_bdq": 1814982463, "foco_id": "1db8a718-23a5-3249-8683-386cd78ba2c5", "longitude": -58.7743, "latitude": -14.52278, "data_hora_gmt": "2026-04-21T17:09:00Z", "data_pas": "2026-04-21", "satelite": "NOAA-21", "municipio": "TANGARÁ DA SERRA", "estado": "MATO GROSSO", "pais": "Brasil", "precipitacao": null, "numero_dias_sem_chuva": null, "risco_fogo": null, "bioma": "Cerrado", "id_0": 33, "id_1": 51, "id_2": 5107958, "continente_id": 8, "vegetacao": null, "grade_wrs": "228_070", "frp": 9.3}, "bbox": [-58.7743, -14.52278, -58.7743, -14.52278]}, {"type": "Feature", "id": "focos_48h_br_todosats.fid--145fdae9_19db31250eb_4445", "geometry": {"type": "Point", "coordinates": [-58.42419, -14.37673]}, "geometry_name": "geometria", "properties": {"id_foco_bdq": 1814982628, "foco_id": "4acd02dd-b34b-3022-8ccd-d513bad93ab8", "longitude": -58.42419, "latitude": -14.37673, "data_hora_gmt": "2026-04-21T17:09:00Z", "data_pas": "2026-04-21", "satelite": "NOAA-21", "municipio": "TANGARÁ DA SERRA", "estado": "MATO GROSSO", "pais": "Brasil", "precipitacao": null, "numero_dias_sem_chuva": null, "risco_fogo": null, "bioma": "Cerrado", "id_0": 33, "id_1": 51, "id_2": 5107958, "continente_id": 8, "vegetacao": null, "grade_wrs": "228_070", "frp": 4.5}, "bbox": [-58.42419, -14.37673, -58.42419, -14.37673]}, {"type": "Feature", "id": "focos_48h_br_todosats.fid--145fdae9_19db31250eb_4447", "geometry": {"type": "Point", "coordinates": [-49.73104, -11.85003]}, "geometry_name": "geometria", "properties": {"id_foco_bdq": 1814984122, "foco_id": "62df519d-3dad-30ac-b981-bbb761262360", "longitude": -49.73104, "latitude": -11.85003, "data_hora_gmt": "2026-04-21T17:09:00Z", "data_pas": "2026-04-21", "satelite": "NOAA-21", "municipio": "FORMOSO DO ARAGUAIA", "estado": "TOCANTINS", "pais": "Brasil", "precipitacao": null, "numero_dias_sem_chuva": null, "risco_fogo": null, "bioma": "Cerrado", "id_0": 33, "id_1": 17, "id_2": 1708205, "continente_id": 8, "vegetacao": null, "grade_wrs": "223_068", "frp": 12.2}, "bbox": [-49.73104, -11.85003, -49.73104, -11.85003]}, {"type": "Feature", "id": "focos_48h_br_todosats.fid--145fdae9_19db31250eb_4449", "geometry": {"type": "Point", "coordinates": [-56.65526, -13.98888]}, "geometry_name": "geometria", "properties": {"id_foco_bdq": 1814983129, "foco_id": "520ee896-2cd8-33a3-9453-5dd9886d2fcb", "longitude": -56.65526, "latitude": -13.98888, "data_hora_gmt": "2026-04-21T17:09:00Z", "data_pas": "2026-04-21", "satelite": "NOAA-21", "municipio": "DIAMANTINO", "estado": "MATO GROSSO", "pais": "Brasil", "precipitacao": null, "numero_dias_sem_chuva": null, "risco_fogo": null, "bioma": "Cerrado", "id_0": 33, "id_1": 51, "id_2": 5103502, "continente_id": 8, "vegetacao": null, "grade_wrs": "227_070", "frp": 7.9}, "bbox": [-56.65526, -13.98888, -56.65526, -13.98888]}, {"type": "Feature", "id": "focos_48h_br_todosats.fid--145fdae9_19db31250eb_444a", "geometry": {"type": "Point", "coordinates": [-41.01953, -9.24524]}, "geometry_name": "geometria", "properties": {"id_foco_bdq": 1814984305, "foco_id": "b8e95cbf-a19f-34aa-ac8e-656dd9156bbc", "longitude": -41.01953, "latitude": -9.24524, "data_hora_gmt": "2026-04-21T17:09:00Z", "data_pas": "2026-04-21", "satelite": "NOAA-21", "municipio": "CASA NOVA", "estado": "BAHIA", "pais": "Brasil", "precipitacao": null, "numero_dias_sem_chuva": null, "risco_fogo": null, "bioma": "Caatinga", "id_0": 33, "id_1": 29, "id_2": 2907202, "continente_id": 8, "vegetacao": null, "grade_wrs": "217_066", "frp": 21.3}, "bbox": [-41.01953, -9.24524, -41.01953, -9.24524]}, {"type": "Feature", "id": "focos_48h_br_todosats.fid--145fdae9_19db31250eb_444c", "geometry": {"type": "Point", "coordinates": [-58.77051, -14.52228]}, "geometry_name": "geometria", "properties": {"id_foco_bdq": 1814984146, "foco_id": "1c3ec0d8-02ae-3dae-a7a8-2118c61608e2", "longitude": -58.77051, "latitude": -14.52228, "data_hora_gmt": "2026-04-21T17:09:00Z", "data_pas": "2026-04-21", "satelite": "NOAA-21", "municipio": "TANGARÁ DA SERRA", "estado": "MATO GROSSO", "pais": "Brasil", "precipitacao": null, "numero_dias_sem_chuva": null, "risco_fogo": null, "bioma": "Cerrado", "id_0": 33, "id_1": 51, "id_2": 5107958, "continente_id": 8, "vegetacao": null, "grade_wrs": "228_070", "frp": 9.3}, "bbox": [-58.77051, -14.52228, -58.77051, -14.52228]}, {"type": "Feature", "id": "focos_48h_br_todosats.fid--145fdae9_19db31250eb_444e", "geometry": {"type": "Point", "coordinates": [-47.77453, -11.99788]}, "geometry_name": "geometria", "properties": {"id_foco_bdq": 1814982542, "foco_id": "4e1fd98a-d041-30f1-927f-c3725c780d5a", "longitude": -47.77453, "latitude": -11.99788, "data_hora_gmt": "2026-04-21T17:09:00Z", "data_pas": "2026-04-21", "satelite": "NOAA-21", "municipio": "NATIVIDADE", "estado": "TOCANTINS", "pais": "Brasil", "precipitacao": null, "numero_dias_sem_chuva": null, "risco_fogo": null, "bioma": "Cerrado", "id_0": 33, "id_1": 17, "id_2": 1714203, "continente_id": 8, "vegetacao": null, "grade_wrs": "221_068", "frp": 62}, "bbox": [-47.77453, -11.99788, -47.77453, -11.99788]}, {"type": "Feature", "id": "focos_48h_br_todosats.fid--145fdae9_19db31250eb_4450", "geometry": {"type": "Point", "coordinates": [-56.14935, -12.89419]}, "geometry_name": "geometria", "properties": {"id_foco_bdq": 1814984293, "foco_id": "f69a5eeb-7cbf-3457-ad82-a9a40d0d2188", "longitude": -56.14935, "latitude": -12.89419, "data_hora_gmt": "2026-04-21T17:09:00Z", "data_pas": "2026-04-21", "satelite": "NOAA-21", "municipio": "LUCAS DO RIO VERDE", "estado": "MATO GROSSO", "pais": "Brasil", "precipitacao": null, "numero_dias_sem_chuva": null, "risco_fogo": null, "bioma": "Cerrado", "id_0": 33, "id_1": 51, "id_2": 5105259, "continente_id": 8, "vegetacao": null, "grade_wrs": "227_069", "frp": 9.2}, "bbox": [-56.14935, -12.89419, -56.14935, -12.89419]}, {"type": "Feature", "id": "focos_48h_br_todosats.fid--145fdae9_19db31250eb_4451", "geometry": {"type": "Point", "coordinates": [-56.63765, -13.9901]}, "geometry_name": "geometria", "properties": {"id_foco_bdq": 1814982897, "foco_id": "07a21abf-95cb-377e-8a21-691203256cde", "longitude": -56.63765, "latitude": -13.9901, "data_hora_gmt": "2026-04-21T17:09:00Z", "data_pas": "2026-04-21", "satelite": "NOAA-21", "municipio": "DIAMANTINO", "estado": "MATO GROSSO", "pais": "Brasil", "precipitacao": null, "numero_dias_sem_chuva": null, "risco_fogo": null, "bioma": "Cerrado", "id_0": 33, "id_1": 51, "id_2": 5103502, "continente_id": 8, "vegetacao": null, "grade_wrs": "227_070", "frp": 3.1}, "bbox": [-56.63765, -13.9901, -56.63765, -13.9901]}, {"type": "Feature", "id": "focos_48h_br_todosats.fid--145fdae9_19db31250eb_4453", "geometry": {"type": "Point", "coordinates": [-50.00735, -12.26901]}, "geometry_name": "geometria", "properties": {"id_foco_bdq": 1814984212, "foco_id": "7562b54a-66ad-3098-a507-8a93e0beeb65", "longitude": -50.00735, "latitude": -12.26901, "data_hora_gmt": "2026-04-21T17:09:00Z", "data_pas": "2026-04-21", "satelite": "NOAA-21", "municipio": "SANDOLÂNDIA", "estado": "TOCANTINS", "pais": "Brasil", "precipitacao": null, "numero_dias_sem_chuva": null, "risco_fogo": null, "bioma": "Cerrado", "id_0": 33, "id_1": 17, "id_2": 1718840, "continente_id": 8, "vegetacao": null, "grade_wrs": "223_068", "frp": 8}, "bbox": [-50.00735, -12.26901, -50.00735, -12.26901]}, {"type": "Feature", "id": "focos_48h_br_todosats.fid--145fdae9_19db31250eb_4455", "geometry": {"type": "Point", "coordinates": [-41.02533, -9.24645]}, "geometry_name": "geometria", "properties": {"id_foco_bdq": 1814982485, "foco_id": "fd3f4c0c-333c-374d-9475-9d30830b9175", "longitude": -41.02533, "latitude": -9.24645, "data_hora_gmt": "2026-04-21T17:09:00Z", "data_pas": "2026-04-21", "satelite": "NOAA-21", "municipio": "CASA NOVA", "estado": "BAHIA", "pais": "Brasil", "precipitacao": null, "numero_dias_sem_chuva": null, "risco_fogo": null, "bioma": "Caatinga", "id_0": 33, "id_1": 29, "id_2": 2907202, "continente_id": 8, "vegetacao": null, "grade_wrs": "217_066", "frp": 13}, "bbox": [-41.02533, -9.24645, -41.02533, -9.24645]}, {"type": "Feature", "id": "focos_48h_br_todosats.fid--145fdae9_19db31250eb_4457", "geometry": {"type": "Point", "coordinates": [-57.18328, -12.30353]}, "geometry_name": "geometria", "properties": {"id_foco_bdq": 1814984240, "foco_id": "5032e84c-6244-308b-8cf7-4be7a0dc890f", "longitude": -57.18328, "latitude": -12.30353, "data_hora_gmt": "2026-04-21T17:09:00Z", "data_pas": "2026-04-21", "satelite": "NOAA-21", "municipio": "NOVA MARINGÁ", "estado": "MATO GROSSO", "pais": "Brasil", "precipitacao": null, "numero_dias_sem_chuva": null, "risco_fogo": null, "bioma": "Amazônia", "id_0": 33, "id_1": 51, "id_2": 5108907, "continente_id": 8, "vegetacao": null, "grade_wrs": "227_069", "frp": 12.3}, "bbox": [-57.18328, -12.30353, -57.18328, -12.30353]}, {"type": "Feature", "id": "focos_48h_br_todosats.fid--145fdae9_19db31250eb_4459", "geometry": {"type": "Point", "coordinates": [-43.84573, -11.9129]}, "geometry_name": "geometria", "properties": {"id_foco_bdq": 1814984265, "foco_id": "f3b57cf7-efa0-31b4-b04a-fbc3c358a5b4", "longitude": -43.84573, "latitude": -11.9129, "data_hora_gmt": "2026-04-21T17:09:00Z", "data_pas": "2026-04-21", "satelite": "NOAA-21", "municipio": "WANDERLEY", "estado": "BAHIA", "pais": "Brasil", "precipitacao": null, "numero_dias_sem_chuva": null, "risco_fogo": null, "bioma": "Cerrado", "id_0": 33, "id_1": 29, "id_2": 2933455, "continente_id": 8, "vegetacao": null, "grade_wrs": "219_068", "frp": 15}, "bbox": [-43.84573, -11.9129, -43.84573, -11.9129]}, {"type": "Feature", "id": "focos_48h_br_todosats.fid--145fdae9_19db31250eb_445a", "geometry": {"type": "Point", "coordinates": [-56.65953, -13.98947]}, "geometry_name": "geometria", "properties": {"id_foco_bdq": 1814984247, "foco_id": "c812e3d5-b999-37e8-8197-cbc62021d1d6", "longitude": -56.65953, "latitude": -13.98947, "data_hora_gmt": "2026-04-21T17:09:00Z", "data_pas": "2026-04-21", "satelite": "NOAA-21", "municipio": "DIAMANTINO", "estado": "MATO GROSSO", "pais": "Brasil", "precipitacao": null, "numero_dias_sem_chuva": null, "risco_fogo": null, "bioma": "Cerrado", "id_0": 33, "id_1": 51, "id_2": 5103502, "continente_id": 8, "vegetacao": null, "grade_wrs": "227_070", "frp": 9.1}, "bbox": [-56.65953, -13.98947, -56.65953, -13.98947]}, {"type": "Feature", "id": "focos_48h_br_todosats.fid--145fdae9_19db31250eb_445b", "geometry": {"type": "Point", "coordinates": [-44.1938, -12.24762]}, "geometry_name": "geometria", "properties": {"id_foco_bdq": 1814981925, "foco_id": "6ec58fbd-ded8-3629-9bac-57625a7b3433", "longitude": -44.1938, "latitude": -12.24762, "data_hora_gmt": "2026-04-21T17:09:00Z", "data_pas": "2026-04-21", "satelite": "NOAA-21", "municipio": "CRISTÓPOLIS", "estado": "BAHIA", "pais": "Brasil", "precipitacao": null, "numero_dias_sem_chuva": null, "risco_fogo": null, "bioma": "Cerrado", "id_0": 33, "id_1": 29, "id_2": 2909703, "continente_id": 8, "vegetacao": null, "grade_wrs": "219_068", "frp": 3.7}, "bbox": [-44.1938, -12.24762, -44.1938, -12.24762]}, {"type": "Feature", "id": "focos_48h_br_todosats.fid--145fdae9_19db31250eb_445d", "geometry": {"type": "Point", "coordinates": [-50.00473, -12.27037]}, "geometry_name": "geometria", "properties": {"id_foco_bdq": 1814983134, "foco_id": "13e94778-038b-3d89-9e42-af4f1406a6fb", "longitude": -50.00473, "latitude": -12.27037, "data_hora_gmt": "2026-04-21T17:09:00Z", "data_pas": "2026-04-21", "satelite": "NOAA-21", "municipio": "SANDOLÂNDIA", "estado": "TOCANTINS", "pais": "Brasil", "precipitacao": null, "numero_dias_sem_chuva": null, "risco_fogo": null, "bioma": "Cerrado", "id_0": 33, "id_1": 17, "id_2": 1718840, "continente_id": 8, "vegetacao": null, "grade_wrs": "223_068", "frp": 5.5}, "bbox": [-50.00473, -12.27037, -50.00473, -12.27037]}, {"type": "Feature", "id": "focos_48h_br_todosats.fid--145fdae9_19db31250eb_445e", "geometry": {"type": "Point", "coordinates": [-47.77378, -12.00216]}, "geometry_name": "geometria", "properties": {"id_foco_bdq": 1814983328, "foco_id": "e0baf859-a265-308d-8290-b66d26268beb", "longitude": -47.77378, "latitude": -12.00216, "data_hora_gmt": "2026-04-21T17:09:00Z", "data_pas": "2026-04-21", "satelite": "NOAA-21", "municipio": "NATIVIDADE", "estado": "TOCANTINS", "pais": "Brasil", "precipitacao": null, "numero_dias_sem_chuva": null, "risco_fogo": null, "bioma": "Cerrado", "id_0": 33, "id_1": 17, "id_2": 1714203, "continente_id": 8, "vegetacao": null, "grade_wrs": "221_068", "frp": 9.7}, "bbox": [-47.77378, -12.00216, -47.77378, -12.00216]}, {"type": "Feature", "id": "focos_48h_br_todosats.fid--145fdae9_19db31250eb_4460", "geometry": {"type": "Point", "coordinates": [-53.1269, -13.62527]}, "geometry_name": "geometria", "properties": {"id_foco_bdq": 1814984809, "foco_id": "123222ba-3ad2-30f0-819c-46085c7b65e6", "longitude": -53.1269, "latitude": -13.62527, "data_hora_gmt": "2026-04-21T17:09:00Z", "data_pas": "2026-04-21", "satelite": "NOAA-21", "municipio": "GAÚCHA DO NORTE", "estado": "MATO GROSSO", "pais": "Brasil", "precipitacao": null, "numero_dias_sem_chuva": null, "risco_fogo": null, "bioma": "Cerrado", "id_0": 33, "id_1": 51, "id_2": 5103858, "continente_id": 8, "vegetacao": null, "grade_wrs": "225_069", "frp": 5.3}, "bbox": [-53.1269, -13.62527, -53.1269, -13.62527]}, {"type": "Feature", "id": "focos_48h_br_todosats.fid--145fdae9_19db31250eb_4461", "geometry": {"type": "Point", "coordinates": [-49.73038, -11.85382]}, "geometry_name": "geometria", "properties": {"id_foco_bdq": 1814983349, "foco_id": "2cf8204b-d8dc-3cea-a5ad-a47a69a5af4a", "longitude": -49.73038, "latitude": -11.85382, "data_hora_gmt": "2026-04-21T17:09:00Z", "data_pas": "2026-04-21", "satelite": "NOAA-21", "municipio": "FORMOSO DO ARAGUAIA", "estado": "TOCANTINS", "pais": "Brasil", "precipitacao": null, "numero_dias_sem_chuva": null, "risco_fogo": null, "bioma": "Cerrado", "id_0": 33, "id_1": 17, "id_2": 1708205, "continente_id": 8, "vegetacao": null, "grade_wrs": "223_068", "frp": 12.2}, "bbox": [-49.73038, -11.85382, -49.73038, -11.85382]}, {"type": "Feature", "id": "focos_48h_br_todosats.fid--145fdae9_19db31250eb_4463", "geometry": {"type": "Point", "coordinates": [-45.21716, -12.04001]}, "geometry_name": "geometria", "properties": {"id_foco_bdq": 1814985228, "foco_id": "d0ab3b95-418d-3d6a-ab3f-149a3f548cd3", "longitude": -45.21716, "latitude": -12.04001, "data_hora_gmt": "2026-04-21T17:09:00Z", "data_pas": "2026-04-21", "satelite": "NOAA-21", "municipio": "BARREIRAS", "estado": "BAHIA", "pais": "Brasil", "precipitacao": null, "numero_dias_sem_chuva": null, "risco_fogo": null, "bioma": "Cerrado", "id_0": 33, "id_1": 29, "id_2": 2903201, "continente_id": 8, "vegetacao": null, "grade_wrs": "220_068", "frp": 7.3}, "bbox": [-45.21716, -12.04001, -45.21716, -12.04001]}, {"type": "Feature", "id": "focos_48h_br_todosats.fid--145fdae9_19db31250eb_4464", "geometry": {"type": "Point", "coordinates": [-57.18382, -12.2999]}, "geometry_name": "geometria", "properties": {"id_foco_bdq": 1814981917, "foco_id": "b3876513-c3fa-36d3-9710-d18798689a1f", "longitude": -57.18382, "latitude": -12.2999, "data_hora_gmt": "2026-04-21T17:09:00Z", "data_pas": "2026-04-21", "satelite": "NOAA-21", "municipio": "NOVA MARINGÁ", "estado": "MATO GROSSO", "pais": "Brasil", "precipitacao": null, "numero_dias_sem_chuva": null, "risco_fogo": null, "bioma": "Amazônia", "id_0": 33, "id_1": 51, "id_2": 5108907, "continente_id": 8, "vegetacao": null, "grade_wrs": "227_069", "frp": 12.3}, "bbox": [-57.18382, -12.2999, -57.18382, -12.2999]}, {"type": "Feature", "id": "focos_48h_br_todosats.fid--145fdae9_19db31250eb_4466", "geometry": {"type": "Point", "coordinates": [-54.61848, -12.5462]}, "geometry_name": "geometria", "properties": {"id_foco_bdq": 1814984989, "foco_id": "dbd6e2ed-33e7-37a2-8dc4-7068f44bba8d", "longitude": -54.61848, "latitude": -12.5462, "data_hora_gmt": "2026-04-21T17:09:00Z", "data_pas": "2026-04-21", "satelite": "NOAA-21", "municipio": "NOVA UBIRATÃ", "estado": "MATO GROSSO", "pais": "Brasil", "precipitacao": null, "numero_dias_sem_chuva": null, "risco_fogo": null, "bioma": "Amazônia", "id_0": 33, "id_1": 51, "id_2": 5106240, "continente_id": 8, "vegetacao": null, "grade_wrs": "226_069", "frp": 2.6}, "bbox": [-54.61848, -12.5462, -54.61848, -12.5462]}, {"type": "Feature", "id": "focos_48h_br_todosats.fid--145fdae9_19db31250eb_4468", "geometry": {"type": "Point", "coordinates": [-53.13098, -13.62251]}, "geometry_name": "geometria", "properties": {"id_foco_bdq": 1814981884, "foco_id": "ec42f077-70ba-320f-a4fd-6e5299ba618c", "longitude": -53.13098, "latitude": -13.62251, "data_hora_gmt": "2026-04-21T17:09:00Z", "data_pas": "2026-04-21", "satelite": "NOAA-21", "municipio": "GAÚCHA DO NORTE", "estado": "MATO GROSSO", "pais": "Brasil", "precipitacao": null, "numero_dias_sem_chuva": null, "risco_fogo": null, "bioma": "Cerrado", "id_0": 33, "id_1": 51, "id_2": 5103858, "continente_id": 8, "vegetacao": null, "grade_wrs": "225_069", "frp": 5.3}, "bbox": [-53.13098, -13.62251, -53.13098, -13.62251]}, {"type": "Feature", "id": "focos_48h_br_todosats.fid--145fdae9_19db31250eb_446b", "geometry": {"type": "Point", "coordinates": [-43.84681, -11.90734]}, "geometry_name": "geometria", "properties": {"id_foco_bdq": 1814984678, "foco_id": "933269b1-36dc-360d-9493-1955ea3d568a", "longitude": -43.84681, "latitude": -11.90734, "data_hora_gmt": "2026-04-21T17:09:00Z", "data_pas": "2026-04-21", "satelite": "NOAA-21", "municipio": "WANDERLEY", "estado": "BAHIA", "pais": "Brasil", "precipitacao": null, "numero_dias_sem_chuva": null, "risco_fogo": null, "bioma": "Cerrado", "id_0": 33, "id_1": 29, "id_2": 2933455, "continente_id": 8, "vegetacao": null, "grade_wrs": "219_068", "frp": 26.4}, "bbox": [-43.84681, -11.90734, -43.84681, -11.90734]}, {"type": "Feature", "id": "focos_48h_br_todosats.fid--145fdae9_19db31250eb_446d", "geometry": {"type": "Point", "coordinates": [-49.76158, -10.80596]}, "geometry_name": "geometria", "properties": {"id_foco_bdq": 1814982890, "foco_id": "d996a8bf-9ac9-3478-ac06-27c1d8bb809c", "longitude": -49.76158, "latitude": -10.80596, "data_hora_gmt": "2026-04-21T17:09:00Z", "data_pas": "2026-04-21", "satelite": "NOAA-21", "municipio": "LAGOA DA CONFUSÃO", "estado": "TOCANTINS", "pais": "Brasil", "precipitacao": null, "numero_dias_sem_chuva": null, "risco_fogo": null, "bioma": "Cerrado", "id_0": 33, "id_1": 17, "id_2": 1711902, "continente_id": 8, "vegetacao": null, "grade_wrs": "223_067", "frp": 5.4}, "bbox": [-49.76158, -10.80596, -49.76158, -10.80596]}, {"type": "Feature", "id": "focos_48h_br_todosats.fid--145fdae9_19db31250eb_446f", "geometry": {"type": "Point", "coordinates": [-50.0067, -12.27272]}, "geometry_name": "geometria", "properties": {"id_foco_bdq": 1814984670, "foco_id": "6e0421f1-4d88-30d0-ae59-0de8b838e2da", "longitude": -50.0067, "latitude": -12.27272, "data_hora_gmt": "2026-04-21T17:09:00Z", "data_pas": "2026-04-21", "satelite": "NOAA-21", "municipio": "SANDOLÂNDIA", "estado": "TOCANTINS", "pais": "Brasil", "precipitacao": null, "numero_dias_sem_chuva": null, "risco_fogo": null, "bioma": "Cerrado", "id_0": 33, "id_1": 17, "id_2": 1718840, "continente_id": 8, "vegetacao": null, "grade_wrs": "223_068", "frp": 8}, "bbox": [-50.0067, -12.27272, -50.0067, -12.27272]}, {"type": "Feature", "id": "focos_48h_br_todosats.fid--145fdae9_19db31250eb_4470", "geometry": {"type": "Point", "coordinates": [-41.02605, -9.24654]}, "geometry_name": "geometria", "properties": {"id_foco_bdq": 1814982011, "foco_id": "847e654d-ffdb-3690-8893-56e7a89b6b2c", "longitude": -41.02605, "latitude": -9.24654, "data_hora_gmt": "2026-04-21T17:09:00Z", "data_pas": "2026-04-21", "satelite": "NOAA-21", "municipio": "CASA NOVA", "estado": "BAHIA", "pais": "Brasil", "precipitacao": null, "numero_dias_sem_chuva": null, "risco_fogo": null, "bioma": "Caatinga", "id_0": 33, "id_1": 29, "id_2": 2907202, "continente_id": 8, "vegetacao": null, "grade_wrs": "217_066", "frp": 18.3}, "bbox": [-41.02605, -9.24654, -41.02605, -9.24654]}, {"type": "Feature", "id": "focos_48h_br_todosats.fid--145fdae9_19db31250eb_4471", "geometry": {"type": "Point", "coordinates": [-44.19023, -12.24693]}, "geometry_name": "geometria", "properties": {"id_foco_bdq": 1814982134, "foco_id": "2eab62af-0758-3d2a-9cc2-f50e4bbf11dd", "longitude": -44.19023, "latitude": -12.24693, "data_hora_gmt": "2026-04-21T17:09:00Z", "data_pas": "2026-04-21", "satelite": "NOAA-21", "municipio": "CRISTÓPOLIS", "estado": "BAHIA", "pais": "Brasil", "precipitacao": null, "numero_dias_sem_chuva": null, "risco_fogo": null, "bioma": "Cerrado", "id_0": 33, "id_1": 29, "id_2": 2909703, "continente_id": 8, "vegetacao": null, "grade_wrs": "219_068", "frp": 3.6}, "bbox": [-44.19023, -12.24693, -44.19023, -12.24693]}, {"type": "Feature", "id": "focos_48h_br_todosats.fid--145fdae9_19db31250eb_4474", "geometry": {"type": "Point", "coordinates": [-44.19506, -12.24226]}, "geometry_name": "geometria", "properties": {"id_foco_bdq": 1814983478, "foco_id": "bd087da4-fef1-3acc-b2c1-aced33df397d", "longitude": -44.19506, "latitude": -12.24226, "data_hora_gmt": "2026-04-21T17:09:00Z", "data_pas": "2026-04-21", "satelite": "NOAA-21", "municipio": "CRISTÓPOLIS", "estado": "BAHIA", "pais": "Brasil", "precipitacao": null, "numero_dias_sem_chuva": null, "risco_fogo": null, "bioma": "Cerrado", "id_0": 33, "id_1": 29, "id_2": 2909703, "continente_id": 8, "vegetacao": null, "grade_wrs": "219_068", "frp": 6}, "bbox": [-44.19506, -12.24226, -44.19506, -12.24226]}, {"type": "Feature", "id": "focos_48h_br_todosats.fid--145fdae9_19db31250eb_4475", "geometry": {"type": "Point", "coordinates": [-45.23024, -12.02146]}, "geometry_name": "geometria", "properties": {"id_foco_bdq": 1814982838, "foco_id": "0d1c24b0-3e9a-3e64-977d-95dd3fb2f8d1", "longitude": -45.23024, "latitude": -12.02146, "data_hora_gmt": "2026-04-21T17:09:00Z", "data_pas": "2026-04-21", "satelite": "NOAA-21", "municipio": "BARREIRAS", "estado": "BAHIA", "pais": "Brasil", "precipitacao": null, "numero_dias_sem_chuva": null, "risco_fogo": null, "bioma": "Cerrado", "id_0": 33, "id_1": 29, "id_2": 2903201, "continente_id": 8, "vegetacao": null, "grade_wrs": "220_068", "frp": 8.5}, "bbox": [-45.23024, -12.02146, -45.23024, -12.02146]}, {"type": "Feature", "id": "focos_48h_br_todosats.fid--145fdae9_19db31250eb_4477", "geometry": {"type": "Point", "coordinates": [-49.56356, -7.2614]}, "geometry_name": "geometria", "properties": {"id_foco_bdq": 1814982991, "foco_id": "a6762632-1c15-3e67-91d0-2269c40ac2b0", "longitude": -49.56356, "latitude": -7.2614, "data_hora_gmt": "2026-04-21T17:09:00Z", "data_pas": "2026-04-21", "satelite": "NOAA-21", "municipio": "RIO MARIA", "estado": "PARÁ", "pais": "Brasil", "precipitacao": null, "numero_dias_sem_chuva": null, "risco_fogo": null, "bioma": "Amazônia", "id_0": 33, "id_1": 15, "id_2": 1506161, "continente_id": 8, "vegetacao": null, "grade_wrs": "223_065", "frp": 9.2}, "bbox": [-49.56356, -7.2614, -49.56356, -7.2614]}, {"type": "Feature", "id": "focos_48h_br_todosats.fid--145fdae9_19db31250eb_4479", "geometry": {"type": "Point", "coordinates": [-45.22817, -12.01582]}, "geometry_name": "geometria", "properties": {"id_foco_bdq": 1814982814, "foco_id": "f792ff1a-8cf9-3f31-88b3-4fcecea980eb", "longitude": -45.22817, "latitude": -12.01582, "data_hora_gmt": "2026-04-21T17:09:00Z", "data_pas": "2026-04-21", "satelite": "NOAA-21", "municipio": "BARREIRAS", "estado": "BAHIA", "pais": "Brasil", "precipitacao": null, "numero_dias_sem_chuva": null, "risco_fogo": null, "bioma": "Cerrado", "id_0": 33, "id_1": 29, "id_2": 2903201, "continente_id": 8, "vegetacao": null, "grade_wrs": "220_068", "frp": 22}, "bbox": [-45.22817, -12.01582, -45.22817, -12.01582]}, {"type": "Feature", "id": "focos_48h_br_todosats.fid--145fdae9_19db31250eb_447b", "geometry": {"type": "Point", "coordinates": [-43.37661, -11.95541]}, "geometry_name": "geometria", "properties": {"id_foco_bdq": 1814982261, "foco_id": "0d6d814e-a52e-3144-94b2-895591715bc2", "longitude": -43.37661, "latitude": -11.95541, "data_hora_gmt": "2026-04-21T17:09:00Z", "data_pas": "2026-04-21", "satelite": "NOAA-21", "municipio": "MUQUÉM DO SÃO FRANCISCO", "estado": "BAHIA", "pais": "Brasil", "precipitacao": null, "numero_dias_sem_chuva": null, "risco_fogo": null, "bioma": "Cerrado", "id_0": 33, "id_1": 29, "id_2": 2922250, "continente_id": 8, "vegetacao": null, "grade_wrs": "219_068", "frp": 7.2}, "bbox": [-43.37661, -11.95541, -43.37661, -11.95541]}, {"type": "Feature", "id": "focos_48h_br_todosats.fid--145fdae9_19db31250eb_447d", "geometry": {"type": "Point", "coordinates": [-57.17901, -12.30294]}, "geometry_name": "geometria", "properties": {"id_foco_bdq": 1814984615, "foco_id": "e5261560-b1f7-30cc-88ea-33e2993b8741", "longitude": -57.17901, "latitude": -12.30294, "data_hora_gmt": "2026-04-21T17:09:00Z", "data_pas": "2026-04-21", "satelite": "NOAA-21", "municipio": "NOVA MARINGÁ", "estado": "MATO GROSSO", "pais": "Brasil", "precipitacao": null, "numero_dias_sem_chuva": null, "risco_fogo": null, "bioma": "Amazônia", "id_0": 33, "id_1": 51, "id_2": 5108907, "continente_id": 8, "vegetacao": null, "grade_wrs": "227_069", "frp": 9.9}, "bbox": [-57.17901, -12.30294, -57.17901, -12.30294]}, {"type": "Feature", "id": "focos_48h_br_todosats.fid--145fdae9_19db31250eb_447e", "geometry": {"type": "Point", "coordinates": [-40.15854, -10.56779]}, "geometry_name": "geometria", "properties": {"id_foco_bdq": 1814983542, "foco_id": "8fac255e-83b8-3e8b-9bb5-248a044c5ada", "longitude": -40.15854, "latitude": -10.56779, "data_hora_gmt": "2026-04-21T17:09:00Z", "data_pas": "2026-04-21", "satelite": "NOAA-21", "municipio": "SENHOR DO BONFIM", "estado": "BAHIA", "pais": "Brasil", "precipitacao": null, "numero_dias_sem_chuva": null, "risco_fogo": null, "bioma": "Caatinga", "id_0": 33, "id_1": 29, "id_2": 2930105, "continente_id": 8, "vegetacao": null, "grade_wrs": "217_067", "frp": 16.8}, "bbox": [-40.15854, -10.56779, -40.15854, -10.56779]}, {"type": "Feature", "id": "focos_48h_br_todosats.fid--145fdae9_19db31250eb_4482", "geometry": {"type": "Point", "coordinates": [-46.82831, -11.86633]}, "geometry_name": "geometria", "properties": {"id_foco_bdq": 1814983565, "foco_id": "466fff1f-0c9b-3ae1-9d28-f2cafa896348", "longitude": -46.82831, "latitude": -11.86633, "data_hora_gmt": "2026-04-21T17:09:00Z", "data_pas": "2026-04-21", "satelite": "NOAA-21", "municipio": "DIANÓPOLIS", "estado": "TOCANTINS", "pais": "Brasil", "precipitacao": null, "numero_dias_sem_chuva": null, "risco_fogo": null, "bioma": "Cerrado", "id_0": 33, "id_1": 17, "id_2": 1707009, "continente_id": 8, "vegetacao": null, "grade_wrs": "221_068", "frp": 2.8}, "bbox": [-46.82831, -11.86633, -46.82831, -11.86633]}, {"type": "Feature", "id": "focos_48h_br_todosats.fid--145fdae9_19db31250eb_4483", "geometry": {"type": "Point", "coordinates": [-43.83784, -11.97361]}, "geometry_name": "geometria", "properties": {"id_foco_bdq": 1814983599, "foco_id": "e2b04922-4b3f-3fd0-b51b-45131efe0322", "longitude": -43.83784, "latitude": -11.97361, "data_hora_gmt": "2026-04-21T17:09:00Z", "data_pas": "2026-04-21", "satelite": "NOAA-21", "municipio": "WANDERLEY", "estado": "BAHIA", "pais": "Brasil", "precipitacao": null, "numero_dias_sem_chuva": null, "risco_fogo": null, "bioma": "Cerrado", "id_0": 33, "id_1": 29, "id_2": 2933455, "continente_id": 8, "vegetacao": null, "grade_wrs": "219_068", "frp": 13}, "bbox": [-43.83784, -11.97361, -43.83784, -11.97361]}, {"type": "Feature", "id": "focos_48h_br_todosats.fid--145fdae9_19db31250eb_4485", "geometry": {"type": "Point", "coordinates": [-58.77374, -14.52689]}, "geometry_name": "geometria", "properties": {"id_foco_bdq": 1814984829, "foco_id": "a9648866-9504-367a-ba30-ad1cf63a4d17", "longitude": -58.77374, "latitude": -14.52689, "data_hora_gmt": "2026-04-21T17:09:00Z", "data_pas": "2026-04-21", "satelite": "NOAA-21", "municipio": "TANGARÁ DA SERRA", "estado": "MATO GROSSO", "pais": "Brasil", "precipitacao": null, "numero_dias_sem_chuva": null, "risco_fogo": null, "bioma": "Cerrado", "id_0": 33, "id_1": 51, "id_2": 5107958, "continente_id": 8, "vegetacao": null, "grade_wrs": "228_070", "frp": 9.3}, "bbox": [-58.77374, -14.52689, -58.77374, -14.52689]}, {"type": "Feature", "id": "focos_48h_br_todosats.fid--145fdae9_19db31250eb_4487", "geometry": {"type": "Point", "coordinates": [-49.76645, -10.80677]}, "geometry_name": "geometria", "properties": {"id_foco_bdq": 1814984570, "foco_id": "8ae99b2a-4749-30f6-a9ab-b5b9efcbbad5", "longitude": -49.76645, "latitude": -10.80677, "data_hora_gmt": "2026-04-21T17:09:00Z", "data_pas": "2026-04-21", "satelite": "NOAA-21", "municipio": "LAGOA DA CONFUSÃO", "estado": "TOCANTINS", "pais": "Brasil", "precipitacao": null, "numero_dias_sem_chuva": null, "risco_fogo": null, "bioma": "Cerrado", "id_0": 33, "id_1": 17, "id_2": 1711902, "continente_id": 8, "vegetacao": null, "grade_wrs": "223_067", "frp": 5.4}, "bbox": [-49.76645, -10.80677, -49.76645, -10.80677]}, {"type": "Feature", "id": "focos_48h_br_todosats.fid--145fdae9_19db31250eb_4489", "geometry": {"type": "Point", "coordinates": [-45.22621, -12.02595]}, "geometry_name": "geometria", "properties": {"id_foco_bdq": 1814983681, "foco_id": "0ac94ed8-edcc-3a95-ad4c-102046466133", "longitude": -45.22621, "latitude": -12.02595, "data_hora_gmt": "2026-04-21T17:09:00Z", "data_pas": "2026-04-21", "satelite": "NOAA-21", "municipio": "BARREIRAS", "estado": "BAHIA", "pais": "Brasil", "precipitacao": null, "numero_dias_sem_chuva": null, "risco_fogo": null, "bioma": "Cerrado", "id_0": 33, "id_1": 29, "id_2": 2903201, "continente_id": 8, "vegetacao": null, "grade_wrs": "220_068", "frp": 8.5}, "bbox": [-45.22621, -12.02595, -45.22621, -12.02595]}, {"type": "Feature", "id": "focos_48h_br_todosats.fid--145fdae9_19db31250eb_448a", "geometry": {"type": "Point", "coordinates": [-60.82639, -3.23466]}, "geometry_name": "geometria", "properties": {"id_foco_bdq": 1814981872, "foco_id": "3bb3d148-644d-3a75-bc73-4f07a81ab4ad", "longitude": -60.82639, "latitude": -3.23466, "data_hora_gmt": "2026-04-21T17:11:00Z", "data_pas": "2026-04-21", "satelite": "NOAA-21", "municipio": "MANACAPURU", "estado": "AMAZONAS", "pais": "Brasil", "precipitacao": null, "numero_dias_sem_chuva": null, "risco_fogo": null, "bioma": "Amazônia", "id_0": 33, "id_1": 13, "id_2": 1302504, "continente_id": 8, "vegetacao": null, "grade_wrs": "231_062", "frp": 2.8}, "bbox": [-60.82639, -3.23466, -60.82639, -3.23466]}, {"type": "Feature", "id": "focos_48h_br_todosats.fid--145fdae9_19db31250eb_448d", "geometry": {"type": "Point", "coordinates": [-60.86034, 1.29148]}, "geometry_name": "geometria", "properties": {"id_foco_bdq": 1814982789, "foco_id": "8183e68a-4634-392c-9ec0-422a171bada7", "longitude": -60.86034, "latitude": 1.29148, "data_hora_gmt": "2026-04-21T17:13:00Z", "data_pas": "2026-04-21", "satelite": "NOAA-21", "municipio": "CARACARAÍ", "estado": "RORAIMA", "pais": "Brasil", "precipitacao": null, "numero_dias_sem_chuva": null, "risco_fogo": null, "bioma": "Amazônia", "id_0": 33, "id_1": 14, "id_2": 1400209, "continente_id": 8, "vegetacao": null, "grade_wrs": "232_059", "frp": 6.5}, "bbox": [-60.86034, 1.29148, -60.86034, 1.29148]}, {"type": "Feature", "id": "focos_48h_br_todosats.fid--145fdae9_19db31250eb_448e", "geometry": {"type": "Point", "coordinates": [-60.14529, 1.65425]}, "geometry_name": "geometria", "properties": {"id_foco_bdq": 1814984326, "foco_id": "f2ce15a7-4313-3fbc-bde2-d571e5b8507a", "longitude": -60.14529, "latitude": 1.65425, "data_hora_gmt": "2026-04-21T17:13:00Z", "data_pas": "2026-04-21", "satelite": "NOAA-21", "municipio": "CARACARAÍ", "estado": "RORAIMA", "pais": "Brasil", "precipitacao": null, "numero_dias_sem_chuva": null, "risco_fogo": null, "bioma": "Amazônia", "id_0": 33, "id_1": 14, "id_2": 1400209, "continente_id": 8, "vegetacao": null, "grade_wrs": "231_059", "frp": 10.8}, "bbox": [-60.14529, 1.65425, -60.14529, 1.65425]}, {"type": "Feature", "id": "focos_48h_br_todosats.fid--145fdae9_19db31250eb_4490", "geometry": {"type": "Point", "coordinates": [-61.18835, 3.72208]}, "geometry_name": "geometria", "properties": {"id_foco_bdq": 1814984113, "foco_id": "1dcc3fef-593b-34d1-90a9-daff913f880f", "longitude": -61.18835, "latitude": 3.72208, "data_hora_gmt": "2026-04-21T17:13:00Z", "data_pas": "2026-04-21", "satelite": "NOAA-21", "municipio": "AMAJARI", "estado": "RORAIMA", "pais": "Brasil", "precipitacao": null, "numero_dias_sem_chuva": null, "risco_fogo": null, "bioma": "Amazônia", "id_0": 33, "id_1": 14, "id_2": 1400027, "continente_id": 8, "vegetacao": null, "grade_wrs": "232_057", "frp": 6.2}, "bbox": [-61.18835, 3.72208, -61.18835, 3.72208]}, {"type": "Feature", "id": "focos_48h_br_todosats.fid--145fdae9_19db31250eb_4492", "geometry": {"type": "Point", "coordinates": [-60.2348, 1.6552]}, "geometry_name": "geometria", "properties": {"id_foco_bdq": 1814985221, "foco_id": "5412b358-c446-3d5b-b648-60ce7bffefda", "longitude": -60.2348, "latitude": 1.6552, "data_hora_gmt": "2026-04-21T17:13:00Z", "data_pas": "2026-04-21", "satelite": "NOAA-21", "municipio": "CARACARAÍ", "estado": "RORAIMA", "pais": "Brasil", "precipitacao": null, "numero_dias_sem_chuva": null, "risco_fogo": null, "bioma": "Amazônia", "id_0": 33, "id_1": 14, "id_2": 1400209, "continente_id": 8, "vegetacao": null, "grade_wrs": "231_059", "frp": 6.5}, "bbox": [-60.2348, 1.6552, -60.2348, 1.6552]}, {"type": "Feature", "id": "focos_48h_br_todosats.fid--145fdae9_19db31250eb_4494", "geometry": {"type": "Point", "coordinates": [-60.14475, 1.65065]}, "geometry_name": "geometria", "properties": {"id_foco_bdq": 1814982471, "foco_id": "457ce593-70c6-3ce4-97c0-b369b2a6097c", "longitude": -60.14475, "latitude": 1.65065, "data_hora_gmt": "2026-04-21T17:13:00Z", "data_pas": "2026-04-21", "satelite": "NOAA-21", "municipio": "CARACARAÍ", "estado": "RORAIMA", "pais": "Brasil", "precipitacao": null, "numero_dias_sem_chuva": null, "risco_fogo": null, "bioma": "Amazônia", "id_0": 33, "id_1": 14, "id_2": 1400209, "continente_id": 8, "vegetacao": null, "grade_wrs": "231_059", "frp": 10.8}, "bbox": [-60.14475, 1.65065, -60.14475, 1.65065]}, {"type": "Feature", "id": "focos_48h_br_todosats.fid--145fdae9_19db31250eb_4495", "geometry": {"type": "Point", "coordinates": [-60.50954, 4.67984]}, "geometry_name": "geometria", "properties": {"id_foco_bdq": 1814982895, "foco_id": "e0851724-3b9b-3148-aadc-7b70534cce0c", "longitude": -60.50954, "latitude": 4.67984, "data_hora_gmt": "2026-04-21T17:13:00Z", "data_pas": "2026-04-21", "satelite": "NOAA-21", "municipio": "UIRAMUTÃ", "estado": "RORAIMA", "pais": "Brasil", "precipitacao": null, "numero_dias_sem_chuva": null, "risco_fogo": null, "bioma": "Amazônia", "id_0": 33, "id_1": 14, "id_2": 1400704, "continente_id": 8, "vegetacao": null, "grade_wrs": "232_057", "frp": 6.9}, "bbox": [-60.50954, 4.67984, -60.50954, 4.67984]}, {"type": "Feature", "id": "focos_48h_br_todosats.fid--145fdae9_19db31250eb_4498", "geometry": {"type": "Point", "coordinates": [-61.18892, 3.72579]}, "geometry_name": "geometria", "properties": {"id_foco_bdq": 1814984846, "foco_id": "a9cc7f17-9589-3dd9-b026-cae59a25e5ad", "longitude": -61.18892, "latitude": 3.72579, "data_hora_gmt": "2026-04-21T17:13:00Z", "data_pas": "2026-04-21", "satelite": "NOAA-21", "municipio": "AMAJARI", "estado": "RORAIMA", "pais": "Brasil", "precipitacao": null, "numero_dias_sem_chuva": null, "risco_fogo": null, "bioma": "Amazônia", "id_0": 33, "id_1": 14, "id_2": 1400027, "continente_id": 8, "vegetacao": null, "grade_wrs": "232_057", "frp": 4.9}, "bbox": [-61.18892, 3.72579, -61.18892, 3.72579]}, {"type": "Feature", "id": "focos_48h_br_todosats.fid--145fdae9_19db31250eb_4499", "geometry": {"type": "Point", "coordinates": [-60.33403, 2.57809]}, "geometry_name": "geometria", "properties": {"id_foco_bdq": 1814982323, "foco_id": "7424e261-4c23-3410-9084-dbb88338d320", "longitude": -60.33403, "latitude": 2.57809, "data_hora_gmt": "2026-04-21T17:13:00Z", "data_pas": "2026-04-21", "satelite": "NOAA-21", "municipio": "CANTÁ", "estado": "RORAIMA", "pais": "Brasil", "precipitacao": null, "numero_dias_sem_chuva": null, "risco_fogo": null, "bioma": "Amazônia", "id_0": 33, "id_1": 14, "id_2": 1400175, "continente_id": 8, "vegetacao": null, "grade_wrs": "232_058", "frp": 14.7}, "bbox": [-60.33403, 2.57809, -60.33403, 2.57809]}, {"type": "Feature", "id": "focos_48h_br_todosats.fid--145fdae9_19db31250eb_449b", "geometry": {"type": "Point", "coordinates": [-60.85979, 1.28772]}, "geometry_name": "geometria", "properties": {"id_foco_bdq": 1814982969, "foco_id": "6490e85f-a82a-3d45-ae1a-dd90cb9ceb72", "longitude": -60.85979, "latitude": 1.28772, "data_hora_gmt": "2026-04-21T17:13:00Z", "data_pas": "2026-04-21", "satelite": "NOAA-21", "municipio": "CARACARAÍ", "estado": "RORAIMA", "pais": "Brasil", "precipitacao": null, "numero_dias_sem_chuva": null, "risco_fogo": null, "bioma": "Amazônia", "id_0": 33, "id_1": 14, "id_2": 1400209, "continente_id": 8, "vegetacao": null, "grade_wrs": "232_059", "frp": 12.5}, "bbox": [-60.85979, 1.28772, -60.85979, 1.28772]}, {"type": "Feature", "id": "focos_48h_br_todosats.fid--145fdae9_19db31250eb_449d", "geometry": {"type": "Point", "coordinates": [-60.33318, 2.60029]}, "geometry_name": "geometria", "properties": {"id_foco_bdq": 1814984860, "foco_id": "cb34b249-d86b-36b8-bef8-8436ab8bc8ae", "longitude": -60.33318, "latitude": 2.60029, "data_hora_gmt": "2026-04-21T17:13:00Z", "data_pas": "2026-04-21", "satelite": "NOAA-21", "municipio": "CANTÁ", "estado": "RORAIMA", "pais": "Brasil", "precipitacao": null, "numero_dias_sem_chuva": null, "risco_fogo": null, "bioma": "Amazônia", "id_0": 33, "id_1": 14, "id_2": 1400175, "continente_id": 8, "vegetacao": null, "grade_wrs": "232_058", "frp": 4.9}, "bbox": [-60.33318, 2.60029, -60.33318, 2.60029]}, {"type": "Feature", "id": "focos_48h_br_todosats.fid--145fdae9_19db31250eb_449f", "geometry": {"type": "Point", "coordinates": [-60.8915, 1.48007]}, "geometry_name": "geometria", "properties": {"id_foco_bdq": 1814982995, "foco_id": "e6322423-7cde-3b00-9ae1-c6182cac8557", "longitude": -60.8915, "latitude": 1.48007, "data_hora_gmt": "2026-04-21T17:13:00Z", "data_pas": "2026-04-21", "satelite": "NOAA-21", "municipio": "CARACARAÍ", "estado": "RORAIMA", "pais": "Brasil", "precipitacao": null, "numero_dias_sem_chuva": null, "risco_fogo": null, "bioma": "Amazônia", "id_0": 33, "id_1": 14, "id_2": 1400209, "continente_id": 8, "vegetacao": null, "grade_wrs": "232_059", "frp": 13.6}, "bbox": [-60.8915, 1.48007, -60.8915, 1.48007]}, {"type": "Feature", "id": "focos_48h_br_todosats.fid--145fdae9_19db31250eb_44a1", "geometry": {"type": "Point", "coordinates": [-60.89019, 1.48116]}, "geometry_name": "geometria", "properties": {"id_foco_bdq": 1814983265, "foco_id": "b9cb6750-e5e7-36e3-9411-eece482c970c", "longitude": -60.89019, "latitude": 1.48116, "data_hora_gmt": "2026-04-21T17:13:00Z", "data_pas": "2026-04-21", "satelite": "NOAA-21", "municipio": "CARACARAÍ", "estado": "RORAIMA", "pais": "Brasil", "precipitacao": null, "numero_dias_sem_chuva": null, "risco_fogo": null, "bioma": "Amazônia", "id_0": 33, "id_1": 14, "id_2": 1400209, "continente_id": 8, "vegetacao": null, "grade_wrs": "232_059", "frp": 12.5}, "bbox": [-60.89019, 1.48116, -60.89019, 1.48116]}, {"type": "Feature", "id": "focos_48h_br_todosats.fid--145fdae9_19db31250eb_44a2", "geometry": {"type": "Point", "coordinates": [-60.32525, 2.57579]}, "geometry_name": "geometria", "properties": {"id_foco_bdq": 1814982398, "foco_id": "4badcef9-8c12-3bc4-9b0c-e697d6124ed6", "longitude": -60.32525, "latitude": 2.57579, "data_hora_gmt": "2026-04-21T17:13:00Z", "data_pas": "2026-04-21", "satelite": "NOAA-21", "municipio": "CANTÁ", "estado": "RORAIMA", "pais": "Brasil", "precipitacao": null, "numero_dias_sem_chuva": null, "risco_fogo": null, "bioma": "Amazônia", "id_0": 33, "id_1": 14, "id_2": 1400175, "continente_id": 8, "vegetacao": null, "grade_wrs": "232_058", "frp": 5.3}, "bbox": [-60.32525, 2.57579, -60.32525, 2.57579]}, {"type": "Feature", "id": "focos_48h_br_todosats.fid--145fdae9_19db31250eb_44a4", "geometry": {"type": "Point", "coordinates": [-60.33349, 2.57449]}, "geometry_name": "geometria", "properties": {"id_foco_bdq": 1814985160, "foco_id": "30776528-3644-34fd-964f-206adc4f19ec", "longitude": -60.33349, "latitude": 2.57449, "data_hora_gmt": "2026-04-21T17:13:00Z", "data_pas": "2026-04-21", "satelite": "NOAA-21", "municipio": "CANTÁ", "estado": "RORAIMA", "pais": "Brasil", "precipitacao": null, "numero_dias_sem_chuva": null, "risco_fogo": null, "bioma": "Amazônia", "id_0": 33, "id_1": 14, "id_2": 1400175, "continente_id": 8, "vegetacao": null, "grade_wrs": "232_058", "frp": 12.5}, "bbox": [-60.33349, 2.57449, -60.33349, 2.57449]}, {"type": "Feature", "id": "focos_48h_br_todosats.fid--145fdae9_19db31250eb_44a6", "geometry": {"type": "Point", "coordinates": [-61.1922, 3.71766]}, "geometry_name": "geometria", "properties": {"id_foco_bdq": 1814982308, "foco_id": "8fab73b1-cf2a-3098-8690-b782fc620e60", "longitude": -61.1922, "latitude": 3.71766, "data_hora_gmt": "2026-04-21T17:13:00Z", "data_pas": "2026-04-21", "satelite": "NOAA-21", "municipio": "AMAJARI", "estado": "RORAIMA", "pais": "Brasil", "precipitacao": null, "numero_dias_sem_chuva": null, "risco_fogo": null, "bioma": "Amazônia", "id_0": 33, "id_1": 14, "id_2": 1400027, "continente_id": 8, "vegetacao": null, "grade_wrs": "232_057", "frp": 12.7}, "bbox": [-61.1922, 3.71766, -61.1922, 3.71766]}, {"type": "Feature", "id": "focos_48h_br_todosats.fid--145fdae9_19db31250eb_44a8", "geometry": {"type": "Point", "coordinates": [-60.85923, 1.28396]}, "geometry_name": "geometria", "properties": {"id_foco_bdq": 1814982887, "foco_id": "2874e54e-193f-3b22-abfd-841d190c70fe", "longitude": -60.85923, "latitude": 1.28396, "data_hora_gmt": "2026-04-21T17:13:00Z", "data_pas": "2026-04-21", "satelite": "NOAA-21", "municipio": "CARACARAÍ", "estado": "RORAIMA", "pais": "Brasil", "precipitacao": null, "numero_dias_sem_chuva": null, "risco_fogo": null, "bioma": "Amazônia", "id_0": 33, "id_1": 14, "id_2": 1400209, "continente_id": 8, "vegetacao": null, "grade_wrs": "232_059", "frp": 12.5}, "bbox": [-60.85923, 1.28396, -60.85923, 1.28396]}, {"type": "Feature", "id": "focos_48h_br_todosats.fid--145fdae9_19db31250eb_44aa", "geometry": {"type": "Point", "coordinates": [-60.43633, 1.07707]}, "geometry_name": "geometria", "properties": {"id_foco_bdq": 1814981945, "foco_id": "112c8809-0714-38d0-99c6-2cad651dbd91", "longitude": -60.43633, "latitude": 1.07707, "data_hora_gmt": "2026-04-21T17:13:00Z", "data_pas": "2026-04-21", "satelite": "NOAA-21", "municipio": "RORAINÓPOLIS", "estado": "RORAIMA", "pais": "Brasil", "precipitacao": null, "numero_dias_sem_chuva": null, "risco_fogo": null, "bioma": "Amazônia", "id_0": 33, "id_1": 14, "id_2": 1400472, "continente_id": 8, "vegetacao": null, "grade_wrs": "231_059", "frp": 1.5}, "bbox": [-60.43633, 1.07707, -60.43633, 1.07707]}, {"type": "Feature", "id": "focos_48h_br_todosats.fid--145fdae9_19db31250eb_44ab", "geometry": {"type": "Point", "coordinates": [-60.43425, 1.09245]}, "geometry_name": "geometria", "properties": {"id_foco_bdq": 1814982126, "foco_id": "1668a37e-e873-3731-ae15-87ac56520d87", "longitude": -60.43425, "latitude": 1.09245, "data_hora_gmt": "2026-04-21T17:13:00Z", "data_pas": "2026-04-21", "satelite": "NOAA-21", "municipio": "RORAINÓPOLIS", "estado": "RORAIMA", "pais": "Brasil", "precipitacao": null, "numero_dias_sem_chuva": null, "risco_fogo": null, "bioma": "Amazônia", "id_0": 33, "id_1": 14, "id_2": 1400472, "continente_id": 8, "vegetacao": null, "grade_wrs": "231_059", "frp": 11.7}, "bbox": [-60.43425, 1.09245, -60.43425, 1.09245]}, {"type": "Feature", "id": "focos_48h_br_todosats.fid--145fdae9_19db31250eb_44af", "geometry": {"type": "Point", "coordinates": [-59.8132, 2.26028]}, "geometry_name": "geometria", "properties": {"id_foco_bdq": 1814982498, "foco_id": "45946a3b-dbcf-3f62-8476-34f959cc95c4", "longitude": -59.8132, "latitude": 2.26028, "data_hora_gmt": "2026-04-21T17:13:00Z", "data_pas": "2026-04-21", "satelite": "NOAA-21", "municipio": "BONFIM", "estado": "RORAIMA", "pais": "Brasil", "precipitacao": null, "numero_dias_sem_chuva": null, "risco_fogo": null, "bioma": "Amazônia", "id_0": 33, "id_1": 14, "id_2": 1400159, "continente_id": 8, "vegetacao": null, "grade_wrs": "231_058", "frp": 5.7}, "bbox": [-59.8132, 2.26028, -59.8132, 2.26028]}, {"type": "Feature", "id": "focos_48h_br_todosats.fid--145fdae9_19db31250eb_44b1", "geometry": {"type": "Point", "coordinates": [-61.19343, 3.71888]}, "geometry_name": "geometria", "properties": {"id_foco_bdq": 1814984099, "foco_id": "86f54f61-5fcd-389f-9311-9f78db6a1dc6", "longitude": -61.19343, "latitude": 3.71888, "data_hora_gmt": "2026-04-21T17:13:00Z", "data_pas": "2026-04-21", "satelite": "NOAA-21", "municipio": "AMAJARI", "estado": "RORAIMA", "pais": "Brasil", "precipitacao": null, "numero_dias_sem_chuva": null, "risco_fogo": null, "bioma": "Amazônia", "id_0": 33, "id_1": 14, "id_2": 1400027, "continente_id": 8, "vegetacao": null, "grade_wrs": "232_057", "frp": 14}, "bbox": [-61.19343, 3.71888, -61.19343, 3.71888]}, {"type": "Feature", "id": "focos_48h_br_todosats.fid--145fdae9_19db31250eb_44b3", "geometry": {"type": "Point", "coordinates": [-61.18958, 3.72328]}, "geometry_name": "geometria", "properties": {"id_foco_bdq": 1814982158, "foco_id": "db4650d8-fedf-3ce3-bb7e-04bf75ec98f3", "longitude": -61.18958, "latitude": 3.72328, "data_hora_gmt": "2026-04-21T17:13:00Z", "data_pas": "2026-04-21", "satelite": "NOAA-21", "municipio": "AMAJARI", "estado": "RORAIMA", "pais": "Brasil", "precipitacao": null, "numero_dias_sem_chuva": null, "risco_fogo": null, "bioma": "Amazônia", "id_0": 33, "id_1": 14, "id_2": 1400027, "continente_id": 8, "vegetacao": null, "grade_wrs": "232_057", "frp": 11.4}, "bbox": [-61.18958, 3.72328, -61.18958, 3.72328]}, {"type": "Feature", "id": "focos_48h_br_todosats.fid--145fdae9_19db31250eb_44b5", "geometry": {"type": "Point", "coordinates": [-49.58179, -27.00476]}, "geometry_name": "geometria", "properties": {"id_foco_bdq": 1814982950, "foco_id": "d3f6fba6-b506-3135-8a50-f6c219861b5f", "longitude": -49.58179, "latitude": -27.00476, "data_hora_gmt": "2026-04-21T17:39:00Z", "data_pas": "2026-04-21", "satelite": "NPP-375", "municipio": "IBIRAMA", "estado": "SANTA CATARINA", "pais": "Brasil", "precipitacao": null, "numero_dias_sem_chuva": null, "risco_fogo": null, "bioma": "Mata Atlântica", "id_0": 33, "id_1": 42, "id_2": 4206900, "continente_id": 8, "vegetacao": null, "grade_wrs": "220_079", "frp": 4.5}, "bbox": [-49.58179, -27.00476, -49.58179, -27.00476]}, {"type": "Feature", "id": "focos_48h_br_todosats.fid--145fdae9_19db31250eb_44b7", "geometry": {"type": "Point", "coordinates": [-49.58615, -27.00566]}, "geometry_name": "geometria", "properties": {"id_foco_bdq": 1814984834, "foco_id": "fe7c1d25-6777-32d9-a0c9-fbea036f449e", "longitude": -49.58615, "latitude": -27.00566, "data_hora_gmt": "2026-04-21T17:39:00Z", "data_pas": "2026-04-21", "satelite": "NPP-375", "municipio": "IBIRAMA", "estado": "SANTA CATARINA", "pais": "Brasil", "precipitacao": null, "numero_dias_sem_chuva": null, "risco_fogo": null, "bioma": "Mata Atlântica", "id_0": 33, "id_1": 42, "id_2": 4206900, "continente_id": 8, "vegetacao": null, "grade_wrs": "220_079", "frp": 4.5}, "bbox": [-49.58615, -27.00566, -49.58615, -27.00566]}, {"type": "Feature", "id": "focos_48h_br_todosats.fid--145fdae9_19db31250eb_44b8", "geometry": {"type": "Point", "coordinates": [-50.6006, -27.19184]}, "geometry_name": "geometria", "properties": {"id_foco_bdq": 1814984963, "foco_id": "500e7687-7af0-3f31-ab20-5e5ad7625c2a", "longitude": -50.6006, "latitude": -27.19184, "data_hora_gmt": "2026-04-21T17:39:00Z", "data_pas": "2026-04-21", "satelite": "NPP-375", "municipio": "PONTE ALTA DO NORTE", "estado": "SANTA CATARINA", "pais": "Brasil", "precipitacao": null, "numero_dias_sem_chuva": null, "risco_fogo": null, "bioma": "Mata Atlântica", "id_0": 33, "id_1": 42, "id_2": 4213351, "continente_id": 8, "vegetacao": null, "grade_wrs": "221_079", "frp": 59.2}, "bbox": [-50.6006, -27.19184, -50.6006, -27.19184]}, {"type": "Feature", "id": "focos_48h_br_todosats.fid--145fdae9_19db31250eb_44ba", "geometry": {"type": "Point", "coordinates": [-50.93246, -25.03103]}, "geometry_name": "geometria", "properties": {"id_foco_bdq": 1814981938, "foco_id": "ce62d065-0e1a-388c-81a6-290aa59a09b4", "longitude": -50.93246, "latitude": -25.03103, "data_hora_gmt": "2026-04-21T17:39:00Z", "data_pas": "2026-04-21", "satelite": "NPP-375", "municipio": "IVAÍ", "estado": "PARANÁ", "pais": "Brasil", "precipitacao": null, "numero_dias_sem_chuva": null, "risco_fogo": null, "bioma": "Mata Atlântica", "id_0": 33, "id_1": 41, "id_2": 4111407, "continente_id": 8, "vegetacao": null, "grade_wrs": "222_077", "frp": 3.9}, "bbox": [-50.93246, -25.03103, -50.93246, -25.03103]}, {"type": "Feature", "id": "focos_48h_br_todosats.fid--145fdae9_19db31250eb_44bb", "geometry": {"type": "Point", "coordinates": [-50.18821, -27.78892]}, "geometry_name": "geometria", "properties": {"id_foco_bdq": 1814983226, "foco_id": "4ab84077-c0ca-38af-9bae-960980ef27cd", "longitude": -50.18821, "latitude": -27.78892, "data_hora_gmt": "2026-04-21T17:39:00Z", "data_pas": "2026-04-21", "satelite": "NPP-375", "municipio": "LAGES", "estado": "SANTA CATARINA", "pais": "Brasil", "precipitacao": null, "numero_dias_sem_chuva": null, "risco_fogo": null, "bioma": "Mata Atlântica", "id_0": 33, "id_1": 42, "id_2": 4209300, "continente_id": 8, "vegetacao": null, "grade_wrs": "221_079", "frp": 21.2}, "bbox": [-50.18821, -27.78892, -50.18821, -27.78892]}, {"type": "Feature", "id": "focos_48h_br_todosats.fid--145fdae9_19db31250eb_44bd", "geometry": {"type": "Point", "coordinates": [-49.62966, -24.9615]}, "geometry_name": "geometria", "properties": {"id_foco_bdq": 1814982953, "foco_id": "44eecdb3-3ffd-3154-a95d-9160f9c6a74c", "longitude": -49.62966, "latitude": -24.9615, "data_hora_gmt": "2026-04-21T17:39:00Z", "data_pas": "2026-04-21", "satelite": "NPP-375", "municipio": "CASTRO", "estado": "PARANÁ", "pais": "Brasil", "precipitacao": null, "numero_dias_sem_chuva": null, "risco_fogo": null, "bioma": "Mata Atlântica", "id_0": 33, "id_1": 41, "id_2": 4104907, "continente_id": 8, "vegetacao": null, "grade_wrs": "221_077", "frp": 21.2}, "bbox": [-49.62966, -24.9615, -49.62966, -24.9615]}, {"type": "Feature", "id": "focos_48h_br_todosats.fid--145fdae9_19db31250eb_44be", "geometry": {"type": "Point", "coordinates": [-46.13461, -23.20023]}, "geometry_name": "geometria", "properties": {"id_foco_bdq": 1814983345, "foco_id": "5eb2e0d8-ae53-3215-8abb-1dc241216979", "longitude": -46.13461, "latitude": -23.20023, "data_hora_gmt": "2026-04-21T17:39:00Z", "data_pas": "2026-04-21", "satelite": "NPP-375", "municipio": "IGARATÁ", "estado": "SÃO PAULO", "pais": "Brasil", "precipitacao": null, "numero_dias_sem_chuva": null, "risco_fogo": null, "bioma": "Mata Atlântica", "id_0": 33, "id_1": 35, "id_2": 3520202, "continente_id": 8, "vegetacao": null, "grade_wrs": "219_076", "frp": 6.4}, "bbox": [-46.13461, -23.20023, -46.13461, -23.20023]}, {"type": "Feature", "id": "focos_48h_br_todosats.fid--145fdae9_19db31250eb_44c0", "geometry": {"type": "Point", "coordinates": [-45.56925, -22.81665]}, "geometry_name": "geometria", "properties": {"id_foco_bdq": 1814983043, "foco_id": "8aa54d56-f1be-3ce0-a373-0756728a2c99", "longitude": -45.56925, "latitude": -22.81665, "data_hora_gmt": "2026-04-21T17:39:00Z", "data_pas": "2026-04-21", "satelite": "NPP-375", "municipio": "PINDAMONHANGABA", "estado": "SÃO PAULO", "pais": "Brasil", "precipitacao": null, "numero_dias_sem_chuva": null, "risco_fogo": null, "bioma": "Mata Atlântica", "id_0": 33, "id_1": 35, "id_2": 3538006, "continente_id": 8, "vegetacao": null, "grade_wrs": "218_076", "frp": 1.4}, "bbox": [-45.56925, -22.81665, -45.56925, -22.81665]}, {"type": "Feature", "id": "focos_48h_br_todosats.fid--145fdae9_19db31250eb_44c2", "geometry": {"type": "Point", "coordinates": [-50.04383, -24.46478]}, "geometry_name": "geometria", "properties": {"id_foco_bdq": 1814981911, "foco_id": "8c822599-449e-3caf-9949-9827c8220de4", "longitude": -50.04383, "latitude": -24.46478, "data_hora_gmt": "2026-04-21T17:39:00Z", "data_pas": "2026-04-21", "satelite": "NPP-375", "municipio": "PIRAÍ DO SUL", "estado": "PARANÁ", "pais": "Brasil", "precipitacao": null, "numero_dias_sem_chuva": null, "risco_fogo": null, "bioma": "Cerrado", "id_0": 33, "id_1": 41, "id_2": 4119400, "continente_id": 8, "vegetacao": null, "grade_wrs": "221_077", "frp": 10.5}, "bbox": [-50.04383, -24.46478, -50.04383, -24.46478]}, {"type": "Feature", "id": "focos_48h_br_todosats.fid--145fdae9_19db31250eb_44c6", "geometry": {"type": "Point", "coordinates": [-50.57082, -27.42125]}, "geometry_name": "geometria", "properties": {"id_foco_bdq": 1814982022, "foco_id": "599256ad-2629-3602-b349-8a1ae962d0e8", "longitude": -50.57082, "latitude": -27.42125, "data_hora_gmt": "2026-04-21T17:39:00Z", "data_pas": "2026-04-21", "satelite": "NPP-375", "municipio": "CURITIBANOS", "estado": "SANTA CATARINA", "pais": "Brasil", "precipitacao": null, "numero_dias_sem_chuva": null, "risco_fogo": null, "bioma": "Mata Atlântica", "id_0": 33, "id_1": 42, "id_2": 4204806, "continente_id": 8, "vegetacao": null, "grade_wrs": "221_079", "frp": 2.8}, "bbox": [-50.57082, -27.42125, -50.57082, -27.42125]}, {"type": "Feature", "id": "focos_48h_br_todosats.fid--145fdae9_19db31250eb_44c7", "geometry": {"type": "Point", "coordinates": [-51.02503, -25.01416]}, "geometry_name": "geometria", "properties": {"id_foco_bdq": 1814983651, "foco_id": "63c16d72-7745-3630-8b05-a75624898943", "longitude": -51.02503, "latitude": -25.01416, "data_hora_gmt": "2026-04-21T17:39:00Z", "data_pas": "2026-04-21", "satelite": "NPP-375", "municipio": "PRUDENTÓPOLIS", "estado": "PARANÁ", "pais": "Brasil", "precipitacao": null, "numero_dias_sem_chuva": null, "risco_fogo": null, "bioma": "Mata Atlântica", "id_0": 33, "id_1": 41, "id_2": 4120606, "continente_id": 8, "vegetacao": null, "grade_wrs": "222_077", "frp": 2.3}, "bbox": [-51.02503, -25.01416, -51.02503, -25.01416]}, {"type": "Feature", "id": "focos_48h_br_todosats.fid--145fdae9_19db31250eb_44c9", "geometry": {"type": "Point", "coordinates": [-50.59764, -27.18691]}, "geometry_name": "geometria", "properties": {"id_foco_bdq": 1814983700, "foco_id": "3ee2eaa7-f02f-3dfb-a482-7f3ab8ffe724", "longitude": -50.59764, "latitude": -27.18691, "data_hora_gmt": "2026-04-21T17:39:00Z", "data_pas": "2026-04-21", "satelite": "NPP-375", "municipio": "PONTE ALTA DO NORTE", "estado": "SANTA CATARINA", "pais": "Brasil", "precipitacao": null, "numero_dias_sem_chuva": null, "risco_fogo": null, "bioma": "Mata Atlântica", "id_0": 33, "id_1": 42, "id_2": 4213351, "continente_id": 8, "vegetacao": null, "grade_wrs": "221_079", "frp": 59.2}, "bbox": [-50.59764, -27.18691, -50.59764, -27.18691]}, {"type": "Feature", "id": "focos_48h_br_todosats.fid--145fdae9_19db31250eb_44cb", "geometry": {"type": "Point", "coordinates": [-49.59064, -27.0066]}, "geometry_name": "geometria", "properties": {"id_foco_bdq": 1814983734, "foco_id": "2779cbd1-ccb8-3200-8b11-4712695bcfc9", "longitude": -49.59064, "latitude": -27.0066, "data_hora_gmt": "2026-04-21T17:39:00Z", "data_pas": "2026-04-21", "satelite": "NPP-375", "municipio": "IBIRAMA", "estado": "SANTA CATARINA", "pais": "Brasil", "precipitacao": null, "numero_dias_sem_chuva": null, "risco_fogo": null, "bioma": "Mata Atlântica", "id_0": 33, "id_1": 42, "id_2": 4206900, "continente_id": 8, "vegetacao": null, "grade_wrs": "220_079", "frp": 3.3}, "bbox": [-49.59064, -27.0066, -49.59064, -27.0066]}, {"type": "Feature", "id": "focos_48h_br_todosats.fid--145fdae9_19db31250eb_44cd", "geometry": {"type": "Point", "coordinates": [-51.31629, -23.6097]}, "geometry_name": "geometria", "properties": {"id_foco_bdq": 1814983752, "foco_id": "3cc0d2fc-fcb0-3699-a332-e16d604acf31", "longitude": -51.31629, "latitude": -23.6097, "data_hora_gmt": "2026-04-21T17:39:00Z", "data_pas": "2026-04-21", "satelite": "NPP-375", "municipio": "APUCARANA", "estado": "PARANÁ", "pais": "Brasil", "precipitacao": null, "numero_dias_sem_chuva": null, "risco_fogo": null, "bioma": "Mata Atlântica", "id_0": 33, "id_1": 41, "id_2": 4101408, "continente_id": 8, "vegetacao": null, "grade_wrs": "222_076", "frp": 5.1}, "bbox": [-51.31629, -23.6097, -51.31629, -23.6097]}, {"type": "Feature", "id": "focos_48h_br_todosats.fid--145fdae9_19db31250eb_44cf", "geometry": {"type": "Point", "coordinates": [-50.73117, -25.36456]}, "geometry_name": "geometria", "properties": {"id_foco_bdq": 1814983755, "foco_id": "89442ecf-bd73-3e13-8943-435a746cb2a5", "longitude": -50.73117, "latitude": -25.36456, "data_hora_gmt": "2026-04-21T17:39:00Z", "data_pas": "2026-04-21", "satelite": "NPP-375", "municipio": "IRATI", "estado": "PARANÁ", "pais": "Brasil", "precipitacao": null, "numero_dias_sem_chuva": null, "risco_fogo": null, "bioma": "Mata Atlântica", "id_0": 33, "id_1": 41, "id_2": 4110706, "continente_id": 8, "vegetacao": null, "grade_wrs": "221_078", "frp": 36.8}, "bbox": [-50.73117, -25.36456, -50.73117, -25.36456]}, {"type": "Feature", "id": "focos_48h_br_todosats.fid--145fdae9_19db31250eb_44d0", "geometry": {"type": "Point", "coordinates": [-50.18926, -27.78474]}, "geometry_name": "geometria", "properties": {"id_foco_bdq": 1814983826, "foco_id": "f5d47519-f519-3c44-a4d0-c93b10df2b79", "longitude": -50.18926, "latitude": -27.78474, "data_hora_gmt": "2026-04-21T17:39:00Z", "data_pas": "2026-04-21", "satelite": "NPP-375", "municipio": "LAGES", "estado": "SANTA CATARINA", "pais": "Brasil", "precipitacao": null, "numero_dias_sem_chuva": null, "risco_fogo": null, "bioma": "Mata Atlântica", "id_0": 33, "id_1": 42, "id_2": 4209300, "continente_id": 8, "vegetacao": null, "grade_wrs": "221_079", "frp": 21.2}, "bbox": [-50.18926, -27.78474, -50.18926, -27.78474]}, {"type": "Feature", "id": "focos_48h_br_todosats.fid--145fdae9_19db31250eb_44d2", "geometry": {"type": "Point", "coordinates": [-50.03796, -24.46828]}, "geometry_name": "geometria", "properties": {"id_foco_bdq": 1814981850, "foco_id": "ef9c2558-da4c-3eb1-8a9d-1a9bb1432365", "longitude": -50.03796, "latitude": -24.46828, "data_hora_gmt": "2026-04-21T17:39:00Z", "data_pas": "2026-04-21", "satelite": "NPP-375", "municipio": "PIRAÍ DO SUL", "estado": "PARANÁ", "pais": "Brasil", "precipitacao": null, "numero_dias_sem_chuva": null, "risco_fogo": null, "bioma": "Cerrado", "id_0": 33, "id_1": 41, "id_2": 4119400, "continente_id": 8, "vegetacao": null, "grade_wrs": "221_077", "frp": 22.7}, "bbox": [-50.03796, -24.46828, -50.03796, -24.46828]}, {"type": "Feature", "id": "focos_48h_br_todosats.fid--145fdae9_19db31250eb_44d4", "geometry": {"type": "Point", "coordinates": [-49.58771, -27.00137]}, "geometry_name": "geometria", "properties": {"id_foco_bdq": 1814983956, "foco_id": "6d7e25e5-2c23-397d-9884-0b62d542297f", "longitude": -49.58771, "latitude": -27.00137, "data_hora_gmt": "2026-04-21T17:39:00Z", "data_pas": "2026-04-21", "satelite": "NPP-375", "municipio": "JOSÉ BOITEUX", "estado": "SANTA CATARINA", "pais": "Brasil", "precipitacao": null, "numero_dias_sem_chuva": null, "risco_fogo": null, "bioma": "Mata Atlântica", "id_0": 33, "id_1": 42, "id_2": 4209151, "continente_id": 8, "vegetacao": null, "grade_wrs": "220_079", "frp": 5.1}, "bbox": [-49.58771, -27.00137, -49.58771, -27.00137]}, {"type": "Feature", "id": "focos_48h_br_todosats.fid--145fdae9_19db31250eb_44d6", "geometry": {"type": "Point", "coordinates": [-51.9239, -23.11818]}, "geometry_name": "geometria", "properties": {"id_foco_bdq": 1814982716, "foco_id": "7644f4db-ce48-3fbc-968f-e83413a99396", "longitude": -51.9239, "latitude": -23.11818, "data_hora_gmt": "2026-04-21T17:39:00Z", "data_pas": "2026-04-21", "satelite": "NPP-375", "municipio": "FLÓRIDA", "estado": "PARANÁ", "pais": "Brasil", "precipitacao": null, "numero_dias_sem_chuva": null, "risco_fogo": null, "bioma": "Mata Atlântica", "id_0": 33, "id_1": 41, "id_2": 4108106, "continente_id": 8, "vegetacao": null, "grade_wrs": "222_076", "frp": 3.5}, "bbox": [-51.9239, -23.11818, -51.9239, -23.11818]}, {"type": "Feature", "id": "focos_48h_br_todosats.fid--145fdae9_19db31250eb_44d7", "geometry": {"type": "Point", "coordinates": [-49.39104, -25.11019]}, "geometry_name": "geometria", "properties": {"id_foco_bdq": 1814981839, "foco_id": "c2264424-9d6d-3118-a0a4-593c39009091", "longitude": -49.39104, "latitude": -25.11019, "data_hora_gmt": "2026-04-21T17:39:00Z", "data_pas": "2026-04-21", "satelite": "NPP-375", "municipio": "RIO BRANCO DO SUL", "estado": "PARANÁ", "pais": "Brasil", "precipitacao": null, "numero_dias_sem_chuva": null, "risco_fogo": null, "bioma": "Mata Atlântica", "id_0": 33, "id_1": 41, "id_2": 4122206, "continente_id": 8, "vegetacao": null, "grade_wrs": "221_077", "frp": 7.7}, "bbox": [-49.39104, -25.11019, -49.39104, -25.11019]}, {"type": "Feature", "id": "focos_48h_br_todosats.fid--145fdae9_19db31250eb_44d9", "geometry": {"type": "Point", "coordinates": [-50.46526, -27.4963]}, "geometry_name": "geometria", "properties": {"id_foco_bdq": 1814984045, "foco_id": "a1d0b698-d186-343a-addf-762a2265b029", "longitude": -50.46526, "latitude": -27.4963, "data_hora_gmt": "2026-04-21T17:39:00Z", "data_pas": "2026-04-21", "satelite": "NPP-375", "municipio": "CORREIA PINTO", "estado": "SANTA CATARINA", "pais": "Brasil", "precipitacao": null, "numero_dias_sem_chuva": null, "risco_fogo": null, "bioma": "Mata Atlântica", "id_0": 33, "id_1": 42, "id_2": 4204558, "continente_id": 8, "vegetacao": null, "grade_wrs": "221_079", "frp": 17.5}, "bbox": [-50.46526, -27.4963, -50.46526, -27.4963]}, {"type": "Feature", "id": "focos_48h_br_todosats.fid--145fdae9_19db31250eb_44dd", "geometry": {"type": "Point", "coordinates": [-50.4879, -26.82875]}, "geometry_name": "geometria", "properties": {"id_foco_bdq": 1814982682, "foco_id": "b81abb71-3cb4-3482-90f4-a258aa404e7b", "longitude": -50.4879, "latitude": -26.82875, "data_hora_gmt": "2026-04-21T17:39:00Z", "data_pas": "2026-04-21", "satelite": "NPP-375", "municipio": "SANTA CECÍLIA", "estado": "SANTA CATARINA", "pais": "Brasil", "precipitacao": null, "numero_dias_sem_chuva": null, "risco_fogo": null, "bioma": "Mata Atlântica", "id_0": 33, "id_1": 42, "id_2": 4215505, "continente_id": 8, "vegetacao": null, "grade_wrs": "221_079", "frp": 3.9}, "bbox": [-50.4879, -26.82875, -50.4879, -26.82875]}, {"type": "Feature", "id": "focos_48h_br_todosats.fid--145fdae9_19db31250eb_44df", "geometry": {"type": "Point", "coordinates": [-51.31583, -23.61192]}, "geometry_name": "geometria", "properties": {"id_foco_bdq": 1814984078, "foco_id": "efd94362-9fa3-37c2-8d09-b9647f82ed9a", "longitude": -51.31583, "latitude": -23.61192, "data_hora_gmt": "2026-04-21T17:39:00Z", "data_pas": "2026-04-21", "satelite": "NPP-375", "municipio": "APUCARANA", "estado": "PARANÁ", "pais": "Brasil", "precipitacao": null, "numero_dias_sem_chuva": null, "risco_fogo": null, "bioma": "Mata Atlântica", "id_0": 33, "id_1": 41, "id_2": 4101408, "continente_id": 8, "vegetacao": null, "grade_wrs": "222_076", "frp": 8.5}, "bbox": [-51.31583, -23.61192, -51.31583, -23.61192]}, {"type": "Feature", "id": "focos_48h_br_todosats.fid--145fdae9_19db31250eb_44e0", "geometry": {"type": "Point", "coordinates": [-50.043, -24.46932]}, "geometry_name": "geometria", "properties": {"id_foco_bdq": 1814982544, "foco_id": "293188a7-35da-31e4-83f8-f3cfbba009df", "longitude": -50.043, "latitude": -24.46932, "data_hora_gmt": "2026-04-21T17:39:00Z", "data_pas": "2026-04-21", "satelite": "NPP-375", "municipio": "PIRAÍ DO SUL", "estado": "PARANÁ", "pais": "Brasil", "precipitacao": null, "numero_dias_sem_chuva": null, "risco_fogo": null, "bioma": "Cerrado", "id_0": 33, "id_1": 41, "id_2": 4119400, "continente_id": 8, "vegetacao": null, "grade_wrs": "221_077", "frp": 10.5}, "bbox": [-50.043, -24.46932, -50.043, -24.46932]}, {"type": "Feature", "id": "focos_48h_br_todosats.fid--145fdae9_19db31250eb_44e2", "geometry": {"type": "Point", "coordinates": [-51.41993, -25.29282]}, "geometry_name": "geometria", "properties": {"id_foco_bdq": 1814984204, "foco_id": "ac0a49b6-a0ba-3af9-ab14-14c637578a1f", "longitude": -51.41993, "latitude": -25.29282, "data_hora_gmt": "2026-04-21T17:39:00Z", "data_pas": "2026-04-21", "satelite": "NPP-375", "municipio": "GUARAPUAVA", "estado": "PARANÁ", "pais": "Brasil", "precipitacao": null, "numero_dias_sem_chuva": null, "risco_fogo": null, "bioma": "Mata Atlântica", "id_0": 33, "id_1": 41, "id_2": 4109401, "continente_id": 8, "vegetacao": null, "grade_wrs": "222_077", "frp": 1.5}, "bbox": [-51.41993, -25.29282, -51.41993, -25.29282]}, {"type": "Feature", "id": "focos_48h_br_todosats.fid--145fdae9_19db31250eb_44e4", "geometry": {"type": "Point", "coordinates": [-50.04824, -27.57782]}, "geometry_name": "geometria", "properties": {"id_foco_bdq": 1814984205, "foco_id": "9e3138db-4a03-344a-98e7-2a251b56a7bd", "longitude": -50.04824, "latitude": -27.57782, "data_hora_gmt": "2026-04-21T17:39:00Z", "data_pas": "2026-04-21", "satelite": "NPP-375", "municipio": "PALMEIRA", "estado": "SANTA CATARINA", "pais": "Brasil", "precipitacao": null, "numero_dias_sem_chuva": null, "risco_fogo": null, "bioma": "Mata Atlântica", "id_0": 33, "id_1": 42, "id_2": 4212056, "continente_id": 8, "vegetacao": null, "grade_wrs": "221_079", "frp": 3.3}, "bbox": [-50.04824, -27.57782, -50.04824, -27.57782]}, {"type": "Feature", "id": "focos_48h_br_todosats.fid--145fdae9_19db31250eb_44e5", "geometry": {"type": "Point", "coordinates": [-51.91989, -23.1174]}, "geometry_name": "geometria", "properties": {"id_foco_bdq": 1814982535, "foco_id": "bff86897-d8df-3771-bbfa-15963c31631f", "longitude": -51.91989, "latitude": -23.1174, "data_hora_gmt": "2026-04-21T17:39:00Z", "data_pas": "2026-04-21", "satelite": "NPP-375", "municipio": "FLÓRIDA", "estado": "PARANÁ", "pais": "Brasil", "precipitacao": null, "numero_dias_sem_chuva": null, "risco_fogo": null, "bioma": "Mata Atlântica", "id_0": 33, "id_1": 41, "id_2": 4108106, "continente_id": 8, "vegetacao": null, "grade_wrs": "222_076", "frp": 3.5}, "bbox": [-51.91989, -23.1174, -51.91989, -23.1174]}, {"type": "Feature", "id": "focos_48h_br_todosats.fid--145fdae9_19db31250eb_44e6", "geometry": {"type": "Point", "coordinates": [-49.62492, -24.95571]}, "geometry_name": "geometria", "properties": {"id_foco_bdq": 1814984299, "foco_id": "321d32d8-0e43-3424-8b48-bba3d00f1242", "longitude": -49.62492, "latitude": -24.95571, "data_hora_gmt": "2026-04-21T17:39:00Z", "data_pas": "2026-04-21", "satelite": "NPP-375", "municipio": "CASTRO", "estado": "PARANÁ", "pais": "Brasil", "precipitacao": null, "numero_dias_sem_chuva": null, "risco_fogo": null, "bioma": "Mata Atlântica", "id_0": 33, "id_1": 41, "id_2": 4104907, "continente_id": 8, "vegetacao": null, "grade_wrs": "221_077", "frp": 148.1}, "bbox": [-49.62492, -24.95571, -49.62492, -24.95571]}, {"type": "Feature", "id": "focos_48h_br_todosats.fid--145fdae9_19db31250eb_44e7", "geometry": {"type": "Point", "coordinates": [-50.57498, -27.42208]}, "geometry_name": "geometria", "properties": {"id_foco_bdq": 1814984346, "foco_id": "2f74100e-cbc9-3b07-ac6f-4e9ec25e1df3", "longitude": -50.57498, "latitude": -27.42208, "data_hora_gmt": "2026-04-21T17:39:00Z", "data_pas": "2026-04-21", "satelite": "NPP-375", "municipio": "CURITIBANOS", "estado": "SANTA CATARINA", "pais": "Brasil", "precipitacao": null, "numero_dias_sem_chuva": null, "risco_fogo": null, "bioma": "Mata Atlântica", "id_0": 33, "id_1": 42, "id_2": 4204806, "continente_id": 8, "vegetacao": null, "grade_wrs": "221_079", "frp": 4}, "bbox": [-50.57498, -27.42208, -50.57498, -27.42208]}, {"type": "Feature", "id": "focos_48h_br_todosats.fid--145fdae9_19db31250eb_44e9", "geometry": {"type": "Point", "coordinates": [-50.04718, -27.58204]}, "geometry_name": "geometria", "properties": {"id_foco_bdq": 1814982107, "foco_id": "91ee83fb-913c-3f86-8e80-45ae6d95473b", "longitude": -50.04718, "latitude": -27.58204, "data_hora_gmt": "2026-04-21T17:39:00Z", "data_pas": "2026-04-21", "satelite": "NPP-375", "municipio": "LAGES", "estado": "SANTA CATARINA", "pais": "Brasil", "precipitacao": null, "numero_dias_sem_chuva": null, "risco_fogo": null, "bioma": "Mata Atlântica", "id_0": 33, "id_1": 42, "id_2": 4209300, "continente_id": 8, "vegetacao": null, "grade_wrs": "221_079", "frp": 6.9}, "bbox": [-50.04718, -27.58204, -50.04718, -27.58204]}, {"type": "Feature", "id": "focos_48h_br_todosats.fid--145fdae9_19db31250eb_44ea", "geometry": {"type": "Point", "coordinates": [-49.99631, -21.75741]}, "geometry_name": "geometria", "properties": {"id_foco_bdq": 1814984376, "foco_id": "ceac7dab-b7a7-378a-8069-bbbd569b8219", "longitude": -49.99631, "latitude": -21.75741, "data_hora_gmt": "2026-04-21T17:39:00Z", "data_pas": "2026-04-21", "satelite": "NPP-375", "municipio": "GETULINA", "estado": "SÃO PAULO", "pais": "Brasil", "precipitacao": null, "numero_dias_sem_chuva": null, "risco_fogo": null, "bioma": "Mata Atlântica", "id_0": 33, "id_1": 35, "id_2": 3517000, "continente_id": 8, "vegetacao": null, "grade_wrs": "221_075", "frp": 8}, "bbox": [-49.99631, -21.75741, -49.99631, -21.75741]}, {"type": "Feature", "id": "focos_48h_br_todosats.fid--145fdae9_19db31250eb_44ec", "geometry": {"type": "Point", "coordinates": [-51.18404, -26.98563]}, "geometry_name": "geometria", "properties": {"id_foco_bdq": 1814982399, "foco_id": "7639e676-e566-3473-ba24-a75abea31bf3", "longitude": -51.18404, "latitude": -26.98563, "data_hora_gmt": "2026-04-21T17:39:00Z", "data_pas": "2026-04-21", "satelite": "NPP-375", "municipio": "VIDEIRA", "estado": "SANTA CATARINA", "pais": "Brasil", "precipitacao": null, "numero_dias_sem_chuva": null, "risco_fogo": null, "bioma": "Mata Atlântica", "id_0": 33, "id_1": 42, "id_2": 4219309, "continente_id": 8, "vegetacao": null, "grade_wrs": "221_079", "frp": 2.6}, "bbox": [-51.18404, -26.98563, -51.18404, -26.98563]}, {"type": "Feature", "id": "focos_48h_br_todosats.fid--145fdae9_19db31250eb_44ee", "geometry": {"type": "Point", "coordinates": [-50.13095, -25.18309]}, "geometry_name": "geometria", "properties": {"id_foco_bdq": 1814984430, "foco_id": "1a0a7830-e35f-33f5-94d5-bdfeeb0f6a2c", "longitude": -50.13095, "latitude": -25.18309, "data_hora_gmt": "2026-04-21T17:39:00Z", "data_pas": "2026-04-21", "satelite": "NPP-375", "municipio": "PONTA GROSSA", "estado": "PARANÁ", "pais": "Brasil", "precipitacao": null, "numero_dias_sem_chuva": null, "risco_fogo": null, "bioma": "Mata Atlântica", "id_0": 33, "id_1": 41, "id_2": 4119905, "continente_id": 8, "vegetacao": null, "grade_wrs": "221_077", "frp": 3.6}, "bbox": [-50.13095, -25.18309, -50.13095, -25.18309]}, {"type": "Feature", "id": "focos_48h_br_todosats.fid--145fdae9_19db31250eb_44f0", "geometry": {"type": "Point", "coordinates": [-50.3999, -26.79848]}, "geometry_name": "geometria", "properties": {"id_foco_bdq": 1814984437, "foco_id": "cfaefc25-6a3d-3252-a841-f24c78b91525", "longitude": -50.3999, "latitude": -26.79848, "data_hora_gmt": "2026-04-21T17:39:00Z", "data_pas": "2026-04-21", "satelite": "NPP-375", "municipio": "SANTA CECÍLIA", "estado": "SANTA CATARINA", "pais": "Brasil", "precipitacao": null, "numero_dias_sem_chuva": null, "risco_fogo": null, "bioma": "Mata Atlântica", "id_0": 33, "id_1": 42, "id_2": 4215505, "continente_id": 8, "vegetacao": null, "grade_wrs": "221_079", "frp": 2.9}, "bbox": [-50.3999, -26.79848, -50.3999, -26.79848]}, {"type": "Feature", "id": "focos_48h_br_todosats.fid--145fdae9_19db31250eb_44f2", "geometry": {"type": "Point", "coordinates": [-49.81067, -26.97993]}, "geometry_name": "geometria", "properties": {"id_foco_bdq": 1814984509, "foco_id": "facfad1f-a910-37cb-8a4b-ac379a3c06c9", "longitude": -49.81067, "latitude": -26.97993, "data_hora_gmt": "2026-04-21T17:39:00Z", "data_pas": "2026-04-21", "satelite": "NPP-375", "municipio": "DONA EMMA", "estado": "SANTA CATARINA", "pais": "Brasil", "precipitacao": null, "numero_dias_sem_chuva": null, "risco_fogo": null, "bioma": "Mata Atlântica", "id_0": 33, "id_1": 42, "id_2": 4205100, "continente_id": 8, "vegetacao": null, "grade_wrs": "221_079", "frp": 2.7}, "bbox": [-49.81067, -26.97993, -49.81067, -26.97993]}, {"type": "Feature", "id": "focos_48h_br_todosats.fid--145fdae9_19db31250eb_44f4", "geometry": {"type": "Point", "coordinates": [-50.07323, -25.17594]}, "geometry_name": "geometria", "properties": {"id_foco_bdq": 1814982332, "foco_id": "52d3a52f-36aa-371e-8c4f-1cae267450b8", "longitude": -50.07323, "latitude": -25.17594, "data_hora_gmt": "2026-04-21T17:39:00Z", "data_pas": "2026-04-21", "satelite": "NPP-375", "municipio": "PONTA GROSSA", "estado": "PARANÁ", "pais": "Brasil", "precipitacao": null, "numero_dias_sem_chuva": null, "risco_fogo": null, "bioma": "Mata Atlântica", "id_0": 33, "id_1": 41, "id_2": 4119905, "continente_id": 8, "vegetacao": null, "grade_wrs": "221_077", "frp": 10.8}, "bbox": [-50.07323, -25.17594, -50.07323, -25.17594]}, {"type": "Feature", "id": "focos_48h_br_todosats.fid--145fdae9_19db31250eb_44f5", "geometry": {"type": "Point", "coordinates": [-50.48718, -26.82894]}, "geometry_name": "geometria", "properties": {"id_foco_bdq": 1814984531, "foco_id": "c0aa2308-5ca2-3830-b79b-1964737434bf", "longitude": -50.48718, "latitude": -26.82894, "data_hora_gmt": "2026-04-21T17:39:00Z", "data_pas": "2026-04-21", "satelite": "NPP-375", "municipio": "SANTA CECÍLIA", "estado": "SANTA CATARINA", "pais": "Brasil", "precipitacao": null, "numero_dias_sem_chuva": null, "risco_fogo": null, "bioma": "Mata Atlântica", "id_0": 33, "id_1": 42, "id_2": 4215505, "continente_id": 8, "vegetacao": null, "grade_wrs": "221_079", "frp": 4}, "bbox": [-50.48718, -26.82894, -50.48718, -26.82894]}, {"type": "Feature", "id": "focos_48h_br_todosats.fid--145fdae9_19db31250eb_44f7", "geometry": {"type": "Point", "coordinates": [-49.59204, -27.00228]}, "geometry_name": "geometria", "properties": {"id_foco_bdq": 1814982303, "foco_id": "94708128-3535-3cb5-8a38-0067fb53f9e4", "longitude": -49.59204, "latitude": -27.00228, "data_hora_gmt": "2026-04-21T17:39:00Z", "data_pas": "2026-04-21", "satelite": "NPP-375", "municipio": "JOSÉ BOITEUX", "estado": "SANTA CATARINA", "pais": "Brasil", "precipitacao": null, "numero_dias_sem_chuva": null, "risco_fogo": null, "bioma": "Mata Atlântica", "id_0": 33, "id_1": 42, "id_2": 4209151, "continente_id": 8, "vegetacao": null, "grade_wrs": "220_079", "frp": 2.6}, "bbox": [-49.59204, -27.00228, -49.59204, -27.00228]}, {"type": "Feature", "id": "focos_48h_br_todosats.fid--145fdae9_19db31250eb_44f9", "geometry": {"type": "Point", "coordinates": [-50.03895, -24.46376]}, "geometry_name": "geometria", "properties": {"id_foco_bdq": 1814984652, "foco_id": "5c95b22b-f0d9-3b39-8062-14b7b2237412", "longitude": -50.03895, "latitude": -24.46376, "data_hora_gmt": "2026-04-21T17:39:00Z", "data_pas": "2026-04-21", "satelite": "NPP-375", "municipio": "PIRAÍ DO SUL", "estado": "PARANÁ", "pais": "Brasil", "precipitacao": null, "numero_dias_sem_chuva": null, "risco_fogo": null, "bioma": "Cerrado", "id_0": 33, "id_1": 41, "id_2": 4119400, "continente_id": 8, "vegetacao": null, "grade_wrs": "221_077", "frp": 22.7}, "bbox": [-50.03895, -24.46376, -50.03895, -24.46376]}, {"type": "Feature", "id": "focos_48h_br_todosats.fid--145fdae9_19db31250eb_44fb", "geometry": {"type": "Point", "coordinates": [-49.81615, -26.96282]}, "geometry_name": "geometria", "properties": {"id_foco_bdq": 1814985232, "foco_id": "94469628-fd67-3287-b0fa-bdb371c58115", "longitude": -49.81615, "latitude": -26.96282, "data_hora_gmt": "2026-04-21T17:39:00Z", "data_pas": "2026-04-21", "satelite": "NPP-375", "municipio": "DONA EMMA", "estado": "SANTA CATARINA", "pais": "Brasil", "precipitacao": null, "numero_dias_sem_chuva": null, "risco_fogo": null, "bioma": "Mata Atlântica", "id_0": 33, "id_1": 42, "id_2": 4205100, "continente_id": 8, "vegetacao": null, "grade_wrs": "221_079", "frp": 4.7}, "bbox": [-49.81615, -26.96282, -49.81615, -26.96282]}, {"type": "Feature", "id": "focos_48h_br_todosats.fid--145fdae9_19db31250eb_44fc", "geometry": {"type": "Point", "coordinates": [-50.08448, -23.8858]}, "geometry_name": "geometria", "properties": {"id_foco_bdq": 1814985205, "foco_id": "b779c0c7-1228-3768-ab42-928d029f720d", "longitude": -50.08448, "latitude": -23.8858, "data_hora_gmt": "2026-04-21T17:39:00Z", "data_pas": "2026-04-21", "satelite": "NPP-375", "municipio": "PINHALÃO", "estado": "PARANÁ", "pais": "Brasil", "precipitacao": null, "numero_dias_sem_chuva": null, "risco_fogo": null, "bioma": "Mata Atlântica", "id_0": 33, "id_1": 41, "id_2": 4119202, "continente_id": 8, "vegetacao": null, "grade_wrs": "221_077", "frp": 4.4}, "bbox": [-50.08448, -23.8858, -50.08448, -23.8858]}, {"type": "Feature", "id": "focos_48h_br_todosats.fid--145fdae9_19db31250eb_44fd", "geometry": {"type": "Point", "coordinates": [-49.99672, -25.14629]}, "geometry_name": "geometria", "properties": {"id_foco_bdq": 1814984778, "foco_id": "82cc2614-e76e-32ae-9ba5-ab05bb3edf22", "longitude": -49.99672, "latitude": -25.14629, "data_hora_gmt": "2026-04-21T17:39:00Z", "data_pas": "2026-04-21", "satelite": "NPP-375", "municipio": "PONTA GROSSA", "estado": "PARANÁ", "pais": "Brasil", "precipitacao": null, "numero_dias_sem_chuva": null, "risco_fogo": null, "bioma": "Mata Atlântica", "id_0": 33, "id_1": 41, "id_2": 4119905, "continente_id": 8, "vegetacao": null, "grade_wrs": "221_077", "frp": 3.8}, "bbox": [-49.99672, -25.14629, -49.99672, -25.14629]}, {"type": "Feature", "id": "focos_48h_br_todosats.fid--145fdae9_19db31250eb_4500", "geometry": {"type": "Point", "coordinates": [-50.74458, -27.58665]}, "geometry_name": "geometria", "properties": {"id_foco_bdq": 1814985052, "foco_id": "0777734f-57c1-3d27-9d5f-00e286156b5c", "longitude": -50.74458, "latitude": -27.58665, "data_hora_gmt": "2026-04-21T17:39:00Z", "data_pas": "2026-04-21", "satelite": "NPP-375", "municipio": "SÃO JOSÉ DO CERRITO", "estado": "SANTA CATARINA", "pais": "Brasil", "precipitacao": null, "numero_dias_sem_chuva": null, "risco_fogo": null, "bioma": "Mata Atlântica", "id_0": 33, "id_1": 42, "id_2": 4216800, "continente_id": 8, "vegetacao": null, "grade_wrs": "221_079", "frp": 11.1}, "bbox": [-50.74458, -27.58665, -50.74458, -27.58665]}, {"type": "Feature", "id": "focos_48h_br_todosats.fid--145fdae9_19db31250eb_4502", "geometry": {"type": "Point", "coordinates": [-49.62403, -24.96032]}, "geometry_name": "geometria", "properties": {"id_foco_bdq": 1814984792, "foco_id": "ee6616aa-33bd-34eb-9202-65ec8841b13d", "longitude": -49.62403, "latitude": -24.96032, "data_hora_gmt": "2026-04-21T17:39:00Z", "data_pas": "2026-04-21", "satelite": "NPP-375", "municipio": "CASTRO", "estado": "PARANÁ", "pais": "Brasil", "precipitacao": null, "numero_dias_sem_chuva": null, "risco_fogo": null, "bioma": "Mata Atlântica", "id_0": 33, "id_1": 41, "id_2": 4104907, "continente_id": 8, "vegetacao": null, "grade_wrs": "221_077", "frp": 21.2}, "bbox": [-49.62403, -24.96032, -49.62403, -24.96032]}, {"type": "Feature", "id": "focos_48h_br_todosats.fid--145fdae9_19db31250eb_4506", "geometry": {"type": "Point", "coordinates": [-53.35877, -19.39131]}, "geometry_name": "geometria", "properties": {"id_foco_bdq": 1814983402, "foco_id": "6a9feee8-ef22-3b13-a190-a2579769a185", "longitude": -53.35877, "latitude": -19.39131, "data_hora_gmt": "2026-04-21T17:41:00Z", "data_pas": "2026-04-21", "satelite": "NPP-375", "municipio": "PARAÍSO DAS ÁGUAS", "estado": "MATO GROSSO DO SUL", "pais": "Brasil", "precipitacao": null, "numero_dias_sem_chuva": null, "risco_fogo": null, "bioma": "Cerrado", "id_0": 33, "id_1": 50, "id_2": 5006275, "continente_id": 8, "vegetacao": null, "grade_wrs": "224_073", "frp": 5.8}, "bbox": [-53.35877, -19.39131, -53.35877, -19.39131]}, {"type": "Feature", "id": "focos_48h_br_todosats.fid--145fdae9_19db31250eb_4508", "geometry": {"type": "Point", "coordinates": [-49.40652, -19.33158]}, "geometry_name": "geometria", "properties": {"id_foco_bdq": 1814984017, "foco_id": "2546f37e-1cd7-383c-844d-9d28cd5b7282", "longitude": -49.40652, "latitude": -19.33158, "data_hora_gmt": "2026-04-21T17:41:00Z", "data_pas": "2026-04-21", "satelite": "NPP-375", "municipio": "CAMPINA VERDE", "estado": "MINAS GERAIS", "pais": "Brasil", "precipitacao": null, "numero_dias_sem_chuva": null, "risco_fogo": null, "bioma": "Cerrado", "id_0": 33, "id_1": 31, "id_2": 3111101, "continente_id": 8, "vegetacao": null, "grade_wrs": "221_073", "frp": 2.7}, "bbox": [-49.40652, -19.33158, -49.40652, -19.33158]}, {"type": "Feature", "id": "focos_48h_br_todosats.fid--145fdae9_19db31250eb_450a", "geometry": {"type": "Point", "coordinates": [-54.92418, -16.42788]}, "geometry_name": "geometria", "properties": {"id_foco_bdq": 1814982798, "foco_id": "4920fd2c-d191-3cb0-bb53-eb506fc66405", "longitude": -54.92418, "latitude": -16.42788, "data_hora_gmt": "2026-04-21T17:41:00Z", "data_pas": "2026-04-21", "satelite": "NPP-375", "municipio": "RONDONÓPOLIS", "estado": "MATO GROSSO", "pais": "Brasil", "precipitacao": null, "numero_dias_sem_chuva": null, "risco_fogo": null, "bioma": "Cerrado", "id_0": 33, "id_1": 51, "id_2": 5107602, "continente_id": 8, "vegetacao": null, "grade_wrs": "225_071", "frp": 15.3}, "bbox": [-54.92418, -16.42788, -54.92418, -16.42788]}, {"type": "Feature", "id": "focos_48h_br_todosats.fid--145fdae9_19db31250eb_450c", "geometry": {"type": "Point", "coordinates": [-54.27448, -17.66472]}, "geometry_name": "geometria", "properties": {"id_foco_bdq": 1814982071, "foco_id": "d4284f27-a0ef-3225-a4e6-ae8473a8520d", "longitude": -54.27448, "latitude": -17.66472, "data_hora_gmt": "2026-04-21T17:41:00Z", "data_pas": "2026-04-21", "satelite": "NPP-375", "municipio": "SONORA", "estado": "MATO GROSSO DO SUL", "pais": "Brasil", "precipitacao": null, "numero_dias_sem_chuva": null, "risco_fogo": null, "bioma": "Cerrado", "id_0": 33, "id_1": 50, "id_2": 5007935, "continente_id": 8, "vegetacao": null, "grade_wrs": "225_072", "frp": 7.3}, "bbox": [-54.27448, -17.66472, -54.27448, -17.66472]}, {"type": "Feature", "id": "focos_48h_br_todosats.fid--145fdae9_19db31250eb_450d", "geometry": {"type": "Point", "coordinates": [-53.36254, -19.392]}, "geometry_name": "geometria", "properties": {"id_foco_bdq": 1814983473, "foco_id": "acf98075-5dda-38ac-9231-e46ffd63e93d", "longitude": -53.36254, "latitude": -19.392, "data_hora_gmt": "2026-04-21T17:41:00Z", "data_pas": "2026-04-21", "satelite": "NPP-375", "municipio": "PARAÍSO DAS ÁGUAS", "estado": "MATO GROSSO DO SUL", "pais": "Brasil", "precipitacao": null, "numero_dias_sem_chuva": null, "risco_fogo": null, "bioma": "Cerrado", "id_0": 33, "id_1": 50, "id_2": 5006275, "continente_id": 8, "vegetacao": null, "grade_wrs": "224_073", "frp": 5.8}, "bbox": [-53.36254, -19.392, -53.36254, -19.392]}, {"type": "Feature", "id": "focos_48h_br_todosats.fid--145fdae9_19db31250eb_450f", "geometry": {"type": "Point", "coordinates": [-51.34848, -19.7114]}, "geometry_name": "geometria", "properties": {"id_foco_bdq": 1814982850, "foco_id": "4c598469-2054-335a-b49c-ba42dcf361a3", "longitude": -51.34848, "latitude": -19.7114, "data_hora_gmt": "2026-04-21T17:41:00Z", "data_pas": "2026-04-21", "satelite": "NPP-375", "municipio": "PARANAÍBA", "estado": "MATO GROSSO DO SUL", "pais": "Brasil", "precipitacao": null, "numero_dias_sem_chuva": null, "risco_fogo": null, "bioma": "Cerrado", "id_0": 33, "id_1": 50, "id_2": 5006309, "continente_id": 8, "vegetacao": null, "grade_wrs": "223_074", "frp": 6.3}, "bbox": [-51.34848, -19.7114, -51.34848, -19.7114]}, {"type": "Feature", "id": "focos_48h_br_todosats.fid--145fdae9_19db31250eb_4511", "geometry": {"type": "Point", "coordinates": [-51.34703, -19.71193]}, "geometry_name": "geometria", "properties": {"id_foco_bdq": 1814984246, "foco_id": "65147fa9-1174-3882-b1c9-7ef6867fc8b3", "longitude": -51.34703, "latitude": -19.71193, "data_hora_gmt": "2026-04-21T17:41:00Z", "data_pas": "2026-04-21", "satelite": "NPP-375", "municipio": "PARANAÍBA", "estado": "MATO GROSSO DO SUL", "pais": "Brasil", "precipitacao": null, "numero_dias_sem_chuva": null, "risco_fogo": null, "bioma": "Cerrado", "id_0": 33, "id_1": 50, "id_2": 5006309, "continente_id": 8, "vegetacao": null, "grade_wrs": "223_074", "frp": 2.1}, "bbox": [-51.34703, -19.71193, -51.34703, -19.71193]}, {"type": "Feature", "id": "focos_48h_br_todosats.fid--145fdae9_19db31250eb_4512", "geometry": {"type": "Point", "coordinates": [-47.87827, -16.37334]}, "geometry_name": "geometria", "properties": {"id_foco_bdq": 1814982491, "foco_id": "ca474ef2-d5d7-39e4-beaf-173ece63abc9", "longitude": -47.87827, "latitude": -16.37334, "data_hora_gmt": "2026-04-21T17:41:00Z", "data_pas": "2026-04-21", "satelite": "NPP-375", "municipio": "LUZIÂNIA", "estado": "GOIÁS", "pais": "Brasil", "precipitacao": null, "numero_dias_sem_chuva": null, "risco_fogo": null, "bioma": "Cerrado", "id_0": 33, "id_1": 52, "id_2": 5212501, "continente_id": 8, "vegetacao": null, "grade_wrs": "221_071", "frp": 6.5}, "bbox": [-47.87827, -16.37334, -47.87827, -16.37334]}, {"type": "Feature", "id": "focos_48h_br_todosats.fid--145fdae9_19db31250eb_4514", "geometry": {"type": "Point", "coordinates": [-46.83265, -17.16567]}, "geometry_name": "geometria", "properties": {"id_foco_bdq": 1814984286, "foco_id": "bd981f75-b0ca-3d27-b164-fc858d906dc6", "longitude": -46.83265, "latitude": -17.16567, "data_hora_gmt": "2026-04-21T17:41:00Z", "data_pas": "2026-04-21", "satelite": "NPP-375", "municipio": "PARACATU", "estado": "MINAS GERAIS", "pais": "Brasil", "precipitacao": null, "numero_dias_sem_chuva": null, "risco_fogo": null, "bioma": "Cerrado", "id_0": 33, "id_1": 31, "id_2": 3147006, "continente_id": 8, "vegetacao": null, "grade_wrs": "220_072", "frp": 2.2}, "bbox": [-46.83265, -17.16567, -46.83265, -17.16567]}, {"type": "Feature", "id": "focos_48h_br_todosats.fid--145fdae9_19db31250eb_4516", "geometry": {"type": "Point", "coordinates": [-47.87543, -16.37304]}, "geometry_name": "geometria", "properties": {"id_foco_bdq": 1814984201, "foco_id": "afcec3e4-332a-35bf-84ed-07cd4344c3d3", "longitude": -47.87543, "latitude": -16.37304, "data_hora_gmt": "2026-04-21T17:41:00Z", "data_pas": "2026-04-21", "satelite": "NPP-375", "municipio": "LUZIÂNIA", "estado": "GOIÁS", "pais": "Brasil", "precipitacao": null, "numero_dias_sem_chuva": null, "risco_fogo": null, "bioma": "Cerrado", "id_0": 33, "id_1": 52, "id_2": 5212501, "continente_id": 8, "vegetacao": null, "grade_wrs": "221_071", "frp": 5.5}, "bbox": [-47.87543, -16.37304, -47.87543, -16.37304]}, {"type": "Feature", "id": "focos_48h_br_todosats.fid--145fdae9_19db31250eb_4518", "geometry": {"type": "Point", "coordinates": [-53.15533, -17.19373]}, "geometry_name": "geometria", "properties": {"id_foco_bdq": 1814982870, "foco_id": "61570e00-b83d-3721-923c-123afc6237d1", "longitude": -53.15533, "latitude": -17.19373, "data_hora_gmt": "2026-04-21T17:41:00Z", "data_pas": "2026-04-21", "satelite": "NPP-375", "municipio": "SANTA RITA DO ARAGUAIA", "estado": "GOIÁS", "pais": "Brasil", "precipitacao": null, "numero_dias_sem_chuva": null, "risco_fogo": null, "bioma": "Cerrado", "id_0": 33, "id_1": 52, "id_2": 5219407, "continente_id": 8, "vegetacao": null, "grade_wrs": "224_072", "frp": 2.3}, "bbox": [-53.15533, -17.19373, -53.15533, -17.19373]}, {"type": "Feature", "id": "focos_48h_br_todosats.fid--145fdae9_19db31250eb_4519", "geometry": {"type": "Point", "coordinates": [-54.92485, -16.424]}, "geometry_name": "geometria", "properties": {"id_foco_bdq": 1814984121, "foco_id": "bef33c75-626a-3ad8-90db-481a0859e559", "longitude": -54.92485, "latitude": -16.424, "data_hora_gmt": "2026-04-21T17:41:00Z", "data_pas": "2026-04-21", "satelite": "NPP-375", "municipio": "RONDONÓPOLIS", "estado": "MATO GROSSO", "pais": "Brasil", "precipitacao": null, "numero_dias_sem_chuva": null, "risco_fogo": null, "bioma": "Cerrado", "id_0": 33, "id_1": 51, "id_2": 5107602, "continente_id": 8, "vegetacao": null, "grade_wrs": "225_071", "frp": 15.3}, "bbox": [-54.92485, -16.424, -54.92485, -16.424]}, {"type": "Feature", "id": "focos_48h_br_todosats.fid--145fdae9_19db31250eb_451c", "geometry": {"type": "Point", "coordinates": [-51.67514, -20.77786]}, "geometry_name": "geometria", "properties": {"id_foco_bdq": 1814982464, "foco_id": "4ac94053-e8cf-3839-9338-66c08238e07e", "longitude": -51.67514, "latitude": -20.77786, "data_hora_gmt": "2026-04-21T17:41:00Z", "data_pas": "2026-04-21", "satelite": "NPP-375", "municipio": "TRÊS LAGOAS", "estado": "MATO GROSSO DO SUL", "pais": "Brasil", "precipitacao": null, "numero_dias_sem_chuva": null, "risco_fogo": null, "bioma": "Mata Atlântica", "id_0": 33, "id_1": 50, "id_2": 5008305, "continente_id": 8, "vegetacao": null, "grade_wrs": "223_074", "frp": 5.3}, "bbox": [-51.67514, -20.77786, -51.67514, -20.77786]}, {"type": "Feature", "id": "focos_48h_br_todosats.fid--145fdae9_19db31250eb_451e", "geometry": {"type": "Point", "coordinates": [-49.59451, -20.03855]}, "geometry_name": "geometria", "properties": {"id_foco_bdq": 1814984325, "foco_id": "209cb422-a664-3735-bd32-f5df47eb57db", "longitude": -49.59451, "latitude": -20.03855, "data_hora_gmt": "2026-04-21T17:41:00Z", "data_pas": "2026-04-21", "satelite": "NPP-375", "municipio": "RIOLÂNDIA", "estado": "SÃO PAULO", "pais": "Brasil", "precipitacao": null, "numero_dias_sem_chuva": null, "risco_fogo": null, "bioma": "Mata Atlântica", "id_0": 33, "id_1": 35, "id_2": 3544202, "continente_id": 8, "vegetacao": null, "grade_wrs": "221_074", "frp": 2.8}, "bbox": [-49.59451, -20.03855, -49.59451, -20.03855]}, {"type": "Feature", "id": "focos_48h_br_todosats.fid--145fdae9_19db31250eb_4520", "geometry": {"type": "Point", "coordinates": [-56.36249, -20.91989]}, "geometry_name": "geometria", "properties": {"id_foco_bdq": 1814982625, "foco_id": "052741f5-8369-3609-97e1-73b463daa1dc", "longitude": -56.36249, "latitude": -20.91989, "data_hora_gmt": "2026-04-21T17:41:00Z", "data_pas": "2026-04-21", "satelite": "NPP-375", "municipio": "BONITO", "estado": "MATO GROSSO DO SUL", "pais": "Brasil", "precipitacao": null, "numero_dias_sem_chuva": null, "risco_fogo": null, "bioma": "Cerrado", "id_0": 33, "id_1": 50, "id_2": 5002209, "continente_id": 8, "vegetacao": null, "grade_wrs": "226_074", "frp": 3.8}, "bbox": [-56.36249, -20.91989, -56.36249, -20.91989]}, {"type": "Feature", "id": "focos_48h_br_todosats.fid--145fdae9_19db31250eb_4521", "geometry": {"type": "Point", "coordinates": [-54.54683, -18.41677]}, "geometry_name": "geometria", "properties": {"id_foco_bdq": 1814984073, "foco_id": "9e07bb6b-d47b-3be6-8b1b-2ace245a5217", "longitude": -54.54683, "latitude": -18.41677, "data_hora_gmt": "2026-04-21T17:41:00Z", "data_pas": "2026-04-21", "satelite": "NPP-375", "municipio": "COXIM", "estado": "MATO GROSSO DO SUL", "pais": "Brasil", "precipitacao": null, "numero_dias_sem_chuva": null, "risco_fogo": null, "bioma": "Cerrado", "id_0": 33, "id_1": 50, "id_2": 5003306, "continente_id": 8, "vegetacao": null, "grade_wrs": "225_073", "frp": 6}, "bbox": [-54.54683, -18.41677, -54.54683, -18.41677]}, {"type": "Feature", "id": "focos_48h_br_todosats.fid--145fdae9_19db31250eb_4522", "geometry": {"type": "Point", "coordinates": [-51.67321, -21.25289]}, "geometry_name": "geometria", "properties": {"id_foco_bdq": 1814982447, "foco_id": "bf6929e2-5460-3f49-8aaf-bde7a179eb35", "longitude": -51.67321, "latitude": -21.25289, "data_hora_gmt": "2026-04-21T17:41:00Z", "data_pas": "2026-04-21", "satelite": "NPP-375", "municipio": "SÃO JOÃO DO PAU D'ALHO", "estado": "SÃO PAULO", "pais": "Brasil", "precipitacao": null, "numero_dias_sem_chuva": null, "risco_fogo": null, "bioma": "Mata Atlântica", "id_0": 33, "id_1": 35, "id_2": 3549300, "continente_id": 8, "vegetacao": null, "grade_wrs": "223_075", "frp": 8.6}, "bbox": [-51.67321, -21.25289, -51.67321, -21.25289]}, {"type": "Feature", "id": "focos_48h_br_todosats.fid--145fdae9_19db31250eb_4524", "geometry": {"type": "Point", "coordinates": [-54.91929, -16.42703]}, "geometry_name": "geometria", "properties": {"id_foco_bdq": 1814983356, "foco_id": "3a4e3b29-4abc-351a-b311-faad8d4f7f38", "longitude": -54.91929, "latitude": -16.42703, "data_hora_gmt": "2026-04-21T17:41:00Z", "data_pas": "2026-04-21", "satelite": "NPP-375", "municipio": "RONDONÓPOLIS", "estado": "MATO GROSSO", "pais": "Brasil", "precipitacao": null, "numero_dias_sem_chuva": null, "risco_fogo": null, "bioma": "Cerrado", "id_0": 33, "id_1": 51, "id_2": 5107602, "continente_id": 8, "vegetacao": null, "grade_wrs": "225_071", "frp": 8.5}, "bbox": [-54.91929, -16.42703, -54.91929, -16.42703]}, {"type": "Feature", "id": "focos_48h_br_todosats.fid--145fdae9_19db31250eb_4527", "geometry": {"type": "Point", "coordinates": [-44.19524, -18.12246]}, "geometry_name": "geometria", "properties": {"id_foco_bdq": 1814982715, "foco_id": "1275f698-07fe-3c71-ae2d-5cecad675920", "longitude": -44.19524, "latitude": -18.12246, "data_hora_gmt": "2026-04-21T17:41:00Z", "data_pas": "2026-04-21", "satelite": "NPP-375", "municipio": "AUGUSTO DE LIMA", "estado": "MINAS GERAIS", "pais": "Brasil", "precipitacao": null, "numero_dias_sem_chuva": null, "risco_fogo": null, "bioma": "Cerrado", "id_0": 33, "id_1": 31, "id_2": 3104809, "continente_id": 8, "vegetacao": null, "grade_wrs": "218_073", "frp": 6.7}, "bbox": [-44.19524, -18.12246, -44.19524, -18.12246]}, {"type": "Feature", "id": "focos_48h_br_todosats.fid--145fdae9_19db31250eb_4528", "geometry": {"type": "Point", "coordinates": [-50.68095, -15.97348]}, "geometry_name": "geometria", "properties": {"id_foco_bdq": 1814983083, "foco_id": "3c885e27-595e-3df3-83dc-0a8393e7319f", "longitude": -50.68095, "latitude": -15.97348, "data_hora_gmt": "2026-04-21T17:41:00Z", "data_pas": "2026-04-21", "satelite": "NPP-375", "municipio": "NOVO BRASIL", "estado": "GOIÁS", "pais": "Brasil", "precipitacao": null, "numero_dias_sem_chuva": null, "risco_fogo": null, "bioma": "Cerrado", "id_0": 33, "id_1": 52, "id_2": 5215207, "continente_id": 8, "vegetacao": null, "grade_wrs": "223_071", "frp": 5.6}, "bbox": [-50.68095, -15.97348, -50.68095, -15.97348]}, {"type": "Feature", "id": "focos_48h_br_todosats.fid--145fdae9_19db31250eb_452a", "geometry": {"type": "Point", "coordinates": [-51.67232, -21.25724]}, "geometry_name": "geometria", "properties": {"id_foco_bdq": 1814981857, "foco_id": "19906569-2785-3d9b-a171-e1b24258d4f0", "longitude": -51.67232, "latitude": -21.25724, "data_hora_gmt": "2026-04-21T17:41:00Z", "data_pas": "2026-04-21", "satelite": "NPP-375", "municipio": "SÃO JOÃO DO PAU D'ALHO", "estado": "SÃO PAULO", "pais": "Brasil", "precipitacao": null, "numero_dias_sem_chuva": null, "risco_fogo": null, "bioma": "Mata Atlântica", "id_0": 33, "id_1": 35, "id_2": 3549300, "continente_id": 8, "vegetacao": null, "grade_wrs": "223_075", "frp": 3.8}, "bbox": [-51.67232, -21.25724, -51.67232, -21.25724]}, {"type": "Feature", "id": "focos_48h_br_todosats.fid--145fdae9_19db31250eb_452b", "geometry": {"type": "Point", "coordinates": [-50.62661, -16.96809]}, "geometry_name": "geometria", "properties": {"id_foco_bdq": 1814985038, "foco_id": "ab822353-0d06-3c1c-a4c2-1f86ed2fad6b", "longitude": -50.62661, "latitude": -16.96809, "data_hora_gmt": "2026-04-21T17:41:00Z", "data_pas": "2026-04-21", "satelite": "NPP-375", "municipio": "PARAÚNA", "estado": "GOIÁS", "pais": "Brasil", "precipitacao": null, "numero_dias_sem_chuva": null, "risco_fogo": null, "bioma": "Cerrado", "id_0": 33, "id_1": 52, "id_2": 5216403, "continente_id": 8, "vegetacao": null, "grade_wrs": "223_072", "frp": 1.1}, "bbox": [-50.62661, -16.96809, -50.62661, -16.96809]}, {"type": "Feature", "id": "focos_48h_br_todosats.fid--145fdae9_19db31250eb_452d", "geometry": {"type": "Point", "coordinates": [-49.77171, -19.69389]}, "geometry_name": "geometria", "properties": {"id_foco_bdq": 1814982776, "foco_id": "a88e3305-d3ed-3894-b15b-eac3d1fd9492", "longitude": -49.77171, "latitude": -19.69389, "data_hora_gmt": "2026-04-21T17:41:00Z", "data_pas": "2026-04-21", "satelite": "NPP-375", "municipio": "SÃO FRANCISCO DE SALES", "estado": "MINAS GERAIS", "pais": "Brasil", "precipitacao": null, "numero_dias_sem_chuva": null, "risco_fogo": null, "bioma": "Cerrado", "id_0": 33, "id_1": 31, "id_2": 3161304, "continente_id": 8, "vegetacao": null, "grade_wrs": "222_074", "frp": 3.4}, "bbox": [-49.77171, -19.69389, -49.77171, -19.69389]}, {"type": "Feature", "id": "focos_48h_br_todosats.fid--145fdae9_19db31250eb_452f", "geometry": {"type": "Point", "coordinates": [-51.348, -19.70737]}, "geometry_name": "geometria", "properties": {"id_foco_bdq": 1814981858, "foco_id": "b9a95653-6df1-33b3-a4bc-abbb70362394", "longitude": -51.348, "latitude": -19.70737, "data_hora_gmt": "2026-04-21T17:41:00Z", "data_pas": "2026-04-21", "satelite": "NPP-375", "municipio": "PARANAÍBA", "estado": "MATO GROSSO DO SUL", "pais": "Brasil", "precipitacao": null, "numero_dias_sem_chuva": null, "risco_fogo": null, "bioma": "Cerrado", "id_0": 33, "id_1": 50, "id_2": 5006309, "continente_id": 8, "vegetacao": null, "grade_wrs": "223_074", "frp": 3.9}, "bbox": [-51.348, -19.70737, -51.348, -19.70737]}, {"type": "Feature", "id": "focos_48h_br_todosats.fid--145fdae9_19db31250eb_4533", "geometry": {"type": "Point", "coordinates": [-45.35118, -13.96273]}, "geometry_name": "geometria", "properties": {"id_foco_bdq": 1814983230, "foco_id": "fa037190-5099-393f-94a2-5f90524c4c1c", "longitude": -45.35118, "latitude": -13.96273, "data_hora_gmt": "2026-04-21T17:41:00Z", "data_pas": "2026-04-21", "satelite": "NPP-375", "municipio": "JABORANDI", "estado": "BAHIA", "pais": "Brasil", "precipitacao": null, "numero_dias_sem_chuva": null, "risco_fogo": null, "bioma": "Cerrado", "id_0": 33, "id_1": 29, "id_2": 2917359, "continente_id": 8, "vegetacao": null, "grade_wrs": "220_070", "frp": 6.2}, "bbox": [-45.35118, -13.96273, -45.35118, -13.96273]}, {"type": "Feature", "id": "focos_48h_br_todosats.fid--145fdae9_19db31250eb_4534", "geometry": {"type": "Point", "coordinates": [-52.6671, -17.81635]}, "geometry_name": "geometria", "properties": {"id_foco_bdq": 1814984747, "foco_id": "3f0d0a23-59f2-3e25-9c24-4c5efdba8f8d", "longitude": -52.6671, "latitude": -17.81635, "data_hora_gmt": "2026-04-21T17:41:00Z", "data_pas": "2026-04-21", "satelite": "NPP-375", "municipio": "MINEIROS", "estado": "GOIÁS", "pais": "Brasil", "precipitacao": null, "numero_dias_sem_chuva": null, "risco_fogo": null, "bioma": "Cerrado", "id_0": 33, "id_1": 52, "id_2": 5213103, "continente_id": 8, "vegetacao": null, "grade_wrs": "224_072", "frp": 8.5}, "bbox": [-52.6671, -17.81635, -52.6671, -17.81635]}, {"type": "Feature", "id": "focos_48h_br_todosats.fid--145fdae9_19db31250eb_4537", "geometry": {"type": "Point", "coordinates": [-56.67624, -15.75557]}, "geometry_name": "geometria", "properties": {"id_foco_bdq": 1814984928, "foco_id": "62493a9c-8a0a-3f04-a60d-4330f62dfd4f", "longitude": -56.67624, "latitude": -15.75557, "data_hora_gmt": "2026-04-21T17:41:00Z", "data_pas": "2026-04-21", "satelite": "NPP-375", "municipio": "NOSSA SENHORA DO LIVRAMENTO", "estado": "MATO GROSSO", "pais": "Brasil", "precipitacao": null, "numero_dias_sem_chuva": null, "risco_fogo": null, "bioma": "Cerrado", "id_0": 33, "id_1": 51, "id_2": 5106109, "continente_id": 8, "vegetacao": null, "grade_wrs": "227_071", "frp": 2.8}, "bbox": [-56.67624, -15.75557, -56.67624, -15.75557]}, {"type": "Feature", "id": "focos_48h_br_todosats.fid--145fdae9_19db31250eb_453a", "geometry": {"type": "Point", "coordinates": [-54.27687, -17.663]}, "geometry_name": "geometria", "properties": {"id_foco_bdq": 1814983616, "foco_id": "61eb3a6d-cd69-3f71-a34a-015af52a0792", "longitude": -54.27687, "latitude": -17.663, "data_hora_gmt": "2026-04-21T17:41:00Z", "data_pas": "2026-04-21", "satelite": "NPP-375", "municipio": "SONORA", "estado": "MATO GROSSO DO SUL", "pais": "Brasil", "precipitacao": null, "numero_dias_sem_chuva": null, "risco_fogo": null, "bioma": "Cerrado", "id_0": 33, "id_1": 50, "id_2": 5007935, "continente_id": 8, "vegetacao": null, "grade_wrs": "225_072", "frp": 4.9}, "bbox": [-54.27687, -17.663, -54.27687, -17.663]}, {"type": "Feature", "id": "focos_48h_br_todosats.fid--145fdae9_19db31250eb_453b", "geometry": {"type": "Point", "coordinates": [-44.19859, -18.12178]}, "geometry_name": "geometria", "properties": {"id_foco_bdq": 1814982299, "foco_id": "d549fa27-e0d1-3d43-aab2-e5b1c9d1e1e3", "longitude": -44.19859, "latitude": -18.12178, "data_hora_gmt": "2026-04-21T17:41:00Z", "data_pas": "2026-04-21", "satelite": "NPP-375", "municipio": "AUGUSTO DE LIMA", "estado": "MINAS GERAIS", "pais": "Brasil", "precipitacao": null, "numero_dias_sem_chuva": null, "risco_fogo": null, "bioma": "Cerrado", "id_0": 33, "id_1": 31, "id_2": 3104809, "continente_id": 8, "vegetacao": null, "grade_wrs": "218_073", "frp": 8.2}, "bbox": [-44.19859, -18.12178, -44.19859, -18.12178]}, {"type": "Feature", "id": "focos_48h_br_todosats.fid--145fdae9_19db31250eb_453d", "geometry": {"type": "Point", "coordinates": [-57.18202, -12.30055]}, "geometry_name": "geometria", "properties": {"id_foco_bdq": 1814982948, "foco_id": "d4220e8b-73d5-3c70-9c11-be2112ddd56c", "longitude": -57.18202, "latitude": -12.30055, "data_hora_gmt": "2026-04-21T17:43:00Z", "data_pas": "2026-04-21", "satelite": "NPP-375", "municipio": "NOVA MARINGÁ", "estado": "MATO GROSSO", "pais": "Brasil", "precipitacao": null, "numero_dias_sem_chuva": null, "risco_fogo": null, "bioma": "Amazônia", "id_0": 33, "id_1": 51, "id_2": 5108907, "continente_id": 8, "vegetacao": null, "grade_wrs": "227_069", "frp": 13.9}, "bbox": [-57.18202, -12.30055, -57.18202, -12.30055]}, {"type": "Feature", "id": "focos_48h_br_todosats.fid--145fdae9_19db31250eb_453f", "geometry": {"type": "Point", "coordinates": [-56.65912, -13.99035]}, "geometry_name": "geometria", "properties": {"id_foco_bdq": 1814982777, "foco_id": "229ae943-80e4-3bf8-aee4-be82fd73861d", "longitude": -56.65912, "latitude": -13.99035, "data_hora_gmt": "2026-04-21T17:43:00Z", "data_pas": "2026-04-21", "satelite": "NPP-375", "municipio": "DIAMANTINO", "estado": "MATO GROSSO", "pais": "Brasil", "precipitacao": null, "numero_dias_sem_chuva": null, "risco_fogo": null, "bioma": "Cerrado", "id_0": 33, "id_1": 51, "id_2": 5103502, "continente_id": 8, "vegetacao": null, "grade_wrs": "227_070", "frp": 5.8}, "bbox": [-56.65912, -13.99035, -56.65912, -13.99035]}, {"type": "Feature", "id": "focos_48h_br_todosats.fid--145fdae9_19db31250eb_4540", "geometry": {"type": "Point", "coordinates": [-57.1857, -12.30487]}, "geometry_name": "geometria", "properties": {"id_foco_bdq": 1814984051, "foco_id": "57d5a0a4-98c2-3d3a-ab56-1126fc248d6e", "longitude": -57.1857, "latitude": -12.30487, "data_hora_gmt": "2026-04-21T17:43:00Z", "data_pas": "2026-04-21", "satelite": "NPP-375", "municipio": "NOVA MARINGÁ", "estado": "MATO GROSSO", "pais": "Brasil", "precipitacao": null, "numero_dias_sem_chuva": null, "risco_fogo": null, "bioma": "Amazônia", "id_0": 33, "id_1": 51, "id_2": 5108907, "continente_id": 8, "vegetacao": null, "grade_wrs": "227_069", "frp": 3.1}, "bbox": [-57.1857, -12.30487, -57.1857, -12.30487]}, {"type": "Feature", "id": "focos_48h_br_todosats.fid--145fdae9_19db31250eb_4542", "geometry": {"type": "Point", "coordinates": [-56.6548, -13.98962]}, "geometry_name": "geometria", "properties": {"id_foco_bdq": 1814981877, "foco_id": "e3b49158-bedb-308b-a34b-b35e2af44884", "longitude": -56.6548, "latitude": -13.98962, "data_hora_gmt": "2026-04-21T17:43:00Z", "data_pas": "2026-04-21", "satelite": "NPP-375", "municipio": "DIAMANTINO", "estado": "MATO GROSSO", "pais": "Brasil", "precipitacao": null, "numero_dias_sem_chuva": null, "risco_fogo": null, "bioma": "Cerrado", "id_0": 33, "id_1": 51, "id_2": 5103502, "continente_id": 8, "vegetacao": null, "grade_wrs": "227_070", "frp": 5.8}, "bbox": [-56.6548, -13.98962, -56.6548, -13.98962]}, {"type": "Feature", "id": "focos_48h_br_todosats.fid--145fdae9_19db31250eb_4544", "geometry": {"type": "Point", "coordinates": [-57.18142, -12.30418]}, "geometry_name": "geometria", "properties": {"id_foco_bdq": 1814983840, "foco_id": "e599dd31-07a6-34de-b213-35e4aab8aa21", "longitude": -57.18142, "latitude": -12.30418, "data_hora_gmt": "2026-04-21T17:43:00Z", "data_pas": "2026-04-21", "satelite": "NPP-375", "municipio": "NOVA MARINGÁ", "estado": "MATO GROSSO", "pais": "Brasil", "precipitacao": null, "numero_dias_sem_chuva": null, "risco_fogo": null, "bioma": "Amazônia", "id_0": 33, "id_1": 51, "id_2": 5108907, "continente_id": 8, "vegetacao": null, "grade_wrs": "227_069", "frp": 13.3}, "bbox": [-57.18142, -12.30418, -57.18142, -12.30418]}, {"type": "Feature", "id": "focos_48h_br_todosats.fid--145fdae9_19db31250eb_4545", "geometry": {"type": "Point", "coordinates": [-56.79353, -14.03155]}, "geometry_name": "geometria", "properties": {"id_foco_bdq": 1814985134, "foco_id": "6972fa42-8207-3cc8-87f0-c061c3033a4d", "longitude": -56.79353, "latitude": -14.03155, "data_hora_gmt": "2026-04-21T17:43:00Z", "data_pas": "2026-04-21", "satelite": "NPP-375", "municipio": "DIAMANTINO", "estado": "MATO GROSSO", "pais": "Brasil", "precipitacao": null, "numero_dias_sem_chuva": null, "risco_fogo": null, "bioma": "Cerrado", "id_0": 33, "id_1": 51, "id_2": 5103502, "continente_id": 8, "vegetacao": null, "grade_wrs": "227_070", "frp": 16.8}, "bbox": [-56.79353, -14.03155, -56.79353, -14.03155]}, {"type": "Feature", "id": "focos_48h_br_todosats.fid--145fdae9_19db31250eb_4547", "geometry": {"type": "Point", "coordinates": [-58.23046, -14.27691]}, "geometry_name": "geometria", "properties": {"id_foco_bdq": 1814984935, "foco_id": "ccf3d988-2723-3867-bf58-e8143f1e573b", "longitude": -58.23046, "latitude": -14.27691, "data_hora_gmt": "2026-04-21T17:43:00Z", "data_pas": "2026-04-21", "satelite": "NPP-375", "municipio": "TANGARÁ DA SERRA", "estado": "MATO GROSSO", "pais": "Brasil", "precipitacao": null, "numero_dias_sem_chuva": null, "risco_fogo": null, "bioma": "Cerrado", "id_0": 33, "id_1": 51, "id_2": 5107958, "continente_id": 8, "vegetacao": null, "grade_wrs": "228_070", "frp": 1.1}, "bbox": [-58.23046, -14.27691, -58.23046, -14.27691]}, {"type": "Feature", "id": "focos_48h_br_todosats.fid--145fdae9_19db31250eb_454b", "geometry": {"type": "Point", "coordinates": [-57.18195, -12.30415]}, "geometry_name": "geometria", "properties": {"id_foco_bdq": 1814985005, "foco_id": "d5810657-feeb-3d37-9f34-60a7206a884c", "longitude": -57.18195, "latitude": -12.30415, "data_hora_gmt": "2026-04-21T17:43:00Z", "data_pas": "2026-04-21", "satelite": "NPP-375", "municipio": "NOVA MARINGÁ", "estado": "MATO GROSSO", "pais": "Brasil", "precipitacao": null, "numero_dias_sem_chuva": null, "risco_fogo": null, "bioma": "Amazônia", "id_0": 33, "id_1": 51, "id_2": 5108907, "continente_id": 8, "vegetacao": null, "grade_wrs": "227_069", "frp": 12.8}, "bbox": [-57.18195, -12.30415, -57.18195, -12.30415]}, {"type": "Feature", "id": "focos_48h_br_todosats.fid--145fdae9_19db31250eb_454c", "geometry": {"type": "Point", "coordinates": [-59.30367, -3.58373]}, "geometry_name": "geometria", "properties": {"id_foco_bdq": 1814984131, "foco_id": "7a61b6ee-f7ed-3cbd-835b-08fe166250ab", "longitude": -59.30367, "latitude": -3.58373, "data_hora_gmt": "2026-04-21T17:43:00Z", "data_pas": "2026-04-21", "satelite": "NPP-375", "municipio": "AUTAZES", "estado": "AMAZONAS", "pais": "Brasil", "precipitacao": null, "numero_dias_sem_chuva": null, "risco_fogo": null, "bioma": "Amazônia", "id_0": 33, "id_1": 13, "id_2": 1300300, "continente_id": 8, "vegetacao": null, "grade_wrs": "230_062", "frp": 3.5}, "bbox": [-59.30367, -3.58373, -59.30367, -3.58373]}, {"type": "Feature", "id": "focos_48h_br_todosats.fid--145fdae9_19db31250eb_454e", "geometry": {"type": "Point", "coordinates": [-58.77061, -14.52371]}, "geometry_name": "geometria", "properties": {"id_foco_bdq": 1814984451, "foco_id": "0d8caa4d-d673-3a4e-8c1c-4b206350547f", "longitude": -58.77061, "latitude": -14.52371, "data_hora_gmt": "2026-04-21T17:43:00Z", "data_pas": "2026-04-21", "satelite": "NPP-375", "municipio": "TANGARÁ DA SERRA", "estado": "MATO GROSSO", "pais": "Brasil", "precipitacao": null, "numero_dias_sem_chuva": null, "risco_fogo": null, "bioma": "Cerrado", "id_0": 33, "id_1": 51, "id_2": 5107958, "continente_id": 8, "vegetacao": null, "grade_wrs": "228_070", "frp": 13.1}, "bbox": [-58.77061, -14.52371, -58.77061, -14.52371]}, {"type": "Feature", "id": "focos_48h_br_todosats.fid--145fdae9_19db31250eb_454f", "geometry": {"type": "Point", "coordinates": [-57.18256, -12.30052]}, "geometry_name": "geometria", "properties": {"id_foco_bdq": 1814984469, "foco_id": "7247cb5c-a446-37fd-863f-71b4eedfa1a8", "longitude": -57.18256, "latitude": -12.30052, "data_hora_gmt": "2026-04-21T17:43:00Z", "data_pas": "2026-04-21", "satelite": "NPP-375", "municipio": "NOVA MARINGÁ", "estado": "MATO GROSSO", "pais": "Brasil", "precipitacao": null, "numero_dias_sem_chuva": null, "risco_fogo": null, "bioma": "Amazônia", "id_0": 33, "id_1": 51, "id_2": 5108907, "continente_id": 8, "vegetacao": null, "grade_wrs": "227_069", "frp": 12.8}, "bbox": [-57.18256, -12.30052, -57.18256, -12.30052]}, {"type": "Feature", "id": "focos_48h_br_todosats.fid--145fdae9_19db31250eb_4550", "geometry": {"type": "Point", "coordinates": [-56.63133, -13.99694]}, "geometry_name": "geometria", "properties": {"id_foco_bdq": 1814982334, "foco_id": "51e0f5ab-88e2-37d1-ada2-e039bbc9471c", "longitude": -56.63133, "latitude": -13.99694, "data_hora_gmt": "2026-04-21T17:43:00Z", "data_pas": "2026-04-21", "satelite": "NPP-375", "municipio": "DIAMANTINO", "estado": "MATO GROSSO", "pais": "Brasil", "precipitacao": null, "numero_dias_sem_chuva": null, "risco_fogo": null, "bioma": "Cerrado", "id_0": 33, "id_1": 51, "id_2": 5103502, "continente_id": 8, "vegetacao": null, "grade_wrs": "227_070", "frp": 4.3}, "bbox": [-56.63133, -13.99694, -56.63133, -13.99694]}, {"type": "Feature", "id": "focos_48h_br_todosats.fid--145fdae9_19db31250eb_4552", "geometry": {"type": "Point", "coordinates": [-56.79781, -14.03226]}, "geometry_name": "geometria", "properties": {"id_foco_bdq": 1814984487, "foco_id": "c174af90-ed54-3f89-9cc9-af3ce3059cda", "longitude": -56.79781, "latitude": -14.03226, "data_hora_gmt": "2026-04-21T17:43:00Z", "data_pas": "2026-04-21", "satelite": "NPP-375", "municipio": "DIAMANTINO", "estado": "MATO GROSSO", "pais": "Brasil", "precipitacao": null, "numero_dias_sem_chuva": null, "risco_fogo": null, "bioma": "Cerrado", "id_0": 33, "id_1": 51, "id_2": 5103502, "continente_id": 8, "vegetacao": null, "grade_wrs": "227_070", "frp": 12.7}, "bbox": [-56.79781, -14.03226, -56.79781, -14.03226]}, {"type": "Feature", "id": "focos_48h_br_todosats.fid--145fdae9_19db31250eb_4554", "geometry": {"type": "Point", "coordinates": [-58.77117, -14.52035]}, "geometry_name": "geometria", "properties": {"id_foco_bdq": 1814982484, "foco_id": "3fb4bff0-781a-3a96-b208-e2d4525ecacc", "longitude": -58.77117, "latitude": -14.52035, "data_hora_gmt": "2026-04-21T17:43:00Z", "data_pas": "2026-04-21", "satelite": "NPP-375", "municipio": "TANGARÁ DA SERRA", "estado": "MATO GROSSO", "pais": "Brasil", "precipitacao": null, "numero_dias_sem_chuva": null, "risco_fogo": null, "bioma": "Cerrado", "id_0": 33, "id_1": 51, "id_2": 5107958, "continente_id": 8, "vegetacao": null, "grade_wrs": "228_070", "frp": 5}, "bbox": [-58.77117, -14.52035, -58.77117, -14.52035]}, {"type": "Feature", "id": "focos_48h_br_todosats.fid--145fdae9_19db31250eb_4556", "geometry": {"type": "Point", "coordinates": [-60.73804, -3.18825]}, "geometry_name": "geometria", "properties": {"id_foco_bdq": 1814984223, "foco_id": "384800b7-e6e0-3c71-8033-9bab7c74186c", "longitude": -60.73804, "latitude": -3.18825, "data_hora_gmt": "2026-04-21T17:43:00Z", "data_pas": "2026-04-21", "satelite": "NPP-375", "municipio": "MANACAPURU", "estado": "AMAZONAS", "pais": "Brasil", "precipitacao": null, "numero_dias_sem_chuva": null, "risco_fogo": null, "bioma": "Amazônia", "id_0": 33, "id_1": 13, "id_2": 1302504, "continente_id": 8, "vegetacao": null, "grade_wrs": "231_062", "frp": 4.3}, "bbox": [-60.73804, -3.18825, -60.73804, -3.18825]}, {"type": "Feature", "id": "focos_48h_br_todosats.fid--145fdae9_19db31250eb_4558", "geometry": {"type": "Point", "coordinates": [-56.65417, -13.99327]}, "geometry_name": "geometria", "properties": {"id_foco_bdq": 1814984788, "foco_id": "c0d47403-f1e4-3fb9-be39-3c0bb9ebd069", "longitude": -56.65417, "latitude": -13.99327, "data_hora_gmt": "2026-04-21T17:43:00Z", "data_pas": "2026-04-21", "satelite": "NPP-375", "municipio": "DIAMANTINO", "estado": "MATO GROSSO", "pais": "Brasil", "precipitacao": null, "numero_dias_sem_chuva": null, "risco_fogo": null, "bioma": "Cerrado", "id_0": 33, "id_1": 51, "id_2": 5103502, "continente_id": 8, "vegetacao": null, "grade_wrs": "227_070", "frp": 5.8}, "bbox": [-56.65417, -13.99327, -56.65417, -13.99327]}, {"type": "Feature", "id": "focos_48h_br_todosats.fid--145fdae9_19db31250eb_4559", "geometry": {"type": "Point", "coordinates": [-61.7755, 3.52458]}, "geometry_name": "geometria", "properties": {"id_foco_bdq": 1814981954, "foco_id": "6350b299-1aff-30cf-917e-05b987191c2c", "longitude": -61.7755, "latitude": 3.52458, "data_hora_gmt": "2026-04-21T17:45:00Z", "data_pas": "2026-04-21", "satelite": "NPP-375", "municipio": "AMAJARI", "estado": "RORAIMA", "pais": "Brasil", "precipitacao": null, "numero_dias_sem_chuva": null, "risco_fogo": null, "bioma": "Amazônia", "id_0": 33, "id_1": 14, "id_2": 1400027, "continente_id": 8, "vegetacao": null, "grade_wrs": "233_058", "frp": 15.9}, "bbox": [-61.7755, 3.52458, -61.7755, 3.52458]}, {"type": "Feature", "id": "focos_48h_br_todosats.fid--145fdae9_19db31250eb_455b", "geometry": {"type": "Point", "coordinates": [-60.4329, 1.07724]}, "geometry_name": "geometria", "properties": {"id_foco_bdq": 1814983082, "foco_id": "1e02c29e-1c4e-3f40-b686-10f60bb1930e", "longitude": -60.4329, "latitude": 1.07724, "data_hora_gmt": "2026-04-21T17:45:00Z", "data_pas": "2026-04-21", "satelite": "NPP-375", "municipio": "RORAINÓPOLIS", "estado": "RORAIMA", "pais": "Brasil", "precipitacao": null, "numero_dias_sem_chuva": null, "risco_fogo": null, "bioma": "Amazônia", "id_0": 33, "id_1": 14, "id_2": 1400472, "continente_id": 8, "vegetacao": null, "grade_wrs": "231_059", "frp": 5.5}, "bbox": [-60.4329, 1.07724, -60.4329, 1.07724]}, {"type": "Feature", "id": "focos_48h_br_todosats.fid--145fdae9_19db31250eb_455d", "geometry": {"type": "Point", "coordinates": [-61.04124, 2.70559]}, "geometry_name": "geometria", "properties": {"id_foco_bdq": 1814983137, "foco_id": "7fe2cab8-4e3b-3180-8624-0e90510c1a3a", "longitude": -61.04124, "latitude": 2.70559, "data_hora_gmt": "2026-04-21T17:45:00Z", "data_pas": "2026-04-21", "satelite": "NPP-375", "municipio": "ALTO ALEGRE", "estado": "RORAIMA", "pais": "Brasil", "precipitacao": null, "numero_dias_sem_chuva": null, "risco_fogo": null, "bioma": "Amazônia", "id_0": 33, "id_1": 14, "id_2": 1400050, "continente_id": 8, "vegetacao": null, "grade_wrs": "232_058", "frp": 5.4}, "bbox": [-61.04124, 2.70559, -61.04124, 2.70559]}, {"type": "Feature", "id": "focos_48h_br_todosats.fid--145fdae9_19db31250eb_4560", "geometry": {"type": "Point", "coordinates": [-60.85391, 1.28653]}, "geometry_name": "geometria", "properties": {"id_foco_bdq": 1814981923, "foco_id": "037d9e6f-a7f3-3531-995e-d6a172ef39fc", "longitude": -60.85391, "latitude": 1.28653, "data_hora_gmt": "2026-04-21T17:45:00Z", "data_pas": "2026-04-21", "satelite": "NPP-375", "municipio": "CARACARAÍ", "estado": "RORAIMA", "pais": "Brasil", "precipitacao": null, "numero_dias_sem_chuva": null, "risco_fogo": null, "bioma": "Amazônia", "id_0": 33, "id_1": 14, "id_2": 1400209, "continente_id": 8, "vegetacao": null, "grade_wrs": "232_059", "frp": 26.6}, "bbox": [-60.85391, 1.28653, -60.85391, 1.28653]}, {"type": "Feature", "id": "focos_48h_br_todosats.fid--145fdae9_19db31250eb_4562", "geometry": {"type": "Point", "coordinates": [-61.7793, 3.52402]}, "geometry_name": "geometria", "properties": {"id_foco_bdq": 1814983543, "foco_id": "ddfd8f0c-a278-32f6-b118-153e97153397", "longitude": -61.7793, "latitude": 3.52402, "data_hora_gmt": "2026-04-21T17:45:00Z", "data_pas": "2026-04-21", "satelite": "NPP-375", "municipio": "AMAJARI", "estado": "RORAIMA", "pais": "Brasil", "precipitacao": null, "numero_dias_sem_chuva": null, "risco_fogo": null, "bioma": "Amazônia", "id_0": 33, "id_1": 14, "id_2": 1400027, "continente_id": 8, "vegetacao": null, "grade_wrs": "233_058", "frp": 5.1}, "bbox": [-61.7793, 3.52402, -61.7793, 3.52402]}, {"type": "Feature", "id": "focos_48h_br_todosats.fid--145fdae9_19db31250eb_4564", "geometry": {"type": "Point", "coordinates": [-60.43237, 1.07363]}, "geometry_name": "geometria", "properties": {"id_foco_bdq": 1814983757, "foco_id": "aa9bc5c4-75cb-3531-ba61-27c3e3d6d751", "longitude": -60.43237, "latitude": 1.07363, "data_hora_gmt": "2026-04-21T17:45:00Z", "data_pas": "2026-04-21", "satelite": "NPP-375", "municipio": "RORAINÓPOLIS", "estado": "RORAIMA", "pais": "Brasil", "precipitacao": null, "numero_dias_sem_chuva": null, "risco_fogo": null, "bioma": "Amazônia", "id_0": 33, "id_1": 14, "id_2": 1400472, "continente_id": 8, "vegetacao": null, "grade_wrs": "231_059", "frp": 5.5}, "bbox": [-60.43237, 1.07363, -60.43237, 1.07363]}, {"type": "Feature", "id": "focos_48h_br_todosats.fid--145fdae9_19db31250eb_4565", "geometry": {"type": "Point", "coordinates": [-60.18173, 2.44137]}, "geometry_name": "geometria", "properties": {"id_foco_bdq": 1814983798, "foco_id": "ef78c5a3-517d-33c6-9ed1-ba1a76863d0e", "longitude": -60.18173, "latitude": 2.44137, "data_hora_gmt": "2026-04-21T17:45:00Z", "data_pas": "2026-04-21", "satelite": "NPP-375", "municipio": "BONFIM", "estado": "RORAIMA", "pais": "Brasil", "precipitacao": null, "numero_dias_sem_chuva": null, "risco_fogo": null, "bioma": "Amazônia", "id_0": 33, "id_1": 14, "id_2": 1400159, "continente_id": 8, "vegetacao": null, "grade_wrs": "231_058", "frp": 18.2}, "bbox": [-60.18173, 2.44137, -60.18173, 2.44137]}, {"type": "Feature", "id": "focos_48h_br_todosats.fid--145fdae9_19db31250eb_4567", "geometry": {"type": "Point", "coordinates": [-60.89021, 1.47937]}, "geometry_name": "geometria", "properties": {"id_foco_bdq": 1814983875, "foco_id": "5b457c02-6ed3-312e-ae8b-f1677e763e1b", "longitude": -60.89021, "latitude": 1.47937, "data_hora_gmt": "2026-04-21T17:45:00Z", "data_pas": "2026-04-21", "satelite": "NPP-375", "municipio": "CARACARAÍ", "estado": "RORAIMA", "pais": "Brasil", "precipitacao": null, "numero_dias_sem_chuva": null, "risco_fogo": null, "bioma": "Amazônia", "id_0": 33, "id_1": 14, "id_2": 1400209, "continente_id": 8, "vegetacao": null, "grade_wrs": "232_059", "frp": 32.2}, "bbox": [-60.89021, 1.47937, -60.89021, 1.47937]}, {"type": "Feature", "id": "focos_48h_br_todosats.fid--145fdae9_19db31250eb_4569", "geometry": {"type": "Point", "coordinates": [-60.14174, 1.65035]}, "geometry_name": "geometria", "properties": {"id_foco_bdq": 1814983951, "foco_id": "e5a940ab-46f0-38cf-a40a-4db727fc6fa0", "longitude": -60.14174, "latitude": 1.65035, "data_hora_gmt": "2026-04-21T17:45:00Z", "data_pas": "2026-04-21", "satelite": "NPP-375", "municipio": "CARACARAÍ", "estado": "RORAIMA", "pais": "Brasil", "precipitacao": null, "numero_dias_sem_chuva": null, "risco_fogo": null, "bioma": "Amazônia", "id_0": 33, "id_1": 14, "id_2": 1400209, "continente_id": 8, "vegetacao": null, "grade_wrs": "231_059", "frp": 6.1}, "bbox": [-60.14174, 1.65035, -60.14174, 1.65035]}, {"type": "Feature", "id": "focos_48h_br_todosats.fid--145fdae9_19db31250eb_456b", "geometry": {"type": "Point", "coordinates": [-61.91493, 3.62929]}, "geometry_name": "geometria", "properties": {"id_foco_bdq": 1814983955, "foco_id": "dc4f0ea0-7054-3994-a0bd-62451d0a84e5", "longitude": -61.91493, "latitude": 3.62929, "data_hora_gmt": "2026-04-21T17:45:00Z", "data_pas": "2026-04-21", "satelite": "NPP-375", "municipio": "AMAJARI", "estado": "RORAIMA", "pais": "Brasil", "precipitacao": null, "numero_dias_sem_chuva": null, "risco_fogo": null, "bioma": "Amazônia", "id_0": 33, "id_1": 14, "id_2": 1400027, "continente_id": 8, "vegetacao": null, "grade_wrs": "233_057", "frp": 6}, "bbox": [-61.91493, 3.62929, -61.91493, 3.62929]}, {"type": "Feature", "id": "focos_48h_br_todosats.fid--145fdae9_19db31250eb_456d", "geometry": {"type": "Point", "coordinates": [-52.49955, 0.51454]}, "geometry_name": "geometria", "properties": {"id_foco_bdq": 1814984124, "foco_id": "69bd8d65-b3a4-3a47-a27c-d494d69eae9c", "longitude": -52.49955, "latitude": 0.51454, "data_hora_gmt": "2026-04-21T17:45:00Z", "data_pas": "2026-04-21", "satelite": "NPP-375", "municipio": "MAZAGÃO", "estado": "AMAPÁ", "pais": "Brasil", "precipitacao": null, "numero_dias_sem_chuva": null, "risco_fogo": null, "bioma": "Amazônia", "id_0": 33, "id_1": 16, "id_2": 1600402, "continente_id": 8, "vegetacao": null, "grade_wrs": "226_060", "frp": 1.1}, "bbox": [-52.49955, 0.51454, -52.49955, 0.51454]}, {"type": "Feature", "id": "focos_48h_br_todosats.fid--145fdae9_19db31250eb_456e", "geometry": {"type": "Point", "coordinates": [-60.86234, 1.28889]}, "geometry_name": "geometria", "properties": {"id_foco_bdq": 1814984264, "foco_id": "fd05764e-9979-3275-9ee3-418993fde03c", "longitude": -60.86234, "latitude": 1.28889, "data_hora_gmt": "2026-04-21T17:45:00Z", "data_pas": "2026-04-21", "satelite": "NPP-375", "municipio": "CARACARAÍ", "estado": "RORAIMA", "pais": "Brasil", "precipitacao": null, "numero_dias_sem_chuva": null, "risco_fogo": null, "bioma": "Amazônia", "id_0": 33, "id_1": 14, "id_2": 1400209, "continente_id": 8, "vegetacao": null, "grade_wrs": "232_059", "frp": 2.9}, "bbox": [-60.86234, 1.28889, -60.86234, 1.28889]}, {"type": "Feature", "id": "focos_48h_br_todosats.fid--145fdae9_19db31250eb_456f", "geometry": {"type": "Point", "coordinates": [-61.91113, 3.62986]}, "geometry_name": "geometria", "properties": {"id_foco_bdq": 1814984439, "foco_id": "956d3ab9-0ff6-367f-85af-4b589a1e3b09", "longitude": -61.91113, "latitude": 3.62986, "data_hora_gmt": "2026-04-21T17:45:00Z", "data_pas": "2026-04-21", "satelite": "NPP-375", "municipio": "AMAJARI", "estado": "RORAIMA", "pais": "Brasil", "precipitacao": null, "numero_dias_sem_chuva": null, "risco_fogo": null, "bioma": "Amazônia", "id_0": 33, "id_1": 14, "id_2": 1400027, "continente_id": 8, "vegetacao": null, "grade_wrs": "233_057", "frp": 6}, "bbox": [-61.91113, 3.62986, -61.91113, 3.62986]}, {"type": "Feature", "id": "focos_48h_br_todosats.fid--145fdae9_19db31250eb_4571", "geometry": {"type": "Point", "coordinates": [-60.85786, 1.28594]}, "geometry_name": "geometria", "properties": {"id_foco_bdq": 1814984875, "foco_id": "46aae6b9-aa75-3746-a737-2193b65b08c8", "longitude": -60.85786, "latitude": 1.28594, "data_hora_gmt": "2026-04-21T17:45:00Z", "data_pas": "2026-04-21", "satelite": "NPP-375", "municipio": "CARACARAÍ", "estado": "RORAIMA", "pais": "Brasil", "precipitacao": null, "numero_dias_sem_chuva": null, "risco_fogo": null, "bioma": "Amazônia", "id_0": 33, "id_1": 14, "id_2": 1400209, "continente_id": 8, "vegetacao": null, "grade_wrs": "232_059", "frp": 26.6}, "bbox": [-60.85786, 1.28594, -60.85786, 1.28594]}, {"type": "Feature", "id": "focos_48h_br_todosats.fid--145fdae9_19db31250eb_4572", "geometry": {"type": "Point", "coordinates": [-60.85839, 1.28948]}, "geometry_name": "geometria", "properties": {"id_foco_bdq": 1814985075, "foco_id": "bfdc2dbf-f88f-344b-ae15-04a61b7619a5", "longitude": -60.85839, "latitude": 1.28948, "data_hora_gmt": "2026-04-21T17:45:00Z", "data_pas": "2026-04-21", "satelite": "NPP-375", "municipio": "CARACARAÍ", "estado": "RORAIMA", "pais": "Brasil", "precipitacao": null, "numero_dias_sem_chuva": null, "risco_fogo": null, "bioma": "Amazônia", "id_0": 33, "id_1": 14, "id_2": 1400209, "continente_id": 8, "vegetacao": null, "grade_wrs": "232_059", "frp": 31.3}, "bbox": [-60.85839, 1.28948, -60.85839, 1.28948]}, {"type": "Feature", "id": "focos_48h_br_todosats.fid--145fdae9_19db31250eb_4576", "geometry": {"type": "Point", "coordinates": [-60.33246, 2.5777]}, "geometry_name": "geometria", "properties": {"id_foco_bdq": 1814985223, "foco_id": "c67ff02f-5122-3610-a1c9-49786303963b", "longitude": -60.33246, "latitude": 2.5777, "data_hora_gmt": "2026-04-21T17:45:00Z", "data_pas": "2026-04-21", "satelite": "NPP-375", "municipio": "CANTÁ", "estado": "RORAIMA", "pais": "Brasil", "precipitacao": null, "numero_dias_sem_chuva": null, "risco_fogo": null, "bioma": "Amazônia", "id_0": 33, "id_1": 14, "id_2": 1400175, "continente_id": 8, "vegetacao": null, "grade_wrs": "232_058", "frp": 17.1}, "bbox": [-60.33246, 2.5777, -60.33246, 2.5777]}, {"type": "Feature", "id": "focos_48h_br_todosats.fid--145fdae9_19db31250eb_4577", "geometry": {"type": "Point", "coordinates": [-60.14659, 1.65338]}, "geometry_name": "geometria", "properties": {"id_foco_bdq": 1814982159, "foco_id": "242f0ab3-3d60-346b-86e9-1680da4f8ab3", "longitude": -60.14659, "latitude": 1.65338, "data_hora_gmt": "2026-04-21T17:45:00Z", "data_pas": "2026-04-21", "satelite": "NPP-375", "municipio": "CARACARAÍ", "estado": "RORAIMA", "pais": "Brasil", "precipitacao": null, "numero_dias_sem_chuva": null, "risco_fogo": null, "bioma": "Amazônia", "id_0": 33, "id_1": 14, "id_2": 1400209, "continente_id": 8, "vegetacao": null, "grade_wrs": "231_059", "frp": 6.1}, "bbox": [-60.14659, 1.65338, -60.14659, 1.65338]}, {"type": "Feature", "id": "focos_48h_br_todosats.fid--145fdae9_19db31250eb_4579", "geometry": {"type": "Point", "coordinates": [-60.195, 2.25216]}, "geometry_name": "geometria", "properties": {"id_foco_bdq": 1814982172, "foco_id": "c4b95d89-4aa9-3b00-b37d-b97c84422278", "longitude": -60.195, "latitude": 2.25216, "data_hora_gmt": "2026-04-21T17:45:00Z", "data_pas": "2026-04-21", "satelite": "NPP-375", "municipio": "BONFIM", "estado": "RORAIMA", "pais": "Brasil", "precipitacao": null, "numero_dias_sem_chuva": null, "risco_fogo": null, "bioma": "Amazônia", "id_0": 33, "id_1": 14, "id_2": 1400159, "continente_id": 8, "vegetacao": null, "grade_wrs": "231_059", "frp": 3.8}, "bbox": [-60.195, 2.25216, -60.195, 2.25216]}, {"type": "Feature", "id": "focos_48h_br_todosats.fid--145fdae9_19db31250eb_457b", "geometry": {"type": "Point", "coordinates": [-60.98998, 2.57998]}, "geometry_name": "geometria", "properties": {"id_foco_bdq": 1814982267, "foco_id": "71c0bd93-394c-379d-9234-acc5aa9d7b90", "longitude": -60.98998, "latitude": 2.57998, "data_hora_gmt": "2026-04-21T17:45:00Z", "data_pas": "2026-04-21", "satelite": "NPP-375", "municipio": "MUCAJAÍ", "estado": "RORAIMA", "pais": "Brasil", "precipitacao": null, "numero_dias_sem_chuva": null, "risco_fogo": null, "bioma": "Amazônia", "id_0": 33, "id_1": 14, "id_2": 1400308, "continente_id": 8, "vegetacao": null, "grade_wrs": "232_058", "frp": 3.4}, "bbox": [-60.98998, 2.57998, -60.98998, 2.57998]}, {"type": "Feature", "id": "focos_48h_br_todosats.fid--145fdae9_19db31250eb_457d", "geometry": {"type": "Point", "coordinates": [-60.1423, 1.65403]}, "geometry_name": "geometria", "properties": {"id_foco_bdq": 1814982666, "foco_id": "441ccfac-76ad-355b-a5e0-12fd330e362c", "longitude": -60.1423, "latitude": 1.65403, "data_hora_gmt": "2026-04-21T17:45:00Z", "data_pas": "2026-04-21", "satelite": "NPP-375", "municipio": "CARACARAÍ", "estado": "RORAIMA", "pais": "Brasil", "precipitacao": null, "numero_dias_sem_chuva": null, "risco_fogo": null, "bioma": "Amazônia", "id_0": 33, "id_1": 14, "id_2": 1400209, "continente_id": 8, "vegetacao": null, "grade_wrs": "231_059", "frp": 6.1}, "bbox": [-60.1423, 1.65403, -60.1423, 1.65403]}, {"type": "Feature", "id": "focos_48h_br_todosats.fid--145fdae9_19db31250eb_457e", "geometry": {"type": "Point", "coordinates": [-60.86407, 2.73599]}, "geometry_name": "geometria", "properties": {"id_foco_bdq": 1814982757, "foco_id": "8c01886e-713d-3877-991f-685e61ec0602", "longitude": -60.86407, "latitude": 2.73599, "data_hora_gmt": "2026-04-21T17:45:00Z", "data_pas": "2026-04-21", "satelite": "NPP-375", "municipio": "BOA VISTA", "estado": "RORAIMA", "pais": "Brasil", "precipitacao": null, "numero_dias_sem_chuva": null, "risco_fogo": null, "bioma": "Amazônia", "id_0": 33, "id_1": 14, "id_2": 1400100, "continente_id": 8, "vegetacao": null, "grade_wrs": "232_058", "frp": 2.4}, "bbox": [-60.86407, 2.73599, -60.86407, 2.73599]}, {"type": "Feature", "id": "focos_48h_br_todosats.fid--145fdae9_19db31250eb_4580", "geometry": {"type": "Point", "coordinates": [-61.18174, 3.70946]}, "geometry_name": "geometria", "properties": {"id_foco_bdq": 1814981957, "foco_id": "a1c0a207-08fa-3fbe-8970-c4629bf8265f", "longitude": -61.18174, "latitude": 3.70946, "data_hora_gmt": "2026-04-21T17:45:00Z", "data_pas": "2026-04-21", "satelite": "NPP-375", "municipio": "AMAJARI", "estado": "RORAIMA", "pais": "Brasil", "precipitacao": null, "numero_dias_sem_chuva": null, "risco_fogo": null, "bioma": "Amazônia", "id_0": 33, "id_1": 14, "id_2": 1400027, "continente_id": 8, "vegetacao": null, "grade_wrs": "232_057", "frp": 3.1}, "bbox": [-61.18174, 3.70946, -61.18174, 3.70946]}, {"type": "Feature", "id": "focos_48h_br_todosats.fid--145fdae9_19db31250eb_4582", "geometry": {"type": "Point", "coordinates": [-61.18788, 3.72316]}, "geometry_name": "geometria", "properties": {"id_foco_bdq": 1814982935, "foco_id": "eaaa1ac8-e022-3414-a8c1-cd2a8073f863", "longitude": -61.18788, "latitude": 3.72316, "data_hora_gmt": "2026-04-21T17:45:00Z", "data_pas": "2026-04-21", "satelite": "NPP-375", "municipio": "AMAJARI", "estado": "RORAIMA", "pais": "Brasil", "precipitacao": null, "numero_dias_sem_chuva": null, "risco_fogo": null, "bioma": "Amazônia", "id_0": 33, "id_1": 14, "id_2": 1400027, "continente_id": 8, "vegetacao": null, "grade_wrs": "232_057", "frp": 7.6}, "bbox": [-61.18788, 3.72316, -61.18788, 3.72316]}, {"type": "Feature", "id": "focos_48h_br_todosats.fid--145fdae9_19db31250eb_4583", "geometry": {"type": "Point", "coordinates": [-50.07731, -27.92351]}, "geometry_name": "geometria", "properties": {"id_foco_bdq": 1814989138, "foco_id": "fc7a2245-57e9-34b9-b257-c216448e1af2", "longitude": -50.07731, "latitude": -27.92351, "data_hora_gmt": "2026-04-21T17:56:00Z", "data_pas": "2026-04-21", "satelite": "NOAA-20", "municipio": "PAINEL", "estado": "SANTA CATARINA", "pais": "Brasil", "precipitacao": null, "numero_dias_sem_chuva": null, "risco_fogo": null, "bioma": "Mata Atlântica", "id_0": 33, "id_1": 42, "id_2": 4211892, "continente_id": 8, "vegetacao": null, "grade_wrs": "221_079", "frp": 5.6}, "bbox": [-50.07731, -27.92351, -50.07731, -27.92351]}, {"type": "Feature", "id": "focos_48h_br_todosats.fid--145fdae9_19db31250eb_4585", "geometry": {"type": "Point", "coordinates": [-50.27005, -27.57688]}, "geometry_name": "geometria", "properties": {"id_foco_bdq": 1814987189, "foco_id": "b0c99fde-6d39-32aa-9d3e-d3dabb46eda8", "longitude": -50.27005, "latitude": -27.57688, "data_hora_gmt": "2026-04-21T17:56:00Z", "data_pas": "2026-04-21", "satelite": "NOAA-20", "municipio": "CORREIA PINTO", "estado": "SANTA CATARINA", "pais": "Brasil", "precipitacao": null, "numero_dias_sem_chuva": null, "risco_fogo": null, "bioma": "Mata Atlântica", "id_0": 33, "id_1": 42, "id_2": 4204558, "continente_id": 8, "vegetacao": null, "grade_wrs": "221_079", "frp": 1.5}, "bbox": [-50.27005, -27.57688, -50.27005, -27.57688]}, {"type": "Feature", "id": "focos_48h_br_todosats.fid--145fdae9_19db31250eb_4586", "geometry": {"type": "Point", "coordinates": [-50.4613, -27.49608]}, "geometry_name": "geometria", "properties": {"id_foco_bdq": 1814989160, "foco_id": "e952b0c6-4d8b-3f72-a0e2-52eda4c16741", "longitude": -50.4613, "latitude": -27.49608, "data_hora_gmt": "2026-04-21T17:56:00Z", "data_pas": "2026-04-21", "satelite": "NOAA-20", "municipio": "CORREIA PINTO", "estado": "SANTA CATARINA", "pais": "Brasil", "precipitacao": null, "numero_dias_sem_chuva": null, "risco_fogo": null, "bioma": "Mata Atlântica", "id_0": 33, "id_1": 42, "id_2": 4204558, "continente_id": 8, "vegetacao": null, "grade_wrs": "221_079", "frp": 6.6}, "bbox": [-50.4613, -27.49608, -50.4613, -27.49608]}, {"type": "Feature", "id": "focos_48h_br_todosats.fid--145fdae9_19db31250eb_4587", "geometry": {"type": "Point", "coordinates": [-50.46624, -27.49731]}, "geometry_name": "geometria", "properties": {"id_foco_bdq": 1814988758, "foco_id": "2d4b44fa-2056-3aa6-894d-861a0d1c5496", "longitude": -50.46624, "latitude": -27.49731, "data_hora_gmt": "2026-04-21T17:56:00Z", "data_pas": "2026-04-21", "satelite": "NOAA-20", "municipio": "CORREIA PINTO", "estado": "SANTA CATARINA", "pais": "Brasil", "precipitacao": null, "numero_dias_sem_chuva": null, "risco_fogo": null, "bioma": "Mata Atlântica", "id_0": 33, "id_1": 42, "id_2": 4204558, "continente_id": 8, "vegetacao": null, "grade_wrs": "221_079", "frp": 6.6}, "bbox": [-50.46624, -27.49731, -50.46624, -27.49731]}, {"type": "Feature", "id": "focos_48h_br_todosats.fid--145fdae9_19db31250eb_458a", "geometry": {"type": "Point", "coordinates": [-50.57743, -26.70342]}, "geometry_name": "geometria", "properties": {"id_foco_bdq": 1814988421, "foco_id": "bc72ffc1-9303-32c9-ae0c-04a2152316be", "longitude": -50.57743, "latitude": -26.70342, "data_hora_gmt": "2026-04-21T17:56:00Z", "data_pas": "2026-04-21", "satelite": "NOAA-20", "municipio": "TIMBÓ GRANDE", "estado": "SANTA CATARINA", "pais": "Brasil", "precipitacao": null, "numero_dias_sem_chuva": null, "risco_fogo": null, "bioma": "Mata Atlântica", "id_0": 33, "id_1": 42, "id_2": 4218251, "continente_id": 8, "vegetacao": null, "grade_wrs": "221_079", "frp": 2.7}, "bbox": [-50.57743, -26.70342, -50.57743, -26.70342]}, {"type": "Feature", "id": "focos_48h_br_todosats.fid--145fdae9_19db31250eb_458b", "geometry": {"type": "Point", "coordinates": [-52.18459, -27.08841]}, "geometry_name": "geometria", "properties": {"id_foco_bdq": 1814987568, "foco_id": "f9020db5-319b-3dc3-a27b-f05632119ab0", "longitude": -52.18459, "latitude": -27.08841, "data_hora_gmt": "2026-04-21T17:56:00Z", "data_pas": "2026-04-21", "satelite": "NOAA-20", "municipio": "IPUMIRIM", "estado": "SANTA CATARINA", "pais": "Brasil", "precipitacao": null, "numero_dias_sem_chuva": null, "risco_fogo": null, "bioma": "Mata Atlântica", "id_0": 33, "id_1": 42, "id_2": 4207700, "continente_id": 8, "vegetacao": null, "grade_wrs": "222_079", "frp": 3.8}, "bbox": [-52.18459, -27.08841, -52.18459, -27.08841]}, {"type": "Feature", "id": "focos_48h_br_todosats.fid--145fdae9_19db31250eb_458d", "geometry": {"type": "Point", "coordinates": [-50.1874, -27.78869]}, "geometry_name": "geometria", "properties": {"id_foco_bdq": 1814988603, "foco_id": "7447ef6f-a02f-3075-a3f9-96174e91f18e", "longitude": -50.1874, "latitude": -27.78869, "data_hora_gmt": "2026-04-21T17:56:00Z", "data_pas": "2026-04-21", "satelite": "NOAA-20", "municipio": "LAGES", "estado": "SANTA CATARINA", "pais": "Brasil", "precipitacao": null, "numero_dias_sem_chuva": null, "risco_fogo": null, "bioma": "Mata Atlântica", "id_0": 33, "id_1": 42, "id_2": 4209300, "continente_id": 8, "vegetacao": null, "grade_wrs": "221_079", "frp": 6.7}, "bbox": [-50.1874, -27.78869, -50.1874, -27.78869]}, {"type": "Feature", "id": "focos_48h_br_todosats.fid--145fdae9_19db31250eb_458e", "geometry": {"type": "Point", "coordinates": [-50.07896, -27.91755]}, "geometry_name": "geometria", "properties": {"id_foco_bdq": 1814986251, "foco_id": "e4cdb66f-9254-3056-8d68-80e62dad0717", "longitude": -50.07896, "latitude": -27.91755, "data_hora_gmt": "2026-04-21T17:56:00Z", "data_pas": "2026-04-21", "satelite": "NOAA-20", "municipio": "PAINEL", "estado": "SANTA CATARINA", "pais": "Brasil", "precipitacao": null, "numero_dias_sem_chuva": null, "risco_fogo": null, "bioma": "Mata Atlântica", "id_0": 33, "id_1": 42, "id_2": 4211892, "continente_id": 8, "vegetacao": null, "grade_wrs": "221_079", "frp": 5.6}, "bbox": [-50.07896, -27.91755, -50.07896, -27.91755]}, {"type": "Feature", "id": "focos_48h_br_todosats.fid--145fdae9_19db31250eb_4590", "geometry": {"type": "Point", "coordinates": [-50.2198, -27.90285]}, "geometry_name": "geometria", "properties": {"id_foco_bdq": 1814987914, "foco_id": "02c71b77-0c91-30ec-9e8f-18f99fa80c80", "longitude": -50.2198, "latitude": -27.90285, "data_hora_gmt": "2026-04-21T17:56:00Z", "data_pas": "2026-04-21", "satelite": "NOAA-20", "municipio": "LAGES", "estado": "SANTA CATARINA", "pais": "Brasil", "precipitacao": null, "numero_dias_sem_chuva": null, "risco_fogo": null, "bioma": "Mata Atlântica", "id_0": 33, "id_1": 42, "id_2": 4209300, "continente_id": 8, "vegetacao": null, "grade_wrs": "221_079", "frp": 5}, "bbox": [-50.2198, -27.90285, -50.2198, -27.90285]}, {"type": "Feature", "id": "focos_48h_br_todosats.fid--145fdae9_19db31250eb_4591", "geometry": {"type": "Point", "coordinates": [-52.18359, -27.08876]}, "geometry_name": "geometria", "properties": {"id_foco_bdq": 1814988989, "foco_id": "86a255c5-296e-3422-ad0c-736f8f826089", "longitude": -52.18359, "latitude": -27.08876, "data_hora_gmt": "2026-04-21T17:56:00Z", "data_pas": "2026-04-21", "satelite": "NOAA-20", "municipio": "IPUMIRIM", "estado": "SANTA CATARINA", "pais": "Brasil", "precipitacao": null, "numero_dias_sem_chuva": null, "risco_fogo": null, "bioma": "Mata Atlântica", "id_0": 33, "id_1": 42, "id_2": 4207700, "continente_id": 8, "vegetacao": null, "grade_wrs": "222_079", "frp": 3.6}, "bbox": [-52.18359, -27.08876, -52.18359, -27.08876]}, {"type": "Feature", "id": "focos_48h_br_todosats.fid--145fdae9_19db31250eb_4593", "geometry": {"type": "Point", "coordinates": [-50.05453, -28.17602]}, "geometry_name": "geometria", "properties": {"id_foco_bdq": 1814988949, "foco_id": "059be2e1-9b45-353a-9730-44d873c0722b", "longitude": -50.05453, "latitude": -28.17602, "data_hora_gmt": "2026-04-21T17:56:00Z", "data_pas": "2026-04-21", "satelite": "NOAA-20", "municipio": "SÃO JOAQUIM", "estado": "SANTA CATARINA", "pais": "Brasil", "precipitacao": null, "numero_dias_sem_chuva": null, "risco_fogo": null, "bioma": "Mata Atlântica", "id_0": 33, "id_1": 42, "id_2": 4216503, "continente_id": 8, "vegetacao": null, "grade_wrs": "220_080", "frp": 9.5}, "bbox": [-50.05453, -28.17602, -50.05453, -28.17602]}, {"type": "Feature", "id": "focos_48h_br_todosats.fid--145fdae9_19db31250eb_4595", "geometry": {"type": "Point", "coordinates": [-51.00004, -27.03717]}, "geometry_name": "geometria", "properties": {"id_foco_bdq": 1814987495, "foco_id": "810195c7-198d-3b8a-b185-a888b2536374", "longitude": -51.00004, "latitude": -27.03717, "data_hora_gmt": "2026-04-21T17:56:00Z", "data_pas": "2026-04-21", "satelite": "NOAA-20", "municipio": "VIDEIRA", "estado": "SANTA CATARINA", "pais": "Brasil", "precipitacao": null, "numero_dias_sem_chuva": null, "risco_fogo": null, "bioma": "Mata Atlântica", "id_0": 33, "id_1": 42, "id_2": 4219309, "continente_id": 8, "vegetacao": null, "grade_wrs": "221_079", "frp": 3.8}, "bbox": [-51.00004, -27.03717, -51.00004, -27.03717]}, {"type": "Feature", "id": "focos_48h_br_todosats.fid--145fdae9_19db31250eb_4597", "geometry": {"type": "Point", "coordinates": [-50.56734, -27.42509]}, "geometry_name": "geometria", "properties": {"id_foco_bdq": 1814988936, "foco_id": "4e37d8cf-ab9c-353a-9d31-b9647bc4e151", "longitude": -50.56734, "latitude": -27.42509, "data_hora_gmt": "2026-04-21T17:56:00Z", "data_pas": "2026-04-21", "satelite": "NOAA-20", "municipio": "CURITIBANOS", "estado": "SANTA CATARINA", "pais": "Brasil", "precipitacao": null, "numero_dias_sem_chuva": null, "risco_fogo": null, "bioma": "Mata Atlântica", "id_0": 33, "id_1": 42, "id_2": 4204806, "continente_id": 8, "vegetacao": null, "grade_wrs": "221_079", "frp": 5.7}, "bbox": [-50.56734, -27.42509, -50.56734, -27.42509]}, {"type": "Feature", "id": "focos_48h_br_todosats.fid--145fdae9_19db31250eb_4599", "geometry": {"type": "Point", "coordinates": [-49.58341, -27.00611]}, "geometry_name": "geometria", "properties": {"id_foco_bdq": 1814986138, "foco_id": "b26a3d93-5315-3069-82f0-2b71b94fa9f8", "longitude": -49.58341, "latitude": -27.00611, "data_hora_gmt": "2026-04-21T17:56:00Z", "data_pas": "2026-04-21", "satelite": "NOAA-20", "municipio": "IBIRAMA", "estado": "SANTA CATARINA", "pais": "Brasil", "precipitacao": null, "numero_dias_sem_chuva": null, "risco_fogo": null, "bioma": "Mata Atlântica", "id_0": 33, "id_1": 42, "id_2": 4206900, "continente_id": 8, "vegetacao": null, "grade_wrs": "220_079", "frp": 7.9}, "bbox": [-49.58341, -27.00611, -49.58341, -27.00611]}, {"type": "Feature", "id": "focos_48h_br_todosats.fid--145fdae9_19db31250eb_459b", "geometry": {"type": "Point", "coordinates": [-50.05935, -28.17724]}, "geometry_name": "geometria", "properties": {"id_foco_bdq": 1814987931, "foco_id": "acdde1bb-aed8-3298-8cce-ed986c11f722", "longitude": -50.05935, "latitude": -28.17724, "data_hora_gmt": "2026-04-21T17:56:00Z", "data_pas": "2026-04-21", "satelite": "NOAA-20", "municipio": "SÃO JOAQUIM", "estado": "SANTA CATARINA", "pais": "Brasil", "precipitacao": null, "numero_dias_sem_chuva": null, "risco_fogo": null, "bioma": "Mata Atlântica", "id_0": 33, "id_1": 42, "id_2": 4216503, "continente_id": 8, "vegetacao": null, "grade_wrs": "220_080", "frp": 9.5}, "bbox": [-50.05935, -28.17724, -50.05935, -28.17724]}, {"type": "Feature", "id": "focos_48h_br_todosats.fid--145fdae9_19db31250eb_459c", "geometry": {"type": "Point", "coordinates": [-49.81563, -26.96299]}, "geometry_name": "geometria", "properties": {"id_foco_bdq": 1814986814, "foco_id": "e7a21d63-566f-3a6d-aaa9-603139a27bfa", "longitude": -49.81563, "latitude": -26.96299, "data_hora_gmt": "2026-04-21T17:56:00Z", "data_pas": "2026-04-21", "satelite": "NOAA-20", "municipio": "DONA EMMA", "estado": "SANTA CATARINA", "pais": "Brasil", "precipitacao": null, "numero_dias_sem_chuva": null, "risco_fogo": null, "bioma": "Mata Atlântica", "id_0": 33, "id_1": 42, "id_2": 4205100, "continente_id": 8, "vegetacao": null, "grade_wrs": "221_079", "frp": 2.6}, "bbox": [-49.81563, -26.96299, -49.81563, -26.96299]}, {"type": "Feature", "id": "focos_48h_br_todosats.fid--145fdae9_19db31250eb_459e", "geometry": {"type": "Point", "coordinates": [-49.58588, -27.00372]}, "geometry_name": "geometria", "properties": {"id_foco_bdq": 1814986490, "foco_id": "d5d74a47-15ec-3e5e-a27f-0a3f61fd2b59", "longitude": -49.58588, "latitude": -27.00372, "data_hora_gmt": "2026-04-21T17:56:00Z", "data_pas": "2026-04-21", "satelite": "NOAA-20", "municipio": "IBIRAMA", "estado": "SANTA CATARINA", "pais": "Brasil", "precipitacao": null, "numero_dias_sem_chuva": null, "risco_fogo": null, "bioma": "Mata Atlântica", "id_0": 33, "id_1": 42, "id_2": 4206900, "continente_id": 8, "vegetacao": null, "grade_wrs": "220_079", "frp": 9.1}, "bbox": [-49.58588, -27.00372, -49.58588, -27.00372]}, {"type": "Feature", "id": "focos_48h_br_todosats.fid--145fdae9_19db31250eb_45a0", "geometry": {"type": "Point", "coordinates": [-50.21661, -27.89975]}, "geometry_name": "geometria", "properties": {"id_foco_bdq": 1814988314, "foco_id": "c59d6d0d-46ef-3264-b35d-2f0f27aefb63", "longitude": -50.21661, "latitude": -27.89975, "data_hora_gmt": "2026-04-21T17:56:00Z", "data_pas": "2026-04-21", "satelite": "NOAA-20", "municipio": "LAGES", "estado": "SANTA CATARINA", "pais": "Brasil", "precipitacao": null, "numero_dias_sem_chuva": null, "risco_fogo": null, "bioma": "Mata Atlântica", "id_0": 33, "id_1": 42, "id_2": 4209300, "continente_id": 8, "vegetacao": null, "grade_wrs": "221_079", "frp": 5.6}, "bbox": [-50.21661, -27.89975, -50.21661, -27.89975]}, {"type": "Feature", "id": "focos_48h_br_todosats.fid--145fdae9_19db31250eb_45a1", "geometry": {"type": "Point", "coordinates": [-50.07291, -25.17638]}, "geometry_name": "geometria", "properties": {"id_foco_bdq": 1814988832, "foco_id": "237b4429-4338-3fdb-9d81-b30ac18e27f5", "longitude": -50.07291, "latitude": -25.17638, "data_hora_gmt": "2026-04-21T17:58:00Z", "data_pas": "2026-04-21", "satelite": "NOAA-20", "municipio": "PONTA GROSSA", "estado": "PARANÁ", "pais": "Brasil", "precipitacao": null, "numero_dias_sem_chuva": null, "risco_fogo": null, "bioma": "Mata Atlântica", "id_0": 33, "id_1": 41, "id_2": 4119905, "continente_id": 8, "vegetacao": null, "grade_wrs": "221_077", "frp": 5.4}, "bbox": [-50.07291, -25.17638, -50.07291, -25.17638]}, {"type": "Feature", "id": "focos_48h_br_todosats.fid--145fdae9_19db31250eb_45a3", "geometry": {"type": "Point", "coordinates": [-50.04016, -24.46986]}, "geometry_name": "geometria", "properties": {"id_foco_bdq": 1814989115, "foco_id": "2c6182ae-9d57-346c-800e-803f021d5d3d", "longitude": -50.04016, "latitude": -24.46986, "data_hora_gmt": "2026-04-21T17:58:00Z", "data_pas": "2026-04-21", "satelite": "NOAA-20", "municipio": "PIRAÍ DO SUL", "estado": "PARANÁ", "pais": "Brasil", "precipitacao": null, "numero_dias_sem_chuva": null, "risco_fogo": null, "bioma": "Cerrado", "id_0": 33, "id_1": 41, "id_2": 4119400, "continente_id": 8, "vegetacao": null, "grade_wrs": "221_077", "frp": 7.5}, "bbox": [-50.04016, -24.46986, -50.04016, -24.46986]}, {"type": "Feature", "id": "focos_48h_br_todosats.fid--145fdae9_19db31250eb_45a5", "geometry": {"type": "Point", "coordinates": [-52.93476, -26.03825]}, "geometry_name": "geometria", "properties": {"id_foco_bdq": 1814987691, "foco_id": "464cbe97-50d8-3999-9ac5-f0b0492604b8", "longitude": -52.93476, "latitude": -26.03825, "data_hora_gmt": "2026-04-21T17:58:00Z", "data_pas": "2026-04-21", "satelite": "NOAA-20", "municipio": "FRANCISCO BELTRÃO", "estado": "PARANÁ", "pais": "Brasil", "precipitacao": null, "numero_dias_sem_chuva": null, "risco_fogo": null, "bioma": "Mata Atlântica", "id_0": 33, "id_1": 41, "id_2": 4108403, "continente_id": 8, "vegetacao": null, "grade_wrs": "223_078", "frp": 3.1}, "bbox": [-52.93476, -26.03825, -52.93476, -26.03825]}, {"type": "Feature", "id": "focos_48h_br_todosats.fid--145fdae9_19db31250eb_45a6", "geometry": {"type": "Point", "coordinates": [-53.35852, -19.39333]}, "geometry_name": "geometria", "properties": {"id_foco_bdq": 1814986628, "foco_id": "4e066968-2e8a-3738-a978-0aa09e8fdcc2", "longitude": -53.35852, "latitude": -19.39333, "data_hora_gmt": "2026-04-21T17:58:00Z", "data_pas": "2026-04-21", "satelite": "NOAA-20", "municipio": "PARAÍSO DAS ÁGUAS", "estado": "MATO GROSSO DO SUL", "pais": "Brasil", "precipitacao": null, "numero_dias_sem_chuva": null, "risco_fogo": null, "bioma": "Cerrado", "id_0": 33, "id_1": 50, "id_2": 5006275, "continente_id": 8, "vegetacao": null, "grade_wrs": "224_073", "frp": 7.6}, "bbox": [-53.35852, -19.39333, -53.35852, -19.39333]}, {"type": "Feature", "id": "focos_48h_br_todosats.fid--145fdae9_19db31250eb_45a8", "geometry": {"type": "Point", "coordinates": [-49.40296, -25.20908]}, "geometry_name": "geometria", "properties": {"id_foco_bdq": 1814987261, "foco_id": "b9dc121f-dc09-3f7f-a4e1-2faa073ab076", "longitude": -49.40296, "latitude": -25.20908, "data_hora_gmt": "2026-04-21T17:58:00Z", "data_pas": "2026-04-21", "satelite": "NOAA-20", "municipio": "ITAPERUÇU", "estado": "PARANÁ", "pais": "Brasil", "precipitacao": null, "numero_dias_sem_chuva": null, "risco_fogo": null, "bioma": "Mata Atlântica", "id_0": 33, "id_1": 41, "id_2": 4111258, "continente_id": 8, "vegetacao": null, "grade_wrs": "221_077", "frp": 13.1}, "bbox": [-49.40296, -25.20908, -49.40296, -25.20908]}, {"type": "Feature", "id": "focos_48h_br_todosats.fid--145fdae9_19db31250eb_45aa", "geometry": {"type": "Point", "coordinates": [-50.72681, -25.36712]}, "geometry_name": "geometria", "properties": {"id_foco_bdq": 1814986892, "foco_id": "3a7b8bbc-3da9-3273-82c3-41fa7a660f7e", "longitude": -50.72681, "latitude": -25.36712, "data_hora_gmt": "2026-04-21T17:58:00Z", "data_pas": "2026-04-21", "satelite": "NOAA-20", "municipio": "IRATI", "estado": "PARANÁ", "pais": "Brasil", "precipitacao": null, "numero_dias_sem_chuva": null, "risco_fogo": null, "bioma": "Mata Atlântica", "id_0": 33, "id_1": 41, "id_2": 4110706, "continente_id": 8, "vegetacao": null, "grade_wrs": "221_078", "frp": 19.6}, "bbox": [-50.72681, -25.36712, -50.72681, -25.36712]}, {"type": "Feature", "id": "focos_48h_br_todosats.fid--145fdae9_19db31250eb_45ac", "geometry": {"type": "Point", "coordinates": [-51.67234, -20.77944]}, "geometry_name": "geometria", "properties": {"id_foco_bdq": 1814988753, "foco_id": "6b901252-559b-375c-af76-9c399329344a", "longitude": -51.67234, "latitude": -20.77944, "data_hora_gmt": "2026-04-21T17:58:00Z", "data_pas": "2026-04-21", "satelite": "NOAA-20", "municipio": "TRÊS LAGOAS", "estado": "MATO GROSSO DO SUL", "pais": "Brasil", "precipitacao": null, "numero_dias_sem_chuva": null, "risco_fogo": null, "bioma": "Mata Atlântica", "id_0": 33, "id_1": 50, "id_2": 5008305, "continente_id": 8, "vegetacao": null, "grade_wrs": "223_074", "frp": 4.4}, "bbox": [-51.67234, -20.77944, -51.67234, -20.77944]}, {"type": "Feature", "id": "focos_48h_br_todosats.fid--145fdae9_19db31250eb_45ad", "geometry": {"type": "Point", "coordinates": [-49.62595, -24.95907]}, "geometry_name": "geometria", "properties": {"id_foco_bdq": 1814985721, "foco_id": "dd637cbe-8a81-3097-9efb-1f9b670e2288", "longitude": -49.62595, "latitude": -24.95907, "data_hora_gmt": "2026-04-21T17:58:00Z", "data_pas": "2026-04-21", "satelite": "NOAA-20", "municipio": "CASTRO", "estado": "PARANÁ", "pais": "Brasil", "precipitacao": null, "numero_dias_sem_chuva": null, "risco_fogo": null, "bioma": "Mata Atlântica", "id_0": 33, "id_1": 41, "id_2": 4104907, "continente_id": 8, "vegetacao": null, "grade_wrs": "221_077", "frp": 82}, "bbox": [-49.62595, -24.95907, -49.62595, -24.95907]}, {"type": "Feature", "id": "focos_48h_br_todosats.fid--145fdae9_19db31250eb_45af", "geometry": {"type": "Point", "coordinates": [-51.18866, -25.0552]}, "geometry_name": "geometria", "properties": {"id_foco_bdq": 1814985770, "foco_id": "663361a3-895e-3f68-afca-5358c6280132", "longitude": -51.18866, "latitude": -25.0552, "data_hora_gmt": "2026-04-21T17:58:00Z", "data_pas": "2026-04-21", "satelite": "NOAA-20", "municipio": "PRUDENTÓPOLIS", "estado": "PARANÁ", "pais": "Brasil", "precipitacao": null, "numero_dias_sem_chuva": null, "risco_fogo": null, "bioma": "Mata Atlântica", "id_0": 33, "id_1": 41, "id_2": 4120606, "continente_id": 8, "vegetacao": null, "grade_wrs": "222_077", "frp": 3.1}, "bbox": [-51.18866, -25.0552, -51.18866, -25.0552]}, {"type": "Feature", "id": "focos_48h_br_todosats.fid--145fdae9_19db31250eb_45b0", "geometry": {"type": "Point", "coordinates": [-49.40383, -25.21159]}, "geometry_name": "geometria", "properties": {"id_foco_bdq": 1814989800, "foco_id": "b19424d6-7f41-3998-b8fd-666cb7267823", "longitude": -49.40383, "latitude": -25.21159, "data_hora_gmt": "2026-04-21T17:58:00Z", "data_pas": "2026-04-21", "satelite": "NOAA-20", "municipio": "ITAPERUÇU", "estado": "PARANÁ", "pais": "Brasil", "precipitacao": null, "numero_dias_sem_chuva": null, "risco_fogo": null, "bioma": "Mata Atlântica", "id_0": 33, "id_1": 41, "id_2": 4111258, "continente_id": 8, "vegetacao": null, "grade_wrs": "221_077", "frp": 17.2}, "bbox": [-49.40383, -25.21159, -49.40383, -25.21159]}, {"type": "Feature", "id": "focos_48h_br_todosats.fid--145fdae9_19db31250eb_45b3", "geometry": {"type": "Point", "coordinates": [-49.6335, -24.95407]}, "geometry_name": "geometria", "properties": {"id_foco_bdq": 1814989394, "foco_id": "9d4ffca7-8c2f-3604-972a-a45ce389de74", "longitude": -49.6335, "latitude": -24.95407, "data_hora_gmt": "2026-04-21T17:58:00Z", "data_pas": "2026-04-21", "satelite": "NOAA-20", "municipio": "CASTRO", "estado": "PARANÁ", "pais": "Brasil", "precipitacao": null, "numero_dias_sem_chuva": null, "risco_fogo": null, "bioma": "Mata Atlântica", "id_0": 33, "id_1": 41, "id_2": 4104907, "continente_id": 8, "vegetacao": null, "grade_wrs": "221_077", "frp": 27.5}, "bbox": [-49.6335, -24.95407, -49.6335, -24.95407]}, {"type": "Feature", "id": "focos_48h_br_todosats.fid--145fdae9_19db31250eb_45b5", "geometry": {"type": "Point", "coordinates": [-51.66947, -21.25652]}, "geometry_name": "geometria", "properties": {"id_foco_bdq": 1814988233, "foco_id": "27a592a2-1212-3f52-baf3-c79157659043", "longitude": -51.66947, "latitude": -21.25652, "data_hora_gmt": "2026-04-21T17:58:00Z", "data_pas": "2026-04-21", "satelite": "NOAA-20", "municipio": "SÃO JOÃO DO PAU D'ALHO", "estado": "SÃO PAULO", "pais": "Brasil", "precipitacao": null, "numero_dias_sem_chuva": null, "risco_fogo": null, "bioma": "Mata Atlântica", "id_0": 33, "id_1": 35, "id_2": 3549300, "continente_id": 8, "vegetacao": null, "grade_wrs": "223_075", "frp": 6}, "bbox": [-51.66947, -21.25652, -51.66947, -21.25652]}, {"type": "Feature", "id": "focos_48h_br_todosats.fid--145fdae9_19db31250eb_45b7", "geometry": {"type": "Point", "coordinates": [-51.67106, -21.25437]}, "geometry_name": "geometria", "properties": {"id_foco_bdq": 1814989387, "foco_id": "b2b93194-9b99-3bde-aa18-f3de19c80cac", "longitude": -51.67106, "latitude": -21.25437, "data_hora_gmt": "2026-04-21T17:58:00Z", "data_pas": "2026-04-21", "satelite": "NOAA-20", "municipio": "SÃO JOÃO DO PAU D'ALHO", "estado": "SÃO PAULO", "pais": "Brasil", "precipitacao": null, "numero_dias_sem_chuva": null, "risco_fogo": null, "bioma": "Mata Atlântica", "id_0": 33, "id_1": 35, "id_2": 3549300, "continente_id": 8, "vegetacao": null, "grade_wrs": "223_075", "frp": 5.3}, "bbox": [-51.67106, -21.25437, -51.67106, -21.25437]}, {"type": "Feature", "id": "focos_48h_br_todosats.fid--145fdae9_19db31250eb_45b8", "geometry": {"type": "Point", "coordinates": [-50.73183, -25.36836]}, "geometry_name": "geometria", "properties": {"id_foco_bdq": 1814988012, "foco_id": "f84cfc0d-2344-3387-a518-d8a8d4d127f1", "longitude": -50.73183, "latitude": -25.36836, "data_hora_gmt": "2026-04-21T17:58:00Z", "data_pas": "2026-04-21", "satelite": "NOAA-20", "municipio": "IRATI", "estado": "PARANÁ", "pais": "Brasil", "precipitacao": null, "numero_dias_sem_chuva": null, "risco_fogo": null, "bioma": "Mata Atlântica", "id_0": 33, "id_1": 41, "id_2": 4110706, "continente_id": 8, "vegetacao": null, "grade_wrs": "221_078", "frp": 20.6}, "bbox": [-50.73183, -25.36836, -50.73183, -25.36836]}, {"type": "Feature", "id": "focos_48h_br_todosats.fid--145fdae9_19db31250eb_45ba", "geometry": {"type": "Point", "coordinates": [-49.38578, -25.10892]}, "geometry_name": "geometria", "properties": {"id_foco_bdq": 1814986135, "foco_id": "ed95835d-ba15-3a6c-97cf-a68726d069b7", "longitude": -49.38578, "latitude": -25.10892, "data_hora_gmt": "2026-04-21T17:58:00Z", "data_pas": "2026-04-21", "satelite": "NOAA-20", "municipio": "RIO BRANCO DO SUL", "estado": "PARANÁ", "pais": "Brasil", "precipitacao": null, "numero_dias_sem_chuva": null, "risco_fogo": null, "bioma": "Mata Atlântica", "id_0": 33, "id_1": 41, "id_2": 4122206, "continente_id": 8, "vegetacao": null, "grade_wrs": "221_077", "frp": 3.7}, "bbox": [-49.38578, -25.10892, -49.38578, -25.10892]}, {"type": "Feature", "id": "focos_48h_br_todosats.fid--145fdae9_19db31250eb_45bc", "geometry": {"type": "Point", "coordinates": [-53.35495, -19.39561]}, "geometry_name": "geometria", "properties": {"id_foco_bdq": 1814986279, "foco_id": "dadbf375-f7d3-3a45-a308-9706d4ff03f0", "longitude": -53.35495, "latitude": -19.39561, "data_hora_gmt": "2026-04-21T17:58:00Z", "data_pas": "2026-04-21", "satelite": "NOAA-20", "municipio": "PARAÍSO DAS ÁGUAS", "estado": "MATO GROSSO DO SUL", "pais": "Brasil", "precipitacao": null, "numero_dias_sem_chuva": null, "risco_fogo": null, "bioma": "Cerrado", "id_0": 33, "id_1": 50, "id_2": 5006275, "continente_id": 8, "vegetacao": null, "grade_wrs": "224_073", "frp": 8.3}, "bbox": [-53.35495, -19.39561, -53.35495, -19.39561]}, {"type": "Feature", "id": "focos_48h_br_todosats.fid--145fdae9_19db31250eb_45be", "geometry": {"type": "Point", "coordinates": [-51.4584, -25.8628]}, "geometry_name": "geometria", "properties": {"id_foco_bdq": 1814986394, "foco_id": "2dd94ab9-22f9-3fdc-bf61-eb06aa64c8a1", "longitude": -51.4584, "latitude": -25.8628, "data_hora_gmt": "2026-04-21T17:58:00Z", "data_pas": "2026-04-21", "satelite": "NOAA-20", "municipio": "PINHÃO", "estado": "PARANÁ", "pais": "Brasil", "precipitacao": null, "numero_dias_sem_chuva": null, "risco_fogo": null, "bioma": "Mata Atlântica", "id_0": 33, "id_1": 41, "id_2": 4119301, "continente_id": 8, "vegetacao": null, "grade_wrs": "222_078", "frp": 3.2}, "bbox": [-51.4584, -25.8628, -51.4584, -25.8628]}, {"type": "Feature", "id": "focos_48h_br_todosats.fid--145fdae9_19db31250eb_45bf", "geometry": {"type": "Point", "coordinates": [-49.9935, -25.14935]}, "geometry_name": "geometria", "properties": {"id_foco_bdq": 1814987798, "foco_id": "d11d3c52-7c9a-33ce-8224-b553af9a97b0", "longitude": -49.9935, "latitude": -25.14935, "data_hora_gmt": "2026-04-21T17:58:00Z", "data_pas": "2026-04-21", "satelite": "NOAA-20", "municipio": "PONTA GROSSA", "estado": "PARANÁ", "pais": "Brasil", "precipitacao": null, "numero_dias_sem_chuva": null, "risco_fogo": null, "bioma": "Mata Atlântica", "id_0": 33, "id_1": 41, "id_2": 4119905, "continente_id": 8, "vegetacao": null, "grade_wrs": "221_077", "frp": 5.6}, "bbox": [-49.9935, -25.14935, -49.9935, -25.14935]}, {"type": "Feature", "id": "focos_48h_br_todosats.fid--145fdae9_19db31250eb_45c1", "geometry": {"type": "Point", "coordinates": [-55.15438, -18.65549]}, "geometry_name": "geometria", "properties": {"id_foco_bdq": 1814986965, "foco_id": "ed30f962-cf79-3ca1-8316-06cc793c2843", "longitude": -55.15438, "latitude": -18.65549, "data_hora_gmt": "2026-04-21T18:00:00Z", "data_pas": "2026-04-21", "satelite": "NOAA-20", "municipio": "RIO VERDE DE MATO GROSSO", "estado": "MATO GROSSO DO SUL", "pais": "Brasil", "precipitacao": null, "numero_dias_sem_chuva": null, "risco_fogo": null, "bioma": "Pantanal", "id_0": 33, "id_1": 50, "id_2": 5007406, "continente_id": 8, "vegetacao": null, "grade_wrs": "225_073", "frp": 5.8}, "bbox": [-55.15438, -18.65549, -55.15438, -18.65549]}, {"type": "Feature", "id": "focos_48h_br_todosats.fid--145fdae9_19db31250eb_45c4", "geometry": {"type": "Point", "coordinates": [-52.66664, -17.81889]}, "geometry_name": "geometria", "properties": {"id_foco_bdq": 1814986172, "foco_id": "d6e8c643-e494-3965-827e-c42627c0fba8", "longitude": -52.66664, "latitude": -17.81889, "data_hora_gmt": "2026-04-21T18:00:00Z", "data_pas": "2026-04-21", "satelite": "NOAA-20", "municipio": "MINEIROS", "estado": "GOIÁS", "pais": "Brasil", "precipitacao": null, "numero_dias_sem_chuva": null, "risco_fogo": null, "bioma": "Cerrado", "id_0": 33, "id_1": 52, "id_2": 5213103, "continente_id": 8, "vegetacao": null, "grade_wrs": "224_072", "frp": 4.4}, "bbox": [-52.66664, -17.81889, -52.66664, -17.81889]}, {"type": "Feature", "id": "focos_48h_br_todosats.fid--145fdae9_19db31250eb_45c5", "geometry": {"type": "Point", "coordinates": [-54.92146, -16.42957]}, "geometry_name": "geometria", "properties": {"id_foco_bdq": 1814986022, "foco_id": "fa6b4308-6534-398b-a761-49431a231a47", "longitude": -54.92146, "latitude": -16.42957, "data_hora_gmt": "2026-04-21T18:00:00Z", "data_pas": "2026-04-21", "satelite": "NOAA-20", "municipio": "RONDONÓPOLIS", "estado": "MATO GROSSO", "pais": "Brasil", "precipitacao": null, "numero_dias_sem_chuva": null, "risco_fogo": null, "bioma": "Cerrado", "id_0": 33, "id_1": 51, "id_2": 5107602, "continente_id": 8, "vegetacao": null, "grade_wrs": "225_071", "frp": 13.6}, "bbox": [-54.92146, -16.42957, -54.92146, -16.42957]}, {"type": "Feature", "id": "focos_48h_br_todosats.fid--145fdae9_19db31250eb_45c7", "geometry": {"type": "Point", "coordinates": [-54.9225, -16.42383]}, "geometry_name": "geometria", "properties": {"id_foco_bdq": 1814989162, "foco_id": "c3c8b6cb-825d-32e6-aa98-ecb63a37d1b5", "longitude": -54.9225, "latitude": -16.42383, "data_hora_gmt": "2026-04-21T18:00:00Z", "data_pas": "2026-04-21", "satelite": "NOAA-20", "municipio": "RONDONÓPOLIS", "estado": "MATO GROSSO", "pais": "Brasil", "precipitacao": null, "numero_dias_sem_chuva": null, "risco_fogo": null, "bioma": "Cerrado", "id_0": 33, "id_1": 51, "id_2": 5107602, "continente_id": 8, "vegetacao": null, "grade_wrs": "225_071", "frp": 6.6}, "bbox": [-54.9225, -16.42383, -54.9225, -16.42383]}, {"type": "Feature", "id": "focos_48h_br_todosats.fid--145fdae9_19db31250eb_45ca", "geometry": {"type": "Point", "coordinates": [-56.79503, -14.03122]}, "geometry_name": "geometria", "properties": {"id_foco_bdq": 1814989159, "foco_id": "1d96e06d-f02a-3068-89fd-667b9446d43b", "longitude": -56.79503, "latitude": -14.03122, "data_hora_gmt": "2026-04-21T18:00:00Z", "data_pas": "2026-04-21", "satelite": "NOAA-20", "municipio": "DIAMANTINO", "estado": "MATO GROSSO", "pais": "Brasil", "precipitacao": null, "numero_dias_sem_chuva": null, "risco_fogo": null, "bioma": "Cerrado", "id_0": 33, "id_1": 51, "id_2": 5103502, "continente_id": 8, "vegetacao": null, "grade_wrs": "227_070", "frp": 12.3}, "bbox": [-56.79503, -14.03122, -56.79503, -14.03122]}, {"type": "Feature", "id": "focos_48h_br_todosats.fid--145fdae9_19db31250eb_45cb", "geometry": {"type": "Point", "coordinates": [-56.79158, -14.03053]}, "geometry_name": "geometria", "properties": {"id_foco_bdq": 1814986112, "foco_id": "fd1b0146-94fb-31bc-b6a2-da4d63910b1f", "longitude": -56.79158, "latitude": -14.03053, "data_hora_gmt": "2026-04-21T18:00:00Z", "data_pas": "2026-04-21", "satelite": "NOAA-20", "municipio": "DIAMANTINO", "estado": "MATO GROSSO", "pais": "Brasil", "precipitacao": null, "numero_dias_sem_chuva": null, "risco_fogo": null, "bioma": "Cerrado", "id_0": 33, "id_1": 51, "id_2": 5103502, "continente_id": 8, "vegetacao": null, "grade_wrs": "227_070", "frp": 10.3}, "bbox": [-56.79158, -14.03053, -56.79158, -14.03053]}, {"type": "Feature", "id": "focos_48h_br_todosats.fid--145fdae9_19db31250eb_45cd", "geometry": {"type": "Point", "coordinates": [-56.65596, -13.99233]}, "geometry_name": "geometria", "properties": {"id_foco_bdq": 1814988210, "foco_id": "afaf1302-771b-3d74-b627-09a569a133d8", "longitude": -56.65596, "latitude": -13.99233, "data_hora_gmt": "2026-04-21T18:00:00Z", "data_pas": "2026-04-21", "satelite": "NOAA-20", "municipio": "DIAMANTINO", "estado": "MATO GROSSO", "pais": "Brasil", "precipitacao": null, "numero_dias_sem_chuva": null, "risco_fogo": null, "bioma": "Cerrado", "id_0": 33, "id_1": 51, "id_2": 5103502, "continente_id": 8, "vegetacao": null, "grade_wrs": "227_070", "frp": 4.2}, "bbox": [-56.65596, -13.99233, -56.65596, -13.99233]}, {"type": "Feature", "id": "focos_48h_br_todosats.fid--145fdae9_19db31250eb_45cf", "geometry": {"type": "Point", "coordinates": [-54.54812, -18.41907]}, "geometry_name": "geometria", "properties": {"id_foco_bdq": 1814988816, "foco_id": "fb86afd5-dd53-3ef7-a81b-22e3385cfecc", "longitude": -54.54812, "latitude": -18.41907, "data_hora_gmt": "2026-04-21T18:00:00Z", "data_pas": "2026-04-21", "satelite": "NOAA-20", "municipio": "COXIM", "estado": "MATO GROSSO DO SUL", "pais": "Brasil", "precipitacao": null, "numero_dias_sem_chuva": null, "risco_fogo": null, "bioma": "Cerrado", "id_0": 33, "id_1": 50, "id_2": 5003306, "continente_id": 8, "vegetacao": null, "grade_wrs": "225_073", "frp": 2.9}, "bbox": [-54.54812, -18.41907, -54.54812, -18.41907]}, {"type": "Feature", "id": "focos_48h_br_todosats.fid--145fdae9_19db31250eb_45d1", "geometry": {"type": "Point", "coordinates": [-56.65253, -13.99164]}, "geometry_name": "geometria", "properties": {"id_foco_bdq": 1814986314, "foco_id": "fececadf-c791-3710-a8ac-dd68339f195c", "longitude": -56.65253, "latitude": -13.99164, "data_hora_gmt": "2026-04-21T18:00:00Z", "data_pas": "2026-04-21", "satelite": "NOAA-20", "municipio": "DIAMANTINO", "estado": "MATO GROSSO", "pais": "Brasil", "precipitacao": null, "numero_dias_sem_chuva": null, "risco_fogo": null, "bioma": "Cerrado", "id_0": 33, "id_1": 51, "id_2": 5103502, "continente_id": 8, "vegetacao": null, "grade_wrs": "227_070", "frp": 4.2}, "bbox": [-56.65253, -13.99164, -56.65253, -13.99164]}, {"type": "Feature", "id": "focos_48h_br_todosats.fid--145fdae9_19db31250eb_45d3", "geometry": {"type": "Point", "coordinates": [-63.59254, -8.80009]}, "geometry_name": "geometria", "properties": {"id_foco_bdq": 1814988167, "foco_id": "52986ada-ddc3-3202-a92a-80536938e04e", "longitude": -63.59254, "latitude": -8.80009, "data_hora_gmt": "2026-04-21T18:02:00Z", "data_pas": "2026-04-21", "satelite": "NOAA-20", "municipio": "CANDEIAS DO JAMARI", "estado": "RONDÔNIA", "pais": "Brasil", "precipitacao": null, "numero_dias_sem_chuva": null, "risco_fogo": null, "bioma": "Amazônia", "id_0": 33, "id_1": 11, "id_2": 1100809, "continente_id": 8, "vegetacao": null, "grade_wrs": "232_066", "frp": 3}, "bbox": [-63.59254, -8.80009, -63.59254, -8.80009]}, {"type": "Feature", "id": "focos_48h_br_todosats.fid--145fdae9_19db31250eb_45d5", "geometry": {"type": "Point", "coordinates": [-57.18061, -12.30316]}, "geometry_name": "geometria", "properties": {"id_foco_bdq": 1814988918, "foco_id": "e13d6665-5e1f-3b55-80c1-92063fa8232e", "longitude": -57.18061, "latitude": -12.30316, "data_hora_gmt": "2026-04-21T18:02:00Z", "data_pas": "2026-04-21", "satelite": "NOAA-20", "municipio": "NOVA MARINGÁ", "estado": "MATO GROSSO", "pais": "Brasil", "precipitacao": null, "numero_dias_sem_chuva": null, "risco_fogo": null, "bioma": "Amazônia", "id_0": 33, "id_1": 51, "id_2": 5108907, "continente_id": 8, "vegetacao": null, "grade_wrs": "227_069", "frp": 14.7}, "bbox": [-57.18061, -12.30316, -57.18061, -12.30316]}, {"type": "Feature", "id": "focos_48h_br_todosats.fid--145fdae9_19db31250eb_45d7", "geometry": {"type": "Point", "coordinates": [-57.18413, -12.30383]}, "geometry_name": "geometria", "properties": {"id_foco_bdq": 1814989342, "foco_id": "4d63c25b-7429-3132-9cd1-496a3d97dab4", "longitude": -57.18413, "latitude": -12.30383, "data_hora_gmt": "2026-04-21T18:02:00Z", "data_pas": "2026-04-21", "satelite": "NOAA-20", "municipio": "NOVA MARINGÁ", "estado": "MATO GROSSO", "pais": "Brasil", "precipitacao": null, "numero_dias_sem_chuva": null, "risco_fogo": null, "bioma": "Amazônia", "id_0": 33, "id_1": 51, "id_2": 5108907, "continente_id": 8, "vegetacao": null, "grade_wrs": "227_069", "frp": 14.7}, "bbox": [-57.18413, -12.30383, -57.18413, -12.30383]}, {"type": "Feature", "id": "focos_48h_br_todosats.fid--145fdae9_19db31250eb_45d9", "geometry": {"type": "Point", "coordinates": [-60.43495, 1.09042]}, "geometry_name": "geometria", "properties": {"id_foco_bdq": 1814989379, "foco_id": "f7a19c36-c272-38d7-8799-8656be1a7804", "longitude": -60.43495, "latitude": 1.09042, "data_hora_gmt": "2026-04-21T18:04:00Z", "data_pas": "2026-04-21", "satelite": "NOAA-20", "municipio": "RORAINÓPOLIS", "estado": "RORAIMA", "pais": "Brasil", "precipitacao": null, "numero_dias_sem_chuva": null, "risco_fogo": null, "bioma": "Amazônia", "id_0": 33, "id_1": 14, "id_2": 1400472, "continente_id": 8, "vegetacao": null, "grade_wrs": "231_059", "frp": 4.5}, "bbox": [-60.43495, 1.09042, -60.43495, 1.09042]}, {"type": "Feature", "id": "focos_48h_br_todosats.fid--145fdae9_19db31250eb_45db", "geometry": {"type": "Point", "coordinates": [-60.46559, 0.88781]}, "geometry_name": "geometria", "properties": {"id_foco_bdq": 1814986779, "foco_id": "f49a6393-b7a2-3398-8077-9ac9dea49ca6", "longitude": -60.46559, "latitude": 0.88781, "data_hora_gmt": "2026-04-21T18:04:00Z", "data_pas": "2026-04-21", "satelite": "NOAA-20", "municipio": "RORAINÓPOLIS", "estado": "RORAIMA", "pais": "Brasil", "precipitacao": null, "numero_dias_sem_chuva": null, "risco_fogo": null, "bioma": "Amazônia", "id_0": 33, "id_1": 14, "id_2": 1400472, "continente_id": 8, "vegetacao": null, "grade_wrs": "231_059", "frp": 7.5}, "bbox": [-60.46559, 0.88781, -60.46559, 0.88781]}, {"type": "Feature", "id": "focos_48h_br_todosats.fid--145fdae9_19db31250eb_45dc", "geometry": {"type": "Point", "coordinates": [-60.43467, 1.09326]}, "geometry_name": "geometria", "properties": {"id_foco_bdq": 1814986340, "foco_id": "e3c58ac4-ef28-34e6-8ace-f5a04d13fe7d", "longitude": -60.43467, "latitude": 1.09326, "data_hora_gmt": "2026-04-21T18:04:00Z", "data_pas": "2026-04-21", "satelite": "NOAA-20", "municipio": "RORAINÓPOLIS", "estado": "RORAIMA", "pais": "Brasil", "precipitacao": null, "numero_dias_sem_chuva": null, "risco_fogo": null, "bioma": "Amazônia", "id_0": 33, "id_1": 14, "id_2": 1400472, "continente_id": 8, "vegetacao": null, "grade_wrs": "231_059", "frp": 4.9}, "bbox": [-60.43467, 1.09326, -60.43467, 1.09326]}, {"type": "Feature", "id": "focos_48h_br_todosats.fid--145fdae9_19db31250eb_45df", "geometry": {"type": "Point", "coordinates": [-60.49853, 1.16872]}, "geometry_name": "geometria", "properties": {"id_foco_bdq": 1814986631, "foco_id": "6f058615-1ba8-36ae-868b-5d69bc8ae22a", "longitude": -60.49853, "latitude": 1.16872, "data_hora_gmt": "2026-04-21T18:04:00Z", "data_pas": "2026-04-21", "satelite": "NOAA-20", "municipio": "CARACARAÍ", "estado": "RORAIMA", "pais": "Brasil", "precipitacao": null, "numero_dias_sem_chuva": null, "risco_fogo": null, "bioma": "Amazônia", "id_0": 33, "id_1": 14, "id_2": 1400209, "continente_id": 8, "vegetacao": null, "grade_wrs": "232_059", "frp": 3}, "bbox": [-60.49853, 1.16872, -60.49853, 1.16872]}, {"type": "Feature", "id": "focos_48h_br_todosats.fid--145fdae9_19db31250eb_45e2", "geometry": {"type": "Point", "coordinates": [-63.30355, -3.93533]}, "geometry_name": "geometria", "properties": {"id_foco_bdq": 1814988104, "foco_id": "f2d1ffb5-cf8d-36ce-be56-c6f82c2713ad", "longitude": -63.30355, "latitude": -3.93533, "data_hora_gmt": "2026-04-21T18:04:00Z", "data_pas": "2026-04-21", "satelite": "NOAA-20", "municipio": "COARI", "estado": "AMAZONAS", "pais": "Brasil", "precipitacao": null, "numero_dias_sem_chuva": null, "risco_fogo": null, "bioma": "Amazônia", "id_0": 33, "id_1": 13, "id_2": 1301209, "continente_id": 8, "vegetacao": null, "grade_wrs": "233_063", "frp": 9.8}, "bbox": [-63.30355, -3.93533, -63.30355, -3.93533]}, {"type": "Feature", "id": "focos_48h_br_todosats.fid--145fdae9_19db31250eb_45e3", "geometry": {"type": "Point", "coordinates": [-61.03468, 2.70089]}, "geometry_name": "geometria", "properties": {"id_foco_bdq": 1814987809, "foco_id": "e9decd14-f723-37f0-a74b-7b5cb12640a0", "longitude": -61.03468, "latitude": 2.70089, "data_hora_gmt": "2026-04-21T18:06:00Z", "data_pas": "2026-04-21", "satelite": "NOAA-20", "municipio": "ALTO ALEGRE", "estado": "RORAIMA", "pais": "Brasil", "precipitacao": null, "numero_dias_sem_chuva": null, "risco_fogo": null, "bioma": "Amazônia", "id_0": 33, "id_1": 14, "id_2": 1400050, "continente_id": 8, "vegetacao": null, "grade_wrs": "232_058", "frp": 3.2}, "bbox": [-61.03468, 2.70089, -61.03468, 2.70089]}, {"type": "Feature", "id": "focos_48h_br_todosats.fid--145fdae9_19db31250eb_45e5", "geometry": {"type": "Point", "coordinates": [-60.8653, 2.73305]}, "geometry_name": "geometria", "properties": {"id_foco_bdq": 1814986189, "foco_id": "5917dcad-5e34-3f6f-9dce-0a126598d4e8", "longitude": -60.8653, "latitude": 2.73305, "data_hora_gmt": "2026-04-21T18:06:00Z", "data_pas": "2026-04-21", "satelite": "NOAA-20", "municipio": "BOA VISTA", "estado": "RORAIMA", "pais": "Brasil", "precipitacao": null, "numero_dias_sem_chuva": null, "risco_fogo": null, "bioma": "Amazônia", "id_0": 33, "id_1": 14, "id_2": 1400100, "continente_id": 8, "vegetacao": null, "grade_wrs": "232_058", "frp": 2.6}, "bbox": [-60.8653, 2.73305, -60.8653, 2.73305]}, {"type": "Feature", "id": "focos_48h_br_todosats.fid--145fdae9_19db31250eb_45e7", "geometry": {"type": "Point", "coordinates": [-60.86559, 2.73069]}, "geometry_name": "geometria", "properties": {"id_foco_bdq": 1814987761, "foco_id": "f5e57691-2591-3ae3-8bc5-7615e674957d", "longitude": -60.86559, "latitude": 2.73069, "data_hora_gmt": "2026-04-21T18:06:00Z", "data_pas": "2026-04-21", "satelite": "NOAA-20", "municipio": "BOA VISTA", "estado": "RORAIMA", "pais": "Brasil", "precipitacao": null, "numero_dias_sem_chuva": null, "risco_fogo": null, "bioma": "Amazônia", "id_0": 33, "id_1": 14, "id_2": 1400100, "continente_id": 8, "vegetacao": null, "grade_wrs": "232_058", "frp": 3.2}, "bbox": [-60.86559, 2.73069, -60.86559, 2.73069]}, {"type": "Feature", "id": "focos_48h_br_todosats.fid--145fdae9_19db31250eb_45e8", "geometry": {"type": "Point", "coordinates": [-61.03408, 2.70195]}, "geometry_name": "geometria", "properties": {"id_foco_bdq": 1814988644, "foco_id": "6f274350-4df0-3cff-b47a-c88ec1b20630", "longitude": -61.03408, "latitude": 2.70195, "data_hora_gmt": "2026-04-21T18:06:00Z", "data_pas": "2026-04-21", "satelite": "NOAA-20", "municipio": "ALTO ALEGRE", "estado": "RORAIMA", "pais": "Brasil", "precipitacao": null, "numero_dias_sem_chuva": null, "risco_fogo": null, "bioma": "Amazônia", "id_0": 33, "id_1": 14, "id_2": 1400050, "continente_id": 8, "vegetacao": null, "grade_wrs": "232_058", "frp": 5}, "bbox": [-61.03408, 2.70195, -61.03408, 2.70195]}, {"type": "Feature", "id": "focos_48h_br_todosats.fid--145fdae9_19db31250eb_45ea", "geometry": {"type": "Point", "coordinates": [-60.19511, 2.25383]}, "geometry_name": "geometria", "properties": {"id_foco_bdq": 1814989324, "foco_id": "622a7cc1-e0cf-32f5-88b6-1f54bc69d1b2", "longitude": -60.19511, "latitude": 2.25383, "data_hora_gmt": "2026-04-21T18:06:00Z", "data_pas": "2026-04-21", "satelite": "NOAA-20", "municipio": "BONFIM", "estado": "RORAIMA", "pais": "Brasil", "precipitacao": null, "numero_dias_sem_chuva": null, "risco_fogo": null, "bioma": "Amazônia", "id_0": 33, "id_1": 14, "id_2": 1400159, "continente_id": 8, "vegetacao": null, "grade_wrs": "231_059", "frp": 7.6}, "bbox": [-60.19511, 2.25383, -60.19511, 2.25383]}, {"type": "Feature", "id": "focos_48h_br_todosats.fid--145fdae9_19db31250eb_45ec", "geometry": {"type": "Point", "coordinates": [-60.88981, 1.47843]}, "geometry_name": "geometria", "properties": {"id_foco_bdq": 1814986428, "foco_id": "bd44822a-54b9-32e9-a40e-52cb3eb176b2", "longitude": -60.88981, "latitude": 1.47843, "data_hora_gmt": "2026-04-21T18:06:00Z", "data_pas": "2026-04-21", "satelite": "NOAA-20", "municipio": "CARACARAÍ", "estado": "RORAIMA", "pais": "Brasil", "precipitacao": null, "numero_dias_sem_chuva": null, "risco_fogo": null, "bioma": "Amazônia", "id_0": 33, "id_1": 14, "id_2": 1400209, "continente_id": 8, "vegetacao": null, "grade_wrs": "232_059", "frp": 16.7}, "bbox": [-60.88981, 1.47843, -60.88981, 1.47843]}, {"type": "Feature", "id": "focos_48h_br_todosats.fid--145fdae9_19db31250eb_45ed", "geometry": {"type": "Point", "coordinates": [-60.54411, 4.34815]}, "geometry_name": "geometria", "properties": {"id_foco_bdq": 1814985923, "foco_id": "a4542da6-49c2-3f12-905e-f35634e283db", "longitude": -60.54411, "latitude": 4.34815, "data_hora_gmt": "2026-04-21T18:06:00Z", "data_pas": "2026-04-21", "satelite": "NOAA-20", "municipio": "UIRAMUTÃ", "estado": "RORAIMA", "pais": "Brasil", "precipitacao": null, "numero_dias_sem_chuva": null, "risco_fogo": null, "bioma": "Amazônia", "id_0": 33, "id_1": 14, "id_2": 1400704, "continente_id": 8, "vegetacao": null, "grade_wrs": "232_057", "frp": 5}, "bbox": [-60.54411, 4.34815, -60.54411, 4.34815]}, {"type": "Feature", "id": "focos_48h_br_todosats.fid--145fdae9_19db31250eb_45ef", "geometry": {"type": "Point", "coordinates": [-45.2132, -12.031]}, "geometry_name": "geometria", "properties": {"id_foco_bdq": 1814979749, "foco_id": "0e736404-49d2-3687-8548-912ea1a8d811", "longitude": -45.2132, "latitude": -12.031, "data_hora_gmt": "2026-04-21T18:10:00Z", "data_pas": "2026-04-21", "satelite": "GOES-19", "municipio": "BARREIRAS", "estado": "BAHIA", "pais": "Brasil", "precipitacao": null, "numero_dias_sem_chuva": null, "risco_fogo": null, "bioma": "Cerrado", "id_0": 33, "id_1": 29, "id_2": 2903201, "continente_id": 8, "vegetacao": null, "grade_wrs": "220_068", "frp": 109}, "bbox": [-45.2132, -12.031, -45.2132, -12.031]}, {"type": "Feature", "id": "focos_48h_br_todosats.fid--145fdae9_19db31250eb_45f0", "geometry": {"type": "Point", "coordinates": [-45.3243, -13.3761]}, "geometry_name": "geometria", "properties": {"id_foco_bdq": 1814980130, "foco_id": "fe45c3fb-780d-34dc-ba2d-8fadd45bce44", "longitude": -45.3243, "latitude": -13.3761, "data_hora_gmt": "2026-04-21T18:30:00Z", "data_pas": "2026-04-21", "satelite": "GOES-19", "municipio": "CORRENTINA", "estado": "BAHIA", "pais": "Brasil", "precipitacao": null, "numero_dias_sem_chuva": null, "risco_fogo": null, "bioma": "Cerrado", "id_0": 33, "id_1": 29, "id_2": 2909307, "continente_id": 8, "vegetacao": null, "grade_wrs": "220_069", "frp": 178.8}, "bbox": [-45.3243, -13.3761, -45.3243, -13.3761]}, {"type": "Feature", "id": "focos_48h_br_todosats.fid--145fdae9_19db31250eb_45f2", "geometry": {"type": "Point", "coordinates": [-45.3243, -13.3761]}, "geometry_name": "geometria", "properties": {"id_foco_bdq": 1814980415, "foco_id": "9f32a480-c971-31f9-85ea-f823fb69324b", "longitude": -45.3243, "latitude": -13.3761, "data_hora_gmt": "2026-04-21T18:40:00Z", "data_pas": "2026-04-21", "satelite": "GOES-19", "municipio": "CORRENTINA", "estado": "BAHIA", "pais": "Brasil", "precipitacao": null, "numero_dias_sem_chuva": null, "risco_fogo": null, "bioma": "Cerrado", "id_0": 33, "id_1": 29, "id_2": 2909307, "continente_id": 8, "vegetacao": null, "grade_wrs": "220_069", "frp": 138.3}, "bbox": [-45.3243, -13.3761, -45.3243, -13.3761]}, {"type": "Feature", "id": "focos_48h_br_todosats.fid--145fdae9_19db31250eb_45f4", "geometry": {"type": "Point", "coordinates": [-45.2132, -12.031]}, "geometry_name": "geometria", "properties": {"id_foco_bdq": 1814980404, "foco_id": "b41f5709-3029-3d93-820d-c8294c5caf55", "longitude": -45.2132, "latitude": -12.031, "data_hora_gmt": "2026-04-21T18:40:00Z", "data_pas": "2026-04-21", "satelite": "GOES-19", "municipio": "BARREIRAS", "estado": "BAHIA", "pais": "Brasil", "precipitacao": null, "numero_dias_sem_chuva": null, "risco_fogo": null, "bioma": "Cerrado", "id_0": 33, "id_1": 29, "id_2": 2903201, "continente_id": 8, "vegetacao": null, "grade_wrs": "220_068", "frp": 109}, "bbox": [-45.2132, -12.031, -45.2132, -12.031]}, {"type": "Feature", "id": "focos_48h_br_todosats.fid--145fdae9_19db31250eb_45f7", "geometry": {"type": "Point", "coordinates": [-50.22405, -27.95009]}, "geometry_name": "geometria", "properties": {"id_foco_bdq": 1814986938, "foco_id": "3c56ad75-15be-3d98-9990-e6d1d9a0b89f", "longitude": -50.22405, "latitude": -27.95009, "data_hora_gmt": "2026-04-21T18:49:00Z", "data_pas": "2026-04-21", "satelite": "AQUA_M-T", "municipio": "LAGES", "estado": "SANTA CATARINA", "pais": "Brasil", "precipitacao": null, "numero_dias_sem_chuva": null, "risco_fogo": null, "bioma": "Mata Atlântica", "id_0": 33, "id_1": 42, "id_2": 4209300, "continente_id": 8, "vegetacao": null, "grade_wrs": "221_079", "frp": 8.1}, "bbox": [-50.22405, -27.95009, -50.22405, -27.95009]}, {"type": "Feature", "id": "focos_48h_br_todosats.fid--145fdae9_19db31250eb_45f9", "geometry": {"type": "Point", "coordinates": [-50.73856, -25.37283]}, "geometry_name": "geometria", "properties": {"id_foco_bdq": 1814985785, "foco_id": "73623ae0-34cf-37ac-b47b-99cfb5139820", "longitude": -50.73856, "latitude": -25.37283, "data_hora_gmt": "2026-04-21T18:49:00Z", "data_pas": "2026-04-21", "satelite": "AQUA_M-T", "municipio": "IRATI", "estado": "PARANÁ", "pais": "Brasil", "precipitacao": null, "numero_dias_sem_chuva": null, "risco_fogo": null, "bioma": "Mata Atlântica", "id_0": 33, "id_1": 41, "id_2": 4110706, "continente_id": 8, "vegetacao": null, "grade_wrs": "221_078", "frp": 80.6}, "bbox": [-50.73856, -25.37283, -50.73856, -25.37283]}, {"type": "Feature", "id": "focos_48h_br_todosats.fid--145fdae9_19db31250eb_45fb", "geometry": {"type": "Point", "coordinates": [-48.88018, -25.06259]}, "geometry_name": "geometria", "properties": {"id_foco_bdq": 1814985803, "foco_id": "16b9231e-e38f-351b-8010-15913a01da2e", "longitude": -48.88018, "latitude": -25.06259, "data_hora_gmt": "2026-04-21T18:49:00Z", "data_pas": "2026-04-21", "satelite": "AQUA_M-T", "municipio": "BOCAIÚVA DO SUL", "estado": "PARANÁ", "pais": "Brasil", "precipitacao": null, "numero_dias_sem_chuva": null, "risco_fogo": null, "bioma": "Mata Atlântica", "id_0": 33, "id_1": 41, "id_2": 4103107, "continente_id": 8, "vegetacao": null, "grade_wrs": "220_077", "frp": 5.5}, "bbox": [-48.88018, -25.06259, -48.88018, -25.06259]}, {"type": "Feature", "id": "focos_48h_br_todosats.fid--145fdae9_19db31250eb_45fc", "geometry": {"type": "Point", "coordinates": [-49.31373, -20.77128]}, "geometry_name": "geometria", "properties": {"id_foco_bdq": 1814985804, "foco_id": "4ff09293-268d-306f-9cec-651d401c2116", "longitude": -49.31373, "latitude": -20.77128, "data_hora_gmt": "2026-04-21T18:49:00Z", "data_pas": "2026-04-21", "satelite": "AQUA_M-T", "municipio": "SÃO JOSÉ DO RIO PRETO", "estado": "SÃO PAULO", "pais": "Brasil", "precipitacao": null, "numero_dias_sem_chuva": null, "risco_fogo": null, "bioma": "Mata Atlântica", "id_0": 33, "id_1": 35, "id_2": 3549805, "continente_id": 8, "vegetacao": null, "grade_wrs": "221_074", "frp": 7}, "bbox": [-49.31373, -20.77128, -49.31373, -20.77128]}, {"type": "Feature", "id": "focos_48h_br_todosats.fid--145fdae9_19db31250eb_45fe", "geometry": {"type": "Point", "coordinates": [-51.18482, -26.02001]}, "geometry_name": "geometria", "properties": {"id_foco_bdq": 1814986002, "foco_id": "a6406284-9c3f-3239-8770-b5f314187a5c", "longitude": -51.18482, "latitude": -26.02001, "data_hora_gmt": "2026-04-21T18:49:00Z", "data_pas": "2026-04-21", "satelite": "AQUA_M-T", "municipio": "CRUZ MACHADO", "estado": "PARANÁ", "pais": "Brasil", "precipitacao": null, "numero_dias_sem_chuva": null, "risco_fogo": null, "bioma": "Mata Atlântica", "id_0": 33, "id_1": 41, "id_2": 4106803, "continente_id": 8, "vegetacao": null, "grade_wrs": "222_078", "frp": 7}, "bbox": [-51.18482, -26.02001, -51.18482, -26.02001]}, {"type": "Feature", "id": "focos_48h_br_todosats.fid--145fdae9_19db31250eb_4600", "geometry": {"type": "Point", "coordinates": [-49.25547, -25.72523]}, "geometry_name": "geometria", "properties": {"id_foco_bdq": 1814986124, "foco_id": "bb8edbe8-b37e-3873-999a-f5e619abb73a", "longitude": -49.25547, "latitude": -25.72523, "data_hora_gmt": "2026-04-21T18:49:00Z", "data_pas": "2026-04-21", "satelite": "AQUA_M-T", "municipio": "FAZENDA RIO GRANDE", "estado": "PARANÁ", "pais": "Brasil", "precipitacao": null, "numero_dias_sem_chuva": null, "risco_fogo": null, "bioma": "Mata Atlântica", "id_0": 33, "id_1": 41, "id_2": 4107652, "continente_id": 8, "vegetacao": null, "grade_wrs": "220_078", "frp": 15.9}, "bbox": [-49.25547, -25.72523, -49.25547, -25.72523]}, {"type": "Feature", "id": "focos_48h_br_todosats.fid--145fdae9_19db31250eb_4602", "geometry": {"type": "Point", "coordinates": [-51.19283, -25.06394]}, "geometry_name": "geometria", "properties": {"id_foco_bdq": 1814986223, "foco_id": "e6b9cd0f-cbb1-3b8a-917a-4a03bd3e5de1", "longitude": -51.19283, "latitude": -25.06394, "data_hora_gmt": "2026-04-21T18:49:00Z", "data_pas": "2026-04-21", "satelite": "AQUA_M-T", "municipio": "PRUDENTÓPOLIS", "estado": "PARANÁ", "pais": "Brasil", "precipitacao": null, "numero_dias_sem_chuva": null, "risco_fogo": null, "bioma": "Mata Atlântica", "id_0": 33, "id_1": 41, "id_2": 4120606, "continente_id": 8, "vegetacao": null, "grade_wrs": "222_077", "frp": 22.7}, "bbox": [-51.19283, -25.06394, -51.19283, -25.06394]}, {"type": "Feature", "id": "focos_48h_br_todosats.fid--145fdae9_19db31250eb_4603", "geometry": {"type": "Point", "coordinates": [-47.66021, -23.40344]}, "geometry_name": "geometria", "properties": {"id_foco_bdq": 1814986253, "foco_id": "066c2c94-5231-3cf6-92da-5c086b2a2264", "longitude": -47.66021, "latitude": -23.40344, "data_hora_gmt": "2026-04-21T18:49:00Z", "data_pas": "2026-04-21", "satelite": "AQUA_M-T", "municipio": "IPERÓ", "estado": "SÃO PAULO", "pais": "Brasil", "precipitacao": null, "numero_dias_sem_chuva": null, "risco_fogo": null, "bioma": "Mata Atlântica", "id_0": 33, "id_1": 35, "id_2": 3521002, "continente_id": 8, "vegetacao": null, "grade_wrs": "220_076", "frp": 6.3}, "bbox": [-47.66021, -23.40344, -47.66021, -23.40344]}, {"type": "Feature", "id": "focos_48h_br_todosats.fid--145fdae9_19db31250eb_4604", "geometry": {"type": "Point", "coordinates": [-49.58567, -27.00386]}, "geometry_name": "geometria", "properties": {"id_foco_bdq": 1814986257, "foco_id": "bb6dd5b0-2c57-39b5-a898-0a9308b834d1", "longitude": -49.58567, "latitude": -27.00386, "data_hora_gmt": "2026-04-21T18:49:00Z", "data_pas": "2026-04-21", "satelite": "AQUA_M-T", "municipio": "IBIRAMA", "estado": "SANTA CATARINA", "pais": "Brasil", "precipitacao": null, "numero_dias_sem_chuva": null, "risco_fogo": null, "bioma": "Mata Atlântica", "id_0": 33, "id_1": 42, "id_2": 4206900, "continente_id": 8, "vegetacao": null, "grade_wrs": "220_079", "frp": 18.1}, "bbox": [-49.58567, -27.00386, -49.58567, -27.00386]}, {"type": "Feature", "id": "focos_48h_br_todosats.fid--145fdae9_19db31250eb_4606", "geometry": {"type": "Point", "coordinates": [-47.40126, -22.7993]}, "geometry_name": "geometria", "properties": {"id_foco_bdq": 1814986300, "foco_id": "c16c3b25-1f39-3178-aa92-6017e86eceef", "longitude": -47.40126, "latitude": -22.7993, "data_hora_gmt": "2026-04-21T18:49:00Z", "data_pas": "2026-04-21", "satelite": "AQUA_M-T", "municipio": "SANTA BÁRBARA D'OESTE", "estado": "SÃO PAULO", "pais": "Brasil", "precipitacao": null, "numero_dias_sem_chuva": null, "risco_fogo": null, "bioma": "Mata Atlântica", "id_0": 33, "id_1": 35, "id_2": 3545803, "continente_id": 8, "vegetacao": null, "grade_wrs": "220_076", "frp": 49.2}, "bbox": [-47.40126, -22.7993, -47.40126, -22.7993]}, {"type": "Feature", "id": "focos_48h_br_todosats.fid--145fdae9_19db31250eb_4609", "geometry": {"type": "Point", "coordinates": [-50.22406, -27.95009]}, "geometry_name": "geometria", "properties": {"id_foco_bdq": 1814986316, "foco_id": "7896cb02-5288-3b6a-8a17-4804e24a90ea", "longitude": -50.22406, "latitude": -27.95009, "data_hora_gmt": "2026-04-21T18:49:00Z", "data_pas": "2026-04-21", "satelite": "AQUA_M-T", "municipio": "LAGES", "estado": "SANTA CATARINA", "pais": "Brasil", "precipitacao": null, "numero_dias_sem_chuva": null, "risco_fogo": null, "bioma": "Mata Atlântica", "id_0": 33, "id_1": 42, "id_2": 4209300, "continente_id": 8, "vegetacao": null, "grade_wrs": "221_079", "frp": 8.1}, "bbox": [-50.22406, -27.95009, -50.22406, -27.95009]}, {"type": "Feature", "id": "focos_48h_br_todosats.fid--145fdae9_19db31250eb_460d", "geometry": {"type": "Point", "coordinates": [-49.03222, -28.13461]}, "geometry_name": "geometria", "properties": {"id_foco_bdq": 1814986441, "foco_id": "d41d06c5-11ec-3526-8f9b-7b418041dae0", "longitude": -49.03222, "latitude": -28.13461, "data_hora_gmt": "2026-04-21T18:49:00Z", "data_pas": "2026-04-21", "satelite": "AQUA_M-T", "municipio": "SÃO MARTINHO", "estado": "SANTA CATARINA", "pais": "Brasil", "precipitacao": null, "numero_dias_sem_chuva": null, "risco_fogo": null, "bioma": "Mata Atlântica", "id_0": 33, "id_1": 42, "id_2": 4217105, "continente_id": 8, "vegetacao": null, "grade_wrs": "220_079", "frp": 9.8}, "bbox": [-49.03222, -28.13461, -49.03222, -28.13461]}, {"type": "Feature", "id": "focos_48h_br_todosats.fid--145fdae9_19db31250eb_460f", "geometry": {"type": "Point", "coordinates": [-48.88989, -25.06398]}, "geometry_name": "geometria", "properties": {"id_foco_bdq": 1814986458, "foco_id": "e988df78-1c76-33f8-849a-f4b4d150fd62", "longitude": -48.88989, "latitude": -25.06398, "data_hora_gmt": "2026-04-21T18:49:00Z", "data_pas": "2026-04-21", "satelite": "AQUA_M-T", "municipio": "BOCAIÚVA DO SUL", "estado": "PARANÁ", "pais": "Brasil", "precipitacao": null, "numero_dias_sem_chuva": null, "risco_fogo": null, "bioma": "Mata Atlântica", "id_0": 33, "id_1": 41, "id_2": 4103107, "continente_id": 8, "vegetacao": null, "grade_wrs": "220_077", "frp": 7.5}, "bbox": [-48.88989, -25.06398, -48.88989, -25.06398]}, {"type": "Feature", "id": "focos_48h_br_todosats.fid--145fdae9_19db31250eb_4612", "geometry": {"type": "Point", "coordinates": [-49.32859, -24.99847]}, "geometry_name": "geometria", "properties": {"id_foco_bdq": 1814986511, "foco_id": "b209a265-7ffb-3375-ae32-d99b932dc796", "longitude": -49.32859, "latitude": -24.99847, "data_hora_gmt": "2026-04-21T18:49:00Z", "data_pas": "2026-04-21", "satelite": "AQUA_M-T", "municipio": "CERRO AZUL", "estado": "PARANÁ", "pais": "Brasil", "precipitacao": null, "numero_dias_sem_chuva": null, "risco_fogo": null, "bioma": "Mata Atlântica", "id_0": 33, "id_1": 41, "id_2": 4105201, "continente_id": 8, "vegetacao": null, "grade_wrs": "221_077", "frp": 14.7}, "bbox": [-49.32859, -24.99847, -49.32859, -24.99847]}, {"type": "Feature", "id": "focos_48h_br_todosats.fid--145fdae9_19db31250eb_4614", "geometry": {"type": "Point", "coordinates": [-49.41094, -25.21247]}, "geometry_name": "geometria", "properties": {"id_foco_bdq": 1814986518, "foco_id": "d31e048f-410d-3b3f-8701-640a8a88c060", "longitude": -49.41094, "latitude": -25.21247, "data_hora_gmt": "2026-04-21T18:49:00Z", "data_pas": "2026-04-21", "satelite": "AQUA_M-T", "municipio": "ITAPERUÇU", "estado": "PARANÁ", "pais": "Brasil", "precipitacao": null, "numero_dias_sem_chuva": null, "risco_fogo": null, "bioma": "Mata Atlântica", "id_0": 33, "id_1": 41, "id_2": 4111258, "continente_id": 8, "vegetacao": null, "grade_wrs": "221_077", "frp": 19.2}, "bbox": [-49.41094, -25.21247, -49.41094, -25.21247]}, {"type": "Feature", "id": "focos_48h_br_todosats.fid--145fdae9_19db31250eb_4615", "geometry": {"type": "Point", "coordinates": [-47.46249, -22.14346]}, "geometry_name": "geometria", "properties": {"id_foco_bdq": 1814986590, "foco_id": "91b34edb-eead-3ca2-b081-013389db8670", "longitude": -47.46249, "latitude": -22.14346, "data_hora_gmt": "2026-04-21T18:49:00Z", "data_pas": "2026-04-21", "satelite": "AQUA_M-T", "municipio": "SANTA CRUZ DA CONCEIÇÃO", "estado": "SÃO PAULO", "pais": "Brasil", "precipitacao": null, "numero_dias_sem_chuva": null, "risco_fogo": null, "bioma": "Cerrado", "id_0": 33, "id_1": 35, "id_2": 3546207, "continente_id": 8, "vegetacao": null, "grade_wrs": "220_075", "frp": 22.5}, "bbox": [-47.46249, -22.14346, -47.46249, -22.14346]}, {"type": "Feature", "id": "focos_48h_br_todosats.fid--145fdae9_19db31250eb_4617", "geometry": {"type": "Point", "coordinates": [-49.29793, -23.91521]}, "geometry_name": "geometria", "properties": {"id_foco_bdq": 1814986694, "foco_id": "c1ee3aea-9d17-3fdf-88ef-824aae82f79f", "longitude": -49.29793, "latitude": -23.91521, "data_hora_gmt": "2026-04-21T18:49:00Z", "data_pas": "2026-04-21", "satelite": "AQUA_M-T", "municipio": "ITARARÉ", "estado": "SÃO PAULO", "pais": "Brasil", "precipitacao": null, "numero_dias_sem_chuva": null, "risco_fogo": null, "bioma": "Cerrado", "id_0": 33, "id_1": 35, "id_2": 3523206, "continente_id": 8, "vegetacao": null, "grade_wrs": "221_077", "frp": 5.3}, "bbox": [-49.29793, -23.91521, -49.29793, -23.91521]}, {"type": "Feature", "id": "focos_48h_br_todosats.fid--145fdae9_19db31250eb_4618", "geometry": {"type": "Point", "coordinates": [-49.93655, -24.51175]}, "geometry_name": "geometria", "properties": {"id_foco_bdq": 1814986729, "foco_id": "9a3eef0a-3470-3324-a3aa-7a6691c02bb5", "longitude": -49.93655, "latitude": -24.51175, "data_hora_gmt": "2026-04-21T18:49:00Z", "data_pas": "2026-04-21", "satelite": "AQUA_M-T", "municipio": "PIRAÍ DO SUL", "estado": "PARANÁ", "pais": "Brasil", "precipitacao": null, "numero_dias_sem_chuva": null, "risco_fogo": null, "bioma": "Mata Atlântica", "id_0": 33, "id_1": 41, "id_2": 4119400, "continente_id": 8, "vegetacao": null, "grade_wrs": "221_077", "frp": 4.7}, "bbox": [-49.93655, -24.51175, -49.93655, -24.51175]}, {"type": "Feature", "id": "focos_48h_br_todosats.fid--145fdae9_19db31250eb_461a", "geometry": {"type": "Point", "coordinates": [-49.24551, -25.72384]}, "geometry_name": "geometria", "properties": {"id_foco_bdq": 1814986761, "foco_id": "afae0713-494a-3d69-9b36-80f4c1663ce8", "longitude": -49.24551, "latitude": -25.72384, "data_hora_gmt": "2026-04-21T18:49:00Z", "data_pas": "2026-04-21", "satelite": "AQUA_M-T", "municipio": "SÃO JOSÉ DOS PINHAIS", "estado": "PARANÁ", "pais": "Brasil", "precipitacao": null, "numero_dias_sem_chuva": null, "risco_fogo": null, "bioma": "Mata Atlântica", "id_0": 33, "id_1": 41, "id_2": 4125506, "continente_id": 8, "vegetacao": null, "grade_wrs": "220_078", "frp": 4.9}, "bbox": [-49.24551, -25.72384, -49.24551, -25.72384]}, {"type": "Feature", "id": "focos_48h_br_todosats.fid--145fdae9_19db31250eb_461c", "geometry": {"type": "Point", "coordinates": [-50.51091, -27.97294]}, "geometry_name": "geometria", "properties": {"id_foco_bdq": 1814986785, "foco_id": "244730d8-5294-3f44-86ee-e422b91d6f18", "longitude": -50.51091, "latitude": -27.97294, "data_hora_gmt": "2026-04-21T18:49:00Z", "data_pas": "2026-04-21", "satelite": "AQUA_M-T", "municipio": "CAPÃO ALTO", "estado": "SANTA CATARINA", "pais": "Brasil", "precipitacao": null, "numero_dias_sem_chuva": null, "risco_fogo": null, "bioma": "Mata Atlântica", "id_0": 33, "id_1": 42, "id_2": 4203253, "continente_id": 8, "vegetacao": null, "grade_wrs": "221_079", "frp": 37.2}, "bbox": [-50.51091, -27.97294, -50.51091, -27.97294]}, {"type": "Feature", "id": "focos_48h_br_todosats.fid--145fdae9_19db31250eb_461e", "geometry": {"type": "Point", "coordinates": [-49.16451, -27.35178]}, "geometry_name": "geometria", "properties": {"id_foco_bdq": 1814986815, "foco_id": "f0dab013-6e9e-381c-82e6-f555c72432fe", "longitude": -49.16451, "latitude": -27.35178, "data_hora_gmt": "2026-04-21T18:49:00Z", "data_pas": "2026-04-21", "satelite": "AQUA_M-T", "municipio": "NOVA TRENTO", "estado": "SANTA CATARINA", "pais": "Brasil", "precipitacao": null, "numero_dias_sem_chuva": null, "risco_fogo": null, "bioma": "Mata Atlântica", "id_0": 33, "id_1": 42, "id_2": 4211504, "continente_id": 8, "vegetacao": null, "grade_wrs": "220_079", "frp": 20.6}, "bbox": [-49.16451, -27.35178, -49.16451, -27.35178]}, {"type": "Feature", "id": "focos_48h_br_todosats.fid--145fdae9_19db31250eb_4620", "geometry": {"type": "Point", "coordinates": [-51.19282, -25.06395]}, "geometry_name": "geometria", "properties": {"id_foco_bdq": 1814986830, "foco_id": "9c440eb3-0dfd-36e1-95d5-8fdcb6455686", "longitude": -51.19282, "latitude": -25.06395, "data_hora_gmt": "2026-04-21T18:49:00Z", "data_pas": "2026-04-21", "satelite": "AQUA_M-T", "municipio": "PRUDENTÓPOLIS", "estado": "PARANÁ", "pais": "Brasil", "precipitacao": null, "numero_dias_sem_chuva": null, "risco_fogo": null, "bioma": "Mata Atlântica", "id_0": 33, "id_1": 41, "id_2": 4120606, "continente_id": 8, "vegetacao": null, "grade_wrs": "222_077", "frp": 22.7}, "bbox": [-51.19282, -25.06395, -51.19282, -25.06395]}, {"type": "Feature", "id": "focos_48h_br_todosats.fid--145fdae9_19db31250eb_4622", "geometry": {"type": "Point", "coordinates": [-50.41973, -25.64421]}, "geometry_name": "geometria", "properties": {"id_foco_bdq": 1814986902, "foco_id": "743835b4-06ad-3feb-a5c3-0a331b4c6476", "longitude": -50.41973, "latitude": -25.64421, "data_hora_gmt": "2026-04-21T18:49:00Z", "data_pas": "2026-04-21", "satelite": "AQUA_M-T", "municipio": "SÃO JOÃO DO TRIUNFO", "estado": "PARANÁ", "pais": "Brasil", "precipitacao": null, "numero_dias_sem_chuva": null, "risco_fogo": null, "bioma": "Mata Atlântica", "id_0": 33, "id_1": 41, "id_2": 4125100, "continente_id": 8, "vegetacao": null, "grade_wrs": "221_078", "frp": 9.4}, "bbox": [-50.41973, -25.64421, -50.41973, -25.64421]}, {"type": "Feature", "id": "focos_48h_br_todosats.fid--145fdae9_19db31250eb_4624", "geometry": {"type": "Point", "coordinates": [-50.71241, -27.14271]}, "geometry_name": "geometria", "properties": {"id_foco_bdq": 1814987097, "foco_id": "364919af-b595-3212-9ceb-4ece68fd024c", "longitude": -50.71241, "latitude": -27.14271, "data_hora_gmt": "2026-04-21T18:49:00Z", "data_pas": "2026-04-21", "satelite": "AQUA_M-T", "municipio": "FREI ROGÉRIO", "estado": "SANTA CATARINA", "pais": "Brasil", "precipitacao": null, "numero_dias_sem_chuva": null, "risco_fogo": null, "bioma": "Mata Atlântica", "id_0": 33, "id_1": 42, "id_2": 4205555, "continente_id": 8, "vegetacao": null, "grade_wrs": "221_079", "frp": 35.1}, "bbox": [-50.71241, -27.14271, -50.71241, -27.14271]}, {"type": "Feature", "id": "focos_48h_br_todosats.fid--145fdae9_19db31250eb_4626", "geometry": {"type": "Point", "coordinates": [-50.73855, -25.37283]}, "geometry_name": "geometria", "properties": {"id_foco_bdq": 1814987109, "foco_id": "67748cd7-458d-3873-add2-c8a21bf49872", "longitude": -50.73855, "latitude": -25.37283, "data_hora_gmt": "2026-04-21T18:49:00Z", "data_pas": "2026-04-21", "satelite": "AQUA_M-T", "municipio": "IRATI", "estado": "PARANÁ", "pais": "Brasil", "precipitacao": null, "numero_dias_sem_chuva": null, "risco_fogo": null, "bioma": "Mata Atlântica", "id_0": 33, "id_1": 41, "id_2": 4110706, "continente_id": 8, "vegetacao": null, "grade_wrs": "221_078", "frp": 80.6}, "bbox": [-50.73855, -25.37283, -50.73855, -25.37283]}, {"type": "Feature", "id": "focos_48h_br_todosats.fid--145fdae9_19db31250eb_4628", "geometry": {"type": "Point", "coordinates": [-49.24552, -25.72384]}, "geometry_name": "geometria", "properties": {"id_foco_bdq": 1814987118, "foco_id": "428e84d5-066f-3f4e-b666-340740bd13a2", "longitude": -49.24552, "latitude": -25.72384, "data_hora_gmt": "2026-04-21T18:49:00Z", "data_pas": "2026-04-21", "satelite": "AQUA_M-T", "municipio": "SÃO JOSÉ DOS PINHAIS", "estado": "PARANÁ", "pais": "Brasil", "precipitacao": null, "numero_dias_sem_chuva": null, "risco_fogo": null, "bioma": "Mata Atlântica", "id_0": 33, "id_1": 41, "id_2": 4125506, "continente_id": 8, "vegetacao": null, "grade_wrs": "220_078", "frp": 4.9}, "bbox": [-49.24552, -25.72384, -49.24552, -25.72384]}, {"type": "Feature", "id": "focos_48h_br_todosats.fid--145fdae9_19db31250eb_4629", "geometry": {"type": "Point", "coordinates": [-50.86473, -27.20505]}, "geometry_name": "geometria", "properties": {"id_foco_bdq": 1814987150, "foco_id": "91530240-ffab-3188-a20d-ce741f9501c0", "longitude": -50.86473, "latitude": -27.20505, "data_hora_gmt": "2026-04-21T18:49:00Z", "data_pas": "2026-04-21", "satelite": "AQUA_M-T", "municipio": "MONTE CARLO", "estado": "SANTA CATARINA", "pais": "Brasil", "precipitacao": null, "numero_dias_sem_chuva": null, "risco_fogo": null, "bioma": "Mata Atlântica", "id_0": 33, "id_1": 42, "id_2": 4211058, "continente_id": 8, "vegetacao": null, "grade_wrs": "221_079", "frp": 9.3}, "bbox": [-50.86473, -27.20505, -50.86473, -27.20505]}, {"type": "Feature", "id": "focos_48h_br_todosats.fid--145fdae9_19db31250eb_462b", "geometry": {"type": "Point", "coordinates": [-50.7275, -25.3714]}, "geometry_name": "geometria", "properties": {"id_foco_bdq": 1814987152, "foco_id": "197b39d1-800b-307c-bef9-4e533cc196b0", "longitude": -50.7275, "latitude": -25.3714, "data_hora_gmt": "2026-04-21T18:49:00Z", "data_pas": "2026-04-21", "satelite": "AQUA_M-T", "municipio": "IRATI", "estado": "PARANÁ", "pais": "Brasil", "precipitacao": null, "numero_dias_sem_chuva": null, "risco_fogo": null, "bioma": "Mata Atlântica", "id_0": 33, "id_1": 41, "id_2": 4110706, "continente_id": 8, "vegetacao": null, "grade_wrs": "221_078", "frp": 43.1}, "bbox": [-50.7275, -25.3714, -50.7275, -25.3714]}, {"type": "Feature", "id": "focos_48h_br_todosats.fid--145fdae9_19db31250eb_462c", "geometry": {"type": "Point", "coordinates": [-51.43998, -24.92153]}, "geometry_name": "geometria", "properties": {"id_foco_bdq": 1814987179, "foco_id": "de43c891-6b96-327f-9afc-ad5a1d1d737f", "longitude": -51.43998, "latitude": -24.92153, "data_hora_gmt": "2026-04-21T18:49:00Z", "data_pas": "2026-04-21", "satelite": "AQUA_M-T", "municipio": "TURVO", "estado": "PARANÁ", "pais": "Brasil", "precipitacao": null, "numero_dias_sem_chuva": null, "risco_fogo": null, "bioma": "Mata Atlântica", "id_0": 33, "id_1": 41, "id_2": 4127965, "continente_id": 8, "vegetacao": null, "grade_wrs": "222_077", "frp": 7.3}, "bbox": [-51.43998, -24.92153, -51.43998, -24.92153]}, {"type": "Feature", "id": "focos_48h_br_todosats.fid--145fdae9_19db31250eb_462e", "geometry": {"type": "Point", "coordinates": [-49.16452, -27.35178]}, "geometry_name": "geometria", "properties": {"id_foco_bdq": 1814987295, "foco_id": "4fa27d8d-ee78-38cf-9d66-5616be39cab5", "longitude": -49.16452, "latitude": -27.35178, "data_hora_gmt": "2026-04-21T18:49:00Z", "data_pas": "2026-04-21", "satelite": "AQUA_M-T", "municipio": "NOVA TRENTO", "estado": "SANTA CATARINA", "pais": "Brasil", "precipitacao": null, "numero_dias_sem_chuva": null, "risco_fogo": null, "bioma": "Mata Atlântica", "id_0": 33, "id_1": 42, "id_2": 4211504, "continente_id": 8, "vegetacao": null, "grade_wrs": "220_079", "frp": 20.6}, "bbox": [-49.16452, -27.35178, -49.16452, -27.35178]}, {"type": "Feature", "id": "focos_48h_br_todosats.fid--145fdae9_19db31250eb_4630", "geometry": {"type": "Point", "coordinates": [-47.3913, -22.79773]}, "geometry_name": "geometria", "properties": {"id_foco_bdq": 1814987419, "foco_id": "1032e600-daec-36ee-a546-2b0bc90e619a", "longitude": -47.3913, "latitude": -22.79773, "data_hora_gmt": "2026-04-21T18:49:00Z", "data_pas": "2026-04-21", "satelite": "AQUA_M-T", "municipio": "SANTA BÁRBARA D'OESTE", "estado": "SÃO PAULO", "pais": "Brasil", "precipitacao": null, "numero_dias_sem_chuva": null, "risco_fogo": null, "bioma": "Mata Atlântica", "id_0": 33, "id_1": 35, "id_2": 3545803, "continente_id": 8, "vegetacao": null, "grade_wrs": "220_076", "frp": 6.6}, "bbox": [-47.3913, -22.79773, -47.3913, -22.79773]}, {"type": "Feature", "id": "focos_48h_br_todosats.fid--145fdae9_19db31250eb_4631", "geometry": {"type": "Point", "coordinates": [-49.62535, -24.96552]}, "geometry_name": "geometria", "properties": {"id_foco_bdq": 1814987430, "foco_id": "a2231c38-8a05-3b78-99b8-5114f446e683", "longitude": -49.62535, "latitude": -24.96552, "data_hora_gmt": "2026-04-21T18:49:00Z", "data_pas": "2026-04-21", "satelite": "AQUA_M-T", "municipio": "CASTRO", "estado": "PARANÁ", "pais": "Brasil", "precipitacao": null, "numero_dias_sem_chuva": null, "risco_fogo": null, "bioma": "Mata Atlântica", "id_0": 33, "id_1": 41, "id_2": 4104907, "continente_id": 8, "vegetacao": null, "grade_wrs": "221_077", "frp": 50.8}, "bbox": [-49.62535, -24.96552, -49.62535, -24.96552]}, {"type": "Feature", "id": "focos_48h_br_todosats.fid--145fdae9_19db31250eb_4633", "geometry": {"type": "Point", "coordinates": [-49.32857, -24.99847]}, "geometry_name": "geometria", "properties": {"id_foco_bdq": 1814987431, "foco_id": "72c716e5-9766-3824-8ee5-a0fad49106fd", "longitude": -49.32857, "latitude": -24.99847, "data_hora_gmt": "2026-04-21T18:49:00Z", "data_pas": "2026-04-21", "satelite": "AQUA_M-T", "municipio": "CERRO AZUL", "estado": "PARANÁ", "pais": "Brasil", "precipitacao": null, "numero_dias_sem_chuva": null, "risco_fogo": null, "bioma": "Mata Atlântica", "id_0": 33, "id_1": 41, "id_2": 4105201, "continente_id": 8, "vegetacao": null, "grade_wrs": "221_077", "frp": 14.7}, "bbox": [-49.32857, -24.99847, -49.32857, -24.99847]}, {"type": "Feature", "id": "focos_48h_br_todosats.fid--145fdae9_19db31250eb_4635", "geometry": {"type": "Point", "coordinates": [-50.87141, -25.82511]}, "geometry_name": "geometria", "properties": {"id_foco_bdq": 1814987493, "foco_id": "643010e5-28f8-3114-b31f-3d8df19a4443", "longitude": -50.87141, "latitude": -25.82511, "data_hora_gmt": "2026-04-21T18:49:00Z", "data_pas": "2026-04-21", "satelite": "AQUA_M-T", "municipio": "MALLET", "estado": "PARANÁ", "pais": "Brasil", "precipitacao": null, "numero_dias_sem_chuva": null, "risco_fogo": null, "bioma": "Mata Atlântica", "id_0": 33, "id_1": 41, "id_2": 4113908, "continente_id": 8, "vegetacao": null, "grade_wrs": "221_078", "frp": 7.4}, "bbox": [-50.87141, -25.82511, -50.87141, -25.82511]}, {"type": "Feature", "id": "focos_48h_br_todosats.fid--145fdae9_19db31250eb_4636", "geometry": {"type": "Point", "coordinates": [-45.48165, -21.5806]}, "geometry_name": "geometria", "properties": {"id_foco_bdq": 1814987502, "foco_id": "6f7e12ac-28f7-394a-a0f4-4ea1a526723a", "longitude": -45.48165, "latitude": -21.5806, "data_hora_gmt": "2026-04-21T18:49:00Z", "data_pas": "2026-04-21", "satelite": "AQUA_M-T", "municipio": "VARGINHA", "estado": "MINAS GERAIS", "pais": "Brasil", "precipitacao": null, "numero_dias_sem_chuva": null, "risco_fogo": null, "bioma": "Mata Atlântica", "id_0": 33, "id_1": 31, "id_2": 3170701, "continente_id": 8, "vegetacao": null, "grade_wrs": "219_075", "frp": 13}, "bbox": [-45.48165, -21.5806, -45.48165, -21.5806]}, {"type": "Feature", "id": "focos_48h_br_todosats.fid--145fdae9_19db31250eb_4639", "geometry": {"type": "Point", "coordinates": [-50.05781, -28.17957]}, "geometry_name": "geometria", "properties": {"id_foco_bdq": 1814987545, "foco_id": "82089e04-5cd9-37b7-9fc6-8e28cd51f215", "longitude": -50.05781, "latitude": -28.17957, "data_hora_gmt": "2026-04-21T18:49:00Z", "data_pas": "2026-04-21", "satelite": "AQUA_M-T", "municipio": "SÃO JOAQUIM", "estado": "SANTA CATARINA", "pais": "Brasil", "precipitacao": null, "numero_dias_sem_chuva": null, "risco_fogo": null, "bioma": "Mata Atlântica", "id_0": 33, "id_1": 42, "id_2": 4216503, "continente_id": 8, "vegetacao": null, "grade_wrs": "220_080", "frp": 19.2}, "bbox": [-50.05781, -28.17957, -50.05781, -28.17957]}, {"type": "Feature", "id": "focos_48h_br_todosats.fid--145fdae9_19db31250eb_463b", "geometry": {"type": "Point", "coordinates": [-49.0322, -28.13461]}, "geometry_name": "geometria", "properties": {"id_foco_bdq": 1814987547, "foco_id": "681a35b0-c71f-3b5b-b9d7-14bffe2fb86f", "longitude": -49.0322, "latitude": -28.13461, "data_hora_gmt": "2026-04-21T18:49:00Z", "data_pas": "2026-04-21", "satelite": "AQUA_M-T", "municipio": "SÃO MARTINHO", "estado": "SANTA CATARINA", "pais": "Brasil", "precipitacao": null, "numero_dias_sem_chuva": null, "risco_fogo": null, "bioma": "Mata Atlântica", "id_0": 33, "id_1": 42, "id_2": 4217105, "continente_id": 8, "vegetacao": null, "grade_wrs": "220_079", "frp": 9.8}, "bbox": [-49.0322, -28.13461, -49.0322, -28.13461]}, {"type": "Feature", "id": "focos_48h_br_todosats.fid--145fdae9_19db31250eb_463d", "geometry": {"type": "Point", "coordinates": [-50.0578, -28.17957]}, "geometry_name": "geometria", "properties": {"id_foco_bdq": 1814987624, "foco_id": "9c095fc5-ba3c-38fc-b66a-f67e16c52001", "longitude": -50.0578, "latitude": -28.17957, "data_hora_gmt": "2026-04-21T18:49:00Z", "data_pas": "2026-04-21", "satelite": "AQUA_M-T", "municipio": "SÃO JOAQUIM", "estado": "SANTA CATARINA", "pais": "Brasil", "precipitacao": null, "numero_dias_sem_chuva": null, "risco_fogo": null, "bioma": "Mata Atlântica", "id_0": 33, "id_1": 42, "id_2": 4216503, "continente_id": 8, "vegetacao": null, "grade_wrs": "220_080", "frp": 19.2}, "bbox": [-50.0578, -28.17957, -50.0578, -28.17957]}, {"type": "Feature", "id": "focos_48h_br_todosats.fid--145fdae9_19db31250eb_463e", "geometry": {"type": "Point", "coordinates": [-49.59636, -27.00532]}, "geometry_name": "geometria", "properties": {"id_foco_bdq": 1814987633, "foco_id": "f2b4182e-933b-3437-9cd2-cac8a7ca5315", "longitude": -49.59636, "latitude": -27.00532, "data_hora_gmt": "2026-04-21T18:49:00Z", "data_pas": "2026-04-21", "satelite": "AQUA_M-T", "municipio": "JOSÉ BOITEUX", "estado": "SANTA CATARINA", "pais": "Brasil", "precipitacao": null, "numero_dias_sem_chuva": null, "risco_fogo": null, "bioma": "Mata Atlântica", "id_0": 33, "id_1": 42, "id_2": 4209151, "continente_id": 8, "vegetacao": null, "grade_wrs": "220_079", "frp": 12.4}, "bbox": [-49.59636, -27.00532, -49.59636, -27.00532]}, {"type": "Feature", "id": "focos_48h_br_todosats.fid--145fdae9_19db31250eb_463f", "geometry": {"type": "Point", "coordinates": [-50.85992, -27.20084]}, "geometry_name": "geometria", "properties": {"id_foco_bdq": 1814987663, "foco_id": "a071e050-759a-31a9-915b-6beb963f092f", "longitude": -50.85992, "latitude": -27.20084, "data_hora_gmt": "2026-04-21T18:49:00Z", "data_pas": "2026-04-21", "satelite": "AQUA_M-T", "municipio": "MONTE CARLO", "estado": "SANTA CATARINA", "pais": "Brasil", "precipitacao": null, "numero_dias_sem_chuva": null, "risco_fogo": null, "bioma": "Mata Atlântica", "id_0": 33, "id_1": 42, "id_2": 4211058, "continente_id": 8, "vegetacao": null, "grade_wrs": "221_079", "frp": 13}, "bbox": [-50.85992, -27.20084, -50.85992, -27.20084]}, {"type": "Feature", "id": "focos_48h_br_todosats.fid--145fdae9_19db31250eb_4640", "geometry": {"type": "Point", "coordinates": [-49.63522, -24.96689]}, "geometry_name": "geometria", "properties": {"id_foco_bdq": 1814987692, "foco_id": "541e7da6-b0c8-3a15-8449-6d9b898d03fa", "longitude": -49.63522, "latitude": -24.96689, "data_hora_gmt": "2026-04-21T18:49:00Z", "data_pas": "2026-04-21", "satelite": "AQUA_M-T", "municipio": "CASTRO", "estado": "PARANÁ", "pais": "Brasil", "precipitacao": null, "numero_dias_sem_chuva": null, "risco_fogo": null, "bioma": "Mata Atlântica", "id_0": 33, "id_1": 41, "id_2": 4104907, "continente_id": 8, "vegetacao": null, "grade_wrs": "221_077", "frp": 54.7}, "bbox": [-49.63522, -24.96689, -49.63522, -24.96689]}, {"type": "Feature", "id": "focos_48h_br_todosats.fid--145fdae9_19db31250eb_4642", "geometry": {"type": "Point", "coordinates": [-49.41095, -25.21247]}, "geometry_name": "geometria", "properties": {"id_foco_bdq": 1814987858, "foco_id": "62e514a6-46f1-3bad-8a94-221c5b204625", "longitude": -49.41095, "latitude": -25.21247, "data_hora_gmt": "2026-04-21T18:49:00Z", "data_pas": "2026-04-21", "satelite": "AQUA_M-T", "municipio": "ITAPERUÇU", "estado": "PARANÁ", "pais": "Brasil", "precipitacao": null, "numero_dias_sem_chuva": null, "risco_fogo": null, "bioma": "Mata Atlântica", "id_0": 33, "id_1": 41, "id_2": 4111258, "continente_id": 8, "vegetacao": null, "grade_wrs": "221_077", "frp": 19.2}, "bbox": [-49.41095, -25.21247, -49.41095, -25.21247]}, {"type": "Feature", "id": "focos_48h_br_todosats.fid--145fdae9_19db31250eb_4644", "geometry": {"type": "Point", "coordinates": [-49.63523, -24.96689]}, "geometry_name": "geometria", "properties": {"id_foco_bdq": 1814987888, "foco_id": "d87fb844-f884-3e2f-b0dd-df8d8075b684", "longitude": -49.63523, "latitude": -24.96689, "data_hora_gmt": "2026-04-21T18:49:00Z", "data_pas": "2026-04-21", "satelite": "AQUA_M-T", "municipio": "CASTRO", "estado": "PARANÁ", "pais": "Brasil", "precipitacao": null, "numero_dias_sem_chuva": null, "risco_fogo": null, "bioma": "Mata Atlântica", "id_0": 33, "id_1": 41, "id_2": 4104907, "continente_id": 8, "vegetacao": null, "grade_wrs": "221_077", "frp": 54.7}, "bbox": [-49.63523, -24.96689, -49.63523, -24.96689]}, {"type": "Feature", "id": "focos_48h_br_todosats.fid--145fdae9_19db31250eb_4645", "geometry": {"type": "Point", "coordinates": [-45.48164, -21.5806]}, "geometry_name": "geometria", "properties": {"id_foco_bdq": 1814987891, "foco_id": "cc10a6cb-e643-3a86-9586-7ec09c3b0218", "longitude": -45.48164, "latitude": -21.5806, "data_hora_gmt": "2026-04-21T18:49:00Z", "data_pas": "2026-04-21", "satelite": "AQUA_M-T", "municipio": "VARGINHA", "estado": "MINAS GERAIS", "pais": "Brasil", "precipitacao": null, "numero_dias_sem_chuva": null, "risco_fogo": null, "bioma": "Mata Atlântica", "id_0": 33, "id_1": 31, "id_2": 3170701, "continente_id": 8, "vegetacao": null, "grade_wrs": "219_075", "frp": 13}, "bbox": [-45.48164, -21.5806, -45.48164, -21.5806]}, {"type": "Feature", "id": "focos_48h_br_todosats.fid--145fdae9_19db31250eb_4647", "geometry": {"type": "Point", "coordinates": [-47.40128, -22.79929]}, "geometry_name": "geometria", "properties": {"id_foco_bdq": 1814987988, "foco_id": "60d8da4c-7504-3b76-aa96-15773cf417a1", "longitude": -47.40128, "latitude": -22.79929, "data_hora_gmt": "2026-04-21T18:49:00Z", "data_pas": "2026-04-21", "satelite": "AQUA_M-T", "municipio": "SANTA BÁRBARA D'OESTE", "estado": "SÃO PAULO", "pais": "Brasil", "precipitacao": null, "numero_dias_sem_chuva": null, "risco_fogo": null, "bioma": "Mata Atlântica", "id_0": 33, "id_1": 35, "id_2": 3545803, "continente_id": 8, "vegetacao": null, "grade_wrs": "220_076", "frp": 49.2}, "bbox": [-47.40128, -22.79929, -47.40128, -22.79929]}, {"type": "Feature", "id": "focos_48h_br_todosats.fid--145fdae9_19db31250eb_4648", "geometry": {"type": "Point", "coordinates": [-51.43999, -24.92153]}, "geometry_name": "geometria", "properties": {"id_foco_bdq": 1814987995, "foco_id": "39bace3b-4057-386b-b4ff-f93bcae178bb", "longitude": -51.43999, "latitude": -24.92153, "data_hora_gmt": "2026-04-21T18:49:00Z", "data_pas": "2026-04-21", "satelite": "AQUA_M-T", "municipio": "TURVO", "estado": "PARANÁ", "pais": "Brasil", "precipitacao": null, "numero_dias_sem_chuva": null, "risco_fogo": null, "bioma": "Mata Atlântica", "id_0": 33, "id_1": 41, "id_2": 4127965, "continente_id": 8, "vegetacao": null, "grade_wrs": "222_077", "frp": 7.3}, "bbox": [-51.43999, -24.92153, -51.43999, -24.92153]}, {"type": "Feature", "id": "focos_48h_br_todosats.fid--145fdae9_19db31250eb_464a", "geometry": {"type": "Point", "coordinates": [-47.39129, -22.79773]}, "geometry_name": "geometria", "properties": {"id_foco_bdq": 1814988016, "foco_id": "d94d6323-ae32-3c8f-b1f0-9f35585d012b", "longitude": -47.39129, "latitude": -22.79773, "data_hora_gmt": "2026-04-21T18:49:00Z", "data_pas": "2026-04-21", "satelite": "AQUA_M-T", "municipio": "SANTA BÁRBARA D'OESTE", "estado": "SÃO PAULO", "pais": "Brasil", "precipitacao": null, "numero_dias_sem_chuva": null, "risco_fogo": null, "bioma": "Mata Atlântica", "id_0": 33, "id_1": 35, "id_2": 3545803, "continente_id": 8, "vegetacao": null, "grade_wrs": "220_076", "frp": 6.6}, "bbox": [-47.39129, -22.79773, -47.39129, -22.79773]}, {"type": "Feature", "id": "focos_48h_br_todosats.fid--145fdae9_19db31250eb_464d", "geometry": {"type": "Point", "coordinates": [-49.63681, -24.95795]}, "geometry_name": "geometria", "properties": {"id_foco_bdq": 1814988032, "foco_id": "510a9564-5c82-3d55-8b8d-a7e134124310", "longitude": -49.63681, "latitude": -24.95795, "data_hora_gmt": "2026-04-21T18:49:00Z", "data_pas": "2026-04-21", "satelite": "AQUA_M-T", "municipio": "CASTRO", "estado": "PARANÁ", "pais": "Brasil", "precipitacao": null, "numero_dias_sem_chuva": null, "risco_fogo": null, "bioma": "Mata Atlântica", "id_0": 33, "id_1": 41, "id_2": 4104907, "continente_id": 8, "vegetacao": null, "grade_wrs": "221_077", "frp": 294}, "bbox": [-49.63681, -24.95795, -49.63681, -24.95795]}, {"type": "Feature", "id": "focos_48h_br_todosats.fid--145fdae9_19db31250eb_464f", "geometry": {"type": "Point", "coordinates": [-49.58566, -27.00386]}, "geometry_name": "geometria", "properties": {"id_foco_bdq": 1814988092, "foco_id": "10ca8ebb-b734-315c-b54a-889ba3d15164", "longitude": -49.58566, "latitude": -27.00386, "data_hora_gmt": "2026-04-21T18:49:00Z", "data_pas": "2026-04-21", "satelite": "AQUA_M-T", "municipio": "IBIRAMA", "estado": "SANTA CATARINA", "pais": "Brasil", "precipitacao": null, "numero_dias_sem_chuva": null, "risco_fogo": null, "bioma": "Mata Atlântica", "id_0": 33, "id_1": 42, "id_2": 4206900, "continente_id": 8, "vegetacao": null, "grade_wrs": "220_079", "frp": 18.1}, "bbox": [-49.58566, -27.00386, -49.58566, -27.00386]}, {"type": "Feature", "id": "focos_48h_br_todosats.fid--145fdae9_19db31250eb_4651", "geometry": {"type": "Point", "coordinates": [-50.8714, -25.82511]}, "geometry_name": "geometria", "properties": {"id_foco_bdq": 1814988113, "foco_id": "84332437-3a30-3728-a119-de97f4aa4000", "longitude": -50.8714, "latitude": -25.82511, "data_hora_gmt": "2026-04-21T18:49:00Z", "data_pas": "2026-04-21", "satelite": "AQUA_M-T", "municipio": "MALLET", "estado": "PARANÁ", "pais": "Brasil", "precipitacao": null, "numero_dias_sem_chuva": null, "risco_fogo": null, "bioma": "Mata Atlântica", "id_0": 33, "id_1": 41, "id_2": 4113908, "continente_id": 8, "vegetacao": null, "grade_wrs": "221_078", "frp": 7.4}, "bbox": [-50.8714, -25.82511, -50.8714, -25.82511]}, {"type": "Feature", "id": "focos_48h_br_todosats.fid--145fdae9_19db31250eb_4653", "geometry": {"type": "Point", "coordinates": [-49.17506, -27.35321]}, "geometry_name": "geometria", "properties": {"id_foco_bdq": 1814988123, "foco_id": "ef7b4c64-2444-3548-9d78-817ade6ddaba", "longitude": -49.17506, "latitude": -27.35321, "data_hora_gmt": "2026-04-21T18:49:00Z", "data_pas": "2026-04-21", "satelite": "AQUA_M-T", "municipio": "NOVA TRENTO", "estado": "SANTA CATARINA", "pais": "Brasil", "precipitacao": null, "numero_dias_sem_chuva": null, "risco_fogo": null, "bioma": "Mata Atlântica", "id_0": 33, "id_1": 42, "id_2": 4211504, "continente_id": 8, "vegetacao": null, "grade_wrs": "220_079", "frp": 31.6}, "bbox": [-49.17506, -27.35321, -49.17506, -27.35321]}, {"type": "Feature", "id": "focos_48h_br_todosats.fid--145fdae9_19db31250eb_4655", "geometry": {"type": "Point", "coordinates": [-51.17326, -26.01854]}, "geometry_name": "geometria", "properties": {"id_foco_bdq": 1814988186, "foco_id": "a64604ee-ec55-32d7-8b30-04dbbdb6ea34", "longitude": -51.17326, "latitude": -26.01854, "data_hora_gmt": "2026-04-21T18:49:00Z", "data_pas": "2026-04-21", "satelite": "AQUA_M-T", "municipio": "UNIÃO DA VITÓRIA", "estado": "PARANÁ", "pais": "Brasil", "precipitacao": null, "numero_dias_sem_chuva": null, "risco_fogo": null, "bioma": "Mata Atlântica", "id_0": 33, "id_1": 41, "id_2": 4128203, "continente_id": 8, "vegetacao": null, "grade_wrs": "222_078", "frp": 9.6}, "bbox": [-51.17326, -26.01854, -51.17326, -26.01854]}, {"type": "Feature", "id": "focos_48h_br_todosats.fid--145fdae9_19db31250eb_4656", "geometry": {"type": "Point", "coordinates": [-49.31374, -20.77128]}, "geometry_name": "geometria", "properties": {"id_foco_bdq": 1814988203, "foco_id": "2a3fba89-db3b-3f8d-a35d-4b307c737353", "longitude": -49.31374, "latitude": -20.77128, "data_hora_gmt": "2026-04-21T18:49:00Z", "data_pas": "2026-04-21", "satelite": "AQUA_M-T", "municipio": "SÃO JOSÉ DO RIO PRETO", "estado": "SÃO PAULO", "pais": "Brasil", "precipitacao": null, "numero_dias_sem_chuva": null, "risco_fogo": null, "bioma": "Mata Atlântica", "id_0": 33, "id_1": 35, "id_2": 3549805, "continente_id": 8, "vegetacao": null, "grade_wrs": "221_074", "frp": 7}, "bbox": [-49.31374, -20.77128, -49.31374, -20.77128]}, {"type": "Feature", "id": "focos_48h_br_todosats.fid--145fdae9_19db31250eb_4658", "geometry": {"type": "Point", "coordinates": [-49.62691, -24.95657]}, "geometry_name": "geometria", "properties": {"id_foco_bdq": 1814988215, "foco_id": "ed6f3e55-2de7-3d2f-bd24-dc9cca8a1a73", "longitude": -49.62691, "latitude": -24.95657, "data_hora_gmt": "2026-04-21T18:49:00Z", "data_pas": "2026-04-21", "satelite": "AQUA_M-T", "municipio": "CASTRO", "estado": "PARANÁ", "pais": "Brasil", "precipitacao": null, "numero_dias_sem_chuva": null, "risco_fogo": null, "bioma": "Mata Atlântica", "id_0": 33, "id_1": 41, "id_2": 4104907, "continente_id": 8, "vegetacao": null, "grade_wrs": "221_077", "frp": 214.1}, "bbox": [-49.62691, -24.95657, -49.62691, -24.95657]}, {"type": "Feature", "id": "focos_48h_br_todosats.fid--145fdae9_19db31250eb_4659", "geometry": {"type": "Point", "coordinates": [-49.17505, -27.35321]}, "geometry_name": "geometria", "properties": {"id_foco_bdq": 1814988299, "foco_id": "4ce21c95-567e-3172-860b-3c6c2115dc12", "longitude": -49.17505, "latitude": -27.35321, "data_hora_gmt": "2026-04-21T18:49:00Z", "data_pas": "2026-04-21", "satelite": "AQUA_M-T", "municipio": "NOVA TRENTO", "estado": "SANTA CATARINA", "pais": "Brasil", "precipitacao": null, "numero_dias_sem_chuva": null, "risco_fogo": null, "bioma": "Mata Atlântica", "id_0": 33, "id_1": 42, "id_2": 4211504, "continente_id": 8, "vegetacao": null, "grade_wrs": "220_079", "frp": 31.6}, "bbox": [-49.17505, -27.35321, -49.17505, -27.35321]}, {"type": "Feature", "id": "focos_48h_br_todosats.fid--145fdae9_19db31250eb_465b", "geometry": {"type": "Point", "coordinates": [-49.45685, -26.67379]}, "geometry_name": "geometria", "properties": {"id_foco_bdq": 1814988309, "foco_id": "0842d4ed-d9e2-3256-8e0b-26a1dacd0762", "longitude": -49.45685, "latitude": -26.67379, "data_hora_gmt": "2026-04-21T18:49:00Z", "data_pas": "2026-04-21", "satelite": "AQUA_M-T", "municipio": "BENEDITO NOVO", "estado": "SANTA CATARINA", "pais": "Brasil", "precipitacao": null, "numero_dias_sem_chuva": null, "risco_fogo": null, "bioma": "Mata Atlântica", "id_0": 33, "id_1": 42, "id_2": 4202206, "continente_id": 8, "vegetacao": null, "grade_wrs": "220_079", "frp": 8.5}, "bbox": [-49.45685, -26.67379, -49.45685, -26.67379]}, {"type": "Feature", "id": "focos_48h_br_todosats.fid--211a0569_19db336f1b8_-5e9c", "geometry": {"type": "Point", "coordinates": [-50.86472, -27.20506]}, "geometry_name": "geometria", "properties": {"id_foco_bdq": 1814988340, "foco_id": "4fe6906a-eeec-3460-83d3-cf4b33f98e62", "longitude": -50.86472, "latitude": -27.20506, "data_hora_gmt": "2026-04-21T18:49:00Z", "data_pas": "2026-04-21", "satelite": "AQUA_M-T", "municipio": "MONTE CARLO", "estado": "SANTA CATARINA", "pais": "Brasil", "precipitacao": null, "numero_dias_sem_chuva": null, "risco_fogo": null, "bioma": "Mata Atlântica", "id_0": 33, "id_1": 42, "id_2": 4211058, "continente_id": 8, "vegetacao": null, "grade_wrs": "221_079", "frp": 9.3}, "bbox": [-50.86472, -27.20506, -50.86472, -27.20506]}, {"type": "Feature", "id": "focos_48h_br_todosats.fid--211a0569_19db336f1b8_-5e9b", "geometry": {"type": "Point", "coordinates": [-49.62533, -24.96552]}, "geometry_name": "geometria", "properties": {"id_foco_bdq": 1814988388, "foco_id": "ecff4a01-0d70-3de9-9849-7334b94c933e", "longitude": -49.62533, "latitude": -24.96552, "data_hora_gmt": "2026-04-21T18:49:00Z", "data_pas": "2026-04-21", "satelite": "AQUA_M-T", "municipio": "CASTRO", "estado": "PARANÁ", "pais": "Brasil", "precipitacao": null, "numero_dias_sem_chuva": null, "risco_fogo": null, "bioma": "Mata Atlântica", "id_0": 33, "id_1": 41, "id_2": 4104907, "continente_id": 8, "vegetacao": null, "grade_wrs": "221_077", "frp": 50.8}, "bbox": [-49.62533, -24.96552, -49.62533, -24.96552]}, {"type": "Feature", "id": "focos_48h_br_todosats.fid--211a0569_19db336f1b8_-5e9a", "geometry": {"type": "Point", "coordinates": [-50.41972, -25.64422]}, "geometry_name": "geometria", "properties": {"id_foco_bdq": 1814988423, "foco_id": "9c4f5440-0739-3c73-9ad9-bacef73354ce", "longitude": -50.41972, "latitude": -25.64422, "data_hora_gmt": "2026-04-21T18:49:00Z", "data_pas": "2026-04-21", "satelite": "AQUA_M-T", "municipio": "SÃO JOÃO DO TRIUNFO", "estado": "PARANÁ", "pais": "Brasil", "precipitacao": null, "numero_dias_sem_chuva": null, "risco_fogo": null, "bioma": "Mata Atlântica", "id_0": 33, "id_1": 41, "id_2": 4125100, "continente_id": 8, "vegetacao": null, "grade_wrs": "221_078", "frp": 9.4}, "bbox": [-50.41972, -25.64422, -50.41972, -25.64422]}, {"type": "Feature", "id": "focos_48h_br_todosats.fid--211a0569_19db336f1b8_-5e99", "geometry": {"type": "Point", "coordinates": [-49.64673, -24.95932]}, "geometry_name": "geometria", "properties": {"id_foco_bdq": 1814988486, "foco_id": "d47ac011-4ffa-3ebb-953f-a7a0a7000f29", "longitude": -49.64673, "latitude": -24.95932, "data_hora_gmt": "2026-04-21T18:49:00Z", "data_pas": "2026-04-21", "satelite": "AQUA_M-T", "municipio": "CASTRO", "estado": "PARANÁ", "pais": "Brasil", "precipitacao": null, "numero_dias_sem_chuva": null, "risco_fogo": null, "bioma": "Mata Atlântica", "id_0": 33, "id_1": 41, "id_2": 4104907, "continente_id": 8, "vegetacao": null, "grade_wrs": "221_077", "frp": 7.2}, "bbox": [-49.64673, -24.95932, -49.64673, -24.95932]}, {"type": "Feature", "id": "focos_48h_br_todosats.fid--211a0569_19db336f1b8_-5e98", "geometry": {"type": "Point", "coordinates": [-49.25546, -25.72523]}, "geometry_name": "geometria", "properties": {"id_foco_bdq": 1814988530, "foco_id": "a23d2b23-29fc-333b-a43b-ab5ac63245aa", "longitude": -49.25546, "latitude": -25.72523, "data_hora_gmt": "2026-04-21T18:49:00Z", "data_pas": "2026-04-21", "satelite": "AQUA_M-T", "municipio": "FAZENDA RIO GRANDE", "estado": "PARANÁ", "pais": "Brasil", "precipitacao": null, "numero_dias_sem_chuva": null, "risco_fogo": null, "bioma": "Mata Atlântica", "id_0": 33, "id_1": 41, "id_2": 4107652, "continente_id": 8, "vegetacao": null, "grade_wrs": "220_078", "frp": 15.9}, "bbox": [-49.25546, -25.72523, -49.25546, -25.72523]}, {"type": "Feature", "id": "focos_48h_br_todosats.fid--211a0569_19db336f1b8_-5e97", "geometry": {"type": "Point", "coordinates": [-50.70066, -27.14121]}, "geometry_name": "geometria", "properties": {"id_foco_bdq": 1814988590, "foco_id": "f22edc3a-7944-3141-8bb8-d2783a6a41b7", "longitude": -50.70066, "latitude": -27.14121, "data_hora_gmt": "2026-04-21T18:49:00Z", "data_pas": "2026-04-21", "satelite": "AQUA_M-T", "municipio": "CURITIBANOS", "estado": "SANTA CATARINA", "pais": "Brasil", "precipitacao": null, "numero_dias_sem_chuva": null, "risco_fogo": null, "bioma": "Mata Atlântica", "id_0": 33, "id_1": 42, "id_2": 4204806, "continente_id": 8, "vegetacao": null, "grade_wrs": "221_079", "frp": 30.9}, "bbox": [-50.70066, -27.14121, -50.70066, -27.14121]}, {"type": "Feature", "id": "focos_48h_br_todosats.fid--211a0569_19db336f1b8_-5e96", "geometry": {"type": "Point", "coordinates": [-48.88987, -25.06399]}, "geometry_name": "geometria", "properties": {"id_foco_bdq": 1814988604, "foco_id": "becb3fe1-0bb3-3fa6-95e5-6c49c64abab2", "longitude": -48.88987, "latitude": -25.06399, "data_hora_gmt": "2026-04-21T18:49:00Z", "data_pas": "2026-04-21", "satelite": "AQUA_M-T", "municipio": "BOCAIÚVA DO SUL", "estado": "PARANÁ", "pais": "Brasil", "precipitacao": null, "numero_dias_sem_chuva": null, "risco_fogo": null, "bioma": "Mata Atlântica", "id_0": 33, "id_1": 41, "id_2": 4103107, "continente_id": 8, "vegetacao": null, "grade_wrs": "220_077", "frp": 7.5}, "bbox": [-48.88987, -25.06399, -48.88987, -25.06399]}, {"type": "Feature", "id": "focos_48h_br_todosats.fid--211a0569_19db336f1b8_-5e95", "geometry": {"type": "Point", "coordinates": [-47.34648, -20.24587]}, "geometry_name": "geometria", "properties": {"id_foco_bdq": 1814988623, "foco_id": "ff5d5a40-e7e7-3799-b3ef-3a7cb695a3cd", "longitude": -47.34648, "latitude": -20.24587, "data_hora_gmt": "2026-04-21T18:49:00Z", "data_pas": "2026-04-21", "satelite": "AQUA_M-T", "municipio": "PEDREGULHO", "estado": "SÃO PAULO", "pais": "Brasil", "precipitacao": null, "numero_dias_sem_chuva": null, "risco_fogo": null, "bioma": "Cerrado", "id_0": 33, "id_1": 35, "id_2": 3537008, "continente_id": 8, "vegetacao": null, "grade_wrs": "220_074", "frp": 6.1}, "bbox": [-47.34648, -20.24587, -47.34648, -20.24587]}, {"type": "Feature", "id": "focos_48h_br_todosats.fid--211a0569_19db336f1b8_-5e94", "geometry": {"type": "Point", "coordinates": [-50.52269, -27.97445]}, "geometry_name": "geometria", "properties": {"id_foco_bdq": 1814988656, "foco_id": "d2267aa9-e9d9-30a9-aeef-6d9e1b672479", "longitude": -50.52269, "latitude": -27.97445, "data_hora_gmt": "2026-04-21T18:49:00Z", "data_pas": "2026-04-21", "satelite": "AQUA_M-T", "municipio": "CAPÃO ALTO", "estado": "SANTA CATARINA", "pais": "Brasil", "precipitacao": null, "numero_dias_sem_chuva": null, "risco_fogo": null, "bioma": "Mata Atlântica", "id_0": 33, "id_1": 42, "id_2": 4203253, "continente_id": 8, "vegetacao": null, "grade_wrs": "221_079", "frp": 9.9}, "bbox": [-50.52269, -27.97445, -50.52269, -27.97445]}, {"type": "Feature", "id": "focos_48h_br_todosats.fid--211a0569_19db336f1b8_-5e93", "geometry": {"type": "Point", "coordinates": [-50.7124, -27.14272]}, "geometry_name": "geometria", "properties": {"id_foco_bdq": 1814988698, "foco_id": "67171496-1065-3a2d-a090-1950ecb7c175", "longitude": -50.7124, "latitude": -27.14272, "data_hora_gmt": "2026-04-21T18:49:00Z", "data_pas": "2026-04-21", "satelite": "AQUA_M-T", "municipio": "FREI ROGÉRIO", "estado": "SANTA CATARINA", "pais": "Brasil", "precipitacao": null, "numero_dias_sem_chuva": null, "risco_fogo": null, "bioma": "Mata Atlântica", "id_0": 33, "id_1": 42, "id_2": 4205555, "continente_id": 8, "vegetacao": null, "grade_wrs": "221_079", "frp": 35.1}, "bbox": [-50.7124, -27.14272, -50.7124, -27.14272]}, {"type": "Feature", "id": "focos_48h_br_todosats.fid--211a0569_19db336f1b8_-5e92", "geometry": {"type": "Point", "coordinates": [-47.66019, -23.40344]}, "geometry_name": "geometria", "properties": {"id_foco_bdq": 1814988704, "foco_id": "9fc76b39-16b7-3594-901d-784367761ab3", "longitude": -47.66019, "latitude": -23.40344, "data_hora_gmt": "2026-04-21T18:49:00Z", "data_pas": "2026-04-21", "satelite": "AQUA_M-T", "municipio": "IPERÓ", "estado": "SÃO PAULO", "pais": "Brasil", "precipitacao": null, "numero_dias_sem_chuva": null, "risco_fogo": null, "bioma": "Mata Atlântica", "id_0": 33, "id_1": 35, "id_2": 3521002, "continente_id": 8, "vegetacao": null, "grade_wrs": "220_076", "frp": 6.3}, "bbox": [-47.66019, -23.40344, -47.66019, -23.40344]}, {"type": "Feature", "id": "focos_48h_br_todosats.fid--211a0569_19db336f1b8_-5e91", "geometry": {"type": "Point", "coordinates": [-50.74163, -27.59597]}, "geometry_name": "geometria", "properties": {"id_foco_bdq": 1814988757, "foco_id": "3cb97787-008c-315a-ab82-8447f36458d3", "longitude": -50.74163, "latitude": -27.59597, "data_hora_gmt": "2026-04-21T18:49:00Z", "data_pas": "2026-04-21", "satelite": "AQUA_M-T", "municipio": "SÃO JOSÉ DO CERRITO", "estado": "SANTA CATARINA", "pais": "Brasil", "precipitacao": null, "numero_dias_sem_chuva": null, "risco_fogo": null, "bioma": "Mata Atlântica", "id_0": 33, "id_1": 42, "id_2": 4216800, "continente_id": 8, "vegetacao": null, "grade_wrs": "221_079", "frp": 13.9}, "bbox": [-50.74163, -27.59597, -50.74163, -27.59597]}, {"type": "Feature", "id": "focos_48h_br_todosats.fid--211a0569_19db336f1b8_-5e90", "geometry": {"type": "Point", "coordinates": [-50.70064, -27.14122]}, "geometry_name": "geometria", "properties": {"id_foco_bdq": 1814988791, "foco_id": "7b67bea4-4021-33a0-8b28-f4e78d234764", "longitude": -50.70064, "latitude": -27.14122, "data_hora_gmt": "2026-04-21T18:49:00Z", "data_pas": "2026-04-21", "satelite": "AQUA_M-T", "municipio": "CURITIBANOS", "estado": "SANTA CATARINA", "pais": "Brasil", "precipitacao": null, "numero_dias_sem_chuva": null, "risco_fogo": null, "bioma": "Mata Atlântica", "id_0": 33, "id_1": 42, "id_2": 4204806, "continente_id": 8, "vegetacao": null, "grade_wrs": "221_079", "frp": 30.9}, "bbox": [-50.70064, -27.14122, -50.70064, -27.14122]}, {"type": "Feature", "id": "focos_48h_br_todosats.fid--211a0569_19db336f1b8_-5e8f", "geometry": {"type": "Point", "coordinates": [-50.51089, -27.97294]}, "geometry_name": "geometria", "properties": {"id_foco_bdq": 1814988876, "foco_id": "b16af98b-4265-3c42-89c6-e84e0bfa30a3", "longitude": -50.51089, "latitude": -27.97294, "data_hora_gmt": "2026-04-21T18:49:00Z", "data_pas": "2026-04-21", "satelite": "AQUA_M-T", "municipio": "CAPÃO ALTO", "estado": "SANTA CATARINA", "pais": "Brasil", "precipitacao": null, "numero_dias_sem_chuva": null, "risco_fogo": null, "bioma": "Mata Atlântica", "id_0": 33, "id_1": 42, "id_2": 4203253, "continente_id": 8, "vegetacao": null, "grade_wrs": "221_079", "frp": 37.2}, "bbox": [-50.51089, -27.97294, -50.51089, -27.97294]}, {"type": "Feature", "id": "focos_48h_br_todosats.fid--211a0569_19db336f1b8_-5e8e", "geometry": {"type": "Point", "coordinates": [-49.45684, -26.6738]}, "geometry_name": "geometria", "properties": {"id_foco_bdq": 1814989143, "foco_id": "949a8f44-5a9b-3992-acd5-29bda3e61e3d", "longitude": -49.45684, "latitude": -26.6738, "data_hora_gmt": "2026-04-21T18:49:00Z", "data_pas": "2026-04-21", "satelite": "AQUA_M-T", "municipio": "BENEDITO NOVO", "estado": "SANTA CATARINA", "pais": "Brasil", "precipitacao": null, "numero_dias_sem_chuva": null, "risco_fogo": null, "bioma": "Mata Atlântica", "id_0": 33, "id_1": 42, "id_2": 4202206, "continente_id": 8, "vegetacao": null, "grade_wrs": "220_079", "frp": 8.5}, "bbox": [-49.45684, -26.6738, -49.45684, -26.6738]}, {"type": "Feature", "id": "focos_48h_br_todosats.fid--211a0569_19db336f1b8_-5e8d", "geometry": {"type": "Point", "coordinates": [-50.72748, -25.3714]}, "geometry_name": "geometria", "properties": {"id_foco_bdq": 1814989157, "foco_id": "ebd071fe-d032-30e0-85c4-5965826399bb", "longitude": -50.72748, "latitude": -25.3714, "data_hora_gmt": "2026-04-21T18:49:00Z", "data_pas": "2026-04-21", "satelite": "AQUA_M-T", "municipio": "IRATI", "estado": "PARANÁ", "pais": "Brasil", "precipitacao": null, "numero_dias_sem_chuva": null, "risco_fogo": null, "bioma": "Mata Atlântica", "id_0": 33, "id_1": 41, "id_2": 4110706, "continente_id": 8, "vegetacao": null, "grade_wrs": "221_078", "frp": 43.1}, "bbox": [-50.72748, -25.3714, -50.72748, -25.3714]}, {"type": "Feature", "id": "focos_48h_br_todosats.fid--211a0569_19db336f1b8_-5e8c", "geometry": {"type": "Point", "coordinates": [-47.3465, -20.24587]}, "geometry_name": "geometria", "properties": {"id_foco_bdq": 1814989161, "foco_id": "4464aec8-e861-300c-adc7-47996128e14d", "longitude": -47.3465, "latitude": -20.24587, "data_hora_gmt": "2026-04-21T18:49:00Z", "data_pas": "2026-04-21", "satelite": "AQUA_M-T", "municipio": "PEDREGULHO", "estado": "SÃO PAULO", "pais": "Brasil", "precipitacao": null, "numero_dias_sem_chuva": null, "risco_fogo": null, "bioma": "Cerrado", "id_0": 33, "id_1": 35, "id_2": 3537008, "continente_id": 8, "vegetacao": null, "grade_wrs": "220_074", "frp": 6.1}, "bbox": [-47.3465, -20.24587, -47.3465, -20.24587]}, {"type": "Feature", "id": "focos_48h_br_todosats.fid--211a0569_19db336f1b8_-5e8b", "geometry": {"type": "Point", "coordinates": [-49.6269, -24.95658]}, "geometry_name": "geometria", "properties": {"id_foco_bdq": 1814989173, "foco_id": "2c7f8e7e-70b2-38b6-8d09-13ea25ef6d8d", "longitude": -49.6269, "latitude": -24.95658, "data_hora_gmt": "2026-04-21T18:49:00Z", "data_pas": "2026-04-21", "satelite": "AQUA_M-T", "municipio": "CASTRO", "estado": "PARANÁ", "pais": "Brasil", "precipitacao": null, "numero_dias_sem_chuva": null, "risco_fogo": null, "bioma": "Mata Atlântica", "id_0": 33, "id_1": 41, "id_2": 4104907, "continente_id": 8, "vegetacao": null, "grade_wrs": "221_077", "frp": 214.1}, "bbox": [-49.6269, -24.95658, -49.6269, -24.95658]}, {"type": "Feature", "id": "focos_48h_br_todosats.fid--211a0569_19db336f1b8_-5e8a", "geometry": {"type": "Point", "coordinates": [-50.74162, -27.59597]}, "geometry_name": "geometria", "properties": {"id_foco_bdq": 1814989232, "foco_id": "ce224025-b290-3faf-8468-666b34e2dcee", "longitude": -50.74162, "latitude": -27.59597, "data_hora_gmt": "2026-04-21T18:49:00Z", "data_pas": "2026-04-21", "satelite": "AQUA_M-T", "municipio": "SÃO JOSÉ DO CERRITO", "estado": "SANTA CATARINA", "pais": "Brasil", "precipitacao": null, "numero_dias_sem_chuva": null, "risco_fogo": null, "bioma": "Mata Atlântica", "id_0": 33, "id_1": 42, "id_2": 4216800, "continente_id": 8, "vegetacao": null, "grade_wrs": "221_079", "frp": 13.9}, "bbox": [-50.74162, -27.59597, -50.74162, -27.59597]}, {"type": "Feature", "id": "focos_48h_br_todosats.fid--211a0569_19db336f1b8_-5e89", "geometry": {"type": "Point", "coordinates": [-49.29794, -23.9152]}, "geometry_name": "geometria", "properties": {"id_foco_bdq": 1814989256, "foco_id": "6389d78f-6f49-3d7b-b94c-56207aaab1f0", "longitude": -49.29794, "latitude": -23.9152, "data_hora_gmt": "2026-04-21T18:49:00Z", "data_pas": "2026-04-21", "satelite": "AQUA_M-T", "municipio": "ITARARÉ", "estado": "SÃO PAULO", "pais": "Brasil", "precipitacao": null, "numero_dias_sem_chuva": null, "risco_fogo": null, "bioma": "Cerrado", "id_0": 33, "id_1": 35, "id_2": 3523206, "continente_id": 8, "vegetacao": null, "grade_wrs": "221_077", "frp": 5.3}, "bbox": [-49.29794, -23.9152, -49.29794, -23.9152]}, {"type": "Feature", "id": "focos_48h_br_todosats.fid--211a0569_19db336f1b8_-5e88", "geometry": {"type": "Point", "coordinates": [-50.5227, -27.97445]}, "geometry_name": "geometria", "properties": {"id_foco_bdq": 1814989294, "foco_id": "9a6cb618-b462-38c6-bbfa-41913f67b64b", "longitude": -50.5227, "latitude": -27.97445, "data_hora_gmt": "2026-04-21T18:49:00Z", "data_pas": "2026-04-21", "satelite": "AQUA_M-T", "municipio": "CAPÃO ALTO", "estado": "SANTA CATARINA", "pais": "Brasil", "precipitacao": null, "numero_dias_sem_chuva": null, "risco_fogo": null, "bioma": "Mata Atlântica", "id_0": 33, "id_1": 42, "id_2": 4203253, "continente_id": 8, "vegetacao": null, "grade_wrs": "221_079", "frp": 9.9}, "bbox": [-50.5227, -27.97445, -50.5227, -27.97445]}, {"type": "Feature", "id": "focos_48h_br_todosats.fid--211a0569_19db336f1b8_-5e87", "geometry": {"type": "Point", "coordinates": [-49.59635, -27.00532]}, "geometry_name": "geometria", "properties": {"id_foco_bdq": 1814989319, "foco_id": "9ded6c4b-d701-3ad8-8723-67b0403e65f3", "longitude": -49.59635, "latitude": -27.00532, "data_hora_gmt": "2026-04-21T18:49:00Z", "data_pas": "2026-04-21", "satelite": "AQUA_M-T", "municipio": "JOSÉ BOITEUX", "estado": "SANTA CATARINA", "pais": "Brasil", "precipitacao": null, "numero_dias_sem_chuva": null, "risco_fogo": null, "bioma": "Mata Atlântica", "id_0": 33, "id_1": 42, "id_2": 4209151, "continente_id": 8, "vegetacao": null, "grade_wrs": "220_079", "frp": 12.4}, "bbox": [-49.59635, -27.00532, -49.59635, -27.00532]}, {"type": "Feature", "id": "focos_48h_br_todosats.fid--211a0569_19db336f1b8_-5e86", "geometry": {"type": "Point", "coordinates": [-50.85991, -27.20085]}, "geometry_name": "geometria", "properties": {"id_foco_bdq": 1814989436, "foco_id": "faacd751-d165-3eaa-9e0c-06de936426d3", "longitude": -50.85991, "latitude": -27.20085, "data_hora_gmt": "2026-04-21T18:49:00Z", "data_pas": "2026-04-21", "satelite": "AQUA_M-T", "municipio": "MONTE CARLO", "estado": "SANTA CATARINA", "pais": "Brasil", "precipitacao": null, "numero_dias_sem_chuva": null, "risco_fogo": null, "bioma": "Mata Atlântica", "id_0": 33, "id_1": 42, "id_2": 4211058, "continente_id": 8, "vegetacao": null, "grade_wrs": "221_079", "frp": 13}, "bbox": [-50.85991, -27.20085, -50.85991, -27.20085]}, {"type": "Feature", "id": "focos_48h_br_todosats.fid--211a0569_19db336f1b8_-5e85", "geometry": {"type": "Point", "coordinates": [-49.93657, -24.51175]}, "geometry_name": "geometria", "properties": {"id_foco_bdq": 1814989445, "foco_id": "b9fa2dbf-6c5b-3306-b3e9-d998499a6907", "longitude": -49.93657, "latitude": -24.51175, "data_hora_gmt": "2026-04-21T18:49:00Z", "data_pas": "2026-04-21", "satelite": "AQUA_M-T", "municipio": "PIRAÍ DO SUL", "estado": "PARANÁ", "pais": "Brasil", "precipitacao": null, "numero_dias_sem_chuva": null, "risco_fogo": null, "bioma": "Mata Atlântica", "id_0": 33, "id_1": 41, "id_2": 4119400, "continente_id": 8, "vegetacao": null, "grade_wrs": "221_077", "frp": 4.7}, "bbox": [-49.93657, -24.51175, -49.93657, -24.51175]}, {"type": "Feature", "id": "focos_48h_br_todosats.fid--211a0569_19db336f1b8_-5e84", "geometry": {"type": "Point", "coordinates": [-49.63682, -24.95795]}, "geometry_name": "geometria", "properties": {"id_foco_bdq": 1814989466, "foco_id": "97b5ffeb-5ba3-38e0-baee-015389498f66", "longitude": -49.63682, "latitude": -24.95795, "data_hora_gmt": "2026-04-21T18:49:00Z", "data_pas": "2026-04-21", "satelite": "AQUA_M-T", "municipio": "CASTRO", "estado": "PARANÁ", "pais": "Brasil", "precipitacao": null, "numero_dias_sem_chuva": null, "risco_fogo": null, "bioma": "Mata Atlântica", "id_0": 33, "id_1": 41, "id_2": 4104907, "continente_id": 8, "vegetacao": null, "grade_wrs": "221_077", "frp": 294}, "bbox": [-49.63682, -24.95795, -49.63682, -24.95795]}, {"type": "Feature", "id": "focos_48h_br_todosats.fid--211a0569_19db336f1b8_-5e83", "geometry": {"type": "Point", "coordinates": [-48.88019, -25.06259]}, "geometry_name": "geometria", "properties": {"id_foco_bdq": 1814989494, "foco_id": "2612f102-994f-3294-958f-516e414c85fb", "longitude": -48.88019, "latitude": -25.06259, "data_hora_gmt": "2026-04-21T18:49:00Z", "data_pas": "2026-04-21", "satelite": "AQUA_M-T", "municipio": "BOCAIÚVA DO SUL", "estado": "PARANÁ", "pais": "Brasil", "precipitacao": null, "numero_dias_sem_chuva": null, "risco_fogo": null, "bioma": "Mata Atlântica", "id_0": 33, "id_1": 41, "id_2": 4103107, "continente_id": 8, "vegetacao": null, "grade_wrs": "220_077", "frp": 5.5}, "bbox": [-48.88019, -25.06259, -48.88019, -25.06259]}, {"type": "Feature", "id": "focos_48h_br_todosats.fid--211a0569_19db336f1b8_-5e82", "geometry": {"type": "Point", "coordinates": [-49.04256, -28.13603]}, "geometry_name": "geometria", "properties": {"id_foco_bdq": 1814989656, "foco_id": "a4a3e1f2-9e35-3ac5-9918-41e7b54eb5f3", "longitude": -49.04256, "latitude": -28.13603, "data_hora_gmt": "2026-04-21T18:49:00Z", "data_pas": "2026-04-21", "satelite": "AQUA_M-T", "municipio": "SÃO MARTINHO", "estado": "SANTA CATARINA", "pais": "Brasil", "precipitacao": null, "numero_dias_sem_chuva": null, "risco_fogo": null, "bioma": "Mata Atlântica", "id_0": 33, "id_1": 42, "id_2": 4217105, "continente_id": 8, "vegetacao": null, "grade_wrs": "220_079", "frp": 11}, "bbox": [-49.04256, -28.13603, -49.04256, -28.13603]}, {"type": "Feature", "id": "focos_48h_br_todosats.fid--211a0569_19db336f1b8_-5e81", "geometry": {"type": "Point", "coordinates": [-51.18481, -26.02002]}, "geometry_name": "geometria", "properties": {"id_foco_bdq": 1814989661, "foco_id": "e2741095-6eed-3a34-bb2a-d070edd10892", "longitude": -51.18481, "latitude": -26.02002, "data_hora_gmt": "2026-04-21T18:49:00Z", "data_pas": "2026-04-21", "satelite": "AQUA_M-T", "municipio": "CRUZ MACHADO", "estado": "PARANÁ", "pais": "Brasil", "precipitacao": null, "numero_dias_sem_chuva": null, "risco_fogo": null, "bioma": "Mata Atlântica", "id_0": 33, "id_1": 41, "id_2": 4106803, "continente_id": 8, "vegetacao": null, "grade_wrs": "222_078", "frp": 7}, "bbox": [-51.18481, -26.02002, -51.18481, -26.02002]}, {"type": "Feature", "id": "focos_48h_br_todosats.fid--211a0569_19db336f1b8_-5e80", "geometry": {"type": "Point", "coordinates": [-49.64672, -24.95932]}, "geometry_name": "geometria", "properties": {"id_foco_bdq": 1814989742, "foco_id": "b96a555c-947c-3942-8626-ce99df574839", "longitude": -49.64672, "latitude": -24.95932, "data_hora_gmt": "2026-04-21T18:49:00Z", "data_pas": "2026-04-21", "satelite": "AQUA_M-T", "municipio": "CASTRO", "estado": "PARANÁ", "pais": "Brasil", "precipitacao": null, "numero_dias_sem_chuva": null, "risco_fogo": null, "bioma": "Mata Atlântica", "id_0": 33, "id_1": 41, "id_2": 4104907, "continente_id": 8, "vegetacao": null, "grade_wrs": "221_077", "frp": 7.2}, "bbox": [-49.64672, -24.95932, -49.64672, -24.95932]}, {"type": "Feature", "id": "focos_48h_br_todosats.fid--211a0569_19db336f1b8_-5e7f", "geometry": {"type": "Point", "coordinates": [-49.04254, -28.13603]}, "geometry_name": "geometria", "properties": {"id_foco_bdq": 1814989744, "foco_id": "966d2ca8-807b-39c6-be69-c9448b4229c8", "longitude": -49.04254, "latitude": -28.13603, "data_hora_gmt": "2026-04-21T18:49:00Z", "data_pas": "2026-04-21", "satelite": "AQUA_M-T", "municipio": "SÃO MARTINHO", "estado": "SANTA CATARINA", "pais": "Brasil", "precipitacao": null, "numero_dias_sem_chuva": null, "risco_fogo": null, "bioma": "Mata Atlântica", "id_0": 33, "id_1": 42, "id_2": 4217105, "continente_id": 8, "vegetacao": null, "grade_wrs": "220_079", "frp": 11}, "bbox": [-49.04254, -28.13603, -49.04254, -28.13603]}, {"type": "Feature", "id": "focos_48h_br_todosats.fid--211a0569_19db336f1b8_-5e7e", "geometry": {"type": "Point", "coordinates": [-51.17324, -26.01854]}, "geometry_name": "geometria", "properties": {"id_foco_bdq": 1814989747, "foco_id": "1915627f-1ba3-3cf7-b232-145c3ca5d294", "longitude": -51.17324, "latitude": -26.01854, "data_hora_gmt": "2026-04-21T18:49:00Z", "data_pas": "2026-04-21", "satelite": "AQUA_M-T", "municipio": "UNIÃO DA VITÓRIA", "estado": "PARANÁ", "pais": "Brasil", "precipitacao": null, "numero_dias_sem_chuva": null, "risco_fogo": null, "bioma": "Mata Atlântica", "id_0": 33, "id_1": 41, "id_2": 4128203, "continente_id": 8, "vegetacao": null, "grade_wrs": "222_078", "frp": 9.6}, "bbox": [-51.17324, -26.01854, -51.17324, -26.01854]}, {"type": "Feature", "id": "focos_48h_br_todosats.fid--211a0569_19db336f1b8_-5e7d", "geometry": {"type": "Point", "coordinates": [-47.46247, -22.14346]}, "geometry_name": "geometria", "properties": {"id_foco_bdq": 1814989817, "foco_id": "54f6e9a0-bfa9-3575-99f6-ebf163be7994", "longitude": -47.46247, "latitude": -22.14346, "data_hora_gmt": "2026-04-21T18:49:00Z", "data_pas": "2026-04-21", "satelite": "AQUA_M-T", "municipio": "SANTA CRUZ DA CONCEIÇÃO", "estado": "SÃO PAULO", "pais": "Brasil", "precipitacao": null, "numero_dias_sem_chuva": null, "risco_fogo": null, "bioma": "Cerrado", "id_0": 33, "id_1": 35, "id_2": 3546207, "continente_id": 8, "vegetacao": null, "grade_wrs": "220_075", "frp": 22.5}, "bbox": [-47.46247, -22.14346, -47.46247, -22.14346]}, {"type": "Feature", "id": "focos_48h_br_todosats.fid--211a0569_19db336f1b8_-5e7c", "geometry": {"type": "Point", "coordinates": [-54.54815, -18.41964]}, "geometry_name": "geometria", "properties": {"id_foco_bdq": 1814987564, "foco_id": "ae060638-38ef-31b7-95f7-cfffacefcedf", "longitude": -54.54815, "latitude": -18.41964, "data_hora_gmt": "2026-04-21T18:51:00Z", "data_pas": "2026-04-21", "satelite": "AQUA_M-T", "municipio": "COXIM", "estado": "MATO GROSSO DO SUL", "pais": "Brasil", "precipitacao": null, "numero_dias_sem_chuva": null, "risco_fogo": null, "bioma": "Cerrado", "id_0": 33, "id_1": 50, "id_2": 5003306, "continente_id": 8, "vegetacao": null, "grade_wrs": "225_073", "frp": 22.6}, "bbox": [-54.54815, -18.41964, -54.54815, -18.41964]}, {"type": "Feature", "id": "focos_48h_br_todosats.fid--211a0569_19db336f1b8_-5e7b", "geometry": {"type": "Point", "coordinates": [-47.7754, -11.99529]}, "geometry_name": "geometria", "properties": {"id_foco_bdq": 1814987498, "foco_id": "ab5a7384-b7b6-3d4e-919f-dc3598d98fdb", "longitude": -47.7754, "latitude": -11.99529, "data_hora_gmt": "2026-04-21T18:51:00Z", "data_pas": "2026-04-21", "satelite": "AQUA_M-T", "municipio": "NATIVIDADE", "estado": "TOCANTINS", "pais": "Brasil", "precipitacao": null, "numero_dias_sem_chuva": null, "risco_fogo": null, "bioma": "Cerrado", "id_0": 33, "id_1": 17, "id_2": 1714203, "continente_id": 8, "vegetacao": null, "grade_wrs": "221_068", "frp": 15.2}, "bbox": [-47.7754, -11.99529, -47.7754, -11.99529]}, {"type": "Feature", "id": "focos_48h_br_todosats.fid--211a0569_19db336f1b8_-5e7a", "geometry": {"type": "Point", "coordinates": [-54.92783, -16.43682]}, "geometry_name": "geometria", "properties": {"id_foco_bdq": 1814989797, "foco_id": "24117df6-2d0e-3203-a867-bf2ceae9de10", "longitude": -54.92783, "latitude": -16.43682, "data_hora_gmt": "2026-04-21T18:51:00Z", "data_pas": "2026-04-21", "satelite": "AQUA_M-T", "municipio": "RONDONÓPOLIS", "estado": "MATO GROSSO", "pais": "Brasil", "precipitacao": null, "numero_dias_sem_chuva": null, "risco_fogo": null, "bioma": "Cerrado", "id_0": 33, "id_1": 51, "id_2": 5107602, "continente_id": 8, "vegetacao": null, "grade_wrs": "225_071", "frp": 23}, "bbox": [-54.92783, -16.43682, -54.92783, -16.43682]}, {"type": "Feature", "id": "focos_48h_br_todosats.fid--211a0569_19db336f1b8_-5e79", "geometry": {"type": "Point", "coordinates": [-49.87323, -12.45649]}, "geometry_name": "geometria", "properties": {"id_foco_bdq": 1814985988, "foco_id": "a544dea1-f68f-37a8-96eb-59e1519a6ec1", "longitude": -49.87323, "latitude": -12.45649, "data_hora_gmt": "2026-04-21T18:51:00Z", "data_pas": "2026-04-21", "satelite": "AQUA_M-T", "municipio": "SANDOLÂNDIA", "estado": "TOCANTINS", "pais": "Brasil", "precipitacao": null, "numero_dias_sem_chuva": null, "risco_fogo": null, "bioma": "Cerrado", "id_0": 33, "id_1": 17, "id_2": 1718840, "continente_id": 8, "vegetacao": null, "grade_wrs": "223_069", "frp": 7.8}, "bbox": [-49.87323, -12.45649, -49.87323, -12.45649]}, {"type": "Feature", "id": "focos_48h_br_todosats.fid--211a0569_19db336f1b8_-5e78", "geometry": {"type": "Point", "coordinates": [-51.87107, -16.76507]}, "geometry_name": "geometria", "properties": {"id_foco_bdq": 1814989737, "foco_id": "caf4bc39-cbf7-39cf-812e-abfe2dd7e914", "longitude": -51.87107, "latitude": -16.76507, "data_hora_gmt": "2026-04-21T18:51:00Z", "data_pas": "2026-04-21", "satelite": "AQUA_M-T", "municipio": "CAIAPÔNIA", "estado": "GOIÁS", "pais": "Brasil", "precipitacao": null, "numero_dias_sem_chuva": null, "risco_fogo": null, "bioma": "Cerrado", "id_0": 33, "id_1": 52, "id_2": 5204409, "continente_id": 8, "vegetacao": null, "grade_wrs": "223_072", "frp": 6.5}, "bbox": [-51.87107, -16.76507, -51.87107, -16.76507]}, {"type": "Feature", "id": "focos_48h_br_todosats.fid--211a0569_19db336f1b8_-5e77", "geometry": {"type": "Point", "coordinates": [-53.35745, -19.3925]}, "geometry_name": "geometria", "properties": {"id_foco_bdq": 1814989727, "foco_id": "3fe71a4b-7b26-365b-8eb3-d93dd6648245", "longitude": -53.35745, "latitude": -19.3925, "data_hora_gmt": "2026-04-21T18:51:00Z", "data_pas": "2026-04-21", "satelite": "AQUA_M-T", "municipio": "PARAÍSO DAS ÁGUAS", "estado": "MATO GROSSO DO SUL", "pais": "Brasil", "precipitacao": null, "numero_dias_sem_chuva": null, "risco_fogo": null, "bioma": "Cerrado", "id_0": 33, "id_1": 50, "id_2": 5006275, "continente_id": 8, "vegetacao": null, "grade_wrs": "224_073", "frp": 30.5}, "bbox": [-53.35745, -19.3925, -53.35745, -19.3925]}, {"type": "Feature", "id": "focos_48h_br_todosats.fid--211a0569_19db336f1b8_-5e76", "geometry": {"type": "Point", "coordinates": [-46.53989, -15.85435]}, "geometry_name": "geometria", "properties": {"id_foco_bdq": 1814988168, "foco_id": "01a83adc-4623-34f4-ae21-11835e48aac8", "longitude": -46.53989, "latitude": -15.85435, "data_hora_gmt": "2026-04-21T18:51:00Z", "data_pas": "2026-04-21", "satelite": "AQUA_M-T", "municipio": "UNAÍ", "estado": "MINAS GERAIS", "pais": "Brasil", "precipitacao": null, "numero_dias_sem_chuva": null, "risco_fogo": null, "bioma": "Cerrado", "id_0": 33, "id_1": 31, "id_2": 3170404, "continente_id": 8, "vegetacao": null, "grade_wrs": "220_071", "frp": 10.9}, "bbox": [-46.53989, -15.85435, -46.53989, -15.85435]}, {"type": "Feature", "id": "focos_48h_br_todosats.fid--211a0569_19db336f1b8_-5e75", "geometry": {"type": "Point", "coordinates": [-56.66269, -13.99832]}, "geometry_name": "geometria", "properties": {"id_foco_bdq": 1814985989, "foco_id": "9d2ffda4-2461-3b1c-9c63-e1575c562444", "longitude": -56.66269, "latitude": -13.99832, "data_hora_gmt": "2026-04-21T18:51:00Z", "data_pas": "2026-04-21", "satelite": "AQUA_M-T", "municipio": "DIAMANTINO", "estado": "MATO GROSSO", "pais": "Brasil", "precipitacao": null, "numero_dias_sem_chuva": null, "risco_fogo": null, "bioma": "Cerrado", "id_0": 33, "id_1": 51, "id_2": 5103502, "continente_id": 8, "vegetacao": null, "grade_wrs": "227_070", "frp": 20.6}, "bbox": [-56.66269, -13.99832, -56.66269, -13.99832]}, {"type": "Feature", "id": "focos_48h_br_todosats.fid--211a0569_19db336f1b8_-5e74", "geometry": {"type": "Point", "coordinates": [-47.77524, -15.76563]}, "geometry_name": "geometria", "properties": {"id_foco_bdq": 1814988491, "foco_id": "16750779-cd5f-38a7-86ba-e20d7e618404", "longitude": -47.77524, "latitude": -15.76563, "data_hora_gmt": "2026-04-21T18:51:00Z", "data_pas": "2026-04-21", "satelite": "AQUA_M-T", "municipio": "BRASÍLIA", "estado": "DISTRITO FEDERAL", "pais": "Brasil", "precipitacao": null, "numero_dias_sem_chuva": null, "risco_fogo": null, "bioma": "Cerrado", "id_0": 33, "id_1": 53, "id_2": 5300108, "continente_id": 8, "vegetacao": null, "grade_wrs": "221_071", "frp": 9.1}, "bbox": [-47.77524, -15.76563, -47.77524, -15.76563]}, {"type": "Feature", "id": "focos_48h_br_todosats.fid--211a0569_19db336f1b8_-5e73", "geometry": {"type": "Point", "coordinates": [-56.66267, -13.99832]}, "geometry_name": "geometria", "properties": {"id_foco_bdq": 1814988116, "foco_id": "2fbbe87e-1343-353a-bf13-a98a7dec7d85", "longitude": -56.66267, "latitude": -13.99832, "data_hora_gmt": "2026-04-21T18:51:00Z", "data_pas": "2026-04-21", "satelite": "AQUA_M-T", "municipio": "DIAMANTINO", "estado": "MATO GROSSO", "pais": "Brasil", "precipitacao": null, "numero_dias_sem_chuva": null, "risco_fogo": null, "bioma": "Cerrado", "id_0": 33, "id_1": 51, "id_2": 5103502, "continente_id": 8, "vegetacao": null, "grade_wrs": "227_070", "frp": 20.6}, "bbox": [-56.66267, -13.99832, -56.66267, -13.99832]}, {"type": "Feature", "id": "focos_48h_br_todosats.fid--211a0569_19db336f1b8_-5e72", "geometry": {"type": "Point", "coordinates": [-45.34919, -12.05676]}, "geometry_name": "geometria", "properties": {"id_foco_bdq": 1814986999, "foco_id": "29577a57-a768-3007-aac1-e5ed261e08a0", "longitude": -45.34919, "latitude": -12.05676, "data_hora_gmt": "2026-04-21T18:51:00Z", "data_pas": "2026-04-21", "satelite": "AQUA_M-T", "municipio": "BARREIRAS", "estado": "BAHIA", "pais": "Brasil", "precipitacao": null, "numero_dias_sem_chuva": null, "risco_fogo": null, "bioma": "Cerrado", "id_0": 33, "id_1": 29, "id_2": 2903201, "continente_id": 8, "vegetacao": null, "grade_wrs": "220_068", "frp": 50.2}, "bbox": [-45.34919, -12.05676, -45.34919, -12.05676]}, {"type": "Feature", "id": "focos_48h_br_todosats.fid--211a0569_19db336f1b8_-5e71", "geometry": {"type": "Point", "coordinates": [-47.77372, -12.00547]}, "geometry_name": "geometria", "properties": {"id_foco_bdq": 1814986091, "foco_id": "502a6afa-bb0a-38c9-afb3-8933bfeba028", "longitude": -47.77372, "latitude": -12.00547, "data_hora_gmt": "2026-04-21T18:51:00Z", "data_pas": "2026-04-21", "satelite": "AQUA_M-T", "municipio": "NATIVIDADE", "estado": "TOCANTINS", "pais": "Brasil", "precipitacao": null, "numero_dias_sem_chuva": null, "risco_fogo": null, "bioma": "Cerrado", "id_0": 33, "id_1": 17, "id_2": 1714203, "continente_id": 8, "vegetacao": null, "grade_wrs": "221_068", "frp": 104.2}, "bbox": [-47.77372, -12.00547, -47.77372, -12.00547]}, {"type": "Feature", "id": "focos_48h_br_todosats.fid--211a0569_19db336f1b8_-5e70", "geometry": {"type": "Point", "coordinates": [-51.87109, -16.76507]}, "geometry_name": "geometria", "properties": {"id_foco_bdq": 1814989566, "foco_id": "b1ec08a8-961f-38c5-b11d-1b89375fe6cc", "longitude": -51.87109, "latitude": -16.76507, "data_hora_gmt": "2026-04-21T18:51:00Z", "data_pas": "2026-04-21", "satelite": "AQUA_M-T", "municipio": "CAIAPÔNIA", "estado": "GOIÁS", "pais": "Brasil", "precipitacao": null, "numero_dias_sem_chuva": null, "risco_fogo": null, "bioma": "Cerrado", "id_0": 33, "id_1": 52, "id_2": 5204409, "continente_id": 8, "vegetacao": null, "grade_wrs": "223_072", "frp": 6.5}, "bbox": [-51.87109, -16.76507, -51.87109, -16.76507]}, {"type": "Feature", "id": "focos_48h_br_todosats.fid--211a0569_19db336f1b8_-5e6f", "geometry": {"type": "Point", "coordinates": [-54.47934, -16.15151]}, "geometry_name": "geometria", "properties": {"id_foco_bdq": 1814988081, "foco_id": "e1eb01f7-4528-3827-8924-2d0241cdc521", "longitude": -54.47934, "latitude": -16.15151, "data_hora_gmt": "2026-04-21T18:51:00Z", "data_pas": "2026-04-21", "satelite": "AQUA_M-T", "municipio": "RONDONÓPOLIS", "estado": "MATO GROSSO", "pais": "Brasil", "precipitacao": null, "numero_dias_sem_chuva": null, "risco_fogo": null, "bioma": "Cerrado", "id_0": 33, "id_1": 51, "id_2": 5107602, "continente_id": 8, "vegetacao": null, "grade_wrs": "225_071", "frp": 21.6}, "bbox": [-54.47934, -16.15151, -54.47934, -16.15151]}, {"type": "Feature", "id": "focos_48h_br_todosats.fid--211a0569_19db336f1b8_-5e6e", "geometry": {"type": "Point", "coordinates": [-49.87321, -12.4565]}, "geometry_name": "geometria", "properties": {"id_foco_bdq": 1814988608, "foco_id": "d9929672-ad0c-3b83-bb60-63c411c7d756", "longitude": -49.87321, "latitude": -12.4565, "data_hora_gmt": "2026-04-21T18:51:00Z", "data_pas": "2026-04-21", "satelite": "AQUA_M-T", "municipio": "SANDOLÂNDIA", "estado": "TOCANTINS", "pais": "Brasil", "precipitacao": null, "numero_dias_sem_chuva": null, "risco_fogo": null, "bioma": "Cerrado", "id_0": 33, "id_1": 17, "id_2": 1718840, "continente_id": 8, "vegetacao": null, "grade_wrs": "223_069", "frp": 7.8}, "bbox": [-49.87321, -12.4565, -49.87321, -12.4565]}, {"type": "Feature", "id": "focos_48h_br_todosats.fid--211a0569_19db336f1b8_-5e6d", "geometry": {"type": "Point", "coordinates": [-53.64001, -13.24167]}, "geometry_name": "geometria", "properties": {"id_foco_bdq": 1814989510, "foco_id": "acc1c24c-9020-39dc-9762-86a2688f71f6", "longitude": -53.64001, "latitude": -13.24167, "data_hora_gmt": "2026-04-21T18:51:00Z", "data_pas": "2026-04-21", "satelite": "AQUA_M-T", "municipio": "GAÚCHA DO NORTE", "estado": "MATO GROSSO", "pais": "Brasil", "precipitacao": null, "numero_dias_sem_chuva": null, "risco_fogo": null, "bioma": "Amazônia", "id_0": 33, "id_1": 51, "id_2": 5103858, "continente_id": 8, "vegetacao": null, "grade_wrs": "225_069", "frp": 128.5}, "bbox": [-53.64001, -13.24167, -53.64001, -13.24167]}, {"type": "Feature", "id": "focos_48h_br_todosats.fid--211a0569_19db336f1b8_-5e6c", "geometry": {"type": "Point", "coordinates": [-45.34329, -12.05885]}, "geometry_name": "geometria", "properties": {"id_foco_bdq": 1814988047, "foco_id": "92921621-8c39-3258-8fad-7947cbd07089", "longitude": -45.34329, "latitude": -12.05885, "data_hora_gmt": "2026-04-21T18:51:00Z", "data_pas": "2026-04-21", "satelite": "AQUA_M-T", "municipio": "BARREIRAS", "estado": "BAHIA", "pais": "Brasil", "precipitacao": null, "numero_dias_sem_chuva": null, "risco_fogo": null, "bioma": "Cerrado", "id_0": 33, "id_1": 29, "id_2": 2903201, "continente_id": 8, "vegetacao": null, "grade_wrs": "220_068", "frp": 52.9}, "bbox": [-45.34329, -12.05885, -45.34329, -12.05885]}, {"type": "Feature", "id": "focos_48h_br_todosats.fid--211a0569_19db336f1b8_-5e6b", "geometry": {"type": "Point", "coordinates": [-52.66964, -17.82248]}, "geometry_name": "geometria", "properties": {"id_foco_bdq": 1814985862, "foco_id": "abd27a0c-0e33-3ca7-8900-e09962606c79", "longitude": -52.66964, "latitude": -17.82248, "data_hora_gmt": "2026-04-21T18:51:00Z", "data_pas": "2026-04-21", "satelite": "AQUA_M-T", "municipio": "MINEIROS", "estado": "GOIÁS", "pais": "Brasil", "precipitacao": null, "numero_dias_sem_chuva": null, "risco_fogo": null, "bioma": "Cerrado", "id_0": 33, "id_1": 52, "id_2": 5213103, "continente_id": 8, "vegetacao": null, "grade_wrs": "224_072", "frp": 5.9}, "bbox": [-52.66964, -17.82248, -52.66964, -17.82248]}, {"type": "Feature", "id": "focos_48h_br_todosats.fid--211a0569_19db336f1b8_-5e6a", "geometry": {"type": "Point", "coordinates": [-45.23435, -12.02722]}, "geometry_name": "geometria", "properties": {"id_foco_bdq": 1814988024, "foco_id": "52ac3c37-59c5-35af-b9f2-d112d7b013c4", "longitude": -45.23435, "latitude": -12.02722, "data_hora_gmt": "2026-04-21T18:51:00Z", "data_pas": "2026-04-21", "satelite": "AQUA_M-T", "municipio": "BARREIRAS", "estado": "BAHIA", "pais": "Brasil", "precipitacao": null, "numero_dias_sem_chuva": null, "risco_fogo": null, "bioma": "Cerrado", "id_0": 33, "id_1": 29, "id_2": 2903201, "continente_id": 8, "vegetacao": null, "grade_wrs": "220_068", "frp": 86.5}, "bbox": [-45.23435, -12.02722, -45.23435, -12.02722]}, {"type": "Feature", "id": "focos_48h_br_todosats.fid--211a0569_19db336f1b8_-5e69", "geometry": {"type": "Point", "coordinates": [-45.2401, -12.02595]}, "geometry_name": "geometria", "properties": {"id_foco_bdq": 1814986104, "foco_id": "cfdb37a6-1ad1-3689-9d69-dcd0dc8803d1", "longitude": -45.2401, "latitude": -12.02595, "data_hora_gmt": "2026-04-21T18:51:00Z", "data_pas": "2026-04-21", "satelite": "AQUA_M-T", "municipio": "BARREIRAS", "estado": "BAHIA", "pais": "Brasil", "precipitacao": null, "numero_dias_sem_chuva": null, "risco_fogo": null, "bioma": "Cerrado", "id_0": 33, "id_1": 29, "id_2": 2903201, "continente_id": 8, "vegetacao": null, "grade_wrs": "220_068", "frp": 55.2}, "bbox": [-45.2401, -12.02595, -45.2401, -12.02595]}, {"type": "Feature", "id": "focos_48h_br_todosats.fid--211a0569_19db336f1b8_-5e68", "geometry": {"type": "Point", "coordinates": [-53.62943, -13.24023]}, "geometry_name": "geometria", "properties": {"id_foco_bdq": 1814989467, "foco_id": "187cc540-ff0e-3caf-a697-f6a196d88ddf", "longitude": -53.62943, "latitude": -13.24023, "data_hora_gmt": "2026-04-21T18:51:00Z", "data_pas": "2026-04-21", "satelite": "AQUA_M-T", "municipio": "GAÚCHA DO NORTE", "estado": "MATO GROSSO", "pais": "Brasil", "precipitacao": null, "numero_dias_sem_chuva": null, "risco_fogo": null, "bioma": "Amazônia", "id_0": 33, "id_1": 51, "id_2": 5103858, "continente_id": 8, "vegetacao": null, "grade_wrs": "225_069", "frp": 73.6}, "bbox": [-53.62943, -13.24023, -53.62943, -13.24023]}, {"type": "Feature", "id": "focos_48h_br_todosats.fid--211a0569_19db336f1b8_-5e67", "geometry": {"type": "Point", "coordinates": [-45.22127, -12.0228]}, "geometry_name": "geometria", "properties": {"id_foco_bdq": 1814988733, "foco_id": "78161c5f-c1cc-3a8a-bab4-948dedfcb5d6", "longitude": -45.22127, "latitude": -12.0228, "data_hora_gmt": "2026-04-21T18:51:00Z", "data_pas": "2026-04-21", "satelite": "AQUA_M-T", "municipio": "BARREIRAS", "estado": "BAHIA", "pais": "Brasil", "precipitacao": null, "numero_dias_sem_chuva": null, "risco_fogo": null, "bioma": "Cerrado", "id_0": 33, "id_1": 29, "id_2": 2903201, "continente_id": 8, "vegetacao": null, "grade_wrs": "220_068", "frp": 50.3}, "bbox": [-45.22127, -12.0228, -45.22127, -12.0228]}, {"type": "Feature", "id": "focos_48h_br_todosats.fid--211a0569_19db336f1b8_-5e66", "geometry": {"type": "Point", "coordinates": [-45.22126, -12.02281]}, "geometry_name": "geometria", "properties": {"id_foco_bdq": 1814987122, "foco_id": "5d01723f-c7a6-3080-87ec-c739f2dd744f", "longitude": -45.22126, "latitude": -12.02281, "data_hora_gmt": "2026-04-21T18:51:00Z", "data_pas": "2026-04-21", "satelite": "AQUA_M-T", "municipio": "BARREIRAS", "estado": "BAHIA", "pais": "Brasil", "precipitacao": null, "numero_dias_sem_chuva": null, "risco_fogo": null, "bioma": "Cerrado", "id_0": 33, "id_1": 29, "id_2": 2903201, "continente_id": 8, "vegetacao": null, "grade_wrs": "220_068", "frp": 50.3}, "bbox": [-45.22126, -12.02281, -45.22126, -12.02281]}, {"type": "Feature", "id": "focos_48h_br_todosats.fid--211a0569_19db336f1b8_-5e65", "geometry": {"type": "Point", "coordinates": [-45.23656, -12.01486]}, "geometry_name": "geometria", "properties": {"id_foco_bdq": 1814986118, "foco_id": "91655dca-a6dd-3cc1-acd8-43fb3d6372d1", "longitude": -45.23656, "latitude": -12.01486, "data_hora_gmt": "2026-04-21T18:51:00Z", "data_pas": "2026-04-21", "satelite": "AQUA_M-T", "municipio": "BARREIRAS", "estado": "BAHIA", "pais": "Brasil", "precipitacao": null, "numero_dias_sem_chuva": null, "risco_fogo": null, "bioma": "Cerrado", "id_0": 33, "id_1": 29, "id_2": 2903201, "continente_id": 8, "vegetacao": null, "grade_wrs": "220_068", "frp": 50}, "bbox": [-45.23656, -12.01486, -45.23656, -12.01486]}, {"type": "Feature", "id": "focos_48h_br_todosats.fid--211a0569_19db336f1b8_-5e64", "geometry": {"type": "Point", "coordinates": [-47.77525, -15.76563]}, "geometry_name": "geometria", "properties": {"id_foco_bdq": 1814985981, "foco_id": "616a11fb-3afd-3ea3-99a9-d02067799a51", "longitude": -47.77525, "latitude": -15.76563, "data_hora_gmt": "2026-04-21T18:51:00Z", "data_pas": "2026-04-21", "satelite": "AQUA_M-T", "municipio": "BRASÍLIA", "estado": "DISTRITO FEDERAL", "pais": "Brasil", "precipitacao": null, "numero_dias_sem_chuva": null, "risco_fogo": null, "bioma": "Cerrado", "id_0": 33, "id_1": 53, "id_2": 5300108, "continente_id": 8, "vegetacao": null, "grade_wrs": "221_071", "frp": 9.1}, "bbox": [-47.77525, -15.76563, -47.77525, -15.76563]}, {"type": "Feature", "id": "focos_48h_br_todosats.fid--211a0569_19db336f1b8_-5e63", "geometry": {"type": "Point", "coordinates": [-48.26649, -12.53675]}, "geometry_name": "geometria", "properties": {"id_foco_bdq": 1814988760, "foco_id": "72cd848f-bc14-3f24-a34e-44839302e576", "longitude": -48.26649, "latitude": -12.53675, "data_hora_gmt": "2026-04-21T18:51:00Z", "data_pas": "2026-04-21", "satelite": "AQUA_M-T", "municipio": "SÃO SALVADOR DO TOCANTINS", "estado": "TOCANTINS", "pais": "Brasil", "precipitacao": null, "numero_dias_sem_chuva": null, "risco_fogo": null, "bioma": "Cerrado", "id_0": 33, "id_1": 17, "id_2": 1720259, "continente_id": 8, "vegetacao": null, "grade_wrs": "222_069", "frp": 7.9}, "bbox": [-48.26649, -12.53675, -48.26649, -12.53675]}, {"type": "Feature", "id": "focos_48h_br_todosats.fid--211a0569_19db336f1b8_-5e62", "geometry": {"type": "Point", "coordinates": [-47.7737, -12.00547]}, "geometry_name": "geometria", "properties": {"id_foco_bdq": 1814988778, "foco_id": "ce09edc7-125c-3d1a-b977-9ddd6257b671", "longitude": -47.7737, "latitude": -12.00547, "data_hora_gmt": "2026-04-21T18:51:00Z", "data_pas": "2026-04-21", "satelite": "AQUA_M-T", "municipio": "NATIVIDADE", "estado": "TOCANTINS", "pais": "Brasil", "precipitacao": null, "numero_dias_sem_chuva": null, "risco_fogo": null, "bioma": "Cerrado", "id_0": 33, "id_1": 17, "id_2": 1714203, "continente_id": 8, "vegetacao": null, "grade_wrs": "221_068", "frp": 104.2}, "bbox": [-47.7737, -12.00547, -47.7737, -12.00547]}, {"type": "Feature", "id": "focos_48h_br_todosats.fid--211a0569_19db336f1b8_-5e61", "geometry": {"type": "Point", "coordinates": [-53.64002, -13.24167]}, "geometry_name": "geometria", "properties": {"id_foco_bdq": 1814986146, "foco_id": "d9c7ccb5-5616-33b4-9eb9-2025981a905a", "longitude": -53.64002, "latitude": -13.24167, "data_hora_gmt": "2026-04-21T18:51:00Z", "data_pas": "2026-04-21", "satelite": "AQUA_M-T", "municipio": "GAÚCHA DO NORTE", "estado": "MATO GROSSO", "pais": "Brasil", "precipitacao": null, "numero_dias_sem_chuva": null, "risco_fogo": null, "bioma": "Amazônia", "id_0": 33, "id_1": 51, "id_2": 5103858, "continente_id": 8, "vegetacao": null, "grade_wrs": "225_069", "frp": 128.5}, "bbox": [-53.64002, -13.24167, -53.64002, -13.24167]}, {"type": "Feature", "id": "focos_48h_br_todosats.fid--211a0569_19db336f1b8_-5e60", "geometry": {"type": "Point", "coordinates": [-53.63861, -13.25113]}, "geometry_name": "geometria", "properties": {"id_foco_bdq": 1814989460, "foco_id": "adc2210f-6ffd-341b-af37-8c2cfa51ddf5", "longitude": -53.63861, "latitude": -13.25113, "data_hora_gmt": "2026-04-21T18:51:00Z", "data_pas": "2026-04-21", "satelite": "AQUA_M-T", "municipio": "GAÚCHA DO NORTE", "estado": "MATO GROSSO", "pais": "Brasil", "precipitacao": null, "numero_dias_sem_chuva": null, "risco_fogo": null, "bioma": "Amazônia", "id_0": 33, "id_1": 51, "id_2": 5103858, "continente_id": 8, "vegetacao": null, "grade_wrs": "225_069", "frp": 16.3}, "bbox": [-53.63861, -13.25113, -53.63861, -13.25113]}, {"type": "Feature", "id": "focos_48h_br_todosats.fid--211a0569_19db336f1b8_-5e5f", "geometry": {"type": "Point", "coordinates": [-54.92784, -16.43682]}, "geometry_name": "geometria", "properties": {"id_foco_bdq": 1814986873, "foco_id": "dc6bf69a-844f-39a2-8729-bfa875319a1a", "longitude": -54.92784, "latitude": -16.43682, "data_hora_gmt": "2026-04-21T18:51:00Z", "data_pas": "2026-04-21", "satelite": "AQUA_M-T", "municipio": "RONDONÓPOLIS", "estado": "MATO GROSSO", "pais": "Brasil", "precipitacao": null, "numero_dias_sem_chuva": null, "risco_fogo": null, "bioma": "Cerrado", "id_0": 33, "id_1": 51, "id_2": 5107602, "continente_id": 8, "vegetacao": null, "grade_wrs": "225_071", "frp": 23}, "bbox": [-54.92784, -16.43682, -54.92784, -16.43682]}, {"type": "Feature", "id": "focos_48h_br_todosats.fid--211a0569_19db336f1b8_-5e5e", "geometry": {"type": "Point", "coordinates": [-45.34918, -12.05676]}, "geometry_name": "geometria", "properties": {"id_foco_bdq": 1814989412, "foco_id": "e1b1ec8d-8414-36d7-a797-d8e3af3e44ec", "longitude": -45.34918, "latitude": -12.05676, "data_hora_gmt": "2026-04-21T18:51:00Z", "data_pas": "2026-04-21", "satelite": "AQUA_M-T", "municipio": "BARREIRAS", "estado": "BAHIA", "pais": "Brasil", "precipitacao": null, "numero_dias_sem_chuva": null, "risco_fogo": null, "bioma": "Cerrado", "id_0": 33, "id_1": 29, "id_2": 2903201, "continente_id": 8, "vegetacao": null, "grade_wrs": "220_068", "frp": 50.2}, "bbox": [-45.34918, -12.05676, -45.34918, -12.05676]}, {"type": "Feature", "id": "focos_48h_br_todosats.fid--211a0569_19db336f1b8_-5e5d", "geometry": {"type": "Point", "coordinates": [-54.54814, -18.41964]}, "geometry_name": "geometria", "properties": {"id_foco_bdq": 1814987911, "foco_id": "75343441-358b-3329-9d8e-4ca7486fc5a2", "longitude": -54.54814, "latitude": -18.41964, "data_hora_gmt": "2026-04-21T18:51:00Z", "data_pas": "2026-04-21", "satelite": "AQUA_M-T", "municipio": "COXIM", "estado": "MATO GROSSO DO SUL", "pais": "Brasil", "precipitacao": null, "numero_dias_sem_chuva": null, "risco_fogo": null, "bioma": "Cerrado", "id_0": 33, "id_1": 50, "id_2": 5003306, "continente_id": 8, "vegetacao": null, "grade_wrs": "225_073", "frp": 22.6}, "bbox": [-54.54814, -18.41964, -54.54814, -18.41964]}, {"type": "Feature", "id": "focos_48h_br_todosats.fid--211a0569_19db336f1b8_-5e5c", "geometry": {"type": "Point", "coordinates": [-45.23437, -12.02721]}, "geometry_name": "geometria", "properties": {"id_foco_bdq": 1814988878, "foco_id": "0e0111c9-fe72-35b2-a6d5-913852522a17", "longitude": -45.23437, "latitude": -12.02721, "data_hora_gmt": "2026-04-21T18:51:00Z", "data_pas": "2026-04-21", "satelite": "AQUA_M-T", "municipio": "BARREIRAS", "estado": "BAHIA", "pais": "Brasil", "precipitacao": null, "numero_dias_sem_chuva": null, "risco_fogo": null, "bioma": "Cerrado", "id_0": 33, "id_1": 29, "id_2": 2903201, "continente_id": 8, "vegetacao": null, "grade_wrs": "220_068", "frp": 86.5}, "bbox": [-45.23437, -12.02721, -45.23437, -12.02721]}, {"type": "Feature", "id": "focos_48h_br_todosats.fid--211a0569_19db336f1b8_-5e5b", "geometry": {"type": "Point", "coordinates": [-45.23655, -12.01486]}, "geometry_name": "geometria", "properties": {"id_foco_bdq": 1814986835, "foco_id": "538b8704-bc7f-33fc-ad10-45200fa5efe4", "longitude": -45.23655, "latitude": -12.01486, "data_hora_gmt": "2026-04-21T18:51:00Z", "data_pas": "2026-04-21", "satelite": "AQUA_M-T", "municipio": "BARREIRAS", "estado": "BAHIA", "pais": "Brasil", "precipitacao": null, "numero_dias_sem_chuva": null, "risco_fogo": null, "bioma": "Cerrado", "id_0": 33, "id_1": 29, "id_2": 2903201, "continente_id": 8, "vegetacao": null, "grade_wrs": "220_068", "frp": 50}, "bbox": [-45.23655, -12.01486, -45.23655, -12.01486]}, {"type": "Feature", "id": "focos_48h_br_todosats.fid--211a0569_19db336f1b8_-5e5a", "geometry": {"type": "Point", "coordinates": [-51.86819, -16.75613]}, "geometry_name": "geometria", "properties": {"id_foco_bdq": 1814989378, "foco_id": "cbacfd18-81ed-30fe-b91d-09943e910802", "longitude": -51.86819, "latitude": -16.75613, "data_hora_gmt": "2026-04-21T18:51:00Z", "data_pas": "2026-04-21", "satelite": "AQUA_M-T", "municipio": "CAIAPÔNIA", "estado": "GOIÁS", "pais": "Brasil", "precipitacao": null, "numero_dias_sem_chuva": null, "risco_fogo": null, "bioma": "Cerrado", "id_0": 33, "id_1": 52, "id_2": 5204409, "continente_id": 8, "vegetacao": null, "grade_wrs": "223_072", "frp": 9.6}, "bbox": [-51.86819, -16.75613, -51.86819, -16.75613]}, {"type": "Feature", "id": "focos_48h_br_todosats.fid--211a0569_19db336f1b8_-5e59", "geometry": {"type": "Point", "coordinates": [-49.65394, -17.43128]}, "geometry_name": "geometria", "properties": {"id_foco_bdq": 1814987301, "foco_id": "6733ce5f-60d3-35d2-827a-063a3565a87e", "longitude": -49.65394, "latitude": -17.43128, "data_hora_gmt": "2026-04-21T18:51:00Z", "data_pas": "2026-04-21", "satelite": "AQUA_M-T", "municipio": "EDEALINA", "estado": "GOIÁS", "pais": "Brasil", "precipitacao": null, "numero_dias_sem_chuva": null, "risco_fogo": null, "bioma": "Cerrado", "id_0": 33, "id_1": 52, "id_2": 5207352, "continente_id": 8, "vegetacao": null, "grade_wrs": "222_072", "frp": 4.9}, "bbox": [-49.65394, -17.43128, -49.65394, -17.43128]}, {"type": "Feature", "id": "focos_48h_br_todosats.fid--211a0569_19db336f1b8_-5e58", "geometry": {"type": "Point", "coordinates": [-53.62942, -13.24023]}, "geometry_name": "geometria", "properties": {"id_foco_bdq": 1814987314, "foco_id": "c03b6d99-f4d4-3bc6-ab27-ddd306602101", "longitude": -53.62942, "latitude": -13.24023, "data_hora_gmt": "2026-04-21T18:51:00Z", "data_pas": "2026-04-21", "satelite": "AQUA_M-T", "municipio": "GAÚCHA DO NORTE", "estado": "MATO GROSSO", "pais": "Brasil", "precipitacao": null, "numero_dias_sem_chuva": null, "risco_fogo": null, "bioma": "Amazônia", "id_0": 33, "id_1": 51, "id_2": 5103858, "continente_id": 8, "vegetacao": null, "grade_wrs": "225_069", "frp": 73.6}, "bbox": [-53.62942, -13.24023, -53.62942, -13.24023]}, {"type": "Feature", "id": "focos_48h_br_todosats.fid--211a0569_19db336f1b8_-5e57", "geometry": {"type": "Point", "coordinates": [-54.47933, -16.15151]}, "geometry_name": "geometria", "properties": {"id_foco_bdq": 1814987320, "foco_id": "52ba9a8d-ef31-3940-aa8c-736fc281a2c4", "longitude": -54.47933, "latitude": -16.15151, "data_hora_gmt": "2026-04-21T18:51:00Z", "data_pas": "2026-04-21", "satelite": "AQUA_M-T", "municipio": "RONDONÓPOLIS", "estado": "MATO GROSSO", "pais": "Brasil", "precipitacao": null, "numero_dias_sem_chuva": null, "risco_fogo": null, "bioma": "Cerrado", "id_0": 33, "id_1": 51, "id_2": 5107602, "continente_id": 8, "vegetacao": null, "grade_wrs": "225_071", "frp": 21.6}, "bbox": [-54.47933, -16.15151, -54.47933, -16.15151]}, {"type": "Feature", "id": "focos_48h_br_todosats.fid--211a0569_19db336f1b8_-5e56", "geometry": {"type": "Point", "coordinates": [-47.77539, -11.9953]}, "geometry_name": "geometria", "properties": {"id_foco_bdq": 1814987841, "foco_id": "f4f8c13d-4075-399b-8ecb-f5c7dcae723f", "longitude": -47.77539, "latitude": -11.9953, "data_hora_gmt": "2026-04-21T18:51:00Z", "data_pas": "2026-04-21", "satelite": "AQUA_M-T", "municipio": "NATIVIDADE", "estado": "TOCANTINS", "pais": "Brasil", "precipitacao": null, "numero_dias_sem_chuva": null, "risco_fogo": null, "bioma": "Cerrado", "id_0": 33, "id_1": 17, "id_2": 1714203, "continente_id": 8, "vegetacao": null, "grade_wrs": "221_068", "frp": 15.2}, "bbox": [-47.77539, -11.9953, -47.77539, -11.9953]}, {"type": "Feature", "id": "focos_48h_br_todosats.fid--211a0569_19db336f1b8_-5e55", "geometry": {"type": "Point", "coordinates": [-53.35743, -19.3925]}, "geometry_name": "geometria", "properties": {"id_foco_bdq": 1814987362, "foco_id": "b25bdc9e-23f8-399f-bd4f-d4f6db7dfab5", "longitude": -53.35743, "latitude": -19.3925, "data_hora_gmt": "2026-04-21T18:51:00Z", "data_pas": "2026-04-21", "satelite": "AQUA_M-T", "municipio": "PARAÍSO DAS ÁGUAS", "estado": "MATO GROSSO DO SUL", "pais": "Brasil", "precipitacao": null, "numero_dias_sem_chuva": null, "risco_fogo": null, "bioma": "Cerrado", "id_0": 33, "id_1": 50, "id_2": 5006275, "continente_id": 8, "vegetacao": null, "grade_wrs": "224_073", "frp": 30.5}, "bbox": [-53.35743, -19.3925, -53.35743, -19.3925]}, {"type": "Feature", "id": "focos_48h_br_todosats.fid--211a0569_19db336f1b8_-5e54", "geometry": {"type": "Point", "coordinates": [-45.3433, -12.05885]}, "geometry_name": "geometria", "properties": {"id_foco_bdq": 1814989123, "foco_id": "49629f84-ef59-3e05-9905-00a037b23076", "longitude": -45.3433, "latitude": -12.05885, "data_hora_gmt": "2026-04-21T18:51:00Z", "data_pas": "2026-04-21", "satelite": "AQUA_M-T", "municipio": "BARREIRAS", "estado": "BAHIA", "pais": "Brasil", "precipitacao": null, "numero_dias_sem_chuva": null, "risco_fogo": null, "bioma": "Cerrado", "id_0": 33, "id_1": 29, "id_2": 2903201, "continente_id": 8, "vegetacao": null, "grade_wrs": "220_068", "frp": 52.9}, "bbox": [-45.3433, -12.05885, -45.3433, -12.05885]}, {"type": "Feature", "id": "focos_48h_br_todosats.fid--211a0569_19db336f1b8_-5e53", "geometry": {"type": "Point", "coordinates": [-45.24009, -12.02595]}, "geometry_name": "geometria", "properties": {"id_foco_bdq": 1814986183, "foco_id": "7444b2df-44b4-3af0-8ce6-e620426eb60a", "longitude": -45.24009, "latitude": -12.02595, "data_hora_gmt": "2026-04-21T18:51:00Z", "data_pas": "2026-04-21", "satelite": "AQUA_M-T", "municipio": "BARREIRAS", "estado": "BAHIA", "pais": "Brasil", "precipitacao": null, "numero_dias_sem_chuva": null, "risco_fogo": null, "bioma": "Cerrado", "id_0": 33, "id_1": 29, "id_2": 2903201, "continente_id": 8, "vegetacao": null, "grade_wrs": "220_068", "frp": 55.2}, "bbox": [-45.24009, -12.02595, -45.24009, -12.02595]}, {"type": "Feature", "id": "focos_48h_br_todosats.fid--211a0569_19db336f1b8_-5e52", "geometry": {"type": "Point", "coordinates": [-51.86821, -16.75612]}, "geometry_name": "geometria", "properties": {"id_foco_bdq": 1814989760, "foco_id": "c2aec486-72c5-38d2-ace1-39a52712ee4a", "longitude": -51.86821, "latitude": -16.75612, "data_hora_gmt": "2026-04-21T18:51:00Z", "data_pas": "2026-04-21", "satelite": "AQUA_M-T", "municipio": "CAIAPÔNIA", "estado": "GOIÁS", "pais": "Brasil", "precipitacao": null, "numero_dias_sem_chuva": null, "risco_fogo": null, "bioma": "Cerrado", "id_0": 33, "id_1": 52, "id_2": 5204409, "continente_id": 8, "vegetacao": null, "grade_wrs": "223_072", "frp": 9.6}, "bbox": [-51.86821, -16.75612, -51.86821, -16.75612]}, {"type": "Feature", "id": "focos_48h_br_todosats.fid--211a0569_19db336f1b8_-5e51", "geometry": {"type": "Point", "coordinates": [-46.53991, -15.85435]}, "geometry_name": "geometria", "properties": {"id_foco_bdq": 1814989145, "foco_id": "66c6e20d-5a63-31ef-a7a4-bb1635c545b4", "longitude": -46.53991, "latitude": -15.85435, "data_hora_gmt": "2026-04-21T18:51:00Z", "data_pas": "2026-04-21", "satelite": "AQUA_M-T", "municipio": "UNAÍ", "estado": "MINAS GERAIS", "pais": "Brasil", "precipitacao": null, "numero_dias_sem_chuva": null, "risco_fogo": null, "bioma": "Cerrado", "id_0": 33, "id_1": 31, "id_2": 3170404, "continente_id": 8, "vegetacao": null, "grade_wrs": "220_071", "frp": 10.9}, "bbox": [-46.53991, -15.85435, -46.53991, -15.85435]}, {"type": "Feature", "id": "focos_48h_br_todosats.fid--211a0569_19db336f1b8_-5e50", "geometry": {"type": "Point", "coordinates": [-49.65395, -17.43128]}, "geometry_name": "geometria", "properties": {"id_foco_bdq": 1814989150, "foco_id": "d5c11f66-61b1-3c7a-aa23-8a649b93284e", "longitude": -49.65395, "latitude": -17.43128, "data_hora_gmt": "2026-04-21T18:51:00Z", "data_pas": "2026-04-21", "satelite": "AQUA_M-T", "municipio": "EDEALINA", "estado": "GOIÁS", "pais": "Brasil", "precipitacao": null, "numero_dias_sem_chuva": null, "risco_fogo": null, "bioma": "Cerrado", "id_0": 33, "id_1": 52, "id_2": 5207352, "continente_id": 8, "vegetacao": null, "grade_wrs": "222_072", "frp": 4.9}, "bbox": [-49.65395, -17.43128, -49.65395, -17.43128]}, {"type": "Feature", "id": "focos_48h_br_todosats.fid--211a0569_19db336f1b8_-5e4f", "geometry": {"type": "Point", "coordinates": [-48.26651, -12.53675]}, "geometry_name": "geometria", "properties": {"id_foco_bdq": 1814986523, "foco_id": "336829fa-1939-32d8-8950-45c09078b37c", "longitude": -48.26651, "latitude": -12.53675, "data_hora_gmt": "2026-04-21T18:51:00Z", "data_pas": "2026-04-21", "satelite": "AQUA_M-T", "municipio": "SÃO SALVADOR DO TOCANTINS", "estado": "TOCANTINS", "pais": "Brasil", "precipitacao": null, "numero_dias_sem_chuva": null, "risco_fogo": null, "bioma": "Cerrado", "id_0": 33, "id_1": 17, "id_2": 1720259, "continente_id": 8, "vegetacao": null, "grade_wrs": "222_069", "frp": 7.9}, "bbox": [-48.26651, -12.53675, -48.26651, -12.53675]}, {"type": "Feature", "id": "focos_48h_br_todosats.fid--211a0569_19db336f1b8_-5e4e", "geometry": {"type": "Point", "coordinates": [-52.66965, -17.82248]}, "geometry_name": "geometria", "properties": {"id_foco_bdq": 1814987369, "foco_id": "05d12043-06bb-38fc-924a-14419e56b99a", "longitude": -52.66965, "latitude": -17.82248, "data_hora_gmt": "2026-04-21T18:51:00Z", "data_pas": "2026-04-21", "satelite": "AQUA_M-T", "municipio": "MINEIROS", "estado": "GOIÁS", "pais": "Brasil", "precipitacao": null, "numero_dias_sem_chuva": null, "risco_fogo": null, "bioma": "Cerrado", "id_0": 33, "id_1": 52, "id_2": 5213103, "continente_id": 8, "vegetacao": null, "grade_wrs": "224_072", "frp": 5.9}, "bbox": [-52.66965, -17.82248, -52.66965, -17.82248]}, {"type": "Feature", "id": "focos_48h_br_todosats.fid--211a0569_19db336f1b8_-5e4d", "geometry": {"type": "Point", "coordinates": [-53.63859, -13.25113]}, "geometry_name": "geometria", "properties": {"id_foco_bdq": 1814986611, "foco_id": "f143f14c-6937-33ad-9d77-1e5698db9094", "longitude": -53.63859, "latitude": -13.25113, "data_hora_gmt": "2026-04-21T18:51:00Z", "data_pas": "2026-04-21", "satelite": "AQUA_M-T", "municipio": "GAÚCHA DO NORTE", "estado": "MATO GROSSO", "pais": "Brasil", "precipitacao": null, "numero_dias_sem_chuva": null, "risco_fogo": null, "bioma": "Amazônia", "id_0": 33, "id_1": 51, "id_2": 5103858, "continente_id": 8, "vegetacao": null, "grade_wrs": "225_069", "frp": 16.3}, "bbox": [-53.63859, -13.25113, -53.63859, -13.25113]}, {"type": "Feature", "id": "focos_48h_br_todosats.fid--211a0569_19db336f1b8_-5e4c", "geometry": {"type": "Point", "coordinates": [-55.49984, -11.35774]}, "geometry_name": "geometria", "properties": {"id_foco_bdq": 1814987839, "foco_id": "6219aedd-b033-3cc3-9513-ca9031daefc0", "longitude": -55.49984, "latitude": -11.35774, "data_hora_gmt": "2026-04-21T18:53:00Z", "data_pas": "2026-04-21", "satelite": "AQUA_M-T", "municipio": "ITAÚBA", "estado": "MATO GROSSO", "pais": "Brasil", "precipitacao": null, "numero_dias_sem_chuva": null, "risco_fogo": null, "bioma": "Amazônia", "id_0": 33, "id_1": 51, "id_2": 5104559, "continente_id": 8, "vegetacao": null, "grade_wrs": "227_068", "frp": 6.5}, "bbox": [-55.49984, -11.35774, -55.49984, -11.35774]}, {"type": "Feature", "id": "focos_48h_br_todosats.fid--211a0569_19db336f1b8_-5e4b", "geometry": {"type": "Point", "coordinates": [-57.18453, -12.30679]}, "geometry_name": "geometria", "properties": {"id_foco_bdq": 1814986469, "foco_id": "6ef45463-0b46-3f51-8b65-f5ad111226bf", "longitude": -57.18453, "latitude": -12.30679, "data_hora_gmt": "2026-04-21T18:53:00Z", "data_pas": "2026-04-21", "satelite": "AQUA_M-T", "municipio": "NOVA MARINGÁ", "estado": "MATO GROSSO", "pais": "Brasil", "precipitacao": null, "numero_dias_sem_chuva": null, "risco_fogo": null, "bioma": "Amazônia", "id_0": 33, "id_1": 51, "id_2": 5108907, "continente_id": 8, "vegetacao": null, "grade_wrs": "227_069", "frp": 65.9}, "bbox": [-57.18453, -12.30679, -57.18453, -12.30679]}, {"type": "Feature", "id": "focos_48h_br_todosats.fid--211a0569_19db336f1b8_-5e4a", "geometry": {"type": "Point", "coordinates": [-55.49985, -11.35774]}, "geometry_name": "geometria", "properties": {"id_foco_bdq": 1814986754, "foco_id": "80c238c1-adb4-3df4-85f2-e8fea45e5e95", "longitude": -55.49985, "latitude": -11.35774, "data_hora_gmt": "2026-04-21T18:53:00Z", "data_pas": "2026-04-21", "satelite": "AQUA_M-T", "municipio": "ITAÚBA", "estado": "MATO GROSSO", "pais": "Brasil", "precipitacao": null, "numero_dias_sem_chuva": null, "risco_fogo": null, "bioma": "Amazônia", "id_0": 33, "id_1": 51, "id_2": 5104559, "continente_id": 8, "vegetacao": null, "grade_wrs": "227_068", "frp": 6.5}, "bbox": [-55.49985, -11.35774, -55.49985, -11.35774]}, {"type": "Feature", "id": "focos_48h_br_todosats.fid--211a0569_19db336f1b8_-5e49", "geometry": {"type": "Point", "coordinates": [-57.18452, -12.30679]}, "geometry_name": "geometria", "properties": {"id_foco_bdq": 1814989465, "foco_id": "67314019-2538-35c8-9266-f221fa2c45d3", "longitude": -57.18452, "latitude": -12.30679, "data_hora_gmt": "2026-04-21T18:53:00Z", "data_pas": "2026-04-21", "satelite": "AQUA_M-T", "municipio": "NOVA MARINGÁ", "estado": "MATO GROSSO", "pais": "Brasil", "precipitacao": null, "numero_dias_sem_chuva": null, "risco_fogo": null, "bioma": "Amazônia", "id_0": 33, "id_1": 51, "id_2": 5108907, "continente_id": 8, "vegetacao": null, "grade_wrs": "227_069", "frp": 65.9}, "bbox": [-57.18452, -12.30679, -57.18452, -12.30679]}, {"type": "Feature", "id": "focos_48h_br_todosats.fid--211a0569_19db336f1b8_-5e48", "geometry": {"type": "Point", "coordinates": [-59.85248, 3.84958]}, "geometry_name": "geometria", "properties": {"id_foco_bdq": 1814988612, "foco_id": "212fe0e9-d201-3be5-ad48-adfb6a1f43c6", "longitude": -59.85248, "latitude": 3.84958, "data_hora_gmt": "2026-04-21T18:58:00Z", "data_pas": "2026-04-21", "satelite": "AQUA_M-T", "municipio": "NORMANDIA", "estado": "RORAIMA", "pais": "Brasil", "precipitacao": null, "numero_dias_sem_chuva": null, "risco_fogo": null, "bioma": "Amazônia", "id_0": 33, "id_1": 14, "id_2": 1400407, "continente_id": 8, "vegetacao": null, "grade_wrs": "231_057", "frp": 22.4}, "bbox": [-59.85248, 3.84958, -59.85248, 3.84958]}, {"type": "Feature", "id": "focos_48h_br_todosats.fid--211a0569_19db336f1b8_-5e47", "geometry": {"type": "Point", "coordinates": [-60.18697, 2.43787]}, "geometry_name": "geometria", "properties": {"id_foco_bdq": 1814986596, "foco_id": "f3ec992c-72fd-3fa8-83c5-66097301148c", "longitude": -60.18697, "latitude": 2.43787, "data_hora_gmt": "2026-04-21T18:58:00Z", "data_pas": "2026-04-21", "satelite": "AQUA_M-T", "municipio": "BONFIM", "estado": "RORAIMA", "pais": "Brasil", "precipitacao": null, "numero_dias_sem_chuva": null, "risco_fogo": null, "bioma": "Amazônia", "id_0": 33, "id_1": 14, "id_2": 1400159, "continente_id": 8, "vegetacao": null, "grade_wrs": "231_058", "frp": 31.3}, "bbox": [-60.18697, 2.43787, -60.18697, 2.43787]}, {"type": "Feature", "id": "focos_48h_br_todosats.fid--211a0569_19db336f1b8_-5e46", "geometry": {"type": "Point", "coordinates": [-60.38208, 1.92141]}, "geometry_name": "geometria", "properties": {"id_foco_bdq": 1814988950, "foco_id": "b742ddbd-d755-3971-a81a-19766ef59c4f", "longitude": -60.38208, "latitude": 1.92141, "data_hora_gmt": "2026-04-21T18:58:00Z", "data_pas": "2026-04-21", "satelite": "AQUA_M-T", "municipio": "CANTÁ", "estado": "RORAIMA", "pais": "Brasil", "precipitacao": null, "numero_dias_sem_chuva": null, "risco_fogo": null, "bioma": "Amazônia", "id_0": 33, "id_1": 14, "id_2": 1400175, "continente_id": 8, "vegetacao": null, "grade_wrs": "232_059", "frp": 18}, "bbox": [-60.38208, 1.92141, -60.38208, 1.92141]}, {"type": "Feature", "id": "focos_48h_br_todosats.fid--211a0569_19db336f1b8_-5e45", "geometry": {"type": "Point", "coordinates": [-60.19825, 2.25183]}, "geometry_name": "geometria", "properties": {"id_foco_bdq": 1814988583, "foco_id": "5959bda6-209f-323a-b960-2ca13af809f1", "longitude": -60.19825, "latitude": 2.25183, "data_hora_gmt": "2026-04-21T18:58:00Z", "data_pas": "2026-04-21", "satelite": "AQUA_M-T", "municipio": "BONFIM", "estado": "RORAIMA", "pais": "Brasil", "precipitacao": null, "numero_dias_sem_chuva": null, "risco_fogo": null, "bioma": "Amazônia", "id_0": 33, "id_1": 14, "id_2": 1400159, "continente_id": 8, "vegetacao": null, "grade_wrs": "231_059", "frp": 12.9}, "bbox": [-60.19825, 2.25183, -60.19825, 2.25183]}, {"type": "Feature", "id": "focos_48h_br_todosats.fid--211a0569_19db336f1b8_-5e44", "geometry": {"type": "Point", "coordinates": [-60.18696, 2.43786]}, "geometry_name": "geometria", "properties": {"id_foco_bdq": 1814988943, "foco_id": "b7792506-9322-36d1-b7c1-f994d4f871fd", "longitude": -60.18696, "latitude": 2.43786, "data_hora_gmt": "2026-04-21T18:58:00Z", "data_pas": "2026-04-21", "satelite": "AQUA_M-T", "municipio": "BONFIM", "estado": "RORAIMA", "pais": "Brasil", "precipitacao": null, "numero_dias_sem_chuva": null, "risco_fogo": null, "bioma": "Amazônia", "id_0": 33, "id_1": 14, "id_2": 1400159, "continente_id": 8, "vegetacao": null, "grade_wrs": "231_058", "frp": 31.3}, "bbox": [-60.18696, 2.43786, -60.18696, 2.43786]}, {"type": "Feature", "id": "focos_48h_br_todosats.fid--211a0569_19db336f1b8_-5e43", "geometry": {"type": "Point", "coordinates": [-60.3821, 1.92142]}, "geometry_name": "geometria", "properties": {"id_foco_bdq": 1814988793, "foco_id": "8a65b59f-a9a6-3d6a-95cc-62d5c3e1e711", "longitude": -60.3821, "latitude": 1.92142, "data_hora_gmt": "2026-04-21T18:58:00Z", "data_pas": "2026-04-21", "satelite": "AQUA_M-T", "municipio": "CANTÁ", "estado": "RORAIMA", "pais": "Brasil", "precipitacao": null, "numero_dias_sem_chuva": null, "risco_fogo": null, "bioma": "Amazônia", "id_0": 33, "id_1": 14, "id_2": 1400175, "continente_id": 8, "vegetacao": null, "grade_wrs": "232_059", "frp": 18}, "bbox": [-60.3821, 1.92142, -60.3821, 1.92142]}, {"type": "Feature", "id": "focos_48h_br_todosats.fid--211a0569_19db336f1b8_-5e42", "geometry": {"type": "Point", "coordinates": [-59.85249, 3.84958]}, "geometry_name": "geometria", "properties": {"id_foco_bdq": 1814989549, "foco_id": "2a739721-d782-3560-9ba8-f06e5ab12839", "longitude": -59.85249, "latitude": 3.84958, "data_hora_gmt": "2026-04-21T18:58:00Z", "data_pas": "2026-04-21", "satelite": "AQUA_M-T", "municipio": "NORMANDIA", "estado": "RORAIMA", "pais": "Brasil", "precipitacao": null, "numero_dias_sem_chuva": null, "risco_fogo": null, "bioma": "Amazônia", "id_0": 33, "id_1": 14, "id_2": 1400407, "continente_id": 8, "vegetacao": null, "grade_wrs": "231_057", "frp": 22.4}, "bbox": [-59.85249, 3.84958, -59.85249, 3.84958]}, {"type": "Feature", "id": "focos_48h_br_todosats.fid--211a0569_19db336f1b8_-5e41", "geometry": {"type": "Point", "coordinates": [-60.19826, 2.25183]}, "geometry_name": "geometria", "properties": {"id_foco_bdq": 1814987282, "foco_id": "286a3477-80e7-361c-9b6d-9164bd625057", "longitude": -60.19826, "latitude": 2.25183, "data_hora_gmt": "2026-04-21T18:58:00Z", "data_pas": "2026-04-21", "satelite": "AQUA_M-T", "municipio": "BONFIM", "estado": "RORAIMA", "pais": "Brasil", "precipitacao": null, "numero_dias_sem_chuva": null, "risco_fogo": null, "bioma": "Amazônia", "id_0": 33, "id_1": 14, "id_2": 1400159, "continente_id": 8, "vegetacao": null, "grade_wrs": "231_059", "frp": 12.9}, "bbox": [-60.19826, 2.25183, -60.19826, 2.25183]}, {"type": "Feature", "id": "focos_48h_br_todosats.fid--211a0569_19db336f1b8_-5e40", "geometry": {"type": "Point", "coordinates": [-47.7728, -12.0056]}, "geometry_name": "geometria", "properties": {"id_foco_bdq": 1814981219, "foco_id": "67fee165-d536-386c-8cc7-5198e0e4d52a", "longitude": -47.7728, "latitude": -12.0056, "data_hora_gmt": "2026-04-21T19:00:00Z", "data_pas": "2026-04-21", "satelite": "GOES-19", "municipio": "NATIVIDADE", "estado": "TOCANTINS", "pais": "Brasil", "precipitacao": null, "numero_dias_sem_chuva": null, "risco_fogo": null, "bioma": "Cerrado", "id_0": 33, "id_1": 17, "id_2": 1714203, "continente_id": 8, "vegetacao": null, "grade_wrs": "221_068", "frp": 110}, "bbox": [-47.7728, -12.0056, -47.7728, -12.0056]}, {"type": "Feature", "id": "focos_48h_br_todosats.fid--211a0569_19db336f1b8_-5e3f", "geometry": {"type": "Point", "coordinates": [-45.3243, -13.3761]}, "geometry_name": "geometria", "properties": {"id_foco_bdq": 1814981237, "foco_id": "3e0fa5fa-a9fe-3826-a5b5-e42e4947aa60", "longitude": -45.3243, "latitude": -13.3761, "data_hora_gmt": "2026-04-21T19:00:00Z", "data_pas": "2026-04-21", "satelite": "GOES-19", "municipio": "CORRENTINA", "estado": "BAHIA", "pais": "Brasil", "precipitacao": null, "numero_dias_sem_chuva": null, "risco_fogo": null, "bioma": "Cerrado", "id_0": 33, "id_1": 29, "id_2": 2909307, "continente_id": 8, "vegetacao": null, "grade_wrs": "220_069", "frp": 161.4}, "bbox": [-45.3243, -13.3761, -45.3243, -13.3761]}, {"type": "Feature", "id": "focos_48h_br_todosats.fid--211a0569_19db336f1b8_-5e3e", "geometry": {"type": "Point", "coordinates": [-45.3443, -13.395]}, "geometry_name": "geometria", "properties": {"id_foco_bdq": 1814981475, "foco_id": "2392c8b4-5eb8-300b-ad32-b4dda7aca9c2", "longitude": -45.3443, "latitude": -13.395, "data_hora_gmt": "2026-04-21T19:10:00Z", "data_pas": "2026-04-21", "satelite": "GOES-19", "municipio": "CORRENTINA", "estado": "BAHIA", "pais": "Brasil", "precipitacao": null, "numero_dias_sem_chuva": null, "risco_fogo": null, "bioma": "Cerrado", "id_0": 33, "id_1": 29, "id_2": 2909307, "continente_id": 8, "vegetacao": null, "grade_wrs": "220_069", "frp": 99.1}, "bbox": [-45.3443, -13.395, -45.3443, -13.395]}, {"type": "Feature", "id": "focos_48h_br_todosats.fid--211a0569_19db336f1b8_-5e3d", "geometry": {"type": "Point", "coordinates": [-45.3243, -13.3761]}, "geometry_name": "geometria", "properties": {"id_foco_bdq": 1814981305, "foco_id": "b726c574-93ee-306d-ac51-64046fa6e81e", "longitude": -45.3243, "latitude": -13.3761, "data_hora_gmt": "2026-04-21T19:10:00Z", "data_pas": "2026-04-21", "satelite": "GOES-19", "municipio": "CORRENTINA", "estado": "BAHIA", "pais": "Brasil", "precipitacao": null, "numero_dias_sem_chuva": null, "risco_fogo": null, "bioma": "Cerrado", "id_0": 33, "id_1": 29, "id_2": 2909307, "continente_id": 8, "vegetacao": null, "grade_wrs": "220_069", "frp": 161.3}, "bbox": [-45.3243, -13.3761, -45.3243, -13.3761]}, {"type": "Feature", "id": "focos_48h_br_todosats.fid--211a0569_19db336f1b8_-5e3c", "geometry": {"type": "Point", "coordinates": [-47.7728, -12.0056]}, "geometry_name": "geometria", "properties": {"id_foco_bdq": 1814982606, "foco_id": "ec974649-4397-3fff-8691-a516041aad8b", "longitude": -47.7728, "latitude": -12.0056, "data_hora_gmt": "2026-04-21T19:20:00Z", "data_pas": "2026-04-21", "satelite": "GOES-19", "municipio": "NATIVIDADE", "estado": "TOCANTINS", "pais": "Brasil", "precipitacao": null, "numero_dias_sem_chuva": null, "risco_fogo": null, "bioma": "Cerrado", "id_0": 33, "id_1": 17, "id_2": 1714203, "continente_id": 8, "vegetacao": null, "grade_wrs": "221_068", "frp": 112.6}, "bbox": [-47.7728, -12.0056, -47.7728, -12.0056]}, {"type": "Feature", "id": "focos_48h_br_todosats.fid--211a0569_19db336f1b8_-5e3b", "geometry": {"type": "Point", "coordinates": [-44.4419, -13.6263]}, "geometry_name": "geometria", "properties": {"id_foco_bdq": 1814984636, "foco_id": "5ef5016a-f202-3eac-a081-f38035a15678", "longitude": -44.4419, "latitude": -13.6263, "data_hora_gmt": "2026-04-21T19:20:00Z", "data_pas": "2026-04-21", "satelite": "GOES-19", "municipio": "JABORANDI", "estado": "BAHIA", "pais": "Brasil", "precipitacao": null, "numero_dias_sem_chuva": null, "risco_fogo": null, "bioma": "Cerrado", "id_0": 33, "id_1": 29, "id_2": 2917359, "continente_id": 8, "vegetacao": null, "grade_wrs": "219_069", "frp": 83}, "bbox": [-44.4419, -13.6263, -44.4419, -13.6263]}, {"type": "Feature", "id": "focos_48h_br_todosats.fid--211a0569_19db336f1b8_-5e3a", "geometry": {"type": "Point", "coordinates": [-45.3443, -13.395]}, "geometry_name": "geometria", "properties": {"id_foco_bdq": 1814981512, "foco_id": "f7c716cb-4f73-3c28-8943-4af1c4827df9", "longitude": -45.3443, "latitude": -13.395, "data_hora_gmt": "2026-04-21T19:30:00Z", "data_pas": "2026-04-21", "satelite": "GOES-19", "municipio": "CORRENTINA", "estado": "BAHIA", "pais": "Brasil", "precipitacao": null, "numero_dias_sem_chuva": null, "risco_fogo": null, "bioma": "Cerrado", "id_0": 33, "id_1": 29, "id_2": 2909307, "continente_id": 8, "vegetacao": null, "grade_wrs": "220_069", "frp": 91.8}, "bbox": [-45.3443, -13.395, -45.3443, -13.395]}, {"type": "Feature", "id": "focos_48h_br_todosats.fid--211a0569_19db336f1b8_-5e39", "geometry": {"type": "Point", "coordinates": [-45.3475, -13.3756]}, "geometry_name": "geometria", "properties": {"id_foco_bdq": 1814981614, "foco_id": "9f916aad-4903-3e8e-9ad5-89c1e8a926f0", "longitude": -45.3475, "latitude": -13.3756, "data_hora_gmt": "2026-04-21T19:30:00Z", "data_pas": "2026-04-21", "satelite": "GOES-19", "municipio": "CORRENTINA", "estado": "BAHIA", "pais": "Brasil", "precipitacao": null, "numero_dias_sem_chuva": null, "risco_fogo": null, "bioma": "Cerrado", "id_0": 33, "id_1": 29, "id_2": 2909307, "continente_id": 8, "vegetacao": null, "grade_wrs": "220_069", "frp": 76.6}, "bbox": [-45.3475, -13.3756, -45.3475, -13.3756]}, {"type": "Feature", "id": "focos_48h_br_todosats.fid--211a0569_19db336f1b8_-5e38", "geometry": {"type": "Point", "coordinates": [-45.2132, -12.031]}, "geometry_name": "geometria", "properties": {"id_foco_bdq": 1814981609, "foco_id": "2f3b3391-d15d-3f56-bc08-f91da4ec2433", "longitude": -45.2132, "latitude": -12.031, "data_hora_gmt": "2026-04-21T19:30:00Z", "data_pas": "2026-04-21", "satelite": "GOES-19", "municipio": "BARREIRAS", "estado": "BAHIA", "pais": "Brasil", "precipitacao": null, "numero_dias_sem_chuva": null, "risco_fogo": null, "bioma": "Cerrado", "id_0": 33, "id_1": 29, "id_2": 2903201, "continente_id": 8, "vegetacao": null, "grade_wrs": "220_068", "frp": 110.1}, "bbox": [-45.2132, -12.031, -45.2132, -12.031]}, {"type": "Feature", "id": "focos_48h_br_todosats.fid--211a0569_19db336f1b8_-5e37", "geometry": {"type": "Point", "coordinates": [-45.3243, -13.3761]}, "geometry_name": "geometria", "properties": {"id_foco_bdq": 1814981615, "foco_id": "9842ee68-f264-37ff-b034-e30e8290ba1d", "longitude": -45.3243, "latitude": -13.3761, "data_hora_gmt": "2026-04-21T19:30:00Z", "data_pas": "2026-04-21", "satelite": "GOES-19", "municipio": "CORRENTINA", "estado": "BAHIA", "pais": "Brasil", "precipitacao": null, "numero_dias_sem_chuva": null, "risco_fogo": null, "bioma": "Cerrado", "id_0": 33, "id_1": 29, "id_2": 2909307, "continente_id": 8, "vegetacao": null, "grade_wrs": "220_069", "frp": 133.7}, "bbox": [-45.3243, -13.3761, -45.3243, -13.3761]}, {"type": "Feature", "id": "focos_48h_br_todosats.fid--211a0569_19db336f1b8_-5e36", "geometry": {"type": "Point", "coordinates": [-45.3243, -13.3761]}, "geometry_name": "geometria", "properties": {"id_foco_bdq": 1814981671, "foco_id": "1603c6f4-6bff-3d4b-ae0e-2b38d06f2092", "longitude": -45.3243, "latitude": -13.3761, "data_hora_gmt": "2026-04-21T19:40:00Z", "data_pas": "2026-04-21", "satelite": "GOES-19", "municipio": "CORRENTINA", "estado": "BAHIA", "pais": "Brasil", "precipitacao": null, "numero_dias_sem_chuva": null, "risco_fogo": null, "bioma": "Cerrado", "id_0": 33, "id_1": 29, "id_2": 2909307, "continente_id": 8, "vegetacao": null, "grade_wrs": "220_069", "frp": 151.4}, "bbox": [-45.3243, -13.3761, -45.3243, -13.3761]}, {"type": "Feature", "id": "focos_48h_br_todosats.fid--211a0569_19db336f1b8_-5e35", "geometry": {"type": "Point", "coordinates": [-45.2132, -12.031]}, "geometry_name": "geometria", "properties": {"id_foco_bdq": 1814981778, "foco_id": "57209a39-4a40-3976-8094-851740e42ea1", "longitude": -45.2132, "latitude": -12.031, "data_hora_gmt": "2026-04-21T19:40:00Z", "data_pas": "2026-04-21", "satelite": "GOES-19", "municipio": "BARREIRAS", "estado": "BAHIA", "pais": "Brasil", "precipitacao": null, "numero_dias_sem_chuva": null, "risco_fogo": null, "bioma": "Cerrado", "id_0": 33, "id_1": 29, "id_2": 2903201, "continente_id": 8, "vegetacao": null, "grade_wrs": "220_068", "frp": 110.2}, "bbox": [-45.2132, -12.031, -45.2132, -12.031]}, {"type": "Feature", "id": "focos_48h_br_todosats.fid--211a0569_19db336f1b8_-5e34", "geometry": {"type": "Point", "coordinates": [-47.7728, -12.0056]}, "geometry_name": "geometria", "properties": {"id_foco_bdq": 1814981697, "foco_id": "8516b89b-1fb4-3830-958a-621088dd7c37", "longitude": -47.7728, "latitude": -12.0056, "data_hora_gmt": "2026-04-21T19:40:00Z", "data_pas": "2026-04-21", "satelite": "GOES-19", "municipio": "NATIVIDADE", "estado": "TOCANTINS", "pais": "Brasil", "precipitacao": null, "numero_dias_sem_chuva": null, "risco_fogo": null, "bioma": "Cerrado", "id_0": 33, "id_1": 17, "id_2": 1714203, "continente_id": 8, "vegetacao": null, "grade_wrs": "221_068", "frp": 115.3}, "bbox": [-47.7728, -12.0056, -47.7728, -12.0056]}, {"type": "Feature", "id": "focos_48h_br_todosats.fid--211a0569_19db336f1b8_-5e33", "geometry": {"type": "Point", "coordinates": [-45.2132, -12.031]}, "geometry_name": "geometria", "properties": {"id_foco_bdq": 1814982505, "foco_id": "72cb0063-ef4e-3134-baf4-cdd9109841d5", "longitude": -45.2132, "latitude": -12.031, "data_hora_gmt": "2026-04-21T19:50:00Z", "data_pas": "2026-04-21", "satelite": "GOES-19", "municipio": "BARREIRAS", "estado": "BAHIA", "pais": "Brasil", "precipitacao": null, "numero_dias_sem_chuva": null, "risco_fogo": null, "bioma": "Cerrado", "id_0": 33, "id_1": 29, "id_2": 2903201, "continente_id": 8, "vegetacao": null, "grade_wrs": "220_068", "frp": 108.2}, "bbox": [-45.2132, -12.031, -45.2132, -12.031]}, {"type": "Feature", "id": "focos_48h_br_todosats.fid--211a0569_19db336f1b8_-5e32", "geometry": {"type": "Point", "coordinates": [-43.643, -11.772]}, "geometry_name": "geometria", "properties": {"id_foco_bdq": 1814985313, "foco_id": "5b7481ff-8df0-3af3-bef9-e8e093d0607e", "longitude": -43.643, "latitude": -11.772, "data_hora_gmt": "2026-04-21T20:00:00Z", "data_pas": "2026-04-21", "satelite": "GOES-19", "municipio": "BARRA", "estado": "BAHIA", "pais": "Brasil", "precipitacao": null, "numero_dias_sem_chuva": null, "risco_fogo": null, "bioma": "Cerrado", "id_0": 33, "id_1": 29, "id_2": 2902708, "continente_id": 8, "vegetacao": null, "grade_wrs": "219_068", "frp": 108.3}, "bbox": [-43.643, -11.772, -43.643, -11.772]}, {"type": "Feature", "id": "focos_48h_br_todosats.fid--211a0569_19db336f1b8_-5e31", "geometry": {"type": "Point", "coordinates": [-43.643, -11.772]}, "geometry_name": "geometria", "properties": {"id_foco_bdq": 1814985370, "foco_id": "3e785db2-1224-39a1-9fd5-fb37f109bfab", "longitude": -43.643, "latitude": -11.772, "data_hora_gmt": "2026-04-21T20:10:00Z", "data_pas": "2026-04-21", "satelite": "GOES-19", "municipio": "BARRA", "estado": "BAHIA", "pais": "Brasil", "precipitacao": null, "numero_dias_sem_chuva": null, "risco_fogo": null, "bioma": "Cerrado", "id_0": 33, "id_1": 29, "id_2": 2902708, "continente_id": 8, "vegetacao": null, "grade_wrs": "219_068", "frp": 109.3}, "bbox": [-43.643, -11.772, -43.643, -11.772]}, {"type": "Feature", "id": "focos_48h_br_todosats.fid--211a0569_19db336f1b8_-5e30", "geometry": {"type": "Point", "coordinates": [-45.3243, -13.3761]}, "geometry_name": "geometria", "properties": {"id_foco_bdq": 1814985394, "foco_id": "54a3007a-55e0-3163-b167-97aef608876c", "longitude": -45.3243, "latitude": -13.3761, "data_hora_gmt": "2026-04-21T20:10:00Z", "data_pas": "2026-04-21", "satelite": "GOES-19", "municipio": "CORRENTINA", "estado": "BAHIA", "pais": "Brasil", "precipitacao": null, "numero_dias_sem_chuva": null, "risco_fogo": null, "bioma": "Cerrado", "id_0": 33, "id_1": 29, "id_2": 2909307, "continente_id": 8, "vegetacao": null, "grade_wrs": "220_069", "frp": 91.2}, "bbox": [-45.3243, -13.3761, -45.3243, -13.3761]}, {"type": "Feature", "id": "focos_48h_br_todosats.fid--211a0569_19db336f1b8_-5e2f", "geometry": {"type": "Point", "coordinates": [-45.321, -13.3955]}, "geometry_name": "geometria", "properties": {"id_foco_bdq": 1814985440, "foco_id": "8b231bcd-45a4-3cb5-970b-c590e9e17c0f", "longitude": -45.321, "latitude": -13.3955, "data_hora_gmt": "2026-04-21T20:10:00Z", "data_pas": "2026-04-21", "satelite": "GOES-19", "municipio": "CORRENTINA", "estado": "BAHIA", "pais": "Brasil", "precipitacao": null, "numero_dias_sem_chuva": null, "risco_fogo": null, "bioma": "Cerrado", "id_0": 33, "id_1": 29, "id_2": 2909307, "continente_id": 8, "vegetacao": null, "grade_wrs": "220_069", "frp": 104.6}, "bbox": [-45.321, -13.3955, -45.321, -13.3955]}, {"type": "Feature", "id": "focos_48h_br_todosats.fid--211a0569_19db336f1b8_-5e2e", "geometry": {"type": "Point", "coordinates": [-45.321, -13.3955]}, "geometry_name": "geometria", "properties": {"id_foco_bdq": 1814985479, "foco_id": "f94d007a-7225-33ca-a2f3-2c2bba580aed", "longitude": -45.321, "latitude": -13.3955, "data_hora_gmt": "2026-04-21T20:20:00Z", "data_pas": "2026-04-21", "satelite": "GOES-19", "municipio": "CORRENTINA", "estado": "BAHIA", "pais": "Brasil", "precipitacao": null, "numero_dias_sem_chuva": null, "risco_fogo": null, "bioma": "Cerrado", "id_0": 33, "id_1": 29, "id_2": 2909307, "continente_id": 8, "vegetacao": null, "grade_wrs": "220_069", "frp": 101.7}, "bbox": [-45.321, -13.3955, -45.321, -13.3955]}, {"type": "Feature", "id": "focos_48h_br_todosats.fid--211a0569_19db336f1b8_-5e2d", "geometry": {"type": "Point", "coordinates": [-45.3243, -13.3761]}, "geometry_name": "geometria", "properties": {"id_foco_bdq": 1814985498, "foco_id": "3e54fb43-d61d-3bc5-8425-812c0542e2d9", "longitude": -45.3243, "latitude": -13.3761, "data_hora_gmt": "2026-04-21T20:20:00Z", "data_pas": "2026-04-21", "satelite": "GOES-19", "municipio": "CORRENTINA", "estado": "BAHIA", "pais": "Brasil", "precipitacao": null, "numero_dias_sem_chuva": null, "risco_fogo": null, "bioma": "Cerrado", "id_0": 33, "id_1": 29, "id_2": 2909307, "continente_id": 8, "vegetacao": null, "grade_wrs": "220_069", "frp": 87.8}, "bbox": [-45.3243, -13.3761, -45.3243, -13.3761]}, {"type": "Feature", "id": "focos_48h_br_todosats.fid--211a0569_19db336f1b8_-5e2c", "geometry": {"type": "Point", "coordinates": [-43.643, -11.772]}, "geometry_name": "geometria", "properties": {"id_foco_bdq": 1814985491, "foco_id": "988643d9-31c2-36f5-9e3b-a7fa02d59bea", "longitude": -43.643, "latitude": -11.772, "data_hora_gmt": "2026-04-21T20:20:00Z", "data_pas": "2026-04-21", "satelite": "GOES-19", "municipio": "BARRA", "estado": "BAHIA", "pais": "Brasil", "precipitacao": null, "numero_dias_sem_chuva": null, "risco_fogo": null, "bioma": "Cerrado", "id_0": 33, "id_1": 29, "id_2": 2902708, "continente_id": 8, "vegetacao": null, "grade_wrs": "219_068", "frp": 120.2}, "bbox": [-43.643, -11.772, -43.643, -11.772]}, {"type": "Feature", "id": "focos_48h_br_todosats.fid--211a0569_19db336f1b8_-5e2b", "geometry": {"type": "Point", "coordinates": [-43.643, -11.772]}, "geometry_name": "geometria", "properties": {"id_foco_bdq": 1814985573, "foco_id": "9411e33d-4587-3150-aa73-7dddb54445bd", "longitude": -43.643, "latitude": -11.772, "data_hora_gmt": "2026-04-21T20:30:00Z", "data_pas": "2026-04-21", "satelite": "GOES-19", "municipio": "BARRA", "estado": "BAHIA", "pais": "Brasil", "precipitacao": null, "numero_dias_sem_chuva": null, "risco_fogo": null, "bioma": "Cerrado", "id_0": 33, "id_1": 29, "id_2": 2902708, "continente_id": 8, "vegetacao": null, "grade_wrs": "219_068", "frp": 124}, "bbox": [-43.643, -11.772, -43.643, -11.772]}, {"type": "Feature", "id": "focos_48h_br_todosats.fid--211a0569_19db336f1b8_-5e2a", "geometry": {"type": "Point", "coordinates": [-43.643, -11.772]}, "geometry_name": "geometria", "properties": {"id_foco_bdq": 1814985658, "foco_id": "28f1cfef-45bd-3226-a93c-0e61f89662de", "longitude": -43.643, "latitude": -11.772, "data_hora_gmt": "2026-04-21T20:40:00Z", "data_pas": "2026-04-21", "satelite": "GOES-19", "municipio": "BARRA", "estado": "BAHIA", "pais": "Brasil", "precipitacao": null, "numero_dias_sem_chuva": null, "risco_fogo": null, "bioma": "Cerrado", "id_0": 33, "id_1": 29, "id_2": 2902708, "continente_id": 8, "vegetacao": null, "grade_wrs": "219_068", "frp": 113.8}, "bbox": [-43.643, -11.772, -43.643, -11.772]}, {"type": "Feature", "id": "focos_48h_br_todosats.fid--211a0569_19db336f1b8_-5e29", "geometry": {"type": "Point", "coordinates": [-43.6667, -11.7716]}, "geometry_name": "geometria", "properties": {"id_foco_bdq": 1814995076, "foco_id": "312dd077-c426-31b8-9ef6-0fbb65cf18bf", "longitude": -43.6667, "latitude": -11.7716, "data_hora_gmt": "2026-04-21T21:30:00Z", "data_pas": "2026-04-21", "satelite": "GOES-19", "municipio": "BARRA", "estado": "BAHIA", "pais": "Brasil", "precipitacao": null, "numero_dias_sem_chuva": null, "risco_fogo": null, "bioma": "Cerrado", "id_0": 33, "id_1": 29, "id_2": 2902708, "continente_id": 8, "vegetacao": null, "grade_wrs": "219_068", "frp": 73.5}, "bbox": [-43.6667, -11.7716, -43.6667, -11.7716]}, {"type": "Feature", "id": "focos_48h_br_todosats.fid--211a0569_19db336f1b8_-5e28", "geometry": {"type": "Point", "coordinates": [-43.1431, -12.6476]}, "geometry_name": "geometria", "properties": {"id_foco_bdq": 1814995081, "foco_id": "b6bf91f6-4f0b-315a-a8d7-972deafb3c04", "longitude": -43.1431, "latitude": -12.6476, "data_hora_gmt": "2026-04-21T21:30:00Z", "data_pas": "2026-04-21", "satelite": "GOES-19", "municipio": "PARATINGA", "estado": "BAHIA", "pais": "Brasil", "precipitacao": null, "numero_dias_sem_chuva": null, "risco_fogo": null, "bioma": "Caatinga", "id_0": 33, "id_1": 29, "id_2": 2923704, "continente_id": 8, "vegetacao": null, "grade_wrs": "218_069", "frp": 61.1}, "bbox": [-43.1431, -12.6476, -43.1431, -12.6476]}, {"type": "Feature", "id": "focos_48h_br_todosats.fid--211a0569_19db336f1b8_-5e27", "geometry": {"type": "Point", "coordinates": [-43.643, -11.772]}, "geometry_name": "geometria", "properties": {"id_foco_bdq": 1814995123, "foco_id": "fb2432f4-62a6-341e-8f94-622f7235443a", "longitude": -43.643, "latitude": -11.772, "data_hora_gmt": "2026-04-21T21:30:00Z", "data_pas": "2026-04-21", "satelite": "GOES-19", "municipio": "BARRA", "estado": "BAHIA", "pais": "Brasil", "precipitacao": null, "numero_dias_sem_chuva": null, "risco_fogo": null, "bioma": "Cerrado", "id_0": 33, "id_1": 29, "id_2": 2902708, "continente_id": 8, "vegetacao": null, "grade_wrs": "219_068", "frp": 94.7}, "bbox": [-43.643, -11.772, -43.643, -11.772]}, {"type": "Feature", "id": "focos_48h_br_todosats.fid--211a0569_19db336f1b8_-5e26", "geometry": {"type": "Point", "coordinates": [-49.286, -25.281]}, "geometry_name": "geometria", "properties": {"id_foco_bdq": 1814995125, "foco_id": "e640ccf0-5a29-34ab-92dc-caf4fb5f7b27", "longitude": -49.286, "latitude": -25.281, "data_hora_gmt": "2026-04-21T21:40:00Z", "data_pas": "2026-04-21", "satelite": "GOES-19", "municipio": "ALMIRANTE TAMANDARÉ", "estado": "PARANÁ", "pais": "Brasil", "precipitacao": null, "numero_dias_sem_chuva": null, "risco_fogo": null, "bioma": "Mata Atlântica", "id_0": 33, "id_1": 41, "id_2": 4100400, "continente_id": 8, "vegetacao": null, "grade_wrs": "220_078", "frp": 73.6}, "bbox": [-49.286, -25.281, -49.286, -25.281]}, {"type": "Feature", "id": "focos_48h_br_todosats.fid--211a0569_19db336f1b8_-5e25", "geometry": {"type": "Point", "coordinates": [-43.1431, -12.6476]}, "geometry_name": "geometria", "properties": {"id_foco_bdq": 1814995142, "foco_id": "db46deea-472b-3ce0-b0dc-4729a49f0fb1", "longitude": -43.1431, "latitude": -12.6476, "data_hora_gmt": "2026-04-21T21:40:00Z", "data_pas": "2026-04-21", "satelite": "GOES-19", "municipio": "PARATINGA", "estado": "BAHIA", "pais": "Brasil", "precipitacao": null, "numero_dias_sem_chuva": null, "risco_fogo": null, "bioma": "Caatinga", "id_0": 33, "id_1": 29, "id_2": 2923704, "continente_id": 8, "vegetacao": null, "grade_wrs": "218_069", "frp": 39.8}, "bbox": [-43.1431, -12.6476, -43.1431, -12.6476]}, {"type": "Feature", "id": "focos_48h_br_todosats.fid--211a0569_19db336f1b8_-5e24", "geometry": {"type": "Point", "coordinates": [-49.262, -25.2818]}, "geometry_name": "geometria", "properties": {"id_foco_bdq": 1814995145, "foco_id": "8cab65c8-c5ac-30b9-9b94-99fc50cdbc89", "longitude": -49.262, "latitude": -25.2818, "data_hora_gmt": "2026-04-21T21:40:00Z", "data_pas": "2026-04-21", "satelite": "GOES-19", "municipio": "ALMIRANTE TAMANDARÉ", "estado": "PARANÁ", "pais": "Brasil", "precipitacao": null, "numero_dias_sem_chuva": null, "risco_fogo": null, "bioma": "Mata Atlântica", "id_0": 33, "id_1": 41, "id_2": 4100400, "continente_id": 8, "vegetacao": null, "grade_wrs": "220_078", "frp": 88.1}, "bbox": [-49.262, -25.2818, -49.262, -25.2818]}, {"type": "Feature", "id": "focos_48h_br_todosats.fid--211a0569_19db336f1b8_-5e23", "geometry": {"type": "Point", "coordinates": [-49.251, -19.169]}, "geometry_name": "geometria", "properties": {"id_foco_bdq": 1814995149, "foco_id": "dafc55d4-54f1-3737-aa04-62ac1b8cd767", "longitude": -49.251, "latitude": -19.169, "data_hora_gmt": "2026-04-21T21:40:00Z", "data_pas": "2026-04-21", "satelite": "GOES-19", "municipio": "PRATA", "estado": "MINAS GERAIS", "pais": "Brasil", "precipitacao": null, "numero_dias_sem_chuva": null, "risco_fogo": null, "bioma": "Cerrado", "id_0": 33, "id_1": 31, "id_2": 3152808, "continente_id": 8, "vegetacao": null, "grade_wrs": "221_073", "frp": 277.3}, "bbox": [-49.251, -19.169, -49.251, -19.169]}, {"type": "Feature", "id": "focos_48h_br_todosats.fid--211a0569_19db336f1b8_-5e22", "geometry": {"type": "Point", "coordinates": [-43.643, -11.772]}, "geometry_name": "geometria", "properties": {"id_foco_bdq": 1814995153, "foco_id": "75c067ea-5f6e-3b28-bd0c-f908ca779a0c", "longitude": -43.643, "latitude": -11.772, "data_hora_gmt": "2026-04-21T21:40:00Z", "data_pas": "2026-04-21", "satelite": "GOES-19", "municipio": "BARRA", "estado": "BAHIA", "pais": "Brasil", "precipitacao": null, "numero_dias_sem_chuva": null, "risco_fogo": null, "bioma": "Cerrado", "id_0": 33, "id_1": 29, "id_2": 2902708, "continente_id": 8, "vegetacao": null, "grade_wrs": "219_068", "frp": 81.2}, "bbox": [-43.643, -11.772, -43.643, -11.772]}, {"type": "Feature", "id": "focos_48h_br_todosats.fid--211a0569_19db336f1b8_-5e21", "geometry": {"type": "Point", "coordinates": [-49.2551, -19.1489]}, "geometry_name": "geometria", "properties": {"id_foco_bdq": 1814995154, "foco_id": "985a6e58-42a5-337e-90a2-b35a007ff487", "longitude": -49.2551, "latitude": -19.1489, "data_hora_gmt": "2026-04-21T21:40:00Z", "data_pas": "2026-04-21", "satelite": "GOES-19", "municipio": "PRATA", "estado": "MINAS GERAIS", "pais": "Brasil", "precipitacao": null, "numero_dias_sem_chuva": null, "risco_fogo": null, "bioma": "Cerrado", "id_0": 33, "id_1": 31, "id_2": 3152808, "continente_id": 8, "vegetacao": null, "grade_wrs": "221_073", "frp": 78.3}, "bbox": [-49.2551, -19.1489, -49.2551, -19.1489]}, {"type": "Feature", "id": "focos_48h_br_todosats.fid--211a0569_19db336f1b8_-5e20", "geometry": {"type": "Point", "coordinates": [-45.3243, -13.3761]}, "geometry_name": "geometria", "properties": {"id_foco_bdq": 1814995170, "foco_id": "31810f51-8b57-398a-a172-f73fa2772a10", "longitude": -45.3243, "latitude": -13.3761, "data_hora_gmt": "2026-04-21T21:50:00Z", "data_pas": "2026-04-21", "satelite": "GOES-19", "municipio": "CORRENTINA", "estado": "BAHIA", "pais": "Brasil", "precipitacao": null, "numero_dias_sem_chuva": null, "risco_fogo": null, "bioma": "Cerrado", "id_0": 33, "id_1": 29, "id_2": 2909307, "continente_id": 8, "vegetacao": null, "grade_wrs": "220_069", "frp": 58}, "bbox": [-45.3243, -13.3761, -45.3243, -13.3761]}, {"type": "Feature", "id": "focos_48h_br_todosats.fid--211a0569_19db336f1b8_-5e1f", "geometry": {"type": "Point", "coordinates": [-49.262, -25.2818]}, "geometry_name": "geometria", "properties": {"id_foco_bdq": 1814995179, "foco_id": "1276e758-ade0-39bf-b964-4d58603e29e7", "longitude": -49.262, "latitude": -25.2818, "data_hora_gmt": "2026-04-21T21:50:00Z", "data_pas": "2026-04-21", "satelite": "GOES-19", "municipio": "ALMIRANTE TAMANDARÉ", "estado": "PARANÁ", "pais": "Brasil", "precipitacao": null, "numero_dias_sem_chuva": null, "risco_fogo": null, "bioma": "Mata Atlântica", "id_0": 33, "id_1": 41, "id_2": 4100400, "continente_id": 8, "vegetacao": null, "grade_wrs": "220_078", "frp": 71.8}, "bbox": [-49.262, -25.2818, -49.262, -25.2818]}, {"type": "Feature", "id": "focos_48h_br_todosats.fid--211a0569_19db336f1b8_-5e1e", "geometry": {"type": "Point", "coordinates": [-49.2679, -25.2601]}, "geometry_name": "geometria", "properties": {"id_foco_bdq": 1814995191, "foco_id": "30258795-a151-3215-8b94-3ae2713cf41e", "longitude": -49.2679, "latitude": -25.2601, "data_hora_gmt": "2026-04-21T21:50:00Z", "data_pas": "2026-04-21", "satelite": "GOES-19", "municipio": "ALMIRANTE TAMANDARÉ", "estado": "PARANÁ", "pais": "Brasil", "precipitacao": null, "numero_dias_sem_chuva": null, "risco_fogo": null, "bioma": "Mata Atlântica", "id_0": 33, "id_1": 41, "id_2": 4100400, "continente_id": 8, "vegetacao": null, "grade_wrs": "220_078", "frp": 74.4}, "bbox": [-49.2679, -25.2601, -49.2679, -25.2601]}, {"type": "Feature", "id": "focos_48h_br_todosats.fid--211a0569_19db336f1b8_-5e1d", "geometry": {"type": "Point", "coordinates": [-43.643, -11.772]}, "geometry_name": "geometria", "properties": {"id_foco_bdq": 1814995202, "foco_id": "657fe8b8-e54d-3653-901d-778d53406e24", "longitude": -43.643, "latitude": -11.772, "data_hora_gmt": "2026-04-21T21:50:00Z", "data_pas": "2026-04-21", "satelite": "GOES-19", "municipio": "BARRA", "estado": "BAHIA", "pais": "Brasil", "precipitacao": null, "numero_dias_sem_chuva": null, "risco_fogo": null, "bioma": "Cerrado", "id_0": 33, "id_1": 29, "id_2": 2902708, "continente_id": 8, "vegetacao": null, "grade_wrs": "219_068", "frp": 89}, "bbox": [-43.643, -11.772, -43.643, -11.772]}, {"type": "Feature", "id": "focos_48h_br_todosats.fid--211a0569_19db336f1b8_-5e1c", "geometry": {"type": "Point", "coordinates": [-49.286, -25.281]}, "geometry_name": "geometria", "properties": {"id_foco_bdq": 1814995226, "foco_id": "b3161431-aed2-3ed2-b1df-2c832630c674", "longitude": -49.286, "latitude": -25.281, "data_hora_gmt": "2026-04-21T22:00:00Z", "data_pas": "2026-04-21", "satelite": "GOES-19", "municipio": "ALMIRANTE TAMANDARÉ", "estado": "PARANÁ", "pais": "Brasil", "precipitacao": null, "numero_dias_sem_chuva": null, "risco_fogo": null, "bioma": "Mata Atlântica", "id_0": 33, "id_1": 41, "id_2": 4100400, "continente_id": 8, "vegetacao": null, "grade_wrs": "220_078", "frp": 73.1}, "bbox": [-49.286, -25.281, -49.286, -25.281]}, {"type": "Feature", "id": "focos_48h_br_todosats.fid--211a0569_19db336f1b8_-5e1b", "geometry": {"type": "Point", "coordinates": [-48.611, -20.8678]}, "geometry_name": "geometria", "properties": {"id_foco_bdq": 1814995213, "foco_id": "3159d2fa-c133-398f-b59a-096da7e17f29", "longitude": -48.611, "latitude": -20.8678, "data_hora_gmt": "2026-04-21T22:00:00Z", "data_pas": "2026-04-21", "satelite": "GOES-19", "municipio": "MONTE AZUL PAULISTA", "estado": "SÃO PAULO", "pais": "Brasil", "precipitacao": null, "numero_dias_sem_chuva": null, "risco_fogo": null, "bioma": "Cerrado", "id_0": 33, "id_1": 35, "id_2": 3531506, "continente_id": 8, "vegetacao": null, "grade_wrs": "221_074", "frp": 65.6}, "bbox": [-48.611, -20.8678, -48.611, -20.8678]}, {"type": "Feature", "id": "focos_48h_br_todosats.fid--211a0569_19db336f1b8_-5e1a", "geometry": {"type": "Point", "coordinates": [-43.643, -11.772]}, "geometry_name": "geometria", "properties": {"id_foco_bdq": 1814995222, "foco_id": "3cc91a1a-0d7c-305c-a1b0-8c8a237c0f58", "longitude": -43.643, "latitude": -11.772, "data_hora_gmt": "2026-04-21T22:00:00Z", "data_pas": "2026-04-21", "satelite": "GOES-19", "municipio": "BARRA", "estado": "BAHIA", "pais": "Brasil", "precipitacao": null, "numero_dias_sem_chuva": null, "risco_fogo": null, "bioma": "Cerrado", "id_0": 33, "id_1": 29, "id_2": 2902708, "continente_id": 8, "vegetacao": null, "grade_wrs": "219_068", "frp": 82.2}, "bbox": [-43.643, -11.772, -43.643, -11.772]}, {"type": "Feature", "id": "focos_48h_br_todosats.fid--211a0569_19db336f1b8_-5e19", "geometry": {"type": "Point", "coordinates": [-49.262, -25.2818]}, "geometry_name": "geometria", "properties": {"id_foco_bdq": 1814995228, "foco_id": "d6bc4098-9f58-3027-8876-eb68e3805eae", "longitude": -49.262, "latitude": -25.2818, "data_hora_gmt": "2026-04-21T22:00:00Z", "data_pas": "2026-04-21", "satelite": "GOES-19", "municipio": "ALMIRANTE TAMANDARÉ", "estado": "PARANÁ", "pais": "Brasil", "precipitacao": null, "numero_dias_sem_chuva": null, "risco_fogo": null, "bioma": "Mata Atlântica", "id_0": 33, "id_1": 41, "id_2": 4100400, "continente_id": 8, "vegetacao": null, "grade_wrs": "220_078", "frp": 83.9}, "bbox": [-49.262, -25.2818, -49.262, -25.2818]}, {"type": "Feature", "id": "focos_48h_br_todosats.fid--211a0569_19db336f1b8_-5e18", "geometry": {"type": "Point", "coordinates": [-53.2913, -13.2556]}, "geometry_name": "geometria", "properties": {"id_foco_bdq": 1814995237, "foco_id": "18ef039b-cea5-31b8-a0fd-8534b3ee9afa", "longitude": -53.2913, "latitude": -13.2556, "data_hora_gmt": "2026-04-21T22:00:00Z", "data_pas": "2026-04-21", "satelite": "GOES-19", "municipio": "GAÚCHA DO NORTE", "estado": "MATO GROSSO", "pais": "Brasil", "precipitacao": null, "numero_dias_sem_chuva": null, "risco_fogo": null, "bioma": "Amazônia", "id_0": 33, "id_1": 51, "id_2": 5103858, "continente_id": 8, "vegetacao": null, "grade_wrs": "225_069", "frp": 71.5}, "bbox": [-53.2913, -13.2556, -53.2913, -13.2556]}, {"type": "Feature", "id": "focos_48h_br_todosats.fid--211a0569_19db336f1b8_-5e17", "geometry": {"type": "Point", "coordinates": [-53.2935, -13.2364]}, "geometry_name": "geometria", "properties": {"id_foco_bdq": 1814995238, "foco_id": "66d26590-5834-35c7-b514-0fe280875ec2", "longitude": -53.2935, "latitude": -13.2364, "data_hora_gmt": "2026-04-21T22:00:00Z", "data_pas": "2026-04-21", "satelite": "GOES-19", "municipio": "GAÚCHA DO NORTE", "estado": "MATO GROSSO", "pais": "Brasil", "precipitacao": null, "numero_dias_sem_chuva": null, "risco_fogo": null, "bioma": "Amazônia", "id_0": 33, "id_1": 51, "id_2": 5103858, "continente_id": 8, "vegetacao": null, "grade_wrs": "225_069", "frp": 76.3}, "bbox": [-53.2935, -13.2364, -53.2935, -13.2364]}, {"type": "Feature", "id": "focos_48h_br_todosats.fid--211a0569_19db336f1b8_-5e16", "geometry": {"type": "Point", "coordinates": [-53.2935, -13.2364]}, "geometry_name": "geometria", "properties": {"id_foco_bdq": 1814995259, "foco_id": "e06f4ba2-1294-3c4d-a354-6af97153701b", "longitude": -53.2935, "latitude": -13.2364, "data_hora_gmt": "2026-04-21T22:10:00Z", "data_pas": "2026-04-21", "satelite": "GOES-19", "municipio": "GAÚCHA DO NORTE", "estado": "MATO GROSSO", "pais": "Brasil", "precipitacao": null, "numero_dias_sem_chuva": null, "risco_fogo": null, "bioma": "Amazônia", "id_0": 33, "id_1": 51, "id_2": 5103858, "continente_id": 8, "vegetacao": null, "grade_wrs": "225_069", "frp": 79.7}, "bbox": [-53.2935, -13.2364, -53.2935, -13.2364]}, {"type": "Feature", "id": "focos_48h_br_todosats.fid--211a0569_19db336f1b8_-5e15", "geometry": {"type": "Point", "coordinates": [-43.643, -11.772]}, "geometry_name": "geometria", "properties": {"id_foco_bdq": 1814995248, "foco_id": "9f58b57e-302a-361e-af70-755b86c60833", "longitude": -43.643, "latitude": -11.772, "data_hora_gmt": "2026-04-21T22:10:00Z", "data_pas": "2026-04-21", "satelite": "GOES-19", "municipio": "BARRA", "estado": "BAHIA", "pais": "Brasil", "precipitacao": null, "numero_dias_sem_chuva": null, "risco_fogo": null, "bioma": "Cerrado", "id_0": 33, "id_1": 29, "id_2": 2902708, "continente_id": 8, "vegetacao": null, "grade_wrs": "219_068", "frp": 77}, "bbox": [-43.643, -11.772, -43.643, -11.772]}, {"type": "Feature", "id": "focos_48h_br_todosats.fid--211a0569_19db336f1b8_-5e14", "geometry": {"type": "Point", "coordinates": [-49.286, -25.281]}, "geometry_name": "geometria", "properties": {"id_foco_bdq": 1814995249, "foco_id": "db38dac7-caba-3003-ba44-88d8d7a74f81", "longitude": -49.286, "latitude": -25.281, "data_hora_gmt": "2026-04-21T22:10:00Z", "data_pas": "2026-04-21", "satelite": "GOES-19", "municipio": "ALMIRANTE TAMANDARÉ", "estado": "PARANÁ", "pais": "Brasil", "precipitacao": null, "numero_dias_sem_chuva": null, "risco_fogo": null, "bioma": "Mata Atlântica", "id_0": 33, "id_1": 41, "id_2": 4100400, "continente_id": 8, "vegetacao": null, "grade_wrs": "220_078", "frp": 83.1}, "bbox": [-49.286, -25.281, -49.286, -25.281]}, {"type": "Feature", "id": "focos_48h_br_todosats.fid--211a0569_19db336f1b8_-5e13", "geometry": {"type": "Point", "coordinates": [-49.262, -25.2818]}, "geometry_name": "geometria", "properties": {"id_foco_bdq": 1814995269, "foco_id": "16c08dbf-d3fc-359e-940c-bcb7f27b5863", "longitude": -49.262, "latitude": -25.2818, "data_hora_gmt": "2026-04-21T22:10:00Z", "data_pas": "2026-04-21", "satelite": "GOES-19", "municipio": "ALMIRANTE TAMANDARÉ", "estado": "PARANÁ", "pais": "Brasil", "precipitacao": null, "numero_dias_sem_chuva": null, "risco_fogo": null, "bioma": "Mata Atlântica", "id_0": 33, "id_1": 41, "id_2": 4100400, "continente_id": 8, "vegetacao": null, "grade_wrs": "220_078", "frp": 86.6}, "bbox": [-49.262, -25.2818, -49.262, -25.2818]}, {"type": "Feature", "id": "focos_48h_br_todosats.fid--211a0569_19db336f1b8_-5e12", "geometry": {"type": "Point", "coordinates": [-53.2913, -13.2556]}, "geometry_name": "geometria", "properties": {"id_foco_bdq": 1814999551, "foco_id": "502559bd-5670-38ef-bd01-edab053abdab", "longitude": -53.2913, "latitude": -13.2556, "data_hora_gmt": "2026-04-21T22:20:00Z", "data_pas": "2026-04-21", "satelite": "GOES-19", "municipio": "GAÚCHA DO NORTE", "estado": "MATO GROSSO", "pais": "Brasil", "precipitacao": null, "numero_dias_sem_chuva": null, "risco_fogo": null, "bioma": "Amazônia", "id_0": 33, "id_1": 51, "id_2": 5103858, "continente_id": 8, "vegetacao": null, "grade_wrs": "225_069", "frp": 84.5}, "bbox": [-53.2913, -13.2556, -53.2913, -13.2556]}, {"type": "Feature", "id": "focos_48h_br_todosats.fid--211a0569_19db336f1b8_-5e11", "geometry": {"type": "Point", "coordinates": [-50.6302, -17.7792]}, "geometry_name": "geometria", "properties": {"id_foco_bdq": 1814999902, "foco_id": "abbc26ce-d133-395a-926b-027830b175b1", "longitude": -50.6302, "latitude": -17.7792, "data_hora_gmt": "2026-04-21T22:20:00Z", "data_pas": "2026-04-21", "satelite": "GOES-19", "municipio": "SANTA HELENA DE GOIÁS", "estado": "GOIÁS", "pais": "Brasil", "precipitacao": null, "numero_dias_sem_chuva": null, "risco_fogo": null, "bioma": "Cerrado", "id_0": 33, "id_1": 52, "id_2": 5219308, "continente_id": 8, "vegetacao": null, "grade_wrs": "222_072", "frp": 76.7}, "bbox": [-50.6302, -17.7792, -50.6302, -17.7792]}, {"type": "Feature", "id": "focos_48h_br_todosats.fid--211a0569_19db336f1b8_-5e10", "geometry": {"type": "Point", "coordinates": [-49.286, -25.281]}, "geometry_name": "geometria", "properties": {"id_foco_bdq": 1815000985, "foco_id": "4e37ebbe-8fd2-3a08-946c-586ca206130b", "longitude": -49.286, "latitude": -25.281, "data_hora_gmt": "2026-04-21T22:20:00Z", "data_pas": "2026-04-21", "satelite": "GOES-19", "municipio": "ALMIRANTE TAMANDARÉ", "estado": "PARANÁ", "pais": "Brasil", "precipitacao": null, "numero_dias_sem_chuva": null, "risco_fogo": null, "bioma": "Mata Atlântica", "id_0": 33, "id_1": 41, "id_2": 4100400, "continente_id": 8, "vegetacao": null, "grade_wrs": "220_078", "frp": 78.8}, "bbox": [-49.286, -25.281, -49.286, -25.281]}, {"type": "Feature", "id": "focos_48h_br_todosats.fid--211a0569_19db336f1b8_-5e0f", "geometry": {"type": "Point", "coordinates": [-49.2679, -25.2601]}, "geometry_name": "geometria", "properties": {"id_foco_bdq": 1815001892, "foco_id": "db4563e4-dc38-3bbe-9b49-21f88884885f", "longitude": -49.2679, "latitude": -25.2601, "data_hora_gmt": "2026-04-21T22:20:00Z", "data_pas": "2026-04-21", "satelite": "GOES-19", "municipio": "ALMIRANTE TAMANDARÉ", "estado": "PARANÁ", "pais": "Brasil", "precipitacao": null, "numero_dias_sem_chuva": null, "risco_fogo": null, "bioma": "Mata Atlântica", "id_0": 33, "id_1": 41, "id_2": 4100400, "continente_id": 8, "vegetacao": null, "grade_wrs": "220_078", "frp": 90.1}, "bbox": [-49.2679, -25.2601, -49.2679, -25.2601]}, {"type": "Feature", "id": "focos_48h_br_todosats.fid--211a0569_19db336f1b8_-5e0e", "geometry": {"type": "Point", "coordinates": [-49.262, -25.2818]}, "geometry_name": "geometria", "properties": {"id_foco_bdq": 1815000275, "foco_id": "f528b675-8265-35e5-88fd-2b73feab8ef8", "longitude": -49.262, "latitude": -25.2818, "data_hora_gmt": "2026-04-21T22:20:00Z", "data_pas": "2026-04-21", "satelite": "GOES-19", "municipio": "ALMIRANTE TAMANDARÉ", "estado": "PARANÁ", "pais": "Brasil", "precipitacao": null, "numero_dias_sem_chuva": null, "risco_fogo": null, "bioma": "Mata Atlântica", "id_0": 33, "id_1": 41, "id_2": 4100400, "continente_id": 8, "vegetacao": null, "grade_wrs": "220_078", "frp": 98.5}, "bbox": [-49.262, -25.2818, -49.262, -25.2818]}, {"type": "Feature", "id": "focos_48h_br_todosats.fid--211a0569_19db336f1b8_-5e0d", "geometry": {"type": "Point", "coordinates": [-48.6343, -20.8672]}, "geometry_name": "geometria", "properties": {"id_foco_bdq": 1814995455, "foco_id": "d39b4ab7-cd50-32de-8af0-2f047dbb90da", "longitude": -48.6343, "latitude": -20.8672, "data_hora_gmt": "2026-04-21T22:20:00Z", "data_pas": "2026-04-21", "satelite": "GOES-19", "municipio": "MONTE AZUL PAULISTA", "estado": "SÃO PAULO", "pais": "Brasil", "precipitacao": null, "numero_dias_sem_chuva": null, "risco_fogo": null, "bioma": "Mata Atlântica", "id_0": 33, "id_1": 35, "id_2": 3531506, "continente_id": 8, "vegetacao": null, "grade_wrs": "221_074", "frp": 62.4}, "bbox": [-48.6343, -20.8672, -48.6343, -20.8672]}, {"type": "Feature", "id": "focos_48h_br_todosats.fid--211a0569_19db336f1b8_-5e0c", "geometry": {"type": "Point", "coordinates": [-49.2918, -25.2593]}, "geometry_name": "geometria", "properties": {"id_foco_bdq": 1815002404, "foco_id": "a571c65c-d96a-3657-aa33-b6cff60449cc", "longitude": -49.2918, "latitude": -25.2593, "data_hora_gmt": "2026-04-21T22:20:00Z", "data_pas": "2026-04-21", "satelite": "GOES-19", "municipio": "ALMIRANTE TAMANDARÉ", "estado": "PARANÁ", "pais": "Brasil", "precipitacao": null, "numero_dias_sem_chuva": null, "risco_fogo": null, "bioma": "Mata Atlântica", "id_0": 33, "id_1": 41, "id_2": 4100400, "continente_id": 8, "vegetacao": null, "grade_wrs": "220_078", "frp": 73.1}, "bbox": [-49.2918, -25.2593, -49.2918, -25.2593]}, {"type": "Feature", "id": "focos_48h_br_todosats.fid--211a0569_19db336f1b8_-5e0b", "geometry": {"type": "Point", "coordinates": [-49.262, -25.2818]}, "geometry_name": "geometria", "properties": {"id_foco_bdq": 1815010704, "foco_id": "0b939efb-1756-3390-a794-ab50890e4050", "longitude": -49.262, "latitude": -25.2818, "data_hora_gmt": "2026-04-21T22:30:00Z", "data_pas": "2026-04-21", "satelite": "GOES-19", "municipio": "ALMIRANTE TAMANDARÉ", "estado": "PARANÁ", "pais": "Brasil", "precipitacao": null, "numero_dias_sem_chuva": null, "risco_fogo": null, "bioma": "Mata Atlântica", "id_0": 33, "id_1": 41, "id_2": 4100400, "continente_id": 8, "vegetacao": null, "grade_wrs": "220_078", "frp": 83.6}, "bbox": [-49.262, -25.2818, -49.262, -25.2818]}, {"type": "Feature", "id": "focos_48h_br_todosats.fid--211a0569_19db336f1b8_-5e0a", "geometry": {"type": "Point", "coordinates": [-53.2913, -13.2556]}, "geometry_name": "geometria", "properties": {"id_foco_bdq": 1815004277, "foco_id": "276cf5c6-16ed-3456-bd35-e913269ce134", "longitude": -53.2913, "latitude": -13.2556, "data_hora_gmt": "2026-04-21T22:30:00Z", "data_pas": "2026-04-21", "satelite": "GOES-19", "municipio": "GAÚCHA DO NORTE", "estado": "MATO GROSSO", "pais": "Brasil", "precipitacao": null, "numero_dias_sem_chuva": null, "risco_fogo": null, "bioma": "Amazônia", "id_0": 33, "id_1": 51, "id_2": 5103858, "continente_id": 8, "vegetacao": null, "grade_wrs": "225_069", "frp": 92.4}, "bbox": [-53.2913, -13.2556, -53.2913, -13.2556]}, {"type": "Feature", "id": "focos_48h_br_todosats.fid--211a0569_19db336f1b8_-5e09", "geometry": {"type": "Point", "coordinates": [-43.643, -11.772]}, "geometry_name": "geometria", "properties": {"id_foco_bdq": 1815004704, "foco_id": "09dd830a-a196-32f0-b791-b0303c1f13f6", "longitude": -43.643, "latitude": -11.772, "data_hora_gmt": "2026-04-21T22:30:00Z", "data_pas": "2026-04-21", "satelite": "GOES-19", "municipio": "BARRA", "estado": "BAHIA", "pais": "Brasil", "precipitacao": null, "numero_dias_sem_chuva": null, "risco_fogo": null, "bioma": "Cerrado", "id_0": 33, "id_1": 29, "id_2": 2902708, "continente_id": 8, "vegetacao": null, "grade_wrs": "219_068", "frp": 61.6}, "bbox": [-43.643, -11.772, -43.643, -11.772]}, {"type": "Feature", "id": "focos_48h_br_todosats.fid--211a0569_19db336f1b8_-5e08", "geometry": {"type": "Point", "coordinates": [-49.286, -25.281]}, "geometry_name": "geometria", "properties": {"id_foco_bdq": 1815010498, "foco_id": "18b13398-f699-32bb-9c7f-60c04dc0b6b6", "longitude": -49.286, "latitude": -25.281, "data_hora_gmt": "2026-04-21T22:30:00Z", "data_pas": "2026-04-21", "satelite": "GOES-19", "municipio": "ALMIRANTE TAMANDARÉ", "estado": "PARANÁ", "pais": "Brasil", "precipitacao": null, "numero_dias_sem_chuva": null, "risco_fogo": null, "bioma": "Mata Atlântica", "id_0": 33, "id_1": 41, "id_2": 4100400, "continente_id": 8, "vegetacao": null, "grade_wrs": "220_078", "frp": 77.6}, "bbox": [-49.286, -25.281, -49.286, -25.281]}, {"type": "Feature", "id": "focos_48h_br_todosats.fid--211a0569_19db336f1b8_-5e07", "geometry": {"type": "Point", "coordinates": [-42.9244, -20.6519]}, "geometry_name": "geometria", "properties": {"id_foco_bdq": 1815004020, "foco_id": "a8ae8396-87e3-34df-8419-397ac2a22e7e", "longitude": -42.9244, "latitude": -20.6519, "data_hora_gmt": "2026-04-21T22:30:00Z", "data_pas": "2026-04-21", "satelite": "GOES-19", "municipio": "TEIXEIRAS", "estado": "MINAS GERAIS", "pais": "Brasil", "precipitacao": null, "numero_dias_sem_chuva": null, "risco_fogo": null, "bioma": "Mata Atlântica", "id_0": 33, "id_1": 31, "id_2": 3168507, "continente_id": 8, "vegetacao": null, "grade_wrs": "217_074", "frp": 82.5}, "bbox": [-42.9244, -20.6519, -42.9244, -20.6519]}, {"type": "Feature", "id": "focos_48h_br_todosats.fid--211a0569_19db336f1b8_-5e06", "geometry": {"type": "Point", "coordinates": [-53.2935, -13.2364]}, "geometry_name": "geometria", "properties": {"id_foco_bdq": 1815011893, "foco_id": "6421cf6c-99b6-3976-a1b9-06d3b0f76e7d", "longitude": -53.2935, "latitude": -13.2364, "data_hora_gmt": "2026-04-21T22:40:00Z", "data_pas": "2026-04-21", "satelite": "GOES-19", "municipio": "GAÚCHA DO NORTE", "estado": "MATO GROSSO", "pais": "Brasil", "precipitacao": null, "numero_dias_sem_chuva": null, "risco_fogo": null, "bioma": "Amazônia", "id_0": 33, "id_1": 51, "id_2": 5103858, "continente_id": 8, "vegetacao": null, "grade_wrs": "225_069", "frp": 79.6}, "bbox": [-53.2935, -13.2364, -53.2935, -13.2364]}, {"type": "Feature", "id": "focos_48h_br_todosats.fid--211a0569_19db336f1b8_-5e05", "geometry": {"type": "Point", "coordinates": [-49.262, -25.2818]}, "geometry_name": "geometria", "properties": {"id_foco_bdq": 1815011899, "foco_id": "c0b8ca74-bf87-3572-825b-2e0f432dfa86", "longitude": -49.262, "latitude": -25.2818, "data_hora_gmt": "2026-04-21T22:40:00Z", "data_pas": "2026-04-21", "satelite": "GOES-19", "municipio": "ALMIRANTE TAMANDARÉ", "estado": "PARANÁ", "pais": "Brasil", "precipitacao": null, "numero_dias_sem_chuva": null, "risco_fogo": null, "bioma": "Mata Atlântica", "id_0": 33, "id_1": 41, "id_2": 4100400, "continente_id": 8, "vegetacao": null, "grade_wrs": "220_078", "frp": 77}, "bbox": [-49.262, -25.2818, -49.262, -25.2818]}, {"type": "Feature", "id": "focos_48h_br_todosats.fid--211a0569_19db336f1b8_-5e04", "geometry": {"type": "Point", "coordinates": [-43.643, -11.772]}, "geometry_name": "geometria", "properties": {"id_foco_bdq": 1815011937, "foco_id": "e7336c0e-49b3-3986-9580-cc22a927761b", "longitude": -43.643, "latitude": -11.772, "data_hora_gmt": "2026-04-21T22:50:00Z", "data_pas": "2026-04-21", "satelite": "GOES-19", "municipio": "BARRA", "estado": "BAHIA", "pais": "Brasil", "precipitacao": null, "numero_dias_sem_chuva": null, "risco_fogo": null, "bioma": "Cerrado", "id_0": 33, "id_1": 29, "id_2": 2902708, "continente_id": 8, "vegetacao": null, "grade_wrs": "219_068", "frp": 53.5}, "bbox": [-43.643, -11.772, -43.643, -11.772]}, {"type": "Feature", "id": "focos_48h_br_todosats.fid--211a0569_19db336f1b8_-5e03", "geometry": {"type": "Point", "coordinates": [-53.2935, -13.2364]}, "geometry_name": "geometria", "properties": {"id_foco_bdq": 1815011925, "foco_id": "9225cdc8-f4ca-3f7e-987f-cbb54faf6e3a", "longitude": -53.2935, "latitude": -13.2364, "data_hora_gmt": "2026-04-21T22:50:00Z", "data_pas": "2026-04-21", "satelite": "GOES-19", "municipio": "GAÚCHA DO NORTE", "estado": "MATO GROSSO", "pais": "Brasil", "precipitacao": null, "numero_dias_sem_chuva": null, "risco_fogo": null, "bioma": "Amazônia", "id_0": 33, "id_1": 51, "id_2": 5103858, "continente_id": 8, "vegetacao": null, "grade_wrs": "225_069", "frp": 71.9}, "bbox": [-53.2935, -13.2364, -53.2935, -13.2364]}, {"type": "Feature", "id": "focos_48h_br_todosats.fid--211a0569_19db336f1b8_-5e02", "geometry": {"type": "Point", "coordinates": [-60.9997, 2.6159]}, "geometry_name": "geometria", "properties": {"id_foco_bdq": 1815011944, "foco_id": "0cf00bf2-ae1e-3fcd-a1ef-a15a8293d761", "longitude": -60.9997, "latitude": 2.6159, "data_hora_gmt": "2026-04-21T22:50:00Z", "data_pas": "2026-04-21", "satelite": "GOES-19", "municipio": "MUCAJAÍ", "estado": "RORAIMA", "pais": "Brasil", "precipitacao": null, "numero_dias_sem_chuva": null, "risco_fogo": null, "bioma": "Amazônia", "id_0": 33, "id_1": 14, "id_2": 1400308, "continente_id": 8, "vegetacao": null, "grade_wrs": "232_058", "frp": 57.6}, "bbox": [-60.9997, 2.6159, -60.9997, 2.6159]}, {"type": "Feature", "id": "focos_48h_br_todosats.fid--211a0569_19db336f1b8_-5e01", "geometry": {"type": "Point", "coordinates": [-60.9999, 2.5977]}, "geometry_name": "geometria", "properties": {"id_foco_bdq": 1815011945, "foco_id": "b29cb033-e8b6-3605-bae4-e0d9150af778", "longitude": -60.9999, "latitude": 2.5977, "data_hora_gmt": "2026-04-21T22:50:00Z", "data_pas": "2026-04-21", "satelite": "GOES-19", "municipio": "MUCAJAÍ", "estado": "RORAIMA", "pais": "Brasil", "precipitacao": null, "numero_dias_sem_chuva": null, "risco_fogo": null, "bioma": "Amazônia", "id_0": 33, "id_1": 14, "id_2": 1400308, "continente_id": 8, "vegetacao": null, "grade_wrs": "232_058", "frp": 52.4}, "bbox": [-60.9999, 2.5977, -60.9999, 2.5977]}, {"type": "Feature", "id": "focos_48h_br_todosats.fid--211a0569_19db336f1b8_-5e00", "geometry": {"type": "Point", "coordinates": [-53.2913, -13.2556]}, "geometry_name": "geometria", "properties": {"id_foco_bdq": 1815011973, "foco_id": "529ba5f1-231e-3ed5-843b-e92cb950b866", "longitude": -53.2913, "latitude": -13.2556, "data_hora_gmt": "2026-04-21T23:00:00Z", "data_pas": "2026-04-21", "satelite": "GOES-19", "municipio": "GAÚCHA DO NORTE", "estado": "MATO GROSSO", "pais": "Brasil", "precipitacao": null, "numero_dias_sem_chuva": null, "risco_fogo": null, "bioma": "Amazônia", "id_0": 33, "id_1": 51, "id_2": 5103858, "continente_id": 8, "vegetacao": null, "grade_wrs": "225_069", "frp": 84.8}, "bbox": [-53.2913, -13.2556, -53.2913, -13.2556]}, {"type": "Feature", "id": "focos_48h_br_todosats.fid--211a0569_19db336f1b8_-5dff", "geometry": {"type": "Point", "coordinates": [-53.2913, -13.2556]}, "geometry_name": "geometria", "properties": {"id_foco_bdq": 1815011884, "foco_id": "611a17da-1a28-3a17-9166-408f7828b85b", "longitude": -53.2913, "latitude": -13.2556, "data_hora_gmt": "2026-04-21T23:10:00Z", "data_pas": "2026-04-21", "satelite": "GOES-19", "municipio": "GAÚCHA DO NORTE", "estado": "MATO GROSSO", "pais": "Brasil", "precipitacao": null, "numero_dias_sem_chuva": null, "risco_fogo": null, "bioma": "Amazônia", "id_0": 33, "id_1": 51, "id_2": 5103858, "continente_id": 8, "vegetacao": null, "grade_wrs": "225_069", "frp": 73}, "bbox": [-53.2913, -13.2556, -53.2913, -13.2556]}, {"type": "Feature", "id": "focos_48h_br_todosats.fid--211a0569_19db336f1b8_-5dfe", "geometry": {"type": "Point", "coordinates": [-43.643, -11.772]}, "geometry_name": "geometria", "properties": {"id_foco_bdq": 1815011941, "foco_id": "19b8d982-c6b5-3767-91d0-0b7f6f845d72", "longitude": -43.643, "latitude": -11.772, "data_hora_gmt": "2026-04-21T23:20:00Z", "data_pas": "2026-04-21", "satelite": "GOES-19", "municipio": "BARRA", "estado": "BAHIA", "pais": "Brasil", "precipitacao": null, "numero_dias_sem_chuva": null, "risco_fogo": null, "bioma": "Cerrado", "id_0": 33, "id_1": 29, "id_2": 2902708, "continente_id": 8, "vegetacao": null, "grade_wrs": "219_068", "frp": 50.8}, "bbox": [-43.643, -11.772, -43.643, -11.772]}, {"type": "Feature", "id": "focos_48h_br_todosats.fid--211a0569_19db336f1b8_-5dfd", "geometry": {"type": "Point", "coordinates": [-45.3487, -13.38825]}, "geometry_name": "geometria", "properties": {"id_foco_bdq": 1815016457, "foco_id": "259ef311-7a77-33dd-8ef5-1552f852725f", "longitude": -45.3487, "latitude": -13.38825, "data_hora_gmt": "2026-04-21T23:37:00Z", "data_pas": "2026-04-21", "satelite": "TERRA_M-T", "municipio": "CORRENTINA", "estado": "BAHIA", "pais": "Brasil", "precipitacao": null, "numero_dias_sem_chuva": null, "risco_fogo": null, "bioma": "Cerrado", "id_0": 33, "id_1": 29, "id_2": 2909307, "continente_id": 8, "vegetacao": null, "grade_wrs": "220_069", "frp": 17.3}, "bbox": [-45.3487, -13.38825, -45.3487, -13.38825]}, {"type": "Feature", "id": "focos_48h_br_todosats.fid--211a0569_19db336f1b8_-5dfc", "geometry": {"type": "Point", "coordinates": [-45.22666, -12.0194]}, "geometry_name": "geometria", "properties": {"id_foco_bdq": 1815016403, "foco_id": "643103c8-114c-3e00-b054-be86b57ba8bd", "longitude": -45.22666, "latitude": -12.0194, "data_hora_gmt": "2026-04-21T23:37:00Z", "data_pas": "2026-04-21", "satelite": "TERRA_M-T", "municipio": "BARREIRAS", "estado": "BAHIA", "pais": "Brasil", "precipitacao": null, "numero_dias_sem_chuva": null, "risco_fogo": null, "bioma": "Cerrado", "id_0": 33, "id_1": 29, "id_2": 2903201, "continente_id": 8, "vegetacao": null, "grade_wrs": "220_068", "frp": 15.3}, "bbox": [-45.22666, -12.0194, -45.22666, -12.0194]}, {"type": "Feature", "id": "focos_48h_br_todosats.fid--211a0569_19db336f1b8_-5dfb", "geometry": {"type": "Point", "coordinates": [-45.32261, -13.38377]}, "geometry_name": "geometria", "properties": {"id_foco_bdq": 1815016532, "foco_id": "a6405bdb-fb9b-36d6-b197-8042f5e59a03", "longitude": -45.32261, "latitude": -13.38377, "data_hora_gmt": "2026-04-21T23:37:00Z", "data_pas": "2026-04-21", "satelite": "TERRA_M-T", "municipio": "CORRENTINA", "estado": "BAHIA", "pais": "Brasil", "precipitacao": null, "numero_dias_sem_chuva": null, "risco_fogo": null, "bioma": "Cerrado", "id_0": 33, "id_1": 29, "id_2": 2909307, "continente_id": 8, "vegetacao": null, "grade_wrs": "220_069", "frp": 18}, "bbox": [-45.32261, -13.38377, -45.32261, -13.38377]}, {"type": "Feature", "id": "focos_48h_br_todosats.fid--211a0569_19db336f1b8_-5dfa", "geometry": {"type": "Point", "coordinates": [-44.62945, -12.28625]}, "geometry_name": "geometria", "properties": {"id_foco_bdq": 1815016386, "foco_id": "edc3eefd-7580-37c3-9292-402864da57f5", "longitude": -44.62945, "latitude": -12.28625, "data_hora_gmt": "2026-04-21T23:37:00Z", "data_pas": "2026-04-21", "satelite": "TERRA_M-T", "municipio": "CATOLÂNDIA", "estado": "BAHIA", "pais": "Brasil", "precipitacao": null, "numero_dias_sem_chuva": null, "risco_fogo": null, "bioma": "Cerrado", "id_0": 33, "id_1": 29, "id_2": 2907400, "continente_id": 8, "vegetacao": null, "grade_wrs": "219_069", "frp": 21.1}, "bbox": [-44.62945, -12.28625, -44.62945, -12.28625]}, {"type": "Feature", "id": "focos_48h_br_todosats.fid--211a0569_19db336f1b8_-5df9", "geometry": {"type": "Point", "coordinates": [-45.32769, -13.38581]}, "geometry_name": "geometria", "properties": {"id_foco_bdq": 1815016379, "foco_id": "f31a5a6e-f86f-3aca-86b4-ad541f410b0b", "longitude": -45.32769, "latitude": -13.38581, "data_hora_gmt": "2026-04-21T23:37:00Z", "data_pas": "2026-04-21", "satelite": "TERRA_M-T", "municipio": "CORRENTINA", "estado": "BAHIA", "pais": "Brasil", "precipitacao": null, "numero_dias_sem_chuva": null, "risco_fogo": null, "bioma": "Cerrado", "id_0": 33, "id_1": 29, "id_2": 2909307, "continente_id": 8, "vegetacao": null, "grade_wrs": "220_069", "frp": 29.6}, "bbox": [-45.32769, -13.38581, -45.32769, -13.38581]}, {"type": "Feature", "id": "focos_48h_br_todosats.fid--211a0569_19db336f1b8_-5df8", "geometry": {"type": "Point", "coordinates": [-45.23315, -12.01863]}, "geometry_name": "geometria", "properties": {"id_foco_bdq": 1815016380, "foco_id": "12ad28b8-bd13-30a2-88d5-9ba41fdc3cf8", "longitude": -45.23315, "latitude": -12.01863, "data_hora_gmt": "2026-04-21T23:37:00Z", "data_pas": "2026-04-21", "satelite": "TERRA_M-T", "municipio": "BARREIRAS", "estado": "BAHIA", "pais": "Brasil", "precipitacao": null, "numero_dias_sem_chuva": null, "risco_fogo": null, "bioma": "Cerrado", "id_0": 33, "id_1": 29, "id_2": 2903201, "continente_id": 8, "vegetacao": null, "grade_wrs": "220_068", "frp": 15.9}, "bbox": [-45.23315, -12.01863, -45.23315, -12.01863]}, {"type": "Feature", "id": "focos_48h_br_todosats.fid--211a0569_19db336f1b8_-5df7", "geometry": {"type": "Point", "coordinates": [-41.38966, -13.85184]}, "geometry_name": "geometria", "properties": {"id_foco_bdq": 1815016555, "foco_id": "a55fa599-e22b-394d-9fe4-0698b77ce365", "longitude": -41.38966, "latitude": -13.85184, "data_hora_gmt": "2026-04-21T23:37:00Z", "data_pas": "2026-04-21", "satelite": "TERRA_M-T", "municipio": "ITUAÇU", "estado": "BAHIA", "pais": "Brasil", "precipitacao": null, "numero_dias_sem_chuva": null, "risco_fogo": null, "bioma": "Caatinga", "id_0": 33, "id_1": 29, "id_2": 2917201, "continente_id": 8, "vegetacao": null, "grade_wrs": "217_070", "frp": 7.5}, "bbox": [-41.38966, -13.85184, -41.38966, -13.85184]}, {"type": "Feature", "id": "focos_48h_br_todosats.fid--211a0569_19db336f1b8_-5df6", "geometry": {"type": "Point", "coordinates": [-45.34361, -13.38605]}, "geometry_name": "geometria", "properties": {"id_foco_bdq": 1815016434, "foco_id": "5b6090e3-242f-3c81-bf0f-84e48f5ea9d0", "longitude": -45.34361, "latitude": -13.38605, "data_hora_gmt": "2026-04-21T23:37:00Z", "data_pas": "2026-04-21", "satelite": "TERRA_M-T", "municipio": "CORRENTINA", "estado": "BAHIA", "pais": "Brasil", "precipitacao": null, "numero_dias_sem_chuva": null, "risco_fogo": null, "bioma": "Cerrado", "id_0": 33, "id_1": 29, "id_2": 2909307, "continente_id": 8, "vegetacao": null, "grade_wrs": "220_069", "frp": 34.4}, "bbox": [-45.34361, -13.38605, -45.34361, -13.38605]}, {"type": "Feature", "id": "focos_48h_br_todosats.fid--211a0569_19db336f1b8_-5df5", "geometry": {"type": "Point", "coordinates": [-45.32771, -13.38581]}, "geometry_name": "geometria", "properties": {"id_foco_bdq": 1815016426, "foco_id": "cbb5b2d0-0f84-3afa-90cd-4d1337321a39", "longitude": -45.32771, "latitude": -13.38581, "data_hora_gmt": "2026-04-21T23:37:00Z", "data_pas": "2026-04-21", "satelite": "TERRA_M-T", "municipio": "CORRENTINA", "estado": "BAHIA", "pais": "Brasil", "precipitacao": null, "numero_dias_sem_chuva": null, "risco_fogo": null, "bioma": "Cerrado", "id_0": 33, "id_1": 29, "id_2": 2909307, "continente_id": 8, "vegetacao": null, "grade_wrs": "220_069", "frp": 29.6}, "bbox": [-45.32771, -13.38581, -45.32771, -13.38581]}, {"type": "Feature", "id": "focos_48h_br_todosats.fid--211a0569_19db336f1b8_-5df4", "geometry": {"type": "Point", "coordinates": [-45.22665, -12.01941]}, "geometry_name": "geometria", "properties": {"id_foco_bdq": 1815016391, "foco_id": "86793320-5775-3796-9e60-d5dd74ebaafd", "longitude": -45.22665, "latitude": -12.01941, "data_hora_gmt": "2026-04-21T23:37:00Z", "data_pas": "2026-04-21", "satelite": "TERRA_M-T", "municipio": "BARREIRAS", "estado": "BAHIA", "pais": "Brasil", "precipitacao": null, "numero_dias_sem_chuva": null, "risco_fogo": null, "bioma": "Cerrado", "id_0": 33, "id_1": 29, "id_2": 2903201, "continente_id": 8, "vegetacao": null, "grade_wrs": "220_068", "frp": 15.3}, "bbox": [-45.22665, -12.01941, -45.22665, -12.01941]}, {"type": "Feature", "id": "focos_48h_br_todosats.fid--211a0569_19db336f1b8_-5df3", "geometry": {"type": "Point", "coordinates": [-45.34362, -13.38605]}, "geometry_name": "geometria", "properties": {"id_foco_bdq": 1815016460, "foco_id": "e65e509b-7918-342b-8736-20755816b1db", "longitude": -45.34362, "latitude": -13.38605, "data_hora_gmt": "2026-04-21T23:37:00Z", "data_pas": "2026-04-21", "satelite": "TERRA_M-T", "municipio": "CORRENTINA", "estado": "BAHIA", "pais": "Brasil", "precipitacao": null, "numero_dias_sem_chuva": null, "risco_fogo": null, "bioma": "Cerrado", "id_0": 33, "id_1": 29, "id_2": 2909307, "continente_id": 8, "vegetacao": null, "grade_wrs": "220_069", "frp": 34.4}, "bbox": [-45.34362, -13.38605, -45.34362, -13.38605]}, {"type": "Feature", "id": "focos_48h_br_todosats.fid--211a0569_19db336f1b8_-5df2", "geometry": {"type": "Point", "coordinates": [-45.34869, -13.38825]}, "geometry_name": "geometria", "properties": {"id_foco_bdq": 1815016415, "foco_id": "11387f33-e8bf-3c4f-bfe7-bf8732fc9d80", "longitude": -45.34869, "latitude": -13.38825, "data_hora_gmt": "2026-04-21T23:37:00Z", "data_pas": "2026-04-21", "satelite": "TERRA_M-T", "municipio": "CORRENTINA", "estado": "BAHIA", "pais": "Brasil", "precipitacao": null, "numero_dias_sem_chuva": null, "risco_fogo": null, "bioma": "Cerrado", "id_0": 33, "id_1": 29, "id_2": 2909307, "continente_id": 8, "vegetacao": null, "grade_wrs": "220_069", "frp": 17.3}, "bbox": [-45.34869, -13.38825, -45.34869, -13.38825]}, {"type": "Feature", "id": "focos_48h_br_todosats.fid--211a0569_19db336f1b8_-5df1", "geometry": {"type": "Point", "coordinates": [-41.38965, -13.85184]}, "geometry_name": "geometria", "properties": {"id_foco_bdq": 1815016381, "foco_id": "38d685e1-bfd6-3e8c-a922-b98a96d062a1", "longitude": -41.38965, "latitude": -13.85184, "data_hora_gmt": "2026-04-21T23:37:00Z", "data_pas": "2026-04-21", "satelite": "TERRA_M-T", "municipio": "ITUAÇU", "estado": "BAHIA", "pais": "Brasil", "precipitacao": null, "numero_dias_sem_chuva": null, "risco_fogo": null, "bioma": "Caatinga", "id_0": 33, "id_1": 29, "id_2": 2917201, "continente_id": 8, "vegetacao": null, "grade_wrs": "217_070", "frp": 7.5}, "bbox": [-41.38965, -13.85184, -41.38965, -13.85184]}, {"type": "Feature", "id": "focos_48h_br_todosats.fid--211a0569_19db336f1b8_-5df0", "geometry": {"type": "Point", "coordinates": [-45.32259, -13.38377]}, "geometry_name": "geometria", "properties": {"id_foco_bdq": 1815016428, "foco_id": "03c18dce-b3f8-39b2-b61f-246eafb43021", "longitude": -45.32259, "latitude": -13.38377, "data_hora_gmt": "2026-04-21T23:37:00Z", "data_pas": "2026-04-21", "satelite": "TERRA_M-T", "municipio": "CORRENTINA", "estado": "BAHIA", "pais": "Brasil", "precipitacao": null, "numero_dias_sem_chuva": null, "risco_fogo": null, "bioma": "Cerrado", "id_0": 33, "id_1": 29, "id_2": 2909307, "continente_id": 8, "vegetacao": null, "grade_wrs": "220_069", "frp": 18}, "bbox": [-45.32259, -13.38377, -45.32259, -13.38377]}, {"type": "Feature", "id": "focos_48h_br_todosats.fid--211a0569_19db336f1b8_-5def", "geometry": {"type": "Point", "coordinates": [-47.75727, -11.99508]}, "geometry_name": "geometria", "properties": {"id_foco_bdq": 1815016492, "foco_id": "5b83d2b6-065a-345c-8e50-a08116d76d14", "longitude": -47.75727, "latitude": -11.99508, "data_hora_gmt": "2026-04-21T23:37:00Z", "data_pas": "2026-04-21", "satelite": "TERRA_M-T", "municipio": "NATIVIDADE", "estado": "TOCANTINS", "pais": "Brasil", "precipitacao": null, "numero_dias_sem_chuva": null, "risco_fogo": null, "bioma": "Cerrado", "id_0": 33, "id_1": 17, "id_2": 1714203, "continente_id": 8, "vegetacao": null, "grade_wrs": "221_068", "frp": 19.7}, "bbox": [-47.75727, -11.99508, -47.75727, -11.99508]}, {"type": "Feature", "id": "focos_48h_br_todosats.fid--211a0569_19db336f1b8_-5dee", "geometry": {"type": "Point", "coordinates": [-45.23314, -12.01863]}, "geometry_name": "geometria", "properties": {"id_foco_bdq": 1815016401, "foco_id": "185158d2-3607-3d56-a205-a98d546fc40b", "longitude": -45.23314, "latitude": -12.01863, "data_hora_gmt": "2026-04-21T23:37:00Z", "data_pas": "2026-04-21", "satelite": "TERRA_M-T", "municipio": "BARREIRAS", "estado": "BAHIA", "pais": "Brasil", "precipitacao": null, "numero_dias_sem_chuva": null, "risco_fogo": null, "bioma": "Cerrado", "id_0": 33, "id_1": 29, "id_2": 2903201, "continente_id": 8, "vegetacao": null, "grade_wrs": "220_068", "frp": 15.9}, "bbox": [-45.23314, -12.01863, -45.23314, -12.01863]}, {"type": "Feature", "id": "focos_48h_br_todosats.fid--211a0569_19db336f1b8_-5ded", "geometry": {"type": "Point", "coordinates": [-47.78785, -11.99844]}, "geometry_name": "geometria", "properties": {"id_foco_bdq": 1815016473, "foco_id": "bd550cbf-42b8-3ad6-af00-afd031897e79", "longitude": -47.78785, "latitude": -11.99844, "data_hora_gmt": "2026-04-21T23:37:00Z", "data_pas": "2026-04-21", "satelite": "TERRA_M-T", "municipio": "NATIVIDADE", "estado": "TOCANTINS", "pais": "Brasil", "precipitacao": null, "numero_dias_sem_chuva": null, "risco_fogo": null, "bioma": "Cerrado", "id_0": 33, "id_1": 17, "id_2": 1714203, "continente_id": 8, "vegetacao": null, "grade_wrs": "221_068", "frp": 23.8}, "bbox": [-47.78785, -11.99844, -47.78785, -11.99844]}, {"type": "Feature", "id": "focos_48h_br_todosats.fid--211a0569_19db336f1b8_-5dec", "geometry": {"type": "Point", "coordinates": [-47.78786, -11.99844]}, "geometry_name": "geometria", "properties": {"id_foco_bdq": 1815016402, "foco_id": "20dcf36f-0fc3-35e5-8ed6-9d372a645a4f", "longitude": -47.78786, "latitude": -11.99844, "data_hora_gmt": "2026-04-21T23:37:00Z", "data_pas": "2026-04-21", "satelite": "TERRA_M-T", "municipio": "NATIVIDADE", "estado": "TOCANTINS", "pais": "Brasil", "precipitacao": null, "numero_dias_sem_chuva": null, "risco_fogo": null, "bioma": "Cerrado", "id_0": 33, "id_1": 17, "id_2": 1714203, "continente_id": 8, "vegetacao": null, "grade_wrs": "221_068", "frp": 23.8}, "bbox": [-47.78786, -11.99844, -47.78786, -11.99844]}, {"type": "Feature", "id": "focos_48h_br_todosats.fid--211a0569_19db336f1b8_-5deb", "geometry": {"type": "Point", "coordinates": [-44.62944, -12.28625]}, "geometry_name": "geometria", "properties": {"id_foco_bdq": 1815016378, "foco_id": "214c747f-eb7d-3a25-b4f2-53a8c38acd55", "longitude": -44.62944, "latitude": -12.28625, "data_hora_gmt": "2026-04-21T23:37:00Z", "data_pas": "2026-04-21", "satelite": "TERRA_M-T", "municipio": "CATOLÂNDIA", "estado": "BAHIA", "pais": "Brasil", "precipitacao": null, "numero_dias_sem_chuva": null, "risco_fogo": null, "bioma": "Cerrado", "id_0": 33, "id_1": 29, "id_2": 2907400, "continente_id": 8, "vegetacao": null, "grade_wrs": "219_069", "frp": 21.1}, "bbox": [-44.62944, -12.28625, -44.62944, -12.28625]}, {"type": "Feature", "id": "focos_48h_br_todosats.fid--211a0569_19db336f1b8_-5dea", "geometry": {"type": "Point", "coordinates": [-47.75728, -11.99507]}, "geometry_name": "geometria", "properties": {"id_foco_bdq": 1815016465, "foco_id": "20183fba-dc6d-3adc-82cc-e09d7d66cbb2", "longitude": -47.75728, "latitude": -11.99507, "data_hora_gmt": "2026-04-21T23:37:00Z", "data_pas": "2026-04-21", "satelite": "TERRA_M-T", "municipio": "NATIVIDADE", "estado": "TOCANTINS", "pais": "Brasil", "precipitacao": null, "numero_dias_sem_chuva": null, "risco_fogo": null, "bioma": "Cerrado", "id_0": 33, "id_1": 17, "id_2": 1714203, "continente_id": 8, "vegetacao": null, "grade_wrs": "221_068", "frp": 19.7}, "bbox": [-47.75728, -11.99507, -47.75728, -11.99507]}, {"type": "Feature", "id": "focos_48h_br_todosats.fid--211a0569_19db336f1b8_-5de9", "geometry": {"type": "Point", "coordinates": [-53.285, -13.2449]}, "geometry_name": "geometria", "properties": {"id_foco_bdq": 1815017536, "foco_id": "6501799f-99bb-3776-8b87-5144fd9115ed", "longitude": -53.285, "latitude": -13.2449, "data_hora_gmt": "2026-04-22T00:11:00Z", "data_pas": "2026-04-22", "satelite": "METOP-B", "municipio": "GAÚCHA DO NORTE", "estado": "MATO GROSSO", "pais": "Brasil", "precipitacao": null, "numero_dias_sem_chuva": null, "risco_fogo": null, "bioma": "Amazônia", "id_0": 33, "id_1": 51, "id_2": 5103858, "continente_id": 8, "vegetacao": null, "grade_wrs": "225_069", "frp": null}, "bbox": [-53.285, -13.2449, -53.285, -13.2449]}, {"type": "Feature", "id": "focos_48h_br_todosats.fid--211a0569_19db336f1b8_-5de8", "geometry": {"type": "Point", "coordinates": [-47.768799, -11.9994]}, "geometry_name": "geometria", "properties": {"id_foco_bdq": 1815017547, "foco_id": "49338e81-4239-3da8-8f19-8748302aa3e0", "longitude": -47.768799, "latitude": -11.9994, "data_hora_gmt": "2026-04-22T00:11:00Z", "data_pas": "2026-04-22", "satelite": "METOP-B", "municipio": "NATIVIDADE", "estado": "TOCANTINS", "pais": "Brasil", "precipitacao": null, "numero_dias_sem_chuva": null, "risco_fogo": null, "bioma": "Cerrado", "id_0": 33, "id_1": 17, "id_2": 1714203, "continente_id": 8, "vegetacao": null, "grade_wrs": "221_068", "frp": null}, "bbox": [-47.768799, -11.9994, -47.768799, -11.9994]}, {"type": "Feature", "id": "focos_48h_br_todosats.fid--211a0569_19db336f1b8_-5de7", "geometry": {"type": "Point", "coordinates": [-53.2729, -13.2525]}, "geometry_name": "geometria", "properties": {"id_foco_bdq": 1815017955, "foco_id": "fc5f821f-67ef-3ec0-abb0-bb74644f2402", "longitude": -53.2729, "latitude": -13.2525, "data_hora_gmt": "2026-04-22T00:11:00Z", "data_pas": "2026-04-22", "satelite": "METOP-B", "municipio": "GAÚCHA DO NORTE", "estado": "MATO GROSSO", "pais": "Brasil", "precipitacao": null, "numero_dias_sem_chuva": null, "risco_fogo": null, "bioma": "Amazônia", "id_0": 33, "id_1": 51, "id_2": 5103858, "continente_id": 8, "vegetacao": null, "grade_wrs": "225_069", "frp": null}, "bbox": [-53.2729, -13.2525, -53.2729, -13.2525]}, {"type": "Feature", "id": "focos_48h_br_todosats.fid--211a0569_19db336f1b8_-5de6", "geometry": {"type": "Point", "coordinates": [-48.8871, -21.533899]}, "geometry_name": "geometria", "properties": {"id_foco_bdq": 1815017941, "foco_id": "1dffb96a-d36b-3094-9110-c18fcf109bee", "longitude": -48.8871, "latitude": -21.533899, "data_hora_gmt": "2026-04-22T00:11:00Z", "data_pas": "2026-04-22", "satelite": "METOP-B", "municipio": "ITÁPOLIS", "estado": "SÃO PAULO", "pais": "Brasil", "precipitacao": null, "numero_dias_sem_chuva": null, "risco_fogo": null, "bioma": "Cerrado", "id_0": 33, "id_1": 35, "id_2": 3522703, "continente_id": 8, "vegetacao": null, "grade_wrs": "221_075", "frp": null}, "bbox": [-48.8871, -21.533899, -48.8871, -21.533899]}, {"type": "Feature", "id": "focos_48h_br_todosats.fid--211a0569_19db336f1b8_-5de5", "geometry": {"type": "Point", "coordinates": [-53.619301, -13.2417]}, "geometry_name": "geometria", "properties": {"id_foco_bdq": 1815017891, "foco_id": "4bdd9238-353a-3b9e-a7cc-d99cc1d2a946", "longitude": -53.619301, "latitude": -13.2417, "data_hora_gmt": "2026-04-22T00:11:00Z", "data_pas": "2026-04-22", "satelite": "METOP-B", "municipio": "GAÚCHA DO NORTE", "estado": "MATO GROSSO", "pais": "Brasil", "precipitacao": null, "numero_dias_sem_chuva": null, "risco_fogo": null, "bioma": "Amazônia", "id_0": 33, "id_1": 51, "id_2": 5103858, "continente_id": 8, "vegetacao": null, "grade_wrs": "225_069", "frp": null}, "bbox": [-53.619301, -13.2417, -53.619301, -13.2417]}, {"type": "Feature", "id": "focos_48h_br_todosats.fid--211a0569_19db336f1b8_-5de4", "geometry": {"type": "Point", "coordinates": [-48.8951, -21.5355]}, "geometry_name": "geometria", "properties": {"id_foco_bdq": 1815017965, "foco_id": "390fc1cc-f05a-31b1-97fd-3ad70abe6f50", "longitude": -48.8951, "latitude": -21.5355, "data_hora_gmt": "2026-04-22T00:11:00Z", "data_pas": "2026-04-22", "satelite": "METOP-B", "municipio": "ITÁPOLIS", "estado": "SÃO PAULO", "pais": "Brasil", "precipitacao": null, "numero_dias_sem_chuva": null, "risco_fogo": null, "bioma": "Cerrado", "id_0": 33, "id_1": 35, "id_2": 3522703, "continente_id": 8, "vegetacao": null, "grade_wrs": "221_075", "frp": null}, "bbox": [-48.8951, -21.5355, -48.8951, -21.5355]}, {"type": "Feature", "id": "focos_48h_br_todosats.fid--211a0569_19db336f1b8_-5de3", "geometry": {"type": "Point", "coordinates": [-48.620499, -20.864799]}, "geometry_name": "geometria", "properties": {"id_foco_bdq": 1815018007, "foco_id": "ae19efbb-e75c-335a-a941-45bea045a895", "longitude": -48.620499, "latitude": -20.864799, "data_hora_gmt": "2026-04-22T00:11:00Z", "data_pas": "2026-04-22", "satelite": "METOP-B", "municipio": "MONTE AZUL PAULISTA", "estado": "SÃO PAULO", "pais": "Brasil", "precipitacao": null, "numero_dias_sem_chuva": null, "risco_fogo": null, "bioma": "Cerrado", "id_0": 33, "id_1": 35, "id_2": 3531506, "continente_id": 8, "vegetacao": null, "grade_wrs": "221_074", "frp": null}, "bbox": [-48.620499, -20.864799, -48.620499, -20.864799]}, {"type": "Feature", "id": "focos_48h_br_todosats.fid--211a0569_19db336f1b8_-5de2", "geometry": {"type": "Point", "coordinates": [-52.1362, -12.6383]}, "geometry_name": "geometria", "properties": {"id_foco_bdq": 1815017886, "foco_id": "367bc004-a5c8-32ed-bfcf-6f1d1c5f95d8", "longitude": -52.1362, "latitude": -12.6383, "data_hora_gmt": "2026-04-22T00:11:00Z", "data_pas": "2026-04-22", "satelite": "METOP-B", "municipio": "QUERÊNCIA", "estado": "MATO GROSSO", "pais": "Brasil", "precipitacao": null, "numero_dias_sem_chuva": null, "risco_fogo": null, "bioma": "Amazônia", "id_0": 33, "id_1": 51, "id_2": 5107065, "continente_id": 8, "vegetacao": null, "grade_wrs": "224_069", "frp": null}, "bbox": [-52.1362, -12.6383, -52.1362, -12.6383]}, {"type": "Feature", "id": "focos_48h_br_todosats.fid--211a0569_19db336f1b8_-5de1", "geometry": {"type": "Point", "coordinates": [-48.903198, -21.537201]}, "geometry_name": "geometria", "properties": {"id_foco_bdq": 1815017735, "foco_id": "0c99f38d-e160-306f-bcb7-0604a69130b2", "longitude": -48.903198, "latitude": -21.537201, "data_hora_gmt": "2026-04-22T00:11:00Z", "data_pas": "2026-04-22", "satelite": "METOP-B", "municipio": "ITÁPOLIS", "estado": "SÃO PAULO", "pais": "Brasil", "precipitacao": null, "numero_dias_sem_chuva": null, "risco_fogo": null, "bioma": "Cerrado", "id_0": 33, "id_1": 35, "id_2": 3522703, "continente_id": 8, "vegetacao": null, "grade_wrs": "221_075", "frp": null}, "bbox": [-48.903198, -21.537201, -48.903198, -21.537201]}, {"type": "Feature", "id": "focos_48h_br_todosats.fid--211a0569_19db336f1b8_-5de0", "geometry": {"type": "Point", "coordinates": [-43.639099, -11.7685]}, "geometry_name": "geometria", "properties": {"id_foco_bdq": 1815018043, "foco_id": "45028163-3d3a-3b77-b7fa-3db88674f4aa", "longitude": -43.639099, "latitude": -11.7685, "data_hora_gmt": "2026-04-22T00:11:00Z", "data_pas": "2026-04-22", "satelite": "METOP-B", "municipio": "BARRA", "estado": "BAHIA", "pais": "Brasil", "precipitacao": null, "numero_dias_sem_chuva": null, "risco_fogo": null, "bioma": "Cerrado", "id_0": 33, "id_1": 29, "id_2": 2902708, "continente_id": 8, "vegetacao": null, "grade_wrs": "219_068", "frp": null}, "bbox": [-43.639099, -11.7685, -43.639099, -11.7685]}, {"type": "Feature", "id": "focos_48h_br_todosats.fid--211a0569_19db336f1b8_-5ddf", "geometry": {"type": "Point", "coordinates": [-48.422401, -21.7152]}, "geometry_name": "geometria", "properties": {"id_foco_bdq": 1815017942, "foco_id": "501a6836-99c4-3072-a6cd-aaf47c03180d", "longitude": -48.422401, "latitude": -21.7152, "data_hora_gmt": "2026-04-22T00:11:00Z", "data_pas": "2026-04-22", "satelite": "METOP-B", "municipio": "GAVIÃO PEIXOTO", "estado": "SÃO PAULO", "pais": "Brasil", "precipitacao": null, "numero_dias_sem_chuva": null, "risco_fogo": null, "bioma": "Cerrado", "id_0": 33, "id_1": 35, "id_2": 3516853, "continente_id": 8, "vegetacao": null, "grade_wrs": "220_075", "frp": null}, "bbox": [-48.422401, -21.7152, -48.422401, -21.7152]}, {"type": "Feature", "id": "focos_48h_br_todosats.fid--211a0569_19db336f1b8_-5dde", "geometry": {"type": "Point", "coordinates": [-53.6213, -13.2319]}, "geometry_name": "geometria", "properties": {"id_foco_bdq": 1815018112, "foco_id": "652aa8a2-8296-314e-bf08-a37715e48939", "longitude": -53.6213, "latitude": -13.2319, "data_hora_gmt": "2026-04-22T00:11:00Z", "data_pas": "2026-04-22", "satelite": "METOP-B", "municipio": "GAÚCHA DO NORTE", "estado": "MATO GROSSO", "pais": "Brasil", "precipitacao": null, "numero_dias_sem_chuva": null, "risco_fogo": null, "bioma": "Amazônia", "id_0": 33, "id_1": 51, "id_2": 5103858, "continente_id": 8, "vegetacao": null, "grade_wrs": "225_069", "frp": null}, "bbox": [-53.6213, -13.2319, -53.6213, -13.2319]}, {"type": "Feature", "id": "focos_48h_br_todosats.fid--211a0569_19db336f1b8_-5ddd", "geometry": {"type": "Point", "coordinates": [-45.3339, -13.3847]}, "geometry_name": "geometria", "properties": {"id_foco_bdq": 1815018147, "foco_id": "4b9132a4-6c81-3e26-ad96-bc35715c9c2a", "longitude": -45.3339, "latitude": -13.3847, "data_hora_gmt": "2026-04-22T00:11:00Z", "data_pas": "2026-04-22", "satelite": "METOP-B", "municipio": "CORRENTINA", "estado": "BAHIA", "pais": "Brasil", "precipitacao": null, "numero_dias_sem_chuva": null, "risco_fogo": null, "bioma": "Cerrado", "id_0": 33, "id_1": 29, "id_2": 2909307, "continente_id": 8, "vegetacao": null, "grade_wrs": "220_069", "frp": null}, "bbox": [-45.3339, -13.3847, -45.3339, -13.3847]}, {"type": "Feature", "id": "focos_48h_br_todosats.fid--211a0569_19db336f1b8_-5ddc", "geometry": {"type": "Point", "coordinates": [-44.4394, -13.6364]}, "geometry_name": "geometria", "properties": {"id_foco_bdq": 1815017935, "foco_id": "24b221e1-98d3-36c4-8065-7c72a8e4762d", "longitude": -44.4394, "latitude": -13.6364, "data_hora_gmt": "2026-04-22T00:11:00Z", "data_pas": "2026-04-22", "satelite": "METOP-B", "municipio": "CORIBE", "estado": "BAHIA", "pais": "Brasil", "precipitacao": null, "numero_dias_sem_chuva": null, "risco_fogo": null, "bioma": "Cerrado", "id_0": 33, "id_1": 29, "id_2": 2909109, "continente_id": 8, "vegetacao": null, "grade_wrs": "219_069", "frp": null}, "bbox": [-44.4394, -13.6364, -44.4394, -13.6364]}, {"type": "Feature", "id": "focos_48h_br_todosats.fid--211a0569_19db336f1b8_-5ddb", "geometry": {"type": "Point", "coordinates": [-44.626301, -12.2864]}, "geometry_name": "geometria", "properties": {"id_foco_bdq": 1815017925, "foco_id": "4d675c6a-509b-3909-b6f4-b09a01a56ef9", "longitude": -44.626301, "latitude": -12.2864, "data_hora_gmt": "2026-04-22T00:11:00Z", "data_pas": "2026-04-22", "satelite": "METOP-B", "municipio": "CATOLÂNDIA", "estado": "BAHIA", "pais": "Brasil", "precipitacao": null, "numero_dias_sem_chuva": null, "risco_fogo": null, "bioma": "Cerrado", "id_0": 33, "id_1": 29, "id_2": 2907400, "continente_id": 8, "vegetacao": null, "grade_wrs": "219_069", "frp": null}, "bbox": [-44.626301, -12.2864, -44.626301, -12.2864]}, {"type": "Feature", "id": "focos_48h_br_todosats.fid--211a0569_19db336f1b8_-5dda", "geometry": {"type": "Point", "coordinates": [-44.43, -13.6341]}, "geometry_name": "geometria", "properties": {"id_foco_bdq": 1815017619, "foco_id": "68c89f23-6e5c-3422-9a21-a6d4a76d9733", "longitude": -44.43, "latitude": -13.6341, "data_hora_gmt": "2026-04-22T00:11:00Z", "data_pas": "2026-04-22", "satelite": "METOP-B", "municipio": "CORIBE", "estado": "BAHIA", "pais": "Brasil", "precipitacao": null, "numero_dias_sem_chuva": null, "risco_fogo": null, "bioma": "Cerrado", "id_0": 33, "id_1": 29, "id_2": 2909109, "continente_id": 8, "vegetacao": null, "grade_wrs": "219_069", "frp": null}, "bbox": [-44.43, -13.6341, -44.43, -13.6341]}, {"type": "Feature", "id": "focos_48h_br_todosats.fid--211a0569_19db336f1b8_-5dd9", "geometry": {"type": "Point", "coordinates": [-48.4146, -21.7136]}, "geometry_name": "geometria", "properties": {"id_foco_bdq": 1815018184, "foco_id": "277307fa-5b68-3319-a1c4-096237403483", "longitude": -48.4146, "latitude": -21.7136, "data_hora_gmt": "2026-04-22T00:11:00Z", "data_pas": "2026-04-22", "satelite": "METOP-B", "municipio": "GAVIÃO PEIXOTO", "estado": "SÃO PAULO", "pais": "Brasil", "precipitacao": null, "numero_dias_sem_chuva": null, "risco_fogo": null, "bioma": "Cerrado", "id_0": 33, "id_1": 35, "id_2": 3516853, "continente_id": 8, "vegetacao": null, "grade_wrs": "220_075", "frp": null}, "bbox": [-48.4146, -21.7136, -48.4146, -21.7136]}, {"type": "Feature", "id": "focos_48h_br_todosats.fid--211a0569_19db336f1b8_-5dd8", "geometry": {"type": "Point", "coordinates": [-48.612801, -20.863199]}, "geometry_name": "geometria", "properties": {"id_foco_bdq": 1815017578, "foco_id": "c8c1822d-4be4-385d-bb8c-f0f67faa4cd2", "longitude": -48.612801, "latitude": -20.863199, "data_hora_gmt": "2026-04-22T00:11:00Z", "data_pas": "2026-04-22", "satelite": "METOP-B", "municipio": "MONTE AZUL PAULISTA", "estado": "SÃO PAULO", "pais": "Brasil", "precipitacao": null, "numero_dias_sem_chuva": null, "risco_fogo": null, "bioma": "Cerrado", "id_0": 33, "id_1": 35, "id_2": 3531506, "continente_id": 8, "vegetacao": null, "grade_wrs": "221_074", "frp": null}, "bbox": [-48.612801, -20.863199, -48.612801, -20.863199]}, {"type": "Feature", "id": "focos_48h_br_todosats.fid--211a0569_19db336f1b8_-5dd7", "geometry": {"type": "Point", "coordinates": [-43.650101, -11.7712]}, "geometry_name": "geometria", "properties": {"id_foco_bdq": 1815018198, "foco_id": "d202fea3-d02f-3c3d-8d8b-617ff781ae39", "longitude": -43.650101, "latitude": -11.7712, "data_hora_gmt": "2026-04-22T00:11:00Z", "data_pas": "2026-04-22", "satelite": "METOP-B", "municipio": "BARRA", "estado": "BAHIA", "pais": "Brasil", "precipitacao": null, "numero_dias_sem_chuva": null, "risco_fogo": null, "bioma": "Cerrado", "id_0": 33, "id_1": 29, "id_2": 2902708, "continente_id": 8, "vegetacao": null, "grade_wrs": "219_068", "frp": null}, "bbox": [-43.650101, -11.7712, -43.650101, -11.7712]}, {"type": "Feature", "id": "focos_48h_br_todosats.fid--211a0569_19db336f1b8_-5dd6", "geometry": {"type": "Point", "coordinates": [-44.616798, -12.2841]}, "geometry_name": "geometria", "properties": {"id_foco_bdq": 1815017923, "foco_id": "6aef2d0a-1d16-36ef-8208-c0426748451a", "longitude": -44.616798, "latitude": -12.2841, "data_hora_gmt": "2026-04-22T00:11:00Z", "data_pas": "2026-04-22", "satelite": "METOP-B", "municipio": "CATOLÂNDIA", "estado": "BAHIA", "pais": "Brasil", "precipitacao": null, "numero_dias_sem_chuva": null, "risco_fogo": null, "bioma": "Cerrado", "id_0": 33, "id_1": 29, "id_2": 2907400, "continente_id": 8, "vegetacao": null, "grade_wrs": "219_069", "frp": null}, "bbox": [-44.616798, -12.2841, -44.616798, -12.2841]}, {"type": "Feature", "id": "focos_48h_br_todosats.fid--211a0569_19db336f1b8_-5dd5", "geometry": {"type": "Point", "coordinates": [-48.6283, -20.8664]}, "geometry_name": "geometria", "properties": {"id_foco_bdq": 1815017916, "foco_id": "55974541-c630-3967-ac2e-a586a8767996", "longitude": -48.6283, "latitude": -20.8664, "data_hora_gmt": "2026-04-22T00:11:00Z", "data_pas": "2026-04-22", "satelite": "METOP-B", "municipio": "MONTE AZUL PAULISTA", "estado": "SÃO PAULO", "pais": "Brasil", "precipitacao": null, "numero_dias_sem_chuva": null, "risco_fogo": null, "bioma": "Mata Atlântica", "id_0": 33, "id_1": 35, "id_2": 3531506, "continente_id": 8, "vegetacao": null, "grade_wrs": "221_074", "frp": null}, "bbox": [-48.6283, -20.8664, -48.6283, -20.8664]}, {"type": "Feature", "id": "focos_48h_br_todosats.fid--211a0569_19db336f1b8_-5dd4", "geometry": {"type": "Point", "coordinates": [-45.325401, -13.3827]}, "geometry_name": "geometria", "properties": {"id_foco_bdq": 1815017377, "foco_id": "524c0a96-1625-38d4-9d53-40af3572344c", "longitude": -45.325401, "latitude": -13.3827, "data_hora_gmt": "2026-04-22T00:11:00Z", "data_pas": "2026-04-22", "satelite": "METOP-B", "municipio": "CORRENTINA", "estado": "BAHIA", "pais": "Brasil", "precipitacao": null, "numero_dias_sem_chuva": null, "risco_fogo": null, "bioma": "Cerrado", "id_0": 33, "id_1": 29, "id_2": 2909307, "continente_id": 8, "vegetacao": null, "grade_wrs": "220_069", "frp": null}, "bbox": [-45.325401, -13.3827, -45.325401, -13.3827]}, {"type": "Feature", "id": "focos_48h_br_todosats.fid--211a0569_19db336f1b8_-5dd3", "geometry": {"type": "Point", "coordinates": [-47.7616, -11.9977]}, "geometry_name": "geometria", "properties": {"id_foco_bdq": 1815017464, "foco_id": "f7a77c8d-bffe-38a2-8288-35b4377bf8fa", "longitude": -47.7616, "latitude": -11.9977, "data_hora_gmt": "2026-04-22T00:11:00Z", "data_pas": "2026-04-22", "satelite": "METOP-B", "municipio": "NATIVIDADE", "estado": "TOCANTINS", "pais": "Brasil", "precipitacao": null, "numero_dias_sem_chuva": null, "risco_fogo": null, "bioma": "Cerrado", "id_0": 33, "id_1": 17, "id_2": 1714203, "continente_id": 8, "vegetacao": null, "grade_wrs": "221_068", "frp": null}, "bbox": [-47.7616, -11.9977, -47.7616, -11.9977]}, {"type": "Feature", "id": "focos_48h_br_todosats.fid--211a0569_19db336f1b8_-5dd2", "geometry": {"type": "Point", "coordinates": [-53.282902, -13.2546]}, "geometry_name": "geometria", "properties": {"id_foco_bdq": 1815017570, "foco_id": "e72de5ae-026a-3b25-9f13-34e3df4e872e", "longitude": -53.282902, "latitude": -13.2546, "data_hora_gmt": "2026-04-22T00:11:00Z", "data_pas": "2026-04-22", "satelite": "METOP-B", "municipio": "GAÚCHA DO NORTE", "estado": "MATO GROSSO", "pais": "Brasil", "precipitacao": null, "numero_dias_sem_chuva": null, "risco_fogo": null, "bioma": "Amazônia", "id_0": 33, "id_1": 51, "id_2": 5103858, "continente_id": 8, "vegetacao": null, "grade_wrs": "225_069", "frp": null}, "bbox": [-53.282902, -13.2546, -53.282902, -13.2546]}, {"type": "Feature", "id": "focos_48h_br_todosats.fid--211a0569_19db336f1b8_-5dd1", "geometry": {"type": "Point", "coordinates": [-50.980099, -20.1644]}, "geometry_name": "geometria", "properties": {"id_foco_bdq": 1815017557, "foco_id": "02680648-86da-3074-905a-0ec9c1558abf", "longitude": -50.980099, "latitude": -20.1644, "data_hora_gmt": "2026-04-22T00:11:00Z", "data_pas": "2026-04-22", "satelite": "METOP-B", "municipio": "RUBINÉIA", "estado": "SÃO PAULO", "pais": "Brasil", "precipitacao": null, "numero_dias_sem_chuva": null, "risco_fogo": null, "bioma": "Mata Atlântica", "id_0": 33, "id_1": 35, "id_2": 3544509, "continente_id": 8, "vegetacao": null, "grade_wrs": "222_074", "frp": null}, "bbox": [-50.980099, -20.1644, -50.980099, -20.1644]}, {"type": "Feature", "id": "focos_48h_br_todosats.fid--211a0569_19db336f1b8_-5dd0", "geometry": {"type": "Point", "coordinates": [-50.991402, -20.1569]}, "geometry_name": "geometria", "properties": {"id_foco_bdq": 1815017640, "foco_id": "dc6803e2-7d33-360a-9d8a-15cf817b31f9", "longitude": -50.991402, "latitude": -20.1569, "data_hora_gmt": "2026-04-22T00:43:00Z", "data_pas": "2026-04-22", "satelite": "METOP-C", "municipio": "RUBINÉIA", "estado": "SÃO PAULO", "pais": "Brasil", "precipitacao": null, "numero_dias_sem_chuva": null, "risco_fogo": null, "bioma": "Mata Atlântica", "id_0": 33, "id_1": 35, "id_2": 3544509, "continente_id": 8, "vegetacao": null, "grade_wrs": "222_074", "frp": null}, "bbox": [-50.991402, -20.1569, -50.991402, -20.1569]}, {"type": "Feature", "id": "focos_48h_br_todosats.fid--211a0569_19db336f1b8_-5dcf", "geometry": {"type": "Point", "coordinates": [-45.329201, -13.396]}, "geometry_name": "geometria", "properties": {"id_foco_bdq": 1815018085, "foco_id": "a93a98e9-eb52-3d0b-aa00-64493ebfc35a", "longitude": -45.329201, "latitude": -13.396, "data_hora_gmt": "2026-04-22T00:43:00Z", "data_pas": "2026-04-22", "satelite": "METOP-C", "municipio": "CORRENTINA", "estado": "BAHIA", "pais": "Brasil", "precipitacao": null, "numero_dias_sem_chuva": null, "risco_fogo": null, "bioma": "Cerrado", "id_0": 33, "id_1": 29, "id_2": 2909307, "continente_id": 8, "vegetacao": null, "grade_wrs": "220_069", "frp": null}, "bbox": [-45.329201, -13.396, -45.329201, -13.396]}, {"type": "Feature", "id": "focos_48h_br_todosats.fid--211a0569_19db336f1b8_-5dce", "geometry": {"type": "Point", "coordinates": [-45.331699, -13.3863]}, "geometry_name": "geometria", "properties": {"id_foco_bdq": 1815017895, "foco_id": "acf16d5c-ff99-3f0f-91a9-590c267415dc", "longitude": -45.331699, "latitude": -13.3863, "data_hora_gmt": "2026-04-22T00:43:00Z", "data_pas": "2026-04-22", "satelite": "METOP-C", "municipio": "CORRENTINA", "estado": "BAHIA", "pais": "Brasil", "precipitacao": null, "numero_dias_sem_chuva": null, "risco_fogo": null, "bioma": "Cerrado", "id_0": 33, "id_1": 29, "id_2": 2909307, "continente_id": 8, "vegetacao": null, "grade_wrs": "220_069", "frp": null}, "bbox": [-45.331699, -13.3863, -45.331699, -13.3863]}, {"type": "Feature", "id": "focos_48h_br_todosats.fid--211a0569_19db336f1b8_-5dcd", "geometry": {"type": "Point", "coordinates": [-47.473099, -15.2596]}, "geometry_name": "geometria", "properties": {"id_foco_bdq": 1815017402, "foco_id": "238f16ea-2eff-331d-abd4-90c28291ea8f", "longitude": -47.473099, "latitude": -15.2596, "data_hora_gmt": "2026-04-22T00:43:00Z", "data_pas": "2026-04-22", "satelite": "METOP-C", "municipio": "FORMOSA", "estado": "GOIÁS", "pais": "Brasil", "precipitacao": null, "numero_dias_sem_chuva": null, "risco_fogo": null, "bioma": "Cerrado", "id_0": 33, "id_1": 52, "id_2": 5208004, "continente_id": 8, "vegetacao": null, "grade_wrs": "221_071", "frp": null}, "bbox": [-47.473099, -15.2596, -47.473099, -15.2596]}, {"type": "Feature", "id": "focos_48h_br_todosats.fid--211a0569_19db336f1b8_-5dcc", "geometry": {"type": "Point", "coordinates": [-50.981899, -20.155001]}, "geometry_name": "geometria", "properties": {"id_foco_bdq": 1815017669, "foco_id": "2afcea62-69d2-308f-a643-f1a7b8e3a1a4", "longitude": -50.981899, "latitude": -20.155001, "data_hora_gmt": "2026-04-22T00:43:00Z", "data_pas": "2026-04-22", "satelite": "METOP-C", "municipio": "RUBINÉIA", "estado": "SÃO PAULO", "pais": "Brasil", "precipitacao": null, "numero_dias_sem_chuva": null, "risco_fogo": null, "bioma": "Mata Atlântica", "id_0": 33, "id_1": 35, "id_2": 3544509, "continente_id": 8, "vegetacao": null, "grade_wrs": "222_074", "frp": null}, "bbox": [-50.981899, -20.155001, -50.981899, -20.155001]}, {"type": "Feature", "id": "focos_48h_br_todosats.fid--211a0569_19db336f1b8_-5dcb", "geometry": {"type": "Point", "coordinates": [-46.833199, -17.1675]}, "geometry_name": "geometria", "properties": {"id_foco_bdq": 1815017409, "foco_id": "109f7f8d-eea8-3000-b3c7-d6dc53db9c6b", "longitude": -46.833199, "latitude": -17.1675, "data_hora_gmt": "2026-04-22T00:43:00Z", "data_pas": "2026-04-22", "satelite": "METOP-C", "municipio": "PARACATU", "estado": "MINAS GERAIS", "pais": "Brasil", "precipitacao": null, "numero_dias_sem_chuva": null, "risco_fogo": null, "bioma": "Cerrado", "id_0": 33, "id_1": 31, "id_2": 3147006, "continente_id": 8, "vegetacao": null, "grade_wrs": "220_072", "frp": null}, "bbox": [-46.833199, -17.1675, -46.833199, -17.1675]}, {"type": "Feature", "id": "focos_48h_br_todosats.fid--211a0569_19db336f1b8_-5dca", "geometry": {"type": "Point", "coordinates": [-49.575199, -18.4259]}, "geometry_name": "geometria", "properties": {"id_foco_bdq": 1815017510, "foco_id": "7fb65d24-c27e-37ad-991e-6be60a1fcfc6", "longitude": -49.575199, "latitude": -18.4259, "data_hora_gmt": "2026-04-22T00:43:00Z", "data_pas": "2026-04-22", "satelite": "METOP-C", "municipio": "ITUMBIARA", "estado": "GOIÁS", "pais": "Brasil", "precipitacao": null, "numero_dias_sem_chuva": null, "risco_fogo": null, "bioma": "Mata Atlântica", "id_0": 33, "id_1": 52, "id_2": 5211503, "continente_id": 8, "vegetacao": null, "grade_wrs": "222_073", "frp": null}, "bbox": [-49.575199, -18.4259, -49.575199, -18.4259]}, {"type": "Feature", "id": "focos_48h_br_todosats.fid--211a0569_19db336f1b8_-5dc9", "geometry": {"type": "Point", "coordinates": [-44.448502, -13.6393]}, "geometry_name": "geometria", "properties": {"id_foco_bdq": 1815018071, "foco_id": "52352059-28d9-31fb-a109-c455612bc470", "longitude": -44.448502, "latitude": -13.6393, "data_hora_gmt": "2026-04-22T00:43:00Z", "data_pas": "2026-04-22", "satelite": "METOP-C", "municipio": "CORIBE", "estado": "BAHIA", "pais": "Brasil", "precipitacao": null, "numero_dias_sem_chuva": null, "risco_fogo": null, "bioma": "Cerrado", "id_0": 33, "id_1": 29, "id_2": 2909109, "continente_id": 8, "vegetacao": null, "grade_wrs": "219_069", "frp": null}, "bbox": [-44.448502, -13.6393, -44.448502, -13.6393]}, {"type": "Feature", "id": "focos_48h_br_todosats.fid--211a0569_19db336f1b8_-5dc8", "geometry": {"type": "Point", "coordinates": [-53.285801, -13.2417]}, "geometry_name": "geometria", "properties": {"id_foco_bdq": 1815017483, "foco_id": "d6d4a42d-61c3-31e4-b806-387e878617f6", "longitude": -53.285801, "latitude": -13.2417, "data_hora_gmt": "2026-04-22T00:43:00Z", "data_pas": "2026-04-22", "satelite": "METOP-C", "municipio": "GAÚCHA DO NORTE", "estado": "MATO GROSSO", "pais": "Brasil", "precipitacao": null, "numero_dias_sem_chuva": null, "risco_fogo": null, "bioma": "Amazônia", "id_0": 33, "id_1": 51, "id_2": 5103858, "continente_id": 8, "vegetacao": null, "grade_wrs": "225_069", "frp": null}, "bbox": [-53.285801, -13.2417, -53.285801, -13.2417]}, {"type": "Feature", "id": "focos_48h_br_todosats.fid--211a0569_19db336f1b8_-5dc7", "geometry": {"type": "Point", "coordinates": [-45.340099, -13.3883]}, "geometry_name": "geometria", "properties": {"id_foco_bdq": 1815017576, "foco_id": "86352453-8697-3f3e-9cde-3fde0d38ba25", "longitude": -45.340099, "latitude": -13.3883, "data_hora_gmt": "2026-04-22T00:43:00Z", "data_pas": "2026-04-22", "satelite": "METOP-C", "municipio": "CORRENTINA", "estado": "BAHIA", "pais": "Brasil", "precipitacao": null, "numero_dias_sem_chuva": null, "risco_fogo": null, "bioma": "Cerrado", "id_0": 33, "id_1": 29, "id_2": 2909307, "continente_id": 8, "vegetacao": null, "grade_wrs": "220_069", "frp": null}, "bbox": [-45.340099, -13.3883, -45.340099, -13.3883]}, {"type": "Feature", "id": "focos_48h_br_todosats.fid--211a0569_19db336f1b8_-5dc6", "geometry": {"type": "Point", "coordinates": [-49.583, -18.4275]}, "geometry_name": "geometria", "properties": {"id_foco_bdq": 1815017680, "foco_id": "a25f5f88-6b68-338e-b487-de54f25bda8e", "longitude": -49.583, "latitude": -18.4275, "data_hora_gmt": "2026-04-22T00:43:00Z", "data_pas": "2026-04-22", "satelite": "METOP-C", "municipio": "ITUMBIARA", "estado": "GOIÁS", "pais": "Brasil", "precipitacao": null, "numero_dias_sem_chuva": null, "risco_fogo": null, "bioma": "Mata Atlântica", "id_0": 33, "id_1": 52, "id_2": 5211503, "continente_id": 8, "vegetacao": null, "grade_wrs": "222_073", "frp": null}, "bbox": [-49.583, -18.4275, -49.583, -18.4275]}, {"type": "Feature", "id": "focos_48h_br_todosats.fid--211a0569_19db336f1b8_-5dc5", "geometry": {"type": "Point", "coordinates": [-44.439098, -13.637]}, "geometry_name": "geometria", "properties": {"id_foco_bdq": 1815018067, "foco_id": "0304a3f5-37d7-31a1-9bfd-d7d0a5be5926", "longitude": -44.439098, "latitude": -13.637, "data_hora_gmt": "2026-04-22T00:43:00Z", "data_pas": "2026-04-22", "satelite": "METOP-C", "municipio": "CORIBE", "estado": "BAHIA", "pais": "Brasil", "precipitacao": null, "numero_dias_sem_chuva": null, "risco_fogo": null, "bioma": "Cerrado", "id_0": 33, "id_1": 29, "id_2": 2909109, "continente_id": 8, "vegetacao": null, "grade_wrs": "219_069", "frp": null}, "bbox": [-44.439098, -13.637, -44.439098, -13.637]}, {"type": "Feature", "id": "focos_48h_br_todosats.fid--211a0569_19db336f1b8_-5dc4", "geometry": {"type": "Point", "coordinates": [-45.225201, -12.0268]}, "geometry_name": "geometria", "properties": {"id_foco_bdq": 1815017888, "foco_id": "15dbafd0-0cd8-3221-9573-6323bb1467fb", "longitude": -45.225201, "latitude": -12.0268, "data_hora_gmt": "2026-04-22T00:43:00Z", "data_pas": "2026-04-22", "satelite": "METOP-C", "municipio": "BARREIRAS", "estado": "BAHIA", "pais": "Brasil", "precipitacao": null, "numero_dias_sem_chuva": null, "risco_fogo": null, "bioma": "Cerrado", "id_0": 33, "id_1": 29, "id_2": 2903201, "continente_id": 8, "vegetacao": null, "grade_wrs": "220_068", "frp": null}, "bbox": [-45.225201, -12.0268, -45.225201, -12.0268]}, {"type": "Feature", "id": "focos_48h_br_todosats.fid--211a0569_19db336f1b8_-5dc3", "geometry": {"type": "Point", "coordinates": [-47.760799, -12.0027]}, "geometry_name": "geometria", "properties": {"id_foco_bdq": 1815017486, "foco_id": "5fe4c868-2e41-3916-ba75-fc54dd5c0ab5", "longitude": -47.760799, "latitude": -12.0027, "data_hora_gmt": "2026-04-22T00:43:00Z", "data_pas": "2026-04-22", "satelite": "METOP-C", "municipio": "NATIVIDADE", "estado": "TOCANTINS", "pais": "Brasil", "precipitacao": null, "numero_dias_sem_chuva": null, "risco_fogo": null, "bioma": "Cerrado", "id_0": 33, "id_1": 17, "id_2": 1714203, "continente_id": 8, "vegetacao": null, "grade_wrs": "221_068", "frp": null}, "bbox": [-47.760799, -12.0027, -47.760799, -12.0027]}, {"type": "Feature", "id": "focos_48h_br_todosats.fid--211a0569_19db336f1b8_-5dc2", "geometry": {"type": "Point", "coordinates": [-43.650902, -11.7786]}, "geometry_name": "geometria", "properties": {"id_foco_bdq": 1815018100, "foco_id": "c1c9cbbd-35bc-3c16-9249-1b083381f0a8", "longitude": -43.650902, "latitude": -11.7786, "data_hora_gmt": "2026-04-22T00:43:00Z", "data_pas": "2026-04-22", "satelite": "METOP-C", "municipio": "BARRA", "estado": "BAHIA", "pais": "Brasil", "precipitacao": null, "numero_dias_sem_chuva": null, "risco_fogo": null, "bioma": "Cerrado", "id_0": 33, "id_1": 29, "id_2": 2902708, "continente_id": 8, "vegetacao": null, "grade_wrs": "219_068", "frp": null}, "bbox": [-43.650902, -11.7786, -43.650902, -11.7786]}, {"type": "Feature", "id": "focos_48h_br_todosats.fid--211a0569_19db336f1b8_-5dc1", "geometry": {"type": "Point", "coordinates": [-43.6399, -11.7759]}, "geometry_name": "geometria", "properties": {"id_foco_bdq": 1815017494, "foco_id": "b53861d1-52c6-3ae4-8b5c-2acd687c8683", "longitude": -43.6399, "latitude": -11.7759, "data_hora_gmt": "2026-04-22T00:43:00Z", "data_pas": "2026-04-22", "satelite": "METOP-C", "municipio": "BARRA", "estado": "BAHIA", "pais": "Brasil", "precipitacao": null, "numero_dias_sem_chuva": null, "risco_fogo": null, "bioma": "Cerrado", "id_0": 33, "id_1": 29, "id_2": 2902708, "continente_id": 8, "vegetacao": null, "grade_wrs": "219_068", "frp": null}, "bbox": [-43.6399, -11.7759, -43.6399, -11.7759]}, {"type": "Feature", "id": "focos_48h_br_todosats.fid--211a0569_19db336f1b8_-5dc0", "geometry": {"type": "Point", "coordinates": [-47.770199, -11.9945]}, "geometry_name": "geometria", "properties": {"id_foco_bdq": 1815018092, "foco_id": "012cd8d5-a7d4-3f1b-909a-dde3baa7f169", "longitude": -47.770199, "latitude": -11.9945, "data_hora_gmt": "2026-04-22T00:43:00Z", "data_pas": "2026-04-22", "satelite": "METOP-C", "municipio": "NATIVIDADE", "estado": "TOCANTINS", "pais": "Brasil", "precipitacao": null, "numero_dias_sem_chuva": null, "risco_fogo": null, "bioma": "Cerrado", "id_0": 33, "id_1": 17, "id_2": 1714203, "continente_id": 8, "vegetacao": null, "grade_wrs": "221_068", "frp": null}, "bbox": [-47.770199, -11.9945, -47.770199, -11.9945]}, {"type": "Feature", "id": "focos_48h_br_todosats.fid--211a0569_19db336f1b8_-5dbf", "geometry": {"type": "Point", "coordinates": [-53.295898, -13.2438]}, "geometry_name": "geometria", "properties": {"id_foco_bdq": 1815017778, "foco_id": "d21a4cc5-cdce-37f3-9301-60875e0b52e8", "longitude": -53.295898, "latitude": -13.2438, "data_hora_gmt": "2026-04-22T00:43:00Z", "data_pas": "2026-04-22", "satelite": "METOP-C", "municipio": "GAÚCHA DO NORTE", "estado": "MATO GROSSO", "pais": "Brasil", "precipitacao": null, "numero_dias_sem_chuva": null, "risco_fogo": null, "bioma": "Amazônia", "id_0": 33, "id_1": 51, "id_2": 5103858, "continente_id": 8, "vegetacao": null, "grade_wrs": "225_069", "frp": null}, "bbox": [-53.295898, -13.2438, -53.295898, -13.2438]}, {"type": "Feature", "id": "focos_48h_br_todosats.fid--211a0569_19db336f1b8_-5dbe", "geometry": {"type": "Point", "coordinates": [-43.6619, -11.7813]}, "geometry_name": "geometria", "properties": {"id_foco_bdq": 1815017577, "foco_id": "8f65e071-7395-3c62-b67a-6361eec4d242", "longitude": -43.6619, "latitude": -11.7813, "data_hora_gmt": "2026-04-22T00:43:00Z", "data_pas": "2026-04-22", "satelite": "METOP-C", "municipio": "BARRA", "estado": "BAHIA", "pais": "Brasil", "precipitacao": null, "numero_dias_sem_chuva": null, "risco_fogo": null, "bioma": "Cerrado", "id_0": 33, "id_1": 29, "id_2": 2902708, "continente_id": 8, "vegetacao": null, "grade_wrs": "219_068", "frp": null}, "bbox": [-43.6619, -11.7813, -43.6619, -11.7813]}, {"type": "Feature", "id": "focos_48h_br_todosats.fid--211a0569_19db336f1b8_-5dbd", "geometry": {"type": "Point", "coordinates": [-45.3232, -13.3843]}, "geometry_name": "geometria", "properties": {"id_foco_bdq": 1815017843, "foco_id": "1299d06e-36f7-388f-a7a6-5d4ab0f72c4d", "longitude": -45.3232, "latitude": -13.3843, "data_hora_gmt": "2026-04-22T00:43:00Z", "data_pas": "2026-04-22", "satelite": "METOP-C", "municipio": "CORRENTINA", "estado": "BAHIA", "pais": "Brasil", "precipitacao": null, "numero_dias_sem_chuva": null, "risco_fogo": null, "bioma": "Cerrado", "id_0": 33, "id_1": 29, "id_2": 2909307, "continente_id": 8, "vegetacao": null, "grade_wrs": "220_069", "frp": null}, "bbox": [-45.3232, -13.3843, -45.3232, -13.3843]}, {"type": "Feature", "id": "focos_48h_br_todosats.fid--211a0569_19db336f1b8_-5dbc", "geometry": {"type": "Point", "coordinates": [-47.775101, -12.006]}, "geometry_name": "geometria", "properties": {"id_foco_bdq": 1815017622, "foco_id": "d36b9978-557e-3999-a9fc-107e9ef82127", "longitude": -47.775101, "latitude": -12.006, "data_hora_gmt": "2026-04-22T00:43:00Z", "data_pas": "2026-04-22", "satelite": "METOP-C", "municipio": "NATIVIDADE", "estado": "TOCANTINS", "pais": "Brasil", "precipitacao": null, "numero_dias_sem_chuva": null, "risco_fogo": null, "bioma": "Cerrado", "id_0": 33, "id_1": 17, "id_2": 1714203, "continente_id": 8, "vegetacao": null, "grade_wrs": "221_068", "frp": null}, "bbox": [-47.775101, -12.006, -47.775101, -12.006]}, {"type": "Feature", "id": "focos_48h_br_todosats.fid--211a0569_19db336f1b8_-5dbb", "geometry": {"type": "Point", "coordinates": [-47.767899, -12.0043]}, "geometry_name": "geometria", "properties": {"id_foco_bdq": 1815017872, "foco_id": "578d2cdd-fd00-3cb8-9fca-7dff577f6b2e", "longitude": -47.767899, "latitude": -12.0043, "data_hora_gmt": "2026-04-22T00:43:00Z", "data_pas": "2026-04-22", "satelite": "METOP-C", "municipio": "NATIVIDADE", "estado": "TOCANTINS", "pais": "Brasil", "precipitacao": null, "numero_dias_sem_chuva": null, "risco_fogo": null, "bioma": "Cerrado", "id_0": 33, "id_1": 17, "id_2": 1714203, "continente_id": 8, "vegetacao": null, "grade_wrs": "221_068", "frp": null}, "bbox": [-47.767899, -12.0043, -47.767899, -12.0043]}, {"type": "Feature", "id": "focos_48h_br_todosats.fid--211a0569_19db336f1b8_-5dba", "geometry": {"type": "Point", "coordinates": [-52.1483, -12.6347]}, "geometry_name": "geometria", "properties": {"id_foco_bdq": 1815018157, "foco_id": "c3f0cd73-ca1f-3cf0-b52a-55b93d6449f7", "longitude": -52.1483, "latitude": -12.6347, "data_hora_gmt": "2026-04-22T00:43:00Z", "data_pas": "2026-04-22", "satelite": "METOP-C", "municipio": "QUERÊNCIA", "estado": "MATO GROSSO", "pais": "Brasil", "precipitacao": null, "numero_dias_sem_chuva": null, "risco_fogo": null, "bioma": "Amazônia", "id_0": 33, "id_1": 51, "id_2": 5107065, "continente_id": 8, "vegetacao": null, "grade_wrs": "224_069", "frp": null}, "bbox": [-52.1483, -12.6347, -52.1483, -12.6347]}, {"type": "Feature", "id": "focos_48h_br_todosats.fid--211a0569_19db336f1b8_-5db9", "geometry": {"type": "Point", "coordinates": [-49.5909, -18.429199]}, "geometry_name": "geometria", "properties": {"id_foco_bdq": 1815017910, "foco_id": "4a124967-06cb-30e8-b077-d97ed9d69c9f", "longitude": -49.5909, "latitude": -18.429199, "data_hora_gmt": "2026-04-22T00:43:00Z", "data_pas": "2026-04-22", "satelite": "METOP-C", "municipio": "ITUMBIARA", "estado": "GOIÁS", "pais": "Brasil", "precipitacao": null, "numero_dias_sem_chuva": null, "risco_fogo": null, "bioma": "Mata Atlântica", "id_0": 33, "id_1": 52, "id_2": 5211503, "continente_id": 8, "vegetacao": null, "grade_wrs": "222_073", "frp": null}, "bbox": [-49.5909, -18.429199, -49.5909, -18.429199]}]}