id_foco_bdq,foco_id,longitude,latitude,data_hora_gmt,data_pas,satelite,municipio,estado,pais,precipitacao,numero_dias_sem_chuva,risco_fogo,bioma,id_0,id_1,id_2,continente_id,vegetacao,grade_wrs,frp
1814683468,50809175-9523-34cc-9c78-cabc5f4834a8,-50.76871,-17.49986,2026-04-19 00:54:00+00:00,2026-04-19,TERRA_M-M,RIO VERDE,GOIÁS,Brasil,0.0,9.0,0.79,Cerrado,33,52,5218805,8,Agricultura e diversos,223_072,23.6
1814683583,2efc2a0f-c9ae-32a2-a91d-0595f884485a,-54.91581,-16.43254,2026-04-19 00:54:00+00:00,2026-04-19,TERRA_M-M,RONDONÓPOLIS,MATO GROSSO,Brasil,0.0,0.0,0.48,Cerrado,33,51,5107602,8,Pastagens e gramíneas,225_071,4.4
1814683678,d56774f8-1f23-39a4-b3c4-5a4aa14e0013,-56.06268,-19.0997,2026-04-19 00:54:00+00:00,2026-04-19,TERRA_M-M,CORUMBÁ,MATO GROSSO DO SUL,Brasil,0.0,0.0,0.18,Pantanal,33,50,5003207,8,Floresta de contato; Campinarana,226_073,10.3
1814683618,f103c318-ae28-33c7-98e6-4f877b62ed2a,-55.18015,-23.26826,2026-04-19 00:54:00+00:00,2026-04-19,TERRA_M-M,AMAMBAI,MATO GROSSO DO SUL,Brasil,0.0,3.0,0.86,Mata Atlântica,33,50,5000609,8,Pastagens e gramíneas,225_076,8.0
1814683667,6cb6c625-ecdc-3880-81e5-cc0bc4317940,-50.02351,-23.04791,2026-04-19 00:54:00+00:00,2026-04-19,TERRA_M-M,CAMBARÁ,PARANÁ,Brasil,0.0,0.0,0.58,Mata Atlântica,33,41,4103602,8,Agricultura e diversos,221_076,26.5
1814683616,9318f285-e4d5-3a9c-b8b9-be4819e6c415,-55.18993,-23.26967,2026-04-19 00:54:00+00:00,2026-04-19,TERRA_M-M,AMAMBAI,MATO GROSSO DO SUL,Brasil,0.05,3.0,0.85,Mata Atlântica,33,50,5000609,8,Pastagens e gramíneas,225_076,6.2
1814683643,b8c76b37-0ffe-34a5-ba8d-d0a6ca46c747,-50.77416,-17.5009,2026-04-19 00:54:00+00:00,2026-04-19,TERRA_M-M,RIO VERDE,GOIÁS,Brasil,0.0,9.0,0.8,Cerrado,33,52,5218805,8,Agricultura e diversos,223_072,17.1
1814683544,718337ef-cee5-3034-9324-33f7b6520b00,-50.04212,-23.05128,2026-04-19 00:54:00+00:00,2026-04-19,TERRA_M-M,CAMBARÁ,PARANÁ,Brasil,0.0,0.0,0.59,Mata Atlântica,33,41,4103602,8,Agricultura e diversos,221_076,89.9
1814688118,dd66bc6c-578b-3a96-b4d5-139e7587d7f1,-39.24069,-12.43154,2026-04-19 03:32:00+00:00,2026-04-19,NOAA-21,SANTO ESTÊVÃO,BAHIA,Brasil,0.1,5.0,0.96,Caatinga,33,29,2928802,8,Pastagens e gramíneas,216_069,0.9
1814688342,cc92ce48-c835-3719-99a3-87029862c571,-43.44558,-14.91891,2026-04-19 03:32:00+00:00,2026-04-19,NOAA-21,GAMELEIRAS,MINAS GERAIS,Brasil,0.0,9.0,0.39,Caatinga,33,31,3127339,8,Savana arbórea; Caatinga fechada,218_070,1.9
1814688130,60952cd7-e5bc-3f34-b388-dd390487d264,-37.78067,-10.26456,2026-04-19 03:32:00+00:00,2026-04-19,NOAA-21,PEDRO ALEXANDRE,BAHIA,Brasil,0.5,4.0,1.0,Caatinga,33,29,2924207,8,Pastagens e gramíneas,215_067,1.4
1814688133,e15df194-2a4e-3779-9b91-f24c18d0743c,-37.7842,-10.26396,2026-04-19 03:32:00+00:00,2026-04-19,NOAA-21,PEDRO ALEXANDRE,BAHIA,Brasil,0.51,4.0,1.0,Caatinga,33,29,2924207,8,Pastagens e gramíneas,215_067,1.4
1814688384,50a96751-b650-38a1-9307-6fb22fcc11b4,-40.49859,-12.19146,2026-04-19 03:32:00+00:00,2026-04-19,NOAA-21,RUY BARBOSA,BAHIA,Brasil,1.26,6.0,0.37,Caatinga,33,29,2927200,8,Savana; Caatinga aberta,217_068,1.4
1814688346,6f4769a4-24df-304a-92ac-076b560c9a15,-37.78114,-10.26595,2026-04-19 03:32:00+00:00,2026-04-19,NOAA-21,PEDRO ALEXANDRE,BAHIA,Brasil,0.5,4.0,1.0,Caatinga,33,29,2924207,8,Pastagens e gramíneas,215_067,1.1
1814688576,6aa1204e-897b-3ca6-94eb-195b6e62154f,-40.29802,-10.66108,2026-04-19 03:32:00+00:00,2026-04-19,NOAA-21,PINDOBAÇU,BAHIA,Brasil,0.3,6.0,0.75,Caatinga,33,29,2924603,8,Savana arbórea; Caatinga fechada,217_067,1.6
1814687939,b2cf65e3-c585-3607-9a66-783d2ee09040,-43.44666,-14.92426,2026-04-19 03:32:00+00:00,2026-04-19,NOAA-21,GAMELEIRAS,MINAS GERAIS,Brasil,0.0,9.0,0.39,Caatinga,33,31,3127339,8,Savana arbórea; Caatinga fechada,218_070,1.9
1814688517,eedf4339-12e2-3286-81ec-bf6ffddfe260,-37.20185,-9.70498,2026-04-19 03:32:00+00:00,2026-04-19,NOAA-21,BATALHA,ALAGOAS,Brasil,3.88,3.0,1.0,Caatinga,33,27,2700706,8,Pastagens e gramíneas,215_067,2.7
1814687978,09d8f776-0baf-33e0-8ad0-2860e111db59,-38.91959,-11.02244,2026-04-19 03:32:00+00:00,2026-04-19,NOAA-21,TUCANO,BAHIA,Brasil,0.0,5.0,1.0,Caatinga,33,29,2931905,8,Pastagens e gramíneas,216_068,3.0
1814688338,dddeac3c-febd-30d3-bcd3-dadedc7ffb11,-38.92366,-11.02173,2026-04-19 03:32:00+00:00,2026-04-19,NOAA-21,TUCANO,BAHIA,Brasil,0.0,5.0,0.96,Caatinga,33,29,2931905,8,Pastagens e gramíneas,216_068,3.0
1814688159,e60cc4e9-6d42-387c-8e00-2148e8ff89a2,-38.41998,-12.82118,2026-04-19 03:32:00+00:00,2026-04-19,NOAA-21,SIMÕES FILHO,BAHIA,Brasil,0.7,4.0,-999.0,Mata Atlântica,33,29,2930709,8,Agricultura e diversos,215_069,0.5
1814688067,ea4dc842-fc56-3ef7-a3f3-6cfe82071809,-37.19927,-9.7059,2026-04-19 03:32:00+00:00,2026-04-19,NOAA-21,BATALHA,ALAGOAS,Brasil,3.8,3.0,1.0,Caatinga,33,27,2700706,8,Pastagens e gramíneas,215_067,2.3
1814687973,7b6f32ee-b098-395a-a5ab-bb776799cd0f,-48.5597,-21.04065,2026-04-19 03:34:00+00:00,2026-04-19,NOAA-21,BEBEDOURO,SÃO PAULO,Brasil,0.0,0.0,0.83,Mata Atlântica,33,35,3506102,8,Agricultura e diversos,221_075,1.5
1814687788,bcfec5ec-a8cd-3d9a-96e6-5edbc453e7f2,-41.10804,-21.37879,2026-04-19 03:34:00+00:00,2026-04-19,NOAA-21,SÃO FRANCISCO DE ITABAPOANA,RIO DE JANEIRO,Brasil,13.47,5.0,0.04,Mata Atlântica,33,33,3304755,8,Agricultura e diversos,216_075,2.5
1814687827,0ffd2d89-414a-36a1-b655-093b8677f73a,-43.07971,-15.30206,2026-04-19 03:34:00+00:00,2026-04-19,NOAA-21,MONTE AZUL,MINAS GERAIS,Brasil,0.0,9.0,0.78,Caatinga,33,31,3142908,8,Pastagens e gramíneas,218_071,0.7
1814688010,e3208928-d04d-3c57-8d56-ef1a5963e987,-48.55536,-21.04167,2026-04-19 03:34:00+00:00,2026-04-19,NOAA-21,BEBEDOURO,SÃO PAULO,Brasil,0.0,0.0,0.83,Mata Atlântica,33,35,3506102,8,Agricultura e diversos,221_075,1.9
1814688207,d0dfa744-ae53-3986-bd7c-d06d24c84e40,-48.55342,-21.03532,2026-04-19 03:34:00+00:00,2026-04-19,NOAA-21,BEBEDOURO,SÃO PAULO,Brasil,0.0,0.0,0.82,Mata Atlântica,33,35,3506102,8,Agricultura e diversos,221_075,2.0
1814688321,553db45b-a7ae-3e36-b344-9730396210da,-43.07647,-15.30271,2026-04-19 03:34:00+00:00,2026-04-19,NOAA-21,MONTE AZUL,MINAS GERAIS,Brasil,0.0,9.0,0.89,Caatinga,33,31,3142908,8,Pastagens e gramíneas,218_071,0.7
1814688322,7ec7f79e-5719-3a28-9f44-3e1c6fb9fe85,-48.55387,-21.04203,2026-04-19 03:34:00+00:00,2026-04-19,NOAA-21,BEBEDOURO,SÃO PAULO,Brasil,0.0,0.0,0.83,Mata Atlântica,33,35,3506102,8,Agricultura e diversos,221_075,1.3
1814688059,d5f82de1-0130-37d4-b1a6-eab3bdf3cf67,-46.37413,-18.07754,2026-04-19 03:34:00+00:00,2026-04-19,NOAA-21,PRESIDENTE OLEGÁRIO,MINAS GERAIS,Brasil,0.0,9.0,0.31,Cerrado,33,31,3153400,8,Savana arbórea; Caatinga fechada,220_072,3.0
1814688520,15a323cb-298b-3366-b92a-137296229b83,-42.41479,-20.54359,2026-04-19 03:34:00+00:00,2026-04-19,NOAA-21,SERICITA,MINAS GERAIS,Brasil,2.6,0.0,0.07,Mata Atlântica,33,31,3166303,8,Savana arbórea; Caatinga fechada,217_074,1.1
1814688201,608f1ac2-6db8-3207-88b1-710bb6f48283,-46.37423,-18.07872,2026-04-19 03:34:00+00:00,2026-04-19,NOAA-21,PRESIDENTE OLEGÁRIO,MINAS GERAIS,Brasil,0.0,9.0,0.3,Cerrado,33,31,3153400,8,Savana arbórea; Caatinga fechada,220_072,2.0
1814687977,144365d8-e10f-3c27-a01e-cc876be2ad5d,-51.38478,-27.12595,2026-04-19 03:36:00+00:00,2026-04-19,NOAA-21,IBICARÉ,SANTA CATARINA,Brasil,0.0,3.0,0.12,Mata Atlântica,33,42,4206801,8,Florestas decíduas e sazonais,222_079,1.6
1814690787,3d679501-b436-3aa3-9e4e-8cd5c0a3ce58,-43.20169,-7.40546,2026-04-19 04:02:00+00:00,2026-04-19,NPP-375D,ITAUEIRA,PIAUÍ,Brasil,3.3,6.0,0.11,Caatinga,33,22,2205102,8,Savana arbórea; Caatinga fechada,219_065,1.2
1814690719,21f0a8a5-a159-39bb-99eb-a5847d23ca1a,-43.44469,-14.92828,2026-04-19 04:04:00+00:00,2026-04-19,NPP-375D,GAMELEIRAS,MINAS GERAIS,Brasil,0.0,9.0,0.39,Caatinga,33,31,3127339,8,Savana arbórea; Caatinga fechada,218_070,1.1
1814690548,112474ef-5794-3af9-9bc7-971bbe31687c,-37.78111,-10.26295,2026-04-19 04:04:00+00:00,2026-04-19,NPP-375D,PEDRO ALEXANDRE,BAHIA,Brasil,0.52,4.0,1.0,Caatinga,33,29,2924207,8,Pastagens e gramíneas,215_067,2.0
1814688797,0629bd6b-8771-3728-9591-c7be50179a5b,-38.92244,-11.02397,2026-04-19 04:04:00+00:00,2026-04-19,NPP-375D,TUCANO,BAHIA,Brasil,0.0,5.0,0.99,Caatinga,33,29,2931905,8,Pastagens e gramíneas,216_068,0.7
1814689040,b4aaca69-0d77-3823-8aa6-39a7bbe5e5ec,-39.24158,-12.43109,2026-04-19 04:04:00+00:00,2026-04-19,NPP-375D,SANTO ESTÊVÃO,BAHIA,Brasil,0.1,5.0,0.96,Caatinga,33,29,2928802,8,Agricultura e diversos,216_069,0.7
1814688708,ce4d434b-968d-3d77-9894-5d130137762a,-38.92191,-11.02063,2026-04-19 04:04:00+00:00,2026-04-19,NPP-375D,TUCANO,BAHIA,Brasil,0.0,5.0,0.97,Caatinga,33,29,2931905,8,Pastagens e gramíneas,216_068,1.5
1814689225,54f0a24f-2542-38ed-a30d-720f44415dd8,-38.91837,-11.02119,2026-04-19 04:04:00+00:00,2026-04-19,NPP-375D,TUCANO,BAHIA,Brasil,0.0,5.0,1.0,Caatinga,33,29,2931905,8,Pastagens e gramíneas,216_068,1.5
1814689402,0cd6bae9-e454-3b61-9a58-6713d64d8141,-43.44404,-14.9247,2026-04-19 04:04:00+00:00,2026-04-19,NPP-375D,GAMELEIRAS,MINAS GERAIS,Brasil,0.0,9.0,0.39,Caatinga,33,31,3127339,8,Savana arbórea; Caatinga fechada,218_070,1.1
1814690119,aa9eb06e-9380-3c06-90fd-9f2f3449193b,-43.05147,-15.4219,2026-04-19 04:04:00+00:00,2026-04-19,NPP-375D,PAI PEDRO,MINAS GERAIS,Brasil,0.0,9.0,0.8,Caatinga,33,31,3146552,8,Pastagens e gramíneas,218_071,0.7
1814690184,6953f3c2-614e-34fd-a547-6bf0d26dd57b,-43.4476,-14.92039,2026-04-19 04:04:00+00:00,2026-04-19,NPP-375D,GAMELEIRAS,MINAS GERAIS,Brasil,0.0,9.0,0.39,Caatinga,33,31,3127339,8,Savana arbórea; Caatinga fechada,218_070,2.0
1814690483,98fda641-0006-364b-a2b0-ac0a97616e8f,-40.16483,-9.14709,2026-04-19 04:04:00+00:00,2026-04-19,NPP-375D,JUAZEIRO,BAHIA,Brasil,0.0,11.0,0.7,Caatinga,33,29,2918407,8,Savana arbórea; Caatinga fechada,217_066,0.5
1814691075,3ee3c404-a915-32b0-813e-e148e4aaa58e,-37.42923,-10.47734,2026-04-19 04:04:00+00:00,2026-04-19,NPP-375D,RIBEIRÓPOLIS,SERGIPE,Brasil,0.53,3.0,1.0,Caatinga,33,28,2806008,8,Pastagens e gramíneas,215_067,1.0
1814689612,ab6cdd3c-718c-3c6b-8ee5-5440dff0d140,-46.37506,-18.07696,2026-04-19 04:06:00+00:00,2026-04-19,NPP-375D,PRESIDENTE OLEGÁRIO,MINAS GERAIS,Brasil,0.0,9.0,0.32,Cerrado,33,31,3153400,8,Savana arbórea; Caatinga fechada,220_072,1.5
1814690640,6c8988a7-3c20-3e2a-987a-1e5cf45d3ea7,-48.55728,-21.03964,2026-04-19 04:06:00+00:00,2026-04-19,NPP-375D,BEBEDOURO,SÃO PAULO,Brasil,0.0,0.0,0.82,Mata Atlântica,33,35,3506102,8,Agricultura e diversos,221_075,1.6
1814690880,db02e009-f539-359d-9199-fecb2c44bcd6,-40.02032,-18.72606,2026-04-19 04:06:00+00:00,2026-04-19,NPP-375D,SÃO MATEUS,ESPÍRITO SANTO,Brasil,1.8,-999.0,0.24,Mata Atlântica,33,32,3204906,8,Agricultura e diversos,215_073,0.5
1814688781,34b0322d-d4c3-33f7-9517-ed43756cc99d,-50.76096,-17.49947,2026-04-19 04:06:00+00:00,2026-04-19,NPP-375D,RIO VERDE,GOIÁS,Brasil,0.0,9.0,0.65,Cerrado,33,52,5218805,8,Savana; Caatinga aberta,223_072,1.7
1814690583,8b275083-225e-3dc6-b6bf-22d4e404d99d,-42.41524,-20.54233,2026-04-19 04:06:00+00:00,2026-04-19,NPP-375D,SERICITA,MINAS GERAIS,Brasil,2.6,0.0,0.06,Mata Atlântica,33,31,3166303,8,Savana arbórea; Caatinga fechada,217_074,0.8
1814689415,244ea0ad-7345-3968-b4f5-066d5534e594,-50.7655,-17.50411,2026-04-19 04:06:00+00:00,2026-04-19,NPP-375D,RIO VERDE,GOIÁS,Brasil,0.0,9.0,0.56,Cerrado,33,52,5218805,8,Savana; Caatinga aberta,223_072,2.7
1814689015,e7569ede-5759-3e54-b879-40d7e9b3d098,-46.37138,-18.07764,2026-04-19 04:06:00+00:00,2026-04-19,NPP-375D,PRESIDENTE OLEGÁRIO,MINAS GERAIS,Brasil,0.0,9.0,0.3,Cerrado,33,31,3153400,8,Savana arbórea; Caatinga fechada,220_072,1.5
1814691010,8f2d3470-f3f9-38b8-a9e0-09fd76bd31d4,-45.05512,-18.22019,2026-04-19 04:06:00+00:00,2026-04-19,NPP-375D,TRÊS MARIAS,MINAS GERAIS,Brasil,0.0,2.0,0.1,Cerrado,33,31,3169356,8,Floresta Ombrófila densa,219_073,1.0
1814691365,bd5452ba-3304-3ebd-981c-8d4c96b9e333,-48.55625,-21.0353,2026-04-19 04:06:00+00:00,2026-04-19,NPP-375D,BEBEDOURO,SÃO PAULO,Brasil,0.0,0.0,0.82,Mata Atlântica,33,35,3506102,8,Agricultura e diversos,221_075,1.6
1814688772,2d0baaa9-83e2-3fea-b6d4-a9b107ade910,-47.77843,-15.7622,2026-04-19 04:06:00+00:00,2026-04-19,NPP-375D,BRASÍLIA,DISTRITO FEDERAL,Brasil,0.0,3.0,-999.0,Cerrado,33,53,5300108,8,Corpos agua/Solos expostos/Mineracao/Areas urbanas e construidas/neve e gelo,221_071,0.9
1814690301,6a6f2e21-1a09-3ede-9f9e-bade075c90a8,-50.76318,-17.5102,2026-04-19 04:06:00+00:00,2026-04-19,NPP-375D,RIO VERDE,GOIÁS,Brasil,0.0,10.0,0.7,Cerrado,33,52,5218805,8,Savana; Caatinga aberta,223_072,1.3
1814688800,7151703a-b813-3118-88a6-6dbaacb4b2c2,-50.7621,-17.50483,2026-04-19 04:06:00+00:00,2026-04-19,NPP-375D,RIO VERDE,GOIÁS,Brasil,0.0,10.0,0.32,Cerrado,33,52,5218805,8,Floresta de contato; Campinarana,223_072,1.7
1814688719,1e2faf80-b33a-3d71-9cf4-237cc7d2fc82,-47.73303,-20.32662,2026-04-19 04:06:00+00:00,2026-04-19,NPP-375D,ITUVERAVA,SÃO PAULO,Brasil,0.0,2.0,0.57,Cerrado,33,35,3524105,8,Agricultura e diversos,220_074,3.3
1814689231,dfbcf180-80d4-3899-8c91-0d9439dd2eb0,-45.03048,-18.64353,2026-04-19 04:06:00+00:00,2026-04-19,NPP-375D,FELIXLÂNDIA,MINAS GERAIS,Brasil,0.0,7.0,0.08,Cerrado,33,31,3125705,8,Floresta Ombrófila densa,219_073,0.9
1814690390,1c879940-cbc8-3d33-b29e-1ce028101e2a,-40.74696,-20.04087,2026-04-19 04:06:00+00:00,2026-04-19,NPP-375D,SANTA MARIA DE JETIBÁ,ESPÍRITO SANTO,Brasil,38.89,0.0,0.0,Mata Atlântica,33,32,3204559,8,Florestas decíduas e sazonais,216_074,0.3
1814690657,039a6f95-a68e-3b06-a422-2291c8be7695,-48.00155,-23.64801,2026-04-19 04:08:00+00:00,2026-04-19,NPP-375D,ITAPETININGA,SÃO PAULO,Brasil,0.0,6.0,0.66,Cerrado,33,35,3522307,8,Savana; Caatinga aberta,220_076,1.3
1814691317,4ef53484-2bab-30e8-b712-8d0d71e73b1f,-50.91718,-25.08554,2026-04-19 04:08:00+00:00,2026-04-19,NPP-375D,GUAMIRANGA,PARANÁ,Brasil,0.0,0.0,0.34,Mata Atlântica,33,41,4108957,8,Floresta de contato; Campinarana,222_077,1.3
1814690585,754bb15d-85d3-30c0-8f2c-cfe4bab3469d,-52.24384,-23.78185,2026-04-19 04:08:00+00:00,2026-04-19,NPP-375D,ENGENHEIRO BELTRÃO,PARANÁ,Brasil,0.0,2.0,0.92,Mata Atlântica,33,41,4107504,8,Agricultura e diversos,223_076,0.5
1814689344,e1106821-6565-370d-ba7e-0ee61cdc5bae,-49.39628,-25.17479,2026-04-19 04:08:00+00:00,2026-04-19,NPP-375D,RIO BRANCO DO SUL,PARANÁ,Brasil,0.0,2.0,0.22,Mata Atlântica,33,41,4122206,8,Floresta Ombrófila densa,221_077,0.6
1814691304,fabe1099-a0a7-363c-9c78-5a27d5904236,-55.18572,-23.26665,2026-04-19 04:08:00+00:00,2026-04-19,NPP-375D,AMAMBAI,MATO GROSSO DO SUL,Brasil,0.01,3.0,0.85,Mata Atlântica,33,50,5000609,8,Pastagens e gramíneas,225_076,1.5
1814689018,2b4e43d9-7b7f-35a8-b579-a4a3ff0953da,-52.24488,-23.78721,2026-04-19 04:08:00+00:00,2026-04-19,NPP-375D,ENGENHEIRO BELTRÃO,PARANÁ,Brasil,0.0,2.0,0.91,Mata Atlântica,33,41,4107504,8,Agricultura e diversos,223_076,1.6
1814690573,3bc35cfe-68af-376c-a577-0715240d67ff,-55.18768,-23.27276,2026-04-19 04:08:00+00:00,2026-04-19,NPP-375D,AMAMBAI,MATO GROSSO DO SUL,Brasil,0.06,3.0,0.86,Mata Atlântica,33,50,5000609,8,Pastagens e gramíneas,225_076,1.4
1814691162,ac8342fd-6156-3804-9308-b1a0c8d089d1,-49.36914,-28.64198,2026-04-19 04:08:00+00:00,2026-04-19,NPP-375D,CRICIÚMA,SANTA CATARINA,Brasil,0.0,3.0,0.1,Mata Atlântica,33,42,4204608,8,Floresta Ombrófila densa,220_080,1.1
1814689724,c2edf1a9-5cb2-36f1-a891-ac89548319d0,-49.34606,-25.09395,2026-04-19 04:08:00+00:00,2026-04-19,NPP-375D,RIO BRANCO DO SUL,PARANÁ,Brasil,0.0,2.0,0.23,Mata Atlântica,33,41,4122206,8,Floresta Ombrófila densa,221_077,2.7
1814688963,8104eb54-76a0-3295-b698-fc731ad0ff05,-49.40059,-25.1739,2026-04-19 04:08:00+00:00,2026-04-19,NPP-375D,RIO BRANCO DO SUL,PARANÁ,Brasil,0.0,2.0,0.22,Mata Atlântica,33,41,4122206,8,Floresta Ombrófila densa,221_077,0.6
1814690648,c56a4ac9-171b-3b1b-baee-7958d42b71bb,-52.24519,-23.787,2026-04-19 04:08:00+00:00,2026-04-19,NPP-375D,ENGENHEIRO BELTRÃO,PARANÁ,Brasil,0.0,2.0,0.91,Mata Atlântica,33,41,4107504,8,Agricultura e diversos,223_076,1.5
1814688983,08c47a75-9132-3f23-a901-4d141f59db24,-43.2036,-7.40423,2026-04-19 04:21:00+00:00,2026-04-19,NOAA-20,ITAUEIRA,PIAUÍ,Brasil,3.3,6.0,0.11,Caatinga,33,22,2205102,8,Savana arbórea; Caatinga fechada,219_065,1.0
1814688640,ebc648db-e5b2-3343-8c09-5ca55362c527,-37.78138,-10.26253,2026-04-19 04:21:00+00:00,2026-04-19,NOAA-20,PEDRO ALEXANDRE,BAHIA,Brasil,0.52,4.0,1.0,Caatinga,33,29,2924207,8,Pastagens e gramíneas,215_067,1.2
1814688670,650cea8c-cd91-3766-9376-ebbcba7bfa41,-45.11655,-5.35063,2026-04-19 04:21:00+00:00,2026-04-19,NOAA-20,BARRA DO CORDA,MARANHÃO,Brasil,0.5,0.0,0.2,Cerrado,33,21,2101608,8,Pastagens e gramíneas,221_064,1.2
1814690094,1359b149-64ae-3793-80c1-9a502a978c7e,-46.86503,-14.33719,2026-04-19 04:23:00+00:00,2026-04-19,NOAA-20,IACIARA,GOIÁS,Brasil,0.41,6.0,0.78,Cerrado,33,52,5209903,8,Agricultura e diversos,221_070,0.7
1814690743,5db7afb6-dc20-3509-812a-56dadfbcbf71,-44.29257,-13.68168,2026-04-19 04:23:00+00:00,2026-04-19,NOAA-20,CORIBE,BAHIA,Brasil,0.0,8.0,0.63,Cerrado,33,29,2909109,8,Savana; Caatinga aberta,219_069,0.5
1814689851,cdc350e2-66b5-361a-8ec3-6e2139a2d92e,-43.4474,-14.92047,2026-04-19 04:23:00+00:00,2026-04-19,NOAA-20,GAMELEIRAS,MINAS GERAIS,Brasil,0.0,9.0,0.39,Caatinga,33,31,3127339,8,Savana arbórea; Caatinga fechada,218_070,1.1
1814689899,2c334097-3a8f-3dcb-a81f-6fa631eb6c21,-49.91459,-13.53861,2026-04-19 04:23:00+00:00,2026-04-19,NOAA-20,BONÓPOLIS,GOIÁS,Brasil,0.05,2.0,0.54,Cerrado,33,52,5203575,8,Pastagens e gramíneas,223_069,1.2
1814691100,fbcef779-af54-3d30-8c6b-9e36f640379a,-43.0519,-15.42073,2026-04-19 04:23:00+00:00,2026-04-19,NOAA-20,PAI PEDRO,MINAS GERAIS,Brasil,0.0,9.0,0.74,Caatinga,33,31,3146552,8,Agricultura e diversos,218_071,0.7
1814691236,f4917b48-b0d6-3d56-867a-5fe9b581e7a3,-38.92142,-11.02031,2026-04-19 04:23:00+00:00,2026-04-19,NOAA-20,TUCANO,BAHIA,Brasil,0.0,5.0,0.97,Caatinga,33,29,2931905,8,Pastagens e gramíneas,216_068,1.6
1814691164,3e2de029-6d15-3472-9547-38c6c492cd1d,-43.44423,-14.92831,2026-04-19 04:23:00+00:00,2026-04-19,NOAA-20,GAMELEIRAS,MINAS GERAIS,Brasil,0.0,9.0,0.39,Caatinga,33,31,3127339,8,Savana arbórea; Caatinga fechada,218_070,0.3
1814691383,a0952259-09ac-3388-bac4-915d5a5d3c42,-43.44368,-14.9247,2026-04-19 04:23:00+00:00,2026-04-19,NOAA-20,GAMELEIRAS,MINAS GERAIS,Brasil,0.0,9.0,0.39,Caatinga,33,31,3127339,8,Savana arbórea; Caatinga fechada,218_070,1.1
1814690269,c962a702-9ff6-34c1-bfc0-0dce875a5647,-43.07763,-15.30154,2026-04-19 04:23:00+00:00,2026-04-19,NOAA-20,MONTE AZUL,MINAS GERAIS,Brasil,0.0,9.0,0.8,Caatinga,33,31,3142908,8,Pastagens e gramíneas,218_071,1.2
1814690303,2e62230e-50fa-3761-a810-133c5357391a,-50.76271,-17.50334,2026-04-19 04:25:00+00:00,2026-04-19,NOAA-20,RIO VERDE,GOIÁS,Brasil,0.0,9.0,0.45,Cerrado,33,52,5218805,8,Savana arbórea; Caatinga fechada,223_072,2.9
1814689167,3882dcb5-b718-308f-9d43-88b4e96c12ab,-50.76338,-17.50698,2026-04-19 04:25:00+00:00,2026-04-19,NOAA-20,RIO VERDE,GOIÁS,Brasil,0.0,10.0,0.51,Cerrado,33,52,5218805,8,Savana arbórea; Caatinga fechada,223_072,1.0
1814689335,5c1c17ee-c172-3dd0-b4fc-f77af3c60078,-50.76055,-17.50734,2026-04-19 04:25:00+00:00,2026-04-19,NOAA-20,RIO VERDE,GOIÁS,Brasil,0.0,10.0,0.39,Cerrado,33,52,5218805,8,Floresta de contato; Campinarana,223_072,1.5
1814689407,b0e2ff6b-e08b-31c0-bdf4-a235411a2da6,-48.55645,-21.03769,2026-04-19 04:25:00+00:00,2026-04-19,NOAA-20,BEBEDOURO,SÃO PAULO,Brasil,0.0,0.0,0.82,Mata Atlântica,33,35,3506102,8,Agricultura e diversos,221_075,1.7
1814689443,6456ed77-4c1b-3cbd-bada-d8592255b989,-56.06266,-19.09878,2026-04-19 04:25:00+00:00,2026-04-19,NOAA-20,CORUMBÁ,MATO GROSSO DO SUL,Brasil,0.0,0.0,0.19,Pantanal,33,50,5003207,8,Floresta de contato; Campinarana,226_073,1.8
1814688916,9fc87034-50e5-3cce-9441-2866468b3750,-53.35097,-19.3942,2026-04-19 04:25:00+00:00,2026-04-19,NOAA-20,PARAÍSO DAS ÁGUAS,MATO GROSSO DO SUL,Brasil,0.4,1.0,0.9,Cerrado,33,50,5006275,8,Pastagens e gramíneas,224_073,1.0
1814688745,c5d36a0e-a92f-359a-b52d-a612b4a83b33,-50.76348,-17.49933,2026-04-19 04:25:00+00:00,2026-04-19,NOAA-20,RIO VERDE,GOIÁS,Brasil,0.0,9.0,0.7,Cerrado,33,52,5218805,8,Savana; Caatinga aberta,223_072,1.1
1814689145,8bda0466-6e07-3486-b8e5-f15cc12a693a,-46.37534,-18.07665,2026-04-19 04:25:00+00:00,2026-04-19,NOAA-20,PRESIDENTE OLEGÁRIO,MINAS GERAIS,Brasil,0.0,9.0,0.32,Cerrado,33,31,3153400,8,Savana arbórea; Caatinga fechada,220_072,1.3
1814689871,50c527be-af2b-371d-9f92-6b75b223d063,-46.83489,-17.16754,2026-04-19 04:25:00+00:00,2026-04-19,NOAA-20,PARACATU,MINAS GERAIS,Brasil,0.0,9.0,1.0,Cerrado,33,31,3147006,8,Pastagens e gramíneas,220_072,0.8
1814689934,7d151575-b24e-3eda-a8b6-4fe4fdf8c1bc,-47.73232,-20.32636,2026-04-19 04:25:00+00:00,2026-04-19,NOAA-20,ITUVERAVA,SÃO PAULO,Brasil,0.0,2.0,0.57,Cerrado,33,35,3524105,8,Agricultura e diversos,220_074,3.0
1814690006,84fb05f7-9514-34da-9219-7b81c4cb1f21,-45.02955,-18.64175,2026-04-19 04:25:00+00:00,2026-04-19,NOAA-20,FELIXLÂNDIA,MINAS GERAIS,Brasil,0.0,7.0,0.08,Cerrado,33,31,3125705,8,Floresta Ombrófila densa,219_073,1.0
1814690046,f1eabb56-169e-3b22-b177-465640f30296,-46.37165,-18.07722,2026-04-19 04:25:00+00:00,2026-04-19,NOAA-20,PRESIDENTE OLEGÁRIO,MINAS GERAIS,Brasil,0.0,9.0,0.3,Cerrado,33,31,3153400,8,Savana arbórea; Caatinga fechada,220_072,1.3
1814690085,20937312-6fd6-34ca-a351-290f15909b9b,-56.0603,-19.09708,2026-04-19 04:25:00+00:00,2026-04-19,NOAA-20,CORUMBÁ,MATO GROSSO DO SUL,Brasil,0.0,0.0,0.26,Pantanal,33,50,5003207,8,Savana; Caatinga aberta,226_073,2.5
1814690179,1949d0c1-8793-3ec3-900f-399cac24e2eb,-46.97363,-17.57693,2026-04-19 04:25:00+00:00,2026-04-19,NOAA-20,GUARDA-MOR,MINAS GERAIS,Brasil,0.0,9.0,0.95,Cerrado,33,31,3128600,8,Pastagens e gramíneas,220_072,0.6
1814690194,abe5e2a0-65d5-331c-bbdf-84dcd00a3b5d,-48.55275,-21.03828,2026-04-19 04:25:00+00:00,2026-04-19,NOAA-20,BEBEDOURO,SÃO PAULO,Brasil,0.0,0.0,0.82,Mata Atlântica,33,35,3506102,8,Agricultura e diversos,221_075,2.2
1814689285,6e07ca42-1d58-3145-9ba0-e34c09bcf607,-51.70608,-20.62456,2026-04-19 04:25:00+00:00,2026-04-19,NOAA-20,TRÊS LAGOAS,MATO GROSSO DO SUL,Brasil,0.0,0.0,1.0,Cerrado,33,50,5008305,8,Pastagens e gramíneas,223_074,1.1
1814690304,111a048f-7913-3a21-bebe-e814ccdaec2b,-56.06142,-19.10194,2026-04-19 04:25:00+00:00,2026-04-19,NOAA-20,CORUMBÁ,MATO GROSSO DO SUL,Brasil,0.0,0.0,0.15,Pantanal,33,50,5003207,8,Floresta de contato; Campinarana,226_073,2.4
1814690386,859a67b3-e6a9-3ea6-ab54-7d4dcdc530e6,-51.24435,-15.70759,2026-04-19 04:25:00+00:00,2026-04-19,NOAA-20,SANTA FÉ DE GOIÁS,GOIÁS,Brasil,0.0,6.0,0.73,Cerrado,33,52,5219258,8,Pastagens e gramíneas,223_071,1.0
1814690434,f64c8d95-6cc1-34d9-91e8-a4239a45fd49,-50.76204,-17.4997,2026-04-19 04:25:00+00:00,2026-04-19,NOAA-20,RIO VERDE,GOIÁS,Brasil,0.0,9.0,0.65,Cerrado,33,52,5218805,8,Savana; Caatinga aberta,223_072,2.9
1814690495,122ec62a-1a7c-366b-a2cc-010241ca0ce5,-46.37111,-18.07387,2026-04-19 04:25:00+00:00,2026-04-19,NOAA-20,PRESIDENTE OLEGÁRIO,MINAS GERAIS,Brasil,0.0,9.0,0.34,Cerrado,33,31,3153400,8,Savana arbórea; Caatinga fechada,220_072,0.9
1814690902,2d76edb8-4447-39f9-9848-bdb3054368b4,-50.76418,-17.50296,2026-04-19 04:25:00+00:00,2026-04-19,NOAA-20,RIO VERDE,GOIÁS,Brasil,0.0,9.0,0.54,Cerrado,33,52,5218805,8,Savana arbórea; Caatinga fechada,223_072,3.3
1814688830,0bd4629a-69e8-31fd-aea8-54d413881926,-51.70232,-20.62903,2026-04-19 04:25:00+00:00,2026-04-19,NOAA-20,TRÊS LAGOAS,MATO GROSSO DO SUL,Brasil,0.0,0.0,0.74,Cerrado,33,50,5008305,8,Agricultura e diversos,223_074,1.1
1814691203,88096d64-d39c-3a9f-bbe2-92a87970a85e,-45.02885,-18.64294,2026-04-19 04:25:00+00:00,2026-04-19,NOAA-20,FELIXLÂNDIA,MINAS GERAIS,Brasil,0.0,7.0,0.08,Cerrado,33,31,3125705,8,Floresta Ombrófila densa,219_073,0.9
1814691231,f6ed4529-8ded-3ce6-881a-2f1db17511cf,-50.76406,-17.51061,2026-04-19 04:25:00+00:00,2026-04-19,NOAA-20,RIO VERDE,GOIÁS,Brasil,0.0,10.0,0.75,Cerrado,33,52,5218805,8,Agricultura e diversos,223_072,1.0
1814688630,a7dec860-7d19-3b0a-92e9-ef06ea3103e0,-56.05694,-19.09998,2026-04-19 04:25:00+00:00,2026-04-19,NOAA-20,CORUMBÁ,MATO GROSSO DO SUL,Brasil,0.0,0.0,0.24,Pantanal,33,50,5003207,8,Savana arbórea; Caatinga fechada,226_073,2.3
1814689261,e3f18729-12e2-3a8b-95ba-30de7130d795,-50.75989,-17.5037,2026-04-19 04:25:00+00:00,2026-04-19,NOAA-20,RIO VERDE,GOIÁS,Brasil,0.0,10.0,0.27,Cerrado,33,52,5218805,8,Florestas decíduas e sazonais,223_072,1.5
1814689906,3f0c3d9f-4211-3a75-8617-b8c4048e0ff2,-49.4437,-25.88029,2026-04-19 04:27:00+00:00,2026-04-19,NOAA-20,QUITANDINHA,PARANÁ,Brasil,0.0,2.0,0.21,Mata Atlântica,33,41,4121208,8,Floresta Ombrófila densa,220_078,0.6
1814689826,57430f63-3ebc-3edd-b5c4-28e63c36c2fc,-50.80135,-27.1076,2026-04-19 04:27:00+00:00,2026-04-19,NOAA-20,FRAIBURGO,SANTA CATARINA,Brasil,0.0,3.0,0.32,Mata Atlântica,33,42,4205506,8,Floresta de contato; Campinarana,221_079,0.5
1814689776,e9993312-1f6b-315f-9347-98d4b4dd66ef,-51.38217,-27.1254,2026-04-19 04:27:00+00:00,2026-04-19,NOAA-20,IBICARÉ,SANTA CATARINA,Brasil,0.0,3.0,0.12,Mata Atlântica,33,42,4206801,8,Florestas decíduas e sazonais,222_079,0.6
1814688853,71b6277b-7a47-30e3-9217-d069cdd728b0,-51.02155,-26.9825,2026-04-19 04:27:00+00:00,2026-04-19,NOAA-20,FRAIBURGO,SANTA CATARINA,Brasil,0.0,3.0,0.07,Mata Atlântica,33,42,4205506,8,Floresta Ombrófila densa,221_079,0.7
1814689989,a1f2d101-19d6-33dd-b6ae-50528d8d8b63,-49.02951,-25.8805,2026-04-19 04:27:00+00:00,2026-04-19,NOAA-20,TIJUCAS DO SUL,PARANÁ,Brasil,0.0,1.0,0.07,Mata Atlântica,33,41,4127601,8,Floresta Ombrófila densa,220_078,0.9
1814690941,cbc17dba-6dca-39c7-9d50-b23528041ee0,-49.34687,-25.09029,2026-04-19 04:27:00+00:00,2026-04-19,NOAA-20,RIO BRANCO DO SUL,PARANÁ,Brasil,0.0,2.0,0.23,Mata Atlântica,33,41,4122206,8,Floresta Ombrófila densa,221_077,0.3
1814690944,fc95744f-0771-3b3c-afcd-92f5d4c695d1,-48.67879,-28.061,2026-04-19 04:27:00+00:00,2026-04-19,NOAA-20,GAROPABA,SANTA CATARINA,Brasil,0.0,3.0,0.16,Mata Atlântica,33,42,4205704,8,Florestas decíduas e sazonais,220_079,0.5
1814690946,a34368d2-ac0d-3ea7-8714-f81663db4081,-50.91518,-25.08468,2026-04-19 04:27:00+00:00,2026-04-19,NOAA-20,GUAMIRANGA,PARANÁ,Brasil,0.0,0.0,0.45,Mata Atlântica,33,41,4108957,8,Savana arbórea; Caatinga fechada,222_077,1.6
1814689674,fbc8f215-cf6a-3ff0-b32e-726d4e51d3c3,-47.98727,-23.6425,2026-04-19 04:27:00+00:00,2026-04-19,NOAA-20,ITAPETININGA,SÃO PAULO,Brasil,0.0,6.0,0.81,Cerrado,33,35,3522307,8,Agricultura e diversos,220_076,0.5
1814689406,252ff410-1eb1-3408-9847-aec65e84e65f,-49.97844,-26.61684,2026-04-19 04:27:00+00:00,2026-04-19,NOAA-20,SANTA TEREZINHA,SANTA CATARINA,Brasil,0.0,5.0,0.17,Mata Atlântica,33,42,4215679,8,Florestas decíduas e sazonais,221_078,0.5
1814689117,8eb57723-d068-337d-8bd3-edd472dc938f,-53.06187,-22.76402,2026-04-19 04:27:00+00:00,2026-04-19,NOAA-20,MARILENA,PARANÁ,Brasil,0.0,4.0,0.8,Mata Atlântica,33,41,4115002,8,Pastagens e gramíneas,223_076,0.9
1814688737,40272f2b-ccbd-3a91-8837-671eee161c13,-49.3657,-28.6412,2026-04-19 04:27:00+00:00,2026-04-19,NOAA-20,CRICIÚMA,SANTA CATARINA,Brasil,0.0,3.0,0.11,Mata Atlântica,33,42,4204608,8,Floresta Ombrófila densa,220_080,0.5
1814689653,305f0df5-d96e-3360-856a-59287f4dcc7f,-52.24141,-23.78701,2026-04-19 04:27:00+00:00,2026-04-19,NOAA-20,ENGENHEIRO BELTRÃO,PARANÁ,Brasil,0.0,2.0,0.91,Mata Atlântica,33,41,4107504,8,Agricultura e diversos,223_076,0.5
1814689992,e0323600-663b-36a1-8af9-52626cd03c00,-49.39788,-25.17388,2026-04-19 04:27:00+00:00,2026-04-19,NOAA-20,RIO BRANCO DO SUL,PARANÁ,Brasil,0.0,2.0,0.22,Mata Atlântica,33,41,4122206,8,Floresta Ombrófila densa,221_077,1.4
1814690628,d94f39ef-9772-30ed-8948-831be978ce66,-53.57309,-27.36258,2026-04-19 04:27:00+00:00,2026-04-19,NOAA-20,PALMITINHO,RIO GRANDE DO SUL,Brasil,0.0,3.0,0.86,Mata Atlântica,33,43,4313805,8,Agricultura e diversos,223_079,0.4
1814689510,ed7cf92b-bca8-3907-80dd-5ea9d381caff,-53.05979,-22.76176,2026-04-19 04:27:00+00:00,2026-04-19,NOAA-20,MARILENA,PARANÁ,Brasil,0.0,3.0,0.85,Mata Atlântica,33,41,4115002,8,Pastagens e gramíneas,223_076,1.0
1814691261,480c658d-21e8-35b3-8c8f-8abfe0883124,-55.18444,-23.2704,2026-04-19 04:27:00+00:00,2026-04-19,NOAA-20,AMAMBAI,MATO GROSSO DO SUL,Brasil,0.03,3.0,0.86,Mata Atlântica,33,50,5000609,8,Pastagens e gramíneas,225_076,2.4
1814691290,92efd6c0-7250-304c-9a81-d192b73d6497,-49.3437,-25.09421,2026-04-19 04:27:00+00:00,2026-04-19,NOAA-20,RIO BRANCO DO SUL,PARANÁ,Brasil,0.0,2.0,0.23,Mata Atlântica,33,41,4122206,8,Floresta Ombrófila densa,221_077,2.4
1814689478,1b938b2b-a786-38f2-9fd5-5964fa28f5a0,-47.99988,-23.64742,2026-04-19 04:27:00+00:00,2026-04-19,NOAA-20,ITAPETININGA,SÃO PAULO,Brasil,0.0,6.0,0.66,Cerrado,33,35,3522307,8,Savana; Caatinga aberta,220_076,1.5
1814689165,3bdf6abb-bea7-334c-ac9a-60e8dc593d06,-49.10167,-25.5228,2026-04-19 04:27:00+00:00,2026-04-19,NOAA-20,SÃO JOSÉ DOS PINHAIS,PARANÁ,Brasil,0.0,2.0,-999.0,Mata Atlântica,33,41,4125506,8,Pastagens e gramíneas,220_078,0.5
1814691319,c7cd66f6-88d4-3fcf-9355-e713d6494c13,-52.24285,-23.78575,2026-04-19 04:27:00+00:00,2026-04-19,NOAA-20,ENGENHEIRO BELTRÃO,PARANÁ,Brasil,0.0,2.0,0.91,Mata Atlântica,33,41,4107504,8,Agricultura e diversos,223_076,1.9
1814691323,3280dedd-9a9b-3c43-a93b-260d0cdcb109,-47.98787,-23.64583,2026-04-19 04:27:00+00:00,2026-04-19,NOAA-20,ITAPETININGA,SÃO PAULO,Brasil,0.0,6.0,0.76,Cerrado,33,35,3522307,8,Savana; Caatinga aberta,220_076,0.5
1814689058,ed6888be-d4cd-3b8c-bfeb-97738818fd5b,-52.24065,-23.78342,2026-04-19 04:27:00+00:00,2026-04-19,NOAA-20,ENGENHEIRO BELTRÃO,PARANÁ,Brasil,0.0,2.0,0.91,Mata Atlântica,33,41,4107504,8,Agricultura e diversos,223_076,1.1
1814690596,ebc2446e-775a-3430-b01e-6603cc7929c5,-49.3475,-25.0936,2026-04-19 04:27:00+00:00,2026-04-19,NOAA-20,RIO BRANCO DO SUL,PARANÁ,Brasil,0.0,2.0,0.23,Mata Atlântica,33,41,4122206,8,Floresta Ombrófila densa,221_077,2.4
1814691415,425cf0cb-0968-3314-a311-637c96fa7704,-55.18337,-23.26617,2026-04-19 04:27:00+00:00,2026-04-19,NOAA-20,AMAMBAI,MATO GROSSO DO SUL,Brasil,0.0,3.0,0.85,Mata Atlântica,33,50,5000609,8,Pastagens e gramíneas,225_076,1.5
1814696262,8720a14b-a26a-3a32-beb3-f0c6f809a833,-55.30856,-11.35013,2026-04-19 05:12:00+00:00,2026-04-19,NOAA-21,CLÁUDIA,MATO GROSSO,Brasil,1.76,2.0,0.12,Amazônia,33,51,5103056,8,Pastagens e gramíneas,226_068,3.0
1814695105,b3c9d673-5b19-3f65-8d5c-9cb244781592,-55.30128,-11.35851,2026-04-19 05:12:00+00:00,2026-04-19,NOAA-21,CLÁUDIA,MATO GROSSO,Brasil,1.79,2.0,0.11,Amazônia,33,51,5103056,8,Pastagens e gramíneas,226_068,1.5
1814695288,bc1ba4a8-90cc-3b84-b964-56c748d97211,-55.30547,-11.35791,2026-04-19 05:12:00+00:00,2026-04-19,NOAA-21,CLÁUDIA,MATO GROSSO,Brasil,1.76,2.0,0.1,Amazônia,33,51,5103056,8,Pastagens e gramíneas,226_068,1.8
1814695397,73bde373-ba49-32fd-b7aa-9030ba76288d,-55.30184,-11.36209,2026-04-19 05:12:00+00:00,2026-04-19,NOAA-21,CLÁUDIA,MATO GROSSO,Brasil,1.79,2.0,0.1,Amazônia,33,51,5103056,8,Pastagens e gramíneas,226_068,1.5
1814696501,b97b90ec-5979-32e7-9da5-3d93c75f5a66,-50.76428,-17.5034,2026-04-19 05:14:00+00:00,2026-04-19,NOAA-21,RIO VERDE,GOIÁS,Brasil,0.0,9.0,0.53,Cerrado,33,52,5218805,8,Savana arbórea; Caatinga fechada,223_072,1.7
1814694521,dd5b0369-e4a1-3052-8814-242da93da327,-56.05949,-19.09945,2026-04-19 05:14:00+00:00,2026-04-19,NOAA-21,CORUMBÁ,MATO GROSSO DO SUL,Brasil,0.0,0.0,0.22,Pantanal,33,50,5003207,8,Savana arbórea; Caatinga fechada,226_073,1.4
1814694659,b350b08b-eb62-33f8-b80a-b69ae66a0708,-56.06006,-19.10322,2026-04-19 05:14:00+00:00,2026-04-19,NOAA-21,CORUMBÁ,MATO GROSSO DO SUL,Brasil,0.0,0.0,0.13,Pantanal,33,50,5003207,8,Florestas decíduas e sazonais,226_073,2.6
1814696004,927f1a00-6d21-32c4-92d2-084ed5bdfbac,-56.05893,-19.09567,2026-04-19 05:14:00+00:00,2026-04-19,NOAA-21,CORUMBÁ,MATO GROSSO DO SUL,Brasil,0.0,0.0,0.31,Pantanal,33,50,5003207,8,Savana; Caatinga aberta,226_073,1.4
1814696089,ed213711-7d32-32a4-b939-b0b2eb8169da,-50.76413,-17.51007,2026-04-19 05:14:00+00:00,2026-04-19,NOAA-21,RIO VERDE,GOIÁS,Brasil,0.0,10.0,0.72,Cerrado,33,52,5218805,8,Agricultura e diversos,223_072,1.0
1814696853,a1fc7f11-47ec-3c2b-8460-0003dcb89009,-50.76158,-17.50897,2026-04-19 05:14:00+00:00,2026-04-19,NOAA-21,RIO VERDE,GOIÁS,Brasil,0.0,10.0,0.56,Cerrado,33,52,5218805,8,Savana arbórea; Caatinga fechada,223_072,2.6
1814697092,210c8d7e-4db8-3fb0-91fb-169036191f38,-50.76474,-17.51527,2026-04-19 05:14:00+00:00,2026-04-19,NOAA-21,RIO VERDE,GOIÁS,Brasil,0.0,10.0,1.0,Cerrado,33,52,5218805,8,Pastagens e gramíneas,223_072,1.0
1814697102,74226b1c-9612-3cca-b4ec-3353b5d648ca,-50.76079,-17.5038,2026-04-19 05:14:00+00:00,2026-04-19,NOAA-21,RIO VERDE,GOIÁS,Brasil,0.0,10.0,0.32,Cerrado,33,52,5218805,8,Floresta de contato; Campinarana,223_072,1.7
1814696098,e62a129c-0715-31a4-8856-18ff27c0d7b0,-55.18422,-23.26858,2026-04-19 05:16:00+00:00,2026-04-19,NOAA-21,AMAMBAI,MATO GROSSO DO SUL,Brasil,0.02,3.0,0.85,Mata Atlântica,33,50,5000609,8,Pastagens e gramíneas,225_076,1.7
1814696094,a4ae7385-8e34-39c0-b3c9-8e7c2456fafd,-51.70887,-20.62744,2026-04-19 05:16:00+00:00,2026-04-19,NOAA-21,TRÊS LAGOAS,MATO GROSSO DO SUL,Brasil,0.0,0.0,0.84,Cerrado,33,50,5008305,8,Pastagens e gramíneas,223_074,1.3
1814696116,64fbaf16-f1c4-3a14-be45-780b7141d55e,-55.18062,-23.27327,2026-04-19 05:16:00+00:00,2026-04-19,NOAA-21,AMAMBAI,MATO GROSSO DO SUL,Brasil,0.01,3.0,0.87,Mata Atlântica,33,50,5000609,8,Pastagens e gramíneas,225_076,0.8
1814694409,09f30981-b3e2-32d2-93a7-91a1da6da8e2,-55.18476,-23.27279,2026-04-19 05:16:00+00:00,2026-04-19,NOAA-21,AMAMBAI,MATO GROSSO DO SUL,Brasil,0.04,3.0,0.86,Mata Atlântica,33,50,5000609,8,Pastagens e gramíneas,225_076,1.8
1814696935,2dfc82c7-60aa-3780-844c-59beb81c9c84,-51.70257,-20.62808,2026-04-19 05:16:00+00:00,2026-04-19,NOAA-21,TRÊS LAGOAS,MATO GROSSO DO SUL,Brasil,0.0,0.0,0.8,Cerrado,33,50,5008305,8,Pastagens e gramíneas,223_074,0.9
1814695017,1fbba23c-95d3-355d-b6c1-99e7556645e7,-55.18007,-23.26906,2026-04-19 05:16:00+00:00,2026-04-19,NOAA-21,AMAMBAI,MATO GROSSO DO SUL,Brasil,0.0,3.0,0.86,Mata Atlântica,33,50,5000609,8,Pastagens e gramíneas,225_076,0.9
1814694714,225328b5-2c62-3667-905e-8c659e8c9f37,-51.09874,-29.77283,2026-04-19 05:18:00+00:00,2026-04-19,NOAA-21,SÃO LEOPOLDO,RIO GRANDE DO SUL,Brasil,0.0,3.0,-999.0,Pampa,33,43,4318705,8,Corpos agua/Solos expostos/Mineracao/Areas urbanas e construidas/neve e gelo,221_081,1.2
1814695528,c0214726-7197-34ed-a592-e7d5cd2ec691,-51.09782,-29.76702,2026-04-19 05:18:00+00:00,2026-04-19,NOAA-21,SÃO LEOPOLDO,RIO GRANDE DO SUL,Brasil,0.0,3.0,-999.0,Pampa,33,43,4318705,8,Corpos agua/Solos expostos/Mineracao/Areas urbanas e construidas/neve e gelo,221_081,1.7
1814695190,2a10c6e8-1335-3a46-a5f2-d9fbd46043b0,-51.09819,-29.76743,2026-04-19 05:18:00+00:00,2026-04-19,NOAA-21,SÃO LEOPOLDO,RIO GRANDE DO SUL,Brasil,0.0,3.0,-999.0,Pampa,33,43,4318705,8,Corpos agua/Solos expostos/Mineracao/Areas urbanas e construidas/neve e gelo,221_081,2.7
1814699534,8549871c-d6dc-3ecd-8e9c-703497d639a9,-55.18198,-23.26647,2026-04-19 05:48:00+00:00,2026-04-19,NPP-375D,AMAMBAI,MATO GROSSO DO SUL,Brasil,0.0,3.0,0.85,Mata Atlântica,33,50,5000609,8,Pastagens e gramíneas,225_076,0.8
1814702824,e77e4f09-f7d0-3cdb-b1d6-0378c05a31a8,-55.18242,-23.27287,2026-04-19 05:48:00+00:00,2026-04-19,NPP-375D,AMAMBAI,MATO GROSSO DO SUL,Brasil,0.02,3.0,0.86,Mata Atlântica,33,50,5000609,8,Pastagens e gramíneas,225_076,0.9
1814731487,55fbd34e-8e11-3eda-8d72-f30e7dcd35c4,-40.17273,-19.49741,2026-04-19 11:45:00+00:00,2026-04-19,TERRA_M-M,LINHARES,ESPÍRITO SANTO,Brasil,10.88,4.0,0.04,Mata Atlântica,33,32,3203205,8,Agricultura e diversos,215_074,11.1
1814731317,d745b729-013b-389e-b454-225e5fdb7103,-46.02219,-17.79688,2026-04-19 11:45:00+00:00,2026-04-19,TERRA_M-M,JOÃO PINHEIRO,MINAS GERAIS,Brasil,0.0,5.0,0.31,Cerrado,33,31,3136306,8,Savana; Caatinga aberta,219_072,3.7
1814731728,1e3ed98d-7501-3fb9-a6e0-de84ee11bb7e,-43.51004,-20.53104,2026-04-19 11:47:00+00:00,2026-04-19,TERRA_M-M,OURO PRETO,MINAS GERAIS,Brasil,0.24,2.0,0.05,Mata Atlântica,33,31,3146107,8,Floresta Ombrófila densa,217_074,4.5
1814731373,a18fcbac-d723-35b7-9f28-eff9b2d5c972,-40.35952,-19.77371,2026-04-19 11:47:00+00:00,2026-04-19,TERRA_M-M,IBIRAÇU,ESPÍRITO SANTO,Brasil,19.69,0.0,0.0,Mata Atlântica,33,32,3202504,8,Pastagens e gramíneas,216_074,9.0
1814732300,6ba5d8ab-a693-3491-afb0-f6f6ed004595,-40.37627,-19.77183,2026-04-19 11:47:00+00:00,2026-04-19,TERRA_M-M,JOÃO NEIVA,ESPÍRITO SANTO,Brasil,20.33,0.0,0.0,Mata Atlântica,33,32,3203130,8,Savana arbórea; Caatinga fechada,216_074,9.1
1814734966,851254df-bfc1-35f3-a2af-81e7d3ae1ac7,-50.7668,-17.499,2026-04-19 13:10:00+00:00,2026-04-19,GOES-19,RIO VERDE,GOIÁS,Brasil,0.0,9.0,0.77,Cerrado,33,52,5218805,8,Agricultura e diversos,223_072,71.7
1814734969,14cb5aae-fbed-3280-b76f-484ef88e6f8a,-50.7668,-17.499,2026-04-19 13:20:00+00:00,2026-04-19,GOES-19,RIO VERDE,GOIÁS,Brasil,0.0,9.0,0.77,Cerrado,33,52,5218805,8,Agricultura e diversos,223_072,71.0
1814734970,ea95257f-50dc-34a0-9e72-dd0d33cc23d4,-50.7668,-17.499,2026-04-19 13:30:00+00:00,2026-04-19,GOES-19,RIO VERDE,GOIÁS,Brasil,0.0,9.0,0.77,Cerrado,33,52,5218805,8,Agricultura e diversos,223_072,92.4
1814734972,d2ca34ff-34fc-332e-910b-2607ab99bf86,-50.7668,-17.499,2026-04-19 13:40:00+00:00,2026-04-19,GOES-19,RIO VERDE,GOIÁS,Brasil,0.0,9.0,0.77,Cerrado,33,52,5218805,8,Agricultura e diversos,223_072,85.7
1814737386,0d245805-c96b-3313-bfcf-7dcec757ba8f,-50.7668,-17.499,2026-04-19 13:50:00+00:00,2026-04-19,GOES-19,RIO VERDE,GOIÁS,Brasil,0.0,9.0,0.77,Cerrado,33,52,5218805,8,Agricultura e diversos,223_072,100.9
1814742792,0160d3ff-8b78-3632-b3db-afdc649b6ed3,-50.7668,-17.499,2026-04-19 14:00:00+00:00,2026-04-19,GOES-19,RIO VERDE,GOIÁS,Brasil,0.0,9.0,0.77,Cerrado,33,52,5218805,8,Agricultura e diversos,223_072,97.5
1814758002,2fda8c59-4b3d-3bf8-b40a-2fc792705391,-38.9654,-10.96438,2026-04-19 15:18:00+00:00,2026-04-19,NOAA-20,TUCANO,BAHIA,Brasil,0.0,5.0,0.72,Caatinga,33,29,2931905,8,Savana; Caatinga aberta,216_068,20.0
1814758864,170ffa0b-477b-316e-8b39-2d83dfe41ebb,-38.96037,-10.96355,2026-04-19 15:18:00+00:00,2026-04-19,NOAA-20,TUCANO,BAHIA,Brasil,0.0,5.0,0.7,Caatinga,33,29,2931905,8,Savana; Caatinga aberta,216_068,14.2
1814758018,b9191314-449a-3a32-bdc4-58bb5b0a6b3a,-37.37737,-8.73339,2026-04-19 15:18:00+00:00,2026-04-19,NOAA-20,TUPANATINGA,PERNAMBUCO,Brasil,0.0,4.0,0.98,Caatinga,33,26,2615805,8,Pastagens e gramíneas,215_066,2.6
1814758405,6743e8e8-8369-36e7-b904-164b08501a62,-38.96653,-10.96428,2026-04-19 15:18:00+00:00,2026-04-19,NOAA-20,TUCANO,BAHIA,Brasil,0.0,5.0,0.72,Caatinga,33,29,2931905,8,Savana; Caatinga aberta,216_068,14.2
1814758781,1f3a99f3-3f18-350d-aa6e-613f30c7720e,-38.2624,-11.82859,2026-04-19 15:18:00+00:00,2026-04-19,NOAA-20,APORÁ,BAHIA,Brasil,0.79,3.0,0.11,Mata Atlântica,33,29,2901908,8,Floresta Ombrófila densa,215_068,9.4
1814759997,49def896-e590-309b-9b35-2d5cefda2796,-49.40008,-25.17209,2026-04-19 16:01:00+00:00,2026-04-19,NOAA-21,RIO BRANCO DO SUL,PARANÁ,Brasil,0.0,2.0,0.22,Mata Atlântica,33,41,4122206,8,Floresta Ombrófila densa,221_077,14.6
1814759876,590f01ee-2cce-323a-a6bc-826300175295,-49.40189,-25.17352,2026-04-19 16:01:00+00:00,2026-04-19,NOAA-21,RIO BRANCO DO SUL,PARANÁ,Brasil,0.0,2.0,0.22,Mata Atlântica,33,41,4122206,8,Floresta Ombrófila densa,221_077,13.1
1814759746,74905350-b1a1-3764-b04d-b4c7e7370d77,-50.75997,-17.50379,2026-04-19 16:03:00+00:00,2026-04-19,NOAA-21,RIO VERDE,GOIÁS,Brasil,0.0,10.0,0.27,Cerrado,33,52,5218805,8,Florestas decíduas e sazonais,223_072,15.4
1814760037,fbe65797-c055-3d32-b89e-ad1d3f9ee1a4,-48.88391,-23.94674,2026-04-19 16:03:00+00:00,2026-04-19,NOAA-21,ITAPEVA,SÃO PAULO,Brasil,0.0,3.0,1.0,Cerrado,33,35,3522406,8,Agricultura e diversos,220_077,7.1
1814760063,c4156e16-9b7c-36ee-b963-5140b17aafbd,-39.91491,-18.62567,2026-04-19 16:03:00+00:00,2026-04-19,NOAA-21,SÃO MATEUS,ESPÍRITO SANTO,Brasil,1.31,-999.0,0.03,Mata Atlântica,33,32,3204906,8,Floresta Ombrófila densa,215_073,10.7
1814760086,65535e45-e9c7-3cb6-8397-099a2960b40f,-39.91596,-18.6184,2026-04-19 16:03:00+00:00,2026-04-19,NOAA-21,SÃO MATEUS,ESPÍRITO SANTO,Brasil,1.19,-999.0,0.03,Mata Atlântica,33,32,3204906,8,Floresta Ombrófila densa,215_073,12.9
1814760096,92a4149b-c9d6-3454-b3a1-eefb6a89782a,-48.88327,-23.95346,2026-04-19 16:03:00+00:00,2026-04-19,NOAA-21,ITAPEVA,SÃO PAULO,Brasil,0.0,3.0,1.0,Cerrado,33,35,3522406,8,Agricultura e diversos,220_077,7.1
1814760111,be5cd92b-e879-381e-9911-66b6929459e5,-50.76677,-17.49729,2026-04-19 16:03:00+00:00,2026-04-19,NOAA-21,RIO VERDE,GOIÁS,Brasil,0.0,9.0,0.81,Cerrado,33,52,5218805,8,Agricultura e diversos,223_072,17.4
1814760149,f43c16eb-7249-3b66-85d6-10e93fe4a7cd,-43.65945,-22.96954,2026-04-19 16:03:00+00:00,2026-04-19,NOAA-21,RIO DE JANEIRO,RIO DE JANEIRO,Brasil,0.1,-999.0,-999.0,Mata Atlântica,33,33,3304557,8,Corpos agua/Solos expostos/Mineracao/Areas urbanas e construidas/neve e gelo,217_076,3.9
1814760183,c926df75-2ca3-3a4d-b885-38c0ebc02463,-48.16831,-22.6811,2026-04-19 16:03:00+00:00,2026-04-19,NOAA-21,ANHEMBI,SÃO PAULO,Brasil,0.0,0.0,0.67,Cerrado,33,35,3502309,8,Pastagens e gramíneas,220_076,1.9
1814760231,02f4d357-8712-3800-ad3e-8f4cf4ba6ed2,-50.7613,-17.50182,2026-04-19 16:03:00+00:00,2026-04-19,NOAA-21,RIO VERDE,GOIÁS,Brasil,0.0,9.0,0.48,Cerrado,33,52,5218805,8,Savana arbórea; Caatinga fechada,223_072,21.7
1814760266,fae37eb9-e8ac-37cf-8bc0-f2ca20889f72,-50.76033,-17.49672,2026-04-19 16:03:00+00:00,2026-04-19,NOAA-21,RIO VERDE,GOIÁS,Brasil,0.0,9.0,0.85,Cerrado,33,52,5218805,8,Agricultura e diversos,223_072,15.4
1814760273,615d31df-a997-326a-b4f0-e9c0f67e599a,-48.88651,-23.95053,2026-04-19 16:03:00+00:00,2026-04-19,NOAA-21,ITAPEVA,SÃO PAULO,Brasil,0.0,3.0,1.0,Cerrado,33,35,3522406,8,Agricultura e diversos,220_077,8.8
1814760284,1ec31d00-66e2-3b7d-9f41-943dd46fcdd6,-46.17987,-23.3579,2026-04-19 16:03:00+00:00,2026-04-19,NOAA-21,MOGI DAS CRUZES,SÃO PAULO,Brasil,0.0,0.0,0.74,Mata Atlântica,33,35,3530607,8,Agricultura e diversos,219_076,4.9
1814759658,e612ad03-5039-367c-952a-f9d037296efe,-38.97532,-16.00303,2026-04-19 16:03:00+00:00,2026-04-19,NOAA-21,BELMONTE,BAHIA,Brasil,0.0,-999.0,0.68,Mata Atlântica,33,29,2903409,8,Savana; Caatinga aberta,215_071,7.8
1814759666,3f37cbf7-c7c1-3ad7-af37-f86987d01d00,-50.7663,-17.50435,2026-04-19 16:03:00+00:00,2026-04-19,NOAA-21,RIO VERDE,GOIÁS,Brasil,0.0,9.0,0.6,Cerrado,33,52,5218805,8,Savana; Caatinga aberta,223_072,17.4
1814759682,659b6ca4-a417-33bd-ae76-a32c76fc3cc1,-39.91649,-18.61477,2026-04-19 16:03:00+00:00,2026-04-19,NOAA-21,SÃO MATEUS,ESPÍRITO SANTO,Brasil,1.13,-999.0,0.03,Mata Atlântica,33,32,3204906,8,Floresta Ombrófila densa,215_073,11.8
1814759704,eab1ab9f-dfcf-3764-9eb9-99a3d859ac35,-40.442,-17.66381,2026-04-19 16:03:00+00:00,2026-04-19,NOAA-21,NANUQUE,MINAS GERAIS,Brasil,0.0,0.0,0.14,Mata Atlântica,33,31,3144300,8,Florestas decíduas e sazonais,216_072,4.4
1814759726,43931b01-39e3-3cc4-a843-c1b75aea26c7,-40.24314,-19.74222,2026-04-19 16:03:00+00:00,2026-04-19,NOAA-21,ARACRUZ,ESPÍRITO SANTO,Brasil,10.49,6.0,0.06,Mata Atlântica,33,32,3200607,8,Agricultura e diversos,215_074,14.5
1814759735,976a516b-14b0-379c-b0b5-0694bd10ac27,-46.58664,-17.95462,2026-04-19 16:03:00+00:00,2026-04-19,NOAA-21,LAGOA GRANDE,MINAS GERAIS,Brasil,0.0,9.0,1.0,Cerrado,33,31,3137536,8,Pastagens e gramíneas,220_072,1.9
1814759791,357a2221-3927-392a-b4a7-0fd73aace5ed,-50.76077,-17.50887,2026-04-19 16:03:00+00:00,2026-04-19,NOAA-21,RIO VERDE,GOIÁS,Brasil,0.0,10.0,0.52,Cerrado,33,52,5218805,8,Savana arbórea; Caatinga fechada,223_072,21.7
1814759869,0ea9c928-3034-3012-a1fa-7d4a85534299,-43.09977,-16.96328,2026-04-19 16:03:00+00:00,2026-04-19,NOAA-21,BOTUMIRIM,MINAS GERAIS,Brasil,0.0,7.0,0.17,Cerrado,33,31,3108503,8,Savana arbórea; Caatinga fechada,218_072,5.8
1814759885,1950a95f-f04c-39b1-a2ed-56a389f7c106,-40.53159,-18.64912,2026-04-19 16:03:00+00:00,2026-04-19,NOAA-21,VILA PAVÃO,ESPÍRITO SANTO,Brasil,18.73,4.0,0.0,Mata Atlântica,33,32,3205150,8,Pastagens e gramíneas,216_073,12.5
1814759913,8c8a7958-6b5f-3ff0-a1b8-c49e3997834f,-39.21066,-17.72857,2026-04-19 16:03:00+00:00,2026-04-19,NOAA-21,CARAVELAS,BAHIA,Brasil,0.0,-999.0,0.68,Mata Atlântica,33,29,2906907,8,Pastagens e gramíneas,215_072,2.8
1814759921,04c7c67e-80c3-351b-af33-cbeb0092e3b9,-46.17892,-23.36004,2026-04-19 16:03:00+00:00,2026-04-19,NOAA-21,MOGI DAS CRUZES,SÃO PAULO,Brasil,0.0,0.0,0.75,Mata Atlântica,33,35,3530607,8,Agricultura e diversos,219_076,5.2
1814759924,c6ffe3fd-6aa5-32b1-a390-1660e73292ba,-39.24699,-16.37434,2026-04-19 16:03:00+00:00,2026-04-19,NOAA-21,SANTA CRUZ CABRÁLIA,BAHIA,Brasil,0.0,5.0,1.0,Mata Atlântica,33,29,2927705,8,Pastagens e gramíneas,215_071,3.8
1814759925,f4745c12-3ae4-3576-9cbe-cf5ad0af1bf3,-39.76065,-18.57914,2026-04-19 16:03:00+00:00,2026-04-19,NOAA-21,CONCEIÇÃO DA BARRA,ESPÍRITO SANTO,Brasil,1.72,-999.0,0.2,Mata Atlântica,33,32,3201605,8,Savana; Caatinga aberta,215_073,5.3
1814759935,e7dbb32c-f2d1-360b-a8a5-2abc751644bf,-40.24259,-19.74596,2026-04-19 16:03:00+00:00,2026-04-19,NOAA-21,ARACRUZ,ESPÍRITO SANTO,Brasil,10.41,5.0,0.08,Mata Atlântica,33,32,3200607,8,Pastagens e gramíneas,215_074,14.5
1814759660,51a8557f-d6f2-3c3a-8a18-b57c2c32da9f,-49.0703,-14.64567,2026-04-19 16:05:00+00:00,2026-04-19,NOAA-21,URUAÇU,GOIÁS,Brasil,0.0,0.0,0.53,Cerrado,33,52,5221601,8,Pastagens e gramíneas,222_070,9.4
1814760293,21516259-604c-3db9-97f2-06ffbded2029,-39.18123,-10.4257,2026-04-19 16:05:00+00:00,2026-04-19,NOAA-21,EUCLIDES DA CUNHA,BAHIA,Brasil,1.82,3.0,0.93,Caatinga,33,29,2910701,8,Pastagens e gramíneas,216_067,8.9
1814759669,3efbc904-4926-39cc-a368-bbda3f51b88f,-43.61613,-13.32183,2026-04-19 16:05:00+00:00,2026-04-19,NOAA-21,SERRA DO RAMALHO,BAHIA,Brasil,0.59,8.0,1.0,Cerrado,33,29,2930154,8,Pastagens e gramíneas,219_069,13.5
1814759692,0f9aa109-c038-3287-abe6-286f680029ae,-37.8208,-9.86883,2026-04-19 16:05:00+00:00,2026-04-19,NOAA-21,POÇO REDONDO,SERGIPE,Brasil,4.07,3.0,1.0,Caatinga,33,28,2805406,8,Pastagens e gramíneas,215_067,6.5
1814759700,937f0414-f0bd-324a-bb5d-98779b549840,-38.2732,-10.96877,2026-04-19 16:05:00+00:00,2026-04-19,NOAA-21,ITAPICURU,BAHIA,Brasil,0.0,4.0,0.58,Caatinga,33,29,2916500,8,Agricultura e diversos,215_068,1.8
1814760262,668d9ec9-e3f9-3af0-be19-4eb1f76ffe9f,-40.55606,-15.45541,2026-04-19 16:05:00+00:00,2026-04-19,NOAA-21,RIBEIRÃO DO LARGO,BAHIA,Brasil,0.0,2.0,0.43,Mata Atlântica,33,29,2926657,8,Savana arbórea; Caatinga fechada,216_071,5.4
1814759982,30644308-902d-3e29-b930-3498a2b8fec4,-43.61212,-13.32129,2026-04-19 16:05:00+00:00,2026-04-19,NOAA-21,SERRA DO RAMALHO,BAHIA,Brasil,0.56,8.0,1.0,Cerrado,33,29,2930154,8,Pastagens e gramíneas,219_069,12.0
1814759715,762b47c2-b4f1-30b7-a664-224ff195aa75,-39.20648,-10.91199,2026-04-19 16:05:00+00:00,2026-04-19,NOAA-21,QUIJINGUE,BAHIA,Brasil,0.0,4.0,1.0,Caatinga,33,29,2925907,8,Pastagens e gramíneas,216_068,6.5
1814759720,3c81b29c-b9b2-370a-b944-cb2c50ddbf00,-37.89296,-10.90722,2026-04-19 16:05:00+00:00,2026-04-19,NOAA-21,RIACHÃO DO DANTAS,SERGIPE,Brasil,0.0,4.0,0.66,Caatinga,33,28,2805802,8,Savana; Caatinga aberta,215_068,5.9
1814760054,b85873fc-1382-33bf-8956-b8736c36b676,-39.241,-15.61764,2026-04-19 16:05:00+00:00,2026-04-19,NOAA-21,MASCOTE,BAHIA,Brasil,0.0,6.0,0.12,Mata Atlântica,33,29,2920908,8,Floresta Ombrófila densa,215_071,3.3
1814759988,a2be1a49-1d62-3c4b-8817-2d28d87221a4,-50.84069,-16.44315,2026-04-19 16:05:00+00:00,2026-04-19,NOAA-21,ISRAELÂNDIA,GOIÁS,Brasil,0.1,8.0,0.17,Cerrado,33,52,5210307,8,Savana; Caatinga aberta,223_071,8.4
1814759736,05129a5e-8bf9-3ea9-866c-453656ca7a9d,-37.98008,-12.29709,2026-04-19 16:05:00+00:00,2026-04-19,NOAA-21,ITANAGRA,BAHIA,Brasil,0.1,-999.0,0.31,Mata Atlântica,33,29,2915908,8,Floresta de contato; Campinarana,215_069,14.1
1814760023,e005482d-e5dc-30a2-99e4-7295079e30bb,-39.20597,-10.91532,2026-04-19 16:05:00+00:00,2026-04-19,NOAA-21,QUIJINGUE,BAHIA,Brasil,0.0,4.0,1.0,Caatinga,33,29,2925907,8,Pastagens e gramíneas,216_068,6.5
1814760295,920d1111-c36d-3bf7-8b94-9f77eff9377a,-41.32546,-13.25417,2026-04-19 16:05:00+00:00,2026-04-19,NOAA-21,MUCUGÊ,BAHIA,Brasil,0.31,0.0,0.06,Caatinga,33,29,2921906,8,Florestas decíduas e sazonais,217_069,5.1
1814760322,88b44ad7-395d-3904-98d6-c4851f5d167e,-39.04959,-11.28942,2026-04-19 16:05:00+00:00,2026-04-19,NOAA-21,ARACI,BAHIA,Brasil,0.0,4.0,1.0,Caatinga,33,29,2902104,8,Pastagens e gramíneas,216_068,3.9
1814759764,68a68248-bf5f-3c14-a52b-e4279713ae38,-41.07253,-15.44006,2026-04-19 16:05:00+00:00,2026-04-19,NOAA-21,VITÓRIA DA CONQUISTA,BAHIA,Brasil,0.0,6.0,0.69,Mata Atlântica,33,29,2933307,8,Agricultura e diversos,217_071,9.8
1814759777,3b329c95-7aca-36c8-a62c-fb8e72faaf23,-39.04909,-11.29274,2026-04-19 16:05:00+00:00,2026-04-19,NOAA-21,ARACI,BAHIA,Brasil,0.0,4.0,1.0,Caatinga,33,29,2902104,8,Pastagens e gramíneas,216_068,3.9
1814759778,5230e7c2-eaa5-3764-b209-ab9ba57f2d45,-42.37159,-14.9251,2026-04-19 16:05:00+00:00,2026-04-19,NOAA-21,JACARACI,BAHIA,Brasil,0.0,9.0,0.42,Caatinga,33,29,2917409,8,Savana; Caatinga aberta,218_070,4.1
1814759779,ce597ddf-6d56-370a-9549-9d1805479d39,-37.62794,-10.08052,2026-04-19 16:05:00+00:00,2026-04-19,NOAA-21,MONTE ALEGRE DE SERGIPE,SERGIPE,Brasil,5.67,3.0,0.88,Caatinga,33,28,2804201,8,Pastagens e gramíneas,215_067,9.6
1814759989,188cc4a4-155f-3d0f-84c0-b904d7d2000c,-38.05206,-9.77182,2026-04-19 16:05:00+00:00,2026-04-19,NOAA-21,SANTA BRÍGIDA,BAHIA,Brasil,11.36,3.0,0.4,Caatinga,33,29,2927606,8,Pastagens e gramíneas,215_067,6.8
1814760187,004e85e4-a302-3dc3-96c6-5cd1db7ab304,-43.79418,-13.44873,2026-04-19 16:05:00+00:00,2026-04-19,NOAA-21,SERRA DO RAMALHO,BAHIA,Brasil,0.1,8.0,0.68,Cerrado,33,29,2930154,8,Agricultura e diversos,219_069,5.4
1814759795,52203c69-8655-3a58-ba7a-d01a906dbca2,-39.74896,-13.22993,2026-04-19 16:05:00+00:00,2026-04-19,NOAA-21,UBAÍRA,BAHIA,Brasil,0.1,5.0,0.08,Mata Atlântica,33,29,2932101,8,Floresta de contato; Campinarana,216_069,3.9
1814760182,19b8d2af-2a06-36e8-8467-e149370838ff,-42.9443,-13.82537,2026-04-19 16:05:00+00:00,2026-04-19,NOAA-21,MATINA,BAHIA,Brasil,0.1,3.0,0.67,Caatinga,33,29,2921054,8,Agricultura e diversos,218_070,7.7
1814759832,caf21368-a748-35d8-b6b6-c0f7974aedea,-43.79016,-13.4482,2026-04-19 16:05:00+00:00,2026-04-19,NOAA-21,SERRA DO RAMALHO,BAHIA,Brasil,0.1,8.0,0.59,Cerrado,33,29,2930154,8,Savana; Caatinga aberta,219_069,5.4
1814760172,2eee28f0-0590-35bf-8c80-89e9e12605a5,-38.87183,-12.15962,2026-04-19 16:05:00+00:00,2026-04-19,NOAA-21,CORAÇÃO DE MARIA,BAHIA,Brasil,0.11,4.0,1.0,Caatinga,33,29,2908903,8,Pastagens e gramíneas,216_068,1.5
1814760164,4957b027-12ce-336d-b631-954c8c867609,-38.8171,-11.31577,2026-04-19 16:05:00+00:00,2026-04-19,NOAA-21,TUCANO,BAHIA,Brasil,0.0,5.0,0.99,Caatinga,33,29,2931905,8,Pastagens e gramíneas,216_068,2.4
1814759877,eebb4c10-5a9e-3276-8869-482d64bd06ca,-40.15456,-10.57086,2026-04-19 16:05:00+00:00,2026-04-19,NOAA-21,SENHOR DO BONFIM,BAHIA,Brasil,1.29,5.0,0.94,Caatinga,33,29,2930105,8,Pastagens e gramíneas,217_067,5.5
1814760001,8ddd66c6-efb7-398e-8329-917ac6620fb3,-37.82028,-9.87214,2026-04-19 16:05:00+00:00,2026-04-19,NOAA-21,POÇO REDONDO,SERGIPE,Brasil,4.2,3.0,1.0,Caatinga,33,28,2805406,8,Pastagens e gramíneas,215_067,3.5
1814760114,b064d806-70ef-3f14-85b2-1bf732a6698a,-38.25522,-10.9518,2026-04-19 16:05:00+00:00,2026-04-19,NOAA-21,ITAPICURU,BAHIA,Brasil,0.0,4.0,1.0,Caatinga,33,29,2916500,8,Pastagens e gramíneas,215_068,2.3
1814759895,46187319-b012-340e-8e67-773d5b715dfe,-40.15824,-10.5714,2026-04-19 16:05:00+00:00,2026-04-19,NOAA-21,SENHOR DO BONFIM,BAHIA,Brasil,1.25,5.0,0.9,Caatinga,33,29,2930105,8,Pastagens e gramíneas,217_067,8.4
1814759908,4ce48086-ade5-3d1a-97ef-06b6021d3e2c,-38.63459,-10.70057,2026-04-19 16:05:00+00:00,2026-04-19,NOAA-21,BANZAÊ,BAHIA,Brasil,0.0,3.0,0.75,Caatinga,33,29,2902658,8,Savana; Caatinga aberta,216_067,2.3
1814760306,5f333dc0-238a-32c0-8488-bd107bbba44d,-49.07151,-14.6451,2026-04-19 16:05:00+00:00,2026-04-19,NOAA-21,URUAÇU,GOIÁS,Brasil,0.0,0.0,0.55,Cerrado,33,52,5221601,8,Pastagens e gramíneas,222_070,13.4
1814760047,23e88db2-3e67-3b36-8e72-4f25eb0494da,-44.03104,-13.47097,2026-04-19 16:05:00+00:00,2026-04-19,NOAA-21,SÃO FÉLIX DO CORIBE,BAHIA,Brasil,0.6,1.0,0.29,Cerrado,33,29,2929057,8,Savana arbórea; Caatinga fechada,219_069,31.1
1814760043,68843001-e155-33c3-aed2-edd8e0bea58d,-40.15408,-10.57426,2026-04-19 16:05:00+00:00,2026-04-19,NOAA-21,SENHOR DO BONFIM,BAHIA,Brasil,1.26,5.0,0.99,Caatinga,33,29,2930105,8,Pastagens e gramíneas,217_067,5.5
1814759928,dd0642d4-0539-3a4c-81c2-45e80fdc58e1,-37.95613,-12.15758,2026-04-19 16:05:00+00:00,2026-04-19,NOAA-21,ENTRE RIOS,BAHIA,Brasil,0.16,-999.0,0.46,Mata Atlântica,33,29,2910503,8,Savana arbórea; Caatinga fechada,215_068,3.4
1814759930,d7b1616a-23b2-33b8-a7c2-662fa2ef6f4b,-42.94057,-13.82489,2026-04-19 16:05:00+00:00,2026-04-19,NOAA-21,MATINA,BAHIA,Brasil,0.1,3.0,0.94,Caatinga,33,29,2921054,8,Pastagens e gramíneas,218_070,6.9
1814760318,d615207a-9e5f-3ca2-8b5a-90165d0200d1,-39.06401,-11.72988,2026-04-19 16:05:00+00:00,2026-04-19,NOAA-21,SERRINHA,BAHIA,Brasil,0.0,4.0,1.0,Caatinga,33,29,2930501,8,Pastagens e gramíneas,216_068,14.7
1814760020,a45669be-c78f-33cf-bcee-b22f4d8b8a43,-39.23389,-10.75988,2026-04-19 16:05:00+00:00,2026-04-19,NOAA-21,QUIJINGUE,BAHIA,Brasil,0.0,4.0,1.0,Caatinga,33,29,2925907,8,Pastagens e gramíneas,216_067,2.9
1814759941,a9c43cf9-6292-3976-8c82-635b749eb0bd,-40.32082,-10.81618,2026-04-19 16:05:00+00:00,2026-04-19,NOAA-21,PINDOBAÇU,BAHIA,Brasil,0.21,5.0,1.0,Caatinga,33,29,2924603,8,Pastagens e gramíneas,217_067,4.8
1814760066,4c57c331-1142-38bb-9383-8c8f4d4a143b,-39.28728,-15.41081,2026-04-19 16:05:00+00:00,2026-04-19,NOAA-21,SANTA LUZIA,BAHIA,Brasil,0.0,5.0,0.36,Mata Atlântica,33,29,2928059,8,Floresta de contato; Campinarana,215_071,3.0
1814759948,bcaf84ff-ae15-374e-a64e-a5256943a2ba,-38.21466,-11.55779,2026-04-19 16:05:00+00:00,2026-04-19,NOAA-21,CRISÓPOLIS,BAHIA,Brasil,0.01,4.0,1.0,Caatinga,33,29,2909604,8,Pastagens e gramíneas,215_068,4.0
1814760062,e72662c3-67c7-3ca4-b24e-bee5073d510f,-40.51167,-10.72163,2026-04-19 16:05:00+00:00,2026-04-19,NOAA-21,MIRANGABA,BAHIA,Brasil,3.11,5.0,0.33,Caatinga,33,29,2921401,8,Savana arbórea; Caatinga fechada,217_067,8.3
1814760059,a83c00e6-6580-3a3f-9e5e-bf1719899f7d,-41.32823,-13.25494,2026-04-19 16:05:00+00:00,2026-04-19,NOAA-21,MUCUGÊ,BAHIA,Brasil,0.3,0.0,0.05,Caatinga,33,29,2921906,8,Florestas decíduas e sazonais,217_069,5.1
1814759959,7a4af2ba-5d5e-39e8-ba1a-e2832611d59f,-41.87048,-13.66746,2026-04-19 16:05:00+00:00,2026-04-19,NOAA-21,LIVRAMENTO DE NOSSA SENHORA,BAHIA,Brasil,0.1,0.0,1.0,Caatinga,33,29,2919504,8,Pastagens e gramíneas,217_070,8.3
1814759636,43cc6453-4752-3db1-8f68-996b4d918aff,-40.3246,-10.81674,2026-04-19 16:05:00+00:00,2026-04-19,NOAA-21,PINDOBAÇU,BAHIA,Brasil,0.25,5.0,0.98,Caatinga,33,29,2924603,8,Pastagens e gramíneas,217_067,4.8
1814759644,c3ab54e6-fa7b-30d0-bb98-b3825a19966e,-38.00489,-10.13169,2026-04-19 16:05:00+00:00,2026-04-19,NOAA-21,CORONEL JOÃO SÁ,BAHIA,Brasil,3.38,3.0,1.0,Caatinga,33,29,2909208,8,Pastagens e gramíneas,215_067,4.3
1814759577,bdd5632e-f9b4-3f53-ac09-bcabb2da42a3,-40.51221,-10.71819,2026-04-19 16:05:00+00:00,2026-04-19,NOAA-21,MIRANGABA,BAHIA,Brasil,3.22,5.0,0.32,Caatinga,33,29,2921401,8,Savana arbórea; Caatinga fechada,217_067,8.3
1814759653,d3955931-c4ed-36ca-952d-04dacaa728f4,-38.26971,-10.96824,2026-04-19 16:05:00+00:00,2026-04-19,NOAA-21,ITAPICURU,BAHIA,Brasil,0.0,4.0,0.37,Caatinga,33,29,2916500,8,Savana arbórea; Caatinga fechada,215_068,10.3
1814759964,c078d7fe-1471-30f4-aeb9-2368431bfe17,-39.33259,-15.44888,2026-04-19 16:05:00+00:00,2026-04-19,NOAA-21,SANTA LUZIA,BAHIA,Brasil,0.0,5.0,0.65,Mata Atlântica,33,29,2928059,8,Savana; Caatinga aberta,215_071,4.2
1814759599,d7b272fd-61ed-3985-a4b7-550105766a2d,-49.83332,-10.51302,2026-04-19 16:07:00+00:00,2026-04-19,NOAA-21,PIUM,TOCANTINS,Brasil,1.45,0.0,0.01,Cerrado,33,17,1717503,8,Agricultura e diversos,223_067,6.1
1814760093,5a703208-a9af-36d6-9a5c-e12fb4ffc2a3,-38.34264,-7.89832,2026-04-19 16:07:00+00:00,2026-04-19,NOAA-21,SERRA TALHADA,PERNAMBUCO,Brasil,1.5,3.0,0.08,Caatinga,33,26,2613909,8,Savana arbórea; Caatinga fechada,216_065,5.7
1814759940,195314bd-d94b-3585-beaa-e5234cfe8358,-41.17249,-9.38911,2026-04-19 16:07:00+00:00,2026-04-19,NOAA-21,CASA NOVA,BAHIA,Brasil,0.46,16.0,0.83,Caatinga,33,29,2907202,8,Savana; Caatinga aberta,218_066,2.7
1814760087,a92692ce-b9ba-32cb-998e-9fdef98190c2,-37.37845,-8.736,2026-04-19 16:07:00+00:00,2026-04-19,NOAA-21,TUPANATINGA,PERNAMBUCO,Brasil,0.0,4.0,1.0,Caatinga,33,26,2615805,8,Pastagens e gramíneas,215_066,2.9
1814759586,2eee5f1a-f025-3f10-8951-125f40ab139d,-39.84789,-8.7964,2026-04-19 16:07:00+00:00,2026-04-19,NOAA-21,SANTA MARIA DA BOA VISTA,PERNAMBUCO,Brasil,2.61,3.0,0.4,Caatinga,33,26,2612604,8,Savana; Caatinga aberta,217_066,5.3
1814759968,c1441376-fc9c-3671-b965-7b31233a6a9d,-39.91482,-18.61541,2026-04-19 16:35:00+00:00,2026-04-19,NPP-375,SÃO MATEUS,ESPÍRITO SANTO,Brasil,1.16,-999.0,0.03,Mata Atlântica,33,32,3204906,8,Floresta Ombrófila densa,215_073,10.2
1814760127,c7674485-76fd-3c04-aa66-93dbdf3da558,-46.90094,-21.15101,2026-04-19 16:35:00+00:00,2026-04-19,NPP-375,MONTE SANTO DE MINAS,MINAS GERAIS,Brasil,0.0,2.0,0.57,Cerrado,33,31,3143203,8,Agricultura e diversos,220_075,6.7
1814760074,635b3bfb-eaf1-3439-b398-736b635e07bd,-51.38611,-27.1262,2026-04-19 16:35:00+00:00,2026-04-19,NPP-375,IBICARÉ,SANTA CATARINA,Brasil,0.0,3.0,0.12,Mata Atlântica,33,42,4206801,8,Florestas decíduas e sazonais,222_079,7.7
1814759671,eb5286a8-5b8a-34f8-9f07-141475806f43,-53.23014,-29.75733,2026-04-19 16:35:00+00:00,2026-04-19,NPP-375,AGUDO,RIO GRANDE DO SUL,Brasil,0.0,2.0,0.53,Mata Atlântica,33,43,4300109,8,Pastagens e gramíneas,222_081,4.1
1814760288,45175680-84ee-3cb1-93fe-45a4d6cef7a4,-46.25426,-19.78367,2026-04-19 16:35:00+00:00,2026-04-19,NPP-375,PRATINHA,MINAS GERAIS,Brasil,0.0,4.0,0.06,Cerrado,33,31,3153004,8,Florestas decíduas e sazonais,219_074,4.3
1814760281,994cf8b3-906b-38b2-b4d4-8fa2355c749c,-39.91348,-18.6226,2026-04-19 16:35:00+00:00,2026-04-19,NPP-375,SÃO MATEUS,ESPÍRITO SANTO,Brasil,1.27,-999.0,0.03,Mata Atlântica,33,32,3204906,8,Floresta Ombrófila densa,215_073,6.0
1814760057,784d7cb9-94cb-3a99-8c85-eebe18876519,-39.20766,-17.72818,2026-04-19 16:35:00+00:00,2026-04-19,NPP-375,CARAVELAS,BAHIA,Brasil,0.0,-999.0,0.72,Mata Atlântica,33,29,2906907,8,Pastagens e gramíneas,215_072,3.0
1814759687,b2a72384-3006-3fdc-93f9-132dd9b8918c,-46.90401,-21.14844,2026-04-19 16:35:00+00:00,2026-04-19,NPP-375,MONTE SANTO DE MINAS,MINAS GERAIS,Brasil,0.0,2.0,0.57,Cerrado,33,31,3143203,8,Agricultura e diversos,220_075,6.1
1814760296,b36ea587-16fb-3a3a-86dc-de1ab49a574a,-40.2922,-18.85723,2026-04-19 16:35:00+00:00,2026-04-19,NPP-375,VILA VALÉRIO,ESPÍRITO SANTO,Brasil,14.4,2.0,0.01,Mata Atlântica,33,32,3205176,8,Agricultura e diversos,216_073,7.9
1814759697,66605f65-9d95-3d64-98ea-c675c139fba3,-49.93655,-28.28365,2026-04-19 16:35:00+00:00,2026-04-19,NPP-375,SÃO JOAQUIM,SANTA CATARINA,Brasil,0.0,2.0,0.55,Mata Atlântica,33,42,4216503,8,Agricultura e diversos,220_080,1.0
1814759698,3a099178-cfce-3b4b-9fe1-fd4ddbff5604,-46.25538,-19.7865,2026-04-19 16:35:00+00:00,2026-04-19,NPP-375,PRATINHA,MINAS GERAIS,Brasil,0.0,4.0,0.06,Cerrado,33,31,3153004,8,Florestas decíduas e sazonais,219_074,6.0
1814759880,a368c2ff-c82f-3848-bf44-403df8505b38,-49.06046,-28.6952,2026-04-19 16:35:00+00:00,2026-04-19,NPP-375,JAGUARUNA,SANTA CATARINA,Brasil,0.0,3.0,0.79,Mata Atlântica,33,42,4208807,8,Agricultura e diversos,220_080,7.5
1814759883,2ea02d10-843a-3e3e-99de-ab5d85e7b60e,-50.71342,-27.51179,2026-04-19 16:35:00+00:00,2026-04-19,NPP-375,SÃO JOSÉ DO CERRITO,SANTA CATARINA,Brasil,0.0,3.0,0.52,Mata Atlântica,33,42,4216800,8,Savana arbórea; Caatinga fechada,221_079,11.3
1814759638,fab4bceb-1028-390d-bc59-f6f7267bbb13,-40.08423,-18.42759,2026-04-19 16:35:00+00:00,2026-04-19,NPP-375,PINHEIROS,ESPÍRITO SANTO,Brasil,0.0,2.0,0.56,Mata Atlântica,33,32,3204104,8,Agricultura e diversos,216_073,3.5
1814760248,5bb88019-fcbf-3462-b3d3-29269465dc39,-52.3457,-24.8548,2026-04-19 16:35:00+00:00,2026-04-19,NPP-375,PALMITAL,PARANÁ,Brasil,0.0,2.0,0.93,Mata Atlântica,33,41,4117800,8,Pastagens e gramíneas,222_077,3.8
1814759709,87854668-4805-3b73-bdab-ef955957bc23,-50.51222,-27.97849,2026-04-19 16:35:00+00:00,2026-04-19,NPP-375,CAPÃO ALTO,SANTA CATARINA,Brasil,0.0,4.0,0.5,Mata Atlântica,33,42,4203253,8,Savana; Caatinga aberta,221_079,3.7
1814759891,a85e09da-7bbf-395d-934a-74e9e4352442,-51.18731,-26.9102,2026-04-19 16:35:00+00:00,2026-04-19,NPP-375,VIDEIRA,SANTA CATARINA,Brasil,0.0,3.0,0.1,Mata Atlântica,33,42,4219309,8,Florestas decíduas e sazonais,221_079,2.7
1814760108,d3b5c477-c7c7-304e-a858-7b5bfcab87a2,-40.44412,-17.66564,2026-04-19 16:35:00+00:00,2026-04-19,NPP-375,NANUQUE,MINAS GERAIS,Brasil,0.0,0.0,0.06,Mata Atlântica,33,31,3144300,8,Floresta Ombrófila densa,216_072,2.4
1814759731,e2ec02d3-1a9d-3a19-ba4f-a507f6e91997,-39.9128,-18.62619,2026-04-19 16:35:00+00:00,2026-04-19,NPP-375,SÃO MATEUS,ESPÍRITO SANTO,Brasil,1.32,-999.0,0.03,Mata Atlântica,33,32,3204906,8,Floresta Ombrófila densa,215_073,2.9
1814760234,111d4a18-acf7-3750-8102-a43dde3e7f02,-53.07341,-30.84533,2026-04-19 16:35:00+00:00,2026-04-19,NPP-375,SANTANA DA BOA VISTA,RIO GRANDE DO SUL,Brasil,0.0,3.0,0.16,Pampa,33,43,4317004,8,Florestas decíduas e sazonais,222_081,1.8
1814759639,fe9aa3b9-e828-392e-8c70-acf2b4c3eeeb,-43.24574,-18.59605,2026-04-19 16:35:00+00:00,2026-04-19,NPP-375,SERRO,MINAS GERAIS,Brasil,0.0,2.0,0.04,Mata Atlântica,33,31,3167103,8,Floresta Ombrófila densa,218_073,3.9
1814760105,562346a0-bb9c-3f75-851b-ad2423fc364a,-43.24657,-18.59432,2026-04-19 16:35:00+00:00,2026-04-19,NPP-375,SERRO,MINAS GERAIS,Brasil,0.0,2.0,0.04,Mata Atlântica,33,31,3167103,8,Floresta Ombrófila densa,218_073,5.0
1814760233,0852bb23-e81b-39f0-8368-dd6971151ace,-40.43485,-19.24213,2026-04-19 16:35:00+00:00,2026-04-19,NPP-375,GOVERNADOR LINDENBERG,ESPÍRITO SANTO,Brasil,7.62,0.0,0.04,Mata Atlântica,33,32,3202256,8,Savana arbórea; Caatinga fechada,216_073,2.4
1814759741,067347dc-1b25-34fa-a6bc-8262157b37f8,-50.70993,-27.50969,2026-04-19 16:35:00+00:00,2026-04-19,NPP-375,SÃO JOSÉ DO CERRITO,SANTA CATARINA,Brasil,0.0,3.0,0.55,Mata Atlântica,33,42,4216800,8,Savana arbórea; Caatinga fechada,221_079,11.2
1814760226,aac9ade4-f890-3bc2-b325-abad883bf006,-44.20948,-20.4229,2026-04-19 16:35:00+00:00,2026-04-19,NPP-375,PIEDADE DOS GERAIS,MINAS GERAIS,Brasil,0.1,2.0,0.75,Mata Atlântica,33,31,3150406,8,Pastagens e gramíneas,218_074,3.0
1814759656,a4fff13f-8790-3d41-9c2e-f1a224ec3e3c,-51.38253,-27.12591,2026-04-19 16:35:00+00:00,2026-04-19,NPP-375,IBICARÉ,SANTA CATARINA,Brasil,0.0,3.0,0.13,Mata Atlântica,33,42,4206801,8,Florestas decíduas e sazonais,222_079,10.7
1814759758,b8362c62-cb9c-3a9e-8417-f3088b94ea15,-43.60193,-17.77047,2026-04-19 16:35:00+00:00,2026-04-19,NPP-375,DIAMANTINA,MINAS GERAIS,Brasil,0.0,8.0,0.37,Cerrado,33,31,3121605,8,Agricultura e diversos,218_072,2.1
1814760201,78b64b9f-1212-3a74-b9bd-8d856d819119,-50.51219,-27.97316,2026-04-19 16:35:00+00:00,2026-04-19,NPP-375,CAPÃO ALTO,SANTA CATARINA,Brasil,0.0,4.0,0.47,Mata Atlântica,33,42,4203253,8,Savana; Caatinga aberta,221_079,32.5
1814760049,3a0ed5f9-19a1-37b5-a967-641b55253e87,-49.05002,-28.09142,2026-04-19 16:35:00+00:00,2026-04-19,NPP-375,SÃO MARTINHO,SANTA CATARINA,Brasil,0.0,2.0,0.2,Mata Atlântica,33,42,4217105,8,Floresta Ombrófila densa,220_079,6.0
1814760197,1451816d-3915-3359-8285-cc427ce741a2,-49.34178,-25.09788,2026-04-19 16:35:00+00:00,2026-04-19,NPP-375,RIO BRANCO DO SUL,PARANÁ,Brasil,0.0,2.0,0.23,Mata Atlântica,33,41,4122206,8,Floresta Ombrófila densa,221_077,13.5
1814759771,3b174295-1dce-37d1-8934-07bce43d25aa,-42.03742,-18.30683,2026-04-19 16:35:00+00:00,2026-04-19,NPP-375,ITAMBACURI,MINAS GERAIS,Brasil,0.0,5.0,0.87,Mata Atlântica,33,31,3132701,8,Pastagens e gramíneas,217_073,0.4
1814760092,1362e083-153a-3bf0-8d57-d532d52b0712,-40.54351,-18.6535,2026-04-19 16:35:00+00:00,2026-04-19,NPP-375,VILA PAVÃO,ESPÍRITO SANTO,Brasil,19.89,4.0,0.0,Mata Atlântica,33,32,3205150,8,Pastagens e gramíneas,216_073,2.4
1814759917,5cd464cf-f26c-3732-8a45-9e19416eae45,-50.71336,-27.50996,2026-04-19 16:35:00+00:00,2026-04-19,NPP-375,SÃO JOSÉ DO CERRITO,SANTA CATARINA,Brasil,0.0,3.0,0.43,Mata Atlântica,33,42,4216800,8,Floresta de contato; Campinarana,221_079,11.2
1814759918,ee059b13-aaea-3e3a-9667-88b51fe180de,-40.53198,-18.64797,2026-04-19 16:35:00+00:00,2026-04-19,NPP-375,VILA PAVÃO,ESPÍRITO SANTO,Brasil,18.6,4.0,0.01,Mata Atlântica,33,32,3205150,8,Pastagens e gramíneas,216_073,7.5
1814760009,48a3827c-9d39-31a1-9450-991fecc43549,-42.34759,-17.7794,2026-04-19 16:35:00+00:00,2026-04-19,NPP-375,CAPELINHA,MINAS GERAIS,Brasil,0.0,6.0,0.06,Mata Atlântica,33,31,3112307,8,Florestas decíduas e sazonais,217_072,2.4
1814760294,3cfad6d9-7d22-3dc8-a687-86e69cd5ee75,-49.93776,-28.28124,2026-04-19 16:35:00+00:00,2026-04-19,NPP-375,SÃO JOAQUIM,SANTA CATARINA,Brasil,0.0,2.0,0.55,Mata Atlântica,33,42,4216503,8,Agricultura e diversos,220_080,1.2
1814759804,bc38269e-0fbf-3e12-bcea-612b9c69932e,-50.5158,-27.97879,2026-04-19 16:35:00+00:00,2026-04-19,NPP-375,CAPÃO ALTO,SANTA CATARINA,Brasil,0.0,4.0,0.41,Mata Atlântica,33,42,4203253,8,Savana arbórea; Caatinga fechada,221_079,2.8
1814759822,78f54117-fb8c-3598-8fb2-eca745e0515d,-50.71435,-27.5065,2026-04-19 16:35:00+00:00,2026-04-19,NPP-375,SÃO JOSÉ DO CERRITO,SANTA CATARINA,Brasil,0.0,3.0,0.23,Mata Atlântica,33,42,4216800,8,Florestas decíduas e sazonais,221_079,12.0
1814759574,523b4ca0-a871-33d2-9801-f7bd0fd7fef3,-49.3936,-25.175,2026-04-19 16:35:00+00:00,2026-04-19,NPP-375,RIO BRANCO DO SUL,PARANÁ,Brasil,0.0,2.0,0.22,Mata Atlântica,33,41,4122206,8,Floresta Ombrófila densa,221_077,15.7
1814759833,00aa8ad1-a769-349b-8f6a-56f39780418a,-40.82935,-19.38614,2026-04-19 16:35:00+00:00,2026-04-19,NPP-375,COLATINA,ESPÍRITO SANTO,Brasil,4.31,6.0,0.09,Mata Atlântica,33,32,3201506,8,Florestas decíduas e sazonais,216_073,2.7
1814759835,8e4583de-fdbc-3ca8-87e5-4b50ca9de00b,-40.96429,-19.03758,2026-04-19 16:35:00+00:00,2026-04-19,NPP-375,ALTO RIO NOVO,ESPÍRITO SANTO,Brasil,3.42,4.0,0.16,Mata Atlântica,33,32,3200359,8,Pastagens e gramíneas,216_073,3.3
1814760181,21b5291f-15eb-374b-8d1a-11d915aa3859,-49.05201,-28.08892,2026-04-19 16:35:00+00:00,2026-04-19,NPP-375,SÃO MARTINHO,SANTA CATARINA,Brasil,0.0,2.0,0.2,Mata Atlântica,33,42,4217105,8,Floresta Ombrófila densa,220_079,3.8
1814760165,082f4168-1afe-3dd5-8fcf-e31b5eed0041,-44.9553,-21.23891,2026-04-19 16:35:00+00:00,2026-04-19,NPP-375,IJACI,MINAS GERAIS,Brasil,0.86,0.0,0.73,Mata Atlântica,33,31,3130408,8,Pastagens e gramíneas,218_075,2.9
1814759624,ed8c74aa-f8fd-3ccc-a4ef-bd304f8e84ac,-51.18749,-26.91141,2026-04-19 16:35:00+00:00,2026-04-19,NPP-375,VIDEIRA,SANTA CATARINA,Brasil,0.0,3.0,0.11,Mata Atlântica,33,42,4219309,8,Florestas decíduas e sazonais,221_079,3.2
1814759562,5fcff80c-632c-3a1b-ab5f-2c6f777dfbd0,-48.65731,-24.55535,2026-04-19 16:35:00+00:00,2026-04-19,NPP-375,IPORANGA,SÃO PAULO,Brasil,0.0,0.0,0.11,Mata Atlântica,33,35,3521200,8,Floresta Ombrófila densa,220_077,4.0
1814759864,95fc92f3-0e78-3eaf-8f60-16abff4ae638,-46.20924,-18.69874,2026-04-19 16:35:00+00:00,2026-04-19,NPP-375,PATOS DE MINAS,MINAS GERAIS,Brasil,0.0,8.0,0.88,Cerrado,33,31,3148004,8,Pastagens e gramíneas,219_073,2.1
1814760135,d6aed74c-698a-39b6-bb82-813bd8063e51,-45.09572,-19.52576,2026-04-19 16:35:00+00:00,2026-04-19,NPP-375,MARTINHO CAMPOS,MINAS GERAIS,Brasil,0.51,2.0,0.62,Cerrado,33,31,3140506,8,Agricultura e diversos,219_073,2.8
1814760050,29b6efa7-d469-3469-818e-33d60de3c9c4,-49.39455,-25.17549,2026-04-19 16:35:00+00:00,2026-04-19,NPP-375,RIO BRANCO DO SUL,PARANÁ,Brasil,0.0,2.0,0.22,Mata Atlântica,33,41,4122206,8,Floresta Ombrófila densa,221_077,7.1
1814760299,644ce51b-84fe-3d60-b52f-0ad24ccd01ee,-47.99584,-23.64777,2026-04-19 16:37:00+00:00,2026-04-19,NPP-375,ITAPETININGA,SÃO PAULO,Brasil,0.0,6.0,0.64,Cerrado,33,35,3522307,8,Savana arbórea; Caatinga fechada,220_076,4.6
1814759561,748c2239-b518-33d9-9820-09bb5ae3d7c4,-51.54921,-24.18213,2026-04-19 16:37:00+00:00,2026-04-19,NPP-375,IVAIPORÃ,PARANÁ,Brasil,0.0,2.0,0.99,Mata Atlântica,33,41,4111506,8,Pastagens e gramíneas,222_077,0.6
1814759564,fe2615f9-6c14-370d-a871-c64cb8c677bb,-39.23536,-13.33444,2026-04-19 16:37:00+00:00,2026-04-19,NPP-375,VALENÇA,BAHIA,Brasil,0.2,0.0,0.02,Mata Atlântica,33,29,2932903,8,Florestas decíduas e sazonais,216_069,4.9
1814759565,d3da3216-d749-3831-aaf3-8b871be726bb,-37.1853,-8.82512,2026-04-19 16:37:00+00:00,2026-04-19,NPP-375,TUPANATINGA,PERNAMBUCO,Brasil,0.6,4.0,1.0,Caatinga,33,26,2615805,8,Pastagens e gramíneas,215_066,9.6
1814759570,34f69794-e603-3ca1-b3cf-4212d5d393c6,-40.95749,-15.2014,2026-04-19 16:37:00+00:00,2026-04-19,NPP-375,VITÓRIA DA CONQUISTA,BAHIA,Brasil,0.0,6.0,0.21,Mata Atlântica,33,29,2933307,8,Floresta de contato; Campinarana,217_070,3.5
1814759578,0589ecd3-3082-3470-8918-cfa3736bd291,-50.76151,-17.4957,2026-04-19 16:37:00+00:00,2026-04-19,NPP-375,RIO VERDE,GOIÁS,Brasil,0.0,9.0,0.92,Cerrado,33,52,5218805,8,Pastagens e gramíneas,223_072,7.8
1814759581,05d58852-4d9a-306a-8f60-29ff7cd433bf,-43.78278,-13.1903,2026-04-19 16:37:00+00:00,2026-04-19,NPP-375,SANTANA,BAHIA,Brasil,4.43,7.0,0.56,Cerrado,33,29,2928208,8,Agricultura e diversos,219_069,2.7
1814759596,6724d656-139e-327d-afae-c4c1b51e477d,-40.51045,-10.71972,2026-04-19 16:37:00+00:00,2026-04-19,NPP-375,MIRANGABA,BAHIA,Brasil,3.16,5.0,0.33,Caatinga,33,29,2921401,8,Savana arbórea; Caatinga fechada,217_067,8.5
1814759602,2aadf8b2-c75a-3f7f-a043-5c2eb01f3ee7,-37.98211,-12.2972,2026-04-19 16:37:00+00:00,2026-04-19,NPP-375,ITANAGRA,BAHIA,Brasil,0.1,-999.0,0.28,Mata Atlântica,33,29,2915908,8,Floresta de contato; Campinarana,215_069,7.4
1814759634,5c10272a-3f2f-3eda-9cf7-56d6a9f7f645,-43.61396,-13.32342,2026-04-19 16:37:00+00:00,2026-04-19,NPP-375,SERRA DO RAMALHO,BAHIA,Brasil,0.56,8.0,1.0,Cerrado,33,29,2930154,8,Pastagens e gramíneas,219_069,10.5
1814759643,1384628c-8f1e-3372-8916-7197ed7f7e93,-37.83392,-11.95285,2026-04-19 16:37:00+00:00,2026-04-19,NPP-375,ESPLANADA,BAHIA,Brasil,0.0,-999.0,0.24,Mata Atlântica,33,29,2910602,8,Florestas decíduas e sazonais,215_068,11.3
1814759646,a0a8f322-5b80-3d5d-bf15-ee29bf7d8af6,-37.18221,-8.82422,2026-04-19 16:37:00+00:00,2026-04-19,NPP-375,TUPANATINGA,PERNAMBUCO,Brasil,0.59,4.0,0.99,Caatinga,33,26,2615805,8,Pastagens e gramíneas,215_066,6.5
1814759647,4142d5ed-2728-3980-95bf-7cfeb1913d9c,-37.83739,-11.95208,2026-04-19 16:37:00+00:00,2026-04-19,NPP-375,ESPLANADA,BAHIA,Brasil,0.0,-999.0,0.35,Mata Atlântica,33,29,2910602,8,Floresta de contato; Campinarana,215_068,5.5
1814759650,9c6d3c74-5fd4-3db3-90f4-f395b0eddaa1,-37.92773,-10.8132,2026-04-19 16:37:00+00:00,2026-04-19,NPP-375,SIMÃO DIAS,SERGIPE,Brasil,0.0,4.0,0.67,Caatinga,33,28,2807105,8,Savana; Caatinga aberta,215_068,3.6
1814759659,eb3ed8d7-31bf-3789-a1c2-35c248c5d2e4,-37.98291,-12.2954,2026-04-19 16:37:00+00:00,2026-04-19,NPP-375,ITANAGRA,BAHIA,Brasil,0.1,-999.0,0.15,Mata Atlântica,33,29,2915908,8,Florestas decíduas e sazonais,215_069,6.1
1814759661,a57cad9c-8d60-326c-b10e-c5f5cae7390e,-43.54034,-14.82232,2026-04-19 16:37:00+00:00,2026-04-19,NPP-375,MATIAS CARDOSO,MINAS GERAIS,Brasil,0.0,10.0,1.0,Cerrado,33,31,3140852,8,Pastagens e gramíneas,218_070,3.2
1814759667,bd3c1728-5db4-3d04-8459-817cd11720b5,-49.84386,-23.67382,2026-04-19 16:37:00+00:00,2026-04-19,NPP-375,SIQUEIRA CAMPOS,PARANÁ,Brasil,0.0,2.0,0.97,Mata Atlântica,33,41,4126603,8,Pastagens e gramíneas,221_076,5.0
1814759674,2dd64faf-bd7e-33f2-ac88-3df834554583,-44.03261,-13.46916,2026-04-19 16:37:00+00:00,2026-04-19,NPP-375,SÃO FÉLIX DO CORIBE,BAHIA,Brasil,0.6,1.0,0.29,Cerrado,33,29,2929057,8,Savana arbórea; Caatinga fechada,219_069,28.7
1814759701,e0ba0ec2-76b5-3d6b-ab97-b10bbeed0cae,-40.16855,-10.2122,2026-04-19 16:37:00+00:00,2026-04-19,NPP-375,JAGUARARI,BAHIA,Brasil,1.15,6.0,1.0,Caatinga,33,29,2917706,8,Pastagens e gramíneas,217_067,12.8
1814759706,c950f8b0-5955-386e-9846-d3fe8ae31a4d,-53.45989,-12.25034,2026-04-19 16:37:00+00:00,2026-04-19,NPP-375,GAÚCHA DO NORTE,MATO GROSSO,Brasil,5.15,3.0,0.0,Amazônia,33,51,5103858,8,Floresta Ombrófila densa,225_068,0.1
1814759734,1253c0c8-b72c-35e5-8011-8689688a96af,-45.18665,-14.90453,2026-04-19 16:37:00+00:00,2026-04-19,NPP-375,BONITO DE MINAS,MINAS GERAIS,Brasil,0.0,3.0,0.25,Cerrado,33,31,3108255,8,Savana; Caatinga aberta,219_070,5.9
1814759737,fabd7f6e-5aaf-3fe3-a77d-6abaab8aafe6,-48.88156,-23.95169,2026-04-19 16:37:00+00:00,2026-04-19,NPP-375,ITAPEVA,SÃO PAULO,Brasil,0.0,3.0,1.0,Cerrado,33,35,3522406,8,Agricultura e diversos,220_077,7.6
1814759745,e5bcdf4b-2dd9-3499-9c74-78dc76355b82,-39.49522,-10.24203,2026-04-19 16:37:00+00:00,2026-04-19,NPP-375,MONTE SANTO,BAHIA,Brasil,2.4,7.0,0.65,Caatinga,33,29,2921500,8,Savana arbórea; Caatinga fechada,216_067,12.7
1814759749,e63ed028-b1bb-378d-bc26-d564d9850ff1,-43.09832,-16.96279,2026-04-19 16:37:00+00:00,2026-04-19,NPP-375,BOTUMIRIM,MINAS GERAIS,Brasil,0.0,7.0,0.17,Cerrado,33,31,3108503,8,Savana arbórea; Caatinga fechada,218_072,3.0
1814759763,7d072121-4a86-321e-9edf-bd64d42a7240,-37.83305,-11.95734,2026-04-19 16:37:00+00:00,2026-04-19,NPP-375,ESPLANADA,BAHIA,Brasil,0.0,-999.0,0.17,Mata Atlântica,33,29,2910602,8,Floresta Ombrófila densa,215_068,11.3
1814759767,42820815-807a-3936-8175-b0aed5b8105a,-43.61451,-13.32008,2026-04-19 16:37:00+00:00,2026-04-19,NPP-375,SERRA DO RAMALHO,BAHIA,Brasil,0.6,8.0,1.0,Cerrado,33,29,2930154,8,Pastagens e gramíneas,219_069,2.3
1814759793,16e6a365-d8cf-3887-98b4-4b96967a6a6c,-39.33493,-15.44923,2026-04-19 16:37:00+00:00,2026-04-19,NPP-375,SANTA LUZIA,BAHIA,Brasil,0.0,5.0,0.62,Mata Atlântica,33,29,2928059,8,Savana; Caatinga aberta,215_071,6.3
1814759820,9b0ecad4-4317-3043-9cb0-ab9cbac7799a,-46.83441,-17.16645,2026-04-19 16:37:00+00:00,2026-04-19,NPP-375,PARACATU,MINAS GERAIS,Brasil,0.0,9.0,1.0,Cerrado,33,31,3147006,8,Pastagens e gramíneas,220_072,3.4
1814759836,f0fcac98-ba92-345a-a7dc-e2f14a09842e,-44.41221,-15.49571,2026-04-19 16:37:00+00:00,2026-04-19,NPP-375,JANUÁRIA,MINAS GERAIS,Brasil,0.0,9.0,0.96,Caatinga,33,31,3135209,8,Pastagens e gramíneas,219_071,3.7
1814759843,7143a94d-ddac-3315-bbab-c1c639070a54,-40.6836,-16.1636,2026-04-19 16:37:00+00:00,2026-04-19,NPP-375,ALMENARA,MINAS GERAIS,Brasil,0.0,7.0,1.0,Mata Atlântica,33,31,3101706,8,Corpos agua/Solos expostos/Mineracao/Areas urbanas e construidas/neve e gelo,216_071,3.1
1814759858,b2e40ef2-10aa-333e-bf72-e71789e54f3c,-37.82764,-11.96101,2026-04-19 16:37:00+00:00,2026-04-19,NPP-375,ESPLANADA,BAHIA,Brasil,0.0,-999.0,0.28,Mata Atlântica,33,29,2910602,8,Florestas decíduas e sazonais,215_068,6.8
1814759859,de12ca23-0f2a-317d-8648-f005c7750892,-41.10962,-21.36958,2026-04-19 16:37:00+00:00,2026-04-19,NPP-375,SÃO FRANCISCO DE ITABAPOANA,RIO DE JANEIRO,Brasil,13.03,5.0,0.06,Mata Atlântica,33,33,3304755,8,Agricultura e diversos,216_075,3.0
1814759865,083d2090-1210-3926-a3a0-2329a029796e,-38.41318,-10.43335,2026-04-19 16:37:00+00:00,2026-04-19,NPP-375,NOVO TRIUNFO,BAHIA,Brasil,0.41,3.0,0.95,Caatinga,33,29,2923050,8,Pastagens e gramíneas,216_067,7.4
1814759879,87228cdd-0540-395c-a7a1-2a0376a2a23b,-48.87943,-23.95065,2026-04-19 16:37:00+00:00,2026-04-19,NPP-375,ITAPEVA,SÃO PAULO,Brasil,0.0,3.0,1.0,Cerrado,33,35,3522406,8,Agricultura e diversos,220_077,3.9
1814759888,67e523f4-9313-3491-aade-c9c30b572dc3,-40.15635,-10.57135,2026-04-19 16:37:00+00:00,2026-04-19,NPP-375,SENHOR DO BONFIM,BAHIA,Brasil,1.27,5.0,0.92,Caatinga,33,29,2930105,8,Pastagens e gramíneas,217_067,4.4
1814759893,bfc8cd73-6a95-3776-8cb6-e677fcef2fa6,-39.47572,-10.97464,2026-04-19 16:37:00+00:00,2026-04-19,NPP-375,QUEIMADAS,BAHIA,Brasil,0.0,15.0,1.0,Caatinga,33,29,2925808,8,Agricultura e diversos,216_068,7.7
1814759898,632c9e43-5ab7-3c15-9ae0-4eb49bd141b6,-42.9434,-13.82585,2026-04-19 16:37:00+00:00,2026-04-19,NPP-375,MATINA,BAHIA,Brasil,0.1,3.0,0.72,Caatinga,33,29,2921054,8,Agricultura e diversos,218_070,8.6
1814759910,1dabcdee-0fc0-3bff-85d0-2c034827cdb8,-41.15149,-21.50554,2026-04-19 16:37:00+00:00,2026-04-19,NPP-375,SÃO FRANCISCO DE ITABAPOANA,RIO DE JANEIRO,Brasil,18.23,0.0,0.02,Mata Atlântica,33,33,3304755,8,Pastagens e gramíneas,216_075,5.4
1814759911,f1a1b57d-6645-3489-8909-2f6aa87d955c,-37.83199,-11.95578,2026-04-19 16:37:00+00:00,2026-04-19,NPP-375,ESPLANADA,BAHIA,Brasil,0.0,-999.0,0.17,Mata Atlântica,33,29,2910602,8,Floresta Ombrófila densa,215_068,9.7
1814759916,aa80b974-2fcc-37f5-9619-a1d46bac3158,-47.57397,-15.41923,2026-04-19 16:37:00+00:00,2026-04-19,NPP-375,PLANALTINA,GOIÁS,Brasil,0.9,8.0,0.22,Cerrado,33,52,5217609,8,Savana; Caatinga aberta,221_071,3.5
1814759927,2e7245cd-dde6-3f71-b7ec-50ef5d8e3fb0,-37.83653,-11.95658,2026-04-19 16:37:00+00:00,2026-04-19,NPP-375,ESPLANADA,BAHIA,Brasil,0.0,-999.0,0.17,Mata Atlântica,33,29,2910602,8,Floresta Ombrófila densa,215_068,20.8
1814759934,5c1c8ab7-cbdf-3c91-bb90-1ba912386efe,-41.32762,-13.25361,2026-04-19 16:37:00+00:00,2026-04-19,NPP-375,MUCUGÊ,BAHIA,Brasil,0.31,0.0,0.06,Caatinga,33,29,2921906,8,Florestas decíduas e sazonais,217_069,3.8
1814759945,2c4a5737-305d-3c89-95b4-953e9479d735,-37.85583,-10.25575,2026-04-19 16:37:00+00:00,2026-04-19,NPP-375,CORONEL JOÃO SÁ,BAHIA,Brasil,0.39,4.0,0.9,Caatinga,33,29,2909208,8,Agricultura e diversos,215_067,11.6
1814759950,55f195d8-39df-39ab-9f17-7e027caba03f,-46.83308,-17.16773,2026-04-19 16:37:00+00:00,2026-04-19,NPP-375,PARACATU,MINAS GERAIS,Brasil,0.0,9.0,1.0,Cerrado,33,31,3147006,8,Pastagens e gramíneas,220_072,3.8
1814759954,d2fb9e2d-8b4e-3840-8ae4-431ed5eb11a4,-39.06415,-11.72862,2026-04-19 16:37:00+00:00,2026-04-19,NPP-375,SERRINHA,BAHIA,Brasil,0.0,4.0,1.0,Caatinga,33,29,2930501,8,Pastagens e gramíneas,216_068,2.6
1814759981,af7e0325-4a11-3866-9fd9-0b1741c3b8d3,-42.37397,-14.92557,2026-04-19 16:37:00+00:00,2026-04-19,NPP-375,JACARACI,BAHIA,Brasil,0.0,9.0,0.43,Caatinga,33,29,2917409,8,Savana; Caatinga aberta,218_070,2.7
1814759987,244273b0-6d62-3d2e-8c2c-8bc891ca0781,-38.97515,-16.00419,2026-04-19 16:37:00+00:00,2026-04-19,NPP-375,BELMONTE,BAHIA,Brasil,0.0,-999.0,0.62,Mata Atlântica,33,29,2903409,8,Savana; Caatinga aberta,215_071,3.7
1814760003,400f4416-11e4-3db3-81b3-d15f8f57fb5e,-37.54587,-11.5295,2026-04-19 16:37:00+00:00,2026-04-19,NPP-375,INDIAROBA,SERGIPE,Brasil,0.08,-999.0,1.0,Mata Atlântica,33,28,2802809,8,Pastagens e gramíneas,215_068,5.9
1814760008,dfc383f0-c561-3be4-9b9e-534d7fb77195,-44.81534,-17.7106,2026-04-19 16:37:00+00:00,2026-04-19,NPP-375,VÁRZEA DA PALMA,MINAS GERAIS,Brasil,0.0,6.0,0.79,Cerrado,33,31,3170800,8,Pastagens e gramíneas,219_072,3.1
1814760013,686acefa-aea1-342f-931f-a3ed8682b32e,-50.761,-17.50042,2026-04-19 16:37:00+00:00,2026-04-19,NPP-375,RIO VERDE,GOIÁS,Brasil,0.0,9.0,0.58,Cerrado,33,52,5218805,8,Savana; Caatinga aberta,223_072,10.5
1814760026,cafc2726-6b4f-3b2c-9539-2d3c1177adb1,-43.9641,-22.37194,2026-04-19 16:37:00+00:00,2026-04-19,NPP-375,BARRA DO PIRAÍ,RIO DE JANEIRO,Brasil,0.47,0.0,0.29,Mata Atlântica,33,33,3300308,8,Agricultura e diversos,217_076,8.2
1814760038,413594b8-6a2d-357a-8456-13e8bdfb3a9f,-40.32131,-10.81565,2026-04-19 16:37:00+00:00,2026-04-19,NPP-375,PINDOBAÇU,BAHIA,Brasil,0.22,5.0,1.0,Caatinga,33,29,2924603,8,Pastagens e gramíneas,217_067,4.8
1814760046,774d584a-4658-3895-a2f2-9177abbd1325,-44.02851,-13.47195,2026-04-19 16:37:00+00:00,2026-04-19,NPP-375,SÃO FÉLIX DO CORIBE,BAHIA,Brasil,0.6,1.0,0.29,Cerrado,33,29,2929057,8,Savana; Caatinga aberta,219_069,11.3
1814760052,97481d8c-e764-3feb-82bc-87f77bf14850,-39.06335,-11.73279,2026-04-19 16:37:00+00:00,2026-04-19,NPP-375,SERRINHA,BAHIA,Brasil,0.0,4.0,1.0,Caatinga,33,29,2930501,8,Pastagens e gramíneas,216_068,2.6
1814760090,576371cd-006d-364d-8428-731792678846,-40.51515,-10.72051,2026-04-19 16:37:00+00:00,2026-04-19,NPP-375,MIRANGABA,BAHIA,Brasil,3.16,5.0,0.33,Caatinga,33,29,2921401,8,Savana arbórea; Caatinga fechada,217_067,5.5
1814760109,87024dfa-23f2-3a82-b986-3d6aa451a172,-43.53675,-14.82177,2026-04-19 16:37:00+00:00,2026-04-19,NPP-375,MATIAS CARDOSO,MINAS GERAIS,Brasil,0.0,10.0,0.83,Cerrado,33,31,3140852,8,Pastagens e gramíneas,218_070,3.2
1814760122,edab89bd-6693-3877-816d-71210cb69b7d,-39.2407,-15.61749,2026-04-19 16:37:00+00:00,2026-04-19,NPP-375,MASCOTE,BAHIA,Brasil,0.0,6.0,0.12,Mata Atlântica,33,29,2920908,8,Floresta Ombrófila densa,215_071,3.6
1814760142,5ee7d6ae-bb25-3ce5-b958-cfd9d7d80720,-37.83757,-11.95817,2026-04-19 16:37:00+00:00,2026-04-19,NPP-375,ESPLANADA,BAHIA,Brasil,0.0,-999.0,0.17,Mata Atlântica,33,29,2910602,8,Floresta Ombrófila densa,215_068,13.5
1814760176,2f2bfe67-9876-3034-b925-2f38b0c30bc1,-52.05441,-14.25281,2026-04-19 16:37:00+00:00,2026-04-19,NPP-375,NOVA NAZARÉ,MATO GROSSO,Brasil,0.99,2.0,0.08,Cerrado,33,51,5106174,8,Floresta Ombrófila densa,224_070,7.5
1814760188,be94749f-94b9-384a-b673-2118ceaef03e,-39.47642,-10.97053,2026-04-19 16:37:00+00:00,2026-04-19,NPP-375,QUEIMADAS,BAHIA,Brasil,0.0,15.0,1.0,Caatinga,33,29,2925808,8,Agricultura e diversos,216_068,5.4
1814760193,51f5ac94-b97f-32ff-9052-f6649fd85541,-40.95738,-15.19969,2026-04-19 16:37:00+00:00,2026-04-19,NPP-375,VITÓRIA DA CONQUISTA,BAHIA,Brasil,0.0,6.0,0.27,Mata Atlântica,33,29,2933307,8,Floresta de contato; Campinarana,217_070,5.0
1814760205,55fe3b4a-3429-3081-ba23-f96e726ff571,-50.76047,-17.50514,2026-04-19 16:37:00+00:00,2026-04-19,NPP-375,RIO VERDE,GOIÁS,Brasil,0.0,10.0,0.21,Cerrado,33,52,5218805,8,Florestas decíduas e sazonais,223_072,10.5
1814760207,cef1f746-528a-3437-ae29-644f2860c64b,-39.20532,-10.91451,2026-04-19 16:37:00+00:00,2026-04-19,NPP-375,QUIJINGUE,BAHIA,Brasil,0.0,4.0,1.0,Caatinga,33,29,2925907,8,Pastagens e gramíneas,216_068,7.7
1814760214,db885cb5-a901-3893-a44e-263b78787479,-42.28213,-15.75577,2026-04-19 16:37:00+00:00,2026-04-19,NPP-375,RIO PARDO DE MINAS,MINAS GERAIS,Brasil,0.0,7.0,0.17,Cerrado,33,31,3155603,8,Florestas decíduas e sazonais,217_071,10.5
1814760215,cc72d2f3-8457-3db1-9a9d-7e6e3a03cce9,-37.8311,-11.96027,2026-04-19 16:37:00+00:00,2026-04-19,NPP-375,ESPLANADA,BAHIA,Brasil,0.0,-999.0,0.17,Mata Atlântica,33,29,2910602,8,Floresta Ombrófila densa,215_068,9.7
1814760217,c716cd14-d68c-3e28-b612-5118903f7b98,-40.6045,-11.60547,2026-04-19 16:37:00+00:00,2026-04-19,NPP-375,PIRITIBA,BAHIA,Brasil,0.0,14.0,0.96,Caatinga,33,29,2924801,8,Pastagens e gramíneas,217_068,5.7
1814760232,7763415b-eefc-30e2-a6e8-fa5b24d16ec8,-43.96423,-22.3699,2026-04-19 16:37:00+00:00,2026-04-19,NPP-375,BARRA DO PIRAÍ,RIO DE JANEIRO,Brasil,0.45,0.0,0.21,Mata Atlântica,33,33,3300308,8,Savana arbórea; Caatinga fechada,217_076,7.4
1814760237,9a4fb814-70b2-3b1a-8ab4-b9c49b05f4a2,-37.83216,-11.96183,2026-04-19 16:37:00+00:00,2026-04-19,NPP-375,ESPLANADA,BAHIA,Brasil,0.0,-999.0,0.17,Mata Atlântica,33,29,2910602,8,Floresta Ombrófila densa,215_068,6.8
1814760245,d6d701b5-f243-3e52-83c4-1d543ab9aeca,-46.49043,-17.78753,2026-04-19 16:37:00+00:00,2026-04-19,NPP-375,LAGOA GRANDE,MINAS GERAIS,Brasil,0.0,7.0,1.0,Cerrado,33,31,3137536,8,Pastagens e gramíneas,220_072,7.1
1814760249,26962dfb-2dc4-3e7f-bc09-a0ce88c3fb59,-40.17007,-10.30819,2026-04-19 16:37:00+00:00,2026-04-19,NPP-375,JAGUARARI,BAHIA,Brasil,0.3,6.0,0.95,Caatinga,33,29,2917706,8,Agricultura e diversos,217_067,5.8
1814760251,42784313-8eb4-3ec3-b3ee-1517d40d2d33,-42.3702,-14.92496,2026-04-19 16:37:00+00:00,2026-04-19,NPP-375,JACARACI,BAHIA,Brasil,0.0,9.0,0.42,Caatinga,33,29,2917409,8,Savana arbórea; Caatinga fechada,218_070,3.2
1814760254,f72c5aaa-d7c4-3586-bc01-a8b4dcfd9f80,-39.05033,-11.28963,2026-04-19 16:37:00+00:00,2026-04-19,NPP-375,ARACI,BAHIA,Brasil,0.0,4.0,0.99,Caatinga,33,29,2902104,8,Pastagens e gramíneas,216_068,2.7
1814760267,5ba15e43-4908-3a43-a58e-ec1691e2f6ed,-48.8845,-23.95121,2026-04-19 16:37:00+00:00,2026-04-19,NPP-375,ITAPEVA,SÃO PAULO,Brasil,0.0,3.0,1.0,Cerrado,33,35,3522406,8,Agricultura e diversos,220_077,3.6
1814760292,8973d6e1-abe2-32a0-a110-fa183b8e86dd,-44.03208,-13.4725,2026-04-19 16:37:00+00:00,2026-04-19,NPP-375,SÃO FÉLIX DO CORIBE,BAHIA,Brasil,0.6,2.0,0.3,Cerrado,33,29,2929057,8,Savana arbórea; Caatinga fechada,219_069,28.7
1814760308,d4365016-f3cf-3cdb-a983-12c6e838b137,-50.84173,-16.44495,2026-04-19 16:37:00+00:00,2026-04-19,NPP-375,ISRAELÂNDIA,GOIÁS,Brasil,0.1,8.0,0.09,Cerrado,33,52,5210307,8,Savana; Caatinga aberta,223_071,5.0
1814760313,692600e2-f46b-3c83-9a94-6d56e10fc475,-46.17767,-23.35792,2026-04-19 16:37:00+00:00,2026-04-19,NPP-375,MOGI DAS CRUZES,SÃO PAULO,Brasil,0.0,0.0,0.74,Mata Atlântica,33,35,3530607,8,Agricultura e diversos,219_076,2.4
1814760323,3a3eb469-1dc3-301f-ac0a-d6b89a803765,-38.41397,-10.43123,2026-04-19 16:37:00+00:00,2026-04-19,NPP-375,NOVO TRIUNFO,BAHIA,Brasil,0.42,3.0,0.9,Caatinga,33,29,2923050,8,Pastagens e gramíneas,216_067,6.5
1814760120,eccca1f2-e131-3c84-b23c-2733fa9c45d9,-49.84322,-10.36452,2026-04-19 16:39:00+00:00,2026-04-19,NPP-375,PIUM,TOCANTINS,Brasil,1.73,0.0,0.0,Cerrado,33,17,1717503,8,Savana arbórea; Caatinga fechada,223_067,4.6
1814760098,65055de9-d072-3b38-8f8b-e8cd1e5c1baa,-44.41024,-7.73301,2026-04-19 16:39:00+00:00,2026-04-19,NPP-375,URUÇUÍ,PIAUÍ,Brasil,5.0,3.0,0.05,Cerrado,33,22,2211209,8,Savana arbórea; Caatinga fechada,220_065,3.5
1814759762,32b601ab-4111-3756-8739-b04d13c25a3f,-49.83406,-10.50858,2026-04-19 16:39:00+00:00,2026-04-19,NPP-375,PIUM,TOCANTINS,Brasil,1.51,0.0,0.01,Cerrado,33,17,1717503,8,Pastagens e gramíneas,223_067,3.8
1814759681,2877fd9d-d62b-3869-aa11-948f72b475b8,-60.17027,4.63138,2026-04-19 16:43:00+00:00,2026-04-19,NPP-375,UIRAMUTÃ,RORAIMA,Brasil,1.04,0.0,0.48,Amazônia,33,14,1400704,8,Agricultura e diversos,232_057,14.1
1814759932,9de599bd-d894-3d1d-9a9f-939be86285cc,-60.16643,4.6304,2026-04-19 16:43:00+00:00,2026-04-19,NPP-375,UIRAMUTÃ,RORAIMA,Brasil,1.01,0.0,0.46,Amazônia,33,14,1400704,8,Agricultura e diversos,232_057,9.0
1814762253,194adfdb-038f-396c-871d-74684c709c37,-53.07311,-30.84796,2026-04-19 16:54:00+00:00,2026-04-19,NOAA-20,SANTANA DA BOA VISTA,RIO GRANDE DO SUL,Brasil,0.0,3.0,0.22,Pampa,33,43,4317004,8,Florestas decíduas e sazonais,222_081,9.4
1814761383,bfc24445-dbf1-3e94-9eef-159e7b7a3a32,-50.5132,-27.97365,2026-04-19 16:54:00+00:00,2026-04-19,NOAA-20,CAPÃO ALTO,SANTA CATARINA,Brasil,0.0,4.0,0.43,Mata Atlântica,33,42,4203253,8,Savana arbórea; Caatinga fechada,221_079,30.0
1814760971,57aaab87-12cc-32a3-ad55-4f4a30432822,-50.51476,-27.97753,2026-04-19 16:54:00+00:00,2026-04-19,NOAA-20,CAPÃO ALTO,SANTA CATARINA,Brasil,0.0,4.0,0.41,Mata Atlântica,33,42,4203253,8,Savana arbórea; Caatinga fechada,221_079,7.9
1814762087,756a4b31-9e95-33de-8547-7d606b76be0b,-49.35356,-25.4648,2026-04-19 16:54:00+00:00,2026-04-19,NOAA-20,CURITIBA,PARANÁ,Brasil,0.0,2.0,-999.0,Mata Atlântica,33,41,4106902,8,Corpos agua/Solos expostos/Mineracao/Areas urbanas e construidas/neve e gelo,220_078,3.6
1814761434,40b7d0c1-bbe4-3fb4-a5a6-793d1ead9ce2,-49.37539,-25.72949,2026-04-19 16:54:00+00:00,2026-04-19,NOAA-20,ARAUCÁRIA,PARANÁ,Brasil,0.0,1.0,0.82,Mata Atlântica,33,41,4101804,8,Savana; Caatinga aberta,220_078,3.3
1814761779,4999c640-5e44-3e17-9250-28f0a97898ea,-53.07233,-30.84687,2026-04-19 16:54:00+00:00,2026-04-19,NOAA-20,SANTANA DA BOA VISTA,RIO GRANDE DO SUL,Brasil,0.0,3.0,0.2,Pampa,33,43,4317004,8,Florestas decíduas e sazonais,222_081,11.7
1814761771,35c20eba-0dac-3a7f-9c3a-582fc3eede0a,-50.17854,-26.53072,2026-04-19 16:54:00+00:00,2026-04-19,NOAA-20,PAPANDUVA,SANTA CATARINA,Brasil,0.0,3.0,0.16,Mata Atlântica,33,42,4212205,8,Floresta Ombrófila densa,221_078,1.9
1814761474,18229fa4-0900-3c31-b561-3f9b197e916a,-51.18932,-26.91095,2026-04-19 16:54:00+00:00,2026-04-19,NOAA-20,VIDEIRA,SANTA CATARINA,Brasil,0.0,3.0,0.07,Mata Atlântica,33,42,4219309,8,Florestas decíduas e sazonais,221_079,2.7
1814761755,3372a3df-5961-32fa-af6b-db2f26bf1ef5,-50.17536,-26.53364,2026-04-19 16:54:00+00:00,2026-04-19,NOAA-20,PAPANDUVA,SANTA CATARINA,Brasil,0.0,3.0,0.16,Mata Atlântica,33,42,4212205,8,Floresta Ombrófila densa,221_078,4.4
1814761714,40678120-1127-38fd-8a41-c0205d0d5d89,-49.05044,-28.09126,2026-04-19 16:54:00+00:00,2026-04-19,NOAA-20,SÃO MARTINHO,SANTA CATARINA,Brasil,0.0,2.0,0.2,Mata Atlântica,33,42,4217105,8,Floresta Ombrófila densa,220_079,11.8
1814762239,2c5c5cd6-0fdc-32bf-ad55-685d80136624,-49.37133,-25.72892,2026-04-19 16:54:00+00:00,2026-04-19,NOAA-20,ARAUCÁRIA,PARANÁ,Brasil,0.0,2.0,0.96,Mata Atlântica,33,41,4101804,8,Agricultura e diversos,220_078,4.6
1814761522,9f26902b-570d-3970-8700-5d464e90e702,-48.84047,-25.07092,2026-04-19 16:54:00+00:00,2026-04-19,NOAA-20,BOCAIÚVA DO SUL,PARANÁ,Brasil,0.0,2.0,0.04,Mata Atlântica,33,41,4103107,8,Floresta Ombrófila densa,220_077,2.6
1814760855,1571a2dc-3c65-3837-a613-2b912c0b0f0a,-51.38129,-27.12658,2026-04-19 16:54:00+00:00,2026-04-19,NOAA-20,IBICARÉ,SANTA CATARINA,Brasil,0.0,3.0,0.17,Mata Atlântica,33,42,4206801,8,Florestas decíduas e sazonais,222_079,18.3
1814761690,3c79d316-9d3c-398b-a488-a0df85c8cdaf,-49.77019,-27.67072,2026-04-19 16:54:00+00:00,2026-04-19,NOAA-20,BOM RETIRO,SANTA CATARINA,Brasil,0.0,2.0,0.5,Mata Atlântica,33,42,4202602,8,Savana arbórea; Caatinga fechada,220_079,1.8
1814760950,b8c0b408-c2b0-308f-b096-56e2b6b7614c,-51.53273,-26.87224,2026-04-19 16:54:00+00:00,2026-04-19,NOAA-20,ÁGUA DOCE,SANTA CATARINA,Brasil,0.0,3.0,0.07,Mata Atlântica,33,42,4200408,8,Floresta Ombrófila densa,222_079,0.5
1814761647,cb5781b5-6d88-3924-9b52-aad3b592f49e,-50.77515,-27.18586,2026-04-19 16:54:00+00:00,2026-04-19,NOAA-20,FREI ROGÉRIO,SANTA CATARINA,Brasil,0.0,3.0,0.53,Mata Atlântica,33,42,4205555,8,Savana arbórea; Caatinga fechada,221_079,3.9
1814760878,07b452e9-5e9e-36c3-bf66-15aa733f1ce8,-49.29144,-28.19338,2026-04-19 16:54:00+00:00,2026-04-19,NOAA-20,GRÃO PARÁ,SANTA CATARINA,Brasil,0.0,3.0,0.19,Mata Atlântica,33,42,4206108,8,Floresta Ombrófila densa,220_080,4.3
1814761582,46fbb89c-76cb-3c5b-a15d-902e0ca219c9,-50.51276,-27.97731,2026-04-19 16:54:00+00:00,2026-04-19,NOAA-20,CAPÃO ALTO,SANTA CATARINA,Brasil,0.0,4.0,0.47,Mata Atlântica,33,42,4203253,8,Savana; Caatinga aberta,221_079,30.0
1814761593,3f2b9006-db11-3556-8270-bb0e69518ae5,-50.3698,-29.89053,2026-04-19 16:54:00+00:00,2026-04-19,NOAA-20,OSÓRIO,RIO GRANDE DO SUL,Brasil,0.0,3.0,-999.0,Pampa,33,43,4313508,8,Savana; Caatinga aberta,220_081,2.1
1814761624,4ad3e2b3-4153-3732-81d7-7f81e7e0a32a,-50.17794,-26.53425,2026-04-19 16:54:00+00:00,2026-04-19,NOAA-20,PAPANDUVA,SANTA CATARINA,Brasil,0.0,3.0,0.16,Mata Atlântica,33,42,4212205,8,Floresta Ombrófila densa,221_078,3.6
1814760949,87f05630-8869-34ee-9dea-a1dfbd8e4080,-49.39667,-25.17777,2026-04-19 16:54:00+00:00,2026-04-19,NOAA-20,RIO BRANCO DO SUL,PARANÁ,Brasil,0.0,2.0,0.22,Mata Atlântica,33,41,4122206,8,Floresta Ombrófila densa,221_077,27.7
1814762077,18dc6409-f562-3898-baa8-aa2fbc224b19,-50.05307,-27.66145,2026-04-19 16:54:00+00:00,2026-04-19,NOAA-20,LAGES,SANTA CATARINA,Brasil,0.0,3.0,0.18,Mata Atlântica,33,42,4209300,8,Floresta Ombrófila densa,221_079,6.6
1814761028,bca7ef5c-7e5d-3507-a043-716e81d0d792,-51.38329,-27.12642,2026-04-19 16:54:00+00:00,2026-04-19,NOAA-20,IBICARÉ,SANTA CATARINA,Brasil,0.0,3.0,0.15,Mata Atlântica,33,42,4206801,8,Florestas decíduas e sazonais,222_079,31.9
1814762168,afb6457b-d1b4-3378-bef9-56a1a7980046,-52.62225,-29.66644,2026-04-19 16:54:00+00:00,2026-04-19,NOAA-20,VALE DO SOL,RIO GRANDE DO SUL,Brasil,0.0,3.0,0.71,Mata Atlântica,33,43,4322533,8,Pastagens e gramíneas,222_081,5.9
1814762257,1e513b81-6486-3491-862e-69face628fc0,-49.39728,-25.17438,2026-04-19 16:54:00+00:00,2026-04-19,NOAA-20,RIO BRANCO DO SUL,PARANÁ,Brasil,0.0,2.0,0.22,Mata Atlântica,33,41,4122206,8,Floresta Ombrófila densa,221_077,27.7
1814762031,4bc5882d-bae4-327f-a9b5-2eb52ef088e1,-49.77147,-27.67097,2026-04-19 16:54:00+00:00,2026-04-19,NOAA-20,BOM RETIRO,SANTA CATARINA,Brasil,0.0,2.0,0.48,Mata Atlântica,33,42,4202602,8,Savana arbórea; Caatinga fechada,220_079,0.9
1814760743,67eea9f9-892b-31b9-97e2-b2df26a3f63e,-51.81223,-29.72527,2026-04-19 16:54:00+00:00,2026-04-19,NOAA-20,TAQUARI,RIO GRANDE DO SUL,Brasil,0.0,3.0,0.49,Pampa,33,43,4321303,8,Savana arbórea; Caatinga fechada,221_081,5.3
1814761111,7d89bd0a-66c5-3b2b-a23e-da065decaf98,-49.97466,-27.7553,2026-04-19 16:54:00+00:00,2026-04-19,NOAA-20,BOCAINA DO SUL,SANTA CATARINA,Brasil,0.0,2.0,0.15,Mata Atlântica,33,42,4202438,8,Floresta Ombrófila densa,220_079,11.4
1814762010,e3c0b7fa-8e48-3027-9651-c40271ec0d39,-49.33426,-28.27855,2026-04-19 16:54:00+00:00,2026-04-19,NOAA-20,ORLEANS,SANTA CATARINA,Brasil,0.0,3.0,0.4,Mata Atlântica,33,42,4211702,8,Floresta de contato; Campinarana,220_080,3.8
1814761136,1315a995-f50a-3e49-a00e-ba80c81a1a33,-50.71049,-27.50836,2026-04-19 16:54:00+00:00,2026-04-19,NOAA-20,SÃO JOSÉ DO CERRITO,SANTA CATARINA,Brasil,0.0,3.0,0.42,Mata Atlântica,33,42,4216800,8,Floresta de contato; Campinarana,221_079,13.7
1814761148,e28ea218-95c3-36d3-ba6b-40e5fabb0f6f,-51.8844,-29.75553,2026-04-19 16:54:00+00:00,2026-04-19,NOAA-20,TAQUARI,RIO GRANDE DO SUL,Brasil,0.0,3.0,0.19,Mata Atlântica,33,43,4321303,8,Florestas decíduas e sazonais,221_081,2.4
1814761892,7ca3f54f-ad04-320d-89b0-2e4d58a0ca24,-48.65702,-24.55384,2026-04-19 16:54:00+00:00,2026-04-19,NOAA-20,IPORANGA,SÃO PAULO,Brasil,0.0,0.0,0.11,Mata Atlântica,33,35,3521200,8,Floresta Ombrófila densa,220_077,5.2
1814761886,8c3e7d6e-74c0-314f-aece-452cfbd244cf,-49.73531,-25.42009,2026-04-19 16:54:00+00:00,2026-04-19,NOAA-20,BALSA NOVA,PARANÁ,Brasil,0.0,2.0,0.98,Mata Atlântica,33,41,4102307,8,Pastagens e gramíneas,221_078,9.3
1814760758,951d3df5-64f3-34b1-97a8-c8f2000dcbe2,-50.1105,-26.89558,2026-04-19 16:54:00+00:00,2026-04-19,NOAA-20,RIO DO CAMPO,SANTA CATARINA,Brasil,0.0,6.0,0.68,Mata Atlântica,33,42,4214508,8,Pastagens e gramíneas,221_079,3.3
1814761877,1d890e09-b7ab-32ed-be52-da7fc716faf7,-49.55923,-28.73624,2026-04-19 16:54:00+00:00,2026-04-19,NOAA-20,NOVA VENEZA,SANTA CATARINA,Brasil,0.0,3.0,0.55,Mata Atlântica,33,42,4211603,8,Agricultura e diversos,220_080,3.3
1814761835,9a73ba36-6538-3b94-9b3b-fa1de1f1d084,-49.29573,-28.19396,2026-04-19 16:54:00+00:00,2026-04-19,NOAA-20,GRÃO PARÁ,SANTA CATARINA,Brasil,0.0,3.0,0.19,Mata Atlântica,33,42,4206108,8,Floresta Ombrófila densa,220_080,4.3
1814761831,b2a2f28b-0fbb-3ab8-88a2-79075421a4cc,-49.92728,-27.32821,2026-04-19 16:54:00+00:00,2026-04-19,NOAA-20,BRAÇO DO TROMBUDO,SANTA CATARINA,Brasil,0.0,2.0,0.86,Mata Atlântica,33,42,4202859,8,Pastagens e gramíneas,221_079,3.8
1814762141,cd630034-27a4-37fc-b2ef-e1c2c37ca5ae,-50.20393,-27.6024,2026-04-19 16:54:00+00:00,2026-04-19,NOAA-20,CORREIA PINTO,SANTA CATARINA,Brasil,0.0,2.0,0.2,Mata Atlântica,33,42,4204558,8,Floresta Ombrófila densa,221_079,11.3
1814761812,f4cd6176-52c6-38fc-b20e-db9c1eb747ec,-50.0275,-28.38003,2026-04-19 16:54:00+00:00,2026-04-19,NOAA-20,SÃO JOAQUIM,SANTA CATARINA,Brasil,0.0,3.0,0.36,Mata Atlântica,33,42,4216503,8,Savana arbórea; Caatinga fechada,220_080,3.0
1814761321,b56a7a31-fab4-3f61-a7da-d42132762aaf,-51.7598,-29.8347,2026-04-19 16:54:00+00:00,2026-04-19,NOAA-20,TAQUARI,RIO GRANDE DO SUL,Brasil,0.0,3.0,0.17,Pampa,33,43,4321303,8,Florestas decíduas e sazonais,221_081,3.0
1814761314,93e1ef85-9ecc-364f-98bc-5561117d9ca1,-48.65646,-24.55719,2026-04-19 16:54:00+00:00,2026-04-19,NOAA-20,IPORANGA,SÃO PAULO,Brasil,0.0,0.0,0.1,Mata Atlântica,33,35,3521200,8,Floresta Ombrófila densa,220_077,5.2
1814760765,a79e89eb-9bf8-325a-9f5f-989164f709f9,-51.88565,-29.75396,2026-04-19 16:54:00+00:00,2026-04-19,NOAA-20,TAQUARI,RIO GRANDE DO SUL,Brasil,0.0,3.0,0.2,Mata Atlântica,33,43,4321303,8,Florestas decíduas e sazonais,221_081,4.4
1814761362,62982650-bdce-35d9-a157-3b93d68f0bff,-51.27616,-27.09383,2026-04-19 16:54:00+00:00,2026-04-19,NOAA-20,TANGARÁ,SANTA CATARINA,Brasil,0.0,3.0,0.14,Mata Atlântica,33,42,4217907,8,Florestas decíduas e sazonais,221_079,6.1
1814761367,a29fd2d1-261e-328c-8f37-116afe114e59,-49.0606,-28.6986,2026-04-19 16:54:00+00:00,2026-04-19,NOAA-20,JAGUARUNA,SANTA CATARINA,Brasil,0.0,3.0,0.79,Mata Atlântica,33,42,4208807,8,Agricultura e diversos,220_080,3.3
1814761375,e8f79d19-fcc8-38f6-b4b5-e838a6ecaa2f,-51.70445,-25.98679,2026-04-19 16:54:00+00:00,2026-04-19,NOAA-20,BITURUNA,PARANÁ,Brasil,0.0,3.0,0.18,Mata Atlântica,33,41,4102901,8,Florestas decíduas e sazonais,222_078,1.7
1814762393,0d43fe0f-dd75-3393-8304-6d2a77a43150,-51.67735,-20.75814,2026-04-19 16:56:00+00:00,2026-04-19,NOAA-20,TRÊS LAGOAS,MATO GROSSO DO SUL,Brasil,0.0,2.0,1.0,Mata Atlântica,33,50,5008305,8,Pastagens e gramíneas,223_074,3.8
1814760948,4f55990e-acf1-3f1e-a3b3-03644affa230,-40.29266,-18.86056,2026-04-19 16:56:00+00:00,2026-04-19,NOAA-20,VILA VALÉRIO,ESPÍRITO SANTO,Brasil,14.6,2.0,0.01,Mata Atlântica,33,32,3205176,8,Savana; Caatinga aberta,216_073,4.5
1814760843,0eea37b7-9176-39b8-84ae-8036ef4a7fa0,-49.42797,-19.21279,2026-04-19 16:56:00+00:00,2026-04-19,NOAA-20,ITUIUTABA,MINAS GERAIS,Brasil,0.0,10.0,0.84,Cerrado,33,31,3134202,8,Pastagens e gramíneas,221_073,3.3
1814760804,d3ebe716-7a42-3bc7-9c5c-0e7be1e97724,-49.76876,-23.88288,2026-04-19 16:56:00+00:00,2026-04-19,NOAA-20,WENCESLAU BRAZ,PARANÁ,Brasil,0.0,2.0,0.8,Mata Atlântica,33,41,4128500,8,Agricultura e diversos,221_077,1.0
1814760766,b76003d4-54e9-3d1d-a3ec-9d40cfce67a2,-44.8292,-20.99853,2026-04-19 16:56:00+00:00,2026-04-19,NOAA-20,BOM SUCESSO,MINAS GERAIS,Brasil,0.5,0.0,0.64,Mata Atlântica,33,31,3108008,8,Pastagens e gramíneas,218_075,3.3
1814760775,10f32553-5d43-31f7-9eae-2f2b5f9ba5a7,-44.20974,-20.42456,2026-04-19 16:56:00+00:00,2026-04-19,NOAA-20,PIEDADE DOS GERAIS,MINAS GERAIS,Brasil,0.1,2.0,0.75,Mata Atlântica,33,31,3150406,8,Pastagens e gramíneas,218_074,3.6
1814760888,8c76d48b-ecf4-312d-a5d3-f8fb01c0544f,-45.97993,-23.09922,2026-04-19 16:56:00+00:00,2026-04-19,NOAA-20,SÃO JOSÉ DOS CAMPOS,SÃO PAULO,Brasil,0.0,0.0,0.52,Mata Atlântica,33,35,3549904,8,Savana; Caatinga aberta,219_076,2.0
1814760879,a09d4450-0a45-3867-b54f-e0960479670c,-47.35195,-18.8512,2026-04-19 16:56:00+00:00,2026-04-19,NOAA-20,MONTE CARMELO,MINAS GERAIS,Brasil,0.0,9.0,0.55,Cerrado,33,31,3143104,8,Savana; Caatinga aberta,220_073,3.8
1814761040,4a2ee3a1-8e0c-3f48-9782-9ec34632915a,-45.98063,-23.09579,2026-04-19 16:56:00+00:00,2026-04-19,NOAA-20,SÃO JOSÉ DOS CAMPOS,SÃO PAULO,Brasil,0.0,0.0,0.74,Mata Atlântica,33,35,3549904,8,Pastagens e gramíneas,219_076,6.4
1814761043,365cc329-47ef-3d18-a736-a9d7e09eb344,-41.12617,-15.27917,2026-04-19 16:56:00+00:00,2026-04-19,NOAA-20,VITÓRIA DA CONQUISTA,BAHIA,Brasil,0.0,6.0,0.66,Mata Atlântica,33,29,2933307,8,Agricultura e diversos,217_071,3.0
1814761072,344bbb4f-62b2-364d-832c-3750a6739579,-48.88386,-23.95066,2026-04-19 16:56:00+00:00,2026-04-19,NOAA-20,ITAPEVA,SÃO PAULO,Brasil,0.0,3.0,1.0,Cerrado,33,35,3522406,8,Agricultura e diversos,220_077,6.4
1814761076,1bed9ae9-d71b-3894-b6f0-b7cc62e5f2c7,-45.93851,-23.59855,2026-04-19 16:56:00+00:00,2026-04-19,NOAA-20,BIRITIBA MIRIM,SÃO PAULO,Brasil,0.0,0.0,-999.0,Mata Atlântica,33,35,3506607,8,Agricultura e diversos,219_076,3.2
1814761106,91a3fd3d-97ea-3689-aa56-d565f41f783f,-42.52522,-17.44726,2026-04-19 16:56:00+00:00,2026-04-19,NOAA-20,MINAS NOVAS,MINAS GERAIS,Brasil,0.0,8.0,0.33,Cerrado,33,31,3141801,8,Agricultura e diversos,217_072,0.7
1814761107,bf6c21c9-6688-3fab-8b23-a2ac15f2fab5,-40.49539,-19.0723,2026-04-19 16:56:00+00:00,2026-04-19,NOAA-20,SÃO DOMINGOS DO NORTE,ESPÍRITO SANTO,Brasil,13.91,0.0,0.02,Mata Atlântica,33,32,3204658,8,Pastagens e gramíneas,216_073,2.5
1814761108,f2649f75-864c-3f7b-b643-c6fd4dcc954d,-50.76442,-17.5008,2026-04-19 16:56:00+00:00,2026-04-19,NOAA-20,RIO VERDE,GOIÁS,Brasil,0.0,9.0,0.65,Cerrado,33,52,5218805,8,Savana; Caatinga aberta,223_072,7.6
1814761164,c519e6f2-8151-30d4-89e7-7a92195ae6d8,-48.70259,-24.02212,2026-04-19 16:56:00+00:00,2026-04-19,NOAA-20,ITAPEVA,SÃO PAULO,Brasil,0.0,5.0,0.69,Mata Atlântica,33,35,3522406,8,Savana; Caatinga aberta,220_077,6.1
1814761279,0d7e5145-b688-38c3-8dfc-88d885f0dc65,-51.6768,-20.7617,2026-04-19 16:56:00+00:00,2026-04-19,NOAA-20,TRÊS LAGOAS,MATO GROSSO DO SUL,Brasil,0.0,2.0,1.0,Mata Atlântica,33,50,5008305,8,Pastagens e gramíneas,223_074,3.0
1814761355,0c41e9a2-73f9-31c0-a7d1-be2dd501745c,-50.76074,-17.50026,2026-04-19 16:56:00+00:00,2026-04-19,NOAA-20,RIO VERDE,GOIÁS,Brasil,0.0,9.0,0.58,Cerrado,33,52,5218805,8,Savana; Caatinga aberta,223_072,7.6
1814761380,2f9b2398-806d-365b-a865-bb9fd0d92826,-43.07164,-22.83646,2026-04-19 16:56:00+00:00,2026-04-19,NOAA-20,SÃO GONÇALO,RIO DE JANEIRO,Brasil,1.43,-999.0,-999.0,Mata Atlântica,33,33,3304904,8,Corpos agua/Solos expostos/Mineracao/Areas urbanas e construidas/neve e gelo,217_076,6.0
1814761389,b8a28677-8ea2-357c-9d5f-de4908460023,-50.76126,-17.4969,2026-04-19 16:56:00+00:00,2026-04-19,NOAA-20,RIO VERDE,GOIÁS,Brasil,0.0,9.0,0.84,Cerrado,33,52,5218805,8,Agricultura e diversos,223_072,12.5
1814761409,f64e8b9c-4607-3718-9073-fc01fa1f6d66,-39.91194,-18.62576,2026-04-19 16:56:00+00:00,2026-04-19,NOAA-20,SÃO MATEUS,ESPÍRITO SANTO,Brasil,1.31,-999.0,0.03,Mata Atlântica,33,32,3204906,8,Floresta Ombrófila densa,215_073,3.3
1814761498,307c9b7b-243f-35ea-8ca0-781d8423afac,-50.76022,-17.50362,2026-04-19 16:56:00+00:00,2026-04-19,NOAA-20,RIO VERDE,GOIÁS,Brasil,0.0,10.0,0.3,Cerrado,33,52,5218805,8,Floresta de contato; Campinarana,223_072,7.6
1814761513,08dc4644-c0ce-3606-a115-2cf43a843c5d,-50.75969,-17.50697,2026-04-19 16:56:00+00:00,2026-04-19,NOAA-20,RIO VERDE,GOIÁS,Brasil,0.0,10.0,0.33,Cerrado,33,52,5218805,8,Floresta de contato; Campinarana,223_072,4.2
1814761529,3ac035e1-ac27-3d3f-8218-4eee38c0b750,-43.60091,-17.77137,2026-04-19 16:56:00+00:00,2026-04-19,NOAA-20,DIAMANTINA,MINAS GERAIS,Brasil,0.0,8.0,0.39,Cerrado,33,31,3121605,8,Pastagens e gramíneas,218_072,4.2
1814761547,6eb98af3-e5a9-34a2-8245-eee38a104980,-42.5788,-18.18053,2026-04-19 16:56:00+00:00,2026-04-19,NOAA-20,SÃO SEBASTIÃO DO MARANHÃO,MINAS GERAIS,Brasil,0.0,2.0,0.59,Mata Atlântica,33,31,3164506,8,Pastagens e gramíneas,217_073,3.8
1814761562,c82fee2d-8016-3898-9c51-0dbebc3fe60d,-42.71622,-22.77769,2026-04-19 16:56:00+00:00,2026-04-19,NOAA-20,TANGUÁ,RIO DE JANEIRO,Brasil,0.3,8.0,0.63,Mata Atlântica,33,33,3305752,8,Savana; Caatinga aberta,217_076,2.1
1814761601,4270b601-62e1-32dc-a79a-c4843e5f4647,-50.76389,-17.50416,2026-04-19 16:56:00+00:00,2026-04-19,NOAA-20,RIO VERDE,GOIÁS,Brasil,0.0,9.0,0.47,Cerrado,33,52,5218805,8,Savana arbórea; Caatinga fechada,223_072,7.6
1814761708,7ef4eadd-3c49-32c8-bea0-293c016ea5af,-39.91525,-18.62644,2026-04-19 16:56:00+00:00,2026-04-19,NOAA-20,SÃO MATEUS,ESPÍRITO SANTO,Brasil,1.32,-999.0,0.03,Mata Atlântica,33,32,3204906,8,Floresta Ombrófila densa,215_073,3.3
1814761716,a6148758-ea3e-32cd-9d9e-ad05889fe488,-40.95401,-15.20204,2026-04-19 16:56:00+00:00,2026-04-19,NOAA-20,VITÓRIA DA CONQUISTA,BAHIA,Brasil,0.0,6.0,0.27,Mata Atlântica,33,29,2933307,8,Floresta de contato; Campinarana,217_070,1.8
1814761727,59229e5a-42b7-3b41-81fd-fbdfcdc398ab,-42.28208,-15.75986,2026-04-19 16:56:00+00:00,2026-04-19,NOAA-20,RIO PARDO DE MINAS,MINAS GERAIS,Brasil,0.0,7.0,0.31,Cerrado,33,31,3155603,8,Floresta de contato; Campinarana,217_071,6.9
1814761869,a87a7f4b-fd22-362a-9a3e-e5aa5935b542,-39.91427,-18.61538,2026-04-19 16:56:00+00:00,2026-04-19,NOAA-20,SÃO MATEUS,ESPÍRITO SANTO,Brasil,1.16,-999.0,0.03,Mata Atlântica,33,32,3204906,8,Floresta Ombrófila densa,215_073,2.2
1814761904,d72049e7-c9cc-3728-a7ab-1c2ad6b8eb50,-50.76229,-17.51423,2026-04-19 16:56:00+00:00,2026-04-19,NOAA-20,RIO VERDE,GOIÁS,Brasil,0.0,10.0,0.95,Cerrado,33,52,5218805,8,Pastagens e gramíneas,223_072,2.7
1814761930,158f1d2d-f9dd-3b73-a527-787c44860472,-50.98202,-17.98677,2026-04-19 16:56:00+00:00,2026-04-19,NOAA-20,RIO VERDE,GOIÁS,Brasil,0.0,6.0,0.52,Cerrado,33,52,5218805,8,Pastagens e gramíneas,223_072,2.2
1814761951,7edbfa4e-1219-3c3f-8534-ecaa0e9de854,-48.88002,-23.9501,2026-04-19 16:56:00+00:00,2026-04-19,NOAA-20,ITAPEVA,SÃO PAULO,Brasil,0.0,3.0,1.0,Cerrado,33,35,3522406,8,Agricultura e diversos,220_077,6.4
1814761968,474cd055-a5b1-3259-95e6-8ef74137a8d7,-44.81501,-17.71271,2026-04-19 16:56:00+00:00,2026-04-19,NOAA-20,VÁRZEA DA PALMA,MINAS GERAIS,Brasil,0.0,6.0,0.88,Cerrado,33,31,3170800,8,Pastagens e gramíneas,219_072,4.8
1814761972,01888195-b0c4-30af-9cb5-1728fc96f165,-50.76281,-17.51087,2026-04-19 16:56:00+00:00,2026-04-19,NOAA-20,RIO VERDE,GOIÁS,Brasil,0.0,10.0,0.73,Cerrado,33,52,5218805,8,Agricultura e diversos,223_072,4.2
1814761987,de87fbbf-5f6a-3c70-b5c2-a3e7d794cd77,-40.29084,-18.85824,2026-04-19 16:56:00+00:00,2026-04-19,NOAA-20,VILA VALÉRIO,ESPÍRITO SANTO,Brasil,14.42,2.0,0.01,Mata Atlântica,33,32,3205176,8,Savana; Caatinga aberta,216_073,8.8
1814761996,560187d7-93a4-315d-bd98-caea868e2b77,-51.26415,-17.90558,2026-04-19 16:56:00+00:00,2026-04-19,NOAA-20,JATAÍ,GOIÁS,Brasil,0.0,6.0,0.88,Cerrado,33,52,5211909,8,Pastagens e gramíneas,223_072,3.4
1814762053,5829a13f-54cd-31b6-8ab3-af8d335afbe3,-48.2756,-23.53799,2026-04-19 16:56:00+00:00,2026-04-19,NOAA-20,ANGATUBA,SÃO PAULO,Brasil,0.0,5.0,1.0,Mata Atlântica,33,35,3502200,8,Pastagens e gramíneas,220_076,2.4
1814762068,3e87a215-c560-3d9a-91f4-537d69deda5a,-40.44167,-17.66777,2026-04-19 16:56:00+00:00,2026-04-19,NOAA-20,NANUQUE,MINAS GERAIS,Brasil,0.0,0.0,0.06,Mata Atlântica,33,31,3144300,8,Floresta Ombrófila densa,216_072,3.9
1814762070,8483caab-7cff-3e99-b810-63d815aa6be4,-46.8329,-17.16819,2026-04-19 16:56:00+00:00,2026-04-19,NOAA-20,PARACATU,MINAS GERAIS,Brasil,0.0,9.0,1.0,Cerrado,33,31,3147006,8,Pastagens e gramíneas,220_072,3.2
1814762078,bc9b5e5c-73da-39c4-8e3b-74cbc1b2ae31,-40.53023,-18.64901,2026-04-19 16:56:00+00:00,2026-04-19,NOAA-20,VILA PAVÃO,ESPÍRITO SANTO,Brasil,18.64,4.0,0.01,Mata Atlântica,33,32,3205150,8,Pastagens e gramíneas,216_073,4.1
1814762165,bc245199-80b5-310a-9346-8e8666436338,-41.12513,-15.28429,2026-04-19 16:56:00+00:00,2026-04-19,NOAA-20,VITÓRIA DA CONQUISTA,BAHIA,Brasil,0.0,6.0,0.49,Mata Atlântica,33,29,2933307,8,Savana arbórea; Caatinga fechada,217_071,3.0
1814762196,11400cd9-b63d-3677-a3e9-7b90bffed765,-40.28955,-18.85993,2026-04-19 16:56:00+00:00,2026-04-19,NOAA-20,VILA VALÉRIO,ESPÍRITO SANTO,Brasil,14.49,2.0,0.01,Mata Atlântica,33,32,3205176,8,Savana arbórea; Caatinga fechada,216_073,4.5
1814762214,da71d8f1-e359-3a03-8b76-5806c6418969,-43.21052,-17.92867,2026-04-19 16:56:00+00:00,2026-04-19,NOAA-20,SENADOR MODESTINO GONÇALVES,MINAS GERAIS,Brasil,0.0,7.0,0.13,Cerrado,33,31,3165909,8,Savana arbórea; Caatinga fechada,218_072,13.1
1814762228,e3c4c4ca-d0c3-3431-a299-27ad5442f0e0,-43.24487,-18.59787,2026-04-19 16:56:00+00:00,2026-04-19,NOAA-20,SERRO,MINAS GERAIS,Brasil,0.0,2.0,0.04,Mata Atlântica,33,31,3167103,8,Floresta Ombrófila densa,218_073,9.5
1814762359,3b94b795-bf04-3477-a4ff-2a31cbfdd8bc,-46.90242,-21.14947,2026-04-19 16:56:00+00:00,2026-04-19,NOAA-20,MONTE SANTO DE MINAS,MINAS GERAIS,Brasil,0.0,2.0,0.57,Cerrado,33,31,3143203,8,Agricultura e diversos,220_075,5.1
1814762362,2d55e2e6-b38c-374e-82e5-42a6d5efc970,-47.57752,-22.78923,2026-04-19 16:56:00+00:00,2026-04-19,NOAA-20,RIO DAS PEDRAS,SÃO PAULO,Brasil,0.0,0.0,0.65,Mata Atlântica,33,35,3544004,8,Agricultura e diversos,220_076,3.8
1814762381,acb610a2-4e80-3d76-9d3e-59c3cc560d91,-42.61994,-15.83758,2026-04-19 16:56:00+00:00,2026-04-19,NOAA-20,RIO PARDO DE MINAS,MINAS GERAIS,Brasil,0.0,6.0,0.08,Mata Atlântica,33,31,3155603,8,Floresta Ombrófila densa,218_071,4.8
1814760916,0bb15483-7d0b-3eb0-95f6-3866b00e8c10,-47.35127,-18.85106,2026-04-19 16:56:00+00:00,2026-04-19,NOAA-20,MONTE CARMELO,MINAS GERAIS,Brasil,0.0,9.0,0.55,Cerrado,33,31,3143104,8,Savana; Caatinga aberta,220_073,4.9
1814760793,814eda57-7446-3976-acc5-178e9715f5ed,-38.25764,-11.82433,2026-04-19 16:58:00+00:00,2026-04-19,NOAA-20,APORÁ,BAHIA,Brasil,0.83,3.0,0.17,Mata Atlântica,33,29,2901908,8,Florestas decíduas e sazonais,215_068,10.0
1814762166,0904c00b-732f-324c-a8ba-b796c6746ab2,-53.50916,-13.29795,2026-04-19 16:58:00+00:00,2026-04-19,NOAA-20,GAÚCHA DO NORTE,MATO GROSSO,Brasil,7.48,0.0,0.04,Amazônia,33,51,5103858,8,Pastagens e gramíneas,225_069,4.9
1814761456,6cb92308-860a-319d-ae16-67494a533501,-52.88503,-14.18025,2026-04-19 16:58:00+00:00,2026-04-19,NOAA-20,ÁGUA BOA,MATO GROSSO,Brasil,2.64,3.0,0.17,Cerrado,33,51,5100201,8,Savana; Caatinga aberta,224_070,5.5
1814761445,b509cf5b-1651-3a94-adf1-5b25efbba9ff,-43.61201,-13.32431,2026-04-19 16:58:00+00:00,2026-04-19,NOAA-20,SERRA DO RAMALHO,BAHIA,Brasil,0.53,8.0,1.0,Cerrado,33,29,2930154,8,Pastagens e gramíneas,219_069,5.6
1814761822,a5b81671-fb9c-37d1-95b8-e6362a8eedaa,-43.53763,-14.82359,2026-04-19 16:58:00+00:00,2026-04-19,NOAA-20,MATIAS CARDOSO,MINAS GERAIS,Brasil,0.0,10.0,0.88,Cerrado,33,31,3140852,8,Pastagens e gramíneas,218_070,5.0
1814761267,f63f6689-371e-31ca-9ef9-256d3ca40b43,-44.41219,-15.4977,2026-04-19 16:58:00+00:00,2026-04-19,NOAA-20,JANUÁRIA,MINAS GERAIS,Brasil,0.0,9.0,0.86,Caatinga,33,31,3135209,8,Pastagens e gramíneas,219_071,2.2
1814761263,acac5fe5-e678-3e1a-8efc-8d4e6d3796fc,-51.98672,-14.233,2026-04-19 16:58:00+00:00,2026-04-19,NOAA-20,NOVA NAZARÉ,MATO GROSSO,Brasil,1.24,1.0,0.07,Cerrado,33,51,5106174,8,Florestas decíduas e sazonais,224_070,3.3
1814761162,a17105bf-18a7-3547-b46e-5670829992cd,-37.82661,-11.9623,2026-04-19 16:58:00+00:00,2026-04-19,NOAA-20,ESPLANADA,BAHIA,Brasil,0.0,-999.0,0.36,Mata Atlântica,33,29,2910602,8,Floresta de contato; Campinarana,215_068,5.8
1814761159,e4bc0722-4344-3a60-8d90-316335351cbd,-49.83635,-10.51114,2026-04-19 16:58:00+00:00,2026-04-19,NOAA-20,PIUM,TOCANTINS,Brasil,1.5,0.0,0.01,Cerrado,33,17,1717503,8,Agricultura e diversos,223_067,5.3
1814760902,7bd51c8e-b45f-3f4f-9bd6-eb36b9fa9125,-39.20256,-10.91737,2026-04-19 16:58:00+00:00,2026-04-19,NOAA-20,QUIJINGUE,BAHIA,Brasil,0.0,4.0,1.0,Caatinga,33,29,2925907,8,Pastagens e gramíneas,216_068,8.4
1814762264,e8f63831-be7c-3bb2-81e3-edffdb1341e4,-58.63406,-14.52802,2026-04-19 16:58:00+00:00,2026-04-19,NOAA-20,TANGARÁ DA SERRA,MATO GROSSO,Brasil,18.27,1.0,0.0,Cerrado,33,51,5107958,8,Savana; Caatinga aberta,228_070,5.7
1814762207,31a62ebe-1159-372e-9e9c-5c230bc9cc42,-38.3293,-11.25414,2026-04-19 16:58:00+00:00,2026-04-19,NOAA-20,ITAPICURU,BAHIA,Brasil,0.0,4.0,0.97,Caatinga,33,29,2916500,8,Pastagens e gramíneas,215_068,24.1
1814761994,3ae38d72-2bd8-33b0-a1d2-44001b89ce35,-37.82737,-11.96576,2026-04-19 16:58:00+00:00,2026-04-19,NOAA-20,ESPLANADA,BAHIA,Brasil,0.0,-999.0,0.36,Mata Atlântica,33,29,2910602,8,Floresta de contato; Campinarana,215_068,5.4
1814762287,f72e8bbe-38b0-3de9-ab25-2fbdbc3593a5,-44.03242,-13.47424,2026-04-19 16:58:00+00:00,2026-04-19,NOAA-20,SÃO FÉLIX DO CORIBE,BAHIA,Brasil,0.6,2.0,0.3,Cerrado,33,29,2929057,8,Savana arbórea; Caatinga fechada,219_069,30.6
1814762001,213818f5-a7b1-31ac-8623-63105eead5af,-49.84123,-10.36521,2026-04-19 16:58:00+00:00,2026-04-19,NOAA-20,PIUM,TOCANTINS,Brasil,1.71,0.0,0.0,Cerrado,33,17,1717503,8,Savana arbórea; Caatinga fechada,223_067,6.8
1814761080,61707cd7-2073-341e-9976-2f7574ca5e4b,-43.79335,-13.44805,2026-04-19 16:58:00+00:00,2026-04-19,NOAA-20,SERRA DO RAMALHO,BAHIA,Brasil,0.1,8.0,0.66,Cerrado,33,29,2930154,8,Agricultura e diversos,219_069,4.5
1814762052,db07d9db-9058-3456-8fbe-a55192cac267,-46.34023,-14.86037,2026-04-19 16:58:00+00:00,2026-04-19,NOAA-20,FORMOSO,MINAS GERAIS,Brasil,0.34,2.0,0.35,Cerrado,33,31,3126208,8,Savana; Caatinga aberta,220_070,8.2
1814762374,cf2637d5-65bc-3f8a-8f02-a6d00b70951d,-43.79342,-13.44991,2026-04-19 16:58:00+00:00,2026-04-19,NOAA-20,SERRA DO RAMALHO,BAHIA,Brasil,0.1,8.0,0.69,Cerrado,33,29,2930154,8,Agricultura e diversos,219_069,3.8
1814760895,877b2a5a-7f30-318b-bec2-dc1ac210d498,-50.589,-16.47533,2026-04-19 16:58:00+00:00,2026-04-19,NOAA-20,CÓRREGO DO OURO,GOIÁS,Brasil,0.5,4.0,0.56,Cerrado,33,52,5205703,8,Pastagens e gramíneas,223_071,2.7
1814762244,3e119694-215e-3876-b418-060bde9dec5b,-42.42231,-14.77431,2026-04-19 16:58:00+00:00,2026-04-19,NOAA-20,JACARACI,BAHIA,Brasil,0.0,11.0,0.43,Caatinga,33,29,2917409,8,Savana arbórea; Caatinga fechada,218_070,9.8
1814761010,f4ffa998-861d-3026-9e53-d0b023282226,-58.63352,-14.53304,2026-04-19 16:58:00+00:00,2026-04-19,NOAA-20,TANGARÁ DA SERRA,MATO GROSSO,Brasil,18.73,1.0,0.0,Cerrado,33,51,5107958,8,Savana; Caatinga aberta,228_070,6.6
1814761597,ab0b1039-c7e3-3aff-80bf-c4edc2c5cca1,-40.16992,-10.21285,2026-04-19 16:58:00+00:00,2026-04-19,NOAA-20,JAGUARARI,BAHIA,Brasil,1.14,6.0,1.0,Caatinga,33,29,2917706,8,Pastagens e gramíneas,217_067,5.5
1814761629,bcac96e3-d16e-3f15-8c87-3abe0929da53,-38.25869,-11.82386,2026-04-19 16:58:00+00:00,2026-04-19,NOAA-20,APORÁ,BAHIA,Brasil,0.82,3.0,0.21,Mata Atlântica,33,29,2901908,8,Florestas decíduas e sazonais,215_068,10.9
1814761561,813cdc5d-0dcc-345e-bb9e-0651dfc167f3,-42.94275,-13.82951,2026-04-19 16:58:00+00:00,2026-04-19,NOAA-20,MATINA,BAHIA,Brasil,0.1,2.0,0.65,Caatinga,33,29,2921054,8,Agricultura e diversos,218_070,3.3
1814761658,c8dcd52d-3b56-38e3-8b38-fa0150693c34,-38.32408,-11.25309,2026-04-19 16:58:00+00:00,2026-04-19,NOAA-20,ITAPICURU,BAHIA,Brasil,0.0,4.0,0.71,Caatinga,33,29,2916500,8,Agricultura e diversos,215_068,24.2
1814761541,8bf9841e-5510-36a3-9394-db57c4071953,-40.51221,-10.72213,2026-04-19 16:58:00+00:00,2026-04-19,NOAA-20,MIRANGABA,BAHIA,Brasil,3.09,5.0,0.33,Caatinga,33,29,2921401,8,Savana arbórea; Caatinga fechada,217_067,6.7
1814762086,5e0cf8d7-2ba5-3e64-8d22-a441046bc7f8,-40.31946,-10.81726,2026-04-19 16:58:00+00:00,2026-04-19,NOAA-20,PINDOBAÇU,BAHIA,Brasil,0.2,5.0,0.99,Caatinga,33,29,2924603,8,Pastagens e gramíneas,217_067,4.0
1814761495,c3d95218-b236-33d7-ad90-7b59d8e8a9aa,-48.00707,-16.04992,2026-04-19 16:58:00+00:00,2026-04-19,NOAA-20,VALPARAÍSO DE GOIÁS,GOIÁS,Brasil,0.0,7.0,-999.0,Cerrado,33,52,5221858,8,Corpos agua/Solos expostos/Mineracao/Areas urbanas e construidas/neve e gelo,221_071,3.6
1814760942,c5052e38-55b5-3328-8bb3-dc80f02b14d7,-44.02804,-13.47346,2026-04-19 16:58:00+00:00,2026-04-19,NOAA-20,SÃO FÉLIX DO CORIBE,BAHIA,Brasil,0.6,2.0,0.3,Cerrado,33,29,2929057,8,Savana arbórea; Caatinga fechada,219_069,30.6
1814762097,78cd9aa2-cf06-3625-a523-e20a16b5d2f7,-58.60298,-14.5294,2026-04-19 16:58:00+00:00,2026-04-19,NOAA-20,TANGARÁ DA SERRA,MATO GROSSO,Brasil,17.59,1.0,0.0,Cerrado,33,51,5107958,8,Agricultura e diversos,228_070,11.8
1814761479,6ff45d9c-c54a-3c39-a4d6-90a63fee9d8b,-43.54127,-14.82884,2026-04-19 16:58:00+00:00,2026-04-19,NOAA-20,MATIAS CARDOSO,MINAS GERAIS,Brasil,0.0,10.0,1.0,Cerrado,33,31,3140852,8,Pastagens e gramíneas,218_070,5.0
1814761725,d0ea6011-b30e-3037-b3ef-5e468ec25757,-60.51268,2.55275,2026-04-19 17:02:00+00:00,2026-04-19,NOAA-20,CANTÁ,RORAIMA,Brasil,0.2,0.0,0.32,Amazônia,33,14,1400175,8,Floresta Ombrófila densa,232_058,7.7
1814761743,b9991958-46cc-3f68-85c9-79cb79df7a43,-60.33308,1.27053,2026-04-19 17:02:00+00:00,2026-04-19,NOAA-20,CARACARAÍ,RORAIMA,Brasil,0.8,0.0,0.18,Amazônia,33,14,1400209,8,Floresta Ombrófila densa,231_059,32.9
1814761300,c55c4447-6525-3570-8b3e-bbc3ae1eba02,-60.33375,1.27498,2026-04-19 17:02:00+00:00,2026-04-19,NOAA-20,CARACARAÍ,RORAIMA,Brasil,0.8,0.0,0.18,Amazônia,33,14,1400209,8,Floresta Ombrófila densa,231_059,32.9
1814761239,05380875-ddfa-3ee7-ac97-65cdae25ea30,-60.54627,2.56951,2026-04-19 17:02:00+00:00,2026-04-19,NOAA-20,CANTÁ,RORAIMA,Brasil,0.1,0.0,0.44,Amazônia,33,14,1400175,8,Floresta de contato; Campinarana,232_058,16.2
1814760946,da41cf18-8e7b-3a19-9ff3-e14cda005a22,-60.81055,3.85707,2026-04-19 17:05:00+00:00,2026-04-19,NOAA-20,PACARAIMA,RORAIMA,Brasil,0.9,0.0,0.73,Amazônia,33,14,1400456,8,Savana; Caatinga aberta,232_057,2.7
1814762119,6f6fdc30-bf24-384f-bd59-eb997fe5ce8f,-59.81238,4.39433,2026-04-19 17:05:00+00:00,2026-04-19,NOAA-20,UIRAMUTÃ,RORAIMA,Brasil,1.17,0.0,0.58,Amazônia,33,14,1400704,8,Savana; Caatinga aberta,232_057,4.5
1814761121,8a66ede6-21e4-3698-be2c-c6b795b3d318,-60.65817,4.25127,2026-04-19 17:05:00+00:00,2026-04-19,NOAA-20,PACARAIMA,RORAIMA,Brasil,1.0,0.0,0.86,Amazônia,33,14,1400456,8,Savana; Caatinga aberta,232_057,6.1
1814760223,738e7726-ca33-3678-a6ed-7088cca9b61b,-37.83482,-11.9631,2026-04-19 17:37:00+00:00,2026-04-19,AQUA_M-T,ESPLANADA,BAHIA,Brasil,0.0,-999.0,0.17,Mata Atlântica,33,29,2910602,8,Floresta Ombrófila densa,215_068,44.4
1814768889,3629044f-6899-3d3a-b840-1fb8f5950d86,-50.05358,-27.66308,2026-04-19 17:41:00+00:00,2026-04-19,NOAA-21,LAGES,SANTA CATARINA,Brasil,0.0,3.0,0.18,Mata Atlântica,33,42,4209300,8,Floresta Ombrófila densa,221_079,15.6
1814768707,38a81136-5621-392d-ba1a-84d60365810a,-50.5122,-27.97379,2026-04-19 17:41:00+00:00,2026-04-19,NOAA-21,CAPÃO ALTO,SANTA CATARINA,Brasil,0.0,4.0,0.47,Mata Atlântica,33,42,4203253,8,Savana; Caatinga aberta,221_079,18.9
1814768625,ca21f946-702d-3fed-8372-746e4a5d7964,-49.92864,-27.32972,2026-04-19 17:41:00+00:00,2026-04-19,NOAA-21,BRAÇO DO TROMBUDO,SANTA CATARINA,Brasil,0.0,2.0,0.89,Mata Atlântica,33,42,4202859,8,Pastagens e gramíneas,221_079,6.8
1814767099,13bafcf7-f9d3-32f7-b81b-242cfbadcb2d,-50.4167,-27.54015,2026-04-19 17:41:00+00:00,2026-04-19,NOAA-21,CORREIA PINTO,SANTA CATARINA,Brasil,0.0,1.0,0.17,Mata Atlântica,33,42,4204558,8,Floresta Ombrófila densa,221_079,46.0
1814767509,18ccc642-3353-3dc8-8421-b0e4e0edf68e,-49.97424,-27.75519,2026-04-19 17:41:00+00:00,2026-04-19,NOAA-21,BOCAINA DO SUL,SANTA CATARINA,Brasil,0.0,2.0,0.15,Mata Atlântica,33,42,4202438,8,Floresta Ombrófila densa,220_079,94.1
1814767625,bf0b5cf0-2cab-33b2-827d-f747ee934ba7,-50.27129,-27.69096,2026-04-19 17:41:00+00:00,2026-04-19,NOAA-21,LAGES,SANTA CATARINA,Brasil,0.0,2.0,0.54,Mata Atlântica,33,42,4209300,8,Savana; Caatinga aberta,221_079,292.6
1814767800,ac193331-8ac7-3368-b34d-ec1e80e353f5,-50.51757,-27.9727,2026-04-19 17:41:00+00:00,2026-04-19,NOAA-21,CAPÃO ALTO,SANTA CATARINA,Brasil,0.0,4.0,0.26,Mata Atlântica,33,42,4203253,8,Florestas decíduas e sazonais,221_079,7.3
1814768001,63e8bc06-7b98-34a4-9e1e-bef331b698fa,-50.27429,-27.68594,2026-04-19 17:41:00+00:00,2026-04-19,NOAA-21,LAGES,SANTA CATARINA,Brasil,0.0,2.0,0.41,Mata Atlântica,33,42,4209300,8,Savana arbórea; Caatinga fechada,221_079,266.0
1814768064,31a567f2-cb63-37df-8e8d-5f04cbe54cd0,-49.56059,-28.7356,2026-04-19 17:41:00+00:00,2026-04-19,NOAA-21,NOVA VENEZA,SANTA CATARINA,Brasil,0.0,3.0,0.55,Mata Atlântica,33,42,4211603,8,Agricultura e diversos,220_080,1.7
1814768151,de0de8cc-3450-375b-9867-7ae65e09c5c2,-49.98038,-27.75656,2026-04-19 17:41:00+00:00,2026-04-19,NOAA-21,BOCAINA DO SUL,SANTA CATARINA,Brasil,0.0,2.0,0.15,Mata Atlântica,33,42,4202438,8,Floresta Ombrófila densa,220_079,55.9
1814768180,bebdf1cd-b5c2-3545-bbc2-8d93881e4f99,-50.51591,-27.97743,2026-04-19 17:41:00+00:00,2026-04-19,NOAA-21,CAPÃO ALTO,SANTA CATARINA,Brasil,0.0,4.0,0.38,Mata Atlântica,33,42,4203253,8,Savana arbórea; Caatinga fechada,221_079,15.7
1814768217,724725b1-fe08-35db-b68a-5cec3b9c7513,-50.20489,-27.60237,2026-04-19 17:41:00+00:00,2026-04-19,NOAA-21,CORREIA PINTO,SANTA CATARINA,Brasil,0.0,2.0,0.2,Mata Atlântica,33,42,4204558,8,Floresta Ombrófila densa,221_079,7.4
1814768540,326713e6-7fa9-3638-9767-b64a673adae3,-49.97726,-27.75587,2026-04-19 17:41:00+00:00,2026-04-19,NOAA-21,BOCAINA DO SUL,SANTA CATARINA,Brasil,0.0,2.0,0.15,Mata Atlântica,33,42,4202438,8,Floresta Ombrófila densa,220_079,55.9
1814768583,968d544b-8d15-3c8a-b45a-255345b0dad2,-50.71286,-27.50687,2026-04-19 17:41:00+00:00,2026-04-19,NOAA-21,SÃO JOSÉ DO CERRITO,SANTA CATARINA,Brasil,0.0,3.0,0.27,Mata Atlântica,33,42,4216800,8,Florestas decíduas e sazonais,221_079,13.1
1814770777,a2a6b2e9-100b-3c30-bd88-7a80d9204e77,-50.05251,-27.66176,2026-04-19 17:41:00+00:00,2026-04-19,NOAA-21,LAGES,SANTA CATARINA,Brasil,0.0,3.0,0.18,Mata Atlântica,33,42,4209300,8,Floresta Ombrófila densa,221_079,20.3
1814770533,3d80d307-5d4b-3df7-a6e2-2b4cac612284,-49.14547,-27.99565,2026-04-19 17:41:00+00:00,2026-04-19,NOAA-21,ANITÁPOLIS,SANTA CATARINA,Brasil,0.0,2.0,0.16,Mata Atlântica,33,42,4201109,8,Floresta Ombrófila densa,220_079,6.9
1814770503,06d60817-d473-33e1-8a70-f500cb92fc62,-49.97726,-27.7547,2026-04-19 17:41:00+00:00,2026-04-19,NOAA-21,BOCAINA DO SUL,SANTA CATARINA,Brasil,0.0,2.0,0.15,Mata Atlântica,33,42,4202438,8,Floresta Ombrófila densa,220_079,84.7
1814770424,2c741a5e-e25b-327f-9dbd-63213b3249ee,-50.51173,-27.97137,2026-04-19 17:41:00+00:00,2026-04-19,NOAA-21,CAPÃO ALTO,SANTA CATARINA,Brasil,0.0,4.0,0.49,Mata Atlântica,33,42,4203253,8,Savana; Caatinga aberta,221_079,7.3
1814770334,d19c51c0-02e7-3ff8-b1cc-5fd5ba92f3a2,-51.2552,-28.526,2026-04-19 17:41:00+00:00,2026-04-19,NOAA-21,MUITOS CAPÕES,RIO GRANDE DO SUL,Brasil,0.0,2.0,0.2,Mata Atlântica,33,43,4312617,8,Florestas decíduas e sazonais,221_080,3.3
1814770231,a10b078c-c270-3d79-b3ff-945366502d9d,-50.78477,-27.9032,2026-04-19 17:41:00+00:00,2026-04-19,NOAA-21,CAMPO BELO DO SUL,SANTA CATARINA,Brasil,0.0,3.0,0.57,Mata Atlântica,33,42,4203402,8,Agricultura e diversos,221_079,24.1
1814770058,5d8b74ac-25e9-312f-84b2-e10872231109,-49.42765,-28.26481,2026-04-19 17:41:00+00:00,2026-04-19,NOAA-21,ORLEANS,SANTA CATARINA,Brasil,0.0,3.0,0.14,Mata Atlântica,33,42,4211702,8,Floresta Ombrófila densa,220_080,4.8
1814770029,173b5284-d88b-3fc3-838a-29638ebeac61,-50.26993,-27.69586,2026-04-19 17:41:00+00:00,2026-04-19,NOAA-21,LAGES,SANTA CATARINA,Brasil,0.0,2.0,0.59,Mata Atlântica,33,42,4209300,8,Savana; Caatinga aberta,221_079,292.6
1814769962,81dbf12b-bccf-315b-b5bc-2dcb58e5ced9,-50.27295,-27.69085,2026-04-19 17:41:00+00:00,2026-04-19,NOAA-21,LAGES,SANTA CATARINA,Brasil,0.0,2.0,0.47,Mata Atlântica,33,42,4209300,8,Savana arbórea; Caatinga fechada,221_079,266.0
1814769745,b63132c7-2915-3271-a395-3a10c07a0c2d,-50.25198,-27.59704,2026-04-19 17:41:00+00:00,2026-04-19,NOAA-21,CORREIA PINTO,SANTA CATARINA,Brasil,0.0,2.0,0.19,Mata Atlântica,33,42,4204558,8,Floresta Ombrófila densa,221_079,1.2
1814769686,580564a4-7cb3-3a0d-9255-fa4b28818b20,-49.14602,-27.99652,2026-04-19 17:41:00+00:00,2026-04-19,NOAA-21,ANITÁPOLIS,SANTA CATARINA,Brasil,0.0,2.0,0.16,Mata Atlântica,33,42,4201109,8,Floresta Ombrófila densa,220_079,8.4
1814769516,678bd6df-9bf3-3c4c-a73d-514353aa9bbd,-49.98043,-27.75543,2026-04-19 17:41:00+00:00,2026-04-19,NOAA-21,BOCAINA DO SUL,SANTA CATARINA,Brasil,0.0,2.0,0.15,Mata Atlântica,33,42,4202438,8,Floresta Ombrófila densa,220_079,84.7
1814769490,e1f7630f-b7de-3502-8e67-4c99e754d95a,-50.20825,-27.60314,2026-04-19 17:41:00+00:00,2026-04-19,NOAA-21,CORREIA PINTO,SANTA CATARINA,Brasil,0.0,2.0,0.2,Mata Atlântica,33,42,4204558,8,Floresta Ombrófila densa,221_079,11.1
1814769396,f7aaa6b3-ba28-33b4-a29e-c77b2a88b6a5,-50.05043,-27.66237,2026-04-19 17:41:00+00:00,2026-04-19,NOAA-21,LAGES,SANTA CATARINA,Brasil,0.0,3.0,0.18,Mata Atlântica,33,42,4209300,8,Floresta Ombrófila densa,221_079,16.1
1814769293,9960f478-3d21-314a-8999-00133aa74725,-50.51805,-27.97507,2026-04-19 17:41:00+00:00,2026-04-19,NOAA-21,CAPÃO ALTO,SANTA CATARINA,Brasil,0.0,4.0,0.24,Mata Atlântica,33,42,4203253,8,Florestas decíduas e sazonais,221_079,11.9
1814769262,e1d4cbbc-184e-35de-9659-545aea361b97,-49.97425,-27.75401,2026-04-19 17:41:00+00:00,2026-04-19,NOAA-21,BOCAINA DO SUL,SANTA CATARINA,Brasil,0.0,2.0,0.15,Mata Atlântica,33,42,4202438,8,Floresta Ombrófila densa,220_079,93.3
1814769176,ca26be2f-dc1c-3d17-aeb7-c2e573d0b89b,-49.97831,-27.7508,2026-04-19 17:41:00+00:00,2026-04-19,NOAA-21,BOCAINA DO SUL,SANTA CATARINA,Brasil,0.0,2.0,0.15,Mata Atlântica,33,42,4202438,8,Floresta Ombrófila densa,220_079,55.9
1814769159,3354de6a-7ce8-3609-9571-3a74b696fcb2,-49.14883,-27.99644,2026-04-19 17:41:00+00:00,2026-04-19,NOAA-21,SANTA ROSA DE LIMA,SANTA CATARINA,Brasil,0.0,2.0,0.16,Mata Atlântica,33,42,4215604,8,Floresta Ombrófila densa,220_079,8.1
1814769044,d7a4e9b4-3e7a-3df4-9d4d-211f112706d1,-50.27727,-27.69233,2026-04-19 17:41:00+00:00,2026-04-19,NOAA-21,LAGES,SANTA CATARINA,Brasil,0.0,2.0,0.29,Mata Atlântica,33,42,4209300,8,Floresta de contato; Campinarana,221_079,173.1
1814768993,7227c243-77db-358a-b92a-357c3c2e58af,-49.14931,-27.99728,2026-04-19 17:41:00+00:00,2026-04-19,NOAA-21,SANTA ROSA DE LIMA,SANTA CATARINA,Brasil,0.0,2.0,0.16,Mata Atlântica,33,42,4215604,8,Floresta Ombrófila densa,220_079,6.6
1814769145,4652bcd1-9e9c-36df-bd79-c68ba5e22b6e,-50.34476,-21.50628,2026-04-19 17:43:00+00:00,2026-04-19,NOAA-21,BRAÚNA,SÃO PAULO,Brasil,0.0,0.0,0.49,Mata Atlântica,33,35,3507704,8,Pastagens e gramíneas,222_075,14.5
1814768530,46be23fb-2e33-32af-94dc-81d7ded4300f,-49.64623,-20.50592,2026-04-19 17:43:00+00:00,2026-04-19,NOAA-21,TANABI,SÃO PAULO,Brasil,0.0,0.0,0.48,Cerrado,33,35,3553401,8,Pastagens e gramíneas,221_074,12.8
1814769356,ceef4396-91ad-3863-8228-edca69588b7b,-50.12475,-23.90468,2026-04-19 17:43:00+00:00,2026-04-19,NOAA-21,PINHALÃO,PARANÁ,Brasil,0.0,0.0,0.25,Mata Atlântica,33,41,4119202,8,Savana arbórea; Caatinga fechada,221_077,1.3
1814767355,3c4c280d-5b17-3918-95a4-2efde910b34c,-50.22133,-24.88506,2026-04-19 17:43:00+00:00,2026-04-19,NOAA-21,CARAMBEÍ,PARANÁ,Brasil,0.0,2.0,0.95,Mata Atlântica,33,41,4104659,8,Agricultura e diversos,221_077,4.2
1814767896,0451435c-b1e1-3fd3-88be-a812bec81bb1,-51.93219,-26.49685,2026-04-19 17:43:00+00:00,2026-04-19,NOAA-21,PALMAS,PARANÁ,Brasil,0.0,3.0,0.25,Mata Atlântica,33,41,4117602,8,Agricultura e diversos,222_078,7.5
1814769210,f47339da-3481-30a8-8ecc-c9e52612dfc9,-48.88058,-23.95414,2026-04-19 17:43:00+00:00,2026-04-19,NOAA-21,ITAPEVA,SÃO PAULO,Brasil,0.0,3.0,1.0,Cerrado,33,35,3522406,8,Agricultura e diversos,220_077,4.1
1814767621,05c0c76b-5f65-3f79-813d-e37d4cd9eb50,-49.25245,-25.68517,2026-04-19 17:43:00+00:00,2026-04-19,NOAA-21,SÃO JOSÉ DOS PINHAIS,PARANÁ,Brasil,0.0,2.0,0.27,Mata Atlântica,33,41,4125506,8,Florestas decíduas e sazonais,220_078,2.2
1814767213,6fad7c1c-95f3-38b2-8362-779e39975f20,-48.88208,-23.94837,2026-04-19 17:43:00+00:00,2026-04-19,NOAA-21,ITAPEVA,SÃO PAULO,Brasil,0.0,3.0,1.0,Cerrado,33,35,3522406,8,Agricultura e diversos,220_077,3.8
1814770135,e4f6042d-7d7f-3bd7-b478-85a4e31f9b6a,-49.39847,-25.17591,2026-04-19 17:43:00+00:00,2026-04-19,NOAA-21,RIO BRANCO DO SUL,PARANÁ,Brasil,0.0,2.0,0.22,Mata Atlântica,33,41,4122206,8,Floresta Ombrófila densa,221_077,33.6
1814770324,18f0bdd9-3854-3e1c-811f-b2208de0bf73,-49.952,-25.41173,2026-04-19 17:43:00+00:00,2026-04-19,NOAA-21,PALMEIRA,PARANÁ,Brasil,0.0,2.0,0.83,Mata Atlântica,33,41,4117701,8,Agricultura e diversos,221_078,2.6
1814770561,032d8a52-b5ca-3aaf-9034-cabde632a97d,-51.39815,-26.15375,2026-04-19 17:43:00+00:00,2026-04-19,NOAA-21,BITURUNA,PARANÁ,Brasil,0.0,5.0,0.11,Mata Atlântica,33,41,4102901,8,Floresta Ombrófila densa,222_078,17.3
1814768575,b7db12d7-035b-39df-816d-c467200ab087,-49.73889,-25.41668,2026-04-19 17:43:00+00:00,2026-04-19,NOAA-21,BALSA NOVA,PARANÁ,Brasil,0.0,2.0,0.97,Mata Atlântica,33,41,4102307,8,Pastagens e gramíneas,221_078,6.8
1814769786,8bc13ebe-c131-31cc-954c-513e290ce361,-49.601,-25.50041,2026-04-19 17:43:00+00:00,2026-04-19,NOAA-21,BALSA NOVA,PARANÁ,Brasil,0.0,2.0,0.23,Mata Atlântica,33,41,4102307,8,Floresta Ombrófila densa,221_078,12.8
1814767357,5dcba6f3-5a42-300f-9583-5e3c154bdcae,-50.0959,-24.52196,2026-04-19 17:43:00+00:00,2026-04-19,NOAA-21,TIBAGI,PARANÁ,Brasil,0.0,3.0,0.74,Cerrado,33,41,4127502,8,Agricultura e diversos,221_077,9.2
1814769724,a3a61c18-54e7-3948-87ce-8eea990b31f3,-52.43095,-27.05369,2026-04-19 17:43:00+00:00,2026-04-19,NOAA-21,ARVOREDO,SANTA CATARINA,Brasil,0.0,3.0,0.58,Mata Atlântica,33,42,4201653,8,Savana; Caatinga aberta,222_079,4.6
1814768056,0110c37a-f187-3e6a-8c53-ae116e06920b,-47.73549,-23.06891,2026-04-19 17:43:00+00:00,2026-04-19,NOAA-21,TIETÊ,SÃO PAULO,Brasil,0.0,0.0,0.84,Mata Atlântica,33,35,3554508,8,Pastagens e gramíneas,220_076,3.9
1814769106,2e62b6d4-a081-3746-9cf1-432b1e9f46e1,-51.38656,-27.12487,2026-04-19 17:43:00+00:00,2026-04-19,NOAA-21,IBICARÉ,SANTA CATARINA,Brasil,0.0,3.0,0.1,Mata Atlântica,33,42,4206801,8,Floresta Ombrófila densa,222_079,11.3
1814769508,817a1070-dc2e-32ea-b4e9-0fea166e3672,-50.40082,-26.79803,2026-04-19 17:43:00+00:00,2026-04-19,NOAA-21,SANTA CECÍLIA,SANTA CATARINA,Brasil,0.0,4.0,0.1,Mata Atlântica,33,42,4215505,8,Floresta Ombrófila densa,221_079,2.1
1814769024,952c872e-f4a4-37f7-959f-bfdd780550f3,-51.39205,-26.15244,2026-04-19 17:43:00+00:00,2026-04-19,NOAA-21,BITURUNA,PARANÁ,Brasil,0.0,5.0,0.11,Mata Atlântica,33,41,4102901,8,Floresta Ombrófila densa,222_078,12.4
1814768105,31f198eb-deaa-31b9-b9dd-1bfe053c8657,-51.06709,-15.40563,2026-04-19 17:45:00+00:00,2026-04-19,NOAA-21,BRITÂNIA,GOIÁS,Brasil,0.3,6.0,0.74,Cerrado,33,52,5203807,8,Pastagens e gramíneas,223_071,9.4
1814770182,322f282b-09b8-397a-9b56-f26cdbbe2b81,-50.7646,-17.49932,2026-04-19 17:45:00+00:00,2026-04-19,NOAA-21,RIO VERDE,GOIÁS,Brasil,0.0,9.0,0.72,Cerrado,33,52,5218805,8,Agricultura e diversos,223_072,8.5
1814769610,ee43e4ea-07e2-302d-b275-164ec9f63962,-50.76168,-17.51101,2026-04-19 17:45:00+00:00,2026-04-19,NOAA-21,RIO VERDE,GOIÁS,Brasil,0.0,10.0,0.71,Cerrado,33,52,5218805,8,Savana; Caatinga aberta,223_072,6.1
1814767422,3e2af740-0c56-370d-a332-90394e028a85,-52.69234,-17.92836,2026-04-19 17:45:00+00:00,2026-04-19,NOAA-21,MINEIROS,GOIÁS,Brasil,1.51,4.0,0.38,Cerrado,33,52,5213103,8,Agricultura e diversos,224_072,2.2
1814768785,466b50ed-82ea-3f5d-af64-ab38f185ba83,-52.07522,-14.2813,2026-04-19 17:45:00+00:00,2026-04-19,NOAA-21,NOVA NAZARÉ,MATO GROSSO,Brasil,0.74,2.0,0.13,Cerrado,33,51,5106174,8,Florestas decíduas e sazonais,224_070,1.0
1814769846,6c639499-90b7-33a4-aee6-d0b5172e410c,-52.63869,-17.65624,2026-04-19 17:45:00+00:00,2026-04-19,NOAA-21,MINEIROS,GOIÁS,Brasil,0.1,5.0,0.74,Cerrado,33,52,5213103,8,Pastagens e gramíneas,224_072,2.5
1814768531,a93a8cbf-7c62-3a75-86b4-24fae5b5a2d5,-51.06392,-15.40673,2026-04-19 17:45:00+00:00,2026-04-19,NOAA-21,BRITÂNIA,GOIÁS,Brasil,0.3,6.0,0.74,Cerrado,33,52,5203807,8,Pastagens e gramíneas,223_071,14.3
1814769209,a3cdeb6d-77f0-3a91-99d4-13722a938776,-50.75959,-17.49825,2026-04-19 17:45:00+00:00,2026-04-19,NOAA-21,RIO VERDE,GOIÁS,Brasil,0.0,9.0,0.73,Cerrado,33,52,5218805,8,Agricultura e diversos,223_072,8.5
1814768969,5bb33957-362c-3e9a-a579-84ce20bcfbbb,-50.76311,-17.50516,2026-04-19 17:45:00+00:00,2026-04-19,NOAA-21,RIO VERDE,GOIÁS,Brasil,0.0,10.0,0.39,Cerrado,33,52,5218805,8,Floresta de contato; Campinarana,223_072,6.1
1814767503,cc9d2940-e8dc-3fdb-86c3-de1cc1ba61f8,-60.90724,4.44883,2026-04-19 17:52:00+00:00,2026-04-19,NOAA-21,PACARAIMA,RORAIMA,Brasil,0.53,0.0,0.3,Amazônia,33,14,1400456,8,Savana; Caatinga aberta,232_057,9.8
1814769235,7f4eb5f5-e58b-34ca-a1e0-139a63987bde,-60.17363,4.62581,2026-04-19 17:52:00+00:00,2026-04-19,NOAA-21,UIRAMUTÃ,RORAIMA,Brasil,1.09,0.0,0.78,Amazônia,33,14,1400704,8,Pastagens e gramíneas,232_057,15.4
1814767047,3910f240-5e06-3edd-884a-bfde832bab4f,-60.30518,4.76633,2026-04-19 17:52:00+00:00,2026-04-19,NOAA-21,UIRAMUTÃ,RORAIMA,Brasil,0.9,0.0,0.09,Amazônia,33,14,1400704,8,Savana; Caatinga aberta,232_057,10.7
1814769805,23f22171-0cef-321b-959c-43bbdb5330dc,-60.55412,2.32039,2026-04-19 17:52:00+00:00,2026-04-19,NOAA-21,CANTÁ,RORAIMA,Brasil,0.27,0.0,0.23,Amazônia,33,14,1400175,8,Floresta Ombrófila densa,232_058,4.2
1814765643,8c3bf675-623a-30e5-9fca-cfbcb5a75b6a,-50.71144,-27.50543,2026-04-19 18:13:00+00:00,2026-04-19,NPP-375,SÃO JOSÉ DO CERRITO,SANTA CATARINA,Brasil,0.0,3.0,0.19,Mata Atlântica,33,42,4216800,8,Florestas decíduas e sazonais,221_079,3.6
1814762938,084c5072-b848-3aef-aa6a-73a9d90971e4,-49.97786,-27.7529,2026-04-19 18:13:00+00:00,2026-04-19,NPP-375,BOCAINA DO SUL,SANTA CATARINA,Brasil,0.0,2.0,0.15,Mata Atlântica,33,42,4202438,8,Floresta Ombrófila densa,220_079,24.3
1814763084,88c2852b-7b22-3e93-97e5-dc8b0b1920e7,-51.92876,-26.49578,2026-04-19 18:13:00+00:00,2026-04-19,NPP-375,PALMAS,PARANÁ,Brasil,0.0,3.0,0.25,Mata Atlântica,33,41,4117602,8,Agricultura e diversos,222_078,23.5
1814763156,8183296a-0986-33d2-88a8-8e2a38e3399b,-50.78095,-28.88626,2026-04-19 18:13:00+00:00,2026-04-19,NPP-375,SÃO FRANCISCO DE PAULA,RIO GRANDE DO SUL,Brasil,0.0,2.0,0.2,Mata Atlântica,33,43,4318200,8,Floresta Ombrófila densa,221_080,10.4
1814763237,45cc8102-b7aa-3d4d-91d8-798070dc4dd6,-50.78515,-27.90574,2026-04-19 18:13:00+00:00,2026-04-19,NPP-375,CAMPO BELO DO SUL,SANTA CATARINA,Brasil,0.0,3.0,0.62,Mata Atlântica,33,42,4203402,8,Agricultura e diversos,221_079,3.5
1814763285,2c457939-a599-3ee8-8b42-b1d570e0a4fa,-50.42218,-27.54136,2026-04-19 18:13:00+00:00,2026-04-19,NPP-375,CORREIA PINTO,SANTA CATARINA,Brasil,0.0,2.0,0.17,Mata Atlântica,33,42,4204558,8,Floresta Ombrófila densa,221_079,11.8
1814763428,7cdbe031-c867-3592-9b64-536e0b600225,-50.41396,-27.53906,2026-04-19 18:13:00+00:00,2026-04-19,NPP-375,CORREIA PINTO,SANTA CATARINA,Brasil,0.0,2.0,0.17,Mata Atlântica,33,42,4204558,8,Floresta Ombrófila densa,221_079,11.8
1814763537,3dfde320-4924-37d1-b80b-fc591205b40e,-49.97055,-27.75082,2026-04-19 18:13:00+00:00,2026-04-19,NPP-375,BOCAINA DO SUL,SANTA CATARINA,Brasil,0.0,2.0,0.15,Mata Atlântica,33,42,4202438,8,Floresta Ombrófila densa,220_079,18.7
1814763620,9230d562-a234-3761-9c41-73d5d73e7b91,-50.26915,-27.68727,2026-04-19 18:13:00+00:00,2026-04-19,NPP-375,LAGES,SANTA CATARINA,Brasil,0.0,2.0,0.6,Mata Atlântica,33,42,4209300,8,Savana; Caatinga aberta,221_079,280.7
1814763647,6ca7d85c-2cd9-35a5-844d-5acb6d4012ca,-50.27282,-27.6853,2026-04-19 18:13:00+00:00,2026-04-19,NPP-375,LAGES,SANTA CATARINA,Brasil,0.0,2.0,0.47,Mata Atlântica,33,42,4209300,8,Savana arbórea; Caatinga fechada,221_079,32.8
1814763756,24b2badf-d5ee-394f-90cf-a2b6921b30e7,-50.27581,-27.68916,2026-04-19 18:13:00+00:00,2026-04-19,NPP-375,LAGES,SANTA CATARINA,Brasil,0.0,2.0,0.35,Mata Atlântica,33,42,4209300,8,Floresta de contato; Campinarana,221_079,93.1
1814763858,c9a97a74-4512-3e40-a7cf-06c569232cc9,-50.39925,-26.80131,2026-04-19 18:13:00+00:00,2026-04-19,NPP-375,SANTA CECÍLIA,SANTA CATARINA,Brasil,0.0,4.0,0.1,Mata Atlântica,33,42,4215505,8,Floresta Ombrófila densa,221_079,6.2
1814763872,89cc8a64-d329-39b5-a201-5483993dde3e,-50.04875,-27.663,2026-04-19 18:13:00+00:00,2026-04-19,NPP-375,LAGES,SANTA CATARINA,Brasil,0.0,3.0,0.18,Mata Atlântica,33,42,4209300,8,Floresta Ombrófila densa,221_079,3.2
1814763983,c2e461cb-d258-3b9f-a61f-b833acfadcd8,-49.97012,-27.7584,2026-04-19 18:13:00+00:00,2026-04-19,NPP-375,BOCAINA DO SUL,SANTA CATARINA,Brasil,0.0,2.0,0.15,Mata Atlântica,33,42,4202438,8,Floresta Ombrófila densa,220_079,18.7
1814764037,bd6ae9ba-bccf-36f0-b7d3-7d3037257d0a,-50.78119,-27.91247,2026-04-19 18:13:00+00:00,2026-04-19,NPP-375,CAMPO BELO DO SUL,SANTA CATARINA,Brasil,0.0,3.0,0.68,Mata Atlântica,33,42,4203402,8,Agricultura e diversos,221_079,4.4
1814764080,60f99cf6-8108-3e1b-86b2-a7687a6d82d0,-50.44681,-29.67877,2026-04-19 18:13:00+00:00,2026-04-19,NPP-375,RIOZINHO,RIO GRANDE DO SUL,Brasil,0.0,2.0,0.3,Mata Atlântica,33,43,4315750,8,Floresta Ombrófila densa,220_081,4.7
1814764292,a526b6a6-84cb-397b-a199-bc474a8c5983,-50.50987,-27.9748,2026-04-19 18:13:00+00:00,2026-04-19,NPP-375,CAPÃO ALTO,SANTA CATARINA,Brasil,0.0,4.0,0.56,Mata Atlântica,33,42,4203253,8,Savana; Caatinga aberta,221_079,6.4
1814764622,64973509-563f-3dad-bd2c-88c7d4ff152f,-50.40339,-29.84333,2026-04-19 18:13:00+00:00,2026-04-19,NPP-375,SANTO ANTÔNIO DA PATRULHA,RIO GRANDE DO SUL,Brasil,0.0,2.0,0.34,Mata Atlântica,33,43,4317608,8,Florestas decíduas e sazonais,220_081,3.7
1814764677,e5d77546-d7c8-3a3e-b487-e4637bd6783e,-50.78279,-27.91245,2026-04-19 18:13:00+00:00,2026-04-19,NPP-375,CAMPO BELO DO SUL,SANTA CATARINA,Brasil,0.0,3.0,0.69,Mata Atlântica,33,42,4203402,8,Agricultura e diversos,221_079,3.5
1814764687,f5772bb2-3ad9-3856-a923-ed048edebd2b,-50.27053,-27.69225,2026-04-19 18:13:00+00:00,2026-04-19,NPP-375,LAGES,SANTA CATARINA,Brasil,0.0,2.0,0.57,Mata Atlântica,33,42,4209300,8,Savana; Caatinga aberta,221_079,286.9
1814765365,f4906892-1c3a-3900-b3f2-9d07735f2f18,-50.26361,-27.69033,2026-04-19 18:13:00+00:00,2026-04-19,NPP-375,LAGES,SANTA CATARINA,Brasil,0.0,2.0,0.6,Mata Atlântica,33,42,4209300,8,Savana; Caatinga aberta,221_079,235.5
1814765606,99480064-a559-3d34-8547-a78443fb1418,-50.39883,-26.79965,2026-04-19 18:13:00+00:00,2026-04-19,NPP-375,SANTA CECÍLIA,SANTA CATARINA,Brasil,0.0,4.0,0.1,Mata Atlântica,33,42,4215505,8,Floresta Ombrófila densa,221_079,8.7
1814765910,3733da9a-ce32-31ae-b667-f99d3bfc8ebb,-50.26678,-27.6942,2026-04-19 18:13:00+00:00,2026-04-19,NPP-375,LAGES,SANTA CATARINA,Brasil,0.0,2.0,0.6,Mata Atlântica,33,42,4209300,8,Savana; Caatinga aberta,221_079,109.6
1814765977,be897b82-e211-3dec-aa11-94d59ee56406,-50.78358,-27.90576,2026-04-19 18:13:00+00:00,2026-04-19,NPP-375,CAMPO BELO DO SUL,SANTA CATARINA,Brasil,0.0,3.0,0.59,Mata Atlântica,33,42,4203402,8,Agricultura e diversos,221_079,6.3
1814766158,e59c8f27-fd9c-329d-898e-a2fcc4f9c489,-50.78159,-28.88523,2026-04-19 18:13:00+00:00,2026-04-19,NPP-375,SÃO FRANCISCO DE PAULA,RIO GRANDE DO SUL,Brasil,0.0,2.0,0.2,Mata Atlântica,33,43,4318200,8,Floresta Ombrófila densa,221_080,6.5
1814766376,d8a52297-d373-3eaa-97e5-e380778dbd4b,-50.27369,-27.69616,2026-04-19 18:13:00+00:00,2026-04-19,NPP-375,LAGES,SANTA CATARINA,Brasil,0.0,2.0,0.45,Mata Atlântica,33,42,4209300,8,Savana arbórea; Caatinga fechada,221_079,40.4
1814766392,6ec845e9-b2b7-3786-8dfb-459df69c0e86,-51.92933,-26.50024,2026-04-19 18:13:00+00:00,2026-04-19,NPP-375,PALMAS,PARANÁ,Brasil,0.0,3.0,0.25,Mata Atlântica,33,41,4117602,8,Agricultura e diversos,222_078,26.0
1814765146,2161f5f4-f53e-30a4-bb66-baea2b619b14,-51.39729,-26.14873,2026-04-19 18:15:00+00:00,2026-04-19,NPP-375,BITURUNA,PARANÁ,Brasil,0.0,5.0,0.11,Mata Atlântica,33,41,4102901,8,Floresta Ombrófila densa,222_078,6.4
1814765993,bab2199a-97e8-3fc1-8e44-fc560e29fd66,-51.38925,-26.15274,2026-04-19 18:15:00+00:00,2026-04-19,NPP-375,BITURUNA,PARANÁ,Brasil,0.0,5.0,0.11,Mata Atlântica,33,41,4102901,8,Floresta Ombrófila densa,222_078,12.4
1814763758,5d9f6154-128c-3a78-9454-6c727b4a747f,-54.22478,-24.97419,2026-04-19 18:15:00+00:00,2026-04-19,NPP-375,SANTA HELENA,PARANÁ,Brasil,0.0,3.0,0.59,Mata Atlântica,33,41,4123501,8,Agricultura e diversos,224_077,4.6
1814765035,bc0e8ebc-e873-3aaa-b8c5-92847d4d7fc5,-51.70218,-25.9896,2026-04-19 18:15:00+00:00,2026-04-19,NPP-375,BITURUNA,PARANÁ,Brasil,0.0,3.0,0.21,Mata Atlântica,33,41,4102901,8,Florestas decíduas e sazonais,222_078,2.9
1814765510,8adb062a-eaac-3f17-80b3-a5975f0d4ecb,-51.39728,-26.15493,2026-04-19 18:15:00+00:00,2026-04-19,NPP-375,BITURUNA,PARANÁ,Brasil,0.0,5.0,0.11,Mata Atlântica,33,41,4102901,8,Floresta Ombrófila densa,222_078,11.2
1814764158,bbca51c5-9899-31aa-b786-cacbd2cd6239,-60.41564,1.00008,2026-04-19 18:21:00+00:00,2026-04-19,NPP-375,RORAINÓPOLIS,RORAIMA,Brasil,0.5,0.0,0.69,Amazônia,33,14,1400472,8,Agricultura e diversos,231_059,4.0
1814766943,1dde10f5-f1cd-39ed-b270-58f9f740c653,-60.41696,0.99674,2026-04-19 18:21:00+00:00,2026-04-19,NPP-375,RORAINÓPOLIS,RORAIMA,Brasil,0.5,0.0,0.84,Amazônia,33,14,1400472,8,Pastagens e gramíneas,231_059,2.1
1814789344,1d74f7ca-d1fd-3655-8b8f-b0db6644058b,-50.2602,-27.6857,2026-04-19 18:50:00+00:00,2026-04-19,GOES-19,LAGES,SANTA CATARINA,Brasil,0.0,2.0,0.6,Mata Atlântica,33,42,4209300,8,Savana; Caatinga aberta,221_079,179.9
1814789337,e72cc955-4317-32d4-82e3-df94157eb196,-50.2602,-27.6857,2026-04-19 19:00:00+00:00,2026-04-19,GOES-19,LAGES,SANTA CATARINA,Brasil,0.0,2.0,0.6,Mata Atlântica,33,42,4209300,8,Savana; Caatinga aberta,221_079,207.4
1814789339,56ff559a-03c6-313b-864a-521cf55108bb,-50.2844,-27.6848,2026-04-19 19:00:00+00:00,2026-04-19,GOES-19,LAGES,SANTA CATARINA,Brasil,0.0,2.0,0.49,Mata Atlântica,33,42,4209300,8,Savana arbórea; Caatinga fechada,221_079,188.2
1814789340,5716cd95-3bb1-3426-b02c-9ee51e278ae1,-50.2602,-27.6857,2026-04-19 19:10:00+00:00,2026-04-19,GOES-19,LAGES,SANTA CATARINA,Brasil,0.0,2.0,0.6,Mata Atlântica,33,42,4209300,8,Savana; Caatinga aberta,221_079,202.9
1814766517,af04b9ad-9cef-392e-af63-0081266bfece,-49.80779,-27.44554,2026-04-19 19:10:00+00:00,2026-04-19,AQUA_M-T,AGROLÂNDIA,SANTA CATARINA,Brasil,0.0,3.0,0.18,Mata Atlântica,33,42,4200200,8,Floresta Ombrófila densa,220_079,6.0
1814766672,d48c65ad-6ed1-3e46-9cf0-92ff70866f12,-50.51598,-27.97599,2026-04-19 19:10:00+00:00,2026-04-19,AQUA_M-T,CAPÃO ALTO,SANTA CATARINA,Brasil,0.0,4.0,0.34,Mata Atlântica,33,42,4203253,8,Floresta de contato; Campinarana,221_079,7.3
1814765995,75e921ac-4dc6-3ed1-9134-33d28e2701ff,-51.64259,-29.69395,2026-04-19 19:10:00+00:00,2026-04-19,AQUA_M-T,TRIUNFO,RIO GRANDE DO SUL,Brasil,0.0,3.0,0.32,Pampa,33,43,4322004,8,Florestas decíduas e sazonais,221_081,4.9
1814789341,7a425314-f9f1-3568-a8fa-215f82580c09,-50.2844,-27.6848,2026-04-19 19:10:00+00:00,2026-04-19,GOES-19,LAGES,SANTA CATARINA,Brasil,0.0,2.0,0.49,Mata Atlântica,33,42,4209300,8,Savana arbórea; Caatinga fechada,221_079,151.7
1814762717,6f047e1e-17b8-34a3-b995-240ffe1a41f6,-50.41823,-27.53996,2026-04-19 19:10:00+00:00,2026-04-19,AQUA_M-T,CORREIA PINTO,SANTA CATARINA,Brasil,0.0,2.0,0.17,Mata Atlântica,33,42,4204558,8,Floresta Ombrófila densa,221_079,50.1
1814762804,7bffd25e-078d-3ae8-9736-09333b4e55be,-51.53211,-28.76995,2026-04-19 19:10:00+00:00,2026-04-19,AQUA_M-T,NOVA PRATA,RIO GRANDE DO SUL,Brasil,0.0,3.0,0.14,Mata Atlântica,33,43,4313300,8,Floresta Ombrófila densa,221_080,9.5
1814766011,3ca2aa8e-06f2-35e6-9d0c-0836b39aa1aa,-50.03046,-27.66941,2026-04-19 19:10:00+00:00,2026-04-19,AQUA_M-T,LAGES,SANTA CATARINA,Brasil,0.0,3.0,0.17,Mata Atlântica,33,42,4209300,8,Floresta Ombrófila densa,221_079,9.6
1814765067,0a9ef80c-ec49-3df5-9f7d-2c25d66b64b8,-51.42326,-29.46525,2026-04-19 19:10:00+00:00,2026-04-19,AQUA_M-T,TUPANDI,RIO GRANDE DO SUL,Brasil,0.0,3.0,0.33,Mata Atlântica,33,43,4322251,8,Floresta Ombrófila densa,221_080,5.3
1814766102,6e84ed3c-1fca-3da7-b2c0-6121ff39e205,-50.05703,-27.66392,2026-04-19 19:10:00+00:00,2026-04-19,AQUA_M-T,LAGES,SANTA CATARINA,Brasil,0.0,3.0,0.18,Mata Atlântica,33,42,4209300,8,Floresta Ombrófila densa,221_079,16.3
1814764923,ac6f95f2-3940-3ce5-8867-265f5e581742,-50.26382,-27.68932,2026-04-19 19:10:00+00:00,2026-04-19,AQUA_M-T,LAGES,SANTA CATARINA,Brasil,0.0,2.0,0.6,Mata Atlântica,33,42,4209300,8,Savana; Caatinga aberta,221_079,23.6
1814764891,b3a74246-621a-39a6-91cf-9e9fecbb2a15,-50.28727,-27.69332,2026-04-19 19:10:00+00:00,2026-04-19,AQUA_M-T,LAGES,SANTA CATARINA,Brasil,0.0,2.0,0.68,Mata Atlântica,33,42,4209300,8,Savana; Caatinga aberta,221_079,15.0
1814764889,a5776be7-1b96-32b5-a6b1-96861a977e53,-50.01825,-27.66732,2026-04-19 19:10:00+00:00,2026-04-19,AQUA_M-T,LAGES,SANTA CATARINA,Brasil,0.0,3.0,0.71,Mata Atlântica,33,42,4209300,8,Savana; Caatinga aberta,221_079,13.0
1814762971,d6221458-23fa-3fbb-a879-6e278089454a,-50.78027,-28.88854,2026-04-19 19:10:00+00:00,2026-04-19,AQUA_M-T,SÃO FRANCISCO DE PAULA,RIO GRANDE DO SUL,Brasil,0.0,2.0,0.2,Mata Atlântica,33,43,4318200,8,Floresta Ombrófila densa,221_080,5.8
1814763136,f6cb7cb2-3ec0-3ceb-8d0e-45589f14e92c,-50.27548,-27.69131,2026-04-19 19:10:00+00:00,2026-04-19,AQUA_M-T,LAGES,SANTA CATARINA,Brasil,0.0,2.0,0.36,Mata Atlântica,33,42,4209300,8,Floresta de contato; Campinarana,221_079,462.5
1814763825,bc96f39d-f20e-3be2-9683-8be45129de3f,-49.97968,-27.75422,2026-04-19 19:10:00+00:00,2026-04-19,AQUA_M-T,BOCAINA DO SUL,SANTA CATARINA,Brasil,0.0,2.0,0.15,Mata Atlântica,33,42,4202438,8,Floresta Ombrófila densa,220_079,28.2
1814763717,37182fa4-9e2d-39f1-803b-eda36ef3a7e2,-50.42999,-27.54194,2026-04-19 19:10:00+00:00,2026-04-19,AQUA_M-T,CORREIA PINTO,SANTA CATARINA,Brasil,0.0,2.0,0.18,Mata Atlântica,33,42,4204558,8,Florestas decíduas e sazonais,221_079,42.3
1814763720,3b5a4dc4-d750-38bb-ad96-7c30193f8c99,-51.39737,-26.15666,2026-04-19 19:13:00+00:00,2026-04-19,AQUA_M-T,BITURUNA,PARANÁ,Brasil,0.0,5.0,0.11,Mata Atlântica,33,41,4102901,8,Floresta Ombrófila densa,222_078,10.7
1814765927,41053403-feef-351b-85aa-8e9156c440ec,-51.19199,-27.17737,2026-04-19 19:13:00+00:00,2026-04-19,AQUA_M-T,IBIAM,SANTA CATARINA,Brasil,0.0,3.0,0.11,Mata Atlântica,33,42,4206751,8,Florestas decíduas e sazonais,221_079,16.2
1814765463,eddfd741-f8ad-32c4-aa34-408c3348ec3b,-50.75557,-27.08918,2026-04-19 19:13:00+00:00,2026-04-19,AQUA_M-T,FRAIBURGO,SANTA CATARINA,Brasil,0.0,3.0,0.16,Mata Atlântica,33,42,4205506,8,Floresta Ombrófila densa,221_079,6.6
1814764100,2f2c0a34-6898-3a2e-a1cc-301424a8286f,-49.40176,-25.17955,2026-04-19 19:13:00+00:00,2026-04-19,AQUA_M-T,ITAPERUÇU,PARANÁ,Brasil,0.0,2.0,0.22,Mata Atlântica,33,41,4111258,8,Floresta Ombrófila densa,221_077,57.8
1814763592,5d2283c5-d400-361b-b5bb-28d63cd38c78,-51.93511,-26.50118,2026-04-19 19:13:00+00:00,2026-04-19,AQUA_M-T,PALMAS,PARANÁ,Brasil,0.0,3.0,0.25,Mata Atlântica,33,41,4117602,8,Agricultura e diversos,222_078,16.8
1814763178,aed2252b-80d5-3ffc-a50d-e5c86cae246c,-51.20238,-27.17908,2026-04-19 19:13:00+00:00,2026-04-19,AQUA_M-T,IBIAM,SANTA CATARINA,Brasil,0.0,3.0,0.28,Mata Atlântica,33,42,4206751,8,Savana arbórea; Caatinga fechada,221_079,6.4
1814762920,3ab9a7b7-d50a-3d9a-81dd-baa7b199b951,-51.92475,-26.49953,2026-04-19 19:13:00+00:00,2026-04-19,AQUA_M-T,PALMAS,PARANÁ,Brasil,0.0,3.0,0.25,Mata Atlântica,33,41,4117602,8,Agricultura e diversos,222_078,5.3
1814762851,d9ad59ab-0637-3cf4-a144-5e4ee17e2f9c,-49.38762,-25.17706,2026-04-19 19:13:00+00:00,2026-04-19,AQUA_M-T,RIO BRANCO DO SUL,PARANÁ,Brasil,0.0,2.0,0.22,Mata Atlântica,33,41,4122206,8,Floresta Ombrófila densa,221_077,7.2
1814766674,0dd01cef-86f9-3317-8b43-e737e13143cd,-51.38753,-27.12561,2026-04-19 19:13:00+00:00,2026-04-19,AQUA_M-T,IBICARÉ,SANTA CATARINA,Brasil,0.0,3.0,0.11,Mata Atlântica,33,42,4206801,8,Florestas decíduas e sazonais,222_079,11.0
1814766792,5f2adbc1-e991-3572-bbcc-54362a2c27f7,-60.25216,2.76999,2026-04-19 19:19:00+00:00,2026-04-19,AQUA_M-T,BONFIM,RORAIMA,Brasil,0.94,6.0,0.57,Amazônia,33,14,1400159,8,Savana arbórea; Caatinga fechada,232_058,19.8
1814766268,29cd2d3f-3504-3857-980e-2a1841c57f41,-60.62441,2.02301,2026-04-19 19:19:00+00:00,2026-04-19,AQUA_M-T,CANTÁ,RORAIMA,Brasil,0.51,0.0,0.45,Amazônia,33,14,1400175,8,Savana arbórea; Caatinga fechada,232_059,7.5
1814763963,e83136ef-db2c-3d3e-9e76-dcf73f666e4f,-60.04903,1.2765,2026-04-19 19:19:00+00:00,2026-04-19,AQUA_M-T,CARACARAÍ,RORAIMA,Brasil,0.21,0.0,0.91,Amazônia,33,14,1400209,8,Pastagens e gramíneas,231_059,12.3
1814765882,2ddea743-96c8-301d-88af-6065a9a89a73,-60.63728,1.80726,2026-04-19 19:19:00+00:00,2026-04-19,AQUA_M-T,CARACARAÍ,RORAIMA,Brasil,0.98,1.0,0.27,Amazônia,33,14,1400209,8,Floresta de contato; Campinarana,232_059,132.2
1814765659,ad786841-5092-3976-b53a-e0aed4d484ce,-60.80893,1.52511,2026-04-19 19:19:00+00:00,2026-04-19,AQUA_M-T,CARACARAÍ,RORAIMA,Brasil,1.6,2.0,0.08,Amazônia,33,14,1400209,8,Floresta Ombrófila densa,232_059,10.7
1814765172,04a6532a-704c-3bf4-b796-790cd269eac3,-60.80338,1.38626,2026-04-19 19:19:00+00:00,2026-04-19,AQUA_M-T,CARACARAÍ,RORAIMA,Brasil,2.96,2.0,0.06,Amazônia,33,14,1400209,8,Floresta Ombrófila densa,232_059,9.8
1814765269,d8544f0d-b19d-3b38-81ce-0f87014970ad,-60.71325,2.17677,2026-04-19 19:19:00+00:00,2026-04-19,AQUA_M-T,CANTÁ,RORAIMA,Brasil,0.2,0.0,0.16,Amazônia,33,14,1400175,8,Floresta Ombrófila densa,232_058,9.8
1814762927,e3b8ad33-07f2-3750-a8f4-f7b436e5cbe4,-60.5543,2.56996,2026-04-19 19:19:00+00:00,2026-04-19,AQUA_M-T,CANTÁ,RORAIMA,Brasil,0.12,0.0,0.3,Amazônia,33,14,1400175,8,Floresta Ombrófila densa,232_058,9.6
1814764534,1ef0cac8-9074-3939-979e-6a6745baa7da,-60.79449,1.38757,2026-04-19 19:19:00+00:00,2026-04-19,AQUA_M-T,CARACARAÍ,RORAIMA,Brasil,2.88,2.0,0.06,Amazônia,33,14,1400209,8,Floresta Ombrófila densa,232_059,11.6
1814764512,8e9cf7c1-b0a0-3649-aea2-4c84aaeefb76,-60.63597,1.79847,2026-04-19 19:19:00+00:00,2026-04-19,AQUA_M-T,CARACARAÍ,RORAIMA,Brasil,1.07,1.0,0.12,Amazônia,33,14,1400209,8,Floresta Ombrófila densa,232_059,30.7
1814789343,9d21d9a9-7854-3769-a200-1a4cc780c552,-50.2844,-27.6848,2026-04-19 19:20:00+00:00,2026-04-19,GOES-19,LAGES,SANTA CATARINA,Brasil,0.0,2.0,0.49,Mata Atlântica,33,42,4209300,8,Savana arbórea; Caatinga fechada,221_079,212.0
1814789338,3bb63636-5be5-3323-80f7-715df122b5f6,-50.2602,-27.6857,2026-04-19 19:20:00+00:00,2026-04-19,GOES-19,LAGES,SANTA CATARINA,Brasil,0.0,2.0,0.6,Mata Atlântica,33,42,4209300,8,Savana; Caatinga aberta,221_079,222.2
1814789342,a60a3a1b-9c7f-369d-b61a-b89136e3b79e,-50.2602,-27.6857,2026-04-19 19:30:00+00:00,2026-04-19,GOES-19,LAGES,SANTA CATARINA,Brasil,0.0,2.0,0.6,Mata Atlântica,33,42,4209300,8,Savana; Caatinga aberta,221_079,114.5
1814789345,602ce588-5810-357a-9994-8fe0f500d589,-50.2844,-27.6848,2026-04-19 19:30:00+00:00,2026-04-19,GOES-19,LAGES,SANTA CATARINA,Brasil,0.0,2.0,0.49,Mata Atlântica,33,42,4209300,8,Savana arbórea; Caatinga fechada,221_079,99.0
1814762641,1cb96667-28f9-3687-869a-04ef99feac48,-49.9148,-16.5518,2026-04-19 20:40:00+00:00,2026-04-19,GOES-19,NAZÁRIO,GOIÁS,Brasil,0.0,0.0,0.82,Cerrado,33,52,5214408,8,Pastagens e gramíneas,222_071,111.0
1814771009,21433bc7-4bd4-372e-855f-fc5c05f32d5b,-39.8911,-17.5838,2026-04-19 21:20:00+00:00,2026-04-19,GOES-19,CARAVELAS,BAHIA,Brasil,0.0,3.0,0.88,Mata Atlântica,33,29,2906907,8,Pastagens e gramíneas,216_072,100.5
1814770977,bbc392b7-292e-37be-a32e-cc89dd83872c,-39.8967,-17.5636,2026-04-19 21:20:00+00:00,2026-04-19,GOES-19,CARAVELAS,BAHIA,Brasil,0.0,3.0,0.42,Mata Atlântica,33,29,2906907,8,Savana arbórea; Caatinga fechada,216_072,114.8
1814770983,20e94a06-88cb-3e0c-991b-c5a00676c5e3,-42.7632,-17.8201,2026-04-19 21:20:00+00:00,2026-04-19,GOES-19,ITAMARANDIBA,MINAS GERAIS,Brasil,0.0,2.0,0.26,Mata Atlântica,33,31,3132503,8,Savana; Caatinga aberta,217_072,80.9
1814771023,cb0663bc-c22f-3fca-9677-b663fad68c4c,-44.0233,-13.4608,2026-04-19 21:30:00+00:00,2026-04-19,GOES-19,SÃO FÉLIX DO CORIBE,BAHIA,Brasil,0.64,0.0,0.28,Cerrado,33,29,2929057,8,Savana arbórea; Caatinga fechada,219_069,83.0
1814771031,ca5c9c8c-368e-3a66-ad68-eec8b5616660,-44.0198,-13.4802,2026-04-19 21:30:00+00:00,2026-04-19,GOES-19,SÃO FÉLIX DO CORIBE,BAHIA,Brasil,0.55,2.0,0.3,Cerrado,33,29,2929057,8,Savana arbórea; Caatinga fechada,219_069,84.8
1814774464,8959d33e-057b-34c4-8505-b8de296b4374,-49.3029,-19.2481,2026-04-19 21:50:00+00:00,2026-04-19,GOES-19,PRATA,MINAS GERAIS,Brasil,0.0,9.0,0.82,Cerrado,33,31,3152808,8,Agricultura e diversos,221_073,123.5
1814771638,89513988-6e77-37ff-acec-8ae68e04497f,-49.9148,-16.5518,2026-04-19 21:50:00+00:00,2026-04-19,GOES-19,NAZÁRIO,GOIÁS,Brasil,0.0,0.0,0.82,Cerrado,33,52,5214408,8,Pastagens e gramíneas,222_071,82.9
1814779314,0a59e131-0fcb-3f88-9ef8-bec5805ad910,-44.0198,-13.4802,2026-04-19 22:00:00+00:00,2026-04-19,GOES-19,SÃO FÉLIX DO CORIBE,BAHIA,Brasil,0.55,2.0,0.3,Cerrado,33,29,2929057,8,Savana arbórea; Caatinga fechada,219_069,84.5
1814778478,062f94e8-afa9-30cb-bbab-4e0b098bbce0,-51.8563,-23.612,2026-04-19 22:00:00+00:00,2026-04-19,GOES-19,MARIALVA,PARANÁ,Brasil,0.0,3.0,0.47,Mata Atlântica,33,41,4114807,8,Agricultura e diversos,222_076,81.9
1814778211,a37c54d3-47f5-3995-b368-08e824d17c31,-51.8334,-23.6127,2026-04-19 22:00:00+00:00,2026-04-19,GOES-19,MARIALVA,PARANÁ,Brasil,0.0,3.0,0.47,Mata Atlântica,33,41,4114807,8,Agricultura e diversos,222_076,76.6
1814779560,7078fb67-06c0-3e43-9ac1-c25e1755fce6,-49.3029,-19.2481,2026-04-19 22:10:00+00:00,2026-04-19,GOES-19,PRATA,MINAS GERAIS,Brasil,0.0,9.0,0.82,Cerrado,33,31,3152808,8,Agricultura e diversos,221_073,84.9
1814779576,fc85f24e-dbe6-382d-9421-3fe45b0bf68a,-49.3029,-19.2481,2026-04-19 22:30:00+00:00,2026-04-19,GOES-19,PRATA,MINAS GERAIS,Brasil,0.0,9.0,0.82,Cerrado,33,31,3152808,8,Agricultura e diversos,221_073,63.0
1814779583,417ea92c-a4d7-33ea-ab2a-91cf0d07e148,-44.0198,-13.4802,2026-04-19 22:30:00+00:00,2026-04-19,GOES-19,SÃO FÉLIX DO CORIBE,BAHIA,Brasil,0.55,2.0,0.3,Cerrado,33,29,2929057,8,Savana arbórea; Caatinga fechada,219_069,69.1
1814779595,1b435ff4-2ac4-3869-9487-7bf0a5954d9e,-49.3029,-19.2481,2026-04-19 22:40:00+00:00,2026-04-19,GOES-19,PRATA,MINAS GERAIS,Brasil,0.0,9.0,0.82,Cerrado,33,31,3152808,8,Agricultura e diversos,221_073,100.1
1814779638,d06d5e64-8952-316f-b3fc-81023723847a,-60.5458,2.5621,2026-04-19 22:50:00+00:00,2026-04-19,GOES-19,CANTÁ,RORAIMA,Brasil,0.13,0.0,0.5,Amazônia,33,14,1400175,8,Floresta de contato; Campinarana,232_058,57.8
1814779951,87efb3fb-d983-3194-a3d2-550e3a798f9e,-49.3029,-19.2481,2026-04-19 22:50:00+00:00,2026-04-19,GOES-19,PRATA,MINAS GERAIS,Brasil,0.0,9.0,0.82,Cerrado,33,31,3152808,8,Agricultura e diversos,221_073,78.4
1814785712,16ff0967-135f-3794-b74c-6b95b8f035b3,-37.469501,-9.8056,2026-04-19 23:13:00+00:00,2026-04-19,METOP-B,PORTO DA FOLHA,SERGIPE,Brasil,2.61,3.0,1.0,Caatinga,33,28,2805604,8,Pastagens e gramíneas,215_067,
1814785458,4f799382-de72-3dc9-8a3c-111fbfbdbaff,-37.461399,-9.8038,2026-04-19 23:13:00+00:00,2026-04-19,METOP-B,PORTO DA FOLHA,SERGIPE,Brasil,2.58,3.0,0.99,Caatinga,33,28,2805604,8,Pastagens e gramíneas,215_067,
1814785540,6ebd3b1d-1ba8-3f29-bd0c-2c9ce38f4867,-39.511799,-11.4127,2026-04-19 23:13:00+00:00,2026-04-19,METOP-B,VALENTE,BAHIA,Brasil,0.0,10.0,1.0,Caatinga,33,29,2933000,8,Pastagens e gramíneas,216_068,
1814785822,2f14eeda-73ed-3604-a207-83c9b755fe7e,-39.5098,-11.4225,2026-04-19 23:13:00+00:00,2026-04-19,METOP-B,VALENTE,BAHIA,Brasil,0.0,10.0,1.0,Caatinga,33,29,2933000,8,Pastagens e gramíneas,216_068,
1814786221,719d77e8-ff4d-3b9a-82d4-d29fb87ed427,-37.476601,-9.7969,2026-04-19 23:46:00+00:00,2026-04-19,METOP-C,PORTO DA FOLHA,SERGIPE,Brasil,2.44,3.0,0.64,Caatinga,33,28,2805604,8,Savana; Caatinga aberta,215_067,
1814786383,df7ffb2e-edb2-3c38-8bdb-3d9b8e1ff30f,-38.437801,-9.9436,2026-04-19 23:46:00+00:00,2026-04-19,METOP-C,JEREMOABO,BAHIA,Brasil,3.9,3.0,0.38,Caatinga,33,29,2918100,8,Savana arbórea; Caatinga fechada,216_067,
1814786338,15d4af95-dc95-3f50-afb7-26917e262e50,-38.4468,-9.9455,2026-04-19 23:46:00+00:00,2026-04-19,METOP-C,JEREMOABO,BAHIA,Brasil,3.96,3.0,0.37,Caatinga,33,29,2918100,8,Savana arbórea; Caatinga fechada,216_067,
1814786144,5c9f4a6c-21cb-30e2-8824-8cc870370f8f,-37.4664,-9.8049,2026-04-19 23:46:00+00:00,2026-04-19,METOP-C,PORTO DA FOLHA,SERGIPE,Brasil,2.6,3.0,1.0,Caatinga,33,28,2805604,8,Pastagens e gramíneas,215_067,
1814786406,539032ab-5102-36eb-a40d-0813726c5b8f,-37.474499,-9.8067,2026-04-19 23:46:00+00:00,2026-04-19,METOP-C,PORTO DA FOLHA,SERGIPE,Brasil,2.62,3.0,1.0,Caatinga,33,28,2805604,8,Pastagens e gramíneas,215_067,
1814786629,a8813c27-7e8f-3b0b-bffc-291c41eabebd,-37.468601,-9.7951,2026-04-19 23:46:00+00:00,2026-04-19,METOP-C,PORTO DA FOLHA,SERGIPE,Brasil,2.4,3.0,0.62,Caatinga,33,28,2805604,8,Savana; Caatinga aberta,215_067,
1814786732,3f7368e6-9e30-32ee-b60b-eb3689b78291,-46.83478,-17.16298,2026-04-19 23:54:00+00:00,2026-04-19,TERRA_M-T,PARACATU,MINAS GERAIS,Brasil,0.0,9.0,1.0,Cerrado,33,31,3147006,8,Pastagens e gramíneas,220_072,10.4
1814786754,7bff5cc5-b067-38e6-ac79-18b112ac4e67,-44.44284,-13.6372,2026-04-19 23:56:00+00:00,2026-04-19,TERRA_M-T,CORIBE,BAHIA,Brasil,0.18,8.0,0.46,Cerrado,33,29,2909109,8,Savana arbórea; Caatinga fechada,219_069,4.2
1814786738,b34f1d4c-c140-3d65-b625-b041524b5044,-44.02594,-13.47081,2026-04-19 23:56:00+00:00,2026-04-19,TERRA_M-T,SÃO FÉLIX DO CORIBE,BAHIA,Brasil,0.6,1.0,0.29,Cerrado,33,29,2929057,8,Savana arbórea; Caatinga fechada,219_069,24.6
1814786740,6f0b462c-a43a-3481-95f7-4108c81cb808,-39.53382,-11.41603,2026-04-19 23:56:00+00:00,2026-04-19,TERRA_M-T,SÃO DOMINGOS,BAHIA,Brasil,0.0,10.0,1.0,Caatinga,33,29,2928950,8,Pastagens e gramíneas,216_068,7.8
1814786746,6a186883-a8fb-3492-bbbe-3a5d0ccd3f12,-46.93572,-14.54944,2026-04-19 23:56:00+00:00,2026-04-19,TERRA_M-T,FLORES DE GOIÁS,GOIÁS,Brasil,0.5,8.0,0.8,Cerrado,33,52,5207907,8,Agricultura e diversos,221_070,7.4
1814786751,f7f6f1b4-adf6-3532-9679-b2e0b5ba90b3,-44.035,-13.47204,2026-04-19 23:56:00+00:00,2026-04-19,TERRA_M-T,SÃO FÉLIX DO CORIBE,BAHIA,Brasil,0.6,1.0,0.29,Cerrado,33,29,2929057,8,Savana arbórea; Caatinga fechada,219_069,49.7
1814786757,49b0a355-6396-3e5b-b52d-a7d735c499d8,-37.48291,-9.80596,2026-04-19 23:56:00+00:00,2026-04-19,TERRA_M-T,PORTO DA FOLHA,SERGIPE,Brasil,2.61,3.0,1.0,Caatinga,33,28,2805604,8,Pastagens e gramíneas,215_067,20.1
1814786758,c934be95-38d3-33a3-b69d-cbd50f3edb56,-38.44992,-9.94593,2026-04-19 23:56:00+00:00,2026-04-19,TERRA_M-T,JEREMOABO,BAHIA,Brasil,3.99,3.0,0.37,Caatinga,33,29,2918100,8,Savana arbórea; Caatinga fechada,216_067,20.0
1814787894,7982e767-5637-3034-a5d7-14c9208e9b2b,-56.1469,-21.455601,2026-04-20 00:55:00+00:00,2026-04-20,METOP-B,JARDIM,MATO GROSSO DO SUL,Brasil,,,,Cerrado,33,50,5005004,8,,225_075,
1814788206,64994e83-4e7d-38ad-9d7d-a427f7eb6812,-51.623199,-23.706699,2026-04-20 01:28:00+00:00,2026-04-20,METOP-C,MARUMBI,PARANÁ,Brasil,,,,Mata Atlântica,33,41,4115507,8,,222_076,
1814788144,152efe1f-21fa-34ee-b0ad-f48ec70bf22c,-51.6314,-23.7023,2026-04-20 02:00:00+00:00,2026-04-20,GOES-19,MARUMBI,PARANÁ,Brasil,,,,Mata Atlântica,33,41,4115507,8,,222_076,65.1
1814792326,216f23b5-d139-321c-8743-2fce5779204c,-37.47605,-9.79729,2026-04-20 03:13:00+00:00,2026-04-20,NOAA-21,PORTO DA FOLHA,SERGIPE,Brasil,,,,Caatinga,33,28,2805604,8,,215_067,1.9
1814792401,73caa93d-a9b6-3897-a6df-816a62d121a7,-37.46906,-9.7986,2026-04-20 03:13:00+00:00,2026-04-20,NOAA-21,PORTO DA FOLHA,SERGIPE,Brasil,,,,Caatinga,33,28,2805604,8,,215_067,1.6
1814791790,8c6c5efa-916e-37ad-9d89-bedc3b4e55d2,-37.47701,-9.80272,2026-04-20 03:13:00+00:00,2026-04-20,NOAA-21,PORTO DA FOLHA,SERGIPE,Brasil,,,,Caatinga,33,28,2805604,8,,215_067,0.7
1814792096,82f706e2-e923-3756-a491-bb72751025be,-38.44884,-9.94318,2026-04-20 03:13:00+00:00,2026-04-20,NOAA-21,JEREMOABO,BAHIA,Brasil,,,,Caatinga,33,29,2918100,8,,216_067,1.8
1814790859,f6f87812-efd9-3d4e-aa11-cbb18f1ba685,-38.44487,-9.94394,2026-04-20 03:13:00+00:00,2026-04-20,NOAA-21,JEREMOABO,BAHIA,Brasil,,,,Caatinga,33,29,2918100,8,,216_067,1.8
1814791580,9824e382-cbf3-30ef-b44a-d557e8769d2a,-37.47351,-9.80338,2026-04-20 03:13:00+00:00,2026-04-20,NOAA-21,PORTO DA FOLHA,SERGIPE,Brasil,,,,Caatinga,33,28,2805604,8,,215_067,0.7
1814790994,aa4c22d2-ef8b-3e5c-8992-8cb7cbcfa914,-37.4725,-9.79795,2026-04-20 03:13:00+00:00,2026-04-20,NOAA-21,PORTO DA FOLHA,SERGIPE,Brasil,,,,Caatinga,33,28,2805604,8,,215_067,1.9
1814791502,dd6be851-7833-37f3-accb-e6ff82b8e8a5,-42.66441,-17.24427,2026-04-20 03:15:00+00:00,2026-04-20,NOAA-21,MINAS NOVAS,MINAS GERAIS,Brasil,,,,Cerrado,33,31,3141801,8,,217_072,11.5
1814792496,fbc8831b-3f38-3a2b-81d0-8e40cc5eea80,-42.66614,-17.25071,2026-04-20 03:15:00+00:00,2026-04-20,NOAA-21,MINAS NOVAS,MINAS GERAIS,Brasil,,,,Cerrado,33,31,3141801,8,,217_072,11.5
1814790931,30fe434e-7805-3bc9-a8ec-a788a014d13e,-42.66765,-17.24959,2026-04-20 03:15:00+00:00,2026-04-20,NOAA-21,MINAS NOVAS,MINAS GERAIS,Brasil,,,,Cerrado,33,31,3141801,8,,217_072,17.5
1814792131,2bee6f24-1498-326a-9128-f13c641d9494,-42.67288,-17.24921,2026-04-20 03:15:00+00:00,2026-04-20,NOAA-21,MINAS NOVAS,MINAS GERAIS,Brasil,,,,Cerrado,33,31,3141801,8,,217_072,11.5
1814792386,cce6c72a-7c99-341f-ba01-49b4f13cd666,-42.66135,-17.25104,2026-04-20 03:15:00+00:00,2026-04-20,NOAA-21,MINAS NOVAS,MINAS GERAIS,Brasil,,,,Cerrado,33,31,3141801,8,,217_072,17.5
1814792738,4954fd2e-c479-315d-8e78-4492c8efb58d,-43.07902,-22.49212,2026-04-20 03:17:00+00:00,2026-04-20,NOAA-21,PETRÓPOLIS,RIO DE JANEIRO,Brasil,,,,Mata Atlântica,33,33,3303906,8,,217_076,1.5
1814790927,aede9d2b-baab-381e-ad02-093c68f4c369,-43.08075,-22.48422,2026-04-20 03:17:00+00:00,2026-04-20,NOAA-21,PETRÓPOLIS,RIO DE JANEIRO,Brasil,,,,Mata Atlântica,33,33,3303906,8,,217_076,1.0
1814791260,de0896d6-ec94-37f1-a5e2-ffc3e5594461,-43.07393,-22.49334,2026-04-20 03:17:00+00:00,2026-04-20,NOAA-21,MAGÉ,RIO DE JANEIRO,Brasil,,,,Mata Atlântica,33,33,3302502,8,,217_076,1.5
1814791457,0e2211ec-d763-3b70-bdab-42cadbdb4326,-45.01762,-19.84167,2026-04-20 03:17:00+00:00,2026-04-20,NOAA-21,NOVA SERRANA,MINAS GERAIS,Brasil,,,,Cerrado,33,31,3145208,8,,219_074,11.8
1814791479,e658e4b0-02d0-3e06-990e-4a1d2ebfb515,-43.07571,-22.49175,2026-04-20 03:17:00+00:00,2026-04-20,NOAA-21,MAGÉ,RIO DE JANEIRO,Brasil,,,,Mata Atlântica,33,33,3302502,8,,217_076,3.5
1814791518,0a5339ea-66ae-37e7-b375-623e21987b9b,-43.07075,-22.49291,2026-04-20 03:17:00+00:00,2026-04-20,NOAA-21,MAGÉ,RIO DE JANEIRO,Brasil,,,,Mata Atlântica,33,33,3302502,8,,217_076,1.4
1814791657,eca5cef0-a81c-39cd-8499-8faf709e5502,-45.01832,-19.84467,2026-04-20 03:17:00+00:00,2026-04-20,NOAA-21,NOVA SERRANA,MINAS GERAIS,Brasil,,,,Cerrado,33,31,3145208,8,,219_074,15.7
1814791674,65bfadba-20a4-35ea-842b-2c5051595562,-43.07724,-22.48619,2026-04-20 03:17:00+00:00,2026-04-20,NOAA-21,PETRÓPOLIS,RIO DE JANEIRO,Brasil,,,,Mata Atlântica,33,33,3303906,8,,217_076,1.5
1814794093,d0663a57-f7ec-3a7e-afbd-b152a8b6177e,-37.47277,-9.80232,2026-04-20 03:45:00+00:00,2026-04-20,NPP-375D,PORTO DA FOLHA,SERGIPE,Brasil,,,,Caatinga,33,28,2805604,8,,215_067,2.0
1814794799,b30dcdd5-eced-3df6-9ad9-7b99382febe8,-37.4769,-9.80163,2026-04-20 03:45:00+00:00,2026-04-20,NPP-375D,PORTO DA FOLHA,SERGIPE,Brasil,,,,Caatinga,33,28,2805604,8,,215_067,2.0
1814796241,d7d4bc5f-9243-3134-b8c4-8d25a1461aaf,-37.46806,-9.79942,2026-04-20 03:45:00+00:00,2026-04-20,NPP-375D,PORTO DA FOLHA,SERGIPE,Brasil,,,,Caatinga,33,28,2805604,8,,215_067,0.5
1814796186,087068cf-e2f6-3d12-a8fd-6b3843b28eca,-37.4763,-9.79804,2026-04-20 03:45:00+00:00,2026-04-20,NPP-375D,PORTO DA FOLHA,SERGIPE,Brasil,,,,Caatinga,33,28,2805604,8,,215_067,2.0
1814796050,4fa67fe9-a92d-316d-9d2d-7fc3b9b347d8,-37.04403,-9.66803,2026-04-20 03:45:00+00:00,2026-04-20,NPP-375D,JARAMATAIA,ALAGOAS,Brasil,,,,Caatinga,33,27,2703700,8,,215_067,0.6
1814796015,d85482d6-62b6-3c2b-9e21-1ba5e8677c25,-37.84391,-11.61164,2026-04-20 03:45:00+00:00,2026-04-20,NPP-375D,RIO REAL,BAHIA,Brasil,,,,Mata Atlântica,33,29,2927002,8,,215_068,1.0
1814794379,514b5c16-7234-3e6f-9704-5117fbd18d23,-37.46866,-9.80301,2026-04-20 03:45:00+00:00,2026-04-20,NPP-375D,PORTO DA FOLHA,SERGIPE,Brasil,,,,Caatinga,33,28,2805604,8,,215_067,0.5
1814795282,beb16cf0-eec8-31ea-8b3c-1841f6e4708f,-38.44922,-9.9464,2026-04-20 03:45:00+00:00,2026-04-20,NPP-375D,JEREMOABO,BAHIA,Brasil,,,,Caatinga,33,29,2918100,8,,216_067,2.6
1814794637,5bc11ca3-40e9-3d68-b86c-92eae9cae922,-38.44468,-9.94718,2026-04-20 03:45:00+00:00,2026-04-20,NPP-375D,JEREMOABO,BAHIA,Brasil,,,,Caatinga,33,29,2918100,8,,216_067,3.7
1814795226,ea6463e3-0455-372d-abbe-0de47bf6b0af,-37.47216,-9.79874,2026-04-20 03:45:00+00:00,2026-04-20,NPP-375D,PORTO DA FOLHA,SERGIPE,Brasil,,,,Caatinga,33,28,2805604,8,,215_067,2.0
1814795179,4dd5c1c8-8670-3dfd-8b18-3ed4741c498e,-37.47339,-9.80591,2026-04-20 03:45:00+00:00,2026-04-20,NPP-375D,PORTO DA FOLHA,SERGIPE,Brasil,,,,Caatinga,33,28,2805604,8,,215_067,0.8
1814794708,0960cfc0-db83-34ea-9430-f3f13b30a394,-37.47751,-9.80522,2026-04-20 03:45:00+00:00,2026-04-20,NPP-375D,PORTO DA FOLHA,SERGIPE,Brasil,,,,Caatinga,33,28,2805604,8,,215_067,0.8
1814796189,73183ed1-f205-3fd3-8a2d-19f6e22f4480,-44.03129,-13.47619,2026-04-20 03:47:00+00:00,2026-04-20,NPP-375D,SÃO FÉLIX DO CORIBE,BAHIA,Brasil,,,,Cerrado,33,29,2929057,8,,219_069,0.7
1814794745,a85d5886-a16e-38cc-bd97-e6b0e3e8a7f2,-44.03436,-13.47559,2026-04-20 03:47:00+00:00,2026-04-20,NPP-375D,SÃO FÉLIX DO CORIBE,BAHIA,Brasil,,,,Cerrado,33,29,2929057,8,,219_069,0.7
1814794910,458c392b-89e0-3616-94f2-591801929b83,-43.06978,-22.49495,2026-04-20 03:47:00+00:00,2026-04-20,NPP-375D,MAGÉ,RIO DE JANEIRO,Brasil,,,,Mata Atlântica,33,33,3302502,8,,217_076,0.8
1814794939,168e88c5-4c46-3446-af14-a26d1e2ecf81,-43.07626,-22.48948,2026-04-20 03:47:00+00:00,2026-04-20,NPP-375D,MAGÉ,RIO DE JANEIRO,Brasil,,,,Mata Atlântica,33,33,3302502,8,,217_076,0.7
1814795303,cb83cacb-a16b-324a-bf53-6b8ce3fd2de8,-42.66267,-17.24804,2026-04-20 03:47:00+00:00,2026-04-20,NPP-375D,MINAS NOVAS,MINAS GERAIS,Brasil,,,,Cerrado,33,31,3141801,8,,217_072,9.7
1814795027,d3ccb9f0-f458-3ac0-98a9-fa14e0eb9735,-42.66725,-17.24717,2026-04-20 03:47:00+00:00,2026-04-20,NPP-375D,MINAS NOVAS,MINAS GERAIS,Brasil,,,,Cerrado,33,31,3141801,8,,217_072,9.4
1814794575,e2dbd12a-34ac-346b-8e91-db9f322373d7,-43.07359,-22.49422,2026-04-20 03:47:00+00:00,2026-04-20,NPP-375D,MAGÉ,RIO DE JANEIRO,Brasil,,,,Mata Atlântica,33,33,3302502,8,,217_076,0.8
1814796586,d9819b0e-c7dc-3786-937c-1f628d59be32,-43.07225,-22.49025,2026-04-20 03:47:00+00:00,2026-04-20,NPP-375D,MAGÉ,RIO DE JANEIRO,Brasil,,,,Mata Atlântica,33,33,3302502,8,,217_076,0.6
1814794119,e976ada1-3979-38e2-98fb-3e33280e1907,-43.07563,-22.48538,2026-04-20 03:47:00+00:00,2026-04-20,NPP-375D,PETRÓPOLIS,RIO DE JANEIRO,Brasil,,,,Mata Atlântica,33,33,3303906,8,,217_076,0.7
1814796051,05d92c7b-263b-39c8-af01-26a120fe3cd9,-46.83199,-17.1674,2026-04-20 03:47:00+00:00,2026-04-20,NPP-375D,PARACATU,MINAS GERAIS,Brasil,,,,Cerrado,33,31,3147006,8,,220_072,3.8
1814795150,3a672b39-9e7a-393f-83a4-67604d808fdb,-37.83029,-11.96486,2026-04-20 03:47:00+00:00,2026-04-20,NPP-375D,ESPLANADA,BAHIA,Brasil,,,,Mata Atlântica,33,29,2910602,8,,215_068,0.9
1814794194,d0646f48-373d-32d4-b94a-e81b029c08d0,-37.83723,-11.95638,2026-04-20 03:47:00+00:00,2026-04-20,NPP-375D,ESPLANADA,BAHIA,Brasil,,,,Mata Atlântica,33,29,2910602,8,,215_068,0.9
1814794218,54f9a7af-a0c8-304b-a551-bab25ddddff4,-46.83584,-17.16658,2026-04-20 03:47:00+00:00,2026-04-20,NPP-375D,PARACATU,MINAS GERAIS,Brasil,,,,Cerrado,33,31,3147006,8,,220_072,3.8
1814795848,31a34e32-827f-3db6-ab14-572f467072a6,-44.44349,-13.63289,2026-04-20 03:47:00+00:00,2026-04-20,NPP-375D,CORIBE,BAHIA,Brasil,,,,Cerrado,33,29,2909109,8,,219_069,2.3
1814795625,5c49b6ee-d8e1-3ec4-bbc1-d7a9631078e3,-42.66822,-17.2515,2026-04-20 03:47:00+00:00,2026-04-20,NPP-375D,MINAS NOVAS,MINAS GERAIS,Brasil,,,,Cerrado,33,31,3141801,8,,217_072,9.4
1814794410,d7d4da33-35ff-36fc-afa7-696a02c499fc,-44.03339,-13.47049,2026-04-20 03:47:00+00:00,2026-04-20,NPP-375D,SÃO FÉLIX DO CORIBE,BAHIA,Brasil,,,,Cerrado,33,29,2929057,8,,219_069,3.4
1814794760,0bbf76d9-0792-369c-ae5f-2dd8bb6df4aa,-44.03035,-13.47109,2026-04-20 03:47:00+00:00,2026-04-20,NPP-375D,SÃO FÉLIX DO CORIBE,BAHIA,Brasil,,,,Cerrado,33,29,2929057,8,,219_069,3.4
1814795508,3b043067-d781-34d6-ac4e-765b461d4ab8,-46.11139,-21.96087,2026-04-20 03:47:00+00:00,2026-04-20,NPP-375D,IPUIÚNA,MINAS GERAIS,Brasil,,,,Mata Atlântica,33,31,3131505,8,,219_075,3.9
1814793682,12d0a939-3adc-35dc-b1eb-445abc941e2b,-43.07747,-22.49347,2026-04-20 03:47:00+00:00,2026-04-20,NPP-375D,PETRÓPOLIS,RIO DE JANEIRO,Brasil,,,,Mata Atlântica,33,33,3303906,8,,217_076,0.4
1814796276,4fb715fb-763f-399f-88e4-75cfde3c9483,-42.66359,-17.25238,2026-04-20 03:47:00+00:00,2026-04-20,NPP-375D,MINAS NOVAS,MINAS GERAIS,Brasil,,,,Cerrado,33,31,3141801,8,,217_072,9.7
1814796129,fc7399a0-7486-322d-a769-5f290eeb4bd1,-51.23223,-24.17241,2026-04-20 03:49:00+00:00,2026-04-20,NPP-375D,ORTIGUEIRA,PARANÁ,Brasil,,,,Mata Atlântica,33,41,4117305,8,,222_077,4.7
1814793938,a9bf761e-812e-33c7-bc18-e0f01c5a3e68,-49.40011,-25.1775,2026-04-20 03:49:00+00:00,2026-04-20,NPP-375D,ITAPERUÇU,PARANÁ,Brasil,,,,Mata Atlântica,33,41,4111258,8,,221_077,3.1
1814795164,a925ac0b-d263-3773-a2e6-e81f8cdcabbd,-51.22679,-24.17378,2026-04-20 03:49:00+00:00,2026-04-20,NPP-375D,ORTIGUEIRA,PARANÁ,Brasil,,,,Mata Atlântica,33,41,4117305,8,,222_077,2.3
1814796444,fd306e4d-0006-3490-9165-72aef80c9756,-45.01467,-19.84397,2026-04-20 03:49:00+00:00,2026-04-20,NPP-375D,NOVA SERRANA,MINAS GERAIS,Brasil,,,,Cerrado,33,31,3145208,8,,219_074,6.8
1814795221,7837714d-5160-3da4-83bd-a63c1db01cb3,-49.97492,-27.75662,2026-04-20 03:49:00+00:00,2026-04-20,NPP-375D,BOCAINA DO SUL,SANTA CATARINA,Brasil,,,,Mata Atlântica,33,42,4202438,8,,220_079,2.0
1814793945,edb74e14-8198-319d-9c1d-8454767d0059,-45.02027,-19.84283,2026-04-20 03:49:00+00:00,2026-04-20,NPP-375D,NOVA SERRANA,MINAS GERAIS,Brasil,,,,Cerrado,33,31,3145208,8,,219_074,15.6
1814793837,b6524403-9359-37af-b676-cfb14bddf18a,-37.47805,-9.80334,2026-04-20 04:04:00+00:00,2026-04-20,NOAA-20,PORTO DA FOLHA,SERGIPE,Brasil,,,,Caatinga,33,28,2805604,8,,215_067,0.7
1814793818,6037f52a-73dd-3684-b4bc-69363996ec4a,-38.44186,-9.94674,2026-04-20 04:04:00+00:00,2026-04-20,NOAA-20,JEREMOABO,BAHIA,Brasil,,,,Caatinga,33,29,2918100,8,,216_067,1.0
1814793825,8861d268-1ae8-3a6e-8348-a8c71f76237c,-37.4775,-9.79972,2026-04-20 04:04:00+00:00,2026-04-20,NOAA-20,PORTO DA FOLHA,SERGIPE,Brasil,,,,Caatinga,33,28,2805604,8,,215_067,1.2
1814793905,9757a5bf-d39a-3df1-8e44-af3916c8d031,-37.47382,-9.80398,2026-04-20 04:04:00+00:00,2026-04-20,NOAA-20,PORTO DA FOLHA,SERGIPE,Brasil,,,,Caatinga,33,28,2805604,8,,215_067,1.9
1814794492,b252147e-892e-3fc8-9a23-e309de236315,-37.47272,-9.79673,2026-04-20 04:04:00+00:00,2026-04-20,NOAA-20,PORTO DA FOLHA,SERGIPE,Brasil,,,,Caatinga,33,28,2805604,8,,215_067,1.4
1814794717,16fec99e-1633-3e91-abe4-5af2388c6040,-37.04371,-9.66583,2026-04-20 04:04:00+00:00,2026-04-20,NOAA-20,JARAMATAIA,ALAGOAS,Brasil,,,,Caatinga,33,27,2703700,8,,215_067,0.4
1814794740,1aee4d56-ce9b-3559-8c98-118596a691b4,-37.47327,-9.80036,2026-04-20 04:04:00+00:00,2026-04-20,NOAA-20,PORTO DA FOLHA,SERGIPE,Brasil,,,,Caatinga,33,28,2805604,8,,215_067,1.4
1814795290,1bff8c8f-6779-3c20-be01-ae830cb2a160,-38.44574,-9.94615,2026-04-20 04:04:00+00:00,2026-04-20,NOAA-20,JEREMOABO,BAHIA,Brasil,,,,Caatinga,33,29,2918100,8,,216_067,5.8
1814795339,727481e6-32c8-33d9-b223-ebe95e6e8ff1,-37.46847,-9.79738,2026-04-20 04:04:00+00:00,2026-04-20,NOAA-20,PORTO DA FOLHA,SERGIPE,Brasil,,,,Caatinga,33,28,2805604,8,,215_067,1.4
1814796224,b277fae4-4536-3d6b-82e8-58837386af28,-37.46901,-9.801,2026-04-20 04:04:00+00:00,2026-04-20,NOAA-20,PORTO DA FOLHA,SERGIPE,Brasil,,,,Caatinga,33,28,2805604,8,,215_067,1.4
1814795732,0ee83315-764f-3926-9fee-58f063e5e1e3,-42.66057,-17.24754,2026-04-20 04:06:00+00:00,2026-04-20,NOAA-20,MINAS NOVAS,MINAS GERAIS,Brasil,,,,Cerrado,33,31,3141801,8,,217_072,13.3
1814794997,a8627418-96bd-30dc-8335-7c24a70cf233,-42.66474,-17.25028,2026-04-20 04:06:00+00:00,2026-04-20,NOAA-20,MINAS NOVAS,MINAS GERAIS,Brasil,,,,Cerrado,33,31,3141801,8,,217_072,13.3
1814795836,9f1b8747-1e1c-3683-b1ff-d986a251a971,-44.03245,-13.47146,2026-04-20 04:06:00+00:00,2026-04-20,NOAA-20,SÃO FÉLIX DO CORIBE,BAHIA,Brasil,,,,Cerrado,33,29,2929057,8,,219_069,5.9
1814795476,867f030b-6144-3b6e-b5f1-33656a28be39,-44.02792,-13.46864,2026-04-20 04:06:00+00:00,2026-04-20,NOAA-20,SÃO FÉLIX DO CORIBE,BAHIA,Brasil,,,,Cerrado,33,29,2929057,8,,219_069,0.5
1814795126,7faf4be9-9e65-35e9-a987-c3d663441aba,-42.66417,-17.24697,2026-04-20 04:06:00+00:00,2026-04-20,NOAA-20,MINAS NOVAS,MINAS GERAIS,Brasil,,,,Cerrado,33,31,3141801,8,,217_072,13.3
1814794121,9f2d3de6-a6d0-3cbf-92ec-f04c69874f62,-46.83308,-17.16718,2026-04-20 04:06:00+00:00,2026-04-20,NOAA-20,PARACATU,MINAS GERAIS,Brasil,,,,Cerrado,33,31,3147006,8,,220_072,9.7
1814795235,e8496cb8-0c67-3d95-97a0-b708f53f46f0,-44.0285,-13.47213,2026-04-20 04:06:00+00:00,2026-04-20,NOAA-20,SÃO FÉLIX DO CORIBE,BAHIA,Brasil,,,,Cerrado,33,29,2929057,8,,219_069,6.3
1814794694,33ededc6-817e-3df3-9433-a8b84818f2f2,-44.44403,-13.63369,2026-04-20 04:06:00+00:00,2026-04-20,NOAA-20,CORIBE,BAHIA,Brasil,,,,Cerrado,33,29,2909109,8,,219_069,3.3
1814795388,d6e6ba2c-5761-3a4b-8551-542d2bd7562a,-46.83789,-17.16631,2026-04-20 04:06:00+00:00,2026-04-20,NOAA-20,PARACATU,MINAS GERAIS,Brasil,,,,Cerrado,33,31,3147006,8,,220_072,9.7
1814796358,1d45652f-3624-33c0-8ef7-ab5d89398aae,-46.93334,-14.552,2026-04-20 04:06:00+00:00,2026-04-20,NOAA-20,FLORES DE GOIÁS,GOIÁS,Brasil,,,,Cerrado,33,52,5207907,8,,221_070,1.8
1814795259,52aa1a90-0e6c-3a02-80ac-a305f9d4efe7,-53.36124,-19.40026,2026-04-20 04:08:00+00:00,2026-04-20,NOAA-20,PARAÍSO DAS ÁGUAS,MATO GROSSO DO SUL,Brasil,,,,Cerrado,33,50,5006275,8,,224_073,1.0
1814796629,c578ba60-d04c-3d22-a5aa-1236cc0731ce,-48.00129,-23.64663,2026-04-20 04:08:00+00:00,2026-04-20,NOAA-20,ITAPETININGA,SÃO PAULO,Brasil,,,,Cerrado,33,35,3522307,8,,220_076,1.1
1814795295,8b96c4f7-24e9-345c-b1ab-ac07a29d2e3d,-47.14795,-22.83027,2026-04-20 04:08:00+00:00,2026-04-20,NOAA-20,CAMPINAS,SÃO PAULO,Brasil,,,,Mata Atlântica,33,35,3509502,8,,219_076,0.6
1814794854,e331bd23-1d31-3ad6-a53b-dfa6fc0a8f39,-46.10846,-21.96055,2026-04-20 04:08:00+00:00,2026-04-20,NOAA-20,IPUIÚNA,MINAS GERAIS,Brasil,,,,Mata Atlântica,33,31,3131505,8,,219_075,4.4
1814795351,a91d2eee-f9db-35f0-914c-5599c2275abf,-47.99817,-23.64892,2026-04-20 04:08:00+00:00,2026-04-20,NOAA-20,ITAPETININGA,SÃO PAULO,Brasil,,,,Cerrado,33,35,3522307,8,,220_076,1.5
1814794896,a1f54d83-e73e-3e86-9e5a-b953db44c223,-43.07163,-22.48919,2026-04-20 04:08:00+00:00,2026-04-20,NOAA-20,MAGÉ,RIO DE JANEIRO,Brasil,,,,Mata Atlântica,33,33,3302502,8,,217_076,1.5
1814795410,f47c94e2-b6fe-37c2-b529-5069464e8238,-49.08915,-18.81562,2026-04-20 04:08:00+00:00,2026-04-20,NOAA-20,MONTE ALEGRE DE MINAS,MINAS GERAIS,Brasil,,,,Cerrado,33,31,3142809,8,,221_073,1.3
1814796759,33df8f59-429d-35fc-9b4b-b00c28126293,-45.01675,-19.84204,2026-04-20 04:08:00+00:00,2026-04-20,NOAA-20,NOVA SERRANA,MINAS GERAIS,Brasil,,,,Cerrado,33,31,3145208,8,,219_074,23.5
1814793999,e95d2c49-30c5-3c64-b415-9a6972279b59,-43.07103,-22.48587,2026-04-20 04:08:00+00:00,2026-04-20,NOAA-20,PETRÓPOLIS,RIO DE JANEIRO,Brasil,,,,Mata Atlântica,33,33,3303906,8,,217_076,1.5
1814794681,c54de858-218f-317c-90c1-2c76ae3d1c97,-53.36005,-19.39397,2026-04-20 04:08:00+00:00,2026-04-20,NOAA-20,PARAÍSO DAS ÁGUAS,MATO GROSSO DO SUL,Brasil,,,,Cerrado,33,50,5006275,8,,224_073,0.9
1814793771,29581002-90fb-3b27-86c2-2b5b2b90dba0,-43.33664,-22.80125,2026-04-20 04:08:00+00:00,2026-04-20,NOAA-20,SÃO JOÃO DE MERITI,RIO DE JANEIRO,Brasil,,,,Mata Atlântica,33,33,3305109,8,,217_076,0.6
1814796323,eebba2d0-0d9a-339f-b3c2-597fb7fe4fe2,-43.07219,-22.49252,2026-04-20 04:08:00+00:00,2026-04-20,NOAA-20,MAGÉ,RIO DE JANEIRO,Brasil,,,,Mata Atlântica,33,33,3302502,8,,217_076,0.4
1814796405,067ceef0-02fe-3fb2-b607-e702e2c86a2a,-47.44795,-23.54731,2026-04-20 04:08:00+00:00,2026-04-20,NOAA-20,VOTORANTIM,SÃO PAULO,Brasil,,,,Mata Atlântica,33,35,3557006,8,,220_076,0.6
1814796487,810bab1d-fd9c-3402-82ec-101178665632,-43.06844,-22.49309,2026-04-20 04:08:00+00:00,2026-04-20,NOAA-20,MAGÉ,RIO DE JANEIRO,Brasil,,,,Mata Atlântica,33,33,3302502,8,,217_076,0.5
1814795258,9c71db73-e8c3-3c17-8305-3f4f2e3cfd9f,-46.85807,-23.86838,2026-04-20 04:08:00+00:00,2026-04-20,NOAA-20,SÃO LOURENÇO DA SERRA,SÃO PAULO,Brasil,,,,Mata Atlântica,33,35,3549953,8,,219_077,0.5
1814796542,7687b2ea-76b0-3c98-9dd0-f08339987e7f,-43.07593,-22.49194,2026-04-20 04:08:00+00:00,2026-04-20,NOAA-20,MAGÉ,RIO DE JANEIRO,Brasil,,,,Mata Atlântica,33,33,3302502,8,,217_076,0.4
1814796734,4a0ecdab-8023-3039-a5e5-777695a1d320,-53.35744,-19.40107,2026-04-20 04:08:00+00:00,2026-04-20,NOAA-20,PARAÍSO DAS ÁGUAS,MATO GROSSO DO SUL,Brasil,,,,Cerrado,33,50,5006275,8,,224_073,0.8
1814795618,08ebc8a8-5f86-32fd-8041-b3dee0eabd35,-51.23056,-24.17467,2026-04-20 04:08:00+00:00,2026-04-20,NOAA-20,ORTIGUEIRA,PARANÁ,Brasil,,,,Mata Atlântica,33,41,4117305,8,,222_077,6.9
1814794403,9174a4e7-f404-3ea3-aaa0-8edcbf48fe29,-53.35999,-19.39475,2026-04-20 04:08:00+00:00,2026-04-20,NOAA-20,PARAÍSO DAS ÁGUAS,MATO GROSSO DO SUL,Brasil,,,,Cerrado,33,50,5006275,8,,224_073,0.8
1814795695,80119bb0-36ad-3f1b-8dd3-bb17eee7ee3c,-49.59635,-20.03544,2026-04-20 04:08:00+00:00,2026-04-20,NOAA-20,RIOLÂNDIA,SÃO PAULO,Brasil,,,,Mata Atlântica,33,35,3544202,8,,221_074,1.4
1814796827,02ad4d9b-82f2-384a-9232-3676a0785e49,-51.22482,-24.17125,2026-04-20 04:08:00+00:00,2026-04-20,NOAA-20,ORTIGUEIRA,PARANÁ,Brasil,,,,Mata Atlântica,33,41,4117305,8,,222_077,2.0
1814795854,c51b4804-2227-371f-bf66-94edb28bb41a,-48.00208,-23.65032,2026-04-20 04:08:00+00:00,2026-04-20,NOAA-20,ITAPETININGA,SÃO PAULO,Brasil,,,,Cerrado,33,35,3522307,8,,220_076,1.1
1814796814,ab244e17-885b-3e2d-b393-d6fd63d89975,-49.39911,-25.17509,2026-04-20 04:08:00+00:00,2026-04-20,NOAA-20,RIO BRANCO DO SUL,PARANÁ,Brasil,,,,Mata Atlântica,33,41,4122206,8,,221_077,2.5
1814796018,32f1193d-2260-326f-be52-cb4a037014b3,-47.14925,-22.82866,2026-04-20 04:08:00+00:00,2026-04-20,NOAA-20,CAMPINAS,SÃO PAULO,Brasil,,,,Mata Atlântica,33,35,3509502,8,,219_076,0.7
1814794166,9663e640-6712-346e-97b8-f023ba832adc,-53.35753,-19.40031,2026-04-20 04:08:00+00:00,2026-04-20,NOAA-20,PARAÍSO DAS ÁGUAS,MATO GROSSO DO SUL,Brasil,,,,Cerrado,33,50,5006275,8,,224_073,1.3
1814796178,a174ed81-00b9-3e97-9624-4bfe62b841ea,-51.22937,-24.17031,2026-04-20 04:08:00+00:00,2026-04-20,NOAA-20,ORTIGUEIRA,PARANÁ,Brasil,,,,Mata Atlântica,33,41,4117305,8,,222_077,2.5
1814795478,8270f6ad-9e8c-3bb1-90f9-0f21169b0950,-43.07473,-22.4853,2026-04-20 04:08:00+00:00,2026-04-20,NOAA-20,PETRÓPOLIS,RIO DE JANEIRO,Brasil,,,,Mata Atlântica,33,33,3303906,8,,217_076,1.5
1814795147,3e9f0401-25a5-3ba0-b836-9f07c9d7f8d9,-53.36132,-19.39947,2026-04-20 04:08:00+00:00,2026-04-20,NOAA-20,PARAÍSO DAS ÁGUAS,MATO GROSSO DO SUL,Brasil,,,,Cerrado,33,50,5006275,8,,224_073,0.9
1814794741,9413d96b-1583-37e5-ba52-cb42e4cfe441,-48.00294,-23.64803,2026-04-20 04:08:00+00:00,2026-04-20,NOAA-20,ITAPETININGA,SÃO PAULO,Brasil,,,,Cerrado,33,35,3522307,8,,220_076,1.0
1814796516,7a7833a7-7eaa-3499-9f21-522d9241aa15,-50.82971,-27.7146,2026-04-20 04:10:00+00:00,2026-04-20,NOAA-20,CAMPO BELO DO SUL,SANTA CATARINA,Brasil,,,,Mata Atlântica,33,42,4203402,8,,221_079,0.9
1814795129,9b630850-04df-3059-9eac-dc381e240f6e,-49.97202,-27.75641,2026-04-20 04:10:00+00:00,2026-04-20,NOAA-20,BOCAINA DO SUL,SANTA CATARINA,Brasil,,,,Mata Atlântica,33,42,4202438,8,,220_079,2.2
1814794007,477dec6b-619e-30a9-816d-308df7408ad0,-49.97773,-27.75528,2026-04-20 04:10:00+00:00,2026-04-20,NOAA-20,BOCAINA DO SUL,SANTA CATARINA,Brasil,,,,Mata Atlântica,33,42,4202438,8,,220_079,1.1
1814794755,42289b67-971e-3f41-8f04-405b4e1a4b7b,-49.97524,-27.75428,2026-04-20 04:10:00+00:00,2026-04-20,NOAA-20,BOCAINA DO SUL,SANTA CATARINA,Brasil,,,,Mata Atlântica,33,42,4202438,8,,220_079,3.1
1814794666,f6ed5f36-db41-3508-82d4-c6beefa564c8,-44.44365,-13.63564,2026-04-20 04:53:00+00:00,2026-04-20,NOAA-21,CORIBE,BAHIA,Brasil,,,,Cerrado,33,29,2909109,8,,219_069,1.8
1814796811,a3c67a31-fcd7-304d-805b-691afea9fdcb,-46.92971,-14.55261,2026-04-20 04:53:00+00:00,2026-04-20,NOAA-21,FLORES DE GOIÁS,GOIÁS,Brasil,,,,Cerrado,33,52,5207907,8,,221_070,1.0
1814795803,7128732a-41cc-353f-bb18-bdf627681367,-46.93478,-14.55198,2026-04-20 04:53:00+00:00,2026-04-20,NOAA-21,FLORES DE GOIÁS,GOIÁS,Brasil,,,,Cerrado,33,52,5207907,8,,221_070,1.5
1814795424,e9c4f174-3113-3449-be5d-179dcafa0555,-44.03202,-13.4751,2026-04-20 04:53:00+00:00,2026-04-20,NOAA-21,SÃO FÉLIX DO CORIBE,BAHIA,Brasil,,,,Cerrado,33,29,2929057,8,,219_069,3.3
1814796771,566e98f5-4e35-3a88-93f9-5e5aba47d786,-44.03114,-13.4695,2026-04-20 04:53:00+00:00,2026-04-20,NOAA-21,SÃO FÉLIX DO CORIBE,BAHIA,Brasil,,,,Cerrado,33,29,2929057,8,,219_069,2.4
1814796789,77998637-4747-3191-a2d3-c323edf297f6,-45.01691,-19.83889,2026-04-20 04:55:00+00:00,2026-04-20,NOAA-21,NOVA SERRANA,MINAS GERAIS,Brasil,,,,Cerrado,33,31,3145208,8,,219_074,1.5
1814794808,cdba5700-0d54-3e37-85ac-89e2de1958d7,-55.93304,-18.58614,2026-04-20 04:55:00+00:00,2026-04-20,NOAA-21,CORUMBÁ,MATO GROSSO DO SUL,Brasil,,,,Pantanal,33,50,5003207,8,,226_073,1.3
1814794532,b9c39c74-327c-360a-bc31-3726b02a239f,-55.5079,-17.82704,2026-04-20 04:55:00+00:00,2026-04-20,NOAA-21,CORUMBÁ,MATO GROSSO DO SUL,Brasil,,,,Pantanal,33,50,5003207,8,,226_072,2.2
1814794822,fd7d17af-cd0b-3ea8-ad6b-3fc2d2e01775,-49.91132,-16.55131,2026-04-20 04:55:00+00:00,2026-04-20,NOAA-21,NAZÁRIO,GOIÁS,Brasil,,,,Cerrado,33,52,5214408,8,,222_071,1.9
1814794524,139bf5f1-0eda-3fbb-8933-daf7671dd51b,-55.93669,-18.58556,2026-04-20 04:55:00+00:00,2026-04-20,NOAA-21,CORUMBÁ,MATO GROSSO DO SUL,Brasil,,,,Pantanal,33,50,5003207,8,,226_073,1.3
1814795322,26ad992c-0c28-3e01-a198-fec02b7e8ccf,-46.11215,-21.96177,2026-04-20 04:55:00+00:00,2026-04-20,NOAA-21,IPUIÚNA,MINAS GERAIS,Brasil,,,,Mata Atlântica,33,31,3131505,8,,219_075,2.7
1814795368,4be7f1cf-f2f0-3ac9-8e19-f81ce9464579,-51.70012,-20.63174,2026-04-20 04:55:00+00:00,2026-04-20,NOAA-21,TRÊS LAGOAS,MATO GROSSO DO SUL,Brasil,,,,Cerrado,33,50,5008305,8,,223_074,1.8
1814794506,b0b80fde-6ea9-3c8b-ab46-092a8b49c889,-45.0173,-19.84461,2026-04-20 04:55:00+00:00,2026-04-20,NOAA-21,NOVA SERRANA,MINAS GERAIS,Brasil,,,,Cerrado,33,31,3145208,8,,219_074,19.8
1814795557,e387a1ec-83b6-309f-a31e-a4c3b4bbcb16,-46.83249,-17.16868,2026-04-20 04:55:00+00:00,2026-04-20,NOAA-21,PARACATU,MINAS GERAIS,Brasil,,,,Cerrado,33,31,3147006,8,,220_072,5.1
1814794328,f362020a-2224-3113-aa82-55d2b3be94f3,-56.15411,-21.45225,2026-04-20 04:55:00+00:00,2026-04-20,NOAA-21,JARDIM,MATO GROSSO DO SUL,Brasil,,,,Cerrado,33,50,5005004,8,,225_075,1.7
1814795956,ebe018e4-f88c-3918-98d9-6e5124a3e594,-42.66016,-17.25172,2026-04-20 04:55:00+00:00,2026-04-20,NOAA-21,MINAS NOVAS,MINAS GERAIS,Brasil,,,,Cerrado,33,31,3141801,8,,217_072,10.3
1814794222,685cf758-eac0-3df6-a9b7-680d697347a9,-56.15781,-21.45167,2026-04-20 04:55:00+00:00,2026-04-20,NOAA-21,JARDIM,MATO GROSSO DO SUL,Brasil,,,,Cerrado,33,50,5005004,8,,225_075,1.7
1814794853,8611da56-b0c5-3c8c-aae0-31ce797338a2,-53.35804,-19.40045,2026-04-20 04:55:00+00:00,2026-04-20,NOAA-21,PARAÍSO DAS ÁGUAS,MATO GROSSO DO SUL,Brasil,,,,Cerrado,33,50,5006275,8,,224_073,1.5
1814793941,bc156154-0268-3ec0-bd5d-81418b3c5c9b,-43.07254,-22.48561,2026-04-20 04:55:00+00:00,2026-04-20,NOAA-21,PETRÓPOLIS,RIO DE JANEIRO,Brasil,,,,Mata Atlântica,33,33,3303906,8,,217_076,3.2
1814793702,ad37942f-1be7-3484-8343-95eaa8fa778a,-46.10852,-21.9621,2026-04-20 04:55:00+00:00,2026-04-20,NOAA-21,IPUIÚNA,MINAS GERAIS,Brasil,,,,Mata Atlântica,33,31,3131505,8,,219_075,2.7
1814796500,bc611a1c-7828-3b05-84c3-038794d26751,-46.83843,-17.16798,2026-04-20 04:55:00+00:00,2026-04-20,NOAA-21,PARACATU,MINAS GERAIS,Brasil,,,,Cerrado,33,31,3147006,8,,220_072,5.1
1814793677,b03f823c-63c2-3162-8154-a8447de12b9e,-42.66547,-17.25122,2026-04-20 04:55:00+00:00,2026-04-20,NOAA-21,MINAS NOVAS,MINAS GERAIS,Brasil,,,,Cerrado,33,31,3141801,8,,217_072,16.2
1814796702,5006e474-80f0-32b8-9b2f-8a20f404a49f,-43.07314,-22.49219,2026-04-20 04:55:00+00:00,2026-04-20,NOAA-21,MAGÉ,RIO DE JANEIRO,Brasil,,,,Mata Atlântica,33,33,3302502,8,,217_076,0.2
1814796731,32c08163-5e97-3ae7-8914-aad5f351c91d,-58.47882,-16.31182,2026-04-20 04:55:00+00:00,2026-04-20,NOAA-21,CÁCERES,MATO GROSSO,Brasil,,,,Pantanal,33,51,5102504,8,,228_071,1.7
1814796832,e0ce9f52-0730-3019-88e8-f3c03d891ea2,-49.5983,-20.03674,2026-04-20 04:55:00+00:00,2026-04-20,NOAA-21,RIOLÂNDIA,SÃO PAULO,Brasil,,,,Mata Atlântica,33,35,3544202,8,,221_074,1.3
1814796834,1b219d4c-596f-39b6-9c9c-d017b6722468,-53.36143,-19.39644,2026-04-20 04:55:00+00:00,2026-04-20,NOAA-21,PARAÍSO DAS ÁGUAS,MATO GROSSO DO SUL,Brasil,,,,Cerrado,33,50,5006275,8,,224_073,0.6
1814794833,7971e04e-b65c-3def-a7d2-04d7d0da7c71,-53.362,-19.39988,2026-04-20 04:55:00+00:00,2026-04-20,NOAA-21,PARAÍSO DAS ÁGUAS,MATO GROSSO DO SUL,Brasil,,,,Cerrado,33,50,5006275,8,,224_073,0.6
1814796551,4c9db77d-852b-3d19-bdf7-1403add015fa,-49.39745,-25.17479,2026-04-20 04:57:00+00:00,2026-04-20,NOAA-21,RIO BRANCO DO SUL,PARANÁ,Brasil,,,,Mata Atlântica,33,41,4122206,8,,221_077,1.6
1814796678,62d030ea-aaca-3509-81fe-18199b4c9056,-51.22818,-24.17635,2026-04-20 04:57:00+00:00,2026-04-20,NOAA-21,ORTIGUEIRA,PARANÁ,Brasil,,,,Mata Atlântica,33,41,4117305,8,,222_077,5.7
1814796144,ffafe6f0-c7f7-3163-b736-1ba0a02be140,-49.97269,-27.75742,2026-04-20 04:57:00+00:00,2026-04-20,NOAA-21,BOCAINA DO SUL,SANTA CATARINA,Brasil,,,,Mata Atlântica,33,42,4202438,8,,220_079,5.0
1814794026,83b8ca5e-813d-302c-b657-03bed69e053a,-51.23075,-24.1765,2026-04-20 04:57:00+00:00,2026-04-20,NOAA-21,ORTIGUEIRA,PARANÁ,Brasil,,,,Mata Atlântica,33,41,4117305,8,,222_077,10.9
1814795198,bee2eb82-d203-3b13-a055-cd1a577d6d09,-51.23208,-24.17587,2026-04-20 04:57:00+00:00,2026-04-20,NOAA-21,ORTIGUEIRA,PARANÁ,Brasil,,,,Mata Atlântica,33,41,4117305,8,,222_077,5.7
1814794718,1c46e18f-1adf-3264-a5a2-89a980352429,-51.22767,-24.17229,2026-04-20 04:57:00+00:00,2026-04-20,NOAA-21,ORTIGUEIRA,PARANÁ,Brasil,,,,Mata Atlântica,33,41,4117305,8,,222_077,5.3
1814796149,779689c2-c854-3acd-8b02-e90f6b89b2a2,-52.74906,-31.695,2026-04-20 04:59:00+00:00,2026-04-20,NOAA-21,CERRITO,RIO GRANDE DO SUL,Brasil,,,,Pampa,33,43,4305124,8,,222_082,2.3
1814796895,7198e854-d934-3c66-9b57-d321186e7182,-53.36059,-19.39594,2026-04-20 05:27:00+00:00,2026-04-20,NPP-375D,PARAÍSO DAS ÁGUAS,MATO GROSSO DO SUL,Brasil,,,,Cerrado,33,50,5006275,8,,224_073,0.5
1814796947,b9bb79be-2290-325c-816f-5ef3e6f9e02e,-53.36134,-19.40102,2026-04-20 05:27:00+00:00,2026-04-20,NPP-375D,PARAÍSO DAS ÁGUAS,MATO GROSSO DO SUL,Brasil,,,,Cerrado,33,50,5006275,8,,224_073,0.6
1814796960,509b4921-1073-3f5d-af58-eb07d6d3dca8,-55.25407,-17.88003,2026-04-20 05:27:00+00:00,2026-04-20,NPP-375D,CORUMBÁ,MATO GROSSO DO SUL,Brasil,,,,Pantanal,33,50,5003207,8,,225_072,0.6
1814797650,0a2df217-34ab-3986-a87d-f69f1ef8d8bc,-56.15863,-21.45089,2026-04-20 05:27:00+00:00,2026-04-20,NPP-375D,JARDIM,MATO GROSSO DO SUL,Brasil,,,,Cerrado,33,50,5005004,8,,225_075,1.4
1814798191,97314248-2551-378e-9908-9fe87b512b10,-56.15688,-21.45475,2026-04-20 05:27:00+00:00,2026-04-20,NPP-375D,JARDIM,MATO GROSSO DO SUL,Brasil,,,,Cerrado,33,50,5005004,8,,225_075,1.0
1814798162,40ab4406-3074-3511-8eed-c1f3b15fc910,-55.93726,-18.5864,2026-04-20 05:27:00+00:00,2026-04-20,NPP-375D,CORUMBÁ,MATO GROSSO DO SUL,Brasil,,,,Pantanal,33,50,5003207,8,,226_073,0.8
1814797999,8e10901b-3dce-38ef-8c53-003c2de5b9e4,-55.25788,-17.87508,2026-04-20 05:27:00+00:00,2026-04-20,NPP-375D,CORUMBÁ,MATO GROSSO DO SUL,Brasil,,,,Pantanal,33,50,5003207,8,,225_072,0.6
1814798040,e870b37e-e221-3722-99db-826821473b1c,-55.93316,-18.58693,2026-04-20 05:27:00+00:00,2026-04-20,NPP-375D,CORUMBÁ,MATO GROSSO DO SUL,Brasil,,,,Pantanal,33,50,5003207,8,,226_073,0.6
1814798054,494f2936-533e-3b20-ba33-2f536888d477,-56.15622,-21.45041,2026-04-20 05:27:00+00:00,2026-04-20,NPP-375D,JARDIM,MATO GROSSO DO SUL,Brasil,,,,Cerrado,33,50,5005004,8,,225_075,1.7
1814798117,f973d4c7-787b-3103-a01c-e277746a730b,-56.15419,-21.4514,2026-04-20 05:27:00+00:00,2026-04-20,NPP-375D,JARDIM,MATO GROSSO DO SUL,Brasil,,,,Cerrado,33,50,5005004,8,,225_075,1.4
1814797409,9689c680-56e6-38d4-9be7-81ebf032760d,-53.3582,-19.40137,2026-04-20 05:27:00+00:00,2026-04-20,NPP-375D,PARAÍSO DAS ÁGUAS,MATO GROSSO DO SUL,Brasil,,,,Cerrado,33,50,5006275,8,,224_073,0.6
1814798138,95486ad0-9f41-3a28-a297-d768b0caaee6,-58.48114,-16.31132,2026-04-20 05:27:00+00:00,2026-04-20,NPP-375D,CÁCERES,MATO GROSSO,Brasil,,,,Pantanal,33,51,5102504,8,,228_071,1.1
1814796965,cc8b6855-574f-3127-9fd2-c9352bcb9de5,-51.22542,-24.17541,2026-04-20 05:29:00+00:00,2026-04-20,NPP-375D,ORTIGUEIRA,PARANÁ,Brasil,,,,Mata Atlântica,33,41,4117305,8,,222_077,2.4
1814797136,a9cf57e2-2d34-38e4-867b-cccc55b4735b,-51.2276,-24.17024,2026-04-20 05:29:00+00:00,2026-04-20,NPP-375D,ORTIGUEIRA,PARANÁ,Brasil,,,,Mata Atlântica,33,41,4117305,8,,222_077,1.9
1814797483,d193667a-3d4c-3364-a938-b133f6e483e3,-51.23306,-24.17599,2026-04-20 05:29:00+00:00,2026-04-20,NPP-375D,ORTIGUEIRA,PARANÁ,Brasil,,,,Mata Atlântica,33,41,4117305,8,,222_077,2.5
1814797658,d664c942-2ec9-363a-91ee-181bce7d88d7,-51.22513,-24.16923,2026-04-20 05:29:00+00:00,2026-04-20,NPP-375D,ORTIGUEIRA,PARANÁ,Brasil,,,,Mata Atlântica,33,41,4117305,8,,222_077,2.4
1814797687,e3282fb6-0bfc-320b-b7f6-650adbf588fe,-51.22788,-24.17642,2026-04-20 05:29:00+00:00,2026-04-20,NPP-375D,ORTIGUEIRA,PARANÁ,Brasil,,,,Mata Atlântica,33,41,4117305,8,,222_077,2.5
1814797878,75c93792-5033-3338-a52a-4a123f2f10b4,-51.23074,-24.175,2026-04-20 05:29:00+00:00,2026-04-20,NPP-375D,ORTIGUEIRA,PARANÁ,Brasil,,,,Mata Atlântica,33,41,4117305,8,,222_077,2.4
1814797231,eb7057f6-8e24-3f77-98ee-6632a2073285,-60.24242,2.76712,2026-04-20 05:42:00+00:00,2026-04-20,NOAA-20,BONFIM,RORAIMA,Brasil,,,,Amazônia,33,14,1400159,8,,232_058,1.7
1814797014,00f7aac1-65fd-3566-8c51-c91b702e7db4,-60.24508,2.76899,2026-04-20 05:42:00+00:00,2026-04-20,NOAA-20,BONFIM,RORAIMA,Brasil,,,,Amazônia,33,14,1400159,8,,232_058,1.7
1814801974,4ffdc160-6034-3b17-820a-292553a9eab7,-44.0327,-13.47233,2026-04-20 06:01:00+00:00,2026-04-20,AQUA_M-M,SÃO FÉLIX DO CORIBE,BAHIA,Brasil,,,,Cerrado,33,29,2929057,8,,219_069,5.2
1814801524,eb59d998-7641-35ee-a954-7c60d1541b52,-45.01632,-19.84106,2026-04-20 06:03:00+00:00,2026-04-20,AQUA_M-M,NOVA SERRANA,MINAS GERAIS,Brasil,,,,Cerrado,33,31,3145208,8,,219_074,5.8
1814802188,7501c1a4-4318-3acb-8f5d-8f50151f3818,-42.66838,-17.24753,2026-04-20 06:03:00+00:00,2026-04-20,AQUA_M-M,MINAS NOVAS,MINAS GERAIS,Brasil,,,,Cerrado,33,31,3141801,8,,217_072,6.9
1814804622,0e3b6729-1e7d-307c-be10-d2670f89d584,-42.6591,-17.24889,2026-04-20 06:03:00+00:00,2026-04-20,AQUA_M-M,MINAS NOVAS,MINAS GERAIS,Brasil,,,,Cerrado,33,31,3141801,8,,217_072,15.8
1814802781,8118dddd-a761-34cc-9d91-3aedbc752191,-48.79184,-21.23278,2026-04-20 06:05:00+00:00,2026-04-20,AQUA_M-M,SANTA ADÉLIA,SÃO PAULO,Brasil,,,,Mata Atlântica,33,35,3545605,8,,221_075,12.5
1814838462,f372354e-f27c-3c20-b395-7d9151ee830c,-48.26505,-11.55441,2026-04-20 12:21:00+00:00,2026-04-20,TERRA_M-T,SÃO VALÉRIO,TOCANTINS,Brasil,,,,Cerrado,33,17,1720499,8,,222_068,20.4
1814837653,4105eba5-dfbd-301b-be9c-8fbb04adb1d4,-46.73682,-17.66873,2026-04-20 12:23:00+00:00,2026-04-20,TERRA_M-T,VAZANTE,MINAS GERAIS,Brasil,,,,Cerrado,33,31,3171006,8,,220_072,26.3
1814836426,d43e5686-e559-3ab1-b4de-9d529b6b8506,-51.87596,-15.10409,2026-04-20 12:23:00+00:00,2026-04-20,TERRA_M-T,ARAGUAIANA,MATO GROSSO,Brasil,,,,Cerrado,33,51,5101001,8,,224_070,6.5
1814838460,4cd2e3b3-032c-3fde-98a3-2ec9299bb36f,-51.86913,-15.101,2026-04-20 12:23:00+00:00,2026-04-20,TERRA_M-T,ARAGUAIANA,MATO GROSSO,Brasil,,,,Cerrado,33,51,5101001,8,,224_070,7.1
1814835984,66102537-fc20-319b-a590-54e84e870b27,-52.98149,-19.3883,2026-04-20 12:25:00+00:00,2026-04-20,TERRA_M-T,PARAÍSO DAS ÁGUAS,MATO GROSSO DO SUL,Brasil,,,,Cerrado,33,50,5006275,8,,224_073,18.1
1814834988,db6b6428-1281-3d53-a26c-74b599b9fcbe,-55.16188,-18.67882,2026-04-20 12:25:00+00:00,2026-04-20,TERRA_M-T,RIO VERDE DE MATO GROSSO,MATO GROSSO DO SUL,Brasil,,,,Pantanal,33,50,5007406,8,,225_073,6.6
1814836325,063b319e-655b-399c-91b2-144a03f83014,-52.69435,-22.96808,2026-04-20 12:27:00+00:00,2026-04-20,TERRA_M-T,GUAIRAÇÁ,PARANÁ,Brasil,,,,Mata Atlântica,33,41,4108908,8,,223_076,24.0
1814837051,661005ee-e84a-3021-bbfc-87a95d603bb9,-50.04714,-25.04978,2026-04-20 12:27:00+00:00,2026-04-20,TERRA_M-T,PONTA GROSSA,PARANÁ,Brasil,,,,Mata Atlântica,33,41,4119905,8,,221_077,20.0
1814850786,bd4c1c5b-1e8c-3ac2-bef5-b1a1ca9f759b,-41.95671,-21.71692,2026-04-20 15:44:00+00:00,2026-04-20,NOAA-21,ITAOCARA,RIO DE JANEIRO,Brasil,,,,Mata Atlântica,33,33,3302106,8,,216_075,0.8
1814850304,dd369f0f-4a0d-3a59-90b1-18122526fe41,-43.56391,-22.48905,2026-04-20 15:44:00+00:00,2026-04-20,NOAA-21,VASSOURAS,RIO DE JANEIRO,Brasil,,,,Mata Atlântica,33,33,3306206,8,,217_076,7.6
1814850268,46183176-960b-3d28-a8b7-4134c9038a87,-43.56413,-22.4878,2026-04-20 15:44:00+00:00,2026-04-20,NOAA-21,VASSOURAS,RIO DE JANEIRO,Brasil,,,,Mata Atlântica,33,33,3306206,8,,217_076,5.9
1814851493,4342eca3-b199-3a58-a29a-1bed791383e5,-44.31643,-20.92122,2026-04-20 15:44:00+00:00,2026-04-20,NOAA-21,RITÁPOLIS,MINAS GERAIS,Brasil,,,,Mata Atlântica,33,31,3156106,8,,218_074,31.0
1814850383,4ced24fe-0351-3e16-839b-5ac2c65a2247,-42.37155,-14.92638,2026-04-20 15:46:00+00:00,2026-04-20,NOAA-21,JACARACI,BAHIA,Brasil,,,,Caatinga,33,29,2917409,8,,218_070,3.6
1814850243,c8d4251f-8c27-326e-a986-0b050ea395a4,-43.09501,-14.81791,2026-04-20 15:46:00+00:00,2026-04-20,NOAA-21,ESPINOSA,MINAS GERAIS,Brasil,,,,Caatinga,33,31,3124302,8,,218_070,5.4
1814850252,e8a8558d-c5ab-3e92-bb17-f25498becbbc,-42.33804,-14.36224,2026-04-20 15:46:00+00:00,2026-04-20,NOAA-21,IBIASSUCÊ,BAHIA,Brasil,,,,Caatinga,33,29,2912004,8,,218_070,27.3
1814850334,71514939-5436-3070-a65c-749fce7537d9,-39.64163,-13.45109,2026-04-20 15:46:00+00:00,2026-04-20,NOAA-21,JIQUIRIÇÁ,BAHIA,Brasil,,,,Mata Atlântica,33,29,2918209,8,,216_069,5.0
1814850359,1427b062-8477-39f3-a120-85e7e892440a,-39.24625,-14.94614,2026-04-20 15:46:00+00:00,2026-04-20,NOAA-21,BUERAREMA,BAHIA,Brasil,,,,Mata Atlântica,33,29,2904704,8,,216_070,3.9
1814850375,fb162adc-073b-3288-af18-fb188949fca0,-43.95659,-15.15562,2026-04-20 15:46:00+00:00,2026-04-20,NOAA-21,JAÍBA,MINAS GERAIS,Brasil,,,,Cerrado,33,31,3135050,8,,219_070,9.6
1814850428,fa614c61-e6c1-36d1-b9be-feb4686aab9e,-39.74738,-13.2314,2026-04-20 15:46:00+00:00,2026-04-20,NOAA-21,UBAÍRA,BAHIA,Brasil,,,,Mata Atlântica,33,29,2932101,8,,216_069,19.4
1814850510,0e6be9c4-1c5b-3c4d-bc95-3c7f961a021c,-40.95645,-16.21265,2026-04-20 15:46:00+00:00,2026-04-20,NOAA-21,ALMENARA,MINAS GERAIS,Brasil,,,,Mata Atlântica,33,31,3101706,8,,216_071,0.9
1814850514,3ab1b28f-f443-36d6-999f-eba971dedd74,-42.34149,-14.36263,2026-04-20 15:46:00+00:00,2026-04-20,NOAA-21,IBIASSUCÊ,BAHIA,Brasil,,,,Caatinga,33,29,2912004,8,,218_070,27.3
1814850539,c21fe8fc-504c-38cd-b37a-67e135918228,-38.97774,-13.34658,2026-04-20 15:46:00+00:00,2026-04-20,NOAA-21,VALENÇA,BAHIA,Brasil,,,,Mata Atlântica,33,29,2932903,8,,216_069,6.2
1814850566,27f80ba7-0b46-3fdd-b018-db11df9959da,-41.46191,-16.12416,2026-04-20 15:46:00+00:00,2026-04-20,NOAA-21,MEDINA,MINAS GERAIS,Brasil,,,,Mata Atlântica,33,31,3141405,8,,217_071,4.1
1814850569,f63da153-b760-3207-acb7-5891eacba5de,-39.26072,-12.88476,2026-04-20 15:46:00+00:00,2026-04-20,NOAA-21,CONCEIÇÃO DO ALMEIDA,BAHIA,Brasil,,,,Mata Atlântica,33,29,2908309,8,,216_069,1.0
1814850576,4c917993-1a11-3570-9eea-c1297835e0d7,-40.42556,-15.74481,2026-04-20 15:46:00+00:00,2026-04-20,NOAA-21,MACARANI,BAHIA,Brasil,,,,Mata Atlântica,33,29,2919702,8,,216_071,15.0
1814850581,1d8a25b8-2b76-32be-924b-66408041e46c,-39.71651,-15.01267,2026-04-20 15:46:00+00:00,2026-04-20,NOAA-21,ITAJU DO COLÔNIA,BAHIA,Brasil,,,,Mata Atlântica,33,29,2915403,8,,216_070,10.7
1814850704,3356496f-d2c0-3758-abd8-615a675082cc,-39.34436,-15.78961,2026-04-20 15:46:00+00:00,2026-04-20,NOAA-21,MASCOTE,BAHIA,Brasil,,,,Mata Atlântica,33,29,2920908,8,,215_071,13.3
1814850720,fa64172d-8e2e-3dcf-b1db-1ef450c88544,-39.02801,-15.8512,2026-04-20 15:46:00+00:00,2026-04-20,NOAA-21,BELMONTE,BAHIA,Brasil,,,,Mata Atlântica,33,29,2903409,8,,215_071,9.9
1814850721,93f3da1d-ba7d-352f-ba13-0ca8b4751f48,-41.39076,-13.81504,2026-04-20 15:46:00+00:00,2026-04-20,NOAA-21,ITUAÇU,BAHIA,Brasil,,,,Caatinga,33,29,2917201,8,,217_070,1.3
1814850789,35ec8581-8584-3af3-8c66-2575fb51826d,-41.17323,-16.84348,2026-04-20 15:46:00+00:00,2026-04-20,NOAA-21,MONTE FORMOSO,MINAS GERAIS,Brasil,,,,Mata Atlântica,33,31,3143153,8,,216_072,5.4
1814850799,2cf2ed68-b934-370a-94df-040e7a65fa79,-39.68739,-13.21456,2026-04-20 15:46:00+00:00,2026-04-20,NOAA-21,UBAÍRA,BAHIA,Brasil,,,,Mata Atlântica,33,29,2932101,8,,216_069,15.9
1814850844,8feedae7-54d3-30d3-885b-f3b42729ad40,-41.07621,-19.93342,2026-04-20 15:46:00+00:00,2026-04-20,NOAA-21,LARANJA DA TERRA,ESPÍRITO SANTO,Brasil,,,,Mata Atlântica,33,32,3203163,8,,216_074,8.5
1814850937,f8e6f232-ce2d-35d2-8731-d4f0b6e8ef91,-38.97718,-13.35086,2026-04-20 15:46:00+00:00,2026-04-20,NOAA-21,VALENÇA,BAHIA,Brasil,,,,Mata Atlântica,33,29,2932903,8,,216_069,7.4
1814850939,12aff47c-d990-339b-b941-c8d6f7d45cb0,-44.81238,-13.97038,2026-04-20 15:46:00+00:00,2026-04-20,NOAA-21,COCOS,BAHIA,Brasil,,,,Cerrado,33,29,2908101,8,,219_070,11.8
1814851019,40e03cf1-3abb-39cc-8319-420216d7333a,-39.43419,-13.97136,2026-04-20 15:46:00+00:00,2026-04-20,NOAA-21,IBIRAPITANGA,BAHIA,Brasil,,,,Mata Atlântica,33,29,2912707,8,,216_070,4.6
1814851049,00c8674d-7fe0-3cae-9d9f-48aed278a122,-39.63185,-12.92987,2026-04-20 15:46:00+00:00,2026-04-20,NOAA-21,AMARGOSA,BAHIA,Brasil,,,,Mata Atlântica,33,29,2901007,8,,216_069,9.8
1814851067,c8f3ef34-674d-3281-b2a0-47f34c7477b6,-39.34746,-15.79296,2026-04-20 15:46:00+00:00,2026-04-20,NOAA-21,MASCOTE,BAHIA,Brasil,,,,Mata Atlântica,33,29,2920908,8,,215_071,9.7
1814851077,161391eb-77c9-3640-b8fd-1daf8b3ebded,-39.62975,-12.92877,2026-04-20 15:46:00+00:00,2026-04-20,NOAA-21,SANTA TEREZINHA,BAHIA,Brasil,,,,Mata Atlântica,33,29,2928505,8,,216_069,13.4
1814851106,d0511fa0-1936-3c3f-8d85-8f0c499a4546,-40.42645,-17.97421,2026-04-20 15:46:00+00:00,2026-04-20,NOAA-21,MUCURICI,ESPÍRITO SANTO,Brasil,,,,Mata Atlântica,33,32,3203601,8,,216_072,7.5
1814851130,8d318f45-cc26-317a-847f-aa39335497ae,-40.12477,-14.50644,2026-04-20 15:46:00+00:00,2026-04-20,NOAA-21,IGUAÍ,BAHIA,Brasil,,,,Mata Atlântica,33,29,2913507,8,,216_070,4.9
1814851135,33c246ae-6e19-3a70-aa41-a9bf42aa239f,-40.64779,-15.75377,2026-04-20 15:46:00+00:00,2026-04-20,NOAA-21,BANDEIRA,MINAS GERAIS,Brasil,,,,Mata Atlântica,33,31,3105202,8,,216_071,5.8
1814851155,e0d21eea-400e-3f24-9463-b58b45e70ee7,-44.93909,-18.72687,2026-04-20 15:46:00+00:00,2026-04-20,NOAA-21,FELIXLÂNDIA,MINAS GERAIS,Brasil,,,,Cerrado,33,31,3125705,8,,219_073,10.1
1814851193,d58b02c2-a59a-319f-9c4d-9d83e0ebba67,-39.64961,-14.55661,2026-04-20 15:46:00+00:00,2026-04-20,NOAA-21,ITAPITANGA,BAHIA,Brasil,,,,Mata Atlântica,33,29,2916609,8,,216_070,12.2
1814851194,322edf42-5006-3a3b-9907-c158858d2c67,-40.42345,-17.97389,2026-04-20 15:46:00+00:00,2026-04-20,NOAA-21,MUCURICI,ESPÍRITO SANTO,Brasil,,,,Mata Atlântica,33,32,3203601,8,,216_072,7.5
1814851196,71719ef3-2833-3b9a-9e56-453399d76eff,-39.29946,-15.45081,2026-04-20 15:46:00+00:00,2026-04-20,NOAA-21,SANTA LUZIA,BAHIA,Brasil,,,,Mata Atlântica,33,29,2928059,8,,215_071,7.2
1814851266,82afef5f-2c06-307d-aeb0-43b260fe6beb,-39.64784,-14.55502,2026-04-20 15:46:00+00:00,2026-04-20,NOAA-21,ITAPITANGA,BAHIA,Brasil,,,,Mata Atlântica,33,29,2916609,8,,216_070,6.6
1814851271,e39f4d5d-753b-35a3-a409-d698e08b9e86,-40.00897,-13.38658,2026-04-20 15:46:00+00:00,2026-04-20,NOAA-21,JAGUAQUARA,BAHIA,Brasil,,,,Mata Atlântica,33,29,2917607,8,,216_069,5.5
1814851299,023e8969-4bf3-3980-81de-d717e28525f5,-40.16523,-17.16497,2026-04-20 15:46:00+00:00,2026-04-20,NOAA-21,ITANHÉM,BAHIA,Brasil,,,,Mata Atlântica,33,29,2916005,8,,216_072,6.6
1814851323,84c0c979-9a44-3b55-baf1-d239d3d085db,-39.71722,-15.00809,2026-04-20 15:46:00+00:00,2026-04-20,NOAA-21,ITAJU DO COLÔNIA,BAHIA,Brasil,,,,Mata Atlântica,33,29,2915403,8,,216_070,25.1
1814851339,44d404a2-a16c-3a89-985a-853f63cf8689,-43.85322,-14.04152,2026-04-20 15:46:00+00:00,2026-04-20,NOAA-21,CARINHANHA,BAHIA,Brasil,,,,Cerrado,33,29,2907103,8,,219_070,7.3
1814851401,8e32a79d-9435-3f9e-b4da-d6da3c7be79e,-42.55002,-17.95011,2026-04-20 15:46:00+00:00,2026-04-20,NOAA-21,SÃO SEBASTIÃO DO MARANHÃO,MINAS GERAIS,Brasil,,,,Mata Atlântica,33,31,3164506,8,,217_072,4.4
1814851403,b20d04ec-e222-3066-9e4e-cf79cafafa3b,-44.81587,-13.96775,2026-04-20 15:46:00+00:00,2026-04-20,NOAA-21,COCOS,BAHIA,Brasil,,,,Cerrado,33,29,2908101,8,,219_070,10.5
1814851485,7f531c3c-ad87-36e2-947f-88c6ff419ff4,-43.95747,-15.15673,2026-04-20 15:46:00+00:00,2026-04-20,NOAA-21,JAÍBA,MINAS GERAIS,Brasil,,,,Cerrado,33,31,3135050,8,,219_070,12.4
1814851487,5b108521-98a4-3663-b58a-450e8c1510d9,-41.45751,-15.54759,2026-04-20 15:46:00+00:00,2026-04-20,NOAA-21,ÁGUAS VERMELHAS,MINAS GERAIS,Brasil,,,,Mata Atlântica,33,31,3101003,8,,217_071,6.0
1814851515,a7d8c4ed-a53c-310d-93b2-6b178e3cfd47,-42.34501,-14.36303,2026-04-20 15:46:00+00:00,2026-04-20,NOAA-21,IBIASSUCÊ,BAHIA,Brasil,,,,Caatinga,33,29,2912004,8,,218_070,9.0
1814851531,b70f6474-5ed3-39d3-bcec-8d96c3621a13,-39.65252,-14.55562,2026-04-20 15:46:00+00:00,2026-04-20,NOAA-21,ITAPITANGA,BAHIA,Brasil,,,,Mata Atlântica,33,29,2916609,8,,216_070,6.6
1814851442,27790144-b6dd-3401-bf38-d779a2b1a926,-37.57977,-9.1014,2026-04-20 15:48:00+00:00,2026-04-20,NOAA-21,CANAPI,ALAGOAS,Brasil,,,,Caatinga,33,27,2701605,8,,215_066,4.4
1814851448,70e7958b-7c7e-36d7-bd73-f1e5ed1dfa07,-44.73993,-11.72213,2026-04-20 15:48:00+00:00,2026-04-20,NOAA-21,RIACHÃO DAS NEVES,BAHIA,Brasil,,,,Cerrado,33,29,2926202,8,,220_068,13.7
1814851478,0218b445-08b2-336d-b41c-b54cd9715b89,-38.0666,-9.90879,2026-04-20 15:48:00+00:00,2026-04-20,NOAA-21,PEDRO ALEXANDRE,BAHIA,Brasil,,,,Caatinga,33,29,2924207,8,,215_067,4.7
1814850552,65ef64f8-1015-397f-898e-29cfb74326b7,-37.89764,-10.90859,2026-04-20 15:48:00+00:00,2026-04-20,NOAA-21,RIACHÃO DO DANTAS,SERGIPE,Brasil,,,,Caatinga,33,28,2805802,8,,215_068,12.8
1814851179,132f77b8-5d67-3de9-9cef-bfc6d7efab23,-41.26635,-11.93234,2026-04-20 15:48:00+00:00,2026-04-20,NOAA-21,BONITO,BAHIA,Brasil,,,,Caatinga,33,29,2904050,8,,217_068,9.9
1814851200,eb748fbd-3a23-3a94-b9ba-464155f41a60,-37.89292,-10.90793,2026-04-20 15:48:00+00:00,2026-04-20,NOAA-21,RIACHÃO DO DANTAS,SERGIPE,Brasil,,,,Caatinga,33,28,2805802,8,,215_068,16.9
1814850272,3933d7be-5d67-3f9b-926c-1f537f38f1fb,-39.34469,-10.34598,2026-04-20 15:48:00+00:00,2026-04-20,NOAA-21,MONTE SANTO,BAHIA,Brasil,,,,Caatinga,33,29,2921500,8,,216_067,3.4
1814851152,65500c11-c35e-37f8-a236-37d868a29e9c,-44.73937,-11.72871,2026-04-20 15:48:00+00:00,2026-04-20,NOAA-21,RIACHÃO DAS NEVES,BAHIA,Brasil,,,,Cerrado,33,29,2926202,8,,220_068,16.3
1814850676,feb46a06-4ff2-3c88-b006-a4b15c895f83,-37.83707,-11.95391,2026-04-20 15:48:00+00:00,2026-04-20,NOAA-21,ESPLANADA,BAHIA,Brasil,,,,Mata Atlântica,33,29,2910602,8,,215_068,13.8
1814851518,84a5f55a-1450-3d4f-b755-919a2bc9f952,-38.25254,-10.23626,2026-04-20 15:48:00+00:00,2026-04-20,NOAA-21,JEREMOABO,BAHIA,Brasil,,,,Caatinga,33,29,2918100,8,,216_067,5.7
1814850713,9b47db1f-9724-34cf-9e7f-070dc6be4a28,-38.06348,-9.90695,2026-04-20 15:48:00+00:00,2026-04-20,NOAA-21,PEDRO ALEXANDRE,BAHIA,Brasil,,,,Caatinga,33,29,2924207,8,,215_067,7.4
1814850511,60279482-5876-3a08-bfc2-31b8a89fd7c7,-37.07358,-10.31909,2026-04-20 15:48:00+00:00,2026-04-20,NOAA-21,AQUIDABÃ,SERGIPE,Brasil,,,,Mata Atlântica,33,28,2800209,8,,215_067,4.6
1814851381,0b120c87-9db4-3094-b467-dbf471e25945,-39.32731,-12.66487,2026-04-20 15:48:00+00:00,2026-04-20,NOAA-21,CASTRO ALVES,BAHIA,Brasil,,,,Mata Atlântica,33,29,2907301,8,,216_069,8.8
1814850730,1e5fae76-79ee-3d12-a4b4-b81ed6e1d0cf,-40.54813,-11.35264,2026-04-20 15:48:00+00:00,2026-04-20,NOAA-21,MIGUEL CALMON,BAHIA,Brasil,,,,Caatinga,33,29,2921203,8,,217_068,5.2
1814850752,b1085d75-5644-3438-b8de-760dc605dda2,-37.04317,-9.66322,2026-04-20 15:48:00+00:00,2026-04-20,NOAA-21,JARAMATAIA,ALAGOAS,Brasil,,,,Caatinga,33,27,2703700,8,,215_067,4.3
1814850765,a2f05028-20db-3153-83a7-9387fa914393,-36.98362,-9.95055,2026-04-20 15:48:00+00:00,2026-04-20,NOAA-21,TRAIPU,ALAGOAS,Brasil,,,,Caatinga,33,27,2709202,8,,215_067,5.8
1814850771,c3c75fa2-93ca-39b8-92c0-8f82f8c9222d,-37.73458,-9.49375,2026-04-20 15:48:00+00:00,2026-04-20,NOAA-21,PIRANHAS,ALAGOAS,Brasil,,,,Caatinga,33,27,2707107,8,,215_067,8.7
1814850290,f39dd663-00d9-3a61-a855-ea62a9a3b886,-38.45949,-10.81431,2026-04-20 15:48:00+00:00,2026-04-20,NOAA-21,RIBEIRA DO POMBAL,BAHIA,Brasil,,,,Caatinga,33,29,2926608,8,,216_067,4.8
1814850248,7c9c0115-2ada-3f1e-bff9-9d4b9f7e0860,-37.83207,-11.95324,2026-04-20 15:48:00+00:00,2026-04-20,NOAA-21,ESPLANADA,BAHIA,Brasil,,,,Mata Atlântica,33,29,2910602,8,,215_068,9.4
1814851270,f3715268-ba7e-3513-ac08-1548a390ed10,-37.79515,-11.03371,2026-04-20 15:48:00+00:00,2026-04-20,NOAA-21,RIACHÃO DO DANTAS,SERGIPE,Brasil,,,,Caatinga,33,28,2805802,8,,215_068,4.2
1814850827,65cda359-d647-3be4-976c-0048eb0cff44,-37.07666,-10.31894,2026-04-20 15:48:00+00:00,2026-04-20,NOAA-21,AQUIDABÃ,SERGIPE,Brasil,,,,Mata Atlântica,33,28,2800209,8,,215_067,3.5
1814850828,0c8d5d72-2da8-32dd-8624-d1294c2346c1,-37.84344,-11.03657,2026-04-20 15:48:00+00:00,2026-04-20,NOAA-21,RIACHÃO DO DANTAS,SERGIPE,Brasil,,,,Caatinga,33,28,2805802,8,,215_068,18.3
1814850385,cdbf7066-d8c7-3a37-8bc3-8660b18e75f6,-38.52058,-11.0187,2026-04-20 15:48:00+00:00,2026-04-20,NOAA-21,RIBEIRA DO AMPARO,BAHIA,Brasil,,,,Caatinga,33,29,2926509,8,,216_068,2.6
1814850862,86980a33-508e-390e-aa1f-2c9afa7a6622,-44.7393,-11.72827,2026-04-20 15:48:00+00:00,2026-04-20,NOAA-21,RIACHÃO DAS NEVES,BAHIA,Brasil,,,,Cerrado,33,29,2926202,8,,220_068,18.2
1814850416,d832ee38-2993-309e-8d65-c957a2768163,-37.83107,-11.96103,2026-04-20 15:48:00+00:00,2026-04-20,NOAA-21,ESPLANADA,BAHIA,Brasil,,,,Mata Atlântica,33,29,2910602,8,,215_068,10.5
1814851125,78ade792-0aa4-3167-8047-f9b210ced2ed,-37.82608,-11.96036,2026-04-20 15:48:00+00:00,2026-04-20,NOAA-21,ESPLANADA,BAHIA,Brasil,,,,Mata Atlântica,33,29,2910602,8,,215_068,10.5
1814850949,f4b03957-291a-3e5b-ad74-3e7923849606,-37.74047,-9.8895,2026-04-20 15:48:00+00:00,2026-04-20,NOAA-21,POÇO REDONDO,SERGIPE,Brasil,,,,Caatinga,33,28,2805406,8,,215_067,13.2
1814850437,455361e8-5b9a-3774-8d5f-5c1fd876a7f3,-38.25202,-10.24016,2026-04-20 15:48:00+00:00,2026-04-20,NOAA-21,JEREMOABO,BAHIA,Brasil,,,,Caatinga,33,29,2918100,8,,216_067,5.7
1814851033,310d32b6-9b8f-3573-8801-ab6add5319bc,-44.74002,-11.72256,2026-04-20 15:48:00+00:00,2026-04-20,NOAA-21,RIACHÃO DAS NEVES,BAHIA,Brasil,,,,Cerrado,33,29,2926202,8,,220_068,16.3
1814850485,1b5565a8-6c1b-3577-9ad2-5f0206c29ed2,-41.62993,-12.1574,2026-04-20 15:48:00+00:00,2026-04-20,NOAA-21,IRAQUARA,BAHIA,Brasil,,,,Caatinga,33,29,2914406,8,,217_068,4.2
1814852285,c78320ca-899b-39e9-95c3-f925528e924c,-50.64228,-29.39617,2026-04-20 16:13:00+00:00,2026-04-20,NPP-375,SÃO FRANCISCO DE PAULA,RIO GRANDE DO SUL,Brasil,,,,Mata Atlântica,33,43,4318200,8,,221_080,3.4
1814852502,2e2459fd-d33b-3269-91cf-7b71ce42a497,-50.6092,-27.16826,2026-04-20 16:16:00+00:00,2026-04-20,NPP-375,CURITIBANOS,SANTA CATARINA,Brasil,,,,Mata Atlântica,33,42,4204806,8,,221_079,12.2
1814853119,bcc40663-db49-3913-bd32-4f89dfe68180,-49.99874,-27.48238,2026-04-20 16:16:00+00:00,2026-04-20,NPP-375,OTACÍLIO COSTA,SANTA CATARINA,Brasil,,,,Mata Atlântica,33,42,4211751,8,,221_079,8.6
1814853526,1b7dd60e-c8b6-3d1b-bba2-781c3d84ee23,-49.44997,-27.73204,2026-04-20 16:16:00+00:00,2026-04-20,NPP-375,ALFREDO WAGNER,SANTA CATARINA,Brasil,,,,Mata Atlântica,33,42,4200705,8,,220_079,12.7
1814853113,c72b7a52-a904-3fed-9fbf-fe85628c7a90,-49.1137,-28.07562,2026-04-20 16:16:00+00:00,2026-04-20,NPP-375,RIO FORTUNA,SANTA CATARINA,Brasil,,,,Mata Atlântica,33,42,4214904,8,,220_079,2.3
1814853084,0f85442b-2ab6-30f3-84bb-8bab2d6644c3,-50.21753,-27.92836,2026-04-20 16:16:00+00:00,2026-04-20,NPP-375,LAGES,SANTA CATARINA,Brasil,,,,Mata Atlântica,33,42,4209300,8,,221_079,18.0
1814853082,79c3de3c-e820-3535-b89e-dcb995f20c33,-48.52727,-24.44647,2026-04-20 16:16:00+00:00,2026-04-20,NPP-375,IPORANGA,SÃO PAULO,Brasil,,,,Mata Atlântica,33,35,3521200,8,,220_077,3.7
1814853079,50ebc791-68ff-32b4-838f-455e2cd04121,-45.22678,-23.55536,2026-04-20 16:16:00+00:00,2026-04-20,NPP-375,UBATUBA,SÃO PAULO,Brasil,,,,Mata Atlântica,33,35,3555406,8,,218_076,7.7
1814852363,29d4ff84-f936-35f1-8a95-08109efba05f,-49.42242,-27.44433,2026-04-20 16:16:00+00:00,2026-04-20,NPP-375,VIDAL RAMOS,SANTA CATARINA,Brasil,,,,Mata Atlântica,33,42,4219200,8,,220_079,2.8
1814853040,e2581485-1fea-3aa5-9688-4b9535d13b49,-45.37863,-21.20352,2026-04-20 16:16:00+00:00,2026-04-20,NPP-375,COQUEIRAL,MINAS GERAIS,Brasil,,,,Mata Atlântica,33,31,3118700,8,,219_075,5.7
1814853032,05b514e6-87b3-3f38-a067-7473c3771d71,-48.75465,-27.43585,2026-04-20 16:16:00+00:00,2026-04-20,NPP-375,BIGUAÇU,SANTA CATARINA,Brasil,,,,Mata Atlântica,33,42,4202305,8,,220_079,4.2
1814853018,b62a86dd-f030-3346-a245-d506ce19bd24,-47.60098,-22.85657,2026-04-20 16:16:00+00:00,2026-04-20,NPP-375,RIO DAS PEDRAS,SÃO PAULO,Brasil,,,,Mata Atlântica,33,35,3544004,8,,220_076,8.1
1814853015,e9bc868b-3144-312f-bbfb-8127274cac55,-51.25043,-28.52745,2026-04-20 16:16:00+00:00,2026-04-20,NPP-375,MUITOS CAPÕES,RIO GRANDE DO SUL,Brasil,,,,Mata Atlântica,33,43,4312617,8,,221_080,8.9
1814853011,831fa981-471f-343f-a4e5-37b21d0dbe15,-42.97281,-21.09386,2026-04-20 16:16:00+00:00,2026-04-20,NPP-375,UBÁ,MINAS GERAIS,Brasil,,,,Mata Atlântica,33,31,3169901,8,,217_075,1.1
1814852991,b9340c59-7849-35a8-91ff-ce7bd78bd221,-50.19157,-27.13978,2026-04-20 16:16:00+00:00,2026-04-20,NPP-375,TAIÓ,SANTA CATARINA,Brasil,,,,Mata Atlântica,33,42,4217808,8,,221_079,15.8
1814852987,bf765485-853b-3889-bb7d-f26af25b5315,-49.45097,-27.7304,2026-04-20 16:16:00+00:00,2026-04-20,NPP-375,ALFREDO WAGNER,SANTA CATARINA,Brasil,,,,Mata Atlântica,33,42,4200705,8,,220_079,8.0
1814852968,a4f3c090-c639-364e-82d2-8f8803aaee4f,-49.42041,-27.44386,2026-04-20 16:16:00+00:00,2026-04-20,NPP-375,VIDAL RAMOS,SANTA CATARINA,Brasil,,,,Mata Atlântica,33,42,4219200,8,,220_079,3.8
1814852413,4806ff24-7c70-3df0-bbed-2deab4455bef,-45.38043,-21.20789,2026-04-20 16:16:00+00:00,2026-04-20,NPP-375,COQUEIRAL,MINAS GERAIS,Brasil,,,,Mata Atlântica,33,31,3118700,8,,219_075,5.8
1814852964,23ea14e6-076b-3fe5-b157-f11a42729073,-49.44564,-27.73011,2026-04-20 16:16:00+00:00,2026-04-20,NPP-375,ALFREDO WAGNER,SANTA CATARINA,Brasil,,,,Mata Atlântica,33,42,4200705,8,,220_079,8.0
1814852940,ed4b66bb-bf05-3c88-957f-64bb1e8d6543,-50.57177,-27.49829,2026-04-20 16:16:00+00:00,2026-04-20,NPP-375,CURITIBANOS,SANTA CATARINA,Brasil,,,,Mata Atlântica,33,42,4204806,8,,221_079,9.9
1814852922,2649a05f-8960-3de0-951c-2d1a0f30c4f8,-50.33131,-26.42224,2026-04-20 16:16:00+00:00,2026-04-20,NPP-375,MAJOR VIEIRA,SANTA CATARINA,Brasil,,,,Mata Atlântica,33,42,4210308,8,,221_078,5.5
1814853148,4c0292b0-9d19-3387-8dc1-c2b9fe43de4e,-51.17881,-26.01387,2026-04-20 16:16:00+00:00,2026-04-20,NPP-375,CRUZ MACHADO,PARANÁ,Brasil,,,,Mata Atlântica,33,41,4106803,8,,222_078,4.7
1814852894,7314d95c-4327-3a6c-86cb-7d78d22f418b,-49.20641,-24.72126,2026-04-20 16:16:00+00:00,2026-04-20,NPP-375,CERRO AZUL,PARANÁ,Brasil,,,,Mata Atlântica,33,41,4105201,8,,220_077,6.2
1814852875,69a17470-e62f-323b-9a8b-4787be2623cf,-50.81283,-27.01649,2026-04-20 16:16:00+00:00,2026-04-20,NPP-375,FRAIBURGO,SANTA CATARINA,Brasil,,,,Mata Atlântica,33,42,4205506,8,,221_079,4.2
1814852821,6b7af858-3ce4-3ebc-8474-20f089fa56eb,-44.91932,-23.04604,2026-04-20 16:16:00+00:00,2026-04-20,NPP-375,CUNHA,SÃO PAULO,Brasil,,,,Mata Atlântica,33,35,3513603,8,,218_076,2.0
1814852295,680c2e88-ae8a-33fe-b01c-c24ac2a55aed,-50.56445,-27.49789,2026-04-20 16:16:00+00:00,2026-04-20,NPP-375,CURITIBANOS,SANTA CATARINA,Brasil,,,,Mata Atlântica,33,42,4204806,8,,221_079,9.9
1814852816,65542258-9d9f-3c6f-b47c-c68bdcd4c7f0,-49.6095,-26.97489,2026-04-20 16:16:00+00:00,2026-04-20,NPP-375,JOSÉ BOITEUX,SANTA CATARINA,Brasil,,,,Mata Atlântica,33,42,4209151,8,,220_079,13.4
1814852798,2eee46da-ab4b-375c-88c5-b865a9ccaa08,-49.21182,-24.728,2026-04-20 16:16:00+00:00,2026-04-20,NPP-375,CERRO AZUL,PARANÁ,Brasil,,,,Mata Atlântica,33,41,4105201,8,,220_077,6.2
1814852757,9289e94e-9266-3071-b0dc-962c1b08e1bb,-50.80216,-28.88848,2026-04-20 16:16:00+00:00,2026-04-20,NPP-375,SÃO FRANCISCO DE PAULA,RIO GRANDE DO SUL,Brasil,,,,Mata Atlântica,33,43,4318200,8,,221_080,8.7
1814852756,ea9cd20c-f812-3f35-b255-719c8650a7e7,-49.33707,-25.10366,2026-04-20 16:16:00+00:00,2026-04-20,NPP-375,RIO BRANCO DO SUL,PARANÁ,Brasil,,,,Mata Atlântica,33,41,4122206,8,,221_077,6.7
1814852725,a47b68a9-136e-3fea-a97e-3f57e1c17ab5,-48.22505,-22.04205,2026-04-20 16:16:00+00:00,2026-04-20,NPP-375,RIBEIRÃO BONITO,SÃO PAULO,Brasil,,,,Cerrado,33,35,3542909,8,,220_075,6.9
1814852710,513e72e0-103b-3473-8080-dbd03d640d90,-51.25848,-28.52779,2026-04-20 16:16:00+00:00,2026-04-20,NPP-375,MUITOS CAPÕES,RIO GRANDE DO SUL,Brasil,,,,Mata Atlântica,33,43,4312617,8,,221_080,8.9
1814852679,1fe22ea8-0f3e-3128-9f3d-51f12de25c62,-49.20973,-24.72505,2026-04-20 16:16:00+00:00,2026-04-20,NPP-375,CERRO AZUL,PARANÁ,Brasil,,,,Mata Atlântica,33,41,4105201,8,,220_077,16.4
1814852648,77abba2f-71f6-3b33-98da-ef5b898e70d4,-47.59714,-22.85623,2026-04-20 16:16:00+00:00,2026-04-20,NPP-375,RIO DAS PEDRAS,SÃO PAULO,Brasil,,,,Mata Atlântica,33,35,3544004,8,,220_076,8.2
1814852623,fccc6ba3-63e7-3e73-b45b-62d9fc5c0c61,-50.20998,-27.92797,2026-04-20 16:16:00+00:00,2026-04-20,NPP-375,LAGES,SANTA CATARINA,Brasil,,,,Mata Atlântica,33,42,4209300,8,,221_079,19.2
1814852553,73819eff-315b-306a-9d6f-a4395be3d45b,-45.37517,-21.2073,2026-04-20 16:16:00+00:00,2026-04-20,NPP-375,COQUEIRAL,MINAS GERAIS,Brasil,,,,Mata Atlântica,33,31,3118700,8,,219_075,5.8
1814852537,a349fd5c-76f5-3773-9237-153329b7d33f,-49.80192,-22.54379,2026-04-20 16:16:00+00:00,2026-04-20,NPP-375,SÃO PEDRO DO TURVO,SÃO PAULO,Brasil,,,,Cerrado,33,35,3550506,8,,221_076,9.4
1814852425,fa981adb-88ab-3d9d-9ae0-0a025943543b,-50.21896,-27.92734,2026-04-20 16:16:00+00:00,2026-04-20,NPP-375,LAGES,SANTA CATARINA,Brasil,,,,Mata Atlântica,33,42,4209300,8,,221_079,5.8
1814852532,680cdbc0-1f66-3107-b775-1cf959e1bfd8,-50.60306,-27.16955,2026-04-20 16:16:00+00:00,2026-04-20,NPP-375,PONTE ALTA DO NORTE,SANTA CATARINA,Brasil,,,,Mata Atlântica,33,42,4213351,8,,221_079,28.0
1814852497,d5768556-77bb-3134-b7b6-f3cba6ce5e34,-45.37807,-21.20827,2026-04-20 16:16:00+00:00,2026-04-20,NPP-375,COQUEIRAL,MINAS GERAIS,Brasil,,,,Mata Atlântica,33,31,3118700,8,,219_075,6.7
1814853509,86ced520-3e21-3148-810f-55130578ac6b,-49.44409,-27.7366,2026-04-20 16:16:00+00:00,2026-04-20,NPP-375,ALFREDO WAGNER,SANTA CATARINA,Brasil,,,,Mata Atlântica,33,42,4200705,8,,220_079,8.0
1814853492,ea199e50-acf6-3ebe-a150-bf16385dd825,-50.57089,-27.4977,2026-04-20 16:16:00+00:00,2026-04-20,NPP-375,CURITIBANOS,SANTA CATARINA,Brasil,,,,Mata Atlântica,33,42,4204806,8,,221_079,11.2
1814853443,004e88e2-5253-36c9-93ad-678ef966a466,-50.00036,-27.47964,2026-04-20 16:16:00+00:00,2026-04-20,NPP-375,OTACÍLIO COSTA,SANTA CATARINA,Brasil,,,,Mata Atlântica,33,42,4211751,8,,221_079,8.4
1814853439,ec3e2bad-b36c-3b3d-a036-4142cb02de8e,-51.17435,-22.23878,2026-04-20 16:16:00+00:00,2026-04-20,NPP-375,MARTINÓPOLIS,SÃO PAULO,Brasil,,,,Cerrado,33,35,3529203,8,,222_075,9.9
1814853406,ce353e65-b0ea-3c88-b6da-7dc0d3e8a5cf,-50.21162,-27.92693,2026-04-20 16:16:00+00:00,2026-04-20,NPP-375,LAGES,SANTA CATARINA,Brasil,,,,Mata Atlântica,33,42,4209300,8,,221_079,5.8
1814853348,c78256a8-3195-3d5c-9891-6741636b19c7,-50.60193,-27.16791,2026-04-20 16:16:00+00:00,2026-04-20,NPP-375,PONTE ALTA DO NORTE,SANTA CATARINA,Brasil,,,,Mata Atlântica,33,42,4213351,8,,221_079,29.5
1814853316,1ca37393-7312-3dc4-9be0-839a4c27a9b6,-49.44458,-27.73172,2026-04-20 16:16:00+00:00,2026-04-20,NPP-375,ALFREDO WAGNER,SANTA CATARINA,Brasil,,,,Mata Atlântica,33,42,4200705,8,,220_079,28.4
1814853233,6f28d9a8-d87b-3a0e-94c0-8d0a4fa3a237,-50.51701,-26.94427,2026-04-20 16:16:00+00:00,2026-04-20,NPP-375,SANTA CECÍLIA,SANTA CATARINA,Brasil,,,,Mata Atlântica,33,42,4215505,8,,221_079,6.6
1814853228,a2614e72-2fd5-3463-9c0f-d6e3184bdc91,-50.81189,-27.0138,2026-04-20 16:16:00+00:00,2026-04-20,NPP-375,FRAIBURGO,SANTA CATARINA,Brasil,,,,Mata Atlântica,33,42,4205506,8,,221_079,5.9
1814853163,131cb3b7-a835-3b1e-b29c-8419459b8041,-50.56354,-27.49734,2026-04-20 16:16:00+00:00,2026-04-20,NPP-375,CURITIBANOS,SANTA CATARINA,Brasil,,,,Mata Atlântica,33,42,4204806,8,,221_079,21.0
1814853123,9058ef0f-12a9-33a6-a0cd-d722a7123c13,-51.17643,-22.23921,2026-04-20 16:16:00+00:00,2026-04-20,NPP-375,MARTINÓPOLIS,SÃO PAULO,Brasil,,,,Cerrado,33,35,3529203,8,,222_075,10.9
1814852211,742e57e3-7111-34f3-9338-f150e8443335,-49.21314,-24.72178,2026-04-20 16:16:00+00:00,2026-04-20,NPP-375,CERRO AZUL,PARANÁ,Brasil,,,,Mata Atlântica,33,41,4105201,8,,220_077,6.2
1814853060,e55e4fd4-b47f-38b1-8478-c31b2552f161,-40.64931,-15.75197,2026-04-20 16:18:00+00:00,2026-04-20,NPP-375,MATA VERDE,MINAS GERAIS,Brasil,,,,Mata Atlântica,33,31,3140555,8,,216_071,4.4
1814852220,83decc11-37ae-3d40-b0db-5aad974466a6,-41.45868,-15.54882,2026-04-20 16:18:00+00:00,2026-04-20,NPP-375,ÁGUAS VERMELHAS,MINAS GERAIS,Brasil,,,,Mata Atlântica,33,31,3101003,8,,217_071,9.2
1814852271,4f8fbf51-2044-3333-8592-85253de30d0e,-47.87547,-16.36825,2026-04-20 16:18:00+00:00,2026-04-20,NPP-375,LUZIÂNIA,GOIÁS,Brasil,,,,Cerrado,33,52,5212501,8,,221_071,7.5
1814852324,bb4d52c1-c9e1-3a16-bb3c-d5bb6a53fbe9,-40.42377,-17.97642,2026-04-20 16:18:00+00:00,2026-04-20,NPP-375,MUCURICI,ESPÍRITO SANTO,Brasil,,,,Mata Atlântica,33,32,3203601,8,,216_072,2.8
1814852331,5a462320-4a5c-37c2-8e83-c6e3161479e3,-39.58816,-17.06175,2026-04-20 16:18:00+00:00,2026-04-20,NPP-375,ITAMARAJU,BAHIA,Brasil,,,,Mata Atlântica,33,29,2915601,8,,215_072,1.8
1814852343,dc4fed0a-6b0b-31df-a80a-c640f7450cfc,-43.1054,-20.20497,2026-04-20 16:18:00+00:00,2026-04-20,NPP-375,BARRA LONGA,MINAS GERAIS,Brasil,,,,Mata Atlântica,33,31,3105707,8,,217_074,4.2
1814852346,4ac57c37-e177-3ddb-8afd-58ada1d27066,-45.13485,-18.63252,2026-04-20 16:18:00+00:00,2026-04-20,NPP-375,FELIXLÂNDIA,MINAS GERAIS,Brasil,,,,Cerrado,33,31,3125705,8,,219_073,7.0
1814852370,743388a9-2062-34cc-80ba-6f214ef22b9e,-44.81507,-17.71203,2026-04-20 16:18:00+00:00,2026-04-20,NPP-375,VÁRZEA DA PALMA,MINAS GERAIS,Brasil,,,,Cerrado,33,31,3170800,8,,219_072,3.9
1814852388,b8dc0e89-dfa5-3b06-9e69-a0f5b62ed21b,-47.21721,-20.0767,2026-04-20 16:18:00+00:00,2026-04-20,NPP-375,SACRAMENTO,MINAS GERAIS,Brasil,,,,Cerrado,33,31,3156908,8,,220_074,18.4
1814852394,4c40b52d-3e58-33e5-8e85-9b4a02a7d97a,-44.31279,-20.92024,2026-04-20 16:18:00+00:00,2026-04-20,NPP-375,RITÁPOLIS,MINAS GERAIS,Brasil,,,,Mata Atlântica,33,31,3156106,8,,218_074,67.1
1814852417,e10a5319-c792-3379-a572-90144ad216b0,-40.42318,-15.74665,2026-04-20 16:18:00+00:00,2026-04-20,NPP-375,MACARANI,BAHIA,Brasil,,,,Mata Atlântica,33,29,2919702,8,,216_071,6.9
1814852423,93037c8e-4c82-32a1-8d94-91e1e707f2c7,-40.85289,-15.51327,2026-04-20 16:18:00+00:00,2026-04-20,NPP-375,ENCRUZILHADA,BAHIA,Brasil,,,,Mata Atlântica,33,29,2910404,8,,216_071,3.3
1814852436,43f7bbd8-2142-345b-bc28-eb0b9b732016,-43.0967,-14.81829,2026-04-20 16:18:00+00:00,2026-04-20,NPP-375,ESPINOSA,MINAS GERAIS,Brasil,,,,Caatinga,33,31,3124302,8,,218_070,7.1
1814852449,ce085abb-44a8-356d-87c8-e3238c001d1d,-45.13239,-18.62908,2026-04-20 16:18:00+00:00,2026-04-20,NPP-375,FELIXLÂNDIA,MINAS GERAIS,Brasil,,,,Cerrado,33,31,3125705,8,,219_073,11.3
1814852461,ca6b3dc4-a486-3274-b8f7-f2e598999924,-53.07186,-16.2459,2026-04-20 16:18:00+00:00,2026-04-20,NPP-375,TORIXORÉU,MATO GROSSO,Brasil,,,,Cerrado,33,51,5108204,8,,224_071,8.0
1814852470,debc14c5-9782-39cd-8686-9851af9ff939,-39.71561,-15.00856,2026-04-20 16:18:00+00:00,2026-04-20,NPP-375,ITAJU DO COLÔNIA,BAHIA,Brasil,,,,Mata Atlântica,33,29,2915403,8,,216_070,21.3
1814852473,f5dabf74-83f2-312e-b118-cf4b9ec154f9,-46.661,-15.07855,2026-04-20 16:18:00+00:00,2026-04-20,NPP-375,BURITIS,MINAS GERAIS,Brasil,,,,Cerrado,33,31,3109303,8,,220_070,6.5
1814852487,d3a29dd4-47fd-3fb8-9397-5c5bddfe96fd,-46.53199,-15.84761,2026-04-20 16:18:00+00:00,2026-04-20,NPP-375,UNAÍ,MINAS GERAIS,Brasil,,,,Cerrado,33,31,3170404,8,,220_071,15.2
1814852492,11f8c94c-5686-3970-bf6a-746e37c07a41,-41.92068,-14.81718,2026-04-20 16:18:00+00:00,2026-04-20,NPP-375,CONDEÚBA,BAHIA,Brasil,,,,Caatinga,33,29,2908705,8,,217_070,11.5
1814852500,001cb06a-656d-3438-981a-e80a5da37a94,-40.06009,-19.59205,2026-04-20 16:18:00+00:00,2026-04-20,NPP-375,ARACRUZ,ESPÍRITO SANTO,Brasil,,,,Mata Atlântica,33,32,3200607,8,,215_074,3.0
1814852534,faad115c-1999-3a25-8d71-a6cd119234b4,-39.34764,-15.79151,2026-04-20 16:18:00+00:00,2026-04-20,NPP-375,MASCOTE,BAHIA,Brasil,,,,Mata Atlântica,33,29,2920908,8,,215_071,6.9
1814852544,6d0ae0bf-c671-305c-9cbe-547656afe3e8,-43.9565,-15.15475,2026-04-20 16:18:00+00:00,2026-04-20,NPP-375,JAÍBA,MINAS GERAIS,Brasil,,,,Cerrado,33,31,3135050,8,,219_070,7.0
1814852567,b59efa8d-50ce-3aed-b37b-a2df1b3656af,-39.48101,-15.42924,2026-04-20 16:18:00+00:00,2026-04-20,NPP-375,CAMACAN,BAHIA,Brasil,,,,Mata Atlântica,33,29,2905602,8,,216_071,5.3
1814852568,9f45f77a-b789-3310-bad3-f4da56c5e1cb,-39.40337,-14.11053,2026-04-20 16:18:00+00:00,2026-04-20,NPP-375,IBIRAPITANGA,BAHIA,Brasil,,,,Mata Atlântica,33,29,2912707,8,,216_070,4.3
1814852581,c4ff3f3d-af23-3476-b9a6-97485d0977db,-41.80908,-15.17864,2026-04-20 16:18:00+00:00,2026-04-20,NPP-375,SÃO JOÃO DO PARAÍSO,MINAS GERAIS,Brasil,,,,Mata Atlântica,33,31,3162708,8,,217_071,6.5
1814852603,923a5650-4288-31ac-8f42-b6ec21950623,-43.95393,-15.15578,2026-04-20 16:18:00+00:00,2026-04-20,NPP-375,JAÍBA,MINAS GERAIS,Brasil,,,,Cerrado,33,31,3135050,8,,219_070,6.2
1814852610,aec2d6f6-1b05-3430-83bd-4a71590734c4,-39.7634,-16.0918,2026-04-20 16:18:00+00:00,2026-04-20,NPP-375,ITAGIMIRIM,BAHIA,Brasil,,,,Mata Atlântica,33,29,2915304,8,,216_071,3.1
1814852624,d0a4a23f-2d83-310d-bbb2-0945ab4ea6a3,-47.87486,-16.3735,2026-04-20 16:18:00+00:00,2026-04-20,NPP-375,LUZIÂNIA,GOIÁS,Brasil,,,,Cerrado,33,52,5212501,8,,221_071,3.6
1814852674,77b7076b-c9e7-39c5-9669-ebb1934e148d,-39.71507,-15.01191,2026-04-20 16:18:00+00:00,2026-04-20,NPP-375,ITAJU DO COLÔNIA,BAHIA,Brasil,,,,Mata Atlântica,33,29,2915403,8,,216_070,19.5
1814852713,4817053b-f49a-3b1d-a711-8b89dea882a2,-41.9202,-14.82074,2026-04-20 16:18:00+00:00,2026-04-20,NPP-375,CONDEÚBA,BAHIA,Brasil,,,,Caatinga,33,29,2908705,8,,217_070,5.6
1814852716,e5985190-3677-346b-ae88-d4b58713c67e,-47.92679,-19.92031,2026-04-20 16:18:00+00:00,2026-04-20,NPP-375,UBERABA,MINAS GERAIS,Brasil,,,,Cerrado,33,31,3170107,8,,220_074,5.5
1814852768,3ec4b4c4-e9b9-3df2-9e98-40c74a21952d,-44.67408,-17.59665,2026-04-20 16:18:00+00:00,2026-04-20,NPP-375,VÁRZEA DA PALMA,MINAS GERAIS,Brasil,,,,Cerrado,33,31,3170800,8,,219_072,4.8
1814852779,f1ec1af0-6256-31b4-9dc5-9989b6a2065f,-39.7676,-16.08899,2026-04-20 16:18:00+00:00,2026-04-20,NPP-375,ITAGIMIRIM,BAHIA,Brasil,,,,Mata Atlântica,33,29,2915304,8,,216_071,6.8
1814852812,b4dffaf3-1203-3686-a874-f2cb7a41aedc,-39.49612,-16.35712,2026-04-20 16:18:00+00:00,2026-04-20,NPP-375,EUNÁPOLIS,BAHIA,Brasil,,,,Mata Atlântica,33,29,2910727,8,,215_071,11.1
1814852865,23e1c5af-c965-3de8-bbb3-40faedb58b94,-42.99821,-16.59616,2026-04-20 16:18:00+00:00,2026-04-20,NPP-375,GRÃO MOGOL,MINAS GERAIS,Brasil,,,,Cerrado,33,31,3127800,8,,218_071,6.2
1814852884,3aa87327-a466-3ef6-96a4-be5acca16f05,-47.21669,-20.08199,2026-04-20 16:18:00+00:00,2026-04-20,NPP-375,SACRAMENTO,MINAS GERAIS,Brasil,,,,Cerrado,33,31,3156908,8,,220_074,4.1
1814852897,8fe61431-c8de-3cfc-beed-f0ef7ea904bc,-48.95691,-17.05919,2026-04-20 16:18:00+00:00,2026-04-20,NPP-375,BELA VISTA DE GOIÁS,GOIÁS,Brasil,,,,Cerrado,33,52,5203302,8,,221_072,7.5
1814852929,d48cb2b5-0722-3c88-bc23-31472419e0fc,-43.28553,-16.75374,2026-04-20 16:18:00+00:00,2026-04-20,NPP-375,ITACAMBIRA,MINAS GERAIS,Brasil,,,,Cerrado,33,31,3132008,8,,218_072,17.8
1814853002,0fca3da5-ca46-3caf-a44d-4198bcb860e0,-43.99751,-17.76832,2026-04-20 16:18:00+00:00,2026-04-20,NPP-375,BUENÓPOLIS,MINAS GERAIS,Brasil,,,,Cerrado,33,31,3109204,8,,218_072,4.0
1814853006,fb6fea6b-a024-35ec-b499-5393e60dac07,-42.82295,-14.90644,2026-04-20 16:18:00+00:00,2026-04-20,NPP-375,ESPINOSA,MINAS GERAIS,Brasil,,,,Cerrado,33,31,3124302,8,,218_070,2.2
1814853007,a9d85d12-c961-324d-add7-dd9686a351db,-46.31004,-15.61277,2026-04-20 16:18:00+00:00,2026-04-20,NPP-375,BURITIS,MINAS GERAIS,Brasil,,,,Cerrado,33,31,3109303,8,,220_071,6.3
1814853027,e1f7ff76-38a6-3fe2-b9f4-58f8a85da794,-40.15153,-14.50456,2026-04-20 16:18:00+00:00,2026-04-20,NPP-375,IGUAÍ,BAHIA,Brasil,,,,Mata Atlântica,33,29,2913507,8,,216_070,1.8
1814853028,2550b69d-ac6f-3df6-bd1f-cafb00e36f19,-39.02738,-15.85063,2026-04-20 16:18:00+00:00,2026-04-20,NPP-375,BELMONTE,BAHIA,Brasil,,,,Mata Atlântica,33,29,2903409,8,,215_071,13.8
1814853038,c4ac9d88-a0d6-34af-8093-afb60b3863e8,-40.23238,-20.12536,2026-04-20 16:18:00+00:00,2026-04-20,NPP-375,SERRA,ESPÍRITO SANTO,Brasil,,,,Mata Atlântica,33,32,3205002,8,,215_074,3.9
1814853101,90bdc698-912b-3627-9448-c77916eac014,-46.53147,-15.85239,2026-04-20 16:18:00+00:00,2026-04-20,NPP-375,UNAÍ,MINAS GERAIS,Brasil,,,,Cerrado,33,31,3170404,8,,220_071,15.2
1814853139,ead6bce5-10d1-354e-b4a3-9cd3793d3f11,-47.2207,-20.07705,2026-04-20 16:18:00+00:00,2026-04-20,NPP-375,SACRAMENTO,MINAS GERAIS,Brasil,,,,Cerrado,33,31,3156908,8,,220_074,9.3
1814853146,96cb6d54-02e3-3d9f-ad98-068c9c7f6d8d,-42.99469,-14.66573,2026-04-20 16:18:00+00:00,2026-04-20,NPP-375,SEBASTIÃO LARANJEIRAS,BAHIA,Brasil,,,,Caatinga,33,29,2930006,8,,218_070,9.7
1814853174,fffed068-1893-38c9-969a-7a9582ff466b,-40.42682,-15.74719,2026-04-20 16:18:00+00:00,2026-04-20,NPP-375,MACARANI,BAHIA,Brasil,,,,Mata Atlântica,33,29,2919702,8,,216_071,6.9
1814853182,a167dc0e-2873-30b7-a8fe-d35951c6c1bc,-39.71922,-15.0091,2026-04-20 16:18:00+00:00,2026-04-20,NPP-375,ITAJU DO COLÔNIA,BAHIA,Brasil,,,,Mata Atlântica,33,29,2915403,8,,216_070,21.3
1814853185,a6e909d7-3d5b-344a-8421-13d8b2c2d789,-39.17834,-16.68321,2026-04-20 16:18:00+00:00,2026-04-20,NPP-375,PORTO SEGURO,BAHIA,Brasil,,,,Mata Atlântica,33,29,2925303,8,,215_072,10.1
1814853253,402e1e90-a8c6-3d89-83a4-ef30659fc807,-47.9263,-19.92583,2026-04-20 16:18:00+00:00,2026-04-20,NPP-375,UBERABA,MINAS GERAIS,Brasil,,,,Cerrado,33,31,3170107,8,,220_074,5.5
1814853255,281111af-e7e1-3ab3-b3f5-b3598a22a0c8,-44.9378,-18.72648,2026-04-20 16:18:00+00:00,2026-04-20,NPP-375,FELIXLÂNDIA,MINAS GERAIS,Brasil,,,,Cerrado,33,31,3125705,8,,219_073,4.8
1814853265,8e81d101-ee16-38a8-b496-249d85a4a6dc,-41.46231,-16.12357,2026-04-20 16:18:00+00:00,2026-04-20,NPP-375,MEDINA,MINAS GERAIS,Brasil,,,,Mata Atlântica,33,31,3141405,8,,217_071,5.3
1814853285,e6318c15-78b3-3cf0-8301-4937c535b745,-40.4243,-17.97297,2026-04-20 16:18:00+00:00,2026-04-20,NPP-375,MUCURICI,ESPÍRITO SANTO,Brasil,,,,Mata Atlântica,33,32,3203601,8,,216_072,7.5
1814853287,2687d5af-88ea-3bac-9f38-5396bc24775b,-42.99413,-14.66947,2026-04-20 16:18:00+00:00,2026-04-20,NPP-375,SEBASTIÃO LARANJEIRAS,BAHIA,Brasil,,,,Caatinga,33,29,2930006,8,,218_070,2.0
1814853368,252c0ba6-d874-3539-be2d-46ae6d97bf7e,-44.31794,-20.91636,2026-04-20 16:18:00+00:00,2026-04-20,NPP-375,RITÁPOLIS,MINAS GERAIS,Brasil,,,,Mata Atlântica,33,31,3156106,8,,218_074,67.1
1814853388,269b2769-c994-3c37-a5ca-dc6ece15e8a3,-40.0159,-18.30686,2026-04-20 16:18:00+00:00,2026-04-20,NPP-375,PINHEIROS,ESPÍRITO SANTO,Brasil,,,,Mata Atlântica,33,32,3204104,8,,216_073,2.7
1814853438,bdef2b3f-f3ab-3c6c-b2ab-674e29a578d7,-49.77092,-21.42304,2026-04-20 16:18:00+00:00,2026-04-20,NPP-375,PROMISSÃO,SÃO PAULO,Brasil,,,,Mata Atlântica,33,35,3541604,8,,221_075,3.1
1814853463,b1397a0e-e8ac-3d75-a2f8-731aa70d8d5b,-39.75973,-16.09126,2026-04-20 16:18:00+00:00,2026-04-20,NPP-375,ITAGIMIRIM,BAHIA,Brasil,,,,Mata Atlântica,33,29,2915304,8,,216_071,4.1
1814853489,207e096b-abf8-3dcb-b6fc-ee39dfea84ef,-40.1015,-15.12797,2026-04-20 16:18:00+00:00,2026-04-20,NPP-375,ITAMBÉ,BAHIA,Brasil,,,,Mata Atlântica,33,29,2915809,8,,216_070,2.0
1814853505,988a26d9-bfc9-321c-b545-b907c41e6aed,-39.89011,-19.0126,2026-04-20 16:18:00+00:00,2026-04-20,NPP-375,JAGUARÉ,ESPÍRITO SANTO,Brasil,,,,Mata Atlântica,33,32,3203056,8,,215_073,3.4
1814853516,5f5cc717-48b0-38ab-8586-a82a2eec0cf1,-46.83456,-17.16874,2026-04-20 16:18:00+00:00,2026-04-20,NPP-375,PARACATU,MINAS GERAIS,Brasil,,,,Cerrado,33,31,3147006,8,,220_072,11.7
1814853517,361f89b3-f49a-3f4a-9936-0a448189baea,-39.64922,-14.55612,2026-04-20 16:18:00+00:00,2026-04-20,NPP-375,ITAPITANGA,BAHIA,Brasil,,,,Mata Atlântica,33,29,2916609,8,,216_070,7.6
1814853035,ab984b37-0ca0-3a55-b0c2-e888f2792108,-39.56865,-13.36933,2026-04-20 16:20:00+00:00,2026-04-20,NPP-375,JIQUIRIÇÁ,BAHIA,Brasil,,,,Mata Atlântica,33,29,2918209,8,,216_069,2.2
1814852571,850278e9-2fcf-3c03-bba9-b090f15bc5c3,-39.87663,-13.87892,2026-04-20 16:20:00+00:00,2026-04-20,NPP-375,JEQUIÉ,BAHIA,Brasil,,,,Mata Atlântica,33,29,2918001,8,,216_070,2.7
1814853437,efdb7446-76b8-3c64-a08a-59132bc1aa6e,-42.33963,-14.36312,2026-04-20 16:20:00+00:00,2026-04-20,NPP-375,IBIASSUCÊ,BAHIA,Brasil,,,,Caatinga,33,29,2912004,8,,218_070,5.0
1814852728,1e11eb09-b9f7-3d29-8af9-cce4f61e2673,-40.78419,-12.08138,2026-04-20 16:20:00+00:00,2026-04-20,NPP-375,MUNDO NOVO,BAHIA,Brasil,,,,Caatinga,33,29,2922102,8,,217_068,2.8
1814852988,0da0fb80-7d5f-3cd6-9bdb-961c4d78f39a,-39.15295,-13.28257,2026-04-20 16:20:00+00:00,2026-04-20,NPP-375,VALENÇA,BAHIA,Brasil,,,,Mata Atlântica,33,29,2932903,8,,216_069,6.4
1814852396,6d1ac5ed-75c5-3e6a-9f54-88978c1e4a80,-37.7334,-9.49494,2026-04-20 16:20:00+00:00,2026-04-20,NPP-375,PIRANHAS,ALAGOAS,Brasil,,,,Caatinga,33,27,2707107,8,,215_067,3.5
1814853395,1f0f5616-5e83-3297-a88c-d3872e8ad3f6,-39.87717,-13.87558,2026-04-20 16:20:00+00:00,2026-04-20,NPP-375,JEQUIÉ,BAHIA,Brasil,,,,Mata Atlântica,33,29,2918001,8,,216_070,2.7
1814852595,30f299f2-1bc1-32ba-a918-9a09ae10c21b,-39.68841,-13.62074,2026-04-20 16:20:00+00:00,2026-04-20,NPP-375,WENCESLAU GUIMARÃES,BAHIA,Brasil,,,,Mata Atlântica,33,29,2933505,8,,216_069,3.5
1814852383,3d2722fe-799d-375b-960b-26dbbfb86370,-39.30793,-13.58309,2026-04-20 16:20:00+00:00,2026-04-20,NPP-375,TAPEROÁ,BAHIA,Brasil,,,,Mata Atlântica,33,29,2931202,8,,216_069,4.6
1814852744,bfb105c8-647f-384d-9d01-fe940d986c90,-41.26838,-11.93049,2026-04-20 16:20:00+00:00,2026-04-20,NPP-375,BONITO,BAHIA,Brasil,,,,Caatinga,33,29,2904050,8,,217_068,6.0
1814852747,646e206e-3358-33fd-8362-97dc368a5456,-47.5396,-13.49983,2026-04-20 16:20:00+00:00,2026-04-20,NPP-375,CAVALCANTE,GOIÁS,Brasil,,,,Cerrado,33,52,5205307,8,,221_069,5.9
1814852748,00177f73-7b3b-3355-b28b-5d481ecf244f,-39.32751,-12.6675,2026-04-20 16:20:00+00:00,2026-04-20,NPP-375,CASTRO ALVES,BAHIA,Brasil,,,,Mata Atlântica,33,29,2907301,8,,216_069,13.3
1814853025,1299d693-3974-39cf-8a8f-f7a33b9bcb0d,-38.44097,-9.89196,2026-04-20 16:20:00+00:00,2026-04-20,NPP-375,JEREMOABO,BAHIA,Brasil,,,,Caatinga,33,29,2918100,8,,216_067,3.3
1814852303,47c290f3-4c56-324f-ab66-1ebcde3f9f55,-44.73871,-11.72646,2026-04-20 16:20:00+00:00,2026-04-20,NPP-375,RIACHÃO DAS NEVES,BAHIA,Brasil,,,,Cerrado,33,29,2926202,8,,220_068,22.2
1814852765,7338fa9e-33c5-392b-b2eb-a166bbff629c,-36.9052,-9.32851,2026-04-20 16:20:00+00:00,2026-04-20,NPP-375,MINADOR DO NEGRÃO,ALAGOAS,Brasil,,,,Caatinga,33,27,2705309,8,,215_066,8.1
1814852705,bc37c985-014b-3d21-930f-75fe9363c106,-43.72895,-12.23669,2026-04-20 16:20:00+00:00,2026-04-20,NPP-375,MUQUÉM DO SÃO FRANCISCO,BAHIA,Brasil,,,,Cerrado,33,29,2922250,8,,219_068,3.9
1814852337,f75b449d-1ca2-3102-90a9-b3ad593a464c,-38.97322,-13.34948,2026-04-20 16:20:00+00:00,2026-04-20,NPP-375,VALENÇA,BAHIA,Brasil,,,,Mata Atlântica,33,29,2932903,8,,216_069,4.1
1814852513,17c18971-53fa-39a8-ae62-2145273ad4fc,-38.97377,-13.34614,2026-04-20 16:20:00+00:00,2026-04-20,NPP-375,VALENÇA,BAHIA,Brasil,,,,Mata Atlântica,33,29,2932903,8,,216_069,4.1
1814853056,caa3ff11-4d4a-377b-97c0-821fc529d6bc,-37.22104,-9.78256,2026-04-20 16:20:00+00:00,2026-04-20,NPP-375,BELO MONTE,ALAGOAS,Brasil,,,,Caatinga,33,27,2700904,8,,215_067,2.5
1814853440,31728677-3047-3b9e-bec7-e4c1caac5fde,-39.68221,-13.83584,2026-04-20 16:20:00+00:00,2026-04-20,NPP-375,ITAMARI,BAHIA,Brasil,,,,Mata Atlântica,33,29,2915700,8,,216_070,4.8
1814852242,69f65862-2c6d-3926-816d-d7aa254c94c1,-38.97734,-13.34669,2026-04-20 16:20:00+00:00,2026-04-20,NPP-375,VALENÇA,BAHIA,Brasil,,,,Mata Atlântica,33,29,2932903,8,,216_069,3.3
1814853070,f2b37120-c8b4-39f4-bd46-23638d56d07d,-39.64331,-13.44899,2026-04-20 16:20:00+00:00,2026-04-20,NPP-375,JIQUIRIÇÁ,BAHIA,Brasil,,,,Mata Atlântica,33,29,2918209,8,,216_069,3.6
1814852801,6523efff-c62b-314c-afae-8fc814a592b9,-46.44981,-14.89286,2026-04-20 16:20:00+00:00,2026-04-20,NPP-375,FORMOSO,MINAS GERAIS,Brasil,,,,Cerrado,33,31,3126208,8,,220_070,6.7
1814853093,9aa64ccd-c5ac-34fa-9f85-0694bb15fa46,-44.82572,-13.98043,2026-04-20 16:20:00+00:00,2026-04-20,NPP-375,COCOS,BAHIA,Brasil,,,,Cerrado,33,29,2908101,8,,219_070,39.8
1814853501,31d06826-ae53-3e56-98ae-52695f68c547,-37.57106,-11.15617,2026-04-20 16:20:00+00:00,2026-04-20,NPP-375,BOQUIM,SERGIPE,Brasil,,,,Mata Atlântica,33,28,2800670,8,,215_068,2.4
1814852355,c9545d94-7f32-3816-8086-446280e993a2,-40.15254,-10.24654,2026-04-20 16:20:00+00:00,2026-04-20,NPP-375,JAGUARARI,BAHIA,Brasil,,,,Caatinga,33,29,2917706,8,,217_067,2.2
1814853376,1bfa4072-f60a-3605-9f3f-1083020480af,-47.51347,-14.17029,2026-04-20 16:20:00+00:00,2026-04-20,NPP-375,ALTO PARAÍSO DE GOIÁS,GOIÁS,Brasil,,,,Cerrado,33,52,5200605,8,,221_070,6.7
1814853466,324e0678-e3ba-3b50-ada7-333cc426c170,-45.34402,-13.94915,2026-04-20 16:20:00+00:00,2026-04-20,NPP-375,JABORANDI,BAHIA,Brasil,,,,Cerrado,33,29,2917359,8,,220_070,5.5
1814853132,5fe4cd0f-e059-348e-a8e1-759120766719,-43.85394,-14.03921,2026-04-20 16:20:00+00:00,2026-04-20,NPP-375,CARINHANHA,BAHIA,Brasil,,,,Cerrado,33,29,2907103,8,,219_070,3.8
1814852815,2e2a81b6-165a-334a-954c-795abf6d47c7,-37.7336,-9.49374,2026-04-20 16:20:00+00:00,2026-04-20,NPP-375,PIRANHAS,ALAGOAS,Brasil,,,,Caatinga,33,27,2707107,8,,215_067,3.8
1814852523,f041d980-dd4b-30ed-adb2-d865af95085d,-39.68275,-13.8325,2026-04-20 16:20:00+00:00,2026-04-20,NPP-375,ITAMARI,BAHIA,Brasil,,,,Mata Atlântica,33,29,2915700,8,,216_070,4.8
1814852481,27107f2d-3f63-33ff-88b4-07e3697197a6,-42.2694,-13.45166,2026-04-20 16:20:00+00:00,2026-04-20,NPP-375,PARAMIRIM,BAHIA,Brasil,,,,Caatinga,33,29,2923605,8,,218_069,3.3
1814852822,9b28891d-c472-35f9-b82e-f5b569575916,-43.47947,-14.38256,2026-04-20 16:20:00+00:00,2026-04-20,NPP-375,IUIU,BAHIA,Brasil,,,,Cerrado,33,29,2917334,8,,218_070,9.4
1814853367,9b56b1a7-2c8f-32bf-892f-f4a92cd83829,-39.31521,-13.6286,2026-04-20 16:20:00+00:00,2026-04-20,NPP-375,TAPEROÁ,BAHIA,Brasil,,,,Mata Atlântica,33,29,2931202,8,,216_069,1.8
1814853158,c6df2611-2e20-3c2f-b56c-664ef2eabccb,-39.21727,-10.57913,2026-04-20 16:20:00+00:00,2026-04-20,NPP-375,MONTE SANTO,BAHIA,Brasil,,,,Caatinga,33,29,2921500,8,,216_067,10.4
1814852559,8b129f08-5c74-39e5-b523-da3e6ee188a7,-37.10508,-9.24888,2026-04-20 16:20:00+00:00,2026-04-20,NPP-375,SANTANA DO IPANEMA,ALAGOAS,Brasil,,,,Caatinga,33,27,2708006,8,,215_066,15.4
1814853411,5f5a414b-df9c-34c3-8a2e-e42b834358e4,-41.39122,-13.81759,2026-04-20 16:20:00+00:00,2026-04-20,NPP-375,ITUAÇU,BAHIA,Brasil,,,,Caatinga,33,29,2917201,8,,217_070,4.1
1814852646,d41aeb34-77b5-3236-ba0b-cc930a4db0c7,-43.73098,-12.23726,2026-04-20 16:20:00+00:00,2026-04-20,NPP-375,MUQUÉM DO SÃO FRANCISCO,BAHIA,Brasil,,,,Cerrado,33,29,2922250,8,,219_068,2.3
1814853164,546a6356-5922-34db-9d24-f081ab5194f1,-37.16321,-9.73956,2026-04-20 16:20:00+00:00,2026-04-20,NPP-375,BATALHA,ALAGOAS,Brasil,,,,Caatinga,33,27,2700706,8,,215_067,2.9
1814852316,7f3a3051-03b5-3b9c-9961-706dd11ff8ad,-43.8886,-8.22933,2026-04-20 16:20:00+00:00,2026-04-20,NPP-375,MANOEL EMÍDIO,PIAUÍ,Brasil,,,,Caatinga,33,22,2205904,8,,219_066,17.5
1814853363,ad6b195e-233d-34d7-b9ce-4bd43b7717f5,-47.52674,-13.50831,2026-04-20 16:20:00+00:00,2026-04-20,NPP-375,CAVALCANTE,GOIÁS,Brasil,,,,Cerrado,33,52,5205307,8,,221_069,5.5
1814852840,25af0e1b-78f4-38ef-bd4a-23b778ce4096,-39.32804,-12.66417,2026-04-20 16:20:00+00:00,2026-04-20,NPP-375,CASTRO ALVES,BAHIA,Brasil,,,,Mata Atlântica,33,29,2907301,8,,216_069,13.3
1814853198,7c46d858-d55b-3beb-aecb-31d69e70fc84,-37.87875,-10.89859,2026-04-20 16:20:00+00:00,2026-04-20,NPP-375,RIACHÃO DO DANTAS,SERGIPE,Brasil,,,,Caatinga,33,28,2805802,8,,215_068,2.2
1814852651,9d4d99a3-91f8-362e-afd5-97b30c9f670f,-38.97902,-10.57049,2026-04-20 16:20:00+00:00,2026-04-20,NPP-375,EUCLIDES DA CUNHA,BAHIA,Brasil,,,,Caatinga,33,29,2910701,8,,216_067,2.5
1814853201,8d93aade-958d-38a6-be0d-03a2576197ed,-44.19432,-12.23952,2026-04-20 16:20:00+00:00,2026-04-20,NPP-375,CRISTÓPOLIS,BAHIA,Brasil,,,,Cerrado,33,29,2909703,8,,219_068,9.6
1814853230,7afadca5-9e36-3c51-a0dd-14e02fcaf0b9,-37.60231,-11.92206,2026-04-20 16:20:00+00:00,2026-04-20,NPP-375,CONDE,BAHIA,Brasil,,,,Mata Atlântica,33,29,2908606,8,,215_068,3.9
1814853231,73422d6d-0920-3fab-8503-22862ddefb28,-45.34303,-13.95078,2026-04-20 16:20:00+00:00,2026-04-20,NPP-375,JABORANDI,BAHIA,Brasil,,,,Cerrado,33,29,2917359,8,,220_070,8.1
1814852200,982268bc-26c9-3623-89d6-c42b7b7d4602,-47.53621,-13.49873,2026-04-20 16:20:00+00:00,2026-04-20,NPP-375,CAVALCANTE,GOIÁS,Brasil,,,,Cerrado,33,52,5205307,8,,221_069,4.6
1814853242,cdac3d96-c23e-3162-a638-2c25df158297,-39.56918,-13.366,2026-04-20 16:20:00+00:00,2026-04-20,NPP-375,JIQUIRIÇÁ,BAHIA,Brasil,,,,Mata Atlântica,33,29,2918209,8,,216_069,4.2
1814853342,dcf066e7-eb18-34c0-bdce-764760c526df,-46.66362,-15.07906,2026-04-20 16:20:00+00:00,2026-04-20,NPP-375,BURITIS,MINAS GERAIS,Brasil,,,,Cerrado,33,31,3109303,8,,220_070,3.1
1814852846,21fc40ac-d292-3e91-8a02-98808bf0396c,-38.0671,-9.90883,2026-04-20 16:20:00+00:00,2026-04-20,NPP-375,PEDRO ALEXANDRE,BAHIA,Brasil,,,,Caatinga,33,29,2924207,8,,215_067,3.4
1814853257,f5c18d08-4d55-3aa0-aa17-24295d8532d8,-38.03946,-9.20798,2026-04-20 16:20:00+00:00,2026-04-20,NPP-375,PARICONHA,ALAGOAS,Brasil,,,,Caatinga,33,27,2706422,8,,216_066,6.0
1814852560,2658ab1d-8f04-371d-8b43-ce62c3627e2a,-43.47408,-14.38574,2026-04-20 16:20:00+00:00,2026-04-20,NPP-375,IUIU,BAHIA,Brasil,,,,Cerrado,33,29,2917334,8,,218_070,7.6
1814852856,bcfa68f3-2a73-3e7d-95bd-4532eced64e7,-38.97626,-13.35337,2026-04-20 16:20:00+00:00,2026-04-20,NPP-375,VALENÇA,BAHIA,Brasil,,,,Mata Atlântica,33,29,2932903,8,,216_069,2.7
1814853269,69176f40-71a4-3e26-8f7d-8ee424aad55f,-45.34711,-13.95132,2026-04-20 16:20:00+00:00,2026-04-20,NPP-375,JABORANDI,BAHIA,Brasil,,,,Cerrado,33,29,2917359,8,,220_070,7.4
1814853270,7975a229-07c9-392b-9708-4adb84f3a650,-44.74186,-11.7246,2026-04-20 16:20:00+00:00,2026-04-20,NPP-375,RIACHÃO DAS NEVES,BAHIA,Brasil,,,,Cerrado,33,29,2926202,8,,220_068,11.5
1814853274,33682b78-3d89-3d3c-8443-7fa33f960d2d,-44.7366,-11.7239,2026-04-20 16:20:00+00:00,2026-04-20,NPP-375,RIACHÃO DAS NEVES,BAHIA,Brasil,,,,Cerrado,33,29,2926202,8,,220_068,11.5
1814853515,b2be5c00-8389-3ab6-ac40-8fbcd6fac4b6,-39.62508,-14.00671,2026-04-20 16:20:00+00:00,2026-04-20,NPP-375,IBIRATAIA,BAHIA,Brasil,,,,Mata Atlântica,33,29,2912905,8,,216_070,1.8
1814852857,d0ecc372-a6bd-33f3-bb52-f9cda69adaab,-38.9768,-13.35003,2026-04-20 16:20:00+00:00,2026-04-20,NPP-375,VALENÇA,BAHIA,Brasil,,,,Mata Atlântica,33,29,2932903,8,,216_069,3.3
1814853331,7e8806cd-9106-334e-a394-cb7bb7051e8a,-42.1428,-14.43961,2026-04-20 16:20:00+00:00,2026-04-20,NPP-375,RIO DO ANTÔNIO,BAHIA,Brasil,,,,Caatinga,33,29,2926806,8,,217_070,3.7
1814852859,c8cebaec-08a5-3eb1-a78e-b69948dfb38c,-41.23019,-13.80104,2026-04-20 16:20:00+00:00,2026-04-20,NPP-375,ITUAÇU,BAHIA,Brasil,,,,Caatinga,33,29,2917201,8,,217_070,2.5
1814853315,43c399f9-fc2d-3eb2-b702-aa210ee75a2d,-40.0342,-9.10281,2026-04-20 16:20:00+00:00,2026-04-20,NPP-375,JUAZEIRO,BAHIA,Brasil,,,,Caatinga,33,29,2918407,8,,217_066,4.2
1814852863,870bc6a4-4481-39dc-be6a-09ba7a80b484,-39.66467,-13.5864,2026-04-20 16:20:00+00:00,2026-04-20,NPP-375,WENCESLAU GUIMARÃES,BAHIA,Brasil,,,,Mata Atlântica,33,29,2933505,8,,216_069,1.6
1814852657,5c74e1d3-52af-361e-a68b-b17e1040f175,-43.8534,-14.04311,2026-04-20 16:20:00+00:00,2026-04-20,NPP-375,CARINHANHA,BAHIA,Brasil,,,,Cerrado,33,29,2907103,8,,219_070,5.4
1814852507,ed5d9389-5657-3a45-93da-0ad9cd3a3faf,-39.74829,-13.23176,2026-04-20 16:20:00+00:00,2026-04-20,NPP-375,UBAÍRA,BAHIA,Brasil,,,,Mata Atlântica,33,29,2932101,8,,216_069,7.6
1814852565,8e324074-94f0-37b1-9d9c-b7ee7de21ee2,-37.20139,-9.70812,2026-04-20 16:20:00+00:00,2026-04-20,NPP-375,BATALHA,ALAGOAS,Brasil,,,,Caatinga,33,27,2700706,8,,215_067,10.1
1814852879,4d33a07a-d9e5-318e-806b-2634e50f4b9f,-47.54612,-13.49559,2026-04-20 16:20:00+00:00,2026-04-20,NPP-375,CAVALCANTE,GOIÁS,Brasil,,,,Cerrado,33,52,5205307,8,,221_069,3.2
1814852414,6d3976d5-c578-308a-9305-0f577588116e,-46.75115,-11.93737,2026-04-20 16:20:00+00:00,2026-04-20,NPP-375,NOVO JARDIM,TOCANTINS,Brasil,,,,Cerrado,33,17,1715259,8,,221_068,4.6
1814853310,cc724692-1432-3eac-b0de-d34ebd782e23,-37.84344,-11.03798,2026-04-20 16:20:00+00:00,2026-04-20,NPP-375,RIACHÃO DO DANTAS,SERGIPE,Brasil,,,,Caatinga,33,28,2805802,8,,215_068,8.1
1814852885,674406fd-9e6e-36cf-9f56-935680792392,-39.42641,-10.46202,2026-04-20 16:20:00+00:00,2026-04-20,NPP-375,MONTE SANTO,BAHIA,Brasil,,,,Caatinga,33,29,2921500,8,,216_067,8.6
1814852412,29ae0ef3-beea-3020-b9f0-88e8a28d0d8c,-47.51952,-14.17102,2026-04-20 16:20:00+00:00,2026-04-20,NPP-375,ALTO PARAÍSO DE GOIÁS,GOIÁS,Brasil,,,,Cerrado,33,52,5200605,8,,221_070,5.9
1814852903,9ab89514-e5cc-3193-a51d-2e9ccc0e212b,-40.77065,-11.42429,2026-04-20 16:20:00+00:00,2026-04-20,NPP-375,MIGUEL CALMON,BAHIA,Brasil,,,,Caatinga,33,29,2921203,8,,217_068,6.3
1814852681,136ac030-1f04-345a-9522-793f5634c3e5,-38.29123,-10.2621,2026-04-20 16:20:00+00:00,2026-04-20,NPP-375,SÍTIO DO QUINTO,BAHIA,Brasil,,,,Caatinga,33,29,2930766,8,,216_067,3.5
1814852320,4839b312-ae91-34bf-877a-75a07d9b2122,-37.07513,-10.32188,2026-04-20 16:20:00+00:00,2026-04-20,NPP-375,AQUIDABÃ,SERGIPE,Brasil,,,,Mata Atlântica,33,28,2800209,8,,215_067,4.6
1814852690,2036fcce-935b-34fd-8625-05fea08b1fc6,-44.74397,-11.72719,2026-04-20 16:20:00+00:00,2026-04-20,NPP-375,RIACHÃO DAS NEVES,BAHIA,Brasil,,,,Cerrado,33,29,2926202,8,,220_068,5.3
1814852458,02675004-499f-3f99-a547-e356c1464f97,-38.30943,-9.98662,2026-04-20 16:20:00+00:00,2026-04-20,NPP-375,JEREMOABO,BAHIA,Brasil,,,,Caatinga,33,29,2918100,8,,216_067,8.7
1814852921,5a5e06c1-6045-32ae-81bd-2cf143266772,-36.8179,-10.1908,2026-04-20 16:20:00+00:00,2026-04-20,NPP-375,PORTO REAL DO COLÉGIO,ALAGOAS,Brasil,,,,Mata Atlântica,33,27,2707503,8,,215_067,1.9
1814852411,661de5d8-4708-32ec-b876-6d502cb9281d,-40.01066,-13.38963,2026-04-20 16:20:00+00:00,2026-04-20,NPP-375,JAGUAQUARA,BAHIA,Brasil,,,,Mata Atlântica,33,29,2917607,8,,216_069,3.5
1814852928,9d03dd2c-c620-3aa9-bc4f-6f206feeb473,-44.74131,-11.7286,2026-04-20 16:20:00+00:00,2026-04-20,NPP-375,RIACHÃO DAS NEVES,BAHIA,Brasil,,,,Cerrado,33,29,2926202,8,,220_068,7.1
1814852941,11ea122d-5042-3434-b898-d57689dc03ac,-39.68535,-13.21535,2026-04-20 16:20:00+00:00,2026-04-20,NPP-375,UBAÍRA,BAHIA,Brasil,,,,Mata Atlântica,33,29,2932101,8,,216_069,7.5
1814852584,504d664b-aa02-3a2d-a11e-8c804419ce12,-42.97461,-13.5837,2026-04-20 16:20:00+00:00,2026-04-20,NPP-375,RIACHO DE SANTANA,BAHIA,Brasil,,,,Caatinga,33,29,2926400,8,,218_069,3.3
1814852591,f9fa3a58-23d7-349d-9d88-9ab90ba803e7,-41.62899,-12.16074,2026-04-20 16:20:00+00:00,2026-04-20,NPP-375,IRAQUARA,BAHIA,Brasil,,,,Caatinga,33,29,2914406,8,,217_068,3.3
1814852969,752a9f08-e5d9-3873-bd9b-e633c30d327a,-45.34345,-13.95344,2026-04-20 16:20:00+00:00,2026-04-20,NPP-375,JABORANDI,BAHIA,Brasil,,,,Cerrado,33,29,2917359,8,,220_070,5.5
1814852305,bf23cd9d-3da6-3548-9022-5797d37910ed,-44.59042,-12.3302,2026-04-20 16:20:00+00:00,2026-04-20,NPP-375,BAIANÓPOLIS,BAHIA,Brasil,,,,Cerrado,33,29,2902500,8,,219_069,6.1
1814852508,40b6677b-a03a-3ad3-89d5-ec16f57df810,-49.19449,-24.23665,2026-04-20 16:35:00+00:00,2026-04-20,NOAA-20,ITARARÉ,SÃO PAULO,Brasil,,,,Cerrado,33,35,3523206,8,,221_077,6.2
1814852299,8ce2f69c-8d08-3830-9d4c-759aaba8a96a,-49.99944,-27.4807,2026-04-20 16:35:00+00:00,2026-04-20,NOAA-20,OTACÍLIO COSTA,SANTA CATARINA,Brasil,,,,Mata Atlântica,33,42,4211751,8,,221_079,8.2
1814853447,8dfdc20e-72e2-3c8a-be22-69549baa1c16,-51.21322,-27.63077,2026-04-20 16:35:00+00:00,2026-04-20,NOAA-20,CELSO RAMOS,SANTA CATARINA,Brasil,,,,Mata Atlântica,33,42,4204152,8,,221_079,6.6
1814852920,444fdc5c-0a1e-3d94-9a61-27f6029516dd,-45.22628,-23.55542,2026-04-20 16:35:00+00:00,2026-04-20,NOAA-20,UBATUBA,SÃO PAULO,Brasil,,,,Mata Atlântica,33,35,3555406,8,,218_076,3.9
1814852953,f7f64a95-5290-3184-a3f4-8d5d6a433111,-49.44365,-27.73544,2026-04-20 16:35:00+00:00,2026-04-20,NOAA-20,ALFREDO WAGNER,SANTA CATARINA,Brasil,,,,Mata Atlântica,33,42,4200705,8,,220_079,12.3
1814852402,f55b8c1c-a445-3520-b525-5f4ae740989e,-48.95916,-24.37704,2026-04-20 16:35:00+00:00,2026-04-20,NOAA-20,APIAÍ,SÃO PAULO,Brasil,,,,Mata Atlântica,33,35,3502705,8,,220_077,2.6
1814852588,1c89fb78-bac1-3011-b80a-ed8cc2638803,-43.07712,-22.48903,2026-04-20 16:35:00+00:00,2026-04-20,NOAA-20,MAGÉ,RIO DE JANEIRO,Brasil,,,,Mata Atlântica,33,33,3302502,8,,217_076,6.8
1814853144,1ab20ed0-992e-3405-b298-e15653e026a8,-49.5303,-28.84683,2026-04-20 16:35:00+00:00,2026-04-20,NOAA-20,MELEIRO,SANTA CATARINA,Brasil,,,,Mata Atlântica,33,42,4210803,8,,220_080,5.7
1814852963,35961932-f59e-3920-a438-adedefa6dafa,-51.17229,-22.23764,2026-04-20 16:35:00+00:00,2026-04-20,NOAA-20,MARTINÓPOLIS,SÃO PAULO,Brasil,,,,Cerrado,33,35,3529203,8,,222_075,18.9
1814852592,1a87d143-d960-3787-8bb1-427b8dd61b81,-44.04341,-21.58923,2026-04-20 16:35:00+00:00,2026-04-20,NOAA-20,SANTA RITA DE IBITIPOCA,MINAS GERAIS,Brasil,,,,Mata Atlântica,33,31,3159407,8,,218_075,3.3
1814852440,2d864b5d-70d0-3bb8-84cb-3c9a5b1d97d3,-49.04929,-28.18876,2026-04-20 16:35:00+00:00,2026-04-20,NOAA-20,ARMAZÉM,SANTA CATARINA,Brasil,,,,Mata Atlântica,33,42,4201505,8,,220_080,13.9
1814852686,8efeda90-bdbb-3672-8fa9-634f0909f8b7,-50.21219,-27.54637,2026-04-20 16:35:00+00:00,2026-04-20,NOAA-20,PALMEIRA,SANTA CATARINA,Brasil,,,,Mata Atlântica,33,42,4212056,8,,221_079,1.5
1814852927,e520410b-ee47-36ae-8c91-bbe16e45f184,-49.18105,-28.62836,2026-04-20 16:35:00+00:00,2026-04-20,NOAA-20,TREZE DE MAIO,SANTA CATARINA,Brasil,,,,Mata Atlântica,33,42,4218400,8,,220_080,9.7
1814852656,4143f3d1-98c1-3ce1-a509-1c7d15a0ae28,-51.25032,-28.52738,2026-04-20 16:35:00+00:00,2026-04-20,NOAA-20,MUITOS CAPÕES,RIO GRANDE DO SUL,Brasil,,,,Mata Atlântica,33,43,4312617,8,,221_080,11.6
1814852400,0adf047e-7f98-30fb-a449-a6ae14aa5394,-50.80011,-28.88772,2026-04-20 16:35:00+00:00,2026-04-20,NOAA-20,SÃO FRANCISCO DE PAULA,RIO GRANDE DO SUL,Brasil,,,,Mata Atlântica,33,43,4318200,8,,221_080,11.2
1814852266,eacc3d6a-966a-3bdd-98b6-f8cbb531478a,-49.52975,-28.85139,2026-04-20 16:35:00+00:00,2026-04-20,NOAA-20,MELEIRO,SANTA CATARINA,Brasil,,,,Mata Atlântica,33,42,4210803,8,,220_080,3.1
1814852696,983b7a56-535d-39b3-827d-a9c17d740847,-47.5953,-22.85699,2026-04-20 16:35:00+00:00,2026-04-20,NOAA-20,RIO DAS PEDRAS,SÃO PAULO,Brasil,,,,Mata Atlântica,33,35,3544004,8,,220_076,2.7
1814853311,82227fd1-8638-3abd-af7b-61dff15c160f,-50.80765,-28.88706,2026-04-20 16:35:00+00:00,2026-04-20,NOAA-20,SÃO FRANCISCO DE PAULA,RIO GRANDE DO SUL,Brasil,,,,Mata Atlântica,33,43,4318200,8,,221_080,11.7
1814852349,68e1cd6c-901b-3126-8862-686e83be1b0d,-49.22607,-28.25132,2026-04-20 16:35:00+00:00,2026-04-20,NOAA-20,BRAÇO DO NORTE,SANTA CATARINA,Brasil,,,,Mata Atlântica,33,42,4202800,8,,220_080,3.3
1814852914,22babfad-01b5-3a74-9f86-86df028525e6,-49.17958,-28.62507,2026-04-20 16:35:00+00:00,2026-04-20,NOAA-20,TREZE DE MAIO,SANTA CATARINA,Brasil,,,,Mata Atlântica,33,42,4218400,8,,220_080,5.4
1814852829,291719a7-781c-36ce-ad3d-b1a840a5d1e0,-48.88329,-27.41577,2026-04-20 16:35:00+00:00,2026-04-20,NOAA-20,SÃO JOÃO BATISTA,SANTA CATARINA,Brasil,,,,Mata Atlântica,33,42,4216305,8,,220_079,34.6
1814852999,20670747-cdea-3e52-9318-6558c1fdf4c5,-51.73077,-29.39714,2026-04-20 16:35:00+00:00,2026-04-20,NOAA-20,WESTFÁLIA,RIO GRANDE DO SUL,Brasil,,,,Mata Atlântica,33,43,4323770,8,,221_080,2.2
1814852692,a25e8c53-9ec3-31fc-b30b-c8d14e0d8cae,-49.40168,-28.55681,2026-04-20 16:35:00+00:00,2026-04-20,NOAA-20,SIDERÓPOLIS,SANTA CATARINA,Brasil,,,,Mata Atlântica,33,42,4217600,8,,220_080,2.9
1814853524,07bc47fa-ec0b-3c92-b38d-185c9395a5a2,-46.41093,-21.56061,2026-04-20 16:35:00+00:00,2026-04-20,NOAA-20,CABO VERDE,MINAS GERAIS,Brasil,,,,Mata Atlântica,33,31,3109501,8,,219_075,4.5
1814853429,7537a36b-b692-350a-b9d3-7457af188a52,-40.23386,-20.12363,2026-04-20 16:35:00+00:00,2026-04-20,NOAA-20,SERRA,ESPÍRITO SANTO,Brasil,,,,Mata Atlântica,33,32,3205002,8,,215_074,3.4
1814852259,6b703c51-ff7f-34cb-9275-882f71c4fae1,-49.79866,-22.54058,2026-04-20 16:35:00+00:00,2026-04-20,NOAA-20,SÃO PEDRO DO TURVO,SÃO PAULO,Brasil,,,,Cerrado,33,35,3550506,8,,221_076,6.0
1814853507,d81956d8-bd52-35e1-8a8e-b155a0dbc38a,-49.1954,-24.23708,2026-04-20 16:35:00+00:00,2026-04-20,NOAA-20,ITARARÉ,SÃO PAULO,Brasil,,,,Cerrado,33,35,3523206,8,,221_077,7.7
1814853177,233ad10c-7b3f-3333-885f-d2b6bf0ae14a,-44.57517,-22.05803,2026-04-20 16:35:00+00:00,2026-04-20,NOAA-20,AIURUOCA,MINAS GERAIS,Brasil,,,,Mata Atlântica,33,31,3101201,8,,218_075,2.0
1814852249,4b238197-ca3e-3c14-a5cc-c9c4dc00d46f,-49.99889,-27.48531,2026-04-20 16:35:00+00:00,2026-04-20,NOAA-20,OTACÍLIO COSTA,SANTA CATARINA,Brasil,,,,Mata Atlântica,33,42,4211751,8,,221_079,8.7
1814853019,093e3e28-c1cf-3b66-b08e-e485408dd8e2,-48.22501,-22.04468,2026-04-20 16:35:00+00:00,2026-04-20,NOAA-20,RIBEIRÃO BONITO,SÃO PAULO,Brasil,,,,Cerrado,33,35,3542909,8,,220_075,11.2
1814852382,d6325a43-5d01-32da-9ac2-37b9ac68e449,-49.20939,-24.72251,2026-04-20 16:35:00+00:00,2026-04-20,NOAA-20,CERRO AZUL,PARANÁ,Brasil,,,,Mata Atlântica,33,41,4105201,8,,220_077,43.6
1814852602,e1028c7f-c75f-39be-948b-550b3bfad5cd,-49.20459,-24.72197,2026-04-20 16:35:00+00:00,2026-04-20,NOAA-20,CERRO AZUL,PARANÁ,Brasil,,,,Mata Atlântica,33,41,4105201,8,,220_077,24.2
1814852181,c3cb0628-77bd-32c2-b205-e0ca285b8856,-51.24997,-28.53245,2026-04-20 16:35:00+00:00,2026-04-20,NOAA-20,MUITOS CAPÕES,RIO GRANDE DO SUL,Brasil,,,,Mata Atlântica,33,43,4312617,8,,221_080,11.6
1814853026,d41f9d39-33b0-3ef2-a42f-3b96ab3f1590,-49.7783,-28.79304,2026-04-20 16:35:00+00:00,2026-04-20,NOAA-20,TIMBÉ DO SUL,SANTA CATARINA,Brasil,,,,Mata Atlântica,33,42,4218103,8,,220_080,2.8
1814853508,e53f23dc-ba5e-3f4f-a9e3-5375c78044f6,-50.64068,-29.39737,2026-04-20 16:35:00+00:00,2026-04-20,NOAA-20,SÃO FRANCISCO DE PAULA,RIO GRANDE DO SUL,Brasil,,,,Mata Atlântica,33,43,4318200,8,,221_080,4.9
1814853412,6e827528-e7c8-3022-81bf-f8adbcd5b418,-49.60691,-28.86835,2026-04-20 16:35:00+00:00,2026-04-20,NOAA-20,MELEIRO,SANTA CATARINA,Brasil,,,,Mata Atlântica,33,42,4210803,8,,220_080,2.8
1814852326,1d0c23fe-7cc0-308b-b0bb-abbb2aca01c7,-48.52367,-24.44575,2026-04-20 16:35:00+00:00,2026-04-20,NOAA-20,IPORANGA,SÃO PAULO,Brasil,,,,Mata Atlântica,33,35,3521200,8,,220_077,6.4
1814852650,580fda78-8f1b-3c79-8f46-e5c84297b44b,-51.16967,-29.4533,2026-04-20 16:35:00+00:00,2026-04-20,NOAA-20,PICADA CAFÉ,RIO GRANDE DO SUL,Brasil,,,,Mata Atlântica,33,43,4314423,8,,221_080,18.0
1814852188,7d0b94b9-0648-3e39-b547-1eee39eddc1d,-49.43902,-27.73497,2026-04-20 16:35:00+00:00,2026-04-20,NOAA-20,ALFREDO WAGNER,SANTA CATARINA,Brasil,,,,Mata Atlântica,33,42,4200705,8,,220_079,12.3
1814852364,805f4f8d-a200-3f4f-91df-9ed15490ea07,-50.80648,-28.88826,2026-04-20 16:35:00+00:00,2026-04-20,NOAA-20,SÃO FRANCISCO DE PAULA,RIO GRANDE DO SUL,Brasil,,,,Mata Atlântica,33,43,4318200,8,,221_080,15.7
1814852353,a52f9cd6-3bb3-3800-afa2-0d04002ca9cb,-50.64012,-29.39936,2026-04-20 16:35:00+00:00,2026-04-20,NOAA-20,SÃO FRANCISCO DE PAULA,RIO GRANDE DO SUL,Brasil,,,,Mata Atlântica,33,43,4318200,8,,221_080,6.7
1814852362,731bdc0b-933c-3f3b-926e-c5b96f945efc,-47.60296,-22.85361,2026-04-20 16:35:00+00:00,2026-04-20,NOAA-20,RIO DAS PEDRAS,SÃO PAULO,Brasil,,,,Mata Atlântica,33,35,3544004,8,,220_076,13.0
1814852199,807d4546-b3e1-3811-a985-26614f002bab,-51.17267,-29.45354,2026-04-20 16:35:00+00:00,2026-04-20,NOAA-20,LINHA NOVA,RIO GRANDE DO SUL,Brasil,,,,Mata Atlântica,33,43,4311643,8,,221_080,34.9
1814853289,c9263c3f-4246-3344-939b-b04537eac22a,-51.25356,-28.52766,2026-04-20 16:35:00+00:00,2026-04-20,NOAA-20,MUITOS CAPÕES,RIO GRANDE DO SUL,Brasil,,,,Mata Atlântica,33,43,4312617,8,,221_080,5.3
1814852462,333c7533-5732-346b-950b-1dbe957e784c,-43.5319,-22.86087,2026-04-20 16:35:00+00:00,2026-04-20,NOAA-20,RIO DE JANEIRO,RIO DE JANEIRO,Brasil,,,,Mata Atlântica,33,33,3304557,8,,217_076,2.9
1814852778,640c6302-4dec-3807-b424-76f59aa056c1,-51.25325,-28.53273,2026-04-20 16:35:00+00:00,2026-04-20,NOAA-20,MUITOS CAPÕES,RIO GRANDE DO SUL,Brasil,,,,Mata Atlântica,33,43,4312617,8,,221_080,5.3
1814852895,4d32e522-9520-3d34-888b-25afe2170b4a,-49.44921,-27.73147,2026-04-20 16:35:00+00:00,2026-04-20,NOAA-20,ALFREDO WAGNER,SANTA CATARINA,Brasil,,,,Mata Atlântica,33,42,4200705,8,,220_079,5.8
1814853220,b7ce208f-882b-3044-9103-e5f6d79cc68d,-50.90935,-25.04404,2026-04-20 16:35:00+00:00,2026-04-20,NOAA-20,IVAÍ,PARANÁ,Brasil,,,,Mata Atlântica,33,41,4111407,8,,222_077,8.4
1814852361,a8176283-55c3-3fb6-8ed0-24989acd9232,-49.49688,-27.40289,2026-04-20 16:35:00+00:00,2026-04-20,NOAA-20,ITUPORANGA,SANTA CATARINA,Brasil,,,,Mata Atlântica,33,42,4208500,8,,220_079,2.7
1814853062,60d5b6e0-6899-3530-b97a-001655449497,-49.11379,-28.07504,2026-04-20 16:35:00+00:00,2026-04-20,NOAA-20,RIO FORTUNA,SANTA CATARINA,Brasil,,,,Mata Atlântica,33,42,4214904,8,,220_079,2.2
1814853066,69d5f506-6a82-3778-a95b-7113005951cd,-51.58891,-29.53921,2026-04-20 16:35:00+00:00,2026-04-20,NOAA-20,BROCHIER,RIO GRANDE DO SUL,Brasil,,,,Mata Atlântica,33,43,4302659,8,,221_081,2.1
1814853359,a3b0a8b2-6cd9-3939-b0e9-a732bb5c345e,-44.44732,-20.87701,2026-04-20 16:35:00+00:00,2026-04-20,NOAA-20,SÃO TIAGO,MINAS GERAIS,Brasil,,,,Mata Atlântica,33,31,3165008,8,,218_074,2.3
1814852359,927e75ef-513e-34c7-a24a-e7a91b3223dd,-46.90218,-21.15154,2026-04-20 16:35:00+00:00,2026-04-20,NOAA-20,MONTE SANTO DE MINAS,MINAS GERAIS,Brasil,,,,Cerrado,33,31,3143203,8,,220_075,2.2
1814852488,fda11ec0-086e-3924-bad3-3043bbd383aa,-50.80134,-28.88647,2026-04-20 16:35:00+00:00,2026-04-20,NOAA-20,SÃO FRANCISCO DE PAULA,RIO GRANDE DO SUL,Brasil,,,,Mata Atlântica,33,43,4318200,8,,221_080,11.7
1814852794,2c8752f6-191f-3005-80d6-6e55b81f419d,-52.69708,-22.9694,2026-04-20 16:35:00+00:00,2026-04-20,NOAA-20,GUAIRAÇÁ,PARANÁ,Brasil,,,,Mata Atlântica,33,41,4108908,8,,223_076,4.5
1814852238,11ea093e-1f25-34a6-8cb8-34ad902f53b8,-49.15444,-22.86924,2026-04-20 16:35:00+00:00,2026-04-20,NOAA-20,IARAS,SÃO PAULO,Brasil,,,,Cerrado,33,35,3519253,8,,221_076,2.3
1814852302,2bf47978-a088-3c9d-a6f2-c3af07625b1c,-44.91594,-23.04418,2026-04-20 16:35:00+00:00,2026-04-20,NOAA-20,CUNHA,SÃO PAULO,Brasil,,,,Mata Atlântica,33,35,3513603,8,,218_076,4.6
1814852237,4b58c309-0215-3830-ae5f-20fe71cf67f8,-44.31476,-20.92142,2026-04-20 16:35:00+00:00,2026-04-20,NOAA-20,RITÁPOLIS,MINAS GERAIS,Brasil,,,,Mata Atlântica,33,31,3156106,8,,218_074,12.2
1814852236,9abaac1b-976d-36d6-8fb5-8ee5ea41eede,-49.11279,-28.07532,2026-04-20 16:35:00+00:00,2026-04-20,NOAA-20,RIO FORTUNA,SANTA CATARINA,Brasil,,,,Mata Atlântica,33,42,4214904,8,,220_079,3.9
1814852202,09e39184-4ec4-3368-b593-74aaf7c077a1,-47.59751,-22.85674,2026-04-20 16:35:00+00:00,2026-04-20,NOAA-20,RIO DAS PEDRAS,SÃO PAULO,Brasil,,,,Mata Atlântica,33,35,3544004,8,,220_076,3.9
1814852490,09a66820-c31d-3800-8460-5d1f52bd4338,-49.79816,-22.54486,2026-04-20 16:35:00+00:00,2026-04-20,NOAA-20,SÃO PEDRO DO TURVO,SÃO PAULO,Brasil,,,,Cerrado,33,35,3550506,8,,221_076,6.0
1814852802,c6c2f1d8-d953-3312-a95c-594079c809f8,-49.44458,-27.731,2026-04-20 16:35:00+00:00,2026-04-20,NOAA-20,ALFREDO WAGNER,SANTA CATARINA,Brasil,,,,Mata Atlântica,33,42,4200705,8,,220_079,12.3
1814853426,d5fb4332-cbad-3e6b-85d6-329843f86547,-49.60559,-28.8682,2026-04-20 16:35:00+00:00,2026-04-20,NOAA-20,MELEIRO,SANTA CATARINA,Brasil,,,,Mata Atlântica,33,42,4210803,8,,220_080,3.6
1814852521,f3cf48b3-f8bd-3b70-b64a-6ff706d8cfef,-50.56537,-27.4969,2026-04-20 16:35:00+00:00,2026-04-20,NOAA-20,CURITIBANOS,SANTA CATARINA,Brasil,,,,Mata Atlântica,33,42,4204806,8,,221_079,12.1
1814852427,4c9151f9-2697-312b-be81-c0c262128b2b,-47.58927,-22.8639,2026-04-20 16:35:00+00:00,2026-04-20,NOAA-20,RIO DAS PEDRAS,SÃO PAULO,Brasil,,,,Mata Atlântica,33,35,3544004,8,,220_076,5.4
1814852419,bf06aa66-d37d-3ca9-9144-501d8bd229a1,-51.2123,-27.63089,2026-04-20 16:35:00+00:00,2026-04-20,NOAA-20,CELSO RAMOS,SANTA CATARINA,Brasil,,,,Mata Atlântica,33,42,4204152,8,,221_079,4.8
1814852198,e8de70ee-4807-3765-8783-abc339839f6d,-48.89047,-23.97781,2026-04-20 16:35:00+00:00,2026-04-20,NOAA-20,ITAPEVA,SÃO PAULO,Brasil,,,,Cerrado,33,35,3522406,8,,220_077,3.0
1814853298,ce9aa21d-0b59-3012-b9c6-ddffc9fa5e69,-48.88231,-27.41357,2026-04-20 16:35:00+00:00,2026-04-20,NOAA-20,SÃO JOÃO BATISTA,SANTA CATARINA,Brasil,,,,Mata Atlântica,33,42,4216305,8,,220_079,18.5
1814853240,817b78de-a883-3fb1-85d8-1ceca2880cae,-50.38233,-21.35356,2026-04-20 16:35:00+00:00,2026-04-20,NOAA-20,BIRIGUI,SÃO PAULO,Brasil,,,,Mata Atlântica,33,35,3506508,8,,222_075,3.9
1814853124,2b6efdb1-1821-3b2b-9a22-3c430506531f,-49.20855,-24.72671,2026-04-20 16:35:00+00:00,2026-04-20,NOAA-20,CERRO AZUL,PARANÁ,Brasil,,,,Mata Atlântica,33,41,4105201,8,,220_077,43.6
1814853371,57797011-af65-3499-94e0-0760333b30c5,-50.56494,-27.50169,2026-04-20 16:35:00+00:00,2026-04-20,NOAA-20,CURITIBANOS,SANTA CATARINA,Brasil,,,,Mata Atlântica,33,42,4204806,8,,221_079,12.1
1814853129,ef25e560-6c07-3101-b0e9-64947635bc03,-43.34084,-21.79016,2026-04-20 16:35:00+00:00,2026-04-20,NOAA-20,JUIZ DE FORA,MINAS GERAIS,Brasil,,,,Mata Atlântica,33,31,3136702,8,,217_075,2.3
1814852926,d262dbc6-d821-3e2a-a8f0-4ebeaa4c4d49,-49.20384,-24.72618,2026-04-20 16:35:00+00:00,2026-04-20,NOAA-20,CERRO AZUL,PARANÁ,Brasil,,,,Mata Atlântica,33,41,4105201,8,,220_077,24.2
1814853133,9e0faa91-1905-3d22-a392-f1aea6f88fc5,-47.48136,-21.87889,2026-04-20 16:35:00+00:00,2026-04-20,NOAA-20,PORTO FERREIRA,SÃO PAULO,Brasil,,,,Mata Atlântica,33,35,3540705,8,,220_075,4.6
1814852636,42e8d7c1-d5ad-3d14-8ecb-42c33d4e1f51,-47.59148,-22.86361,2026-04-20 16:35:00+00:00,2026-04-20,NOAA-20,RIO DAS PEDRAS,SÃO PAULO,Brasil,,,,Mata Atlântica,33,35,3544004,8,,220_076,3.4
1814852904,6f08c379-6578-3157-bb18-9453d427ca40,-50.213,-27.93209,2026-04-20 16:35:00+00:00,2026-04-20,NOAA-20,LAGES,SANTA CATARINA,Brasil,,,,Mata Atlântica,33,42,4209300,8,,221_079,20.8
1814853295,1f9d0fab-8dfa-3d0c-9f53-574bc2b9e1fc,-46.53173,-15.84944,2026-04-20 16:37:00+00:00,2026-04-20,NOAA-20,UNAÍ,MINAS GERAIS,Brasil,,,,Cerrado,33,31,3170404,8,,220_071,25.8
1814853417,b0d69d1d-c2b2-398a-b74a-f9de660774bd,-42.14217,-14.43979,2026-04-20 16:37:00+00:00,2026-04-20,NOAA-20,RIO DO ANTÔNIO,BAHIA,Brasil,,,,Caatinga,33,29,2926806,8,,217_070,5.9
1814852494,875a60b8-8186-3efa-bb96-20dc87c83fcf,-39.47979,-15.43071,2026-04-20 16:37:00+00:00,2026-04-20,NOAA-20,CAMACAN,BAHIA,Brasil,,,,Mata Atlântica,33,29,2905602,8,,216_071,4.7
1814852499,6ee32930-b3f6-3faa-b45b-28b78675ead0,-44.81394,-17.71474,2026-04-20 16:37:00+00:00,2026-04-20,NOAA-20,VÁRZEA DA PALMA,MINAS GERAIS,Brasil,,,,Cerrado,33,31,3170800,8,,219_072,3.2
1814853422,8d1b9a0e-3b79-3405-abbe-ff621fd60883,-50.60135,-27.16677,2026-04-20 16:37:00+00:00,2026-04-20,NOAA-20,PONTE ALTA DO NORTE,SANTA CATARINA,Brasil,,,,Mata Atlântica,33,42,4213351,8,,221_079,23.8
1814852336,e9749053-11e2-3cb8-b325-dcbea8e5b55a,-47.39698,-15.7154,2026-04-20 16:37:00+00:00,2026-04-20,NOAA-20,BRASÍLIA,DISTRITO FEDERAL,Brasil,,,,Cerrado,33,53,5300108,8,,221_071,2.8
1814852504,3cfebe65-b06a-3ff0-8217-e9d1e63cdf71,-46.44671,-14.89552,2026-04-20 16:37:00+00:00,2026-04-20,NOAA-20,FORMOSO,MINAS GERAIS,Brasil,,,,Cerrado,33,31,3126208,8,,220_070,4.2
1814852506,e0945ef4-d23f-3180-9fd2-70f8c46f2820,-51.32386,-25.73116,2026-04-20 16:37:00+00:00,2026-04-20,NOAA-20,INÁCIO MARTINS,PARANÁ,Brasil,,,,Mata Atlântica,33,41,4110201,8,,222_078,4.6
1814852510,246dbfdf-37d9-3756-9bd0-2c26ac9e865c,-47.39647,-15.71886,2026-04-20 16:37:00+00:00,2026-04-20,NOAA-20,BRASÍLIA,DISTRITO FEDERAL,Brasil,,,,Cerrado,33,53,5300108,8,,221_071,2.8
1814852527,4e94fbc2-bf3b-33b7-bbed-581a7635abba,-43.28379,-16.755,2026-04-20 16:37:00+00:00,2026-04-20,NOAA-20,ITACAMBIRA,MINAS GERAIS,Brasil,,,,Cerrado,33,31,3132008,8,,218_072,13.3
1814852541,d8949e1c-5862-3785-b0a4-65b3124c7073,-46.53121,-15.85281,2026-04-20 16:37:00+00:00,2026-04-20,NOAA-20,UNAÍ,MINAS GERAIS,Brasil,,,,Cerrado,33,31,3170404,8,,220_071,25.8
1814852547,3ee5addf-7561-3ce8-b66c-d67b7f25aed6,-43.9577,-15.15494,2026-04-20 16:37:00+00:00,2026-04-20,NOAA-20,JAÍBA,MINAS GERAIS,Brasil,,,,Cerrado,33,31,3135050,8,,219_070,2.3
1814852318,93c4b112-e25e-3800-ae05-172b1eb96d35,-50.10548,-26.89778,2026-04-20 16:37:00+00:00,2026-04-20,NOAA-20,RIO DO CAMPO,SANTA CATARINA,Brasil,,,,Mata Atlântica,33,42,4214508,8,,221_079,6.0
1814852556,c3c7f811-c2fd-3b97-ad08-bda0f5295ee6,-53.06595,-16.24595,2026-04-20 16:37:00+00:00,2026-04-20,NOAA-20,TORIXORÉU,MATO GROSSO,Brasil,,,,Cerrado,33,51,5108204,8,,224_071,8.8
1814852557,e64857e3-fc64-3b84-9a3b-e58e9f3438b3,-51.0642,-15.40156,2026-04-20 16:37:00+00:00,2026-04-20,NOAA-20,BRITÂNIA,GOIÁS,Brasil,,,,Cerrado,33,52,5203807,8,,223_071,3.9
1814852563,df6b753f-5c5c-35fc-bd7e-7f0599e9d0ed,-48.98397,-25.99909,2026-04-20 16:37:00+00:00,2026-04-20,NOAA-20,TIJUCAS DO SUL,PARANÁ,Brasil,,,,Mata Atlântica,33,41,4127601,8,,220_078,15.8
1814853431,8d78ae90-3757-3948-9b26-0d6fde00e29d,-50.60675,-27.17209,2026-04-20 16:37:00+00:00,2026-04-20,NOAA-20,PONTE ALTA DO NORTE,SANTA CATARINA,Brasil,,,,Mata Atlântica,33,42,4213351,8,,221_079,23.8
1814853434,82ff36b9-d372-374b-a6de-9cb895590b3c,-51.73615,-17.57545,2026-04-20 16:37:00+00:00,2026-04-20,NOAA-20,JATAÍ,GOIÁS,Brasil,,,,Cerrado,33,52,5211909,8,,223_072,9.6
1814852569,4b15d054-2403-3bf1-a4e7-2533c877a3bd,-42.34196,-14.36424,2026-04-20 16:37:00+00:00,2026-04-20,NOAA-20,IBIASSUCÊ,BAHIA,Brasil,,,,Caatinga,33,29,2912004,8,,218_070,12.2
1814852583,82f284d7-6e5e-3c89-9928-bb60e70bd39c,-49.22012,-25.19513,2026-04-20 16:37:00+00:00,2026-04-20,NOAA-20,RIO BRANCO DO SUL,PARANÁ,Brasil,,,,Mata Atlântica,33,41,4122206,8,,220_078,2.8
1814852598,ba371d36-54ba-3040-b147-bf4734dcec40,-45.13234,-18.63391,2026-04-20 16:37:00+00:00,2026-04-20,NOAA-20,FELIXLÂNDIA,MINAS GERAIS,Brasil,,,,Cerrado,33,31,3125705,8,,219_073,6.7
1814852616,730e7b2a-e965-3bff-be30-2872d5c9f495,-50.51223,-26.94005,2026-04-20 16:37:00+00:00,2026-04-20,NOAA-20,SANTA CECÍLIA,SANTA CATARINA,Brasil,,,,Mata Atlântica,33,42,4215505,8,,221_079,9.5
1814852317,f7c8e7bb-2f1e-331f-a27a-8c10487a6983,-47.21519,-20.07892,2026-04-20 16:37:00+00:00,2026-04-20,NOAA-20,SACRAMENTO,MINAS GERAIS,Brasil,,,,Cerrado,33,31,3156908,8,,220_074,22.7
1814852629,2d9d3ce9-74fe-337d-8fbe-b7316542b031,-56.35899,-20.92105,2026-04-20 16:37:00+00:00,2026-04-20,NOAA-20,BONITO,MATO GROSSO DO SUL,Brasil,,,,Cerrado,33,50,5002209,8,,226_074,4.3
1814852633,d1e5e2bf-f539-374f-800e-cda16b0a9da2,-43.16339,-18.31997,2026-04-20 16:37:00+00:00,2026-04-20,NOAA-20,RIO VERMELHO,MINAS GERAIS,Brasil,,,,Mata Atlântica,33,31,3156007,8,,218_073,2.4
1814852637,6c0ce078-204c-3b70-b54c-a2f4a4c4d2ed,-51.32411,-27.07998,2026-04-20 16:37:00+00:00,2026-04-20,NOAA-20,IBICARÉ,SANTA CATARINA,Brasil,,,,Mata Atlântica,33,42,4206801,8,,221_079,20.2
1814852644,5ebbecdf-928c-3034-8a5f-c0aa43b8eb1e,-48.90386,-19.38101,2026-04-20 16:37:00+00:00,2026-04-20,NOAA-20,PRATA,MINAS GERAIS,Brasil,,,,Cerrado,33,31,3152808,8,,221_073,5.8
1814852652,c3092b43-15a3-3fc8-a356-997d424943da,-39.09875,-15.74441,2026-04-20 16:37:00+00:00,2026-04-20,NOAA-20,CANAVIEIRAS,BAHIA,Brasil,,,,Mata Atlântica,33,29,2906303,8,,215_071,7.8
1814852664,3d35676c-1463-3ea1-86ab-d6cf0034f178,-56.36347,-20.91902,2026-04-20 16:37:00+00:00,2026-04-20,NOAA-20,BONITO,MATO GROSSO DO SUL,Brasil,,,,Cerrado,33,50,5002209,8,,226_074,6.3
1814852672,de4b8fe1-66e2-3970-9c93-6bfcbcb82e31,-53.78371,-17.34228,2026-04-20 16:37:00+00:00,2026-04-20,NOAA-20,SONORA,MATO GROSSO DO SUL,Brasil,,,,Cerrado,33,50,5007935,8,,225_072,8.4
1814852676,1da45a02-d67f-3419-82ea-a44a9ff50280,-42.68852,-18.45778,2026-04-20 16:37:00+00:00,2026-04-20,NOAA-20,SÃO PEDRO DO SUAÇUÍ,MINAS GERAIS,Brasil,,,,Mata Atlântica,33,31,3164100,8,,217_073,0.9
1814852314,31696546-7405-3102-a3dc-10a7b4180537,-46.83341,-17.16821,2026-04-20 16:37:00+00:00,2026-04-20,NOAA-20,PARACATU,MINAS GERAIS,Brasil,,,,Cerrado,33,31,3147006,8,,220_072,21.5
1814852688,2ab3d789-51fb-39ad-a49f-7b3dd2ea8e85,-50.10216,-26.89832,2026-04-20 16:37:00+00:00,2026-04-20,NOAA-20,RIO DO CAMPO,SANTA CATARINA,Brasil,,,,Mata Atlântica,33,42,4214508,8,,221_079,4.8
1814852707,cccba50e-4c94-3142-8779-89a2a8208753,-47.21951,-20.07951,2026-04-20 16:37:00+00:00,2026-04-20,NOAA-20,SACRAMENTO,MINAS GERAIS,Brasil,,,,Cerrado,33,31,3156908,8,,220_074,14.8
1814852708,0fda25ab-66cc-3b6d-a319-d700341fb7dc,-39.47033,-14.1012,2026-04-20 16:37:00+00:00,2026-04-20,NOAA-20,IBIRAPITANGA,BAHIA,Brasil,,,,Mata Atlântica,33,29,2912707,8,,216_070,6.7
1814852312,db095fa8-ba1a-309c-91e5-8cd15a5d016e,-51.46709,-27.35097,2026-04-20 16:37:00+00:00,2026-04-20,NOAA-20,CAMPOS NOVOS,SANTA CATARINA,Brasil,,,,Mata Atlântica,33,42,4203600,8,,222_079,38.1
1814852714,c27ce1ce-2620-37d6-bd00-b50c6bfd2185,-49.34703,-20.96469,2026-04-20 16:37:00+00:00,2026-04-20,NOAA-20,CEDRAL,SÃO PAULO,Brasil,,,,Mata Atlântica,33,35,3511300,8,,221_075,5.9
1814853453,97b1a759-2129-3ca1-998b-4fef292f797c,-49.57904,-27.00264,2026-04-20 16:37:00+00:00,2026-04-20,NOAA-20,IBIRAMA,SANTA CATARINA,Brasil,,,,Mata Atlântica,33,42,4206900,8,,220_079,4.7
1814852717,f2469878-7c95-3d16-a84e-861f30422ef2,-43.85309,-14.04114,2026-04-20 16:37:00+00:00,2026-04-20,NOAA-20,CARINHANHA,BAHIA,Brasil,,,,Cerrado,33,29,2907103,8,,219_070,7.0
1814852721,fc798ffb-f30a-33fe-b659-22d8eb5a2772,-50.80925,-27.01238,2026-04-20 16:37:00+00:00,2026-04-20,NOAA-20,FRAIBURGO,SANTA CATARINA,Brasil,,,,Mata Atlântica,33,42,4205506,8,,221_079,42.0
1814852738,667400e1-96d2-378b-ad55-98789901daa7,-49.3166,-25.33292,2026-04-20 16:37:00+00:00,2026-04-20,NOAA-20,ALMIRANTE TAMANDARÉ,PARANÁ,Brasil,,,,Mata Atlântica,33,41,4100400,8,,220_078,6.2
1814852746,3c89c69a-e016-35bc-9b68-5247513ade09,-43.89114,-15.65674,2026-04-20 16:37:00+00:00,2026-04-20,NOAA-20,VARZELÂNDIA,MINAS GERAIS,Brasil,,,,Cerrado,33,31,3170909,8,,218_071,3.0
1814852304,787bb308-084c-3a10-a4f3-0cf79b8cc798,-44.51287,-17.22087,2026-04-20 16:37:00+00:00,2026-04-20,NOAA-20,JEQUITAÍ,MINAS GERAIS,Brasil,,,,Cerrado,33,31,3135605,8,,219_072,1.6
1814852761,43486255-aadf-3dc0-91c1-5a6d352d2b64,-46.66028,-15.07864,2026-04-20 16:37:00+00:00,2026-04-20,NOAA-20,BURITIS,MINAS GERAIS,Brasil,,,,Cerrado,33,31,3109303,8,,220_070,2.5
1814853462,9ee64c15-17aa-369e-b545-a50387efbf17,-43.47523,-14.38351,2026-04-20 16:37:00+00:00,2026-04-20,NOAA-20,IUIU,BAHIA,Brasil,,,,Cerrado,33,29,2917334,8,,218_070,5.9
1814852770,9220b943-73b2-35a8-a640-0d71c948c078,-51.4637,-27.34981,2026-04-20 16:37:00+00:00,2026-04-20,NOAA-20,CAMPOS NOVOS,SANTA CATARINA,Brasil,,,,Mata Atlântica,33,42,4203600,8,,222_079,16.0
1814852776,a8eac9f7-e8f4-33a3-9972-55331a3146e0,-39.41366,-13.62742,2026-04-20 16:37:00+00:00,2026-04-20,NOAA-20,WENCESLAU GUIMARÃES,BAHIA,Brasil,,,,Mata Atlântica,33,29,2933505,8,,216_069,2.8
1814853523,85dda2d7-184a-3f88-8e4f-b945dba5d5e5,-40.42765,-15.74741,2026-04-20 16:37:00+00:00,2026-04-20,NOAA-20,MACARANI,BAHIA,Brasil,,,,Mata Atlântica,33,29,2919702,8,,216_071,6.4
1814852783,84f2ecd8-49f4-390d-9cc8-d95f37f93403,-39.33316,-13.86162,2026-04-20 16:37:00+00:00,2026-04-20,NOAA-20,IGRAPIÚNA,BAHIA,Brasil,,,,Mata Atlântica,33,29,2913457,8,,216_070,7.3
1814852803,a84e7a88-7ed4-3281-830c-c143001f11fe,-50.59866,-27.16641,2026-04-20 16:37:00+00:00,2026-04-20,NOAA-20,PONTE ALTA DO NORTE,SANTA CATARINA,Brasil,,,,Mata Atlântica,33,42,4213351,8,,221_079,19.5
1814852814,e51ccc21-f486-39b9-8edf-074451c315a2,-46.30996,-15.61379,2026-04-20 16:37:00+00:00,2026-04-20,NOAA-20,BURITIS,MINAS GERAIS,Brasil,,,,Cerrado,33,31,3109303,8,,220_071,5.9
1814852818,34e2d7da-9e22-3e20-8208-889330ecfc6b,-50.18764,-27.14201,2026-04-20 16:37:00+00:00,2026-04-20,NOAA-20,TAIÓ,SANTA CATARINA,Brasil,,,,Mata Atlântica,33,42,4217808,8,,221_079,19.2
1814852291,68aa175d-9059-3ec9-b482-ac917e3ad2c6,-39.6814,-13.83557,2026-04-20 16:37:00+00:00,2026-04-20,NOAA-20,ITAMARI,BAHIA,Brasil,,,,Mata Atlântica,33,29,2915700,8,,216_070,7.4
1814852824,73b343ac-1932-3464-8d9f-3d630167e482,-42.33767,-14.36353,2026-04-20 16:37:00+00:00,2026-04-20,NOAA-20,IBIASSUCÊ,BAHIA,Brasil,,,,Caatinga,33,29,2912004,8,,218_070,12.6
1814852827,b4d60f04-154b-3b96-a831-861fe90cb9a9,-39.4509,-13.63853,2026-04-20 16:37:00+00:00,2026-04-20,NOAA-20,WENCESLAU GUIMARÃES,BAHIA,Brasil,,,,Mata Atlântica,33,29,2933505,8,,216_069,7.2
1814852828,c5abafed-90eb-3b64-825e-907a213a35a7,-39.34246,-13.53825,2026-04-20 16:37:00+00:00,2026-04-20,NOAA-20,TAPEROÁ,BAHIA,Brasil,,,,Mata Atlântica,33,29,2931202,8,,216_069,12.2
1814852832,818d1c9e-e643-333f-b7c6-8b62daf0a6b7,-46.44159,-14.88108,2026-04-20 16:37:00+00:00,2026-04-20,NOAA-20,FORMOSO,MINAS GERAIS,Brasil,,,,Cerrado,33,31,3126208,8,,220_070,3.4
1814852836,0c405e52-c692-32c4-a490-0aefc2c13479,-50.12029,-25.18508,2026-04-20 16:37:00+00:00,2026-04-20,NOAA-20,PONTA GROSSA,PARANÁ,Brasil,,,,Mata Atlântica,33,41,4119905,8,,221_077,5.6
1814852841,685b5f0b-2521-335c-ae0f-411b316b03b2,-47.62039,-15.69535,2026-04-20 16:37:00+00:00,2026-04-20,NOAA-20,BRASÍLIA,DISTRITO FEDERAL,Brasil,,,,Cerrado,33,53,5300108,8,,221_071,3.9
1814852847,72822110-f437-3018-b3aa-1c8382487cbd,-42.9939,-14.66689,2026-04-20 16:37:00+00:00,2026-04-20,NOAA-20,SEBASTIÃO LARANJEIRAS,BAHIA,Brasil,,,,Caatinga,33,29,2930006,8,,218_070,7.7
1814852851,cd0dff1e-448d-3798-b980-baf6c0b822db,-50.60415,-27.17178,2026-04-20 16:37:00+00:00,2026-04-20,NOAA-20,PONTE ALTA DO NORTE,SANTA CATARINA,Brasil,,,,Mata Atlântica,33,42,4213351,8,,221_079,19.5
1814852864,0473f079-5735-3247-b9c5-6b690301a101,-44.14679,-18.37206,2026-04-20 16:37:00+00:00,2026-04-20,NOAA-20,MONJOLOS,MINAS GERAIS,Brasil,,,,Cerrado,33,31,3142502,8,,218_073,4.0
1814853468,f30d69d1-26ac-32c7-99e9-4893888f43ec,-48.80704,-26.79252,2026-04-20 16:37:00+00:00,2026-04-20,NOAA-20,LUIZ ALVES,SANTA CATARINA,Brasil,,,,Mata Atlântica,33,42,4210001,8,,220_079,2.4
1814852289,a01f236d-d5ff-32a6-8dc1-7e1e8dd00b9b,-45.34593,-13.95274,2026-04-20 16:37:00+00:00,2026-04-20,NOAA-20,JABORANDI,BAHIA,Brasil,,,,Cerrado,33,29,2917359,8,,220_070,13.9
1814852892,6194fea8-efc6-3082-be62-e6223ba88a50,-50.72972,-25.36607,2026-04-20 16:37:00+00:00,2026-04-20,NOAA-20,IRATI,PARANÁ,Brasil,,,,Mata Atlântica,33,41,4110706,8,,221_078,9.7
1814852893,594a0e0f-65f3-3953-b60b-79fb0b3e8ad5,-39.60315,-13.38634,2026-04-20 16:37:00+00:00,2026-04-20,NOAA-20,JIQUIRIÇÁ,BAHIA,Brasil,,,,Mata Atlântica,33,29,2918209,8,,216_069,5.8
1814852287,f07f022d-38f8-3946-a2e6-516464af2a83,-47.54405,-13.49441,2026-04-20 16:37:00+00:00,2026-04-20,NOAA-20,CAVALCANTE,GOIÁS,Brasil,,,,Cerrado,33,52,5205307,8,,221_069,5.5
1814853476,81792356-cfd0-31ee-8748-117660212ffb,-45.34238,-13.95219,2026-04-20 16:37:00+00:00,2026-04-20,NOAA-20,JABORANDI,BAHIA,Brasil,,,,Cerrado,33,29,2917359,8,,220_070,11.1
1814852906,2b6a4af4-d442-3073-a11e-8e70a9dc84f0,-47.52684,-13.50584,2026-04-20 16:37:00+00:00,2026-04-20,NOAA-20,CAVALCANTE,GOIÁS,Brasil,,,,Cerrado,33,52,5205307,8,,221_069,2.7
1814852910,926f58a1-390e-3a8c-8578-4b73e31fdd1d,-39.82154,-16.68261,2026-04-20 16:37:00+00:00,2026-04-20,NOAA-20,GUARATINGA,BAHIA,Brasil,,,,Mata Atlântica,33,29,2911808,8,,216_071,1.4
1814852911,99bf5728-a7fe-375c-98c1-fadb102f29ce,-50.73104,-25.36426,2026-04-20 16:37:00+00:00,2026-04-20,NOAA-20,IRATI,PARANÁ,Brasil,,,,Mata Atlântica,33,41,4110706,8,,221_078,8.0
1814852912,48bcdc37-4618-347b-8815-f78b99f270b5,-47.77732,-15.68183,2026-04-20 16:37:00+00:00,2026-04-20,NOAA-20,BRASÍLIA,DISTRITO FEDERAL,Brasil,,,,Cerrado,33,53,5300108,8,,221_071,5.4
1814852915,b5613cf4-b0ef-356b-864d-e79c7db4362b,-41.03217,-12.1557,2026-04-20 16:37:00+00:00,2026-04-20,NOAA-20,RUY BARBOSA,BAHIA,Brasil,,,,Caatinga,33,29,2927200,8,,217_068,2.7
1814852918,ef01a821-a53d-31ad-82ec-89339f4692eb,-39.47077,-14.09871,2026-04-20 16:37:00+00:00,2026-04-20,NOAA-20,IBIRAPITANGA,BAHIA,Brasil,,,,Mata Atlântica,33,29,2912707,8,,216_070,6.4
1814853478,1fea5fea-1abf-3910-8d03-f9c4bd258ce1,-51.73782,-17.57877,2026-04-20 16:37:00+00:00,2026-04-20,NOAA-20,JATAÍ,GOIÁS,Brasil,,,,Cerrado,33,52,5211909,8,,223_072,10.5
1814852930,e558abb7-d944-3c2a-91f7-aa4614435168,-39.02748,-15.84897,2026-04-20 16:37:00+00:00,2026-04-20,NOAA-20,BELMONTE,BAHIA,Brasil,,,,Mata Atlântica,33,29,2903409,8,,215_071,23.7
1814852931,f8c48ddc-07b0-376a-9c4a-2afd9a1ef112,-51.13282,-25.14396,2026-04-20 16:37:00+00:00,2026-04-20,NOAA-20,PRUDENTÓPOLIS,PARANÁ,Brasil,,,,Mata Atlântica,33,41,4120606,8,,222_077,5.4
1814852939,9a6792bd-57eb-3431-8309-0c29f826d20d,-39.17757,-16.68161,2026-04-20 16:37:00+00:00,2026-04-20,NOAA-20,PORTO SEGURO,BAHIA,Brasil,,,,Mata Atlântica,33,29,2925303,8,,215_072,7.7
1814852278,ce99748c-5172-38bd-8c92-2996d6932050,-40.25769,-12.64297,2026-04-20 16:37:00+00:00,2026-04-20,NOAA-20,ITABERABA,BAHIA,Brasil,,,,Caatinga,33,29,2914703,8,,216_069,5.5
1814852947,12c7545a-1ebf-3fa2-898d-df68e17d1503,-39.3323,-13.86262,2026-04-20 16:37:00+00:00,2026-04-20,NOAA-20,IGRAPIÚNA,BAHIA,Brasil,,,,Mata Atlântica,33,29,2913457,8,,216_070,7.4
1814852951,cde9ed2e-c14c-31d4-b1aa-63392fddd343,-44.81456,-17.71149,2026-04-20 16:37:00+00:00,2026-04-20,NOAA-20,VÁRZEA DA PALMA,MINAS GERAIS,Brasil,,,,Cerrado,33,31,3170800,8,,219_072,8.0
1814852958,a820a674-b38a-3b9b-afe1-fc6f62e2bb92,-49.88698,-16.78824,2026-04-20 16:37:00+00:00,2026-04-20,NOAA-20,PALMEIRAS DE GOIÁS,GOIÁS,Brasil,,,,Cerrado,33,52,5215702,8,,222_072,4.9
1814852960,9e8ec900-dcab-3cfc-bdad-b79319698d74,-39.10326,-15.96277,2026-04-20 16:37:00+00:00,2026-04-20,NOAA-20,BELMONTE,BAHIA,Brasil,,,,Mata Atlântica,33,29,2903409,8,,215_071,7.2
1814852276,5e2a9690-2b12-362f-ad37-167e4458b1e9,-39.74598,-13.23001,2026-04-20 16:37:00+00:00,2026-04-20,NOAA-20,UBAÍRA,BAHIA,Brasil,,,,Mata Atlântica,33,29,2932101,8,,216_069,7.4
1814852269,a306b8db-4245-3ee5-b086-ce41428ea81c,-45.13289,-18.63058,2026-04-20 16:37:00+00:00,2026-04-20,NOAA-20,FELIXLÂNDIA,MINAS GERAIS,Brasil,,,,Cerrado,33,31,3125705,8,,219_073,6.7
1814852972,a1463cfb-4895-3103-a930-18f8ece181ac,-49.57381,-27.0021,2026-04-20 16:37:00+00:00,2026-04-20,NOAA-20,IBIRAMA,SANTA CATARINA,Brasil,,,,Mata Atlântica,33,42,4206900,8,,220_079,3.8
1814852980,1cb6a150-0d3d-36a5-a98e-cb77101b6532,-49.3978,-25.17588,2026-04-20 16:37:00+00:00,2026-04-20,NOAA-20,RIO BRANCO DO SUL,PARANÁ,Brasil,,,,Mata Atlântica,33,41,4122206,8,,221_077,8.1
1814852995,269d8468-af53-342d-8e41-ec864cb21507,-48.20694,-16.38236,2026-04-20 16:37:00+00:00,2026-04-20,NOAA-20,LUZIÂNIA,GOIÁS,Brasil,,,,Cerrado,33,52,5212501,8,,221_071,8.9
1814853488,42c28865-b4fd-32b1-aad8-0fecc0f2dad9,-47.25601,-16.18114,2026-04-20 16:37:00+00:00,2026-04-20,NOAA-20,CABECEIRA GRANDE,MINAS GERAIS,Brasil,,,,Cerrado,33,31,3109451,8,,221_071,1.8
1814852178,420716f7-017a-32ae-b026-ca135706a738,-47.87064,-15.81027,2026-04-20 16:37:00+00:00,2026-04-20,NOAA-20,BRASÍLIA,DISTRITO FEDERAL,Brasil,,,,Cerrado,33,53,5300108,8,,221_071,2.5
1814853013,bd192f0b-93ca-3526-8729-797a419f46a5,-49.33427,-25.10115,2026-04-20 16:37:00+00:00,2026-04-20,NOAA-20,RIO BRANCO DO SUL,PARANÁ,Brasil,,,,Mata Atlântica,33,41,4122206,8,,221_077,7.1
1814852251,0ff6a183-c1d6-34e1-b4d4-0d05bdd52bf6,-50.60452,-27.16699,2026-04-20 16:37:00+00:00,2026-04-20,NOAA-20,PONTE ALTA DO NORTE,SANTA CATARINA,Brasil,,,,Mata Atlântica,33,42,4213351,8,,221_079,19.5
1814853022,490451b1-573f-3e50-90ba-908e8fc1ad2f,-50.68768,-27.26167,2026-04-20 16:37:00+00:00,2026-04-20,NOAA-20,CURITIBANOS,SANTA CATARINA,Brasil,,,,Mata Atlântica,33,42,4204806,8,,221_079,6.8
1814853495,d8adc6d6-34fc-322b-a4b7-5db51bd7c277,-39.63158,-12.92989,2026-04-20 16:37:00+00:00,2026-04-20,NOAA-20,AMARGOSA,BAHIA,Brasil,,,,Mata Atlântica,33,29,2901007,8,,216_069,7.0
1814853497,8ff404fa-88e1-3050-8201-9a9b80e76509,-44.81095,-17.71094,2026-04-20 16:37:00+00:00,2026-04-20,NOAA-20,VÁRZEA DA PALMA,MINAS GERAIS,Brasil,,,,Cerrado,33,31,3170800,8,,219_072,8.0
1814852244,aadde365-0c94-3b40-a13e-bc48d3d2737d,-40.06292,-19.59472,2026-04-20 16:37:00+00:00,2026-04-20,NOAA-20,ARACRUZ,ESPÍRITO SANTO,Brasil,,,,Mata Atlântica,33,32,3200607,8,,215_074,6.2
1814853036,0b08cfbc-a816-3d44-9855-eba7b9c09f0c,-49.33548,-25.10371,2026-04-20 16:37:00+00:00,2026-04-20,NOAA-20,RIO BRANCO DO SUL,PARANÁ,Brasil,,,,Mata Atlântica,33,41,4122206,8,,221_077,9.6
1814853043,f267dd8e-bc88-3b9b-90bd-4923c72c0135,-50.10018,-26.89727,2026-04-20 16:37:00+00:00,2026-04-20,NOAA-20,RIO DO CAMPO,SANTA CATARINA,Brasil,,,,Mata Atlântica,33,42,4214508,8,,221_079,6.0
1814853054,40ddbdf9-79e4-38ee-b121-aa679b9b6f02,-44.70928,-19.43176,2026-04-20 16:37:00+00:00,2026-04-20,NOAA-20,PAPAGAIOS,MINAS GERAIS,Brasil,,,,Cerrado,33,31,3146909,8,,218_074,4.1
1814853058,a19b33bb-2fba-359c-9943-fdc18bd64c84,-50.89409,-25.85092,2026-04-20 16:37:00+00:00,2026-04-20,NOAA-20,MALLET,PARANÁ,Brasil,,,,Mata Atlântica,33,41,4113908,8,,221_078,3.7
1814853059,bdbabcaa-3650-3d4d-91f0-efdf9bf60a9e,-49.59626,-20.03655,2026-04-20 16:37:00+00:00,2026-04-20,NOAA-20,RIOLÂNDIA,SÃO PAULO,Brasil,,,,Mata Atlântica,33,35,3544202,8,,221_074,5.7
1814853075,83556dc4-e58d-33a2-8780-8f5543a08d94,-43.09427,-14.81681,2026-04-20 16:37:00+00:00,2026-04-20,NOAA-20,ESPINOSA,MINAS GERAIS,Brasil,,,,Caatinga,33,31,3124302,8,,218_070,9.9
1814853077,13321821-1642-3237-bb31-aa8806e24301,-46.16845,-20.32385,2026-04-20 16:37:00+00:00,2026-04-20,NOAA-20,SÃO ROQUE DE MINAS,MINAS GERAIS,Brasil,,,,Cerrado,33,31,3164308,8,,219_074,3.7
1814853081,fd5d8f52-a956-3659-b03e-a83b3d63bb30,-39.49565,-16.3556,2026-04-20 16:37:00+00:00,2026-04-20,NOAA-20,EUNÁPOLIS,BAHIA,Brasil,,,,Mata Atlântica,33,29,2910727,8,,215_071,12.0
1814853090,7d581ac3-832f-358a-bb5f-ef5f75d71a46,-47.54081,-13.49046,2026-04-20 16:37:00+00:00,2026-04-20,NOAA-20,CAVALCANTE,GOIÁS,Brasil,,,,Cerrado,33,52,5205307,8,,221_069,3.5
1814853098,5053bcd5-8cc0-3d95-9a3a-95ae6c70ade8,-47.53733,-14.59392,2026-04-20 16:37:00+00:00,2026-04-20,NOAA-20,SÃO JOÃO D'ALIANÇA,GOIÁS,Brasil,,,,Cerrado,33,52,5220009,8,,221_070,1.4
1814853107,4e4c4194-7812-3716-b5ba-0133426e5eb1,-51.46717,-27.3501,2026-04-20 16:37:00+00:00,2026-04-20,NOAA-20,CAMPOS NOVOS,SANTA CATARINA,Brasil,,,,Mata Atlântica,33,42,4203600,8,,222_079,16.0
1814852223,5dacc9cf-090f-30d6-98a2-a7db1d7c915c,-50.75778,-25.03983,2026-04-20 16:37:00+00:00,2026-04-20,NOAA-20,IVAÍ,PARANÁ,Brasil,,,,Mata Atlântica,33,41,4111407,8,,221_077,4.2
1814853115,157dbbd3-9cb3-3b4d-af74-ae4996875cc5,-46.72938,-17.67042,2026-04-20 16:37:00+00:00,2026-04-20,NOAA-20,VAZANTE,MINAS GERAIS,Brasil,,,,Cerrado,33,31,3171006,8,,220_072,4.2
1814852208,588b16a2-add3-3dcb-ae80-38f9c1e51a5a,-50.51063,-26.94093,2026-04-20 16:37:00+00:00,2026-04-20,NOAA-20,SANTA CECÍLIA,SANTA CATARINA,Brasil,,,,Mata Atlântica,33,42,4215505,8,,221_079,6.6
1814853134,d7fea5f3-81c2-35a5-8aae-3202c6779718,-51.15294,-25.12159,2026-04-20 16:37:00+00:00,2026-04-20,NOAA-20,PRUDENTÓPOLIS,PARANÁ,Brasil,,,,Mata Atlântica,33,41,4120606,8,,222_077,6.2
1814853136,293c727a-b5db-3e14-9e4d-c4ecc8a8d302,-39.34574,-13.53802,2026-04-20 16:37:00+00:00,2026-04-20,NOAA-20,PRESIDENTE TANCREDO NEVES,BAHIA,Brasil,,,,Mata Atlântica,33,29,2925758,8,,216_069,14.6
1814853138,55a18315-4eb9-398b-94d5-58b7c56a891b,-50.10795,-26.89425,2026-04-20 16:37:00+00:00,2026-04-20,NOAA-20,RIO DO CAMPO,SANTA CATARINA,Brasil,,,,Mata Atlântica,33,42,4214508,8,,221_079,6.6
1814853504,9b9e7009-1869-38c6-8379-f3325bd5ecc9,-51.31788,-27.07941,2026-04-20 16:37:00+00:00,2026-04-20,NOAA-20,TANGARÁ,SANTA CATARINA,Brasil,,,,Mata Atlântica,33,42,4217907,8,,221_079,20.2
1814852176,5c1bd873-19f3-3746-b622-29c70cf23029,-49.33841,-25.10163,2026-04-20 16:37:00+00:00,2026-04-20,NOAA-20,RIO BRANCO DO SUL,PARANÁ,Brasil,,,,Mata Atlântica,33,41,4122206,8,,221_077,7.1
1814852206,6164c864-179e-3810-a448-cc0f5f4cdd8c,-39.63099,-12.92804,2026-04-20 16:37:00+00:00,2026-04-20,NOAA-20,SANTA TEREZINHA,BAHIA,Brasil,,,,Mata Atlântica,33,29,2928505,8,,216_069,6.9
1814853160,da06b6da-870d-344d-9061-e535f1104944,-42.42585,-16.60362,2026-04-20 16:37:00+00:00,2026-04-20,NOAA-20,JOSENÓPOLIS,MINAS GERAIS,Brasil,,,,Cerrado,33,31,3136579,8,,217_072,2.8
1814853161,02e03d18-55fd-3db8-9a04-bebbb36a4b15,-50.10272,-26.89371,2026-04-20 16:37:00+00:00,2026-04-20,NOAA-20,RIO DO CAMPO,SANTA CATARINA,Brasil,,,,Mata Atlântica,33,42,4214508,8,,221_079,4.8
1814853162,26e28eee-9444-3c56-a308-d72ed612af34,-39.65006,-14.55622,2026-04-20 16:37:00+00:00,2026-04-20,NOAA-20,ITAPITANGA,BAHIA,Brasil,,,,Mata Atlântica,33,29,2916609,8,,216_070,3.3
1814852205,ad9a047e-ce9f-34d3-be2e-088af2cfa647,-44.67104,-17.59447,2026-04-20 16:37:00+00:00,2026-04-20,NOAA-20,VÁRZEA DA PALMA,MINAS GERAIS,Brasil,,,,Cerrado,33,31,3170800,8,,219_072,2.6
1814853181,061f151c-c6f9-30ab-909b-b35e574cf6e4,-49.19934,-16.90442,2026-04-20 16:37:00+00:00,2026-04-20,NOAA-20,HIDROLÂNDIA,GOIÁS,Brasil,,,,Cerrado,33,52,5209705,8,,222_072,51.5
1814852177,58343541-0722-3d6b-8cd4-cd9efbcfe480,-39.76607,-16.09037,2026-04-20 16:37:00+00:00,2026-04-20,NOAA-20,ITAGIMIRIM,BAHIA,Brasil,,,,Mata Atlântica,33,29,2915304,8,,216_071,7.9
1814853192,698b9efa-45f2-3191-b3fa-56289fbe3235,-50.80857,-27.0172,2026-04-20 16:37:00+00:00,2026-04-20,NOAA-20,FRAIBURGO,SANTA CATARINA,Brasil,,,,Mata Atlântica,33,42,4205506,8,,221_079,42.0
1814853200,8d47c959-fa25-3691-8fe9-b4dc8adba535,-51.17715,-18.12606,2026-04-20 16:37:00+00:00,2026-04-20,NOAA-20,APARECIDA DO RIO DOCE,GOIÁS,Brasil,,,,Cerrado,33,52,5201454,8,,223_073,11.7
1814853513,0045c9fb-1b1c-305a-8e9a-5060ec7b6a9e,-47.78139,-15.6824,2026-04-20 16:37:00+00:00,2026-04-20,NOAA-20,BRASÍLIA,DISTRITO FEDERAL,Brasil,,,,Cerrado,33,53,5300108,8,,221_071,6.0
1814853260,d9f5527c-c8af-3162-932e-dfdb1403ed6a,-49.53277,-20.6274,2026-04-20 16:37:00+00:00,2026-04-20,NOAA-20,MIRASSOLÂNDIA,SÃO PAULO,Brasil,,,,Cerrado,33,35,3530409,8,,221_074,4.3
1814853514,87987700-e2db-3a98-af63-917fa009a9dd,-51.32532,-25.7293,2026-04-20 16:37:00+00:00,2026-04-20,NOAA-20,INÁCIO MARTINS,PARANÁ,Brasil,,,,Mata Atlântica,33,41,4110201,8,,222_078,8.1
1814853268,c56a08c0-6218-307e-8d3c-6c05deda1da5,-50.68846,-27.26213,2026-04-20 16:37:00+00:00,2026-04-20,NOAA-20,CURITIBANOS,SANTA CATARINA,Brasil,,,,Mata Atlântica,33,42,4204806,8,,221_079,4.1
1814853286,98f8251c-2319-3db5-9e4f-e8fc503dca95,-44.82566,-13.98075,2026-04-20 16:37:00+00:00,2026-04-20,NOAA-20,COCOS,BAHIA,Brasil,,,,Cerrado,33,29,2908101,8,,219_070,3.2
1814853290,c479da51-4d12-328a-a9e6-6c90d2bddd6d,-50.60096,-27.17156,2026-04-20 16:37:00+00:00,2026-04-20,NOAA-20,PONTE ALTA DO NORTE,SANTA CATARINA,Brasil,,,,Mata Atlântica,33,42,4213351,8,,221_079,23.8
1814853296,be9e45e1-9f9f-384b-9050-d8ac5682d434,-39.15098,-13.28648,2026-04-20 16:37:00+00:00,2026-04-20,NOAA-20,VALENÇA,BAHIA,Brasil,,,,Mata Atlântica,33,29,2932903,8,,216_069,4.5
1814853299,99a7ced1-2fad-3b54-9273-0d8297961137,-40.14491,-14.90256,2026-04-20 16:37:00+00:00,2026-04-20,NOAA-20,NOVA CANAÃ,BAHIA,Brasil,,,,Mata Atlântica,33,29,2922706,8,,216_070,1.9
1814853302,f9e2df6b-dc1b-3f1a-805b-b72a895e561b,-39.9465,-18.86292,2026-04-20 16:37:00+00:00,2026-04-20,NOAA-20,SÃO MATEUS,ESPÍRITO SANTO,Brasil,,,,Mata Atlântica,33,32,3204906,8,,215_073,5.2
1814853305,7fc7cfac-99d4-3d21-91bc-c3bfae639c79,-39.32883,-12.66691,2026-04-20 16:37:00+00:00,2026-04-20,NOAA-20,CASTRO ALVES,BAHIA,Brasil,,,,Mata Atlântica,33,29,2907301,8,,216_069,10.1
1814853306,5f605fec-2211-37f0-83fd-145d69fbb3c4,-48.20406,-15.93526,2026-04-20 16:37:00+00:00,2026-04-20,NOAA-20,BRASÍLIA,DISTRITO FEDERAL,Brasil,,,,Cerrado,33,53,5300108,8,,221_071,2.1
1814853308,97303ed4-831d-368c-b2fc-d2cd38b14cce,-51.92629,-27.12338,2026-04-20 16:37:00+00:00,2026-04-20,NOAA-20,IRANI,SANTA CATARINA,Brasil,,,,Mata Atlântica,33,42,4207809,8,,222_079,4.1
1814853314,7cf55fdd-195b-3188-aead-85f7abff3587,-41.92258,-14.81929,2026-04-20 16:37:00+00:00,2026-04-20,NOAA-20,CONDEÚBA,BAHIA,Brasil,,,,Caatinga,33,29,2908705,8,,217_070,6.8
1814853319,8173fc24-d559-3cb0-97be-29fa056bb8b6,-50.82051,-27.34214,2026-04-20 16:37:00+00:00,2026-04-20,NOAA-20,BRUNÓPOLIS,SANTA CATARINA,Brasil,,,,Mata Atlântica,33,42,4202875,8,,221_079,5.6
1814853321,cfa4bd16-6a67-3447-8a02-06a9840f06e8,-46.73624,-17.6744,2026-04-20 16:37:00+00:00,2026-04-20,NOAA-20,VAZANTE,MINAS GERAIS,Brasil,,,,Cerrado,33,31,3171006,8,,220_072,3.5
1814853327,4561ec2d-2ee5-38df-8ee0-068e098add56,-46.93246,-14.5544,2026-04-20 16:37:00+00:00,2026-04-20,NOAA-20,FLORES DE GOIÁS,GOIÁS,Brasil,,,,Cerrado,33,52,5207907,8,,221_070,4.0
1814853336,cdc59b82-5e6b-3f84-8d0e-e0a7bbfc4ab2,-37.64614,-11.71492,2026-04-20 16:37:00+00:00,2026-04-20,NOAA-20,CONDE,BAHIA,Brasil,,,,Mata Atlântica,33,29,2908606,8,,215_068,30.4
1814853341,5defcc3a-537c-371f-8734-81a524dd8ac4,-40.05807,-19.59386,2026-04-20 16:37:00+00:00,2026-04-20,NOAA-20,ARACRUZ,ESPÍRITO SANTO,Brasil,,,,Mata Atlântica,33,32,3200607,8,,215_074,6.2
1814853345,4c41e766-ebfe-34ce-9167-b97c8deb8c05,-43.47908,-14.38413,2026-04-20 16:37:00+00:00,2026-04-20,NOAA-20,IUIU,BAHIA,Brasil,,,,Cerrado,33,29,2917334,8,,218_070,5.3
1814853353,6469dc4d-3b00-3033-9f2a-16f4fe702646,-42.47141,-15.84611,2026-04-20 16:37:00+00:00,2026-04-20,NOAA-20,RIO PARDO DE MINAS,MINAS GERAIS,Brasil,,,,Cerrado,33,31,3155603,8,,217_071,2.6
1814853354,6e1b1d7e-af09-38ef-95ba-c0ebd0702b65,-49.59954,-20.0411,2026-04-20 16:37:00+00:00,2026-04-20,NOAA-20,RIOLÂNDIA,SÃO PAULO,Brasil,,,,Mata Atlântica,33,35,3544202,8,,221_074,5.5
1814853361,20f1a699-2f0a-31ee-8708-8b5232048243,-43.99788,-17.76873,2026-04-20 16:37:00+00:00,2026-04-20,NOAA-20,BUENÓPOLIS,MINAS GERAIS,Brasil,,,,Cerrado,33,31,3109204,8,,218_072,1.6
1814853379,ec0aae07-2063-31c4-8205-2fc08b52cdcf,-40.42313,-17.97369,2026-04-20 16:37:00+00:00,2026-04-20,NOAA-20,MUCURICI,ESPÍRITO SANTO,Brasil,,,,Mata Atlântica,33,32,3203601,8,,216_072,5.5
1814853384,3c442344-c7f2-396b-82cf-fbb404e99bfe,-50.51597,-26.94143,2026-04-20 16:37:00+00:00,2026-04-20,NOAA-20,SANTA CECÍLIA,SANTA CATARINA,Brasil,,,,Mata Atlântica,33,42,4215505,8,,221_079,5.3
1814853387,842742ef-8bd2-3f27-8621-1e59fc655fd8,-46.729,-17.66988,2026-04-20 16:37:00+00:00,2026-04-20,NOAA-20,VAZANTE,MINAS GERAIS,Brasil,,,,Cerrado,33,31,3171006,8,,220_072,5.5
1814853521,1fe3418b-b2d2-3aad-a66d-a40a22f7fa54,-51.17701,-27.18774,2026-04-20 16:37:00+00:00,2026-04-20,NOAA-20,TANGARÁ,SANTA CATARINA,Brasil,,,,Mata Atlântica,33,42,4217907,8,,221_079,6.8
1814853389,9f87074f-b78f-31a8-8d85-db807f2e503d,-40.422,-15.74641,2026-04-20 16:37:00+00:00,2026-04-20,NOAA-20,MACARANI,BAHIA,Brasil,,,,Mata Atlântica,33,29,2919702,8,,216_071,5.8
1814852358,75f49426-6043-38db-81d9-11ba20f89e47,-47.51445,-14.16796,2026-04-20 16:37:00+00:00,2026-04-20,NOAA-20,ALTO PARAÍSO DE GOIÁS,GOIÁS,Brasil,,,,Cerrado,33,52,5200605,8,,221_070,3.0
1814852365,19313605-cb58-3a4f-afc6-8e1dcfa57599,-47.51776,-14.17194,2026-04-20 16:37:00+00:00,2026-04-20,NOAA-20,ALTO PARAÍSO DE GOIÁS,GOIÁS,Brasil,,,,Cerrado,33,52,5200605,8,,221_070,2.8
1814852368,2ef29ad0-d9cd-394f-b381-e05c809fd17a,-51.45708,-27.34924,2026-04-20 16:37:00+00:00,2026-04-20,NOAA-20,CAMPOS NOVOS,SANTA CATARINA,Brasil,,,,Mata Atlântica,33,42,4203600,8,,222_079,35.8
1814853391,53a5d921-4937-33a5-aee4-d57cbf848c45,-41.91817,-14.81855,2026-04-20 16:37:00+00:00,2026-04-20,NOAA-20,CONDEÚBA,BAHIA,Brasil,,,,Caatinga,33,29,2908705,8,,217_070,6.8
1814852379,5cf2fb77-c6b9-3a6a-9e9b-87eaf058f0fe,-39.75797,-16.09312,2026-04-20 16:37:00+00:00,2026-04-20,NOAA-20,ITAGIMIRIM,BAHIA,Brasil,,,,Mata Atlântica,33,29,2915304,8,,216_071,3.4
1814852385,531c40cf-6a54-35ef-a4fe-8b682885568a,-42.85546,-18.32019,2026-04-20 16:37:00+00:00,2026-04-20,NOAA-20,COLUNA,MINAS GERAIS,Brasil,,,,Mata Atlântica,33,31,3116803,8,,217_073,4.9
1814852387,6da88533-dcef-3c5a-adee-35d2ec79ed75,-39.15544,-13.28727,2026-04-20 16:37:00+00:00,2026-04-20,NOAA-20,VALENÇA,BAHIA,Brasil,,,,Mata Atlântica,33,29,2932903,8,,216_069,5.3
1814853392,cd7dceb8-273d-34f3-9796-224df8205762,-41.1317,-14.75849,2026-04-20 16:37:00+00:00,2026-04-20,NOAA-20,ANAGÉ,BAHIA,Brasil,,,,Caatinga,33,29,2901205,8,,217_070,2.9
1814852392,bb504443-7f79-30c0-810f-9d6791fe1f1d,-51.25777,-26.75055,2026-04-20 16:37:00+00:00,2026-04-20,NOAA-20,CAÇADOR,SANTA CATARINA,Brasil,,,,Mata Atlântica,33,42,4203006,8,,221_079,9.7
1814852399,23307baf-4b6f-3106-a6c3-37c0b6539479,-50.33185,-26.425,2026-04-20 16:37:00+00:00,2026-04-20,NOAA-20,MAJOR VIEIRA,SANTA CATARINA,Brasil,,,,Mata Atlântica,33,42,4210308,8,,221_078,9.5
1814852401,82410b37-e15d-3c92-9845-3fb9db490bbd,-39.23808,-14.56032,2026-04-20 16:37:00+00:00,2026-04-20,NOAA-20,URUÇUCA,BAHIA,Brasil,,,,Mata Atlântica,33,29,2932705,8,,216_070,4.4
1814852407,d528102d-b9f4-3072-b20c-91757d9a84a5,-51.46362,-27.35065,2026-04-20 16:37:00+00:00,2026-04-20,NOAA-20,CAMPOS NOVOS,SANTA CATARINA,Brasil,,,,Mata Atlântica,33,42,4203600,8,,222_079,38.1
1814853396,ffd782d6-c6a9-3e95-9019-2aedffede3af,-49.53236,-20.62823,2026-04-20 16:37:00+00:00,2026-04-20,NOAA-20,MIRASSOLÂNDIA,SÃO PAULO,Brasil,,,,Cerrado,33,35,3530409,8,,221_074,4.1
1814852420,18908620-9ce9-3871-82dc-a5d8bd1c68aa,-38.97484,-13.34991,2026-04-20 16:37:00+00:00,2026-04-20,NOAA-20,VALENÇA,BAHIA,Brasil,,,,Mata Atlântica,33,29,2932903,8,,216_069,5.1
1814852421,110067d6-35cc-33c3-aa46-7df9dcd7d8f9,-51.17801,-26.01398,2026-04-20 16:37:00+00:00,2026-04-20,NOAA-20,CRUZ MACHADO,PARANÁ,Brasil,,,,Mata Atlântica,33,41,4106803,8,,222_078,5.5
1814853398,6cc343ca-45c3-3cf6-9a52-2d9b70632924,-39.58642,-17.06244,2026-04-20 16:37:00+00:00,2026-04-20,NOAA-20,ITAMARAJU,BAHIA,Brasil,,,,Mata Atlântica,33,29,2915601,8,,215_072,1.9
1814852435,5f280a2b-7c49-3b8b-867f-64d5cb124dd4,-50.5983,-27.1712,2026-04-20 16:37:00+00:00,2026-04-20,NOAA-20,PONTE ALTA DO NORTE,SANTA CATARINA,Brasil,,,,Mata Atlântica,33,42,4213351,8,,221_079,19.5
1814853399,1faee4c5-d447-381b-842f-e91630aa90e0,-41.22773,-13.79991,2026-04-20 16:37:00+00:00,2026-04-20,NOAA-20,ITUAÇU,BAHIA,Brasil,,,,Caatinga,33,29,2917201,8,,217_070,5.9
1814853403,b41895ba-f13d-307f-bd06-34df8ff88d4e,-51.18294,-27.18829,2026-04-20 16:37:00+00:00,2026-04-20,NOAA-20,TANGARÁ,SANTA CATARINA,Brasil,,,,Mata Atlântica,33,42,4217907,8,,221_079,5.7
1814852451,2dec161c-9d8e-3fe5-9b3b-c5181a27f8ec,-39.15149,-13.28545,2026-04-20 16:37:00+00:00,2026-04-20,NOAA-20,VALENÇA,BAHIA,Brasil,,,,Mata Atlântica,33,29,2932903,8,,216_069,6.2
1814852456,376870b2-7c9e-30c9-8a11-6f98139a4416,-50.12231,-25.18843,2026-04-20 16:37:00+00:00,2026-04-20,NOAA-20,PONTA GROSSA,PARANÁ,Brasil,,,,Mata Atlântica,33,41,4119905,8,,221_077,2.1
1814852457,627c569e-86d0-3612-be80-fb067bf1428d,-51.45862,-27.35019,2026-04-20 16:37:00+00:00,2026-04-20,NOAA-20,CAMPOS NOVOS,SANTA CATARINA,Brasil,,,,Mata Atlântica,33,42,4203600,8,,222_079,36.9
1814853405,d2b2f7d4-216b-3aea-bb30-e009ab108607,-48.36797,-16.10247,2026-04-20 16:37:00+00:00,2026-04-20,NOAA-20,ALEXÂNIA,GOIÁS,Brasil,,,,Cerrado,33,52,5200308,8,,221_071,4.2
1814852191,0426b109-c118-3744-befe-cbcaa445b8c0,-39.32596,-12.66539,2026-04-20 16:37:00+00:00,2026-04-20,NOAA-20,CASTRO ALVES,BAHIA,Brasil,,,,Mata Atlântica,33,29,2907301,8,,216_069,6.3
1814852471,ed5a0c9f-3280-3c70-8ff5-d6dd2497d601,-51.46035,-27.34952,2026-04-20 16:37:00+00:00,2026-04-20,NOAA-20,CAMPOS NOVOS,SANTA CATARINA,Brasil,,,,Mata Atlântica,33,42,4203600,8,,222_079,35.8
1814852484,d144b1c7-eaa3-3b26-836c-f37d73f7c66d,-39.45171,-13.63421,2026-04-20 16:37:00+00:00,2026-04-20,NOAA-20,WENCESLAU GUIMARÃES,BAHIA,Brasil,,,,Mata Atlântica,33,29,2933505,8,,216_069,10.1
1814852345,a4510e3f-9b7e-3e85-9277-2fc0c224c747,-44.73779,-11.72725,2026-04-20 16:39:00+00:00,2026-04-20,NOAA-20,RIACHÃO DAS NEVES,BAHIA,Brasil,,,,Cerrado,33,29,2926202,8,,220_068,17.4
1814852998,0f77feef-62f0-3332-9c14-b1e622ed9ea8,-44.74079,-11.72919,2026-04-20 16:39:00+00:00,2026-04-20,NOAA-20,RIACHÃO DAS NEVES,BAHIA,Brasil,,,,Cerrado,33,29,2926202,8,,220_068,14.2
1814852805,0c6ea86e-7008-325f-8dba-82e4d6f30889,-39.42562,-10.46383,2026-04-20 16:39:00+00:00,2026-04-20,NOAA-20,MONTE SANTO,BAHIA,Brasil,,,,Caatinga,33,29,2921500,8,,216_067,12.7
1814852555,4ac10ea9-1caf-33a6-a0f0-a46b04c7bb86,-39.21911,-10.57864,2026-04-20 16:39:00+00:00,2026-04-20,NOAA-20,MONTE SANTO,BAHIA,Brasil,,,,Caatinga,33,29,2921500,8,,216_067,6.1
1814853294,075a02ac-aa3f-313f-a479-7e31f6d4873c,-37.63126,-10.75797,2026-04-20 16:39:00+00:00,2026-04-20,NOAA-20,LAGARTO,SERGIPE,Brasil,,,,Caatinga,33,28,2803500,8,,215_067,4.4
1814853288,8f377f4d-8f24-3166-8be1-c125eb8dd77a,-49.72006,-11.86327,2026-04-20 16:39:00+00:00,2026-04-20,NOAA-20,FORMOSO DO ARAGUAIA,TOCANTINS,Brasil,,,,Cerrado,33,17,1708205,8,,223_068,11.8
1814853522,3ba52d94-88fc-3dba-b9b3-49f5541f9a3a,-37.3979,-10.71974,2026-04-20 16:39:00+00:00,2026-04-20,NOAA-20,ITABAIANA,SERGIPE,Brasil,,,,Mata Atlântica,33,28,2802908,8,,215_067,2.3
1814852724,584cd368-0318-3d6a-b557-8338b43eba27,-37.20105,-9.70991,2026-04-20 16:39:00+00:00,2026-04-20,NOAA-20,BATALHA,ALAGOAS,Brasil,,,,Caatinga,33,27,2700706,8,,215_067,2.5
1814852993,6b84e800-2e6f-3232-b3ac-a02cfddad3af,-44.73833,-11.72389,2026-04-20 16:39:00+00:00,2026-04-20,NOAA-20,RIACHÃO DAS NEVES,BAHIA,Brasil,,,,Cerrado,33,29,2926202,8,,220_068,17.4
1814852693,0d235ba6-3cbd-3184-a9c7-25fe62e7ba52,-46.74961,-11.94079,2026-04-20 16:39:00+00:00,2026-04-20,NOAA-20,NOVO JARDIM,TOCANTINS,Brasil,,,,Cerrado,33,17,1715259,8,,221_068,3.2
1814852367,7c2c6fa1-38d2-31a8-89dc-6bd15680f819,-37.49856,-11.12723,2026-04-20 16:39:00+00:00,2026-04-20,NOAA-20,SALGADO,SERGIPE,Brasil,,,,Mata Atlântica,33,28,2806206,8,,215_068,9.0
1814852483,691371e4-39a2-3c37-957c-b683828636f0,-43.72852,-12.23956,2026-04-20 16:39:00+00:00,2026-04-20,NOAA-20,MUQUÉM DO SÃO FRANCISCO,BAHIA,Brasil,,,,Cerrado,33,29,2922250,8,,219_068,3.5
1814852678,8746f211-fbaa-32d6-a592-47f955182bac,-46.74657,-11.93693,2026-04-20 16:39:00+00:00,2026-04-20,NOAA-20,NOVO JARDIM,TOCANTINS,Brasil,,,,Cerrado,33,17,1715259,8,,221_068,3.2
1814852264,834193b9-0ce5-3e4d-a1cd-1f1602ab3fdf,-37.49597,-11.12859,2026-04-20 16:39:00+00:00,2026-04-20,NOAA-20,SALGADO,SERGIPE,Brasil,,,,Mata Atlântica,33,28,2806206,8,,215_068,5.4
1814852472,942f3ee0-27c6-3ba9-ba08-f716abb4ff71,-37.19766,-9.70928,2026-04-20 16:39:00+00:00,2026-04-20,NOAA-20,BATALHA,ALAGOAS,Brasil,,,,Caatinga,33,27,2700706,8,,215_067,2.5
1814853512,fa05db20-1982-32a9-8e42-06428f3a39a9,-39.32132,-10.50645,2026-04-20 16:39:00+00:00,2026-04-20,NOAA-20,MONTE SANTO,BAHIA,Brasil,,,,Caatinga,33,29,2921500,8,,216_067,8.6
1814852984,d32c3f11-d286-33ea-9b04-57906cd4f1cf,-36.80074,-10.18082,2026-04-20 16:39:00+00:00,2026-04-20,NOAA-20,PORTO REAL DO COLÉGIO,ALAGOAS,Brasil,,,,Mata Atlântica,33,27,2707503,8,,215_067,3.3
1814853232,5ebf4487-72c1-337b-86aa-d077818d7785,-38.61787,-10.52644,2026-04-20 16:39:00+00:00,2026-04-20,NOAA-20,CÍCERO DANTAS,BAHIA,Brasil,,,,Caatinga,33,29,2907806,8,,216_067,10.6
1814853350,1e0c15e0-8a21-3ebb-900e-aab61215ddfa,-46.74606,-11.94026,2026-04-20 16:39:00+00:00,2026-04-20,NOAA-20,NOVO JARDIM,TOCANTINS,Brasil,,,,Cerrado,33,17,1715259,8,,221_068,3.2
1814852645,8bae5f32-d578-35f2-9094-ce8903bf5643,-44.58938,-12.33158,2026-04-20 16:39:00+00:00,2026-04-20,NOAA-20,BAIANÓPOLIS,BAHIA,Brasil,,,,Cerrado,33,29,2902500,8,,219_069,6.6
1814852956,48dbea43-3428-3ad4-a366-f88a2fd7f99d,-37.60088,-10.80008,2026-04-20 16:39:00+00:00,2026-04-20,NOAA-20,SÃO DOMINGOS,SERGIPE,Brasil,,,,Caatinga,33,28,2806800,8,,215_067,2.9
1814853226,076777b5-beec-3925-bed0-e5be5ef10514,-37.69539,-11.14739,2026-04-20 16:39:00+00:00,2026-04-20,NOAA-20,RIACHÃO DO DANTAS,SERGIPE,Brasil,,,,Mata Atlântica,33,28,2805802,8,,215_068,3.3
1814853360,0670e495-0a92-35ba-82c6-baef01163644,-41.10461,-12.09221,2026-04-20 16:39:00+00:00,2026-04-20,NOAA-20,UTINGA,BAHIA,Brasil,,,,Caatinga,33,29,2932804,8,,217_068,3.9
1814852475,59112c0e-ab6d-3113-a61d-9056861bb8b4,-56.96374,-11.80404,2026-04-20 16:39:00+00:00,2026-04-20,NOAA-20,PORTO DOS GAÚCHOS,MATO GROSSO,Brasil,,,,Amazônia,33,51,5106802,8,,227_068,11.8
1814853154,d4a324bf-4bb1-3d11-a224-a999ad9ef758,-44.74143,-11.72782,2026-04-20 16:39:00+00:00,2026-04-20,NOAA-20,RIACHÃO DAS NEVES,BAHIA,Brasil,,,,Cerrado,33,29,2926202,8,,220_068,17.4
1814853126,fbc9ab13-a17b-3366-9a87-95af4eddd1e3,-37.97954,-9.87988,2026-04-20 16:39:00+00:00,2026-04-20,NOAA-20,CANINDÉ DE SÃO FRANCISCO,SERGIPE,Brasil,,,,Caatinga,33,28,2801207,8,,215_067,2.9
1814853373,ae2fbb1d-0eb9-3452-8ea9-e6facee8288d,-37.87693,-10.90171,2026-04-20 16:39:00+00:00,2026-04-20,NOAA-20,RIACHÃO DO DANTAS,SERGIPE,Brasil,,,,Caatinga,33,28,2805802,8,,215_068,3.2
1814852215,97649ce2-ef45-381b-8bd7-779745f06bfb,-56.96189,-11.80177,2026-04-20 16:39:00+00:00,2026-04-20,NOAA-20,PORTO DOS GAÚCHOS,MATO GROSSO,Brasil,,,,Amazônia,33,51,5106802,8,,227_068,8.9
1814852280,d095d308-8fa6-3c2c-958f-4219c4c20fe7,-37.24773,-9.72412,2026-04-20 16:39:00+00:00,2026-04-20,NOAA-20,JACARÉ DOS HOMENS,ALAGOAS,Brasil,,,,Caatinga,33,27,2703403,8,,215_067,4.5
1814852888,ea7604d6-4028-3b96-baa2-af41fcfdf65f,-44.58991,-12.32821,2026-04-20 16:39:00+00:00,2026-04-20,NOAA-20,BAIANÓPOLIS,BAHIA,Brasil,,,,Cerrado,33,29,2902500,8,,219_069,2.4
1814853471,08ccd9b3-1172-3017-b6f8-9670a98480f7,-50.9711,-12.28346,2026-04-20 16:39:00+00:00,2026-04-20,NOAA-20,NOVO SANTO ANTÔNIO,MATO GROSSO,Brasil,,,,Cerrado,33,51,5106315,8,,223_069,5.0
1814852880,e55ac4fe-bfb3-3e2a-bb67-8eba51071610,-37.69841,-11.14794,2026-04-20 16:39:00+00:00,2026-04-20,NOAA-20,RIACHÃO DO DANTAS,SERGIPE,Brasil,,,,Mata Atlântica,33,28,2805802,8,,215_068,3.7
1814852639,40102015-826c-3e20-a48c-8c84e54afc53,-43.88801,-8.22881,2026-04-20 16:39:00+00:00,2026-04-20,NOAA-20,MANOEL EMÍDIO,PIAUÍ,Brasil,,,,Caatinga,33,22,2205904,8,,219_066,13.6
1814853117,ff306120-b0e0-3e1d-995d-909caebeaa94,-38.06408,-9.91086,2026-04-20 16:39:00+00:00,2026-04-20,NOAA-20,PEDRO ALEXANDRE,BAHIA,Brasil,,,,Caatinga,33,29,2924207,8,,215_067,2.1
1814852810,9ae07d64-10eb-3a59-9c12-3023af1f0ecd,-48.25594,-9.39983,2026-04-20 16:39:00+00:00,2026-04-20,NOAA-20,TOCANTÍNIA,TOCANTINS,Brasil,,,,Cerrado,33,17,1721109,8,,222_067,2.4
1814853074,e98fedc4-dbda-333e-aa06-4147cda23ae2,-37.2512,-9.72476,2026-04-20 16:39:00+00:00,2026-04-20,NOAA-20,JACARÉ DOS HOMENS,ALAGOAS,Brasil,,,,Caatinga,33,27,2703403,8,,215_067,5.4
1814853061,fad615ce-977e-30fd-815c-2cbab2636ba1,-36.97002,-9.79169,2026-04-20 16:39:00+00:00,2026-04-20,NOAA-20,TRAIPU,ALAGOAS,Brasil,,,,Caatinga,33,27,2709202,8,,215_067,6.3
1814853042,a43fbfe0-a038-3bac-a5aa-73a85738ed9a,-39.41526,-10.46671,2026-04-20 16:39:00+00:00,2026-04-20,NOAA-20,MONTE SANTO,BAHIA,Brasil,,,,Caatinga,33,29,2921500,8,,216_067,8.4
1814852243,e207c90f-9886-3d7e-bdb3-f11545400078,-37.49902,-11.12917,2026-04-20 16:39:00+00:00,2026-04-20,NOAA-20,SALGADO,SERGIPE,Brasil,,,,Mata Atlântica,33,28,2806206,8,,215_068,5.4
1814853500,ea35c808-3182-3314-9e55-48b9f14fe986,-43.71903,-5.79005,2026-04-20 16:39:00+00:00,2026-04-20,NOAA-20,BURITI BRAVO,MARANHÃO,Brasil,,,,Cerrado,33,21,2102309,8,,220_064,3.9
1814853021,7bc7b5e4-3823-307e-80e2-2b19dbe37667,-59.85242,3.864,2026-04-20 16:43:00+00:00,2026-04-20,NOAA-20,NORMANDIA,RORAIMA,Brasil,,,,Amazônia,33,14,1400407,8,,231_057,3.6
1814853184,7f3da932-909b-38cc-bcf1-f1b6beb96473,-59.85337,3.8697,2026-04-20 16:43:00+00:00,2026-04-20,NOAA-20,NORMANDIA,RORAIMA,Brasil,,,,Amazônia,33,14,1400407,8,,231_057,12.7
1814853911,05f82d55-f910-3e92-8634-3e4b066ee2b3,-44.62,-12.2723,2026-04-20 19:20:00+00:00,2026-04-20,GOES-19,CATOLÂNDIA,BAHIA,Brasil,,,,Cerrado,33,29,2907400,8,,219_069,113.0
1814854088,7dd4cc49-dcb9-3e6e-856f-7d37be673b5a,-44.62,-12.2723,2026-04-20 19:30:00+00:00,2026-04-20,GOES-19,CATOLÂNDIA,BAHIA,Brasil,,,,Cerrado,33,29,2907400,8,,219_069,111.1
