{"type": "FeatureCollection", "features": [{"type": "Feature", "id": "focos_48h_br_todosats.fid--211a0569_19dac319c32_6bbf", "geometry": {"type": "Point", "coordinates": [-56.06268, -19.0997]}, "geometry_name": "geometria", "properties": {"id_foco_bdq": 1814683678, "foco_id": "d56774f8-1f23-39a4-b3c4-5a4aa14e0013", "longitude": -56.06268, "latitude": -19.0997, "data_hora_gmt": "2026-04-19T00:54:00Z", "data_pas": "2026-04-19", "satelite": "TERRA_M-M", "municipio": "CORUMBÁ", "estado": "MATO GROSSO DO SUL", "pais": "Brasil", "precipitacao": 0, "numero_dias_sem_chuva": 0, "risco_fogo": 0.18, "bioma": "Pantanal", "id_0": 33, "id_1": 50, "id_2": 5003207, "continente_id": 8, "vegetacao": "Floresta de contato; Campinarana", "grade_wrs": "226_073", "frp": 10.3}, "bbox": [-56.06268, -19.0997, -56.06268, -19.0997]}, {"type": "Feature", "id": "focos_48h_br_todosats.fid--211a0569_19dac319c32_6bc0", "geometry": {"type": "Point", "coordinates": [-55.18993, -23.26967]}, "geometry_name": "geometria", "properties": {"id_foco_bdq": 1814683616, "foco_id": "9318f285-e4d5-3a9c-b8b9-be4819e6c415", "longitude": -55.18993, "latitude": -23.26967, "data_hora_gmt": "2026-04-19T00:54:00Z", "data_pas": "2026-04-19", "satelite": "TERRA_M-M", "municipio": "AMAMBAI", "estado": "MATO GROSSO DO SUL", "pais": "Brasil", "precipitacao": 0.05, "numero_dias_sem_chuva": 3, "risco_fogo": 0.85, "bioma": "Mata Atlântica", "id_0": 33, "id_1": 50, "id_2": 5000609, "continente_id": 8, "vegetacao": "Pastagens e gramíneas", "grade_wrs": "225_076", "frp": 6.2}, "bbox": [-55.18993, -23.26967, -55.18993, -23.26967]}, {"type": "Feature", "id": "focos_48h_br_todosats.fid--211a0569_19dac319c32_6bc1", "geometry": {"type": "Point", "coordinates": [-50.02351, -23.04791]}, "geometry_name": "geometria", "properties": {"id_foco_bdq": 1814683667, "foco_id": "6cb6c625-ecdc-3880-81e5-cc0bc4317940", "longitude": -50.02351, "latitude": -23.04791, "data_hora_gmt": "2026-04-19T00:54:00Z", "data_pas": "2026-04-19", "satelite": "TERRA_M-M", "municipio": "CAMBARÁ", "estado": "PARANÁ", "pais": "Brasil", "precipitacao": 0, "numero_dias_sem_chuva": 0, "risco_fogo": 0.58, "bioma": "Mata Atlântica", "id_0": 33, "id_1": 41, "id_2": 4103602, "continente_id": 8, "vegetacao": "Agricultura e diversos", "grade_wrs": "221_076", "frp": 26.5}, "bbox": [-50.02351, -23.04791, -50.02351, -23.04791]}, {"type": "Feature", "id": "focos_48h_br_todosats.fid--211a0569_19dac319c32_6bc2", "geometry": {"type": "Point", "coordinates": [-50.77416, -17.5009]}, "geometry_name": "geometria", "properties": {"id_foco_bdq": 1814683643, "foco_id": "b8c76b37-0ffe-34a5-ba8d-d0a6ca46c747", "longitude": -50.77416, "latitude": -17.5009, "data_hora_gmt": "2026-04-19T00:54:00Z", "data_pas": "2026-04-19", "satelite": "TERRA_M-M", "municipio": "RIO VERDE", "estado": "GOIÁS", "pais": "Brasil", "precipitacao": 0, "numero_dias_sem_chuva": 9, "risco_fogo": 0.8, "bioma": "Cerrado", "id_0": 33, "id_1": 52, "id_2": 5218805, "continente_id": 8, "vegetacao": "Agricultura e diversos", "grade_wrs": "223_072", "frp": 17.1}, "bbox": [-50.77416, -17.5009, -50.77416, -17.5009]}, {"type": "Feature", "id": "focos_48h_br_todosats.fid--211a0569_19dac319c32_6bc3", "geometry": {"type": "Point", "coordinates": [-50.76871, -17.49986]}, "geometry_name": "geometria", "properties": {"id_foco_bdq": 1814683468, "foco_id": "50809175-9523-34cc-9c78-cabc5f4834a8", "longitude": -50.76871, "latitude": -17.49986, "data_hora_gmt": "2026-04-19T00:54:00Z", "data_pas": "2026-04-19", "satelite": "TERRA_M-M", "municipio": "RIO VERDE", "estado": "GOIÁS", "pais": "Brasil", "precipitacao": 0, "numero_dias_sem_chuva": 9, "risco_fogo": 0.79, "bioma": "Cerrado", "id_0": 33, "id_1": 52, "id_2": 5218805, "continente_id": 8, "vegetacao": "Agricultura e diversos", "grade_wrs": "223_072", "frp": 23.6}, "bbox": [-50.76871, -17.49986, -50.76871, -17.49986]}, {"type": "Feature", "id": "focos_48h_br_todosats.fid--211a0569_19dac319c32_6bc4", "geometry": {"type": "Point", "coordinates": [-50.04212, -23.05128]}, "geometry_name": "geometria", "properties": {"id_foco_bdq": 1814683544, "foco_id": "718337ef-cee5-3034-9324-33f7b6520b00", "longitude": -50.04212, "latitude": -23.05128, "data_hora_gmt": "2026-04-19T00:54:00Z", "data_pas": "2026-04-19", "satelite": "TERRA_M-M", "municipio": "CAMBARÁ", "estado": "PARANÁ", "pais": "Brasil", "precipitacao": 0, "numero_dias_sem_chuva": 0, "risco_fogo": 0.59, "bioma": "Mata Atlântica", "id_0": 33, "id_1": 41, "id_2": 4103602, "continente_id": 8, "vegetacao": "Agricultura e diversos", "grade_wrs": "221_076", "frp": 89.9}, "bbox": [-50.04212, -23.05128, -50.04212, -23.05128]}, {"type": "Feature", "id": "focos_48h_br_todosats.fid--211a0569_19dac319c32_6bc5", "geometry": {"type": "Point", "coordinates": [-54.91581, -16.43254]}, "geometry_name": "geometria", "properties": {"id_foco_bdq": 1814683583, "foco_id": "2efc2a0f-c9ae-32a2-a91d-0595f884485a", "longitude": -54.91581, "latitude": -16.43254, "data_hora_gmt": "2026-04-19T00:54:00Z", "data_pas": "2026-04-19", "satelite": "TERRA_M-M", "municipio": "RONDONÓPOLIS", "estado": "MATO GROSSO", "pais": "Brasil", "precipitacao": 0, "numero_dias_sem_chuva": 0, "risco_fogo": 0.48, "bioma": "Cerrado", "id_0": 33, "id_1": 51, "id_2": 5107602, "continente_id": 8, "vegetacao": "Pastagens e gramíneas", "grade_wrs": "225_071", "frp": 4.4}, "bbox": [-54.91581, -16.43254, -54.91581, -16.43254]}, {"type": "Feature", "id": "focos_48h_br_todosats.fid--211a0569_19dac319c32_6bc6", "geometry": {"type": "Point", "coordinates": [-55.18015, -23.26826]}, "geometry_name": "geometria", "properties": {"id_foco_bdq": 1814683618, "foco_id": "f103c318-ae28-33c7-98e6-4f877b62ed2a", "longitude": -55.18015, "latitude": -23.26826, "data_hora_gmt": "2026-04-19T00:54:00Z", "data_pas": "2026-04-19", "satelite": "TERRA_M-M", "municipio": "AMAMBAI", "estado": "MATO GROSSO DO SUL", "pais": "Brasil", "precipitacao": 0, "numero_dias_sem_chuva": 3, "risco_fogo": 0.86, "bioma": "Mata Atlântica", "id_0": 33, "id_1": 50, "id_2": 5000609, "continente_id": 8, "vegetacao": "Pastagens e gramíneas", "grade_wrs": "225_076", "frp": 8}, "bbox": [-55.18015, -23.26826, -55.18015, -23.26826]}, {"type": "Feature", "id": "focos_48h_br_todosats.fid--211a0569_19dac319c32_6bc7", "geometry": {"type": "Point", "coordinates": [-38.91959, -11.02244]}, "geometry_name": "geometria", "properties": {"id_foco_bdq": 1814687978, "foco_id": "09d8f776-0baf-33e0-8ad0-2860e111db59", "longitude": -38.91959, "latitude": -11.02244, "data_hora_gmt": "2026-04-19T03:32:00Z", "data_pas": "2026-04-19", "satelite": "NOAA-21", "municipio": "TUCANO", "estado": "BAHIA", "pais": "Brasil", "precipitacao": 0, "numero_dias_sem_chuva": 5, "risco_fogo": 1, "bioma": "Caatinga", "id_0": 33, "id_1": 29, "id_2": 2931905, "continente_id": 8, "vegetacao": "Pastagens e gramíneas", "grade_wrs": "216_068", "frp": 3}, "bbox": [-38.91959, -11.02244, -38.91959, -11.02244]}, {"type": "Feature", "id": "focos_48h_br_todosats.fid--211a0569_19dac319c32_6bc8", "geometry": {"type": "Point", "coordinates": [-37.7842, -10.26396]}, "geometry_name": "geometria", "properties": {"id_foco_bdq": 1814688133, "foco_id": "e15df194-2a4e-3779-9b91-f24c18d0743c", "longitude": -37.7842, "latitude": -10.26396, "data_hora_gmt": "2026-04-19T03:32:00Z", "data_pas": "2026-04-19", "satelite": "NOAA-21", "municipio": "PEDRO ALEXANDRE", "estado": "BAHIA", "pais": "Brasil", "precipitacao": 0.51, "numero_dias_sem_chuva": 4, "risco_fogo": 1, "bioma": "Caatinga", "id_0": 33, "id_1": 29, "id_2": 2924207, "continente_id": 8, "vegetacao": "Pastagens e gramíneas", "grade_wrs": "215_067", "frp": 1.4}, "bbox": [-37.7842, -10.26396, -37.7842, -10.26396]}, {"type": "Feature", "id": "focos_48h_br_todosats.fid--211a0569_19dac319c32_6bc9", "geometry": {"type": "Point", "coordinates": [-37.19927, -9.7059]}, "geometry_name": "geometria", "properties": {"id_foco_bdq": 1814688067, "foco_id": "ea4dc842-fc56-3ef7-a3f3-6cfe82071809", "longitude": -37.19927, "latitude": -9.7059, "data_hora_gmt": "2026-04-19T03:32:00Z", "data_pas": "2026-04-19", "satelite": "NOAA-21", "municipio": "BATALHA", "estado": "ALAGOAS", "pais": "Brasil", "precipitacao": 3.8, "numero_dias_sem_chuva": 3, "risco_fogo": 1, "bioma": "Caatinga", "id_0": 33, "id_1": 27, "id_2": 2700706, "continente_id": 8, "vegetacao": "Pastagens e gramíneas", "grade_wrs": "215_067", "frp": 2.3}, "bbox": [-37.19927, -9.7059, -37.19927, -9.7059]}, {"type": "Feature", "id": "focos_48h_br_todosats.fid--211a0569_19dac319c32_6bca", "geometry": {"type": "Point", "coordinates": [-43.44666, -14.92426]}, "geometry_name": "geometria", "properties": {"id_foco_bdq": 1814687939, "foco_id": "b2cf65e3-c585-3607-9a66-783d2ee09040", "longitude": -43.44666, "latitude": -14.92426, "data_hora_gmt": "2026-04-19T03:32:00Z", "data_pas": "2026-04-19", "satelite": "NOAA-21", "municipio": "GAMELEIRAS", "estado": "MINAS GERAIS", "pais": "Brasil", "precipitacao": 0, "numero_dias_sem_chuva": 9, "risco_fogo": 0.39, "bioma": "Caatinga", "id_0": 33, "id_1": 31, "id_2": 3127339, "continente_id": 8, "vegetacao": "Savana arbórea; Caatinga fechada", "grade_wrs": "218_070", "frp": 1.9}, "bbox": [-43.44666, -14.92426, -43.44666, -14.92426]}, {"type": "Feature", "id": "focos_48h_br_todosats.fid--211a0569_19dac319c32_6bcb", "geometry": {"type": "Point", "coordinates": [-37.78067, -10.26456]}, "geometry_name": "geometria", "properties": {"id_foco_bdq": 1814688130, "foco_id": "60952cd7-e5bc-3f34-b388-dd390487d264", "longitude": -37.78067, "latitude": -10.26456, "data_hora_gmt": "2026-04-19T03:32:00Z", "data_pas": "2026-04-19", "satelite": "NOAA-21", "municipio": "PEDRO ALEXANDRE", "estado": "BAHIA", "pais": "Brasil", "precipitacao": 0.5, "numero_dias_sem_chuva": 4, "risco_fogo": 1, "bioma": "Caatinga", "id_0": 33, "id_1": 29, "id_2": 2924207, "continente_id": 8, "vegetacao": "Pastagens e gramíneas", "grade_wrs": "215_067", "frp": 1.4}, "bbox": [-37.78067, -10.26456, -37.78067, -10.26456]}, {"type": "Feature", "id": "focos_48h_br_todosats.fid--211a0569_19dac319c32_6bcc", "geometry": {"type": "Point", "coordinates": [-39.24069, -12.43154]}, "geometry_name": "geometria", "properties": {"id_foco_bdq": 1814688118, "foco_id": "dd66bc6c-578b-3a96-b4d5-139e7587d7f1", "longitude": -39.24069, "latitude": -12.43154, "data_hora_gmt": "2026-04-19T03:32:00Z", "data_pas": "2026-04-19", "satelite": "NOAA-21", "municipio": "SANTO ESTÊVÃO", "estado": "BAHIA", "pais": "Brasil", "precipitacao": 0.1, "numero_dias_sem_chuva": 5, "risco_fogo": 0.96, "bioma": "Caatinga", "id_0": 33, "id_1": 29, "id_2": 2928802, "continente_id": 8, "vegetacao": "Pastagens e gramíneas", "grade_wrs": "216_069", "frp": 0.9}, "bbox": [-39.24069, -12.43154, -39.24069, -12.43154]}, {"type": "Feature", "id": "focos_48h_br_todosats.fid--211a0569_19dac319c32_6bcd", "geometry": {"type": "Point", "coordinates": [-38.41998, -12.82118]}, "geometry_name": "geometria", "properties": {"id_foco_bdq": 1814688159, "foco_id": "e60cc4e9-6d42-387c-8e00-2148e8ff89a2", "longitude": -38.41998, "latitude": -12.82118, "data_hora_gmt": "2026-04-19T03:32:00Z", "data_pas": "2026-04-19", "satelite": "NOAA-21", "municipio": "SIMÕES FILHO", "estado": "BAHIA", "pais": "Brasil", "precipitacao": 0.7, "numero_dias_sem_chuva": 4, "risco_fogo": -999, "bioma": "Mata Atlântica", "id_0": 33, "id_1": 29, "id_2": 2930709, "continente_id": 8, "vegetacao": "Agricultura e diversos", "grade_wrs": "215_069", "frp": 0.5}, "bbox": [-38.41998, -12.82118, -38.41998, -12.82118]}, {"type": "Feature", "id": "focos_48h_br_todosats.fid--211a0569_19dac319c32_6bce", "geometry": {"type": "Point", "coordinates": [-40.29802, -10.66108]}, "geometry_name": "geometria", "properties": {"id_foco_bdq": 1814688576, "foco_id": "6aa1204e-897b-3ca6-94eb-195b6e62154f", "longitude": -40.29802, "latitude": -10.66108, "data_hora_gmt": "2026-04-19T03:32:00Z", "data_pas": "2026-04-19", "satelite": "NOAA-21", "municipio": "PINDOBAÇU", "estado": "BAHIA", "pais": "Brasil", "precipitacao": 0.3, "numero_dias_sem_chuva": 6, "risco_fogo": 0.75, "bioma": "Caatinga", "id_0": 33, "id_1": 29, "id_2": 2924603, "continente_id": 8, "vegetacao": "Savana arbórea; Caatinga fechada", "grade_wrs": "217_067", "frp": 1.6}, "bbox": [-40.29802, -10.66108, -40.29802, -10.66108]}, {"type": "Feature", "id": "focos_48h_br_todosats.fid--211a0569_19dac319c32_6bcf", "geometry": {"type": "Point", "coordinates": [-38.92366, -11.02173]}, "geometry_name": "geometria", "properties": {"id_foco_bdq": 1814688338, "foco_id": "dddeac3c-febd-30d3-bcd3-dadedc7ffb11", "longitude": -38.92366, "latitude": -11.02173, "data_hora_gmt": "2026-04-19T03:32:00Z", "data_pas": "2026-04-19", "satelite": "NOAA-21", "municipio": "TUCANO", "estado": "BAHIA", "pais": "Brasil", "precipitacao": 0, "numero_dias_sem_chuva": 5, "risco_fogo": 0.96, "bioma": "Caatinga", "id_0": 33, "id_1": 29, "id_2": 2931905, "continente_id": 8, "vegetacao": "Pastagens e gramíneas", "grade_wrs": "216_068", "frp": 3}, "bbox": [-38.92366, -11.02173, -38.92366, -11.02173]}, {"type": "Feature", "id": "focos_48h_br_todosats.fid--211a0569_19dac319c32_6bd0", "geometry": {"type": "Point", "coordinates": [-43.44558, -14.91891]}, "geometry_name": "geometria", "properties": {"id_foco_bdq": 1814688342, "foco_id": "cc92ce48-c835-3719-99a3-87029862c571", "longitude": -43.44558, "latitude": -14.91891, "data_hora_gmt": "2026-04-19T03:32:00Z", "data_pas": "2026-04-19", "satelite": "NOAA-21", "municipio": "GAMELEIRAS", "estado": "MINAS GERAIS", "pais": "Brasil", "precipitacao": 0, "numero_dias_sem_chuva": 9, "risco_fogo": 0.39, "bioma": "Caatinga", "id_0": 33, "id_1": 31, "id_2": 3127339, "continente_id": 8, "vegetacao": "Savana arbórea; Caatinga fechada", "grade_wrs": "218_070", "frp": 1.9}, "bbox": [-43.44558, -14.91891, -43.44558, -14.91891]}, {"type": "Feature", "id": "focos_48h_br_todosats.fid--211a0569_19dac319c32_6bd1", "geometry": {"type": "Point", "coordinates": [-37.78114, -10.26595]}, "geometry_name": "geometria", "properties": {"id_foco_bdq": 1814688346, "foco_id": "6f4769a4-24df-304a-92ac-076b560c9a15", "longitude": -37.78114, "latitude": -10.26595, "data_hora_gmt": "2026-04-19T03:32:00Z", "data_pas": "2026-04-19", "satelite": "NOAA-21", "municipio": "PEDRO ALEXANDRE", "estado": "BAHIA", "pais": "Brasil", "precipitacao": 0.5, "numero_dias_sem_chuva": 4, "risco_fogo": 1, "bioma": "Caatinga", "id_0": 33, "id_1": 29, "id_2": 2924207, "continente_id": 8, "vegetacao": "Pastagens e gramíneas", "grade_wrs": "215_067", "frp": 1.1}, "bbox": [-37.78114, -10.26595, -37.78114, -10.26595]}, {"type": "Feature", "id": "focos_48h_br_todosats.fid--211a0569_19dac319c32_6bd2", "geometry": {"type": "Point", "coordinates": [-40.49859, -12.19146]}, "geometry_name": "geometria", "properties": {"id_foco_bdq": 1814688384, "foco_id": "50a96751-b650-38a1-9307-6fb22fcc11b4", "longitude": -40.49859, "latitude": -12.19146, "data_hora_gmt": "2026-04-19T03:32:00Z", "data_pas": "2026-04-19", "satelite": "NOAA-21", "municipio": "RUY BARBOSA", "estado": "BAHIA", "pais": "Brasil", "precipitacao": 1.26, "numero_dias_sem_chuva": 6, "risco_fogo": 0.37, "bioma": "Caatinga", "id_0": 33, "id_1": 29, "id_2": 2927200, "continente_id": 8, "vegetacao": "Savana; Caatinga aberta", "grade_wrs": "217_068", "frp": 1.4}, "bbox": [-40.49859, -12.19146, -40.49859, -12.19146]}, {"type": "Feature", "id": "focos_48h_br_todosats.fid--211a0569_19dac319c32_6bd3", "geometry": {"type": "Point", "coordinates": [-37.20185, -9.70498]}, "geometry_name": "geometria", "properties": {"id_foco_bdq": 1814688517, "foco_id": "eedf4339-12e2-3286-81ec-bf6ffddfe260", "longitude": -37.20185, "latitude": -9.70498, "data_hora_gmt": "2026-04-19T03:32:00Z", "data_pas": "2026-04-19", "satelite": "NOAA-21", "municipio": "BATALHA", "estado": "ALAGOAS", "pais": "Brasil", "precipitacao": 3.88, "numero_dias_sem_chuva": 3, "risco_fogo": 1, "bioma": "Caatinga", "id_0": 33, "id_1": 27, "id_2": 2700706, "continente_id": 8, "vegetacao": "Pastagens e gramíneas", "grade_wrs": "215_067", "frp": 2.7}, "bbox": [-37.20185, -9.70498, -37.20185, -9.70498]}, {"type": "Feature", "id": "focos_48h_br_todosats.fid--211a0569_19dac319c32_6bd4", "geometry": {"type": "Point", "coordinates": [-41.10804, -21.37879]}, "geometry_name": "geometria", "properties": {"id_foco_bdq": 1814687788, "foco_id": "bcfec5ec-a8cd-3d9a-96e6-5edbc453e7f2", "longitude": -41.10804, "latitude": -21.37879, "data_hora_gmt": "2026-04-19T03:34:00Z", "data_pas": "2026-04-19", "satelite": "NOAA-21", "municipio": "SÃO FRANCISCO DE ITABAPOANA", "estado": "RIO DE JANEIRO", "pais": "Brasil", "precipitacao": 13.47, "numero_dias_sem_chuva": 5, "risco_fogo": 0.04, "bioma": "Mata Atlântica", "id_0": 33, "id_1": 33, "id_2": 3304755, "continente_id": 8, "vegetacao": "Agricultura e diversos", "grade_wrs": "216_075", "frp": 2.5}, "bbox": [-41.10804, -21.37879, -41.10804, -21.37879]}, {"type": "Feature", "id": "focos_48h_br_todosats.fid--211a0569_19dac319c32_6bd5", "geometry": {"type": "Point", "coordinates": [-46.37413, -18.07754]}, "geometry_name": "geometria", "properties": {"id_foco_bdq": 1814688059, "foco_id": "d5f82de1-0130-37d4-b1a6-eab3bdf3cf67", "longitude": -46.37413, "latitude": -18.07754, "data_hora_gmt": "2026-04-19T03:34:00Z", "data_pas": "2026-04-19", "satelite": "NOAA-21", "municipio": "PRESIDENTE OLEGÁRIO", "estado": "MINAS GERAIS", "pais": "Brasil", "precipitacao": 0, "numero_dias_sem_chuva": 9, "risco_fogo": 0.31, "bioma": "Cerrado", "id_0": 33, "id_1": 31, "id_2": 3153400, "continente_id": 8, "vegetacao": "Savana arbórea; Caatinga fechada", "grade_wrs": "220_072", "frp": 3}, "bbox": [-46.37413, -18.07754, -46.37413, -18.07754]}, {"type": "Feature", "id": "focos_48h_br_todosats.fid--211a0569_19dac319c32_6bd6", "geometry": {"type": "Point", "coordinates": [-43.07971, -15.30206]}, "geometry_name": "geometria", "properties": {"id_foco_bdq": 1814687827, "foco_id": "0ffd2d89-414a-36a1-b655-093b8677f73a", "longitude": -43.07971, "latitude": -15.30206, "data_hora_gmt": "2026-04-19T03:34:00Z", "data_pas": "2026-04-19", "satelite": "NOAA-21", "municipio": "MONTE AZUL", "estado": "MINAS GERAIS", "pais": "Brasil", "precipitacao": 0, "numero_dias_sem_chuva": 9, "risco_fogo": 0.78, "bioma": "Caatinga", "id_0": 33, "id_1": 31, "id_2": 3142908, "continente_id": 8, "vegetacao": "Pastagens e gramíneas", "grade_wrs": "218_071", "frp": 0.7}, "bbox": [-43.07971, -15.30206, -43.07971, -15.30206]}, {"type": "Feature", "id": "focos_48h_br_todosats.fid--211a0569_19dac319c32_6bd7", "geometry": {"type": "Point", "coordinates": [-48.55536, -21.04167]}, "geometry_name": "geometria", "properties": {"id_foco_bdq": 1814688010, "foco_id": "e3208928-d04d-3c57-8d56-ef1a5963e987", "longitude": -48.55536, "latitude": -21.04167, "data_hora_gmt": "2026-04-19T03:34:00Z", "data_pas": "2026-04-19", "satelite": "NOAA-21", "municipio": "BEBEDOURO", "estado": "SÃO PAULO", "pais": "Brasil", "precipitacao": 0, "numero_dias_sem_chuva": 0, "risco_fogo": 0.83, "bioma": "Mata Atlântica", "id_0": 33, "id_1": 35, "id_2": 3506102, "continente_id": 8, "vegetacao": "Agricultura e diversos", "grade_wrs": "221_075", "frp": 1.9}, "bbox": [-48.55536, -21.04167, -48.55536, -21.04167]}, {"type": "Feature", "id": "focos_48h_br_todosats.fid--211a0569_19dac319c32_6bd8", "geometry": {"type": "Point", "coordinates": [-46.37423, -18.07872]}, "geometry_name": "geometria", "properties": {"id_foco_bdq": 1814688201, "foco_id": "608f1ac2-6db8-3207-88b1-710bb6f48283", "longitude": -46.37423, "latitude": -18.07872, "data_hora_gmt": "2026-04-19T03:34:00Z", "data_pas": "2026-04-19", "satelite": "NOAA-21", "municipio": "PRESIDENTE OLEGÁRIO", "estado": "MINAS GERAIS", "pais": "Brasil", "precipitacao": 0, "numero_dias_sem_chuva": 9, "risco_fogo": 0.3, "bioma": "Cerrado", "id_0": 33, "id_1": 31, "id_2": 3153400, "continente_id": 8, "vegetacao": "Savana arbórea; Caatinga fechada", "grade_wrs": "220_072", "frp": 2}, "bbox": [-46.37423, -18.07872, -46.37423, -18.07872]}, {"type": "Feature", "id": "focos_48h_br_todosats.fid--211a0569_19dac319c32_6bd9", "geometry": {"type": "Point", "coordinates": [-48.55342, -21.03532]}, "geometry_name": "geometria", "properties": {"id_foco_bdq": 1814688207, "foco_id": "d0dfa744-ae53-3986-bd7c-d06d24c84e40", "longitude": -48.55342, "latitude": -21.03532, "data_hora_gmt": "2026-04-19T03:34:00Z", "data_pas": "2026-04-19", "satelite": "NOAA-21", "municipio": "BEBEDOURO", "estado": "SÃO PAULO", "pais": "Brasil", "precipitacao": 0, "numero_dias_sem_chuva": 0, "risco_fogo": 0.82, "bioma": "Mata Atlântica", "id_0": 33, "id_1": 35, "id_2": 3506102, "continente_id": 8, "vegetacao": "Agricultura e diversos", "grade_wrs": "221_075", "frp": 2}, "bbox": [-48.55342, -21.03532, -48.55342, -21.03532]}, {"type": "Feature", "id": "focos_48h_br_todosats.fid--211a0569_19dac319c32_6bda", "geometry": {"type": "Point", "coordinates": [-43.07647, -15.30271]}, "geometry_name": "geometria", "properties": {"id_foco_bdq": 1814688321, "foco_id": "553db45b-a7ae-3e36-b344-9730396210da", "longitude": -43.07647, "latitude": -15.30271, "data_hora_gmt": "2026-04-19T03:34:00Z", "data_pas": "2026-04-19", "satelite": "NOAA-21", "municipio": "MONTE AZUL", "estado": "MINAS GERAIS", "pais": "Brasil", "precipitacao": 0, "numero_dias_sem_chuva": 9, "risco_fogo": 0.89, "bioma": "Caatinga", "id_0": 33, "id_1": 31, "id_2": 3142908, "continente_id": 8, "vegetacao": "Pastagens e gramíneas", "grade_wrs": "218_071", "frp": 0.7}, "bbox": [-43.07647, -15.30271, -43.07647, -15.30271]}, {"type": "Feature", "id": "focos_48h_br_todosats.fid--211a0569_19dac319c32_6bdb", "geometry": {"type": "Point", "coordinates": [-48.5597, -21.04065]}, "geometry_name": "geometria", "properties": {"id_foco_bdq": 1814687973, "foco_id": "7b6f32ee-b098-395a-a5ab-bb776799cd0f", "longitude": -48.5597, "latitude": -21.04065, "data_hora_gmt": "2026-04-19T03:34:00Z", "data_pas": "2026-04-19", "satelite": "NOAA-21", "municipio": "BEBEDOURO", "estado": "SÃO PAULO", "pais": "Brasil", "precipitacao": 0, "numero_dias_sem_chuva": 0, "risco_fogo": 0.83, "bioma": "Mata Atlântica", "id_0": 33, "id_1": 35, "id_2": 3506102, "continente_id": 8, "vegetacao": "Agricultura e diversos", "grade_wrs": "221_075", "frp": 1.5}, "bbox": [-48.5597, -21.04065, -48.5597, -21.04065]}, {"type": "Feature", "id": "focos_48h_br_todosats.fid--211a0569_19dac319c32_6bdc", "geometry": {"type": "Point", "coordinates": [-48.55387, -21.04203]}, "geometry_name": "geometria", "properties": {"id_foco_bdq": 1814688322, "foco_id": "7ec7f79e-5719-3a28-9f44-3e1c6fb9fe85", "longitude": -48.55387, "latitude": -21.04203, "data_hora_gmt": "2026-04-19T03:34:00Z", "data_pas": "2026-04-19", "satelite": "NOAA-21", "municipio": "BEBEDOURO", "estado": "SÃO PAULO", "pais": "Brasil", "precipitacao": 0, "numero_dias_sem_chuva": 0, "risco_fogo": 0.83, "bioma": "Mata Atlântica", "id_0": 33, "id_1": 35, "id_2": 3506102, "continente_id": 8, "vegetacao": "Agricultura e diversos", "grade_wrs": "221_075", "frp": 1.3}, "bbox": [-48.55387, -21.04203, -48.55387, -21.04203]}, {"type": "Feature", "id": "focos_48h_br_todosats.fid--211a0569_19dac319c32_6bdd", "geometry": {"type": "Point", "coordinates": [-42.41479, -20.54359]}, "geometry_name": "geometria", "properties": {"id_foco_bdq": 1814688520, "foco_id": "15a323cb-298b-3366-b92a-137296229b83", "longitude": -42.41479, "latitude": -20.54359, "data_hora_gmt": "2026-04-19T03:34:00Z", "data_pas": "2026-04-19", "satelite": "NOAA-21", "municipio": "SERICITA", "estado": "MINAS GERAIS", "pais": "Brasil", "precipitacao": 2.6, "numero_dias_sem_chuva": 0, "risco_fogo": 0.07, "bioma": "Mata Atlântica", "id_0": 33, "id_1": 31, "id_2": 3166303, "continente_id": 8, "vegetacao": "Savana arbórea; Caatinga fechada", "grade_wrs": "217_074", "frp": 1.1}, "bbox": [-42.41479, -20.54359, -42.41479, -20.54359]}, {"type": "Feature", "id": "focos_48h_br_todosats.fid--211a0569_19dac319c32_6bde", "geometry": {"type": "Point", "coordinates": [-51.38478, -27.12595]}, "geometry_name": "geometria", "properties": {"id_foco_bdq": 1814687977, "foco_id": "144365d8-e10f-3c27-a01e-cc876be2ad5d", "longitude": -51.38478, "latitude": -27.12595, "data_hora_gmt": "2026-04-19T03:36:00Z", "data_pas": "2026-04-19", "satelite": "NOAA-21", "municipio": "IBICARÉ", "estado": "SANTA CATARINA", "pais": "Brasil", "precipitacao": 0, "numero_dias_sem_chuva": 3, "risco_fogo": 0.12, "bioma": "Mata Atlântica", "id_0": 33, "id_1": 42, "id_2": 4206801, "continente_id": 8, "vegetacao": "Florestas decíduas e sazonais", "grade_wrs": "222_079", "frp": 1.6}, "bbox": [-51.38478, -27.12595, -51.38478, -27.12595]}, {"type": "Feature", "id": "focos_48h_br_todosats.fid--211a0569_19dac319c32_6bdf", "geometry": {"type": "Point", "coordinates": [-43.20169, -7.40546]}, "geometry_name": "geometria", "properties": {"id_foco_bdq": 1814690787, "foco_id": "3d679501-b436-3aa3-9e4e-8cd5c0a3ce58", "longitude": -43.20169, "latitude": -7.40546, "data_hora_gmt": "2026-04-19T04:02:00Z", "data_pas": "2026-04-19", "satelite": "NPP-375D", "municipio": "ITAUEIRA", "estado": "PIAUÍ", "pais": "Brasil", "precipitacao": 3.3, "numero_dias_sem_chuva": 6, "risco_fogo": 0.11, "bioma": "Caatinga", "id_0": 33, "id_1": 22, "id_2": 2205102, "continente_id": 8, "vegetacao": "Savana arbórea; Caatinga fechada", "grade_wrs": "219_065", "frp": 1.2}, "bbox": [-43.20169, -7.40546, -43.20169, -7.40546]}, {"type": "Feature", "id": "focos_48h_br_todosats.fid--211a0569_19dac319c32_6be0", "geometry": {"type": "Point", "coordinates": [-40.16483, -9.14709]}, "geometry_name": "geometria", "properties": {"id_foco_bdq": 1814690483, "foco_id": "98fda641-0006-364b-a2b0-ac0a97616e8f", "longitude": -40.16483, "latitude": -9.14709, "data_hora_gmt": "2026-04-19T04:04:00Z", "data_pas": "2026-04-19", "satelite": "NPP-375D", "municipio": "JUAZEIRO", "estado": "BAHIA", "pais": "Brasil", "precipitacao": 0, "numero_dias_sem_chuva": 11, "risco_fogo": 0.7, "bioma": "Caatinga", "id_0": 33, "id_1": 29, "id_2": 2918407, "continente_id": 8, "vegetacao": "Savana arbórea; Caatinga fechada", "grade_wrs": "217_066", "frp": 0.5}, "bbox": [-40.16483, -9.14709, -40.16483, -9.14709]}, {"type": "Feature", "id": "focos_48h_br_todosats.fid--211a0569_19dac319c32_6be1", "geometry": {"type": "Point", "coordinates": [-43.44404, -14.9247]}, "geometry_name": "geometria", "properties": {"id_foco_bdq": 1814689402, "foco_id": "0cd6bae9-e454-3b61-9a58-6713d64d8141", "longitude": -43.44404, "latitude": -14.9247, "data_hora_gmt": "2026-04-19T04:04:00Z", "data_pas": "2026-04-19", "satelite": "NPP-375D", "municipio": "GAMELEIRAS", "estado": "MINAS GERAIS", "pais": "Brasil", "precipitacao": 0, "numero_dias_sem_chuva": 9, "risco_fogo": 0.39, "bioma": "Caatinga", "id_0": 33, "id_1": 31, "id_2": 3127339, "continente_id": 8, "vegetacao": "Savana arbórea; Caatinga fechada", "grade_wrs": "218_070", "frp": 1.1}, "bbox": [-43.44404, -14.9247, -43.44404, -14.9247]}, {"type": "Feature", "id": "focos_48h_br_todosats.fid--211a0569_19dac319c32_6be2", "geometry": {"type": "Point", "coordinates": [-37.42923, -10.47734]}, "geometry_name": "geometria", "properties": {"id_foco_bdq": 1814691075, "foco_id": "3ee3c404-a915-32b0-813e-e148e4aaa58e", "longitude": -37.42923, "latitude": -10.47734, "data_hora_gmt": "2026-04-19T04:04:00Z", "data_pas": "2026-04-19", "satelite": "NPP-375D", "municipio": "RIBEIRÓPOLIS", "estado": "SERGIPE", "pais": "Brasil", "precipitacao": 0.53, "numero_dias_sem_chuva": 3, "risco_fogo": 1, "bioma": "Caatinga", "id_0": 33, "id_1": 28, "id_2": 2806008, "continente_id": 8, "vegetacao": "Pastagens e gramíneas", "grade_wrs": "215_067", "frp": 1}, "bbox": [-37.42923, -10.47734, -37.42923, -10.47734]}, {"type": "Feature", "id": "focos_48h_br_todosats.fid--211a0569_19dac319c32_6be3", "geometry": {"type": "Point", "coordinates": [-43.44469, -14.92828]}, "geometry_name": "geometria", "properties": {"id_foco_bdq": 1814690719, "foco_id": "21f0a8a5-a159-39bb-99eb-a5847d23ca1a", "longitude": -43.44469, "latitude": -14.92828, "data_hora_gmt": "2026-04-19T04:04:00Z", "data_pas": "2026-04-19", "satelite": "NPP-375D", "municipio": "GAMELEIRAS", "estado": "MINAS GERAIS", "pais": "Brasil", "precipitacao": 0, "numero_dias_sem_chuva": 9, "risco_fogo": 0.39, "bioma": "Caatinga", "id_0": 33, "id_1": 31, "id_2": 3127339, "continente_id": 8, "vegetacao": "Savana arbórea; Caatinga fechada", "grade_wrs": "218_070", "frp": 1.1}, "bbox": [-43.44469, -14.92828, -43.44469, -14.92828]}, {"type": "Feature", "id": "focos_48h_br_todosats.fid--211a0569_19dac319c32_6be4", "geometry": {"type": "Point", "coordinates": [-43.4476, -14.92039]}, "geometry_name": "geometria", "properties": {"id_foco_bdq": 1814690184, "foco_id": "6953f3c2-614e-34fd-a547-6bf0d26dd57b", "longitude": -43.4476, "latitude": -14.92039, "data_hora_gmt": "2026-04-19T04:04:00Z", "data_pas": "2026-04-19", "satelite": "NPP-375D", "municipio": "GAMELEIRAS", "estado": "MINAS GERAIS", "pais": "Brasil", "precipitacao": 0, "numero_dias_sem_chuva": 9, "risco_fogo": 0.39, "bioma": "Caatinga", "id_0": 33, "id_1": 31, "id_2": 3127339, "continente_id": 8, "vegetacao": "Savana arbórea; Caatinga fechada", "grade_wrs": "218_070", "frp": 2}, "bbox": [-43.4476, -14.92039, -43.4476, -14.92039]}, {"type": "Feature", "id": "focos_48h_br_todosats.fid--211a0569_19dac319c32_6be5", "geometry": {"type": "Point", "coordinates": [-43.05147, -15.4219]}, "geometry_name": "geometria", "properties": {"id_foco_bdq": 1814690119, "foco_id": "aa9eb06e-9380-3c06-90fd-9f2f3449193b", "longitude": -43.05147, "latitude": -15.4219, "data_hora_gmt": "2026-04-19T04:04:00Z", "data_pas": "2026-04-19", "satelite": "NPP-375D", "municipio": "PAI PEDRO", "estado": "MINAS GERAIS", "pais": "Brasil", "precipitacao": 0, "numero_dias_sem_chuva": 9, "risco_fogo": 0.8, "bioma": "Caatinga", "id_0": 33, "id_1": 31, "id_2": 3146552, "continente_id": 8, "vegetacao": "Pastagens e gramíneas", "grade_wrs": "218_071", "frp": 0.7}, "bbox": [-43.05147, -15.4219, -43.05147, -15.4219]}, {"type": "Feature", "id": "focos_48h_br_todosats.fid--211a0569_19dac319c32_6be6", "geometry": {"type": "Point", "coordinates": [-38.92191, -11.02063]}, "geometry_name": "geometria", "properties": {"id_foco_bdq": 1814688708, "foco_id": "ce4d434b-968d-3d77-9894-5d130137762a", "longitude": -38.92191, "latitude": -11.02063, "data_hora_gmt": "2026-04-19T04:04:00Z", "data_pas": "2026-04-19", "satelite": "NPP-375D", "municipio": "TUCANO", "estado": "BAHIA", "pais": "Brasil", "precipitacao": 0, "numero_dias_sem_chuva": 5, "risco_fogo": 0.97, "bioma": "Caatinga", "id_0": 33, "id_1": 29, "id_2": 2931905, "continente_id": 8, "vegetacao": "Pastagens e gramíneas", "grade_wrs": "216_068", "frp": 1.5}, "bbox": [-38.92191, -11.02063, -38.92191, -11.02063]}, {"type": "Feature", "id": "focos_48h_br_todosats.fid--211a0569_19dac319c32_6be7", "geometry": {"type": "Point", "coordinates": [-38.92244, -11.02397]}, "geometry_name": "geometria", "properties": {"id_foco_bdq": 1814688797, "foco_id": "0629bd6b-8771-3728-9591-c7be50179a5b", "longitude": -38.92244, "latitude": -11.02397, "data_hora_gmt": "2026-04-19T04:04:00Z", "data_pas": "2026-04-19", "satelite": "NPP-375D", "municipio": "TUCANO", "estado": "BAHIA", "pais": "Brasil", "precipitacao": 0, "numero_dias_sem_chuva": 5, "risco_fogo": 0.99, "bioma": "Caatinga", "id_0": 33, "id_1": 29, "id_2": 2931905, "continente_id": 8, "vegetacao": "Pastagens e gramíneas", "grade_wrs": "216_068", "frp": 0.7}, "bbox": [-38.92244, -11.02397, -38.92244, -11.02397]}, {"type": "Feature", "id": "focos_48h_br_todosats.fid--211a0569_19dac319c32_6be8", "geometry": {"type": "Point", "coordinates": [-37.78111, -10.26295]}, "geometry_name": "geometria", "properties": {"id_foco_bdq": 1814690548, "foco_id": "112474ef-5794-3af9-9bc7-971bbe31687c", "longitude": -37.78111, "latitude": -10.26295, "data_hora_gmt": "2026-04-19T04:04:00Z", "data_pas": "2026-04-19", "satelite": "NPP-375D", "municipio": "PEDRO ALEXANDRE", "estado": "BAHIA", "pais": "Brasil", "precipitacao": 0.52, "numero_dias_sem_chuva": 4, "risco_fogo": 1, "bioma": "Caatinga", "id_0": 33, "id_1": 29, "id_2": 2924207, "continente_id": 8, "vegetacao": "Pastagens e gramíneas", "grade_wrs": "215_067", "frp": 2}, "bbox": [-37.78111, -10.26295, -37.78111, -10.26295]}, {"type": "Feature", "id": "focos_48h_br_todosats.fid--211a0569_19dac319c32_6be9", "geometry": {"type": "Point", "coordinates": [-39.24158, -12.43109]}, "geometry_name": "geometria", "properties": {"id_foco_bdq": 1814689040, "foco_id": "b4aaca69-0d77-3823-8aa6-39a7bbe5e5ec", "longitude": -39.24158, "latitude": -12.43109, "data_hora_gmt": "2026-04-19T04:04:00Z", "data_pas": "2026-04-19", "satelite": "NPP-375D", "municipio": "SANTO ESTÊVÃO", "estado": "BAHIA", "pais": "Brasil", "precipitacao": 0.1, "numero_dias_sem_chuva": 5, "risco_fogo": 0.96, "bioma": "Caatinga", "id_0": 33, "id_1": 29, "id_2": 2928802, "continente_id": 8, "vegetacao": "Agricultura e diversos", "grade_wrs": "216_069", "frp": 0.7}, "bbox": [-39.24158, -12.43109, -39.24158, -12.43109]}, {"type": "Feature", "id": "focos_48h_br_todosats.fid--211a0569_19dac319c32_6bea", "geometry": {"type": "Point", "coordinates": [-38.91837, -11.02119]}, "geometry_name": "geometria", "properties": {"id_foco_bdq": 1814689225, "foco_id": "54f0a24f-2542-38ed-a30d-720f44415dd8", "longitude": -38.91837, "latitude": -11.02119, "data_hora_gmt": "2026-04-19T04:04:00Z", "data_pas": "2026-04-19", "satelite": "NPP-375D", "municipio": "TUCANO", "estado": "BAHIA", "pais": "Brasil", "precipitacao": 0, "numero_dias_sem_chuva": 5, "risco_fogo": 1, "bioma": "Caatinga", "id_0": 33, "id_1": 29, "id_2": 2931905, "continente_id": 8, "vegetacao": "Pastagens e gramíneas", "grade_wrs": "216_068", "frp": 1.5}, "bbox": [-38.91837, -11.02119, -38.91837, -11.02119]}, {"type": "Feature", "id": "focos_48h_br_todosats.fid--211a0569_19dac319c32_6beb", "geometry": {"type": "Point", "coordinates": [-47.77843, -15.7622]}, "geometry_name": "geometria", "properties": {"id_foco_bdq": 1814688772, "foco_id": "2d0baaa9-83e2-3fea-b6d4-a9b107ade910", "longitude": -47.77843, "latitude": -15.7622, "data_hora_gmt": "2026-04-19T04:06:00Z", "data_pas": "2026-04-19", "satelite": "NPP-375D", "municipio": "BRASÍLIA", "estado": "DISTRITO FEDERAL", "pais": "Brasil", "precipitacao": 0, "numero_dias_sem_chuva": 3, "risco_fogo": -999, "bioma": "Cerrado", "id_0": 33, "id_1": 53, "id_2": 5300108, "continente_id": 8, "vegetacao": "Corpos agua/Solos expostos/Mineracao/Areas urbanas e construidas/neve e gelo", "grade_wrs": "221_071", "frp": 0.9}, "bbox": [-47.77843, -15.7622, -47.77843, -15.7622]}, {"type": "Feature", "id": "focos_48h_br_todosats.fid--211a0569_19dac319c32_6bec", "geometry": {"type": "Point", "coordinates": [-47.73303, -20.32662]}, "geometry_name": "geometria", "properties": {"id_foco_bdq": 1814688719, "foco_id": "1e2faf80-b33a-3d71-9cf4-237cc7d2fc82", "longitude": -47.73303, "latitude": -20.32662, "data_hora_gmt": "2026-04-19T04:06:00Z", "data_pas": "2026-04-19", "satelite": "NPP-375D", "municipio": "ITUVERAVA", "estado": "SÃO PAULO", "pais": "Brasil", "precipitacao": 0, "numero_dias_sem_chuva": 2, "risco_fogo": 0.57, "bioma": "Cerrado", "id_0": 33, "id_1": 35, "id_2": 3524105, "continente_id": 8, "vegetacao": "Agricultura e diversos", "grade_wrs": "220_074", "frp": 3.3}, "bbox": [-47.73303, -20.32662, -47.73303, -20.32662]}, {"type": "Feature", "id": "focos_48h_br_todosats.fid--211a0569_19dac319c32_6bed", "geometry": {"type": "Point", "coordinates": [-50.76318, -17.5102]}, "geometry_name": "geometria", "properties": {"id_foco_bdq": 1814690301, "foco_id": "6a6f2e21-1a09-3ede-9f9e-bade075c90a8", "longitude": -50.76318, "latitude": -17.5102, "data_hora_gmt": "2026-04-19T04:06:00Z", "data_pas": "2026-04-19", "satelite": "NPP-375D", "municipio": "RIO VERDE", "estado": "GOIÁS", "pais": "Brasil", "precipitacao": 0, "numero_dias_sem_chuva": 10, "risco_fogo": 0.7, "bioma": "Cerrado", "id_0": 33, "id_1": 52, "id_2": 5218805, "continente_id": 8, "vegetacao": "Savana; Caatinga aberta", "grade_wrs": "223_072", "frp": 1.3}, "bbox": [-50.76318, -17.5102, -50.76318, -17.5102]}, {"type": "Feature", "id": "focos_48h_br_todosats.fid--211a0569_19dac319c32_6bee", "geometry": {"type": "Point", "coordinates": [-48.55728, -21.03964]}, "geometry_name": "geometria", "properties": {"id_foco_bdq": 1814690640, "foco_id": "6c8988a7-3c20-3e2a-987a-1e5cf45d3ea7", "longitude": -48.55728, "latitude": -21.03964, "data_hora_gmt": "2026-04-19T04:06:00Z", "data_pas": "2026-04-19", "satelite": "NPP-375D", "municipio": "BEBEDOURO", "estado": "SÃO PAULO", "pais": "Brasil", "precipitacao": 0, "numero_dias_sem_chuva": 0, "risco_fogo": 0.82, "bioma": "Mata Atlântica", "id_0": 33, "id_1": 35, "id_2": 3506102, "continente_id": 8, "vegetacao": "Agricultura e diversos", "grade_wrs": "221_075", "frp": 1.6}, "bbox": [-48.55728, -21.03964, -48.55728, -21.03964]}, {"type": "Feature", "id": "focos_48h_br_todosats.fid--211a0569_19dac319c32_6bef", "geometry": {"type": "Point", "coordinates": [-48.55625, -21.0353]}, "geometry_name": "geometria", "properties": {"id_foco_bdq": 1814691365, "foco_id": "bd5452ba-3304-3ebd-981c-8d4c96b9e333", "longitude": -48.55625, "latitude": -21.0353, "data_hora_gmt": "2026-04-19T04:06:00Z", "data_pas": "2026-04-19", "satelite": "NPP-375D", "municipio": "BEBEDOURO", "estado": "SÃO PAULO", "pais": "Brasil", "precipitacao": 0, "numero_dias_sem_chuva": 0, "risco_fogo": 0.82, "bioma": "Mata Atlântica", "id_0": 33, "id_1": 35, "id_2": 3506102, "continente_id": 8, "vegetacao": "Agricultura e diversos", "grade_wrs": "221_075", "frp": 1.6}, "bbox": [-48.55625, -21.0353, -48.55625, -21.0353]}, {"type": "Feature", "id": "focos_48h_br_todosats.fid--211a0569_19dac319c32_6bf0", "geometry": {"type": "Point", "coordinates": [-46.37138, -18.07764]}, "geometry_name": "geometria", "properties": {"id_foco_bdq": 1814689015, "foco_id": "e7569ede-5759-3e54-b879-40d7e9b3d098", "longitude": -46.37138, "latitude": -18.07764, "data_hora_gmt": "2026-04-19T04:06:00Z", "data_pas": "2026-04-19", "satelite": "NPP-375D", "municipio": "PRESIDENTE OLEGÁRIO", "estado": "MINAS GERAIS", "pais": "Brasil", "precipitacao": 0, "numero_dias_sem_chuva": 9, "risco_fogo": 0.3, "bioma": "Cerrado", "id_0": 33, "id_1": 31, "id_2": 3153400, "continente_id": 8, "vegetacao": "Savana arbórea; Caatinga fechada", "grade_wrs": "220_072", "frp": 1.5}, "bbox": [-46.37138, -18.07764, -46.37138, -18.07764]}, {"type": "Feature", "id": "focos_48h_br_todosats.fid--211a0569_19dac319c32_6bf1", "geometry": {"type": "Point", "coordinates": [-40.02032, -18.72606]}, "geometry_name": "geometria", "properties": {"id_foco_bdq": 1814690880, "foco_id": "db02e009-f539-359d-9199-fecb2c44bcd6", "longitude": -40.02032, "latitude": -18.72606, "data_hora_gmt": "2026-04-19T04:06:00Z", "data_pas": "2026-04-19", "satelite": "NPP-375D", "municipio": "SÃO MATEUS", "estado": "ESPÍRITO SANTO", "pais": "Brasil", "precipitacao": 1.8, "numero_dias_sem_chuva": -999, "risco_fogo": 0.24, "bioma": "Mata Atlântica", "id_0": 33, "id_1": 32, "id_2": 3204906, "continente_id": 8, "vegetacao": "Agricultura e diversos", "grade_wrs": "215_073", "frp": 0.5}, "bbox": [-40.02032, -18.72606, -40.02032, -18.72606]}, {"type": "Feature", "id": "focos_48h_br_todosats.fid--211a0569_19dac319c32_6bf2", "geometry": {"type": "Point", "coordinates": [-45.03048, -18.64353]}, "geometry_name": "geometria", "properties": {"id_foco_bdq": 1814689231, "foco_id": "dfbcf180-80d4-3899-8c91-0d9439dd2eb0", "longitude": -45.03048, "latitude": -18.64353, "data_hora_gmt": "2026-04-19T04:06:00Z", "data_pas": "2026-04-19", "satelite": "NPP-375D", "municipio": "FELIXLÂNDIA", "estado": "MINAS GERAIS", "pais": "Brasil", "precipitacao": 0, "numero_dias_sem_chuva": 7, "risco_fogo": 0.08, "bioma": "Cerrado", "id_0": 33, "id_1": 31, "id_2": 3125705, "continente_id": 8, "vegetacao": "Floresta Ombrófila densa", "grade_wrs": "219_073", "frp": 0.9}, "bbox": [-45.03048, -18.64353, -45.03048, -18.64353]}, {"type": "Feature", "id": "focos_48h_br_todosats.fid--211a0569_19dac319c32_6bf3", "geometry": {"type": "Point", "coordinates": [-40.74696, -20.04087]}, "geometry_name": "geometria", "properties": {"id_foco_bdq": 1814690390, "foco_id": "1c879940-cbc8-3d33-b29e-1ce028101e2a", "longitude": -40.74696, "latitude": -20.04087, "data_hora_gmt": "2026-04-19T04:06:00Z", "data_pas": "2026-04-19", "satelite": "NPP-375D", "municipio": "SANTA MARIA DE JETIBÁ", "estado": "ESPÍRITO SANTO", "pais": "Brasil", "precipitacao": 38.89, "numero_dias_sem_chuva": 0, "risco_fogo": 0, "bioma": "Mata Atlântica", "id_0": 33, "id_1": 32, "id_2": 3204559, "continente_id": 8, "vegetacao": "Florestas decíduas e sazonais", "grade_wrs": "216_074", "frp": 0.3}, "bbox": [-40.74696, -20.04087, -40.74696, -20.04087]}, {"type": "Feature", "id": "focos_48h_br_todosats.fid--211a0569_19dac319c32_6bf4", "geometry": {"type": "Point", "coordinates": [-46.37506, -18.07696]}, "geometry_name": "geometria", "properties": {"id_foco_bdq": 1814689612, "foco_id": "ab6cdd3c-718c-3c6b-8ee5-5440dff0d140", "longitude": -46.37506, "latitude": -18.07696, "data_hora_gmt": "2026-04-19T04:06:00Z", "data_pas": "2026-04-19", "satelite": "NPP-375D", "municipio": "PRESIDENTE OLEGÁRIO", "estado": "MINAS GERAIS", "pais": "Brasil", "precipitacao": 0, "numero_dias_sem_chuva": 9, "risco_fogo": 0.32, "bioma": "Cerrado", "id_0": 33, "id_1": 31, "id_2": 3153400, "continente_id": 8, "vegetacao": "Savana arbórea; Caatinga fechada", "grade_wrs": "220_072", "frp": 1.5}, "bbox": [-46.37506, -18.07696, -46.37506, -18.07696]}, {"type": "Feature", "id": "focos_48h_br_todosats.fid--211a0569_19dac319c32_6bf5", "geometry": {"type": "Point", "coordinates": [-42.41524, -20.54233]}, "geometry_name": "geometria", "properties": {"id_foco_bdq": 1814690583, "foco_id": "8b275083-225e-3dc6-b6bf-22d4e404d99d", "longitude": -42.41524, "latitude": -20.54233, "data_hora_gmt": "2026-04-19T04:06:00Z", "data_pas": "2026-04-19", "satelite": "NPP-375D", "municipio": "SERICITA", "estado": "MINAS GERAIS", "pais": "Brasil", "precipitacao": 2.6, "numero_dias_sem_chuva": 0, "risco_fogo": 0.06, "bioma": "Mata Atlântica", "id_0": 33, "id_1": 31, "id_2": 3166303, "continente_id": 8, "vegetacao": "Savana arbórea; Caatinga fechada", "grade_wrs": "217_074", "frp": 0.8}, "bbox": [-42.41524, -20.54233, -42.41524, -20.54233]}, {"type": "Feature", "id": "focos_48h_br_todosats.fid--211a0569_19dac319c32_6bf6", "geometry": {"type": "Point", "coordinates": [-50.76096, -17.49947]}, "geometry_name": "geometria", "properties": {"id_foco_bdq": 1814688781, "foco_id": "34b0322d-d4c3-33f7-9517-ed43756cc99d", "longitude": -50.76096, "latitude": -17.49947, "data_hora_gmt": "2026-04-19T04:06:00Z", "data_pas": "2026-04-19", "satelite": "NPP-375D", "municipio": "RIO VERDE", "estado": "GOIÁS", "pais": "Brasil", "precipitacao": 0, "numero_dias_sem_chuva": 9, "risco_fogo": 0.65, "bioma": "Cerrado", "id_0": 33, "id_1": 52, "id_2": 5218805, "continente_id": 8, "vegetacao": "Savana; Caatinga aberta", "grade_wrs": "223_072", "frp": 1.7}, "bbox": [-50.76096, -17.49947, -50.76096, -17.49947]}, {"type": "Feature", "id": "focos_48h_br_todosats.fid--211a0569_19dac319c32_6bf7", "geometry": {"type": "Point", "coordinates": [-45.05512, -18.22019]}, "geometry_name": "geometria", "properties": {"id_foco_bdq": 1814691010, "foco_id": "8f2d3470-f3f9-38b8-a9e0-09fd76bd31d4", "longitude": -45.05512, "latitude": -18.22019, "data_hora_gmt": "2026-04-19T04:06:00Z", "data_pas": "2026-04-19", "satelite": "NPP-375D", "municipio": "TRÊS MARIAS", "estado": "MINAS GERAIS", "pais": "Brasil", "precipitacao": 0, "numero_dias_sem_chuva": 2, "risco_fogo": 0.1, "bioma": "Cerrado", "id_0": 33, "id_1": 31, "id_2": 3169356, "continente_id": 8, "vegetacao": "Floresta Ombrófila densa", "grade_wrs": "219_073", "frp": 1}, "bbox": [-45.05512, -18.22019, -45.05512, -18.22019]}, {"type": "Feature", "id": "focos_48h_br_todosats.fid--211a0569_19dac319c32_6bf8", "geometry": {"type": "Point", "coordinates": [-50.7621, -17.50483]}, "geometry_name": "geometria", "properties": {"id_foco_bdq": 1814688800, "foco_id": "7151703a-b813-3118-88a6-6dbaacb4b2c2", "longitude": -50.7621, "latitude": -17.50483, "data_hora_gmt": "2026-04-19T04:06:00Z", "data_pas": "2026-04-19", "satelite": "NPP-375D", "municipio": "RIO VERDE", "estado": "GOIÁS", "pais": "Brasil", "precipitacao": 0, "numero_dias_sem_chuva": 10, "risco_fogo": 0.32, "bioma": "Cerrado", "id_0": 33, "id_1": 52, "id_2": 5218805, "continente_id": 8, "vegetacao": "Floresta de contato; Campinarana", "grade_wrs": "223_072", "frp": 1.7}, "bbox": [-50.7621, -17.50483, -50.7621, -17.50483]}, {"type": "Feature", "id": "focos_48h_br_todosats.fid--211a0569_19dac319c32_6bf9", "geometry": {"type": "Point", "coordinates": [-50.7655, -17.50411]}, "geometry_name": "geometria", "properties": {"id_foco_bdq": 1814689415, "foco_id": "244ea0ad-7345-3968-b4f5-066d5534e594", "longitude": -50.7655, "latitude": -17.50411, "data_hora_gmt": "2026-04-19T04:06:00Z", "data_pas": "2026-04-19", "satelite": "NPP-375D", "municipio": "RIO VERDE", "estado": "GOIÁS", "pais": "Brasil", "precipitacao": 0, "numero_dias_sem_chuva": 9, "risco_fogo": 0.56, "bioma": "Cerrado", "id_0": 33, "id_1": 52, "id_2": 5218805, "continente_id": 8, "vegetacao": "Savana; Caatinga aberta", "grade_wrs": "223_072", "frp": 2.7}, "bbox": [-50.7655, -17.50411, -50.7655, -17.50411]}, {"type": "Feature", "id": "focos_48h_br_todosats.fid--211a0569_19dac319c32_6bfa", "geometry": {"type": "Point", "coordinates": [-48.00155, -23.64801]}, "geometry_name": "geometria", "properties": {"id_foco_bdq": 1814690657, "foco_id": "039a6f95-a68e-3b06-a422-2291c8be7695", "longitude": -48.00155, "latitude": -23.64801, "data_hora_gmt": "2026-04-19T04:08:00Z", "data_pas": "2026-04-19", "satelite": "NPP-375D", "municipio": "ITAPETININGA", "estado": "SÃO PAULO", "pais": "Brasil", "precipitacao": 0, "numero_dias_sem_chuva": 6, "risco_fogo": 0.66, "bioma": "Cerrado", "id_0": 33, "id_1": 35, "id_2": 3522307, "continente_id": 8, "vegetacao": "Savana; Caatinga aberta", "grade_wrs": "220_076", "frp": 1.3}, "bbox": [-48.00155, -23.64801, -48.00155, -23.64801]}, {"type": "Feature", "id": "focos_48h_br_todosats.fid--211a0569_19dac319c32_6bfb", "geometry": {"type": "Point", "coordinates": [-49.36914, -28.64198]}, "geometry_name": "geometria", "properties": {"id_foco_bdq": 1814691162, "foco_id": "ac8342fd-6156-3804-9308-b1a0c8d089d1", "longitude": -49.36914, "latitude": -28.64198, "data_hora_gmt": "2026-04-19T04:08:00Z", "data_pas": "2026-04-19", "satelite": "NPP-375D", "municipio": "CRICIÚMA", "estado": "SANTA CATARINA", "pais": "Brasil", "precipitacao": 0, "numero_dias_sem_chuva": 3, "risco_fogo": 0.1, "bioma": "Mata Atlântica", "id_0": 33, "id_1": 42, "id_2": 4204608, "continente_id": 8, "vegetacao": "Floresta Ombrófila densa", "grade_wrs": "220_080", "frp": 1.1}, "bbox": [-49.36914, -28.64198, -49.36914, -28.64198]}, {"type": "Feature", "id": "focos_48h_br_todosats.fid--211a0569_19dac319c32_6bfc", "geometry": {"type": "Point", "coordinates": [-55.18572, -23.26665]}, "geometry_name": "geometria", "properties": {"id_foco_bdq": 1814691304, "foco_id": "fabe1099-a0a7-363c-9c78-5a27d5904236", "longitude": -55.18572, "latitude": -23.26665, "data_hora_gmt": "2026-04-19T04:08:00Z", "data_pas": "2026-04-19", "satelite": "NPP-375D", "municipio": "AMAMBAI", "estado": "MATO GROSSO DO SUL", "pais": "Brasil", "precipitacao": 0.01, "numero_dias_sem_chuva": 3, "risco_fogo": 0.85, "bioma": "Mata Atlântica", "id_0": 33, "id_1": 50, "id_2": 5000609, "continente_id": 8, "vegetacao": "Pastagens e gramíneas", "grade_wrs": "225_076", "frp": 1.5}, "bbox": [-55.18572, -23.26665, -55.18572, -23.26665]}, {"type": "Feature", "id": "focos_48h_br_todosats.fid--211a0569_19dac319c32_6bfd", "geometry": {"type": "Point", "coordinates": [-50.91718, -25.08554]}, "geometry_name": "geometria", "properties": {"id_foco_bdq": 1814691317, "foco_id": "4ef53484-2bab-30e8-b712-8d0d71e73b1f", "longitude": -50.91718, "latitude": -25.08554, "data_hora_gmt": "2026-04-19T04:08:00Z", "data_pas": "2026-04-19", "satelite": "NPP-375D", "municipio": "GUAMIRANGA", "estado": "PARANÁ", "pais": "Brasil", "precipitacao": 0, "numero_dias_sem_chuva": 0, "risco_fogo": 0.34, "bioma": "Mata Atlântica", "id_0": 33, "id_1": 41, "id_2": 4108957, "continente_id": 8, "vegetacao": "Floresta de contato; Campinarana", "grade_wrs": "222_077", "frp": 1.3}, "bbox": [-50.91718, -25.08554, -50.91718, -25.08554]}, {"type": "Feature", "id": "focos_48h_br_todosats.fid--211a0569_19dac319c32_6bfe", "geometry": {"type": "Point", "coordinates": [-49.40059, -25.1739]}, "geometry_name": "geometria", "properties": {"id_foco_bdq": 1814688963, "foco_id": "8104eb54-76a0-3295-b698-fc731ad0ff05", "longitude": -49.40059, "latitude": -25.1739, "data_hora_gmt": "2026-04-19T04:08:00Z", "data_pas": "2026-04-19", "satelite": "NPP-375D", "municipio": "RIO BRANCO DO SUL", "estado": "PARANÁ", "pais": "Brasil", "precipitacao": 0, "numero_dias_sem_chuva": 2, "risco_fogo": 0.22, "bioma": "Mata Atlântica", "id_0": 33, "id_1": 41, "id_2": 4122206, "continente_id": 8, "vegetacao": "Floresta Ombrófila densa", "grade_wrs": "221_077", "frp": 0.6}, "bbox": [-49.40059, -25.1739, -49.40059, -25.1739]}, {"type": "Feature", "id": "focos_48h_br_todosats.fid--211a0569_19dac319c32_6bff", "geometry": {"type": "Point", "coordinates": [-52.24488, -23.78721]}, "geometry_name": "geometria", "properties": {"id_foco_bdq": 1814689018, "foco_id": "2b4e43d9-7b7f-35a8-b579-a4a3ff0953da", "longitude": -52.24488, "latitude": -23.78721, "data_hora_gmt": "2026-04-19T04:08:00Z", "data_pas": "2026-04-19", "satelite": "NPP-375D", "municipio": "ENGENHEIRO BELTRÃO", "estado": "PARANÁ", "pais": "Brasil", "precipitacao": 0, "numero_dias_sem_chuva": 2, "risco_fogo": 0.91, "bioma": "Mata Atlântica", "id_0": 33, "id_1": 41, "id_2": 4107504, "continente_id": 8, "vegetacao": "Agricultura e diversos", "grade_wrs": "223_076", "frp": 1.6}, "bbox": [-52.24488, -23.78721, -52.24488, -23.78721]}, {"type": "Feature", "id": "focos_48h_br_todosats.fid--211a0569_19dac319c32_6c00", "geometry": {"type": "Point", "coordinates": [-49.39628, -25.17479]}, "geometry_name": "geometria", "properties": {"id_foco_bdq": 1814689344, "foco_id": "e1106821-6565-370d-ba7e-0ee61cdc5bae", "longitude": -49.39628, "latitude": -25.17479, "data_hora_gmt": "2026-04-19T04:08:00Z", "data_pas": "2026-04-19", "satelite": "NPP-375D", "municipio": "RIO BRANCO DO SUL", "estado": "PARANÁ", "pais": "Brasil", "precipitacao": 0, "numero_dias_sem_chuva": 2, "risco_fogo": 0.22, "bioma": "Mata Atlântica", "id_0": 33, "id_1": 41, "id_2": 4122206, "continente_id": 8, "vegetacao": "Floresta Ombrófila densa", "grade_wrs": "221_077", "frp": 0.6}, "bbox": [-49.39628, -25.17479, -49.39628, -25.17479]}, {"type": "Feature", "id": "focos_48h_br_todosats.fid--211a0569_19dac319c32_6c01", "geometry": {"type": "Point", "coordinates": [-49.34606, -25.09395]}, "geometry_name": "geometria", "properties": {"id_foco_bdq": 1814689724, "foco_id": "c2edf1a9-5cb2-36f1-a891-ac89548319d0", "longitude": -49.34606, "latitude": -25.09395, "data_hora_gmt": "2026-04-19T04:08:00Z", "data_pas": "2026-04-19", "satelite": "NPP-375D", "municipio": "RIO BRANCO DO SUL", "estado": "PARANÁ", "pais": "Brasil", "precipitacao": 0, "numero_dias_sem_chuva": 2, "risco_fogo": 0.23, "bioma": "Mata Atlântica", "id_0": 33, "id_1": 41, "id_2": 4122206, "continente_id": 8, "vegetacao": "Floresta Ombrófila densa", "grade_wrs": "221_077", "frp": 2.7}, "bbox": [-49.34606, -25.09395, -49.34606, -25.09395]}, {"type": "Feature", "id": "focos_48h_br_todosats.fid--211a0569_19dac319c32_6c02", "geometry": {"type": "Point", "coordinates": [-55.18768, -23.27276]}, "geometry_name": "geometria", "properties": {"id_foco_bdq": 1814690573, "foco_id": "3bc35cfe-68af-376c-a577-0715240d67ff", "longitude": -55.18768, "latitude": -23.27276, "data_hora_gmt": "2026-04-19T04:08:00Z", "data_pas": "2026-04-19", "satelite": "NPP-375D", "municipio": "AMAMBAI", "estado": "MATO GROSSO DO SUL", "pais": "Brasil", "precipitacao": 0.06, "numero_dias_sem_chuva": 3, "risco_fogo": 0.86, "bioma": "Mata Atlântica", "id_0": 33, "id_1": 50, "id_2": 5000609, "continente_id": 8, "vegetacao": "Pastagens e gramíneas", "grade_wrs": "225_076", "frp": 1.4}, "bbox": [-55.18768, -23.27276, -55.18768, -23.27276]}, {"type": "Feature", "id": "focos_48h_br_todosats.fid--211a0569_19dac319c32_6c03", "geometry": {"type": "Point", "coordinates": [-52.24384, -23.78185]}, "geometry_name": "geometria", "properties": {"id_foco_bdq": 1814690585, "foco_id": "754bb15d-85d3-30c0-8f2c-cfe4bab3469d", "longitude": -52.24384, "latitude": -23.78185, "data_hora_gmt": "2026-04-19T04:08:00Z", "data_pas": "2026-04-19", "satelite": "NPP-375D", "municipio": "ENGENHEIRO BELTRÃO", "estado": "PARANÁ", "pais": "Brasil", "precipitacao": 0, "numero_dias_sem_chuva": 2, "risco_fogo": 0.92, "bioma": "Mata Atlântica", "id_0": 33, "id_1": 41, "id_2": 4107504, "continente_id": 8, "vegetacao": "Agricultura e diversos", "grade_wrs": "223_076", "frp": 0.5}, "bbox": [-52.24384, -23.78185, -52.24384, -23.78185]}, {"type": "Feature", "id": "focos_48h_br_todosats.fid--211a0569_19dac319c32_6c04", "geometry": {"type": "Point", "coordinates": [-52.24519, -23.787]}, "geometry_name": "geometria", "properties": {"id_foco_bdq": 1814690648, "foco_id": "c56a4ac9-171b-3b1b-baee-7958d42b71bb", "longitude": -52.24519, "latitude": -23.787, "data_hora_gmt": "2026-04-19T04:08:00Z", "data_pas": "2026-04-19", "satelite": "NPP-375D", "municipio": "ENGENHEIRO BELTRÃO", "estado": "PARANÁ", "pais": "Brasil", "precipitacao": 0, "numero_dias_sem_chuva": 2, "risco_fogo": 0.91, "bioma": "Mata Atlântica", "id_0": 33, "id_1": 41, "id_2": 4107504, "continente_id": 8, "vegetacao": "Agricultura e diversos", "grade_wrs": "223_076", "frp": 1.5}, "bbox": [-52.24519, -23.787, -52.24519, -23.787]}, {"type": "Feature", "id": "focos_48h_br_todosats.fid--211a0569_19dac319c32_6c05", "geometry": {"type": "Point", "coordinates": [-45.11655, -5.35063]}, "geometry_name": "geometria", "properties": {"id_foco_bdq": 1814688670, "foco_id": "650cea8c-cd91-3766-9376-ebbcba7bfa41", "longitude": -45.11655, "latitude": -5.35063, "data_hora_gmt": "2026-04-19T04:21:00Z", "data_pas": "2026-04-19", "satelite": "NOAA-20", "municipio": "BARRA DO CORDA", "estado": "MARANHÃO", "pais": "Brasil", "precipitacao": 0.5, "numero_dias_sem_chuva": 0, "risco_fogo": 0.2, "bioma": "Cerrado", "id_0": 33, "id_1": 21, "id_2": 2101608, "continente_id": 8, "vegetacao": "Pastagens e gramíneas", "grade_wrs": "221_064", "frp": 1.2}, "bbox": [-45.11655, -5.35063, -45.11655, -5.35063]}, {"type": "Feature", "id": "focos_48h_br_todosats.fid--211a0569_19dac319c32_6c06", "geometry": {"type": "Point", "coordinates": [-37.78138, -10.26253]}, "geometry_name": "geometria", "properties": {"id_foco_bdq": 1814688640, "foco_id": "ebc648db-e5b2-3343-8c09-5ca55362c527", "longitude": -37.78138, "latitude": -10.26253, "data_hora_gmt": "2026-04-19T04:21:00Z", "data_pas": "2026-04-19", "satelite": "NOAA-20", "municipio": "PEDRO ALEXANDRE", "estado": "BAHIA", "pais": "Brasil", "precipitacao": 0.52, "numero_dias_sem_chuva": 4, "risco_fogo": 1, "bioma": "Caatinga", "id_0": 33, "id_1": 29, "id_2": 2924207, "continente_id": 8, "vegetacao": "Pastagens e gramíneas", "grade_wrs": "215_067", "frp": 1.2}, "bbox": [-37.78138, -10.26253, -37.78138, -10.26253]}, {"type": "Feature", "id": "focos_48h_br_todosats.fid--211a0569_19dac319c32_6c07", "geometry": {"type": "Point", "coordinates": [-43.2036, -7.40423]}, "geometry_name": "geometria", "properties": {"id_foco_bdq": 1814688983, "foco_id": "08c47a75-9132-3f23-a901-4d141f59db24", "longitude": -43.2036, "latitude": -7.40423, "data_hora_gmt": "2026-04-19T04:21:00Z", "data_pas": "2026-04-19", "satelite": "NOAA-20", "municipio": "ITAUEIRA", "estado": "PIAUÍ", "pais": "Brasil", "precipitacao": 3.3, "numero_dias_sem_chuva": 6, "risco_fogo": 0.11, "bioma": "Caatinga", "id_0": 33, "id_1": 22, "id_2": 2205102, "continente_id": 8, "vegetacao": "Savana arbórea; Caatinga fechada", "grade_wrs": "219_065", "frp": 1}, "bbox": [-43.2036, -7.40423, -43.2036, -7.40423]}, {"type": "Feature", "id": "focos_48h_br_todosats.fid--211a0569_19dac319c32_6c08", "geometry": {"type": "Point", "coordinates": [-44.29257, -13.68168]}, "geometry_name": "geometria", "properties": {"id_foco_bdq": 1814690743, "foco_id": "5db7afb6-dc20-3509-812a-56dadfbcbf71", "longitude": -44.29257, "latitude": -13.68168, "data_hora_gmt": "2026-04-19T04:23:00Z", "data_pas": "2026-04-19", "satelite": "NOAA-20", "municipio": "CORIBE", "estado": "BAHIA", "pais": "Brasil", "precipitacao": 0, "numero_dias_sem_chuva": 8, "risco_fogo": 0.63, "bioma": "Cerrado", "id_0": 33, "id_1": 29, "id_2": 2909109, "continente_id": 8, "vegetacao": "Savana; Caatinga aberta", "grade_wrs": "219_069", "frp": 0.5}, "bbox": [-44.29257, -13.68168, -44.29257, -13.68168]}, {"type": "Feature", "id": "focos_48h_br_todosats.fid--211a0569_19dac319c32_6c09", "geometry": {"type": "Point", "coordinates": [-43.44423, -14.92831]}, "geometry_name": "geometria", "properties": {"id_foco_bdq": 1814691164, "foco_id": "3e2de029-6d15-3472-9547-38c6c492cd1d", "longitude": -43.44423, "latitude": -14.92831, "data_hora_gmt": "2026-04-19T04:23:00Z", "data_pas": "2026-04-19", "satelite": "NOAA-20", "municipio": "GAMELEIRAS", "estado": "MINAS GERAIS", "pais": "Brasil", "precipitacao": 0, "numero_dias_sem_chuva": 9, "risco_fogo": 0.39, "bioma": "Caatinga", "id_0": 33, "id_1": 31, "id_2": 3127339, "continente_id": 8, "vegetacao": "Savana arbórea; Caatinga fechada", "grade_wrs": "218_070", "frp": 0.3}, "bbox": [-43.44423, -14.92831, -43.44423, -14.92831]}, {"type": "Feature", "id": "focos_48h_br_todosats.fid--211a0569_19dac319c32_6c0a", "geometry": {"type": "Point", "coordinates": [-43.44368, -14.9247]}, "geometry_name": "geometria", "properties": {"id_foco_bdq": 1814691383, "foco_id": "a0952259-09ac-3388-bac4-915d5a5d3c42", "longitude": -43.44368, "latitude": -14.9247, "data_hora_gmt": "2026-04-19T04:23:00Z", "data_pas": "2026-04-19", "satelite": "NOAA-20", "municipio": "GAMELEIRAS", "estado": "MINAS GERAIS", "pais": "Brasil", "precipitacao": 0, "numero_dias_sem_chuva": 9, "risco_fogo": 0.39, "bioma": "Caatinga", "id_0": 33, "id_1": 31, "id_2": 3127339, "continente_id": 8, "vegetacao": "Savana arbórea; Caatinga fechada", "grade_wrs": "218_070", "frp": 1.1}, "bbox": [-43.44368, -14.9247, -43.44368, -14.9247]}, {"type": "Feature", "id": "focos_48h_br_todosats.fid--211a0569_19dac319c32_6c0b", "geometry": {"type": "Point", "coordinates": [-43.0519, -15.42073]}, "geometry_name": "geometria", "properties": {"id_foco_bdq": 1814691100, "foco_id": "fbcef779-af54-3d30-8c6b-9e36f640379a", "longitude": -43.0519, "latitude": -15.42073, "data_hora_gmt": "2026-04-19T04:23:00Z", "data_pas": "2026-04-19", "satelite": "NOAA-20", "municipio": "PAI PEDRO", "estado": "MINAS GERAIS", "pais": "Brasil", "precipitacao": 0, "numero_dias_sem_chuva": 9, "risco_fogo": 0.74, "bioma": "Caatinga", "id_0": 33, "id_1": 31, "id_2": 3146552, "continente_id": 8, "vegetacao": "Agricultura e diversos", "grade_wrs": "218_071", "frp": 0.7}, "bbox": [-43.0519, -15.42073, -43.0519, -15.42073]}, {"type": "Feature", "id": "focos_48h_br_todosats.fid--211a0569_19dac319c32_6c0c", "geometry": {"type": "Point", "coordinates": [-43.4474, -14.92047]}, "geometry_name": "geometria", "properties": {"id_foco_bdq": 1814689851, "foco_id": "cdc350e2-66b5-361a-8ec3-6e2139a2d92e", "longitude": -43.4474, "latitude": -14.92047, "data_hora_gmt": "2026-04-19T04:23:00Z", "data_pas": "2026-04-19", "satelite": "NOAA-20", "municipio": "GAMELEIRAS", "estado": "MINAS GERAIS", "pais": "Brasil", "precipitacao": 0, "numero_dias_sem_chuva": 9, "risco_fogo": 0.39, "bioma": "Caatinga", "id_0": 33, "id_1": 31, "id_2": 3127339, "continente_id": 8, "vegetacao": "Savana arbórea; Caatinga fechada", "grade_wrs": "218_070", "frp": 1.1}, "bbox": [-43.4474, -14.92047, -43.4474, -14.92047]}, {"type": "Feature", "id": "focos_48h_br_todosats.fid--211a0569_19dac319c32_6c0d", "geometry": {"type": "Point", "coordinates": [-38.92142, -11.02031]}, "geometry_name": "geometria", "properties": {"id_foco_bdq": 1814691236, "foco_id": "f4917b48-b0d6-3d56-867a-5fe9b581e7a3", "longitude": -38.92142, "latitude": -11.02031, "data_hora_gmt": "2026-04-19T04:23:00Z", "data_pas": "2026-04-19", "satelite": "NOAA-20", "municipio": "TUCANO", "estado": "BAHIA", "pais": "Brasil", "precipitacao": 0, "numero_dias_sem_chuva": 5, "risco_fogo": 0.97, "bioma": "Caatinga", "id_0": 33, "id_1": 29, "id_2": 2931905, "continente_id": 8, "vegetacao": "Pastagens e gramíneas", "grade_wrs": "216_068", "frp": 1.6}, "bbox": [-38.92142, -11.02031, -38.92142, -11.02031]}, {"type": "Feature", "id": "focos_48h_br_todosats.fid--211a0569_19dac319c32_6c0e", "geometry": {"type": "Point", "coordinates": [-46.86503, -14.33719]}, "geometry_name": "geometria", "properties": {"id_foco_bdq": 1814690094, "foco_id": "1359b149-64ae-3793-80c1-9a502a978c7e", "longitude": -46.86503, "latitude": -14.33719, "data_hora_gmt": "2026-04-19T04:23:00Z", "data_pas": "2026-04-19", "satelite": "NOAA-20", "municipio": "IACIARA", "estado": "GOIÁS", "pais": "Brasil", "precipitacao": 0.41, "numero_dias_sem_chuva": 6, "risco_fogo": 0.78, "bioma": "Cerrado", "id_0": 33, "id_1": 52, "id_2": 5209903, "continente_id": 8, "vegetacao": "Agricultura e diversos", "grade_wrs": "221_070", "frp": 0.7}, "bbox": [-46.86503, -14.33719, -46.86503, -14.33719]}, {"type": "Feature", "id": "focos_48h_br_todosats.fid--211a0569_19dac319c32_6c0f", "geometry": {"type": "Point", "coordinates": [-49.91459, -13.53861]}, "geometry_name": "geometria", "properties": {"id_foco_bdq": 1814689899, "foco_id": "2c334097-3a8f-3dcb-a81f-6fa631eb6c21", "longitude": -49.91459, "latitude": -13.53861, "data_hora_gmt": "2026-04-19T04:23:00Z", "data_pas": "2026-04-19", "satelite": "NOAA-20", "municipio": "BONÓPOLIS", "estado": "GOIÁS", "pais": "Brasil", "precipitacao": 0.05, "numero_dias_sem_chuva": 2, "risco_fogo": 0.54, "bioma": "Cerrado", "id_0": 33, "id_1": 52, "id_2": 5203575, "continente_id": 8, "vegetacao": "Pastagens e gramíneas", "grade_wrs": "223_069", "frp": 1.2}, "bbox": [-49.91459, -13.53861, -49.91459, -13.53861]}, {"type": "Feature", "id": "focos_48h_br_todosats.fid--211a0569_19dac319c32_6c10", "geometry": {"type": "Point", "coordinates": [-43.07763, -15.30154]}, "geometry_name": "geometria", "properties": {"id_foco_bdq": 1814690269, "foco_id": "c962a702-9ff6-34c1-bfc0-0dce875a5647", "longitude": -43.07763, "latitude": -15.30154, "data_hora_gmt": "2026-04-19T04:23:00Z", "data_pas": "2026-04-19", "satelite": "NOAA-20", "municipio": "MONTE AZUL", "estado": "MINAS GERAIS", "pais": "Brasil", "precipitacao": 0, "numero_dias_sem_chuva": 9, "risco_fogo": 0.8, "bioma": "Caatinga", "id_0": 33, "id_1": 31, "id_2": 3142908, "continente_id": 8, "vegetacao": "Pastagens e gramíneas", "grade_wrs": "218_071", "frp": 1.2}, "bbox": [-43.07763, -15.30154, -43.07763, -15.30154]}, {"type": "Feature", "id": "focos_48h_br_todosats.fid--211a0569_19dac319c32_6c11", "geometry": {"type": "Point", "coordinates": [-56.05694, -19.09998]}, "geometry_name": "geometria", "properties": {"id_foco_bdq": 1814688630, "foco_id": "a7dec860-7d19-3b0a-92e9-ef06ea3103e0", "longitude": -56.05694, "latitude": -19.09998, "data_hora_gmt": "2026-04-19T04:25:00Z", "data_pas": "2026-04-19", "satelite": "NOAA-20", "municipio": "CORUMBÁ", "estado": "MATO GROSSO DO SUL", "pais": "Brasil", "precipitacao": 0, "numero_dias_sem_chuva": 0, "risco_fogo": 0.24, "bioma": "Pantanal", "id_0": 33, "id_1": 50, "id_2": 5003207, "continente_id": 8, "vegetacao": "Savana arbórea; Caatinga fechada", "grade_wrs": "226_073", "frp": 2.3}, "bbox": [-56.05694, -19.09998, -56.05694, -19.09998]}, {"type": "Feature", "id": "focos_48h_br_todosats.fid--211a0569_19dac319c32_6c12", "geometry": {"type": "Point", "coordinates": [-48.55275, -21.03828]}, "geometry_name": "geometria", "properties": {"id_foco_bdq": 1814690194, "foco_id": "abe5e2a0-65d5-331c-bbdf-84dcd00a3b5d", "longitude": -48.55275, "latitude": -21.03828, "data_hora_gmt": "2026-04-19T04:25:00Z", "data_pas": "2026-04-19", "satelite": "NOAA-20", "municipio": "BEBEDOURO", "estado": "SÃO PAULO", "pais": "Brasil", "precipitacao": 0, "numero_dias_sem_chuva": 0, "risco_fogo": 0.82, "bioma": "Mata Atlântica", "id_0": 33, "id_1": 35, "id_2": 3506102, "continente_id": 8, "vegetacao": "Agricultura e diversos", "grade_wrs": "221_075", "frp": 2.2}, "bbox": [-48.55275, -21.03828, -48.55275, -21.03828]}, {"type": "Feature", "id": "focos_48h_br_todosats.fid--211a0569_19dac319c32_6c13", "geometry": {"type": "Point", "coordinates": [-50.76271, -17.50334]}, "geometry_name": "geometria", "properties": {"id_foco_bdq": 1814690303, "foco_id": "2e62230e-50fa-3761-a810-133c5357391a", "longitude": -50.76271, "latitude": -17.50334, "data_hora_gmt": "2026-04-19T04:25:00Z", "data_pas": "2026-04-19", "satelite": "NOAA-20", "municipio": "RIO VERDE", "estado": "GOIÁS", "pais": "Brasil", "precipitacao": 0, "numero_dias_sem_chuva": 9, "risco_fogo": 0.45, "bioma": "Cerrado", "id_0": 33, "id_1": 52, "id_2": 5218805, "continente_id": 8, "vegetacao": "Savana arbórea; Caatinga fechada", "grade_wrs": "223_072", "frp": 2.9}, "bbox": [-50.76271, -17.50334, -50.76271, -17.50334]}, {"type": "Feature", "id": "focos_48h_br_todosats.fid--211a0569_19dac319c32_6c14", "geometry": {"type": "Point", "coordinates": [-56.06142, -19.10194]}, "geometry_name": "geometria", "properties": {"id_foco_bdq": 1814690304, "foco_id": "111a048f-7913-3a21-bebe-e814ccdaec2b", "longitude": -56.06142, "latitude": -19.10194, "data_hora_gmt": "2026-04-19T04:25:00Z", "data_pas": "2026-04-19", "satelite": "NOAA-20", "municipio": "CORUMBÁ", "estado": "MATO GROSSO DO SUL", "pais": "Brasil", "precipitacao": 0, "numero_dias_sem_chuva": 0, "risco_fogo": 0.15, "bioma": "Pantanal", "id_0": 33, "id_1": 50, "id_2": 5003207, "continente_id": 8, "vegetacao": "Floresta de contato; Campinarana", "grade_wrs": "226_073", "frp": 2.4}, "bbox": [-56.06142, -19.10194, -56.06142, -19.10194]}, {"type": "Feature", "id": "focos_48h_br_todosats.fid--211a0569_19dac319c32_6c15", "geometry": {"type": "Point", "coordinates": [-51.24435, -15.70759]}, "geometry_name": "geometria", "properties": {"id_foco_bdq": 1814690386, "foco_id": "859a67b3-e6a9-3ea6-ab54-7d4dcdc530e6", "longitude": -51.24435, "latitude": -15.70759, "data_hora_gmt": "2026-04-19T04:25:00Z", "data_pas": "2026-04-19", "satelite": "NOAA-20", "municipio": "SANTA FÉ DE GOIÁS", "estado": "GOIÁS", "pais": "Brasil", "precipitacao": 0, "numero_dias_sem_chuva": 6, "risco_fogo": 0.73, "bioma": "Cerrado", "id_0": 33, "id_1": 52, "id_2": 5219258, "continente_id": 8, "vegetacao": "Pastagens e gramíneas", "grade_wrs": "223_071", "frp": 1}, "bbox": [-51.24435, -15.70759, -51.24435, -15.70759]}, {"type": "Feature", "id": "focos_48h_br_todosats.fid--211a0569_19dac319c32_6c16", "geometry": {"type": "Point", "coordinates": [-50.76204, -17.4997]}, "geometry_name": "geometria", "properties": {"id_foco_bdq": 1814690434, "foco_id": "f64c8d95-6cc1-34d9-91e8-a4239a45fd49", "longitude": -50.76204, "latitude": -17.4997, "data_hora_gmt": "2026-04-19T04:25:00Z", "data_pas": "2026-04-19", "satelite": "NOAA-20", "municipio": "RIO VERDE", "estado": "GOIÁS", "pais": "Brasil", "precipitacao": 0, "numero_dias_sem_chuva": 9, "risco_fogo": 0.65, "bioma": "Cerrado", "id_0": 33, "id_1": 52, "id_2": 5218805, "continente_id": 8, "vegetacao": "Savana; Caatinga aberta", "grade_wrs": "223_072", "frp": 2.9}, "bbox": [-50.76204, -17.4997, -50.76204, -17.4997]}, {"type": "Feature", "id": "focos_48h_br_todosats.fid--211a0569_19dac319c32_6c17", "geometry": {"type": "Point", "coordinates": [-50.76406, -17.51061]}, "geometry_name": "geometria", "properties": {"id_foco_bdq": 1814691231, "foco_id": "f6ed4529-8ded-3ce6-881a-2f1db17511cf", "longitude": -50.76406, "latitude": -17.51061, "data_hora_gmt": "2026-04-19T04:25:00Z", "data_pas": "2026-04-19", "satelite": "NOAA-20", "municipio": "RIO VERDE", "estado": "GOIÁS", "pais": "Brasil", "precipitacao": 0, "numero_dias_sem_chuva": 10, "risco_fogo": 0.75, "bioma": "Cerrado", "id_0": 33, "id_1": 52, "id_2": 5218805, "continente_id": 8, "vegetacao": "Agricultura e diversos", "grade_wrs": "223_072", "frp": 1}, "bbox": [-50.76406, -17.51061, -50.76406, -17.51061]}, {"type": "Feature", "id": "focos_48h_br_todosats.fid--211a0569_19dac319c32_6c18", "geometry": {"type": "Point", "coordinates": [-46.37111, -18.07387]}, "geometry_name": "geometria", "properties": {"id_foco_bdq": 1814690495, "foco_id": "122ec62a-1a7c-366b-a2cc-010241ca0ce5", "longitude": -46.37111, "latitude": -18.07387, "data_hora_gmt": "2026-04-19T04:25:00Z", "data_pas": "2026-04-19", "satelite": "NOAA-20", "municipio": "PRESIDENTE OLEGÁRIO", "estado": "MINAS GERAIS", "pais": "Brasil", "precipitacao": 0, "numero_dias_sem_chuva": 9, "risco_fogo": 0.34, "bioma": "Cerrado", "id_0": 33, "id_1": 31, "id_2": 3153400, "continente_id": 8, "vegetacao": "Savana arbórea; Caatinga fechada", "grade_wrs": "220_072", "frp": 0.9}, "bbox": [-46.37111, -18.07387, -46.37111, -18.07387]}, {"type": "Feature", "id": "focos_48h_br_todosats.fid--211a0569_19dac319c32_6c19", "geometry": {"type": "Point", "coordinates": [-50.76418, -17.50296]}, "geometry_name": "geometria", "properties": {"id_foco_bdq": 1814690902, "foco_id": "2d76edb8-4447-39f9-9848-bdb3054368b4", "longitude": -50.76418, "latitude": -17.50296, "data_hora_gmt": "2026-04-19T04:25:00Z", "data_pas": "2026-04-19", "satelite": "NOAA-20", "municipio": "RIO VERDE", "estado": "GOIÁS", "pais": "Brasil", "precipitacao": 0, "numero_dias_sem_chuva": 9, "risco_fogo": 0.54, "bioma": "Cerrado", "id_0": 33, "id_1": 52, "id_2": 5218805, "continente_id": 8, "vegetacao": "Savana arbórea; Caatinga fechada", "grade_wrs": "223_072", "frp": 3.3}, "bbox": [-50.76418, -17.50296, -50.76418, -17.50296]}, {"type": "Feature", "id": "focos_48h_br_todosats.fid--211a0569_19dac319c32_6c1a", "geometry": {"type": "Point", "coordinates": [-45.02885, -18.64294]}, "geometry_name": "geometria", "properties": {"id_foco_bdq": 1814691203, "foco_id": "88096d64-d39c-3a9f-bbe2-92a87970a85e", "longitude": -45.02885, "latitude": -18.64294, "data_hora_gmt": "2026-04-19T04:25:00Z", "data_pas": "2026-04-19", "satelite": "NOAA-20", "municipio": "FELIXLÂNDIA", "estado": "MINAS GERAIS", "pais": "Brasil", "precipitacao": 0, "numero_dias_sem_chuva": 7, "risco_fogo": 0.08, "bioma": "Cerrado", "id_0": 33, "id_1": 31, "id_2": 3125705, "continente_id": 8, "vegetacao": "Floresta Ombrófila densa", "grade_wrs": "219_073", "frp": 0.9}, "bbox": [-45.02885, -18.64294, -45.02885, -18.64294]}, {"type": "Feature", "id": "focos_48h_br_todosats.fid--211a0569_19dac319c32_6c1b", "geometry": {"type": "Point", "coordinates": [-48.55645, -21.03769]}, "geometry_name": "geometria", "properties": {"id_foco_bdq": 1814689407, "foco_id": "b0e2ff6b-e08b-31c0-bdf4-a235411a2da6", "longitude": -48.55645, "latitude": -21.03769, "data_hora_gmt": "2026-04-19T04:25:00Z", "data_pas": "2026-04-19", "satelite": "NOAA-20", "municipio": "BEBEDOURO", "estado": "SÃO PAULO", "pais": "Brasil", "precipitacao": 0, "numero_dias_sem_chuva": 0, "risco_fogo": 0.82, "bioma": "Mata Atlântica", "id_0": 33, "id_1": 35, "id_2": 3506102, "continente_id": 8, "vegetacao": "Agricultura e diversos", "grade_wrs": "221_075", "frp": 1.7}, "bbox": [-48.55645, -21.03769, -48.55645, -21.03769]}, {"type": "Feature", "id": "focos_48h_br_todosats.fid--211a0569_19dac319c32_6c1c", "geometry": {"type": "Point", "coordinates": [-56.06266, -19.09878]}, "geometry_name": "geometria", "properties": {"id_foco_bdq": 1814689443, "foco_id": "6456ed77-4c1b-3cbd-bada-d8592255b989", "longitude": -56.06266, "latitude": -19.09878, "data_hora_gmt": "2026-04-19T04:25:00Z", "data_pas": "2026-04-19", "satelite": "NOAA-20", "municipio": "CORUMBÁ", "estado": "MATO GROSSO DO SUL", "pais": "Brasil", "precipitacao": 0, "numero_dias_sem_chuva": 0, "risco_fogo": 0.19, "bioma": "Pantanal", "id_0": 33, "id_1": 50, "id_2": 5003207, "continente_id": 8, "vegetacao": "Floresta de contato; Campinarana", "grade_wrs": "226_073", "frp": 1.8}, "bbox": [-56.06266, -19.09878, -56.06266, -19.09878]}, {"type": "Feature", "id": "focos_48h_br_todosats.fid--211a0569_19dac319c32_6c1d", "geometry": {"type": "Point", "coordinates": [-50.76055, -17.50734]}, "geometry_name": "geometria", "properties": {"id_foco_bdq": 1814689335, "foco_id": "5c1c17ee-c172-3dd0-b4fc-f77af3c60078", "longitude": -50.76055, "latitude": -17.50734, "data_hora_gmt": "2026-04-19T04:25:00Z", "data_pas": "2026-04-19", "satelite": "NOAA-20", "municipio": "RIO VERDE", "estado": "GOIÁS", "pais": "Brasil", "precipitacao": 0, "numero_dias_sem_chuva": 10, "risco_fogo": 0.39, "bioma": "Cerrado", "id_0": 33, "id_1": 52, "id_2": 5218805, "continente_id": 8, "vegetacao": "Floresta de contato; Campinarana", "grade_wrs": "223_072", "frp": 1.5}, "bbox": [-50.76055, -17.50734, -50.76055, -17.50734]}, {"type": "Feature", "id": "focos_48h_br_todosats.fid--211a0569_19dac319c32_6c1e", "geometry": {"type": "Point", "coordinates": [-50.75989, -17.5037]}, "geometry_name": "geometria", "properties": {"id_foco_bdq": 1814689261, "foco_id": "e3f18729-12e2-3a8b-95ba-30de7130d795", "longitude": -50.75989, "latitude": -17.5037, "data_hora_gmt": "2026-04-19T04:25:00Z", "data_pas": "2026-04-19", "satelite": "NOAA-20", "municipio": "RIO VERDE", "estado": "GOIÁS", "pais": "Brasil", "precipitacao": 0, "numero_dias_sem_chuva": 10, "risco_fogo": 0.27, "bioma": "Cerrado", "id_0": 33, "id_1": 52, "id_2": 5218805, "continente_id": 8, "vegetacao": "Florestas decíduas e sazonais", "grade_wrs": "223_072", "frp": 1.5}, "bbox": [-50.75989, -17.5037, -50.75989, -17.5037]}, {"type": "Feature", "id": "focos_48h_br_todosats.fid--211a0569_19dac319c32_6c1f", "geometry": {"type": "Point", "coordinates": [-51.70608, -20.62456]}, "geometry_name": "geometria", "properties": {"id_foco_bdq": 1814689285, "foco_id": "6e07ca42-1d58-3145-9ba0-e34c09bcf607", "longitude": -51.70608, "latitude": -20.62456, "data_hora_gmt": "2026-04-19T04:25:00Z", "data_pas": "2026-04-19", "satelite": "NOAA-20", "municipio": "TRÊS LAGOAS", "estado": "MATO GROSSO DO SUL", "pais": "Brasil", "precipitacao": 0, "numero_dias_sem_chuva": 0, "risco_fogo": 1, "bioma": "Cerrado", "id_0": 33, "id_1": 50, "id_2": 5008305, "continente_id": 8, "vegetacao": "Pastagens e gramíneas", "grade_wrs": "223_074", "frp": 1.1}, "bbox": [-51.70608, -20.62456, -51.70608, -20.62456]}, {"type": "Feature", "id": "focos_48h_br_todosats.fid--211a0569_19dac319c32_6c20", "geometry": {"type": "Point", "coordinates": [-50.76338, -17.50698]}, "geometry_name": "geometria", "properties": {"id_foco_bdq": 1814689167, "foco_id": "3882dcb5-b718-308f-9d43-88b4e96c12ab", "longitude": -50.76338, "latitude": -17.50698, "data_hora_gmt": "2026-04-19T04:25:00Z", "data_pas": "2026-04-19", "satelite": "NOAA-20", "municipio": "RIO VERDE", "estado": "GOIÁS", "pais": "Brasil", "precipitacao": 0, "numero_dias_sem_chuva": 10, "risco_fogo": 0.51, "bioma": "Cerrado", "id_0": 33, "id_1": 52, "id_2": 5218805, "continente_id": 8, "vegetacao": "Savana arbórea; Caatinga fechada", "grade_wrs": "223_072", "frp": 1}, "bbox": [-50.76338, -17.50698, -50.76338, -17.50698]}, {"type": "Feature", "id": "focos_48h_br_todosats.fid--211a0569_19dac319c32_6c21", "geometry": {"type": "Point", "coordinates": [-46.37534, -18.07665]}, "geometry_name": "geometria", "properties": {"id_foco_bdq": 1814689145, "foco_id": "8bda0466-6e07-3486-b8e5-f15cc12a693a", "longitude": -46.37534, "latitude": -18.07665, "data_hora_gmt": "2026-04-19T04:25:00Z", "data_pas": "2026-04-19", "satelite": "NOAA-20", "municipio": "PRESIDENTE OLEGÁRIO", "estado": "MINAS GERAIS", "pais": "Brasil", "precipitacao": 0, "numero_dias_sem_chuva": 9, "risco_fogo": 0.32, "bioma": "Cerrado", "id_0": 33, "id_1": 31, "id_2": 3153400, "continente_id": 8, "vegetacao": "Savana arbórea; Caatinga fechada", "grade_wrs": "220_072", "frp": 1.3}, "bbox": [-46.37534, -18.07665, -46.37534, -18.07665]}, {"type": "Feature", "id": "focos_48h_br_todosats.fid--211a0569_19dac319c32_6c22", "geometry": {"type": "Point", "coordinates": [-53.35097, -19.3942]}, "geometry_name": "geometria", "properties": {"id_foco_bdq": 1814688916, "foco_id": "9fc87034-50e5-3cce-9441-2866468b3750", "longitude": -53.35097, "latitude": -19.3942, "data_hora_gmt": "2026-04-19T04:25:00Z", "data_pas": "2026-04-19", "satelite": "NOAA-20", "municipio": "PARAÍSO DAS ÁGUAS", "estado": "MATO GROSSO DO SUL", "pais": "Brasil", "precipitacao": 0.4, "numero_dias_sem_chuva": 1, "risco_fogo": 0.9, "bioma": "Cerrado", "id_0": 33, "id_1": 50, "id_2": 5006275, "continente_id": 8, "vegetacao": "Pastagens e gramíneas", "grade_wrs": "224_073", "frp": 1}, "bbox": [-53.35097, -19.3942, -53.35097, -19.3942]}, {"type": "Feature", "id": "focos_48h_br_todosats.fid--211a0569_19dac319c32_6c23", "geometry": {"type": "Point", "coordinates": [-46.83489, -17.16754]}, "geometry_name": "geometria", "properties": {"id_foco_bdq": 1814689871, "foco_id": "50c527be-af2b-371d-9f92-6b75b223d063", "longitude": -46.83489, "latitude": -17.16754, "data_hora_gmt": "2026-04-19T04:25:00Z", "data_pas": "2026-04-19", "satelite": "NOAA-20", "municipio": "PARACATU", "estado": "MINAS GERAIS", "pais": "Brasil", "precipitacao": 0, "numero_dias_sem_chuva": 9, "risco_fogo": 1, "bioma": "Cerrado", "id_0": 33, "id_1": 31, "id_2": 3147006, "continente_id": 8, "vegetacao": "Pastagens e gramíneas", "grade_wrs": "220_072", "frp": 0.8}, "bbox": [-46.83489, -17.16754, -46.83489, -17.16754]}, {"type": "Feature", "id": "focos_48h_br_todosats.fid--211a0569_19dac319c32_6c24", "geometry": {"type": "Point", "coordinates": [-51.70232, -20.62903]}, "geometry_name": "geometria", "properties": {"id_foco_bdq": 1814688830, "foco_id": "0bd4629a-69e8-31fd-aea8-54d413881926", "longitude": -51.70232, "latitude": -20.62903, "data_hora_gmt": "2026-04-19T04:25:00Z", "data_pas": "2026-04-19", "satelite": "NOAA-20", "municipio": "TRÊS LAGOAS", "estado": "MATO GROSSO DO SUL", "pais": "Brasil", "precipitacao": 0, "numero_dias_sem_chuva": 0, "risco_fogo": 0.74, "bioma": "Cerrado", "id_0": 33, "id_1": 50, "id_2": 5008305, "continente_id": 8, "vegetacao": "Agricultura e diversos", "grade_wrs": "223_074", "frp": 1.1}, "bbox": [-51.70232, -20.62903, -51.70232, -20.62903]}, {"type": "Feature", "id": "focos_48h_br_todosats.fid--211a0569_19dac319c32_6c25", "geometry": {"type": "Point", "coordinates": [-47.73232, -20.32636]}, "geometry_name": "geometria", "properties": {"id_foco_bdq": 1814689934, "foco_id": "7d151575-b24e-3eda-a8b6-4fe4fdf8c1bc", "longitude": -47.73232, "latitude": -20.32636, "data_hora_gmt": "2026-04-19T04:25:00Z", "data_pas": "2026-04-19", "satelite": "NOAA-20", "municipio": "ITUVERAVA", "estado": "SÃO PAULO", "pais": "Brasil", "precipitacao": 0, "numero_dias_sem_chuva": 2, "risco_fogo": 0.57, "bioma": "Cerrado", "id_0": 33, "id_1": 35, "id_2": 3524105, "continente_id": 8, "vegetacao": "Agricultura e diversos", "grade_wrs": "220_074", "frp": 3}, "bbox": [-47.73232, -20.32636, -47.73232, -20.32636]}, {"type": "Feature", "id": "focos_48h_br_todosats.fid--211a0569_19dac319c32_6c26", "geometry": {"type": "Point", "coordinates": [-50.76348, -17.49933]}, "geometry_name": "geometria", "properties": {"id_foco_bdq": 1814688745, "foco_id": "c5d36a0e-a92f-359a-b52d-a612b4a83b33", "longitude": -50.76348, "latitude": -17.49933, "data_hora_gmt": "2026-04-19T04:25:00Z", "data_pas": "2026-04-19", "satelite": "NOAA-20", "municipio": "RIO VERDE", "estado": "GOIÁS", "pais": "Brasil", "precipitacao": 0, "numero_dias_sem_chuva": 9, "risco_fogo": 0.7, "bioma": "Cerrado", "id_0": 33, "id_1": 52, "id_2": 5218805, "continente_id": 8, "vegetacao": "Savana; Caatinga aberta", "grade_wrs": "223_072", "frp": 1.1}, "bbox": [-50.76348, -17.49933, -50.76348, -17.49933]}, {"type": "Feature", "id": "focos_48h_br_todosats.fid--211a0569_19dac319c32_6c27", "geometry": {"type": "Point", "coordinates": [-45.02955, -18.64175]}, "geometry_name": "geometria", "properties": {"id_foco_bdq": 1814690006, "foco_id": "84fb05f7-9514-34da-9219-7b81c4cb1f21", "longitude": -45.02955, "latitude": -18.64175, "data_hora_gmt": "2026-04-19T04:25:00Z", "data_pas": "2026-04-19", "satelite": "NOAA-20", "municipio": "FELIXLÂNDIA", "estado": "MINAS GERAIS", "pais": "Brasil", "precipitacao": 0, "numero_dias_sem_chuva": 7, "risco_fogo": 0.08, "bioma": "Cerrado", "id_0": 33, "id_1": 31, "id_2": 3125705, "continente_id": 8, "vegetacao": "Floresta Ombrófila densa", "grade_wrs": "219_073", "frp": 1}, "bbox": [-45.02955, -18.64175, -45.02955, -18.64175]}, {"type": "Feature", "id": "focos_48h_br_todosats.fid--211a0569_19dac319c32_6c28", "geometry": {"type": "Point", "coordinates": [-46.37165, -18.07722]}, "geometry_name": "geometria", "properties": {"id_foco_bdq": 1814690046, "foco_id": "f1eabb56-169e-3b22-b177-465640f30296", "longitude": -46.37165, "latitude": -18.07722, "data_hora_gmt": "2026-04-19T04:25:00Z", "data_pas": "2026-04-19", "satelite": "NOAA-20", "municipio": "PRESIDENTE OLEGÁRIO", "estado": "MINAS GERAIS", "pais": "Brasil", "precipitacao": 0, "numero_dias_sem_chuva": 9, "risco_fogo": 0.3, "bioma": "Cerrado", "id_0": 33, "id_1": 31, "id_2": 3153400, "continente_id": 8, "vegetacao": "Savana arbórea; Caatinga fechada", "grade_wrs": "220_072", "frp": 1.3}, "bbox": [-46.37165, -18.07722, -46.37165, -18.07722]}, {"type": "Feature", "id": "focos_48h_br_todosats.fid--211a0569_19dac319c32_6c29", "geometry": {"type": "Point", "coordinates": [-56.0603, -19.09708]}, "geometry_name": "geometria", "properties": {"id_foco_bdq": 1814690085, "foco_id": "20937312-6fd6-34ca-a351-290f15909b9b", "longitude": -56.0603, "latitude": -19.09708, "data_hora_gmt": "2026-04-19T04:25:00Z", "data_pas": "2026-04-19", "satelite": "NOAA-20", "municipio": "CORUMBÁ", "estado": "MATO GROSSO DO SUL", "pais": "Brasil", "precipitacao": 0, "numero_dias_sem_chuva": 0, "risco_fogo": 0.26, "bioma": "Pantanal", "id_0": 33, "id_1": 50, "id_2": 5003207, "continente_id": 8, "vegetacao": "Savana; Caatinga aberta", "grade_wrs": "226_073", "frp": 2.5}, "bbox": [-56.0603, -19.09708, -56.0603, -19.09708]}, {"type": "Feature", "id": "focos_48h_br_todosats.fid--211a0569_19dac319c32_6c2a", "geometry": {"type": "Point", "coordinates": [-46.97363, -17.57693]}, "geometry_name": "geometria", "properties": {"id_foco_bdq": 1814690179, "foco_id": "1949d0c1-8793-3ec3-900f-399cac24e2eb", "longitude": -46.97363, "latitude": -17.57693, "data_hora_gmt": "2026-04-19T04:25:00Z", "data_pas": "2026-04-19", "satelite": "NOAA-20", "municipio": "GUARDA-MOR", "estado": "MINAS GERAIS", "pais": "Brasil", "precipitacao": 0, "numero_dias_sem_chuva": 9, "risco_fogo": 0.95, "bioma": "Cerrado", "id_0": 33, "id_1": 31, "id_2": 3128600, "continente_id": 8, "vegetacao": "Pastagens e gramíneas", "grade_wrs": "220_072", "frp": 0.6}, "bbox": [-46.97363, -17.57693, -46.97363, -17.57693]}, {"type": "Feature", "id": "focos_48h_br_todosats.fid--211a0569_19dac319c32_6c2b", "geometry": {"type": "Point", "coordinates": [-49.3437, -25.09421]}, "geometry_name": "geometria", "properties": {"id_foco_bdq": 1814691290, "foco_id": "92efd6c0-7250-304c-9a81-d192b73d6497", "longitude": -49.3437, "latitude": -25.09421, "data_hora_gmt": "2026-04-19T04:27:00Z", "data_pas": "2026-04-19", "satelite": "NOAA-20", "municipio": "RIO BRANCO DO SUL", "estado": "PARANÁ", "pais": "Brasil", "precipitacao": 0, "numero_dias_sem_chuva": 2, "risco_fogo": 0.23, "bioma": "Mata Atlântica", "id_0": 33, "id_1": 41, "id_2": 4122206, "continente_id": 8, "vegetacao": "Floresta Ombrófila densa", "grade_wrs": "221_077", "frp": 2.4}, "bbox": [-49.3437, -25.09421, -49.3437, -25.09421]}, {"type": "Feature", "id": "focos_48h_br_todosats.fid--211a0569_19dac319c32_6c2c", "geometry": {"type": "Point", "coordinates": [-49.3657, -28.6412]}, "geometry_name": "geometria", "properties": {"id_foco_bdq": 1814688737, "foco_id": "40272f2b-ccbd-3a91-8837-671eee161c13", "longitude": -49.3657, "latitude": -28.6412, "data_hora_gmt": "2026-04-19T04:27:00Z", "data_pas": "2026-04-19", "satelite": "NOAA-20", "municipio": "CRICIÚMA", "estado": "SANTA CATARINA", "pais": "Brasil", "precipitacao": 0, "numero_dias_sem_chuva": 3, "risco_fogo": 0.11, "bioma": "Mata Atlântica", "id_0": 33, "id_1": 42, "id_2": 4204608, "continente_id": 8, "vegetacao": "Floresta Ombrófila densa", "grade_wrs": "220_080", "frp": 0.5}, "bbox": [-49.3657, -28.6412, -49.3657, -28.6412]}, {"type": "Feature", "id": "focos_48h_br_todosats.fid--211a0569_19dac319c32_6c2d", "geometry": {"type": "Point", "coordinates": [-51.02155, -26.9825]}, "geometry_name": "geometria", "properties": {"id_foco_bdq": 1814688853, "foco_id": "71b6277b-7a47-30e3-9217-d069cdd728b0", "longitude": -51.02155, "latitude": -26.9825, "data_hora_gmt": "2026-04-19T04:27:00Z", "data_pas": "2026-04-19", "satelite": "NOAA-20", "municipio": "FRAIBURGO", "estado": "SANTA CATARINA", "pais": "Brasil", "precipitacao": 0, "numero_dias_sem_chuva": 3, "risco_fogo": 0.07, "bioma": "Mata Atlântica", "id_0": 33, "id_1": 42, "id_2": 4205506, "continente_id": 8, "vegetacao": "Floresta Ombrófila densa", "grade_wrs": "221_079", "frp": 0.7}, "bbox": [-51.02155, -26.9825, -51.02155, -26.9825]}, {"type": "Feature", "id": "focos_48h_br_todosats.fid--211a0569_19dac319c32_6c2e", "geometry": {"type": "Point", "coordinates": [-52.24065, -23.78342]}, "geometry_name": "geometria", "properties": {"id_foco_bdq": 1814689058, "foco_id": "ed6888be-d4cd-3b8c-bfeb-97738818fd5b", "longitude": -52.24065, "latitude": -23.78342, "data_hora_gmt": "2026-04-19T04:27:00Z", "data_pas": "2026-04-19", "satelite": "NOAA-20", "municipio": "ENGENHEIRO BELTRÃO", "estado": "PARANÁ", "pais": "Brasil", "precipitacao": 0, "numero_dias_sem_chuva": 2, "risco_fogo": 0.91, "bioma": "Mata Atlântica", "id_0": 33, "id_1": 41, "id_2": 4107504, "continente_id": 8, "vegetacao": "Agricultura e diversos", "grade_wrs": "223_076", "frp": 1.1}, "bbox": [-52.24065, -23.78342, -52.24065, -23.78342]}, {"type": "Feature", "id": "focos_48h_br_todosats.fid--211a0569_19dac319c32_6c2f", "geometry": {"type": "Point", "coordinates": [-53.06187, -22.76402]}, "geometry_name": "geometria", "properties": {"id_foco_bdq": 1814689117, "foco_id": "8eb57723-d068-337d-8bd3-edd472dc938f", "longitude": -53.06187, "latitude": -22.76402, "data_hora_gmt": "2026-04-19T04:27:00Z", "data_pas": "2026-04-19", "satelite": "NOAA-20", "municipio": "MARILENA", "estado": "PARANÁ", "pais": "Brasil", "precipitacao": 0, "numero_dias_sem_chuva": 4, "risco_fogo": 0.8, "bioma": "Mata Atlântica", "id_0": 33, "id_1": 41, "id_2": 4115002, "continente_id": 8, "vegetacao": "Pastagens e gramíneas", "grade_wrs": "223_076", "frp": 0.9}, "bbox": [-53.06187, -22.76402, -53.06187, -22.76402]}, {"type": "Feature", "id": "focos_48h_br_todosats.fid--211a0569_19dac319c32_6c30", "geometry": {"type": "Point", "coordinates": [-49.10167, -25.5228]}, "geometry_name": "geometria", "properties": {"id_foco_bdq": 1814689165, "foco_id": "3bdf6abb-bea7-334c-ac9a-60e8dc593d06", "longitude": -49.10167, "latitude": -25.5228, "data_hora_gmt": "2026-04-19T04:27:00Z", "data_pas": "2026-04-19", "satelite": "NOAA-20", "municipio": "SÃO JOSÉ DOS PINHAIS", "estado": "PARANÁ", "pais": "Brasil", "precipitacao": 0, "numero_dias_sem_chuva": 2, "risco_fogo": -999, "bioma": "Mata Atlântica", "id_0": 33, "id_1": 41, "id_2": 4125506, "continente_id": 8, "vegetacao": "Pastagens e gramíneas", "grade_wrs": "220_078", "frp": 0.5}, "bbox": [-49.10167, -25.5228, -49.10167, -25.5228]}, {"type": "Feature", "id": "focos_48h_br_todosats.fid--211a0569_19dac319c32_6c31", "geometry": {"type": "Point", "coordinates": [-49.97844, -26.61684]}, "geometry_name": "geometria", "properties": {"id_foco_bdq": 1814689406, "foco_id": "252ff410-1eb1-3408-9847-aec65e84e65f", "longitude": -49.97844, "latitude": -26.61684, "data_hora_gmt": "2026-04-19T04:27:00Z", "data_pas": "2026-04-19", "satelite": "NOAA-20", "municipio": "SANTA TEREZINHA", "estado": "SANTA CATARINA", "pais": "Brasil", "precipitacao": 0, "numero_dias_sem_chuva": 5, "risco_fogo": 0.17, "bioma": "Mata Atlântica", "id_0": 33, "id_1": 42, "id_2": 4215679, "continente_id": 8, "vegetacao": "Florestas decíduas e sazonais", "grade_wrs": "221_078", "frp": 0.5}, "bbox": [-49.97844, -26.61684, -49.97844, -26.61684]}, {"type": "Feature", "id": "focos_48h_br_todosats.fid--211a0569_19dac319c32_6c32", "geometry": {"type": "Point", "coordinates": [-47.99988, -23.64742]}, "geometry_name": "geometria", "properties": {"id_foco_bdq": 1814689478, "foco_id": "1b938b2b-a786-38f2-9fd5-5964fa28f5a0", "longitude": -47.99988, "latitude": -23.64742, "data_hora_gmt": "2026-04-19T04:27:00Z", "data_pas": "2026-04-19", "satelite": "NOAA-20", "municipio": "ITAPETININGA", "estado": "SÃO PAULO", "pais": "Brasil", "precipitacao": 0, "numero_dias_sem_chuva": 6, "risco_fogo": 0.66, "bioma": "Cerrado", "id_0": 33, "id_1": 35, "id_2": 3522307, "continente_id": 8, "vegetacao": "Savana; Caatinga aberta", "grade_wrs": "220_076", "frp": 1.5}, "bbox": [-47.99988, -23.64742, -47.99988, -23.64742]}, {"type": "Feature", "id": "focos_48h_br_todosats.fid--211a0569_19dac319c32_6c33", "geometry": {"type": "Point", "coordinates": [-53.05979, -22.76176]}, "geometry_name": "geometria", "properties": {"id_foco_bdq": 1814689510, "foco_id": "ed7cf92b-bca8-3907-80dd-5ea9d381caff", "longitude": -53.05979, "latitude": -22.76176, "data_hora_gmt": "2026-04-19T04:27:00Z", "data_pas": "2026-04-19", "satelite": "NOAA-20", "municipio": "MARILENA", "estado": "PARANÁ", "pais": "Brasil", "precipitacao": 0, "numero_dias_sem_chuva": 3, "risco_fogo": 0.85, "bioma": "Mata Atlântica", "id_0": 33, "id_1": 41, "id_2": 4115002, "continente_id": 8, "vegetacao": "Pastagens e gramíneas", "grade_wrs": "223_076", "frp": 1}, "bbox": [-53.05979, -22.76176, -53.05979, -22.76176]}, {"type": "Feature", "id": "focos_48h_br_todosats.fid--211a0569_19dac319c32_6c34", "geometry": {"type": "Point", "coordinates": [-52.24141, -23.78701]}, "geometry_name": "geometria", "properties": {"id_foco_bdq": 1814689653, "foco_id": "305f0df5-d96e-3360-856a-59287f4dcc7f", "longitude": -52.24141, "latitude": -23.78701, "data_hora_gmt": "2026-04-19T04:27:00Z", "data_pas": "2026-04-19", "satelite": "NOAA-20", "municipio": "ENGENHEIRO BELTRÃO", "estado": "PARANÁ", "pais": "Brasil", "precipitacao": 0, "numero_dias_sem_chuva": 2, "risco_fogo": 0.91, "bioma": "Mata Atlântica", "id_0": 33, "id_1": 41, "id_2": 4107504, "continente_id": 8, "vegetacao": "Agricultura e diversos", "grade_wrs": "223_076", "frp": 0.5}, "bbox": [-52.24141, -23.78701, -52.24141, -23.78701]}, {"type": "Feature", "id": "focos_48h_br_todosats.fid--211a0569_19dac319c32_6c35", "geometry": {"type": "Point", "coordinates": [-47.98727, -23.6425]}, "geometry_name": "geometria", "properties": {"id_foco_bdq": 1814689674, "foco_id": "fbc8f215-cf6a-3ff0-b32e-726d4e51d3c3", "longitude": -47.98727, "latitude": -23.6425, "data_hora_gmt": "2026-04-19T04:27:00Z", "data_pas": "2026-04-19", "satelite": "NOAA-20", "municipio": "ITAPETININGA", "estado": "SÃO PAULO", "pais": "Brasil", "precipitacao": 0, "numero_dias_sem_chuva": 6, "risco_fogo": 0.81, "bioma": "Cerrado", "id_0": 33, "id_1": 35, "id_2": 3522307, "continente_id": 8, "vegetacao": "Agricultura e diversos", "grade_wrs": "220_076", "frp": 0.5}, "bbox": [-47.98727, -23.6425, -47.98727, -23.6425]}, {"type": "Feature", "id": "focos_48h_br_todosats.fid--211a0569_19dac319c32_6c36", "geometry": {"type": "Point", "coordinates": [-51.38217, -27.1254]}, "geometry_name": "geometria", "properties": {"id_foco_bdq": 1814689776, "foco_id": "e9993312-1f6b-315f-9347-98d4b4dd66ef", "longitude": -51.38217, "latitude": -27.1254, "data_hora_gmt": "2026-04-19T04:27:00Z", "data_pas": "2026-04-19", "satelite": "NOAA-20", "municipio": "IBICARÉ", "estado": "SANTA CATARINA", "pais": "Brasil", "precipitacao": 0, "numero_dias_sem_chuva": 3, "risco_fogo": 0.12, "bioma": "Mata Atlântica", "id_0": 33, "id_1": 42, "id_2": 4206801, "continente_id": 8, "vegetacao": "Florestas decíduas e sazonais", "grade_wrs": "222_079", "frp": 0.6}, "bbox": [-51.38217, -27.1254, -51.38217, -27.1254]}, {"type": "Feature", "id": "focos_48h_br_todosats.fid--211a0569_19dac319c32_6c37", "geometry": {"type": "Point", "coordinates": [-50.80135, -27.1076]}, "geometry_name": "geometria", "properties": {"id_foco_bdq": 1814689826, "foco_id": "57430f63-3ebc-3edd-b5c4-28e63c36c2fc", "longitude": -50.80135, "latitude": -27.1076, "data_hora_gmt": "2026-04-19T04:27:00Z", "data_pas": "2026-04-19", "satelite": "NOAA-20", "municipio": "FRAIBURGO", "estado": "SANTA CATARINA", "pais": "Brasil", "precipitacao": 0, "numero_dias_sem_chuva": 3, "risco_fogo": 0.32, "bioma": "Mata Atlântica", "id_0": 33, "id_1": 42, "id_2": 4205506, "continente_id": 8, "vegetacao": "Floresta de contato; Campinarana", "grade_wrs": "221_079", "frp": 0.5}, "bbox": [-50.80135, -27.1076, -50.80135, -27.1076]}, {"type": "Feature", "id": "focos_48h_br_todosats.fid--211a0569_19dac319c32_6c38", "geometry": {"type": "Point", "coordinates": [-49.4437, -25.88029]}, "geometry_name": "geometria", "properties": {"id_foco_bdq": 1814689906, "foco_id": "3f0c3d9f-4211-3a75-8617-b8c4048e0ff2", "longitude": -49.4437, "latitude": -25.88029, "data_hora_gmt": "2026-04-19T04:27:00Z", "data_pas": "2026-04-19", "satelite": "NOAA-20", "municipio": "QUITANDINHA", "estado": "PARANÁ", "pais": "Brasil", "precipitacao": 0, "numero_dias_sem_chuva": 2, "risco_fogo": 0.21, "bioma": "Mata Atlântica", "id_0": 33, "id_1": 41, "id_2": 4121208, "continente_id": 8, "vegetacao": "Floresta Ombrófila densa", "grade_wrs": "220_078", "frp": 0.6}, "bbox": [-49.4437, -25.88029, -49.4437, -25.88029]}, {"type": "Feature", "id": "focos_48h_br_todosats.fid--211a0569_19dac319c32_6c39", "geometry": {"type": "Point", "coordinates": [-49.02951, -25.8805]}, "geometry_name": "geometria", "properties": {"id_foco_bdq": 1814689989, "foco_id": "a1f2d101-19d6-33dd-b6ae-50528d8d8b63", "longitude": -49.02951, "latitude": -25.8805, "data_hora_gmt": "2026-04-19T04:27:00Z", "data_pas": "2026-04-19", "satelite": "NOAA-20", "municipio": "TIJUCAS DO SUL", "estado": "PARANÁ", "pais": "Brasil", "precipitacao": 0, "numero_dias_sem_chuva": 1, "risco_fogo": 0.07, "bioma": "Mata Atlântica", "id_0": 33, "id_1": 41, "id_2": 4127601, "continente_id": 8, "vegetacao": "Floresta Ombrófila densa", "grade_wrs": "220_078", "frp": 0.9}, "bbox": [-49.02951, -25.8805, -49.02951, -25.8805]}, {"type": "Feature", "id": "focos_48h_br_todosats.fid--211a0569_19dac319c32_6c3a", "geometry": {"type": "Point", "coordinates": [-49.39788, -25.17388]}, "geometry_name": "geometria", "properties": {"id_foco_bdq": 1814689992, "foco_id": "e0323600-663b-36a1-8af9-52626cd03c00", "longitude": -49.39788, "latitude": -25.17388, "data_hora_gmt": "2026-04-19T04:27:00Z", "data_pas": "2026-04-19", "satelite": "NOAA-20", "municipio": "RIO BRANCO DO SUL", "estado": "PARANÁ", "pais": "Brasil", "precipitacao": 0, "numero_dias_sem_chuva": 2, "risco_fogo": 0.22, "bioma": "Mata Atlântica", "id_0": 33, "id_1": 41, "id_2": 4122206, "continente_id": 8, "vegetacao": "Floresta Ombrófila densa", "grade_wrs": "221_077", "frp": 1.4}, "bbox": [-49.39788, -25.17388, -49.39788, -25.17388]}, {"type": "Feature", "id": "focos_48h_br_todosats.fid--211a0569_19dac319c32_6c3b", "geometry": {"type": "Point", "coordinates": [-49.3475, -25.0936]}, "geometry_name": "geometria", "properties": {"id_foco_bdq": 1814690596, "foco_id": "ebc2446e-775a-3430-b01e-6603cc7929c5", "longitude": -49.3475, "latitude": -25.0936, "data_hora_gmt": "2026-04-19T04:27:00Z", "data_pas": "2026-04-19", "satelite": "NOAA-20", "municipio": "RIO BRANCO DO SUL", "estado": "PARANÁ", "pais": "Brasil", "precipitacao": 0, "numero_dias_sem_chuva": 2, "risco_fogo": 0.23, "bioma": "Mata Atlântica", "id_0": 33, "id_1": 41, "id_2": 4122206, "continente_id": 8, "vegetacao": "Floresta Ombrófila densa", "grade_wrs": "221_077", "frp": 2.4}, "bbox": [-49.3475, -25.0936, -49.3475, -25.0936]}, {"type": "Feature", "id": "focos_48h_br_todosats.fid--211a0569_19dac319c32_6c3c", "geometry": {"type": "Point", "coordinates": [-53.57309, -27.36258]}, "geometry_name": "geometria", "properties": {"id_foco_bdq": 1814690628, "foco_id": "d94f39ef-9772-30ed-8948-831be978ce66", "longitude": -53.57309, "latitude": -27.36258, "data_hora_gmt": "2026-04-19T04:27:00Z", "data_pas": "2026-04-19", "satelite": "NOAA-20", "municipio": "PALMITINHO", "estado": "RIO GRANDE DO SUL", "pais": "Brasil", "precipitacao": 0, "numero_dias_sem_chuva": 3, "risco_fogo": 0.86, "bioma": "Mata Atlântica", "id_0": 33, "id_1": 43, "id_2": 4313805, "continente_id": 8, "vegetacao": "Agricultura e diversos", "grade_wrs": "223_079", "frp": 0.4}, "bbox": [-53.57309, -27.36258, -53.57309, -27.36258]}, {"type": "Feature", "id": "focos_48h_br_todosats.fid--211a0569_19dac319c32_6c3d", "geometry": {"type": "Point", "coordinates": [-49.34687, -25.09029]}, "geometry_name": "geometria", "properties": {"id_foco_bdq": 1814690941, "foco_id": "cbc17dba-6dca-39c7-9d50-b23528041ee0", "longitude": -49.34687, "latitude": -25.09029, "data_hora_gmt": "2026-04-19T04:27:00Z", "data_pas": "2026-04-19", "satelite": "NOAA-20", "municipio": "RIO BRANCO DO SUL", "estado": "PARANÁ", "pais": "Brasil", "precipitacao": 0, "numero_dias_sem_chuva": 2, "risco_fogo": 0.23, "bioma": "Mata Atlântica", "id_0": 33, "id_1": 41, "id_2": 4122206, "continente_id": 8, "vegetacao": "Floresta Ombrófila densa", "grade_wrs": "221_077", "frp": 0.3}, "bbox": [-49.34687, -25.09029, -49.34687, -25.09029]}, {"type": "Feature", "id": "focos_48h_br_todosats.fid--211a0569_19dac319c32_6c3e", "geometry": {"type": "Point", "coordinates": [-48.67879, -28.061]}, "geometry_name": "geometria", "properties": {"id_foco_bdq": 1814690944, "foco_id": "fc95744f-0771-3b3c-afcd-92f5d4c695d1", "longitude": -48.67879, "latitude": -28.061, "data_hora_gmt": "2026-04-19T04:27:00Z", "data_pas": "2026-04-19", "satelite": "NOAA-20", "municipio": "GAROPABA", "estado": "SANTA CATARINA", "pais": "Brasil", "precipitacao": 0, "numero_dias_sem_chuva": 3, "risco_fogo": 0.16, "bioma": "Mata Atlântica", "id_0": 33, "id_1": 42, "id_2": 4205704, "continente_id": 8, "vegetacao": "Florestas decíduas e sazonais", "grade_wrs": "220_079", "frp": 0.5}, "bbox": [-48.67879, -28.061, -48.67879, -28.061]}, {"type": "Feature", "id": "focos_48h_br_todosats.fid--211a0569_19dac319c32_6c3f", "geometry": {"type": "Point", "coordinates": [-50.91518, -25.08468]}, "geometry_name": "geometria", "properties": {"id_foco_bdq": 1814690946, "foco_id": "a34368d2-ac0d-3ea7-8714-f81663db4081", "longitude": -50.91518, "latitude": -25.08468, "data_hora_gmt": "2026-04-19T04:27:00Z", "data_pas": "2026-04-19", "satelite": "NOAA-20", "municipio": "GUAMIRANGA", "estado": "PARANÁ", "pais": "Brasil", "precipitacao": 0, "numero_dias_sem_chuva": 0, "risco_fogo": 0.45, "bioma": "Mata Atlântica", "id_0": 33, "id_1": 41, "id_2": 4108957, "continente_id": 8, "vegetacao": "Savana arbórea; Caatinga fechada", "grade_wrs": "222_077", "frp": 1.6}, "bbox": [-50.91518, -25.08468, -50.91518, -25.08468]}, {"type": "Feature", "id": "focos_48h_br_todosats.fid--211a0569_19dac319c32_6c40", "geometry": {"type": "Point", "coordinates": [-55.18444, -23.2704]}, "geometry_name": "geometria", "properties": {"id_foco_bdq": 1814691261, "foco_id": "480c658d-21e8-35b3-8c8f-8abfe0883124", "longitude": -55.18444, "latitude": -23.2704, "data_hora_gmt": "2026-04-19T04:27:00Z", "data_pas": "2026-04-19", "satelite": "NOAA-20", "municipio": "AMAMBAI", "estado": "MATO GROSSO DO SUL", "pais": "Brasil", "precipitacao": 0.03, "numero_dias_sem_chuva": 3, "risco_fogo": 0.86, "bioma": "Mata Atlântica", "id_0": 33, "id_1": 50, "id_2": 5000609, "continente_id": 8, "vegetacao": "Pastagens e gramíneas", "grade_wrs": "225_076", "frp": 2.4}, "bbox": [-55.18444, -23.2704, -55.18444, -23.2704]}, {"type": "Feature", "id": "focos_48h_br_todosats.fid--211a0569_19dac319c32_6c41", "geometry": {"type": "Point", "coordinates": [-52.24285, -23.78575]}, "geometry_name": "geometria", "properties": {"id_foco_bdq": 1814691319, "foco_id": "c7cd66f6-88d4-3fcf-9355-e713d6494c13", "longitude": -52.24285, "latitude": -23.78575, "data_hora_gmt": "2026-04-19T04:27:00Z", "data_pas": "2026-04-19", "satelite": "NOAA-20", "municipio": "ENGENHEIRO BELTRÃO", "estado": "PARANÁ", "pais": "Brasil", "precipitacao": 0, "numero_dias_sem_chuva": 2, "risco_fogo": 0.91, "bioma": "Mata Atlântica", "id_0": 33, "id_1": 41, "id_2": 4107504, "continente_id": 8, "vegetacao": "Agricultura e diversos", "grade_wrs": "223_076", "frp": 1.9}, "bbox": [-52.24285, -23.78575, -52.24285, -23.78575]}, {"type": "Feature", "id": "focos_48h_br_todosats.fid--211a0569_19dac319c32_6c42", "geometry": {"type": "Point", "coordinates": [-47.98787, -23.64583]}, "geometry_name": "geometria", "properties": {"id_foco_bdq": 1814691323, "foco_id": "3280dedd-9a9b-3c43-a93b-260d0cdcb109", "longitude": -47.98787, "latitude": -23.64583, "data_hora_gmt": "2026-04-19T04:27:00Z", "data_pas": "2026-04-19", "satelite": "NOAA-20", "municipio": "ITAPETININGA", "estado": "SÃO PAULO", "pais": "Brasil", "precipitacao": 0, "numero_dias_sem_chuva": 6, "risco_fogo": 0.76, "bioma": "Cerrado", "id_0": 33, "id_1": 35, "id_2": 3522307, "continente_id": 8, "vegetacao": "Savana; Caatinga aberta", "grade_wrs": "220_076", "frp": 0.5}, "bbox": [-47.98787, -23.64583, -47.98787, -23.64583]}, {"type": "Feature", "id": "focos_48h_br_todosats.fid--211a0569_19dac319c32_6c43", "geometry": {"type": "Point", "coordinates": [-55.18337, -23.26617]}, "geometry_name": "geometria", "properties": {"id_foco_bdq": 1814691415, "foco_id": "425cf0cb-0968-3314-a311-637c96fa7704", "longitude": -55.18337, "latitude": -23.26617, "data_hora_gmt": "2026-04-19T04:27:00Z", "data_pas": "2026-04-19", "satelite": "NOAA-20", "municipio": "AMAMBAI", "estado": "MATO GROSSO DO SUL", "pais": "Brasil", "precipitacao": 0, "numero_dias_sem_chuva": 3, "risco_fogo": 0.85, "bioma": "Mata Atlântica", "id_0": 33, "id_1": 50, "id_2": 5000609, "continente_id": 8, "vegetacao": "Pastagens e gramíneas", "grade_wrs": "225_076", "frp": 1.5}, "bbox": [-55.18337, -23.26617, -55.18337, -23.26617]}, {"type": "Feature", "id": "focos_48h_br_todosats.fid--211a0569_19dac319c32_6c44", "geometry": {"type": "Point", "coordinates": [-55.30184, -11.36209]}, "geometry_name": "geometria", "properties": {"id_foco_bdq": 1814695397, "foco_id": "73bde373-ba49-32fd-b7aa-9030ba76288d", "longitude": -55.30184, "latitude": -11.36209, "data_hora_gmt": "2026-04-19T05:12:00Z", "data_pas": "2026-04-19", "satelite": "NOAA-21", "municipio": "CLÁUDIA", "estado": "MATO GROSSO", "pais": "Brasil", "precipitacao": 1.79, "numero_dias_sem_chuva": 2, "risco_fogo": 0.1, "bioma": "Amazônia", "id_0": 33, "id_1": 51, "id_2": 5103056, "continente_id": 8, "vegetacao": "Pastagens e gramíneas", "grade_wrs": "226_068", "frp": 1.5}, "bbox": [-55.30184, -11.36209, -55.30184, -11.36209]}, {"type": "Feature", "id": "focos_48h_br_todosats.fid--211a0569_19dac319c32_6c45", "geometry": {"type": "Point", "coordinates": [-55.30128, -11.35851]}, "geometry_name": "geometria", "properties": {"id_foco_bdq": 1814695105, "foco_id": "b3c9d673-5b19-3f65-8d5c-9cb244781592", "longitude": -55.30128, "latitude": -11.35851, "data_hora_gmt": "2026-04-19T05:12:00Z", "data_pas": "2026-04-19", "satelite": "NOAA-21", "municipio": "CLÁUDIA", "estado": "MATO GROSSO", "pais": "Brasil", "precipitacao": 1.79, "numero_dias_sem_chuva": 2, "risco_fogo": 0.11, "bioma": "Amazônia", "id_0": 33, "id_1": 51, "id_2": 5103056, "continente_id": 8, "vegetacao": "Pastagens e gramíneas", "grade_wrs": "226_068", "frp": 1.5}, "bbox": [-55.30128, -11.35851, -55.30128, -11.35851]}, {"type": "Feature", "id": "focos_48h_br_todosats.fid--211a0569_19dac319c32_6c46", "geometry": {"type": "Point", "coordinates": [-55.30856, -11.35013]}, "geometry_name": "geometria", "properties": {"id_foco_bdq": 1814696262, "foco_id": "8720a14b-a26a-3a32-beb3-f0c6f809a833", "longitude": -55.30856, "latitude": -11.35013, "data_hora_gmt": "2026-04-19T05:12:00Z", "data_pas": "2026-04-19", "satelite": "NOAA-21", "municipio": "CLÁUDIA", "estado": "MATO GROSSO", "pais": "Brasil", "precipitacao": 1.76, "numero_dias_sem_chuva": 2, "risco_fogo": 0.12, "bioma": "Amazônia", "id_0": 33, "id_1": 51, "id_2": 5103056, "continente_id": 8, "vegetacao": "Pastagens e gramíneas", "grade_wrs": "226_068", "frp": 3}, "bbox": [-55.30856, -11.35013, -55.30856, -11.35013]}, {"type": "Feature", "id": "focos_48h_br_todosats.fid--211a0569_19dac319c32_6c47", "geometry": {"type": "Point", "coordinates": [-55.30547, -11.35791]}, "geometry_name": "geometria", "properties": {"id_foco_bdq": 1814695288, "foco_id": "bc1ba4a8-90cc-3b84-b964-56c748d97211", "longitude": -55.30547, "latitude": -11.35791, "data_hora_gmt": "2026-04-19T05:12:00Z", "data_pas": "2026-04-19", "satelite": "NOAA-21", "municipio": "CLÁUDIA", "estado": "MATO GROSSO", "pais": "Brasil", "precipitacao": 1.76, "numero_dias_sem_chuva": 2, "risco_fogo": 0.1, "bioma": "Amazônia", "id_0": 33, "id_1": 51, "id_2": 5103056, "continente_id": 8, "vegetacao": "Pastagens e gramíneas", "grade_wrs": "226_068", "frp": 1.8}, "bbox": [-55.30547, -11.35791, -55.30547, -11.35791]}, {"type": "Feature", "id": "focos_48h_br_todosats.fid--211a0569_19dac319c32_6c48", "geometry": {"type": "Point", "coordinates": [-50.76474, -17.51527]}, "geometry_name": "geometria", "properties": {"id_foco_bdq": 1814697092, "foco_id": "210c8d7e-4db8-3fb0-91fb-169036191f38", "longitude": -50.76474, "latitude": -17.51527, "data_hora_gmt": "2026-04-19T05:14:00Z", "data_pas": "2026-04-19", "satelite": "NOAA-21", "municipio": "RIO VERDE", "estado": "GOIÁS", "pais": "Brasil", "precipitacao": 0, "numero_dias_sem_chuva": 10, "risco_fogo": 1, "bioma": "Cerrado", "id_0": 33, "id_1": 52, "id_2": 5218805, "continente_id": 8, "vegetacao": "Pastagens e gramíneas", "grade_wrs": "223_072", "frp": 1}, "bbox": [-50.76474, -17.51527, -50.76474, -17.51527]}, {"type": "Feature", "id": "focos_48h_br_todosats.fid--211a0569_19dac319c32_6c49", "geometry": {"type": "Point", "coordinates": [-50.76158, -17.50897]}, "geometry_name": "geometria", "properties": {"id_foco_bdq": 1814696853, "foco_id": "a1fc7f11-47ec-3c2b-8460-0003dcb89009", "longitude": -50.76158, "latitude": -17.50897, "data_hora_gmt": "2026-04-19T05:14:00Z", "data_pas": "2026-04-19", "satelite": "NOAA-21", "municipio": "RIO VERDE", "estado": "GOIÁS", "pais": "Brasil", "precipitacao": 0, "numero_dias_sem_chuva": 10, "risco_fogo": 0.56, "bioma": "Cerrado", "id_0": 33, "id_1": 52, "id_2": 5218805, "continente_id": 8, "vegetacao": "Savana arbórea; Caatinga fechada", "grade_wrs": "223_072", "frp": 2.6}, "bbox": [-50.76158, -17.50897, -50.76158, -17.50897]}, {"type": "Feature", "id": "focos_48h_br_todosats.fid--211a0569_19dac319c32_6c4a", "geometry": {"type": "Point", "coordinates": [-56.05893, -19.09567]}, "geometry_name": "geometria", "properties": {"id_foco_bdq": 1814696004, "foco_id": "927f1a00-6d21-32c4-92d2-084ed5bdfbac", "longitude": -56.05893, "latitude": -19.09567, "data_hora_gmt": "2026-04-19T05:14:00Z", "data_pas": "2026-04-19", "satelite": "NOAA-21", "municipio": "CORUMBÁ", "estado": "MATO GROSSO DO SUL", "pais": "Brasil", "precipitacao": 0, "numero_dias_sem_chuva": 0, "risco_fogo": 0.31, "bioma": "Pantanal", "id_0": 33, "id_1": 50, "id_2": 5003207, "continente_id": 8, "vegetacao": "Savana; Caatinga aberta", "grade_wrs": "226_073", "frp": 1.4}, "bbox": [-56.05893, -19.09567, -56.05893, -19.09567]}, {"type": "Feature", "id": "focos_48h_br_todosats.fid--211a0569_19dac319c32_6c4b", "geometry": {"type": "Point", "coordinates": [-56.06006, -19.10322]}, "geometry_name": "geometria", "properties": {"id_foco_bdq": 1814694659, "foco_id": "b350b08b-eb62-33f8-b80a-b69ae66a0708", "longitude": -56.06006, "latitude": -19.10322, "data_hora_gmt": "2026-04-19T05:14:00Z", "data_pas": "2026-04-19", "satelite": "NOAA-21", "municipio": "CORUMBÁ", "estado": "MATO GROSSO DO SUL", "pais": "Brasil", "precipitacao": 0, "numero_dias_sem_chuva": 0, "risco_fogo": 0.13, "bioma": "Pantanal", "id_0": 33, "id_1": 50, "id_2": 5003207, "continente_id": 8, "vegetacao": "Florestas decíduas e sazonais", "grade_wrs": "226_073", "frp": 2.6}, "bbox": [-56.06006, -19.10322, -56.06006, -19.10322]}, {"type": "Feature", "id": "focos_48h_br_todosats.fid--211a0569_19dac319c32_6c4c", "geometry": {"type": "Point", "coordinates": [-50.76413, -17.51007]}, "geometry_name": "geometria", "properties": {"id_foco_bdq": 1814696089, "foco_id": "ed213711-7d32-32a4-b939-b0b2eb8169da", "longitude": -50.76413, "latitude": -17.51007, "data_hora_gmt": "2026-04-19T05:14:00Z", "data_pas": "2026-04-19", "satelite": "NOAA-21", "municipio": "RIO VERDE", "estado": "GOIÁS", "pais": "Brasil", "precipitacao": 0, "numero_dias_sem_chuva": 10, "risco_fogo": 0.72, "bioma": "Cerrado", "id_0": 33, "id_1": 52, "id_2": 5218805, "continente_id": 8, "vegetacao": "Agricultura e diversos", "grade_wrs": "223_072", "frp": 1}, "bbox": [-50.76413, -17.51007, -50.76413, -17.51007]}, {"type": "Feature", "id": "focos_48h_br_todosats.fid--211a0569_19dac319c32_6c4d", "geometry": {"type": "Point", "coordinates": [-50.76079, -17.5038]}, "geometry_name": "geometria", "properties": {"id_foco_bdq": 1814697102, "foco_id": "74226b1c-9612-3cca-b4ec-3353b5d648ca", "longitude": -50.76079, "latitude": -17.5038, "data_hora_gmt": "2026-04-19T05:14:00Z", "data_pas": "2026-04-19", "satelite": "NOAA-21", "municipio": "RIO VERDE", "estado": "GOIÁS", "pais": "Brasil", "precipitacao": 0, "numero_dias_sem_chuva": 10, "risco_fogo": 0.32, "bioma": "Cerrado", "id_0": 33, "id_1": 52, "id_2": 5218805, "continente_id": 8, "vegetacao": "Floresta de contato; Campinarana", "grade_wrs": "223_072", "frp": 1.7}, "bbox": [-50.76079, -17.5038, -50.76079, -17.5038]}, {"type": "Feature", "id": "focos_48h_br_todosats.fid--211a0569_19dac319c32_6c4e", "geometry": {"type": "Point", "coordinates": [-56.05949, -19.09945]}, "geometry_name": "geometria", "properties": {"id_foco_bdq": 1814694521, "foco_id": "dd5b0369-e4a1-3052-8814-242da93da327", "longitude": -56.05949, "latitude": -19.09945, "data_hora_gmt": "2026-04-19T05:14:00Z", "data_pas": "2026-04-19", "satelite": "NOAA-21", "municipio": "CORUMBÁ", "estado": "MATO GROSSO DO SUL", "pais": "Brasil", "precipitacao": 0, "numero_dias_sem_chuva": 0, "risco_fogo": 0.22, "bioma": "Pantanal", "id_0": 33, "id_1": 50, "id_2": 5003207, "continente_id": 8, "vegetacao": "Savana arbórea; Caatinga fechada", "grade_wrs": "226_073", "frp": 1.4}, "bbox": [-56.05949, -19.09945, -56.05949, -19.09945]}, {"type": "Feature", "id": "focos_48h_br_todosats.fid--211a0569_19dac319c32_6c4f", "geometry": {"type": "Point", "coordinates": [-50.76428, -17.5034]}, "geometry_name": "geometria", "properties": {"id_foco_bdq": 1814696501, "foco_id": "b97b90ec-5979-32e7-9da5-3d93c75f5a66", "longitude": -50.76428, "latitude": -17.5034, "data_hora_gmt": "2026-04-19T05:14:00Z", "data_pas": "2026-04-19", "satelite": "NOAA-21", "municipio": "RIO VERDE", "estado": "GOIÁS", "pais": "Brasil", "precipitacao": 0, "numero_dias_sem_chuva": 9, "risco_fogo": 0.53, "bioma": "Cerrado", "id_0": 33, "id_1": 52, "id_2": 5218805, "continente_id": 8, "vegetacao": "Savana arbórea; Caatinga fechada", "grade_wrs": "223_072", "frp": 1.7}, "bbox": [-50.76428, -17.5034, -50.76428, -17.5034]}, {"type": "Feature", "id": "focos_48h_br_todosats.fid--211a0569_19dac319c32_6c50", "geometry": {"type": "Point", "coordinates": [-55.18476, -23.27279]}, "geometry_name": "geometria", "properties": {"id_foco_bdq": 1814694409, "foco_id": "09f30981-b3e2-32d2-93a7-91a1da6da8e2", "longitude": -55.18476, "latitude": -23.27279, "data_hora_gmt": "2026-04-19T05:16:00Z", "data_pas": "2026-04-19", "satelite": "NOAA-21", "municipio": "AMAMBAI", "estado": "MATO GROSSO DO SUL", "pais": "Brasil", "precipitacao": 0.04, "numero_dias_sem_chuva": 3, "risco_fogo": 0.86, "bioma": "Mata Atlântica", "id_0": 33, "id_1": 50, "id_2": 5000609, "continente_id": 8, "vegetacao": "Pastagens e gramíneas", "grade_wrs": "225_076", "frp": 1.8}, "bbox": [-55.18476, -23.27279, -55.18476, -23.27279]}, {"type": "Feature", "id": "focos_48h_br_todosats.fid--211a0569_19dac319c32_6c51", "geometry": {"type": "Point", "coordinates": [-55.18007, -23.26906]}, "geometry_name": "geometria", "properties": {"id_foco_bdq": 1814695017, "foco_id": "1fbba23c-95d3-355d-b6c1-99e7556645e7", "longitude": -55.18007, "latitude": -23.26906, "data_hora_gmt": "2026-04-19T05:16:00Z", "data_pas": "2026-04-19", "satelite": "NOAA-21", "municipio": "AMAMBAI", "estado": "MATO GROSSO DO SUL", "pais": "Brasil", "precipitacao": 0, "numero_dias_sem_chuva": 3, "risco_fogo": 0.86, "bioma": "Mata Atlântica", "id_0": 33, "id_1": 50, "id_2": 5000609, "continente_id": 8, "vegetacao": "Pastagens e gramíneas", "grade_wrs": "225_076", "frp": 0.9}, "bbox": [-55.18007, -23.26906, -55.18007, -23.26906]}, {"type": "Feature", "id": "focos_48h_br_todosats.fid--211a0569_19dac319c32_6c52", "geometry": {"type": "Point", "coordinates": [-51.70887, -20.62744]}, "geometry_name": "geometria", "properties": {"id_foco_bdq": 1814696094, "foco_id": "a4ae7385-8e34-39c0-b3c9-8e7c2456fafd", "longitude": -51.70887, "latitude": -20.62744, "data_hora_gmt": "2026-04-19T05:16:00Z", "data_pas": "2026-04-19", "satelite": "NOAA-21", "municipio": "TRÊS LAGOAS", "estado": "MATO GROSSO DO SUL", "pais": "Brasil", "precipitacao": 0, "numero_dias_sem_chuva": 0, "risco_fogo": 0.84, "bioma": "Cerrado", "id_0": 33, "id_1": 50, "id_2": 5008305, "continente_id": 8, "vegetacao": "Pastagens e gramíneas", "grade_wrs": "223_074", "frp": 1.3}, "bbox": [-51.70887, -20.62744, -51.70887, -20.62744]}, {"type": "Feature", "id": "focos_48h_br_todosats.fid--211a0569_19dac319c32_6c53", "geometry": {"type": "Point", "coordinates": [-55.18422, -23.26858]}, "geometry_name": "geometria", "properties": {"id_foco_bdq": 1814696098, "foco_id": "e62a129c-0715-31a4-8856-18ff27c0d7b0", "longitude": -55.18422, "latitude": -23.26858, "data_hora_gmt": "2026-04-19T05:16:00Z", "data_pas": "2026-04-19", "satelite": "NOAA-21", "municipio": "AMAMBAI", "estado": "MATO GROSSO DO SUL", "pais": "Brasil", "precipitacao": 0.02, "numero_dias_sem_chuva": 3, "risco_fogo": 0.85, "bioma": "Mata Atlântica", "id_0": 33, "id_1": 50, "id_2": 5000609, "continente_id": 8, "vegetacao": "Pastagens e gramíneas", "grade_wrs": "225_076", "frp": 1.7}, "bbox": [-55.18422, -23.26858, -55.18422, -23.26858]}, {"type": "Feature", "id": "focos_48h_br_todosats.fid--211a0569_19dac319c32_6c54", "geometry": {"type": "Point", "coordinates": [-55.18062, -23.27327]}, "geometry_name": "geometria", "properties": {"id_foco_bdq": 1814696116, "foco_id": "64fbaf16-f1c4-3a14-be45-780b7141d55e", "longitude": -55.18062, "latitude": -23.27327, "data_hora_gmt": "2026-04-19T05:16:00Z", "data_pas": "2026-04-19", "satelite": "NOAA-21", "municipio": "AMAMBAI", "estado": "MATO GROSSO DO SUL", "pais": "Brasil", "precipitacao": 0.01, "numero_dias_sem_chuva": 3, "risco_fogo": 0.87, "bioma": "Mata Atlântica", "id_0": 33, "id_1": 50, "id_2": 5000609, "continente_id": 8, "vegetacao": "Pastagens e gramíneas", "grade_wrs": "225_076", "frp": 0.8}, "bbox": [-55.18062, -23.27327, -55.18062, -23.27327]}, {"type": "Feature", "id": "focos_48h_br_todosats.fid--211a0569_19dac319c32_6c55", "geometry": {"type": "Point", "coordinates": [-51.70257, -20.62808]}, "geometry_name": "geometria", "properties": {"id_foco_bdq": 1814696935, "foco_id": "2dfc82c7-60aa-3780-844c-59beb81c9c84", "longitude": -51.70257, "latitude": -20.62808, "data_hora_gmt": "2026-04-19T05:16:00Z", "data_pas": "2026-04-19", "satelite": "NOAA-21", "municipio": "TRÊS LAGOAS", "estado": "MATO GROSSO DO SUL", "pais": "Brasil", "precipitacao": 0, "numero_dias_sem_chuva": 0, "risco_fogo": 0.8, "bioma": "Cerrado", "id_0": 33, "id_1": 50, "id_2": 5008305, "continente_id": 8, "vegetacao": "Pastagens e gramíneas", "grade_wrs": "223_074", "frp": 0.9}, "bbox": [-51.70257, -20.62808, -51.70257, -20.62808]}, {"type": "Feature", "id": "focos_48h_br_todosats.fid--211a0569_19dac319c32_6c56", "geometry": {"type": "Point", "coordinates": [-51.09819, -29.76743]}, "geometry_name": "geometria", "properties": {"id_foco_bdq": 1814695190, "foco_id": "2a10c6e8-1335-3a46-a5f2-d9fbd46043b0", "longitude": -51.09819, "latitude": -29.76743, "data_hora_gmt": "2026-04-19T05:18:00Z", "data_pas": "2026-04-19", "satelite": "NOAA-21", "municipio": "SÃO LEOPOLDO", "estado": "RIO GRANDE DO SUL", "pais": "Brasil", "precipitacao": 0, "numero_dias_sem_chuva": 3, "risco_fogo": -999, "bioma": "Pampa", "id_0": 33, "id_1": 43, "id_2": 4318705, "continente_id": 8, "vegetacao": "Corpos agua/Solos expostos/Mineracao/Areas urbanas e construidas/neve e gelo", "grade_wrs": "221_081", "frp": 2.7}, "bbox": [-51.09819, -29.76743, -51.09819, -29.76743]}, {"type": "Feature", "id": "focos_48h_br_todosats.fid--211a0569_19dac319c32_6c57", "geometry": {"type": "Point", "coordinates": [-51.09782, -29.76702]}, "geometry_name": "geometria", "properties": {"id_foco_bdq": 1814695528, "foco_id": "c0214726-7197-34ed-a592-e7d5cd2ec691", "longitude": -51.09782, "latitude": -29.76702, "data_hora_gmt": "2026-04-19T05:18:00Z", "data_pas": "2026-04-19", "satelite": "NOAA-21", "municipio": "SÃO LEOPOLDO", "estado": "RIO GRANDE DO SUL", "pais": "Brasil", "precipitacao": 0, "numero_dias_sem_chuva": 3, "risco_fogo": -999, "bioma": "Pampa", "id_0": 33, "id_1": 43, "id_2": 4318705, "continente_id": 8, "vegetacao": "Corpos agua/Solos expostos/Mineracao/Areas urbanas e construidas/neve e gelo", "grade_wrs": "221_081", "frp": 1.7}, "bbox": [-51.09782, -29.76702, -51.09782, -29.76702]}, {"type": "Feature", "id": "focos_48h_br_todosats.fid--211a0569_19dac319c32_6c58", "geometry": {"type": "Point", "coordinates": [-51.09874, -29.77283]}, "geometry_name": "geometria", "properties": {"id_foco_bdq": 1814694714, "foco_id": "225328b5-2c62-3667-905e-8c659e8c9f37", "longitude": -51.09874, "latitude": -29.77283, "data_hora_gmt": "2026-04-19T05:18:00Z", "data_pas": "2026-04-19", "satelite": "NOAA-21", "municipio": "SÃO LEOPOLDO", "estado": "RIO GRANDE DO SUL", "pais": "Brasil", "precipitacao": 0, "numero_dias_sem_chuva": 3, "risco_fogo": -999, "bioma": "Pampa", "id_0": 33, "id_1": 43, "id_2": 4318705, "continente_id": 8, "vegetacao": "Corpos agua/Solos expostos/Mineracao/Areas urbanas e construidas/neve e gelo", "grade_wrs": "221_081", "frp": 1.2}, "bbox": [-51.09874, -29.77283, -51.09874, -29.77283]}, {"type": "Feature", "id": "focos_48h_br_todosats.fid--211a0569_19dac319c32_6c59", "geometry": {"type": "Point", "coordinates": [-55.18198, -23.26647]}, "geometry_name": "geometria", "properties": {"id_foco_bdq": 1814699534, "foco_id": "8549871c-d6dc-3ecd-8e9c-703497d639a9", "longitude": -55.18198, "latitude": -23.26647, "data_hora_gmt": "2026-04-19T05:48:00Z", "data_pas": "2026-04-19", "satelite": "NPP-375D", "municipio": "AMAMBAI", "estado": "MATO GROSSO DO SUL", "pais": "Brasil", "precipitacao": 0, "numero_dias_sem_chuva": 3, "risco_fogo": 0.85, "bioma": "Mata Atlântica", "id_0": 33, "id_1": 50, "id_2": 5000609, "continente_id": 8, "vegetacao": "Pastagens e gramíneas", "grade_wrs": "225_076", "frp": 0.8}, "bbox": [-55.18198, -23.26647, -55.18198, -23.26647]}, {"type": "Feature", "id": "focos_48h_br_todosats.fid--211a0569_19dac319c32_6c5a", "geometry": {"type": "Point", "coordinates": [-55.18242, -23.27287]}, "geometry_name": "geometria", "properties": {"id_foco_bdq": 1814702824, "foco_id": "e77e4f09-f7d0-3cdb-b1d6-0378c05a31a8", "longitude": -55.18242, "latitude": -23.27287, "data_hora_gmt": "2026-04-19T05:48:00Z", "data_pas": "2026-04-19", "satelite": "NPP-375D", "municipio": "AMAMBAI", "estado": "MATO GROSSO DO SUL", "pais": "Brasil", "precipitacao": 0.02, "numero_dias_sem_chuva": 3, "risco_fogo": 0.86, "bioma": "Mata Atlântica", "id_0": 33, "id_1": 50, "id_2": 5000609, "continente_id": 8, "vegetacao": "Pastagens e gramíneas", "grade_wrs": "225_076", "frp": 0.9}, "bbox": [-55.18242, -23.27287, -55.18242, -23.27287]}, {"type": "Feature", "id": "focos_48h_br_todosats.fid--211a0569_19dac319c32_6c5b", "geometry": {"type": "Point", "coordinates": [-40.17273, -19.49741]}, "geometry_name": "geometria", "properties": {"id_foco_bdq": 1814731487, "foco_id": "55fbd34e-8e11-3eda-8d72-f30e7dcd35c4", "longitude": -40.17273, "latitude": -19.49741, "data_hora_gmt": "2026-04-19T11:45:00Z", "data_pas": "2026-04-19", "satelite": "TERRA_M-M", "municipio": "LINHARES", "estado": "ESPÍRITO SANTO", "pais": "Brasil", "precipitacao": 10.88, "numero_dias_sem_chuva": 4, "risco_fogo": 0.04, "bioma": "Mata Atlântica", "id_0": 33, "id_1": 32, "id_2": 3203205, "continente_id": 8, "vegetacao": "Agricultura e diversos", "grade_wrs": "215_074", "frp": 11.1}, "bbox": [-40.17273, -19.49741, -40.17273, -19.49741]}, {"type": "Feature", "id": "focos_48h_br_todosats.fid--211a0569_19dac319c32_6c5c", "geometry": {"type": "Point", "coordinates": [-46.02219, -17.79688]}, "geometry_name": "geometria", "properties": {"id_foco_bdq": 1814731317, "foco_id": "d745b729-013b-389e-b454-225e5fdb7103", "longitude": -46.02219, "latitude": -17.79688, "data_hora_gmt": "2026-04-19T11:45:00Z", "data_pas": "2026-04-19", "satelite": "TERRA_M-M", "municipio": "JOÃO PINHEIRO", "estado": "MINAS GERAIS", "pais": "Brasil", "precipitacao": 0, "numero_dias_sem_chuva": 5, "risco_fogo": 0.31, "bioma": "Cerrado", "id_0": 33, "id_1": 31, "id_2": 3136306, "continente_id": 8, "vegetacao": "Savana; Caatinga aberta", "grade_wrs": "219_072", "frp": 3.7}, "bbox": [-46.02219, -17.79688, -46.02219, -17.79688]}, {"type": "Feature", "id": "focos_48h_br_todosats.fid--211a0569_19dac319c32_6c5d", "geometry": {"type": "Point", "coordinates": [-40.35952, -19.77371]}, "geometry_name": "geometria", "properties": {"id_foco_bdq": 1814731373, "foco_id": "a18fcbac-d723-35b7-9f28-eff9b2d5c972", "longitude": -40.35952, "latitude": -19.77371, "data_hora_gmt": "2026-04-19T11:47:00Z", "data_pas": "2026-04-19", "satelite": "TERRA_M-M", "municipio": "IBIRAÇU", "estado": "ESPÍRITO SANTO", "pais": "Brasil", "precipitacao": 19.69, "numero_dias_sem_chuva": 0, "risco_fogo": 0, "bioma": "Mata Atlântica", "id_0": 33, "id_1": 32, "id_2": 3202504, "continente_id": 8, "vegetacao": "Pastagens e gramíneas", "grade_wrs": "216_074", "frp": 9}, "bbox": [-40.35952, -19.77371, -40.35952, -19.77371]}, {"type": "Feature", "id": "focos_48h_br_todosats.fid--211a0569_19dac319c32_6c5e", "geometry": {"type": "Point", "coordinates": [-43.51004, -20.53104]}, "geometry_name": "geometria", "properties": {"id_foco_bdq": 1814731728, "foco_id": "1e3ed98d-7501-3fb9-a6e0-de84ee11bb7e", "longitude": -43.51004, "latitude": -20.53104, "data_hora_gmt": "2026-04-19T11:47:00Z", "data_pas": "2026-04-19", "satelite": "TERRA_M-M", "municipio": "OURO PRETO", "estado": "MINAS GERAIS", "pais": "Brasil", "precipitacao": 0.24, "numero_dias_sem_chuva": 2, "risco_fogo": 0.05, "bioma": "Mata Atlântica", "id_0": 33, "id_1": 31, "id_2": 3146107, "continente_id": 8, "vegetacao": "Floresta Ombrófila densa", "grade_wrs": "217_074", "frp": 4.5}, "bbox": [-43.51004, -20.53104, -43.51004, -20.53104]}, {"type": "Feature", "id": "focos_48h_br_todosats.fid--211a0569_19dac319c32_6c5f", "geometry": {"type": "Point", "coordinates": [-40.37627, -19.77183]}, "geometry_name": "geometria", "properties": {"id_foco_bdq": 1814732300, "foco_id": "6ba5d8ab-a693-3491-afb0-f6f6ed004595", "longitude": -40.37627, "latitude": -19.77183, "data_hora_gmt": "2026-04-19T11:47:00Z", "data_pas": "2026-04-19", "satelite": "TERRA_M-M", "municipio": "JOÃO NEIVA", "estado": "ESPÍRITO SANTO", "pais": "Brasil", "precipitacao": 20.33, "numero_dias_sem_chuva": 0, "risco_fogo": 0, "bioma": "Mata Atlântica", "id_0": 33, "id_1": 32, "id_2": 3203130, "continente_id": 8, "vegetacao": "Savana arbórea; Caatinga fechada", "grade_wrs": "216_074", "frp": 9.1}, "bbox": [-40.37627, -19.77183, -40.37627, -19.77183]}, {"type": "Feature", "id": "focos_48h_br_todosats.fid--211a0569_19dac319c32_6c60", "geometry": {"type": "Point", "coordinates": [-50.7668, -17.499]}, "geometry_name": "geometria", "properties": {"id_foco_bdq": 1814734966, "foco_id": "851254df-bfc1-35f3-a2af-81e7d3ae1ac7", "longitude": -50.7668, "latitude": -17.499, "data_hora_gmt": "2026-04-19T13:10:00Z", "data_pas": "2026-04-19", "satelite": "GOES-19", "municipio": "RIO VERDE", "estado": "GOIÁS", "pais": "Brasil", "precipitacao": 0, "numero_dias_sem_chuva": 9, "risco_fogo": 0.77, "bioma": "Cerrado", "id_0": 33, "id_1": 52, "id_2": 5218805, "continente_id": 8, "vegetacao": "Agricultura e diversos", "grade_wrs": "223_072", "frp": 71.7}, "bbox": [-50.7668, -17.499, -50.7668, -17.499]}, {"type": "Feature", "id": "focos_48h_br_todosats.fid--211a0569_19dac319c32_6c61", "geometry": {"type": "Point", "coordinates": [-50.7668, -17.499]}, "geometry_name": "geometria", "properties": {"id_foco_bdq": 1814734969, "foco_id": "14cb5aae-fbed-3280-b76f-484ef88e6f8a", "longitude": -50.7668, "latitude": -17.499, "data_hora_gmt": "2026-04-19T13:20:00Z", "data_pas": "2026-04-19", "satelite": "GOES-19", "municipio": "RIO VERDE", "estado": "GOIÁS", "pais": "Brasil", "precipitacao": 0, "numero_dias_sem_chuva": 9, "risco_fogo": 0.77, "bioma": "Cerrado", "id_0": 33, "id_1": 52, "id_2": 5218805, "continente_id": 8, "vegetacao": "Agricultura e diversos", "grade_wrs": "223_072", "frp": 71}, "bbox": [-50.7668, -17.499, -50.7668, -17.499]}, {"type": "Feature", "id": "focos_48h_br_todosats.fid--211a0569_19dac319c32_6c62", "geometry": {"type": "Point", "coordinates": [-50.7668, -17.499]}, "geometry_name": "geometria", "properties": {"id_foco_bdq": 1814734970, "foco_id": "ea95257f-50dc-34a0-9e72-dd0d33cc23d4", "longitude": -50.7668, "latitude": -17.499, "data_hora_gmt": "2026-04-19T13:30:00Z", "data_pas": "2026-04-19", "satelite": "GOES-19", "municipio": "RIO VERDE", "estado": "GOIÁS", "pais": "Brasil", "precipitacao": 0, "numero_dias_sem_chuva": 9, "risco_fogo": 0.77, "bioma": "Cerrado", "id_0": 33, "id_1": 52, "id_2": 5218805, "continente_id": 8, "vegetacao": "Agricultura e diversos", "grade_wrs": "223_072", "frp": 92.4}, "bbox": [-50.7668, -17.499, -50.7668, -17.499]}, {"type": "Feature", "id": "focos_48h_br_todosats.fid--211a0569_19dac319c32_6c63", "geometry": {"type": "Point", "coordinates": [-50.7668, -17.499]}, "geometry_name": "geometria", "properties": {"id_foco_bdq": 1814734972, "foco_id": "d2ca34ff-34fc-332e-910b-2607ab99bf86", "longitude": -50.7668, "latitude": -17.499, "data_hora_gmt": "2026-04-19T13:40:00Z", "data_pas": "2026-04-19", "satelite": "GOES-19", "municipio": "RIO VERDE", "estado": "GOIÁS", "pais": "Brasil", "precipitacao": 0, "numero_dias_sem_chuva": 9, "risco_fogo": 0.77, "bioma": "Cerrado", "id_0": 33, "id_1": 52, "id_2": 5218805, "continente_id": 8, "vegetacao": "Agricultura e diversos", "grade_wrs": "223_072", "frp": 85.7}, "bbox": [-50.7668, -17.499, -50.7668, -17.499]}, {"type": "Feature", "id": "focos_48h_br_todosats.fid--211a0569_19dac319c32_6c64", "geometry": {"type": "Point", "coordinates": [-50.7668, -17.499]}, "geometry_name": "geometria", "properties": {"id_foco_bdq": 1814737386, "foco_id": "0d245805-c96b-3313-bfcf-7dcec757ba8f", "longitude": -50.7668, "latitude": -17.499, "data_hora_gmt": "2026-04-19T13:50:00Z", "data_pas": "2026-04-19", "satelite": "GOES-19", "municipio": "RIO VERDE", "estado": "GOIÁS", "pais": "Brasil", "precipitacao": 0, "numero_dias_sem_chuva": 9, "risco_fogo": 0.77, "bioma": "Cerrado", "id_0": 33, "id_1": 52, "id_2": 5218805, "continente_id": 8, "vegetacao": "Agricultura e diversos", "grade_wrs": "223_072", "frp": 100.9}, "bbox": [-50.7668, -17.499, -50.7668, -17.499]}, {"type": "Feature", "id": "focos_48h_br_todosats.fid--211a0569_19dac319c32_6c65", "geometry": {"type": "Point", "coordinates": [-50.7668, -17.499]}, "geometry_name": "geometria", "properties": {"id_foco_bdq": 1814742792, "foco_id": "0160d3ff-8b78-3632-b3db-afdc649b6ed3", "longitude": -50.7668, "latitude": -17.499, "data_hora_gmt": "2026-04-19T14:00:00Z", "data_pas": "2026-04-19", "satelite": "GOES-19", "municipio": "RIO VERDE", "estado": "GOIÁS", "pais": "Brasil", "precipitacao": 0, "numero_dias_sem_chuva": 9, "risco_fogo": 0.77, "bioma": "Cerrado", "id_0": 33, "id_1": 52, "id_2": 5218805, "continente_id": 8, "vegetacao": "Agricultura e diversos", "grade_wrs": "223_072", "frp": 97.5}, "bbox": [-50.7668, -17.499, -50.7668, -17.499]}, {"type": "Feature", "id": "focos_48h_br_todosats.fid--211a0569_19dac319c32_6c66", "geometry": {"type": "Point", "coordinates": [-38.2624, -11.82859]}, "geometry_name": "geometria", "properties": {"id_foco_bdq": 1814758781, "foco_id": "1f3a99f3-3f18-350d-aa6e-613f30c7720e", "longitude": -38.2624, "latitude": -11.82859, "data_hora_gmt": "2026-04-19T15:18:00Z", "data_pas": "2026-04-19", "satelite": "NOAA-20", "municipio": "APORÁ", "estado": "BAHIA", "pais": "Brasil", "precipitacao": 0.79, "numero_dias_sem_chuva": 3, "risco_fogo": 0.11, "bioma": "Mata Atlântica", "id_0": 33, "id_1": 29, "id_2": 2901908, "continente_id": 8, "vegetacao": "Floresta Ombrófila densa", "grade_wrs": "215_068", "frp": 9.4}, "bbox": [-38.2624, -11.82859, -38.2624, -11.82859]}, {"type": "Feature", "id": "focos_48h_br_todosats.fid--211a0569_19dac319c32_6c67", "geometry": {"type": "Point", "coordinates": [-38.9654, -10.96438]}, "geometry_name": "geometria", "properties": {"id_foco_bdq": 1814758002, "foco_id": "2fda8c59-4b3d-3bf8-b40a-2fc792705391", "longitude": -38.9654, "latitude": -10.96438, "data_hora_gmt": "2026-04-19T15:18:00Z", "data_pas": "2026-04-19", "satelite": "NOAA-20", "municipio": "TUCANO", "estado": "BAHIA", "pais": "Brasil", "precipitacao": 0, "numero_dias_sem_chuva": 5, "risco_fogo": 0.72, "bioma": "Caatinga", "id_0": 33, "id_1": 29, "id_2": 2931905, "continente_id": 8, "vegetacao": "Savana; Caatinga aberta", "grade_wrs": "216_068", "frp": 20}, "bbox": [-38.9654, -10.96438, -38.9654, -10.96438]}, {"type": "Feature", "id": "focos_48h_br_todosats.fid--211a0569_19dac319c32_6c68", "geometry": {"type": "Point", "coordinates": [-37.37737, -8.73339]}, "geometry_name": "geometria", "properties": {"id_foco_bdq": 1814758018, "foco_id": "b9191314-449a-3a32-bdc4-58bb5b0a6b3a", "longitude": -37.37737, "latitude": -8.73339, "data_hora_gmt": "2026-04-19T15:18:00Z", "data_pas": "2026-04-19", "satelite": "NOAA-20", "municipio": "TUPANATINGA", "estado": "PERNAMBUCO", "pais": "Brasil", "precipitacao": 0, "numero_dias_sem_chuva": 4, "risco_fogo": 0.98, "bioma": "Caatinga", "id_0": 33, "id_1": 26, "id_2": 2615805, "continente_id": 8, "vegetacao": "Pastagens e gramíneas", "grade_wrs": "215_066", "frp": 2.6}, "bbox": [-37.37737, -8.73339, -37.37737, -8.73339]}, {"type": "Feature", "id": "focos_48h_br_todosats.fid--211a0569_19dac319c32_6c69", "geometry": {"type": "Point", "coordinates": [-38.96037, -10.96355]}, "geometry_name": "geometria", "properties": {"id_foco_bdq": 1814758864, "foco_id": "170ffa0b-477b-316e-8b39-2d83dfe41ebb", "longitude": -38.96037, "latitude": -10.96355, "data_hora_gmt": "2026-04-19T15:18:00Z", "data_pas": "2026-04-19", "satelite": "NOAA-20", "municipio": "TUCANO", "estado": "BAHIA", "pais": "Brasil", "precipitacao": 0, "numero_dias_sem_chuva": 5, "risco_fogo": 0.7, "bioma": "Caatinga", "id_0": 33, "id_1": 29, "id_2": 2931905, "continente_id": 8, "vegetacao": "Savana; Caatinga aberta", "grade_wrs": "216_068", "frp": 14.2}, "bbox": [-38.96037, -10.96355, -38.96037, -10.96355]}, {"type": "Feature", "id": "focos_48h_br_todosats.fid--211a0569_19dac319c32_6c6a", "geometry": {"type": "Point", "coordinates": [-38.96653, -10.96428]}, "geometry_name": "geometria", "properties": {"id_foco_bdq": 1814758405, "foco_id": "6743e8e8-8369-36e7-b904-164b08501a62", "longitude": -38.96653, "latitude": -10.96428, "data_hora_gmt": "2026-04-19T15:18:00Z", "data_pas": "2026-04-19", "satelite": "NOAA-20", "municipio": "TUCANO", "estado": "BAHIA", "pais": "Brasil", "precipitacao": 0, "numero_dias_sem_chuva": 5, "risco_fogo": 0.72, "bioma": "Caatinga", "id_0": 33, "id_1": 29, "id_2": 2931905, "continente_id": 8, "vegetacao": "Savana; Caatinga aberta", "grade_wrs": "216_068", "frp": 14.2}, "bbox": [-38.96653, -10.96428, -38.96653, -10.96428]}, {"type": "Feature", "id": "focos_48h_br_todosats.fid--211a0569_19dac319c32_6c6b", "geometry": {"type": "Point", "coordinates": [-49.40008, -25.17209]}, "geometry_name": "geometria", "properties": {"id_foco_bdq": 1814759997, "foco_id": "49def896-e590-309b-9b35-2d5cefda2796", "longitude": -49.40008, "latitude": -25.17209, "data_hora_gmt": "2026-04-19T16:01:00Z", "data_pas": "2026-04-19", "satelite": "NOAA-21", "municipio": "RIO BRANCO DO SUL", "estado": "PARANÁ", "pais": "Brasil", "precipitacao": 0, "numero_dias_sem_chuva": 2, "risco_fogo": 0.22, "bioma": "Mata Atlântica", "id_0": 33, "id_1": 41, "id_2": 4122206, "continente_id": 8, "vegetacao": "Floresta Ombrófila densa", "grade_wrs": "221_077", "frp": 14.6}, "bbox": [-49.40008, -25.17209, -49.40008, -25.17209]}, {"type": "Feature", "id": "focos_48h_br_todosats.fid--211a0569_19dac319c32_6c6c", "geometry": {"type": "Point", "coordinates": [-49.40189, -25.17352]}, "geometry_name": "geometria", "properties": {"id_foco_bdq": 1814759876, "foco_id": "590f01ee-2cce-323a-a6bc-826300175295", "longitude": -49.40189, "latitude": -25.17352, "data_hora_gmt": "2026-04-19T16:01:00Z", "data_pas": "2026-04-19", "satelite": "NOAA-21", "municipio": "RIO BRANCO DO SUL", "estado": "PARANÁ", "pais": "Brasil", "precipitacao": 0, "numero_dias_sem_chuva": 2, "risco_fogo": 0.22, "bioma": "Mata Atlântica", "id_0": 33, "id_1": 41, "id_2": 4122206, "continente_id": 8, "vegetacao": "Floresta Ombrófila densa", "grade_wrs": "221_077", "frp": 13.1}, "bbox": [-49.40189, -25.17352, -49.40189, -25.17352]}, {"type": "Feature", "id": "focos_48h_br_todosats.fid--211a0569_19dac319c32_6c6d", "geometry": {"type": "Point", "coordinates": [-39.91649, -18.61477]}, "geometry_name": "geometria", "properties": {"id_foco_bdq": 1814759682, "foco_id": "659b6ca4-a417-33bd-ae76-a32c76fc3cc1", "longitude": -39.91649, "latitude": -18.61477, "data_hora_gmt": "2026-04-19T16:03:00Z", "data_pas": "2026-04-19", "satelite": "NOAA-21", "municipio": "SÃO MATEUS", "estado": "ESPÍRITO SANTO", "pais": "Brasil", "precipitacao": 1.13, "numero_dias_sem_chuva": -999, "risco_fogo": 0.03, "bioma": "Mata Atlântica", "id_0": 33, "id_1": 32, "id_2": 3204906, "continente_id": 8, "vegetacao": "Floresta Ombrófila densa", "grade_wrs": "215_073", "frp": 11.8}, "bbox": [-39.91649, -18.61477, -39.91649, -18.61477]}, {"type": "Feature", "id": "focos_48h_br_todosats.fid--211a0569_19dac319c32_6c6e", "geometry": {"type": "Point", "coordinates": [-43.65945, -22.96954]}, "geometry_name": "geometria", "properties": {"id_foco_bdq": 1814760149, "foco_id": "f43c16eb-7249-3b66-85d6-10e93fe4a7cd", "longitude": -43.65945, "latitude": -22.96954, "data_hora_gmt": "2026-04-19T16:03:00Z", "data_pas": "2026-04-19", "satelite": "NOAA-21", "municipio": "RIO DE JANEIRO", "estado": "RIO DE JANEIRO", "pais": "Brasil", "precipitacao": 0.1, "numero_dias_sem_chuva": -999, "risco_fogo": -999, "bioma": "Mata Atlântica", "id_0": 33, "id_1": 33, "id_2": 3304557, "continente_id": 8, "vegetacao": "Corpos agua/Solos expostos/Mineracao/Areas urbanas e construidas/neve e gelo", "grade_wrs": "217_076", "frp": 3.9}, "bbox": [-43.65945, -22.96954, -43.65945, -22.96954]}, {"type": "Feature", "id": "focos_48h_br_todosats.fid--211a0569_19dac319c32_6c6f", "geometry": {"type": "Point", "coordinates": [-50.76677, -17.49729]}, "geometry_name": "geometria", "properties": {"id_foco_bdq": 1814760111, "foco_id": "be5cd92b-e879-381e-9911-66b6929459e5", "longitude": -50.76677, "latitude": -17.49729, "data_hora_gmt": "2026-04-19T16:03:00Z", "data_pas": "2026-04-19", "satelite": "NOAA-21", "municipio": "RIO VERDE", "estado": "GOIÁS", "pais": "Brasil", "precipitacao": 0, "numero_dias_sem_chuva": 9, "risco_fogo": 0.81, "bioma": "Cerrado", "id_0": 33, "id_1": 52, "id_2": 5218805, "continente_id": 8, "vegetacao": "Agricultura e diversos", "grade_wrs": "223_072", "frp": 17.4}, "bbox": [-50.76677, -17.49729, -50.76677, -17.49729]}, {"type": "Feature", "id": "focos_48h_br_todosats.fid--211a0569_19dac319c32_6c70", "geometry": {"type": "Point", "coordinates": [-48.88327, -23.95346]}, "geometry_name": "geometria", "properties": {"id_foco_bdq": 1814760096, "foco_id": "92a4149b-c9d6-3454-b3a1-eefb6a89782a", "longitude": -48.88327, "latitude": -23.95346, "data_hora_gmt": "2026-04-19T16:03:00Z", "data_pas": "2026-04-19", "satelite": "NOAA-21", "municipio": "ITAPEVA", "estado": "SÃO PAULO", "pais": "Brasil", "precipitacao": 0, "numero_dias_sem_chuva": 3, "risco_fogo": 1, "bioma": "Cerrado", "id_0": 33, "id_1": 35, "id_2": 3522406, "continente_id": 8, "vegetacao": "Agricultura e diversos", "grade_wrs": "220_077", "frp": 7.1}, "bbox": [-48.88327, -23.95346, -48.88327, -23.95346]}, {"type": "Feature", "id": "focos_48h_br_todosats.fid--211a0569_19dac319c32_6c71", "geometry": {"type": "Point", "coordinates": [-39.91596, -18.6184]}, "geometry_name": "geometria", "properties": {"id_foco_bdq": 1814760086, "foco_id": "65535e45-e9c7-3cb6-8397-099a2960b40f", "longitude": -39.91596, "latitude": -18.6184, "data_hora_gmt": "2026-04-19T16:03:00Z", "data_pas": "2026-04-19", "satelite": "NOAA-21", "municipio": "SÃO MATEUS", "estado": "ESPÍRITO SANTO", "pais": "Brasil", "precipitacao": 1.19, "numero_dias_sem_chuva": -999, "risco_fogo": 0.03, "bioma": "Mata Atlântica", "id_0": 33, "id_1": 32, "id_2": 3204906, "continente_id": 8, "vegetacao": "Floresta Ombrófila densa", "grade_wrs": "215_073", "frp": 12.9}, "bbox": [-39.91596, -18.6184, -39.91596, -18.6184]}, {"type": "Feature", "id": "focos_48h_br_todosats.fid--211a0569_19dac319c32_6c72", "geometry": {"type": "Point", "coordinates": [-39.91491, -18.62567]}, "geometry_name": "geometria", "properties": {"id_foco_bdq": 1814760063, "foco_id": "c4156e16-9b7c-36ee-b963-5140b17aafbd", "longitude": -39.91491, "latitude": -18.62567, "data_hora_gmt": "2026-04-19T16:03:00Z", "data_pas": "2026-04-19", "satelite": "NOAA-21", "municipio": "SÃO MATEUS", "estado": "ESPÍRITO SANTO", "pais": "Brasil", "precipitacao": 1.31, "numero_dias_sem_chuva": -999, "risco_fogo": 0.03, "bioma": "Mata Atlântica", "id_0": 33, "id_1": 32, "id_2": 3204906, "continente_id": 8, "vegetacao": "Floresta Ombrófila densa", "grade_wrs": "215_073", "frp": 10.7}, "bbox": [-39.91491, -18.62567, -39.91491, -18.62567]}, {"type": "Feature", "id": "focos_48h_br_todosats.fid--211a0569_19dac319c32_6c73", "geometry": {"type": "Point", "coordinates": [-48.88391, -23.94674]}, "geometry_name": "geometria", "properties": {"id_foco_bdq": 1814760037, "foco_id": "fbe65797-c055-3d32-b89e-ad1d3f9ee1a4", "longitude": -48.88391, "latitude": -23.94674, "data_hora_gmt": "2026-04-19T16:03:00Z", "data_pas": "2026-04-19", "satelite": "NOAA-21", "municipio": "ITAPEVA", "estado": "SÃO PAULO", "pais": "Brasil", "precipitacao": 0, "numero_dias_sem_chuva": 3, "risco_fogo": 1, "bioma": "Cerrado", "id_0": 33, "id_1": 35, "id_2": 3522406, "continente_id": 8, "vegetacao": "Agricultura e diversos", "grade_wrs": "220_077", "frp": 7.1}, "bbox": [-48.88391, -23.94674, -48.88391, -23.94674]}, {"type": "Feature", "id": "focos_48h_br_todosats.fid--211a0569_19dac319c32_6c74", "geometry": {"type": "Point", "coordinates": [-40.24259, -19.74596]}, "geometry_name": "geometria", "properties": {"id_foco_bdq": 1814759935, "foco_id": "e7dbb32c-f2d1-360b-a8a5-2abc751644bf", "longitude": -40.24259, "latitude": -19.74596, "data_hora_gmt": "2026-04-19T16:03:00Z", "data_pas": "2026-04-19", "satelite": "NOAA-21", "municipio": "ARACRUZ", "estado": "ESPÍRITO SANTO", "pais": "Brasil", "precipitacao": 10.41, "numero_dias_sem_chuva": 5, "risco_fogo": 0.08, "bioma": "Mata Atlântica", "id_0": 33, "id_1": 32, "id_2": 3200607, "continente_id": 8, "vegetacao": "Pastagens e gramíneas", "grade_wrs": "215_074", "frp": 14.5}, "bbox": [-40.24259, -19.74596, -40.24259, -19.74596]}, {"type": "Feature", "id": "focos_48h_br_todosats.fid--211a0569_19dac319c32_6c75", "geometry": {"type": "Point", "coordinates": [-40.442, -17.66381]}, "geometry_name": "geometria", "properties": {"id_foco_bdq": 1814759704, "foco_id": "eab1ab9f-dfcf-3764-9eb9-99a3d859ac35", "longitude": -40.442, "latitude": -17.66381, "data_hora_gmt": "2026-04-19T16:03:00Z", "data_pas": "2026-04-19", "satelite": "NOAA-21", "municipio": "NANUQUE", "estado": "MINAS GERAIS", "pais": "Brasil", "precipitacao": 0, "numero_dias_sem_chuva": 0, "risco_fogo": 0.14, "bioma": "Mata Atlântica", "id_0": 33, "id_1": 31, "id_2": 3144300, "continente_id": 8, "vegetacao": "Florestas decíduas e sazonais", "grade_wrs": "216_072", "frp": 4.4}, "bbox": [-40.442, -17.66381, -40.442, -17.66381]}, {"type": "Feature", "id": "focos_48h_br_todosats.fid--211a0569_19dac319c32_6c76", "geometry": {"type": "Point", "coordinates": [-39.76065, -18.57914]}, "geometry_name": "geometria", "properties": {"id_foco_bdq": 1814759925, "foco_id": "f4745c12-3ae4-3576-9cbe-cf5ad0af1bf3", "longitude": -39.76065, "latitude": -18.57914, "data_hora_gmt": "2026-04-19T16:03:00Z", "data_pas": "2026-04-19", "satelite": "NOAA-21", "municipio": "CONCEIÇÃO DA BARRA", "estado": "ESPÍRITO SANTO", "pais": "Brasil", "precipitacao": 1.72, "numero_dias_sem_chuva": -999, "risco_fogo": 0.2, "bioma": "Mata Atlântica", "id_0": 33, "id_1": 32, "id_2": 3201605, "continente_id": 8, "vegetacao": "Savana; Caatinga aberta", "grade_wrs": "215_073", "frp": 5.3}, "bbox": [-39.76065, -18.57914, -39.76065, -18.57914]}, {"type": "Feature", "id": "focos_48h_br_todosats.fid--211a0569_19dac319c32_6c77", "geometry": {"type": "Point", "coordinates": [-39.24699, -16.37434]}, "geometry_name": "geometria", "properties": {"id_foco_bdq": 1814759924, "foco_id": "c6ffe3fd-6aa5-32b1-a390-1660e73292ba", "longitude": -39.24699, "latitude": -16.37434, "data_hora_gmt": "2026-04-19T16:03:00Z", "data_pas": "2026-04-19", "satelite": "NOAA-21", "municipio": "SANTA CRUZ CABRÁLIA", "estado": "BAHIA", "pais": "Brasil", "precipitacao": 0, "numero_dias_sem_chuva": 5, "risco_fogo": 1, "bioma": "Mata Atlântica", "id_0": 33, "id_1": 29, "id_2": 2927705, "continente_id": 8, "vegetacao": "Pastagens e gramíneas", "grade_wrs": "215_071", "frp": 3.8}, "bbox": [-39.24699, -16.37434, -39.24699, -16.37434]}, {"type": "Feature", "id": "focos_48h_br_todosats.fid--211a0569_19dac319c32_6c78", "geometry": {"type": "Point", "coordinates": [-46.17892, -23.36004]}, "geometry_name": "geometria", "properties": {"id_foco_bdq": 1814759921, "foco_id": "04c7c67e-80c3-351b-af33-cbeb0092e3b9", "longitude": -46.17892, "latitude": -23.36004, "data_hora_gmt": "2026-04-19T16:03:00Z", "data_pas": "2026-04-19", "satelite": "NOAA-21", "municipio": "MOGI DAS CRUZES", "estado": "SÃO PAULO", "pais": "Brasil", "precipitacao": 0, "numero_dias_sem_chuva": 0, "risco_fogo": 0.75, "bioma": "Mata Atlântica", "id_0": 33, "id_1": 35, "id_2": 3530607, "continente_id": 8, "vegetacao": "Agricultura e diversos", "grade_wrs": "219_076", "frp": 5.2}, "bbox": [-46.17892, -23.36004, -46.17892, -23.36004]}, {"type": "Feature", "id": "focos_48h_br_todosats.fid--211a0569_19dac319c32_6c79", "geometry": {"type": "Point", "coordinates": [-40.24314, -19.74222]}, "geometry_name": "geometria", "properties": {"id_foco_bdq": 1814759726, "foco_id": "43931b01-39e3-3cc4-a843-c1b75aea26c7", "longitude": -40.24314, "latitude": -19.74222, "data_hora_gmt": "2026-04-19T16:03:00Z", "data_pas": "2026-04-19", "satelite": "NOAA-21", "municipio": "ARACRUZ", "estado": "ESPÍRITO SANTO", "pais": "Brasil", "precipitacao": 10.49, "numero_dias_sem_chuva": 6, "risco_fogo": 0.06, "bioma": "Mata Atlântica", "id_0": 33, "id_1": 32, "id_2": 3200607, "continente_id": 8, "vegetacao": "Agricultura e diversos", "grade_wrs": "215_074", "frp": 14.5}, "bbox": [-40.24314, -19.74222, -40.24314, -19.74222]}, {"type": "Feature", "id": "focos_48h_br_todosats.fid--211a0569_19dac319c32_6c7a", "geometry": {"type": "Point", "coordinates": [-39.21066, -17.72857]}, "geometry_name": "geometria", "properties": {"id_foco_bdq": 1814759913, "foco_id": "8c8a7958-6b5f-3ff0-a1b8-c49e3997834f", "longitude": -39.21066, "latitude": -17.72857, "data_hora_gmt": "2026-04-19T16:03:00Z", "data_pas": "2026-04-19", "satelite": "NOAA-21", "municipio": "CARAVELAS", "estado": "BAHIA", "pais": "Brasil", "precipitacao": 0, "numero_dias_sem_chuva": -999, "risco_fogo": 0.68, "bioma": "Mata Atlântica", "id_0": 33, "id_1": 29, "id_2": 2906907, "continente_id": 8, "vegetacao": "Pastagens e gramíneas", "grade_wrs": "215_072", "frp": 2.8}, "bbox": [-39.21066, -17.72857, -39.21066, -17.72857]}, {"type": "Feature", "id": "focos_48h_br_todosats.fid--211a0569_19dac319c32_6c7b", "geometry": {"type": "Point", "coordinates": [-40.53159, -18.64912]}, "geometry_name": "geometria", "properties": {"id_foco_bdq": 1814759885, "foco_id": "1950a95f-f04c-39b1-a2ed-56a389f7c106", "longitude": -40.53159, "latitude": -18.64912, "data_hora_gmt": "2026-04-19T16:03:00Z", "data_pas": "2026-04-19", "satelite": "NOAA-21", "municipio": "VILA PAVÃO", "estado": "ESPÍRITO SANTO", "pais": "Brasil", "precipitacao": 18.73, "numero_dias_sem_chuva": 4, "risco_fogo": 0, "bioma": "Mata Atlântica", "id_0": 33, "id_1": 32, "id_2": 3205150, "continente_id": 8, "vegetacao": "Pastagens e gramíneas", "grade_wrs": "216_073", "frp": 12.5}, "bbox": [-40.53159, -18.64912, -40.53159, -18.64912]}, {"type": "Feature", "id": "focos_48h_br_todosats.fid--211a0569_19dac319c32_6c7c", "geometry": {"type": "Point", "coordinates": [-46.58664, -17.95462]}, "geometry_name": "geometria", "properties": {"id_foco_bdq": 1814759735, "foco_id": "976a516b-14b0-379c-b0b5-0694bd10ac27", "longitude": -46.58664, "latitude": -17.95462, "data_hora_gmt": "2026-04-19T16:03:00Z", "data_pas": "2026-04-19", "satelite": "NOAA-21", "municipio": "LAGOA GRANDE", "estado": "MINAS GERAIS", "pais": "Brasil", "precipitacao": 0, "numero_dias_sem_chuva": 9, "risco_fogo": 1, "bioma": "Cerrado", "id_0": 33, "id_1": 31, "id_2": 3137536, "continente_id": 8, "vegetacao": "Pastagens e gramíneas", "grade_wrs": "220_072", "frp": 1.9}, "bbox": [-46.58664, -17.95462, -46.58664, -17.95462]}, {"type": "Feature", "id": "focos_48h_br_todosats.fid--211a0569_19dac319c32_6c7d", "geometry": {"type": "Point", "coordinates": [-43.09977, -16.96328]}, "geometry_name": "geometria", "properties": {"id_foco_bdq": 1814759869, "foco_id": "0ea9c928-3034-3012-a1fa-7d4a85534299", "longitude": -43.09977, "latitude": -16.96328, "data_hora_gmt": "2026-04-19T16:03:00Z", "data_pas": "2026-04-19", "satelite": "NOAA-21", "municipio": "BOTUMIRIM", "estado": "MINAS GERAIS", "pais": "Brasil", "precipitacao": 0, "numero_dias_sem_chuva": 7, "risco_fogo": 0.17, "bioma": "Cerrado", "id_0": 33, "id_1": 31, "id_2": 3108503, "continente_id": 8, "vegetacao": "Savana arbórea; Caatinga fechada", "grade_wrs": "218_072", "frp": 5.8}, "bbox": [-43.09977, -16.96328, -43.09977, -16.96328]}, {"type": "Feature", "id": "focos_48h_br_todosats.fid--211a0569_19dac319c32_6c7e", "geometry": {"type": "Point", "coordinates": [-38.97532, -16.00303]}, "geometry_name": "geometria", "properties": {"id_foco_bdq": 1814759658, "foco_id": "e612ad03-5039-367c-952a-f9d037296efe", "longitude": -38.97532, "latitude": -16.00303, "data_hora_gmt": "2026-04-19T16:03:00Z", "data_pas": "2026-04-19", "satelite": "NOAA-21", "municipio": "BELMONTE", "estado": "BAHIA", "pais": "Brasil", "precipitacao": 0, "numero_dias_sem_chuva": -999, "risco_fogo": 0.68, "bioma": "Mata Atlântica", "id_0": 33, "id_1": 29, "id_2": 2903409, "continente_id": 8, "vegetacao": "Savana; Caatinga aberta", "grade_wrs": "215_071", "frp": 7.8}, "bbox": [-38.97532, -16.00303, -38.97532, -16.00303]}, {"type": "Feature", "id": "focos_48h_br_todosats.fid--211a0569_19dac319c32_6c7f", "geometry": {"type": "Point", "coordinates": [-50.76077, -17.50887]}, "geometry_name": "geometria", "properties": {"id_foco_bdq": 1814759791, "foco_id": "357a2221-3927-392a-b4a7-0fd73aace5ed", "longitude": -50.76077, "latitude": -17.50887, "data_hora_gmt": "2026-04-19T16:03:00Z", "data_pas": "2026-04-19", "satelite": "NOAA-21", "municipio": "RIO VERDE", "estado": "GOIÁS", "pais": "Brasil", "precipitacao": 0, "numero_dias_sem_chuva": 10, "risco_fogo": 0.52, "bioma": "Cerrado", "id_0": 33, "id_1": 52, "id_2": 5218805, "continente_id": 8, "vegetacao": "Savana arbórea; Caatinga fechada", "grade_wrs": "223_072", "frp": 21.7}, "bbox": [-50.76077, -17.50887, -50.76077, -17.50887]}, {"type": "Feature", "id": "focos_48h_br_todosats.fid--211a0569_19dac319c32_6c80", "geometry": {"type": "Point", "coordinates": [-50.7663, -17.50435]}, "geometry_name": "geometria", "properties": {"id_foco_bdq": 1814759666, "foco_id": "3f37cbf7-c7c1-3ad7-af37-f86987d01d00", "longitude": -50.7663, "latitude": -17.50435, "data_hora_gmt": "2026-04-19T16:03:00Z", "data_pas": "2026-04-19", "satelite": "NOAA-21", "municipio": "RIO VERDE", "estado": "GOIÁS", "pais": "Brasil", "precipitacao": 0, "numero_dias_sem_chuva": 9, "risco_fogo": 0.6, "bioma": "Cerrado", "id_0": 33, "id_1": 52, "id_2": 5218805, "continente_id": 8, "vegetacao": "Savana; Caatinga aberta", "grade_wrs": "223_072", "frp": 17.4}, "bbox": [-50.7663, -17.50435, -50.7663, -17.50435]}, {"type": "Feature", "id": "focos_48h_br_todosats.fid--211a0569_19dac319c32_6c81", "geometry": {"type": "Point", "coordinates": [-46.17987, -23.3579]}, "geometry_name": "geometria", "properties": {"id_foco_bdq": 1814760284, "foco_id": "1ec31d00-66e2-3b7d-9f41-943dd46fcdd6", "longitude": -46.17987, "latitude": -23.3579, "data_hora_gmt": "2026-04-19T16:03:00Z", "data_pas": "2026-04-19", "satelite": "NOAA-21", "municipio": "MOGI DAS CRUZES", "estado": "SÃO PAULO", "pais": "Brasil", "precipitacao": 0, "numero_dias_sem_chuva": 0, "risco_fogo": 0.74, "bioma": "Mata Atlântica", "id_0": 33, "id_1": 35, "id_2": 3530607, "continente_id": 8, "vegetacao": "Agricultura e diversos", "grade_wrs": "219_076", "frp": 4.9}, "bbox": [-46.17987, -23.3579, -46.17987, -23.3579]}, {"type": "Feature", "id": "focos_48h_br_todosats.fid--211a0569_19dac319c32_6c82", "geometry": {"type": "Point", "coordinates": [-48.88651, -23.95053]}, "geometry_name": "geometria", "properties": {"id_foco_bdq": 1814760273, "foco_id": "615d31df-a997-326a-b4f0-e9c0f67e599a", "longitude": -48.88651, "latitude": -23.95053, "data_hora_gmt": "2026-04-19T16:03:00Z", "data_pas": "2026-04-19", "satelite": "NOAA-21", "municipio": "ITAPEVA", "estado": "SÃO PAULO", "pais": "Brasil", "precipitacao": 0, "numero_dias_sem_chuva": 3, "risco_fogo": 1, "bioma": "Cerrado", "id_0": 33, "id_1": 35, "id_2": 3522406, "continente_id": 8, "vegetacao": "Agricultura e diversos", "grade_wrs": "220_077", "frp": 8.8}, "bbox": [-48.88651, -23.95053, -48.88651, -23.95053]}, {"type": "Feature", "id": "focos_48h_br_todosats.fid--211a0569_19dac319c32_6c83", "geometry": {"type": "Point", "coordinates": [-50.76033, -17.49672]}, "geometry_name": "geometria", "properties": {"id_foco_bdq": 1814760266, "foco_id": "fae37eb9-e8ac-37cf-8bc0-f2ca20889f72", "longitude": -50.76033, "latitude": -17.49672, "data_hora_gmt": "2026-04-19T16:03:00Z", "data_pas": "2026-04-19", "satelite": "NOAA-21", "municipio": "RIO VERDE", "estado": "GOIÁS", "pais": "Brasil", "precipitacao": 0, "numero_dias_sem_chuva": 9, "risco_fogo": 0.85, "bioma": "Cerrado", "id_0": 33, "id_1": 52, "id_2": 5218805, "continente_id": 8, "vegetacao": "Agricultura e diversos", "grade_wrs": "223_072", "frp": 15.4}, "bbox": [-50.76033, -17.49672, -50.76033, -17.49672]}, {"type": "Feature", "id": "focos_48h_br_todosats.fid--211a0569_19dac319c32_6c84", "geometry": {"type": "Point", "coordinates": [-50.7613, -17.50182]}, "geometry_name": "geometria", "properties": {"id_foco_bdq": 1814760231, "foco_id": "02f4d357-8712-3800-ad3e-8f4cf4ba6ed2", "longitude": -50.7613, "latitude": -17.50182, "data_hora_gmt": "2026-04-19T16:03:00Z", "data_pas": "2026-04-19", "satelite": "NOAA-21", "municipio": "RIO VERDE", "estado": "GOIÁS", "pais": "Brasil", "precipitacao": 0, "numero_dias_sem_chuva": 9, "risco_fogo": 0.48, "bioma": "Cerrado", "id_0": 33, "id_1": 52, "id_2": 5218805, "continente_id": 8, "vegetacao": "Savana arbórea; Caatinga fechada", "grade_wrs": "223_072", "frp": 21.7}, "bbox": [-50.7613, -17.50182, -50.7613, -17.50182]}, {"type": "Feature", "id": "focos_48h_br_todosats.fid--211a0569_19dac319c32_6c85", "geometry": {"type": "Point", "coordinates": [-50.75997, -17.50379]}, "geometry_name": "geometria", "properties": {"id_foco_bdq": 1814759746, "foco_id": "74905350-b1a1-3764-b04d-b4c7e7370d77", "longitude": -50.75997, "latitude": -17.50379, "data_hora_gmt": "2026-04-19T16:03:00Z", "data_pas": "2026-04-19", "satelite": "NOAA-21", "municipio": "RIO VERDE", "estado": "GOIÁS", "pais": "Brasil", "precipitacao": 0, "numero_dias_sem_chuva": 10, "risco_fogo": 0.27, "bioma": "Cerrado", "id_0": 33, "id_1": 52, "id_2": 5218805, "continente_id": 8, "vegetacao": "Florestas decíduas e sazonais", "grade_wrs": "223_072", "frp": 15.4}, "bbox": [-50.75997, -17.50379, -50.75997, -17.50379]}, {"type": "Feature", "id": "focos_48h_br_todosats.fid--211a0569_19dac319c32_6c86", "geometry": {"type": "Point", "coordinates": [-48.16831, -22.6811]}, "geometry_name": "geometria", "properties": {"id_foco_bdq": 1814760183, "foco_id": "c926df75-2ca3-3a4d-b885-38c0ebc02463", "longitude": -48.16831, "latitude": -22.6811, "data_hora_gmt": "2026-04-19T16:03:00Z", "data_pas": "2026-04-19", "satelite": "NOAA-21", "municipio": "ANHEMBI", "estado": "SÃO PAULO", "pais": "Brasil", "precipitacao": 0, "numero_dias_sem_chuva": 0, "risco_fogo": 0.67, "bioma": "Cerrado", "id_0": 33, "id_1": 35, "id_2": 3502309, "continente_id": 8, "vegetacao": "Pastagens e gramíneas", "grade_wrs": "220_076", "frp": 1.9}, "bbox": [-48.16831, -22.6811, -48.16831, -22.6811]}, {"type": "Feature", "id": "focos_48h_br_todosats.fid--211a0569_19dac319c32_6c87", "geometry": {"type": "Point", "coordinates": [-41.87048, -13.66746]}, "geometry_name": "geometria", "properties": {"id_foco_bdq": 1814759959, "foco_id": "7a4af2ba-5d5e-39e8-ba1a-e2832611d59f", "longitude": -41.87048, "latitude": -13.66746, "data_hora_gmt": "2026-04-19T16:05:00Z", "data_pas": "2026-04-19", "satelite": "NOAA-21", "municipio": "LIVRAMENTO DE NOSSA SENHORA", "estado": "BAHIA", "pais": "Brasil", "precipitacao": 0.1, "numero_dias_sem_chuva": 0, "risco_fogo": 1, "bioma": "Caatinga", "id_0": 33, "id_1": 29, "id_2": 2919504, "continente_id": 8, "vegetacao": "Pastagens e gramíneas", "grade_wrs": "217_070", "frp": 8.3}, "bbox": [-41.87048, -13.66746, -41.87048, -13.66746]}, {"type": "Feature", "id": "focos_48h_br_todosats.fid--211a0569_19dac319c32_6c88", "geometry": {"type": "Point", "coordinates": [-40.51221, -10.71819]}, "geometry_name": "geometria", "properties": {"id_foco_bdq": 1814759577, "foco_id": "bdd5632e-f9b4-3f53-ac09-bcabb2da42a3", "longitude": -40.51221, "latitude": -10.71819, "data_hora_gmt": "2026-04-19T16:05:00Z", "data_pas": "2026-04-19", "satelite": "NOAA-21", "municipio": "MIRANGABA", "estado": "BAHIA", "pais": "Brasil", "precipitacao": 3.22, "numero_dias_sem_chuva": 5, "risco_fogo": 0.32, "bioma": "Caatinga", "id_0": 33, "id_1": 29, "id_2": 2921401, "continente_id": 8, "vegetacao": "Savana arbórea; Caatinga fechada", "grade_wrs": "217_067", "frp": 8.3}, "bbox": [-40.51221, -10.71819, -40.51221, -10.71819]}, {"type": "Feature", "id": "focos_48h_br_todosats.fid--211a0569_19dac319c32_6c89", "geometry": {"type": "Point", "coordinates": [-40.3246, -10.81674]}, "geometry_name": "geometria", "properties": {"id_foco_bdq": 1814759636, "foco_id": "43cc6453-4752-3db1-8f68-996b4d918aff", "longitude": -40.3246, "latitude": -10.81674, "data_hora_gmt": "2026-04-19T16:05:00Z", "data_pas": "2026-04-19", "satelite": "NOAA-21", "municipio": "PINDOBAÇU", "estado": "BAHIA", "pais": "Brasil", "precipitacao": 0.25, "numero_dias_sem_chuva": 5, "risco_fogo": 0.98, "bioma": "Caatinga", "id_0": 33, "id_1": 29, "id_2": 2924603, "continente_id": 8, "vegetacao": "Pastagens e gramíneas", "grade_wrs": "217_067", "frp": 4.8}, "bbox": [-40.3246, -10.81674, -40.3246, -10.81674]}, {"type": "Feature", "id": "focos_48h_br_todosats.fid--211a0569_19dac319c32_6c8a", "geometry": {"type": "Point", "coordinates": [-38.00489, -10.13169]}, "geometry_name": "geometria", "properties": {"id_foco_bdq": 1814759644, "foco_id": "c3ab54e6-fa7b-30d0-bb98-b3825a19966e", "longitude": -38.00489, "latitude": -10.13169, "data_hora_gmt": "2026-04-19T16:05:00Z", "data_pas": "2026-04-19", "satelite": "NOAA-21", "municipio": "CORONEL JOÃO SÁ", "estado": "BAHIA", "pais": "Brasil", "precipitacao": 3.38, "numero_dias_sem_chuva": 3, "risco_fogo": 1, "bioma": "Caatinga", "id_0": 33, "id_1": 29, "id_2": 2909208, "continente_id": 8, "vegetacao": "Pastagens e gramíneas", "grade_wrs": "215_067", "frp": 4.3}, "bbox": [-38.00489, -10.13169, -38.00489, -10.13169]}, {"type": "Feature", "id": "focos_48h_br_todosats.fid--211a0569_19dac319c32_6c8b", "geometry": {"type": "Point", "coordinates": [-38.26971, -10.96824]}, "geometry_name": "geometria", "properties": {"id_foco_bdq": 1814759653, "foco_id": "d3955931-c4ed-36ca-952d-04dacaa728f4", "longitude": -38.26971, "latitude": -10.96824, "data_hora_gmt": "2026-04-19T16:05:00Z", "data_pas": "2026-04-19", "satelite": "NOAA-21", "municipio": "ITAPICURU", "estado": "BAHIA", "pais": "Brasil", "precipitacao": 0, "numero_dias_sem_chuva": 4, "risco_fogo": 0.37, "bioma": "Caatinga", "id_0": 33, "id_1": 29, "id_2": 2916500, "continente_id": 8, "vegetacao": "Savana arbórea; Caatinga fechada", "grade_wrs": "215_068", "frp": 10.3}, "bbox": [-38.26971, -10.96824, -38.26971, -10.96824]}, {"type": "Feature", "id": "focos_48h_br_todosats.fid--211a0569_19dac319c32_6c8c", "geometry": {"type": "Point", "coordinates": [-49.0703, -14.64567]}, "geometry_name": "geometria", "properties": {"id_foco_bdq": 1814759660, "foco_id": "51a8557f-d6f2-3c3a-8a18-b57c2c32da9f", "longitude": -49.0703, "latitude": -14.64567, "data_hora_gmt": "2026-04-19T16:05:00Z", "data_pas": "2026-04-19", "satelite": "NOAA-21", "municipio": "URUAÇU", "estado": "GOIÁS", "pais": "Brasil", "precipitacao": 0, "numero_dias_sem_chuva": 0, "risco_fogo": 0.53, "bioma": "Cerrado", "id_0": 33, "id_1": 52, "id_2": 5221601, "continente_id": 8, "vegetacao": "Pastagens e gramíneas", "grade_wrs": "222_070", "frp": 9.4}, "bbox": [-49.0703, -14.64567, -49.0703, -14.64567]}, {"type": "Feature", "id": "focos_48h_br_todosats.fid--211a0569_19dac319c32_6c8d", "geometry": {"type": "Point", "coordinates": [-43.61613, -13.32183]}, "geometry_name": "geometria", "properties": {"id_foco_bdq": 1814759669, "foco_id": "3efbc904-4926-39cc-a368-bbda3f51b88f", "longitude": -43.61613, "latitude": -13.32183, "data_hora_gmt": "2026-04-19T16:05:00Z", "data_pas": "2026-04-19", "satelite": "NOAA-21", "municipio": "SERRA DO RAMALHO", "estado": "BAHIA", "pais": "Brasil", "precipitacao": 0.59, "numero_dias_sem_chuva": 8, "risco_fogo": 1, "bioma": "Cerrado", "id_0": 33, "id_1": 29, "id_2": 2930154, "continente_id": 8, "vegetacao": "Pastagens e gramíneas", "grade_wrs": "219_069", "frp": 13.5}, "bbox": [-43.61613, -13.32183, -43.61613, -13.32183]}, {"type": "Feature", "id": "focos_48h_br_todosats.fid--211a0569_19dac319c32_6c8e", "geometry": {"type": "Point", "coordinates": [-37.8208, -9.86883]}, "geometry_name": "geometria", "properties": {"id_foco_bdq": 1814759692, "foco_id": "0f9aa109-c038-3287-abe6-286f680029ae", "longitude": -37.8208, "latitude": -9.86883, "data_hora_gmt": "2026-04-19T16:05:00Z", "data_pas": "2026-04-19", "satelite": "NOAA-21", "municipio": "POÇO REDONDO", "estado": "SERGIPE", "pais": "Brasil", "precipitacao": 4.07, "numero_dias_sem_chuva": 3, "risco_fogo": 1, "bioma": "Caatinga", "id_0": 33, "id_1": 28, "id_2": 2805406, "continente_id": 8, "vegetacao": "Pastagens e gramíneas", "grade_wrs": "215_067", "frp": 6.5}, "bbox": [-37.8208, -9.86883, -37.8208, -9.86883]}, {"type": "Feature", "id": "focos_48h_br_todosats.fid--211a0569_19dac319c32_6c8f", "geometry": {"type": "Point", "coordinates": [-38.2732, -10.96877]}, "geometry_name": "geometria", "properties": {"id_foco_bdq": 1814759700, "foco_id": "937f0414-f0bd-324a-bb5d-98779b549840", "longitude": -38.2732, "latitude": -10.96877, "data_hora_gmt": "2026-04-19T16:05:00Z", "data_pas": "2026-04-19", "satelite": "NOAA-21", "municipio": "ITAPICURU", "estado": "BAHIA", "pais": "Brasil", "precipitacao": 0, "numero_dias_sem_chuva": 4, "risco_fogo": 0.58, "bioma": "Caatinga", "id_0": 33, "id_1": 29, "id_2": 2916500, "continente_id": 8, "vegetacao": "Agricultura e diversos", "grade_wrs": "215_068", "frp": 1.8}, "bbox": [-38.2732, -10.96877, -38.2732, -10.96877]}, {"type": "Feature", "id": "focos_48h_br_todosats.fid--211a0569_19dac319c32_6c90", "geometry": {"type": "Point", "coordinates": [-39.20648, -10.91199]}, "geometry_name": "geometria", "properties": {"id_foco_bdq": 1814759715, "foco_id": "762b47c2-b4f1-30b7-a664-224ff195aa75", "longitude": -39.20648, "latitude": -10.91199, "data_hora_gmt": "2026-04-19T16:05:00Z", "data_pas": "2026-04-19", "satelite": "NOAA-21", "municipio": "QUIJINGUE", "estado": "BAHIA", "pais": "Brasil", "precipitacao": 0, "numero_dias_sem_chuva": 4, "risco_fogo": 1, "bioma": "Caatinga", "id_0": 33, "id_1": 29, "id_2": 2925907, "continente_id": 8, "vegetacao": "Pastagens e gramíneas", "grade_wrs": "216_068", "frp": 6.5}, "bbox": [-39.20648, -10.91199, -39.20648, -10.91199]}, {"type": "Feature", "id": "focos_48h_br_todosats.fid--211a0569_19dac319c32_6c91", "geometry": {"type": "Point", "coordinates": [-37.89296, -10.90722]}, "geometry_name": "geometria", "properties": {"id_foco_bdq": 1814759720, "foco_id": "3c81b29c-b9b2-370a-b944-cb2c50ddbf00", "longitude": -37.89296, "latitude": -10.90722, "data_hora_gmt": "2026-04-19T16:05:00Z", "data_pas": "2026-04-19", "satelite": "NOAA-21", "municipio": "RIACHÃO DO DANTAS", "estado": "SERGIPE", "pais": "Brasil", "precipitacao": 0, "numero_dias_sem_chuva": 4, "risco_fogo": 0.66, "bioma": "Caatinga", "id_0": 33, "id_1": 28, "id_2": 2805802, "continente_id": 8, "vegetacao": "Savana; Caatinga aberta", "grade_wrs": "215_068", "frp": 5.9}, "bbox": [-37.89296, -10.90722, -37.89296, -10.90722]}, {"type": "Feature", "id": "focos_48h_br_todosats.fid--211a0569_19dac319c32_6c92", "geometry": {"type": "Point", "coordinates": [-37.98008, -12.29709]}, "geometry_name": "geometria", "properties": {"id_foco_bdq": 1814759736, "foco_id": "05129a5e-8bf9-3ea9-866c-453656ca7a9d", "longitude": -37.98008, "latitude": -12.29709, "data_hora_gmt": "2026-04-19T16:05:00Z", "data_pas": "2026-04-19", "satelite": "NOAA-21", "municipio": "ITANAGRA", "estado": "BAHIA", "pais": "Brasil", "precipitacao": 0.1, "numero_dias_sem_chuva": -999, "risco_fogo": 0.31, "bioma": "Mata Atlântica", "id_0": 33, "id_1": 29, "id_2": 2915908, "continente_id": 8, "vegetacao": "Floresta de contato; Campinarana", "grade_wrs": "215_069", "frp": 14.1}, "bbox": [-37.98008, -12.29709, -37.98008, -12.29709]}, {"type": "Feature", "id": "focos_48h_br_todosats.fid--211a0569_19dac319c32_6c93", "geometry": {"type": "Point", "coordinates": [-41.07253, -15.44006]}, "geometry_name": "geometria", "properties": {"id_foco_bdq": 1814759764, "foco_id": "68a68248-bf5f-3c14-a52b-e4279713ae38", "longitude": -41.07253, "latitude": -15.44006, "data_hora_gmt": "2026-04-19T16:05:00Z", "data_pas": "2026-04-19", "satelite": "NOAA-21", "municipio": "VITÓRIA DA CONQUISTA", "estado": "BAHIA", "pais": "Brasil", "precipitacao": 0, "numero_dias_sem_chuva": 6, "risco_fogo": 0.69, "bioma": "Mata Atlântica", "id_0": 33, "id_1": 29, "id_2": 2933307, "continente_id": 8, "vegetacao": "Agricultura e diversos", "grade_wrs": "217_071", "frp": 9.8}, "bbox": [-41.07253, -15.44006, -41.07253, -15.44006]}, {"type": "Feature", "id": "focos_48h_br_todosats.fid--211a0569_19dac319c32_6c94", "geometry": {"type": "Point", "coordinates": [-39.04909, -11.29274]}, "geometry_name": "geometria", "properties": {"id_foco_bdq": 1814759777, "foco_id": "3b329c95-7aca-36c8-a62c-fb8e72faaf23", "longitude": -39.04909, "latitude": -11.29274, "data_hora_gmt": "2026-04-19T16:05:00Z", "data_pas": "2026-04-19", "satelite": "NOAA-21", "municipio": "ARACI", "estado": "BAHIA", "pais": "Brasil", "precipitacao": 0, "numero_dias_sem_chuva": 4, "risco_fogo": 1, "bioma": "Caatinga", "id_0": 33, "id_1": 29, "id_2": 2902104, "continente_id": 8, "vegetacao": "Pastagens e gramíneas", "grade_wrs": "216_068", "frp": 3.9}, "bbox": [-39.04909, -11.29274, -39.04909, -11.29274]}, {"type": "Feature", "id": "focos_48h_br_todosats.fid--211a0569_19dac319c32_6c95", "geometry": {"type": "Point", "coordinates": [-42.37159, -14.9251]}, "geometry_name": "geometria", "properties": {"id_foco_bdq": 1814759778, "foco_id": "5230e7c2-eaa5-3764-b209-ab9ba57f2d45", "longitude": -42.37159, "latitude": -14.9251, "data_hora_gmt": "2026-04-19T16:05:00Z", "data_pas": "2026-04-19", "satelite": "NOAA-21", "municipio": "JACARACI", "estado": "BAHIA", "pais": "Brasil", "precipitacao": 0, "numero_dias_sem_chuva": 9, "risco_fogo": 0.42, "bioma": "Caatinga", "id_0": 33, "id_1": 29, "id_2": 2917409, "continente_id": 8, "vegetacao": "Savana; Caatinga aberta", "grade_wrs": "218_070", "frp": 4.1}, "bbox": [-42.37159, -14.9251, -42.37159, -14.9251]}, {"type": "Feature", "id": "focos_48h_br_todosats.fid--211a0569_19dac319c32_6c96", "geometry": {"type": "Point", "coordinates": [-37.62794, -10.08052]}, "geometry_name": "geometria", "properties": {"id_foco_bdq": 1814759779, "foco_id": "ce597ddf-6d56-370a-9549-9d1805479d39", "longitude": -37.62794, "latitude": -10.08052, "data_hora_gmt": "2026-04-19T16:05:00Z", "data_pas": "2026-04-19", "satelite": "NOAA-21", "municipio": "MONTE ALEGRE DE SERGIPE", "estado": "SERGIPE", "pais": "Brasil", "precipitacao": 5.67, "numero_dias_sem_chuva": 3, "risco_fogo": 0.88, "bioma": "Caatinga", "id_0": 33, "id_1": 28, "id_2": 2804201, "continente_id": 8, "vegetacao": "Pastagens e gramíneas", "grade_wrs": "215_067", "frp": 9.6}, "bbox": [-37.62794, -10.08052, -37.62794, -10.08052]}, {"type": "Feature", "id": "focos_48h_br_todosats.fid--211a0569_19dac319c32_6c97", "geometry": {"type": "Point", "coordinates": [-39.74896, -13.22993]}, "geometry_name": "geometria", "properties": {"id_foco_bdq": 1814759795, "foco_id": "52203c69-8655-3a58-ba7a-d01a906dbca2", "longitude": -39.74896, "latitude": -13.22993, "data_hora_gmt": "2026-04-19T16:05:00Z", "data_pas": "2026-04-19", "satelite": "NOAA-21", "municipio": "UBAÍRA", "estado": "BAHIA", "pais": "Brasil", "precipitacao": 0.1, "numero_dias_sem_chuva": 5, "risco_fogo": 0.08, "bioma": "Mata Atlântica", "id_0": 33, "id_1": 29, "id_2": 2932101, "continente_id": 8, "vegetacao": "Floresta de contato; Campinarana", "grade_wrs": "216_069", "frp": 3.9}, "bbox": [-39.74896, -13.22993, -39.74896, -13.22993]}, {"type": "Feature", "id": "focos_48h_br_todosats.fid--211a0569_19dac319c32_6c98", "geometry": {"type": "Point", "coordinates": [-43.79016, -13.4482]}, "geometry_name": "geometria", "properties": {"id_foco_bdq": 1814759832, "foco_id": "caf21368-a748-35d8-b6b6-c0f7974aedea", "longitude": -43.79016, "latitude": -13.4482, "data_hora_gmt": "2026-04-19T16:05:00Z", "data_pas": "2026-04-19", "satelite": "NOAA-21", "municipio": "SERRA DO RAMALHO", "estado": "BAHIA", "pais": "Brasil", "precipitacao": 0.1, "numero_dias_sem_chuva": 8, "risco_fogo": 0.59, "bioma": "Cerrado", "id_0": 33, "id_1": 29, "id_2": 2930154, "continente_id": 8, "vegetacao": "Savana; Caatinga aberta", "grade_wrs": "219_069", "frp": 5.4}, "bbox": [-43.79016, -13.4482, -43.79016, -13.4482]}, {"type": "Feature", "id": "focos_48h_br_todosats.fid--211a0569_19dac319c32_6c99", "geometry": {"type": "Point", "coordinates": [-40.15456, -10.57086]}, "geometry_name": "geometria", "properties": {"id_foco_bdq": 1814759877, "foco_id": "eebb4c10-5a9e-3276-8869-482d64bd06ca", "longitude": -40.15456, "latitude": -10.57086, "data_hora_gmt": "2026-04-19T16:05:00Z", "data_pas": "2026-04-19", "satelite": "NOAA-21", "municipio": "SENHOR DO BONFIM", "estado": "BAHIA", "pais": "Brasil", "precipitacao": 1.29, "numero_dias_sem_chuva": 5, "risco_fogo": 0.94, "bioma": "Caatinga", "id_0": 33, "id_1": 29, "id_2": 2930105, "continente_id": 8, "vegetacao": "Pastagens e gramíneas", "grade_wrs": "217_067", "frp": 5.5}, "bbox": [-40.15456, -10.57086, -40.15456, -10.57086]}, {"type": "Feature", "id": "focos_48h_br_todosats.fid--211a0569_19dac319c32_6c9a", "geometry": {"type": "Point", "coordinates": [-40.15824, -10.5714]}, "geometry_name": "geometria", "properties": {"id_foco_bdq": 1814759895, "foco_id": "46187319-b012-340e-8e67-773d5b715dfe", "longitude": -40.15824, "latitude": -10.5714, "data_hora_gmt": "2026-04-19T16:05:00Z", "data_pas": "2026-04-19", "satelite": "NOAA-21", "municipio": "SENHOR DO BONFIM", "estado": "BAHIA", "pais": "Brasil", "precipitacao": 1.25, "numero_dias_sem_chuva": 5, "risco_fogo": 0.9, "bioma": "Caatinga", "id_0": 33, "id_1": 29, "id_2": 2930105, "continente_id": 8, "vegetacao": "Pastagens e gramíneas", "grade_wrs": "217_067", "frp": 8.4}, "bbox": [-40.15824, -10.5714, -40.15824, -10.5714]}, {"type": "Feature", "id": "focos_48h_br_todosats.fid--211a0569_19dac319c32_6c9b", "geometry": {"type": "Point", "coordinates": [-38.63459, -10.70057]}, "geometry_name": "geometria", "properties": {"id_foco_bdq": 1814759908, "foco_id": "4ce48086-ade5-3d1a-97ef-06b6021d3e2c", "longitude": -38.63459, "latitude": -10.70057, "data_hora_gmt": "2026-04-19T16:05:00Z", "data_pas": "2026-04-19", "satelite": "NOAA-21", "municipio": "BANZAÊ", "estado": "BAHIA", "pais": "Brasil", "precipitacao": 0, "numero_dias_sem_chuva": 3, "risco_fogo": 0.75, "bioma": "Caatinga", "id_0": 33, "id_1": 29, "id_2": 2902658, "continente_id": 8, "vegetacao": "Savana; Caatinga aberta", "grade_wrs": "216_067", "frp": 2.3}, "bbox": [-38.63459, -10.70057, -38.63459, -10.70057]}, {"type": "Feature", "id": "focos_48h_br_todosats.fid--211a0569_19dac319c32_6c9c", "geometry": {"type": "Point", "coordinates": [-37.95613, -12.15758]}, "geometry_name": "geometria", "properties": {"id_foco_bdq": 1814759928, "foco_id": "dd0642d4-0539-3a4c-81c2-45e80fdc58e1", "longitude": -37.95613, "latitude": -12.15758, "data_hora_gmt": "2026-04-19T16:05:00Z", "data_pas": "2026-04-19", "satelite": "NOAA-21", "municipio": "ENTRE RIOS", "estado": "BAHIA", "pais": "Brasil", "precipitacao": 0.16, "numero_dias_sem_chuva": -999, "risco_fogo": 0.46, "bioma": "Mata Atlântica", "id_0": 33, "id_1": 29, "id_2": 2910503, "continente_id": 8, "vegetacao": "Savana arbórea; Caatinga fechada", "grade_wrs": "215_068", "frp": 3.4}, "bbox": [-37.95613, -12.15758, -37.95613, -12.15758]}, {"type": "Feature", "id": "focos_48h_br_todosats.fid--211a0569_19dac319c32_6c9d", "geometry": {"type": "Point", "coordinates": [-42.94057, -13.82489]}, "geometry_name": "geometria", "properties": {"id_foco_bdq": 1814759930, "foco_id": "d7b1616a-23b2-33b8-a7c2-662fa2ef6f4b", "longitude": -42.94057, "latitude": -13.82489, "data_hora_gmt": "2026-04-19T16:05:00Z", "data_pas": "2026-04-19", "satelite": "NOAA-21", "municipio": "MATINA", "estado": "BAHIA", "pais": "Brasil", "precipitacao": 0.1, "numero_dias_sem_chuva": 3, "risco_fogo": 0.94, "bioma": "Caatinga", "id_0": 33, "id_1": 29, "id_2": 2921054, "continente_id": 8, "vegetacao": "Pastagens e gramíneas", "grade_wrs": "218_070", "frp": 6.9}, "bbox": [-42.94057, -13.82489, -42.94057, -13.82489]}, {"type": "Feature", "id": "focos_48h_br_todosats.fid--211a0569_19dac319c32_6c9e", "geometry": {"type": "Point", "coordinates": [-40.32082, -10.81618]}, "geometry_name": "geometria", "properties": {"id_foco_bdq": 1814759941, "foco_id": "a9c43cf9-6292-3976-8c82-635b749eb0bd", "longitude": -40.32082, "latitude": -10.81618, "data_hora_gmt": "2026-04-19T16:05:00Z", "data_pas": "2026-04-19", "satelite": "NOAA-21", "municipio": "PINDOBAÇU", "estado": "BAHIA", "pais": "Brasil", "precipitacao": 0.21, "numero_dias_sem_chuva": 5, "risco_fogo": 1, "bioma": "Caatinga", "id_0": 33, "id_1": 29, "id_2": 2924603, "continente_id": 8, "vegetacao": "Pastagens e gramíneas", "grade_wrs": "217_067", "frp": 4.8}, "bbox": [-40.32082, -10.81618, -40.32082, -10.81618]}, {"type": "Feature", "id": "focos_48h_br_todosats.fid--211a0569_19dac319c32_6c9f", "geometry": {"type": "Point", "coordinates": [-38.21466, -11.55779]}, "geometry_name": "geometria", "properties": {"id_foco_bdq": 1814759948, "foco_id": "bcaf84ff-ae15-374e-a64e-a5256943a2ba", "longitude": -38.21466, "latitude": -11.55779, "data_hora_gmt": "2026-04-19T16:05:00Z", "data_pas": "2026-04-19", "satelite": "NOAA-21", "municipio": "CRISÓPOLIS", "estado": "BAHIA", "pais": "Brasil", "precipitacao": 0.01, "numero_dias_sem_chuva": 4, "risco_fogo": 1, "bioma": "Caatinga", "id_0": 33, "id_1": 29, "id_2": 2909604, "continente_id": 8, "vegetacao": "Pastagens e gramíneas", "grade_wrs": "215_068", "frp": 4}, "bbox": [-38.21466, -11.55779, -38.21466, -11.55779]}, {"type": "Feature", "id": "focos_48h_br_todosats.fid--211a0569_19dac319c32_6ca0", "geometry": {"type": "Point", "coordinates": [-39.33259, -15.44888]}, "geometry_name": "geometria", "properties": {"id_foco_bdq": 1814759964, "foco_id": "c078d7fe-1471-30f4-aeb9-2368431bfe17", "longitude": -39.33259, "latitude": -15.44888, "data_hora_gmt": "2026-04-19T16:05:00Z", "data_pas": "2026-04-19", "satelite": "NOAA-21", "municipio": "SANTA LUZIA", "estado": "BAHIA", "pais": "Brasil", "precipitacao": 0, "numero_dias_sem_chuva": 5, "risco_fogo": 0.65, "bioma": "Mata Atlântica", "id_0": 33, "id_1": 29, "id_2": 2928059, "continente_id": 8, "vegetacao": "Savana; Caatinga aberta", "grade_wrs": "215_071", "frp": 4.2}, "bbox": [-39.33259, -15.44888, -39.33259, -15.44888]}, {"type": "Feature", "id": "focos_48h_br_todosats.fid--211a0569_19dac319c32_6ca1", "geometry": {"type": "Point", "coordinates": [-43.61212, -13.32129]}, "geometry_name": "geometria", "properties": {"id_foco_bdq": 1814759982, "foco_id": "30644308-902d-3e29-b930-3498a2b8fec4", "longitude": -43.61212, "latitude": -13.32129, "data_hora_gmt": "2026-04-19T16:05:00Z", "data_pas": "2026-04-19", "satelite": "NOAA-21", "municipio": "SERRA DO RAMALHO", "estado": "BAHIA", "pais": "Brasil", "precipitacao": 0.56, "numero_dias_sem_chuva": 8, "risco_fogo": 1, "bioma": "Cerrado", "id_0": 33, "id_1": 29, "id_2": 2930154, "continente_id": 8, "vegetacao": "Pastagens e gramíneas", "grade_wrs": "219_069", "frp": 12}, "bbox": [-43.61212, -13.32129, -43.61212, -13.32129]}, {"type": "Feature", "id": "focos_48h_br_todosats.fid--211a0569_19dac319c32_6ca2", "geometry": {"type": "Point", "coordinates": [-50.84069, -16.44315]}, "geometry_name": "geometria", "properties": {"id_foco_bdq": 1814759988, "foco_id": "a2be1a49-1d62-3c4b-8817-2d28d87221a4", "longitude": -50.84069, "latitude": -16.44315, "data_hora_gmt": "2026-04-19T16:05:00Z", "data_pas": "2026-04-19", "satelite": "NOAA-21", "municipio": "ISRAELÂNDIA", "estado": "GOIÁS", "pais": "Brasil", "precipitacao": 0.1, "numero_dias_sem_chuva": 8, "risco_fogo": 0.17, "bioma": "Cerrado", "id_0": 33, "id_1": 52, "id_2": 5210307, "continente_id": 8, "vegetacao": "Savana; Caatinga aberta", "grade_wrs": "223_071", "frp": 8.4}, "bbox": [-50.84069, -16.44315, -50.84069, -16.44315]}, {"type": "Feature", "id": "focos_48h_br_todosats.fid--211a0569_19dac319c32_6ca3", "geometry": {"type": "Point", "coordinates": [-38.05206, -9.77182]}, "geometry_name": "geometria", "properties": {"id_foco_bdq": 1814759989, "foco_id": "188cc4a4-155f-3d0f-84c0-b904d7d2000c", "longitude": -38.05206, "latitude": -9.77182, "data_hora_gmt": "2026-04-19T16:05:00Z", "data_pas": "2026-04-19", "satelite": "NOAA-21", "municipio": "SANTA BRÍGIDA", "estado": "BAHIA", "pais": "Brasil", "precipitacao": 11.36, "numero_dias_sem_chuva": 3, "risco_fogo": 0.4, "bioma": "Caatinga", "id_0": 33, "id_1": 29, "id_2": 2927606, "continente_id": 8, "vegetacao": "Pastagens e gramíneas", "grade_wrs": "215_067", "frp": 6.8}, "bbox": [-38.05206, -9.77182, -38.05206, -9.77182]}, {"type": "Feature", "id": "focos_48h_br_todosats.fid--211a0569_19dac319c32_6ca4", "geometry": {"type": "Point", "coordinates": [-37.82028, -9.87214]}, "geometry_name": "geometria", "properties": {"id_foco_bdq": 1814760001, "foco_id": "8ddd66c6-efb7-398e-8329-917ac6620fb3", "longitude": -37.82028, "latitude": -9.87214, "data_hora_gmt": "2026-04-19T16:05:00Z", "data_pas": "2026-04-19", "satelite": "NOAA-21", "municipio": "POÇO REDONDO", "estado": "SERGIPE", "pais": "Brasil", "precipitacao": 4.2, "numero_dias_sem_chuva": 3, "risco_fogo": 1, "bioma": "Caatinga", "id_0": 33, "id_1": 28, "id_2": 2805406, "continente_id": 8, "vegetacao": "Pastagens e gramíneas", "grade_wrs": "215_067", "frp": 3.5}, "bbox": [-37.82028, -9.87214, -37.82028, -9.87214]}, {"type": "Feature", "id": "focos_48h_br_todosats.fid--211a0569_19dac319c32_6ca5", "geometry": {"type": "Point", "coordinates": [-39.23389, -10.75988]}, "geometry_name": "geometria", "properties": {"id_foco_bdq": 1814760020, "foco_id": "a45669be-c78f-33cf-bcee-b22f4d8b8a43", "longitude": -39.23389, "latitude": -10.75988, "data_hora_gmt": "2026-04-19T16:05:00Z", "data_pas": "2026-04-19", "satelite": "NOAA-21", "municipio": "QUIJINGUE", "estado": "BAHIA", "pais": "Brasil", "precipitacao": 0, "numero_dias_sem_chuva": 4, "risco_fogo": 1, "bioma": "Caatinga", "id_0": 33, "id_1": 29, "id_2": 2925907, "continente_id": 8, "vegetacao": "Pastagens e gramíneas", "grade_wrs": "216_067", "frp": 2.9}, "bbox": [-39.23389, -10.75988, -39.23389, -10.75988]}, {"type": "Feature", "id": "focos_48h_br_todosats.fid--211a0569_19dac319c32_6ca6", "geometry": {"type": "Point", "coordinates": [-39.20597, -10.91532]}, "geometry_name": "geometria", "properties": {"id_foco_bdq": 1814760023, "foco_id": "e005482d-e5dc-30a2-99e4-7295079e30bb", "longitude": -39.20597, "latitude": -10.91532, "data_hora_gmt": "2026-04-19T16:05:00Z", "data_pas": "2026-04-19", "satelite": "NOAA-21", "municipio": "QUIJINGUE", "estado": "BAHIA", "pais": "Brasil", "precipitacao": 0, "numero_dias_sem_chuva": 4, "risco_fogo": 1, "bioma": "Caatinga", "id_0": 33, "id_1": 29, "id_2": 2925907, "continente_id": 8, "vegetacao": "Pastagens e gramíneas", "grade_wrs": "216_068", "frp": 6.5}, "bbox": [-39.20597, -10.91532, -39.20597, -10.91532]}, {"type": "Feature", "id": "focos_48h_br_todosats.fid--211a0569_19dac319c32_6ca7", "geometry": {"type": "Point", "coordinates": [-40.15408, -10.57426]}, "geometry_name": "geometria", "properties": {"id_foco_bdq": 1814760043, "foco_id": "68843001-e155-33c3-aed2-edd8e0bea58d", "longitude": -40.15408, "latitude": -10.57426, "data_hora_gmt": "2026-04-19T16:05:00Z", "data_pas": "2026-04-19", "satelite": "NOAA-21", "municipio": "SENHOR DO BONFIM", "estado": "BAHIA", "pais": "Brasil", "precipitacao": 1.26, "numero_dias_sem_chuva": 5, "risco_fogo": 0.99, "bioma": "Caatinga", "id_0": 33, "id_1": 29, "id_2": 2930105, "continente_id": 8, "vegetacao": "Pastagens e gramíneas", "grade_wrs": "217_067", "frp": 5.5}, "bbox": [-40.15408, -10.57426, -40.15408, -10.57426]}, {"type": "Feature", "id": "focos_48h_br_todosats.fid--211a0569_19dac319c32_6ca8", "geometry": {"type": "Point", "coordinates": [-44.03104, -13.47097]}, "geometry_name": "geometria", "properties": {"id_foco_bdq": 1814760047, "foco_id": "23e88db2-3e67-3b36-8e72-4f25eb0494da", "longitude": -44.03104, "latitude": -13.47097, "data_hora_gmt": "2026-04-19T16:05:00Z", "data_pas": "2026-04-19", "satelite": "NOAA-21", "municipio": "SÃO FÉLIX DO CORIBE", "estado": "BAHIA", "pais": "Brasil", "precipitacao": 0.6, "numero_dias_sem_chuva": 1, "risco_fogo": 0.29, "bioma": "Cerrado", "id_0": 33, "id_1": 29, "id_2": 2929057, "continente_id": 8, "vegetacao": "Savana arbórea; Caatinga fechada", "grade_wrs": "219_069", "frp": 31.1}, "bbox": [-44.03104, -13.47097, -44.03104, -13.47097]}, {"type": "Feature", "id": "focos_48h_br_todosats.fid--211a0569_19dac319c32_6ca9", "geometry": {"type": "Point", "coordinates": [-39.241, -15.61764]}, "geometry_name": "geometria", "properties": {"id_foco_bdq": 1814760054, "foco_id": "b85873fc-1382-33bf-8956-b8736c36b676", "longitude": -39.241, "latitude": -15.61764, "data_hora_gmt": "2026-04-19T16:05:00Z", "data_pas": "2026-04-19", "satelite": "NOAA-21", "municipio": "MASCOTE", "estado": "BAHIA", "pais": "Brasil", "precipitacao": 0, "numero_dias_sem_chuva": 6, "risco_fogo": 0.12, "bioma": "Mata Atlântica", "id_0": 33, "id_1": 29, "id_2": 2920908, "continente_id": 8, "vegetacao": "Floresta Ombrófila densa", "grade_wrs": "215_071", "frp": 3.3}, "bbox": [-39.241, -15.61764, -39.241, -15.61764]}, {"type": "Feature", "id": "focos_48h_br_todosats.fid--211a0569_19dac319c32_6caa", "geometry": {"type": "Point", "coordinates": [-41.32823, -13.25494]}, "geometry_name": "geometria", "properties": {"id_foco_bdq": 1814760059, "foco_id": "a83c00e6-6580-3a3f-9e5e-bf1719899f7d", "longitude": -41.32823, "latitude": -13.25494, "data_hora_gmt": "2026-04-19T16:05:00Z", "data_pas": "2026-04-19", "satelite": "NOAA-21", "municipio": "MUCUGÊ", "estado": "BAHIA", "pais": "Brasil", "precipitacao": 0.3, "numero_dias_sem_chuva": 0, "risco_fogo": 0.05, "bioma": "Caatinga", "id_0": 33, "id_1": 29, "id_2": 2921906, "continente_id": 8, "vegetacao": "Florestas decíduas e sazonais", "grade_wrs": "217_069", "frp": 5.1}, "bbox": [-41.32823, -13.25494, -41.32823, -13.25494]}, {"type": "Feature", "id": "focos_48h_br_todosats.fid--211a0569_19dac319c32_6cab", "geometry": {"type": "Point", "coordinates": [-40.51167, -10.72163]}, "geometry_name": "geometria", "properties": {"id_foco_bdq": 1814760062, "foco_id": "e72662c3-67c7-3ca4-b24e-bee5073d510f", "longitude": -40.51167, "latitude": -10.72163, "data_hora_gmt": "2026-04-19T16:05:00Z", "data_pas": "2026-04-19", "satelite": "NOAA-21", "municipio": "MIRANGABA", "estado": "BAHIA", "pais": "Brasil", "precipitacao": 3.11, "numero_dias_sem_chuva": 5, "risco_fogo": 0.33, "bioma": "Caatinga", "id_0": 33, "id_1": 29, "id_2": 2921401, "continente_id": 8, "vegetacao": "Savana arbórea; Caatinga fechada", "grade_wrs": "217_067", "frp": 8.3}, "bbox": [-40.51167, -10.72163, -40.51167, -10.72163]}, {"type": "Feature", "id": "focos_48h_br_todosats.fid--211a0569_19dac319c32_6cac", "geometry": {"type": "Point", "coordinates": [-39.28728, -15.41081]}, "geometry_name": "geometria", "properties": {"id_foco_bdq": 1814760066, "foco_id": "4c57c331-1142-38bb-9383-8c8f4d4a143b", "longitude": -39.28728, "latitude": -15.41081, "data_hora_gmt": "2026-04-19T16:05:00Z", "data_pas": "2026-04-19", "satelite": "NOAA-21", "municipio": "SANTA LUZIA", "estado": "BAHIA", "pais": "Brasil", "precipitacao": 0, "numero_dias_sem_chuva": 5, "risco_fogo": 0.36, "bioma": "Mata Atlântica", "id_0": 33, "id_1": 29, "id_2": 2928059, "continente_id": 8, "vegetacao": "Floresta de contato; Campinarana", "grade_wrs": "215_071", "frp": 3}, "bbox": [-39.28728, -15.41081, -39.28728, -15.41081]}, {"type": "Feature", "id": "focos_48h_br_todosats.fid--211a0569_19dac319c32_6cad", "geometry": {"type": "Point", "coordinates": [-38.25522, -10.9518]}, "geometry_name": "geometria", "properties": {"id_foco_bdq": 1814760114, "foco_id": "b064d806-70ef-3f14-85b2-1bf732a6698a", "longitude": -38.25522, "latitude": -10.9518, "data_hora_gmt": "2026-04-19T16:05:00Z", "data_pas": "2026-04-19", "satelite": "NOAA-21", "municipio": "ITAPICURU", "estado": "BAHIA", "pais": "Brasil", "precipitacao": 0, "numero_dias_sem_chuva": 4, "risco_fogo": 1, "bioma": "Caatinga", "id_0": 33, "id_1": 29, "id_2": 2916500, "continente_id": 8, "vegetacao": "Pastagens e gramíneas", "grade_wrs": "215_068", "frp": 2.3}, "bbox": [-38.25522, -10.9518, -38.25522, -10.9518]}, {"type": "Feature", "id": "focos_48h_br_todosats.fid--211a0569_19dac319c32_6cae", "geometry": {"type": "Point", "coordinates": [-38.8171, -11.31577]}, "geometry_name": "geometria", "properties": {"id_foco_bdq": 1814760164, "foco_id": "4957b027-12ce-336d-b631-954c8c867609", "longitude": -38.8171, "latitude": -11.31577, "data_hora_gmt": "2026-04-19T16:05:00Z", "data_pas": "2026-04-19", "satelite": "NOAA-21", "municipio": "TUCANO", "estado": "BAHIA", "pais": "Brasil", "precipitacao": 0, "numero_dias_sem_chuva": 5, "risco_fogo": 0.99, "bioma": "Caatinga", "id_0": 33, "id_1": 29, "id_2": 2931905, "continente_id": 8, "vegetacao": "Pastagens e gramíneas", "grade_wrs": "216_068", "frp": 2.4}, "bbox": [-38.8171, -11.31577, -38.8171, -11.31577]}, {"type": "Feature", "id": "focos_48h_br_todosats.fid--211a0569_19dac319c32_6caf", "geometry": {"type": "Point", "coordinates": [-38.87183, -12.15962]}, "geometry_name": "geometria", "properties": {"id_foco_bdq": 1814760172, "foco_id": "2eee28f0-0590-35bf-8c80-89e9e12605a5", "longitude": -38.87183, "latitude": -12.15962, "data_hora_gmt": "2026-04-19T16:05:00Z", "data_pas": "2026-04-19", "satelite": "NOAA-21", "municipio": "CORAÇÃO DE MARIA", "estado": "BAHIA", "pais": "Brasil", "precipitacao": 0.11, "numero_dias_sem_chuva": 4, "risco_fogo": 1, "bioma": "Caatinga", "id_0": 33, "id_1": 29, "id_2": 2908903, "continente_id": 8, "vegetacao": "Pastagens e gramíneas", "grade_wrs": "216_068", "frp": 1.5}, "bbox": [-38.87183, -12.15962, -38.87183, -12.15962]}, {"type": "Feature", "id": "focos_48h_br_todosats.fid--211a0569_19dac319c32_6cb0", "geometry": {"type": "Point", "coordinates": [-42.9443, -13.82537]}, "geometry_name": "geometria", "properties": {"id_foco_bdq": 1814760182, "foco_id": "19b8d2af-2a06-36e8-8467-e149370838ff", "longitude": -42.9443, "latitude": -13.82537, "data_hora_gmt": "2026-04-19T16:05:00Z", "data_pas": "2026-04-19", "satelite": "NOAA-21", "municipio": "MATINA", "estado": "BAHIA", "pais": "Brasil", "precipitacao": 0.1, "numero_dias_sem_chuva": 3, "risco_fogo": 0.67, "bioma": "Caatinga", "id_0": 33, "id_1": 29, "id_2": 2921054, "continente_id": 8, "vegetacao": "Agricultura e diversos", "grade_wrs": "218_070", "frp": 7.7}, "bbox": [-42.9443, -13.82537, -42.9443, -13.82537]}, {"type": "Feature", "id": "focos_48h_br_todosats.fid--211a0569_19dac319c32_6cb1", "geometry": {"type": "Point", "coordinates": [-43.79418, -13.44873]}, "geometry_name": "geometria", "properties": {"id_foco_bdq": 1814760187, "foco_id": "004e85e4-a302-3dc3-96c6-5cd1db7ab304", "longitude": -43.79418, "latitude": -13.44873, "data_hora_gmt": "2026-04-19T16:05:00Z", "data_pas": "2026-04-19", "satelite": "NOAA-21", "municipio": "SERRA DO RAMALHO", "estado": "BAHIA", "pais": "Brasil", "precipitacao": 0.1, "numero_dias_sem_chuva": 8, "risco_fogo": 0.68, "bioma": "Cerrado", "id_0": 33, "id_1": 29, "id_2": 2930154, "continente_id": 8, "vegetacao": "Agricultura e diversos", "grade_wrs": "219_069", "frp": 5.4}, "bbox": [-43.79418, -13.44873, -43.79418, -13.44873]}, {"type": "Feature", "id": "focos_48h_br_todosats.fid--211a0569_19dac319c32_6cb2", "geometry": {"type": "Point", "coordinates": [-40.55606, -15.45541]}, "geometry_name": "geometria", "properties": {"id_foco_bdq": 1814760262, "foco_id": "668d9ec9-e3f9-3af0-be19-4eb1f76ffe9f", "longitude": -40.55606, "latitude": -15.45541, "data_hora_gmt": "2026-04-19T16:05:00Z", "data_pas": "2026-04-19", "satelite": "NOAA-21", "municipio": "RIBEIRÃO DO LARGO", "estado": "BAHIA", "pais": "Brasil", "precipitacao": 0, "numero_dias_sem_chuva": 2, "risco_fogo": 0.43, "bioma": "Mata Atlântica", "id_0": 33, "id_1": 29, "id_2": 2926657, "continente_id": 8, "vegetacao": "Savana arbórea; Caatinga fechada", "grade_wrs": "216_071", "frp": 5.4}, "bbox": [-40.55606, -15.45541, -40.55606, -15.45541]}, {"type": "Feature", "id": "focos_48h_br_todosats.fid--211a0569_19dac319c32_6cb3", "geometry": {"type": "Point", "coordinates": [-39.18123, -10.4257]}, "geometry_name": "geometria", "properties": {"id_foco_bdq": 1814760293, "foco_id": "21516259-604c-3db9-97f2-06ffbded2029", "longitude": -39.18123, "latitude": -10.4257, "data_hora_gmt": "2026-04-19T16:05:00Z", "data_pas": "2026-04-19", "satelite": "NOAA-21", "municipio": "EUCLIDES DA CUNHA", "estado": "BAHIA", "pais": "Brasil", "precipitacao": 1.82, "numero_dias_sem_chuva": 3, "risco_fogo": 0.93, "bioma": "Caatinga", "id_0": 33, "id_1": 29, "id_2": 2910701, "continente_id": 8, "vegetacao": "Pastagens e gramíneas", "grade_wrs": "216_067", "frp": 8.9}, "bbox": [-39.18123, -10.4257, -39.18123, -10.4257]}, {"type": "Feature", "id": "focos_48h_br_todosats.fid--211a0569_19dac319c32_6cb4", "geometry": {"type": "Point", "coordinates": [-41.32546, -13.25417]}, "geometry_name": "geometria", "properties": {"id_foco_bdq": 1814760295, "foco_id": "920d1111-c36d-3bf7-8b94-9f77eff9377a", "longitude": -41.32546, "latitude": -13.25417, "data_hora_gmt": "2026-04-19T16:05:00Z", "data_pas": "2026-04-19", "satelite": "NOAA-21", "municipio": "MUCUGÊ", "estado": "BAHIA", "pais": "Brasil", "precipitacao": 0.31, "numero_dias_sem_chuva": 0, "risco_fogo": 0.06, "bioma": "Caatinga", "id_0": 33, "id_1": 29, "id_2": 2921906, "continente_id": 8, "vegetacao": "Florestas decíduas e sazonais", "grade_wrs": "217_069", "frp": 5.1}, "bbox": [-41.32546, -13.25417, -41.32546, -13.25417]}, {"type": "Feature", "id": "focos_48h_br_todosats.fid--211a0569_19dac319c32_6cb5", "geometry": {"type": "Point", "coordinates": [-49.07151, -14.6451]}, "geometry_name": "geometria", "properties": {"id_foco_bdq": 1814760306, "foco_id": "5f333dc0-238a-32c0-8488-bd107bbba44d", "longitude": -49.07151, "latitude": -14.6451, "data_hora_gmt": "2026-04-19T16:05:00Z", "data_pas": "2026-04-19", "satelite": "NOAA-21", "municipio": "URUAÇU", "estado": "GOIÁS", "pais": "Brasil", "precipitacao": 0, "numero_dias_sem_chuva": 0, "risco_fogo": 0.55, "bioma": "Cerrado", "id_0": 33, "id_1": 52, "id_2": 5221601, "continente_id": 8, "vegetacao": "Pastagens e gramíneas", "grade_wrs": "222_070", "frp": 13.4}, "bbox": [-49.07151, -14.6451, -49.07151, -14.6451]}, {"type": "Feature", "id": "focos_48h_br_todosats.fid--211a0569_19dac319c32_6cb6", "geometry": {"type": "Point", "coordinates": [-39.06401, -11.72988]}, "geometry_name": "geometria", "properties": {"id_foco_bdq": 1814760318, "foco_id": "d615207a-9e5f-3ca2-8b5a-90165d0200d1", "longitude": -39.06401, "latitude": -11.72988, "data_hora_gmt": "2026-04-19T16:05:00Z", "data_pas": "2026-04-19", "satelite": "NOAA-21", "municipio": "SERRINHA", "estado": "BAHIA", "pais": "Brasil", "precipitacao": 0, "numero_dias_sem_chuva": 4, "risco_fogo": 1, "bioma": "Caatinga", "id_0": 33, "id_1": 29, "id_2": 2930501, "continente_id": 8, "vegetacao": "Pastagens e gramíneas", "grade_wrs": "216_068", "frp": 14.7}, "bbox": [-39.06401, -11.72988, -39.06401, -11.72988]}, {"type": "Feature", "id": "focos_48h_br_todosats.fid--211a0569_19dac319c32_6cb7", "geometry": {"type": "Point", "coordinates": [-39.04959, -11.28942]}, "geometry_name": "geometria", "properties": {"id_foco_bdq": 1814760322, "foco_id": "88b44ad7-395d-3904-98d6-c4851f5d167e", "longitude": -39.04959, "latitude": -11.28942, "data_hora_gmt": "2026-04-19T16:05:00Z", "data_pas": "2026-04-19", "satelite": "NOAA-21", "municipio": "ARACI", "estado": "BAHIA", "pais": "Brasil", "precipitacao": 0, "numero_dias_sem_chuva": 4, "risco_fogo": 1, "bioma": "Caatinga", "id_0": 33, "id_1": 29, "id_2": 2902104, "continente_id": 8, "vegetacao": "Pastagens e gramíneas", "grade_wrs": "216_068", "frp": 3.9}, "bbox": [-39.04959, -11.28942, -39.04959, -11.28942]}, {"type": "Feature", "id": "focos_48h_br_todosats.fid--211a0569_19dac319c32_6cb8", "geometry": {"type": "Point", "coordinates": [-37.37845, -8.736]}, "geometry_name": "geometria", "properties": {"id_foco_bdq": 1814760087, "foco_id": "a92692ce-b9ba-32cb-998e-9fdef98190c2", "longitude": -37.37845, "latitude": -8.736, "data_hora_gmt": "2026-04-19T16:07:00Z", "data_pas": "2026-04-19", "satelite": "NOAA-21", "municipio": "TUPANATINGA", "estado": "PERNAMBUCO", "pais": "Brasil", "precipitacao": 0, "numero_dias_sem_chuva": 4, "risco_fogo": 1, "bioma": "Caatinga", "id_0": 33, "id_1": 26, "id_2": 2615805, "continente_id": 8, "vegetacao": "Pastagens e gramíneas", "grade_wrs": "215_066", "frp": 2.9}, "bbox": [-37.37845, -8.736, -37.37845, -8.736]}, {"type": "Feature", "id": "focos_48h_br_todosats.fid--211a0569_19dac319c32_6cb9", "geometry": {"type": "Point", "coordinates": [-49.83332, -10.51302]}, "geometry_name": "geometria", "properties": {"id_foco_bdq": 1814759599, "foco_id": "d7b272fd-61ed-3985-a4b7-550105766a2d", "longitude": -49.83332, "latitude": -10.51302, "data_hora_gmt": "2026-04-19T16:07:00Z", "data_pas": "2026-04-19", "satelite": "NOAA-21", "municipio": "PIUM", "estado": "TOCANTINS", "pais": "Brasil", "precipitacao": 1.45, "numero_dias_sem_chuva": 0, "risco_fogo": 0.01, "bioma": "Cerrado", "id_0": 33, "id_1": 17, "id_2": 1717503, "continente_id": 8, "vegetacao": "Agricultura e diversos", "grade_wrs": "223_067", "frp": 6.1}, "bbox": [-49.83332, -10.51302, -49.83332, -10.51302]}, {"type": "Feature", "id": "focos_48h_br_todosats.fid--211a0569_19dac319c32_6cba", "geometry": {"type": "Point", "coordinates": [-41.17249, -9.38911]}, "geometry_name": "geometria", "properties": {"id_foco_bdq": 1814759940, "foco_id": "195314bd-d94b-3585-beaa-e5234cfe8358", "longitude": -41.17249, "latitude": -9.38911, "data_hora_gmt": "2026-04-19T16:07:00Z", "data_pas": "2026-04-19", "satelite": "NOAA-21", "municipio": "CASA NOVA", "estado": "BAHIA", "pais": "Brasil", "precipitacao": 0.46, "numero_dias_sem_chuva": 16, "risco_fogo": 0.83, "bioma": "Caatinga", "id_0": 33, "id_1": 29, "id_2": 2907202, "continente_id": 8, "vegetacao": "Savana; Caatinga aberta", "grade_wrs": "218_066", "frp": 2.7}, "bbox": [-41.17249, -9.38911, -41.17249, -9.38911]}, {"type": "Feature", "id": "focos_48h_br_todosats.fid--211a0569_19dac319c32_6cbb", "geometry": {"type": "Point", "coordinates": [-38.34264, -7.89832]}, "geometry_name": "geometria", "properties": {"id_foco_bdq": 1814760093, "foco_id": "5a703208-a9af-36d6-9a5c-e12fb4ffc2a3", "longitude": -38.34264, "latitude": -7.89832, "data_hora_gmt": "2026-04-19T16:07:00Z", "data_pas": "2026-04-19", "satelite": "NOAA-21", "municipio": "SERRA TALHADA", "estado": "PERNAMBUCO", "pais": "Brasil", "precipitacao": 1.5, "numero_dias_sem_chuva": 3, "risco_fogo": 0.08, "bioma": "Caatinga", "id_0": 33, "id_1": 26, "id_2": 2613909, "continente_id": 8, "vegetacao": "Savana arbórea; Caatinga fechada", "grade_wrs": "216_065", "frp": 5.7}, "bbox": [-38.34264, -7.89832, -38.34264, -7.89832]}, {"type": "Feature", "id": "focos_48h_br_todosats.fid--211a0569_19dac319c32_6cbc", "geometry": {"type": "Point", "coordinates": [-39.84789, -8.7964]}, "geometry_name": "geometria", "properties": {"id_foco_bdq": 1814759586, "foco_id": "2eee5f1a-f025-3f10-8951-125f40ab139d", "longitude": -39.84789, "latitude": -8.7964, "data_hora_gmt": "2026-04-19T16:07:00Z", "data_pas": "2026-04-19", "satelite": "NOAA-21", "municipio": "SANTA MARIA DA BOA VISTA", "estado": "PERNAMBUCO", "pais": "Brasil", "precipitacao": 2.61, "numero_dias_sem_chuva": 3, "risco_fogo": 0.4, "bioma": "Caatinga", "id_0": 33, "id_1": 26, "id_2": 2612604, "continente_id": 8, "vegetacao": "Savana; Caatinga aberta", "grade_wrs": "217_066", "frp": 5.3}, "bbox": [-39.84789, -8.7964, -39.84789, -8.7964]}, {"type": "Feature", "id": "focos_48h_br_todosats.fid--211a0569_19dac319c32_6cbd", "geometry": {"type": "Point", "coordinates": [-44.20948, -20.4229]}, "geometry_name": "geometria", "properties": {"id_foco_bdq": 1814760226, "foco_id": "aac9ade4-f890-3bc2-b325-abad883bf006", "longitude": -44.20948, "latitude": -20.4229, "data_hora_gmt": "2026-04-19T16:35:00Z", "data_pas": "2026-04-19", "satelite": "NPP-375", "municipio": "PIEDADE DOS GERAIS", "estado": "MINAS GERAIS", "pais": "Brasil", "precipitacao": 0.1, "numero_dias_sem_chuva": 2, "risco_fogo": 0.75, "bioma": "Mata Atlântica", "id_0": 33, "id_1": 31, "id_2": 3150406, "continente_id": 8, "vegetacao": "Pastagens e gramíneas", "grade_wrs": "218_074", "frp": 3}, "bbox": [-44.20948, -20.4229, -44.20948, -20.4229]}, {"type": "Feature", "id": "focos_48h_br_todosats.fid--211a0569_19dac319c32_6cbe", "geometry": {"type": "Point", "coordinates": [-46.20924, -18.69874]}, "geometry_name": "geometria", "properties": {"id_foco_bdq": 1814759864, "foco_id": "95fc92f3-0e78-3eaf-8f60-16abff4ae638", "longitude": -46.20924, "latitude": -18.69874, "data_hora_gmt": "2026-04-19T16:35:00Z", "data_pas": "2026-04-19", "satelite": "NPP-375", "municipio": "PATOS DE MINAS", "estado": "MINAS GERAIS", "pais": "Brasil", "precipitacao": 0, "numero_dias_sem_chuva": 8, "risco_fogo": 0.88, "bioma": "Cerrado", "id_0": 33, "id_1": 31, "id_2": 3148004, "continente_id": 8, "vegetacao": "Pastagens e gramíneas", "grade_wrs": "219_073", "frp": 2.1}, "bbox": [-46.20924, -18.69874, -46.20924, -18.69874]}, {"type": "Feature", "id": "focos_48h_br_todosats.fid--211a0569_19dac319c32_6cbf", "geometry": {"type": "Point", "coordinates": [-51.38253, -27.12591]}, "geometry_name": "geometria", "properties": {"id_foco_bdq": 1814759656, "foco_id": "a4fff13f-8790-3d41-9c2e-f1a224ec3e3c", "longitude": -51.38253, "latitude": -27.12591, "data_hora_gmt": "2026-04-19T16:35:00Z", "data_pas": "2026-04-19", "satelite": "NPP-375", "municipio": "IBICARÉ", "estado": "SANTA CATARINA", "pais": "Brasil", "precipitacao": 0, "numero_dias_sem_chuva": 3, "risco_fogo": 0.13, "bioma": "Mata Atlântica", "id_0": 33, "id_1": 42, "id_2": 4206801, "continente_id": 8, "vegetacao": "Florestas decíduas e sazonais", "grade_wrs": "222_079", "frp": 10.7}, "bbox": [-51.38253, -27.12591, -51.38253, -27.12591]}, {"type": "Feature", "id": "focos_48h_br_todosats.fid--211a0569_19dac319c32_6cc0", "geometry": {"type": "Point", "coordinates": [-49.06046, -28.6952]}, "geometry_name": "geometria", "properties": {"id_foco_bdq": 1814759880, "foco_id": "a368c2ff-c82f-3848-bf44-403df8505b38", "longitude": -49.06046, "latitude": -28.6952, "data_hora_gmt": "2026-04-19T16:35:00Z", "data_pas": "2026-04-19", "satelite": "NPP-375", "municipio": "JAGUARUNA", "estado": "SANTA CATARINA", "pais": "Brasil", "precipitacao": 0, "numero_dias_sem_chuva": 3, "risco_fogo": 0.79, "bioma": "Mata Atlântica", "id_0": 33, "id_1": 42, "id_2": 4208807, "continente_id": 8, "vegetacao": "Agricultura e diversos", "grade_wrs": "220_080", "frp": 7.5}, "bbox": [-49.06046, -28.6952, -49.06046, -28.6952]}, {"type": "Feature", "id": "focos_48h_br_todosats.fid--211a0569_19dac319c32_6cc1", "geometry": {"type": "Point", "coordinates": [-50.71342, -27.51179]}, "geometry_name": "geometria", "properties": {"id_foco_bdq": 1814759883, "foco_id": "2ea02d10-843a-3e3e-99de-ab5d85e7b60e", "longitude": -50.71342, "latitude": -27.51179, "data_hora_gmt": "2026-04-19T16:35:00Z", "data_pas": "2026-04-19", "satelite": "NPP-375", "municipio": "SÃO JOSÉ DO CERRITO", "estado": "SANTA CATARINA", "pais": "Brasil", "precipitacao": 0, "numero_dias_sem_chuva": 3, "risco_fogo": 0.52, "bioma": "Mata Atlântica", "id_0": 33, "id_1": 42, "id_2": 4216800, "continente_id": 8, "vegetacao": "Savana arbórea; Caatinga fechada", "grade_wrs": "221_079", "frp": 11.3}, "bbox": [-50.71342, -27.51179, -50.71342, -27.51179]}, {"type": "Feature", "id": "focos_48h_br_todosats.fid--211a0569_19dac319c32_6cc2", "geometry": {"type": "Point", "coordinates": [-51.18731, -26.9102]}, "geometry_name": "geometria", "properties": {"id_foco_bdq": 1814759891, "foco_id": "a85e09da-7bbf-395d-934a-74e9e4352442", "longitude": -51.18731, "latitude": -26.9102, "data_hora_gmt": "2026-04-19T16:35:00Z", "data_pas": "2026-04-19", "satelite": "NPP-375", "municipio": "VIDEIRA", "estado": "SANTA CATARINA", "pais": "Brasil", "precipitacao": 0, "numero_dias_sem_chuva": 3, "risco_fogo": 0.1, "bioma": "Mata Atlântica", "id_0": 33, "id_1": 42, "id_2": 4219309, "continente_id": 8, "vegetacao": "Florestas decíduas e sazonais", "grade_wrs": "221_079", "frp": 2.7}, "bbox": [-51.18731, -26.9102, -51.18731, -26.9102]}, {"type": "Feature", "id": "focos_48h_br_todosats.fid--211a0569_19dac319c32_6cc3", "geometry": {"type": "Point", "coordinates": [-50.71336, -27.50996]}, "geometry_name": "geometria", "properties": {"id_foco_bdq": 1814759917, "foco_id": "5cd464cf-f26c-3732-8a45-9e19416eae45", "longitude": -50.71336, "latitude": -27.50996, "data_hora_gmt": "2026-04-19T16:35:00Z", "data_pas": "2026-04-19", "satelite": "NPP-375", "municipio": "SÃO JOSÉ DO CERRITO", "estado": "SANTA CATARINA", "pais": "Brasil", "precipitacao": 0, "numero_dias_sem_chuva": 3, "risco_fogo": 0.43, "bioma": "Mata Atlântica", "id_0": 33, "id_1": 42, "id_2": 4216800, "continente_id": 8, "vegetacao": "Floresta de contato; Campinarana", "grade_wrs": "221_079", "frp": 11.2}, "bbox": [-50.71336, -27.50996, -50.71336, -27.50996]}, {"type": "Feature", "id": "focos_48h_br_todosats.fid--211a0569_19dac319c32_6cc4", "geometry": {"type": "Point", "coordinates": [-40.53198, -18.64797]}, "geometry_name": "geometria", "properties": {"id_foco_bdq": 1814759918, "foco_id": "ee059b13-aaea-3e3a-9667-88b51fe180de", "longitude": -40.53198, "latitude": -18.64797, "data_hora_gmt": "2026-04-19T16:35:00Z", "data_pas": "2026-04-19", "satelite": "NPP-375", "municipio": "VILA PAVÃO", "estado": "ESPÍRITO SANTO", "pais": "Brasil", "precipitacao": 18.6, "numero_dias_sem_chuva": 4, "risco_fogo": 0.01, "bioma": "Mata Atlântica", "id_0": 33, "id_1": 32, "id_2": 3205150, "continente_id": 8, "vegetacao": "Pastagens e gramíneas", "grade_wrs": "216_073", "frp": 7.5}, "bbox": [-40.53198, -18.64797, -40.53198, -18.64797]}, {"type": "Feature", "id": "focos_48h_br_todosats.fid--211a0569_19dac319c32_6cc5", "geometry": {"type": "Point", "coordinates": [-43.24574, -18.59605]}, "geometry_name": "geometria", "properties": {"id_foco_bdq": 1814759639, "foco_id": "fe9aa3b9-e828-392e-8c70-acf2b4c3eeeb", "longitude": -43.24574, "latitude": -18.59605, "data_hora_gmt": "2026-04-19T16:35:00Z", "data_pas": "2026-04-19", "satelite": "NPP-375", "municipio": "SERRO", "estado": "MINAS GERAIS", "pais": "Brasil", "precipitacao": 0, "numero_dias_sem_chuva": 2, "risco_fogo": 0.04, "bioma": "Mata Atlântica", "id_0": 33, "id_1": 31, "id_2": 3167103, "continente_id": 8, "vegetacao": "Floresta Ombrófila densa", "grade_wrs": "218_073", "frp": 3.9}, "bbox": [-43.24574, -18.59605, -43.24574, -18.59605]}, {"type": "Feature", "id": "focos_48h_br_todosats.fid--211a0569_19dac319c32_6cc6", "geometry": {"type": "Point", "coordinates": [-40.08423, -18.42759]}, "geometry_name": "geometria", "properties": {"id_foco_bdq": 1814759638, "foco_id": "fab4bceb-1028-390d-bc59-f6f7267bbb13", "longitude": -40.08423, "latitude": -18.42759, "data_hora_gmt": "2026-04-19T16:35:00Z", "data_pas": "2026-04-19", "satelite": "NPP-375", "municipio": "PINHEIROS", "estado": "ESPÍRITO SANTO", "pais": "Brasil", "precipitacao": 0, "numero_dias_sem_chuva": 2, "risco_fogo": 0.56, "bioma": "Mata Atlântica", "id_0": 33, "id_1": 32, "id_2": 3204104, "continente_id": 8, "vegetacao": "Agricultura e diversos", "grade_wrs": "216_073", "frp": 3.5}, "bbox": [-40.08423, -18.42759, -40.08423, -18.42759]}, {"type": "Feature", "id": "focos_48h_br_todosats.fid--211a0569_19dac319c32_6cc7", "geometry": {"type": "Point", "coordinates": [-40.43485, -19.24213]}, "geometry_name": "geometria", "properties": {"id_foco_bdq": 1814760233, "foco_id": "0852bb23-e81b-39f0-8368-dd6971151ace", "longitude": -40.43485, "latitude": -19.24213, "data_hora_gmt": "2026-04-19T16:35:00Z", "data_pas": "2026-04-19", "satelite": "NPP-375", "municipio": "GOVERNADOR LINDENBERG", "estado": "ESPÍRITO SANTO", "pais": "Brasil", "precipitacao": 7.62, "numero_dias_sem_chuva": 0, "risco_fogo": 0.04, "bioma": "Mata Atlântica", "id_0": 33, "id_1": 32, "id_2": 3202256, "continente_id": 8, "vegetacao": "Savana arbórea; Caatinga fechada", "grade_wrs": "216_073", "frp": 2.4}, "bbox": [-40.43485, -19.24213, -40.43485, -19.24213]}, {"type": "Feature", "id": "focos_48h_br_todosats.fid--211a0569_19dac319c32_6cc8", "geometry": {"type": "Point", "coordinates": [-53.07341, -30.84533]}, "geometry_name": "geometria", "properties": {"id_foco_bdq": 1814760234, "foco_id": "111d4a18-acf7-3750-8102-a43dde3e7f02", "longitude": -53.07341, "latitude": -30.84533, "data_hora_gmt": "2026-04-19T16:35:00Z", "data_pas": "2026-04-19", "satelite": "NPP-375", "municipio": "SANTANA DA BOA VISTA", "estado": "RIO GRANDE DO SUL", "pais": "Brasil", "precipitacao": 0, "numero_dias_sem_chuva": 3, "risco_fogo": 0.16, "bioma": "Pampa", "id_0": 33, "id_1": 43, "id_2": 4317004, "continente_id": 8, "vegetacao": "Florestas decíduas e sazonais", "grade_wrs": "222_081", "frp": 1.8}, "bbox": [-53.07341, -30.84533, -53.07341, -30.84533]}, {"type": "Feature", "id": "focos_48h_br_todosats.fid--211a0569_19dac319c32_6cc9", "geometry": {"type": "Point", "coordinates": [-39.91482, -18.61541]}, "geometry_name": "geometria", "properties": {"id_foco_bdq": 1814759968, "foco_id": "c1441376-fc9c-3671-b965-7b31233a6a9d", "longitude": -39.91482, "latitude": -18.61541, "data_hora_gmt": "2026-04-19T16:35:00Z", "data_pas": "2026-04-19", "satelite": "NPP-375", "municipio": "SÃO MATEUS", "estado": "ESPÍRITO SANTO", "pais": "Brasil", "precipitacao": 1.16, "numero_dias_sem_chuva": -999, "risco_fogo": 0.03, "bioma": "Mata Atlântica", "id_0": 33, "id_1": 32, "id_2": 3204906, "continente_id": 8, "vegetacao": "Floresta Ombrófila densa", "grade_wrs": "215_073", "frp": 10.2}, "bbox": [-39.91482, -18.61541, -39.91482, -18.61541]}, {"type": "Feature", "id": "focos_48h_br_todosats.fid--211a0569_19dac319c32_6cca", "geometry": {"type": "Point", "coordinates": [-52.3457, -24.8548]}, "geometry_name": "geometria", "properties": {"id_foco_bdq": 1814760248, "foco_id": "5bb88019-fcbf-3462-b3d3-29269465dc39", "longitude": -52.3457, "latitude": -24.8548, "data_hora_gmt": "2026-04-19T16:35:00Z", "data_pas": "2026-04-19", "satelite": "NPP-375", "municipio": "PALMITAL", "estado": "PARANÁ", "pais": "Brasil", "precipitacao": 0, "numero_dias_sem_chuva": 2, "risco_fogo": 0.93, "bioma": "Mata Atlântica", "id_0": 33, "id_1": 41, "id_2": 4117800, "continente_id": 8, "vegetacao": "Pastagens e gramíneas", "grade_wrs": "222_077", "frp": 3.8}, "bbox": [-52.3457, -24.8548, -52.3457, -24.8548]}, {"type": "Feature", "id": "focos_48h_br_todosats.fid--211a0569_19dac319c32_6ccb", "geometry": {"type": "Point", "coordinates": [-51.18749, -26.91141]}, "geometry_name": "geometria", "properties": {"id_foco_bdq": 1814759624, "foco_id": "ed8c74aa-f8fd-3ccc-a4ef-bd304f8e84ac", "longitude": -51.18749, "latitude": -26.91141, "data_hora_gmt": "2026-04-19T16:35:00Z", "data_pas": "2026-04-19", "satelite": "NPP-375", "municipio": "VIDEIRA", "estado": "SANTA CATARINA", "pais": "Brasil", "precipitacao": 0, "numero_dias_sem_chuva": 3, "risco_fogo": 0.11, "bioma": "Mata Atlântica", "id_0": 33, "id_1": 42, "id_2": 4219309, "continente_id": 8, "vegetacao": "Florestas decíduas e sazonais", "grade_wrs": "221_079", "frp": 3.2}, "bbox": [-51.18749, -26.91141, -51.18749, -26.91141]}, {"type": "Feature", "id": "focos_48h_br_todosats.fid--211a0569_19dac319c32_6ccc", "geometry": {"type": "Point", "coordinates": [-42.34759, -17.7794]}, "geometry_name": "geometria", "properties": {"id_foco_bdq": 1814760009, "foco_id": "48a3827c-9d39-31a1-9450-991fecc43549", "longitude": -42.34759, "latitude": -17.7794, "data_hora_gmt": "2026-04-19T16:35:00Z", "data_pas": "2026-04-19", "satelite": "NPP-375", "municipio": "CAPELINHA", "estado": "MINAS GERAIS", "pais": "Brasil", "precipitacao": 0, "numero_dias_sem_chuva": 6, "risco_fogo": 0.06, "bioma": "Mata Atlântica", "id_0": 33, "id_1": 31, "id_2": 3112307, "continente_id": 8, "vegetacao": "Florestas decíduas e sazonais", "grade_wrs": "217_072", "frp": 2.4}, "bbox": [-42.34759, -17.7794, -42.34759, -17.7794]}, {"type": "Feature", "id": "focos_48h_br_todosats.fid--211a0569_19dac319c32_6ccd", "geometry": {"type": "Point", "coordinates": [-49.05002, -28.09142]}, "geometry_name": "geometria", "properties": {"id_foco_bdq": 1814760049, "foco_id": "3a0ed5f9-19a1-37b5-a967-641b55253e87", "longitude": -49.05002, "latitude": -28.09142, "data_hora_gmt": "2026-04-19T16:35:00Z", "data_pas": "2026-04-19", "satelite": "NPP-375", "municipio": "SÃO MARTINHO", "estado": "SANTA CATARINA", "pais": "Brasil", "precipitacao": 0, "numero_dias_sem_chuva": 2, "risco_fogo": 0.2, "bioma": "Mata Atlântica", "id_0": 33, "id_1": 42, "id_2": 4217105, "continente_id": 8, "vegetacao": "Floresta Ombrófila densa", "grade_wrs": "220_079", "frp": 6}, "bbox": [-49.05002, -28.09142, -49.05002, -28.09142]}, {"type": "Feature", "id": "focos_48h_br_todosats.fid--211a0569_19dac319c32_6cce", "geometry": {"type": "Point", "coordinates": [-49.39455, -25.17549]}, "geometry_name": "geometria", "properties": {"id_foco_bdq": 1814760050, "foco_id": "29b6efa7-d469-3469-818e-33d60de3c9c4", "longitude": -49.39455, "latitude": -25.17549, "data_hora_gmt": "2026-04-19T16:35:00Z", "data_pas": "2026-04-19", "satelite": "NPP-375", "municipio": "RIO BRANCO DO SUL", "estado": "PARANÁ", "pais": "Brasil", "precipitacao": 0, "numero_dias_sem_chuva": 2, "risco_fogo": 0.22, "bioma": "Mata Atlântica", "id_0": 33, "id_1": 41, "id_2": 4122206, "continente_id": 8, "vegetacao": "Floresta Ombrófila densa", "grade_wrs": "221_077", "frp": 7.1}, "bbox": [-49.39455, -25.17549, -49.39455, -25.17549]}, {"type": "Feature", "id": "focos_48h_br_todosats.fid--211a0569_19dac319c32_6ccf", "geometry": {"type": "Point", "coordinates": [-48.65731, -24.55535]}, "geometry_name": "geometria", "properties": {"id_foco_bdq": 1814759562, "foco_id": "5fcff80c-632c-3a1b-ab5f-2c6f777dfbd0", "longitude": -48.65731, "latitude": -24.55535, "data_hora_gmt": "2026-04-19T16:35:00Z", "data_pas": "2026-04-19", "satelite": "NPP-375", "municipio": "IPORANGA", "estado": "SÃO PAULO", "pais": "Brasil", "precipitacao": 0, "numero_dias_sem_chuva": 0, "risco_fogo": 0.11, "bioma": "Mata Atlântica", "id_0": 33, "id_1": 35, "id_2": 3521200, "continente_id": 8, "vegetacao": "Floresta Ombrófila densa", "grade_wrs": "220_077", "frp": 4}, "bbox": [-48.65731, -24.55535, -48.65731, -24.55535]}, {"type": "Feature", "id": "focos_48h_br_todosats.fid--211a0569_19dac319c32_6cd0", "geometry": {"type": "Point", "coordinates": [-39.20766, -17.72818]}, "geometry_name": "geometria", "properties": {"id_foco_bdq": 1814760057, "foco_id": "784d7cb9-94cb-3a99-8c85-eebe18876519", "longitude": -39.20766, "latitude": -17.72818, "data_hora_gmt": "2026-04-19T16:35:00Z", "data_pas": "2026-04-19", "satelite": "NPP-375", "municipio": "CARAVELAS", "estado": "BAHIA", "pais": "Brasil", "precipitacao": 0, "numero_dias_sem_chuva": -999, "risco_fogo": 0.72, "bioma": "Mata Atlântica", "id_0": 33, "id_1": 29, "id_2": 2906907, "continente_id": 8, "vegetacao": "Pastagens e gramíneas", "grade_wrs": "215_072", "frp": 3}, "bbox": [-39.20766, -17.72818, -39.20766, -17.72818]}, {"type": "Feature", "id": "focos_48h_br_todosats.fid--211a0569_19dac319c32_6cd1", "geometry": {"type": "Point", "coordinates": [-39.91348, -18.6226]}, "geometry_name": "geometria", "properties": {"id_foco_bdq": 1814760281, "foco_id": "994cf8b3-906b-38b2-b4d4-8fa2355c749c", "longitude": -39.91348, "latitude": -18.6226, "data_hora_gmt": "2026-04-19T16:35:00Z", "data_pas": "2026-04-19", "satelite": "NPP-375", "municipio": "SÃO MATEUS", "estado": "ESPÍRITO SANTO", "pais": "Brasil", "precipitacao": 1.27, "numero_dias_sem_chuva": -999, "risco_fogo": 0.03, "bioma": "Mata Atlântica", "id_0": 33, "id_1": 32, "id_2": 3204906, "continente_id": 8, "vegetacao": "Floresta Ombrófila densa", "grade_wrs": "215_073", "frp": 6}, "bbox": [-39.91348, -18.6226, -39.91348, -18.6226]}, {"type": "Feature", "id": "focos_48h_br_todosats.fid--211a0569_19dac319c32_6cd2", "geometry": {"type": "Point", "coordinates": [-46.25426, -19.78367]}, "geometry_name": "geometria", "properties": {"id_foco_bdq": 1814760288, "foco_id": "45175680-84ee-3cb1-93fe-45a4d6cef7a4", "longitude": -46.25426, "latitude": -19.78367, "data_hora_gmt": "2026-04-19T16:35:00Z", "data_pas": "2026-04-19", "satelite": "NPP-375", "municipio": "PRATINHA", "estado": "MINAS GERAIS", "pais": "Brasil", "precipitacao": 0, "numero_dias_sem_chuva": 4, "risco_fogo": 0.06, "bioma": "Cerrado", "id_0": 33, "id_1": 31, "id_2": 3153004, "continente_id": 8, "vegetacao": "Florestas decíduas e sazonais", "grade_wrs": "219_074", "frp": 4.3}, "bbox": [-46.25426, -19.78367, -46.25426, -19.78367]}, {"type": "Feature", "id": "focos_48h_br_todosats.fid--211a0569_19dac319c32_6cd3", "geometry": {"type": "Point", "coordinates": [-51.38611, -27.1262]}, "geometry_name": "geometria", "properties": {"id_foco_bdq": 1814760074, "foco_id": "635b3bfb-eaf1-3439-b398-736b635e07bd", "longitude": -51.38611, "latitude": -27.1262, "data_hora_gmt": "2026-04-19T16:35:00Z", "data_pas": "2026-04-19", "satelite": "NPP-375", "municipio": "IBICARÉ", "estado": "SANTA CATARINA", "pais": "Brasil", "precipitacao": 0, "numero_dias_sem_chuva": 3, "risco_fogo": 0.12, "bioma": "Mata Atlântica", "id_0": 33, "id_1": 42, "id_2": 4206801, "continente_id": 8, "vegetacao": "Florestas decíduas e sazonais", "grade_wrs": "222_079", "frp": 7.7}, "bbox": [-51.38611, -27.1262, -51.38611, -27.1262]}, {"type": "Feature", "id": "focos_48h_br_todosats.fid--211a0569_19dac319c32_6cd4", "geometry": {"type": "Point", "coordinates": [-40.54351, -18.6535]}, "geometry_name": "geometria", "properties": {"id_foco_bdq": 1814760092, "foco_id": "1362e083-153a-3bf0-8d57-d532d52b0712", "longitude": -40.54351, "latitude": -18.6535, "data_hora_gmt": "2026-04-19T16:35:00Z", "data_pas": "2026-04-19", "satelite": "NPP-375", "municipio": "VILA PAVÃO", "estado": "ESPÍRITO SANTO", "pais": "Brasil", "precipitacao": 19.89, "numero_dias_sem_chuva": 4, "risco_fogo": 0, "bioma": "Mata Atlântica", "id_0": 33, "id_1": 32, "id_2": 3205150, "continente_id": 8, "vegetacao": "Pastagens e gramíneas", "grade_wrs": "216_073", "frp": 2.4}, "bbox": [-40.54351, -18.6535, -40.54351, -18.6535]}, {"type": "Feature", "id": "focos_48h_br_todosats.fid--211a0569_19dac319c32_6cd5", "geometry": {"type": "Point", "coordinates": [-43.24657, -18.59432]}, "geometry_name": "geometria", "properties": {"id_foco_bdq": 1814760105, "foco_id": "562346a0-bb9c-3f75-851b-ad2423fc364a", "longitude": -43.24657, "latitude": -18.59432, "data_hora_gmt": "2026-04-19T16:35:00Z", "data_pas": "2026-04-19", "satelite": "NPP-375", "municipio": "SERRO", "estado": "MINAS GERAIS", "pais": "Brasil", "precipitacao": 0, "numero_dias_sem_chuva": 2, "risco_fogo": 0.04, "bioma": "Mata Atlântica", "id_0": 33, "id_1": 31, "id_2": 3167103, "continente_id": 8, "vegetacao": "Floresta Ombrófila densa", "grade_wrs": "218_073", "frp": 5}, "bbox": [-43.24657, -18.59432, -43.24657, -18.59432]}, {"type": "Feature", "id": "focos_48h_br_todosats.fid--211a0569_19dac319c32_6cd6", "geometry": {"type": "Point", "coordinates": [-40.44412, -17.66564]}, "geometry_name": "geometria", "properties": {"id_foco_bdq": 1814760108, "foco_id": "d3b5c477-c7c7-304e-a858-7b5bfcab87a2", "longitude": -40.44412, "latitude": -17.66564, "data_hora_gmt": "2026-04-19T16:35:00Z", "data_pas": "2026-04-19", "satelite": "NPP-375", "municipio": "NANUQUE", "estado": "MINAS GERAIS", "pais": "Brasil", "precipitacao": 0, "numero_dias_sem_chuva": 0, "risco_fogo": 0.06, "bioma": "Mata Atlântica", "id_0": 33, "id_1": 31, "id_2": 3144300, "continente_id": 8, "vegetacao": "Floresta Ombrófila densa", "grade_wrs": "216_072", "frp": 2.4}, "bbox": [-40.44412, -17.66564, -40.44412, -17.66564]}, {"type": "Feature", "id": "focos_48h_br_todosats.fid--211a0569_19dac319c32_6cd7", "geometry": {"type": "Point", "coordinates": [-46.90094, -21.15101]}, "geometry_name": "geometria", "properties": {"id_foco_bdq": 1814760127, "foco_id": "c7674485-76fd-3c04-aa66-93dbdf3da558", "longitude": -46.90094, "latitude": -21.15101, "data_hora_gmt": "2026-04-19T16:35:00Z", "data_pas": "2026-04-19", "satelite": "NPP-375", "municipio": "MONTE SANTO DE MINAS", "estado": "MINAS GERAIS", "pais": "Brasil", "precipitacao": 0, "numero_dias_sem_chuva": 2, "risco_fogo": 0.57, "bioma": "Cerrado", "id_0": 33, "id_1": 31, "id_2": 3143203, "continente_id": 8, "vegetacao": "Agricultura e diversos", "grade_wrs": "220_075", "frp": 6.7}, "bbox": [-46.90094, -21.15101, -46.90094, -21.15101]}, {"type": "Feature", "id": "focos_48h_br_todosats.fid--211a0569_19dac319c32_6cd8", "geometry": {"type": "Point", "coordinates": [-45.09572, -19.52576]}, "geometry_name": "geometria", "properties": {"id_foco_bdq": 1814760135, "foco_id": "d6aed74c-698a-39b6-bb82-813bd8063e51", "longitude": -45.09572, "latitude": -19.52576, "data_hora_gmt": "2026-04-19T16:35:00Z", "data_pas": "2026-04-19", "satelite": "NPP-375", "municipio": "MARTINHO CAMPOS", "estado": "MINAS GERAIS", "pais": "Brasil", "precipitacao": 0.51, "numero_dias_sem_chuva": 2, "risco_fogo": 0.62, "bioma": "Cerrado", "id_0": 33, "id_1": 31, "id_2": 3140506, "continente_id": 8, "vegetacao": "Agricultura e diversos", "grade_wrs": "219_073", "frp": 2.8}, "bbox": [-45.09572, -19.52576, -45.09572, -19.52576]}, {"type": "Feature", "id": "focos_48h_br_todosats.fid--211a0569_19dac319c32_6cd9", "geometry": {"type": "Point", "coordinates": [-44.9553, -21.23891]}, "geometry_name": "geometria", "properties": {"id_foco_bdq": 1814760165, "foco_id": "082f4168-1afe-3dd5-8fcf-e31b5eed0041", "longitude": -44.9553, "latitude": -21.23891, "data_hora_gmt": "2026-04-19T16:35:00Z", "data_pas": "2026-04-19", "satelite": "NPP-375", "municipio": "IJACI", "estado": "MINAS GERAIS", "pais": "Brasil", "precipitacao": 0.86, "numero_dias_sem_chuva": 0, "risco_fogo": 0.73, "bioma": "Mata Atlântica", "id_0": 33, "id_1": 31, "id_2": 3130408, "continente_id": 8, "vegetacao": "Pastagens e gramíneas", "grade_wrs": "218_075", "frp": 2.9}, "bbox": [-44.9553, -21.23891, -44.9553, -21.23891]}, {"type": "Feature", "id": "focos_48h_br_todosats.fid--211a0569_19dac319c32_6cda", "geometry": {"type": "Point", "coordinates": [-49.93776, -28.28124]}, "geometry_name": "geometria", "properties": {"id_foco_bdq": 1814760294, "foco_id": "3cfad6d9-7d22-3dc8-a687-86e69cd5ee75", "longitude": -49.93776, "latitude": -28.28124, "data_hora_gmt": "2026-04-19T16:35:00Z", "data_pas": "2026-04-19", "satelite": "NPP-375", "municipio": "SÃO JOAQUIM", "estado": "SANTA CATARINA", "pais": "Brasil", "precipitacao": 0, "numero_dias_sem_chuva": 2, "risco_fogo": 0.55, "bioma": "Mata Atlântica", "id_0": 33, "id_1": 42, "id_2": 4216503, "continente_id": 8, "vegetacao": "Agricultura e diversos", "grade_wrs": "220_080", "frp": 1.2}, "bbox": [-49.93776, -28.28124, -49.93776, -28.28124]}, {"type": "Feature", "id": "focos_48h_br_todosats.fid--211a0569_19dac319c32_6cdb", "geometry": {"type": "Point", "coordinates": [-49.05201, -28.08892]}, "geometry_name": "geometria", "properties": {"id_foco_bdq": 1814760181, "foco_id": "21b5291f-15eb-374b-8d1a-11d915aa3859", "longitude": -49.05201, "latitude": -28.08892, "data_hora_gmt": "2026-04-19T16:35:00Z", "data_pas": "2026-04-19", "satelite": "NPP-375", "municipio": "SÃO MARTINHO", "estado": "SANTA CATARINA", "pais": "Brasil", "precipitacao": 0, "numero_dias_sem_chuva": 2, "risco_fogo": 0.2, "bioma": "Mata Atlântica", "id_0": 33, "id_1": 42, "id_2": 4217105, "continente_id": 8, "vegetacao": "Floresta Ombrófila densa", "grade_wrs": "220_079", "frp": 3.8}, "bbox": [-49.05201, -28.08892, -49.05201, -28.08892]}, {"type": "Feature", "id": "focos_48h_br_todosats.fid--211a0569_19dac319c32_6cdc", "geometry": {"type": "Point", "coordinates": [-46.90401, -21.14844]}, "geometry_name": "geometria", "properties": {"id_foco_bdq": 1814759687, "foco_id": "b2a72384-3006-3fdc-93f9-132dd9b8918c", "longitude": -46.90401, "latitude": -21.14844, "data_hora_gmt": "2026-04-19T16:35:00Z", "data_pas": "2026-04-19", "satelite": "NPP-375", "municipio": "MONTE SANTO DE MINAS", "estado": "MINAS GERAIS", "pais": "Brasil", "precipitacao": 0, "numero_dias_sem_chuva": 2, "risco_fogo": 0.57, "bioma": "Cerrado", "id_0": 33, "id_1": 31, "id_2": 3143203, "continente_id": 8, "vegetacao": "Agricultura e diversos", "grade_wrs": "220_075", "frp": 6.1}, "bbox": [-46.90401, -21.14844, -46.90401, -21.14844]}, {"type": "Feature", "id": "focos_48h_br_todosats.fid--211a0569_19dac319c32_6cdd", "geometry": {"type": "Point", "coordinates": [-49.93655, -28.28365]}, "geometry_name": "geometria", "properties": {"id_foco_bdq": 1814759697, "foco_id": "66605f65-9d95-3d64-98ea-c675c139fba3", "longitude": -49.93655, "latitude": -28.28365, "data_hora_gmt": "2026-04-19T16:35:00Z", "data_pas": "2026-04-19", "satelite": "NPP-375", "municipio": "SÃO JOAQUIM", "estado": "SANTA CATARINA", "pais": "Brasil", "precipitacao": 0, "numero_dias_sem_chuva": 2, "risco_fogo": 0.55, "bioma": "Mata Atlântica", "id_0": 33, "id_1": 42, "id_2": 4216503, "continente_id": 8, "vegetacao": "Agricultura e diversos", "grade_wrs": "220_080", "frp": 1}, "bbox": [-49.93655, -28.28365, -49.93655, -28.28365]}, {"type": "Feature", "id": "focos_48h_br_todosats.fid--211a0569_19dac319c32_6cde", "geometry": {"type": "Point", "coordinates": [-46.25538, -19.7865]}, "geometry_name": "geometria", "properties": {"id_foco_bdq": 1814759698, "foco_id": "3a099178-cfce-3b4b-9fe1-fd4ddbff5604", "longitude": -46.25538, "latitude": -19.7865, "data_hora_gmt": "2026-04-19T16:35:00Z", "data_pas": "2026-04-19", "satelite": "NPP-375", "municipio": "PRATINHA", "estado": "MINAS GERAIS", "pais": "Brasil", "precipitacao": 0, "numero_dias_sem_chuva": 4, "risco_fogo": 0.06, "bioma": "Cerrado", "id_0": 33, "id_1": 31, "id_2": 3153004, "continente_id": 8, "vegetacao": "Florestas decíduas e sazonais", "grade_wrs": "219_074", "frp": 6}, "bbox": [-46.25538, -19.7865, -46.25538, -19.7865]}, {"type": "Feature", "id": "focos_48h_br_todosats.fid--211a0569_19dac319c32_6cdf", "geometry": {"type": "Point", "coordinates": [-49.3936, -25.175]}, "geometry_name": "geometria", "properties": {"id_foco_bdq": 1814759574, "foco_id": "523b4ca0-a871-33d2-9801-f7bd0fd7fef3", "longitude": -49.3936, "latitude": -25.175, "data_hora_gmt": "2026-04-19T16:35:00Z", "data_pas": "2026-04-19", "satelite": "NPP-375", "municipio": "RIO BRANCO DO SUL", "estado": "PARANÁ", "pais": "Brasil", "precipitacao": 0, "numero_dias_sem_chuva": 2, "risco_fogo": 0.22, "bioma": "Mata Atlântica", "id_0": 33, "id_1": 41, "id_2": 4122206, "continente_id": 8, "vegetacao": "Floresta Ombrófila densa", "grade_wrs": "221_077", "frp": 15.7}, "bbox": [-49.3936, -25.175, -49.3936, -25.175]}, {"type": "Feature", "id": "focos_48h_br_todosats.fid--211a0569_19dac319c32_6ce0", "geometry": {"type": "Point", "coordinates": [-50.51222, -27.97849]}, "geometry_name": "geometria", "properties": {"id_foco_bdq": 1814759709, "foco_id": "87854668-4805-3b73-bdab-ef955957bc23", "longitude": -50.51222, "latitude": -27.97849, "data_hora_gmt": "2026-04-19T16:35:00Z", "data_pas": "2026-04-19", "satelite": "NPP-375", "municipio": "CAPÃO ALTO", "estado": "SANTA CATARINA", "pais": "Brasil", "precipitacao": 0, "numero_dias_sem_chuva": 4, "risco_fogo": 0.5, "bioma": "Mata Atlântica", "id_0": 33, "id_1": 42, "id_2": 4203253, "continente_id": 8, "vegetacao": "Savana; Caatinga aberta", "grade_wrs": "221_079", "frp": 3.7}, "bbox": [-50.51222, -27.97849, -50.51222, -27.97849]}, {"type": "Feature", "id": "focos_48h_br_todosats.fid--211a0569_19dac319c32_6ce1", "geometry": {"type": "Point", "coordinates": [-40.2922, -18.85723]}, "geometry_name": "geometria", "properties": {"id_foco_bdq": 1814760296, "foco_id": "b36ea587-16fb-3a3a-86dc-de1ab49a574a", "longitude": -40.2922, "latitude": -18.85723, "data_hora_gmt": "2026-04-19T16:35:00Z", "data_pas": "2026-04-19", "satelite": "NPP-375", "municipio": "VILA VALÉRIO", "estado": "ESPÍRITO SANTO", "pais": "Brasil", "precipitacao": 14.4, "numero_dias_sem_chuva": 2, "risco_fogo": 0.01, "bioma": "Mata Atlântica", "id_0": 33, "id_1": 32, "id_2": 3205176, "continente_id": 8, "vegetacao": "Agricultura e diversos", "grade_wrs": "216_073", "frp": 7.9}, "bbox": [-40.2922, -18.85723, -40.2922, -18.85723]}, {"type": "Feature", "id": "focos_48h_br_todosats.fid--211a0569_19dac319c32_6ce2", "geometry": {"type": "Point", "coordinates": [-53.23014, -29.75733]}, "geometry_name": "geometria", "properties": {"id_foco_bdq": 1814759671, "foco_id": "eb5286a8-5b8a-34f8-9f07-141475806f43", "longitude": -53.23014, "latitude": -29.75733, "data_hora_gmt": "2026-04-19T16:35:00Z", "data_pas": "2026-04-19", "satelite": "NPP-375", "municipio": "AGUDO", "estado": "RIO GRANDE DO SUL", "pais": "Brasil", "precipitacao": 0, "numero_dias_sem_chuva": 2, "risco_fogo": 0.53, "bioma": "Mata Atlântica", "id_0": 33, "id_1": 43, "id_2": 4300109, "continente_id": 8, "vegetacao": "Pastagens e gramíneas", "grade_wrs": "222_081", "frp": 4.1}, "bbox": [-53.23014, -29.75733, -53.23014, -29.75733]}, {"type": "Feature", "id": "focos_48h_br_todosats.fid--211a0569_19dac319c32_6ce3", "geometry": {"type": "Point", "coordinates": [-39.9128, -18.62619]}, "geometry_name": "geometria", "properties": {"id_foco_bdq": 1814759731, "foco_id": "e2ec02d3-1a9d-3a19-ba4f-a507f6e91997", "longitude": -39.9128, "latitude": -18.62619, "data_hora_gmt": "2026-04-19T16:35:00Z", "data_pas": "2026-04-19", "satelite": "NPP-375", "municipio": "SÃO MATEUS", "estado": "ESPÍRITO SANTO", "pais": "Brasil", "precipitacao": 1.32, "numero_dias_sem_chuva": -999, "risco_fogo": 0.03, "bioma": "Mata Atlântica", "id_0": 33, "id_1": 32, "id_2": 3204906, "continente_id": 8, "vegetacao": "Floresta Ombrófila densa", "grade_wrs": "215_073", "frp": 2.9}, "bbox": [-39.9128, -18.62619, -39.9128, -18.62619]}, {"type": "Feature", "id": "focos_48h_br_todosats.fid--211a0569_19dac319c32_6ce4", "geometry": {"type": "Point", "coordinates": [-50.70993, -27.50969]}, "geometry_name": "geometria", "properties": {"id_foco_bdq": 1814759741, "foco_id": "067347dc-1b25-34fa-a6bc-8262157b37f8", "longitude": -50.70993, "latitude": -27.50969, "data_hora_gmt": "2026-04-19T16:35:00Z", "data_pas": "2026-04-19", "satelite": "NPP-375", "municipio": "SÃO JOSÉ DO CERRITO", "estado": "SANTA CATARINA", "pais": "Brasil", "precipitacao": 0, "numero_dias_sem_chuva": 3, "risco_fogo": 0.55, "bioma": "Mata Atlântica", "id_0": 33, "id_1": 42, "id_2": 4216800, "continente_id": 8, "vegetacao": "Savana arbórea; Caatinga fechada", "grade_wrs": "221_079", "frp": 11.2}, "bbox": [-50.70993, -27.50969, -50.70993, -27.50969]}, {"type": "Feature", "id": "focos_48h_br_todosats.fid--211a0569_19dac319c32_6ce5", "geometry": {"type": "Point", "coordinates": [-43.60193, -17.77047]}, "geometry_name": "geometria", "properties": {"id_foco_bdq": 1814759758, "foco_id": "b8362c62-cb9c-3a9e-8417-f3088b94ea15", "longitude": -43.60193, "latitude": -17.77047, "data_hora_gmt": "2026-04-19T16:35:00Z", "data_pas": "2026-04-19", "satelite": "NPP-375", "municipio": "DIAMANTINA", "estado": "MINAS GERAIS", "pais": "Brasil", "precipitacao": 0, "numero_dias_sem_chuva": 8, "risco_fogo": 0.37, "bioma": "Cerrado", "id_0": 33, "id_1": 31, "id_2": 3121605, "continente_id": 8, "vegetacao": "Agricultura e diversos", "grade_wrs": "218_072", "frp": 2.1}, "bbox": [-43.60193, -17.77047, -43.60193, -17.77047]}, {"type": "Feature", "id": "focos_48h_br_todosats.fid--211a0569_19dac319c32_6ce6", "geometry": {"type": "Point", "coordinates": [-49.34178, -25.09788]}, "geometry_name": "geometria", "properties": {"id_foco_bdq": 1814760197, "foco_id": "1451816d-3915-3359-8285-cc427ce741a2", "longitude": -49.34178, "latitude": -25.09788, "data_hora_gmt": "2026-04-19T16:35:00Z", "data_pas": "2026-04-19", "satelite": "NPP-375", "municipio": "RIO BRANCO DO SUL", "estado": "PARANÁ", "pais": "Brasil", "precipitacao": 0, "numero_dias_sem_chuva": 2, "risco_fogo": 0.23, "bioma": "Mata Atlântica", "id_0": 33, "id_1": 41, "id_2": 4122206, "continente_id": 8, "vegetacao": "Floresta Ombrófila densa", "grade_wrs": "221_077", "frp": 13.5}, "bbox": [-49.34178, -25.09788, -49.34178, -25.09788]}, {"type": "Feature", "id": "focos_48h_br_todosats.fid--211a0569_19dac319c32_6ce7", "geometry": {"type": "Point", "coordinates": [-42.03742, -18.30683]}, "geometry_name": "geometria", "properties": {"id_foco_bdq": 1814759771, "foco_id": "3b174295-1dce-37d1-8934-07bce43d25aa", "longitude": -42.03742, "latitude": -18.30683, "data_hora_gmt": "2026-04-19T16:35:00Z", "data_pas": "2026-04-19", "satelite": "NPP-375", "municipio": "ITAMBACURI", "estado": "MINAS GERAIS", "pais": "Brasil", "precipitacao": 0, "numero_dias_sem_chuva": 5, "risco_fogo": 0.87, "bioma": "Mata Atlântica", "id_0": 33, "id_1": 31, "id_2": 3132701, "continente_id": 8, "vegetacao": "Pastagens e gramíneas", "grade_wrs": "217_073", "frp": 0.4}, "bbox": [-42.03742, -18.30683, -42.03742, -18.30683]}, {"type": "Feature", "id": "focos_48h_br_todosats.fid--211a0569_19dac319c32_6ce8", "geometry": {"type": "Point", "coordinates": [-50.51219, -27.97316]}, "geometry_name": "geometria", "properties": {"id_foco_bdq": 1814760201, "foco_id": "78b64b9f-1212-3a74-b9bd-8d856d819119", "longitude": -50.51219, "latitude": -27.97316, "data_hora_gmt": "2026-04-19T16:35:00Z", "data_pas": "2026-04-19", "satelite": "NPP-375", "municipio": "CAPÃO ALTO", "estado": "SANTA CATARINA", "pais": "Brasil", "precipitacao": 0, "numero_dias_sem_chuva": 4, "risco_fogo": 0.47, "bioma": "Mata Atlântica", "id_0": 33, "id_1": 42, "id_2": 4203253, "continente_id": 8, "vegetacao": "Savana; Caatinga aberta", "grade_wrs": "221_079", "frp": 32.5}, "bbox": [-50.51219, -27.97316, -50.51219, -27.97316]}, {"type": "Feature", "id": "focos_48h_br_todosats.fid--211a0569_19dac319c32_6ce9", "geometry": {"type": "Point", "coordinates": [-50.5158, -27.97879]}, "geometry_name": "geometria", "properties": {"id_foco_bdq": 1814759804, "foco_id": "bc38269e-0fbf-3e12-bcea-612b9c69932e", "longitude": -50.5158, "latitude": -27.97879, "data_hora_gmt": "2026-04-19T16:35:00Z", "data_pas": "2026-04-19", "satelite": "NPP-375", "municipio": "CAPÃO ALTO", "estado": "SANTA CATARINA", "pais": "Brasil", "precipitacao": 0, "numero_dias_sem_chuva": 4, "risco_fogo": 0.41, "bioma": "Mata Atlântica", "id_0": 33, "id_1": 42, "id_2": 4203253, "continente_id": 8, "vegetacao": "Savana arbórea; Caatinga fechada", "grade_wrs": "221_079", "frp": 2.8}, "bbox": [-50.5158, -27.97879, -50.5158, -27.97879]}, {"type": "Feature", "id": "focos_48h_br_todosats.fid--211a0569_19dac319c32_6cea", "geometry": {"type": "Point", "coordinates": [-50.71435, -27.5065]}, "geometry_name": "geometria", "properties": {"id_foco_bdq": 1814759822, "foco_id": "78f54117-fb8c-3598-8fb2-eca745e0515d", "longitude": -50.71435, "latitude": -27.5065, "data_hora_gmt": "2026-04-19T16:35:00Z", "data_pas": "2026-04-19", "satelite": "NPP-375", "municipio": "SÃO JOSÉ DO CERRITO", "estado": "SANTA CATARINA", "pais": "Brasil", "precipitacao": 0, "numero_dias_sem_chuva": 3, "risco_fogo": 0.23, "bioma": "Mata Atlântica", "id_0": 33, "id_1": 42, "id_2": 4216800, "continente_id": 8, "vegetacao": "Florestas decíduas e sazonais", "grade_wrs": "221_079", "frp": 12}, "bbox": [-50.71435, -27.5065, -50.71435, -27.5065]}, {"type": "Feature", "id": "focos_48h_br_todosats.fid--211a0569_19dac319c32_6ceb", "geometry": {"type": "Point", "coordinates": [-40.82935, -19.38614]}, "geometry_name": "geometria", "properties": {"id_foco_bdq": 1814759833, "foco_id": "00aa8ad1-a769-349b-8f6a-56f39780418a", "longitude": -40.82935, "latitude": -19.38614, "data_hora_gmt": "2026-04-19T16:35:00Z", "data_pas": "2026-04-19", "satelite": "NPP-375", "municipio": "COLATINA", "estado": "ESPÍRITO SANTO", "pais": "Brasil", "precipitacao": 4.31, "numero_dias_sem_chuva": 6, "risco_fogo": 0.09, "bioma": "Mata Atlântica", "id_0": 33, "id_1": 32, "id_2": 3201506, "continente_id": 8, "vegetacao": "Florestas decíduas e sazonais", "grade_wrs": "216_073", "frp": 2.7}, "bbox": [-40.82935, -19.38614, -40.82935, -19.38614]}, {"type": "Feature", "id": "focos_48h_br_todosats.fid--211a0569_19dac319c32_6cec", "geometry": {"type": "Point", "coordinates": [-40.96429, -19.03758]}, "geometry_name": "geometria", "properties": {"id_foco_bdq": 1814759835, "foco_id": "8e4583de-fdbc-3ca8-87e5-4b50ca9de00b", "longitude": -40.96429, "latitude": -19.03758, "data_hora_gmt": "2026-04-19T16:35:00Z", "data_pas": "2026-04-19", "satelite": "NPP-375", "municipio": "ALTO RIO NOVO", "estado": "ESPÍRITO SANTO", "pais": "Brasil", "precipitacao": 3.42, "numero_dias_sem_chuva": 4, "risco_fogo": 0.16, "bioma": "Mata Atlântica", "id_0": 33, "id_1": 32, "id_2": 3200359, "continente_id": 8, "vegetacao": "Pastagens e gramíneas", "grade_wrs": "216_073", "frp": 3.3}, "bbox": [-40.96429, -19.03758, -40.96429, -19.03758]}, {"type": "Feature", "id": "focos_48h_br_todosats.fid--211a0569_19dac319c32_6ced", "geometry": {"type": "Point", "coordinates": [-39.05033, -11.28963]}, "geometry_name": "geometria", "properties": {"id_foco_bdq": 1814760254, "foco_id": "f72c5aaa-d7c4-3586-bc01-a8b4dcfd9f80", "longitude": -39.05033, "latitude": -11.28963, "data_hora_gmt": "2026-04-19T16:37:00Z", "data_pas": "2026-04-19", "satelite": "NPP-375", "municipio": "ARACI", "estado": "BAHIA", "pais": "Brasil", "precipitacao": 0, "numero_dias_sem_chuva": 4, "risco_fogo": 0.99, "bioma": "Caatinga", "id_0": 33, "id_1": 29, "id_2": 2902104, "continente_id": 8, "vegetacao": "Pastagens e gramíneas", "grade_wrs": "216_068", "frp": 2.7}, "bbox": [-39.05033, -11.28963, -39.05033, -11.28963]}, {"type": "Feature", "id": "focos_48h_br_todosats.fid--211a0569_19dac319c32_6cee", "geometry": {"type": "Point", "coordinates": [-43.9641, -22.37194]}, "geometry_name": "geometria", "properties": {"id_foco_bdq": 1814760026, "foco_id": "cafc2726-6b4f-3b2c-9539-2d3c1177adb1", "longitude": -43.9641, "latitude": -22.37194, "data_hora_gmt": "2026-04-19T16:37:00Z", "data_pas": "2026-04-19", "satelite": "NPP-375", "municipio": "BARRA DO PIRAÍ", "estado": "RIO DE JANEIRO", "pais": "Brasil", "precipitacao": 0.47, "numero_dias_sem_chuva": 0, "risco_fogo": 0.29, "bioma": "Mata Atlântica", "id_0": 33, "id_1": 33, "id_2": 3300308, "continente_id": 8, "vegetacao": "Agricultura e diversos", "grade_wrs": "217_076", "frp": 8.2}, "bbox": [-43.9641, -22.37194, -43.9641, -22.37194]}, {"type": "Feature", "id": "focos_48h_br_todosats.fid--211a0569_19dac319c32_6cef", "geometry": {"type": "Point", "coordinates": [-37.98211, -12.2972]}, "geometry_name": "geometria", "properties": {"id_foco_bdq": 1814759602, "foco_id": "2aadf8b2-c75a-3f7f-a043-5c2eb01f3ee7", "longitude": -37.98211, "latitude": -12.2972, "data_hora_gmt": "2026-04-19T16:37:00Z", "data_pas": "2026-04-19", "satelite": "NPP-375", "municipio": "ITANAGRA", "estado": "BAHIA", "pais": "Brasil", "precipitacao": 0.1, "numero_dias_sem_chuva": -999, "risco_fogo": 0.28, "bioma": "Mata Atlântica", "id_0": 33, "id_1": 29, "id_2": 2915908, "continente_id": 8, "vegetacao": "Floresta de contato; Campinarana", "grade_wrs": "215_069", "frp": 7.4}, "bbox": [-37.98211, -12.2972, -37.98211, -12.2972]}, {"type": "Feature", "id": "focos_48h_br_todosats.fid--211a0569_19dac319c32_6cf0", "geometry": {"type": "Point", "coordinates": [-40.32131, -10.81565]}, "geometry_name": "geometria", "properties": {"id_foco_bdq": 1814760038, "foco_id": "413594b8-6a2d-357a-8456-13e8bdfb3a9f", "longitude": -40.32131, "latitude": -10.81565, "data_hora_gmt": "2026-04-19T16:37:00Z", "data_pas": "2026-04-19", "satelite": "NPP-375", "municipio": "PINDOBAÇU", "estado": "BAHIA", "pais": "Brasil", "precipitacao": 0.22, "numero_dias_sem_chuva": 5, "risco_fogo": 1, "bioma": "Caatinga", "id_0": 33, "id_1": 29, "id_2": 2924603, "continente_id": 8, "vegetacao": "Pastagens e gramíneas", "grade_wrs": "217_067", "frp": 4.8}, "bbox": [-40.32131, -10.81565, -40.32131, -10.81565]}, {"type": "Feature", "id": "focos_48h_br_todosats.fid--211a0569_19dac319c32_6cf1", "geometry": {"type": "Point", "coordinates": [-39.23536, -13.33444]}, "geometry_name": "geometria", "properties": {"id_foco_bdq": 1814759564, "foco_id": "fe2615f9-6c14-370d-a871-c64cb8c677bb", "longitude": -39.23536, "latitude": -13.33444, "data_hora_gmt": "2026-04-19T16:37:00Z", "data_pas": "2026-04-19", "satelite": "NPP-375", "municipio": "VALENÇA", "estado": "BAHIA", "pais": "Brasil", "precipitacao": 0.2, "numero_dias_sem_chuva": 0, "risco_fogo": 0.02, "bioma": "Mata Atlântica", "id_0": 33, "id_1": 29, "id_2": 2932903, "continente_id": 8, "vegetacao": "Florestas decíduas e sazonais", "grade_wrs": "216_069", "frp": 4.9}, "bbox": [-39.23536, -13.33444, -39.23536, -13.33444]}, {"type": "Feature", "id": "focos_48h_br_todosats.fid--211a0569_19dac319c32_6cf2", "geometry": {"type": "Point", "coordinates": [-44.02851, -13.47195]}, "geometry_name": "geometria", "properties": {"id_foco_bdq": 1814760046, "foco_id": "774d584a-4658-3895-a2f2-9177abbd1325", "longitude": -44.02851, "latitude": -13.47195, "data_hora_gmt": "2026-04-19T16:37:00Z", "data_pas": "2026-04-19", "satelite": "NPP-375", "municipio": "SÃO FÉLIX DO CORIBE", "estado": "BAHIA", "pais": "Brasil", "precipitacao": 0.6, "numero_dias_sem_chuva": 1, "risco_fogo": 0.29, "bioma": "Cerrado", "id_0": 33, "id_1": 29, "id_2": 2929057, "continente_id": 8, "vegetacao": "Savana; Caatinga aberta", "grade_wrs": "219_069", "frp": 11.3}, "bbox": [-44.02851, -13.47195, -44.02851, -13.47195]}, {"type": "Feature", "id": "focos_48h_br_todosats.fid--211a0569_19dac319c32_6cf3", "geometry": {"type": "Point", "coordinates": [-48.8845, -23.95121]}, "geometry_name": "geometria", "properties": {"id_foco_bdq": 1814760267, "foco_id": "5ba15e43-4908-3a43-a58e-ec1691e2f6ed", "longitude": -48.8845, "latitude": -23.95121, "data_hora_gmt": "2026-04-19T16:37:00Z", "data_pas": "2026-04-19", "satelite": "NPP-375", "municipio": "ITAPEVA", "estado": "SÃO PAULO", "pais": "Brasil", "precipitacao": 0, "numero_dias_sem_chuva": 3, "risco_fogo": 1, "bioma": "Cerrado", "id_0": 33, "id_1": 35, "id_2": 3522406, "continente_id": 8, "vegetacao": "Agricultura e diversos", "grade_wrs": "220_077", "frp": 3.6}, "bbox": [-48.8845, -23.95121, -48.8845, -23.95121]}, {"type": "Feature", "id": "focos_48h_br_todosats.fid--211a0569_19dac319c32_6cf4", "geometry": {"type": "Point", "coordinates": [-39.20532, -10.91451]}, "geometry_name": "geometria", "properties": {"id_foco_bdq": 1814760207, "foco_id": "cef1f746-528a-3437-ae29-644f2860c64b", "longitude": -39.20532, "latitude": -10.91451, "data_hora_gmt": "2026-04-19T16:37:00Z", "data_pas": "2026-04-19", "satelite": "NPP-375", "municipio": "QUIJINGUE", "estado": "BAHIA", "pais": "Brasil", "precipitacao": 0, "numero_dias_sem_chuva": 4, "risco_fogo": 1, "bioma": "Caatinga", "id_0": 33, "id_1": 29, "id_2": 2925907, "continente_id": 8, "vegetacao": "Pastagens e gramíneas", "grade_wrs": "216_068", "frp": 7.7}, "bbox": [-39.20532, -10.91451, -39.20532, -10.91451]}, {"type": "Feature", "id": "focos_48h_br_todosats.fid--211a0569_19dac319c32_6cf5", "geometry": {"type": "Point", "coordinates": [-39.47642, -10.97053]}, "geometry_name": "geometria", "properties": {"id_foco_bdq": 1814760188, "foco_id": "be94749f-94b9-384a-b673-2118ceaef03e", "longitude": -39.47642, "latitude": -10.97053, "data_hora_gmt": "2026-04-19T16:37:00Z", "data_pas": "2026-04-19", "satelite": "NPP-375", "municipio": "QUEIMADAS", "estado": "BAHIA", "pais": "Brasil", "precipitacao": 0, "numero_dias_sem_chuva": 15, "risco_fogo": 1, "bioma": "Caatinga", "id_0": 33, "id_1": 29, "id_2": 2925808, "continente_id": 8, "vegetacao": "Agricultura e diversos", "grade_wrs": "216_068", "frp": 5.4}, "bbox": [-39.47642, -10.97053, -39.47642, -10.97053]}, {"type": "Feature", "id": "focos_48h_br_todosats.fid--211a0569_19dac319c32_6cf6", "geometry": {"type": "Point", "coordinates": [-39.06335, -11.73279]}, "geometry_name": "geometria", "properties": {"id_foco_bdq": 1814760052, "foco_id": "97481d8c-e764-3feb-82bc-87f77bf14850", "longitude": -39.06335, "latitude": -11.73279, "data_hora_gmt": "2026-04-19T16:37:00Z", "data_pas": "2026-04-19", "satelite": "NPP-375", "municipio": "SERRINHA", "estado": "BAHIA", "pais": "Brasil", "precipitacao": 0, "numero_dias_sem_chuva": 4, "risco_fogo": 1, "bioma": "Caatinga", "id_0": 33, "id_1": 29, "id_2": 2930501, "continente_id": 8, "vegetacao": "Pastagens e gramíneas", "grade_wrs": "216_068", "frp": 2.6}, "bbox": [-39.06335, -11.73279, -39.06335, -11.73279]}, {"type": "Feature", "id": "focos_48h_br_todosats.fid--211a0569_19dac319c32_6cf7", "geometry": {"type": "Point", "coordinates": [-37.98291, -12.2954]}, "geometry_name": "geometria", "properties": {"id_foco_bdq": 1814759659, "foco_id": "eb3ed8d7-31bf-3789-a1c2-35c248c5d2e4", "longitude": -37.98291, "latitude": -12.2954, "data_hora_gmt": "2026-04-19T16:37:00Z", "data_pas": "2026-04-19", "satelite": "NPP-375", "municipio": "ITANAGRA", "estado": "BAHIA", "pais": "Brasil", "precipitacao": 0.1, "numero_dias_sem_chuva": -999, "risco_fogo": 0.15, "bioma": "Mata Atlântica", "id_0": 33, "id_1": 29, "id_2": 2915908, "continente_id": 8, "vegetacao": "Florestas decíduas e sazonais", "grade_wrs": "215_069", "frp": 6.1}, "bbox": [-37.98291, -12.2954, -37.98291, -12.2954]}, {"type": "Feature", "id": "focos_48h_br_todosats.fid--211a0569_19dac319c32_6cf8", "geometry": {"type": "Point", "coordinates": [-39.33493, -15.44923]}, "geometry_name": "geometria", "properties": {"id_foco_bdq": 1814759793, "foco_id": "16e6a365-d8cf-3887-98b4-4b96967a6a6c", "longitude": -39.33493, "latitude": -15.44923, "data_hora_gmt": "2026-04-19T16:37:00Z", "data_pas": "2026-04-19", "satelite": "NPP-375", "municipio": "SANTA LUZIA", "estado": "BAHIA", "pais": "Brasil", "precipitacao": 0, "numero_dias_sem_chuva": 5, "risco_fogo": 0.62, "bioma": "Mata Atlântica", "id_0": 33, "id_1": 29, "id_2": 2928059, "continente_id": 8, "vegetacao": "Savana; Caatinga aberta", "grade_wrs": "215_071", "frp": 6.3}, "bbox": [-39.33493, -15.44923, -39.33493, -15.44923]}, {"type": "Feature", "id": "focos_48h_br_todosats.fid--211a0569_19dac319c32_6cf9", "geometry": {"type": "Point", "coordinates": [-45.18665, -14.90453]}, "geometry_name": "geometria", "properties": {"id_foco_bdq": 1814759734, "foco_id": "1253c0c8-b72c-35e5-8011-8689688a96af", "longitude": -45.18665, "latitude": -14.90453, "data_hora_gmt": "2026-04-19T16:37:00Z", "data_pas": "2026-04-19", "satelite": "NPP-375", "municipio": "BONITO DE MINAS", "estado": "MINAS GERAIS", "pais": "Brasil", "precipitacao": 0, "numero_dias_sem_chuva": 3, "risco_fogo": 0.25, "bioma": "Cerrado", "id_0": 33, "id_1": 31, "id_2": 3108255, "continente_id": 8, "vegetacao": "Savana; Caatinga aberta", "grade_wrs": "219_070", "frp": 5.9}, "bbox": [-45.18665, -14.90453, -45.18665, -14.90453]}, {"type": "Feature", "id": "focos_48h_br_todosats.fid--211a0569_19dac319c32_6cfa", "geometry": {"type": "Point", "coordinates": [-51.54921, -24.18213]}, "geometry_name": "geometria", "properties": {"id_foco_bdq": 1814759561, "foco_id": "748c2239-b518-33d9-9820-09bb5ae3d7c4", "longitude": -51.54921, "latitude": -24.18213, "data_hora_gmt": "2026-04-19T16:37:00Z", "data_pas": "2026-04-19", "satelite": "NPP-375", "municipio": "IVAIPORÃ", "estado": "PARANÁ", "pais": "Brasil", "precipitacao": 0, "numero_dias_sem_chuva": 2, "risco_fogo": 0.99, "bioma": "Mata Atlântica", "id_0": 33, "id_1": 41, "id_2": 4111506, "continente_id": 8, "vegetacao": "Pastagens e gramíneas", "grade_wrs": "222_077", "frp": 0.6}, "bbox": [-51.54921, -24.18213, -51.54921, -24.18213]}, {"type": "Feature", "id": "focos_48h_br_todosats.fid--211a0569_19dac319c32_6cfb", "geometry": {"type": "Point", "coordinates": [-40.6045, -11.60547]}, "geometry_name": "geometria", "properties": {"id_foco_bdq": 1814760217, "foco_id": "c716cd14-d68c-3e28-b612-5118903f7b98", "longitude": -40.6045, "latitude": -11.60547, "data_hora_gmt": "2026-04-19T16:37:00Z", "data_pas": "2026-04-19", "satelite": "NPP-375", "municipio": "PIRITIBA", "estado": "BAHIA", "pais": "Brasil", "precipitacao": 0, "numero_dias_sem_chuva": 14, "risco_fogo": 0.96, "bioma": "Caatinga", "id_0": 33, "id_1": 29, "id_2": 2924801, "continente_id": 8, "vegetacao": "Pastagens e gramíneas", "grade_wrs": "217_068", "frp": 5.7}, "bbox": [-40.6045, -11.60547, -40.6045, -11.60547]}, {"type": "Feature", "id": "focos_48h_br_todosats.fid--211a0569_19dac319c32_6cfc", "geometry": {"type": "Point", "coordinates": [-49.84386, -23.67382]}, "geometry_name": "geometria", "properties": {"id_foco_bdq": 1814759667, "foco_id": "bd3c1728-5db4-3d04-8459-817cd11720b5", "longitude": -49.84386, "latitude": -23.67382, "data_hora_gmt": "2026-04-19T16:37:00Z", "data_pas": "2026-04-19", "satelite": "NPP-375", "municipio": "SIQUEIRA CAMPOS", "estado": "PARANÁ", "pais": "Brasil", "precipitacao": 0, "numero_dias_sem_chuva": 2, "risco_fogo": 0.97, "bioma": "Mata Atlântica", "id_0": 33, "id_1": 41, "id_2": 4126603, "continente_id": 8, "vegetacao": "Pastagens e gramíneas", "grade_wrs": "221_076", "frp": 5}, "bbox": [-49.84386, -23.67382, -49.84386, -23.67382]}, {"type": "Feature", "id": "focos_48h_br_todosats.fid--211a0569_19dac319c32_6cfd", "geometry": {"type": "Point", "coordinates": [-40.95738, -15.19969]}, "geometry_name": "geometria", "properties": {"id_foco_bdq": 1814760193, "foco_id": "51f5ac94-b97f-32ff-9052-f6649fd85541", "longitude": -40.95738, "latitude": -15.19969, "data_hora_gmt": "2026-04-19T16:37:00Z", "data_pas": "2026-04-19", "satelite": "NPP-375", "municipio": "VITÓRIA DA CONQUISTA", "estado": "BAHIA", "pais": "Brasil", "precipitacao": 0, "numero_dias_sem_chuva": 6, "risco_fogo": 0.27, "bioma": "Mata Atlântica", "id_0": 33, "id_1": 29, "id_2": 2933307, "continente_id": 8, "vegetacao": "Floresta de contato; Campinarana", "grade_wrs": "217_070", "frp": 5}, "bbox": [-40.95738, -15.19969, -40.95738, -15.19969]}, {"type": "Feature", "id": "focos_48h_br_todosats.fid--211a0569_19dac319c32_6cfe", "geometry": {"type": "Point", "coordinates": [-40.51045, -10.71972]}, "geometry_name": "geometria", "properties": {"id_foco_bdq": 1814759596, "foco_id": "6724d656-139e-327d-afae-c4c1b51e477d", "longitude": -40.51045, "latitude": -10.71972, "data_hora_gmt": "2026-04-19T16:37:00Z", "data_pas": "2026-04-19", "satelite": "NPP-375", "municipio": "MIRANGABA", "estado": "BAHIA", "pais": "Brasil", "precipitacao": 3.16, "numero_dias_sem_chuva": 5, "risco_fogo": 0.33, "bioma": "Caatinga", "id_0": 33, "id_1": 29, "id_2": 2921401, "continente_id": 8, "vegetacao": "Savana arbórea; Caatinga fechada", "grade_wrs": "217_067", "frp": 8.5}, "bbox": [-40.51045, -10.71972, -40.51045, -10.71972]}, {"type": "Feature", "id": "focos_48h_br_todosats.fid--211a0569_19dac319c32_6cff", "geometry": {"type": "Point", "coordinates": [-37.92773, -10.8132]}, "geometry_name": "geometria", "properties": {"id_foco_bdq": 1814759650, "foco_id": "9c6d3c74-5fd4-3db3-90f4-f395b0eddaa1", "longitude": -37.92773, "latitude": -10.8132, "data_hora_gmt": "2026-04-19T16:37:00Z", "data_pas": "2026-04-19", "satelite": "NPP-375", "municipio": "SIMÃO DIAS", "estado": "SERGIPE", "pais": "Brasil", "precipitacao": 0, "numero_dias_sem_chuva": 4, "risco_fogo": 0.67, "bioma": "Caatinga", "id_0": 33, "id_1": 28, "id_2": 2807105, "continente_id": 8, "vegetacao": "Savana; Caatinga aberta", "grade_wrs": "215_068", "frp": 3.6}, "bbox": [-37.92773, -10.8132, -37.92773, -10.8132]}, {"type": "Feature", "id": "focos_48h_br_todosats.fid--211a0569_19dac319c32_6d00", "geometry": {"type": "Point", "coordinates": [-40.51515, -10.72051]}, "geometry_name": "geometria", "properties": {"id_foco_bdq": 1814760090, "foco_id": "576371cd-006d-364d-8428-731792678846", "longitude": -40.51515, "latitude": -10.72051, "data_hora_gmt": "2026-04-19T16:37:00Z", "data_pas": "2026-04-19", "satelite": "NPP-375", "municipio": "MIRANGABA", "estado": "BAHIA", "pais": "Brasil", "precipitacao": 3.16, "numero_dias_sem_chuva": 5, "risco_fogo": 0.33, "bioma": "Caatinga", "id_0": 33, "id_1": 29, "id_2": 2921401, "continente_id": 8, "vegetacao": "Savana arbórea; Caatinga fechada", "grade_wrs": "217_067", "frp": 5.5}, "bbox": [-40.51515, -10.72051, -40.51515, -10.72051]}, {"type": "Feature", "id": "focos_48h_br_todosats.fid--211a0569_19dac319c32_6d01", "geometry": {"type": "Point", "coordinates": [-48.88156, -23.95169]}, "geometry_name": "geometria", "properties": {"id_foco_bdq": 1814759737, "foco_id": "fabd7f6e-5aaf-3fe3-a77d-6abaab8aafe6", "longitude": -48.88156, "latitude": -23.95169, "data_hora_gmt": "2026-04-19T16:37:00Z", "data_pas": "2026-04-19", "satelite": "NPP-375", "municipio": "ITAPEVA", "estado": "SÃO PAULO", "pais": "Brasil", "precipitacao": 0, "numero_dias_sem_chuva": 3, "risco_fogo": 1, "bioma": "Cerrado", "id_0": 33, "id_1": 35, "id_2": 3522406, "continente_id": 8, "vegetacao": "Agricultura e diversos", "grade_wrs": "220_077", "frp": 7.6}, "bbox": [-48.88156, -23.95169, -48.88156, -23.95169]}, {"type": "Feature", "id": "focos_48h_br_todosats.fid--211a0569_19dac319c32_6d02", "geometry": {"type": "Point", "coordinates": [-38.41318, -10.43335]}, "geometry_name": "geometria", "properties": {"id_foco_bdq": 1814759865, "foco_id": "083d2090-1210-3926-a3a0-2329a029796e", "longitude": -38.41318, "latitude": -10.43335, "data_hora_gmt": "2026-04-19T16:37:00Z", "data_pas": "2026-04-19", "satelite": "NPP-375", "municipio": "NOVO TRIUNFO", "estado": "BAHIA", "pais": "Brasil", "precipitacao": 0.41, "numero_dias_sem_chuva": 3, "risco_fogo": 0.95, "bioma": "Caatinga", "id_0": 33, "id_1": 29, "id_2": 2923050, "continente_id": 8, "vegetacao": "Pastagens e gramíneas", "grade_wrs": "216_067", "frp": 7.4}, "bbox": [-38.41318, -10.43335, -38.41318, -10.43335]}, {"type": "Feature", "id": "focos_48h_br_todosats.fid--211a0569_19dac319c32_6d03", "geometry": {"type": "Point", "coordinates": [-41.10962, -21.36958]}, "geometry_name": "geometria", "properties": {"id_foco_bdq": 1814759859, "foco_id": "de12ca23-0f2a-317d-8648-f005c7750892", "longitude": -41.10962, "latitude": -21.36958, "data_hora_gmt": "2026-04-19T16:37:00Z", "data_pas": "2026-04-19", "satelite": "NPP-375", "municipio": "SÃO FRANCISCO DE ITABAPOANA", "estado": "RIO DE JANEIRO", "pais": "Brasil", "precipitacao": 13.03, "numero_dias_sem_chuva": 5, "risco_fogo": 0.06, "bioma": "Mata Atlântica", "id_0": 33, "id_1": 33, "id_2": 3304755, "continente_id": 8, "vegetacao": "Agricultura e diversos", "grade_wrs": "216_075", "frp": 3}, "bbox": [-41.10962, -21.36958, -41.10962, -21.36958]}, {"type": "Feature", "id": "focos_48h_br_todosats.fid--211a0569_19dac319c32_6d04", "geometry": {"type": "Point", "coordinates": [-37.54587, -11.5295]}, "geometry_name": "geometria", "properties": {"id_foco_bdq": 1814760003, "foco_id": "400f4416-11e4-3db3-81b3-d15f8f57fb5e", "longitude": -37.54587, "latitude": -11.5295, "data_hora_gmt": "2026-04-19T16:37:00Z", "data_pas": "2026-04-19", "satelite": "NPP-375", "municipio": "INDIAROBA", "estado": "SERGIPE", "pais": "Brasil", "precipitacao": 0.08, "numero_dias_sem_chuva": -999, "risco_fogo": 1, "bioma": "Mata Atlântica", "id_0": 33, "id_1": 28, "id_2": 2802809, "continente_id": 8, "vegetacao": "Pastagens e gramíneas", "grade_wrs": "215_068", "frp": 5.9}, "bbox": [-37.54587, -11.5295, -37.54587, -11.5295]}, {"type": "Feature", "id": "focos_48h_br_todosats.fid--211a0569_19dac319c32_6d05", "geometry": {"type": "Point", "coordinates": [-44.81534, -17.7106]}, "geometry_name": "geometria", "properties": {"id_foco_bdq": 1814760008, "foco_id": "dfc383f0-c561-3be4-9b9e-534d7fb77195", "longitude": -44.81534, "latitude": -17.7106, "data_hora_gmt": "2026-04-19T16:37:00Z", "data_pas": "2026-04-19", "satelite": "NPP-375", "municipio": "VÁRZEA DA PALMA", "estado": "MINAS GERAIS", "pais": "Brasil", "precipitacao": 0, "numero_dias_sem_chuva": 6, "risco_fogo": 0.79, "bioma": "Cerrado", "id_0": 33, "id_1": 31, "id_2": 3170800, "continente_id": 8, "vegetacao": "Pastagens e gramíneas", "grade_wrs": "219_072", "frp": 3.1}, "bbox": [-44.81534, -17.7106, -44.81534, -17.7106]}, {"type": "Feature", "id": "focos_48h_br_todosats.fid--211a0569_19dac319c32_6d06", "geometry": {"type": "Point", "coordinates": [-50.76047, -17.50514]}, "geometry_name": "geometria", "properties": {"id_foco_bdq": 1814760205, "foco_id": "55fe3b4a-3429-3081-ba23-f96e726ff571", "longitude": -50.76047, "latitude": -17.50514, "data_hora_gmt": "2026-04-19T16:37:00Z", "data_pas": "2026-04-19", "satelite": "NPP-375", "municipio": "RIO VERDE", "estado": "GOIÁS", "pais": "Brasil", "precipitacao": 0, "numero_dias_sem_chuva": 10, "risco_fogo": 0.21, "bioma": "Cerrado", "id_0": 33, "id_1": 52, "id_2": 5218805, "continente_id": 8, "vegetacao": "Florestas decíduas e sazonais", "grade_wrs": "223_072", "frp": 10.5}, "bbox": [-50.76047, -17.50514, -50.76047, -17.50514]}, {"type": "Feature", "id": "focos_48h_br_todosats.fid--211a0569_19dac319c32_6d07", "geometry": {"type": "Point", "coordinates": [-50.761, -17.50042]}, "geometry_name": "geometria", "properties": {"id_foco_bdq": 1814760013, "foco_id": "686acefa-aea1-342f-931f-a3ed8682b32e", "longitude": -50.761, "latitude": -17.50042, "data_hora_gmt": "2026-04-19T16:37:00Z", "data_pas": "2026-04-19", "satelite": "NPP-375", "municipio": "RIO VERDE", "estado": "GOIÁS", "pais": "Brasil", "precipitacao": 0, "numero_dias_sem_chuva": 9, "risco_fogo": 0.58, "bioma": "Cerrado", "id_0": 33, "id_1": 52, "id_2": 5218805, "continente_id": 8, "vegetacao": "Savana; Caatinga aberta", "grade_wrs": "223_072", "frp": 10.5}, "bbox": [-50.761, -17.50042, -50.761, -17.50042]}, {"type": "Feature", "id": "focos_48h_br_todosats.fid--211a0569_19dac319c32_6d08", "geometry": {"type": "Point", "coordinates": [-47.99584, -23.64777]}, "geometry_name": "geometria", "properties": {"id_foco_bdq": 1814760299, "foco_id": "644ce51b-84fe-3d60-b52f-0ad24ccd01ee", "longitude": -47.99584, "latitude": -23.64777, "data_hora_gmt": "2026-04-19T16:37:00Z", "data_pas": "2026-04-19", "satelite": "NPP-375", "municipio": "ITAPETININGA", "estado": "SÃO PAULO", "pais": "Brasil", "precipitacao": 0, "numero_dias_sem_chuva": 6, "risco_fogo": 0.64, "bioma": "Cerrado", "id_0": 33, "id_1": 35, "id_2": 3522307, "continente_id": 8, "vegetacao": "Savana arbórea; Caatinga fechada", "grade_wrs": "220_076", "frp": 4.6}, "bbox": [-47.99584, -23.64777, -47.99584, -23.64777]}, {"type": "Feature", "id": "focos_48h_br_todosats.fid--211a0569_19dac319c32_6d09", "geometry": {"type": "Point", "coordinates": [-42.28213, -15.75577]}, "geometry_name": "geometria", "properties": {"id_foco_bdq": 1814760214, "foco_id": "db885cb5-a901-3893-a44e-263b78787479", "longitude": -42.28213, "latitude": -15.75577, "data_hora_gmt": "2026-04-19T16:37:00Z", "data_pas": "2026-04-19", "satelite": "NPP-375", "municipio": "RIO PARDO DE MINAS", "estado": "MINAS GERAIS", "pais": "Brasil", "precipitacao": 0, "numero_dias_sem_chuva": 7, "risco_fogo": 0.17, "bioma": "Cerrado", "id_0": 33, "id_1": 31, "id_2": 3155603, "continente_id": 8, "vegetacao": "Florestas decíduas e sazonais", "grade_wrs": "217_071", "frp": 10.5}, "bbox": [-42.28213, -15.75577, -42.28213, -15.75577]}, {"type": "Feature", "id": "focos_48h_br_todosats.fid--211a0569_19dac319c32_6d0a", "geometry": {"type": "Point", "coordinates": [-39.49522, -10.24203]}, "geometry_name": "geometria", "properties": {"id_foco_bdq": 1814759745, "foco_id": "e5bcdf4b-2dd9-3499-9c74-78dc76355b82", "longitude": -39.49522, "latitude": -10.24203, "data_hora_gmt": "2026-04-19T16:37:00Z", "data_pas": "2026-04-19", "satelite": "NPP-375", "municipio": "MONTE SANTO", "estado": "BAHIA", "pais": "Brasil", "precipitacao": 2.4, "numero_dias_sem_chuva": 7, "risco_fogo": 0.65, "bioma": "Caatinga", "id_0": 33, "id_1": 29, "id_2": 2921500, "continente_id": 8, "vegetacao": "Savana arbórea; Caatinga fechada", "grade_wrs": "216_067", "frp": 12.7}, "bbox": [-39.49522, -10.24203, -39.49522, -10.24203]}, {"type": "Feature", "id": "focos_48h_br_todosats.fid--211a0569_19dac319c32_6d0b", "geometry": {"type": "Point", "coordinates": [-43.53675, -14.82177]}, "geometry_name": "geometria", "properties": {"id_foco_bdq": 1814760109, "foco_id": "87024dfa-23f2-3a82-b986-3d6aa451a172", "longitude": -43.53675, "latitude": -14.82177, "data_hora_gmt": "2026-04-19T16:37:00Z", "data_pas": "2026-04-19", "satelite": "NPP-375", "municipio": "MATIAS CARDOSO", "estado": "MINAS GERAIS", "pais": "Brasil", "precipitacao": 0, "numero_dias_sem_chuva": 10, "risco_fogo": 0.83, "bioma": "Cerrado", "id_0": 33, "id_1": 31, "id_2": 3140852, "continente_id": 8, "vegetacao": "Pastagens e gramíneas", "grade_wrs": "218_070", "frp": 3.2}, "bbox": [-43.53675, -14.82177, -43.53675, -14.82177]}, {"type": "Feature", "id": "focos_48h_br_todosats.fid--211a0569_19dac319c32_6d0c", "geometry": {"type": "Point", "coordinates": [-43.78278, -13.1903]}, "geometry_name": "geometria", "properties": {"id_foco_bdq": 1814759581, "foco_id": "05d58852-4d9a-306a-8f60-29ff7cd433bf", "longitude": -43.78278, "latitude": -13.1903, "data_hora_gmt": "2026-04-19T16:37:00Z", "data_pas": "2026-04-19", "satelite": "NPP-375", "municipio": "SANTANA", "estado": "BAHIA", "pais": "Brasil", "precipitacao": 4.43, "numero_dias_sem_chuva": 7, "risco_fogo": 0.56, "bioma": "Cerrado", "id_0": 33, "id_1": 29, "id_2": 2928208, "continente_id": 8, "vegetacao": "Agricultura e diversos", "grade_wrs": "219_069", "frp": 2.7}, "bbox": [-43.78278, -13.1903, -43.78278, -13.1903]}, {"type": "Feature", "id": "focos_48h_br_todosats.fid--211a0569_19dac319c32_6d0d", "geometry": {"type": "Point", "coordinates": [-44.03208, -13.4725]}, "geometry_name": "geometria", "properties": {"id_foco_bdq": 1814760292, "foco_id": "8973d6e1-abe2-32a0-a110-fa183b8e86dd", "longitude": -44.03208, "latitude": -13.4725, "data_hora_gmt": "2026-04-19T16:37:00Z", "data_pas": "2026-04-19", "satelite": "NPP-375", "municipio": "SÃO FÉLIX DO CORIBE", "estado": "BAHIA", "pais": "Brasil", "precipitacao": 0.6, "numero_dias_sem_chuva": 2, "risco_fogo": 0.3, "bioma": "Cerrado", "id_0": 33, "id_1": 29, "id_2": 2929057, "continente_id": 8, "vegetacao": "Savana arbórea; Caatinga fechada", "grade_wrs": "219_069", "frp": 28.7}, "bbox": [-44.03208, -13.4725, -44.03208, -13.4725]}, {"type": "Feature", "id": "focos_48h_br_todosats.fid--211a0569_19dac319c32_6d0e", "geometry": {"type": "Point", "coordinates": [-39.2407, -15.61749]}, "geometry_name": "geometria", "properties": {"id_foco_bdq": 1814760122, "foco_id": "edab89bd-6693-3877-816d-71210cb69b7d", "longitude": -39.2407, "latitude": -15.61749, "data_hora_gmt": "2026-04-19T16:37:00Z", "data_pas": "2026-04-19", "satelite": "NPP-375", "municipio": "MASCOTE", "estado": "BAHIA", "pais": "Brasil", "precipitacao": 0, "numero_dias_sem_chuva": 6, "risco_fogo": 0.12, "bioma": "Mata Atlântica", "id_0": 33, "id_1": 29, "id_2": 2920908, "continente_id": 8, "vegetacao": "Floresta Ombrófila densa", "grade_wrs": "215_071", "frp": 3.6}, "bbox": [-39.2407, -15.61749, -39.2407, -15.61749]}, {"type": "Feature", "id": "focos_48h_br_todosats.fid--211a0569_19dac319c32_6d0f", "geometry": {"type": "Point", "coordinates": [-43.54034, -14.82232]}, "geometry_name": "geometria", "properties": {"id_foco_bdq": 1814759661, "foco_id": "a57cad9c-8d60-326c-b10e-c5f5cae7390e", "longitude": -43.54034, "latitude": -14.82232, "data_hora_gmt": "2026-04-19T16:37:00Z", "data_pas": "2026-04-19", "satelite": "NPP-375", "municipio": "MATIAS CARDOSO", "estado": "MINAS GERAIS", "pais": "Brasil", "precipitacao": 0, "numero_dias_sem_chuva": 10, "risco_fogo": 1, "bioma": "Cerrado", "id_0": 33, "id_1": 31, "id_2": 3140852, "continente_id": 8, "vegetacao": "Pastagens e gramíneas", "grade_wrs": "218_070", "frp": 3.2}, "bbox": [-43.54034, -14.82232, -43.54034, -14.82232]}, {"type": "Feature", "id": "focos_48h_br_todosats.fid--211a0569_19dac319c32_6d10", "geometry": {"type": "Point", "coordinates": [-43.09832, -16.96279]}, "geometry_name": "geometria", "properties": {"id_foco_bdq": 1814759749, "foco_id": "e63ed028-b1bb-378d-bc26-d564d9850ff1", "longitude": -43.09832, "latitude": -16.96279, "data_hora_gmt": "2026-04-19T16:37:00Z", "data_pas": "2026-04-19", "satelite": "NPP-375", "municipio": "BOTUMIRIM", "estado": "MINAS GERAIS", "pais": "Brasil", "precipitacao": 0, "numero_dias_sem_chuva": 7, "risco_fogo": 0.17, "bioma": "Cerrado", "id_0": 33, "id_1": 31, "id_2": 3108503, "continente_id": 8, "vegetacao": "Savana arbórea; Caatinga fechada", "grade_wrs": "218_072", "frp": 3}, "bbox": [-43.09832, -16.96279, -43.09832, -16.96279]}, {"type": "Feature", "id": "focos_48h_br_todosats.fid--211a0569_19dac319c32_6d11", "geometry": {"type": "Point", "coordinates": [-37.83757, -11.95817]}, "geometry_name": "geometria", "properties": {"id_foco_bdq": 1814760142, "foco_id": "5ee7d6ae-bb25-3ce5-b958-cfd9d7d80720", "longitude": -37.83757, "latitude": -11.95817, "data_hora_gmt": "2026-04-19T16:37:00Z", "data_pas": "2026-04-19", "satelite": "NPP-375", "municipio": "ESPLANADA", "estado": "BAHIA", "pais": "Brasil", "precipitacao": 0, "numero_dias_sem_chuva": -999, "risco_fogo": 0.17, "bioma": "Mata Atlântica", "id_0": 33, "id_1": 29, "id_2": 2910602, "continente_id": 8, "vegetacao": "Floresta Ombrófila densa", "grade_wrs": "215_068", "frp": 13.5}, "bbox": [-37.83757, -11.95817, -37.83757, -11.95817]}, {"type": "Feature", "id": "focos_48h_br_todosats.fid--211a0569_19dac319c32_6d12", "geometry": {"type": "Point", "coordinates": [-50.76151, -17.4957]}, "geometry_name": "geometria", "properties": {"id_foco_bdq": 1814759578, "foco_id": "0589ecd3-3082-3470-8918-cfa3736bd291", "longitude": -50.76151, "latitude": -17.4957, "data_hora_gmt": "2026-04-19T16:37:00Z", "data_pas": "2026-04-19", "satelite": "NPP-375", "municipio": "RIO VERDE", "estado": "GOIÁS", "pais": "Brasil", "precipitacao": 0, "numero_dias_sem_chuva": 9, "risco_fogo": 0.92, "bioma": "Cerrado", "id_0": 33, "id_1": 52, "id_2": 5218805, "continente_id": 8, "vegetacao": "Pastagens e gramíneas", "grade_wrs": "223_072", "frp": 7.8}, "bbox": [-50.76151, -17.4957, -50.76151, -17.4957]}, {"type": "Feature", "id": "focos_48h_br_todosats.fid--211a0569_19dac319c32_6d13", "geometry": {"type": "Point", "coordinates": [-46.17767, -23.35792]}, "geometry_name": "geometria", "properties": {"id_foco_bdq": 1814760313, "foco_id": "692600e2-f46b-3c83-9a94-6d56e10fc475", "longitude": -46.17767, "latitude": -23.35792, "data_hora_gmt": "2026-04-19T16:37:00Z", "data_pas": "2026-04-19", "satelite": "NPP-375", "municipio": "MOGI DAS CRUZES", "estado": "SÃO PAULO", "pais": "Brasil", "precipitacao": 0, "numero_dias_sem_chuva": 0, "risco_fogo": 0.74, "bioma": "Mata Atlântica", "id_0": 33, "id_1": 35, "id_2": 3530607, "continente_id": 8, "vegetacao": "Agricultura e diversos", "grade_wrs": "219_076", "frp": 2.4}, "bbox": [-46.17767, -23.35792, -46.17767, -23.35792]}, {"type": "Feature", "id": "focos_48h_br_todosats.fid--211a0569_19dac319c32_6d14", "geometry": {"type": "Point", "coordinates": [-44.41221, -15.49571]}, "geometry_name": "geometria", "properties": {"id_foco_bdq": 1814759836, "foco_id": "f0fcac98-ba92-345a-a7dc-e2f14a09842e", "longitude": -44.41221, "latitude": -15.49571, "data_hora_gmt": "2026-04-19T16:37:00Z", "data_pas": "2026-04-19", "satelite": "NPP-375", "municipio": "JANUÁRIA", "estado": "MINAS GERAIS", "pais": "Brasil", "precipitacao": 0, "numero_dias_sem_chuva": 9, "risco_fogo": 0.96, "bioma": "Caatinga", "id_0": 33, "id_1": 31, "id_2": 3135209, "continente_id": 8, "vegetacao": "Pastagens e gramíneas", "grade_wrs": "219_071", "frp": 3.7}, "bbox": [-44.41221, -15.49571, -44.41221, -15.49571]}, {"type": "Feature", "id": "focos_48h_br_todosats.fid--211a0569_19dac319c32_6d15", "geometry": {"type": "Point", "coordinates": [-52.05441, -14.25281]}, "geometry_name": "geometria", "properties": {"id_foco_bdq": 1814760176, "foco_id": "2f2bfe67-9876-3034-b925-2f38b0c30bc1", "longitude": -52.05441, "latitude": -14.25281, "data_hora_gmt": "2026-04-19T16:37:00Z", "data_pas": "2026-04-19", "satelite": "NPP-375", "municipio": "NOVA NAZARÉ", "estado": "MATO GROSSO", "pais": "Brasil", "precipitacao": 0.99, "numero_dias_sem_chuva": 2, "risco_fogo": 0.08, "bioma": "Cerrado", "id_0": 33, "id_1": 51, "id_2": 5106174, "continente_id": 8, "vegetacao": "Floresta Ombrófila densa", "grade_wrs": "224_070", "frp": 7.5}, "bbox": [-52.05441, -14.25281, -52.05441, -14.25281]}, {"type": "Feature", "id": "focos_48h_br_todosats.fid--211a0569_19dac319c32_6d16", "geometry": {"type": "Point", "coordinates": [-37.83739, -11.95208]}, "geometry_name": "geometria", "properties": {"id_foco_bdq": 1814759647, "foco_id": "4142d5ed-2728-3980-95bf-7cfeb1913d9c", "longitude": -37.83739, "latitude": -11.95208, "data_hora_gmt": "2026-04-19T16:37:00Z", "data_pas": "2026-04-19", "satelite": "NPP-375", "municipio": "ESPLANADA", "estado": "BAHIA", "pais": "Brasil", "precipitacao": 0, "numero_dias_sem_chuva": -999, "risco_fogo": 0.35, "bioma": "Mata Atlântica", "id_0": 33, "id_1": 29, "id_2": 2910602, "continente_id": 8, "vegetacao": "Floresta de contato; Campinarana", "grade_wrs": "215_068", "frp": 5.5}, "bbox": [-37.83739, -11.95208, -37.83739, -11.95208]}, {"type": "Feature", "id": "focos_48h_br_todosats.fid--211a0569_19dac319c32_6d17", "geometry": {"type": "Point", "coordinates": [-40.15635, -10.57135]}, "geometry_name": "geometria", "properties": {"id_foco_bdq": 1814759888, "foco_id": "67e523f4-9313-3491-aade-c9c30b572dc3", "longitude": -40.15635, "latitude": -10.57135, "data_hora_gmt": "2026-04-19T16:37:00Z", "data_pas": "2026-04-19", "satelite": "NPP-375", "municipio": "SENHOR DO BONFIM", "estado": "BAHIA", "pais": "Brasil", "precipitacao": 1.27, "numero_dias_sem_chuva": 5, "risco_fogo": 0.92, "bioma": "Caatinga", "id_0": 33, "id_1": 29, "id_2": 2930105, "continente_id": 8, "vegetacao": "Pastagens e gramíneas", "grade_wrs": "217_067", "frp": 4.4}, "bbox": [-40.15635, -10.57135, -40.15635, -10.57135]}, {"type": "Feature", "id": "focos_48h_br_todosats.fid--211a0569_19dac319c32_6d18", "geometry": {"type": "Point", "coordinates": [-37.83305, -11.95734]}, "geometry_name": "geometria", "properties": {"id_foco_bdq": 1814759763, "foco_id": "7d072121-4a86-321e-9edf-bd64d42a7240", "longitude": -37.83305, "latitude": -11.95734, "data_hora_gmt": "2026-04-19T16:37:00Z", "data_pas": "2026-04-19", "satelite": "NPP-375", "municipio": "ESPLANADA", "estado": "BAHIA", "pais": "Brasil", "precipitacao": 0, "numero_dias_sem_chuva": -999, "risco_fogo": 0.17, "bioma": "Mata Atlântica", "id_0": 33, "id_1": 29, "id_2": 2910602, "continente_id": 8, "vegetacao": "Floresta Ombrófila densa", "grade_wrs": "215_068", "frp": 11.3}, "bbox": [-37.83305, -11.95734, -37.83305, -11.95734]}, {"type": "Feature", "id": "focos_48h_br_todosats.fid--211a0569_19dac319c32_6d19", "geometry": {"type": "Point", "coordinates": [-39.47572, -10.97464]}, "geometry_name": "geometria", "properties": {"id_foco_bdq": 1814759893, "foco_id": "bfc8cd73-6a95-3776-8cb6-e677fcef2fa6", "longitude": -39.47572, "latitude": -10.97464, "data_hora_gmt": "2026-04-19T16:37:00Z", "data_pas": "2026-04-19", "satelite": "NPP-375", "municipio": "QUEIMADAS", "estado": "BAHIA", "pais": "Brasil", "precipitacao": 0, "numero_dias_sem_chuva": 15, "risco_fogo": 1, "bioma": "Caatinga", "id_0": 33, "id_1": 29, "id_2": 2925808, "continente_id": 8, "vegetacao": "Agricultura e diversos", "grade_wrs": "216_068", "frp": 7.7}, "bbox": [-39.47572, -10.97464, -39.47572, -10.97464]}, {"type": "Feature", "id": "focos_48h_br_todosats.fid--211a0569_19dac319c32_6d1a", "geometry": {"type": "Point", "coordinates": [-40.95749, -15.2014]}, "geometry_name": "geometria", "properties": {"id_foco_bdq": 1814759570, "foco_id": "34f69794-e603-3ca1-b3cf-4212d5d393c6", "longitude": -40.95749, "latitude": -15.2014, "data_hora_gmt": "2026-04-19T16:37:00Z", "data_pas": "2026-04-19", "satelite": "NPP-375", "municipio": "VITÓRIA DA CONQUISTA", "estado": "BAHIA", "pais": "Brasil", "precipitacao": 0, "numero_dias_sem_chuva": 6, "risco_fogo": 0.21, "bioma": "Mata Atlântica", "id_0": 33, "id_1": 29, "id_2": 2933307, "continente_id": 8, "vegetacao": "Floresta de contato; Campinarana", "grade_wrs": "217_070", "frp": 3.5}, "bbox": [-40.95749, -15.2014, -40.95749, -15.2014]}, {"type": "Feature", "id": "focos_48h_br_todosats.fid--211a0569_19dac319c32_6d1b", "geometry": {"type": "Point", "coordinates": [-42.9434, -13.82585]}, "geometry_name": "geometria", "properties": {"id_foco_bdq": 1814759898, "foco_id": "632c9e43-5ab7-3c15-9ae0-4eb49bd141b6", "longitude": -42.9434, "latitude": -13.82585, "data_hora_gmt": "2026-04-19T16:37:00Z", "data_pas": "2026-04-19", "satelite": "NPP-375", "municipio": "MATINA", "estado": "BAHIA", "pais": "Brasil", "precipitacao": 0.1, "numero_dias_sem_chuva": 3, "risco_fogo": 0.72, "bioma": "Caatinga", "id_0": 33, "id_1": 29, "id_2": 2921054, "continente_id": 8, "vegetacao": "Agricultura e diversos", "grade_wrs": "218_070", "frp": 8.6}, "bbox": [-42.9434, -13.82585, -42.9434, -13.82585]}, {"type": "Feature", "id": "focos_48h_br_todosats.fid--211a0569_19dac319c32_6d1c", "geometry": {"type": "Point", "coordinates": [-37.82764, -11.96101]}, "geometry_name": "geometria", "properties": {"id_foco_bdq": 1814759858, "foco_id": "b2e40ef2-10aa-333e-bf72-e71789e54f3c", "longitude": -37.82764, "latitude": -11.96101, "data_hora_gmt": "2026-04-19T16:37:00Z", "data_pas": "2026-04-19", "satelite": "NPP-375", "municipio": "ESPLANADA", "estado": "BAHIA", "pais": "Brasil", "precipitacao": 0, "numero_dias_sem_chuva": -999, "risco_fogo": 0.28, "bioma": "Mata Atlântica", "id_0": 33, "id_1": 29, "id_2": 2910602, "continente_id": 8, "vegetacao": "Florestas decíduas e sazonais", "grade_wrs": "215_068", "frp": 6.8}, "bbox": [-37.82764, -11.96101, -37.82764, -11.96101]}, {"type": "Feature", "id": "focos_48h_br_todosats.fid--211a0569_19dac319c32_6d1d", "geometry": {"type": "Point", "coordinates": [-41.15149, -21.50554]}, "geometry_name": "geometria", "properties": {"id_foco_bdq": 1814759910, "foco_id": "1dabcdee-0fc0-3bff-85d0-2c034827cdb8", "longitude": -41.15149, "latitude": -21.50554, "data_hora_gmt": "2026-04-19T16:37:00Z", "data_pas": "2026-04-19", "satelite": "NPP-375", "municipio": "SÃO FRANCISCO DE ITABAPOANA", "estado": "RIO DE JANEIRO", "pais": "Brasil", "precipitacao": 18.23, "numero_dias_sem_chuva": 0, "risco_fogo": 0.02, "bioma": "Mata Atlântica", "id_0": 33, "id_1": 33, "id_2": 3304755, "continente_id": 8, "vegetacao": "Pastagens e gramíneas", "grade_wrs": "216_075", "frp": 5.4}, "bbox": [-41.15149, -21.50554, -41.15149, -21.50554]}, {"type": "Feature", "id": "focos_48h_br_todosats.fid--211a0569_19dac319c32_6d1e", "geometry": {"type": "Point", "coordinates": [-37.83199, -11.95578]}, "geometry_name": "geometria", "properties": {"id_foco_bdq": 1814759911, "foco_id": "f1a1b57d-6645-3489-8909-2f6aa87d955c", "longitude": -37.83199, "latitude": -11.95578, "data_hora_gmt": "2026-04-19T16:37:00Z", "data_pas": "2026-04-19", "satelite": "NPP-375", "municipio": "ESPLANADA", "estado": "BAHIA", "pais": "Brasil", "precipitacao": 0, "numero_dias_sem_chuva": -999, "risco_fogo": 0.17, "bioma": "Mata Atlântica", "id_0": 33, "id_1": 29, "id_2": 2910602, "continente_id": 8, "vegetacao": "Floresta Ombrófila densa", "grade_wrs": "215_068", "frp": 9.7}, "bbox": [-37.83199, -11.95578, -37.83199, -11.95578]}, {"type": "Feature", "id": "focos_48h_br_todosats.fid--211a0569_19dac319c32_6d1f", "geometry": {"type": "Point", "coordinates": [-37.18221, -8.82422]}, "geometry_name": "geometria", "properties": {"id_foco_bdq": 1814759646, "foco_id": "a0a8f322-5b80-3d5d-bf15-ee29bf7d8af6", "longitude": -37.18221, "latitude": -8.82422, "data_hora_gmt": "2026-04-19T16:37:00Z", "data_pas": "2026-04-19", "satelite": "NPP-375", "municipio": "TUPANATINGA", "estado": "PERNAMBUCO", "pais": "Brasil", "precipitacao": 0.59, "numero_dias_sem_chuva": 4, "risco_fogo": 0.99, "bioma": "Caatinga", "id_0": 33, "id_1": 26, "id_2": 2615805, "continente_id": 8, "vegetacao": "Pastagens e gramíneas", "grade_wrs": "215_066", "frp": 6.5}, "bbox": [-37.18221, -8.82422, -37.18221, -8.82422]}, {"type": "Feature", "id": "focos_48h_br_todosats.fid--211a0569_19dac319c32_6d20", "geometry": {"type": "Point", "coordinates": [-47.57397, -15.41923]}, "geometry_name": "geometria", "properties": {"id_foco_bdq": 1814759916, "foco_id": "aa80b974-2fcc-37f5-9619-a1d46bac3158", "longitude": -47.57397, "latitude": -15.41923, "data_hora_gmt": "2026-04-19T16:37:00Z", "data_pas": "2026-04-19", "satelite": "NPP-375", "municipio": "PLANALTINA", "estado": "GOIÁS", "pais": "Brasil", "precipitacao": 0.9, "numero_dias_sem_chuva": 8, "risco_fogo": 0.22, "bioma": "Cerrado", "id_0": 33, "id_1": 52, "id_2": 5217609, "continente_id": 8, "vegetacao": "Savana; Caatinga aberta", "grade_wrs": "221_071", "frp": 3.5}, "bbox": [-47.57397, -15.41923, -47.57397, -15.41923]}, {"type": "Feature", "id": "focos_48h_br_todosats.fid--211a0569_19dac319c32_6d21", "geometry": {"type": "Point", "coordinates": [-46.83441, -17.16645]}, "geometry_name": "geometria", "properties": {"id_foco_bdq": 1814759820, "foco_id": "9b0ecad4-4317-3043-9cb0-ab9cbac7799a", "longitude": -46.83441, "latitude": -17.16645, "data_hora_gmt": "2026-04-19T16:37:00Z", "data_pas": "2026-04-19", "satelite": "NPP-375", "municipio": "PARACATU", "estado": "MINAS GERAIS", "pais": "Brasil", "precipitacao": 0, "numero_dias_sem_chuva": 9, "risco_fogo": 1, "bioma": "Cerrado", "id_0": 33, "id_1": 31, "id_2": 3147006, "continente_id": 8, "vegetacao": "Pastagens e gramíneas", "grade_wrs": "220_072", "frp": 3.4}, "bbox": [-46.83441, -17.16645, -46.83441, -17.16645]}, {"type": "Feature", "id": "focos_48h_br_todosats.fid--211a0569_19dac319c32_6d22", "geometry": {"type": "Point", "coordinates": [-37.83392, -11.95285]}, "geometry_name": "geometria", "properties": {"id_foco_bdq": 1814759643, "foco_id": "1384628c-8f1e-3372-8916-7197ed7f7e93", "longitude": -37.83392, "latitude": -11.95285, "data_hora_gmt": "2026-04-19T16:37:00Z", "data_pas": "2026-04-19", "satelite": "NPP-375", "municipio": "ESPLANADA", "estado": "BAHIA", "pais": "Brasil", "precipitacao": 0, "numero_dias_sem_chuva": -999, "risco_fogo": 0.24, "bioma": "Mata Atlântica", "id_0": 33, "id_1": 29, "id_2": 2910602, "continente_id": 8, "vegetacao": "Florestas decíduas e sazonais", "grade_wrs": "215_068", "frp": 11.3}, "bbox": [-37.83392, -11.95285, -37.83392, -11.95285]}, {"type": "Feature", "id": "focos_48h_br_todosats.fid--211a0569_19dac319c32_6d23", "geometry": {"type": "Point", "coordinates": [-50.84173, -16.44495]}, "geometry_name": "geometria", "properties": {"id_foco_bdq": 1814760308, "foco_id": "d4365016-f3cf-3cdb-a983-12c6e838b137", "longitude": -50.84173, "latitude": -16.44495, "data_hora_gmt": "2026-04-19T16:37:00Z", "data_pas": "2026-04-19", "satelite": "NPP-375", "municipio": "ISRAELÂNDIA", "estado": "GOIÁS", "pais": "Brasil", "precipitacao": 0.1, "numero_dias_sem_chuva": 8, "risco_fogo": 0.09, "bioma": "Cerrado", "id_0": 33, "id_1": 52, "id_2": 5210307, "continente_id": 8, "vegetacao": "Savana; Caatinga aberta", "grade_wrs": "223_071", "frp": 5}, "bbox": [-50.84173, -16.44495, -50.84173, -16.44495]}, {"type": "Feature", "id": "focos_48h_br_todosats.fid--211a0569_19dac319c32_6d24", "geometry": {"type": "Point", "coordinates": [-43.61451, -13.32008]}, "geometry_name": "geometria", "properties": {"id_foco_bdq": 1814759767, "foco_id": "42820815-807a-3936-8175-b0aed5b8105a", "longitude": -43.61451, "latitude": -13.32008, "data_hora_gmt": "2026-04-19T16:37:00Z", "data_pas": "2026-04-19", "satelite": "NPP-375", "municipio": "SERRA DO RAMALHO", "estado": "BAHIA", "pais": "Brasil", "precipitacao": 0.6, "numero_dias_sem_chuva": 8, "risco_fogo": 1, "bioma": "Cerrado", "id_0": 33, "id_1": 29, "id_2": 2930154, "continente_id": 8, "vegetacao": "Pastagens e gramíneas", "grade_wrs": "219_069", "frp": 2.3}, "bbox": [-43.61451, -13.32008, -43.61451, -13.32008]}, {"type": "Feature", "id": "focos_48h_br_todosats.fid--211a0569_19dac319c32_6d25", "geometry": {"type": "Point", "coordinates": [-37.83653, -11.95658]}, "geometry_name": "geometria", "properties": {"id_foco_bdq": 1814759927, "foco_id": "2e7245cd-dde6-3f71-b7ec-50ef5d8e3fb0", "longitude": -37.83653, "latitude": -11.95658, "data_hora_gmt": "2026-04-19T16:37:00Z", "data_pas": "2026-04-19", "satelite": "NPP-375", "municipio": "ESPLANADA", "estado": "BAHIA", "pais": "Brasil", "precipitacao": 0, "numero_dias_sem_chuva": -999, "risco_fogo": 0.17, "bioma": "Mata Atlântica", "id_0": 33, "id_1": 29, "id_2": 2910602, "continente_id": 8, "vegetacao": "Floresta Ombrófila densa", "grade_wrs": "215_068", "frp": 20.8}, "bbox": [-37.83653, -11.95658, -37.83653, -11.95658]}, {"type": "Feature", "id": "focos_48h_br_todosats.fid--211a0569_19dac319c32_6d26", "geometry": {"type": "Point", "coordinates": [-37.1853, -8.82512]}, "geometry_name": "geometria", "properties": {"id_foco_bdq": 1814759565, "foco_id": "d3da3216-d749-3831-aaf3-8b871be726bb", "longitude": -37.1853, "latitude": -8.82512, "data_hora_gmt": "2026-04-19T16:37:00Z", "data_pas": "2026-04-19", "satelite": "NPP-375", "municipio": "TUPANATINGA", "estado": "PERNAMBUCO", "pais": "Brasil", "precipitacao": 0.6, "numero_dias_sem_chuva": 4, "risco_fogo": 1, "bioma": "Caatinga", "id_0": 33, "id_1": 26, "id_2": 2615805, "continente_id": 8, "vegetacao": "Pastagens e gramíneas", "grade_wrs": "215_066", "frp": 9.6}, "bbox": [-37.1853, -8.82512, -37.1853, -8.82512]}, {"type": "Feature", "id": "focos_48h_br_todosats.fid--211a0569_19dac319c32_6d27", "geometry": {"type": "Point", "coordinates": [-43.96423, -22.3699]}, "geometry_name": "geometria", "properties": {"id_foco_bdq": 1814760232, "foco_id": "7763415b-eefc-30e2-a6e8-fa5b24d16ec8", "longitude": -43.96423, "latitude": -22.3699, "data_hora_gmt": "2026-04-19T16:37:00Z", "data_pas": "2026-04-19", "satelite": "NPP-375", "municipio": "BARRA DO PIRAÍ", "estado": "RIO DE JANEIRO", "pais": "Brasil", "precipitacao": 0.45, "numero_dias_sem_chuva": 0, "risco_fogo": 0.21, "bioma": "Mata Atlântica", "id_0": 33, "id_1": 33, "id_2": 3300308, "continente_id": 8, "vegetacao": "Savana arbórea; Caatinga fechada", "grade_wrs": "217_076", "frp": 7.4}, "bbox": [-43.96423, -22.3699, -43.96423, -22.3699]}, {"type": "Feature", "id": "focos_48h_br_todosats.fid--211a0569_19dac319c32_6d28", "geometry": {"type": "Point", "coordinates": [-41.32762, -13.25361]}, "geometry_name": "geometria", "properties": {"id_foco_bdq": 1814759934, "foco_id": "5c1c8ab7-cbdf-3c91-bb90-1ba912386efe", "longitude": -41.32762, "latitude": -13.25361, "data_hora_gmt": "2026-04-19T16:37:00Z", "data_pas": "2026-04-19", "satelite": "NPP-375", "municipio": "MUCUGÊ", "estado": "BAHIA", "pais": "Brasil", "precipitacao": 0.31, "numero_dias_sem_chuva": 0, "risco_fogo": 0.06, "bioma": "Caatinga", "id_0": 33, "id_1": 29, "id_2": 2921906, "continente_id": 8, "vegetacao": "Florestas decíduas e sazonais", "grade_wrs": "217_069", "frp": 3.8}, "bbox": [-41.32762, -13.25361, -41.32762, -13.25361]}, {"type": "Feature", "id": "focos_48h_br_todosats.fid--211a0569_19dac319c32_6d29", "geometry": {"type": "Point", "coordinates": [-43.61396, -13.32342]}, "geometry_name": "geometria", "properties": {"id_foco_bdq": 1814759634, "foco_id": "5c10272a-3f2f-3eda-9cf7-56d6a9f7f645", "longitude": -43.61396, "latitude": -13.32342, "data_hora_gmt": "2026-04-19T16:37:00Z", "data_pas": "2026-04-19", "satelite": "NPP-375", "municipio": "SERRA DO RAMALHO", "estado": "BAHIA", "pais": "Brasil", "precipitacao": 0.56, "numero_dias_sem_chuva": 8, "risco_fogo": 1, "bioma": "Cerrado", "id_0": 33, "id_1": 29, "id_2": 2930154, "continente_id": 8, "vegetacao": "Pastagens e gramíneas", "grade_wrs": "219_069", "frp": 10.5}, "bbox": [-43.61396, -13.32342, -43.61396, -13.32342]}, {"type": "Feature", "id": "focos_48h_br_todosats.fid--211a0569_19dac319c32_6d2a", "geometry": {"type": "Point", "coordinates": [-48.87943, -23.95065]}, "geometry_name": "geometria", "properties": {"id_foco_bdq": 1814759879, "foco_id": "87228cdd-0540-395c-a7a1-2a0376a2a23b", "longitude": -48.87943, "latitude": -23.95065, "data_hora_gmt": "2026-04-19T16:37:00Z", "data_pas": "2026-04-19", "satelite": "NPP-375", "municipio": "ITAPEVA", "estado": "SÃO PAULO", "pais": "Brasil", "precipitacao": 0, "numero_dias_sem_chuva": 3, "risco_fogo": 1, "bioma": "Cerrado", "id_0": 33, "id_1": 35, "id_2": 3522406, "continente_id": 8, "vegetacao": "Agricultura e diversos", "grade_wrs": "220_077", "frp": 3.9}, "bbox": [-48.87943, -23.95065, -48.87943, -23.95065]}, {"type": "Feature", "id": "focos_48h_br_todosats.fid--211a0569_19dac319c32_6d2b", "geometry": {"type": "Point", "coordinates": [-40.6836, -16.1636]}, "geometry_name": "geometria", "properties": {"id_foco_bdq": 1814759843, "foco_id": "7143a94d-ddac-3315-bbab-c1c639070a54", "longitude": -40.6836, "latitude": -16.1636, "data_hora_gmt": "2026-04-19T16:37:00Z", "data_pas": "2026-04-19", "satelite": "NPP-375", "municipio": "ALMENARA", "estado": "MINAS GERAIS", "pais": "Brasil", "precipitacao": 0, "numero_dias_sem_chuva": 7, "risco_fogo": 1, "bioma": "Mata Atlântica", "id_0": 33, "id_1": 31, "id_2": 3101706, "continente_id": 8, "vegetacao": "Corpos agua/Solos expostos/Mineracao/Areas urbanas e construidas/neve e gelo", "grade_wrs": "216_071", "frp": 3.1}, "bbox": [-40.6836, -16.1636, -40.6836, -16.1636]}, {"type": "Feature", "id": "focos_48h_br_todosats.fid--211a0569_19dac319c32_6d2c", "geometry": {"type": "Point", "coordinates": [-37.85583, -10.25575]}, "geometry_name": "geometria", "properties": {"id_foco_bdq": 1814759945, "foco_id": "2c4a5737-305d-3c89-95b4-953e9479d735", "longitude": -37.85583, "latitude": -10.25575, "data_hora_gmt": "2026-04-19T16:37:00Z", "data_pas": "2026-04-19", "satelite": "NPP-375", "municipio": "CORONEL JOÃO SÁ", "estado": "BAHIA", "pais": "Brasil", "precipitacao": 0.39, "numero_dias_sem_chuva": 4, "risco_fogo": 0.9, "bioma": "Caatinga", "id_0": 33, "id_1": 29, "id_2": 2909208, "continente_id": 8, "vegetacao": "Agricultura e diversos", "grade_wrs": "215_067", "frp": 11.6}, "bbox": [-37.85583, -10.25575, -37.85583, -10.25575]}, {"type": "Feature", "id": "focos_48h_br_todosats.fid--211a0569_19dac319c32_6d2d", "geometry": {"type": "Point", "coordinates": [-37.8311, -11.96027]}, "geometry_name": "geometria", "properties": {"id_foco_bdq": 1814760215, "foco_id": "cc72d2f3-8457-3db1-9a9d-7e6e3a03cce9", "longitude": -37.8311, "latitude": -11.96027, "data_hora_gmt": "2026-04-19T16:37:00Z", "data_pas": "2026-04-19", "satelite": "NPP-375", "municipio": "ESPLANADA", "estado": "BAHIA", "pais": "Brasil", "precipitacao": 0, "numero_dias_sem_chuva": -999, "risco_fogo": 0.17, "bioma": "Mata Atlântica", "id_0": 33, "id_1": 29, "id_2": 2910602, "continente_id": 8, "vegetacao": "Floresta Ombrófila densa", "grade_wrs": "215_068", "frp": 9.7}, "bbox": [-37.8311, -11.96027, -37.8311, -11.96027]}, {"type": "Feature", "id": "focos_48h_br_todosats.fid--211a0569_19dac319c32_6d2e", "geometry": {"type": "Point", "coordinates": [-46.83308, -17.16773]}, "geometry_name": "geometria", "properties": {"id_foco_bdq": 1814759950, "foco_id": "55f195d8-39df-39ab-9f17-7e027caba03f", "longitude": -46.83308, "latitude": -17.16773, "data_hora_gmt": "2026-04-19T16:37:00Z", "data_pas": "2026-04-19", "satelite": "NPP-375", "municipio": "PARACATU", "estado": "MINAS GERAIS", "pais": "Brasil", "precipitacao": 0, "numero_dias_sem_chuva": 9, "risco_fogo": 1, "bioma": "Cerrado", "id_0": 33, "id_1": 31, "id_2": 3147006, "continente_id": 8, "vegetacao": "Pastagens e gramíneas", "grade_wrs": "220_072", "frp": 3.8}, "bbox": [-46.83308, -17.16773, -46.83308, -17.16773]}, {"type": "Feature", "id": "focos_48h_br_todosats.fid--211a0569_19dac319c32_6d2f", "geometry": {"type": "Point", "coordinates": [-39.06415, -11.72862]}, "geometry_name": "geometria", "properties": {"id_foco_bdq": 1814759954, "foco_id": "d2fb9e2d-8b4e-3840-8ae4-431ed5eb11a4", "longitude": -39.06415, "latitude": -11.72862, "data_hora_gmt": "2026-04-19T16:37:00Z", "data_pas": "2026-04-19", "satelite": "NPP-375", "municipio": "SERRINHA", "estado": "BAHIA", "pais": "Brasil", "precipitacao": 0, "numero_dias_sem_chuva": 4, "risco_fogo": 1, "bioma": "Caatinga", "id_0": 33, "id_1": 29, "id_2": 2930501, "continente_id": 8, "vegetacao": "Pastagens e gramíneas", "grade_wrs": "216_068", "frp": 2.6}, "bbox": [-39.06415, -11.72862, -39.06415, -11.72862]}, {"type": "Feature", "id": "focos_48h_br_todosats.fid--211a0569_19dac319c32_6d30", "geometry": {"type": "Point", "coordinates": [-38.41397, -10.43123]}, "geometry_name": "geometria", "properties": {"id_foco_bdq": 1814760323, "foco_id": "3a3eb469-1dc3-301f-ac0a-d6b89a803765", "longitude": -38.41397, "latitude": -10.43123, "data_hora_gmt": "2026-04-19T16:37:00Z", "data_pas": "2026-04-19", "satelite": "NPP-375", "municipio": "NOVO TRIUNFO", "estado": "BAHIA", "pais": "Brasil", "precipitacao": 0.42, "numero_dias_sem_chuva": 3, "risco_fogo": 0.9, "bioma": "Caatinga", "id_0": 33, "id_1": 29, "id_2": 2923050, "continente_id": 8, "vegetacao": "Pastagens e gramíneas", "grade_wrs": "216_067", "frp": 6.5}, "bbox": [-38.41397, -10.43123, -38.41397, -10.43123]}, {"type": "Feature", "id": "focos_48h_br_todosats.fid--211a0569_19dac319c32_6d31", "geometry": {"type": "Point", "coordinates": [-37.83216, -11.96183]}, "geometry_name": "geometria", "properties": {"id_foco_bdq": 1814760237, "foco_id": "9a4fb814-70b2-3b1a-8ab4-b9c49b05f4a2", "longitude": -37.83216, "latitude": -11.96183, "data_hora_gmt": "2026-04-19T16:37:00Z", "data_pas": "2026-04-19", "satelite": "NPP-375", "municipio": "ESPLANADA", "estado": "BAHIA", "pais": "Brasil", "precipitacao": 0, "numero_dias_sem_chuva": -999, "risco_fogo": 0.17, "bioma": "Mata Atlântica", "id_0": 33, "id_1": 29, "id_2": 2910602, "continente_id": 8, "vegetacao": "Floresta Ombrófila densa", "grade_wrs": "215_068", "frp": 6.8}, "bbox": [-37.83216, -11.96183, -37.83216, -11.96183]}, {"type": "Feature", "id": "focos_48h_br_todosats.fid--211a0569_19dac319c32_6d32", "geometry": {"type": "Point", "coordinates": [-40.16855, -10.2122]}, "geometry_name": "geometria", "properties": {"id_foco_bdq": 1814759701, "foco_id": "e0ba0ec2-76b5-3d6b-ab97-b10bbeed0cae", "longitude": -40.16855, "latitude": -10.2122, "data_hora_gmt": "2026-04-19T16:37:00Z", "data_pas": "2026-04-19", "satelite": "NPP-375", "municipio": "JAGUARARI", "estado": "BAHIA", "pais": "Brasil", "precipitacao": 1.15, "numero_dias_sem_chuva": 6, "risco_fogo": 1, "bioma": "Caatinga", "id_0": 33, "id_1": 29, "id_2": 2917706, "continente_id": 8, "vegetacao": "Pastagens e gramíneas", "grade_wrs": "217_067", "frp": 12.8}, "bbox": [-40.16855, -10.2122, -40.16855, -10.2122]}, {"type": "Feature", "id": "focos_48h_br_todosats.fid--211a0569_19dac319c32_6d33", "geometry": {"type": "Point", "coordinates": [-42.37397, -14.92557]}, "geometry_name": "geometria", "properties": {"id_foco_bdq": 1814759981, "foco_id": "af7e0325-4a11-3866-9fd9-0b1741c3b8d3", "longitude": -42.37397, "latitude": -14.92557, "data_hora_gmt": "2026-04-19T16:37:00Z", "data_pas": "2026-04-19", "satelite": "NPP-375", "municipio": "JACARACI", "estado": "BAHIA", "pais": "Brasil", "precipitacao": 0, "numero_dias_sem_chuva": 9, "risco_fogo": 0.43, "bioma": "Caatinga", "id_0": 33, "id_1": 29, "id_2": 2917409, "continente_id": 8, "vegetacao": "Savana; Caatinga aberta", "grade_wrs": "218_070", "frp": 2.7}, "bbox": [-42.37397, -14.92557, -42.37397, -14.92557]}, {"type": "Feature", "id": "focos_48h_br_todosats.fid--211a0569_19dac319c32_6d34", "geometry": {"type": "Point", "coordinates": [-46.49043, -17.78753]}, "geometry_name": "geometria", "properties": {"id_foco_bdq": 1814760245, "foco_id": "d6d701b5-f243-3e52-83c4-1d543ab9aeca", "longitude": -46.49043, "latitude": -17.78753, "data_hora_gmt": "2026-04-19T16:37:00Z", "data_pas": "2026-04-19", "satelite": "NPP-375", "municipio": "LAGOA GRANDE", "estado": "MINAS GERAIS", "pais": "Brasil", "precipitacao": 0, "numero_dias_sem_chuva": 7, "risco_fogo": 1, "bioma": "Cerrado", "id_0": 33, "id_1": 31, "id_2": 3137536, "continente_id": 8, "vegetacao": "Pastagens e gramíneas", "grade_wrs": "220_072", "frp": 7.1}, "bbox": [-46.49043, -17.78753, -46.49043, -17.78753]}, {"type": "Feature", "id": "focos_48h_br_todosats.fid--211a0569_19dac319c32_6d35", "geometry": {"type": "Point", "coordinates": [-38.97515, -16.00419]}, "geometry_name": "geometria", "properties": {"id_foco_bdq": 1814759987, "foco_id": "244273b0-6d62-3d2e-8c2c-8bc891ca0781", "longitude": -38.97515, "latitude": -16.00419, "data_hora_gmt": "2026-04-19T16:37:00Z", "data_pas": "2026-04-19", "satelite": "NPP-375", "municipio": "BELMONTE", "estado": "BAHIA", "pais": "Brasil", "precipitacao": 0, "numero_dias_sem_chuva": -999, "risco_fogo": 0.62, "bioma": "Mata Atlântica", "id_0": 33, "id_1": 29, "id_2": 2903409, "continente_id": 8, "vegetacao": "Savana; Caatinga aberta", "grade_wrs": "215_071", "frp": 3.7}, "bbox": [-38.97515, -16.00419, -38.97515, -16.00419]}, {"type": "Feature", "id": "focos_48h_br_todosats.fid--211a0569_19dac319c32_6d36", "geometry": {"type": "Point", "coordinates": [-44.03261, -13.46916]}, "geometry_name": "geometria", "properties": {"id_foco_bdq": 1814759674, "foco_id": "2dd64faf-bd7e-33f2-ac88-3df834554583", "longitude": -44.03261, "latitude": -13.46916, "data_hora_gmt": "2026-04-19T16:37:00Z", "data_pas": "2026-04-19", "satelite": "NPP-375", "municipio": "SÃO FÉLIX DO CORIBE", "estado": "BAHIA", "pais": "Brasil", "precipitacao": 0.6, "numero_dias_sem_chuva": 1, "risco_fogo": 0.29, "bioma": "Cerrado", "id_0": 33, "id_1": 29, "id_2": 2929057, "continente_id": 8, "vegetacao": "Savana arbórea; Caatinga fechada", "grade_wrs": "219_069", "frp": 28.7}, "bbox": [-44.03261, -13.46916, -44.03261, -13.46916]}, {"type": "Feature", "id": "focos_48h_br_todosats.fid--211a0569_19dac319c32_6d37", "geometry": {"type": "Point", "coordinates": [-40.17007, -10.30819]}, "geometry_name": "geometria", "properties": {"id_foco_bdq": 1814760249, "foco_id": "26962dfb-2dc4-3e7f-bc09-a0ce88c3fb59", "longitude": -40.17007, "latitude": -10.30819, "data_hora_gmt": "2026-04-19T16:37:00Z", "data_pas": "2026-04-19", "satelite": "NPP-375", "municipio": "JAGUARARI", "estado": "BAHIA", "pais": "Brasil", "precipitacao": 0.3, "numero_dias_sem_chuva": 6, "risco_fogo": 0.95, "bioma": "Caatinga", "id_0": 33, "id_1": 29, "id_2": 2917706, "continente_id": 8, "vegetacao": "Agricultura e diversos", "grade_wrs": "217_067", "frp": 5.8}, "bbox": [-40.17007, -10.30819, -40.17007, -10.30819]}, {"type": "Feature", "id": "focos_48h_br_todosats.fid--211a0569_19dac319c32_6d38", "geometry": {"type": "Point", "coordinates": [-53.45989, -12.25034]}, "geometry_name": "geometria", "properties": {"id_foco_bdq": 1814759706, "foco_id": "c950f8b0-5955-386e-9846-d3fe8ae31a4d", "longitude": -53.45989, "latitude": -12.25034, "data_hora_gmt": "2026-04-19T16:37:00Z", "data_pas": "2026-04-19", "satelite": "NPP-375", "municipio": "GAÚCHA DO NORTE", "estado": "MATO GROSSO", "pais": "Brasil", "precipitacao": 5.15, "numero_dias_sem_chuva": 3, "risco_fogo": 0, "bioma": "Amazônia", "id_0": 33, "id_1": 51, "id_2": 5103858, "continente_id": 8, "vegetacao": "Floresta Ombrófila densa", "grade_wrs": "225_068", "frp": 0.1}, "bbox": [-53.45989, -12.25034, -53.45989, -12.25034]}, {"type": "Feature", "id": "focos_48h_br_todosats.fid--211a0569_19dac319c32_6d39", "geometry": {"type": "Point", "coordinates": [-42.3702, -14.92496]}, "geometry_name": "geometria", "properties": {"id_foco_bdq": 1814760251, "foco_id": "42784313-8eb4-3ec3-b3ee-1517d40d2d33", "longitude": -42.3702, "latitude": -14.92496, "data_hora_gmt": "2026-04-19T16:37:00Z", "data_pas": "2026-04-19", "satelite": "NPP-375", "municipio": "JACARACI", "estado": "BAHIA", "pais": "Brasil", "precipitacao": 0, "numero_dias_sem_chuva": 9, "risco_fogo": 0.42, "bioma": "Caatinga", "id_0": 33, "id_1": 29, "id_2": 2917409, "continente_id": 8, "vegetacao": "Savana arbórea; Caatinga fechada", "grade_wrs": "218_070", "frp": 3.2}, "bbox": [-42.3702, -14.92496, -42.3702, -14.92496]}, {"type": "Feature", "id": "focos_48h_br_todosats.fid--211a0569_19dac319c32_6d3a", "geometry": {"type": "Point", "coordinates": [-44.41024, -7.73301]}, "geometry_name": "geometria", "properties": {"id_foco_bdq": 1814760098, "foco_id": "65055de9-d072-3b38-8f8b-e8cd1e5c1baa", "longitude": -44.41024, "latitude": -7.73301, "data_hora_gmt": "2026-04-19T16:39:00Z", "data_pas": "2026-04-19", "satelite": "NPP-375", "municipio": "URUÇUÍ", "estado": "PIAUÍ", "pais": "Brasil", "precipitacao": 5, "numero_dias_sem_chuva": 3, "risco_fogo": 0.05, "bioma": "Cerrado", "id_0": 33, "id_1": 22, "id_2": 2211209, "continente_id": 8, "vegetacao": "Savana arbórea; Caatinga fechada", "grade_wrs": "220_065", "frp": 3.5}, "bbox": [-44.41024, -7.73301, -44.41024, -7.73301]}, {"type": "Feature", "id": "focos_48h_br_todosats.fid--211a0569_19dac319c32_6d3b", "geometry": {"type": "Point", "coordinates": [-49.84322, -10.36452]}, "geometry_name": "geometria", "properties": {"id_foco_bdq": 1814760120, "foco_id": "eccca1f2-e131-3c84-b23c-2733fa9c45d9", "longitude": -49.84322, "latitude": -10.36452, "data_hora_gmt": "2026-04-19T16:39:00Z", "data_pas": "2026-04-19", "satelite": "NPP-375", "municipio": "PIUM", "estado": "TOCANTINS", "pais": "Brasil", "precipitacao": 1.73, "numero_dias_sem_chuva": 0, "risco_fogo": 0, "bioma": "Cerrado", "id_0": 33, "id_1": 17, "id_2": 1717503, "continente_id": 8, "vegetacao": "Savana arbórea; Caatinga fechada", "grade_wrs": "223_067", "frp": 4.6}, "bbox": [-49.84322, -10.36452, -49.84322, -10.36452]}, {"type": "Feature", "id": "focos_48h_br_todosats.fid--211a0569_19dac319c32_6d3c", "geometry": {"type": "Point", "coordinates": [-49.83406, -10.50858]}, "geometry_name": "geometria", "properties": {"id_foco_bdq": 1814759762, "foco_id": "32b601ab-4111-3756-8739-b04d13c25a3f", "longitude": -49.83406, "latitude": -10.50858, "data_hora_gmt": "2026-04-19T16:39:00Z", "data_pas": "2026-04-19", "satelite": "NPP-375", "municipio": "PIUM", "estado": "TOCANTINS", "pais": "Brasil", "precipitacao": 1.51, "numero_dias_sem_chuva": 0, "risco_fogo": 0.01, "bioma": "Cerrado", "id_0": 33, "id_1": 17, "id_2": 1717503, "continente_id": 8, "vegetacao": "Pastagens e gramíneas", "grade_wrs": "223_067", "frp": 3.8}, "bbox": [-49.83406, -10.50858, -49.83406, -10.50858]}, {"type": "Feature", "id": "focos_48h_br_todosats.fid--211a0569_19dac319c32_6d3d", "geometry": {"type": "Point", "coordinates": [-60.17027, 4.63138]}, "geometry_name": "geometria", "properties": {"id_foco_bdq": 1814759681, "foco_id": "2877fd9d-d62b-3869-aa11-948f72b475b8", "longitude": -60.17027, "latitude": 4.63138, "data_hora_gmt": "2026-04-19T16:43:00Z", "data_pas": "2026-04-19", "satelite": "NPP-375", "municipio": "UIRAMUTÃ", "estado": "RORAIMA", "pais": "Brasil", "precipitacao": 1.04, "numero_dias_sem_chuva": 0, "risco_fogo": 0.48, "bioma": "Amazônia", "id_0": 33, "id_1": 14, "id_2": 1400704, "continente_id": 8, "vegetacao": "Agricultura e diversos", "grade_wrs": "232_057", "frp": 14.1}, "bbox": [-60.17027, 4.63138, -60.17027, 4.63138]}, {"type": "Feature", "id": "focos_48h_br_todosats.fid--211a0569_19dac319c32_6d3e", "geometry": {"type": "Point", "coordinates": [-60.16643, 4.6304]}, "geometry_name": "geometria", "properties": {"id_foco_bdq": 1814759932, "foco_id": "9de599bd-d894-3d1d-9a9f-939be86285cc", "longitude": -60.16643, "latitude": 4.6304, "data_hora_gmt": "2026-04-19T16:43:00Z", "data_pas": "2026-04-19", "satelite": "NPP-375", "municipio": "UIRAMUTÃ", "estado": "RORAIMA", "pais": "Brasil", "precipitacao": 1.01, "numero_dias_sem_chuva": 0, "risco_fogo": 0.46, "bioma": "Amazônia", "id_0": 33, "id_1": 14, "id_2": 1400704, "continente_id": 8, "vegetacao": "Agricultura e diversos", "grade_wrs": "232_057", "frp": 9}, "bbox": [-60.16643, 4.6304, -60.16643, 4.6304]}, {"type": "Feature", "id": "focos_48h_br_todosats.fid--211a0569_19dac319c32_6d3f", "geometry": {"type": "Point", "coordinates": [-48.65702, -24.55384]}, "geometry_name": "geometria", "properties": {"id_foco_bdq": 1814761892, "foco_id": "7ca3f54f-ad04-320d-89b0-2e4d58a0ca24", "longitude": -48.65702, "latitude": -24.55384, "data_hora_gmt": "2026-04-19T16:54:00Z", "data_pas": "2026-04-19", "satelite": "NOAA-20", "municipio": "IPORANGA", "estado": "SÃO PAULO", "pais": "Brasil", "precipitacao": 0, "numero_dias_sem_chuva": 0, "risco_fogo": 0.11, "bioma": "Mata Atlântica", "id_0": 33, "id_1": 35, "id_2": 3521200, "continente_id": 8, "vegetacao": "Floresta Ombrófila densa", "grade_wrs": "220_077", "frp": 5.2}, "bbox": [-48.65702, -24.55384, -48.65702, -24.55384]}, {"type": "Feature", "id": "focos_48h_br_todosats.fid--211a0569_19dac319c32_6d40", "geometry": {"type": "Point", "coordinates": [-51.81223, -29.72527]}, "geometry_name": "geometria", "properties": {"id_foco_bdq": 1814760743, "foco_id": "67eea9f9-892b-31b9-97e2-b2df26a3f63e", "longitude": -51.81223, "latitude": -29.72527, "data_hora_gmt": "2026-04-19T16:54:00Z", "data_pas": "2026-04-19", "satelite": "NOAA-20", "municipio": "TAQUARI", "estado": "RIO GRANDE DO SUL", "pais": "Brasil", "precipitacao": 0, "numero_dias_sem_chuva": 3, "risco_fogo": 0.49, "bioma": "Pampa", "id_0": 33, "id_1": 43, "id_2": 4321303, "continente_id": 8, "vegetacao": "Savana arbórea; Caatinga fechada", "grade_wrs": "221_081", "frp": 5.3}, "bbox": [-51.81223, -29.72527, -51.81223, -29.72527]}, {"type": "Feature", "id": "focos_48h_br_todosats.fid--211a0569_19dac319c32_6d41", "geometry": {"type": "Point", "coordinates": [-50.1105, -26.89558]}, "geometry_name": "geometria", "properties": {"id_foco_bdq": 1814760758, "foco_id": "951d3df5-64f3-34b1-97a8-c8f2000dcbe2", "longitude": -50.1105, "latitude": -26.89558, "data_hora_gmt": "2026-04-19T16:54:00Z", "data_pas": "2026-04-19", "satelite": "NOAA-20", "municipio": "RIO DO CAMPO", "estado": "SANTA CATARINA", "pais": "Brasil", "precipitacao": 0, "numero_dias_sem_chuva": 6, "risco_fogo": 0.68, "bioma": "Mata Atlântica", "id_0": 33, "id_1": 42, "id_2": 4214508, "continente_id": 8, "vegetacao": "Pastagens e gramíneas", "grade_wrs": "221_079", "frp": 3.3}, "bbox": [-50.1105, -26.89558, -50.1105, -26.89558]}, {"type": "Feature", "id": "focos_48h_br_todosats.fid--211a0569_19dac319c32_6d42", "geometry": {"type": "Point", "coordinates": [-51.88565, -29.75396]}, "geometry_name": "geometria", "properties": {"id_foco_bdq": 1814760765, "foco_id": "a79e89eb-9bf8-325a-9f5f-989164f709f9", "longitude": -51.88565, "latitude": -29.75396, "data_hora_gmt": "2026-04-19T16:54:00Z", "data_pas": "2026-04-19", "satelite": "NOAA-20", "municipio": "TAQUARI", "estado": "RIO GRANDE DO SUL", "pais": "Brasil", "precipitacao": 0, "numero_dias_sem_chuva": 3, "risco_fogo": 0.2, "bioma": "Mata Atlântica", "id_0": 33, "id_1": 43, "id_2": 4321303, "continente_id": 8, "vegetacao": "Florestas decíduas e sazonais", "grade_wrs": "221_081", "frp": 4.4}, "bbox": [-51.88565, -29.75396, -51.88565, -29.75396]}, {"type": "Feature", "id": "focos_48h_br_todosats.fid--211a0569_19dac319c32_6d43", "geometry": {"type": "Point", "coordinates": [-51.38129, -27.12658]}, "geometry_name": "geometria", "properties": {"id_foco_bdq": 1814760855, "foco_id": "1571a2dc-3c65-3837-a613-2b912c0b0f0a", "longitude": -51.38129, "latitude": -27.12658, "data_hora_gmt": "2026-04-19T16:54:00Z", "data_pas": "2026-04-19", "satelite": "NOAA-20", "municipio": "IBICARÉ", "estado": "SANTA CATARINA", "pais": "Brasil", "precipitacao": 0, "numero_dias_sem_chuva": 3, "risco_fogo": 0.17, "bioma": "Mata Atlântica", "id_0": 33, "id_1": 42, "id_2": 4206801, "continente_id": 8, "vegetacao": "Florestas decíduas e sazonais", "grade_wrs": "222_079", "frp": 18.3}, "bbox": [-51.38129, -27.12658, -51.38129, -27.12658]}, {"type": "Feature", "id": "focos_48h_br_todosats.fid--211a0569_19dac319c32_6d44", "geometry": {"type": "Point", "coordinates": [-49.29144, -28.19338]}, "geometry_name": "geometria", "properties": {"id_foco_bdq": 1814760878, "foco_id": "07b452e9-5e9e-36c3-bf66-15aa733f1ce8", "longitude": -49.29144, "latitude": -28.19338, "data_hora_gmt": "2026-04-19T16:54:00Z", "data_pas": "2026-04-19", "satelite": "NOAA-20", "municipio": "GRÃO PARÁ", "estado": "SANTA CATARINA", "pais": "Brasil", "precipitacao": 0, "numero_dias_sem_chuva": 3, "risco_fogo": 0.19, "bioma": "Mata Atlântica", "id_0": 33, "id_1": 42, "id_2": 4206108, "continente_id": 8, "vegetacao": "Floresta Ombrófila densa", "grade_wrs": "220_080", "frp": 4.3}, "bbox": [-49.29144, -28.19338, -49.29144, -28.19338]}, {"type": "Feature", "id": "focos_48h_br_todosats.fid--211a0569_19dac319c32_6d45", "geometry": {"type": "Point", "coordinates": [-49.39667, -25.17777]}, "geometry_name": "geometria", "properties": {"id_foco_bdq": 1814760949, "foco_id": "87f05630-8869-34ee-9dea-a1dfbd8e4080", "longitude": -49.39667, "latitude": -25.17777, "data_hora_gmt": "2026-04-19T16:54:00Z", "data_pas": "2026-04-19", "satelite": "NOAA-20", "municipio": "RIO BRANCO DO SUL", "estado": "PARANÁ", "pais": "Brasil", "precipitacao": 0, "numero_dias_sem_chuva": 2, "risco_fogo": 0.22, "bioma": "Mata Atlântica", "id_0": 33, "id_1": 41, "id_2": 4122206, "continente_id": 8, "vegetacao": "Floresta Ombrófila densa", "grade_wrs": "221_077", "frp": 27.7}, "bbox": [-49.39667, -25.17777, -49.39667, -25.17777]}, {"type": "Feature", "id": "focos_48h_br_todosats.fid--211a0569_19dac319c32_6d46", "geometry": {"type": "Point", "coordinates": [-51.53273, -26.87224]}, "geometry_name": "geometria", "properties": {"id_foco_bdq": 1814760950, "foco_id": "b8c0b408-c2b0-308f-b096-56e2b6b7614c", "longitude": -51.53273, "latitude": -26.87224, "data_hora_gmt": "2026-04-19T16:54:00Z", "data_pas": "2026-04-19", "satelite": "NOAA-20", "municipio": "ÁGUA DOCE", "estado": "SANTA CATARINA", "pais": "Brasil", "precipitacao": 0, "numero_dias_sem_chuva": 3, "risco_fogo": 0.07, "bioma": "Mata Atlântica", "id_0": 33, "id_1": 42, "id_2": 4200408, "continente_id": 8, "vegetacao": "Floresta Ombrófila densa", "grade_wrs": "222_079", "frp": 0.5}, "bbox": [-51.53273, -26.87224, -51.53273, -26.87224]}, {"type": "Feature", "id": "focos_48h_br_todosats.fid--211a0569_19dac319c32_6d47", "geometry": {"type": "Point", "coordinates": [-50.51476, -27.97753]}, "geometry_name": "geometria", "properties": {"id_foco_bdq": 1814760971, "foco_id": "57aaab87-12cc-32a3-ad55-4f4a30432822", "longitude": -50.51476, "latitude": -27.97753, "data_hora_gmt": "2026-04-19T16:54:00Z", "data_pas": "2026-04-19", "satelite": "NOAA-20", "municipio": "CAPÃO ALTO", "estado": "SANTA CATARINA", "pais": "Brasil", "precipitacao": 0, "numero_dias_sem_chuva": 4, "risco_fogo": 0.41, "bioma": "Mata Atlântica", "id_0": 33, "id_1": 42, "id_2": 4203253, "continente_id": 8, "vegetacao": "Savana arbórea; Caatinga fechada", "grade_wrs": "221_079", "frp": 7.9}, "bbox": [-50.51476, -27.97753, -50.51476, -27.97753]}, {"type": "Feature", "id": "focos_48h_br_todosats.fid--211a0569_19dac319c32_6d48", "geometry": {"type": "Point", "coordinates": [-51.38329, -27.12642]}, "geometry_name": "geometria", "properties": {"id_foco_bdq": 1814761028, "foco_id": "bca7ef5c-7e5d-3507-a043-716e81d0d792", "longitude": -51.38329, "latitude": -27.12642, "data_hora_gmt": "2026-04-19T16:54:00Z", "data_pas": "2026-04-19", "satelite": "NOAA-20", "municipio": "IBICARÉ", "estado": "SANTA CATARINA", "pais": "Brasil", "precipitacao": 0, "numero_dias_sem_chuva": 3, "risco_fogo": 0.15, "bioma": "Mata Atlântica", "id_0": 33, "id_1": 42, "id_2": 4206801, "continente_id": 8, "vegetacao": "Florestas decíduas e sazonais", "grade_wrs": "222_079", "frp": 31.9}, "bbox": [-51.38329, -27.12642, -51.38329, -27.12642]}, {"type": "Feature", "id": "focos_48h_br_todosats.fid--211a0569_19dac319c32_6d49", "geometry": {"type": "Point", "coordinates": [-49.97466, -27.7553]}, "geometry_name": "geometria", "properties": {"id_foco_bdq": 1814761111, "foco_id": "7d89bd0a-66c5-3b2b-a23e-da065decaf98", "longitude": -49.97466, "latitude": -27.7553, "data_hora_gmt": "2026-04-19T16:54:00Z", "data_pas": "2026-04-19", "satelite": "NOAA-20", "municipio": "BOCAINA DO SUL", "estado": "SANTA CATARINA", "pais": "Brasil", "precipitacao": 0, "numero_dias_sem_chuva": 2, "risco_fogo": 0.15, "bioma": "Mata Atlântica", "id_0": 33, "id_1": 42, "id_2": 4202438, "continente_id": 8, "vegetacao": "Floresta Ombrófila densa", "grade_wrs": "220_079", "frp": 11.4}, "bbox": [-49.97466, -27.7553, -49.97466, -27.7553]}, {"type": "Feature", "id": "focos_48h_br_todosats.fid--211a0569_19dac319c32_6d4a", "geometry": {"type": "Point", "coordinates": [-50.71049, -27.50836]}, "geometry_name": "geometria", "properties": {"id_foco_bdq": 1814761136, "foco_id": "1315a995-f50a-3e49-a00e-ba80c81a1a33", "longitude": -50.71049, "latitude": -27.50836, "data_hora_gmt": "2026-04-19T16:54:00Z", "data_pas": "2026-04-19", "satelite": "NOAA-20", "municipio": "SÃO JOSÉ DO CERRITO", "estado": "SANTA CATARINA", "pais": "Brasil", "precipitacao": 0, "numero_dias_sem_chuva": 3, "risco_fogo": 0.42, "bioma": "Mata Atlântica", "id_0": 33, "id_1": 42, "id_2": 4216800, "continente_id": 8, "vegetacao": "Floresta de contato; Campinarana", "grade_wrs": "221_079", "frp": 13.7}, "bbox": [-50.71049, -27.50836, -50.71049, -27.50836]}, {"type": "Feature", "id": "focos_48h_br_todosats.fid--211a0569_19dac319c32_6d4b", "geometry": {"type": "Point", "coordinates": [-51.8844, -29.75553]}, "geometry_name": "geometria", "properties": {"id_foco_bdq": 1814761148, "foco_id": "e28ea218-95c3-36d3-ba6b-40e5fabb0f6f", "longitude": -51.8844, "latitude": -29.75553, "data_hora_gmt": "2026-04-19T16:54:00Z", "data_pas": "2026-04-19", "satelite": "NOAA-20", "municipio": "TAQUARI", "estado": "RIO GRANDE DO SUL", "pais": "Brasil", "precipitacao": 0, "numero_dias_sem_chuva": 3, "risco_fogo": 0.19, "bioma": "Mata Atlântica", "id_0": 33, "id_1": 43, "id_2": 4321303, "continente_id": 8, "vegetacao": "Florestas decíduas e sazonais", "grade_wrs": "221_081", "frp": 2.4}, "bbox": [-51.8844, -29.75553, -51.8844, -29.75553]}, {"type": "Feature", "id": "focos_48h_br_todosats.fid--211a0569_19dac319c32_6d4c", "geometry": {"type": "Point", "coordinates": [-48.65646, -24.55719]}, "geometry_name": "geometria", "properties": {"id_foco_bdq": 1814761314, "foco_id": "93e1ef85-9ecc-364f-98bc-5561117d9ca1", "longitude": -48.65646, "latitude": -24.55719, "data_hora_gmt": "2026-04-19T16:54:00Z", "data_pas": "2026-04-19", "satelite": "NOAA-20", "municipio": "IPORANGA", "estado": "SÃO PAULO", "pais": "Brasil", "precipitacao": 0, "numero_dias_sem_chuva": 0, "risco_fogo": 0.1, "bioma": "Mata Atlântica", "id_0": 33, "id_1": 35, "id_2": 3521200, "continente_id": 8, "vegetacao": "Floresta Ombrófila densa", "grade_wrs": "220_077", "frp": 5.2}, "bbox": [-48.65646, -24.55719, -48.65646, -24.55719]}, {"type": "Feature", "id": "focos_48h_br_todosats.fid--211a0569_19dac319c32_6d4d", "geometry": {"type": "Point", "coordinates": [-51.7598, -29.8347]}, "geometry_name": "geometria", "properties": {"id_foco_bdq": 1814761321, "foco_id": "b56a7a31-fab4-3f61-a7da-d42132762aaf", "longitude": -51.7598, "latitude": -29.8347, "data_hora_gmt": "2026-04-19T16:54:00Z", "data_pas": "2026-04-19", "satelite": "NOAA-20", "municipio": "TAQUARI", "estado": "RIO GRANDE DO SUL", "pais": "Brasil", "precipitacao": 0, "numero_dias_sem_chuva": 3, "risco_fogo": 0.17, "bioma": "Pampa", "id_0": 33, "id_1": 43, "id_2": 4321303, "continente_id": 8, "vegetacao": "Florestas decíduas e sazonais", "grade_wrs": "221_081", "frp": 3}, "bbox": [-51.7598, -29.8347, -51.7598, -29.8347]}, {"type": "Feature", "id": "focos_48h_br_todosats.fid--211a0569_19dac319c32_6d4e", "geometry": {"type": "Point", "coordinates": [-51.27616, -27.09383]}, "geometry_name": "geometria", "properties": {"id_foco_bdq": 1814761362, "foco_id": "62982650-bdce-35d9-a157-3b93d68f0bff", "longitude": -51.27616, "latitude": -27.09383, "data_hora_gmt": "2026-04-19T16:54:00Z", "data_pas": "2026-04-19", "satelite": "NOAA-20", "municipio": "TANGARÁ", "estado": "SANTA CATARINA", "pais": "Brasil", "precipitacao": 0, "numero_dias_sem_chuva": 3, "risco_fogo": 0.14, "bioma": "Mata Atlântica", "id_0": 33, "id_1": 42, "id_2": 4217907, "continente_id": 8, "vegetacao": "Florestas decíduas e sazonais", "grade_wrs": "221_079", "frp": 6.1}, "bbox": [-51.27616, -27.09383, -51.27616, -27.09383]}, {"type": "Feature", "id": "focos_48h_br_todosats.fid--211a0569_19dac319c32_6d4f", "geometry": {"type": "Point", "coordinates": [-49.0606, -28.6986]}, "geometry_name": "geometria", "properties": {"id_foco_bdq": 1814761367, "foco_id": "a29fd2d1-261e-328c-8f37-116afe114e59", "longitude": -49.0606, "latitude": -28.6986, "data_hora_gmt": "2026-04-19T16:54:00Z", "data_pas": "2026-04-19", "satelite": "NOAA-20", "municipio": "JAGUARUNA", "estado": "SANTA CATARINA", "pais": "Brasil", "precipitacao": 0, "numero_dias_sem_chuva": 3, "risco_fogo": 0.79, "bioma": "Mata Atlântica", "id_0": 33, "id_1": 42, "id_2": 4208807, "continente_id": 8, "vegetacao": "Agricultura e diversos", "grade_wrs": "220_080", "frp": 3.3}, "bbox": [-49.0606, -28.6986, -49.0606, -28.6986]}, {"type": "Feature", "id": "focos_48h_br_todosats.fid--211a0569_19dac319c32_6d50", "geometry": {"type": "Point", "coordinates": [-51.70445, -25.98679]}, "geometry_name": "geometria", "properties": {"id_foco_bdq": 1814761375, "foco_id": "e8f79d19-fcc8-38f6-b4b5-e838a6ecaa2f", "longitude": -51.70445, "latitude": -25.98679, "data_hora_gmt": "2026-04-19T16:54:00Z", "data_pas": "2026-04-19", "satelite": "NOAA-20", "municipio": "BITURUNA", "estado": "PARANÁ", "pais": "Brasil", "precipitacao": 0, "numero_dias_sem_chuva": 3, "risco_fogo": 0.18, "bioma": "Mata Atlântica", "id_0": 33, "id_1": 41, "id_2": 4102901, "continente_id": 8, "vegetacao": "Florestas decíduas e sazonais", "grade_wrs": "222_078", "frp": 1.7}, "bbox": [-51.70445, -25.98679, -51.70445, -25.98679]}, {"type": "Feature", "id": "focos_48h_br_todosats.fid--211a0569_19dac319c32_6d51", "geometry": {"type": "Point", "coordinates": [-50.5132, -27.97365]}, "geometry_name": "geometria", "properties": {"id_foco_bdq": 1814761383, "foco_id": "bfc24445-dbf1-3e94-9eef-159e7b7a3a32", "longitude": -50.5132, "latitude": -27.97365, "data_hora_gmt": "2026-04-19T16:54:00Z", "data_pas": "2026-04-19", "satelite": "NOAA-20", "municipio": "CAPÃO ALTO", "estado": "SANTA CATARINA", "pais": "Brasil", "precipitacao": 0, "numero_dias_sem_chuva": 4, "risco_fogo": 0.43, "bioma": "Mata Atlântica", "id_0": 33, "id_1": 42, "id_2": 4203253, "continente_id": 8, "vegetacao": "Savana arbórea; Caatinga fechada", "grade_wrs": "221_079", "frp": 30}, "bbox": [-50.5132, -27.97365, -50.5132, -27.97365]}, {"type": "Feature", "id": "focos_48h_br_todosats.fid--211a0569_19dac319c32_6d52", "geometry": {"type": "Point", "coordinates": [-49.37539, -25.72949]}, "geometry_name": "geometria", "properties": {"id_foco_bdq": 1814761434, "foco_id": "40b7d0c1-bbe4-3fb4-a5a6-793d1ead9ce2", "longitude": -49.37539, "latitude": -25.72949, "data_hora_gmt": "2026-04-19T16:54:00Z", "data_pas": "2026-04-19", "satelite": "NOAA-20", "municipio": "ARAUCÁRIA", "estado": "PARANÁ", "pais": "Brasil", "precipitacao": 0, "numero_dias_sem_chuva": 1, "risco_fogo": 0.82, "bioma": "Mata Atlântica", "id_0": 33, "id_1": 41, "id_2": 4101804, "continente_id": 8, "vegetacao": "Savana; Caatinga aberta", "grade_wrs": "220_078", "frp": 3.3}, "bbox": [-49.37539, -25.72949, -49.37539, -25.72949]}, {"type": "Feature", "id": "focos_48h_br_todosats.fid--211a0569_19dac319c32_6d53", "geometry": {"type": "Point", "coordinates": [-51.18932, -26.91095]}, "geometry_name": "geometria", "properties": {"id_foco_bdq": 1814761474, "foco_id": "18229fa4-0900-3c31-b561-3f9b197e916a", "longitude": -51.18932, "latitude": -26.91095, "data_hora_gmt": "2026-04-19T16:54:00Z", "data_pas": "2026-04-19", "satelite": "NOAA-20", "municipio": "VIDEIRA", "estado": "SANTA CATARINA", "pais": "Brasil", "precipitacao": 0, "numero_dias_sem_chuva": 3, "risco_fogo": 0.07, "bioma": "Mata Atlântica", "id_0": 33, "id_1": 42, "id_2": 4219309, "continente_id": 8, "vegetacao": "Florestas decíduas e sazonais", "grade_wrs": "221_079", "frp": 2.7}, "bbox": [-51.18932, -26.91095, -51.18932, -26.91095]}, {"type": "Feature", "id": "focos_48h_br_todosats.fid--211a0569_19dac319c32_6d54", "geometry": {"type": "Point", "coordinates": [-48.84047, -25.07092]}, "geometry_name": "geometria", "properties": {"id_foco_bdq": 1814761522, "foco_id": "9f26902b-570d-3970-8700-5d464e90e702", "longitude": -48.84047, "latitude": -25.07092, "data_hora_gmt": "2026-04-19T16:54:00Z", "data_pas": "2026-04-19", "satelite": "NOAA-20", "municipio": "BOCAIÚVA DO SUL", "estado": "PARANÁ", "pais": "Brasil", "precipitacao": 0, "numero_dias_sem_chuva": 2, "risco_fogo": 0.04, "bioma": "Mata Atlântica", "id_0": 33, "id_1": 41, "id_2": 4103107, "continente_id": 8, "vegetacao": "Floresta Ombrófila densa", "grade_wrs": "220_077", "frp": 2.6}, "bbox": [-48.84047, -25.07092, -48.84047, -25.07092]}, {"type": "Feature", "id": "focos_48h_br_todosats.fid--211a0569_19dac319c32_6d55", "geometry": {"type": "Point", "coordinates": [-50.51276, -27.97731]}, "geometry_name": "geometria", "properties": {"id_foco_bdq": 1814761582, "foco_id": "46fbb89c-76cb-3c5b-a15d-902e0ca219c9", "longitude": -50.51276, "latitude": -27.97731, "data_hora_gmt": "2026-04-19T16:54:00Z", "data_pas": "2026-04-19", "satelite": "NOAA-20", "municipio": "CAPÃO ALTO", "estado": "SANTA CATARINA", "pais": "Brasil", "precipitacao": 0, "numero_dias_sem_chuva": 4, "risco_fogo": 0.47, "bioma": "Mata Atlântica", "id_0": 33, "id_1": 42, "id_2": 4203253, "continente_id": 8, "vegetacao": "Savana; Caatinga aberta", "grade_wrs": "221_079", "frp": 30}, "bbox": [-50.51276, -27.97731, -50.51276, -27.97731]}, {"type": "Feature", "id": "focos_48h_br_todosats.fid--211a0569_19dac319c32_6d56", "geometry": {"type": "Point", "coordinates": [-50.3698, -29.89053]}, "geometry_name": "geometria", "properties": {"id_foco_bdq": 1814761593, "foco_id": "3f2b9006-db11-3556-8270-bb0e69518ae5", "longitude": -50.3698, "latitude": -29.89053, "data_hora_gmt": "2026-04-19T16:54:00Z", "data_pas": "2026-04-19", "satelite": "NOAA-20", "municipio": "OSÓRIO", "estado": "RIO GRANDE DO SUL", "pais": "Brasil", "precipitacao": 0, "numero_dias_sem_chuva": 3, "risco_fogo": -999, "bioma": "Pampa", "id_0": 33, "id_1": 43, "id_2": 4313508, "continente_id": 8, "vegetacao": "Savana; Caatinga aberta", "grade_wrs": "220_081", "frp": 2.1}, "bbox": [-50.3698, -29.89053, -50.3698, -29.89053]}, {"type": "Feature", "id": "focos_48h_br_todosats.fid--211a0569_19dac319c32_6d57", "geometry": {"type": "Point", "coordinates": [-50.17794, -26.53425]}, "geometry_name": "geometria", "properties": {"id_foco_bdq": 1814761624, "foco_id": "4ad3e2b3-4153-3732-81d7-7f81e7e0a32a", "longitude": -50.17794, "latitude": -26.53425, "data_hora_gmt": "2026-04-19T16:54:00Z", "data_pas": "2026-04-19", "satelite": "NOAA-20", "municipio": "PAPANDUVA", "estado": "SANTA CATARINA", "pais": "Brasil", "precipitacao": 0, "numero_dias_sem_chuva": 3, "risco_fogo": 0.16, "bioma": "Mata Atlântica", "id_0": 33, "id_1": 42, "id_2": 4212205, "continente_id": 8, "vegetacao": "Floresta Ombrófila densa", "grade_wrs": "221_078", "frp": 3.6}, "bbox": [-50.17794, -26.53425, -50.17794, -26.53425]}, {"type": "Feature", "id": "focos_48h_br_todosats.fid--211a0569_19dac319c32_6d58", "geometry": {"type": "Point", "coordinates": [-50.77515, -27.18586]}, "geometry_name": "geometria", "properties": {"id_foco_bdq": 1814761647, "foco_id": "cb5781b5-6d88-3924-9b52-aad3b592f49e", "longitude": -50.77515, "latitude": -27.18586, "data_hora_gmt": "2026-04-19T16:54:00Z", "data_pas": "2026-04-19", "satelite": "NOAA-20", "municipio": "FREI ROGÉRIO", "estado": "SANTA CATARINA", "pais": "Brasil", "precipitacao": 0, "numero_dias_sem_chuva": 3, "risco_fogo": 0.53, "bioma": "Mata Atlântica", "id_0": 33, "id_1": 42, "id_2": 4205555, "continente_id": 8, "vegetacao": "Savana arbórea; Caatinga fechada", "grade_wrs": "221_079", "frp": 3.9}, "bbox": [-50.77515, -27.18586, -50.77515, -27.18586]}, {"type": "Feature", "id": "focos_48h_br_todosats.fid--211a0569_19dac319c32_6d59", "geometry": {"type": "Point", "coordinates": [-49.77019, -27.67072]}, "geometry_name": "geometria", "properties": {"id_foco_bdq": 1814761690, "foco_id": "3c79d316-9d3c-398b-a488-a0df85c8cdaf", "longitude": -49.77019, "latitude": -27.67072, "data_hora_gmt": "2026-04-19T16:54:00Z", "data_pas": "2026-04-19", "satelite": "NOAA-20", "municipio": "BOM RETIRO", "estado": "SANTA CATARINA", "pais": "Brasil", "precipitacao": 0, "numero_dias_sem_chuva": 2, "risco_fogo": 0.5, "bioma": "Mata Atlântica", "id_0": 33, "id_1": 42, "id_2": 4202602, "continente_id": 8, "vegetacao": "Savana arbórea; Caatinga fechada", "grade_wrs": "220_079", "frp": 1.8}, "bbox": [-49.77019, -27.67072, -49.77019, -27.67072]}, {"type": "Feature", "id": "focos_48h_br_todosats.fid--211a0569_19dac319c32_6d5a", "geometry": {"type": "Point", "coordinates": [-49.05044, -28.09126]}, "geometry_name": "geometria", "properties": {"id_foco_bdq": 1814761714, "foco_id": "40678120-1127-38fd-8a41-c0205d0d5d89", "longitude": -49.05044, "latitude": -28.09126, "data_hora_gmt": "2026-04-19T16:54:00Z", "data_pas": "2026-04-19", "satelite": "NOAA-20", "municipio": "SÃO MARTINHO", "estado": "SANTA CATARINA", "pais": "Brasil", "precipitacao": 0, "numero_dias_sem_chuva": 2, "risco_fogo": 0.2, "bioma": "Mata Atlântica", "id_0": 33, "id_1": 42, "id_2": 4217105, "continente_id": 8, "vegetacao": "Floresta Ombrófila densa", "grade_wrs": "220_079", "frp": 11.8}, "bbox": [-49.05044, -28.09126, -49.05044, -28.09126]}, {"type": "Feature", "id": "focos_48h_br_todosats.fid--211a0569_19dac319c32_6d5b", "geometry": {"type": "Point", "coordinates": [-50.17536, -26.53364]}, "geometry_name": "geometria", "properties": {"id_foco_bdq": 1814761755, "foco_id": "3372a3df-5961-32fa-af6b-db2f26bf1ef5", "longitude": -50.17536, "latitude": -26.53364, "data_hora_gmt": "2026-04-19T16:54:00Z", "data_pas": "2026-04-19", "satelite": "NOAA-20", "municipio": "PAPANDUVA", "estado": "SANTA CATARINA", "pais": "Brasil", "precipitacao": 0, "numero_dias_sem_chuva": 3, "risco_fogo": 0.16, "bioma": "Mata Atlântica", "id_0": 33, "id_1": 42, "id_2": 4212205, "continente_id": 8, "vegetacao": "Floresta Ombrófila densa", "grade_wrs": "221_078", "frp": 4.4}, "bbox": [-50.17536, -26.53364, -50.17536, -26.53364]}, {"type": "Feature", "id": "focos_48h_br_todosats.fid--211a0569_19dac319c32_6d5c", "geometry": {"type": "Point", "coordinates": [-50.17854, -26.53072]}, "geometry_name": "geometria", "properties": {"id_foco_bdq": 1814761771, "foco_id": "35c20eba-0dac-3a7f-9c3a-582fc3eede0a", "longitude": -50.17854, "latitude": -26.53072, "data_hora_gmt": "2026-04-19T16:54:00Z", "data_pas": "2026-04-19", "satelite": "NOAA-20", "municipio": "PAPANDUVA", "estado": "SANTA CATARINA", "pais": "Brasil", "precipitacao": 0, "numero_dias_sem_chuva": 3, "risco_fogo": 0.16, "bioma": "Mata Atlântica", "id_0": 33, "id_1": 42, "id_2": 4212205, "continente_id": 8, "vegetacao": "Floresta Ombrófila densa", "grade_wrs": "221_078", "frp": 1.9}, "bbox": [-50.17854, -26.53072, -50.17854, -26.53072]}, {"type": "Feature", "id": "focos_48h_br_todosats.fid--211a0569_19dac319c32_6d5d", "geometry": {"type": "Point", "coordinates": [-53.07233, -30.84687]}, "geometry_name": "geometria", "properties": {"id_foco_bdq": 1814761779, "foco_id": "4999c640-5e44-3e17-9250-28f0a97898ea", "longitude": -53.07233, "latitude": -30.84687, "data_hora_gmt": "2026-04-19T16:54:00Z", "data_pas": "2026-04-19", "satelite": "NOAA-20", "municipio": "SANTANA DA BOA VISTA", "estado": "RIO GRANDE DO SUL", "pais": "Brasil", "precipitacao": 0, "numero_dias_sem_chuva": 3, "risco_fogo": 0.2, "bioma": "Pampa", "id_0": 33, "id_1": 43, "id_2": 4317004, "continente_id": 8, "vegetacao": "Florestas decíduas e sazonais", "grade_wrs": "222_081", "frp": 11.7}, "bbox": [-53.07233, -30.84687, -53.07233, -30.84687]}, {"type": "Feature", "id": "focos_48h_br_todosats.fid--211a0569_19dac319c32_6d5e", "geometry": {"type": "Point", "coordinates": [-50.0275, -28.38003]}, "geometry_name": "geometria", "properties": {"id_foco_bdq": 1814761812, "foco_id": "f4cd6176-52c6-38fc-b20e-db9c1eb747ec", "longitude": -50.0275, "latitude": -28.38003, "data_hora_gmt": "2026-04-19T16:54:00Z", "data_pas": "2026-04-19", "satelite": "NOAA-20", "municipio": "SÃO JOAQUIM", "estado": "SANTA CATARINA", "pais": "Brasil", "precipitacao": 0, "numero_dias_sem_chuva": 3, "risco_fogo": 0.36, "bioma": "Mata Atlântica", "id_0": 33, "id_1": 42, "id_2": 4216503, "continente_id": 8, "vegetacao": "Savana arbórea; Caatinga fechada", "grade_wrs": "220_080", "frp": 3}, "bbox": [-50.0275, -28.38003, -50.0275, -28.38003]}, {"type": "Feature", "id": "focos_48h_br_todosats.fid--211a0569_19dac319c32_6d5f", "geometry": {"type": "Point", "coordinates": [-49.92728, -27.32821]}, "geometry_name": "geometria", "properties": {"id_foco_bdq": 1814761831, "foco_id": "b2a2f28b-0fbb-3ab8-88a2-79075421a4cc", "longitude": -49.92728, "latitude": -27.32821, "data_hora_gmt": "2026-04-19T16:54:00Z", "data_pas": "2026-04-19", "satelite": "NOAA-20", "municipio": "BRAÇO DO TROMBUDO", "estado": "SANTA CATARINA", "pais": "Brasil", "precipitacao": 0, "numero_dias_sem_chuva": 2, "risco_fogo": 0.86, "bioma": "Mata Atlântica", "id_0": 33, "id_1": 42, "id_2": 4202859, "continente_id": 8, "vegetacao": "Pastagens e gramíneas", "grade_wrs": "221_079", "frp": 3.8}, "bbox": [-49.92728, -27.32821, -49.92728, -27.32821]}, {"type": "Feature", "id": "focos_48h_br_todosats.fid--211a0569_19dac319c32_6d60", "geometry": {"type": "Point", "coordinates": [-49.29573, -28.19396]}, "geometry_name": "geometria", "properties": {"id_foco_bdq": 1814761835, "foco_id": "9a73ba36-6538-3b94-9b3b-fa1de1f1d084", "longitude": -49.29573, "latitude": -28.19396, "data_hora_gmt": "2026-04-19T16:54:00Z", "data_pas": "2026-04-19", "satelite": "NOAA-20", "municipio": "GRÃO PARÁ", "estado": "SANTA CATARINA", "pais": "Brasil", "precipitacao": 0, "numero_dias_sem_chuva": 3, "risco_fogo": 0.19, "bioma": "Mata Atlântica", "id_0": 33, "id_1": 42, "id_2": 4206108, "continente_id": 8, "vegetacao": "Floresta Ombrófila densa", "grade_wrs": "220_080", "frp": 4.3}, "bbox": [-49.29573, -28.19396, -49.29573, -28.19396]}, {"type": "Feature", "id": "focos_48h_br_todosats.fid--211a0569_19dac319c32_6d61", "geometry": {"type": "Point", "coordinates": [-49.55923, -28.73624]}, "geometry_name": "geometria", "properties": {"id_foco_bdq": 1814761877, "foco_id": "1d890e09-b7ab-32ed-be52-da7fc716faf7", "longitude": -49.55923, "latitude": -28.73624, "data_hora_gmt": "2026-04-19T16:54:00Z", "data_pas": "2026-04-19", "satelite": "NOAA-20", "municipio": "NOVA VENEZA", "estado": "SANTA CATARINA", "pais": "Brasil", "precipitacao": 0, "numero_dias_sem_chuva": 3, "risco_fogo": 0.55, "bioma": "Mata Atlântica", "id_0": 33, "id_1": 42, "id_2": 4211603, "continente_id": 8, "vegetacao": "Agricultura e diversos", "grade_wrs": "220_080", "frp": 3.3}, "bbox": [-49.55923, -28.73624, -49.55923, -28.73624]}, {"type": "Feature", "id": "focos_48h_br_todosats.fid--211a0569_19dac319c32_6d62", "geometry": {"type": "Point", "coordinates": [-49.73531, -25.42009]}, "geometry_name": "geometria", "properties": {"id_foco_bdq": 1814761886, "foco_id": "8c3e7d6e-74c0-314f-aece-452cfbd244cf", "longitude": -49.73531, "latitude": -25.42009, "data_hora_gmt": "2026-04-19T16:54:00Z", "data_pas": "2026-04-19", "satelite": "NOAA-20", "municipio": "BALSA NOVA", "estado": "PARANÁ", "pais": "Brasil", "precipitacao": 0, "numero_dias_sem_chuva": 2, "risco_fogo": 0.98, "bioma": "Mata Atlântica", "id_0": 33, "id_1": 41, "id_2": 4102307, "continente_id": 8, "vegetacao": "Pastagens e gramíneas", "grade_wrs": "221_078", "frp": 9.3}, "bbox": [-49.73531, -25.42009, -49.73531, -25.42009]}, {"type": "Feature", "id": "focos_48h_br_todosats.fid--211a0569_19dac319c32_6d63", "geometry": {"type": "Point", "coordinates": [-49.33426, -28.27855]}, "geometry_name": "geometria", "properties": {"id_foco_bdq": 1814762010, "foco_id": "e3c0b7fa-8e48-3027-9651-c40271ec0d39", "longitude": -49.33426, "latitude": -28.27855, "data_hora_gmt": "2026-04-19T16:54:00Z", "data_pas": "2026-04-19", "satelite": "NOAA-20", "municipio": "ORLEANS", "estado": "SANTA CATARINA", "pais": "Brasil", "precipitacao": 0, "numero_dias_sem_chuva": 3, "risco_fogo": 0.4, "bioma": "Mata Atlântica", "id_0": 33, "id_1": 42, "id_2": 4211702, "continente_id": 8, "vegetacao": "Floresta de contato; Campinarana", "grade_wrs": "220_080", "frp": 3.8}, "bbox": [-49.33426, -28.27855, -49.33426, -28.27855]}, {"type": "Feature", "id": "focos_48h_br_todosats.fid--211a0569_19dac319c32_6d64", "geometry": {"type": "Point", "coordinates": [-49.77147, -27.67097]}, "geometry_name": "geometria", "properties": {"id_foco_bdq": 1814762031, "foco_id": "4bc5882d-bae4-327f-a9b5-2eb52ef088e1", "longitude": -49.77147, "latitude": -27.67097, "data_hora_gmt": "2026-04-19T16:54:00Z", "data_pas": "2026-04-19", "satelite": "NOAA-20", "municipio": "BOM RETIRO", "estado": "SANTA CATARINA", "pais": "Brasil", "precipitacao": 0, "numero_dias_sem_chuva": 2, "risco_fogo": 0.48, "bioma": "Mata Atlântica", "id_0": 33, "id_1": 42, "id_2": 4202602, "continente_id": 8, "vegetacao": "Savana arbórea; Caatinga fechada", "grade_wrs": "220_079", "frp": 0.9}, "bbox": [-49.77147, -27.67097, -49.77147, -27.67097]}, {"type": "Feature", "id": "focos_48h_br_todosats.fid--211a0569_19dac319c32_6d65", "geometry": {"type": "Point", "coordinates": [-50.05307, -27.66145]}, "geometry_name": "geometria", "properties": {"id_foco_bdq": 1814762077, "foco_id": "18dc6409-f562-3898-baa8-aa2fbc224b19", "longitude": -50.05307, "latitude": -27.66145, "data_hora_gmt": "2026-04-19T16:54:00Z", "data_pas": "2026-04-19", "satelite": "NOAA-20", "municipio": "LAGES", "estado": "SANTA CATARINA", "pais": "Brasil", "precipitacao": 0, "numero_dias_sem_chuva": 3, "risco_fogo": 0.18, "bioma": "Mata Atlântica", "id_0": 33, "id_1": 42, "id_2": 4209300, "continente_id": 8, "vegetacao": "Floresta Ombrófila densa", "grade_wrs": "221_079", "frp": 6.6}, "bbox": [-50.05307, -27.66145, -50.05307, -27.66145]}, {"type": "Feature", "id": "focos_48h_br_todosats.fid--211a0569_19dac319c32_6d66", "geometry": {"type": "Point", "coordinates": [-49.35356, -25.4648]}, "geometry_name": "geometria", "properties": {"id_foco_bdq": 1814762087, "foco_id": "756a4b31-9e95-33de-8547-7d606b76be0b", "longitude": -49.35356, "latitude": -25.4648, "data_hora_gmt": "2026-04-19T16:54:00Z", "data_pas": "2026-04-19", "satelite": "NOAA-20", "municipio": "CURITIBA", "estado": "PARANÁ", "pais": "Brasil", "precipitacao": 0, "numero_dias_sem_chuva": 2, "risco_fogo": -999, "bioma": "Mata Atlântica", "id_0": 33, "id_1": 41, "id_2": 4106902, "continente_id": 8, "vegetacao": "Corpos agua/Solos expostos/Mineracao/Areas urbanas e construidas/neve e gelo", "grade_wrs": "220_078", "frp": 3.6}, "bbox": [-49.35356, -25.4648, -49.35356, -25.4648]}, {"type": "Feature", "id": "focos_48h_br_todosats.fid--211a0569_19dac319c32_6d67", "geometry": {"type": "Point", "coordinates": [-50.20393, -27.6024]}, "geometry_name": "geometria", "properties": {"id_foco_bdq": 1814762141, "foco_id": "cd630034-27a4-37fc-b2ef-e1c2c37ca5ae", "longitude": -50.20393, "latitude": -27.6024, "data_hora_gmt": "2026-04-19T16:54:00Z", "data_pas": "2026-04-19", "satelite": "NOAA-20", "municipio": "CORREIA PINTO", "estado": "SANTA CATARINA", "pais": "Brasil", "precipitacao": 0, "numero_dias_sem_chuva": 2, "risco_fogo": 0.2, "bioma": "Mata Atlântica", "id_0": 33, "id_1": 42, "id_2": 4204558, "continente_id": 8, "vegetacao": "Floresta Ombrófila densa", "grade_wrs": "221_079", "frp": 11.3}, "bbox": [-50.20393, -27.6024, -50.20393, -27.6024]}, {"type": "Feature", "id": "focos_48h_br_todosats.fid--211a0569_19dac319c32_6d68", "geometry": {"type": "Point", "coordinates": [-52.62225, -29.66644]}, "geometry_name": "geometria", "properties": {"id_foco_bdq": 1814762168, "foco_id": "afb6457b-d1b4-3378-bef9-56a1a7980046", "longitude": -52.62225, "latitude": -29.66644, "data_hora_gmt": "2026-04-19T16:54:00Z", "data_pas": "2026-04-19", "satelite": "NOAA-20", "municipio": "VALE DO SOL", "estado": "RIO GRANDE DO SUL", "pais": "Brasil", "precipitacao": 0, "numero_dias_sem_chuva": 3, "risco_fogo": 0.71, "bioma": "Mata Atlântica", "id_0": 33, "id_1": 43, "id_2": 4322533, "continente_id": 8, "vegetacao": "Pastagens e gramíneas", "grade_wrs": "222_081", "frp": 5.9}, "bbox": [-52.62225, -29.66644, -52.62225, -29.66644]}, {"type": "Feature", "id": "focos_48h_br_todosats.fid--211a0569_19dac319c32_6d69", "geometry": {"type": "Point", "coordinates": [-49.37133, -25.72892]}, "geometry_name": "geometria", "properties": {"id_foco_bdq": 1814762239, "foco_id": "2c5c5cd6-0fdc-32bf-ad55-685d80136624", "longitude": -49.37133, "latitude": -25.72892, "data_hora_gmt": "2026-04-19T16:54:00Z", "data_pas": "2026-04-19", "satelite": "NOAA-20", "municipio": "ARAUCÁRIA", "estado": "PARANÁ", "pais": "Brasil", "precipitacao": 0, "numero_dias_sem_chuva": 2, "risco_fogo": 0.96, "bioma": "Mata Atlântica", "id_0": 33, "id_1": 41, "id_2": 4101804, "continente_id": 8, "vegetacao": "Agricultura e diversos", "grade_wrs": "220_078", "frp": 4.6}, "bbox": [-49.37133, -25.72892, -49.37133, -25.72892]}, {"type": "Feature", "id": "focos_48h_br_todosats.fid--211a0569_19dac319c32_6d6a", "geometry": {"type": "Point", "coordinates": [-53.07311, -30.84796]}, "geometry_name": "geometria", "properties": {"id_foco_bdq": 1814762253, "foco_id": "194adfdb-038f-396c-871d-74684c709c37", "longitude": -53.07311, "latitude": -30.84796, "data_hora_gmt": "2026-04-19T16:54:00Z", "data_pas": "2026-04-19", "satelite": "NOAA-20", "municipio": "SANTANA DA BOA VISTA", "estado": "RIO GRANDE DO SUL", "pais": "Brasil", "precipitacao": 0, "numero_dias_sem_chuva": 3, "risco_fogo": 0.22, "bioma": "Pampa", "id_0": 33, "id_1": 43, "id_2": 4317004, "continente_id": 8, "vegetacao": "Florestas decíduas e sazonais", "grade_wrs": "222_081", "frp": 9.4}, "bbox": [-53.07311, -30.84796, -53.07311, -30.84796]}, {"type": "Feature", "id": "focos_48h_br_todosats.fid--211a0569_19dac319c32_6d6b", "geometry": {"type": "Point", "coordinates": [-49.39728, -25.17438]}, "geometry_name": "geometria", "properties": {"id_foco_bdq": 1814762257, "foco_id": "1e513b81-6486-3491-862e-69face628fc0", "longitude": -49.39728, "latitude": -25.17438, "data_hora_gmt": "2026-04-19T16:54:00Z", "data_pas": "2026-04-19", "satelite": "NOAA-20", "municipio": "RIO BRANCO DO SUL", "estado": "PARANÁ", "pais": "Brasil", "precipitacao": 0, "numero_dias_sem_chuva": 2, "risco_fogo": 0.22, "bioma": "Mata Atlântica", "id_0": 33, "id_1": 41, "id_2": 4122206, "continente_id": 8, "vegetacao": "Floresta Ombrófila densa", "grade_wrs": "221_077", "frp": 27.7}, "bbox": [-49.39728, -25.17438, -49.39728, -25.17438]}, {"type": "Feature", "id": "focos_48h_br_todosats.fid--211a0569_19dac319c32_6d6c", "geometry": {"type": "Point", "coordinates": [-50.98202, -17.98677]}, "geometry_name": "geometria", "properties": {"id_foco_bdq": 1814761930, "foco_id": "158f1d2d-f9dd-3b73-a527-787c44860472", "longitude": -50.98202, "latitude": -17.98677, "data_hora_gmt": "2026-04-19T16:56:00Z", "data_pas": "2026-04-19", "satelite": "NOAA-20", "municipio": "RIO VERDE", "estado": "GOIÁS", "pais": "Brasil", "precipitacao": 0, "numero_dias_sem_chuva": 6, "risco_fogo": 0.52, "bioma": "Cerrado", "id_0": 33, "id_1": 52, "id_2": 5218805, "continente_id": 8, "vegetacao": "Pastagens e gramíneas", "grade_wrs": "223_072", "frp": 2.2}, "bbox": [-50.98202, -17.98677, -50.98202, -17.98677]}, {"type": "Feature", "id": "focos_48h_br_todosats.fid--211a0569_19dac319c32_6d6d", "geometry": {"type": "Point", "coordinates": [-48.88002, -23.9501]}, "geometry_name": "geometria", "properties": {"id_foco_bdq": 1814761951, "foco_id": "7edbfa4e-1219-3c3f-8534-ecaa0e9de854", "longitude": -48.88002, "latitude": -23.9501, "data_hora_gmt": "2026-04-19T16:56:00Z", "data_pas": "2026-04-19", "satelite": "NOAA-20", "municipio": "ITAPEVA", "estado": "SÃO PAULO", "pais": "Brasil", "precipitacao": 0, "numero_dias_sem_chuva": 3, "risco_fogo": 1, "bioma": "Cerrado", "id_0": 33, "id_1": 35, "id_2": 3522406, "continente_id": 8, "vegetacao": "Agricultura e diversos", "grade_wrs": "220_077", "frp": 6.4}, "bbox": [-48.88002, -23.9501, -48.88002, -23.9501]}, {"type": "Feature", "id": "focos_48h_br_todosats.fid--211a0569_19dac319c32_6d6e", "geometry": {"type": "Point", "coordinates": [-44.81501, -17.71271]}, "geometry_name": "geometria", "properties": {"id_foco_bdq": 1814761968, "foco_id": "474cd055-a5b1-3259-95e6-8ef74137a8d7", "longitude": -44.81501, "latitude": -17.71271, "data_hora_gmt": "2026-04-19T16:56:00Z", "data_pas": "2026-04-19", "satelite": "NOAA-20", "municipio": "VÁRZEA DA PALMA", "estado": "MINAS GERAIS", "pais": "Brasil", "precipitacao": 0, "numero_dias_sem_chuva": 6, "risco_fogo": 0.88, "bioma": "Cerrado", "id_0": 33, "id_1": 31, "id_2": 3170800, "continente_id": 8, "vegetacao": "Pastagens e gramíneas", "grade_wrs": "219_072", "frp": 4.8}, "bbox": [-44.81501, -17.71271, -44.81501, -17.71271]}, {"type": "Feature", "id": "focos_48h_br_todosats.fid--211a0569_19dac319c32_6d6f", "geometry": {"type": "Point", "coordinates": [-50.76281, -17.51087]}, "geometry_name": "geometria", "properties": {"id_foco_bdq": 1814761972, "foco_id": "01888195-b0c4-30af-9cb5-1728fc96f165", "longitude": -50.76281, "latitude": -17.51087, "data_hora_gmt": "2026-04-19T16:56:00Z", "data_pas": "2026-04-19", "satelite": "NOAA-20", "municipio": "RIO VERDE", "estado": "GOIÁS", "pais": "Brasil", "precipitacao": 0, "numero_dias_sem_chuva": 10, "risco_fogo": 0.73, "bioma": "Cerrado", "id_0": 33, "id_1": 52, "id_2": 5218805, "continente_id": 8, "vegetacao": "Agricultura e diversos", "grade_wrs": "223_072", "frp": 4.2}, "bbox": [-50.76281, -17.51087, -50.76281, -17.51087]}, {"type": "Feature", "id": "focos_48h_br_todosats.fid--211a0569_19dac319c32_6d70", "geometry": {"type": "Point", "coordinates": [-40.29084, -18.85824]}, "geometry_name": "geometria", "properties": {"id_foco_bdq": 1814761987, "foco_id": "de87fbbf-5f6a-3c70-b5c2-a3e7d794cd77", "longitude": -40.29084, "latitude": -18.85824, "data_hora_gmt": "2026-04-19T16:56:00Z", "data_pas": "2026-04-19", "satelite": "NOAA-20", "municipio": "VILA VALÉRIO", "estado": "ESPÍRITO SANTO", "pais": "Brasil", "precipitacao": 14.42, "numero_dias_sem_chuva": 2, "risco_fogo": 0.01, "bioma": "Mata Atlântica", "id_0": 33, "id_1": 32, "id_2": 3205176, "continente_id": 8, "vegetacao": "Savana; Caatinga aberta", "grade_wrs": "216_073", "frp": 8.8}, "bbox": [-40.29084, -18.85824, -40.29084, -18.85824]}, {"type": "Feature", "id": "focos_48h_br_todosats.fid--211a0569_19dac319c32_6d71", "geometry": {"type": "Point", "coordinates": [-42.61994, -15.83758]}, "geometry_name": "geometria", "properties": {"id_foco_bdq": 1814762381, "foco_id": "acb610a2-4e80-3d76-9d3e-59c3cc560d91", "longitude": -42.61994, "latitude": -15.83758, "data_hora_gmt": "2026-04-19T16:56:00Z", "data_pas": "2026-04-19", "satelite": "NOAA-20", "municipio": "RIO PARDO DE MINAS", "estado": "MINAS GERAIS", "pais": "Brasil", "precipitacao": 0, "numero_dias_sem_chuva": 6, "risco_fogo": 0.08, "bioma": "Mata Atlântica", "id_0": 33, "id_1": 31, "id_2": 3155603, "continente_id": 8, "vegetacao": "Floresta Ombrófila densa", "grade_wrs": "218_071", "frp": 4.8}, "bbox": [-42.61994, -15.83758, -42.61994, -15.83758]}, {"type": "Feature", "id": "focos_48h_br_todosats.fid--211a0569_19dac319c32_6d72", "geometry": {"type": "Point", "coordinates": [-51.26415, -17.90558]}, "geometry_name": "geometria", "properties": {"id_foco_bdq": 1814761996, "foco_id": "560187d7-93a4-315d-bd98-caea868e2b77", "longitude": -51.26415, "latitude": -17.90558, "data_hora_gmt": "2026-04-19T16:56:00Z", "data_pas": "2026-04-19", "satelite": "NOAA-20", "municipio": "JATAÍ", "estado": "GOIÁS", "pais": "Brasil", "precipitacao": 0, "numero_dias_sem_chuva": 6, "risco_fogo": 0.88, "bioma": "Cerrado", "id_0": 33, "id_1": 52, "id_2": 5211909, "continente_id": 8, "vegetacao": "Pastagens e gramíneas", "grade_wrs": "223_072", "frp": 3.4}, "bbox": [-51.26415, -17.90558, -51.26415, -17.90558]}, {"type": "Feature", "id": "focos_48h_br_todosats.fid--211a0569_19dac319c32_6d73", "geometry": {"type": "Point", "coordinates": [-43.60091, -17.77137]}, "geometry_name": "geometria", "properties": {"id_foco_bdq": 1814761529, "foco_id": "3ac035e1-ac27-3d3f-8218-4eee38c0b750", "longitude": -43.60091, "latitude": -17.77137, "data_hora_gmt": "2026-04-19T16:56:00Z", "data_pas": "2026-04-19", "satelite": "NOAA-20", "municipio": "DIAMANTINA", "estado": "MINAS GERAIS", "pais": "Brasil", "precipitacao": 0, "numero_dias_sem_chuva": 8, "risco_fogo": 0.39, "bioma": "Cerrado", "id_0": 33, "id_1": 31, "id_2": 3121605, "continente_id": 8, "vegetacao": "Pastagens e gramíneas", "grade_wrs": "218_072", "frp": 4.2}, "bbox": [-43.60091, -17.77137, -43.60091, -17.77137]}, {"type": "Feature", "id": "focos_48h_br_todosats.fid--211a0569_19dac319c32_6d74", "geometry": {"type": "Point", "coordinates": [-47.35127, -18.85106]}, "geometry_name": "geometria", "properties": {"id_foco_bdq": 1814760916, "foco_id": "0bb15483-7d0b-3eb0-95f6-3866b00e8c10", "longitude": -47.35127, "latitude": -18.85106, "data_hora_gmt": "2026-04-19T16:56:00Z", "data_pas": "2026-04-19", "satelite": "NOAA-20", "municipio": "MONTE CARMELO", "estado": "MINAS GERAIS", "pais": "Brasil", "precipitacao": 0, "numero_dias_sem_chuva": 9, "risco_fogo": 0.55, "bioma": "Cerrado", "id_0": 33, "id_1": 31, "id_2": 3143104, "continente_id": 8, "vegetacao": "Savana; Caatinga aberta", "grade_wrs": "220_073", "frp": 4.9}, "bbox": [-47.35127, -18.85106, -47.35127, -18.85106]}, {"type": "Feature", "id": "focos_48h_br_todosats.fid--211a0569_19dac319c32_6d75", "geometry": {"type": "Point", "coordinates": [-50.76126, -17.4969]}, "geometry_name": "geometria", "properties": {"id_foco_bdq": 1814761389, "foco_id": "b8a28677-8ea2-357c-9d5f-de4908460023", "longitude": -50.76126, "latitude": -17.4969, "data_hora_gmt": "2026-04-19T16:56:00Z", "data_pas": "2026-04-19", "satelite": "NOAA-20", "municipio": "RIO VERDE", "estado": "GOIÁS", "pais": "Brasil", "precipitacao": 0, "numero_dias_sem_chuva": 9, "risco_fogo": 0.84, "bioma": "Cerrado", "id_0": 33, "id_1": 52, "id_2": 5218805, "continente_id": 8, "vegetacao": "Agricultura e diversos", "grade_wrs": "223_072", "frp": 12.5}, "bbox": [-50.76126, -17.4969, -50.76126, -17.4969]}, {"type": "Feature", "id": "focos_48h_br_todosats.fid--211a0569_19dac319c32_6d76", "geometry": {"type": "Point", "coordinates": [-42.5788, -18.18053]}, "geometry_name": "geometria", "properties": {"id_foco_bdq": 1814761547, "foco_id": "6eb98af3-e5a9-34a2-8245-eee38a104980", "longitude": -42.5788, "latitude": -18.18053, "data_hora_gmt": "2026-04-19T16:56:00Z", "data_pas": "2026-04-19", "satelite": "NOAA-20", "municipio": "SÃO SEBASTIÃO DO MARANHÃO", "estado": "MINAS GERAIS", "pais": "Brasil", "precipitacao": 0, "numero_dias_sem_chuva": 2, "risco_fogo": 0.59, "bioma": "Mata Atlântica", "id_0": 33, "id_1": 31, "id_2": 3164506, "continente_id": 8, "vegetacao": "Pastagens e gramíneas", "grade_wrs": "217_073", "frp": 3.8}, "bbox": [-42.5788, -18.18053, -42.5788, -18.18053]}, {"type": "Feature", "id": "focos_48h_br_todosats.fid--211a0569_19dac319c32_6d77", "geometry": {"type": "Point", "coordinates": [-48.2756, -23.53799]}, "geometry_name": "geometria", "properties": {"id_foco_bdq": 1814762053, "foco_id": "5829a13f-54cd-31b6-8ab3-af8d335afbe3", "longitude": -48.2756, "latitude": -23.53799, "data_hora_gmt": "2026-04-19T16:56:00Z", "data_pas": "2026-04-19", "satelite": "NOAA-20", "municipio": "ANGATUBA", "estado": "SÃO PAULO", "pais": "Brasil", "precipitacao": 0, "numero_dias_sem_chuva": 5, "risco_fogo": 1, "bioma": "Mata Atlântica", "id_0": 33, "id_1": 35, "id_2": 3502200, "continente_id": 8, "vegetacao": "Pastagens e gramíneas", "grade_wrs": "220_076", "frp": 2.4}, "bbox": [-48.2756, -23.53799, -48.2756, -23.53799]}, {"type": "Feature", "id": "focos_48h_br_todosats.fid--211a0569_19dac319c32_6d78", "geometry": {"type": "Point", "coordinates": [-40.44167, -17.66777]}, "geometry_name": "geometria", "properties": {"id_foco_bdq": 1814762068, "foco_id": "3e87a215-c560-3d9a-91f4-537d69deda5a", "longitude": -40.44167, "latitude": -17.66777, "data_hora_gmt": "2026-04-19T16:56:00Z", "data_pas": "2026-04-19", "satelite": "NOAA-20", "municipio": "NANUQUE", "estado": "MINAS GERAIS", "pais": "Brasil", "precipitacao": 0, "numero_dias_sem_chuva": 0, "risco_fogo": 0.06, "bioma": "Mata Atlântica", "id_0": 33, "id_1": 31, "id_2": 3144300, "continente_id": 8, "vegetacao": "Floresta Ombrófila densa", "grade_wrs": "216_072", "frp": 3.9}, "bbox": [-40.44167, -17.66777, -40.44167, -17.66777]}, {"type": "Feature", "id": "focos_48h_br_todosats.fid--211a0569_19dac319c32_6d79", "geometry": {"type": "Point", "coordinates": [-46.8329, -17.16819]}, "geometry_name": "geometria", "properties": {"id_foco_bdq": 1814762070, "foco_id": "8483caab-7cff-3e99-b810-63d815aa6be4", "longitude": -46.8329, "latitude": -17.16819, "data_hora_gmt": "2026-04-19T16:56:00Z", "data_pas": "2026-04-19", "satelite": "NOAA-20", "municipio": "PARACATU", "estado": "MINAS GERAIS", "pais": "Brasil", "precipitacao": 0, "numero_dias_sem_chuva": 9, "risco_fogo": 1, "bioma": "Cerrado", "id_0": 33, "id_1": 31, "id_2": 3147006, "continente_id": 8, "vegetacao": "Pastagens e gramíneas", "grade_wrs": "220_072", "frp": 3.2}, "bbox": [-46.8329, -17.16819, -46.8329, -17.16819]}, {"type": "Feature", "id": "focos_48h_br_todosats.fid--211a0569_19dac319c32_6d7a", "geometry": {"type": "Point", "coordinates": [-39.91194, -18.62576]}, "geometry_name": "geometria", "properties": {"id_foco_bdq": 1814761409, "foco_id": "f64e8b9c-4607-3718-9073-fc01fa1f6d66", "longitude": -39.91194, "latitude": -18.62576, "data_hora_gmt": "2026-04-19T16:56:00Z", "data_pas": "2026-04-19", "satelite": "NOAA-20", "municipio": "SÃO MATEUS", "estado": "ESPÍRITO SANTO", "pais": "Brasil", "precipitacao": 1.31, "numero_dias_sem_chuva": -999, "risco_fogo": 0.03, "bioma": "Mata Atlântica", "id_0": 33, "id_1": 32, "id_2": 3204906, "continente_id": 8, "vegetacao": "Floresta Ombrófila densa", "grade_wrs": "215_073", "frp": 3.3}, "bbox": [-39.91194, -18.62576, -39.91194, -18.62576]}, {"type": "Feature", "id": "focos_48h_br_todosats.fid--211a0569_19dac319c32_6d7b", "geometry": {"type": "Point", "coordinates": [-40.53023, -18.64901]}, "geometry_name": "geometria", "properties": {"id_foco_bdq": 1814762078, "foco_id": "bc9b5e5c-73da-39c4-8e3b-74cbc1b2ae31", "longitude": -40.53023, "latitude": -18.64901, "data_hora_gmt": "2026-04-19T16:56:00Z", "data_pas": "2026-04-19", "satelite": "NOAA-20", "municipio": "VILA PAVÃO", "estado": "ESPÍRITO SANTO", "pais": "Brasil", "precipitacao": 18.64, "numero_dias_sem_chuva": 4, "risco_fogo": 0.01, "bioma": "Mata Atlântica", "id_0": 33, "id_1": 32, "id_2": 3205150, "continente_id": 8, "vegetacao": "Pastagens e gramíneas", "grade_wrs": "216_073", "frp": 4.1}, "bbox": [-40.53023, -18.64901, -40.53023, -18.64901]}, {"type": "Feature", "id": "focos_48h_br_todosats.fid--211a0569_19dac319c32_6d7c", "geometry": {"type": "Point", "coordinates": [-42.71622, -22.77769]}, "geometry_name": "geometria", "properties": {"id_foco_bdq": 1814761562, "foco_id": "c82fee2d-8016-3898-9c51-0dbebc3fe60d", "longitude": -42.71622, "latitude": -22.77769, "data_hora_gmt": "2026-04-19T16:56:00Z", "data_pas": "2026-04-19", "satelite": "NOAA-20", "municipio": "TANGUÁ", "estado": "RIO DE JANEIRO", "pais": "Brasil", "precipitacao": 0.3, "numero_dias_sem_chuva": 8, "risco_fogo": 0.63, "bioma": "Mata Atlântica", "id_0": 33, "id_1": 33, "id_2": 3305752, "continente_id": 8, "vegetacao": "Savana; Caatinga aberta", "grade_wrs": "217_076", "frp": 2.1}, "bbox": [-42.71622, -22.77769, -42.71622, -22.77769]}, {"type": "Feature", "id": "focos_48h_br_todosats.fid--211a0569_19dac319c32_6d7d", "geometry": {"type": "Point", "coordinates": [-45.97993, -23.09922]}, "geometry_name": "geometria", "properties": {"id_foco_bdq": 1814760888, "foco_id": "8c76d48b-ecf4-312d-a5d3-f8fb01c0544f", "longitude": -45.97993, "latitude": -23.09922, "data_hora_gmt": "2026-04-19T16:56:00Z", "data_pas": "2026-04-19", "satelite": "NOAA-20", "municipio": "SÃO JOSÉ DOS CAMPOS", "estado": "SÃO PAULO", "pais": "Brasil", "precipitacao": 0, "numero_dias_sem_chuva": 0, "risco_fogo": 0.52, "bioma": "Mata Atlântica", "id_0": 33, "id_1": 35, "id_2": 3549904, "continente_id": 8, "vegetacao": "Savana; Caatinga aberta", "grade_wrs": "219_076", "frp": 2}, "bbox": [-45.97993, -23.09922, -45.97993, -23.09922]}, {"type": "Feature", "id": "focos_48h_br_todosats.fid--211a0569_19dac319c32_6d7e", "geometry": {"type": "Point", "coordinates": [-51.67735, -20.75814]}, "geometry_name": "geometria", "properties": {"id_foco_bdq": 1814762393, "foco_id": "0d43fe0f-dd75-3393-8304-6d2a77a43150", "longitude": -51.67735, "latitude": -20.75814, "data_hora_gmt": "2026-04-19T16:56:00Z", "data_pas": "2026-04-19", "satelite": "NOAA-20", "municipio": "TRÊS LAGOAS", "estado": "MATO GROSSO DO SUL", "pais": "Brasil", "precipitacao": 0, "numero_dias_sem_chuva": 2, "risco_fogo": 1, "bioma": "Mata Atlântica", "id_0": 33, "id_1": 50, "id_2": 5008305, "continente_id": 8, "vegetacao": "Pastagens e gramíneas", "grade_wrs": "223_074", "frp": 3.8}, "bbox": [-51.67735, -20.75814, -51.67735, -20.75814]}, {"type": "Feature", "id": "focos_48h_br_todosats.fid--211a0569_19dac319c32_6d7f", "geometry": {"type": "Point", "coordinates": [-43.21052, -17.92867]}, "geometry_name": "geometria", "properties": {"id_foco_bdq": 1814762214, "foco_id": "da71d8f1-e359-3a03-8b76-5806c6418969", "longitude": -43.21052, "latitude": -17.92867, "data_hora_gmt": "2026-04-19T16:56:00Z", "data_pas": "2026-04-19", "satelite": "NOAA-20", "municipio": "SENADOR MODESTINO GONÇALVES", "estado": "MINAS GERAIS", "pais": "Brasil", "precipitacao": 0, "numero_dias_sem_chuva": 7, "risco_fogo": 0.13, "bioma": "Cerrado", "id_0": 33, "id_1": 31, "id_2": 3165909, "continente_id": 8, "vegetacao": "Savana arbórea; Caatinga fechada", "grade_wrs": "218_072", "frp": 13.1}, "bbox": [-43.21052, -17.92867, -43.21052, -17.92867]}, {"type": "Feature", "id": "focos_48h_br_todosats.fid--211a0569_19dac319c32_6d80", "geometry": {"type": "Point", "coordinates": [-47.35195, -18.8512]}, "geometry_name": "geometria", "properties": {"id_foco_bdq": 1814760879, "foco_id": "a09d4450-0a45-3867-b54f-e0960479670c", "longitude": -47.35195, "latitude": -18.8512, "data_hora_gmt": "2026-04-19T16:56:00Z", "data_pas": "2026-04-19", "satelite": "NOAA-20", "municipio": "MONTE CARMELO", "estado": "MINAS GERAIS", "pais": "Brasil", "precipitacao": 0, "numero_dias_sem_chuva": 9, "risco_fogo": 0.55, "bioma": "Cerrado", "id_0": 33, "id_1": 31, "id_2": 3143104, "continente_id": 8, "vegetacao": "Savana; Caatinga aberta", "grade_wrs": "220_073", "frp": 3.8}, "bbox": [-47.35195, -18.8512, -47.35195, -18.8512]}, {"type": "Feature", "id": "focos_48h_br_todosats.fid--211a0569_19dac319c32_6d81", "geometry": {"type": "Point", "coordinates": [-41.12513, -15.28429]}, "geometry_name": "geometria", "properties": {"id_foco_bdq": 1814762165, "foco_id": "bc245199-80b5-310a-9346-8e8666436338", "longitude": -41.12513, "latitude": -15.28429, "data_hora_gmt": "2026-04-19T16:56:00Z", "data_pas": "2026-04-19", "satelite": "NOAA-20", "municipio": "VITÓRIA DA CONQUISTA", "estado": "BAHIA", "pais": "Brasil", "precipitacao": 0, "numero_dias_sem_chuva": 6, "risco_fogo": 0.49, "bioma": "Mata Atlântica", "id_0": 33, "id_1": 29, "id_2": 2933307, "continente_id": 8, "vegetacao": "Savana arbórea; Caatinga fechada", "grade_wrs": "217_071", "frp": 3}, "bbox": [-41.12513, -15.28429, -41.12513, -15.28429]}, {"type": "Feature", "id": "focos_48h_br_todosats.fid--211a0569_19dac319c32_6d82", "geometry": {"type": "Point", "coordinates": [-47.57752, -22.78923]}, "geometry_name": "geometria", "properties": {"id_foco_bdq": 1814762362, "foco_id": "2d55e2e6-b38c-374e-82e5-42a6d5efc970", "longitude": -47.57752, "latitude": -22.78923, "data_hora_gmt": "2026-04-19T16:56:00Z", "data_pas": "2026-04-19", "satelite": "NOAA-20", "municipio": "RIO DAS PEDRAS", "estado": "SÃO PAULO", "pais": "Brasil", "precipitacao": 0, "numero_dias_sem_chuva": 0, "risco_fogo": 0.65, "bioma": "Mata Atlântica", "id_0": 33, "id_1": 35, "id_2": 3544004, "continente_id": 8, "vegetacao": "Agricultura e diversos", "grade_wrs": "220_076", "frp": 3.8}, "bbox": [-47.57752, -22.78923, -47.57752, -22.78923]}, {"type": "Feature", "id": "focos_48h_br_todosats.fid--211a0569_19dac319c32_6d83", "geometry": {"type": "Point", "coordinates": [-49.42797, -19.21279]}, "geometry_name": "geometria", "properties": {"id_foco_bdq": 1814760843, "foco_id": "0eea37b7-9176-39b8-84ae-8036ef4a7fa0", "longitude": -49.42797, "latitude": -19.21279, "data_hora_gmt": "2026-04-19T16:56:00Z", "data_pas": "2026-04-19", "satelite": "NOAA-20", "municipio": "ITUIUTABA", "estado": "MINAS GERAIS", "pais": "Brasil", "precipitacao": 0, "numero_dias_sem_chuva": 10, "risco_fogo": 0.84, "bioma": "Cerrado", "id_0": 33, "id_1": 31, "id_2": 3134202, "continente_id": 8, "vegetacao": "Pastagens e gramíneas", "grade_wrs": "221_073", "frp": 3.3}, "bbox": [-49.42797, -19.21279, -49.42797, -19.21279]}, {"type": "Feature", "id": "focos_48h_br_todosats.fid--211a0569_19dac319c32_6d84", "geometry": {"type": "Point", "coordinates": [-40.28955, -18.85993]}, "geometry_name": "geometria", "properties": {"id_foco_bdq": 1814762196, "foco_id": "11400cd9-b63d-3677-a3e9-7b90bffed765", "longitude": -40.28955, "latitude": -18.85993, "data_hora_gmt": "2026-04-19T16:56:00Z", "data_pas": "2026-04-19", "satelite": "NOAA-20", "municipio": "VILA VALÉRIO", "estado": "ESPÍRITO SANTO", "pais": "Brasil", "precipitacao": 14.49, "numero_dias_sem_chuva": 2, "risco_fogo": 0.01, "bioma": "Mata Atlântica", "id_0": 33, "id_1": 32, "id_2": 3205176, "continente_id": 8, "vegetacao": "Savana arbórea; Caatinga fechada", "grade_wrs": "216_073", "frp": 4.5}, "bbox": [-40.28955, -18.85993, -40.28955, -18.85993]}, {"type": "Feature", "id": "focos_48h_br_todosats.fid--211a0569_19dac319c32_6d85", "geometry": {"type": "Point", "coordinates": [-51.6768, -20.7617]}, "geometry_name": "geometria", "properties": {"id_foco_bdq": 1814761279, "foco_id": "0d7e5145-b688-38c3-8dfc-88d885f0dc65", "longitude": -51.6768, "latitude": -20.7617, "data_hora_gmt": "2026-04-19T16:56:00Z", "data_pas": "2026-04-19", "satelite": "NOAA-20", "municipio": "TRÊS LAGOAS", "estado": "MATO GROSSO DO SUL", "pais": "Brasil", "precipitacao": 0, "numero_dias_sem_chuva": 2, "risco_fogo": 1, "bioma": "Mata Atlântica", "id_0": 33, "id_1": 50, "id_2": 5008305, "continente_id": 8, "vegetacao": "Pastagens e gramíneas", "grade_wrs": "223_074", "frp": 3}, "bbox": [-51.6768, -20.7617, -51.6768, -20.7617]}, {"type": "Feature", "id": "focos_48h_br_todosats.fid--211a0569_19dac319c32_6d86", "geometry": {"type": "Point", "coordinates": [-50.76389, -17.50416]}, "geometry_name": "geometria", "properties": {"id_foco_bdq": 1814761601, "foco_id": "4270b601-62e1-32dc-a79a-c4843e5f4647", "longitude": -50.76389, "latitude": -17.50416, "data_hora_gmt": "2026-04-19T16:56:00Z", "data_pas": "2026-04-19", "satelite": "NOAA-20", "municipio": "RIO VERDE", "estado": "GOIÁS", "pais": "Brasil", "precipitacao": 0, "numero_dias_sem_chuva": 9, "risco_fogo": 0.47, "bioma": "Cerrado", "id_0": 33, "id_1": 52, "id_2": 5218805, "continente_id": 8, "vegetacao": "Savana arbórea; Caatinga fechada", "grade_wrs": "223_072", "frp": 7.6}, "bbox": [-50.76389, -17.50416, -50.76389, -17.50416]}, {"type": "Feature", "id": "focos_48h_br_todosats.fid--211a0569_19dac319c32_6d87", "geometry": {"type": "Point", "coordinates": [-50.76442, -17.5008]}, "geometry_name": "geometria", "properties": {"id_foco_bdq": 1814761108, "foco_id": "f2649f75-864c-3f7b-b643-c6fd4dcc954d", "longitude": -50.76442, "latitude": -17.5008, "data_hora_gmt": "2026-04-19T16:56:00Z", "data_pas": "2026-04-19", "satelite": "NOAA-20", "municipio": "RIO VERDE", "estado": "GOIÁS", "pais": "Brasil", "precipitacao": 0, "numero_dias_sem_chuva": 9, "risco_fogo": 0.65, "bioma": "Cerrado", "id_0": 33, "id_1": 52, "id_2": 5218805, "continente_id": 8, "vegetacao": "Savana; Caatinga aberta", "grade_wrs": "223_072", "frp": 7.6}, "bbox": [-50.76442, -17.5008, -50.76442, -17.5008]}, {"type": "Feature", "id": "focos_48h_br_todosats.fid--211a0569_19dac319c32_6d88", "geometry": {"type": "Point", "coordinates": [-50.76074, -17.50026]}, "geometry_name": "geometria", "properties": {"id_foco_bdq": 1814761355, "foco_id": "0c41e9a2-73f9-31c0-a7d1-be2dd501745c", "longitude": -50.76074, "latitude": -17.50026, "data_hora_gmt": "2026-04-19T16:56:00Z", "data_pas": "2026-04-19", "satelite": "NOAA-20", "municipio": "RIO VERDE", "estado": "GOIÁS", "pais": "Brasil", "precipitacao": 0, "numero_dias_sem_chuva": 9, "risco_fogo": 0.58, "bioma": "Cerrado", "id_0": 33, "id_1": 52, "id_2": 5218805, "continente_id": 8, "vegetacao": "Savana; Caatinga aberta", "grade_wrs": "223_072", "frp": 7.6}, "bbox": [-50.76074, -17.50026, -50.76074, -17.50026]}, {"type": "Feature", "id": "focos_48h_br_todosats.fid--211a0569_19dac319c32_6d89", "geometry": {"type": "Point", "coordinates": [-40.49539, -19.0723]}, "geometry_name": "geometria", "properties": {"id_foco_bdq": 1814761107, "foco_id": "bf6c21c9-6688-3fab-8b23-a2ac15f2fab5", "longitude": -40.49539, "latitude": -19.0723, "data_hora_gmt": "2026-04-19T16:56:00Z", "data_pas": "2026-04-19", "satelite": "NOAA-20", "municipio": "SÃO DOMINGOS DO NORTE", "estado": "ESPÍRITO SANTO", "pais": "Brasil", "precipitacao": 13.91, "numero_dias_sem_chuva": 0, "risco_fogo": 0.02, "bioma": "Mata Atlântica", "id_0": 33, "id_1": 32, "id_2": 3204658, "continente_id": 8, "vegetacao": "Pastagens e gramíneas", "grade_wrs": "216_073", "frp": 2.5}, "bbox": [-40.49539, -19.0723, -40.49539, -19.0723]}, {"type": "Feature", "id": "focos_48h_br_todosats.fid--211a0569_19dac319c32_6d8a", "geometry": {"type": "Point", "coordinates": [-48.70259, -24.02212]}, "geometry_name": "geometria", "properties": {"id_foco_bdq": 1814761164, "foco_id": "c519e6f2-8151-30d4-89e7-7a92195ae6d8", "longitude": -48.70259, "latitude": -24.02212, "data_hora_gmt": "2026-04-19T16:56:00Z", "data_pas": "2026-04-19", "satelite": "NOAA-20", "municipio": "ITAPEVA", "estado": "SÃO PAULO", "pais": "Brasil", "precipitacao": 0, "numero_dias_sem_chuva": 5, "risco_fogo": 0.69, "bioma": "Mata Atlântica", "id_0": 33, "id_1": 35, "id_2": 3522406, "continente_id": 8, "vegetacao": "Savana; Caatinga aberta", "grade_wrs": "220_077", "frp": 6.1}, "bbox": [-48.70259, -24.02212, -48.70259, -24.02212]}, {"type": "Feature", "id": "focos_48h_br_todosats.fid--211a0569_19dac319c32_6d8b", "geometry": {"type": "Point", "coordinates": [-42.52522, -17.44726]}, "geometry_name": "geometria", "properties": {"id_foco_bdq": 1814761106, "foco_id": "91a3fd3d-97ea-3689-aa56-d565f41f783f", "longitude": -42.52522, "latitude": -17.44726, "data_hora_gmt": "2026-04-19T16:56:00Z", "data_pas": "2026-04-19", "satelite": "NOAA-20", "municipio": "MINAS NOVAS", "estado": "MINAS GERAIS", "pais": "Brasil", "precipitacao": 0, "numero_dias_sem_chuva": 8, "risco_fogo": 0.33, "bioma": "Cerrado", "id_0": 33, "id_1": 31, "id_2": 3141801, "continente_id": 8, "vegetacao": "Agricultura e diversos", "grade_wrs": "217_072", "frp": 0.7}, "bbox": [-42.52522, -17.44726, -42.52522, -17.44726]}, {"type": "Feature", "id": "focos_48h_br_todosats.fid--211a0569_19dac319c32_6d8c", "geometry": {"type": "Point", "coordinates": [-39.91525, -18.62644]}, "geometry_name": "geometria", "properties": {"id_foco_bdq": 1814761708, "foco_id": "7ef4eadd-3c49-32c8-bea0-293c016ea5af", "longitude": -39.91525, "latitude": -18.62644, "data_hora_gmt": "2026-04-19T16:56:00Z", "data_pas": "2026-04-19", "satelite": "NOAA-20", "municipio": "SÃO MATEUS", "estado": "ESPÍRITO SANTO", "pais": "Brasil", "precipitacao": 1.32, "numero_dias_sem_chuva": -999, "risco_fogo": 0.03, "bioma": "Mata Atlântica", "id_0": 33, "id_1": 32, "id_2": 3204906, "continente_id": 8, "vegetacao": "Floresta Ombrófila densa", "grade_wrs": "215_073", "frp": 3.3}, "bbox": [-39.91525, -18.62644, -39.91525, -18.62644]}, {"type": "Feature", "id": "focos_48h_br_todosats.fid--211a0569_19dac319c32_6d8d", "geometry": {"type": "Point", "coordinates": [-43.07164, -22.83646]}, "geometry_name": "geometria", "properties": {"id_foco_bdq": 1814761380, "foco_id": "2f9b2398-806d-365b-a865-bb9fd0d92826", "longitude": -43.07164, "latitude": -22.83646, "data_hora_gmt": "2026-04-19T16:56:00Z", "data_pas": "2026-04-19", "satelite": "NOAA-20", "municipio": "SÃO GONÇALO", "estado": "RIO DE JANEIRO", "pais": "Brasil", "precipitacao": 1.43, "numero_dias_sem_chuva": -999, "risco_fogo": -999, "bioma": "Mata Atlântica", "id_0": 33, "id_1": 33, "id_2": 3304904, "continente_id": 8, "vegetacao": "Corpos agua/Solos expostos/Mineracao/Areas urbanas e construidas/neve e gelo", "grade_wrs": "217_076", "frp": 6}, "bbox": [-43.07164, -22.83646, -43.07164, -22.83646]}, {"type": "Feature", "id": "focos_48h_br_todosats.fid--211a0569_19dac319c32_6d8e", "geometry": {"type": "Point", "coordinates": [-40.95401, -15.20204]}, "geometry_name": "geometria", "properties": {"id_foco_bdq": 1814761716, "foco_id": "a6148758-ea3e-32cd-9d9e-ad05889fe488", "longitude": -40.95401, "latitude": -15.20204, "data_hora_gmt": "2026-04-19T16:56:00Z", "data_pas": "2026-04-19", "satelite": "NOAA-20", "municipio": "VITÓRIA DA CONQUISTA", "estado": "BAHIA", "pais": "Brasil", "precipitacao": 0, "numero_dias_sem_chuva": 6, "risco_fogo": 0.27, "bioma": "Mata Atlântica", "id_0": 33, "id_1": 29, "id_2": 2933307, "continente_id": 8, "vegetacao": "Floresta de contato; Campinarana", "grade_wrs": "217_070", "frp": 1.8}, "bbox": [-40.95401, -15.20204, -40.95401, -15.20204]}, {"type": "Feature", "id": "focos_48h_br_todosats.fid--211a0569_19dac319c32_6d8f", "geometry": {"type": "Point", "coordinates": [-46.90242, -21.14947]}, "geometry_name": "geometria", "properties": {"id_foco_bdq": 1814762359, "foco_id": "3b94b795-bf04-3477-a4ff-2a31cbfdd8bc", "longitude": -46.90242, "latitude": -21.14947, "data_hora_gmt": "2026-04-19T16:56:00Z", "data_pas": "2026-04-19", "satelite": "NOAA-20", "municipio": "MONTE SANTO DE MINAS", "estado": "MINAS GERAIS", "pais": "Brasil", "precipitacao": 0, "numero_dias_sem_chuva": 2, "risco_fogo": 0.57, "bioma": "Cerrado", "id_0": 33, "id_1": 31, "id_2": 3143203, "continente_id": 8, "vegetacao": "Agricultura e diversos", "grade_wrs": "220_075", "frp": 5.1}, "bbox": [-46.90242, -21.14947, -46.90242, -21.14947]}, {"type": "Feature", "id": "focos_48h_br_todosats.fid--211a0569_19dac319c32_6d90", "geometry": {"type": "Point", "coordinates": [-42.28208, -15.75986]}, "geometry_name": "geometria", "properties": {"id_foco_bdq": 1814761727, "foco_id": "59229e5a-42b7-3b41-81fd-fbdfcdc398ab", "longitude": -42.28208, "latitude": -15.75986, "data_hora_gmt": "2026-04-19T16:56:00Z", "data_pas": "2026-04-19", "satelite": "NOAA-20", "municipio": "RIO PARDO DE MINAS", "estado": "MINAS GERAIS", "pais": "Brasil", "precipitacao": 0, "numero_dias_sem_chuva": 7, "risco_fogo": 0.31, "bioma": "Cerrado", "id_0": 33, "id_1": 31, "id_2": 3155603, "continente_id": 8, "vegetacao": "Floresta de contato; Campinarana", "grade_wrs": "217_071", "frp": 6.9}, "bbox": [-42.28208, -15.75986, -42.28208, -15.75986]}, {"type": "Feature", "id": "focos_48h_br_todosats.fid--211a0569_19dac319c32_6d91", "geometry": {"type": "Point", "coordinates": [-44.20974, -20.42456]}, "geometry_name": "geometria", "properties": {"id_foco_bdq": 1814760775, "foco_id": "10f32553-5d43-31f7-9eae-2f2b5f9ba5a7", "longitude": -44.20974, "latitude": -20.42456, "data_hora_gmt": "2026-04-19T16:56:00Z", "data_pas": "2026-04-19", "satelite": "NOAA-20", "municipio": "PIEDADE DOS GERAIS", "estado": "MINAS GERAIS", "pais": "Brasil", "precipitacao": 0.1, "numero_dias_sem_chuva": 2, "risco_fogo": 0.75, "bioma": "Mata Atlântica", "id_0": 33, "id_1": 31, "id_2": 3150406, "continente_id": 8, "vegetacao": "Pastagens e gramíneas", "grade_wrs": "218_074", "frp": 3.6}, "bbox": [-44.20974, -20.42456, -44.20974, -20.42456]}, {"type": "Feature", "id": "focos_48h_br_todosats.fid--211a0569_19dac319c32_6d92", "geometry": {"type": "Point", "coordinates": [-45.93851, -23.59855]}, "geometry_name": "geometria", "properties": {"id_foco_bdq": 1814761076, "foco_id": "1bed9ae9-d71b-3894-b6f0-b7cc62e5f2c7", "longitude": -45.93851, "latitude": -23.59855, "data_hora_gmt": "2026-04-19T16:56:00Z", "data_pas": "2026-04-19", "satelite": "NOAA-20", "municipio": "BIRITIBA MIRIM", "estado": "SÃO PAULO", "pais": "Brasil", "precipitacao": 0, "numero_dias_sem_chuva": 0, "risco_fogo": -999, "bioma": "Mata Atlântica", "id_0": 33, "id_1": 35, "id_2": 3506607, "continente_id": 8, "vegetacao": "Agricultura e diversos", "grade_wrs": "219_076", "frp": 3.2}, "bbox": [-45.93851, -23.59855, -45.93851, -23.59855]}, {"type": "Feature", "id": "focos_48h_br_todosats.fid--211a0569_19dac319c32_6d93", "geometry": {"type": "Point", "coordinates": [-48.88386, -23.95066]}, "geometry_name": "geometria", "properties": {"id_foco_bdq": 1814761072, "foco_id": "344bbb4f-62b2-364d-832c-3750a6739579", "longitude": -48.88386, "latitude": -23.95066, "data_hora_gmt": "2026-04-19T16:56:00Z", "data_pas": "2026-04-19", "satelite": "NOAA-20", "municipio": "ITAPEVA", "estado": "SÃO PAULO", "pais": "Brasil", "precipitacao": 0, "numero_dias_sem_chuva": 3, "risco_fogo": 1, "bioma": "Cerrado", "id_0": 33, "id_1": 35, "id_2": 3522406, "continente_id": 8, "vegetacao": "Agricultura e diversos", "grade_wrs": "220_077", "frp": 6.4}, "bbox": [-48.88386, -23.95066, -48.88386, -23.95066]}, {"type": "Feature", "id": "focos_48h_br_todosats.fid--211a0569_19dac319c32_6d94", "geometry": {"type": "Point", "coordinates": [-41.12617, -15.27917]}, "geometry_name": "geometria", "properties": {"id_foco_bdq": 1814761043, "foco_id": "365cc329-47ef-3d18-a736-a9d7e09eb344", "longitude": -41.12617, "latitude": -15.27917, "data_hora_gmt": "2026-04-19T16:56:00Z", "data_pas": "2026-04-19", "satelite": "NOAA-20", "municipio": "VITÓRIA DA CONQUISTA", "estado": "BAHIA", "pais": "Brasil", "precipitacao": 0, "numero_dias_sem_chuva": 6, "risco_fogo": 0.66, "bioma": "Mata Atlântica", "id_0": 33, "id_1": 29, "id_2": 2933307, "continente_id": 8, "vegetacao": "Agricultura e diversos", "grade_wrs": "217_071", "frp": 3}, "bbox": [-41.12617, -15.27917, -41.12617, -15.27917]}, {"type": "Feature", "id": "focos_48h_br_todosats.fid--211a0569_19dac319c32_6d95", "geometry": {"type": "Point", "coordinates": [-45.98063, -23.09579]}, "geometry_name": "geometria", "properties": {"id_foco_bdq": 1814761040, "foco_id": "4a2ee3a1-8e0c-3f48-9782-9ec34632915a", "longitude": -45.98063, "latitude": -23.09579, "data_hora_gmt": "2026-04-19T16:56:00Z", "data_pas": "2026-04-19", "satelite": "NOAA-20", "municipio": "SÃO JOSÉ DOS CAMPOS", "estado": "SÃO PAULO", "pais": "Brasil", "precipitacao": 0, "numero_dias_sem_chuva": 0, "risco_fogo": 0.74, "bioma": "Mata Atlântica", "id_0": 33, "id_1": 35, "id_2": 3549904, "continente_id": 8, "vegetacao": "Pastagens e gramíneas", "grade_wrs": "219_076", "frp": 6.4}, "bbox": [-45.98063, -23.09579, -45.98063, -23.09579]}, {"type": "Feature", "id": "focos_48h_br_todosats.fid--211a0569_19dac319c32_6d96", "geometry": {"type": "Point", "coordinates": [-44.8292, -20.99853]}, "geometry_name": "geometria", "properties": {"id_foco_bdq": 1814760766, "foco_id": "b76003d4-54e9-3d1d-a3ec-9d40cfce67a2", "longitude": -44.8292, "latitude": -20.99853, "data_hora_gmt": "2026-04-19T16:56:00Z", "data_pas": "2026-04-19", "satelite": "NOAA-20", "municipio": "BOM SUCESSO", "estado": "MINAS GERAIS", "pais": "Brasil", "precipitacao": 0.5, "numero_dias_sem_chuva": 0, "risco_fogo": 0.64, "bioma": "Mata Atlântica", "id_0": 33, "id_1": 31, "id_2": 3108008, "continente_id": 8, "vegetacao": "Pastagens e gramíneas", "grade_wrs": "218_075", "frp": 3.3}, "bbox": [-44.8292, -20.99853, -44.8292, -20.99853]}, {"type": "Feature", "id": "focos_48h_br_todosats.fid--211a0569_19dac319c32_6d97", "geometry": {"type": "Point", "coordinates": [-50.76022, -17.50362]}, "geometry_name": "geometria", "properties": {"id_foco_bdq": 1814761498, "foco_id": "307c9b7b-243f-35ea-8ca0-781d8423afac", "longitude": -50.76022, "latitude": -17.50362, "data_hora_gmt": "2026-04-19T16:56:00Z", "data_pas": "2026-04-19", "satelite": "NOAA-20", "municipio": "RIO VERDE", "estado": "GOIÁS", "pais": "Brasil", "precipitacao": 0, "numero_dias_sem_chuva": 10, "risco_fogo": 0.3, "bioma": "Cerrado", "id_0": 33, "id_1": 52, "id_2": 5218805, "continente_id": 8, "vegetacao": "Floresta de contato; Campinarana", "grade_wrs": "223_072", "frp": 7.6}, "bbox": [-50.76022, -17.50362, -50.76022, -17.50362]}, {"type": "Feature", "id": "focos_48h_br_todosats.fid--211a0569_19dac319c32_6d98", "geometry": {"type": "Point", "coordinates": [-40.29266, -18.86056]}, "geometry_name": "geometria", "properties": {"id_foco_bdq": 1814760948, "foco_id": "4f55990e-acf1-3f1e-a3b3-03644affa230", "longitude": -40.29266, "latitude": -18.86056, "data_hora_gmt": "2026-04-19T16:56:00Z", "data_pas": "2026-04-19", "satelite": "NOAA-20", "municipio": "VILA VALÉRIO", "estado": "ESPÍRITO SANTO", "pais": "Brasil", "precipitacao": 14.6, "numero_dias_sem_chuva": 2, "risco_fogo": 0.01, "bioma": "Mata Atlântica", "id_0": 33, "id_1": 32, "id_2": 3205176, "continente_id": 8, "vegetacao": "Savana; Caatinga aberta", "grade_wrs": "216_073", "frp": 4.5}, "bbox": [-40.29266, -18.86056, -40.29266, -18.86056]}, {"type": "Feature", "id": "focos_48h_br_todosats.fid--211a0569_19dac319c32_6d99", "geometry": {"type": "Point", "coordinates": [-39.91427, -18.61538]}, "geometry_name": "geometria", "properties": {"id_foco_bdq": 1814761869, "foco_id": "a87a7f4b-fd22-362a-9a3e-e5aa5935b542", "longitude": -39.91427, "latitude": -18.61538, "data_hora_gmt": "2026-04-19T16:56:00Z", "data_pas": "2026-04-19", "satelite": "NOAA-20", "municipio": "SÃO MATEUS", "estado": "ESPÍRITO SANTO", "pais": "Brasil", "precipitacao": 1.16, "numero_dias_sem_chuva": -999, "risco_fogo": 0.03, "bioma": "Mata Atlântica", "id_0": 33, "id_1": 32, "id_2": 3204906, "continente_id": 8, "vegetacao": "Floresta Ombrófila densa", "grade_wrs": "215_073", "frp": 2.2}, "bbox": [-39.91427, -18.61538, -39.91427, -18.61538]}, {"type": "Feature", "id": "focos_48h_br_todosats.fid--211a0569_19dac319c32_6d9a", "geometry": {"type": "Point", "coordinates": [-49.76876, -23.88288]}, "geometry_name": "geometria", "properties": {"id_foco_bdq": 1814760804, "foco_id": "d3ebe716-7a42-3bc7-9c5c-0e7be1e97724", "longitude": -49.76876, "latitude": -23.88288, "data_hora_gmt": "2026-04-19T16:56:00Z", "data_pas": "2026-04-19", "satelite": "NOAA-20", "municipio": "WENCESLAU BRAZ", "estado": "PARANÁ", "pais": "Brasil", "precipitacao": 0, "numero_dias_sem_chuva": 2, "risco_fogo": 0.8, "bioma": "Mata Atlântica", "id_0": 33, "id_1": 41, "id_2": 4128500, "continente_id": 8, "vegetacao": "Agricultura e diversos", "grade_wrs": "221_077", "frp": 1}, "bbox": [-49.76876, -23.88288, -49.76876, -23.88288]}, {"type": "Feature", "id": "focos_48h_br_todosats.fid--211a0569_19dac319c32_6d9b", "geometry": {"type": "Point", "coordinates": [-50.75969, -17.50697]}, "geometry_name": "geometria", "properties": {"id_foco_bdq": 1814761513, "foco_id": "08dc4644-c0ce-3606-a115-2cf43a843c5d", "longitude": -50.75969, "latitude": -17.50697, "data_hora_gmt": "2026-04-19T16:56:00Z", "data_pas": "2026-04-19", "satelite": "NOAA-20", "municipio": "RIO VERDE", "estado": "GOIÁS", "pais": "Brasil", "precipitacao": 0, "numero_dias_sem_chuva": 10, "risco_fogo": 0.33, "bioma": "Cerrado", "id_0": 33, "id_1": 52, "id_2": 5218805, "continente_id": 8, "vegetacao": "Floresta de contato; Campinarana", "grade_wrs": "223_072", "frp": 4.2}, "bbox": [-50.75969, -17.50697, -50.75969, -17.50697]}, {"type": "Feature", "id": "focos_48h_br_todosats.fid--211a0569_19dac319c32_6d9c", "geometry": {"type": "Point", "coordinates": [-43.24487, -18.59787]}, "geometry_name": "geometria", "properties": {"id_foco_bdq": 1814762228, "foco_id": "e3c4c4ca-d0c3-3431-a299-27ad5442f0e0", "longitude": -43.24487, "latitude": -18.59787, "data_hora_gmt": "2026-04-19T16:56:00Z", "data_pas": "2026-04-19", "satelite": "NOAA-20", "municipio": "SERRO", "estado": "MINAS GERAIS", "pais": "Brasil", "precipitacao": 0, "numero_dias_sem_chuva": 2, "risco_fogo": 0.04, "bioma": "Mata Atlântica", "id_0": 33, "id_1": 31, "id_2": 3167103, "continente_id": 8, "vegetacao": "Floresta Ombrófila densa", "grade_wrs": "218_073", "frp": 9.5}, "bbox": [-43.24487, -18.59787, -43.24487, -18.59787]}, {"type": "Feature", "id": "focos_48h_br_todosats.fid--211a0569_19dac319c32_6d9d", "geometry": {"type": "Point", "coordinates": [-50.76229, -17.51423]}, "geometry_name": "geometria", "properties": {"id_foco_bdq": 1814761904, "foco_id": "d72049e7-c9cc-3728-a7ab-1c2ad6b8eb50", "longitude": -50.76229, "latitude": -17.51423, "data_hora_gmt": "2026-04-19T16:56:00Z", "data_pas": "2026-04-19", "satelite": "NOAA-20", "municipio": "RIO VERDE", "estado": "GOIÁS", "pais": "Brasil", "precipitacao": 0, "numero_dias_sem_chuva": 10, "risco_fogo": 0.95, "bioma": "Cerrado", "id_0": 33, "id_1": 52, "id_2": 5218805, "continente_id": 8, "vegetacao": "Pastagens e gramíneas", "grade_wrs": "223_072", "frp": 2.7}, "bbox": [-50.76229, -17.51423, -50.76229, -17.51423]}, {"type": "Feature", "id": "focos_48h_br_todosats.fid--211a0569_19dac319c32_6d9e", "geometry": {"type": "Point", "coordinates": [-37.82661, -11.9623]}, "geometry_name": "geometria", "properties": {"id_foco_bdq": 1814761162, "foco_id": "a17105bf-18a7-3547-b46e-5670829992cd", "longitude": -37.82661, "latitude": -11.9623, "data_hora_gmt": "2026-04-19T16:58:00Z", "data_pas": "2026-04-19", "satelite": "NOAA-20", "municipio": "ESPLANADA", "estado": "BAHIA", "pais": "Brasil", "precipitacao": 0, "numero_dias_sem_chuva": -999, "risco_fogo": 0.36, "bioma": "Mata Atlântica", "id_0": 33, "id_1": 29, "id_2": 2910602, "continente_id": 8, "vegetacao": "Floresta de contato; Campinarana", "grade_wrs": "215_068", "frp": 5.8}, "bbox": [-37.82661, -11.9623, -37.82661, -11.9623]}, {"type": "Feature", "id": "focos_48h_br_todosats.fid--211a0569_19dac319c32_6d9f", "geometry": {"type": "Point", "coordinates": [-44.41219, -15.4977]}, "geometry_name": "geometria", "properties": {"id_foco_bdq": 1814761267, "foco_id": "f63f6689-371e-31ca-9ef9-256d3ca40b43", "longitude": -44.41219, "latitude": -15.4977, "data_hora_gmt": "2026-04-19T16:58:00Z", "data_pas": "2026-04-19", "satelite": "NOAA-20", "municipio": "JANUÁRIA", "estado": "MINAS GERAIS", "pais": "Brasil", "precipitacao": 0, "numero_dias_sem_chuva": 9, "risco_fogo": 0.86, "bioma": "Caatinga", "id_0": 33, "id_1": 31, "id_2": 3135209, "continente_id": 8, "vegetacao": "Pastagens e gramíneas", "grade_wrs": "219_071", "frp": 2.2}, "bbox": [-44.41219, -15.4977, -44.41219, -15.4977]}, {"type": "Feature", "id": "focos_48h_br_todosats.fid--211a0569_19dac319c32_6da0", "geometry": {"type": "Point", "coordinates": [-51.98672, -14.233]}, "geometry_name": "geometria", "properties": {"id_foco_bdq": 1814761263, "foco_id": "acac5fe5-e678-3e1a-8efc-8d4e6d3796fc", "longitude": -51.98672, "latitude": -14.233, "data_hora_gmt": "2026-04-19T16:58:00Z", "data_pas": "2026-04-19", "satelite": "NOAA-20", "municipio": "NOVA NAZARÉ", "estado": "MATO GROSSO", "pais": "Brasil", "precipitacao": 1.24, "numero_dias_sem_chuva": 1, "risco_fogo": 0.07, "bioma": "Cerrado", "id_0": 33, "id_1": 51, "id_2": 5106174, "continente_id": 8, "vegetacao": "Florestas decíduas e sazonais", "grade_wrs": "224_070", "frp": 3.3}, "bbox": [-51.98672, -14.233, -51.98672, -14.233]}, {"type": "Feature", "id": "focos_48h_br_todosats.fid--211a0569_19dac319c32_6da1", "geometry": {"type": "Point", "coordinates": [-43.61201, -13.32431]}, "geometry_name": "geometria", "properties": {"id_foco_bdq": 1814761445, "foco_id": "b509cf5b-1651-3a94-adf1-5b25efbba9ff", "longitude": -43.61201, "latitude": -13.32431, "data_hora_gmt": "2026-04-19T16:58:00Z", "data_pas": "2026-04-19", "satelite": "NOAA-20", "municipio": "SERRA DO RAMALHO", "estado": "BAHIA", "pais": "Brasil", "precipitacao": 0.53, "numero_dias_sem_chuva": 8, "risco_fogo": 1, "bioma": "Cerrado", "id_0": 33, "id_1": 29, "id_2": 2930154, "continente_id": 8, "vegetacao": "Pastagens e gramíneas", "grade_wrs": "219_069", "frp": 5.6}, "bbox": [-43.61201, -13.32431, -43.61201, -13.32431]}, {"type": "Feature", "id": "focos_48h_br_todosats.fid--211a0569_19dac319c32_6da2", "geometry": {"type": "Point", "coordinates": [-52.88503, -14.18025]}, "geometry_name": "geometria", "properties": {"id_foco_bdq": 1814761456, "foco_id": "6cb92308-860a-319d-ae16-67494a533501", "longitude": -52.88503, "latitude": -14.18025, "data_hora_gmt": "2026-04-19T16:58:00Z", "data_pas": "2026-04-19", "satelite": "NOAA-20", "municipio": "ÁGUA BOA", "estado": "MATO GROSSO", "pais": "Brasil", "precipitacao": 2.64, "numero_dias_sem_chuva": 3, "risco_fogo": 0.17, "bioma": "Cerrado", "id_0": 33, "id_1": 51, "id_2": 5100201, "continente_id": 8, "vegetacao": "Savana; Caatinga aberta", "grade_wrs": "224_070", "frp": 5.5}, "bbox": [-52.88503, -14.18025, -52.88503, -14.18025]}, {"type": "Feature", "id": "focos_48h_br_todosats.fid--211a0569_19dac319c32_6da3", "geometry": {"type": "Point", "coordinates": [-43.54127, -14.82884]}, "geometry_name": "geometria", "properties": {"id_foco_bdq": 1814761479, "foco_id": "6ff45d9c-c54a-3c39-a4d6-90a63fee9d8b", "longitude": -43.54127, "latitude": -14.82884, "data_hora_gmt": "2026-04-19T16:58:00Z", "data_pas": "2026-04-19", "satelite": "NOAA-20", "municipio": "MATIAS CARDOSO", "estado": "MINAS GERAIS", "pais": "Brasil", "precipitacao": 0, "numero_dias_sem_chuva": 10, "risco_fogo": 1, "bioma": "Cerrado", "id_0": 33, "id_1": 31, "id_2": 3140852, "continente_id": 8, "vegetacao": "Pastagens e gramíneas", "grade_wrs": "218_070", "frp": 5}, "bbox": [-43.54127, -14.82884, -43.54127, -14.82884]}, {"type": "Feature", "id": "focos_48h_br_todosats.fid--211a0569_19dac319c32_6da4", "geometry": {"type": "Point", "coordinates": [-48.00707, -16.04992]}, "geometry_name": "geometria", "properties": {"id_foco_bdq": 1814761495, "foco_id": "c3d95218-b236-33d7-ad90-7b59d8e8a9aa", "longitude": -48.00707, "latitude": -16.04992, "data_hora_gmt": "2026-04-19T16:58:00Z", "data_pas": "2026-04-19", "satelite": "NOAA-20", "municipio": "VALPARAÍSO DE GOIÁS", "estado": "GOIÁS", "pais": "Brasil", "precipitacao": 0, "numero_dias_sem_chuva": 7, "risco_fogo": -999, "bioma": "Cerrado", "id_0": 33, "id_1": 52, "id_2": 5221858, "continente_id": 8, "vegetacao": "Corpos agua/Solos expostos/Mineracao/Areas urbanas e construidas/neve e gelo", "grade_wrs": "221_071", "frp": 3.6}, "bbox": [-48.00707, -16.04992, -48.00707, -16.04992]}, {"type": "Feature", "id": "focos_48h_br_todosats.fid--211a0569_19dac319c32_6da5", "geometry": {"type": "Point", "coordinates": [-40.51221, -10.72213]}, "geometry_name": "geometria", "properties": {"id_foco_bdq": 1814761541, "foco_id": "8bf9841e-5510-36a3-9394-db57c4071953", "longitude": -40.51221, "latitude": -10.72213, "data_hora_gmt": "2026-04-19T16:58:00Z", "data_pas": "2026-04-19", "satelite": "NOAA-20", "municipio": "MIRANGABA", "estado": "BAHIA", "pais": "Brasil", "precipitacao": 3.09, "numero_dias_sem_chuva": 5, "risco_fogo": 0.33, "bioma": "Caatinga", "id_0": 33, "id_1": 29, "id_2": 2921401, "continente_id": 8, "vegetacao": "Savana arbórea; Caatinga fechada", "grade_wrs": "217_067", "frp": 6.7}, "bbox": [-40.51221, -10.72213, -40.51221, -10.72213]}, {"type": "Feature", "id": "focos_48h_br_todosats.fid--211a0569_19dac319c32_6da6", "geometry": {"type": "Point", "coordinates": [-42.94275, -13.82951]}, "geometry_name": "geometria", "properties": {"id_foco_bdq": 1814761561, "foco_id": "813cdc5d-0dcc-345e-bb9e-0651dfc167f3", "longitude": -42.94275, "latitude": -13.82951, "data_hora_gmt": "2026-04-19T16:58:00Z", "data_pas": "2026-04-19", "satelite": "NOAA-20", "municipio": "MATINA", "estado": "BAHIA", "pais": "Brasil", "precipitacao": 0.1, "numero_dias_sem_chuva": 2, "risco_fogo": 0.65, "bioma": "Caatinga", "id_0": 33, "id_1": 29, "id_2": 2921054, "continente_id": 8, "vegetacao": "Agricultura e diversos", "grade_wrs": "218_070", "frp": 3.3}, "bbox": [-42.94275, -13.82951, -42.94275, -13.82951]}, {"type": "Feature", "id": "focos_48h_br_todosats.fid--211a0569_19dac319c32_6da7", "geometry": {"type": "Point", "coordinates": [-49.83635, -10.51114]}, "geometry_name": "geometria", "properties": {"id_foco_bdq": 1814761159, "foco_id": "e4bc0722-4344-3a60-8d90-316335351cbd", "longitude": -49.83635, "latitude": -10.51114, "data_hora_gmt": "2026-04-19T16:58:00Z", "data_pas": "2026-04-19", "satelite": "NOAA-20", "municipio": "PIUM", "estado": "TOCANTINS", "pais": "Brasil", "precipitacao": 1.5, "numero_dias_sem_chuva": 0, "risco_fogo": 0.01, "bioma": "Cerrado", "id_0": 33, "id_1": 17, "id_2": 1717503, "continente_id": 8, "vegetacao": "Agricultura e diversos", "grade_wrs": "223_067", "frp": 5.3}, "bbox": [-49.83635, -10.51114, -49.83635, -10.51114]}, {"type": "Feature", "id": "focos_48h_br_todosats.fid--211a0569_19dac319c32_6da8", "geometry": {"type": "Point", "coordinates": [-40.16992, -10.21285]}, "geometry_name": "geometria", "properties": {"id_foco_bdq": 1814761597, "foco_id": "ab0b1039-c7e3-3aff-80bf-c4edc2c5cca1", "longitude": -40.16992, "latitude": -10.21285, "data_hora_gmt": "2026-04-19T16:58:00Z", "data_pas": "2026-04-19", "satelite": "NOAA-20", "municipio": "JAGUARARI", "estado": "BAHIA", "pais": "Brasil", "precipitacao": 1.14, "numero_dias_sem_chuva": 6, "risco_fogo": 1, "bioma": "Caatinga", "id_0": 33, "id_1": 29, "id_2": 2917706, "continente_id": 8, "vegetacao": "Pastagens e gramíneas", "grade_wrs": "217_067", "frp": 5.5}, "bbox": [-40.16992, -10.21285, -40.16992, -10.21285]}, {"type": "Feature", "id": "focos_48h_br_todosats.fid--211a0569_19dac319c32_6da9", "geometry": {"type": "Point", "coordinates": [-38.25869, -11.82386]}, "geometry_name": "geometria", "properties": {"id_foco_bdq": 1814761629, "foco_id": "bcac96e3-d16e-3f15-8c87-3abe0929da53", "longitude": -38.25869, "latitude": -11.82386, "data_hora_gmt": "2026-04-19T16:58:00Z", "data_pas": "2026-04-19", "satelite": "NOAA-20", "municipio": "APORÁ", "estado": "BAHIA", "pais": "Brasil", "precipitacao": 0.82, "numero_dias_sem_chuva": 3, "risco_fogo": 0.21, "bioma": "Mata Atlântica", "id_0": 33, "id_1": 29, "id_2": 2901908, "continente_id": 8, "vegetacao": "Florestas decíduas e sazonais", "grade_wrs": "215_068", "frp": 10.9}, "bbox": [-38.25869, -11.82386, -38.25869, -11.82386]}, {"type": "Feature", "id": "focos_48h_br_todosats.fid--211a0569_19dac319c32_6daa", "geometry": {"type": "Point", "coordinates": [-38.32408, -11.25309]}, "geometry_name": "geometria", "properties": {"id_foco_bdq": 1814761658, "foco_id": "c8dcd52d-3b56-38e3-8b38-fa0150693c34", "longitude": -38.32408, "latitude": -11.25309, "data_hora_gmt": "2026-04-19T16:58:00Z", "data_pas": "2026-04-19", "satelite": "NOAA-20", "municipio": "ITAPICURU", "estado": "BAHIA", "pais": "Brasil", "precipitacao": 0, "numero_dias_sem_chuva": 4, "risco_fogo": 0.71, "bioma": "Caatinga", "id_0": 33, "id_1": 29, "id_2": 2916500, "continente_id": 8, "vegetacao": "Agricultura e diversos", "grade_wrs": "215_068", "frp": 24.2}, "bbox": [-38.32408, -11.25309, -38.32408, -11.25309]}, {"type": "Feature", "id": "focos_48h_br_todosats.fid--211a0569_19dac319c32_6dab", "geometry": {"type": "Point", "coordinates": [-43.79335, -13.44805]}, "geometry_name": "geometria", "properties": {"id_foco_bdq": 1814761080, "foco_id": "61707cd7-2073-341e-9976-2f7574ca5e4b", "longitude": -43.79335, "latitude": -13.44805, "data_hora_gmt": "2026-04-19T16:58:00Z", "data_pas": "2026-04-19", "satelite": "NOAA-20", "municipio": "SERRA DO RAMALHO", "estado": "BAHIA", "pais": "Brasil", "precipitacao": 0.1, "numero_dias_sem_chuva": 8, "risco_fogo": 0.66, "bioma": "Cerrado", "id_0": 33, "id_1": 29, "id_2": 2930154, "continente_id": 8, "vegetacao": "Agricultura e diversos", "grade_wrs": "219_069", "frp": 4.5}, "bbox": [-43.79335, -13.44805, -43.79335, -13.44805]}, {"type": "Feature", "id": "focos_48h_br_todosats.fid--211a0569_19dac319c32_6dac", "geometry": {"type": "Point", "coordinates": [-43.53763, -14.82359]}, "geometry_name": "geometria", "properties": {"id_foco_bdq": 1814761822, "foco_id": "a5b81671-fb9c-37d1-95b8-e6362a8eedaa", "longitude": -43.53763, "latitude": -14.82359, "data_hora_gmt": "2026-04-19T16:58:00Z", "data_pas": "2026-04-19", "satelite": "NOAA-20", "municipio": "MATIAS CARDOSO", "estado": "MINAS GERAIS", "pais": "Brasil", "precipitacao": 0, "numero_dias_sem_chuva": 10, "risco_fogo": 0.88, "bioma": "Cerrado", "id_0": 33, "id_1": 31, "id_2": 3140852, "continente_id": 8, "vegetacao": "Pastagens e gramíneas", "grade_wrs": "218_070", "frp": 5}, "bbox": [-43.53763, -14.82359, -43.53763, -14.82359]}, {"type": "Feature", "id": "focos_48h_br_todosats.fid--211a0569_19dac319c32_6dad", "geometry": {"type": "Point", "coordinates": [-58.63352, -14.53304]}, "geometry_name": "geometria", "properties": {"id_foco_bdq": 1814761010, "foco_id": "f4ffa998-861d-3026-9e53-d0b023282226", "longitude": -58.63352, "latitude": -14.53304, "data_hora_gmt": "2026-04-19T16:58:00Z", "data_pas": "2026-04-19", "satelite": "NOAA-20", "municipio": "TANGARÁ DA SERRA", "estado": "MATO GROSSO", "pais": "Brasil", "precipitacao": 18.73, "numero_dias_sem_chuva": 1, "risco_fogo": 0, "bioma": "Cerrado", "id_0": 33, "id_1": 51, "id_2": 5107958, "continente_id": 8, "vegetacao": "Savana; Caatinga aberta", "grade_wrs": "228_070", "frp": 6.6}, "bbox": [-58.63352, -14.53304, -58.63352, -14.53304]}, {"type": "Feature", "id": "focos_48h_br_todosats.fid--211a0569_19dac319c32_6dae", "geometry": {"type": "Point", "coordinates": [-44.02804, -13.47346]}, "geometry_name": "geometria", "properties": {"id_foco_bdq": 1814760942, "foco_id": "c5052e38-55b5-3328-8bb3-dc80f02b14d7", "longitude": -44.02804, "latitude": -13.47346, "data_hora_gmt": "2026-04-19T16:58:00Z", "data_pas": "2026-04-19", "satelite": "NOAA-20", "municipio": "SÃO FÉLIX DO CORIBE", "estado": "BAHIA", "pais": "Brasil", "precipitacao": 0.6, "numero_dias_sem_chuva": 2, "risco_fogo": 0.3, "bioma": "Cerrado", "id_0": 33, "id_1": 29, "id_2": 2929057, "continente_id": 8, "vegetacao": "Savana arbórea; Caatinga fechada", "grade_wrs": "219_069", "frp": 30.6}, "bbox": [-44.02804, -13.47346, -44.02804, -13.47346]}, {"type": "Feature", "id": "focos_48h_br_todosats.fid--211a0569_19dac319c32_6daf", "geometry": {"type": "Point", "coordinates": [-37.82737, -11.96576]}, "geometry_name": "geometria", "properties": {"id_foco_bdq": 1814761994, "foco_id": "3ae38d72-2bd8-33b0-a1d2-44001b89ce35", "longitude": -37.82737, "latitude": -11.96576, "data_hora_gmt": "2026-04-19T16:58:00Z", "data_pas": "2026-04-19", "satelite": "NOAA-20", "municipio": "ESPLANADA", "estado": "BAHIA", "pais": "Brasil", "precipitacao": 0, "numero_dias_sem_chuva": -999, "risco_fogo": 0.36, "bioma": "Mata Atlântica", "id_0": 33, "id_1": 29, "id_2": 2910602, "continente_id": 8, "vegetacao": "Floresta de contato; Campinarana", "grade_wrs": "215_068", "frp": 5.4}, "bbox": [-37.82737, -11.96576, -37.82737, -11.96576]}, {"type": "Feature", "id": "focos_48h_br_todosats.fid--211a0569_19dac319c32_6db0", "geometry": {"type": "Point", "coordinates": [-49.84123, -10.36521]}, "geometry_name": "geometria", "properties": {"id_foco_bdq": 1814762001, "foco_id": "213818f5-a7b1-31ac-8623-63105eead5af", "longitude": -49.84123, "latitude": -10.36521, "data_hora_gmt": "2026-04-19T16:58:00Z", "data_pas": "2026-04-19", "satelite": "NOAA-20", "municipio": "PIUM", "estado": "TOCANTINS", "pais": "Brasil", "precipitacao": 1.71, "numero_dias_sem_chuva": 0, "risco_fogo": 0, "bioma": "Cerrado", "id_0": 33, "id_1": 17, "id_2": 1717503, "continente_id": 8, "vegetacao": "Savana arbórea; Caatinga fechada", "grade_wrs": "223_067", "frp": 6.8}, "bbox": [-49.84123, -10.36521, -49.84123, -10.36521]}, {"type": "Feature", "id": "focos_48h_br_todosats.fid--211a0569_19dac319c32_6db1", "geometry": {"type": "Point", "coordinates": [-39.20256, -10.91737]}, "geometry_name": "geometria", "properties": {"id_foco_bdq": 1814760902, "foco_id": "7bd51c8e-b45f-3f4f-9bd6-eb36b9fa9125", "longitude": -39.20256, "latitude": -10.91737, "data_hora_gmt": "2026-04-19T16:58:00Z", "data_pas": "2026-04-19", "satelite": "NOAA-20", "municipio": "QUIJINGUE", "estado": "BAHIA", "pais": "Brasil", "precipitacao": 0, "numero_dias_sem_chuva": 4, "risco_fogo": 1, "bioma": "Caatinga", "id_0": 33, "id_1": 29, "id_2": 2925907, "continente_id": 8, "vegetacao": "Pastagens e gramíneas", "grade_wrs": "216_068", "frp": 8.4}, "bbox": [-39.20256, -10.91737, -39.20256, -10.91737]}, {"type": "Feature", "id": "focos_48h_br_todosats.fid--211a0569_19dac319c32_6db2", "geometry": {"type": "Point", "coordinates": [-46.34023, -14.86037]}, "geometry_name": "geometria", "properties": {"id_foco_bdq": 1814762052, "foco_id": "db07d9db-9058-3456-8fbe-a55192cac267", "longitude": -46.34023, "latitude": -14.86037, "data_hora_gmt": "2026-04-19T16:58:00Z", "data_pas": "2026-04-19", "satelite": "NOAA-20", "municipio": "FORMOSO", "estado": "MINAS GERAIS", "pais": "Brasil", "precipitacao": 0.34, "numero_dias_sem_chuva": 2, "risco_fogo": 0.35, "bioma": "Cerrado", "id_0": 33, "id_1": 31, "id_2": 3126208, "continente_id": 8, "vegetacao": "Savana; Caatinga aberta", "grade_wrs": "220_070", "frp": 8.2}, "bbox": [-46.34023, -14.86037, -46.34023, -14.86037]}, {"type": "Feature", "id": "focos_48h_br_todosats.fid--211a0569_19dac319c32_6db3", "geometry": {"type": "Point", "coordinates": [-50.589, -16.47533]}, "geometry_name": "geometria", "properties": {"id_foco_bdq": 1814760895, "foco_id": "877b2a5a-7f30-318b-bec2-dc1ac210d498", "longitude": -50.589, "latitude": -16.47533, "data_hora_gmt": "2026-04-19T16:58:00Z", "data_pas": "2026-04-19", "satelite": "NOAA-20", "municipio": "CÓRREGO DO OURO", "estado": "GOIÁS", "pais": "Brasil", "precipitacao": 0.5, "numero_dias_sem_chuva": 4, "risco_fogo": 0.56, "bioma": "Cerrado", "id_0": 33, "id_1": 52, "id_2": 5205703, "continente_id": 8, "vegetacao": "Pastagens e gramíneas", "grade_wrs": "223_071", "frp": 2.7}, "bbox": [-50.589, -16.47533, -50.589, -16.47533]}, {"type": "Feature", "id": "focos_48h_br_todosats.fid--211a0569_19dac319c32_6db4", "geometry": {"type": "Point", "coordinates": [-40.31946, -10.81726]}, "geometry_name": "geometria", "properties": {"id_foco_bdq": 1814762086, "foco_id": "5e0cf8d7-2ba5-3e64-8d22-a441046bc7f8", "longitude": -40.31946, "latitude": -10.81726, "data_hora_gmt": "2026-04-19T16:58:00Z", "data_pas": "2026-04-19", "satelite": "NOAA-20", "municipio": "PINDOBAÇU", "estado": "BAHIA", "pais": "Brasil", "precipitacao": 0.2, "numero_dias_sem_chuva": 5, "risco_fogo": 0.99, "bioma": "Caatinga", "id_0": 33, "id_1": 29, "id_2": 2924603, "continente_id": 8, "vegetacao": "Pastagens e gramíneas", "grade_wrs": "217_067", "frp": 4}, "bbox": [-40.31946, -10.81726, -40.31946, -10.81726]}, {"type": "Feature", "id": "focos_48h_br_todosats.fid--211a0569_19dac319c32_6db5", "geometry": {"type": "Point", "coordinates": [-58.60298, -14.5294]}, "geometry_name": "geometria", "properties": {"id_foco_bdq": 1814762097, "foco_id": "78cd9aa2-cf06-3625-a523-e20a16b5d2f7", "longitude": -58.60298, "latitude": -14.5294, "data_hora_gmt": "2026-04-19T16:58:00Z", "data_pas": "2026-04-19", "satelite": "NOAA-20", "municipio": "TANGARÁ DA SERRA", "estado": "MATO GROSSO", "pais": "Brasil", "precipitacao": 17.59, "numero_dias_sem_chuva": 1, "risco_fogo": 0, "bioma": "Cerrado", "id_0": 33, "id_1": 51, "id_2": 5107958, "continente_id": 8, "vegetacao": "Agricultura e diversos", "grade_wrs": "228_070", "frp": 11.8}, "bbox": [-58.60298, -14.5294, -58.60298, -14.5294]}, {"type": "Feature", "id": "focos_48h_br_todosats.fid--211a0569_19dac319c32_6db6", "geometry": {"type": "Point", "coordinates": [-53.50916, -13.29795]}, "geometry_name": "geometria", "properties": {"id_foco_bdq": 1814762166, "foco_id": "0904c00b-732f-324c-a8ba-b796c6746ab2", "longitude": -53.50916, "latitude": -13.29795, "data_hora_gmt": "2026-04-19T16:58:00Z", "data_pas": "2026-04-19", "satelite": "NOAA-20", "municipio": "GAÚCHA DO NORTE", "estado": "MATO GROSSO", "pais": "Brasil", "precipitacao": 7.48, "numero_dias_sem_chuva": 0, "risco_fogo": 0.04, "bioma": "Amazônia", "id_0": 33, "id_1": 51, "id_2": 5103858, "continente_id": 8, "vegetacao": "Pastagens e gramíneas", "grade_wrs": "225_069", "frp": 4.9}, "bbox": [-53.50916, -13.29795, -53.50916, -13.29795]}, {"type": "Feature", "id": "focos_48h_br_todosats.fid--211a0569_19dac319c32_6db7", "geometry": {"type": "Point", "coordinates": [-38.3293, -11.25414]}, "geometry_name": "geometria", "properties": {"id_foco_bdq": 1814762207, "foco_id": "31a62ebe-1159-372e-9e9c-5c230bc9cc42", "longitude": -38.3293, "latitude": -11.25414, "data_hora_gmt": "2026-04-19T16:58:00Z", "data_pas": "2026-04-19", "satelite": "NOAA-20", "municipio": "ITAPICURU", "estado": "BAHIA", "pais": "Brasil", "precipitacao": 0, "numero_dias_sem_chuva": 4, "risco_fogo": 0.97, "bioma": "Caatinga", "id_0": 33, "id_1": 29, "id_2": 2916500, "continente_id": 8, "vegetacao": "Pastagens e gramíneas", "grade_wrs": "215_068", "frp": 24.1}, "bbox": [-38.3293, -11.25414, -38.3293, -11.25414]}, {"type": "Feature", "id": "focos_48h_br_todosats.fid--211a0569_19dac319c32_6db8", "geometry": {"type": "Point", "coordinates": [-42.42231, -14.77431]}, "geometry_name": "geometria", "properties": {"id_foco_bdq": 1814762244, "foco_id": "3e119694-215e-3876-b418-060bde9dec5b", "longitude": -42.42231, "latitude": -14.77431, "data_hora_gmt": "2026-04-19T16:58:00Z", "data_pas": "2026-04-19", "satelite": "NOAA-20", "municipio": "JACARACI", "estado": "BAHIA", "pais": "Brasil", "precipitacao": 0, "numero_dias_sem_chuva": 11, "risco_fogo": 0.43, "bioma": "Caatinga", "id_0": 33, "id_1": 29, "id_2": 2917409, "continente_id": 8, "vegetacao": "Savana arbórea; Caatinga fechada", "grade_wrs": "218_070", "frp": 9.8}, "bbox": [-42.42231, -14.77431, -42.42231, -14.77431]}, {"type": "Feature", "id": "focos_48h_br_todosats.fid--211a0569_19dac319c32_6db9", "geometry": {"type": "Point", "coordinates": [-38.25764, -11.82433]}, "geometry_name": "geometria", "properties": {"id_foco_bdq": 1814760793, "foco_id": "814eda57-7446-3976-acc5-178e9715f5ed", "longitude": -38.25764, "latitude": -11.82433, "data_hora_gmt": "2026-04-19T16:58:00Z", "data_pas": "2026-04-19", "satelite": "NOAA-20", "municipio": "APORÁ", "estado": "BAHIA", "pais": "Brasil", "precipitacao": 0.83, "numero_dias_sem_chuva": 3, "risco_fogo": 0.17, "bioma": "Mata Atlântica", "id_0": 33, "id_1": 29, "id_2": 2901908, "continente_id": 8, "vegetacao": "Florestas decíduas e sazonais", "grade_wrs": "215_068", "frp": 10}, "bbox": [-38.25764, -11.82433, -38.25764, -11.82433]}, {"type": "Feature", "id": "focos_48h_br_todosats.fid--211a0569_19dac319c32_6dba", "geometry": {"type": "Point", "coordinates": [-58.63406, -14.52802]}, "geometry_name": "geometria", "properties": {"id_foco_bdq": 1814762264, "foco_id": "e8f63831-be7c-3bb2-81e3-edffdb1341e4", "longitude": -58.63406, "latitude": -14.52802, "data_hora_gmt": "2026-04-19T16:58:00Z", "data_pas": "2026-04-19", "satelite": "NOAA-20", "municipio": "TANGARÁ DA SERRA", "estado": "MATO GROSSO", "pais": "Brasil", "precipitacao": 18.27, "numero_dias_sem_chuva": 1, "risco_fogo": 0, "bioma": "Cerrado", "id_0": 33, "id_1": 51, "id_2": 5107958, "continente_id": 8, "vegetacao": "Savana; Caatinga aberta", "grade_wrs": "228_070", "frp": 5.7}, "bbox": [-58.63406, -14.52802, -58.63406, -14.52802]}, {"type": "Feature", "id": "focos_48h_br_todosats.fid--211a0569_19dac319c32_6dbb", "geometry": {"type": "Point", "coordinates": [-44.03242, -13.47424]}, "geometry_name": "geometria", "properties": {"id_foco_bdq": 1814762287, "foco_id": "f72e8bbe-38b0-3de9-ab25-2fbdbc3593a5", "longitude": -44.03242, "latitude": -13.47424, "data_hora_gmt": "2026-04-19T16:58:00Z", "data_pas": "2026-04-19", "satelite": "NOAA-20", "municipio": "SÃO FÉLIX DO CORIBE", "estado": "BAHIA", "pais": "Brasil", "precipitacao": 0.6, "numero_dias_sem_chuva": 2, "risco_fogo": 0.3, "bioma": "Cerrado", "id_0": 33, "id_1": 29, "id_2": 2929057, "continente_id": 8, "vegetacao": "Savana arbórea; Caatinga fechada", "grade_wrs": "219_069", "frp": 30.6}, "bbox": [-44.03242, -13.47424, -44.03242, -13.47424]}, {"type": "Feature", "id": "focos_48h_br_todosats.fid--211a0569_19dac319c32_6dbc", "geometry": {"type": "Point", "coordinates": [-43.79342, -13.44991]}, "geometry_name": "geometria", "properties": {"id_foco_bdq": 1814762374, "foco_id": "cf2637d5-65bc-3f8a-8f02-a6d00b70951d", "longitude": -43.79342, "latitude": -13.44991, "data_hora_gmt": "2026-04-19T16:58:00Z", "data_pas": "2026-04-19", "satelite": "NOAA-20", "municipio": "SERRA DO RAMALHO", "estado": "BAHIA", "pais": "Brasil", "precipitacao": 0.1, "numero_dias_sem_chuva": 8, "risco_fogo": 0.69, "bioma": "Cerrado", "id_0": 33, "id_1": 29, "id_2": 2930154, "continente_id": 8, "vegetacao": "Agricultura e diversos", "grade_wrs": "219_069", "frp": 3.8}, "bbox": [-43.79342, -13.44991, -43.79342, -13.44991]}, {"type": "Feature", "id": "focos_48h_br_todosats.fid--211a0569_19dac319c32_6dbd", "geometry": {"type": "Point", "coordinates": [-60.33375, 1.27498]}, "geometry_name": "geometria", "properties": {"id_foco_bdq": 1814761300, "foco_id": "c55c4447-6525-3570-8b3e-bbc3ae1eba02", "longitude": -60.33375, "latitude": 1.27498, "data_hora_gmt": "2026-04-19T17:02:00Z", "data_pas": "2026-04-19", "satelite": "NOAA-20", "municipio": "CARACARAÍ", "estado": "RORAIMA", "pais": "Brasil", "precipitacao": 0.8, "numero_dias_sem_chuva": 0, "risco_fogo": 0.18, "bioma": "Amazônia", "id_0": 33, "id_1": 14, "id_2": 1400209, "continente_id": 8, "vegetacao": "Floresta Ombrófila densa", "grade_wrs": "231_059", "frp": 32.9}, "bbox": [-60.33375, 1.27498, -60.33375, 1.27498]}, {"type": "Feature", "id": "focos_48h_br_todosats.fid--211a0569_19dac319c32_6dbe", "geometry": {"type": "Point", "coordinates": [-60.33308, 1.27053]}, "geometry_name": "geometria", "properties": {"id_foco_bdq": 1814761743, "foco_id": "b9991958-46cc-3f68-85c9-79cb79df7a43", "longitude": -60.33308, "latitude": 1.27053, "data_hora_gmt": "2026-04-19T17:02:00Z", "data_pas": "2026-04-19", "satelite": "NOAA-20", "municipio": "CARACARAÍ", "estado": "RORAIMA", "pais": "Brasil", "precipitacao": 0.8, "numero_dias_sem_chuva": 0, "risco_fogo": 0.18, "bioma": "Amazônia", "id_0": 33, "id_1": 14, "id_2": 1400209, "continente_id": 8, "vegetacao": "Floresta Ombrófila densa", "grade_wrs": "231_059", "frp": 32.9}, "bbox": [-60.33308, 1.27053, -60.33308, 1.27053]}, {"type": "Feature", "id": "focos_48h_br_todosats.fid--211a0569_19dac319c32_6dbf", "geometry": {"type": "Point", "coordinates": [-60.51268, 2.55275]}, "geometry_name": "geometria", "properties": {"id_foco_bdq": 1814761725, "foco_id": "d0ea6011-b30e-3037-b3ef-5e468ec25757", "longitude": -60.51268, "latitude": 2.55275, "data_hora_gmt": "2026-04-19T17:02:00Z", "data_pas": "2026-04-19", "satelite": "NOAA-20", "municipio": "CANTÁ", "estado": "RORAIMA", "pais": "Brasil", "precipitacao": 0.2, "numero_dias_sem_chuva": 0, "risco_fogo": 0.32, "bioma": "Amazônia", "id_0": 33, "id_1": 14, "id_2": 1400175, "continente_id": 8, "vegetacao": "Floresta Ombrófila densa", "grade_wrs": "232_058", "frp": 7.7}, "bbox": [-60.51268, 2.55275, -60.51268, 2.55275]}, {"type": "Feature", "id": "focos_48h_br_todosats.fid--211a0569_19dac319c32_6dc0", "geometry": {"type": "Point", "coordinates": [-60.54627, 2.56951]}, "geometry_name": "geometria", "properties": {"id_foco_bdq": 1814761239, "foco_id": "05380875-ddfa-3ee7-ac97-65cdae25ea30", "longitude": -60.54627, "latitude": 2.56951, "data_hora_gmt": "2026-04-19T17:02:00Z", "data_pas": "2026-04-19", "satelite": "NOAA-20", "municipio": "CANTÁ", "estado": "RORAIMA", "pais": "Brasil", "precipitacao": 0.1, "numero_dias_sem_chuva": 0, "risco_fogo": 0.44, "bioma": "Amazônia", "id_0": 33, "id_1": 14, "id_2": 1400175, "continente_id": 8, "vegetacao": "Floresta de contato; Campinarana", "grade_wrs": "232_058", "frp": 16.2}, "bbox": [-60.54627, 2.56951, -60.54627, 2.56951]}, {"type": "Feature", "id": "focos_48h_br_todosats.fid--211a0569_19dac319c32_6dc1", "geometry": {"type": "Point", "coordinates": [-60.65817, 4.25127]}, "geometry_name": "geometria", "properties": {"id_foco_bdq": 1814761121, "foco_id": "8a66ede6-21e4-3698-be2c-c6b795b3d318", "longitude": -60.65817, "latitude": 4.25127, "data_hora_gmt": "2026-04-19T17:05:00Z", "data_pas": "2026-04-19", "satelite": "NOAA-20", "municipio": "PACARAIMA", "estado": "RORAIMA", "pais": "Brasil", "precipitacao": 1, "numero_dias_sem_chuva": 0, "risco_fogo": 0.86, "bioma": "Amazônia", "id_0": 33, "id_1": 14, "id_2": 1400456, "continente_id": 8, "vegetacao": "Savana; Caatinga aberta", "grade_wrs": "232_057", "frp": 6.1}, "bbox": [-60.65817, 4.25127, -60.65817, 4.25127]}, {"type": "Feature", "id": "focos_48h_br_todosats.fid--211a0569_19dac319c32_6dc2", "geometry": {"type": "Point", "coordinates": [-59.81238, 4.39433]}, "geometry_name": "geometria", "properties": {"id_foco_bdq": 1814762119, "foco_id": "6f6fdc30-bf24-384f-bd59-eb997fe5ce8f", "longitude": -59.81238, "latitude": 4.39433, "data_hora_gmt": "2026-04-19T17:05:00Z", "data_pas": "2026-04-19", "satelite": "NOAA-20", "municipio": "UIRAMUTÃ", "estado": "RORAIMA", "pais": "Brasil", "precipitacao": 1.17, "numero_dias_sem_chuva": 0, "risco_fogo": 0.58, "bioma": "Amazônia", "id_0": 33, "id_1": 14, "id_2": 1400704, "continente_id": 8, "vegetacao": "Savana; Caatinga aberta", "grade_wrs": "232_057", "frp": 4.5}, "bbox": [-59.81238, 4.39433, -59.81238, 4.39433]}, {"type": "Feature", "id": "focos_48h_br_todosats.fid--211a0569_19dac319c32_6dc3", "geometry": {"type": "Point", "coordinates": [-60.81055, 3.85707]}, "geometry_name": "geometria", "properties": {"id_foco_bdq": 1814760946, "foco_id": "da41cf18-8e7b-3a19-9ff3-e14cda005a22", "longitude": -60.81055, "latitude": 3.85707, "data_hora_gmt": "2026-04-19T17:05:00Z", "data_pas": "2026-04-19", "satelite": "NOAA-20", "municipio": "PACARAIMA", "estado": "RORAIMA", "pais": "Brasil", "precipitacao": 0.9, "numero_dias_sem_chuva": 0, "risco_fogo": 0.73, "bioma": "Amazônia", "id_0": 33, "id_1": 14, "id_2": 1400456, "continente_id": 8, "vegetacao": "Savana; Caatinga aberta", "grade_wrs": "232_057", "frp": 2.7}, "bbox": [-60.81055, 3.85707, -60.81055, 3.85707]}, {"type": "Feature", "id": "focos_48h_br_todosats.fid--211a0569_19dac319c32_6dc4", "geometry": {"type": "Point", "coordinates": [-37.83482, -11.9631]}, "geometry_name": "geometria", "properties": {"id_foco_bdq": 1814760223, "foco_id": "738e7726-ca33-3678-a6ed-7088cca9b61b", "longitude": -37.83482, "latitude": -11.9631, "data_hora_gmt": "2026-04-19T17:37:00Z", "data_pas": "2026-04-19", "satelite": "AQUA_M-T", "municipio": "ESPLANADA", "estado": "BAHIA", "pais": "Brasil", "precipitacao": 0, "numero_dias_sem_chuva": -999, "risco_fogo": 0.17, "bioma": "Mata Atlântica", "id_0": 33, "id_1": 29, "id_2": 2910602, "continente_id": 8, "vegetacao": "Floresta Ombrófila densa", "grade_wrs": "215_068", "frp": 44.4}, "bbox": [-37.83482, -11.9631, -37.83482, -11.9631]}, {"type": "Feature", "id": "focos_48h_br_todosats.fid--211a0569_19dac319c32_6dc5", "geometry": {"type": "Point", "coordinates": [-50.27727, -27.69233]}, "geometry_name": "geometria", "properties": {"id_foco_bdq": 1814769044, "foco_id": "d7a4e9b4-3e7a-3df4-9d4d-211f112706d1", "longitude": -50.27727, "latitude": -27.69233, "data_hora_gmt": "2026-04-19T17:41:00Z", "data_pas": "2026-04-19", "satelite": "NOAA-21", "municipio": "LAGES", "estado": "SANTA CATARINA", "pais": "Brasil", "precipitacao": 0, "numero_dias_sem_chuva": 2, "risco_fogo": 0.29, "bioma": "Mata Atlântica", "id_0": 33, "id_1": 42, "id_2": 4209300, "continente_id": 8, "vegetacao": "Floresta de contato; Campinarana", "grade_wrs": "221_079", "frp": 173.1}, "bbox": [-50.27727, -27.69233, -50.27727, -27.69233]}, {"type": "Feature", "id": "focos_48h_br_todosats.fid--211a0569_19dac319c32_6dc6", "geometry": {"type": "Point", "coordinates": [-50.4167, -27.54015]}, "geometry_name": "geometria", "properties": {"id_foco_bdq": 1814767099, "foco_id": "13bafcf7-f9d3-32f7-b81b-242cfbadcb2d", "longitude": -50.4167, "latitude": -27.54015, "data_hora_gmt": "2026-04-19T17:41:00Z", "data_pas": "2026-04-19", "satelite": "NOAA-21", "municipio": "CORREIA PINTO", "estado": "SANTA CATARINA", "pais": "Brasil", "precipitacao": 0, "numero_dias_sem_chuva": 1, "risco_fogo": 0.17, "bioma": "Mata Atlântica", "id_0": 33, "id_1": 42, "id_2": 4204558, "continente_id": 8, "vegetacao": "Floresta Ombrófila densa", "grade_wrs": "221_079", "frp": 46}, "bbox": [-50.4167, -27.54015, -50.4167, -27.54015]}, {"type": "Feature", "id": "focos_48h_br_todosats.fid--211a0569_19dac319c32_6dc7", "geometry": {"type": "Point", "coordinates": [-50.05251, -27.66176]}, "geometry_name": "geometria", "properties": {"id_foco_bdq": 1814770777, "foco_id": "a2a6b2e9-100b-3c30-bd88-7a80d9204e77", "longitude": -50.05251, "latitude": -27.66176, "data_hora_gmt": "2026-04-19T17:41:00Z", "data_pas": "2026-04-19", "satelite": "NOAA-21", "municipio": "LAGES", "estado": "SANTA CATARINA", "pais": "Brasil", "precipitacao": 0, "numero_dias_sem_chuva": 3, "risco_fogo": 0.18, "bioma": "Mata Atlântica", "id_0": 33, "id_1": 42, "id_2": 4209300, "continente_id": 8, "vegetacao": "Floresta Ombrófila densa", "grade_wrs": "221_079", "frp": 20.3}, "bbox": [-50.05251, -27.66176, -50.05251, -27.66176]}, {"type": "Feature", "id": "focos_48h_br_todosats.fid--211a0569_19dac319c32_6dc8", "geometry": {"type": "Point", "coordinates": [-49.14547, -27.99565]}, "geometry_name": "geometria", "properties": {"id_foco_bdq": 1814770533, "foco_id": "3d80d307-5d4b-3df7-a6e2-2b4cac612284", "longitude": -49.14547, "latitude": -27.99565, "data_hora_gmt": "2026-04-19T17:41:00Z", "data_pas": "2026-04-19", "satelite": "NOAA-21", "municipio": "ANITÁPOLIS", "estado": "SANTA CATARINA", "pais": "Brasil", "precipitacao": 0, "numero_dias_sem_chuva": 2, "risco_fogo": 0.16, "bioma": "Mata Atlântica", "id_0": 33, "id_1": 42, "id_2": 4201109, "continente_id": 8, "vegetacao": "Floresta Ombrófila densa", "grade_wrs": "220_079", "frp": 6.9}, "bbox": [-49.14547, -27.99565, -49.14547, -27.99565]}, {"type": "Feature", "id": "focos_48h_br_todosats.fid--211a0569_19dac319c32_6dc9", "geometry": {"type": "Point", "coordinates": [-49.97726, -27.7547]}, "geometry_name": "geometria", "properties": {"id_foco_bdq": 1814770503, "foco_id": "06d60817-d473-33e1-8a70-f500cb92fc62", "longitude": -49.97726, "latitude": -27.7547, "data_hora_gmt": "2026-04-19T17:41:00Z", "data_pas": "2026-04-19", "satelite": "NOAA-21", "municipio": "BOCAINA DO SUL", "estado": "SANTA CATARINA", "pais": "Brasil", "precipitacao": 0, "numero_dias_sem_chuva": 2, "risco_fogo": 0.15, "bioma": "Mata Atlântica", "id_0": 33, "id_1": 42, "id_2": 4202438, "continente_id": 8, "vegetacao": "Floresta Ombrófila densa", "grade_wrs": "220_079", "frp": 84.7}, "bbox": [-49.97726, -27.7547, -49.97726, -27.7547]}, {"type": "Feature", "id": "focos_48h_br_todosats.fid--211a0569_19dac319c32_6dca", "geometry": {"type": "Point", "coordinates": [-50.51173, -27.97137]}, "geometry_name": "geometria", "properties": {"id_foco_bdq": 1814770424, "foco_id": "2c741a5e-e25b-327f-9dbd-63213b3249ee", "longitude": -50.51173, "latitude": -27.97137, "data_hora_gmt": "2026-04-19T17:41:00Z", "data_pas": "2026-04-19", "satelite": "NOAA-21", "municipio": "CAPÃO ALTO", "estado": "SANTA CATARINA", "pais": "Brasil", "precipitacao": 0, "numero_dias_sem_chuva": 4, "risco_fogo": 0.49, "bioma": "Mata Atlântica", "id_0": 33, "id_1": 42, "id_2": 4203253, "continente_id": 8, "vegetacao": "Savana; Caatinga aberta", "grade_wrs": "221_079", "frp": 7.3}, "bbox": [-50.51173, -27.97137, -50.51173, -27.97137]}, {"type": "Feature", "id": "focos_48h_br_todosats.fid--211a0569_19dac319c32_6dcb", "geometry": {"type": "Point", "coordinates": [-51.2552, -28.526]}, "geometry_name": "geometria", "properties": {"id_foco_bdq": 1814770334, "foco_id": "d19c51c0-02e7-3ff8-b1cc-5fd5ba92f3a2", "longitude": -51.2552, "latitude": -28.526, "data_hora_gmt": "2026-04-19T17:41:00Z", "data_pas": "2026-04-19", "satelite": "NOAA-21", "municipio": "MUITOS CAPÕES", "estado": "RIO GRANDE DO SUL", "pais": "Brasil", "precipitacao": 0, "numero_dias_sem_chuva": 2, "risco_fogo": 0.2, "bioma": "Mata Atlântica", "id_0": 33, "id_1": 43, "id_2": 4312617, "continente_id": 8, "vegetacao": "Florestas decíduas e sazonais", "grade_wrs": "221_080", "frp": 3.3}, "bbox": [-51.2552, -28.526, -51.2552, -28.526]}, {"type": "Feature", "id": "focos_48h_br_todosats.fid--211a0569_19dac319c32_6dcc", "geometry": {"type": "Point", "coordinates": [-50.05043, -27.66237]}, "geometry_name": "geometria", "properties": {"id_foco_bdq": 1814769396, "foco_id": "f7aaa6b3-ba28-33b4-a29e-c77b2a88b6a5", "longitude": -50.05043, "latitude": -27.66237, "data_hora_gmt": "2026-04-19T17:41:00Z", "data_pas": "2026-04-19", "satelite": "NOAA-21", "municipio": "LAGES", "estado": "SANTA CATARINA", "pais": "Brasil", "precipitacao": 0, "numero_dias_sem_chuva": 3, "risco_fogo": 0.18, "bioma": "Mata Atlântica", "id_0": 33, "id_1": 42, "id_2": 4209300, "continente_id": 8, "vegetacao": "Floresta Ombrófila densa", "grade_wrs": "221_079", "frp": 16.1}, "bbox": [-50.05043, -27.66237, -50.05043, -27.66237]}, {"type": "Feature", "id": "focos_48h_br_todosats.fid--211a0569_19dac319c32_6dcd", "geometry": {"type": "Point", "coordinates": [-50.51805, -27.97507]}, "geometry_name": "geometria", "properties": {"id_foco_bdq": 1814769293, "foco_id": "9960f478-3d21-314a-8999-00133aa74725", "longitude": -50.51805, "latitude": -27.97507, "data_hora_gmt": "2026-04-19T17:41:00Z", "data_pas": "2026-04-19", "satelite": "NOAA-21", "municipio": "CAPÃO ALTO", "estado": "SANTA CATARINA", "pais": "Brasil", "precipitacao": 0, "numero_dias_sem_chuva": 4, "risco_fogo": 0.24, "bioma": "Mata Atlântica", "id_0": 33, "id_1": 42, "id_2": 4203253, "continente_id": 8, "vegetacao": "Florestas decíduas e sazonais", "grade_wrs": "221_079", "frp": 11.9}, "bbox": [-50.51805, -27.97507, -50.51805, -27.97507]}, {"type": "Feature", "id": "focos_48h_br_todosats.fid--211a0569_19dac319c32_6dce", "geometry": {"type": "Point", "coordinates": [-49.97425, -27.75401]}, "geometry_name": "geometria", "properties": {"id_foco_bdq": 1814769262, "foco_id": "e1d4cbbc-184e-35de-9659-545aea361b97", "longitude": -49.97425, "latitude": -27.75401, "data_hora_gmt": "2026-04-19T17:41:00Z", "data_pas": "2026-04-19", "satelite": "NOAA-21", "municipio": "BOCAINA DO SUL", "estado": "SANTA CATARINA", "pais": "Brasil", "precipitacao": 0, "numero_dias_sem_chuva": 2, "risco_fogo": 0.15, "bioma": "Mata Atlântica", "id_0": 33, "id_1": 42, "id_2": 4202438, "continente_id": 8, "vegetacao": "Floresta Ombrófila densa", "grade_wrs": "220_079", "frp": 93.3}, "bbox": [-49.97425, -27.75401, -49.97425, -27.75401]}, {"type": "Feature", "id": "focos_48h_br_todosats.fid--211a0569_19dac319c32_6dcf", "geometry": {"type": "Point", "coordinates": [-49.97831, -27.7508]}, "geometry_name": "geometria", "properties": {"id_foco_bdq": 1814769176, "foco_id": "ca26be2f-dc1c-3d17-aeb7-c2e573d0b89b", "longitude": -49.97831, "latitude": -27.7508, "data_hora_gmt": "2026-04-19T17:41:00Z", "data_pas": "2026-04-19", "satelite": "NOAA-21", "municipio": "BOCAINA DO SUL", "estado": "SANTA CATARINA", "pais": "Brasil", "precipitacao": 0, "numero_dias_sem_chuva": 2, "risco_fogo": 0.15, "bioma": "Mata Atlântica", "id_0": 33, "id_1": 42, "id_2": 4202438, "continente_id": 8, "vegetacao": "Floresta Ombrófila densa", "grade_wrs": "220_079", "frp": 55.9}, "bbox": [-49.97831, -27.7508, -49.97831, -27.7508]}, {"type": "Feature", "id": "focos_48h_br_todosats.fid--211a0569_19dac319c32_6dd0", "geometry": {"type": "Point", "coordinates": [-49.14883, -27.99644]}, "geometry_name": "geometria", "properties": {"id_foco_bdq": 1814769159, "foco_id": "3354de6a-7ce8-3609-9571-3a74b696fcb2", "longitude": -49.14883, "latitude": -27.99644, "data_hora_gmt": "2026-04-19T17:41:00Z", "data_pas": "2026-04-19", "satelite": "NOAA-21", "municipio": "SANTA ROSA DE LIMA", "estado": "SANTA CATARINA", "pais": "Brasil", "precipitacao": 0, "numero_dias_sem_chuva": 2, "risco_fogo": 0.16, "bioma": "Mata Atlântica", "id_0": 33, "id_1": 42, "id_2": 4215604, "continente_id": 8, "vegetacao": "Floresta Ombrófila densa", "grade_wrs": "220_079", "frp": 8.1}, "bbox": [-49.14883, -27.99644, -49.14883, -27.99644]}, {"type": "Feature", "id": "focos_48h_br_todosats.fid--211a0569_19dac319c32_6dd1", "geometry": {"type": "Point", "coordinates": [-49.14931, -27.99728]}, "geometry_name": "geometria", "properties": {"id_foco_bdq": 1814768993, "foco_id": "7227c243-77db-358a-b92a-357c3c2e58af", "longitude": -49.14931, "latitude": -27.99728, "data_hora_gmt": "2026-04-19T17:41:00Z", "data_pas": "2026-04-19", "satelite": "NOAA-21", "municipio": "SANTA ROSA DE LIMA", "estado": "SANTA CATARINA", "pais": "Brasil", "precipitacao": 0, "numero_dias_sem_chuva": 2, "risco_fogo": 0.16, "bioma": "Mata Atlântica", "id_0": 33, "id_1": 42, "id_2": 4215604, "continente_id": 8, "vegetacao": "Floresta Ombrófila densa", "grade_wrs": "220_079", "frp": 6.6}, "bbox": [-49.14931, -27.99728, -49.14931, -27.99728]}, {"type": "Feature", "id": "focos_48h_br_todosats.fid--211a0569_19dac319c32_6dd2", "geometry": {"type": "Point", "coordinates": [-50.05358, -27.66308]}, "geometry_name": "geometria", "properties": {"id_foco_bdq": 1814768889, "foco_id": "3629044f-6899-3d3a-b840-1fb8f5950d86", "longitude": -50.05358, "latitude": -27.66308, "data_hora_gmt": "2026-04-19T17:41:00Z", "data_pas": "2026-04-19", "satelite": "NOAA-21", "municipio": "LAGES", "estado": "SANTA CATARINA", "pais": "Brasil", "precipitacao": 0, "numero_dias_sem_chuva": 3, "risco_fogo": 0.18, "bioma": "Mata Atlântica", "id_0": 33, "id_1": 42, "id_2": 4209300, "continente_id": 8, "vegetacao": "Floresta Ombrófila densa", "grade_wrs": "221_079", "frp": 15.6}, "bbox": [-50.05358, -27.66308, -50.05358, -27.66308]}, {"type": "Feature", "id": "focos_48h_br_todosats.fid--211a0569_19dac319c32_6dd3", "geometry": {"type": "Point", "coordinates": [-50.5122, -27.97379]}, "geometry_name": "geometria", "properties": {"id_foco_bdq": 1814768707, "foco_id": "38a81136-5621-392d-ba1a-84d60365810a", "longitude": -50.5122, "latitude": -27.97379, "data_hora_gmt": "2026-04-19T17:41:00Z", "data_pas": "2026-04-19", "satelite": "NOAA-21", "municipio": "CAPÃO ALTO", "estado": "SANTA CATARINA", "pais": "Brasil", "precipitacao": 0, "numero_dias_sem_chuva": 4, "risco_fogo": 0.47, "bioma": "Mata Atlântica", "id_0": 33, "id_1": 42, "id_2": 4203253, "continente_id": 8, "vegetacao": "Savana; Caatinga aberta", "grade_wrs": "221_079", "frp": 18.9}, "bbox": [-50.5122, -27.97379, -50.5122, -27.97379]}, {"type": "Feature", "id": "focos_48h_br_todosats.fid--211a0569_19dac319c32_6dd4", "geometry": {"type": "Point", "coordinates": [-49.92864, -27.32972]}, "geometry_name": "geometria", "properties": {"id_foco_bdq": 1814768625, "foco_id": "ca21f946-702d-3fed-8372-746e4a5d7964", "longitude": -49.92864, "latitude": -27.32972, "data_hora_gmt": "2026-04-19T17:41:00Z", "data_pas": "2026-04-19", "satelite": "NOAA-21", "municipio": "BRAÇO DO TROMBUDO", "estado": "SANTA CATARINA", "pais": "Brasil", "precipitacao": 0, "numero_dias_sem_chuva": 2, "risco_fogo": 0.89, "bioma": "Mata Atlântica", "id_0": 33, "id_1": 42, "id_2": 4202859, "continente_id": 8, "vegetacao": "Pastagens e gramíneas", "grade_wrs": "221_079", "frp": 6.8}, "bbox": [-49.92864, -27.32972, -49.92864, -27.32972]}, {"type": "Feature", "id": "focos_48h_br_todosats.fid--211a0569_19dac319c32_6dd5", "geometry": {"type": "Point", "coordinates": [-50.71286, -27.50687]}, "geometry_name": "geometria", "properties": {"id_foco_bdq": 1814768583, "foco_id": "968d544b-8d15-3c8a-b45a-255345b0dad2", "longitude": -50.71286, "latitude": -27.50687, "data_hora_gmt": "2026-04-19T17:41:00Z", "data_pas": "2026-04-19", "satelite": "NOAA-21", "municipio": "SÃO JOSÉ DO CERRITO", "estado": "SANTA CATARINA", "pais": "Brasil", "precipitacao": 0, "numero_dias_sem_chuva": 3, "risco_fogo": 0.27, "bioma": "Mata Atlântica", "id_0": 33, "id_1": 42, "id_2": 4216800, "continente_id": 8, "vegetacao": "Florestas decíduas e sazonais", "grade_wrs": "221_079", "frp": 13.1}, "bbox": [-50.71286, -27.50687, -50.71286, -27.50687]}, {"type": "Feature", "id": "focos_48h_br_todosats.fid--211a0569_19dac319c32_6dd6", "geometry": {"type": "Point", "coordinates": [-49.97726, -27.75587]}, "geometry_name": "geometria", "properties": {"id_foco_bdq": 1814768540, "foco_id": "326713e6-7fa9-3638-9767-b64a673adae3", "longitude": -49.97726, "latitude": -27.75587, "data_hora_gmt": "2026-04-19T17:41:00Z", "data_pas": "2026-04-19", "satelite": "NOAA-21", "municipio": "BOCAINA DO SUL", "estado": "SANTA CATARINA", "pais": "Brasil", "precipitacao": 0, "numero_dias_sem_chuva": 2, "risco_fogo": 0.15, "bioma": "Mata Atlântica", "id_0": 33, "id_1": 42, "id_2": 4202438, "continente_id": 8, "vegetacao": "Floresta Ombrófila densa", "grade_wrs": "220_079", "frp": 55.9}, "bbox": [-49.97726, -27.75587, -49.97726, -27.75587]}, {"type": "Feature", "id": "focos_48h_br_todosats.fid--211a0569_19dac319c32_6dd7", "geometry": {"type": "Point", "coordinates": [-50.20489, -27.60237]}, "geometry_name": "geometria", "properties": {"id_foco_bdq": 1814768217, "foco_id": "724725b1-fe08-35db-b68a-5cec3b9c7513", "longitude": -50.20489, "latitude": -27.60237, "data_hora_gmt": "2026-04-19T17:41:00Z", "data_pas": "2026-04-19", "satelite": "NOAA-21", "municipio": "CORREIA PINTO", "estado": "SANTA CATARINA", "pais": "Brasil", "precipitacao": 0, "numero_dias_sem_chuva": 2, "risco_fogo": 0.2, "bioma": "Mata Atlântica", "id_0": 33, "id_1": 42, "id_2": 4204558, "continente_id": 8, "vegetacao": "Floresta Ombrófila densa", "grade_wrs": "221_079", "frp": 7.4}, "bbox": [-50.20489, -27.60237, -50.20489, -27.60237]}, {"type": "Feature", "id": "focos_48h_br_todosats.fid--211a0569_19dac319c32_6dd8", "geometry": {"type": "Point", "coordinates": [-50.51591, -27.97743]}, "geometry_name": "geometria", "properties": {"id_foco_bdq": 1814768180, "foco_id": "bebdf1cd-b5c2-3545-bbc2-8d93881e4f99", "longitude": -50.51591, "latitude": -27.97743, "data_hora_gmt": "2026-04-19T17:41:00Z", "data_pas": "2026-04-19", "satelite": "NOAA-21", "municipio": "CAPÃO ALTO", "estado": "SANTA CATARINA", "pais": "Brasil", "precipitacao": 0, "numero_dias_sem_chuva": 4, "risco_fogo": 0.38, "bioma": "Mata Atlântica", "id_0": 33, "id_1": 42, "id_2": 4203253, "continente_id": 8, "vegetacao": "Savana arbórea; Caatinga fechada", "grade_wrs": "221_079", "frp": 15.7}, "bbox": [-50.51591, -27.97743, -50.51591, -27.97743]}, {"type": "Feature", "id": "focos_48h_br_todosats.fid--211a0569_19dac319c32_6dd9", "geometry": {"type": "Point", "coordinates": [-49.98038, -27.75656]}, "geometry_name": "geometria", "properties": {"id_foco_bdq": 1814768151, "foco_id": "de0de8cc-3450-375b-9867-7ae65e09c5c2", "longitude": -49.98038, "latitude": -27.75656, "data_hora_gmt": "2026-04-19T17:41:00Z", "data_pas": "2026-04-19", "satelite": "NOAA-21", "municipio": "BOCAINA DO SUL", "estado": "SANTA CATARINA", "pais": "Brasil", "precipitacao": 0, "numero_dias_sem_chuva": 2, "risco_fogo": 0.15, "bioma": "Mata Atlântica", "id_0": 33, "id_1": 42, "id_2": 4202438, "continente_id": 8, "vegetacao": "Floresta Ombrófila densa", "grade_wrs": "220_079", "frp": 55.9}, "bbox": [-49.98038, -27.75656, -49.98038, -27.75656]}, {"type": "Feature", "id": "focos_48h_br_todosats.fid--211a0569_19dac319c32_6dda", "geometry": {"type": "Point", "coordinates": [-49.56059, -28.7356]}, "geometry_name": "geometria", "properties": {"id_foco_bdq": 1814768064, "foco_id": "31a567f2-cb63-37df-8e8d-5f04cbe54cd0", "longitude": -49.56059, "latitude": -28.7356, "data_hora_gmt": "2026-04-19T17:41:00Z", "data_pas": "2026-04-19", "satelite": "NOAA-21", "municipio": "NOVA VENEZA", "estado": "SANTA CATARINA", "pais": "Brasil", "precipitacao": 0, "numero_dias_sem_chuva": 3, "risco_fogo": 0.55, "bioma": "Mata Atlântica", "id_0": 33, "id_1": 42, "id_2": 4211603, "continente_id": 8, "vegetacao": "Agricultura e diversos", "grade_wrs": "220_080", "frp": 1.7}, "bbox": [-49.56059, -28.7356, -49.56059, -28.7356]}, {"type": "Feature", "id": "focos_48h_br_todosats.fid--211a0569_19dac319c32_6ddb", "geometry": {"type": "Point", "coordinates": [-50.27429, -27.68594]}, "geometry_name": "geometria", "properties": {"id_foco_bdq": 1814768001, "foco_id": "63e8bc06-7b98-34a4-9e1e-bef331b698fa", "longitude": -50.27429, "latitude": -27.68594, "data_hora_gmt": "2026-04-19T17:41:00Z", "data_pas": "2026-04-19", "satelite": "NOAA-21", "municipio": "LAGES", "estado": "SANTA CATARINA", "pais": "Brasil", "precipitacao": 0, "numero_dias_sem_chuva": 2, "risco_fogo": 0.41, "bioma": "Mata Atlântica", "id_0": 33, "id_1": 42, "id_2": 4209300, "continente_id": 8, "vegetacao": "Savana arbórea; Caatinga fechada", "grade_wrs": "221_079", "frp": 266}, "bbox": [-50.27429, -27.68594, -50.27429, -27.68594]}, {"type": "Feature", "id": "focos_48h_br_todosats.fid--211a0569_19dac319c32_6ddc", "geometry": {"type": "Point", "coordinates": [-50.51757, -27.9727]}, "geometry_name": "geometria", "properties": {"id_foco_bdq": 1814767800, "foco_id": "ac193331-8ac7-3368-b34d-ec1e80e353f5", "longitude": -50.51757, "latitude": -27.9727, "data_hora_gmt": "2026-04-19T17:41:00Z", "data_pas": "2026-04-19", "satelite": "NOAA-21", "municipio": "CAPÃO ALTO", "estado": "SANTA CATARINA", "pais": "Brasil", "precipitacao": 0, "numero_dias_sem_chuva": 4, "risco_fogo": 0.26, "bioma": "Mata Atlântica", "id_0": 33, "id_1": 42, "id_2": 4203253, "continente_id": 8, "vegetacao": "Florestas decíduas e sazonais", "grade_wrs": "221_079", "frp": 7.3}, "bbox": [-50.51757, -27.9727, -50.51757, -27.9727]}, {"type": "Feature", "id": "focos_48h_br_todosats.fid--211a0569_19dac319c32_6ddd", "geometry": {"type": "Point", "coordinates": [-50.27129, -27.69096]}, "geometry_name": "geometria", "properties": {"id_foco_bdq": 1814767625, "foco_id": "bf0b5cf0-2cab-33b2-827d-f747ee934ba7", "longitude": -50.27129, "latitude": -27.69096, "data_hora_gmt": "2026-04-19T17:41:00Z", "data_pas": "2026-04-19", "satelite": "NOAA-21", "municipio": "LAGES", "estado": "SANTA CATARINA", "pais": "Brasil", "precipitacao": 0, "numero_dias_sem_chuva": 2, "risco_fogo": 0.54, "bioma": "Mata Atlântica", "id_0": 33, "id_1": 42, "id_2": 4209300, "continente_id": 8, "vegetacao": "Savana; Caatinga aberta", "grade_wrs": "221_079", "frp": 292.6}, "bbox": [-50.27129, -27.69096, -50.27129, -27.69096]}, {"type": "Feature", "id": "focos_48h_br_todosats.fid--211a0569_19dac319c32_6dde", "geometry": {"type": "Point", "coordinates": [-49.97424, -27.75519]}, "geometry_name": "geometria", "properties": {"id_foco_bdq": 1814767509, "foco_id": "18ccc642-3353-3dc8-8421-b0e4e0edf68e", "longitude": -49.97424, "latitude": -27.75519, "data_hora_gmt": "2026-04-19T17:41:00Z", "data_pas": "2026-04-19", "satelite": "NOAA-21", "municipio": "BOCAINA DO SUL", "estado": "SANTA CATARINA", "pais": "Brasil", "precipitacao": 0, "numero_dias_sem_chuva": 2, "risco_fogo": 0.15, "bioma": "Mata Atlântica", "id_0": 33, "id_1": 42, "id_2": 4202438, "continente_id": 8, "vegetacao": "Floresta Ombrófila densa", "grade_wrs": "220_079", "frp": 94.1}, "bbox": [-49.97424, -27.75519, -49.97424, -27.75519]}, {"type": "Feature", "id": "focos_48h_br_todosats.fid--211a0569_19dac319c32_6ddf", "geometry": {"type": "Point", "coordinates": [-50.78477, -27.9032]}, "geometry_name": "geometria", "properties": {"id_foco_bdq": 1814770231, "foco_id": "a10b078c-c270-3d79-b3ff-945366502d9d", "longitude": -50.78477, "latitude": -27.9032, "data_hora_gmt": "2026-04-19T17:41:00Z", "data_pas": "2026-04-19", "satelite": "NOAA-21", "municipio": "CAMPO BELO DO SUL", "estado": "SANTA CATARINA", "pais": "Brasil", "precipitacao": 0, "numero_dias_sem_chuva": 3, "risco_fogo": 0.57, "bioma": "Mata Atlântica", "id_0": 33, "id_1": 42, "id_2": 4203402, "continente_id": 8, "vegetacao": "Agricultura e diversos", "grade_wrs": "221_079", "frp": 24.1}, "bbox": [-50.78477, -27.9032, -50.78477, -27.9032]}, {"type": "Feature", "id": "focos_48h_br_todosats.fid--211a0569_19dac319c32_6de0", "geometry": {"type": "Point", "coordinates": [-49.42765, -28.26481]}, "geometry_name": "geometria", "properties": {"id_foco_bdq": 1814770058, "foco_id": "5d8b74ac-25e9-312f-84b2-e10872231109", "longitude": -49.42765, "latitude": -28.26481, "data_hora_gmt": "2026-04-19T17:41:00Z", "data_pas": "2026-04-19", "satelite": "NOAA-21", "municipio": "ORLEANS", "estado": "SANTA CATARINA", "pais": "Brasil", "precipitacao": 0, "numero_dias_sem_chuva": 3, "risco_fogo": 0.14, "bioma": "Mata Atlântica", "id_0": 33, "id_1": 42, "id_2": 4211702, "continente_id": 8, "vegetacao": "Floresta Ombrófila densa", "grade_wrs": "220_080", "frp": 4.8}, "bbox": [-49.42765, -28.26481, -49.42765, -28.26481]}, {"type": "Feature", "id": "focos_48h_br_todosats.fid--211a0569_19dac319c32_6de1", "geometry": {"type": "Point", "coordinates": [-50.26993, -27.69586]}, "geometry_name": "geometria", "properties": {"id_foco_bdq": 1814770029, "foco_id": "173b5284-d88b-3fc3-838a-29638ebeac61", "longitude": -50.26993, "latitude": -27.69586, "data_hora_gmt": "2026-04-19T17:41:00Z", "data_pas": "2026-04-19", "satelite": "NOAA-21", "municipio": "LAGES", "estado": "SANTA CATARINA", "pais": "Brasil", "precipitacao": 0, "numero_dias_sem_chuva": 2, "risco_fogo": 0.59, "bioma": "Mata Atlântica", "id_0": 33, "id_1": 42, "id_2": 4209300, "continente_id": 8, "vegetacao": "Savana; Caatinga aberta", "grade_wrs": "221_079", "frp": 292.6}, "bbox": [-50.26993, -27.69586, -50.26993, -27.69586]}, {"type": "Feature", "id": "focos_48h_br_todosats.fid--211a0569_19dac319c32_6de2", "geometry": {"type": "Point", "coordinates": [-50.27295, -27.69085]}, "geometry_name": "geometria", "properties": {"id_foco_bdq": 1814769962, "foco_id": "81dbf12b-bccf-315b-b5bc-2dcb58e5ced9", "longitude": -50.27295, "latitude": -27.69085, "data_hora_gmt": "2026-04-19T17:41:00Z", "data_pas": "2026-04-19", "satelite": "NOAA-21", "municipio": "LAGES", "estado": "SANTA CATARINA", "pais": "Brasil", "precipitacao": 0, "numero_dias_sem_chuva": 2, "risco_fogo": 0.47, "bioma": "Mata Atlântica", "id_0": 33, "id_1": 42, "id_2": 4209300, "continente_id": 8, "vegetacao": "Savana arbórea; Caatinga fechada", "grade_wrs": "221_079", "frp": 266}, "bbox": [-50.27295, -27.69085, -50.27295, -27.69085]}, {"type": "Feature", "id": "focos_48h_br_todosats.fid--211a0569_19dac319c32_6de3", "geometry": {"type": "Point", "coordinates": [-50.25198, -27.59704]}, "geometry_name": "geometria", "properties": {"id_foco_bdq": 1814769745, "foco_id": "b63132c7-2915-3271-a395-3a10c07a0c2d", "longitude": -50.25198, "latitude": -27.59704, "data_hora_gmt": "2026-04-19T17:41:00Z", "data_pas": "2026-04-19", "satelite": "NOAA-21", "municipio": "CORREIA PINTO", "estado": "SANTA CATARINA", "pais": "Brasil", "precipitacao": 0, "numero_dias_sem_chuva": 2, "risco_fogo": 0.19, "bioma": "Mata Atlântica", "id_0": 33, "id_1": 42, "id_2": 4204558, "continente_id": 8, "vegetacao": "Floresta Ombrófila densa", "grade_wrs": "221_079", "frp": 1.2}, "bbox": [-50.25198, -27.59704, -50.25198, -27.59704]}, {"type": "Feature", "id": "focos_48h_br_todosats.fid--211a0569_19dac319c32_6de4", "geometry": {"type": "Point", "coordinates": [-49.14602, -27.99652]}, "geometry_name": "geometria", "properties": {"id_foco_bdq": 1814769686, "foco_id": "580564a4-7cb3-3a0d-9255-fa4b28818b20", "longitude": -49.14602, "latitude": -27.99652, "data_hora_gmt": "2026-04-19T17:41:00Z", "data_pas": "2026-04-19", "satelite": "NOAA-21", "municipio": "ANITÁPOLIS", "estado": "SANTA CATARINA", "pais": "Brasil", "precipitacao": 0, "numero_dias_sem_chuva": 2, "risco_fogo": 0.16, "bioma": "Mata Atlântica", "id_0": 33, "id_1": 42, "id_2": 4201109, "continente_id": 8, "vegetacao": "Floresta Ombrófila densa", "grade_wrs": "220_079", "frp": 8.4}, "bbox": [-49.14602, -27.99652, -49.14602, -27.99652]}, {"type": "Feature", "id": "focos_48h_br_todosats.fid--211a0569_19dac319c32_6de5", "geometry": {"type": "Point", "coordinates": [-49.98043, -27.75543]}, "geometry_name": "geometria", "properties": {"id_foco_bdq": 1814769516, "foco_id": "678bd6df-9bf3-3c4c-a73d-514353aa9bbd", "longitude": -49.98043, "latitude": -27.75543, "data_hora_gmt": "2026-04-19T17:41:00Z", "data_pas": "2026-04-19", "satelite": "NOAA-21", "municipio": "BOCAINA DO SUL", "estado": "SANTA CATARINA", "pais": "Brasil", "precipitacao": 0, "numero_dias_sem_chuva": 2, "risco_fogo": 0.15, "bioma": "Mata Atlântica", "id_0": 33, "id_1": 42, "id_2": 4202438, "continente_id": 8, "vegetacao": "Floresta Ombrófila densa", "grade_wrs": "220_079", "frp": 84.7}, "bbox": [-49.98043, -27.75543, -49.98043, -27.75543]}, {"type": "Feature", "id": "focos_48h_br_todosats.fid--211a0569_19dac319c32_6de6", "geometry": {"type": "Point", "coordinates": [-50.20825, -27.60314]}, "geometry_name": "geometria", "properties": {"id_foco_bdq": 1814769490, "foco_id": "e1f7630f-b7de-3502-8e67-4c99e754d95a", "longitude": -50.20825, "latitude": -27.60314, "data_hora_gmt": "2026-04-19T17:41:00Z", "data_pas": "2026-04-19", "satelite": "NOAA-21", "municipio": "CORREIA PINTO", "estado": "SANTA CATARINA", "pais": "Brasil", "precipitacao": 0, "numero_dias_sem_chuva": 2, "risco_fogo": 0.2, "bioma": "Mata Atlântica", "id_0": 33, "id_1": 42, "id_2": 4204558, "continente_id": 8, "vegetacao": "Floresta Ombrófila densa", "grade_wrs": "221_079", "frp": 11.1}, "bbox": [-50.20825, -27.60314, -50.20825, -27.60314]}, {"type": "Feature", "id": "focos_48h_br_todosats.fid--211a0569_19dac319c32_6de7", "geometry": {"type": "Point", "coordinates": [-49.952, -25.41173]}, "geometry_name": "geometria", "properties": {"id_foco_bdq": 1814770324, "foco_id": "18f0bdd9-3854-3e1c-811f-b2208de0bf73", "longitude": -49.952, "latitude": -25.41173, "data_hora_gmt": "2026-04-19T17:43:00Z", "data_pas": "2026-04-19", "satelite": "NOAA-21", "municipio": "PALMEIRA", "estado": "PARANÁ", "pais": "Brasil", "precipitacao": 0, "numero_dias_sem_chuva": 2, "risco_fogo": 0.83, "bioma": "Mata Atlântica", "id_0": 33, "id_1": 41, "id_2": 4117701, "continente_id": 8, "vegetacao": "Agricultura e diversos", "grade_wrs": "221_078", "frp": 2.6}, "bbox": [-49.952, -25.41173, -49.952, -25.41173]}, {"type": "Feature", "id": "focos_48h_br_todosats.fid--211a0569_19dac319c32_6de8", "geometry": {"type": "Point", "coordinates": [-49.64623, -20.50592]}, "geometry_name": "geometria", "properties": {"id_foco_bdq": 1814768530, "foco_id": "46be23fb-2e33-32af-94dc-81d7ded4300f", "longitude": -49.64623, "latitude": -20.50592, "data_hora_gmt": "2026-04-19T17:43:00Z", "data_pas": "2026-04-19", "satelite": "NOAA-21", "municipio": "TANABI", "estado": "SÃO PAULO", "pais": "Brasil", "precipitacao": 0, "numero_dias_sem_chuva": 0, "risco_fogo": 0.48, "bioma": "Cerrado", "id_0": 33, "id_1": 35, "id_2": 3553401, "continente_id": 8, "vegetacao": "Pastagens e gramíneas", "grade_wrs": "221_074", "frp": 12.8}, "bbox": [-49.64623, -20.50592, -49.64623, -20.50592]}, {"type": "Feature", "id": "focos_48h_br_todosats.fid--211a0569_19dac319c32_6de9", "geometry": {"type": "Point", "coordinates": [-49.39847, -25.17591]}, "geometry_name": "geometria", "properties": {"id_foco_bdq": 1814770135, "foco_id": "e4f6042d-7d7f-3bd7-b478-85a4e31f9b6a", "longitude": -49.39847, "latitude": -25.17591, "data_hora_gmt": "2026-04-19T17:43:00Z", "data_pas": "2026-04-19", "satelite": "NOAA-21", "municipio": "RIO BRANCO DO SUL", "estado": "PARANÁ", "pais": "Brasil", "precipitacao": 0, "numero_dias_sem_chuva": 2, "risco_fogo": 0.22, "bioma": "Mata Atlântica", "id_0": 33, "id_1": 41, "id_2": 4122206, "continente_id": 8, "vegetacao": "Floresta Ombrófila densa", "grade_wrs": "221_077", "frp": 33.6}, "bbox": [-49.39847, -25.17591, -49.39847, -25.17591]}, {"type": "Feature", "id": "focos_48h_br_todosats.fid--211a0569_19dac319c32_6dea", "geometry": {"type": "Point", "coordinates": [-50.34476, -21.50628]}, "geometry_name": "geometria", "properties": {"id_foco_bdq": 1814769145, "foco_id": "4652bcd1-9e9c-36df-bd79-c68ba5e22b6e", "longitude": -50.34476, "latitude": -21.50628, "data_hora_gmt": "2026-04-19T17:43:00Z", "data_pas": "2026-04-19", "satelite": "NOAA-21", "municipio": "BRAÚNA", "estado": "SÃO PAULO", "pais": "Brasil", "precipitacao": 0, "numero_dias_sem_chuva": 0, "risco_fogo": 0.49, "bioma": "Mata Atlântica", "id_0": 33, "id_1": 35, "id_2": 3507704, "continente_id": 8, "vegetacao": "Pastagens e gramíneas", "grade_wrs": "222_075", "frp": 14.5}, "bbox": [-50.34476, -21.50628, -50.34476, -21.50628]}, {"type": "Feature", "id": "focos_48h_br_todosats.fid--211a0569_19dac319c32_6deb", "geometry": {"type": "Point", "coordinates": [-51.38656, -27.12487]}, "geometry_name": "geometria", "properties": {"id_foco_bdq": 1814769106, "foco_id": "2e62b6d4-a081-3746-9cf1-432b1e9f46e1", "longitude": -51.38656, "latitude": -27.12487, "data_hora_gmt": "2026-04-19T17:43:00Z", "data_pas": "2026-04-19", "satelite": "NOAA-21", "municipio": "IBICARÉ", "estado": "SANTA CATARINA", "pais": "Brasil", "precipitacao": 0, "numero_dias_sem_chuva": 3, "risco_fogo": 0.1, "bioma": "Mata Atlântica", "id_0": 33, "id_1": 42, "id_2": 4206801, "continente_id": 8, "vegetacao": "Floresta Ombrófila densa", "grade_wrs": "222_079", "frp": 11.3}, "bbox": [-51.38656, -27.12487, -51.38656, -27.12487]}, {"type": "Feature", "id": "focos_48h_br_todosats.fid--211a0569_19dac319c32_6dec", "geometry": {"type": "Point", "coordinates": [-51.39815, -26.15375]}, "geometry_name": "geometria", "properties": {"id_foco_bdq": 1814770561, "foco_id": "032d8a52-b5ca-3aaf-9034-cabde632a97d", "longitude": -51.39815, "latitude": -26.15375, "data_hora_gmt": "2026-04-19T17:43:00Z", "data_pas": "2026-04-19", "satelite": "NOAA-21", "municipio": "BITURUNA", "estado": "PARANÁ", "pais": "Brasil", "precipitacao": 0, "numero_dias_sem_chuva": 5, "risco_fogo": 0.11, "bioma": "Mata Atlântica", "id_0": 33, "id_1": 41, "id_2": 4102901, "continente_id": 8, "vegetacao": "Floresta Ombrófila densa", "grade_wrs": "222_078", "frp": 17.3}, "bbox": [-51.39815, -26.15375, -51.39815, -26.15375]}, {"type": "Feature", "id": "focos_48h_br_todosats.fid--211a0569_19dac319c32_6ded", "geometry": {"type": "Point", "coordinates": [-49.601, -25.50041]}, "geometry_name": "geometria", "properties": {"id_foco_bdq": 1814769786, "foco_id": "8bc13ebe-c131-31cc-954c-513e290ce361", "longitude": -49.601, "latitude": -25.50041, "data_hora_gmt": "2026-04-19T17:43:00Z", "data_pas": "2026-04-19", "satelite": "NOAA-21", "municipio": "BALSA NOVA", "estado": "PARANÁ", "pais": "Brasil", "precipitacao": 0, "numero_dias_sem_chuva": 2, "risco_fogo": 0.23, "bioma": "Mata Atlântica", "id_0": 33, "id_1": 41, "id_2": 4102307, "continente_id": 8, "vegetacao": "Floresta Ombrófila densa", "grade_wrs": "221_078", "frp": 12.8}, "bbox": [-49.601, -25.50041, -49.601, -25.50041]}, {"type": "Feature", "id": "focos_48h_br_todosats.fid--211a0569_19dac319c32_6dee", "geometry": {"type": "Point", "coordinates": [-51.39205, -26.15244]}, "geometry_name": "geometria", "properties": {"id_foco_bdq": 1814769024, "foco_id": "952c872e-f4a4-37f7-959f-bfdd780550f3", "longitude": -51.39205, "latitude": -26.15244, "data_hora_gmt": "2026-04-19T17:43:00Z", "data_pas": "2026-04-19", "satelite": "NOAA-21", "municipio": "BITURUNA", "estado": "PARANÁ", "pais": "Brasil", "precipitacao": 0, "numero_dias_sem_chuva": 5, "risco_fogo": 0.11, "bioma": "Mata Atlântica", "id_0": 33, "id_1": 41, "id_2": 4102901, "continente_id": 8, "vegetacao": "Floresta Ombrófila densa", "grade_wrs": "222_078", "frp": 12.4}, "bbox": [-51.39205, -26.15244, -51.39205, -26.15244]}, {"type": "Feature", "id": "focos_48h_br_todosats.fid--211a0569_19dac319c32_6def", "geometry": {"type": "Point", "coordinates": [-52.43095, -27.05369]}, "geometry_name": "geometria", "properties": {"id_foco_bdq": 1814769724, "foco_id": "a3a61c18-54e7-3948-87ce-8eea990b31f3", "longitude": -52.43095, "latitude": -27.05369, "data_hora_gmt": "2026-04-19T17:43:00Z", "data_pas": "2026-04-19", "satelite": "NOAA-21", "municipio": "ARVOREDO", "estado": "SANTA CATARINA", "pais": "Brasil", "precipitacao": 0, "numero_dias_sem_chuva": 3, "risco_fogo": 0.58, "bioma": "Mata Atlântica", "id_0": 33, "id_1": 42, "id_2": 4201653, "continente_id": 8, "vegetacao": "Savana; Caatinga aberta", "grade_wrs": "222_079", "frp": 4.6}, "bbox": [-52.43095, -27.05369, -52.43095, -27.05369]}, {"type": "Feature", "id": "focos_48h_br_todosats.fid--211a0569_19dac319c32_6df0", "geometry": {"type": "Point", "coordinates": [-51.93219, -26.49685]}, "geometry_name": "geometria", "properties": {"id_foco_bdq": 1814767896, "foco_id": "0451435c-b1e1-3fd3-88be-a812bec81bb1", "longitude": -51.93219, "latitude": -26.49685, "data_hora_gmt": "2026-04-19T17:43:00Z", "data_pas": "2026-04-19", "satelite": "NOAA-21", "municipio": "PALMAS", "estado": "PARANÁ", "pais": "Brasil", "precipitacao": 0, "numero_dias_sem_chuva": 3, "risco_fogo": 0.25, "bioma": "Mata Atlântica", "id_0": 33, "id_1": 41, "id_2": 4117602, "continente_id": 8, "vegetacao": "Agricultura e diversos", "grade_wrs": "222_078", "frp": 7.5}, "bbox": [-51.93219, -26.49685, -51.93219, -26.49685]}, {"type": "Feature", "id": "focos_48h_br_todosats.fid--211a0569_19dac319c32_6df1", "geometry": {"type": "Point", "coordinates": [-50.0959, -24.52196]}, "geometry_name": "geometria", "properties": {"id_foco_bdq": 1814767357, "foco_id": "5dcba6f3-5a42-300f-9583-5e3c154bdcae", "longitude": -50.0959, "latitude": -24.52196, "data_hora_gmt": "2026-04-19T17:43:00Z", "data_pas": "2026-04-19", "satelite": "NOAA-21", "municipio": "TIBAGI", "estado": "PARANÁ", "pais": "Brasil", "precipitacao": 0, "numero_dias_sem_chuva": 3, "risco_fogo": 0.74, "bioma": "Cerrado", "id_0": 33, "id_1": 41, "id_2": 4127502, "continente_id": 8, "vegetacao": "Agricultura e diversos", "grade_wrs": "221_077", "frp": 9.2}, "bbox": [-50.0959, -24.52196, -50.0959, -24.52196]}, {"type": "Feature", "id": "focos_48h_br_todosats.fid--211a0569_19dac319c32_6df2", "geometry": {"type": "Point", "coordinates": [-50.40082, -26.79803]}, "geometry_name": "geometria", "properties": {"id_foco_bdq": 1814769508, "foco_id": "817a1070-dc2e-32ea-b4e9-0fea166e3672", "longitude": -50.40082, "latitude": -26.79803, "data_hora_gmt": "2026-04-19T17:43:00Z", "data_pas": "2026-04-19", "satelite": "NOAA-21", "municipio": "SANTA CECÍLIA", "estado": "SANTA CATARINA", "pais": "Brasil", "precipitacao": 0, "numero_dias_sem_chuva": 4, "risco_fogo": 0.1, "bioma": "Mata Atlântica", "id_0": 33, "id_1": 42, "id_2": 4215505, "continente_id": 8, "vegetacao": "Floresta Ombrófila densa", "grade_wrs": "221_079", "frp": 2.1}, "bbox": [-50.40082, -26.79803, -50.40082, -26.79803]}, {"type": "Feature", "id": "focos_48h_br_todosats.fid--211a0569_19dac319c32_6df3", "geometry": {"type": "Point", "coordinates": [-49.25245, -25.68517]}, "geometry_name": "geometria", "properties": {"id_foco_bdq": 1814767621, "foco_id": "05c0c76b-5f65-3f79-813d-e37d4cd9eb50", "longitude": -49.25245, "latitude": -25.68517, "data_hora_gmt": "2026-04-19T17:43:00Z", "data_pas": "2026-04-19", "satelite": "NOAA-21", "municipio": "SÃO JOSÉ DOS PINHAIS", "estado": "PARANÁ", "pais": "Brasil", "precipitacao": 0, "numero_dias_sem_chuva": 2, "risco_fogo": 0.27, "bioma": "Mata Atlântica", "id_0": 33, "id_1": 41, "id_2": 4125506, "continente_id": 8, "vegetacao": "Florestas decíduas e sazonais", "grade_wrs": "220_078", "frp": 2.2}, "bbox": [-49.25245, -25.68517, -49.25245, -25.68517]}, {"type": "Feature", "id": "focos_48h_br_todosats.fid--211a0569_19dac319c32_6df4", "geometry": {"type": "Point", "coordinates": [-48.88208, -23.94837]}, "geometry_name": "geometria", "properties": {"id_foco_bdq": 1814767213, "foco_id": "6fad7c1c-95f3-38b2-8362-779e39975f20", "longitude": -48.88208, "latitude": -23.94837, "data_hora_gmt": "2026-04-19T17:43:00Z", "data_pas": "2026-04-19", "satelite": "NOAA-21", "municipio": "ITAPEVA", "estado": "SÃO PAULO", "pais": "Brasil", "precipitacao": 0, "numero_dias_sem_chuva": 3, "risco_fogo": 1, "bioma": "Cerrado", "id_0": 33, "id_1": 35, "id_2": 3522406, "continente_id": 8, "vegetacao": "Agricultura e diversos", "grade_wrs": "220_077", "frp": 3.8}, "bbox": [-48.88208, -23.94837, -48.88208, -23.94837]}, {"type": "Feature", "id": "focos_48h_br_todosats.fid--211a0569_19dac319c32_6df5", "geometry": {"type": "Point", "coordinates": [-50.12475, -23.90468]}, "geometry_name": "geometria", "properties": {"id_foco_bdq": 1814769356, "foco_id": "ceef4396-91ad-3863-8228-edca69588b7b", "longitude": -50.12475, "latitude": -23.90468, "data_hora_gmt": "2026-04-19T17:43:00Z", "data_pas": "2026-04-19", "satelite": "NOAA-21", "municipio": "PINHALÃO", "estado": "PARANÁ", "pais": "Brasil", "precipitacao": 0, "numero_dias_sem_chuva": 0, "risco_fogo": 0.25, "bioma": "Mata Atlântica", "id_0": 33, "id_1": 41, "id_2": 4119202, "continente_id": 8, "vegetacao": "Savana arbórea; Caatinga fechada", "grade_wrs": "221_077", "frp": 1.3}, "bbox": [-50.12475, -23.90468, -50.12475, -23.90468]}, {"type": "Feature", "id": "focos_48h_br_todosats.fid--211a0569_19dac319c32_6df6", "geometry": {"type": "Point", "coordinates": [-47.73549, -23.06891]}, "geometry_name": "geometria", "properties": {"id_foco_bdq": 1814768056, "foco_id": "0110c37a-f187-3e6a-8c53-ae116e06920b", "longitude": -47.73549, "latitude": -23.06891, "data_hora_gmt": "2026-04-19T17:43:00Z", "data_pas": "2026-04-19", "satelite": "NOAA-21", "municipio": "TIETÊ", "estado": "SÃO PAULO", "pais": "Brasil", "precipitacao": 0, "numero_dias_sem_chuva": 0, "risco_fogo": 0.84, "bioma": "Mata Atlântica", "id_0": 33, "id_1": 35, "id_2": 3554508, "continente_id": 8, "vegetacao": "Pastagens e gramíneas", "grade_wrs": "220_076", "frp": 3.9}, "bbox": [-47.73549, -23.06891, -47.73549, -23.06891]}, {"type": "Feature", "id": "focos_48h_br_todosats.fid--211a0569_19dac319c32_6df7", "geometry": {"type": "Point", "coordinates": [-49.73889, -25.41668]}, "geometry_name": "geometria", "properties": {"id_foco_bdq": 1814768575, "foco_id": "b7db12d7-035b-39df-816d-c467200ab087", "longitude": -49.73889, "latitude": -25.41668, "data_hora_gmt": "2026-04-19T17:43:00Z", "data_pas": "2026-04-19", "satelite": "NOAA-21", "municipio": "BALSA NOVA", "estado": "PARANÁ", "pais": "Brasil", "precipitacao": 0, "numero_dias_sem_chuva": 2, "risco_fogo": 0.97, "bioma": "Mata Atlântica", "id_0": 33, "id_1": 41, "id_2": 4102307, "continente_id": 8, "vegetacao": "Pastagens e gramíneas", "grade_wrs": "221_078", "frp": 6.8}, "bbox": [-49.73889, -25.41668, -49.73889, -25.41668]}, {"type": "Feature", "id": "focos_48h_br_todosats.fid--211a0569_19dac319c32_6df8", "geometry": {"type": "Point", "coordinates": [-48.88058, -23.95414]}, "geometry_name": "geometria", "properties": {"id_foco_bdq": 1814769210, "foco_id": "f47339da-3481-30a8-8ecc-c9e52612dfc9", "longitude": -48.88058, "latitude": -23.95414, "data_hora_gmt": "2026-04-19T17:43:00Z", "data_pas": "2026-04-19", "satelite": "NOAA-21", "municipio": "ITAPEVA", "estado": "SÃO PAULO", "pais": "Brasil", "precipitacao": 0, "numero_dias_sem_chuva": 3, "risco_fogo": 1, "bioma": "Cerrado", "id_0": 33, "id_1": 35, "id_2": 3522406, "continente_id": 8, "vegetacao": "Agricultura e diversos", "grade_wrs": "220_077", "frp": 4.1}, "bbox": [-48.88058, -23.95414, -48.88058, -23.95414]}, {"type": "Feature", "id": "focos_48h_br_todosats.fid--211a0569_19dac319c32_6df9", "geometry": {"type": "Point", "coordinates": [-50.22133, -24.88506]}, "geometry_name": "geometria", "properties": {"id_foco_bdq": 1814767355, "foco_id": "3c4c280d-5b17-3918-95a4-2efde910b34c", "longitude": -50.22133, "latitude": -24.88506, "data_hora_gmt": "2026-04-19T17:43:00Z", "data_pas": "2026-04-19", "satelite": "NOAA-21", "municipio": "CARAMBEÍ", "estado": "PARANÁ", "pais": "Brasil", "precipitacao": 0, "numero_dias_sem_chuva": 2, "risco_fogo": 0.95, "bioma": "Mata Atlântica", "id_0": 33, "id_1": 41, "id_2": 4104659, "continente_id": 8, "vegetacao": "Agricultura e diversos", "grade_wrs": "221_077", "frp": 4.2}, "bbox": [-50.22133, -24.88506, -50.22133, -24.88506]}, {"type": "Feature", "id": "focos_48h_br_todosats.fid--211a0569_19dac319c32_6dfa", "geometry": {"type": "Point", "coordinates": [-51.06709, -15.40563]}, "geometry_name": "geometria", "properties": {"id_foco_bdq": 1814768105, "foco_id": "31f198eb-deaa-31b9-b9dd-1bfe053c8657", "longitude": -51.06709, "latitude": -15.40563, "data_hora_gmt": "2026-04-19T17:45:00Z", "data_pas": "2026-04-19", "satelite": "NOAA-21", "municipio": "BRITÂNIA", "estado": "GOIÁS", "pais": "Brasil", "precipitacao": 0.3, "numero_dias_sem_chuva": 6, "risco_fogo": 0.74, "bioma": "Cerrado", "id_0": 33, "id_1": 52, "id_2": 5203807, "continente_id": 8, "vegetacao": "Pastagens e gramíneas", "grade_wrs": "223_071", "frp": 9.4}, "bbox": [-51.06709, -15.40563, -51.06709, -15.40563]}, {"type": "Feature", "id": "focos_48h_br_todosats.fid--211a0569_19dac319c32_6dfb", "geometry": {"type": "Point", "coordinates": [-52.69234, -17.92836]}, "geometry_name": "geometria", "properties": {"id_foco_bdq": 1814767422, "foco_id": "3e2af740-0c56-370d-a332-90394e028a85", "longitude": -52.69234, "latitude": -17.92836, "data_hora_gmt": "2026-04-19T17:45:00Z", "data_pas": "2026-04-19", "satelite": "NOAA-21", "municipio": "MINEIROS", "estado": "GOIÁS", "pais": "Brasil", "precipitacao": 1.51, "numero_dias_sem_chuva": 4, "risco_fogo": 0.38, "bioma": "Cerrado", "id_0": 33, "id_1": 52, "id_2": 5213103, "continente_id": 8, "vegetacao": "Agricultura e diversos", "grade_wrs": "224_072", "frp": 2.2}, "bbox": [-52.69234, -17.92836, -52.69234, -17.92836]}, {"type": "Feature", "id": "focos_48h_br_todosats.fid--211a0569_19dac319c32_6dfc", "geometry": {"type": "Point", "coordinates": [-51.06392, -15.40673]}, "geometry_name": "geometria", "properties": {"id_foco_bdq": 1814768531, "foco_id": "a93a8cbf-7c62-3a75-86b4-24fae5b5a2d5", "longitude": -51.06392, "latitude": -15.40673, "data_hora_gmt": "2026-04-19T17:45:00Z", "data_pas": "2026-04-19", "satelite": "NOAA-21", "municipio": "BRITÂNIA", "estado": "GOIÁS", "pais": "Brasil", "precipitacao": 0.3, "numero_dias_sem_chuva": 6, "risco_fogo": 0.74, "bioma": "Cerrado", "id_0": 33, "id_1": 52, "id_2": 5203807, "continente_id": 8, "vegetacao": "Pastagens e gramíneas", "grade_wrs": "223_071", "frp": 14.3}, "bbox": [-51.06392, -15.40673, -51.06392, -15.40673]}, {"type": "Feature", "id": "focos_48h_br_todosats.fid--211a0569_19dac319c32_6dfd", "geometry": {"type": "Point", "coordinates": [-52.07522, -14.2813]}, "geometry_name": "geometria", "properties": {"id_foco_bdq": 1814768785, "foco_id": "466b50ed-82ea-3f5d-af64-ab38f185ba83", "longitude": -52.07522, "latitude": -14.2813, "data_hora_gmt": "2026-04-19T17:45:00Z", "data_pas": "2026-04-19", "satelite": "NOAA-21", "municipio": "NOVA NAZARÉ", "estado": "MATO GROSSO", "pais": "Brasil", "precipitacao": 0.74, "numero_dias_sem_chuva": 2, "risco_fogo": 0.13, "bioma": "Cerrado", "id_0": 33, "id_1": 51, "id_2": 5106174, "continente_id": 8, "vegetacao": "Florestas decíduas e sazonais", "grade_wrs": "224_070", "frp": 1}, "bbox": [-52.07522, -14.2813, -52.07522, -14.2813]}, {"type": "Feature", "id": "focos_48h_br_todosats.fid--211a0569_19dac319c32_6dfe", "geometry": {"type": "Point", "coordinates": [-50.76311, -17.50516]}, "geometry_name": "geometria", "properties": {"id_foco_bdq": 1814768969, "foco_id": "5bb33957-362c-3e9a-a579-84ce20bcfbbb", "longitude": -50.76311, "latitude": -17.50516, "data_hora_gmt": "2026-04-19T17:45:00Z", "data_pas": "2026-04-19", "satelite": "NOAA-21", "municipio": "RIO VERDE", "estado": "GOIÁS", "pais": "Brasil", "precipitacao": 0, "numero_dias_sem_chuva": 10, "risco_fogo": 0.39, "bioma": "Cerrado", "id_0": 33, "id_1": 52, "id_2": 5218805, "continente_id": 8, "vegetacao": "Floresta de contato; Campinarana", "grade_wrs": "223_072", "frp": 6.1}, "bbox": [-50.76311, -17.50516, -50.76311, -17.50516]}, {"type": "Feature", "id": "focos_48h_br_todosats.fid--211a0569_19dac319c32_6dff", "geometry": {"type": "Point", "coordinates": [-50.75959, -17.49825]}, "geometry_name": "geometria", "properties": {"id_foco_bdq": 1814769209, "foco_id": "a3cdeb6d-77f0-3a91-99d4-13722a938776", "longitude": -50.75959, "latitude": -17.49825, "data_hora_gmt": "2026-04-19T17:45:00Z", "data_pas": "2026-04-19", "satelite": "NOAA-21", "municipio": "RIO VERDE", "estado": "GOIÁS", "pais": "Brasil", "precipitacao": 0, "numero_dias_sem_chuva": 9, "risco_fogo": 0.73, "bioma": "Cerrado", "id_0": 33, "id_1": 52, "id_2": 5218805, "continente_id": 8, "vegetacao": "Agricultura e diversos", "grade_wrs": "223_072", "frp": 8.5}, "bbox": [-50.75959, -17.49825, -50.75959, -17.49825]}, {"type": "Feature", "id": "focos_48h_br_todosats.fid--211a0569_19dac319c32_6e00", "geometry": {"type": "Point", "coordinates": [-50.76168, -17.51101]}, "geometry_name": "geometria", "properties": {"id_foco_bdq": 1814769610, "foco_id": "ee43e4ea-07e2-302d-b275-164ec9f63962", "longitude": -50.76168, "latitude": -17.51101, "data_hora_gmt": "2026-04-19T17:45:00Z", "data_pas": "2026-04-19", "satelite": "NOAA-21", "municipio": "RIO VERDE", "estado": "GOIÁS", "pais": "Brasil", "precipitacao": 0, "numero_dias_sem_chuva": 10, "risco_fogo": 0.71, "bioma": "Cerrado", "id_0": 33, "id_1": 52, "id_2": 5218805, "continente_id": 8, "vegetacao": "Savana; Caatinga aberta", "grade_wrs": "223_072", "frp": 6.1}, "bbox": [-50.76168, -17.51101, -50.76168, -17.51101]}, {"type": "Feature", "id": "focos_48h_br_todosats.fid--211a0569_19dac319c32_6e01", "geometry": {"type": "Point", "coordinates": [-52.63869, -17.65624]}, "geometry_name": "geometria", "properties": {"id_foco_bdq": 1814769846, "foco_id": "6c639499-90b7-33a4-aee6-d0b5172e410c", "longitude": -52.63869, "latitude": -17.65624, "data_hora_gmt": "2026-04-19T17:45:00Z", "data_pas": "2026-04-19", "satelite": "NOAA-21", "municipio": "MINEIROS", "estado": "GOIÁS", "pais": "Brasil", "precipitacao": 0.1, "numero_dias_sem_chuva": 5, "risco_fogo": 0.74, "bioma": "Cerrado", "id_0": 33, "id_1": 52, "id_2": 5213103, "continente_id": 8, "vegetacao": "Pastagens e gramíneas", "grade_wrs": "224_072", "frp": 2.5}, "bbox": [-52.63869, -17.65624, -52.63869, -17.65624]}, {"type": "Feature", "id": "focos_48h_br_todosats.fid--211a0569_19dac319c32_6e02", "geometry": {"type": "Point", "coordinates": [-50.7646, -17.49932]}, "geometry_name": "geometria", "properties": {"id_foco_bdq": 1814770182, "foco_id": "322f282b-09b8-397a-9b56-f26cdbbe2b81", "longitude": -50.7646, "latitude": -17.49932, "data_hora_gmt": "2026-04-19T17:45:00Z", "data_pas": "2026-04-19", "satelite": "NOAA-21", "municipio": "RIO VERDE", "estado": "GOIÁS", "pais": "Brasil", "precipitacao": 0, "numero_dias_sem_chuva": 9, "risco_fogo": 0.72, "bioma": "Cerrado", "id_0": 33, "id_1": 52, "id_2": 5218805, "continente_id": 8, "vegetacao": "Agricultura e diversos", "grade_wrs": "223_072", "frp": 8.5}, "bbox": [-50.7646, -17.49932, -50.7646, -17.49932]}, {"type": "Feature", "id": "focos_48h_br_todosats.fid--211a0569_19dac319c32_6e03", "geometry": {"type": "Point", "coordinates": [-60.90724, 4.44883]}, "geometry_name": "geometria", "properties": {"id_foco_bdq": 1814767503, "foco_id": "cc9d2940-e8dc-3fdb-86c3-de1cc1ba61f8", "longitude": -60.90724, "latitude": 4.44883, "data_hora_gmt": "2026-04-19T17:52:00Z", "data_pas": "2026-04-19", "satelite": "NOAA-21", "municipio": "PACARAIMA", "estado": "RORAIMA", "pais": "Brasil", "precipitacao": 0.53, "numero_dias_sem_chuva": 0, "risco_fogo": 0.3, "bioma": "Amazônia", "id_0": 33, "id_1": 14, "id_2": 1400456, "continente_id": 8, "vegetacao": "Savana; Caatinga aberta", "grade_wrs": "232_057", "frp": 9.8}, "bbox": [-60.90724, 4.44883, -60.90724, 4.44883]}, {"type": "Feature", "id": "focos_48h_br_todosats.fid--211a0569_19dac319c32_6e04", "geometry": {"type": "Point", "coordinates": [-60.30518, 4.76633]}, "geometry_name": "geometria", "properties": {"id_foco_bdq": 1814767047, "foco_id": "3910f240-5e06-3edd-884a-bfde832bab4f", "longitude": -60.30518, "latitude": 4.76633, "data_hora_gmt": "2026-04-19T17:52:00Z", "data_pas": "2026-04-19", "satelite": "NOAA-21", "municipio": "UIRAMUTÃ", "estado": "RORAIMA", "pais": "Brasil", "precipitacao": 0.9, "numero_dias_sem_chuva": 0, "risco_fogo": 0.09, "bioma": "Amazônia", "id_0": 33, "id_1": 14, "id_2": 1400704, "continente_id": 8, "vegetacao": "Savana; Caatinga aberta", "grade_wrs": "232_057", "frp": 10.7}, "bbox": [-60.30518, 4.76633, -60.30518, 4.76633]}, {"type": "Feature", "id": "focos_48h_br_todosats.fid--211a0569_19dac319c32_6e05", "geometry": {"type": "Point", "coordinates": [-60.55412, 2.32039]}, "geometry_name": "geometria", "properties": {"id_foco_bdq": 1814769805, "foco_id": "23f22171-0cef-321b-959c-43bbdb5330dc", "longitude": -60.55412, "latitude": 2.32039, "data_hora_gmt": "2026-04-19T17:52:00Z", "data_pas": "2026-04-19", "satelite": "NOAA-21", "municipio": "CANTÁ", "estado": "RORAIMA", "pais": "Brasil", "precipitacao": 0.27, "numero_dias_sem_chuva": 0, "risco_fogo": 0.23, "bioma": "Amazônia", "id_0": 33, "id_1": 14, "id_2": 1400175, "continente_id": 8, "vegetacao": "Floresta Ombrófila densa", "grade_wrs": "232_058", "frp": 4.2}, "bbox": [-60.55412, 2.32039, -60.55412, 2.32039]}, {"type": "Feature", "id": "focos_48h_br_todosats.fid--211a0569_19dac319c32_6e06", "geometry": {"type": "Point", "coordinates": [-60.17363, 4.62581]}, "geometry_name": "geometria", "properties": {"id_foco_bdq": 1814769235, "foco_id": "7f4eb5f5-e58b-34ca-a1e0-139a63987bde", "longitude": -60.17363, "latitude": 4.62581, "data_hora_gmt": "2026-04-19T17:52:00Z", "data_pas": "2026-04-19", "satelite": "NOAA-21", "municipio": "UIRAMUTÃ", "estado": "RORAIMA", "pais": "Brasil", "precipitacao": 1.09, "numero_dias_sem_chuva": 0, "risco_fogo": 0.78, "bioma": "Amazônia", "id_0": 33, "id_1": 14, "id_2": 1400704, "continente_id": 8, "vegetacao": "Pastagens e gramíneas", "grade_wrs": "232_057", "frp": 15.4}, "bbox": [-60.17363, 4.62581, -60.17363, 4.62581]}, {"type": "Feature", "id": "focos_48h_br_todosats.fid--211a0569_19dac319c32_6e07", "geometry": {"type": "Point", "coordinates": [-50.78095, -28.88626]}, "geometry_name": "geometria", "properties": {"id_foco_bdq": 1814763156, "foco_id": "8183296a-0986-33d2-88a8-8e2a38e3399b", "longitude": -50.78095, "latitude": -28.88626, "data_hora_gmt": "2026-04-19T18:13:00Z", "data_pas": "2026-04-19", "satelite": "NPP-375", "municipio": "SÃO FRANCISCO DE PAULA", "estado": "RIO GRANDE DO SUL", "pais": "Brasil", "precipitacao": 0, "numero_dias_sem_chuva": 2, "risco_fogo": 0.2, "bioma": "Mata Atlântica", "id_0": 33, "id_1": 43, "id_2": 4318200, "continente_id": 8, "vegetacao": "Floresta Ombrófila densa", "grade_wrs": "221_080", "frp": 10.4}, "bbox": [-50.78095, -28.88626, -50.78095, -28.88626]}, {"type": "Feature", "id": "focos_48h_br_todosats.fid--211a0569_19dac319c32_6e08", "geometry": {"type": "Point", "coordinates": [-50.41396, -27.53906]}, "geometry_name": "geometria", "properties": {"id_foco_bdq": 1814763428, "foco_id": "7cdbe031-c867-3592-9b64-536e0b600225", "longitude": -50.41396, "latitude": -27.53906, "data_hora_gmt": "2026-04-19T18:13:00Z", "data_pas": "2026-04-19", "satelite": "NPP-375", "municipio": "CORREIA PINTO", "estado": "SANTA CATARINA", "pais": "Brasil", "precipitacao": 0, "numero_dias_sem_chuva": 2, "risco_fogo": 0.17, "bioma": "Mata Atlântica", "id_0": 33, "id_1": 42, "id_2": 4204558, "continente_id": 8, "vegetacao": "Floresta Ombrófila densa", "grade_wrs": "221_079", "frp": 11.8}, "bbox": [-50.41396, -27.53906, -50.41396, -27.53906]}, {"type": "Feature", "id": "focos_48h_br_todosats.fid--211a0569_19dac319c32_6e09", "geometry": {"type": "Point", "coordinates": [-51.92876, -26.49578]}, "geometry_name": "geometria", "properties": {"id_foco_bdq": 1814763084, "foco_id": "88c2852b-7b22-3e93-97e5-dc8b0b1920e7", "longitude": -51.92876, "latitude": -26.49578, "data_hora_gmt": "2026-04-19T18:13:00Z", "data_pas": "2026-04-19", "satelite": "NPP-375", "municipio": "PALMAS", "estado": "PARANÁ", "pais": "Brasil", "precipitacao": 0, "numero_dias_sem_chuva": 3, "risco_fogo": 0.25, "bioma": "Mata Atlântica", "id_0": 33, "id_1": 41, "id_2": 4117602, "continente_id": 8, "vegetacao": "Agricultura e diversos", "grade_wrs": "222_078", "frp": 23.5}, "bbox": [-51.92876, -26.49578, -51.92876, -26.49578]}, {"type": "Feature", "id": "focos_48h_br_todosats.fid--211a0569_19dac319c32_6e0a", "geometry": {"type": "Point", "coordinates": [-50.26678, -27.6942]}, "geometry_name": "geometria", "properties": {"id_foco_bdq": 1814765910, "foco_id": "3733da9a-ce32-31ae-b667-f99d3bfc8ebb", "longitude": -50.26678, "latitude": -27.6942, "data_hora_gmt": "2026-04-19T18:13:00Z", "data_pas": "2026-04-19", "satelite": "NPP-375", "municipio": "LAGES", "estado": "SANTA CATARINA", "pais": "Brasil", "precipitacao": 0, "numero_dias_sem_chuva": 2, "risco_fogo": 0.6, "bioma": "Mata Atlântica", "id_0": 33, "id_1": 42, "id_2": 4209300, "continente_id": 8, "vegetacao": "Savana; Caatinga aberta", "grade_wrs": "221_079", "frp": 109.6}, "bbox": [-50.26678, -27.6942, -50.26678, -27.6942]}, {"type": "Feature", "id": "focos_48h_br_todosats.fid--211a0569_19dac319c32_6e0b", "geometry": {"type": "Point", "coordinates": [-49.97055, -27.75082]}, "geometry_name": "geometria", "properties": {"id_foco_bdq": 1814763537, "foco_id": "3dfde320-4924-37d1-b80b-fc591205b40e", "longitude": -49.97055, "latitude": -27.75082, "data_hora_gmt": "2026-04-19T18:13:00Z", "data_pas": "2026-04-19", "satelite": "NPP-375", "municipio": "BOCAINA DO SUL", "estado": "SANTA CATARINA", "pais": "Brasil", "precipitacao": 0, "numero_dias_sem_chuva": 2, "risco_fogo": 0.15, "bioma": "Mata Atlântica", "id_0": 33, "id_1": 42, "id_2": 4202438, "continente_id": 8, "vegetacao": "Floresta Ombrófila densa", "grade_wrs": "220_079", "frp": 18.7}, "bbox": [-49.97055, -27.75082, -49.97055, -27.75082]}, {"type": "Feature", "id": "focos_48h_br_todosats.fid--211a0569_19dac319c32_6e0c", "geometry": {"type": "Point", "coordinates": [-50.78159, -28.88523]}, "geometry_name": "geometria", "properties": {"id_foco_bdq": 1814766158, "foco_id": "e59c8f27-fd9c-329d-898e-a2fcc4f9c489", "longitude": -50.78159, "latitude": -28.88523, "data_hora_gmt": "2026-04-19T18:13:00Z", "data_pas": "2026-04-19", "satelite": "NPP-375", "municipio": "SÃO FRANCISCO DE PAULA", "estado": "RIO GRANDE DO SUL", "pais": "Brasil", "precipitacao": 0, "numero_dias_sem_chuva": 2, "risco_fogo": 0.2, "bioma": "Mata Atlântica", "id_0": 33, "id_1": 43, "id_2": 4318200, "continente_id": 8, "vegetacao": "Floresta Ombrófila densa", "grade_wrs": "221_080", "frp": 6.5}, "bbox": [-50.78159, -28.88523, -50.78159, -28.88523]}, {"type": "Feature", "id": "focos_48h_br_todosats.fid--211a0569_19dac319c32_6e0d", "geometry": {"type": "Point", "coordinates": [-50.71144, -27.50543]}, "geometry_name": "geometria", "properties": {"id_foco_bdq": 1814765643, "foco_id": "8c3bf675-623a-30e5-9fca-cfbcb5a75b6a", "longitude": -50.71144, "latitude": -27.50543, "data_hora_gmt": "2026-04-19T18:13:00Z", "data_pas": "2026-04-19", "satelite": "NPP-375", "municipio": "SÃO JOSÉ DO CERRITO", "estado": "SANTA CATARINA", "pais": "Brasil", "precipitacao": 0, "numero_dias_sem_chuva": 3, "risco_fogo": 0.19, "bioma": "Mata Atlântica", "id_0": 33, "id_1": 42, "id_2": 4216800, "continente_id": 8, "vegetacao": "Florestas decíduas e sazonais", "grade_wrs": "221_079", "frp": 3.6}, "bbox": [-50.71144, -27.50543, -50.71144, -27.50543]}, {"type": "Feature", "id": "focos_48h_br_todosats.fid--211a0569_19dac319c32_6e0e", "geometry": {"type": "Point", "coordinates": [-50.26915, -27.68727]}, "geometry_name": "geometria", "properties": {"id_foco_bdq": 1814763620, "foco_id": "9230d562-a234-3761-9c41-73d5d73e7b91", "longitude": -50.26915, "latitude": -27.68727, "data_hora_gmt": "2026-04-19T18:13:00Z", "data_pas": "2026-04-19", "satelite": "NPP-375", "municipio": "LAGES", "estado": "SANTA CATARINA", "pais": "Brasil", "precipitacao": 0, "numero_dias_sem_chuva": 2, "risco_fogo": 0.6, "bioma": "Mata Atlântica", "id_0": 33, "id_1": 42, "id_2": 4209300, "continente_id": 8, "vegetacao": "Savana; Caatinga aberta", "grade_wrs": "221_079", "frp": 280.7}, "bbox": [-50.26915, -27.68727, -50.26915, -27.68727]}, {"type": "Feature", "id": "focos_48h_br_todosats.fid--211a0569_19dac319c32_6e0f", "geometry": {"type": "Point", "coordinates": [-50.39883, -26.79965]}, "geometry_name": "geometria", "properties": {"id_foco_bdq": 1814765606, "foco_id": "99480064-a559-3d34-8547-a78443fb1418", "longitude": -50.39883, "latitude": -26.79965, "data_hora_gmt": "2026-04-19T18:13:00Z", "data_pas": "2026-04-19", "satelite": "NPP-375", "municipio": "SANTA CECÍLIA", "estado": "SANTA CATARINA", "pais": "Brasil", "precipitacao": 0, "numero_dias_sem_chuva": 4, "risco_fogo": 0.1, "bioma": "Mata Atlântica", "id_0": 33, "id_1": 42, "id_2": 4215505, "continente_id": 8, "vegetacao": "Floresta Ombrófila densa", "grade_wrs": "221_079", "frp": 8.7}, "bbox": [-50.39883, -26.79965, -50.39883, -26.79965]}, {"type": "Feature", "id": "focos_48h_br_todosats.fid--211a0569_19dac319c32_6e10", "geometry": {"type": "Point", "coordinates": [-50.27282, -27.6853]}, "geometry_name": "geometria", "properties": {"id_foco_bdq": 1814763647, "foco_id": "6ca7d85c-2cd9-35a5-844d-5acb6d4012ca", "longitude": -50.27282, "latitude": -27.6853, "data_hora_gmt": "2026-04-19T18:13:00Z", "data_pas": "2026-04-19", "satelite": "NPP-375", "municipio": "LAGES", "estado": "SANTA CATARINA", "pais": "Brasil", "precipitacao": 0, "numero_dias_sem_chuva": 2, "risco_fogo": 0.47, "bioma": "Mata Atlântica", "id_0": 33, "id_1": 42, "id_2": 4209300, "continente_id": 8, "vegetacao": "Savana arbórea; Caatinga fechada", "grade_wrs": "221_079", "frp": 32.8}, "bbox": [-50.27282, -27.6853, -50.27282, -27.6853]}, {"type": "Feature", "id": "focos_48h_br_todosats.fid--211a0569_19dac319c32_6e11", "geometry": {"type": "Point", "coordinates": [-50.26361, -27.69033]}, "geometry_name": "geometria", "properties": {"id_foco_bdq": 1814765365, "foco_id": "f4906892-1c3a-3900-b3f2-9d07735f2f18", "longitude": -50.26361, "latitude": -27.69033, "data_hora_gmt": "2026-04-19T18:13:00Z", "data_pas": "2026-04-19", "satelite": "NPP-375", "municipio": "LAGES", "estado": "SANTA CATARINA", "pais": "Brasil", "precipitacao": 0, "numero_dias_sem_chuva": 2, "risco_fogo": 0.6, "bioma": "Mata Atlântica", "id_0": 33, "id_1": 42, "id_2": 4209300, "continente_id": 8, "vegetacao": "Savana; Caatinga aberta", "grade_wrs": "221_079", "frp": 235.5}, "bbox": [-50.26361, -27.69033, -50.26361, -27.69033]}, {"type": "Feature", "id": "focos_48h_br_todosats.fid--211a0569_19dac319c32_6e12", "geometry": {"type": "Point", "coordinates": [-51.92933, -26.50024]}, "geometry_name": "geometria", "properties": {"id_foco_bdq": 1814766392, "foco_id": "6ec845e9-b2b7-3786-8dfb-459df69c0e86", "longitude": -51.92933, "latitude": -26.50024, "data_hora_gmt": "2026-04-19T18:13:00Z", "data_pas": "2026-04-19", "satelite": "NPP-375", "municipio": "PALMAS", "estado": "PARANÁ", "pais": "Brasil", "precipitacao": 0, "numero_dias_sem_chuva": 3, "risco_fogo": 0.25, "bioma": "Mata Atlântica", "id_0": 33, "id_1": 41, "id_2": 4117602, "continente_id": 8, "vegetacao": "Agricultura e diversos", "grade_wrs": "222_078", "frp": 26}, "bbox": [-51.92933, -26.50024, -51.92933, -26.50024]}, {"type": "Feature", "id": "focos_48h_br_todosats.fid--211a0569_19dac319c32_6e13", "geometry": {"type": "Point", "coordinates": [-49.97786, -27.7529]}, "geometry_name": "geometria", "properties": {"id_foco_bdq": 1814762938, "foco_id": "084c5072-b848-3aef-aa6a-73a9d90971e4", "longitude": -49.97786, "latitude": -27.7529, "data_hora_gmt": "2026-04-19T18:13:00Z", "data_pas": "2026-04-19", "satelite": "NPP-375", "municipio": "BOCAINA DO SUL", "estado": "SANTA CATARINA", "pais": "Brasil", "precipitacao": 0, "numero_dias_sem_chuva": 2, "risco_fogo": 0.15, "bioma": "Mata Atlântica", "id_0": 33, "id_1": 42, "id_2": 4202438, "continente_id": 8, "vegetacao": "Floresta Ombrófila densa", "grade_wrs": "220_079", "frp": 24.3}, "bbox": [-49.97786, -27.7529, -49.97786, -27.7529]}, {"type": "Feature", "id": "focos_48h_br_todosats.fid--211a0569_19dac319c32_6e14", "geometry": {"type": "Point", "coordinates": [-50.44681, -29.67877]}, "geometry_name": "geometria", "properties": {"id_foco_bdq": 1814764080, "foco_id": "60f99cf6-8108-3e1b-86b2-a7687a6d82d0", "longitude": -50.44681, "latitude": -29.67877, "data_hora_gmt": "2026-04-19T18:13:00Z", "data_pas": "2026-04-19", "satelite": "NPP-375", "municipio": "RIOZINHO", "estado": "RIO GRANDE DO SUL", "pais": "Brasil", "precipitacao": 0, "numero_dias_sem_chuva": 2, "risco_fogo": 0.3, "bioma": "Mata Atlântica", "id_0": 33, "id_1": 43, "id_2": 4315750, "continente_id": 8, "vegetacao": "Floresta Ombrófila densa", "grade_wrs": "220_081", "frp": 4.7}, "bbox": [-50.44681, -29.67877, -50.44681, -29.67877]}, {"type": "Feature", "id": "focos_48h_br_todosats.fid--211a0569_19dac319c32_6e15", "geometry": {"type": "Point", "coordinates": [-50.78515, -27.90574]}, "geometry_name": "geometria", "properties": {"id_foco_bdq": 1814763237, "foco_id": "45cc8102-b7aa-3d4d-91d8-798070dc4dd6", "longitude": -50.78515, "latitude": -27.90574, "data_hora_gmt": "2026-04-19T18:13:00Z", "data_pas": "2026-04-19", "satelite": "NPP-375", "municipio": "CAMPO BELO DO SUL", "estado": "SANTA CATARINA", "pais": "Brasil", "precipitacao": 0, "numero_dias_sem_chuva": 3, "risco_fogo": 0.62, "bioma": "Mata Atlântica", "id_0": 33, "id_1": 42, "id_2": 4203402, "continente_id": 8, "vegetacao": "Agricultura e diversos", "grade_wrs": "221_079", "frp": 3.5}, "bbox": [-50.78515, -27.90574, -50.78515, -27.90574]}, {"type": "Feature", "id": "focos_48h_br_todosats.fid--211a0569_19dac319c32_6e16", "geometry": {"type": "Point", "coordinates": [-50.42218, -27.54136]}, "geometry_name": "geometria", "properties": {"id_foco_bdq": 1814763285, "foco_id": "2c457939-a599-3ee8-8b42-b1d570e0a4fa", "longitude": -50.42218, "latitude": -27.54136, "data_hora_gmt": "2026-04-19T18:13:00Z", "data_pas": "2026-04-19", "satelite": "NPP-375", "municipio": "CORREIA PINTO", "estado": "SANTA CATARINA", "pais": "Brasil", "precipitacao": 0, "numero_dias_sem_chuva": 2, "risco_fogo": 0.17, "bioma": "Mata Atlântica", "id_0": 33, "id_1": 42, "id_2": 4204558, "continente_id": 8, "vegetacao": "Floresta Ombrófila densa", "grade_wrs": "221_079", "frp": 11.8}, "bbox": [-50.42218, -27.54136, -50.42218, -27.54136]}, {"type": "Feature", "id": "focos_48h_br_todosats.fid--211a0569_19dac319c32_6e17", "geometry": {"type": "Point", "coordinates": [-50.40339, -29.84333]}, "geometry_name": "geometria", "properties": {"id_foco_bdq": 1814764622, "foco_id": "64973509-563f-3dad-bd2c-88c7d4ff152f", "longitude": -50.40339, "latitude": -29.84333, "data_hora_gmt": "2026-04-19T18:13:00Z", "data_pas": "2026-04-19", "satelite": "NPP-375", "municipio": "SANTO ANTÔNIO DA PATRULHA", "estado": "RIO GRANDE DO SUL", "pais": "Brasil", "precipitacao": 0, "numero_dias_sem_chuva": 2, "risco_fogo": 0.34, "bioma": "Mata Atlântica", "id_0": 33, "id_1": 43, "id_2": 4317608, "continente_id": 8, "vegetacao": "Florestas decíduas e sazonais", "grade_wrs": "220_081", "frp": 3.7}, "bbox": [-50.40339, -29.84333, -50.40339, -29.84333]}, {"type": "Feature", "id": "focos_48h_br_todosats.fid--211a0569_19dac319c32_6e18", "geometry": {"type": "Point", "coordinates": [-50.78358, -27.90576]}, "geometry_name": "geometria", "properties": {"id_foco_bdq": 1814765977, "foco_id": "be897b82-e211-3dec-aa11-94d59ee56406", "longitude": -50.78358, "latitude": -27.90576, "data_hora_gmt": "2026-04-19T18:13:00Z", "data_pas": "2026-04-19", "satelite": "NPP-375", "municipio": "CAMPO BELO DO SUL", "estado": "SANTA CATARINA", "pais": "Brasil", "precipitacao": 0, "numero_dias_sem_chuva": 3, "risco_fogo": 0.59, "bioma": "Mata Atlântica", "id_0": 33, "id_1": 42, "id_2": 4203402, "continente_id": 8, "vegetacao": "Agricultura e diversos", "grade_wrs": "221_079", "frp": 6.3}, "bbox": [-50.78358, -27.90576, -50.78358, -27.90576]}, {"type": "Feature", "id": "focos_48h_br_todosats.fid--211a0569_19dac319c32_6e19", "geometry": {"type": "Point", "coordinates": [-50.27369, -27.69616]}, "geometry_name": "geometria", "properties": {"id_foco_bdq": 1814766376, "foco_id": "d8a52297-d373-3eaa-97e5-e380778dbd4b", "longitude": -50.27369, "latitude": -27.69616, "data_hora_gmt": "2026-04-19T18:13:00Z", "data_pas": "2026-04-19", "satelite": "NPP-375", "municipio": "LAGES", "estado": "SANTA CATARINA", "pais": "Brasil", "precipitacao": 0, "numero_dias_sem_chuva": 2, "risco_fogo": 0.45, "bioma": "Mata Atlântica", "id_0": 33, "id_1": 42, "id_2": 4209300, "continente_id": 8, "vegetacao": "Savana arbórea; Caatinga fechada", "grade_wrs": "221_079", "frp": 40.4}, "bbox": [-50.27369, -27.69616, -50.27369, -27.69616]}, {"type": "Feature", "id": "focos_48h_br_todosats.fid--211a0569_19dac319c32_6e1a", "geometry": {"type": "Point", "coordinates": [-50.78119, -27.91247]}, "geometry_name": "geometria", "properties": {"id_foco_bdq": 1814764037, "foco_id": "bd6ae9ba-bccf-36f0-b7d3-7d3037257d0a", "longitude": -50.78119, "latitude": -27.91247, "data_hora_gmt": "2026-04-19T18:13:00Z", "data_pas": "2026-04-19", "satelite": "NPP-375", "municipio": "CAMPO BELO DO SUL", "estado": "SANTA CATARINA", "pais": "Brasil", "precipitacao": 0, "numero_dias_sem_chuva": 3, "risco_fogo": 0.68, "bioma": "Mata Atlântica", "id_0": 33, "id_1": 42, "id_2": 4203402, "continente_id": 8, "vegetacao": "Agricultura e diversos", "grade_wrs": "221_079", "frp": 4.4}, "bbox": [-50.78119, -27.91247, -50.78119, -27.91247]}, {"type": "Feature", "id": "focos_48h_br_todosats.fid--211a0569_19dac319c32_6e1b", "geometry": {"type": "Point", "coordinates": [-50.50987, -27.9748]}, "geometry_name": "geometria", "properties": {"id_foco_bdq": 1814764292, "foco_id": "a526b6a6-84cb-397b-a199-bc474a8c5983", "longitude": -50.50987, "latitude": -27.9748, "data_hora_gmt": "2026-04-19T18:13:00Z", "data_pas": "2026-04-19", "satelite": "NPP-375", "municipio": "CAPÃO ALTO", "estado": "SANTA CATARINA", "pais": "Brasil", "precipitacao": 0, "numero_dias_sem_chuva": 4, "risco_fogo": 0.56, "bioma": "Mata Atlântica", "id_0": 33, "id_1": 42, "id_2": 4203253, "continente_id": 8, "vegetacao": "Savana; Caatinga aberta", "grade_wrs": "221_079", "frp": 6.4}, "bbox": [-50.50987, -27.9748, -50.50987, -27.9748]}, {"type": "Feature", "id": "focos_48h_br_todosats.fid--211a0569_19dac319c32_6e1c", "geometry": {"type": "Point", "coordinates": [-50.27581, -27.68916]}, "geometry_name": "geometria", "properties": {"id_foco_bdq": 1814763756, "foco_id": "24b2badf-d5ee-394f-90cf-a2b6921b30e7", "longitude": -50.27581, "latitude": -27.68916, "data_hora_gmt": "2026-04-19T18:13:00Z", "data_pas": "2026-04-19", "satelite": "NPP-375", "municipio": "LAGES", "estado": "SANTA CATARINA", "pais": "Brasil", "precipitacao": 0, "numero_dias_sem_chuva": 2, "risco_fogo": 0.35, "bioma": "Mata Atlântica", "id_0": 33, "id_1": 42, "id_2": 4209300, "continente_id": 8, "vegetacao": "Floresta de contato; Campinarana", "grade_wrs": "221_079", "frp": 93.1}, "bbox": [-50.27581, -27.68916, -50.27581, -27.68916]}, {"type": "Feature", "id": "focos_48h_br_todosats.fid--211a0569_19dac319c32_6e1d", "geometry": {"type": "Point", "coordinates": [-50.39925, -26.80131]}, "geometry_name": "geometria", "properties": {"id_foco_bdq": 1814763858, "foco_id": "c9a97a74-4512-3e40-a7cf-06c569232cc9", "longitude": -50.39925, "latitude": -26.80131, "data_hora_gmt": "2026-04-19T18:13:00Z", "data_pas": "2026-04-19", "satelite": "NPP-375", "municipio": "SANTA CECÍLIA", "estado": "SANTA CATARINA", "pais": "Brasil", "precipitacao": 0, "numero_dias_sem_chuva": 4, "risco_fogo": 0.1, "bioma": "Mata Atlântica", "id_0": 33, "id_1": 42, "id_2": 4215505, "continente_id": 8, "vegetacao": "Floresta Ombrófila densa", "grade_wrs": "221_079", "frp": 6.2}, "bbox": [-50.39925, -26.80131, -50.39925, -26.80131]}, {"type": "Feature", "id": "focos_48h_br_todosats.fid--211a0569_19dac319c32_6e1e", "geometry": {"type": "Point", "coordinates": [-50.04875, -27.663]}, "geometry_name": "geometria", "properties": {"id_foco_bdq": 1814763872, "foco_id": "89cc8a64-d329-39b5-a201-5483993dde3e", "longitude": -50.04875, "latitude": -27.663, "data_hora_gmt": "2026-04-19T18:13:00Z", "data_pas": "2026-04-19", "satelite": "NPP-375", "municipio": "LAGES", "estado": "SANTA CATARINA", "pais": "Brasil", "precipitacao": 0, "numero_dias_sem_chuva": 3, "risco_fogo": 0.18, "bioma": "Mata Atlântica", "id_0": 33, "id_1": 42, "id_2": 4209300, "continente_id": 8, "vegetacao": "Floresta Ombrófila densa", "grade_wrs": "221_079", "frp": 3.2}, "bbox": [-50.04875, -27.663, -50.04875, -27.663]}, {"type": "Feature", "id": "focos_48h_br_todosats.fid--211a0569_19dac319c32_6e1f", "geometry": {"type": "Point", "coordinates": [-49.97012, -27.7584]}, "geometry_name": "geometria", "properties": {"id_foco_bdq": 1814763983, "foco_id": "c2e461cb-d258-3b9f-a61f-b833acfadcd8", "longitude": -49.97012, "latitude": -27.7584, "data_hora_gmt": "2026-04-19T18:13:00Z", "data_pas": "2026-04-19", "satelite": "NPP-375", "municipio": "BOCAINA DO SUL", "estado": "SANTA CATARINA", "pais": "Brasil", "precipitacao": 0, "numero_dias_sem_chuva": 2, "risco_fogo": 0.15, "bioma": "Mata Atlântica", "id_0": 33, "id_1": 42, "id_2": 4202438, "continente_id": 8, "vegetacao": "Floresta Ombrófila densa", "grade_wrs": "220_079", "frp": 18.7}, "bbox": [-49.97012, -27.7584, -49.97012, -27.7584]}, {"type": "Feature", "id": "focos_48h_br_todosats.fid--211a0569_19dac319c32_6e20", "geometry": {"type": "Point", "coordinates": [-50.27053, -27.69225]}, "geometry_name": "geometria", "properties": {"id_foco_bdq": 1814764687, "foco_id": "f5772bb2-3ad9-3856-a923-ed048edebd2b", "longitude": -50.27053, "latitude": -27.69225, "data_hora_gmt": "2026-04-19T18:13:00Z", "data_pas": "2026-04-19", "satelite": "NPP-375", "municipio": "LAGES", "estado": "SANTA CATARINA", "pais": "Brasil", "precipitacao": 0, "numero_dias_sem_chuva": 2, "risco_fogo": 0.57, "bioma": "Mata Atlântica", "id_0": 33, "id_1": 42, "id_2": 4209300, "continente_id": 8, "vegetacao": "Savana; Caatinga aberta", "grade_wrs": "221_079", "frp": 286.9}, "bbox": [-50.27053, -27.69225, -50.27053, -27.69225]}, {"type": "Feature", "id": "focos_48h_br_todosats.fid--211a0569_19dac319c32_6e21", "geometry": {"type": "Point", "coordinates": [-50.78279, -27.91245]}, "geometry_name": "geometria", "properties": {"id_foco_bdq": 1814764677, "foco_id": "e5d77546-d7c8-3a3e-b487-e4637bd6783e", "longitude": -50.78279, "latitude": -27.91245, "data_hora_gmt": "2026-04-19T18:13:00Z", "data_pas": "2026-04-19", "satelite": "NPP-375", "municipio": "CAMPO BELO DO SUL", "estado": "SANTA CATARINA", "pais": "Brasil", "precipitacao": 0, "numero_dias_sem_chuva": 3, "risco_fogo": 0.69, "bioma": "Mata Atlântica", "id_0": 33, "id_1": 42, "id_2": 4203402, "continente_id": 8, "vegetacao": "Agricultura e diversos", "grade_wrs": "221_079", "frp": 3.5}, "bbox": [-50.78279, -27.91245, -50.78279, -27.91245]}, {"type": "Feature", "id": "focos_48h_br_todosats.fid--211a0569_19dac319c32_6e22", "geometry": {"type": "Point", "coordinates": [-51.39729, -26.14873]}, "geometry_name": "geometria", "properties": {"id_foco_bdq": 1814765146, "foco_id": "2161f5f4-f53e-30a4-bb66-baea2b619b14", "longitude": -51.39729, "latitude": -26.14873, "data_hora_gmt": "2026-04-19T18:15:00Z", "data_pas": "2026-04-19", "satelite": "NPP-375", "municipio": "BITURUNA", "estado": "PARANÁ", "pais": "Brasil", "precipitacao": 0, "numero_dias_sem_chuva": 5, "risco_fogo": 0.11, "bioma": "Mata Atlântica", "id_0": 33, "id_1": 41, "id_2": 4102901, "continente_id": 8, "vegetacao": "Floresta Ombrófila densa", "grade_wrs": "222_078", "frp": 6.4}, "bbox": [-51.39729, -26.14873, -51.39729, -26.14873]}, {"type": "Feature", "id": "focos_48h_br_todosats.fid--211a0569_19dac319c32_6e23", "geometry": {"type": "Point", "coordinates": [-51.39728, -26.15493]}, "geometry_name": "geometria", "properties": {"id_foco_bdq": 1814765510, "foco_id": "8adb062a-eaac-3f17-80b3-a5975f0d4ecb", "longitude": -51.39728, "latitude": -26.15493, "data_hora_gmt": "2026-04-19T18:15:00Z", "data_pas": "2026-04-19", "satelite": "NPP-375", "municipio": "BITURUNA", "estado": "PARANÁ", "pais": "Brasil", "precipitacao": 0, "numero_dias_sem_chuva": 5, "risco_fogo": 0.11, "bioma": "Mata Atlântica", "id_0": 33, "id_1": 41, "id_2": 4102901, "continente_id": 8, "vegetacao": "Floresta Ombrófila densa", "grade_wrs": "222_078", "frp": 11.2}, "bbox": [-51.39728, -26.15493, -51.39728, -26.15493]}, {"type": "Feature", "id": "focos_48h_br_todosats.fid--211a0569_19dac319c32_6e24", "geometry": {"type": "Point", "coordinates": [-54.22478, -24.97419]}, "geometry_name": "geometria", "properties": {"id_foco_bdq": 1814763758, "foco_id": "5d9f6154-128c-3a78-9454-6c727b4a747f", "longitude": -54.22478, "latitude": -24.97419, "data_hora_gmt": "2026-04-19T18:15:00Z", "data_pas": "2026-04-19", "satelite": "NPP-375", "municipio": "SANTA HELENA", "estado": "PARANÁ", "pais": "Brasil", "precipitacao": 0, "numero_dias_sem_chuva": 3, "risco_fogo": 0.59, "bioma": "Mata Atlântica", "id_0": 33, "id_1": 41, "id_2": 4123501, "continente_id": 8, "vegetacao": "Agricultura e diversos", "grade_wrs": "224_077", "frp": 4.6}, "bbox": [-54.22478, -24.97419, -54.22478, -24.97419]}, {"type": "Feature", "id": "focos_48h_br_todosats.fid--211a0569_19dac319c32_6e25", "geometry": {"type": "Point", "coordinates": [-51.70218, -25.9896]}, "geometry_name": "geometria", "properties": {"id_foco_bdq": 1814765035, "foco_id": "bc0e8ebc-e873-3aaa-b8c5-92847d4d7fc5", "longitude": -51.70218, "latitude": -25.9896, "data_hora_gmt": "2026-04-19T18:15:00Z", "data_pas": "2026-04-19", "satelite": "NPP-375", "municipio": "BITURUNA", "estado": "PARANÁ", "pais": "Brasil", "precipitacao": 0, "numero_dias_sem_chuva": 3, "risco_fogo": 0.21, "bioma": "Mata Atlântica", "id_0": 33, "id_1": 41, "id_2": 4102901, "continente_id": 8, "vegetacao": "Florestas decíduas e sazonais", "grade_wrs": "222_078", "frp": 2.9}, "bbox": [-51.70218, -25.9896, -51.70218, -25.9896]}, {"type": "Feature", "id": "focos_48h_br_todosats.fid--211a0569_19dac319c32_6e26", "geometry": {"type": "Point", "coordinates": [-51.38925, -26.15274]}, "geometry_name": "geometria", "properties": {"id_foco_bdq": 1814765993, "foco_id": "bab2199a-97e8-3fc1-8e44-fc560e29fd66", "longitude": -51.38925, "latitude": -26.15274, "data_hora_gmt": "2026-04-19T18:15:00Z", "data_pas": "2026-04-19", "satelite": "NPP-375", "municipio": "BITURUNA", "estado": "PARANÁ", "pais": "Brasil", "precipitacao": 0, "numero_dias_sem_chuva": 5, "risco_fogo": 0.11, "bioma": "Mata Atlântica", "id_0": 33, "id_1": 41, "id_2": 4102901, "continente_id": 8, "vegetacao": "Floresta Ombrófila densa", "grade_wrs": "222_078", "frp": 12.4}, "bbox": [-51.38925, -26.15274, -51.38925, -26.15274]}, {"type": "Feature", "id": "focos_48h_br_todosats.fid--211a0569_19dac319c32_6e27", "geometry": {"type": "Point", "coordinates": [-60.41564, 1.00008]}, "geometry_name": "geometria", "properties": {"id_foco_bdq": 1814764158, "foco_id": "bbca51c5-9899-31aa-b786-cacbd2cd6239", "longitude": -60.41564, "latitude": 1.00008, "data_hora_gmt": "2026-04-19T18:21:00Z", "data_pas": "2026-04-19", "satelite": "NPP-375", "municipio": "RORAINÓPOLIS", "estado": "RORAIMA", "pais": "Brasil", "precipitacao": 0.5, "numero_dias_sem_chuva": 0, "risco_fogo": 0.69, "bioma": "Amazônia", "id_0": 33, "id_1": 14, "id_2": 1400472, "continente_id": 8, "vegetacao": "Agricultura e diversos", "grade_wrs": "231_059", "frp": 4}, "bbox": [-60.41564, 1.00008, -60.41564, 1.00008]}, {"type": "Feature", "id": "focos_48h_br_todosats.fid--211a0569_19dac319c32_6e28", "geometry": {"type": "Point", "coordinates": [-60.41696, 0.99674]}, "geometry_name": "geometria", "properties": {"id_foco_bdq": 1814766943, "foco_id": "1dde10f5-f1cd-39ed-b270-58f9f740c653", "longitude": -60.41696, "latitude": 0.99674, "data_hora_gmt": "2026-04-19T18:21:00Z", "data_pas": "2026-04-19", "satelite": "NPP-375", "municipio": "RORAINÓPOLIS", "estado": "RORAIMA", "pais": "Brasil", "precipitacao": 0.5, "numero_dias_sem_chuva": 0, "risco_fogo": 0.84, "bioma": "Amazônia", "id_0": 33, "id_1": 14, "id_2": 1400472, "continente_id": 8, "vegetacao": "Pastagens e gramíneas", "grade_wrs": "231_059", "frp": 2.1}, "bbox": [-60.41696, 0.99674, -60.41696, 0.99674]}, {"type": "Feature", "id": "focos_48h_br_todosats.fid--211a0569_19dac319c32_6e29", "geometry": {"type": "Point", "coordinates": [-50.2602, -27.6857]}, "geometry_name": "geometria", "properties": {"id_foco_bdq": 1814789344, "foco_id": "1d74f7ca-d1fd-3655-8b8f-b0db6644058b", "longitude": -50.2602, "latitude": -27.6857, "data_hora_gmt": "2026-04-19T18:50:00Z", "data_pas": "2026-04-19", "satelite": "GOES-19", "municipio": "LAGES", "estado": "SANTA CATARINA", "pais": "Brasil", "precipitacao": 0, "numero_dias_sem_chuva": 2, "risco_fogo": 0.6, "bioma": "Mata Atlântica", "id_0": 33, "id_1": 42, "id_2": 4209300, "continente_id": 8, "vegetacao": "Savana; Caatinga aberta", "grade_wrs": "221_079", "frp": 179.9}, "bbox": [-50.2602, -27.6857, -50.2602, -27.6857]}, {"type": "Feature", "id": "focos_48h_br_todosats.fid--211a0569_19dac319c32_6e2a", "geometry": {"type": "Point", "coordinates": [-50.2602, -27.6857]}, "geometry_name": "geometria", "properties": {"id_foco_bdq": 1814789337, "foco_id": "e72cc955-4317-32d4-82e3-df94157eb196", "longitude": -50.2602, "latitude": -27.6857, "data_hora_gmt": "2026-04-19T19:00:00Z", "data_pas": "2026-04-19", "satelite": "GOES-19", "municipio": "LAGES", "estado": "SANTA CATARINA", "pais": "Brasil", "precipitacao": 0, "numero_dias_sem_chuva": 2, "risco_fogo": 0.6, "bioma": "Mata Atlântica", "id_0": 33, "id_1": 42, "id_2": 4209300, "continente_id": 8, "vegetacao": "Savana; Caatinga aberta", "grade_wrs": "221_079", "frp": 207.4}, "bbox": [-50.2602, -27.6857, -50.2602, -27.6857]}, {"type": "Feature", "id": "focos_48h_br_todosats.fid--211a0569_19dac319c32_6e2b", "geometry": {"type": "Point", "coordinates": [-50.2844, -27.6848]}, "geometry_name": "geometria", "properties": {"id_foco_bdq": 1814789339, "foco_id": "56ff559a-03c6-313b-864a-521cf55108bb", "longitude": -50.2844, "latitude": -27.6848, "data_hora_gmt": "2026-04-19T19:00:00Z", "data_pas": "2026-04-19", "satelite": "GOES-19", "municipio": "LAGES", "estado": "SANTA CATARINA", "pais": "Brasil", "precipitacao": 0, "numero_dias_sem_chuva": 2, "risco_fogo": 0.49, "bioma": "Mata Atlântica", "id_0": 33, "id_1": 42, "id_2": 4209300, "continente_id": 8, "vegetacao": "Savana arbórea; Caatinga fechada", "grade_wrs": "221_079", "frp": 188.2}, "bbox": [-50.2844, -27.6848, -50.2844, -27.6848]}, {"type": "Feature", "id": "focos_48h_br_todosats.fid--211a0569_19dac319c32_6e2c", "geometry": {"type": "Point", "coordinates": [-50.01825, -27.66732]}, "geometry_name": "geometria", "properties": {"id_foco_bdq": 1814764889, "foco_id": "a5776be7-1b96-32b5-a6b1-96861a977e53", "longitude": -50.01825, "latitude": -27.66732, "data_hora_gmt": "2026-04-19T19:10:00Z", "data_pas": "2026-04-19", "satelite": "AQUA_M-T", "municipio": "LAGES", "estado": "SANTA CATARINA", "pais": "Brasil", "precipitacao": 0, "numero_dias_sem_chuva": 3, "risco_fogo": 0.71, "bioma": "Mata Atlântica", "id_0": 33, "id_1": 42, "id_2": 4209300, "continente_id": 8, "vegetacao": "Savana; Caatinga aberta", "grade_wrs": "221_079", "frp": 13}, "bbox": [-50.01825, -27.66732, -50.01825, -27.66732]}, {"type": "Feature", "id": "focos_48h_br_todosats.fid--211a0569_19dac319c32_6e2d", "geometry": {"type": "Point", "coordinates": [-50.2844, -27.6848]}, "geometry_name": "geometria", "properties": {"id_foco_bdq": 1814789341, "foco_id": "7a425314-f9f1-3568-a8fa-215f82580c09", "longitude": -50.2844, "latitude": -27.6848, "data_hora_gmt": "2026-04-19T19:10:00Z", "data_pas": "2026-04-19", "satelite": "GOES-19", "municipio": "LAGES", "estado": "SANTA CATARINA", "pais": "Brasil", "precipitacao": 0, "numero_dias_sem_chuva": 2, "risco_fogo": 0.49, "bioma": "Mata Atlântica", "id_0": 33, "id_1": 42, "id_2": 4209300, "continente_id": 8, "vegetacao": "Savana arbórea; Caatinga fechada", "grade_wrs": "221_079", "frp": 151.7}, "bbox": [-50.2844, -27.6848, -50.2844, -27.6848]}, {"type": "Feature", "id": "focos_48h_br_todosats.fid--211a0569_19dac319c32_6e2e", "geometry": {"type": "Point", "coordinates": [-50.28727, -27.69332]}, "geometry_name": "geometria", "properties": {"id_foco_bdq": 1814764891, "foco_id": "b3a74246-621a-39a6-91cf-9e9fecbb2a15", "longitude": -50.28727, "latitude": -27.69332, "data_hora_gmt": "2026-04-19T19:10:00Z", "data_pas": "2026-04-19", "satelite": "AQUA_M-T", "municipio": "LAGES", "estado": "SANTA CATARINA", "pais": "Brasil", "precipitacao": 0, "numero_dias_sem_chuva": 2, "risco_fogo": 0.68, "bioma": "Mata Atlântica", "id_0": 33, "id_1": 42, "id_2": 4209300, "continente_id": 8, "vegetacao": "Savana; Caatinga aberta", "grade_wrs": "221_079", "frp": 15}, "bbox": [-50.28727, -27.69332, -50.28727, -27.69332]}, {"type": "Feature", "id": "focos_48h_br_todosats.fid--211a0569_19dac319c32_6e2f", "geometry": {"type": "Point", "coordinates": [-50.26382, -27.68932]}, "geometry_name": "geometria", "properties": {"id_foco_bdq": 1814764923, "foco_id": "ac6f95f2-3940-3ce5-8867-265f5e581742", "longitude": -50.26382, "latitude": -27.68932, "data_hora_gmt": "2026-04-19T19:10:00Z", "data_pas": "2026-04-19", "satelite": "AQUA_M-T", "municipio": "LAGES", "estado": "SANTA CATARINA", "pais": "Brasil", "precipitacao": 0, "numero_dias_sem_chuva": 2, "risco_fogo": 0.6, "bioma": "Mata Atlântica", "id_0": 33, "id_1": 42, "id_2": 4209300, "continente_id": 8, "vegetacao": "Savana; Caatinga aberta", "grade_wrs": "221_079", "frp": 23.6}, "bbox": [-50.26382, -27.68932, -50.26382, -27.68932]}, {"type": "Feature", "id": "focos_48h_br_todosats.fid--211a0569_19dac319c32_6e30", "geometry": {"type": "Point", "coordinates": [-49.97968, -27.75422]}, "geometry_name": "geometria", "properties": {"id_foco_bdq": 1814763825, "foco_id": "bc96f39d-f20e-3be2-9683-8be45129de3f", "longitude": -49.97968, "latitude": -27.75422, "data_hora_gmt": "2026-04-19T19:10:00Z", "data_pas": "2026-04-19", "satelite": "AQUA_M-T", "municipio": "BOCAINA DO SUL", "estado": "SANTA CATARINA", "pais": "Brasil", "precipitacao": 0, "numero_dias_sem_chuva": 2, "risco_fogo": 0.15, "bioma": "Mata Atlântica", "id_0": 33, "id_1": 42, "id_2": 4202438, "continente_id": 8, "vegetacao": "Floresta Ombrófila densa", "grade_wrs": "220_079", "frp": 28.2}, "bbox": [-49.97968, -27.75422, -49.97968, -27.75422]}, {"type": "Feature", "id": "focos_48h_br_todosats.fid--211a0569_19dac319c32_6e31", "geometry": {"type": "Point", "coordinates": [-50.51598, -27.97599]}, "geometry_name": "geometria", "properties": {"id_foco_bdq": 1814766672, "foco_id": "d48c65ad-6ed1-3e46-9cf0-92ff70866f12", "longitude": -50.51598, "latitude": -27.97599, "data_hora_gmt": "2026-04-19T19:10:00Z", "data_pas": "2026-04-19", "satelite": "AQUA_M-T", "municipio": "CAPÃO ALTO", "estado": "SANTA CATARINA", "pais": "Brasil", "precipitacao": 0, "numero_dias_sem_chuva": 4, "risco_fogo": 0.34, "bioma": "Mata Atlântica", "id_0": 33, "id_1": 42, "id_2": 4203253, "continente_id": 8, "vegetacao": "Floresta de contato; Campinarana", "grade_wrs": "221_079", "frp": 7.3}, "bbox": [-50.51598, -27.97599, -50.51598, -27.97599]}, {"type": "Feature", "id": "focos_48h_br_todosats.fid--211a0569_19dac319c32_6e32", "geometry": {"type": "Point", "coordinates": [-51.64259, -29.69395]}, "geometry_name": "geometria", "properties": {"id_foco_bdq": 1814765995, "foco_id": "75e921ac-4dc6-3ed1-9134-33d28e2701ff", "longitude": -51.64259, "latitude": -29.69395, "data_hora_gmt": "2026-04-19T19:10:00Z", "data_pas": "2026-04-19", "satelite": "AQUA_M-T", "municipio": "TRIUNFO", "estado": "RIO GRANDE DO SUL", "pais": "Brasil", "precipitacao": 0, "numero_dias_sem_chuva": 3, "risco_fogo": 0.32, "bioma": "Pampa", "id_0": 33, "id_1": 43, "id_2": 4322004, "continente_id": 8, "vegetacao": "Florestas decíduas e sazonais", "grade_wrs": "221_081", "frp": 4.9}, "bbox": [-51.64259, -29.69395, -51.64259, -29.69395]}, {"type": "Feature", "id": "focos_48h_br_todosats.fid--211a0569_19dac319c32_6e33", "geometry": {"type": "Point", "coordinates": [-50.42999, -27.54194]}, "geometry_name": "geometria", "properties": {"id_foco_bdq": 1814763717, "foco_id": "37182fa4-9e2d-39f1-803b-eda36ef3a7e2", "longitude": -50.42999, "latitude": -27.54194, "data_hora_gmt": "2026-04-19T19:10:00Z", "data_pas": "2026-04-19", "satelite": "AQUA_M-T", "municipio": "CORREIA PINTO", "estado": "SANTA CATARINA", "pais": "Brasil", "precipitacao": 0, "numero_dias_sem_chuva": 2, "risco_fogo": 0.18, "bioma": "Mata Atlântica", "id_0": 33, "id_1": 42, "id_2": 4204558, "continente_id": 8, "vegetacao": "Florestas decíduas e sazonais", "grade_wrs": "221_079", "frp": 42.3}, "bbox": [-50.42999, -27.54194, -50.42999, -27.54194]}, {"type": "Feature", "id": "focos_48h_br_todosats.fid--211a0569_19dac319c32_6e34", "geometry": {"type": "Point", "coordinates": [-49.80779, -27.44554]}, "geometry_name": "geometria", "properties": {"id_foco_bdq": 1814766517, "foco_id": "af04b9ad-9cef-392e-af63-0081266bfece", "longitude": -49.80779, "latitude": -27.44554, "data_hora_gmt": "2026-04-19T19:10:00Z", "data_pas": "2026-04-19", "satelite": "AQUA_M-T", "municipio": "AGROLÂNDIA", "estado": "SANTA CATARINA", "pais": "Brasil", "precipitacao": 0, "numero_dias_sem_chuva": 3, "risco_fogo": 0.18, "bioma": "Mata Atlântica", "id_0": 33, "id_1": 42, "id_2": 4200200, "continente_id": 8, "vegetacao": "Floresta Ombrófila densa", "grade_wrs": "220_079", "frp": 6}, "bbox": [-49.80779, -27.44554, -49.80779, -27.44554]}, {"type": "Feature", "id": "focos_48h_br_todosats.fid--211a0569_19dac319c32_6e35", "geometry": {"type": "Point", "coordinates": [-51.53211, -28.76995]}, "geometry_name": "geometria", "properties": {"id_foco_bdq": 1814762804, "foco_id": "7bffd25e-078d-3ae8-9736-09333b4e55be", "longitude": -51.53211, "latitude": -28.76995, "data_hora_gmt": "2026-04-19T19:10:00Z", "data_pas": "2026-04-19", "satelite": "AQUA_M-T", "municipio": "NOVA PRATA", "estado": "RIO GRANDE DO SUL", "pais": "Brasil", "precipitacao": 0, "numero_dias_sem_chuva": 3, "risco_fogo": 0.14, "bioma": "Mata Atlântica", "id_0": 33, "id_1": 43, "id_2": 4313300, "continente_id": 8, "vegetacao": "Floresta Ombrófila densa", "grade_wrs": "221_080", "frp": 9.5}, "bbox": [-51.53211, -28.76995, -51.53211, -28.76995]}, {"type": "Feature", "id": "focos_48h_br_todosats.fid--211a0569_19dac319c32_6e36", "geometry": {"type": "Point", "coordinates": [-50.2602, -27.6857]}, "geometry_name": "geometria", "properties": {"id_foco_bdq": 1814789340, "foco_id": "5716cd95-3bb1-3426-b02c-9ee51e278ae1", "longitude": -50.2602, "latitude": -27.6857, "data_hora_gmt": "2026-04-19T19:10:00Z", "data_pas": "2026-04-19", "satelite": "GOES-19", "municipio": "LAGES", "estado": "SANTA CATARINA", "pais": "Brasil", "precipitacao": 0, "numero_dias_sem_chuva": 2, "risco_fogo": 0.6, "bioma": "Mata Atlântica", "id_0": 33, "id_1": 42, "id_2": 4209300, "continente_id": 8, "vegetacao": "Savana; Caatinga aberta", "grade_wrs": "221_079", "frp": 202.9}, "bbox": [-50.2602, -27.6857, -50.2602, -27.6857]}, {"type": "Feature", "id": "focos_48h_br_todosats.fid--211a0569_19dac319c32_6e37", "geometry": {"type": "Point", "coordinates": [-50.03046, -27.66941]}, "geometry_name": "geometria", "properties": {"id_foco_bdq": 1814766011, "foco_id": "3ca2aa8e-06f2-35e6-9d0c-0836b39aa1aa", "longitude": -50.03046, "latitude": -27.66941, "data_hora_gmt": "2026-04-19T19:10:00Z", "data_pas": "2026-04-19", "satelite": "AQUA_M-T", "municipio": "LAGES", "estado": "SANTA CATARINA", "pais": "Brasil", "precipitacao": 0, "numero_dias_sem_chuva": 3, "risco_fogo": 0.17, "bioma": "Mata Atlântica", "id_0": 33, "id_1": 42, "id_2": 4209300, "continente_id": 8, "vegetacao": "Floresta Ombrófila densa", "grade_wrs": "221_079", "frp": 9.6}, "bbox": [-50.03046, -27.66941, -50.03046, -27.66941]}, {"type": "Feature", "id": "focos_48h_br_todosats.fid--211a0569_19dac319c32_6e38", "geometry": {"type": "Point", "coordinates": [-50.05703, -27.66392]}, "geometry_name": "geometria", "properties": {"id_foco_bdq": 1814766102, "foco_id": "6e84ed3c-1fca-3da7-b2c0-6121ff39e205", "longitude": -50.05703, "latitude": -27.66392, "data_hora_gmt": "2026-04-19T19:10:00Z", "data_pas": "2026-04-19", "satelite": "AQUA_M-T", "municipio": "LAGES", "estado": "SANTA CATARINA", "pais": "Brasil", "precipitacao": 0, "numero_dias_sem_chuva": 3, "risco_fogo": 0.18, "bioma": "Mata Atlântica", "id_0": 33, "id_1": 42, "id_2": 4209300, "continente_id": 8, "vegetacao": "Floresta Ombrófila densa", "grade_wrs": "221_079", "frp": 16.3}, "bbox": [-50.05703, -27.66392, -50.05703, -27.66392]}, {"type": "Feature", "id": "focos_48h_br_todosats.fid--211a0569_19dac319c32_6e39", "geometry": {"type": "Point", "coordinates": [-50.27548, -27.69131]}, "geometry_name": "geometria", "properties": {"id_foco_bdq": 1814763136, "foco_id": "f6cb7cb2-3ec0-3ceb-8d0e-45589f14e92c", "longitude": -50.27548, "latitude": -27.69131, "data_hora_gmt": "2026-04-19T19:10:00Z", "data_pas": "2026-04-19", "satelite": "AQUA_M-T", "municipio": "LAGES", "estado": "SANTA CATARINA", "pais": "Brasil", "precipitacao": 0, "numero_dias_sem_chuva": 2, "risco_fogo": 0.36, "bioma": "Mata Atlântica", "id_0": 33, "id_1": 42, "id_2": 4209300, "continente_id": 8, "vegetacao": "Floresta de contato; Campinarana", "grade_wrs": "221_079", "frp": 462.5}, "bbox": [-50.27548, -27.69131, -50.27548, -27.69131]}, {"type": "Feature", "id": "focos_48h_br_todosats.fid--211a0569_19dac319c32_6e3a", "geometry": {"type": "Point", "coordinates": [-51.42326, -29.46525]}, "geometry_name": "geometria", "properties": {"id_foco_bdq": 1814765067, "foco_id": "0a9ef80c-ec49-3df5-9f7d-2c25d66b64b8", "longitude": -51.42326, "latitude": -29.46525, "data_hora_gmt": "2026-04-19T19:10:00Z", "data_pas": "2026-04-19", "satelite": "AQUA_M-T", "municipio": "TUPANDI", "estado": "RIO GRANDE DO SUL", "pais": "Brasil", "precipitacao": 0, "numero_dias_sem_chuva": 3, "risco_fogo": 0.33, "bioma": "Mata Atlântica", "id_0": 33, "id_1": 43, "id_2": 4322251, "continente_id": 8, "vegetacao": "Floresta Ombrófila densa", "grade_wrs": "221_080", "frp": 5.3}, "bbox": [-51.42326, -29.46525, -51.42326, -29.46525]}, {"type": "Feature", "id": "focos_48h_br_todosats.fid--211a0569_19dac319c32_6e3b", "geometry": {"type": "Point", "coordinates": [-50.41823, -27.53996]}, "geometry_name": "geometria", "properties": {"id_foco_bdq": 1814762717, "foco_id": "6f047e1e-17b8-34a3-b995-240ffe1a41f6", "longitude": -50.41823, "latitude": -27.53996, "data_hora_gmt": "2026-04-19T19:10:00Z", "data_pas": "2026-04-19", "satelite": "AQUA_M-T", "municipio": "CORREIA PINTO", "estado": "SANTA CATARINA", "pais": "Brasil", "precipitacao": 0, "numero_dias_sem_chuva": 2, "risco_fogo": 0.17, "bioma": "Mata Atlântica", "id_0": 33, "id_1": 42, "id_2": 4204558, "continente_id": 8, "vegetacao": "Floresta Ombrófila densa", "grade_wrs": "221_079", "frp": 50.1}, "bbox": [-50.41823, -27.53996, -50.41823, -27.53996]}, {"type": "Feature", "id": "focos_48h_br_todosats.fid--211a0569_19dac319c32_6e3c", "geometry": {"type": "Point", "coordinates": [-50.78027, -28.88854]}, "geometry_name": "geometria", "properties": {"id_foco_bdq": 1814762971, "foco_id": "d6221458-23fa-3fbb-a879-6e278089454a", "longitude": -50.78027, "latitude": -28.88854, "data_hora_gmt": "2026-04-19T19:10:00Z", "data_pas": "2026-04-19", "satelite": "AQUA_M-T", "municipio": "SÃO FRANCISCO DE PAULA", "estado": "RIO GRANDE DO SUL", "pais": "Brasil", "precipitacao": 0, "numero_dias_sem_chuva": 2, "risco_fogo": 0.2, "bioma": "Mata Atlântica", "id_0": 33, "id_1": 43, "id_2": 4318200, "continente_id": 8, "vegetacao": "Floresta Ombrófila densa", "grade_wrs": "221_080", "frp": 5.8}, "bbox": [-50.78027, -28.88854, -50.78027, -28.88854]}, {"type": "Feature", "id": "focos_48h_br_todosats.fid--211a0569_19dac319c32_6e3d", "geometry": {"type": "Point", "coordinates": [-51.92475, -26.49953]}, "geometry_name": "geometria", "properties": {"id_foco_bdq": 1814762920, "foco_id": "3ab9a7b7-d50a-3d9a-81dd-baa7b199b951", "longitude": -51.92475, "latitude": -26.49953, "data_hora_gmt": "2026-04-19T19:13:00Z", "data_pas": "2026-04-19", "satelite": "AQUA_M-T", "municipio": "PALMAS", "estado": "PARANÁ", "pais": "Brasil", "precipitacao": 0, "numero_dias_sem_chuva": 3, "risco_fogo": 0.25, "bioma": "Mata Atlântica", "id_0": 33, "id_1": 41, "id_2": 4117602, "continente_id": 8, "vegetacao": "Agricultura e diversos", "grade_wrs": "222_078", "frp": 5.3}, "bbox": [-51.92475, -26.49953, -51.92475, -26.49953]}, {"type": "Feature", "id": "focos_48h_br_todosats.fid--211a0569_19dac319c32_6e3e", "geometry": {"type": "Point", "coordinates": [-51.38753, -27.12561]}, "geometry_name": "geometria", "properties": {"id_foco_bdq": 1814766674, "foco_id": "0dd01cef-86f9-3317-8b43-e737e13143cd", "longitude": -51.38753, "latitude": -27.12561, "data_hora_gmt": "2026-04-19T19:13:00Z", "data_pas": "2026-04-19", "satelite": "AQUA_M-T", "municipio": "IBICARÉ", "estado": "SANTA CATARINA", "pais": "Brasil", "precipitacao": 0, "numero_dias_sem_chuva": 3, "risco_fogo": 0.11, "bioma": "Mata Atlântica", "id_0": 33, "id_1": 42, "id_2": 4206801, "continente_id": 8, "vegetacao": "Florestas decíduas e sazonais", "grade_wrs": "222_079", "frp": 11}, "bbox": [-51.38753, -27.12561, -51.38753, -27.12561]}, {"type": "Feature", "id": "focos_48h_br_todosats.fid--211a0569_19dac319c32_6e3f", "geometry": {"type": "Point", "coordinates": [-50.75557, -27.08918]}, "geometry_name": "geometria", "properties": {"id_foco_bdq": 1814765463, "foco_id": "eddfd741-f8ad-32c4-aa34-408c3348ec3b", "longitude": -50.75557, "latitude": -27.08918, "data_hora_gmt": "2026-04-19T19:13:00Z", "data_pas": "2026-04-19", "satelite": "AQUA_M-T", "municipio": "FRAIBURGO", "estado": "SANTA CATARINA", "pais": "Brasil", "precipitacao": 0, "numero_dias_sem_chuva": 3, "risco_fogo": 0.16, "bioma": "Mata Atlântica", "id_0": 33, "id_1": 42, "id_2": 4205506, "continente_id": 8, "vegetacao": "Floresta Ombrófila densa", "grade_wrs": "221_079", "frp": 6.6}, "bbox": [-50.75557, -27.08918, -50.75557, -27.08918]}, {"type": "Feature", "id": "focos_48h_br_todosats.fid--211a0569_19dac319c32_6e40", "geometry": {"type": "Point", "coordinates": [-49.40176, -25.17955]}, "geometry_name": "geometria", "properties": {"id_foco_bdq": 1814764100, "foco_id": "2f2c0a34-6898-3a2e-a1cc-301424a8286f", "longitude": -49.40176, "latitude": -25.17955, "data_hora_gmt": "2026-04-19T19:13:00Z", "data_pas": "2026-04-19", "satelite": "AQUA_M-T", "municipio": "ITAPERUÇU", "estado": "PARANÁ", "pais": "Brasil", "precipitacao": 0, "numero_dias_sem_chuva": 2, "risco_fogo": 0.22, "bioma": "Mata Atlântica", "id_0": 33, "id_1": 41, "id_2": 4111258, "continente_id": 8, "vegetacao": "Floresta Ombrófila densa", "grade_wrs": "221_077", "frp": 57.8}, "bbox": [-49.40176, -25.17955, -49.40176, -25.17955]}, {"type": "Feature", "id": "focos_48h_br_todosats.fid--211a0569_19dac319c32_6e41", "geometry": {"type": "Point", "coordinates": [-51.39737, -26.15666]}, "geometry_name": "geometria", "properties": {"id_foco_bdq": 1814763720, "foco_id": "3b5a4dc4-d750-38bb-ad96-7c30193f8c99", "longitude": -51.39737, "latitude": -26.15666, "data_hora_gmt": "2026-04-19T19:13:00Z", "data_pas": "2026-04-19", "satelite": "AQUA_M-T", "municipio": "BITURUNA", "estado": "PARANÁ", "pais": "Brasil", "precipitacao": 0, "numero_dias_sem_chuva": 5, "risco_fogo": 0.11, "bioma": "Mata Atlântica", "id_0": 33, "id_1": 41, "id_2": 4102901, "continente_id": 8, "vegetacao": "Floresta Ombrófila densa", "grade_wrs": "222_078", "frp": 10.7}, "bbox": [-51.39737, -26.15666, -51.39737, -26.15666]}, {"type": "Feature", "id": "focos_48h_br_todosats.fid--211a0569_19dac319c32_6e42", "geometry": {"type": "Point", "coordinates": [-51.93511, -26.50118]}, "geometry_name": "geometria", "properties": {"id_foco_bdq": 1814763592, "foco_id": "5d2283c5-d400-361b-b5bb-28d63cd38c78", "longitude": -51.93511, "latitude": -26.50118, "data_hora_gmt": "2026-04-19T19:13:00Z", "data_pas": "2026-04-19", "satelite": "AQUA_M-T", "municipio": "PALMAS", "estado": "PARANÁ", "pais": "Brasil", "precipitacao": 0, "numero_dias_sem_chuva": 3, "risco_fogo": 0.25, "bioma": "Mata Atlântica", "id_0": 33, "id_1": 41, "id_2": 4117602, "continente_id": 8, "vegetacao": "Agricultura e diversos", "grade_wrs": "222_078", "frp": 16.8}, "bbox": [-51.93511, -26.50118, -51.93511, -26.50118]}, {"type": "Feature", "id": "focos_48h_br_todosats.fid--211a0569_19dac319c32_6e43", "geometry": {"type": "Point", "coordinates": [-51.20238, -27.17908]}, "geometry_name": "geometria", "properties": {"id_foco_bdq": 1814763178, "foco_id": "aed2252b-80d5-3ffc-a50d-e5c86cae246c", "longitude": -51.20238, "latitude": -27.17908, "data_hora_gmt": "2026-04-19T19:13:00Z", "data_pas": "2026-04-19", "satelite": "AQUA_M-T", "municipio": "IBIAM", "estado": "SANTA CATARINA", "pais": "Brasil", "precipitacao": 0, "numero_dias_sem_chuva": 3, "risco_fogo": 0.28, "bioma": "Mata Atlântica", "id_0": 33, "id_1": 42, "id_2": 4206751, "continente_id": 8, "vegetacao": "Savana arbórea; Caatinga fechada", "grade_wrs": "221_079", "frp": 6.4}, "bbox": [-51.20238, -27.17908, -51.20238, -27.17908]}, {"type": "Feature", "id": "focos_48h_br_todosats.fid--211a0569_19dac319c32_6e44", "geometry": {"type": "Point", "coordinates": [-49.38762, -25.17706]}, "geometry_name": "geometria", "properties": {"id_foco_bdq": 1814762851, "foco_id": "d9ad59ab-0637-3cf4-a144-5e4ee17e2f9c", "longitude": -49.38762, "latitude": -25.17706, "data_hora_gmt": "2026-04-19T19:13:00Z", "data_pas": "2026-04-19", "satelite": "AQUA_M-T", "municipio": "RIO BRANCO DO SUL", "estado": "PARANÁ", "pais": "Brasil", "precipitacao": 0, "numero_dias_sem_chuva": 2, "risco_fogo": 0.22, "bioma": "Mata Atlântica", "id_0": 33, "id_1": 41, "id_2": 4122206, "continente_id": 8, "vegetacao": "Floresta Ombrófila densa", "grade_wrs": "221_077", "frp": 7.2}, "bbox": [-49.38762, -25.17706, -49.38762, -25.17706]}, {"type": "Feature", "id": "focos_48h_br_todosats.fid--211a0569_19dac319c32_6e45", "geometry": {"type": "Point", "coordinates": [-51.19199, -27.17737]}, "geometry_name": "geometria", "properties": {"id_foco_bdq": 1814765927, "foco_id": "41053403-feef-351b-85aa-8e9156c440ec", "longitude": -51.19199, "latitude": -27.17737, "data_hora_gmt": "2026-04-19T19:13:00Z", "data_pas": "2026-04-19", "satelite": "AQUA_M-T", "municipio": "IBIAM", "estado": "SANTA CATARINA", "pais": "Brasil", "precipitacao": 0, "numero_dias_sem_chuva": 3, "risco_fogo": 0.11, "bioma": "Mata Atlântica", "id_0": 33, "id_1": 42, "id_2": 4206751, "continente_id": 8, "vegetacao": "Florestas decíduas e sazonais", "grade_wrs": "221_079", "frp": 16.2}, "bbox": [-51.19199, -27.17737, -51.19199, -27.17737]}, {"type": "Feature", "id": "focos_48h_br_todosats.fid--211a0569_19dac319c32_6e46", "geometry": {"type": "Point", "coordinates": [-60.04903, 1.2765]}, "geometry_name": "geometria", "properties": {"id_foco_bdq": 1814763963, "foco_id": "e83136ef-db2c-3d3e-9e76-dcf73f666e4f", "longitude": -60.04903, "latitude": 1.2765, "data_hora_gmt": "2026-04-19T19:19:00Z", "data_pas": "2026-04-19", "satelite": "AQUA_M-T", "municipio": "CARACARAÍ", "estado": "RORAIMA", "pais": "Brasil", "precipitacao": 0.21, "numero_dias_sem_chuva": 0, "risco_fogo": 0.91, "bioma": "Amazônia", "id_0": 33, "id_1": 14, "id_2": 1400209, "continente_id": 8, "vegetacao": "Pastagens e gramíneas", "grade_wrs": "231_059", "frp": 12.3}, "bbox": [-60.04903, 1.2765, -60.04903, 1.2765]}, {"type": "Feature", "id": "focos_48h_br_todosats.fid--211a0569_19dac319c32_6e47", "geometry": {"type": "Point", "coordinates": [-60.5543, 2.56996]}, "geometry_name": "geometria", "properties": {"id_foco_bdq": 1814762927, "foco_id": "e3b8ad33-07f2-3750-a8f4-f7b436e5cbe4", "longitude": -60.5543, "latitude": 2.56996, "data_hora_gmt": "2026-04-19T19:19:00Z", "data_pas": "2026-04-19", "satelite": "AQUA_M-T", "municipio": "CANTÁ", "estado": "RORAIMA", "pais": "Brasil", "precipitacao": 0.12, "numero_dias_sem_chuva": 0, "risco_fogo": 0.3, "bioma": "Amazônia", "id_0": 33, "id_1": 14, "id_2": 1400175, "continente_id": 8, "vegetacao": "Floresta Ombrófila densa", "grade_wrs": "232_058", "frp": 9.6}, "bbox": [-60.5543, 2.56996, -60.5543, 2.56996]}, {"type": "Feature", "id": "focos_48h_br_todosats.fid--211a0569_19dac319c32_6e48", "geometry": {"type": "Point", "coordinates": [-60.63597, 1.79847]}, "geometry_name": "geometria", "properties": {"id_foco_bdq": 1814764512, "foco_id": "8e9cf7c1-b0a0-3649-aea2-4c84aaeefb76", "longitude": -60.63597, "latitude": 1.79847, "data_hora_gmt": "2026-04-19T19:19:00Z", "data_pas": "2026-04-19", "satelite": "AQUA_M-T", "municipio": "CARACARAÍ", "estado": "RORAIMA", "pais": "Brasil", "precipitacao": 1.07, "numero_dias_sem_chuva": 1, "risco_fogo": 0.12, "bioma": "Amazônia", "id_0": 33, "id_1": 14, "id_2": 1400209, "continente_id": 8, "vegetacao": "Floresta Ombrófila densa", "grade_wrs": "232_059", "frp": 30.7}, "bbox": [-60.63597, 1.79847, -60.63597, 1.79847]}, {"type": "Feature", "id": "focos_48h_br_todosats.fid--211a0569_19dac319c32_6e49", "geometry": {"type": "Point", "coordinates": [-60.25216, 2.76999]}, "geometry_name": "geometria", "properties": {"id_foco_bdq": 1814766792, "foco_id": "5f2adbc1-e991-3572-bbcc-54362a2c27f7", "longitude": -60.25216, "latitude": 2.76999, "data_hora_gmt": "2026-04-19T19:19:00Z", "data_pas": "2026-04-19", "satelite": "AQUA_M-T", "municipio": "BONFIM", "estado": "RORAIMA", "pais": "Brasil", "precipitacao": 0.94, "numero_dias_sem_chuva": 6, "risco_fogo": 0.57, "bioma": "Amazônia", "id_0": 33, "id_1": 14, "id_2": 1400159, "continente_id": 8, "vegetacao": "Savana arbórea; Caatinga fechada", "grade_wrs": "232_058", "frp": 19.8}, "bbox": [-60.25216, 2.76999, -60.25216, 2.76999]}, {"type": "Feature", "id": "focos_48h_br_todosats.fid--211a0569_19dac319c32_6e4a", "geometry": {"type": "Point", "coordinates": [-60.62441, 2.02301]}, "geometry_name": "geometria", "properties": {"id_foco_bdq": 1814766268, "foco_id": "29cd2d3f-3504-3857-980e-2a1841c57f41", "longitude": -60.62441, "latitude": 2.02301, "data_hora_gmt": "2026-04-19T19:19:00Z", "data_pas": "2026-04-19", "satelite": "AQUA_M-T", "municipio": "CANTÁ", "estado": "RORAIMA", "pais": "Brasil", "precipitacao": 0.51, "numero_dias_sem_chuva": 0, "risco_fogo": 0.45, "bioma": "Amazônia", "id_0": 33, "id_1": 14, "id_2": 1400175, "continente_id": 8, "vegetacao": "Savana arbórea; Caatinga fechada", "grade_wrs": "232_059", "frp": 7.5}, "bbox": [-60.62441, 2.02301, -60.62441, 2.02301]}, {"type": "Feature", "id": "focos_48h_br_todosats.fid--211a0569_19dac319c32_6e4b", "geometry": {"type": "Point", "coordinates": [-60.79449, 1.38757]}, "geometry_name": "geometria", "properties": {"id_foco_bdq": 1814764534, "foco_id": "1ef0cac8-9074-3939-979e-6a6745baa7da", "longitude": -60.79449, "latitude": 1.38757, "data_hora_gmt": "2026-04-19T19:19:00Z", "data_pas": "2026-04-19", "satelite": "AQUA_M-T", "municipio": "CARACARAÍ", "estado": "RORAIMA", "pais": "Brasil", "precipitacao": 2.88, "numero_dias_sem_chuva": 2, "risco_fogo": 0.06, "bioma": "Amazônia", "id_0": 33, "id_1": 14, "id_2": 1400209, "continente_id": 8, "vegetacao": "Floresta Ombrófila densa", "grade_wrs": "232_059", "frp": 11.6}, "bbox": [-60.79449, 1.38757, -60.79449, 1.38757]}, {"type": "Feature", "id": "focos_48h_br_todosats.fid--211a0569_19dac319c32_6e4c", "geometry": {"type": "Point", "coordinates": [-60.80338, 1.38626]}, "geometry_name": "geometria", "properties": {"id_foco_bdq": 1814765172, "foco_id": "04a6532a-704c-3bf4-b796-790cd269eac3", "longitude": -60.80338, "latitude": 1.38626, "data_hora_gmt": "2026-04-19T19:19:00Z", "data_pas": "2026-04-19", "satelite": "AQUA_M-T", "municipio": "CARACARAÍ", "estado": "RORAIMA", "pais": "Brasil", "precipitacao": 2.96, "numero_dias_sem_chuva": 2, "risco_fogo": 0.06, "bioma": "Amazônia", "id_0": 33, "id_1": 14, "id_2": 1400209, "continente_id": 8, "vegetacao": "Floresta Ombrófila densa", "grade_wrs": "232_059", "frp": 9.8}, "bbox": [-60.80338, 1.38626, -60.80338, 1.38626]}, {"type": "Feature", "id": "focos_48h_br_todosats.fid--211a0569_19dac319c32_6e4d", "geometry": {"type": "Point", "coordinates": [-60.71325, 2.17677]}, "geometry_name": "geometria", "properties": {"id_foco_bdq": 1814765269, "foco_id": "d8544f0d-b19d-3b38-81ce-0f87014970ad", "longitude": -60.71325, "latitude": 2.17677, "data_hora_gmt": "2026-04-19T19:19:00Z", "data_pas": "2026-04-19", "satelite": "AQUA_M-T", "municipio": "CANTÁ", "estado": "RORAIMA", "pais": "Brasil", "precipitacao": 0.2, "numero_dias_sem_chuva": 0, "risco_fogo": 0.16, "bioma": "Amazônia", "id_0": 33, "id_1": 14, "id_2": 1400175, "continente_id": 8, "vegetacao": "Floresta Ombrófila densa", "grade_wrs": "232_058", "frp": 9.8}, "bbox": [-60.71325, 2.17677, -60.71325, 2.17677]}, {"type": "Feature", "id": "focos_48h_br_todosats.fid--211a0569_19dac319c32_6e4e", "geometry": {"type": "Point", "coordinates": [-60.80893, 1.52511]}, "geometry_name": "geometria", "properties": {"id_foco_bdq": 1814765659, "foco_id": "ad786841-5092-3976-b53a-e0aed4d484ce", "longitude": -60.80893, "latitude": 1.52511, "data_hora_gmt": "2026-04-19T19:19:00Z", "data_pas": "2026-04-19", "satelite": "AQUA_M-T", "municipio": "CARACARAÍ", "estado": "RORAIMA", "pais": "Brasil", "precipitacao": 1.6, "numero_dias_sem_chuva": 2, "risco_fogo": 0.08, "bioma": "Amazônia", "id_0": 33, "id_1": 14, "id_2": 1400209, "continente_id": 8, "vegetacao": "Floresta Ombrófila densa", "grade_wrs": "232_059", "frp": 10.7}, "bbox": [-60.80893, 1.52511, -60.80893, 1.52511]}, {"type": "Feature", "id": "focos_48h_br_todosats.fid--211a0569_19dac319c32_6e4f", "geometry": {"type": "Point", "coordinates": [-60.63728, 1.80726]}, "geometry_name": "geometria", "properties": {"id_foco_bdq": 1814765882, "foco_id": "2ddea743-96c8-301d-88af-6065a9a89a73", "longitude": -60.63728, "latitude": 1.80726, "data_hora_gmt": "2026-04-19T19:19:00Z", "data_pas": "2026-04-19", "satelite": "AQUA_M-T", "municipio": "CARACARAÍ", "estado": "RORAIMA", "pais": "Brasil", "precipitacao": 0.98, "numero_dias_sem_chuva": 1, "risco_fogo": 0.27, "bioma": "Amazônia", "id_0": 33, "id_1": 14, "id_2": 1400209, "continente_id": 8, "vegetacao": "Floresta de contato; Campinarana", "grade_wrs": "232_059", "frp": 132.2}, "bbox": [-60.63728, 1.80726, -60.63728, 1.80726]}, {"type": "Feature", "id": "focos_48h_br_todosats.fid--211a0569_19dac319c32_6e50", "geometry": {"type": "Point", "coordinates": [-50.2602, -27.6857]}, "geometry_name": "geometria", "properties": {"id_foco_bdq": 1814789338, "foco_id": "3bb63636-5be5-3323-80f7-715df122b5f6", "longitude": -50.2602, "latitude": -27.6857, "data_hora_gmt": "2026-04-19T19:20:00Z", "data_pas": "2026-04-19", "satelite": "GOES-19", "municipio": "LAGES", "estado": "SANTA CATARINA", "pais": "Brasil", "precipitacao": 0, "numero_dias_sem_chuva": 2, "risco_fogo": 0.6, "bioma": "Mata Atlântica", "id_0": 33, "id_1": 42, "id_2": 4209300, "continente_id": 8, "vegetacao": "Savana; Caatinga aberta", "grade_wrs": "221_079", "frp": 222.2}, "bbox": [-50.2602, -27.6857, -50.2602, -27.6857]}, {"type": "Feature", "id": "focos_48h_br_todosats.fid--211a0569_19dac319c32_6e51", "geometry": {"type": "Point", "coordinates": [-50.2844, -27.6848]}, "geometry_name": "geometria", "properties": {"id_foco_bdq": 1814789343, "foco_id": "9d21d9a9-7854-3769-a200-1a4cc780c552", "longitude": -50.2844, "latitude": -27.6848, "data_hora_gmt": "2026-04-19T19:20:00Z", "data_pas": "2026-04-19", "satelite": "GOES-19", "municipio": "LAGES", "estado": "SANTA CATARINA", "pais": "Brasil", "precipitacao": 0, "numero_dias_sem_chuva": 2, "risco_fogo": 0.49, "bioma": "Mata Atlântica", "id_0": 33, "id_1": 42, "id_2": 4209300, "continente_id": 8, "vegetacao": "Savana arbórea; Caatinga fechada", "grade_wrs": "221_079", "frp": 212}, "bbox": [-50.2844, -27.6848, -50.2844, -27.6848]}, {"type": "Feature", "id": "focos_48h_br_todosats.fid--211a0569_19dac319c32_6e52", "geometry": {"type": "Point", "coordinates": [-50.2602, -27.6857]}, "geometry_name": "geometria", "properties": {"id_foco_bdq": 1814789342, "foco_id": "a60a3a1b-9c7f-369d-b61a-b89136e3b79e", "longitude": -50.2602, "latitude": -27.6857, "data_hora_gmt": "2026-04-19T19:30:00Z", "data_pas": "2026-04-19", "satelite": "GOES-19", "municipio": "LAGES", "estado": "SANTA CATARINA", "pais": "Brasil", "precipitacao": 0, "numero_dias_sem_chuva": 2, "risco_fogo": 0.6, "bioma": "Mata Atlântica", "id_0": 33, "id_1": 42, "id_2": 4209300, "continente_id": 8, "vegetacao": "Savana; Caatinga aberta", "grade_wrs": "221_079", "frp": 114.5}, "bbox": [-50.2602, -27.6857, -50.2602, -27.6857]}, {"type": "Feature", "id": "focos_48h_br_todosats.fid--211a0569_19dac319c32_6e53", "geometry": {"type": "Point", "coordinates": [-50.2844, -27.6848]}, "geometry_name": "geometria", "properties": {"id_foco_bdq": 1814789345, "foco_id": "602ce588-5810-357a-9994-8fe0f500d589", "longitude": -50.2844, "latitude": -27.6848, "data_hora_gmt": "2026-04-19T19:30:00Z", "data_pas": "2026-04-19", "satelite": "GOES-19", "municipio": "LAGES", "estado": "SANTA CATARINA", "pais": "Brasil", "precipitacao": 0, "numero_dias_sem_chuva": 2, "risco_fogo": 0.49, "bioma": "Mata Atlântica", "id_0": 33, "id_1": 42, "id_2": 4209300, "continente_id": 8, "vegetacao": "Savana arbórea; Caatinga fechada", "grade_wrs": "221_079", "frp": 99}, "bbox": [-50.2844, -27.6848, -50.2844, -27.6848]}, {"type": "Feature", "id": "focos_48h_br_todosats.fid--211a0569_19dac319c32_6e54", "geometry": {"type": "Point", "coordinates": [-49.9148, -16.5518]}, "geometry_name": "geometria", "properties": {"id_foco_bdq": 1814762641, "foco_id": "1cb96667-28f9-3687-869a-04ef99feac48", "longitude": -49.9148, "latitude": -16.5518, "data_hora_gmt": "2026-04-19T20:40:00Z", "data_pas": "2026-04-19", "satelite": "GOES-19", "municipio": "NAZÁRIO", "estado": "GOIÁS", "pais": "Brasil", "precipitacao": 0, "numero_dias_sem_chuva": 0, "risco_fogo": 0.82, "bioma": "Cerrado", "id_0": 33, "id_1": 52, "id_2": 5214408, "continente_id": 8, "vegetacao": "Pastagens e gramíneas", "grade_wrs": "222_071", "frp": 111}, "bbox": [-49.9148, -16.5518, -49.9148, -16.5518]}, {"type": "Feature", "id": "focos_48h_br_todosats.fid--211a0569_19dac319c32_6e55", "geometry": {"type": "Point", "coordinates": [-39.8911, -17.5838]}, "geometry_name": "geometria", "properties": {"id_foco_bdq": 1814771009, "foco_id": "21433bc7-4bd4-372e-855f-fc5c05f32d5b", "longitude": -39.8911, "latitude": -17.5838, "data_hora_gmt": "2026-04-19T21:20:00Z", "data_pas": "2026-04-19", "satelite": "GOES-19", "municipio": "CARAVELAS", "estado": "BAHIA", "pais": "Brasil", "precipitacao": 0, "numero_dias_sem_chuva": 3, "risco_fogo": 0.88, "bioma": "Mata Atlântica", "id_0": 33, "id_1": 29, "id_2": 2906907, "continente_id": 8, "vegetacao": "Pastagens e gramíneas", "grade_wrs": "216_072", "frp": 100.5}, "bbox": [-39.8911, -17.5838, -39.8911, -17.5838]}, {"type": "Feature", "id": "focos_48h_br_todosats.fid--211a0569_19dac319c32_6e56", "geometry": {"type": "Point", "coordinates": [-42.7632, -17.8201]}, "geometry_name": "geometria", "properties": {"id_foco_bdq": 1814770983, "foco_id": "20e94a06-88cb-3e0c-991b-c5a00676c5e3", "longitude": -42.7632, "latitude": -17.8201, "data_hora_gmt": "2026-04-19T21:20:00Z", "data_pas": "2026-04-19", "satelite": "GOES-19", "municipio": "ITAMARANDIBA", "estado": "MINAS GERAIS", "pais": "Brasil", "precipitacao": 0, "numero_dias_sem_chuva": 2, "risco_fogo": 0.26, "bioma": "Mata Atlântica", "id_0": 33, "id_1": 31, "id_2": 3132503, "continente_id": 8, "vegetacao": "Savana; Caatinga aberta", "grade_wrs": "217_072", "frp": 80.9}, "bbox": [-42.7632, -17.8201, -42.7632, -17.8201]}, {"type": "Feature", "id": "focos_48h_br_todosats.fid--211a0569_19dac319c32_6e57", "geometry": {"type": "Point", "coordinates": [-39.8967, -17.5636]}, "geometry_name": "geometria", "properties": {"id_foco_bdq": 1814770977, "foco_id": "bbc392b7-292e-37be-a32e-cc89dd83872c", "longitude": -39.8967, "latitude": -17.5636, "data_hora_gmt": "2026-04-19T21:20:00Z", "data_pas": "2026-04-19", "satelite": "GOES-19", "municipio": "CARAVELAS", "estado": "BAHIA", "pais": "Brasil", "precipitacao": 0, "numero_dias_sem_chuva": 3, "risco_fogo": 0.42, "bioma": "Mata Atlântica", "id_0": 33, "id_1": 29, "id_2": 2906907, "continente_id": 8, "vegetacao": "Savana arbórea; Caatinga fechada", "grade_wrs": "216_072", "frp": 114.8}, "bbox": [-39.8967, -17.5636, -39.8967, -17.5636]}, {"type": "Feature", "id": "focos_48h_br_todosats.fid--211a0569_19dac319c32_6e58", "geometry": {"type": "Point", "coordinates": [-44.0198, -13.4802]}, "geometry_name": "geometria", "properties": {"id_foco_bdq": 1814771031, "foco_id": "ca5c9c8c-368e-3a66-ad68-eec8b5616660", "longitude": -44.0198, "latitude": -13.4802, "data_hora_gmt": "2026-04-19T21:30:00Z", "data_pas": "2026-04-19", "satelite": "GOES-19", "municipio": "SÃO FÉLIX DO CORIBE", "estado": "BAHIA", "pais": "Brasil", "precipitacao": 0.55, "numero_dias_sem_chuva": 2, "risco_fogo": 0.3, "bioma": "Cerrado", "id_0": 33, "id_1": 29, "id_2": 2929057, "continente_id": 8, "vegetacao": "Savana arbórea; Caatinga fechada", "grade_wrs": "219_069", "frp": 84.8}, "bbox": [-44.0198, -13.4802, -44.0198, -13.4802]}, {"type": "Feature", "id": "focos_48h_br_todosats.fid--211a0569_19dac319c32_6e59", "geometry": {"type": "Point", "coordinates": [-44.0233, -13.4608]}, "geometry_name": "geometria", "properties": {"id_foco_bdq": 1814771023, "foco_id": "cb0663bc-c22f-3fca-9677-b663fad68c4c", "longitude": -44.0233, "latitude": -13.4608, "data_hora_gmt": "2026-04-19T21:30:00Z", "data_pas": "2026-04-19", "satelite": "GOES-19", "municipio": "SÃO FÉLIX DO CORIBE", "estado": "BAHIA", "pais": "Brasil", "precipitacao": 0.64, "numero_dias_sem_chuva": 0, "risco_fogo": 0.28, "bioma": "Cerrado", "id_0": 33, "id_1": 29, "id_2": 2929057, "continente_id": 8, "vegetacao": "Savana arbórea; Caatinga fechada", "grade_wrs": "219_069", "frp": 83}, "bbox": [-44.0233, -13.4608, -44.0233, -13.4608]}, {"type": "Feature", "id": "focos_48h_br_todosats.fid--211a0569_19dac319c32_6e5a", "geometry": {"type": "Point", "coordinates": [-49.9148, -16.5518]}, "geometry_name": "geometria", "properties": {"id_foco_bdq": 1814771638, "foco_id": "89513988-6e77-37ff-acec-8ae68e04497f", "longitude": -49.9148, "latitude": -16.5518, "data_hora_gmt": "2026-04-19T21:50:00Z", "data_pas": "2026-04-19", "satelite": "GOES-19", "municipio": "NAZÁRIO", "estado": "GOIÁS", "pais": "Brasil", "precipitacao": 0, "numero_dias_sem_chuva": 0, "risco_fogo": 0.82, "bioma": "Cerrado", "id_0": 33, "id_1": 52, "id_2": 5214408, "continente_id": 8, "vegetacao": "Pastagens e gramíneas", "grade_wrs": "222_071", "frp": 82.9}, "bbox": [-49.9148, -16.5518, -49.9148, -16.5518]}, {"type": "Feature", "id": "focos_48h_br_todosats.fid--211a0569_19dac319c32_6e5b", "geometry": {"type": "Point", "coordinates": [-49.3029, -19.2481]}, "geometry_name": "geometria", "properties": {"id_foco_bdq": 1814774464, "foco_id": "8959d33e-057b-34c4-8505-b8de296b4374", "longitude": -49.3029, "latitude": -19.2481, "data_hora_gmt": "2026-04-19T21:50:00Z", "data_pas": "2026-04-19", "satelite": "GOES-19", "municipio": "PRATA", "estado": "MINAS GERAIS", "pais": "Brasil", "precipitacao": 0, "numero_dias_sem_chuva": 9, "risco_fogo": 0.82, "bioma": "Cerrado", "id_0": 33, "id_1": 31, "id_2": 3152808, "continente_id": 8, "vegetacao": "Agricultura e diversos", "grade_wrs": "221_073", "frp": 123.5}, "bbox": [-49.3029, -19.2481, -49.3029, -19.2481]}, {"type": "Feature", "id": "focos_48h_br_todosats.fid--211a0569_19dac319c32_6e5c", "geometry": {"type": "Point", "coordinates": [-51.8334, -23.6127]}, "geometry_name": "geometria", "properties": {"id_foco_bdq": 1814778211, "foco_id": "a37c54d3-47f5-3995-b368-08e824d17c31", "longitude": -51.8334, "latitude": -23.6127, "data_hora_gmt": "2026-04-19T22:00:00Z", "data_pas": "2026-04-19", "satelite": "GOES-19", "municipio": "MARIALVA", "estado": "PARANÁ", "pais": "Brasil", "precipitacao": 0, "numero_dias_sem_chuva": 3, "risco_fogo": 0.47, "bioma": "Mata Atlântica", "id_0": 33, "id_1": 41, "id_2": 4114807, "continente_id": 8, "vegetacao": "Agricultura e diversos", "grade_wrs": "222_076", "frp": 76.6}, "bbox": [-51.8334, -23.6127, -51.8334, -23.6127]}, {"type": "Feature", "id": "focos_48h_br_todosats.fid--211a0569_19dac319c32_6e5d", "geometry": {"type": "Point", "coordinates": [-44.0198, -13.4802]}, "geometry_name": "geometria", "properties": {"id_foco_bdq": 1814779314, "foco_id": "0a59e131-0fcb-3f88-9ef8-bec5805ad910", "longitude": -44.0198, "latitude": -13.4802, "data_hora_gmt": "2026-04-19T22:00:00Z", "data_pas": "2026-04-19", "satelite": "GOES-19", "municipio": "SÃO FÉLIX DO CORIBE", "estado": "BAHIA", "pais": "Brasil", "precipitacao": 0.55, "numero_dias_sem_chuva": 2, "risco_fogo": 0.3, "bioma": "Cerrado", "id_0": 33, "id_1": 29, "id_2": 2929057, "continente_id": 8, "vegetacao": "Savana arbórea; Caatinga fechada", "grade_wrs": "219_069", "frp": 84.5}, "bbox": [-44.0198, -13.4802, -44.0198, -13.4802]}, {"type": "Feature", "id": "focos_48h_br_todosats.fid--211a0569_19dac319c32_6e5e", "geometry": {"type": "Point", "coordinates": [-51.8563, -23.612]}, "geometry_name": "geometria", "properties": {"id_foco_bdq": 1814778478, "foco_id": "062f94e8-afa9-30cb-bbab-4e0b098bbce0", "longitude": -51.8563, "latitude": -23.612, "data_hora_gmt": "2026-04-19T22:00:00Z", "data_pas": "2026-04-19", "satelite": "GOES-19", "municipio": "MARIALVA", "estado": "PARANÁ", "pais": "Brasil", "precipitacao": 0, "numero_dias_sem_chuva": 3, "risco_fogo": 0.47, "bioma": "Mata Atlântica", "id_0": 33, "id_1": 41, "id_2": 4114807, "continente_id": 8, "vegetacao": "Agricultura e diversos", "grade_wrs": "222_076", "frp": 81.9}, "bbox": [-51.8563, -23.612, -51.8563, -23.612]}, {"type": "Feature", "id": "focos_48h_br_todosats.fid--211a0569_19dac319c32_6e5f", "geometry": {"type": "Point", "coordinates": [-49.3029, -19.2481]}, "geometry_name": "geometria", "properties": {"id_foco_bdq": 1814779560, "foco_id": "7078fb67-06c0-3e43-9ac1-c25e1755fce6", "longitude": -49.3029, "latitude": -19.2481, "data_hora_gmt": "2026-04-19T22:10:00Z", "data_pas": "2026-04-19", "satelite": "GOES-19", "municipio": "PRATA", "estado": "MINAS GERAIS", "pais": "Brasil", "precipitacao": 0, "numero_dias_sem_chuva": 9, "risco_fogo": 0.82, "bioma": "Cerrado", "id_0": 33, "id_1": 31, "id_2": 3152808, "continente_id": 8, "vegetacao": "Agricultura e diversos", "grade_wrs": "221_073", "frp": 84.9}, "bbox": [-49.3029, -19.2481, -49.3029, -19.2481]}, {"type": "Feature", "id": "focos_48h_br_todosats.fid--211a0569_19dac319c32_6e60", "geometry": {"type": "Point", "coordinates": [-44.0198, -13.4802]}, "geometry_name": "geometria", "properties": {"id_foco_bdq": 1814779583, "foco_id": "417ea92c-a4d7-33ea-ab2a-91cf0d07e148", "longitude": -44.0198, "latitude": -13.4802, "data_hora_gmt": "2026-04-19T22:30:00Z", "data_pas": "2026-04-19", "satelite": "GOES-19", "municipio": "SÃO FÉLIX DO CORIBE", "estado": "BAHIA", "pais": "Brasil", "precipitacao": 0.55, "numero_dias_sem_chuva": 2, "risco_fogo": 0.3, "bioma": "Cerrado", "id_0": 33, "id_1": 29, "id_2": 2929057, "continente_id": 8, "vegetacao": "Savana arbórea; Caatinga fechada", "grade_wrs": "219_069", "frp": 69.1}, "bbox": [-44.0198, -13.4802, -44.0198, -13.4802]}, {"type": "Feature", "id": "focos_48h_br_todosats.fid--211a0569_19dac319c32_6e61", "geometry": {"type": "Point", "coordinates": [-49.3029, -19.2481]}, "geometry_name": "geometria", "properties": {"id_foco_bdq": 1814779576, "foco_id": "fc85f24e-dbe6-382d-9421-3fe45b0bf68a", "longitude": -49.3029, "latitude": -19.2481, "data_hora_gmt": "2026-04-19T22:30:00Z", "data_pas": "2026-04-19", "satelite": "GOES-19", "municipio": "PRATA", "estado": "MINAS GERAIS", "pais": "Brasil", "precipitacao": 0, "numero_dias_sem_chuva": 9, "risco_fogo": 0.82, "bioma": "Cerrado", "id_0": 33, "id_1": 31, "id_2": 3152808, "continente_id": 8, "vegetacao": "Agricultura e diversos", "grade_wrs": "221_073", "frp": 63}, "bbox": [-49.3029, -19.2481, -49.3029, -19.2481]}, {"type": "Feature", "id": "focos_48h_br_todosats.fid--211a0569_19dac319c32_6e62", "geometry": {"type": "Point", "coordinates": [-49.3029, -19.2481]}, "geometry_name": "geometria", "properties": {"id_foco_bdq": 1814779595, "foco_id": "1b435ff4-2ac4-3869-9487-7bf0a5954d9e", "longitude": -49.3029, "latitude": -19.2481, "data_hora_gmt": "2026-04-19T22:40:00Z", "data_pas": "2026-04-19", "satelite": "GOES-19", "municipio": "PRATA", "estado": "MINAS GERAIS", "pais": "Brasil", "precipitacao": 0, "numero_dias_sem_chuva": 9, "risco_fogo": 0.82, "bioma": "Cerrado", "id_0": 33, "id_1": 31, "id_2": 3152808, "continente_id": 8, "vegetacao": "Agricultura e diversos", "grade_wrs": "221_073", "frp": 100.1}, "bbox": [-49.3029, -19.2481, -49.3029, -19.2481]}, {"type": "Feature", "id": "focos_48h_br_todosats.fid--211a0569_19dac319c32_6e63", "geometry": {"type": "Point", "coordinates": [-60.5458, 2.5621]}, "geometry_name": "geometria", "properties": {"id_foco_bdq": 1814779638, "foco_id": "d06d5e64-8952-316f-b3fc-81023723847a", "longitude": -60.5458, "latitude": 2.5621, "data_hora_gmt": "2026-04-19T22:50:00Z", "data_pas": "2026-04-19", "satelite": "GOES-19", "municipio": "CANTÁ", "estado": "RORAIMA", "pais": "Brasil", "precipitacao": 0.13, "numero_dias_sem_chuva": 0, "risco_fogo": 0.5, "bioma": "Amazônia", "id_0": 33, "id_1": 14, "id_2": 1400175, "continente_id": 8, "vegetacao": "Floresta de contato; Campinarana", "grade_wrs": "232_058", "frp": 57.8}, "bbox": [-60.5458, 2.5621, -60.5458, 2.5621]}, {"type": "Feature", "id": "focos_48h_br_todosats.fid--211a0569_19dac319c32_6e64", "geometry": {"type": "Point", "coordinates": [-49.3029, -19.2481]}, "geometry_name": "geometria", "properties": {"id_foco_bdq": 1814779951, "foco_id": "87efb3fb-d983-3194-a3d2-550e3a798f9e", "longitude": -49.3029, "latitude": -19.2481, "data_hora_gmt": "2026-04-19T22:50:00Z", "data_pas": "2026-04-19", "satelite": "GOES-19", "municipio": "PRATA", "estado": "MINAS GERAIS", "pais": "Brasil", "precipitacao": 0, "numero_dias_sem_chuva": 9, "risco_fogo": 0.82, "bioma": "Cerrado", "id_0": 33, "id_1": 31, "id_2": 3152808, "continente_id": 8, "vegetacao": "Agricultura e diversos", "grade_wrs": "221_073", "frp": 78.4}, "bbox": [-49.3029, -19.2481, -49.3029, -19.2481]}, {"type": "Feature", "id": "focos_48h_br_todosats.fid--211a0569_19dac319c32_6e65", "geometry": {"type": "Point", "coordinates": [-39.511799, -11.4127]}, "geometry_name": "geometria", "properties": {"id_foco_bdq": 1814785540, "foco_id": "6ebd3b1d-1ba8-3f29-bd0c-2c9ce38f4867", "longitude": -39.511799, "latitude": -11.4127, "data_hora_gmt": "2026-04-19T23:13:00Z", "data_pas": "2026-04-19", "satelite": "METOP-B", "municipio": "VALENTE", "estado": "BAHIA", "pais": "Brasil", "precipitacao": 0, "numero_dias_sem_chuva": 10, "risco_fogo": 1, "bioma": "Caatinga", "id_0": 33, "id_1": 29, "id_2": 2933000, "continente_id": 8, "vegetacao": "Pastagens e gramíneas", "grade_wrs": "216_068", "frp": null}, "bbox": [-39.511799, -11.4127, -39.511799, -11.4127]}, {"type": "Feature", "id": "focos_48h_br_todosats.fid--211a0569_19dac319c32_6e66", "geometry": {"type": "Point", "coordinates": [-37.469501, -9.8056]}, "geometry_name": "geometria", "properties": {"id_foco_bdq": 1814785712, "foco_id": "16ff0967-135f-3794-b74c-6b95b8f035b3", "longitude": -37.469501, "latitude": -9.8056, "data_hora_gmt": "2026-04-19T23:13:00Z", "data_pas": "2026-04-19", "satelite": "METOP-B", "municipio": "PORTO DA FOLHA", "estado": "SERGIPE", "pais": "Brasil", "precipitacao": 2.61, "numero_dias_sem_chuva": 3, "risco_fogo": 1, "bioma": "Caatinga", "id_0": 33, "id_1": 28, "id_2": 2805604, "continente_id": 8, "vegetacao": "Pastagens e gramíneas", "grade_wrs": "215_067", "frp": null}, "bbox": [-37.469501, -9.8056, -37.469501, -9.8056]}, {"type": "Feature", "id": "focos_48h_br_todosats.fid--211a0569_19dac319c32_6e67", "geometry": {"type": "Point", "coordinates": [-39.5098, -11.4225]}, "geometry_name": "geometria", "properties": {"id_foco_bdq": 1814785822, "foco_id": "2f14eeda-73ed-3604-a207-83c9b755fe7e", "longitude": -39.5098, "latitude": -11.4225, "data_hora_gmt": "2026-04-19T23:13:00Z", "data_pas": "2026-04-19", "satelite": "METOP-B", "municipio": "VALENTE", "estado": "BAHIA", "pais": "Brasil", "precipitacao": 0, "numero_dias_sem_chuva": 10, "risco_fogo": 1, "bioma": "Caatinga", "id_0": 33, "id_1": 29, "id_2": 2933000, "continente_id": 8, "vegetacao": "Pastagens e gramíneas", "grade_wrs": "216_068", "frp": null}, "bbox": [-39.5098, -11.4225, -39.5098, -11.4225]}, {"type": "Feature", "id": "focos_48h_br_todosats.fid--211a0569_19dac319c32_6e68", "geometry": {"type": "Point", "coordinates": [-37.461399, -9.8038]}, "geometry_name": "geometria", "properties": {"id_foco_bdq": 1814785458, "foco_id": "4f799382-de72-3dc9-8a3c-111fbfbdbaff", "longitude": -37.461399, "latitude": -9.8038, "data_hora_gmt": "2026-04-19T23:13:00Z", "data_pas": "2026-04-19", "satelite": "METOP-B", "municipio": "PORTO DA FOLHA", "estado": "SERGIPE", "pais": "Brasil", "precipitacao": 2.58, "numero_dias_sem_chuva": 3, "risco_fogo": 0.99, "bioma": "Caatinga", "id_0": 33, "id_1": 28, "id_2": 2805604, "continente_id": 8, "vegetacao": "Pastagens e gramíneas", "grade_wrs": "215_067", "frp": null}, "bbox": [-37.461399, -9.8038, -37.461399, -9.8038]}, {"type": "Feature", "id": "focos_48h_br_todosats.fid--211a0569_19dac319c32_6e69", "geometry": {"type": "Point", "coordinates": [-38.437801, -9.9436]}, "geometry_name": "geometria", "properties": {"id_foco_bdq": 1814786383, "foco_id": "df7ffb2e-edb2-3c38-8bdb-3d9b8e1ff30f", "longitude": -38.437801, "latitude": -9.9436, "data_hora_gmt": "2026-04-19T23:46:00Z", "data_pas": "2026-04-19", "satelite": "METOP-C", "municipio": "JEREMOABO", "estado": "BAHIA", "pais": "Brasil", "precipitacao": 3.9, "numero_dias_sem_chuva": 3, "risco_fogo": 0.38, "bioma": "Caatinga", "id_0": 33, "id_1": 29, "id_2": 2918100, "continente_id": 8, "vegetacao": "Savana arbórea; Caatinga fechada", "grade_wrs": "216_067", "frp": null}, "bbox": [-38.437801, -9.9436, -38.437801, -9.9436]}, {"type": "Feature", "id": "focos_48h_br_todosats.fid--211a0569_19dac319c32_6e6a", "geometry": {"type": "Point", "coordinates": [-37.474499, -9.8067]}, "geometry_name": "geometria", "properties": {"id_foco_bdq": 1814786406, "foco_id": "539032ab-5102-36eb-a40d-0813726c5b8f", "longitude": -37.474499, "latitude": -9.8067, "data_hora_gmt": "2026-04-19T23:46:00Z", "data_pas": "2026-04-19", "satelite": "METOP-C", "municipio": "PORTO DA FOLHA", "estado": "SERGIPE", "pais": "Brasil", "precipitacao": 2.62, "numero_dias_sem_chuva": 3, "risco_fogo": 1, "bioma": "Caatinga", "id_0": 33, "id_1": 28, "id_2": 2805604, "continente_id": 8, "vegetacao": "Pastagens e gramíneas", "grade_wrs": "215_067", "frp": null}, "bbox": [-37.474499, -9.8067, -37.474499, -9.8067]}, {"type": "Feature", "id": "focos_48h_br_todosats.fid--211a0569_19dac319c32_6e6b", "geometry": {"type": "Point", "coordinates": [-37.468601, -9.7951]}, "geometry_name": "geometria", "properties": {"id_foco_bdq": 1814786629, "foco_id": "a8813c27-7e8f-3b0b-bffc-291c41eabebd", "longitude": -37.468601, "latitude": -9.7951, "data_hora_gmt": "2026-04-19T23:46:00Z", "data_pas": "2026-04-19", "satelite": "METOP-C", "municipio": "PORTO DA FOLHA", "estado": "SERGIPE", "pais": "Brasil", "precipitacao": 2.4, "numero_dias_sem_chuva": 3, "risco_fogo": 0.62, "bioma": "Caatinga", "id_0": 33, "id_1": 28, "id_2": 2805604, "continente_id": 8, "vegetacao": "Savana; Caatinga aberta", "grade_wrs": "215_067", "frp": null}, "bbox": [-37.468601, -9.7951, -37.468601, -9.7951]}, {"type": "Feature", "id": "focos_48h_br_todosats.fid--211a0569_19dac319c32_6e6c", "geometry": {"type": "Point", "coordinates": [-38.4468, -9.9455]}, "geometry_name": "geometria", "properties": {"id_foco_bdq": 1814786338, "foco_id": "15d4af95-dc95-3f50-afb7-26917e262e50", "longitude": -38.4468, "latitude": -9.9455, "data_hora_gmt": "2026-04-19T23:46:00Z", "data_pas": "2026-04-19", "satelite": "METOP-C", "municipio": "JEREMOABO", "estado": "BAHIA", "pais": "Brasil", "precipitacao": 3.96, "numero_dias_sem_chuva": 3, "risco_fogo": 0.37, "bioma": "Caatinga", "id_0": 33, "id_1": 29, "id_2": 2918100, "continente_id": 8, "vegetacao": "Savana arbórea; Caatinga fechada", "grade_wrs": "216_067", "frp": null}, "bbox": [-38.4468, -9.9455, -38.4468, -9.9455]}, {"type": "Feature", "id": "focos_48h_br_todosats.fid--211a0569_19dac319c32_6e6d", "geometry": {"type": "Point", "coordinates": [-37.476601, -9.7969]}, "geometry_name": "geometria", "properties": {"id_foco_bdq": 1814786221, "foco_id": "719d77e8-ff4d-3b9a-82d4-d29fb87ed427", "longitude": -37.476601, "latitude": -9.7969, "data_hora_gmt": "2026-04-19T23:46:00Z", "data_pas": "2026-04-19", "satelite": "METOP-C", "municipio": "PORTO DA FOLHA", "estado": "SERGIPE", "pais": "Brasil", "precipitacao": 2.44, "numero_dias_sem_chuva": 3, "risco_fogo": 0.64, "bioma": "Caatinga", "id_0": 33, "id_1": 28, "id_2": 2805604, "continente_id": 8, "vegetacao": "Savana; Caatinga aberta", "grade_wrs": "215_067", "frp": null}, "bbox": [-37.476601, -9.7969, -37.476601, -9.7969]}, {"type": "Feature", "id": "focos_48h_br_todosats.fid--211a0569_19dac319c32_6e6e", "geometry": {"type": "Point", "coordinates": [-37.4664, -9.8049]}, "geometry_name": "geometria", "properties": {"id_foco_bdq": 1814786144, "foco_id": "5c9f4a6c-21cb-30e2-8824-8cc870370f8f", "longitude": -37.4664, "latitude": -9.8049, "data_hora_gmt": "2026-04-19T23:46:00Z", "data_pas": "2026-04-19", "satelite": "METOP-C", "municipio": "PORTO DA FOLHA", "estado": "SERGIPE", "pais": "Brasil", "precipitacao": 2.6, "numero_dias_sem_chuva": 3, "risco_fogo": 1, "bioma": "Caatinga", "id_0": 33, "id_1": 28, "id_2": 2805604, "continente_id": 8, "vegetacao": "Pastagens e gramíneas", "grade_wrs": "215_067", "frp": null}, "bbox": [-37.4664, -9.8049, -37.4664, -9.8049]}, {"type": "Feature", "id": "focos_48h_br_todosats.fid--211a0569_19dac319c32_6e6f", "geometry": {"type": "Point", "coordinates": [-46.83478, -17.16298]}, "geometry_name": "geometria", "properties": {"id_foco_bdq": 1814786732, "foco_id": "3f7368e6-9e30-32ee-b60b-eb3689b78291", "longitude": -46.83478, "latitude": -17.16298, "data_hora_gmt": "2026-04-19T23:54:00Z", "data_pas": "2026-04-19", "satelite": "TERRA_M-T", "municipio": "PARACATU", "estado": "MINAS GERAIS", "pais": "Brasil", "precipitacao": 0, "numero_dias_sem_chuva": 9, "risco_fogo": 1, "bioma": "Cerrado", "id_0": 33, "id_1": 31, "id_2": 3147006, "continente_id": 8, "vegetacao": "Pastagens e gramíneas", "grade_wrs": "220_072", "frp": 10.4}, "bbox": [-46.83478, -17.16298, -46.83478, -17.16298]}, {"type": "Feature", "id": "focos_48h_br_todosats.fid--211a0569_19dac319c32_6e70", "geometry": {"type": "Point", "coordinates": [-44.035, -13.47204]}, "geometry_name": "geometria", "properties": {"id_foco_bdq": 1814786751, "foco_id": "f7f6f1b4-adf6-3532-9679-b2e0b5ba90b3", "longitude": -44.035, "latitude": -13.47204, "data_hora_gmt": "2026-04-19T23:56:00Z", "data_pas": "2026-04-19", "satelite": "TERRA_M-T", "municipio": "SÃO FÉLIX DO CORIBE", "estado": "BAHIA", "pais": "Brasil", "precipitacao": 0.6, "numero_dias_sem_chuva": 1, "risco_fogo": 0.29, "bioma": "Cerrado", "id_0": 33, "id_1": 29, "id_2": 2929057, "continente_id": 8, "vegetacao": "Savana arbórea; Caatinga fechada", "grade_wrs": "219_069", "frp": 49.7}, "bbox": [-44.035, -13.47204, -44.035, -13.47204]}, {"type": "Feature", "id": "focos_48h_br_todosats.fid--211a0569_19dac319c32_6e71", "geometry": {"type": "Point", "coordinates": [-46.93572, -14.54944]}, "geometry_name": "geometria", "properties": {"id_foco_bdq": 1814786746, "foco_id": "6a186883-a8fb-3492-bbbe-3a5d0ccd3f12", "longitude": -46.93572, "latitude": -14.54944, "data_hora_gmt": "2026-04-19T23:56:00Z", "data_pas": "2026-04-19", "satelite": "TERRA_M-T", "municipio": "FLORES DE GOIÁS", "estado": "GOIÁS", "pais": "Brasil", "precipitacao": 0.5, "numero_dias_sem_chuva": 8, "risco_fogo": 0.8, "bioma": "Cerrado", "id_0": 33, "id_1": 52, "id_2": 5207907, "continente_id": 8, "vegetacao": "Agricultura e diversos", "grade_wrs": "221_070", "frp": 7.4}, "bbox": [-46.93572, -14.54944, -46.93572, -14.54944]}, {"type": "Feature", "id": "focos_48h_br_todosats.fid--211a0569_19dac319c32_6e72", "geometry": {"type": "Point", "coordinates": [-39.53382, -11.41603]}, "geometry_name": "geometria", "properties": {"id_foco_bdq": 1814786740, "foco_id": "6f0b462c-a43a-3481-95f7-4108c81cb808", "longitude": -39.53382, "latitude": -11.41603, "data_hora_gmt": "2026-04-19T23:56:00Z", "data_pas": "2026-04-19", "satelite": "TERRA_M-T", "municipio": "SÃO DOMINGOS", "estado": "BAHIA", "pais": "Brasil", "precipitacao": 0, "numero_dias_sem_chuva": 10, "risco_fogo": 1, "bioma": "Caatinga", "id_0": 33, "id_1": 29, "id_2": 2928950, "continente_id": 8, "vegetacao": "Pastagens e gramíneas", "grade_wrs": "216_068", "frp": 7.8}, "bbox": [-39.53382, -11.41603, -39.53382, -11.41603]}, {"type": "Feature", "id": "focos_48h_br_todosats.fid--211a0569_19dac319c32_6e73", "geometry": {"type": "Point", "coordinates": [-37.48291, -9.80596]}, "geometry_name": "geometria", "properties": {"id_foco_bdq": 1814786757, "foco_id": "49b0a355-6396-3e5b-b52d-a7d735c499d8", "longitude": -37.48291, "latitude": -9.80596, "data_hora_gmt": "2026-04-19T23:56:00Z", "data_pas": "2026-04-19", "satelite": "TERRA_M-T", "municipio": "PORTO DA FOLHA", "estado": "SERGIPE", "pais": "Brasil", "precipitacao": 2.61, "numero_dias_sem_chuva": 3, "risco_fogo": 1, "bioma": "Caatinga", "id_0": 33, "id_1": 28, "id_2": 2805604, "continente_id": 8, "vegetacao": "Pastagens e gramíneas", "grade_wrs": "215_067", "frp": 20.1}, "bbox": [-37.48291, -9.80596, -37.48291, -9.80596]}, {"type": "Feature", "id": "focos_48h_br_todosats.fid--211a0569_19dac319c32_6e74", "geometry": {"type": "Point", "coordinates": [-38.44992, -9.94593]}, "geometry_name": "geometria", "properties": {"id_foco_bdq": 1814786758, "foco_id": "c934be95-38d3-33a3-b69d-cbd50f3edb56", "longitude": -38.44992, "latitude": -9.94593, "data_hora_gmt": "2026-04-19T23:56:00Z", "data_pas": "2026-04-19", "satelite": "TERRA_M-T", "municipio": "JEREMOABO", "estado": "BAHIA", "pais": "Brasil", "precipitacao": 3.99, "numero_dias_sem_chuva": 3, "risco_fogo": 0.37, "bioma": "Caatinga", "id_0": 33, "id_1": 29, "id_2": 2918100, "continente_id": 8, "vegetacao": "Savana arbórea; Caatinga fechada", "grade_wrs": "216_067", "frp": 20}, "bbox": [-38.44992, -9.94593, -38.44992, -9.94593]}, {"type": "Feature", "id": "focos_48h_br_todosats.fid--211a0569_19dac319c32_6e75", "geometry": {"type": "Point", "coordinates": [-44.02594, -13.47081]}, "geometry_name": "geometria", "properties": {"id_foco_bdq": 1814786738, "foco_id": "b34f1d4c-c140-3d65-b625-b041524b5044", "longitude": -44.02594, "latitude": -13.47081, "data_hora_gmt": "2026-04-19T23:56:00Z", "data_pas": "2026-04-19", "satelite": "TERRA_M-T", "municipio": "SÃO FÉLIX DO CORIBE", "estado": "BAHIA", "pais": "Brasil", "precipitacao": 0.6, "numero_dias_sem_chuva": 1, "risco_fogo": 0.29, "bioma": "Cerrado", "id_0": 33, "id_1": 29, "id_2": 2929057, "continente_id": 8, "vegetacao": "Savana arbórea; Caatinga fechada", "grade_wrs": "219_069", "frp": 24.6}, "bbox": [-44.02594, -13.47081, -44.02594, -13.47081]}, {"type": "Feature", "id": "focos_48h_br_todosats.fid--211a0569_19dac319c32_6e76", "geometry": {"type": "Point", "coordinates": [-44.44284, -13.6372]}, "geometry_name": "geometria", "properties": {"id_foco_bdq": 1814786754, "foco_id": "7bff5cc5-b067-38e6-ac79-18b112ac4e67", "longitude": -44.44284, "latitude": -13.6372, "data_hora_gmt": "2026-04-19T23:56:00Z", "data_pas": "2026-04-19", "satelite": "TERRA_M-T", "municipio": "CORIBE", "estado": "BAHIA", "pais": "Brasil", "precipitacao": 0.18, "numero_dias_sem_chuva": 8, "risco_fogo": 0.46, "bioma": "Cerrado", "id_0": 33, "id_1": 29, "id_2": 2909109, "continente_id": 8, "vegetacao": "Savana arbórea; Caatinga fechada", "grade_wrs": "219_069", "frp": 4.2}, "bbox": [-44.44284, -13.6372, -44.44284, -13.6372]}, {"type": "Feature", "id": "focos_48h_br_todosats.fid--211a0569_19dac319c32_6e77", "geometry": {"type": "Point", "coordinates": [-56.1469, -21.455601]}, "geometry_name": "geometria", "properties": {"id_foco_bdq": 1814787894, "foco_id": "7982e767-5637-3034-a5d7-14c9208e9b2b", "longitude": -56.1469, "latitude": -21.455601, "data_hora_gmt": "2026-04-20T00:55:00Z", "data_pas": "2026-04-20", "satelite": "METOP-B", "municipio": "JARDIM", "estado": "MATO GROSSO DO SUL", "pais": "Brasil", "precipitacao": null, "numero_dias_sem_chuva": null, "risco_fogo": null, "bioma": "Cerrado", "id_0": 33, "id_1": 50, "id_2": 5005004, "continente_id": 8, "vegetacao": null, "grade_wrs": "225_075", "frp": null}, "bbox": [-56.1469, -21.455601, -56.1469, -21.455601]}, {"type": "Feature", "id": "focos_48h_br_todosats.fid--211a0569_19dac319c32_6e78", "geometry": {"type": "Point", "coordinates": [-51.623199, -23.706699]}, "geometry_name": "geometria", "properties": {"id_foco_bdq": 1814788206, "foco_id": "64994e83-4e7d-38ad-9d7d-a427f7eb6812", "longitude": -51.623199, "latitude": -23.706699, "data_hora_gmt": "2026-04-20T01:28:00Z", "data_pas": "2026-04-20", "satelite": "METOP-C", "municipio": "MARUMBI", "estado": "PARANÁ", "pais": "Brasil", "precipitacao": null, "numero_dias_sem_chuva": null, "risco_fogo": null, "bioma": "Mata Atlântica", "id_0": 33, "id_1": 41, "id_2": 4115507, "continente_id": 8, "vegetacao": null, "grade_wrs": "222_076", "frp": null}, "bbox": [-51.623199, -23.706699, -51.623199, -23.706699]}, {"type": "Feature", "id": "focos_48h_br_todosats.fid--211a0569_19dac319c32_6e79", "geometry": {"type": "Point", "coordinates": [-51.6314, -23.7023]}, "geometry_name": "geometria", "properties": {"id_foco_bdq": 1814788144, "foco_id": "152efe1f-21fa-34ee-b0ad-f48ec70bf22c", "longitude": -51.6314, "latitude": -23.7023, "data_hora_gmt": "2026-04-20T02:00:00Z", "data_pas": "2026-04-20", "satelite": "GOES-19", "municipio": "MARUMBI", "estado": "PARANÁ", "pais": "Brasil", "precipitacao": null, "numero_dias_sem_chuva": null, "risco_fogo": null, "bioma": "Mata Atlântica", "id_0": 33, "id_1": 41, "id_2": 4115507, "continente_id": 8, "vegetacao": null, "grade_wrs": "222_076", "frp": 65.1}, "bbox": [-51.6314, -23.7023, -51.6314, -23.7023]}, {"type": "Feature", "id": "focos_48h_br_todosats.fid--211a0569_19dac319c32_6e7a", "geometry": {"type": "Point", "coordinates": [-37.47605, -9.79729]}, "geometry_name": "geometria", "properties": {"id_foco_bdq": 1814792326, "foco_id": "216f23b5-d139-321c-8743-2fce5779204c", "longitude": -37.47605, "latitude": -9.79729, "data_hora_gmt": "2026-04-20T03:13:00Z", "data_pas": "2026-04-20", "satelite": "NOAA-21", "municipio": "PORTO DA FOLHA", "estado": "SERGIPE", "pais": "Brasil", "precipitacao": null, "numero_dias_sem_chuva": null, "risco_fogo": null, "bioma": "Caatinga", "id_0": 33, "id_1": 28, "id_2": 2805604, "continente_id": 8, "vegetacao": null, "grade_wrs": "215_067", "frp": 1.9}, "bbox": [-37.47605, -9.79729, -37.47605, -9.79729]}, {"type": "Feature", "id": "focos_48h_br_todosats.fid--211a0569_19dac319c32_6e7b", "geometry": {"type": "Point", "coordinates": [-37.47701, -9.80272]}, "geometry_name": "geometria", "properties": {"id_foco_bdq": 1814791790, "foco_id": "8c6c5efa-916e-37ad-9d89-bedc3b4e55d2", "longitude": -37.47701, "latitude": -9.80272, "data_hora_gmt": "2026-04-20T03:13:00Z", "data_pas": "2026-04-20", "satelite": "NOAA-21", "municipio": "PORTO DA FOLHA", "estado": "SERGIPE", "pais": "Brasil", "precipitacao": null, "numero_dias_sem_chuva": null, "risco_fogo": null, "bioma": "Caatinga", "id_0": 33, "id_1": 28, "id_2": 2805604, "continente_id": 8, "vegetacao": null, "grade_wrs": "215_067", "frp": 0.7}, "bbox": [-37.47701, -9.80272, -37.47701, -9.80272]}, {"type": "Feature", "id": "focos_48h_br_todosats.fid--211a0569_19dac319c32_6e7c", "geometry": {"type": "Point", "coordinates": [-38.44487, -9.94394]}, "geometry_name": "geometria", "properties": {"id_foco_bdq": 1814790859, "foco_id": "f6f87812-efd9-3d4e-aa11-cbb18f1ba685", "longitude": -38.44487, "latitude": -9.94394, "data_hora_gmt": "2026-04-20T03:13:00Z", "data_pas": "2026-04-20", "satelite": "NOAA-21", "municipio": "JEREMOABO", "estado": "BAHIA", "pais": "Brasil", "precipitacao": null, "numero_dias_sem_chuva": null, "risco_fogo": null, "bioma": "Caatinga", "id_0": 33, "id_1": 29, "id_2": 2918100, "continente_id": 8, "vegetacao": null, "grade_wrs": "216_067", "frp": 1.8}, "bbox": [-38.44487, -9.94394, -38.44487, -9.94394]}, {"type": "Feature", "id": "focos_48h_br_todosats.fid--211a0569_19dac319c32_6e7d", "geometry": {"type": "Point", "coordinates": [-37.47351, -9.80338]}, "geometry_name": "geometria", "properties": {"id_foco_bdq": 1814791580, "foco_id": "9824e382-cbf3-30ef-b44a-d557e8769d2a", "longitude": -37.47351, "latitude": -9.80338, "data_hora_gmt": "2026-04-20T03:13:00Z", "data_pas": "2026-04-20", "satelite": "NOAA-21", "municipio": "PORTO DA FOLHA", "estado": "SERGIPE", "pais": "Brasil", "precipitacao": null, "numero_dias_sem_chuva": null, "risco_fogo": null, "bioma": "Caatinga", "id_0": 33, "id_1": 28, "id_2": 2805604, "continente_id": 8, "vegetacao": null, "grade_wrs": "215_067", "frp": 0.7}, "bbox": [-37.47351, -9.80338, -37.47351, -9.80338]}, {"type": "Feature", "id": "focos_48h_br_todosats.fid--211a0569_19dac319c32_6e7e", "geometry": {"type": "Point", "coordinates": [-37.46906, -9.7986]}, "geometry_name": "geometria", "properties": {"id_foco_bdq": 1814792401, "foco_id": "73caa93d-a9b6-3897-a6df-816a62d121a7", "longitude": -37.46906, "latitude": -9.7986, "data_hora_gmt": "2026-04-20T03:13:00Z", "data_pas": "2026-04-20", "satelite": "NOAA-21", "municipio": "PORTO DA FOLHA", "estado": "SERGIPE", "pais": "Brasil", "precipitacao": null, "numero_dias_sem_chuva": null, "risco_fogo": null, "bioma": "Caatinga", "id_0": 33, "id_1": 28, "id_2": 2805604, "continente_id": 8, "vegetacao": null, "grade_wrs": "215_067", "frp": 1.6}, "bbox": [-37.46906, -9.7986, -37.46906, -9.7986]}, {"type": "Feature", "id": "focos_48h_br_todosats.fid--211a0569_19dac319c32_6e7f", "geometry": {"type": "Point", "coordinates": [-37.4725, -9.79795]}, "geometry_name": "geometria", "properties": {"id_foco_bdq": 1814790994, "foco_id": "aa4c22d2-ef8b-3e5c-8992-8cb7cbcfa914", "longitude": -37.4725, "latitude": -9.79795, "data_hora_gmt": "2026-04-20T03:13:00Z", "data_pas": "2026-04-20", "satelite": "NOAA-21", "municipio": "PORTO DA FOLHA", "estado": "SERGIPE", "pais": "Brasil", "precipitacao": null, "numero_dias_sem_chuva": null, "risco_fogo": null, "bioma": "Caatinga", "id_0": 33, "id_1": 28, "id_2": 2805604, "continente_id": 8, "vegetacao": null, "grade_wrs": "215_067", "frp": 1.9}, "bbox": [-37.4725, -9.79795, -37.4725, -9.79795]}, {"type": "Feature", "id": "focos_48h_br_todosats.fid--211a0569_19dac319c32_6e80", "geometry": {"type": "Point", "coordinates": [-38.44884, -9.94318]}, "geometry_name": "geometria", "properties": {"id_foco_bdq": 1814792096, "foco_id": "82f706e2-e923-3756-a491-bb72751025be", "longitude": -38.44884, "latitude": -9.94318, "data_hora_gmt": "2026-04-20T03:13:00Z", "data_pas": "2026-04-20", "satelite": "NOAA-21", "municipio": "JEREMOABO", "estado": "BAHIA", "pais": "Brasil", "precipitacao": null, "numero_dias_sem_chuva": null, "risco_fogo": null, "bioma": "Caatinga", "id_0": 33, "id_1": 29, "id_2": 2918100, "continente_id": 8, "vegetacao": null, "grade_wrs": "216_067", "frp": 1.8}, "bbox": [-38.44884, -9.94318, -38.44884, -9.94318]}, {"type": "Feature", "id": "focos_48h_br_todosats.fid--211a0569_19dac319c32_6e81", "geometry": {"type": "Point", "coordinates": [-42.66765, -17.24959]}, "geometry_name": "geometria", "properties": {"id_foco_bdq": 1814790931, "foco_id": "30fe434e-7805-3bc9-a8ec-a788a014d13e", "longitude": -42.66765, "latitude": -17.24959, "data_hora_gmt": "2026-04-20T03:15:00Z", "data_pas": "2026-04-20", "satelite": "NOAA-21", "municipio": "MINAS NOVAS", "estado": "MINAS GERAIS", "pais": "Brasil", "precipitacao": null, "numero_dias_sem_chuva": null, "risco_fogo": null, "bioma": "Cerrado", "id_0": 33, "id_1": 31, "id_2": 3141801, "continente_id": 8, "vegetacao": null, "grade_wrs": "217_072", "frp": 17.5}, "bbox": [-42.66765, -17.24959, -42.66765, -17.24959]}, {"type": "Feature", "id": "focos_48h_br_todosats.fid--211a0569_19dac319c32_6e82", "geometry": {"type": "Point", "coordinates": [-42.66441, -17.24427]}, "geometry_name": "geometria", "properties": {"id_foco_bdq": 1814791502, "foco_id": "dd6be851-7833-37f3-accb-e6ff82b8e8a5", "longitude": -42.66441, "latitude": -17.24427, "data_hora_gmt": "2026-04-20T03:15:00Z", "data_pas": "2026-04-20", "satelite": "NOAA-21", "municipio": "MINAS NOVAS", "estado": "MINAS GERAIS", "pais": "Brasil", "precipitacao": null, "numero_dias_sem_chuva": null, "risco_fogo": null, "bioma": "Cerrado", "id_0": 33, "id_1": 31, "id_2": 3141801, "continente_id": 8, "vegetacao": null, "grade_wrs": "217_072", "frp": 11.5}, "bbox": [-42.66441, -17.24427, -42.66441, -17.24427]}, {"type": "Feature", "id": "focos_48h_br_todosats.fid--211a0569_19dac319c32_6e83", "geometry": {"type": "Point", "coordinates": [-42.67288, -17.24921]}, "geometry_name": "geometria", "properties": {"id_foco_bdq": 1814792131, "foco_id": "2bee6f24-1498-326a-9128-f13c641d9494", "longitude": -42.67288, "latitude": -17.24921, "data_hora_gmt": "2026-04-20T03:15:00Z", "data_pas": "2026-04-20", "satelite": "NOAA-21", "municipio": "MINAS NOVAS", "estado": "MINAS GERAIS", "pais": "Brasil", "precipitacao": null, "numero_dias_sem_chuva": null, "risco_fogo": null, "bioma": "Cerrado", "id_0": 33, "id_1": 31, "id_2": 3141801, "continente_id": 8, "vegetacao": null, "grade_wrs": "217_072", "frp": 11.5}, "bbox": [-42.67288, -17.24921, -42.67288, -17.24921]}, {"type": "Feature", "id": "focos_48h_br_todosats.fid--211a0569_19dac319c32_6e84", "geometry": {"type": "Point", "coordinates": [-42.66135, -17.25104]}, "geometry_name": "geometria", "properties": {"id_foco_bdq": 1814792386, "foco_id": "cce6c72a-7c99-341f-ba01-49b4f13cd666", "longitude": -42.66135, "latitude": -17.25104, "data_hora_gmt": "2026-04-20T03:15:00Z", "data_pas": "2026-04-20", "satelite": "NOAA-21", "municipio": "MINAS NOVAS", "estado": "MINAS GERAIS", "pais": "Brasil", "precipitacao": null, "numero_dias_sem_chuva": null, "risco_fogo": null, "bioma": "Cerrado", "id_0": 33, "id_1": 31, "id_2": 3141801, "continente_id": 8, "vegetacao": null, "grade_wrs": "217_072", "frp": 17.5}, "bbox": [-42.66135, -17.25104, -42.66135, -17.25104]}, {"type": "Feature", "id": "focos_48h_br_todosats.fid--211a0569_19dac319c32_6e85", "geometry": {"type": "Point", "coordinates": [-42.66614, -17.25071]}, "geometry_name": "geometria", "properties": {"id_foco_bdq": 1814792496, "foco_id": "fbc8831b-3f38-3a2b-81d0-8e40cc5eea80", "longitude": -42.66614, "latitude": -17.25071, "data_hora_gmt": "2026-04-20T03:15:00Z", "data_pas": "2026-04-20", "satelite": "NOAA-21", "municipio": "MINAS NOVAS", "estado": "MINAS GERAIS", "pais": "Brasil", "precipitacao": null, "numero_dias_sem_chuva": null, "risco_fogo": null, "bioma": "Cerrado", "id_0": 33, "id_1": 31, "id_2": 3141801, "continente_id": 8, "vegetacao": null, "grade_wrs": "217_072", "frp": 11.5}, "bbox": [-42.66614, -17.25071, -42.66614, -17.25071]}, {"type": "Feature", "id": "focos_48h_br_todosats.fid--211a0569_19dac319c32_6e86", "geometry": {"type": "Point", "coordinates": [-43.08075, -22.48422]}, "geometry_name": "geometria", "properties": {"id_foco_bdq": 1814790927, "foco_id": "aede9d2b-baab-381e-ad02-093c68f4c369", "longitude": -43.08075, "latitude": -22.48422, "data_hora_gmt": "2026-04-20T03:17:00Z", "data_pas": "2026-04-20", "satelite": "NOAA-21", "municipio": "PETRÓPOLIS", "estado": "RIO DE JANEIRO", "pais": "Brasil", "precipitacao": null, "numero_dias_sem_chuva": null, "risco_fogo": null, "bioma": "Mata Atlântica", "id_0": 33, "id_1": 33, "id_2": 3303906, "continente_id": 8, "vegetacao": null, "grade_wrs": "217_076", "frp": 1}, "bbox": [-43.08075, -22.48422, -43.08075, -22.48422]}, {"type": "Feature", "id": "focos_48h_br_todosats.fid--211a0569_19dac319c32_6e87", "geometry": {"type": "Point", "coordinates": [-45.01762, -19.84167]}, "geometry_name": "geometria", "properties": {"id_foco_bdq": 1814791457, "foco_id": "0e2211ec-d763-3b70-bdab-42cadbdb4326", "longitude": -45.01762, "latitude": -19.84167, "data_hora_gmt": "2026-04-20T03:17:00Z", "data_pas": "2026-04-20", "satelite": "NOAA-21", "municipio": "NOVA SERRANA", "estado": "MINAS GERAIS", "pais": "Brasil", "precipitacao": null, "numero_dias_sem_chuva": null, "risco_fogo": null, "bioma": "Cerrado", "id_0": 33, "id_1": 31, "id_2": 3145208, "continente_id": 8, "vegetacao": null, "grade_wrs": "219_074", "frp": 11.8}, "bbox": [-45.01762, -19.84167, -45.01762, -19.84167]}, {"type": "Feature", "id": "focos_48h_br_todosats.fid--211a0569_19dac319c32_6e88", "geometry": {"type": "Point", "coordinates": [-43.07724, -22.48619]}, "geometry_name": "geometria", "properties": {"id_foco_bdq": 1814791674, "foco_id": "65bfadba-20a4-35ea-842b-2c5051595562", "longitude": -43.07724, "latitude": -22.48619, "data_hora_gmt": "2026-04-20T03:17:00Z", "data_pas": "2026-04-20", "satelite": "NOAA-21", "municipio": "PETRÓPOLIS", "estado": "RIO DE JANEIRO", "pais": "Brasil", "precipitacao": null, "numero_dias_sem_chuva": null, "risco_fogo": null, "bioma": "Mata Atlântica", "id_0": 33, "id_1": 33, "id_2": 3303906, "continente_id": 8, "vegetacao": null, "grade_wrs": "217_076", "frp": 1.5}, "bbox": [-43.07724, -22.48619, -43.07724, -22.48619]}, {"type": "Feature", "id": "focos_48h_br_todosats.fid--211a0569_19dac319c32_6e89", "geometry": {"type": "Point", "coordinates": [-43.07393, -22.49334]}, "geometry_name": "geometria", "properties": {"id_foco_bdq": 1814791260, "foco_id": "de0896d6-ec94-37f1-a5e2-ffc3e5594461", "longitude": -43.07393, "latitude": -22.49334, "data_hora_gmt": "2026-04-20T03:17:00Z", "data_pas": "2026-04-20", "satelite": "NOAA-21", "municipio": "MAGÉ", "estado": "RIO DE JANEIRO", "pais": "Brasil", "precipitacao": null, "numero_dias_sem_chuva": null, "risco_fogo": null, "bioma": "Mata Atlântica", "id_0": 33, "id_1": 33, "id_2": 3302502, "continente_id": 8, "vegetacao": null, "grade_wrs": "217_076", "frp": 1.5}, "bbox": [-43.07393, -22.49334, -43.07393, -22.49334]}, {"type": "Feature", "id": "focos_48h_br_todosats.fid--211a0569_19dac319c32_6e8a", "geometry": {"type": "Point", "coordinates": [-45.01832, -19.84467]}, "geometry_name": "geometria", "properties": {"id_foco_bdq": 1814791657, "foco_id": "eca5cef0-a81c-39cd-8499-8faf709e5502", "longitude": -45.01832, "latitude": -19.84467, "data_hora_gmt": "2026-04-20T03:17:00Z", "data_pas": "2026-04-20", "satelite": "NOAA-21", "municipio": "NOVA SERRANA", "estado": "MINAS GERAIS", "pais": "Brasil", "precipitacao": null, "numero_dias_sem_chuva": null, "risco_fogo": null, "bioma": "Cerrado", "id_0": 33, "id_1": 31, "id_2": 3145208, "continente_id": 8, "vegetacao": null, "grade_wrs": "219_074", "frp": 15.7}, "bbox": [-45.01832, -19.84467, -45.01832, -19.84467]}, {"type": "Feature", "id": "focos_48h_br_todosats.fid--211a0569_19dac319c32_6e8b", "geometry": {"type": "Point", "coordinates": [-43.07075, -22.49291]}, "geometry_name": "geometria", "properties": {"id_foco_bdq": 1814791518, "foco_id": "0a5339ea-66ae-37e7-b375-623e21987b9b", "longitude": -43.07075, "latitude": -22.49291, "data_hora_gmt": "2026-04-20T03:17:00Z", "data_pas": "2026-04-20", "satelite": "NOAA-21", "municipio": "MAGÉ", "estado": "RIO DE JANEIRO", "pais": "Brasil", "precipitacao": null, "numero_dias_sem_chuva": null, "risco_fogo": null, "bioma": "Mata Atlântica", "id_0": 33, "id_1": 33, "id_2": 3302502, "continente_id": 8, "vegetacao": null, "grade_wrs": "217_076", "frp": 1.4}, "bbox": [-43.07075, -22.49291, -43.07075, -22.49291]}, {"type": "Feature", "id": "focos_48h_br_todosats.fid--211a0569_19dac319c32_6e8c", "geometry": {"type": "Point", "coordinates": [-43.07571, -22.49175]}, "geometry_name": "geometria", "properties": {"id_foco_bdq": 1814791479, "foco_id": "e658e4b0-02d0-3e06-990e-4a1d2ebfb515", "longitude": -43.07571, "latitude": -22.49175, "data_hora_gmt": "2026-04-20T03:17:00Z", "data_pas": "2026-04-20", "satelite": "NOAA-21", "municipio": "MAGÉ", "estado": "RIO DE JANEIRO", "pais": "Brasil", "precipitacao": null, "numero_dias_sem_chuva": null, "risco_fogo": null, "bioma": "Mata Atlântica", "id_0": 33, "id_1": 33, "id_2": 3302502, "continente_id": 8, "vegetacao": null, "grade_wrs": "217_076", "frp": 3.5}, "bbox": [-43.07571, -22.49175, -43.07571, -22.49175]}, {"type": "Feature", "id": "focos_48h_br_todosats.fid--211a0569_19dac319c32_6e8d", "geometry": {"type": "Point", "coordinates": [-43.07902, -22.49212]}, "geometry_name": "geometria", "properties": {"id_foco_bdq": 1814792738, "foco_id": "4954fd2e-c479-315d-8e78-4492c8efb58d", "longitude": -43.07902, "latitude": -22.49212, "data_hora_gmt": "2026-04-20T03:17:00Z", "data_pas": "2026-04-20", "satelite": "NOAA-21", "municipio": "PETRÓPOLIS", "estado": "RIO DE JANEIRO", "pais": "Brasil", "precipitacao": null, "numero_dias_sem_chuva": null, "risco_fogo": null, "bioma": "Mata Atlântica", "id_0": 33, "id_1": 33, "id_2": 3303906, "continente_id": 8, "vegetacao": null, "grade_wrs": "217_076", "frp": 1.5}, "bbox": [-43.07902, -22.49212, -43.07902, -22.49212]}, {"type": "Feature", "id": "focos_48h_br_todosats.fid--211a0569_19dac319c32_6e8e", "geometry": {"type": "Point", "coordinates": [-37.47216, -9.79874]}, "geometry_name": "geometria", "properties": {"id_foco_bdq": 1814795226, "foco_id": "ea6463e3-0455-372d-abbe-0de47bf6b0af", "longitude": -37.47216, "latitude": -9.79874, "data_hora_gmt": "2026-04-20T03:45:00Z", "data_pas": "2026-04-20", "satelite": "NPP-375D", "municipio": "PORTO DA FOLHA", "estado": "SERGIPE", "pais": "Brasil", "precipitacao": null, "numero_dias_sem_chuva": null, "risco_fogo": null, "bioma": "Caatinga", "id_0": 33, "id_1": 28, "id_2": 2805604, "continente_id": 8, "vegetacao": null, "grade_wrs": "215_067", "frp": 2}, "bbox": [-37.47216, -9.79874, -37.47216, -9.79874]}, {"type": "Feature", "id": "focos_48h_br_todosats.fid--211a0569_19dac319c32_6e8f", "geometry": {"type": "Point", "coordinates": [-37.46806, -9.79942]}, "geometry_name": "geometria", "properties": {"id_foco_bdq": 1814796241, "foco_id": "d7d4bc5f-9243-3134-b8c4-8d25a1461aaf", "longitude": -37.46806, "latitude": -9.79942, "data_hora_gmt": "2026-04-20T03:45:00Z", "data_pas": "2026-04-20", "satelite": "NPP-375D", "municipio": "PORTO DA FOLHA", "estado": "SERGIPE", "pais": "Brasil", "precipitacao": null, "numero_dias_sem_chuva": null, "risco_fogo": null, "bioma": "Caatinga", "id_0": 33, "id_1": 28, "id_2": 2805604, "continente_id": 8, "vegetacao": null, "grade_wrs": "215_067", "frp": 0.5}, "bbox": [-37.46806, -9.79942, -37.46806, -9.79942]}, {"type": "Feature", "id": "focos_48h_br_todosats.fid--211a0569_19dac319c32_6e90", "geometry": {"type": "Point", "coordinates": [-37.4763, -9.79804]}, "geometry_name": "geometria", "properties": {"id_foco_bdq": 1814796186, "foco_id": "087068cf-e2f6-3d12-a8fd-6b3843b28eca", "longitude": -37.4763, "latitude": -9.79804, "data_hora_gmt": "2026-04-20T03:45:00Z", "data_pas": "2026-04-20", "satelite": "NPP-375D", "municipio": "PORTO DA FOLHA", "estado": "SERGIPE", "pais": "Brasil", "precipitacao": null, "numero_dias_sem_chuva": null, "risco_fogo": null, "bioma": "Caatinga", "id_0": 33, "id_1": 28, "id_2": 2805604, "continente_id": 8, "vegetacao": null, "grade_wrs": "215_067", "frp": 2}, "bbox": [-37.4763, -9.79804, -37.4763, -9.79804]}, {"type": "Feature", "id": "focos_48h_br_todosats.fid--211a0569_19dac319c32_6e91", "geometry": {"type": "Point", "coordinates": [-37.47277, -9.80232]}, "geometry_name": "geometria", "properties": {"id_foco_bdq": 1814794093, "foco_id": "d0663a57-f7ec-3a7e-afbd-b152a8b6177e", "longitude": -37.47277, "latitude": -9.80232, "data_hora_gmt": "2026-04-20T03:45:00Z", "data_pas": "2026-04-20", "satelite": "NPP-375D", "municipio": "PORTO DA FOLHA", "estado": "SERGIPE", "pais": "Brasil", "precipitacao": null, "numero_dias_sem_chuva": null, "risco_fogo": null, "bioma": "Caatinga", "id_0": 33, "id_1": 28, "id_2": 2805604, "continente_id": 8, "vegetacao": null, "grade_wrs": "215_067", "frp": 2}, "bbox": [-37.47277, -9.80232, -37.47277, -9.80232]}, {"type": "Feature", "id": "focos_48h_br_todosats.fid--211a0569_19dac319c32_6e92", "geometry": {"type": "Point", "coordinates": [-37.04403, -9.66803]}, "geometry_name": "geometria", "properties": {"id_foco_bdq": 1814796050, "foco_id": "4fa67fe9-a92d-316d-9d2d-7fc3b9b347d8", "longitude": -37.04403, "latitude": -9.66803, "data_hora_gmt": "2026-04-20T03:45:00Z", "data_pas": "2026-04-20", "satelite": "NPP-375D", "municipio": "JARAMATAIA", "estado": "ALAGOAS", "pais": "Brasil", "precipitacao": null, "numero_dias_sem_chuva": null, "risco_fogo": null, "bioma": "Caatinga", "id_0": 33, "id_1": 27, "id_2": 2703700, "continente_id": 8, "vegetacao": null, "grade_wrs": "215_067", "frp": 0.6}, "bbox": [-37.04403, -9.66803, -37.04403, -9.66803]}, {"type": "Feature", "id": "focos_48h_br_todosats.fid--211a0569_19dac319c32_6e93", "geometry": {"type": "Point", "coordinates": [-37.46866, -9.80301]}, "geometry_name": "geometria", "properties": {"id_foco_bdq": 1814794379, "foco_id": "514b5c16-7234-3e6f-9704-5117fbd18d23", "longitude": -37.46866, "latitude": -9.80301, "data_hora_gmt": "2026-04-20T03:45:00Z", "data_pas": "2026-04-20", "satelite": "NPP-375D", "municipio": "PORTO DA FOLHA", "estado": "SERGIPE", "pais": "Brasil", "precipitacao": null, "numero_dias_sem_chuva": null, "risco_fogo": null, "bioma": "Caatinga", "id_0": 33, "id_1": 28, "id_2": 2805604, "continente_id": 8, "vegetacao": null, "grade_wrs": "215_067", "frp": 0.5}, "bbox": [-37.46866, -9.80301, -37.46866, -9.80301]}, {"type": "Feature", "id": "focos_48h_br_todosats.fid--211a0569_19dac319c32_6e94", "geometry": {"type": "Point", "coordinates": [-37.84391, -11.61164]}, "geometry_name": "geometria", "properties": {"id_foco_bdq": 1814796015, "foco_id": "d85482d6-62b6-3c2b-9e21-1ba5e8677c25", "longitude": -37.84391, "latitude": -11.61164, "data_hora_gmt": "2026-04-20T03:45:00Z", "data_pas": "2026-04-20", "satelite": "NPP-375D", "municipio": "RIO REAL", "estado": "BAHIA", "pais": "Brasil", "precipitacao": null, "numero_dias_sem_chuva": null, "risco_fogo": null, "bioma": "Mata Atlântica", "id_0": 33, "id_1": 29, "id_2": 2927002, "continente_id": 8, "vegetacao": null, "grade_wrs": "215_068", "frp": 1}, "bbox": [-37.84391, -11.61164, -37.84391, -11.61164]}, {"type": "Feature", "id": "focos_48h_br_todosats.fid--211a0569_19dac319c32_6e95", "geometry": {"type": "Point", "coordinates": [-38.44468, -9.94718]}, "geometry_name": "geometria", "properties": {"id_foco_bdq": 1814794637, "foco_id": "5bc11ca3-40e9-3d68-b86c-92eae9cae922", "longitude": -38.44468, "latitude": -9.94718, "data_hora_gmt": "2026-04-20T03:45:00Z", "data_pas": "2026-04-20", "satelite": "NPP-375D", "municipio": "JEREMOABO", "estado": "BAHIA", "pais": "Brasil", "precipitacao": null, "numero_dias_sem_chuva": null, "risco_fogo": null, "bioma": "Caatinga", "id_0": 33, "id_1": 29, "id_2": 2918100, "continente_id": 8, "vegetacao": null, "grade_wrs": "216_067", "frp": 3.7}, "bbox": [-38.44468, -9.94718, -38.44468, -9.94718]}, {"type": "Feature", "id": "focos_48h_br_todosats.fid--211a0569_19dac319c32_6e96", "geometry": {"type": "Point", "coordinates": [-37.47751, -9.80522]}, "geometry_name": "geometria", "properties": {"id_foco_bdq": 1814794708, "foco_id": "0960cfc0-db83-34ea-9430-f3f13b30a394", "longitude": -37.47751, "latitude": -9.80522, "data_hora_gmt": "2026-04-20T03:45:00Z", "data_pas": "2026-04-20", "satelite": "NPP-375D", "municipio": "PORTO DA FOLHA", "estado": "SERGIPE", "pais": "Brasil", "precipitacao": null, "numero_dias_sem_chuva": null, "risco_fogo": null, "bioma": "Caatinga", "id_0": 33, "id_1": 28, "id_2": 2805604, "continente_id": 8, "vegetacao": null, "grade_wrs": "215_067", "frp": 0.8}, "bbox": [-37.47751, -9.80522, -37.47751, -9.80522]}, {"type": "Feature", "id": "focos_48h_br_todosats.fid--211a0569_19dac319c32_6e97", "geometry": {"type": "Point", "coordinates": [-38.44922, -9.9464]}, "geometry_name": "geometria", "properties": {"id_foco_bdq": 1814795282, "foco_id": "beb16cf0-eec8-31ea-8b3c-1841f6e4708f", "longitude": -38.44922, "latitude": -9.9464, "data_hora_gmt": "2026-04-20T03:45:00Z", "data_pas": "2026-04-20", "satelite": "NPP-375D", "municipio": "JEREMOABO", "estado": "BAHIA", "pais": "Brasil", "precipitacao": null, "numero_dias_sem_chuva": null, "risco_fogo": null, "bioma": "Caatinga", "id_0": 33, "id_1": 29, "id_2": 2918100, "continente_id": 8, "vegetacao": null, "grade_wrs": "216_067", "frp": 2.6}, "bbox": [-38.44922, -9.9464, -38.44922, -9.9464]}, {"type": "Feature", "id": "focos_48h_br_todosats.fid--211a0569_19dac319c32_6e98", "geometry": {"type": "Point", "coordinates": [-37.4769, -9.80163]}, "geometry_name": "geometria", "properties": {"id_foco_bdq": 1814794799, "foco_id": "b30dcdd5-eced-3df6-9ad9-7b99382febe8", "longitude": -37.4769, "latitude": -9.80163, "data_hora_gmt": "2026-04-20T03:45:00Z", "data_pas": "2026-04-20", "satelite": "NPP-375D", "municipio": "PORTO DA FOLHA", "estado": "SERGIPE", "pais": "Brasil", "precipitacao": null, "numero_dias_sem_chuva": null, "risco_fogo": null, "bioma": "Caatinga", "id_0": 33, "id_1": 28, "id_2": 2805604, "continente_id": 8, "vegetacao": null, "grade_wrs": "215_067", "frp": 2}, "bbox": [-37.4769, -9.80163, -37.4769, -9.80163]}, {"type": "Feature", "id": "focos_48h_br_todosats.fid--211a0569_19dac319c32_6e99", "geometry": {"type": "Point", "coordinates": [-37.47339, -9.80591]}, "geometry_name": "geometria", "properties": {"id_foco_bdq": 1814795179, "foco_id": "4dd5c1c8-8670-3dfd-8b18-3ed4741c498e", "longitude": -37.47339, "latitude": -9.80591, "data_hora_gmt": "2026-04-20T03:45:00Z", "data_pas": "2026-04-20", "satelite": "NPP-375D", "municipio": "PORTO DA FOLHA", "estado": "SERGIPE", "pais": "Brasil", "precipitacao": null, "numero_dias_sem_chuva": null, "risco_fogo": null, "bioma": "Caatinga", "id_0": 33, "id_1": 28, "id_2": 2805604, "continente_id": 8, "vegetacao": null, "grade_wrs": "215_067", "frp": 0.8}, "bbox": [-37.47339, -9.80591, -37.47339, -9.80591]}, {"type": "Feature", "id": "focos_48h_br_todosats.fid--211a0569_19dac319c32_6e9a", "geometry": {"type": "Point", "coordinates": [-42.66267, -17.24804]}, "geometry_name": "geometria", "properties": {"id_foco_bdq": 1814795303, "foco_id": "cb83cacb-a16b-324a-bf53-6b8ce3fd2de8", "longitude": -42.66267, "latitude": -17.24804, "data_hora_gmt": "2026-04-20T03:47:00Z", "data_pas": "2026-04-20", "satelite": "NPP-375D", "municipio": "MINAS NOVAS", "estado": "MINAS GERAIS", "pais": "Brasil", "precipitacao": null, "numero_dias_sem_chuva": null, "risco_fogo": null, "bioma": "Cerrado", "id_0": 33, "id_1": 31, "id_2": 3141801, "continente_id": 8, "vegetacao": null, "grade_wrs": "217_072", "frp": 9.7}, "bbox": [-42.66267, -17.24804, -42.66267, -17.24804]}, {"type": "Feature", "id": "focos_48h_br_todosats.fid--211a0569_19dac319c32_6e9b", "geometry": {"type": "Point", "coordinates": [-43.07626, -22.48948]}, "geometry_name": "geometria", "properties": {"id_foco_bdq": 1814794939, "foco_id": "168e88c5-4c46-3446-af14-a26d1e2ecf81", "longitude": -43.07626, "latitude": -22.48948, "data_hora_gmt": "2026-04-20T03:47:00Z", "data_pas": "2026-04-20", "satelite": "NPP-375D", "municipio": "MAGÉ", "estado": "RIO DE JANEIRO", "pais": "Brasil", "precipitacao": null, "numero_dias_sem_chuva": null, "risco_fogo": null, "bioma": "Mata Atlântica", "id_0": 33, "id_1": 33, "id_2": 3302502, "continente_id": 8, "vegetacao": null, "grade_wrs": "217_076", "frp": 0.7}, "bbox": [-43.07626, -22.48948, -43.07626, -22.48948]}, {"type": "Feature", "id": "focos_48h_br_todosats.fid--211a0569_19dac319c32_6e9c", "geometry": {"type": "Point", "coordinates": [-44.03436, -13.47559]}, "geometry_name": "geometria", "properties": {"id_foco_bdq": 1814794745, "foco_id": "a85d5886-a16e-38cc-bd97-e6b0e3e8a7f2", "longitude": -44.03436, "latitude": -13.47559, "data_hora_gmt": "2026-04-20T03:47:00Z", "data_pas": "2026-04-20", "satelite": "NPP-375D", "municipio": "SÃO FÉLIX DO CORIBE", "estado": "BAHIA", "pais": "Brasil", "precipitacao": null, "numero_dias_sem_chuva": null, "risco_fogo": null, "bioma": "Cerrado", "id_0": 33, "id_1": 29, "id_2": 2929057, "continente_id": 8, "vegetacao": null, "grade_wrs": "219_069", "frp": 0.7}, "bbox": [-44.03436, -13.47559, -44.03436, -13.47559]}, {"type": "Feature", "id": "focos_48h_br_todosats.fid--211a0569_19dac319c32_6e9d", "geometry": {"type": "Point", "coordinates": [-43.07563, -22.48538]}, "geometry_name": "geometria", "properties": {"id_foco_bdq": 1814794119, "foco_id": "e976ada1-3979-38e2-98fb-3e33280e1907", "longitude": -43.07563, "latitude": -22.48538, "data_hora_gmt": "2026-04-20T03:47:00Z", "data_pas": "2026-04-20", "satelite": "NPP-375D", "municipio": "PETRÓPOLIS", "estado": "RIO DE JANEIRO", "pais": "Brasil", "precipitacao": null, "numero_dias_sem_chuva": null, "risco_fogo": null, "bioma": "Mata Atlântica", "id_0": 33, "id_1": 33, "id_2": 3303906, "continente_id": 8, "vegetacao": null, "grade_wrs": "217_076", "frp": 0.7}, "bbox": [-43.07563, -22.48538, -43.07563, -22.48538]}, {"type": "Feature", "id": "focos_48h_br_todosats.fid--211a0569_19dac319c32_6e9e", "geometry": {"type": "Point", "coordinates": [-43.07225, -22.49025]}, "geometry_name": "geometria", "properties": {"id_foco_bdq": 1814796586, "foco_id": "d9819b0e-c7dc-3786-937c-1f628d59be32", "longitude": -43.07225, "latitude": -22.49025, "data_hora_gmt": "2026-04-20T03:47:00Z", "data_pas": "2026-04-20", "satelite": "NPP-375D", "municipio": "MAGÉ", "estado": "RIO DE JANEIRO", "pais": "Brasil", "precipitacao": null, "numero_dias_sem_chuva": null, "risco_fogo": null, "bioma": "Mata Atlântica", "id_0": 33, "id_1": 33, "id_2": 3302502, "continente_id": 8, "vegetacao": null, "grade_wrs": "217_076", "frp": 0.6}, "bbox": [-43.07225, -22.49025, -43.07225, -22.49025]}, {"type": "Feature", "id": "focos_48h_br_todosats.fid--211a0569_19dac319c32_6e9f", "geometry": {"type": "Point", "coordinates": [-42.66725, -17.24717]}, "geometry_name": "geometria", "properties": {"id_foco_bdq": 1814795027, "foco_id": "d3ccb9f0-f458-3ac0-98a9-fa14e0eb9735", "longitude": -42.66725, "latitude": -17.24717, "data_hora_gmt": "2026-04-20T03:47:00Z", "data_pas": "2026-04-20", "satelite": "NPP-375D", "municipio": "MINAS NOVAS", "estado": "MINAS GERAIS", "pais": "Brasil", "precipitacao": null, "numero_dias_sem_chuva": null, "risco_fogo": null, "bioma": "Cerrado", "id_0": 33, "id_1": 31, "id_2": 3141801, "continente_id": 8, "vegetacao": null, "grade_wrs": "217_072", "frp": 9.4}, "bbox": [-42.66725, -17.24717, -42.66725, -17.24717]}, {"type": "Feature", "id": "focos_48h_br_todosats.fid--211a0569_19dac319c32_6ea0", "geometry": {"type": "Point", "coordinates": [-37.83723, -11.95638]}, "geometry_name": "geometria", "properties": {"id_foco_bdq": 1814794194, "foco_id": "d0646f48-373d-32d4-b94a-e81b029c08d0", "longitude": -37.83723, "latitude": -11.95638, "data_hora_gmt": "2026-04-20T03:47:00Z", "data_pas": "2026-04-20", "satelite": "NPP-375D", "municipio": "ESPLANADA", "estado": "BAHIA", "pais": "Brasil", "precipitacao": null, "numero_dias_sem_chuva": null, "risco_fogo": null, "bioma": "Mata Atlântica", "id_0": 33, "id_1": 29, "id_2": 2910602, "continente_id": 8, "vegetacao": null, "grade_wrs": "215_068", "frp": 0.9}, "bbox": [-37.83723, -11.95638, -37.83723, -11.95638]}, {"type": "Feature", "id": "focos_48h_br_todosats.fid--211a0569_19dac319c32_6ea1", "geometry": {"type": "Point", "coordinates": [-46.83584, -17.16658]}, "geometry_name": "geometria", "properties": {"id_foco_bdq": 1814794218, "foco_id": "54f9a7af-a0c8-304b-a551-bab25ddddff4", "longitude": -46.83584, "latitude": -17.16658, "data_hora_gmt": "2026-04-20T03:47:00Z", "data_pas": "2026-04-20", "satelite": "NPP-375D", "municipio": "PARACATU", "estado": "MINAS GERAIS", "pais": "Brasil", "precipitacao": null, "numero_dias_sem_chuva": null, "risco_fogo": null, "bioma": "Cerrado", "id_0": 33, "id_1": 31, "id_2": 3147006, "continente_id": 8, "vegetacao": null, "grade_wrs": "220_072", "frp": 3.8}, "bbox": [-46.83584, -17.16658, -46.83584, -17.16658]}, {"type": "Feature", "id": "focos_48h_br_todosats.fid--211a0569_19dac319c32_6ea2", "geometry": {"type": "Point", "coordinates": [-46.83199, -17.1674]}, "geometry_name": "geometria", "properties": {"id_foco_bdq": 1814796051, "foco_id": "05d92c7b-263b-39c8-af01-26a120fe3cd9", "longitude": -46.83199, "latitude": -17.1674, "data_hora_gmt": "2026-04-20T03:47:00Z", "data_pas": "2026-04-20", "satelite": "NPP-375D", "municipio": "PARACATU", "estado": "MINAS GERAIS", "pais": "Brasil", "precipitacao": null, "numero_dias_sem_chuva": null, "risco_fogo": null, "bioma": "Cerrado", "id_0": 33, "id_1": 31, "id_2": 3147006, "continente_id": 8, "vegetacao": null, "grade_wrs": "220_072", "frp": 3.8}, "bbox": [-46.83199, -17.1674, -46.83199, -17.1674]}, {"type": "Feature", "id": "focos_48h_br_todosats.fid--211a0569_19dac319c32_6ea3", "geometry": {"type": "Point", "coordinates": [-43.06978, -22.49495]}, "geometry_name": "geometria", "properties": {"id_foco_bdq": 1814794910, "foco_id": "458c392b-89e0-3616-94f2-591801929b83", "longitude": -43.06978, "latitude": -22.49495, "data_hora_gmt": "2026-04-20T03:47:00Z", "data_pas": "2026-04-20", "satelite": "NPP-375D", "municipio": "MAGÉ", "estado": "RIO DE JANEIRO", "pais": "Brasil", "precipitacao": null, "numero_dias_sem_chuva": null, "risco_fogo": null, "bioma": "Mata Atlântica", "id_0": 33, "id_1": 33, "id_2": 3302502, "continente_id": 8, "vegetacao": null, "grade_wrs": "217_076", "frp": 0.8}, "bbox": [-43.06978, -22.49495, -43.06978, -22.49495]}, {"type": "Feature", "id": "focos_48h_br_todosats.fid--211a0569_19dac319c32_6ea4", "geometry": {"type": "Point", "coordinates": [-44.03035, -13.47109]}, "geometry_name": "geometria", "properties": {"id_foco_bdq": 1814794760, "foco_id": "0bbf76d9-0792-369c-ae5f-2dd8bb6df4aa", "longitude": -44.03035, "latitude": -13.47109, "data_hora_gmt": "2026-04-20T03:47:00Z", "data_pas": "2026-04-20", "satelite": "NPP-375D", "municipio": "SÃO FÉLIX DO CORIBE", "estado": "BAHIA", "pais": "Brasil", "precipitacao": null, "numero_dias_sem_chuva": null, "risco_fogo": null, "bioma": "Cerrado", "id_0": 33, "id_1": 29, "id_2": 2929057, "continente_id": 8, "vegetacao": null, "grade_wrs": "219_069", "frp": 3.4}, "bbox": [-44.03035, -13.47109, -44.03035, -13.47109]}, {"type": "Feature", "id": "focos_48h_br_todosats.fid--211a0569_19dac319c32_6ea5", "geometry": {"type": "Point", "coordinates": [-37.83029, -11.96486]}, "geometry_name": "geometria", "properties": {"id_foco_bdq": 1814795150, "foco_id": "3a672b39-9e7a-393f-83a4-67604d808fdb", "longitude": -37.83029, "latitude": -11.96486, "data_hora_gmt": "2026-04-20T03:47:00Z", "data_pas": "2026-04-20", "satelite": "NPP-375D", "municipio": "ESPLANADA", "estado": "BAHIA", "pais": "Brasil", "precipitacao": null, "numero_dias_sem_chuva": null, "risco_fogo": null, "bioma": "Mata Atlântica", "id_0": 33, "id_1": 29, "id_2": 2910602, "continente_id": 8, "vegetacao": null, "grade_wrs": "215_068", "frp": 0.9}, "bbox": [-37.83029, -11.96486, -37.83029, -11.96486]}, {"type": "Feature", "id": "focos_48h_br_todosats.fid--211a0569_19dac319c32_6ea6", "geometry": {"type": "Point", "coordinates": [-44.03339, -13.47049]}, "geometry_name": "geometria", "properties": {"id_foco_bdq": 1814794410, "foco_id": "d7d4da33-35ff-36fc-afa7-696a02c499fc", "longitude": -44.03339, "latitude": -13.47049, "data_hora_gmt": "2026-04-20T03:47:00Z", "data_pas": "2026-04-20", "satelite": "NPP-375D", "municipio": "SÃO FÉLIX DO CORIBE", "estado": "BAHIA", "pais": "Brasil", "precipitacao": null, "numero_dias_sem_chuva": null, "risco_fogo": null, "bioma": "Cerrado", "id_0": 33, "id_1": 29, "id_2": 2929057, "continente_id": 8, "vegetacao": null, "grade_wrs": "219_069", "frp": 3.4}, "bbox": [-44.03339, -13.47049, -44.03339, -13.47049]}, {"type": "Feature", "id": "focos_48h_br_todosats.fid--211a0569_19dac319c32_6ea7", "geometry": {"type": "Point", "coordinates": [-42.66359, -17.25238]}, "geometry_name": "geometria", "properties": {"id_foco_bdq": 1814796276, "foco_id": "4fb715fb-763f-399f-88e4-75cfde3c9483", "longitude": -42.66359, "latitude": -17.25238, "data_hora_gmt": "2026-04-20T03:47:00Z", "data_pas": "2026-04-20", "satelite": "NPP-375D", "municipio": "MINAS NOVAS", "estado": "MINAS GERAIS", "pais": "Brasil", "precipitacao": null, "numero_dias_sem_chuva": null, "risco_fogo": null, "bioma": "Cerrado", "id_0": 33, "id_1": 31, "id_2": 3141801, "continente_id": 8, "vegetacao": null, "grade_wrs": "217_072", "frp": 9.7}, "bbox": [-42.66359, -17.25238, -42.66359, -17.25238]}, {"type": "Feature", "id": "focos_48h_br_todosats.fid--211a0569_19dac319c32_6ea8", "geometry": {"type": "Point", "coordinates": [-44.44349, -13.63289]}, "geometry_name": "geometria", "properties": {"id_foco_bdq": 1814795848, "foco_id": "31a34e32-827f-3db6-ab14-572f467072a6", "longitude": -44.44349, "latitude": -13.63289, "data_hora_gmt": "2026-04-20T03:47:00Z", "data_pas": "2026-04-20", "satelite": "NPP-375D", "municipio": "CORIBE", "estado": "BAHIA", "pais": "Brasil", "precipitacao": null, "numero_dias_sem_chuva": null, "risco_fogo": null, "bioma": "Cerrado", "id_0": 33, "id_1": 29, "id_2": 2909109, "continente_id": 8, "vegetacao": null, "grade_wrs": "219_069", "frp": 2.3}, "bbox": [-44.44349, -13.63289, -44.44349, -13.63289]}, {"type": "Feature", "id": "focos_48h_br_todosats.fid--211a0569_19dac319c32_6ea9", "geometry": {"type": "Point", "coordinates": [-42.66822, -17.2515]}, "geometry_name": "geometria", "properties": {"id_foco_bdq": 1814795625, "foco_id": "5c49b6ee-d8e1-3ec4-bbc1-d7a9631078e3", "longitude": -42.66822, "latitude": -17.2515, "data_hora_gmt": "2026-04-20T03:47:00Z", "data_pas": "2026-04-20", "satelite": "NPP-375D", "municipio": "MINAS NOVAS", "estado": "MINAS GERAIS", "pais": "Brasil", "precipitacao": null, "numero_dias_sem_chuva": null, "risco_fogo": null, "bioma": "Cerrado", "id_0": 33, "id_1": 31, "id_2": 3141801, "continente_id": 8, "vegetacao": null, "grade_wrs": "217_072", "frp": 9.4}, "bbox": [-42.66822, -17.2515, -42.66822, -17.2515]}, {"type": "Feature", "id": "focos_48h_br_todosats.fid--211a0569_19dac319c32_6eaa", "geometry": {"type": "Point", "coordinates": [-46.11139, -21.96087]}, "geometry_name": "geometria", "properties": {"id_foco_bdq": 1814795508, "foco_id": "3b043067-d781-34d6-ac4e-765b461d4ab8", "longitude": -46.11139, "latitude": -21.96087, "data_hora_gmt": "2026-04-20T03:47:00Z", "data_pas": "2026-04-20", "satelite": "NPP-375D", "municipio": "IPUIÚNA", "estado": "MINAS GERAIS", "pais": "Brasil", "precipitacao": null, "numero_dias_sem_chuva": null, "risco_fogo": null, "bioma": "Mata Atlântica", "id_0": 33, "id_1": 31, "id_2": 3131505, "continente_id": 8, "vegetacao": null, "grade_wrs": "219_075", "frp": 3.9}, "bbox": [-46.11139, -21.96087, -46.11139, -21.96087]}, {"type": "Feature", "id": "focos_48h_br_todosats.fid--211a0569_19dac319c32_6eab", "geometry": {"type": "Point", "coordinates": [-43.07359, -22.49422]}, "geometry_name": "geometria", "properties": {"id_foco_bdq": 1814794575, "foco_id": "e2dbd12a-34ac-346b-8e91-db9f322373d7", "longitude": -43.07359, "latitude": -22.49422, "data_hora_gmt": "2026-04-20T03:47:00Z", "data_pas": "2026-04-20", "satelite": "NPP-375D", "municipio": "MAGÉ", "estado": "RIO DE JANEIRO", "pais": "Brasil", "precipitacao": null, "numero_dias_sem_chuva": null, "risco_fogo": null, "bioma": "Mata Atlântica", "id_0": 33, "id_1": 33, "id_2": 3302502, "continente_id": 8, "vegetacao": null, "grade_wrs": "217_076", "frp": 0.8}, "bbox": [-43.07359, -22.49422, -43.07359, -22.49422]}, {"type": "Feature", "id": "focos_48h_br_todosats.fid--211a0569_19dac319c32_6eac", "geometry": {"type": "Point", "coordinates": [-44.03129, -13.47619]}, "geometry_name": "geometria", "properties": {"id_foco_bdq": 1814796189, "foco_id": "73183ed1-f205-3fd3-8a2d-19f6e22f4480", "longitude": -44.03129, "latitude": -13.47619, "data_hora_gmt": "2026-04-20T03:47:00Z", "data_pas": "2026-04-20", "satelite": "NPP-375D", "municipio": "SÃO FÉLIX DO CORIBE", "estado": "BAHIA", "pais": "Brasil", "precipitacao": null, "numero_dias_sem_chuva": null, "risco_fogo": null, "bioma": "Cerrado", "id_0": 33, "id_1": 29, "id_2": 2929057, "continente_id": 8, "vegetacao": null, "grade_wrs": "219_069", "frp": 0.7}, "bbox": [-44.03129, -13.47619, -44.03129, -13.47619]}, {"type": "Feature", "id": "focos_48h_br_todosats.fid--211a0569_19dac319c32_6ead", "geometry": {"type": "Point", "coordinates": [-43.07747, -22.49347]}, "geometry_name": "geometria", "properties": {"id_foco_bdq": 1814793682, "foco_id": "12d0a939-3adc-35dc-b1eb-445abc941e2b", "longitude": -43.07747, "latitude": -22.49347, "data_hora_gmt": "2026-04-20T03:47:00Z", "data_pas": "2026-04-20", "satelite": "NPP-375D", "municipio": "PETRÓPOLIS", "estado": "RIO DE JANEIRO", "pais": "Brasil", "precipitacao": null, "numero_dias_sem_chuva": null, "risco_fogo": null, "bioma": "Mata Atlântica", "id_0": 33, "id_1": 33, "id_2": 3303906, "continente_id": 8, "vegetacao": null, "grade_wrs": "217_076", "frp": 0.4}, "bbox": [-43.07747, -22.49347, -43.07747, -22.49347]}, {"type": "Feature", "id": "focos_48h_br_todosats.fid--211a0569_19dac319c32_6eae", "geometry": {"type": "Point", "coordinates": [-49.97492, -27.75662]}, "geometry_name": "geometria", "properties": {"id_foco_bdq": 1814795221, "foco_id": "7837714d-5160-3da4-83bd-a63c1db01cb3", "longitude": -49.97492, "latitude": -27.75662, "data_hora_gmt": "2026-04-20T03:49:00Z", "data_pas": "2026-04-20", "satelite": "NPP-375D", "municipio": "BOCAINA DO SUL", "estado": "SANTA CATARINA", "pais": "Brasil", "precipitacao": null, "numero_dias_sem_chuva": null, "risco_fogo": null, "bioma": "Mata Atlântica", "id_0": 33, "id_1": 42, "id_2": 4202438, "continente_id": 8, "vegetacao": null, "grade_wrs": "220_079", "frp": 2}, "bbox": [-49.97492, -27.75662, -49.97492, -27.75662]}, {"type": "Feature", "id": "focos_48h_br_todosats.fid--211a0569_19dac319c32_6eaf", "geometry": {"type": "Point", "coordinates": [-51.23223, -24.17241]}, "geometry_name": "geometria", "properties": {"id_foco_bdq": 1814796129, "foco_id": "fc7399a0-7486-322d-a769-5f290eeb4bd1", "longitude": -51.23223, "latitude": -24.17241, "data_hora_gmt": "2026-04-20T03:49:00Z", "data_pas": "2026-04-20", "satelite": "NPP-375D", "municipio": "ORTIGUEIRA", "estado": "PARANÁ", "pais": "Brasil", "precipitacao": null, "numero_dias_sem_chuva": null, "risco_fogo": null, "bioma": "Mata Atlântica", "id_0": 33, "id_1": 41, "id_2": 4117305, "continente_id": 8, "vegetacao": null, "grade_wrs": "222_077", "frp": 4.7}, "bbox": [-51.23223, -24.17241, -51.23223, -24.17241]}, {"type": "Feature", "id": "focos_48h_br_todosats.fid--211a0569_19dac319c32_6eb0", "geometry": {"type": "Point", "coordinates": [-51.22679, -24.17378]}, "geometry_name": "geometria", "properties": {"id_foco_bdq": 1814795164, "foco_id": "a925ac0b-d263-3773-a2e6-e81f8cdcabbd", "longitude": -51.22679, "latitude": -24.17378, "data_hora_gmt": "2026-04-20T03:49:00Z", "data_pas": "2026-04-20", "satelite": "NPP-375D", "municipio": "ORTIGUEIRA", "estado": "PARANÁ", "pais": "Brasil", "precipitacao": null, "numero_dias_sem_chuva": null, "risco_fogo": null, "bioma": "Mata Atlântica", "id_0": 33, "id_1": 41, "id_2": 4117305, "continente_id": 8, "vegetacao": null, "grade_wrs": "222_077", "frp": 2.3}, "bbox": [-51.22679, -24.17378, -51.22679, -24.17378]}, {"type": "Feature", "id": "focos_48h_br_todosats.fid--211a0569_19dac319c32_6eb1", "geometry": {"type": "Point", "coordinates": [-45.01467, -19.84397]}, "geometry_name": "geometria", "properties": {"id_foco_bdq": 1814796444, "foco_id": "fd306e4d-0006-3490-9165-72aef80c9756", "longitude": -45.01467, "latitude": -19.84397, "data_hora_gmt": "2026-04-20T03:49:00Z", "data_pas": "2026-04-20", "satelite": "NPP-375D", "municipio": "NOVA SERRANA", "estado": "MINAS GERAIS", "pais": "Brasil", "precipitacao": null, "numero_dias_sem_chuva": null, "risco_fogo": null, "bioma": "Cerrado", "id_0": 33, "id_1": 31, "id_2": 3145208, "continente_id": 8, "vegetacao": null, "grade_wrs": "219_074", "frp": 6.8}, "bbox": [-45.01467, -19.84397, -45.01467, -19.84397]}, {"type": "Feature", "id": "focos_48h_br_todosats.fid--211a0569_19dac319c32_6eb2", "geometry": {"type": "Point", "coordinates": [-49.40011, -25.1775]}, "geometry_name": "geometria", "properties": {"id_foco_bdq": 1814793938, "foco_id": "a9bf761e-812e-33c7-bc18-e0f01c5a3e68", "longitude": -49.40011, "latitude": -25.1775, "data_hora_gmt": "2026-04-20T03:49:00Z", "data_pas": "2026-04-20", "satelite": "NPP-375D", "municipio": "ITAPERUÇU", "estado": "PARANÁ", "pais": "Brasil", "precipitacao": null, "numero_dias_sem_chuva": null, "risco_fogo": null, "bioma": "Mata Atlântica", "id_0": 33, "id_1": 41, "id_2": 4111258, "continente_id": 8, "vegetacao": null, "grade_wrs": "221_077", "frp": 3.1}, "bbox": [-49.40011, -25.1775, -49.40011, -25.1775]}, {"type": "Feature", "id": "focos_48h_br_todosats.fid--211a0569_19dac319c32_6eb3", "geometry": {"type": "Point", "coordinates": [-45.02027, -19.84283]}, "geometry_name": "geometria", "properties": {"id_foco_bdq": 1814793945, "foco_id": "edb74e14-8198-319d-9c1d-8454767d0059", "longitude": -45.02027, "latitude": -19.84283, "data_hora_gmt": "2026-04-20T03:49:00Z", "data_pas": "2026-04-20", "satelite": "NPP-375D", "municipio": "NOVA SERRANA", "estado": "MINAS GERAIS", "pais": "Brasil", "precipitacao": null, "numero_dias_sem_chuva": null, "risco_fogo": null, "bioma": "Cerrado", "id_0": 33, "id_1": 31, "id_2": 3145208, "continente_id": 8, "vegetacao": null, "grade_wrs": "219_074", "frp": 15.6}, "bbox": [-45.02027, -19.84283, -45.02027, -19.84283]}, {"type": "Feature", "id": "focos_48h_br_todosats.fid--211a0569_19dac319c32_6eb4", "geometry": {"type": "Point", "coordinates": [-37.47327, -9.80036]}, "geometry_name": "geometria", "properties": {"id_foco_bdq": 1814794740, "foco_id": "1aee4d56-ce9b-3559-8c98-118596a691b4", "longitude": -37.47327, "latitude": -9.80036, "data_hora_gmt": "2026-04-20T04:04:00Z", "data_pas": "2026-04-20", "satelite": "NOAA-20", "municipio": "PORTO DA FOLHA", "estado": "SERGIPE", "pais": "Brasil", "precipitacao": null, "numero_dias_sem_chuva": null, "risco_fogo": null, "bioma": "Caatinga", "id_0": 33, "id_1": 28, "id_2": 2805604, "continente_id": 8, "vegetacao": null, "grade_wrs": "215_067", "frp": 1.4}, "bbox": [-37.47327, -9.80036, -37.47327, -9.80036]}, {"type": "Feature", "id": "focos_48h_br_todosats.fid--211a0569_19dac319c32_6eb5", "geometry": {"type": "Point", "coordinates": [-37.47272, -9.79673]}, "geometry_name": "geometria", "properties": {"id_foco_bdq": 1814794492, "foco_id": "b252147e-892e-3fc8-9a23-e309de236315", "longitude": -37.47272, "latitude": -9.79673, "data_hora_gmt": "2026-04-20T04:04:00Z", "data_pas": "2026-04-20", "satelite": "NOAA-20", "municipio": "PORTO DA FOLHA", "estado": "SERGIPE", "pais": "Brasil", "precipitacao": null, "numero_dias_sem_chuva": null, "risco_fogo": null, "bioma": "Caatinga", "id_0": 33, "id_1": 28, "id_2": 2805604, "continente_id": 8, "vegetacao": null, "grade_wrs": "215_067", "frp": 1.4}, "bbox": [-37.47272, -9.79673, -37.47272, -9.79673]}, {"type": "Feature", "id": "focos_48h_br_todosats.fid--211a0569_19dac319c32_6eb6", "geometry": {"type": "Point", "coordinates": [-38.44186, -9.94674]}, "geometry_name": "geometria", "properties": {"id_foco_bdq": 1814793818, "foco_id": "6037f52a-73dd-3684-b4bc-69363996ec4a", "longitude": -38.44186, "latitude": -9.94674, "data_hora_gmt": "2026-04-20T04:04:00Z", "data_pas": "2026-04-20", "satelite": "NOAA-20", "municipio": "JEREMOABO", "estado": "BAHIA", "pais": "Brasil", "precipitacao": null, "numero_dias_sem_chuva": null, "risco_fogo": null, "bioma": "Caatinga", "id_0": 33, "id_1": 29, "id_2": 2918100, "continente_id": 8, "vegetacao": null, "grade_wrs": "216_067", "frp": 1}, "bbox": [-38.44186, -9.94674, -38.44186, -9.94674]}, {"type": "Feature", "id": "focos_48h_br_todosats.fid--211a0569_19dac319c32_6eb7", "geometry": {"type": "Point", "coordinates": [-37.4775, -9.79972]}, "geometry_name": "geometria", "properties": {"id_foco_bdq": 1814793825, "foco_id": "8861d268-1ae8-3a6e-8348-a8c71f76237c", "longitude": -37.4775, "latitude": -9.79972, "data_hora_gmt": "2026-04-20T04:04:00Z", "data_pas": "2026-04-20", "satelite": "NOAA-20", "municipio": "PORTO DA FOLHA", "estado": "SERGIPE", "pais": "Brasil", "precipitacao": null, "numero_dias_sem_chuva": null, "risco_fogo": null, "bioma": "Caatinga", "id_0": 33, "id_1": 28, "id_2": 2805604, "continente_id": 8, "vegetacao": null, "grade_wrs": "215_067", "frp": 1.2}, "bbox": [-37.4775, -9.79972, -37.4775, -9.79972]}, {"type": "Feature", "id": "focos_48h_br_todosats.fid--211a0569_19dac319c32_6eb8", "geometry": {"type": "Point", "coordinates": [-37.47805, -9.80334]}, "geometry_name": "geometria", "properties": {"id_foco_bdq": 1814793837, "foco_id": "b6524403-9359-37af-b676-cfb14bddf18a", "longitude": -37.47805, "latitude": -9.80334, "data_hora_gmt": "2026-04-20T04:04:00Z", "data_pas": "2026-04-20", "satelite": "NOAA-20", "municipio": "PORTO DA FOLHA", "estado": "SERGIPE", "pais": "Brasil", "precipitacao": null, "numero_dias_sem_chuva": null, "risco_fogo": null, "bioma": "Caatinga", "id_0": 33, "id_1": 28, "id_2": 2805604, "continente_id": 8, "vegetacao": null, "grade_wrs": "215_067", "frp": 0.7}, "bbox": [-37.47805, -9.80334, -37.47805, -9.80334]}, {"type": "Feature", "id": "focos_48h_br_todosats.fid--211a0569_19dac319c32_6eb9", "geometry": {"type": "Point", "coordinates": [-37.47382, -9.80398]}, "geometry_name": "geometria", "properties": {"id_foco_bdq": 1814793905, "foco_id": "9757a5bf-d39a-3df1-8e44-af3916c8d031", "longitude": -37.47382, "latitude": -9.80398, "data_hora_gmt": "2026-04-20T04:04:00Z", "data_pas": "2026-04-20", "satelite": "NOAA-20", "municipio": "PORTO DA FOLHA", "estado": "SERGIPE", "pais": "Brasil", "precipitacao": null, "numero_dias_sem_chuva": null, "risco_fogo": null, "bioma": "Caatinga", "id_0": 33, "id_1": 28, "id_2": 2805604, "continente_id": 8, "vegetacao": null, "grade_wrs": "215_067", "frp": 1.9}, "bbox": [-37.47382, -9.80398, -37.47382, -9.80398]}, {"type": "Feature", "id": "focos_48h_br_todosats.fid--211a0569_19dac319c32_6eba", "geometry": {"type": "Point", "coordinates": [-37.46901, -9.801]}, "geometry_name": "geometria", "properties": {"id_foco_bdq": 1814796224, "foco_id": "b277fae4-4536-3d6b-82e8-58837386af28", "longitude": -37.46901, "latitude": -9.801, "data_hora_gmt": "2026-04-20T04:04:00Z", "data_pas": "2026-04-20", "satelite": "NOAA-20", "municipio": "PORTO DA FOLHA", "estado": "SERGIPE", "pais": "Brasil", "precipitacao": null, "numero_dias_sem_chuva": null, "risco_fogo": null, "bioma": "Caatinga", "id_0": 33, "id_1": 28, "id_2": 2805604, "continente_id": 8, "vegetacao": null, "grade_wrs": "215_067", "frp": 1.4}, "bbox": [-37.46901, -9.801, -37.46901, -9.801]}, {"type": "Feature", "id": "focos_48h_br_todosats.fid--211a0569_19dac319c32_6ebb", "geometry": {"type": "Point", "coordinates": [-37.04371, -9.66583]}, "geometry_name": "geometria", "properties": {"id_foco_bdq": 1814794717, "foco_id": "16fec99e-1633-3e91-abe4-5af2388c6040", "longitude": -37.04371, "latitude": -9.66583, "data_hora_gmt": "2026-04-20T04:04:00Z", "data_pas": "2026-04-20", "satelite": "NOAA-20", "municipio": "JARAMATAIA", "estado": "ALAGOAS", "pais": "Brasil", "precipitacao": null, "numero_dias_sem_chuva": null, "risco_fogo": null, "bioma": "Caatinga", "id_0": 33, "id_1": 27, "id_2": 2703700, "continente_id": 8, "vegetacao": null, "grade_wrs": "215_067", "frp": 0.4}, "bbox": [-37.04371, -9.66583, -37.04371, -9.66583]}, {"type": "Feature", "id": "focos_48h_br_todosats.fid--211a0569_19dac319c32_6ebc", "geometry": {"type": "Point", "coordinates": [-38.44574, -9.94615]}, "geometry_name": "geometria", "properties": {"id_foco_bdq": 1814795290, "foco_id": "1bff8c8f-6779-3c20-be01-ae830cb2a160", "longitude": -38.44574, "latitude": -9.94615, "data_hora_gmt": "2026-04-20T04:04:00Z", "data_pas": "2026-04-20", "satelite": "NOAA-20", "municipio": "JEREMOABO", "estado": "BAHIA", "pais": "Brasil", "precipitacao": null, "numero_dias_sem_chuva": null, "risco_fogo": null, "bioma": "Caatinga", "id_0": 33, "id_1": 29, "id_2": 2918100, "continente_id": 8, "vegetacao": null, "grade_wrs": "216_067", "frp": 5.8}, "bbox": [-38.44574, -9.94615, -38.44574, -9.94615]}, {"type": "Feature", "id": "focos_48h_br_todosats.fid--211a0569_19dac319c32_6ebd", "geometry": {"type": "Point", "coordinates": [-37.46847, -9.79738]}, "geometry_name": "geometria", "properties": {"id_foco_bdq": 1814795339, "foco_id": "727481e6-32c8-33d9-b223-ebe95e6e8ff1", "longitude": -37.46847, "latitude": -9.79738, "data_hora_gmt": "2026-04-20T04:04:00Z", "data_pas": "2026-04-20", "satelite": "NOAA-20", "municipio": "PORTO DA FOLHA", "estado": "SERGIPE", "pais": "Brasil", "precipitacao": null, "numero_dias_sem_chuva": null, "risco_fogo": null, "bioma": "Caatinga", "id_0": 33, "id_1": 28, "id_2": 2805604, "continente_id": 8, "vegetacao": null, "grade_wrs": "215_067", "frp": 1.4}, "bbox": [-37.46847, -9.79738, -37.46847, -9.79738]}, {"type": "Feature", "id": "focos_48h_br_todosats.fid--211a0569_19dac319c32_6ebe", "geometry": {"type": "Point", "coordinates": [-42.66417, -17.24697]}, "geometry_name": "geometria", "properties": {"id_foco_bdq": 1814795126, "foco_id": "7faf4be9-9e65-35e9-a987-c3d663441aba", "longitude": -42.66417, "latitude": -17.24697, "data_hora_gmt": "2026-04-20T04:06:00Z", "data_pas": "2026-04-20", "satelite": "NOAA-20", "municipio": "MINAS NOVAS", "estado": "MINAS GERAIS", "pais": "Brasil", "precipitacao": null, "numero_dias_sem_chuva": null, "risco_fogo": null, "bioma": "Cerrado", "id_0": 33, "id_1": 31, "id_2": 3141801, "continente_id": 8, "vegetacao": null, "grade_wrs": "217_072", "frp": 13.3}, "bbox": [-42.66417, -17.24697, -42.66417, -17.24697]}, {"type": "Feature", "id": "focos_48h_br_todosats.fid--211a0569_19dac319c32_6ebf", "geometry": {"type": "Point", "coordinates": [-46.83308, -17.16718]}, "geometry_name": "geometria", "properties": {"id_foco_bdq": 1814794121, "foco_id": "9f2d3de6-a6d0-3cbf-92ec-f04c69874f62", "longitude": -46.83308, "latitude": -17.16718, "data_hora_gmt": "2026-04-20T04:06:00Z", "data_pas": "2026-04-20", "satelite": "NOAA-20", "municipio": "PARACATU", "estado": "MINAS GERAIS", "pais": "Brasil", "precipitacao": null, "numero_dias_sem_chuva": null, "risco_fogo": null, "bioma": "Cerrado", "id_0": 33, "id_1": 31, "id_2": 3147006, "continente_id": 8, "vegetacao": null, "grade_wrs": "220_072", "frp": 9.7}, "bbox": [-46.83308, -17.16718, -46.83308, -17.16718]}, {"type": "Feature", "id": "focos_48h_br_todosats.fid--211a0569_19dac319c32_6ec0", "geometry": {"type": "Point", "coordinates": [-44.44403, -13.63369]}, "geometry_name": "geometria", "properties": {"id_foco_bdq": 1814794694, "foco_id": "33ededc6-817e-3df3-9433-a8b84818f2f2", "longitude": -44.44403, "latitude": -13.63369, "data_hora_gmt": "2026-04-20T04:06:00Z", "data_pas": "2026-04-20", "satelite": "NOAA-20", "municipio": "CORIBE", "estado": "BAHIA", "pais": "Brasil", "precipitacao": null, "numero_dias_sem_chuva": null, "risco_fogo": null, "bioma": "Cerrado", "id_0": 33, "id_1": 29, "id_2": 2909109, "continente_id": 8, "vegetacao": null, "grade_wrs": "219_069", "frp": 3.3}, "bbox": [-44.44403, -13.63369, -44.44403, -13.63369]}, {"type": "Feature", "id": "focos_48h_br_todosats.fid--211a0569_19dac319c32_6ec1", "geometry": {"type": "Point", "coordinates": [-42.66474, -17.25028]}, "geometry_name": "geometria", "properties": {"id_foco_bdq": 1814794997, "foco_id": "a8627418-96bd-30dc-8335-7c24a70cf233", "longitude": -42.66474, "latitude": -17.25028, "data_hora_gmt": "2026-04-20T04:06:00Z", "data_pas": "2026-04-20", "satelite": "NOAA-20", "municipio": "MINAS NOVAS", "estado": "MINAS GERAIS", "pais": "Brasil", "precipitacao": null, "numero_dias_sem_chuva": null, "risco_fogo": null, "bioma": "Cerrado", "id_0": 33, "id_1": 31, "id_2": 3141801, "continente_id": 8, "vegetacao": null, "grade_wrs": "217_072", "frp": 13.3}, "bbox": [-42.66474, -17.25028, -42.66474, -17.25028]}, {"type": "Feature", "id": "focos_48h_br_todosats.fid--211a0569_19dac319c32_6ec2", "geometry": {"type": "Point", "coordinates": [-44.0285, -13.47213]}, "geometry_name": "geometria", "properties": {"id_foco_bdq": 1814795235, "foco_id": "e8496cb8-0c67-3d95-97a0-b708f53f46f0", "longitude": -44.0285, "latitude": -13.47213, "data_hora_gmt": "2026-04-20T04:06:00Z", "data_pas": "2026-04-20", "satelite": "NOAA-20", "municipio": "SÃO FÉLIX DO CORIBE", "estado": "BAHIA", "pais": "Brasil", "precipitacao": null, "numero_dias_sem_chuva": null, "risco_fogo": null, "bioma": "Cerrado", "id_0": 33, "id_1": 29, "id_2": 2929057, "continente_id": 8, "vegetacao": null, "grade_wrs": "219_069", "frp": 6.3}, "bbox": [-44.0285, -13.47213, -44.0285, -13.47213]}, {"type": "Feature", "id": "focos_48h_br_todosats.fid--211a0569_19dac319c32_6ec3", "geometry": {"type": "Point", "coordinates": [-46.83789, -17.16631]}, "geometry_name": "geometria", "properties": {"id_foco_bdq": 1814795388, "foco_id": "d6e6ba2c-5761-3a4b-8551-542d2bd7562a", "longitude": -46.83789, "latitude": -17.16631, "data_hora_gmt": "2026-04-20T04:06:00Z", "data_pas": "2026-04-20", "satelite": "NOAA-20", "municipio": "PARACATU", "estado": "MINAS GERAIS", "pais": "Brasil", "precipitacao": null, "numero_dias_sem_chuva": null, "risco_fogo": null, "bioma": "Cerrado", "id_0": 33, "id_1": 31, "id_2": 3147006, "continente_id": 8, "vegetacao": null, "grade_wrs": "220_072", "frp": 9.7}, "bbox": [-46.83789, -17.16631, -46.83789, -17.16631]}, {"type": "Feature", "id": "focos_48h_br_todosats.fid--211a0569_19dac319c32_6ec4", "geometry": {"type": "Point", "coordinates": [-44.02792, -13.46864]}, "geometry_name": "geometria", "properties": {"id_foco_bdq": 1814795476, "foco_id": "867f030b-6144-3b6e-b5f1-33656a28be39", "longitude": -44.02792, "latitude": -13.46864, "data_hora_gmt": "2026-04-20T04:06:00Z", "data_pas": "2026-04-20", "satelite": "NOAA-20", "municipio": "SÃO FÉLIX DO CORIBE", "estado": "BAHIA", "pais": "Brasil", "precipitacao": null, "numero_dias_sem_chuva": null, "risco_fogo": null, "bioma": "Cerrado", "id_0": 33, "id_1": 29, "id_2": 2929057, "continente_id": 8, "vegetacao": null, "grade_wrs": "219_069", "frp": 0.5}, "bbox": [-44.02792, -13.46864, -44.02792, -13.46864]}, {"type": "Feature", "id": "focos_48h_br_todosats.fid--211a0569_19dac319c32_6ec5", "geometry": {"type": "Point", "coordinates": [-42.66057, -17.24754]}, "geometry_name": "geometria", "properties": {"id_foco_bdq": 1814795732, "foco_id": "0ee83315-764f-3926-9fee-58f063e5e1e3", "longitude": -42.66057, "latitude": -17.24754, "data_hora_gmt": "2026-04-20T04:06:00Z", "data_pas": "2026-04-20", "satelite": "NOAA-20", "municipio": "MINAS NOVAS", "estado": "MINAS GERAIS", "pais": "Brasil", "precipitacao": null, "numero_dias_sem_chuva": null, "risco_fogo": null, "bioma": "Cerrado", "id_0": 33, "id_1": 31, "id_2": 3141801, "continente_id": 8, "vegetacao": null, "grade_wrs": "217_072", "frp": 13.3}, "bbox": [-42.66057, -17.24754, -42.66057, -17.24754]}, {"type": "Feature", "id": "focos_48h_br_todosats.fid--211a0569_19dac319c32_6ec6", "geometry": {"type": "Point", "coordinates": [-44.03245, -13.47146]}, "geometry_name": "geometria", "properties": {"id_foco_bdq": 1814795836, "foco_id": "9f1b8747-1e1c-3683-b1ff-d986a251a971", "longitude": -44.03245, "latitude": -13.47146, "data_hora_gmt": "2026-04-20T04:06:00Z", "data_pas": "2026-04-20", "satelite": "NOAA-20", "municipio": "SÃO FÉLIX DO CORIBE", "estado": "BAHIA", "pais": "Brasil", "precipitacao": null, "numero_dias_sem_chuva": null, "risco_fogo": null, "bioma": "Cerrado", "id_0": 33, "id_1": 29, "id_2": 2929057, "continente_id": 8, "vegetacao": null, "grade_wrs": "219_069", "frp": 5.9}, "bbox": [-44.03245, -13.47146, -44.03245, -13.47146]}, {"type": "Feature", "id": "focos_48h_br_todosats.fid--211a0569_19dac319c32_6ec7", "geometry": {"type": "Point", "coordinates": [-46.93334, -14.552]}, "geometry_name": "geometria", "properties": {"id_foco_bdq": 1814796358, "foco_id": "1d45652f-3624-33c0-8ef7-ab5d89398aae", "longitude": -46.93334, "latitude": -14.552, "data_hora_gmt": "2026-04-20T04:06:00Z", "data_pas": "2026-04-20", "satelite": "NOAA-20", "municipio": "FLORES DE GOIÁS", "estado": "GOIÁS", "pais": "Brasil", "precipitacao": null, "numero_dias_sem_chuva": null, "risco_fogo": null, "bioma": "Cerrado", "id_0": 33, "id_1": 52, "id_2": 5207907, "continente_id": 8, "vegetacao": null, "grade_wrs": "221_070", "frp": 1.8}, "bbox": [-46.93334, -14.552, -46.93334, -14.552]}, {"type": "Feature", "id": "focos_48h_br_todosats.fid--211a0569_19dac319c32_6ec8", "geometry": {"type": "Point", "coordinates": [-51.22937, -24.17031]}, "geometry_name": "geometria", "properties": {"id_foco_bdq": 1814796178, "foco_id": "a174ed81-00b9-3e97-9624-4bfe62b841ea", "longitude": -51.22937, "latitude": -24.17031, "data_hora_gmt": "2026-04-20T04:08:00Z", "data_pas": "2026-04-20", "satelite": "NOAA-20", "municipio": "ORTIGUEIRA", "estado": "PARANÁ", "pais": "Brasil", "precipitacao": null, "numero_dias_sem_chuva": null, "risco_fogo": null, "bioma": "Mata Atlântica", "id_0": 33, "id_1": 41, "id_2": 4117305, "continente_id": 8, "vegetacao": null, "grade_wrs": "222_077", "frp": 2.5}, "bbox": [-51.22937, -24.17031, -51.22937, -24.17031]}, {"type": "Feature", "id": "focos_48h_br_todosats.fid--211a0569_19dac319c32_6ec9", "geometry": {"type": "Point", "coordinates": [-45.01675, -19.84204]}, "geometry_name": "geometria", "properties": {"id_foco_bdq": 1814796759, "foco_id": "33df8f59-429d-35fc-9b4b-b00c28126293", "longitude": -45.01675, "latitude": -19.84204, "data_hora_gmt": "2026-04-20T04:08:00Z", "data_pas": "2026-04-20", "satelite": "NOAA-20", "municipio": "NOVA SERRANA", "estado": "MINAS GERAIS", "pais": "Brasil", "precipitacao": null, "numero_dias_sem_chuva": null, "risco_fogo": null, "bioma": "Cerrado", "id_0": 33, "id_1": 31, "id_2": 3145208, "continente_id": 8, "vegetacao": null, "grade_wrs": "219_074", "frp": 23.5}, "bbox": [-45.01675, -19.84204, -45.01675, -19.84204]}, {"type": "Feature", "id": "focos_48h_br_todosats.fid--211a0569_19dac319c32_6eca", "geometry": {"type": "Point", "coordinates": [-49.59635, -20.03544]}, "geometry_name": "geometria", "properties": {"id_foco_bdq": 1814795695, "foco_id": "80119bb0-36ad-3f1b-8dd3-bb17eee7ee3c", "longitude": -49.59635, "latitude": -20.03544, "data_hora_gmt": "2026-04-20T04:08:00Z", "data_pas": "2026-04-20", "satelite": "NOAA-20", "municipio": "RIOLÂNDIA", "estado": "SÃO PAULO", "pais": "Brasil", "precipitacao": null, "numero_dias_sem_chuva": null, "risco_fogo": null, "bioma": "Mata Atlântica", "id_0": 33, "id_1": 35, "id_2": 3544202, "continente_id": 8, "vegetacao": null, "grade_wrs": "221_074", "frp": 1.4}, "bbox": [-49.59635, -20.03544, -49.59635, -20.03544]}, {"type": "Feature", "id": "focos_48h_br_todosats.fid--211a0569_19dac319c32_6ecb", "geometry": {"type": "Point", "coordinates": [-46.10846, -21.96055]}, "geometry_name": "geometria", "properties": {"id_foco_bdq": 1814794854, "foco_id": "e331bd23-1d31-3ad6-a53b-dfa6fc0a8f39", "longitude": -46.10846, "latitude": -21.96055, "data_hora_gmt": "2026-04-20T04:08:00Z", "data_pas": "2026-04-20", "satelite": "NOAA-20", "municipio": "IPUIÚNA", "estado": "MINAS GERAIS", "pais": "Brasil", "precipitacao": null, "numero_dias_sem_chuva": null, "risco_fogo": null, "bioma": "Mata Atlântica", "id_0": 33, "id_1": 31, "id_2": 3131505, "continente_id": 8, "vegetacao": null, "grade_wrs": "219_075", "frp": 4.4}, "bbox": [-46.10846, -21.96055, -46.10846, -21.96055]}, {"type": "Feature", "id": "focos_48h_br_todosats.fid--211a0569_19dac319c32_6ecc", "geometry": {"type": "Point", "coordinates": [-47.14795, -22.83027]}, "geometry_name": "geometria", "properties": {"id_foco_bdq": 1814795295, "foco_id": "8b96c4f7-24e9-345c-b1ab-ac07a29d2e3d", "longitude": -47.14795, "latitude": -22.83027, "data_hora_gmt": "2026-04-20T04:08:00Z", "data_pas": "2026-04-20", "satelite": "NOAA-20", "municipio": "CAMPINAS", "estado": "SÃO PAULO", "pais": "Brasil", "precipitacao": null, "numero_dias_sem_chuva": null, "risco_fogo": null, "bioma": "Mata Atlântica", "id_0": 33, "id_1": 35, "id_2": 3509502, "continente_id": 8, "vegetacao": null, "grade_wrs": "219_076", "frp": 0.6}, "bbox": [-47.14795, -22.83027, -47.14795, -22.83027]}, {"type": "Feature", "id": "focos_48h_br_todosats.fid--211a0569_19dac319c32_6ecd", "geometry": {"type": "Point", "coordinates": [-48.00208, -23.65032]}, "geometry_name": "geometria", "properties": {"id_foco_bdq": 1814795854, "foco_id": "c51b4804-2227-371f-bf66-94edb28bb41a", "longitude": -48.00208, "latitude": -23.65032, "data_hora_gmt": "2026-04-20T04:08:00Z", "data_pas": "2026-04-20", "satelite": "NOAA-20", "municipio": "ITAPETININGA", "estado": "SÃO PAULO", "pais": "Brasil", "precipitacao": null, "numero_dias_sem_chuva": null, "risco_fogo": null, "bioma": "Cerrado", "id_0": 33, "id_1": 35, "id_2": 3522307, "continente_id": 8, "vegetacao": null, "grade_wrs": "220_076", "frp": 1.1}, "bbox": [-48.00208, -23.65032, -48.00208, -23.65032]}, {"type": "Feature", "id": "focos_48h_br_todosats.fid--211a0569_19dac319c32_6ece", "geometry": {"type": "Point", "coordinates": [-53.36005, -19.39397]}, "geometry_name": "geometria", "properties": {"id_foco_bdq": 1814794681, "foco_id": "c54de858-218f-317c-90c1-2c76ae3d1c97", "longitude": -53.36005, "latitude": -19.39397, "data_hora_gmt": "2026-04-20T04:08:00Z", "data_pas": "2026-04-20", "satelite": "NOAA-20", "municipio": "PARAÍSO DAS ÁGUAS", "estado": "MATO GROSSO DO SUL", "pais": "Brasil", "precipitacao": null, "numero_dias_sem_chuva": null, "risco_fogo": null, "bioma": "Cerrado", "id_0": 33, "id_1": 50, "id_2": 5006275, "continente_id": 8, "vegetacao": null, "grade_wrs": "224_073", "frp": 0.9}, "bbox": [-53.36005, -19.39397, -53.36005, -19.39397]}, {"type": "Feature", "id": "focos_48h_br_todosats.fid--211a0569_19dac319c32_6ecf", "geometry": {"type": "Point", "coordinates": [-53.35999, -19.39475]}, "geometry_name": "geometria", "properties": {"id_foco_bdq": 1814794403, "foco_id": "9174a4e7-f404-3ea3-aaa0-8edcbf48fe29", "longitude": -53.35999, "latitude": -19.39475, "data_hora_gmt": "2026-04-20T04:08:00Z", "data_pas": "2026-04-20", "satelite": "NOAA-20", "municipio": "PARAÍSO DAS ÁGUAS", "estado": "MATO GROSSO DO SUL", "pais": "Brasil", "precipitacao": null, "numero_dias_sem_chuva": null, "risco_fogo": null, "bioma": "Cerrado", "id_0": 33, "id_1": 50, "id_2": 5006275, "continente_id": 8, "vegetacao": null, "grade_wrs": "224_073", "frp": 0.8}, "bbox": [-53.35999, -19.39475, -53.35999, -19.39475]}, {"type": "Feature", "id": "focos_48h_br_todosats.fid--211a0569_19dac319c32_6ed0", "geometry": {"type": "Point", "coordinates": [-47.14925, -22.82866]}, "geometry_name": "geometria", "properties": {"id_foco_bdq": 1814796018, "foco_id": "32f1193d-2260-326f-be52-cb4a037014b3", "longitude": -47.14925, "latitude": -22.82866, "data_hora_gmt": "2026-04-20T04:08:00Z", "data_pas": "2026-04-20", "satelite": "NOAA-20", "municipio": "CAMPINAS", "estado": "SÃO PAULO", "pais": "Brasil", "precipitacao": null, "numero_dias_sem_chuva": null, "risco_fogo": null, "bioma": "Mata Atlântica", "id_0": 33, "id_1": 35, "id_2": 3509502, "continente_id": 8, "vegetacao": null, "grade_wrs": "219_076", "frp": 0.7}, "bbox": [-47.14925, -22.82866, -47.14925, -22.82866]}, {"type": "Feature", "id": "focos_48h_br_todosats.fid--211a0569_19dac319c32_6ed1", "geometry": {"type": "Point", "coordinates": [-49.39911, -25.17509]}, "geometry_name": "geometria", "properties": {"id_foco_bdq": 1814796814, "foco_id": "ab244e17-885b-3e2d-b393-d6fd63d89975", "longitude": -49.39911, "latitude": -25.17509, "data_hora_gmt": "2026-04-20T04:08:00Z", "data_pas": "2026-04-20", "satelite": "NOAA-20", "municipio": "RIO BRANCO DO SUL", "estado": "PARANÁ", "pais": "Brasil", "precipitacao": null, "numero_dias_sem_chuva": null, "risco_fogo": null, "bioma": "Mata Atlântica", "id_0": 33, "id_1": 41, "id_2": 4122206, "continente_id": 8, "vegetacao": null, "grade_wrs": "221_077", "frp": 2.5}, "bbox": [-49.39911, -25.17509, -49.39911, -25.17509]}, {"type": "Feature", "id": "focos_48h_br_todosats.fid--211a0569_19dac319c32_6ed2", "geometry": {"type": "Point", "coordinates": [-53.35753, -19.40031]}, "geometry_name": "geometria", "properties": {"id_foco_bdq": 1814794166, "foco_id": "9663e640-6712-346e-97b8-f023ba832adc", "longitude": -53.35753, "latitude": -19.40031, "data_hora_gmt": "2026-04-20T04:08:00Z", "data_pas": "2026-04-20", "satelite": "NOAA-20", "municipio": "PARAÍSO DAS ÁGUAS", "estado": "MATO GROSSO DO SUL", "pais": "Brasil", "precipitacao": null, "numero_dias_sem_chuva": null, "risco_fogo": null, "bioma": "Cerrado", "id_0": 33, "id_1": 50, "id_2": 5006275, "continente_id": 8, "vegetacao": null, "grade_wrs": "224_073", "frp": 1.3}, "bbox": [-53.35753, -19.40031, -53.35753, -19.40031]}, {"type": "Feature", "id": "focos_48h_br_todosats.fid--211a0569_19dac319c32_6ed3", "geometry": {"type": "Point", "coordinates": [-43.07103, -22.48587]}, "geometry_name": "geometria", "properties": {"id_foco_bdq": 1814793999, "foco_id": "e95d2c49-30c5-3c64-b415-9a6972279b59", "longitude": -43.07103, "latitude": -22.48587, "data_hora_gmt": "2026-04-20T04:08:00Z", "data_pas": "2026-04-20", "satelite": "NOAA-20", "municipio": "PETRÓPOLIS", "estado": "RIO DE JANEIRO", "pais": "Brasil", "precipitacao": null, "numero_dias_sem_chuva": null, "risco_fogo": null, "bioma": "Mata Atlântica", "id_0": 33, "id_1": 33, "id_2": 3303906, "continente_id": 8, "vegetacao": null, "grade_wrs": "217_076", "frp": 1.5}, "bbox": [-43.07103, -22.48587, -43.07103, -22.48587]}, {"type": "Feature", "id": "focos_48h_br_todosats.fid--211a0569_19dac319c32_6ed4", "geometry": {"type": "Point", "coordinates": [-47.99817, -23.64892]}, "geometry_name": "geometria", "properties": {"id_foco_bdq": 1814795351, "foco_id": "a91d2eee-f9db-35f0-914c-5599c2275abf", "longitude": -47.99817, "latitude": -23.64892, "data_hora_gmt": "2026-04-20T04:08:00Z", "data_pas": "2026-04-20", "satelite": "NOAA-20", "municipio": "ITAPETININGA", "estado": "SÃO PAULO", "pais": "Brasil", "precipitacao": null, "numero_dias_sem_chuva": null, "risco_fogo": null, "bioma": "Cerrado", "id_0": 33, "id_1": 35, "id_2": 3522307, "continente_id": 8, "vegetacao": null, "grade_wrs": "220_076", "frp": 1.5}, "bbox": [-47.99817, -23.64892, -47.99817, -23.64892]}, {"type": "Feature", "id": "focos_48h_br_todosats.fid--211a0569_19dac319c32_6ed5", "geometry": {"type": "Point", "coordinates": [-43.33664, -22.80125]}, "geometry_name": "geometria", "properties": {"id_foco_bdq": 1814793771, "foco_id": "29581002-90fb-3b27-86c2-2b5b2b90dba0", "longitude": -43.33664, "latitude": -22.80125, "data_hora_gmt": "2026-04-20T04:08:00Z", "data_pas": "2026-04-20", "satelite": "NOAA-20", "municipio": "SÃO JOÃO DE MERITI", "estado": "RIO DE JANEIRO", "pais": "Brasil", "precipitacao": null, "numero_dias_sem_chuva": null, "risco_fogo": null, "bioma": "Mata Atlântica", "id_0": 33, "id_1": 33, "id_2": 3305109, "continente_id": 8, "vegetacao": null, "grade_wrs": "217_076", "frp": 0.6}, "bbox": [-43.33664, -22.80125, -43.33664, -22.80125]}, {"type": "Feature", "id": "focos_48h_br_todosats.fid--211a0569_19dac319c32_6ed6", "geometry": {"type": "Point", "coordinates": [-43.07219, -22.49252]}, "geometry_name": "geometria", "properties": {"id_foco_bdq": 1814796323, "foco_id": "eebba2d0-0d9a-339f-b3c2-597fb7fe4fe2", "longitude": -43.07219, "latitude": -22.49252, "data_hora_gmt": "2026-04-20T04:08:00Z", "data_pas": "2026-04-20", "satelite": "NOAA-20", "municipio": "MAGÉ", "estado": "RIO DE JANEIRO", "pais": "Brasil", "precipitacao": null, "numero_dias_sem_chuva": null, "risco_fogo": null, "bioma": "Mata Atlântica", "id_0": 33, "id_1": 33, "id_2": 3302502, "continente_id": 8, "vegetacao": null, "grade_wrs": "217_076", "frp": 0.4}, "bbox": [-43.07219, -22.49252, -43.07219, -22.49252]}, {"type": "Feature", "id": "focos_48h_br_todosats.fid--211a0569_19dac319c32_6ed7", "geometry": {"type": "Point", "coordinates": [-43.07163, -22.48919]}, "geometry_name": "geometria", "properties": {"id_foco_bdq": 1814794896, "foco_id": "a1f54d83-e73e-3e86-9e5a-b953db44c223", "longitude": -43.07163, "latitude": -22.48919, "data_hora_gmt": "2026-04-20T04:08:00Z", "data_pas": "2026-04-20", "satelite": "NOAA-20", "municipio": "MAGÉ", "estado": "RIO DE JANEIRO", "pais": "Brasil", "precipitacao": null, "numero_dias_sem_chuva": null, "risco_fogo": null, "bioma": "Mata Atlântica", "id_0": 33, "id_1": 33, "id_2": 3302502, "continente_id": 8, "vegetacao": null, "grade_wrs": "217_076", "frp": 1.5}, "bbox": [-43.07163, -22.48919, -43.07163, -22.48919]}, {"type": "Feature", "id": "focos_48h_br_todosats.fid--211a0569_19dac319c32_6ed8", "geometry": {"type": "Point", "coordinates": [-47.44795, -23.54731]}, "geometry_name": "geometria", "properties": {"id_foco_bdq": 1814796405, "foco_id": "067ceef0-02fe-3fb2-b607-e702e2c86a2a", "longitude": -47.44795, "latitude": -23.54731, "data_hora_gmt": "2026-04-20T04:08:00Z", "data_pas": "2026-04-20", "satelite": "NOAA-20", "municipio": "VOTORANTIM", "estado": "SÃO PAULO", "pais": "Brasil", "precipitacao": null, "numero_dias_sem_chuva": null, "risco_fogo": null, "bioma": "Mata Atlântica", "id_0": 33, "id_1": 35, "id_2": 3557006, "continente_id": 8, "vegetacao": null, "grade_wrs": "220_076", "frp": 0.6}, "bbox": [-47.44795, -23.54731, -47.44795, -23.54731]}, {"type": "Feature", "id": "focos_48h_br_todosats.fid--211a0569_19dac319c32_6ed9", "geometry": {"type": "Point", "coordinates": [-43.06844, -22.49309]}, "geometry_name": "geometria", "properties": {"id_foco_bdq": 1814796487, "foco_id": "810bab1d-fd9c-3402-82ec-101178665632", "longitude": -43.06844, "latitude": -22.49309, "data_hora_gmt": "2026-04-20T04:08:00Z", "data_pas": "2026-04-20", "satelite": "NOAA-20", "municipio": "MAGÉ", "estado": "RIO DE JANEIRO", "pais": "Brasil", "precipitacao": null, "numero_dias_sem_chuva": null, "risco_fogo": null, "bioma": "Mata Atlântica", "id_0": 33, "id_1": 33, "id_2": 3302502, "continente_id": 8, "vegetacao": null, "grade_wrs": "217_076", "frp": 0.5}, "bbox": [-43.06844, -22.49309, -43.06844, -22.49309]}, {"type": "Feature", "id": "focos_48h_br_todosats.fid--211a0569_19dac319c32_6eda", "geometry": {"type": "Point", "coordinates": [-46.85807, -23.86838]}, "geometry_name": "geometria", "properties": {"id_foco_bdq": 1814795258, "foco_id": "9c71db73-e8c3-3c17-8305-3f4f2e3cfd9f", "longitude": -46.85807, "latitude": -23.86838, "data_hora_gmt": "2026-04-20T04:08:00Z", "data_pas": "2026-04-20", "satelite": "NOAA-20", "municipio": "SÃO LOURENÇO DA SERRA", "estado": "SÃO PAULO", "pais": "Brasil", "precipitacao": null, "numero_dias_sem_chuva": null, "risco_fogo": null, "bioma": "Mata Atlântica", "id_0": 33, "id_1": 35, "id_2": 3549953, "continente_id": 8, "vegetacao": null, "grade_wrs": "219_077", "frp": 0.5}, "bbox": [-46.85807, -23.86838, -46.85807, -23.86838]}, {"type": "Feature", "id": "focos_48h_br_todosats.fid--211a0569_19dac319c32_6edb", "geometry": {"type": "Point", "coordinates": [-43.07593, -22.49194]}, "geometry_name": "geometria", "properties": {"id_foco_bdq": 1814796542, "foco_id": "7687b2ea-76b0-3c98-9dd0-f08339987e7f", "longitude": -43.07593, "latitude": -22.49194, "data_hora_gmt": "2026-04-20T04:08:00Z", "data_pas": "2026-04-20", "satelite": "NOAA-20", "municipio": "MAGÉ", "estado": "RIO DE JANEIRO", "pais": "Brasil", "precipitacao": null, "numero_dias_sem_chuva": null, "risco_fogo": null, "bioma": "Mata Atlântica", "id_0": 33, "id_1": 33, "id_2": 3302502, "continente_id": 8, "vegetacao": null, "grade_wrs": "217_076", "frp": 0.4}, "bbox": [-43.07593, -22.49194, -43.07593, -22.49194]}, {"type": "Feature", "id": "focos_48h_br_todosats.fid--211a0569_19dac319c32_6edc", "geometry": {"type": "Point", "coordinates": [-53.35744, -19.40107]}, "geometry_name": "geometria", "properties": {"id_foco_bdq": 1814796734, "foco_id": "4a0ecdab-8023-3039-a5e5-777695a1d320", "longitude": -53.35744, "latitude": -19.40107, "data_hora_gmt": "2026-04-20T04:08:00Z", "data_pas": "2026-04-20", "satelite": "NOAA-20", "municipio": "PARAÍSO DAS ÁGUAS", "estado": "MATO GROSSO DO SUL", "pais": "Brasil", "precipitacao": null, "numero_dias_sem_chuva": null, "risco_fogo": null, "bioma": "Cerrado", "id_0": 33, "id_1": 50, "id_2": 5006275, "continente_id": 8, "vegetacao": null, "grade_wrs": "224_073", "frp": 0.8}, "bbox": [-53.35744, -19.40107, -53.35744, -19.40107]}, {"type": "Feature", "id": "focos_48h_br_todosats.fid--211a0569_19dac319c32_6edd", "geometry": {"type": "Point", "coordinates": [-49.08915, -18.81562]}, "geometry_name": "geometria", "properties": {"id_foco_bdq": 1814795410, "foco_id": "f47c94e2-b6fe-37c2-b529-5069464e8238", "longitude": -49.08915, "latitude": -18.81562, "data_hora_gmt": "2026-04-20T04:08:00Z", "data_pas": "2026-04-20", "satelite": "NOAA-20", "municipio": "MONTE ALEGRE DE MINAS", "estado": "MINAS GERAIS", "pais": "Brasil", "precipitacao": null, "numero_dias_sem_chuva": null, "risco_fogo": null, "bioma": "Cerrado", "id_0": 33, "id_1": 31, "id_2": 3142809, "continente_id": 8, "vegetacao": null, "grade_wrs": "221_073", "frp": 1.3}, "bbox": [-49.08915, -18.81562, -49.08915, -18.81562]}, {"type": "Feature", "id": "focos_48h_br_todosats.fid--211a0569_19dac319c32_6ede", "geometry": {"type": "Point", "coordinates": [-48.00129, -23.64663]}, "geometry_name": "geometria", "properties": {"id_foco_bdq": 1814796629, "foco_id": "c578ba60-d04c-3d22-a5aa-1236cc0731ce", "longitude": -48.00129, "latitude": -23.64663, "data_hora_gmt": "2026-04-20T04:08:00Z", "data_pas": "2026-04-20", "satelite": "NOAA-20", "municipio": "ITAPETININGA", "estado": "SÃO PAULO", "pais": "Brasil", "precipitacao": null, "numero_dias_sem_chuva": null, "risco_fogo": null, "bioma": "Cerrado", "id_0": 33, "id_1": 35, "id_2": 3522307, "continente_id": 8, "vegetacao": null, "grade_wrs": "220_076", "frp": 1.1}, "bbox": [-48.00129, -23.64663, -48.00129, -23.64663]}, {"type": "Feature", "id": "focos_48h_br_todosats.fid--211a0569_19dac319c32_6edf", "geometry": {"type": "Point", "coordinates": [-53.36132, -19.39947]}, "geometry_name": "geometria", "properties": {"id_foco_bdq": 1814795147, "foco_id": "3e9f0401-25a5-3ba0-b836-9f07c9d7f8d9", "longitude": -53.36132, "latitude": -19.39947, "data_hora_gmt": "2026-04-20T04:08:00Z", "data_pas": "2026-04-20", "satelite": "NOAA-20", "municipio": "PARAÍSO DAS ÁGUAS", "estado": "MATO GROSSO DO SUL", "pais": "Brasil", "precipitacao": null, "numero_dias_sem_chuva": null, "risco_fogo": null, "bioma": "Cerrado", "id_0": 33, "id_1": 50, "id_2": 5006275, "continente_id": 8, "vegetacao": null, "grade_wrs": "224_073", "frp": 0.9}, "bbox": [-53.36132, -19.39947, -53.36132, -19.39947]}, {"type": "Feature", "id": "focos_48h_br_todosats.fid--211a0569_19dac319c32_6ee0", "geometry": {"type": "Point", "coordinates": [-43.07473, -22.4853]}, "geometry_name": "geometria", "properties": {"id_foco_bdq": 1814795478, "foco_id": "8270f6ad-9e8c-3bb1-90f9-0f21169b0950", "longitude": -43.07473, "latitude": -22.4853, "data_hora_gmt": "2026-04-20T04:08:00Z", "data_pas": "2026-04-20", "satelite": "NOAA-20", "municipio": "PETRÓPOLIS", "estado": "RIO DE JANEIRO", "pais": "Brasil", "precipitacao": null, "numero_dias_sem_chuva": null, "risco_fogo": null, "bioma": "Mata Atlântica", "id_0": 33, "id_1": 33, "id_2": 3303906, "continente_id": 8, "vegetacao": null, "grade_wrs": "217_076", "frp": 1.5}, "bbox": [-43.07473, -22.4853, -43.07473, -22.4853]}, {"type": "Feature", "id": "focos_48h_br_todosats.fid--211a0569_19dac319c32_6ee1", "geometry": {"type": "Point", "coordinates": [-53.36124, -19.40026]}, "geometry_name": "geometria", "properties": {"id_foco_bdq": 1814795259, "foco_id": "52aa1a90-0e6c-3a02-80ac-a305f9d4efe7", "longitude": -53.36124, "latitude": -19.40026, "data_hora_gmt": "2026-04-20T04:08:00Z", "data_pas": "2026-04-20", "satelite": "NOAA-20", "municipio": "PARAÍSO DAS ÁGUAS", "estado": "MATO GROSSO DO SUL", "pais": "Brasil", "precipitacao": null, "numero_dias_sem_chuva": null, "risco_fogo": null, "bioma": "Cerrado", "id_0": 33, "id_1": 50, "id_2": 5006275, "continente_id": 8, "vegetacao": null, "grade_wrs": "224_073", "frp": 1}, "bbox": [-53.36124, -19.40026, -53.36124, -19.40026]}, {"type": "Feature", "id": "focos_48h_br_todosats.fid--211a0569_19dac319c32_6ee2", "geometry": {"type": "Point", "coordinates": [-48.00294, -23.64803]}, "geometry_name": "geometria", "properties": {"id_foco_bdq": 1814794741, "foco_id": "9413d96b-1583-37e5-ba52-cb42e4cfe441", "longitude": -48.00294, "latitude": -23.64803, "data_hora_gmt": "2026-04-20T04:08:00Z", "data_pas": "2026-04-20", "satelite": "NOAA-20", "municipio": "ITAPETININGA", "estado": "SÃO PAULO", "pais": "Brasil", "precipitacao": null, "numero_dias_sem_chuva": null, "risco_fogo": null, "bioma": "Cerrado", "id_0": 33, "id_1": 35, "id_2": 3522307, "continente_id": 8, "vegetacao": null, "grade_wrs": "220_076", "frp": 1}, "bbox": [-48.00294, -23.64803, -48.00294, -23.64803]}, {"type": "Feature", "id": "focos_48h_br_todosats.fid--211a0569_19dac319c32_6ee3", "geometry": {"type": "Point", "coordinates": [-51.23056, -24.17467]}, "geometry_name": "geometria", "properties": {"id_foco_bdq": 1814795618, "foco_id": "08ebc8a8-5f86-32fd-8041-b3dee0eabd35", "longitude": -51.23056, "latitude": -24.17467, "data_hora_gmt": "2026-04-20T04:08:00Z", "data_pas": "2026-04-20", "satelite": "NOAA-20", "municipio": "ORTIGUEIRA", "estado": "PARANÁ", "pais": "Brasil", "precipitacao": null, "numero_dias_sem_chuva": null, "risco_fogo": null, "bioma": "Mata Atlântica", "id_0": 33, "id_1": 41, "id_2": 4117305, "continente_id": 8, "vegetacao": null, "grade_wrs": "222_077", "frp": 6.9}, "bbox": [-51.23056, -24.17467, -51.23056, -24.17467]}, {"type": "Feature", "id": "focos_48h_br_todosats.fid--211a0569_19dac319c32_6ee4", "geometry": {"type": "Point", "coordinates": [-51.22482, -24.17125]}, "geometry_name": "geometria", "properties": {"id_foco_bdq": 1814796827, "foco_id": "02ad4d9b-82f2-384a-9232-3676a0785e49", "longitude": -51.22482, "latitude": -24.17125, "data_hora_gmt": "2026-04-20T04:08:00Z", "data_pas": "2026-04-20", "satelite": "NOAA-20", "municipio": "ORTIGUEIRA", "estado": "PARANÁ", "pais": "Brasil", "precipitacao": null, "numero_dias_sem_chuva": null, "risco_fogo": null, "bioma": "Mata Atlântica", "id_0": 33, "id_1": 41, "id_2": 4117305, "continente_id": 8, "vegetacao": null, "grade_wrs": "222_077", "frp": 2}, "bbox": [-51.22482, -24.17125, -51.22482, -24.17125]}, {"type": "Feature", "id": "focos_48h_br_todosats.fid--211a0569_19dac319c32_6ee5", "geometry": {"type": "Point", "coordinates": [-49.97773, -27.75528]}, "geometry_name": "geometria", "properties": {"id_foco_bdq": 1814794007, "foco_id": "477dec6b-619e-30a9-816d-308df7408ad0", "longitude": -49.97773, "latitude": -27.75528, "data_hora_gmt": "2026-04-20T04:10:00Z", "data_pas": "2026-04-20", "satelite": "NOAA-20", "municipio": "BOCAINA DO SUL", "estado": "SANTA CATARINA", "pais": "Brasil", "precipitacao": null, "numero_dias_sem_chuva": null, "risco_fogo": null, "bioma": "Mata Atlântica", "id_0": 33, "id_1": 42, "id_2": 4202438, "continente_id": 8, "vegetacao": null, "grade_wrs": "220_079", "frp": 1.1}, "bbox": [-49.97773, -27.75528, -49.97773, -27.75528]}, {"type": "Feature", "id": "focos_48h_br_todosats.fid--211a0569_19dac319c32_6ee6", "geometry": {"type": "Point", "coordinates": [-50.82971, -27.7146]}, "geometry_name": "geometria", "properties": {"id_foco_bdq": 1814796516, "foco_id": "7a7833a7-7eaa-3499-9f21-522d9241aa15", "longitude": -50.82971, "latitude": -27.7146, "data_hora_gmt": "2026-04-20T04:10:00Z", "data_pas": "2026-04-20", "satelite": "NOAA-20", "municipio": "CAMPO BELO DO SUL", "estado": "SANTA CATARINA", "pais": "Brasil", "precipitacao": null, "numero_dias_sem_chuva": null, "risco_fogo": null, "bioma": "Mata Atlântica", "id_0": 33, "id_1": 42, "id_2": 4203402, "continente_id": 8, "vegetacao": null, "grade_wrs": "221_079", "frp": 0.9}, "bbox": [-50.82971, -27.7146, -50.82971, -27.7146]}, {"type": "Feature", "id": "focos_48h_br_todosats.fid--211a0569_19dac319c32_6ee7", "geometry": {"type": "Point", "coordinates": [-49.97202, -27.75641]}, "geometry_name": "geometria", "properties": {"id_foco_bdq": 1814795129, "foco_id": "9b630850-04df-3059-9eac-dc381e240f6e", "longitude": -49.97202, "latitude": -27.75641, "data_hora_gmt": "2026-04-20T04:10:00Z", "data_pas": "2026-04-20", "satelite": "NOAA-20", "municipio": "BOCAINA DO SUL", "estado": "SANTA CATARINA", "pais": "Brasil", "precipitacao": null, "numero_dias_sem_chuva": null, "risco_fogo": null, "bioma": "Mata Atlântica", "id_0": 33, "id_1": 42, "id_2": 4202438, "continente_id": 8, "vegetacao": null, "grade_wrs": "220_079", "frp": 2.2}, "bbox": [-49.97202, -27.75641, -49.97202, -27.75641]}, {"type": "Feature", "id": "focos_48h_br_todosats.fid--211a0569_19dac319c32_6ee8", "geometry": {"type": "Point", "coordinates": [-49.97524, -27.75428]}, "geometry_name": "geometria", "properties": {"id_foco_bdq": 1814794755, "foco_id": "42289b67-971e-3f41-8f04-405b4e1a4b7b", "longitude": -49.97524, "latitude": -27.75428, "data_hora_gmt": "2026-04-20T04:10:00Z", "data_pas": "2026-04-20", "satelite": "NOAA-20", "municipio": "BOCAINA DO SUL", "estado": "SANTA CATARINA", "pais": "Brasil", "precipitacao": null, "numero_dias_sem_chuva": null, "risco_fogo": null, "bioma": "Mata Atlântica", "id_0": 33, "id_1": 42, "id_2": 4202438, "continente_id": 8, "vegetacao": null, "grade_wrs": "220_079", "frp": 3.1}, "bbox": [-49.97524, -27.75428, -49.97524, -27.75428]}, {"type": "Feature", "id": "focos_48h_br_todosats.fid--211a0569_19dac319c32_6ee9", "geometry": {"type": "Point", "coordinates": [-44.03202, -13.4751]}, "geometry_name": "geometria", "properties": {"id_foco_bdq": 1814795424, "foco_id": "e9c4f174-3113-3449-be5d-179dcafa0555", "longitude": -44.03202, "latitude": -13.4751, "data_hora_gmt": "2026-04-20T04:53:00Z", "data_pas": "2026-04-20", "satelite": "NOAA-21", "municipio": "SÃO FÉLIX DO CORIBE", "estado": "BAHIA", "pais": "Brasil", "precipitacao": null, "numero_dias_sem_chuva": null, "risco_fogo": null, "bioma": "Cerrado", "id_0": 33, "id_1": 29, "id_2": 2929057, "continente_id": 8, "vegetacao": null, "grade_wrs": "219_069", "frp": 3.3}, "bbox": [-44.03202, -13.4751, -44.03202, -13.4751]}, {"type": "Feature", "id": "focos_48h_br_todosats.fid--211a0569_19dac319c32_6eea", "geometry": {"type": "Point", "coordinates": [-46.93478, -14.55198]}, "geometry_name": "geometria", "properties": {"id_foco_bdq": 1814795803, "foco_id": "7128732a-41cc-353f-bb18-bdf627681367", "longitude": -46.93478, "latitude": -14.55198, "data_hora_gmt": "2026-04-20T04:53:00Z", "data_pas": "2026-04-20", "satelite": "NOAA-21", "municipio": "FLORES DE GOIÁS", "estado": "GOIÁS", "pais": "Brasil", "precipitacao": null, "numero_dias_sem_chuva": null, "risco_fogo": null, "bioma": "Cerrado", "id_0": 33, "id_1": 52, "id_2": 5207907, "continente_id": 8, "vegetacao": null, "grade_wrs": "221_070", "frp": 1.5}, "bbox": [-46.93478, -14.55198, -46.93478, -14.55198]}, {"type": "Feature", "id": "focos_48h_br_todosats.fid--211a0569_19dac319c32_6eeb", "geometry": {"type": "Point", "coordinates": [-44.44365, -13.63564]}, "geometry_name": "geometria", "properties": {"id_foco_bdq": 1814794666, "foco_id": "f6ed5f36-db41-3508-82d4-c6beefa564c8", "longitude": -44.44365, "latitude": -13.63564, "data_hora_gmt": "2026-04-20T04:53:00Z", "data_pas": "2026-04-20", "satelite": "NOAA-21", "municipio": "CORIBE", "estado": "BAHIA", "pais": "Brasil", "precipitacao": null, "numero_dias_sem_chuva": null, "risco_fogo": null, "bioma": "Cerrado", "id_0": 33, "id_1": 29, "id_2": 2909109, "continente_id": 8, "vegetacao": null, "grade_wrs": "219_069", "frp": 1.8}, "bbox": [-44.44365, -13.63564, -44.44365, -13.63564]}, {"type": "Feature", "id": "focos_48h_br_todosats.fid--211a0569_19dac319c32_6eec", "geometry": {"type": "Point", "coordinates": [-46.92971, -14.55261]}, "geometry_name": "geometria", "properties": {"id_foco_bdq": 1814796811, "foco_id": "a3c67a31-fcd7-304d-805b-691afea9fdcb", "longitude": -46.92971, "latitude": -14.55261, "data_hora_gmt": "2026-04-20T04:53:00Z", "data_pas": "2026-04-20", "satelite": "NOAA-21", "municipio": "FLORES DE GOIÁS", "estado": "GOIÁS", "pais": "Brasil", "precipitacao": null, "numero_dias_sem_chuva": null, "risco_fogo": null, "bioma": "Cerrado", "id_0": 33, "id_1": 52, "id_2": 5207907, "continente_id": 8, "vegetacao": null, "grade_wrs": "221_070", "frp": 1}, "bbox": [-46.92971, -14.55261, -46.92971, -14.55261]}, {"type": "Feature", "id": "focos_48h_br_todosats.fid--211a0569_19dac319c32_6eed", "geometry": {"type": "Point", "coordinates": [-44.03114, -13.4695]}, "geometry_name": "geometria", "properties": {"id_foco_bdq": 1814796771, "foco_id": "566e98f5-4e35-3a88-93f9-5e5aba47d786", "longitude": -44.03114, "latitude": -13.4695, "data_hora_gmt": "2026-04-20T04:53:00Z", "data_pas": "2026-04-20", "satelite": "NOAA-21", "municipio": "SÃO FÉLIX DO CORIBE", "estado": "BAHIA", "pais": "Brasil", "precipitacao": null, "numero_dias_sem_chuva": null, "risco_fogo": null, "bioma": "Cerrado", "id_0": 33, "id_1": 29, "id_2": 2929057, "continente_id": 8, "vegetacao": null, "grade_wrs": "219_069", "frp": 2.4}, "bbox": [-44.03114, -13.4695, -44.03114, -13.4695]}, {"type": "Feature", "id": "focos_48h_br_todosats.fid--211a0569_19dac319c32_6eee", "geometry": {"type": "Point", "coordinates": [-46.11215, -21.96177]}, "geometry_name": "geometria", "properties": {"id_foco_bdq": 1814795322, "foco_id": "26ad992c-0c28-3e01-a198-fec02b7e8ccf", "longitude": -46.11215, "latitude": -21.96177, "data_hora_gmt": "2026-04-20T04:55:00Z", "data_pas": "2026-04-20", "satelite": "NOAA-21", "municipio": "IPUIÚNA", "estado": "MINAS GERAIS", "pais": "Brasil", "precipitacao": null, "numero_dias_sem_chuva": null, "risco_fogo": null, "bioma": "Mata Atlântica", "id_0": 33, "id_1": 31, "id_2": 3131505, "continente_id": 8, "vegetacao": null, "grade_wrs": "219_075", "frp": 2.7}, "bbox": [-46.11215, -21.96177, -46.11215, -21.96177]}, {"type": "Feature", "id": "focos_48h_br_todosats.fid--211a0569_19dac319c32_6eef", "geometry": {"type": "Point", "coordinates": [-49.91132, -16.55131]}, "geometry_name": "geometria", "properties": {"id_foco_bdq": 1814794822, "foco_id": "fd7d17af-cd0b-3ea8-ad6b-3fc2d2e01775", "longitude": -49.91132, "latitude": -16.55131, "data_hora_gmt": "2026-04-20T04:55:00Z", "data_pas": "2026-04-20", "satelite": "NOAA-21", "municipio": "NAZÁRIO", "estado": "GOIÁS", "pais": "Brasil", "precipitacao": null, "numero_dias_sem_chuva": null, "risco_fogo": null, "bioma": "Cerrado", "id_0": 33, "id_1": 52, "id_2": 5214408, "continente_id": 8, "vegetacao": null, "grade_wrs": "222_071", "frp": 1.9}, "bbox": [-49.91132, -16.55131, -49.91132, -16.55131]}, {"type": "Feature", "id": "focos_48h_br_todosats.fid--211a0569_19dac319c32_6ef0", "geometry": {"type": "Point", "coordinates": [-55.93304, -18.58614]}, "geometry_name": "geometria", "properties": {"id_foco_bdq": 1814794808, "foco_id": "cdba5700-0d54-3e37-85ac-89e2de1958d7", "longitude": -55.93304, "latitude": -18.58614, "data_hora_gmt": "2026-04-20T04:55:00Z", "data_pas": "2026-04-20", "satelite": "NOAA-21", "municipio": "CORUMBÁ", "estado": "MATO GROSSO DO SUL", "pais": "Brasil", "precipitacao": null, "numero_dias_sem_chuva": null, "risco_fogo": null, "bioma": "Pantanal", "id_0": 33, "id_1": 50, "id_2": 5003207, "continente_id": 8, "vegetacao": null, "grade_wrs": "226_073", "frp": 1.3}, "bbox": [-55.93304, -18.58614, -55.93304, -18.58614]}, {"type": "Feature", "id": "focos_48h_br_todosats.fid--211a0569_19dac319c32_6ef1", "geometry": {"type": "Point", "coordinates": [-53.362, -19.39988]}, "geometry_name": "geometria", "properties": {"id_foco_bdq": 1814794833, "foco_id": "7971e04e-b65c-3def-a7d2-04d7d0da7c71", "longitude": -53.362, "latitude": -19.39988, "data_hora_gmt": "2026-04-20T04:55:00Z", "data_pas": "2026-04-20", "satelite": "NOAA-21", "municipio": "PARAÍSO DAS ÁGUAS", "estado": "MATO GROSSO DO SUL", "pais": "Brasil", "precipitacao": null, "numero_dias_sem_chuva": null, "risco_fogo": null, "bioma": "Cerrado", "id_0": 33, "id_1": 50, "id_2": 5006275, "continente_id": 8, "vegetacao": null, "grade_wrs": "224_073", "frp": 0.6}, "bbox": [-53.362, -19.39988, -53.362, -19.39988]}, {"type": "Feature", "id": "focos_48h_br_todosats.fid--211a0569_19dac319c32_6ef2", "geometry": {"type": "Point", "coordinates": [-51.70012, -20.63174]}, "geometry_name": "geometria", "properties": {"id_foco_bdq": 1814795368, "foco_id": "4be7f1cf-f2f0-3ac9-8e19-f81ce9464579", "longitude": -51.70012, "latitude": -20.63174, "data_hora_gmt": "2026-04-20T04:55:00Z", "data_pas": "2026-04-20", "satelite": "NOAA-21", "municipio": "TRÊS LAGOAS", "estado": "MATO GROSSO DO SUL", "pais": "Brasil", "precipitacao": null, "numero_dias_sem_chuva": null, "risco_fogo": null, "bioma": "Cerrado", "id_0": 33, "id_1": 50, "id_2": 5008305, "continente_id": 8, "vegetacao": null, "grade_wrs": "223_074", "frp": 1.8}, "bbox": [-51.70012, -20.63174, -51.70012, -20.63174]}, {"type": "Feature", "id": "focos_48h_br_todosats.fid--211a0569_19dac319c32_6ef3", "geometry": {"type": "Point", "coordinates": [-53.35804, -19.40045]}, "geometry_name": "geometria", "properties": {"id_foco_bdq": 1814794853, "foco_id": "8611da56-b0c5-3c8c-aae0-31ce797338a2", "longitude": -53.35804, "latitude": -19.40045, "data_hora_gmt": "2026-04-20T04:55:00Z", "data_pas": "2026-04-20", "satelite": "NOAA-21", "municipio": "PARAÍSO DAS ÁGUAS", "estado": "MATO GROSSO DO SUL", "pais": "Brasil", "precipitacao": null, "numero_dias_sem_chuva": null, "risco_fogo": null, "bioma": "Cerrado", "id_0": 33, "id_1": 50, "id_2": 5006275, "continente_id": 8, "vegetacao": null, "grade_wrs": "224_073", "frp": 1.5}, "bbox": [-53.35804, -19.40045, -53.35804, -19.40045]}, {"type": "Feature", "id": "focos_48h_br_todosats.fid--211a0569_19dac319c32_6ef4", "geometry": {"type": "Point", "coordinates": [-55.5079, -17.82704]}, "geometry_name": "geometria", "properties": {"id_foco_bdq": 1814794532, "foco_id": "b9c39c74-327c-360a-bc31-3726b02a239f", "longitude": -55.5079, "latitude": -17.82704, "data_hora_gmt": "2026-04-20T04:55:00Z", "data_pas": "2026-04-20", "satelite": "NOAA-21", "municipio": "CORUMBÁ", "estado": "MATO GROSSO DO SUL", "pais": "Brasil", "precipitacao": null, "numero_dias_sem_chuva": null, "risco_fogo": null, "bioma": "Pantanal", "id_0": 33, "id_1": 50, "id_2": 5003207, "continente_id": 8, "vegetacao": null, "grade_wrs": "226_072", "frp": 2.2}, "bbox": [-55.5079, -17.82704, -55.5079, -17.82704]}, {"type": "Feature", "id": "focos_48h_br_todosats.fid--211a0569_19dac319c32_6ef5", "geometry": {"type": "Point", "coordinates": [-46.83249, -17.16868]}, "geometry_name": "geometria", "properties": {"id_foco_bdq": 1814795557, "foco_id": "e387a1ec-83b6-309f-a31e-a4c3b4bbcb16", "longitude": -46.83249, "latitude": -17.16868, "data_hora_gmt": "2026-04-20T04:55:00Z", "data_pas": "2026-04-20", "satelite": "NOAA-21", "municipio": "PARACATU", "estado": "MINAS GERAIS", "pais": "Brasil", "precipitacao": null, "numero_dias_sem_chuva": null, "risco_fogo": null, "bioma": "Cerrado", "id_0": 33, "id_1": 31, "id_2": 3147006, "continente_id": 8, "vegetacao": null, "grade_wrs": "220_072", "frp": 5.1}, "bbox": [-46.83249, -17.16868, -46.83249, -17.16868]}, {"type": "Feature", "id": "focos_48h_br_todosats.fid--211a0569_19dac319c32_6ef6", "geometry": {"type": "Point", "coordinates": [-55.93669, -18.58556]}, "geometry_name": "geometria", "properties": {"id_foco_bdq": 1814794524, "foco_id": "139bf5f1-0eda-3fbb-8933-daf7671dd51b", "longitude": -55.93669, "latitude": -18.58556, "data_hora_gmt": "2026-04-20T04:55:00Z", "data_pas": "2026-04-20", "satelite": "NOAA-21", "municipio": "CORUMBÁ", "estado": "MATO GROSSO DO SUL", "pais": "Brasil", "precipitacao": null, "numero_dias_sem_chuva": null, "risco_fogo": null, "bioma": "Pantanal", "id_0": 33, "id_1": 50, "id_2": 5003207, "continente_id": 8, "vegetacao": null, "grade_wrs": "226_073", "frp": 1.3}, "bbox": [-55.93669, -18.58556, -55.93669, -18.58556]}, {"type": "Feature", "id": "focos_48h_br_todosats.fid--211a0569_19dac319c32_6ef7", "geometry": {"type": "Point", "coordinates": [-45.0173, -19.84461]}, "geometry_name": "geometria", "properties": {"id_foco_bdq": 1814794506, "foco_id": "b0b80fde-6ea9-3c8b-ab46-092a8b49c889", "longitude": -45.0173, "latitude": -19.84461, "data_hora_gmt": "2026-04-20T04:55:00Z", "data_pas": "2026-04-20", "satelite": "NOAA-21", "municipio": "NOVA SERRANA", "estado": "MINAS GERAIS", "pais": "Brasil", "precipitacao": null, "numero_dias_sem_chuva": null, "risco_fogo": null, "bioma": "Cerrado", "id_0": 33, "id_1": 31, "id_2": 3145208, "continente_id": 8, "vegetacao": null, "grade_wrs": "219_074", "frp": 19.8}, "bbox": [-45.0173, -19.84461, -45.0173, -19.84461]}, {"type": "Feature", "id": "focos_48h_br_todosats.fid--211a0569_19dac319c32_6ef8", "geometry": {"type": "Point", "coordinates": [-42.66016, -17.25172]}, "geometry_name": "geometria", "properties": {"id_foco_bdq": 1814795956, "foco_id": "ebe018e4-f88c-3918-98d9-6e5124a3e594", "longitude": -42.66016, "latitude": -17.25172, "data_hora_gmt": "2026-04-20T04:55:00Z", "data_pas": "2026-04-20", "satelite": "NOAA-21", "municipio": "MINAS NOVAS", "estado": "MINAS GERAIS", "pais": "Brasil", "precipitacao": null, "numero_dias_sem_chuva": null, "risco_fogo": null, "bioma": "Cerrado", "id_0": 33, "id_1": 31, "id_2": 3141801, "continente_id": 8, "vegetacao": null, "grade_wrs": "217_072", "frp": 10.3}, "bbox": [-42.66016, -17.25172, -42.66016, -17.25172]}, {"type": "Feature", "id": "focos_48h_br_todosats.fid--211a0569_19dac319c32_6ef9", "geometry": {"type": "Point", "coordinates": [-56.15411, -21.45225]}, "geometry_name": "geometria", "properties": {"id_foco_bdq": 1814794328, "foco_id": "f362020a-2224-3113-aa82-55d2b3be94f3", "longitude": -56.15411, "latitude": -21.45225, "data_hora_gmt": "2026-04-20T04:55:00Z", "data_pas": "2026-04-20", "satelite": "NOAA-21", "municipio": "JARDIM", "estado": "MATO GROSSO DO SUL", "pais": "Brasil", "precipitacao": null, "numero_dias_sem_chuva": null, "risco_fogo": null, "bioma": "Cerrado", "id_0": 33, "id_1": 50, "id_2": 5005004, "continente_id": 8, "vegetacao": null, "grade_wrs": "225_075", "frp": 1.7}, "bbox": [-56.15411, -21.45225, -56.15411, -21.45225]}, {"type": "Feature", "id": "focos_48h_br_todosats.fid--211a0569_19dac319c32_6efa", "geometry": {"type": "Point", "coordinates": [-56.15781, -21.45167]}, "geometry_name": "geometria", "properties": {"id_foco_bdq": 1814794222, "foco_id": "685cf758-eac0-3df6-a9b7-680d697347a9", "longitude": -56.15781, "latitude": -21.45167, "data_hora_gmt": "2026-04-20T04:55:00Z", "data_pas": "2026-04-20", "satelite": "NOAA-21", "municipio": "JARDIM", "estado": "MATO GROSSO DO SUL", "pais": "Brasil", "precipitacao": null, "numero_dias_sem_chuva": null, "risco_fogo": null, "bioma": "Cerrado", "id_0": 33, "id_1": 50, "id_2": 5005004, "continente_id": 8, "vegetacao": null, "grade_wrs": "225_075", "frp": 1.7}, "bbox": [-56.15781, -21.45167, -56.15781, -21.45167]}, {"type": "Feature", "id": "focos_48h_br_todosats.fid--211a0569_19dac319c32_6efb", "geometry": {"type": "Point", "coordinates": [-43.07254, -22.48561]}, "geometry_name": "geometria", "properties": {"id_foco_bdq": 1814793941, "foco_id": "bc156154-0268-3ec0-bd5d-81418b3c5c9b", "longitude": -43.07254, "latitude": -22.48561, "data_hora_gmt": "2026-04-20T04:55:00Z", "data_pas": "2026-04-20", "satelite": "NOAA-21", "municipio": "PETRÓPOLIS", "estado": "RIO DE JANEIRO", "pais": "Brasil", "precipitacao": null, "numero_dias_sem_chuva": null, "risco_fogo": null, "bioma": "Mata Atlântica", "id_0": 33, "id_1": 33, "id_2": 3303906, "continente_id": 8, "vegetacao": null, "grade_wrs": "217_076", "frp": 3.2}, "bbox": [-43.07254, -22.48561, -43.07254, -22.48561]}, {"type": "Feature", "id": "focos_48h_br_todosats.fid--211a0569_19dac319c32_6efc", "geometry": {"type": "Point", "coordinates": [-46.10852, -21.9621]}, "geometry_name": "geometria", "properties": {"id_foco_bdq": 1814793702, "foco_id": "ad37942f-1be7-3484-8343-95eaa8fa778a", "longitude": -46.10852, "latitude": -21.9621, "data_hora_gmt": "2026-04-20T04:55:00Z", "data_pas": "2026-04-20", "satelite": "NOAA-21", "municipio": "IPUIÚNA", "estado": "MINAS GERAIS", "pais": "Brasil", "precipitacao": null, "numero_dias_sem_chuva": null, "risco_fogo": null, "bioma": "Mata Atlântica", "id_0": 33, "id_1": 31, "id_2": 3131505, "continente_id": 8, "vegetacao": null, "grade_wrs": "219_075", "frp": 2.7}, "bbox": [-46.10852, -21.9621, -46.10852, -21.9621]}, {"type": "Feature", "id": "focos_48h_br_todosats.fid--211a0569_19dac319c32_6efd", "geometry": {"type": "Point", "coordinates": [-46.83843, -17.16798]}, "geometry_name": "geometria", "properties": {"id_foco_bdq": 1814796500, "foco_id": "bc611a1c-7828-3b05-84c3-038794d26751", "longitude": -46.83843, "latitude": -17.16798, "data_hora_gmt": "2026-04-20T04:55:00Z", "data_pas": "2026-04-20", "satelite": "NOAA-21", "municipio": "PARACATU", "estado": "MINAS GERAIS", "pais": "Brasil", "precipitacao": null, "numero_dias_sem_chuva": null, "risco_fogo": null, "bioma": "Cerrado", "id_0": 33, "id_1": 31, "id_2": 3147006, "continente_id": 8, "vegetacao": null, "grade_wrs": "220_072", "frp": 5.1}, "bbox": [-46.83843, -17.16798, -46.83843, -17.16798]}, {"type": "Feature", "id": "focos_48h_br_todosats.fid--211a0569_19dac319c32_6efe", "geometry": {"type": "Point", "coordinates": [-42.66547, -17.25122]}, "geometry_name": "geometria", "properties": {"id_foco_bdq": 1814793677, "foco_id": "b03f823c-63c2-3162-8154-a8447de12b9e", "longitude": -42.66547, "latitude": -17.25122, "data_hora_gmt": "2026-04-20T04:55:00Z", "data_pas": "2026-04-20", "satelite": "NOAA-21", "municipio": "MINAS NOVAS", "estado": "MINAS GERAIS", "pais": "Brasil", "precipitacao": null, "numero_dias_sem_chuva": null, "risco_fogo": null, "bioma": "Cerrado", "id_0": 33, "id_1": 31, "id_2": 3141801, "continente_id": 8, "vegetacao": null, "grade_wrs": "217_072", "frp": 16.2}, "bbox": [-42.66547, -17.25122, -42.66547, -17.25122]}, {"type": "Feature", "id": "focos_48h_br_todosats.fid--211a0569_19dac319c32_6eff", "geometry": {"type": "Point", "coordinates": [-43.07314, -22.49219]}, "geometry_name": "geometria", "properties": {"id_foco_bdq": 1814796702, "foco_id": "5006e474-80f0-32b8-9b2f-8a20f404a49f", "longitude": -43.07314, "latitude": -22.49219, "data_hora_gmt": "2026-04-20T04:55:00Z", "data_pas": "2026-04-20", "satelite": "NOAA-21", "municipio": "MAGÉ", "estado": "RIO DE JANEIRO", "pais": "Brasil", "precipitacao": null, "numero_dias_sem_chuva": null, "risco_fogo": null, "bioma": "Mata Atlântica", "id_0": 33, "id_1": 33, "id_2": 3302502, "continente_id": 8, "vegetacao": null, "grade_wrs": "217_076", "frp": 0.2}, "bbox": [-43.07314, -22.49219, -43.07314, -22.49219]}, {"type": "Feature", "id": "focos_48h_br_todosats.fid--211a0569_19dac319c32_6f00", "geometry": {"type": "Point", "coordinates": [-58.47882, -16.31182]}, "geometry_name": "geometria", "properties": {"id_foco_bdq": 1814796731, "foco_id": "32c08163-5e97-3ae7-8914-aad5f351c91d", "longitude": -58.47882, "latitude": -16.31182, "data_hora_gmt": "2026-04-20T04:55:00Z", "data_pas": "2026-04-20", "satelite": "NOAA-21", "municipio": "CÁCERES", "estado": "MATO GROSSO", "pais": "Brasil", "precipitacao": null, "numero_dias_sem_chuva": null, "risco_fogo": null, "bioma": "Pantanal", "id_0": 33, "id_1": 51, "id_2": 5102504, "continente_id": 8, "vegetacao": null, "grade_wrs": "228_071", "frp": 1.7}, "bbox": [-58.47882, -16.31182, -58.47882, -16.31182]}, {"type": "Feature", "id": "focos_48h_br_todosats.fid--211a0569_19dac319c32_6f01", "geometry": {"type": "Point", "coordinates": [-45.01691, -19.83889]}, "geometry_name": "geometria", "properties": {"id_foco_bdq": 1814796789, "foco_id": "77998637-4747-3191-a2d3-c323edf297f6", "longitude": -45.01691, "latitude": -19.83889, "data_hora_gmt": "2026-04-20T04:55:00Z", "data_pas": "2026-04-20", "satelite": "NOAA-21", "municipio": "NOVA SERRANA", "estado": "MINAS GERAIS", "pais": "Brasil", "precipitacao": null, "numero_dias_sem_chuva": null, "risco_fogo": null, "bioma": "Cerrado", "id_0": 33, "id_1": 31, "id_2": 3145208, "continente_id": 8, "vegetacao": null, "grade_wrs": "219_074", "frp": 1.5}, "bbox": [-45.01691, -19.83889, -45.01691, -19.83889]}, {"type": "Feature", "id": "focos_48h_br_todosats.fid--211a0569_19dac319c32_6f02", "geometry": {"type": "Point", "coordinates": [-49.5983, -20.03674]}, "geometry_name": "geometria", "properties": {"id_foco_bdq": 1814796832, "foco_id": "e0ce9f52-0730-3019-88e8-f3c03d891ea2", "longitude": -49.5983, "latitude": -20.03674, "data_hora_gmt": "2026-04-20T04:55:00Z", "data_pas": "2026-04-20", "satelite": "NOAA-21", "municipio": "RIOLÂNDIA", "estado": "SÃO PAULO", "pais": "Brasil", "precipitacao": null, "numero_dias_sem_chuva": null, "risco_fogo": null, "bioma": "Mata Atlântica", "id_0": 33, "id_1": 35, "id_2": 3544202, "continente_id": 8, "vegetacao": null, "grade_wrs": "221_074", "frp": 1.3}, "bbox": [-49.5983, -20.03674, -49.5983, -20.03674]}, {"type": "Feature", "id": "focos_48h_br_todosats.fid--211a0569_19dac319c32_6f03", "geometry": {"type": "Point", "coordinates": [-53.36143, -19.39644]}, "geometry_name": "geometria", "properties": {"id_foco_bdq": 1814796834, "foco_id": "1b219d4c-596f-39b6-9c9c-d017b6722468", "longitude": -53.36143, "latitude": -19.39644, "data_hora_gmt": "2026-04-20T04:55:00Z", "data_pas": "2026-04-20", "satelite": "NOAA-21", "municipio": "PARAÍSO DAS ÁGUAS", "estado": "MATO GROSSO DO SUL", "pais": "Brasil", "precipitacao": null, "numero_dias_sem_chuva": null, "risco_fogo": null, "bioma": "Cerrado", "id_0": 33, "id_1": 50, "id_2": 5006275, "continente_id": 8, "vegetacao": null, "grade_wrs": "224_073", "frp": 0.6}, "bbox": [-53.36143, -19.39644, -53.36143, -19.39644]}, {"type": "Feature", "id": "focos_48h_br_todosats.fid--211a0569_19dac319c32_6f04", "geometry": {"type": "Point", "coordinates": [-51.23208, -24.17587]}, "geometry_name": "geometria", "properties": {"id_foco_bdq": 1814795198, "foco_id": "bee2eb82-d203-3b13-a055-cd1a577d6d09", "longitude": -51.23208, "latitude": -24.17587, "data_hora_gmt": "2026-04-20T04:57:00Z", "data_pas": "2026-04-20", "satelite": "NOAA-21", "municipio": "ORTIGUEIRA", "estado": "PARANÁ", "pais": "Brasil", "precipitacao": null, "numero_dias_sem_chuva": null, "risco_fogo": null, "bioma": "Mata Atlântica", "id_0": 33, "id_1": 41, "id_2": 4117305, "continente_id": 8, "vegetacao": null, "grade_wrs": "222_077", "frp": 5.7}, "bbox": [-51.23208, -24.17587, -51.23208, -24.17587]}, {"type": "Feature", "id": "focos_48h_br_todosats.fid--211a0569_19dac319c32_6f05", "geometry": {"type": "Point", "coordinates": [-51.23075, -24.1765]}, "geometry_name": "geometria", "properties": {"id_foco_bdq": 1814794026, "foco_id": "83b8ca5e-813d-302c-b657-03bed69e053a", "longitude": -51.23075, "latitude": -24.1765, "data_hora_gmt": "2026-04-20T04:57:00Z", "data_pas": "2026-04-20", "satelite": "NOAA-21", "municipio": "ORTIGUEIRA", "estado": "PARANÁ", "pais": "Brasil", "precipitacao": null, "numero_dias_sem_chuva": null, "risco_fogo": null, "bioma": "Mata Atlântica", "id_0": 33, "id_1": 41, "id_2": 4117305, "continente_id": 8, "vegetacao": null, "grade_wrs": "222_077", "frp": 10.9}, "bbox": [-51.23075, -24.1765, -51.23075, -24.1765]}, {"type": "Feature", "id": "focos_48h_br_todosats.fid--211a0569_19dac319c32_6f06", "geometry": {"type": "Point", "coordinates": [-49.97269, -27.75742]}, "geometry_name": "geometria", "properties": {"id_foco_bdq": 1814796144, "foco_id": "ffafe6f0-c7f7-3163-b736-1ba0a02be140", "longitude": -49.97269, "latitude": -27.75742, "data_hora_gmt": "2026-04-20T04:57:00Z", "data_pas": "2026-04-20", "satelite": "NOAA-21", "municipio": "BOCAINA DO SUL", "estado": "SANTA CATARINA", "pais": "Brasil", "precipitacao": null, "numero_dias_sem_chuva": null, "risco_fogo": null, "bioma": "Mata Atlântica", "id_0": 33, "id_1": 42, "id_2": 4202438, "continente_id": 8, "vegetacao": null, "grade_wrs": "220_079", "frp": 5}, "bbox": [-49.97269, -27.75742, -49.97269, -27.75742]}, {"type": "Feature", "id": "focos_48h_br_todosats.fid--211a0569_19dac319c32_6f07", "geometry": {"type": "Point", "coordinates": [-49.39745, -25.17479]}, "geometry_name": "geometria", "properties": {"id_foco_bdq": 1814796551, "foco_id": "4c9db77d-852b-3d19-bdf7-1403add015fa", "longitude": -49.39745, "latitude": -25.17479, "data_hora_gmt": "2026-04-20T04:57:00Z", "data_pas": "2026-04-20", "satelite": "NOAA-21", "municipio": "RIO BRANCO DO SUL", "estado": "PARANÁ", "pais": "Brasil", "precipitacao": null, "numero_dias_sem_chuva": null, "risco_fogo": null, "bioma": "Mata Atlântica", "id_0": 33, "id_1": 41, "id_2": 4122206, "continente_id": 8, "vegetacao": null, "grade_wrs": "221_077", "frp": 1.6}, "bbox": [-49.39745, -25.17479, -49.39745, -25.17479]}, {"type": "Feature", "id": "focos_48h_br_todosats.fid--211a0569_19dac319c32_6f08", "geometry": {"type": "Point", "coordinates": [-51.22767, -24.17229]}, "geometry_name": "geometria", "properties": {"id_foco_bdq": 1814794718, "foco_id": "1c46e18f-1adf-3264-a5a2-89a980352429", "longitude": -51.22767, "latitude": -24.17229, "data_hora_gmt": "2026-04-20T04:57:00Z", "data_pas": "2026-04-20", "satelite": "NOAA-21", "municipio": "ORTIGUEIRA", "estado": "PARANÁ", "pais": "Brasil", "precipitacao": null, "numero_dias_sem_chuva": null, "risco_fogo": null, "bioma": "Mata Atlântica", "id_0": 33, "id_1": 41, "id_2": 4117305, "continente_id": 8, "vegetacao": null, "grade_wrs": "222_077", "frp": 5.3}, "bbox": [-51.22767, -24.17229, -51.22767, -24.17229]}, {"type": "Feature", "id": "focos_48h_br_todosats.fid--211a0569_19dac319c32_6f09", "geometry": {"type": "Point", "coordinates": [-51.22818, -24.17635]}, "geometry_name": "geometria", "properties": {"id_foco_bdq": 1814796678, "foco_id": "62d030ea-aaca-3509-81fe-18199b4c9056", "longitude": -51.22818, "latitude": -24.17635, "data_hora_gmt": "2026-04-20T04:57:00Z", "data_pas": "2026-04-20", "satelite": "NOAA-21", "municipio": "ORTIGUEIRA", "estado": "PARANÁ", "pais": "Brasil", "precipitacao": null, "numero_dias_sem_chuva": null, "risco_fogo": null, "bioma": "Mata Atlântica", "id_0": 33, "id_1": 41, "id_2": 4117305, "continente_id": 8, "vegetacao": null, "grade_wrs": "222_077", "frp": 5.7}, "bbox": [-51.22818, -24.17635, -51.22818, -24.17635]}, {"type": "Feature", "id": "focos_48h_br_todosats.fid--211a0569_19dac319c32_6f0a", "geometry": {"type": "Point", "coordinates": [-52.74906, -31.695]}, "geometry_name": "geometria", "properties": {"id_foco_bdq": 1814796149, "foco_id": "779689c2-c854-3acd-8b02-e90f6b89b2a2", "longitude": -52.74906, "latitude": -31.695, "data_hora_gmt": "2026-04-20T04:59:00Z", "data_pas": "2026-04-20", "satelite": "NOAA-21", "municipio": "CERRITO", "estado": "RIO GRANDE DO SUL", "pais": "Brasil", "precipitacao": null, "numero_dias_sem_chuva": null, "risco_fogo": null, "bioma": "Pampa", "id_0": 33, "id_1": 43, "id_2": 4305124, "continente_id": 8, "vegetacao": null, "grade_wrs": "222_082", "frp": 2.3}, "bbox": [-52.74906, -31.695, -52.74906, -31.695]}, {"type": "Feature", "id": "focos_48h_br_todosats.fid--211a0569_19dac319c32_6f0b", "geometry": {"type": "Point", "coordinates": [-53.36059, -19.39594]}, "geometry_name": "geometria", "properties": {"id_foco_bdq": 1814796895, "foco_id": "7198e854-d934-3c66-9b57-d321186e7182", "longitude": -53.36059, "latitude": -19.39594, "data_hora_gmt": "2026-04-20T05:27:00Z", "data_pas": "2026-04-20", "satelite": "NPP-375D", "municipio": "PARAÍSO DAS ÁGUAS", "estado": "MATO GROSSO DO SUL", "pais": "Brasil", "precipitacao": null, "numero_dias_sem_chuva": null, "risco_fogo": null, "bioma": "Cerrado", "id_0": 33, "id_1": 50, "id_2": 5006275, "continente_id": 8, "vegetacao": null, "grade_wrs": "224_073", "frp": 0.5}, "bbox": [-53.36059, -19.39594, -53.36059, -19.39594]}, {"type": "Feature", "id": "focos_48h_br_todosats.fid--211a0569_19dac319c32_6f0c", "geometry": {"type": "Point", "coordinates": [-53.36134, -19.40102]}, "geometry_name": "geometria", "properties": {"id_foco_bdq": 1814796947, "foco_id": "b9bb79be-2290-325c-816f-5ef3e6f9e02e", "longitude": -53.36134, "latitude": -19.40102, "data_hora_gmt": "2026-04-20T05:27:00Z", "data_pas": "2026-04-20", "satelite": "NPP-375D", "municipio": "PARAÍSO DAS ÁGUAS", "estado": "MATO GROSSO DO SUL", "pais": "Brasil", "precipitacao": null, "numero_dias_sem_chuva": null, "risco_fogo": null, "bioma": "Cerrado", "id_0": 33, "id_1": 50, "id_2": 5006275, "continente_id": 8, "vegetacao": null, "grade_wrs": "224_073", "frp": 0.6}, "bbox": [-53.36134, -19.40102, -53.36134, -19.40102]}, {"type": "Feature", "id": "focos_48h_br_todosats.fid--211a0569_19dac319c32_6f0d", "geometry": {"type": "Point", "coordinates": [-55.25407, -17.88003]}, "geometry_name": "geometria", "properties": {"id_foco_bdq": 1814796960, "foco_id": "509b4921-1073-3f5d-af58-eb07d6d3dca8", "longitude": -55.25407, "latitude": -17.88003, "data_hora_gmt": "2026-04-20T05:27:00Z", "data_pas": "2026-04-20", "satelite": "NPP-375D", "municipio": "CORUMBÁ", "estado": "MATO GROSSO DO SUL", "pais": "Brasil", "precipitacao": null, "numero_dias_sem_chuva": null, "risco_fogo": null, "bioma": "Pantanal", "id_0": 33, "id_1": 50, "id_2": 5003207, "continente_id": 8, "vegetacao": null, "grade_wrs": "225_072", "frp": 0.6}, "bbox": [-55.25407, -17.88003, -55.25407, -17.88003]}, {"type": "Feature", "id": "focos_48h_br_todosats.fid--211a0569_19dac319c32_6f0e", "geometry": {"type": "Point", "coordinates": [-53.3582, -19.40137]}, "geometry_name": "geometria", "properties": {"id_foco_bdq": 1814797409, "foco_id": "9689c680-56e6-38d4-9be7-81ebf032760d", "longitude": -53.3582, "latitude": -19.40137, "data_hora_gmt": "2026-04-20T05:27:00Z", "data_pas": "2026-04-20", "satelite": "NPP-375D", "municipio": "PARAÍSO DAS ÁGUAS", "estado": "MATO GROSSO DO SUL", "pais": "Brasil", "precipitacao": null, "numero_dias_sem_chuva": null, "risco_fogo": null, "bioma": "Cerrado", "id_0": 33, "id_1": 50, "id_2": 5006275, "continente_id": 8, "vegetacao": null, "grade_wrs": "224_073", "frp": 0.6}, "bbox": [-53.3582, -19.40137, -53.3582, -19.40137]}, {"type": "Feature", "id": "focos_48h_br_todosats.fid--211a0569_19dac319c32_6f0f", "geometry": {"type": "Point", "coordinates": [-56.15863, -21.45089]}, "geometry_name": "geometria", "properties": {"id_foco_bdq": 1814797650, "foco_id": "0a2df217-34ab-3986-a87d-f69f1ef8d8bc", "longitude": -56.15863, "latitude": -21.45089, "data_hora_gmt": "2026-04-20T05:27:00Z", "data_pas": "2026-04-20", "satelite": "NPP-375D", "municipio": "JARDIM", "estado": "MATO GROSSO DO SUL", "pais": "Brasil", "precipitacao": null, "numero_dias_sem_chuva": null, "risco_fogo": null, "bioma": "Cerrado", "id_0": 33, "id_1": 50, "id_2": 5005004, "continente_id": 8, "vegetacao": null, "grade_wrs": "225_075", "frp": 1.4}, "bbox": [-56.15863, -21.45089, -56.15863, -21.45089]}, {"type": "Feature", "id": "focos_48h_br_todosats.fid--211a0569_19dac319c32_6f10", "geometry": {"type": "Point", "coordinates": [-55.25788, -17.87508]}, "geometry_name": "geometria", "properties": {"id_foco_bdq": 1814797999, "foco_id": "8e10901b-3dce-38ef-8c53-003c2de5b9e4", "longitude": -55.25788, "latitude": -17.87508, "data_hora_gmt": "2026-04-20T05:27:00Z", "data_pas": "2026-04-20", "satelite": "NPP-375D", "municipio": "CORUMBÁ", "estado": "MATO GROSSO DO SUL", "pais": "Brasil", "precipitacao": null, "numero_dias_sem_chuva": null, "risco_fogo": null, "bioma": "Pantanal", "id_0": 33, "id_1": 50, "id_2": 5003207, "continente_id": 8, "vegetacao": null, "grade_wrs": "225_072", "frp": 0.6}, "bbox": [-55.25788, -17.87508, -55.25788, -17.87508]}, {"type": "Feature", "id": "focos_48h_br_todosats.fid--211a0569_19dac319c32_6f11", "geometry": {"type": "Point", "coordinates": [-55.93316, -18.58693]}, "geometry_name": "geometria", "properties": {"id_foco_bdq": 1814798040, "foco_id": "e870b37e-e221-3722-99db-826821473b1c", "longitude": -55.93316, "latitude": -18.58693, "data_hora_gmt": "2026-04-20T05:27:00Z", "data_pas": "2026-04-20", "satelite": "NPP-375D", "municipio": "CORUMBÁ", "estado": "MATO GROSSO DO SUL", "pais": "Brasil", "precipitacao": null, "numero_dias_sem_chuva": null, "risco_fogo": null, "bioma": "Pantanal", "id_0": 33, "id_1": 50, "id_2": 5003207, "continente_id": 8, "vegetacao": null, "grade_wrs": "226_073", "frp": 0.6}, "bbox": [-55.93316, -18.58693, -55.93316, -18.58693]}, {"type": "Feature", "id": "focos_48h_br_todosats.fid--211a0569_19dac319c32_6f12", "geometry": {"type": "Point", "coordinates": [-56.15622, -21.45041]}, "geometry_name": "geometria", "properties": {"id_foco_bdq": 1814798054, "foco_id": "494f2936-533e-3b20-ba33-2f536888d477", "longitude": -56.15622, "latitude": -21.45041, "data_hora_gmt": "2026-04-20T05:27:00Z", "data_pas": "2026-04-20", "satelite": "NPP-375D", "municipio": "JARDIM", "estado": "MATO GROSSO DO SUL", "pais": "Brasil", "precipitacao": null, "numero_dias_sem_chuva": null, "risco_fogo": null, "bioma": "Cerrado", "id_0": 33, "id_1": 50, "id_2": 5005004, "continente_id": 8, "vegetacao": null, "grade_wrs": "225_075", "frp": 1.7}, "bbox": [-56.15622, -21.45041, -56.15622, -21.45041]}, {"type": "Feature", "id": "focos_48h_br_todosats.fid--211a0569_19dac319c32_6f13", "geometry": {"type": "Point", "coordinates": [-56.15688, -21.45475]}, "geometry_name": "geometria", "properties": {"id_foco_bdq": 1814798191, "foco_id": "97314248-2551-378e-9908-9fe87b512b10", "longitude": -56.15688, "latitude": -21.45475, "data_hora_gmt": "2026-04-20T05:27:00Z", "data_pas": "2026-04-20", "satelite": "NPP-375D", "municipio": "JARDIM", "estado": "MATO GROSSO DO SUL", "pais": "Brasil", "precipitacao": null, "numero_dias_sem_chuva": null, "risco_fogo": null, "bioma": "Cerrado", "id_0": 33, "id_1": 50, "id_2": 5005004, "continente_id": 8, "vegetacao": null, "grade_wrs": "225_075", "frp": 1}, "bbox": [-56.15688, -21.45475, -56.15688, -21.45475]}, {"type": "Feature", "id": "focos_48h_br_todosats.fid--211a0569_19dac319c32_6f14", "geometry": {"type": "Point", "coordinates": [-56.15419, -21.4514]}, "geometry_name": "geometria", "properties": {"id_foco_bdq": 1814798117, "foco_id": "f973d4c7-787b-3103-a01c-e277746a730b", "longitude": -56.15419, "latitude": -21.4514, "data_hora_gmt": "2026-04-20T05:27:00Z", "data_pas": "2026-04-20", "satelite": "NPP-375D", "municipio": "JARDIM", "estado": "MATO GROSSO DO SUL", "pais": "Brasil", "precipitacao": null, "numero_dias_sem_chuva": null, "risco_fogo": null, "bioma": "Cerrado", "id_0": 33, "id_1": 50, "id_2": 5005004, "continente_id": 8, "vegetacao": null, "grade_wrs": "225_075", "frp": 1.4}, "bbox": [-56.15419, -21.4514, -56.15419, -21.4514]}, {"type": "Feature", "id": "focos_48h_br_todosats.fid--211a0569_19dac319c32_6f15", "geometry": {"type": "Point", "coordinates": [-58.48114, -16.31132]}, "geometry_name": "geometria", "properties": {"id_foco_bdq": 1814798138, "foco_id": "95486ad0-9f41-3a28-a297-d768b0caaee6", "longitude": -58.48114, "latitude": -16.31132, "data_hora_gmt": "2026-04-20T05:27:00Z", "data_pas": "2026-04-20", "satelite": "NPP-375D", "municipio": "CÁCERES", "estado": "MATO GROSSO", "pais": "Brasil", "precipitacao": null, "numero_dias_sem_chuva": null, "risco_fogo": null, "bioma": "Pantanal", "id_0": 33, "id_1": 51, "id_2": 5102504, "continente_id": 8, "vegetacao": null, "grade_wrs": "228_071", "frp": 1.1}, "bbox": [-58.48114, -16.31132, -58.48114, -16.31132]}, {"type": "Feature", "id": "focos_48h_br_todosats.fid--211a0569_19dac319c32_6f16", "geometry": {"type": "Point", "coordinates": [-55.93726, -18.5864]}, "geometry_name": "geometria", "properties": {"id_foco_bdq": 1814798162, "foco_id": "40ab4406-3074-3511-8eed-c1f3b15fc910", "longitude": -55.93726, "latitude": -18.5864, "data_hora_gmt": "2026-04-20T05:27:00Z", "data_pas": "2026-04-20", "satelite": "NPP-375D", "municipio": "CORUMBÁ", "estado": "MATO GROSSO DO SUL", "pais": "Brasil", "precipitacao": null, "numero_dias_sem_chuva": null, "risco_fogo": null, "bioma": "Pantanal", "id_0": 33, "id_1": 50, "id_2": 5003207, "continente_id": 8, "vegetacao": null, "grade_wrs": "226_073", "frp": 0.8}, "bbox": [-55.93726, -18.5864, -55.93726, -18.5864]}, {"type": "Feature", "id": "focos_48h_br_todosats.fid--211a0569_19dac319c32_6f17", "geometry": {"type": "Point", "coordinates": [-51.22788, -24.17642]}, "geometry_name": "geometria", "properties": {"id_foco_bdq": 1814797687, "foco_id": "e3282fb6-0bfc-320b-b7f6-650adbf588fe", "longitude": -51.22788, "latitude": -24.17642, "data_hora_gmt": "2026-04-20T05:29:00Z", "data_pas": "2026-04-20", "satelite": "NPP-375D", "municipio": "ORTIGUEIRA", "estado": "PARANÁ", "pais": "Brasil", "precipitacao": null, "numero_dias_sem_chuva": null, "risco_fogo": null, "bioma": "Mata Atlântica", "id_0": 33, "id_1": 41, "id_2": 4117305, "continente_id": 8, "vegetacao": null, "grade_wrs": "222_077", "frp": 2.5}, "bbox": [-51.22788, -24.17642, -51.22788, -24.17642]}, {"type": "Feature", "id": "focos_48h_br_todosats.fid--211a0569_19dac319c32_6f18", "geometry": {"type": "Point", "coordinates": [-51.23306, -24.17599]}, "geometry_name": "geometria", "properties": {"id_foco_bdq": 1814797483, "foco_id": "d193667a-3d4c-3364-a938-b133f6e483e3", "longitude": -51.23306, "latitude": -24.17599, "data_hora_gmt": "2026-04-20T05:29:00Z", "data_pas": "2026-04-20", "satelite": "NPP-375D", "municipio": "ORTIGUEIRA", "estado": "PARANÁ", "pais": "Brasil", "precipitacao": null, "numero_dias_sem_chuva": null, "risco_fogo": null, "bioma": "Mata Atlântica", "id_0": 33, "id_1": 41, "id_2": 4117305, "continente_id": 8, "vegetacao": null, "grade_wrs": "222_077", "frp": 2.5}, "bbox": [-51.23306, -24.17599, -51.23306, -24.17599]}, {"type": "Feature", "id": "focos_48h_br_todosats.fid--211a0569_19dac319c32_6f19", "geometry": {"type": "Point", "coordinates": [-51.22513, -24.16923]}, "geometry_name": "geometria", "properties": {"id_foco_bdq": 1814797658, "foco_id": "d664c942-2ec9-363a-91ee-181bce7d88d7", "longitude": -51.22513, "latitude": -24.16923, "data_hora_gmt": "2026-04-20T05:29:00Z", "data_pas": "2026-04-20", "satelite": "NPP-375D", "municipio": "ORTIGUEIRA", "estado": "PARANÁ", "pais": "Brasil", "precipitacao": null, "numero_dias_sem_chuva": null, "risco_fogo": null, "bioma": "Mata Atlântica", "id_0": 33, "id_1": 41, "id_2": 4117305, "continente_id": 8, "vegetacao": null, "grade_wrs": "222_077", "frp": 2.4}, "bbox": [-51.22513, -24.16923, -51.22513, -24.16923]}, {"type": "Feature", "id": "focos_48h_br_todosats.fid--211a0569_19dac319c32_6f1a", "geometry": {"type": "Point", "coordinates": [-51.22542, -24.17541]}, "geometry_name": "geometria", "properties": {"id_foco_bdq": 1814796965, "foco_id": "cc8b6855-574f-3127-9fd2-c9352bcb9de5", "longitude": -51.22542, "latitude": -24.17541, "data_hora_gmt": "2026-04-20T05:29:00Z", "data_pas": "2026-04-20", "satelite": "NPP-375D", "municipio": "ORTIGUEIRA", "estado": "PARANÁ", "pais": "Brasil", "precipitacao": null, "numero_dias_sem_chuva": null, "risco_fogo": null, "bioma": "Mata Atlântica", "id_0": 33, "id_1": 41, "id_2": 4117305, "continente_id": 8, "vegetacao": null, "grade_wrs": "222_077", "frp": 2.4}, "bbox": [-51.22542, -24.17541, -51.22542, -24.17541]}, {"type": "Feature", "id": "focos_48h_br_todosats.fid--211a0569_19dac319c32_6f1b", "geometry": {"type": "Point", "coordinates": [-51.2276, -24.17024]}, "geometry_name": "geometria", "properties": {"id_foco_bdq": 1814797136, "foco_id": "a9cf57e2-2d34-38e4-867b-cccc55b4735b", "longitude": -51.2276, "latitude": -24.17024, "data_hora_gmt": "2026-04-20T05:29:00Z", "data_pas": "2026-04-20", "satelite": "NPP-375D", "municipio": "ORTIGUEIRA", "estado": "PARANÁ", "pais": "Brasil", "precipitacao": null, "numero_dias_sem_chuva": null, "risco_fogo": null, "bioma": "Mata Atlântica", "id_0": 33, "id_1": 41, "id_2": 4117305, "continente_id": 8, "vegetacao": null, "grade_wrs": "222_077", "frp": 1.9}, "bbox": [-51.2276, -24.17024, -51.2276, -24.17024]}, {"type": "Feature", "id": "focos_48h_br_todosats.fid--211a0569_19dac319c32_6f1c", "geometry": {"type": "Point", "coordinates": [-51.23074, -24.175]}, "geometry_name": "geometria", "properties": {"id_foco_bdq": 1814797878, "foco_id": "75c93792-5033-3338-a52a-4a123f2f10b4", "longitude": -51.23074, "latitude": -24.175, "data_hora_gmt": "2026-04-20T05:29:00Z", "data_pas": "2026-04-20", "satelite": "NPP-375D", "municipio": "ORTIGUEIRA", "estado": "PARANÁ", "pais": "Brasil", "precipitacao": null, "numero_dias_sem_chuva": null, "risco_fogo": null, "bioma": "Mata Atlântica", "id_0": 33, "id_1": 41, "id_2": 4117305, "continente_id": 8, "vegetacao": null, "grade_wrs": "222_077", "frp": 2.4}, "bbox": [-51.23074, -24.175, -51.23074, -24.175]}, {"type": "Feature", "id": "focos_48h_br_todosats.fid--211a0569_19dac319c32_6f1d", "geometry": {"type": "Point", "coordinates": [-60.24508, 2.76899]}, "geometry_name": "geometria", "properties": {"id_foco_bdq": 1814797014, "foco_id": "00f7aac1-65fd-3566-8c51-c91b702e7db4", "longitude": -60.24508, "latitude": 2.76899, "data_hora_gmt": "2026-04-20T05:42:00Z", "data_pas": "2026-04-20", "satelite": "NOAA-20", "municipio": "BONFIM", "estado": "RORAIMA", "pais": "Brasil", "precipitacao": null, "numero_dias_sem_chuva": null, "risco_fogo": null, "bioma": "Amazônia", "id_0": 33, "id_1": 14, "id_2": 1400159, "continente_id": 8, "vegetacao": null, "grade_wrs": "232_058", "frp": 1.7}, "bbox": [-60.24508, 2.76899, -60.24508, 2.76899]}, {"type": "Feature", "id": "focos_48h_br_todosats.fid--211a0569_19dac319c32_6f1e", "geometry": {"type": "Point", "coordinates": [-60.24242, 2.76712]}, "geometry_name": "geometria", "properties": {"id_foco_bdq": 1814797231, "foco_id": "eb7057f6-8e24-3f77-98ee-6632a2073285", "longitude": -60.24242, "latitude": 2.76712, "data_hora_gmt": "2026-04-20T05:42:00Z", "data_pas": "2026-04-20", "satelite": "NOAA-20", "municipio": "BONFIM", "estado": "RORAIMA", "pais": "Brasil", "precipitacao": null, "numero_dias_sem_chuva": null, "risco_fogo": null, "bioma": "Amazônia", "id_0": 33, "id_1": 14, "id_2": 1400159, "continente_id": 8, "vegetacao": null, "grade_wrs": "232_058", "frp": 1.7}, "bbox": [-60.24242, 2.76712, -60.24242, 2.76712]}, {"type": "Feature", "id": "focos_48h_br_todosats.fid--211a0569_19dac319c32_6f1f", "geometry": {"type": "Point", "coordinates": [-44.0327, -13.47233]}, "geometry_name": "geometria", "properties": {"id_foco_bdq": 1814801974, "foco_id": "4ffdc160-6034-3b17-820a-292553a9eab7", "longitude": -44.0327, "latitude": -13.47233, "data_hora_gmt": "2026-04-20T06:01:00Z", "data_pas": "2026-04-20", "satelite": "AQUA_M-M", "municipio": "SÃO FÉLIX DO CORIBE", "estado": "BAHIA", "pais": "Brasil", "precipitacao": null, "numero_dias_sem_chuva": null, "risco_fogo": null, "bioma": "Cerrado", "id_0": 33, "id_1": 29, "id_2": 2929057, "continente_id": 8, "vegetacao": null, "grade_wrs": "219_069", "frp": 5.2}, "bbox": [-44.0327, -13.47233, -44.0327, -13.47233]}, {"type": "Feature", "id": "focos_48h_br_todosats.fid--211a0569_19dac319c32_6f20", "geometry": {"type": "Point", "coordinates": [-42.66838, -17.24753]}, "geometry_name": "geometria", "properties": {"id_foco_bdq": 1814802188, "foco_id": "7501c1a4-4318-3acb-8f5d-8f50151f3818", "longitude": -42.66838, "latitude": -17.24753, "data_hora_gmt": "2026-04-20T06:03:00Z", "data_pas": "2026-04-20", "satelite": "AQUA_M-M", "municipio": "MINAS NOVAS", "estado": "MINAS GERAIS", "pais": "Brasil", "precipitacao": null, "numero_dias_sem_chuva": null, "risco_fogo": null, "bioma": "Cerrado", "id_0": 33, "id_1": 31, "id_2": 3141801, "continente_id": 8, "vegetacao": null, "grade_wrs": "217_072", "frp": 6.9}, "bbox": [-42.66838, -17.24753, -42.66838, -17.24753]}, {"type": "Feature", "id": "focos_48h_br_todosats.fid--211a0569_19dac319c32_6f21", "geometry": {"type": "Point", "coordinates": [-45.01632, -19.84106]}, "geometry_name": "geometria", "properties": {"id_foco_bdq": 1814801524, "foco_id": "eb59d998-7641-35ee-a954-7c60d1541b52", "longitude": -45.01632, "latitude": -19.84106, "data_hora_gmt": "2026-04-20T06:03:00Z", "data_pas": "2026-04-20", "satelite": "AQUA_M-M", "municipio": "NOVA SERRANA", "estado": "MINAS GERAIS", "pais": "Brasil", "precipitacao": null, "numero_dias_sem_chuva": null, "risco_fogo": null, "bioma": "Cerrado", "id_0": 33, "id_1": 31, "id_2": 3145208, "continente_id": 8, "vegetacao": null, "grade_wrs": "219_074", "frp": 5.8}, "bbox": [-45.01632, -19.84106, -45.01632, -19.84106]}, {"type": "Feature", "id": "focos_48h_br_todosats.fid--211a0569_19dac319c32_6f22", "geometry": {"type": "Point", "coordinates": [-42.6591, -17.24889]}, "geometry_name": "geometria", "properties": {"id_foco_bdq": 1814804622, "foco_id": "0e3b6729-1e7d-307c-be10-d2670f89d584", "longitude": -42.6591, "latitude": -17.24889, "data_hora_gmt": "2026-04-20T06:03:00Z", "data_pas": "2026-04-20", "satelite": "AQUA_M-M", "municipio": "MINAS NOVAS", "estado": "MINAS GERAIS", "pais": "Brasil", "precipitacao": null, "numero_dias_sem_chuva": null, "risco_fogo": null, "bioma": "Cerrado", "id_0": 33, "id_1": 31, "id_2": 3141801, "continente_id": 8, "vegetacao": null, "grade_wrs": "217_072", "frp": 15.8}, "bbox": [-42.6591, -17.24889, -42.6591, -17.24889]}, {"type": "Feature", "id": "focos_48h_br_todosats.fid--211a0569_19dac319c32_6f23", "geometry": {"type": "Point", "coordinates": [-48.79184, -21.23278]}, "geometry_name": "geometria", "properties": {"id_foco_bdq": 1814802781, "foco_id": "8118dddd-a761-34cc-9d91-3aedbc752191", "longitude": -48.79184, "latitude": -21.23278, "data_hora_gmt": "2026-04-20T06:05:00Z", "data_pas": "2026-04-20", "satelite": "AQUA_M-M", "municipio": "SANTA ADÉLIA", "estado": "SÃO PAULO", "pais": "Brasil", "precipitacao": null, "numero_dias_sem_chuva": null, "risco_fogo": null, "bioma": "Mata Atlântica", "id_0": 33, "id_1": 35, "id_2": 3545605, "continente_id": 8, "vegetacao": null, "grade_wrs": "221_075", "frp": 12.5}, "bbox": [-48.79184, -21.23278, -48.79184, -21.23278]}, {"type": "Feature", "id": "focos_48h_br_todosats.fid--211a0569_19dac319c32_6f24", "geometry": {"type": "Point", "coordinates": [-48.26505, -11.55441]}, "geometry_name": "geometria", "properties": {"id_foco_bdq": 1814838462, "foco_id": "f372354e-f27c-3c20-b395-7d9151ee830c", "longitude": -48.26505, "latitude": -11.55441, "data_hora_gmt": "2026-04-20T12:21:00Z", "data_pas": "2026-04-20", "satelite": "TERRA_M-T", "municipio": "SÃO VALÉRIO", "estado": "TOCANTINS", "pais": "Brasil", "precipitacao": null, "numero_dias_sem_chuva": null, "risco_fogo": null, "bioma": "Cerrado", "id_0": 33, "id_1": 17, "id_2": 1720499, "continente_id": 8, "vegetacao": null, "grade_wrs": "222_068", "frp": 20.4}, "bbox": [-48.26505, -11.55441, -48.26505, -11.55441]}, {"type": "Feature", "id": "focos_48h_br_todosats.fid--211a0569_19dac319c32_6f25", "geometry": {"type": "Point", "coordinates": [-51.87596, -15.10409]}, "geometry_name": "geometria", "properties": {"id_foco_bdq": 1814836426, "foco_id": "d43e5686-e559-3ab1-b4de-9d529b6b8506", "longitude": -51.87596, "latitude": -15.10409, "data_hora_gmt": "2026-04-20T12:23:00Z", "data_pas": "2026-04-20", "satelite": "TERRA_M-T", "municipio": "ARAGUAIANA", "estado": "MATO GROSSO", "pais": "Brasil", "precipitacao": null, "numero_dias_sem_chuva": null, "risco_fogo": null, "bioma": "Cerrado", "id_0": 33, "id_1": 51, "id_2": 5101001, "continente_id": 8, "vegetacao": null, "grade_wrs": "224_070", "frp": 6.5}, "bbox": [-51.87596, -15.10409, -51.87596, -15.10409]}, {"type": "Feature", "id": "focos_48h_br_todosats.fid--211a0569_19dac319c32_6f26", "geometry": {"type": "Point", "coordinates": [-46.73682, -17.66873]}, "geometry_name": "geometria", "properties": {"id_foco_bdq": 1814837653, "foco_id": "4105eba5-dfbd-301b-be9c-8fbb04adb1d4", "longitude": -46.73682, "latitude": -17.66873, "data_hora_gmt": "2026-04-20T12:23:00Z", "data_pas": "2026-04-20", "satelite": "TERRA_M-T", "municipio": "VAZANTE", "estado": "MINAS GERAIS", "pais": "Brasil", "precipitacao": null, "numero_dias_sem_chuva": null, "risco_fogo": null, "bioma": "Cerrado", "id_0": 33, "id_1": 31, "id_2": 3171006, "continente_id": 8, "vegetacao": null, "grade_wrs": "220_072", "frp": 26.3}, "bbox": [-46.73682, -17.66873, -46.73682, -17.66873]}, {"type": "Feature", "id": "focos_48h_br_todosats.fid--211a0569_19dac319c32_6f27", "geometry": {"type": "Point", "coordinates": [-51.86913, -15.101]}, "geometry_name": "geometria", "properties": {"id_foco_bdq": 1814838460, "foco_id": "4cd2e3b3-032c-3fde-98a3-2ec9299bb36f", "longitude": -51.86913, "latitude": -15.101, "data_hora_gmt": "2026-04-20T12:23:00Z", "data_pas": "2026-04-20", "satelite": "TERRA_M-T", "municipio": "ARAGUAIANA", "estado": "MATO GROSSO", "pais": "Brasil", "precipitacao": null, "numero_dias_sem_chuva": null, "risco_fogo": null, "bioma": "Cerrado", "id_0": 33, "id_1": 51, "id_2": 5101001, "continente_id": 8, "vegetacao": null, "grade_wrs": "224_070", "frp": 7.1}, "bbox": [-51.86913, -15.101, -51.86913, -15.101]}, {"type": "Feature", "id": "focos_48h_br_todosats.fid--211a0569_19dac319c32_6f28", "geometry": {"type": "Point", "coordinates": [-52.98149, -19.3883]}, "geometry_name": "geometria", "properties": {"id_foco_bdq": 1814835984, "foco_id": "66102537-fc20-319b-a590-54e84e870b27", "longitude": -52.98149, "latitude": -19.3883, "data_hora_gmt": "2026-04-20T12:25:00Z", "data_pas": "2026-04-20", "satelite": "TERRA_M-T", "municipio": "PARAÍSO DAS ÁGUAS", "estado": "MATO GROSSO DO SUL", "pais": "Brasil", "precipitacao": null, "numero_dias_sem_chuva": null, "risco_fogo": null, "bioma": "Cerrado", "id_0": 33, "id_1": 50, "id_2": 5006275, "continente_id": 8, "vegetacao": null, "grade_wrs": "224_073", "frp": 18.1}, "bbox": [-52.98149, -19.3883, -52.98149, -19.3883]}, {"type": "Feature", "id": "focos_48h_br_todosats.fid--211a0569_19dac319c32_6f29", "geometry": {"type": "Point", "coordinates": [-55.16188, -18.67882]}, "geometry_name": "geometria", "properties": {"id_foco_bdq": 1814834988, "foco_id": "db6b6428-1281-3d53-a26c-74b599b9fcbe", "longitude": -55.16188, "latitude": -18.67882, "data_hora_gmt": "2026-04-20T12:25:00Z", "data_pas": "2026-04-20", "satelite": "TERRA_M-T", "municipio": "RIO VERDE DE MATO GROSSO", "estado": "MATO GROSSO DO SUL", "pais": "Brasil", "precipitacao": null, "numero_dias_sem_chuva": null, "risco_fogo": null, "bioma": "Pantanal", "id_0": 33, "id_1": 50, "id_2": 5007406, "continente_id": 8, "vegetacao": null, "grade_wrs": "225_073", "frp": 6.6}, "bbox": [-55.16188, -18.67882, -55.16188, -18.67882]}, {"type": "Feature", "id": "focos_48h_br_todosats.fid--211a0569_19dac319c32_6f2a", "geometry": {"type": "Point", "coordinates": [-50.04714, -25.04978]}, "geometry_name": "geometria", "properties": {"id_foco_bdq": 1814837051, "foco_id": "661005ee-e84a-3021-bbfc-87a95d603bb9", "longitude": -50.04714, "latitude": -25.04978, "data_hora_gmt": "2026-04-20T12:27:00Z", "data_pas": "2026-04-20", "satelite": "TERRA_M-T", "municipio": "PONTA GROSSA", "estado": "PARANÁ", "pais": "Brasil", "precipitacao": null, "numero_dias_sem_chuva": null, "risco_fogo": null, "bioma": "Mata Atlântica", "id_0": 33, "id_1": 41, "id_2": 4119905, "continente_id": 8, "vegetacao": null, "grade_wrs": "221_077", "frp": 20}, "bbox": [-50.04714, -25.04978, -50.04714, -25.04978]}, {"type": "Feature", "id": "focos_48h_br_todosats.fid--211a0569_19dac319c32_6f2b", "geometry": {"type": "Point", "coordinates": [-52.69435, -22.96808]}, "geometry_name": "geometria", "properties": {"id_foco_bdq": 1814836325, "foco_id": "063b319e-655b-399c-91b2-144a03f83014", "longitude": -52.69435, "latitude": -22.96808, "data_hora_gmt": "2026-04-20T12:27:00Z", "data_pas": "2026-04-20", "satelite": "TERRA_M-T", "municipio": "GUAIRAÇÁ", "estado": "PARANÁ", "pais": "Brasil", "precipitacao": null, "numero_dias_sem_chuva": null, "risco_fogo": null, "bioma": "Mata Atlântica", "id_0": 33, "id_1": 41, "id_2": 4108908, "continente_id": 8, "vegetacao": null, "grade_wrs": "223_076", "frp": 24}, "bbox": [-52.69435, -22.96808, -52.69435, -22.96808]}, {"type": "Feature", "id": "focos_48h_br_todosats.fid--211a0569_19dac319c32_6f2c", "geometry": {"type": "Point", "coordinates": [-43.56413, -22.4878]}, "geometry_name": "geometria", "properties": {"id_foco_bdq": 1814850268, "foco_id": "46183176-960b-3d28-a8b7-4134c9038a87", "longitude": -43.56413, "latitude": -22.4878, "data_hora_gmt": "2026-04-20T15:44:00Z", "data_pas": "2026-04-20", "satelite": "NOAA-21", "municipio": "VASSOURAS", "estado": "RIO DE JANEIRO", "pais": "Brasil", "precipitacao": null, "numero_dias_sem_chuva": null, "risco_fogo": null, "bioma": "Mata Atlântica", "id_0": 33, "id_1": 33, "id_2": 3306206, "continente_id": 8, "vegetacao": null, "grade_wrs": "217_076", "frp": 5.9}, "bbox": [-43.56413, -22.4878, -43.56413, -22.4878]}, {"type": "Feature", "id": "focos_48h_br_todosats.fid--211a0569_19dac319c32_6f2d", "geometry": {"type": "Point", "coordinates": [-41.95671, -21.71692]}, "geometry_name": "geometria", "properties": {"id_foco_bdq": 1814850786, "foco_id": "bd4c1c5b-1e8c-3ac2-bef5-b1a1ca9f759b", "longitude": -41.95671, "latitude": -21.71692, "data_hora_gmt": "2026-04-20T15:44:00Z", "data_pas": "2026-04-20", "satelite": "NOAA-21", "municipio": "ITAOCARA", "estado": "RIO DE JANEIRO", "pais": "Brasil", "precipitacao": null, "numero_dias_sem_chuva": null, "risco_fogo": null, "bioma": "Mata Atlântica", "id_0": 33, "id_1": 33, "id_2": 3302106, "continente_id": 8, "vegetacao": null, "grade_wrs": "216_075", "frp": 0.8}, "bbox": [-41.95671, -21.71692, -41.95671, -21.71692]}, {"type": "Feature", "id": "focos_48h_br_todosats.fid--211a0569_19dac319c32_6f2e", "geometry": {"type": "Point", "coordinates": [-43.56391, -22.48905]}, "geometry_name": "geometria", "properties": {"id_foco_bdq": 1814850304, "foco_id": "dd369f0f-4a0d-3a59-90b1-18122526fe41", "longitude": -43.56391, "latitude": -22.48905, "data_hora_gmt": "2026-04-20T15:44:00Z", "data_pas": "2026-04-20", "satelite": "NOAA-21", "municipio": "VASSOURAS", "estado": "RIO DE JANEIRO", "pais": "Brasil", "precipitacao": null, "numero_dias_sem_chuva": null, "risco_fogo": null, "bioma": "Mata Atlântica", "id_0": 33, "id_1": 33, "id_2": 3306206, "continente_id": 8, "vegetacao": null, "grade_wrs": "217_076", "frp": 7.6}, "bbox": [-43.56391, -22.48905, -43.56391, -22.48905]}, {"type": "Feature", "id": "focos_48h_br_todosats.fid--211a0569_19dac319c32_6f2f", "geometry": {"type": "Point", "coordinates": [-44.31643, -20.92122]}, "geometry_name": "geometria", "properties": {"id_foco_bdq": 1814851493, "foco_id": "4342eca3-b199-3a58-a29a-1bed791383e5", "longitude": -44.31643, "latitude": -20.92122, "data_hora_gmt": "2026-04-20T15:44:00Z", "data_pas": "2026-04-20", "satelite": "NOAA-21", "municipio": "RITÁPOLIS", "estado": "MINAS GERAIS", "pais": "Brasil", "precipitacao": null, "numero_dias_sem_chuva": null, "risco_fogo": null, "bioma": "Mata Atlântica", "id_0": 33, "id_1": 31, "id_2": 3156106, "continente_id": 8, "vegetacao": null, "grade_wrs": "218_074", "frp": 31}, "bbox": [-44.31643, -20.92122, -44.31643, -20.92122]}, {"type": "Feature", "id": "focos_48h_br_todosats.fid--211a0569_19dac319c32_6f30", "geometry": {"type": "Point", "coordinates": [-39.43419, -13.97136]}, "geometry_name": "geometria", "properties": {"id_foco_bdq": 1814851019, "foco_id": "40e03cf1-3abb-39cc-8319-420216d7333a", "longitude": -39.43419, "latitude": -13.97136, "data_hora_gmt": "2026-04-20T15:46:00Z", "data_pas": "2026-04-20", "satelite": "NOAA-21", "municipio": "IBIRAPITANGA", "estado": "BAHIA", "pais": "Brasil", "precipitacao": null, "numero_dias_sem_chuva": null, "risco_fogo": null, "bioma": "Mata Atlântica", "id_0": 33, "id_1": 29, "id_2": 2912707, "continente_id": 8, "vegetacao": null, "grade_wrs": "216_070", "frp": 4.6}, "bbox": [-39.43419, -13.97136, -39.43419, -13.97136]}, {"type": "Feature", "id": "focos_48h_br_todosats.fid--211a0569_19dac319c32_6f31", "geometry": {"type": "Point", "coordinates": [-43.09501, -14.81791]}, "geometry_name": "geometria", "properties": {"id_foco_bdq": 1814850243, "foco_id": "c8d4251f-8c27-326e-a986-0b050ea395a4", "longitude": -43.09501, "latitude": -14.81791, "data_hora_gmt": "2026-04-20T15:46:00Z", "data_pas": "2026-04-20", "satelite": "NOAA-21", "municipio": "ESPINOSA", "estado": "MINAS GERAIS", "pais": "Brasil", "precipitacao": null, "numero_dias_sem_chuva": null, "risco_fogo": null, "bioma": "Caatinga", "id_0": 33, "id_1": 31, "id_2": 3124302, "continente_id": 8, "vegetacao": null, "grade_wrs": "218_070", "frp": 5.4}, "bbox": [-43.09501, -14.81791, -43.09501, -14.81791]}, {"type": "Feature", "id": "focos_48h_br_todosats.fid--211a0569_19dac319c32_6f32", "geometry": {"type": "Point", "coordinates": [-42.33804, -14.36224]}, "geometry_name": "geometria", "properties": {"id_foco_bdq": 1814850252, "foco_id": "e8a8558d-c5ab-3e92-bb17-f25498becbbc", "longitude": -42.33804, "latitude": -14.36224, "data_hora_gmt": "2026-04-20T15:46:00Z", "data_pas": "2026-04-20", "satelite": "NOAA-21", "municipio": "IBIASSUCÊ", "estado": "BAHIA", "pais": "Brasil", "precipitacao": null, "numero_dias_sem_chuva": null, "risco_fogo": null, "bioma": "Caatinga", "id_0": 33, "id_1": 29, "id_2": 2912004, "continente_id": 8, "vegetacao": null, "grade_wrs": "218_070", "frp": 27.3}, "bbox": [-42.33804, -14.36224, -42.33804, -14.36224]}, {"type": "Feature", "id": "focos_48h_br_todosats.fid--211a0569_19dac319c32_6f33", "geometry": {"type": "Point", "coordinates": [-39.64163, -13.45109]}, "geometry_name": "geometria", "properties": {"id_foco_bdq": 1814850334, "foco_id": "71514939-5436-3070-a65c-749fce7537d9", "longitude": -39.64163, "latitude": -13.45109, "data_hora_gmt": "2026-04-20T15:46:00Z", "data_pas": "2026-04-20", "satelite": "NOAA-21", "municipio": "JIQUIRIÇÁ", "estado": "BAHIA", "pais": "Brasil", "precipitacao": null, "numero_dias_sem_chuva": null, "risco_fogo": null, "bioma": "Mata Atlântica", "id_0": 33, "id_1": 29, "id_2": 2918209, "continente_id": 8, "vegetacao": null, "grade_wrs": "216_069", "frp": 5}, "bbox": [-39.64163, -13.45109, -39.64163, -13.45109]}, {"type": "Feature", "id": "focos_48h_br_todosats.fid--211a0569_19dac319c32_6f34", "geometry": {"type": "Point", "coordinates": [-39.24625, -14.94614]}, "geometry_name": "geometria", "properties": {"id_foco_bdq": 1814850359, "foco_id": "1427b062-8477-39f3-a120-85e7e892440a", "longitude": -39.24625, "latitude": -14.94614, "data_hora_gmt": "2026-04-20T15:46:00Z", "data_pas": "2026-04-20", "satelite": "NOAA-21", "municipio": "BUERAREMA", "estado": "BAHIA", "pais": "Brasil", "precipitacao": null, "numero_dias_sem_chuva": null, "risco_fogo": null, "bioma": "Mata Atlântica", "id_0": 33, "id_1": 29, "id_2": 2904704, "continente_id": 8, "vegetacao": null, "grade_wrs": "216_070", "frp": 3.9}, "bbox": [-39.24625, -14.94614, -39.24625, -14.94614]}, {"type": "Feature", "id": "focos_48h_br_todosats.fid--211a0569_19dac319c32_6f35", "geometry": {"type": "Point", "coordinates": [-43.95659, -15.15562]}, "geometry_name": "geometria", "properties": {"id_foco_bdq": 1814850375, "foco_id": "fb162adc-073b-3288-af18-fb188949fca0", "longitude": -43.95659, "latitude": -15.15562, "data_hora_gmt": "2026-04-20T15:46:00Z", "data_pas": "2026-04-20", "satelite": "NOAA-21", "municipio": "JAÍBA", "estado": "MINAS GERAIS", "pais": "Brasil", "precipitacao": null, "numero_dias_sem_chuva": null, "risco_fogo": null, "bioma": "Cerrado", "id_0": 33, "id_1": 31, "id_2": 3135050, "continente_id": 8, "vegetacao": null, "grade_wrs": "219_070", "frp": 9.6}, "bbox": [-43.95659, -15.15562, -43.95659, -15.15562]}, {"type": "Feature", "id": "focos_48h_br_todosats.fid--211a0569_19dac319c32_6f36", "geometry": {"type": "Point", "coordinates": [-42.37155, -14.92638]}, "geometry_name": "geometria", "properties": {"id_foco_bdq": 1814850383, "foco_id": "4ced24fe-0351-3e16-839b-5ac2c65a2247", "longitude": -42.37155, "latitude": -14.92638, "data_hora_gmt": "2026-04-20T15:46:00Z", "data_pas": "2026-04-20", "satelite": "NOAA-21", "municipio": "JACARACI", "estado": "BAHIA", "pais": "Brasil", "precipitacao": null, "numero_dias_sem_chuva": null, "risco_fogo": null, "bioma": "Caatinga", "id_0": 33, "id_1": 29, "id_2": 2917409, "continente_id": 8, "vegetacao": null, "grade_wrs": "218_070", "frp": 3.6}, "bbox": [-42.37155, -14.92638, -42.37155, -14.92638]}, {"type": "Feature", "id": "focos_48h_br_todosats.fid--211a0569_19dac319c32_6f37", "geometry": {"type": "Point", "coordinates": [-39.71651, -15.01267]}, "geometry_name": "geometria", "properties": {"id_foco_bdq": 1814850581, "foco_id": "1d8a25b8-2b76-32be-924b-66408041e46c", "longitude": -39.71651, "latitude": -15.01267, "data_hora_gmt": "2026-04-20T15:46:00Z", "data_pas": "2026-04-20", "satelite": "NOAA-21", "municipio": "ITAJU DO COLÔNIA", "estado": "BAHIA", "pais": "Brasil", "precipitacao": null, "numero_dias_sem_chuva": null, "risco_fogo": null, "bioma": "Mata Atlântica", "id_0": 33, "id_1": 29, "id_2": 2915403, "continente_id": 8, "vegetacao": null, "grade_wrs": "216_070", "frp": 10.7}, "bbox": [-39.71651, -15.01267, -39.71651, -15.01267]}, {"type": "Feature", "id": "focos_48h_br_todosats.fid--211a0569_19dac319c32_6f38", "geometry": {"type": "Point", "coordinates": [-39.34436, -15.78961]}, "geometry_name": "geometria", "properties": {"id_foco_bdq": 1814850704, "foco_id": "3356496f-d2c0-3758-abd8-615a675082cc", "longitude": -39.34436, "latitude": -15.78961, "data_hora_gmt": "2026-04-20T15:46:00Z", "data_pas": "2026-04-20", "satelite": "NOAA-21", "municipio": "MASCOTE", "estado": "BAHIA", "pais": "Brasil", "precipitacao": null, "numero_dias_sem_chuva": null, "risco_fogo": null, "bioma": "Mata Atlântica", "id_0": 33, "id_1": 29, "id_2": 2920908, "continente_id": 8, "vegetacao": null, "grade_wrs": "215_071", "frp": 13.3}, "bbox": [-39.34436, -15.78961, -39.34436, -15.78961]}, {"type": "Feature", "id": "focos_48h_br_todosats.fid--211a0569_19dac319c32_6f39", "geometry": {"type": "Point", "coordinates": [-39.02801, -15.8512]}, "geometry_name": "geometria", "properties": {"id_foco_bdq": 1814850720, "foco_id": "fa64172d-8e2e-3dcf-b1db-1ef450c88544", "longitude": -39.02801, "latitude": -15.8512, "data_hora_gmt": "2026-04-20T15:46:00Z", "data_pas": "2026-04-20", "satelite": "NOAA-21", "municipio": "BELMONTE", "estado": "BAHIA", "pais": "Brasil", "precipitacao": null, "numero_dias_sem_chuva": null, "risco_fogo": null, "bioma": "Mata Atlântica", "id_0": 33, "id_1": 29, "id_2": 2903409, "continente_id": 8, "vegetacao": null, "grade_wrs": "215_071", "frp": 9.9}, "bbox": [-39.02801, -15.8512, -39.02801, -15.8512]}, {"type": "Feature", "id": "focos_48h_br_todosats.fid--211a0569_19dac319c32_6f3a", "geometry": {"type": "Point", "coordinates": [-41.39076, -13.81504]}, "geometry_name": "geometria", "properties": {"id_foco_bdq": 1814850721, "foco_id": "93f3da1d-ba7d-352f-ba13-0ca8b4751f48", "longitude": -41.39076, "latitude": -13.81504, "data_hora_gmt": "2026-04-20T15:46:00Z", "data_pas": "2026-04-20", "satelite": "NOAA-21", "municipio": "ITUAÇU", "estado": "BAHIA", "pais": "Brasil", "precipitacao": null, "numero_dias_sem_chuva": null, "risco_fogo": null, "bioma": "Caatinga", "id_0": 33, "id_1": 29, "id_2": 2917201, "continente_id": 8, "vegetacao": null, "grade_wrs": "217_070", "frp": 1.3}, "bbox": [-41.39076, -13.81504, -41.39076, -13.81504]}, {"type": "Feature", "id": "focos_48h_br_todosats.fid--211a0569_19dac319c32_6f3b", "geometry": {"type": "Point", "coordinates": [-41.17323, -16.84348]}, "geometry_name": "geometria", "properties": {"id_foco_bdq": 1814850789, "foco_id": "35ec8581-8584-3af3-8c66-2575fb51826d", "longitude": -41.17323, "latitude": -16.84348, "data_hora_gmt": "2026-04-20T15:46:00Z", "data_pas": "2026-04-20", "satelite": "NOAA-21", "municipio": "MONTE FORMOSO", "estado": "MINAS GERAIS", "pais": "Brasil", "precipitacao": null, "numero_dias_sem_chuva": null, "risco_fogo": null, "bioma": "Mata Atlântica", "id_0": 33, "id_1": 31, "id_2": 3143153, "continente_id": 8, "vegetacao": null, "grade_wrs": "216_072", "frp": 5.4}, "bbox": [-41.17323, -16.84348, -41.17323, -16.84348]}, {"type": "Feature", "id": "focos_48h_br_todosats.fid--211a0569_19dac319c32_6f3c", "geometry": {"type": "Point", "coordinates": [-39.68739, -13.21456]}, "geometry_name": "geometria", "properties": {"id_foco_bdq": 1814850799, "foco_id": "2cf2ed68-b934-370a-94df-040e7a65fa79", "longitude": -39.68739, "latitude": -13.21456, "data_hora_gmt": "2026-04-20T15:46:00Z", "data_pas": "2026-04-20", "satelite": "NOAA-21", "municipio": "UBAÍRA", "estado": "BAHIA", "pais": "Brasil", "precipitacao": null, "numero_dias_sem_chuva": null, "risco_fogo": null, "bioma": "Mata Atlântica", "id_0": 33, "id_1": 29, "id_2": 2932101, "continente_id": 8, "vegetacao": null, "grade_wrs": "216_069", "frp": 15.9}, "bbox": [-39.68739, -13.21456, -39.68739, -13.21456]}, {"type": "Feature", "id": "focos_48h_br_todosats.fid--211a0569_19dac319c32_6f3d", "geometry": {"type": "Point", "coordinates": [-39.63185, -12.92987]}, "geometry_name": "geometria", "properties": {"id_foco_bdq": 1814851049, "foco_id": "00c8674d-7fe0-3cae-9d9f-48aed278a122", "longitude": -39.63185, "latitude": -12.92987, "data_hora_gmt": "2026-04-20T15:46:00Z", "data_pas": "2026-04-20", "satelite": "NOAA-21", "municipio": "AMARGOSA", "estado": "BAHIA", "pais": "Brasil", "precipitacao": null, "numero_dias_sem_chuva": null, "risco_fogo": null, "bioma": "Mata Atlântica", "id_0": 33, "id_1": 29, "id_2": 2901007, "continente_id": 8, "vegetacao": null, "grade_wrs": "216_069", "frp": 9.8}, "bbox": [-39.63185, -12.92987, -39.63185, -12.92987]}, {"type": "Feature", "id": "focos_48h_br_todosats.fid--211a0569_19dac319c32_6f3e", "geometry": {"type": "Point", "coordinates": [-39.65252, -14.55562]}, "geometry_name": "geometria", "properties": {"id_foco_bdq": 1814851531, "foco_id": "b70f6474-5ed3-39d3-bcec-8d96c3621a13", "longitude": -39.65252, "latitude": -14.55562, "data_hora_gmt": "2026-04-20T15:46:00Z", "data_pas": "2026-04-20", "satelite": "NOAA-21", "municipio": "ITAPITANGA", "estado": "BAHIA", "pais": "Brasil", "precipitacao": null, "numero_dias_sem_chuva": null, "risco_fogo": null, "bioma": "Mata Atlântica", "id_0": 33, "id_1": 29, "id_2": 2916609, "continente_id": 8, "vegetacao": null, "grade_wrs": "216_070", "frp": 6.6}, "bbox": [-39.65252, -14.55562, -39.65252, -14.55562]}, {"type": "Feature", "id": "focos_48h_br_todosats.fid--211a0569_19dac319c32_6f3f", "geometry": {"type": "Point", "coordinates": [-42.34501, -14.36303]}, "geometry_name": "geometria", "properties": {"id_foco_bdq": 1814851515, "foco_id": "a7d8c4ed-a53c-310d-93b2-6b178e3cfd47", "longitude": -42.34501, "latitude": -14.36303, "data_hora_gmt": "2026-04-20T15:46:00Z", "data_pas": "2026-04-20", "satelite": "NOAA-21", "municipio": "IBIASSUCÊ", "estado": "BAHIA", "pais": "Brasil", "precipitacao": null, "numero_dias_sem_chuva": null, "risco_fogo": null, "bioma": "Caatinga", "id_0": 33, "id_1": 29, "id_2": 2912004, "continente_id": 8, "vegetacao": null, "grade_wrs": "218_070", "frp": 9}, "bbox": [-42.34501, -14.36303, -42.34501, -14.36303]}, {"type": "Feature", "id": "focos_48h_br_todosats.fid--211a0569_19dac319c32_6f40", "geometry": {"type": "Point", "coordinates": [-41.45751, -15.54759]}, "geometry_name": "geometria", "properties": {"id_foco_bdq": 1814851487, "foco_id": "5b108521-98a4-3663-b58a-450e8c1510d9", "longitude": -41.45751, "latitude": -15.54759, "data_hora_gmt": "2026-04-20T15:46:00Z", "data_pas": "2026-04-20", "satelite": "NOAA-21", "municipio": "ÁGUAS VERMELHAS", "estado": "MINAS GERAIS", "pais": "Brasil", "precipitacao": null, "numero_dias_sem_chuva": null, "risco_fogo": null, "bioma": "Mata Atlântica", "id_0": 33, "id_1": 31, "id_2": 3101003, "continente_id": 8, "vegetacao": null, "grade_wrs": "217_071", "frp": 6}, "bbox": [-41.45751, -15.54759, -41.45751, -15.54759]}, {"type": "Feature", "id": "focos_48h_br_todosats.fid--211a0569_19dac319c32_6f41", "geometry": {"type": "Point", "coordinates": [-43.95747, -15.15673]}, "geometry_name": "geometria", "properties": {"id_foco_bdq": 1814851485, "foco_id": "7f531c3c-ad87-36e2-947f-88c6ff419ff4", "longitude": -43.95747, "latitude": -15.15673, "data_hora_gmt": "2026-04-20T15:46:00Z", "data_pas": "2026-04-20", "satelite": "NOAA-21", "municipio": "JAÍBA", "estado": "MINAS GERAIS", "pais": "Brasil", "precipitacao": null, "numero_dias_sem_chuva": null, "risco_fogo": null, "bioma": "Cerrado", "id_0": 33, "id_1": 31, "id_2": 3135050, "continente_id": 8, "vegetacao": null, "grade_wrs": "219_070", "frp": 12.4}, "bbox": [-43.95747, -15.15673, -43.95747, -15.15673]}, {"type": "Feature", "id": "focos_48h_br_todosats.fid--211a0569_19dac319c32_6f42", "geometry": {"type": "Point", "coordinates": [-44.81587, -13.96775]}, "geometry_name": "geometria", "properties": {"id_foco_bdq": 1814851403, "foco_id": "b20d04ec-e222-3066-9e4e-cf79cafafa3b", "longitude": -44.81587, "latitude": -13.96775, "data_hora_gmt": "2026-04-20T15:46:00Z", "data_pas": "2026-04-20", "satelite": "NOAA-21", "municipio": "COCOS", "estado": "BAHIA", "pais": "Brasil", "precipitacao": null, "numero_dias_sem_chuva": null, "risco_fogo": null, "bioma": "Cerrado", "id_0": 33, "id_1": 29, "id_2": 2908101, "continente_id": 8, "vegetacao": null, "grade_wrs": "219_070", "frp": 10.5}, "bbox": [-44.81587, -13.96775, -44.81587, -13.96775]}, {"type": "Feature", "id": "focos_48h_br_todosats.fid--211a0569_19dac319c32_6f43", "geometry": {"type": "Point", "coordinates": [-42.55002, -17.95011]}, "geometry_name": "geometria", "properties": {"id_foco_bdq": 1814851401, "foco_id": "8e32a79d-9435-3f9e-b4da-d6da3c7be79e", "longitude": -42.55002, "latitude": -17.95011, "data_hora_gmt": "2026-04-20T15:46:00Z", "data_pas": "2026-04-20", "satelite": "NOAA-21", "municipio": "SÃO SEBASTIÃO DO MARANHÃO", "estado": "MINAS GERAIS", "pais": "Brasil", "precipitacao": null, "numero_dias_sem_chuva": null, "risco_fogo": null, "bioma": "Mata Atlântica", "id_0": 33, "id_1": 31, "id_2": 3164506, "continente_id": 8, "vegetacao": null, "grade_wrs": "217_072", "frp": 4.4}, "bbox": [-42.55002, -17.95011, -42.55002, -17.95011]}, {"type": "Feature", "id": "focos_48h_br_todosats.fid--211a0569_19dac319c32_6f44", "geometry": {"type": "Point", "coordinates": [-41.07621, -19.93342]}, "geometry_name": "geometria", "properties": {"id_foco_bdq": 1814850844, "foco_id": "8feedae7-54d3-30d3-885b-f3b42729ad40", "longitude": -41.07621, "latitude": -19.93342, "data_hora_gmt": "2026-04-20T15:46:00Z", "data_pas": "2026-04-20", "satelite": "NOAA-21", "municipio": "LARANJA DA TERRA", "estado": "ESPÍRITO SANTO", "pais": "Brasil", "precipitacao": null, "numero_dias_sem_chuva": null, "risco_fogo": null, "bioma": "Mata Atlântica", "id_0": 33, "id_1": 32, "id_2": 3203163, "continente_id": 8, "vegetacao": null, "grade_wrs": "216_074", "frp": 8.5}, "bbox": [-41.07621, -19.93342, -41.07621, -19.93342]}, {"type": "Feature", "id": "focos_48h_br_todosats.fid--211a0569_19dac319c32_6f45", "geometry": {"type": "Point", "coordinates": [-38.97718, -13.35086]}, "geometry_name": "geometria", "properties": {"id_foco_bdq": 1814850937, "foco_id": "f8e6f232-ce2d-35d2-8731-d4f0b6e8ef91", "longitude": -38.97718, "latitude": -13.35086, "data_hora_gmt": "2026-04-20T15:46:00Z", "data_pas": "2026-04-20", "satelite": "NOAA-21", "municipio": "VALENÇA", "estado": "BAHIA", "pais": "Brasil", "precipitacao": null, "numero_dias_sem_chuva": null, "risco_fogo": null, "bioma": "Mata Atlântica", "id_0": 33, "id_1": 29, "id_2": 2932903, "continente_id": 8, "vegetacao": null, "grade_wrs": "216_069", "frp": 7.4}, "bbox": [-38.97718, -13.35086, -38.97718, -13.35086]}, {"type": "Feature", "id": "focos_48h_br_todosats.fid--211a0569_19dac319c32_6f46", "geometry": {"type": "Point", "coordinates": [-43.85322, -14.04152]}, "geometry_name": "geometria", "properties": {"id_foco_bdq": 1814851339, "foco_id": "44d404a2-a16c-3a89-985a-853f63cf8689", "longitude": -43.85322, "latitude": -14.04152, "data_hora_gmt": "2026-04-20T15:46:00Z", "data_pas": "2026-04-20", "satelite": "NOAA-21", "municipio": "CARINHANHA", "estado": "BAHIA", "pais": "Brasil", "precipitacao": null, "numero_dias_sem_chuva": null, "risco_fogo": null, "bioma": "Cerrado", "id_0": 33, "id_1": 29, "id_2": 2907103, "continente_id": 8, "vegetacao": null, "grade_wrs": "219_070", "frp": 7.3}, "bbox": [-43.85322, -14.04152, -43.85322, -14.04152]}, {"type": "Feature", "id": "focos_48h_br_todosats.fid--211a0569_19dac319c32_6f47", "geometry": {"type": "Point", "coordinates": [-44.81238, -13.97038]}, "geometry_name": "geometria", "properties": {"id_foco_bdq": 1814850939, "foco_id": "12aff47c-d990-339b-b941-c8d6f7d45cb0", "longitude": -44.81238, "latitude": -13.97038, "data_hora_gmt": "2026-04-20T15:46:00Z", "data_pas": "2026-04-20", "satelite": "NOAA-21", "municipio": "COCOS", "estado": "BAHIA", "pais": "Brasil", "precipitacao": null, "numero_dias_sem_chuva": null, "risco_fogo": null, "bioma": "Cerrado", "id_0": 33, "id_1": 29, "id_2": 2908101, "continente_id": 8, "vegetacao": null, "grade_wrs": "219_070", "frp": 11.8}, "bbox": [-44.81238, -13.97038, -44.81238, -13.97038]}, {"type": "Feature", "id": "focos_48h_br_todosats.fid--211a0569_19dac319c32_6f48", "geometry": {"type": "Point", "coordinates": [-39.71722, -15.00809]}, "geometry_name": "geometria", "properties": {"id_foco_bdq": 1814851323, "foco_id": "84c0c979-9a44-3b55-baf1-d239d3d085db", "longitude": -39.71722, "latitude": -15.00809, "data_hora_gmt": "2026-04-20T15:46:00Z", "data_pas": "2026-04-20", "satelite": "NOAA-21", "municipio": "ITAJU DO COLÔNIA", "estado": "BAHIA", "pais": "Brasil", "precipitacao": null, "numero_dias_sem_chuva": null, "risco_fogo": null, "bioma": "Mata Atlântica", "id_0": 33, "id_1": 29, "id_2": 2915403, "continente_id": 8, "vegetacao": null, "grade_wrs": "216_070", "frp": 25.1}, "bbox": [-39.71722, -15.00809, -39.71722, -15.00809]}, {"type": "Feature", "id": "focos_48h_br_todosats.fid--211a0569_19dac319c32_6f49", "geometry": {"type": "Point", "coordinates": [-40.16523, -17.16497]}, "geometry_name": "geometria", "properties": {"id_foco_bdq": 1814851299, "foco_id": "023e8969-4bf3-3980-81de-d717e28525f5", "longitude": -40.16523, "latitude": -17.16497, "data_hora_gmt": "2026-04-20T15:46:00Z", "data_pas": "2026-04-20", "satelite": "NOAA-21", "municipio": "ITANHÉM", "estado": "BAHIA", "pais": "Brasil", "precipitacao": null, "numero_dias_sem_chuva": null, "risco_fogo": null, "bioma": "Mata Atlântica", "id_0": 33, "id_1": 29, "id_2": 2916005, "continente_id": 8, "vegetacao": null, "grade_wrs": "216_072", "frp": 6.6}, "bbox": [-40.16523, -17.16497, -40.16523, -17.16497]}, {"type": "Feature", "id": "focos_48h_br_todosats.fid--211a0569_19dac319c32_6f4a", "geometry": {"type": "Point", "coordinates": [-40.00897, -13.38658]}, "geometry_name": "geometria", "properties": {"id_foco_bdq": 1814851271, "foco_id": "e39f4d5d-753b-35a3-a409-d698e08b9e86", "longitude": -40.00897, "latitude": -13.38658, "data_hora_gmt": "2026-04-20T15:46:00Z", "data_pas": "2026-04-20", "satelite": "NOAA-21", "municipio": "JAGUAQUARA", "estado": "BAHIA", "pais": "Brasil", "precipitacao": null, "numero_dias_sem_chuva": null, "risco_fogo": null, "bioma": "Mata Atlântica", "id_0": 33, "id_1": 29, "id_2": 2917607, "continente_id": 8, "vegetacao": null, "grade_wrs": "216_069", "frp": 5.5}, "bbox": [-40.00897, -13.38658, -40.00897, -13.38658]}, {"type": "Feature", "id": "focos_48h_br_todosats.fid--211a0569_19dac319c32_6f4b", "geometry": {"type": "Point", "coordinates": [-39.64784, -14.55502]}, "geometry_name": "geometria", "properties": {"id_foco_bdq": 1814851266, "foco_id": "82afef5f-2c06-307d-aeb0-43b260fe6beb", "longitude": -39.64784, "latitude": -14.55502, "data_hora_gmt": "2026-04-20T15:46:00Z", "data_pas": "2026-04-20", "satelite": "NOAA-21", "municipio": "ITAPITANGA", "estado": "BAHIA", "pais": "Brasil", "precipitacao": null, "numero_dias_sem_chuva": null, "risco_fogo": null, "bioma": "Mata Atlântica", "id_0": 33, "id_1": 29, "id_2": 2916609, "continente_id": 8, "vegetacao": null, "grade_wrs": "216_070", "frp": 6.6}, "bbox": [-39.64784, -14.55502, -39.64784, -14.55502]}, {"type": "Feature", "id": "focos_48h_br_todosats.fid--211a0569_19dac319c32_6f4c", "geometry": {"type": "Point", "coordinates": [-39.29946, -15.45081]}, "geometry_name": "geometria", "properties": {"id_foco_bdq": 1814851196, "foco_id": "71719ef3-2833-3b9a-9e56-453399d76eff", "longitude": -39.29946, "latitude": -15.45081, "data_hora_gmt": "2026-04-20T15:46:00Z", "data_pas": "2026-04-20", "satelite": "NOAA-21", "municipio": "SANTA LUZIA", "estado": "BAHIA", "pais": "Brasil", "precipitacao": null, "numero_dias_sem_chuva": null, "risco_fogo": null, "bioma": "Mata Atlântica", "id_0": 33, "id_1": 29, "id_2": 2928059, "continente_id": 8, "vegetacao": null, "grade_wrs": "215_071", "frp": 7.2}, "bbox": [-39.29946, -15.45081, -39.29946, -15.45081]}, {"type": "Feature", "id": "focos_48h_br_todosats.fid--211a0569_19dac319c32_6f4d", "geometry": {"type": "Point", "coordinates": [-40.42345, -17.97389]}, "geometry_name": "geometria", "properties": {"id_foco_bdq": 1814851194, "foco_id": "322edf42-5006-3a3b-9907-c158858d2c67", "longitude": -40.42345, "latitude": -17.97389, "data_hora_gmt": "2026-04-20T15:46:00Z", "data_pas": "2026-04-20", "satelite": "NOAA-21", "municipio": "MUCURICI", "estado": "ESPÍRITO SANTO", "pais": "Brasil", "precipitacao": null, "numero_dias_sem_chuva": null, "risco_fogo": null, "bioma": "Mata Atlântica", "id_0": 33, "id_1": 32, "id_2": 3203601, "continente_id": 8, "vegetacao": null, "grade_wrs": "216_072", "frp": 7.5}, "bbox": [-40.42345, -17.97389, -40.42345, -17.97389]}, {"type": "Feature", "id": "focos_48h_br_todosats.fid--211a0569_19dac319c32_6f4e", "geometry": {"type": "Point", "coordinates": [-39.64961, -14.55661]}, "geometry_name": "geometria", "properties": {"id_foco_bdq": 1814851193, "foco_id": "d58b02c2-a59a-319f-9c4d-9d83e0ebba67", "longitude": -39.64961, "latitude": -14.55661, "data_hora_gmt": "2026-04-20T15:46:00Z", "data_pas": "2026-04-20", "satelite": "NOAA-21", "municipio": "ITAPITANGA", "estado": "BAHIA", "pais": "Brasil", "precipitacao": null, "numero_dias_sem_chuva": null, "risco_fogo": null, "bioma": "Mata Atlântica", "id_0": 33, "id_1": 29, "id_2": 2916609, "continente_id": 8, "vegetacao": null, "grade_wrs": "216_070", "frp": 12.2}, "bbox": [-39.64961, -14.55661, -39.64961, -14.55661]}, {"type": "Feature", "id": "focos_48h_br_todosats.fid--211a0569_19dac319c32_6f4f", "geometry": {"type": "Point", "coordinates": [-40.64779, -15.75377]}, "geometry_name": "geometria", "properties": {"id_foco_bdq": 1814851135, "foco_id": "33c246ae-6e19-3a70-aa41-a9bf42aa239f", "longitude": -40.64779, "latitude": -15.75377, "data_hora_gmt": "2026-04-20T15:46:00Z", "data_pas": "2026-04-20", "satelite": "NOAA-21", "municipio": "BANDEIRA", "estado": "MINAS GERAIS", "pais": "Brasil", "precipitacao": null, "numero_dias_sem_chuva": null, "risco_fogo": null, "bioma": "Mata Atlântica", "id_0": 33, "id_1": 31, "id_2": 3105202, "continente_id": 8, "vegetacao": null, "grade_wrs": "216_071", "frp": 5.8}, "bbox": [-40.64779, -15.75377, -40.64779, -15.75377]}, {"type": "Feature", "id": "focos_48h_br_todosats.fid--211a0569_19dac319c32_6f50", "geometry": {"type": "Point", "coordinates": [-44.93909, -18.72687]}, "geometry_name": "geometria", "properties": {"id_foco_bdq": 1814851155, "foco_id": "e0d21eea-400e-3f24-9463-b58b45e70ee7", "longitude": -44.93909, "latitude": -18.72687, "data_hora_gmt": "2026-04-20T15:46:00Z", "data_pas": "2026-04-20", "satelite": "NOAA-21", "municipio": "FELIXLÂNDIA", "estado": "MINAS GERAIS", "pais": "Brasil", "precipitacao": null, "numero_dias_sem_chuva": null, "risco_fogo": null, "bioma": "Cerrado", "id_0": 33, "id_1": 31, "id_2": 3125705, "continente_id": 8, "vegetacao": null, "grade_wrs": "219_073", "frp": 10.1}, "bbox": [-44.93909, -18.72687, -44.93909, -18.72687]}, {"type": "Feature", "id": "focos_48h_br_todosats.fid--211a0569_19dac319c32_6f51", "geometry": {"type": "Point", "coordinates": [-39.34746, -15.79296]}, "geometry_name": "geometria", "properties": {"id_foco_bdq": 1814851067, "foco_id": "c8f3ef34-674d-3281-b2a0-47f34c7477b6", "longitude": -39.34746, "latitude": -15.79296, "data_hora_gmt": "2026-04-20T15:46:00Z", "data_pas": "2026-04-20", "satelite": "NOAA-21", "municipio": "MASCOTE", "estado": "BAHIA", "pais": "Brasil", "precipitacao": null, "numero_dias_sem_chuva": null, "risco_fogo": null, "bioma": "Mata Atlântica", "id_0": 33, "id_1": 29, "id_2": 2920908, "continente_id": 8, "vegetacao": null, "grade_wrs": "215_071", "frp": 9.7}, "bbox": [-39.34746, -15.79296, -39.34746, -15.79296]}, {"type": "Feature", "id": "focos_48h_br_todosats.fid--211a0569_19dac319c32_6f52", "geometry": {"type": "Point", "coordinates": [-39.62975, -12.92877]}, "geometry_name": "geometria", "properties": {"id_foco_bdq": 1814851077, "foco_id": "161391eb-77c9-3640-b8fd-1daf8b3ebded", "longitude": -39.62975, "latitude": -12.92877, "data_hora_gmt": "2026-04-20T15:46:00Z", "data_pas": "2026-04-20", "satelite": "NOAA-21", "municipio": "SANTA TEREZINHA", "estado": "BAHIA", "pais": "Brasil", "precipitacao": null, "numero_dias_sem_chuva": null, "risco_fogo": null, "bioma": "Mata Atlântica", "id_0": 33, "id_1": 29, "id_2": 2928505, "continente_id": 8, "vegetacao": null, "grade_wrs": "216_069", "frp": 13.4}, "bbox": [-39.62975, -12.92877, -39.62975, -12.92877]}, {"type": "Feature", "id": "focos_48h_br_todosats.fid--211a0569_19dac319c32_6f53", "geometry": {"type": "Point", "coordinates": [-40.42645, -17.97421]}, "geometry_name": "geometria", "properties": {"id_foco_bdq": 1814851106, "foco_id": "d0511fa0-1936-3c3f-8d85-8f0c499a4546", "longitude": -40.42645, "latitude": -17.97421, "data_hora_gmt": "2026-04-20T15:46:00Z", "data_pas": "2026-04-20", "satelite": "NOAA-21", "municipio": "MUCURICI", "estado": "ESPÍRITO SANTO", "pais": "Brasil", "precipitacao": null, "numero_dias_sem_chuva": null, "risco_fogo": null, "bioma": "Mata Atlântica", "id_0": 33, "id_1": 32, "id_2": 3203601, "continente_id": 8, "vegetacao": null, "grade_wrs": "216_072", "frp": 7.5}, "bbox": [-40.42645, -17.97421, -40.42645, -17.97421]}, {"type": "Feature", "id": "focos_48h_br_todosats.fid--211a0569_19dac319c32_6f54", "geometry": {"type": "Point", "coordinates": [-40.12477, -14.50644]}, "geometry_name": "geometria", "properties": {"id_foco_bdq": 1814851130, "foco_id": "8d318f45-cc26-317a-847f-aa39335497ae", "longitude": -40.12477, "latitude": -14.50644, "data_hora_gmt": "2026-04-20T15:46:00Z", "data_pas": "2026-04-20", "satelite": "NOAA-21", "municipio": "IGUAÍ", "estado": "BAHIA", "pais": "Brasil", "precipitacao": null, "numero_dias_sem_chuva": null, "risco_fogo": null, "bioma": "Mata Atlântica", "id_0": 33, "id_1": 29, "id_2": 2913507, "continente_id": 8, "vegetacao": null, "grade_wrs": "216_070", "frp": 4.9}, "bbox": [-40.12477, -14.50644, -40.12477, -14.50644]}, {"type": "Feature", "id": "focos_48h_br_todosats.fid--211a0569_19dac319c32_6f55", "geometry": {"type": "Point", "coordinates": [-39.74738, -13.2314]}, "geometry_name": "geometria", "properties": {"id_foco_bdq": 1814850428, "foco_id": "fa614c61-e6c1-36d1-b9be-feb4686aab9e", "longitude": -39.74738, "latitude": -13.2314, "data_hora_gmt": "2026-04-20T15:46:00Z", "data_pas": "2026-04-20", "satelite": "NOAA-21", "municipio": "UBAÍRA", "estado": "BAHIA", "pais": "Brasil", "precipitacao": null, "numero_dias_sem_chuva": null, "risco_fogo": null, "bioma": "Mata Atlântica", "id_0": 33, "id_1": 29, "id_2": 2932101, "continente_id": 8, "vegetacao": null, "grade_wrs": "216_069", "frp": 19.4}, "bbox": [-39.74738, -13.2314, -39.74738, -13.2314]}, {"type": "Feature", "id": "focos_48h_br_todosats.fid--211a0569_19dac319c32_6f56", "geometry": {"type": "Point", "coordinates": [-40.95645, -16.21265]}, "geometry_name": "geometria", "properties": {"id_foco_bdq": 1814850510, "foco_id": "0e6be9c4-1c5b-3c4d-bc95-3c7f961a021c", "longitude": -40.95645, "latitude": -16.21265, "data_hora_gmt": "2026-04-20T15:46:00Z", "data_pas": "2026-04-20", "satelite": "NOAA-21", "municipio": "ALMENARA", "estado": "MINAS GERAIS", "pais": "Brasil", "precipitacao": null, "numero_dias_sem_chuva": null, "risco_fogo": null, "bioma": "Mata Atlântica", "id_0": 33, "id_1": 31, "id_2": 3101706, "continente_id": 8, "vegetacao": null, "grade_wrs": "216_071", "frp": 0.9}, "bbox": [-40.95645, -16.21265, -40.95645, -16.21265]}, {"type": "Feature", "id": "focos_48h_br_todosats.fid--211a0569_19dac319c32_6f57", "geometry": {"type": "Point", "coordinates": [-42.34149, -14.36263]}, "geometry_name": "geometria", "properties": {"id_foco_bdq": 1814850514, "foco_id": "3ab1b28f-f443-36d6-999f-eba971dedd74", "longitude": -42.34149, "latitude": -14.36263, "data_hora_gmt": "2026-04-20T15:46:00Z", "data_pas": "2026-04-20", "satelite": "NOAA-21", "municipio": "IBIASSUCÊ", "estado": "BAHIA", "pais": "Brasil", "precipitacao": null, "numero_dias_sem_chuva": null, "risco_fogo": null, "bioma": "Caatinga", "id_0": 33, "id_1": 29, "id_2": 2912004, "continente_id": 8, "vegetacao": null, "grade_wrs": "218_070", "frp": 27.3}, "bbox": [-42.34149, -14.36263, -42.34149, -14.36263]}, {"type": "Feature", "id": "focos_48h_br_todosats.fid--211a0569_19dac319c32_6f58", "geometry": {"type": "Point", "coordinates": [-38.97774, -13.34658]}, "geometry_name": "geometria", "properties": {"id_foco_bdq": 1814850539, "foco_id": "c21fe8fc-504c-38cd-b37a-67e135918228", "longitude": -38.97774, "latitude": -13.34658, "data_hora_gmt": "2026-04-20T15:46:00Z", "data_pas": "2026-04-20", "satelite": "NOAA-21", "municipio": "VALENÇA", "estado": "BAHIA", "pais": "Brasil", "precipitacao": null, "numero_dias_sem_chuva": null, "risco_fogo": null, "bioma": "Mata Atlântica", "id_0": 33, "id_1": 29, "id_2": 2932903, "continente_id": 8, "vegetacao": null, "grade_wrs": "216_069", "frp": 6.2}, "bbox": [-38.97774, -13.34658, -38.97774, -13.34658]}, {"type": "Feature", "id": "focos_48h_br_todosats.fid--211a0569_19dac319c32_6f59", "geometry": {"type": "Point", "coordinates": [-41.46191, -16.12416]}, "geometry_name": "geometria", "properties": {"id_foco_bdq": 1814850566, "foco_id": "27f80ba7-0b46-3fdd-b018-db11df9959da", "longitude": -41.46191, "latitude": -16.12416, "data_hora_gmt": "2026-04-20T15:46:00Z", "data_pas": "2026-04-20", "satelite": "NOAA-21", "municipio": "MEDINA", "estado": "MINAS GERAIS", "pais": "Brasil", "precipitacao": null, "numero_dias_sem_chuva": null, "risco_fogo": null, "bioma": "Mata Atlântica", "id_0": 33, "id_1": 31, "id_2": 3141405, "continente_id": 8, "vegetacao": null, "grade_wrs": "217_071", "frp": 4.1}, "bbox": [-41.46191, -16.12416, -41.46191, -16.12416]}, {"type": "Feature", "id": "focos_48h_br_todosats.fid--211a0569_19dac319c32_6f5a", "geometry": {"type": "Point", "coordinates": [-39.26072, -12.88476]}, "geometry_name": "geometria", "properties": {"id_foco_bdq": 1814850569, "foco_id": "f63da153-b760-3207-acb7-5891eacba5de", "longitude": -39.26072, "latitude": -12.88476, "data_hora_gmt": "2026-04-20T15:46:00Z", "data_pas": "2026-04-20", "satelite": "NOAA-21", "municipio": "CONCEIÇÃO DO ALMEIDA", "estado": "BAHIA", "pais": "Brasil", "precipitacao": null, "numero_dias_sem_chuva": null, "risco_fogo": null, "bioma": "Mata Atlântica", "id_0": 33, "id_1": 29, "id_2": 2908309, "continente_id": 8, "vegetacao": null, "grade_wrs": "216_069", "frp": 1}, "bbox": [-39.26072, -12.88476, -39.26072, -12.88476]}, {"type": "Feature", "id": "focos_48h_br_todosats.fid--211a0569_19dac319c32_6f5b", "geometry": {"type": "Point", "coordinates": [-40.42556, -15.74481]}, "geometry_name": "geometria", "properties": {"id_foco_bdq": 1814850576, "foco_id": "4c917993-1a11-3570-9eea-c1297835e0d7", "longitude": -40.42556, "latitude": -15.74481, "data_hora_gmt": "2026-04-20T15:46:00Z", "data_pas": "2026-04-20", "satelite": "NOAA-21", "municipio": "MACARANI", "estado": "BAHIA", "pais": "Brasil", "precipitacao": null, "numero_dias_sem_chuva": null, "risco_fogo": null, "bioma": "Mata Atlântica", "id_0": 33, "id_1": 29, "id_2": 2919702, "continente_id": 8, "vegetacao": null, "grade_wrs": "216_071", "frp": 15}, "bbox": [-40.42556, -15.74481, -40.42556, -15.74481]}, {"type": "Feature", "id": "focos_48h_br_todosats.fid--211a0569_19dac319c32_6f5c", "geometry": {"type": "Point", "coordinates": [-38.52058, -11.0187]}, "geometry_name": "geometria", "properties": {"id_foco_bdq": 1814850385, "foco_id": "cdbf7066-d8c7-3a37-8bc3-8660b18e75f6", "longitude": -38.52058, "latitude": -11.0187, "data_hora_gmt": "2026-04-20T15:48:00Z", "data_pas": "2026-04-20", "satelite": "NOAA-21", "municipio": "RIBEIRA DO AMPARO", "estado": "BAHIA", "pais": "Brasil", "precipitacao": null, "numero_dias_sem_chuva": null, "risco_fogo": null, "bioma": "Caatinga", "id_0": 33, "id_1": 29, "id_2": 2926509, "continente_id": 8, "vegetacao": null, "grade_wrs": "216_068", "frp": 2.6}, "bbox": [-38.52058, -11.0187, -38.52058, -11.0187]}, {"type": "Feature", "id": "focos_48h_br_todosats.fid--211a0569_19dac319c32_6f5d", "geometry": {"type": "Point", "coordinates": [-37.83107, -11.96103]}, "geometry_name": "geometria", "properties": {"id_foco_bdq": 1814850416, "foco_id": "d832ee38-2993-309e-8d65-c957a2768163", "longitude": -37.83107, "latitude": -11.96103, "data_hora_gmt": "2026-04-20T15:48:00Z", "data_pas": "2026-04-20", "satelite": "NOAA-21", "municipio": "ESPLANADA", "estado": "BAHIA", "pais": "Brasil", "precipitacao": null, "numero_dias_sem_chuva": null, "risco_fogo": null, "bioma": "Mata Atlântica", "id_0": 33, "id_1": 29, "id_2": 2910602, "continente_id": 8, "vegetacao": null, "grade_wrs": "215_068", "frp": 10.5}, "bbox": [-37.83107, -11.96103, -37.83107, -11.96103]}, {"type": "Feature", "id": "focos_48h_br_todosats.fid--211a0569_19dac319c32_6f5e", "geometry": {"type": "Point", "coordinates": [-39.34469, -10.34598]}, "geometry_name": "geometria", "properties": {"id_foco_bdq": 1814850272, "foco_id": "3933d7be-5d67-3f9b-926c-1f537f38f1fb", "longitude": -39.34469, "latitude": -10.34598, "data_hora_gmt": "2026-04-20T15:48:00Z", "data_pas": "2026-04-20", "satelite": "NOAA-21", "municipio": "MONTE SANTO", "estado": "BAHIA", "pais": "Brasil", "precipitacao": null, "numero_dias_sem_chuva": null, "risco_fogo": null, "bioma": "Caatinga", "id_0": 33, "id_1": 29, "id_2": 2921500, "continente_id": 8, "vegetacao": null, "grade_wrs": "216_067", "frp": 3.4}, "bbox": [-39.34469, -10.34598, -39.34469, -10.34598]}, {"type": "Feature", "id": "focos_48h_br_todosats.fid--211a0569_19dac319c32_6f5f", "geometry": {"type": "Point", "coordinates": [-38.25202, -10.24016]}, "geometry_name": "geometria", "properties": {"id_foco_bdq": 1814850437, "foco_id": "455361e8-5b9a-3774-8d5f-5c1fd876a7f3", "longitude": -38.25202, "latitude": -10.24016, "data_hora_gmt": "2026-04-20T15:48:00Z", "data_pas": "2026-04-20", "satelite": "NOAA-21", "municipio": "JEREMOABO", "estado": "BAHIA", "pais": "Brasil", "precipitacao": null, "numero_dias_sem_chuva": null, "risco_fogo": null, "bioma": "Caatinga", "id_0": 33, "id_1": 29, "id_2": 2918100, "continente_id": 8, "vegetacao": null, "grade_wrs": "216_067", "frp": 5.7}, "bbox": [-38.25202, -10.24016, -38.25202, -10.24016]}, {"type": "Feature", "id": "focos_48h_br_todosats.fid--211a0569_19dac319c32_6f60", "geometry": {"type": "Point", "coordinates": [-41.62993, -12.1574]}, "geometry_name": "geometria", "properties": {"id_foco_bdq": 1814850485, "foco_id": "1b5565a8-6c1b-3577-9ad2-5f0206c29ed2", "longitude": -41.62993, "latitude": -12.1574, "data_hora_gmt": "2026-04-20T15:48:00Z", "data_pas": "2026-04-20", "satelite": "NOAA-21", "municipio": "IRAQUARA", "estado": "BAHIA", "pais": "Brasil", "precipitacao": null, "numero_dias_sem_chuva": null, "risco_fogo": null, "bioma": "Caatinga", "id_0": 33, "id_1": 29, "id_2": 2914406, "continente_id": 8, "vegetacao": null, "grade_wrs": "217_068", "frp": 4.2}, "bbox": [-41.62993, -12.1574, -41.62993, -12.1574]}, {"type": "Feature", "id": "focos_48h_br_todosats.fid--211a0569_19dac319c32_6f61", "geometry": {"type": "Point", "coordinates": [-37.07666, -10.31894]}, "geometry_name": "geometria", "properties": {"id_foco_bdq": 1814850827, "foco_id": "65cda359-d647-3be4-976c-0048eb0cff44", "longitude": -37.07666, "latitude": -10.31894, "data_hora_gmt": "2026-04-20T15:48:00Z", "data_pas": "2026-04-20", "satelite": "NOAA-21", "municipio": "AQUIDABÃ", "estado": "SERGIPE", "pais": "Brasil", "precipitacao": null, "numero_dias_sem_chuva": null, "risco_fogo": null, "bioma": "Mata Atlântica", "id_0": 33, "id_1": 28, "id_2": 2800209, "continente_id": 8, "vegetacao": null, "grade_wrs": "215_067", "frp": 3.5}, "bbox": [-37.07666, -10.31894, -37.07666, -10.31894]}, {"type": "Feature", "id": "focos_48h_br_todosats.fid--211a0569_19dac319c32_6f62", "geometry": {"type": "Point", "coordinates": [-37.07358, -10.31909]}, "geometry_name": "geometria", "properties": {"id_foco_bdq": 1814850511, "foco_id": "60279482-5876-3a08-bfc2-31b8a89fd7c7", "longitude": -37.07358, "latitude": -10.31909, "data_hora_gmt": "2026-04-20T15:48:00Z", "data_pas": "2026-04-20", "satelite": "NOAA-21", "municipio": "AQUIDABÃ", "estado": "SERGIPE", "pais": "Brasil", "precipitacao": null, "numero_dias_sem_chuva": null, "risco_fogo": null, "bioma": "Mata Atlântica", "id_0": 33, "id_1": 28, "id_2": 2800209, "continente_id": 8, "vegetacao": null, "grade_wrs": "215_067", "frp": 4.6}, "bbox": [-37.07358, -10.31909, -37.07358, -10.31909]}, {"type": "Feature", "id": "focos_48h_br_todosats.fid--211a0569_19dac319c32_6f63", "geometry": {"type": "Point", "coordinates": [-37.84344, -11.03657]}, "geometry_name": "geometria", "properties": {"id_foco_bdq": 1814850828, "foco_id": "0c8d5d72-2da8-32dd-8624-d1294c2346c1", "longitude": -37.84344, "latitude": -11.03657, "data_hora_gmt": "2026-04-20T15:48:00Z", "data_pas": "2026-04-20", "satelite": "NOAA-21", "municipio": "RIACHÃO DO DANTAS", "estado": "SERGIPE", "pais": "Brasil", "precipitacao": null, "numero_dias_sem_chuva": null, "risco_fogo": null, "bioma": "Caatinga", "id_0": 33, "id_1": 28, "id_2": 2805802, "continente_id": 8, "vegetacao": null, "grade_wrs": "215_068", "frp": 18.3}, "bbox": [-37.84344, -11.03657, -37.84344, -11.03657]}, {"type": "Feature", "id": "focos_48h_br_todosats.fid--211a0569_19dac319c32_6f64", "geometry": {"type": "Point", "coordinates": [-37.74047, -9.8895]}, "geometry_name": "geometria", "properties": {"id_foco_bdq": 1814850949, "foco_id": "f4b03957-291a-3e5b-ad74-3e7923849606", "longitude": -37.74047, "latitude": -9.8895, "data_hora_gmt": "2026-04-20T15:48:00Z", "data_pas": "2026-04-20", "satelite": "NOAA-21", "municipio": "POÇO REDONDO", "estado": "SERGIPE", "pais": "Brasil", "precipitacao": null, "numero_dias_sem_chuva": null, "risco_fogo": null, "bioma": "Caatinga", "id_0": 33, "id_1": 28, "id_2": 2805406, "continente_id": 8, "vegetacao": null, "grade_wrs": "215_067", "frp": 13.2}, "bbox": [-37.74047, -9.8895, -37.74047, -9.8895]}, {"type": "Feature", "id": "focos_48h_br_todosats.fid--211a0569_19dac319c32_6f65", "geometry": {"type": "Point", "coordinates": [-37.89764, -10.90859]}, "geometry_name": "geometria", "properties": {"id_foco_bdq": 1814850552, "foco_id": "65ef64f8-1015-397f-898e-29cfb74326b7", "longitude": -37.89764, "latitude": -10.90859, "data_hora_gmt": "2026-04-20T15:48:00Z", "data_pas": "2026-04-20", "satelite": "NOAA-21", "municipio": "RIACHÃO DO DANTAS", "estado": "SERGIPE", "pais": "Brasil", "precipitacao": null, "numero_dias_sem_chuva": null, "risco_fogo": null, "bioma": "Caatinga", "id_0": 33, "id_1": 28, "id_2": 2805802, "continente_id": 8, "vegetacao": null, "grade_wrs": "215_068", "frp": 12.8}, "bbox": [-37.89764, -10.90859, -37.89764, -10.90859]}, {"type": "Feature", "id": "focos_48h_br_todosats.fid--211a0569_19dac319c32_6f66", "geometry": {"type": "Point", "coordinates": [-44.73937, -11.72871]}, "geometry_name": "geometria", "properties": {"id_foco_bdq": 1814851152, "foco_id": "65500c11-c35e-37f8-a236-37d868a29e9c", "longitude": -44.73937, "latitude": -11.72871, "data_hora_gmt": "2026-04-20T15:48:00Z", "data_pas": "2026-04-20", "satelite": "NOAA-21", "municipio": "RIACHÃO DAS NEVES", "estado": "BAHIA", "pais": "Brasil", "precipitacao": null, "numero_dias_sem_chuva": null, "risco_fogo": null, "bioma": "Cerrado", "id_0": 33, "id_1": 29, "id_2": 2926202, "continente_id": 8, "vegetacao": null, "grade_wrs": "220_068", "frp": 16.3}, "bbox": [-44.73937, -11.72871, -44.73937, -11.72871]}, {"type": "Feature", "id": "focos_48h_br_todosats.fid--211a0569_19dac319c32_6f67", "geometry": {"type": "Point", "coordinates": [-38.0666, -9.90879]}, "geometry_name": "geometria", "properties": {"id_foco_bdq": 1814851478, "foco_id": "0218b445-08b2-336d-b41c-b54cd9715b89", "longitude": -38.0666, "latitude": -9.90879, "data_hora_gmt": "2026-04-20T15:48:00Z", "data_pas": "2026-04-20", "satelite": "NOAA-21", "municipio": "PEDRO ALEXANDRE", "estado": "BAHIA", "pais": "Brasil", "precipitacao": null, "numero_dias_sem_chuva": null, "risco_fogo": null, "bioma": "Caatinga", "id_0": 33, "id_1": 29, "id_2": 2924207, "continente_id": 8, "vegetacao": null, "grade_wrs": "215_067", "frp": 4.7}, "bbox": [-38.0666, -9.90879, -38.0666, -9.90879]}, {"type": "Feature", "id": "focos_48h_br_todosats.fid--211a0569_19dac319c32_6f68", "geometry": {"type": "Point", "coordinates": [-44.73993, -11.72213]}, "geometry_name": "geometria", "properties": {"id_foco_bdq": 1814851448, "foco_id": "70e7958b-7c7e-36d7-bd73-f1e5ed1dfa07", "longitude": -44.73993, "latitude": -11.72213, "data_hora_gmt": "2026-04-20T15:48:00Z", "data_pas": "2026-04-20", "satelite": "NOAA-21", "municipio": "RIACHÃO DAS NEVES", "estado": "BAHIA", "pais": "Brasil", "precipitacao": null, "numero_dias_sem_chuva": null, "risco_fogo": null, "bioma": "Cerrado", "id_0": 33, "id_1": 29, "id_2": 2926202, "continente_id": 8, "vegetacao": null, "grade_wrs": "220_068", "frp": 13.7}, "bbox": [-44.73993, -11.72213, -44.73993, -11.72213]}, {"type": "Feature", "id": "focos_48h_br_todosats.fid--211a0569_19dac319c32_6f69", "geometry": {"type": "Point", "coordinates": [-37.57977, -9.1014]}, "geometry_name": "geometria", "properties": {"id_foco_bdq": 1814851442, "foco_id": "27790144-b6dd-3401-bf38-d779a2b1a926", "longitude": -37.57977, "latitude": -9.1014, "data_hora_gmt": "2026-04-20T15:48:00Z", "data_pas": "2026-04-20", "satelite": "NOAA-21", "municipio": "CANAPI", "estado": "ALAGOAS", "pais": "Brasil", "precipitacao": null, "numero_dias_sem_chuva": null, "risco_fogo": null, "bioma": "Caatinga", "id_0": 33, "id_1": 27, "id_2": 2701605, "continente_id": 8, "vegetacao": null, "grade_wrs": "215_066", "frp": 4.4}, "bbox": [-37.57977, -9.1014, -37.57977, -9.1014]}, {"type": "Feature", "id": "focos_48h_br_todosats.fid--211a0569_19dac319c32_6f6a", "geometry": {"type": "Point", "coordinates": [-37.83707, -11.95391]}, "geometry_name": "geometria", "properties": {"id_foco_bdq": 1814850676, "foco_id": "feb46a06-4ff2-3c88-b006-a4b15c895f83", "longitude": -37.83707, "latitude": -11.95391, "data_hora_gmt": "2026-04-20T15:48:00Z", "data_pas": "2026-04-20", "satelite": "NOAA-21", "municipio": "ESPLANADA", "estado": "BAHIA", "pais": "Brasil", "precipitacao": null, "numero_dias_sem_chuva": null, "risco_fogo": null, "bioma": "Mata Atlântica", "id_0": 33, "id_1": 29, "id_2": 2910602, "continente_id": 8, "vegetacao": null, "grade_wrs": "215_068", "frp": 13.8}, "bbox": [-37.83707, -11.95391, -37.83707, -11.95391]}, {"type": "Feature", "id": "focos_48h_br_todosats.fid--211a0569_19dac319c32_6f6b", "geometry": {"type": "Point", "coordinates": [-37.83207, -11.95324]}, "geometry_name": "geometria", "properties": {"id_foco_bdq": 1814850248, "foco_id": "7c9c0115-2ada-3f1e-bff9-9d4b9f7e0860", "longitude": -37.83207, "latitude": -11.95324, "data_hora_gmt": "2026-04-20T15:48:00Z", "data_pas": "2026-04-20", "satelite": "NOAA-21", "municipio": "ESPLANADA", "estado": "BAHIA", "pais": "Brasil", "precipitacao": null, "numero_dias_sem_chuva": null, "risco_fogo": null, "bioma": "Mata Atlântica", "id_0": 33, "id_1": 29, "id_2": 2910602, "continente_id": 8, "vegetacao": null, "grade_wrs": "215_068", "frp": 9.4}, "bbox": [-37.83207, -11.95324, -37.83207, -11.95324]}, {"type": "Feature", "id": "focos_48h_br_todosats.fid--211a0569_19dac319c32_6f6c", "geometry": {"type": "Point", "coordinates": [-38.06348, -9.90695]}, "geometry_name": "geometria", "properties": {"id_foco_bdq": 1814850713, "foco_id": "9b47db1f-9724-34cf-9e7f-070dc6be4a28", "longitude": -38.06348, "latitude": -9.90695, "data_hora_gmt": "2026-04-20T15:48:00Z", "data_pas": "2026-04-20", "satelite": "NOAA-21", "municipio": "PEDRO ALEXANDRE", "estado": "BAHIA", "pais": "Brasil", "precipitacao": null, "numero_dias_sem_chuva": null, "risco_fogo": null, "bioma": "Caatinga", "id_0": 33, "id_1": 29, "id_2": 2924207, "continente_id": 8, "vegetacao": null, "grade_wrs": "215_067", "frp": 7.4}, "bbox": [-38.06348, -9.90695, -38.06348, -9.90695]}, {"type": "Feature", "id": "focos_48h_br_todosats.fid--211a0569_19dac319c32_6f6d", "geometry": {"type": "Point", "coordinates": [-37.79515, -11.03371]}, "geometry_name": "geometria", "properties": {"id_foco_bdq": 1814851270, "foco_id": "f3715268-ba7e-3513-ac08-1548a390ed10", "longitude": -37.79515, "latitude": -11.03371, "data_hora_gmt": "2026-04-20T15:48:00Z", "data_pas": "2026-04-20", "satelite": "NOAA-21", "municipio": "RIACHÃO DO DANTAS", "estado": "SERGIPE", "pais": "Brasil", "precipitacao": null, "numero_dias_sem_chuva": null, "risco_fogo": null, "bioma": "Caatinga", "id_0": 33, "id_1": 28, "id_2": 2805802, "continente_id": 8, "vegetacao": null, "grade_wrs": "215_068", "frp": 4.2}, "bbox": [-37.79515, -11.03371, -37.79515, -11.03371]}, {"type": "Feature", "id": "focos_48h_br_todosats.fid--211a0569_19dac319c32_6f6e", "geometry": {"type": "Point", "coordinates": [-39.32731, -12.66487]}, "geometry_name": "geometria", "properties": {"id_foco_bdq": 1814851381, "foco_id": "0b120c87-9db4-3094-b467-dbf471e25945", "longitude": -39.32731, "latitude": -12.66487, "data_hora_gmt": "2026-04-20T15:48:00Z", "data_pas": "2026-04-20", "satelite": "NOAA-21", "municipio": "CASTRO ALVES", "estado": "BAHIA", "pais": "Brasil", "precipitacao": null, "numero_dias_sem_chuva": null, "risco_fogo": null, "bioma": "Mata Atlântica", "id_0": 33, "id_1": 29, "id_2": 2907301, "continente_id": 8, "vegetacao": null, "grade_wrs": "216_069", "frp": 8.8}, "bbox": [-39.32731, -12.66487, -39.32731, -12.66487]}, {"type": "Feature", "id": "focos_48h_br_todosats.fid--211a0569_19dac319c32_6f6f", "geometry": {"type": "Point", "coordinates": [-40.54813, -11.35264]}, "geometry_name": "geometria", "properties": {"id_foco_bdq": 1814850730, "foco_id": "1e5fae76-79ee-3d12-a4b4-b81ed6e1d0cf", "longitude": -40.54813, "latitude": -11.35264, "data_hora_gmt": "2026-04-20T15:48:00Z", "data_pas": "2026-04-20", "satelite": "NOAA-21", "municipio": "MIGUEL CALMON", "estado": "BAHIA", "pais": "Brasil", "precipitacao": null, "numero_dias_sem_chuva": null, "risco_fogo": null, "bioma": "Caatinga", "id_0": 33, "id_1": 29, "id_2": 2921203, "continente_id": 8, "vegetacao": null, "grade_wrs": "217_068", "frp": 5.2}, "bbox": [-40.54813, -11.35264, -40.54813, -11.35264]}, {"type": "Feature", "id": "focos_48h_br_todosats.fid--211a0569_19dac319c32_6f70", "geometry": {"type": "Point", "coordinates": [-37.04317, -9.66322]}, "geometry_name": "geometria", "properties": {"id_foco_bdq": 1814850752, "foco_id": "b1085d75-5644-3438-b8de-760dc605dda2", "longitude": -37.04317, "latitude": -9.66322, "data_hora_gmt": "2026-04-20T15:48:00Z", "data_pas": "2026-04-20", "satelite": "NOAA-21", "municipio": "JARAMATAIA", "estado": "ALAGOAS", "pais": "Brasil", "precipitacao": null, "numero_dias_sem_chuva": null, "risco_fogo": null, "bioma": "Caatinga", "id_0": 33, "id_1": 27, "id_2": 2703700, "continente_id": 8, "vegetacao": null, "grade_wrs": "215_067", "frp": 4.3}, "bbox": [-37.04317, -9.66322, -37.04317, -9.66322]}, {"type": "Feature", "id": "focos_48h_br_todosats.fid--211a0569_19dac319c32_6f71", "geometry": {"type": "Point", "coordinates": [-36.98362, -9.95055]}, "geometry_name": "geometria", "properties": {"id_foco_bdq": 1814850765, "foco_id": "a2f05028-20db-3153-83a7-9387fa914393", "longitude": -36.98362, "latitude": -9.95055, "data_hora_gmt": "2026-04-20T15:48:00Z", "data_pas": "2026-04-20", "satelite": "NOAA-21", "municipio": "TRAIPU", "estado": "ALAGOAS", "pais": "Brasil", "precipitacao": null, "numero_dias_sem_chuva": null, "risco_fogo": null, "bioma": "Caatinga", "id_0": 33, "id_1": 27, "id_2": 2709202, "continente_id": 8, "vegetacao": null, "grade_wrs": "215_067", "frp": 5.8}, "bbox": [-36.98362, -9.95055, -36.98362, -9.95055]}, {"type": "Feature", "id": "focos_48h_br_todosats.fid--211a0569_19dac319c32_6f72", "geometry": {"type": "Point", "coordinates": [-37.73458, -9.49375]}, "geometry_name": "geometria", "properties": {"id_foco_bdq": 1814850771, "foco_id": "c3c75fa2-93ca-39b8-92c0-8f82f8c9222d", "longitude": -37.73458, "latitude": -9.49375, "data_hora_gmt": "2026-04-20T15:48:00Z", "data_pas": "2026-04-20", "satelite": "NOAA-21", "municipio": "PIRANHAS", "estado": "ALAGOAS", "pais": "Brasil", "precipitacao": null, "numero_dias_sem_chuva": null, "risco_fogo": null, "bioma": "Caatinga", "id_0": 33, "id_1": 27, "id_2": 2707107, "continente_id": 8, "vegetacao": null, "grade_wrs": "215_067", "frp": 8.7}, "bbox": [-37.73458, -9.49375, -37.73458, -9.49375]}, {"type": "Feature", "id": "focos_48h_br_todosats.fid--211a0569_19dac319c32_6f73", "geometry": {"type": "Point", "coordinates": [-38.45949, -10.81431]}, "geometry_name": "geometria", "properties": {"id_foco_bdq": 1814850290, "foco_id": "f39dd663-00d9-3a61-a855-ea62a9a3b886", "longitude": -38.45949, "latitude": -10.81431, "data_hora_gmt": "2026-04-20T15:48:00Z", "data_pas": "2026-04-20", "satelite": "NOAA-21", "municipio": "RIBEIRA DO POMBAL", "estado": "BAHIA", "pais": "Brasil", "precipitacao": null, "numero_dias_sem_chuva": null, "risco_fogo": null, "bioma": "Caatinga", "id_0": 33, "id_1": 29, "id_2": 2926608, "continente_id": 8, "vegetacao": null, "grade_wrs": "216_067", "frp": 4.8}, "bbox": [-38.45949, -10.81431, -38.45949, -10.81431]}, {"type": "Feature", "id": "focos_48h_br_todosats.fid--211a0569_19dac319c32_6f74", "geometry": {"type": "Point", "coordinates": [-44.74002, -11.72256]}, "geometry_name": "geometria", "properties": {"id_foco_bdq": 1814851033, "foco_id": "310d32b6-9b8f-3573-8801-ab6add5319bc", "longitude": -44.74002, "latitude": -11.72256, "data_hora_gmt": "2026-04-20T15:48:00Z", "data_pas": "2026-04-20", "satelite": "NOAA-21", "municipio": "RIACHÃO DAS NEVES", "estado": "BAHIA", "pais": "Brasil", "precipitacao": null, "numero_dias_sem_chuva": null, "risco_fogo": null, "bioma": "Cerrado", "id_0": 33, "id_1": 29, "id_2": 2926202, "continente_id": 8, "vegetacao": null, "grade_wrs": "220_068", "frp": 16.3}, "bbox": [-44.74002, -11.72256, -44.74002, -11.72256]}, {"type": "Feature", "id": "focos_48h_br_todosats.fid--211a0569_19dac319c32_6f75", "geometry": {"type": "Point", "coordinates": [-44.7393, -11.72827]}, "geometry_name": "geometria", "properties": {"id_foco_bdq": 1814850862, "foco_id": "86980a33-508e-390e-aa1f-2c9afa7a6622", "longitude": -44.7393, "latitude": -11.72827, "data_hora_gmt": "2026-04-20T15:48:00Z", "data_pas": "2026-04-20", "satelite": "NOAA-21", "municipio": "RIACHÃO DAS NEVES", "estado": "BAHIA", "pais": "Brasil", "precipitacao": null, "numero_dias_sem_chuva": null, "risco_fogo": null, "bioma": "Cerrado", "id_0": 33, "id_1": 29, "id_2": 2926202, "continente_id": 8, "vegetacao": null, "grade_wrs": "220_068", "frp": 18.2}, "bbox": [-44.7393, -11.72827, -44.7393, -11.72827]}, {"type": "Feature", "id": "focos_48h_br_todosats.fid--211a0569_19dac319c32_6f76", "geometry": {"type": "Point", "coordinates": [-37.89292, -10.90793]}, "geometry_name": "geometria", "properties": {"id_foco_bdq": 1814851200, "foco_id": "eb748fbd-3a23-3a94-b9ba-464155f41a60", "longitude": -37.89292, "latitude": -10.90793, "data_hora_gmt": "2026-04-20T15:48:00Z", "data_pas": "2026-04-20", "satelite": "NOAA-21", "municipio": "RIACHÃO DO DANTAS", "estado": "SERGIPE", "pais": "Brasil", "precipitacao": null, "numero_dias_sem_chuva": null, "risco_fogo": null, "bioma": "Caatinga", "id_0": 33, "id_1": 28, "id_2": 2805802, "continente_id": 8, "vegetacao": null, "grade_wrs": "215_068", "frp": 16.9}, "bbox": [-37.89292, -10.90793, -37.89292, -10.90793]}, {"type": "Feature", "id": "focos_48h_br_todosats.fid--211a0569_19dac319c32_6f77", "geometry": {"type": "Point", "coordinates": [-41.26635, -11.93234]}, "geometry_name": "geometria", "properties": {"id_foco_bdq": 1814851179, "foco_id": "132f77b8-5d67-3de9-9cef-bfc6d7efab23", "longitude": -41.26635, "latitude": -11.93234, "data_hora_gmt": "2026-04-20T15:48:00Z", "data_pas": "2026-04-20", "satelite": "NOAA-21", "municipio": "BONITO", "estado": "BAHIA", "pais": "Brasil", "precipitacao": null, "numero_dias_sem_chuva": null, "risco_fogo": null, "bioma": "Caatinga", "id_0": 33, "id_1": 29, "id_2": 2904050, "continente_id": 8, "vegetacao": null, "grade_wrs": "217_068", "frp": 9.9}, "bbox": [-41.26635, -11.93234, -41.26635, -11.93234]}, {"type": "Feature", "id": "focos_48h_br_todosats.fid--211a0569_19dac319c32_6f78", "geometry": {"type": "Point", "coordinates": [-38.25254, -10.23626]}, "geometry_name": "geometria", "properties": {"id_foco_bdq": 1814851518, "foco_id": "84a5f55a-1450-3d4f-b755-919a2bc9f952", "longitude": -38.25254, "latitude": -10.23626, "data_hora_gmt": "2026-04-20T15:48:00Z", "data_pas": "2026-04-20", "satelite": "NOAA-21", "municipio": "JEREMOABO", "estado": "BAHIA", "pais": "Brasil", "precipitacao": null, "numero_dias_sem_chuva": null, "risco_fogo": null, "bioma": "Caatinga", "id_0": 33, "id_1": 29, "id_2": 2918100, "continente_id": 8, "vegetacao": null, "grade_wrs": "216_067", "frp": 5.7}, "bbox": [-38.25254, -10.23626, -38.25254, -10.23626]}, {"type": "Feature", "id": "focos_48h_br_todosats.fid--211a0569_19dac319c32_6f79", "geometry": {"type": "Point", "coordinates": [-37.82608, -11.96036]}, "geometry_name": "geometria", "properties": {"id_foco_bdq": 1814851125, "foco_id": "78ade792-0aa4-3167-8047-f9b210ced2ed", "longitude": -37.82608, "latitude": -11.96036, "data_hora_gmt": "2026-04-20T15:48:00Z", "data_pas": "2026-04-20", "satelite": "NOAA-21", "municipio": "ESPLANADA", "estado": "BAHIA", "pais": "Brasil", "precipitacao": null, "numero_dias_sem_chuva": null, "risco_fogo": null, "bioma": "Mata Atlântica", "id_0": 33, "id_1": 29, "id_2": 2910602, "continente_id": 8, "vegetacao": null, "grade_wrs": "215_068", "frp": 10.5}, "bbox": [-37.82608, -11.96036, -37.82608, -11.96036]}]}