{"type": "FeatureCollection", "features": [{"type": "Feature", "id": "focos_48h_br_todosats.fid--211a0569_19dad572493_9ed", "geometry": {"type": "Point", "coordinates": [-56.1469, -21.455601]}, "geometry_name": "geometria", "properties": {"id_foco_bdq": 1814787894, "foco_id": "7982e767-5637-3034-a5d7-14c9208e9b2b", "longitude": -56.1469, "latitude": -21.455601, "data_hora_gmt": "2026-04-20T00:55:00Z", "data_pas": "2026-04-20", "satelite": "METOP-B", "municipio": "JARDIM", "estado": "MATO GROSSO DO SUL", "pais": "Brasil", "precipitacao": null, "numero_dias_sem_chuva": null, "risco_fogo": null, "bioma": "Cerrado", "id_0": 33, "id_1": 50, "id_2": 5005004, "continente_id": 8, "vegetacao": null, "grade_wrs": "225_075", "frp": null}, "bbox": [-56.1469, -21.455601, -56.1469, -21.455601]}, {"type": "Feature", "id": "focos_48h_br_todosats.fid--211a0569_19dad572493_9ee", "geometry": {"type": "Point", "coordinates": [-51.623199, -23.706699]}, "geometry_name": "geometria", "properties": {"id_foco_bdq": 1814788206, "foco_id": "64994e83-4e7d-38ad-9d7d-a427f7eb6812", "longitude": -51.623199, "latitude": -23.706699, "data_hora_gmt": "2026-04-20T01:28:00Z", "data_pas": "2026-04-20", "satelite": "METOP-C", "municipio": "MARUMBI", "estado": "PARANÁ", "pais": "Brasil", "precipitacao": null, "numero_dias_sem_chuva": null, "risco_fogo": null, "bioma": "Mata Atlântica", "id_0": 33, "id_1": 41, "id_2": 4115507, "continente_id": 8, "vegetacao": null, "grade_wrs": "222_076", "frp": null}, "bbox": [-51.623199, -23.706699, -51.623199, -23.706699]}, {"type": "Feature", "id": "focos_48h_br_todosats.fid--211a0569_19dad572493_9ef", "geometry": {"type": "Point", "coordinates": [-51.6314, -23.7023]}, "geometry_name": "geometria", "properties": {"id_foco_bdq": 1814788144, "foco_id": "152efe1f-21fa-34ee-b0ad-f48ec70bf22c", "longitude": -51.6314, "latitude": -23.7023, "data_hora_gmt": "2026-04-20T02:00:00Z", "data_pas": "2026-04-20", "satelite": "GOES-19", "municipio": "MARUMBI", "estado": "PARANÁ", "pais": "Brasil", "precipitacao": null, "numero_dias_sem_chuva": null, "risco_fogo": null, "bioma": "Mata Atlântica", "id_0": 33, "id_1": 41, "id_2": 4115507, "continente_id": 8, "vegetacao": null, "grade_wrs": "222_076", "frp": 65.1}, "bbox": [-51.6314, -23.7023, -51.6314, -23.7023]}, {"type": "Feature", "id": "focos_48h_br_todosats.fid--211a0569_19dad572493_9f0", "geometry": {"type": "Point", "coordinates": [-38.44487, -9.94394]}, "geometry_name": "geometria", "properties": {"id_foco_bdq": 1814790859, "foco_id": "f6f87812-efd9-3d4e-aa11-cbb18f1ba685", "longitude": -38.44487, "latitude": -9.94394, "data_hora_gmt": "2026-04-20T03:13:00Z", "data_pas": "2026-04-20", "satelite": "NOAA-21", "municipio": "JEREMOABO", "estado": "BAHIA", "pais": "Brasil", "precipitacao": null, "numero_dias_sem_chuva": null, "risco_fogo": null, "bioma": "Caatinga", "id_0": 33, "id_1": 29, "id_2": 2918100, "continente_id": 8, "vegetacao": null, "grade_wrs": "216_067", "frp": 1.8}, "bbox": [-38.44487, -9.94394, -38.44487, -9.94394]}, {"type": "Feature", "id": "focos_48h_br_todosats.fid--211a0569_19dad572493_9f1", "geometry": {"type": "Point", "coordinates": [-37.47351, -9.80338]}, "geometry_name": "geometria", "properties": {"id_foco_bdq": 1814791580, "foco_id": "9824e382-cbf3-30ef-b44a-d557e8769d2a", "longitude": -37.47351, "latitude": -9.80338, "data_hora_gmt": "2026-04-20T03:13:00Z", "data_pas": "2026-04-20", "satelite": "NOAA-21", "municipio": "PORTO DA FOLHA", "estado": "SERGIPE", "pais": "Brasil", "precipitacao": null, "numero_dias_sem_chuva": null, "risco_fogo": null, "bioma": "Caatinga", "id_0": 33, "id_1": 28, "id_2": 2805604, "continente_id": 8, "vegetacao": null, "grade_wrs": "215_067", "frp": 0.7}, "bbox": [-37.47351, -9.80338, -37.47351, -9.80338]}, {"type": "Feature", "id": "focos_48h_br_todosats.fid--211a0569_19dad572493_9f2", "geometry": {"type": "Point", "coordinates": [-37.47701, -9.80272]}, "geometry_name": "geometria", "properties": {"id_foco_bdq": 1814791790, "foco_id": "8c6c5efa-916e-37ad-9d89-bedc3b4e55d2", "longitude": -37.47701, "latitude": -9.80272, "data_hora_gmt": "2026-04-20T03:13:00Z", "data_pas": "2026-04-20", "satelite": "NOAA-21", "municipio": "PORTO DA FOLHA", "estado": "SERGIPE", "pais": "Brasil", "precipitacao": null, "numero_dias_sem_chuva": null, "risco_fogo": null, "bioma": "Caatinga", "id_0": 33, "id_1": 28, "id_2": 2805604, "continente_id": 8, "vegetacao": null, "grade_wrs": "215_067", "frp": 0.7}, "bbox": [-37.47701, -9.80272, -37.47701, -9.80272]}, {"type": "Feature", "id": "focos_48h_br_todosats.fid--211a0569_19dad572493_9f3", "geometry": {"type": "Point", "coordinates": [-38.44884, -9.94318]}, "geometry_name": "geometria", "properties": {"id_foco_bdq": 1814792096, "foco_id": "82f706e2-e923-3756-a491-bb72751025be", "longitude": -38.44884, "latitude": -9.94318, "data_hora_gmt": "2026-04-20T03:13:00Z", "data_pas": "2026-04-20", "satelite": "NOAA-21", "municipio": "JEREMOABO", "estado": "BAHIA", "pais": "Brasil", "precipitacao": null, "numero_dias_sem_chuva": null, "risco_fogo": null, "bioma": "Caatinga", "id_0": 33, "id_1": 29, "id_2": 2918100, "continente_id": 8, "vegetacao": null, "grade_wrs": "216_067", "frp": 1.8}, "bbox": [-38.44884, -9.94318, -38.44884, -9.94318]}, {"type": "Feature", "id": "focos_48h_br_todosats.fid--211a0569_19dad572493_9f4", "geometry": {"type": "Point", "coordinates": [-37.47605, -9.79729]}, "geometry_name": "geometria", "properties": {"id_foco_bdq": 1814792326, "foco_id": "216f23b5-d139-321c-8743-2fce5779204c", "longitude": -37.47605, "latitude": -9.79729, "data_hora_gmt": "2026-04-20T03:13:00Z", "data_pas": "2026-04-20", "satelite": "NOAA-21", "municipio": "PORTO DA FOLHA", "estado": "SERGIPE", "pais": "Brasil", "precipitacao": null, "numero_dias_sem_chuva": null, "risco_fogo": null, "bioma": "Caatinga", "id_0": 33, "id_1": 28, "id_2": 2805604, "continente_id": 8, "vegetacao": null, "grade_wrs": "215_067", "frp": 1.9}, "bbox": [-37.47605, -9.79729, -37.47605, -9.79729]}, {"type": "Feature", "id": "focos_48h_br_todosats.fid--211a0569_19dad572493_9f5", "geometry": {"type": "Point", "coordinates": [-37.4725, -9.79795]}, "geometry_name": "geometria", "properties": {"id_foco_bdq": 1814790994, "foco_id": "aa4c22d2-ef8b-3e5c-8992-8cb7cbcfa914", "longitude": -37.4725, "latitude": -9.79795, "data_hora_gmt": "2026-04-20T03:13:00Z", "data_pas": "2026-04-20", "satelite": "NOAA-21", "municipio": "PORTO DA FOLHA", "estado": "SERGIPE", "pais": "Brasil", "precipitacao": null, "numero_dias_sem_chuva": null, "risco_fogo": null, "bioma": "Caatinga", "id_0": 33, "id_1": 28, "id_2": 2805604, "continente_id": 8, "vegetacao": null, "grade_wrs": "215_067", "frp": 1.9}, "bbox": [-37.4725, -9.79795, -37.4725, -9.79795]}, {"type": "Feature", "id": "focos_48h_br_todosats.fid--211a0569_19dad572493_9f6", "geometry": {"type": "Point", "coordinates": [-37.46906, -9.7986]}, "geometry_name": "geometria", "properties": {"id_foco_bdq": 1814792401, "foco_id": "73caa93d-a9b6-3897-a6df-816a62d121a7", "longitude": -37.46906, "latitude": -9.7986, "data_hora_gmt": "2026-04-20T03:13:00Z", "data_pas": "2026-04-20", "satelite": "NOAA-21", "municipio": "PORTO DA FOLHA", "estado": "SERGIPE", "pais": "Brasil", "precipitacao": null, "numero_dias_sem_chuva": null, "risco_fogo": null, "bioma": "Caatinga", "id_0": 33, "id_1": 28, "id_2": 2805604, "continente_id": 8, "vegetacao": null, "grade_wrs": "215_067", "frp": 1.6}, "bbox": [-37.46906, -9.7986, -37.46906, -9.7986]}, {"type": "Feature", "id": "focos_48h_br_todosats.fid--211a0569_19dad572493_9f7", "geometry": {"type": "Point", "coordinates": [-42.66765, -17.24959]}, "geometry_name": "geometria", "properties": {"id_foco_bdq": 1814790931, "foco_id": "30fe434e-7805-3bc9-a8ec-a788a014d13e", "longitude": -42.66765, "latitude": -17.24959, "data_hora_gmt": "2026-04-20T03:15:00Z", "data_pas": "2026-04-20", "satelite": "NOAA-21", "municipio": "MINAS NOVAS", "estado": "MINAS GERAIS", "pais": "Brasil", "precipitacao": null, "numero_dias_sem_chuva": null, "risco_fogo": null, "bioma": "Cerrado", "id_0": 33, "id_1": 31, "id_2": 3141801, "continente_id": 8, "vegetacao": null, "grade_wrs": "217_072", "frp": 17.5}, "bbox": [-42.66765, -17.24959, -42.66765, -17.24959]}, {"type": "Feature", "id": "focos_48h_br_todosats.fid--211a0569_19dad572493_9f8", "geometry": {"type": "Point", "coordinates": [-42.67288, -17.24921]}, "geometry_name": "geometria", "properties": {"id_foco_bdq": 1814792131, "foco_id": "2bee6f24-1498-326a-9128-f13c641d9494", "longitude": -42.67288, "latitude": -17.24921, "data_hora_gmt": "2026-04-20T03:15:00Z", "data_pas": "2026-04-20", "satelite": "NOAA-21", "municipio": "MINAS NOVAS", "estado": "MINAS GERAIS", "pais": "Brasil", "precipitacao": null, "numero_dias_sem_chuva": null, "risco_fogo": null, "bioma": "Cerrado", "id_0": 33, "id_1": 31, "id_2": 3141801, "continente_id": 8, "vegetacao": null, "grade_wrs": "217_072", "frp": 11.5}, "bbox": [-42.67288, -17.24921, -42.67288, -17.24921]}, {"type": "Feature", "id": "focos_48h_br_todosats.fid--211a0569_19dad572493_9f9", "geometry": {"type": "Point", "coordinates": [-42.66614, -17.25071]}, "geometry_name": "geometria", "properties": {"id_foco_bdq": 1814792496, "foco_id": "fbc8831b-3f38-3a2b-81d0-8e40cc5eea80", "longitude": -42.66614, "latitude": -17.25071, "data_hora_gmt": "2026-04-20T03:15:00Z", "data_pas": "2026-04-20", "satelite": "NOAA-21", "municipio": "MINAS NOVAS", "estado": "MINAS GERAIS", "pais": "Brasil", "precipitacao": null, "numero_dias_sem_chuva": null, "risco_fogo": null, "bioma": "Cerrado", "id_0": 33, "id_1": 31, "id_2": 3141801, "continente_id": 8, "vegetacao": null, "grade_wrs": "217_072", "frp": 11.5}, "bbox": [-42.66614, -17.25071, -42.66614, -17.25071]}, {"type": "Feature", "id": "focos_48h_br_todosats.fid--211a0569_19dad572493_9fa", "geometry": {"type": "Point", "coordinates": [-42.66135, -17.25104]}, "geometry_name": "geometria", "properties": {"id_foco_bdq": 1814792386, "foco_id": "cce6c72a-7c99-341f-ba01-49b4f13cd666", "longitude": -42.66135, "latitude": -17.25104, "data_hora_gmt": "2026-04-20T03:15:00Z", "data_pas": "2026-04-20", "satelite": "NOAA-21", "municipio": "MINAS NOVAS", "estado": "MINAS GERAIS", "pais": "Brasil", "precipitacao": null, "numero_dias_sem_chuva": null, "risco_fogo": null, "bioma": "Cerrado", "id_0": 33, "id_1": 31, "id_2": 3141801, "continente_id": 8, "vegetacao": null, "grade_wrs": "217_072", "frp": 17.5}, "bbox": [-42.66135, -17.25104, -42.66135, -17.25104]}, {"type": "Feature", "id": "focos_48h_br_todosats.fid--211a0569_19dad572493_9fb", "geometry": {"type": "Point", "coordinates": [-42.66441, -17.24427]}, "geometry_name": "geometria", "properties": {"id_foco_bdq": 1814791502, "foco_id": "dd6be851-7833-37f3-accb-e6ff82b8e8a5", "longitude": -42.66441, "latitude": -17.24427, "data_hora_gmt": "2026-04-20T03:15:00Z", "data_pas": "2026-04-20", "satelite": "NOAA-21", "municipio": "MINAS NOVAS", "estado": "MINAS GERAIS", "pais": "Brasil", "precipitacao": null, "numero_dias_sem_chuva": null, "risco_fogo": null, "bioma": "Cerrado", "id_0": 33, "id_1": 31, "id_2": 3141801, "continente_id": 8, "vegetacao": null, "grade_wrs": "217_072", "frp": 11.5}, "bbox": [-42.66441, -17.24427, -42.66441, -17.24427]}, {"type": "Feature", "id": "focos_48h_br_todosats.fid--211a0569_19dad572493_9fc", "geometry": {"type": "Point", "coordinates": [-43.08075, -22.48422]}, "geometry_name": "geometria", "properties": {"id_foco_bdq": 1814790927, "foco_id": "aede9d2b-baab-381e-ad02-093c68f4c369", "longitude": -43.08075, "latitude": -22.48422, "data_hora_gmt": "2026-04-20T03:17:00Z", "data_pas": "2026-04-20", "satelite": "NOAA-21", "municipio": "PETRÓPOLIS", "estado": "RIO DE JANEIRO", "pais": "Brasil", "precipitacao": null, "numero_dias_sem_chuva": null, "risco_fogo": null, "bioma": "Mata Atlântica", "id_0": 33, "id_1": 33, "id_2": 3303906, "continente_id": 8, "vegetacao": null, "grade_wrs": "217_076", "frp": 1}, "bbox": [-43.08075, -22.48422, -43.08075, -22.48422]}, {"type": "Feature", "id": "focos_48h_br_todosats.fid--211a0569_19dad572493_9fd", "geometry": {"type": "Point", "coordinates": [-43.07902, -22.49212]}, "geometry_name": "geometria", "properties": {"id_foco_bdq": 1814792738, "foco_id": "4954fd2e-c479-315d-8e78-4492c8efb58d", "longitude": -43.07902, "latitude": -22.49212, "data_hora_gmt": "2026-04-20T03:17:00Z", "data_pas": "2026-04-20", "satelite": "NOAA-21", "municipio": "PETRÓPOLIS", "estado": "RIO DE JANEIRO", "pais": "Brasil", "precipitacao": null, "numero_dias_sem_chuva": null, "risco_fogo": null, "bioma": "Mata Atlântica", "id_0": 33, "id_1": 33, "id_2": 3303906, "continente_id": 8, "vegetacao": null, "grade_wrs": "217_076", "frp": 1.5}, "bbox": [-43.07902, -22.49212, -43.07902, -22.49212]}, {"type": "Feature", "id": "focos_48h_br_todosats.fid--211a0569_19dad572493_9fe", "geometry": {"type": "Point", "coordinates": [-45.01832, -19.84467]}, "geometry_name": "geometria", "properties": {"id_foco_bdq": 1814791657, "foco_id": "eca5cef0-a81c-39cd-8499-8faf709e5502", "longitude": -45.01832, "latitude": -19.84467, "data_hora_gmt": "2026-04-20T03:17:00Z", "data_pas": "2026-04-20", "satelite": "NOAA-21", "municipio": "NOVA SERRANA", "estado": "MINAS GERAIS", "pais": "Brasil", "precipitacao": null, "numero_dias_sem_chuva": null, "risco_fogo": null, "bioma": "Cerrado", "id_0": 33, "id_1": 31, "id_2": 3145208, "continente_id": 8, "vegetacao": null, "grade_wrs": "219_074", "frp": 15.7}, "bbox": [-45.01832, -19.84467, -45.01832, -19.84467]}, {"type": "Feature", "id": "focos_48h_br_todosats.fid--211a0569_19dad572493_9ff", "geometry": {"type": "Point", "coordinates": [-43.07724, -22.48619]}, "geometry_name": "geometria", "properties": {"id_foco_bdq": 1814791674, "foco_id": "65bfadba-20a4-35ea-842b-2c5051595562", "longitude": -43.07724, "latitude": -22.48619, "data_hora_gmt": "2026-04-20T03:17:00Z", "data_pas": "2026-04-20", "satelite": "NOAA-21", "municipio": "PETRÓPOLIS", "estado": "RIO DE JANEIRO", "pais": "Brasil", "precipitacao": null, "numero_dias_sem_chuva": null, "risco_fogo": null, "bioma": "Mata Atlântica", "id_0": 33, "id_1": 33, "id_2": 3303906, "continente_id": 8, "vegetacao": null, "grade_wrs": "217_076", "frp": 1.5}, "bbox": [-43.07724, -22.48619, -43.07724, -22.48619]}, {"type": "Feature", "id": "focos_48h_br_todosats.fid--211a0569_19dad572493_a00", "geometry": {"type": "Point", "coordinates": [-43.07393, -22.49334]}, "geometry_name": "geometria", "properties": {"id_foco_bdq": 1814791260, "foco_id": "de0896d6-ec94-37f1-a5e2-ffc3e5594461", "longitude": -43.07393, "latitude": -22.49334, "data_hora_gmt": "2026-04-20T03:17:00Z", "data_pas": "2026-04-20", "satelite": "NOAA-21", "municipio": "MAGÉ", "estado": "RIO DE JANEIRO", "pais": "Brasil", "precipitacao": null, "numero_dias_sem_chuva": null, "risco_fogo": null, "bioma": "Mata Atlântica", "id_0": 33, "id_1": 33, "id_2": 3302502, "continente_id": 8, "vegetacao": null, "grade_wrs": "217_076", "frp": 1.5}, "bbox": [-43.07393, -22.49334, -43.07393, -22.49334]}, {"type": "Feature", "id": "focos_48h_br_todosats.fid--211a0569_19dad572493_a01", "geometry": {"type": "Point", "coordinates": [-45.01762, -19.84167]}, "geometry_name": "geometria", "properties": {"id_foco_bdq": 1814791457, "foco_id": "0e2211ec-d763-3b70-bdab-42cadbdb4326", "longitude": -45.01762, "latitude": -19.84167, "data_hora_gmt": "2026-04-20T03:17:00Z", "data_pas": "2026-04-20", "satelite": "NOAA-21", "municipio": "NOVA SERRANA", "estado": "MINAS GERAIS", "pais": "Brasil", "precipitacao": null, "numero_dias_sem_chuva": null, "risco_fogo": null, "bioma": "Cerrado", "id_0": 33, "id_1": 31, "id_2": 3145208, "continente_id": 8, "vegetacao": null, "grade_wrs": "219_074", "frp": 11.8}, "bbox": [-45.01762, -19.84167, -45.01762, -19.84167]}, {"type": "Feature", "id": "focos_48h_br_todosats.fid--211a0569_19dad572493_a02", "geometry": {"type": "Point", "coordinates": [-43.07571, -22.49175]}, "geometry_name": "geometria", "properties": {"id_foco_bdq": 1814791479, "foco_id": "e658e4b0-02d0-3e06-990e-4a1d2ebfb515", "longitude": -43.07571, "latitude": -22.49175, "data_hora_gmt": "2026-04-20T03:17:00Z", "data_pas": "2026-04-20", "satelite": "NOAA-21", "municipio": "MAGÉ", "estado": "RIO DE JANEIRO", "pais": "Brasil", "precipitacao": null, "numero_dias_sem_chuva": null, "risco_fogo": null, "bioma": "Mata Atlântica", "id_0": 33, "id_1": 33, "id_2": 3302502, "continente_id": 8, "vegetacao": null, "grade_wrs": "217_076", "frp": 3.5}, "bbox": [-43.07571, -22.49175, -43.07571, -22.49175]}, {"type": "Feature", "id": "focos_48h_br_todosats.fid--211a0569_19dad572493_a03", "geometry": {"type": "Point", "coordinates": [-43.07075, -22.49291]}, "geometry_name": "geometria", "properties": {"id_foco_bdq": 1814791518, "foco_id": "0a5339ea-66ae-37e7-b375-623e21987b9b", "longitude": -43.07075, "latitude": -22.49291, "data_hora_gmt": "2026-04-20T03:17:00Z", "data_pas": "2026-04-20", "satelite": "NOAA-21", "municipio": "MAGÉ", "estado": "RIO DE JANEIRO", "pais": "Brasil", "precipitacao": null, "numero_dias_sem_chuva": null, "risco_fogo": null, "bioma": "Mata Atlântica", "id_0": 33, "id_1": 33, "id_2": 3302502, "continente_id": 8, "vegetacao": null, "grade_wrs": "217_076", "frp": 1.4}, "bbox": [-43.07075, -22.49291, -43.07075, -22.49291]}, {"type": "Feature", "id": "focos_48h_br_todosats.fid--211a0569_19dad572493_a04", "geometry": {"type": "Point", "coordinates": [-37.46866, -9.80301]}, "geometry_name": "geometria", "properties": {"id_foco_bdq": 1814794379, "foco_id": "514b5c16-7234-3e6f-9704-5117fbd18d23", "longitude": -37.46866, "latitude": -9.80301, "data_hora_gmt": "2026-04-20T03:45:00Z", "data_pas": "2026-04-20", "satelite": "NPP-375D", "municipio": "PORTO DA FOLHA", "estado": "SERGIPE", "pais": "Brasil", "precipitacao": null, "numero_dias_sem_chuva": null, "risco_fogo": null, "bioma": "Caatinga", "id_0": 33, "id_1": 28, "id_2": 2805604, "continente_id": 8, "vegetacao": null, "grade_wrs": "215_067", "frp": 0.5}, "bbox": [-37.46866, -9.80301, -37.46866, -9.80301]}, {"type": "Feature", "id": "focos_48h_br_todosats.fid--211a0569_19dad572493_a05", "geometry": {"type": "Point", "coordinates": [-37.46806, -9.79942]}, "geometry_name": "geometria", "properties": {"id_foco_bdq": 1814796241, "foco_id": "d7d4bc5f-9243-3134-b8c4-8d25a1461aaf", "longitude": -37.46806, "latitude": -9.79942, "data_hora_gmt": "2026-04-20T03:45:00Z", "data_pas": "2026-04-20", "satelite": "NPP-375D", "municipio": "PORTO DA FOLHA", "estado": "SERGIPE", "pais": "Brasil", "precipitacao": null, "numero_dias_sem_chuva": null, "risco_fogo": null, "bioma": "Caatinga", "id_0": 33, "id_1": 28, "id_2": 2805604, "continente_id": 8, "vegetacao": null, "grade_wrs": "215_067", "frp": 0.5}, "bbox": [-37.46806, -9.79942, -37.46806, -9.79942]}, {"type": "Feature", "id": "focos_48h_br_todosats.fid--211a0569_19dad572493_a06", "geometry": {"type": "Point", "coordinates": [-37.84391, -11.61164]}, "geometry_name": "geometria", "properties": {"id_foco_bdq": 1814796015, "foco_id": "d85482d6-62b6-3c2b-9e21-1ba5e8677c25", "longitude": -37.84391, "latitude": -11.61164, "data_hora_gmt": "2026-04-20T03:45:00Z", "data_pas": "2026-04-20", "satelite": "NPP-375D", "municipio": "RIO REAL", "estado": "BAHIA", "pais": "Brasil", "precipitacao": null, "numero_dias_sem_chuva": null, "risco_fogo": null, "bioma": "Mata Atlântica", "id_0": 33, "id_1": 29, "id_2": 2927002, "continente_id": 8, "vegetacao": null, "grade_wrs": "215_068", "frp": 1}, "bbox": [-37.84391, -11.61164, -37.84391, -11.61164]}, {"type": "Feature", "id": "focos_48h_br_todosats.fid--211a0569_19dad572493_a07", "geometry": {"type": "Point", "coordinates": [-38.44468, -9.94718]}, "geometry_name": "geometria", "properties": {"id_foco_bdq": 1814794637, "foco_id": "5bc11ca3-40e9-3d68-b86c-92eae9cae922", "longitude": -38.44468, "latitude": -9.94718, "data_hora_gmt": "2026-04-20T03:45:00Z", "data_pas": "2026-04-20", "satelite": "NPP-375D", "municipio": "JEREMOABO", "estado": "BAHIA", "pais": "Brasil", "precipitacao": null, "numero_dias_sem_chuva": null, "risco_fogo": null, "bioma": "Caatinga", "id_0": 33, "id_1": 29, "id_2": 2918100, "continente_id": 8, "vegetacao": null, "grade_wrs": "216_067", "frp": 3.7}, "bbox": [-38.44468, -9.94718, -38.44468, -9.94718]}, {"type": "Feature", "id": "focos_48h_br_todosats.fid--211a0569_19dad572493_a08", "geometry": {"type": "Point", "coordinates": [-37.04403, -9.66803]}, "geometry_name": "geometria", "properties": {"id_foco_bdq": 1814796050, "foco_id": "4fa67fe9-a92d-316d-9d2d-7fc3b9b347d8", "longitude": -37.04403, "latitude": -9.66803, "data_hora_gmt": "2026-04-20T03:45:00Z", "data_pas": "2026-04-20", "satelite": "NPP-375D", "municipio": "JARAMATAIA", "estado": "ALAGOAS", "pais": "Brasil", "precipitacao": null, "numero_dias_sem_chuva": null, "risco_fogo": null, "bioma": "Caatinga", "id_0": 33, "id_1": 27, "id_2": 2703700, "continente_id": 8, "vegetacao": null, "grade_wrs": "215_067", "frp": 0.6}, "bbox": [-37.04403, -9.66803, -37.04403, -9.66803]}, {"type": "Feature", "id": "focos_48h_br_todosats.fid--211a0569_19dad572493_a09", "geometry": {"type": "Point", "coordinates": [-37.47751, -9.80522]}, "geometry_name": "geometria", "properties": {"id_foco_bdq": 1814794708, "foco_id": "0960cfc0-db83-34ea-9430-f3f13b30a394", "longitude": -37.47751, "latitude": -9.80522, "data_hora_gmt": "2026-04-20T03:45:00Z", "data_pas": "2026-04-20", "satelite": "NPP-375D", "municipio": "PORTO DA FOLHA", "estado": "SERGIPE", "pais": "Brasil", "precipitacao": null, "numero_dias_sem_chuva": null, "risco_fogo": null, "bioma": "Caatinga", "id_0": 33, "id_1": 28, "id_2": 2805604, "continente_id": 8, "vegetacao": null, "grade_wrs": "215_067", "frp": 0.8}, "bbox": [-37.47751, -9.80522, -37.47751, -9.80522]}, {"type": "Feature", "id": "focos_48h_br_todosats.fid--211a0569_19dad572493_a0a", "geometry": {"type": "Point", "coordinates": [-38.44922, -9.9464]}, "geometry_name": "geometria", "properties": {"id_foco_bdq": 1814795282, "foco_id": "beb16cf0-eec8-31ea-8b3c-1841f6e4708f", "longitude": -38.44922, "latitude": -9.9464, "data_hora_gmt": "2026-04-20T03:45:00Z", "data_pas": "2026-04-20", "satelite": "NPP-375D", "municipio": "JEREMOABO", "estado": "BAHIA", "pais": "Brasil", "precipitacao": null, "numero_dias_sem_chuva": null, "risco_fogo": null, "bioma": "Caatinga", "id_0": 33, "id_1": 29, "id_2": 2918100, "continente_id": 8, "vegetacao": null, "grade_wrs": "216_067", "frp": 2.6}, "bbox": [-38.44922, -9.9464, -38.44922, -9.9464]}, {"type": "Feature", "id": "focos_48h_br_todosats.fid--211a0569_19dad572493_a0b", "geometry": {"type": "Point", "coordinates": [-37.4769, -9.80163]}, "geometry_name": "geometria", "properties": {"id_foco_bdq": 1814794799, "foco_id": "b30dcdd5-eced-3df6-9ad9-7b99382febe8", "longitude": -37.4769, "latitude": -9.80163, "data_hora_gmt": "2026-04-20T03:45:00Z", "data_pas": "2026-04-20", "satelite": "NPP-375D", "municipio": "PORTO DA FOLHA", "estado": "SERGIPE", "pais": "Brasil", "precipitacao": null, "numero_dias_sem_chuva": null, "risco_fogo": null, "bioma": "Caatinga", "id_0": 33, "id_1": 28, "id_2": 2805604, "continente_id": 8, "vegetacao": null, "grade_wrs": "215_067", "frp": 2}, "bbox": [-37.4769, -9.80163, -37.4769, -9.80163]}, {"type": "Feature", "id": "focos_48h_br_todosats.fid--211a0569_19dad572493_a0c", "geometry": {"type": "Point", "coordinates": [-37.47277, -9.80232]}, "geometry_name": "geometria", "properties": {"id_foco_bdq": 1814794093, "foco_id": "d0663a57-f7ec-3a7e-afbd-b152a8b6177e", "longitude": -37.47277, "latitude": -9.80232, "data_hora_gmt": "2026-04-20T03:45:00Z", "data_pas": "2026-04-20", "satelite": "NPP-375D", "municipio": "PORTO DA FOLHA", "estado": "SERGIPE", "pais": "Brasil", "precipitacao": null, "numero_dias_sem_chuva": null, "risco_fogo": null, "bioma": "Caatinga", "id_0": 33, "id_1": 28, "id_2": 2805604, "continente_id": 8, "vegetacao": null, "grade_wrs": "215_067", "frp": 2}, "bbox": [-37.47277, -9.80232, -37.47277, -9.80232]}, {"type": "Feature", "id": "focos_48h_br_todosats.fid--211a0569_19dad572493_a0d", "geometry": {"type": "Point", "coordinates": [-37.47339, -9.80591]}, "geometry_name": "geometria", "properties": {"id_foco_bdq": 1814795179, "foco_id": "4dd5c1c8-8670-3dfd-8b18-3ed4741c498e", "longitude": -37.47339, "latitude": -9.80591, "data_hora_gmt": "2026-04-20T03:45:00Z", "data_pas": "2026-04-20", "satelite": "NPP-375D", "municipio": "PORTO DA FOLHA", "estado": "SERGIPE", "pais": "Brasil", "precipitacao": null, "numero_dias_sem_chuva": null, "risco_fogo": null, "bioma": "Caatinga", "id_0": 33, "id_1": 28, "id_2": 2805604, "continente_id": 8, "vegetacao": null, "grade_wrs": "215_067", "frp": 0.8}, "bbox": [-37.47339, -9.80591, -37.47339, -9.80591]}, {"type": "Feature", "id": "focos_48h_br_todosats.fid--211a0569_19dad572493_a0e", "geometry": {"type": "Point", "coordinates": [-37.4763, -9.79804]}, "geometry_name": "geometria", "properties": {"id_foco_bdq": 1814796186, "foco_id": "087068cf-e2f6-3d12-a8fd-6b3843b28eca", "longitude": -37.4763, "latitude": -9.79804, "data_hora_gmt": "2026-04-20T03:45:00Z", "data_pas": "2026-04-20", "satelite": "NPP-375D", "municipio": "PORTO DA FOLHA", "estado": "SERGIPE", "pais": "Brasil", "precipitacao": null, "numero_dias_sem_chuva": null, "risco_fogo": null, "bioma": "Caatinga", "id_0": 33, "id_1": 28, "id_2": 2805604, "continente_id": 8, "vegetacao": null, "grade_wrs": "215_067", "frp": 2}, "bbox": [-37.4763, -9.79804, -37.4763, -9.79804]}, {"type": "Feature", "id": "focos_48h_br_todosats.fid--211a0569_19dad572493_a0f", "geometry": {"type": "Point", "coordinates": [-37.47216, -9.79874]}, "geometry_name": "geometria", "properties": {"id_foco_bdq": 1814795226, "foco_id": "ea6463e3-0455-372d-abbe-0de47bf6b0af", "longitude": -37.47216, "latitude": -9.79874, "data_hora_gmt": "2026-04-20T03:45:00Z", "data_pas": "2026-04-20", "satelite": "NPP-375D", "municipio": "PORTO DA FOLHA", "estado": "SERGIPE", "pais": "Brasil", "precipitacao": null, "numero_dias_sem_chuva": null, "risco_fogo": null, "bioma": "Caatinga", "id_0": 33, "id_1": 28, "id_2": 2805604, "continente_id": 8, "vegetacao": null, "grade_wrs": "215_067", "frp": 2}, "bbox": [-37.47216, -9.79874, -37.47216, -9.79874]}, {"type": "Feature", "id": "focos_48h_br_todosats.fid--211a0569_19dad572493_a10", "geometry": {"type": "Point", "coordinates": [-46.83584, -17.16658]}, "geometry_name": "geometria", "properties": {"id_foco_bdq": 1814794218, "foco_id": "54f9a7af-a0c8-304b-a551-bab25ddddff4", "longitude": -46.83584, "latitude": -17.16658, "data_hora_gmt": "2026-04-20T03:47:00Z", "data_pas": "2026-04-20", "satelite": "NPP-375D", "municipio": "PARACATU", "estado": "MINAS GERAIS", "pais": "Brasil", "precipitacao": null, "numero_dias_sem_chuva": null, "risco_fogo": null, "bioma": "Cerrado", "id_0": 33, "id_1": 31, "id_2": 3147006, "continente_id": 8, "vegetacao": null, "grade_wrs": "220_072", "frp": 3.8}, "bbox": [-46.83584, -17.16658, -46.83584, -17.16658]}, {"type": "Feature", "id": "focos_48h_br_todosats.fid--211a0569_19dad572493_a11", "geometry": {"type": "Point", "coordinates": [-37.83723, -11.95638]}, "geometry_name": "geometria", "properties": {"id_foco_bdq": 1814794194, "foco_id": "d0646f48-373d-32d4-b94a-e81b029c08d0", "longitude": -37.83723, "latitude": -11.95638, "data_hora_gmt": "2026-04-20T03:47:00Z", "data_pas": "2026-04-20", "satelite": "NPP-375D", "municipio": "ESPLANADA", "estado": "BAHIA", "pais": "Brasil", "precipitacao": null, "numero_dias_sem_chuva": null, "risco_fogo": null, "bioma": "Mata Atlântica", "id_0": 33, "id_1": 29, "id_2": 2910602, "continente_id": 8, "vegetacao": null, "grade_wrs": "215_068", "frp": 0.9}, "bbox": [-37.83723, -11.95638, -37.83723, -11.95638]}, {"type": "Feature", "id": "focos_48h_br_todosats.fid--211a0569_19dad572493_a12", "geometry": {"type": "Point", "coordinates": [-43.07563, -22.48538]}, "geometry_name": "geometria", "properties": {"id_foco_bdq": 1814794119, "foco_id": "e976ada1-3979-38e2-98fb-3e33280e1907", "longitude": -43.07563, "latitude": -22.48538, "data_hora_gmt": "2026-04-20T03:47:00Z", "data_pas": "2026-04-20", "satelite": "NPP-375D", "municipio": "PETRÓPOLIS", "estado": "RIO DE JANEIRO", "pais": "Brasil", "precipitacao": null, "numero_dias_sem_chuva": null, "risco_fogo": null, "bioma": "Mata Atlântica", "id_0": 33, "id_1": 33, "id_2": 3303906, "continente_id": 8, "vegetacao": null, "grade_wrs": "217_076", "frp": 0.7}, "bbox": [-43.07563, -22.48538, -43.07563, -22.48538]}, {"type": "Feature", "id": "focos_48h_br_todosats.fid--211a0569_19dad572493_a13", "geometry": {"type": "Point", "coordinates": [-42.66359, -17.25238]}, "geometry_name": "geometria", "properties": {"id_foco_bdq": 1814796276, "foco_id": "4fb715fb-763f-399f-88e4-75cfde3c9483", "longitude": -42.66359, "latitude": -17.25238, "data_hora_gmt": "2026-04-20T03:47:00Z", "data_pas": "2026-04-20", "satelite": "NPP-375D", "municipio": "MINAS NOVAS", "estado": "MINAS GERAIS", "pais": "Brasil", "precipitacao": null, "numero_dias_sem_chuva": null, "risco_fogo": null, "bioma": "Cerrado", "id_0": 33, "id_1": 31, "id_2": 3141801, "continente_id": 8, "vegetacao": null, "grade_wrs": "217_072", "frp": 9.7}, "bbox": [-42.66359, -17.25238, -42.66359, -17.25238]}, {"type": "Feature", "id": "focos_48h_br_todosats.fid--211a0569_19dad572493_a14", "geometry": {"type": "Point", "coordinates": [-37.83029, -11.96486]}, "geometry_name": "geometria", "properties": {"id_foco_bdq": 1814795150, "foco_id": "3a672b39-9e7a-393f-83a4-67604d808fdb", "longitude": -37.83029, "latitude": -11.96486, "data_hora_gmt": "2026-04-20T03:47:00Z", "data_pas": "2026-04-20", "satelite": "NPP-375D", "municipio": "ESPLANADA", "estado": "BAHIA", "pais": "Brasil", "precipitacao": null, "numero_dias_sem_chuva": null, "risco_fogo": null, "bioma": "Mata Atlântica", "id_0": 33, "id_1": 29, "id_2": 2910602, "continente_id": 8, "vegetacao": null, "grade_wrs": "215_068", "frp": 0.9}, "bbox": [-37.83029, -11.96486, -37.83029, -11.96486]}, {"type": "Feature", "id": "focos_48h_br_todosats.fid--211a0569_19dad572493_a15", "geometry": {"type": "Point", "coordinates": [-43.07225, -22.49025]}, "geometry_name": "geometria", "properties": {"id_foco_bdq": 1814796586, "foco_id": "d9819b0e-c7dc-3786-937c-1f628d59be32", "longitude": -43.07225, "latitude": -22.49025, "data_hora_gmt": "2026-04-20T03:47:00Z", "data_pas": "2026-04-20", "satelite": "NPP-375D", "municipio": "MAGÉ", "estado": "RIO DE JANEIRO", "pais": "Brasil", "precipitacao": null, "numero_dias_sem_chuva": null, "risco_fogo": null, "bioma": "Mata Atlântica", "id_0": 33, "id_1": 33, "id_2": 3302502, "continente_id": 8, "vegetacao": null, "grade_wrs": "217_076", "frp": 0.6}, "bbox": [-43.07225, -22.49025, -43.07225, -22.49025]}, {"type": "Feature", "id": "focos_48h_br_todosats.fid--211a0569_19dad572493_a16", "geometry": {"type": "Point", "coordinates": [-42.66725, -17.24717]}, "geometry_name": "geometria", "properties": {"id_foco_bdq": 1814795027, "foco_id": "d3ccb9f0-f458-3ac0-98a9-fa14e0eb9735", "longitude": -42.66725, "latitude": -17.24717, "data_hora_gmt": "2026-04-20T03:47:00Z", "data_pas": "2026-04-20", "satelite": "NPP-375D", "municipio": "MINAS NOVAS", "estado": "MINAS GERAIS", "pais": "Brasil", "precipitacao": null, "numero_dias_sem_chuva": null, "risco_fogo": null, "bioma": "Cerrado", "id_0": 33, "id_1": 31, "id_2": 3141801, "continente_id": 8, "vegetacao": null, "grade_wrs": "217_072", "frp": 9.4}, "bbox": [-42.66725, -17.24717, -42.66725, -17.24717]}, {"type": "Feature", "id": "focos_48h_br_todosats.fid--211a0569_19dad572493_a17", "geometry": {"type": "Point", "coordinates": [-43.07626, -22.48948]}, "geometry_name": "geometria", "properties": {"id_foco_bdq": 1814794939, "foco_id": "168e88c5-4c46-3446-af14-a26d1e2ecf81", "longitude": -43.07626, "latitude": -22.48948, "data_hora_gmt": "2026-04-20T03:47:00Z", "data_pas": "2026-04-20", "satelite": "NPP-375D", "municipio": "MAGÉ", "estado": "RIO DE JANEIRO", "pais": "Brasil", "precipitacao": null, "numero_dias_sem_chuva": null, "risco_fogo": null, "bioma": "Mata Atlântica", "id_0": 33, "id_1": 33, "id_2": 3302502, "continente_id": 8, "vegetacao": null, "grade_wrs": "217_076", "frp": 0.7}, "bbox": [-43.07626, -22.48948, -43.07626, -22.48948]}, {"type": "Feature", "id": "focos_48h_br_todosats.fid--211a0569_19dad572493_a18", "geometry": {"type": "Point", "coordinates": [-43.06978, -22.49495]}, "geometry_name": "geometria", "properties": {"id_foco_bdq": 1814794910, "foco_id": "458c392b-89e0-3616-94f2-591801929b83", "longitude": -43.06978, "latitude": -22.49495, "data_hora_gmt": "2026-04-20T03:47:00Z", "data_pas": "2026-04-20", "satelite": "NPP-375D", "municipio": "MAGÉ", "estado": "RIO DE JANEIRO", "pais": "Brasil", "precipitacao": null, "numero_dias_sem_chuva": null, "risco_fogo": null, "bioma": "Mata Atlântica", "id_0": 33, "id_1": 33, "id_2": 3302502, "continente_id": 8, "vegetacao": null, "grade_wrs": "217_076", "frp": 0.8}, "bbox": [-43.06978, -22.49495, -43.06978, -22.49495]}, {"type": "Feature", "id": "focos_48h_br_todosats.fid--211a0569_19dad572493_a19", "geometry": {"type": "Point", "coordinates": [-42.66822, -17.2515]}, "geometry_name": "geometria", "properties": {"id_foco_bdq": 1814795625, "foco_id": "5c49b6ee-d8e1-3ec4-bbc1-d7a9631078e3", "longitude": -42.66822, "latitude": -17.2515, "data_hora_gmt": "2026-04-20T03:47:00Z", "data_pas": "2026-04-20", "satelite": "NPP-375D", "municipio": "MINAS NOVAS", "estado": "MINAS GERAIS", "pais": "Brasil", "precipitacao": null, "numero_dias_sem_chuva": null, "risco_fogo": null, "bioma": "Cerrado", "id_0": 33, "id_1": 31, "id_2": 3141801, "continente_id": 8, "vegetacao": null, "grade_wrs": "217_072", "frp": 9.4}, "bbox": [-42.66822, -17.2515, -42.66822, -17.2515]}, {"type": "Feature", "id": "focos_48h_br_todosats.fid--211a0569_19dad572493_a1a", "geometry": {"type": "Point", "coordinates": [-44.44349, -13.63289]}, "geometry_name": "geometria", "properties": {"id_foco_bdq": 1814795848, "foco_id": "31a34e32-827f-3db6-ab14-572f467072a6", "longitude": -44.44349, "latitude": -13.63289, "data_hora_gmt": "2026-04-20T03:47:00Z", "data_pas": "2026-04-20", "satelite": "NPP-375D", "municipio": "CORIBE", "estado": "BAHIA", "pais": "Brasil", "precipitacao": null, "numero_dias_sem_chuva": null, "risco_fogo": null, "bioma": "Cerrado", "id_0": 33, "id_1": 29, "id_2": 2909109, "continente_id": 8, "vegetacao": null, "grade_wrs": "219_069", "frp": 2.3}, "bbox": [-44.44349, -13.63289, -44.44349, -13.63289]}, {"type": "Feature", "id": "focos_48h_br_todosats.fid--211a0569_19dad572493_a1b", "geometry": {"type": "Point", "coordinates": [-44.03035, -13.47109]}, "geometry_name": "geometria", "properties": {"id_foco_bdq": 1814794760, "foco_id": "0bbf76d9-0792-369c-ae5f-2dd8bb6df4aa", "longitude": -44.03035, "latitude": -13.47109, "data_hora_gmt": "2026-04-20T03:47:00Z", "data_pas": "2026-04-20", "satelite": "NPP-375D", "municipio": "SÃO FÉLIX DO CORIBE", "estado": "BAHIA", "pais": "Brasil", "precipitacao": null, "numero_dias_sem_chuva": null, "risco_fogo": null, "bioma": "Cerrado", "id_0": 33, "id_1": 29, "id_2": 2929057, "continente_id": 8, "vegetacao": null, "grade_wrs": "219_069", "frp": 3.4}, "bbox": [-44.03035, -13.47109, -44.03035, -13.47109]}, {"type": "Feature", "id": "focos_48h_br_todosats.fid--211a0569_19dad572493_a1c", "geometry": {"type": "Point", "coordinates": [-44.03436, -13.47559]}, "geometry_name": "geometria", "properties": {"id_foco_bdq": 1814794745, "foco_id": "a85d5886-a16e-38cc-bd97-e6b0e3e8a7f2", "longitude": -44.03436, "latitude": -13.47559, "data_hora_gmt": "2026-04-20T03:47:00Z", "data_pas": "2026-04-20", "satelite": "NPP-375D", "municipio": "SÃO FÉLIX DO CORIBE", "estado": "BAHIA", "pais": "Brasil", "precipitacao": null, "numero_dias_sem_chuva": null, "risco_fogo": null, "bioma": "Cerrado", "id_0": 33, "id_1": 29, "id_2": 2929057, "continente_id": 8, "vegetacao": null, "grade_wrs": "219_069", "frp": 0.7}, "bbox": [-44.03436, -13.47559, -44.03436, -13.47559]}, {"type": "Feature", "id": "focos_48h_br_todosats.fid--211a0569_19dad572493_a1d", "geometry": {"type": "Point", "coordinates": [-46.83199, -17.1674]}, "geometry_name": "geometria", "properties": {"id_foco_bdq": 1814796051, "foco_id": "05d92c7b-263b-39c8-af01-26a120fe3cd9", "longitude": -46.83199, "latitude": -17.1674, "data_hora_gmt": "2026-04-20T03:47:00Z", "data_pas": "2026-04-20", "satelite": "NPP-375D", "municipio": "PARACATU", "estado": "MINAS GERAIS", "pais": "Brasil", "precipitacao": null, "numero_dias_sem_chuva": null, "risco_fogo": null, "bioma": "Cerrado", "id_0": 33, "id_1": 31, "id_2": 3147006, "continente_id": 8, "vegetacao": null, "grade_wrs": "220_072", "frp": 3.8}, "bbox": [-46.83199, -17.1674, -46.83199, -17.1674]}, {"type": "Feature", "id": "focos_48h_br_todosats.fid--211a0569_19dad572493_a1e", "geometry": {"type": "Point", "coordinates": [-43.07747, -22.49347]}, "geometry_name": "geometria", "properties": {"id_foco_bdq": 1814793682, "foco_id": "12d0a939-3adc-35dc-b1eb-445abc941e2b", "longitude": -43.07747, "latitude": -22.49347, "data_hora_gmt": "2026-04-20T03:47:00Z", "data_pas": "2026-04-20", "satelite": "NPP-375D", "municipio": "PETRÓPOLIS", "estado": "RIO DE JANEIRO", "pais": "Brasil", "precipitacao": null, "numero_dias_sem_chuva": null, "risco_fogo": null, "bioma": "Mata Atlântica", "id_0": 33, "id_1": 33, "id_2": 3303906, "continente_id": 8, "vegetacao": null, "grade_wrs": "217_076", "frp": 0.4}, "bbox": [-43.07747, -22.49347, -43.07747, -22.49347]}, {"type": "Feature", "id": "focos_48h_br_todosats.fid--211a0569_19dad572493_a1f", "geometry": {"type": "Point", "coordinates": [-43.07359, -22.49422]}, "geometry_name": "geometria", "properties": {"id_foco_bdq": 1814794575, "foco_id": "e2dbd12a-34ac-346b-8e91-db9f322373d7", "longitude": -43.07359, "latitude": -22.49422, "data_hora_gmt": "2026-04-20T03:47:00Z", "data_pas": "2026-04-20", "satelite": "NPP-375D", "municipio": "MAGÉ", "estado": "RIO DE JANEIRO", "pais": "Brasil", "precipitacao": null, "numero_dias_sem_chuva": null, "risco_fogo": null, "bioma": "Mata Atlântica", "id_0": 33, "id_1": 33, "id_2": 3302502, "continente_id": 8, "vegetacao": null, "grade_wrs": "217_076", "frp": 0.8}, "bbox": [-43.07359, -22.49422, -43.07359, -22.49422]}, {"type": "Feature", "id": "focos_48h_br_todosats.fid--211a0569_19dad572493_a20", "geometry": {"type": "Point", "coordinates": [-42.66267, -17.24804]}, "geometry_name": "geometria", "properties": {"id_foco_bdq": 1814795303, "foco_id": "cb83cacb-a16b-324a-bf53-6b8ce3fd2de8", "longitude": -42.66267, "latitude": -17.24804, "data_hora_gmt": "2026-04-20T03:47:00Z", "data_pas": "2026-04-20", "satelite": "NPP-375D", "municipio": "MINAS NOVAS", "estado": "MINAS GERAIS", "pais": "Brasil", "precipitacao": null, "numero_dias_sem_chuva": null, "risco_fogo": null, "bioma": "Cerrado", "id_0": 33, "id_1": 31, "id_2": 3141801, "continente_id": 8, "vegetacao": null, "grade_wrs": "217_072", "frp": 9.7}, "bbox": [-42.66267, -17.24804, -42.66267, -17.24804]}, {"type": "Feature", "id": "focos_48h_br_todosats.fid--211a0569_19dad572493_a21", "geometry": {"type": "Point", "coordinates": [-44.03339, -13.47049]}, "geometry_name": "geometria", "properties": {"id_foco_bdq": 1814794410, "foco_id": "d7d4da33-35ff-36fc-afa7-696a02c499fc", "longitude": -44.03339, "latitude": -13.47049, "data_hora_gmt": "2026-04-20T03:47:00Z", "data_pas": "2026-04-20", "satelite": "NPP-375D", "municipio": "SÃO FÉLIX DO CORIBE", "estado": "BAHIA", "pais": "Brasil", "precipitacao": null, "numero_dias_sem_chuva": null, "risco_fogo": null, "bioma": "Cerrado", "id_0": 33, "id_1": 29, "id_2": 2929057, "continente_id": 8, "vegetacao": null, "grade_wrs": "219_069", "frp": 3.4}, "bbox": [-44.03339, -13.47049, -44.03339, -13.47049]}, {"type": "Feature", "id": "focos_48h_br_todosats.fid--211a0569_19dad572493_a22", "geometry": {"type": "Point", "coordinates": [-46.11139, -21.96087]}, "geometry_name": "geometria", "properties": {"id_foco_bdq": 1814795508, "foco_id": "3b043067-d781-34d6-ac4e-765b461d4ab8", "longitude": -46.11139, "latitude": -21.96087, "data_hora_gmt": "2026-04-20T03:47:00Z", "data_pas": "2026-04-20", "satelite": "NPP-375D", "municipio": "IPUIÚNA", "estado": "MINAS GERAIS", "pais": "Brasil", "precipitacao": null, "numero_dias_sem_chuva": null, "risco_fogo": null, "bioma": "Mata Atlântica", "id_0": 33, "id_1": 31, "id_2": 3131505, "continente_id": 8, "vegetacao": null, "grade_wrs": "219_075", "frp": 3.9}, "bbox": [-46.11139, -21.96087, -46.11139, -21.96087]}, {"type": "Feature", "id": "focos_48h_br_todosats.fid--211a0569_19dad572493_a23", "geometry": {"type": "Point", "coordinates": [-44.03129, -13.47619]}, "geometry_name": "geometria", "properties": {"id_foco_bdq": 1814796189, "foco_id": "73183ed1-f205-3fd3-8a2d-19f6e22f4480", "longitude": -44.03129, "latitude": -13.47619, "data_hora_gmt": "2026-04-20T03:47:00Z", "data_pas": "2026-04-20", "satelite": "NPP-375D", "municipio": "SÃO FÉLIX DO CORIBE", "estado": "BAHIA", "pais": "Brasil", "precipitacao": null, "numero_dias_sem_chuva": null, "risco_fogo": null, "bioma": "Cerrado", "id_0": 33, "id_1": 29, "id_2": 2929057, "continente_id": 8, "vegetacao": null, "grade_wrs": "219_069", "frp": 0.7}, "bbox": [-44.03129, -13.47619, -44.03129, -13.47619]}, {"type": "Feature", "id": "focos_48h_br_todosats.fid--211a0569_19dad572493_a24", "geometry": {"type": "Point", "coordinates": [-49.97492, -27.75662]}, "geometry_name": "geometria", "properties": {"id_foco_bdq": 1814795221, "foco_id": "7837714d-5160-3da4-83bd-a63c1db01cb3", "longitude": -49.97492, "latitude": -27.75662, "data_hora_gmt": "2026-04-20T03:49:00Z", "data_pas": "2026-04-20", "satelite": "NPP-375D", "municipio": "BOCAINA DO SUL", "estado": "SANTA CATARINA", "pais": "Brasil", "precipitacao": null, "numero_dias_sem_chuva": null, "risco_fogo": null, "bioma": "Mata Atlântica", "id_0": 33, "id_1": 42, "id_2": 4202438, "continente_id": 8, "vegetacao": null, "grade_wrs": "220_079", "frp": 2}, "bbox": [-49.97492, -27.75662, -49.97492, -27.75662]}, {"type": "Feature", "id": "focos_48h_br_todosats.fid--211a0569_19dad572493_a25", "geometry": {"type": "Point", "coordinates": [-51.22679, -24.17378]}, "geometry_name": "geometria", "properties": {"id_foco_bdq": 1814795164, "foco_id": "a925ac0b-d263-3773-a2e6-e81f8cdcabbd", "longitude": -51.22679, "latitude": -24.17378, "data_hora_gmt": "2026-04-20T03:49:00Z", "data_pas": "2026-04-20", "satelite": "NPP-375D", "municipio": "ORTIGUEIRA", "estado": "PARANÁ", "pais": "Brasil", "precipitacao": null, "numero_dias_sem_chuva": null, "risco_fogo": null, "bioma": "Mata Atlântica", "id_0": 33, "id_1": 41, "id_2": 4117305, "continente_id": 8, "vegetacao": null, "grade_wrs": "222_077", "frp": 2.3}, "bbox": [-51.22679, -24.17378, -51.22679, -24.17378]}, {"type": "Feature", "id": "focos_48h_br_todosats.fid--211a0569_19dad572493_a26", "geometry": {"type": "Point", "coordinates": [-45.01467, -19.84397]}, "geometry_name": "geometria", "properties": {"id_foco_bdq": 1814796444, "foco_id": "fd306e4d-0006-3490-9165-72aef80c9756", "longitude": -45.01467, "latitude": -19.84397, "data_hora_gmt": "2026-04-20T03:49:00Z", "data_pas": "2026-04-20", "satelite": "NPP-375D", "municipio": "NOVA SERRANA", "estado": "MINAS GERAIS", "pais": "Brasil", "precipitacao": null, "numero_dias_sem_chuva": null, "risco_fogo": null, "bioma": "Cerrado", "id_0": 33, "id_1": 31, "id_2": 3145208, "continente_id": 8, "vegetacao": null, "grade_wrs": "219_074", "frp": 6.8}, "bbox": [-45.01467, -19.84397, -45.01467, -19.84397]}, {"type": "Feature", "id": "focos_48h_br_todosats.fid--211a0569_19dad572493_a27", "geometry": {"type": "Point", "coordinates": [-51.23223, -24.17241]}, "geometry_name": "geometria", "properties": {"id_foco_bdq": 1814796129, "foco_id": "fc7399a0-7486-322d-a769-5f290eeb4bd1", "longitude": -51.23223, "latitude": -24.17241, "data_hora_gmt": "2026-04-20T03:49:00Z", "data_pas": "2026-04-20", "satelite": "NPP-375D", "municipio": "ORTIGUEIRA", "estado": "PARANÁ", "pais": "Brasil", "precipitacao": null, "numero_dias_sem_chuva": null, "risco_fogo": null, "bioma": "Mata Atlântica", "id_0": 33, "id_1": 41, "id_2": 4117305, "continente_id": 8, "vegetacao": null, "grade_wrs": "222_077", "frp": 4.7}, "bbox": [-51.23223, -24.17241, -51.23223, -24.17241]}, {"type": "Feature", "id": "focos_48h_br_todosats.fid--211a0569_19dad572493_a28", "geometry": {"type": "Point", "coordinates": [-45.02027, -19.84283]}, "geometry_name": "geometria", "properties": {"id_foco_bdq": 1814793945, "foco_id": "edb74e14-8198-319d-9c1d-8454767d0059", "longitude": -45.02027, "latitude": -19.84283, "data_hora_gmt": "2026-04-20T03:49:00Z", "data_pas": "2026-04-20", "satelite": "NPP-375D", "municipio": "NOVA SERRANA", "estado": "MINAS GERAIS", "pais": "Brasil", "precipitacao": null, "numero_dias_sem_chuva": null, "risco_fogo": null, "bioma": "Cerrado", "id_0": 33, "id_1": 31, "id_2": 3145208, "continente_id": 8, "vegetacao": null, "grade_wrs": "219_074", "frp": 15.6}, "bbox": [-45.02027, -19.84283, -45.02027, -19.84283]}, {"type": "Feature", "id": "focos_48h_br_todosats.fid--211a0569_19dad572493_a29", "geometry": {"type": "Point", "coordinates": [-49.40011, -25.1775]}, "geometry_name": "geometria", "properties": {"id_foco_bdq": 1814793938, "foco_id": "a9bf761e-812e-33c7-bc18-e0f01c5a3e68", "longitude": -49.40011, "latitude": -25.1775, "data_hora_gmt": "2026-04-20T03:49:00Z", "data_pas": "2026-04-20", "satelite": "NPP-375D", "municipio": "ITAPERUÇU", "estado": "PARANÁ", "pais": "Brasil", "precipitacao": null, "numero_dias_sem_chuva": null, "risco_fogo": null, "bioma": "Mata Atlântica", "id_0": 33, "id_1": 41, "id_2": 4111258, "continente_id": 8, "vegetacao": null, "grade_wrs": "221_077", "frp": 3.1}, "bbox": [-49.40011, -25.1775, -49.40011, -25.1775]}, {"type": "Feature", "id": "focos_48h_br_todosats.fid--211a0569_19dad572493_a2a", "geometry": {"type": "Point", "coordinates": [-37.46847, -9.79738]}, "geometry_name": "geometria", "properties": {"id_foco_bdq": 1814795339, "foco_id": "727481e6-32c8-33d9-b223-ebe95e6e8ff1", "longitude": -37.46847, "latitude": -9.79738, "data_hora_gmt": "2026-04-20T04:04:00Z", "data_pas": "2026-04-20", "satelite": "NOAA-20", "municipio": "PORTO DA FOLHA", "estado": "SERGIPE", "pais": "Brasil", "precipitacao": null, "numero_dias_sem_chuva": null, "risco_fogo": null, "bioma": "Caatinga", "id_0": 33, "id_1": 28, "id_2": 2805604, "continente_id": 8, "vegetacao": null, "grade_wrs": "215_067", "frp": 1.4}, "bbox": [-37.46847, -9.79738, -37.46847, -9.79738]}, {"type": "Feature", "id": "focos_48h_br_todosats.fid--211a0569_19dad572493_a2b", "geometry": {"type": "Point", "coordinates": [-37.46901, -9.801]}, "geometry_name": "geometria", "properties": {"id_foco_bdq": 1814796224, "foco_id": "b277fae4-4536-3d6b-82e8-58837386af28", "longitude": -37.46901, "latitude": -9.801, "data_hora_gmt": "2026-04-20T04:04:00Z", "data_pas": "2026-04-20", "satelite": "NOAA-20", "municipio": "PORTO DA FOLHA", "estado": "SERGIPE", "pais": "Brasil", "precipitacao": null, "numero_dias_sem_chuva": null, "risco_fogo": null, "bioma": "Caatinga", "id_0": 33, "id_1": 28, "id_2": 2805604, "continente_id": 8, "vegetacao": null, "grade_wrs": "215_067", "frp": 1.4}, "bbox": [-37.46901, -9.801, -37.46901, -9.801]}, {"type": "Feature", "id": "focos_48h_br_todosats.fid--211a0569_19dad572493_a2c", "geometry": {"type": "Point", "coordinates": [-38.44186, -9.94674]}, "geometry_name": "geometria", "properties": {"id_foco_bdq": 1814793818, "foco_id": "6037f52a-73dd-3684-b4bc-69363996ec4a", "longitude": -38.44186, "latitude": -9.94674, "data_hora_gmt": "2026-04-20T04:04:00Z", "data_pas": "2026-04-20", "satelite": "NOAA-20", "municipio": "JEREMOABO", "estado": "BAHIA", "pais": "Brasil", "precipitacao": null, "numero_dias_sem_chuva": null, "risco_fogo": null, "bioma": "Caatinga", "id_0": 33, "id_1": 29, "id_2": 2918100, "continente_id": 8, "vegetacao": null, "grade_wrs": "216_067", "frp": 1}, "bbox": [-38.44186, -9.94674, -38.44186, -9.94674]}, {"type": "Feature", "id": "focos_48h_br_todosats.fid--211a0569_19dad572493_a2d", "geometry": {"type": "Point", "coordinates": [-37.47805, -9.80334]}, "geometry_name": "geometria", "properties": {"id_foco_bdq": 1814793837, "foco_id": "b6524403-9359-37af-b676-cfb14bddf18a", "longitude": -37.47805, "latitude": -9.80334, "data_hora_gmt": "2026-04-20T04:04:00Z", "data_pas": "2026-04-20", "satelite": "NOAA-20", "municipio": "PORTO DA FOLHA", "estado": "SERGIPE", "pais": "Brasil", "precipitacao": null, "numero_dias_sem_chuva": null, "risco_fogo": null, "bioma": "Caatinga", "id_0": 33, "id_1": 28, "id_2": 2805604, "continente_id": 8, "vegetacao": null, "grade_wrs": "215_067", "frp": 0.7}, "bbox": [-37.47805, -9.80334, -37.47805, -9.80334]}, {"type": "Feature", "id": "focos_48h_br_todosats.fid--211a0569_19dad572493_a2e", "geometry": {"type": "Point", "coordinates": [-37.4775, -9.79972]}, "geometry_name": "geometria", "properties": {"id_foco_bdq": 1814793825, "foco_id": "8861d268-1ae8-3a6e-8348-a8c71f76237c", "longitude": -37.4775, "latitude": -9.79972, "data_hora_gmt": "2026-04-20T04:04:00Z", "data_pas": "2026-04-20", "satelite": "NOAA-20", "municipio": "PORTO DA FOLHA", "estado": "SERGIPE", "pais": "Brasil", "precipitacao": null, "numero_dias_sem_chuva": null, "risco_fogo": null, "bioma": "Caatinga", "id_0": 33, "id_1": 28, "id_2": 2805604, "continente_id": 8, "vegetacao": null, "grade_wrs": "215_067", "frp": 1.2}, "bbox": [-37.4775, -9.79972, -37.4775, -9.79972]}, {"type": "Feature", "id": "focos_48h_br_todosats.fid--211a0569_19dad572493_a2f", "geometry": {"type": "Point", "coordinates": [-37.47272, -9.79673]}, "geometry_name": "geometria", "properties": {"id_foco_bdq": 1814794492, "foco_id": "b252147e-892e-3fc8-9a23-e309de236315", "longitude": -37.47272, "latitude": -9.79673, "data_hora_gmt": "2026-04-20T04:04:00Z", "data_pas": "2026-04-20", "satelite": "NOAA-20", "municipio": "PORTO DA FOLHA", "estado": "SERGIPE", "pais": "Brasil", "precipitacao": null, "numero_dias_sem_chuva": null, "risco_fogo": null, "bioma": "Caatinga", "id_0": 33, "id_1": 28, "id_2": 2805604, "continente_id": 8, "vegetacao": null, "grade_wrs": "215_067", "frp": 1.4}, "bbox": [-37.47272, -9.79673, -37.47272, -9.79673]}, {"type": "Feature", "id": "focos_48h_br_todosats.fid--211a0569_19dad572493_a30", "geometry": {"type": "Point", "coordinates": [-37.47382, -9.80398]}, "geometry_name": "geometria", "properties": {"id_foco_bdq": 1814793905, "foco_id": "9757a5bf-d39a-3df1-8e44-af3916c8d031", "longitude": -37.47382, "latitude": -9.80398, "data_hora_gmt": "2026-04-20T04:04:00Z", "data_pas": "2026-04-20", "satelite": "NOAA-20", "municipio": "PORTO DA FOLHA", "estado": "SERGIPE", "pais": "Brasil", "precipitacao": null, "numero_dias_sem_chuva": null, "risco_fogo": null, "bioma": "Caatinga", "id_0": 33, "id_1": 28, "id_2": 2805604, "continente_id": 8, "vegetacao": null, "grade_wrs": "215_067", "frp": 1.9}, "bbox": [-37.47382, -9.80398, -37.47382, -9.80398]}, {"type": "Feature", "id": "focos_48h_br_todosats.fid--211a0569_19dad572493_a31", "geometry": {"type": "Point", "coordinates": [-38.44574, -9.94615]}, "geometry_name": "geometria", "properties": {"id_foco_bdq": 1814795290, "foco_id": "1bff8c8f-6779-3c20-be01-ae830cb2a160", "longitude": -38.44574, "latitude": -9.94615, "data_hora_gmt": "2026-04-20T04:04:00Z", "data_pas": "2026-04-20", "satelite": "NOAA-20", "municipio": "JEREMOABO", "estado": "BAHIA", "pais": "Brasil", "precipitacao": null, "numero_dias_sem_chuva": null, "risco_fogo": null, "bioma": "Caatinga", "id_0": 33, "id_1": 29, "id_2": 2918100, "continente_id": 8, "vegetacao": null, "grade_wrs": "216_067", "frp": 5.8}, "bbox": [-38.44574, -9.94615, -38.44574, -9.94615]}, {"type": "Feature", "id": "focos_48h_br_todosats.fid--211a0569_19dad572493_a32", "geometry": {"type": "Point", "coordinates": [-37.47327, -9.80036]}, "geometry_name": "geometria", "properties": {"id_foco_bdq": 1814794740, "foco_id": "1aee4d56-ce9b-3559-8c98-118596a691b4", "longitude": -37.47327, "latitude": -9.80036, "data_hora_gmt": "2026-04-20T04:04:00Z", "data_pas": "2026-04-20", "satelite": "NOAA-20", "municipio": "PORTO DA FOLHA", "estado": "SERGIPE", "pais": "Brasil", "precipitacao": null, "numero_dias_sem_chuva": null, "risco_fogo": null, "bioma": "Caatinga", "id_0": 33, "id_1": 28, "id_2": 2805604, "continente_id": 8, "vegetacao": null, "grade_wrs": "215_067", "frp": 1.4}, "bbox": [-37.47327, -9.80036, -37.47327, -9.80036]}, {"type": "Feature", "id": "focos_48h_br_todosats.fid--211a0569_19dad572493_a33", "geometry": {"type": "Point", "coordinates": [-37.04371, -9.66583]}, "geometry_name": "geometria", "properties": {"id_foco_bdq": 1814794717, "foco_id": "16fec99e-1633-3e91-abe4-5af2388c6040", "longitude": -37.04371, "latitude": -9.66583, "data_hora_gmt": "2026-04-20T04:04:00Z", "data_pas": "2026-04-20", "satelite": "NOAA-20", "municipio": "JARAMATAIA", "estado": "ALAGOAS", "pais": "Brasil", "precipitacao": null, "numero_dias_sem_chuva": null, "risco_fogo": null, "bioma": "Caatinga", "id_0": 33, "id_1": 27, "id_2": 2703700, "continente_id": 8, "vegetacao": null, "grade_wrs": "215_067", "frp": 0.4}, "bbox": [-37.04371, -9.66583, -37.04371, -9.66583]}, {"type": "Feature", "id": "focos_48h_br_todosats.fid--211a0569_19dad572493_a34", "geometry": {"type": "Point", "coordinates": [-42.66057, -17.24754]}, "geometry_name": "geometria", "properties": {"id_foco_bdq": 1814795732, "foco_id": "0ee83315-764f-3926-9fee-58f063e5e1e3", "longitude": -42.66057, "latitude": -17.24754, "data_hora_gmt": "2026-04-20T04:06:00Z", "data_pas": "2026-04-20", "satelite": "NOAA-20", "municipio": "MINAS NOVAS", "estado": "MINAS GERAIS", "pais": "Brasil", "precipitacao": null, "numero_dias_sem_chuva": null, "risco_fogo": null, "bioma": "Cerrado", "id_0": 33, "id_1": 31, "id_2": 3141801, "continente_id": 8, "vegetacao": null, "grade_wrs": "217_072", "frp": 13.3}, "bbox": [-42.66057, -17.24754, -42.66057, -17.24754]}, {"type": "Feature", "id": "focos_48h_br_todosats.fid--211a0569_19dad572493_a35", "geometry": {"type": "Point", "coordinates": [-46.93334, -14.552]}, "geometry_name": "geometria", "properties": {"id_foco_bdq": 1814796358, "foco_id": "1d45652f-3624-33c0-8ef7-ab5d89398aae", "longitude": -46.93334, "latitude": -14.552, "data_hora_gmt": "2026-04-20T04:06:00Z", "data_pas": "2026-04-20", "satelite": "NOAA-20", "municipio": "FLORES DE GOIÁS", "estado": "GOIÁS", "pais": "Brasil", "precipitacao": null, "numero_dias_sem_chuva": null, "risco_fogo": null, "bioma": "Cerrado", "id_0": 33, "id_1": 52, "id_2": 5207907, "continente_id": 8, "vegetacao": null, "grade_wrs": "221_070", "frp": 1.8}, "bbox": [-46.93334, -14.552, -46.93334, -14.552]}, {"type": "Feature", "id": "focos_48h_br_todosats.fid--211a0569_19dad572493_a36", "geometry": {"type": "Point", "coordinates": [-44.02792, -13.46864]}, "geometry_name": "geometria", "properties": {"id_foco_bdq": 1814795476, "foco_id": "867f030b-6144-3b6e-b5f1-33656a28be39", "longitude": -44.02792, "latitude": -13.46864, "data_hora_gmt": "2026-04-20T04:06:00Z", "data_pas": "2026-04-20", "satelite": "NOAA-20", "municipio": "SÃO FÉLIX DO CORIBE", "estado": "BAHIA", "pais": "Brasil", "precipitacao": null, "numero_dias_sem_chuva": null, "risco_fogo": null, "bioma": "Cerrado", "id_0": 33, "id_1": 29, "id_2": 2929057, "continente_id": 8, "vegetacao": null, "grade_wrs": "219_069", "frp": 0.5}, "bbox": [-44.02792, -13.46864, -44.02792, -13.46864]}, {"type": "Feature", "id": "focos_48h_br_todosats.fid--211a0569_19dad572493_a37", "geometry": {"type": "Point", "coordinates": [-44.44403, -13.63369]}, "geometry_name": "geometria", "properties": {"id_foco_bdq": 1814794694, "foco_id": "33ededc6-817e-3df3-9433-a8b84818f2f2", "longitude": -44.44403, "latitude": -13.63369, "data_hora_gmt": "2026-04-20T04:06:00Z", "data_pas": "2026-04-20", "satelite": "NOAA-20", "municipio": "CORIBE", "estado": "BAHIA", "pais": "Brasil", "precipitacao": null, "numero_dias_sem_chuva": null, "risco_fogo": null, "bioma": "Cerrado", "id_0": 33, "id_1": 29, "id_2": 2909109, "continente_id": 8, "vegetacao": null, "grade_wrs": "219_069", "frp": 3.3}, "bbox": [-44.44403, -13.63369, -44.44403, -13.63369]}, {"type": "Feature", "id": "focos_48h_br_todosats.fid--211a0569_19dad572493_a38", "geometry": {"type": "Point", "coordinates": [-44.0285, -13.47213]}, "geometry_name": "geometria", "properties": {"id_foco_bdq": 1814795235, "foco_id": "e8496cb8-0c67-3d95-97a0-b708f53f46f0", "longitude": -44.0285, "latitude": -13.47213, "data_hora_gmt": "2026-04-20T04:06:00Z", "data_pas": "2026-04-20", "satelite": "NOAA-20", "municipio": "SÃO FÉLIX DO CORIBE", "estado": "BAHIA", "pais": "Brasil", "precipitacao": null, "numero_dias_sem_chuva": null, "risco_fogo": null, "bioma": "Cerrado", "id_0": 33, "id_1": 29, "id_2": 2929057, "continente_id": 8, "vegetacao": null, "grade_wrs": "219_069", "frp": 6.3}, "bbox": [-44.0285, -13.47213, -44.0285, -13.47213]}, {"type": "Feature", "id": "focos_48h_br_todosats.fid--211a0569_19dad572493_a39", "geometry": {"type": "Point", "coordinates": [-46.83308, -17.16718]}, "geometry_name": "geometria", "properties": {"id_foco_bdq": 1814794121, "foco_id": "9f2d3de6-a6d0-3cbf-92ec-f04c69874f62", "longitude": -46.83308, "latitude": -17.16718, "data_hora_gmt": "2026-04-20T04:06:00Z", "data_pas": "2026-04-20", "satelite": "NOAA-20", "municipio": "PARACATU", "estado": "MINAS GERAIS", "pais": "Brasil", "precipitacao": null, "numero_dias_sem_chuva": null, "risco_fogo": null, "bioma": "Cerrado", "id_0": 33, "id_1": 31, "id_2": 3147006, "continente_id": 8, "vegetacao": null, "grade_wrs": "220_072", "frp": 9.7}, "bbox": [-46.83308, -17.16718, -46.83308, -17.16718]}, {"type": "Feature", "id": "focos_48h_br_todosats.fid--211a0569_19dad572493_a3a", "geometry": {"type": "Point", "coordinates": [-46.83789, -17.16631]}, "geometry_name": "geometria", "properties": {"id_foco_bdq": 1814795388, "foco_id": "d6e6ba2c-5761-3a4b-8551-542d2bd7562a", "longitude": -46.83789, "latitude": -17.16631, "data_hora_gmt": "2026-04-20T04:06:00Z", "data_pas": "2026-04-20", "satelite": "NOAA-20", "municipio": "PARACATU", "estado": "MINAS GERAIS", "pais": "Brasil", "precipitacao": null, "numero_dias_sem_chuva": null, "risco_fogo": null, "bioma": "Cerrado", "id_0": 33, "id_1": 31, "id_2": 3147006, "continente_id": 8, "vegetacao": null, "grade_wrs": "220_072", "frp": 9.7}, "bbox": [-46.83789, -17.16631, -46.83789, -17.16631]}, {"type": "Feature", "id": "focos_48h_br_todosats.fid--211a0569_19dad572493_a3b", "geometry": {"type": "Point", "coordinates": [-44.03245, -13.47146]}, "geometry_name": "geometria", "properties": {"id_foco_bdq": 1814795836, "foco_id": "9f1b8747-1e1c-3683-b1ff-d986a251a971", "longitude": -44.03245, "latitude": -13.47146, "data_hora_gmt": "2026-04-20T04:06:00Z", "data_pas": "2026-04-20", "satelite": "NOAA-20", "municipio": "SÃO FÉLIX DO CORIBE", "estado": "BAHIA", "pais": "Brasil", "precipitacao": null, "numero_dias_sem_chuva": null, "risco_fogo": null, "bioma": "Cerrado", "id_0": 33, "id_1": 29, "id_2": 2929057, "continente_id": 8, "vegetacao": null, "grade_wrs": "219_069", "frp": 5.9}, "bbox": [-44.03245, -13.47146, -44.03245, -13.47146]}, {"type": "Feature", "id": "focos_48h_br_todosats.fid--211a0569_19dad572493_a3c", "geometry": {"type": "Point", "coordinates": [-42.66474, -17.25028]}, "geometry_name": "geometria", "properties": {"id_foco_bdq": 1814794997, "foco_id": "a8627418-96bd-30dc-8335-7c24a70cf233", "longitude": -42.66474, "latitude": -17.25028, "data_hora_gmt": "2026-04-20T04:06:00Z", "data_pas": "2026-04-20", "satelite": "NOAA-20", "municipio": "MINAS NOVAS", "estado": "MINAS GERAIS", "pais": "Brasil", "precipitacao": null, "numero_dias_sem_chuva": null, "risco_fogo": null, "bioma": "Cerrado", "id_0": 33, "id_1": 31, "id_2": 3141801, "continente_id": 8, "vegetacao": null, "grade_wrs": "217_072", "frp": 13.3}, "bbox": [-42.66474, -17.25028, -42.66474, -17.25028]}, {"type": "Feature", "id": "focos_48h_br_todosats.fid--211a0569_19dad572493_a3d", "geometry": {"type": "Point", "coordinates": [-42.66417, -17.24697]}, "geometry_name": "geometria", "properties": {"id_foco_bdq": 1814795126, "foco_id": "7faf4be9-9e65-35e9-a987-c3d663441aba", "longitude": -42.66417, "latitude": -17.24697, "data_hora_gmt": "2026-04-20T04:06:00Z", "data_pas": "2026-04-20", "satelite": "NOAA-20", "municipio": "MINAS NOVAS", "estado": "MINAS GERAIS", "pais": "Brasil", "precipitacao": null, "numero_dias_sem_chuva": null, "risco_fogo": null, "bioma": "Cerrado", "id_0": 33, "id_1": 31, "id_2": 3141801, "continente_id": 8, "vegetacao": null, "grade_wrs": "217_072", "frp": 13.3}, "bbox": [-42.66417, -17.24697, -42.66417, -17.24697]}, {"type": "Feature", "id": "focos_48h_br_todosats.fid--211a0569_19dad572493_a3e", "geometry": {"type": "Point", "coordinates": [-47.14925, -22.82866]}, "geometry_name": "geometria", "properties": {"id_foco_bdq": 1814796018, "foco_id": "32f1193d-2260-326f-be52-cb4a037014b3", "longitude": -47.14925, "latitude": -22.82866, "data_hora_gmt": "2026-04-20T04:08:00Z", "data_pas": "2026-04-20", "satelite": "NOAA-20", "municipio": "CAMPINAS", "estado": "SÃO PAULO", "pais": "Brasil", "precipitacao": null, "numero_dias_sem_chuva": null, "risco_fogo": null, "bioma": "Mata Atlântica", "id_0": 33, "id_1": 35, "id_2": 3509502, "continente_id": 8, "vegetacao": null, "grade_wrs": "219_076", "frp": 0.7}, "bbox": [-47.14925, -22.82866, -47.14925, -22.82866]}, {"type": "Feature", "id": "focos_48h_br_todosats.fid--211a0569_19dad572493_a3f", "geometry": {"type": "Point", "coordinates": [-49.59635, -20.03544]}, "geometry_name": "geometria", "properties": {"id_foco_bdq": 1814795695, "foco_id": "80119bb0-36ad-3f1b-8dd3-bb17eee7ee3c", "longitude": -49.59635, "latitude": -20.03544, "data_hora_gmt": "2026-04-20T04:08:00Z", "data_pas": "2026-04-20", "satelite": "NOAA-20", "municipio": "RIOLÂNDIA", "estado": "SÃO PAULO", "pais": "Brasil", "precipitacao": null, "numero_dias_sem_chuva": null, "risco_fogo": null, "bioma": "Mata Atlântica", "id_0": 33, "id_1": 35, "id_2": 3544202, "continente_id": 8, "vegetacao": null, "grade_wrs": "221_074", "frp": 1.4}, "bbox": [-49.59635, -20.03544, -49.59635, -20.03544]}, {"type": "Feature", "id": "focos_48h_br_todosats.fid--211a0569_19dad572493_a40", "geometry": {"type": "Point", "coordinates": [-53.36132, -19.39947]}, "geometry_name": "geometria", "properties": {"id_foco_bdq": 1814795147, "foco_id": "3e9f0401-25a5-3ba0-b836-9f07c9d7f8d9", "longitude": -53.36132, "latitude": -19.39947, "data_hora_gmt": "2026-04-20T04:08:00Z", "data_pas": "2026-04-20", "satelite": "NOAA-20", "municipio": "PARAÍSO DAS ÁGUAS", "estado": "MATO GROSSO DO SUL", "pais": "Brasil", "precipitacao": null, "numero_dias_sem_chuva": null, "risco_fogo": null, "bioma": "Cerrado", "id_0": 33, "id_1": 50, "id_2": 5006275, "continente_id": 8, "vegetacao": null, "grade_wrs": "224_073", "frp": 0.9}, "bbox": [-53.36132, -19.39947, -53.36132, -19.39947]}, {"type": "Feature", "id": "focos_48h_br_todosats.fid--211a0569_19dad572493_a41", "geometry": {"type": "Point", "coordinates": [-43.07163, -22.48919]}, "geometry_name": "geometria", "properties": {"id_foco_bdq": 1814794896, "foco_id": "a1f54d83-e73e-3e86-9e5a-b953db44c223", "longitude": -43.07163, "latitude": -22.48919, "data_hora_gmt": "2026-04-20T04:08:00Z", "data_pas": "2026-04-20", "satelite": "NOAA-20", "municipio": "MAGÉ", "estado": "RIO DE JANEIRO", "pais": "Brasil", "precipitacao": null, "numero_dias_sem_chuva": null, "risco_fogo": null, "bioma": "Mata Atlântica", "id_0": 33, "id_1": 33, "id_2": 3302502, "continente_id": 8, "vegetacao": null, "grade_wrs": "217_076", "frp": 1.5}, "bbox": [-43.07163, -22.48919, -43.07163, -22.48919]}, {"type": "Feature", "id": "focos_48h_br_todosats.fid--211a0569_19dad572493_a42", "geometry": {"type": "Point", "coordinates": [-46.10846, -21.96055]}, "geometry_name": "geometria", "properties": {"id_foco_bdq": 1814794854, "foco_id": "e331bd23-1d31-3ad6-a53b-dfa6fc0a8f39", "longitude": -46.10846, "latitude": -21.96055, "data_hora_gmt": "2026-04-20T04:08:00Z", "data_pas": "2026-04-20", "satelite": "NOAA-20", "municipio": "IPUIÚNA", "estado": "MINAS GERAIS", "pais": "Brasil", "precipitacao": null, "numero_dias_sem_chuva": null, "risco_fogo": null, "bioma": "Mata Atlântica", "id_0": 33, "id_1": 31, "id_2": 3131505, "continente_id": 8, "vegetacao": null, "grade_wrs": "219_075", "frp": 4.4}, "bbox": [-46.10846, -21.96055, -46.10846, -21.96055]}, {"type": "Feature", "id": "focos_48h_br_todosats.fid--211a0569_19dad572493_a43", "geometry": {"type": "Point", "coordinates": [-48.00208, -23.65032]}, "geometry_name": "geometria", "properties": {"id_foco_bdq": 1814795854, "foco_id": "c51b4804-2227-371f-bf66-94edb28bb41a", "longitude": -48.00208, "latitude": -23.65032, "data_hora_gmt": "2026-04-20T04:08:00Z", "data_pas": "2026-04-20", "satelite": "NOAA-20", "municipio": "ITAPETININGA", "estado": "SÃO PAULO", "pais": "Brasil", "precipitacao": null, "numero_dias_sem_chuva": null, "risco_fogo": null, "bioma": "Cerrado", "id_0": 33, "id_1": 35, "id_2": 3522307, "continente_id": 8, "vegetacao": null, "grade_wrs": "220_076", "frp": 1.1}, "bbox": [-48.00208, -23.65032, -48.00208, -23.65032]}, {"type": "Feature", "id": "focos_48h_br_todosats.fid--211a0569_19dad572493_a44", "geometry": {"type": "Point", "coordinates": [-48.00294, -23.64803]}, "geometry_name": "geometria", "properties": {"id_foco_bdq": 1814794741, "foco_id": "9413d96b-1583-37e5-ba52-cb42e4cfe441", "longitude": -48.00294, "latitude": -23.64803, "data_hora_gmt": "2026-04-20T04:08:00Z", "data_pas": "2026-04-20", "satelite": "NOAA-20", "municipio": "ITAPETININGA", "estado": "SÃO PAULO", "pais": "Brasil", "precipitacao": null, "numero_dias_sem_chuva": null, "risco_fogo": null, "bioma": "Cerrado", "id_0": 33, "id_1": 35, "id_2": 3522307, "continente_id": 8, "vegetacao": null, "grade_wrs": "220_076", "frp": 1}, "bbox": [-48.00294, -23.64803, -48.00294, -23.64803]}, {"type": "Feature", "id": "focos_48h_br_todosats.fid--211a0569_19dad572493_a45", "geometry": {"type": "Point", "coordinates": [-53.36005, -19.39397]}, "geometry_name": "geometria", "properties": {"id_foco_bdq": 1814794681, "foco_id": "c54de858-218f-317c-90c1-2c76ae3d1c97", "longitude": -53.36005, "latitude": -19.39397, "data_hora_gmt": "2026-04-20T04:08:00Z", "data_pas": "2026-04-20", "satelite": "NOAA-20", "municipio": "PARAÍSO DAS ÁGUAS", "estado": "MATO GROSSO DO SUL", "pais": "Brasil", "precipitacao": null, "numero_dias_sem_chuva": null, "risco_fogo": null, "bioma": "Cerrado", "id_0": 33, "id_1": 50, "id_2": 5006275, "continente_id": 8, "vegetacao": null, "grade_wrs": "224_073", "frp": 0.9}, "bbox": [-53.36005, -19.39397, -53.36005, -19.39397]}, {"type": "Feature", "id": "focos_48h_br_todosats.fid--211a0569_19dad572493_a46", "geometry": {"type": "Point", "coordinates": [-51.22937, -24.17031]}, "geometry_name": "geometria", "properties": {"id_foco_bdq": 1814796178, "foco_id": "a174ed81-00b9-3e97-9624-4bfe62b841ea", "longitude": -51.22937, "latitude": -24.17031, "data_hora_gmt": "2026-04-20T04:08:00Z", "data_pas": "2026-04-20", "satelite": "NOAA-20", "municipio": "ORTIGUEIRA", "estado": "PARANÁ", "pais": "Brasil", "precipitacao": null, "numero_dias_sem_chuva": null, "risco_fogo": null, "bioma": "Mata Atlântica", "id_0": 33, "id_1": 41, "id_2": 4117305, "continente_id": 8, "vegetacao": null, "grade_wrs": "222_077", "frp": 2.5}, "bbox": [-51.22937, -24.17031, -51.22937, -24.17031]}, {"type": "Feature", "id": "focos_48h_br_todosats.fid--211a0569_19dad572493_a47", "geometry": {"type": "Point", "coordinates": [-53.35999, -19.39475]}, "geometry_name": "geometria", "properties": {"id_foco_bdq": 1814794403, "foco_id": "9174a4e7-f404-3ea3-aaa0-8edcbf48fe29", "longitude": -53.35999, "latitude": -19.39475, "data_hora_gmt": "2026-04-20T04:08:00Z", "data_pas": "2026-04-20", "satelite": "NOAA-20", "municipio": "PARAÍSO DAS ÁGUAS", "estado": "MATO GROSSO DO SUL", "pais": "Brasil", "precipitacao": null, "numero_dias_sem_chuva": null, "risco_fogo": null, "bioma": "Cerrado", "id_0": 33, "id_1": 50, "id_2": 5006275, "continente_id": 8, "vegetacao": null, "grade_wrs": "224_073", "frp": 0.8}, "bbox": [-53.35999, -19.39475, -53.35999, -19.39475]}, {"type": "Feature", "id": "focos_48h_br_todosats.fid--211a0569_19dad572493_a48", "geometry": {"type": "Point", "coordinates": [-53.35753, -19.40031]}, "geometry_name": "geometria", "properties": {"id_foco_bdq": 1814794166, "foco_id": "9663e640-6712-346e-97b8-f023ba832adc", "longitude": -53.35753, "latitude": -19.40031, "data_hora_gmt": "2026-04-20T04:08:00Z", "data_pas": "2026-04-20", "satelite": "NOAA-20", "municipio": "PARAÍSO DAS ÁGUAS", "estado": "MATO GROSSO DO SUL", "pais": "Brasil", "precipitacao": null, "numero_dias_sem_chuva": null, "risco_fogo": null, "bioma": "Cerrado", "id_0": 33, "id_1": 50, "id_2": 5006275, "continente_id": 8, "vegetacao": null, "grade_wrs": "224_073", "frp": 1.3}, "bbox": [-53.35753, -19.40031, -53.35753, -19.40031]}, {"type": "Feature", "id": "focos_48h_br_todosats.fid--211a0569_19dad572493_a49", "geometry": {"type": "Point", "coordinates": [-43.07219, -22.49252]}, "geometry_name": "geometria", "properties": {"id_foco_bdq": 1814796323, "foco_id": "eebba2d0-0d9a-339f-b3c2-597fb7fe4fe2", "longitude": -43.07219, "latitude": -22.49252, "data_hora_gmt": "2026-04-20T04:08:00Z", "data_pas": "2026-04-20", "satelite": "NOAA-20", "municipio": "MAGÉ", "estado": "RIO DE JANEIRO", "pais": "Brasil", "precipitacao": null, "numero_dias_sem_chuva": null, "risco_fogo": null, "bioma": "Mata Atlântica", "id_0": 33, "id_1": 33, "id_2": 3302502, "continente_id": 8, "vegetacao": null, "grade_wrs": "217_076", "frp": 0.4}, "bbox": [-43.07219, -22.49252, -43.07219, -22.49252]}, {"type": "Feature", "id": "focos_48h_br_todosats.fid--211a0569_19dad572493_a4a", "geometry": {"type": "Point", "coordinates": [-43.07103, -22.48587]}, "geometry_name": "geometria", "properties": {"id_foco_bdq": 1814793999, "foco_id": "e95d2c49-30c5-3c64-b415-9a6972279b59", "longitude": -43.07103, "latitude": -22.48587, "data_hora_gmt": "2026-04-20T04:08:00Z", "data_pas": "2026-04-20", "satelite": "NOAA-20", "municipio": "PETRÓPOLIS", "estado": "RIO DE JANEIRO", "pais": "Brasil", "precipitacao": null, "numero_dias_sem_chuva": null, "risco_fogo": null, "bioma": "Mata Atlântica", "id_0": 33, "id_1": 33, "id_2": 3303906, "continente_id": 8, "vegetacao": null, "grade_wrs": "217_076", "frp": 1.5}, "bbox": [-43.07103, -22.48587, -43.07103, -22.48587]}, {"type": "Feature", "id": "focos_48h_br_todosats.fid--211a0569_19dad572493_a4b", "geometry": {"type": "Point", "coordinates": [-47.44795, -23.54731]}, "geometry_name": "geometria", "properties": {"id_foco_bdq": 1814796405, "foco_id": "067ceef0-02fe-3fb2-b607-e702e2c86a2a", "longitude": -47.44795, "latitude": -23.54731, "data_hora_gmt": "2026-04-20T04:08:00Z", "data_pas": "2026-04-20", "satelite": "NOAA-20", "municipio": "VOTORANTIM", "estado": "SÃO PAULO", "pais": "Brasil", "precipitacao": null, "numero_dias_sem_chuva": null, "risco_fogo": null, "bioma": "Mata Atlântica", "id_0": 33, "id_1": 35, "id_2": 3557006, "continente_id": 8, "vegetacao": null, "grade_wrs": "220_076", "frp": 0.6}, "bbox": [-47.44795, -23.54731, -47.44795, -23.54731]}, {"type": "Feature", "id": "focos_48h_br_todosats.fid--211a0569_19dad572493_a4c", "geometry": {"type": "Point", "coordinates": [-43.33664, -22.80125]}, "geometry_name": "geometria", "properties": {"id_foco_bdq": 1814793771, "foco_id": "29581002-90fb-3b27-86c2-2b5b2b90dba0", "longitude": -43.33664, "latitude": -22.80125, "data_hora_gmt": "2026-04-20T04:08:00Z", "data_pas": "2026-04-20", "satelite": "NOAA-20", "municipio": "SÃO JOÃO DE MERITI", "estado": "RIO DE JANEIRO", "pais": "Brasil", "precipitacao": null, "numero_dias_sem_chuva": null, "risco_fogo": null, "bioma": "Mata Atlântica", "id_0": 33, "id_1": 33, "id_2": 3305109, "continente_id": 8, "vegetacao": null, "grade_wrs": "217_076", "frp": 0.6}, "bbox": [-43.33664, -22.80125, -43.33664, -22.80125]}, {"type": "Feature", "id": "focos_48h_br_todosats.fid--211a0569_19dad572493_a4d", "geometry": {"type": "Point", "coordinates": [-43.06844, -22.49309]}, "geometry_name": "geometria", "properties": {"id_foco_bdq": 1814796487, "foco_id": "810bab1d-fd9c-3402-82ec-101178665632", "longitude": -43.06844, "latitude": -22.49309, "data_hora_gmt": "2026-04-20T04:08:00Z", "data_pas": "2026-04-20", "satelite": "NOAA-20", "municipio": "MAGÉ", "estado": "RIO DE JANEIRO", "pais": "Brasil", "precipitacao": null, "numero_dias_sem_chuva": null, "risco_fogo": null, "bioma": "Mata Atlântica", "id_0": 33, "id_1": 33, "id_2": 3302502, "continente_id": 8, "vegetacao": null, "grade_wrs": "217_076", "frp": 0.5}, "bbox": [-43.06844, -22.49309, -43.06844, -22.49309]}, {"type": "Feature", "id": "focos_48h_br_todosats.fid--211a0569_19dad572493_a4e", "geometry": {"type": "Point", "coordinates": [-43.07593, -22.49194]}, "geometry_name": "geometria", "properties": {"id_foco_bdq": 1814796542, "foco_id": "7687b2ea-76b0-3c98-9dd0-f08339987e7f", "longitude": -43.07593, "latitude": -22.49194, "data_hora_gmt": "2026-04-20T04:08:00Z", "data_pas": "2026-04-20", "satelite": "NOAA-20", "municipio": "MAGÉ", "estado": "RIO DE JANEIRO", "pais": "Brasil", "precipitacao": null, "numero_dias_sem_chuva": null, "risco_fogo": null, "bioma": "Mata Atlântica", "id_0": 33, "id_1": 33, "id_2": 3302502, "continente_id": 8, "vegetacao": null, "grade_wrs": "217_076", "frp": 0.4}, "bbox": [-43.07593, -22.49194, -43.07593, -22.49194]}, {"type": "Feature", "id": "focos_48h_br_todosats.fid--211a0569_19dad572493_a4f", "geometry": {"type": "Point", "coordinates": [-48.00129, -23.64663]}, "geometry_name": "geometria", "properties": {"id_foco_bdq": 1814796629, "foco_id": "c578ba60-d04c-3d22-a5aa-1236cc0731ce", "longitude": -48.00129, "latitude": -23.64663, "data_hora_gmt": "2026-04-20T04:08:00Z", "data_pas": "2026-04-20", "satelite": "NOAA-20", "municipio": "ITAPETININGA", "estado": "SÃO PAULO", "pais": "Brasil", "precipitacao": null, "numero_dias_sem_chuva": null, "risco_fogo": null, "bioma": "Cerrado", "id_0": 33, "id_1": 35, "id_2": 3522307, "continente_id": 8, "vegetacao": null, "grade_wrs": "220_076", "frp": 1.1}, "bbox": [-48.00129, -23.64663, -48.00129, -23.64663]}, {"type": "Feature", "id": "focos_48h_br_todosats.fid--211a0569_19dad572493_a50", "geometry": {"type": "Point", "coordinates": [-53.35744, -19.40107]}, "geometry_name": "geometria", "properties": {"id_foco_bdq": 1814796734, "foco_id": "4a0ecdab-8023-3039-a5e5-777695a1d320", "longitude": -53.35744, "latitude": -19.40107, "data_hora_gmt": "2026-04-20T04:08:00Z", "data_pas": "2026-04-20", "satelite": "NOAA-20", "municipio": "PARAÍSO DAS ÁGUAS", "estado": "MATO GROSSO DO SUL", "pais": "Brasil", "precipitacao": null, "numero_dias_sem_chuva": null, "risco_fogo": null, "bioma": "Cerrado", "id_0": 33, "id_1": 50, "id_2": 5006275, "continente_id": 8, "vegetacao": null, "grade_wrs": "224_073", "frp": 0.8}, "bbox": [-53.35744, -19.40107, -53.35744, -19.40107]}, {"type": "Feature", "id": "focos_48h_br_todosats.fid--211a0569_19dad572493_a51", "geometry": {"type": "Point", "coordinates": [-45.01675, -19.84204]}, "geometry_name": "geometria", "properties": {"id_foco_bdq": 1814796759, "foco_id": "33df8f59-429d-35fc-9b4b-b00c28126293", "longitude": -45.01675, "latitude": -19.84204, "data_hora_gmt": "2026-04-20T04:08:00Z", "data_pas": "2026-04-20", "satelite": "NOAA-20", "municipio": "NOVA SERRANA", "estado": "MINAS GERAIS", "pais": "Brasil", "precipitacao": null, "numero_dias_sem_chuva": null, "risco_fogo": null, "bioma": "Cerrado", "id_0": 33, "id_1": 31, "id_2": 3145208, "continente_id": 8, "vegetacao": null, "grade_wrs": "219_074", "frp": 23.5}, "bbox": [-45.01675, -19.84204, -45.01675, -19.84204]}, {"type": "Feature", "id": "focos_48h_br_todosats.fid--211a0569_19dad572493_a52", "geometry": {"type": "Point", "coordinates": [-49.39911, -25.17509]}, "geometry_name": "geometria", "properties": {"id_foco_bdq": 1814796814, "foco_id": "ab244e17-885b-3e2d-b393-d6fd63d89975", "longitude": -49.39911, "latitude": -25.17509, "data_hora_gmt": "2026-04-20T04:08:00Z", "data_pas": "2026-04-20", "satelite": "NOAA-20", "municipio": "RIO BRANCO DO SUL", "estado": "PARANÁ", "pais": "Brasil", "precipitacao": null, "numero_dias_sem_chuva": null, "risco_fogo": null, "bioma": "Mata Atlântica", "id_0": 33, "id_1": 41, "id_2": 4122206, "continente_id": 8, "vegetacao": null, "grade_wrs": "221_077", "frp": 2.5}, "bbox": [-49.39911, -25.17509, -49.39911, -25.17509]}, {"type": "Feature", "id": "focos_48h_br_todosats.fid--211a0569_19dad572493_a53", "geometry": {"type": "Point", "coordinates": [-51.22482, -24.17125]}, "geometry_name": "geometria", "properties": {"id_foco_bdq": 1814796827, "foco_id": "02ad4d9b-82f2-384a-9232-3676a0785e49", "longitude": -51.22482, "latitude": -24.17125, "data_hora_gmt": "2026-04-20T04:08:00Z", "data_pas": "2026-04-20", "satelite": "NOAA-20", "municipio": "ORTIGUEIRA", "estado": "PARANÁ", "pais": "Brasil", "precipitacao": null, "numero_dias_sem_chuva": null, "risco_fogo": null, "bioma": "Mata Atlântica", "id_0": 33, "id_1": 41, "id_2": 4117305, "continente_id": 8, "vegetacao": null, "grade_wrs": "222_077", "frp": 2}, "bbox": [-51.22482, -24.17125, -51.22482, -24.17125]}, {"type": "Feature", "id": "focos_48h_br_todosats.fid--211a0569_19dad572493_a54", "geometry": {"type": "Point", "coordinates": [-49.08915, -18.81562]}, "geometry_name": "geometria", "properties": {"id_foco_bdq": 1814795410, "foco_id": "f47c94e2-b6fe-37c2-b529-5069464e8238", "longitude": -49.08915, "latitude": -18.81562, "data_hora_gmt": "2026-04-20T04:08:00Z", "data_pas": "2026-04-20", "satelite": "NOAA-20", "municipio": "MONTE ALEGRE DE MINAS", "estado": "MINAS GERAIS", "pais": "Brasil", "precipitacao": null, "numero_dias_sem_chuva": null, "risco_fogo": null, "bioma": "Cerrado", "id_0": 33, "id_1": 31, "id_2": 3142809, "continente_id": 8, "vegetacao": null, "grade_wrs": "221_073", "frp": 1.3}, "bbox": [-49.08915, -18.81562, -49.08915, -18.81562]}, {"type": "Feature", "id": "focos_48h_br_todosats.fid--211a0569_19dad572493_a55", "geometry": {"type": "Point", "coordinates": [-47.99817, -23.64892]}, "geometry_name": "geometria", "properties": {"id_foco_bdq": 1814795351, "foco_id": "a91d2eee-f9db-35f0-914c-5599c2275abf", "longitude": -47.99817, "latitude": -23.64892, "data_hora_gmt": "2026-04-20T04:08:00Z", "data_pas": "2026-04-20", "satelite": "NOAA-20", "municipio": "ITAPETININGA", "estado": "SÃO PAULO", "pais": "Brasil", "precipitacao": null, "numero_dias_sem_chuva": null, "risco_fogo": null, "bioma": "Cerrado", "id_0": 33, "id_1": 35, "id_2": 3522307, "continente_id": 8, "vegetacao": null, "grade_wrs": "220_076", "frp": 1.5}, "bbox": [-47.99817, -23.64892, -47.99817, -23.64892]}, {"type": "Feature", "id": "focos_48h_br_todosats.fid--211a0569_19dad572493_a56", "geometry": {"type": "Point", "coordinates": [-43.07473, -22.4853]}, "geometry_name": "geometria", "properties": {"id_foco_bdq": 1814795478, "foco_id": "8270f6ad-9e8c-3bb1-90f9-0f21169b0950", "longitude": -43.07473, "latitude": -22.4853, "data_hora_gmt": "2026-04-20T04:08:00Z", "data_pas": "2026-04-20", "satelite": "NOAA-20", "municipio": "PETRÓPOLIS", "estado": "RIO DE JANEIRO", "pais": "Brasil", "precipitacao": null, "numero_dias_sem_chuva": null, "risco_fogo": null, "bioma": "Mata Atlântica", "id_0": 33, "id_1": 33, "id_2": 3303906, "continente_id": 8, "vegetacao": null, "grade_wrs": "217_076", "frp": 1.5}, "bbox": [-43.07473, -22.4853, -43.07473, -22.4853]}, {"type": "Feature", "id": "focos_48h_br_todosats.fid--211a0569_19dad572493_a57", "geometry": {"type": "Point", "coordinates": [-47.14795, -22.83027]}, "geometry_name": "geometria", "properties": {"id_foco_bdq": 1814795295, "foco_id": "8b96c4f7-24e9-345c-b1ab-ac07a29d2e3d", "longitude": -47.14795, "latitude": -22.83027, "data_hora_gmt": "2026-04-20T04:08:00Z", "data_pas": "2026-04-20", "satelite": "NOAA-20", "municipio": "CAMPINAS", "estado": "SÃO PAULO", "pais": "Brasil", "precipitacao": null, "numero_dias_sem_chuva": null, "risco_fogo": null, "bioma": "Mata Atlântica", "id_0": 33, "id_1": 35, "id_2": 3509502, "continente_id": 8, "vegetacao": null, "grade_wrs": "219_076", "frp": 0.6}, "bbox": [-47.14795, -22.83027, -47.14795, -22.83027]}, {"type": "Feature", "id": "focos_48h_br_todosats.fid--211a0569_19dad572493_a58", "geometry": {"type": "Point", "coordinates": [-51.23056, -24.17467]}, "geometry_name": "geometria", "properties": {"id_foco_bdq": 1814795618, "foco_id": "08ebc8a8-5f86-32fd-8041-b3dee0eabd35", "longitude": -51.23056, "latitude": -24.17467, "data_hora_gmt": "2026-04-20T04:08:00Z", "data_pas": "2026-04-20", "satelite": "NOAA-20", "municipio": "ORTIGUEIRA", "estado": "PARANÁ", "pais": "Brasil", "precipitacao": null, "numero_dias_sem_chuva": null, "risco_fogo": null, "bioma": "Mata Atlântica", "id_0": 33, "id_1": 41, "id_2": 4117305, "continente_id": 8, "vegetacao": null, "grade_wrs": "222_077", "frp": 6.9}, "bbox": [-51.23056, -24.17467, -51.23056, -24.17467]}, {"type": "Feature", "id": "focos_48h_br_todosats.fid--211a0569_19dad572493_a59", "geometry": {"type": "Point", "coordinates": [-53.36124, -19.40026]}, "geometry_name": "geometria", "properties": {"id_foco_bdq": 1814795259, "foco_id": "52aa1a90-0e6c-3a02-80ac-a305f9d4efe7", "longitude": -53.36124, "latitude": -19.40026, "data_hora_gmt": "2026-04-20T04:08:00Z", "data_pas": "2026-04-20", "satelite": "NOAA-20", "municipio": "PARAÍSO DAS ÁGUAS", "estado": "MATO GROSSO DO SUL", "pais": "Brasil", "precipitacao": null, "numero_dias_sem_chuva": null, "risco_fogo": null, "bioma": "Cerrado", "id_0": 33, "id_1": 50, "id_2": 5006275, "continente_id": 8, "vegetacao": null, "grade_wrs": "224_073", "frp": 1}, "bbox": [-53.36124, -19.40026, -53.36124, -19.40026]}, {"type": "Feature", "id": "focos_48h_br_todosats.fid--211a0569_19dad572493_a5a", "geometry": {"type": "Point", "coordinates": [-46.85807, -23.86838]}, "geometry_name": "geometria", "properties": {"id_foco_bdq": 1814795258, "foco_id": "9c71db73-e8c3-3c17-8305-3f4f2e3cfd9f", "longitude": -46.85807, "latitude": -23.86838, "data_hora_gmt": "2026-04-20T04:08:00Z", "data_pas": "2026-04-20", "satelite": "NOAA-20", "municipio": "SÃO LOURENÇO DA SERRA", "estado": "SÃO PAULO", "pais": "Brasil", "precipitacao": null, "numero_dias_sem_chuva": null, "risco_fogo": null, "bioma": "Mata Atlântica", "id_0": 33, "id_1": 35, "id_2": 3549953, "continente_id": 8, "vegetacao": null, "grade_wrs": "219_077", "frp": 0.5}, "bbox": [-46.85807, -23.86838, -46.85807, -23.86838]}, {"type": "Feature", "id": "focos_48h_br_todosats.fid--211a0569_19dad572493_a5b", "geometry": {"type": "Point", "coordinates": [-50.82971, -27.7146]}, "geometry_name": "geometria", "properties": {"id_foco_bdq": 1814796516, "foco_id": "7a7833a7-7eaa-3499-9f21-522d9241aa15", "longitude": -50.82971, "latitude": -27.7146, "data_hora_gmt": "2026-04-20T04:10:00Z", "data_pas": "2026-04-20", "satelite": "NOAA-20", "municipio": "CAMPO BELO DO SUL", "estado": "SANTA CATARINA", "pais": "Brasil", "precipitacao": null, "numero_dias_sem_chuva": null, "risco_fogo": null, "bioma": "Mata Atlântica", "id_0": 33, "id_1": 42, "id_2": 4203402, "continente_id": 8, "vegetacao": null, "grade_wrs": "221_079", "frp": 0.9}, "bbox": [-50.82971, -27.7146, -50.82971, -27.7146]}, {"type": "Feature", "id": "focos_48h_br_todosats.fid--211a0569_19dad572493_a5c", "geometry": {"type": "Point", "coordinates": [-49.97524, -27.75428]}, "geometry_name": "geometria", "properties": {"id_foco_bdq": 1814794755, "foco_id": "42289b67-971e-3f41-8f04-405b4e1a4b7b", "longitude": -49.97524, "latitude": -27.75428, "data_hora_gmt": "2026-04-20T04:10:00Z", "data_pas": "2026-04-20", "satelite": "NOAA-20", "municipio": "BOCAINA DO SUL", "estado": "SANTA CATARINA", "pais": "Brasil", "precipitacao": null, "numero_dias_sem_chuva": null, "risco_fogo": null, "bioma": "Mata Atlântica", "id_0": 33, "id_1": 42, "id_2": 4202438, "continente_id": 8, "vegetacao": null, "grade_wrs": "220_079", "frp": 3.1}, "bbox": [-49.97524, -27.75428, -49.97524, -27.75428]}, {"type": "Feature", "id": "focos_48h_br_todosats.fid--211a0569_19dad572493_a5d", "geometry": {"type": "Point", "coordinates": [-49.97773, -27.75528]}, "geometry_name": "geometria", "properties": {"id_foco_bdq": 1814794007, "foco_id": "477dec6b-619e-30a9-816d-308df7408ad0", "longitude": -49.97773, "latitude": -27.75528, "data_hora_gmt": "2026-04-20T04:10:00Z", "data_pas": "2026-04-20", "satelite": "NOAA-20", "municipio": "BOCAINA DO SUL", "estado": "SANTA CATARINA", "pais": "Brasil", "precipitacao": null, "numero_dias_sem_chuva": null, "risco_fogo": null, "bioma": "Mata Atlântica", "id_0": 33, "id_1": 42, "id_2": 4202438, "continente_id": 8, "vegetacao": null, "grade_wrs": "220_079", "frp": 1.1}, "bbox": [-49.97773, -27.75528, -49.97773, -27.75528]}, {"type": "Feature", "id": "focos_48h_br_todosats.fid--211a0569_19dad572493_a5e", "geometry": {"type": "Point", "coordinates": [-49.97202, -27.75641]}, "geometry_name": "geometria", "properties": {"id_foco_bdq": 1814795129, "foco_id": "9b630850-04df-3059-9eac-dc381e240f6e", "longitude": -49.97202, "latitude": -27.75641, "data_hora_gmt": "2026-04-20T04:10:00Z", "data_pas": "2026-04-20", "satelite": "NOAA-20", "municipio": "BOCAINA DO SUL", "estado": "SANTA CATARINA", "pais": "Brasil", "precipitacao": null, "numero_dias_sem_chuva": null, "risco_fogo": null, "bioma": "Mata Atlântica", "id_0": 33, "id_1": 42, "id_2": 4202438, "continente_id": 8, "vegetacao": null, "grade_wrs": "220_079", "frp": 2.2}, "bbox": [-49.97202, -27.75641, -49.97202, -27.75641]}, {"type": "Feature", "id": "focos_48h_br_todosats.fid--211a0569_19dad572493_a5f", "geometry": {"type": "Point", "coordinates": [-46.93478, -14.55198]}, "geometry_name": "geometria", "properties": {"id_foco_bdq": 1814795803, "foco_id": "7128732a-41cc-353f-bb18-bdf627681367", "longitude": -46.93478, "latitude": -14.55198, "data_hora_gmt": "2026-04-20T04:53:00Z", "data_pas": "2026-04-20", "satelite": "NOAA-21", "municipio": "FLORES DE GOIÁS", "estado": "GOIÁS", "pais": "Brasil", "precipitacao": null, "numero_dias_sem_chuva": null, "risco_fogo": null, "bioma": "Cerrado", "id_0": 33, "id_1": 52, "id_2": 5207907, "continente_id": 8, "vegetacao": null, "grade_wrs": "221_070", "frp": 1.5}, "bbox": [-46.93478, -14.55198, -46.93478, -14.55198]}, {"type": "Feature", "id": "focos_48h_br_todosats.fid--211a0569_19dad572493_a60", "geometry": {"type": "Point", "coordinates": [-46.92971, -14.55261]}, "geometry_name": "geometria", "properties": {"id_foco_bdq": 1814796811, "foco_id": "a3c67a31-fcd7-304d-805b-691afea9fdcb", "longitude": -46.92971, "latitude": -14.55261, "data_hora_gmt": "2026-04-20T04:53:00Z", "data_pas": "2026-04-20", "satelite": "NOAA-21", "municipio": "FLORES DE GOIÁS", "estado": "GOIÁS", "pais": "Brasil", "precipitacao": null, "numero_dias_sem_chuva": null, "risco_fogo": null, "bioma": "Cerrado", "id_0": 33, "id_1": 52, "id_2": 5207907, "continente_id": 8, "vegetacao": null, "grade_wrs": "221_070", "frp": 1}, "bbox": [-46.92971, -14.55261, -46.92971, -14.55261]}, {"type": "Feature", "id": "focos_48h_br_todosats.fid--211a0569_19dad572493_a61", "geometry": {"type": "Point", "coordinates": [-44.03202, -13.4751]}, "geometry_name": "geometria", "properties": {"id_foco_bdq": 1814795424, "foco_id": "e9c4f174-3113-3449-be5d-179dcafa0555", "longitude": -44.03202, "latitude": -13.4751, "data_hora_gmt": "2026-04-20T04:53:00Z", "data_pas": "2026-04-20", "satelite": "NOAA-21", "municipio": "SÃO FÉLIX DO CORIBE", "estado": "BAHIA", "pais": "Brasil", "precipitacao": null, "numero_dias_sem_chuva": null, "risco_fogo": null, "bioma": "Cerrado", "id_0": 33, "id_1": 29, "id_2": 2929057, "continente_id": 8, "vegetacao": null, "grade_wrs": "219_069", "frp": 3.3}, "bbox": [-44.03202, -13.4751, -44.03202, -13.4751]}, {"type": "Feature", "id": "focos_48h_br_todosats.fid--211a0569_19dad572493_a62", "geometry": {"type": "Point", "coordinates": [-44.03114, -13.4695]}, "geometry_name": "geometria", "properties": {"id_foco_bdq": 1814796771, "foco_id": "566e98f5-4e35-3a88-93f9-5e5aba47d786", "longitude": -44.03114, "latitude": -13.4695, "data_hora_gmt": "2026-04-20T04:53:00Z", "data_pas": "2026-04-20", "satelite": "NOAA-21", "municipio": "SÃO FÉLIX DO CORIBE", "estado": "BAHIA", "pais": "Brasil", "precipitacao": null, "numero_dias_sem_chuva": null, "risco_fogo": null, "bioma": "Cerrado", "id_0": 33, "id_1": 29, "id_2": 2929057, "continente_id": 8, "vegetacao": null, "grade_wrs": "219_069", "frp": 2.4}, "bbox": [-44.03114, -13.4695, -44.03114, -13.4695]}, {"type": "Feature", "id": "focos_48h_br_todosats.fid--211a0569_19dad572493_a63", "geometry": {"type": "Point", "coordinates": [-44.44365, -13.63564]}, "geometry_name": "geometria", "properties": {"id_foco_bdq": 1814794666, "foco_id": "f6ed5f36-db41-3508-82d4-c6beefa564c8", "longitude": -44.44365, "latitude": -13.63564, "data_hora_gmt": "2026-04-20T04:53:00Z", "data_pas": "2026-04-20", "satelite": "NOAA-21", "municipio": "CORIBE", "estado": "BAHIA", "pais": "Brasil", "precipitacao": null, "numero_dias_sem_chuva": null, "risco_fogo": null, "bioma": "Cerrado", "id_0": 33, "id_1": 29, "id_2": 2909109, "continente_id": 8, "vegetacao": null, "grade_wrs": "219_069", "frp": 1.8}, "bbox": [-44.44365, -13.63564, -44.44365, -13.63564]}, {"type": "Feature", "id": "focos_48h_br_todosats.fid--211a0569_19dad572493_a64", "geometry": {"type": "Point", "coordinates": [-42.66016, -17.25172]}, "geometry_name": "geometria", "properties": {"id_foco_bdq": 1814795956, "foco_id": "ebe018e4-f88c-3918-98d9-6e5124a3e594", "longitude": -42.66016, "latitude": -17.25172, "data_hora_gmt": "2026-04-20T04:55:00Z", "data_pas": "2026-04-20", "satelite": "NOAA-21", "municipio": "MINAS NOVAS", "estado": "MINAS GERAIS", "pais": "Brasil", "precipitacao": null, "numero_dias_sem_chuva": null, "risco_fogo": null, "bioma": "Cerrado", "id_0": 33, "id_1": 31, "id_2": 3141801, "continente_id": 8, "vegetacao": null, "grade_wrs": "217_072", "frp": 10.3}, "bbox": [-42.66016, -17.25172, -42.66016, -17.25172]}, {"type": "Feature", "id": "focos_48h_br_todosats.fid--211a0569_19dad572493_a65", "geometry": {"type": "Point", "coordinates": [-53.362, -19.39988]}, "geometry_name": "geometria", "properties": {"id_foco_bdq": 1814794833, "foco_id": "7971e04e-b65c-3def-a7d2-04d7d0da7c71", "longitude": -53.362, "latitude": -19.39988, "data_hora_gmt": "2026-04-20T04:55:00Z", "data_pas": "2026-04-20", "satelite": "NOAA-21", "municipio": "PARAÍSO DAS ÁGUAS", "estado": "MATO GROSSO DO SUL", "pais": "Brasil", "precipitacao": null, "numero_dias_sem_chuva": null, "risco_fogo": null, "bioma": "Cerrado", "id_0": 33, "id_1": 50, "id_2": 5006275, "continente_id": 8, "vegetacao": null, "grade_wrs": "224_073", "frp": 0.6}, "bbox": [-53.362, -19.39988, -53.362, -19.39988]}, {"type": "Feature", "id": "focos_48h_br_todosats.fid--211a0569_19dad572493_a66", "geometry": {"type": "Point", "coordinates": [-53.35804, -19.40045]}, "geometry_name": "geometria", "properties": {"id_foco_bdq": 1814794853, "foco_id": "8611da56-b0c5-3c8c-aae0-31ce797338a2", "longitude": -53.35804, "latitude": -19.40045, "data_hora_gmt": "2026-04-20T04:55:00Z", "data_pas": "2026-04-20", "satelite": "NOAA-21", "municipio": "PARAÍSO DAS ÁGUAS", "estado": "MATO GROSSO DO SUL", "pais": "Brasil", "precipitacao": null, "numero_dias_sem_chuva": null, "risco_fogo": null, "bioma": "Cerrado", "id_0": 33, "id_1": 50, "id_2": 5006275, "continente_id": 8, "vegetacao": null, "grade_wrs": "224_073", "frp": 1.5}, "bbox": [-53.35804, -19.40045, -53.35804, -19.40045]}, {"type": "Feature", "id": "focos_48h_br_todosats.fid--211a0569_19dad572493_a67", "geometry": {"type": "Point", "coordinates": [-58.47882, -16.31182]}, "geometry_name": "geometria", "properties": {"id_foco_bdq": 1814796731, "foco_id": "32c08163-5e97-3ae7-8914-aad5f351c91d", "longitude": -58.47882, "latitude": -16.31182, "data_hora_gmt": "2026-04-20T04:55:00Z", "data_pas": "2026-04-20", "satelite": "NOAA-21", "municipio": "CÁCERES", "estado": "MATO GROSSO", "pais": "Brasil", "precipitacao": null, "numero_dias_sem_chuva": null, "risco_fogo": null, "bioma": "Pantanal", "id_0": 33, "id_1": 51, "id_2": 5102504, "continente_id": 8, "vegetacao": null, "grade_wrs": "228_071", "frp": 1.7}, "bbox": [-58.47882, -16.31182, -58.47882, -16.31182]}, {"type": "Feature", "id": "focos_48h_br_todosats.fid--211a0569_19dad572493_a68", "geometry": {"type": "Point", "coordinates": [-46.11215, -21.96177]}, "geometry_name": "geometria", "properties": {"id_foco_bdq": 1814795322, "foco_id": "26ad992c-0c28-3e01-a198-fec02b7e8ccf", "longitude": -46.11215, "latitude": -21.96177, "data_hora_gmt": "2026-04-20T04:55:00Z", "data_pas": "2026-04-20", "satelite": "NOAA-21", "municipio": "IPUIÚNA", "estado": "MINAS GERAIS", "pais": "Brasil", "precipitacao": null, "numero_dias_sem_chuva": null, "risco_fogo": null, "bioma": "Mata Atlântica", "id_0": 33, "id_1": 31, "id_2": 3131505, "continente_id": 8, "vegetacao": null, "grade_wrs": "219_075", "frp": 2.7}, "bbox": [-46.11215, -21.96177, -46.11215, -21.96177]}, {"type": "Feature", "id": "focos_48h_br_todosats.fid--211a0569_19dad572493_a69", "geometry": {"type": "Point", "coordinates": [-45.01691, -19.83889]}, "geometry_name": "geometria", "properties": {"id_foco_bdq": 1814796789, "foco_id": "77998637-4747-3191-a2d3-c323edf297f6", "longitude": -45.01691, "latitude": -19.83889, "data_hora_gmt": "2026-04-20T04:55:00Z", "data_pas": "2026-04-20", "satelite": "NOAA-21", "municipio": "NOVA SERRANA", "estado": "MINAS GERAIS", "pais": "Brasil", "precipitacao": null, "numero_dias_sem_chuva": null, "risco_fogo": null, "bioma": "Cerrado", "id_0": 33, "id_1": 31, "id_2": 3145208, "continente_id": 8, "vegetacao": null, "grade_wrs": "219_074", "frp": 1.5}, "bbox": [-45.01691, -19.83889, -45.01691, -19.83889]}, {"type": "Feature", "id": "focos_48h_br_todosats.fid--211a0569_19dad572493_a6a", "geometry": {"type": "Point", "coordinates": [-46.83843, -17.16798]}, "geometry_name": "geometria", "properties": {"id_foco_bdq": 1814796500, "foco_id": "bc611a1c-7828-3b05-84c3-038794d26751", "longitude": -46.83843, "latitude": -17.16798, "data_hora_gmt": "2026-04-20T04:55:00Z", "data_pas": "2026-04-20", "satelite": "NOAA-21", "municipio": "PARACATU", "estado": "MINAS GERAIS", "pais": "Brasil", "precipitacao": null, "numero_dias_sem_chuva": null, "risco_fogo": null, "bioma": "Cerrado", "id_0": 33, "id_1": 31, "id_2": 3147006, "continente_id": 8, "vegetacao": null, "grade_wrs": "220_072", "frp": 5.1}, "bbox": [-46.83843, -17.16798, -46.83843, -17.16798]}, {"type": "Feature", "id": "focos_48h_br_todosats.fid--211a0569_19dad572493_a6b", "geometry": {"type": "Point", "coordinates": [-55.93304, -18.58614]}, "geometry_name": "geometria", "properties": {"id_foco_bdq": 1814794808, "foco_id": "cdba5700-0d54-3e37-85ac-89e2de1958d7", "longitude": -55.93304, "latitude": -18.58614, "data_hora_gmt": "2026-04-20T04:55:00Z", "data_pas": "2026-04-20", "satelite": "NOAA-21", "municipio": "CORUMBÁ", "estado": "MATO GROSSO DO SUL", "pais": "Brasil", "precipitacao": null, "numero_dias_sem_chuva": null, "risco_fogo": null, "bioma": "Pantanal", "id_0": 33, "id_1": 50, "id_2": 5003207, "continente_id": 8, "vegetacao": null, "grade_wrs": "226_073", "frp": 1.3}, "bbox": [-55.93304, -18.58614, -55.93304, -18.58614]}, {"type": "Feature", "id": "focos_48h_br_todosats.fid--211a0569_19dad572493_a6c", "geometry": {"type": "Point", "coordinates": [-49.5983, -20.03674]}, "geometry_name": "geometria", "properties": {"id_foco_bdq": 1814796832, "foco_id": "e0ce9f52-0730-3019-88e8-f3c03d891ea2", "longitude": -49.5983, "latitude": -20.03674, "data_hora_gmt": "2026-04-20T04:55:00Z", "data_pas": "2026-04-20", "satelite": "NOAA-21", "municipio": "RIOLÂNDIA", "estado": "SÃO PAULO", "pais": "Brasil", "precipitacao": null, "numero_dias_sem_chuva": null, "risco_fogo": null, "bioma": "Mata Atlântica", "id_0": 33, "id_1": 35, "id_2": 3544202, "continente_id": 8, "vegetacao": null, "grade_wrs": "221_074", "frp": 1.3}, "bbox": [-49.5983, -20.03674, -49.5983, -20.03674]}, {"type": "Feature", "id": "focos_48h_br_todosats.fid--211a0569_19dad572493_a6d", "geometry": {"type": "Point", "coordinates": [-53.36143, -19.39644]}, "geometry_name": "geometria", "properties": {"id_foco_bdq": 1814796834, "foco_id": "1b219d4c-596f-39b6-9c9c-d017b6722468", "longitude": -53.36143, "latitude": -19.39644, "data_hora_gmt": "2026-04-20T04:55:00Z", "data_pas": "2026-04-20", "satelite": "NOAA-21", "municipio": "PARAÍSO DAS ÁGUAS", "estado": "MATO GROSSO DO SUL", "pais": "Brasil", "precipitacao": null, "numero_dias_sem_chuva": null, "risco_fogo": null, "bioma": "Cerrado", "id_0": 33, "id_1": 50, "id_2": 5006275, "continente_id": 8, "vegetacao": null, "grade_wrs": "224_073", "frp": 0.6}, "bbox": [-53.36143, -19.39644, -53.36143, -19.39644]}, {"type": "Feature", "id": "focos_48h_br_todosats.fid--211a0569_19dad572493_a6e", "geometry": {"type": "Point", "coordinates": [-46.83249, -17.16868]}, "geometry_name": "geometria", "properties": {"id_foco_bdq": 1814795557, "foco_id": "e387a1ec-83b6-309f-a31e-a4c3b4bbcb16", "longitude": -46.83249, "latitude": -17.16868, "data_hora_gmt": "2026-04-20T04:55:00Z", "data_pas": "2026-04-20", "satelite": "NOAA-21", "municipio": "PARACATU", "estado": "MINAS GERAIS", "pais": "Brasil", "precipitacao": null, "numero_dias_sem_chuva": null, "risco_fogo": null, "bioma": "Cerrado", "id_0": 33, "id_1": 31, "id_2": 3147006, "continente_id": 8, "vegetacao": null, "grade_wrs": "220_072", "frp": 5.1}, "bbox": [-46.83249, -17.16868, -46.83249, -17.16868]}, {"type": "Feature", "id": "focos_48h_br_todosats.fid--211a0569_19dad572493_a6f", "geometry": {"type": "Point", "coordinates": [-51.70012, -20.63174]}, "geometry_name": "geometria", "properties": {"id_foco_bdq": 1814795368, "foco_id": "4be7f1cf-f2f0-3ac9-8e19-f81ce9464579", "longitude": -51.70012, "latitude": -20.63174, "data_hora_gmt": "2026-04-20T04:55:00Z", "data_pas": "2026-04-20", "satelite": "NOAA-21", "municipio": "TRÊS LAGOAS", "estado": "MATO GROSSO DO SUL", "pais": "Brasil", "precipitacao": null, "numero_dias_sem_chuva": null, "risco_fogo": null, "bioma": "Cerrado", "id_0": 33, "id_1": 50, "id_2": 5008305, "continente_id": 8, "vegetacao": null, "grade_wrs": "223_074", "frp": 1.8}, "bbox": [-51.70012, -20.63174, -51.70012, -20.63174]}, {"type": "Feature", "id": "focos_48h_br_todosats.fid--211a0569_19dad572493_a70", "geometry": {"type": "Point", "coordinates": [-43.07254, -22.48561]}, "geometry_name": "geometria", "properties": {"id_foco_bdq": 1814793941, "foco_id": "bc156154-0268-3ec0-bd5d-81418b3c5c9b", "longitude": -43.07254, "latitude": -22.48561, "data_hora_gmt": "2026-04-20T04:55:00Z", "data_pas": "2026-04-20", "satelite": "NOAA-21", "municipio": "PETRÓPOLIS", "estado": "RIO DE JANEIRO", "pais": "Brasil", "precipitacao": null, "numero_dias_sem_chuva": null, "risco_fogo": null, "bioma": "Mata Atlântica", "id_0": 33, "id_1": 33, "id_2": 3303906, "continente_id": 8, "vegetacao": null, "grade_wrs": "217_076", "frp": 3.2}, "bbox": [-43.07254, -22.48561, -43.07254, -22.48561]}, {"type": "Feature", "id": "focos_48h_br_todosats.fid--211a0569_19dad572493_a71", "geometry": {"type": "Point", "coordinates": [-56.15781, -21.45167]}, "geometry_name": "geometria", "properties": {"id_foco_bdq": 1814794222, "foco_id": "685cf758-eac0-3df6-a9b7-680d697347a9", "longitude": -56.15781, "latitude": -21.45167, "data_hora_gmt": "2026-04-20T04:55:00Z", "data_pas": "2026-04-20", "satelite": "NOAA-21", "municipio": "JARDIM", "estado": "MATO GROSSO DO SUL", "pais": "Brasil", "precipitacao": null, "numero_dias_sem_chuva": null, "risco_fogo": null, "bioma": "Cerrado", "id_0": 33, "id_1": 50, "id_2": 5005004, "continente_id": 8, "vegetacao": null, "grade_wrs": "225_075", "frp": 1.7}, "bbox": [-56.15781, -21.45167, -56.15781, -21.45167]}, {"type": "Feature", "id": "focos_48h_br_todosats.fid--211a0569_19dad572493_a72", "geometry": {"type": "Point", "coordinates": [-56.15411, -21.45225]}, "geometry_name": "geometria", "properties": {"id_foco_bdq": 1814794328, "foco_id": "f362020a-2224-3113-aa82-55d2b3be94f3", "longitude": -56.15411, "latitude": -21.45225, "data_hora_gmt": "2026-04-20T04:55:00Z", "data_pas": "2026-04-20", "satelite": "NOAA-21", "municipio": "JARDIM", "estado": "MATO GROSSO DO SUL", "pais": "Brasil", "precipitacao": null, "numero_dias_sem_chuva": null, "risco_fogo": null, "bioma": "Cerrado", "id_0": 33, "id_1": 50, "id_2": 5005004, "continente_id": 8, "vegetacao": null, "grade_wrs": "225_075", "frp": 1.7}, "bbox": [-56.15411, -21.45225, -56.15411, -21.45225]}, {"type": "Feature", "id": "focos_48h_br_todosats.fid--211a0569_19dad572493_a73", "geometry": {"type": "Point", "coordinates": [-45.0173, -19.84461]}, "geometry_name": "geometria", "properties": {"id_foco_bdq": 1814794506, "foco_id": "b0b80fde-6ea9-3c8b-ab46-092a8b49c889", "longitude": -45.0173, "latitude": -19.84461, "data_hora_gmt": "2026-04-20T04:55:00Z", "data_pas": "2026-04-20", "satelite": "NOAA-21", "municipio": "NOVA SERRANA", "estado": "MINAS GERAIS", "pais": "Brasil", "precipitacao": null, "numero_dias_sem_chuva": null, "risco_fogo": null, "bioma": "Cerrado", "id_0": 33, "id_1": 31, "id_2": 3145208, "continente_id": 8, "vegetacao": null, "grade_wrs": "219_074", "frp": 19.8}, "bbox": [-45.0173, -19.84461, -45.0173, -19.84461]}, {"type": "Feature", "id": "focos_48h_br_todosats.fid--211a0569_19dad572493_a74", "geometry": {"type": "Point", "coordinates": [-55.93669, -18.58556]}, "geometry_name": "geometria", "properties": {"id_foco_bdq": 1814794524, "foco_id": "139bf5f1-0eda-3fbb-8933-daf7671dd51b", "longitude": -55.93669, "latitude": -18.58556, "data_hora_gmt": "2026-04-20T04:55:00Z", "data_pas": "2026-04-20", "satelite": "NOAA-21", "municipio": "CORUMBÁ", "estado": "MATO GROSSO DO SUL", "pais": "Brasil", "precipitacao": null, "numero_dias_sem_chuva": null, "risco_fogo": null, "bioma": "Pantanal", "id_0": 33, "id_1": 50, "id_2": 5003207, "continente_id": 8, "vegetacao": null, "grade_wrs": "226_073", "frp": 1.3}, "bbox": [-55.93669, -18.58556, -55.93669, -18.58556]}, {"type": "Feature", "id": "focos_48h_br_todosats.fid--211a0569_19dad572493_a75", "geometry": {"type": "Point", "coordinates": [-55.5079, -17.82704]}, "geometry_name": "geometria", "properties": {"id_foco_bdq": 1814794532, "foco_id": "b9c39c74-327c-360a-bc31-3726b02a239f", "longitude": -55.5079, "latitude": -17.82704, "data_hora_gmt": "2026-04-20T04:55:00Z", "data_pas": "2026-04-20", "satelite": "NOAA-21", "municipio": "CORUMBÁ", "estado": "MATO GROSSO DO SUL", "pais": "Brasil", "precipitacao": null, "numero_dias_sem_chuva": null, "risco_fogo": null, "bioma": "Pantanal", "id_0": 33, "id_1": 50, "id_2": 5003207, "continente_id": 8, "vegetacao": null, "grade_wrs": "226_072", "frp": 2.2}, "bbox": [-55.5079, -17.82704, -55.5079, -17.82704]}, {"type": "Feature", "id": "focos_48h_br_todosats.fid--211a0569_19dad572493_a76", "geometry": {"type": "Point", "coordinates": [-49.91132, -16.55131]}, "geometry_name": "geometria", "properties": {"id_foco_bdq": 1814794822, "foco_id": "fd7d17af-cd0b-3ea8-ad6b-3fc2d2e01775", "longitude": -49.91132, "latitude": -16.55131, "data_hora_gmt": "2026-04-20T04:55:00Z", "data_pas": "2026-04-20", "satelite": "NOAA-21", "municipio": "NAZÁRIO", "estado": "GOIÁS", "pais": "Brasil", "precipitacao": null, "numero_dias_sem_chuva": null, "risco_fogo": null, "bioma": "Cerrado", "id_0": 33, "id_1": 52, "id_2": 5214408, "continente_id": 8, "vegetacao": null, "grade_wrs": "222_071", "frp": 1.9}, "bbox": [-49.91132, -16.55131, -49.91132, -16.55131]}, {"type": "Feature", "id": "focos_48h_br_todosats.fid--211a0569_19dad572493_a77", "geometry": {"type": "Point", "coordinates": [-46.10852, -21.9621]}, "geometry_name": "geometria", "properties": {"id_foco_bdq": 1814793702, "foco_id": "ad37942f-1be7-3484-8343-95eaa8fa778a", "longitude": -46.10852, "latitude": -21.9621, "data_hora_gmt": "2026-04-20T04:55:00Z", "data_pas": "2026-04-20", "satelite": "NOAA-21", "municipio": "IPUIÚNA", "estado": "MINAS GERAIS", "pais": "Brasil", "precipitacao": null, "numero_dias_sem_chuva": null, "risco_fogo": null, "bioma": "Mata Atlântica", "id_0": 33, "id_1": 31, "id_2": 3131505, "continente_id": 8, "vegetacao": null, "grade_wrs": "219_075", "frp": 2.7}, "bbox": [-46.10852, -21.9621, -46.10852, -21.9621]}, {"type": "Feature", "id": "focos_48h_br_todosats.fid--211a0569_19dad572493_a78", "geometry": {"type": "Point", "coordinates": [-42.66547, -17.25122]}, "geometry_name": "geometria", "properties": {"id_foco_bdq": 1814793677, "foco_id": "b03f823c-63c2-3162-8154-a8447de12b9e", "longitude": -42.66547, "latitude": -17.25122, "data_hora_gmt": "2026-04-20T04:55:00Z", "data_pas": "2026-04-20", "satelite": "NOAA-21", "municipio": "MINAS NOVAS", "estado": "MINAS GERAIS", "pais": "Brasil", "precipitacao": null, "numero_dias_sem_chuva": null, "risco_fogo": null, "bioma": "Cerrado", "id_0": 33, "id_1": 31, "id_2": 3141801, "continente_id": 8, "vegetacao": null, "grade_wrs": "217_072", "frp": 16.2}, "bbox": [-42.66547, -17.25122, -42.66547, -17.25122]}, {"type": "Feature", "id": "focos_48h_br_todosats.fid--211a0569_19dad572493_a79", "geometry": {"type": "Point", "coordinates": [-43.07314, -22.49219]}, "geometry_name": "geometria", "properties": {"id_foco_bdq": 1814796702, "foco_id": "5006e474-80f0-32b8-9b2f-8a20f404a49f", "longitude": -43.07314, "latitude": -22.49219, "data_hora_gmt": "2026-04-20T04:55:00Z", "data_pas": "2026-04-20", "satelite": "NOAA-21", "municipio": "MAGÉ", "estado": "RIO DE JANEIRO", "pais": "Brasil", "precipitacao": null, "numero_dias_sem_chuva": null, "risco_fogo": null, "bioma": "Mata Atlântica", "id_0": 33, "id_1": 33, "id_2": 3302502, "continente_id": 8, "vegetacao": null, "grade_wrs": "217_076", "frp": 0.2}, "bbox": [-43.07314, -22.49219, -43.07314, -22.49219]}, {"type": "Feature", "id": "focos_48h_br_todosats.fid--211a0569_19dad572493_a7a", "geometry": {"type": "Point", "coordinates": [-51.23075, -24.1765]}, "geometry_name": "geometria", "properties": {"id_foco_bdq": 1814794026, "foco_id": "83b8ca5e-813d-302c-b657-03bed69e053a", "longitude": -51.23075, "latitude": -24.1765, "data_hora_gmt": "2026-04-20T04:57:00Z", "data_pas": "2026-04-20", "satelite": "NOAA-21", "municipio": "ORTIGUEIRA", "estado": "PARANÁ", "pais": "Brasil", "precipitacao": null, "numero_dias_sem_chuva": null, "risco_fogo": null, "bioma": "Mata Atlântica", "id_0": 33, "id_1": 41, "id_2": 4117305, "continente_id": 8, "vegetacao": null, "grade_wrs": "222_077", "frp": 10.9}, "bbox": [-51.23075, -24.1765, -51.23075, -24.1765]}, {"type": "Feature", "id": "focos_48h_br_todosats.fid--211a0569_19dad572493_a7b", "geometry": {"type": "Point", "coordinates": [-49.97269, -27.75742]}, "geometry_name": "geometria", "properties": {"id_foco_bdq": 1814796144, "foco_id": "ffafe6f0-c7f7-3163-b736-1ba0a02be140", "longitude": -49.97269, "latitude": -27.75742, "data_hora_gmt": "2026-04-20T04:57:00Z", "data_pas": "2026-04-20", "satelite": "NOAA-21", "municipio": "BOCAINA DO SUL", "estado": "SANTA CATARINA", "pais": "Brasil", "precipitacao": null, "numero_dias_sem_chuva": null, "risco_fogo": null, "bioma": "Mata Atlântica", "id_0": 33, "id_1": 42, "id_2": 4202438, "continente_id": 8, "vegetacao": null, "grade_wrs": "220_079", "frp": 5}, "bbox": [-49.97269, -27.75742, -49.97269, -27.75742]}, {"type": "Feature", "id": "focos_48h_br_todosats.fid--211a0569_19dad572493_a7c", "geometry": {"type": "Point", "coordinates": [-51.22767, -24.17229]}, "geometry_name": "geometria", "properties": {"id_foco_bdq": 1814794718, "foco_id": "1c46e18f-1adf-3264-a5a2-89a980352429", "longitude": -51.22767, "latitude": -24.17229, "data_hora_gmt": "2026-04-20T04:57:00Z", "data_pas": "2026-04-20", "satelite": "NOAA-21", "municipio": "ORTIGUEIRA", "estado": "PARANÁ", "pais": "Brasil", "precipitacao": null, "numero_dias_sem_chuva": null, "risco_fogo": null, "bioma": "Mata Atlântica", "id_0": 33, "id_1": 41, "id_2": 4117305, "continente_id": 8, "vegetacao": null, "grade_wrs": "222_077", "frp": 5.3}, "bbox": [-51.22767, -24.17229, -51.22767, -24.17229]}, {"type": "Feature", "id": "focos_48h_br_todosats.fid--211a0569_19dad572493_a7d", "geometry": {"type": "Point", "coordinates": [-49.39745, -25.17479]}, "geometry_name": "geometria", "properties": {"id_foco_bdq": 1814796551, "foco_id": "4c9db77d-852b-3d19-bdf7-1403add015fa", "longitude": -49.39745, "latitude": -25.17479, "data_hora_gmt": "2026-04-20T04:57:00Z", "data_pas": "2026-04-20", "satelite": "NOAA-21", "municipio": "RIO BRANCO DO SUL", "estado": "PARANÁ", "pais": "Brasil", "precipitacao": null, "numero_dias_sem_chuva": null, "risco_fogo": null, "bioma": "Mata Atlântica", "id_0": 33, "id_1": 41, "id_2": 4122206, "continente_id": 8, "vegetacao": null, "grade_wrs": "221_077", "frp": 1.6}, "bbox": [-49.39745, -25.17479, -49.39745, -25.17479]}, {"type": "Feature", "id": "focos_48h_br_todosats.fid--211a0569_19dad572493_a7e", "geometry": {"type": "Point", "coordinates": [-51.23208, -24.17587]}, "geometry_name": "geometria", "properties": {"id_foco_bdq": 1814795198, "foco_id": "bee2eb82-d203-3b13-a055-cd1a577d6d09", "longitude": -51.23208, "latitude": -24.17587, "data_hora_gmt": "2026-04-20T04:57:00Z", "data_pas": "2026-04-20", "satelite": "NOAA-21", "municipio": "ORTIGUEIRA", "estado": "PARANÁ", "pais": "Brasil", "precipitacao": null, "numero_dias_sem_chuva": null, "risco_fogo": null, "bioma": "Mata Atlântica", "id_0": 33, "id_1": 41, "id_2": 4117305, "continente_id": 8, "vegetacao": null, "grade_wrs": "222_077", "frp": 5.7}, "bbox": [-51.23208, -24.17587, -51.23208, -24.17587]}, {"type": "Feature", "id": "focos_48h_br_todosats.fid--211a0569_19dad572493_a7f", "geometry": {"type": "Point", "coordinates": [-51.22818, -24.17635]}, "geometry_name": "geometria", "properties": {"id_foco_bdq": 1814796678, "foco_id": "62d030ea-aaca-3509-81fe-18199b4c9056", "longitude": -51.22818, "latitude": -24.17635, "data_hora_gmt": "2026-04-20T04:57:00Z", "data_pas": "2026-04-20", "satelite": "NOAA-21", "municipio": "ORTIGUEIRA", "estado": "PARANÁ", "pais": "Brasil", "precipitacao": null, "numero_dias_sem_chuva": null, "risco_fogo": null, "bioma": "Mata Atlântica", "id_0": 33, "id_1": 41, "id_2": 4117305, "continente_id": 8, "vegetacao": null, "grade_wrs": "222_077", "frp": 5.7}, "bbox": [-51.22818, -24.17635, -51.22818, -24.17635]}, {"type": "Feature", "id": "focos_48h_br_todosats.fid--211a0569_19dad572493_a80", "geometry": {"type": "Point", "coordinates": [-52.74906, -31.695]}, "geometry_name": "geometria", "properties": {"id_foco_bdq": 1814796149, "foco_id": "779689c2-c854-3acd-8b02-e90f6b89b2a2", "longitude": -52.74906, "latitude": -31.695, "data_hora_gmt": "2026-04-20T04:59:00Z", "data_pas": "2026-04-20", "satelite": "NOAA-21", "municipio": "CERRITO", "estado": "RIO GRANDE DO SUL", "pais": "Brasil", "precipitacao": null, "numero_dias_sem_chuva": null, "risco_fogo": null, "bioma": "Pampa", "id_0": 33, "id_1": 43, "id_2": 4305124, "continente_id": 8, "vegetacao": null, "grade_wrs": "222_082", "frp": 2.3}, "bbox": [-52.74906, -31.695, -52.74906, -31.695]}, {"type": "Feature", "id": "focos_48h_br_todosats.fid--211a0569_19dad572493_a81", "geometry": {"type": "Point", "coordinates": [-56.15863, -21.45089]}, "geometry_name": "geometria", "properties": {"id_foco_bdq": 1814797650, "foco_id": "0a2df217-34ab-3986-a87d-f69f1ef8d8bc", "longitude": -56.15863, "latitude": -21.45089, "data_hora_gmt": "2026-04-20T05:27:00Z", "data_pas": "2026-04-20", "satelite": "NPP-375D", "municipio": "JARDIM", "estado": "MATO GROSSO DO SUL", "pais": "Brasil", "precipitacao": null, "numero_dias_sem_chuva": null, "risco_fogo": null, "bioma": "Cerrado", "id_0": 33, "id_1": 50, "id_2": 5005004, "continente_id": 8, "vegetacao": null, "grade_wrs": "225_075", "frp": 1.4}, "bbox": [-56.15863, -21.45089, -56.15863, -21.45089]}, {"type": "Feature", "id": "focos_48h_br_todosats.fid--211a0569_19dad572493_a82", "geometry": {"type": "Point", "coordinates": [-53.36059, -19.39594]}, "geometry_name": "geometria", "properties": {"id_foco_bdq": 1814796895, "foco_id": "7198e854-d934-3c66-9b57-d321186e7182", "longitude": -53.36059, "latitude": -19.39594, "data_hora_gmt": "2026-04-20T05:27:00Z", "data_pas": "2026-04-20", "satelite": "NPP-375D", "municipio": "PARAÍSO DAS ÁGUAS", "estado": "MATO GROSSO DO SUL", "pais": "Brasil", "precipitacao": null, "numero_dias_sem_chuva": null, "risco_fogo": null, "bioma": "Cerrado", "id_0": 33, "id_1": 50, "id_2": 5006275, "continente_id": 8, "vegetacao": null, "grade_wrs": "224_073", "frp": 0.5}, "bbox": [-53.36059, -19.39594, -53.36059, -19.39594]}, {"type": "Feature", "id": "focos_48h_br_todosats.fid--211a0569_19dad572493_a83", "geometry": {"type": "Point", "coordinates": [-53.36134, -19.40102]}, "geometry_name": "geometria", "properties": {"id_foco_bdq": 1814796947, "foco_id": "b9bb79be-2290-325c-816f-5ef3e6f9e02e", "longitude": -53.36134, "latitude": -19.40102, "data_hora_gmt": "2026-04-20T05:27:00Z", "data_pas": "2026-04-20", "satelite": "NPP-375D", "municipio": "PARAÍSO DAS ÁGUAS", "estado": "MATO GROSSO DO SUL", "pais": "Brasil", "precipitacao": null, "numero_dias_sem_chuva": null, "risco_fogo": null, "bioma": "Cerrado", "id_0": 33, "id_1": 50, "id_2": 5006275, "continente_id": 8, "vegetacao": null, "grade_wrs": "224_073", "frp": 0.6}, "bbox": [-53.36134, -19.40102, -53.36134, -19.40102]}, {"type": "Feature", "id": "focos_48h_br_todosats.fid--211a0569_19dad572493_a84", "geometry": {"type": "Point", "coordinates": [-55.25407, -17.88003]}, "geometry_name": "geometria", "properties": {"id_foco_bdq": 1814796960, "foco_id": "509b4921-1073-3f5d-af58-eb07d6d3dca8", "longitude": -55.25407, "latitude": -17.88003, "data_hora_gmt": "2026-04-20T05:27:00Z", "data_pas": "2026-04-20", "satelite": "NPP-375D", "municipio": "CORUMBÁ", "estado": "MATO GROSSO DO SUL", "pais": "Brasil", "precipitacao": null, "numero_dias_sem_chuva": null, "risco_fogo": null, "bioma": "Pantanal", "id_0": 33, "id_1": 50, "id_2": 5003207, "continente_id": 8, "vegetacao": null, "grade_wrs": "225_072", "frp": 0.6}, "bbox": [-55.25407, -17.88003, -55.25407, -17.88003]}, {"type": "Feature", "id": "focos_48h_br_todosats.fid--211a0569_19dad572493_a85", "geometry": {"type": "Point", "coordinates": [-56.15622, -21.45041]}, "geometry_name": "geometria", "properties": {"id_foco_bdq": 1814798054, "foco_id": "494f2936-533e-3b20-ba33-2f536888d477", "longitude": -56.15622, "latitude": -21.45041, "data_hora_gmt": "2026-04-20T05:27:00Z", "data_pas": "2026-04-20", "satelite": "NPP-375D", "municipio": "JARDIM", "estado": "MATO GROSSO DO SUL", "pais": "Brasil", "precipitacao": null, "numero_dias_sem_chuva": null, "risco_fogo": null, "bioma": "Cerrado", "id_0": 33, "id_1": 50, "id_2": 5005004, "continente_id": 8, "vegetacao": null, "grade_wrs": "225_075", "frp": 1.7}, "bbox": [-56.15622, -21.45041, -56.15622, -21.45041]}, {"type": "Feature", "id": "focos_48h_br_todosats.fid--211a0569_19dad572493_a86", "geometry": {"type": "Point", "coordinates": [-53.3582, -19.40137]}, "geometry_name": "geometria", "properties": {"id_foco_bdq": 1814797409, "foco_id": "9689c680-56e6-38d4-9be7-81ebf032760d", "longitude": -53.3582, "latitude": -19.40137, "data_hora_gmt": "2026-04-20T05:27:00Z", "data_pas": "2026-04-20", "satelite": "NPP-375D", "municipio": "PARAÍSO DAS ÁGUAS", "estado": "MATO GROSSO DO SUL", "pais": "Brasil", "precipitacao": null, "numero_dias_sem_chuva": null, "risco_fogo": null, "bioma": "Cerrado", "id_0": 33, "id_1": 50, "id_2": 5006275, "continente_id": 8, "vegetacao": null, "grade_wrs": "224_073", "frp": 0.6}, "bbox": [-53.3582, -19.40137, -53.3582, -19.40137]}, {"type": "Feature", "id": "focos_48h_br_todosats.fid--211a0569_19dad572493_a87", "geometry": {"type": "Point", "coordinates": [-55.93316, -18.58693]}, "geometry_name": "geometria", "properties": {"id_foco_bdq": 1814798040, "foco_id": "e870b37e-e221-3722-99db-826821473b1c", "longitude": -55.93316, "latitude": -18.58693, "data_hora_gmt": "2026-04-20T05:27:00Z", "data_pas": "2026-04-20", "satelite": "NPP-375D", "municipio": "CORUMBÁ", "estado": "MATO GROSSO DO SUL", "pais": "Brasil", "precipitacao": null, "numero_dias_sem_chuva": null, "risco_fogo": null, "bioma": "Pantanal", "id_0": 33, "id_1": 50, "id_2": 5003207, "continente_id": 8, "vegetacao": null, "grade_wrs": "226_073", "frp": 0.6}, "bbox": [-55.93316, -18.58693, -55.93316, -18.58693]}, {"type": "Feature", "id": "focos_48h_br_todosats.fid--211a0569_19dad572493_a88", "geometry": {"type": "Point", "coordinates": [-58.48114, -16.31132]}, "geometry_name": "geometria", "properties": {"id_foco_bdq": 1814798138, "foco_id": "95486ad0-9f41-3a28-a297-d768b0caaee6", "longitude": -58.48114, "latitude": -16.31132, "data_hora_gmt": "2026-04-20T05:27:00Z", "data_pas": "2026-04-20", "satelite": "NPP-375D", "municipio": "CÁCERES", "estado": "MATO GROSSO", "pais": "Brasil", "precipitacao": null, "numero_dias_sem_chuva": null, "risco_fogo": null, "bioma": "Pantanal", "id_0": 33, "id_1": 51, "id_2": 5102504, "continente_id": 8, "vegetacao": null, "grade_wrs": "228_071", "frp": 1.1}, "bbox": [-58.48114, -16.31132, -58.48114, -16.31132]}, {"type": "Feature", "id": "focos_48h_br_todosats.fid--211a0569_19dad572493_a89", "geometry": {"type": "Point", "coordinates": [-56.15419, -21.4514]}, "geometry_name": "geometria", "properties": {"id_foco_bdq": 1814798117, "foco_id": "f973d4c7-787b-3103-a01c-e277746a730b", "longitude": -56.15419, "latitude": -21.4514, "data_hora_gmt": "2026-04-20T05:27:00Z", "data_pas": "2026-04-20", "satelite": "NPP-375D", "municipio": "JARDIM", "estado": "MATO GROSSO DO SUL", "pais": "Brasil", "precipitacao": null, "numero_dias_sem_chuva": null, "risco_fogo": null, "bioma": "Cerrado", "id_0": 33, "id_1": 50, "id_2": 5005004, "continente_id": 8, "vegetacao": null, "grade_wrs": "225_075", "frp": 1.4}, "bbox": [-56.15419, -21.4514, -56.15419, -21.4514]}, {"type": "Feature", "id": "focos_48h_br_todosats.fid--211a0569_19dad572493_a8a", "geometry": {"type": "Point", "coordinates": [-55.93726, -18.5864]}, "geometry_name": "geometria", "properties": {"id_foco_bdq": 1814798162, "foco_id": "40ab4406-3074-3511-8eed-c1f3b15fc910", "longitude": -55.93726, "latitude": -18.5864, "data_hora_gmt": "2026-04-20T05:27:00Z", "data_pas": "2026-04-20", "satelite": "NPP-375D", "municipio": "CORUMBÁ", "estado": "MATO GROSSO DO SUL", "pais": "Brasil", "precipitacao": null, "numero_dias_sem_chuva": null, "risco_fogo": null, "bioma": "Pantanal", "id_0": 33, "id_1": 50, "id_2": 5003207, "continente_id": 8, "vegetacao": null, "grade_wrs": "226_073", "frp": 0.8}, "bbox": [-55.93726, -18.5864, -55.93726, -18.5864]}, {"type": "Feature", "id": "focos_48h_br_todosats.fid--211a0569_19dad572493_a8b", "geometry": {"type": "Point", "coordinates": [-56.15688, -21.45475]}, "geometry_name": "geometria", "properties": {"id_foco_bdq": 1814798191, "foco_id": "97314248-2551-378e-9908-9fe87b512b10", "longitude": -56.15688, "latitude": -21.45475, "data_hora_gmt": "2026-04-20T05:27:00Z", "data_pas": "2026-04-20", "satelite": "NPP-375D", "municipio": "JARDIM", "estado": "MATO GROSSO DO SUL", "pais": "Brasil", "precipitacao": null, "numero_dias_sem_chuva": null, "risco_fogo": null, "bioma": "Cerrado", "id_0": 33, "id_1": 50, "id_2": 5005004, "continente_id": 8, "vegetacao": null, "grade_wrs": "225_075", "frp": 1}, "bbox": [-56.15688, -21.45475, -56.15688, -21.45475]}, {"type": "Feature", "id": "focos_48h_br_todosats.fid--211a0569_19dad572493_a8c", "geometry": {"type": "Point", "coordinates": [-55.25788, -17.87508]}, "geometry_name": "geometria", "properties": {"id_foco_bdq": 1814797999, "foco_id": "8e10901b-3dce-38ef-8c53-003c2de5b9e4", "longitude": -55.25788, "latitude": -17.87508, "data_hora_gmt": "2026-04-20T05:27:00Z", "data_pas": "2026-04-20", "satelite": "NPP-375D", "municipio": "CORUMBÁ", "estado": "MATO GROSSO DO SUL", "pais": "Brasil", "precipitacao": null, "numero_dias_sem_chuva": null, "risco_fogo": null, "bioma": "Pantanal", "id_0": 33, "id_1": 50, "id_2": 5003207, "continente_id": 8, "vegetacao": null, "grade_wrs": "225_072", "frp": 0.6}, "bbox": [-55.25788, -17.87508, -55.25788, -17.87508]}, {"type": "Feature", "id": "focos_48h_br_todosats.fid--211a0569_19dad572493_a8d", "geometry": {"type": "Point", "coordinates": [-51.23306, -24.17599]}, "geometry_name": "geometria", "properties": {"id_foco_bdq": 1814797483, "foco_id": "d193667a-3d4c-3364-a938-b133f6e483e3", "longitude": -51.23306, "latitude": -24.17599, "data_hora_gmt": "2026-04-20T05:29:00Z", "data_pas": "2026-04-20", "satelite": "NPP-375D", "municipio": "ORTIGUEIRA", "estado": "PARANÁ", "pais": "Brasil", "precipitacao": null, "numero_dias_sem_chuva": null, "risco_fogo": null, "bioma": "Mata Atlântica", "id_0": 33, "id_1": 41, "id_2": 4117305, "continente_id": 8, "vegetacao": null, "grade_wrs": "222_077", "frp": 2.5}, "bbox": [-51.23306, -24.17599, -51.23306, -24.17599]}, {"type": "Feature", "id": "focos_48h_br_todosats.fid--211a0569_19dad572493_a8e", "geometry": {"type": "Point", "coordinates": [-51.22542, -24.17541]}, "geometry_name": "geometria", "properties": {"id_foco_bdq": 1814796965, "foco_id": "cc8b6855-574f-3127-9fd2-c9352bcb9de5", "longitude": -51.22542, "latitude": -24.17541, "data_hora_gmt": "2026-04-20T05:29:00Z", "data_pas": "2026-04-20", "satelite": "NPP-375D", "municipio": "ORTIGUEIRA", "estado": "PARANÁ", "pais": "Brasil", "precipitacao": null, "numero_dias_sem_chuva": null, "risco_fogo": null, "bioma": "Mata Atlântica", "id_0": 33, "id_1": 41, "id_2": 4117305, "continente_id": 8, "vegetacao": null, "grade_wrs": "222_077", "frp": 2.4}, "bbox": [-51.22542, -24.17541, -51.22542, -24.17541]}, {"type": "Feature", "id": "focos_48h_br_todosats.fid--211a0569_19dad572493_a8f", "geometry": {"type": "Point", "coordinates": [-51.2276, -24.17024]}, "geometry_name": "geometria", "properties": {"id_foco_bdq": 1814797136, "foco_id": "a9cf57e2-2d34-38e4-867b-cccc55b4735b", "longitude": -51.2276, "latitude": -24.17024, "data_hora_gmt": "2026-04-20T05:29:00Z", "data_pas": "2026-04-20", "satelite": "NPP-375D", "municipio": "ORTIGUEIRA", "estado": "PARANÁ", "pais": "Brasil", "precipitacao": null, "numero_dias_sem_chuva": null, "risco_fogo": null, "bioma": "Mata Atlântica", "id_0": 33, "id_1": 41, "id_2": 4117305, "continente_id": 8, "vegetacao": null, "grade_wrs": "222_077", "frp": 1.9}, "bbox": [-51.2276, -24.17024, -51.2276, -24.17024]}, {"type": "Feature", "id": "focos_48h_br_todosats.fid--211a0569_19dad572493_a90", "geometry": {"type": "Point", "coordinates": [-51.22513, -24.16923]}, "geometry_name": "geometria", "properties": {"id_foco_bdq": 1814797658, "foco_id": "d664c942-2ec9-363a-91ee-181bce7d88d7", "longitude": -51.22513, "latitude": -24.16923, "data_hora_gmt": "2026-04-20T05:29:00Z", "data_pas": "2026-04-20", "satelite": "NPP-375D", "municipio": "ORTIGUEIRA", "estado": "PARANÁ", "pais": "Brasil", "precipitacao": null, "numero_dias_sem_chuva": null, "risco_fogo": null, "bioma": "Mata Atlântica", "id_0": 33, "id_1": 41, "id_2": 4117305, "continente_id": 8, "vegetacao": null, "grade_wrs": "222_077", "frp": 2.4}, "bbox": [-51.22513, -24.16923, -51.22513, -24.16923]}, {"type": "Feature", "id": "focos_48h_br_todosats.fid--211a0569_19dad572493_a91", "geometry": {"type": "Point", "coordinates": [-51.22788, -24.17642]}, "geometry_name": "geometria", "properties": {"id_foco_bdq": 1814797687, "foco_id": "e3282fb6-0bfc-320b-b7f6-650adbf588fe", "longitude": -51.22788, "latitude": -24.17642, "data_hora_gmt": "2026-04-20T05:29:00Z", "data_pas": "2026-04-20", "satelite": "NPP-375D", "municipio": "ORTIGUEIRA", "estado": "PARANÁ", "pais": "Brasil", "precipitacao": null, "numero_dias_sem_chuva": null, "risco_fogo": null, "bioma": "Mata Atlântica", "id_0": 33, "id_1": 41, "id_2": 4117305, "continente_id": 8, "vegetacao": null, "grade_wrs": "222_077", "frp": 2.5}, "bbox": [-51.22788, -24.17642, -51.22788, -24.17642]}, {"type": "Feature", "id": "focos_48h_br_todosats.fid--211a0569_19dad572493_a92", "geometry": {"type": "Point", "coordinates": [-51.23074, -24.175]}, "geometry_name": "geometria", "properties": {"id_foco_bdq": 1814797878, "foco_id": "75c93792-5033-3338-a52a-4a123f2f10b4", "longitude": -51.23074, "latitude": -24.175, "data_hora_gmt": "2026-04-20T05:29:00Z", "data_pas": "2026-04-20", "satelite": "NPP-375D", "municipio": "ORTIGUEIRA", "estado": "PARANÁ", "pais": "Brasil", "precipitacao": null, "numero_dias_sem_chuva": null, "risco_fogo": null, "bioma": "Mata Atlântica", "id_0": 33, "id_1": 41, "id_2": 4117305, "continente_id": 8, "vegetacao": null, "grade_wrs": "222_077", "frp": 2.4}, "bbox": [-51.23074, -24.175, -51.23074, -24.175]}, {"type": "Feature", "id": "focos_48h_br_todosats.fid--211a0569_19dad572493_a93", "geometry": {"type": "Point", "coordinates": [-60.24242, 2.76712]}, "geometry_name": "geometria", "properties": {"id_foco_bdq": 1814797231, "foco_id": "eb7057f6-8e24-3f77-98ee-6632a2073285", "longitude": -60.24242, "latitude": 2.76712, "data_hora_gmt": "2026-04-20T05:42:00Z", "data_pas": "2026-04-20", "satelite": "NOAA-20", "municipio": "BONFIM", "estado": "RORAIMA", "pais": "Brasil", "precipitacao": null, "numero_dias_sem_chuva": null, "risco_fogo": null, "bioma": "Amazônia", "id_0": 33, "id_1": 14, "id_2": 1400159, "continente_id": 8, "vegetacao": null, "grade_wrs": "232_058", "frp": 1.7}, "bbox": [-60.24242, 2.76712, -60.24242, 2.76712]}, {"type": "Feature", "id": "focos_48h_br_todosats.fid--211a0569_19dad572493_a94", "geometry": {"type": "Point", "coordinates": [-60.24508, 2.76899]}, "geometry_name": "geometria", "properties": {"id_foco_bdq": 1814797014, "foco_id": "00f7aac1-65fd-3566-8c51-c91b702e7db4", "longitude": -60.24508, "latitude": 2.76899, "data_hora_gmt": "2026-04-20T05:42:00Z", "data_pas": "2026-04-20", "satelite": "NOAA-20", "municipio": "BONFIM", "estado": "RORAIMA", "pais": "Brasil", "precipitacao": null, "numero_dias_sem_chuva": null, "risco_fogo": null, "bioma": "Amazônia", "id_0": 33, "id_1": 14, "id_2": 1400159, "continente_id": 8, "vegetacao": null, "grade_wrs": "232_058", "frp": 1.7}, "bbox": [-60.24508, 2.76899, -60.24508, 2.76899]}, {"type": "Feature", "id": "focos_48h_br_todosats.fid--211a0569_19dad572493_a95", "geometry": {"type": "Point", "coordinates": [-44.0327, -13.47233]}, "geometry_name": "geometria", "properties": {"id_foco_bdq": 1814801974, "foco_id": "4ffdc160-6034-3b17-820a-292553a9eab7", "longitude": -44.0327, "latitude": -13.47233, "data_hora_gmt": "2026-04-20T06:01:00Z", "data_pas": "2026-04-20", "satelite": "AQUA_M-M", "municipio": "SÃO FÉLIX DO CORIBE", "estado": "BAHIA", "pais": "Brasil", "precipitacao": null, "numero_dias_sem_chuva": null, "risco_fogo": null, "bioma": "Cerrado", "id_0": 33, "id_1": 29, "id_2": 2929057, "continente_id": 8, "vegetacao": null, "grade_wrs": "219_069", "frp": 5.2}, "bbox": [-44.0327, -13.47233, -44.0327, -13.47233]}, {"type": "Feature", "id": "focos_48h_br_todosats.fid--211a0569_19dad572493_a96", "geometry": {"type": "Point", "coordinates": [-45.01632, -19.84106]}, "geometry_name": "geometria", "properties": {"id_foco_bdq": 1814801524, "foco_id": "eb59d998-7641-35ee-a954-7c60d1541b52", "longitude": -45.01632, "latitude": -19.84106, "data_hora_gmt": "2026-04-20T06:03:00Z", "data_pas": "2026-04-20", "satelite": "AQUA_M-M", "municipio": "NOVA SERRANA", "estado": "MINAS GERAIS", "pais": "Brasil", "precipitacao": null, "numero_dias_sem_chuva": null, "risco_fogo": null, "bioma": "Cerrado", "id_0": 33, "id_1": 31, "id_2": 3145208, "continente_id": 8, "vegetacao": null, "grade_wrs": "219_074", "frp": 5.8}, "bbox": [-45.01632, -19.84106, -45.01632, -19.84106]}, {"type": "Feature", "id": "focos_48h_br_todosats.fid--211a0569_19dad572493_a97", "geometry": {"type": "Point", "coordinates": [-42.66838, -17.24753]}, "geometry_name": "geometria", "properties": {"id_foco_bdq": 1814802188, "foco_id": "7501c1a4-4318-3acb-8f5d-8f50151f3818", "longitude": -42.66838, "latitude": -17.24753, "data_hora_gmt": "2026-04-20T06:03:00Z", "data_pas": "2026-04-20", "satelite": "AQUA_M-M", "municipio": "MINAS NOVAS", "estado": "MINAS GERAIS", "pais": "Brasil", "precipitacao": null, "numero_dias_sem_chuva": null, "risco_fogo": null, "bioma": "Cerrado", "id_0": 33, "id_1": 31, "id_2": 3141801, "continente_id": 8, "vegetacao": null, "grade_wrs": "217_072", "frp": 6.9}, "bbox": [-42.66838, -17.24753, -42.66838, -17.24753]}, {"type": "Feature", "id": "focos_48h_br_todosats.fid--211a0569_19dad572493_a98", "geometry": {"type": "Point", "coordinates": [-42.6591, -17.24889]}, "geometry_name": "geometria", "properties": {"id_foco_bdq": 1814804622, "foco_id": "0e3b6729-1e7d-307c-be10-d2670f89d584", "longitude": -42.6591, "latitude": -17.24889, "data_hora_gmt": "2026-04-20T06:03:00Z", "data_pas": "2026-04-20", "satelite": "AQUA_M-M", "municipio": "MINAS NOVAS", "estado": "MINAS GERAIS", "pais": "Brasil", "precipitacao": null, "numero_dias_sem_chuva": null, "risco_fogo": null, "bioma": "Cerrado", "id_0": 33, "id_1": 31, "id_2": 3141801, "continente_id": 8, "vegetacao": null, "grade_wrs": "217_072", "frp": 15.8}, "bbox": [-42.6591, -17.24889, -42.6591, -17.24889]}, {"type": "Feature", "id": "focos_48h_br_todosats.fid--211a0569_19dad572493_a99", "geometry": {"type": "Point", "coordinates": [-48.79184, -21.23278]}, "geometry_name": "geometria", "properties": {"id_foco_bdq": 1814802781, "foco_id": "8118dddd-a761-34cc-9d91-3aedbc752191", "longitude": -48.79184, "latitude": -21.23278, "data_hora_gmt": "2026-04-20T06:05:00Z", "data_pas": "2026-04-20", "satelite": "AQUA_M-M", "municipio": "SANTA ADÉLIA", "estado": "SÃO PAULO", "pais": "Brasil", "precipitacao": null, "numero_dias_sem_chuva": null, "risco_fogo": null, "bioma": "Mata Atlântica", "id_0": 33, "id_1": 35, "id_2": 3545605, "continente_id": 8, "vegetacao": null, "grade_wrs": "221_075", "frp": 12.5}, "bbox": [-48.79184, -21.23278, -48.79184, -21.23278]}, {"type": "Feature", "id": "focos_48h_br_todosats.fid--211a0569_19dad572493_a9a", "geometry": {"type": "Point", "coordinates": [-48.26505, -11.55441]}, "geometry_name": "geometria", "properties": {"id_foco_bdq": 1814838462, "foco_id": "f372354e-f27c-3c20-b395-7d9151ee830c", "longitude": -48.26505, "latitude": -11.55441, "data_hora_gmt": "2026-04-20T12:21:00Z", "data_pas": "2026-04-20", "satelite": "TERRA_M-T", "municipio": "SÃO VALÉRIO", "estado": "TOCANTINS", "pais": "Brasil", "precipitacao": null, "numero_dias_sem_chuva": null, "risco_fogo": null, "bioma": "Cerrado", "id_0": 33, "id_1": 17, "id_2": 1720499, "continente_id": 8, "vegetacao": null, "grade_wrs": "222_068", "frp": 20.4}, "bbox": [-48.26505, -11.55441, -48.26505, -11.55441]}, {"type": "Feature", "id": "focos_48h_br_todosats.fid--211a0569_19dad572493_a9b", "geometry": {"type": "Point", "coordinates": [-46.73682, -17.66873]}, "geometry_name": "geometria", "properties": {"id_foco_bdq": 1814837653, "foco_id": "4105eba5-dfbd-301b-be9c-8fbb04adb1d4", "longitude": -46.73682, "latitude": -17.66873, "data_hora_gmt": "2026-04-20T12:23:00Z", "data_pas": "2026-04-20", "satelite": "TERRA_M-T", "municipio": "VAZANTE", "estado": "MINAS GERAIS", "pais": "Brasil", "precipitacao": null, "numero_dias_sem_chuva": null, "risco_fogo": null, "bioma": "Cerrado", "id_0": 33, "id_1": 31, "id_2": 3171006, "continente_id": 8, "vegetacao": null, "grade_wrs": "220_072", "frp": 26.3}, "bbox": [-46.73682, -17.66873, -46.73682, -17.66873]}, {"type": "Feature", "id": "focos_48h_br_todosats.fid--211a0569_19dad572493_a9c", "geometry": {"type": "Point", "coordinates": [-51.87596, -15.10409]}, "geometry_name": "geometria", "properties": {"id_foco_bdq": 1814836426, "foco_id": "d43e5686-e559-3ab1-b4de-9d529b6b8506", "longitude": -51.87596, "latitude": -15.10409, "data_hora_gmt": "2026-04-20T12:23:00Z", "data_pas": "2026-04-20", "satelite": "TERRA_M-T", "municipio": "ARAGUAIANA", "estado": "MATO GROSSO", "pais": "Brasil", "precipitacao": null, "numero_dias_sem_chuva": null, "risco_fogo": null, "bioma": "Cerrado", "id_0": 33, "id_1": 51, "id_2": 5101001, "continente_id": 8, "vegetacao": null, "grade_wrs": "224_070", "frp": 6.5}, "bbox": [-51.87596, -15.10409, -51.87596, -15.10409]}, {"type": "Feature", "id": "focos_48h_br_todosats.fid--211a0569_19dad572493_a9d", "geometry": {"type": "Point", "coordinates": [-51.86913, -15.101]}, "geometry_name": "geometria", "properties": {"id_foco_bdq": 1814838460, "foco_id": "4cd2e3b3-032c-3fde-98a3-2ec9299bb36f", "longitude": -51.86913, "latitude": -15.101, "data_hora_gmt": "2026-04-20T12:23:00Z", "data_pas": "2026-04-20", "satelite": "TERRA_M-T", "municipio": "ARAGUAIANA", "estado": "MATO GROSSO", "pais": "Brasil", "precipitacao": null, "numero_dias_sem_chuva": null, "risco_fogo": null, "bioma": "Cerrado", "id_0": 33, "id_1": 51, "id_2": 5101001, "continente_id": 8, "vegetacao": null, "grade_wrs": "224_070", "frp": 7.1}, "bbox": [-51.86913, -15.101, -51.86913, -15.101]}, {"type": "Feature", "id": "focos_48h_br_todosats.fid--211a0569_19dad572493_a9e", "geometry": {"type": "Point", "coordinates": [-52.98149, -19.3883]}, "geometry_name": "geometria", "properties": {"id_foco_bdq": 1814835984, "foco_id": "66102537-fc20-319b-a590-54e84e870b27", "longitude": -52.98149, "latitude": -19.3883, "data_hora_gmt": "2026-04-20T12:25:00Z", "data_pas": "2026-04-20", "satelite": "TERRA_M-T", "municipio": "PARAÍSO DAS ÁGUAS", "estado": "MATO GROSSO DO SUL", "pais": "Brasil", "precipitacao": null, "numero_dias_sem_chuva": null, "risco_fogo": null, "bioma": "Cerrado", "id_0": 33, "id_1": 50, "id_2": 5006275, "continente_id": 8, "vegetacao": null, "grade_wrs": "224_073", "frp": 18.1}, "bbox": [-52.98149, -19.3883, -52.98149, -19.3883]}, {"type": "Feature", "id": "focos_48h_br_todosats.fid--211a0569_19dad572493_a9f", "geometry": {"type": "Point", "coordinates": [-55.16188, -18.67882]}, "geometry_name": "geometria", "properties": {"id_foco_bdq": 1814834988, "foco_id": "db6b6428-1281-3d53-a26c-74b599b9fcbe", "longitude": -55.16188, "latitude": -18.67882, "data_hora_gmt": "2026-04-20T12:25:00Z", "data_pas": "2026-04-20", "satelite": "TERRA_M-T", "municipio": "RIO VERDE DE MATO GROSSO", "estado": "MATO GROSSO DO SUL", "pais": "Brasil", "precipitacao": null, "numero_dias_sem_chuva": null, "risco_fogo": null, "bioma": "Pantanal", "id_0": 33, "id_1": 50, "id_2": 5007406, "continente_id": 8, "vegetacao": null, "grade_wrs": "225_073", "frp": 6.6}, "bbox": [-55.16188, -18.67882, -55.16188, -18.67882]}, {"type": "Feature", "id": "focos_48h_br_todosats.fid--211a0569_19dad572493_aa0", "geometry": {"type": "Point", "coordinates": [-52.69435, -22.96808]}, "geometry_name": "geometria", "properties": {"id_foco_bdq": 1814836325, "foco_id": "063b319e-655b-399c-91b2-144a03f83014", "longitude": -52.69435, "latitude": -22.96808, "data_hora_gmt": "2026-04-20T12:27:00Z", "data_pas": "2026-04-20", "satelite": "TERRA_M-T", "municipio": "GUAIRAÇÁ", "estado": "PARANÁ", "pais": "Brasil", "precipitacao": null, "numero_dias_sem_chuva": null, "risco_fogo": null, "bioma": "Mata Atlântica", "id_0": 33, "id_1": 41, "id_2": 4108908, "continente_id": 8, "vegetacao": null, "grade_wrs": "223_076", "frp": 24}, "bbox": [-52.69435, -22.96808, -52.69435, -22.96808]}, {"type": "Feature", "id": "focos_48h_br_todosats.fid--211a0569_19dad572493_aa1", "geometry": {"type": "Point", "coordinates": [-50.04714, -25.04978]}, "geometry_name": "geometria", "properties": {"id_foco_bdq": 1814837051, "foco_id": "661005ee-e84a-3021-bbfc-87a95d603bb9", "longitude": -50.04714, "latitude": -25.04978, "data_hora_gmt": "2026-04-20T12:27:00Z", "data_pas": "2026-04-20", "satelite": "TERRA_M-T", "municipio": "PONTA GROSSA", "estado": "PARANÁ", "pais": "Brasil", "precipitacao": null, "numero_dias_sem_chuva": null, "risco_fogo": null, "bioma": "Mata Atlântica", "id_0": 33, "id_1": 41, "id_2": 4119905, "continente_id": 8, "vegetacao": null, "grade_wrs": "221_077", "frp": 20}, "bbox": [-50.04714, -25.04978, -50.04714, -25.04978]}, {"type": "Feature", "id": "focos_48h_br_todosats.fid--211a0569_19dad572493_aa2", "geometry": {"type": "Point", "coordinates": [-41.95671, -21.71692]}, "geometry_name": "geometria", "properties": {"id_foco_bdq": 1814850786, "foco_id": "bd4c1c5b-1e8c-3ac2-bef5-b1a1ca9f759b", "longitude": -41.95671, "latitude": -21.71692, "data_hora_gmt": "2026-04-20T15:44:00Z", "data_pas": "2026-04-20", "satelite": "NOAA-21", "municipio": "ITAOCARA", "estado": "RIO DE JANEIRO", "pais": "Brasil", "precipitacao": null, "numero_dias_sem_chuva": null, "risco_fogo": null, "bioma": "Mata Atlântica", "id_0": 33, "id_1": 33, "id_2": 3302106, "continente_id": 8, "vegetacao": null, "grade_wrs": "216_075", "frp": 0.8}, "bbox": [-41.95671, -21.71692, -41.95671, -21.71692]}, {"type": "Feature", "id": "focos_48h_br_todosats.fid--211a0569_19dad572493_aa3", "geometry": {"type": "Point", "coordinates": [-44.31643, -20.92122]}, "geometry_name": "geometria", "properties": {"id_foco_bdq": 1814851493, "foco_id": "4342eca3-b199-3a58-a29a-1bed791383e5", "longitude": -44.31643, "latitude": -20.92122, "data_hora_gmt": "2026-04-20T15:44:00Z", "data_pas": "2026-04-20", "satelite": "NOAA-21", "municipio": "RITÁPOLIS", "estado": "MINAS GERAIS", "pais": "Brasil", "precipitacao": null, "numero_dias_sem_chuva": null, "risco_fogo": null, "bioma": "Mata Atlântica", "id_0": 33, "id_1": 31, "id_2": 3156106, "continente_id": 8, "vegetacao": null, "grade_wrs": "218_074", "frp": 31}, "bbox": [-44.31643, -20.92122, -44.31643, -20.92122]}, {"type": "Feature", "id": "focos_48h_br_todosats.fid--211a0569_19dad572493_aa4", "geometry": {"type": "Point", "coordinates": [-43.56391, -22.48905]}, "geometry_name": "geometria", "properties": {"id_foco_bdq": 1814850304, "foco_id": "dd369f0f-4a0d-3a59-90b1-18122526fe41", "longitude": -43.56391, "latitude": -22.48905, "data_hora_gmt": "2026-04-20T15:44:00Z", "data_pas": "2026-04-20", "satelite": "NOAA-21", "municipio": "VASSOURAS", "estado": "RIO DE JANEIRO", "pais": "Brasil", "precipitacao": null, "numero_dias_sem_chuva": null, "risco_fogo": null, "bioma": "Mata Atlântica", "id_0": 33, "id_1": 33, "id_2": 3306206, "continente_id": 8, "vegetacao": null, "grade_wrs": "217_076", "frp": 7.6}, "bbox": [-43.56391, -22.48905, -43.56391, -22.48905]}, {"type": "Feature", "id": "focos_48h_br_todosats.fid--211a0569_19dad572493_aa5", "geometry": {"type": "Point", "coordinates": [-43.56413, -22.4878]}, "geometry_name": "geometria", "properties": {"id_foco_bdq": 1814850268, "foco_id": "46183176-960b-3d28-a8b7-4134c9038a87", "longitude": -43.56413, "latitude": -22.4878, "data_hora_gmt": "2026-04-20T15:44:00Z", "data_pas": "2026-04-20", "satelite": "NOAA-21", "municipio": "VASSOURAS", "estado": "RIO DE JANEIRO", "pais": "Brasil", "precipitacao": null, "numero_dias_sem_chuva": null, "risco_fogo": null, "bioma": "Mata Atlântica", "id_0": 33, "id_1": 33, "id_2": 3306206, "continente_id": 8, "vegetacao": null, "grade_wrs": "217_076", "frp": 5.9}, "bbox": [-43.56413, -22.4878, -43.56413, -22.4878]}, {"type": "Feature", "id": "focos_48h_br_todosats.fid--211a0569_19dad572493_aa6", "geometry": {"type": "Point", "coordinates": [-39.62975, -12.92877]}, "geometry_name": "geometria", "properties": {"id_foco_bdq": 1814851077, "foco_id": "161391eb-77c9-3640-b8fd-1daf8b3ebded", "longitude": -39.62975, "latitude": -12.92877, "data_hora_gmt": "2026-04-20T15:46:00Z", "data_pas": "2026-04-20", "satelite": "NOAA-21", "municipio": "SANTA TEREZINHA", "estado": "BAHIA", "pais": "Brasil", "precipitacao": null, "numero_dias_sem_chuva": null, "risco_fogo": null, "bioma": "Mata Atlântica", "id_0": 33, "id_1": 29, "id_2": 2928505, "continente_id": 8, "vegetacao": null, "grade_wrs": "216_069", "frp": 13.4}, "bbox": [-39.62975, -12.92877, -39.62975, -12.92877]}, {"type": "Feature", "id": "focos_48h_br_todosats.fid--211a0569_19dad572493_aa7", "geometry": {"type": "Point", "coordinates": [-39.65252, -14.55562]}, "geometry_name": "geometria", "properties": {"id_foco_bdq": 1814851531, "foco_id": "b70f6474-5ed3-39d3-bcec-8d96c3621a13", "longitude": -39.65252, "latitude": -14.55562, "data_hora_gmt": "2026-04-20T15:46:00Z", "data_pas": "2026-04-20", "satelite": "NOAA-21", "municipio": "ITAPITANGA", "estado": "BAHIA", "pais": "Brasil", "precipitacao": null, "numero_dias_sem_chuva": null, "risco_fogo": null, "bioma": "Mata Atlântica", "id_0": 33, "id_1": 29, "id_2": 2916609, "continente_id": 8, "vegetacao": null, "grade_wrs": "216_070", "frp": 6.6}, "bbox": [-39.65252, -14.55562, -39.65252, -14.55562]}, {"type": "Feature", "id": "focos_48h_br_todosats.fid--211a0569_19dad572493_aa8", "geometry": {"type": "Point", "coordinates": [-42.34501, -14.36303]}, "geometry_name": "geometria", "properties": {"id_foco_bdq": 1814851515, "foco_id": "a7d8c4ed-a53c-310d-93b2-6b178e3cfd47", "longitude": -42.34501, "latitude": -14.36303, "data_hora_gmt": "2026-04-20T15:46:00Z", "data_pas": "2026-04-20", "satelite": "NOAA-21", "municipio": "IBIASSUCÊ", "estado": "BAHIA", "pais": "Brasil", "precipitacao": null, "numero_dias_sem_chuva": null, "risco_fogo": null, "bioma": "Caatinga", "id_0": 33, "id_1": 29, "id_2": 2912004, "continente_id": 8, "vegetacao": null, "grade_wrs": "218_070", "frp": 9}, "bbox": [-42.34501, -14.36303, -42.34501, -14.36303]}, {"type": "Feature", "id": "focos_48h_br_todosats.fid--211a0569_19dad572493_aa9", "geometry": {"type": "Point", "coordinates": [-41.17323, -16.84348]}, "geometry_name": "geometria", "properties": {"id_foco_bdq": 1814850789, "foco_id": "35ec8581-8584-3af3-8c66-2575fb51826d", "longitude": -41.17323, "latitude": -16.84348, "data_hora_gmt": "2026-04-20T15:46:00Z", "data_pas": "2026-04-20", "satelite": "NOAA-21", "municipio": "MONTE FORMOSO", "estado": "MINAS GERAIS", "pais": "Brasil", "precipitacao": null, "numero_dias_sem_chuva": null, "risco_fogo": null, "bioma": "Mata Atlântica", "id_0": 33, "id_1": 31, "id_2": 3143153, "continente_id": 8, "vegetacao": null, "grade_wrs": "216_072", "frp": 5.4}, "bbox": [-41.17323, -16.84348, -41.17323, -16.84348]}, {"type": "Feature", "id": "focos_48h_br_todosats.fid--211a0569_19dad572493_aaa", "geometry": {"type": "Point", "coordinates": [-41.45751, -15.54759]}, "geometry_name": "geometria", "properties": {"id_foco_bdq": 1814851487, "foco_id": "5b108521-98a4-3663-b58a-450e8c1510d9", "longitude": -41.45751, "latitude": -15.54759, "data_hora_gmt": "2026-04-20T15:46:00Z", "data_pas": "2026-04-20", "satelite": "NOAA-21", "municipio": "ÁGUAS VERMELHAS", "estado": "MINAS GERAIS", "pais": "Brasil", "precipitacao": null, "numero_dias_sem_chuva": null, "risco_fogo": null, "bioma": "Mata Atlântica", "id_0": 33, "id_1": 31, "id_2": 3101003, "continente_id": 8, "vegetacao": null, "grade_wrs": "217_071", "frp": 6}, "bbox": [-41.45751, -15.54759, -41.45751, -15.54759]}, {"type": "Feature", "id": "focos_48h_br_todosats.fid--211a0569_19dad572493_aab", "geometry": {"type": "Point", "coordinates": [-43.95747, -15.15673]}, "geometry_name": "geometria", "properties": {"id_foco_bdq": 1814851485, "foco_id": "7f531c3c-ad87-36e2-947f-88c6ff419ff4", "longitude": -43.95747, "latitude": -15.15673, "data_hora_gmt": "2026-04-20T15:46:00Z", "data_pas": "2026-04-20", "satelite": "NOAA-21", "municipio": "JAÍBA", "estado": "MINAS GERAIS", "pais": "Brasil", "precipitacao": null, "numero_dias_sem_chuva": null, "risco_fogo": null, "bioma": "Cerrado", "id_0": 33, "id_1": 31, "id_2": 3135050, "continente_id": 8, "vegetacao": null, "grade_wrs": "219_070", "frp": 12.4}, "bbox": [-43.95747, -15.15673, -43.95747, -15.15673]}, {"type": "Feature", "id": "focos_48h_br_todosats.fid--211a0569_19dad572493_aac", "geometry": {"type": "Point", "coordinates": [-39.68739, -13.21456]}, "geometry_name": "geometria", "properties": {"id_foco_bdq": 1814850799, "foco_id": "2cf2ed68-b934-370a-94df-040e7a65fa79", "longitude": -39.68739, "latitude": -13.21456, "data_hora_gmt": "2026-04-20T15:46:00Z", "data_pas": "2026-04-20", "satelite": "NOAA-21", "municipio": "UBAÍRA", "estado": "BAHIA", "pais": "Brasil", "precipitacao": null, "numero_dias_sem_chuva": null, "risco_fogo": null, "bioma": "Mata Atlântica", "id_0": 33, "id_1": 29, "id_2": 2932101, "continente_id": 8, "vegetacao": null, "grade_wrs": "216_069", "frp": 15.9}, "bbox": [-39.68739, -13.21456, -39.68739, -13.21456]}, {"type": "Feature", "id": "focos_48h_br_todosats.fid--211a0569_19dad572493_aad", "geometry": {"type": "Point", "coordinates": [-40.42645, -17.97421]}, "geometry_name": "geometria", "properties": {"id_foco_bdq": 1814851106, "foco_id": "d0511fa0-1936-3c3f-8d85-8f0c499a4546", "longitude": -40.42645, "latitude": -17.97421, "data_hora_gmt": "2026-04-20T15:46:00Z", "data_pas": "2026-04-20", "satelite": "NOAA-21", "municipio": "MUCURICI", "estado": "ESPÍRITO SANTO", "pais": "Brasil", "precipitacao": null, "numero_dias_sem_chuva": null, "risco_fogo": null, "bioma": "Mata Atlântica", "id_0": 33, "id_1": 32, "id_2": 3203601, "continente_id": 8, "vegetacao": null, "grade_wrs": "216_072", "frp": 7.5}, "bbox": [-40.42645, -17.97421, -40.42645, -17.97421]}, {"type": "Feature", "id": "focos_48h_br_todosats.fid--211a0569_19dad572493_aae", "geometry": {"type": "Point", "coordinates": [-44.81587, -13.96775]}, "geometry_name": "geometria", "properties": {"id_foco_bdq": 1814851403, "foco_id": "b20d04ec-e222-3066-9e4e-cf79cafafa3b", "longitude": -44.81587, "latitude": -13.96775, "data_hora_gmt": "2026-04-20T15:46:00Z", "data_pas": "2026-04-20", "satelite": "NOAA-21", "municipio": "COCOS", "estado": "BAHIA", "pais": "Brasil", "precipitacao": null, "numero_dias_sem_chuva": null, "risco_fogo": null, "bioma": "Cerrado", "id_0": 33, "id_1": 29, "id_2": 2908101, "continente_id": 8, "vegetacao": null, "grade_wrs": "219_070", "frp": 10.5}, "bbox": [-44.81587, -13.96775, -44.81587, -13.96775]}, {"type": "Feature", "id": "focos_48h_br_todosats.fid--211a0569_19dad572493_aaf", "geometry": {"type": "Point", "coordinates": [-42.55002, -17.95011]}, "geometry_name": "geometria", "properties": {"id_foco_bdq": 1814851401, "foco_id": "8e32a79d-9435-3f9e-b4da-d6da3c7be79e", "longitude": -42.55002, "latitude": -17.95011, "data_hora_gmt": "2026-04-20T15:46:00Z", "data_pas": "2026-04-20", "satelite": "NOAA-21", "municipio": "SÃO SEBASTIÃO DO MARANHÃO", "estado": "MINAS GERAIS", "pais": "Brasil", "precipitacao": null, "numero_dias_sem_chuva": null, "risco_fogo": null, "bioma": "Mata Atlântica", "id_0": 33, "id_1": 31, "id_2": 3164506, "continente_id": 8, "vegetacao": null, "grade_wrs": "217_072", "frp": 4.4}, "bbox": [-42.55002, -17.95011, -42.55002, -17.95011]}, {"type": "Feature", "id": "focos_48h_br_todosats.fid--211a0569_19dad572493_ab0", "geometry": {"type": "Point", "coordinates": [-40.12477, -14.50644]}, "geometry_name": "geometria", "properties": {"id_foco_bdq": 1814851130, "foco_id": "8d318f45-cc26-317a-847f-aa39335497ae", "longitude": -40.12477, "latitude": -14.50644, "data_hora_gmt": "2026-04-20T15:46:00Z", "data_pas": "2026-04-20", "satelite": "NOAA-21", "municipio": "IGUAÍ", "estado": "BAHIA", "pais": "Brasil", "precipitacao": null, "numero_dias_sem_chuva": null, "risco_fogo": null, "bioma": "Mata Atlântica", "id_0": 33, "id_1": 29, "id_2": 2913507, "continente_id": 8, "vegetacao": null, "grade_wrs": "216_070", "frp": 4.9}, "bbox": [-40.12477, -14.50644, -40.12477, -14.50644]}, {"type": "Feature", "id": "focos_48h_br_todosats.fid--211a0569_19dad572493_ab1", "geometry": {"type": "Point", "coordinates": [-43.85322, -14.04152]}, "geometry_name": "geometria", "properties": {"id_foco_bdq": 1814851339, "foco_id": "44d404a2-a16c-3a89-985a-853f63cf8689", "longitude": -43.85322, "latitude": -14.04152, "data_hora_gmt": "2026-04-20T15:46:00Z", "data_pas": "2026-04-20", "satelite": "NOAA-21", "municipio": "CARINHANHA", "estado": "BAHIA", "pais": "Brasil", "precipitacao": null, "numero_dias_sem_chuva": null, "risco_fogo": null, "bioma": "Cerrado", "id_0": 33, "id_1": 29, "id_2": 2907103, "continente_id": 8, "vegetacao": null, "grade_wrs": "219_070", "frp": 7.3}, "bbox": [-43.85322, -14.04152, -43.85322, -14.04152]}, {"type": "Feature", "id": "focos_48h_br_todosats.fid--211a0569_19dad572493_ab2", "geometry": {"type": "Point", "coordinates": [-39.71722, -15.00809]}, "geometry_name": "geometria", "properties": {"id_foco_bdq": 1814851323, "foco_id": "84c0c979-9a44-3b55-baf1-d239d3d085db", "longitude": -39.71722, "latitude": -15.00809, "data_hora_gmt": "2026-04-20T15:46:00Z", "data_pas": "2026-04-20", "satelite": "NOAA-21", "municipio": "ITAJU DO COLÔNIA", "estado": "BAHIA", "pais": "Brasil", "precipitacao": null, "numero_dias_sem_chuva": null, "risco_fogo": null, "bioma": "Mata Atlântica", "id_0": 33, "id_1": 29, "id_2": 2915403, "continente_id": 8, "vegetacao": null, "grade_wrs": "216_070", "frp": 25.1}, "bbox": [-39.71722, -15.00809, -39.71722, -15.00809]}, {"type": "Feature", "id": "focos_48h_br_todosats.fid--211a0569_19dad572493_ab3", "geometry": {"type": "Point", "coordinates": [-40.16523, -17.16497]}, "geometry_name": "geometria", "properties": {"id_foco_bdq": 1814851299, "foco_id": "023e8969-4bf3-3980-81de-d717e28525f5", "longitude": -40.16523, "latitude": -17.16497, "data_hora_gmt": "2026-04-20T15:46:00Z", "data_pas": "2026-04-20", "satelite": "NOAA-21", "municipio": "ITANHÉM", "estado": "BAHIA", "pais": "Brasil", "precipitacao": null, "numero_dias_sem_chuva": null, "risco_fogo": null, "bioma": "Mata Atlântica", "id_0": 33, "id_1": 29, "id_2": 2916005, "continente_id": 8, "vegetacao": null, "grade_wrs": "216_072", "frp": 6.6}, "bbox": [-40.16523, -17.16497, -40.16523, -17.16497]}, {"type": "Feature", "id": "focos_48h_br_todosats.fid--211a0569_19dad572493_ab4", "geometry": {"type": "Point", "coordinates": [-41.07621, -19.93342]}, "geometry_name": "geometria", "properties": {"id_foco_bdq": 1814850844, "foco_id": "8feedae7-54d3-30d3-885b-f3b42729ad40", "longitude": -41.07621, "latitude": -19.93342, "data_hora_gmt": "2026-04-20T15:46:00Z", "data_pas": "2026-04-20", "satelite": "NOAA-21", "municipio": "LARANJA DA TERRA", "estado": "ESPÍRITO SANTO", "pais": "Brasil", "precipitacao": null, "numero_dias_sem_chuva": null, "risco_fogo": null, "bioma": "Mata Atlântica", "id_0": 33, "id_1": 32, "id_2": 3203163, "continente_id": 8, "vegetacao": null, "grade_wrs": "216_074", "frp": 8.5}, "bbox": [-41.07621, -19.93342, -41.07621, -19.93342]}, {"type": "Feature", "id": "focos_48h_br_todosats.fid--211a0569_19dad572493_ab5", "geometry": {"type": "Point", "coordinates": [-39.63185, -12.92987]}, "geometry_name": "geometria", "properties": {"id_foco_bdq": 1814851049, "foco_id": "00c8674d-7fe0-3cae-9d9f-48aed278a122", "longitude": -39.63185, "latitude": -12.92987, "data_hora_gmt": "2026-04-20T15:46:00Z", "data_pas": "2026-04-20", "satelite": "NOAA-21", "municipio": "AMARGOSA", "estado": "BAHIA", "pais": "Brasil", "precipitacao": null, "numero_dias_sem_chuva": null, "risco_fogo": null, "bioma": "Mata Atlântica", "id_0": 33, "id_1": 29, "id_2": 2901007, "continente_id": 8, "vegetacao": null, "grade_wrs": "216_069", "frp": 9.8}, "bbox": [-39.63185, -12.92987, -39.63185, -12.92987]}, {"type": "Feature", "id": "focos_48h_br_todosats.fid--211a0569_19dad572493_ab6", "geometry": {"type": "Point", "coordinates": [-40.00897, -13.38658]}, "geometry_name": "geometria", "properties": {"id_foco_bdq": 1814851271, "foco_id": "e39f4d5d-753b-35a3-a409-d698e08b9e86", "longitude": -40.00897, "latitude": -13.38658, "data_hora_gmt": "2026-04-20T15:46:00Z", "data_pas": "2026-04-20", "satelite": "NOAA-21", "municipio": "JAGUAQUARA", "estado": "BAHIA", "pais": "Brasil", "precipitacao": null, "numero_dias_sem_chuva": null, "risco_fogo": null, "bioma": "Mata Atlântica", "id_0": 33, "id_1": 29, "id_2": 2917607, "continente_id": 8, "vegetacao": null, "grade_wrs": "216_069", "frp": 5.5}, "bbox": [-40.00897, -13.38658, -40.00897, -13.38658]}, {"type": "Feature", "id": "focos_48h_br_todosats.fid--211a0569_19dad572493_ab7", "geometry": {"type": "Point", "coordinates": [-43.09501, -14.81791]}, "geometry_name": "geometria", "properties": {"id_foco_bdq": 1814850243, "foco_id": "c8d4251f-8c27-326e-a986-0b050ea395a4", "longitude": -43.09501, "latitude": -14.81791, "data_hora_gmt": "2026-04-20T15:46:00Z", "data_pas": "2026-04-20", "satelite": "NOAA-21", "municipio": "ESPINOSA", "estado": "MINAS GERAIS", "pais": "Brasil", "precipitacao": null, "numero_dias_sem_chuva": null, "risco_fogo": null, "bioma": "Caatinga", "id_0": 33, "id_1": 31, "id_2": 3124302, "continente_id": 8, "vegetacao": null, "grade_wrs": "218_070", "frp": 5.4}, "bbox": [-43.09501, -14.81791, -43.09501, -14.81791]}, {"type": "Feature", "id": "focos_48h_br_todosats.fid--211a0569_19dad572493_ab8", "geometry": {"type": "Point", "coordinates": [-38.97718, -13.35086]}, "geometry_name": "geometria", "properties": {"id_foco_bdq": 1814850937, "foco_id": "f8e6f232-ce2d-35d2-8731-d4f0b6e8ef91", "longitude": -38.97718, "latitude": -13.35086, "data_hora_gmt": "2026-04-20T15:46:00Z", "data_pas": "2026-04-20", "satelite": "NOAA-21", "municipio": "VALENÇA", "estado": "BAHIA", "pais": "Brasil", "precipitacao": null, "numero_dias_sem_chuva": null, "risco_fogo": null, "bioma": "Mata Atlântica", "id_0": 33, "id_1": 29, "id_2": 2932903, "continente_id": 8, "vegetacao": null, "grade_wrs": "216_069", "frp": 7.4}, "bbox": [-38.97718, -13.35086, -38.97718, -13.35086]}, {"type": "Feature", "id": "focos_48h_br_todosats.fid--211a0569_19dad572493_ab9", "geometry": {"type": "Point", "coordinates": [-42.33804, -14.36224]}, "geometry_name": "geometria", "properties": {"id_foco_bdq": 1814850252, "foco_id": "e8a8558d-c5ab-3e92-bb17-f25498becbbc", "longitude": -42.33804, "latitude": -14.36224, "data_hora_gmt": "2026-04-20T15:46:00Z", "data_pas": "2026-04-20", "satelite": "NOAA-21", "municipio": "IBIASSUCÊ", "estado": "BAHIA", "pais": "Brasil", "precipitacao": null, "numero_dias_sem_chuva": null, "risco_fogo": null, "bioma": "Caatinga", "id_0": 33, "id_1": 29, "id_2": 2912004, "continente_id": 8, "vegetacao": null, "grade_wrs": "218_070", "frp": 27.3}, "bbox": [-42.33804, -14.36224, -42.33804, -14.36224]}, {"type": "Feature", "id": "focos_48h_br_todosats.fid--211a0569_19dad572493_aba", "geometry": {"type": "Point", "coordinates": [-39.64163, -13.45109]}, "geometry_name": "geometria", "properties": {"id_foco_bdq": 1814850334, "foco_id": "71514939-5436-3070-a65c-749fce7537d9", "longitude": -39.64163, "latitude": -13.45109, "data_hora_gmt": "2026-04-20T15:46:00Z", "data_pas": "2026-04-20", "satelite": "NOAA-21", "municipio": "JIQUIRIÇÁ", "estado": "BAHIA", "pais": "Brasil", "precipitacao": null, "numero_dias_sem_chuva": null, "risco_fogo": null, "bioma": "Mata Atlântica", "id_0": 33, "id_1": 29, "id_2": 2918209, "continente_id": 8, "vegetacao": null, "grade_wrs": "216_069", "frp": 5}, "bbox": [-39.64163, -13.45109, -39.64163, -13.45109]}, {"type": "Feature", "id": "focos_48h_br_todosats.fid--211a0569_19dad572493_abb", "geometry": {"type": "Point", "coordinates": [-39.24625, -14.94614]}, "geometry_name": "geometria", "properties": {"id_foco_bdq": 1814850359, "foco_id": "1427b062-8477-39f3-a120-85e7e892440a", "longitude": -39.24625, "latitude": -14.94614, "data_hora_gmt": "2026-04-20T15:46:00Z", "data_pas": "2026-04-20", "satelite": "NOAA-21", "municipio": "BUERAREMA", "estado": "BAHIA", "pais": "Brasil", "precipitacao": null, "numero_dias_sem_chuva": null, "risco_fogo": null, "bioma": "Mata Atlântica", "id_0": 33, "id_1": 29, "id_2": 2904704, "continente_id": 8, "vegetacao": null, "grade_wrs": "216_070", "frp": 3.9}, "bbox": [-39.24625, -14.94614, -39.24625, -14.94614]}, {"type": "Feature", "id": "focos_48h_br_todosats.fid--211a0569_19dad572493_abc", "geometry": {"type": "Point", "coordinates": [-43.95659, -15.15562]}, "geometry_name": "geometria", "properties": {"id_foco_bdq": 1814850375, "foco_id": "fb162adc-073b-3288-af18-fb188949fca0", "longitude": -43.95659, "latitude": -15.15562, "data_hora_gmt": "2026-04-20T15:46:00Z", "data_pas": "2026-04-20", "satelite": "NOAA-21", "municipio": "JAÍBA", "estado": "MINAS GERAIS", "pais": "Brasil", "precipitacao": null, "numero_dias_sem_chuva": null, "risco_fogo": null, "bioma": "Cerrado", "id_0": 33, "id_1": 31, "id_2": 3135050, "continente_id": 8, "vegetacao": null, "grade_wrs": "219_070", "frp": 9.6}, "bbox": [-43.95659, -15.15562, -43.95659, -15.15562]}, {"type": "Feature", "id": "focos_48h_br_todosats.fid--211a0569_19dad572493_abd", "geometry": {"type": "Point", "coordinates": [-42.37155, -14.92638]}, "geometry_name": "geometria", "properties": {"id_foco_bdq": 1814850383, "foco_id": "4ced24fe-0351-3e16-839b-5ac2c65a2247", "longitude": -42.37155, "latitude": -14.92638, "data_hora_gmt": "2026-04-20T15:46:00Z", "data_pas": "2026-04-20", "satelite": "NOAA-21", "municipio": "JACARACI", "estado": "BAHIA", "pais": "Brasil", "precipitacao": null, "numero_dias_sem_chuva": null, "risco_fogo": null, "bioma": "Caatinga", "id_0": 33, "id_1": 29, "id_2": 2917409, "continente_id": 8, "vegetacao": null, "grade_wrs": "218_070", "frp": 3.6}, "bbox": [-42.37155, -14.92638, -42.37155, -14.92638]}, {"type": "Feature", "id": "focos_48h_br_todosats.fid--211a0569_19dad572493_abe", "geometry": {"type": "Point", "coordinates": [-44.81238, -13.97038]}, "geometry_name": "geometria", "properties": {"id_foco_bdq": 1814850939, "foco_id": "12aff47c-d990-339b-b941-c8d6f7d45cb0", "longitude": -44.81238, "latitude": -13.97038, "data_hora_gmt": "2026-04-20T15:46:00Z", "data_pas": "2026-04-20", "satelite": "NOAA-21", "municipio": "COCOS", "estado": "BAHIA", "pais": "Brasil", "precipitacao": null, "numero_dias_sem_chuva": null, "risco_fogo": null, "bioma": "Cerrado", "id_0": 33, "id_1": 29, "id_2": 2908101, "continente_id": 8, "vegetacao": null, "grade_wrs": "219_070", "frp": 11.8}, "bbox": [-44.81238, -13.97038, -44.81238, -13.97038]}, {"type": "Feature", "id": "focos_48h_br_todosats.fid--211a0569_19dad572493_abf", "geometry": {"type": "Point", "coordinates": [-39.64784, -14.55502]}, "geometry_name": "geometria", "properties": {"id_foco_bdq": 1814851266, "foco_id": "82afef5f-2c06-307d-aeb0-43b260fe6beb", "longitude": -39.64784, "latitude": -14.55502, "data_hora_gmt": "2026-04-20T15:46:00Z", "data_pas": "2026-04-20", "satelite": "NOAA-21", "municipio": "ITAPITANGA", "estado": "BAHIA", "pais": "Brasil", "precipitacao": null, "numero_dias_sem_chuva": null, "risco_fogo": null, "bioma": "Mata Atlântica", "id_0": 33, "id_1": 29, "id_2": 2916609, "continente_id": 8, "vegetacao": null, "grade_wrs": "216_070", "frp": 6.6}, "bbox": [-39.64784, -14.55502, -39.64784, -14.55502]}, {"type": "Feature", "id": "focos_48h_br_todosats.fid--211a0569_19dad572493_ac0", "geometry": {"type": "Point", "coordinates": [-39.74738, -13.2314]}, "geometry_name": "geometria", "properties": {"id_foco_bdq": 1814850428, "foco_id": "fa614c61-e6c1-36d1-b9be-feb4686aab9e", "longitude": -39.74738, "latitude": -13.2314, "data_hora_gmt": "2026-04-20T15:46:00Z", "data_pas": "2026-04-20", "satelite": "NOAA-21", "municipio": "UBAÍRA", "estado": "BAHIA", "pais": "Brasil", "precipitacao": null, "numero_dias_sem_chuva": null, "risco_fogo": null, "bioma": "Mata Atlântica", "id_0": 33, "id_1": 29, "id_2": 2932101, "continente_id": 8, "vegetacao": null, "grade_wrs": "216_069", "frp": 19.4}, "bbox": [-39.74738, -13.2314, -39.74738, -13.2314]}, {"type": "Feature", "id": "focos_48h_br_todosats.fid--211a0569_19dad572493_ac1", "geometry": {"type": "Point", "coordinates": [-39.34746, -15.79296]}, "geometry_name": "geometria", "properties": {"id_foco_bdq": 1814851067, "foco_id": "c8f3ef34-674d-3281-b2a0-47f34c7477b6", "longitude": -39.34746, "latitude": -15.79296, "data_hora_gmt": "2026-04-20T15:46:00Z", "data_pas": "2026-04-20", "satelite": "NOAA-21", "municipio": "MASCOTE", "estado": "BAHIA", "pais": "Brasil", "precipitacao": null, "numero_dias_sem_chuva": null, "risco_fogo": null, "bioma": "Mata Atlântica", "id_0": 33, "id_1": 29, "id_2": 2920908, "continente_id": 8, "vegetacao": null, "grade_wrs": "215_071", "frp": 9.7}, "bbox": [-39.34746, -15.79296, -39.34746, -15.79296]}, {"type": "Feature", "id": "focos_48h_br_todosats.fid--211a0569_19dad572493_ac2", "geometry": {"type": "Point", "coordinates": [-40.95645, -16.21265]}, "geometry_name": "geometria", "properties": {"id_foco_bdq": 1814850510, "foco_id": "0e6be9c4-1c5b-3c4d-bc95-3c7f961a021c", "longitude": -40.95645, "latitude": -16.21265, "data_hora_gmt": "2026-04-20T15:46:00Z", "data_pas": "2026-04-20", "satelite": "NOAA-21", "municipio": "ALMENARA", "estado": "MINAS GERAIS", "pais": "Brasil", "precipitacao": null, "numero_dias_sem_chuva": null, "risco_fogo": null, "bioma": "Mata Atlântica", "id_0": 33, "id_1": 31, "id_2": 3101706, "continente_id": 8, "vegetacao": null, "grade_wrs": "216_071", "frp": 0.9}, "bbox": [-40.95645, -16.21265, -40.95645, -16.21265]}, {"type": "Feature", "id": "focos_48h_br_todosats.fid--211a0569_19dad572493_ac3", "geometry": {"type": "Point", "coordinates": [-42.34149, -14.36263]}, "geometry_name": "geometria", "properties": {"id_foco_bdq": 1814850514, "foco_id": "3ab1b28f-f443-36d6-999f-eba971dedd74", "longitude": -42.34149, "latitude": -14.36263, "data_hora_gmt": "2026-04-20T15:46:00Z", "data_pas": "2026-04-20", "satelite": "NOAA-21", "municipio": "IBIASSUCÊ", "estado": "BAHIA", "pais": "Brasil", "precipitacao": null, "numero_dias_sem_chuva": null, "risco_fogo": null, "bioma": "Caatinga", "id_0": 33, "id_1": 29, "id_2": 2912004, "continente_id": 8, "vegetacao": null, "grade_wrs": "218_070", "frp": 27.3}, "bbox": [-42.34149, -14.36263, -42.34149, -14.36263]}, {"type": "Feature", "id": "focos_48h_br_todosats.fid--211a0569_19dad572493_ac4", "geometry": {"type": "Point", "coordinates": [-38.97774, -13.34658]}, "geometry_name": "geometria", "properties": {"id_foco_bdq": 1814850539, "foco_id": "c21fe8fc-504c-38cd-b37a-67e135918228", "longitude": -38.97774, "latitude": -13.34658, "data_hora_gmt": "2026-04-20T15:46:00Z", "data_pas": "2026-04-20", "satelite": "NOAA-21", "municipio": "VALENÇA", "estado": "BAHIA", "pais": "Brasil", "precipitacao": null, "numero_dias_sem_chuva": null, "risco_fogo": null, "bioma": "Mata Atlântica", "id_0": 33, "id_1": 29, "id_2": 2932903, "continente_id": 8, "vegetacao": null, "grade_wrs": "216_069", "frp": 6.2}, "bbox": [-38.97774, -13.34658, -38.97774, -13.34658]}, {"type": "Feature", "id": "focos_48h_br_todosats.fid--211a0569_19dad572493_ac5", "geometry": {"type": "Point", "coordinates": [-39.29946, -15.45081]}, "geometry_name": "geometria", "properties": {"id_foco_bdq": 1814851196, "foco_id": "71719ef3-2833-3b9a-9e56-453399d76eff", "longitude": -39.29946, "latitude": -15.45081, "data_hora_gmt": "2026-04-20T15:46:00Z", "data_pas": "2026-04-20", "satelite": "NOAA-21", "municipio": "SANTA LUZIA", "estado": "BAHIA", "pais": "Brasil", "precipitacao": null, "numero_dias_sem_chuva": null, "risco_fogo": null, "bioma": "Mata Atlântica", "id_0": 33, "id_1": 29, "id_2": 2928059, "continente_id": 8, "vegetacao": null, "grade_wrs": "215_071", "frp": 7.2}, "bbox": [-39.29946, -15.45081, -39.29946, -15.45081]}, {"type": "Feature", "id": "focos_48h_br_todosats.fid--211a0569_19dad572493_ac6", "geometry": {"type": "Point", "coordinates": [-41.46191, -16.12416]}, "geometry_name": "geometria", "properties": {"id_foco_bdq": 1814850566, "foco_id": "27f80ba7-0b46-3fdd-b018-db11df9959da", "longitude": -41.46191, "latitude": -16.12416, "data_hora_gmt": "2026-04-20T15:46:00Z", "data_pas": "2026-04-20", "satelite": "NOAA-21", "municipio": "MEDINA", "estado": "MINAS GERAIS", "pais": "Brasil", "precipitacao": null, "numero_dias_sem_chuva": null, "risco_fogo": null, "bioma": "Mata Atlântica", "id_0": 33, "id_1": 31, "id_2": 3141405, "continente_id": 8, "vegetacao": null, "grade_wrs": "217_071", "frp": 4.1}, "bbox": [-41.46191, -16.12416, -41.46191, -16.12416]}, {"type": "Feature", "id": "focos_48h_br_todosats.fid--211a0569_19dad572493_ac7", "geometry": {"type": "Point", "coordinates": [-39.26072, -12.88476]}, "geometry_name": "geometria", "properties": {"id_foco_bdq": 1814850569, "foco_id": "f63da153-b760-3207-acb7-5891eacba5de", "longitude": -39.26072, "latitude": -12.88476, "data_hora_gmt": "2026-04-20T15:46:00Z", "data_pas": "2026-04-20", "satelite": "NOAA-21", "municipio": "CONCEIÇÃO DO ALMEIDA", "estado": "BAHIA", "pais": "Brasil", "precipitacao": null, "numero_dias_sem_chuva": null, "risco_fogo": null, "bioma": "Mata Atlântica", "id_0": 33, "id_1": 29, "id_2": 2908309, "continente_id": 8, "vegetacao": null, "grade_wrs": "216_069", "frp": 1}, "bbox": [-39.26072, -12.88476, -39.26072, -12.88476]}, {"type": "Feature", "id": "focos_48h_br_todosats.fid--211a0569_19dad572493_ac8", "geometry": {"type": "Point", "coordinates": [-40.42556, -15.74481]}, "geometry_name": "geometria", "properties": {"id_foco_bdq": 1814850576, "foco_id": "4c917993-1a11-3570-9eea-c1297835e0d7", "longitude": -40.42556, "latitude": -15.74481, "data_hora_gmt": "2026-04-20T15:46:00Z", "data_pas": "2026-04-20", "satelite": "NOAA-21", "municipio": "MACARANI", "estado": "BAHIA", "pais": "Brasil", "precipitacao": null, "numero_dias_sem_chuva": null, "risco_fogo": null, "bioma": "Mata Atlântica", "id_0": 33, "id_1": 29, "id_2": 2919702, "continente_id": 8, "vegetacao": null, "grade_wrs": "216_071", "frp": 15}, "bbox": [-40.42556, -15.74481, -40.42556, -15.74481]}, {"type": "Feature", "id": "focos_48h_br_todosats.fid--211a0569_19dad572493_ac9", "geometry": {"type": "Point", "coordinates": [-39.71651, -15.01267]}, "geometry_name": "geometria", "properties": {"id_foco_bdq": 1814850581, "foco_id": "1d8a25b8-2b76-32be-924b-66408041e46c", "longitude": -39.71651, "latitude": -15.01267, "data_hora_gmt": "2026-04-20T15:46:00Z", "data_pas": "2026-04-20", "satelite": "NOAA-21", "municipio": "ITAJU DO COLÔNIA", "estado": "BAHIA", "pais": "Brasil", "precipitacao": null, "numero_dias_sem_chuva": null, "risco_fogo": null, "bioma": "Mata Atlântica", "id_0": 33, "id_1": 29, "id_2": 2915403, "continente_id": 8, "vegetacao": null, "grade_wrs": "216_070", "frp": 10.7}, "bbox": [-39.71651, -15.01267, -39.71651, -15.01267]}, {"type": "Feature", "id": "focos_48h_br_todosats.fid--211a0569_19dad572493_aca", "geometry": {"type": "Point", "coordinates": [-40.42345, -17.97389]}, "geometry_name": "geometria", "properties": {"id_foco_bdq": 1814851194, "foco_id": "322edf42-5006-3a3b-9907-c158858d2c67", "longitude": -40.42345, "latitude": -17.97389, "data_hora_gmt": "2026-04-20T15:46:00Z", "data_pas": "2026-04-20", "satelite": "NOAA-21", "municipio": "MUCURICI", "estado": "ESPÍRITO SANTO", "pais": "Brasil", "precipitacao": null, "numero_dias_sem_chuva": null, "risco_fogo": null, "bioma": "Mata Atlântica", "id_0": 33, "id_1": 32, "id_2": 3203601, "continente_id": 8, "vegetacao": null, "grade_wrs": "216_072", "frp": 7.5}, "bbox": [-40.42345, -17.97389, -40.42345, -17.97389]}, {"type": "Feature", "id": "focos_48h_br_todosats.fid--211a0569_19dad572493_acb", "geometry": {"type": "Point", "coordinates": [-39.34436, -15.78961]}, "geometry_name": "geometria", "properties": {"id_foco_bdq": 1814850704, "foco_id": "3356496f-d2c0-3758-abd8-615a675082cc", "longitude": -39.34436, "latitude": -15.78961, "data_hora_gmt": "2026-04-20T15:46:00Z", "data_pas": "2026-04-20", "satelite": "NOAA-21", "municipio": "MASCOTE", "estado": "BAHIA", "pais": "Brasil", "precipitacao": null, "numero_dias_sem_chuva": null, "risco_fogo": null, "bioma": "Mata Atlântica", "id_0": 33, "id_1": 29, "id_2": 2920908, "continente_id": 8, "vegetacao": null, "grade_wrs": "215_071", "frp": 13.3}, "bbox": [-39.34436, -15.78961, -39.34436, -15.78961]}, {"type": "Feature", "id": "focos_48h_br_todosats.fid--211a0569_19dad572493_acc", "geometry": {"type": "Point", "coordinates": [-39.02801, -15.8512]}, "geometry_name": "geometria", "properties": {"id_foco_bdq": 1814850720, "foco_id": "fa64172d-8e2e-3dcf-b1db-1ef450c88544", "longitude": -39.02801, "latitude": -15.8512, "data_hora_gmt": "2026-04-20T15:46:00Z", "data_pas": "2026-04-20", "satelite": "NOAA-21", "municipio": "BELMONTE", "estado": "BAHIA", "pais": "Brasil", "precipitacao": null, "numero_dias_sem_chuva": null, "risco_fogo": null, "bioma": "Mata Atlântica", "id_0": 33, "id_1": 29, "id_2": 2903409, "continente_id": 8, "vegetacao": null, "grade_wrs": "215_071", "frp": 9.9}, "bbox": [-39.02801, -15.8512, -39.02801, -15.8512]}, {"type": "Feature", "id": "focos_48h_br_todosats.fid--211a0569_19dad572493_acd", "geometry": {"type": "Point", "coordinates": [-41.39076, -13.81504]}, "geometry_name": "geometria", "properties": {"id_foco_bdq": 1814850721, "foco_id": "93f3da1d-ba7d-352f-ba13-0ca8b4751f48", "longitude": -41.39076, "latitude": -13.81504, "data_hora_gmt": "2026-04-20T15:46:00Z", "data_pas": "2026-04-20", "satelite": "NOAA-21", "municipio": "ITUAÇU", "estado": "BAHIA", "pais": "Brasil", "precipitacao": null, "numero_dias_sem_chuva": null, "risco_fogo": null, "bioma": "Caatinga", "id_0": 33, "id_1": 29, "id_2": 2917201, "continente_id": 8, "vegetacao": null, "grade_wrs": "217_070", "frp": 1.3}, "bbox": [-41.39076, -13.81504, -41.39076, -13.81504]}, {"type": "Feature", "id": "focos_48h_br_todosats.fid--211a0569_19dad572493_ace", "geometry": {"type": "Point", "coordinates": [-39.64961, -14.55661]}, "geometry_name": "geometria", "properties": {"id_foco_bdq": 1814851193, "foco_id": "d58b02c2-a59a-319f-9c4d-9d83e0ebba67", "longitude": -39.64961, "latitude": -14.55661, "data_hora_gmt": "2026-04-20T15:46:00Z", "data_pas": "2026-04-20", "satelite": "NOAA-21", "municipio": "ITAPITANGA", "estado": "BAHIA", "pais": "Brasil", "precipitacao": null, "numero_dias_sem_chuva": null, "risco_fogo": null, "bioma": "Mata Atlântica", "id_0": 33, "id_1": 29, "id_2": 2916609, "continente_id": 8, "vegetacao": null, "grade_wrs": "216_070", "frp": 12.2}, "bbox": [-39.64961, -14.55661, -39.64961, -14.55661]}, {"type": "Feature", "id": "focos_48h_br_todosats.fid--211a0569_19dad572493_acf", "geometry": {"type": "Point", "coordinates": [-39.43419, -13.97136]}, "geometry_name": "geometria", "properties": {"id_foco_bdq": 1814851019, "foco_id": "40e03cf1-3abb-39cc-8319-420216d7333a", "longitude": -39.43419, "latitude": -13.97136, "data_hora_gmt": "2026-04-20T15:46:00Z", "data_pas": "2026-04-20", "satelite": "NOAA-21", "municipio": "IBIRAPITANGA", "estado": "BAHIA", "pais": "Brasil", "precipitacao": null, "numero_dias_sem_chuva": null, "risco_fogo": null, "bioma": "Mata Atlântica", "id_0": 33, "id_1": 29, "id_2": 2912707, "continente_id": 8, "vegetacao": null, "grade_wrs": "216_070", "frp": 4.6}, "bbox": [-39.43419, -13.97136, -39.43419, -13.97136]}, {"type": "Feature", "id": "focos_48h_br_todosats.fid--211a0569_19dad572493_ad0", "geometry": {"type": "Point", "coordinates": [-44.93909, -18.72687]}, "geometry_name": "geometria", "properties": {"id_foco_bdq": 1814851155, "foco_id": "e0d21eea-400e-3f24-9463-b58b45e70ee7", "longitude": -44.93909, "latitude": -18.72687, "data_hora_gmt": "2026-04-20T15:46:00Z", "data_pas": "2026-04-20", "satelite": "NOAA-21", "municipio": "FELIXLÂNDIA", "estado": "MINAS GERAIS", "pais": "Brasil", "precipitacao": null, "numero_dias_sem_chuva": null, "risco_fogo": null, "bioma": "Cerrado", "id_0": 33, "id_1": 31, "id_2": 3125705, "continente_id": 8, "vegetacao": null, "grade_wrs": "219_073", "frp": 10.1}, "bbox": [-44.93909, -18.72687, -44.93909, -18.72687]}, {"type": "Feature", "id": "focos_48h_br_todosats.fid--211a0569_19dad572493_ad1", "geometry": {"type": "Point", "coordinates": [-40.64779, -15.75377]}, "geometry_name": "geometria", "properties": {"id_foco_bdq": 1814851135, "foco_id": "33c246ae-6e19-3a70-aa41-a9bf42aa239f", "longitude": -40.64779, "latitude": -15.75377, "data_hora_gmt": "2026-04-20T15:46:00Z", "data_pas": "2026-04-20", "satelite": "NOAA-21", "municipio": "BANDEIRA", "estado": "MINAS GERAIS", "pais": "Brasil", "precipitacao": null, "numero_dias_sem_chuva": null, "risco_fogo": null, "bioma": "Mata Atlântica", "id_0": 33, "id_1": 31, "id_2": 3105202, "continente_id": 8, "vegetacao": null, "grade_wrs": "216_071", "frp": 5.8}, "bbox": [-40.64779, -15.75377, -40.64779, -15.75377]}, {"type": "Feature", "id": "focos_48h_br_todosats.fid--211a0569_19dad572493_ad2", "geometry": {"type": "Point", "coordinates": [-37.89764, -10.90859]}, "geometry_name": "geometria", "properties": {"id_foco_bdq": 1814850552, "foco_id": "65ef64f8-1015-397f-898e-29cfb74326b7", "longitude": -37.89764, "latitude": -10.90859, "data_hora_gmt": "2026-04-20T15:48:00Z", "data_pas": "2026-04-20", "satelite": "NOAA-21", "municipio": "RIACHÃO DO DANTAS", "estado": "SERGIPE", "pais": "Brasil", "precipitacao": null, "numero_dias_sem_chuva": null, "risco_fogo": null, "bioma": "Caatinga", "id_0": 33, "id_1": 28, "id_2": 2805802, "continente_id": 8, "vegetacao": null, "grade_wrs": "215_068", "frp": 12.8}, "bbox": [-37.89764, -10.90859, -37.89764, -10.90859]}, {"type": "Feature", "id": "focos_48h_br_todosats.fid--211a0569_19dad572493_ad3", "geometry": {"type": "Point", "coordinates": [-37.83207, -11.95324]}, "geometry_name": "geometria", "properties": {"id_foco_bdq": 1814850248, "foco_id": "7c9c0115-2ada-3f1e-bff9-9d4b9f7e0860", "longitude": -37.83207, "latitude": -11.95324, "data_hora_gmt": "2026-04-20T15:48:00Z", "data_pas": "2026-04-20", "satelite": "NOAA-21", "municipio": "ESPLANADA", "estado": "BAHIA", "pais": "Brasil", "precipitacao": null, "numero_dias_sem_chuva": null, "risco_fogo": null, "bioma": "Mata Atlântica", "id_0": 33, "id_1": 29, "id_2": 2910602, "continente_id": 8, "vegetacao": null, "grade_wrs": "215_068", "frp": 9.4}, "bbox": [-37.83207, -11.95324, -37.83207, -11.95324]}, {"type": "Feature", "id": "focos_48h_br_todosats.fid--211a0569_19dad572493_ad4", "geometry": {"type": "Point", "coordinates": [-39.34469, -10.34598]}, "geometry_name": "geometria", "properties": {"id_foco_bdq": 1814850272, "foco_id": "3933d7be-5d67-3f9b-926c-1f537f38f1fb", "longitude": -39.34469, "latitude": -10.34598, "data_hora_gmt": "2026-04-20T15:48:00Z", "data_pas": "2026-04-20", "satelite": "NOAA-21", "municipio": "MONTE SANTO", "estado": "BAHIA", "pais": "Brasil", "precipitacao": null, "numero_dias_sem_chuva": null, "risco_fogo": null, "bioma": "Caatinga", "id_0": 33, "id_1": 29, "id_2": 2921500, "continente_id": 8, "vegetacao": null, "grade_wrs": "216_067", "frp": 3.4}, "bbox": [-39.34469, -10.34598, -39.34469, -10.34598]}, {"type": "Feature", "id": "focos_48h_br_todosats.fid--211a0569_19dad572493_ad5", "geometry": {"type": "Point", "coordinates": [-38.45949, -10.81431]}, "geometry_name": "geometria", "properties": {"id_foco_bdq": 1814850290, "foco_id": "f39dd663-00d9-3a61-a855-ea62a9a3b886", "longitude": -38.45949, "latitude": -10.81431, "data_hora_gmt": "2026-04-20T15:48:00Z", "data_pas": "2026-04-20", "satelite": "NOAA-21", "municipio": "RIBEIRA DO POMBAL", "estado": "BAHIA", "pais": "Brasil", "precipitacao": null, "numero_dias_sem_chuva": null, "risco_fogo": null, "bioma": "Caatinga", "id_0": 33, "id_1": 29, "id_2": 2926608, "continente_id": 8, "vegetacao": null, "grade_wrs": "216_067", "frp": 4.8}, "bbox": [-38.45949, -10.81431, -38.45949, -10.81431]}, {"type": "Feature", "id": "focos_48h_br_todosats.fid--211a0569_19dad572493_ad6", "geometry": {"type": "Point", "coordinates": [-38.52058, -11.0187]}, "geometry_name": "geometria", "properties": {"id_foco_bdq": 1814850385, "foco_id": "cdbf7066-d8c7-3a37-8bc3-8660b18e75f6", "longitude": -38.52058, "latitude": -11.0187, "data_hora_gmt": "2026-04-20T15:48:00Z", "data_pas": "2026-04-20", "satelite": "NOAA-21", "municipio": "RIBEIRA DO AMPARO", "estado": "BAHIA", "pais": "Brasil", "precipitacao": null, "numero_dias_sem_chuva": null, "risco_fogo": null, "bioma": "Caatinga", "id_0": 33, "id_1": 29, "id_2": 2926509, "continente_id": 8, "vegetacao": null, "grade_wrs": "216_068", "frp": 2.6}, "bbox": [-38.52058, -11.0187, -38.52058, -11.0187]}, {"type": "Feature", "id": "focos_48h_br_todosats.fid--211a0569_19dad572493_ad7", "geometry": {"type": "Point", "coordinates": [-37.83107, -11.96103]}, "geometry_name": "geometria", "properties": {"id_foco_bdq": 1814850416, "foco_id": "d832ee38-2993-309e-8d65-c957a2768163", "longitude": -37.83107, "latitude": -11.96103, "data_hora_gmt": "2026-04-20T15:48:00Z", "data_pas": "2026-04-20", "satelite": "NOAA-21", "municipio": "ESPLANADA", "estado": "BAHIA", "pais": "Brasil", "precipitacao": null, "numero_dias_sem_chuva": null, "risco_fogo": null, "bioma": "Mata Atlântica", "id_0": 33, "id_1": 29, "id_2": 2910602, "continente_id": 8, "vegetacao": null, "grade_wrs": "215_068", "frp": 10.5}, "bbox": [-37.83107, -11.96103, -37.83107, -11.96103]}, {"type": "Feature", "id": "focos_48h_br_todosats.fid--211a0569_19dad572493_ad8", "geometry": {"type": "Point", "coordinates": [-38.25202, -10.24016]}, "geometry_name": "geometria", "properties": {"id_foco_bdq": 1814850437, "foco_id": "455361e8-5b9a-3774-8d5f-5c1fd876a7f3", "longitude": -38.25202, "latitude": -10.24016, "data_hora_gmt": "2026-04-20T15:48:00Z", "data_pas": "2026-04-20", "satelite": "NOAA-21", "municipio": "JEREMOABO", "estado": "BAHIA", "pais": "Brasil", "precipitacao": null, "numero_dias_sem_chuva": null, "risco_fogo": null, "bioma": "Caatinga", "id_0": 33, "id_1": 29, "id_2": 2918100, "continente_id": 8, "vegetacao": null, "grade_wrs": "216_067", "frp": 5.7}, "bbox": [-38.25202, -10.24016, -38.25202, -10.24016]}, {"type": "Feature", "id": "focos_48h_br_todosats.fid--211a0569_19dad572493_ad9", "geometry": {"type": "Point", "coordinates": [-41.62993, -12.1574]}, "geometry_name": "geometria", "properties": {"id_foco_bdq": 1814850485, "foco_id": "1b5565a8-6c1b-3577-9ad2-5f0206c29ed2", "longitude": -41.62993, "latitude": -12.1574, "data_hora_gmt": "2026-04-20T15:48:00Z", "data_pas": "2026-04-20", "satelite": "NOAA-21", "municipio": "IRAQUARA", "estado": "BAHIA", "pais": "Brasil", "precipitacao": null, "numero_dias_sem_chuva": null, "risco_fogo": null, "bioma": "Caatinga", "id_0": 33, "id_1": 29, "id_2": 2914406, "continente_id": 8, "vegetacao": null, "grade_wrs": "217_068", "frp": 4.2}, "bbox": [-41.62993, -12.1574, -41.62993, -12.1574]}, {"type": "Feature", "id": "focos_48h_br_todosats.fid--211a0569_19dad572493_ada", "geometry": {"type": "Point", "coordinates": [-37.07358, -10.31909]}, "geometry_name": "geometria", "properties": {"id_foco_bdq": 1814850511, "foco_id": "60279482-5876-3a08-bfc2-31b8a89fd7c7", "longitude": -37.07358, "latitude": -10.31909, "data_hora_gmt": "2026-04-20T15:48:00Z", "data_pas": "2026-04-20", "satelite": "NOAA-21", "municipio": "AQUIDABÃ", "estado": "SERGIPE", "pais": "Brasil", "precipitacao": null, "numero_dias_sem_chuva": null, "risco_fogo": null, "bioma": "Mata Atlântica", "id_0": 33, "id_1": 28, "id_2": 2800209, "continente_id": 8, "vegetacao": null, "grade_wrs": "215_067", "frp": 4.6}, "bbox": [-37.07358, -10.31909, -37.07358, -10.31909]}, {"type": "Feature", "id": "focos_48h_br_todosats.fid--211a0569_19dad572493_adb", "geometry": {"type": "Point", "coordinates": [-37.83707, -11.95391]}, "geometry_name": "geometria", "properties": {"id_foco_bdq": 1814850676, "foco_id": "feb46a06-4ff2-3c88-b006-a4b15c895f83", "longitude": -37.83707, "latitude": -11.95391, "data_hora_gmt": "2026-04-20T15:48:00Z", "data_pas": "2026-04-20", "satelite": "NOAA-21", "municipio": "ESPLANADA", "estado": "BAHIA", "pais": "Brasil", "precipitacao": null, "numero_dias_sem_chuva": null, "risco_fogo": null, "bioma": "Mata Atlântica", "id_0": 33, "id_1": 29, "id_2": 2910602, "continente_id": 8, "vegetacao": null, "grade_wrs": "215_068", "frp": 13.8}, "bbox": [-37.83707, -11.95391, -37.83707, -11.95391]}, {"type": "Feature", "id": "focos_48h_br_todosats.fid--211a0569_19dad572493_adc", "geometry": {"type": "Point", "coordinates": [-38.06348, -9.90695]}, "geometry_name": "geometria", "properties": {"id_foco_bdq": 1814850713, "foco_id": "9b47db1f-9724-34cf-9e7f-070dc6be4a28", "longitude": -38.06348, "latitude": -9.90695, "data_hora_gmt": "2026-04-20T15:48:00Z", "data_pas": "2026-04-20", "satelite": "NOAA-21", "municipio": "PEDRO ALEXANDRE", "estado": "BAHIA", "pais": "Brasil", "precipitacao": null, "numero_dias_sem_chuva": null, "risco_fogo": null, "bioma": "Caatinga", "id_0": 33, "id_1": 29, "id_2": 2924207, "continente_id": 8, "vegetacao": null, "grade_wrs": "215_067", "frp": 7.4}, "bbox": [-38.06348, -9.90695, -38.06348, -9.90695]}, {"type": "Feature", "id": "focos_48h_br_todosats.fid--211a0569_19dad572493_add", "geometry": {"type": "Point", "coordinates": [-40.54813, -11.35264]}, "geometry_name": "geometria", "properties": {"id_foco_bdq": 1814850730, "foco_id": "1e5fae76-79ee-3d12-a4b4-b81ed6e1d0cf", "longitude": -40.54813, "latitude": -11.35264, "data_hora_gmt": "2026-04-20T15:48:00Z", "data_pas": "2026-04-20", "satelite": "NOAA-21", "municipio": "MIGUEL CALMON", "estado": "BAHIA", "pais": "Brasil", "precipitacao": null, "numero_dias_sem_chuva": null, "risco_fogo": null, "bioma": "Caatinga", "id_0": 33, "id_1": 29, "id_2": 2921203, "continente_id": 8, "vegetacao": null, "grade_wrs": "217_068", "frp": 5.2}, "bbox": [-40.54813, -11.35264, -40.54813, -11.35264]}, {"type": "Feature", "id": "focos_48h_br_todosats.fid--211a0569_19dad572493_ade", "geometry": {"type": "Point", "coordinates": [-37.04317, -9.66322]}, "geometry_name": "geometria", "properties": {"id_foco_bdq": 1814850752, "foco_id": "b1085d75-5644-3438-b8de-760dc605dda2", "longitude": -37.04317, "latitude": -9.66322, "data_hora_gmt": "2026-04-20T15:48:00Z", "data_pas": "2026-04-20", "satelite": "NOAA-21", "municipio": "JARAMATAIA", "estado": "ALAGOAS", "pais": "Brasil", "precipitacao": null, "numero_dias_sem_chuva": null, "risco_fogo": null, "bioma": "Caatinga", "id_0": 33, "id_1": 27, "id_2": 2703700, "continente_id": 8, "vegetacao": null, "grade_wrs": "215_067", "frp": 4.3}, "bbox": [-37.04317, -9.66322, -37.04317, -9.66322]}, {"type": "Feature", "id": "focos_48h_br_todosats.fid--211a0569_19dad572493_adf", "geometry": {"type": "Point", "coordinates": [-36.98362, -9.95055]}, "geometry_name": "geometria", "properties": {"id_foco_bdq": 1814850765, "foco_id": "a2f05028-20db-3153-83a7-9387fa914393", "longitude": -36.98362, "latitude": -9.95055, "data_hora_gmt": "2026-04-20T15:48:00Z", "data_pas": "2026-04-20", "satelite": "NOAA-21", "municipio": "TRAIPU", "estado": "ALAGOAS", "pais": "Brasil", "precipitacao": null, "numero_dias_sem_chuva": null, "risco_fogo": null, "bioma": "Caatinga", "id_0": 33, "id_1": 27, "id_2": 2709202, "continente_id": 8, "vegetacao": null, "grade_wrs": "215_067", "frp": 5.8}, "bbox": [-36.98362, -9.95055, -36.98362, -9.95055]}, {"type": "Feature", "id": "focos_48h_br_todosats.fid--211a0569_19dad572493_ae0", "geometry": {"type": "Point", "coordinates": [-37.73458, -9.49375]}, "geometry_name": "geometria", "properties": {"id_foco_bdq": 1814850771, "foco_id": "c3c75fa2-93ca-39b8-92c0-8f82f8c9222d", "longitude": -37.73458, "latitude": -9.49375, "data_hora_gmt": "2026-04-20T15:48:00Z", "data_pas": "2026-04-20", "satelite": "NOAA-21", "municipio": "PIRANHAS", "estado": "ALAGOAS", "pais": "Brasil", "precipitacao": null, "numero_dias_sem_chuva": null, "risco_fogo": null, "bioma": "Caatinga", "id_0": 33, "id_1": 27, "id_2": 2707107, "continente_id": 8, "vegetacao": null, "grade_wrs": "215_067", "frp": 8.7}, "bbox": [-37.73458, -9.49375, -37.73458, -9.49375]}, {"type": "Feature", "id": "focos_48h_br_todosats.fid--211a0569_19dad572493_ae1", "geometry": {"type": "Point", "coordinates": [-37.07666, -10.31894]}, "geometry_name": "geometria", "properties": {"id_foco_bdq": 1814850827, "foco_id": "65cda359-d647-3be4-976c-0048eb0cff44", "longitude": -37.07666, "latitude": -10.31894, "data_hora_gmt": "2026-04-20T15:48:00Z", "data_pas": "2026-04-20", "satelite": "NOAA-21", "municipio": "AQUIDABÃ", "estado": "SERGIPE", "pais": "Brasil", "precipitacao": null, "numero_dias_sem_chuva": null, "risco_fogo": null, "bioma": "Mata Atlântica", "id_0": 33, "id_1": 28, "id_2": 2800209, "continente_id": 8, "vegetacao": null, "grade_wrs": "215_067", "frp": 3.5}, "bbox": [-37.07666, -10.31894, -37.07666, -10.31894]}, {"type": "Feature", "id": "focos_48h_br_todosats.fid--211a0569_19dad572493_ae2", "geometry": {"type": "Point", "coordinates": [-37.84344, -11.03657]}, "geometry_name": "geometria", "properties": {"id_foco_bdq": 1814850828, "foco_id": "0c8d5d72-2da8-32dd-8624-d1294c2346c1", "longitude": -37.84344, "latitude": -11.03657, "data_hora_gmt": "2026-04-20T15:48:00Z", "data_pas": "2026-04-20", "satelite": "NOAA-21", "municipio": "RIACHÃO DO DANTAS", "estado": "SERGIPE", "pais": "Brasil", "precipitacao": null, "numero_dias_sem_chuva": null, "risco_fogo": null, "bioma": "Caatinga", "id_0": 33, "id_1": 28, "id_2": 2805802, "continente_id": 8, "vegetacao": null, "grade_wrs": "215_068", "frp": 18.3}, "bbox": [-37.84344, -11.03657, -37.84344, -11.03657]}, {"type": "Feature", "id": "focos_48h_br_todosats.fid--211a0569_19dad572493_ae3", "geometry": {"type": "Point", "coordinates": [-44.7393, -11.72827]}, "geometry_name": "geometria", "properties": {"id_foco_bdq": 1814850862, "foco_id": "86980a33-508e-390e-aa1f-2c9afa7a6622", "longitude": -44.7393, "latitude": -11.72827, "data_hora_gmt": "2026-04-20T15:48:00Z", "data_pas": "2026-04-20", "satelite": "NOAA-21", "municipio": "RIACHÃO DAS NEVES", "estado": "BAHIA", "pais": "Brasil", "precipitacao": null, "numero_dias_sem_chuva": null, "risco_fogo": null, "bioma": "Cerrado", "id_0": 33, "id_1": 29, "id_2": 2926202, "continente_id": 8, "vegetacao": null, "grade_wrs": "220_068", "frp": 18.2}, "bbox": [-44.7393, -11.72827, -44.7393, -11.72827]}, {"type": "Feature", "id": "focos_48h_br_todosats.fid--211a0569_19dad572493_ae4", "geometry": {"type": "Point", "coordinates": [-37.74047, -9.8895]}, "geometry_name": "geometria", "properties": {"id_foco_bdq": 1814850949, "foco_id": "f4b03957-291a-3e5b-ad74-3e7923849606", "longitude": -37.74047, "latitude": -9.8895, "data_hora_gmt": "2026-04-20T15:48:00Z", "data_pas": "2026-04-20", "satelite": "NOAA-21", "municipio": "POÇO REDONDO", "estado": "SERGIPE", "pais": "Brasil", "precipitacao": null, "numero_dias_sem_chuva": null, "risco_fogo": null, "bioma": "Caatinga", "id_0": 33, "id_1": 28, "id_2": 2805406, "continente_id": 8, "vegetacao": null, "grade_wrs": "215_067", "frp": 13.2}, "bbox": [-37.74047, -9.8895, -37.74047, -9.8895]}, {"type": "Feature", "id": "focos_48h_br_todosats.fid--211a0569_19dad572493_ae5", "geometry": {"type": "Point", "coordinates": [-44.74002, -11.72256]}, "geometry_name": "geometria", "properties": {"id_foco_bdq": 1814851033, "foco_id": "310d32b6-9b8f-3573-8801-ab6add5319bc", "longitude": -44.74002, "latitude": -11.72256, "data_hora_gmt": "2026-04-20T15:48:00Z", "data_pas": "2026-04-20", "satelite": "NOAA-21", "municipio": "RIACHÃO DAS NEVES", "estado": "BAHIA", "pais": "Brasil", "precipitacao": null, "numero_dias_sem_chuva": null, "risco_fogo": null, "bioma": "Cerrado", "id_0": 33, "id_1": 29, "id_2": 2926202, "continente_id": 8, "vegetacao": null, "grade_wrs": "220_068", "frp": 16.3}, "bbox": [-44.74002, -11.72256, -44.74002, -11.72256]}, {"type": "Feature", "id": "focos_48h_br_todosats.fid--211a0569_19dad572493_ae6", "geometry": {"type": "Point", "coordinates": [-37.82608, -11.96036]}, "geometry_name": "geometria", "properties": {"id_foco_bdq": 1814851125, "foco_id": "78ade792-0aa4-3167-8047-f9b210ced2ed", "longitude": -37.82608, "latitude": -11.96036, "data_hora_gmt": "2026-04-20T15:48:00Z", "data_pas": "2026-04-20", "satelite": "NOAA-21", "municipio": "ESPLANADA", "estado": "BAHIA", "pais": "Brasil", "precipitacao": null, "numero_dias_sem_chuva": null, "risco_fogo": null, "bioma": "Mata Atlântica", "id_0": 33, "id_1": 29, "id_2": 2910602, "continente_id": 8, "vegetacao": null, "grade_wrs": "215_068", "frp": 10.5}, "bbox": [-37.82608, -11.96036, -37.82608, -11.96036]}, {"type": "Feature", "id": "focos_48h_br_todosats.fid--211a0569_19dad572493_ae7", "geometry": {"type": "Point", "coordinates": [-44.73937, -11.72871]}, "geometry_name": "geometria", "properties": {"id_foco_bdq": 1814851152, "foco_id": "65500c11-c35e-37f8-a236-37d868a29e9c", "longitude": -44.73937, "latitude": -11.72871, "data_hora_gmt": "2026-04-20T15:48:00Z", "data_pas": "2026-04-20", "satelite": "NOAA-21", "municipio": "RIACHÃO DAS NEVES", "estado": "BAHIA", "pais": "Brasil", "precipitacao": null, "numero_dias_sem_chuva": null, "risco_fogo": null, "bioma": "Cerrado", "id_0": 33, "id_1": 29, "id_2": 2926202, "continente_id": 8, "vegetacao": null, "grade_wrs": "220_068", "frp": 16.3}, "bbox": [-44.73937, -11.72871, -44.73937, -11.72871]}, {"type": "Feature", "id": "focos_48h_br_todosats.fid--211a0569_19dad572493_ae8", "geometry": {"type": "Point", "coordinates": [-41.26635, -11.93234]}, "geometry_name": "geometria", "properties": {"id_foco_bdq": 1814851179, "foco_id": "132f77b8-5d67-3de9-9cef-bfc6d7efab23", "longitude": -41.26635, "latitude": -11.93234, "data_hora_gmt": "2026-04-20T15:48:00Z", "data_pas": "2026-04-20", "satelite": "NOAA-21", "municipio": "BONITO", "estado": "BAHIA", "pais": "Brasil", "precipitacao": null, "numero_dias_sem_chuva": null, "risco_fogo": null, "bioma": "Caatinga", "id_0": 33, "id_1": 29, "id_2": 2904050, "continente_id": 8, "vegetacao": null, "grade_wrs": "217_068", "frp": 9.9}, "bbox": [-41.26635, -11.93234, -41.26635, -11.93234]}, {"type": "Feature", "id": "focos_48h_br_todosats.fid--211a0569_19dad572493_ae9", "geometry": {"type": "Point", "coordinates": [-37.89292, -10.90793]}, "geometry_name": "geometria", "properties": {"id_foco_bdq": 1814851200, "foco_id": "eb748fbd-3a23-3a94-b9ba-464155f41a60", "longitude": -37.89292, "latitude": -10.90793, "data_hora_gmt": "2026-04-20T15:48:00Z", "data_pas": "2026-04-20", "satelite": "NOAA-21", "municipio": "RIACHÃO DO DANTAS", "estado": "SERGIPE", "pais": "Brasil", "precipitacao": null, "numero_dias_sem_chuva": null, "risco_fogo": null, "bioma": "Caatinga", "id_0": 33, "id_1": 28, "id_2": 2805802, "continente_id": 8, "vegetacao": null, "grade_wrs": "215_068", "frp": 16.9}, "bbox": [-37.89292, -10.90793, -37.89292, -10.90793]}, {"type": "Feature", "id": "focos_48h_br_todosats.fid--211a0569_19dad572493_aea", "geometry": {"type": "Point", "coordinates": [-37.79515, -11.03371]}, "geometry_name": "geometria", "properties": {"id_foco_bdq": 1814851270, "foco_id": "f3715268-ba7e-3513-ac08-1548a390ed10", "longitude": -37.79515, "latitude": -11.03371, "data_hora_gmt": "2026-04-20T15:48:00Z", "data_pas": "2026-04-20", "satelite": "NOAA-21", "municipio": "RIACHÃO DO DANTAS", "estado": "SERGIPE", "pais": "Brasil", "precipitacao": null, "numero_dias_sem_chuva": null, "risco_fogo": null, "bioma": "Caatinga", "id_0": 33, "id_1": 28, "id_2": 2805802, "continente_id": 8, "vegetacao": null, "grade_wrs": "215_068", "frp": 4.2}, "bbox": [-37.79515, -11.03371, -37.79515, -11.03371]}, {"type": "Feature", "id": "focos_48h_br_todosats.fid--211a0569_19dad572493_aeb", "geometry": {"type": "Point", "coordinates": [-39.32731, -12.66487]}, "geometry_name": "geometria", "properties": {"id_foco_bdq": 1814851381, "foco_id": "0b120c87-9db4-3094-b467-dbf471e25945", "longitude": -39.32731, "latitude": -12.66487, "data_hora_gmt": "2026-04-20T15:48:00Z", "data_pas": "2026-04-20", "satelite": "NOAA-21", "municipio": "CASTRO ALVES", "estado": "BAHIA", "pais": "Brasil", "precipitacao": null, "numero_dias_sem_chuva": null, "risco_fogo": null, "bioma": "Mata Atlântica", "id_0": 33, "id_1": 29, "id_2": 2907301, "continente_id": 8, "vegetacao": null, "grade_wrs": "216_069", "frp": 8.8}, "bbox": [-39.32731, -12.66487, -39.32731, -12.66487]}, {"type": "Feature", "id": "focos_48h_br_todosats.fid--211a0569_19dad572493_aec", "geometry": {"type": "Point", "coordinates": [-37.57977, -9.1014]}, "geometry_name": "geometria", "properties": {"id_foco_bdq": 1814851442, "foco_id": "27790144-b6dd-3401-bf38-d779a2b1a926", "longitude": -37.57977, "latitude": -9.1014, "data_hora_gmt": "2026-04-20T15:48:00Z", "data_pas": "2026-04-20", "satelite": "NOAA-21", "municipio": "CANAPI", "estado": "ALAGOAS", "pais": "Brasil", "precipitacao": null, "numero_dias_sem_chuva": null, "risco_fogo": null, "bioma": "Caatinga", "id_0": 33, "id_1": 27, "id_2": 2701605, "continente_id": 8, "vegetacao": null, "grade_wrs": "215_066", "frp": 4.4}, "bbox": [-37.57977, -9.1014, -37.57977, -9.1014]}, {"type": "Feature", "id": "focos_48h_br_todosats.fid--211a0569_19dad572493_aed", "geometry": {"type": "Point", "coordinates": [-44.73993, -11.72213]}, "geometry_name": "geometria", "properties": {"id_foco_bdq": 1814851448, "foco_id": "70e7958b-7c7e-36d7-bd73-f1e5ed1dfa07", "longitude": -44.73993, "latitude": -11.72213, "data_hora_gmt": "2026-04-20T15:48:00Z", "data_pas": "2026-04-20", "satelite": "NOAA-21", "municipio": "RIACHÃO DAS NEVES", "estado": "BAHIA", "pais": "Brasil", "precipitacao": null, "numero_dias_sem_chuva": null, "risco_fogo": null, "bioma": "Cerrado", "id_0": 33, "id_1": 29, "id_2": 2926202, "continente_id": 8, "vegetacao": null, "grade_wrs": "220_068", "frp": 13.7}, "bbox": [-44.73993, -11.72213, -44.73993, -11.72213]}, {"type": "Feature", "id": "focos_48h_br_todosats.fid--211a0569_19dad572493_aee", "geometry": {"type": "Point", "coordinates": [-38.0666, -9.90879]}, "geometry_name": "geometria", "properties": {"id_foco_bdq": 1814851478, "foco_id": "0218b445-08b2-336d-b41c-b54cd9715b89", "longitude": -38.0666, "latitude": -9.90879, "data_hora_gmt": "2026-04-20T15:48:00Z", "data_pas": "2026-04-20", "satelite": "NOAA-21", "municipio": "PEDRO ALEXANDRE", "estado": "BAHIA", "pais": "Brasil", "precipitacao": null, "numero_dias_sem_chuva": null, "risco_fogo": null, "bioma": "Caatinga", "id_0": 33, "id_1": 29, "id_2": 2924207, "continente_id": 8, "vegetacao": null, "grade_wrs": "215_067", "frp": 4.7}, "bbox": [-38.0666, -9.90879, -38.0666, -9.90879]}, {"type": "Feature", "id": "focos_48h_br_todosats.fid--211a0569_19dad572493_aef", "geometry": {"type": "Point", "coordinates": [-38.25254, -10.23626]}, "geometry_name": "geometria", "properties": {"id_foco_bdq": 1814851518, "foco_id": "84a5f55a-1450-3d4f-b755-919a2bc9f952", "longitude": -38.25254, "latitude": -10.23626, "data_hora_gmt": "2026-04-20T15:48:00Z", "data_pas": "2026-04-20", "satelite": "NOAA-21", "municipio": "JEREMOABO", "estado": "BAHIA", "pais": "Brasil", "precipitacao": null, "numero_dias_sem_chuva": null, "risco_fogo": null, "bioma": "Caatinga", "id_0": 33, "id_1": 29, "id_2": 2918100, "continente_id": 8, "vegetacao": null, "grade_wrs": "216_067", "frp": 5.7}, "bbox": [-38.25254, -10.23626, -38.25254, -10.23626]}, {"type": "Feature", "id": "focos_48h_br_todosats.fid--211a0569_19dad572493_af0", "geometry": {"type": "Point", "coordinates": [-50.64228, -29.39617]}, "geometry_name": "geometria", "properties": {"id_foco_bdq": 1814852285, "foco_id": "c78320ca-899b-39e9-95c3-f925528e924c", "longitude": -50.64228, "latitude": -29.39617, "data_hora_gmt": "2026-04-20T16:13:00Z", "data_pas": "2026-04-20", "satelite": "NPP-375", "municipio": "SÃO FRANCISCO DE PAULA", "estado": "RIO GRANDE DO SUL", "pais": "Brasil", "precipitacao": null, "numero_dias_sem_chuva": null, "risco_fogo": null, "bioma": "Mata Atlântica", "id_0": 33, "id_1": 43, "id_2": 4318200, "continente_id": 8, "vegetacao": null, "grade_wrs": "221_080", "frp": 3.4}, "bbox": [-50.64228, -29.39617, -50.64228, -29.39617]}, {"type": "Feature", "id": "focos_48h_br_todosats.fid--211a0569_19dad572493_af1", "geometry": {"type": "Point", "coordinates": [-49.42242, -27.44433]}, "geometry_name": "geometria", "properties": {"id_foco_bdq": 1814852363, "foco_id": "29d4ff84-f936-35f1-8a95-08109efba05f", "longitude": -49.42242, "latitude": -27.44433, "data_hora_gmt": "2026-04-20T16:16:00Z", "data_pas": "2026-04-20", "satelite": "NPP-375", "municipio": "VIDAL RAMOS", "estado": "SANTA CATARINA", "pais": "Brasil", "precipitacao": null, "numero_dias_sem_chuva": null, "risco_fogo": null, "bioma": "Mata Atlântica", "id_0": 33, "id_1": 42, "id_2": 4219200, "continente_id": 8, "vegetacao": null, "grade_wrs": "220_079", "frp": 2.8}, "bbox": [-49.42242, -27.44433, -49.42242, -27.44433]}, {"type": "Feature", "id": "focos_48h_br_todosats.fid--211a0569_19dad572493_af2", "geometry": {"type": "Point", "coordinates": [-45.37807, -21.20827]}, "geometry_name": "geometria", "properties": {"id_foco_bdq": 1814852497, "foco_id": "d5768556-77bb-3134-b7b6-f3cba6ce5e34", "longitude": -45.37807, "latitude": -21.20827, "data_hora_gmt": "2026-04-20T16:16:00Z", "data_pas": "2026-04-20", "satelite": "NPP-375", "municipio": "COQUEIRAL", "estado": "MINAS GERAIS", "pais": "Brasil", "precipitacao": null, "numero_dias_sem_chuva": null, "risco_fogo": null, "bioma": "Mata Atlântica", "id_0": 33, "id_1": 31, "id_2": 3118700, "continente_id": 8, "vegetacao": null, "grade_wrs": "219_075", "frp": 6.7}, "bbox": [-45.37807, -21.20827, -45.37807, -21.20827]}, {"type": "Feature", "id": "focos_48h_br_todosats.fid--211a0569_19dad572493_af3", "geometry": {"type": "Point", "coordinates": [-49.1137, -28.07562]}, "geometry_name": "geometria", "properties": {"id_foco_bdq": 1814853113, "foco_id": "c72b7a52-a904-3fed-9fbf-fe85628c7a90", "longitude": -49.1137, "latitude": -28.07562, "data_hora_gmt": "2026-04-20T16:16:00Z", "data_pas": "2026-04-20", "satelite": "NPP-375", "municipio": "RIO FORTUNA", "estado": "SANTA CATARINA", "pais": "Brasil", "precipitacao": null, "numero_dias_sem_chuva": null, "risco_fogo": null, "bioma": "Mata Atlântica", "id_0": 33, "id_1": 42, "id_2": 4214904, "continente_id": 8, "vegetacao": null, "grade_wrs": "220_079", "frp": 2.3}, "bbox": [-49.1137, -28.07562, -49.1137, -28.07562]}, {"type": "Feature", "id": "focos_48h_br_todosats.fid--211a0569_19dad572493_af4", "geometry": {"type": "Point", "coordinates": [-49.44409, -27.7366]}, "geometry_name": "geometria", "properties": {"id_foco_bdq": 1814853509, "foco_id": "86ced520-3e21-3148-810f-55130578ac6b", "longitude": -49.44409, "latitude": -27.7366, "data_hora_gmt": "2026-04-20T16:16:00Z", "data_pas": "2026-04-20", "satelite": "NPP-375", "municipio": "ALFREDO WAGNER", "estado": "SANTA CATARINA", "pais": "Brasil", "precipitacao": null, "numero_dias_sem_chuva": null, "risco_fogo": null, "bioma": "Mata Atlântica", "id_0": 33, "id_1": 42, "id_2": 4200705, "continente_id": 8, "vegetacao": null, "grade_wrs": "220_079", "frp": 8}, "bbox": [-49.44409, -27.7366, -49.44409, -27.7366]}, {"type": "Feature", "id": "focos_48h_br_todosats.fid--211a0569_19dad572493_af5", "geometry": {"type": "Point", "coordinates": [-49.44458, -27.73172]}, "geometry_name": "geometria", "properties": {"id_foco_bdq": 1814853316, "foco_id": "1ca37393-7312-3dc4-9be0-839a4c27a9b6", "longitude": -49.44458, "latitude": -27.73172, "data_hora_gmt": "2026-04-20T16:16:00Z", "data_pas": "2026-04-20", "satelite": "NPP-375", "municipio": "ALFREDO WAGNER", "estado": "SANTA CATARINA", "pais": "Brasil", "precipitacao": null, "numero_dias_sem_chuva": null, "risco_fogo": null, "bioma": "Mata Atlântica", "id_0": 33, "id_1": 42, "id_2": 4200705, "continente_id": 8, "vegetacao": null, "grade_wrs": "220_079", "frp": 28.4}, "bbox": [-49.44458, -27.73172, -49.44458, -27.73172]}, {"type": "Feature", "id": "focos_48h_br_todosats.fid--211a0569_19dad572493_af6", "geometry": {"type": "Point", "coordinates": [-50.33131, -26.42224]}, "geometry_name": "geometria", "properties": {"id_foco_bdq": 1814852922, "foco_id": "2649a05f-8960-3de0-951c-2d1a0f30c4f8", "longitude": -50.33131, "latitude": -26.42224, "data_hora_gmt": "2026-04-20T16:16:00Z", "data_pas": "2026-04-20", "satelite": "NPP-375", "municipio": "MAJOR VIEIRA", "estado": "SANTA CATARINA", "pais": "Brasil", "precipitacao": null, "numero_dias_sem_chuva": null, "risco_fogo": null, "bioma": "Mata Atlântica", "id_0": 33, "id_1": 42, "id_2": 4210308, "continente_id": 8, "vegetacao": null, "grade_wrs": "221_078", "frp": 5.5}, "bbox": [-50.33131, -26.42224, -50.33131, -26.42224]}, {"type": "Feature", "id": "focos_48h_br_todosats.fid--211a0569_19dad572493_af7", "geometry": {"type": "Point", "coordinates": [-50.81189, -27.0138]}, "geometry_name": "geometria", "properties": {"id_foco_bdq": 1814853228, "foco_id": "a2614e72-2fd5-3463-9c0f-d6e3184bdc91", "longitude": -50.81189, "latitude": -27.0138, "data_hora_gmt": "2026-04-20T16:16:00Z", "data_pas": "2026-04-20", "satelite": "NPP-375", "municipio": "FRAIBURGO", "estado": "SANTA CATARINA", "pais": "Brasil", "precipitacao": null, "numero_dias_sem_chuva": null, "risco_fogo": null, "bioma": "Mata Atlântica", "id_0": 33, "id_1": 42, "id_2": 4205506, "continente_id": 8, "vegetacao": null, "grade_wrs": "221_079", "frp": 5.9}, "bbox": [-50.81189, -27.0138, -50.81189, -27.0138]}, {"type": "Feature", "id": "focos_48h_br_todosats.fid--211a0569_19dad572493_af8", "geometry": {"type": "Point", "coordinates": [-49.20973, -24.72505]}, "geometry_name": "geometria", "properties": {"id_foco_bdq": 1814852679, "foco_id": "1fe22ea8-0f3e-3128-9f3d-51f12de25c62", "longitude": -49.20973, "latitude": -24.72505, "data_hora_gmt": "2026-04-20T16:16:00Z", "data_pas": "2026-04-20", "satelite": "NPP-375", "municipio": "CERRO AZUL", "estado": "PARANÁ", "pais": "Brasil", "precipitacao": null, "numero_dias_sem_chuva": null, "risco_fogo": null, "bioma": "Mata Atlântica", "id_0": 33, "id_1": 41, "id_2": 4105201, "continente_id": 8, "vegetacao": null, "grade_wrs": "220_077", "frp": 16.4}, "bbox": [-49.20973, -24.72505, -49.20973, -24.72505]}, {"type": "Feature", "id": "focos_48h_br_todosats.fid--211a0569_19dad572493_af9", "geometry": {"type": "Point", "coordinates": [-50.81283, -27.01649]}, "geometry_name": "geometria", "properties": {"id_foco_bdq": 1814852875, "foco_id": "69a17470-e62f-323b-9a8b-4787be2623cf", "longitude": -50.81283, "latitude": -27.01649, "data_hora_gmt": "2026-04-20T16:16:00Z", "data_pas": "2026-04-20", "satelite": "NPP-375", "municipio": "FRAIBURGO", "estado": "SANTA CATARINA", "pais": "Brasil", "precipitacao": null, "numero_dias_sem_chuva": null, "risco_fogo": null, "bioma": "Mata Atlântica", "id_0": 33, "id_1": 42, "id_2": 4205506, "continente_id": 8, "vegetacao": null, "grade_wrs": "221_079", "frp": 4.2}, "bbox": [-50.81283, -27.01649, -50.81283, -27.01649]}, {"type": "Feature", "id": "focos_48h_br_todosats.fid--211a0569_19dad572493_afa", "geometry": {"type": "Point", "coordinates": [-49.80192, -22.54379]}, "geometry_name": "geometria", "properties": {"id_foco_bdq": 1814852537, "foco_id": "a349fd5c-76f5-3773-9237-153329b7d33f", "longitude": -49.80192, "latitude": -22.54379, "data_hora_gmt": "2026-04-20T16:16:00Z", "data_pas": "2026-04-20", "satelite": "NPP-375", "municipio": "SÃO PEDRO DO TURVO", "estado": "SÃO PAULO", "pais": "Brasil", "precipitacao": null, "numero_dias_sem_chuva": null, "risco_fogo": null, "bioma": "Cerrado", "id_0": 33, "id_1": 35, "id_2": 3550506, "continente_id": 8, "vegetacao": null, "grade_wrs": "221_076", "frp": 9.4}, "bbox": [-49.80192, -22.54379, -49.80192, -22.54379]}, {"type": "Feature", "id": "focos_48h_br_todosats.fid--211a0569_19dad572493_afb", "geometry": {"type": "Point", "coordinates": [-50.80216, -28.88848]}, "geometry_name": "geometria", "properties": {"id_foco_bdq": 1814852757, "foco_id": "9289e94e-9266-3071-b0dc-962c1b08e1bb", "longitude": -50.80216, "latitude": -28.88848, "data_hora_gmt": "2026-04-20T16:16:00Z", "data_pas": "2026-04-20", "satelite": "NPP-375", "municipio": "SÃO FRANCISCO DE PAULA", "estado": "RIO GRANDE DO SUL", "pais": "Brasil", "precipitacao": null, "numero_dias_sem_chuva": null, "risco_fogo": null, "bioma": "Mata Atlântica", "id_0": 33, "id_1": 43, "id_2": 4318200, "continente_id": 8, "vegetacao": null, "grade_wrs": "221_080", "frp": 8.7}, "bbox": [-50.80216, -28.88848, -50.80216, -28.88848]}, {"type": "Feature", "id": "focos_48h_br_todosats.fid--211a0569_19dad572493_afc", "geometry": {"type": "Point", "coordinates": [-50.56445, -27.49789]}, "geometry_name": "geometria", "properties": {"id_foco_bdq": 1814852295, "foco_id": "680c2e88-ae8a-33fe-b01c-c24ac2a55aed", "longitude": -50.56445, "latitude": -27.49789, "data_hora_gmt": "2026-04-20T16:16:00Z", "data_pas": "2026-04-20", "satelite": "NPP-375", "municipio": "CURITIBANOS", "estado": "SANTA CATARINA", "pais": "Brasil", "precipitacao": null, "numero_dias_sem_chuva": null, "risco_fogo": null, "bioma": "Mata Atlântica", "id_0": 33, "id_1": 42, "id_2": 4204806, "continente_id": 8, "vegetacao": null, "grade_wrs": "221_079", "frp": 9.9}, "bbox": [-50.56445, -27.49789, -50.56445, -27.49789]}, {"type": "Feature", "id": "focos_48h_br_todosats.fid--211a0569_19dad572493_afd", "geometry": {"type": "Point", "coordinates": [-49.45097, -27.7304]}, "geometry_name": "geometria", "properties": {"id_foco_bdq": 1814852987, "foco_id": "bf765485-853b-3889-bb7d-f26af25b5315", "longitude": -49.45097, "latitude": -27.7304, "data_hora_gmt": "2026-04-20T16:16:00Z", "data_pas": "2026-04-20", "satelite": "NPP-375", "municipio": "ALFREDO WAGNER", "estado": "SANTA CATARINA", "pais": "Brasil", "precipitacao": null, "numero_dias_sem_chuva": null, "risco_fogo": null, "bioma": "Mata Atlântica", "id_0": 33, "id_1": 42, "id_2": 4200705, "continente_id": 8, "vegetacao": null, "grade_wrs": "220_079", "frp": 8}, "bbox": [-49.45097, -27.7304, -49.45097, -27.7304]}, {"type": "Feature", "id": "focos_48h_br_todosats.fid--211a0569_19dad572493_afe", "geometry": {"type": "Point", "coordinates": [-50.6092, -27.16826]}, "geometry_name": "geometria", "properties": {"id_foco_bdq": 1814852502, "foco_id": "2e2459fd-d33b-3269-91cf-7b71ce42a497", "longitude": -50.6092, "latitude": -27.16826, "data_hora_gmt": "2026-04-20T16:16:00Z", "data_pas": "2026-04-20", "satelite": "NPP-375", "municipio": "CURITIBANOS", "estado": "SANTA CATARINA", "pais": "Brasil", "precipitacao": null, "numero_dias_sem_chuva": null, "risco_fogo": null, "bioma": "Mata Atlântica", "id_0": 33, "id_1": 42, "id_2": 4204806, "continente_id": 8, "vegetacao": null, "grade_wrs": "221_079", "frp": 12.2}, "bbox": [-50.6092, -27.16826, -50.6092, -27.16826]}, {"type": "Feature", "id": "focos_48h_br_todosats.fid--211a0569_19dad572493_aff", "geometry": {"type": "Point", "coordinates": [-50.19157, -27.13978]}, "geometry_name": "geometria", "properties": {"id_foco_bdq": 1814852991, "foco_id": "b9340c59-7849-35a8-91ff-ce7bd78bd221", "longitude": -50.19157, "latitude": -27.13978, "data_hora_gmt": "2026-04-20T16:16:00Z", "data_pas": "2026-04-20", "satelite": "NPP-375", "municipio": "TAIÓ", "estado": "SANTA CATARINA", "pais": "Brasil", "precipitacao": null, "numero_dias_sem_chuva": null, "risco_fogo": null, "bioma": "Mata Atlântica", "id_0": 33, "id_1": 42, "id_2": 4217808, "continente_id": 8, "vegetacao": null, "grade_wrs": "221_079", "frp": 15.8}, "bbox": [-50.19157, -27.13978, -50.19157, -27.13978]}, {"type": "Feature", "id": "focos_48h_br_todosats.fid--211a0569_19dad572493_b00", "geometry": {"type": "Point", "coordinates": [-45.22678, -23.55536]}, "geometry_name": "geometria", "properties": {"id_foco_bdq": 1814853079, "foco_id": "50ebc791-68ff-32b4-838f-455e2cd04121", "longitude": -45.22678, "latitude": -23.55536, "data_hora_gmt": "2026-04-20T16:16:00Z", "data_pas": "2026-04-20", "satelite": "NPP-375", "municipio": "UBATUBA", "estado": "SÃO PAULO", "pais": "Brasil", "precipitacao": null, "numero_dias_sem_chuva": null, "risco_fogo": null, "bioma": "Mata Atlântica", "id_0": 33, "id_1": 35, "id_2": 3555406, "continente_id": 8, "vegetacao": null, "grade_wrs": "218_076", "frp": 7.7}, "bbox": [-45.22678, -23.55536, -45.22678, -23.55536]}, {"type": "Feature", "id": "focos_48h_br_todosats.fid--211a0569_19dad572493_b01", "geometry": {"type": "Point", "coordinates": [-49.33707, -25.10366]}, "geometry_name": "geometria", "properties": {"id_foco_bdq": 1814852756, "foco_id": "ea9cd20c-f812-3f35-b255-719c8650a7e7", "longitude": -49.33707, "latitude": -25.10366, "data_hora_gmt": "2026-04-20T16:16:00Z", "data_pas": "2026-04-20", "satelite": "NPP-375", "municipio": "RIO BRANCO DO SUL", "estado": "PARANÁ", "pais": "Brasil", "precipitacao": null, "numero_dias_sem_chuva": null, "risco_fogo": null, "bioma": "Mata Atlântica", "id_0": 33, "id_1": 41, "id_2": 4122206, "continente_id": 8, "vegetacao": null, "grade_wrs": "221_077", "frp": 6.7}, "bbox": [-49.33707, -25.10366, -49.33707, -25.10366]}, {"type": "Feature", "id": "focos_48h_br_todosats.fid--211a0569_19dad572493_b02", "geometry": {"type": "Point", "coordinates": [-50.57089, -27.4977]}, "geometry_name": "geometria", "properties": {"id_foco_bdq": 1814853492, "foco_id": "ea199e50-acf6-3ebe-a150-bf16385dd825", "longitude": -50.57089, "latitude": -27.4977, "data_hora_gmt": "2026-04-20T16:16:00Z", "data_pas": "2026-04-20", "satelite": "NPP-375", "municipio": "CURITIBANOS", "estado": "SANTA CATARINA", "pais": "Brasil", "precipitacao": null, "numero_dias_sem_chuva": null, "risco_fogo": null, "bioma": "Mata Atlântica", "id_0": 33, "id_1": 42, "id_2": 4204806, "continente_id": 8, "vegetacao": null, "grade_wrs": "221_079", "frp": 11.2}, "bbox": [-50.57089, -27.4977, -50.57089, -27.4977]}, {"type": "Feature", "id": "focos_48h_br_todosats.fid--211a0569_19dad572493_b03", "geometry": {"type": "Point", "coordinates": [-48.52727, -24.44647]}, "geometry_name": "geometria", "properties": {"id_foco_bdq": 1814853082, "foco_id": "79c3de3c-e820-3535-b89e-dcb995f20c33", "longitude": -48.52727, "latitude": -24.44647, "data_hora_gmt": "2026-04-20T16:16:00Z", "data_pas": "2026-04-20", "satelite": "NPP-375", "municipio": "IPORANGA", "estado": "SÃO PAULO", "pais": "Brasil", "precipitacao": null, "numero_dias_sem_chuva": null, "risco_fogo": null, "bioma": "Mata Atlântica", "id_0": 33, "id_1": 35, "id_2": 3521200, "continente_id": 8, "vegetacao": null, "grade_wrs": "220_077", "frp": 3.7}, "bbox": [-48.52727, -24.44647, -48.52727, -24.44647]}, {"type": "Feature", "id": "focos_48h_br_todosats.fid--211a0569_19dad572493_b04", "geometry": {"type": "Point", "coordinates": [-49.20641, -24.72126]}, "geometry_name": "geometria", "properties": {"id_foco_bdq": 1814852894, "foco_id": "7314d95c-4327-3a6c-86cb-7d78d22f418b", "longitude": -49.20641, "latitude": -24.72126, "data_hora_gmt": "2026-04-20T16:16:00Z", "data_pas": "2026-04-20", "satelite": "NPP-375", "municipio": "CERRO AZUL", "estado": "PARANÁ", "pais": "Brasil", "precipitacao": null, "numero_dias_sem_chuva": null, "risco_fogo": null, "bioma": "Mata Atlântica", "id_0": 33, "id_1": 41, "id_2": 4105201, "continente_id": 8, "vegetacao": null, "grade_wrs": "220_077", "frp": 6.2}, "bbox": [-49.20641, -24.72126, -49.20641, -24.72126]}, {"type": "Feature", "id": "focos_48h_br_todosats.fid--211a0569_19dad572493_b05", "geometry": {"type": "Point", "coordinates": [-49.21314, -24.72178]}, "geometry_name": "geometria", "properties": {"id_foco_bdq": 1814852211, "foco_id": "742e57e3-7111-34f3-9338-f150e8443335", "longitude": -49.21314, "latitude": -24.72178, "data_hora_gmt": "2026-04-20T16:16:00Z", "data_pas": "2026-04-20", "satelite": "NPP-375", "municipio": "CERRO AZUL", "estado": "PARANÁ", "pais": "Brasil", "precipitacao": null, "numero_dias_sem_chuva": null, "risco_fogo": null, "bioma": "Mata Atlântica", "id_0": 33, "id_1": 41, "id_2": 4105201, "continente_id": 8, "vegetacao": null, "grade_wrs": "220_077", "frp": 6.2}, "bbox": [-49.21314, -24.72178, -49.21314, -24.72178]}, {"type": "Feature", "id": "focos_48h_br_todosats.fid--211a0569_19dad572493_b06", "geometry": {"type": "Point", "coordinates": [-45.37517, -21.2073]}, "geometry_name": "geometria", "properties": {"id_foco_bdq": 1814852553, "foco_id": "73819eff-315b-306a-9d6f-a4395be3d45b", "longitude": -45.37517, "latitude": -21.2073, "data_hora_gmt": "2026-04-20T16:16:00Z", "data_pas": "2026-04-20", "satelite": "NPP-375", "municipio": "COQUEIRAL", "estado": "MINAS GERAIS", "pais": "Brasil", "precipitacao": null, "numero_dias_sem_chuva": null, "risco_fogo": null, "bioma": "Mata Atlântica", "id_0": 33, "id_1": 31, "id_2": 3118700, "continente_id": 8, "vegetacao": null, "grade_wrs": "219_075", "frp": 5.8}, "bbox": [-45.37517, -21.2073, -45.37517, -21.2073]}, {"type": "Feature", "id": "focos_48h_br_todosats.fid--211a0569_19dad572493_b07", "geometry": {"type": "Point", "coordinates": [-45.38043, -21.20789]}, "geometry_name": "geometria", "properties": {"id_foco_bdq": 1814852413, "foco_id": "4806ff24-7c70-3df0-bbed-2deab4455bef", "longitude": -45.38043, "latitude": -21.20789, "data_hora_gmt": "2026-04-20T16:16:00Z", "data_pas": "2026-04-20", "satelite": "NPP-375", "municipio": "COQUEIRAL", "estado": "MINAS GERAIS", "pais": "Brasil", "precipitacao": null, "numero_dias_sem_chuva": null, "risco_fogo": null, "bioma": "Mata Atlântica", "id_0": 33, "id_1": 31, "id_2": 3118700, "continente_id": 8, "vegetacao": null, "grade_wrs": "219_075", "frp": 5.8}, "bbox": [-45.38043, -21.20789, -45.38043, -21.20789]}, {"type": "Feature", "id": "focos_48h_br_todosats.fid--211a0569_19dad572493_b08", "geometry": {"type": "Point", "coordinates": [-44.91932, -23.04604]}, "geometry_name": "geometria", "properties": {"id_foco_bdq": 1814852821, "foco_id": "6b7af858-3ce4-3ebc-8474-20f089fa56eb", "longitude": -44.91932, "latitude": -23.04604, "data_hora_gmt": "2026-04-20T16:16:00Z", "data_pas": "2026-04-20", "satelite": "NPP-375", "municipio": "CUNHA", "estado": "SÃO PAULO", "pais": "Brasil", "precipitacao": null, "numero_dias_sem_chuva": null, "risco_fogo": null, "bioma": "Mata Atlântica", "id_0": 33, "id_1": 35, "id_2": 3513603, "continente_id": 8, "vegetacao": null, "grade_wrs": "218_076", "frp": 2}, "bbox": [-44.91932, -23.04604, -44.91932, -23.04604]}, {"type": "Feature", "id": "focos_48h_br_todosats.fid--211a0569_19dad572493_b09", "geometry": {"type": "Point", "coordinates": [-51.17643, -22.23921]}, "geometry_name": "geometria", "properties": {"id_foco_bdq": 1814853123, "foco_id": "9058ef0f-12a9-33a6-a0cd-d722a7123c13", "longitude": -51.17643, "latitude": -22.23921, "data_hora_gmt": "2026-04-20T16:16:00Z", "data_pas": "2026-04-20", "satelite": "NPP-375", "municipio": "MARTINÓPOLIS", "estado": "SÃO PAULO", "pais": "Brasil", "precipitacao": null, "numero_dias_sem_chuva": null, "risco_fogo": null, "bioma": "Cerrado", "id_0": 33, "id_1": 35, "id_2": 3529203, "continente_id": 8, "vegetacao": null, "grade_wrs": "222_075", "frp": 10.9}, "bbox": [-51.17643, -22.23921, -51.17643, -22.23921]}, {"type": "Feature", "id": "focos_48h_br_todosats.fid--211a0569_19dad572493_b0a", "geometry": {"type": "Point", "coordinates": [-48.22505, -22.04205]}, "geometry_name": "geometria", "properties": {"id_foco_bdq": 1814852725, "foco_id": "a47b68a9-136e-3fea-a97e-3f57e1c17ab5", "longitude": -48.22505, "latitude": -22.04205, "data_hora_gmt": "2026-04-20T16:16:00Z", "data_pas": "2026-04-20", "satelite": "NPP-375", "municipio": "RIBEIRÃO BONITO", "estado": "SÃO PAULO", "pais": "Brasil", "precipitacao": null, "numero_dias_sem_chuva": null, "risco_fogo": null, "bioma": "Cerrado", "id_0": 33, "id_1": 35, "id_2": 3542909, "continente_id": 8, "vegetacao": null, "grade_wrs": "220_075", "frp": 6.9}, "bbox": [-48.22505, -22.04205, -48.22505, -22.04205]}, {"type": "Feature", "id": "focos_48h_br_todosats.fid--211a0569_19dad572493_b0b", "geometry": {"type": "Point", "coordinates": [-50.21753, -27.92836]}, "geometry_name": "geometria", "properties": {"id_foco_bdq": 1814853084, "foco_id": "0f85442b-2ab6-30f3-84bb-8bab2d6644c3", "longitude": -50.21753, "latitude": -27.92836, "data_hora_gmt": "2026-04-20T16:16:00Z", "data_pas": "2026-04-20", "satelite": "NPP-375", "municipio": "LAGES", "estado": "SANTA CATARINA", "pais": "Brasil", "precipitacao": null, "numero_dias_sem_chuva": null, "risco_fogo": null, "bioma": "Mata Atlântica", "id_0": 33, "id_1": 42, "id_2": 4209300, "continente_id": 8, "vegetacao": null, "grade_wrs": "221_079", "frp": 18}, "bbox": [-50.21753, -27.92836, -50.21753, -27.92836]}, {"type": "Feature", "id": "focos_48h_br_todosats.fid--211a0569_19dad572493_b0c", "geometry": {"type": "Point", "coordinates": [-50.20998, -27.92797]}, "geometry_name": "geometria", "properties": {"id_foco_bdq": 1814852623, "foco_id": "fccc6ba3-63e7-3e73-b45b-62d9fc5c0c61", "longitude": -50.20998, "latitude": -27.92797, "data_hora_gmt": "2026-04-20T16:16:00Z", "data_pas": "2026-04-20", "satelite": "NPP-375", "municipio": "LAGES", "estado": "SANTA CATARINA", "pais": "Brasil", "precipitacao": null, "numero_dias_sem_chuva": null, "risco_fogo": null, "bioma": "Mata Atlântica", "id_0": 33, "id_1": 42, "id_2": 4209300, "continente_id": 8, "vegetacao": null, "grade_wrs": "221_079", "frp": 19.2}, "bbox": [-50.20998, -27.92797, -50.20998, -27.92797]}, {"type": "Feature", "id": "focos_48h_br_todosats.fid--211a0569_19dad572493_b0d", "geometry": {"type": "Point", "coordinates": [-49.6095, -26.97489]}, "geometry_name": "geometria", "properties": {"id_foco_bdq": 1814852816, "foco_id": "65542258-9d9f-3c6f-b47c-c68bdcd4c7f0", "longitude": -49.6095, "latitude": -26.97489, "data_hora_gmt": "2026-04-20T16:16:00Z", "data_pas": "2026-04-20", "satelite": "NPP-375", "municipio": "JOSÉ BOITEUX", "estado": "SANTA CATARINA", "pais": "Brasil", "precipitacao": null, "numero_dias_sem_chuva": null, "risco_fogo": null, "bioma": "Mata Atlântica", "id_0": 33, "id_1": 42, "id_2": 4209151, "continente_id": 8, "vegetacao": null, "grade_wrs": "220_079", "frp": 13.4}, "bbox": [-49.6095, -26.97489, -49.6095, -26.97489]}, {"type": "Feature", "id": "focos_48h_br_todosats.fid--211a0569_19dad572493_b0e", "geometry": {"type": "Point", "coordinates": [-50.21896, -27.92734]}, "geometry_name": "geometria", "properties": {"id_foco_bdq": 1814852425, "foco_id": "fa981adb-88ab-3d9d-9ae0-0a025943543b", "longitude": -50.21896, "latitude": -27.92734, "data_hora_gmt": "2026-04-20T16:16:00Z", "data_pas": "2026-04-20", "satelite": "NPP-375", "municipio": "LAGES", "estado": "SANTA CATARINA", "pais": "Brasil", "precipitacao": null, "numero_dias_sem_chuva": null, "risco_fogo": null, "bioma": "Mata Atlântica", "id_0": 33, "id_1": 42, "id_2": 4209300, "continente_id": 8, "vegetacao": null, "grade_wrs": "221_079", "frp": 5.8}, "bbox": [-50.21896, -27.92734, -50.21896, -27.92734]}, {"type": "Feature", "id": "focos_48h_br_todosats.fid--211a0569_19dad572493_b0f", "geometry": {"type": "Point", "coordinates": [-48.75465, -27.43585]}, "geometry_name": "geometria", "properties": {"id_foco_bdq": 1814853032, "foco_id": "05b514e6-87b3-3f38-a067-7473c3771d71", "longitude": -48.75465, "latitude": -27.43585, "data_hora_gmt": "2026-04-20T16:16:00Z", "data_pas": "2026-04-20", "satelite": "NPP-375", "municipio": "BIGUAÇU", "estado": "SANTA CATARINA", "pais": "Brasil", "precipitacao": null, "numero_dias_sem_chuva": null, "risco_fogo": null, "bioma": "Mata Atlântica", "id_0": 33, "id_1": 42, "id_2": 4202305, "continente_id": 8, "vegetacao": null, "grade_wrs": "220_079", "frp": 4.2}, "bbox": [-48.75465, -27.43585, -48.75465, -27.43585]}, {"type": "Feature", "id": "focos_48h_br_todosats.fid--211a0569_19dad572493_b10", "geometry": {"type": "Point", "coordinates": [-49.44997, -27.73204]}, "geometry_name": "geometria", "properties": {"id_foco_bdq": 1814853526, "foco_id": "1b7dd60e-c8b6-3d1b-bba2-781c3d84ee23", "longitude": -49.44997, "latitude": -27.73204, "data_hora_gmt": "2026-04-20T16:16:00Z", "data_pas": "2026-04-20", "satelite": "NPP-375", "municipio": "ALFREDO WAGNER", "estado": "SANTA CATARINA", "pais": "Brasil", "precipitacao": null, "numero_dias_sem_chuva": null, "risco_fogo": null, "bioma": "Mata Atlântica", "id_0": 33, "id_1": 42, "id_2": 4200705, "continente_id": 8, "vegetacao": null, "grade_wrs": "220_079", "frp": 12.7}, "bbox": [-49.44997, -27.73204, -49.44997, -27.73204]}, {"type": "Feature", "id": "focos_48h_br_todosats.fid--211a0569_19dad572493_b11", "geometry": {"type": "Point", "coordinates": [-49.99874, -27.48238]}, "geometry_name": "geometria", "properties": {"id_foco_bdq": 1814853119, "foco_id": "bcc40663-db49-3913-bd32-4f89dfe68180", "longitude": -49.99874, "latitude": -27.48238, "data_hora_gmt": "2026-04-20T16:16:00Z", "data_pas": "2026-04-20", "satelite": "NPP-375", "municipio": "OTACÍLIO COSTA", "estado": "SANTA CATARINA", "pais": "Brasil", "precipitacao": null, "numero_dias_sem_chuva": null, "risco_fogo": null, "bioma": "Mata Atlântica", "id_0": 33, "id_1": 42, "id_2": 4211751, "continente_id": 8, "vegetacao": null, "grade_wrs": "221_079", "frp": 8.6}, "bbox": [-49.99874, -27.48238, -49.99874, -27.48238]}, {"type": "Feature", "id": "focos_48h_br_todosats.fid--211a0569_19dad572493_b12", "geometry": {"type": "Point", "coordinates": [-42.97281, -21.09386]}, "geometry_name": "geometria", "properties": {"id_foco_bdq": 1814853011, "foco_id": "831fa981-471f-343f-a4e5-37b21d0dbe15", "longitude": -42.97281, "latitude": -21.09386, "data_hora_gmt": "2026-04-20T16:16:00Z", "data_pas": "2026-04-20", "satelite": "NPP-375", "municipio": "UBÁ", "estado": "MINAS GERAIS", "pais": "Brasil", "precipitacao": null, "numero_dias_sem_chuva": null, "risco_fogo": null, "bioma": "Mata Atlântica", "id_0": 33, "id_1": 31, "id_2": 3169901, "continente_id": 8, "vegetacao": null, "grade_wrs": "217_075", "frp": 1.1}, "bbox": [-42.97281, -21.09386, -42.97281, -21.09386]}, {"type": "Feature", "id": "focos_48h_br_todosats.fid--211a0569_19dad572493_b13", "geometry": {"type": "Point", "coordinates": [-47.59714, -22.85623]}, "geometry_name": "geometria", "properties": {"id_foco_bdq": 1814852648, "foco_id": "77abba2f-71f6-3b33-98da-ef5b898e70d4", "longitude": -47.59714, "latitude": -22.85623, "data_hora_gmt": "2026-04-20T16:16:00Z", "data_pas": "2026-04-20", "satelite": "NPP-375", "municipio": "RIO DAS PEDRAS", "estado": "SÃO PAULO", "pais": "Brasil", "precipitacao": null, "numero_dias_sem_chuva": null, "risco_fogo": null, "bioma": "Mata Atlântica", "id_0": 33, "id_1": 35, "id_2": 3544004, "continente_id": 8, "vegetacao": null, "grade_wrs": "220_076", "frp": 8.2}, "bbox": [-47.59714, -22.85623, -47.59714, -22.85623]}, {"type": "Feature", "id": "focos_48h_br_todosats.fid--211a0569_19dad572493_b14", "geometry": {"type": "Point", "coordinates": [-50.51701, -26.94427]}, "geometry_name": "geometria", "properties": {"id_foco_bdq": 1814853233, "foco_id": "6f28d9a8-d87b-3a0e-94c0-8d0a4fa3a237", "longitude": -50.51701, "latitude": -26.94427, "data_hora_gmt": "2026-04-20T16:16:00Z", "data_pas": "2026-04-20", "satelite": "NPP-375", "municipio": "SANTA CECÍLIA", "estado": "SANTA CATARINA", "pais": "Brasil", "precipitacao": null, "numero_dias_sem_chuva": null, "risco_fogo": null, "bioma": "Mata Atlântica", "id_0": 33, "id_1": 42, "id_2": 4215505, "continente_id": 8, "vegetacao": null, "grade_wrs": "221_079", "frp": 6.6}, "bbox": [-50.51701, -26.94427, -50.51701, -26.94427]}, {"type": "Feature", "id": "focos_48h_br_todosats.fid--211a0569_19dad572493_b15", "geometry": {"type": "Point", "coordinates": [-50.56354, -27.49734]}, "geometry_name": "geometria", "properties": {"id_foco_bdq": 1814853163, "foco_id": "131cb3b7-a835-3b1e-b29c-8419459b8041", "longitude": -50.56354, "latitude": -27.49734, "data_hora_gmt": "2026-04-20T16:16:00Z", "data_pas": "2026-04-20", "satelite": "NPP-375", "municipio": "CURITIBANOS", "estado": "SANTA CATARINA", "pais": "Brasil", "precipitacao": null, "numero_dias_sem_chuva": null, "risco_fogo": null, "bioma": "Mata Atlântica", "id_0": 33, "id_1": 42, "id_2": 4204806, "continente_id": 8, "vegetacao": null, "grade_wrs": "221_079", "frp": 21}, "bbox": [-50.56354, -27.49734, -50.56354, -27.49734]}, {"type": "Feature", "id": "focos_48h_br_todosats.fid--211a0569_19dad572493_b16", "geometry": {"type": "Point", "coordinates": [-49.44564, -27.73011]}, "geometry_name": "geometria", "properties": {"id_foco_bdq": 1814852964, "foco_id": "23ea14e6-076b-3fe5-b157-f11a42729073", "longitude": -49.44564, "latitude": -27.73011, "data_hora_gmt": "2026-04-20T16:16:00Z", "data_pas": "2026-04-20", "satelite": "NPP-375", "municipio": "ALFREDO WAGNER", "estado": "SANTA CATARINA", "pais": "Brasil", "precipitacao": null, "numero_dias_sem_chuva": null, "risco_fogo": null, "bioma": "Mata Atlântica", "id_0": 33, "id_1": 42, "id_2": 4200705, "continente_id": 8, "vegetacao": null, "grade_wrs": "220_079", "frp": 8}, "bbox": [-49.44564, -27.73011, -49.44564, -27.73011]}, {"type": "Feature", "id": "focos_48h_br_todosats.fid--211a0569_19dad572493_b17", "geometry": {"type": "Point", "coordinates": [-50.57177, -27.49829]}, "geometry_name": "geometria", "properties": {"id_foco_bdq": 1814852940, "foco_id": "ed4b66bb-bf05-3c88-957f-64bb1e8d6543", "longitude": -50.57177, "latitude": -27.49829, "data_hora_gmt": "2026-04-20T16:16:00Z", "data_pas": "2026-04-20", "satelite": "NPP-375", "municipio": "CURITIBANOS", "estado": "SANTA CATARINA", "pais": "Brasil", "precipitacao": null, "numero_dias_sem_chuva": null, "risco_fogo": null, "bioma": "Mata Atlântica", "id_0": 33, "id_1": 42, "id_2": 4204806, "continente_id": 8, "vegetacao": null, "grade_wrs": "221_079", "frp": 9.9}, "bbox": [-50.57177, -27.49829, -50.57177, -27.49829]}, {"type": "Feature", "id": "focos_48h_br_todosats.fid--211a0569_19dad572493_b18", "geometry": {"type": "Point", "coordinates": [-50.60193, -27.16791]}, "geometry_name": "geometria", "properties": {"id_foco_bdq": 1814853348, "foco_id": "c78256a8-3195-3d5c-9891-6741636b19c7", "longitude": -50.60193, "latitude": -27.16791, "data_hora_gmt": "2026-04-20T16:16:00Z", "data_pas": "2026-04-20", "satelite": "NPP-375", "municipio": "PONTE ALTA DO NORTE", "estado": "SANTA CATARINA", "pais": "Brasil", "precipitacao": null, "numero_dias_sem_chuva": null, "risco_fogo": null, "bioma": "Mata Atlântica", "id_0": 33, "id_1": 42, "id_2": 4213351, "continente_id": 8, "vegetacao": null, "grade_wrs": "221_079", "frp": 29.5}, "bbox": [-50.60193, -27.16791, -50.60193, -27.16791]}, {"type": "Feature", "id": "focos_48h_br_todosats.fid--211a0569_19dad572493_b19", "geometry": {"type": "Point", "coordinates": [-50.21162, -27.92693]}, "geometry_name": "geometria", "properties": {"id_foco_bdq": 1814853406, "foco_id": "ce353e65-b0ea-3c88-b6da-7dc0d3e8a5cf", "longitude": -50.21162, "latitude": -27.92693, "data_hora_gmt": "2026-04-20T16:16:00Z", "data_pas": "2026-04-20", "satelite": "NPP-375", "municipio": "LAGES", "estado": "SANTA CATARINA", "pais": "Brasil", "precipitacao": null, "numero_dias_sem_chuva": null, "risco_fogo": null, "bioma": "Mata Atlântica", "id_0": 33, "id_1": 42, "id_2": 4209300, "continente_id": 8, "vegetacao": null, "grade_wrs": "221_079", "frp": 5.8}, "bbox": [-50.21162, -27.92693, -50.21162, -27.92693]}, {"type": "Feature", "id": "focos_48h_br_todosats.fid--211a0569_19dad572493_b1a", "geometry": {"type": "Point", "coordinates": [-50.60306, -27.16955]}, "geometry_name": "geometria", "properties": {"id_foco_bdq": 1814852532, "foco_id": "680cdbc0-1f66-3107-b775-1cf959e1bfd8", "longitude": -50.60306, "latitude": -27.16955, "data_hora_gmt": "2026-04-20T16:16:00Z", "data_pas": "2026-04-20", "satelite": "NPP-375", "municipio": "PONTE ALTA DO NORTE", "estado": "SANTA CATARINA", "pais": "Brasil", "precipitacao": null, "numero_dias_sem_chuva": null, "risco_fogo": null, "bioma": "Mata Atlântica", "id_0": 33, "id_1": 42, "id_2": 4213351, "continente_id": 8, "vegetacao": null, "grade_wrs": "221_079", "frp": 28}, "bbox": [-50.60306, -27.16955, -50.60306, -27.16955]}, {"type": "Feature", "id": "focos_48h_br_todosats.fid--211a0569_19dad572493_b1b", "geometry": {"type": "Point", "coordinates": [-51.25848, -28.52779]}, "geometry_name": "geometria", "properties": {"id_foco_bdq": 1814852710, "foco_id": "513e72e0-103b-3473-8080-dbd03d640d90", "longitude": -51.25848, "latitude": -28.52779, "data_hora_gmt": "2026-04-20T16:16:00Z", "data_pas": "2026-04-20", "satelite": "NPP-375", "municipio": "MUITOS CAPÕES", "estado": "RIO GRANDE DO SUL", "pais": "Brasil", "precipitacao": null, "numero_dias_sem_chuva": null, "risco_fogo": null, "bioma": "Mata Atlântica", "id_0": 33, "id_1": 43, "id_2": 4312617, "continente_id": 8, "vegetacao": null, "grade_wrs": "221_080", "frp": 8.9}, "bbox": [-51.25848, -28.52779, -51.25848, -28.52779]}, {"type": "Feature", "id": "focos_48h_br_todosats.fid--211a0569_19dad572493_b1c", "geometry": {"type": "Point", "coordinates": [-50.00036, -27.47964]}, "geometry_name": "geometria", "properties": {"id_foco_bdq": 1814853443, "foco_id": "004e88e2-5253-36c9-93ad-678ef966a466", "longitude": -50.00036, "latitude": -27.47964, "data_hora_gmt": "2026-04-20T16:16:00Z", "data_pas": "2026-04-20", "satelite": "NPP-375", "municipio": "OTACÍLIO COSTA", "estado": "SANTA CATARINA", "pais": "Brasil", "precipitacao": null, "numero_dias_sem_chuva": null, "risco_fogo": null, "bioma": "Mata Atlântica", "id_0": 33, "id_1": 42, "id_2": 4211751, "continente_id": 8, "vegetacao": null, "grade_wrs": "221_079", "frp": 8.4}, "bbox": [-50.00036, -27.47964, -50.00036, -27.47964]}, {"type": "Feature", "id": "focos_48h_br_todosats.fid--211a0569_19dad572493_b1d", "geometry": {"type": "Point", "coordinates": [-45.37863, -21.20352]}, "geometry_name": "geometria", "properties": {"id_foco_bdq": 1814853040, "foco_id": "e2581485-1fea-3aa5-9688-4b9535d13b49", "longitude": -45.37863, "latitude": -21.20352, "data_hora_gmt": "2026-04-20T16:16:00Z", "data_pas": "2026-04-20", "satelite": "NPP-375", "municipio": "COQUEIRAL", "estado": "MINAS GERAIS", "pais": "Brasil", "precipitacao": null, "numero_dias_sem_chuva": null, "risco_fogo": null, "bioma": "Mata Atlântica", "id_0": 33, "id_1": 31, "id_2": 3118700, "continente_id": 8, "vegetacao": null, "grade_wrs": "219_075", "frp": 5.7}, "bbox": [-45.37863, -21.20352, -45.37863, -21.20352]}, {"type": "Feature", "id": "focos_48h_br_todosats.fid--211a0569_19dad572493_b1e", "geometry": {"type": "Point", "coordinates": [-49.42041, -27.44386]}, "geometry_name": "geometria", "properties": {"id_foco_bdq": 1814852968, "foco_id": "a4f3c090-c639-364e-82d2-8f8803aaee4f", "longitude": -49.42041, "latitude": -27.44386, "data_hora_gmt": "2026-04-20T16:16:00Z", "data_pas": "2026-04-20", "satelite": "NPP-375", "municipio": "VIDAL RAMOS", "estado": "SANTA CATARINA", "pais": "Brasil", "precipitacao": null, "numero_dias_sem_chuva": null, "risco_fogo": null, "bioma": "Mata Atlântica", "id_0": 33, "id_1": 42, "id_2": 4219200, "continente_id": 8, "vegetacao": null, "grade_wrs": "220_079", "frp": 3.8}, "bbox": [-49.42041, -27.44386, -49.42041, -27.44386]}, {"type": "Feature", "id": "focos_48h_br_todosats.fid--211a0569_19dad572493_b1f", "geometry": {"type": "Point", "coordinates": [-51.17435, -22.23878]}, "geometry_name": "geometria", "properties": {"id_foco_bdq": 1814853439, "foco_id": "ec3e2bad-b36c-3b3d-a036-4142cb02de8e", "longitude": -51.17435, "latitude": -22.23878, "data_hora_gmt": "2026-04-20T16:16:00Z", "data_pas": "2026-04-20", "satelite": "NPP-375", "municipio": "MARTINÓPOLIS", "estado": "SÃO PAULO", "pais": "Brasil", "precipitacao": null, "numero_dias_sem_chuva": null, "risco_fogo": null, "bioma": "Cerrado", "id_0": 33, "id_1": 35, "id_2": 3529203, "continente_id": 8, "vegetacao": null, "grade_wrs": "222_075", "frp": 9.9}, "bbox": [-51.17435, -22.23878, -51.17435, -22.23878]}, {"type": "Feature", "id": "focos_48h_br_todosats.fid--211a0569_19dad572493_b20", "geometry": {"type": "Point", "coordinates": [-51.17881, -26.01387]}, "geometry_name": "geometria", "properties": {"id_foco_bdq": 1814853148, "foco_id": "4c0292b0-9d19-3387-8dc1-c2b9fe43de4e", "longitude": -51.17881, "latitude": -26.01387, "data_hora_gmt": "2026-04-20T16:16:00Z", "data_pas": "2026-04-20", "satelite": "NPP-375", "municipio": "CRUZ MACHADO", "estado": "PARANÁ", "pais": "Brasil", "precipitacao": null, "numero_dias_sem_chuva": null, "risco_fogo": null, "bioma": "Mata Atlântica", "id_0": 33, "id_1": 41, "id_2": 4106803, "continente_id": 8, "vegetacao": null, "grade_wrs": "222_078", "frp": 4.7}, "bbox": [-51.17881, -26.01387, -51.17881, -26.01387]}, {"type": "Feature", "id": "focos_48h_br_todosats.fid--211a0569_19dad572493_b21", "geometry": {"type": "Point", "coordinates": [-51.25043, -28.52745]}, "geometry_name": "geometria", "properties": {"id_foco_bdq": 1814853015, "foco_id": "e9bc868b-3144-312f-bbfb-8127274cac55", "longitude": -51.25043, "latitude": -28.52745, "data_hora_gmt": "2026-04-20T16:16:00Z", "data_pas": "2026-04-20", "satelite": "NPP-375", "municipio": "MUITOS CAPÕES", "estado": "RIO GRANDE DO SUL", "pais": "Brasil", "precipitacao": null, "numero_dias_sem_chuva": null, "risco_fogo": null, "bioma": "Mata Atlântica", "id_0": 33, "id_1": 43, "id_2": 4312617, "continente_id": 8, "vegetacao": null, "grade_wrs": "221_080", "frp": 8.9}, "bbox": [-51.25043, -28.52745, -51.25043, -28.52745]}, {"type": "Feature", "id": "focos_48h_br_todosats.fid--211a0569_19dad572493_b22", "geometry": {"type": "Point", "coordinates": [-47.60098, -22.85657]}, "geometry_name": "geometria", "properties": {"id_foco_bdq": 1814853018, "foco_id": "b62a86dd-f030-3346-a245-d506ce19bd24", "longitude": -47.60098, "latitude": -22.85657, "data_hora_gmt": "2026-04-20T16:16:00Z", "data_pas": "2026-04-20", "satelite": "NPP-375", "municipio": "RIO DAS PEDRAS", "estado": "SÃO PAULO", "pais": "Brasil", "precipitacao": null, "numero_dias_sem_chuva": null, "risco_fogo": null, "bioma": "Mata Atlântica", "id_0": 33, "id_1": 35, "id_2": 3544004, "continente_id": 8, "vegetacao": null, "grade_wrs": "220_076", "frp": 8.1}, "bbox": [-47.60098, -22.85657, -47.60098, -22.85657]}, {"type": "Feature", "id": "focos_48h_br_todosats.fid--211a0569_19dad572493_b23", "geometry": {"type": "Point", "coordinates": [-49.21182, -24.728]}, "geometry_name": "geometria", "properties": {"id_foco_bdq": 1814852798, "foco_id": "2eee46da-ab4b-375c-88c5-b865a9ccaa08", "longitude": -49.21182, "latitude": -24.728, "data_hora_gmt": "2026-04-20T16:16:00Z", "data_pas": "2026-04-20", "satelite": "NPP-375", "municipio": "CERRO AZUL", "estado": "PARANÁ", "pais": "Brasil", "precipitacao": null, "numero_dias_sem_chuva": null, "risco_fogo": null, "bioma": "Mata Atlântica", "id_0": 33, "id_1": 41, "id_2": 4105201, "continente_id": 8, "vegetacao": null, "grade_wrs": "220_077", "frp": 6.2}, "bbox": [-49.21182, -24.728, -49.21182, -24.728]}, {"type": "Feature", "id": "focos_48h_br_todosats.fid--211a0569_19dad572493_b24", "geometry": {"type": "Point", "coordinates": [-47.87547, -16.36825]}, "geometry_name": "geometria", "properties": {"id_foco_bdq": 1814852271, "foco_id": "4f8fbf51-2044-3333-8592-85253de30d0e", "longitude": -47.87547, "latitude": -16.36825, "data_hora_gmt": "2026-04-20T16:18:00Z", "data_pas": "2026-04-20", "satelite": "NPP-375", "municipio": "LUZIÂNIA", "estado": "GOIÁS", "pais": "Brasil", "precipitacao": null, "numero_dias_sem_chuva": null, "risco_fogo": null, "bioma": "Cerrado", "id_0": 33, "id_1": 52, "id_2": 5212501, "continente_id": 8, "vegetacao": null, "grade_wrs": "221_071", "frp": 7.5}, "bbox": [-47.87547, -16.36825, -47.87547, -16.36825]}, {"type": "Feature", "id": "focos_48h_br_todosats.fid--211a0569_19dad572493_b25", "geometry": {"type": "Point", "coordinates": [-40.4243, -17.97297]}, "geometry_name": "geometria", "properties": {"id_foco_bdq": 1814853285, "foco_id": "e6318c15-78b3-3cf0-8301-4937c535b745", "longitude": -40.4243, "latitude": -17.97297, "data_hora_gmt": "2026-04-20T16:18:00Z", "data_pas": "2026-04-20", "satelite": "NPP-375", "municipio": "MUCURICI", "estado": "ESPÍRITO SANTO", "pais": "Brasil", "precipitacao": null, "numero_dias_sem_chuva": null, "risco_fogo": null, "bioma": "Mata Atlântica", "id_0": 33, "id_1": 32, "id_2": 3203601, "continente_id": 8, "vegetacao": null, "grade_wrs": "216_072", "frp": 7.5}, "bbox": [-40.4243, -17.97297, -40.4243, -17.97297]}, {"type": "Feature", "id": "focos_48h_br_todosats.fid--211a0569_19dad572493_b26", "geometry": {"type": "Point", "coordinates": [-53.07186, -16.2459]}, "geometry_name": "geometria", "properties": {"id_foco_bdq": 1814852461, "foco_id": "ca6b3dc4-a486-3274-b8f7-f2e598999924", "longitude": -53.07186, "latitude": -16.2459, "data_hora_gmt": "2026-04-20T16:18:00Z", "data_pas": "2026-04-20", "satelite": "NPP-375", "municipio": "TORIXORÉU", "estado": "MATO GROSSO", "pais": "Brasil", "precipitacao": null, "numero_dias_sem_chuva": null, "risco_fogo": null, "bioma": "Cerrado", "id_0": 33, "id_1": 51, "id_2": 5108204, "continente_id": 8, "vegetacao": null, "grade_wrs": "224_071", "frp": 8}, "bbox": [-53.07186, -16.2459, -53.07186, -16.2459]}, {"type": "Feature", "id": "focos_48h_br_todosats.fid--211a0569_19dad572493_b27", "geometry": {"type": "Point", "coordinates": [-40.23238, -20.12536]}, "geometry_name": "geometria", "properties": {"id_foco_bdq": 1814853038, "foco_id": "c4ac9d88-a0d6-34af-8093-afb60b3863e8", "longitude": -40.23238, "latitude": -20.12536, "data_hora_gmt": "2026-04-20T16:18:00Z", "data_pas": "2026-04-20", "satelite": "NPP-375", "municipio": "SERRA", "estado": "ESPÍRITO SANTO", "pais": "Brasil", "precipitacao": null, "numero_dias_sem_chuva": null, "risco_fogo": null, "bioma": "Mata Atlântica", "id_0": 33, "id_1": 32, "id_2": 3205002, "continente_id": 8, "vegetacao": null, "grade_wrs": "215_074", "frp": 3.9}, "bbox": [-40.23238, -20.12536, -40.23238, -20.12536]}, {"type": "Feature", "id": "focos_48h_br_todosats.fid--211a0569_19dad572493_b28", "geometry": {"type": "Point", "coordinates": [-39.71561, -15.00856]}, "geometry_name": "geometria", "properties": {"id_foco_bdq": 1814852470, "foco_id": "debc14c5-9782-39cd-8686-9851af9ff939", "longitude": -39.71561, "latitude": -15.00856, "data_hora_gmt": "2026-04-20T16:18:00Z", "data_pas": "2026-04-20", "satelite": "NPP-375", "municipio": "ITAJU DO COLÔNIA", "estado": "BAHIA", "pais": "Brasil", "precipitacao": null, "numero_dias_sem_chuva": null, "risco_fogo": null, "bioma": "Mata Atlântica", "id_0": 33, "id_1": 29, "id_2": 2915403, "continente_id": 8, "vegetacao": null, "grade_wrs": "216_070", "frp": 21.3}, "bbox": [-39.71561, -15.00856, -39.71561, -15.00856]}, {"type": "Feature", "id": "focos_48h_br_todosats.fid--211a0569_19dad572493_b29", "geometry": {"type": "Point", "coordinates": [-41.9202, -14.82074]}, "geometry_name": "geometria", "properties": {"id_foco_bdq": 1814852713, "foco_id": "4817053b-f49a-3b1d-a711-8b89dea882a2", "longitude": -41.9202, "latitude": -14.82074, "data_hora_gmt": "2026-04-20T16:18:00Z", "data_pas": "2026-04-20", "satelite": "NPP-375", "municipio": "CONDEÚBA", "estado": "BAHIA", "pais": "Brasil", "precipitacao": null, "numero_dias_sem_chuva": null, "risco_fogo": null, "bioma": "Caatinga", "id_0": 33, "id_1": 29, "id_2": 2908705, "continente_id": 8, "vegetacao": null, "grade_wrs": "217_070", "frp": 5.6}, "bbox": [-41.9202, -14.82074, -41.9202, -14.82074]}, {"type": "Feature", "id": "focos_48h_br_todosats.fid--211a0569_19dad572493_b2a", "geometry": {"type": "Point", "coordinates": [-46.661, -15.07855]}, "geometry_name": "geometria", "properties": {"id_foco_bdq": 1814852473, "foco_id": "f5dabf74-83f2-312e-b118-cf4b9ec154f9", "longitude": -46.661, "latitude": -15.07855, "data_hora_gmt": "2026-04-20T16:18:00Z", "data_pas": "2026-04-20", "satelite": "NPP-375", "municipio": "BURITIS", "estado": "MINAS GERAIS", "pais": "Brasil", "precipitacao": null, "numero_dias_sem_chuva": null, "risco_fogo": null, "bioma": "Cerrado", "id_0": 33, "id_1": 31, "id_2": 3109303, "continente_id": 8, "vegetacao": null, "grade_wrs": "220_070", "frp": 6.5}, "bbox": [-46.661, -15.07855, -46.661, -15.07855]}, {"type": "Feature", "id": "focos_48h_br_todosats.fid--211a0569_19dad572493_b2b", "geometry": {"type": "Point", "coordinates": [-46.83456, -17.16874]}, "geometry_name": "geometria", "properties": {"id_foco_bdq": 1814853516, "foco_id": "5f5cc717-48b0-38ab-8586-a82a2eec0cf1", "longitude": -46.83456, "latitude": -17.16874, "data_hora_gmt": "2026-04-20T16:18:00Z", "data_pas": "2026-04-20", "satelite": "NPP-375", "municipio": "PARACATU", "estado": "MINAS GERAIS", "pais": "Brasil", "precipitacao": null, "numero_dias_sem_chuva": null, "risco_fogo": null, "bioma": "Cerrado", "id_0": 33, "id_1": 31, "id_2": 3147006, "continente_id": 8, "vegetacao": null, "grade_wrs": "220_072", "frp": 11.7}, "bbox": [-46.83456, -17.16874, -46.83456, -17.16874]}, {"type": "Feature", "id": "focos_48h_br_todosats.fid--211a0569_19dad572493_b2c", "geometry": {"type": "Point", "coordinates": [-39.89011, -19.0126]}, "geometry_name": "geometria", "properties": {"id_foco_bdq": 1814853505, "foco_id": "988a26d9-bfc9-321c-b545-b907c41e6aed", "longitude": -39.89011, "latitude": -19.0126, "data_hora_gmt": "2026-04-20T16:18:00Z", "data_pas": "2026-04-20", "satelite": "NPP-375", "municipio": "JAGUARÉ", "estado": "ESPÍRITO SANTO", "pais": "Brasil", "precipitacao": null, "numero_dias_sem_chuva": null, "risco_fogo": null, "bioma": "Mata Atlântica", "id_0": 33, "id_1": 32, "id_2": 3203056, "continente_id": 8, "vegetacao": null, "grade_wrs": "215_073", "frp": 3.4}, "bbox": [-39.89011, -19.0126, -39.89011, -19.0126]}, {"type": "Feature", "id": "focos_48h_br_todosats.fid--211a0569_19dad572493_b2d", "geometry": {"type": "Point", "coordinates": [-46.53199, -15.84761]}, "geometry_name": "geometria", "properties": {"id_foco_bdq": 1814852487, "foco_id": "d3a29dd4-47fd-3fb8-9397-5c5bddfe96fd", "longitude": -46.53199, "latitude": -15.84761, "data_hora_gmt": "2026-04-20T16:18:00Z", "data_pas": "2026-04-20", "satelite": "NPP-375", "municipio": "UNAÍ", "estado": "MINAS GERAIS", "pais": "Brasil", "precipitacao": null, "numero_dias_sem_chuva": null, "risco_fogo": null, "bioma": "Cerrado", "id_0": 33, "id_1": 31, "id_2": 3170404, "continente_id": 8, "vegetacao": null, "grade_wrs": "220_071", "frp": 15.2}, "bbox": [-46.53199, -15.84761, -46.53199, -15.84761]}, {"type": "Feature", "id": "focos_48h_br_todosats.fid--211a0569_19dad572493_b2e", "geometry": {"type": "Point", "coordinates": [-39.75973, -16.09126]}, "geometry_name": "geometria", "properties": {"id_foco_bdq": 1814853463, "foco_id": "b1397a0e-e8ac-3d75-a2f8-731aa70d8d5b", "longitude": -39.75973, "latitude": -16.09126, "data_hora_gmt": "2026-04-20T16:18:00Z", "data_pas": "2026-04-20", "satelite": "NPP-375", "municipio": "ITAGIMIRIM", "estado": "BAHIA", "pais": "Brasil", "precipitacao": null, "numero_dias_sem_chuva": null, "risco_fogo": null, "bioma": "Mata Atlântica", "id_0": 33, "id_1": 29, "id_2": 2915304, "continente_id": 8, "vegetacao": null, "grade_wrs": "216_071", "frp": 4.1}, "bbox": [-39.75973, -16.09126, -39.75973, -16.09126]}, {"type": "Feature", "id": "focos_48h_br_todosats.fid--211a0569_19dad572493_b2f", "geometry": {"type": "Point", "coordinates": [-44.67408, -17.59665]}, "geometry_name": "geometria", "properties": {"id_foco_bdq": 1814852768, "foco_id": "3ec4b4c4-e9b9-3df2-9e98-40c74a21952d", "longitude": -44.67408, "latitude": -17.59665, "data_hora_gmt": "2026-04-20T16:18:00Z", "data_pas": "2026-04-20", "satelite": "NPP-375", "municipio": "VÁRZEA DA PALMA", "estado": "MINAS GERAIS", "pais": "Brasil", "precipitacao": null, "numero_dias_sem_chuva": null, "risco_fogo": null, "bioma": "Cerrado", "id_0": 33, "id_1": 31, "id_2": 3170800, "continente_id": 8, "vegetacao": null, "grade_wrs": "219_072", "frp": 4.8}, "bbox": [-44.67408, -17.59665, -44.67408, -17.59665]}, {"type": "Feature", "id": "focos_48h_br_todosats.fid--211a0569_19dad572493_b30", "geometry": {"type": "Point", "coordinates": [-41.92068, -14.81718]}, "geometry_name": "geometria", "properties": {"id_foco_bdq": 1814852492, "foco_id": "11f8c94c-5686-3970-bf6a-746e37c07a41", "longitude": -41.92068, "latitude": -14.81718, "data_hora_gmt": "2026-04-20T16:18:00Z", "data_pas": "2026-04-20", "satelite": "NPP-375", "municipio": "CONDEÚBA", "estado": "BAHIA", "pais": "Brasil", "precipitacao": null, "numero_dias_sem_chuva": null, "risco_fogo": null, "bioma": "Caatinga", "id_0": 33, "id_1": 29, "id_2": 2908705, "continente_id": 8, "vegetacao": null, "grade_wrs": "217_070", "frp": 11.5}, "bbox": [-41.92068, -14.81718, -41.92068, -14.81718]}, {"type": "Feature", "id": "focos_48h_br_todosats.fid--211a0569_19dad572493_b31", "geometry": {"type": "Point", "coordinates": [-42.99469, -14.66573]}, "geometry_name": "geometria", "properties": {"id_foco_bdq": 1814853146, "foco_id": "96cb6d54-02e3-3d9f-ad98-068c9c7f6d8d", "longitude": -42.99469, "latitude": -14.66573, "data_hora_gmt": "2026-04-20T16:18:00Z", "data_pas": "2026-04-20", "satelite": "NPP-375", "municipio": "SEBASTIÃO LARANJEIRAS", "estado": "BAHIA", "pais": "Brasil", "precipitacao": null, "numero_dias_sem_chuva": null, "risco_fogo": null, "bioma": "Caatinga", "id_0": 33, "id_1": 29, "id_2": 2930006, "continente_id": 8, "vegetacao": null, "grade_wrs": "218_070", "frp": 9.7}, "bbox": [-42.99469, -14.66573, -42.99469, -14.66573]}, {"type": "Feature", "id": "focos_48h_br_todosats.fid--211a0569_19dad572493_b32", "geometry": {"type": "Point", "coordinates": [-40.64931, -15.75197]}, "geometry_name": "geometria", "properties": {"id_foco_bdq": 1814853060, "foco_id": "e55e4fd4-b47f-38b1-8478-c31b2552f161", "longitude": -40.64931, "latitude": -15.75197, "data_hora_gmt": "2026-04-20T16:18:00Z", "data_pas": "2026-04-20", "satelite": "NPP-375", "municipio": "MATA VERDE", "estado": "MINAS GERAIS", "pais": "Brasil", "precipitacao": null, "numero_dias_sem_chuva": null, "risco_fogo": null, "bioma": "Mata Atlântica", "id_0": 33, "id_1": 31, "id_2": 3140555, "continente_id": 8, "vegetacao": null, "grade_wrs": "216_071", "frp": 4.4}, "bbox": [-40.64931, -15.75197, -40.64931, -15.75197]}, {"type": "Feature", "id": "focos_48h_br_todosats.fid--211a0569_19dad572493_b33", "geometry": {"type": "Point", "coordinates": [-40.06009, -19.59205]}, "geometry_name": "geometria", "properties": {"id_foco_bdq": 1814852500, "foco_id": "001cb06a-656d-3438-981a-e80a5da37a94", "longitude": -40.06009, "latitude": -19.59205, "data_hora_gmt": "2026-04-20T16:18:00Z", "data_pas": "2026-04-20", "satelite": "NPP-375", "municipio": "ARACRUZ", "estado": "ESPÍRITO SANTO", "pais": "Brasil", "precipitacao": null, "numero_dias_sem_chuva": null, "risco_fogo": null, "bioma": "Mata Atlântica", "id_0": 33, "id_1": 32, "id_2": 3200607, "continente_id": 8, "vegetacao": null, "grade_wrs": "215_074", "frp": 3}, "bbox": [-40.06009, -19.59205, -40.06009, -19.59205]}, {"type": "Feature", "id": "focos_48h_br_todosats.fid--211a0569_19dad572493_b34", "geometry": {"type": "Point", "coordinates": [-47.2207, -20.07705]}, "geometry_name": "geometria", "properties": {"id_foco_bdq": 1814853139, "foco_id": "ead6bce5-10d1-354e-b4a3-9cd3793d3f11", "longitude": -47.2207, "latitude": -20.07705, "data_hora_gmt": "2026-04-20T16:18:00Z", "data_pas": "2026-04-20", "satelite": "NPP-375", "municipio": "SACRAMENTO", "estado": "MINAS GERAIS", "pais": "Brasil", "precipitacao": null, "numero_dias_sem_chuva": null, "risco_fogo": null, "bioma": "Cerrado", "id_0": 33, "id_1": 31, "id_2": 3156908, "continente_id": 8, "vegetacao": null, "grade_wrs": "220_074", "frp": 9.3}, "bbox": [-47.2207, -20.07705, -47.2207, -20.07705]}, {"type": "Feature", "id": "focos_48h_br_todosats.fid--211a0569_19dad572493_b35", "geometry": {"type": "Point", "coordinates": [-39.71507, -15.01191]}, "geometry_name": "geometria", "properties": {"id_foco_bdq": 1814852674, "foco_id": "77b7076b-c9e7-39c5-9669-ebb1934e148d", "longitude": -39.71507, "latitude": -15.01191, "data_hora_gmt": "2026-04-20T16:18:00Z", "data_pas": "2026-04-20", "satelite": "NPP-375", "municipio": "ITAJU DO COLÔNIA", "estado": "BAHIA", "pais": "Brasil", "precipitacao": null, "numero_dias_sem_chuva": null, "risco_fogo": null, "bioma": "Mata Atlântica", "id_0": 33, "id_1": 29, "id_2": 2915403, "continente_id": 8, "vegetacao": null, "grade_wrs": "216_070", "frp": 19.5}, "bbox": [-39.71507, -15.01191, -39.71507, -15.01191]}, {"type": "Feature", "id": "focos_48h_br_todosats.fid--211a0569_19dad572493_b36", "geometry": {"type": "Point", "coordinates": [-49.77092, -21.42304]}, "geometry_name": "geometria", "properties": {"id_foco_bdq": 1814853438, "foco_id": "bdef2b3f-f3ab-3c6c-b2ab-674e29a578d7", "longitude": -49.77092, "latitude": -21.42304, "data_hora_gmt": "2026-04-20T16:18:00Z", "data_pas": "2026-04-20", "satelite": "NPP-375", "municipio": "PROMISSÃO", "estado": "SÃO PAULO", "pais": "Brasil", "precipitacao": null, "numero_dias_sem_chuva": null, "risco_fogo": null, "bioma": "Mata Atlântica", "id_0": 33, "id_1": 35, "id_2": 3541604, "continente_id": 8, "vegetacao": null, "grade_wrs": "221_075", "frp": 3.1}, "bbox": [-49.77092, -21.42304, -49.77092, -21.42304]}, {"type": "Feature", "id": "focos_48h_br_todosats.fid--211a0569_19dad572493_b37", "geometry": {"type": "Point", "coordinates": [-43.28553, -16.75374]}, "geometry_name": "geometria", "properties": {"id_foco_bdq": 1814852929, "foco_id": "d48cb2b5-0722-3c88-bc23-31472419e0fc", "longitude": -43.28553, "latitude": -16.75374, "data_hora_gmt": "2026-04-20T16:18:00Z", "data_pas": "2026-04-20", "satelite": "NPP-375", "municipio": "ITACAMBIRA", "estado": "MINAS GERAIS", "pais": "Brasil", "precipitacao": null, "numero_dias_sem_chuva": null, "risco_fogo": null, "bioma": "Cerrado", "id_0": 33, "id_1": 31, "id_2": 3132008, "continente_id": 8, "vegetacao": null, "grade_wrs": "218_072", "frp": 17.8}, "bbox": [-43.28553, -16.75374, -43.28553, -16.75374]}, {"type": "Feature", "id": "focos_48h_br_todosats.fid--211a0569_19dad572493_b38", "geometry": {"type": "Point", "coordinates": [-41.46231, -16.12357]}, "geometry_name": "geometria", "properties": {"id_foco_bdq": 1814853265, "foco_id": "8e81d101-ee16-38a8-b496-249d85a4a6dc", "longitude": -41.46231, "latitude": -16.12357, "data_hora_gmt": "2026-04-20T16:18:00Z", "data_pas": "2026-04-20", "satelite": "NPP-375", "municipio": "MEDINA", "estado": "MINAS GERAIS", "pais": "Brasil", "precipitacao": null, "numero_dias_sem_chuva": null, "risco_fogo": null, "bioma": "Mata Atlântica", "id_0": 33, "id_1": 31, "id_2": 3141405, "continente_id": 8, "vegetacao": null, "grade_wrs": "217_071", "frp": 5.3}, "bbox": [-41.46231, -16.12357, -41.46231, -16.12357]}, {"type": "Feature", "id": "focos_48h_br_todosats.fid--211a0569_19dad572493_b39", "geometry": {"type": "Point", "coordinates": [-40.1015, -15.12797]}, "geometry_name": "geometria", "properties": {"id_foco_bdq": 1814853489, "foco_id": "207e096b-abf8-3dcb-b6fc-ee39dfea84ef", "longitude": -40.1015, "latitude": -15.12797, "data_hora_gmt": "2026-04-20T16:18:00Z", "data_pas": "2026-04-20", "satelite": "NPP-375", "municipio": "ITAMBÉ", "estado": "BAHIA", "pais": "Brasil", "precipitacao": null, "numero_dias_sem_chuva": null, "risco_fogo": null, "bioma": "Mata Atlântica", "id_0": 33, "id_1": 29, "id_2": 2915809, "continente_id": 8, "vegetacao": null, "grade_wrs": "216_070", "frp": 2}, "bbox": [-40.1015, -15.12797, -40.1015, -15.12797]}, {"type": "Feature", "id": "focos_48h_br_todosats.fid--211a0569_19dad572493_b3a", "geometry": {"type": "Point", "coordinates": [-39.34764, -15.79151]}, "geometry_name": "geometria", "properties": {"id_foco_bdq": 1814852534, "foco_id": "faad115c-1999-3a25-8d71-a6cd119234b4", "longitude": -39.34764, "latitude": -15.79151, "data_hora_gmt": "2026-04-20T16:18:00Z", "data_pas": "2026-04-20", "satelite": "NPP-375", "municipio": "MASCOTE", "estado": "BAHIA", "pais": "Brasil", "precipitacao": null, "numero_dias_sem_chuva": null, "risco_fogo": null, "bioma": "Mata Atlântica", "id_0": 33, "id_1": 29, "id_2": 2920908, "continente_id": 8, "vegetacao": null, "grade_wrs": "215_071", "frp": 6.9}, "bbox": [-39.34764, -15.79151, -39.34764, -15.79151]}, {"type": "Feature", "id": "focos_48h_br_todosats.fid--211a0569_19dad572493_b3b", "geometry": {"type": "Point", "coordinates": [-43.9565, -15.15475]}, "geometry_name": "geometria", "properties": {"id_foco_bdq": 1814852544, "foco_id": "6d0ae0bf-c671-305c-9cbe-547656afe3e8", "longitude": -43.9565, "latitude": -15.15475, "data_hora_gmt": "2026-04-20T16:18:00Z", "data_pas": "2026-04-20", "satelite": "NPP-375", "municipio": "JAÍBA", "estado": "MINAS GERAIS", "pais": "Brasil", "precipitacao": null, "numero_dias_sem_chuva": null, "risco_fogo": null, "bioma": "Cerrado", "id_0": 33, "id_1": 31, "id_2": 3135050, "continente_id": 8, "vegetacao": null, "grade_wrs": "219_070", "frp": 7}, "bbox": [-43.9565, -15.15475, -43.9565, -15.15475]}, {"type": "Feature", "id": "focos_48h_br_todosats.fid--211a0569_19dad572493_b3c", "geometry": {"type": "Point", "coordinates": [-46.31004, -15.61277]}, "geometry_name": "geometria", "properties": {"id_foco_bdq": 1814853007, "foco_id": "a9d85d12-c961-324d-add7-dd9686a351db", "longitude": -46.31004, "latitude": -15.61277, "data_hora_gmt": "2026-04-20T16:18:00Z", "data_pas": "2026-04-20", "satelite": "NPP-375", "municipio": "BURITIS", "estado": "MINAS GERAIS", "pais": "Brasil", "precipitacao": null, "numero_dias_sem_chuva": null, "risco_fogo": null, "bioma": "Cerrado", "id_0": 33, "id_1": 31, "id_2": 3109303, "continente_id": 8, "vegetacao": null, "grade_wrs": "220_071", "frp": 6.3}, "bbox": [-46.31004, -15.61277, -46.31004, -15.61277]}, {"type": "Feature", "id": "focos_48h_br_todosats.fid--211a0569_19dad572493_b3d", "geometry": {"type": "Point", "coordinates": [-40.0159, -18.30686]}, "geometry_name": "geometria", "properties": {"id_foco_bdq": 1814853388, "foco_id": "269b2769-c994-3c37-a5ca-dc6ece15e8a3", "longitude": -40.0159, "latitude": -18.30686, "data_hora_gmt": "2026-04-20T16:18:00Z", "data_pas": "2026-04-20", "satelite": "NPP-375", "municipio": "PINHEIROS", "estado": "ESPÍRITO SANTO", "pais": "Brasil", "precipitacao": null, "numero_dias_sem_chuva": null, "risco_fogo": null, "bioma": "Mata Atlântica", "id_0": 33, "id_1": 32, "id_2": 3204104, "continente_id": 8, "vegetacao": null, "grade_wrs": "216_073", "frp": 2.7}, "bbox": [-40.0159, -18.30686, -40.0159, -18.30686]}, {"type": "Feature", "id": "focos_48h_br_todosats.fid--211a0569_19dad572493_b3e", "geometry": {"type": "Point", "coordinates": [-48.95691, -17.05919]}, "geometry_name": "geometria", "properties": {"id_foco_bdq": 1814852897, "foco_id": "8fe61431-c8de-3cfc-beed-f0ef7ea904bc", "longitude": -48.95691, "latitude": -17.05919, "data_hora_gmt": "2026-04-20T16:18:00Z", "data_pas": "2026-04-20", "satelite": "NPP-375", "municipio": "BELA VISTA DE GOIÁS", "estado": "GOIÁS", "pais": "Brasil", "precipitacao": null, "numero_dias_sem_chuva": null, "risco_fogo": null, "bioma": "Cerrado", "id_0": 33, "id_1": 52, "id_2": 5203302, "continente_id": 8, "vegetacao": null, "grade_wrs": "221_072", "frp": 7.5}, "bbox": [-48.95691, -17.05919, -48.95691, -17.05919]}, {"type": "Feature", "id": "focos_48h_br_todosats.fid--211a0569_19dad572493_b3f", "geometry": {"type": "Point", "coordinates": [-39.48101, -15.42924]}, "geometry_name": "geometria", "properties": {"id_foco_bdq": 1814852567, "foco_id": "b59efa8d-50ce-3aed-b37b-a2df1b3656af", "longitude": -39.48101, "latitude": -15.42924, "data_hora_gmt": "2026-04-20T16:18:00Z", "data_pas": "2026-04-20", "satelite": "NPP-375", "municipio": "CAMACAN", "estado": "BAHIA", "pais": "Brasil", "precipitacao": null, "numero_dias_sem_chuva": null, "risco_fogo": null, "bioma": "Mata Atlântica", "id_0": 33, "id_1": 29, "id_2": 2905602, "continente_id": 8, "vegetacao": null, "grade_wrs": "216_071", "frp": 5.3}, "bbox": [-39.48101, -15.42924, -39.48101, -15.42924]}, {"type": "Feature", "id": "focos_48h_br_todosats.fid--211a0569_19dad572493_b40", "geometry": {"type": "Point", "coordinates": [-39.40337, -14.11053]}, "geometry_name": "geometria", "properties": {"id_foco_bdq": 1814852568, "foco_id": "9f45f77a-b789-3310-bad3-f4da56c5e1cb", "longitude": -39.40337, "latitude": -14.11053, "data_hora_gmt": "2026-04-20T16:18:00Z", "data_pas": "2026-04-20", "satelite": "NPP-375", "municipio": "IBIRAPITANGA", "estado": "BAHIA", "pais": "Brasil", "precipitacao": null, "numero_dias_sem_chuva": null, "risco_fogo": null, "bioma": "Mata Atlântica", "id_0": 33, "id_1": 29, "id_2": 2912707, "continente_id": 8, "vegetacao": null, "grade_wrs": "216_070", "frp": 4.3}, "bbox": [-39.40337, -14.11053, -39.40337, -14.11053]}, {"type": "Feature", "id": "focos_48h_br_todosats.fid--211a0569_19dad572493_b41", "geometry": {"type": "Point", "coordinates": [-41.80908, -15.17864]}, "geometry_name": "geometria", "properties": {"id_foco_bdq": 1814852581, "foco_id": "c4ff3f3d-af23-3476-b9a6-97485d0977db", "longitude": -41.80908, "latitude": -15.17864, "data_hora_gmt": "2026-04-20T16:18:00Z", "data_pas": "2026-04-20", "satelite": "NPP-375", "municipio": "SÃO JOÃO DO PARAÍSO", "estado": "MINAS GERAIS", "pais": "Brasil", "precipitacao": null, "numero_dias_sem_chuva": null, "risco_fogo": null, "bioma": "Mata Atlântica", "id_0": 33, "id_1": 31, "id_2": 3162708, "continente_id": 8, "vegetacao": null, "grade_wrs": "217_071", "frp": 6.5}, "bbox": [-41.80908, -15.17864, -41.80908, -15.17864]}, {"type": "Feature", "id": "focos_48h_br_todosats.fid--211a0569_19dad572493_b42", "geometry": {"type": "Point", "coordinates": [-46.53147, -15.85239]}, "geometry_name": "geometria", "properties": {"id_foco_bdq": 1814853101, "foco_id": "90bdc698-912b-3627-9448-c77916eac014", "longitude": -46.53147, "latitude": -15.85239, "data_hora_gmt": "2026-04-20T16:18:00Z", "data_pas": "2026-04-20", "satelite": "NPP-375", "municipio": "UNAÍ", "estado": "MINAS GERAIS", "pais": "Brasil", "precipitacao": null, "numero_dias_sem_chuva": null, "risco_fogo": null, "bioma": "Cerrado", "id_0": 33, "id_1": 31, "id_2": 3170404, "continente_id": 8, "vegetacao": null, "grade_wrs": "220_071", "frp": 15.2}, "bbox": [-46.53147, -15.85239, -46.53147, -15.85239]}, {"type": "Feature", "id": "focos_48h_br_todosats.fid--211a0569_19dad572493_b43", "geometry": {"type": "Point", "coordinates": [-44.9378, -18.72648]}, "geometry_name": "geometria", "properties": {"id_foco_bdq": 1814853255, "foco_id": "281111af-e7e1-3ab3-b3f5-b3598a22a0c8", "longitude": -44.9378, "latitude": -18.72648, "data_hora_gmt": "2026-04-20T16:18:00Z", "data_pas": "2026-04-20", "satelite": "NPP-375", "municipio": "FELIXLÂNDIA", "estado": "MINAS GERAIS", "pais": "Brasil", "precipitacao": null, "numero_dias_sem_chuva": null, "risco_fogo": null, "bioma": "Cerrado", "id_0": 33, "id_1": 31, "id_2": 3125705, "continente_id": 8, "vegetacao": null, "grade_wrs": "219_073", "frp": 4.8}, "bbox": [-44.9378, -18.72648, -44.9378, -18.72648]}, {"type": "Feature", "id": "focos_48h_br_todosats.fid--211a0569_19dad572493_b44", "geometry": {"type": "Point", "coordinates": [-47.9263, -19.92583]}, "geometry_name": "geometria", "properties": {"id_foco_bdq": 1814853253, "foco_id": "402e1e90-a8c6-3d89-83a4-ef30659fc807", "longitude": -47.9263, "latitude": -19.92583, "data_hora_gmt": "2026-04-20T16:18:00Z", "data_pas": "2026-04-20", "satelite": "NPP-375", "municipio": "UBERABA", "estado": "MINAS GERAIS", "pais": "Brasil", "precipitacao": null, "numero_dias_sem_chuva": null, "risco_fogo": null, "bioma": "Cerrado", "id_0": 33, "id_1": 31, "id_2": 3170107, "continente_id": 8, "vegetacao": null, "grade_wrs": "220_074", "frp": 5.5}, "bbox": [-47.9263, -19.92583, -47.9263, -19.92583]}, {"type": "Feature", "id": "focos_48h_br_todosats.fid--211a0569_19dad572493_b45", "geometry": {"type": "Point", "coordinates": [-47.87486, -16.3735]}, "geometry_name": "geometria", "properties": {"id_foco_bdq": 1814852624, "foco_id": "d0a4a23f-2d83-310d-bbb2-0945ab4ea6a3", "longitude": -47.87486, "latitude": -16.3735, "data_hora_gmt": "2026-04-20T16:18:00Z", "data_pas": "2026-04-20", "satelite": "NPP-375", "municipio": "LUZIÂNIA", "estado": "GOIÁS", "pais": "Brasil", "precipitacao": null, "numero_dias_sem_chuva": null, "risco_fogo": null, "bioma": "Cerrado", "id_0": 33, "id_1": 52, "id_2": 5212501, "continente_id": 8, "vegetacao": null, "grade_wrs": "221_071", "frp": 3.6}, "bbox": [-47.87486, -16.3735, -47.87486, -16.3735]}, {"type": "Feature", "id": "focos_48h_br_todosats.fid--211a0569_19dad572493_b46", "geometry": {"type": "Point", "coordinates": [-43.95393, -15.15578]}, "geometry_name": "geometria", "properties": {"id_foco_bdq": 1814852603, "foco_id": "923a5650-4288-31ac-8f42-b6ec21950623", "longitude": -43.95393, "latitude": -15.15578, "data_hora_gmt": "2026-04-20T16:18:00Z", "data_pas": "2026-04-20", "satelite": "NPP-375", "municipio": "JAÍBA", "estado": "MINAS GERAIS", "pais": "Brasil", "precipitacao": null, "numero_dias_sem_chuva": null, "risco_fogo": null, "bioma": "Cerrado", "id_0": 33, "id_1": 31, "id_2": 3135050, "continente_id": 8, "vegetacao": null, "grade_wrs": "219_070", "frp": 6.2}, "bbox": [-43.95393, -15.15578, -43.95393, -15.15578]}, {"type": "Feature", "id": "focos_48h_br_todosats.fid--211a0569_19dad572493_b47", "geometry": {"type": "Point", "coordinates": [-39.7634, -16.0918]}, "geometry_name": "geometria", "properties": {"id_foco_bdq": 1814852610, "foco_id": "aec2d6f6-1b05-3430-83bd-4a71590734c4", "longitude": -39.7634, "latitude": -16.0918, "data_hora_gmt": "2026-04-20T16:18:00Z", "data_pas": "2026-04-20", "satelite": "NPP-375", "municipio": "ITAGIMIRIM", "estado": "BAHIA", "pais": "Brasil", "precipitacao": null, "numero_dias_sem_chuva": null, "risco_fogo": null, "bioma": "Mata Atlântica", "id_0": 33, "id_1": 29, "id_2": 2915304, "continente_id": 8, "vegetacao": null, "grade_wrs": "216_071", "frp": 3.1}, "bbox": [-39.7634, -16.0918, -39.7634, -16.0918]}, {"type": "Feature", "id": "focos_48h_br_todosats.fid--211a0569_19dad572493_b48", "geometry": {"type": "Point", "coordinates": [-40.42377, -17.97642]}, "geometry_name": "geometria", "properties": {"id_foco_bdq": 1814852324, "foco_id": "bb4d52c1-c9e1-3a16-bb3c-d5bb6a53fbe9", "longitude": -40.42377, "latitude": -17.97642, "data_hora_gmt": "2026-04-20T16:18:00Z", "data_pas": "2026-04-20", "satelite": "NPP-375", "municipio": "MUCURICI", "estado": "ESPÍRITO SANTO", "pais": "Brasil", "precipitacao": null, "numero_dias_sem_chuva": null, "risco_fogo": null, "bioma": "Mata Atlântica", "id_0": 33, "id_1": 32, "id_2": 3203601, "continente_id": 8, "vegetacao": null, "grade_wrs": "216_072", "frp": 2.8}, "bbox": [-40.42377, -17.97642, -40.42377, -17.97642]}, {"type": "Feature", "id": "focos_48h_br_todosats.fid--211a0569_19dad572493_b49", "geometry": {"type": "Point", "coordinates": [-39.58816, -17.06175]}, "geometry_name": "geometria", "properties": {"id_foco_bdq": 1814852331, "foco_id": "5a462320-4a5c-37c2-8e83-c6e3161479e3", "longitude": -39.58816, "latitude": -17.06175, "data_hora_gmt": "2026-04-20T16:18:00Z", "data_pas": "2026-04-20", "satelite": "NPP-375", "municipio": "ITAMARAJU", "estado": "BAHIA", "pais": "Brasil", "precipitacao": null, "numero_dias_sem_chuva": null, "risco_fogo": null, "bioma": "Mata Atlântica", "id_0": 33, "id_1": 29, "id_2": 2915601, "continente_id": 8, "vegetacao": null, "grade_wrs": "215_072", "frp": 1.8}, "bbox": [-39.58816, -17.06175, -39.58816, -17.06175]}, {"type": "Feature", "id": "focos_48h_br_todosats.fid--211a0569_19dad572493_b4a", "geometry": {"type": "Point", "coordinates": [-41.45868, -15.54882]}, "geometry_name": "geometria", "properties": {"id_foco_bdq": 1814852220, "foco_id": "83decc11-37ae-3d40-b0db-5aad974466a6", "longitude": -41.45868, "latitude": -15.54882, "data_hora_gmt": "2026-04-20T16:18:00Z", "data_pas": "2026-04-20", "satelite": "NPP-375", "municipio": "ÁGUAS VERMELHAS", "estado": "MINAS GERAIS", "pais": "Brasil", "precipitacao": null, "numero_dias_sem_chuva": null, "risco_fogo": null, "bioma": "Mata Atlântica", "id_0": 33, "id_1": 31, "id_2": 3101003, "continente_id": 8, "vegetacao": null, "grade_wrs": "217_071", "frp": 9.2}, "bbox": [-41.45868, -15.54882, -41.45868, -15.54882]}, {"type": "Feature", "id": "focos_48h_br_todosats.fid--211a0569_19dad572493_b4b", "geometry": {"type": "Point", "coordinates": [-43.1054, -20.20497]}, "geometry_name": "geometria", "properties": {"id_foco_bdq": 1814852343, "foco_id": "dc4fed0a-6b0b-31df-a80a-c640f7450cfc", "longitude": -43.1054, "latitude": -20.20497, "data_hora_gmt": "2026-04-20T16:18:00Z", "data_pas": "2026-04-20", "satelite": "NPP-375", "municipio": "BARRA LONGA", "estado": "MINAS GERAIS", "pais": "Brasil", "precipitacao": null, "numero_dias_sem_chuva": null, "risco_fogo": null, "bioma": "Mata Atlântica", "id_0": 33, "id_1": 31, "id_2": 3105707, "continente_id": 8, "vegetacao": null, "grade_wrs": "217_074", "frp": 4.2}, "bbox": [-43.1054, -20.20497, -43.1054, -20.20497]}, {"type": "Feature", "id": "focos_48h_br_todosats.fid--211a0569_19dad572493_b4c", "geometry": {"type": "Point", "coordinates": [-45.13485, -18.63252]}, "geometry_name": "geometria", "properties": {"id_foco_bdq": 1814852346, "foco_id": "4ac57c37-e177-3ddb-8afd-58ada1d27066", "longitude": -45.13485, "latitude": -18.63252, "data_hora_gmt": "2026-04-20T16:18:00Z", "data_pas": "2026-04-20", "satelite": "NPP-375", "municipio": "FELIXLÂNDIA", "estado": "MINAS GERAIS", "pais": "Brasil", "precipitacao": null, "numero_dias_sem_chuva": null, "risco_fogo": null, "bioma": "Cerrado", "id_0": 33, "id_1": 31, "id_2": 3125705, "continente_id": 8, "vegetacao": null, "grade_wrs": "219_073", "frp": 7}, "bbox": [-45.13485, -18.63252, -45.13485, -18.63252]}, {"type": "Feature", "id": "focos_48h_br_todosats.fid--211a0569_19dad572493_b4d", "geometry": {"type": "Point", "coordinates": [-39.49612, -16.35712]}, "geometry_name": "geometria", "properties": {"id_foco_bdq": 1814852812, "foco_id": "b4dffaf3-1203-3686-a874-f2cb7a41aedc", "longitude": -39.49612, "latitude": -16.35712, "data_hora_gmt": "2026-04-20T16:18:00Z", "data_pas": "2026-04-20", "satelite": "NPP-375", "municipio": "EUNÁPOLIS", "estado": "BAHIA", "pais": "Brasil", "precipitacao": null, "numero_dias_sem_chuva": null, "risco_fogo": null, "bioma": "Mata Atlântica", "id_0": 33, "id_1": 29, "id_2": 2910727, "continente_id": 8, "vegetacao": null, "grade_wrs": "215_071", "frp": 11.1}, "bbox": [-39.49612, -16.35712, -39.49612, -16.35712]}, {"type": "Feature", "id": "focos_48h_br_todosats.fid--211a0569_19dad572493_b4e", "geometry": {"type": "Point", "coordinates": [-39.7676, -16.08899]}, "geometry_name": "geometria", "properties": {"id_foco_bdq": 1814852779, "foco_id": "f1ec1af0-6256-31b4-9dc5-9989b6a2065f", "longitude": -39.7676, "latitude": -16.08899, "data_hora_gmt": "2026-04-20T16:18:00Z", "data_pas": "2026-04-20", "satelite": "NPP-375", "municipio": "ITAGIMIRIM", "estado": "BAHIA", "pais": "Brasil", "precipitacao": null, "numero_dias_sem_chuva": null, "risco_fogo": null, "bioma": "Mata Atlântica", "id_0": 33, "id_1": 29, "id_2": 2915304, "continente_id": 8, "vegetacao": null, "grade_wrs": "216_071", "frp": 6.8}, "bbox": [-39.7676, -16.08899, -39.7676, -16.08899]}, {"type": "Feature", "id": "focos_48h_br_todosats.fid--211a0569_19dad572493_b4f", "geometry": {"type": "Point", "coordinates": [-47.21669, -20.08199]}, "geometry_name": "geometria", "properties": {"id_foco_bdq": 1814852884, "foco_id": "3aa87327-a466-3ef6-96a4-be5acca16f05", "longitude": -47.21669, "latitude": -20.08199, "data_hora_gmt": "2026-04-20T16:18:00Z", "data_pas": "2026-04-20", "satelite": "NPP-375", "municipio": "SACRAMENTO", "estado": "MINAS GERAIS", "pais": "Brasil", "precipitacao": null, "numero_dias_sem_chuva": null, "risco_fogo": null, "bioma": "Cerrado", "id_0": 33, "id_1": 31, "id_2": 3156908, "continente_id": 8, "vegetacao": null, "grade_wrs": "220_074", "frp": 4.1}, "bbox": [-47.21669, -20.08199, -47.21669, -20.08199]}, {"type": "Feature", "id": "focos_48h_br_todosats.fid--211a0569_19dad572493_b50", "geometry": {"type": "Point", "coordinates": [-44.81507, -17.71203]}, "geometry_name": "geometria", "properties": {"id_foco_bdq": 1814852370, "foco_id": "743388a9-2062-34cc-80ba-6f214ef22b9e", "longitude": -44.81507, "latitude": -17.71203, "data_hora_gmt": "2026-04-20T16:18:00Z", "data_pas": "2026-04-20", "satelite": "NPP-375", "municipio": "VÁRZEA DA PALMA", "estado": "MINAS GERAIS", "pais": "Brasil", "precipitacao": null, "numero_dias_sem_chuva": null, "risco_fogo": null, "bioma": "Cerrado", "id_0": 33, "id_1": 31, "id_2": 3170800, "continente_id": 8, "vegetacao": null, "grade_wrs": "219_072", "frp": 3.9}, "bbox": [-44.81507, -17.71203, -44.81507, -17.71203]}, {"type": "Feature", "id": "focos_48h_br_todosats.fid--211a0569_19dad572493_b51", "geometry": {"type": "Point", "coordinates": [-42.99821, -16.59616]}, "geometry_name": "geometria", "properties": {"id_foco_bdq": 1814852865, "foco_id": "23e1c5af-c965-3de8-bbb3-40faedb58b94", "longitude": -42.99821, "latitude": -16.59616, "data_hora_gmt": "2026-04-20T16:18:00Z", "data_pas": "2026-04-20", "satelite": "NPP-375", "municipio": "GRÃO MOGOL", "estado": "MINAS GERAIS", "pais": "Brasil", "precipitacao": null, "numero_dias_sem_chuva": null, "risco_fogo": null, "bioma": "Cerrado", "id_0": 33, "id_1": 31, "id_2": 3127800, "continente_id": 8, "vegetacao": null, "grade_wrs": "218_071", "frp": 6.2}, "bbox": [-42.99821, -16.59616, -42.99821, -16.59616]}, {"type": "Feature", "id": "focos_48h_br_todosats.fid--211a0569_19dad572493_b52", "geometry": {"type": "Point", "coordinates": [-47.21721, -20.0767]}, "geometry_name": "geometria", "properties": {"id_foco_bdq": 1814852388, "foco_id": "b8dc0e89-dfa5-3b06-9e69-a0f5b62ed21b", "longitude": -47.21721, "latitude": -20.0767, "data_hora_gmt": "2026-04-20T16:18:00Z", "data_pas": "2026-04-20", "satelite": "NPP-375", "municipio": "SACRAMENTO", "estado": "MINAS GERAIS", "pais": "Brasil", "precipitacao": null, "numero_dias_sem_chuva": null, "risco_fogo": null, "bioma": "Cerrado", "id_0": 33, "id_1": 31, "id_2": 3156908, "continente_id": 8, "vegetacao": null, "grade_wrs": "220_074", "frp": 18.4}, "bbox": [-47.21721, -20.0767, -47.21721, -20.0767]}, {"type": "Feature", "id": "focos_48h_br_todosats.fid--211a0569_19dad572493_b53", "geometry": {"type": "Point", "coordinates": [-44.31279, -20.92024]}, "geometry_name": "geometria", "properties": {"id_foco_bdq": 1814852394, "foco_id": "4c40b52d-3e58-33e5-8e85-9b4a02a7d97a", "longitude": -44.31279, "latitude": -20.92024, "data_hora_gmt": "2026-04-20T16:18:00Z", "data_pas": "2026-04-20", "satelite": "NPP-375", "municipio": "RITÁPOLIS", "estado": "MINAS GERAIS", "pais": "Brasil", "precipitacao": null, "numero_dias_sem_chuva": null, "risco_fogo": null, "bioma": "Mata Atlântica", "id_0": 33, "id_1": 31, "id_2": 3156106, "continente_id": 8, "vegetacao": null, "grade_wrs": "218_074", "frp": 67.1}, "bbox": [-44.31279, -20.92024, -44.31279, -20.92024]}, {"type": "Feature", "id": "focos_48h_br_todosats.fid--211a0569_19dad572493_b54", "geometry": {"type": "Point", "coordinates": [-43.99751, -17.76832]}, "geometry_name": "geometria", "properties": {"id_foco_bdq": 1814853002, "foco_id": "0fca3da5-ca46-3caf-a44d-4198bcb860e0", "longitude": -43.99751, "latitude": -17.76832, "data_hora_gmt": "2026-04-20T16:18:00Z", "data_pas": "2026-04-20", "satelite": "NPP-375", "municipio": "BUENÓPOLIS", "estado": "MINAS GERAIS", "pais": "Brasil", "precipitacao": null, "numero_dias_sem_chuva": null, "risco_fogo": null, "bioma": "Cerrado", "id_0": 33, "id_1": 31, "id_2": 3109204, "continente_id": 8, "vegetacao": null, "grade_wrs": "218_072", "frp": 4}, "bbox": [-43.99751, -17.76832, -43.99751, -17.76832]}, {"type": "Feature", "id": "focos_48h_br_todosats.fid--211a0569_19dad572493_b55", "geometry": {"type": "Point", "coordinates": [-39.17834, -16.68321]}, "geometry_name": "geometria", "properties": {"id_foco_bdq": 1814853185, "foco_id": "a6e909d7-3d5b-344a-8421-13d8b2c2d789", "longitude": -39.17834, "latitude": -16.68321, "data_hora_gmt": "2026-04-20T16:18:00Z", "data_pas": "2026-04-20", "satelite": "NPP-375", "municipio": "PORTO SEGURO", "estado": "BAHIA", "pais": "Brasil", "precipitacao": null, "numero_dias_sem_chuva": null, "risco_fogo": null, "bioma": "Mata Atlântica", "id_0": 33, "id_1": 29, "id_2": 2925303, "continente_id": 8, "vegetacao": null, "grade_wrs": "215_072", "frp": 10.1}, "bbox": [-39.17834, -16.68321, -39.17834, -16.68321]}, {"type": "Feature", "id": "focos_48h_br_todosats.fid--211a0569_19dad572493_b56", "geometry": {"type": "Point", "coordinates": [-40.15153, -14.50456]}, "geometry_name": "geometria", "properties": {"id_foco_bdq": 1814853027, "foco_id": "e1f7ff76-38a6-3fe2-b9f4-58f8a85da794", "longitude": -40.15153, "latitude": -14.50456, "data_hora_gmt": "2026-04-20T16:18:00Z", "data_pas": "2026-04-20", "satelite": "NPP-375", "municipio": "IGUAÍ", "estado": "BAHIA", "pais": "Brasil", "precipitacao": null, "numero_dias_sem_chuva": null, "risco_fogo": null, "bioma": "Mata Atlântica", "id_0": 33, "id_1": 29, "id_2": 2913507, "continente_id": 8, "vegetacao": null, "grade_wrs": "216_070", "frp": 1.8}, "bbox": [-40.15153, -14.50456, -40.15153, -14.50456]}, {"type": "Feature", "id": "focos_48h_br_todosats.fid--211a0569_19dad572493_b57", "geometry": {"type": "Point", "coordinates": [-44.31794, -20.91636]}, "geometry_name": "geometria", "properties": {"id_foco_bdq": 1814853368, "foco_id": "252c0ba6-d874-3539-be2d-46ae6d97bf7e", "longitude": -44.31794, "latitude": -20.91636, "data_hora_gmt": "2026-04-20T16:18:00Z", "data_pas": "2026-04-20", "satelite": "NPP-375", "municipio": "RITÁPOLIS", "estado": "MINAS GERAIS", "pais": "Brasil", "precipitacao": null, "numero_dias_sem_chuva": null, "risco_fogo": null, "bioma": "Mata Atlântica", "id_0": 33, "id_1": 31, "id_2": 3156106, "continente_id": 8, "vegetacao": null, "grade_wrs": "218_074", "frp": 67.1}, "bbox": [-44.31794, -20.91636, -44.31794, -20.91636]}, {"type": "Feature", "id": "focos_48h_br_todosats.fid--211a0569_19dad572493_b58", "geometry": {"type": "Point", "coordinates": [-39.64922, -14.55612]}, "geometry_name": "geometria", "properties": {"id_foco_bdq": 1814853517, "foco_id": "361f89b3-f49a-3f4a-9936-0a448189baea", "longitude": -39.64922, "latitude": -14.55612, "data_hora_gmt": "2026-04-20T16:18:00Z", "data_pas": "2026-04-20", "satelite": "NPP-375", "municipio": "ITAPITANGA", "estado": "BAHIA", "pais": "Brasil", "precipitacao": null, "numero_dias_sem_chuva": null, "risco_fogo": null, "bioma": "Mata Atlântica", "id_0": 33, "id_1": 29, "id_2": 2916609, "continente_id": 8, "vegetacao": null, "grade_wrs": "216_070", "frp": 7.6}, "bbox": [-39.64922, -14.55612, -39.64922, -14.55612]}, {"type": "Feature", "id": "focos_48h_br_todosats.fid--211a0569_19dad572493_b59", "geometry": {"type": "Point", "coordinates": [-42.82295, -14.90644]}, "geometry_name": "geometria", "properties": {"id_foco_bdq": 1814853006, "foco_id": "fb6fea6b-a024-35ec-b499-5393e60dac07", "longitude": -42.82295, "latitude": -14.90644, "data_hora_gmt": "2026-04-20T16:18:00Z", "data_pas": "2026-04-20", "satelite": "NPP-375", "municipio": "ESPINOSA", "estado": "MINAS GERAIS", "pais": "Brasil", "precipitacao": null, "numero_dias_sem_chuva": null, "risco_fogo": null, "bioma": "Cerrado", "id_0": 33, "id_1": 31, "id_2": 3124302, "continente_id": 8, "vegetacao": null, "grade_wrs": "218_070", "frp": 2.2}, "bbox": [-42.82295, -14.90644, -42.82295, -14.90644]}, {"type": "Feature", "id": "focos_48h_br_todosats.fid--211a0569_19dad572493_b5a", "geometry": {"type": "Point", "coordinates": [-42.99413, -14.66947]}, "geometry_name": "geometria", "properties": {"id_foco_bdq": 1814853287, "foco_id": "2687d5af-88ea-3bac-9f38-5396bc24775b", "longitude": -42.99413, "latitude": -14.66947, "data_hora_gmt": "2026-04-20T16:18:00Z", "data_pas": "2026-04-20", "satelite": "NPP-375", "municipio": "SEBASTIÃO LARANJEIRAS", "estado": "BAHIA", "pais": "Brasil", "precipitacao": null, "numero_dias_sem_chuva": null, "risco_fogo": null, "bioma": "Caatinga", "id_0": 33, "id_1": 29, "id_2": 2930006, "continente_id": 8, "vegetacao": null, "grade_wrs": "218_070", "frp": 2}, "bbox": [-42.99413, -14.66947, -42.99413, -14.66947]}, {"type": "Feature", "id": "focos_48h_br_todosats.fid--211a0569_19dad572493_b5b", "geometry": {"type": "Point", "coordinates": [-40.42318, -15.74665]}, "geometry_name": "geometria", "properties": {"id_foco_bdq": 1814852417, "foco_id": "e10a5319-c792-3379-a572-90144ad216b0", "longitude": -40.42318, "latitude": -15.74665, "data_hora_gmt": "2026-04-20T16:18:00Z", "data_pas": "2026-04-20", "satelite": "NPP-375", "municipio": "MACARANI", "estado": "BAHIA", "pais": "Brasil", "precipitacao": null, "numero_dias_sem_chuva": null, "risco_fogo": null, "bioma": "Mata Atlântica", "id_0": 33, "id_1": 29, "id_2": 2919702, "continente_id": 8, "vegetacao": null, "grade_wrs": "216_071", "frp": 6.9}, "bbox": [-40.42318, -15.74665, -40.42318, -15.74665]}, {"type": "Feature", "id": "focos_48h_br_todosats.fid--211a0569_19dad572493_b5c", "geometry": {"type": "Point", "coordinates": [-39.71922, -15.0091]}, "geometry_name": "geometria", "properties": {"id_foco_bdq": 1814853182, "foco_id": "a167dc0e-2873-30b7-a8fe-d35951c6c1bc", "longitude": -39.71922, "latitude": -15.0091, "data_hora_gmt": "2026-04-20T16:18:00Z", "data_pas": "2026-04-20", "satelite": "NPP-375", "municipio": "ITAJU DO COLÔNIA", "estado": "BAHIA", "pais": "Brasil", "precipitacao": null, "numero_dias_sem_chuva": null, "risco_fogo": null, "bioma": "Mata Atlântica", "id_0": 33, "id_1": 29, "id_2": 2915403, "continente_id": 8, "vegetacao": null, "grade_wrs": "216_070", "frp": 21.3}, "bbox": [-39.71922, -15.0091, -39.71922, -15.0091]}, {"type": "Feature", "id": "focos_48h_br_todosats.fid--211a0569_19dad572493_b5d", "geometry": {"type": "Point", "coordinates": [-39.02738, -15.85063]}, "geometry_name": "geometria", "properties": {"id_foco_bdq": 1814853028, "foco_id": "2550b69d-ac6f-3df6-bd1f-cafb00e36f19", "longitude": -39.02738, "latitude": -15.85063, "data_hora_gmt": "2026-04-20T16:18:00Z", "data_pas": "2026-04-20", "satelite": "NPP-375", "municipio": "BELMONTE", "estado": "BAHIA", "pais": "Brasil", "precipitacao": null, "numero_dias_sem_chuva": null, "risco_fogo": null, "bioma": "Mata Atlântica", "id_0": 33, "id_1": 29, "id_2": 2903409, "continente_id": 8, "vegetacao": null, "grade_wrs": "215_071", "frp": 13.8}, "bbox": [-39.02738, -15.85063, -39.02738, -15.85063]}, {"type": "Feature", "id": "focos_48h_br_todosats.fid--211a0569_19dad572493_b5e", "geometry": {"type": "Point", "coordinates": [-40.85289, -15.51327]}, "geometry_name": "geometria", "properties": {"id_foco_bdq": 1814852423, "foco_id": "93037c8e-4c82-32a1-8d94-91e1e707f2c7", "longitude": -40.85289, "latitude": -15.51327, "data_hora_gmt": "2026-04-20T16:18:00Z", "data_pas": "2026-04-20", "satelite": "NPP-375", "municipio": "ENCRUZILHADA", "estado": "BAHIA", "pais": "Brasil", "precipitacao": null, "numero_dias_sem_chuva": null, "risco_fogo": null, "bioma": "Mata Atlântica", "id_0": 33, "id_1": 29, "id_2": 2910404, "continente_id": 8, "vegetacao": null, "grade_wrs": "216_071", "frp": 3.3}, "bbox": [-40.85289, -15.51327, -40.85289, -15.51327]}, {"type": "Feature", "id": "focos_48h_br_todosats.fid--211a0569_19dad572493_b5f", "geometry": {"type": "Point", "coordinates": [-40.42682, -15.74719]}, "geometry_name": "geometria", "properties": {"id_foco_bdq": 1814853174, "foco_id": "fffed068-1893-38c9-969a-7a9582ff466b", "longitude": -40.42682, "latitude": -15.74719, "data_hora_gmt": "2026-04-20T16:18:00Z", "data_pas": "2026-04-20", "satelite": "NPP-375", "municipio": "MACARANI", "estado": "BAHIA", "pais": "Brasil", "precipitacao": null, "numero_dias_sem_chuva": null, "risco_fogo": null, "bioma": "Mata Atlântica", "id_0": 33, "id_1": 29, "id_2": 2919702, "continente_id": 8, "vegetacao": null, "grade_wrs": "216_071", "frp": 6.9}, "bbox": [-40.42682, -15.74719, -40.42682, -15.74719]}, {"type": "Feature", "id": "focos_48h_br_todosats.fid--211a0569_19dad572493_b60", "geometry": {"type": "Point", "coordinates": [-43.0967, -14.81829]}, "geometry_name": "geometria", "properties": {"id_foco_bdq": 1814852436, "foco_id": "43f7bbd8-2142-345b-bc28-eb0b9b732016", "longitude": -43.0967, "latitude": -14.81829, "data_hora_gmt": "2026-04-20T16:18:00Z", "data_pas": "2026-04-20", "satelite": "NPP-375", "municipio": "ESPINOSA", "estado": "MINAS GERAIS", "pais": "Brasil", "precipitacao": null, "numero_dias_sem_chuva": null, "risco_fogo": null, "bioma": "Caatinga", "id_0": 33, "id_1": 31, "id_2": 3124302, "continente_id": 8, "vegetacao": null, "grade_wrs": "218_070", "frp": 7.1}, "bbox": [-43.0967, -14.81829, -43.0967, -14.81829]}, {"type": "Feature", "id": "focos_48h_br_todosats.fid--211a0569_19dad572493_b61", "geometry": {"type": "Point", "coordinates": [-47.92679, -19.92031]}, "geometry_name": "geometria", "properties": {"id_foco_bdq": 1814852716, "foco_id": "e5985190-3677-346b-ae88-d4b58713c67e", "longitude": -47.92679, "latitude": -19.92031, "data_hora_gmt": "2026-04-20T16:18:00Z", "data_pas": "2026-04-20", "satelite": "NPP-375", "municipio": "UBERABA", "estado": "MINAS GERAIS", "pais": "Brasil", "precipitacao": null, "numero_dias_sem_chuva": null, "risco_fogo": null, "bioma": "Cerrado", "id_0": 33, "id_1": 31, "id_2": 3170107, "continente_id": 8, "vegetacao": null, "grade_wrs": "220_074", "frp": 5.5}, "bbox": [-47.92679, -19.92031, -47.92679, -19.92031]}, {"type": "Feature", "id": "focos_48h_br_todosats.fid--211a0569_19dad572493_b62", "geometry": {"type": "Point", "coordinates": [-45.13239, -18.62908]}, "geometry_name": "geometria", "properties": {"id_foco_bdq": 1814852449, "foco_id": "ce085abb-44a8-356d-87c8-e3238c001d1d", "longitude": -45.13239, "latitude": -18.62908, "data_hora_gmt": "2026-04-20T16:18:00Z", "data_pas": "2026-04-20", "satelite": "NPP-375", "municipio": "FELIXLÂNDIA", "estado": "MINAS GERAIS", "pais": "Brasil", "precipitacao": null, "numero_dias_sem_chuva": null, "risco_fogo": null, "bioma": "Cerrado", "id_0": 33, "id_1": 31, "id_2": 3125705, "continente_id": 8, "vegetacao": null, "grade_wrs": "219_073", "frp": 11.3}, "bbox": [-45.13239, -18.62908, -45.13239, -18.62908]}, {"type": "Feature", "id": "focos_48h_br_todosats.fid--211a0569_19dad572493_b63", "geometry": {"type": "Point", "coordinates": [-39.15295, -13.28257]}, "geometry_name": "geometria", "properties": {"id_foco_bdq": 1814852988, "foco_id": "0da0fb80-7d5f-3cd6-9bdb-961c4d78f39a", "longitude": -39.15295, "latitude": -13.28257, "data_hora_gmt": "2026-04-20T16:20:00Z", "data_pas": "2026-04-20", "satelite": "NPP-375", "municipio": "VALENÇA", "estado": "BAHIA", "pais": "Brasil", "precipitacao": null, "numero_dias_sem_chuva": null, "risco_fogo": null, "bioma": "Mata Atlântica", "id_0": 33, "id_1": 29, "id_2": 2932903, "continente_id": 8, "vegetacao": null, "grade_wrs": "216_069", "frp": 6.4}, "bbox": [-39.15295, -13.28257, -39.15295, -13.28257]}, {"type": "Feature", "id": "focos_48h_br_todosats.fid--211a0569_19dad572493_b64", "geometry": {"type": "Point", "coordinates": [-42.1428, -14.43961]}, "geometry_name": "geometria", "properties": {"id_foco_bdq": 1814853331, "foco_id": "7e8806cd-9106-334e-a394-cb7bb7051e8a", "longitude": -42.1428, "latitude": -14.43961, "data_hora_gmt": "2026-04-20T16:20:00Z", "data_pas": "2026-04-20", "satelite": "NPP-375", "municipio": "RIO DO ANTÔNIO", "estado": "BAHIA", "pais": "Brasil", "precipitacao": null, "numero_dias_sem_chuva": null, "risco_fogo": null, "bioma": "Caatinga", "id_0": 33, "id_1": 29, "id_2": 2926806, "continente_id": 8, "vegetacao": null, "grade_wrs": "217_070", "frp": 3.7}, "bbox": [-42.1428, -14.43961, -42.1428, -14.43961]}, {"type": "Feature", "id": "focos_48h_br_todosats.fid--211a0569_19dad572493_b65", "geometry": {"type": "Point", "coordinates": [-40.0342, -9.10281]}, "geometry_name": "geometria", "properties": {"id_foco_bdq": 1814853315, "foco_id": "43c399f9-fc2d-3eb2-b702-aa210ee75a2d", "longitude": -40.0342, "latitude": -9.10281, "data_hora_gmt": "2026-04-20T16:20:00Z", "data_pas": "2026-04-20", "satelite": "NPP-375", "municipio": "JUAZEIRO", "estado": "BAHIA", "pais": "Brasil", "precipitacao": null, "numero_dias_sem_chuva": null, "risco_fogo": null, "bioma": "Caatinga", "id_0": 33, "id_1": 29, "id_2": 2918407, "continente_id": 8, "vegetacao": null, "grade_wrs": "217_066", "frp": 4.2}, "bbox": [-40.0342, -9.10281, -40.0342, -9.10281]}, {"type": "Feature", "id": "focos_48h_br_todosats.fid--211a0569_19dad572493_b66", "geometry": {"type": "Point", "coordinates": [-47.53621, -13.49873]}, "geometry_name": "geometria", "properties": {"id_foco_bdq": 1814852200, "foco_id": "982268bc-26c9-3623-89d6-c42b7b7d4602", "longitude": -47.53621, "latitude": -13.49873, "data_hora_gmt": "2026-04-20T16:20:00Z", "data_pas": "2026-04-20", "satelite": "NPP-375", "municipio": "CAVALCANTE", "estado": "GOIÁS", "pais": "Brasil", "precipitacao": null, "numero_dias_sem_chuva": null, "risco_fogo": null, "bioma": "Cerrado", "id_0": 33, "id_1": 52, "id_2": 5205307, "continente_id": 8, "vegetacao": null, "grade_wrs": "221_069", "frp": 4.6}, "bbox": [-47.53621, -13.49873, -47.53621, -13.49873]}, {"type": "Feature", "id": "focos_48h_br_todosats.fid--211a0569_19dad572493_b67", "geometry": {"type": "Point", "coordinates": [-37.84344, -11.03798]}, "geometry_name": "geometria", "properties": {"id_foco_bdq": 1814853310, "foco_id": "cc724692-1432-3eac-b0de-d34ebd782e23", "longitude": -37.84344, "latitude": -11.03798, "data_hora_gmt": "2026-04-20T16:20:00Z", "data_pas": "2026-04-20", "satelite": "NPP-375", "municipio": "RIACHÃO DO DANTAS", "estado": "SERGIPE", "pais": "Brasil", "precipitacao": null, "numero_dias_sem_chuva": null, "risco_fogo": null, "bioma": "Caatinga", "id_0": 33, "id_1": 28, "id_2": 2805802, "continente_id": 8, "vegetacao": null, "grade_wrs": "215_068", "frp": 8.1}, "bbox": [-37.84344, -11.03798, -37.84344, -11.03798]}, {"type": "Feature", "id": "focos_48h_br_todosats.fid--211a0569_19dad572493_b68", "geometry": {"type": "Point", "coordinates": [-38.97734, -13.34669]}, "geometry_name": "geometria", "properties": {"id_foco_bdq": 1814852242, "foco_id": "69f65862-2c6d-3926-816d-d7aa254c94c1", "longitude": -38.97734, "latitude": -13.34669, "data_hora_gmt": "2026-04-20T16:20:00Z", "data_pas": "2026-04-20", "satelite": "NPP-375", "municipio": "VALENÇA", "estado": "BAHIA", "pais": "Brasil", "precipitacao": null, "numero_dias_sem_chuva": null, "risco_fogo": null, "bioma": "Mata Atlântica", "id_0": 33, "id_1": 29, "id_2": 2932903, "continente_id": 8, "vegetacao": null, "grade_wrs": "216_069", "frp": 3.3}, "bbox": [-38.97734, -13.34669, -38.97734, -13.34669]}, {"type": "Feature", "id": "focos_48h_br_todosats.fid--211a0569_19dad572493_b69", "geometry": {"type": "Point", "coordinates": [-44.7366, -11.7239]}, "geometry_name": "geometria", "properties": {"id_foco_bdq": 1814853274, "foco_id": "33682b78-3d89-3d3c-8443-7fa33f960d2d", "longitude": -44.7366, "latitude": -11.7239, "data_hora_gmt": "2026-04-20T16:20:00Z", "data_pas": "2026-04-20", "satelite": "NPP-375", "municipio": "RIACHÃO DAS NEVES", "estado": "BAHIA", "pais": "Brasil", "precipitacao": null, "numero_dias_sem_chuva": null, "risco_fogo": null, "bioma": "Cerrado", "id_0": 33, "id_1": 29, "id_2": 2926202, "continente_id": 8, "vegetacao": null, "grade_wrs": "220_068", "frp": 11.5}, "bbox": [-44.7366, -11.7239, -44.7366, -11.7239]}, {"type": "Feature", "id": "focos_48h_br_todosats.fid--211a0569_19dad572493_b6a", "geometry": {"type": "Point", "coordinates": [-44.74186, -11.7246]}, "geometry_name": "geometria", "properties": {"id_foco_bdq": 1814853270, "foco_id": "7975a229-07c9-392b-9708-4adb84f3a650", "longitude": -44.74186, "latitude": -11.7246, "data_hora_gmt": "2026-04-20T16:20:00Z", "data_pas": "2026-04-20", "satelite": "NPP-375", "municipio": "RIACHÃO DAS NEVES", "estado": "BAHIA", "pais": "Brasil", "precipitacao": null, "numero_dias_sem_chuva": null, "risco_fogo": null, "bioma": "Cerrado", "id_0": 33, "id_1": 29, "id_2": 2926202, "continente_id": 8, "vegetacao": null, "grade_wrs": "220_068", "frp": 11.5}, "bbox": [-44.74186, -11.7246, -44.74186, -11.7246]}, {"type": "Feature", "id": "focos_48h_br_todosats.fid--211a0569_19dad572493_b6b", "geometry": {"type": "Point", "coordinates": [-45.34711, -13.95132]}, "geometry_name": "geometria", "properties": {"id_foco_bdq": 1814853269, "foco_id": "69176f40-71a4-3e26-8f7d-8ee424aad55f", "longitude": -45.34711, "latitude": -13.95132, "data_hora_gmt": "2026-04-20T16:20:00Z", "data_pas": "2026-04-20", "satelite": "NPP-375", "municipio": "JABORANDI", "estado": "BAHIA", "pais": "Brasil", "precipitacao": null, "numero_dias_sem_chuva": null, "risco_fogo": null, "bioma": "Cerrado", "id_0": 33, "id_1": 29, "id_2": 2917359, "continente_id": 8, "vegetacao": null, "grade_wrs": "220_070", "frp": 7.4}, "bbox": [-45.34711, -13.95132, -45.34711, -13.95132]}, {"type": "Feature", "id": "focos_48h_br_todosats.fid--211a0569_19dad572493_b6c", "geometry": {"type": "Point", "coordinates": [-44.73871, -11.72646]}, "geometry_name": "geometria", "properties": {"id_foco_bdq": 1814852303, "foco_id": "47c290f3-4c56-324f-ab66-1ebcde3f9f55", "longitude": -44.73871, "latitude": -11.72646, "data_hora_gmt": "2026-04-20T16:20:00Z", "data_pas": "2026-04-20", "satelite": "NPP-375", "municipio": "RIACHÃO DAS NEVES", "estado": "BAHIA", "pais": "Brasil", "precipitacao": null, "numero_dias_sem_chuva": null, "risco_fogo": null, "bioma": "Cerrado", "id_0": 33, "id_1": 29, "id_2": 2926202, "continente_id": 8, "vegetacao": null, "grade_wrs": "220_068", "frp": 22.2}, "bbox": [-44.73871, -11.72646, -44.73871, -11.72646]}, {"type": "Feature", "id": "focos_48h_br_todosats.fid--211a0569_19dad572493_b6d", "geometry": {"type": "Point", "coordinates": [-38.03946, -9.20798]}, "geometry_name": "geometria", "properties": {"id_foco_bdq": 1814853257, "foco_id": "f5c18d08-4d55-3aa0-aa17-24295d8532d8", "longitude": -38.03946, "latitude": -9.20798, "data_hora_gmt": "2026-04-20T16:20:00Z", "data_pas": "2026-04-20", "satelite": "NPP-375", "municipio": "PARICONHA", "estado": "ALAGOAS", "pais": "Brasil", "precipitacao": null, "numero_dias_sem_chuva": null, "risco_fogo": null, "bioma": "Caatinga", "id_0": 33, "id_1": 27, "id_2": 2706422, "continente_id": 8, "vegetacao": null, "grade_wrs": "216_066", "frp": 6}, "bbox": [-38.03946, -9.20798, -38.03946, -9.20798]}, {"type": "Feature", "id": "focos_48h_br_todosats.fid--211a0569_19dad572493_b6e", "geometry": {"type": "Point", "coordinates": [-44.59042, -12.3302]}, "geometry_name": "geometria", "properties": {"id_foco_bdq": 1814852305, "foco_id": "bf23cd9d-3da6-3548-9022-5797d37910ed", "longitude": -44.59042, "latitude": -12.3302, "data_hora_gmt": "2026-04-20T16:20:00Z", "data_pas": "2026-04-20", "satelite": "NPP-375", "municipio": "BAIANÓPOLIS", "estado": "BAHIA", "pais": "Brasil", "precipitacao": null, "numero_dias_sem_chuva": null, "risco_fogo": null, "bioma": "Cerrado", "id_0": 33, "id_1": 29, "id_2": 2902500, "continente_id": 8, "vegetacao": null, "grade_wrs": "219_069", "frp": 6.1}, "bbox": [-44.59042, -12.3302, -44.59042, -12.3302]}, {"type": "Feature", "id": "focos_48h_br_todosats.fid--211a0569_19dad572493_b6f", "geometry": {"type": "Point", "coordinates": [-43.8886, -8.22933]}, "geometry_name": "geometria", "properties": {"id_foco_bdq": 1814852316, "foco_id": "7f3a3051-03b5-3b9c-9961-706dd11ff8ad", "longitude": -43.8886, "latitude": -8.22933, "data_hora_gmt": "2026-04-20T16:20:00Z", "data_pas": "2026-04-20", "satelite": "NPP-375", "municipio": "MANOEL EMÍDIO", "estado": "PIAUÍ", "pais": "Brasil", "precipitacao": null, "numero_dias_sem_chuva": null, "risco_fogo": null, "bioma": "Caatinga", "id_0": 33, "id_1": 22, "id_2": 2205904, "continente_id": 8, "vegetacao": null, "grade_wrs": "219_066", "frp": 17.5}, "bbox": [-43.8886, -8.22933, -43.8886, -8.22933]}, {"type": "Feature", "id": "focos_48h_br_todosats.fid--211a0569_19dad572493_b70", "geometry": {"type": "Point", "coordinates": [-39.56918, -13.366]}, "geometry_name": "geometria", "properties": {"id_foco_bdq": 1814853242, "foco_id": "cdac3d96-c23e-3162-a638-2c25df158297", "longitude": -39.56918, "latitude": -13.366, "data_hora_gmt": "2026-04-20T16:20:00Z", "data_pas": "2026-04-20", "satelite": "NPP-375", "municipio": "JIQUIRIÇÁ", "estado": "BAHIA", "pais": "Brasil", "precipitacao": null, "numero_dias_sem_chuva": null, "risco_fogo": null, "bioma": "Mata Atlântica", "id_0": 33, "id_1": 29, "id_2": 2918209, "continente_id": 8, "vegetacao": null, "grade_wrs": "216_069", "frp": 4.2}, "bbox": [-39.56918, -13.366, -39.56918, -13.366]}, {"type": "Feature", "id": "focos_48h_br_todosats.fid--211a0569_19dad572493_b71", "geometry": {"type": "Point", "coordinates": [-37.07513, -10.32188]}, "geometry_name": "geometria", "properties": {"id_foco_bdq": 1814852320, "foco_id": "4839b312-ae91-34bf-877a-75a07d9b2122", "longitude": -37.07513, "latitude": -10.32188, "data_hora_gmt": "2026-04-20T16:20:00Z", "data_pas": "2026-04-20", "satelite": "NPP-375", "municipio": "AQUIDABÃ", "estado": "SERGIPE", "pais": "Brasil", "precipitacao": null, "numero_dias_sem_chuva": null, "risco_fogo": null, "bioma": "Mata Atlântica", "id_0": 33, "id_1": 28, "id_2": 2800209, "continente_id": 8, "vegetacao": null, "grade_wrs": "215_067", "frp": 4.6}, "bbox": [-37.07513, -10.32188, -37.07513, -10.32188]}, {"type": "Feature", "id": "focos_48h_br_todosats.fid--211a0569_19dad572493_b72", "geometry": {"type": "Point", "coordinates": [-38.97322, -13.34948]}, "geometry_name": "geometria", "properties": {"id_foco_bdq": 1814852337, "foco_id": "f75b449d-1ca2-3102-90a9-b3ad593a464c", "longitude": -38.97322, "latitude": -13.34948, "data_hora_gmt": "2026-04-20T16:20:00Z", "data_pas": "2026-04-20", "satelite": "NPP-375", "municipio": "VALENÇA", "estado": "BAHIA", "pais": "Brasil", "precipitacao": null, "numero_dias_sem_chuva": null, "risco_fogo": null, "bioma": "Mata Atlântica", "id_0": 33, "id_1": 29, "id_2": 2932903, "continente_id": 8, "vegetacao": null, "grade_wrs": "216_069", "frp": 4.1}, "bbox": [-38.97322, -13.34948, -38.97322, -13.34948]}, {"type": "Feature", "id": "focos_48h_br_todosats.fid--211a0569_19dad572493_b73", "geometry": {"type": "Point", "coordinates": [-39.62508, -14.00671]}, "geometry_name": "geometria", "properties": {"id_foco_bdq": 1814853515, "foco_id": "b2be5c00-8389-3ab6-ac40-8fbcd6fac4b6", "longitude": -39.62508, "latitude": -14.00671, "data_hora_gmt": "2026-04-20T16:20:00Z", "data_pas": "2026-04-20", "satelite": "NPP-375", "municipio": "IBIRATAIA", "estado": "BAHIA", "pais": "Brasil", "precipitacao": null, "numero_dias_sem_chuva": null, "risco_fogo": null, "bioma": "Mata Atlântica", "id_0": 33, "id_1": 29, "id_2": 2912905, "continente_id": 8, "vegetacao": null, "grade_wrs": "216_070", "frp": 1.8}, "bbox": [-39.62508, -14.00671, -39.62508, -14.00671]}, {"type": "Feature", "id": "focos_48h_br_todosats.fid--211a0569_19dad572493_b74", "geometry": {"type": "Point", "coordinates": [-40.15254, -10.24654]}, "geometry_name": "geometria", "properties": {"id_foco_bdq": 1814852355, "foco_id": "c9545d94-7f32-3816-8086-446280e993a2", "longitude": -40.15254, "latitude": -10.24654, "data_hora_gmt": "2026-04-20T16:20:00Z", "data_pas": "2026-04-20", "satelite": "NPP-375", "municipio": "JAGUARARI", "estado": "BAHIA", "pais": "Brasil", "precipitacao": null, "numero_dias_sem_chuva": null, "risco_fogo": null, "bioma": "Caatinga", "id_0": 33, "id_1": 29, "id_2": 2917706, "continente_id": 8, "vegetacao": null, "grade_wrs": "217_067", "frp": 2.2}, "bbox": [-40.15254, -10.24654, -40.15254, -10.24654]}, {"type": "Feature", "id": "focos_48h_br_todosats.fid--211a0569_19dad572493_b75", "geometry": {"type": "Point", "coordinates": [-47.52674, -13.50831]}, "geometry_name": "geometria", "properties": {"id_foco_bdq": 1814853363, "foco_id": "ad6b195e-233d-34d7-b9ce-4bd43b7717f5", "longitude": -47.52674, "latitude": -13.50831, "data_hora_gmt": "2026-04-20T16:20:00Z", "data_pas": "2026-04-20", "satelite": "NPP-375", "municipio": "CAVALCANTE", "estado": "GOIÁS", "pais": "Brasil", "precipitacao": null, "numero_dias_sem_chuva": null, "risco_fogo": null, "bioma": "Cerrado", "id_0": 33, "id_1": 52, "id_2": 5205307, "continente_id": 8, "vegetacao": null, "grade_wrs": "221_069", "frp": 5.5}, "bbox": [-47.52674, -13.50831, -47.52674, -13.50831]}, {"type": "Feature", "id": "focos_48h_br_todosats.fid--211a0569_19dad572493_b76", "geometry": {"type": "Point", "coordinates": [-45.34303, -13.95078]}, "geometry_name": "geometria", "properties": {"id_foco_bdq": 1814853231, "foco_id": "73422d6d-0920-3fab-8503-22862ddefb28", "longitude": -45.34303, "latitude": -13.95078, "data_hora_gmt": "2026-04-20T16:20:00Z", "data_pas": "2026-04-20", "satelite": "NPP-375", "municipio": "JABORANDI", "estado": "BAHIA", "pais": "Brasil", "precipitacao": null, "numero_dias_sem_chuva": null, "risco_fogo": null, "bioma": "Cerrado", "id_0": 33, "id_1": 29, "id_2": 2917359, "continente_id": 8, "vegetacao": null, "grade_wrs": "220_070", "frp": 8.1}, "bbox": [-45.34303, -13.95078, -45.34303, -13.95078]}, {"type": "Feature", "id": "focos_48h_br_todosats.fid--211a0569_19dad572493_b77", "geometry": {"type": "Point", "coordinates": [-37.60231, -11.92206]}, "geometry_name": "geometria", "properties": {"id_foco_bdq": 1814853230, "foco_id": "7afadca5-9e36-3c51-a0dd-14e02fcaf0b9", "longitude": -37.60231, "latitude": -11.92206, "data_hora_gmt": "2026-04-20T16:20:00Z", "data_pas": "2026-04-20", "satelite": "NPP-375", "municipio": "CONDE", "estado": "BAHIA", "pais": "Brasil", "precipitacao": null, "numero_dias_sem_chuva": null, "risco_fogo": null, "bioma": "Mata Atlântica", "id_0": 33, "id_1": 29, "id_2": 2908606, "continente_id": 8, "vegetacao": null, "grade_wrs": "215_068", "frp": 3.9}, "bbox": [-37.60231, -11.92206, -37.60231, -11.92206]}, {"type": "Feature", "id": "focos_48h_br_todosats.fid--211a0569_19dad572493_b78", "geometry": {"type": "Point", "coordinates": [-39.30793, -13.58309]}, "geometry_name": "geometria", "properties": {"id_foco_bdq": 1814852383, "foco_id": "3d2722fe-799d-375b-960b-26dbbfb86370", "longitude": -39.30793, "latitude": -13.58309, "data_hora_gmt": "2026-04-20T16:20:00Z", "data_pas": "2026-04-20", "satelite": "NPP-375", "municipio": "TAPEROÁ", "estado": "BAHIA", "pais": "Brasil", "precipitacao": null, "numero_dias_sem_chuva": null, "risco_fogo": null, "bioma": "Mata Atlântica", "id_0": 33, "id_1": 29, "id_2": 2931202, "continente_id": 8, "vegetacao": null, "grade_wrs": "216_069", "frp": 4.6}, "bbox": [-39.30793, -13.58309, -39.30793, -13.58309]}, {"type": "Feature", "id": "focos_48h_br_todosats.fid--211a0569_19dad572493_b79", "geometry": {"type": "Point", "coordinates": [-39.31521, -13.6286]}, "geometry_name": "geometria", "properties": {"id_foco_bdq": 1814853367, "foco_id": "9b56b1a7-2c8f-32bf-892f-f4a92cd83829", "longitude": -39.31521, "latitude": -13.6286, "data_hora_gmt": "2026-04-20T16:20:00Z", "data_pas": "2026-04-20", "satelite": "NPP-375", "municipio": "TAPEROÁ", "estado": "BAHIA", "pais": "Brasil", "precipitacao": null, "numero_dias_sem_chuva": null, "risco_fogo": null, "bioma": "Mata Atlântica", "id_0": 33, "id_1": 29, "id_2": 2931202, "continente_id": 8, "vegetacao": null, "grade_wrs": "216_069", "frp": 1.8}, "bbox": [-39.31521, -13.6286, -39.31521, -13.6286]}, {"type": "Feature", "id": "focos_48h_br_todosats.fid--211a0569_19dad572493_b7a", "geometry": {"type": "Point", "coordinates": [-44.19432, -12.23952]}, "geometry_name": "geometria", "properties": {"id_foco_bdq": 1814853201, "foco_id": "8d93aade-958d-38a6-be0d-03a2576197ed", "longitude": -44.19432, "latitude": -12.23952, "data_hora_gmt": "2026-04-20T16:20:00Z", "data_pas": "2026-04-20", "satelite": "NPP-375", "municipio": "CRISTÓPOLIS", "estado": "BAHIA", "pais": "Brasil", "precipitacao": null, "numero_dias_sem_chuva": null, "risco_fogo": null, "bioma": "Cerrado", "id_0": 33, "id_1": 29, "id_2": 2909703, "continente_id": 8, "vegetacao": null, "grade_wrs": "219_068", "frp": 9.6}, "bbox": [-44.19432, -12.23952, -44.19432, -12.23952]}, {"type": "Feature", "id": "focos_48h_br_todosats.fid--211a0569_19dad572493_b7b", "geometry": {"type": "Point", "coordinates": [-37.7334, -9.49494]}, "geometry_name": "geometria", "properties": {"id_foco_bdq": 1814852396, "foco_id": "6d1ac5ed-75c5-3e6a-9f54-88978c1e4a80", "longitude": -37.7334, "latitude": -9.49494, "data_hora_gmt": "2026-04-20T16:20:00Z", "data_pas": "2026-04-20", "satelite": "NPP-375", "municipio": "PIRANHAS", "estado": "ALAGOAS", "pais": "Brasil", "precipitacao": null, "numero_dias_sem_chuva": null, "risco_fogo": null, "bioma": "Caatinga", "id_0": 33, "id_1": 27, "id_2": 2707107, "continente_id": 8, "vegetacao": null, "grade_wrs": "215_067", "frp": 3.5}, "bbox": [-37.7334, -9.49494, -37.7334, -9.49494]}, {"type": "Feature", "id": "focos_48h_br_todosats.fid--211a0569_19dad572493_b7c", "geometry": {"type": "Point", "coordinates": [-37.87875, -10.89859]}, "geometry_name": "geometria", "properties": {"id_foco_bdq": 1814853198, "foco_id": "7c46d858-d55b-3beb-aecb-31d69e70fc84", "longitude": -37.87875, "latitude": -10.89859, "data_hora_gmt": "2026-04-20T16:20:00Z", "data_pas": "2026-04-20", "satelite": "NPP-375", "municipio": "RIACHÃO DO DANTAS", "estado": "SERGIPE", "pais": "Brasil", "precipitacao": null, "numero_dias_sem_chuva": null, "risco_fogo": null, "bioma": "Caatinga", "id_0": 33, "id_1": 28, "id_2": 2805802, "continente_id": 8, "vegetacao": null, "grade_wrs": "215_068", "frp": 2.2}, "bbox": [-37.87875, -10.89859, -37.87875, -10.89859]}, {"type": "Feature", "id": "focos_48h_br_todosats.fid--211a0569_19dad572493_b7d", "geometry": {"type": "Point", "coordinates": [-40.01066, -13.38963]}, "geometry_name": "geometria", "properties": {"id_foco_bdq": 1814852411, "foco_id": "661de5d8-4708-32ec-b876-6d502cb9281d", "longitude": -40.01066, "latitude": -13.38963, "data_hora_gmt": "2026-04-20T16:20:00Z", "data_pas": "2026-04-20", "satelite": "NPP-375", "municipio": "JAGUAQUARA", "estado": "BAHIA", "pais": "Brasil", "precipitacao": null, "numero_dias_sem_chuva": null, "risco_fogo": null, "bioma": "Mata Atlântica", "id_0": 33, "id_1": 29, "id_2": 2917607, "continente_id": 8, "vegetacao": null, "grade_wrs": "216_069", "frp": 3.5}, "bbox": [-40.01066, -13.38963, -40.01066, -13.38963]}, {"type": "Feature", "id": "focos_48h_br_todosats.fid--211a0569_19dad572493_b7e", "geometry": {"type": "Point", "coordinates": [-47.51952, -14.17102]}, "geometry_name": "geometria", "properties": {"id_foco_bdq": 1814852412, "foco_id": "29ae0ef3-beea-3020-b9f0-88e8a28d0d8c", "longitude": -47.51952, "latitude": -14.17102, "data_hora_gmt": "2026-04-20T16:20:00Z", "data_pas": "2026-04-20", "satelite": "NPP-375", "municipio": "ALTO PARAÍSO DE GOIÁS", "estado": "GOIÁS", "pais": "Brasil", "precipitacao": null, "numero_dias_sem_chuva": null, "risco_fogo": null, "bioma": "Cerrado", "id_0": 33, "id_1": 52, "id_2": 5200605, "continente_id": 8, "vegetacao": null, "grade_wrs": "221_070", "frp": 5.9}, "bbox": [-47.51952, -14.17102, -47.51952, -14.17102]}, {"type": "Feature", "id": "focos_48h_br_todosats.fid--211a0569_19dad572493_b7f", "geometry": {"type": "Point", "coordinates": [-46.75115, -11.93737]}, "geometry_name": "geometria", "properties": {"id_foco_bdq": 1814852414, "foco_id": "6d3976d5-c578-308a-9305-0f577588116e", "longitude": -46.75115, "latitude": -11.93737, "data_hora_gmt": "2026-04-20T16:20:00Z", "data_pas": "2026-04-20", "satelite": "NPP-375", "municipio": "NOVO JARDIM", "estado": "TOCANTINS", "pais": "Brasil", "precipitacao": null, "numero_dias_sem_chuva": null, "risco_fogo": null, "bioma": "Cerrado", "id_0": 33, "id_1": 17, "id_2": 1715259, "continente_id": 8, "vegetacao": null, "grade_wrs": "221_068", "frp": 4.6}, "bbox": [-46.75115, -11.93737, -46.75115, -11.93737]}, {"type": "Feature", "id": "focos_48h_br_todosats.fid--211a0569_19dad572493_b80", "geometry": {"type": "Point", "coordinates": [-37.16321, -9.73956]}, "geometry_name": "geometria", "properties": {"id_foco_bdq": 1814853164, "foco_id": "546a6356-5922-34db-9d24-f081ab5194f1", "longitude": -37.16321, "latitude": -9.73956, "data_hora_gmt": "2026-04-20T16:20:00Z", "data_pas": "2026-04-20", "satelite": "NPP-375", "municipio": "BATALHA", "estado": "ALAGOAS", "pais": "Brasil", "precipitacao": null, "numero_dias_sem_chuva": null, "risco_fogo": null, "bioma": "Caatinga", "id_0": 33, "id_1": 27, "id_2": 2700706, "continente_id": 8, "vegetacao": null, "grade_wrs": "215_067", "frp": 2.9}, "bbox": [-37.16321, -9.73956, -37.16321, -9.73956]}, {"type": "Feature", "id": "focos_48h_br_todosats.fid--211a0569_19dad572493_b81", "geometry": {"type": "Point", "coordinates": [-39.21727, -10.57913]}, "geometry_name": "geometria", "properties": {"id_foco_bdq": 1814853158, "foco_id": "c6df2611-2e20-3c2f-b56c-664ef2eabccb", "longitude": -39.21727, "latitude": -10.57913, "data_hora_gmt": "2026-04-20T16:20:00Z", "data_pas": "2026-04-20", "satelite": "NPP-375", "municipio": "MONTE SANTO", "estado": "BAHIA", "pais": "Brasil", "precipitacao": null, "numero_dias_sem_chuva": null, "risco_fogo": null, "bioma": "Caatinga", "id_0": 33, "id_1": 29, "id_2": 2921500, "continente_id": 8, "vegetacao": null, "grade_wrs": "216_067", "frp": 10.4}, "bbox": [-39.21727, -10.57913, -39.21727, -10.57913]}, {"type": "Feature", "id": "focos_48h_br_todosats.fid--211a0569_19dad572493_b82", "geometry": {"type": "Point", "coordinates": [-38.30943, -9.98662]}, "geometry_name": "geometria", "properties": {"id_foco_bdq": 1814852458, "foco_id": "02675004-499f-3f99-a547-e356c1464f97", "longitude": -38.30943, "latitude": -9.98662, "data_hora_gmt": "2026-04-20T16:20:00Z", "data_pas": "2026-04-20", "satelite": "NPP-375", "municipio": "JEREMOABO", "estado": "BAHIA", "pais": "Brasil", "precipitacao": null, "numero_dias_sem_chuva": null, "risco_fogo": null, "bioma": "Caatinga", "id_0": 33, "id_1": 29, "id_2": 2918100, "continente_id": 8, "vegetacao": null, "grade_wrs": "216_067", "frp": 8.7}, "bbox": [-38.30943, -9.98662, -38.30943, -9.98662]}, {"type": "Feature", "id": "focos_48h_br_todosats.fid--211a0569_19dad572493_b83", "geometry": {"type": "Point", "coordinates": [-42.2694, -13.45166]}, "geometry_name": "geometria", "properties": {"id_foco_bdq": 1814852481, "foco_id": "27107f2d-3f63-33ff-88b4-07e3697197a6", "longitude": -42.2694, "latitude": -13.45166, "data_hora_gmt": "2026-04-20T16:20:00Z", "data_pas": "2026-04-20", "satelite": "NPP-375", "municipio": "PARAMIRIM", "estado": "BAHIA", "pais": "Brasil", "precipitacao": null, "numero_dias_sem_chuva": null, "risco_fogo": null, "bioma": "Caatinga", "id_0": 33, "id_1": 29, "id_2": 2923605, "continente_id": 8, "vegetacao": null, "grade_wrs": "218_069", "frp": 3.3}, "bbox": [-42.2694, -13.45166, -42.2694, -13.45166]}, {"type": "Feature", "id": "focos_48h_br_todosats.fid--211a0569_19dad572493_b84", "geometry": {"type": "Point", "coordinates": [-39.74829, -13.23176]}, "geometry_name": "geometria", "properties": {"id_foco_bdq": 1814852507, "foco_id": "ed5d9389-5657-3a45-93da-0ad9cd3a3faf", "longitude": -39.74829, "latitude": -13.23176, "data_hora_gmt": "2026-04-20T16:20:00Z", "data_pas": "2026-04-20", "satelite": "NPP-375", "municipio": "UBAÍRA", "estado": "BAHIA", "pais": "Brasil", "precipitacao": null, "numero_dias_sem_chuva": null, "risco_fogo": null, "bioma": "Mata Atlântica", "id_0": 33, "id_1": 29, "id_2": 2932101, "continente_id": 8, "vegetacao": null, "grade_wrs": "216_069", "frp": 7.6}, "bbox": [-39.74829, -13.23176, -39.74829, -13.23176]}, {"type": "Feature", "id": "focos_48h_br_todosats.fid--211a0569_19dad572493_b85", "geometry": {"type": "Point", "coordinates": [-43.85394, -14.03921]}, "geometry_name": "geometria", "properties": {"id_foco_bdq": 1814853132, "foco_id": "5fe4cd0f-e059-348e-a8e1-759120766719", "longitude": -43.85394, "latitude": -14.03921, "data_hora_gmt": "2026-04-20T16:20:00Z", "data_pas": "2026-04-20", "satelite": "NPP-375", "municipio": "CARINHANHA", "estado": "BAHIA", "pais": "Brasil", "precipitacao": null, "numero_dias_sem_chuva": null, "risco_fogo": null, "bioma": "Cerrado", "id_0": 33, "id_1": 29, "id_2": 2907103, "continente_id": 8, "vegetacao": null, "grade_wrs": "219_070", "frp": 3.8}, "bbox": [-43.85394, -14.03921, -43.85394, -14.03921]}, {"type": "Feature", "id": "focos_48h_br_todosats.fid--211a0569_19dad572493_b86", "geometry": {"type": "Point", "coordinates": [-38.97377, -13.34614]}, "geometry_name": "geometria", "properties": {"id_foco_bdq": 1814852513, "foco_id": "17c18971-53fa-39a8-ae62-2145273ad4fc", "longitude": -38.97377, "latitude": -13.34614, "data_hora_gmt": "2026-04-20T16:20:00Z", "data_pas": "2026-04-20", "satelite": "NPP-375", "municipio": "VALENÇA", "estado": "BAHIA", "pais": "Brasil", "precipitacao": null, "numero_dias_sem_chuva": null, "risco_fogo": null, "bioma": "Mata Atlântica", "id_0": 33, "id_1": 29, "id_2": 2932903, "continente_id": 8, "vegetacao": null, "grade_wrs": "216_069", "frp": 4.1}, "bbox": [-38.97377, -13.34614, -38.97377, -13.34614]}, {"type": "Feature", "id": "focos_48h_br_todosats.fid--211a0569_19dad572493_b87", "geometry": {"type": "Point", "coordinates": [-39.68275, -13.8325]}, "geometry_name": "geometria", "properties": {"id_foco_bdq": 1814852523, "foco_id": "f041d980-dd4b-30ed-adb2-d865af95085d", "longitude": -39.68275, "latitude": -13.8325, "data_hora_gmt": "2026-04-20T16:20:00Z", "data_pas": "2026-04-20", "satelite": "NPP-375", "municipio": "ITAMARI", "estado": "BAHIA", "pais": "Brasil", "precipitacao": null, "numero_dias_sem_chuva": null, "risco_fogo": null, "bioma": "Mata Atlântica", "id_0": 33, "id_1": 29, "id_2": 2915700, "continente_id": 8, "vegetacao": null, "grade_wrs": "216_070", "frp": 4.8}, "bbox": [-39.68275, -13.8325, -39.68275, -13.8325]}, {"type": "Feature", "id": "focos_48h_br_todosats.fid--211a0569_19dad572493_b88", "geometry": {"type": "Point", "coordinates": [-47.51347, -14.17029]}, "geometry_name": "geometria", "properties": {"id_foco_bdq": 1814853376, "foco_id": "1bfa4072-f60a-3605-9f3f-1083020480af", "longitude": -47.51347, "latitude": -14.17029, "data_hora_gmt": "2026-04-20T16:20:00Z", "data_pas": "2026-04-20", "satelite": "NPP-375", "municipio": "ALTO PARAÍSO DE GOIÁS", "estado": "GOIÁS", "pais": "Brasil", "precipitacao": null, "numero_dias_sem_chuva": null, "risco_fogo": null, "bioma": "Cerrado", "id_0": 33, "id_1": 52, "id_2": 5200605, "continente_id": 8, "vegetacao": null, "grade_wrs": "221_070", "frp": 6.7}, "bbox": [-47.51347, -14.17029, -47.51347, -14.17029]}, {"type": "Feature", "id": "focos_48h_br_todosats.fid--211a0569_19dad572493_b89", "geometry": {"type": "Point", "coordinates": [-37.57106, -11.15617]}, "geometry_name": "geometria", "properties": {"id_foco_bdq": 1814853501, "foco_id": "31d06826-ae53-3e56-98ae-52695f68c547", "longitude": -37.57106, "latitude": -11.15617, "data_hora_gmt": "2026-04-20T16:20:00Z", "data_pas": "2026-04-20", "satelite": "NPP-375", "municipio": "BOQUIM", "estado": "SERGIPE", "pais": "Brasil", "precipitacao": null, "numero_dias_sem_chuva": null, "risco_fogo": null, "bioma": "Mata Atlântica", "id_0": 33, "id_1": 28, "id_2": 2800670, "continente_id": 8, "vegetacao": null, "grade_wrs": "215_068", "frp": 2.4}, "bbox": [-37.57106, -11.15617, -37.57106, -11.15617]}, {"type": "Feature", "id": "focos_48h_br_todosats.fid--211a0569_19dad572493_b8a", "geometry": {"type": "Point", "coordinates": [-37.10508, -9.24888]}, "geometry_name": "geometria", "properties": {"id_foco_bdq": 1814852559, "foco_id": "8b129f08-5c74-39e5-b523-da3e6ee188a7", "longitude": -37.10508, "latitude": -9.24888, "data_hora_gmt": "2026-04-20T16:20:00Z", "data_pas": "2026-04-20", "satelite": "NPP-375", "municipio": "SANTANA DO IPANEMA", "estado": "ALAGOAS", "pais": "Brasil", "precipitacao": null, "numero_dias_sem_chuva": null, "risco_fogo": null, "bioma": "Caatinga", "id_0": 33, "id_1": 27, "id_2": 2708006, "continente_id": 8, "vegetacao": null, "grade_wrs": "215_066", "frp": 15.4}, "bbox": [-37.10508, -9.24888, -37.10508, -9.24888]}, {"type": "Feature", "id": "focos_48h_br_todosats.fid--211a0569_19dad572493_b8b", "geometry": {"type": "Point", "coordinates": [-43.47408, -14.38574]}, "geometry_name": "geometria", "properties": {"id_foco_bdq": 1814852560, "foco_id": "2658ab1d-8f04-371d-8b43-ce62c3627e2a", "longitude": -43.47408, "latitude": -14.38574, "data_hora_gmt": "2026-04-20T16:20:00Z", "data_pas": "2026-04-20", "satelite": "NPP-375", "municipio": "IUIU", "estado": "BAHIA", "pais": "Brasil", "precipitacao": null, "numero_dias_sem_chuva": null, "risco_fogo": null, "bioma": "Cerrado", "id_0": 33, "id_1": 29, "id_2": 2917334, "continente_id": 8, "vegetacao": null, "grade_wrs": "218_070", "frp": 7.6}, "bbox": [-43.47408, -14.38574, -43.47408, -14.38574]}, {"type": "Feature", "id": "focos_48h_br_todosats.fid--211a0569_19dad572493_b8c", "geometry": {"type": "Point", "coordinates": [-37.20139, -9.70812]}, "geometry_name": "geometria", "properties": {"id_foco_bdq": 1814852565, "foco_id": "8e324074-94f0-37b1-9d9c-b7ee7de21ee2", "longitude": -37.20139, "latitude": -9.70812, "data_hora_gmt": "2026-04-20T16:20:00Z", "data_pas": "2026-04-20", "satelite": "NPP-375", "municipio": "BATALHA", "estado": "ALAGOAS", "pais": "Brasil", "precipitacao": null, "numero_dias_sem_chuva": null, "risco_fogo": null, "bioma": "Caatinga", "id_0": 33, "id_1": 27, "id_2": 2700706, "continente_id": 8, "vegetacao": null, "grade_wrs": "215_067", "frp": 10.1}, "bbox": [-37.20139, -9.70812, -37.20139, -9.70812]}, {"type": "Feature", "id": "focos_48h_br_todosats.fid--211a0569_19dad572493_b8d", "geometry": {"type": "Point", "coordinates": [-39.87663, -13.87892]}, "geometry_name": "geometria", "properties": {"id_foco_bdq": 1814852571, "foco_id": "850278e9-2fcf-3c03-bba9-b090f15bc5c3", "longitude": -39.87663, "latitude": -13.87892, "data_hora_gmt": "2026-04-20T16:20:00Z", "data_pas": "2026-04-20", "satelite": "NPP-375", "municipio": "JEQUIÉ", "estado": "BAHIA", "pais": "Brasil", "precipitacao": null, "numero_dias_sem_chuva": null, "risco_fogo": null, "bioma": "Mata Atlântica", "id_0": 33, "id_1": 29, "id_2": 2918001, "continente_id": 8, "vegetacao": null, "grade_wrs": "216_070", "frp": 2.7}, "bbox": [-39.87663, -13.87892, -39.87663, -13.87892]}, {"type": "Feature", "id": "focos_48h_br_todosats.fid--211a0569_19dad572493_b8e", "geometry": {"type": "Point", "coordinates": [-42.97461, -13.5837]}, "geometry_name": "geometria", "properties": {"id_foco_bdq": 1814852584, "foco_id": "504d664b-aa02-3a2d-a11e-8c804419ce12", "longitude": -42.97461, "latitude": -13.5837, "data_hora_gmt": "2026-04-20T16:20:00Z", "data_pas": "2026-04-20", "satelite": "NPP-375", "municipio": "RIACHO DE SANTANA", "estado": "BAHIA", "pais": "Brasil", "precipitacao": null, "numero_dias_sem_chuva": null, "risco_fogo": null, "bioma": "Caatinga", "id_0": 33, "id_1": 29, "id_2": 2926400, "continente_id": 8, "vegetacao": null, "grade_wrs": "218_069", "frp": 3.3}, "bbox": [-42.97461, -13.5837, -42.97461, -13.5837]}, {"type": "Feature", "id": "focos_48h_br_todosats.fid--211a0569_19dad572493_b8f", "geometry": {"type": "Point", "coordinates": [-41.62899, -12.16074]}, "geometry_name": "geometria", "properties": {"id_foco_bdq": 1814852591, "foco_id": "f9fa3a58-23d7-349d-9d88-9ab90ba803e7", "longitude": -41.62899, "latitude": -12.16074, "data_hora_gmt": "2026-04-20T16:20:00Z", "data_pas": "2026-04-20", "satelite": "NPP-375", "municipio": "IRAQUARA", "estado": "BAHIA", "pais": "Brasil", "precipitacao": null, "numero_dias_sem_chuva": null, "risco_fogo": null, "bioma": "Caatinga", "id_0": 33, "id_1": 29, "id_2": 2914406, "continente_id": 8, "vegetacao": null, "grade_wrs": "217_068", "frp": 3.3}, "bbox": [-41.62899, -12.16074, -41.62899, -12.16074]}, {"type": "Feature", "id": "focos_48h_br_todosats.fid--211a0569_19dad572493_b90", "geometry": {"type": "Point", "coordinates": [-39.68841, -13.62074]}, "geometry_name": "geometria", "properties": {"id_foco_bdq": 1814852595, "foco_id": "30f299f2-1bc1-32ba-a918-9a09ae10c21b", "longitude": -39.68841, "latitude": -13.62074, "data_hora_gmt": "2026-04-20T16:20:00Z", "data_pas": "2026-04-20", "satelite": "NPP-375", "municipio": "WENCESLAU GUIMARÃES", "estado": "BAHIA", "pais": "Brasil", "precipitacao": null, "numero_dias_sem_chuva": null, "risco_fogo": null, "bioma": "Mata Atlântica", "id_0": 33, "id_1": 29, "id_2": 2933505, "continente_id": 8, "vegetacao": null, "grade_wrs": "216_069", "frp": 3.5}, "bbox": [-39.68841, -13.62074, -39.68841, -13.62074]}, {"type": "Feature", "id": "focos_48h_br_todosats.fid--211a0569_19dad572493_b91", "geometry": {"type": "Point", "coordinates": [-44.82572, -13.98043]}, "geometry_name": "geometria", "properties": {"id_foco_bdq": 1814853093, "foco_id": "9aa64ccd-c5ac-34fa-9f85-0694bb15fa46", "longitude": -44.82572, "latitude": -13.98043, "data_hora_gmt": "2026-04-20T16:20:00Z", "data_pas": "2026-04-20", "satelite": "NPP-375", "municipio": "COCOS", "estado": "BAHIA", "pais": "Brasil", "precipitacao": null, "numero_dias_sem_chuva": null, "risco_fogo": null, "bioma": "Cerrado", "id_0": 33, "id_1": 29, "id_2": 2908101, "continente_id": 8, "vegetacao": null, "grade_wrs": "219_070", "frp": 39.8}, "bbox": [-44.82572, -13.98043, -44.82572, -13.98043]}, {"type": "Feature", "id": "focos_48h_br_todosats.fid--211a0569_19dad572493_b92", "geometry": {"type": "Point", "coordinates": [-39.87717, -13.87558]}, "geometry_name": "geometria", "properties": {"id_foco_bdq": 1814853395, "foco_id": "1f0f5616-5e83-3297-a88c-d3872e8ad3f6", "longitude": -39.87717, "latitude": -13.87558, "data_hora_gmt": "2026-04-20T16:20:00Z", "data_pas": "2026-04-20", "satelite": "NPP-375", "municipio": "JEQUIÉ", "estado": "BAHIA", "pais": "Brasil", "precipitacao": null, "numero_dias_sem_chuva": null, "risco_fogo": null, "bioma": "Mata Atlântica", "id_0": 33, "id_1": 29, "id_2": 2918001, "continente_id": 8, "vegetacao": null, "grade_wrs": "216_070", "frp": 2.7}, "bbox": [-39.87717, -13.87558, -39.87717, -13.87558]}, {"type": "Feature", "id": "focos_48h_br_todosats.fid--211a0569_19dad572493_b93", "geometry": {"type": "Point", "coordinates": [-39.64331, -13.44899]}, "geometry_name": "geometria", "properties": {"id_foco_bdq": 1814853070, "foco_id": "f2b37120-c8b4-39f4-bd46-23638d56d07d", "longitude": -39.64331, "latitude": -13.44899, "data_hora_gmt": "2026-04-20T16:20:00Z", "data_pas": "2026-04-20", "satelite": "NPP-375", "municipio": "JIQUIRIÇÁ", "estado": "BAHIA", "pais": "Brasil", "precipitacao": null, "numero_dias_sem_chuva": null, "risco_fogo": null, "bioma": "Mata Atlântica", "id_0": 33, "id_1": 29, "id_2": 2918209, "continente_id": 8, "vegetacao": null, "grade_wrs": "216_069", "frp": 3.6}, "bbox": [-39.64331, -13.44899, -39.64331, -13.44899]}, {"type": "Feature", "id": "focos_48h_br_todosats.fid--211a0569_19dad572493_b94", "geometry": {"type": "Point", "coordinates": [-43.73098, -12.23726]}, "geometry_name": "geometria", "properties": {"id_foco_bdq": 1814852646, "foco_id": "d41aeb34-77b5-3236-ba0b-cc930a4db0c7", "longitude": -43.73098, "latitude": -12.23726, "data_hora_gmt": "2026-04-20T16:20:00Z", "data_pas": "2026-04-20", "satelite": "NPP-375", "municipio": "MUQUÉM DO SÃO FRANCISCO", "estado": "BAHIA", "pais": "Brasil", "precipitacao": null, "numero_dias_sem_chuva": null, "risco_fogo": null, "bioma": "Cerrado", "id_0": 33, "id_1": 29, "id_2": 2922250, "continente_id": 8, "vegetacao": null, "grade_wrs": "219_068", "frp": 2.3}, "bbox": [-43.73098, -12.23726, -43.73098, -12.23726]}, {"type": "Feature", "id": "focos_48h_br_todosats.fid--211a0569_19dad572493_b95", "geometry": {"type": "Point", "coordinates": [-38.97902, -10.57049]}, "geometry_name": "geometria", "properties": {"id_foco_bdq": 1814852651, "foco_id": "9d4d99a3-91f8-362e-afd5-97b30c9f670f", "longitude": -38.97902, "latitude": -10.57049, "data_hora_gmt": "2026-04-20T16:20:00Z", "data_pas": "2026-04-20", "satelite": "NPP-375", "municipio": "EUCLIDES DA CUNHA", "estado": "BAHIA", "pais": "Brasil", "precipitacao": null, "numero_dias_sem_chuva": null, "risco_fogo": null, "bioma": "Caatinga", "id_0": 33, "id_1": 29, "id_2": 2910701, "continente_id": 8, "vegetacao": null, "grade_wrs": "216_067", "frp": 2.5}, "bbox": [-38.97902, -10.57049, -38.97902, -10.57049]}, {"type": "Feature", "id": "focos_48h_br_todosats.fid--211a0569_19dad572493_b96", "geometry": {"type": "Point", "coordinates": [-43.8534, -14.04311]}, "geometry_name": "geometria", "properties": {"id_foco_bdq": 1814852657, "foco_id": "5c74e1d3-52af-361e-a68b-b17e1040f175", "longitude": -43.8534, "latitude": -14.04311, "data_hora_gmt": "2026-04-20T16:20:00Z", "data_pas": "2026-04-20", "satelite": "NPP-375", "municipio": "CARINHANHA", "estado": "BAHIA", "pais": "Brasil", "precipitacao": null, "numero_dias_sem_chuva": null, "risco_fogo": null, "bioma": "Cerrado", "id_0": 33, "id_1": 29, "id_2": 2907103, "continente_id": 8, "vegetacao": null, "grade_wrs": "219_070", "frp": 5.4}, "bbox": [-43.8534, -14.04311, -43.8534, -14.04311]}, {"type": "Feature", "id": "focos_48h_br_todosats.fid--211a0569_19dad572493_b97", "geometry": {"type": "Point", "coordinates": [-45.34402, -13.94915]}, "geometry_name": "geometria", "properties": {"id_foco_bdq": 1814853466, "foco_id": "324e0678-e3ba-3b50-ada7-333cc426c170", "longitude": -45.34402, "latitude": -13.94915, "data_hora_gmt": "2026-04-20T16:20:00Z", "data_pas": "2026-04-20", "satelite": "NPP-375", "municipio": "JABORANDI", "estado": "BAHIA", "pais": "Brasil", "precipitacao": null, "numero_dias_sem_chuva": null, "risco_fogo": null, "bioma": "Cerrado", "id_0": 33, "id_1": 29, "id_2": 2917359, "continente_id": 8, "vegetacao": null, "grade_wrs": "220_070", "frp": 5.5}, "bbox": [-45.34402, -13.94915, -45.34402, -13.94915]}, {"type": "Feature", "id": "focos_48h_br_todosats.fid--211a0569_19dad572493_b98", "geometry": {"type": "Point", "coordinates": [-38.29123, -10.2621]}, "geometry_name": "geometria", "properties": {"id_foco_bdq": 1814852681, "foco_id": "136ac030-1f04-345a-9522-793f5634c3e5", "longitude": -38.29123, "latitude": -10.2621, "data_hora_gmt": "2026-04-20T16:20:00Z", "data_pas": "2026-04-20", "satelite": "NPP-375", "municipio": "SÍTIO DO QUINTO", "estado": "BAHIA", "pais": "Brasil", "precipitacao": null, "numero_dias_sem_chuva": null, "risco_fogo": null, "bioma": "Caatinga", "id_0": 33, "id_1": 29, "id_2": 2930766, "continente_id": 8, "vegetacao": null, "grade_wrs": "216_067", "frp": 3.5}, "bbox": [-38.29123, -10.2621, -38.29123, -10.2621]}, {"type": "Feature", "id": "focos_48h_br_todosats.fid--211a0569_19dad572493_b99", "geometry": {"type": "Point", "coordinates": [-37.22104, -9.78256]}, "geometry_name": "geometria", "properties": {"id_foco_bdq": 1814853056, "foco_id": "caa3ff11-4d4a-377b-97c0-821fc529d6bc", "longitude": -37.22104, "latitude": -9.78256, "data_hora_gmt": "2026-04-20T16:20:00Z", "data_pas": "2026-04-20", "satelite": "NPP-375", "municipio": "BELO MONTE", "estado": "ALAGOAS", "pais": "Brasil", "precipitacao": null, "numero_dias_sem_chuva": null, "risco_fogo": null, "bioma": "Caatinga", "id_0": 33, "id_1": 27, "id_2": 2700904, "continente_id": 8, "vegetacao": null, "grade_wrs": "215_067", "frp": 2.5}, "bbox": [-37.22104, -9.78256, -37.22104, -9.78256]}, {"type": "Feature", "id": "focos_48h_br_todosats.fid--211a0569_19dad572493_b9a", "geometry": {"type": "Point", "coordinates": [-44.74397, -11.72719]}, "geometry_name": "geometria", "properties": {"id_foco_bdq": 1814852690, "foco_id": "2036fcce-935b-34fd-8625-05fea08b1fc6", "longitude": -44.74397, "latitude": -11.72719, "data_hora_gmt": "2026-04-20T16:20:00Z", "data_pas": "2026-04-20", "satelite": "NPP-375", "municipio": "RIACHÃO DAS NEVES", "estado": "BAHIA", "pais": "Brasil", "precipitacao": null, "numero_dias_sem_chuva": null, "risco_fogo": null, "bioma": "Cerrado", "id_0": 33, "id_1": 29, "id_2": 2926202, "continente_id": 8, "vegetacao": null, "grade_wrs": "220_068", "frp": 5.3}, "bbox": [-44.74397, -11.72719, -44.74397, -11.72719]}, {"type": "Feature", "id": "focos_48h_br_todosats.fid--211a0569_19dad572493_b9b", "geometry": {"type": "Point", "coordinates": [-43.72895, -12.23669]}, "geometry_name": "geometria", "properties": {"id_foco_bdq": 1814852705, "foco_id": "bc37c985-014b-3d21-930f-75fe9363c106", "longitude": -43.72895, "latitude": -12.23669, "data_hora_gmt": "2026-04-20T16:20:00Z", "data_pas": "2026-04-20", "satelite": "NPP-375", "municipio": "MUQUÉM DO SÃO FRANCISCO", "estado": "BAHIA", "pais": "Brasil", "precipitacao": null, "numero_dias_sem_chuva": null, "risco_fogo": null, "bioma": "Cerrado", "id_0": 33, "id_1": 29, "id_2": 2922250, "continente_id": 8, "vegetacao": null, "grade_wrs": "219_068", "frp": 3.9}, "bbox": [-43.72895, -12.23669, -43.72895, -12.23669]}, {"type": "Feature", "id": "focos_48h_br_todosats.fid--211a0569_19dad572493_b9c", "geometry": {"type": "Point", "coordinates": [-41.39122, -13.81759]}, "geometry_name": "geometria", "properties": {"id_foco_bdq": 1814853411, "foco_id": "5f5a414b-df9c-34c3-8a2e-e42b834358e4", "longitude": -41.39122, "latitude": -13.81759, "data_hora_gmt": "2026-04-20T16:20:00Z", "data_pas": "2026-04-20", "satelite": "NPP-375", "municipio": "ITUAÇU", "estado": "BAHIA", "pais": "Brasil", "precipitacao": null, "numero_dias_sem_chuva": null, "risco_fogo": null, "bioma": "Caatinga", "id_0": 33, "id_1": 29, "id_2": 2917201, "continente_id": 8, "vegetacao": null, "grade_wrs": "217_070", "frp": 4.1}, "bbox": [-41.39122, -13.81759, -41.39122, -13.81759]}, {"type": "Feature", "id": "focos_48h_br_todosats.fid--211a0569_19dad572493_b9d", "geometry": {"type": "Point", "coordinates": [-39.56865, -13.36933]}, "geometry_name": "geometria", "properties": {"id_foco_bdq": 1814853035, "foco_id": "ab984b37-0ca0-3a55-b0c2-e888f2792108", "longitude": -39.56865, "latitude": -13.36933, "data_hora_gmt": "2026-04-20T16:20:00Z", "data_pas": "2026-04-20", "satelite": "NPP-375", "municipio": "JIQUIRIÇÁ", "estado": "BAHIA", "pais": "Brasil", "precipitacao": null, "numero_dias_sem_chuva": null, "risco_fogo": null, "bioma": "Mata Atlântica", "id_0": 33, "id_1": 29, "id_2": 2918209, "continente_id": 8, "vegetacao": null, "grade_wrs": "216_069", "frp": 2.2}, "bbox": [-39.56865, -13.36933, -39.56865, -13.36933]}, {"type": "Feature", "id": "focos_48h_br_todosats.fid--211a0569_19dad572493_b9e", "geometry": {"type": "Point", "coordinates": [-40.78419, -12.08138]}, "geometry_name": "geometria", "properties": {"id_foco_bdq": 1814852728, "foco_id": "1e11eb09-b9f7-3d29-8af9-cce4f61e2673", "longitude": -40.78419, "latitude": -12.08138, "data_hora_gmt": "2026-04-20T16:20:00Z", "data_pas": "2026-04-20", "satelite": "NPP-375", "municipio": "MUNDO NOVO", "estado": "BAHIA", "pais": "Brasil", "precipitacao": null, "numero_dias_sem_chuva": null, "risco_fogo": null, "bioma": "Caatinga", "id_0": 33, "id_1": 29, "id_2": 2922102, "continente_id": 8, "vegetacao": null, "grade_wrs": "217_068", "frp": 2.8}, "bbox": [-40.78419, -12.08138, -40.78419, -12.08138]}, {"type": "Feature", "id": "focos_48h_br_todosats.fid--211a0569_19dad572493_b9f", "geometry": {"type": "Point", "coordinates": [-41.26838, -11.93049]}, "geometry_name": "geometria", "properties": {"id_foco_bdq": 1814852744, "foco_id": "bfb105c8-647f-384d-9d01-fe940d986c90", "longitude": -41.26838, "latitude": -11.93049, "data_hora_gmt": "2026-04-20T16:20:00Z", "data_pas": "2026-04-20", "satelite": "NPP-375", "municipio": "BONITO", "estado": "BAHIA", "pais": "Brasil", "precipitacao": null, "numero_dias_sem_chuva": null, "risco_fogo": null, "bioma": "Caatinga", "id_0": 33, "id_1": 29, "id_2": 2904050, "continente_id": 8, "vegetacao": null, "grade_wrs": "217_068", "frp": 6}, "bbox": [-41.26838, -11.93049, -41.26838, -11.93049]}, {"type": "Feature", "id": "focos_48h_br_todosats.fid--211a0569_19dad572493_ba0", "geometry": {"type": "Point", "coordinates": [-47.5396, -13.49983]}, "geometry_name": "geometria", "properties": {"id_foco_bdq": 1814852747, "foco_id": "646e206e-3358-33fd-8362-97dc368a5456", "longitude": -47.5396, "latitude": -13.49983, "data_hora_gmt": "2026-04-20T16:20:00Z", "data_pas": "2026-04-20", "satelite": "NPP-375", "municipio": "CAVALCANTE", "estado": "GOIÁS", "pais": "Brasil", "precipitacao": null, "numero_dias_sem_chuva": null, "risco_fogo": null, "bioma": "Cerrado", "id_0": 33, "id_1": 52, "id_2": 5205307, "continente_id": 8, "vegetacao": null, "grade_wrs": "221_069", "frp": 5.9}, "bbox": [-47.5396, -13.49983, -47.5396, -13.49983]}, {"type": "Feature", "id": "focos_48h_br_todosats.fid--211a0569_19dad572493_ba1", "geometry": {"type": "Point", "coordinates": [-39.32751, -12.6675]}, "geometry_name": "geometria", "properties": {"id_foco_bdq": 1814852748, "foco_id": "00177f73-7b3b-3355-b28b-5d481ecf244f", "longitude": -39.32751, "latitude": -12.6675, "data_hora_gmt": "2026-04-20T16:20:00Z", "data_pas": "2026-04-20", "satelite": "NPP-375", "municipio": "CASTRO ALVES", "estado": "BAHIA", "pais": "Brasil", "precipitacao": null, "numero_dias_sem_chuva": null, "risco_fogo": null, "bioma": "Mata Atlântica", "id_0": 33, "id_1": 29, "id_2": 2907301, "continente_id": 8, "vegetacao": null, "grade_wrs": "216_069", "frp": 13.3}, "bbox": [-39.32751, -12.6675, -39.32751, -12.6675]}, {"type": "Feature", "id": "focos_48h_br_todosats.fid--211a0569_19dad572493_ba2", "geometry": {"type": "Point", "coordinates": [-38.44097, -9.89196]}, "geometry_name": "geometria", "properties": {"id_foco_bdq": 1814853025, "foco_id": "1299d693-3974-39cf-8a8f-f7a33b9bcb0d", "longitude": -38.44097, "latitude": -9.89196, "data_hora_gmt": "2026-04-20T16:20:00Z", "data_pas": "2026-04-20", "satelite": "NPP-375", "municipio": "JEREMOABO", "estado": "BAHIA", "pais": "Brasil", "precipitacao": null, "numero_dias_sem_chuva": null, "risco_fogo": null, "bioma": "Caatinga", "id_0": 33, "id_1": 29, "id_2": 2918100, "continente_id": 8, "vegetacao": null, "grade_wrs": "216_067", "frp": 3.3}, "bbox": [-38.44097, -9.89196, -38.44097, -9.89196]}, {"type": "Feature", "id": "focos_48h_br_todosats.fid--211a0569_19dad572493_ba3", "geometry": {"type": "Point", "coordinates": [-36.9052, -9.32851]}, "geometry_name": "geometria", "properties": {"id_foco_bdq": 1814852765, "foco_id": "7338fa9e-33c5-392b-b2eb-a166bbff629c", "longitude": -36.9052, "latitude": -9.32851, "data_hora_gmt": "2026-04-20T16:20:00Z", "data_pas": "2026-04-20", "satelite": "NPP-375", "municipio": "MINADOR DO NEGRÃO", "estado": "ALAGOAS", "pais": "Brasil", "precipitacao": null, "numero_dias_sem_chuva": null, "risco_fogo": null, "bioma": "Caatinga", "id_0": 33, "id_1": 27, "id_2": 2705309, "continente_id": 8, "vegetacao": null, "grade_wrs": "215_066", "frp": 8.1}, "bbox": [-36.9052, -9.32851, -36.9052, -9.32851]}, {"type": "Feature", "id": "focos_48h_br_todosats.fid--211a0569_19dad572493_ba4", "geometry": {"type": "Point", "coordinates": [-46.44981, -14.89286]}, "geometry_name": "geometria", "properties": {"id_foco_bdq": 1814852801, "foco_id": "6523efff-c62b-314c-afae-8fc814a592b9", "longitude": -46.44981, "latitude": -14.89286, "data_hora_gmt": "2026-04-20T16:20:00Z", "data_pas": "2026-04-20", "satelite": "NPP-375", "municipio": "FORMOSO", "estado": "MINAS GERAIS", "pais": "Brasil", "precipitacao": null, "numero_dias_sem_chuva": null, "risco_fogo": null, "bioma": "Cerrado", "id_0": 33, "id_1": 31, "id_2": 3126208, "continente_id": 8, "vegetacao": null, "grade_wrs": "220_070", "frp": 6.7}, "bbox": [-46.44981, -14.89286, -46.44981, -14.89286]}, {"type": "Feature", "id": "focos_48h_br_todosats.fid--211a0569_19dad572493_ba5", "geometry": {"type": "Point", "coordinates": [-37.7336, -9.49374]}, "geometry_name": "geometria", "properties": {"id_foco_bdq": 1814852815, "foco_id": "2e2a81b6-165a-334a-954c-795abf6d47c7", "longitude": -37.7336, "latitude": -9.49374, "data_hora_gmt": "2026-04-20T16:20:00Z", "data_pas": "2026-04-20", "satelite": "NPP-375", "municipio": "PIRANHAS", "estado": "ALAGOAS", "pais": "Brasil", "precipitacao": null, "numero_dias_sem_chuva": null, "risco_fogo": null, "bioma": "Caatinga", "id_0": 33, "id_1": 27, "id_2": 2707107, "continente_id": 8, "vegetacao": null, "grade_wrs": "215_067", "frp": 3.8}, "bbox": [-37.7336, -9.49374, -37.7336, -9.49374]}, {"type": "Feature", "id": "focos_48h_br_todosats.fid--211a0569_19dad572493_ba6", "geometry": {"type": "Point", "coordinates": [-43.47947, -14.38256]}, "geometry_name": "geometria", "properties": {"id_foco_bdq": 1814852822, "foco_id": "9b28891d-c472-35f9-b82e-f5b569575916", "longitude": -43.47947, "latitude": -14.38256, "data_hora_gmt": "2026-04-20T16:20:00Z", "data_pas": "2026-04-20", "satelite": "NPP-375", "municipio": "IUIU", "estado": "BAHIA", "pais": "Brasil", "precipitacao": null, "numero_dias_sem_chuva": null, "risco_fogo": null, "bioma": "Cerrado", "id_0": 33, "id_1": 29, "id_2": 2917334, "continente_id": 8, "vegetacao": null, "grade_wrs": "218_070", "frp": 9.4}, "bbox": [-43.47947, -14.38256, -43.47947, -14.38256]}, {"type": "Feature", "id": "focos_48h_br_todosats.fid--211a0569_19dad572493_ba7", "geometry": {"type": "Point", "coordinates": [-39.32804, -12.66417]}, "geometry_name": "geometria", "properties": {"id_foco_bdq": 1814852840, "foco_id": "25af0e1b-78f4-38ef-bd4a-23b778ce4096", "longitude": -39.32804, "latitude": -12.66417, "data_hora_gmt": "2026-04-20T16:20:00Z", "data_pas": "2026-04-20", "satelite": "NPP-375", "municipio": "CASTRO ALVES", "estado": "BAHIA", "pais": "Brasil", "precipitacao": null, "numero_dias_sem_chuva": null, "risco_fogo": null, "bioma": "Mata Atlântica", "id_0": 33, "id_1": 29, "id_2": 2907301, "continente_id": 8, "vegetacao": null, "grade_wrs": "216_069", "frp": 13.3}, "bbox": [-39.32804, -12.66417, -39.32804, -12.66417]}, {"type": "Feature", "id": "focos_48h_br_todosats.fid--211a0569_19dad572493_ba8", "geometry": {"type": "Point", "coordinates": [-38.0671, -9.90883]}, "geometry_name": "geometria", "properties": {"id_foco_bdq": 1814852846, "foco_id": "21fc40ac-d292-3e91-8a02-98808bf0396c", "longitude": -38.0671, "latitude": -9.90883, "data_hora_gmt": "2026-04-20T16:20:00Z", "data_pas": "2026-04-20", "satelite": "NPP-375", "municipio": "PEDRO ALEXANDRE", "estado": "BAHIA", "pais": "Brasil", "precipitacao": null, "numero_dias_sem_chuva": null, "risco_fogo": null, "bioma": "Caatinga", "id_0": 33, "id_1": 29, "id_2": 2924207, "continente_id": 8, "vegetacao": null, "grade_wrs": "215_067", "frp": 3.4}, "bbox": [-38.0671, -9.90883, -38.0671, -9.90883]}, {"type": "Feature", "id": "focos_48h_br_todosats.fid--211a0569_19dad572493_ba9", "geometry": {"type": "Point", "coordinates": [-46.66362, -15.07906]}, "geometry_name": "geometria", "properties": {"id_foco_bdq": 1814853342, "foco_id": "dcf066e7-eb18-34c0-bdce-764760c526df", "longitude": -46.66362, "latitude": -15.07906, "data_hora_gmt": "2026-04-20T16:20:00Z", "data_pas": "2026-04-20", "satelite": "NPP-375", "municipio": "BURITIS", "estado": "MINAS GERAIS", "pais": "Brasil", "precipitacao": null, "numero_dias_sem_chuva": null, "risco_fogo": null, "bioma": "Cerrado", "id_0": 33, "id_1": 31, "id_2": 3109303, "continente_id": 8, "vegetacao": null, "grade_wrs": "220_070", "frp": 3.1}, "bbox": [-46.66362, -15.07906, -46.66362, -15.07906]}, {"type": "Feature", "id": "focos_48h_br_todosats.fid--211a0569_19dad572493_baa", "geometry": {"type": "Point", "coordinates": [-38.97626, -13.35337]}, "geometry_name": "geometria", "properties": {"id_foco_bdq": 1814852856, "foco_id": "bcfa68f3-2a73-3e7d-95bd-4532eced64e7", "longitude": -38.97626, "latitude": -13.35337, "data_hora_gmt": "2026-04-20T16:20:00Z", "data_pas": "2026-04-20", "satelite": "NPP-375", "municipio": "VALENÇA", "estado": "BAHIA", "pais": "Brasil", "precipitacao": null, "numero_dias_sem_chuva": null, "risco_fogo": null, "bioma": "Mata Atlântica", "id_0": 33, "id_1": 29, "id_2": 2932903, "continente_id": 8, "vegetacao": null, "grade_wrs": "216_069", "frp": 2.7}, "bbox": [-38.97626, -13.35337, -38.97626, -13.35337]}, {"type": "Feature", "id": "focos_48h_br_todosats.fid--211a0569_19dad572493_bab", "geometry": {"type": "Point", "coordinates": [-38.9768, -13.35003]}, "geometry_name": "geometria", "properties": {"id_foco_bdq": 1814852857, "foco_id": "d0ecc372-a6bd-33f3-bb52-f9cda69adaab", "longitude": -38.9768, "latitude": -13.35003, "data_hora_gmt": "2026-04-20T16:20:00Z", "data_pas": "2026-04-20", "satelite": "NPP-375", "municipio": "VALENÇA", "estado": "BAHIA", "pais": "Brasil", "precipitacao": null, "numero_dias_sem_chuva": null, "risco_fogo": null, "bioma": "Mata Atlântica", "id_0": 33, "id_1": 29, "id_2": 2932903, "continente_id": 8, "vegetacao": null, "grade_wrs": "216_069", "frp": 3.3}, "bbox": [-38.9768, -13.35003, -38.9768, -13.35003]}, {"type": "Feature", "id": "focos_48h_br_todosats.fid--211a0569_19dad572493_bac", "geometry": {"type": "Point", "coordinates": [-41.23019, -13.80104]}, "geometry_name": "geometria", "properties": {"id_foco_bdq": 1814852859, "foco_id": "c8cebaec-08a5-3eb1-a78e-b69948dfb38c", "longitude": -41.23019, "latitude": -13.80104, "data_hora_gmt": "2026-04-20T16:20:00Z", "data_pas": "2026-04-20", "satelite": "NPP-375", "municipio": "ITUAÇU", "estado": "BAHIA", "pais": "Brasil", "precipitacao": null, "numero_dias_sem_chuva": null, "risco_fogo": null, "bioma": "Caatinga", "id_0": 33, "id_1": 29, "id_2": 2917201, "continente_id": 8, "vegetacao": null, "grade_wrs": "217_070", "frp": 2.5}, "bbox": [-41.23019, -13.80104, -41.23019, -13.80104]}, {"type": "Feature", "id": "focos_48h_br_todosats.fid--211a0569_19dad572493_bad", "geometry": {"type": "Point", "coordinates": [-39.66467, -13.5864]}, "geometry_name": "geometria", "properties": {"id_foco_bdq": 1814852863, "foco_id": "870bc6a4-4481-39dc-be6a-09ba7a80b484", "longitude": -39.66467, "latitude": -13.5864, "data_hora_gmt": "2026-04-20T16:20:00Z", "data_pas": "2026-04-20", "satelite": "NPP-375", "municipio": "WENCESLAU GUIMARÃES", "estado": "BAHIA", "pais": "Brasil", "precipitacao": null, "numero_dias_sem_chuva": null, "risco_fogo": null, "bioma": "Mata Atlântica", "id_0": 33, "id_1": 29, "id_2": 2933505, "continente_id": 8, "vegetacao": null, "grade_wrs": "216_069", "frp": 1.6}, "bbox": [-39.66467, -13.5864, -39.66467, -13.5864]}, {"type": "Feature", "id": "focos_48h_br_todosats.fid--211a0569_19dad572493_bae", "geometry": {"type": "Point", "coordinates": [-42.33963, -14.36312]}, "geometry_name": "geometria", "properties": {"id_foco_bdq": 1814853437, "foco_id": "efdb7446-76b8-3c64-a08a-59132bc1aa6e", "longitude": -42.33963, "latitude": -14.36312, "data_hora_gmt": "2026-04-20T16:20:00Z", "data_pas": "2026-04-20", "satelite": "NPP-375", "municipio": "IBIASSUCÊ", "estado": "BAHIA", "pais": "Brasil", "precipitacao": null, "numero_dias_sem_chuva": null, "risco_fogo": null, "bioma": "Caatinga", "id_0": 33, "id_1": 29, "id_2": 2912004, "continente_id": 8, "vegetacao": null, "grade_wrs": "218_070", "frp": 5}, "bbox": [-42.33963, -14.36312, -42.33963, -14.36312]}, {"type": "Feature", "id": "focos_48h_br_todosats.fid--211a0569_19dad572493_baf", "geometry": {"type": "Point", "coordinates": [-47.54612, -13.49559]}, "geometry_name": "geometria", "properties": {"id_foco_bdq": 1814852879, "foco_id": "4d33a07a-d9e5-318e-806b-2634e50f4b9f", "longitude": -47.54612, "latitude": -13.49559, "data_hora_gmt": "2026-04-20T16:20:00Z", "data_pas": "2026-04-20", "satelite": "NPP-375", "municipio": "CAVALCANTE", "estado": "GOIÁS", "pais": "Brasil", "precipitacao": null, "numero_dias_sem_chuva": null, "risco_fogo": null, "bioma": "Cerrado", "id_0": 33, "id_1": 52, "id_2": 5205307, "continente_id": 8, "vegetacao": null, "grade_wrs": "221_069", "frp": 3.2}, "bbox": [-47.54612, -13.49559, -47.54612, -13.49559]}, {"type": "Feature", "id": "focos_48h_br_todosats.fid--211a0569_19dad572493_bb0", "geometry": {"type": "Point", "coordinates": [-39.68221, -13.83584]}, "geometry_name": "geometria", "properties": {"id_foco_bdq": 1814853440, "foco_id": "31728677-3047-3b9e-bec7-e4c1caac5fde", "longitude": -39.68221, "latitude": -13.83584, "data_hora_gmt": "2026-04-20T16:20:00Z", "data_pas": "2026-04-20", "satelite": "NPP-375", "municipio": "ITAMARI", "estado": "BAHIA", "pais": "Brasil", "precipitacao": null, "numero_dias_sem_chuva": null, "risco_fogo": null, "bioma": "Mata Atlântica", "id_0": 33, "id_1": 29, "id_2": 2915700, "continente_id": 8, "vegetacao": null, "grade_wrs": "216_070", "frp": 4.8}, "bbox": [-39.68221, -13.83584, -39.68221, -13.83584]}, {"type": "Feature", "id": "focos_48h_br_todosats.fid--211a0569_19dad572493_bb1", "geometry": {"type": "Point", "coordinates": [-39.42641, -10.46202]}, "geometry_name": "geometria", "properties": {"id_foco_bdq": 1814852885, "foco_id": "674406fd-9e6e-36cf-9f56-935680792392", "longitude": -39.42641, "latitude": -10.46202, "data_hora_gmt": "2026-04-20T16:20:00Z", "data_pas": "2026-04-20", "satelite": "NPP-375", "municipio": "MONTE SANTO", "estado": "BAHIA", "pais": "Brasil", "precipitacao": null, "numero_dias_sem_chuva": null, "risco_fogo": null, "bioma": "Caatinga", "id_0": 33, "id_1": 29, "id_2": 2921500, "continente_id": 8, "vegetacao": null, "grade_wrs": "216_067", "frp": 8.6}, "bbox": [-39.42641, -10.46202, -39.42641, -10.46202]}, {"type": "Feature", "id": "focos_48h_br_todosats.fid--211a0569_19dad572493_bb2", "geometry": {"type": "Point", "coordinates": [-45.34345, -13.95344]}, "geometry_name": "geometria", "properties": {"id_foco_bdq": 1814852969, "foco_id": "752a9f08-e5d9-3873-bd9b-e633c30d327a", "longitude": -45.34345, "latitude": -13.95344, "data_hora_gmt": "2026-04-20T16:20:00Z", "data_pas": "2026-04-20", "satelite": "NPP-375", "municipio": "JABORANDI", "estado": "BAHIA", "pais": "Brasil", "precipitacao": null, "numero_dias_sem_chuva": null, "risco_fogo": null, "bioma": "Cerrado", "id_0": 33, "id_1": 29, "id_2": 2917359, "continente_id": 8, "vegetacao": null, "grade_wrs": "220_070", "frp": 5.5}, "bbox": [-45.34345, -13.95344, -45.34345, -13.95344]}, {"type": "Feature", "id": "focos_48h_br_todosats.fid--211a0569_19dad572493_bb3", "geometry": {"type": "Point", "coordinates": [-40.77065, -11.42429]}, "geometry_name": "geometria", "properties": {"id_foco_bdq": 1814852903, "foco_id": "9ab89514-e5cc-3193-a51d-2e9ccc0e212b", "longitude": -40.77065, "latitude": -11.42429, "data_hora_gmt": "2026-04-20T16:20:00Z", "data_pas": "2026-04-20", "satelite": "NPP-375", "municipio": "MIGUEL CALMON", "estado": "BAHIA", "pais": "Brasil", "precipitacao": null, "numero_dias_sem_chuva": null, "risco_fogo": null, "bioma": "Caatinga", "id_0": 33, "id_1": 29, "id_2": 2921203, "continente_id": 8, "vegetacao": null, "grade_wrs": "217_068", "frp": 6.3}, "bbox": [-40.77065, -11.42429, -40.77065, -11.42429]}, {"type": "Feature", "id": "focos_48h_br_todosats.fid--211a0569_19dad572493_bb4", "geometry": {"type": "Point", "coordinates": [-39.68535, -13.21535]}, "geometry_name": "geometria", "properties": {"id_foco_bdq": 1814852941, "foco_id": "11ea122d-5042-3434-b898-d57689dc03ac", "longitude": -39.68535, "latitude": -13.21535, "data_hora_gmt": "2026-04-20T16:20:00Z", "data_pas": "2026-04-20", "satelite": "NPP-375", "municipio": "UBAÍRA", "estado": "BAHIA", "pais": "Brasil", "precipitacao": null, "numero_dias_sem_chuva": null, "risco_fogo": null, "bioma": "Mata Atlântica", "id_0": 33, "id_1": 29, "id_2": 2932101, "continente_id": 8, "vegetacao": null, "grade_wrs": "216_069", "frp": 7.5}, "bbox": [-39.68535, -13.21535, -39.68535, -13.21535]}, {"type": "Feature", "id": "focos_48h_br_todosats.fid--211a0569_19dad572493_bb5", "geometry": {"type": "Point", "coordinates": [-36.8179, -10.1908]}, "geometry_name": "geometria", "properties": {"id_foco_bdq": 1814852921, "foco_id": "5a5e06c1-6045-32ae-81bd-2cf143266772", "longitude": -36.8179, "latitude": -10.1908, "data_hora_gmt": "2026-04-20T16:20:00Z", "data_pas": "2026-04-20", "satelite": "NPP-375", "municipio": "PORTO REAL DO COLÉGIO", "estado": "ALAGOAS", "pais": "Brasil", "precipitacao": null, "numero_dias_sem_chuva": null, "risco_fogo": null, "bioma": "Mata Atlântica", "id_0": 33, "id_1": 27, "id_2": 2707503, "continente_id": 8, "vegetacao": null, "grade_wrs": "215_067", "frp": 1.9}, "bbox": [-36.8179, -10.1908, -36.8179, -10.1908]}, {"type": "Feature", "id": "focos_48h_br_todosats.fid--211a0569_19dad572493_bb6", "geometry": {"type": "Point", "coordinates": [-44.74131, -11.7286]}, "geometry_name": "geometria", "properties": {"id_foco_bdq": 1814852928, "foco_id": "9d03dd2c-c620-3aa9-bc4f-6f206feeb473", "longitude": -44.74131, "latitude": -11.7286, "data_hora_gmt": "2026-04-20T16:20:00Z", "data_pas": "2026-04-20", "satelite": "NPP-375", "municipio": "RIACHÃO DAS NEVES", "estado": "BAHIA", "pais": "Brasil", "precipitacao": null, "numero_dias_sem_chuva": null, "risco_fogo": null, "bioma": "Cerrado", "id_0": 33, "id_1": 29, "id_2": 2926202, "continente_id": 8, "vegetacao": null, "grade_wrs": "220_068", "frp": 7.1}, "bbox": [-44.74131, -11.7286, -44.74131, -11.7286]}, {"type": "Feature", "id": "focos_48h_br_todosats.fid--211a0569_19dad572493_bb7", "geometry": {"type": "Point", "coordinates": [-44.57517, -22.05803]}, "geometry_name": "geometria", "properties": {"id_foco_bdq": 1814853177, "foco_id": "233ad10c-7b3f-3333-885f-d2b6bf0ae14a", "longitude": -44.57517, "latitude": -22.05803, "data_hora_gmt": "2026-04-20T16:35:00Z", "data_pas": "2026-04-20", "satelite": "NOAA-20", "municipio": "AIURUOCA", "estado": "MINAS GERAIS", "pais": "Brasil", "precipitacao": null, "numero_dias_sem_chuva": null, "risco_fogo": null, "bioma": "Mata Atlântica", "id_0": 33, "id_1": 31, "id_2": 3101201, "continente_id": 8, "vegetacao": null, "grade_wrs": "218_075", "frp": 2}, "bbox": [-44.57517, -22.05803, -44.57517, -22.05803]}, {"type": "Feature", "id": "focos_48h_br_todosats.fid--211a0569_19dad572493_bb8", "geometry": {"type": "Point", "coordinates": [-51.2123, -27.63089]}, "geometry_name": "geometria", "properties": {"id_foco_bdq": 1814852419, "foco_id": "bf06aa66-d37d-3ca9-9144-501d8bd229a1", "longitude": -51.2123, "latitude": -27.63089, "data_hora_gmt": "2026-04-20T16:35:00Z", "data_pas": "2026-04-20", "satelite": "NOAA-20", "municipio": "CELSO RAMOS", "estado": "SANTA CATARINA", "pais": "Brasil", "precipitacao": null, "numero_dias_sem_chuva": null, "risco_fogo": null, "bioma": "Mata Atlântica", "id_0": 33, "id_1": 42, "id_2": 4204152, "continente_id": 8, "vegetacao": null, "grade_wrs": "221_079", "frp": 4.8}, "bbox": [-51.2123, -27.63089, -51.2123, -27.63089]}, {"type": "Feature", "id": "focos_48h_br_todosats.fid--211a0569_19dad572493_bb9", "geometry": {"type": "Point", "coordinates": [-45.22628, -23.55542]}, "geometry_name": "geometria", "properties": {"id_foco_bdq": 1814852920, "foco_id": "444fdc5c-0a1e-3d94-9a61-27f6029516dd", "longitude": -45.22628, "latitude": -23.55542, "data_hora_gmt": "2026-04-20T16:35:00Z", "data_pas": "2026-04-20", "satelite": "NOAA-20", "municipio": "UBATUBA", "estado": "SÃO PAULO", "pais": "Brasil", "precipitacao": null, "numero_dias_sem_chuva": null, "risco_fogo": null, "bioma": "Mata Atlântica", "id_0": 33, "id_1": 35, "id_2": 3555406, "continente_id": 8, "vegetacao": null, "grade_wrs": "218_076", "frp": 3.9}, "bbox": [-45.22628, -23.55542, -45.22628, -23.55542]}, {"type": "Feature", "id": "focos_48h_br_todosats.fid--211a0569_19dad572493_bba", "geometry": {"type": "Point", "coordinates": [-48.95916, -24.37704]}, "geometry_name": "geometria", "properties": {"id_foco_bdq": 1814852402, "foco_id": "f55b8c1c-a445-3520-b525-5f4ae740989e", "longitude": -48.95916, "latitude": -24.37704, "data_hora_gmt": "2026-04-20T16:35:00Z", "data_pas": "2026-04-20", "satelite": "NOAA-20", "municipio": "APIAÍ", "estado": "SÃO PAULO", "pais": "Brasil", "precipitacao": null, "numero_dias_sem_chuva": null, "risco_fogo": null, "bioma": "Mata Atlântica", "id_0": 33, "id_1": 35, "id_2": 3502705, "continente_id": 8, "vegetacao": null, "grade_wrs": "220_077", "frp": 2.6}, "bbox": [-48.95916, -24.37704, -48.95916, -24.37704]}, {"type": "Feature", "id": "focos_48h_br_todosats.fid--211a0569_19dad572493_bbb", "geometry": {"type": "Point", "coordinates": [-49.15444, -22.86924]}, "geometry_name": "geometria", "properties": {"id_foco_bdq": 1814852238, "foco_id": "11ea093e-1f25-34a6-8cb8-34ad902f53b8", "longitude": -49.15444, "latitude": -22.86924, "data_hora_gmt": "2026-04-20T16:35:00Z", "data_pas": "2026-04-20", "satelite": "NOAA-20", "municipio": "IARAS", "estado": "SÃO PAULO", "pais": "Brasil", "precipitacao": null, "numero_dias_sem_chuva": null, "risco_fogo": null, "bioma": "Cerrado", "id_0": 33, "id_1": 35, "id_2": 3519253, "continente_id": 8, "vegetacao": null, "grade_wrs": "221_076", "frp": 2.3}, "bbox": [-49.15444, -22.86924, -49.15444, -22.86924]}, {"type": "Feature", "id": "focos_48h_br_todosats.fid--211a0569_19dad572493_bbc", "geometry": {"type": "Point", "coordinates": [-49.7783, -28.79304]}, "geometry_name": "geometria", "properties": {"id_foco_bdq": 1814853026, "foco_id": "d41f9d39-33b0-3ef2-a42f-3b96ab3f1590", "longitude": -49.7783, "latitude": -28.79304, "data_hora_gmt": "2026-04-20T16:35:00Z", "data_pas": "2026-04-20", "satelite": "NOAA-20", "municipio": "TIMBÉ DO SUL", "estado": "SANTA CATARINA", "pais": "Brasil", "precipitacao": null, "numero_dias_sem_chuva": null, "risco_fogo": null, "bioma": "Mata Atlântica", "id_0": 33, "id_1": 42, "id_2": 4218103, "continente_id": 8, "vegetacao": null, "grade_wrs": "220_080", "frp": 2.8}, "bbox": [-49.7783, -28.79304, -49.7783, -28.79304]}, {"type": "Feature", "id": "focos_48h_br_todosats.fid--211a0569_19dad572493_bbd", "geometry": {"type": "Point", "coordinates": [-51.24997, -28.53245]}, "geometry_name": "geometria", "properties": {"id_foco_bdq": 1814852181, "foco_id": "c3cb0628-77bd-32c2-b205-e0ca285b8856", "longitude": -51.24997, "latitude": -28.53245, "data_hora_gmt": "2026-04-20T16:35:00Z", "data_pas": "2026-04-20", "satelite": "NOAA-20", "municipio": "MUITOS CAPÕES", "estado": "RIO GRANDE DO SUL", "pais": "Brasil", "precipitacao": null, "numero_dias_sem_chuva": null, "risco_fogo": null, "bioma": "Mata Atlântica", "id_0": 33, "id_1": 43, "id_2": 4312617, "continente_id": 8, "vegetacao": null, "grade_wrs": "221_080", "frp": 11.6}, "bbox": [-51.24997, -28.53245, -51.24997, -28.53245]}, {"type": "Feature", "id": "focos_48h_br_todosats.fid--211a0569_19dad572493_bbe", "geometry": {"type": "Point", "coordinates": [-44.31476, -20.92142]}, "geometry_name": "geometria", "properties": {"id_foco_bdq": 1814852237, "foco_id": "4b58c309-0215-3830-ae5f-20fe71cf67f8", "longitude": -44.31476, "latitude": -20.92142, "data_hora_gmt": "2026-04-20T16:35:00Z", "data_pas": "2026-04-20", "satelite": "NOAA-20", "municipio": "RITÁPOLIS", "estado": "MINAS GERAIS", "pais": "Brasil", "precipitacao": null, "numero_dias_sem_chuva": null, "risco_fogo": null, "bioma": "Mata Atlântica", "id_0": 33, "id_1": 31, "id_2": 3156106, "continente_id": 8, "vegetacao": null, "grade_wrs": "218_074", "frp": 12.2}, "bbox": [-44.31476, -20.92142, -44.31476, -20.92142]}, {"type": "Feature", "id": "focos_48h_br_todosats.fid--211a0569_19dad572493_bbf", "geometry": {"type": "Point", "coordinates": [-50.80011, -28.88772]}, "geometry_name": "geometria", "properties": {"id_foco_bdq": 1814852400, "foco_id": "0adf047e-7f98-30fb-a449-a6ae14aa5394", "longitude": -50.80011, "latitude": -28.88772, "data_hora_gmt": "2026-04-20T16:35:00Z", "data_pas": "2026-04-20", "satelite": "NOAA-20", "municipio": "SÃO FRANCISCO DE PAULA", "estado": "RIO GRANDE DO SUL", "pais": "Brasil", "precipitacao": null, "numero_dias_sem_chuva": null, "risco_fogo": null, "bioma": "Mata Atlântica", "id_0": 33, "id_1": 43, "id_2": 4318200, "continente_id": 8, "vegetacao": null, "grade_wrs": "221_080", "frp": 11.2}, "bbox": [-50.80011, -28.88772, -50.80011, -28.88772]}, {"type": "Feature", "id": "focos_48h_br_todosats.fid--211a0569_19dad572493_bc0", "geometry": {"type": "Point", "coordinates": [-50.90935, -25.04404]}, "geometry_name": "geometria", "properties": {"id_foco_bdq": 1814853220, "foco_id": "b7ce208f-882b-3044-9103-e5f6d79cc68d", "longitude": -50.90935, "latitude": -25.04404, "data_hora_gmt": "2026-04-20T16:35:00Z", "data_pas": "2026-04-20", "satelite": "NOAA-20", "municipio": "IVAÍ", "estado": "PARANÁ", "pais": "Brasil", "precipitacao": null, "numero_dias_sem_chuva": null, "risco_fogo": null, "bioma": "Mata Atlântica", "id_0": 33, "id_1": 41, "id_2": 4111407, "continente_id": 8, "vegetacao": null, "grade_wrs": "222_077", "frp": 8.4}, "bbox": [-50.90935, -25.04404, -50.90935, -25.04404]}, {"type": "Feature", "id": "focos_48h_br_todosats.fid--211a0569_19dad572493_bc1", "geometry": {"type": "Point", "coordinates": [-49.43902, -27.73497]}, "geometry_name": "geometria", "properties": {"id_foco_bdq": 1814852188, "foco_id": "7d0b94b9-0648-3e39-b547-1eee39eddc1d", "longitude": -49.43902, "latitude": -27.73497, "data_hora_gmt": "2026-04-20T16:35:00Z", "data_pas": "2026-04-20", "satelite": "NOAA-20", "municipio": "ALFREDO WAGNER", "estado": "SANTA CATARINA", "pais": "Brasil", "precipitacao": null, "numero_dias_sem_chuva": null, "risco_fogo": null, "bioma": "Mata Atlântica", "id_0": 33, "id_1": 42, "id_2": 4200705, "continente_id": 8, "vegetacao": null, "grade_wrs": "220_079", "frp": 12.3}, "bbox": [-49.43902, -27.73497, -49.43902, -27.73497]}, {"type": "Feature", "id": "focos_48h_br_todosats.fid--211a0569_19dad572493_bc2", "geometry": {"type": "Point", "coordinates": [-49.11279, -28.07532]}, "geometry_name": "geometria", "properties": {"id_foco_bdq": 1814852236, "foco_id": "9abaac1b-976d-36d6-8fb5-8ee5ea41eede", "longitude": -49.11279, "latitude": -28.07532, "data_hora_gmt": "2026-04-20T16:35:00Z", "data_pas": "2026-04-20", "satelite": "NOAA-20", "municipio": "RIO FORTUNA", "estado": "SANTA CATARINA", "pais": "Brasil", "precipitacao": null, "numero_dias_sem_chuva": null, "risco_fogo": null, "bioma": "Mata Atlântica", "id_0": 33, "id_1": 42, "id_2": 4214904, "continente_id": 8, "vegetacao": null, "grade_wrs": "220_079", "frp": 3.9}, "bbox": [-49.11279, -28.07532, -49.11279, -28.07532]}, {"type": "Feature", "id": "focos_48h_br_todosats.fid--211a0569_19dad572493_bc3", "geometry": {"type": "Point", "coordinates": [-49.20939, -24.72251]}, "geometry_name": "geometria", "properties": {"id_foco_bdq": 1814852382, "foco_id": "d6325a43-5d01-32da-9ac2-37b9ac68e449", "longitude": -49.20939, "latitude": -24.72251, "data_hora_gmt": "2026-04-20T16:35:00Z", "data_pas": "2026-04-20", "satelite": "NOAA-20", "municipio": "CERRO AZUL", "estado": "PARANÁ", "pais": "Brasil", "precipitacao": null, "numero_dias_sem_chuva": null, "risco_fogo": null, "bioma": "Mata Atlântica", "id_0": 33, "id_1": 41, "id_2": 4105201, "continente_id": 8, "vegetacao": null, "grade_wrs": "220_077", "frp": 43.6}, "bbox": [-49.20939, -24.72251, -49.20939, -24.72251]}, {"type": "Feature", "id": "focos_48h_br_todosats.fid--211a0569_19dad572493_bc4", "geometry": {"type": "Point", "coordinates": [-49.60691, -28.86835]}, "geometry_name": "geometria", "properties": {"id_foco_bdq": 1814853412, "foco_id": "6e827528-e7c8-3022-81bf-f8adbcd5b418", "longitude": -49.60691, "latitude": -28.86835, "data_hora_gmt": "2026-04-20T16:35:00Z", "data_pas": "2026-04-20", "satelite": "NOAA-20", "municipio": "MELEIRO", "estado": "SANTA CATARINA", "pais": "Brasil", "precipitacao": null, "numero_dias_sem_chuva": null, "risco_fogo": null, "bioma": "Mata Atlântica", "id_0": 33, "id_1": 42, "id_2": 4210803, "continente_id": 8, "vegetacao": null, "grade_wrs": "220_080", "frp": 2.8}, "bbox": [-49.60691, -28.86835, -49.60691, -28.86835]}, {"type": "Feature", "id": "focos_48h_br_todosats.fid--211a0569_19dad572493_bc5", "geometry": {"type": "Point", "coordinates": [-48.22501, -22.04468]}, "geometry_name": "geometria", "properties": {"id_foco_bdq": 1814853019, "foco_id": "093e3e28-c1cf-3b66-b08e-e485408dd8e2", "longitude": -48.22501, "latitude": -22.04468, "data_hora_gmt": "2026-04-20T16:35:00Z", "data_pas": "2026-04-20", "satelite": "NOAA-20", "municipio": "RIBEIRÃO BONITO", "estado": "SÃO PAULO", "pais": "Brasil", "precipitacao": null, "numero_dias_sem_chuva": null, "risco_fogo": null, "bioma": "Cerrado", "id_0": 33, "id_1": 35, "id_2": 3542909, "continente_id": 8, "vegetacao": null, "grade_wrs": "220_075", "frp": 11.2}, "bbox": [-48.22501, -22.04468, -48.22501, -22.04468]}, {"type": "Feature", "id": "focos_48h_br_todosats.fid--211a0569_19dad572493_bc6", "geometry": {"type": "Point", "coordinates": [-51.25325, -28.53273]}, "geometry_name": "geometria", "properties": {"id_foco_bdq": 1814852778, "foco_id": "640c6302-4dec-3807-b424-76f59aa056c1", "longitude": -51.25325, "latitude": -28.53273, "data_hora_gmt": "2026-04-20T16:35:00Z", "data_pas": "2026-04-20", "satelite": "NOAA-20", "municipio": "MUITOS CAPÕES", "estado": "RIO GRANDE DO SUL", "pais": "Brasil", "precipitacao": null, "numero_dias_sem_chuva": null, "risco_fogo": null, "bioma": "Mata Atlântica", "id_0": 33, "id_1": 43, "id_2": 4312617, "continente_id": 8, "vegetacao": null, "grade_wrs": "221_080", "frp": 5.3}, "bbox": [-51.25325, -28.53273, -51.25325, -28.53273]}, {"type": "Feature", "id": "focos_48h_br_todosats.fid--211a0569_19dad572493_bc7", "geometry": {"type": "Point", "coordinates": [-50.80648, -28.88826]}, "geometry_name": "geometria", "properties": {"id_foco_bdq": 1814852364, "foco_id": "805f4f8d-a200-3f4f-91df-9ed15490ea07", "longitude": -50.80648, "latitude": -28.88826, "data_hora_gmt": "2026-04-20T16:35:00Z", "data_pas": "2026-04-20", "satelite": "NOAA-20", "municipio": "SÃO FRANCISCO DE PAULA", "estado": "RIO GRANDE DO SUL", "pais": "Brasil", "precipitacao": null, "numero_dias_sem_chuva": null, "risco_fogo": null, "bioma": "Mata Atlântica", "id_0": 33, "id_1": 43, "id_2": 4318200, "continente_id": 8, "vegetacao": null, "grade_wrs": "221_080", "frp": 15.7}, "bbox": [-50.80648, -28.88826, -50.80648, -28.88826]}, {"type": "Feature", "id": "focos_48h_br_todosats.fid--211a0569_19dad572493_bc8", "geometry": {"type": "Point", "coordinates": [-47.60296, -22.85361]}, "geometry_name": "geometria", "properties": {"id_foco_bdq": 1814852362, "foco_id": "731bdc0b-933c-3f3b-926e-c5b96f945efc", "longitude": -47.60296, "latitude": -22.85361, "data_hora_gmt": "2026-04-20T16:35:00Z", "data_pas": "2026-04-20", "satelite": "NOAA-20", "municipio": "RIO DAS PEDRAS", "estado": "SÃO PAULO", "pais": "Brasil", "precipitacao": null, "numero_dias_sem_chuva": null, "risco_fogo": null, "bioma": "Mata Atlântica", "id_0": 33, "id_1": 35, "id_2": 3544004, "continente_id": 8, "vegetacao": null, "grade_wrs": "220_076", "frp": 13}, "bbox": [-47.60296, -22.85361, -47.60296, -22.85361]}, {"type": "Feature", "id": "focos_48h_br_todosats.fid--211a0569_19dad572493_bc9", "geometry": {"type": "Point", "coordinates": [-52.69708, -22.9694]}, "geometry_name": "geometria", "properties": {"id_foco_bdq": 1814852794, "foco_id": "2c8752f6-191f-3005-80d6-6e55b81f419d", "longitude": -52.69708, "latitude": -22.9694, "data_hora_gmt": "2026-04-20T16:35:00Z", "data_pas": "2026-04-20", "satelite": "NOAA-20", "municipio": "GUAIRAÇÁ", "estado": "PARANÁ", "pais": "Brasil", "precipitacao": null, "numero_dias_sem_chuva": null, "risco_fogo": null, "bioma": "Mata Atlântica", "id_0": 33, "id_1": 41, "id_2": 4108908, "continente_id": 8, "vegetacao": null, "grade_wrs": "223_076", "frp": 4.5}, "bbox": [-52.69708, -22.9694, -52.69708, -22.9694]}, {"type": "Feature", "id": "focos_48h_br_todosats.fid--211a0569_19dad572493_bca", "geometry": {"type": "Point", "coordinates": [-49.49688, -27.40289]}, "geometry_name": "geometria", "properties": {"id_foco_bdq": 1814852361, "foco_id": "a8176283-55c3-3fb6-8ed0-24989acd9232", "longitude": -49.49688, "latitude": -27.40289, "data_hora_gmt": "2026-04-20T16:35:00Z", "data_pas": "2026-04-20", "satelite": "NOAA-20", "municipio": "ITUPORANGA", "estado": "SANTA CATARINA", "pais": "Brasil", "precipitacao": null, "numero_dias_sem_chuva": null, "risco_fogo": null, "bioma": "Mata Atlântica", "id_0": 33, "id_1": 42, "id_2": 4208500, "continente_id": 8, "vegetacao": null, "grade_wrs": "220_079", "frp": 2.7}, "bbox": [-49.49688, -27.40289, -49.49688, -27.40289]}, {"type": "Feature", "id": "focos_48h_br_todosats.fid--211a0569_19dad572493_bcb", "geometry": {"type": "Point", "coordinates": [-48.88231, -27.41357]}, "geometry_name": "geometria", "properties": {"id_foco_bdq": 1814853298, "foco_id": "ce9aa21d-0b59-3012-b9c6-ddffc9fa5e69", "longitude": -48.88231, "latitude": -27.41357, "data_hora_gmt": "2026-04-20T16:35:00Z", "data_pas": "2026-04-20", "satelite": "NOAA-20", "municipio": "SÃO JOÃO BATISTA", "estado": "SANTA CATARINA", "pais": "Brasil", "precipitacao": null, "numero_dias_sem_chuva": null, "risco_fogo": null, "bioma": "Mata Atlântica", "id_0": 33, "id_1": 42, "id_2": 4216305, "continente_id": 8, "vegetacao": null, "grade_wrs": "220_079", "frp": 18.5}, "bbox": [-48.88231, -27.41357, -48.88231, -27.41357]}, {"type": "Feature", "id": "focos_48h_br_todosats.fid--211a0569_19dad572493_bcc", "geometry": {"type": "Point", "coordinates": [-49.44458, -27.731]}, "geometry_name": "geometria", "properties": {"id_foco_bdq": 1814852802, "foco_id": "c6c2f1d8-d953-3312-a95c-594079c809f8", "longitude": -49.44458, "latitude": -27.731, "data_hora_gmt": "2026-04-20T16:35:00Z", "data_pas": "2026-04-20", "satelite": "NOAA-20", "municipio": "ALFREDO WAGNER", "estado": "SANTA CATARINA", "pais": "Brasil", "precipitacao": null, "numero_dias_sem_chuva": null, "risco_fogo": null, "bioma": "Mata Atlântica", "id_0": 33, "id_1": 42, "id_2": 4200705, "continente_id": 8, "vegetacao": null, "grade_wrs": "220_079", "frp": 12.3}, "bbox": [-49.44458, -27.731, -49.44458, -27.731]}, {"type": "Feature", "id": "focos_48h_br_todosats.fid--211a0569_19dad572493_bcd", "geometry": {"type": "Point", "coordinates": [-46.90218, -21.15154]}, "geometry_name": "geometria", "properties": {"id_foco_bdq": 1814852359, "foco_id": "927e75ef-513e-34c7-a24a-e7a91b3223dd", "longitude": -46.90218, "latitude": -21.15154, "data_hora_gmt": "2026-04-20T16:35:00Z", "data_pas": "2026-04-20", "satelite": "NOAA-20", "municipio": "MONTE SANTO DE MINAS", "estado": "MINAS GERAIS", "pais": "Brasil", "precipitacao": null, "numero_dias_sem_chuva": null, "risco_fogo": null, "bioma": "Cerrado", "id_0": 33, "id_1": 31, "id_2": 3143203, "continente_id": 8, "vegetacao": null, "grade_wrs": "220_075", "frp": 2.2}, "bbox": [-46.90218, -21.15154, -46.90218, -21.15154]}, {"type": "Feature", "id": "focos_48h_br_todosats.fid--211a0569_19dad572493_bce", "geometry": {"type": "Point", "coordinates": [-51.21322, -27.63077]}, "geometry_name": "geometria", "properties": {"id_foco_bdq": 1814853447, "foco_id": "8dfdc20e-72e2-3c8a-be22-69549baa1c16", "longitude": -51.21322, "latitude": -27.63077, "data_hora_gmt": "2026-04-20T16:35:00Z", "data_pas": "2026-04-20", "satelite": "NOAA-20", "municipio": "CELSO RAMOS", "estado": "SANTA CATARINA", "pais": "Brasil", "precipitacao": null, "numero_dias_sem_chuva": null, "risco_fogo": null, "bioma": "Mata Atlântica", "id_0": 33, "id_1": 42, "id_2": 4204152, "continente_id": 8, "vegetacao": null, "grade_wrs": "221_079", "frp": 6.6}, "bbox": [-51.21322, -27.63077, -51.21322, -27.63077]}, {"type": "Feature", "id": "focos_48h_br_todosats.fid--211a0569_19dad572493_bcf", "geometry": {"type": "Point", "coordinates": [-50.64012, -29.39936]}, "geometry_name": "geometria", "properties": {"id_foco_bdq": 1814852353, "foco_id": "a52f9cd6-3bb3-3800-afa2-0d04002ca9cb", "longitude": -50.64012, "latitude": -29.39936, "data_hora_gmt": "2026-04-20T16:35:00Z", "data_pas": "2026-04-20", "satelite": "NOAA-20", "municipio": "SÃO FRANCISCO DE PAULA", "estado": "RIO GRANDE DO SUL", "pais": "Brasil", "precipitacao": null, "numero_dias_sem_chuva": null, "risco_fogo": null, "bioma": "Mata Atlântica", "id_0": 33, "id_1": 43, "id_2": 4318200, "continente_id": 8, "vegetacao": null, "grade_wrs": "221_080", "frp": 6.7}, "bbox": [-50.64012, -29.39936, -50.64012, -29.39936]}, {"type": "Feature", "id": "focos_48h_br_todosats.fid--211a0569_19dad572493_bd0", "geometry": {"type": "Point", "coordinates": [-49.22607, -28.25132]}, "geometry_name": "geometria", "properties": {"id_foco_bdq": 1814852349, "foco_id": "68e1cd6c-901b-3126-8862-686e83be1b0d", "longitude": -49.22607, "latitude": -28.25132, "data_hora_gmt": "2026-04-20T16:35:00Z", "data_pas": "2026-04-20", "satelite": "NOAA-20", "municipio": "BRAÇO DO NORTE", "estado": "SANTA CATARINA", "pais": "Brasil", "precipitacao": null, "numero_dias_sem_chuva": null, "risco_fogo": null, "bioma": "Mata Atlântica", "id_0": 33, "id_1": 42, "id_2": 4202800, "continente_id": 8, "vegetacao": null, "grade_wrs": "220_080", "frp": 3.3}, "bbox": [-49.22607, -28.25132, -49.22607, -28.25132]}, {"type": "Feature", "id": "focos_48h_br_todosats.fid--211a0569_19dad572493_bd1", "geometry": {"type": "Point", "coordinates": [-48.52367, -24.44575]}, "geometry_name": "geometria", "properties": {"id_foco_bdq": 1814852326, "foco_id": "1d0c23fe-7cc0-308b-b0bb-abbb2aca01c7", "longitude": -48.52367, "latitude": -24.44575, "data_hora_gmt": "2026-04-20T16:35:00Z", "data_pas": "2026-04-20", "satelite": "NOAA-20", "municipio": "IPORANGA", "estado": "SÃO PAULO", "pais": "Brasil", "precipitacao": null, "numero_dias_sem_chuva": null, "risco_fogo": null, "bioma": "Mata Atlântica", "id_0": 33, "id_1": 35, "id_2": 3521200, "continente_id": 8, "vegetacao": null, "grade_wrs": "220_077", "frp": 6.4}, "bbox": [-48.52367, -24.44575, -48.52367, -24.44575]}, {"type": "Feature", "id": "focos_48h_br_todosats.fid--211a0569_19dad572493_bd2", "geometry": {"type": "Point", "coordinates": [-49.44921, -27.73147]}, "geometry_name": "geometria", "properties": {"id_foco_bdq": 1814852895, "foco_id": "4d32e522-9520-3d34-888b-25afe2170b4a", "longitude": -49.44921, "latitude": -27.73147, "data_hora_gmt": "2026-04-20T16:35:00Z", "data_pas": "2026-04-20", "satelite": "NOAA-20", "municipio": "ALFREDO WAGNER", "estado": "SANTA CATARINA", "pais": "Brasil", "precipitacao": null, "numero_dias_sem_chuva": null, "risco_fogo": null, "bioma": "Mata Atlântica", "id_0": 33, "id_1": 42, "id_2": 4200705, "continente_id": 8, "vegetacao": null, "grade_wrs": "220_079", "frp": 5.8}, "bbox": [-49.44921, -27.73147, -49.44921, -27.73147]}, {"type": "Feature", "id": "focos_48h_br_todosats.fid--211a0569_19dad572493_bd3", "geometry": {"type": "Point", "coordinates": [-50.38233, -21.35356]}, "geometry_name": "geometria", "properties": {"id_foco_bdq": 1814853240, "foco_id": "817b78de-a883-3fb1-85d8-1ceca2880cae", "longitude": -50.38233, "latitude": -21.35356, "data_hora_gmt": "2026-04-20T16:35:00Z", "data_pas": "2026-04-20", "satelite": "NOAA-20", "municipio": "BIRIGUI", "estado": "SÃO PAULO", "pais": "Brasil", "precipitacao": null, "numero_dias_sem_chuva": null, "risco_fogo": null, "bioma": "Mata Atlântica", "id_0": 33, "id_1": 35, "id_2": 3506508, "continente_id": 8, "vegetacao": null, "grade_wrs": "222_075", "frp": 3.9}, "bbox": [-50.38233, -21.35356, -50.38233, -21.35356]}, {"type": "Feature", "id": "focos_48h_br_todosats.fid--211a0569_19dad572493_bd4", "geometry": {"type": "Point", "coordinates": [-44.91594, -23.04418]}, "geometry_name": "geometria", "properties": {"id_foco_bdq": 1814852302, "foco_id": "2bf47978-a088-3c9d-a6f2-c3af07625b1c", "longitude": -44.91594, "latitude": -23.04418, "data_hora_gmt": "2026-04-20T16:35:00Z", "data_pas": "2026-04-20", "satelite": "NOAA-20", "municipio": "CUNHA", "estado": "SÃO PAULO", "pais": "Brasil", "precipitacao": null, "numero_dias_sem_chuva": null, "risco_fogo": null, "bioma": "Mata Atlântica", "id_0": 33, "id_1": 35, "id_2": 3513603, "continente_id": 8, "vegetacao": null, "grade_wrs": "218_076", "frp": 4.6}, "bbox": [-44.91594, -23.04418, -44.91594, -23.04418]}, {"type": "Feature", "id": "focos_48h_br_todosats.fid--211a0569_19dad572493_bd5", "geometry": {"type": "Point", "coordinates": [-49.99944, -27.4807]}, "geometry_name": "geometria", "properties": {"id_foco_bdq": 1814852299, "foco_id": "8ce2f69c-8d08-3830-9d4c-759aaba8a96a", "longitude": -49.99944, "latitude": -27.4807, "data_hora_gmt": "2026-04-20T16:35:00Z", "data_pas": "2026-04-20", "satelite": "NOAA-20", "municipio": "OTACÍLIO COSTA", "estado": "SANTA CATARINA", "pais": "Brasil", "precipitacao": null, "numero_dias_sem_chuva": null, "risco_fogo": null, "bioma": "Mata Atlântica", "id_0": 33, "id_1": 42, "id_2": 4211751, "continente_id": 8, "vegetacao": null, "grade_wrs": "221_079", "frp": 8.2}, "bbox": [-49.99944, -27.4807, -49.99944, -27.4807]}, {"type": "Feature", "id": "focos_48h_br_todosats.fid--211a0569_19dad572493_bd6", "geometry": {"type": "Point", "coordinates": [-50.80765, -28.88706]}, "geometry_name": "geometria", "properties": {"id_foco_bdq": 1814853311, "foco_id": "82227fd1-8638-3abd-af7b-61dff15c160f", "longitude": -50.80765, "latitude": -28.88706, "data_hora_gmt": "2026-04-20T16:35:00Z", "data_pas": "2026-04-20", "satelite": "NOAA-20", "municipio": "SÃO FRANCISCO DE PAULA", "estado": "RIO GRANDE DO SUL", "pais": "Brasil", "precipitacao": null, "numero_dias_sem_chuva": null, "risco_fogo": null, "bioma": "Mata Atlântica", "id_0": 33, "id_1": 43, "id_2": 4318200, "continente_id": 8, "vegetacao": null, "grade_wrs": "221_080", "frp": 11.7}, "bbox": [-50.80765, -28.88706, -50.80765, -28.88706]}, {"type": "Feature", "id": "focos_48h_br_todosats.fid--211a0569_19dad572493_bd7", "geometry": {"type": "Point", "coordinates": [-49.52975, -28.85139]}, "geometry_name": "geometria", "properties": {"id_foco_bdq": 1814852266, "foco_id": "eacc3d6a-966a-3bdd-98b6-f8cbb531478a", "longitude": -49.52975, "latitude": -28.85139, "data_hora_gmt": "2026-04-20T16:35:00Z", "data_pas": "2026-04-20", "satelite": "NOAA-20", "municipio": "MELEIRO", "estado": "SANTA CATARINA", "pais": "Brasil", "precipitacao": null, "numero_dias_sem_chuva": null, "risco_fogo": null, "bioma": "Mata Atlântica", "id_0": 33, "id_1": 42, "id_2": 4210803, "continente_id": 8, "vegetacao": null, "grade_wrs": "220_080", "frp": 3.1}, "bbox": [-49.52975, -28.85139, -49.52975, -28.85139]}, {"type": "Feature", "id": "focos_48h_br_todosats.fid--211a0569_19dad572493_bd8", "geometry": {"type": "Point", "coordinates": [-49.79866, -22.54058]}, "geometry_name": "geometria", "properties": {"id_foco_bdq": 1814852259, "foco_id": "6b703c51-ff7f-34cb-9275-882f71c4fae1", "longitude": -49.79866, "latitude": -22.54058, "data_hora_gmt": "2026-04-20T16:35:00Z", "data_pas": "2026-04-20", "satelite": "NOAA-20", "municipio": "SÃO PEDRO DO TURVO", "estado": "SÃO PAULO", "pais": "Brasil", "precipitacao": null, "numero_dias_sem_chuva": null, "risco_fogo": null, "bioma": "Cerrado", "id_0": 33, "id_1": 35, "id_2": 3550506, "continente_id": 8, "vegetacao": null, "grade_wrs": "221_076", "frp": 6}, "bbox": [-49.79866, -22.54058, -49.79866, -22.54058]}, {"type": "Feature", "id": "focos_48h_br_todosats.fid--211a0569_19dad572493_bd9", "geometry": {"type": "Point", "coordinates": [-51.73077, -29.39714]}, "geometry_name": "geometria", "properties": {"id_foco_bdq": 1814852999, "foco_id": "20670747-cdea-3e52-9318-6558c1fdf4c5", "longitude": -51.73077, "latitude": -29.39714, "data_hora_gmt": "2026-04-20T16:35:00Z", "data_pas": "2026-04-20", "satelite": "NOAA-20", "municipio": "WESTFÁLIA", "estado": "RIO GRANDE DO SUL", "pais": "Brasil", "precipitacao": null, "numero_dias_sem_chuva": null, "risco_fogo": null, "bioma": "Mata Atlântica", "id_0": 33, "id_1": 43, "id_2": 4323770, "continente_id": 8, "vegetacao": null, "grade_wrs": "221_080", "frp": 2.2}, "bbox": [-51.73077, -29.39714, -51.73077, -29.39714]}, {"type": "Feature", "id": "focos_48h_br_todosats.fid--211a0569_19dad572493_bda", "geometry": {"type": "Point", "coordinates": [-48.88329, -27.41577]}, "geometry_name": "geometria", "properties": {"id_foco_bdq": 1814852829, "foco_id": "291719a7-781c-36ce-ad3d-b1a840a5d1e0", "longitude": -48.88329, "latitude": -27.41577, "data_hora_gmt": "2026-04-20T16:35:00Z", "data_pas": "2026-04-20", "satelite": "NOAA-20", "municipio": "SÃO JOÃO BATISTA", "estado": "SANTA CATARINA", "pais": "Brasil", "precipitacao": null, "numero_dias_sem_chuva": null, "risco_fogo": null, "bioma": "Mata Atlântica", "id_0": 33, "id_1": 42, "id_2": 4216305, "continente_id": 8, "vegetacao": null, "grade_wrs": "220_079", "frp": 34.6}, "bbox": [-48.88329, -27.41577, -48.88329, -27.41577]}, {"type": "Feature", "id": "focos_48h_br_todosats.fid--211a0569_19dad572493_bdb", "geometry": {"type": "Point", "coordinates": [-49.60559, -28.8682]}, "geometry_name": "geometria", "properties": {"id_foco_bdq": 1814853426, "foco_id": "d5fb4332-cbad-3e6b-85d6-329843f86547", "longitude": -49.60559, "latitude": -28.8682, "data_hora_gmt": "2026-04-20T16:35:00Z", "data_pas": "2026-04-20", "satelite": "NOAA-20", "municipio": "MELEIRO", "estado": "SANTA CATARINA", "pais": "Brasil", "precipitacao": null, "numero_dias_sem_chuva": null, "risco_fogo": null, "bioma": "Mata Atlântica", "id_0": 33, "id_1": 42, "id_2": 4210803, "continente_id": 8, "vegetacao": null, "grade_wrs": "220_080", "frp": 3.6}, "bbox": [-49.60559, -28.8682, -49.60559, -28.8682]}, {"type": "Feature", "id": "focos_48h_br_todosats.fid--211a0569_19dad572493_bdc", "geometry": {"type": "Point", "coordinates": [-40.23386, -20.12363]}, "geometry_name": "geometria", "properties": {"id_foco_bdq": 1814853429, "foco_id": "7537a36b-b692-350a-b9d3-7457af188a52", "longitude": -40.23386, "latitude": -20.12363, "data_hora_gmt": "2026-04-20T16:35:00Z", "data_pas": "2026-04-20", "satelite": "NOAA-20", "municipio": "SERRA", "estado": "ESPÍRITO SANTO", "pais": "Brasil", "precipitacao": null, "numero_dias_sem_chuva": null, "risco_fogo": null, "bioma": "Mata Atlântica", "id_0": 33, "id_1": 32, "id_2": 3205002, "continente_id": 8, "vegetacao": null, "grade_wrs": "215_074", "frp": 3.4}, "bbox": [-40.23386, -20.12363, -40.23386, -20.12363]}, {"type": "Feature", "id": "focos_48h_br_todosats.fid--211a0569_19dad572493_bdd", "geometry": {"type": "Point", "coordinates": [-49.20384, -24.72618]}, "geometry_name": "geometria", "properties": {"id_foco_bdq": 1814852926, "foco_id": "d262dbc6-d821-3e2a-a8f0-4ebeaa4c4d49", "longitude": -49.20384, "latitude": -24.72618, "data_hora_gmt": "2026-04-20T16:35:00Z", "data_pas": "2026-04-20", "satelite": "NOAA-20", "municipio": "CERRO AZUL", "estado": "PARANÁ", "pais": "Brasil", "precipitacao": null, "numero_dias_sem_chuva": null, "risco_fogo": null, "bioma": "Mata Atlântica", "id_0": 33, "id_1": 41, "id_2": 4105201, "continente_id": 8, "vegetacao": null, "grade_wrs": "220_077", "frp": 24.2}, "bbox": [-49.20384, -24.72618, -49.20384, -24.72618]}, {"type": "Feature", "id": "focos_48h_br_todosats.fid--211a0569_19dad572493_bde", "geometry": {"type": "Point", "coordinates": [-49.20459, -24.72197]}, "geometry_name": "geometria", "properties": {"id_foco_bdq": 1814852602, "foco_id": "e1028c7f-c75f-39be-948b-550b3bfad5cd", "longitude": -49.20459, "latitude": -24.72197, "data_hora_gmt": "2026-04-20T16:35:00Z", "data_pas": "2026-04-20", "satelite": "NOAA-20", "municipio": "CERRO AZUL", "estado": "PARANÁ", "pais": "Brasil", "precipitacao": null, "numero_dias_sem_chuva": null, "risco_fogo": null, "bioma": "Mata Atlântica", "id_0": 33, "id_1": 41, "id_2": 4105201, "continente_id": 8, "vegetacao": null, "grade_wrs": "220_077", "frp": 24.2}, "bbox": [-49.20459, -24.72197, -49.20459, -24.72197]}, {"type": "Feature", "id": "focos_48h_br_todosats.fid--211a0569_19dad572493_bdf", "geometry": {"type": "Point", "coordinates": [-44.04341, -21.58923]}, "geometry_name": "geometria", "properties": {"id_foco_bdq": 1814852592, "foco_id": "1a87d143-d960-3787-8bb1-427b8dd61b81", "longitude": -44.04341, "latitude": -21.58923, "data_hora_gmt": "2026-04-20T16:35:00Z", "data_pas": "2026-04-20", "satelite": "NOAA-20", "municipio": "SANTA RITA DE IBITIPOCA", "estado": "MINAS GERAIS", "pais": "Brasil", "precipitacao": null, "numero_dias_sem_chuva": null, "risco_fogo": null, "bioma": "Mata Atlântica", "id_0": 33, "id_1": 31, "id_2": 3159407, "continente_id": 8, "vegetacao": null, "grade_wrs": "218_075", "frp": 3.3}, "bbox": [-44.04341, -21.58923, -44.04341, -21.58923]}, {"type": "Feature", "id": "focos_48h_br_todosats.fid--211a0569_19dad572493_be0", "geometry": {"type": "Point", "coordinates": [-43.07712, -22.48903]}, "geometry_name": "geometria", "properties": {"id_foco_bdq": 1814852588, "foco_id": "1c89fb78-bac1-3011-b80a-ed8cc2638803", "longitude": -43.07712, "latitude": -22.48903, "data_hora_gmt": "2026-04-20T16:35:00Z", "data_pas": "2026-04-20", "satelite": "NOAA-20", "municipio": "MAGÉ", "estado": "RIO DE JANEIRO", "pais": "Brasil", "precipitacao": null, "numero_dias_sem_chuva": null, "risco_fogo": null, "bioma": "Mata Atlântica", "id_0": 33, "id_1": 33, "id_2": 3302502, "continente_id": 8, "vegetacao": null, "grade_wrs": "217_076", "frp": 6.8}, "bbox": [-43.07712, -22.48903, -43.07712, -22.48903]}, {"type": "Feature", "id": "focos_48h_br_todosats.fid--211a0569_19dad572493_be1", "geometry": {"type": "Point", "coordinates": [-47.59148, -22.86361]}, "geometry_name": "geometria", "properties": {"id_foco_bdq": 1814852636, "foco_id": "42e8d7c1-d5ad-3d14-8ecb-42c33d4e1f51", "longitude": -47.59148, "latitude": -22.86361, "data_hora_gmt": "2026-04-20T16:35:00Z", "data_pas": "2026-04-20", "satelite": "NOAA-20", "municipio": "RIO DAS PEDRAS", "estado": "SÃO PAULO", "pais": "Brasil", "precipitacao": null, "numero_dias_sem_chuva": null, "risco_fogo": null, "bioma": "Mata Atlântica", "id_0": 33, "id_1": 35, "id_2": 3544004, "continente_id": 8, "vegetacao": null, "grade_wrs": "220_076", "frp": 3.4}, "bbox": [-47.59148, -22.86361, -47.59148, -22.86361]}, {"type": "Feature", "id": "focos_48h_br_todosats.fid--211a0569_19dad572493_be2", "geometry": {"type": "Point", "coordinates": [-44.44732, -20.87701]}, "geometry_name": "geometria", "properties": {"id_foco_bdq": 1814853359, "foco_id": "a3b0a8b2-6cd9-3939-b0e9-a732bb5c345e", "longitude": -44.44732, "latitude": -20.87701, "data_hora_gmt": "2026-04-20T16:35:00Z", "data_pas": "2026-04-20", "satelite": "NOAA-20", "municipio": "SÃO TIAGO", "estado": "MINAS GERAIS", "pais": "Brasil", "precipitacao": null, "numero_dias_sem_chuva": null, "risco_fogo": null, "bioma": "Mata Atlântica", "id_0": 33, "id_1": 31, "id_2": 3165008, "continente_id": 8, "vegetacao": null, "grade_wrs": "218_074", "frp": 2.3}, "bbox": [-44.44732, -20.87701, -44.44732, -20.87701]}, {"type": "Feature", "id": "focos_48h_br_todosats.fid--211a0569_19dad572493_be3", "geometry": {"type": "Point", "coordinates": [-49.20855, -24.72671]}, "geometry_name": "geometria", "properties": {"id_foco_bdq": 1814853124, "foco_id": "2b6efdb1-1821-3b2b-9a22-3c430506531f", "longitude": -49.20855, "latitude": -24.72671, "data_hora_gmt": "2026-04-20T16:35:00Z", "data_pas": "2026-04-20", "satelite": "NOAA-20", "municipio": "CERRO AZUL", "estado": "PARANÁ", "pais": "Brasil", "precipitacao": null, "numero_dias_sem_chuva": null, "risco_fogo": null, "bioma": "Mata Atlântica", "id_0": 33, "id_1": 41, "id_2": 4105201, "continente_id": 8, "vegetacao": null, "grade_wrs": "220_077", "frp": 43.6}, "bbox": [-49.20855, -24.72671, -49.20855, -24.72671]}, {"type": "Feature", "id": "focos_48h_br_todosats.fid--211a0569_19dad572493_be4", "geometry": {"type": "Point", "coordinates": [-50.213, -27.93209]}, "geometry_name": "geometria", "properties": {"id_foco_bdq": 1814852904, "foco_id": "6f08c379-6578-3157-bb18-9453d427ca40", "longitude": -50.213, "latitude": -27.93209, "data_hora_gmt": "2026-04-20T16:35:00Z", "data_pas": "2026-04-20", "satelite": "NOAA-20", "municipio": "LAGES", "estado": "SANTA CATARINA", "pais": "Brasil", "precipitacao": null, "numero_dias_sem_chuva": null, "risco_fogo": null, "bioma": "Mata Atlântica", "id_0": 33, "id_1": 42, "id_2": 4209300, "continente_id": 8, "vegetacao": null, "grade_wrs": "221_079", "frp": 20.8}, "bbox": [-50.213, -27.93209, -50.213, -27.93209]}, {"type": "Feature", "id": "focos_48h_br_todosats.fid--211a0569_19dad572493_be5", "geometry": {"type": "Point", "coordinates": [-43.34084, -21.79016]}, "geometry_name": "geometria", "properties": {"id_foco_bdq": 1814853129, "foco_id": "ef25e560-6c07-3101-b0e9-64947635bc03", "longitude": -43.34084, "latitude": -21.79016, "data_hora_gmt": "2026-04-20T16:35:00Z", "data_pas": "2026-04-20", "satelite": "NOAA-20", "municipio": "JUIZ DE FORA", "estado": "MINAS GERAIS", "pais": "Brasil", "precipitacao": null, "numero_dias_sem_chuva": null, "risco_fogo": null, "bioma": "Mata Atlântica", "id_0": 33, "id_1": 31, "id_2": 3136702, "continente_id": 8, "vegetacao": null, "grade_wrs": "217_075", "frp": 2.3}, "bbox": [-43.34084, -21.79016, -43.34084, -21.79016]}, {"type": "Feature", "id": "focos_48h_br_todosats.fid--211a0569_19dad572493_be6", "geometry": {"type": "Point", "coordinates": [-47.59751, -22.85674]}, "geometry_name": "geometria", "properties": {"id_foco_bdq": 1814852202, "foco_id": "09e39184-4ec4-3368-b593-74aaf7c077a1", "longitude": -47.59751, "latitude": -22.85674, "data_hora_gmt": "2026-04-20T16:35:00Z", "data_pas": "2026-04-20", "satelite": "NOAA-20", "municipio": "RIO DAS PEDRAS", "estado": "SÃO PAULO", "pais": "Brasil", "precipitacao": null, "numero_dias_sem_chuva": null, "risco_fogo": null, "bioma": "Mata Atlântica", "id_0": 33, "id_1": 35, "id_2": 3544004, "continente_id": 8, "vegetacao": null, "grade_wrs": "220_076", "frp": 3.9}, "bbox": [-47.59751, -22.85674, -47.59751, -22.85674]}, {"type": "Feature", "id": "focos_48h_br_todosats.fid--211a0569_19dad572493_be7", "geometry": {"type": "Point", "coordinates": [-50.56537, -27.4969]}, "geometry_name": "geometria", "properties": {"id_foco_bdq": 1814852521, "foco_id": "f3cf48b3-f8bd-3b70-b64a-6ff706d8cfef", "longitude": -50.56537, "latitude": -27.4969, "data_hora_gmt": "2026-04-20T16:35:00Z", "data_pas": "2026-04-20", "satelite": "NOAA-20", "municipio": "CURITIBANOS", "estado": "SANTA CATARINA", "pais": "Brasil", "precipitacao": null, "numero_dias_sem_chuva": null, "risco_fogo": null, "bioma": "Mata Atlântica", "id_0": 33, "id_1": 42, "id_2": 4204806, "continente_id": 8, "vegetacao": null, "grade_wrs": "221_079", "frp": 12.1}, "bbox": [-50.56537, -27.4969, -50.56537, -27.4969]}, {"type": "Feature", "id": "focos_48h_br_todosats.fid--211a0569_19dad572493_be8", "geometry": {"type": "Point", "coordinates": [-51.16967, -29.4533]}, "geometry_name": "geometria", "properties": {"id_foco_bdq": 1814852650, "foco_id": "580fda78-8f1b-3c79-8f46-e5c84297b44b", "longitude": -51.16967, "latitude": -29.4533, "data_hora_gmt": "2026-04-20T16:35:00Z", "data_pas": "2026-04-20", "satelite": "NOAA-20", "municipio": "PICADA CAFÉ", "estado": "RIO GRANDE DO SUL", "pais": "Brasil", "precipitacao": null, "numero_dias_sem_chuva": null, "risco_fogo": null, "bioma": "Mata Atlântica", "id_0": 33, "id_1": 43, "id_2": 4314423, "continente_id": 8, "vegetacao": null, "grade_wrs": "221_080", "frp": 18}, "bbox": [-51.16967, -29.4533, -51.16967, -29.4533]}, {"type": "Feature", "id": "focos_48h_br_todosats.fid--211a0569_19dad572493_be9", "geometry": {"type": "Point", "coordinates": [-49.99889, -27.48531]}, "geometry_name": "geometria", "properties": {"id_foco_bdq": 1814852249, "foco_id": "4b238197-ca3e-3c14-a5cc-c9c4dc00d46f", "longitude": -49.99889, "latitude": -27.48531, "data_hora_gmt": "2026-04-20T16:35:00Z", "data_pas": "2026-04-20", "satelite": "NOAA-20", "municipio": "OTACÍLIO COSTA", "estado": "SANTA CATARINA", "pais": "Brasil", "precipitacao": null, "numero_dias_sem_chuva": null, "risco_fogo": null, "bioma": "Mata Atlântica", "id_0": 33, "id_1": 42, "id_2": 4211751, "continente_id": 8, "vegetacao": null, "grade_wrs": "221_079", "frp": 8.7}, "bbox": [-49.99889, -27.48531, -49.99889, -27.48531]}, {"type": "Feature", "id": "focos_48h_br_todosats.fid--211a0569_19dad572493_bea", "geometry": {"type": "Point", "coordinates": [-51.58891, -29.53921]}, "geometry_name": "geometria", "properties": {"id_foco_bdq": 1814853066, "foco_id": "69d5f506-6a82-3778-a95b-7113005951cd", "longitude": -51.58891, "latitude": -29.53921, "data_hora_gmt": "2026-04-20T16:35:00Z", "data_pas": "2026-04-20", "satelite": "NOAA-20", "municipio": "BROCHIER", "estado": "RIO GRANDE DO SUL", "pais": "Brasil", "precipitacao": null, "numero_dias_sem_chuva": null, "risco_fogo": null, "bioma": "Mata Atlântica", "id_0": 33, "id_1": 43, "id_2": 4302659, "continente_id": 8, "vegetacao": null, "grade_wrs": "221_081", "frp": 2.1}, "bbox": [-51.58891, -29.53921, -51.58891, -29.53921]}, {"type": "Feature", "id": "focos_48h_br_todosats.fid--211a0569_19dad572493_beb", "geometry": {"type": "Point", "coordinates": [-51.25032, -28.52738]}, "geometry_name": "geometria", "properties": {"id_foco_bdq": 1814852656, "foco_id": "4143f3d1-98c1-3ce1-a509-1c7d15a0ae28", "longitude": -51.25032, "latitude": -28.52738, "data_hora_gmt": "2026-04-20T16:35:00Z", "data_pas": "2026-04-20", "satelite": "NOAA-20", "municipio": "MUITOS CAPÕES", "estado": "RIO GRANDE DO SUL", "pais": "Brasil", "precipitacao": null, "numero_dias_sem_chuva": null, "risco_fogo": null, "bioma": "Mata Atlântica", "id_0": 33, "id_1": 43, "id_2": 4312617, "continente_id": 8, "vegetacao": null, "grade_wrs": "221_080", "frp": 11.6}, "bbox": [-51.25032, -28.52738, -51.25032, -28.52738]}, {"type": "Feature", "id": "focos_48h_br_todosats.fid--211a0569_19dad572493_bec", "geometry": {"type": "Point", "coordinates": [-51.17229, -22.23764]}, "geometry_name": "geometria", "properties": {"id_foco_bdq": 1814852963, "foco_id": "35961932-f59e-3920-a438-adedefa6dafa", "longitude": -51.17229, "latitude": -22.23764, "data_hora_gmt": "2026-04-20T16:35:00Z", "data_pas": "2026-04-20", "satelite": "NOAA-20", "municipio": "MARTINÓPOLIS", "estado": "SÃO PAULO", "pais": "Brasil", "precipitacao": null, "numero_dias_sem_chuva": null, "risco_fogo": null, "bioma": "Cerrado", "id_0": 33, "id_1": 35, "id_2": 3529203, "continente_id": 8, "vegetacao": null, "grade_wrs": "222_075", "frp": 18.9}, "bbox": [-51.17229, -22.23764, -51.17229, -22.23764]}, {"type": "Feature", "id": "focos_48h_br_todosats.fid--211a0569_19dad572493_bed", "geometry": {"type": "Point", "coordinates": [-49.11379, -28.07504]}, "geometry_name": "geometria", "properties": {"id_foco_bdq": 1814853062, "foco_id": "60d5b6e0-6899-3530-b97a-001655449497", "longitude": -49.11379, "latitude": -28.07504, "data_hora_gmt": "2026-04-20T16:35:00Z", "data_pas": "2026-04-20", "satelite": "NOAA-20", "municipio": "RIO FORTUNA", "estado": "SANTA CATARINA", "pais": "Brasil", "precipitacao": null, "numero_dias_sem_chuva": null, "risco_fogo": null, "bioma": "Mata Atlântica", "id_0": 33, "id_1": 42, "id_2": 4214904, "continente_id": 8, "vegetacao": null, "grade_wrs": "220_079", "frp": 2.2}, "bbox": [-49.11379, -28.07504, -49.11379, -28.07504]}, {"type": "Feature", "id": "focos_48h_br_todosats.fid--211a0569_19dad572493_bee", "geometry": {"type": "Point", "coordinates": [-49.19449, -24.23665]}, "geometry_name": "geometria", "properties": {"id_foco_bdq": 1814852508, "foco_id": "40b6677b-a03a-3ad3-89d5-ec16f57df810", "longitude": -49.19449, "latitude": -24.23665, "data_hora_gmt": "2026-04-20T16:35:00Z", "data_pas": "2026-04-20", "satelite": "NOAA-20", "municipio": "ITARARÉ", "estado": "SÃO PAULO", "pais": "Brasil", "precipitacao": null, "numero_dias_sem_chuva": null, "risco_fogo": null, "bioma": "Cerrado", "id_0": 33, "id_1": 35, "id_2": 3523206, "continente_id": 8, "vegetacao": null, "grade_wrs": "221_077", "frp": 6.2}, "bbox": [-49.19449, -24.23665, -49.19449, -24.23665]}, {"type": "Feature", "id": "focos_48h_br_todosats.fid--211a0569_19dad572493_bef", "geometry": {"type": "Point", "coordinates": [-47.48136, -21.87889]}, "geometry_name": "geometria", "properties": {"id_foco_bdq": 1814853133, "foco_id": "9e0faa91-1905-3d22-a392-f1aea6f88fc5", "longitude": -47.48136, "latitude": -21.87889, "data_hora_gmt": "2026-04-20T16:35:00Z", "data_pas": "2026-04-20", "satelite": "NOAA-20", "municipio": "PORTO FERREIRA", "estado": "SÃO PAULO", "pais": "Brasil", "precipitacao": null, "numero_dias_sem_chuva": null, "risco_fogo": null, "bioma": "Mata Atlântica", "id_0": 33, "id_1": 35, "id_2": 3540705, "continente_id": 8, "vegetacao": null, "grade_wrs": "220_075", "frp": 4.6}, "bbox": [-47.48136, -21.87889, -47.48136, -21.87889]}, {"type": "Feature", "id": "focos_48h_br_todosats.fid--211a0569_19dad572493_bf0", "geometry": {"type": "Point", "coordinates": [-49.5303, -28.84683]}, "geometry_name": "geometria", "properties": {"id_foco_bdq": 1814853144, "foco_id": "1ab20ed0-992e-3405-b298-e15653e026a8", "longitude": -49.5303, "latitude": -28.84683, "data_hora_gmt": "2026-04-20T16:35:00Z", "data_pas": "2026-04-20", "satelite": "NOAA-20", "municipio": "MELEIRO", "estado": "SANTA CATARINA", "pais": "Brasil", "precipitacao": null, "numero_dias_sem_chuva": null, "risco_fogo": null, "bioma": "Mata Atlântica", "id_0": 33, "id_1": 42, "id_2": 4210803, "continente_id": 8, "vegetacao": null, "grade_wrs": "220_080", "frp": 5.7}, "bbox": [-49.5303, -28.84683, -49.5303, -28.84683]}, {"type": "Feature", "id": "focos_48h_br_todosats.fid--211a0569_19dad572493_bf1", "geometry": {"type": "Point", "coordinates": [-51.17267, -29.45354]}, "geometry_name": "geometria", "properties": {"id_foco_bdq": 1814852199, "foco_id": "807d4546-b3e1-3811-a985-26614f002bab", "longitude": -51.17267, "latitude": -29.45354, "data_hora_gmt": "2026-04-20T16:35:00Z", "data_pas": "2026-04-20", "satelite": "NOAA-20", "municipio": "LINHA NOVA", "estado": "RIO GRANDE DO SUL", "pais": "Brasil", "precipitacao": null, "numero_dias_sem_chuva": null, "risco_fogo": null, "bioma": "Mata Atlântica", "id_0": 33, "id_1": 43, "id_2": 4311643, "continente_id": 8, "vegetacao": null, "grade_wrs": "221_080", "frp": 34.9}, "bbox": [-51.17267, -29.45354, -51.17267, -29.45354]}, {"type": "Feature", "id": "focos_48h_br_todosats.fid--211a0569_19dad572493_bf2", "geometry": {"type": "Point", "coordinates": [-49.79816, -22.54486]}, "geometry_name": "geometria", "properties": {"id_foco_bdq": 1814852490, "foco_id": "09a66820-c31d-3800-8460-5d1f52bd4338", "longitude": -49.79816, "latitude": -22.54486, "data_hora_gmt": "2026-04-20T16:35:00Z", "data_pas": "2026-04-20", "satelite": "NOAA-20", "municipio": "SÃO PEDRO DO TURVO", "estado": "SÃO PAULO", "pais": "Brasil", "precipitacao": null, "numero_dias_sem_chuva": null, "risco_fogo": null, "bioma": "Cerrado", "id_0": 33, "id_1": 35, "id_2": 3550506, "continente_id": 8, "vegetacao": null, "grade_wrs": "221_076", "frp": 6}, "bbox": [-49.79816, -22.54486, -49.79816, -22.54486]}, {"type": "Feature", "id": "focos_48h_br_todosats.fid--211a0569_19dad572493_bf3", "geometry": {"type": "Point", "coordinates": [-49.44365, -27.73544]}, "geometry_name": "geometria", "properties": {"id_foco_bdq": 1814852953, "foco_id": "f7f64a95-5290-3184-a3f4-8d5d6a433111", "longitude": -49.44365, "latitude": -27.73544, "data_hora_gmt": "2026-04-20T16:35:00Z", "data_pas": "2026-04-20", "satelite": "NOAA-20", "municipio": "ALFREDO WAGNER", "estado": "SANTA CATARINA", "pais": "Brasil", "precipitacao": null, "numero_dias_sem_chuva": null, "risco_fogo": null, "bioma": "Mata Atlântica", "id_0": 33, "id_1": 42, "id_2": 4200705, "continente_id": 8, "vegetacao": null, "grade_wrs": "220_079", "frp": 12.3}, "bbox": [-49.44365, -27.73544, -49.44365, -27.73544]}, {"type": "Feature", "id": "focos_48h_br_todosats.fid--211a0569_19dad572493_bf4", "geometry": {"type": "Point", "coordinates": [-50.21219, -27.54637]}, "geometry_name": "geometria", "properties": {"id_foco_bdq": 1814852686, "foco_id": "8efeda90-bdbb-3672-8fa9-634f0909f8b7", "longitude": -50.21219, "latitude": -27.54637, "data_hora_gmt": "2026-04-20T16:35:00Z", "data_pas": "2026-04-20", "satelite": "NOAA-20", "municipio": "PALMEIRA", "estado": "SANTA CATARINA", "pais": "Brasil", "precipitacao": null, "numero_dias_sem_chuva": null, "risco_fogo": null, "bioma": "Mata Atlântica", "id_0": 33, "id_1": 42, "id_2": 4212056, "continente_id": 8, "vegetacao": null, "grade_wrs": "221_079", "frp": 1.5}, "bbox": [-50.21219, -27.54637, -50.21219, -27.54637]}, {"type": "Feature", "id": "focos_48h_br_todosats.fid--211a0569_19dad572493_bf5", "geometry": {"type": "Point", "coordinates": [-49.17958, -28.62507]}, "geometry_name": "geometria", "properties": {"id_foco_bdq": 1814852914, "foco_id": "22babfad-01b5-3a74-9f86-86df028525e6", "longitude": -49.17958, "latitude": -28.62507, "data_hora_gmt": "2026-04-20T16:35:00Z", "data_pas": "2026-04-20", "satelite": "NOAA-20", "municipio": "TREZE DE MAIO", "estado": "SANTA CATARINA", "pais": "Brasil", "precipitacao": null, "numero_dias_sem_chuva": null, "risco_fogo": null, "bioma": "Mata Atlântica", "id_0": 33, "id_1": 42, "id_2": 4218400, "continente_id": 8, "vegetacao": null, "grade_wrs": "220_080", "frp": 5.4}, "bbox": [-49.17958, -28.62507, -49.17958, -28.62507]}, {"type": "Feature", "id": "focos_48h_br_todosats.fid--211a0569_19dad572493_bf6", "geometry": {"type": "Point", "coordinates": [-49.18105, -28.62836]}, "geometry_name": "geometria", "properties": {"id_foco_bdq": 1814852927, "foco_id": "e520410b-ee47-36ae-8c91-bbe16e45f184", "longitude": -49.18105, "latitude": -28.62836, "data_hora_gmt": "2026-04-20T16:35:00Z", "data_pas": "2026-04-20", "satelite": "NOAA-20", "municipio": "TREZE DE MAIO", "estado": "SANTA CATARINA", "pais": "Brasil", "precipitacao": null, "numero_dias_sem_chuva": null, "risco_fogo": null, "bioma": "Mata Atlântica", "id_0": 33, "id_1": 42, "id_2": 4218400, "continente_id": 8, "vegetacao": null, "grade_wrs": "220_080", "frp": 9.7}, "bbox": [-49.18105, -28.62836, -49.18105, -28.62836]}, {"type": "Feature", "id": "focos_48h_br_todosats.fid--211a0569_19dad572493_bf7", "geometry": {"type": "Point", "coordinates": [-49.40168, -28.55681]}, "geometry_name": "geometria", "properties": {"id_foco_bdq": 1814852692, "foco_id": "a25e8c53-9ec3-31fc-b30b-c8d14e0d8cae", "longitude": -49.40168, "latitude": -28.55681, "data_hora_gmt": "2026-04-20T16:35:00Z", "data_pas": "2026-04-20", "satelite": "NOAA-20", "municipio": "SIDERÓPOLIS", "estado": "SANTA CATARINA", "pais": "Brasil", "precipitacao": null, "numero_dias_sem_chuva": null, "risco_fogo": null, "bioma": "Mata Atlântica", "id_0": 33, "id_1": 42, "id_2": 4217600, "continente_id": 8, "vegetacao": null, "grade_wrs": "220_080", "frp": 2.9}, "bbox": [-49.40168, -28.55681, -49.40168, -28.55681]}, {"type": "Feature", "id": "focos_48h_br_todosats.fid--211a0569_19dad572493_bf8", "geometry": {"type": "Point", "coordinates": [-50.80134, -28.88647]}, "geometry_name": "geometria", "properties": {"id_foco_bdq": 1814852488, "foco_id": "fda11ec0-086e-3924-bad3-3043bbd383aa", "longitude": -50.80134, "latitude": -28.88647, "data_hora_gmt": "2026-04-20T16:35:00Z", "data_pas": "2026-04-20", "satelite": "NOAA-20", "municipio": "SÃO FRANCISCO DE PAULA", "estado": "RIO GRANDE DO SUL", "pais": "Brasil", "precipitacao": null, "numero_dias_sem_chuva": null, "risco_fogo": null, "bioma": "Mata Atlântica", "id_0": 33, "id_1": 43, "id_2": 4318200, "continente_id": 8, "vegetacao": null, "grade_wrs": "221_080", "frp": 11.7}, "bbox": [-50.80134, -28.88647, -50.80134, -28.88647]}, {"type": "Feature", "id": "focos_48h_br_todosats.fid--211a0569_19dad572493_bf9", "geometry": {"type": "Point", "coordinates": [-47.5953, -22.85699]}, "geometry_name": "geometria", "properties": {"id_foco_bdq": 1814852696, "foco_id": "983b7a56-535d-39b3-827d-a9c17d740847", "longitude": -47.5953, "latitude": -22.85699, "data_hora_gmt": "2026-04-20T16:35:00Z", "data_pas": "2026-04-20", "satelite": "NOAA-20", "municipio": "RIO DAS PEDRAS", "estado": "SÃO PAULO", "pais": "Brasil", "precipitacao": null, "numero_dias_sem_chuva": null, "risco_fogo": null, "bioma": "Mata Atlântica", "id_0": 33, "id_1": 35, "id_2": 3544004, "continente_id": 8, "vegetacao": null, "grade_wrs": "220_076", "frp": 2.7}, "bbox": [-47.5953, -22.85699, -47.5953, -22.85699]}, {"type": "Feature", "id": "focos_48h_br_todosats.fid--211a0569_19dad572493_bfa", "geometry": {"type": "Point", "coordinates": [-51.25356, -28.52766]}, "geometry_name": "geometria", "properties": {"id_foco_bdq": 1814853289, "foco_id": "c9263c3f-4246-3344-939b-b04537eac22a", "longitude": -51.25356, "latitude": -28.52766, "data_hora_gmt": "2026-04-20T16:35:00Z", "data_pas": "2026-04-20", "satelite": "NOAA-20", "municipio": "MUITOS CAPÕES", "estado": "RIO GRANDE DO SUL", "pais": "Brasil", "precipitacao": null, "numero_dias_sem_chuva": null, "risco_fogo": null, "bioma": "Mata Atlântica", "id_0": 33, "id_1": 43, "id_2": 4312617, "continente_id": 8, "vegetacao": null, "grade_wrs": "221_080", "frp": 5.3}, "bbox": [-51.25356, -28.52766, -51.25356, -28.52766]}, {"type": "Feature", "id": "focos_48h_br_todosats.fid--211a0569_19dad572493_bfb", "geometry": {"type": "Point", "coordinates": [-46.41093, -21.56061]}, "geometry_name": "geometria", "properties": {"id_foco_bdq": 1814853524, "foco_id": "07bc47fa-ec0b-3c92-b38d-185c9395a5a2", "longitude": -46.41093, "latitude": -21.56061, "data_hora_gmt": "2026-04-20T16:35:00Z", "data_pas": "2026-04-20", "satelite": "NOAA-20", "municipio": "CABO VERDE", "estado": "MINAS GERAIS", "pais": "Brasil", "precipitacao": null, "numero_dias_sem_chuva": null, "risco_fogo": null, "bioma": "Mata Atlântica", "id_0": 33, "id_1": 31, "id_2": 3109501, "continente_id": 8, "vegetacao": null, "grade_wrs": "219_075", "frp": 4.5}, "bbox": [-46.41093, -21.56061, -46.41093, -21.56061]}, {"type": "Feature", "id": "focos_48h_br_todosats.fid--211a0569_19dad572493_bfc", "geometry": {"type": "Point", "coordinates": [-49.1954, -24.23708]}, "geometry_name": "geometria", "properties": {"id_foco_bdq": 1814853507, "foco_id": "d81956d8-bd52-35e1-8a8e-b155a0dbc38a", "longitude": -49.1954, "latitude": -24.23708, "data_hora_gmt": "2026-04-20T16:35:00Z", "data_pas": "2026-04-20", "satelite": "NOAA-20", "municipio": "ITARARÉ", "estado": "SÃO PAULO", "pais": "Brasil", "precipitacao": null, "numero_dias_sem_chuva": null, "risco_fogo": null, "bioma": "Cerrado", "id_0": 33, "id_1": 35, "id_2": 3523206, "continente_id": 8, "vegetacao": null, "grade_wrs": "221_077", "frp": 7.7}, "bbox": [-49.1954, -24.23708, -49.1954, -24.23708]}, {"type": "Feature", "id": "focos_48h_br_todosats.fid--211a0569_19dad572493_bfd", "geometry": {"type": "Point", "coordinates": [-50.64068, -29.39737]}, "geometry_name": "geometria", "properties": {"id_foco_bdq": 1814853508, "foco_id": "e53f23dc-ba5e-3f4f-a9e3-5375c78044f6", "longitude": -50.64068, "latitude": -29.39737, "data_hora_gmt": "2026-04-20T16:35:00Z", "data_pas": "2026-04-20", "satelite": "NOAA-20", "municipio": "SÃO FRANCISCO DE PAULA", "estado": "RIO GRANDE DO SUL", "pais": "Brasil", "precipitacao": null, "numero_dias_sem_chuva": null, "risco_fogo": null, "bioma": "Mata Atlântica", "id_0": 33, "id_1": 43, "id_2": 4318200, "continente_id": 8, "vegetacao": null, "grade_wrs": "221_080", "frp": 4.9}, "bbox": [-50.64068, -29.39737, -50.64068, -29.39737]}, {"type": "Feature", "id": "focos_48h_br_todosats.fid--211a0569_19dad572493_bfe", "geometry": {"type": "Point", "coordinates": [-50.56494, -27.50169]}, "geometry_name": "geometria", "properties": {"id_foco_bdq": 1814853371, "foco_id": "57797011-af65-3499-94e0-0760333b30c5", "longitude": -50.56494, "latitude": -27.50169, "data_hora_gmt": "2026-04-20T16:35:00Z", "data_pas": "2026-04-20", "satelite": "NOAA-20", "municipio": "CURITIBANOS", "estado": "SANTA CATARINA", "pais": "Brasil", "precipitacao": null, "numero_dias_sem_chuva": null, "risco_fogo": null, "bioma": "Mata Atlântica", "id_0": 33, "id_1": 42, "id_2": 4204806, "continente_id": 8, "vegetacao": null, "grade_wrs": "221_079", "frp": 12.1}, "bbox": [-50.56494, -27.50169, -50.56494, -27.50169]}, {"type": "Feature", "id": "focos_48h_br_todosats.fid--211a0569_19dad572493_bff", "geometry": {"type": "Point", "coordinates": [-43.5319, -22.86087]}, "geometry_name": "geometria", "properties": {"id_foco_bdq": 1814852462, "foco_id": "333c7533-5732-346b-950b-1dbe957e784c", "longitude": -43.5319, "latitude": -22.86087, "data_hora_gmt": "2026-04-20T16:35:00Z", "data_pas": "2026-04-20", "satelite": "NOAA-20", "municipio": "RIO DE JANEIRO", "estado": "RIO DE JANEIRO", "pais": "Brasil", "precipitacao": null, "numero_dias_sem_chuva": null, "risco_fogo": null, "bioma": "Mata Atlântica", "id_0": 33, "id_1": 33, "id_2": 3304557, "continente_id": 8, "vegetacao": null, "grade_wrs": "217_076", "frp": 2.9}, "bbox": [-43.5319, -22.86087, -43.5319, -22.86087]}, {"type": "Feature", "id": "focos_48h_br_todosats.fid--211a0569_19dad572493_c00", "geometry": {"type": "Point", "coordinates": [-49.04929, -28.18876]}, "geometry_name": "geometria", "properties": {"id_foco_bdq": 1814852440, "foco_id": "2d864b5d-70d0-3bb8-84cb-3c9a5b1d97d3", "longitude": -49.04929, "latitude": -28.18876, "data_hora_gmt": "2026-04-20T16:35:00Z", "data_pas": "2026-04-20", "satelite": "NOAA-20", "municipio": "ARMAZÉM", "estado": "SANTA CATARINA", "pais": "Brasil", "precipitacao": null, "numero_dias_sem_chuva": null, "risco_fogo": null, "bioma": "Mata Atlântica", "id_0": 33, "id_1": 42, "id_2": 4201505, "continente_id": 8, "vegetacao": null, "grade_wrs": "220_080", "frp": 13.9}, "bbox": [-49.04929, -28.18876, -49.04929, -28.18876]}, {"type": "Feature", "id": "focos_48h_br_todosats.fid--211a0569_19dad572493_c01", "geometry": {"type": "Point", "coordinates": [-48.89047, -23.97781]}, "geometry_name": "geometria", "properties": {"id_foco_bdq": 1814852198, "foco_id": "e8de70ee-4807-3765-8783-abc339839f6d", "longitude": -48.89047, "latitude": -23.97781, "data_hora_gmt": "2026-04-20T16:35:00Z", "data_pas": "2026-04-20", "satelite": "NOAA-20", "municipio": "ITAPEVA", "estado": "SÃO PAULO", "pais": "Brasil", "precipitacao": null, "numero_dias_sem_chuva": null, "risco_fogo": null, "bioma": "Cerrado", "id_0": 33, "id_1": 35, "id_2": 3522406, "continente_id": 8, "vegetacao": null, "grade_wrs": "220_077", "frp": 3}, "bbox": [-48.89047, -23.97781, -48.89047, -23.97781]}, {"type": "Feature", "id": "focos_48h_br_todosats.fid--211a0569_19dad572493_c02", "geometry": {"type": "Point", "coordinates": [-47.58927, -22.8639]}, "geometry_name": "geometria", "properties": {"id_foco_bdq": 1814852427, "foco_id": "4c9151f9-2697-312b-be81-c0c262128b2b", "longitude": -47.58927, "latitude": -22.8639, "data_hora_gmt": "2026-04-20T16:35:00Z", "data_pas": "2026-04-20", "satelite": "NOAA-20", "municipio": "RIO DAS PEDRAS", "estado": "SÃO PAULO", "pais": "Brasil", "precipitacao": null, "numero_dias_sem_chuva": null, "risco_fogo": null, "bioma": "Mata Atlântica", "id_0": 33, "id_1": 35, "id_2": 3544004, "continente_id": 8, "vegetacao": null, "grade_wrs": "220_076", "frp": 5.4}, "bbox": [-47.58927, -22.8639, -47.58927, -22.8639]}, {"type": "Feature", "id": "focos_48h_br_todosats.fid--211a0569_19dad572493_c03", "geometry": {"type": "Point", "coordinates": [-43.47523, -14.38351]}, "geometry_name": "geometria", "properties": {"id_foco_bdq": 1814853462, "foco_id": "9ee64c15-17aa-369e-b545-a50387efbf17", "longitude": -43.47523, "latitude": -14.38351, "data_hora_gmt": "2026-04-20T16:37:00Z", "data_pas": "2026-04-20", "satelite": "NOAA-20", "municipio": "IUIU", "estado": "BAHIA", "pais": "Brasil", "precipitacao": null, "numero_dias_sem_chuva": null, "risco_fogo": null, "bioma": "Cerrado", "id_0": 33, "id_1": 29, "id_2": 2917334, "continente_id": 8, "vegetacao": null, "grade_wrs": "218_070", "frp": 5.9}, "bbox": [-43.47523, -14.38351, -43.47523, -14.38351]}, {"type": "Feature", "id": "focos_48h_br_todosats.fid--211a0569_19dad572493_c04", "geometry": {"type": "Point", "coordinates": [-49.33841, -25.10163]}, "geometry_name": "geometria", "properties": {"id_foco_bdq": 1814852176, "foco_id": "5c1bd873-19f3-3746-b622-29c70cf23029", "longitude": -49.33841, "latitude": -25.10163, "data_hora_gmt": "2026-04-20T16:37:00Z", "data_pas": "2026-04-20", "satelite": "NOAA-20", "municipio": "RIO BRANCO DO SUL", "estado": "PARANÁ", "pais": "Brasil", "precipitacao": null, "numero_dias_sem_chuva": null, "risco_fogo": null, "bioma": "Mata Atlântica", "id_0": 33, "id_1": 41, "id_2": 4122206, "continente_id": 8, "vegetacao": null, "grade_wrs": "221_077", "frp": 7.1}, "bbox": [-49.33841, -25.10163, -49.33841, -25.10163]}, {"type": "Feature", "id": "focos_48h_br_todosats.fid--211a0569_19dad572493_c05", "geometry": {"type": "Point", "coordinates": [-39.76607, -16.09037]}, "geometry_name": "geometria", "properties": {"id_foco_bdq": 1814852177, "foco_id": "58343541-0722-3d6b-8cd4-cd9efbcfe480", "longitude": -39.76607, "latitude": -16.09037, "data_hora_gmt": "2026-04-20T16:37:00Z", "data_pas": "2026-04-20", "satelite": "NOAA-20", "municipio": "ITAGIMIRIM", "estado": "BAHIA", "pais": "Brasil", "precipitacao": null, "numero_dias_sem_chuva": null, "risco_fogo": null, "bioma": "Mata Atlântica", "id_0": 33, "id_1": 29, "id_2": 2915304, "continente_id": 8, "vegetacao": null, "grade_wrs": "216_071", "frp": 7.9}, "bbox": [-39.76607, -16.09037, -39.76607, -16.09037]}, {"type": "Feature", "id": "focos_48h_br_todosats.fid--211a0569_19dad572493_c06", "geometry": {"type": "Point", "coordinates": [-47.87064, -15.81027]}, "geometry_name": "geometria", "properties": {"id_foco_bdq": 1814852178, "foco_id": "420716f7-017a-32ae-b026-ca135706a738", "longitude": -47.87064, "latitude": -15.81027, "data_hora_gmt": "2026-04-20T16:37:00Z", "data_pas": "2026-04-20", "satelite": "NOAA-20", "municipio": "BRASÍLIA", "estado": "DISTRITO FEDERAL", "pais": "Brasil", "precipitacao": null, "numero_dias_sem_chuva": null, "risco_fogo": null, "bioma": "Cerrado", "id_0": 33, "id_1": 53, "id_2": 5300108, "continente_id": 8, "vegetacao": null, "grade_wrs": "221_071", "frp": 2.5}, "bbox": [-47.87064, -15.81027, -47.87064, -15.81027]}, {"type": "Feature", "id": "focos_48h_br_todosats.fid--211a0569_19dad572493_c07", "geometry": {"type": "Point", "coordinates": [-39.32596, -12.66539]}, "geometry_name": "geometria", "properties": {"id_foco_bdq": 1814852191, "foco_id": "0426b109-c118-3744-befe-cbcaa445b8c0", "longitude": -39.32596, "latitude": -12.66539, "data_hora_gmt": "2026-04-20T16:37:00Z", "data_pas": "2026-04-20", "satelite": "NOAA-20", "municipio": "CASTRO ALVES", "estado": "BAHIA", "pais": "Brasil", "precipitacao": null, "numero_dias_sem_chuva": null, "risco_fogo": null, "bioma": "Mata Atlântica", "id_0": 33, "id_1": 29, "id_2": 2907301, "continente_id": 8, "vegetacao": null, "grade_wrs": "216_069", "frp": 6.3}, "bbox": [-39.32596, -12.66539, -39.32596, -12.66539]}, {"type": "Feature", "id": "focos_48h_br_todosats.fid--211a0569_19dad572493_c08", "geometry": {"type": "Point", "coordinates": [-44.67104, -17.59447]}, "geometry_name": "geometria", "properties": {"id_foco_bdq": 1814852205, "foco_id": "ad9a047e-ce9f-34d3-be2e-088af2cfa647", "longitude": -44.67104, "latitude": -17.59447, "data_hora_gmt": "2026-04-20T16:37:00Z", "data_pas": "2026-04-20", "satelite": "NOAA-20", "municipio": "VÁRZEA DA PALMA", "estado": "MINAS GERAIS", "pais": "Brasil", "precipitacao": null, "numero_dias_sem_chuva": null, "risco_fogo": null, "bioma": "Cerrado", "id_0": 33, "id_1": 31, "id_2": 3170800, "continente_id": 8, "vegetacao": null, "grade_wrs": "219_072", "frp": 2.6}, "bbox": [-44.67104, -17.59447, -44.67104, -17.59447]}, {"type": "Feature", "id": "focos_48h_br_todosats.fid--211a0569_19dad572493_c09", "geometry": {"type": "Point", "coordinates": [-39.63099, -12.92804]}, "geometry_name": "geometria", "properties": {"id_foco_bdq": 1814852206, "foco_id": "6164c864-179e-3810-a448-cc0f5f4cdd8c", "longitude": -39.63099, "latitude": -12.92804, "data_hora_gmt": "2026-04-20T16:37:00Z", "data_pas": "2026-04-20", "satelite": "NOAA-20", "municipio": "SANTA TEREZINHA", "estado": "BAHIA", "pais": "Brasil", "precipitacao": null, "numero_dias_sem_chuva": null, "risco_fogo": null, "bioma": "Mata Atlântica", "id_0": 33, "id_1": 29, "id_2": 2928505, "continente_id": 8, "vegetacao": null, "grade_wrs": "216_069", "frp": 6.9}, "bbox": [-39.63099, -12.92804, -39.63099, -12.92804]}, {"type": "Feature", "id": "focos_48h_br_todosats.fid--211a0569_19dad572493_c0a", "geometry": {"type": "Point", "coordinates": [-50.51063, -26.94093]}, "geometry_name": "geometria", "properties": {"id_foco_bdq": 1814852208, "foco_id": "588b16a2-add3-3dcb-ae80-38f9c1e51a5a", "longitude": -50.51063, "latitude": -26.94093, "data_hora_gmt": "2026-04-20T16:37:00Z", "data_pas": "2026-04-20", "satelite": "NOAA-20", "municipio": "SANTA CECÍLIA", "estado": "SANTA CATARINA", "pais": "Brasil", "precipitacao": null, "numero_dias_sem_chuva": null, "risco_fogo": null, "bioma": "Mata Atlântica", "id_0": 33, "id_1": 42, "id_2": 4215505, "continente_id": 8, "vegetacao": null, "grade_wrs": "221_079", "frp": 6.6}, "bbox": [-50.51063, -26.94093, -50.51063, -26.94093]}, {"type": "Feature", "id": "focos_48h_br_todosats.fid--211a0569_19dad572493_c0b", "geometry": {"type": "Point", "coordinates": [-50.75778, -25.03983]}, "geometry_name": "geometria", "properties": {"id_foco_bdq": 1814852223, "foco_id": "5dacc9cf-090f-30d6-98a2-a7db1d7c915c", "longitude": -50.75778, "latitude": -25.03983, "data_hora_gmt": "2026-04-20T16:37:00Z", "data_pas": "2026-04-20", "satelite": "NOAA-20", "municipio": "IVAÍ", "estado": "PARANÁ", "pais": "Brasil", "precipitacao": null, "numero_dias_sem_chuva": null, "risco_fogo": null, "bioma": "Mata Atlântica", "id_0": 33, "id_1": 41, "id_2": 4111407, "continente_id": 8, "vegetacao": null, "grade_wrs": "221_077", "frp": 4.2}, "bbox": [-50.75778, -25.03983, -50.75778, -25.03983]}, {"type": "Feature", "id": "focos_48h_br_todosats.fid--211a0569_19dad572493_c0c", "geometry": {"type": "Point", "coordinates": [-40.06292, -19.59472]}, "geometry_name": "geometria", "properties": {"id_foco_bdq": 1814852244, "foco_id": "aadde365-0c94-3b40-a13e-bc48d3d2737d", "longitude": -40.06292, "latitude": -19.59472, "data_hora_gmt": "2026-04-20T16:37:00Z", "data_pas": "2026-04-20", "satelite": "NOAA-20", "municipio": "ARACRUZ", "estado": "ESPÍRITO SANTO", "pais": "Brasil", "precipitacao": null, "numero_dias_sem_chuva": null, "risco_fogo": null, "bioma": "Mata Atlântica", "id_0": 33, "id_1": 32, "id_2": 3200607, "continente_id": 8, "vegetacao": null, "grade_wrs": "215_074", "frp": 6.2}, "bbox": [-40.06292, -19.59472, -40.06292, -19.59472]}, {"type": "Feature", "id": "focos_48h_br_todosats.fid--211a0569_19dad572493_c0d", "geometry": {"type": "Point", "coordinates": [-50.60452, -27.16699]}, "geometry_name": "geometria", "properties": {"id_foco_bdq": 1814852251, "foco_id": "0ff6a183-c1d6-34e1-b4d4-0d05bdd52bf6", "longitude": -50.60452, "latitude": -27.16699, "data_hora_gmt": "2026-04-20T16:37:00Z", "data_pas": "2026-04-20", "satelite": "NOAA-20", "municipio": "PONTE ALTA DO NORTE", "estado": "SANTA CATARINA", "pais": "Brasil", "precipitacao": null, "numero_dias_sem_chuva": null, "risco_fogo": null, "bioma": "Mata Atlântica", "id_0": 33, "id_1": 42, "id_2": 4213351, "continente_id": 8, "vegetacao": null, "grade_wrs": "221_079", "frp": 19.5}, "bbox": [-50.60452, -27.16699, -50.60452, -27.16699]}, {"type": "Feature", "id": "focos_48h_br_todosats.fid--211a0569_19dad572493_c0e", "geometry": {"type": "Point", "coordinates": [-45.13289, -18.63058]}, "geometry_name": "geometria", "properties": {"id_foco_bdq": 1814852269, "foco_id": "a306b8db-4245-3ee5-b086-ce41428ea81c", "longitude": -45.13289, "latitude": -18.63058, "data_hora_gmt": "2026-04-20T16:37:00Z", "data_pas": "2026-04-20", "satelite": "NOAA-20", "municipio": "FELIXLÂNDIA", "estado": "MINAS GERAIS", "pais": "Brasil", "precipitacao": null, "numero_dias_sem_chuva": null, "risco_fogo": null, "bioma": "Cerrado", "id_0": 33, "id_1": 31, "id_2": 3125705, "continente_id": 8, "vegetacao": null, "grade_wrs": "219_073", "frp": 6.7}, "bbox": [-45.13289, -18.63058, -45.13289, -18.63058]}, {"type": "Feature", "id": "focos_48h_br_todosats.fid--211a0569_19dad572493_c0f", "geometry": {"type": "Point", "coordinates": [-39.74598, -13.23001]}, "geometry_name": "geometria", "properties": {"id_foco_bdq": 1814852276, "foco_id": "5e2a9690-2b12-362f-ad37-167e4458b1e9", "longitude": -39.74598, "latitude": -13.23001, "data_hora_gmt": "2026-04-20T16:37:00Z", "data_pas": "2026-04-20", "satelite": "NOAA-20", "municipio": "UBAÍRA", "estado": "BAHIA", "pais": "Brasil", "precipitacao": null, "numero_dias_sem_chuva": null, "risco_fogo": null, "bioma": "Mata Atlântica", "id_0": 33, "id_1": 29, "id_2": 2932101, "continente_id": 8, "vegetacao": null, "grade_wrs": "216_069", "frp": 7.4}, "bbox": [-39.74598, -13.23001, -39.74598, -13.23001]}, {"type": "Feature", "id": "focos_48h_br_todosats.fid--211a0569_19dad572493_c10", "geometry": {"type": "Point", "coordinates": [-40.25769, -12.64297]}, "geometry_name": "geometria", "properties": {"id_foco_bdq": 1814852278, "foco_id": "ce99748c-5172-38bd-8c92-2996d6932050", "longitude": -40.25769, "latitude": -12.64297, "data_hora_gmt": "2026-04-20T16:37:00Z", "data_pas": "2026-04-20", "satelite": "NOAA-20", "municipio": "ITABERABA", "estado": "BAHIA", "pais": "Brasil", "precipitacao": null, "numero_dias_sem_chuva": null, "risco_fogo": null, "bioma": "Caatinga", "id_0": 33, "id_1": 29, "id_2": 2914703, "continente_id": 8, "vegetacao": null, "grade_wrs": "216_069", "frp": 5.5}, "bbox": [-40.25769, -12.64297, -40.25769, -12.64297]}, {"type": "Feature", "id": "focos_48h_br_todosats.fid--211a0569_19dad572493_c11", "geometry": {"type": "Point", "coordinates": [-47.54405, -13.49441]}, "geometry_name": "geometria", "properties": {"id_foco_bdq": 1814852287, "foco_id": "f07f022d-38f8-3946-a2e6-516464af2a83", "longitude": -47.54405, "latitude": -13.49441, "data_hora_gmt": "2026-04-20T16:37:00Z", "data_pas": "2026-04-20", "satelite": "NOAA-20", "municipio": "CAVALCANTE", "estado": "GOIÁS", "pais": "Brasil", "precipitacao": null, "numero_dias_sem_chuva": null, "risco_fogo": null, "bioma": "Cerrado", "id_0": 33, "id_1": 52, "id_2": 5205307, "continente_id": 8, "vegetacao": null, "grade_wrs": "221_069", "frp": 5.5}, "bbox": [-47.54405, -13.49441, -47.54405, -13.49441]}, {"type": "Feature", "id": "focos_48h_br_todosats.fid--211a0569_19dad572493_c12", "geometry": {"type": "Point", "coordinates": [-45.34593, -13.95274]}, "geometry_name": "geometria", "properties": {"id_foco_bdq": 1814852289, "foco_id": "a01f236d-d5ff-32a6-8dc1-7e1e8dd00b9b", "longitude": -45.34593, "latitude": -13.95274, "data_hora_gmt": "2026-04-20T16:37:00Z", "data_pas": "2026-04-20", "satelite": "NOAA-20", "municipio": "JABORANDI", "estado": "BAHIA", "pais": "Brasil", "precipitacao": null, "numero_dias_sem_chuva": null, "risco_fogo": null, "bioma": "Cerrado", "id_0": 33, "id_1": 29, "id_2": 2917359, "continente_id": 8, "vegetacao": null, "grade_wrs": "220_070", "frp": 13.9}, "bbox": [-45.34593, -13.95274, -45.34593, -13.95274]}, {"type": "Feature", "id": "focos_48h_br_todosats.fid--211a0569_19dad572493_c13", "geometry": {"type": "Point", "coordinates": [-39.6814, -13.83557]}, "geometry_name": "geometria", "properties": {"id_foco_bdq": 1814852291, "foco_id": "68aa175d-9059-3ec9-b482-ac917e3ad2c6", "longitude": -39.6814, "latitude": -13.83557, "data_hora_gmt": "2026-04-20T16:37:00Z", "data_pas": "2026-04-20", "satelite": "NOAA-20", "municipio": "ITAMARI", "estado": "BAHIA", "pais": "Brasil", "precipitacao": null, "numero_dias_sem_chuva": null, "risco_fogo": null, "bioma": "Mata Atlântica", "id_0": 33, "id_1": 29, "id_2": 2915700, "continente_id": 8, "vegetacao": null, "grade_wrs": "216_070", "frp": 7.4}, "bbox": [-39.6814, -13.83557, -39.6814, -13.83557]}, {"type": "Feature", "id": "focos_48h_br_todosats.fid--211a0569_19dad572493_c14", "geometry": {"type": "Point", "coordinates": [-44.51287, -17.22087]}, "geometry_name": "geometria", "properties": {"id_foco_bdq": 1814852304, "foco_id": "787bb308-084c-3a10-a4f3-0cf79b8cc798", "longitude": -44.51287, "latitude": -17.22087, "data_hora_gmt": "2026-04-20T16:37:00Z", "data_pas": "2026-04-20", "satelite": "NOAA-20", "municipio": "JEQUITAÍ", "estado": "MINAS GERAIS", "pais": "Brasil", "precipitacao": null, "numero_dias_sem_chuva": null, "risco_fogo": null, "bioma": "Cerrado", "id_0": 33, "id_1": 31, "id_2": 3135605, "continente_id": 8, "vegetacao": null, "grade_wrs": "219_072", "frp": 1.6}, "bbox": [-44.51287, -17.22087, -44.51287, -17.22087]}, {"type": "Feature", "id": "focos_48h_br_todosats.fid--211a0569_19dad572493_c15", "geometry": {"type": "Point", "coordinates": [-51.46709, -27.35097]}, "geometry_name": "geometria", "properties": {"id_foco_bdq": 1814852312, "foco_id": "db095fa8-ba1a-309c-91e5-8cd15a5d016e", "longitude": -51.46709, "latitude": -27.35097, "data_hora_gmt": "2026-04-20T16:37:00Z", "data_pas": "2026-04-20", "satelite": "NOAA-20", "municipio": "CAMPOS NOVOS", "estado": "SANTA CATARINA", "pais": "Brasil", "precipitacao": null, "numero_dias_sem_chuva": null, "risco_fogo": null, "bioma": "Mata Atlântica", "id_0": 33, "id_1": 42, "id_2": 4203600, "continente_id": 8, "vegetacao": null, "grade_wrs": "222_079", "frp": 38.1}, "bbox": [-51.46709, -27.35097, -51.46709, -27.35097]}, {"type": "Feature", "id": "focos_48h_br_todosats.fid--211a0569_19dad572493_c16", "geometry": {"type": "Point", "coordinates": [-46.83341, -17.16821]}, "geometry_name": "geometria", "properties": {"id_foco_bdq": 1814852314, "foco_id": "31696546-7405-3102-a3dc-10a7b4180537", "longitude": -46.83341, "latitude": -17.16821, "data_hora_gmt": "2026-04-20T16:37:00Z", "data_pas": "2026-04-20", "satelite": "NOAA-20", "municipio": "PARACATU", "estado": "MINAS GERAIS", "pais": "Brasil", "precipitacao": null, "numero_dias_sem_chuva": null, "risco_fogo": null, "bioma": "Cerrado", "id_0": 33, "id_1": 31, "id_2": 3147006, "continente_id": 8, "vegetacao": null, "grade_wrs": "220_072", "frp": 21.5}, "bbox": [-46.83341, -17.16821, -46.83341, -17.16821]}, {"type": "Feature", "id": "focos_48h_br_todosats.fid--211a0569_19dad572493_c17", "geometry": {"type": "Point", "coordinates": [-47.21519, -20.07892]}, "geometry_name": "geometria", "properties": {"id_foco_bdq": 1814852317, "foco_id": "f7c8e7bb-2f1e-331f-a27a-8c10487a6983", "longitude": -47.21519, "latitude": -20.07892, "data_hora_gmt": "2026-04-20T16:37:00Z", "data_pas": "2026-04-20", "satelite": "NOAA-20", "municipio": "SACRAMENTO", "estado": "MINAS GERAIS", "pais": "Brasil", "precipitacao": null, "numero_dias_sem_chuva": null, "risco_fogo": null, "bioma": "Cerrado", "id_0": 33, "id_1": 31, "id_2": 3156908, "continente_id": 8, "vegetacao": null, "grade_wrs": "220_074", "frp": 22.7}, "bbox": [-47.21519, -20.07892, -47.21519, -20.07892]}, {"type": "Feature", "id": "focos_48h_br_todosats.fid--211a0569_19dad572493_c18", "geometry": {"type": "Point", "coordinates": [-50.10548, -26.89778]}, "geometry_name": "geometria", "properties": {"id_foco_bdq": 1814852318, "foco_id": "93c4b112-e25e-3800-ae05-172b1eb96d35", "longitude": -50.10548, "latitude": -26.89778, "data_hora_gmt": "2026-04-20T16:37:00Z", "data_pas": "2026-04-20", "satelite": "NOAA-20", "municipio": "RIO DO CAMPO", "estado": "SANTA CATARINA", "pais": "Brasil", "precipitacao": null, "numero_dias_sem_chuva": null, "risco_fogo": null, "bioma": "Mata Atlântica", "id_0": 33, "id_1": 42, "id_2": 4214508, "continente_id": 8, "vegetacao": null, "grade_wrs": "221_079", "frp": 6}, "bbox": [-50.10548, -26.89778, -50.10548, -26.89778]}, {"type": "Feature", "id": "focos_48h_br_todosats.fid--211a0569_19dad572493_c19", "geometry": {"type": "Point", "coordinates": [-47.39698, -15.7154]}, "geometry_name": "geometria", "properties": {"id_foco_bdq": 1814852336, "foco_id": "e9749053-11e2-3cb8-b325-dcbea8e5b55a", "longitude": -47.39698, "latitude": -15.7154, "data_hora_gmt": "2026-04-20T16:37:00Z", "data_pas": "2026-04-20", "satelite": "NOAA-20", "municipio": "BRASÍLIA", "estado": "DISTRITO FEDERAL", "pais": "Brasil", "precipitacao": null, "numero_dias_sem_chuva": null, "risco_fogo": null, "bioma": "Cerrado", "id_0": 33, "id_1": 53, "id_2": 5300108, "continente_id": 8, "vegetacao": null, "grade_wrs": "221_071", "frp": 2.8}, "bbox": [-47.39698, -15.7154, -47.39698, -15.7154]}, {"type": "Feature", "id": "focos_48h_br_todosats.fid--211a0569_19dad572493_c1a", "geometry": {"type": "Point", "coordinates": [-47.51445, -14.16796]}, "geometry_name": "geometria", "properties": {"id_foco_bdq": 1814852358, "foco_id": "75f49426-6043-38db-81d9-11ba20f89e47", "longitude": -47.51445, "latitude": -14.16796, "data_hora_gmt": "2026-04-20T16:37:00Z", "data_pas": "2026-04-20", "satelite": "NOAA-20", "municipio": "ALTO PARAÍSO DE GOIÁS", "estado": "GOIÁS", "pais": "Brasil", "precipitacao": null, "numero_dias_sem_chuva": null, "risco_fogo": null, "bioma": "Cerrado", "id_0": 33, "id_1": 52, "id_2": 5200605, "continente_id": 8, "vegetacao": null, "grade_wrs": "221_070", "frp": 3}, "bbox": [-47.51445, -14.16796, -47.51445, -14.16796]}, {"type": "Feature", "id": "focos_48h_br_todosats.fid--211a0569_19dad572493_c1b", "geometry": {"type": "Point", "coordinates": [-47.51776, -14.17194]}, "geometry_name": "geometria", "properties": {"id_foco_bdq": 1814852365, "foco_id": "19313605-cb58-3a4f-afc6-8e1dcfa57599", "longitude": -47.51776, "latitude": -14.17194, "data_hora_gmt": "2026-04-20T16:37:00Z", "data_pas": "2026-04-20", "satelite": "NOAA-20", "municipio": "ALTO PARAÍSO DE GOIÁS", "estado": "GOIÁS", "pais": "Brasil", "precipitacao": null, "numero_dias_sem_chuva": null, "risco_fogo": null, "bioma": "Cerrado", "id_0": 33, "id_1": 52, "id_2": 5200605, "continente_id": 8, "vegetacao": null, "grade_wrs": "221_070", "frp": 2.8}, "bbox": [-47.51776, -14.17194, -47.51776, -14.17194]}, {"type": "Feature", "id": "focos_48h_br_todosats.fid--211a0569_19dad572493_c1c", "geometry": {"type": "Point", "coordinates": [-51.45708, -27.34924]}, "geometry_name": "geometria", "properties": {"id_foco_bdq": 1814852368, "foco_id": "2ef29ad0-d9cd-394f-b381-e05c809fd17a", "longitude": -51.45708, "latitude": -27.34924, "data_hora_gmt": "2026-04-20T16:37:00Z", "data_pas": "2026-04-20", "satelite": "NOAA-20", "municipio": "CAMPOS NOVOS", "estado": "SANTA CATARINA", "pais": "Brasil", "precipitacao": null, "numero_dias_sem_chuva": null, "risco_fogo": null, "bioma": "Mata Atlântica", "id_0": 33, "id_1": 42, "id_2": 4203600, "continente_id": 8, "vegetacao": null, "grade_wrs": "222_079", "frp": 35.8}, "bbox": [-51.45708, -27.34924, -51.45708, -27.34924]}, {"type": "Feature", "id": "focos_48h_br_todosats.fid--211a0569_19dad572493_c1d", "geometry": {"type": "Point", "coordinates": [-39.75797, -16.09312]}, "geometry_name": "geometria", "properties": {"id_foco_bdq": 1814852379, "foco_id": "5cf2fb77-c6b9-3a6a-9e9b-87eaf058f0fe", "longitude": -39.75797, "latitude": -16.09312, "data_hora_gmt": "2026-04-20T16:37:00Z", "data_pas": "2026-04-20", "satelite": "NOAA-20", "municipio": "ITAGIMIRIM", "estado": "BAHIA", "pais": "Brasil", "precipitacao": null, "numero_dias_sem_chuva": null, "risco_fogo": null, "bioma": "Mata Atlântica", "id_0": 33, "id_1": 29, "id_2": 2915304, "continente_id": 8, "vegetacao": null, "grade_wrs": "216_071", "frp": 3.4}, "bbox": [-39.75797, -16.09312, -39.75797, -16.09312]}, {"type": "Feature", "id": "focos_48h_br_todosats.fid--211a0569_19dad572493_c1e", "geometry": {"type": "Point", "coordinates": [-42.85546, -18.32019]}, "geometry_name": "geometria", "properties": {"id_foco_bdq": 1814852385, "foco_id": "531c40cf-6a54-35ef-a4fe-8b682885568a", "longitude": -42.85546, "latitude": -18.32019, "data_hora_gmt": "2026-04-20T16:37:00Z", "data_pas": "2026-04-20", "satelite": "NOAA-20", "municipio": "COLUNA", "estado": "MINAS GERAIS", "pais": "Brasil", "precipitacao": null, "numero_dias_sem_chuva": null, "risco_fogo": null, "bioma": "Mata Atlântica", "id_0": 33, "id_1": 31, "id_2": 3116803, "continente_id": 8, "vegetacao": null, "grade_wrs": "217_073", "frp": 4.9}, "bbox": [-42.85546, -18.32019, -42.85546, -18.32019]}, {"type": "Feature", "id": "focos_48h_br_todosats.fid--211a0569_19dad572493_c1f", "geometry": {"type": "Point", "coordinates": [-39.15544, -13.28727]}, "geometry_name": "geometria", "properties": {"id_foco_bdq": 1814852387, "foco_id": "6da88533-dcef-3c5a-adee-35d2ec79ed75", "longitude": -39.15544, "latitude": -13.28727, "data_hora_gmt": "2026-04-20T16:37:00Z", "data_pas": "2026-04-20", "satelite": "NOAA-20", "municipio": "VALENÇA", "estado": "BAHIA", "pais": "Brasil", "precipitacao": null, "numero_dias_sem_chuva": null, "risco_fogo": null, "bioma": "Mata Atlântica", "id_0": 33, "id_1": 29, "id_2": 2932903, "continente_id": 8, "vegetacao": null, "grade_wrs": "216_069", "frp": 5.3}, "bbox": [-39.15544, -13.28727, -39.15544, -13.28727]}, {"type": "Feature", "id": "focos_48h_br_todosats.fid--211a0569_19dad572493_c20", "geometry": {"type": "Point", "coordinates": [-51.25777, -26.75055]}, "geometry_name": "geometria", "properties": {"id_foco_bdq": 1814852392, "foco_id": "bb504443-7f79-30c0-810f-9d6791fe1f1d", "longitude": -51.25777, "latitude": -26.75055, "data_hora_gmt": "2026-04-20T16:37:00Z", "data_pas": "2026-04-20", "satelite": "NOAA-20", "municipio": "CAÇADOR", "estado": "SANTA CATARINA", "pais": "Brasil", "precipitacao": null, "numero_dias_sem_chuva": null, "risco_fogo": null, "bioma": "Mata Atlântica", "id_0": 33, "id_1": 42, "id_2": 4203006, "continente_id": 8, "vegetacao": null, "grade_wrs": "221_079", "frp": 9.7}, "bbox": [-51.25777, -26.75055, -51.25777, -26.75055]}, {"type": "Feature", "id": "focos_48h_br_todosats.fid--211a0569_19dad572493_c21", "geometry": {"type": "Point", "coordinates": [-50.33185, -26.425]}, "geometry_name": "geometria", "properties": {"id_foco_bdq": 1814852399, "foco_id": "23307baf-4b6f-3106-a6c3-37c0b6539479", "longitude": -50.33185, "latitude": -26.425, "data_hora_gmt": "2026-04-20T16:37:00Z", "data_pas": "2026-04-20", "satelite": "NOAA-20", "municipio": "MAJOR VIEIRA", "estado": "SANTA CATARINA", "pais": "Brasil", "precipitacao": null, "numero_dias_sem_chuva": null, "risco_fogo": null, "bioma": "Mata Atlântica", "id_0": 33, "id_1": 42, "id_2": 4210308, "continente_id": 8, "vegetacao": null, "grade_wrs": "221_078", "frp": 9.5}, "bbox": [-50.33185, -26.425, -50.33185, -26.425]}, {"type": "Feature", "id": "focos_48h_br_todosats.fid--211a0569_19dad572493_c22", "geometry": {"type": "Point", "coordinates": [-39.23808, -14.56032]}, "geometry_name": "geometria", "properties": {"id_foco_bdq": 1814852401, "foco_id": "82410b37-e15d-3c92-9845-3fb9db490bbd", "longitude": -39.23808, "latitude": -14.56032, "data_hora_gmt": "2026-04-20T16:37:00Z", "data_pas": "2026-04-20", "satelite": "NOAA-20", "municipio": "URUÇUCA", "estado": "BAHIA", "pais": "Brasil", "precipitacao": null, "numero_dias_sem_chuva": null, "risco_fogo": null, "bioma": "Mata Atlântica", "id_0": 33, "id_1": 29, "id_2": 2932705, "continente_id": 8, "vegetacao": null, "grade_wrs": "216_070", "frp": 4.4}, "bbox": [-39.23808, -14.56032, -39.23808, -14.56032]}, {"type": "Feature", "id": "focos_48h_br_todosats.fid--211a0569_19dad572493_c23", "geometry": {"type": "Point", "coordinates": [-51.46362, -27.35065]}, "geometry_name": "geometria", "properties": {"id_foco_bdq": 1814852407, "foco_id": "d528102d-b9f4-3072-b20c-91757d9a84a5", "longitude": -51.46362, "latitude": -27.35065, "data_hora_gmt": "2026-04-20T16:37:00Z", "data_pas": "2026-04-20", "satelite": "NOAA-20", "municipio": "CAMPOS NOVOS", "estado": "SANTA CATARINA", "pais": "Brasil", "precipitacao": null, "numero_dias_sem_chuva": null, "risco_fogo": null, "bioma": "Mata Atlântica", "id_0": 33, "id_1": 42, "id_2": 4203600, "continente_id": 8, "vegetacao": null, "grade_wrs": "222_079", "frp": 38.1}, "bbox": [-51.46362, -27.35065, -51.46362, -27.35065]}, {"type": "Feature", "id": "focos_48h_br_todosats.fid--211a0569_19dad572493_c24", "geometry": {"type": "Point", "coordinates": [-38.97484, -13.34991]}, "geometry_name": "geometria", "properties": {"id_foco_bdq": 1814852420, "foco_id": "18908620-9ce9-3871-82dc-a5d8bd1c68aa", "longitude": -38.97484, "latitude": -13.34991, "data_hora_gmt": "2026-04-20T16:37:00Z", "data_pas": "2026-04-20", "satelite": "NOAA-20", "municipio": "VALENÇA", "estado": "BAHIA", "pais": "Brasil", "precipitacao": null, "numero_dias_sem_chuva": null, "risco_fogo": null, "bioma": "Mata Atlântica", "id_0": 33, "id_1": 29, "id_2": 2932903, "continente_id": 8, "vegetacao": null, "grade_wrs": "216_069", "frp": 5.1}, "bbox": [-38.97484, -13.34991, -38.97484, -13.34991]}, {"type": "Feature", "id": "focos_48h_br_todosats.fid--211a0569_19dad572493_c25", "geometry": {"type": "Point", "coordinates": [-51.17801, -26.01398]}, "geometry_name": "geometria", "properties": {"id_foco_bdq": 1814852421, "foco_id": "110067d6-35cc-33c3-aa46-7df9dcd7d8f9", "longitude": -51.17801, "latitude": -26.01398, "data_hora_gmt": "2026-04-20T16:37:00Z", "data_pas": "2026-04-20", "satelite": "NOAA-20", "municipio": "CRUZ MACHADO", "estado": "PARANÁ", "pais": "Brasil", "precipitacao": null, "numero_dias_sem_chuva": null, "risco_fogo": null, "bioma": "Mata Atlântica", "id_0": 33, "id_1": 41, "id_2": 4106803, "continente_id": 8, "vegetacao": null, "grade_wrs": "222_078", "frp": 5.5}, "bbox": [-51.17801, -26.01398, -51.17801, -26.01398]}, {"type": "Feature", "id": "focos_48h_br_todosats.fid--211a0569_19dad572493_c26", "geometry": {"type": "Point", "coordinates": [-50.5983, -27.1712]}, "geometry_name": "geometria", "properties": {"id_foco_bdq": 1814852435, "foco_id": "5f280a2b-7c49-3b8b-867f-64d5cb124dd4", "longitude": -50.5983, "latitude": -27.1712, "data_hora_gmt": "2026-04-20T16:37:00Z", "data_pas": "2026-04-20", "satelite": "NOAA-20", "municipio": "PONTE ALTA DO NORTE", "estado": "SANTA CATARINA", "pais": "Brasil", "precipitacao": null, "numero_dias_sem_chuva": null, "risco_fogo": null, "bioma": "Mata Atlântica", "id_0": 33, "id_1": 42, "id_2": 4213351, "continente_id": 8, "vegetacao": null, "grade_wrs": "221_079", "frp": 19.5}, "bbox": [-50.5983, -27.1712, -50.5983, -27.1712]}, {"type": "Feature", "id": "focos_48h_br_todosats.fid--211a0569_19dad572493_c27", "geometry": {"type": "Point", "coordinates": [-39.15149, -13.28545]}, "geometry_name": "geometria", "properties": {"id_foco_bdq": 1814852451, "foco_id": "2dec161c-9d8e-3fe5-9b3b-c5181a27f8ec", "longitude": -39.15149, "latitude": -13.28545, "data_hora_gmt": "2026-04-20T16:37:00Z", "data_pas": "2026-04-20", "satelite": "NOAA-20", "municipio": "VALENÇA", "estado": "BAHIA", "pais": "Brasil", "precipitacao": null, "numero_dias_sem_chuva": null, "risco_fogo": null, "bioma": "Mata Atlântica", "id_0": 33, "id_1": 29, "id_2": 2932903, "continente_id": 8, "vegetacao": null, "grade_wrs": "216_069", "frp": 6.2}, "bbox": [-39.15149, -13.28545, -39.15149, -13.28545]}, {"type": "Feature", "id": "focos_48h_br_todosats.fid--211a0569_19dad572493_c28", "geometry": {"type": "Point", "coordinates": [-50.12231, -25.18843]}, "geometry_name": "geometria", "properties": {"id_foco_bdq": 1814852456, "foco_id": "376870b2-7c9e-30c9-8a11-6f98139a4416", "longitude": -50.12231, "latitude": -25.18843, "data_hora_gmt": "2026-04-20T16:37:00Z", "data_pas": "2026-04-20", "satelite": "NOAA-20", "municipio": "PONTA GROSSA", "estado": "PARANÁ", "pais": "Brasil", "precipitacao": null, "numero_dias_sem_chuva": null, "risco_fogo": null, "bioma": "Mata Atlântica", "id_0": 33, "id_1": 41, "id_2": 4119905, "continente_id": 8, "vegetacao": null, "grade_wrs": "221_077", "frp": 2.1}, "bbox": [-50.12231, -25.18843, -50.12231, -25.18843]}, {"type": "Feature", "id": "focos_48h_br_todosats.fid--211a0569_19dad572493_c29", "geometry": {"type": "Point", "coordinates": [-51.45862, -27.35019]}, "geometry_name": "geometria", "properties": {"id_foco_bdq": 1814852457, "foco_id": "627c569e-86d0-3612-be80-fb067bf1428d", "longitude": -51.45862, "latitude": -27.35019, "data_hora_gmt": "2026-04-20T16:37:00Z", "data_pas": "2026-04-20", "satelite": "NOAA-20", "municipio": "CAMPOS NOVOS", "estado": "SANTA CATARINA", "pais": "Brasil", "precipitacao": null, "numero_dias_sem_chuva": null, "risco_fogo": null, "bioma": "Mata Atlântica", "id_0": 33, "id_1": 42, "id_2": 4203600, "continente_id": 8, "vegetacao": null, "grade_wrs": "222_079", "frp": 36.9}, "bbox": [-51.45862, -27.35019, -51.45862, -27.35019]}, {"type": "Feature", "id": "focos_48h_br_todosats.fid--211a0569_19dad572493_c2a", "geometry": {"type": "Point", "coordinates": [-51.46035, -27.34952]}, "geometry_name": "geometria", "properties": {"id_foco_bdq": 1814852471, "foco_id": "ed5a0c9f-3280-3c70-8ff5-d6dd2497d601", "longitude": -51.46035, "latitude": -27.34952, "data_hora_gmt": "2026-04-20T16:37:00Z", "data_pas": "2026-04-20", "satelite": "NOAA-20", "municipio": "CAMPOS NOVOS", "estado": "SANTA CATARINA", "pais": "Brasil", "precipitacao": null, "numero_dias_sem_chuva": null, "risco_fogo": null, "bioma": "Mata Atlântica", "id_0": 33, "id_1": 42, "id_2": 4203600, "continente_id": 8, "vegetacao": null, "grade_wrs": "222_079", "frp": 35.8}, "bbox": [-51.46035, -27.34952, -51.46035, -27.34952]}, {"type": "Feature", "id": "focos_48h_br_todosats.fid--211a0569_19dad572493_c2b", "geometry": {"type": "Point", "coordinates": [-39.45171, -13.63421]}, "geometry_name": "geometria", "properties": {"id_foco_bdq": 1814852484, "foco_id": "d144b1c7-eaa3-3b26-836c-f37d73f7c66d", "longitude": -39.45171, "latitude": -13.63421, "data_hora_gmt": "2026-04-20T16:37:00Z", "data_pas": "2026-04-20", "satelite": "NOAA-20", "municipio": "WENCESLAU GUIMARÃES", "estado": "BAHIA", "pais": "Brasil", "precipitacao": null, "numero_dias_sem_chuva": null, "risco_fogo": null, "bioma": "Mata Atlântica", "id_0": 33, "id_1": 29, "id_2": 2933505, "continente_id": 8, "vegetacao": null, "grade_wrs": "216_069", "frp": 10.1}, "bbox": [-39.45171, -13.63421, -39.45171, -13.63421]}, {"type": "Feature", "id": "focos_48h_br_todosats.fid--211a0569_19dad572493_c2c", "geometry": {"type": "Point", "coordinates": [-39.47979, -15.43071]}, "geometry_name": "geometria", "properties": {"id_foco_bdq": 1814852494, "foco_id": "875a60b8-8186-3efa-bb96-20dc87c83fcf", "longitude": -39.47979, "latitude": -15.43071, "data_hora_gmt": "2026-04-20T16:37:00Z", "data_pas": "2026-04-20", "satelite": "NOAA-20", "municipio": "CAMACAN", "estado": "BAHIA", "pais": "Brasil", "precipitacao": null, "numero_dias_sem_chuva": null, "risco_fogo": null, "bioma": "Mata Atlântica", "id_0": 33, "id_1": 29, "id_2": 2905602, "continente_id": 8, "vegetacao": null, "grade_wrs": "216_071", "frp": 4.7}, "bbox": [-39.47979, -15.43071, -39.47979, -15.43071]}, {"type": "Feature", "id": "focos_48h_br_todosats.fid--211a0569_19dad572493_c2d", "geometry": {"type": "Point", "coordinates": [-44.81394, -17.71474]}, "geometry_name": "geometria", "properties": {"id_foco_bdq": 1814852499, "foco_id": "6ee32930-b3f6-3faa-b45b-28b78675ead0", "longitude": -44.81394, "latitude": -17.71474, "data_hora_gmt": "2026-04-20T16:37:00Z", "data_pas": "2026-04-20", "satelite": "NOAA-20", "municipio": "VÁRZEA DA PALMA", "estado": "MINAS GERAIS", "pais": "Brasil", "precipitacao": null, "numero_dias_sem_chuva": null, "risco_fogo": null, "bioma": "Cerrado", "id_0": 33, "id_1": 31, "id_2": 3170800, "continente_id": 8, "vegetacao": null, "grade_wrs": "219_072", "frp": 3.2}, "bbox": [-44.81394, -17.71474, -44.81394, -17.71474]}, {"type": "Feature", "id": "focos_48h_br_todosats.fid--211a0569_19dad572493_c2e", "geometry": {"type": "Point", "coordinates": [-46.44671, -14.89552]}, "geometry_name": "geometria", "properties": {"id_foco_bdq": 1814852504, "foco_id": "3cfebe65-b06a-3ff0-8217-e9d1e63cdf71", "longitude": -46.44671, "latitude": -14.89552, "data_hora_gmt": "2026-04-20T16:37:00Z", "data_pas": "2026-04-20", "satelite": "NOAA-20", "municipio": "FORMOSO", "estado": "MINAS GERAIS", "pais": "Brasil", "precipitacao": null, "numero_dias_sem_chuva": null, "risco_fogo": null, "bioma": "Cerrado", "id_0": 33, "id_1": 31, "id_2": 3126208, "continente_id": 8, "vegetacao": null, "grade_wrs": "220_070", "frp": 4.2}, "bbox": [-46.44671, -14.89552, -46.44671, -14.89552]}, {"type": "Feature", "id": "focos_48h_br_todosats.fid--211a0569_19dad572493_c2f", "geometry": {"type": "Point", "coordinates": [-51.32386, -25.73116]}, "geometry_name": "geometria", "properties": {"id_foco_bdq": 1814852506, "foco_id": "e0945ef4-d23f-3180-9fd2-70f8c46f2820", "longitude": -51.32386, "latitude": -25.73116, "data_hora_gmt": "2026-04-20T16:37:00Z", "data_pas": "2026-04-20", "satelite": "NOAA-20", "municipio": "INÁCIO MARTINS", "estado": "PARANÁ", "pais": "Brasil", "precipitacao": null, "numero_dias_sem_chuva": null, "risco_fogo": null, "bioma": "Mata Atlântica", "id_0": 33, "id_1": 41, "id_2": 4110201, "continente_id": 8, "vegetacao": null, "grade_wrs": "222_078", "frp": 4.6}, "bbox": [-51.32386, -25.73116, -51.32386, -25.73116]}, {"type": "Feature", "id": "focos_48h_br_todosats.fid--211a0569_19dad572493_c30", "geometry": {"type": "Point", "coordinates": [-47.39647, -15.71886]}, "geometry_name": "geometria", "properties": {"id_foco_bdq": 1814852510, "foco_id": "246dbfdf-37d9-3756-9bd0-2c26ac9e865c", "longitude": -47.39647, "latitude": -15.71886, "data_hora_gmt": "2026-04-20T16:37:00Z", "data_pas": "2026-04-20", "satelite": "NOAA-20", "municipio": "BRASÍLIA", "estado": "DISTRITO FEDERAL", "pais": "Brasil", "precipitacao": null, "numero_dias_sem_chuva": null, "risco_fogo": null, "bioma": "Cerrado", "id_0": 33, "id_1": 53, "id_2": 5300108, "continente_id": 8, "vegetacao": null, "grade_wrs": "221_071", "frp": 2.8}, "bbox": [-47.39647, -15.71886, -47.39647, -15.71886]}, {"type": "Feature", "id": "focos_48h_br_todosats.fid--211a0569_19dad572493_c31", "geometry": {"type": "Point", "coordinates": [-43.28379, -16.755]}, "geometry_name": "geometria", "properties": {"id_foco_bdq": 1814852527, "foco_id": "4e94fbc2-bf3b-33b7-bbed-581a7635abba", "longitude": -43.28379, "latitude": -16.755, "data_hora_gmt": "2026-04-20T16:37:00Z", "data_pas": "2026-04-20", "satelite": "NOAA-20", "municipio": "ITACAMBIRA", "estado": "MINAS GERAIS", "pais": "Brasil", "precipitacao": null, "numero_dias_sem_chuva": null, "risco_fogo": null, "bioma": "Cerrado", "id_0": 33, "id_1": 31, "id_2": 3132008, "continente_id": 8, "vegetacao": null, "grade_wrs": "218_072", "frp": 13.3}, "bbox": [-43.28379, -16.755, -43.28379, -16.755]}, {"type": "Feature", "id": "focos_48h_br_todosats.fid--211a0569_19dad572493_c32", "geometry": {"type": "Point", "coordinates": [-46.53121, -15.85281]}, "geometry_name": "geometria", "properties": {"id_foco_bdq": 1814852541, "foco_id": "d8949e1c-5862-3785-b0a4-65b3124c7073", "longitude": -46.53121, "latitude": -15.85281, "data_hora_gmt": "2026-04-20T16:37:00Z", "data_pas": "2026-04-20", "satelite": "NOAA-20", "municipio": "UNAÍ", "estado": "MINAS GERAIS", "pais": "Brasil", "precipitacao": null, "numero_dias_sem_chuva": null, "risco_fogo": null, "bioma": "Cerrado", "id_0": 33, "id_1": 31, "id_2": 3170404, "continente_id": 8, "vegetacao": null, "grade_wrs": "220_071", "frp": 25.8}, "bbox": [-46.53121, -15.85281, -46.53121, -15.85281]}, {"type": "Feature", "id": "focos_48h_br_todosats.fid--211a0569_19dad572493_c33", "geometry": {"type": "Point", "coordinates": [-43.9577, -15.15494]}, "geometry_name": "geometria", "properties": {"id_foco_bdq": 1814852547, "foco_id": "3ee5addf-7561-3ce8-b66c-d67b7f25aed6", "longitude": -43.9577, "latitude": -15.15494, "data_hora_gmt": "2026-04-20T16:37:00Z", "data_pas": "2026-04-20", "satelite": "NOAA-20", "municipio": "JAÍBA", "estado": "MINAS GERAIS", "pais": "Brasil", "precipitacao": null, "numero_dias_sem_chuva": null, "risco_fogo": null, "bioma": "Cerrado", "id_0": 33, "id_1": 31, "id_2": 3135050, "continente_id": 8, "vegetacao": null, "grade_wrs": "219_070", "frp": 2.3}, "bbox": [-43.9577, -15.15494, -43.9577, -15.15494]}, {"type": "Feature", "id": "focos_48h_br_todosats.fid--211a0569_19dad572493_c34", "geometry": {"type": "Point", "coordinates": [-53.06595, -16.24595]}, "geometry_name": "geometria", "properties": {"id_foco_bdq": 1814852556, "foco_id": "c3c7f811-c2fd-3b97-ad08-bda0f5295ee6", "longitude": -53.06595, "latitude": -16.24595, "data_hora_gmt": "2026-04-20T16:37:00Z", "data_pas": "2026-04-20", "satelite": "NOAA-20", "municipio": "TORIXORÉU", "estado": "MATO GROSSO", "pais": "Brasil", "precipitacao": null, "numero_dias_sem_chuva": null, "risco_fogo": null, "bioma": "Cerrado", "id_0": 33, "id_1": 51, "id_2": 5108204, "continente_id": 8, "vegetacao": null, "grade_wrs": "224_071", "frp": 8.8}, "bbox": [-53.06595, -16.24595, -53.06595, -16.24595]}, {"type": "Feature", "id": "focos_48h_br_todosats.fid--211a0569_19dad572493_c35", "geometry": {"type": "Point", "coordinates": [-51.0642, -15.40156]}, "geometry_name": "geometria", "properties": {"id_foco_bdq": 1814852557, "foco_id": "e64857e3-fc64-3b84-9a3b-e58e9f3438b3", "longitude": -51.0642, "latitude": -15.40156, "data_hora_gmt": "2026-04-20T16:37:00Z", "data_pas": "2026-04-20", "satelite": "NOAA-20", "municipio": "BRITÂNIA", "estado": "GOIÁS", "pais": "Brasil", "precipitacao": null, "numero_dias_sem_chuva": null, "risco_fogo": null, "bioma": "Cerrado", "id_0": 33, "id_1": 52, "id_2": 5203807, "continente_id": 8, "vegetacao": null, "grade_wrs": "223_071", "frp": 3.9}, "bbox": [-51.0642, -15.40156, -51.0642, -15.40156]}, {"type": "Feature", "id": "focos_48h_br_todosats.fid--211a0569_19dad572493_c36", "geometry": {"type": "Point", "coordinates": [-48.98397, -25.99909]}, "geometry_name": "geometria", "properties": {"id_foco_bdq": 1814852563, "foco_id": "df6b753f-5c5c-35fc-bd7e-7f0599e9d0ed", "longitude": -48.98397, "latitude": -25.99909, "data_hora_gmt": "2026-04-20T16:37:00Z", "data_pas": "2026-04-20", "satelite": "NOAA-20", "municipio": "TIJUCAS DO SUL", "estado": "PARANÁ", "pais": "Brasil", "precipitacao": null, "numero_dias_sem_chuva": null, "risco_fogo": null, "bioma": "Mata Atlântica", "id_0": 33, "id_1": 41, "id_2": 4127601, "continente_id": 8, "vegetacao": null, "grade_wrs": "220_078", "frp": 15.8}, "bbox": [-48.98397, -25.99909, -48.98397, -25.99909]}, {"type": "Feature", "id": "focos_48h_br_todosats.fid--211a0569_19dad572493_c37", "geometry": {"type": "Point", "coordinates": [-42.34196, -14.36424]}, "geometry_name": "geometria", "properties": {"id_foco_bdq": 1814852569, "foco_id": "4b15d054-2403-3bf1-a4e7-2533c877a3bd", "longitude": -42.34196, "latitude": -14.36424, "data_hora_gmt": "2026-04-20T16:37:00Z", "data_pas": "2026-04-20", "satelite": "NOAA-20", "municipio": "IBIASSUCÊ", "estado": "BAHIA", "pais": "Brasil", "precipitacao": null, "numero_dias_sem_chuva": null, "risco_fogo": null, "bioma": "Caatinga", "id_0": 33, "id_1": 29, "id_2": 2912004, "continente_id": 8, "vegetacao": null, "grade_wrs": "218_070", "frp": 12.2}, "bbox": [-42.34196, -14.36424, -42.34196, -14.36424]}, {"type": "Feature", "id": "focos_48h_br_todosats.fid--211a0569_19dad572493_c38", "geometry": {"type": "Point", "coordinates": [-49.22012, -25.19513]}, "geometry_name": "geometria", "properties": {"id_foco_bdq": 1814852583, "foco_id": "82f284d7-6e5e-3c89-9928-bb60e70bd39c", "longitude": -49.22012, "latitude": -25.19513, "data_hora_gmt": "2026-04-20T16:37:00Z", "data_pas": "2026-04-20", "satelite": "NOAA-20", "municipio": "RIO BRANCO DO SUL", "estado": "PARANÁ", "pais": "Brasil", "precipitacao": null, "numero_dias_sem_chuva": null, "risco_fogo": null, "bioma": "Mata Atlântica", "id_0": 33, "id_1": 41, "id_2": 4122206, "continente_id": 8, "vegetacao": null, "grade_wrs": "220_078", "frp": 2.8}, "bbox": [-49.22012, -25.19513, -49.22012, -25.19513]}, {"type": "Feature", "id": "focos_48h_br_todosats.fid--211a0569_19dad572493_c39", "geometry": {"type": "Point", "coordinates": [-45.13234, -18.63391]}, "geometry_name": "geometria", "properties": {"id_foco_bdq": 1814852598, "foco_id": "ba371d36-54ba-3040-b147-bf4734dcec40", "longitude": -45.13234, "latitude": -18.63391, "data_hora_gmt": "2026-04-20T16:37:00Z", "data_pas": "2026-04-20", "satelite": "NOAA-20", "municipio": "FELIXLÂNDIA", "estado": "MINAS GERAIS", "pais": "Brasil", "precipitacao": null, "numero_dias_sem_chuva": null, "risco_fogo": null, "bioma": "Cerrado", "id_0": 33, "id_1": 31, "id_2": 3125705, "continente_id": 8, "vegetacao": null, "grade_wrs": "219_073", "frp": 6.7}, "bbox": [-45.13234, -18.63391, -45.13234, -18.63391]}, {"type": "Feature", "id": "focos_48h_br_todosats.fid--211a0569_19dad572493_c3a", "geometry": {"type": "Point", "coordinates": [-50.51223, -26.94005]}, "geometry_name": "geometria", "properties": {"id_foco_bdq": 1814852616, "foco_id": "730e7b2a-e965-3bff-be30-2872d5c9f495", "longitude": -50.51223, "latitude": -26.94005, "data_hora_gmt": "2026-04-20T16:37:00Z", "data_pas": "2026-04-20", "satelite": "NOAA-20", "municipio": "SANTA CECÍLIA", "estado": "SANTA CATARINA", "pais": "Brasil", "precipitacao": null, "numero_dias_sem_chuva": null, "risco_fogo": null, "bioma": "Mata Atlântica", "id_0": 33, "id_1": 42, "id_2": 4215505, "continente_id": 8, "vegetacao": null, "grade_wrs": "221_079", "frp": 9.5}, "bbox": [-50.51223, -26.94005, -50.51223, -26.94005]}, {"type": "Feature", "id": "focos_48h_br_todosats.fid--211a0569_19dad572493_c3b", "geometry": {"type": "Point", "coordinates": [-56.35899, -20.92105]}, "geometry_name": "geometria", "properties": {"id_foco_bdq": 1814852629, "foco_id": "2d9d3ce9-74fe-337d-8fbe-b7316542b031", "longitude": -56.35899, "latitude": -20.92105, "data_hora_gmt": "2026-04-20T16:37:00Z", "data_pas": "2026-04-20", "satelite": "NOAA-20", "municipio": "BONITO", "estado": "MATO GROSSO DO SUL", "pais": "Brasil", "precipitacao": null, "numero_dias_sem_chuva": null, "risco_fogo": null, "bioma": "Cerrado", "id_0": 33, "id_1": 50, "id_2": 5002209, "continente_id": 8, "vegetacao": null, "grade_wrs": "226_074", "frp": 4.3}, "bbox": [-56.35899, -20.92105, -56.35899, -20.92105]}, {"type": "Feature", "id": "focos_48h_br_todosats.fid--211a0569_19dad572493_c3c", "geometry": {"type": "Point", "coordinates": [-43.16339, -18.31997]}, "geometry_name": "geometria", "properties": {"id_foco_bdq": 1814852633, "foco_id": "d1e5e2bf-f539-374f-800e-cda16b0a9da2", "longitude": -43.16339, "latitude": -18.31997, "data_hora_gmt": "2026-04-20T16:37:00Z", "data_pas": "2026-04-20", "satelite": "NOAA-20", "municipio": "RIO VERMELHO", "estado": "MINAS GERAIS", "pais": "Brasil", "precipitacao": null, "numero_dias_sem_chuva": null, "risco_fogo": null, "bioma": "Mata Atlântica", "id_0": 33, "id_1": 31, "id_2": 3156007, "continente_id": 8, "vegetacao": null, "grade_wrs": "218_073", "frp": 2.4}, "bbox": [-43.16339, -18.31997, -43.16339, -18.31997]}, {"type": "Feature", "id": "focos_48h_br_todosats.fid--211a0569_19dad572493_c3d", "geometry": {"type": "Point", "coordinates": [-51.32411, -27.07998]}, "geometry_name": "geometria", "properties": {"id_foco_bdq": 1814852637, "foco_id": "6c0ce078-204c-3b70-b54c-a2f4a4c4d2ed", "longitude": -51.32411, "latitude": -27.07998, "data_hora_gmt": "2026-04-20T16:37:00Z", "data_pas": "2026-04-20", "satelite": "NOAA-20", "municipio": "IBICARÉ", "estado": "SANTA CATARINA", "pais": "Brasil", "precipitacao": null, "numero_dias_sem_chuva": null, "risco_fogo": null, "bioma": "Mata Atlântica", "id_0": 33, "id_1": 42, "id_2": 4206801, "continente_id": 8, "vegetacao": null, "grade_wrs": "221_079", "frp": 20.2}, "bbox": [-51.32411, -27.07998, -51.32411, -27.07998]}, {"type": "Feature", "id": "focos_48h_br_todosats.fid--211a0569_19dad572493_c3e", "geometry": {"type": "Point", "coordinates": [-48.90386, -19.38101]}, "geometry_name": "geometria", "properties": {"id_foco_bdq": 1814852644, "foco_id": "5ebbecdf-928c-3034-8a5f-c0aa43b8eb1e", "longitude": -48.90386, "latitude": -19.38101, "data_hora_gmt": "2026-04-20T16:37:00Z", "data_pas": "2026-04-20", "satelite": "NOAA-20", "municipio": "PRATA", "estado": "MINAS GERAIS", "pais": "Brasil", "precipitacao": null, "numero_dias_sem_chuva": null, "risco_fogo": null, "bioma": "Cerrado", "id_0": 33, "id_1": 31, "id_2": 3152808, "continente_id": 8, "vegetacao": null, "grade_wrs": "221_073", "frp": 5.8}, "bbox": [-48.90386, -19.38101, -48.90386, -19.38101]}, {"type": "Feature", "id": "focos_48h_br_todosats.fid--211a0569_19dad572493_c3f", "geometry": {"type": "Point", "coordinates": [-39.09875, -15.74441]}, "geometry_name": "geometria", "properties": {"id_foco_bdq": 1814852652, "foco_id": "c3092b43-15a3-3fc8-a356-997d424943da", "longitude": -39.09875, "latitude": -15.74441, "data_hora_gmt": "2026-04-20T16:37:00Z", "data_pas": "2026-04-20", "satelite": "NOAA-20", "municipio": "CANAVIEIRAS", "estado": "BAHIA", "pais": "Brasil", "precipitacao": null, "numero_dias_sem_chuva": null, "risco_fogo": null, "bioma": "Mata Atlântica", "id_0": 33, "id_1": 29, "id_2": 2906303, "continente_id": 8, "vegetacao": null, "grade_wrs": "215_071", "frp": 7.8}, "bbox": [-39.09875, -15.74441, -39.09875, -15.74441]}, {"type": "Feature", "id": "focos_48h_br_todosats.fid--211a0569_19dad572493_c40", "geometry": {"type": "Point", "coordinates": [-56.36347, -20.91902]}, "geometry_name": "geometria", "properties": {"id_foco_bdq": 1814852664, "foco_id": "3d35676c-1463-3ea1-86ab-d6cf0034f178", "longitude": -56.36347, "latitude": -20.91902, "data_hora_gmt": "2026-04-20T16:37:00Z", "data_pas": "2026-04-20", "satelite": "NOAA-20", "municipio": "BONITO", "estado": "MATO GROSSO DO SUL", "pais": "Brasil", "precipitacao": null, "numero_dias_sem_chuva": null, "risco_fogo": null, "bioma": "Cerrado", "id_0": 33, "id_1": 50, "id_2": 5002209, "continente_id": 8, "vegetacao": null, "grade_wrs": "226_074", "frp": 6.3}, "bbox": [-56.36347, -20.91902, -56.36347, -20.91902]}, {"type": "Feature", "id": "focos_48h_br_todosats.fid--211a0569_19dad572493_c41", "geometry": {"type": "Point", "coordinates": [-53.78371, -17.34228]}, "geometry_name": "geometria", "properties": {"id_foco_bdq": 1814852672, "foco_id": "de4b8fe1-66e2-3970-9c93-6bfcbcb82e31", "longitude": -53.78371, "latitude": -17.34228, "data_hora_gmt": "2026-04-20T16:37:00Z", "data_pas": "2026-04-20", "satelite": "NOAA-20", "municipio": "SONORA", "estado": "MATO GROSSO DO SUL", "pais": "Brasil", "precipitacao": null, "numero_dias_sem_chuva": null, "risco_fogo": null, "bioma": "Cerrado", "id_0": 33, "id_1": 50, "id_2": 5007935, "continente_id": 8, "vegetacao": null, "grade_wrs": "225_072", "frp": 8.4}, "bbox": [-53.78371, -17.34228, -53.78371, -17.34228]}, {"type": "Feature", "id": "focos_48h_br_todosats.fid--211a0569_19dad572493_c42", "geometry": {"type": "Point", "coordinates": [-42.68852, -18.45778]}, "geometry_name": "geometria", "properties": {"id_foco_bdq": 1814852676, "foco_id": "1da45a02-d67f-3419-82ea-a44a9ff50280", "longitude": -42.68852, "latitude": -18.45778, "data_hora_gmt": "2026-04-20T16:37:00Z", "data_pas": "2026-04-20", "satelite": "NOAA-20", "municipio": "SÃO PEDRO DO SUAÇUÍ", "estado": "MINAS GERAIS", "pais": "Brasil", "precipitacao": null, "numero_dias_sem_chuva": null, "risco_fogo": null, "bioma": "Mata Atlântica", "id_0": 33, "id_1": 31, "id_2": 3164100, "continente_id": 8, "vegetacao": null, "grade_wrs": "217_073", "frp": 0.9}, "bbox": [-42.68852, -18.45778, -42.68852, -18.45778]}, {"type": "Feature", "id": "focos_48h_br_todosats.fid--211a0569_19dad572493_c43", "geometry": {"type": "Point", "coordinates": [-50.10216, -26.89832]}, "geometry_name": "geometria", "properties": {"id_foco_bdq": 1814852688, "foco_id": "2ab3d789-51fb-39ad-a49f-7b3dd2ea8e85", "longitude": -50.10216, "latitude": -26.89832, "data_hora_gmt": "2026-04-20T16:37:00Z", "data_pas": "2026-04-20", "satelite": "NOAA-20", "municipio": "RIO DO CAMPO", "estado": "SANTA CATARINA", "pais": "Brasil", "precipitacao": null, "numero_dias_sem_chuva": null, "risco_fogo": null, "bioma": "Mata Atlântica", "id_0": 33, "id_1": 42, "id_2": 4214508, "continente_id": 8, "vegetacao": null, "grade_wrs": "221_079", "frp": 4.8}, "bbox": [-50.10216, -26.89832, -50.10216, -26.89832]}, {"type": "Feature", "id": "focos_48h_br_todosats.fid--211a0569_19dad572493_c44", "geometry": {"type": "Point", "coordinates": [-47.21951, -20.07951]}, "geometry_name": "geometria", "properties": {"id_foco_bdq": 1814852707, "foco_id": "cccba50e-4c94-3142-8779-89a2a8208753", "longitude": -47.21951, "latitude": -20.07951, "data_hora_gmt": "2026-04-20T16:37:00Z", "data_pas": "2026-04-20", "satelite": "NOAA-20", "municipio": "SACRAMENTO", "estado": "MINAS GERAIS", "pais": "Brasil", "precipitacao": null, "numero_dias_sem_chuva": null, "risco_fogo": null, "bioma": "Cerrado", "id_0": 33, "id_1": 31, "id_2": 3156908, "continente_id": 8, "vegetacao": null, "grade_wrs": "220_074", "frp": 14.8}, "bbox": [-47.21951, -20.07951, -47.21951, -20.07951]}, {"type": "Feature", "id": "focos_48h_br_todosats.fid--211a0569_19dad572493_c45", "geometry": {"type": "Point", "coordinates": [-39.47033, -14.1012]}, "geometry_name": "geometria", "properties": {"id_foco_bdq": 1814852708, "foco_id": "0fda25ab-66cc-3b6d-a319-d700341fb7dc", "longitude": -39.47033, "latitude": -14.1012, "data_hora_gmt": "2026-04-20T16:37:00Z", "data_pas": "2026-04-20", "satelite": "NOAA-20", "municipio": "IBIRAPITANGA", "estado": "BAHIA", "pais": "Brasil", "precipitacao": null, "numero_dias_sem_chuva": null, "risco_fogo": null, "bioma": "Mata Atlântica", "id_0": 33, "id_1": 29, "id_2": 2912707, "continente_id": 8, "vegetacao": null, "grade_wrs": "216_070", "frp": 6.7}, "bbox": [-39.47033, -14.1012, -39.47033, -14.1012]}, {"type": "Feature", "id": "focos_48h_br_todosats.fid--211a0569_19dad572493_c46", "geometry": {"type": "Point", "coordinates": [-49.34703, -20.96469]}, "geometry_name": "geometria", "properties": {"id_foco_bdq": 1814852714, "foco_id": "c27ce1ce-2620-37d6-bd00-b50c6bfd2185", "longitude": -49.34703, "latitude": -20.96469, "data_hora_gmt": "2026-04-20T16:37:00Z", "data_pas": "2026-04-20", "satelite": "NOAA-20", "municipio": "CEDRAL", "estado": "SÃO PAULO", "pais": "Brasil", "precipitacao": null, "numero_dias_sem_chuva": null, "risco_fogo": null, "bioma": "Mata Atlântica", "id_0": 33, "id_1": 35, "id_2": 3511300, "continente_id": 8, "vegetacao": null, "grade_wrs": "221_075", "frp": 5.9}, "bbox": [-49.34703, -20.96469, -49.34703, -20.96469]}, {"type": "Feature", "id": "focos_48h_br_todosats.fid--211a0569_19dad572493_c47", "geometry": {"type": "Point", "coordinates": [-43.85309, -14.04114]}, "geometry_name": "geometria", "properties": {"id_foco_bdq": 1814852717, "foco_id": "f2469878-7c95-3d16-a84e-861f30422ef2", "longitude": -43.85309, "latitude": -14.04114, "data_hora_gmt": "2026-04-20T16:37:00Z", "data_pas": "2026-04-20", "satelite": "NOAA-20", "municipio": "CARINHANHA", "estado": "BAHIA", "pais": "Brasil", "precipitacao": null, "numero_dias_sem_chuva": null, "risco_fogo": null, "bioma": "Cerrado", "id_0": 33, "id_1": 29, "id_2": 2907103, "continente_id": 8, "vegetacao": null, "grade_wrs": "219_070", "frp": 7}, "bbox": [-43.85309, -14.04114, -43.85309, -14.04114]}, {"type": "Feature", "id": "focos_48h_br_todosats.fid--211a0569_19dad572493_c48", "geometry": {"type": "Point", "coordinates": [-50.80925, -27.01238]}, "geometry_name": "geometria", "properties": {"id_foco_bdq": 1814852721, "foco_id": "fc798ffb-f30a-33fe-b659-22d8eb5a2772", "longitude": -50.80925, "latitude": -27.01238, "data_hora_gmt": "2026-04-20T16:37:00Z", "data_pas": "2026-04-20", "satelite": "NOAA-20", "municipio": "FRAIBURGO", "estado": "SANTA CATARINA", "pais": "Brasil", "precipitacao": null, "numero_dias_sem_chuva": null, "risco_fogo": null, "bioma": "Mata Atlântica", "id_0": 33, "id_1": 42, "id_2": 4205506, "continente_id": 8, "vegetacao": null, "grade_wrs": "221_079", "frp": 42}, "bbox": [-50.80925, -27.01238, -50.80925, -27.01238]}, {"type": "Feature", "id": "focos_48h_br_todosats.fid--211a0569_19dad572493_c49", "geometry": {"type": "Point", "coordinates": [-49.3166, -25.33292]}, "geometry_name": "geometria", "properties": {"id_foco_bdq": 1814852738, "foco_id": "667400e1-96d2-378b-ad55-98789901daa7", "longitude": -49.3166, "latitude": -25.33292, "data_hora_gmt": "2026-04-20T16:37:00Z", "data_pas": "2026-04-20", "satelite": "NOAA-20", "municipio": "ALMIRANTE TAMANDARÉ", "estado": "PARANÁ", "pais": "Brasil", "precipitacao": null, "numero_dias_sem_chuva": null, "risco_fogo": null, "bioma": "Mata Atlântica", "id_0": 33, "id_1": 41, "id_2": 4100400, "continente_id": 8, "vegetacao": null, "grade_wrs": "220_078", "frp": 6.2}, "bbox": [-49.3166, -25.33292, -49.3166, -25.33292]}, {"type": "Feature", "id": "focos_48h_br_todosats.fid--211a0569_19dad572493_c4a", "geometry": {"type": "Point", "coordinates": [-43.89114, -15.65674]}, "geometry_name": "geometria", "properties": {"id_foco_bdq": 1814852746, "foco_id": "3c89c69a-e016-35bc-9b68-5247513ade09", "longitude": -43.89114, "latitude": -15.65674, "data_hora_gmt": "2026-04-20T16:37:00Z", "data_pas": "2026-04-20", "satelite": "NOAA-20", "municipio": "VARZELÂNDIA", "estado": "MINAS GERAIS", "pais": "Brasil", "precipitacao": null, "numero_dias_sem_chuva": null, "risco_fogo": null, "bioma": "Cerrado", "id_0": 33, "id_1": 31, "id_2": 3170909, "continente_id": 8, "vegetacao": null, "grade_wrs": "218_071", "frp": 3}, "bbox": [-43.89114, -15.65674, -43.89114, -15.65674]}, {"type": "Feature", "id": "focos_48h_br_todosats.fid--211a0569_19dad572493_c4b", "geometry": {"type": "Point", "coordinates": [-46.66028, -15.07864]}, "geometry_name": "geometria", "properties": {"id_foco_bdq": 1814852761, "foco_id": "43486255-aadf-3dc0-91c1-5a6d352d2b64", "longitude": -46.66028, "latitude": -15.07864, "data_hora_gmt": "2026-04-20T16:37:00Z", "data_pas": "2026-04-20", "satelite": "NOAA-20", "municipio": "BURITIS", "estado": "MINAS GERAIS", "pais": "Brasil", "precipitacao": null, "numero_dias_sem_chuva": null, "risco_fogo": null, "bioma": "Cerrado", "id_0": 33, "id_1": 31, "id_2": 3109303, "continente_id": 8, "vegetacao": null, "grade_wrs": "220_070", "frp": 2.5}, "bbox": [-46.66028, -15.07864, -46.66028, -15.07864]}, {"type": "Feature", "id": "focos_48h_br_todosats.fid--211a0569_19dad572493_c4c", "geometry": {"type": "Point", "coordinates": [-51.4637, -27.34981]}, "geometry_name": "geometria", "properties": {"id_foco_bdq": 1814852770, "foco_id": "9220b943-73b2-35a8-a640-0d71c948c078", "longitude": -51.4637, "latitude": -27.34981, "data_hora_gmt": "2026-04-20T16:37:00Z", "data_pas": "2026-04-20", "satelite": "NOAA-20", "municipio": "CAMPOS NOVOS", "estado": "SANTA CATARINA", "pais": "Brasil", "precipitacao": null, "numero_dias_sem_chuva": null, "risco_fogo": null, "bioma": "Mata Atlântica", "id_0": 33, "id_1": 42, "id_2": 4203600, "continente_id": 8, "vegetacao": null, "grade_wrs": "222_079", "frp": 16}, "bbox": [-51.4637, -27.34981, -51.4637, -27.34981]}, {"type": "Feature", "id": "focos_48h_br_todosats.fid--211a0569_19dad572493_c4d", "geometry": {"type": "Point", "coordinates": [-39.41366, -13.62742]}, "geometry_name": "geometria", "properties": {"id_foco_bdq": 1814852776, "foco_id": "a8eac9f7-e8f4-33a3-9972-55331a3146e0", "longitude": -39.41366, "latitude": -13.62742, "data_hora_gmt": "2026-04-20T16:37:00Z", "data_pas": "2026-04-20", "satelite": "NOAA-20", "municipio": "WENCESLAU GUIMARÃES", "estado": "BAHIA", "pais": "Brasil", "precipitacao": null, "numero_dias_sem_chuva": null, "risco_fogo": null, "bioma": "Mata Atlântica", "id_0": 33, "id_1": 29, "id_2": 2933505, "continente_id": 8, "vegetacao": null, "grade_wrs": "216_069", "frp": 2.8}, "bbox": [-39.41366, -13.62742, -39.41366, -13.62742]}, {"type": "Feature", "id": "focos_48h_br_todosats.fid--211a0569_19dad572493_c4e", "geometry": {"type": "Point", "coordinates": [-39.33316, -13.86162]}, "geometry_name": "geometria", "properties": {"id_foco_bdq": 1814852783, "foco_id": "84f2ecd8-49f4-390d-9cc8-d95f37f93403", "longitude": -39.33316, "latitude": -13.86162, "data_hora_gmt": "2026-04-20T16:37:00Z", "data_pas": "2026-04-20", "satelite": "NOAA-20", "municipio": "IGRAPIÚNA", "estado": "BAHIA", "pais": "Brasil", "precipitacao": null, "numero_dias_sem_chuva": null, "risco_fogo": null, "bioma": "Mata Atlântica", "id_0": 33, "id_1": 29, "id_2": 2913457, "continente_id": 8, "vegetacao": null, "grade_wrs": "216_070", "frp": 7.3}, "bbox": [-39.33316, -13.86162, -39.33316, -13.86162]}, {"type": "Feature", "id": "focos_48h_br_todosats.fid--211a0569_19dad572493_c4f", "geometry": {"type": "Point", "coordinates": [-50.59866, -27.16641]}, "geometry_name": "geometria", "properties": {"id_foco_bdq": 1814852803, "foco_id": "a84e7a88-7ed4-3281-830c-c143001f11fe", "longitude": -50.59866, "latitude": -27.16641, "data_hora_gmt": "2026-04-20T16:37:00Z", "data_pas": "2026-04-20", "satelite": "NOAA-20", "municipio": "PONTE ALTA DO NORTE", "estado": "SANTA CATARINA", "pais": "Brasil", "precipitacao": null, "numero_dias_sem_chuva": null, "risco_fogo": null, "bioma": "Mata Atlântica", "id_0": 33, "id_1": 42, "id_2": 4213351, "continente_id": 8, "vegetacao": null, "grade_wrs": "221_079", "frp": 19.5}, "bbox": [-50.59866, -27.16641, -50.59866, -27.16641]}, {"type": "Feature", "id": "focos_48h_br_todosats.fid--211a0569_19dad572493_c50", "geometry": {"type": "Point", "coordinates": [-46.30996, -15.61379]}, "geometry_name": "geometria", "properties": {"id_foco_bdq": 1814852814, "foco_id": "e51ccc21-f486-39b9-8edf-074451c315a2", "longitude": -46.30996, "latitude": -15.61379, "data_hora_gmt": "2026-04-20T16:37:00Z", "data_pas": "2026-04-20", "satelite": "NOAA-20", "municipio": "BURITIS", "estado": "MINAS GERAIS", "pais": "Brasil", "precipitacao": null, "numero_dias_sem_chuva": null, "risco_fogo": null, "bioma": "Cerrado", "id_0": 33, "id_1": 31, "id_2": 3109303, "continente_id": 8, "vegetacao": null, "grade_wrs": "220_071", "frp": 5.9}, "bbox": [-46.30996, -15.61379, -46.30996, -15.61379]}, {"type": "Feature", "id": "focos_48h_br_todosats.fid--211a0569_19dad572493_c51", "geometry": {"type": "Point", "coordinates": [-50.18764, -27.14201]}, "geometry_name": "geometria", "properties": {"id_foco_bdq": 1814852818, "foco_id": "34e2d7da-9e22-3e20-8208-889330ecfc6b", "longitude": -50.18764, "latitude": -27.14201, "data_hora_gmt": "2026-04-20T16:37:00Z", "data_pas": "2026-04-20", "satelite": "NOAA-20", "municipio": "TAIÓ", "estado": "SANTA CATARINA", "pais": "Brasil", "precipitacao": null, "numero_dias_sem_chuva": null, "risco_fogo": null, "bioma": "Mata Atlântica", "id_0": 33, "id_1": 42, "id_2": 4217808, "continente_id": 8, "vegetacao": null, "grade_wrs": "221_079", "frp": 19.2}, "bbox": [-50.18764, -27.14201, -50.18764, -27.14201]}, {"type": "Feature", "id": "focos_48h_br_todosats.fid--211a0569_19dad572493_c52", "geometry": {"type": "Point", "coordinates": [-42.33767, -14.36353]}, "geometry_name": "geometria", "properties": {"id_foco_bdq": 1814852824, "foco_id": "73b343ac-1932-3464-8d9f-3d630167e482", "longitude": -42.33767, "latitude": -14.36353, "data_hora_gmt": "2026-04-20T16:37:00Z", "data_pas": "2026-04-20", "satelite": "NOAA-20", "municipio": "IBIASSUCÊ", "estado": "BAHIA", "pais": "Brasil", "precipitacao": null, "numero_dias_sem_chuva": null, "risco_fogo": null, "bioma": "Caatinga", "id_0": 33, "id_1": 29, "id_2": 2912004, "continente_id": 8, "vegetacao": null, "grade_wrs": "218_070", "frp": 12.6}, "bbox": [-42.33767, -14.36353, -42.33767, -14.36353]}, {"type": "Feature", "id": "focos_48h_br_todosats.fid--211a0569_19dad572493_c53", "geometry": {"type": "Point", "coordinates": [-39.4509, -13.63853]}, "geometry_name": "geometria", "properties": {"id_foco_bdq": 1814852827, "foco_id": "b4d60f04-154b-3b96-a831-861fe90cb9a9", "longitude": -39.4509, "latitude": -13.63853, "data_hora_gmt": "2026-04-20T16:37:00Z", "data_pas": "2026-04-20", "satelite": "NOAA-20", "municipio": "WENCESLAU GUIMARÃES", "estado": "BAHIA", "pais": "Brasil", "precipitacao": null, "numero_dias_sem_chuva": null, "risco_fogo": null, "bioma": "Mata Atlântica", "id_0": 33, "id_1": 29, "id_2": 2933505, "continente_id": 8, "vegetacao": null, "grade_wrs": "216_069", "frp": 7.2}, "bbox": [-39.4509, -13.63853, -39.4509, -13.63853]}, {"type": "Feature", "id": "focos_48h_br_todosats.fid--211a0569_19dad572493_c54", "geometry": {"type": "Point", "coordinates": [-39.34246, -13.53825]}, "geometry_name": "geometria", "properties": {"id_foco_bdq": 1814852828, "foco_id": "c5abafed-90eb-3b64-825e-907a213a35a7", "longitude": -39.34246, "latitude": -13.53825, "data_hora_gmt": "2026-04-20T16:37:00Z", "data_pas": "2026-04-20", "satelite": "NOAA-20", "municipio": "TAPEROÁ", "estado": "BAHIA", "pais": "Brasil", "precipitacao": null, "numero_dias_sem_chuva": null, "risco_fogo": null, "bioma": "Mata Atlântica", "id_0": 33, "id_1": 29, "id_2": 2931202, "continente_id": 8, "vegetacao": null, "grade_wrs": "216_069", "frp": 12.2}, "bbox": [-39.34246, -13.53825, -39.34246, -13.53825]}, {"type": "Feature", "id": "focos_48h_br_todosats.fid--211a0569_19dad572493_c55", "geometry": {"type": "Point", "coordinates": [-46.44159, -14.88108]}, "geometry_name": "geometria", "properties": {"id_foco_bdq": 1814852832, "foco_id": "818d1c9e-e643-333f-b7c6-8b62daf0a6b7", "longitude": -46.44159, "latitude": -14.88108, "data_hora_gmt": "2026-04-20T16:37:00Z", "data_pas": "2026-04-20", "satelite": "NOAA-20", "municipio": "FORMOSO", "estado": "MINAS GERAIS", "pais": "Brasil", "precipitacao": null, "numero_dias_sem_chuva": null, "risco_fogo": null, "bioma": "Cerrado", "id_0": 33, "id_1": 31, "id_2": 3126208, "continente_id": 8, "vegetacao": null, "grade_wrs": "220_070", "frp": 3.4}, "bbox": [-46.44159, -14.88108, -46.44159, -14.88108]}, {"type": "Feature", "id": "focos_48h_br_todosats.fid--211a0569_19dad572493_c56", "geometry": {"type": "Point", "coordinates": [-50.12029, -25.18508]}, "geometry_name": "geometria", "properties": {"id_foco_bdq": 1814852836, "foco_id": "0c405e52-c692-32c4-a490-0aefc2c13479", "longitude": -50.12029, "latitude": -25.18508, "data_hora_gmt": "2026-04-20T16:37:00Z", "data_pas": "2026-04-20", "satelite": "NOAA-20", "municipio": "PONTA GROSSA", "estado": "PARANÁ", "pais": "Brasil", "precipitacao": null, "numero_dias_sem_chuva": null, "risco_fogo": null, "bioma": "Mata Atlântica", "id_0": 33, "id_1": 41, "id_2": 4119905, "continente_id": 8, "vegetacao": null, "grade_wrs": "221_077", "frp": 5.6}, "bbox": [-50.12029, -25.18508, -50.12029, -25.18508]}, {"type": "Feature", "id": "focos_48h_br_todosats.fid--211a0569_19dad572493_c57", "geometry": {"type": "Point", "coordinates": [-47.62039, -15.69535]}, "geometry_name": "geometria", "properties": {"id_foco_bdq": 1814852841, "foco_id": "685b5f0b-2521-335c-ae0f-411b316b03b2", "longitude": -47.62039, "latitude": -15.69535, "data_hora_gmt": "2026-04-20T16:37:00Z", "data_pas": "2026-04-20", "satelite": "NOAA-20", "municipio": "BRASÍLIA", "estado": "DISTRITO FEDERAL", "pais": "Brasil", "precipitacao": null, "numero_dias_sem_chuva": null, "risco_fogo": null, "bioma": "Cerrado", "id_0": 33, "id_1": 53, "id_2": 5300108, "continente_id": 8, "vegetacao": null, "grade_wrs": "221_071", "frp": 3.9}, "bbox": [-47.62039, -15.69535, -47.62039, -15.69535]}, {"type": "Feature", "id": "focos_48h_br_todosats.fid--211a0569_19dad572493_c58", "geometry": {"type": "Point", "coordinates": [-42.9939, -14.66689]}, "geometry_name": "geometria", "properties": {"id_foco_bdq": 1814852847, "foco_id": "72822110-f437-3018-b3aa-1c8382487cbd", "longitude": -42.9939, "latitude": -14.66689, "data_hora_gmt": "2026-04-20T16:37:00Z", "data_pas": "2026-04-20", "satelite": "NOAA-20", "municipio": "SEBASTIÃO LARANJEIRAS", "estado": "BAHIA", "pais": "Brasil", "precipitacao": null, "numero_dias_sem_chuva": null, "risco_fogo": null, "bioma": "Caatinga", "id_0": 33, "id_1": 29, "id_2": 2930006, "continente_id": 8, "vegetacao": null, "grade_wrs": "218_070", "frp": 7.7}, "bbox": [-42.9939, -14.66689, -42.9939, -14.66689]}, {"type": "Feature", "id": "focos_48h_br_todosats.fid--211a0569_19dad572493_c59", "geometry": {"type": "Point", "coordinates": [-50.60415, -27.17178]}, "geometry_name": "geometria", "properties": {"id_foco_bdq": 1814852851, "foco_id": "cd0dff1e-448d-3798-b980-baf6c0b822db", "longitude": -50.60415, "latitude": -27.17178, "data_hora_gmt": "2026-04-20T16:37:00Z", "data_pas": "2026-04-20", "satelite": "NOAA-20", "municipio": "PONTE ALTA DO NORTE", "estado": "SANTA CATARINA", "pais": "Brasil", "precipitacao": null, "numero_dias_sem_chuva": null, "risco_fogo": null, "bioma": "Mata Atlântica", "id_0": 33, "id_1": 42, "id_2": 4213351, "continente_id": 8, "vegetacao": null, "grade_wrs": "221_079", "frp": 19.5}, "bbox": [-50.60415, -27.17178, -50.60415, -27.17178]}, {"type": "Feature", "id": "focos_48h_br_todosats.fid--211a0569_19dad572493_c5a", "geometry": {"type": "Point", "coordinates": [-44.14679, -18.37206]}, "geometry_name": "geometria", "properties": {"id_foco_bdq": 1814852864, "foco_id": "0473f079-5735-3247-b9c5-6b690301a101", "longitude": -44.14679, "latitude": -18.37206, "data_hora_gmt": "2026-04-20T16:37:00Z", "data_pas": "2026-04-20", "satelite": "NOAA-20", "municipio": "MONJOLOS", "estado": "MINAS GERAIS", "pais": "Brasil", "precipitacao": null, "numero_dias_sem_chuva": null, "risco_fogo": null, "bioma": "Cerrado", "id_0": 33, "id_1": 31, "id_2": 3142502, "continente_id": 8, "vegetacao": null, "grade_wrs": "218_073", "frp": 4}, "bbox": [-44.14679, -18.37206, -44.14679, -18.37206]}, {"type": "Feature", "id": "focos_48h_br_todosats.fid--211a0569_19dad572493_c5b", "geometry": {"type": "Point", "coordinates": [-50.72972, -25.36607]}, "geometry_name": "geometria", "properties": {"id_foco_bdq": 1814852892, "foco_id": "6194fea8-efc6-3082-be62-e6223ba88a50", "longitude": -50.72972, "latitude": -25.36607, "data_hora_gmt": "2026-04-20T16:37:00Z", "data_pas": "2026-04-20", "satelite": "NOAA-20", "municipio": "IRATI", "estado": "PARANÁ", "pais": "Brasil", "precipitacao": null, "numero_dias_sem_chuva": null, "risco_fogo": null, "bioma": "Mata Atlântica", "id_0": 33, "id_1": 41, "id_2": 4110706, "continente_id": 8, "vegetacao": null, "grade_wrs": "221_078", "frp": 9.7}, "bbox": [-50.72972, -25.36607, -50.72972, -25.36607]}, {"type": "Feature", "id": "focos_48h_br_todosats.fid--211a0569_19dad572493_c5c", "geometry": {"type": "Point", "coordinates": [-39.60315, -13.38634]}, "geometry_name": "geometria", "properties": {"id_foco_bdq": 1814852893, "foco_id": "594a0e0f-65f3-3953-b60b-79fb0b3e8ad5", "longitude": -39.60315, "latitude": -13.38634, "data_hora_gmt": "2026-04-20T16:37:00Z", "data_pas": "2026-04-20", "satelite": "NOAA-20", "municipio": "JIQUIRIÇÁ", "estado": "BAHIA", "pais": "Brasil", "precipitacao": null, "numero_dias_sem_chuva": null, "risco_fogo": null, "bioma": "Mata Atlântica", "id_0": 33, "id_1": 29, "id_2": 2918209, "continente_id": 8, "vegetacao": null, "grade_wrs": "216_069", "frp": 5.8}, "bbox": [-39.60315, -13.38634, -39.60315, -13.38634]}, {"type": "Feature", "id": "focos_48h_br_todosats.fid--211a0569_19dad572493_c5d", "geometry": {"type": "Point", "coordinates": [-47.52684, -13.50584]}, "geometry_name": "geometria", "properties": {"id_foco_bdq": 1814852906, "foco_id": "2b6a4af4-d442-3073-a11e-8e70a9dc84f0", "longitude": -47.52684, "latitude": -13.50584, "data_hora_gmt": "2026-04-20T16:37:00Z", "data_pas": "2026-04-20", "satelite": "NOAA-20", "municipio": "CAVALCANTE", "estado": "GOIÁS", "pais": "Brasil", "precipitacao": null, "numero_dias_sem_chuva": null, "risco_fogo": null, "bioma": "Cerrado", "id_0": 33, "id_1": 52, "id_2": 5205307, "continente_id": 8, "vegetacao": null, "grade_wrs": "221_069", "frp": 2.7}, "bbox": [-47.52684, -13.50584, -47.52684, -13.50584]}, {"type": "Feature", "id": "focos_48h_br_todosats.fid--211a0569_19dad572493_c5e", "geometry": {"type": "Point", "coordinates": [-39.82154, -16.68261]}, "geometry_name": "geometria", "properties": {"id_foco_bdq": 1814852910, "foco_id": "926f58a1-390e-3a8c-8578-4b73e31fdd1d", "longitude": -39.82154, "latitude": -16.68261, "data_hora_gmt": "2026-04-20T16:37:00Z", "data_pas": "2026-04-20", "satelite": "NOAA-20", "municipio": "GUARATINGA", "estado": "BAHIA", "pais": "Brasil", "precipitacao": null, "numero_dias_sem_chuva": null, "risco_fogo": null, "bioma": "Mata Atlântica", "id_0": 33, "id_1": 29, "id_2": 2911808, "continente_id": 8, "vegetacao": null, "grade_wrs": "216_071", "frp": 1.4}, "bbox": [-39.82154, -16.68261, -39.82154, -16.68261]}, {"type": "Feature", "id": "focos_48h_br_todosats.fid--211a0569_19dad572493_c5f", "geometry": {"type": "Point", "coordinates": [-50.73104, -25.36426]}, "geometry_name": "geometria", "properties": {"id_foco_bdq": 1814852911, "foco_id": "99bf5728-a7fe-375c-98c1-fadb102f29ce", "longitude": -50.73104, "latitude": -25.36426, "data_hora_gmt": "2026-04-20T16:37:00Z", "data_pas": "2026-04-20", "satelite": "NOAA-20", "municipio": "IRATI", "estado": "PARANÁ", "pais": "Brasil", "precipitacao": null, "numero_dias_sem_chuva": null, "risco_fogo": null, "bioma": "Mata Atlântica", "id_0": 33, "id_1": 41, "id_2": 4110706, "continente_id": 8, "vegetacao": null, "grade_wrs": "221_078", "frp": 8}, "bbox": [-50.73104, -25.36426, -50.73104, -25.36426]}, {"type": "Feature", "id": "focos_48h_br_todosats.fid--211a0569_19dad572493_c60", "geometry": {"type": "Point", "coordinates": [-47.77732, -15.68183]}, "geometry_name": "geometria", "properties": {"id_foco_bdq": 1814852912, "foco_id": "48bcdc37-4618-347b-8815-f78b99f270b5", "longitude": -47.77732, "latitude": -15.68183, "data_hora_gmt": "2026-04-20T16:37:00Z", "data_pas": "2026-04-20", "satelite": "NOAA-20", "municipio": "BRASÍLIA", "estado": "DISTRITO FEDERAL", "pais": "Brasil", "precipitacao": null, "numero_dias_sem_chuva": null, "risco_fogo": null, "bioma": "Cerrado", "id_0": 33, "id_1": 53, "id_2": 5300108, "continente_id": 8, "vegetacao": null, "grade_wrs": "221_071", "frp": 5.4}, "bbox": [-47.77732, -15.68183, -47.77732, -15.68183]}, {"type": "Feature", "id": "focos_48h_br_todosats.fid--211a0569_19dad572493_c61", "geometry": {"type": "Point", "coordinates": [-41.03217, -12.1557]}, "geometry_name": "geometria", "properties": {"id_foco_bdq": 1814852915, "foco_id": "b5613cf4-b0ef-356b-864d-e79c7db4362b", "longitude": -41.03217, "latitude": -12.1557, "data_hora_gmt": "2026-04-20T16:37:00Z", "data_pas": "2026-04-20", "satelite": "NOAA-20", "municipio": "RUY BARBOSA", "estado": "BAHIA", "pais": "Brasil", "precipitacao": null, "numero_dias_sem_chuva": null, "risco_fogo": null, "bioma": "Caatinga", "id_0": 33, "id_1": 29, "id_2": 2927200, "continente_id": 8, "vegetacao": null, "grade_wrs": "217_068", "frp": 2.7}, "bbox": [-41.03217, -12.1557, -41.03217, -12.1557]}, {"type": "Feature", "id": "focos_48h_br_todosats.fid--211a0569_19dad572493_c62", "geometry": {"type": "Point", "coordinates": [-39.47077, -14.09871]}, "geometry_name": "geometria", "properties": {"id_foco_bdq": 1814852918, "foco_id": "ef01a821-a53d-31ad-82ec-89339f4692eb", "longitude": -39.47077, "latitude": -14.09871, "data_hora_gmt": "2026-04-20T16:37:00Z", "data_pas": "2026-04-20", "satelite": "NOAA-20", "municipio": "IBIRAPITANGA", "estado": "BAHIA", "pais": "Brasil", "precipitacao": null, "numero_dias_sem_chuva": null, "risco_fogo": null, "bioma": "Mata Atlântica", "id_0": 33, "id_1": 29, "id_2": 2912707, "continente_id": 8, "vegetacao": null, "grade_wrs": "216_070", "frp": 6.4}, "bbox": [-39.47077, -14.09871, -39.47077, -14.09871]}, {"type": "Feature", "id": "focos_48h_br_todosats.fid--211a0569_19dad572493_c63", "geometry": {"type": "Point", "coordinates": [-39.02748, -15.84897]}, "geometry_name": "geometria", "properties": {"id_foco_bdq": 1814852930, "foco_id": "e558abb7-d944-3c2a-91f7-aa4614435168", "longitude": -39.02748, "latitude": -15.84897, "data_hora_gmt": "2026-04-20T16:37:00Z", "data_pas": "2026-04-20", "satelite": "NOAA-20", "municipio": "BELMONTE", "estado": "BAHIA", "pais": "Brasil", "precipitacao": null, "numero_dias_sem_chuva": null, "risco_fogo": null, "bioma": "Mata Atlântica", "id_0": 33, "id_1": 29, "id_2": 2903409, "continente_id": 8, "vegetacao": null, "grade_wrs": "215_071", "frp": 23.7}, "bbox": [-39.02748, -15.84897, -39.02748, -15.84897]}, {"type": "Feature", "id": "focos_48h_br_todosats.fid--211a0569_19dad572493_c64", "geometry": {"type": "Point", "coordinates": [-51.13282, -25.14396]}, "geometry_name": "geometria", "properties": {"id_foco_bdq": 1814852931, "foco_id": "f8c48ddc-07b0-376a-9c4a-2afd9a1ef112", "longitude": -51.13282, "latitude": -25.14396, "data_hora_gmt": "2026-04-20T16:37:00Z", "data_pas": "2026-04-20", "satelite": "NOAA-20", "municipio": "PRUDENTÓPOLIS", "estado": "PARANÁ", "pais": "Brasil", "precipitacao": null, "numero_dias_sem_chuva": null, "risco_fogo": null, "bioma": "Mata Atlântica", "id_0": 33, "id_1": 41, "id_2": 4120606, "continente_id": 8, "vegetacao": null, "grade_wrs": "222_077", "frp": 5.4}, "bbox": [-51.13282, -25.14396, -51.13282, -25.14396]}, {"type": "Feature", "id": "focos_48h_br_todosats.fid--211a0569_19dad572493_c65", "geometry": {"type": "Point", "coordinates": [-39.17757, -16.68161]}, "geometry_name": "geometria", "properties": {"id_foco_bdq": 1814852939, "foco_id": "9a6792bd-57eb-3431-8309-0c29f826d20d", "longitude": -39.17757, "latitude": -16.68161, "data_hora_gmt": "2026-04-20T16:37:00Z", "data_pas": "2026-04-20", "satelite": "NOAA-20", "municipio": "PORTO SEGURO", "estado": "BAHIA", "pais": "Brasil", "precipitacao": null, "numero_dias_sem_chuva": null, "risco_fogo": null, "bioma": "Mata Atlântica", "id_0": 33, "id_1": 29, "id_2": 2925303, "continente_id": 8, "vegetacao": null, "grade_wrs": "215_072", "frp": 7.7}, "bbox": [-39.17757, -16.68161, -39.17757, -16.68161]}, {"type": "Feature", "id": "focos_48h_br_todosats.fid--211a0569_19dad572493_c66", "geometry": {"type": "Point", "coordinates": [-39.3323, -13.86262]}, "geometry_name": "geometria", "properties": {"id_foco_bdq": 1814852947, "foco_id": "12c7545a-1ebf-3fa2-898d-df68e17d1503", "longitude": -39.3323, "latitude": -13.86262, "data_hora_gmt": "2026-04-20T16:37:00Z", "data_pas": "2026-04-20", "satelite": "NOAA-20", "municipio": "IGRAPIÚNA", "estado": "BAHIA", "pais": "Brasil", "precipitacao": null, "numero_dias_sem_chuva": null, "risco_fogo": null, "bioma": "Mata Atlântica", "id_0": 33, "id_1": 29, "id_2": 2913457, "continente_id": 8, "vegetacao": null, "grade_wrs": "216_070", "frp": 7.4}, "bbox": [-39.3323, -13.86262, -39.3323, -13.86262]}, {"type": "Feature", "id": "focos_48h_br_todosats.fid--211a0569_19dad572493_c67", "geometry": {"type": "Point", "coordinates": [-44.81456, -17.71149]}, "geometry_name": "geometria", "properties": {"id_foco_bdq": 1814852951, "foco_id": "cde9ed2e-c14c-31d4-b1aa-63392fddd343", "longitude": -44.81456, "latitude": -17.71149, "data_hora_gmt": "2026-04-20T16:37:00Z", "data_pas": "2026-04-20", "satelite": "NOAA-20", "municipio": "VÁRZEA DA PALMA", "estado": "MINAS GERAIS", "pais": "Brasil", "precipitacao": null, "numero_dias_sem_chuva": null, "risco_fogo": null, "bioma": "Cerrado", "id_0": 33, "id_1": 31, "id_2": 3170800, "continente_id": 8, "vegetacao": null, "grade_wrs": "219_072", "frp": 8}, "bbox": [-44.81456, -17.71149, -44.81456, -17.71149]}, {"type": "Feature", "id": "focos_48h_br_todosats.fid--211a0569_19dad572493_c68", "geometry": {"type": "Point", "coordinates": [-49.88698, -16.78824]}, "geometry_name": "geometria", "properties": {"id_foco_bdq": 1814852958, "foco_id": "a820a674-b38a-3b9b-afe1-fc6f62e2bb92", "longitude": -49.88698, "latitude": -16.78824, "data_hora_gmt": "2026-04-20T16:37:00Z", "data_pas": "2026-04-20", "satelite": "NOAA-20", "municipio": "PALMEIRAS DE GOIÁS", "estado": "GOIÁS", "pais": "Brasil", "precipitacao": null, "numero_dias_sem_chuva": null, "risco_fogo": null, "bioma": "Cerrado", "id_0": 33, "id_1": 52, "id_2": 5215702, "continente_id": 8, "vegetacao": null, "grade_wrs": "222_072", "frp": 4.9}, "bbox": [-49.88698, -16.78824, -49.88698, -16.78824]}, {"type": "Feature", "id": "focos_48h_br_todosats.fid--211a0569_19dad572493_c69", "geometry": {"type": "Point", "coordinates": [-39.10326, -15.96277]}, "geometry_name": "geometria", "properties": {"id_foco_bdq": 1814852960, "foco_id": "9e8ec900-dcab-3cfc-bdad-b79319698d74", "longitude": -39.10326, "latitude": -15.96277, "data_hora_gmt": "2026-04-20T16:37:00Z", "data_pas": "2026-04-20", "satelite": "NOAA-20", "municipio": "BELMONTE", "estado": "BAHIA", "pais": "Brasil", "precipitacao": null, "numero_dias_sem_chuva": null, "risco_fogo": null, "bioma": "Mata Atlântica", "id_0": 33, "id_1": 29, "id_2": 2903409, "continente_id": 8, "vegetacao": null, "grade_wrs": "215_071", "frp": 7.2}, "bbox": [-39.10326, -15.96277, -39.10326, -15.96277]}, {"type": "Feature", "id": "focos_48h_br_todosats.fid--211a0569_19dad572493_c6a", "geometry": {"type": "Point", "coordinates": [-49.57381, -27.0021]}, "geometry_name": "geometria", "properties": {"id_foco_bdq": 1814852972, "foco_id": "a1463cfb-4895-3103-a930-18f8ece181ac", "longitude": -49.57381, "latitude": -27.0021, "data_hora_gmt": "2026-04-20T16:37:00Z", "data_pas": "2026-04-20", "satelite": "NOAA-20", "municipio": "IBIRAMA", "estado": "SANTA CATARINA", "pais": "Brasil", "precipitacao": null, "numero_dias_sem_chuva": null, "risco_fogo": null, "bioma": "Mata Atlântica", "id_0": 33, "id_1": 42, "id_2": 4206900, "continente_id": 8, "vegetacao": null, "grade_wrs": "220_079", "frp": 3.8}, "bbox": [-49.57381, -27.0021, -49.57381, -27.0021]}, {"type": "Feature", "id": "focos_48h_br_todosats.fid--211a0569_19dad572493_c6b", "geometry": {"type": "Point", "coordinates": [-49.3978, -25.17588]}, "geometry_name": "geometria", "properties": {"id_foco_bdq": 1814852980, "foco_id": "1cb6a150-0d3d-36a5-a98e-cb77101b6532", "longitude": -49.3978, "latitude": -25.17588, "data_hora_gmt": "2026-04-20T16:37:00Z", "data_pas": "2026-04-20", "satelite": "NOAA-20", "municipio": "RIO BRANCO DO SUL", "estado": "PARANÁ", "pais": "Brasil", "precipitacao": null, "numero_dias_sem_chuva": null, "risco_fogo": null, "bioma": "Mata Atlântica", "id_0": 33, "id_1": 41, "id_2": 4122206, "continente_id": 8, "vegetacao": null, "grade_wrs": "221_077", "frp": 8.1}, "bbox": [-49.3978, -25.17588, -49.3978, -25.17588]}, {"type": "Feature", "id": "focos_48h_br_todosats.fid--211a0569_19dad572493_c6c", "geometry": {"type": "Point", "coordinates": [-48.20694, -16.38236]}, "geometry_name": "geometria", "properties": {"id_foco_bdq": 1814852995, "foco_id": "269d8468-af53-342d-8e41-ec864cb21507", "longitude": -48.20694, "latitude": -16.38236, "data_hora_gmt": "2026-04-20T16:37:00Z", "data_pas": "2026-04-20", "satelite": "NOAA-20", "municipio": "LUZIÂNIA", "estado": "GOIÁS", "pais": "Brasil", "precipitacao": null, "numero_dias_sem_chuva": null, "risco_fogo": null, "bioma": "Cerrado", "id_0": 33, "id_1": 52, "id_2": 5212501, "continente_id": 8, "vegetacao": null, "grade_wrs": "221_071", "frp": 8.9}, "bbox": [-48.20694, -16.38236, -48.20694, -16.38236]}, {"type": "Feature", "id": "focos_48h_br_todosats.fid--211a0569_19dad572493_c6d", "geometry": {"type": "Point", "coordinates": [-49.33427, -25.10115]}, "geometry_name": "geometria", "properties": {"id_foco_bdq": 1814853013, "foco_id": "bd192f0b-93ca-3526-8729-797a419f46a5", "longitude": -49.33427, "latitude": -25.10115, "data_hora_gmt": "2026-04-20T16:37:00Z", "data_pas": "2026-04-20", "satelite": "NOAA-20", "municipio": "RIO BRANCO DO SUL", "estado": "PARANÁ", "pais": "Brasil", "precipitacao": null, "numero_dias_sem_chuva": null, "risco_fogo": null, "bioma": "Mata Atlântica", "id_0": 33, "id_1": 41, "id_2": 4122206, "continente_id": 8, "vegetacao": null, "grade_wrs": "221_077", "frp": 7.1}, "bbox": [-49.33427, -25.10115, -49.33427, -25.10115]}, {"type": "Feature", "id": "focos_48h_br_todosats.fid--211a0569_19dad572493_c6e", "geometry": {"type": "Point", "coordinates": [-50.68768, -27.26167]}, "geometry_name": "geometria", "properties": {"id_foco_bdq": 1814853022, "foco_id": "490451b1-573f-3e50-90ba-908e8fc1ad2f", "longitude": -50.68768, "latitude": -27.26167, "data_hora_gmt": "2026-04-20T16:37:00Z", "data_pas": "2026-04-20", "satelite": "NOAA-20", "municipio": "CURITIBANOS", "estado": "SANTA CATARINA", "pais": "Brasil", "precipitacao": null, "numero_dias_sem_chuva": null, "risco_fogo": null, "bioma": "Mata Atlântica", "id_0": 33, "id_1": 42, "id_2": 4204806, "continente_id": 8, "vegetacao": null, "grade_wrs": "221_079", "frp": 6.8}, "bbox": [-50.68768, -27.26167, -50.68768, -27.26167]}, {"type": "Feature", "id": "focos_48h_br_todosats.fid--211a0569_19dad572493_c6f", "geometry": {"type": "Point", "coordinates": [-49.33548, -25.10371]}, "geometry_name": "geometria", "properties": {"id_foco_bdq": 1814853036, "foco_id": "0b08cfbc-a816-3d44-9855-eba7b9c09f0c", "longitude": -49.33548, "latitude": -25.10371, "data_hora_gmt": "2026-04-20T16:37:00Z", "data_pas": "2026-04-20", "satelite": "NOAA-20", "municipio": "RIO BRANCO DO SUL", "estado": "PARANÁ", "pais": "Brasil", "precipitacao": null, "numero_dias_sem_chuva": null, "risco_fogo": null, "bioma": "Mata Atlântica", "id_0": 33, "id_1": 41, "id_2": 4122206, "continente_id": 8, "vegetacao": null, "grade_wrs": "221_077", "frp": 9.6}, "bbox": [-49.33548, -25.10371, -49.33548, -25.10371]}, {"type": "Feature", "id": "focos_48h_br_todosats.fid--211a0569_19dad572493_c70", "geometry": {"type": "Point", "coordinates": [-50.10018, -26.89727]}, "geometry_name": "geometria", "properties": {"id_foco_bdq": 1814853043, "foco_id": "f267dd8e-bc88-3b9b-90bd-4923c72c0135", "longitude": -50.10018, "latitude": -26.89727, "data_hora_gmt": "2026-04-20T16:37:00Z", "data_pas": "2026-04-20", "satelite": "NOAA-20", "municipio": "RIO DO CAMPO", "estado": "SANTA CATARINA", "pais": "Brasil", "precipitacao": null, "numero_dias_sem_chuva": null, "risco_fogo": null, "bioma": "Mata Atlântica", "id_0": 33, "id_1": 42, "id_2": 4214508, "continente_id": 8, "vegetacao": null, "grade_wrs": "221_079", "frp": 6}, "bbox": [-50.10018, -26.89727, -50.10018, -26.89727]}, {"type": "Feature", "id": "focos_48h_br_todosats.fid--211a0569_19dad572493_c71", "geometry": {"type": "Point", "coordinates": [-44.70928, -19.43176]}, "geometry_name": "geometria", "properties": {"id_foco_bdq": 1814853054, "foco_id": "40ddbdf9-79e4-38ee-b121-aa679b9b6f02", "longitude": -44.70928, "latitude": -19.43176, "data_hora_gmt": "2026-04-20T16:37:00Z", "data_pas": "2026-04-20", "satelite": "NOAA-20", "municipio": "PAPAGAIOS", "estado": "MINAS GERAIS", "pais": "Brasil", "precipitacao": null, "numero_dias_sem_chuva": null, "risco_fogo": null, "bioma": "Cerrado", "id_0": 33, "id_1": 31, "id_2": 3146909, "continente_id": 8, "vegetacao": null, "grade_wrs": "218_074", "frp": 4.1}, "bbox": [-44.70928, -19.43176, -44.70928, -19.43176]}, {"type": "Feature", "id": "focos_48h_br_todosats.fid--211a0569_19dad572493_c72", "geometry": {"type": "Point", "coordinates": [-50.89409, -25.85092]}, "geometry_name": "geometria", "properties": {"id_foco_bdq": 1814853058, "foco_id": "a19b33bb-2fba-359c-9943-fdc18bd64c84", "longitude": -50.89409, "latitude": -25.85092, "data_hora_gmt": "2026-04-20T16:37:00Z", "data_pas": "2026-04-20", "satelite": "NOAA-20", "municipio": "MALLET", "estado": "PARANÁ", "pais": "Brasil", "precipitacao": null, "numero_dias_sem_chuva": null, "risco_fogo": null, "bioma": "Mata Atlântica", "id_0": 33, "id_1": 41, "id_2": 4113908, "continente_id": 8, "vegetacao": null, "grade_wrs": "221_078", "frp": 3.7}, "bbox": [-50.89409, -25.85092, -50.89409, -25.85092]}, {"type": "Feature", "id": "focos_48h_br_todosats.fid--211a0569_19dad572493_c73", "geometry": {"type": "Point", "coordinates": [-49.59626, -20.03655]}, "geometry_name": "geometria", "properties": {"id_foco_bdq": 1814853059, "foco_id": "bdbabcaa-3650-3d4d-91f0-efdf9bf60a9e", "longitude": -49.59626, "latitude": -20.03655, "data_hora_gmt": "2026-04-20T16:37:00Z", "data_pas": "2026-04-20", "satelite": "NOAA-20", "municipio": "RIOLÂNDIA", "estado": "SÃO PAULO", "pais": "Brasil", "precipitacao": null, "numero_dias_sem_chuva": null, "risco_fogo": null, "bioma": "Mata Atlântica", "id_0": 33, "id_1": 35, "id_2": 3544202, "continente_id": 8, "vegetacao": null, "grade_wrs": "221_074", "frp": 5.7}, "bbox": [-49.59626, -20.03655, -49.59626, -20.03655]}, {"type": "Feature", "id": "focos_48h_br_todosats.fid--211a0569_19dad572493_c74", "geometry": {"type": "Point", "coordinates": [-43.09427, -14.81681]}, "geometry_name": "geometria", "properties": {"id_foco_bdq": 1814853075, "foco_id": "83556dc4-e58d-33a2-8780-8f5543a08d94", "longitude": -43.09427, "latitude": -14.81681, "data_hora_gmt": "2026-04-20T16:37:00Z", "data_pas": "2026-04-20", "satelite": "NOAA-20", "municipio": "ESPINOSA", "estado": "MINAS GERAIS", "pais": "Brasil", "precipitacao": null, "numero_dias_sem_chuva": null, "risco_fogo": null, "bioma": "Caatinga", "id_0": 33, "id_1": 31, "id_2": 3124302, "continente_id": 8, "vegetacao": null, "grade_wrs": "218_070", "frp": 9.9}, "bbox": [-43.09427, -14.81681, -43.09427, -14.81681]}, {"type": "Feature", "id": "focos_48h_br_todosats.fid--211a0569_19dad572493_c75", "geometry": {"type": "Point", "coordinates": [-46.16845, -20.32385]}, "geometry_name": "geometria", "properties": {"id_foco_bdq": 1814853077, "foco_id": "13321821-1642-3237-bb31-aa8806e24301", "longitude": -46.16845, "latitude": -20.32385, "data_hora_gmt": "2026-04-20T16:37:00Z", "data_pas": "2026-04-20", "satelite": "NOAA-20", "municipio": "SÃO ROQUE DE MINAS", "estado": "MINAS GERAIS", "pais": "Brasil", "precipitacao": null, "numero_dias_sem_chuva": null, "risco_fogo": null, "bioma": "Cerrado", "id_0": 33, "id_1": 31, "id_2": 3164308, "continente_id": 8, "vegetacao": null, "grade_wrs": "219_074", "frp": 3.7}, "bbox": [-46.16845, -20.32385, -46.16845, -20.32385]}, {"type": "Feature", "id": "focos_48h_br_todosats.fid--211a0569_19dad572493_c76", "geometry": {"type": "Point", "coordinates": [-39.49565, -16.3556]}, "geometry_name": "geometria", "properties": {"id_foco_bdq": 1814853081, "foco_id": "fd5d8f52-a956-3659-b03e-a83b3d63bb30", "longitude": -39.49565, "latitude": -16.3556, "data_hora_gmt": "2026-04-20T16:37:00Z", "data_pas": "2026-04-20", "satelite": "NOAA-20", "municipio": "EUNÁPOLIS", "estado": "BAHIA", "pais": "Brasil", "precipitacao": null, "numero_dias_sem_chuva": null, "risco_fogo": null, "bioma": "Mata Atlântica", "id_0": 33, "id_1": 29, "id_2": 2910727, "continente_id": 8, "vegetacao": null, "grade_wrs": "215_071", "frp": 12}, "bbox": [-39.49565, -16.3556, -39.49565, -16.3556]}, {"type": "Feature", "id": "focos_48h_br_todosats.fid--211a0569_19dad572493_c77", "geometry": {"type": "Point", "coordinates": [-47.54081, -13.49046]}, "geometry_name": "geometria", "properties": {"id_foco_bdq": 1814853090, "foco_id": "7d581ac3-832f-358a-bb5f-ef5f75d71a46", "longitude": -47.54081, "latitude": -13.49046, "data_hora_gmt": "2026-04-20T16:37:00Z", "data_pas": "2026-04-20", "satelite": "NOAA-20", "municipio": "CAVALCANTE", "estado": "GOIÁS", "pais": "Brasil", "precipitacao": null, "numero_dias_sem_chuva": null, "risco_fogo": null, "bioma": "Cerrado", "id_0": 33, "id_1": 52, "id_2": 5205307, "continente_id": 8, "vegetacao": null, "grade_wrs": "221_069", "frp": 3.5}, "bbox": [-47.54081, -13.49046, -47.54081, -13.49046]}, {"type": "Feature", "id": "focos_48h_br_todosats.fid--211a0569_19dad572493_c78", "geometry": {"type": "Point", "coordinates": [-47.53733, -14.59392]}, "geometry_name": "geometria", "properties": {"id_foco_bdq": 1814853098, "foco_id": "5053bcd5-8cc0-3d95-9a3a-95ae6c70ade8", "longitude": -47.53733, "latitude": -14.59392, "data_hora_gmt": "2026-04-20T16:37:00Z", "data_pas": "2026-04-20", "satelite": "NOAA-20", "municipio": "SÃO JOÃO D'ALIANÇA", "estado": "GOIÁS", "pais": "Brasil", "precipitacao": null, "numero_dias_sem_chuva": null, "risco_fogo": null, "bioma": "Cerrado", "id_0": 33, "id_1": 52, "id_2": 5220009, "continente_id": 8, "vegetacao": null, "grade_wrs": "221_070", "frp": 1.4}, "bbox": [-47.53733, -14.59392, -47.53733, -14.59392]}, {"type": "Feature", "id": "focos_48h_br_todosats.fid--211a0569_19dad572493_c79", "geometry": {"type": "Point", "coordinates": [-51.46717, -27.3501]}, "geometry_name": "geometria", "properties": {"id_foco_bdq": 1814853107, "foco_id": "4e4c4194-7812-3716-b5ba-0133426e5eb1", "longitude": -51.46717, "latitude": -27.3501, "data_hora_gmt": "2026-04-20T16:37:00Z", "data_pas": "2026-04-20", "satelite": "NOAA-20", "municipio": "CAMPOS NOVOS", "estado": "SANTA CATARINA", "pais": "Brasil", "precipitacao": null, "numero_dias_sem_chuva": null, "risco_fogo": null, "bioma": "Mata Atlântica", "id_0": 33, "id_1": 42, "id_2": 4203600, "continente_id": 8, "vegetacao": null, "grade_wrs": "222_079", "frp": 16}, "bbox": [-51.46717, -27.3501, -51.46717, -27.3501]}, {"type": "Feature", "id": "focos_48h_br_todosats.fid--211a0569_19dad572493_c7a", "geometry": {"type": "Point", "coordinates": [-46.72938, -17.67042]}, "geometry_name": "geometria", "properties": {"id_foco_bdq": 1814853115, "foco_id": "157dbbd3-9cb3-3b4d-af74-ae4996875cc5", "longitude": -46.72938, "latitude": -17.67042, "data_hora_gmt": "2026-04-20T16:37:00Z", "data_pas": "2026-04-20", "satelite": "NOAA-20", "municipio": "VAZANTE", "estado": "MINAS GERAIS", "pais": "Brasil", "precipitacao": null, "numero_dias_sem_chuva": null, "risco_fogo": null, "bioma": "Cerrado", "id_0": 33, "id_1": 31, "id_2": 3171006, "continente_id": 8, "vegetacao": null, "grade_wrs": "220_072", "frp": 4.2}, "bbox": [-46.72938, -17.67042, -46.72938, -17.67042]}, {"type": "Feature", "id": "focos_48h_br_todosats.fid--211a0569_19dad572493_c7b", "geometry": {"type": "Point", "coordinates": [-51.15294, -25.12159]}, "geometry_name": "geometria", "properties": {"id_foco_bdq": 1814853134, "foco_id": "d7fea5f3-81c2-35a5-8aae-3202c6779718", "longitude": -51.15294, "latitude": -25.12159, "data_hora_gmt": "2026-04-20T16:37:00Z", "data_pas": "2026-04-20", "satelite": "NOAA-20", "municipio": "PRUDENTÓPOLIS", "estado": "PARANÁ", "pais": "Brasil", "precipitacao": null, "numero_dias_sem_chuva": null, "risco_fogo": null, "bioma": "Mata Atlântica", "id_0": 33, "id_1": 41, "id_2": 4120606, "continente_id": 8, "vegetacao": null, "grade_wrs": "222_077", "frp": 6.2}, "bbox": [-51.15294, -25.12159, -51.15294, -25.12159]}, {"type": "Feature", "id": "focos_48h_br_todosats.fid--211a0569_19dad572493_c7c", "geometry": {"type": "Point", "coordinates": [-39.34574, -13.53802]}, "geometry_name": "geometria", "properties": {"id_foco_bdq": 1814853136, "foco_id": "293c727a-b5db-3e14-9e4d-c4ecc8a8d302", "longitude": -39.34574, "latitude": -13.53802, "data_hora_gmt": "2026-04-20T16:37:00Z", "data_pas": "2026-04-20", "satelite": "NOAA-20", "municipio": "PRESIDENTE TANCREDO NEVES", "estado": "BAHIA", "pais": "Brasil", "precipitacao": null, "numero_dias_sem_chuva": null, "risco_fogo": null, "bioma": "Mata Atlântica", "id_0": 33, "id_1": 29, "id_2": 2925758, "continente_id": 8, "vegetacao": null, "grade_wrs": "216_069", "frp": 14.6}, "bbox": [-39.34574, -13.53802, -39.34574, -13.53802]}, {"type": "Feature", "id": "focos_48h_br_todosats.fid--211a0569_19dad572493_c7d", "geometry": {"type": "Point", "coordinates": [-50.10795, -26.89425]}, "geometry_name": "geometria", "properties": {"id_foco_bdq": 1814853138, "foco_id": "55a18315-4eb9-398b-94d5-58b7c56a891b", "longitude": -50.10795, "latitude": -26.89425, "data_hora_gmt": "2026-04-20T16:37:00Z", "data_pas": "2026-04-20", "satelite": "NOAA-20", "municipio": "RIO DO CAMPO", "estado": "SANTA CATARINA", "pais": "Brasil", "precipitacao": null, "numero_dias_sem_chuva": null, "risco_fogo": null, "bioma": "Mata Atlântica", "id_0": 33, "id_1": 42, "id_2": 4214508, "continente_id": 8, "vegetacao": null, "grade_wrs": "221_079", "frp": 6.6}, "bbox": [-50.10795, -26.89425, -50.10795, -26.89425]}, {"type": "Feature", "id": "focos_48h_br_todosats.fid--211a0569_19dad572493_c7e", "geometry": {"type": "Point", "coordinates": [-42.42585, -16.60362]}, "geometry_name": "geometria", "properties": {"id_foco_bdq": 1814853160, "foco_id": "da06b6da-870d-344d-9061-e535f1104944", "longitude": -42.42585, "latitude": -16.60362, "data_hora_gmt": "2026-04-20T16:37:00Z", "data_pas": "2026-04-20", "satelite": "NOAA-20", "municipio": "JOSENÓPOLIS", "estado": "MINAS GERAIS", "pais": "Brasil", "precipitacao": null, "numero_dias_sem_chuva": null, "risco_fogo": null, "bioma": "Cerrado", "id_0": 33, "id_1": 31, "id_2": 3136579, "continente_id": 8, "vegetacao": null, "grade_wrs": "217_072", "frp": 2.8}, "bbox": [-42.42585, -16.60362, -42.42585, -16.60362]}, {"type": "Feature", "id": "focos_48h_br_todosats.fid--211a0569_19dad572493_c7f", "geometry": {"type": "Point", "coordinates": [-50.10272, -26.89371]}, "geometry_name": "geometria", "properties": {"id_foco_bdq": 1814853161, "foco_id": "02e03d18-55fd-3db8-9a04-bebbb36a4b15", "longitude": -50.10272, "latitude": -26.89371, "data_hora_gmt": "2026-04-20T16:37:00Z", "data_pas": "2026-04-20", "satelite": "NOAA-20", "municipio": "RIO DO CAMPO", "estado": "SANTA CATARINA", "pais": "Brasil", "precipitacao": null, "numero_dias_sem_chuva": null, "risco_fogo": null, "bioma": "Mata Atlântica", "id_0": 33, "id_1": 42, "id_2": 4214508, "continente_id": 8, "vegetacao": null, "grade_wrs": "221_079", "frp": 4.8}, "bbox": [-50.10272, -26.89371, -50.10272, -26.89371]}, {"type": "Feature", "id": "focos_48h_br_todosats.fid--211a0569_19dad572493_c80", "geometry": {"type": "Point", "coordinates": [-39.65006, -14.55622]}, "geometry_name": "geometria", "properties": {"id_foco_bdq": 1814853162, "foco_id": "26e28eee-9444-3c56-a308-d72ed612af34", "longitude": -39.65006, "latitude": -14.55622, "data_hora_gmt": "2026-04-20T16:37:00Z", "data_pas": "2026-04-20", "satelite": "NOAA-20", "municipio": "ITAPITANGA", "estado": "BAHIA", "pais": "Brasil", "precipitacao": null, "numero_dias_sem_chuva": null, "risco_fogo": null, "bioma": "Mata Atlântica", "id_0": 33, "id_1": 29, "id_2": 2916609, "continente_id": 8, "vegetacao": null, "grade_wrs": "216_070", "frp": 3.3}, "bbox": [-39.65006, -14.55622, -39.65006, -14.55622]}, {"type": "Feature", "id": "focos_48h_br_todosats.fid--211a0569_19dad572493_c81", "geometry": {"type": "Point", "coordinates": [-49.19934, -16.90442]}, "geometry_name": "geometria", "properties": {"id_foco_bdq": 1814853181, "foco_id": "061f151c-c6f9-30ab-909b-b35e574cf6e4", "longitude": -49.19934, "latitude": -16.90442, "data_hora_gmt": "2026-04-20T16:37:00Z", "data_pas": "2026-04-20", "satelite": "NOAA-20", "municipio": "HIDROLÂNDIA", "estado": "GOIÁS", "pais": "Brasil", "precipitacao": null, "numero_dias_sem_chuva": null, "risco_fogo": null, "bioma": "Cerrado", "id_0": 33, "id_1": 52, "id_2": 5209705, "continente_id": 8, "vegetacao": null, "grade_wrs": "222_072", "frp": 51.5}, "bbox": [-49.19934, -16.90442, -49.19934, -16.90442]}, {"type": "Feature", "id": "focos_48h_br_todosats.fid--211a0569_19dad572493_c82", "geometry": {"type": "Point", "coordinates": [-50.80857, -27.0172]}, "geometry_name": "geometria", "properties": {"id_foco_bdq": 1814853192, "foco_id": "698b9efa-45f2-3191-b3fa-56289fbe3235", "longitude": -50.80857, "latitude": -27.0172, "data_hora_gmt": "2026-04-20T16:37:00Z", "data_pas": "2026-04-20", "satelite": "NOAA-20", "municipio": "FRAIBURGO", "estado": "SANTA CATARINA", "pais": "Brasil", "precipitacao": null, "numero_dias_sem_chuva": null, "risco_fogo": null, "bioma": "Mata Atlântica", "id_0": 33, "id_1": 42, "id_2": 4205506, "continente_id": 8, "vegetacao": null, "grade_wrs": "221_079", "frp": 42}, "bbox": [-50.80857, -27.0172, -50.80857, -27.0172]}, {"type": "Feature", "id": "focos_48h_br_todosats.fid--211a0569_19dad572493_c83", "geometry": {"type": "Point", "coordinates": [-51.17715, -18.12606]}, "geometry_name": "geometria", "properties": {"id_foco_bdq": 1814853200, "foco_id": "8d47c959-fa25-3691-8fe9-b4dc8adba535", "longitude": -51.17715, "latitude": -18.12606, "data_hora_gmt": "2026-04-20T16:37:00Z", "data_pas": "2026-04-20", "satelite": "NOAA-20", "municipio": "APARECIDA DO RIO DOCE", "estado": "GOIÁS", "pais": "Brasil", "precipitacao": null, "numero_dias_sem_chuva": null, "risco_fogo": null, "bioma": "Cerrado", "id_0": 33, "id_1": 52, "id_2": 5201454, "continente_id": 8, "vegetacao": null, "grade_wrs": "223_073", "frp": 11.7}, "bbox": [-51.17715, -18.12606, -51.17715, -18.12606]}, {"type": "Feature", "id": "focos_48h_br_todosats.fid--211a0569_19dad572493_c84", "geometry": {"type": "Point", "coordinates": [-49.53277, -20.6274]}, "geometry_name": "geometria", "properties": {"id_foco_bdq": 1814853260, "foco_id": "d9f5527c-c8af-3162-932e-dfdb1403ed6a", "longitude": -49.53277, "latitude": -20.6274, "data_hora_gmt": "2026-04-20T16:37:00Z", "data_pas": "2026-04-20", "satelite": "NOAA-20", "municipio": "MIRASSOLÂNDIA", "estado": "SÃO PAULO", "pais": "Brasil", "precipitacao": null, "numero_dias_sem_chuva": null, "risco_fogo": null, "bioma": "Cerrado", "id_0": 33, "id_1": 35, "id_2": 3530409, "continente_id": 8, "vegetacao": null, "grade_wrs": "221_074", "frp": 4.3}, "bbox": [-49.53277, -20.6274, -49.53277, -20.6274]}, {"type": "Feature", "id": "focos_48h_br_todosats.fid--211a0569_19dad572493_c85", "geometry": {"type": "Point", "coordinates": [-50.68846, -27.26213]}, "geometry_name": "geometria", "properties": {"id_foco_bdq": 1814853268, "foco_id": "c56a08c0-6218-307e-8d3c-6c05deda1da5", "longitude": -50.68846, "latitude": -27.26213, "data_hora_gmt": "2026-04-20T16:37:00Z", "data_pas": "2026-04-20", "satelite": "NOAA-20", "municipio": "CURITIBANOS", "estado": "SANTA CATARINA", "pais": "Brasil", "precipitacao": null, "numero_dias_sem_chuva": null, "risco_fogo": null, "bioma": "Mata Atlântica", "id_0": 33, "id_1": 42, "id_2": 4204806, "continente_id": 8, "vegetacao": null, "grade_wrs": "221_079", "frp": 4.1}, "bbox": [-50.68846, -27.26213, -50.68846, -27.26213]}, {"type": "Feature", "id": "focos_48h_br_todosats.fid--211a0569_19dad572493_c86", "geometry": {"type": "Point", "coordinates": [-44.82566, -13.98075]}, "geometry_name": "geometria", "properties": {"id_foco_bdq": 1814853286, "foco_id": "98f8251c-2319-3db5-9e4f-e8fc503dca95", "longitude": -44.82566, "latitude": -13.98075, "data_hora_gmt": "2026-04-20T16:37:00Z", "data_pas": "2026-04-20", "satelite": "NOAA-20", "municipio": "COCOS", "estado": "BAHIA", "pais": "Brasil", "precipitacao": null, "numero_dias_sem_chuva": null, "risco_fogo": null, "bioma": "Cerrado", "id_0": 33, "id_1": 29, "id_2": 2908101, "continente_id": 8, "vegetacao": null, "grade_wrs": "219_070", "frp": 3.2}, "bbox": [-44.82566, -13.98075, -44.82566, -13.98075]}, {"type": "Feature", "id": "focos_48h_br_todosats.fid--211a0569_19dad572493_c87", "geometry": {"type": "Point", "coordinates": [-50.60096, -27.17156]}, "geometry_name": "geometria", "properties": {"id_foco_bdq": 1814853290, "foco_id": "c479da51-4d12-328a-a9e6-6c90d2bddd6d", "longitude": -50.60096, "latitude": -27.17156, "data_hora_gmt": "2026-04-20T16:37:00Z", "data_pas": "2026-04-20", "satelite": "NOAA-20", "municipio": "PONTE ALTA DO NORTE", "estado": "SANTA CATARINA", "pais": "Brasil", "precipitacao": null, "numero_dias_sem_chuva": null, "risco_fogo": null, "bioma": "Mata Atlântica", "id_0": 33, "id_1": 42, "id_2": 4213351, "continente_id": 8, "vegetacao": null, "grade_wrs": "221_079", "frp": 23.8}, "bbox": [-50.60096, -27.17156, -50.60096, -27.17156]}, {"type": "Feature", "id": "focos_48h_br_todosats.fid--211a0569_19dad572493_c88", "geometry": {"type": "Point", "coordinates": [-46.53173, -15.84944]}, "geometry_name": "geometria", "properties": {"id_foco_bdq": 1814853295, "foco_id": "1f9d0fab-8dfa-3d0c-9f53-574bc2b9e1fc", "longitude": -46.53173, "latitude": -15.84944, "data_hora_gmt": "2026-04-20T16:37:00Z", "data_pas": "2026-04-20", "satelite": "NOAA-20", "municipio": "UNAÍ", "estado": "MINAS GERAIS", "pais": "Brasil", "precipitacao": null, "numero_dias_sem_chuva": null, "risco_fogo": null, "bioma": "Cerrado", "id_0": 33, "id_1": 31, "id_2": 3170404, "continente_id": 8, "vegetacao": null, "grade_wrs": "220_071", "frp": 25.8}, "bbox": [-46.53173, -15.84944, -46.53173, -15.84944]}, {"type": "Feature", "id": "focos_48h_br_todosats.fid--211a0569_19dad572493_c89", "geometry": {"type": "Point", "coordinates": [-39.15098, -13.28648]}, "geometry_name": "geometria", "properties": {"id_foco_bdq": 1814853296, "foco_id": "be9e45e1-9f9f-384b-9050-d8ac5682d434", "longitude": -39.15098, "latitude": -13.28648, "data_hora_gmt": "2026-04-20T16:37:00Z", "data_pas": "2026-04-20", "satelite": "NOAA-20", "municipio": "VALENÇA", "estado": "BAHIA", "pais": "Brasil", "precipitacao": null, "numero_dias_sem_chuva": null, "risco_fogo": null, "bioma": "Mata Atlântica", "id_0": 33, "id_1": 29, "id_2": 2932903, "continente_id": 8, "vegetacao": null, "grade_wrs": "216_069", "frp": 4.5}, "bbox": [-39.15098, -13.28648, -39.15098, -13.28648]}, {"type": "Feature", "id": "focos_48h_br_todosats.fid--211a0569_19dad572493_c8a", "geometry": {"type": "Point", "coordinates": [-40.14491, -14.90256]}, "geometry_name": "geometria", "properties": {"id_foco_bdq": 1814853299, "foco_id": "99a7ced1-2fad-3b54-9273-0d8297961137", "longitude": -40.14491, "latitude": -14.90256, "data_hora_gmt": "2026-04-20T16:37:00Z", "data_pas": "2026-04-20", "satelite": "NOAA-20", "municipio": "NOVA CANAÃ", "estado": "BAHIA", "pais": "Brasil", "precipitacao": null, "numero_dias_sem_chuva": null, "risco_fogo": null, "bioma": "Mata Atlântica", "id_0": 33, "id_1": 29, "id_2": 2922706, "continente_id": 8, "vegetacao": null, "grade_wrs": "216_070", "frp": 1.9}, "bbox": [-40.14491, -14.90256, -40.14491, -14.90256]}, {"type": "Feature", "id": "focos_48h_br_todosats.fid--211a0569_19dad572493_c8b", "geometry": {"type": "Point", "coordinates": [-39.9465, -18.86292]}, "geometry_name": "geometria", "properties": {"id_foco_bdq": 1814853302, "foco_id": "f9e2df6b-dc1b-3f1a-805b-b72a895e561b", "longitude": -39.9465, "latitude": -18.86292, "data_hora_gmt": "2026-04-20T16:37:00Z", "data_pas": "2026-04-20", "satelite": "NOAA-20", "municipio": "SÃO MATEUS", "estado": "ESPÍRITO SANTO", "pais": "Brasil", "precipitacao": null, "numero_dias_sem_chuva": null, "risco_fogo": null, "bioma": "Mata Atlântica", "id_0": 33, "id_1": 32, "id_2": 3204906, "continente_id": 8, "vegetacao": null, "grade_wrs": "215_073", "frp": 5.2}, "bbox": [-39.9465, -18.86292, -39.9465, -18.86292]}, {"type": "Feature", "id": "focos_48h_br_todosats.fid--211a0569_19dad572493_c8c", "geometry": {"type": "Point", "coordinates": [-39.32883, -12.66691]}, "geometry_name": "geometria", "properties": {"id_foco_bdq": 1814853305, "foco_id": "7fc7cfac-99d4-3d21-91bc-c3bfae639c79", "longitude": -39.32883, "latitude": -12.66691, "data_hora_gmt": "2026-04-20T16:37:00Z", "data_pas": "2026-04-20", "satelite": "NOAA-20", "municipio": "CASTRO ALVES", "estado": "BAHIA", "pais": "Brasil", "precipitacao": null, "numero_dias_sem_chuva": null, "risco_fogo": null, "bioma": "Mata Atlântica", "id_0": 33, "id_1": 29, "id_2": 2907301, "continente_id": 8, "vegetacao": null, "grade_wrs": "216_069", "frp": 10.1}, "bbox": [-39.32883, -12.66691, -39.32883, -12.66691]}, {"type": "Feature", "id": "focos_48h_br_todosats.fid--211a0569_19dad572493_c8d", "geometry": {"type": "Point", "coordinates": [-48.20406, -15.93526]}, "geometry_name": "geometria", "properties": {"id_foco_bdq": 1814853306, "foco_id": "5f605fec-2211-37f0-83fd-145d69fbb3c4", "longitude": -48.20406, "latitude": -15.93526, "data_hora_gmt": "2026-04-20T16:37:00Z", "data_pas": "2026-04-20", "satelite": "NOAA-20", "municipio": "BRASÍLIA", "estado": "DISTRITO FEDERAL", "pais": "Brasil", "precipitacao": null, "numero_dias_sem_chuva": null, "risco_fogo": null, "bioma": "Cerrado", "id_0": 33, "id_1": 53, "id_2": 5300108, "continente_id": 8, "vegetacao": null, "grade_wrs": "221_071", "frp": 2.1}, "bbox": [-48.20406, -15.93526, -48.20406, -15.93526]}, {"type": "Feature", "id": "focos_48h_br_todosats.fid--211a0569_19dad572493_c8e", "geometry": {"type": "Point", "coordinates": [-51.92629, -27.12338]}, "geometry_name": "geometria", "properties": {"id_foco_bdq": 1814853308, "foco_id": "97303ed4-831d-368c-b2fc-d2cd38b14cce", "longitude": -51.92629, "latitude": -27.12338, "data_hora_gmt": "2026-04-20T16:37:00Z", "data_pas": "2026-04-20", "satelite": "NOAA-20", "municipio": "IRANI", "estado": "SANTA CATARINA", "pais": "Brasil", "precipitacao": null, "numero_dias_sem_chuva": null, "risco_fogo": null, "bioma": "Mata Atlântica", "id_0": 33, "id_1": 42, "id_2": 4207809, "continente_id": 8, "vegetacao": null, "grade_wrs": "222_079", "frp": 4.1}, "bbox": [-51.92629, -27.12338, -51.92629, -27.12338]}, {"type": "Feature", "id": "focos_48h_br_todosats.fid--211a0569_19dad572493_c8f", "geometry": {"type": "Point", "coordinates": [-41.92258, -14.81929]}, "geometry_name": "geometria", "properties": {"id_foco_bdq": 1814853314, "foco_id": "7cf55fdd-195b-3188-aead-85f7abff3587", "longitude": -41.92258, "latitude": -14.81929, "data_hora_gmt": "2026-04-20T16:37:00Z", "data_pas": "2026-04-20", "satelite": "NOAA-20", "municipio": "CONDEÚBA", "estado": "BAHIA", "pais": "Brasil", "precipitacao": null, "numero_dias_sem_chuva": null, "risco_fogo": null, "bioma": "Caatinga", "id_0": 33, "id_1": 29, "id_2": 2908705, "continente_id": 8, "vegetacao": null, "grade_wrs": "217_070", "frp": 6.8}, "bbox": [-41.92258, -14.81929, -41.92258, -14.81929]}, {"type": "Feature", "id": "focos_48h_br_todosats.fid--211a0569_19dad572493_c90", "geometry": {"type": "Point", "coordinates": [-50.82051, -27.34214]}, "geometry_name": "geometria", "properties": {"id_foco_bdq": 1814853319, "foco_id": "8173fc24-d559-3cb0-97be-29fa056bb8b6", "longitude": -50.82051, "latitude": -27.34214, "data_hora_gmt": "2026-04-20T16:37:00Z", "data_pas": "2026-04-20", "satelite": "NOAA-20", "municipio": "BRUNÓPOLIS", "estado": "SANTA CATARINA", "pais": "Brasil", "precipitacao": null, "numero_dias_sem_chuva": null, "risco_fogo": null, "bioma": "Mata Atlântica", "id_0": 33, "id_1": 42, "id_2": 4202875, "continente_id": 8, "vegetacao": null, "grade_wrs": "221_079", "frp": 5.6}, "bbox": [-50.82051, -27.34214, -50.82051, -27.34214]}, {"type": "Feature", "id": "focos_48h_br_todosats.fid--211a0569_19dad572493_c91", "geometry": {"type": "Point", "coordinates": [-46.73624, -17.6744]}, "geometry_name": "geometria", "properties": {"id_foco_bdq": 1814853321, "foco_id": "cfa4bd16-6a67-3447-8a02-06a9840f06e8", "longitude": -46.73624, "latitude": -17.6744, "data_hora_gmt": "2026-04-20T16:37:00Z", "data_pas": "2026-04-20", "satelite": "NOAA-20", "municipio": "VAZANTE", "estado": "MINAS GERAIS", "pais": "Brasil", "precipitacao": null, "numero_dias_sem_chuva": null, "risco_fogo": null, "bioma": "Cerrado", "id_0": 33, "id_1": 31, "id_2": 3171006, "continente_id": 8, "vegetacao": null, "grade_wrs": "220_072", "frp": 3.5}, "bbox": [-46.73624, -17.6744, -46.73624, -17.6744]}, {"type": "Feature", "id": "focos_48h_br_todosats.fid--211a0569_19dad572493_c92", "geometry": {"type": "Point", "coordinates": [-46.93246, -14.5544]}, "geometry_name": "geometria", "properties": {"id_foco_bdq": 1814853327, "foco_id": "4561ec2d-2ee5-38df-8ee0-068e098add56", "longitude": -46.93246, "latitude": -14.5544, "data_hora_gmt": "2026-04-20T16:37:00Z", "data_pas": "2026-04-20", "satelite": "NOAA-20", "municipio": "FLORES DE GOIÁS", "estado": "GOIÁS", "pais": "Brasil", "precipitacao": null, "numero_dias_sem_chuva": null, "risco_fogo": null, "bioma": "Cerrado", "id_0": 33, "id_1": 52, "id_2": 5207907, "continente_id": 8, "vegetacao": null, "grade_wrs": "221_070", "frp": 4}, "bbox": [-46.93246, -14.5544, -46.93246, -14.5544]}, {"type": "Feature", "id": "focos_48h_br_todosats.fid--211a0569_19dad572493_c93", "geometry": {"type": "Point", "coordinates": [-37.64614, -11.71492]}, "geometry_name": "geometria", "properties": {"id_foco_bdq": 1814853336, "foco_id": "cdc59b82-5e6b-3f84-8d0e-e0a7bbfc4ab2", "longitude": -37.64614, "latitude": -11.71492, "data_hora_gmt": "2026-04-20T16:37:00Z", "data_pas": "2026-04-20", "satelite": "NOAA-20", "municipio": "CONDE", "estado": "BAHIA", "pais": "Brasil", "precipitacao": null, "numero_dias_sem_chuva": null, "risco_fogo": null, "bioma": "Mata Atlântica", "id_0": 33, "id_1": 29, "id_2": 2908606, "continente_id": 8, "vegetacao": null, "grade_wrs": "215_068", "frp": 30.4}, "bbox": [-37.64614, -11.71492, -37.64614, -11.71492]}, {"type": "Feature", "id": "focos_48h_br_todosats.fid--211a0569_19dad572493_c94", "geometry": {"type": "Point", "coordinates": [-40.05807, -19.59386]}, "geometry_name": "geometria", "properties": {"id_foco_bdq": 1814853341, "foco_id": "5defcc3a-537c-371f-8734-81a524dd8ac4", "longitude": -40.05807, "latitude": -19.59386, "data_hora_gmt": "2026-04-20T16:37:00Z", "data_pas": "2026-04-20", "satelite": "NOAA-20", "municipio": "ARACRUZ", "estado": "ESPÍRITO SANTO", "pais": "Brasil", "precipitacao": null, "numero_dias_sem_chuva": null, "risco_fogo": null, "bioma": "Mata Atlântica", "id_0": 33, "id_1": 32, "id_2": 3200607, "continente_id": 8, "vegetacao": null, "grade_wrs": "215_074", "frp": 6.2}, "bbox": [-40.05807, -19.59386, -40.05807, -19.59386]}, {"type": "Feature", "id": "focos_48h_br_todosats.fid--211a0569_19dad572493_c95", "geometry": {"type": "Point", "coordinates": [-43.47908, -14.38413]}, "geometry_name": "geometria", "properties": {"id_foco_bdq": 1814853345, "foco_id": "4c41e766-ebfe-34ce-9167-b97c8deb8c05", "longitude": -43.47908, "latitude": -14.38413, "data_hora_gmt": "2026-04-20T16:37:00Z", "data_pas": "2026-04-20", "satelite": "NOAA-20", "municipio": "IUIU", "estado": "BAHIA", "pais": "Brasil", "precipitacao": null, "numero_dias_sem_chuva": null, "risco_fogo": null, "bioma": "Cerrado", "id_0": 33, "id_1": 29, "id_2": 2917334, "continente_id": 8, "vegetacao": null, "grade_wrs": "218_070", "frp": 5.3}, "bbox": [-43.47908, -14.38413, -43.47908, -14.38413]}, {"type": "Feature", "id": "focos_48h_br_todosats.fid--211a0569_19dad572493_c96", "geometry": {"type": "Point", "coordinates": [-42.47141, -15.84611]}, "geometry_name": "geometria", "properties": {"id_foco_bdq": 1814853353, "foco_id": "6469dc4d-3b00-3033-9f2a-16f4fe702646", "longitude": -42.47141, "latitude": -15.84611, "data_hora_gmt": "2026-04-20T16:37:00Z", "data_pas": "2026-04-20", "satelite": "NOAA-20", "municipio": "RIO PARDO DE MINAS", "estado": "MINAS GERAIS", "pais": "Brasil", "precipitacao": null, "numero_dias_sem_chuva": null, "risco_fogo": null, "bioma": "Cerrado", "id_0": 33, "id_1": 31, "id_2": 3155603, "continente_id": 8, "vegetacao": null, "grade_wrs": "217_071", "frp": 2.6}, "bbox": [-42.47141, -15.84611, -42.47141, -15.84611]}, {"type": "Feature", "id": "focos_48h_br_todosats.fid--211a0569_19dad572493_c97", "geometry": {"type": "Point", "coordinates": [-49.59954, -20.0411]}, "geometry_name": "geometria", "properties": {"id_foco_bdq": 1814853354, "foco_id": "6e1b1d7e-af09-38ef-95ba-c0ebd0702b65", "longitude": -49.59954, "latitude": -20.0411, "data_hora_gmt": "2026-04-20T16:37:00Z", "data_pas": "2026-04-20", "satelite": "NOAA-20", "municipio": "RIOLÂNDIA", "estado": "SÃO PAULO", "pais": "Brasil", "precipitacao": null, "numero_dias_sem_chuva": null, "risco_fogo": null, "bioma": "Mata Atlântica", "id_0": 33, "id_1": 35, "id_2": 3544202, "continente_id": 8, "vegetacao": null, "grade_wrs": "221_074", "frp": 5.5}, "bbox": [-49.59954, -20.0411, -49.59954, -20.0411]}, {"type": "Feature", "id": "focos_48h_br_todosats.fid--211a0569_19dad572493_c98", "geometry": {"type": "Point", "coordinates": [-43.99788, -17.76873]}, "geometry_name": "geometria", "properties": {"id_foco_bdq": 1814853361, "foco_id": "20f1a699-2f0a-31ee-8708-8b5232048243", "longitude": -43.99788, "latitude": -17.76873, "data_hora_gmt": "2026-04-20T16:37:00Z", "data_pas": "2026-04-20", "satelite": "NOAA-20", "municipio": "BUENÓPOLIS", "estado": "MINAS GERAIS", "pais": "Brasil", "precipitacao": null, "numero_dias_sem_chuva": null, "risco_fogo": null, "bioma": "Cerrado", "id_0": 33, "id_1": 31, "id_2": 3109204, "continente_id": 8, "vegetacao": null, "grade_wrs": "218_072", "frp": 1.6}, "bbox": [-43.99788, -17.76873, -43.99788, -17.76873]}, {"type": "Feature", "id": "focos_48h_br_todosats.fid--211a0569_19dad572493_c99", "geometry": {"type": "Point", "coordinates": [-40.42313, -17.97369]}, "geometry_name": "geometria", "properties": {"id_foco_bdq": 1814853379, "foco_id": "ec0aae07-2063-31c4-8205-2fc08b52cdcf", "longitude": -40.42313, "latitude": -17.97369, "data_hora_gmt": "2026-04-20T16:37:00Z", "data_pas": "2026-04-20", "satelite": "NOAA-20", "municipio": "MUCURICI", "estado": "ESPÍRITO SANTO", "pais": "Brasil", "precipitacao": null, "numero_dias_sem_chuva": null, "risco_fogo": null, "bioma": "Mata Atlântica", "id_0": 33, "id_1": 32, "id_2": 3203601, "continente_id": 8, "vegetacao": null, "grade_wrs": "216_072", "frp": 5.5}, "bbox": [-40.42313, -17.97369, -40.42313, -17.97369]}, {"type": "Feature", "id": "focos_48h_br_todosats.fid--211a0569_19dad572493_c9a", "geometry": {"type": "Point", "coordinates": [-50.51597, -26.94143]}, "geometry_name": "geometria", "properties": {"id_foco_bdq": 1814853384, "foco_id": "3c442344-c7f2-396b-82cf-fbb404e99bfe", "longitude": -50.51597, "latitude": -26.94143, "data_hora_gmt": "2026-04-20T16:37:00Z", "data_pas": "2026-04-20", "satelite": "NOAA-20", "municipio": "SANTA CECÍLIA", "estado": "SANTA CATARINA", "pais": "Brasil", "precipitacao": null, "numero_dias_sem_chuva": null, "risco_fogo": null, "bioma": "Mata Atlântica", "id_0": 33, "id_1": 42, "id_2": 4215505, "continente_id": 8, "vegetacao": null, "grade_wrs": "221_079", "frp": 5.3}, "bbox": [-50.51597, -26.94143, -50.51597, -26.94143]}, {"type": "Feature", "id": "focos_48h_br_todosats.fid--211a0569_19dad572493_c9b", "geometry": {"type": "Point", "coordinates": [-46.729, -17.66988]}, "geometry_name": "geometria", "properties": {"id_foco_bdq": 1814853387, "foco_id": "842742ef-8bd2-3f27-8621-1e59fc655fd8", "longitude": -46.729, "latitude": -17.66988, "data_hora_gmt": "2026-04-20T16:37:00Z", "data_pas": "2026-04-20", "satelite": "NOAA-20", "municipio": "VAZANTE", "estado": "MINAS GERAIS", "pais": "Brasil", "precipitacao": null, "numero_dias_sem_chuva": null, "risco_fogo": null, "bioma": "Cerrado", "id_0": 33, "id_1": 31, "id_2": 3171006, "continente_id": 8, "vegetacao": null, "grade_wrs": "220_072", "frp": 5.5}, "bbox": [-46.729, -17.66988, -46.729, -17.66988]}, {"type": "Feature", "id": "focos_48h_br_todosats.fid--211a0569_19dad572493_c9c", "geometry": {"type": "Point", "coordinates": [-40.422, -15.74641]}, "geometry_name": "geometria", "properties": {"id_foco_bdq": 1814853389, "foco_id": "9f87074f-b78f-31a8-8d85-db807f2e503d", "longitude": -40.422, "latitude": -15.74641, "data_hora_gmt": "2026-04-20T16:37:00Z", "data_pas": "2026-04-20", "satelite": "NOAA-20", "municipio": "MACARANI", "estado": "BAHIA", "pais": "Brasil", "precipitacao": null, "numero_dias_sem_chuva": null, "risco_fogo": null, "bioma": "Mata Atlântica", "id_0": 33, "id_1": 29, "id_2": 2919702, "continente_id": 8, "vegetacao": null, "grade_wrs": "216_071", "frp": 5.8}, "bbox": [-40.422, -15.74641, -40.422, -15.74641]}, {"type": "Feature", "id": "focos_48h_br_todosats.fid--211a0569_19dad572493_c9d", "geometry": {"type": "Point", "coordinates": [-41.91817, -14.81855]}, "geometry_name": "geometria", "properties": {"id_foco_bdq": 1814853391, "foco_id": "53a5d921-4937-33a5-aee4-d57cbf848c45", "longitude": -41.91817, "latitude": -14.81855, "data_hora_gmt": "2026-04-20T16:37:00Z", "data_pas": "2026-04-20", "satelite": "NOAA-20", "municipio": "CONDEÚBA", "estado": "BAHIA", "pais": "Brasil", "precipitacao": null, "numero_dias_sem_chuva": null, "risco_fogo": null, "bioma": "Caatinga", "id_0": 33, "id_1": 29, "id_2": 2908705, "continente_id": 8, "vegetacao": null, "grade_wrs": "217_070", "frp": 6.8}, "bbox": [-41.91817, -14.81855, -41.91817, -14.81855]}, {"type": "Feature", "id": "focos_48h_br_todosats.fid--211a0569_19dad572493_c9e", "geometry": {"type": "Point", "coordinates": [-41.1317, -14.75849]}, "geometry_name": "geometria", "properties": {"id_foco_bdq": 1814853392, "foco_id": "cd7dceb8-273d-34f3-9796-224df8205762", "longitude": -41.1317, "latitude": -14.75849, "data_hora_gmt": "2026-04-20T16:37:00Z", "data_pas": "2026-04-20", "satelite": "NOAA-20", "municipio": "ANAGÉ", "estado": "BAHIA", "pais": "Brasil", "precipitacao": null, "numero_dias_sem_chuva": null, "risco_fogo": null, "bioma": "Caatinga", "id_0": 33, "id_1": 29, "id_2": 2901205, "continente_id": 8, "vegetacao": null, "grade_wrs": "217_070", "frp": 2.9}, "bbox": [-41.1317, -14.75849, -41.1317, -14.75849]}, {"type": "Feature", "id": "focos_48h_br_todosats.fid--211a0569_19dad572493_c9f", "geometry": {"type": "Point", "coordinates": [-49.53236, -20.62823]}, "geometry_name": "geometria", "properties": {"id_foco_bdq": 1814853396, "foco_id": "ffd782d6-c6a9-3e95-9019-2aedffede3af", "longitude": -49.53236, "latitude": -20.62823, "data_hora_gmt": "2026-04-20T16:37:00Z", "data_pas": "2026-04-20", "satelite": "NOAA-20", "municipio": "MIRASSOLÂNDIA", "estado": "SÃO PAULO", "pais": "Brasil", "precipitacao": null, "numero_dias_sem_chuva": null, "risco_fogo": null, "bioma": "Cerrado", "id_0": 33, "id_1": 35, "id_2": 3530409, "continente_id": 8, "vegetacao": null, "grade_wrs": "221_074", "frp": 4.1}, "bbox": [-49.53236, -20.62823, -49.53236, -20.62823]}, {"type": "Feature", "id": "focos_48h_br_todosats.fid--211a0569_19dad572493_ca0", "geometry": {"type": "Point", "coordinates": [-39.58642, -17.06244]}, "geometry_name": "geometria", "properties": {"id_foco_bdq": 1814853398, "foco_id": "6cc343ca-45c3-3cf6-9a52-2d9b70632924", "longitude": -39.58642, "latitude": -17.06244, "data_hora_gmt": "2026-04-20T16:37:00Z", "data_pas": "2026-04-20", "satelite": "NOAA-20", "municipio": "ITAMARAJU", "estado": "BAHIA", "pais": "Brasil", "precipitacao": null, "numero_dias_sem_chuva": null, "risco_fogo": null, "bioma": "Mata Atlântica", "id_0": 33, "id_1": 29, "id_2": 2915601, "continente_id": 8, "vegetacao": null, "grade_wrs": "215_072", "frp": 1.9}, "bbox": [-39.58642, -17.06244, -39.58642, -17.06244]}, {"type": "Feature", "id": "focos_48h_br_todosats.fid--211a0569_19dad572493_ca1", "geometry": {"type": "Point", "coordinates": [-41.22773, -13.79991]}, "geometry_name": "geometria", "properties": {"id_foco_bdq": 1814853399, "foco_id": "1faee4c5-d447-381b-842f-e91630aa90e0", "longitude": -41.22773, "latitude": -13.79991, "data_hora_gmt": "2026-04-20T16:37:00Z", "data_pas": "2026-04-20", "satelite": "NOAA-20", "municipio": "ITUAÇU", "estado": "BAHIA", "pais": "Brasil", "precipitacao": null, "numero_dias_sem_chuva": null, "risco_fogo": null, "bioma": "Caatinga", "id_0": 33, "id_1": 29, "id_2": 2917201, "continente_id": 8, "vegetacao": null, "grade_wrs": "217_070", "frp": 5.9}, "bbox": [-41.22773, -13.79991, -41.22773, -13.79991]}, {"type": "Feature", "id": "focos_48h_br_todosats.fid--211a0569_19dad572493_ca2", "geometry": {"type": "Point", "coordinates": [-51.18294, -27.18829]}, "geometry_name": "geometria", "properties": {"id_foco_bdq": 1814853403, "foco_id": "b41895ba-f13d-307f-bd06-34df8ff88d4e", "longitude": -51.18294, "latitude": -27.18829, "data_hora_gmt": "2026-04-20T16:37:00Z", "data_pas": "2026-04-20", "satelite": "NOAA-20", "municipio": "TANGARÁ", "estado": "SANTA CATARINA", "pais": "Brasil", "precipitacao": null, "numero_dias_sem_chuva": null, "risco_fogo": null, "bioma": "Mata Atlântica", "id_0": 33, "id_1": 42, "id_2": 4217907, "continente_id": 8, "vegetacao": null, "grade_wrs": "221_079", "frp": 5.7}, "bbox": [-51.18294, -27.18829, -51.18294, -27.18829]}, {"type": "Feature", "id": "focos_48h_br_todosats.fid--211a0569_19dad572493_ca3", "geometry": {"type": "Point", "coordinates": [-48.36797, -16.10247]}, "geometry_name": "geometria", "properties": {"id_foco_bdq": 1814853405, "foco_id": "d2b2f7d4-216b-3aea-bb30-e009ab108607", "longitude": -48.36797, "latitude": -16.10247, "data_hora_gmt": "2026-04-20T16:37:00Z", "data_pas": "2026-04-20", "satelite": "NOAA-20", "municipio": "ALEXÂNIA", "estado": "GOIÁS", "pais": "Brasil", "precipitacao": null, "numero_dias_sem_chuva": null, "risco_fogo": null, "bioma": "Cerrado", "id_0": 33, "id_1": 52, "id_2": 5200308, "continente_id": 8, "vegetacao": null, "grade_wrs": "221_071", "frp": 4.2}, "bbox": [-48.36797, -16.10247, -48.36797, -16.10247]}, {"type": "Feature", "id": "focos_48h_br_todosats.fid--211a0569_19dad572493_ca4", "geometry": {"type": "Point", "coordinates": [-42.14217, -14.43979]}, "geometry_name": "geometria", "properties": {"id_foco_bdq": 1814853417, "foco_id": "b0d69d1d-c2b2-398a-b74a-f9de660774bd", "longitude": -42.14217, "latitude": -14.43979, "data_hora_gmt": "2026-04-20T16:37:00Z", "data_pas": "2026-04-20", "satelite": "NOAA-20", "municipio": "RIO DO ANTÔNIO", "estado": "BAHIA", "pais": "Brasil", "precipitacao": null, "numero_dias_sem_chuva": null, "risco_fogo": null, "bioma": "Caatinga", "id_0": 33, "id_1": 29, "id_2": 2926806, "continente_id": 8, "vegetacao": null, "grade_wrs": "217_070", "frp": 5.9}, "bbox": [-42.14217, -14.43979, -42.14217, -14.43979]}, {"type": "Feature", "id": "focos_48h_br_todosats.fid--211a0569_19dad572493_ca5", "geometry": {"type": "Point", "coordinates": [-50.60135, -27.16677]}, "geometry_name": "geometria", "properties": {"id_foco_bdq": 1814853422, "foco_id": "8d1b9a0e-3b79-3405-abbe-ff621fd60883", "longitude": -50.60135, "latitude": -27.16677, "data_hora_gmt": "2026-04-20T16:37:00Z", "data_pas": "2026-04-20", "satelite": "NOAA-20", "municipio": "PONTE ALTA DO NORTE", "estado": "SANTA CATARINA", "pais": "Brasil", "precipitacao": null, "numero_dias_sem_chuva": null, "risco_fogo": null, "bioma": "Mata Atlântica", "id_0": 33, "id_1": 42, "id_2": 4213351, "continente_id": 8, "vegetacao": null, "grade_wrs": "221_079", "frp": 23.8}, "bbox": [-50.60135, -27.16677, -50.60135, -27.16677]}, {"type": "Feature", "id": "focos_48h_br_todosats.fid--211a0569_19dad572493_ca6", "geometry": {"type": "Point", "coordinates": [-50.60675, -27.17209]}, "geometry_name": "geometria", "properties": {"id_foco_bdq": 1814853431, "foco_id": "8d78ae90-3757-3948-9b26-0d6fde00e29d", "longitude": -50.60675, "latitude": -27.17209, "data_hora_gmt": "2026-04-20T16:37:00Z", "data_pas": "2026-04-20", "satelite": "NOAA-20", "municipio": "PONTE ALTA DO NORTE", "estado": "SANTA CATARINA", "pais": "Brasil", "precipitacao": null, "numero_dias_sem_chuva": null, "risco_fogo": null, "bioma": "Mata Atlântica", "id_0": 33, "id_1": 42, "id_2": 4213351, "continente_id": 8, "vegetacao": null, "grade_wrs": "221_079", "frp": 23.8}, "bbox": [-50.60675, -27.17209, -50.60675, -27.17209]}, {"type": "Feature", "id": "focos_48h_br_todosats.fid--211a0569_19dad572493_ca7", "geometry": {"type": "Point", "coordinates": [-51.73615, -17.57545]}, "geometry_name": "geometria", "properties": {"id_foco_bdq": 1814853434, "foco_id": "82ff36b9-d372-374b-a6de-9cb895590b3c", "longitude": -51.73615, "latitude": -17.57545, "data_hora_gmt": "2026-04-20T16:37:00Z", "data_pas": "2026-04-20", "satelite": "NOAA-20", "municipio": "JATAÍ", "estado": "GOIÁS", "pais": "Brasil", "precipitacao": null, "numero_dias_sem_chuva": null, "risco_fogo": null, "bioma": "Cerrado", "id_0": 33, "id_1": 52, "id_2": 5211909, "continente_id": 8, "vegetacao": null, "grade_wrs": "223_072", "frp": 9.6}, "bbox": [-51.73615, -17.57545, -51.73615, -17.57545]}, {"type": "Feature", "id": "focos_48h_br_todosats.fid--211a0569_19dad572493_ca8", "geometry": {"type": "Point", "coordinates": [-49.57904, -27.00264]}, "geometry_name": "geometria", "properties": {"id_foco_bdq": 1814853453, "foco_id": "97b1a759-2129-3ca1-998b-4fef292f797c", "longitude": -49.57904, "latitude": -27.00264, "data_hora_gmt": "2026-04-20T16:37:00Z", "data_pas": "2026-04-20", "satelite": "NOAA-20", "municipio": "IBIRAMA", "estado": "SANTA CATARINA", "pais": "Brasil", "precipitacao": null, "numero_dias_sem_chuva": null, "risco_fogo": null, "bioma": "Mata Atlântica", "id_0": 33, "id_1": 42, "id_2": 4206900, "continente_id": 8, "vegetacao": null, "grade_wrs": "220_079", "frp": 4.7}, "bbox": [-49.57904, -27.00264, -49.57904, -27.00264]}, {"type": "Feature", "id": "focos_48h_br_todosats.fid--211a0569_19dad572493_ca9", "geometry": {"type": "Point", "coordinates": [-48.80704, -26.79252]}, "geometry_name": "geometria", "properties": {"id_foco_bdq": 1814853468, "foco_id": "f30d69d1-26ac-32c7-99e9-4893888f43ec", "longitude": -48.80704, "latitude": -26.79252, "data_hora_gmt": "2026-04-20T16:37:00Z", "data_pas": "2026-04-20", "satelite": "NOAA-20", "municipio": "LUIZ ALVES", "estado": "SANTA CATARINA", "pais": "Brasil", "precipitacao": null, "numero_dias_sem_chuva": null, "risco_fogo": null, "bioma": "Mata Atlântica", "id_0": 33, "id_1": 42, "id_2": 4210001, "continente_id": 8, "vegetacao": null, "grade_wrs": "220_079", "frp": 2.4}, "bbox": [-48.80704, -26.79252, -48.80704, -26.79252]}, {"type": "Feature", "id": "focos_48h_br_todosats.fid--211a0569_19dad572493_caa", "geometry": {"type": "Point", "coordinates": [-45.34238, -13.95219]}, "geometry_name": "geometria", "properties": {"id_foco_bdq": 1814853476, "foco_id": "81792356-cfd0-31ee-8748-117660212ffb", "longitude": -45.34238, "latitude": -13.95219, "data_hora_gmt": "2026-04-20T16:37:00Z", "data_pas": "2026-04-20", "satelite": "NOAA-20", "municipio": "JABORANDI", "estado": "BAHIA", "pais": "Brasil", "precipitacao": null, "numero_dias_sem_chuva": null, "risco_fogo": null, "bioma": "Cerrado", "id_0": 33, "id_1": 29, "id_2": 2917359, "continente_id": 8, "vegetacao": null, "grade_wrs": "220_070", "frp": 11.1}, "bbox": [-45.34238, -13.95219, -45.34238, -13.95219]}, {"type": "Feature", "id": "focos_48h_br_todosats.fid--211a0569_19dad572493_cab", "geometry": {"type": "Point", "coordinates": [-51.73782, -17.57877]}, "geometry_name": "geometria", "properties": {"id_foco_bdq": 1814853478, "foco_id": "1fea5fea-1abf-3910-8d03-f9c4bd258ce1", "longitude": -51.73782, "latitude": -17.57877, "data_hora_gmt": "2026-04-20T16:37:00Z", "data_pas": "2026-04-20", "satelite": "NOAA-20", "municipio": "JATAÍ", "estado": "GOIÁS", "pais": "Brasil", "precipitacao": null, "numero_dias_sem_chuva": null, "risco_fogo": null, "bioma": "Cerrado", "id_0": 33, "id_1": 52, "id_2": 5211909, "continente_id": 8, "vegetacao": null, "grade_wrs": "223_072", "frp": 10.5}, "bbox": [-51.73782, -17.57877, -51.73782, -17.57877]}, {"type": "Feature", "id": "focos_48h_br_todosats.fid--211a0569_19dad572493_cac", "geometry": {"type": "Point", "coordinates": [-47.25601, -16.18114]}, "geometry_name": "geometria", "properties": {"id_foco_bdq": 1814853488, "foco_id": "42c28865-b4fd-32b1-aad8-0fecc0f2dad9", "longitude": -47.25601, "latitude": -16.18114, "data_hora_gmt": "2026-04-20T16:37:00Z", "data_pas": "2026-04-20", "satelite": "NOAA-20", "municipio": "CABECEIRA GRANDE", "estado": "MINAS GERAIS", "pais": "Brasil", "precipitacao": null, "numero_dias_sem_chuva": null, "risco_fogo": null, "bioma": "Cerrado", "id_0": 33, "id_1": 31, "id_2": 3109451, "continente_id": 8, "vegetacao": null, "grade_wrs": "221_071", "frp": 1.8}, "bbox": [-47.25601, -16.18114, -47.25601, -16.18114]}, {"type": "Feature", "id": "focos_48h_br_todosats.fid--211a0569_19dad572493_cad", "geometry": {"type": "Point", "coordinates": [-39.63158, -12.92989]}, "geometry_name": "geometria", "properties": {"id_foco_bdq": 1814853495, "foco_id": "d8adc6d6-34fc-322b-a4b7-5db51bd7c277", "longitude": -39.63158, "latitude": -12.92989, "data_hora_gmt": "2026-04-20T16:37:00Z", "data_pas": "2026-04-20", "satelite": "NOAA-20", "municipio": "AMARGOSA", "estado": "BAHIA", "pais": "Brasil", "precipitacao": null, "numero_dias_sem_chuva": null, "risco_fogo": null, "bioma": "Mata Atlântica", "id_0": 33, "id_1": 29, "id_2": 2901007, "continente_id": 8, "vegetacao": null, "grade_wrs": "216_069", "frp": 7}, "bbox": [-39.63158, -12.92989, -39.63158, -12.92989]}, {"type": "Feature", "id": "focos_48h_br_todosats.fid--211a0569_19dad572493_cae", "geometry": {"type": "Point", "coordinates": [-44.81095, -17.71094]}, "geometry_name": "geometria", "properties": {"id_foco_bdq": 1814853497, "foco_id": "8ff404fa-88e1-3050-8201-9a9b80e76509", "longitude": -44.81095, "latitude": -17.71094, "data_hora_gmt": "2026-04-20T16:37:00Z", "data_pas": "2026-04-20", "satelite": "NOAA-20", "municipio": "VÁRZEA DA PALMA", "estado": "MINAS GERAIS", "pais": "Brasil", "precipitacao": null, "numero_dias_sem_chuva": null, "risco_fogo": null, "bioma": "Cerrado", "id_0": 33, "id_1": 31, "id_2": 3170800, "continente_id": 8, "vegetacao": null, "grade_wrs": "219_072", "frp": 8}, "bbox": [-44.81095, -17.71094, -44.81095, -17.71094]}, {"type": "Feature", "id": "focos_48h_br_todosats.fid--211a0569_19dad572493_caf", "geometry": {"type": "Point", "coordinates": [-51.31788, -27.07941]}, "geometry_name": "geometria", "properties": {"id_foco_bdq": 1814853504, "foco_id": "9b9e7009-1869-38c6-8379-f3325bd5ecc9", "longitude": -51.31788, "latitude": -27.07941, "data_hora_gmt": "2026-04-20T16:37:00Z", "data_pas": "2026-04-20", "satelite": "NOAA-20", "municipio": "TANGARÁ", "estado": "SANTA CATARINA", "pais": "Brasil", "precipitacao": null, "numero_dias_sem_chuva": null, "risco_fogo": null, "bioma": "Mata Atlântica", "id_0": 33, "id_1": 42, "id_2": 4217907, "continente_id": 8, "vegetacao": null, "grade_wrs": "221_079", "frp": 20.2}, "bbox": [-51.31788, -27.07941, -51.31788, -27.07941]}, {"type": "Feature", "id": "focos_48h_br_todosats.fid--211a0569_19dad572493_cb0", "geometry": {"type": "Point", "coordinates": [-47.78139, -15.6824]}, "geometry_name": "geometria", "properties": {"id_foco_bdq": 1814853513, "foco_id": "0045c9fb-1b1c-305a-8e9a-5060ec7b6a9e", "longitude": -47.78139, "latitude": -15.6824, "data_hora_gmt": "2026-04-20T16:37:00Z", "data_pas": "2026-04-20", "satelite": "NOAA-20", "municipio": "BRASÍLIA", "estado": "DISTRITO FEDERAL", "pais": "Brasil", "precipitacao": null, "numero_dias_sem_chuva": null, "risco_fogo": null, "bioma": "Cerrado", "id_0": 33, "id_1": 53, "id_2": 5300108, "continente_id": 8, "vegetacao": null, "grade_wrs": "221_071", "frp": 6}, "bbox": [-47.78139, -15.6824, -47.78139, -15.6824]}, {"type": "Feature", "id": "focos_48h_br_todosats.fid--211a0569_19dad572493_cb1", "geometry": {"type": "Point", "coordinates": [-51.32532, -25.7293]}, "geometry_name": "geometria", "properties": {"id_foco_bdq": 1814853514, "foco_id": "87987700-e2db-3a98-af63-917fa009a9dd", "longitude": -51.32532, "latitude": -25.7293, "data_hora_gmt": "2026-04-20T16:37:00Z", "data_pas": "2026-04-20", "satelite": "NOAA-20", "municipio": "INÁCIO MARTINS", "estado": "PARANÁ", "pais": "Brasil", "precipitacao": null, "numero_dias_sem_chuva": null, "risco_fogo": null, "bioma": "Mata Atlântica", "id_0": 33, "id_1": 41, "id_2": 4110201, "continente_id": 8, "vegetacao": null, "grade_wrs": "222_078", "frp": 8.1}, "bbox": [-51.32532, -25.7293, -51.32532, -25.7293]}, {"type": "Feature", "id": "focos_48h_br_todosats.fid--211a0569_19dad572493_cb2", "geometry": {"type": "Point", "coordinates": [-51.17701, -27.18774]}, "geometry_name": "geometria", "properties": {"id_foco_bdq": 1814853521, "foco_id": "1fe3418b-b2d2-3aad-a66d-a40a22f7fa54", "longitude": -51.17701, "latitude": -27.18774, "data_hora_gmt": "2026-04-20T16:37:00Z", "data_pas": "2026-04-20", "satelite": "NOAA-20", "municipio": "TANGARÁ", "estado": "SANTA CATARINA", "pais": "Brasil", "precipitacao": null, "numero_dias_sem_chuva": null, "risco_fogo": null, "bioma": "Mata Atlântica", "id_0": 33, "id_1": 42, "id_2": 4217907, "continente_id": 8, "vegetacao": null, "grade_wrs": "221_079", "frp": 6.8}, "bbox": [-51.17701, -27.18774, -51.17701, -27.18774]}, {"type": "Feature", "id": "focos_48h_br_todosats.fid--211a0569_19dad572493_cb3", "geometry": {"type": "Point", "coordinates": [-40.42765, -15.74741]}, "geometry_name": "geometria", "properties": {"id_foco_bdq": 1814853523, "foco_id": "85dda2d7-184a-3f88-8e4f-b945dba5d5e5", "longitude": -40.42765, "latitude": -15.74741, "data_hora_gmt": "2026-04-20T16:37:00Z", "data_pas": "2026-04-20", "satelite": "NOAA-20", "municipio": "MACARANI", "estado": "BAHIA", "pais": "Brasil", "precipitacao": null, "numero_dias_sem_chuva": null, "risco_fogo": null, "bioma": "Mata Atlântica", "id_0": 33, "id_1": 29, "id_2": 2919702, "continente_id": 8, "vegetacao": null, "grade_wrs": "216_071", "frp": 6.4}, "bbox": [-40.42765, -15.74741, -40.42765, -15.74741]}, {"type": "Feature", "id": "focos_48h_br_todosats.fid--211a0569_19dad572493_cb4", "geometry": {"type": "Point", "coordinates": [-56.96189, -11.80177]}, "geometry_name": "geometria", "properties": {"id_foco_bdq": 1814852215, "foco_id": "97649ce2-ef45-381b-8bd7-779745f06bfb", "longitude": -56.96189, "latitude": -11.80177, "data_hora_gmt": "2026-04-20T16:39:00Z", "data_pas": "2026-04-20", "satelite": "NOAA-20", "municipio": "PORTO DOS GAÚCHOS", "estado": "MATO GROSSO", "pais": "Brasil", "precipitacao": null, "numero_dias_sem_chuva": null, "risco_fogo": null, "bioma": "Amazônia", "id_0": 33, "id_1": 51, "id_2": 5106802, "continente_id": 8, "vegetacao": null, "grade_wrs": "227_068", "frp": 8.9}, "bbox": [-56.96189, -11.80177, -56.96189, -11.80177]}, {"type": "Feature", "id": "focos_48h_br_todosats.fid--211a0569_19dad572493_cb5", "geometry": {"type": "Point", "coordinates": [-37.69841, -11.14794]}, "geometry_name": "geometria", "properties": {"id_foco_bdq": 1814852880, "foco_id": "e55ac4fe-bfb3-3e2a-bb67-8eba51071610", "longitude": -37.69841, "latitude": -11.14794, "data_hora_gmt": "2026-04-20T16:39:00Z", "data_pas": "2026-04-20", "satelite": "NOAA-20", "municipio": "RIACHÃO DO DANTAS", "estado": "SERGIPE", "pais": "Brasil", "precipitacao": null, "numero_dias_sem_chuva": null, "risco_fogo": null, "bioma": "Mata Atlântica", "id_0": 33, "id_1": 28, "id_2": 2805802, "continente_id": 8, "vegetacao": null, "grade_wrs": "215_068", "frp": 3.7}, "bbox": [-37.69841, -11.14794, -37.69841, -11.14794]}, {"type": "Feature", "id": "focos_48h_br_todosats.fid--211a0569_19dad572493_cb6", "geometry": {"type": "Point", "coordinates": [-48.25594, -9.39983]}, "geometry_name": "geometria", "properties": {"id_foco_bdq": 1814852810, "foco_id": "9ae07d64-10eb-3a59-9c12-3023af1f0ecd", "longitude": -48.25594, "latitude": -9.39983, "data_hora_gmt": "2026-04-20T16:39:00Z", "data_pas": "2026-04-20", "satelite": "NOAA-20", "municipio": "TOCANTÍNIA", "estado": "TOCANTINS", "pais": "Brasil", "precipitacao": null, "numero_dias_sem_chuva": null, "risco_fogo": null, "bioma": "Cerrado", "id_0": 33, "id_1": 17, "id_2": 1721109, "continente_id": 8, "vegetacao": null, "grade_wrs": "222_067", "frp": 2.4}, "bbox": [-48.25594, -9.39983, -48.25594, -9.39983]}, {"type": "Feature", "id": "focos_48h_br_todosats.fid--211a0569_19dad572493_cb7", "geometry": {"type": "Point", "coordinates": [-37.69539, -11.14739]}, "geometry_name": "geometria", "properties": {"id_foco_bdq": 1814853226, "foco_id": "076777b5-beec-3925-bed0-e5be5ef10514", "longitude": -37.69539, "latitude": -11.14739, "data_hora_gmt": "2026-04-20T16:39:00Z", "data_pas": "2026-04-20", "satelite": "NOAA-20", "municipio": "RIACHÃO DO DANTAS", "estado": "SERGIPE", "pais": "Brasil", "precipitacao": null, "numero_dias_sem_chuva": null, "risco_fogo": null, "bioma": "Mata Atlântica", "id_0": 33, "id_1": 28, "id_2": 2805802, "continente_id": 8, "vegetacao": null, "grade_wrs": "215_068", "frp": 3.3}, "bbox": [-37.69539, -11.14739, -37.69539, -11.14739]}, {"type": "Feature", "id": "focos_48h_br_todosats.fid--211a0569_19dad572493_cb8", "geometry": {"type": "Point", "coordinates": [-39.42562, -10.46383]}, "geometry_name": "geometria", "properties": {"id_foco_bdq": 1814852805, "foco_id": "0c6ea86e-7008-325f-8dba-82e4d6f30889", "longitude": -39.42562, "latitude": -10.46383, "data_hora_gmt": "2026-04-20T16:39:00Z", "data_pas": "2026-04-20", "satelite": "NOAA-20", "municipio": "MONTE SANTO", "estado": "BAHIA", "pais": "Brasil", "precipitacao": null, "numero_dias_sem_chuva": null, "risco_fogo": null, "bioma": "Caatinga", "id_0": 33, "id_1": 29, "id_2": 2921500, "continente_id": 8, "vegetacao": null, "grade_wrs": "216_067", "frp": 12.7}, "bbox": [-39.42562, -10.46383, -39.42562, -10.46383]}, {"type": "Feature", "id": "focos_48h_br_todosats.fid--211a0569_19dad572493_cb9", "geometry": {"type": "Point", "coordinates": [-37.2512, -9.72476]}, "geometry_name": "geometria", "properties": {"id_foco_bdq": 1814853074, "foco_id": "e98fedc4-dbda-333e-aa06-4147cda23ae2", "longitude": -37.2512, "latitude": -9.72476, "data_hora_gmt": "2026-04-20T16:39:00Z", "data_pas": "2026-04-20", "satelite": "NOAA-20", "municipio": "JACARÉ DOS HOMENS", "estado": "ALAGOAS", "pais": "Brasil", "precipitacao": null, "numero_dias_sem_chuva": null, "risco_fogo": null, "bioma": "Caatinga", "id_0": 33, "id_1": 27, "id_2": 2703403, "continente_id": 8, "vegetacao": null, "grade_wrs": "215_067", "frp": 5.4}, "bbox": [-37.2512, -9.72476, -37.2512, -9.72476]}, {"type": "Feature", "id": "focos_48h_br_todosats.fid--211a0569_19dad572493_cba", "geometry": {"type": "Point", "coordinates": [-46.74606, -11.94026]}, "geometry_name": "geometria", "properties": {"id_foco_bdq": 1814853350, "foco_id": "1e0c15e0-8a21-3ebb-900e-aab61215ddfa", "longitude": -46.74606, "latitude": -11.94026, "data_hora_gmt": "2026-04-20T16:39:00Z", "data_pas": "2026-04-20", "satelite": "NOAA-20", "municipio": "NOVO JARDIM", "estado": "TOCANTINS", "pais": "Brasil", "precipitacao": null, "numero_dias_sem_chuva": null, "risco_fogo": null, "bioma": "Cerrado", "id_0": 33, "id_1": 17, "id_2": 1715259, "continente_id": 8, "vegetacao": null, "grade_wrs": "221_068", "frp": 3.2}, "bbox": [-46.74606, -11.94026, -46.74606, -11.94026]}, {"type": "Feature", "id": "focos_48h_br_todosats.fid--211a0569_19dad572493_cbb", "geometry": {"type": "Point", "coordinates": [-37.49902, -11.12917]}, "geometry_name": "geometria", "properties": {"id_foco_bdq": 1814852243, "foco_id": "e207c90f-9886-3d7e-bdb3-f11545400078", "longitude": -37.49902, "latitude": -11.12917, "data_hora_gmt": "2026-04-20T16:39:00Z", "data_pas": "2026-04-20", "satelite": "NOAA-20", "municipio": "SALGADO", "estado": "SERGIPE", "pais": "Brasil", "precipitacao": null, "numero_dias_sem_chuva": null, "risco_fogo": null, "bioma": "Mata Atlântica", "id_0": 33, "id_1": 28, "id_2": 2806206, "continente_id": 8, "vegetacao": null, "grade_wrs": "215_068", "frp": 5.4}, "bbox": [-37.49902, -11.12917, -37.49902, -11.12917]}, {"type": "Feature", "id": "focos_48h_br_todosats.fid--211a0569_19dad572493_cbc", "geometry": {"type": "Point", "coordinates": [-44.58991, -12.32821]}, "geometry_name": "geometria", "properties": {"id_foco_bdq": 1814852888, "foco_id": "ea7604d6-4028-3b96-baa2-af41fcfdf65f", "longitude": -44.58991, "latitude": -12.32821, "data_hora_gmt": "2026-04-20T16:39:00Z", "data_pas": "2026-04-20", "satelite": "NOAA-20", "municipio": "BAIANÓPOLIS", "estado": "BAHIA", "pais": "Brasil", "precipitacao": null, "numero_dias_sem_chuva": null, "risco_fogo": null, "bioma": "Cerrado", "id_0": 33, "id_1": 29, "id_2": 2902500, "continente_id": 8, "vegetacao": null, "grade_wrs": "219_069", "frp": 2.4}, "bbox": [-44.58991, -12.32821, -44.58991, -12.32821]}, {"type": "Feature", "id": "focos_48h_br_todosats.fid--211a0569_19dad572493_cbd", "geometry": {"type": "Point", "coordinates": [-44.74143, -11.72782]}, "geometry_name": "geometria", "properties": {"id_foco_bdq": 1814853154, "foco_id": "d4a324bf-4bb1-3d11-a224-a999ad9ef758", "longitude": -44.74143, "latitude": -11.72782, "data_hora_gmt": "2026-04-20T16:39:00Z", "data_pas": "2026-04-20", "satelite": "NOAA-20", "municipio": "RIACHÃO DAS NEVES", "estado": "BAHIA", "pais": "Brasil", "precipitacao": null, "numero_dias_sem_chuva": null, "risco_fogo": null, "bioma": "Cerrado", "id_0": 33, "id_1": 29, "id_2": 2926202, "continente_id": 8, "vegetacao": null, "grade_wrs": "220_068", "frp": 17.4}, "bbox": [-44.74143, -11.72782, -44.74143, -11.72782]}, {"type": "Feature", "id": "focos_48h_br_todosats.fid--211a0569_19dad572493_cbe", "geometry": {"type": "Point", "coordinates": [-38.06408, -9.91086]}, "geometry_name": "geometria", "properties": {"id_foco_bdq": 1814853117, "foco_id": "ff306120-b0e0-3e1d-995d-909caebeaa94", "longitude": -38.06408, "latitude": -9.91086, "data_hora_gmt": "2026-04-20T16:39:00Z", "data_pas": "2026-04-20", "satelite": "NOAA-20", "municipio": "PEDRO ALEXANDRE", "estado": "BAHIA", "pais": "Brasil", "precipitacao": null, "numero_dias_sem_chuva": null, "risco_fogo": null, "bioma": "Caatinga", "id_0": 33, "id_1": 29, "id_2": 2924207, "continente_id": 8, "vegetacao": null, "grade_wrs": "215_067", "frp": 2.1}, "bbox": [-38.06408, -9.91086, -38.06408, -9.91086]}, {"type": "Feature", "id": "focos_48h_br_todosats.fid--211a0569_19dad572493_cbf", "geometry": {"type": "Point", "coordinates": [-37.20105, -9.70991]}, "geometry_name": "geometria", "properties": {"id_foco_bdq": 1814852724, "foco_id": "584cd368-0318-3d6a-b557-8338b43eba27", "longitude": -37.20105, "latitude": -9.70991, "data_hora_gmt": "2026-04-20T16:39:00Z", "data_pas": "2026-04-20", "satelite": "NOAA-20", "municipio": "BATALHA", "estado": "ALAGOAS", "pais": "Brasil", "precipitacao": null, "numero_dias_sem_chuva": null, "risco_fogo": null, "bioma": "Caatinga", "id_0": 33, "id_1": 27, "id_2": 2700706, "continente_id": 8, "vegetacao": null, "grade_wrs": "215_067", "frp": 2.5}, "bbox": [-37.20105, -9.70991, -37.20105, -9.70991]}, {"type": "Feature", "id": "focos_48h_br_todosats.fid--211a0569_19dad572493_cc0", "geometry": {"type": "Point", "coordinates": [-46.74961, -11.94079]}, "geometry_name": "geometria", "properties": {"id_foco_bdq": 1814852693, "foco_id": "0d235ba6-3cbd-3184-a9c7-25fe62e7ba52", "longitude": -46.74961, "latitude": -11.94079, "data_hora_gmt": "2026-04-20T16:39:00Z", "data_pas": "2026-04-20", "satelite": "NOAA-20", "municipio": "NOVO JARDIM", "estado": "TOCANTINS", "pais": "Brasil", "precipitacao": null, "numero_dias_sem_chuva": null, "risco_fogo": null, "bioma": "Cerrado", "id_0": 33, "id_1": 17, "id_2": 1715259, "continente_id": 8, "vegetacao": null, "grade_wrs": "221_068", "frp": 3.2}, "bbox": [-46.74961, -11.94079, -46.74961, -11.94079]}, {"type": "Feature", "id": "focos_48h_br_todosats.fid--211a0569_19dad572493_cc1", "geometry": {"type": "Point", "coordinates": [-46.74657, -11.93693]}, "geometry_name": "geometria", "properties": {"id_foco_bdq": 1814852678, "foco_id": "8746f211-fbaa-32d6-a592-47f955182bac", "longitude": -46.74657, "latitude": -11.93693, "data_hora_gmt": "2026-04-20T16:39:00Z", "data_pas": "2026-04-20", "satelite": "NOAA-20", "municipio": "NOVO JARDIM", "estado": "TOCANTINS", "pais": "Brasil", "precipitacao": null, "numero_dias_sem_chuva": null, "risco_fogo": null, "bioma": "Cerrado", "id_0": 33, "id_1": 17, "id_2": 1715259, "continente_id": 8, "vegetacao": null, "grade_wrs": "221_068", "frp": 3.2}, "bbox": [-46.74657, -11.93693, -46.74657, -11.93693]}, {"type": "Feature", "id": "focos_48h_br_todosats.fid--211a0569_19dad572493_cc2", "geometry": {"type": "Point", "coordinates": [-37.97954, -9.87988]}, "geometry_name": "geometria", "properties": {"id_foco_bdq": 1814853126, "foco_id": "fbc9ab13-a17b-3366-9a87-95af4eddd1e3", "longitude": -37.97954, "latitude": -9.87988, "data_hora_gmt": "2026-04-20T16:39:00Z", "data_pas": "2026-04-20", "satelite": "NOAA-20", "municipio": "CANINDÉ DE SÃO FRANCISCO", "estado": "SERGIPE", "pais": "Brasil", "precipitacao": null, "numero_dias_sem_chuva": null, "risco_fogo": null, "bioma": "Caatinga", "id_0": 33, "id_1": 28, "id_2": 2801207, "continente_id": 8, "vegetacao": null, "grade_wrs": "215_067", "frp": 2.9}, "bbox": [-37.97954, -9.87988, -37.97954, -9.87988]}, {"type": "Feature", "id": "focos_48h_br_todosats.fid--211a0569_19dad572493_cc3", "geometry": {"type": "Point", "coordinates": [-37.87693, -10.90171]}, "geometry_name": "geometria", "properties": {"id_foco_bdq": 1814853373, "foco_id": "ae2fbb1d-0eb9-3452-8ea9-e6facee8288d", "longitude": -37.87693, "latitude": -10.90171, "data_hora_gmt": "2026-04-20T16:39:00Z", "data_pas": "2026-04-20", "satelite": "NOAA-20", "municipio": "RIACHÃO DO DANTAS", "estado": "SERGIPE", "pais": "Brasil", "precipitacao": null, "numero_dias_sem_chuva": null, "risco_fogo": null, "bioma": "Caatinga", "id_0": 33, "id_1": 28, "id_2": 2805802, "continente_id": 8, "vegetacao": null, "grade_wrs": "215_068", "frp": 3.2}, "bbox": [-37.87693, -10.90171, -37.87693, -10.90171]}, {"type": "Feature", "id": "focos_48h_br_todosats.fid--211a0569_19dad572493_cc4", "geometry": {"type": "Point", "coordinates": [-49.72006, -11.86327]}, "geometry_name": "geometria", "properties": {"id_foco_bdq": 1814853288, "foco_id": "8f377f4d-8f24-3166-8be1-c125eb8dd77a", "longitude": -49.72006, "latitude": -11.86327, "data_hora_gmt": "2026-04-20T16:39:00Z", "data_pas": "2026-04-20", "satelite": "NOAA-20", "municipio": "FORMOSO DO ARAGUAIA", "estado": "TOCANTINS", "pais": "Brasil", "precipitacao": null, "numero_dias_sem_chuva": null, "risco_fogo": null, "bioma": "Cerrado", "id_0": 33, "id_1": 17, "id_2": 1708205, "continente_id": 8, "vegetacao": null, "grade_wrs": "223_068", "frp": 11.8}, "bbox": [-49.72006, -11.86327, -49.72006, -11.86327]}, {"type": "Feature", "id": "focos_48h_br_todosats.fid--211a0569_19dad572493_cc5", "geometry": {"type": "Point", "coordinates": [-50.9711, -12.28346]}, "geometry_name": "geometria", "properties": {"id_foco_bdq": 1814853471, "foco_id": "08ccd9b3-1172-3017-b6f8-9670a98480f7", "longitude": -50.9711, "latitude": -12.28346, "data_hora_gmt": "2026-04-20T16:39:00Z", "data_pas": "2026-04-20", "satelite": "NOAA-20", "municipio": "NOVO SANTO ANTÔNIO", "estado": "MATO GROSSO", "pais": "Brasil", "precipitacao": null, "numero_dias_sem_chuva": null, "risco_fogo": null, "bioma": "Cerrado", "id_0": 33, "id_1": 51, "id_2": 5106315, "continente_id": 8, "vegetacao": null, "grade_wrs": "223_069", "frp": 5}, "bbox": [-50.9711, -12.28346, -50.9711, -12.28346]}, {"type": "Feature", "id": "focos_48h_br_todosats.fid--211a0569_19dad572493_cc6", "geometry": {"type": "Point", "coordinates": [-41.10461, -12.09221]}, "geometry_name": "geometria", "properties": {"id_foco_bdq": 1814853360, "foco_id": "0670e495-0a92-35ba-82c6-baef01163644", "longitude": -41.10461, "latitude": -12.09221, "data_hora_gmt": "2026-04-20T16:39:00Z", "data_pas": "2026-04-20", "satelite": "NOAA-20", "municipio": "UTINGA", "estado": "BAHIA", "pais": "Brasil", "precipitacao": null, "numero_dias_sem_chuva": null, "risco_fogo": null, "bioma": "Caatinga", "id_0": 33, "id_1": 29, "id_2": 2932804, "continente_id": 8, "vegetacao": null, "grade_wrs": "217_068", "frp": 3.9}, "bbox": [-41.10461, -12.09221, -41.10461, -12.09221]}, {"type": "Feature", "id": "focos_48h_br_todosats.fid--211a0569_19dad572493_cc7", "geometry": {"type": "Point", "coordinates": [-44.73833, -11.72389]}, "geometry_name": "geometria", "properties": {"id_foco_bdq": 1814852993, "foco_id": "6b84e800-2e6f-3232-b3ac-a02cfddad3af", "longitude": -44.73833, "latitude": -11.72389, "data_hora_gmt": "2026-04-20T16:39:00Z", "data_pas": "2026-04-20", "satelite": "NOAA-20", "municipio": "RIACHÃO DAS NEVES", "estado": "BAHIA", "pais": "Brasil", "precipitacao": null, "numero_dias_sem_chuva": null, "risco_fogo": null, "bioma": "Cerrado", "id_0": 33, "id_1": 29, "id_2": 2926202, "continente_id": 8, "vegetacao": null, "grade_wrs": "220_068", "frp": 17.4}, "bbox": [-44.73833, -11.72389, -44.73833, -11.72389]}, {"type": "Feature", "id": "focos_48h_br_todosats.fid--211a0569_19dad572493_cc8", "geometry": {"type": "Point", "coordinates": [-37.63126, -10.75797]}, "geometry_name": "geometria", "properties": {"id_foco_bdq": 1814853294, "foco_id": "075a02ac-aa3f-313f-a479-7e31f6d4873c", "longitude": -37.63126, "latitude": -10.75797, "data_hora_gmt": "2026-04-20T16:39:00Z", "data_pas": "2026-04-20", "satelite": "NOAA-20", "municipio": "LAGARTO", "estado": "SERGIPE", "pais": "Brasil", "precipitacao": null, "numero_dias_sem_chuva": null, "risco_fogo": null, "bioma": "Caatinga", "id_0": 33, "id_1": 28, "id_2": 2803500, "continente_id": 8, "vegetacao": null, "grade_wrs": "215_067", "frp": 4.4}, "bbox": [-37.63126, -10.75797, -37.63126, -10.75797]}, {"type": "Feature", "id": "focos_48h_br_todosats.fid--211a0569_19dad572493_cc9", "geometry": {"type": "Point", "coordinates": [-44.58938, -12.33158]}, "geometry_name": "geometria", "properties": {"id_foco_bdq": 1814852645, "foco_id": "8bae5f32-d578-35f2-9094-ce8903bf5643", "longitude": -44.58938, "latitude": -12.33158, "data_hora_gmt": "2026-04-20T16:39:00Z", "data_pas": "2026-04-20", "satelite": "NOAA-20", "municipio": "BAIANÓPOLIS", "estado": "BAHIA", "pais": "Brasil", "precipitacao": null, "numero_dias_sem_chuva": null, "risco_fogo": null, "bioma": "Cerrado", "id_0": 33, "id_1": 29, "id_2": 2902500, "continente_id": 8, "vegetacao": null, "grade_wrs": "219_069", "frp": 6.6}, "bbox": [-44.58938, -12.33158, -44.58938, -12.33158]}, {"type": "Feature", "id": "focos_48h_br_todosats.fid--211a0569_19dad572493_cca", "geometry": {"type": "Point", "coordinates": [-43.88801, -8.22881]}, "geometry_name": "geometria", "properties": {"id_foco_bdq": 1814852639, "foco_id": "40102015-826c-3e20-a48c-8c84e54afc53", "longitude": -43.88801, "latitude": -8.22881, "data_hora_gmt": "2026-04-20T16:39:00Z", "data_pas": "2026-04-20", "satelite": "NOAA-20", "municipio": "MANOEL EMÍDIO", "estado": "PIAUÍ", "pais": "Brasil", "precipitacao": null, "numero_dias_sem_chuva": null, "risco_fogo": null, "bioma": "Caatinga", "id_0": 33, "id_1": 22, "id_2": 2205904, "continente_id": 8, "vegetacao": null, "grade_wrs": "219_066", "frp": 13.6}, "bbox": [-43.88801, -8.22881, -43.88801, -8.22881]}, {"type": "Feature", "id": "focos_48h_br_todosats.fid--211a0569_19dad572493_ccb", "geometry": {"type": "Point", "coordinates": [-44.74079, -11.72919]}, "geometry_name": "geometria", "properties": {"id_foco_bdq": 1814852998, "foco_id": "0f77feef-62f0-3332-9c14-b1e622ed9ea8", "longitude": -44.74079, "latitude": -11.72919, "data_hora_gmt": "2026-04-20T16:39:00Z", "data_pas": "2026-04-20", "satelite": "NOAA-20", "municipio": "RIACHÃO DAS NEVES", "estado": "BAHIA", "pais": "Brasil", "precipitacao": null, "numero_dias_sem_chuva": null, "risco_fogo": null, "bioma": "Cerrado", "id_0": 33, "id_1": 29, "id_2": 2926202, "continente_id": 8, "vegetacao": null, "grade_wrs": "220_068", "frp": 14.2}, "bbox": [-44.74079, -11.72919, -44.74079, -11.72919]}, {"type": "Feature", "id": "focos_48h_br_todosats.fid--211a0569_19dad572493_ccc", "geometry": {"type": "Point", "coordinates": [-38.61787, -10.52644]}, "geometry_name": "geometria", "properties": {"id_foco_bdq": 1814853232, "foco_id": "5ebf4487-72c1-337b-86aa-d077818d7785", "longitude": -38.61787, "latitude": -10.52644, "data_hora_gmt": "2026-04-20T16:39:00Z", "data_pas": "2026-04-20", "satelite": "NOAA-20", "municipio": "CÍCERO DANTAS", "estado": "BAHIA", "pais": "Brasil", "precipitacao": null, "numero_dias_sem_chuva": null, "risco_fogo": null, "bioma": "Caatinga", "id_0": 33, "id_1": 29, "id_2": 2907806, "continente_id": 8, "vegetacao": null, "grade_wrs": "216_067", "frp": 10.6}, "bbox": [-38.61787, -10.52644, -38.61787, -10.52644]}, {"type": "Feature", "id": "focos_48h_br_todosats.fid--211a0569_19dad572493_ccd", "geometry": {"type": "Point", "coordinates": [-43.71903, -5.79005]}, "geometry_name": "geometria", "properties": {"id_foco_bdq": 1814853500, "foco_id": "ea35c808-3182-3314-9e55-48b9f14fe986", "longitude": -43.71903, "latitude": -5.79005, "data_hora_gmt": "2026-04-20T16:39:00Z", "data_pas": "2026-04-20", "satelite": "NOAA-20", "municipio": "BURITI BRAVO", "estado": "MARANHÃO", "pais": "Brasil", "precipitacao": null, "numero_dias_sem_chuva": null, "risco_fogo": null, "bioma": "Cerrado", "id_0": 33, "id_1": 21, "id_2": 2102309, "continente_id": 8, "vegetacao": null, "grade_wrs": "220_064", "frp": 3.9}, "bbox": [-43.71903, -5.79005, -43.71903, -5.79005]}, {"type": "Feature", "id": "focos_48h_br_todosats.fid--211a0569_19dad572493_cce", "geometry": {"type": "Point", "coordinates": [-39.21911, -10.57864]}, "geometry_name": "geometria", "properties": {"id_foco_bdq": 1814852555, "foco_id": "4ac10ea9-1caf-33a6-a0f0-a46b04c7bb86", "longitude": -39.21911, "latitude": -10.57864, "data_hora_gmt": "2026-04-20T16:39:00Z", "data_pas": "2026-04-20", "satelite": "NOAA-20", "municipio": "MONTE SANTO", "estado": "BAHIA", "pais": "Brasil", "precipitacao": null, "numero_dias_sem_chuva": null, "risco_fogo": null, "bioma": "Caatinga", "id_0": 33, "id_1": 29, "id_2": 2921500, "continente_id": 8, "vegetacao": null, "grade_wrs": "216_067", "frp": 6.1}, "bbox": [-39.21911, -10.57864, -39.21911, -10.57864]}, {"type": "Feature", "id": "focos_48h_br_todosats.fid--211a0569_19dad572493_ccf", "geometry": {"type": "Point", "coordinates": [-36.80074, -10.18082]}, "geometry_name": "geometria", "properties": {"id_foco_bdq": 1814852984, "foco_id": "d32c3f11-d286-33ea-9b04-57906cd4f1cf", "longitude": -36.80074, "latitude": -10.18082, "data_hora_gmt": "2026-04-20T16:39:00Z", "data_pas": "2026-04-20", "satelite": "NOAA-20", "municipio": "PORTO REAL DO COLÉGIO", "estado": "ALAGOAS", "pais": "Brasil", "precipitacao": null, "numero_dias_sem_chuva": null, "risco_fogo": null, "bioma": "Mata Atlântica", "id_0": 33, "id_1": 27, "id_2": 2707503, "continente_id": 8, "vegetacao": null, "grade_wrs": "215_067", "frp": 3.3}, "bbox": [-36.80074, -10.18082, -36.80074, -10.18082]}, {"type": "Feature", "id": "focos_48h_br_todosats.fid--211a0569_19dad572493_cd0", "geometry": {"type": "Point", "coordinates": [-43.72852, -12.23956]}, "geometry_name": "geometria", "properties": {"id_foco_bdq": 1814852483, "foco_id": "691371e4-39a2-3c37-957c-b683828636f0", "longitude": -43.72852, "latitude": -12.23956, "data_hora_gmt": "2026-04-20T16:39:00Z", "data_pas": "2026-04-20", "satelite": "NOAA-20", "municipio": "MUQUÉM DO SÃO FRANCISCO", "estado": "BAHIA", "pais": "Brasil", "precipitacao": null, "numero_dias_sem_chuva": null, "risco_fogo": null, "bioma": "Cerrado", "id_0": 33, "id_1": 29, "id_2": 2922250, "continente_id": 8, "vegetacao": null, "grade_wrs": "219_068", "frp": 3.5}, "bbox": [-43.72852, -12.23956, -43.72852, -12.23956]}, {"type": "Feature", "id": "focos_48h_br_todosats.fid--211a0569_19dad572493_cd1", "geometry": {"type": "Point", "coordinates": [-56.96374, -11.80404]}, "geometry_name": "geometria", "properties": {"id_foco_bdq": 1814852475, "foco_id": "59112c0e-ab6d-3113-a61d-9056861bb8b4", "longitude": -56.96374, "latitude": -11.80404, "data_hora_gmt": "2026-04-20T16:39:00Z", "data_pas": "2026-04-20", "satelite": "NOAA-20", "municipio": "PORTO DOS GAÚCHOS", "estado": "MATO GROSSO", "pais": "Brasil", "precipitacao": null, "numero_dias_sem_chuva": null, "risco_fogo": null, "bioma": "Amazônia", "id_0": 33, "id_1": 51, "id_2": 5106802, "continente_id": 8, "vegetacao": null, "grade_wrs": "227_068", "frp": 11.8}, "bbox": [-56.96374, -11.80404, -56.96374, -11.80404]}, {"type": "Feature", "id": "focos_48h_br_todosats.fid--211a0569_19dad572493_cd2", "geometry": {"type": "Point", "coordinates": [-37.19766, -9.70928]}, "geometry_name": "geometria", "properties": {"id_foco_bdq": 1814852472, "foco_id": "942f3ee0-27c6-3ba9-ba08-f716abb4ff71", "longitude": -37.19766, "latitude": -9.70928, "data_hora_gmt": "2026-04-20T16:39:00Z", "data_pas": "2026-04-20", "satelite": "NOAA-20", "municipio": "BATALHA", "estado": "ALAGOAS", "pais": "Brasil", "precipitacao": null, "numero_dias_sem_chuva": null, "risco_fogo": null, "bioma": "Caatinga", "id_0": 33, "id_1": 27, "id_2": 2700706, "continente_id": 8, "vegetacao": null, "grade_wrs": "215_067", "frp": 2.5}, "bbox": [-37.19766, -9.70928, -37.19766, -9.70928]}, {"type": "Feature", "id": "focos_48h_br_todosats.fid--211a0569_19dad572493_cd3", "geometry": {"type": "Point", "coordinates": [-37.49856, -11.12723]}, "geometry_name": "geometria", "properties": {"id_foco_bdq": 1814852367, "foco_id": "7c2c6fa1-38d2-31a8-89dc-6bd15680f819", "longitude": -37.49856, "latitude": -11.12723, "data_hora_gmt": "2026-04-20T16:39:00Z", "data_pas": "2026-04-20", "satelite": "NOAA-20", "municipio": "SALGADO", "estado": "SERGIPE", "pais": "Brasil", "precipitacao": null, "numero_dias_sem_chuva": null, "risco_fogo": null, "bioma": "Mata Atlântica", "id_0": 33, "id_1": 28, "id_2": 2806206, "continente_id": 8, "vegetacao": null, "grade_wrs": "215_068", "frp": 9}, "bbox": [-37.49856, -11.12723, -37.49856, -11.12723]}, {"type": "Feature", "id": "focos_48h_br_todosats.fid--211a0569_19dad572493_cd4", "geometry": {"type": "Point", "coordinates": [-39.32132, -10.50645]}, "geometry_name": "geometria", "properties": {"id_foco_bdq": 1814853512, "foco_id": "fa05db20-1982-32a9-8e42-06428f3a39a9", "longitude": -39.32132, "latitude": -10.50645, "data_hora_gmt": "2026-04-20T16:39:00Z", "data_pas": "2026-04-20", "satelite": "NOAA-20", "municipio": "MONTE SANTO", "estado": "BAHIA", "pais": "Brasil", "precipitacao": null, "numero_dias_sem_chuva": null, "risco_fogo": null, "bioma": "Caatinga", "id_0": 33, "id_1": 29, "id_2": 2921500, "continente_id": 8, "vegetacao": null, "grade_wrs": "216_067", "frp": 8.6}, "bbox": [-39.32132, -10.50645, -39.32132, -10.50645]}, {"type": "Feature", "id": "focos_48h_br_todosats.fid--211a0569_19dad572493_cd5", "geometry": {"type": "Point", "coordinates": [-37.60088, -10.80008]}, "geometry_name": "geometria", "properties": {"id_foco_bdq": 1814852956, "foco_id": "48dbea43-3428-3ad4-a366-f88a2fd7f99d", "longitude": -37.60088, "latitude": -10.80008, "data_hora_gmt": "2026-04-20T16:39:00Z", "data_pas": "2026-04-20", "satelite": "NOAA-20", "municipio": "SÃO DOMINGOS", "estado": "SERGIPE", "pais": "Brasil", "precipitacao": null, "numero_dias_sem_chuva": null, "risco_fogo": null, "bioma": "Caatinga", "id_0": 33, "id_1": 28, "id_2": 2806800, "continente_id": 8, "vegetacao": null, "grade_wrs": "215_067", "frp": 2.9}, "bbox": [-37.60088, -10.80008, -37.60088, -10.80008]}, {"type": "Feature", "id": "focos_48h_br_todosats.fid--211a0569_19dad572493_cd6", "geometry": {"type": "Point", "coordinates": [-44.73779, -11.72725]}, "geometry_name": "geometria", "properties": {"id_foco_bdq": 1814852345, "foco_id": "a4510e3f-9b7e-3e85-9277-2fc0c224c747", "longitude": -44.73779, "latitude": -11.72725, "data_hora_gmt": "2026-04-20T16:39:00Z", "data_pas": "2026-04-20", "satelite": "NOAA-20", "municipio": "RIACHÃO DAS NEVES", "estado": "BAHIA", "pais": "Brasil", "precipitacao": null, "numero_dias_sem_chuva": null, "risco_fogo": null, "bioma": "Cerrado", "id_0": 33, "id_1": 29, "id_2": 2926202, "continente_id": 8, "vegetacao": null, "grade_wrs": "220_068", "frp": 17.4}, "bbox": [-44.73779, -11.72725, -44.73779, -11.72725]}, {"type": "Feature", "id": "focos_48h_br_todosats.fid--211a0569_19dad572493_cd7", "geometry": {"type": "Point", "coordinates": [-37.24773, -9.72412]}, "geometry_name": "geometria", "properties": {"id_foco_bdq": 1814852280, "foco_id": "d095d308-8fa6-3c2c-958f-4219c4c20fe7", "longitude": -37.24773, "latitude": -9.72412, "data_hora_gmt": "2026-04-20T16:39:00Z", "data_pas": "2026-04-20", "satelite": "NOAA-20", "municipio": "JACARÉ DOS HOMENS", "estado": "ALAGOAS", "pais": "Brasil", "precipitacao": null, "numero_dias_sem_chuva": null, "risco_fogo": null, "bioma": "Caatinga", "id_0": 33, "id_1": 27, "id_2": 2703403, "continente_id": 8, "vegetacao": null, "grade_wrs": "215_067", "frp": 4.5}, "bbox": [-37.24773, -9.72412, -37.24773, -9.72412]}, {"type": "Feature", "id": "focos_48h_br_todosats.fid--211a0569_19dad572493_cd8", "geometry": {"type": "Point", "coordinates": [-37.49597, -11.12859]}, "geometry_name": "geometria", "properties": {"id_foco_bdq": 1814852264, "foco_id": "834193b9-0ce5-3e4d-a1cd-1f1602ab3fdf", "longitude": -37.49597, "latitude": -11.12859, "data_hora_gmt": "2026-04-20T16:39:00Z", "data_pas": "2026-04-20", "satelite": "NOAA-20", "municipio": "SALGADO", "estado": "SERGIPE", "pais": "Brasil", "precipitacao": null, "numero_dias_sem_chuva": null, "risco_fogo": null, "bioma": "Mata Atlântica", "id_0": 33, "id_1": 28, "id_2": 2806206, "continente_id": 8, "vegetacao": null, "grade_wrs": "215_068", "frp": 5.4}, "bbox": [-37.49597, -11.12859, -37.49597, -11.12859]}, {"type": "Feature", "id": "focos_48h_br_todosats.fid--211a0569_19dad572493_cd9", "geometry": {"type": "Point", "coordinates": [-39.41526, -10.46671]}, "geometry_name": "geometria", "properties": {"id_foco_bdq": 1814853042, "foco_id": "a43fbfe0-a038-3bac-a5aa-73a85738ed9a", "longitude": -39.41526, "latitude": -10.46671, "data_hora_gmt": "2026-04-20T16:39:00Z", "data_pas": "2026-04-20", "satelite": "NOAA-20", "municipio": "MONTE SANTO", "estado": "BAHIA", "pais": "Brasil", "precipitacao": null, "numero_dias_sem_chuva": null, "risco_fogo": null, "bioma": "Caatinga", "id_0": 33, "id_1": 29, "id_2": 2921500, "continente_id": 8, "vegetacao": null, "grade_wrs": "216_067", "frp": 8.4}, "bbox": [-39.41526, -10.46671, -39.41526, -10.46671]}, {"type": "Feature", "id": "focos_48h_br_todosats.fid--211a0569_19dad572493_cda", "geometry": {"type": "Point", "coordinates": [-37.3979, -10.71974]}, "geometry_name": "geometria", "properties": {"id_foco_bdq": 1814853522, "foco_id": "3ba52d94-88fc-3dba-b9b3-49f5541f9a3a", "longitude": -37.3979, "latitude": -10.71974, "data_hora_gmt": "2026-04-20T16:39:00Z", "data_pas": "2026-04-20", "satelite": "NOAA-20", "municipio": "ITABAIANA", "estado": "SERGIPE", "pais": "Brasil", "precipitacao": null, "numero_dias_sem_chuva": null, "risco_fogo": null, "bioma": "Mata Atlântica", "id_0": 33, "id_1": 28, "id_2": 2802908, "continente_id": 8, "vegetacao": null, "grade_wrs": "215_067", "frp": 2.3}, "bbox": [-37.3979, -10.71974, -37.3979, -10.71974]}, {"type": "Feature", "id": "focos_48h_br_todosats.fid--211a0569_19dad572493_cdb", "geometry": {"type": "Point", "coordinates": [-36.97002, -9.79169]}, "geometry_name": "geometria", "properties": {"id_foco_bdq": 1814853061, "foco_id": "fad615ce-977e-30fd-815c-2cbab2636ba1", "longitude": -36.97002, "latitude": -9.79169, "data_hora_gmt": "2026-04-20T16:39:00Z", "data_pas": "2026-04-20", "satelite": "NOAA-20", "municipio": "TRAIPU", "estado": "ALAGOAS", "pais": "Brasil", "precipitacao": null, "numero_dias_sem_chuva": null, "risco_fogo": null, "bioma": "Caatinga", "id_0": 33, "id_1": 27, "id_2": 2709202, "continente_id": 8, "vegetacao": null, "grade_wrs": "215_067", "frp": 6.3}, "bbox": [-36.97002, -9.79169, -36.97002, -9.79169]}, {"type": "Feature", "id": "focos_48h_br_todosats.fid--211a0569_19dad572493_cdc", "geometry": {"type": "Point", "coordinates": [-59.85337, 3.8697]}, "geometry_name": "geometria", "properties": {"id_foco_bdq": 1814853184, "foco_id": "7f3da932-909b-38cc-bcf1-f1b6beb96473", "longitude": -59.85337, "latitude": 3.8697, "data_hora_gmt": "2026-04-20T16:43:00Z", "data_pas": "2026-04-20", "satelite": "NOAA-20", "municipio": "NORMANDIA", "estado": "RORAIMA", "pais": "Brasil", "precipitacao": null, "numero_dias_sem_chuva": null, "risco_fogo": null, "bioma": "Amazônia", "id_0": 33, "id_1": 14, "id_2": 1400407, "continente_id": 8, "vegetacao": null, "grade_wrs": "231_057", "frp": 12.7}, "bbox": [-59.85337, 3.8697, -59.85337, 3.8697]}, {"type": "Feature", "id": "focos_48h_br_todosats.fid--211a0569_19dad572493_cdd", "geometry": {"type": "Point", "coordinates": [-59.85242, 3.864]}, "geometry_name": "geometria", "properties": {"id_foco_bdq": 1814853021, "foco_id": "7bc7b5e4-3823-307e-80e2-2b19dbe37667", "longitude": -59.85242, "latitude": 3.864, "data_hora_gmt": "2026-04-20T16:43:00Z", "data_pas": "2026-04-20", "satelite": "NOAA-20", "municipio": "NORMANDIA", "estado": "RORAIMA", "pais": "Brasil", "precipitacao": null, "numero_dias_sem_chuva": null, "risco_fogo": null, "bioma": "Amazônia", "id_0": 33, "id_1": 14, "id_2": 1400407, "continente_id": 8, "vegetacao": null, "grade_wrs": "231_057", "frp": 3.6}, "bbox": [-59.85242, 3.864, -59.85242, 3.864]}, {"type": "Feature", "id": "focos_48h_br_todosats.fid--211a0569_19dad572493_cde", "geometry": {"type": "Point", "coordinates": [-49.83297, -27.45699]}, "geometry_name": "geometria", "properties": {"id_foco_bdq": 1814859372, "foco_id": "d0315488-44a0-33c8-a48a-ffcea53ce92c", "longitude": -49.83297, "latitude": -27.45699, "data_hora_gmt": "2026-04-20T17:24:00Z", "data_pas": "2026-04-20", "satelite": "NOAA-21", "municipio": "AGROLÂNDIA", "estado": "SANTA CATARINA", "pais": "Brasil", "precipitacao": null, "numero_dias_sem_chuva": null, "risco_fogo": null, "bioma": "Mata Atlântica", "id_0": 33, "id_1": 42, "id_2": 4200200, "continente_id": 8, "vegetacao": null, "grade_wrs": "220_079", "frp": 6.1}, "bbox": [-49.83297, -27.45699, -49.83297, -27.45699]}, {"type": "Feature", "id": "focos_48h_br_todosats.fid--211a0569_19dad572493_cdf", "geometry": {"type": "Point", "coordinates": [-49.09286, -28.22403]}, "geometry_name": "geometria", "properties": {"id_foco_bdq": 1814859784, "foco_id": "89623f23-78d6-3cc7-b723-09a0eee48844", "longitude": -49.09286, "latitude": -28.22403, "data_hora_gmt": "2026-04-20T17:24:00Z", "data_pas": "2026-04-20", "satelite": "NOAA-21", "municipio": "BRAÇO DO NORTE", "estado": "SANTA CATARINA", "pais": "Brasil", "precipitacao": null, "numero_dias_sem_chuva": null, "risco_fogo": null, "bioma": "Mata Atlântica", "id_0": 33, "id_1": 42, "id_2": 4202800, "continente_id": 8, "vegetacao": null, "grade_wrs": "220_080", "frp": 17.4}, "bbox": [-49.09286, -28.22403, -49.09286, -28.22403]}, {"type": "Feature", "id": "focos_48h_br_todosats.fid--211a0569_19dad572493_ce0", "geometry": {"type": "Point", "coordinates": [-50.40486, -27.78044]}, "geometry_name": "geometria", "properties": {"id_foco_bdq": 1814859815, "foco_id": "8fb14994-c1e4-3623-9be2-e4688f3af000", "longitude": -50.40486, "latitude": -27.78044, "data_hora_gmt": "2026-04-20T17:24:00Z", "data_pas": "2026-04-20", "satelite": "NOAA-21", "municipio": "LAGES", "estado": "SANTA CATARINA", "pais": "Brasil", "precipitacao": null, "numero_dias_sem_chuva": null, "risco_fogo": null, "bioma": "Mata Atlântica", "id_0": 33, "id_1": 42, "id_2": 4209300, "continente_id": 8, "vegetacao": null, "grade_wrs": "221_079", "frp": 4.6}, "bbox": [-50.40486, -27.78044, -50.40486, -27.78044]}, {"type": "Feature", "id": "focos_48h_br_todosats.fid--211a0569_19dad572493_ce1", "geometry": {"type": "Point", "coordinates": [-50.93489, -29.47018]}, "geometry_name": "geometria", "properties": {"id_foco_bdq": 1814859827, "foco_id": "5e253b04-f54f-3df0-8879-74be6eaabacb", "longitude": -50.93489, "latitude": -29.47018, "data_hora_gmt": "2026-04-20T17:24:00Z", "data_pas": "2026-04-20", "satelite": "NOAA-21", "municipio": "SANTA MARIA DO HERVAL", "estado": "RIO GRANDE DO SUL", "pais": "Brasil", "precipitacao": null, "numero_dias_sem_chuva": null, "risco_fogo": null, "bioma": "Mata Atlântica", "id_0": 33, "id_1": 43, "id_2": 4316956, "continente_id": 8, "vegetacao": null, "grade_wrs": "221_080", "frp": 14}, "bbox": [-50.93489, -29.47018, -50.93489, -29.47018]}, {"type": "Feature", "id": "focos_48h_br_todosats.fid--211a0569_19dad572493_ce2", "geometry": {"type": "Point", "coordinates": [-51.67332, -29.47912]}, "geometry_name": "geometria", "properties": {"id_foco_bdq": 1814859830, "foco_id": "aebe57d7-8adf-3a17-817a-69a01696ffeb", "longitude": -51.67332, "latitude": -29.47912, "data_hora_gmt": "2026-04-20T17:24:00Z", "data_pas": "2026-04-20", "satelite": "NOAA-21", "municipio": "TEUTÔNIA", "estado": "RIO GRANDE DO SUL", "pais": "Brasil", "precipitacao": null, "numero_dias_sem_chuva": null, "risco_fogo": null, "bioma": "Mata Atlântica", "id_0": 33, "id_1": 43, "id_2": 4321451, "continente_id": 8, "vegetacao": null, "grade_wrs": "221_080", "frp": 8.7}, "bbox": [-51.67332, -29.47912, -51.67332, -29.47912]}, {"type": "Feature", "id": "focos_48h_br_todosats.fid--211a0569_19dad572493_ce3", "geometry": {"type": "Point", "coordinates": [-50.21408, -27.92873]}, "geometry_name": "geometria", "properties": {"id_foco_bdq": 1814859842, "foco_id": "d428ac82-9eb7-3067-92b5-af0b72e9ad58", "longitude": -50.21408, "latitude": -27.92873, "data_hora_gmt": "2026-04-20T17:24:00Z", "data_pas": "2026-04-20", "satelite": "NOAA-21", "municipio": "LAGES", "estado": "SANTA CATARINA", "pais": "Brasil", "precipitacao": null, "numero_dias_sem_chuva": null, "risco_fogo": null, "bioma": "Mata Atlântica", "id_0": 33, "id_1": 42, "id_2": 4209300, "continente_id": 8, "vegetacao": null, "grade_wrs": "221_079", "frp": 9.1}, "bbox": [-50.21408, -27.92873, -50.21408, -27.92873]}, {"type": "Feature", "id": "focos_48h_br_todosats.fid--211a0569_19dad572493_ce4", "geometry": {"type": "Point", "coordinates": [-53.25734, -25.09119]}, "geometry_name": "geometria", "properties": {"id_foco_bdq": 1814859769, "foco_id": "fcd4c312-a8a0-3ff8-a954-b7627ea8dcab", "longitude": -53.25734, "latitude": -25.09119, "data_hora_gmt": "2026-04-20T17:24:00Z", "data_pas": "2026-04-20", "satelite": "NOAA-21", "municipio": "CASCAVEL", "estado": "PARANÁ", "pais": "Brasil", "precipitacao": null, "numero_dias_sem_chuva": null, "risco_fogo": null, "bioma": "Mata Atlântica", "id_0": 33, "id_1": 41, "id_2": 4104808, "continente_id": 8, "vegetacao": null, "grade_wrs": "223_077", "frp": 5.3}, "bbox": [-53.25734, -25.09119, -53.25734, -25.09119]}, {"type": "Feature", "id": "focos_48h_br_todosats.fid--211a0569_19dad572493_ce5", "geometry": {"type": "Point", "coordinates": [-49.09186, -28.22798]}, "geometry_name": "geometria", "properties": {"id_foco_bdq": 1814859766, "foco_id": "7a5d58f0-e078-329a-b93f-2d8ed6e5741b", "longitude": -49.09186, "latitude": -28.22798, "data_hora_gmt": "2026-04-20T17:24:00Z", "data_pas": "2026-04-20", "satelite": "NOAA-21", "municipio": "BRAÇO DO NORTE", "estado": "SANTA CATARINA", "pais": "Brasil", "precipitacao": null, "numero_dias_sem_chuva": null, "risco_fogo": null, "bioma": "Mata Atlântica", "id_0": 33, "id_1": 42, "id_2": 4202800, "continente_id": 8, "vegetacao": null, "grade_wrs": "220_080", "frp": 5.1}, "bbox": [-49.09186, -28.22798, -49.09186, -28.22798]}, {"type": "Feature", "id": "focos_48h_br_todosats.fid--211a0569_19dad572493_ce6", "geometry": {"type": "Point", "coordinates": [-49.92248, -27.47009]}, "geometry_name": "geometria", "properties": {"id_foco_bdq": 1814859754, "foco_id": "700025e5-937b-3d8f-b0c1-807373579783", "longitude": -49.92248, "latitude": -27.47009, "data_hora_gmt": "2026-04-20T17:24:00Z", "data_pas": "2026-04-20", "satelite": "NOAA-21", "municipio": "OTACÍLIO COSTA", "estado": "SANTA CATARINA", "pais": "Brasil", "precipitacao": null, "numero_dias_sem_chuva": null, "risco_fogo": null, "bioma": "Mata Atlântica", "id_0": 33, "id_1": 42, "id_2": 4211751, "continente_id": 8, "vegetacao": null, "grade_wrs": "221_079", "frp": 4}, "bbox": [-49.92248, -27.47009, -49.92248, -27.47009]}, {"type": "Feature", "id": "focos_48h_br_todosats.fid--211a0569_19dad572493_ce7", "geometry": {"type": "Point", "coordinates": [-51.46675, -27.34751]}, "geometry_name": "geometria", "properties": {"id_foco_bdq": 1814859752, "foco_id": "b76c9306-a799-371e-9cd8-7872f3689616", "longitude": -51.46675, "latitude": -27.34751, "data_hora_gmt": "2026-04-20T17:24:00Z", "data_pas": "2026-04-20", "satelite": "NOAA-21", "municipio": "CAMPOS NOVOS", "estado": "SANTA CATARINA", "pais": "Brasil", "precipitacao": null, "numero_dias_sem_chuva": null, "risco_fogo": null, "bioma": "Mata Atlântica", "id_0": 33, "id_1": 42, "id_2": 4203600, "continente_id": 8, "vegetacao": null, "grade_wrs": "222_079", "frp": 17.3}, "bbox": [-51.46675, -27.34751, -51.46675, -27.34751]}, {"type": "Feature", "id": "focos_48h_br_todosats.fid--211a0569_19dad572493_ce8", "geometry": {"type": "Point", "coordinates": [-49.05147, -28.191]}, "geometry_name": "geometria", "properties": {"id_foco_bdq": 1814859712, "foco_id": "64660f24-1f52-37ae-a716-005cbebf43a9", "longitude": -49.05147, "latitude": -28.191, "data_hora_gmt": "2026-04-20T17:24:00Z", "data_pas": "2026-04-20", "satelite": "NOAA-21", "municipio": "ARMAZÉM", "estado": "SANTA CATARINA", "pais": "Brasil", "precipitacao": null, "numero_dias_sem_chuva": null, "risco_fogo": null, "bioma": "Mata Atlântica", "id_0": 33, "id_1": 42, "id_2": 4201505, "continente_id": 8, "vegetacao": null, "grade_wrs": "220_080", "frp": 4.1}, "bbox": [-49.05147, -28.191, -49.05147, -28.191]}, {"type": "Feature", "id": "focos_48h_br_todosats.fid--211a0569_19dad572493_ce9", "geometry": {"type": "Point", "coordinates": [-50.19141, -27.14242]}, "geometry_name": "geometria", "properties": {"id_foco_bdq": 1814859710, "foco_id": "85f14aa6-90d3-38a4-bc9e-d063cb569d7e", "longitude": -50.19141, "latitude": -27.14242, "data_hora_gmt": "2026-04-20T17:24:00Z", "data_pas": "2026-04-20", "satelite": "NOAA-21", "municipio": "TAIÓ", "estado": "SANTA CATARINA", "pais": "Brasil", "precipitacao": null, "numero_dias_sem_chuva": null, "risco_fogo": null, "bioma": "Mata Atlântica", "id_0": 33, "id_1": 42, "id_2": 4217808, "continente_id": 8, "vegetacao": null, "grade_wrs": "221_079", "frp": 22.4}, "bbox": [-50.19141, -27.14242, -50.19141, -27.14242]}, {"type": "Feature", "id": "focos_48h_br_todosats.fid--211a0569_19dad572493_cea", "geometry": {"type": "Point", "coordinates": [-49.10757, -28.06745]}, "geometry_name": "geometria", "properties": {"id_foco_bdq": 1814859668, "foco_id": "287101ee-51ab-3b9f-9a55-886c99d54553", "longitude": -49.10757, "latitude": -28.06745, "data_hora_gmt": "2026-04-20T17:24:00Z", "data_pas": "2026-04-20", "satelite": "NOAA-21", "municipio": "RIO FORTUNA", "estado": "SANTA CATARINA", "pais": "Brasil", "precipitacao": null, "numero_dias_sem_chuva": null, "risco_fogo": null, "bioma": "Mata Atlântica", "id_0": 33, "id_1": 42, "id_2": 4214904, "continente_id": 8, "vegetacao": null, "grade_wrs": "220_079", "frp": 0.8}, "bbox": [-49.10757, -28.06745, -49.10757, -28.06745]}, {"type": "Feature", "id": "focos_48h_br_todosats.fid--211a0569_19dad572493_ceb", "geometry": {"type": "Point", "coordinates": [-49.40205, -28.5561]}, "geometry_name": "geometria", "properties": {"id_foco_bdq": 1814859667, "foco_id": "3ba43318-113e-3b28-8c42-58caf87d6c6a", "longitude": -49.40205, "latitude": -28.5561, "data_hora_gmt": "2026-04-20T17:24:00Z", "data_pas": "2026-04-20", "satelite": "NOAA-21", "municipio": "SIDERÓPOLIS", "estado": "SANTA CATARINA", "pais": "Brasil", "precipitacao": null, "numero_dias_sem_chuva": null, "risco_fogo": null, "bioma": "Mata Atlântica", "id_0": 33, "id_1": 42, "id_2": 4217600, "continente_id": 8, "vegetacao": null, "grade_wrs": "220_080", "frp": 6.1}, "bbox": [-49.40205, -28.5561, -49.40205, -28.5561]}, {"type": "Feature", "id": "focos_48h_br_todosats.fid--211a0569_19dad572493_cec", "geometry": {"type": "Point", "coordinates": [-50.64471, -29.39587]}, "geometry_name": "geometria", "properties": {"id_foco_bdq": 1814859666, "foco_id": "fae6a29b-702c-307a-beb9-07d4e4323e91", "longitude": -50.64471, "latitude": -29.39587, "data_hora_gmt": "2026-04-20T17:24:00Z", "data_pas": "2026-04-20", "satelite": "NOAA-21", "municipio": "CANELA", "estado": "RIO GRANDE DO SUL", "pais": "Brasil", "precipitacao": null, "numero_dias_sem_chuva": null, "risco_fogo": null, "bioma": "Mata Atlântica", "id_0": 33, "id_1": 43, "id_2": 4304408, "continente_id": 8, "vegetacao": null, "grade_wrs": "221_080", "frp": 6.7}, "bbox": [-50.64471, -29.39587, -50.64471, -29.39587]}, {"type": "Feature", "id": "focos_48h_br_todosats.fid--211a0569_19dad572493_ced", "geometry": {"type": "Point", "coordinates": [-51.32892, -27.08923]}, "geometry_name": "geometria", "properties": {"id_foco_bdq": 1814858845, "foco_id": "c184a472-2e5e-3e96-8ac8-5d2a647e20d0", "longitude": -51.32892, "latitude": -27.08923, "data_hora_gmt": "2026-04-20T17:24:00Z", "data_pas": "2026-04-20", "satelite": "NOAA-21", "municipio": "IBICARÉ", "estado": "SANTA CATARINA", "pais": "Brasil", "precipitacao": null, "numero_dias_sem_chuva": null, "risco_fogo": null, "bioma": "Mata Atlântica", "id_0": 33, "id_1": 42, "id_2": 4206801, "continente_id": 8, "vegetacao": null, "grade_wrs": "221_079", "frp": 10.1}, "bbox": [-51.32892, -27.08923, -51.32892, -27.08923]}, {"type": "Feature", "id": "focos_48h_br_todosats.fid--211a0569_19dad572493_cee", "geometry": {"type": "Point", "coordinates": [-49.22338, -26.0996]}, "geometry_name": "geometria", "properties": {"id_foco_bdq": 1814858842, "foco_id": "6ff6c245-63b7-3599-9b63-9d4d80d6c4d8", "longitude": -49.22338, "latitude": -26.0996, "data_hora_gmt": "2026-04-20T17:24:00Z", "data_pas": "2026-04-20", "satelite": "NOAA-21", "municipio": "CAMPO ALEGRE", "estado": "SANTA CATARINA", "pais": "Brasil", "precipitacao": null, "numero_dias_sem_chuva": null, "risco_fogo": null, "bioma": "Mata Atlântica", "id_0": 33, "id_1": 42, "id_2": 4203303, "continente_id": 8, "vegetacao": null, "grade_wrs": "220_078", "frp": 2.7}, "bbox": [-49.22338, -26.0996, -49.22338, -26.0996]}, {"type": "Feature", "id": "focos_48h_br_todosats.fid--211a0569_19dad572493_cef", "geometry": {"type": "Point", "coordinates": [-50.9453, -27.8048]}, "geometry_name": "geometria", "properties": {"id_foco_bdq": 1814858840, "foco_id": "db59c78a-107e-3c86-99c6-24d9c3ee548e", "longitude": -50.9453, "latitude": -27.8048, "data_hora_gmt": "2026-04-20T17:24:00Z", "data_pas": "2026-04-20", "satelite": "NOAA-21", "municipio": "ANITA GARIBALDI", "estado": "SANTA CATARINA", "pais": "Brasil", "precipitacao": null, "numero_dias_sem_chuva": null, "risco_fogo": null, "bioma": "Mata Atlântica", "id_0": 33, "id_1": 42, "id_2": 4201000, "continente_id": 8, "vegetacao": null, "grade_wrs": "221_079", "frp": 9.5}, "bbox": [-50.9453, -27.8048, -50.9453, -27.8048]}, {"type": "Feature", "id": "focos_48h_br_todosats.fid--211a0569_19dad572493_cf0", "geometry": {"type": "Point", "coordinates": [-50.58195, -29.15805]}, "geometry_name": "geometria", "properties": {"id_foco_bdq": 1814858811, "foco_id": "16a459b6-4d9c-3e94-b76c-2fb6550b87ab", "longitude": -50.58195, "latitude": -29.15805, "data_hora_gmt": "2026-04-20T17:24:00Z", "data_pas": "2026-04-20", "satelite": "NOAA-21", "municipio": "SÃO FRANCISCO DE PAULA", "estado": "RIO GRANDE DO SUL", "pais": "Brasil", "precipitacao": null, "numero_dias_sem_chuva": null, "risco_fogo": null, "bioma": "Mata Atlântica", "id_0": 33, "id_1": 43, "id_2": 4318200, "continente_id": 8, "vegetacao": null, "grade_wrs": "221_080", "frp": 15.2}, "bbox": [-50.58195, -29.15805, -50.58195, -29.15805]}, {"type": "Feature", "id": "focos_48h_br_todosats.fid--211a0569_19dad572493_cf1", "geometry": {"type": "Point", "coordinates": [-50.00368, -27.48159]}, "geometry_name": "geometria", "properties": {"id_foco_bdq": 1814858809, "foco_id": "a347825a-d680-3601-bffa-e42b298664a5", "longitude": -50.00368, "latitude": -27.48159, "data_hora_gmt": "2026-04-20T17:24:00Z", "data_pas": "2026-04-20", "satelite": "NOAA-21", "municipio": "OTACÍLIO COSTA", "estado": "SANTA CATARINA", "pais": "Brasil", "precipitacao": null, "numero_dias_sem_chuva": null, "risco_fogo": null, "bioma": "Mata Atlântica", "id_0": 33, "id_1": 42, "id_2": 4211751, "continente_id": 8, "vegetacao": null, "grade_wrs": "221_079", "frp": 9.8}, "bbox": [-50.00368, -27.48159, -50.00368, -27.48159]}, {"type": "Feature", "id": "focos_48h_br_todosats.fid--211a0569_19dad572493_cf2", "geometry": {"type": "Point", "coordinates": [-48.8605, -26.94633]}, "geometry_name": "geometria", "properties": {"id_foco_bdq": 1814858804, "foco_id": "91a06691-0d3e-312a-8caf-cc9b14b33183", "longitude": -48.8605, "latitude": -26.94633, "data_hora_gmt": "2026-04-20T17:24:00Z", "data_pas": "2026-04-20", "satelite": "NOAA-21", "municipio": "GASPAR", "estado": "SANTA CATARINA", "pais": "Brasil", "precipitacao": null, "numero_dias_sem_chuva": null, "risco_fogo": null, "bioma": "Mata Atlântica", "id_0": 33, "id_1": 42, "id_2": 4205902, "continente_id": 8, "vegetacao": null, "grade_wrs": "220_079", "frp": 5}, "bbox": [-48.8605, -26.94633, -48.8605, -26.94633]}, {"type": "Feature", "id": "focos_48h_br_todosats.fid--211a0569_19dad572493_cf3", "geometry": {"type": "Point", "coordinates": [-49.20492, -28.38708]}, "geometry_name": "geometria", "properties": {"id_foco_bdq": 1814858789, "foco_id": "15983a2e-b727-3c68-99e2-aad8f5878da5", "longitude": -49.20492, "latitude": -28.38708, "data_hora_gmt": "2026-04-20T17:24:00Z", "data_pas": "2026-04-20", "satelite": "NOAA-21", "municipio": "SÃO LUDGERO", "estado": "SANTA CATARINA", "pais": "Brasil", "precipitacao": null, "numero_dias_sem_chuva": null, "risco_fogo": null, "bioma": "Mata Atlântica", "id_0": 33, "id_1": 42, "id_2": 4217006, "continente_id": 8, "vegetacao": null, "grade_wrs": "220_080", "frp": 5.4}, "bbox": [-49.20492, -28.38708, -49.20492, -28.38708]}, {"type": "Feature", "id": "focos_48h_br_todosats.fid--211a0569_19dad572493_cf4", "geometry": {"type": "Point", "coordinates": [-50.00273, -27.4854]}, "geometry_name": "geometria", "properties": {"id_foco_bdq": 1814858760, "foco_id": "7c7358f0-331d-33c9-8d6a-42e695192370", "longitude": -50.00273, "latitude": -27.4854, "data_hora_gmt": "2026-04-20T17:24:00Z", "data_pas": "2026-04-20", "satelite": "NOAA-21", "municipio": "OTACÍLIO COSTA", "estado": "SANTA CATARINA", "pais": "Brasil", "precipitacao": null, "numero_dias_sem_chuva": null, "risco_fogo": null, "bioma": "Mata Atlântica", "id_0": 33, "id_1": 42, "id_2": 4211751, "continente_id": 8, "vegetacao": null, "grade_wrs": "221_079", "frp": 9.9}, "bbox": [-50.00273, -27.4854, -50.00273, -27.4854]}, {"type": "Feature", "id": "focos_48h_br_todosats.fid--211a0569_19dad572493_cf5", "geometry": {"type": "Point", "coordinates": [-49.4486, -27.63087]}, "geometry_name": "geometria", "properties": {"id_foco_bdq": 1814858744, "foco_id": "f558a809-5bcb-3162-b6eb-1d93f420e853", "longitude": -49.4486, "latitude": -27.63087, "data_hora_gmt": "2026-04-20T17:24:00Z", "data_pas": "2026-04-20", "satelite": "NOAA-21", "municipio": "ALFREDO WAGNER", "estado": "SANTA CATARINA", "pais": "Brasil", "precipitacao": null, "numero_dias_sem_chuva": null, "risco_fogo": null, "bioma": "Mata Atlântica", "id_0": 33, "id_1": 42, "id_2": 4200705, "continente_id": 8, "vegetacao": null, "grade_wrs": "220_079", "frp": 6.3}, "bbox": [-49.4486, -27.63087, -49.4486, -27.63087]}, {"type": "Feature", "id": "focos_48h_br_todosats.fid--211a0569_19dad572493_cf6", "geometry": {"type": "Point", "coordinates": [-50.12678, -25.18506]}, "geometry_name": "geometria", "properties": {"id_foco_bdq": 1814858734, "foco_id": "900c208f-2cfc-3c4a-9811-24ce8863cc06", "longitude": -50.12678, "latitude": -25.18506, "data_hora_gmt": "2026-04-20T17:24:00Z", "data_pas": "2026-04-20", "satelite": "NOAA-21", "municipio": "PONTA GROSSA", "estado": "PARANÁ", "pais": "Brasil", "precipitacao": null, "numero_dias_sem_chuva": null, "risco_fogo": null, "bioma": "Mata Atlântica", "id_0": 33, "id_1": 41, "id_2": 4119905, "continente_id": 8, "vegetacao": null, "grade_wrs": "221_077", "frp": 2.1}, "bbox": [-50.12678, -25.18506, -50.12678, -25.18506]}, {"type": "Feature", "id": "focos_48h_br_todosats.fid--211a0569_19dad572493_cf7", "geometry": {"type": "Point", "coordinates": [-52.17679, -27.0022]}, "geometry_name": "geometria", "properties": {"id_foco_bdq": 1814858717, "foco_id": "43cda9cc-218e-39d2-88f3-47c77ed9eeda", "longitude": -52.17679, "latitude": -27.0022, "data_hora_gmt": "2026-04-20T17:24:00Z", "data_pas": "2026-04-20", "satelite": "NOAA-21", "municipio": "IPUMIRIM", "estado": "SANTA CATARINA", "pais": "Brasil", "precipitacao": null, "numero_dias_sem_chuva": null, "risco_fogo": null, "bioma": "Mata Atlântica", "id_0": 33, "id_1": 42, "id_2": 4207700, "continente_id": 8, "vegetacao": null, "grade_wrs": "222_079", "frp": 11.6}, "bbox": [-52.17679, -27.0022, -52.17679, -27.0022]}, {"type": "Feature", "id": "focos_48h_br_todosats.fid--211a0569_19dad572493_cf8", "geometry": {"type": "Point", "coordinates": [-51.25968, -26.74862]}, "geometry_name": "geometria", "properties": {"id_foco_bdq": 1814858708, "foco_id": "843b37ff-7fa6-311f-9fe4-383a41bf0147", "longitude": -51.25968, "latitude": -26.74862, "data_hora_gmt": "2026-04-20T17:24:00Z", "data_pas": "2026-04-20", "satelite": "NOAA-21", "municipio": "CAÇADOR", "estado": "SANTA CATARINA", "pais": "Brasil", "precipitacao": null, "numero_dias_sem_chuva": null, "risco_fogo": null, "bioma": "Mata Atlântica", "id_0": 33, "id_1": 42, "id_2": 4203006, "continente_id": 8, "vegetacao": null, "grade_wrs": "221_079", "frp": 2.4}, "bbox": [-51.25968, -26.74862, -51.25968, -26.74862]}, {"type": "Feature", "id": "focos_48h_br_todosats.fid--211a0569_19dad572493_cf9", "geometry": {"type": "Point", "coordinates": [-50.33109, -26.42403]}, "geometry_name": "geometria", "properties": {"id_foco_bdq": 1814858700, "foco_id": "1ed783c5-5db5-3e1e-9f08-8864cc483c4a", "longitude": -50.33109, "latitude": -26.42403, "data_hora_gmt": "2026-04-20T17:24:00Z", "data_pas": "2026-04-20", "satelite": "NOAA-21", "municipio": "MAJOR VIEIRA", "estado": "SANTA CATARINA", "pais": "Brasil", "precipitacao": null, "numero_dias_sem_chuva": null, "risco_fogo": null, "bioma": "Mata Atlântica", "id_0": 33, "id_1": 42, "id_2": 4210308, "continente_id": 8, "vegetacao": null, "grade_wrs": "221_078", "frp": 5.1}, "bbox": [-50.33109, -26.42403, -50.33109, -26.42403]}, {"type": "Feature", "id": "focos_48h_br_todosats.fid--211a0569_19dad572493_cfa", "geometry": {"type": "Point", "coordinates": [-50.4805, -27.21956]}, "geometry_name": "geometria", "properties": {"id_foco_bdq": 1814858679, "foco_id": "fb302e06-613a-38c5-9419-c377038ef350", "longitude": -50.4805, "latitude": -27.21956, "data_hora_gmt": "2026-04-20T17:24:00Z", "data_pas": "2026-04-20", "satelite": "NOAA-21", "municipio": "PONTE ALTA DO NORTE", "estado": "SANTA CATARINA", "pais": "Brasil", "precipitacao": null, "numero_dias_sem_chuva": null, "risco_fogo": null, "bioma": "Mata Atlântica", "id_0": 33, "id_1": 42, "id_2": 4213351, "continente_id": 8, "vegetacao": null, "grade_wrs": "221_079", "frp": 15.2}, "bbox": [-50.4805, -27.21956, -50.4805, -27.21956]}, {"type": "Feature", "id": "focos_48h_br_todosats.fid--211a0569_19dad572493_cfb", "geometry": {"type": "Point", "coordinates": [-49.20222, -24.72505]}, "geometry_name": "geometria", "properties": {"id_foco_bdq": 1814858665, "foco_id": "5504b883-c50e-362c-829e-cf62b68641ab", "longitude": -49.20222, "latitude": -24.72505, "data_hora_gmt": "2026-04-20T17:24:00Z", "data_pas": "2026-04-20", "satelite": "NOAA-21", "municipio": "CERRO AZUL", "estado": "PARANÁ", "pais": "Brasil", "precipitacao": null, "numero_dias_sem_chuva": null, "risco_fogo": null, "bioma": "Mata Atlântica", "id_0": 33, "id_1": 41, "id_2": 4105201, "continente_id": 8, "vegetacao": null, "grade_wrs": "220_077", "frp": 16}, "bbox": [-49.20222, -24.72505, -49.20222, -24.72505]}, {"type": "Feature", "id": "focos_48h_br_todosats.fid--211a0569_19dad572493_cfc", "geometry": {"type": "Point", "coordinates": [-49.42188, -27.44191]}, "geometry_name": "geometria", "properties": {"id_foco_bdq": 1814858658, "foco_id": "7e08a6cf-5c0a-3f48-9c5c-54ed121e2ced", "longitude": -49.42188, "latitude": -27.44191, "data_hora_gmt": "2026-04-20T17:24:00Z", "data_pas": "2026-04-20", "satelite": "NOAA-21", "municipio": "VIDAL RAMOS", "estado": "SANTA CATARINA", "pais": "Brasil", "precipitacao": null, "numero_dias_sem_chuva": null, "risco_fogo": null, "bioma": "Mata Atlântica", "id_0": 33, "id_1": 42, "id_2": 4219200, "continente_id": 8, "vegetacao": null, "grade_wrs": "220_079", "frp": 5.4}, "bbox": [-49.42188, -27.44191, -49.42188, -27.44191]}, {"type": "Feature", "id": "focos_48h_br_todosats.fid--211a0569_19dad572493_cfd", "geometry": {"type": "Point", "coordinates": [-49.8553, -27.74619]}, "geometry_name": "geometria", "properties": {"id_foco_bdq": 1814858642, "foco_id": "db6ac5b5-4cd6-3bf2-bb36-f128b1059f05", "longitude": -49.8553, "latitude": -27.74619, "data_hora_gmt": "2026-04-20T17:24:00Z", "data_pas": "2026-04-20", "satelite": "NOAA-21", "municipio": "BOCAINA DO SUL", "estado": "SANTA CATARINA", "pais": "Brasil", "precipitacao": null, "numero_dias_sem_chuva": null, "risco_fogo": null, "bioma": "Mata Atlântica", "id_0": 33, "id_1": 42, "id_2": 4202438, "continente_id": 8, "vegetacao": null, "grade_wrs": "220_079", "frp": 3.1}, "bbox": [-49.8553, -27.74619, -49.8553, -27.74619]}, {"type": "Feature", "id": "focos_48h_br_todosats.fid--211a0569_19dad572493_cfe", "geometry": {"type": "Point", "coordinates": [-49.39619, -25.1755]}, "geometry_name": "geometria", "properties": {"id_foco_bdq": 1814858609, "foco_id": "1368847a-f19d-3857-9b18-494bee0c3da7", "longitude": -49.39619, "latitude": -25.1755, "data_hora_gmt": "2026-04-20T17:24:00Z", "data_pas": "2026-04-20", "satelite": "NOAA-21", "municipio": "RIO BRANCO DO SUL", "estado": "PARANÁ", "pais": "Brasil", "precipitacao": null, "numero_dias_sem_chuva": null, "risco_fogo": null, "bioma": "Mata Atlântica", "id_0": 33, "id_1": 41, "id_2": 4122206, "continente_id": 8, "vegetacao": null, "grade_wrs": "221_077", "frp": 8.8}, "bbox": [-49.39619, -25.1755, -49.39619, -25.1755]}, {"type": "Feature", "id": "focos_48h_br_todosats.fid--211a0569_19dad572493_cff", "geometry": {"type": "Point", "coordinates": [-49.57721, -27.00209]}, "geometry_name": "geometria", "properties": {"id_foco_bdq": 1814858604, "foco_id": "7ef4c1ed-0b24-391d-9f0a-dd51c105c476", "longitude": -49.57721, "latitude": -27.00209, "data_hora_gmt": "2026-04-20T17:24:00Z", "data_pas": "2026-04-20", "satelite": "NOAA-21", "municipio": "IBIRAMA", "estado": "SANTA CATARINA", "pais": "Brasil", "precipitacao": null, "numero_dias_sem_chuva": null, "risco_fogo": null, "bioma": "Mata Atlântica", "id_0": 33, "id_1": 42, "id_2": 4206900, "continente_id": 8, "vegetacao": null, "grade_wrs": "220_079", "frp": 30.4}, "bbox": [-49.57721, -27.00209, -49.57721, -27.00209]}, {"type": "Feature", "id": "focos_48h_br_todosats.fid--211a0569_19dad572493_d00", "geometry": {"type": "Point", "coordinates": [-49.2108, -24.72236]}, "geometry_name": "geometria", "properties": {"id_foco_bdq": 1814858566, "foco_id": "90dac62b-6be0-37a6-95c2-a2cc1fb519ba", "longitude": -49.2108, "latitude": -24.72236, "data_hora_gmt": "2026-04-20T17:24:00Z", "data_pas": "2026-04-20", "satelite": "NOAA-21", "municipio": "CERRO AZUL", "estado": "PARANÁ", "pais": "Brasil", "precipitacao": null, "numero_dias_sem_chuva": null, "risco_fogo": null, "bioma": "Mata Atlântica", "id_0": 33, "id_1": 41, "id_2": 4105201, "continente_id": 8, "vegetacao": null, "grade_wrs": "220_077", "frp": 6.7}, "bbox": [-49.2108, -24.72236, -49.2108, -24.72236]}, {"type": "Feature", "id": "focos_48h_br_todosats.fid--211a0569_19dad572493_d01", "geometry": {"type": "Point", "coordinates": [-50.40562, -27.49101]}, "geometry_name": "geometria", "properties": {"id_foco_bdq": 1814858548, "foco_id": "7eb27994-1565-3b2c-9f8b-4ea29ad24b28", "longitude": -50.40562, "latitude": -27.49101, "data_hora_gmt": "2026-04-20T17:24:00Z", "data_pas": "2026-04-20", "satelite": "NOAA-21", "municipio": "CORREIA PINTO", "estado": "SANTA CATARINA", "pais": "Brasil", "precipitacao": null, "numero_dias_sem_chuva": null, "risco_fogo": null, "bioma": "Mata Atlântica", "id_0": 33, "id_1": 42, "id_2": 4204558, "continente_id": 8, "vegetacao": null, "grade_wrs": "221_079", "frp": 2.8}, "bbox": [-50.40562, -27.49101, -50.40562, -27.49101]}, {"type": "Feature", "id": "focos_48h_br_todosats.fid--211a0569_19dad572493_d02", "geometry": {"type": "Point", "coordinates": [-49.11047, -28.07218]}, "geometry_name": "geometria", "properties": {"id_foco_bdq": 1814858542, "foco_id": "ae4d8254-c2ce-3cc2-8009-3bd4884c8172", "longitude": -49.11047, "latitude": -28.07218, "data_hora_gmt": "2026-04-20T17:24:00Z", "data_pas": "2026-04-20", "satelite": "NOAA-21", "municipio": "RIO FORTUNA", "estado": "SANTA CATARINA", "pais": "Brasil", "precipitacao": null, "numero_dias_sem_chuva": null, "risco_fogo": null, "bioma": "Mata Atlântica", "id_0": 33, "id_1": 42, "id_2": 4214904, "continente_id": 8, "vegetacao": null, "grade_wrs": "220_079", "frp": 4.3}, "bbox": [-49.11047, -28.07218, -49.11047, -28.07218]}, {"type": "Feature", "id": "focos_48h_br_todosats.fid--211a0569_19dad572493_d03", "geometry": {"type": "Point", "coordinates": [-51.00567, -29.45322]}, "geometry_name": "geometria", "properties": {"id_foco_bdq": 1814858523, "foco_id": "a48a8abd-c60d-3b30-9233-1e504b97f9f2", "longitude": -51.00567, "latitude": -29.45322, "data_hora_gmt": "2026-04-20T17:24:00Z", "data_pas": "2026-04-20", "satelite": "NOAA-21", "municipio": "SANTA MARIA DO HERVAL", "estado": "RIO GRANDE DO SUL", "pais": "Brasil", "precipitacao": null, "numero_dias_sem_chuva": null, "risco_fogo": null, "bioma": "Mata Atlântica", "id_0": 33, "id_1": 43, "id_2": 4316956, "continente_id": 8, "vegetacao": null, "grade_wrs": "221_080", "frp": 3.6}, "bbox": [-51.00567, -29.45322, -51.00567, -29.45322]}, {"type": "Feature", "id": "focos_48h_br_todosats.fid--211a0569_19dad572493_d04", "geometry": {"type": "Point", "coordinates": [-49.44873, -27.7324]}, "geometry_name": "geometria", "properties": {"id_foco_bdq": 1814858516, "foco_id": "c8fbbcc7-1164-3ffa-b3e5-2121379905a2", "longitude": -49.44873, "latitude": -27.7324, "data_hora_gmt": "2026-04-20T17:24:00Z", "data_pas": "2026-04-20", "satelite": "NOAA-21", "municipio": "ALFREDO WAGNER", "estado": "SANTA CATARINA", "pais": "Brasil", "precipitacao": null, "numero_dias_sem_chuva": null, "risco_fogo": null, "bioma": "Mata Atlântica", "id_0": 33, "id_1": 42, "id_2": 4200705, "continente_id": 8, "vegetacao": null, "grade_wrs": "220_079", "frp": 7.3}, "bbox": [-49.44873, -27.7324, -49.44873, -27.7324]}, {"type": "Feature", "id": "focos_48h_br_todosats.fid--211a0569_19dad572493_d05", "geometry": {"type": "Point", "coordinates": [-49.20616, -24.72583]}, "geometry_name": "geometria", "properties": {"id_foco_bdq": 1814858482, "foco_id": "97abe1f3-0575-36a0-b871-3a216df3b86d", "longitude": -49.20616, "latitude": -24.72583, "data_hora_gmt": "2026-04-20T17:24:00Z", "data_pas": "2026-04-20", "satelite": "NOAA-21", "municipio": "CERRO AZUL", "estado": "PARANÁ", "pais": "Brasil", "precipitacao": null, "numero_dias_sem_chuva": null, "risco_fogo": null, "bioma": "Mata Atlântica", "id_0": 33, "id_1": 41, "id_2": 4105201, "continente_id": 8, "vegetacao": null, "grade_wrs": "220_077", "frp": 16}, "bbox": [-49.20616, -24.72583, -49.20616, -24.72583]}, {"type": "Feature", "id": "focos_48h_br_todosats.fid--211a0569_19dad572493_d06", "geometry": {"type": "Point", "coordinates": [-49.29235, -26.75734]}, "geometry_name": "geometria", "properties": {"id_foco_bdq": 1814858460, "foco_id": "41995f64-a82c-36ce-a961-ab0fe8a35172", "longitude": -49.29235, "latitude": -26.75734, "data_hora_gmt": "2026-04-20T17:24:00Z", "data_pas": "2026-04-20", "satelite": "NOAA-21", "municipio": "RIO DOS CEDROS", "estado": "SANTA CATARINA", "pais": "Brasil", "precipitacao": null, "numero_dias_sem_chuva": null, "risco_fogo": null, "bioma": "Mata Atlântica", "id_0": 33, "id_1": 42, "id_2": 4214706, "continente_id": 8, "vegetacao": null, "grade_wrs": "220_079", "frp": 3.5}, "bbox": [-49.29235, -26.75734, -49.29235, -26.75734]}, {"type": "Feature", "id": "focos_48h_br_todosats.fid--211a0569_19dad572493_d07", "geometry": {"type": "Point", "coordinates": [-49.36145, -27.12556]}, "geometry_name": "geometria", "properties": {"id_foco_bdq": 1814858459, "foco_id": "042f4208-ffbf-3015-962a-789beac1d253", "longitude": -49.36145, "latitude": -27.12556, "data_hora_gmt": "2026-04-20T17:24:00Z", "data_pas": "2026-04-20", "satelite": "NOAA-21", "municipio": "APIÚNA", "estado": "SANTA CATARINA", "pais": "Brasil", "precipitacao": null, "numero_dias_sem_chuva": null, "risco_fogo": null, "bioma": "Mata Atlântica", "id_0": 33, "id_1": 42, "id_2": 4201257, "continente_id": 8, "vegetacao": null, "grade_wrs": "220_079", "frp": 4}, "bbox": [-49.36145, -27.12556, -49.36145, -27.12556]}, {"type": "Feature", "id": "focos_48h_br_todosats.fid--211a0569_19dad572493_d08", "geometry": {"type": "Point", "coordinates": [-50.80177, -28.88829]}, "geometry_name": "geometria", "properties": {"id_foco_bdq": 1814858437, "foco_id": "291095fa-48f6-32db-82b9-6a7cf06a6f5c", "longitude": -50.80177, "latitude": -28.88829, "data_hora_gmt": "2026-04-20T17:24:00Z", "data_pas": "2026-04-20", "satelite": "NOAA-21", "municipio": "SÃO FRANCISCO DE PAULA", "estado": "RIO GRANDE DO SUL", "pais": "Brasil", "precipitacao": null, "numero_dias_sem_chuva": null, "risco_fogo": null, "bioma": "Mata Atlântica", "id_0": 33, "id_1": 43, "id_2": 4318200, "continente_id": 8, "vegetacao": null, "grade_wrs": "221_080", "frp": 8.4}, "bbox": [-50.80177, -28.88829, -50.80177, -28.88829]}, {"type": "Feature", "id": "focos_48h_br_todosats.fid--211a0569_19dad572493_d09", "geometry": {"type": "Point", "coordinates": [-49.05387, -28.05683]}, "geometry_name": "geometria", "properties": {"id_foco_bdq": 1814858427, "foco_id": "e04f872e-ba78-3d90-b4e7-f8db5f852bf0", "longitude": -49.05387, "latitude": -28.05683, "data_hora_gmt": "2026-04-20T17:24:00Z", "data_pas": "2026-04-20", "satelite": "NOAA-21", "municipio": "SÃO MARTINHO", "estado": "SANTA CATARINA", "pais": "Brasil", "precipitacao": null, "numero_dias_sem_chuva": null, "risco_fogo": null, "bioma": "Mata Atlântica", "id_0": 33, "id_1": 42, "id_2": 4217105, "continente_id": 8, "vegetacao": null, "grade_wrs": "220_079", "frp": 9.7}, "bbox": [-49.05387, -28.05683, -49.05387, -28.05683]}, {"type": "Feature", "id": "focos_48h_br_todosats.fid--211a0569_19dad572493_d0a", "geometry": {"type": "Point", "coordinates": [-52.00122, -26.99699]}, "geometry_name": "geometria", "properties": {"id_foco_bdq": 1814858419, "foco_id": "87227501-2f93-39ca-8f49-63e61eef0cf0", "longitude": -52.00122, "latitude": -26.99699, "data_hora_gmt": "2026-04-20T17:24:00Z", "data_pas": "2026-04-20", "satelite": "NOAA-21", "municipio": "IRANI", "estado": "SANTA CATARINA", "pais": "Brasil", "precipitacao": null, "numero_dias_sem_chuva": null, "risco_fogo": null, "bioma": "Mata Atlântica", "id_0": 33, "id_1": 42, "id_2": 4207809, "continente_id": 8, "vegetacao": null, "grade_wrs": "222_079", "frp": 14.9}, "bbox": [-52.00122, -26.99699, -52.00122, -26.99699]}, {"type": "Feature", "id": "focos_48h_br_todosats.fid--211a0569_19dad572493_d0b", "geometry": {"type": "Point", "coordinates": [-50.56723, -27.4976]}, "geometry_name": "geometria", "properties": {"id_foco_bdq": 1814858407, "foco_id": "6df01f67-d43b-36d6-95c6-b88637f1fc6b", "longitude": -50.56723, "latitude": -27.4976, "data_hora_gmt": "2026-04-20T17:24:00Z", "data_pas": "2026-04-20", "satelite": "NOAA-21", "municipio": "CURITIBANOS", "estado": "SANTA CATARINA", "pais": "Brasil", "precipitacao": null, "numero_dias_sem_chuva": null, "risco_fogo": null, "bioma": "Mata Atlântica", "id_0": 33, "id_1": 42, "id_2": 4204806, "continente_id": 8, "vegetacao": null, "grade_wrs": "221_079", "frp": 5.1}, "bbox": [-50.56723, -27.4976, -50.56723, -27.4976]}, {"type": "Feature", "id": "focos_48h_br_todosats.fid--211a0569_19dad572493_d0c", "geometry": {"type": "Point", "coordinates": [-50.80742, -28.88556]}, "geometry_name": "geometria", "properties": {"id_foco_bdq": 1814858405, "foco_id": "eff71e9a-89dc-3c43-92a5-169bad9b0511", "longitude": -50.80742, "latitude": -28.88556, "data_hora_gmt": "2026-04-20T17:24:00Z", "data_pas": "2026-04-20", "satelite": "NOAA-21", "municipio": "SÃO FRANCISCO DE PAULA", "estado": "RIO GRANDE DO SUL", "pais": "Brasil", "precipitacao": null, "numero_dias_sem_chuva": null, "risco_fogo": null, "bioma": "Mata Atlântica", "id_0": 33, "id_1": 43, "id_2": 4318200, "continente_id": 8, "vegetacao": null, "grade_wrs": "221_080", "frp": 8.4}, "bbox": [-50.80742, -28.88556, -50.80742, -28.88556]}, {"type": "Feature", "id": "focos_48h_br_todosats.fid--211a0569_19dad572493_d0d", "geometry": {"type": "Point", "coordinates": [-49.20693, -24.72159]}, "geometry_name": "geometria", "properties": {"id_foco_bdq": 1814858402, "foco_id": "1bc8915c-2cbd-3973-96a4-9006ed876523", "longitude": -49.20693, "latitude": -24.72159, "data_hora_gmt": "2026-04-20T17:24:00Z", "data_pas": "2026-04-20", "satelite": "NOAA-21", "municipio": "CERRO AZUL", "estado": "PARANÁ", "pais": "Brasil", "precipitacao": null, "numero_dias_sem_chuva": null, "risco_fogo": null, "bioma": "Mata Atlântica", "id_0": 33, "id_1": 41, "id_2": 4105201, "continente_id": 8, "vegetacao": null, "grade_wrs": "220_077", "frp": 9.3}, "bbox": [-49.20693, -24.72159, -49.20693, -24.72159]}, {"type": "Feature", "id": "focos_48h_br_todosats.fid--211a0569_19dad572493_d0e", "geometry": {"type": "Point", "coordinates": [-48.98275, -25.99653]}, "geometry_name": "geometria", "properties": {"id_foco_bdq": 1814858352, "foco_id": "957f18fa-f09f-3a96-8d37-bbbbb66f4fd6", "longitude": -48.98275, "latitude": -25.99653, "data_hora_gmt": "2026-04-20T17:24:00Z", "data_pas": "2026-04-20", "satelite": "NOAA-21", "municipio": "TIJUCAS DO SUL", "estado": "PARANÁ", "pais": "Brasil", "precipitacao": null, "numero_dias_sem_chuva": null, "risco_fogo": null, "bioma": "Mata Atlântica", "id_0": 33, "id_1": 41, "id_2": 4127601, "continente_id": 8, "vegetacao": null, "grade_wrs": "220_078", "frp": 17.2}, "bbox": [-48.98275, -25.99653, -48.98275, -25.99653]}, {"type": "Feature", "id": "focos_48h_br_todosats.fid--211a0569_19dad572493_d0f", "geometry": {"type": "Point", "coordinates": [-49.20664, -28.38874]}, "geometry_name": "geometria", "properties": {"id_foco_bdq": 1814858345, "foco_id": "4e85fc5e-141d-38f3-a4db-1b07a78308ba", "longitude": -49.20664, "latitude": -28.38874, "data_hora_gmt": "2026-04-20T17:24:00Z", "data_pas": "2026-04-20", "satelite": "NOAA-21", "municipio": "ORLEANS", "estado": "SANTA CATARINA", "pais": "Brasil", "precipitacao": null, "numero_dias_sem_chuva": null, "risco_fogo": null, "bioma": "Mata Atlântica", "id_0": 33, "id_1": 42, "id_2": 4211702, "continente_id": 8, "vegetacao": null, "grade_wrs": "220_080", "frp": 3.5}, "bbox": [-49.20664, -28.38874, -49.20664, -28.38874]}, {"type": "Feature", "id": "focos_48h_br_todosats.fid--211a0569_19dad572493_d10", "geometry": {"type": "Point", "coordinates": [-50.80764, -27.01371]}, "geometry_name": "geometria", "properties": {"id_foco_bdq": 1814858328, "foco_id": "59d78eda-a0d7-36b0-823b-7fdbc8c64ee3", "longitude": -50.80764, "latitude": -27.01371, "data_hora_gmt": "2026-04-20T17:24:00Z", "data_pas": "2026-04-20", "satelite": "NOAA-21", "municipio": "FRAIBURGO", "estado": "SANTA CATARINA", "pais": "Brasil", "precipitacao": null, "numero_dias_sem_chuva": null, "risco_fogo": null, "bioma": "Mata Atlântica", "id_0": 33, "id_1": 42, "id_2": 4205506, "continente_id": 8, "vegetacao": null, "grade_wrs": "221_079", "frp": 5.6}, "bbox": [-50.80764, -27.01371, -50.80764, -27.01371]}, {"type": "Feature", "id": "focos_48h_br_todosats.fid--211a0569_19dad572493_d11", "geometry": {"type": "Point", "coordinates": [-49.60717, -28.7975]}, "geometry_name": "geometria", "properties": {"id_foco_bdq": 1814858304, "foco_id": "7ebba89a-d8be-327e-8188-0c7be3a867e2", "longitude": -49.60717, "latitude": -28.7975, "data_hora_gmt": "2026-04-20T17:24:00Z", "data_pas": "2026-04-20", "satelite": "NOAA-21", "municipio": "MELEIRO", "estado": "SANTA CATARINA", "pais": "Brasil", "precipitacao": null, "numero_dias_sem_chuva": null, "risco_fogo": null, "bioma": "Mata Atlântica", "id_0": 33, "id_1": 42, "id_2": 4210803, "continente_id": 8, "vegetacao": null, "grade_wrs": "220_080", "frp": 20.2}, "bbox": [-49.60717, -28.7975, -49.60717, -28.7975]}, {"type": "Feature", "id": "focos_48h_br_todosats.fid--211a0569_19dad572493_d12", "geometry": {"type": "Point", "coordinates": [-49.79464, -24.92494]}, "geometry_name": "geometria", "properties": {"id_foco_bdq": 1814858297, "foco_id": "21f9e768-5590-36a5-ac8f-7ceec216d9a4", "longitude": -49.79464, "latitude": -24.92494, "data_hora_gmt": "2026-04-20T17:24:00Z", "data_pas": "2026-04-20", "satelite": "NOAA-21", "municipio": "CASTRO", "estado": "PARANÁ", "pais": "Brasil", "precipitacao": null, "numero_dias_sem_chuva": null, "risco_fogo": null, "bioma": "Mata Atlântica", "id_0": 33, "id_1": 41, "id_2": 4104907, "continente_id": 8, "vegetacao": null, "grade_wrs": "221_077", "frp": 10.4}, "bbox": [-49.79464, -24.92494, -49.79464, -24.92494]}, {"type": "Feature", "id": "focos_48h_br_todosats.fid--211a0569_19dad572493_d13", "geometry": {"type": "Point", "coordinates": [-49.14126, -25.75677]}, "geometry_name": "geometria", "properties": {"id_foco_bdq": 1814858261, "foco_id": "872dbe29-f8c1-3982-834e-57b1ad57ec52", "longitude": -49.14126, "latitude": -25.75677, "data_hora_gmt": "2026-04-20T17:24:00Z", "data_pas": "2026-04-20", "satelite": "NOAA-21", "municipio": "TIJUCAS DO SUL", "estado": "PARANÁ", "pais": "Brasil", "precipitacao": null, "numero_dias_sem_chuva": null, "risco_fogo": null, "bioma": "Mata Atlântica", "id_0": 33, "id_1": 41, "id_2": 4127601, "continente_id": 8, "vegetacao": null, "grade_wrs": "220_078", "frp": 3}, "bbox": [-49.14126, -25.75677, -49.14126, -25.75677]}, {"type": "Feature", "id": "focos_48h_br_todosats.fid--211a0569_19dad572493_d14", "geometry": {"type": "Point", "coordinates": [-49.58254, -27.00311]}, "geometry_name": "geometria", "properties": {"id_foco_bdq": 1814858253, "foco_id": "40598ab3-2443-33be-8af5-14db85b09e33", "longitude": -49.58254, "latitude": -27.00311, "data_hora_gmt": "2026-04-20T17:24:00Z", "data_pas": "2026-04-20", "satelite": "NOAA-21", "municipio": "IBIRAMA", "estado": "SANTA CATARINA", "pais": "Brasil", "precipitacao": null, "numero_dias_sem_chuva": null, "risco_fogo": null, "bioma": "Mata Atlântica", "id_0": 33, "id_1": 42, "id_2": 4206900, "continente_id": 8, "vegetacao": null, "grade_wrs": "220_079", "frp": 30.4}, "bbox": [-49.58254, -27.00311, -49.58254, -27.00311]}, {"type": "Feature", "id": "focos_48h_br_todosats.fid--211a0569_19dad572493_d15", "geometry": {"type": "Point", "coordinates": [-49.85266, -27.78573]}, "geometry_name": "geometria", "properties": {"id_foco_bdq": 1814858252, "foco_id": "834ad788-2c04-34f5-990f-4f02adff208f", "longitude": -49.85266, "latitude": -27.78573, "data_hora_gmt": "2026-04-20T17:24:00Z", "data_pas": "2026-04-20", "satelite": "NOAA-21", "municipio": "BOCAINA DO SUL", "estado": "SANTA CATARINA", "pais": "Brasil", "precipitacao": null, "numero_dias_sem_chuva": null, "risco_fogo": null, "bioma": "Mata Atlântica", "id_0": 33, "id_1": 42, "id_2": 4202438, "continente_id": 8, "vegetacao": null, "grade_wrs": "220_079", "frp": 7.6}, "bbox": [-49.85266, -27.78573, -49.85266, -27.78573]}, {"type": "Feature", "id": "focos_48h_br_todosats.fid--211a0569_19dad572493_d16", "geometry": {"type": "Point", "coordinates": [-50.81216, -28.88641]}, "geometry_name": "geometria", "properties": {"id_foco_bdq": 1814858023, "foco_id": "49ed90d6-1b86-3e3c-b6af-7cfe9c9dfe14", "longitude": -50.81216, "latitude": -28.88641, "data_hora_gmt": "2026-04-20T17:24:00Z", "data_pas": "2026-04-20", "satelite": "NOAA-21", "municipio": "SÃO FRANCISCO DE PAULA", "estado": "RIO GRANDE DO SUL", "pais": "Brasil", "precipitacao": null, "numero_dias_sem_chuva": null, "risco_fogo": null, "bioma": "Mata Atlântica", "id_0": 33, "id_1": 43, "id_2": 4318200, "continente_id": 8, "vegetacao": null, "grade_wrs": "221_080", "frp": 6.8}, "bbox": [-50.81216, -28.88641, -50.81216, -28.88641]}, {"type": "Feature", "id": "focos_48h_br_todosats.fid--211a0569_19dad572493_d17", "geometry": {"type": "Point", "coordinates": [-51.54753, -27.071]}, "geometry_name": "geometria", "properties": {"id_foco_bdq": 1814858028, "foco_id": "e9ad5a95-7282-32a7-ab76-1afa9e2e0b7f", "longitude": -51.54753, "latitude": -27.071, "data_hora_gmt": "2026-04-20T17:24:00Z", "data_pas": "2026-04-20", "satelite": "NOAA-21", "municipio": "LUZERNA", "estado": "SANTA CATARINA", "pais": "Brasil", "precipitacao": null, "numero_dias_sem_chuva": null, "risco_fogo": null, "bioma": "Mata Atlântica", "id_0": 33, "id_1": 42, "id_2": 4210035, "continente_id": 8, "vegetacao": null, "grade_wrs": "222_079", "frp": 4.3}, "bbox": [-51.54753, -27.071, -51.54753, -27.071]}, {"type": "Feature", "id": "focos_48h_br_todosats.fid--211a0569_19dad572493_d18", "geometry": {"type": "Point", "coordinates": [-50.82118, -27.34073]}, "geometry_name": "geometria", "properties": {"id_foco_bdq": 1814858040, "foco_id": "675e31c2-9ac5-38d8-b936-f6268fa0afac", "longitude": -50.82118, "latitude": -27.34073, "data_hora_gmt": "2026-04-20T17:24:00Z", "data_pas": "2026-04-20", "satelite": "NOAA-21", "municipio": "BRUNÓPOLIS", "estado": "SANTA CATARINA", "pais": "Brasil", "precipitacao": null, "numero_dias_sem_chuva": null, "risco_fogo": null, "bioma": "Mata Atlântica", "id_0": 33, "id_1": 42, "id_2": 4202875, "continente_id": 8, "vegetacao": null, "grade_wrs": "221_079", "frp": 43.9}, "bbox": [-50.82118, -27.34073, -50.82118, -27.34073]}, {"type": "Feature", "id": "focos_48h_br_todosats.fid--211a0569_19dad572493_d19", "geometry": {"type": "Point", "coordinates": [-50.07265, -25.17713]}, "geometry_name": "geometria", "properties": {"id_foco_bdq": 1814858045, "foco_id": "2ac24748-983d-32cb-9d54-66aa979cc2e5", "longitude": -50.07265, "latitude": -25.17713, "data_hora_gmt": "2026-04-20T17:24:00Z", "data_pas": "2026-04-20", "satelite": "NOAA-21", "municipio": "PONTA GROSSA", "estado": "PARANÁ", "pais": "Brasil", "precipitacao": null, "numero_dias_sem_chuva": null, "risco_fogo": null, "bioma": "Mata Atlântica", "id_0": 33, "id_1": 41, "id_2": 4119905, "continente_id": 8, "vegetacao": null, "grade_wrs": "221_077", "frp": 3.5}, "bbox": [-50.07265, -25.17713, -50.07265, -25.17713]}, {"type": "Feature", "id": "focos_48h_br_todosats.fid--211a0569_19dad572493_d1a", "geometry": {"type": "Point", "coordinates": [-49.79919, -25.14913]}, "geometry_name": "geometria", "properties": {"id_foco_bdq": 1814858060, "foco_id": "f467751a-3a91-397a-abae-87019ef88822", "longitude": -49.79919, "latitude": -25.14913, "data_hora_gmt": "2026-04-20T17:24:00Z", "data_pas": "2026-04-20", "satelite": "NOAA-21", "municipio": "PONTA GROSSA", "estado": "PARANÁ", "pais": "Brasil", "precipitacao": null, "numero_dias_sem_chuva": null, "risco_fogo": null, "bioma": "Mata Atlântica", "id_0": 33, "id_1": 41, "id_2": 4119905, "continente_id": 8, "vegetacao": null, "grade_wrs": "221_077", "frp": 3.4}, "bbox": [-49.79919, -25.14913, -49.79919, -25.14913]}, {"type": "Feature", "id": "focos_48h_br_todosats.fid--211a0569_19dad572493_d1b", "geometry": {"type": "Point", "coordinates": [-51.25151, -28.5309]}, "geometry_name": "geometria", "properties": {"id_foco_bdq": 1814858076, "foco_id": "5a21297f-4f39-3b89-86e1-910de6dfa890", "longitude": -51.25151, "latitude": -28.5309, "data_hora_gmt": "2026-04-20T17:24:00Z", "data_pas": "2026-04-20", "satelite": "NOAA-21", "municipio": "MUITOS CAPÕES", "estado": "RIO GRANDE DO SUL", "pais": "Brasil", "precipitacao": null, "numero_dias_sem_chuva": null, "risco_fogo": null, "bioma": "Mata Atlântica", "id_0": 33, "id_1": 43, "id_2": 4312617, "continente_id": 8, "vegetacao": null, "grade_wrs": "221_080", "frp": 6.5}, "bbox": [-51.25151, -28.5309, -51.25151, -28.5309]}, {"type": "Feature", "id": "focos_48h_br_todosats.fid--211a0569_19dad572493_d1c", "geometry": {"type": "Point", "coordinates": [-49.44205, -27.73521]}, "geometry_name": "geometria", "properties": {"id_foco_bdq": 1814858082, "foco_id": "cc5a1507-3c16-3f8d-bc4f-6291efbc2ea2", "longitude": -49.44205, "latitude": -27.73521, "data_hora_gmt": "2026-04-20T17:24:00Z", "data_pas": "2026-04-20", "satelite": "NOAA-21", "municipio": "ALFREDO WAGNER", "estado": "SANTA CATARINA", "pais": "Brasil", "precipitacao": null, "numero_dias_sem_chuva": null, "risco_fogo": null, "bioma": "Mata Atlântica", "id_0": 33, "id_1": 42, "id_2": 4200705, "continente_id": 8, "vegetacao": null, "grade_wrs": "220_079", "frp": 7.3}, "bbox": [-49.44205, -27.73521, -49.44205, -27.73521]}, {"type": "Feature", "id": "focos_48h_br_todosats.fid--211a0569_19dad572493_d1d", "geometry": {"type": "Point", "coordinates": [-50.21684, -27.92912]}, "geometry_name": "geometria", "properties": {"id_foco_bdq": 1814858249, "foco_id": "b3d67013-4278-35bb-9bb9-9f9166db2766", "longitude": -50.21684, "latitude": -27.92912, "data_hora_gmt": "2026-04-20T17:24:00Z", "data_pas": "2026-04-20", "satelite": "NOAA-21", "municipio": "LAGES", "estado": "SANTA CATARINA", "pais": "Brasil", "precipitacao": null, "numero_dias_sem_chuva": null, "risco_fogo": null, "bioma": "Mata Atlântica", "id_0": 33, "id_1": 42, "id_2": 4209300, "continente_id": 8, "vegetacao": null, "grade_wrs": "221_079", "frp": 9.8}, "bbox": [-50.21684, -27.92912, -50.21684, -27.92912]}, {"type": "Feature", "id": "focos_48h_br_todosats.fid--211a0569_19dad572493_d1e", "geometry": {"type": "Point", "coordinates": [-49.55531, -28.91906]}, "geometry_name": "geometria", "properties": {"id_foco_bdq": 1814858125, "foco_id": "65f7609e-ffb1-3e59-98c7-dd613ead6564", "longitude": -49.55531, "latitude": -28.91906, "data_hora_gmt": "2026-04-20T17:24:00Z", "data_pas": "2026-04-20", "satelite": "NOAA-21", "municipio": "TURVO", "estado": "SANTA CATARINA", "pais": "Brasil", "precipitacao": null, "numero_dias_sem_chuva": null, "risco_fogo": null, "bioma": "Mata Atlântica", "id_0": 33, "id_1": 42, "id_2": 4218806, "continente_id": 8, "vegetacao": null, "grade_wrs": "220_080", "frp": 5.7}, "bbox": [-49.55531, -28.91906, -49.55531, -28.91906]}, {"type": "Feature", "id": "focos_48h_br_todosats.fid--211a0569_19dad572493_d1f", "geometry": {"type": "Point", "coordinates": [-51.92771, -27.1227]}, "geometry_name": "geometria", "properties": {"id_foco_bdq": 1814858143, "foco_id": "129abd7c-91e6-38f2-abe5-534f0212c375", "longitude": -51.92771, "latitude": -27.1227, "data_hora_gmt": "2026-04-20T17:24:00Z", "data_pas": "2026-04-20", "satelite": "NOAA-21", "municipio": "IRANI", "estado": "SANTA CATARINA", "pais": "Brasil", "precipitacao": null, "numero_dias_sem_chuva": null, "risco_fogo": null, "bioma": "Mata Atlântica", "id_0": 33, "id_1": 42, "id_2": 4207809, "continente_id": 8, "vegetacao": null, "grade_wrs": "222_079", "frp": 7.1}, "bbox": [-51.92771, -27.1227, -51.92771, -27.1227]}, {"type": "Feature", "id": "focos_48h_br_todosats.fid--211a0569_19dad572493_d20", "geometry": {"type": "Point", "coordinates": [-50.0839, -26.86335]}, "geometry_name": "geometria", "properties": {"id_foco_bdq": 1814858144, "foco_id": "9ee2cfd5-04d7-3da7-a052-8b51d4eb1698", "longitude": -50.0839, "latitude": -26.86335, "data_hora_gmt": "2026-04-20T17:24:00Z", "data_pas": "2026-04-20", "satelite": "NOAA-21", "municipio": "RIO DO CAMPO", "estado": "SANTA CATARINA", "pais": "Brasil", "precipitacao": null, "numero_dias_sem_chuva": null, "risco_fogo": null, "bioma": "Mata Atlântica", "id_0": 33, "id_1": 42, "id_2": 4214508, "continente_id": 8, "vegetacao": null, "grade_wrs": "221_079", "frp": 3.9}, "bbox": [-50.0839, -26.86335, -50.0839, -26.86335]}, {"type": "Feature", "id": "focos_48h_br_todosats.fid--211a0569_19dad572493_d21", "geometry": {"type": "Point", "coordinates": [-52.75523, -30.6182]}, "geometry_name": "geometria", "properties": {"id_foco_bdq": 1814858146, "foco_id": "3ccc2dc6-c346-3a96-9d3f-1f73204a3466", "longitude": -52.75523, "latitude": -30.6182, "data_hora_gmt": "2026-04-20T17:24:00Z", "data_pas": "2026-04-20", "satelite": "NOAA-21", "municipio": "ENCRUZILHADA DO SUL", "estado": "RIO GRANDE DO SUL", "pais": "Brasil", "precipitacao": null, "numero_dias_sem_chuva": null, "risco_fogo": null, "bioma": "Pampa", "id_0": 33, "id_1": 43, "id_2": 4306908, "continente_id": 8, "vegetacao": null, "grade_wrs": "222_081", "frp": 2}, "bbox": [-52.75523, -30.6182, -52.75523, -30.6182]}, {"type": "Feature", "id": "focos_48h_br_todosats.fid--211a0569_19dad572493_d22", "geometry": {"type": "Point", "coordinates": [-49.44276, -27.73125]}, "geometry_name": "geometria", "properties": {"id_foco_bdq": 1814858156, "foco_id": "58b6bde0-152b-30d5-a295-7b76d8e4b9af", "longitude": -49.44276, "latitude": -27.73125, "data_hora_gmt": "2026-04-20T17:24:00Z", "data_pas": "2026-04-20", "satelite": "NOAA-21", "municipio": "ALFREDO WAGNER", "estado": "SANTA CATARINA", "pais": "Brasil", "precipitacao": null, "numero_dias_sem_chuva": null, "risco_fogo": null, "bioma": "Mata Atlântica", "id_0": 33, "id_1": 42, "id_2": 4200705, "continente_id": 8, "vegetacao": null, "grade_wrs": "220_079", "frp": 7.3}, "bbox": [-49.44276, -27.73125, -49.44276, -27.73125]}, {"type": "Feature", "id": "focos_48h_br_todosats.fid--211a0569_19dad572493_d23", "geometry": {"type": "Point", "coordinates": [-50.10426, -26.89524]}, "geometry_name": "geometria", "properties": {"id_foco_bdq": 1814858159, "foco_id": "762b7c51-ee8e-383e-b71a-30d7b7e93829", "longitude": -50.10426, "latitude": -26.89524, "data_hora_gmt": "2026-04-20T17:24:00Z", "data_pas": "2026-04-20", "satelite": "NOAA-21", "municipio": "RIO DO CAMPO", "estado": "SANTA CATARINA", "pais": "Brasil", "precipitacao": null, "numero_dias_sem_chuva": null, "risco_fogo": null, "bioma": "Mata Atlântica", "id_0": 33, "id_1": 42, "id_2": 4214508, "continente_id": 8, "vegetacao": null, "grade_wrs": "221_079", "frp": 6}, "bbox": [-50.10426, -26.89524, -50.10426, -26.89524]}, {"type": "Feature", "id": "focos_48h_br_todosats.fid--211a0569_19dad572493_d24", "geometry": {"type": "Point", "coordinates": [-51.45766, -27.3459]}, "geometry_name": "geometria", "properties": {"id_foco_bdq": 1814858172, "foco_id": "b1fcfbee-4555-317b-840f-641d3a9005e2", "longitude": -51.45766, "latitude": -27.3459, "data_hora_gmt": "2026-04-20T17:24:00Z", "data_pas": "2026-04-20", "satelite": "NOAA-21", "municipio": "CAMPOS NOVOS", "estado": "SANTA CATARINA", "pais": "Brasil", "precipitacao": null, "numero_dias_sem_chuva": null, "risco_fogo": null, "bioma": "Mata Atlântica", "id_0": 33, "id_1": 42, "id_2": 4203600, "continente_id": 8, "vegetacao": null, "grade_wrs": "222_079", "frp": 29.7}, "bbox": [-51.45766, -27.3459, -51.45766, -27.3459]}, {"type": "Feature", "id": "focos_48h_br_todosats.fid--211a0569_19dad572493_d25", "geometry": {"type": "Point", "coordinates": [-50.21328, -27.93249]}, "geometry_name": "geometria", "properties": {"id_foco_bdq": 1814858182, "foco_id": "0e1443a3-5d2c-33b8-b2aa-b531e226098f", "longitude": -50.21328, "latitude": -27.93249, "data_hora_gmt": "2026-04-20T17:24:00Z", "data_pas": "2026-04-20", "satelite": "NOAA-21", "municipio": "LAGES", "estado": "SANTA CATARINA", "pais": "Brasil", "precipitacao": null, "numero_dias_sem_chuva": null, "risco_fogo": null, "bioma": "Mata Atlântica", "id_0": 33, "id_1": 42, "id_2": 4209300, "continente_id": 8, "vegetacao": null, "grade_wrs": "221_079", "frp": 6.1}, "bbox": [-50.21328, -27.93249, -50.21328, -27.93249]}, {"type": "Feature", "id": "focos_48h_br_todosats.fid--211a0569_19dad572493_d26", "geometry": {"type": "Point", "coordinates": [-49.60519, -28.79503]}, "geometry_name": "geometria", "properties": {"id_foco_bdq": 1814858183, "foco_id": "37de8550-3f35-3cce-9a85-941dcf6a5387", "longitude": -49.60519, "latitude": -28.79503, "data_hora_gmt": "2026-04-20T17:24:00Z", "data_pas": "2026-04-20", "satelite": "NOAA-21", "municipio": "MELEIRO", "estado": "SANTA CATARINA", "pais": "Brasil", "precipitacao": null, "numero_dias_sem_chuva": null, "risco_fogo": null, "bioma": "Mata Atlântica", "id_0": 33, "id_1": 42, "id_2": 4210803, "continente_id": 8, "vegetacao": null, "grade_wrs": "220_080", "frp": 27.1}, "bbox": [-49.60519, -28.79503, -49.60519, -28.79503]}, {"type": "Feature", "id": "focos_48h_br_todosats.fid--211a0569_19dad572493_d27", "geometry": {"type": "Point", "coordinates": [-50.9618, -29.97419]}, "geometry_name": "geometria", "properties": {"id_foco_bdq": 1814858194, "foco_id": "671e5911-3b8e-3994-b17a-5312c91631a6", "longitude": -50.9618, "latitude": -29.97419, "data_hora_gmt": "2026-04-20T17:24:00Z", "data_pas": "2026-04-20", "satelite": "NOAA-21", "municipio": "ALVORADA", "estado": "RIO GRANDE DO SUL", "pais": "Brasil", "precipitacao": null, "numero_dias_sem_chuva": null, "risco_fogo": null, "bioma": "Pampa", "id_0": 33, "id_1": 43, "id_2": 4300604, "continente_id": 8, "vegetacao": null, "grade_wrs": "221_081", "frp": 3}, "bbox": [-50.9618, -29.97419, -50.9618, -29.97419]}, {"type": "Feature", "id": "focos_48h_br_todosats.fid--211a0569_19dad572493_d28", "geometry": {"type": "Point", "coordinates": [-49.04852, -28.18626]}, "geometry_name": "geometria", "properties": {"id_foco_bdq": 1814858217, "foco_id": "cd37539b-e3ef-3c61-aa0a-d14f56801f57", "longitude": -49.04852, "latitude": -28.18626, "data_hora_gmt": "2026-04-20T17:24:00Z", "data_pas": "2026-04-20", "satelite": "NOAA-21", "municipio": "ARMAZÉM", "estado": "SANTA CATARINA", "pais": "Brasil", "precipitacao": null, "numero_dias_sem_chuva": null, "risco_fogo": null, "bioma": "Mata Atlântica", "id_0": 33, "id_1": 42, "id_2": 4201505, "continente_id": 8, "vegetacao": null, "grade_wrs": "220_080", "frp": 11.4}, "bbox": [-49.04852, -28.18626, -49.04852, -28.18626]}, {"type": "Feature", "id": "focos_48h_br_todosats.fid--211a0569_19dad572493_d29", "geometry": {"type": "Point", "coordinates": [-51.20613, -27.6292]}, "geometry_name": "geometria", "properties": {"id_foco_bdq": 1814858223, "foco_id": "cb936e17-b3e8-3675-8c6e-ca037ce9ca5f", "longitude": -51.20613, "latitude": -27.6292, "data_hora_gmt": "2026-04-20T17:24:00Z", "data_pas": "2026-04-20", "satelite": "NOAA-21", "municipio": "CELSO RAMOS", "estado": "SANTA CATARINA", "pais": "Brasil", "precipitacao": null, "numero_dias_sem_chuva": null, "risco_fogo": null, "bioma": "Mata Atlântica", "id_0": 33, "id_1": 42, "id_2": 4204152, "continente_id": 8, "vegetacao": null, "grade_wrs": "221_079", "frp": 21}, "bbox": [-51.20613, -27.6292, -51.20613, -27.6292]}, {"type": "Feature", "id": "focos_48h_br_todosats.fid--211a0569_19dad572493_d2a", "geometry": {"type": "Point", "coordinates": [-49.33877, -25.91873]}, "geometry_name": "geometria", "properties": {"id_foco_bdq": 1814858230, "foco_id": "98da699c-f663-33bb-b2e4-ccd37ffb047a", "longitude": -49.33877, "latitude": -25.91873, "data_hora_gmt": "2026-04-20T17:24:00Z", "data_pas": "2026-04-20", "satelite": "NOAA-21", "municipio": "MANDIRITUBA", "estado": "PARANÁ", "pais": "Brasil", "precipitacao": null, "numero_dias_sem_chuva": null, "risco_fogo": null, "bioma": "Mata Atlântica", "id_0": 33, "id_1": 41, "id_2": 4114302, "continente_id": 8, "vegetacao": null, "grade_wrs": "220_078", "frp": 8.2}, "bbox": [-49.33877, -25.91873, -49.33877, -25.91873]}, {"type": "Feature", "id": "focos_48h_br_todosats.fid--211a0569_19dad572493_d2b", "geometry": {"type": "Point", "coordinates": [-49.33517, -27.3523]}, "geometry_name": "geometria", "properties": {"id_foco_bdq": 1814859663, "foco_id": "a9d2dc78-da17-3ec6-bb95-2df297675544", "longitude": -49.33517, "latitude": -27.3523, "data_hora_gmt": "2026-04-20T17:24:00Z", "data_pas": "2026-04-20", "satelite": "NOAA-21", "municipio": "VIDAL RAMOS", "estado": "SANTA CATARINA", "pais": "Brasil", "precipitacao": null, "numero_dias_sem_chuva": null, "risco_fogo": null, "bioma": "Mata Atlântica", "id_0": 33, "id_1": 42, "id_2": 4219200, "continente_id": 8, "vegetacao": null, "grade_wrs": "220_079", "frp": 10.7}, "bbox": [-49.33517, -27.3523, -49.33517, -27.3523]}, {"type": "Feature", "id": "focos_48h_br_todosats.fid--211a0569_19dad572493_d2c", "geometry": {"type": "Point", "coordinates": [-50.37906, -26.96936]}, "geometry_name": "geometria", "properties": {"id_foco_bdq": 1814859646, "foco_id": "2b3710ef-e728-3e63-aad4-ac7e279126ba", "longitude": -50.37906, "latitude": -26.96936, "data_hora_gmt": "2026-04-20T17:24:00Z", "data_pas": "2026-04-20", "satelite": "NOAA-21", "municipio": "SANTA CECÍLIA", "estado": "SANTA CATARINA", "pais": "Brasil", "precipitacao": null, "numero_dias_sem_chuva": null, "risco_fogo": null, "bioma": "Mata Atlântica", "id_0": 33, "id_1": 42, "id_2": 4215505, "continente_id": 8, "vegetacao": null, "grade_wrs": "221_079", "frp": 3}, "bbox": [-50.37906, -26.96936, -50.37906, -26.96936]}, {"type": "Feature", "id": "focos_48h_br_todosats.fid--211a0569_19dad572493_d2d", "geometry": {"type": "Point", "coordinates": [-48.71333, -26.60084]}, "geometry_name": "geometria", "properties": {"id_foco_bdq": 1814859639, "foco_id": "11fb1333-a597-33c8-a07b-d8f1890cf883", "longitude": -48.71333, "latitude": -26.60084, "data_hora_gmt": "2026-04-20T17:24:00Z", "data_pas": "2026-04-20", "satelite": "NOAA-21", "municipio": "BARRA VELHA", "estado": "SANTA CATARINA", "pais": "Brasil", "precipitacao": null, "numero_dias_sem_chuva": null, "risco_fogo": null, "bioma": "Mata Atlântica", "id_0": 33, "id_1": 42, "id_2": 4202107, "continente_id": 8, "vegetacao": null, "grade_wrs": "220_078", "frp": 5.7}, "bbox": [-48.71333, -26.60084, -48.71333, -26.60084]}, {"type": "Feature", "id": "focos_48h_br_todosats.fid--211a0569_19dad572493_d2e", "geometry": {"type": "Point", "coordinates": [-49.193, -24.2363]}, "geometry_name": "geometria", "properties": {"id_foco_bdq": 1814859633, "foco_id": "44a5d4de-f0e4-3827-b9e7-450b3c1a9d45", "longitude": -49.193, "latitude": -24.2363, "data_hora_gmt": "2026-04-20T17:24:00Z", "data_pas": "2026-04-20", "satelite": "NOAA-21", "municipio": "ITARARÉ", "estado": "SÃO PAULO", "pais": "Brasil", "precipitacao": null, "numero_dias_sem_chuva": null, "risco_fogo": null, "bioma": "Cerrado", "id_0": 33, "id_1": 35, "id_2": 3523206, "continente_id": 8, "vegetacao": null, "grade_wrs": "221_077", "frp": 11.5}, "bbox": [-49.193, -24.2363, -49.193, -24.2363]}, {"type": "Feature", "id": "focos_48h_br_todosats.fid--211a0569_19dad572493_d2f", "geometry": {"type": "Point", "coordinates": [-49.17961, -27.61628]}, "geometry_name": "geometria", "properties": {"id_foco_bdq": 1814859622, "foco_id": "242feb8d-7484-3894-a9c9-864ec217877d", "longitude": -49.17961, "latitude": -27.61628, "data_hora_gmt": "2026-04-20T17:24:00Z", "data_pas": "2026-04-20", "satelite": "NOAA-21", "municipio": "RANCHO QUEIMADO", "estado": "SANTA CATARINA", "pais": "Brasil", "precipitacao": null, "numero_dias_sem_chuva": null, "risco_fogo": null, "bioma": "Mata Atlântica", "id_0": 33, "id_1": 42, "id_2": 4214300, "continente_id": 8, "vegetacao": null, "grade_wrs": "220_079", "frp": 3}, "bbox": [-49.17961, -27.61628, -49.17961, -27.61628]}, {"type": "Feature", "id": "focos_48h_br_todosats.fid--211a0569_19dad572493_d30", "geometry": {"type": "Point", "coordinates": [-51.46597, -27.35108]}, "geometry_name": "geometria", "properties": {"id_foco_bdq": 1814859620, "foco_id": "f296e218-0ee5-3db2-a3c7-6cc8887f28af", "longitude": -51.46597, "latitude": -27.35108, "data_hora_gmt": "2026-04-20T17:24:00Z", "data_pas": "2026-04-20", "satelite": "NOAA-21", "municipio": "CAMPOS NOVOS", "estado": "SANTA CATARINA", "pais": "Brasil", "precipitacao": null, "numero_dias_sem_chuva": null, "risco_fogo": null, "bioma": "Mata Atlântica", "id_0": 33, "id_1": 42, "id_2": 4203600, "continente_id": 8, "vegetacao": null, "grade_wrs": "222_079", "frp": 17.3}, "bbox": [-51.46597, -27.35108, -51.46597, -27.35108]}, {"type": "Feature", "id": "focos_48h_br_todosats.fid--211a0569_19dad572493_d31", "geometry": {"type": "Point", "coordinates": [-49.99836, -27.48057]}, "geometry_name": "geometria", "properties": {"id_foco_bdq": 1814859612, "foco_id": "9a1d08e9-204d-3cb7-9d90-5e8e04cb7a08", "longitude": -49.99836, "latitude": -27.48057, "data_hora_gmt": "2026-04-20T17:24:00Z", "data_pas": "2026-04-20", "satelite": "NOAA-21", "municipio": "OTACÍLIO COSTA", "estado": "SANTA CATARINA", "pais": "Brasil", "precipitacao": null, "numero_dias_sem_chuva": null, "risco_fogo": null, "bioma": "Mata Atlântica", "id_0": 33, "id_1": 42, "id_2": 4211751, "continente_id": 8, "vegetacao": null, "grade_wrs": "221_079", "frp": 9.8}, "bbox": [-49.99836, -27.48057, -49.99836, -27.48057]}, {"type": "Feature", "id": "focos_48h_br_todosats.fid--211a0569_19dad572493_d32", "geometry": {"type": "Point", "coordinates": [-49.85167, -27.74394]}, "geometry_name": "geometria", "properties": {"id_foco_bdq": 1814859610, "foco_id": "9e33057b-7e62-39a7-826e-7108378390df", "longitude": -49.85167, "latitude": -27.74394, "data_hora_gmt": "2026-04-20T17:24:00Z", "data_pas": "2026-04-20", "satelite": "NOAA-21", "municipio": "BOCAINA DO SUL", "estado": "SANTA CATARINA", "pais": "Brasil", "precipitacao": null, "numero_dias_sem_chuva": null, "risco_fogo": null, "bioma": "Mata Atlântica", "id_0": 33, "id_1": 42, "id_2": 4202438, "continente_id": 8, "vegetacao": null, "grade_wrs": "220_079", "frp": 3.9}, "bbox": [-49.85167, -27.74394, -49.85167, -27.74394]}, {"type": "Feature", "id": "focos_48h_br_todosats.fid--211a0569_19dad572493_d33", "geometry": {"type": "Point", "coordinates": [-49.65593, -26.77747]}, "geometry_name": "geometria", "properties": {"id_foco_bdq": 1814859607, "foco_id": "6176c559-9ed3-39b0-b499-65b6dd8ccdf8", "longitude": -49.65593, "latitude": -26.77747, "data_hora_gmt": "2026-04-20T17:24:00Z", "data_pas": "2026-04-20", "satelite": "NOAA-21", "municipio": "JOSÉ BOITEUX", "estado": "SANTA CATARINA", "pais": "Brasil", "precipitacao": null, "numero_dias_sem_chuva": null, "risco_fogo": null, "bioma": "Mata Atlântica", "id_0": 33, "id_1": 42, "id_2": 4209151, "continente_id": 8, "vegetacao": null, "grade_wrs": "220_079", "frp": 5}, "bbox": [-49.65593, -26.77747, -49.65593, -26.77747]}, {"type": "Feature", "id": "focos_48h_br_todosats.fid--211a0569_19dad572493_d34", "geometry": {"type": "Point", "coordinates": [-50.66151, -27.19421]}, "geometry_name": "geometria", "properties": {"id_foco_bdq": 1814859542, "foco_id": "93c8ed27-9591-307d-89e5-a48231754700", "longitude": -50.66151, "latitude": -27.19421, "data_hora_gmt": "2026-04-20T17:24:00Z", "data_pas": "2026-04-20", "satelite": "NOAA-21", "municipio": "CURITIBANOS", "estado": "SANTA CATARINA", "pais": "Brasil", "precipitacao": null, "numero_dias_sem_chuva": null, "risco_fogo": null, "bioma": "Mata Atlântica", "id_0": 33, "id_1": 42, "id_2": 4204806, "continente_id": 8, "vegetacao": null, "grade_wrs": "221_079", "frp": 4.5}, "bbox": [-50.66151, -27.19421, -50.66151, -27.19421]}, {"type": "Feature", "id": "focos_48h_br_todosats.fid--211a0569_19dad572493_d35", "geometry": {"type": "Point", "coordinates": [-51.46146, -27.35028]}, "geometry_name": "geometria", "properties": {"id_foco_bdq": 1814859528, "foco_id": "e1c5c4ec-c80d-3d05-96ec-7e7ee77f195d", "longitude": -51.46146, "latitude": -27.35028, "data_hora_gmt": "2026-04-20T17:24:00Z", "data_pas": "2026-04-20", "satelite": "NOAA-21", "municipio": "CAMPOS NOVOS", "estado": "SANTA CATARINA", "pais": "Brasil", "precipitacao": null, "numero_dias_sem_chuva": null, "risco_fogo": null, "bioma": "Mata Atlântica", "id_0": 33, "id_1": 42, "id_2": 4203600, "continente_id": 8, "vegetacao": null, "grade_wrs": "222_079", "frp": 29.7}, "bbox": [-51.46146, -27.35028, -51.46146, -27.35028]}, {"type": "Feature", "id": "focos_48h_br_todosats.fid--211a0569_19dad572493_d36", "geometry": {"type": "Point", "coordinates": [-50.64463, -27.30451]}, "geometry_name": "geometria", "properties": {"id_foco_bdq": 1814859520, "foco_id": "2a0de322-f32c-3021-b420-083e4cdca977", "longitude": -50.64463, "latitude": -27.30451, "data_hora_gmt": "2026-04-20T17:24:00Z", "data_pas": "2026-04-20", "satelite": "NOAA-21", "municipio": "CURITIBANOS", "estado": "SANTA CATARINA", "pais": "Brasil", "precipitacao": null, "numero_dias_sem_chuva": null, "risco_fogo": null, "bioma": "Mata Atlântica", "id_0": 33, "id_1": 42, "id_2": 4204806, "continente_id": 8, "vegetacao": null, "grade_wrs": "221_079", "frp": 7.9}, "bbox": [-50.64463, -27.30451, -50.64463, -27.30451]}, {"type": "Feature", "id": "focos_48h_br_todosats.fid--211a0569_19dad572493_d37", "geometry": {"type": "Point", "coordinates": [-50.47192, -29.73449]}, "geometry_name": "geometria", "properties": {"id_foco_bdq": 1814859491, "foco_id": "4e0c3c70-c307-3dbf-bceb-cea8741f4136", "longitude": -50.47192, "latitude": -29.73449, "data_hora_gmt": "2026-04-20T17:24:00Z", "data_pas": "2026-04-20", "satelite": "NOAA-21", "municipio": "SANTO ANTÔNIO DA PATRULHA", "estado": "RIO GRANDE DO SUL", "pais": "Brasil", "precipitacao": null, "numero_dias_sem_chuva": null, "risco_fogo": null, "bioma": "Mata Atlântica", "id_0": 33, "id_1": 43, "id_2": 4317608, "continente_id": 8, "vegetacao": null, "grade_wrs": "220_081", "frp": 5}, "bbox": [-50.47192, -29.73449, -50.47192, -29.73449]}, {"type": "Feature", "id": "focos_48h_br_todosats.fid--211a0569_19dad572493_d38", "geometry": {"type": "Point", "coordinates": [-51.21086, -27.63005]}, "geometry_name": "geometria", "properties": {"id_foco_bdq": 1814859482, "foco_id": "b8b0de54-8e87-383a-9521-030cadded4e1", "longitude": -51.21086, "latitude": -27.63005, "data_hora_gmt": "2026-04-20T17:24:00Z", "data_pas": "2026-04-20", "satelite": "NOAA-21", "municipio": "CELSO RAMOS", "estado": "SANTA CATARINA", "pais": "Brasil", "precipitacao": null, "numero_dias_sem_chuva": null, "risco_fogo": null, "bioma": "Mata Atlântica", "id_0": 33, "id_1": 42, "id_2": 4204152, "continente_id": 8, "vegetacao": null, "grade_wrs": "221_079", "frp": 21}, "bbox": [-51.21086, -27.63005, -51.21086, -27.63005]}, {"type": "Feature", "id": "focos_48h_br_todosats.fid--211a0569_19dad572493_d39", "geometry": {"type": "Point", "coordinates": [-49.57604, -27.00599]}, "geometry_name": "geometria", "properties": {"id_foco_bdq": 1814859478, "foco_id": "56452dd1-33f4-3974-8b2e-ac553fb2786d", "longitude": -49.57604, "latitude": -27.00599, "data_hora_gmt": "2026-04-20T17:24:00Z", "data_pas": "2026-04-20", "satelite": "NOAA-21", "municipio": "IBIRAMA", "estado": "SANTA CATARINA", "pais": "Brasil", "precipitacao": null, "numero_dias_sem_chuva": null, "risco_fogo": null, "bioma": "Mata Atlântica", "id_0": 33, "id_1": 42, "id_2": 4206900, "continente_id": 8, "vegetacao": null, "grade_wrs": "220_079", "frp": 3.1}, "bbox": [-49.57604, -27.00599, -49.57604, -27.00599]}, {"type": "Feature", "id": "focos_48h_br_todosats.fid--211a0569_19dad572493_d3a", "geometry": {"type": "Point", "coordinates": [-50.74054, -28.59046]}, "geometry_name": "geometria", "properties": {"id_foco_bdq": 1814859476, "foco_id": "b8457e71-b4c0-37c0-985e-481385fe135c", "longitude": -50.74054, "latitude": -28.59046, "data_hora_gmt": "2026-04-20T17:24:00Z", "data_pas": "2026-04-20", "satelite": "NOAA-21", "municipio": "VACARIA", "estado": "RIO GRANDE DO SUL", "pais": "Brasil", "precipitacao": null, "numero_dias_sem_chuva": null, "risco_fogo": null, "bioma": "Mata Atlântica", "id_0": 33, "id_1": 43, "id_2": 4322509, "continente_id": 8, "vegetacao": null, "grade_wrs": "221_080", "frp": 0.7}, "bbox": [-50.74054, -28.59046, -50.74054, -28.59046]}, {"type": "Feature", "id": "focos_48h_br_todosats.fid--211a0569_19dad572493_d3b", "geometry": {"type": "Point", "coordinates": [-51.17805, -26.01392]}, "geometry_name": "geometria", "properties": {"id_foco_bdq": 1814859444, "foco_id": "18d3c471-1960-37d8-85b5-edb71a08486b", "longitude": -51.17805, "latitude": -26.01392, "data_hora_gmt": "2026-04-20T17:24:00Z", "data_pas": "2026-04-20", "satelite": "NOAA-21", "municipio": "CRUZ MACHADO", "estado": "PARANÁ", "pais": "Brasil", "precipitacao": null, "numero_dias_sem_chuva": null, "risco_fogo": null, "bioma": "Mata Atlântica", "id_0": 33, "id_1": 41, "id_2": 4106803, "continente_id": 8, "vegetacao": null, "grade_wrs": "222_078", "frp": 3.6}, "bbox": [-51.17805, -26.01392, -51.17805, -26.01392]}, {"type": "Feature", "id": "focos_48h_br_todosats.fid--211a0569_19dad572493_d3c", "geometry": {"type": "Point", "coordinates": [-50.91192, -25.04379]}, "geometry_name": "geometria", "properties": {"id_foco_bdq": 1814859428, "foco_id": "439dbfc8-b228-3cb2-85bf-59a226489d4b", "longitude": -50.91192, "latitude": -25.04379, "data_hora_gmt": "2026-04-20T17:24:00Z", "data_pas": "2026-04-20", "satelite": "NOAA-21", "municipio": "IVAÍ", "estado": "PARANÁ", "pais": "Brasil", "precipitacao": null, "numero_dias_sem_chuva": null, "risco_fogo": null, "bioma": "Mata Atlântica", "id_0": 33, "id_1": 41, "id_2": 4111407, "continente_id": 8, "vegetacao": null, "grade_wrs": "222_077", "frp": 12.3}, "bbox": [-50.91192, -25.04379, -50.91192, -25.04379]}, {"type": "Feature", "id": "focos_48h_br_todosats.fid--211a0569_19dad572493_d3d", "geometry": {"type": "Point", "coordinates": [-48.87365, -28.4383]}, "geometry_name": "geometria", "properties": {"id_foco_bdq": 1814859413, "foco_id": "7846b7b4-d0fe-3a02-b29d-d2c74063b7e8", "longitude": -48.87365, "latitude": -28.4383, "data_hora_gmt": "2026-04-20T17:24:00Z", "data_pas": "2026-04-20", "satelite": "NOAA-21", "municipio": "PESCARIA BRAVA", "estado": "SANTA CATARINA", "pais": "Brasil", "precipitacao": null, "numero_dias_sem_chuva": null, "risco_fogo": null, "bioma": "Mata Atlântica", "id_0": 33, "id_1": 42, "id_2": 4212650, "continente_id": 8, "vegetacao": null, "grade_wrs": "220_080", "frp": 2.6}, "bbox": [-48.87365, -28.4383, -48.87365, -28.4383]}, {"type": "Feature", "id": "focos_48h_br_todosats.fid--211a0569_19dad572493_d3e", "geometry": {"type": "Point", "coordinates": [-49.45135, -27.42861]}, "geometry_name": "geometria", "properties": {"id_foco_bdq": 1814859398, "foco_id": "fd2c059b-2d75-39b8-90dd-617949579342", "longitude": -49.45135, "latitude": -27.42861, "data_hora_gmt": "2026-04-20T17:24:00Z", "data_pas": "2026-04-20", "satelite": "NOAA-21", "municipio": "VIDAL RAMOS", "estado": "SANTA CATARINA", "pais": "Brasil", "precipitacao": null, "numero_dias_sem_chuva": null, "risco_fogo": null, "bioma": "Mata Atlântica", "id_0": 33, "id_1": 42, "id_2": 4219200, "continente_id": 8, "vegetacao": null, "grade_wrs": "220_079", "frp": 4.5}, "bbox": [-49.45135, -27.42861, -49.45135, -27.42861]}, {"type": "Feature", "id": "focos_48h_br_todosats.fid--211a0569_19dad572493_d3f", "geometry": {"type": "Point", "coordinates": [-49.49492, -26.69636]}, "geometry_name": "geometria", "properties": {"id_foco_bdq": 1814859397, "foco_id": "ccd692e8-1c8b-3481-a284-18abe19c292f", "longitude": -49.49492, "latitude": -26.69636, "data_hora_gmt": "2026-04-20T17:24:00Z", "data_pas": "2026-04-20", "satelite": "NOAA-21", "municipio": "DOUTOR PEDRINHO", "estado": "SANTA CATARINA", "pais": "Brasil", "precipitacao": null, "numero_dias_sem_chuva": null, "risco_fogo": null, "bioma": "Mata Atlântica", "id_0": 33, "id_1": 42, "id_2": 4205159, "continente_id": 8, "vegetacao": null, "grade_wrs": "220_079", "frp": 13.6}, "bbox": [-49.49492, -26.69636, -49.49492, -26.69636]}, {"type": "Feature", "id": "focos_48h_br_todosats.fid--211a0569_19dad572493_d40", "geometry": {"type": "Point", "coordinates": [-51.25238, -28.52737]}, "geometry_name": "geometria", "properties": {"id_foco_bdq": 1814859371, "foco_id": "e840aeea-48cb-3a7d-96ec-4ef30823a203", "longitude": -51.25238, "latitude": -28.52737, "data_hora_gmt": "2026-04-20T17:24:00Z", "data_pas": "2026-04-20", "satelite": "NOAA-21", "municipio": "MUITOS CAPÕES", "estado": "RIO GRANDE DO SUL", "pais": "Brasil", "precipitacao": null, "numero_dias_sem_chuva": null, "risco_fogo": null, "bioma": "Mata Atlântica", "id_0": 33, "id_1": 43, "id_2": 4312617, "continente_id": 8, "vegetacao": null, "grade_wrs": "221_080", "frp": 6.5}, "bbox": [-51.25238, -28.52737, -51.25238, -28.52737]}, {"type": "Feature", "id": "focos_48h_br_todosats.fid--211a0569_19dad572493_d41", "geometry": {"type": "Point", "coordinates": [-50.60009, -27.16734]}, "geometry_name": "geometria", "properties": {"id_foco_bdq": 1814859368, "foco_id": "fc772786-800b-3325-aaa2-ac3e4abaff55", "longitude": -50.60009, "latitude": -27.16734, "data_hora_gmt": "2026-04-20T17:24:00Z", "data_pas": "2026-04-20", "satelite": "NOAA-21", "municipio": "PONTE ALTA DO NORTE", "estado": "SANTA CATARINA", "pais": "Brasil", "precipitacao": null, "numero_dias_sem_chuva": null, "risco_fogo": null, "bioma": "Mata Atlântica", "id_0": 33, "id_1": 42, "id_2": 4213351, "continente_id": 8, "vegetacao": null, "grade_wrs": "221_079", "frp": 57.6}, "bbox": [-50.60009, -27.16734, -50.60009, -27.16734]}, {"type": "Feature", "id": "focos_48h_br_todosats.fid--211a0569_19dad572493_d42", "geometry": {"type": "Point", "coordinates": [-50.10962, -26.89625]}, "geometry_name": "geometria", "properties": {"id_foco_bdq": 1814859360, "foco_id": "4e7eb578-e0a3-33f7-8b38-ff1daab1f03b", "longitude": -50.10962, "latitude": -26.89625, "data_hora_gmt": "2026-04-20T17:24:00Z", "data_pas": "2026-04-20", "satelite": "NOAA-21", "municipio": "RIO DO CAMPO", "estado": "SANTA CATARINA", "pais": "Brasil", "precipitacao": null, "numero_dias_sem_chuva": null, "risco_fogo": null, "bioma": "Mata Atlântica", "id_0": 33, "id_1": 42, "id_2": 4214508, "continente_id": 8, "vegetacao": null, "grade_wrs": "221_079", "frp": 6}, "bbox": [-50.10962, -26.89625, -50.10962, -26.89625]}, {"type": "Feature", "id": "focos_48h_br_todosats.fid--211a0569_19dad572493_d43", "geometry": {"type": "Point", "coordinates": [-50.47396, -29.73509]}, "geometry_name": "geometria", "properties": {"id_foco_bdq": 1814859358, "foco_id": "7ef8c164-338d-3e68-8582-eb202003da7a", "longitude": -50.47396, "latitude": -29.73509, "data_hora_gmt": "2026-04-20T17:24:00Z", "data_pas": "2026-04-20", "satelite": "NOAA-21", "municipio": "SANTO ANTÔNIO DA PATRULHA", "estado": "RIO GRANDE DO SUL", "pais": "Brasil", "precipitacao": null, "numero_dias_sem_chuva": null, "risco_fogo": null, "bioma": "Mata Atlântica", "id_0": 33, "id_1": 43, "id_2": 4317608, "continente_id": 8, "vegetacao": null, "grade_wrs": "220_081", "frp": 7.1}, "bbox": [-50.47396, -29.73509, -50.47396, -29.73509]}, {"type": "Feature", "id": "focos_48h_br_todosats.fid--211a0569_19dad572493_d44", "geometry": {"type": "Point", "coordinates": [-50.21607, -27.9329]}, "geometry_name": "geometria", "properties": {"id_foco_bdq": 1814859357, "foco_id": "dbb1056a-6add-3828-9b72-443de0965d95", "longitude": -50.21607, "latitude": -27.9329, "data_hora_gmt": "2026-04-20T17:24:00Z", "data_pas": "2026-04-20", "satelite": "NOAA-21", "municipio": "LAGES", "estado": "SANTA CATARINA", "pais": "Brasil", "precipitacao": null, "numero_dias_sem_chuva": null, "risco_fogo": null, "bioma": "Mata Atlântica", "id_0": 33, "id_1": 42, "id_2": 4209300, "continente_id": 8, "vegetacao": null, "grade_wrs": "221_079", "frp": 7.9}, "bbox": [-50.21607, -27.9329, -50.21607, -27.9329]}, {"type": "Feature", "id": "focos_48h_br_todosats.fid--211a0569_19dad572493_d45", "geometry": {"type": "Point", "coordinates": [-51.32682, -26.16514]}, "geometry_name": "geometria", "properties": {"id_foco_bdq": 1814859339, "foco_id": "d4debe55-6e4e-3620-9803-e6731377feee", "longitude": -51.32682, "latitude": -26.16514, "data_hora_gmt": "2026-04-20T17:24:00Z", "data_pas": "2026-04-20", "satelite": "NOAA-21", "municipio": "BITURUNA", "estado": "PARANÁ", "pais": "Brasil", "precipitacao": null, "numero_dias_sem_chuva": null, "risco_fogo": null, "bioma": "Mata Atlântica", "id_0": 33, "id_1": 41, "id_2": 4102901, "continente_id": 8, "vegetacao": null, "grade_wrs": "222_078", "frp": 3.2}, "bbox": [-51.32682, -26.16514, -51.32682, -26.16514]}, {"type": "Feature", "id": "focos_48h_br_todosats.fid--211a0569_19dad572493_d46", "geometry": {"type": "Point", "coordinates": [-49.05244, -28.18703]}, "geometry_name": "geometria", "properties": {"id_foco_bdq": 1814859334, "foco_id": "cca91130-7a44-3021-a8cf-59731af6946c", "longitude": -49.05244, "latitude": -28.18703, "data_hora_gmt": "2026-04-20T17:24:00Z", "data_pas": "2026-04-20", "satelite": "NOAA-21", "municipio": "ARMAZÉM", "estado": "SANTA CATARINA", "pais": "Brasil", "precipitacao": null, "numero_dias_sem_chuva": null, "risco_fogo": null, "bioma": "Mata Atlântica", "id_0": 33, "id_1": 42, "id_2": 4201505, "continente_id": 8, "vegetacao": null, "grade_wrs": "220_080", "frp": 4.1}, "bbox": [-49.05244, -28.18703, -49.05244, -28.18703]}, {"type": "Feature", "id": "focos_48h_br_todosats.fid--211a0569_19dad572493_d47", "geometry": {"type": "Point", "coordinates": [-49.22398, -26.09825]}, "geometry_name": "geometria", "properties": {"id_foco_bdq": 1814859325, "foco_id": "75a1b8fb-1fc4-3906-a0de-0504e7452d10", "longitude": -49.22398, "latitude": -26.09825, "data_hora_gmt": "2026-04-20T17:24:00Z", "data_pas": "2026-04-20", "satelite": "NOAA-21", "municipio": "CAMPO ALEGRE", "estado": "SANTA CATARINA", "pais": "Brasil", "precipitacao": null, "numero_dias_sem_chuva": null, "risco_fogo": null, "bioma": "Mata Atlântica", "id_0": 33, "id_1": 42, "id_2": 4203303, "continente_id": 8, "vegetacao": null, "grade_wrs": "220_078", "frp": 2.9}, "bbox": [-49.22398, -26.09825, -49.22398, -26.09825]}, {"type": "Feature", "id": "focos_48h_br_todosats.fid--211a0569_19dad572493_d48", "geometry": {"type": "Point", "coordinates": [-50.33208, -26.42636]}, "geometry_name": "geometria", "properties": {"id_foco_bdq": 1814859316, "foco_id": "7dab0bda-db13-3bee-8f9d-a67ff9277da8", "longitude": -50.33208, "latitude": -26.42636, "data_hora_gmt": "2026-04-20T17:24:00Z", "data_pas": "2026-04-20", "satelite": "NOAA-21", "municipio": "MAJOR VIEIRA", "estado": "SANTA CATARINA", "pais": "Brasil", "precipitacao": null, "numero_dias_sem_chuva": null, "risco_fogo": null, "bioma": "Mata Atlântica", "id_0": 33, "id_1": 42, "id_2": 4210308, "continente_id": 8, "vegetacao": null, "grade_wrs": "221_078", "frp": 1.5}, "bbox": [-50.33208, -26.42636, -50.33208, -26.42636]}, {"type": "Feature", "id": "focos_48h_br_todosats.fid--211a0569_19dad572493_d49", "geometry": {"type": "Point", "coordinates": [-51.32108, -27.08032]}, "geometry_name": "geometria", "properties": {"id_foco_bdq": 1814859305, "foco_id": "f2ca501d-afd7-363c-b91a-0cd5baf3867d", "longitude": -51.32108, "latitude": -27.08032, "data_hora_gmt": "2026-04-20T17:24:00Z", "data_pas": "2026-04-20", "satelite": "NOAA-21", "municipio": "TANGARÁ", "estado": "SANTA CATARINA", "pais": "Brasil", "precipitacao": null, "numero_dias_sem_chuva": null, "risco_fogo": null, "bioma": "Mata Atlântica", "id_0": 33, "id_1": 42, "id_2": 4217907, "continente_id": 8, "vegetacao": null, "grade_wrs": "221_079", "frp": 3.3}, "bbox": [-51.32108, -27.08032, -51.32108, -27.08032]}, {"type": "Feature", "id": "focos_48h_br_todosats.fid--211a0569_19dad572493_d4a", "geometry": {"type": "Point", "coordinates": [-49.21362, -28.57656]}, "geometry_name": "geometria", "properties": {"id_foco_bdq": 1814859300, "foco_id": "45e69720-db6b-3ff4-836a-da9dd1c6c47d", "longitude": -49.21362, "latitude": -28.57656, "data_hora_gmt": "2026-04-20T17:24:00Z", "data_pas": "2026-04-20", "satelite": "NOAA-21", "municipio": "TREZE DE MAIO", "estado": "SANTA CATARINA", "pais": "Brasil", "precipitacao": null, "numero_dias_sem_chuva": null, "risco_fogo": null, "bioma": "Mata Atlântica", "id_0": 33, "id_1": 42, "id_2": 4218400, "continente_id": 8, "vegetacao": null, "grade_wrs": "220_080", "frp": 6.1}, "bbox": [-49.21362, -28.57656, -49.21362, -28.57656]}, {"type": "Feature", "id": "focos_48h_br_todosats.fid--211a0569_19dad572493_d4b", "geometry": {"type": "Point", "coordinates": [-51.32618, -25.73168]}, "geometry_name": "geometria", "properties": {"id_foco_bdq": 1814859288, "foco_id": "b1cbc774-edd2-392d-892f-1fda09c230ce", "longitude": -51.32618, "latitude": -25.73168, "data_hora_gmt": "2026-04-20T17:24:00Z", "data_pas": "2026-04-20", "satelite": "NOAA-21", "municipio": "INÁCIO MARTINS", "estado": "PARANÁ", "pais": "Brasil", "precipitacao": null, "numero_dias_sem_chuva": null, "risco_fogo": null, "bioma": "Mata Atlântica", "id_0": 33, "id_1": 41, "id_2": 4110201, "continente_id": 8, "vegetacao": null, "grade_wrs": "222_078", "frp": 14.8}, "bbox": [-51.32618, -25.73168, -51.32618, -25.73168]}, {"type": "Feature", "id": "focos_48h_br_todosats.fid--211a0569_19dad572493_d4c", "geometry": {"type": "Point", "coordinates": [-49.21008, -24.7266]}, "geometry_name": "geometria", "properties": {"id_foco_bdq": 1814859287, "foco_id": "bfa7481b-de8b-33e0-8759-fefe941cbdd2", "longitude": -49.21008, "latitude": -24.7266, "data_hora_gmt": "2026-04-20T17:24:00Z", "data_pas": "2026-04-20", "satelite": "NOAA-21", "municipio": "CERRO AZUL", "estado": "PARANÁ", "pais": "Brasil", "precipitacao": null, "numero_dias_sem_chuva": null, "risco_fogo": null, "bioma": "Mata Atlântica", "id_0": 33, "id_1": 41, "id_2": 4105201, "continente_id": 8, "vegetacao": null, "grade_wrs": "220_077", "frp": 5.3}, "bbox": [-49.21008, -24.7266, -49.21008, -24.7266]}, {"type": "Feature", "id": "focos_48h_br_todosats.fid--211a0569_19dad572493_d4d", "geometry": {"type": "Point", "coordinates": [-49.51204, -28.91069]}, "geometry_name": "geometria", "properties": {"id_foco_bdq": 1814859279, "foco_id": "36614b92-a411-3449-b629-a16e1abe0085", "longitude": -49.51204, "latitude": -28.91069, "data_hora_gmt": "2026-04-20T17:24:00Z", "data_pas": "2026-04-20", "satelite": "NOAA-21", "municipio": "ARARANGUÁ", "estado": "SANTA CATARINA", "pais": "Brasil", "precipitacao": null, "numero_dias_sem_chuva": null, "risco_fogo": null, "bioma": "Mata Atlântica", "id_0": 33, "id_1": 42, "id_2": 4201406, "continente_id": 8, "vegetacao": null, "grade_wrs": "220_080", "frp": 3.8}, "bbox": [-49.51204, -28.91069, -49.51204, -28.91069]}, {"type": "Feature", "id": "focos_48h_br_todosats.fid--211a0569_19dad572493_d4e", "geometry": {"type": "Point", "coordinates": [-50.21301, -27.5489]}, "geometry_name": "geometria", "properties": {"id_foco_bdq": 1814859271, "foco_id": "29846847-0a09-3ab9-9893-b32cdbf3e705", "longitude": -50.21301, "latitude": -27.5489, "data_hora_gmt": "2026-04-20T17:24:00Z", "data_pas": "2026-04-20", "satelite": "NOAA-21", "municipio": "PALMEIRA", "estado": "SANTA CATARINA", "pais": "Brasil", "precipitacao": null, "numero_dias_sem_chuva": null, "risco_fogo": null, "bioma": "Mata Atlântica", "id_0": 33, "id_1": 42, "id_2": 4212056, "continente_id": 8, "vegetacao": null, "grade_wrs": "221_079", "frp": 2.4}, "bbox": [-50.21301, -27.5489, -50.21301, -27.5489]}, {"type": "Feature", "id": "focos_48h_br_todosats.fid--211a0569_19dad572493_d4f", "geometry": {"type": "Point", "coordinates": [-49.40031, -25.17631]}, "geometry_name": "geometria", "properties": {"id_foco_bdq": 1814859264, "foco_id": "a0e78f8d-bab5-326e-ad2c-ce9b8c227927", "longitude": -49.40031, "latitude": -25.17631, "data_hora_gmt": "2026-04-20T17:24:00Z", "data_pas": "2026-04-20", "satelite": "NOAA-21", "municipio": "ITAPERUÇU", "estado": "PARANÁ", "pais": "Brasil", "precipitacao": null, "numero_dias_sem_chuva": null, "risco_fogo": null, "bioma": "Mata Atlântica", "id_0": 33, "id_1": 41, "id_2": 4111258, "continente_id": 8, "vegetacao": null, "grade_wrs": "221_077", "frp": 9.3}, "bbox": [-49.40031, -25.17631, -49.40031, -25.17631]}, {"type": "Feature", "id": "focos_48h_br_todosats.fid--211a0569_19dad572493_d50", "geometry": {"type": "Point", "coordinates": [-49.76565, -25.71534]}, "geometry_name": "geometria", "properties": {"id_foco_bdq": 1814859258, "foco_id": "48bd1660-0396-39bc-83b7-ac9d75a486e9", "longitude": -49.76565, "latitude": -25.71534, "data_hora_gmt": "2026-04-20T17:24:00Z", "data_pas": "2026-04-20", "satelite": "NOAA-21", "municipio": "LAPA", "estado": "PARANÁ", "pais": "Brasil", "precipitacao": null, "numero_dias_sem_chuva": null, "risco_fogo": null, "bioma": "Mata Atlântica", "id_0": 33, "id_1": 41, "id_2": 4113205, "continente_id": 8, "vegetacao": null, "grade_wrs": "221_078", "frp": 8.7}, "bbox": [-49.76565, -25.71534, -49.76565, -25.71534]}, {"type": "Feature", "id": "focos_48h_br_todosats.fid--211a0569_19dad572493_d51", "geometry": {"type": "Point", "coordinates": [-48.87381, -28.43929]}, "geometry_name": "geometria", "properties": {"id_foco_bdq": 1814859251, "foco_id": "f17f66d1-bdfc-3d63-a50a-a66029865759", "longitude": -48.87381, "latitude": -28.43929, "data_hora_gmt": "2026-04-20T17:24:00Z", "data_pas": "2026-04-20", "satelite": "NOAA-21", "municipio": "PESCARIA BRAVA", "estado": "SANTA CATARINA", "pais": "Brasil", "precipitacao": null, "numero_dias_sem_chuva": null, "risco_fogo": null, "bioma": "Mata Atlântica", "id_0": 33, "id_1": 42, "id_2": 4212650, "continente_id": 8, "vegetacao": null, "grade_wrs": "220_080", "frp": 3}, "bbox": [-48.87381, -28.43929, -48.87381, -28.43929]}, {"type": "Feature", "id": "focos_48h_br_todosats.fid--211a0569_19dad572493_d52", "geometry": {"type": "Point", "coordinates": [-50.56812, -27.4939]}, "geometry_name": "geometria", "properties": {"id_foco_bdq": 1814859250, "foco_id": "b89f68e2-2009-3868-a781-14390b0f8a26", "longitude": -50.56812, "latitude": -27.4939, "data_hora_gmt": "2026-04-20T17:24:00Z", "data_pas": "2026-04-20", "satelite": "NOAA-21", "municipio": "CURITIBANOS", "estado": "SANTA CATARINA", "pais": "Brasil", "precipitacao": null, "numero_dias_sem_chuva": null, "risco_fogo": null, "bioma": "Mata Atlântica", "id_0": 33, "id_1": 42, "id_2": 4204806, "continente_id": 8, "vegetacao": null, "grade_wrs": "221_079", "frp": 5}, "bbox": [-50.56812, -27.4939, -50.56812, -27.4939]}, {"type": "Feature", "id": "focos_48h_br_todosats.fid--211a0569_19dad572493_d53", "geometry": {"type": "Point", "coordinates": [-50.18647, -25.47948]}, "geometry_name": "geometria", "properties": {"id_foco_bdq": 1814859213, "foco_id": "7e720f9c-ae68-32db-a107-e1e70632c40d", "longitude": -50.18647, "latitude": -25.47948, "data_hora_gmt": "2026-04-20T17:24:00Z", "data_pas": "2026-04-20", "satelite": "NOAA-21", "municipio": "PALMEIRA", "estado": "PARANÁ", "pais": "Brasil", "precipitacao": null, "numero_dias_sem_chuva": null, "risco_fogo": null, "bioma": "Mata Atlântica", "id_0": 33, "id_1": 41, "id_2": 4117701, "continente_id": 8, "vegetacao": null, "grade_wrs": "221_078", "frp": 6}, "bbox": [-50.18647, -25.47948, -50.18647, -25.47948]}, {"type": "Feature", "id": "focos_48h_br_todosats.fid--211a0569_19dad572493_d54", "geometry": {"type": "Point", "coordinates": [-49.33975, -25.10239]}, "geometry_name": "geometria", "properties": {"id_foco_bdq": 1814859153, "foco_id": "9f35094a-1dec-3443-8c0b-095738597b03", "longitude": -49.33975, "latitude": -25.10239, "data_hora_gmt": "2026-04-20T17:24:00Z", "data_pas": "2026-04-20", "satelite": "NOAA-21", "municipio": "RIO BRANCO DO SUL", "estado": "PARANÁ", "pais": "Brasil", "precipitacao": null, "numero_dias_sem_chuva": null, "risco_fogo": null, "bioma": "Mata Atlântica", "id_0": 33, "id_1": 41, "id_2": 4122206, "continente_id": 8, "vegetacao": null, "grade_wrs": "221_077", "frp": 2.5}, "bbox": [-49.33975, -25.10239, -49.33975, -25.10239]}, {"type": "Feature", "id": "focos_48h_br_todosats.fid--211a0569_19dad572493_d55", "geometry": {"type": "Point", "coordinates": [-48.98676, -25.99732]}, "geometry_name": "geometria", "properties": {"id_foco_bdq": 1814859149, "foco_id": "0c410ada-0c62-3315-9309-25db12899eb8", "longitude": -48.98676, "latitude": -25.99732, "data_hora_gmt": "2026-04-20T17:24:00Z", "data_pas": "2026-04-20", "satelite": "NOAA-21", "municipio": "TIJUCAS DO SUL", "estado": "PARANÁ", "pais": "Brasil", "precipitacao": null, "numero_dias_sem_chuva": null, "risco_fogo": null, "bioma": "Mata Atlântica", "id_0": 33, "id_1": 41, "id_2": 4127601, "continente_id": 8, "vegetacao": null, "grade_wrs": "220_078", "frp": 13.7}, "bbox": [-48.98676, -25.99732, -48.98676, -25.99732]}, {"type": "Feature", "id": "focos_48h_br_todosats.fid--211a0569_19dad572493_d56", "geometry": {"type": "Point", "coordinates": [-51.32891, -26.16476]}, "geometry_name": "geometria", "properties": {"id_foco_bdq": 1814859136, "foco_id": "8efd8d1a-8241-395d-9350-bf6da03f0188", "longitude": -51.32891, "latitude": -26.16476, "data_hora_gmt": "2026-04-20T17:24:00Z", "data_pas": "2026-04-20", "satelite": "NOAA-21", "municipio": "BITURUNA", "estado": "PARANÁ", "pais": "Brasil", "precipitacao": null, "numero_dias_sem_chuva": null, "risco_fogo": null, "bioma": "Mata Atlântica", "id_0": 33, "id_1": 41, "id_2": 4102901, "continente_id": 8, "vegetacao": null, "grade_wrs": "222_078", "frp": 4.1}, "bbox": [-51.32891, -26.16476, -51.32891, -26.16476]}, {"type": "Feature", "id": "focos_48h_br_todosats.fid--211a0569_19dad572493_d57", "geometry": {"type": "Point", "coordinates": [-50.56136, -27.50039]}, "geometry_name": "geometria", "properties": {"id_foco_bdq": 1814859135, "foco_id": "36b4c5e4-acf6-3e60-bc93-d3a7c2ffe2a8", "longitude": -50.56136, "latitude": -27.50039, "data_hora_gmt": "2026-04-20T17:24:00Z", "data_pas": "2026-04-20", "satelite": "NOAA-21", "municipio": "CORREIA PINTO", "estado": "SANTA CATARINA", "pais": "Brasil", "precipitacao": null, "numero_dias_sem_chuva": null, "risco_fogo": null, "bioma": "Mata Atlântica", "id_0": 33, "id_1": 42, "id_2": 4204558, "continente_id": 8, "vegetacao": null, "grade_wrs": "221_079", "frp": 5.1}, "bbox": [-50.56136, -27.50039, -50.56136, -27.50039]}, {"type": "Feature", "id": "focos_48h_br_todosats.fid--211a0569_19dad572493_d58", "geometry": {"type": "Point", "coordinates": [-51.32357, -25.72977]}, "geometry_name": "geometria", "properties": {"id_foco_bdq": 1814859122, "foco_id": "30517ccf-046d-3445-9882-feaa04ec0e0f", "longitude": -51.32357, "latitude": -25.72977, "data_hora_gmt": "2026-04-20T17:24:00Z", "data_pas": "2026-04-20", "satelite": "NOAA-21", "municipio": "INÁCIO MARTINS", "estado": "PARANÁ", "pais": "Brasil", "precipitacao": null, "numero_dias_sem_chuva": null, "risco_fogo": null, "bioma": "Mata Atlântica", "id_0": 33, "id_1": 41, "id_2": 4110201, "continente_id": 8, "vegetacao": null, "grade_wrs": "222_078", "frp": 7.2}, "bbox": [-51.32357, -25.72977, -51.32357, -25.72977]}, {"type": "Feature", "id": "focos_48h_br_todosats.fid--211a0569_19dad572493_d59", "geometry": {"type": "Point", "coordinates": [-51.46227, -27.34671]}, "geometry_name": "geometria", "properties": {"id_foco_bdq": 1814859118, "foco_id": "94fdbc1c-169a-3d38-8cd1-12fd8a5a71be", "longitude": -51.46227, "latitude": -27.34671, "data_hora_gmt": "2026-04-20T17:24:00Z", "data_pas": "2026-04-20", "satelite": "NOAA-21", "municipio": "CAMPOS NOVOS", "estado": "SANTA CATARINA", "pais": "Brasil", "precipitacao": null, "numero_dias_sem_chuva": null, "risco_fogo": null, "bioma": "Mata Atlântica", "id_0": 33, "id_1": 42, "id_2": 4203600, "continente_id": 8, "vegetacao": null, "grade_wrs": "222_079", "frp": 29.7}, "bbox": [-51.46227, -27.34671, -51.46227, -27.34671]}, {"type": "Feature", "id": "focos_48h_br_todosats.fid--211a0569_19dad572493_d5a", "geometry": {"type": "Point", "coordinates": [-49.09781, -28.27262]}, "geometry_name": "geometria", "properties": {"id_foco_bdq": 1814859089, "foco_id": "88bcf72b-a4c4-3ebc-a76c-a49a94c26959", "longitude": -49.09781, "latitude": -28.27262, "data_hora_gmt": "2026-04-20T17:24:00Z", "data_pas": "2026-04-20", "satelite": "NOAA-21", "municipio": "BRAÇO DO NORTE", "estado": "SANTA CATARINA", "pais": "Brasil", "precipitacao": null, "numero_dias_sem_chuva": null, "risco_fogo": null, "bioma": "Mata Atlântica", "id_0": 33, "id_1": 42, "id_2": 4202800, "continente_id": 8, "vegetacao": null, "grade_wrs": "220_080", "frp": 5.9}, "bbox": [-49.09781, -28.27262, -49.09781, -28.27262]}, {"type": "Feature", "id": "focos_48h_br_todosats.fid--211a0569_19dad572493_d5b", "geometry": {"type": "Point", "coordinates": [-49.14503, -25.75604]}, "geometry_name": "geometria", "properties": {"id_foco_bdq": 1814859086, "foco_id": "905f6cf7-179f-3d99-ab5d-49f183ab5c6d", "longitude": -49.14503, "latitude": -25.75604, "data_hora_gmt": "2026-04-20T17:24:00Z", "data_pas": "2026-04-20", "satelite": "NOAA-21", "municipio": "TIJUCAS DO SUL", "estado": "PARANÁ", "pais": "Brasil", "precipitacao": null, "numero_dias_sem_chuva": null, "risco_fogo": null, "bioma": "Mata Atlântica", "id_0": 33, "id_1": 41, "id_2": 4127601, "continente_id": 8, "vegetacao": null, "grade_wrs": "220_078", "frp": 3}, "bbox": [-49.14503, -25.75604, -49.14503, -25.75604]}, {"type": "Feature", "id": "focos_48h_br_todosats.fid--211a0569_19dad572493_d5c", "geometry": {"type": "Point", "coordinates": [-49.04952, -28.07265]}, "geometry_name": "geometria", "properties": {"id_foco_bdq": 1814859079, "foco_id": "75d2a415-f389-3124-ae37-324e67edea76", "longitude": -49.04952, "latitude": -28.07265, "data_hora_gmt": "2026-04-20T17:24:00Z", "data_pas": "2026-04-20", "satelite": "NOAA-21", "municipio": "SÃO MARTINHO", "estado": "SANTA CATARINA", "pais": "Brasil", "precipitacao": null, "numero_dias_sem_chuva": null, "risco_fogo": null, "bioma": "Mata Atlântica", "id_0": 33, "id_1": 42, "id_2": 4217105, "continente_id": 8, "vegetacao": null, "grade_wrs": "220_079", "frp": 8.8}, "bbox": [-49.04952, -28.07265, -49.04952, -28.07265]}, {"type": "Feature", "id": "focos_48h_br_todosats.fid--211a0569_19dad572493_d5d", "geometry": {"type": "Point", "coordinates": [-50.82614, -27.34163]}, "geometry_name": "geometria", "properties": {"id_foco_bdq": 1814859068, "foco_id": "8cd47472-9bb0-38ad-b92d-ea6c21934b57", "longitude": -50.82614, "latitude": -27.34163, "data_hora_gmt": "2026-04-20T17:24:00Z", "data_pas": "2026-04-20", "satelite": "NOAA-21", "municipio": "BRUNÓPOLIS", "estado": "SANTA CATARINA", "pais": "Brasil", "precipitacao": null, "numero_dias_sem_chuva": null, "risco_fogo": null, "bioma": "Mata Atlântica", "id_0": 33, "id_1": 42, "id_2": 4202875, "continente_id": 8, "vegetacao": null, "grade_wrs": "221_079", "frp": 43.9}, "bbox": [-50.82614, -27.34163, -50.82614, -27.34163]}, {"type": "Feature", "id": "focos_48h_br_todosats.fid--211a0569_19dad572493_d5e", "geometry": {"type": "Point", "coordinates": [-48.81003, -27.29968]}, "geometry_name": "geometria", "properties": {"id_foco_bdq": 1814859043, "foco_id": "c53cfb2a-fece-363b-a276-4173b680c966", "longitude": -48.81003, "latitude": -27.29968, "data_hora_gmt": "2026-04-20T17:24:00Z", "data_pas": "2026-04-20", "satelite": "NOAA-21", "municipio": "SÃO JOÃO BATISTA", "estado": "SANTA CATARINA", "pais": "Brasil", "precipitacao": null, "numero_dias_sem_chuva": null, "risco_fogo": null, "bioma": "Mata Atlântica", "id_0": 33, "id_1": 42, "id_2": 4216305, "continente_id": 8, "vegetacao": null, "grade_wrs": "220_079", "frp": 3.4}, "bbox": [-48.81003, -27.29968, -48.81003, -27.29968]}, {"type": "Feature", "id": "focos_48h_br_todosats.fid--211a0569_19dad572493_d5f", "geometry": {"type": "Point", "coordinates": [-51.32846, -25.73067]}, "geometry_name": "geometria", "properties": {"id_foco_bdq": 1814859032, "foco_id": "9b7fc7f2-5bc7-3993-9e3a-b7bb6bf4c132", "longitude": -51.32846, "latitude": -25.73067, "data_hora_gmt": "2026-04-20T17:24:00Z", "data_pas": "2026-04-20", "satelite": "NOAA-21", "municipio": "INÁCIO MARTINS", "estado": "PARANÁ", "pais": "Brasil", "precipitacao": null, "numero_dias_sem_chuva": null, "risco_fogo": null, "bioma": "Mata Atlântica", "id_0": 33, "id_1": 41, "id_2": 4110201, "continente_id": 8, "vegetacao": null, "grade_wrs": "222_078", "frp": 7.2}, "bbox": [-51.32846, -25.73067, -51.32846, -25.73067]}, {"type": "Feature", "id": "focos_48h_br_todosats.fid--211a0569_19dad572493_d60", "geometry": {"type": "Point", "coordinates": [-50.60412, -27.17197]}, "geometry_name": "geometria", "properties": {"id_foco_bdq": 1814859024, "foco_id": "cc102b5c-8d0e-3621-ba9f-3f6ae50b5568", "longitude": -50.60412, "latitude": -27.17197, "data_hora_gmt": "2026-04-20T17:24:00Z", "data_pas": "2026-04-20", "satelite": "NOAA-21", "municipio": "PONTE ALTA DO NORTE", "estado": "SANTA CATARINA", "pais": "Brasil", "precipitacao": null, "numero_dias_sem_chuva": null, "risco_fogo": null, "bioma": "Mata Atlântica", "id_0": 33, "id_1": 42, "id_2": 4213351, "continente_id": 8, "vegetacao": null, "grade_wrs": "221_079", "frp": 57.6}, "bbox": [-50.60412, -27.17197, -50.60412, -27.17197]}, {"type": "Feature", "id": "focos_48h_br_todosats.fid--211a0569_19dad572493_d61", "geometry": {"type": "Point", "coordinates": [-50.47748, -27.21872]}, "geometry_name": "geometria", "properties": {"id_foco_bdq": 1814859023, "foco_id": "572104b3-c302-3d5b-a9e6-6fa7edd48ca4", "longitude": -50.47748, "latitude": -27.21872, "data_hora_gmt": "2026-04-20T17:24:00Z", "data_pas": "2026-04-20", "satelite": "NOAA-21", "municipio": "PONTE ALTA DO NORTE", "estado": "SANTA CATARINA", "pais": "Brasil", "precipitacao": null, "numero_dias_sem_chuva": null, "risco_fogo": null, "bioma": "Mata Atlântica", "id_0": 33, "id_1": 42, "id_2": 4213351, "continente_id": 8, "vegetacao": null, "grade_wrs": "221_079", "frp": 3.6}, "bbox": [-50.47748, -27.21872, -50.47748, -27.21872]}, {"type": "Feature", "id": "focos_48h_br_todosats.fid--211a0569_19dad572493_d62", "geometry": {"type": "Point", "coordinates": [-50.91293, -25.04004]}, "geometry_name": "geometria", "properties": {"id_foco_bdq": 1814859021, "foco_id": "7a073f25-0000-3430-8e9c-a116ad79efb9", "longitude": -50.91293, "latitude": -25.04004, "data_hora_gmt": "2026-04-20T17:24:00Z", "data_pas": "2026-04-20", "satelite": "NOAA-21", "municipio": "IVAÍ", "estado": "PARANÁ", "pais": "Brasil", "precipitacao": null, "numero_dias_sem_chuva": null, "risco_fogo": null, "bioma": "Mata Atlântica", "id_0": 33, "id_1": 41, "id_2": 4111407, "continente_id": 8, "vegetacao": null, "grade_wrs": "222_077", "frp": 6}, "bbox": [-50.91293, -25.04004, -50.91293, -25.04004]}, {"type": "Feature", "id": "focos_48h_br_todosats.fid--211a0569_19dad572493_d63", "geometry": {"type": "Point", "coordinates": [-49.60811, -28.79368]}, "geometry_name": "geometria", "properties": {"id_foco_bdq": 1814858999, "foco_id": "d3ec179a-1635-3615-a427-44c24906a02c", "longitude": -49.60811, "latitude": -28.79368, "data_hora_gmt": "2026-04-20T17:24:00Z", "data_pas": "2026-04-20", "satelite": "NOAA-21", "municipio": "MELEIRO", "estado": "SANTA CATARINA", "pais": "Brasil", "precipitacao": null, "numero_dias_sem_chuva": null, "risco_fogo": null, "bioma": "Mata Atlântica", "id_0": 33, "id_1": 42, "id_2": 4210803, "continente_id": 8, "vegetacao": null, "grade_wrs": "220_080", "frp": 5.1}, "bbox": [-49.60811, -28.79368, -49.60811, -28.79368]}, {"type": "Feature", "id": "focos_48h_br_todosats.fid--211a0569_19dad572493_d64", "geometry": {"type": "Point", "coordinates": [-50.64386, -29.39947]}, "geometry_name": "geometria", "properties": {"id_foco_bdq": 1814858992, "foco_id": "df2100e8-c9be-3e2a-895f-6eb930ca25c3", "longitude": -50.64386, "latitude": -29.39947, "data_hora_gmt": "2026-04-20T17:24:00Z", "data_pas": "2026-04-20", "satelite": "NOAA-21", "municipio": "CANELA", "estado": "RIO GRANDE DO SUL", "pais": "Brasil", "precipitacao": null, "numero_dias_sem_chuva": null, "risco_fogo": null, "bioma": "Mata Atlântica", "id_0": 33, "id_1": 43, "id_2": 4304408, "continente_id": 8, "vegetacao": null, "grade_wrs": "221_080", "frp": 6.7}, "bbox": [-50.64386, -29.39947, -50.64386, -29.39947]}, {"type": "Feature", "id": "focos_48h_br_todosats.fid--211a0569_19dad572493_d65", "geometry": {"type": "Point", "coordinates": [-49.49327, -26.69891]}, "geometry_name": "geometria", "properties": {"id_foco_bdq": 1814858978, "foco_id": "175ce7e6-e909-32f8-af67-fc1993243c90", "longitude": -49.49327, "latitude": -26.69891, "data_hora_gmt": "2026-04-20T17:24:00Z", "data_pas": "2026-04-20", "satelite": "NOAA-21", "municipio": "DOUTOR PEDRINHO", "estado": "SANTA CATARINA", "pais": "Brasil", "precipitacao": null, "numero_dias_sem_chuva": null, "risco_fogo": null, "bioma": "Mata Atlântica", "id_0": 33, "id_1": 42, "id_2": 4205159, "continente_id": 8, "vegetacao": null, "grade_wrs": "220_079", "frp": 11.1}, "bbox": [-49.49327, -26.69891, -49.49327, -26.69891]}, {"type": "Feature", "id": "focos_48h_br_todosats.fid--211a0569_19dad572493_d66", "geometry": {"type": "Point", "coordinates": [-49.44737, -28.23155]}, "geometry_name": "geometria", "properties": {"id_foco_bdq": 1814858960, "foco_id": "fe303591-db52-38c2-b918-6b27bbcfcb35", "longitude": -49.44737, "latitude": -28.23155, "data_hora_gmt": "2026-04-20T17:24:00Z", "data_pas": "2026-04-20", "satelite": "NOAA-21", "municipio": "ORLEANS", "estado": "SANTA CATARINA", "pais": "Brasil", "precipitacao": null, "numero_dias_sem_chuva": null, "risco_fogo": null, "bioma": "Mata Atlântica", "id_0": 33, "id_1": 42, "id_2": 4211702, "continente_id": 8, "vegetacao": null, "grade_wrs": "220_080", "frp": 2.7}, "bbox": [-49.44737, -28.23155, -49.44737, -28.23155]}, {"type": "Feature", "id": "focos_48h_br_todosats.fid--211a0569_19dad572493_d67", "geometry": {"type": "Point", "coordinates": [-50.63993, -29.395]}, "geometry_name": "geometria", "properties": {"id_foco_bdq": 1814858952, "foco_id": "343e8505-4735-3528-b2b2-20ecf85180d1", "longitude": -50.63993, "latitude": -29.395, "data_hora_gmt": "2026-04-20T17:24:00Z", "data_pas": "2026-04-20", "satelite": "NOAA-21", "municipio": "SÃO FRANCISCO DE PAULA", "estado": "RIO GRANDE DO SUL", "pais": "Brasil", "precipitacao": null, "numero_dias_sem_chuva": null, "risco_fogo": null, "bioma": "Mata Atlântica", "id_0": 33, "id_1": 43, "id_2": 4318200, "continente_id": 8, "vegetacao": null, "grade_wrs": "221_080", "frp": 14.1}, "bbox": [-50.63993, -29.395, -50.63993, -29.395]}, {"type": "Feature", "id": "focos_48h_br_todosats.fid--211a0569_19dad572493_d68", "geometry": {"type": "Point", "coordinates": [-50.41288, -27.17948]}, "geometry_name": "geometria", "properties": {"id_foco_bdq": 1814858951, "foco_id": "b66b17fd-dd1c-3edb-a870-03f9e3f933f1", "longitude": -50.41288, "latitude": -27.17948, "data_hora_gmt": "2026-04-20T17:24:00Z", "data_pas": "2026-04-20", "satelite": "NOAA-21", "municipio": "PONTE ALTA DO NORTE", "estado": "SANTA CATARINA", "pais": "Brasil", "precipitacao": null, "numero_dias_sem_chuva": null, "risco_fogo": null, "bioma": "Mata Atlântica", "id_0": 33, "id_1": 42, "id_2": 4213351, "continente_id": 8, "vegetacao": null, "grade_wrs": "221_079", "frp": 3.5}, "bbox": [-50.41288, -27.17948, -50.41288, -27.17948]}, {"type": "Feature", "id": "focos_48h_br_todosats.fid--211a0569_19dad572493_d69", "geometry": {"type": "Point", "coordinates": [-51.06888, -29.6107]}, "geometry_name": "geometria", "properties": {"id_foco_bdq": 1814858941, "foco_id": "f279b283-b22e-3134-944d-e0e481592b1a", "longitude": -51.06888, "latitude": -29.6107, "data_hora_gmt": "2026-04-20T17:24:00Z", "data_pas": "2026-04-20", "satelite": "NOAA-21", "municipio": "DOIS IRMÃOS", "estado": "RIO GRANDE DO SUL", "pais": "Brasil", "precipitacao": null, "numero_dias_sem_chuva": null, "risco_fogo": null, "bioma": "Mata Atlântica", "id_0": 33, "id_1": 43, "id_2": 4306403, "continente_id": 8, "vegetacao": null, "grade_wrs": "221_081", "frp": 10}, "bbox": [-51.06888, -29.6107, -51.06888, -29.6107]}, {"type": "Feature", "id": "focos_48h_br_todosats.fid--211a0569_19dad572493_d6a", "geometry": {"type": "Point", "coordinates": [-48.91338, -28.147]}, "geometry_name": "geometria", "properties": {"id_foco_bdq": 1814858935, "foco_id": "0af1b876-1c94-3fc3-a365-128c9deee422", "longitude": -48.91338, "latitude": -28.147, "data_hora_gmt": "2026-04-20T17:24:00Z", "data_pas": "2026-04-20", "satelite": "NOAA-21", "municipio": "IMARUÍ", "estado": "SANTA CATARINA", "pais": "Brasil", "precipitacao": null, "numero_dias_sem_chuva": null, "risco_fogo": null, "bioma": "Mata Atlântica", "id_0": 33, "id_1": 42, "id_2": 4207205, "continente_id": 8, "vegetacao": null, "grade_wrs": "220_079", "frp": 2.1}, "bbox": [-48.91338, -28.147, -48.91338, -28.147]}, {"type": "Feature", "id": "focos_48h_br_todosats.fid--211a0569_19dad572493_d6b", "geometry": {"type": "Point", "coordinates": [-49.3258, -24.62241]}, "geometry_name": "geometria", "properties": {"id_foco_bdq": 1814858918, "foco_id": "b365cbd2-566f-31d5-b0b7-a74ec182ebf0", "longitude": -49.3258, "latitude": -24.62241, "data_hora_gmt": "2026-04-20T17:24:00Z", "data_pas": "2026-04-20", "satelite": "NOAA-21", "municipio": "DOUTOR ULYSSES", "estado": "PARANÁ", "pais": "Brasil", "precipitacao": null, "numero_dias_sem_chuva": null, "risco_fogo": null, "bioma": "Mata Atlântica", "id_0": 33, "id_1": 41, "id_2": 4128633, "continente_id": 8, "vegetacao": null, "grade_wrs": "221_077", "frp": 21}, "bbox": [-49.3258, -24.62241, -49.3258, -24.62241]}, {"type": "Feature", "id": "focos_48h_br_todosats.fid--211a0569_19dad572493_d6c", "geometry": {"type": "Point", "coordinates": [-49.0535, -28.07344]}, "geometry_name": "geometria", "properties": {"id_foco_bdq": 1814858915, "foco_id": "f9683a34-92ea-3a9a-a2d2-b1f29f5cff80", "longitude": -49.0535, "latitude": -28.07344, "data_hora_gmt": "2026-04-20T17:24:00Z", "data_pas": "2026-04-20", "satelite": "NOAA-21", "municipio": "SÃO MARTINHO", "estado": "SANTA CATARINA", "pais": "Brasil", "precipitacao": null, "numero_dias_sem_chuva": null, "risco_fogo": null, "bioma": "Mata Atlântica", "id_0": 33, "id_1": 42, "id_2": 4217105, "continente_id": 8, "vegetacao": null, "grade_wrs": "220_079", "frp": 8.8}, "bbox": [-49.0535, -28.07344, -49.0535, -28.07344]}, {"type": "Feature", "id": "focos_48h_br_todosats.fid--211a0569_19dad572493_d6d", "geometry": {"type": "Point", "coordinates": [-51.9285, -27.11919]}, "geometry_name": "geometria", "properties": {"id_foco_bdq": 1814858911, "foco_id": "86d45be1-2945-3f41-8973-271c68b6ef71", "longitude": -51.9285, "latitude": -27.11919, "data_hora_gmt": "2026-04-20T17:24:00Z", "data_pas": "2026-04-20", "satelite": "NOAA-21", "municipio": "IRANI", "estado": "SANTA CATARINA", "pais": "Brasil", "precipitacao": null, "numero_dias_sem_chuva": null, "risco_fogo": null, "bioma": "Mata Atlântica", "id_0": 33, "id_1": 42, "id_2": 4207809, "continente_id": 8, "vegetacao": null, "grade_wrs": "222_079", "frp": 6.2}, "bbox": [-51.9285, -27.11919, -51.9285, -27.11919]}, {"type": "Feature", "id": "focos_48h_br_todosats.fid--211a0569_19dad572493_d6e", "geometry": {"type": "Point", "coordinates": [-49.18516, -28.63151]}, "geometry_name": "geometria", "properties": {"id_foco_bdq": 1814858861, "foco_id": "6c855b8f-f477-3cee-a9ca-e8e2ffdf8652", "longitude": -49.18516, "latitude": -28.63151, "data_hora_gmt": "2026-04-20T17:24:00Z", "data_pas": "2026-04-20", "satelite": "NOAA-21", "municipio": "TREZE DE MAIO", "estado": "SANTA CATARINA", "pais": "Brasil", "precipitacao": null, "numero_dias_sem_chuva": null, "risco_fogo": null, "bioma": "Mata Atlântica", "id_0": 33, "id_1": 42, "id_2": 4218400, "continente_id": 8, "vegetacao": null, "grade_wrs": "220_080", "frp": 7.9}, "bbox": [-49.18516, -28.63151, -49.18516, -28.63151]}, {"type": "Feature", "id": "focos_48h_br_todosats.fid--211a0569_19dad572493_d6f", "geometry": {"type": "Point", "coordinates": [-49.48077, -28.5795]}, "geometry_name": "geometria", "properties": {"id_foco_bdq": 1814858859, "foco_id": "801f1497-3dd9-393e-a764-c15eb3460460", "longitude": -49.48077, "latitude": -28.5795, "data_hora_gmt": "2026-04-20T17:24:00Z", "data_pas": "2026-04-20", "satelite": "NOAA-21", "municipio": "TREVISO", "estado": "SANTA CATARINA", "pais": "Brasil", "precipitacao": null, "numero_dias_sem_chuva": null, "risco_fogo": null, "bioma": "Mata Atlântica", "id_0": 33, "id_1": 42, "id_2": 4218350, "continente_id": 8, "vegetacao": null, "grade_wrs": "220_080", "frp": 15.4}, "bbox": [-49.48077, -28.5795, -49.48077, -28.5795]}, {"type": "Feature", "id": "focos_48h_br_todosats.fid--211a0569_19dad572493_d70", "geometry": {"type": "Point", "coordinates": [-49.41774, -27.44278]}, "geometry_name": "geometria", "properties": {"id_foco_bdq": 1814858847, "foco_id": "9c353335-094f-38ae-aabb-68e7d827e042", "longitude": -49.41774, "latitude": -27.44278, "data_hora_gmt": "2026-04-20T17:24:00Z", "data_pas": "2026-04-20", "satelite": "NOAA-21", "municipio": "VIDAL RAMOS", "estado": "SANTA CATARINA", "pais": "Brasil", "precipitacao": null, "numero_dias_sem_chuva": null, "risco_fogo": null, "bioma": "Mata Atlântica", "id_0": 33, "id_1": 42, "id_2": 4219200, "continente_id": 8, "vegetacao": null, "grade_wrs": "220_079", "frp": 8.3}, "bbox": [-49.41774, -27.44278, -49.41774, -27.44278]}, {"type": "Feature", "id": "focos_48h_br_todosats.fid--211a0569_19dad572493_d71", "geometry": {"type": "Point", "coordinates": [-56.36188, -20.91616]}, "geometry_name": "geometria", "properties": {"id_foco_bdq": 1814859194, "foco_id": "d9b4142a-ed3a-33c0-9a84-bed84c6e8b9c", "longitude": -56.36188, "latitude": -20.91616, "data_hora_gmt": "2026-04-20T17:26:00Z", "data_pas": "2026-04-20", "satelite": "NOAA-21", "municipio": "BONITO", "estado": "MATO GROSSO DO SUL", "pais": "Brasil", "precipitacao": null, "numero_dias_sem_chuva": null, "risco_fogo": null, "bioma": "Cerrado", "id_0": 33, "id_1": 50, "id_2": 5002209, "continente_id": 8, "vegetacao": null, "grade_wrs": "226_074", "frp": 7.4}, "bbox": [-56.36188, -20.91616, -56.36188, -20.91616]}, {"type": "Feature", "id": "focos_48h_br_todosats.fid--211a0569_19dad572493_d72", "geometry": {"type": "Point", "coordinates": [-46.41109, -21.56068]}, "geometry_name": "geometria", "properties": {"id_foco_bdq": 1814858361, "foco_id": "8f3b65ee-7fda-347c-8062-6d007361e2a9", "longitude": -46.41109, "latitude": -21.56068, "data_hora_gmt": "2026-04-20T17:26:00Z", "data_pas": "2026-04-20", "satelite": "NOAA-21", "municipio": "CABO VERDE", "estado": "MINAS GERAIS", "pais": "Brasil", "precipitacao": null, "numero_dias_sem_chuva": null, "risco_fogo": null, "bioma": "Mata Atlântica", "id_0": 33, "id_1": 31, "id_2": 3109501, "continente_id": 8, "vegetacao": null, "grade_wrs": "219_075", "frp": 7}, "bbox": [-46.41109, -21.56068, -46.41109, -21.56068]}, {"type": "Feature", "id": "focos_48h_br_todosats.fid--211a0569_19dad572493_d73", "geometry": {"type": "Point", "coordinates": [-48.20058, -21.45333]}, "geometry_name": "geometria", "properties": {"id_foco_bdq": 1814858246, "foco_id": "5534e5fa-e569-31dc-9716-fa4f138fff58", "longitude": -48.20058, "latitude": -21.45333, "data_hora_gmt": "2026-04-20T17:26:00Z", "data_pas": "2026-04-20", "satelite": "NOAA-21", "municipio": "GUARIBA", "estado": "SÃO PAULO", "pais": "Brasil", "precipitacao": null, "numero_dias_sem_chuva": null, "risco_fogo": null, "bioma": "Cerrado", "id_0": 33, "id_1": 35, "id_2": 3518602, "continente_id": 8, "vegetacao": null, "grade_wrs": "220_075", "frp": 19.8}, "bbox": [-48.20058, -21.45333, -48.20058, -21.45333]}, {"type": "Feature", "id": "focos_48h_br_todosats.fid--211a0569_19dad572493_d74", "geometry": {"type": "Point", "coordinates": [-53.78379, -17.34473]}, "geometry_name": "geometria", "properties": {"id_foco_bdq": 1814858982, "foco_id": "b06cd381-a03e-313d-9ac6-1d1a47ff9418", "longitude": -53.78379, "latitude": -17.34473, "data_hora_gmt": "2026-04-20T17:26:00Z", "data_pas": "2026-04-20", "satelite": "NOAA-21", "municipio": "SONORA", "estado": "MATO GROSSO DO SUL", "pais": "Brasil", "precipitacao": null, "numero_dias_sem_chuva": null, "risco_fogo": null, "bioma": "Cerrado", "id_0": 33, "id_1": 50, "id_2": 5007935, "continente_id": 8, "vegetacao": null, "grade_wrs": "225_072", "frp": 6}, "bbox": [-53.78379, -17.34473, -53.78379, -17.34473]}, {"type": "Feature", "id": "focos_48h_br_todosats.fid--211a0569_19dad572493_d75", "geometry": {"type": "Point", "coordinates": [-49.59529, -20.03755]}, "geometry_name": "geometria", "properties": {"id_foco_bdq": 1814858346, "foco_id": "7b45692a-16a0-3266-9836-81251c763bf5", "longitude": -49.59529, "latitude": -20.03755, "data_hora_gmt": "2026-04-20T17:26:00Z", "data_pas": "2026-04-20", "satelite": "NOAA-21", "municipio": "RIOLÂNDIA", "estado": "SÃO PAULO", "pais": "Brasil", "precipitacao": null, "numero_dias_sem_chuva": null, "risco_fogo": null, "bioma": "Mata Atlântica", "id_0": 33, "id_1": 35, "id_2": 3544202, "continente_id": 8, "vegetacao": null, "grade_wrs": "221_074", "frp": 7.1}, "bbox": [-49.59529, -20.03755, -49.59529, -20.03755]}, {"type": "Feature", "id": "focos_48h_br_todosats.fid--211a0569_19dad572493_d76", "geometry": {"type": "Point", "coordinates": [-47.21909, -19.97061]}, "geometry_name": "geometria", "properties": {"id_foco_bdq": 1814858568, "foco_id": "4375a70e-7ea6-3b9a-9ab0-f2fcfc4cb87a", "longitude": -47.21909, "latitude": -19.97061, "data_hora_gmt": "2026-04-20T17:26:00Z", "data_pas": "2026-04-20", "satelite": "NOAA-21", "municipio": "SACRAMENTO", "estado": "MINAS GERAIS", "pais": "Brasil", "precipitacao": null, "numero_dias_sem_chuva": null, "risco_fogo": null, "bioma": "Cerrado", "id_0": 33, "id_1": 31, "id_2": 3156908, "continente_id": 8, "vegetacao": null, "grade_wrs": "220_074", "frp": 3.7}, "bbox": [-47.21909, -19.97061, -47.21909, -19.97061]}, {"type": "Feature", "id": "focos_48h_br_todosats.fid--211a0569_19dad572493_d77", "geometry": {"type": "Point", "coordinates": [-51.73636, -17.57585]}, "geometry_name": "geometria", "properties": {"id_foco_bdq": 1814859781, "foco_id": "ac7ae0d9-101e-3f70-aa22-04caa5e364ee", "longitude": -51.73636, "latitude": -17.57585, "data_hora_gmt": "2026-04-20T17:26:00Z", "data_pas": "2026-04-20", "satelite": "NOAA-21", "municipio": "JATAÍ", "estado": "GOIÁS", "pais": "Brasil", "precipitacao": null, "numero_dias_sem_chuva": null, "risco_fogo": null, "bioma": "Cerrado", "id_0": 33, "id_1": 52, "id_2": 5211909, "continente_id": 8, "vegetacao": null, "grade_wrs": "223_072", "frp": 10.3}, "bbox": [-51.73636, -17.57585, -51.73636, -17.57585]}, {"type": "Feature", "id": "focos_48h_br_todosats.fid--211a0569_19dad572493_d78", "geometry": {"type": "Point", "coordinates": [-51.17791, -18.12847]}, "geometry_name": "geometria", "properties": {"id_foco_bdq": 1814858557, "foco_id": "6a0b2915-ff21-3e00-9333-73c26c2dfbca", "longitude": -51.17791, "latitude": -18.12847, "data_hora_gmt": "2026-04-20T17:26:00Z", "data_pas": "2026-04-20", "satelite": "NOAA-21", "municipio": "APARECIDA DO RIO DOCE", "estado": "GOIÁS", "pais": "Brasil", "precipitacao": null, "numero_dias_sem_chuva": null, "risco_fogo": null, "bioma": "Cerrado", "id_0": 33, "id_1": 52, "id_2": 5201454, "continente_id": 8, "vegetacao": null, "grade_wrs": "223_073", "frp": 7.3}, "bbox": [-51.17791, -18.12847, -51.17791, -18.12847]}, {"type": "Feature", "id": "focos_48h_br_todosats.fid--211a0569_19dad572493_d79", "geometry": {"type": "Point", "coordinates": [-43.07849, -20.69568]}, "geometry_name": "geometria", "properties": {"id_foco_bdq": 1814858208, "foco_id": "683949f9-701e-3232-a5e3-ea97ad47958b", "longitude": -43.07849, "latitude": -20.69568, "data_hora_gmt": "2026-04-20T17:26:00Z", "data_pas": "2026-04-20", "satelite": "NOAA-21", "municipio": "PORTO FIRME", "estado": "MINAS GERAIS", "pais": "Brasil", "precipitacao": null, "numero_dias_sem_chuva": null, "risco_fogo": null, "bioma": "Mata Atlântica", "id_0": 33, "id_1": 31, "id_2": 3152303, "continente_id": 8, "vegetacao": null, "grade_wrs": "217_074", "frp": 0.8}, "bbox": [-43.07849, -20.69568, -43.07849, -20.69568]}, {"type": "Feature", "id": "focos_48h_br_todosats.fid--211a0569_19dad572493_d7a", "geometry": {"type": "Point", "coordinates": [-46.53008, -15.85528]}, "geometry_name": "geometria", "properties": {"id_foco_bdq": 1814859321, "foco_id": "fbe93330-546a-3172-a8f3-9d58d907160c", "longitude": -46.53008, "latitude": -15.85528, "data_hora_gmt": "2026-04-20T17:26:00Z", "data_pas": "2026-04-20", "satelite": "NOAA-21", "municipio": "UNAÍ", "estado": "MINAS GERAIS", "pais": "Brasil", "precipitacao": null, "numero_dias_sem_chuva": null, "risco_fogo": null, "bioma": "Cerrado", "id_0": 33, "id_1": 31, "id_2": 3170404, "continente_id": 8, "vegetacao": null, "grade_wrs": "220_071", "frp": 4.6}, "bbox": [-46.53008, -15.85528, -46.53008, -15.85528]}, {"type": "Feature", "id": "focos_48h_br_todosats.fid--211a0569_19dad572493_d7b", "geometry": {"type": "Point", "coordinates": [-49.14965, -17.12293]}, "geometry_name": "geometria", "properties": {"id_foco_bdq": 1814858244, "foco_id": "6f3a7198-780d-3c52-9afa-8b01285e8d8d", "longitude": -49.14965, "latitude": -17.12293, "data_hora_gmt": "2026-04-20T17:26:00Z", "data_pas": "2026-04-20", "satelite": "NOAA-21", "municipio": "HIDROLÂNDIA", "estado": "GOIÁS", "pais": "Brasil", "precipitacao": null, "numero_dias_sem_chuva": null, "risco_fogo": null, "bioma": "Cerrado", "id_0": 33, "id_1": 52, "id_2": 5209705, "continente_id": 8, "vegetacao": null, "grade_wrs": "222_072", "frp": 15.3}, "bbox": [-49.14965, -17.12293, -49.14965, -17.12293]}, {"type": "Feature", "id": "focos_48h_br_todosats.fid--211a0569_19dad572493_d7c", "geometry": {"type": "Point", "coordinates": [-47.82177, -23.34986]}, "geometry_name": "geometria", "properties": {"id_foco_bdq": 1814858531, "foco_id": "6692c5e9-d601-3eac-b48f-fb39d3333782", "longitude": -47.82177, "latitude": -23.34986, "data_hora_gmt": "2026-04-20T17:26:00Z", "data_pas": "2026-04-20", "satelite": "NOAA-21", "municipio": "TATUÍ", "estado": "SÃO PAULO", "pais": "Brasil", "precipitacao": null, "numero_dias_sem_chuva": null, "risco_fogo": null, "bioma": "Mata Atlântica", "id_0": 33, "id_1": 35, "id_2": 3554003, "continente_id": 8, "vegetacao": null, "grade_wrs": "220_076", "frp": 5.1}, "bbox": [-47.82177, -23.34986, -47.82177, -23.34986]}, {"type": "Feature", "id": "focos_48h_br_todosats.fid--211a0569_19dad572493_d7d", "geometry": {"type": "Point", "coordinates": [-51.17874, -18.12427]}, "geometry_name": "geometria", "properties": {"id_foco_bdq": 1814858893, "foco_id": "51028439-70ca-36c8-ab47-ee790b1fcefd", "longitude": -51.17874, "latitude": -18.12427, "data_hora_gmt": "2026-04-20T17:26:00Z", "data_pas": "2026-04-20", "satelite": "NOAA-21", "municipio": "JATAÍ", "estado": "GOIÁS", "pais": "Brasil", "precipitacao": null, "numero_dias_sem_chuva": null, "risco_fogo": null, "bioma": "Cerrado", "id_0": 33, "id_1": 52, "id_2": 5211909, "continente_id": 8, "vegetacao": null, "grade_wrs": "223_073", "frp": 7.3}, "bbox": [-51.17874, -18.12427, -51.17874, -18.12427]}, {"type": "Feature", "id": "focos_48h_br_todosats.fid--211a0569_19dad572493_d7e", "geometry": {"type": "Point", "coordinates": [-46.83381, -17.16805]}, "geometry_name": "geometria", "properties": {"id_foco_bdq": 1814858892, "foco_id": "91fab9b4-afdd-37c2-b5c8-9b17ef6e38bf", "longitude": -46.83381, "latitude": -17.16805, "data_hora_gmt": "2026-04-20T17:26:00Z", "data_pas": "2026-04-20", "satelite": "NOAA-21", "municipio": "PARACATU", "estado": "MINAS GERAIS", "pais": "Brasil", "precipitacao": null, "numero_dias_sem_chuva": null, "risco_fogo": null, "bioma": "Cerrado", "id_0": 33, "id_1": 31, "id_2": 3147006, "continente_id": 8, "vegetacao": null, "grade_wrs": "220_072", "frp": 8.5}, "bbox": [-46.83381, -17.16805, -46.83381, -17.16805]}, {"type": "Feature", "id": "focos_48h_br_todosats.fid--211a0569_19dad572493_d7f", "geometry": {"type": "Point", "coordinates": [-47.21552, -20.07903]}, "geometry_name": "geometria", "properties": {"id_foco_bdq": 1814858302, "foco_id": "0ec12d4a-788b-33b1-8233-37c95d6bf828", "longitude": -47.21552, "latitude": -20.07903, "data_hora_gmt": "2026-04-20T17:26:00Z", "data_pas": "2026-04-20", "satelite": "NOAA-21", "municipio": "SACRAMENTO", "estado": "MINAS GERAIS", "pais": "Brasil", "precipitacao": null, "numero_dias_sem_chuva": null, "risco_fogo": null, "bioma": "Cerrado", "id_0": 33, "id_1": 31, "id_2": 3156908, "continente_id": 8, "vegetacao": null, "grade_wrs": "220_074", "frp": 11}, "bbox": [-47.21552, -20.07903, -47.21552, -20.07903]}, {"type": "Feature", "id": "focos_48h_br_todosats.fid--211a0569_19dad572493_d80", "geometry": {"type": "Point", "coordinates": [-45.37733, -21.20502]}, "geometry_name": "geometria", "properties": {"id_foco_bdq": 1814858520, "foco_id": "6dd57dda-abee-3672-a2c7-17e7ddff243f", "longitude": -45.37733, "latitude": -21.20502, "data_hora_gmt": "2026-04-20T17:26:00Z", "data_pas": "2026-04-20", "satelite": "NOAA-21", "municipio": "COQUEIRAL", "estado": "MINAS GERAIS", "pais": "Brasil", "precipitacao": null, "numero_dias_sem_chuva": null, "risco_fogo": null, "bioma": "Mata Atlântica", "id_0": 33, "id_1": 31, "id_2": 3118700, "continente_id": 8, "vegetacao": null, "grade_wrs": "219_075", "frp": 2.1}, "bbox": [-45.37733, -21.20502, -45.37733, -21.20502]}, {"type": "Feature", "id": "focos_48h_br_todosats.fid--211a0569_19dad572493_d81", "geometry": {"type": "Point", "coordinates": [-53.57184, -23.36703]}, "geometry_name": "geometria", "properties": {"id_foco_bdq": 1814858290, "foco_id": "edf31755-27e9-3e0f-8c01-205973668b2b", "longitude": -53.57184, "latitude": -23.36703, "data_hora_gmt": "2026-04-20T17:26:00Z", "data_pas": "2026-04-20", "satelite": "NOAA-21", "municipio": "ICARAÍMA", "estado": "PARANÁ", "pais": "Brasil", "precipitacao": null, "numero_dias_sem_chuva": null, "risco_fogo": null, "bioma": "Mata Atlântica", "id_0": 33, "id_1": 41, "id_2": 4109906, "continente_id": 8, "vegetacao": null, "grade_wrs": "224_076", "frp": 3.6}, "bbox": [-53.57184, -23.36703, -53.57184, -23.36703]}, {"type": "Feature", "id": "focos_48h_br_todosats.fid--211a0569_19dad572493_d82", "geometry": {"type": "Point", "coordinates": [-47.2188, -20.07972]}, "geometry_name": "geometria", "properties": {"id_foco_bdq": 1814858830, "foco_id": "66e34fcd-5319-3a22-bdee-70ac43c843cc", "longitude": -47.2188, "latitude": -20.07972, "data_hora_gmt": "2026-04-20T17:26:00Z", "data_pas": "2026-04-20", "satelite": "NOAA-21", "municipio": "SACRAMENTO", "estado": "MINAS GERAIS", "pais": "Brasil", "precipitacao": null, "numero_dias_sem_chuva": null, "risco_fogo": null, "bioma": "Cerrado", "id_0": 33, "id_1": 31, "id_2": 3156908, "continente_id": 8, "vegetacao": null, "grade_wrs": "220_074", "frp": 11}, "bbox": [-47.2188, -20.07972, -47.2188, -20.07972]}, {"type": "Feature", "id": "focos_48h_br_todosats.fid--211a0569_19dad572493_d83", "geometry": {"type": "Point", "coordinates": [-53.78451, -17.34108]}, "geometry_name": "geometria", "properties": {"id_foco_bdq": 1814859740, "foco_id": "cde1c20b-48fc-3f5f-b9f6-9ce31ba61504", "longitude": -53.78451, "latitude": -17.34108, "data_hora_gmt": "2026-04-20T17:26:00Z", "data_pas": "2026-04-20", "satelite": "NOAA-21", "municipio": "SONORA", "estado": "MATO GROSSO DO SUL", "pais": "Brasil", "precipitacao": null, "numero_dias_sem_chuva": null, "risco_fogo": null, "bioma": "Cerrado", "id_0": 33, "id_1": 50, "id_2": 5007935, "continente_id": 8, "vegetacao": null, "grade_wrs": "225_072", "frp": 6}, "bbox": [-53.78451, -17.34108, -53.78451, -17.34108]}, {"type": "Feature", "id": "focos_48h_br_todosats.fid--211a0569_19dad572493_d84", "geometry": {"type": "Point", "coordinates": [-46.5316, -15.84945]}, "geometry_name": "geometria", "properties": {"id_foco_bdq": 1814859665, "foco_id": "1f77e26b-61f9-3dc0-8a54-cc7d5e165e9a", "longitude": -46.5316, "latitude": -15.84945, "data_hora_gmt": "2026-04-20T17:26:00Z", "data_pas": "2026-04-20", "satelite": "NOAA-21", "municipio": "UNAÍ", "estado": "MINAS GERAIS", "pais": "Brasil", "precipitacao": null, "numero_dias_sem_chuva": null, "risco_fogo": null, "bioma": "Cerrado", "id_0": 33, "id_1": 31, "id_2": 3170404, "continente_id": 8, "vegetacao": null, "grade_wrs": "220_071", "frp": 6.1}, "bbox": [-46.5316, -15.84945, -46.5316, -15.84945]}, {"type": "Feature", "id": "focos_48h_br_todosats.fid--211a0569_19dad572493_d85", "geometry": {"type": "Point", "coordinates": [-49.59851, -20.03616]}, "geometry_name": "geometria", "properties": {"id_foco_bdq": 1814859809, "foco_id": "8e84aa46-60fc-314d-94f2-91e70bc821b3", "longitude": -49.59851, "latitude": -20.03616, "data_hora_gmt": "2026-04-20T17:26:00Z", "data_pas": "2026-04-20", "satelite": "NOAA-21", "municipio": "RIOLÂNDIA", "estado": "SÃO PAULO", "pais": "Brasil", "precipitacao": null, "numero_dias_sem_chuva": null, "risco_fogo": null, "bioma": "Mata Atlântica", "id_0": 33, "id_1": 35, "id_2": 3544202, "continente_id": 8, "vegetacao": null, "grade_wrs": "221_074", "frp": 6.8}, "bbox": [-49.59851, -20.03616, -49.59851, -20.03616]}, {"type": "Feature", "id": "focos_48h_br_todosats.fid--211a0569_19dad572493_d86", "geometry": {"type": "Point", "coordinates": [-42.85908, -18.32339]}, "geometry_name": "geometria", "properties": {"id_foco_bdq": 1814859807, "foco_id": "6bc0893f-c6fa-3e63-b2f3-f30f305a420e", "longitude": -42.85908, "latitude": -18.32339, "data_hora_gmt": "2026-04-20T17:26:00Z", "data_pas": "2026-04-20", "satelite": "NOAA-21", "municipio": "COLUNA", "estado": "MINAS GERAIS", "pais": "Brasil", "precipitacao": null, "numero_dias_sem_chuva": null, "risco_fogo": null, "bioma": "Mata Atlântica", "id_0": 33, "id_1": 31, "id_2": 3116803, "continente_id": 8, "vegetacao": null, "grade_wrs": "217_073", "frp": 15.5}, "bbox": [-42.85908, -18.32339, -42.85908, -18.32339]}, {"type": "Feature", "id": "focos_48h_br_todosats.fid--211a0569_19dad572493_d87", "geometry": {"type": "Point", "coordinates": [-47.74862, -19.44698]}, "geometry_name": "geometria", "properties": {"id_foco_bdq": 1814858283, "foco_id": "b3596a17-8fdb-3bc3-a3bc-cf76c2ea5eb4", "longitude": -47.74862, "latitude": -19.44698, "data_hora_gmt": "2026-04-20T17:26:00Z", "data_pas": "2026-04-20", "satelite": "NOAA-21", "municipio": "NOVA PONTE", "estado": "MINAS GERAIS", "pais": "Brasil", "precipitacao": null, "numero_dias_sem_chuva": null, "risco_fogo": null, "bioma": "Cerrado", "id_0": 33, "id_1": 31, "id_2": 3145000, "continente_id": 8, "vegetacao": null, "grade_wrs": "220_074", "frp": 3.9}, "bbox": [-47.74862, -19.44698, -47.74862, -19.44698]}, {"type": "Feature", "id": "focos_48h_br_todosats.fid--211a0569_19dad572493_d88", "geometry": {"type": "Point", "coordinates": [-49.59997, -20.03849]}, "geometry_name": "geometria", "properties": {"id_foco_bdq": 1814859654, "foco_id": "cab07d0d-6d17-3fd2-92d1-0878bb94c399", "longitude": -49.59997, "latitude": -20.03849, "data_hora_gmt": "2026-04-20T17:26:00Z", "data_pas": "2026-04-20", "satelite": "NOAA-21", "municipio": "RIOLÂNDIA", "estado": "SÃO PAULO", "pais": "Brasil", "precipitacao": null, "numero_dias_sem_chuva": null, "risco_fogo": null, "bioma": "Mata Atlântica", "id_0": 33, "id_1": 35, "id_2": 3544202, "continente_id": 8, "vegetacao": null, "grade_wrs": "221_074", "frp": 7.1}, "bbox": [-49.59997, -20.03849, -49.59997, -20.03849]}, {"type": "Feature", "id": "focos_48h_br_todosats.fid--211a0569_19dad572493_d89", "geometry": {"type": "Point", "coordinates": [-48.48764, -23.54457]}, "geometry_name": "geometria", "properties": {"id_foco_bdq": 1814859782, "foco_id": "8d364b3e-6c7a-3432-907a-fa736b54eec1", "longitude": -48.48764, "latitude": -23.54457, "data_hora_gmt": "2026-04-20T17:26:00Z", "data_pas": "2026-04-20", "satelite": "NOAA-21", "municipio": "CAMPINA DO MONTE ALEGRE", "estado": "SÃO PAULO", "pais": "Brasil", "precipitacao": null, "numero_dias_sem_chuva": null, "risco_fogo": null, "bioma": "Mata Atlântica", "id_0": 33, "id_1": 35, "id_2": 3509452, "continente_id": 8, "vegetacao": null, "grade_wrs": "220_076", "frp": 2.1}, "bbox": [-48.48764, -23.54457, -48.48764, -23.54457]}, {"type": "Feature", "id": "focos_48h_br_todosats.fid--211a0569_19dad572493_d8a", "geometry": {"type": "Point", "coordinates": [-45.32002, -17.81732]}, "geometry_name": "geometria", "properties": {"id_foco_bdq": 1814858277, "foco_id": "75446a72-9895-3c24-b88d-ce71a16c79c9", "longitude": -45.32002, "latitude": -17.81732, "data_hora_gmt": "2026-04-20T17:26:00Z", "data_pas": "2026-04-20", "satelite": "NOAA-21", "municipio": "BURITIZEIRO", "estado": "MINAS GERAIS", "pais": "Brasil", "precipitacao": null, "numero_dias_sem_chuva": null, "risco_fogo": null, "bioma": "Cerrado", "id_0": 33, "id_1": 31, "id_2": 3109402, "continente_id": 8, "vegetacao": null, "grade_wrs": "219_072", "frp": 9.8}, "bbox": [-45.32002, -17.81732, -45.32002, -17.81732]}, {"type": "Feature", "id": "focos_48h_br_todosats.fid--211a0569_19dad572493_d8b", "geometry": {"type": "Point", "coordinates": [-52.98927, -22.9921]}, "geometry_name": "geometria", "properties": {"id_foco_bdq": 1814858272, "foco_id": "592a6800-1619-3276-94c5-3021ea8bae4a", "longitude": -52.98927, "latitude": -22.9921, "data_hora_gmt": "2026-04-20T17:26:00Z", "data_pas": "2026-04-20", "satelite": "NOAA-21", "municipio": "LOANDA", "estado": "PARANÁ", "pais": "Brasil", "precipitacao": null, "numero_dias_sem_chuva": null, "risco_fogo": null, "bioma": "Mata Atlântica", "id_0": 33, "id_1": 41, "id_2": 4113502, "continente_id": 8, "vegetacao": null, "grade_wrs": "223_076", "frp": 3}, "bbox": [-52.98927, -22.9921, -52.98927, -22.9921]}, {"type": "Feature", "id": "focos_48h_br_todosats.fid--211a0569_19dad572493_d8c", "geometry": {"type": "Point", "coordinates": [-49.59757, -20.04064]}, "geometry_name": "geometria", "properties": {"id_foco_bdq": 1814859628, "foco_id": "55d3b23f-58f4-36da-b052-ed113229874b", "longitude": -49.59757, "latitude": -20.04064, "data_hora_gmt": "2026-04-20T17:26:00Z", "data_pas": "2026-04-20", "satelite": "NOAA-21", "municipio": "RIOLÂNDIA", "estado": "SÃO PAULO", "pais": "Brasil", "precipitacao": null, "numero_dias_sem_chuva": null, "risco_fogo": null, "bioma": "Mata Atlântica", "id_0": 33, "id_1": 35, "id_2": 3544202, "continente_id": 8, "vegetacao": null, "grade_wrs": "221_074", "frp": 6.8}, "bbox": [-49.59757, -20.04064, -49.59757, -20.04064]}, {"type": "Feature", "id": "focos_48h_br_todosats.fid--211a0569_19dad572493_d8d", "geometry": {"type": "Point", "coordinates": [-47.87264, -20.56313]}, "geometry_name": "geometria", "properties": {"id_foco_bdq": 1814858417, "foco_id": "508d1ecd-2c81-37d3-ad5e-9c160bb302e7", "longitude": -47.87264, "latitude": -20.56313, "data_hora_gmt": "2026-04-20T17:26:00Z", "data_pas": "2026-04-20", "satelite": "NOAA-21", "municipio": "SÃO JOAQUIM DA BARRA", "estado": "SÃO PAULO", "pais": "Brasil", "precipitacao": null, "numero_dias_sem_chuva": null, "risco_fogo": null, "bioma": "Cerrado", "id_0": 33, "id_1": 35, "id_2": 3549409, "continente_id": 8, "vegetacao": null, "grade_wrs": "220_074", "frp": 1.7}, "bbox": [-47.87264, -20.56313, -47.87264, -20.56313]}, {"type": "Feature", "id": "focos_48h_br_todosats.fid--211a0569_19dad572493_d8e", "geometry": {"type": "Point", "coordinates": [-51.74013, -17.57653]}, "geometry_name": "geometria", "properties": {"id_foco_bdq": 1814858409, "foco_id": "ebf5540d-cf43-323a-ad1a-8e1be01fc449", "longitude": -51.74013, "latitude": -17.57653, "data_hora_gmt": "2026-04-20T17:26:00Z", "data_pas": "2026-04-20", "satelite": "NOAA-21", "municipio": "JATAÍ", "estado": "GOIÁS", "pais": "Brasil", "precipitacao": null, "numero_dias_sem_chuva": null, "risco_fogo": null, "bioma": "Cerrado", "id_0": 33, "id_1": 52, "id_2": 5211909, "continente_id": 8, "vegetacao": null, "grade_wrs": "223_072", "frp": 10.3}, "bbox": [-51.74013, -17.57653, -51.74013, -17.57653]}, {"type": "Feature", "id": "focos_48h_br_todosats.fid--211a0569_19dad572493_d8f", "geometry": {"type": "Point", "coordinates": [-45.13329, -18.6328]}, "geometry_name": "geometria", "properties": {"id_foco_bdq": 1814859110, "foco_id": "291ac52c-79c1-33a4-a90e-312450be38d4", "longitude": -45.13329, "latitude": -18.6328, "data_hora_gmt": "2026-04-20T17:26:00Z", "data_pas": "2026-04-20", "satelite": "NOAA-21", "municipio": "FELIXLÂNDIA", "estado": "MINAS GERAIS", "pais": "Brasil", "precipitacao": null, "numero_dias_sem_chuva": null, "risco_fogo": null, "bioma": "Cerrado", "id_0": 33, "id_1": 31, "id_2": 3125705, "continente_id": 8, "vegetacao": null, "grade_wrs": "219_073", "frp": 6.1}, "bbox": [-45.13329, -18.6328, -45.13329, -18.6328]}, {"type": "Feature", "id": "focos_48h_br_todosats.fid--211a0569_19dad572493_d90", "geometry": {"type": "Point", "coordinates": [-42.85365, -18.31481]}, "geometry_name": "geometria", "properties": {"id_foco_bdq": 1814859092, "foco_id": "49db613b-13b4-3490-86d4-99c735a6c900", "longitude": -42.85365, "latitude": -18.31481, "data_hora_gmt": "2026-04-20T17:26:00Z", "data_pas": "2026-04-20", "satelite": "NOAA-21", "municipio": "COLUNA", "estado": "MINAS GERAIS", "pais": "Brasil", "precipitacao": null, "numero_dias_sem_chuva": null, "risco_fogo": null, "bioma": "Mata Atlântica", "id_0": 33, "id_1": 31, "id_2": 3116803, "continente_id": 8, "vegetacao": null, "grade_wrs": "217_073", "frp": 16.5}, "bbox": [-42.85365, -18.31481, -42.85365, -18.31481]}, {"type": "Feature", "id": "focos_48h_br_todosats.fid--211a0569_19dad572493_d91", "geometry": {"type": "Point", "coordinates": [-49.14695, -17.1198]}, "geometry_name": "geometria", "properties": {"id_foco_bdq": 1814858722, "foco_id": "543c201e-2f8d-3fb4-ac31-8829b409931b", "longitude": -49.14695, "latitude": -17.1198, "data_hora_gmt": "2026-04-20T17:26:00Z", "data_pas": "2026-04-20", "satelite": "NOAA-21", "municipio": "HIDROLÂNDIA", "estado": "GOIÁS", "pais": "Brasil", "precipitacao": null, "numero_dias_sem_chuva": null, "risco_fogo": null, "bioma": "Cerrado", "id_0": 33, "id_1": 52, "id_2": 5209705, "continente_id": 8, "vegetacao": null, "grade_wrs": "222_072", "frp": 8.4}, "bbox": [-49.14695, -17.1198, -49.14695, -17.1198]}, {"type": "Feature", "id": "focos_48h_br_todosats.fid--211a0569_19dad572493_d92", "geometry": {"type": "Point", "coordinates": [-44.81608, -17.7133]}, "geometry_name": "geometria", "properties": {"id_foco_bdq": 1814859538, "foco_id": "ad4ffe2e-d50c-3803-86f8-4ea9f69cc424", "longitude": -44.81608, "latitude": -17.7133, "data_hora_gmt": "2026-04-20T17:26:00Z", "data_pas": "2026-04-20", "satelite": "NOAA-21", "municipio": "VÁRZEA DA PALMA", "estado": "MINAS GERAIS", "pais": "Brasil", "precipitacao": null, "numero_dias_sem_chuva": null, "risco_fogo": null, "bioma": "Cerrado", "id_0": 33, "id_1": 31, "id_2": 3170800, "continente_id": 8, "vegetacao": null, "grade_wrs": "219_072", "frp": 9}, "bbox": [-44.81608, -17.7133, -44.81608, -17.7133]}, {"type": "Feature", "id": "focos_48h_br_todosats.fid--211a0569_19dad572493_d93", "geometry": {"type": "Point", "coordinates": [-44.66098, -17.67448]}, "geometry_name": "geometria", "properties": {"id_foco_bdq": 1814858176, "foco_id": "2f0f7391-fbfe-32ed-aca8-2fc2a37dfe05", "longitude": -44.66098, "latitude": -17.67448, "data_hora_gmt": "2026-04-20T17:26:00Z", "data_pas": "2026-04-20", "satelite": "NOAA-21", "municipio": "VÁRZEA DA PALMA", "estado": "MINAS GERAIS", "pais": "Brasil", "precipitacao": null, "numero_dias_sem_chuva": null, "risco_fogo": null, "bioma": "Cerrado", "id_0": 33, "id_1": 31, "id_2": 3170800, "continente_id": 8, "vegetacao": null, "grade_wrs": "219_072", "frp": 0.7}, "bbox": [-44.66098, -17.67448, -44.66098, -17.67448]}, {"type": "Feature", "id": "focos_48h_br_todosats.fid--211a0569_19dad572493_d94", "geometry": {"type": "Point", "coordinates": [-51.41592, -22.22798]}, "geometry_name": "geometria", "properties": {"id_foco_bdq": 1814859527, "foco_id": "d2ff7f85-4091-35c4-9dbb-deb58a2fd733", "longitude": -51.41592, "latitude": -22.22798, "data_hora_gmt": "2026-04-20T17:26:00Z", "data_pas": "2026-04-20", "satelite": "NOAA-21", "municipio": "ANHUMAS", "estado": "SÃO PAULO", "pais": "Brasil", "precipitacao": null, "numero_dias_sem_chuva": null, "risco_fogo": null, "bioma": "Mata Atlântica", "id_0": 33, "id_1": 35, "id_2": 3502408, "continente_id": 8, "vegetacao": null, "grade_wrs": "222_075", "frp": 2.7}, "bbox": [-51.41592, -22.22798, -51.41592, -22.22798]}, {"type": "Feature", "id": "focos_48h_br_todosats.fid--211a0569_19dad572493_d95", "geometry": {"type": "Point", "coordinates": [-46.41284, -21.55748]}, "geometry_name": "geometria", "properties": {"id_foco_bdq": 1814858081, "foco_id": "5d45a340-23a8-38ff-b7cc-718c2a997971", "longitude": -46.41284, "latitude": -21.55748, "data_hora_gmt": "2026-04-20T17:26:00Z", "data_pas": "2026-04-20", "satelite": "NOAA-21", "municipio": "CABO VERDE", "estado": "MINAS GERAIS", "pais": "Brasil", "precipitacao": null, "numero_dias_sem_chuva": null, "risco_fogo": null, "bioma": "Mata Atlântica", "id_0": 33, "id_1": 31, "id_2": 3109501, "continente_id": 8, "vegetacao": null, "grade_wrs": "219_075", "frp": 6.4}, "bbox": [-46.41284, -21.55748, -46.41284, -21.55748]}, {"type": "Feature", "id": "focos_48h_br_todosats.fid--211a0569_19dad572493_d96", "geometry": {"type": "Point", "coordinates": [-49.19708, -16.90159]}, "geometry_name": "geometria", "properties": {"id_foco_bdq": 1814859504, "foco_id": "2462b404-335d-35ae-baaf-f5d4aa6409a5", "longitude": -49.19708, "latitude": -16.90159, "data_hora_gmt": "2026-04-20T17:26:00Z", "data_pas": "2026-04-20", "satelite": "NOAA-21", "municipio": "HIDROLÂNDIA", "estado": "GOIÁS", "pais": "Brasil", "precipitacao": null, "numero_dias_sem_chuva": null, "risco_fogo": null, "bioma": "Cerrado", "id_0": 33, "id_1": 52, "id_2": 5209705, "continente_id": 8, "vegetacao": null, "grade_wrs": "222_072", "frp": 5.8}, "bbox": [-49.19708, -16.90159, -49.19708, -16.90159]}, {"type": "Feature", "id": "focos_48h_br_todosats.fid--211a0569_19dad572493_d97", "geometry": {"type": "Point", "coordinates": [-48.22665, -22.04494]}, "geometry_name": "geometria", "properties": {"id_foco_bdq": 1814859045, "foco_id": "0f20798c-316a-3c9f-af83-5c4266221bce", "longitude": -48.22665, "latitude": -22.04494, "data_hora_gmt": "2026-04-20T17:26:00Z", "data_pas": "2026-04-20", "satelite": "NOAA-21", "municipio": "RIBEIRÃO BONITO", "estado": "SÃO PAULO", "pais": "Brasil", "precipitacao": null, "numero_dias_sem_chuva": null, "risco_fogo": null, "bioma": "Cerrado", "id_0": 33, "id_1": 35, "id_2": 3542909, "continente_id": 8, "vegetacao": null, "grade_wrs": "220_075", "frp": 9.5}, "bbox": [-48.22665, -22.04494, -48.22665, -22.04494]}, {"type": "Feature", "id": "focos_48h_br_todosats.fid--211a0569_19dad572493_d98", "geometry": {"type": "Point", "coordinates": [-56.3613, -20.91947]}, "geometry_name": "geometria", "properties": {"id_foco_bdq": 1814858403, "foco_id": "f9110057-b250-38b6-98d2-2e759e1306fb", "longitude": -56.3613, "latitude": -20.91947, "data_hora_gmt": "2026-04-20T17:26:00Z", "data_pas": "2026-04-20", "satelite": "NOAA-21", "municipio": "BONITO", "estado": "MATO GROSSO DO SUL", "pais": "Brasil", "precipitacao": null, "numero_dias_sem_chuva": null, "risco_fogo": null, "bioma": "Cerrado", "id_0": 33, "id_1": 50, "id_2": 5002209, "continente_id": 8, "vegetacao": null, "grade_wrs": "226_074", "frp": 7.4}, "bbox": [-56.3613, -20.91947, -56.3613, -20.91947]}, {"type": "Feature", "id": "focos_48h_br_todosats.fid--211a0569_19dad572493_d99", "geometry": {"type": "Point", "coordinates": [-52.69555, -22.96682]}, "geometry_name": "geometria", "properties": {"id_foco_bdq": 1814857997, "foco_id": "c6b6ec15-7c09-38ee-bd38-16c92eda7681", "longitude": -52.69555, "latitude": -22.96682, "data_hora_gmt": "2026-04-20T17:26:00Z", "data_pas": "2026-04-20", "satelite": "NOAA-21", "municipio": "GUAIRAÇÁ", "estado": "PARANÁ", "pais": "Brasil", "precipitacao": null, "numero_dias_sem_chuva": null, "risco_fogo": null, "bioma": "Mata Atlântica", "id_0": 33, "id_1": 41, "id_2": 4108908, "continente_id": 8, "vegetacao": null, "grade_wrs": "223_076", "frp": 4}, "bbox": [-52.69555, -22.96682, -52.69555, -22.96682]}, {"type": "Feature", "id": "focos_48h_br_todosats.fid--211a0569_19dad572493_d9a", "geometry": {"type": "Point", "coordinates": [-46.3491, -23.39716]}, "geometry_name": "geometria", "properties": {"id_foco_bdq": 1814859469, "foco_id": "41e85dbb-ceb8-3bec-91d5-e327b402edc3", "longitude": -46.3491, "latitude": -23.39716, "data_hora_gmt": "2026-04-20T17:26:00Z", "data_pas": "2026-04-20", "satelite": "NOAA-21", "municipio": "ARUJÁ", "estado": "SÃO PAULO", "pais": "Brasil", "precipitacao": null, "numero_dias_sem_chuva": null, "risco_fogo": null, "bioma": "Mata Atlântica", "id_0": 33, "id_1": 35, "id_2": 3503901, "continente_id": 8, "vegetacao": null, "grade_wrs": "219_076", "frp": 4}, "bbox": [-46.3491, -23.39716, -46.3491, -23.39716]}, {"type": "Feature", "id": "focos_48h_br_todosats.fid--211a0569_19dad572493_d9b", "geometry": {"type": "Point", "coordinates": [-49.345, -20.96523]}, "geometry_name": "geometria", "properties": {"id_foco_bdq": 1814859465, "foco_id": "e5672393-abce-345e-af56-72710c1e92df", "longitude": -49.345, "latitude": -20.96523, "data_hora_gmt": "2026-04-20T17:26:00Z", "data_pas": "2026-04-20", "satelite": "NOAA-21", "municipio": "CEDRAL", "estado": "SÃO PAULO", "pais": "Brasil", "precipitacao": null, "numero_dias_sem_chuva": null, "risco_fogo": null, "bioma": "Mata Atlântica", "id_0": 33, "id_1": 35, "id_2": 3511300, "continente_id": 8, "vegetacao": null, "grade_wrs": "221_075", "frp": 21.3}, "bbox": [-49.345, -20.96523, -49.345, -20.96523]}, {"type": "Feature", "id": "focos_48h_br_todosats.fid--211a0569_19dad572493_d9c", "geometry": {"type": "Point", "coordinates": [-53.77933, -17.34396]}, "geometry_name": "geometria", "properties": {"id_foco_bdq": 1814858372, "foco_id": "d854eeeb-1760-3fc2-94a7-89f4f04c7561", "longitude": -53.77933, "latitude": -17.34396, "data_hora_gmt": "2026-04-20T17:26:00Z", "data_pas": "2026-04-20", "satelite": "NOAA-21", "municipio": "SONORA", "estado": "MATO GROSSO DO SUL", "pais": "Brasil", "precipitacao": null, "numero_dias_sem_chuva": null, "risco_fogo": null, "bioma": "Cerrado", "id_0": 33, "id_1": 50, "id_2": 5007935, "continente_id": 8, "vegetacao": null, "grade_wrs": "225_072", "frp": 9.5}, "bbox": [-53.77933, -17.34396, -53.77933, -17.34396]}, {"type": "Feature", "id": "focos_48h_br_todosats.fid--211a0569_19dad572493_d9d", "geometry": {"type": "Point", "coordinates": [-48.48951, -23.54803]}, "geometry_name": "geometria", "properties": {"id_foco_bdq": 1814858647, "foco_id": "bcde21d4-e1f5-3886-8452-652589bdd397", "longitude": -48.48951, "latitude": -23.54803, "data_hora_gmt": "2026-04-20T17:26:00Z", "data_pas": "2026-04-20", "satelite": "NOAA-21", "municipio": "CAMPINA DO MONTE ALEGRE", "estado": "SÃO PAULO", "pais": "Brasil", "precipitacao": null, "numero_dias_sem_chuva": null, "risco_fogo": null, "bioma": "Mata Atlântica", "id_0": 33, "id_1": 35, "id_2": 3509452, "continente_id": 8, "vegetacao": null, "grade_wrs": "220_076", "frp": 3}, "bbox": [-48.48951, -23.54803, -48.48951, -23.54803]}, {"type": "Feature", "id": "focos_48h_br_todosats.fid--211a0569_19dad572493_d9e", "geometry": {"type": "Point", "coordinates": [-47.63321, -13.55713]}, "geometry_name": "geometria", "properties": {"id_foco_bdq": 1814859699, "foco_id": "c7d91649-f28c-35de-a1e3-ce256b70d278", "longitude": -47.63321, "latitude": -13.55713, "data_hora_gmt": "2026-04-20T17:28:00Z", "data_pas": "2026-04-20", "satelite": "NOAA-21", "municipio": "CAVALCANTE", "estado": "GOIÁS", "pais": "Brasil", "precipitacao": null, "numero_dias_sem_chuva": null, "risco_fogo": null, "bioma": "Cerrado", "id_0": 33, "id_1": 52, "id_2": 5205307, "continente_id": 8, "vegetacao": null, "grade_wrs": "221_069", "frp": 9.2}, "bbox": [-47.63321, -13.55713, -47.63321, -13.55713]}, {"type": "Feature", "id": "focos_48h_br_todosats.fid--211a0569_19dad572493_d9f", "geometry": {"type": "Point", "coordinates": [-56.62876, -13.99418]}, "geometry_name": "geometria", "properties": {"id_foco_bdq": 1814859301, "foco_id": "1851265f-9601-3dfb-81b3-8ea69e59f746", "longitude": -56.62876, "latitude": -13.99418, "data_hora_gmt": "2026-04-20T17:28:00Z", "data_pas": "2026-04-20", "satelite": "NOAA-21", "municipio": "DIAMANTINO", "estado": "MATO GROSSO", "pais": "Brasil", "precipitacao": null, "numero_dias_sem_chuva": null, "risco_fogo": null, "bioma": "Cerrado", "id_0": 33, "id_1": 51, "id_2": 5103502, "continente_id": 8, "vegetacao": null, "grade_wrs": "227_070", "frp": 6.3}, "bbox": [-56.62876, -13.99418, -56.62876, -13.99418]}, {"type": "Feature", "id": "focos_48h_br_todosats.fid--211a0569_19dad572493_da0", "geometry": {"type": "Point", "coordinates": [-45.34593, -13.95229]}, "geometry_name": "geometria", "properties": {"id_foco_bdq": 1814859838, "foco_id": "7d27978e-b3b6-3a07-80e5-aa24697038a8", "longitude": -45.34593, "latitude": -13.95229, "data_hora_gmt": "2026-04-20T17:28:00Z", "data_pas": "2026-04-20", "satelite": "NOAA-21", "municipio": "JABORANDI", "estado": "BAHIA", "pais": "Brasil", "precipitacao": null, "numero_dias_sem_chuva": null, "risco_fogo": null, "bioma": "Cerrado", "id_0": 33, "id_1": 29, "id_2": 2917359, "continente_id": 8, "vegetacao": null, "grade_wrs": "220_070", "frp": 6.2}, "bbox": [-45.34593, -13.95229, -45.34593, -13.95229]}, {"type": "Feature", "id": "focos_48h_br_todosats.fid--211a0569_19dad572493_da1", "geometry": {"type": "Point", "coordinates": [-56.57995, -13.60286]}, "geometry_name": "geometria", "properties": {"id_foco_bdq": 1814858731, "foco_id": "0060f613-513a-35dc-8f4d-447b8f7b6df0", "longitude": -56.57995, "latitude": -13.60286, "data_hora_gmt": "2026-04-20T17:28:00Z", "data_pas": "2026-04-20", "satelite": "NOAA-21", "municipio": "SÃO JOSÉ DO RIO CLARO", "estado": "MATO GROSSO", "pais": "Brasil", "precipitacao": null, "numero_dias_sem_chuva": null, "risco_fogo": null, "bioma": "Cerrado", "id_0": 33, "id_1": 51, "id_2": 5107305, "continente_id": 8, "vegetacao": null, "grade_wrs": "227_069", "frp": 13.7}, "bbox": [-56.57995, -13.60286, -56.57995, -13.60286]}, {"type": "Feature", "id": "focos_48h_br_todosats.fid--211a0569_19dad572493_da2", "geometry": {"type": "Point", "coordinates": [-58.69062, -10.54016]}, "geometry_name": "geometria", "properties": {"id_foco_bdq": 1814858510, "foco_id": "82befd79-a5b6-3380-9ab2-1e4c4367e1db", "longitude": -58.69062, "latitude": -10.54016, "data_hora_gmt": "2026-04-20T17:28:00Z", "data_pas": "2026-04-20", "satelite": "NOAA-21", "municipio": "JURUENA", "estado": "MATO GROSSO", "pais": "Brasil", "precipitacao": null, "numero_dias_sem_chuva": null, "risco_fogo": null, "bioma": "Amazônia", "id_0": 33, "id_1": 51, "id_2": 5105176, "continente_id": 8, "vegetacao": null, "grade_wrs": "229_067", "frp": 0.8}, "bbox": [-58.69062, -10.54016, -58.69062, -10.54016]}, {"type": "Feature", "id": "focos_48h_br_todosats.fid--211a0569_19dad572493_da3", "geometry": {"type": "Point", "coordinates": [-56.96233, -11.8021]}, "geometry_name": "geometria", "properties": {"id_foco_bdq": 1814858285, "foco_id": "ebaa1de2-3880-32a6-ad52-29b655d20f7d", "longitude": -56.96233, "latitude": -11.8021, "data_hora_gmt": "2026-04-20T17:28:00Z", "data_pas": "2026-04-20", "satelite": "NOAA-21", "municipio": "PORTO DOS GAÚCHOS", "estado": "MATO GROSSO", "pais": "Brasil", "precipitacao": null, "numero_dias_sem_chuva": null, "risco_fogo": null, "bioma": "Amazônia", "id_0": 33, "id_1": 51, "id_2": 5106802, "continente_id": 8, "vegetacao": null, "grade_wrs": "227_068", "frp": 7.9}, "bbox": [-56.96233, -11.8021, -56.96233, -11.8021]}, {"type": "Feature", "id": "focos_48h_br_todosats.fid--211a0569_19dad572493_da4", "geometry": {"type": "Point", "coordinates": [-56.96288, -11.79871]}, "geometry_name": "geometria", "properties": {"id_foco_bdq": 1814859009, "foco_id": "9412221f-026f-332e-b549-76e612caf228", "longitude": -56.96288, "latitude": -11.79871, "data_hora_gmt": "2026-04-20T17:28:00Z", "data_pas": "2026-04-20", "satelite": "NOAA-21", "municipio": "PORTO DOS GAÚCHOS", "estado": "MATO GROSSO", "pais": "Brasil", "precipitacao": null, "numero_dias_sem_chuva": null, "risco_fogo": null, "bioma": "Amazônia", "id_0": 33, "id_1": 51, "id_2": 5106802, "continente_id": 8, "vegetacao": null, "grade_wrs": "227_068", "frp": 7.9}, "bbox": [-56.96288, -11.79871, -56.96288, -11.79871]}, {"type": "Feature", "id": "focos_48h_br_todosats.fid--211a0569_19dad572493_da5", "geometry": {"type": "Point", "coordinates": [-47.63125, -13.55782]}, "geometry_name": "geometria", "properties": {"id_foco_bdq": 1814858527, "foco_id": "9faaf067-3886-36d2-bb3c-8290276435be", "longitude": -47.63125, "latitude": -13.55782, "data_hora_gmt": "2026-04-20T17:28:00Z", "data_pas": "2026-04-20", "satelite": "NOAA-21", "municipio": "CAVALCANTE", "estado": "GOIÁS", "pais": "Brasil", "precipitacao": null, "numero_dias_sem_chuva": null, "risco_fogo": null, "bioma": "Cerrado", "id_0": 33, "id_1": 52, "id_2": 5205307, "continente_id": 8, "vegetacao": null, "grade_wrs": "221_069", "frp": 12.8}, "bbox": [-47.63125, -13.55782, -47.63125, -13.55782]}, {"type": "Feature", "id": "focos_48h_br_todosats.fid--211a0569_19dad572493_da6", "geometry": {"type": "Point", "coordinates": [-47.62909, -13.55632]}, "geometry_name": "geometria", "properties": {"id_foco_bdq": 1814859789, "foco_id": "4010a7a7-38f9-331b-bfec-7f357be9cf3a", "longitude": -47.62909, "latitude": -13.55632, "data_hora_gmt": "2026-04-20T17:28:00Z", "data_pas": "2026-04-20", "satelite": "NOAA-21", "municipio": "CAVALCANTE", "estado": "GOIÁS", "pais": "Brasil", "precipitacao": null, "numero_dias_sem_chuva": null, "risco_fogo": null, "bioma": "Cerrado", "id_0": 33, "id_1": 52, "id_2": 5205307, "continente_id": 8, "vegetacao": null, "grade_wrs": "221_069", "frp": 9.2}, "bbox": [-47.62909, -13.55632, -47.62909, -13.55632]}, {"type": "Feature", "id": "focos_48h_br_todosats.fid--211a0569_19dad572493_da7", "geometry": {"type": "Point", "coordinates": [-48.85154, -8.98623]}, "geometry_name": "geometria", "properties": {"id_foco_bdq": 1814858617, "foco_id": "e0835fef-df27-30f9-acd8-4e79ee65aab7", "longitude": -48.85154, "latitude": -8.98623, "data_hora_gmt": "2026-04-20T17:28:00Z", "data_pas": "2026-04-20", "satelite": "NOAA-21", "municipio": "GOIANORTE", "estado": "TOCANTINS", "pais": "Brasil", "precipitacao": null, "numero_dias_sem_chuva": null, "risco_fogo": null, "bioma": "Cerrado", "id_0": 33, "id_1": 17, "id_2": 1708304, "continente_id": 8, "vegetacao": null, "grade_wrs": "223_066", "frp": 0.7}, "bbox": [-48.85154, -8.98623, -48.85154, -8.98623]}, {"type": "Feature", "id": "focos_48h_br_todosats.fid--211a0569_19dad572493_da8", "geometry": {"type": "Point", "coordinates": [-46.96439, -14.13929]}, "geometry_name": "geometria", "properties": {"id_foco_bdq": 1814859690, "foco_id": "596b9d58-f026-3ac1-80f1-9d18e1f662e4", "longitude": -46.96439, "latitude": -14.13929, "data_hora_gmt": "2026-04-20T17:28:00Z", "data_pas": "2026-04-20", "satelite": "NOAA-21", "municipio": "FLORES DE GOIÁS", "estado": "GOIÁS", "pais": "Brasil", "precipitacao": null, "numero_dias_sem_chuva": null, "risco_fogo": null, "bioma": "Cerrado", "id_0": 33, "id_1": 52, "id_2": 5207907, "continente_id": 8, "vegetacao": null, "grade_wrs": "221_070", "frp": 8.6}, "bbox": [-46.96439, -14.13929, -46.96439, -14.13929]}, {"type": "Feature", "id": "focos_48h_br_todosats.fid--211a0569_19dad572493_da9", "geometry": {"type": "Point", "coordinates": [-53.07156, -16.24636]}, "geometry_name": "geometria", "properties": {"id_foco_bdq": 1814859216, "foco_id": "669b4ef9-9b7b-3dd8-9eb1-4e61788b5079", "longitude": -53.07156, "latitude": -16.24636, "data_hora_gmt": "2026-04-20T17:28:00Z", "data_pas": "2026-04-20", "satelite": "NOAA-21", "municipio": "TORIXORÉU", "estado": "MATO GROSSO", "pais": "Brasil", "precipitacao": null, "numero_dias_sem_chuva": null, "risco_fogo": null, "bioma": "Cerrado", "id_0": 33, "id_1": 51, "id_2": 5108204, "continente_id": 8, "vegetacao": null, "grade_wrs": "224_071", "frp": 6.4}, "bbox": [-53.07156, -16.24636, -53.07156, -16.24636]}, {"type": "Feature", "id": "focos_48h_br_todosats.fid--211a0569_19dad572493_daa", "geometry": {"type": "Point", "coordinates": [-51.86512, -15.1012]}, "geometry_name": "geometria", "properties": {"id_foco_bdq": 1814858240, "foco_id": "84770bbb-a95d-3830-9c1a-cc372c566665", "longitude": -51.86512, "latitude": -15.1012, "data_hora_gmt": "2026-04-20T17:28:00Z", "data_pas": "2026-04-20", "satelite": "NOAA-21", "municipio": "ARAGUAIANA", "estado": "MATO GROSSO", "pais": "Brasil", "precipitacao": null, "numero_dias_sem_chuva": null, "risco_fogo": null, "bioma": "Cerrado", "id_0": 33, "id_1": 51, "id_2": 5101001, "continente_id": 8, "vegetacao": null, "grade_wrs": "224_070", "frp": 12.9}, "bbox": [-51.86512, -15.1012, -51.86512, -15.1012]}, {"type": "Feature", "id": "focos_48h_br_todosats.fid--211a0569_19dad572493_dab", "geometry": {"type": "Point", "coordinates": [-52.1138, -14.19557]}, "geometry_name": "geometria", "properties": {"id_foco_bdq": 1814858404, "foco_id": "f780e6ab-3946-37f6-8f5e-5b1c38720a88", "longitude": -52.1138, "latitude": -14.19557, "data_hora_gmt": "2026-04-20T17:28:00Z", "data_pas": "2026-04-20", "satelite": "NOAA-21", "municipio": "ÁGUA BOA", "estado": "MATO GROSSO", "pais": "Brasil", "precipitacao": null, "numero_dias_sem_chuva": null, "risco_fogo": null, "bioma": "Cerrado", "id_0": 33, "id_1": 51, "id_2": 5100201, "continente_id": 8, "vegetacao": null, "grade_wrs": "224_070", "frp": 10.4}, "bbox": [-52.1138, -14.19557, -52.1138, -14.19557]}, {"type": "Feature", "id": "focos_48h_br_todosats.fid--211a0569_19dad572493_dac", "geometry": {"type": "Point", "coordinates": [-46.9599, -14.13838]}, "geometry_name": "geometria", "properties": {"id_foco_bdq": 1814858181, "foco_id": "fd6b8afe-c9b1-323b-85ad-5c023790ab25", "longitude": -46.9599, "latitude": -14.13838, "data_hora_gmt": "2026-04-20T17:28:00Z", "data_pas": "2026-04-20", "satelite": "NOAA-21", "municipio": "FLORES DE GOIÁS", "estado": "GOIÁS", "pais": "Brasil", "precipitacao": null, "numero_dias_sem_chuva": null, "risco_fogo": null, "bioma": "Cerrado", "id_0": 33, "id_1": 52, "id_2": 5207907, "continente_id": 8, "vegetacao": null, "grade_wrs": "221_070", "frp": 8.6}, "bbox": [-46.9599, -14.13838, -46.9599, -14.13838]}, {"type": "Feature", "id": "focos_48h_br_todosats.fid--211a0569_19dad572493_dad", "geometry": {"type": "Point", "coordinates": [-52.11783, -14.19631]}, "geometry_name": "geometria", "properties": {"id_foco_bdq": 1814858139, "foco_id": "eb856bf6-26fc-38f5-bd57-3476c5c305d8", "longitude": -52.11783, "latitude": -14.19631, "data_hora_gmt": "2026-04-20T17:28:00Z", "data_pas": "2026-04-20", "satelite": "NOAA-21", "municipio": "ÁGUA BOA", "estado": "MATO GROSSO", "pais": "Brasil", "precipitacao": null, "numero_dias_sem_chuva": null, "risco_fogo": null, "bioma": "Cerrado", "id_0": 33, "id_1": 51, "id_2": 5100201, "continente_id": 8, "vegetacao": null, "grade_wrs": "224_070", "frp": 10.4}, "bbox": [-52.11783, -14.19631, -52.11783, -14.19631]}, {"type": "Feature", "id": "focos_48h_br_todosats.fid--211a0569_19dad572493_dae", "geometry": {"type": "Point", "coordinates": [-45.34301, -13.95266]}, "geometry_name": "geometria", "properties": {"id_foco_bdq": 1814858595, "foco_id": "90fb2609-9b04-3535-9102-c85868e10d3f", "longitude": -45.34301, "latitude": -13.95266, "data_hora_gmt": "2026-04-20T17:28:00Z", "data_pas": "2026-04-20", "satelite": "NOAA-21", "municipio": "JABORANDI", "estado": "BAHIA", "pais": "Brasil", "precipitacao": null, "numero_dias_sem_chuva": null, "risco_fogo": null, "bioma": "Cerrado", "id_0": 33, "id_1": 29, "id_2": 2917359, "continente_id": 8, "vegetacao": null, "grade_wrs": "220_070", "frp": 10}, "bbox": [-45.34301, -13.95266, -45.34301, -13.95266]}, {"type": "Feature", "id": "focos_48h_br_todosats.fid--211a0569_19dad572493_daf", "geometry": {"type": "Point", "coordinates": [-56.88883, -8.78303]}, "geometry_name": "geometria", "properties": {"id_foco_bdq": 1814858027, "foco_id": "9de615b4-142a-3da2-b715-ec8b3c23da23", "longitude": -56.88883, "latitude": -8.78303, "data_hora_gmt": "2026-04-20T17:30:00Z", "data_pas": "2026-04-20", "satelite": "NOAA-21", "municipio": "JACAREACANGA", "estado": "PARÁ", "pais": "Brasil", "precipitacao": null, "numero_dias_sem_chuva": null, "risco_fogo": null, "bioma": "Amazônia", "id_0": 33, "id_1": 15, "id_2": 1503754, "continente_id": 8, "vegetacao": null, "grade_wrs": "228_066", "frp": 1}, "bbox": [-56.88883, -8.78303, -56.88883, -8.78303]}, {"type": "Feature", "id": "focos_48h_br_todosats.fid--211a0569_19dad572493_db0", "geometry": {"type": "Point", "coordinates": [-66.64215, 0.27546]}, "geometry_name": "geometria", "properties": {"id_foco_bdq": 1814859471, "foco_id": "dc067b9c-ac5c-38ad-bda7-fd2410d287da", "longitude": -66.64215, "latitude": 0.27546, "data_hora_gmt": "2026-04-20T17:32:00Z", "data_pas": "2026-04-20", "satelite": "NOAA-21", "municipio": "SÃO GABRIEL DA CACHOEIRA", "estado": "AMAZONAS", "pais": "Brasil", "precipitacao": null, "numero_dias_sem_chuva": null, "risco_fogo": null, "bioma": "Amazônia", "id_0": 33, "id_1": 13, "id_2": 1303809, "continente_id": 8, "vegetacao": null, "grade_wrs": "002_060", "frp": 2.3}, "bbox": [-66.64215, 0.27546, -66.64215, 0.27546]}, {"type": "Feature", "id": "focos_48h_br_todosats.fid--211a0569_19dad572493_db1", "geometry": {"type": "Point", "coordinates": [-60.35862, 2.54053]}, "geometry_name": "geometria", "properties": {"id_foco_bdq": 1814859354, "foco_id": "63bdb4bf-8f2b-3928-b904-0a10e8f6a5a9", "longitude": -60.35862, "latitude": 2.54053, "data_hora_gmt": "2026-04-20T17:32:00Z", "data_pas": "2026-04-20", "satelite": "NOAA-21", "municipio": "CANTÁ", "estado": "RORAIMA", "pais": "Brasil", "precipitacao": null, "numero_dias_sem_chuva": null, "risco_fogo": null, "bioma": "Amazônia", "id_0": 33, "id_1": 14, "id_2": 1400175, "continente_id": 8, "vegetacao": null, "grade_wrs": "232_058", "frp": 9.5}, "bbox": [-60.35862, 2.54053, -60.35862, 2.54053]}, {"type": "Feature", "id": "focos_48h_br_todosats.fid--211a0569_19dad572493_db2", "geometry": {"type": "Point", "coordinates": [-66.29183, -0.36765]}, "geometry_name": "geometria", "properties": {"id_foco_bdq": 1814858506, "foco_id": "495a3053-cad1-3ffb-91da-ca4902790af0", "longitude": -66.29183, "latitude": -0.36765, "data_hora_gmt": "2026-04-20T17:32:00Z", "data_pas": "2026-04-20", "satelite": "NOAA-21", "municipio": "SÃO GABRIEL DA CACHOEIRA", "estado": "AMAZONAS", "pais": "Brasil", "precipitacao": null, "numero_dias_sem_chuva": null, "risco_fogo": null, "bioma": "Amazônia", "id_0": 33, "id_1": 13, "id_2": 1303809, "continente_id": 8, "vegetacao": null, "grade_wrs": "002_060", "frp": 12.2}, "bbox": [-66.29183, -0.36765, -66.29183, -0.36765]}, {"type": "Feature", "id": "focos_48h_br_todosats.fid--211a0569_19dad572493_db3", "geometry": {"type": "Point", "coordinates": [-66.64125, 0.27537]}, "geometry_name": "geometria", "properties": {"id_foco_bdq": 1814859075, "foco_id": "110c3545-7277-372d-a263-2434ebb54a89", "longitude": -66.64125, "latitude": 0.27537, "data_hora_gmt": "2026-04-20T17:32:00Z", "data_pas": "2026-04-20", "satelite": "NOAA-21", "municipio": "SÃO GABRIEL DA CACHOEIRA", "estado": "AMAZONAS", "pais": "Brasil", "precipitacao": null, "numero_dias_sem_chuva": null, "risco_fogo": null, "bioma": "Amazônia", "id_0": 33, "id_1": 13, "id_2": 1303809, "continente_id": 8, "vegetacao": null, "grade_wrs": "002_060", "frp": 3.3}, "bbox": [-66.64125, 0.27537, -66.64125, 0.27537]}, {"type": "Feature", "id": "focos_48h_br_todosats.fid--211a0569_19dad572493_db4", "geometry": {"type": "Point", "coordinates": [-59.85618, 3.86731]}, "geometry_name": "geometria", "properties": {"id_foco_bdq": 1814859448, "foco_id": "15c9e414-143b-35c1-a5ff-df802d56511b", "longitude": -59.85618, "latitude": 3.86731, "data_hora_gmt": "2026-04-20T17:34:00Z", "data_pas": "2026-04-20", "satelite": "NOAA-21", "municipio": "NORMANDIA", "estado": "RORAIMA", "pais": "Brasil", "precipitacao": null, "numero_dias_sem_chuva": null, "risco_fogo": null, "bioma": "Amazônia", "id_0": 33, "id_1": 14, "id_2": 1400407, "continente_id": 8, "vegetacao": null, "grade_wrs": "231_057", "frp": 10.8}, "bbox": [-59.85618, 3.86731, -59.85618, 3.86731]}, {"type": "Feature", "id": "focos_48h_br_todosats.fid--211a0569_19dad572493_db5", "geometry": {"type": "Point", "coordinates": [-59.85234, 3.86788]}, "geometry_name": "geometria", "properties": {"id_foco_bdq": 1814859441, "foco_id": "77acd4ef-a1fd-3f0e-aa0e-53a3d6324986", "longitude": -59.85234, "latitude": 3.86788, "data_hora_gmt": "2026-04-20T17:34:00Z", "data_pas": "2026-04-20", "satelite": "NOAA-21", "municipio": "NORMANDIA", "estado": "RORAIMA", "pais": "Brasil", "precipitacao": null, "numero_dias_sem_chuva": null, "risco_fogo": null, "bioma": "Amazônia", "id_0": 33, "id_1": 14, "id_2": 1400407, "continente_id": 8, "vegetacao": null, "grade_wrs": "231_057", "frp": 10.8}, "bbox": [-59.85234, 3.86788, -59.85234, 3.86788]}, {"type": "Feature", "id": "focos_48h_br_todosats.fid--211a0569_19dad572493_db6", "geometry": {"type": "Point", "coordinates": [-60.24575, 4.53143]}, "geometry_name": "geometria", "properties": {"id_foco_bdq": 1814859109, "foco_id": "56887623-98fe-3311-998e-a858db0d2ea0", "longitude": -60.24575, "latitude": 4.53143, "data_hora_gmt": "2026-04-20T17:34:00Z", "data_pas": "2026-04-20", "satelite": "NOAA-21", "municipio": "UIRAMUTÃ", "estado": "RORAIMA", "pais": "Brasil", "precipitacao": null, "numero_dias_sem_chuva": null, "risco_fogo": null, "bioma": "Amazônia", "id_0": 33, "id_1": 14, "id_2": 1400704, "continente_id": 8, "vegetacao": null, "grade_wrs": "232_057", "frp": 5.4}, "bbox": [-60.24575, 4.53143, -60.24575, 4.53143]}, {"type": "Feature", "id": "focos_48h_br_todosats.fid--211a0569_19dad572493_db7", "geometry": {"type": "Point", "coordinates": [-61.15614, 4.15827]}, "geometry_name": "geometria", "properties": {"id_foco_bdq": 1814858685, "foco_id": "c74e2c03-7683-325c-ad20-f562a05fffb8", "longitude": -61.15614, "latitude": 4.15827, "data_hora_gmt": "2026-04-20T17:34:00Z", "data_pas": "2026-04-20", "satelite": "NOAA-21", "municipio": "PACARAIMA", "estado": "RORAIMA", "pais": "Brasil", "precipitacao": null, "numero_dias_sem_chuva": null, "risco_fogo": null, "bioma": "Amazônia", "id_0": 33, "id_1": 14, "id_2": 1400456, "continente_id": 8, "vegetacao": null, "grade_wrs": "232_057", "frp": 2.2}, "bbox": [-61.15614, 4.15827, -61.15614, 4.15827]}, {"type": "Feature", "id": "focos_48h_br_todosats.fid--211a0569_19dad572493_db8", "geometry": {"type": "Point", "coordinates": [-59.85286, 3.87135]}, "geometry_name": "geometria", "properties": {"id_foco_bdq": 1814858108, "foco_id": "395a435d-ae97-3052-be04-ac7f1c6aa38d", "longitude": -59.85286, "latitude": 3.87135, "data_hora_gmt": "2026-04-20T17:34:00Z", "data_pas": "2026-04-20", "satelite": "NOAA-21", "municipio": "NORMANDIA", "estado": "RORAIMA", "pais": "Brasil", "precipitacao": null, "numero_dias_sem_chuva": null, "risco_fogo": null, "bioma": "Amazônia", "id_0": 33, "id_1": 14, "id_2": 1400407, "continente_id": 8, "vegetacao": null, "grade_wrs": "231_057", "frp": 10.8}, "bbox": [-59.85286, 3.87135, -59.85286, 3.87135]}, {"type": "Feature", "id": "focos_48h_br_todosats.fid--211a0569_19dad572493_db9", "geometry": {"type": "Point", "coordinates": [-60.1958, 4.30046]}, "geometry_name": "geometria", "properties": {"id_foco_bdq": 1814858746, "foco_id": "5c0bca4b-f90d-3e11-8934-fa8415a89310", "longitude": -60.1958, "latitude": 4.30046, "data_hora_gmt": "2026-04-20T17:34:00Z", "data_pas": "2026-04-20", "satelite": "NOAA-21", "municipio": "UIRAMUTÃ", "estado": "RORAIMA", "pais": "Brasil", "precipitacao": null, "numero_dias_sem_chuva": null, "risco_fogo": null, "bioma": "Amazônia", "id_0": 33, "id_1": 14, "id_2": 1400704, "continente_id": 8, "vegetacao": null, "grade_wrs": "232_057", "frp": 5.3}, "bbox": [-60.1958, 4.30046, -60.1958, 4.30046]}, {"type": "Feature", "id": "focos_48h_br_todosats.fid--211a0569_19dad572493_dba", "geometry": {"type": "Point", "coordinates": [-50.00125, -27.4851]}, "geometry_name": "geometria", "properties": {"id_foco_bdq": 1814855508, "foco_id": "7a364a8a-a5f3-3eb3-9b48-1d78d8f0227a", "longitude": -50.00125, "latitude": -27.4851, "data_hora_gmt": "2026-04-20T17:56:00Z", "data_pas": "2026-04-20", "satelite": "NPP-375", "municipio": "OTACÍLIO COSTA", "estado": "SANTA CATARINA", "pais": "Brasil", "precipitacao": null, "numero_dias_sem_chuva": null, "risco_fogo": null, "bioma": "Mata Atlântica", "id_0": 33, "id_1": 42, "id_2": 4211751, "continente_id": 8, "vegetacao": null, "grade_wrs": "221_079", "frp": 3.1}, "bbox": [-50.00125, -27.4851, -50.00125, -27.4851]}, {"type": "Feature", "id": "focos_48h_br_todosats.fid--211a0569_19dad572493_dbb", "geometry": {"type": "Point", "coordinates": [-50.58028, -29.15141]}, "geometry_name": "geometria", "properties": {"id_foco_bdq": 1814855498, "foco_id": "73c1890e-3f42-3460-81b8-33e0d3f9c866", "longitude": -50.58028, "latitude": -29.15141, "data_hora_gmt": "2026-04-20T17:56:00Z", "data_pas": "2026-04-20", "satelite": "NPP-375", "municipio": "SÃO FRANCISCO DE PAULA", "estado": "RIO GRANDE DO SUL", "pais": "Brasil", "precipitacao": null, "numero_dias_sem_chuva": null, "risco_fogo": null, "bioma": "Mata Atlântica", "id_0": 33, "id_1": 43, "id_2": 4318200, "continente_id": 8, "vegetacao": null, "grade_wrs": "221_080", "frp": 13.2}, "bbox": [-50.58028, -29.15141, -50.58028, -29.15141]}, {"type": "Feature", "id": "focos_48h_br_todosats.fid--211a0569_19dad572493_dbc", "geometry": {"type": "Point", "coordinates": [-50.46208, -28.82289]}, "geometry_name": "geometria", "properties": {"id_foco_bdq": 1814855490, "foco_id": "a8ea8972-d7ea-389f-8844-b8b42a171963", "longitude": -50.46208, "latitude": -28.82289, "data_hora_gmt": "2026-04-20T17:56:00Z", "data_pas": "2026-04-20", "satelite": "NPP-375", "municipio": "JAQUIRANA", "estado": "RIO GRANDE DO SUL", "pais": "Brasil", "precipitacao": null, "numero_dias_sem_chuva": null, "risco_fogo": null, "bioma": "Mata Atlântica", "id_0": 33, "id_1": 43, "id_2": 4311122, "continente_id": 8, "vegetacao": null, "grade_wrs": "221_080", "frp": 2.4}, "bbox": [-50.46208, -28.82289, -50.46208, -28.82289]}, {"type": "Feature", "id": "focos_48h_br_todosats.fid--211a0569_19dad572493_dbd", "geometry": {"type": "Point", "coordinates": [-50.50851, -27.96994]}, "geometry_name": "geometria", "properties": {"id_foco_bdq": 1814857244, "foco_id": "12b0ed29-37fb-39bc-9a77-fec8d12d9323", "longitude": -50.50851, "latitude": -27.96994, "data_hora_gmt": "2026-04-20T17:56:00Z", "data_pas": "2026-04-20", "satelite": "NPP-375", "municipio": "CAPÃO ALTO", "estado": "SANTA CATARINA", "pais": "Brasil", "precipitacao": null, "numero_dias_sem_chuva": null, "risco_fogo": null, "bioma": "Mata Atlântica", "id_0": 33, "id_1": 42, "id_2": 4203253, "continente_id": 8, "vegetacao": null, "grade_wrs": "221_079", "frp": 2}, "bbox": [-50.50851, -27.96994, -50.50851, -27.96994]}, {"type": "Feature", "id": "focos_48h_br_todosats.fid--211a0569_19dad572493_dbe", "geometry": {"type": "Point", "coordinates": [-49.57888, -27.00018]}, "geometry_name": "geometria", "properties": {"id_foco_bdq": 1814855480, "foco_id": "3079a1fe-dfe7-3f69-af82-9e43182456cf", "longitude": -49.57888, "latitude": -27.00018, "data_hora_gmt": "2026-04-20T17:56:00Z", "data_pas": "2026-04-20", "satelite": "NPP-375", "municipio": "IBIRAMA", "estado": "SANTA CATARINA", "pais": "Brasil", "precipitacao": null, "numero_dias_sem_chuva": null, "risco_fogo": null, "bioma": "Mata Atlântica", "id_0": 33, "id_1": 42, "id_2": 4206900, "continente_id": 8, "vegetacao": null, "grade_wrs": "220_079", "frp": 10.2}, "bbox": [-49.57888, -27.00018, -49.57888, -27.00018]}, {"type": "Feature", "id": "focos_48h_br_todosats.fid--211a0569_19dad572493_dbf", "geometry": {"type": "Point", "coordinates": [-48.91221, -28.14586]}, "geometry_name": "geometria", "properties": {"id_foco_bdq": 1814855456, "foco_id": "cb747dd1-89e0-34b6-87a2-ddce01a5c3c6", "longitude": -48.91221, "latitude": -28.14586, "data_hora_gmt": "2026-04-20T17:56:00Z", "data_pas": "2026-04-20", "satelite": "NPP-375", "municipio": "IMARUÍ", "estado": "SANTA CATARINA", "pais": "Brasil", "precipitacao": null, "numero_dias_sem_chuva": null, "risco_fogo": null, "bioma": "Mata Atlântica", "id_0": 33, "id_1": 42, "id_2": 4207205, "continente_id": 8, "vegetacao": null, "grade_wrs": "220_079", "frp": 13.7}, "bbox": [-48.91221, -28.14586, -48.91221, -28.14586]}, {"type": "Feature", "id": "focos_48h_br_todosats.fid--211a0569_19dad572493_dc0", "geometry": {"type": "Point", "coordinates": [-49.32552, -24.62311]}, "geometry_name": "geometria", "properties": {"id_foco_bdq": 1814855391, "foco_id": "2659cc33-cb58-3c14-96c2-7a06aea5ab33", "longitude": -49.32552, "latitude": -24.62311, "data_hora_gmt": "2026-04-20T17:56:00Z", "data_pas": "2026-04-20", "satelite": "NPP-375", "municipio": "DOUTOR ULYSSES", "estado": "PARANÁ", "pais": "Brasil", "precipitacao": null, "numero_dias_sem_chuva": null, "risco_fogo": null, "bioma": "Mata Atlântica", "id_0": 33, "id_1": 41, "id_2": 4128633, "continente_id": 8, "vegetacao": null, "grade_wrs": "221_077", "frp": 8.8}, "bbox": [-49.32552, -24.62311, -49.32552, -24.62311]}, {"type": "Feature", "id": "focos_48h_br_todosats.fid--211a0569_19dad572493_dc1", "geometry": {"type": "Point", "coordinates": [-49.44199, -27.73094]}, "geometry_name": "geometria", "properties": {"id_foco_bdq": 1814857192, "foco_id": "d15360e0-b2e2-37cd-948f-431741a4b15c", "longitude": -49.44199, "latitude": -27.73094, "data_hora_gmt": "2026-04-20T17:56:00Z", "data_pas": "2026-04-20", "satelite": "NPP-375", "municipio": "ALFREDO WAGNER", "estado": "SANTA CATARINA", "pais": "Brasil", "precipitacao": null, "numero_dias_sem_chuva": null, "risco_fogo": null, "bioma": "Mata Atlântica", "id_0": 33, "id_1": 42, "id_2": 4200705, "continente_id": 8, "vegetacao": null, "grade_wrs": "220_079", "frp": 4.9}, "bbox": [-49.44199, -27.73094, -49.44199, -27.73094]}, {"type": "Feature", "id": "focos_48h_br_todosats.fid--211a0569_19dad572493_dc2", "geometry": {"type": "Point", "coordinates": [-49.37539, -26.63167]}, "geometry_name": "geometria", "properties": {"id_foco_bdq": 1814854938, "foco_id": "697321ff-ade8-3b75-af70-74b1dc5cea5a", "longitude": -49.37539, "latitude": -26.63167, "data_hora_gmt": "2026-04-20T17:56:00Z", "data_pas": "2026-04-20", "satelite": "NPP-375", "municipio": "RIO DOS CEDROS", "estado": "SANTA CATARINA", "pais": "Brasil", "precipitacao": null, "numero_dias_sem_chuva": null, "risco_fogo": null, "bioma": "Mata Atlântica", "id_0": 33, "id_1": 42, "id_2": 4214706, "continente_id": 8, "vegetacao": null, "grade_wrs": "220_078", "frp": 5.8}, "bbox": [-49.37539, -26.63167, -49.37539, -26.63167]}, {"type": "Feature", "id": "focos_48h_br_todosats.fid--211a0569_19dad572493_dc3", "geometry": {"type": "Point", "coordinates": [-50.80399, -28.88665]}, "geometry_name": "geometria", "properties": {"id_foco_bdq": 1814855216, "foco_id": "79dc1acd-724a-3b64-bd7c-7dae1db0a04a", "longitude": -50.80399, "latitude": -28.88665, "data_hora_gmt": "2026-04-20T17:56:00Z", "data_pas": "2026-04-20", "satelite": "NPP-375", "municipio": "SÃO FRANCISCO DE PAULA", "estado": "RIO GRANDE DO SUL", "pais": "Brasil", "precipitacao": null, "numero_dias_sem_chuva": null, "risco_fogo": null, "bioma": "Mata Atlântica", "id_0": 33, "id_1": 43, "id_2": 4318200, "continente_id": 8, "vegetacao": null, "grade_wrs": "221_080", "frp": 6.4}, "bbox": [-50.80399, -28.88665, -50.80399, -28.88665]}, {"type": "Feature", "id": "focos_48h_br_todosats.fid--211a0569_19dad572493_dc4", "geometry": {"type": "Point", "coordinates": [-50.94385, -27.80235]}, "geometry_name": "geometria", "properties": {"id_foco_bdq": 1814854954, "foco_id": "ef410433-2d98-3c4c-af95-f1f8beae9bd4", "longitude": -50.94385, "latitude": -27.80235, "data_hora_gmt": "2026-04-20T17:56:00Z", "data_pas": "2026-04-20", "satelite": "NPP-375", "municipio": "CERRO NEGRO", "estado": "SANTA CATARINA", "pais": "Brasil", "precipitacao": null, "numero_dias_sem_chuva": null, "risco_fogo": null, "bioma": "Mata Atlântica", "id_0": 33, "id_1": 42, "id_2": 4204178, "continente_id": 8, "vegetacao": null, "grade_wrs": "221_079", "frp": 4.1}, "bbox": [-50.94385, -27.80235, -50.94385, -27.80235]}, {"type": "Feature", "id": "focos_48h_br_todosats.fid--211a0569_19dad572493_dc5", "geometry": {"type": "Point", "coordinates": [-49.92982, -26.29585]}, "geometry_name": "geometria", "properties": {"id_foco_bdq": 1814855163, "foco_id": "e27a533e-ff1c-3943-a5f6-5eddb6a9b925", "longitude": -49.92982, "latitude": -26.29585, "data_hora_gmt": "2026-04-20T17:56:00Z", "data_pas": "2026-04-20", "satelite": "NPP-375", "municipio": "ITAIÓPOLIS", "estado": "SANTA CATARINA", "pais": "Brasil", "precipitacao": null, "numero_dias_sem_chuva": null, "risco_fogo": null, "bioma": "Mata Atlântica", "id_0": 33, "id_1": 42, "id_2": 4208104, "continente_id": 8, "vegetacao": null, "grade_wrs": "221_078", "frp": 3.9}, "bbox": [-49.92982, -26.29585, -49.92982, -26.29585]}, {"type": "Feature", "id": "focos_48h_br_todosats.fid--211a0569_19dad572493_dc6", "geometry": {"type": "Point", "coordinates": [-50.57386, -27.00095]}, "geometry_name": "geometria", "properties": {"id_foco_bdq": 1814857822, "foco_id": "d05c772c-8950-3060-8cb3-e91cb520c359", "longitude": -50.57386, "latitude": -27.00095, "data_hora_gmt": "2026-04-20T17:56:00Z", "data_pas": "2026-04-20", "satelite": "NPP-375", "municipio": "SANTA CECÍLIA", "estado": "SANTA CATARINA", "pais": "Brasil", "precipitacao": null, "numero_dias_sem_chuva": null, "risco_fogo": null, "bioma": "Mata Atlântica", "id_0": 33, "id_1": 42, "id_2": 4215505, "continente_id": 8, "vegetacao": null, "grade_wrs": "221_079", "frp": 12.9}, "bbox": [-50.57386, -27.00095, -50.57386, -27.00095]}, {"type": "Feature", "id": "focos_48h_br_todosats.fid--211a0569_19dad572493_dc7", "geometry": {"type": "Point", "coordinates": [-48.9084, -28.14794]}, "geometry_name": "geometria", "properties": {"id_foco_bdq": 1814857331, "foco_id": "6a7f7bd1-27e5-3d87-92d9-19f664c2847f", "longitude": -48.9084, "latitude": -28.14794, "data_hora_gmt": "2026-04-20T17:56:00Z", "data_pas": "2026-04-20", "satelite": "NPP-375", "municipio": "SÃO MARTINHO", "estado": "SANTA CATARINA", "pais": "Brasil", "precipitacao": null, "numero_dias_sem_chuva": null, "risco_fogo": null, "bioma": "Mata Atlântica", "id_0": 33, "id_1": 42, "id_2": 4217105, "continente_id": 8, "vegetacao": null, "grade_wrs": "220_079", "frp": 11.8}, "bbox": [-48.9084, -28.14794, -48.9084, -28.14794]}, {"type": "Feature", "id": "focos_48h_br_todosats.fid--211a0569_19dad572493_dc8", "geometry": {"type": "Point", "coordinates": [-49.04697, -28.18632]}, "geometry_name": "geometria", "properties": {"id_foco_bdq": 1814855783, "foco_id": "e08eec0a-c42d-323c-81cf-a185522dc044", "longitude": -49.04697, "latitude": -28.18632, "data_hora_gmt": "2026-04-20T17:56:00Z", "data_pas": "2026-04-20", "satelite": "NPP-375", "municipio": "ARMAZÉM", "estado": "SANTA CATARINA", "pais": "Brasil", "precipitacao": null, "numero_dias_sem_chuva": null, "risco_fogo": null, "bioma": "Mata Atlântica", "id_0": 33, "id_1": 42, "id_2": 4201505, "continente_id": 8, "vegetacao": null, "grade_wrs": "220_080", "frp": 7.1}, "bbox": [-49.04697, -28.18632, -49.04697, -28.18632]}, {"type": "Feature", "id": "focos_48h_br_todosats.fid--211a0569_19dad572493_dc9", "geometry": {"type": "Point", "coordinates": [-49.60349, -28.79447]}, "geometry_name": "geometria", "properties": {"id_foco_bdq": 1814855735, "foco_id": "5c97b8af-f1be-3874-ae89-e57352920461", "longitude": -49.60349, "latitude": -28.79447, "data_hora_gmt": "2026-04-20T17:56:00Z", "data_pas": "2026-04-20", "satelite": "NPP-375", "municipio": "MELEIRO", "estado": "SANTA CATARINA", "pais": "Brasil", "precipitacao": null, "numero_dias_sem_chuva": null, "risco_fogo": null, "bioma": "Mata Atlântica", "id_0": 33, "id_1": 42, "id_2": 4210803, "continente_id": 8, "vegetacao": null, "grade_wrs": "220_080", "frp": 7.1}, "bbox": [-49.60349, -28.79447, -49.60349, -28.79447]}, {"type": "Feature", "id": "focos_48h_br_todosats.fid--211a0569_19dad572493_dca", "geometry": {"type": "Point", "coordinates": [-50.58966, -28.81939]}, "geometry_name": "geometria", "properties": {"id_foco_bdq": 1814855672, "foco_id": "d41613e4-91a2-35b2-832d-d7e7479d14cf", "longitude": -50.58966, "latitude": -28.81939, "data_hora_gmt": "2026-04-20T17:56:00Z", "data_pas": "2026-04-20", "satelite": "NPP-375", "municipio": "JAQUIRANA", "estado": "RIO GRANDE DO SUL", "pais": "Brasil", "precipitacao": null, "numero_dias_sem_chuva": null, "risco_fogo": null, "bioma": "Mata Atlântica", "id_0": 33, "id_1": 43, "id_2": 4311122, "continente_id": 8, "vegetacao": null, "grade_wrs": "221_080", "frp": 1.7}, "bbox": [-50.58966, -28.81939, -50.58966, -28.81939]}, {"type": "Feature", "id": "focos_48h_br_todosats.fid--211a0569_19dad572493_dcb", "geometry": {"type": "Point", "coordinates": [-49.6556, -26.7802]}, "geometry_name": "geometria", "properties": {"id_foco_bdq": 1814854872, "foco_id": "9b615ad9-7064-3e30-823a-d0a3596ad34b", "longitude": -49.6556, "latitude": -26.7802, "data_hora_gmt": "2026-04-20T17:56:00Z", "data_pas": "2026-04-20", "satelite": "NPP-375", "municipio": "JOSÉ BOITEUX", "estado": "SANTA CATARINA", "pais": "Brasil", "precipitacao": null, "numero_dias_sem_chuva": null, "risco_fogo": null, "bioma": "Mata Atlântica", "id_0": 33, "id_1": 42, "id_2": 4209151, "continente_id": 8, "vegetacao": null, "grade_wrs": "220_079", "frp": 3}, "bbox": [-49.6556, -26.7802, -49.6556, -26.7802]}, {"type": "Feature", "id": "focos_48h_br_todosats.fid--211a0569_19dad572493_dcc", "geometry": {"type": "Point", "coordinates": [-51.17441, -26.01462]}, "geometry_name": "geometria", "properties": {"id_foco_bdq": 1814855622, "foco_id": "879b62be-de8c-39f5-9c81-fa98d10888ba", "longitude": -51.17441, "latitude": -26.01462, "data_hora_gmt": "2026-04-20T17:56:00Z", "data_pas": "2026-04-20", "satelite": "NPP-375", "municipio": "CRUZ MACHADO", "estado": "PARANÁ", "pais": "Brasil", "precipitacao": null, "numero_dias_sem_chuva": null, "risco_fogo": null, "bioma": "Mata Atlântica", "id_0": 33, "id_1": 41, "id_2": 4106803, "continente_id": 8, "vegetacao": null, "grade_wrs": "222_078", "frp": 5.2}, "bbox": [-51.17441, -26.01462, -51.17441, -26.01462]}, {"type": "Feature", "id": "focos_48h_br_todosats.fid--211a0569_19dad572493_dcd", "geometry": {"type": "Point", "coordinates": [-50.58393, -29.15227]}, "geometry_name": "geometria", "properties": {"id_foco_bdq": 1814857309, "foco_id": "1e935c25-2dd8-316c-8e17-bade463797ca", "longitude": -50.58393, "latitude": -29.15227, "data_hora_gmt": "2026-04-20T17:56:00Z", "data_pas": "2026-04-20", "satelite": "NPP-375", "municipio": "SÃO FRANCISCO DE PAULA", "estado": "RIO GRANDE DO SUL", "pais": "Brasil", "precipitacao": null, "numero_dias_sem_chuva": null, "risco_fogo": null, "bioma": "Mata Atlântica", "id_0": 33, "id_1": 43, "id_2": 4318200, "continente_id": 8, "vegetacao": null, "grade_wrs": "221_080", "frp": 6.5}, "bbox": [-50.58393, -29.15227, -50.58393, -29.15227]}, {"type": "Feature", "id": "focos_48h_br_todosats.fid--211a0569_19dad572493_dce", "geometry": {"type": "Point", "coordinates": [-49.09066, -28.22836]}, "geometry_name": "geometria", "properties": {"id_foco_bdq": 1814855519, "foco_id": "f2772de5-6f85-3b81-8868-44f2d3524b34", "longitude": -49.09066, "latitude": -28.22836, "data_hora_gmt": "2026-04-20T17:56:00Z", "data_pas": "2026-04-20", "satelite": "NPP-375", "municipio": "BRAÇO DO NORTE", "estado": "SANTA CATARINA", "pais": "Brasil", "precipitacao": null, "numero_dias_sem_chuva": null, "risco_fogo": null, "bioma": "Mata Atlântica", "id_0": 33, "id_1": 42, "id_2": 4202800, "continente_id": 8, "vegetacao": null, "grade_wrs": "220_080", "frp": 7.1}, "bbox": [-49.09066, -28.22836, -49.09066, -28.22836]}, {"type": "Feature", "id": "focos_48h_br_todosats.fid--211a0569_19dad572493_dcf", "geometry": {"type": "Point", "coordinates": [-50.4796, -27.21951]}, "geometry_name": "geometria", "properties": {"id_foco_bdq": 1814857721, "foco_id": "9e3cb86b-b1a0-35ce-960c-44dd14652271", "longitude": -50.4796, "latitude": -27.21951, "data_hora_gmt": "2026-04-20T17:56:00Z", "data_pas": "2026-04-20", "satelite": "NPP-375", "municipio": "PONTE ALTA DO NORTE", "estado": "SANTA CATARINA", "pais": "Brasil", "precipitacao": null, "numero_dias_sem_chuva": null, "risco_fogo": null, "bioma": "Mata Atlântica", "id_0": 33, "id_1": 42, "id_2": 4213351, "continente_id": 8, "vegetacao": null, "grade_wrs": "221_079", "frp": 3.9}, "bbox": [-50.4796, -27.21951, -50.4796, -27.21951]}, {"type": "Feature", "id": "focos_48h_br_todosats.fid--211a0569_19dad572493_dd0", "geometry": {"type": "Point", "coordinates": [-49.59929, -28.79343]}, "geometry_name": "geometria", "properties": {"id_foco_bdq": 1814854511, "foco_id": "fef6d5d5-ba80-3432-86ba-6829a89899ad", "longitude": -49.59929, "latitude": -28.79343, "data_hora_gmt": "2026-04-20T17:56:00Z", "data_pas": "2026-04-20", "satelite": "NPP-375", "municipio": "MELEIRO", "estado": "SANTA CATARINA", "pais": "Brasil", "precipitacao": null, "numero_dias_sem_chuva": null, "risco_fogo": null, "bioma": "Mata Atlântica", "id_0": 33, "id_1": 42, "id_2": 4210803, "continente_id": 8, "vegetacao": null, "grade_wrs": "220_080", "frp": 10.5}, "bbox": [-49.59929, -28.79343, -49.59929, -28.79343]}, {"type": "Feature", "id": "focos_48h_br_todosats.fid--211a0569_19dad572493_dd1", "geometry": {"type": "Point", "coordinates": [-51.32715, -27.09247]}, "geometry_name": "geometria", "properties": {"id_foco_bdq": 1814854719, "foco_id": "18a3e84b-7596-3a34-b4c7-657d9adc713f", "longitude": -51.32715, "latitude": -27.09247, "data_hora_gmt": "2026-04-20T17:56:00Z", "data_pas": "2026-04-20", "satelite": "NPP-375", "municipio": "IBICARÉ", "estado": "SANTA CATARINA", "pais": "Brasil", "precipitacao": null, "numero_dias_sem_chuva": null, "risco_fogo": null, "bioma": "Mata Atlântica", "id_0": 33, "id_1": 42, "id_2": 4206801, "continente_id": 8, "vegetacao": null, "grade_wrs": "221_079", "frp": 5.2}, "bbox": [-51.32715, -27.09247, -51.32715, -27.09247]}, {"type": "Feature", "id": "focos_48h_br_todosats.fid--211a0569_19dad572493_dd2", "geometry": {"type": "Point", "coordinates": [-50.60057, -27.16793]}, "geometry_name": "geometria", "properties": {"id_foco_bdq": 1814856883, "foco_id": "732357de-0316-36ec-8686-d6053f096dac", "longitude": -50.60057, "latitude": -27.16793, "data_hora_gmt": "2026-04-20T17:56:00Z", "data_pas": "2026-04-20", "satelite": "NPP-375", "municipio": "PONTE ALTA DO NORTE", "estado": "SANTA CATARINA", "pais": "Brasil", "precipitacao": null, "numero_dias_sem_chuva": null, "risco_fogo": null, "bioma": "Mata Atlântica", "id_0": 33, "id_1": 42, "id_2": 4213351, "continente_id": 8, "vegetacao": null, "grade_wrs": "221_079", "frp": 12.1}, "bbox": [-50.60057, -27.16793, -50.60057, -27.16793]}, {"type": "Feature", "id": "focos_48h_br_todosats.fid--211a0569_19dad572493_dd3", "geometry": {"type": "Point", "coordinates": [-49.3727, -28.35346]}, "geometry_name": "geometria", "properties": {"id_foco_bdq": 1814856871, "foco_id": "e672538b-cf5b-3182-9243-10198b8be888", "longitude": -49.3727, "latitude": -28.35346, "data_hora_gmt": "2026-04-20T17:56:00Z", "data_pas": "2026-04-20", "satelite": "NPP-375", "municipio": "LAURO MÜLLER", "estado": "SANTA CATARINA", "pais": "Brasil", "precipitacao": null, "numero_dias_sem_chuva": null, "risco_fogo": null, "bioma": "Mata Atlântica", "id_0": 33, "id_1": 42, "id_2": 4209607, "continente_id": 8, "vegetacao": null, "grade_wrs": "220_080", "frp": 2.1}, "bbox": [-49.3727, -28.35346, -49.3727, -28.35346]}, {"type": "Feature", "id": "focos_48h_br_todosats.fid--211a0569_19dad572493_dd4", "geometry": {"type": "Point", "coordinates": [-50.60433, -27.16882]}, "geometry_name": "geometria", "properties": {"id_foco_bdq": 1814857580, "foco_id": "06b43c90-adde-39f6-a835-666fef3f66a8", "longitude": -50.60433, "latitude": -27.16882, "data_hora_gmt": "2026-04-20T17:56:00Z", "data_pas": "2026-04-20", "satelite": "NPP-375", "municipio": "PONTE ALTA DO NORTE", "estado": "SANTA CATARINA", "pais": "Brasil", "precipitacao": null, "numero_dias_sem_chuva": null, "risco_fogo": null, "bioma": "Mata Atlântica", "id_0": 33, "id_1": 42, "id_2": 4213351, "continente_id": 8, "vegetacao": null, "grade_wrs": "221_079", "frp": 11.8}, "bbox": [-50.60433, -27.16882, -50.60433, -27.16882]}, {"type": "Feature", "id": "focos_48h_br_todosats.fid--145fdae9_19dad58dfff_-2a79", "geometry": {"type": "Point", "coordinates": [-50.57792, -27.00191]}, "geometry_name": "geometria", "properties": {"id_foco_bdq": 1814856798, "foco_id": "a86fe5f2-e192-3de6-b64e-4b489e967c72", "longitude": -50.57792, "latitude": -27.00191, "data_hora_gmt": "2026-04-20T17:56:00Z", "data_pas": "2026-04-20", "satelite": "NPP-375", "municipio": "SANTA CECÍLIA", "estado": "SANTA CATARINA", "pais": "Brasil", "precipitacao": null, "numero_dias_sem_chuva": null, "risco_fogo": null, "bioma": "Mata Atlântica", "id_0": 33, "id_1": 42, "id_2": 4215505, "continente_id": 8, "vegetacao": null, "grade_wrs": "221_079", "frp": 8.3}, "bbox": [-50.57792, -27.00191, -50.57792, -27.00191]}, {"type": "Feature", "id": "focos_48h_br_todosats.fid--145fdae9_19dad58dfff_-2a78", "geometry": {"type": "Point", "coordinates": [-49.99712, -27.4841]}, "geometry_name": "geometria", "properties": {"id_foco_bdq": 1814857887, "foco_id": "5fb056da-bf18-361c-b330-ba7732ef7075", "longitude": -49.99712, "latitude": -27.4841, "data_hora_gmt": "2026-04-20T17:56:00Z", "data_pas": "2026-04-20", "satelite": "NPP-375", "municipio": "OTACÍLIO COSTA", "estado": "SANTA CATARINA", "pais": "Brasil", "precipitacao": null, "numero_dias_sem_chuva": null, "risco_fogo": null, "bioma": "Mata Atlântica", "id_0": 33, "id_1": 42, "id_2": 4211751, "continente_id": 8, "vegetacao": null, "grade_wrs": "221_079", "frp": 3.1}, "bbox": [-49.99712, -27.4841, -49.99712, -27.4841]}, {"type": "Feature", "id": "focos_48h_br_todosats.fid--145fdae9_19dad58dfff_-2a77", "geometry": {"type": "Point", "coordinates": [-50.189, -27.14305]}, "geometry_name": "geometria", "properties": {"id_foco_bdq": 1814857524, "foco_id": "70e9d1eb-94be-394e-9ec2-b52e40cd65d8", "longitude": -50.189, "latitude": -27.14305, "data_hora_gmt": "2026-04-20T17:56:00Z", "data_pas": "2026-04-20", "satelite": "NPP-375", "municipio": "TAIÓ", "estado": "SANTA CATARINA", "pais": "Brasil", "precipitacao": null, "numero_dias_sem_chuva": null, "risco_fogo": null, "bioma": "Mata Atlântica", "id_0": 33, "id_1": 42, "id_2": 4217808, "continente_id": 8, "vegetacao": null, "grade_wrs": "221_079", "frp": 3}, "bbox": [-50.189, -27.14305, -50.189, -27.14305]}, {"type": "Feature", "id": "focos_48h_br_todosats.fid--145fdae9_19dad58dfff_-2a76", "geometry": {"type": "Point", "coordinates": [-49.9296, -26.29458]}, "geometry_name": "geometria", "properties": {"id_foco_bdq": 1814856613, "foco_id": "21208765-41b0-3dff-9d8b-9c3ed231e7e9", "longitude": -49.9296, "latitude": -26.29458, "data_hora_gmt": "2026-04-20T17:56:00Z", "data_pas": "2026-04-20", "satelite": "NPP-375", "municipio": "ITAIÓPOLIS", "estado": "SANTA CATARINA", "pais": "Brasil", "precipitacao": null, "numero_dias_sem_chuva": null, "risco_fogo": null, "bioma": "Mata Atlântica", "id_0": 33, "id_1": 42, "id_2": 4208104, "continente_id": 8, "vegetacao": null, "grade_wrs": "221_078", "frp": 2.3}, "bbox": [-49.9296, -26.29458, -49.9296, -26.29458]}, {"type": "Feature", "id": "focos_48h_br_todosats.fid--145fdae9_19dad58dfff_-2a75", "geometry": {"type": "Point", "coordinates": [-49.15421, -28.7135]}, "geometry_name": "geometria", "properties": {"id_foco_bdq": 1814856588, "foco_id": "4b74c2ec-37fe-3b93-ba05-e7bc815d4e61", "longitude": -49.15421, "latitude": -28.7135, "data_hora_gmt": "2026-04-20T17:56:00Z", "data_pas": "2026-04-20", "satelite": "NPP-375", "municipio": "JAGUARUNA", "estado": "SANTA CATARINA", "pais": "Brasil", "precipitacao": null, "numero_dias_sem_chuva": null, "risco_fogo": null, "bioma": "Mata Atlântica", "id_0": 33, "id_1": 42, "id_2": 4208807, "continente_id": 8, "vegetacao": null, "grade_wrs": "220_080", "frp": 1.7}, "bbox": [-49.15421, -28.7135, -49.15421, -28.7135]}, {"type": "Feature", "id": "focos_48h_br_todosats.fid--145fdae9_19dad58dfff_-2a74", "geometry": {"type": "Point", "coordinates": [-49.33624, -28.1493]}, "geometry_name": "geometria", "properties": {"id_foco_bdq": 1814856577, "foco_id": "40b79256-05da-34e8-8240-dee3272c495a", "longitude": -49.33624, "latitude": -28.1493, "data_hora_gmt": "2026-04-20T17:56:00Z", "data_pas": "2026-04-20", "satelite": "NPP-375", "municipio": "GRÃO PARÁ", "estado": "SANTA CATARINA", "pais": "Brasil", "precipitacao": null, "numero_dias_sem_chuva": null, "risco_fogo": null, "bioma": "Mata Atlântica", "id_0": 33, "id_1": 42, "id_2": 4206108, "continente_id": 8, "vegetacao": null, "grade_wrs": "220_080", "frp": 2.9}, "bbox": [-49.33624, -28.1493, -49.33624, -28.1493]}, {"type": "Feature", "id": "focos_48h_br_todosats.fid--145fdae9_19dad58dfff_-2a73", "geometry": {"type": "Point", "coordinates": [-49.8548, -27.78396]}, "geometry_name": "geometria", "properties": {"id_foco_bdq": 1814856547, "foco_id": "a18155b3-e54b-34cc-8d83-9c404e1c89e7", "longitude": -49.8548, "latitude": -27.78396, "data_hora_gmt": "2026-04-20T17:56:00Z", "data_pas": "2026-04-20", "satelite": "NPP-375", "municipio": "BOCAINA DO SUL", "estado": "SANTA CATARINA", "pais": "Brasil", "precipitacao": null, "numero_dias_sem_chuva": null, "risco_fogo": null, "bioma": "Mata Atlântica", "id_0": 33, "id_1": 42, "id_2": 4202438, "continente_id": 8, "vegetacao": null, "grade_wrs": "220_079", "frp": 32}, "bbox": [-49.8548, -27.78396, -49.8548, -27.78396]}, {"type": "Feature", "id": "focos_48h_br_todosats.fid--145fdae9_19dad58dfff_-2a72", "geometry": {"type": "Point", "coordinates": [-49.44496, -27.73278]}, "geometry_name": "geometria", "properties": {"id_foco_bdq": 1814856517, "foco_id": "8023d340-b95b-3dc4-a04a-cf860053fcc4", "longitude": -49.44496, "latitude": -27.73278, "data_hora_gmt": "2026-04-20T17:56:00Z", "data_pas": "2026-04-20", "satelite": "NPP-375", "municipio": "ALFREDO WAGNER", "estado": "SANTA CATARINA", "pais": "Brasil", "precipitacao": null, "numero_dias_sem_chuva": null, "risco_fogo": null, "bioma": "Mata Atlântica", "id_0": 33, "id_1": 42, "id_2": 4200705, "continente_id": 8, "vegetacao": null, "grade_wrs": "220_079", "frp": 5.2}, "bbox": [-49.44496, -27.73278, -49.44496, -27.73278]}, {"type": "Feature", "id": "focos_48h_br_todosats.fid--145fdae9_19dad58dfff_-2a71", "geometry": {"type": "Point", "coordinates": [-50.82127, -27.34143]}, "geometry_name": "geometria", "properties": {"id_foco_bdq": 1814856460, "foco_id": "e4690839-a822-3237-bc67-e3220cea996f", "longitude": -50.82127, "latitude": -27.34143, "data_hora_gmt": "2026-04-20T17:56:00Z", "data_pas": "2026-04-20", "satelite": "NPP-375", "municipio": "BRUNÓPOLIS", "estado": "SANTA CATARINA", "pais": "Brasil", "precipitacao": null, "numero_dias_sem_chuva": null, "risco_fogo": null, "bioma": "Mata Atlântica", "id_0": 33, "id_1": 42, "id_2": 4202875, "continente_id": 8, "vegetacao": null, "grade_wrs": "221_079", "frp": 15.6}, "bbox": [-50.82127, -27.34143, -50.82127, -27.34143]}, {"type": "Feature", "id": "focos_48h_br_todosats.fid--145fdae9_19dad58dfff_-2a70", "geometry": {"type": "Point", "coordinates": [-49.6573, -28.73326]}, "geometry_name": "geometria", "properties": {"id_foco_bdq": 1814854744, "foco_id": "d37372cd-50cd-350a-beaa-fe8d58b2b949", "longitude": -49.6573, "latitude": -28.73326, "data_hora_gmt": "2026-04-20T17:56:00Z", "data_pas": "2026-04-20", "satelite": "NPP-375", "municipio": "NOVA VENEZA", "estado": "SANTA CATARINA", "pais": "Brasil", "precipitacao": null, "numero_dias_sem_chuva": null, "risco_fogo": null, "bioma": "Mata Atlântica", "id_0": 33, "id_1": 42, "id_2": 4211603, "continente_id": 8, "vegetacao": null, "grade_wrs": "220_080", "frp": 1.9}, "bbox": [-49.6573, -28.73326, -49.6573, -28.73326]}, {"type": "Feature", "id": "focos_48h_br_todosats.fid--145fdae9_19dad58dfff_-2a6f", "geometry": {"type": "Point", "coordinates": [-49.84337, -26.31024]}, "geometry_name": "geometria", "properties": {"id_foco_bdq": 1814856419, "foco_id": "343558a5-49fe-3149-a160-cbbc39ce9567", "longitude": -49.84337, "latitude": -26.31024, "data_hora_gmt": "2026-04-20T17:56:00Z", "data_pas": "2026-04-20", "satelite": "NPP-375", "municipio": "ITAIÓPOLIS", "estado": "SANTA CATARINA", "pais": "Brasil", "precipitacao": null, "numero_dias_sem_chuva": null, "risco_fogo": null, "bioma": "Mata Atlântica", "id_0": 33, "id_1": 42, "id_2": 4208104, "continente_id": 8, "vegetacao": null, "grade_wrs": "221_078", "frp": 3.5}, "bbox": [-49.84337, -26.31024, -49.84337, -26.31024]}, {"type": "Feature", "id": "focos_48h_br_todosats.fid--145fdae9_19dad58dfff_-2a6e", "geometry": {"type": "Point", "coordinates": [-49.7426, -28.73631]}, "geometry_name": "geometria", "properties": {"id_foco_bdq": 1814856413, "foco_id": "9ddf4aa5-5484-33c2-8009-139e3121ba53", "longitude": -49.7426, "latitude": -28.73631, "data_hora_gmt": "2026-04-20T17:56:00Z", "data_pas": "2026-04-20", "satelite": "NPP-375", "municipio": "MORRO GRANDE", "estado": "SANTA CATARINA", "pais": "Brasil", "precipitacao": null, "numero_dias_sem_chuva": null, "risco_fogo": null, "bioma": "Mata Atlântica", "id_0": 33, "id_1": 42, "id_2": 4211256, "continente_id": 8, "vegetacao": null, "grade_wrs": "220_080", "frp": 2.8}, "bbox": [-49.7426, -28.73631, -49.7426, -28.73631]}, {"type": "Feature", "id": "focos_48h_br_todosats.fid--145fdae9_19dad58dfff_-2a6d", "geometry": {"type": "Point", "coordinates": [-48.91277, -28.14903]}, "geometry_name": "geometria", "properties": {"id_foco_bdq": 1814854567, "foco_id": "077a69a0-f91e-3880-829c-be1b529c7c66", "longitude": -48.91277, "latitude": -28.14903, "data_hora_gmt": "2026-04-20T17:56:00Z", "data_pas": "2026-04-20", "satelite": "NPP-375", "municipio": "IMARUÍ", "estado": "SANTA CATARINA", "pais": "Brasil", "precipitacao": null, "numero_dias_sem_chuva": null, "risco_fogo": null, "bioma": "Mata Atlântica", "id_0": 33, "id_1": 42, "id_2": 4207205, "continente_id": 8, "vegetacao": null, "grade_wrs": "220_079", "frp": 8.7}, "bbox": [-48.91277, -28.14903, -48.91277, -28.14903]}, {"type": "Feature", "id": "focos_48h_br_todosats.fid--145fdae9_19dad58dfff_-2a6c", "geometry": {"type": "Point", "coordinates": [-51.17826, -26.01552]}, "geometry_name": "geometria", "properties": {"id_foco_bdq": 1814857426, "foco_id": "3f5a9236-ee90-3bd5-acad-cc07af4c2dad", "longitude": -51.17826, "latitude": -26.01552, "data_hora_gmt": "2026-04-20T17:56:00Z", "data_pas": "2026-04-20", "satelite": "NPP-375", "municipio": "CRUZ MACHADO", "estado": "PARANÁ", "pais": "Brasil", "precipitacao": null, "numero_dias_sem_chuva": null, "risco_fogo": null, "bioma": "Mata Atlântica", "id_0": 33, "id_1": 41, "id_2": 4106803, "continente_id": 8, "vegetacao": null, "grade_wrs": "222_078", "frp": 4}, "bbox": [-51.17826, -26.01552, -51.17826, -26.01552]}, {"type": "Feature", "id": "focos_48h_br_todosats.fid--145fdae9_19dad58dfff_-2a6b", "geometry": {"type": "Point", "coordinates": [-50.18975, -27.14054]}, "geometry_name": "geometria", "properties": {"id_foco_bdq": 1814854853, "foco_id": "00ab8589-5cb6-3e68-927f-4b95eafacc7a", "longitude": -50.18975, "latitude": -27.14054, "data_hora_gmt": "2026-04-20T17:56:00Z", "data_pas": "2026-04-20", "satelite": "NPP-375", "municipio": "TAIÓ", "estado": "SANTA CATARINA", "pais": "Brasil", "precipitacao": null, "numero_dias_sem_chuva": null, "risco_fogo": null, "bioma": "Mata Atlântica", "id_0": 33, "id_1": 42, "id_2": 4217808, "continente_id": 8, "vegetacao": null, "grade_wrs": "221_079", "frp": 3.8}, "bbox": [-50.18975, -27.14054, -50.18975, -27.14054]}, {"type": "Feature", "id": "focos_48h_br_todosats.fid--145fdae9_19dad58dfff_-2a6a", "geometry": {"type": "Point", "coordinates": [-50.98341, -25.69924]}, "geometry_name": "geometria", "properties": {"id_foco_bdq": 1814856232, "foco_id": "b8febcaf-4128-3d63-b215-ac6cf743c2f3", "longitude": -50.98341, "latitude": -25.69924, "data_hora_gmt": "2026-04-20T17:56:00Z", "data_pas": "2026-04-20", "satelite": "NPP-375", "municipio": "CRUZ MACHADO", "estado": "PARANÁ", "pais": "Brasil", "precipitacao": null, "numero_dias_sem_chuva": null, "risco_fogo": null, "bioma": "Mata Atlântica", "id_0": 33, "id_1": 41, "id_2": 4106803, "continente_id": 8, "vegetacao": null, "grade_wrs": "221_078", "frp": 5.8}, "bbox": [-50.98341, -25.69924, -50.98341, -25.69924]}, {"type": "Feature", "id": "focos_48h_br_todosats.fid--145fdae9_19dad58dfff_-2a69", "geometry": {"type": "Point", "coordinates": [-49.58282, -27.00113]}, "geometry_name": "geometria", "properties": {"id_foco_bdq": 1814856208, "foco_id": "4c6e2eec-cc4c-30b1-a73f-82c2b1bfe031", "longitude": -49.58282, "latitude": -27.00113, "data_hora_gmt": "2026-04-20T17:56:00Z", "data_pas": "2026-04-20", "satelite": "NPP-375", "municipio": "JOSÉ BOITEUX", "estado": "SANTA CATARINA", "pais": "Brasil", "precipitacao": null, "numero_dias_sem_chuva": null, "risco_fogo": null, "bioma": "Mata Atlântica", "id_0": 33, "id_1": 42, "id_2": 4209151, "continente_id": 8, "vegetacao": null, "grade_wrs": "220_079", "frp": 10.2}, "bbox": [-49.58282, -27.00113, -49.58282, -27.00113]}, {"type": "Feature", "id": "focos_48h_br_todosats.fid--145fdae9_19dad58dfff_-2a68", "geometry": {"type": "Point", "coordinates": [-49.85091, -27.78302]}, "geometry_name": "geometria", "properties": {"id_foco_bdq": 1814856202, "foco_id": "eefd4574-f1a5-3bf5-a5c0-83ba4da9801c", "longitude": -49.85091, "latitude": -27.78302, "data_hora_gmt": "2026-04-20T17:56:00Z", "data_pas": "2026-04-20", "satelite": "NPP-375", "municipio": "BOCAINA DO SUL", "estado": "SANTA CATARINA", "pais": "Brasil", "precipitacao": null, "numero_dias_sem_chuva": null, "risco_fogo": null, "bioma": "Mata Atlântica", "id_0": 33, "id_1": 42, "id_2": 4202438, "continente_id": 8, "vegetacao": null, "grade_wrs": "220_079", "frp": 31}, "bbox": [-49.85091, -27.78302, -49.85091, -27.78302]}, {"type": "Feature", "id": "focos_48h_br_todosats.fid--145fdae9_19dad58dfff_-2a67", "geometry": {"type": "Point", "coordinates": [-49.13674, -28.67858]}, "geometry_name": "geometria", "properties": {"id_foco_bdq": 1814856180, "foco_id": "dd2a08ce-072b-304c-ae96-9bf79e77f8ea", "longitude": -49.13674, "latitude": -28.67858, "data_hora_gmt": "2026-04-20T17:56:00Z", "data_pas": "2026-04-20", "satelite": "NPP-375", "municipio": "SANGÃO", "estado": "SANTA CATARINA", "pais": "Brasil", "precipitacao": null, "numero_dias_sem_chuva": null, "risco_fogo": null, "bioma": "Mata Atlântica", "id_0": 33, "id_1": 42, "id_2": 4215455, "continente_id": 8, "vegetacao": null, "grade_wrs": "220_080", "frp": 6.8}, "bbox": [-49.13674, -28.67858, -49.13674, -28.67858]}, {"type": "Feature", "id": "focos_48h_br_todosats.fid--145fdae9_19dad58dfff_-2a66", "geometry": {"type": "Point", "coordinates": [-49.20352, -24.72528]}, "geometry_name": "geometria", "properties": {"id_foco_bdq": 1814854568, "foco_id": "1323a665-bc78-3434-a32b-0cbe7d89fb38", "longitude": -49.20352, "latitude": -24.72528, "data_hora_gmt": "2026-04-20T17:56:00Z", "data_pas": "2026-04-20", "satelite": "NPP-375", "municipio": "CERRO AZUL", "estado": "PARANÁ", "pais": "Brasil", "precipitacao": null, "numero_dias_sem_chuva": null, "risco_fogo": null, "bioma": "Mata Atlântica", "id_0": 33, "id_1": 41, "id_2": 4105201, "continente_id": 8, "vegetacao": null, "grade_wrs": "220_077", "frp": 7.4}, "bbox": [-49.20352, -24.72528, -49.20352, -24.72528]}, {"type": "Feature", "id": "focos_48h_br_todosats.fid--145fdae9_19dad58dfff_-2a65", "geometry": {"type": "Point", "coordinates": [-49.14105, -28.67966]}, "geometry_name": "geometria", "properties": {"id_foco_bdq": 1814857407, "foco_id": "189bebe9-5658-3ea9-99e9-d1c7a6b7aa58", "longitude": -49.14105, "latitude": -28.67966, "data_hora_gmt": "2026-04-20T17:56:00Z", "data_pas": "2026-04-20", "satelite": "NPP-375", "municipio": "SANGÃO", "estado": "SANTA CATARINA", "pais": "Brasil", "precipitacao": null, "numero_dias_sem_chuva": null, "risco_fogo": null, "bioma": "Mata Atlântica", "id_0": 33, "id_1": 42, "id_2": 4215455, "continente_id": 8, "vegetacao": null, "grade_wrs": "220_080", "frp": 6.8}, "bbox": [-49.14105, -28.67966, -49.14105, -28.67966]}, {"type": "Feature", "id": "focos_48h_br_todosats.fid--145fdae9_19dad58dfff_-2a64", "geometry": {"type": "Point", "coordinates": [-50.58242, -29.15748]}, "geometry_name": "geometria", "properties": {"id_foco_bdq": 1814854624, "foco_id": "b9ee00d2-1ab2-3833-abdf-fd583c45c5aa", "longitude": -50.58242, "latitude": -29.15748, "data_hora_gmt": "2026-04-20T17:56:00Z", "data_pas": "2026-04-20", "satelite": "NPP-375", "municipio": "SÃO FRANCISCO DE PAULA", "estado": "RIO GRANDE DO SUL", "pais": "Brasil", "precipitacao": null, "numero_dias_sem_chuva": null, "risco_fogo": null, "bioma": "Mata Atlântica", "id_0": 33, "id_1": 43, "id_2": 4318200, "continente_id": 8, "vegetacao": null, "grade_wrs": "221_080", "frp": 47.7}, "bbox": [-50.58242, -29.15748, -50.58242, -29.15748]}, {"type": "Feature", "id": "focos_48h_br_todosats.fid--145fdae9_19dad58dfff_-2a63", "geometry": {"type": "Point", "coordinates": [-49.15594, -28.70782]}, "geometry_name": "geometria", "properties": {"id_foco_bdq": 1814854857, "foco_id": "5a1fa5c1-b0e2-3db1-beb7-3345f8b98524", "longitude": -49.15594, "latitude": -28.70782, "data_hora_gmt": "2026-04-20T17:56:00Z", "data_pas": "2026-04-20", "satelite": "NPP-375", "municipio": "JAGUARUNA", "estado": "SANTA CATARINA", "pais": "Brasil", "precipitacao": null, "numero_dias_sem_chuva": null, "risco_fogo": null, "bioma": "Mata Atlântica", "id_0": 33, "id_1": 42, "id_2": 4208807, "continente_id": 8, "vegetacao": null, "grade_wrs": "220_080", "frp": 4.1}, "bbox": [-49.15594, -28.70782, -49.15594, -28.70782]}, {"type": "Feature", "id": "focos_48h_br_todosats.fid--145fdae9_19dad58dfff_-2a62", "geometry": {"type": "Point", "coordinates": [-50.5788, -29.15662]}, "geometry_name": "geometria", "properties": {"id_foco_bdq": 1814855962, "foco_id": "d7d39248-7fcb-3169-9501-4c4f52068967", "longitude": -50.5788, "latitude": -29.15662, "data_hora_gmt": "2026-04-20T17:56:00Z", "data_pas": "2026-04-20", "satelite": "NPP-375", "municipio": "SÃO FRANCISCO DE PAULA", "estado": "RIO GRANDE DO SUL", "pais": "Brasil", "precipitacao": null, "numero_dias_sem_chuva": null, "risco_fogo": null, "bioma": "Mata Atlântica", "id_0": 33, "id_1": 43, "id_2": 4318200, "continente_id": 8, "vegetacao": null, "grade_wrs": "221_080", "frp": 48.5}, "bbox": [-50.5788, -29.15662, -50.5788, -29.15662]}, {"type": "Feature", "id": "focos_48h_br_todosats.fid--145fdae9_19dad58dfff_-2a61", "geometry": {"type": "Point", "coordinates": [-49.57738, -27.00445]}, "geometry_name": "geometria", "properties": {"id_foco_bdq": 1814855958, "foco_id": "3cf70b7c-f763-3302-9340-3828df28c196", "longitude": -49.57738, "latitude": -27.00445, "data_hora_gmt": "2026-04-20T17:56:00Z", "data_pas": "2026-04-20", "satelite": "NPP-375", "municipio": "IBIRAMA", "estado": "SANTA CATARINA", "pais": "Brasil", "precipitacao": null, "numero_dias_sem_chuva": null, "risco_fogo": null, "bioma": "Mata Atlântica", "id_0": 33, "id_1": 42, "id_2": 4206900, "continente_id": 8, "vegetacao": null, "grade_wrs": "220_079", "frp": 12.1}, "bbox": [-49.57738, -27.00445, -49.57738, -27.00445]}, {"type": "Feature", "id": "focos_48h_br_todosats.fid--145fdae9_19dad58dfff_-2a60", "geometry": {"type": "Point", "coordinates": [-49.32766, -24.62062]}, "geometry_name": "geometria", "properties": {"id_foco_bdq": 1814855956, "foco_id": "1408804f-93dc-31fb-8b8a-602fa706b675", "longitude": -49.32766, "latitude": -24.62062, "data_hora_gmt": "2026-04-20T17:56:00Z", "data_pas": "2026-04-20", "satelite": "NPP-375", "municipio": "DOUTOR ULYSSES", "estado": "PARANÁ", "pais": "Brasil", "precipitacao": null, "numero_dias_sem_chuva": null, "risco_fogo": null, "bioma": "Mata Atlântica", "id_0": 33, "id_1": 41, "id_2": 4128633, "continente_id": 8, "vegetacao": null, "grade_wrs": "221_077", "frp": 8.6}, "bbox": [-49.32766, -24.62062, -49.32766, -24.62062]}, {"type": "Feature", "id": "focos_48h_br_todosats.fid--145fdae9_19dad58dfff_-2a5f", "geometry": {"type": "Point", "coordinates": [-49.76545, -25.71685]}, "geometry_name": "geometria", "properties": {"id_foco_bdq": 1814855933, "foco_id": "ae83c861-544b-3db6-b53c-f567ee2b3719", "longitude": -49.76545, "latitude": -25.71685, "data_hora_gmt": "2026-04-20T17:56:00Z", "data_pas": "2026-04-20", "satelite": "NPP-375", "municipio": "LAPA", "estado": "PARANÁ", "pais": "Brasil", "precipitacao": null, "numero_dias_sem_chuva": null, "risco_fogo": null, "bioma": "Mata Atlântica", "id_0": 33, "id_1": 41, "id_2": 4113205, "continente_id": 8, "vegetacao": null, "grade_wrs": "221_078", "frp": 1.6}, "bbox": [-49.76545, -25.71685, -49.76545, -25.71685]}, {"type": "Feature", "id": "focos_48h_br_todosats.fid--145fdae9_19dad58dfff_-2a5e", "geometry": {"type": "Point", "coordinates": [-49.20681, -24.72245]}, "geometry_name": "geometria", "properties": {"id_foco_bdq": 1814855909, "foco_id": "6d4734ff-2434-392b-9dda-0ffaac1447c9", "longitude": -49.20681, "latitude": -24.72245, "data_hora_gmt": "2026-04-20T17:56:00Z", "data_pas": "2026-04-20", "satelite": "NPP-375", "municipio": "CERRO AZUL", "estado": "PARANÁ", "pais": "Brasil", "precipitacao": null, "numero_dias_sem_chuva": null, "risco_fogo": null, "bioma": "Mata Atlântica", "id_0": 33, "id_1": 41, "id_2": 4105201, "continente_id": 8, "vegetacao": null, "grade_wrs": "220_077", "frp": 7.2}, "bbox": [-49.20681, -24.72245, -49.20681, -24.72245]}, {"type": "Feature", "id": "focos_48h_br_todosats.fid--145fdae9_19dad58dfff_-2a5d", "geometry": {"type": "Point", "coordinates": [-49.39809, -28.55452]}, "geometry_name": "geometria", "properties": {"id_foco_bdq": 1814855141, "foco_id": "c89b334d-0d82-3bc7-8f7b-e6e5c7f44466", "longitude": -49.39809, "latitude": -28.55452, "data_hora_gmt": "2026-04-20T17:56:00Z", "data_pas": "2026-04-20", "satelite": "NPP-375", "municipio": "SIDERÓPOLIS", "estado": "SANTA CATARINA", "pais": "Brasil", "precipitacao": null, "numero_dias_sem_chuva": null, "risco_fogo": null, "bioma": "Mata Atlântica", "id_0": 33, "id_1": 42, "id_2": 4217600, "continente_id": 8, "vegetacao": null, "grade_wrs": "220_080", "frp": 3.8}, "bbox": [-49.39809, -28.55452, -49.39809, -28.55452]}, {"type": "Feature", "id": "focos_48h_br_todosats.fid--145fdae9_19dad58dfff_-2a5c", "geometry": {"type": "Point", "coordinates": [-49.55029, -25.03642]}, "geometry_name": "geometria", "properties": {"id_foco_bdq": 1814855013, "foco_id": "9045f9ad-e642-30bb-addc-120efff99e91", "longitude": -49.55029, "latitude": -25.03642, "data_hora_gmt": "2026-04-20T17:56:00Z", "data_pas": "2026-04-20", "satelite": "NPP-375", "municipio": "ITAPERUÇU", "estado": "PARANÁ", "pais": "Brasil", "precipitacao": null, "numero_dias_sem_chuva": null, "risco_fogo": null, "bioma": "Mata Atlântica", "id_0": 33, "id_1": 41, "id_2": 4111258, "continente_id": 8, "vegetacao": null, "grade_wrs": "221_077", "frp": 4.6}, "bbox": [-49.55029, -25.03642, -49.55029, -25.03642]}, {"type": "Feature", "id": "focos_48h_br_todosats.fid--145fdae9_19dad58dfff_-2a5b", "geometry": {"type": "Point", "coordinates": [-50.57516, -29.15576]}, "geometry_name": "geometria", "properties": {"id_foco_bdq": 1814857707, "foco_id": "0a0d7906-9529-35d0-950a-f4e334e260d2", "longitude": -50.57516, "latitude": -29.15576, "data_hora_gmt": "2026-04-20T17:56:00Z", "data_pas": "2026-04-20", "satelite": "NPP-375", "municipio": "SÃO FRANCISCO DE PAULA", "estado": "RIO GRANDE DO SUL", "pais": "Brasil", "precipitacao": null, "numero_dias_sem_chuva": null, "risco_fogo": null, "bioma": "Mata Atlântica", "id_0": 33, "id_1": 43, "id_2": 4318200, "continente_id": 8, "vegetacao": null, "grade_wrs": "221_080", "frp": 48.5}, "bbox": [-50.57516, -29.15576, -50.57516, -29.15576]}, {"type": "Feature", "id": "focos_48h_br_todosats.fid--145fdae9_19dad58dfff_-2a5a", "geometry": {"type": "Point", "coordinates": [-50.80742, -28.88746]}, "geometry_name": "geometria", "properties": {"id_foco_bdq": 1814855065, "foco_id": "ecb75796-f044-309a-b490-541ce89d2ed7", "longitude": -50.80742, "latitude": -28.88746, "data_hora_gmt": "2026-04-20T17:56:00Z", "data_pas": "2026-04-20", "satelite": "NPP-375", "municipio": "SÃO FRANCISCO DE PAULA", "estado": "RIO GRANDE DO SUL", "pais": "Brasil", "precipitacao": null, "numero_dias_sem_chuva": null, "risco_fogo": null, "bioma": "Mata Atlântica", "id_0": 33, "id_1": 43, "id_2": 4318200, "continente_id": 8, "vegetacao": null, "grade_wrs": "221_080", "frp": 6.3}, "bbox": [-50.80742, -28.88746, -50.80742, -28.88746]}, {"type": "Feature", "id": "focos_48h_br_todosats.fid--145fdae9_19dad58dfff_-2a59", "geometry": {"type": "Point", "coordinates": [-49.22438, -26.09852]}, "geometry_name": "geometria", "properties": {"id_foco_bdq": 1814857052, "foco_id": "e959cb85-bdbd-38a0-8cb1-85d66a832413", "longitude": -49.22438, "latitude": -26.09852, "data_hora_gmt": "2026-04-20T17:56:00Z", "data_pas": "2026-04-20", "satelite": "NPP-375", "municipio": "CAMPO ALEGRE", "estado": "SANTA CATARINA", "pais": "Brasil", "precipitacao": null, "numero_dias_sem_chuva": null, "risco_fogo": null, "bioma": "Mata Atlântica", "id_0": 33, "id_1": 42, "id_2": 4203303, "continente_id": 8, "vegetacao": null, "grade_wrs": "220_078", "frp": 2.4}, "bbox": [-49.22438, -26.09852, -49.22438, -26.09852]}, {"type": "Feature", "id": "focos_48h_br_todosats.fid--145fdae9_19dad58dfff_-2a58", "geometry": {"type": "Point", "coordinates": [-49.58133, -27.00543]}, "geometry_name": "geometria", "properties": {"id_foco_bdq": 1814857012, "foco_id": "32f8091b-1eab-3fc2-91cf-8867b4e32178", "longitude": -49.58133, "latitude": -27.00543, "data_hora_gmt": "2026-04-20T17:56:00Z", "data_pas": "2026-04-20", "satelite": "NPP-375", "municipio": "IBIRAMA", "estado": "SANTA CATARINA", "pais": "Brasil", "precipitacao": null, "numero_dias_sem_chuva": null, "risco_fogo": null, "bioma": "Mata Atlântica", "id_0": 33, "id_1": 42, "id_2": 4206900, "continente_id": 8, "vegetacao": null, "grade_wrs": "220_079", "frp": 12.1}, "bbox": [-49.58133, -27.00543, -49.58133, -27.00543]}, {"type": "Feature", "id": "focos_48h_br_todosats.fid--145fdae9_19dad58dfff_-2a57", "geometry": {"type": "Point", "coordinates": [-50.73582, -26.43464]}, "geometry_name": "geometria", "properties": {"id_foco_bdq": 1814854675, "foco_id": "23eb90b7-4592-316a-8314-390e433772df", "longitude": -50.73582, "latitude": -26.43464, "data_hora_gmt": "2026-04-20T17:56:00Z", "data_pas": "2026-04-20", "satelite": "NPP-375", "municipio": "IRINEÓPOLIS", "estado": "SANTA CATARINA", "pais": "Brasil", "precipitacao": null, "numero_dias_sem_chuva": null, "risco_fogo": null, "bioma": "Mata Atlântica", "id_0": 33, "id_1": 42, "id_2": 4207908, "continente_id": 8, "vegetacao": null, "grade_wrs": "221_078", "frp": 2.1}, "bbox": [-50.73582, -26.43464, -50.73582, -26.43464]}, {"type": "Feature", "id": "focos_48h_br_todosats.fid--145fdae9_19dad58dfff_-2a56", "geometry": {"type": "Point", "coordinates": [-49.39552, -25.17751]}, "geometry_name": "geometria", "properties": {"id_foco_bdq": 1814856977, "foco_id": "4c1332fe-51d2-3f65-90e8-7741d1db4108", "longitude": -49.39552, "latitude": -25.17751, "data_hora_gmt": "2026-04-20T17:56:00Z", "data_pas": "2026-04-20", "satelite": "NPP-375", "municipio": "RIO BRANCO DO SUL", "estado": "PARANÁ", "pais": "Brasil", "precipitacao": null, "numero_dias_sem_chuva": null, "risco_fogo": null, "bioma": "Mata Atlântica", "id_0": 33, "id_1": 41, "id_2": 4122206, "continente_id": 8, "vegetacao": null, "grade_wrs": "221_077", "frp": 4.8}, "bbox": [-49.39552, -25.17751, -49.39552, -25.17751]}, {"type": "Feature", "id": "focos_48h_br_todosats.fid--145fdae9_19dad58dfff_-2a55", "geometry": {"type": "Point", "coordinates": [-49.31602, -24.99121]}, "geometry_name": "geometria", "properties": {"id_foco_bdq": 1814856959, "foco_id": "ec15fc64-070b-38a5-aec9-821a737d23b3", "longitude": -49.31602, "latitude": -24.99121, "data_hora_gmt": "2026-04-20T17:56:00Z", "data_pas": "2026-04-20", "satelite": "NPP-375", "municipio": "CERRO AZUL", "estado": "PARANÁ", "pais": "Brasil", "precipitacao": null, "numero_dias_sem_chuva": null, "risco_fogo": null, "bioma": "Mata Atlântica", "id_0": 33, "id_1": 41, "id_2": 4105201, "continente_id": 8, "vegetacao": null, "grade_wrs": "221_077", "frp": 3.3}, "bbox": [-49.31602, -24.99121, -49.31602, -24.99121]}, {"type": "Feature", "id": "focos_48h_br_todosats.fid--145fdae9_19dad58dfff_-2a54", "geometry": {"type": "Point", "coordinates": [-50.5082, -27.96947]}, "geometry_name": "geometria", "properties": {"id_foco_bdq": 1814856946, "foco_id": "2c3f1db3-2d4a-369b-a47e-e56100475626", "longitude": -50.5082, "latitude": -27.96947, "data_hora_gmt": "2026-04-20T17:56:00Z", "data_pas": "2026-04-20", "satelite": "NPP-375", "municipio": "CAPÃO ALTO", "estado": "SANTA CATARINA", "pais": "Brasil", "precipitacao": null, "numero_dias_sem_chuva": null, "risco_fogo": null, "bioma": "Mata Atlântica", "id_0": 33, "id_1": 42, "id_2": 4203253, "continente_id": 8, "vegetacao": null, "grade_wrs": "221_079", "frp": 2.4}, "bbox": [-50.5082, -27.96947, -50.5082, -27.96947]}, {"type": "Feature", "id": "focos_48h_br_todosats.fid--145fdae9_19dad58dfff_-2a53", "geometry": {"type": "Point", "coordinates": [-49.73885, -28.7354]}, "geometry_name": "geometria", "properties": {"id_foco_bdq": 1814856909, "foco_id": "3d62734d-892f-387f-b291-4715ab51c116", "longitude": -49.73885, "latitude": -28.7354, "data_hora_gmt": "2026-04-20T17:56:00Z", "data_pas": "2026-04-20", "satelite": "NPP-375", "municipio": "MORRO GRANDE", "estado": "SANTA CATARINA", "pais": "Brasil", "precipitacao": null, "numero_dias_sem_chuva": null, "risco_fogo": null, "bioma": "Mata Atlântica", "id_0": 33, "id_1": 42, "id_2": 4211256, "continente_id": 8, "vegetacao": null, "grade_wrs": "220_080", "frp": 2.8}, "bbox": [-49.73885, -28.7354, -49.73885, -28.7354]}, {"type": "Feature", "id": "focos_48h_br_todosats.fid--145fdae9_19dad58dfff_-2a52", "geometry": {"type": "Point", "coordinates": [-49.09248, -28.22262]}, "geometry_name": "geometria", "properties": {"id_foco_bdq": 1814857643, "foco_id": "edadc1ee-df54-34eb-9420-8c633e0ae9f7", "longitude": -49.09248, "latitude": -28.22262, "data_hora_gmt": "2026-04-20T17:56:00Z", "data_pas": "2026-04-20", "satelite": "NPP-375", "municipio": "BRAÇO DO NORTE", "estado": "SANTA CATARINA", "pais": "Brasil", "precipitacao": null, "numero_dias_sem_chuva": null, "risco_fogo": null, "bioma": "Mata Atlântica", "id_0": 33, "id_1": 42, "id_2": 4202800, "continente_id": 8, "vegetacao": null, "grade_wrs": "220_080", "frp": 7.1}, "bbox": [-49.09248, -28.22262, -49.09248, -28.22262]}, {"type": "Feature", "id": "focos_48h_br_todosats.fid--145fdae9_19dad58dfff_-2a51", "geometry": {"type": "Point", "coordinates": [-49.96877, -20.61981]}, "geometry_name": "geometria", "properties": {"id_foco_bdq": 1814857951, "foco_id": "edc448ab-3e88-3156-9efa-d508a6daed5f", "longitude": -49.96877, "latitude": -20.61981, "data_hora_gmt": "2026-04-20T17:58:00Z", "data_pas": "2026-04-20", "satelite": "NPP-375", "municipio": "SEBASTIANÓPOLIS DO SUL", "estado": "SÃO PAULO", "pais": "Brasil", "precipitacao": null, "numero_dias_sem_chuva": null, "risco_fogo": null, "bioma": "Cerrado", "id_0": 33, "id_1": 35, "id_2": 3551306, "continente_id": 8, "vegetacao": null, "grade_wrs": "222_074", "frp": 4.2}, "bbox": [-49.96877, -20.61981, -49.96877, -20.61981]}, {"type": "Feature", "id": "focos_48h_br_todosats.fid--145fdae9_19dad58dfff_-2a50", "geometry": {"type": "Point", "coordinates": [-54.54849, -18.41946]}, "geometry_name": "geometria", "properties": {"id_foco_bdq": 1814856847, "foco_id": "22aaf160-457b-31b2-80de-0ef3619b5956", "longitude": -54.54849, "latitude": -18.41946, "data_hora_gmt": "2026-04-20T17:58:00Z", "data_pas": "2026-04-20", "satelite": "NPP-375", "municipio": "COXIM", "estado": "MATO GROSSO DO SUL", "pais": "Brasil", "precipitacao": null, "numero_dias_sem_chuva": null, "risco_fogo": null, "bioma": "Cerrado", "id_0": 33, "id_1": 50, "id_2": 5003306, "continente_id": 8, "vegetacao": null, "grade_wrs": "225_073", "frp": 5.1}, "bbox": [-54.54849, -18.41946, -54.54849, -18.41946]}, {"type": "Feature", "id": "focos_48h_br_todosats.fid--145fdae9_19dad58dfff_-2a4f", "geometry": {"type": "Point", "coordinates": [-51.45845, -22.77571]}, "geometry_name": "geometria", "properties": {"id_foco_bdq": 1814855870, "foco_id": "460fbd8f-b8ca-3ff1-86b0-6ee5984c2bb4", "longitude": -51.45845, "latitude": -22.77571, "data_hora_gmt": "2026-04-20T17:58:00Z", "data_pas": "2026-04-20", "satelite": "NPP-375", "municipio": "PORECATU", "estado": "PARANÁ", "pais": "Brasil", "precipitacao": null, "numero_dias_sem_chuva": null, "risco_fogo": null, "bioma": "Mata Atlântica", "id_0": 33, "id_1": 41, "id_2": 4120002, "continente_id": 8, "vegetacao": null, "grade_wrs": "222_076", "frp": 1.5}, "bbox": [-51.45845, -22.77571, -51.45845, -22.77571]}, {"type": "Feature", "id": "focos_48h_br_todosats.fid--145fdae9_19dad58dfff_-2a4e", "geometry": {"type": "Point", "coordinates": [-54.54959, -18.4143]}, "geometry_name": "geometria", "properties": {"id_foco_bdq": 1814855035, "foco_id": "c6072e18-7480-3aed-9b87-0634172c74d0", "longitude": -54.54959, "latitude": -18.4143, "data_hora_gmt": "2026-04-20T17:58:00Z", "data_pas": "2026-04-20", "satelite": "NPP-375", "municipio": "COXIM", "estado": "MATO GROSSO DO SUL", "pais": "Brasil", "precipitacao": null, "numero_dias_sem_chuva": null, "risco_fogo": null, "bioma": "Cerrado", "id_0": 33, "id_1": 50, "id_2": 5003306, "continente_id": 8, "vegetacao": null, "grade_wrs": "225_073", "frp": 5.1}, "bbox": [-54.54959, -18.4143, -54.54959, -18.4143]}, {"type": "Feature", "id": "focos_48h_br_todosats.fid--145fdae9_19dad58dfff_-2a4d", "geometry": {"type": "Point", "coordinates": [-53.7764, -17.34487]}, "geometry_name": "geometria", "properties": {"id_foco_bdq": 1814854487, "foco_id": "9d4e0641-1f14-33f6-b37a-977af86b2763", "longitude": -53.7764, "latitude": -17.34487, "data_hora_gmt": "2026-04-20T17:58:00Z", "data_pas": "2026-04-20", "satelite": "NPP-375", "municipio": "SONORA", "estado": "MATO GROSSO DO SUL", "pais": "Brasil", "precipitacao": null, "numero_dias_sem_chuva": null, "risco_fogo": null, "bioma": "Cerrado", "id_0": 33, "id_1": 50, "id_2": 5007935, "continente_id": 8, "vegetacao": null, "grade_wrs": "225_072", "frp": 7.4}, "bbox": [-53.7764, -17.34487, -53.7764, -17.34487]}, {"type": "Feature", "id": "focos_48h_br_todosats.fid--145fdae9_19dad58dfff_-2a4c", "geometry": {"type": "Point", "coordinates": [-54.55051, -18.41509]}, "geometry_name": "geometria", "properties": {"id_foco_bdq": 1814854507, "foco_id": "1dee5ca9-c0b2-3f5e-a820-699d6dcc606d", "longitude": -54.55051, "latitude": -18.41509, "data_hora_gmt": "2026-04-20T17:58:00Z", "data_pas": "2026-04-20", "satelite": "NPP-375", "municipio": "COXIM", "estado": "MATO GROSSO DO SUL", "pais": "Brasil", "precipitacao": null, "numero_dias_sem_chuva": null, "risco_fogo": null, "bioma": "Cerrado", "id_0": 33, "id_1": 50, "id_2": 5003306, "continente_id": 8, "vegetacao": null, "grade_wrs": "225_073", "frp": 7.9}, "bbox": [-54.55051, -18.41509, -54.55051, -18.41509]}, {"type": "Feature", "id": "focos_48h_br_todosats.fid--145fdae9_19dad58dfff_-2a4b", "geometry": {"type": "Point", "coordinates": [-54.55269, -18.41493]}, "geometry_name": "geometria", "properties": {"id_foco_bdq": 1814855792, "foco_id": "d3ea7f40-ff83-321e-ba94-42bc51b48653", "longitude": -54.55269, "latitude": -18.41493, "data_hora_gmt": "2026-04-20T17:58:00Z", "data_pas": "2026-04-20", "satelite": "NPP-375", "municipio": "COXIM", "estado": "MATO GROSSO DO SUL", "pais": "Brasil", "precipitacao": null, "numero_dias_sem_chuva": null, "risco_fogo": null, "bioma": "Cerrado", "id_0": 33, "id_1": 50, "id_2": 5003306, "continente_id": 8, "vegetacao": null, "grade_wrs": "225_073", "frp": 5.1}, "bbox": [-54.55269, -18.41493, -54.55269, -18.41493]}, {"type": "Feature", "id": "focos_48h_br_todosats.fid--145fdae9_19dad58dfff_-2a4a", "geometry": {"type": "Point", "coordinates": [-51.73706, -17.57988]}, "geometry_name": "geometria", "properties": {"id_foco_bdq": 1814856062, "foco_id": "95bb30dc-df63-353a-8668-8a50eb5b4349", "longitude": -51.73706, "latitude": -17.57988, "data_hora_gmt": "2026-04-20T17:58:00Z", "data_pas": "2026-04-20", "satelite": "NPP-375", "municipio": "JATAÍ", "estado": "GOIÁS", "pais": "Brasil", "precipitacao": null, "numero_dias_sem_chuva": null, "risco_fogo": null, "bioma": "Cerrado", "id_0": 33, "id_1": 52, "id_2": 5211909, "continente_id": 8, "vegetacao": null, "grade_wrs": "223_072", "frp": 5.6}, "bbox": [-51.73706, -17.57988, -51.73706, -17.57988]}, {"type": "Feature", "id": "focos_48h_br_todosats.fid--145fdae9_19dad58dfff_-2a49", "geometry": {"type": "Point", "coordinates": [-56.26443, -21.88661]}, "geometry_name": "geometria", "properties": {"id_foco_bdq": 1814857871, "foco_id": "9e6859c9-080a-346f-8ff8-98269e2892db", "longitude": -56.26443, "latitude": -21.88661, "data_hora_gmt": "2026-04-20T17:58:00Z", "data_pas": "2026-04-20", "satelite": "NPP-375", "municipio": "BELA VISTA", "estado": "MATO GROSSO DO SUL", "pais": "Brasil", "precipitacao": null, "numero_dias_sem_chuva": null, "risco_fogo": null, "bioma": "Cerrado", "id_0": 33, "id_1": 50, "id_2": 5002100, "continente_id": 8, "vegetacao": null, "grade_wrs": "225_075", "frp": 3.6}, "bbox": [-56.26443, -21.88661, -56.26443, -21.88661]}, {"type": "Feature", "id": "focos_48h_br_todosats.fid--145fdae9_19dad58dfff_-2a48", "geometry": {"type": "Point", "coordinates": [-48.21152, -21.4522]}, "geometry_name": "geometria", "properties": {"id_foco_bdq": 1814856235, "foco_id": "2b9f7dae-792b-359a-9891-ab163835621d", "longitude": -48.21152, "latitude": -21.4522, "data_hora_gmt": "2026-04-20T17:58:00Z", "data_pas": "2026-04-20", "satelite": "NPP-375", "municipio": "GUARIBA", "estado": "SÃO PAULO", "pais": "Brasil", "precipitacao": null, "numero_dias_sem_chuva": null, "risco_fogo": null, "bioma": "Cerrado", "id_0": 33, "id_1": 35, "id_2": 3518602, "continente_id": 8, "vegetacao": null, "grade_wrs": "220_075", "frp": 5.9}, "bbox": [-48.21152, -21.4522, -48.21152, -21.4522]}, {"type": "Feature", "id": "focos_48h_br_todosats.fid--145fdae9_19dad58dfff_-2a47", "geometry": {"type": "Point", "coordinates": [-51.18069, -18.12444]}, "geometry_name": "geometria", "properties": {"id_foco_bdq": 1814855915, "foco_id": "20f67212-b2ea-3ece-8210-ce9c824a864a", "longitude": -51.18069, "latitude": -18.12444, "data_hora_gmt": "2026-04-20T17:58:00Z", "data_pas": "2026-04-20", "satelite": "NPP-375", "municipio": "APARECIDA DO RIO DOCE", "estado": "GOIÁS", "pais": "Brasil", "precipitacao": null, "numero_dias_sem_chuva": null, "risco_fogo": null, "bioma": "Cerrado", "id_0": 33, "id_1": 52, "id_2": 5201454, "continente_id": 8, "vegetacao": null, "grade_wrs": "223_073", "frp": 3.1}, "bbox": [-51.18069, -18.12444, -51.18069, -18.12444]}, {"type": "Feature", "id": "focos_48h_br_todosats.fid--145fdae9_19dad58dfff_-2a46", "geometry": {"type": "Point", "coordinates": [-54.54943, -18.42025]}, "geometry_name": "geometria", "properties": {"id_foco_bdq": 1814856217, "foco_id": "b89e8f97-796a-3f10-8859-938bd153b8c8", "longitude": -54.54943, "latitude": -18.42025, "data_hora_gmt": "2026-04-20T17:58:00Z", "data_pas": "2026-04-20", "satelite": "NPP-375", "municipio": "COXIM", "estado": "MATO GROSSO DO SUL", "pais": "Brasil", "precipitacao": null, "numero_dias_sem_chuva": null, "risco_fogo": null, "bioma": "Cerrado", "id_0": 33, "id_1": 50, "id_2": 5003306, "continente_id": 8, "vegetacao": null, "grade_wrs": "225_073", "frp": 7.9}, "bbox": [-54.54943, -18.42025, -54.54943, -18.42025]}, {"type": "Feature", "id": "focos_48h_br_todosats.fid--145fdae9_19dad58dfff_-2a45", "geometry": {"type": "Point", "coordinates": [-56.96149, -11.80058]}, "geometry_name": "geometria", "properties": {"id_foco_bdq": 1814856764, "foco_id": "ce77557a-dd11-36e9-be22-43f5a097ab01", "longitude": -56.96149, "latitude": -11.80058, "data_hora_gmt": "2026-04-20T18:00:00Z", "data_pas": "2026-04-20", "satelite": "NPP-375", "municipio": "PORTO DOS GAÚCHOS", "estado": "MATO GROSSO", "pais": "Brasil", "precipitacao": null, "numero_dias_sem_chuva": null, "risco_fogo": null, "bioma": "Amazônia", "id_0": 33, "id_1": 51, "id_2": 5106802, "continente_id": 8, "vegetacao": null, "grade_wrs": "227_068", "frp": 15.4}, "bbox": [-56.96149, -11.80058, -56.96149, -11.80058]}, {"type": "Feature", "id": "focos_48h_br_todosats.fid--145fdae9_19dad58dfff_-2a44", "geometry": {"type": "Point", "coordinates": [-51.28518, -15.27243]}, "geometry_name": "geometria", "properties": {"id_foco_bdq": 1814857654, "foco_id": "aa7d9f74-5b85-32d8-bb12-6a8aa42f4dfe", "longitude": -51.28518, "latitude": -15.27243, "data_hora_gmt": "2026-04-20T18:00:00Z", "data_pas": "2026-04-20", "satelite": "NPP-375", "municipio": "JUSSARA", "estado": "GOIÁS", "pais": "Brasil", "precipitacao": null, "numero_dias_sem_chuva": null, "risco_fogo": null, "bioma": "Cerrado", "id_0": 33, "id_1": 52, "id_2": 5212204, "continente_id": 8, "vegetacao": null, "grade_wrs": "223_071", "frp": 2.8}, "bbox": [-51.28518, -15.27243, -51.28518, -15.27243]}, {"type": "Feature", "id": "focos_48h_br_todosats.fid--145fdae9_19dad58dfff_-2a43", "geometry": {"type": "Point", "coordinates": [-50.05589, -13.87992]}, "geometry_name": "geometria", "properties": {"id_foco_bdq": 1814855193, "foco_id": "75026988-2905-3402-89b4-f60bfaf8e955", "longitude": -50.05589, "latitude": -13.87992, "data_hora_gmt": "2026-04-20T18:00:00Z", "data_pas": "2026-04-20", "satelite": "NPP-375", "municipio": "MUNDO NOVO", "estado": "GOIÁS", "pais": "Brasil", "precipitacao": null, "numero_dias_sem_chuva": null, "risco_fogo": null, "bioma": "Cerrado", "id_0": 33, "id_1": 52, "id_2": 5214051, "continente_id": 8, "vegetacao": null, "grade_wrs": "223_070", "frp": 12.9}, "bbox": [-50.05589, -13.87992, -50.05589, -13.87992]}, {"type": "Feature", "id": "focos_48h_br_todosats.fid--145fdae9_19dad58dfff_-2a42", "geometry": {"type": "Point", "coordinates": [-56.63401, -13.9921]}, "geometry_name": "geometria", "properties": {"id_foco_bdq": 1814855286, "foco_id": "dc32e076-f3ba-36d8-b510-24d7097446cb", "longitude": -56.63401, "latitude": -13.9921, "data_hora_gmt": "2026-04-20T18:00:00Z", "data_pas": "2026-04-20", "satelite": "NPP-375", "municipio": "DIAMANTINO", "estado": "MATO GROSSO", "pais": "Brasil", "precipitacao": null, "numero_dias_sem_chuva": null, "risco_fogo": null, "bioma": "Cerrado", "id_0": 33, "id_1": 51, "id_2": 5103502, "continente_id": 8, "vegetacao": null, "grade_wrs": "227_070", "frp": 9.7}, "bbox": [-56.63401, -13.9921, -56.63401, -13.9921]}, {"type": "Feature", "id": "focos_48h_br_todosats.fid--145fdae9_19dad58dfff_-2a41", "geometry": {"type": "Point", "coordinates": [-56.62754, -13.99593]}, "geometry_name": "geometria", "properties": {"id_foco_bdq": 1814857142, "foco_id": "7ab31cee-c401-3b6f-a760-09e504e6e10b", "longitude": -56.62754, "latitude": -13.99593, "data_hora_gmt": "2026-04-20T18:00:00Z", "data_pas": "2026-04-20", "satelite": "NPP-375", "municipio": "DIAMANTINO", "estado": "MATO GROSSO", "pais": "Brasil", "precipitacao": null, "numero_dias_sem_chuva": null, "risco_fogo": null, "bioma": "Cerrado", "id_0": 33, "id_1": 51, "id_2": 5103502, "continente_id": 8, "vegetacao": null, "grade_wrs": "227_070", "frp": 9.7}, "bbox": [-56.62754, -13.99593, -56.62754, -13.99593]}, {"type": "Feature", "id": "focos_48h_br_todosats.fid--145fdae9_19dad58dfff_-2a40", "geometry": {"type": "Point", "coordinates": [-50.05426, -13.88009]}, "geometry_name": "geometria", "properties": {"id_foco_bdq": 1814857435, "foco_id": "f3c5269f-a5a4-3cea-aea7-e3242f2eab13", "longitude": -50.05426, "latitude": -13.88009, "data_hora_gmt": "2026-04-20T18:00:00Z", "data_pas": "2026-04-20", "satelite": "NPP-375", "municipio": "MUNDO NOVO", "estado": "GOIÁS", "pais": "Brasil", "precipitacao": null, "numero_dias_sem_chuva": null, "risco_fogo": null, "bioma": "Cerrado", "id_0": 33, "id_1": 52, "id_2": 5214051, "continente_id": 8, "vegetacao": null, "grade_wrs": "223_070", "frp": 11}, "bbox": [-50.05426, -13.88009, -50.05426, -13.88009]}, {"type": "Feature", "id": "focos_48h_br_todosats.fid--145fdae9_19dad58dfff_-2a3f", "geometry": {"type": "Point", "coordinates": [-66.29449, -0.36602]}, "geometry_name": "geometria", "properties": {"id_foco_bdq": 1814854982, "foco_id": "947d042a-38a9-31f5-9b9e-bf287fd68dd1", "longitude": -66.29449, "latitude": -0.36602, "data_hora_gmt": "2026-04-20T18:04:00Z", "data_pas": "2026-04-20", "satelite": "NPP-375", "municipio": "SÃO GABRIEL DA CACHOEIRA", "estado": "AMAZONAS", "pais": "Brasil", "precipitacao": null, "numero_dias_sem_chuva": null, "risco_fogo": null, "bioma": "Amazônia", "id_0": 33, "id_1": 13, "id_2": 1303809, "continente_id": 8, "vegetacao": null, "grade_wrs": "002_060", "frp": 5}, "bbox": [-66.29449, -0.36602, -66.29449, -0.36602]}, {"type": "Feature", "id": "focos_48h_br_todosats.fid--145fdae9_19dad58dfff_-2a3e", "geometry": {"type": "Point", "coordinates": [-67.28964, 0.51463]}, "geometry_name": "geometria", "properties": {"id_foco_bdq": 1814855812, "foco_id": "c503365c-4fba-3334-8393-7998c51c8bbc", "longitude": -67.28964, "latitude": 0.51463, "data_hora_gmt": "2026-04-20T18:04:00Z", "data_pas": "2026-04-20", "satelite": "NPP-375", "municipio": "SÃO GABRIEL DA CACHOEIRA", "estado": "AMAZONAS", "pais": "Brasil", "precipitacao": null, "numero_dias_sem_chuva": null, "risco_fogo": null, "bioma": "Amazônia", "id_0": 33, "id_1": 13, "id_2": 1303809, "continente_id": 8, "vegetacao": null, "grade_wrs": "003_060", "frp": 5.6}, "bbox": [-67.28964, 0.51463, -67.28964, 0.51463]}, {"type": "Feature", "id": "focos_48h_br_todosats.fid--145fdae9_19dad58dfff_-2a3d", "geometry": {"type": "Point", "coordinates": [-66.93625, -2.93184]}, "geometry_name": "geometria", "properties": {"id_foco_bdq": 1814855063, "foco_id": "8a2bf733-05ae-3c45-95a8-8a297472d7bf", "longitude": -66.93625, "latitude": -2.93184, "data_hora_gmt": "2026-04-20T18:04:00Z", "data_pas": "2026-04-20", "satelite": "NPP-375", "municipio": "JUTAÍ", "estado": "AMAZONAS", "pais": "Brasil", "precipitacao": null, "numero_dias_sem_chuva": null, "risco_fogo": null, "bioma": "Amazônia", "id_0": 33, "id_1": 13, "id_2": 1302306, "continente_id": 8, "vegetacao": null, "grade_wrs": "002_062", "frp": 3.3}, "bbox": [-66.93625, -2.93184, -66.93625, -2.93184]}, {"type": "Feature", "id": "focos_48h_br_todosats.fid--145fdae9_19dad58dfff_-2a3c", "geometry": {"type": "Point", "coordinates": [-69.54279, -4.04827]}, "geometry_name": "geometria", "properties": {"id_foco_bdq": 1814857926, "foco_id": "d9c43eb4-0e49-30ce-b469-ce1ad95ab236", "longitude": -69.54279, "latitude": -4.04827, "data_hora_gmt": "2026-04-20T18:04:00Z", "data_pas": "2026-04-20", "satelite": "NPP-375", "municipio": "TABATINGA", "estado": "AMAZONAS", "pais": "Brasil", "precipitacao": null, "numero_dias_sem_chuva": null, "risco_fogo": null, "bioma": "Amazônia", "id_0": 33, "id_1": 13, "id_2": 1304062, "continente_id": 8, "vegetacao": null, "grade_wrs": "004_063", "frp": 7.2}, "bbox": [-69.54279, -4.04827, -69.54279, -4.04827]}, {"type": "Feature", "id": "focos_48h_br_todosats.fid--145fdae9_19dad58dfff_-2a3b", "geometry": {"type": "Point", "coordinates": [-59.62194, 4.04503]}, "geometry_name": "geometria", "properties": {"id_foco_bdq": 1814856506, "foco_id": "efc8509a-506a-3f3d-821f-9a0a23120631", "longitude": -59.62194, "latitude": 4.04503, "data_hora_gmt": "2026-04-20T18:04:00Z", "data_pas": "2026-04-20", "satelite": "NPP-375", "municipio": "NORMANDIA", "estado": "RORAIMA", "pais": "Brasil", "precipitacao": null, "numero_dias_sem_chuva": null, "risco_fogo": null, "bioma": "Amazônia", "id_0": 33, "id_1": 14, "id_2": 1400407, "continente_id": 8, "vegetacao": null, "grade_wrs": "231_057", "frp": 2.8}, "bbox": [-59.62194, 4.04503, -59.62194, 4.04503]}, {"type": "Feature", "id": "focos_48h_br_todosats.fid--145fdae9_19dad58dfff_-2a3a", "geometry": {"type": "Point", "coordinates": [-44.04816, -20.78415]}, "geometry_name": "geometria", "properties": {"id_foco_bdq": 1814856649, "foco_id": "377dcbb6-cfbc-399d-bfaa-766c48c0b417", "longitude": -44.04816, "latitude": -20.78415, "data_hora_gmt": "2026-04-20T18:11:00Z", "data_pas": "2026-04-20", "satelite": "AQUA_M-T", "municipio": "ENTRE RIOS DE MINAS", "estado": "MINAS GERAIS", "pais": "Brasil", "precipitacao": null, "numero_dias_sem_chuva": null, "risco_fogo": null, "bioma": "Mata Atlântica", "id_0": 33, "id_1": 31, "id_2": 3123908, "continente_id": 8, "vegetacao": null, "grade_wrs": "218_074", "frp": 11.3}, "bbox": [-44.04816, -20.78415, -44.04816, -20.78415]}, {"type": "Feature", "id": "focos_48h_br_todosats.fid--145fdae9_19dad58dfff_-2a39", "geometry": {"type": "Point", "coordinates": [-40.07039, -19.59435]}, "geometry_name": "geometria", "properties": {"id_foco_bdq": 1814854488, "foco_id": "5bd8ca6b-84e7-3fdd-8e5b-cc55ff063d0f", "longitude": -40.07039, "latitude": -19.59435, "data_hora_gmt": "2026-04-20T18:11:00Z", "data_pas": "2026-04-20", "satelite": "AQUA_M-T", "municipio": "ARACRUZ", "estado": "ESPÍRITO SANTO", "pais": "Brasil", "precipitacao": null, "numero_dias_sem_chuva": null, "risco_fogo": null, "bioma": "Mata Atlântica", "id_0": 33, "id_1": 32, "id_2": 3200607, "continente_id": 8, "vegetacao": null, "grade_wrs": "215_074", "frp": 5.4}, "bbox": [-40.07039, -19.59435, -40.07039, -19.59435]}, {"type": "Feature", "id": "focos_48h_br_todosats.fid--145fdae9_19dad58dfff_-2a38", "geometry": {"type": "Point", "coordinates": [-39.92747, -18.89005]}, "geometry_name": "geometria", "properties": {"id_foco_bdq": 1814855638, "foco_id": "cd3f66e0-3adf-39d3-ad36-07e4ebc65eac", "longitude": -39.92747, "latitude": -18.89005, "data_hora_gmt": "2026-04-20T18:11:00Z", "data_pas": "2026-04-20", "satelite": "AQUA_M-T", "municipio": "SÃO MATEUS", "estado": "ESPÍRITO SANTO", "pais": "Brasil", "precipitacao": null, "numero_dias_sem_chuva": null, "risco_fogo": null, "bioma": "Mata Atlântica", "id_0": 33, "id_1": 32, "id_2": 3204906, "continente_id": 8, "vegetacao": null, "grade_wrs": "215_073", "frp": 6.7}, "bbox": [-39.92747, -18.89005, -39.92747, -18.89005]}, {"type": "Feature", "id": "focos_48h_br_todosats.fid--145fdae9_19dad58dfff_-2a37", "geometry": {"type": "Point", "coordinates": [-39.92599, -18.89885]}, "geometry_name": "geometria", "properties": {"id_foco_bdq": 1814855045, "foco_id": "684e2108-bf01-33f6-aae7-a4f6d7a42bad", "longitude": -39.92599, "latitude": -18.89885, "data_hora_gmt": "2026-04-20T18:11:00Z", "data_pas": "2026-04-20", "satelite": "AQUA_M-T", "municipio": "SÃO MATEUS", "estado": "ESPÍRITO SANTO", "pais": "Brasil", "precipitacao": null, "numero_dias_sem_chuva": null, "risco_fogo": null, "bioma": "Mata Atlântica", "id_0": 33, "id_1": 32, "id_2": 3204906, "continente_id": 8, "vegetacao": null, "grade_wrs": "215_073", "frp": 9.6}, "bbox": [-39.92599, -18.89885, -39.92599, -18.89885]}, {"type": "Feature", "id": "focos_48h_br_todosats.fid--145fdae9_19dad58dfff_-2a36", "geometry": {"type": "Point", "coordinates": [-39.95044, -18.8664]}, "geometry_name": "geometria", "properties": {"id_foco_bdq": 1814856469, "foco_id": "4e3656a7-648f-3afb-b018-a444753e6e96", "longitude": -39.95044, "latitude": -18.8664, "data_hora_gmt": "2026-04-20T18:11:00Z", "data_pas": "2026-04-20", "satelite": "AQUA_M-T", "municipio": "SÃO MATEUS", "estado": "ESPÍRITO SANTO", "pais": "Brasil", "precipitacao": null, "numero_dias_sem_chuva": null, "risco_fogo": null, "bioma": "Mata Atlântica", "id_0": 33, "id_1": 32, "id_2": 3204906, "continente_id": 8, "vegetacao": null, "grade_wrs": "215_073", "frp": 7.7}, "bbox": [-39.95044, -18.8664, -39.95044, -18.8664]}, {"type": "Feature", "id": "focos_48h_br_todosats.fid--145fdae9_19dad58dfff_-2a35", "geometry": {"type": "Point", "coordinates": [-39.94117, -18.86502]}, "geometry_name": "geometria", "properties": {"id_foco_bdq": 1814856188, "foco_id": "b2dea9e8-c29a-32c8-bc31-245c85eca02f", "longitude": -39.94117, "latitude": -18.86502, "data_hora_gmt": "2026-04-20T18:11:00Z", "data_pas": "2026-04-20", "satelite": "AQUA_M-T", "municipio": "SÃO MATEUS", "estado": "ESPÍRITO SANTO", "pais": "Brasil", "precipitacao": null, "numero_dias_sem_chuva": null, "risco_fogo": null, "bioma": "Mata Atlântica", "id_0": 33, "id_1": 32, "id_2": 3204906, "continente_id": 8, "vegetacao": null, "grade_wrs": "215_073", "frp": 5.3}, "bbox": [-39.94117, -18.86502, -39.94117, -18.86502]}, {"type": "Feature", "id": "focos_48h_br_todosats.fid--145fdae9_19dad58dfff_-2a34", "geometry": {"type": "Point", "coordinates": [-40.25438, -20.15713]}, "geometry_name": "geometria", "properties": {"id_foco_bdq": 1814857813, "foco_id": "4fa952a1-7d0f-379c-bbc1-a9a965caea9a", "longitude": -40.25438, "latitude": -20.15713, "data_hora_gmt": "2026-04-20T18:11:00Z", "data_pas": "2026-04-20", "satelite": "AQUA_M-T", "municipio": "SERRA", "estado": "ESPÍRITO SANTO", "pais": "Brasil", "precipitacao": null, "numero_dias_sem_chuva": null, "risco_fogo": null, "bioma": "Mata Atlântica", "id_0": 33, "id_1": 32, "id_2": 3205002, "continente_id": 8, "vegetacao": null, "grade_wrs": "215_074", "frp": 4.4}, "bbox": [-40.25438, -20.15713, -40.25438, -20.15713]}, {"type": "Feature", "id": "focos_48h_br_todosats.fid--145fdae9_19dad58dfff_-2a33", "geometry": {"type": "Point", "coordinates": [-39.93527, -18.90023]}, "geometry_name": "geometria", "properties": {"id_foco_bdq": 1814857462, "foco_id": "50a4c1b5-d075-3150-b724-5c713b54ce82", "longitude": -39.93527, "latitude": -18.90023, "data_hora_gmt": "2026-04-20T18:11:00Z", "data_pas": "2026-04-20", "satelite": "AQUA_M-T", "municipio": "SÃO MATEUS", "estado": "ESPÍRITO SANTO", "pais": "Brasil", "precipitacao": null, "numero_dias_sem_chuva": null, "risco_fogo": null, "bioma": "Mata Atlântica", "id_0": 33, "id_1": 32, "id_2": 3204906, "continente_id": 8, "vegetacao": null, "grade_wrs": "215_073", "frp": 6.3}, "bbox": [-39.93527, -18.90023, -39.93527, -18.90023]}, {"type": "Feature", "id": "focos_48h_br_todosats.fid--145fdae9_19dad58dfff_-2a32", "geometry": {"type": "Point", "coordinates": [-43.13366, -20.78958]}, "geometry_name": "geometria", "properties": {"id_foco_bdq": 1814854798, "foco_id": "87b56068-ea7b-3103-9bae-df9ce494e16c", "longitude": -43.13366, "latitude": -20.78958, "data_hora_gmt": "2026-04-20T18:11:00Z", "data_pas": "2026-04-20", "satelite": "AQUA_M-T", "municipio": "PRESIDENTE BERNARDES", "estado": "MINAS GERAIS", "pais": "Brasil", "precipitacao": null, "numero_dias_sem_chuva": null, "risco_fogo": null, "bioma": "Mata Atlântica", "id_0": 33, "id_1": 31, "id_2": 3153103, "continente_id": 8, "vegetacao": null, "grade_wrs": "217_074", "frp": 9.3}, "bbox": [-43.13366, -20.78958, -43.13366, -20.78958]}, {"type": "Feature", "id": "focos_48h_br_todosats.fid--145fdae9_19dad58dfff_-2a31", "geometry": {"type": "Point", "coordinates": [-39.93675, -18.89143]}, "geometry_name": "geometria", "properties": {"id_foco_bdq": 1814854887, "foco_id": "58fcfcbd-7a7b-31c0-834d-9edaafa85c54", "longitude": -39.93675, "latitude": -18.89143, "data_hora_gmt": "2026-04-20T18:11:00Z", "data_pas": "2026-04-20", "satelite": "AQUA_M-T", "municipio": "SÃO MATEUS", "estado": "ESPÍRITO SANTO", "pais": "Brasil", "precipitacao": null, "numero_dias_sem_chuva": null, "risco_fogo": null, "bioma": "Mata Atlântica", "id_0": 33, "id_1": 32, "id_2": 3204906, "continente_id": 8, "vegetacao": null, "grade_wrs": "215_073", "frp": 6}, "bbox": [-39.93675, -18.89143, -39.93675, -18.89143]}, {"type": "Feature", "id": "focos_48h_br_todosats.fid--145fdae9_19dad58dfff_-2a30", "geometry": {"type": "Point", "coordinates": [-41.07215, -13.46262]}, "geometry_name": "geometria", "properties": {"id_foco_bdq": 1814856073, "foco_id": "29113837-856e-3631-b0ae-5cbaf6e1051c", "longitude": -41.07215, "latitude": -13.46262, "data_hora_gmt": "2026-04-20T18:13:00Z", "data_pas": "2026-04-20", "satelite": "AQUA_M-T", "municipio": "IRAMAIA", "estado": "BAHIA", "pais": "Brasil", "precipitacao": null, "numero_dias_sem_chuva": null, "risco_fogo": null, "bioma": "Caatinga", "id_0": 33, "id_1": 29, "id_2": 2914307, "continente_id": 8, "vegetacao": null, "grade_wrs": "217_069", "frp": 4.3}, "bbox": [-41.07215, -13.46262, -41.07215, -13.46262]}, {"type": "Feature", "id": "focos_48h_br_todosats.fid--145fdae9_19dad58dfff_-2a2f", "geometry": {"type": "Point", "coordinates": [-41.5845, -17.46106]}, "geometry_name": "geometria", "properties": {"id_foco_bdq": 1814857939, "foco_id": "5ae39f6c-880f-37c8-bc7a-4102aabf660d", "longitude": -41.5845, "latitude": -17.46106, "data_hora_gmt": "2026-04-20T18:13:00Z", "data_pas": "2026-04-20", "satelite": "AQUA_M-T", "municipio": "CATUJI", "estado": "MINAS GERAIS", "pais": "Brasil", "precipitacao": null, "numero_dias_sem_chuva": null, "risco_fogo": null, "bioma": "Mata Atlântica", "id_0": 33, "id_1": 31, "id_2": 3115458, "continente_id": 8, "vegetacao": null, "grade_wrs": "217_072", "frp": 3.9}, "bbox": [-41.5845, -17.46106, -41.5845, -17.46106]}, {"type": "Feature", "id": "focos_48h_br_todosats.fid--145fdae9_19dad58dfff_-2a2e", "geometry": {"type": "Point", "coordinates": [-44.20396, -14.19766]}, "geometry_name": "geometria", "properties": {"id_foco_bdq": 1814857847, "foco_id": "624e045d-3ecf-38ed-a659-c42c910f6b99", "longitude": -44.20396, "latitude": -14.19766, "data_hora_gmt": "2026-04-20T18:13:00Z", "data_pas": "2026-04-20", "satelite": "AQUA_M-T", "municipio": "FEIRA DA MATA", "estado": "BAHIA", "pais": "Brasil", "precipitacao": null, "numero_dias_sem_chuva": null, "risco_fogo": null, "bioma": "Cerrado", "id_0": 33, "id_1": 29, "id_2": 2910776, "continente_id": 8, "vegetacao": null, "grade_wrs": "219_070", "frp": 8.6}, "bbox": [-44.20396, -14.19766, -44.20396, -14.19766]}, {"type": "Feature", "id": "focos_48h_br_todosats.fid--145fdae9_19dad58dfff_-2a2d", "geometry": {"type": "Point", "coordinates": [-44.03503, -14.03402]}, "geometry_name": "geometria", "properties": {"id_foco_bdq": 1814857558, "foco_id": "5d7b8fa2-dd21-3040-b88e-f9ca3dec7f6e", "longitude": -44.03503, "latitude": -14.03402, "data_hora_gmt": "2026-04-20T18:13:00Z", "data_pas": "2026-04-20", "satelite": "AQUA_M-T", "municipio": "CARINHANHA", "estado": "BAHIA", "pais": "Brasil", "precipitacao": null, "numero_dias_sem_chuva": null, "risco_fogo": null, "bioma": "Cerrado", "id_0": 33, "id_1": 29, "id_2": 2907103, "continente_id": 8, "vegetacao": null, "grade_wrs": "219_070", "frp": 6.8}, "bbox": [-44.03503, -14.03402, -44.03503, -14.03402]}, {"type": "Feature", "id": "focos_48h_br_todosats.fid--145fdae9_19dad58dfff_-2a2c", "geometry": {"type": "Point", "coordinates": [-42.86244, -18.32141]}, "geometry_name": "geometria", "properties": {"id_foco_bdq": 1814857557, "foco_id": "2b6290c7-e646-3a10-82c8-c10dd2698c61", "longitude": -42.86244, "latitude": -18.32141, "data_hora_gmt": "2026-04-20T18:13:00Z", "data_pas": "2026-04-20", "satelite": "AQUA_M-T", "municipio": "COLUNA", "estado": "MINAS GERAIS", "pais": "Brasil", "precipitacao": null, "numero_dias_sem_chuva": null, "risco_fogo": null, "bioma": "Mata Atlântica", "id_0": 33, "id_1": 31, "id_2": 3116803, "continente_id": 8, "vegetacao": null, "grade_wrs": "217_073", "frp": 49.8}, "bbox": [-42.86244, -18.32141, -42.86244, -18.32141]}, {"type": "Feature", "id": "focos_48h_br_todosats.fid--145fdae9_19dad58dfff_-2a2b", "geometry": {"type": "Point", "coordinates": [-41.57364, -14.45105]}, "geometry_name": "geometria", "properties": {"id_foco_bdq": 1814857491, "foco_id": "e1f1683e-82db-3fa0-9fd2-6bf5902a3fee", "longitude": -41.57364, "latitude": -14.45105, "data_hora_gmt": "2026-04-20T18:13:00Z", "data_pas": "2026-04-20", "satelite": "AQUA_M-T", "municipio": "BRUMADO", "estado": "BAHIA", "pais": "Brasil", "precipitacao": null, "numero_dias_sem_chuva": null, "risco_fogo": null, "bioma": "Caatinga", "id_0": 33, "id_1": 29, "id_2": 2904605, "continente_id": 8, "vegetacao": null, "grade_wrs": "217_070", "frp": 7.6}, "bbox": [-41.57364, -14.45105, -41.57364, -14.45105]}, {"type": "Feature", "id": "focos_48h_br_todosats.fid--145fdae9_19dad58dfff_-2a2a", "geometry": {"type": "Point", "coordinates": [-40.64805, -15.75616]}, "geometry_name": "geometria", "properties": {"id_foco_bdq": 1814857487, "foco_id": "446227b7-8546-3c76-8cfc-a9351a3e1f64", "longitude": -40.64805, "latitude": -15.75616, "data_hora_gmt": "2026-04-20T18:13:00Z", "data_pas": "2026-04-20", "satelite": "AQUA_M-T", "municipio": "BANDEIRA", "estado": "MINAS GERAIS", "pais": "Brasil", "precipitacao": null, "numero_dias_sem_chuva": null, "risco_fogo": null, "bioma": "Mata Atlântica", "id_0": 33, "id_1": 31, "id_2": 3105202, "continente_id": 8, "vegetacao": null, "grade_wrs": "216_071", "frp": 5.3}, "bbox": [-40.64805, -15.75616, -40.64805, -15.75616]}, {"type": "Feature", "id": "focos_48h_br_todosats.fid--145fdae9_19dad58dfff_-2a29", "geometry": {"type": "Point", "coordinates": [-39.20157, -13.4365]}, "geometry_name": "geometria", "properties": {"id_foco_bdq": 1814857384, "foco_id": "653ecee0-53f7-3010-a38b-586a9af89824", "longitude": -39.20157, "latitude": -13.4365, "data_hora_gmt": "2026-04-20T18:13:00Z", "data_pas": "2026-04-20", "satelite": "AQUA_M-T", "municipio": "VALENÇA", "estado": "BAHIA", "pais": "Brasil", "precipitacao": null, "numero_dias_sem_chuva": null, "risco_fogo": null, "bioma": "Mata Atlântica", "id_0": 33, "id_1": 29, "id_2": 2932903, "continente_id": 8, "vegetacao": null, "grade_wrs": "216_069", "frp": 13}, "bbox": [-39.20157, -13.4365, -39.20157, -13.4365]}, {"type": "Feature", "id": "focos_48h_br_todosats.fid--145fdae9_19dad58dfff_-2a28", "geometry": {"type": "Point", "coordinates": [-41.06819, -16.84218]}, "geometry_name": "geometria", "properties": {"id_foco_bdq": 1814857370, "foco_id": "366b6639-9e59-3836-a54e-134acaecc6fb", "longitude": -41.06819, "latitude": -16.84218, "data_hora_gmt": "2026-04-20T18:13:00Z", "data_pas": "2026-04-20", "satelite": "AQUA_M-T", "municipio": "JOAÍMA", "estado": "MINAS GERAIS", "pais": "Brasil", "precipitacao": null, "numero_dias_sem_chuva": null, "risco_fogo": null, "bioma": "Mata Atlântica", "id_0": 33, "id_1": 31, "id_2": 3136009, "continente_id": 8, "vegetacao": null, "grade_wrs": "216_072", "frp": 7.4}, "bbox": [-41.06819, -16.84218, -41.06819, -16.84218]}, {"type": "Feature", "id": "focos_48h_br_todosats.fid--145fdae9_19dad58dfff_-2a27", "geometry": {"type": "Point", "coordinates": [-41.06313, -13.46128]}, "geometry_name": "geometria", "properties": {"id_foco_bdq": 1814857323, "foco_id": "488f3647-c475-3de4-a2d7-3893d0aea1c2", "longitude": -41.06313, "latitude": -13.46128, "data_hora_gmt": "2026-04-20T18:13:00Z", "data_pas": "2026-04-20", "satelite": "AQUA_M-T", "municipio": "IRAMAIA", "estado": "BAHIA", "pais": "Brasil", "precipitacao": null, "numero_dias_sem_chuva": null, "risco_fogo": null, "bioma": "Caatinga", "id_0": 33, "id_1": 29, "id_2": 2914307, "continente_id": 8, "vegetacao": null, "grade_wrs": "217_069", "frp": 19.6}, "bbox": [-41.06313, -13.46128, -41.06313, -13.46128]}, {"type": "Feature", "id": "focos_48h_br_todosats.fid--145fdae9_19dad58dfff_-2a26", "geometry": {"type": "Point", "coordinates": [-39.19053, -16.68067]}, "geometry_name": "geometria", "properties": {"id_foco_bdq": 1814857311, "foco_id": "9cb85378-6c22-3c7d-91e2-3cda2fa434e3", "longitude": -39.19053, "latitude": -16.68067, "data_hora_gmt": "2026-04-20T18:13:00Z", "data_pas": "2026-04-20", "satelite": "AQUA_M-T", "municipio": "PORTO SEGURO", "estado": "BAHIA", "pais": "Brasil", "precipitacao": null, "numero_dias_sem_chuva": null, "risco_fogo": null, "bioma": "Mata Atlântica", "id_0": 33, "id_1": 29, "id_2": 2925303, "continente_id": 8, "vegetacao": null, "grade_wrs": "215_072", "frp": 10.2}, "bbox": [-39.19053, -16.68067, -39.19053, -16.68067]}, {"type": "Feature", "id": "focos_48h_br_todosats.fid--145fdae9_19dad58dfff_-2a25", "geometry": {"type": "Point", "coordinates": [-39.3527, -15.79056]}, "geometry_name": "geometria", "properties": {"id_foco_bdq": 1814857294, "foco_id": "9242cc63-f417-301d-99a4-c389959e49c1", "longitude": -39.3527, "latitude": -15.79056, "data_hora_gmt": "2026-04-20T18:13:00Z", "data_pas": "2026-04-20", "satelite": "AQUA_M-T", "municipio": "MASCOTE", "estado": "BAHIA", "pais": "Brasil", "precipitacao": null, "numero_dias_sem_chuva": null, "risco_fogo": null, "bioma": "Mata Atlântica", "id_0": 33, "id_1": 29, "id_2": 2920908, "continente_id": 8, "vegetacao": null, "grade_wrs": "215_071", "frp": 10}, "bbox": [-39.3527, -15.79056, -39.3527, -15.79056]}, {"type": "Feature", "id": "focos_48h_br_todosats.fid--145fdae9_19dad58dfff_-2a24", "geometry": {"type": "Point", "coordinates": [-39.40771, -12.86596]}, "geometry_name": "geometria", "properties": {"id_foco_bdq": 1814857139, "foco_id": "4ad3fb93-3f58-3cc1-b0fe-7c6159cb0183", "longitude": -39.40771, "latitude": -12.86596, "data_hora_gmt": "2026-04-20T18:13:00Z", "data_pas": "2026-04-20", "satelite": "AQUA_M-T", "municipio": "CASTRO ALVES", "estado": "BAHIA", "pais": "Brasil", "precipitacao": null, "numero_dias_sem_chuva": null, "risco_fogo": null, "bioma": "Mata Atlântica", "id_0": 33, "id_1": 29, "id_2": 2907301, "continente_id": 8, "vegetacao": null, "grade_wrs": "216_069", "frp": 8.2}, "bbox": [-39.40771, -12.86596, -39.40771, -12.86596]}, {"type": "Feature", "id": "focos_48h_br_todosats.fid--145fdae9_19dad58dfff_-2a23", "geometry": {"type": "Point", "coordinates": [-39.27623, -13.69749]}, "geometry_name": "geometria", "properties": {"id_foco_bdq": 1814857060, "foco_id": "666bc365-5099-3551-a842-aadc51be91f7", "longitude": -39.27623, "latitude": -13.69749, "data_hora_gmt": "2026-04-20T18:13:00Z", "data_pas": "2026-04-20", "satelite": "AQUA_M-T", "municipio": "NILO PEÇANHA", "estado": "BAHIA", "pais": "Brasil", "precipitacao": null, "numero_dias_sem_chuva": null, "risco_fogo": null, "bioma": "Mata Atlântica", "id_0": 33, "id_1": 29, "id_2": 2922607, "continente_id": 8, "vegetacao": null, "grade_wrs": "216_069", "frp": 7.2}, "bbox": [-39.27623, -13.69749, -39.27623, -13.69749]}, {"type": "Feature", "id": "focos_48h_br_todosats.fid--145fdae9_19dad58dfff_-2a22", "geometry": {"type": "Point", "coordinates": [-39.3429, -15.78905]}, "geometry_name": "geometria", "properties": {"id_foco_bdq": 1814856983, "foco_id": "fd030baf-2948-37ed-b9b8-47394608518a", "longitude": -39.3429, "latitude": -15.78905, "data_hora_gmt": "2026-04-20T18:13:00Z", "data_pas": "2026-04-20", "satelite": "AQUA_M-T", "municipio": "MASCOTE", "estado": "BAHIA", "pais": "Brasil", "precipitacao": null, "numero_dias_sem_chuva": null, "risco_fogo": null, "bioma": "Mata Atlântica", "id_0": 33, "id_1": 29, "id_2": 2920908, "continente_id": 8, "vegetacao": null, "grade_wrs": "215_071", "frp": 5}, "bbox": [-39.3429, -15.78905, -39.3429, -15.78905]}, {"type": "Feature", "id": "focos_48h_br_todosats.fid--145fdae9_19dad58dfff_-2a21", "geometry": {"type": "Point", "coordinates": [-40.42458, -15.74985]}, "geometry_name": "geometria", "properties": {"id_foco_bdq": 1814856899, "foco_id": "0af06430-b879-3c0b-8058-158a7d1e94c3", "longitude": -40.42458, "latitude": -15.74985, "data_hora_gmt": "2026-04-20T18:13:00Z", "data_pas": "2026-04-20", "satelite": "AQUA_M-T", "municipio": "MACARANI", "estado": "BAHIA", "pais": "Brasil", "precipitacao": null, "numero_dias_sem_chuva": null, "risco_fogo": null, "bioma": "Mata Atlântica", "id_0": 33, "id_1": 29, "id_2": 2919702, "continente_id": 8, "vegetacao": null, "grade_wrs": "216_071", "frp": 4.9}, "bbox": [-40.42458, -15.74985, -40.42458, -15.74985]}, {"type": "Feature", "id": "focos_48h_br_todosats.fid--145fdae9_19dad58dfff_-2a20", "geometry": {"type": "Point", "coordinates": [-43.06512, -12.95015]}, "geometry_name": "geometria", "properties": {"id_foco_bdq": 1814856891, "foco_id": "eb0ca591-ea06-34af-916c-40fcac9de2c6", "longitude": -43.06512, "latitude": -12.95015, "data_hora_gmt": "2026-04-20T18:13:00Z", "data_pas": "2026-04-20", "satelite": "AQUA_M-T", "municipio": "PARATINGA", "estado": "BAHIA", "pais": "Brasil", "precipitacao": null, "numero_dias_sem_chuva": null, "risco_fogo": null, "bioma": "Caatinga", "id_0": 33, "id_1": 29, "id_2": 2923704, "continente_id": 8, "vegetacao": null, "grade_wrs": "218_069", "frp": 21.7}, "bbox": [-43.06512, -12.95015, -43.06512, -12.95015]}, {"type": "Feature", "id": "focos_48h_br_todosats.fid--145fdae9_19dad58dfff_-2a1f", "geometry": {"type": "Point", "coordinates": [-44.34913, -14.24093]}, "geometry_name": "geometria", "properties": {"id_foco_bdq": 1814856799, "foco_id": "9b450344-c5fc-3b0e-9470-48d8e0a605ff", "longitude": -44.34913, "latitude": -14.24093, "data_hora_gmt": "2026-04-20T18:13:00Z", "data_pas": "2026-04-20", "satelite": "AQUA_M-T", "municipio": "FEIRA DA MATA", "estado": "BAHIA", "pais": "Brasil", "precipitacao": null, "numero_dias_sem_chuva": null, "risco_fogo": null, "bioma": "Cerrado", "id_0": 33, "id_1": 29, "id_2": 2910776, "continente_id": 8, "vegetacao": null, "grade_wrs": "219_070", "frp": 41.1}, "bbox": [-44.34913, -14.24093, -44.34913, -14.24093]}, {"type": "Feature", "id": "focos_48h_br_todosats.fid--145fdae9_19dad58dfff_-2a1e", "geometry": {"type": "Point", "coordinates": [-43.77474, -12.82864]}, "geometry_name": "geometria", "properties": {"id_foco_bdq": 1814856770, "foco_id": "70f3aab6-8e73-3f57-b269-3787ef6b1941", "longitude": -43.77474, "latitude": -12.82864, "data_hora_gmt": "2026-04-20T18:13:00Z", "data_pas": "2026-04-20", "satelite": "AQUA_M-T", "municipio": "SERRA DOURADA", "estado": "BAHIA", "pais": "Brasil", "precipitacao": null, "numero_dias_sem_chuva": null, "risco_fogo": null, "bioma": "Cerrado", "id_0": 33, "id_1": 29, "id_2": 2930303, "continente_id": 8, "vegetacao": null, "grade_wrs": "219_069", "frp": 5.6}, "bbox": [-43.77474, -12.82864, -43.77474, -12.82864]}, {"type": "Feature", "id": "focos_48h_br_todosats.fid--145fdae9_19dad58dfff_-2a1d", "geometry": {"type": "Point", "coordinates": [-41.84303, -15.12669]}, "geometry_name": "geometria", "properties": {"id_foco_bdq": 1814856730, "foco_id": "175eeaf0-b374-30d9-861b-332da3d5b3da", "longitude": -41.84303, "latitude": -15.12669, "data_hora_gmt": "2026-04-20T18:13:00Z", "data_pas": "2026-04-20", "satelite": "AQUA_M-T", "municipio": "SÃO JOÃO DO PARAÍSO", "estado": "MINAS GERAIS", "pais": "Brasil", "precipitacao": null, "numero_dias_sem_chuva": null, "risco_fogo": null, "bioma": "Mata Atlântica", "id_0": 33, "id_1": 31, "id_2": 3162708, "continente_id": 8, "vegetacao": null, "grade_wrs": "217_070", "frp": 189.1}, "bbox": [-41.84303, -15.12669, -41.84303, -15.12669]}, {"type": "Feature", "id": "focos_48h_br_todosats.fid--145fdae9_19dad58dfff_-2a1c", "geometry": {"type": "Point", "coordinates": [-40.09019, -14.21185]}, "geometry_name": "geometria", "properties": {"id_foco_bdq": 1814856629, "foco_id": "80548c85-759d-3f0c-ab73-65ad72b0db65", "longitude": -40.09019, "latitude": -14.21185, "data_hora_gmt": "2026-04-20T18:13:00Z", "data_pas": "2026-04-20", "satelite": "AQUA_M-T", "municipio": "JEQUIÉ", "estado": "BAHIA", "pais": "Brasil", "precipitacao": null, "numero_dias_sem_chuva": null, "risco_fogo": null, "bioma": "Mata Atlântica", "id_0": 33, "id_1": 29, "id_2": 2918001, "continente_id": 8, "vegetacao": null, "grade_wrs": "216_070", "frp": 5.8}, "bbox": [-40.09019, -14.21185, -40.09019, -14.21185]}, {"type": "Feature", "id": "focos_48h_br_todosats.fid--145fdae9_19dad58dfff_-2a1b", "geometry": {"type": "Point", "coordinates": [-39.21192, -13.43812]}, "geometry_name": "geometria", "properties": {"id_foco_bdq": 1814856515, "foco_id": "711095e5-1a1c-39e4-9966-f33a7e82ffaf", "longitude": -39.21192, "latitude": -13.43812, "data_hora_gmt": "2026-04-20T18:13:00Z", "data_pas": "2026-04-20", "satelite": "AQUA_M-T", "municipio": "VALENÇA", "estado": "BAHIA", "pais": "Brasil", "precipitacao": null, "numero_dias_sem_chuva": null, "risco_fogo": null, "bioma": "Mata Atlântica", "id_0": 33, "id_1": 29, "id_2": 2932903, "continente_id": 8, "vegetacao": null, "grade_wrs": "216_069", "frp": 5.3}, "bbox": [-39.21192, -13.43812, -39.21192, -13.43812]}, {"type": "Feature", "id": "focos_48h_br_todosats.fid--145fdae9_19dad58dfff_-2a1a", "geometry": {"type": "Point", "coordinates": [-43.11033, -18.2431]}, "geometry_name": "geometria", "properties": {"id_foco_bdq": 1814856331, "foco_id": "0fb53985-9a9b-3a6b-b8be-5600c95d5147", "longitude": -43.11033, "latitude": -18.2431, "data_hora_gmt": "2026-04-20T18:13:00Z", "data_pas": "2026-04-20", "satelite": "AQUA_M-T", "municipio": "RIO VERMELHO", "estado": "MINAS GERAIS", "pais": "Brasil", "precipitacao": null, "numero_dias_sem_chuva": null, "risco_fogo": null, "bioma": "Mata Atlântica", "id_0": 33, "id_1": 31, "id_2": 3156007, "continente_id": 8, "vegetacao": null, "grade_wrs": "218_073", "frp": 6}, "bbox": [-43.11033, -18.2431, -43.11033, -18.2431]}, {"type": "Feature", "id": "focos_48h_br_todosats.fid--145fdae9_19dad58dfff_-2a19", "geometry": {"type": "Point", "coordinates": [-39.65777, -13.18338]}, "geometry_name": "geometria", "properties": {"id_foco_bdq": 1814856311, "foco_id": "04b34a45-9327-369e-99d4-199025c3e5b5", "longitude": -39.65777, "latitude": -13.18338, "data_hora_gmt": "2026-04-20T18:13:00Z", "data_pas": "2026-04-20", "satelite": "AQUA_M-T", "municipio": "UBAÍRA", "estado": "BAHIA", "pais": "Brasil", "precipitacao": null, "numero_dias_sem_chuva": null, "risco_fogo": null, "bioma": "Mata Atlântica", "id_0": 33, "id_1": 29, "id_2": 2932101, "continente_id": 8, "vegetacao": null, "grade_wrs": "216_069", "frp": 15.3}, "bbox": [-39.65777, -13.18338, -39.65777, -13.18338]}, {"type": "Feature", "id": "focos_48h_br_todosats.fid--145fdae9_19dad58dfff_-2a18", "geometry": {"type": "Point", "coordinates": [-39.03526, -15.85098]}, "geometry_name": "geometria", "properties": {"id_foco_bdq": 1814856303, "foco_id": "a15a6fef-9d5f-3768-b7e7-e0b614f27364", "longitude": -39.03526, "latitude": -15.85098, "data_hora_gmt": "2026-04-20T18:13:00Z", "data_pas": "2026-04-20", "satelite": "AQUA_M-T", "municipio": "BELMONTE", "estado": "BAHIA", "pais": "Brasil", "precipitacao": null, "numero_dias_sem_chuva": null, "risco_fogo": null, "bioma": "Mata Atlântica", "id_0": 33, "id_1": 29, "id_2": 2903409, "continente_id": 8, "vegetacao": null, "grade_wrs": "215_071", "frp": 6.7}, "bbox": [-39.03526, -15.85098, -39.03526, -15.85098]}, {"type": "Feature", "id": "focos_48h_br_todosats.fid--145fdae9_19dad58dfff_-2a17", "geometry": {"type": "Point", "coordinates": [-41.5798, -13.80505]}, "geometry_name": "geometria", "properties": {"id_foco_bdq": 1814856299, "foco_id": "327a37b5-b45c-38fb-8367-dff830bbed66", "longitude": -41.5798, "latitude": -13.80505, "data_hora_gmt": "2026-04-20T18:13:00Z", "data_pas": "2026-04-20", "satelite": "AQUA_M-T", "municipio": "RIO DE CONTAS", "estado": "BAHIA", "pais": "Brasil", "precipitacao": null, "numero_dias_sem_chuva": null, "risco_fogo": null, "bioma": "Caatinga", "id_0": 33, "id_1": 29, "id_2": 2926707, "continente_id": 8, "vegetacao": null, "grade_wrs": "217_070", "frp": 104.9}, "bbox": [-41.5798, -13.80505, -41.5798, -13.80505]}, {"type": "Feature", "id": "focos_48h_br_todosats.fid--145fdae9_19dad58dfff_-2a16", "geometry": {"type": "Point", "coordinates": [-40.15462, -14.90441]}, "geometry_name": "geometria", "properties": {"id_foco_bdq": 1814856259, "foco_id": "edb30898-97a0-3269-baf7-6ee3d75ff23d", "longitude": -40.15462, "latitude": -14.90441, "data_hora_gmt": "2026-04-20T18:13:00Z", "data_pas": "2026-04-20", "satelite": "AQUA_M-T", "municipio": "NOVA CANAÃ", "estado": "BAHIA", "pais": "Brasil", "precipitacao": null, "numero_dias_sem_chuva": null, "risco_fogo": null, "bioma": "Mata Atlântica", "id_0": 33, "id_1": 29, "id_2": 2922706, "continente_id": 8, "vegetacao": null, "grade_wrs": "216_070", "frp": 5.1}, "bbox": [-40.15462, -14.90441, -40.15462, -14.90441]}, {"type": "Feature", "id": "focos_48h_br_todosats.fid--145fdae9_19dad58dfff_-2a15", "geometry": {"type": "Point", "coordinates": [-44.26582, -15.40461]}, "geometry_name": "geometria", "properties": {"id_foco_bdq": 1814856177, "foco_id": "50cf9ebd-af76-3efa-bd1a-e222514a85eb", "longitude": -44.26582, "latitude": -15.40461, "data_hora_gmt": "2026-04-20T18:13:00Z", "data_pas": "2026-04-20", "satelite": "AQUA_M-T", "municipio": "JANUÁRIA", "estado": "MINAS GERAIS", "pais": "Brasil", "precipitacao": null, "numero_dias_sem_chuva": null, "risco_fogo": null, "bioma": "Caatinga", "id_0": 33, "id_1": 31, "id_2": 3135209, "continente_id": 8, "vegetacao": null, "grade_wrs": "219_071", "frp": 21.1}, "bbox": [-44.26582, -15.40461, -44.26582, -15.40461]}, {"type": "Feature", "id": "focos_48h_br_todosats.fid--145fdae9_19dad58dfff_-2a14", "geometry": {"type": "Point", "coordinates": [-41.8417, -15.13551]}, "geometry_name": "geometria", "properties": {"id_foco_bdq": 1814856110, "foco_id": "6ea28907-f726-3e95-b513-28bb33ce731d", "longitude": -41.8417, "latitude": -15.13551, "data_hora_gmt": "2026-04-20T18:13:00Z", "data_pas": "2026-04-20", "satelite": "AQUA_M-T", "municipio": "SÃO JOÃO DO PARAÍSO", "estado": "MINAS GERAIS", "pais": "Brasil", "precipitacao": null, "numero_dias_sem_chuva": null, "risco_fogo": null, "bioma": "Mata Atlântica", "id_0": 33, "id_1": 31, "id_2": 3162708, "continente_id": 8, "vegetacao": null, "grade_wrs": "217_070", "frp": 44.6}, "bbox": [-41.8417, -15.13551, -41.8417, -15.13551]}, {"type": "Feature", "id": "focos_48h_br_todosats.fid--145fdae9_19dad58dfff_-2a13", "geometry": {"type": "Point", "coordinates": [-40.85413, -15.51808]}, "geometry_name": "geometria", "properties": {"id_foco_bdq": 1814856076, "foco_id": "387a3163-e736-37c0-9761-25550a5346b4", "longitude": -40.85413, "latitude": -15.51808, "data_hora_gmt": "2026-04-20T18:13:00Z", "data_pas": "2026-04-20", "satelite": "AQUA_M-T", "municipio": "ENCRUZILHADA", "estado": "BAHIA", "pais": "Brasil", "precipitacao": null, "numero_dias_sem_chuva": null, "risco_fogo": null, "bioma": "Mata Atlântica", "id_0": 33, "id_1": 29, "id_2": 2910404, "continente_id": 8, "vegetacao": null, "grade_wrs": "216_071", "frp": 6.3}, "bbox": [-40.85413, -15.51808, -40.85413, -15.51808]}, {"type": "Feature", "id": "focos_48h_br_todosats.fid--145fdae9_19dad58dfff_-2a12", "geometry": {"type": "Point", "coordinates": [-41.57082, -13.80374]}, "geometry_name": "geometria", "properties": {"id_foco_bdq": 1814856075, "foco_id": "a22ff782-8d5a-35c7-a477-05cb92290ef7", "longitude": -41.57082, "latitude": -13.80374, "data_hora_gmt": "2026-04-20T18:13:00Z", "data_pas": "2026-04-20", "satelite": "AQUA_M-T", "municipio": "RIO DE CONTAS", "estado": "BAHIA", "pais": "Brasil", "precipitacao": null, "numero_dias_sem_chuva": null, "risco_fogo": null, "bioma": "Caatinga", "id_0": 33, "id_1": 29, "id_2": 2926707, "continente_id": 8, "vegetacao": null, "grade_wrs": "217_070", "frp": 28.7}, "bbox": [-41.57082, -13.80374, -41.57082, -13.80374]}, {"type": "Feature", "id": "focos_48h_br_todosats.fid--145fdae9_19dad58dfff_-2a11", "geometry": {"type": "Point", "coordinates": [-41.85214, -15.128]}, "geometry_name": "geometria", "properties": {"id_foco_bdq": 1814855853, "foco_id": "8dac56c4-4df4-30dd-9407-a44b3e6612b8", "longitude": -41.85214, "latitude": -15.128, "data_hora_gmt": "2026-04-20T18:13:00Z", "data_pas": "2026-04-20", "satelite": "AQUA_M-T", "municipio": "SÃO JOÃO DO PARAÍSO", "estado": "MINAS GERAIS", "pais": "Brasil", "precipitacao": null, "numero_dias_sem_chuva": null, "risco_fogo": null, "bioma": "Mata Atlântica", "id_0": 33, "id_1": 31, "id_2": 3162708, "continente_id": 8, "vegetacao": null, "grade_wrs": "217_070", "frp": 14.9}, "bbox": [-41.85214, -15.128, -41.85214, -15.128]}, {"type": "Feature", "id": "focos_48h_br_todosats.fid--145fdae9_19dad58dfff_-2a10", "geometry": {"type": "Point", "coordinates": [-39.0253, -15.8494]}, "geometry_name": "geometria", "properties": {"id_foco_bdq": 1814855838, "foco_id": "80aab166-181b-3a83-b549-a010ff154183", "longitude": -39.0253, "latitude": -15.8494, "data_hora_gmt": "2026-04-20T18:13:00Z", "data_pas": "2026-04-20", "satelite": "AQUA_M-T", "municipio": "BELMONTE", "estado": "BAHIA", "pais": "Brasil", "precipitacao": null, "numero_dias_sem_chuva": null, "risco_fogo": null, "bioma": "Mata Atlântica", "id_0": 33, "id_1": 29, "id_2": 2903409, "continente_id": 8, "vegetacao": null, "grade_wrs": "215_071", "frp": 6.4}, "bbox": [-39.0253, -15.8494, -39.0253, -15.8494]}, {"type": "Feature", "id": "focos_48h_br_todosats.fid--145fdae9_19dad58dfff_-2a0f", "geometry": {"type": "Point", "coordinates": [-44.27132, -15.40411]}, "geometry_name": "geometria", "properties": {"id_foco_bdq": 1814855804, "foco_id": "bebc2fc9-0456-3967-98ff-22b6d809b52f", "longitude": -44.27132, "latitude": -15.40411, "data_hora_gmt": "2026-04-20T18:13:00Z", "data_pas": "2026-04-20", "satelite": "AQUA_M-T", "municipio": "JANUÁRIA", "estado": "MINAS GERAIS", "pais": "Brasil", "precipitacao": null, "numero_dias_sem_chuva": null, "risco_fogo": null, "bioma": "Caatinga", "id_0": 33, "id_1": 31, "id_2": 3135209, "continente_id": 8, "vegetacao": null, "grade_wrs": "219_071", "frp": 22.1}, "bbox": [-44.27132, -15.40411, -44.27132, -15.40411]}, {"type": "Feature", "id": "focos_48h_br_todosats.fid--145fdae9_19dad58dfff_-2a0e", "geometry": {"type": "Point", "coordinates": [-42.13873, -14.44022]}, "geometry_name": "geometria", "properties": {"id_foco_bdq": 1814855750, "foco_id": "086fb2ab-46c6-39ea-b31a-75df78cc5c03", "longitude": -42.13873, "latitude": -14.44022, "data_hora_gmt": "2026-04-20T18:13:00Z", "data_pas": "2026-04-20", "satelite": "AQUA_M-T", "municipio": "RIO DO ANTÔNIO", "estado": "BAHIA", "pais": "Brasil", "precipitacao": null, "numero_dias_sem_chuva": null, "risco_fogo": null, "bioma": "Caatinga", "id_0": 33, "id_1": 29, "id_2": 2926806, "continente_id": 8, "vegetacao": null, "grade_wrs": "217_070", "frp": 5.3}, "bbox": [-42.13873, -14.44022, -42.13873, -14.44022]}, {"type": "Feature", "id": "focos_48h_br_todosats.fid--145fdae9_19dad58dfff_-2a0d", "geometry": {"type": "Point", "coordinates": [-41.73502, -14.72393]}, "geometry_name": "geometria", "properties": {"id_foco_bdq": 1814855612, "foco_id": "8eec5ea3-ce55-33d5-8ce1-c14e53bd23ef", "longitude": -41.73502, "latitude": -14.72393, "data_hora_gmt": "2026-04-20T18:13:00Z", "data_pas": "2026-04-20", "satelite": "AQUA_M-T", "municipio": "PRESIDENTE JÂNIO QUADROS", "estado": "BAHIA", "pais": "Brasil", "precipitacao": null, "numero_dias_sem_chuva": null, "risco_fogo": null, "bioma": "Caatinga", "id_0": 33, "id_1": 29, "id_2": 2925709, "continente_id": 8, "vegetacao": null, "grade_wrs": "217_070", "frp": 6}, "bbox": [-41.73502, -14.72393, -41.73502, -14.72393]}, {"type": "Feature", "id": "focos_48h_br_todosats.fid--145fdae9_19dad58dfff_-2a0c", "geometry": {"type": "Point", "coordinates": [-42.85182, -18.31996]}, "geometry_name": "geometria", "properties": {"id_foco_bdq": 1814855530, "foco_id": "b0df98d4-e587-3d0d-afce-ff5bbacb63d5", "longitude": -42.85182, "latitude": -18.31996, "data_hora_gmt": "2026-04-20T18:13:00Z", "data_pas": "2026-04-20", "satelite": "AQUA_M-T", "municipio": "COLUNA", "estado": "MINAS GERAIS", "pais": "Brasil", "precipitacao": null, "numero_dias_sem_chuva": null, "risco_fogo": null, "bioma": "Mata Atlântica", "id_0": 33, "id_1": 31, "id_2": 3116803, "continente_id": 8, "vegetacao": null, "grade_wrs": "217_073", "frp": 6.7}, "bbox": [-42.85182, -18.31996, -42.85182, -18.31996]}, {"type": "Feature", "id": "focos_48h_br_todosats.fid--145fdae9_19dad58dfff_-2a0b", "geometry": {"type": "Point", "coordinates": [-39.18075, -16.67916]}, "geometry_name": "geometria", "properties": {"id_foco_bdq": 1814855514, "foco_id": "c5d2360d-9b59-35d0-86ce-8b7bf35f49f2", "longitude": -39.18075, "latitude": -16.67916, "data_hora_gmt": "2026-04-20T18:13:00Z", "data_pas": "2026-04-20", "satelite": "AQUA_M-T", "municipio": "PORTO SEGURO", "estado": "BAHIA", "pais": "Brasil", "precipitacao": null, "numero_dias_sem_chuva": null, "risco_fogo": null, "bioma": "Mata Atlântica", "id_0": 33, "id_1": 29, "id_2": 2925303, "continente_id": 8, "vegetacao": null, "grade_wrs": "215_072", "frp": 25.9}, "bbox": [-39.18075, -16.67916, -39.18075, -16.67916]}, {"type": "Feature", "id": "focos_48h_br_todosats.fid--145fdae9_19dad58dfff_-2a0a", "geometry": {"type": "Point", "coordinates": [-42.76674, -12.65793]}, "geometry_name": "geometria", "properties": {"id_foco_bdq": 1814855488, "foco_id": "bf64646c-9626-3630-a14f-c52e8711270e", "longitude": -42.76674, "latitude": -12.65793, "data_hora_gmt": "2026-04-20T18:13:00Z", "data_pas": "2026-04-20", "satelite": "AQUA_M-T", "municipio": "BOQUIRA", "estado": "BAHIA", "pais": "Brasil", "precipitacao": null, "numero_dias_sem_chuva": null, "risco_fogo": null, "bioma": "Caatinga", "id_0": 33, "id_1": 29, "id_2": 2904100, "continente_id": 8, "vegetacao": null, "grade_wrs": "218_069", "frp": 11.7}, "bbox": [-42.76674, -12.65793, -42.76674, -12.65793]}, {"type": "Feature", "id": "focos_48h_br_todosats.fid--145fdae9_19dad58dfff_-2a09", "geometry": {"type": "Point", "coordinates": [-41.59388, -17.46239]}, "geometry_name": "geometria", "properties": {"id_foco_bdq": 1814855379, "foco_id": "513758e9-62a1-3779-81ae-46cf1e920656", "longitude": -41.59388, "latitude": -17.46239, "data_hora_gmt": "2026-04-20T18:13:00Z", "data_pas": "2026-04-20", "satelite": "AQUA_M-T", "municipio": "CATUJI", "estado": "MINAS GERAIS", "pais": "Brasil", "precipitacao": null, "numero_dias_sem_chuva": null, "risco_fogo": null, "bioma": "Mata Atlântica", "id_0": 33, "id_1": 31, "id_2": 3115458, "continente_id": 8, "vegetacao": null, "grade_wrs": "217_072", "frp": 4.9}, "bbox": [-41.59388, -17.46239, -41.59388, -17.46239]}, {"type": "Feature", "id": "focos_48h_br_todosats.fid--145fdae9_19dad58dfff_-2a08", "geometry": {"type": "Point", "coordinates": [-39.46261, -13.76453]}, "geometry_name": "geometria", "properties": {"id_foco_bdq": 1814855212, "foco_id": "eb276bb6-3e93-342a-9fe5-5d9c0b94c1a0", "longitude": -39.46261, "latitude": -13.76453, "data_hora_gmt": "2026-04-20T18:13:00Z", "data_pas": "2026-04-20", "satelite": "AQUA_M-T", "municipio": "GANDU", "estado": "BAHIA", "pais": "Brasil", "precipitacao": null, "numero_dias_sem_chuva": null, "risco_fogo": null, "bioma": "Mata Atlântica", "id_0": 33, "id_1": 29, "id_2": 2911204, "continente_id": 8, "vegetacao": null, "grade_wrs": "216_069", "frp": 12.7}, "bbox": [-39.46261, -13.76453, -39.46261, -13.76453]}, {"type": "Feature", "id": "focos_48h_br_todosats.fid--145fdae9_19dad58dfff_-2a07", "geometry": {"type": "Point", "coordinates": [-42.58432, -13.58159]}, "geometry_name": "geometria", "properties": {"id_foco_bdq": 1814855067, "foco_id": "e11d6b20-a9b4-3434-8623-fe32957fe35a", "longitude": -42.58432, "latitude": -13.58159, "data_hora_gmt": "2026-04-20T18:13:00Z", "data_pas": "2026-04-20", "satelite": "AQUA_M-T", "municipio": "TANQUE NOVO", "estado": "BAHIA", "pais": "Brasil", "precipitacao": null, "numero_dias_sem_chuva": null, "risco_fogo": null, "bioma": "Caatinga", "id_0": 33, "id_1": 29, "id_2": 2931053, "continente_id": 8, "vegetacao": null, "grade_wrs": "218_069", "frp": 5}, "bbox": [-42.58432, -13.58159, -42.58432, -13.58159]}, {"type": "Feature", "id": "focos_48h_br_todosats.fid--145fdae9_19dad58dfff_-2a06", "geometry": {"type": "Point", "coordinates": [-42.39579, -14.90243]}, "geometry_name": "geometria", "properties": {"id_foco_bdq": 1814854937, "foco_id": "2afadd15-20d2-3acf-9de5-6e3b39e7737d", "longitude": -42.39579, "latitude": -14.90243, "data_hora_gmt": "2026-04-20T18:13:00Z", "data_pas": "2026-04-20", "satelite": "AQUA_M-T", "municipio": "JACARACI", "estado": "BAHIA", "pais": "Brasil", "precipitacao": null, "numero_dias_sem_chuva": null, "risco_fogo": null, "bioma": "Caatinga", "id_0": 33, "id_1": 29, "id_2": 2917409, "continente_id": 8, "vegetacao": null, "grade_wrs": "218_070", "frp": 9.8}, "bbox": [-42.39579, -14.90243, -42.39579, -14.90243]}, {"type": "Feature", "id": "focos_48h_br_todosats.fid--145fdae9_19dad58dfff_-2a05", "geometry": {"type": "Point", "coordinates": [-41.02208, -15.64483]}, "geometry_name": "geometria", "properties": {"id_foco_bdq": 1814854913, "foco_id": "195bfdf7-9ac4-3ac9-af3d-fdc42351da55", "longitude": -41.02208, "latitude": -15.64483, "data_hora_gmt": "2026-04-20T18:13:00Z", "data_pas": "2026-04-20", "satelite": "AQUA_M-T", "municipio": "ENCRUZILHADA", "estado": "BAHIA", "pais": "Brasil", "precipitacao": null, "numero_dias_sem_chuva": null, "risco_fogo": null, "bioma": "Mata Atlântica", "id_0": 33, "id_1": 29, "id_2": 2910404, "continente_id": 8, "vegetacao": null, "grade_wrs": "217_071", "frp": 11.6}, "bbox": [-41.02208, -15.64483, -41.02208, -15.64483]}, {"type": "Feature", "id": "focos_48h_br_todosats.fid--145fdae9_19dad58dfff_-2a04", "geometry": {"type": "Point", "coordinates": [-39.3986, -17.06391]}, "geometry_name": "geometria", "properties": {"id_foco_bdq": 1814854878, "foco_id": "746fc837-7a65-3ce8-a948-d2391d41bb43", "longitude": -39.3986, "latitude": -17.06391, "data_hora_gmt": "2026-04-20T18:13:00Z", "data_pas": "2026-04-20", "satelite": "AQUA_M-T", "municipio": "PRADO", "estado": "BAHIA", "pais": "Brasil", "precipitacao": null, "numero_dias_sem_chuva": null, "risco_fogo": null, "bioma": "Mata Atlântica", "id_0": 33, "id_1": 29, "id_2": 2925501, "continente_id": 8, "vegetacao": null, "grade_wrs": "215_072", "frp": 5.2}, "bbox": [-39.3986, -17.06391, -39.3986, -17.06391]}, {"type": "Feature", "id": "focos_48h_br_todosats.fid--145fdae9_19dad58dfff_-2a03", "geometry": {"type": "Point", "coordinates": [-41.80983, -15.17869]}, "geometry_name": "geometria", "properties": {"id_foco_bdq": 1814854828, "foco_id": "0b79883b-f165-3510-acff-605d37e1766c", "longitude": -41.80983, "latitude": -15.17869, "data_hora_gmt": "2026-04-20T18:13:00Z", "data_pas": "2026-04-20", "satelite": "AQUA_M-T", "municipio": "SÃO JOÃO DO PARAÍSO", "estado": "MINAS GERAIS", "pais": "Brasil", "precipitacao": null, "numero_dias_sem_chuva": null, "risco_fogo": null, "bioma": "Mata Atlântica", "id_0": 33, "id_1": 31, "id_2": 3162708, "continente_id": 8, "vegetacao": null, "grade_wrs": "217_071", "frp": 19.5}, "bbox": [-41.80983, -15.17869, -41.80983, -15.17869]}, {"type": "Feature", "id": "focos_48h_br_todosats.fid--145fdae9_19dad58dfff_-2a02", "geometry": {"type": "Point", "coordinates": [-44.0457, -14.03548]}, "geometry_name": "geometria", "properties": {"id_foco_bdq": 1814854821, "foco_id": "cef41b14-097f-3009-9283-26a278f0c977", "longitude": -44.0457, "latitude": -14.03548, "data_hora_gmt": "2026-04-20T18:13:00Z", "data_pas": "2026-04-20", "satelite": "AQUA_M-T", "municipio": "CARINHANHA", "estado": "BAHIA", "pais": "Brasil", "precipitacao": null, "numero_dias_sem_chuva": null, "risco_fogo": null, "bioma": "Cerrado", "id_0": 33, "id_1": 29, "id_2": 2907103, "continente_id": 8, "vegetacao": null, "grade_wrs": "219_070", "frp": 11.6}, "bbox": [-44.0457, -14.03548, -44.0457, -14.03548]}, {"type": "Feature", "id": "focos_48h_br_todosats.fid--145fdae9_19dad58dfff_-2a01", "geometry": {"type": "Point", "coordinates": [-46.54136, -15.85248]}, "geometry_name": "geometria", "properties": {"id_foco_bdq": 1814854794, "foco_id": "8b116948-4536-3328-bff2-22d0f4dd676c", "longitude": -46.54136, "latitude": -15.85248, "data_hora_gmt": "2026-04-20T18:13:00Z", "data_pas": "2026-04-20", "satelite": "AQUA_M-T", "municipio": "UNAÍ", "estado": "MINAS GERAIS", "pais": "Brasil", "precipitacao": null, "numero_dias_sem_chuva": null, "risco_fogo": null, "bioma": "Cerrado", "id_0": 33, "id_1": 31, "id_2": 3170404, "continente_id": 8, "vegetacao": null, "grade_wrs": "220_071", "frp": 12.2}, "bbox": [-46.54136, -15.85248, -46.54136, -15.85248]}, {"type": "Feature", "id": "focos_48h_br_todosats.fid--145fdae9_19dad58dfff_-2a00", "geometry": {"type": "Point", "coordinates": [-42.1479, -14.44154]}, "geometry_name": "geometria", "properties": {"id_foco_bdq": 1814854755, "foco_id": "40feb7a6-2de5-38c6-a3f8-f1af93934203", "longitude": -42.1479, "latitude": -14.44154, "data_hora_gmt": "2026-04-20T18:13:00Z", "data_pas": "2026-04-20", "satelite": "AQUA_M-T", "municipio": "RIO DO ANTÔNIO", "estado": "BAHIA", "pais": "Brasil", "precipitacao": null, "numero_dias_sem_chuva": null, "risco_fogo": null, "bioma": "Caatinga", "id_0": 33, "id_1": 29, "id_2": 2926806, "continente_id": 8, "vegetacao": null, "grade_wrs": "217_070", "frp": 10.9}, "bbox": [-42.1479, -14.44154, -42.1479, -14.44154]}, {"type": "Feature", "id": "focos_48h_br_todosats.fid--145fdae9_19dad58dfff_-29ff", "geometry": {"type": "Point", "coordinates": [-41.58876, -13.80636]}, "geometry_name": "geometria", "properties": {"id_foco_bdq": 1814854693, "foco_id": "172257c4-ddfb-37e8-b1f1-82660a571900", "longitude": -41.58876, "latitude": -13.80636, "data_hora_gmt": "2026-04-20T18:13:00Z", "data_pas": "2026-04-20", "satelite": "AQUA_M-T", "municipio": "RIO DE CONTAS", "estado": "BAHIA", "pais": "Brasil", "precipitacao": null, "numero_dias_sem_chuva": null, "risco_fogo": null, "bioma": "Caatinga", "id_0": 33, "id_1": 29, "id_2": 2926707, "continente_id": 8, "vegetacao": null, "grade_wrs": "217_070", "frp": 21.7}, "bbox": [-41.58876, -13.80636, -41.58876, -13.80636]}, {"type": "Feature", "id": "focos_48h_br_todosats.fid--145fdae9_19dad58dfff_-29fe", "geometry": {"type": "Point", "coordinates": [-43.71317, -12.85615]}, "geometry_name": "geometria", "properties": {"id_foco_bdq": 1814854659, "foco_id": "994ae8b4-ebd0-3205-9884-b854b112394f", "longitude": -43.71317, "latitude": -12.85615, "data_hora_gmt": "2026-04-20T18:13:00Z", "data_pas": "2026-04-20", "satelite": "AQUA_M-T", "municipio": "SERRA DOURADA", "estado": "BAHIA", "pais": "Brasil", "precipitacao": null, "numero_dias_sem_chuva": null, "risco_fogo": null, "bioma": "Cerrado", "id_0": 33, "id_1": 29, "id_2": 2930303, "continente_id": 8, "vegetacao": null, "grade_wrs": "219_069", "frp": 17.7}, "bbox": [-43.71317, -12.85615, -43.71317, -12.85615]}, {"type": "Feature", "id": "focos_48h_br_todosats.fid--145fdae9_19dad58dfff_-29fd", "geometry": {"type": "Point", "coordinates": [-39.37087, -16.59679]}, "geometry_name": "geometria", "properties": {"id_foco_bdq": 1814854558, "foco_id": "43d44e48-af9d-31a6-9e32-c8750e02a207", "longitude": -39.37087, "latitude": -16.59679, "data_hora_gmt": "2026-04-20T18:13:00Z", "data_pas": "2026-04-20", "satelite": "AQUA_M-T", "municipio": "PORTO SEGURO", "estado": "BAHIA", "pais": "Brasil", "precipitacao": null, "numero_dias_sem_chuva": null, "risco_fogo": null, "bioma": "Mata Atlântica", "id_0": 33, "id_1": 29, "id_2": 2925303, "continente_id": 8, "vegetacao": null, "grade_wrs": "215_072", "frp": 6.6}, "bbox": [-39.37087, -16.59679, -39.37087, -16.59679]}, {"type": "Feature", "id": "focos_48h_br_todosats.fid--145fdae9_19dad58dfff_-29fc", "geometry": {"type": "Point", "coordinates": [-43.78473, -12.83005]}, "geometry_name": "geometria", "properties": {"id_foco_bdq": 1814854544, "foco_id": "1765735b-b4c5-3c9f-ba78-80253fefdead", "longitude": -43.78473, "latitude": -12.83005, "data_hora_gmt": "2026-04-20T18:13:00Z", "data_pas": "2026-04-20", "satelite": "AQUA_M-T", "municipio": "SERRA DOURADA", "estado": "BAHIA", "pais": "Brasil", "precipitacao": null, "numero_dias_sem_chuva": null, "risco_fogo": null, "bioma": "Cerrado", "id_0": 33, "id_1": 29, "id_2": 2930303, "continente_id": 8, "vegetacao": null, "grade_wrs": "219_069", "frp": 8.8}, "bbox": [-43.78473, -12.83005, -43.78473, -12.83005]}, {"type": "Feature", "id": "focos_48h_br_todosats.fid--145fdae9_19dad58dfff_-29fb", "geometry": {"type": "Point", "coordinates": [-43.05574, -12.94883]}, "geometry_name": "geometria", "properties": {"id_foco_bdq": 1814854501, "foco_id": "1509f80c-4a40-3c97-abbc-2cf53d4b77ef", "longitude": -43.05574, "latitude": -12.94883, "data_hora_gmt": "2026-04-20T18:13:00Z", "data_pas": "2026-04-20", "satelite": "AQUA_M-T", "municipio": "PARATINGA", "estado": "BAHIA", "pais": "Brasil", "precipitacao": null, "numero_dias_sem_chuva": null, "risco_fogo": null, "bioma": "Caatinga", "id_0": 33, "id_1": 29, "id_2": 2923704, "continente_id": 8, "vegetacao": null, "grade_wrs": "218_069", "frp": 28.8}, "bbox": [-43.05574, -12.94883, -43.05574, -12.94883]}, {"type": "Feature", "id": "focos_48h_br_todosats.fid--145fdae9_19dad58dfff_-29fa", "geometry": {"type": "Point", "coordinates": [-44.745, -11.7279]}, "geometry_name": "geometria", "properties": {"id_foco_bdq": 1814856238, "foco_id": "8b2b8e23-86a3-3e82-b722-90ba5fa870a6", "longitude": -44.745, "latitude": -11.7279, "data_hora_gmt": "2026-04-20T18:15:00Z", "data_pas": "2026-04-20", "satelite": "AQUA_M-T", "municipio": "RIACHÃO DAS NEVES", "estado": "BAHIA", "pais": "Brasil", "precipitacao": null, "numero_dias_sem_chuva": null, "risco_fogo": null, "bioma": "Cerrado", "id_0": 33, "id_1": 29, "id_2": 2926202, "continente_id": 8, "vegetacao": null, "grade_wrs": "220_068", "frp": 54}, "bbox": [-44.745, -11.7279, -44.745, -11.7279]}, {"type": "Feature", "id": "focos_48h_br_todosats.fid--145fdae9_19dad58dfff_-29f9", "geometry": {"type": "Point", "coordinates": [-41.2711, -11.93023]}, "geometry_name": "geometria", "properties": {"id_foco_bdq": 1814857843, "foco_id": "97c32028-1afa-3f77-b080-d433362f6ce0", "longitude": -41.2711, "latitude": -11.93023, "data_hora_gmt": "2026-04-20T18:15:00Z", "data_pas": "2026-04-20", "satelite": "AQUA_M-T", "municipio": "BONITO", "estado": "BAHIA", "pais": "Brasil", "precipitacao": null, "numero_dias_sem_chuva": null, "risco_fogo": null, "bioma": "Caatinga", "id_0": 33, "id_1": 29, "id_2": 2904050, "continente_id": 8, "vegetacao": null, "grade_wrs": "217_068", "frp": 5.5}, "bbox": [-41.2711, -11.93023, -41.2711, -11.93023]}, {"type": "Feature", "id": "focos_48h_br_todosats.fid--145fdae9_19dad58dfff_-29f8", "geometry": {"type": "Point", "coordinates": [-43.83942, -11.9065]}, "geometry_name": "geometria", "properties": {"id_foco_bdq": 1814856890, "foco_id": "0e7b87c5-d644-31a8-8858-36f239aa740e", "longitude": -43.83942, "latitude": -11.9065, "data_hora_gmt": "2026-04-20T18:15:00Z", "data_pas": "2026-04-20", "satelite": "AQUA_M-T", "municipio": "WANDERLEY", "estado": "BAHIA", "pais": "Brasil", "precipitacao": null, "numero_dias_sem_chuva": null, "risco_fogo": null, "bioma": "Cerrado", "id_0": 33, "id_1": 29, "id_2": 2933455, "continente_id": 8, "vegetacao": null, "grade_wrs": "219_068", "frp": 8}, "bbox": [-43.83942, -11.9065, -43.83942, -11.9065]}, {"type": "Feature", "id": "focos_48h_br_todosats.fid--145fdae9_19dad58dfff_-29f7", "geometry": {"type": "Point", "coordinates": [-44.62772, -12.28382]}, "geometry_name": "geometria", "properties": {"id_foco_bdq": 1814854632, "foco_id": "2d173eb9-ce66-3832-82c1-fbbdfd2bc95c", "longitude": -44.62772, "latitude": -12.28382, "data_hora_gmt": "2026-04-20T18:15:00Z", "data_pas": "2026-04-20", "satelite": "AQUA_M-T", "municipio": "CATOLÂNDIA", "estado": "BAHIA", "pais": "Brasil", "precipitacao": null, "numero_dias_sem_chuva": null, "risco_fogo": null, "bioma": "Cerrado", "id_0": 33, "id_1": 29, "id_2": 2907400, "continente_id": 8, "vegetacao": null, "grade_wrs": "219_069", "frp": 116.8}, "bbox": [-44.62772, -12.28382, -44.62772, -12.28382]}, {"type": "Feature", "id": "focos_48h_br_todosats.fid--145fdae9_19dad58dfff_-29f6", "geometry": {"type": "Point", "coordinates": [-47.1135, -11.6069]}, "geometry_name": "geometria", "properties": {"id_foco_bdq": 1814857396, "foco_id": "33f0424b-ed36-31aa-9d09-5aa66404abfd", "longitude": -47.1135, "latitude": -11.6069, "data_hora_gmt": "2026-04-20T18:15:00Z", "data_pas": "2026-04-20", "satelite": "AQUA_M-T", "municipio": "PORTO ALEGRE DO TOCANTINS", "estado": "TOCANTINS", "pais": "Brasil", "precipitacao": null, "numero_dias_sem_chuva": null, "risco_fogo": null, "bioma": "Cerrado", "id_0": 33, "id_1": 17, "id_2": 1718006, "continente_id": 8, "vegetacao": null, "grade_wrs": "221_068", "frp": 20.9}, "bbox": [-47.1135, -11.6069, -47.1135, -11.6069]}, {"type": "Feature", "id": "focos_48h_br_todosats.fid--145fdae9_19dad58dfff_-29f5", "geometry": {"type": "Point", "coordinates": [-44.19104, -12.24247]}, "geometry_name": "geometria", "properties": {"id_foco_bdq": 1814854613, "foco_id": "1002bc04-4d5f-3cbd-9253-8e18660daf4e", "longitude": -44.19104, "latitude": -12.24247, "data_hora_gmt": "2026-04-20T18:15:00Z", "data_pas": "2026-04-20", "satelite": "AQUA_M-T", "municipio": "CRISTÓPOLIS", "estado": "BAHIA", "pais": "Brasil", "precipitacao": null, "numero_dias_sem_chuva": null, "risco_fogo": null, "bioma": "Cerrado", "id_0": 33, "id_1": 29, "id_2": 2909703, "continente_id": 8, "vegetacao": null, "grade_wrs": "219_068", "frp": 50}, "bbox": [-44.19104, -12.24247, -44.19104, -12.24247]}, {"type": "Feature", "id": "focos_48h_br_todosats.fid--145fdae9_19dad58dfff_-29f4", "geometry": {"type": "Point", "coordinates": [-38.04182, -10.87832]}, "geometry_name": "geometria", "properties": {"id_foco_bdq": 1814857424, "foco_id": "72cccd47-d0d7-3739-b116-eeef011816b5", "longitude": -38.04182, "latitude": -10.87832, "data_hora_gmt": "2026-04-20T18:15:00Z", "data_pas": "2026-04-20", "satelite": "AQUA_M-T", "municipio": "TOBIAS BARRETO", "estado": "SERGIPE", "pais": "Brasil", "precipitacao": null, "numero_dias_sem_chuva": null, "risco_fogo": null, "bioma": "Caatinga", "id_0": 33, "id_1": 28, "id_2": 2807402, "continente_id": 8, "vegetacao": null, "grade_wrs": "215_068", "frp": 13.8}, "bbox": [-38.04182, -10.87832, -38.04182, -10.87832]}, {"type": "Feature", "id": "focos_48h_br_todosats.fid--145fdae9_19dad58dfff_-29f3", "geometry": {"type": "Point", "coordinates": [-39.16188, -10.80209]}, "geometry_name": "geometria", "properties": {"id_foco_bdq": 1814857455, "foco_id": "97334517-a246-3ffe-9e8d-1b6a92f2d88b", "longitude": -39.16188, "latitude": -10.80209, "data_hora_gmt": "2026-04-20T18:15:00Z", "data_pas": "2026-04-20", "satelite": "AQUA_M-T", "municipio": "QUIJINGUE", "estado": "BAHIA", "pais": "Brasil", "precipitacao": null, "numero_dias_sem_chuva": null, "risco_fogo": null, "bioma": "Caatinga", "id_0": 33, "id_1": 29, "id_2": 2925907, "continente_id": 8, "vegetacao": null, "grade_wrs": "216_067", "frp": 14.2}, "bbox": [-39.16188, -10.80209, -39.16188, -10.80209]}, {"type": "Feature", "id": "focos_48h_br_todosats.fid--145fdae9_19dad58dfff_-29f2", "geometry": {"type": "Point", "coordinates": [-43.84927, -11.90789]}, "geometry_name": "geometria", "properties": {"id_foco_bdq": 1814855161, "foco_id": "9fcedc7b-46c7-3cb4-8d16-b20a24037991", "longitude": -43.84927, "latitude": -11.90789, "data_hora_gmt": "2026-04-20T18:15:00Z", "data_pas": "2026-04-20", "satelite": "AQUA_M-T", "municipio": "WANDERLEY", "estado": "BAHIA", "pais": "Brasil", "precipitacao": null, "numero_dias_sem_chuva": null, "risco_fogo": null, "bioma": "Cerrado", "id_0": 33, "id_1": 29, "id_2": 2933455, "continente_id": 8, "vegetacao": null, "grade_wrs": "219_068", "frp": 41}, "bbox": [-43.84927, -11.90789, -43.84927, -11.90789]}, {"type": "Feature", "id": "focos_48h_br_todosats.fid--145fdae9_19dad58dfff_-29f1", "geometry": {"type": "Point", "coordinates": [-44.61684, -12.28232]}, "geometry_name": "geometria", "properties": {"id_foco_bdq": 1814855337, "foco_id": "9dc3e165-7501-31c8-a1ec-78f280b3dfbf", "longitude": -44.61684, "latitude": -12.28232, "data_hora_gmt": "2026-04-20T18:15:00Z", "data_pas": "2026-04-20", "satelite": "AQUA_M-T", "municipio": "CATOLÂNDIA", "estado": "BAHIA", "pais": "Brasil", "precipitacao": null, "numero_dias_sem_chuva": null, "risco_fogo": null, "bioma": "Cerrado", "id_0": 33, "id_1": 29, "id_2": 2907400, "continente_id": 8, "vegetacao": null, "grade_wrs": "219_069", "frp": 111.2}, "bbox": [-44.61684, -12.28232, -44.61684, -12.28232]}, {"type": "Feature", "id": "focos_48h_br_todosats.fid--145fdae9_19dad58dfff_-29f0", "geometry": {"type": "Point", "coordinates": [-37.24506, -9.72764]}, "geometry_name": "geometria", "properties": {"id_foco_bdq": 1814857594, "foco_id": "44518b83-321c-3604-b2d8-5ec3d1017daa", "longitude": -37.24506, "latitude": -9.72764, "data_hora_gmt": "2026-04-20T18:15:00Z", "data_pas": "2026-04-20", "satelite": "AQUA_M-T", "municipio": "JACARÉ DOS HOMENS", "estado": "ALAGOAS", "pais": "Brasil", "precipitacao": null, "numero_dias_sem_chuva": null, "risco_fogo": null, "bioma": "Caatinga", "id_0": 33, "id_1": 27, "id_2": 2703403, "continente_id": 8, "vegetacao": null, "grade_wrs": "215_067", "frp": 23}, "bbox": [-37.24506, -9.72764, -37.24506, -9.72764]}, {"type": "Feature", "id": "focos_48h_br_todosats.fid--145fdae9_19dad58dfff_-29ef", "geometry": {"type": "Point", "coordinates": [-44.73411, -11.7264]}, "geometry_name": "geometria", "properties": {"id_foco_bdq": 1814857676, "foco_id": "c812a98e-ebf3-30ae-99d9-f6ade6bea92d", "longitude": -44.73411, "latitude": -11.7264, "data_hora_gmt": "2026-04-20T18:15:00Z", "data_pas": "2026-04-20", "satelite": "AQUA_M-T", "municipio": "RIACHÃO DAS NEVES", "estado": "BAHIA", "pais": "Brasil", "precipitacao": null, "numero_dias_sem_chuva": null, "risco_fogo": null, "bioma": "Cerrado", "id_0": 33, "id_1": 29, "id_2": 2926202, "continente_id": 8, "vegetacao": null, "grade_wrs": "220_068", "frp": 27.8}, "bbox": [-44.73411, -11.7264, -44.73411, -11.7264]}, {"type": "Feature", "id": "focos_48h_br_todosats.fid--145fdae9_19dad58dfff_-29ee", "geometry": {"type": "Point", "coordinates": [-44.20132, -12.24392]}, "geometry_name": "geometria", "properties": {"id_foco_bdq": 1814855536, "foco_id": "df6020ae-5a81-3539-8824-498a513aa023", "longitude": -44.20132, "latitude": -12.24392, "data_hora_gmt": "2026-04-20T18:15:00Z", "data_pas": "2026-04-20", "satelite": "AQUA_M-T", "municipio": "CRISTÓPOLIS", "estado": "BAHIA", "pais": "Brasil", "precipitacao": null, "numero_dias_sem_chuva": null, "risco_fogo": null, "bioma": "Cerrado", "id_0": 33, "id_1": 29, "id_2": 2909703, "continente_id": 8, "vegetacao": null, "grade_wrs": "219_068", "frp": 41.6}, "bbox": [-44.20132, -12.24392, -44.20132, -12.24392]}, {"type": "Feature", "id": "focos_48h_br_todosats.fid--145fdae9_19dad58dfff_-29ed", "geometry": {"type": "Point", "coordinates": [-47.11187, -11.61833]}, "geometry_name": "geometria", "properties": {"id_foco_bdq": 1814855668, "foco_id": "4a76a054-1c70-3a10-95d2-cf1cedd0603a", "longitude": -47.11187, "latitude": -11.61833, "data_hora_gmt": "2026-04-20T18:15:00Z", "data_pas": "2026-04-20", "satelite": "AQUA_M-T", "municipio": "PORTO ALEGRE DO TOCANTINS", "estado": "TOCANTINS", "pais": "Brasil", "precipitacao": null, "numero_dias_sem_chuva": null, "risco_fogo": null, "bioma": "Cerrado", "id_0": 33, "id_1": 17, "id_2": 1718006, "continente_id": 8, "vegetacao": null, "grade_wrs": "221_068", "frp": 25.1}, "bbox": [-47.11187, -11.61833, -47.11187, -11.61833]}, {"type": "Feature", "id": "focos_48h_br_todosats.fid--145fdae9_19dad58dfff_-29ec", "geometry": {"type": "Point", "coordinates": [-41.20733, -11.78383]}, "geometry_name": "geometria", "properties": {"id_foco_bdq": 1814857764, "foco_id": "5aeced9c-84e4-3869-997e-141928377ddc", "longitude": -41.20733, "latitude": -11.78383, "data_hora_gmt": "2026-04-20T18:15:00Z", "data_pas": "2026-04-20", "satelite": "AQUA_M-T", "municipio": "MORRO DO CHAPÉU", "estado": "BAHIA", "pais": "Brasil", "precipitacao": null, "numero_dias_sem_chuva": null, "risco_fogo": null, "bioma": "Caatinga", "id_0": 33, "id_1": 29, "id_2": 2921708, "continente_id": 8, "vegetacao": null, "grade_wrs": "217_068", "frp": 9.9}, "bbox": [-41.20733, -11.78383, -41.20733, -11.78383]}, {"type": "Feature", "id": "focos_48h_br_todosats.fid--145fdae9_19dad58dfff_-29eb", "geometry": {"type": "Point", "coordinates": [-55.25443, -18.73053]}, "geometry_name": "geometria", "properties": {"id_foco_bdq": 1814861895, "foco_id": "43160da7-f3da-3279-9260-3015339a3b5b", "longitude": -55.25443, "latitude": -18.73053, "data_hora_gmt": "2026-04-20T18:17:00Z", "data_pas": "2026-04-20", "satelite": "NOAA-20", "municipio": "RIO VERDE DE MATO GROSSO", "estado": "MATO GROSSO DO SUL", "pais": "Brasil", "precipitacao": null, "numero_dias_sem_chuva": null, "risco_fogo": null, "bioma": "Pantanal", "id_0": 33, "id_1": 50, "id_2": 5007406, "continente_id": 8, "vegetacao": null, "grade_wrs": "225_073", "frp": 6.2}, "bbox": [-55.25443, -18.73053, -55.25443, -18.73053]}, {"type": "Feature", "id": "focos_48h_br_todosats.fid--145fdae9_19dad58dfff_-29ea", "geometry": {"type": "Point", "coordinates": [-56.36216, -20.92152]}, "geometry_name": "geometria", "properties": {"id_foco_bdq": 1814860764, "foco_id": "6ae96d45-0d79-33db-a246-661c9f932e04", "longitude": -56.36216, "latitude": -20.92152, "data_hora_gmt": "2026-04-20T18:17:00Z", "data_pas": "2026-04-20", "satelite": "NOAA-20", "municipio": "BONITO", "estado": "MATO GROSSO DO SUL", "pais": "Brasil", "precipitacao": null, "numero_dias_sem_chuva": null, "risco_fogo": null, "bioma": "Cerrado", "id_0": 33, "id_1": 50, "id_2": 5002209, "continente_id": 8, "vegetacao": null, "grade_wrs": "226_074", "frp": 9.3}, "bbox": [-56.36216, -20.92152, -56.36216, -20.92152]}, {"type": "Feature", "id": "focos_48h_br_todosats.fid--145fdae9_19dad58dfff_-29e9", "geometry": {"type": "Point", "coordinates": [-44.9475, -6.92747]}, "geometry_name": "geometria", "properties": {"id_foco_bdq": 1814854603, "foco_id": "0e3ff9dd-c065-31a4-9555-3589784cfe2e", "longitude": -44.9475, "latitude": -6.92747, "data_hora_gmt": "2026-04-20T18:17:00Z", "data_pas": "2026-04-20", "satelite": "AQUA_M-T", "municipio": "SÃO FÉLIX DE BALSAS", "estado": "MARANHÃO", "pais": "Brasil", "precipitacao": null, "numero_dias_sem_chuva": null, "risco_fogo": null, "bioma": "Cerrado", "id_0": 33, "id_1": 21, "id_2": 2110807, "continente_id": 8, "vegetacao": null, "grade_wrs": "220_065", "frp": 24.6}, "bbox": [-44.9475, -6.92747, -44.9475, -6.92747]}, {"type": "Feature", "id": "focos_48h_br_todosats.fid--145fdae9_19dad58dfff_-29e8", "geometry": {"type": "Point", "coordinates": [-44.9495, -6.93606]}, "geometry_name": "geometria", "properties": {"id_foco_bdq": 1814856067, "foco_id": "8d309df9-a9d8-3ac3-afae-8def7a8d48e3", "longitude": -44.9495, "latitude": -6.93606, "data_hora_gmt": "2026-04-20T18:17:00Z", "data_pas": "2026-04-20", "satelite": "AQUA_M-T", "municipio": "SÃO FÉLIX DE BALSAS", "estado": "MARANHÃO", "pais": "Brasil", "precipitacao": null, "numero_dias_sem_chuva": null, "risco_fogo": null, "bioma": "Cerrado", "id_0": 33, "id_1": 21, "id_2": 2110807, "continente_id": 8, "vegetacao": null, "grade_wrs": "220_065", "frp": 7.8}, "bbox": [-44.9495, -6.93606, -44.9495, -6.93606]}, {"type": "Feature", "id": "focos_48h_br_todosats.fid--145fdae9_19dad58dfff_-29e7", "geometry": {"type": "Point", "coordinates": [-44.93983, -6.93469]}, "geometry_name": "geometria", "properties": {"id_foco_bdq": 1814854983, "foco_id": "c2f3204d-625a-348a-8307-e2eefe47410d", "longitude": -44.93983, "latitude": -6.93469, "data_hora_gmt": "2026-04-20T18:17:00Z", "data_pas": "2026-04-20", "satelite": "AQUA_M-T", "municipio": "SÃO FÉLIX DE BALSAS", "estado": "MARANHÃO", "pais": "Brasil", "precipitacao": null, "numero_dias_sem_chuva": null, "risco_fogo": null, "bioma": "Cerrado", "id_0": 33, "id_1": 21, "id_2": 2110807, "continente_id": 8, "vegetacao": null, "grade_wrs": "220_065", "frp": 16.5}, "bbox": [-44.93983, -6.93469, -44.93983, -6.93469]}, {"type": "Feature", "id": "focos_48h_br_todosats.fid--145fdae9_19dad58dfff_-29e6", "geometry": {"type": "Point", "coordinates": [-44.3309, -8.53658]}, "geometry_name": "geometria", "properties": {"id_foco_bdq": 1814855087, "foco_id": "f673226b-1885-31c7-a3a5-4158e07d57c1", "longitude": -44.3309, "latitude": -8.53658, "data_hora_gmt": "2026-04-20T18:17:00Z", "data_pas": "2026-04-20", "satelite": "AQUA_M-T", "municipio": "PALMEIRA DO PIAUÍ", "estado": "PIAUÍ", "pais": "Brasil", "precipitacao": null, "numero_dias_sem_chuva": null, "risco_fogo": null, "bioma": "Cerrado", "id_0": 33, "id_1": 22, "id_2": 2207405, "continente_id": 8, "vegetacao": null, "grade_wrs": "220_066", "frp": 11.6}, "bbox": [-44.3309, -8.53658, -44.3309, -8.53658]}, {"type": "Feature", "id": "focos_48h_br_todosats.fid--145fdae9_19dad58dfff_-29e5", "geometry": {"type": "Point", "coordinates": [-43.91891, -6.53857]}, "geometry_name": "geometria", "properties": {"id_foco_bdq": 1814856453, "foco_id": "5a257597-2568-327e-be97-75ea0e8a3831", "longitude": -43.91891, "latitude": -6.53857, "data_hora_gmt": "2026-04-20T18:17:00Z", "data_pas": "2026-04-20", "satelite": "AQUA_M-T", "municipio": "PARAIBANO", "estado": "MARANHÃO", "pais": "Brasil", "precipitacao": null, "numero_dias_sem_chuva": null, "risco_fogo": null, "bioma": "Cerrado", "id_0": 33, "id_1": 21, "id_2": 2107704, "continente_id": 8, "vegetacao": null, "grade_wrs": "220_064", "frp": 3.4}, "bbox": [-43.91891, -6.53857, -43.91891, -6.53857]}, {"type": "Feature", "id": "focos_48h_br_todosats.fid--145fdae9_19dad58dfff_-29e4", "geometry": {"type": "Point", "coordinates": [-44.62, -12.2723]}, "geometry_name": "geometria", "properties": {"id_foco_bdq": 1814853911, "foco_id": "05f82d55-f910-3e92-8634-3e4b066ee2b3", "longitude": -44.62, "latitude": -12.2723, "data_hora_gmt": "2026-04-20T19:20:00Z", "data_pas": "2026-04-20", "satelite": "GOES-19", "municipio": "CATOLÂNDIA", "estado": "BAHIA", "pais": "Brasil", "precipitacao": null, "numero_dias_sem_chuva": null, "risco_fogo": null, "bioma": "Cerrado", "id_0": 33, "id_1": 29, "id_2": 2907400, "continente_id": 8, "vegetacao": null, "grade_wrs": "219_069", "frp": 113}, "bbox": [-44.62, -12.2723, -44.62, -12.2723]}, {"type": "Feature", "id": "focos_48h_br_todosats.fid--145fdae9_19dad58dfff_-29e3", "geometry": {"type": "Point", "coordinates": [-44.62, -12.2723]}, "geometry_name": "geometria", "properties": {"id_foco_bdq": 1814854088, "foco_id": "7dd4cc49-dcb9-3e6e-856f-7d37be673b5a", "longitude": -44.62, "latitude": -12.2723, "data_hora_gmt": "2026-04-20T19:30:00Z", "data_pas": "2026-04-20", "satelite": "GOES-19", "municipio": "CATOLÂNDIA", "estado": "BAHIA", "pais": "Brasil", "precipitacao": null, "numero_dias_sem_chuva": null, "risco_fogo": null, "bioma": "Cerrado", "id_0": 33, "id_1": 29, "id_2": 2907400, "continente_id": 8, "vegetacao": null, "grade_wrs": "219_069", "frp": 111.1}, "bbox": [-44.62, -12.2723, -44.62, -12.2723]}, {"type": "Feature", "id": "focos_48h_br_todosats.fid--145fdae9_19dad58dfff_-29e2", "geometry": {"type": "Point", "coordinates": [-44.62, -12.2723]}, "geometry_name": "geometria", "properties": {"id_foco_bdq": 1814854347, "foco_id": "dbd33eaf-b0c2-32d8-8e5b-df49026385c2", "longitude": -44.62, "latitude": -12.2723, "data_hora_gmt": "2026-04-20T19:40:00Z", "data_pas": "2026-04-20", "satelite": "GOES-19", "municipio": "CATOLÂNDIA", "estado": "BAHIA", "pais": "Brasil", "precipitacao": null, "numero_dias_sem_chuva": null, "risco_fogo": null, "bioma": "Cerrado", "id_0": 33, "id_1": 29, "id_2": 2907400, "continente_id": 8, "vegetacao": null, "grade_wrs": "219_069", "frp": 123.7}, "bbox": [-44.62, -12.2723, -44.62, -12.2723]}, {"type": "Feature", "id": "focos_48h_br_todosats.fid--145fdae9_19dad58dfff_-29e1", "geometry": {"type": "Point", "coordinates": [-44.62, -12.2723]}, "geometry_name": "geometria", "properties": {"id_foco_bdq": 1814856987, "foco_id": "bf17b91b-ceaa-3786-8e3b-afde5a657460", "longitude": -44.62, "latitude": -12.2723, "data_hora_gmt": "2026-04-20T19:50:00Z", "data_pas": "2026-04-20", "satelite": "GOES-19", "municipio": "CATOLÂNDIA", "estado": "BAHIA", "pais": "Brasil", "precipitacao": null, "numero_dias_sem_chuva": null, "risco_fogo": null, "bioma": "Cerrado", "id_0": 33, "id_1": 29, "id_2": 2907400, "continente_id": 8, "vegetacao": null, "grade_wrs": "219_069", "frp": 104}, "bbox": [-44.62, -12.2723, -44.62, -12.2723]}, {"type": "Feature", "id": "focos_48h_br_todosats.fid--145fdae9_19dad58dfff_-29e0", "geometry": {"type": "Point", "coordinates": [-44.617, -12.2915]}, "geometry_name": "geometria", "properties": {"id_foco_bdq": 1814854605, "foco_id": "2ee3f24e-104d-3020-9062-113f5a99133a", "longitude": -44.617, "latitude": -12.2915, "data_hora_gmt": "2026-04-20T19:50:00Z", "data_pas": "2026-04-20", "satelite": "GOES-19", "municipio": "CATOLÂNDIA", "estado": "BAHIA", "pais": "Brasil", "precipitacao": null, "numero_dias_sem_chuva": null, "risco_fogo": null, "bioma": "Cerrado", "id_0": 33, "id_1": 29, "id_2": 2907400, "continente_id": 8, "vegetacao": null, "grade_wrs": "219_069", "frp": 131.1}, "bbox": [-44.617, -12.2915, -44.617, -12.2915]}, {"type": "Feature", "id": "focos_48h_br_todosats.fid--145fdae9_19dad58dfff_-29df", "geometry": {"type": "Point", "coordinates": [-44.617, -12.2915]}, "geometry_name": "geometria", "properties": {"id_foco_bdq": 1814859406, "foco_id": "307795e5-c5d3-3f6d-a969-1447cb2f07d5", "longitude": -44.617, "latitude": -12.2915, "data_hora_gmt": "2026-04-20T20:00:00Z", "data_pas": "2026-04-20", "satelite": "GOES-19", "municipio": "CATOLÂNDIA", "estado": "BAHIA", "pais": "Brasil", "precipitacao": null, "numero_dias_sem_chuva": null, "risco_fogo": null, "bioma": "Cerrado", "id_0": 33, "id_1": 29, "id_2": 2907400, "continente_id": 8, "vegetacao": null, "grade_wrs": "219_069", "frp": 112.8}, "bbox": [-44.617, -12.2915, -44.617, -12.2915]}, {"type": "Feature", "id": "focos_48h_br_todosats.fid--145fdae9_19dad58dfff_-29de", "geometry": {"type": "Point", "coordinates": [-44.62, -12.2723]}, "geometry_name": "geometria", "properties": {"id_foco_bdq": 1814858947, "foco_id": "ac0f017f-e29c-3d52-8a73-4c43618513d0", "longitude": -44.62, "latitude": -12.2723, "data_hora_gmt": "2026-04-20T20:00:00Z", "data_pas": "2026-04-20", "satelite": "GOES-19", "municipio": "CATOLÂNDIA", "estado": "BAHIA", "pais": "Brasil", "precipitacao": null, "numero_dias_sem_chuva": null, "risco_fogo": null, "bioma": "Cerrado", "id_0": 33, "id_1": 29, "id_2": 2907400, "continente_id": 8, "vegetacao": null, "grade_wrs": "219_069", "frp": 102.5}, "bbox": [-44.62, -12.2723, -44.62, -12.2723]}, {"type": "Feature", "id": "focos_48h_br_todosats.fid--145fdae9_19dad58dfff_-29dd", "geometry": {"type": "Point", "coordinates": [-46.4946, -17.183]}, "geometry_name": "geometria", "properties": {"id_foco_bdq": 1814867350, "foco_id": "87f32afc-4cae-3c05-a53e-4ff0a09e684e", "longitude": -46.4946, "latitude": -17.183, "data_hora_gmt": "2026-04-20T21:40:00Z", "data_pas": "2026-04-20", "satelite": "GOES-19", "municipio": "PARACATU", "estado": "MINAS GERAIS", "pais": "Brasil", "precipitacao": null, "numero_dias_sem_chuva": null, "risco_fogo": null, "bioma": "Cerrado", "id_0": 33, "id_1": 31, "id_2": 3147006, "continente_id": 8, "vegetacao": null, "grade_wrs": "220_072", "frp": 69.2}, "bbox": [-46.4946, -17.183, -46.4946, -17.183]}, {"type": "Feature", "id": "focos_48h_br_todosats.fid--145fdae9_19dad58dfff_-29dc", "geometry": {"type": "Point", "coordinates": [-47.9797, -21.955]}, "geometry_name": "geometria", "properties": {"id_foco_bdq": 1814886903, "foco_id": "324a33b2-9577-3d73-bb1b-7318f3a57d6b", "longitude": -47.9797, "latitude": -21.955, "data_hora_gmt": "2026-04-20T23:40:00Z", "data_pas": "2026-04-20", "satelite": "GOES-19", "municipio": "IBATÉ", "estado": "SÃO PAULO", "pais": "Brasil", "precipitacao": null, "numero_dias_sem_chuva": null, "risco_fogo": null, "bioma": "Cerrado", "id_0": 33, "id_1": 35, "id_2": 3519303, "continente_id": 8, "vegetacao": null, "grade_wrs": "220_075", "frp": 65}, "bbox": [-47.9797, -21.955, -47.9797, -21.955]}]}