id_foco_bdq,foco_id,longitude,latitude,data_hora_gmt,data_pas,satelite,municipio,estado,pais,precipitacao,numero_dias_sem_chuva,risco_fogo,bioma,id_0,id_1,id_2,continente_id,vegetacao,grade_wrs,frp,geometry_wkt
1814787894,7982e767-5637-3034-a5d7-14c9208e9b2b,-56.1469,-21.455601,2026-04-20 00:55:00+00:00,2026-04-20,METOP-B,JARDIM,MATO GROSSO DO SUL,Brasil,,,,Cerrado,33,50,5005004,8,,225_075,,POINT(-56.1469 -21.455601)
1814788206,64994e83-4e7d-38ad-9d7d-a427f7eb6812,-51.623199,-23.706699,2026-04-20 01:28:00+00:00,2026-04-20,METOP-C,MARUMBI,PARANÁ,Brasil,,,,Mata Atlântica,33,41,4115507,8,,222_076,,POINT(-51.623199 -23.706699)
1814788144,152efe1f-21fa-34ee-b0ad-f48ec70bf22c,-51.6314,-23.7023,2026-04-20 02:00:00+00:00,2026-04-20,GOES-19,MARUMBI,PARANÁ,Brasil,,,,Mata Atlântica,33,41,4115507,8,,222_076,65.1,POINT(-51.6314 -23.7023)
1814790859,f6f87812-efd9-3d4e-aa11-cbb18f1ba685,-38.44487,-9.94394,2026-04-20 03:13:00+00:00,2026-04-20,NOAA-21,JEREMOABO,BAHIA,Brasil,,,,Caatinga,33,29,2918100,8,,216_067,1.8,POINT(-38.44487 -9.94394)
1814791580,9824e382-cbf3-30ef-b44a-d557e8769d2a,-37.47351,-9.80338,2026-04-20 03:13:00+00:00,2026-04-20,NOAA-21,PORTO DA FOLHA,SERGIPE,Brasil,,,,Caatinga,33,28,2805604,8,,215_067,0.7,POINT(-37.47351 -9.80338)
1814791790,8c6c5efa-916e-37ad-9d89-bedc3b4e55d2,-37.47701,-9.80272,2026-04-20 03:13:00+00:00,2026-04-20,NOAA-21,PORTO DA FOLHA,SERGIPE,Brasil,,,,Caatinga,33,28,2805604,8,,215_067,0.7,POINT(-37.47701 -9.80272)
1814792096,82f706e2-e923-3756-a491-bb72751025be,-38.44884,-9.94318,2026-04-20 03:13:00+00:00,2026-04-20,NOAA-21,JEREMOABO,BAHIA,Brasil,,,,Caatinga,33,29,2918100,8,,216_067,1.8,POINT(-38.44884 -9.94318)
1814792326,216f23b5-d139-321c-8743-2fce5779204c,-37.47605,-9.79729,2026-04-20 03:13:00+00:00,2026-04-20,NOAA-21,PORTO DA FOLHA,SERGIPE,Brasil,,,,Caatinga,33,28,2805604,8,,215_067,1.9,POINT(-37.47605 -9.79729)
1814790994,aa4c22d2-ef8b-3e5c-8992-8cb7cbcfa914,-37.4725,-9.79795,2026-04-20 03:13:00+00:00,2026-04-20,NOAA-21,PORTO DA FOLHA,SERGIPE,Brasil,,,,Caatinga,33,28,2805604,8,,215_067,1.9,POINT(-37.4725 -9.79795)
1814792401,73caa93d-a9b6-3897-a6df-816a62d121a7,-37.46906,-9.7986,2026-04-20 03:13:00+00:00,2026-04-20,NOAA-21,PORTO DA FOLHA,SERGIPE,Brasil,,,,Caatinga,33,28,2805604,8,,215_067,1.6,POINT(-37.46906 -9.7986)
1814790931,30fe434e-7805-3bc9-a8ec-a788a014d13e,-42.66765,-17.24959,2026-04-20 03:15:00+00:00,2026-04-20,NOAA-21,MINAS NOVAS,MINAS GERAIS,Brasil,,,,Cerrado,33,31,3141801,8,,217_072,17.5,POINT(-42.66765 -17.24959)
1814792131,2bee6f24-1498-326a-9128-f13c641d9494,-42.67288,-17.24921,2026-04-20 03:15:00+00:00,2026-04-20,NOAA-21,MINAS NOVAS,MINAS GERAIS,Brasil,,,,Cerrado,33,31,3141801,8,,217_072,11.5,POINT(-42.67288 -17.24921)
1814792496,fbc8831b-3f38-3a2b-81d0-8e40cc5eea80,-42.66614,-17.25071,2026-04-20 03:15:00+00:00,2026-04-20,NOAA-21,MINAS NOVAS,MINAS GERAIS,Brasil,,,,Cerrado,33,31,3141801,8,,217_072,11.5,POINT(-42.66614 -17.25071)
1814792386,cce6c72a-7c99-341f-ba01-49b4f13cd666,-42.66135,-17.25104,2026-04-20 03:15:00+00:00,2026-04-20,NOAA-21,MINAS NOVAS,MINAS GERAIS,Brasil,,,,Cerrado,33,31,3141801,8,,217_072,17.5,POINT(-42.66135 -17.25104)
1814791502,dd6be851-7833-37f3-accb-e6ff82b8e8a5,-42.66441,-17.24427,2026-04-20 03:15:00+00:00,2026-04-20,NOAA-21,MINAS NOVAS,MINAS GERAIS,Brasil,,,,Cerrado,33,31,3141801,8,,217_072,11.5,POINT(-42.66441 -17.24427)
1814790927,aede9d2b-baab-381e-ad02-093c68f4c369,-43.08075,-22.48422,2026-04-20 03:17:00+00:00,2026-04-20,NOAA-21,PETRÓPOLIS,RIO DE JANEIRO,Brasil,,,,Mata Atlântica,33,33,3303906,8,,217_076,1.0,POINT(-43.08075 -22.48422)
1814792738,4954fd2e-c479-315d-8e78-4492c8efb58d,-43.07902,-22.49212,2026-04-20 03:17:00+00:00,2026-04-20,NOAA-21,PETRÓPOLIS,RIO DE JANEIRO,Brasil,,,,Mata Atlântica,33,33,3303906,8,,217_076,1.5,POINT(-43.07902 -22.49212)
1814791657,eca5cef0-a81c-39cd-8499-8faf709e5502,-45.01832,-19.84467,2026-04-20 03:17:00+00:00,2026-04-20,NOAA-21,NOVA SERRANA,MINAS GERAIS,Brasil,,,,Cerrado,33,31,3145208,8,,219_074,15.7,POINT(-45.01832 -19.84467)
1814791674,65bfadba-20a4-35ea-842b-2c5051595562,-43.07724,-22.48619,2026-04-20 03:17:00+00:00,2026-04-20,NOAA-21,PETRÓPOLIS,RIO DE JANEIRO,Brasil,,,,Mata Atlântica,33,33,3303906,8,,217_076,1.5,POINT(-43.07724 -22.48619)
1814791260,de0896d6-ec94-37f1-a5e2-ffc3e5594461,-43.07393,-22.49334,2026-04-20 03:17:00+00:00,2026-04-20,NOAA-21,MAGÉ,RIO DE JANEIRO,Brasil,,,,Mata Atlântica,33,33,3302502,8,,217_076,1.5,POINT(-43.07393 -22.49334)
1814791457,0e2211ec-d763-3b70-bdab-42cadbdb4326,-45.01762,-19.84167,2026-04-20 03:17:00+00:00,2026-04-20,NOAA-21,NOVA SERRANA,MINAS GERAIS,Brasil,,,,Cerrado,33,31,3145208,8,,219_074,11.8,POINT(-45.01762 -19.84167)
1814791479,e658e4b0-02d0-3e06-990e-4a1d2ebfb515,-43.07571,-22.49175,2026-04-20 03:17:00+00:00,2026-04-20,NOAA-21,MAGÉ,RIO DE JANEIRO,Brasil,,,,Mata Atlântica,33,33,3302502,8,,217_076,3.5,POINT(-43.07571 -22.49175)
1814791518,0a5339ea-66ae-37e7-b375-623e21987b9b,-43.07075,-22.49291,2026-04-20 03:17:00+00:00,2026-04-20,NOAA-21,MAGÉ,RIO DE JANEIRO,Brasil,,,,Mata Atlântica,33,33,3302502,8,,217_076,1.4,POINT(-43.07075 -22.49291)
1814794379,514b5c16-7234-3e6f-9704-5117fbd18d23,-37.46866,-9.80301,2026-04-20 03:45:00+00:00,2026-04-20,NPP-375D,PORTO DA FOLHA,SERGIPE,Brasil,,,,Caatinga,33,28,2805604,8,,215_067,0.5,POINT(-37.46866 -9.80301)
1814796241,d7d4bc5f-9243-3134-b8c4-8d25a1461aaf,-37.46806,-9.79942,2026-04-20 03:45:00+00:00,2026-04-20,NPP-375D,PORTO DA FOLHA,SERGIPE,Brasil,,,,Caatinga,33,28,2805604,8,,215_067,0.5,POINT(-37.46806 -9.79942)
1814796015,d85482d6-62b6-3c2b-9e21-1ba5e8677c25,-37.84391,-11.61164,2026-04-20 03:45:00+00:00,2026-04-20,NPP-375D,RIO REAL,BAHIA,Brasil,,,,Mata Atlântica,33,29,2927002,8,,215_068,1.0,POINT(-37.84391 -11.61164)
1814794637,5bc11ca3-40e9-3d68-b86c-92eae9cae922,-38.44468,-9.94718,2026-04-20 03:45:00+00:00,2026-04-20,NPP-375D,JEREMOABO,BAHIA,Brasil,,,,Caatinga,33,29,2918100,8,,216_067,3.7,POINT(-38.44468 -9.94718)
1814796050,4fa67fe9-a92d-316d-9d2d-7fc3b9b347d8,-37.04403,-9.66803,2026-04-20 03:45:00+00:00,2026-04-20,NPP-375D,JARAMATAIA,ALAGOAS,Brasil,,,,Caatinga,33,27,2703700,8,,215_067,0.6,POINT(-37.04403 -9.66803)
1814794708,0960cfc0-db83-34ea-9430-f3f13b30a394,-37.47751,-9.80522,2026-04-20 03:45:00+00:00,2026-04-20,NPP-375D,PORTO DA FOLHA,SERGIPE,Brasil,,,,Caatinga,33,28,2805604,8,,215_067,0.8,POINT(-37.47751 -9.80522)
1814795282,beb16cf0-eec8-31ea-8b3c-1841f6e4708f,-38.44922,-9.9464,2026-04-20 03:45:00+00:00,2026-04-20,NPP-375D,JEREMOABO,BAHIA,Brasil,,,,Caatinga,33,29,2918100,8,,216_067,2.6,POINT(-38.44922 -9.9464)
1814794799,b30dcdd5-eced-3df6-9ad9-7b99382febe8,-37.4769,-9.80163,2026-04-20 03:45:00+00:00,2026-04-20,NPP-375D,PORTO DA FOLHA,SERGIPE,Brasil,,,,Caatinga,33,28,2805604,8,,215_067,2.0,POINT(-37.4769 -9.80163)
1814794093,d0663a57-f7ec-3a7e-afbd-b152a8b6177e,-37.47277,-9.80232,2026-04-20 03:45:00+00:00,2026-04-20,NPP-375D,PORTO DA FOLHA,SERGIPE,Brasil,,,,Caatinga,33,28,2805604,8,,215_067,2.0,POINT(-37.47277 -9.80232)
1814795179,4dd5c1c8-8670-3dfd-8b18-3ed4741c498e,-37.47339,-9.80591,2026-04-20 03:45:00+00:00,2026-04-20,NPP-375D,PORTO DA FOLHA,SERGIPE,Brasil,,,,Caatinga,33,28,2805604,8,,215_067,0.8,POINT(-37.47339 -9.80591)
1814796186,087068cf-e2f6-3d12-a8fd-6b3843b28eca,-37.4763,-9.79804,2026-04-20 03:45:00+00:00,2026-04-20,NPP-375D,PORTO DA FOLHA,SERGIPE,Brasil,,,,Caatinga,33,28,2805604,8,,215_067,2.0,POINT(-37.4763 -9.79804)
1814795226,ea6463e3-0455-372d-abbe-0de47bf6b0af,-37.47216,-9.79874,2026-04-20 03:45:00+00:00,2026-04-20,NPP-375D,PORTO DA FOLHA,SERGIPE,Brasil,,,,Caatinga,33,28,2805604,8,,215_067,2.0,POINT(-37.47216 -9.79874)
1814794218,54f9a7af-a0c8-304b-a551-bab25ddddff4,-46.83584,-17.16658,2026-04-20 03:47:00+00:00,2026-04-20,NPP-375D,PARACATU,MINAS GERAIS,Brasil,,,,Cerrado,33,31,3147006,8,,220_072,3.8,POINT(-46.83584 -17.16658)
1814794194,d0646f48-373d-32d4-b94a-e81b029c08d0,-37.83723,-11.95638,2026-04-20 03:47:00+00:00,2026-04-20,NPP-375D,ESPLANADA,BAHIA,Brasil,,,,Mata Atlântica,33,29,2910602,8,,215_068,0.9,POINT(-37.83723 -11.95638)
1814794119,e976ada1-3979-38e2-98fb-3e33280e1907,-43.07563,-22.48538,2026-04-20 03:47:00+00:00,2026-04-20,NPP-375D,PETRÓPOLIS,RIO DE JANEIRO,Brasil,,,,Mata Atlântica,33,33,3303906,8,,217_076,0.7,POINT(-43.07563 -22.48538)
1814796276,4fb715fb-763f-399f-88e4-75cfde3c9483,-42.66359,-17.25238,2026-04-20 03:47:00+00:00,2026-04-20,NPP-375D,MINAS NOVAS,MINAS GERAIS,Brasil,,,,Cerrado,33,31,3141801,8,,217_072,9.7,POINT(-42.66359 -17.25238)
1814795150,3a672b39-9e7a-393f-83a4-67604d808fdb,-37.83029,-11.96486,2026-04-20 03:47:00+00:00,2026-04-20,NPP-375D,ESPLANADA,BAHIA,Brasil,,,,Mata Atlântica,33,29,2910602,8,,215_068,0.9,POINT(-37.83029 -11.96486)
1814796586,d9819b0e-c7dc-3786-937c-1f628d59be32,-43.07225,-22.49025,2026-04-20 03:47:00+00:00,2026-04-20,NPP-375D,MAGÉ,RIO DE JANEIRO,Brasil,,,,Mata Atlântica,33,33,3302502,8,,217_076,0.6,POINT(-43.07225 -22.49025)
1814795027,d3ccb9f0-f458-3ac0-98a9-fa14e0eb9735,-42.66725,-17.24717,2026-04-20 03:47:00+00:00,2026-04-20,NPP-375D,MINAS NOVAS,MINAS GERAIS,Brasil,,,,Cerrado,33,31,3141801,8,,217_072,9.4,POINT(-42.66725 -17.24717)
1814794939,168e88c5-4c46-3446-af14-a26d1e2ecf81,-43.07626,-22.48948,2026-04-20 03:47:00+00:00,2026-04-20,NPP-375D,MAGÉ,RIO DE JANEIRO,Brasil,,,,Mata Atlântica,33,33,3302502,8,,217_076,0.7,POINT(-43.07626 -22.48948)
1814794910,458c392b-89e0-3616-94f2-591801929b83,-43.06978,-22.49495,2026-04-20 03:47:00+00:00,2026-04-20,NPP-375D,MAGÉ,RIO DE JANEIRO,Brasil,,,,Mata Atlântica,33,33,3302502,8,,217_076,0.8,POINT(-43.06978 -22.49495)
1814795625,5c49b6ee-d8e1-3ec4-bbc1-d7a9631078e3,-42.66822,-17.2515,2026-04-20 03:47:00+00:00,2026-04-20,NPP-375D,MINAS NOVAS,MINAS GERAIS,Brasil,,,,Cerrado,33,31,3141801,8,,217_072,9.4,POINT(-42.66822 -17.2515)
1814795848,31a34e32-827f-3db6-ab14-572f467072a6,-44.44349,-13.63289,2026-04-20 03:47:00+00:00,2026-04-20,NPP-375D,CORIBE,BAHIA,Brasil,,,,Cerrado,33,29,2909109,8,,219_069,2.3,POINT(-44.44349 -13.63289)
1814794760,0bbf76d9-0792-369c-ae5f-2dd8bb6df4aa,-44.03035,-13.47109,2026-04-20 03:47:00+00:00,2026-04-20,NPP-375D,SÃO FÉLIX DO CORIBE,BAHIA,Brasil,,,,Cerrado,33,29,2929057,8,,219_069,3.4,POINT(-44.03035 -13.47109)
1814794745,a85d5886-a16e-38cc-bd97-e6b0e3e8a7f2,-44.03436,-13.47559,2026-04-20 03:47:00+00:00,2026-04-20,NPP-375D,SÃO FÉLIX DO CORIBE,BAHIA,Brasil,,,,Cerrado,33,29,2929057,8,,219_069,0.7,POINT(-44.03436 -13.47559)
1814796051,05d92c7b-263b-39c8-af01-26a120fe3cd9,-46.83199,-17.1674,2026-04-20 03:47:00+00:00,2026-04-20,NPP-375D,PARACATU,MINAS GERAIS,Brasil,,,,Cerrado,33,31,3147006,8,,220_072,3.8,POINT(-46.83199 -17.1674)
1814793682,12d0a939-3adc-35dc-b1eb-445abc941e2b,-43.07747,-22.49347,2026-04-20 03:47:00+00:00,2026-04-20,NPP-375D,PETRÓPOLIS,RIO DE JANEIRO,Brasil,,,,Mata Atlântica,33,33,3303906,8,,217_076,0.4,POINT(-43.07747 -22.49347)
1814794575,e2dbd12a-34ac-346b-8e91-db9f322373d7,-43.07359,-22.49422,2026-04-20 03:47:00+00:00,2026-04-20,NPP-375D,MAGÉ,RIO DE JANEIRO,Brasil,,,,Mata Atlântica,33,33,3302502,8,,217_076,0.8,POINT(-43.07359 -22.49422)
1814795303,cb83cacb-a16b-324a-bf53-6b8ce3fd2de8,-42.66267,-17.24804,2026-04-20 03:47:00+00:00,2026-04-20,NPP-375D,MINAS NOVAS,MINAS GERAIS,Brasil,,,,Cerrado,33,31,3141801,8,,217_072,9.7,POINT(-42.66267 -17.24804)
1814794410,d7d4da33-35ff-36fc-afa7-696a02c499fc,-44.03339,-13.47049,2026-04-20 03:47:00+00:00,2026-04-20,NPP-375D,SÃO FÉLIX DO CORIBE,BAHIA,Brasil,,,,Cerrado,33,29,2929057,8,,219_069,3.4,POINT(-44.03339 -13.47049)
1814795508,3b043067-d781-34d6-ac4e-765b461d4ab8,-46.11139,-21.96087,2026-04-20 03:47:00+00:00,2026-04-20,NPP-375D,IPUIÚNA,MINAS GERAIS,Brasil,,,,Mata Atlântica,33,31,3131505,8,,219_075,3.9,POINT(-46.11139 -21.96087)
1814796189,73183ed1-f205-3fd3-8a2d-19f6e22f4480,-44.03129,-13.47619,2026-04-20 03:47:00+00:00,2026-04-20,NPP-375D,SÃO FÉLIX DO CORIBE,BAHIA,Brasil,,,,Cerrado,33,29,2929057,8,,219_069,0.7,POINT(-44.03129 -13.47619)
1814795221,7837714d-5160-3da4-83bd-a63c1db01cb3,-49.97492,-27.75662,2026-04-20 03:49:00+00:00,2026-04-20,NPP-375D,BOCAINA DO SUL,SANTA CATARINA,Brasil,,,,Mata Atlântica,33,42,4202438,8,,220_079,2.0,POINT(-49.97492 -27.75662)
1814795164,a925ac0b-d263-3773-a2e6-e81f8cdcabbd,-51.22679,-24.17378,2026-04-20 03:49:00+00:00,2026-04-20,NPP-375D,ORTIGUEIRA,PARANÁ,Brasil,,,,Mata Atlântica,33,41,4117305,8,,222_077,2.3,POINT(-51.22679 -24.17378)
1814796444,fd306e4d-0006-3490-9165-72aef80c9756,-45.01467,-19.84397,2026-04-20 03:49:00+00:00,2026-04-20,NPP-375D,NOVA SERRANA,MINAS GERAIS,Brasil,,,,Cerrado,33,31,3145208,8,,219_074,6.8,POINT(-45.01467 -19.84397)
1814796129,fc7399a0-7486-322d-a769-5f290eeb4bd1,-51.23223,-24.17241,2026-04-20 03:49:00+00:00,2026-04-20,NPP-375D,ORTIGUEIRA,PARANÁ,Brasil,,,,Mata Atlântica,33,41,4117305,8,,222_077,4.7,POINT(-51.23223 -24.17241)
1814793945,edb74e14-8198-319d-9c1d-8454767d0059,-45.02027,-19.84283,2026-04-20 03:49:00+00:00,2026-04-20,NPP-375D,NOVA SERRANA,MINAS GERAIS,Brasil,,,,Cerrado,33,31,3145208,8,,219_074,15.6,POINT(-45.02027 -19.84283)
1814793938,a9bf761e-812e-33c7-bc18-e0f01c5a3e68,-49.40011,-25.1775,2026-04-20 03:49:00+00:00,2026-04-20,NPP-375D,ITAPERUÇU,PARANÁ,Brasil,,,,Mata Atlântica,33,41,4111258,8,,221_077,3.1,POINT(-49.40011 -25.1775)
1814795339,727481e6-32c8-33d9-b223-ebe95e6e8ff1,-37.46847,-9.79738,2026-04-20 04:04:00+00:00,2026-04-20,NOAA-20,PORTO DA FOLHA,SERGIPE,Brasil,,,,Caatinga,33,28,2805604,8,,215_067,1.4,POINT(-37.46847 -9.79738)
1814796224,b277fae4-4536-3d6b-82e8-58837386af28,-37.46901,-9.801,2026-04-20 04:04:00+00:00,2026-04-20,NOAA-20,PORTO DA FOLHA,SERGIPE,Brasil,,,,Caatinga,33,28,2805604,8,,215_067,1.4,POINT(-37.46901 -9.801)
1814793818,6037f52a-73dd-3684-b4bc-69363996ec4a,-38.44186,-9.94674,2026-04-20 04:04:00+00:00,2026-04-20,NOAA-20,JEREMOABO,BAHIA,Brasil,,,,Caatinga,33,29,2918100,8,,216_067,1.0,POINT(-38.44186 -9.94674)
1814793837,b6524403-9359-37af-b676-cfb14bddf18a,-37.47805,-9.80334,2026-04-20 04:04:00+00:00,2026-04-20,NOAA-20,PORTO DA FOLHA,SERGIPE,Brasil,,,,Caatinga,33,28,2805604,8,,215_067,0.7,POINT(-37.47805 -9.80334)
1814793825,8861d268-1ae8-3a6e-8348-a8c71f76237c,-37.4775,-9.79972,2026-04-20 04:04:00+00:00,2026-04-20,NOAA-20,PORTO DA FOLHA,SERGIPE,Brasil,,,,Caatinga,33,28,2805604,8,,215_067,1.2,POINT(-37.4775 -9.79972)
1814794492,b252147e-892e-3fc8-9a23-e309de236315,-37.47272,-9.79673,2026-04-20 04:04:00+00:00,2026-04-20,NOAA-20,PORTO DA FOLHA,SERGIPE,Brasil,,,,Caatinga,33,28,2805604,8,,215_067,1.4,POINT(-37.47272 -9.79673)
1814793905,9757a5bf-d39a-3df1-8e44-af3916c8d031,-37.47382,-9.80398,2026-04-20 04:04:00+00:00,2026-04-20,NOAA-20,PORTO DA FOLHA,SERGIPE,Brasil,,,,Caatinga,33,28,2805604,8,,215_067,1.9,POINT(-37.47382 -9.80398)
1814795290,1bff8c8f-6779-3c20-be01-ae830cb2a160,-38.44574,-9.94615,2026-04-20 04:04:00+00:00,2026-04-20,NOAA-20,JEREMOABO,BAHIA,Brasil,,,,Caatinga,33,29,2918100,8,,216_067,5.8,POINT(-38.44574 -9.94615)
1814794740,1aee4d56-ce9b-3559-8c98-118596a691b4,-37.47327,-9.80036,2026-04-20 04:04:00+00:00,2026-04-20,NOAA-20,PORTO DA FOLHA,SERGIPE,Brasil,,,,Caatinga,33,28,2805604,8,,215_067,1.4,POINT(-37.47327 -9.80036)
1814794717,16fec99e-1633-3e91-abe4-5af2388c6040,-37.04371,-9.66583,2026-04-20 04:04:00+00:00,2026-04-20,NOAA-20,JARAMATAIA,ALAGOAS,Brasil,,,,Caatinga,33,27,2703700,8,,215_067,0.4,POINT(-37.04371 -9.66583)
1814795732,0ee83315-764f-3926-9fee-58f063e5e1e3,-42.66057,-17.24754,2026-04-20 04:06:00+00:00,2026-04-20,NOAA-20,MINAS NOVAS,MINAS GERAIS,Brasil,,,,Cerrado,33,31,3141801,8,,217_072,13.3,POINT(-42.66057 -17.24754)
1814796358,1d45652f-3624-33c0-8ef7-ab5d89398aae,-46.93334,-14.552,2026-04-20 04:06:00+00:00,2026-04-20,NOAA-20,FLORES DE GOIÁS,GOIÁS,Brasil,,,,Cerrado,33,52,5207907,8,,221_070,1.8,POINT(-46.93334 -14.552)
1814795476,867f030b-6144-3b6e-b5f1-33656a28be39,-44.02792,-13.46864,2026-04-20 04:06:00+00:00,2026-04-20,NOAA-20,SÃO FÉLIX DO CORIBE,BAHIA,Brasil,,,,Cerrado,33,29,2929057,8,,219_069,0.5,POINT(-44.02792 -13.46864)
1814794694,33ededc6-817e-3df3-9433-a8b84818f2f2,-44.44403,-13.63369,2026-04-20 04:06:00+00:00,2026-04-20,NOAA-20,CORIBE,BAHIA,Brasil,,,,Cerrado,33,29,2909109,8,,219_069,3.3,POINT(-44.44403 -13.63369)
1814795235,e8496cb8-0c67-3d95-97a0-b708f53f46f0,-44.0285,-13.47213,2026-04-20 04:06:00+00:00,2026-04-20,NOAA-20,SÃO FÉLIX DO CORIBE,BAHIA,Brasil,,,,Cerrado,33,29,2929057,8,,219_069,6.3,POINT(-44.0285 -13.47213)
1814794121,9f2d3de6-a6d0-3cbf-92ec-f04c69874f62,-46.83308,-17.16718,2026-04-20 04:06:00+00:00,2026-04-20,NOAA-20,PARACATU,MINAS GERAIS,Brasil,,,,Cerrado,33,31,3147006,8,,220_072,9.7,POINT(-46.83308 -17.16718)
1814795388,d6e6ba2c-5761-3a4b-8551-542d2bd7562a,-46.83789,-17.16631,2026-04-20 04:06:00+00:00,2026-04-20,NOAA-20,PARACATU,MINAS GERAIS,Brasil,,,,Cerrado,33,31,3147006,8,,220_072,9.7,POINT(-46.83789 -17.16631)
1814795836,9f1b8747-1e1c-3683-b1ff-d986a251a971,-44.03245,-13.47146,2026-04-20 04:06:00+00:00,2026-04-20,NOAA-20,SÃO FÉLIX DO CORIBE,BAHIA,Brasil,,,,Cerrado,33,29,2929057,8,,219_069,5.9,POINT(-44.03245 -13.47146)
1814794997,a8627418-96bd-30dc-8335-7c24a70cf233,-42.66474,-17.25028,2026-04-20 04:06:00+00:00,2026-04-20,NOAA-20,MINAS NOVAS,MINAS GERAIS,Brasil,,,,Cerrado,33,31,3141801,8,,217_072,13.3,POINT(-42.66474 -17.25028)
1814795126,7faf4be9-9e65-35e9-a987-c3d663441aba,-42.66417,-17.24697,2026-04-20 04:06:00+00:00,2026-04-20,NOAA-20,MINAS NOVAS,MINAS GERAIS,Brasil,,,,Cerrado,33,31,3141801,8,,217_072,13.3,POINT(-42.66417 -17.24697)
1814796018,32f1193d-2260-326f-be52-cb4a037014b3,-47.14925,-22.82866,2026-04-20 04:08:00+00:00,2026-04-20,NOAA-20,CAMPINAS,SÃO PAULO,Brasil,,,,Mata Atlântica,33,35,3509502,8,,219_076,0.7,POINT(-47.14925 -22.82866)
1814795695,80119bb0-36ad-3f1b-8dd3-bb17eee7ee3c,-49.59635,-20.03544,2026-04-20 04:08:00+00:00,2026-04-20,NOAA-20,RIOLÂNDIA,SÃO PAULO,Brasil,,,,Mata Atlântica,33,35,3544202,8,,221_074,1.4,POINT(-49.59635 -20.03544)
1814795147,3e9f0401-25a5-3ba0-b836-9f07c9d7f8d9,-53.36132,-19.39947,2026-04-20 04:08:00+00:00,2026-04-20,NOAA-20,PARAÍSO DAS ÁGUAS,MATO GROSSO DO SUL,Brasil,,,,Cerrado,33,50,5006275,8,,224_073,0.9,POINT(-53.36132 -19.39947)
1814794896,a1f54d83-e73e-3e86-9e5a-b953db44c223,-43.07163,-22.48919,2026-04-20 04:08:00+00:00,2026-04-20,NOAA-20,MAGÉ,RIO DE JANEIRO,Brasil,,,,Mata Atlântica,33,33,3302502,8,,217_076,1.5,POINT(-43.07163 -22.48919)
1814794854,e331bd23-1d31-3ad6-a53b-dfa6fc0a8f39,-46.10846,-21.96055,2026-04-20 04:08:00+00:00,2026-04-20,NOAA-20,IPUIÚNA,MINAS GERAIS,Brasil,,,,Mata Atlântica,33,31,3131505,8,,219_075,4.4,POINT(-46.10846 -21.96055)
1814795854,c51b4804-2227-371f-bf66-94edb28bb41a,-48.00208,-23.65032,2026-04-20 04:08:00+00:00,2026-04-20,NOAA-20,ITAPETININGA,SÃO PAULO,Brasil,,,,Cerrado,33,35,3522307,8,,220_076,1.1,POINT(-48.00208 -23.65032)
1814794741,9413d96b-1583-37e5-ba52-cb42e4cfe441,-48.00294,-23.64803,2026-04-20 04:08:00+00:00,2026-04-20,NOAA-20,ITAPETININGA,SÃO PAULO,Brasil,,,,Cerrado,33,35,3522307,8,,220_076,1.0,POINT(-48.00294 -23.64803)
1814794681,c54de858-218f-317c-90c1-2c76ae3d1c97,-53.36005,-19.39397,2026-04-20 04:08:00+00:00,2026-04-20,NOAA-20,PARAÍSO DAS ÁGUAS,MATO GROSSO DO SUL,Brasil,,,,Cerrado,33,50,5006275,8,,224_073,0.9,POINT(-53.36005 -19.39397)
1814796178,a174ed81-00b9-3e97-9624-4bfe62b841ea,-51.22937,-24.17031,2026-04-20 04:08:00+00:00,2026-04-20,NOAA-20,ORTIGUEIRA,PARANÁ,Brasil,,,,Mata Atlântica,33,41,4117305,8,,222_077,2.5,POINT(-51.22937 -24.17031)
1814794403,9174a4e7-f404-3ea3-aaa0-8edcbf48fe29,-53.35999,-19.39475,2026-04-20 04:08:00+00:00,2026-04-20,NOAA-20,PARAÍSO DAS ÁGUAS,MATO GROSSO DO SUL,Brasil,,,,Cerrado,33,50,5006275,8,,224_073,0.8,POINT(-53.35999 -19.39475)
1814794166,9663e640-6712-346e-97b8-f023ba832adc,-53.35753,-19.40031,2026-04-20 04:08:00+00:00,2026-04-20,NOAA-20,PARAÍSO DAS ÁGUAS,MATO GROSSO DO SUL,Brasil,,,,Cerrado,33,50,5006275,8,,224_073,1.3,POINT(-53.35753 -19.40031)
1814796323,eebba2d0-0d9a-339f-b3c2-597fb7fe4fe2,-43.07219,-22.49252,2026-04-20 04:08:00+00:00,2026-04-20,NOAA-20,MAGÉ,RIO DE JANEIRO,Brasil,,,,Mata Atlântica,33,33,3302502,8,,217_076,0.4,POINT(-43.07219 -22.49252)
1814793999,e95d2c49-30c5-3c64-b415-9a6972279b59,-43.07103,-22.48587,2026-04-20 04:08:00+00:00,2026-04-20,NOAA-20,PETRÓPOLIS,RIO DE JANEIRO,Brasil,,,,Mata Atlântica,33,33,3303906,8,,217_076,1.5,POINT(-43.07103 -22.48587)
1814796405,067ceef0-02fe-3fb2-b607-e702e2c86a2a,-47.44795,-23.54731,2026-04-20 04:08:00+00:00,2026-04-20,NOAA-20,VOTORANTIM,SÃO PAULO,Brasil,,,,Mata Atlântica,33,35,3557006,8,,220_076,0.6,POINT(-47.44795 -23.54731)
1814793771,29581002-90fb-3b27-86c2-2b5b2b90dba0,-43.33664,-22.80125,2026-04-20 04:08:00+00:00,2026-04-20,NOAA-20,SÃO JOÃO DE MERITI,RIO DE JANEIRO,Brasil,,,,Mata Atlântica,33,33,3305109,8,,217_076,0.6,POINT(-43.33664 -22.80125)
1814796487,810bab1d-fd9c-3402-82ec-101178665632,-43.06844,-22.49309,2026-04-20 04:08:00+00:00,2026-04-20,NOAA-20,MAGÉ,RIO DE JANEIRO,Brasil,,,,Mata Atlântica,33,33,3302502,8,,217_076,0.5,POINT(-43.06844 -22.49309)
1814796542,7687b2ea-76b0-3c98-9dd0-f08339987e7f,-43.07593,-22.49194,2026-04-20 04:08:00+00:00,2026-04-20,NOAA-20,MAGÉ,RIO DE JANEIRO,Brasil,,,,Mata Atlântica,33,33,3302502,8,,217_076,0.4,POINT(-43.07593 -22.49194)
1814796629,c578ba60-d04c-3d22-a5aa-1236cc0731ce,-48.00129,-23.64663,2026-04-20 04:08:00+00:00,2026-04-20,NOAA-20,ITAPETININGA,SÃO PAULO,Brasil,,,,Cerrado,33,35,3522307,8,,220_076,1.1,POINT(-48.00129 -23.64663)
1814796734,4a0ecdab-8023-3039-a5e5-777695a1d320,-53.35744,-19.40107,2026-04-20 04:08:00+00:00,2026-04-20,NOAA-20,PARAÍSO DAS ÁGUAS,MATO GROSSO DO SUL,Brasil,,,,Cerrado,33,50,5006275,8,,224_073,0.8,POINT(-53.35744 -19.40107)
1814796759,33df8f59-429d-35fc-9b4b-b00c28126293,-45.01675,-19.84204,2026-04-20 04:08:00+00:00,2026-04-20,NOAA-20,NOVA SERRANA,MINAS GERAIS,Brasil,,,,Cerrado,33,31,3145208,8,,219_074,23.5,POINT(-45.01675 -19.84204)
1814796814,ab244e17-885b-3e2d-b393-d6fd63d89975,-49.39911,-25.17509,2026-04-20 04:08:00+00:00,2026-04-20,NOAA-20,RIO BRANCO DO SUL,PARANÁ,Brasil,,,,Mata Atlântica,33,41,4122206,8,,221_077,2.5,POINT(-49.39911 -25.17509)
1814796827,02ad4d9b-82f2-384a-9232-3676a0785e49,-51.22482,-24.17125,2026-04-20 04:08:00+00:00,2026-04-20,NOAA-20,ORTIGUEIRA,PARANÁ,Brasil,,,,Mata Atlântica,33,41,4117305,8,,222_077,2.0,POINT(-51.22482 -24.17125)
1814795410,f47c94e2-b6fe-37c2-b529-5069464e8238,-49.08915,-18.81562,2026-04-20 04:08:00+00:00,2026-04-20,NOAA-20,MONTE ALEGRE DE MINAS,MINAS GERAIS,Brasil,,,,Cerrado,33,31,3142809,8,,221_073,1.3,POINT(-49.08915 -18.81562)
1814795351,a91d2eee-f9db-35f0-914c-5599c2275abf,-47.99817,-23.64892,2026-04-20 04:08:00+00:00,2026-04-20,NOAA-20,ITAPETININGA,SÃO PAULO,Brasil,,,,Cerrado,33,35,3522307,8,,220_076,1.5,POINT(-47.99817 -23.64892)
1814795478,8270f6ad-9e8c-3bb1-90f9-0f21169b0950,-43.07473,-22.4853,2026-04-20 04:08:00+00:00,2026-04-20,NOAA-20,PETRÓPOLIS,RIO DE JANEIRO,Brasil,,,,Mata Atlântica,33,33,3303906,8,,217_076,1.5,POINT(-43.07473 -22.4853)
1814795295,8b96c4f7-24e9-345c-b1ab-ac07a29d2e3d,-47.14795,-22.83027,2026-04-20 04:08:00+00:00,2026-04-20,NOAA-20,CAMPINAS,SÃO PAULO,Brasil,,,,Mata Atlântica,33,35,3509502,8,,219_076,0.6,POINT(-47.14795 -22.83027)
1814795618,08ebc8a8-5f86-32fd-8041-b3dee0eabd35,-51.23056,-24.17467,2026-04-20 04:08:00+00:00,2026-04-20,NOAA-20,ORTIGUEIRA,PARANÁ,Brasil,,,,Mata Atlântica,33,41,4117305,8,,222_077,6.9,POINT(-51.23056 -24.17467)
1814795259,52aa1a90-0e6c-3a02-80ac-a305f9d4efe7,-53.36124,-19.40026,2026-04-20 04:08:00+00:00,2026-04-20,NOAA-20,PARAÍSO DAS ÁGUAS,MATO GROSSO DO SUL,Brasil,,,,Cerrado,33,50,5006275,8,,224_073,1.0,POINT(-53.36124 -19.40026)
1814795258,9c71db73-e8c3-3c17-8305-3f4f2e3cfd9f,-46.85807,-23.86838,2026-04-20 04:08:00+00:00,2026-04-20,NOAA-20,SÃO LOURENÇO DA SERRA,SÃO PAULO,Brasil,,,,Mata Atlântica,33,35,3549953,8,,219_077,0.5,POINT(-46.85807 -23.86838)
1814796516,7a7833a7-7eaa-3499-9f21-522d9241aa15,-50.82971,-27.7146,2026-04-20 04:10:00+00:00,2026-04-20,NOAA-20,CAMPO BELO DO SUL,SANTA CATARINA,Brasil,,,,Mata Atlântica,33,42,4203402,8,,221_079,0.9,POINT(-50.82971 -27.7146)
1814794755,42289b67-971e-3f41-8f04-405b4e1a4b7b,-49.97524,-27.75428,2026-04-20 04:10:00+00:00,2026-04-20,NOAA-20,BOCAINA DO SUL,SANTA CATARINA,Brasil,,,,Mata Atlântica,33,42,4202438,8,,220_079,3.1,POINT(-49.97524 -27.75428)
1814794007,477dec6b-619e-30a9-816d-308df7408ad0,-49.97773,-27.75528,2026-04-20 04:10:00+00:00,2026-04-20,NOAA-20,BOCAINA DO SUL,SANTA CATARINA,Brasil,,,,Mata Atlântica,33,42,4202438,8,,220_079,1.1,POINT(-49.97773 -27.75528)
1814795129,9b630850-04df-3059-9eac-dc381e240f6e,-49.97202,-27.75641,2026-04-20 04:10:00+00:00,2026-04-20,NOAA-20,BOCAINA DO SUL,SANTA CATARINA,Brasil,,,,Mata Atlântica,33,42,4202438,8,,220_079,2.2,POINT(-49.97202 -27.75641)
1814795803,7128732a-41cc-353f-bb18-bdf627681367,-46.93478,-14.55198,2026-04-20 04:53:00+00:00,2026-04-20,NOAA-21,FLORES DE GOIÁS,GOIÁS,Brasil,,,,Cerrado,33,52,5207907,8,,221_070,1.5,POINT(-46.93478 -14.55198)
1814796811,a3c67a31-fcd7-304d-805b-691afea9fdcb,-46.92971,-14.55261,2026-04-20 04:53:00+00:00,2026-04-20,NOAA-21,FLORES DE GOIÁS,GOIÁS,Brasil,,,,Cerrado,33,52,5207907,8,,221_070,1.0,POINT(-46.92971 -14.55261)
1814795424,e9c4f174-3113-3449-be5d-179dcafa0555,-44.03202,-13.4751,2026-04-20 04:53:00+00:00,2026-04-20,NOAA-21,SÃO FÉLIX DO CORIBE,BAHIA,Brasil,,,,Cerrado,33,29,2929057,8,,219_069,3.3,POINT(-44.03202 -13.4751)
1814796771,566e98f5-4e35-3a88-93f9-5e5aba47d786,-44.03114,-13.4695,2026-04-20 04:53:00+00:00,2026-04-20,NOAA-21,SÃO FÉLIX DO CORIBE,BAHIA,Brasil,,,,Cerrado,33,29,2929057,8,,219_069,2.4,POINT(-44.03114 -13.4695)
1814794666,f6ed5f36-db41-3508-82d4-c6beefa564c8,-44.44365,-13.63564,2026-04-20 04:53:00+00:00,2026-04-20,NOAA-21,CORIBE,BAHIA,Brasil,,,,Cerrado,33,29,2909109,8,,219_069,1.8,POINT(-44.44365 -13.63564)
1814795956,ebe018e4-f88c-3918-98d9-6e5124a3e594,-42.66016,-17.25172,2026-04-20 04:55:00+00:00,2026-04-20,NOAA-21,MINAS NOVAS,MINAS GERAIS,Brasil,,,,Cerrado,33,31,3141801,8,,217_072,10.3,POINT(-42.66016 -17.25172)
1814794833,7971e04e-b65c-3def-a7d2-04d7d0da7c71,-53.362,-19.39988,2026-04-20 04:55:00+00:00,2026-04-20,NOAA-21,PARAÍSO DAS ÁGUAS,MATO GROSSO DO SUL,Brasil,,,,Cerrado,33,50,5006275,8,,224_073,0.6,POINT(-53.362 -19.39988)
1814794853,8611da56-b0c5-3c8c-aae0-31ce797338a2,-53.35804,-19.40045,2026-04-20 04:55:00+00:00,2026-04-20,NOAA-21,PARAÍSO DAS ÁGUAS,MATO GROSSO DO SUL,Brasil,,,,Cerrado,33,50,5006275,8,,224_073,1.5,POINT(-53.35804 -19.40045)
1814796731,32c08163-5e97-3ae7-8914-aad5f351c91d,-58.47882,-16.31182,2026-04-20 04:55:00+00:00,2026-04-20,NOAA-21,CÁCERES,MATO GROSSO,Brasil,,,,Pantanal,33,51,5102504,8,,228_071,1.7,POINT(-58.47882 -16.31182)
1814795322,26ad992c-0c28-3e01-a198-fec02b7e8ccf,-46.11215,-21.96177,2026-04-20 04:55:00+00:00,2026-04-20,NOAA-21,IPUIÚNA,MINAS GERAIS,Brasil,,,,Mata Atlântica,33,31,3131505,8,,219_075,2.7,POINT(-46.11215 -21.96177)
1814796789,77998637-4747-3191-a2d3-c323edf297f6,-45.01691,-19.83889,2026-04-20 04:55:00+00:00,2026-04-20,NOAA-21,NOVA SERRANA,MINAS GERAIS,Brasil,,,,Cerrado,33,31,3145208,8,,219_074,1.5,POINT(-45.01691 -19.83889)
1814796500,bc611a1c-7828-3b05-84c3-038794d26751,-46.83843,-17.16798,2026-04-20 04:55:00+00:00,2026-04-20,NOAA-21,PARACATU,MINAS GERAIS,Brasil,,,,Cerrado,33,31,3147006,8,,220_072,5.1,POINT(-46.83843 -17.16798)
1814794808,cdba5700-0d54-3e37-85ac-89e2de1958d7,-55.93304,-18.58614,2026-04-20 04:55:00+00:00,2026-04-20,NOAA-21,CORUMBÁ,MATO GROSSO DO SUL,Brasil,,,,Pantanal,33,50,5003207,8,,226_073,1.3,POINT(-55.93304 -18.58614)
1814796832,e0ce9f52-0730-3019-88e8-f3c03d891ea2,-49.5983,-20.03674,2026-04-20 04:55:00+00:00,2026-04-20,NOAA-21,RIOLÂNDIA,SÃO PAULO,Brasil,,,,Mata Atlântica,33,35,3544202,8,,221_074,1.3,POINT(-49.5983 -20.03674)
1814796834,1b219d4c-596f-39b6-9c9c-d017b6722468,-53.36143,-19.39644,2026-04-20 04:55:00+00:00,2026-04-20,NOAA-21,PARAÍSO DAS ÁGUAS,MATO GROSSO DO SUL,Brasil,,,,Cerrado,33,50,5006275,8,,224_073,0.6,POINT(-53.36143 -19.39644)
1814795557,e387a1ec-83b6-309f-a31e-a4c3b4bbcb16,-46.83249,-17.16868,2026-04-20 04:55:00+00:00,2026-04-20,NOAA-21,PARACATU,MINAS GERAIS,Brasil,,,,Cerrado,33,31,3147006,8,,220_072,5.1,POINT(-46.83249 -17.16868)
1814795368,4be7f1cf-f2f0-3ac9-8e19-f81ce9464579,-51.70012,-20.63174,2026-04-20 04:55:00+00:00,2026-04-20,NOAA-21,TRÊS LAGOAS,MATO GROSSO DO SUL,Brasil,,,,Cerrado,33,50,5008305,8,,223_074,1.8,POINT(-51.70012 -20.63174)
1814793941,bc156154-0268-3ec0-bd5d-81418b3c5c9b,-43.07254,-22.48561,2026-04-20 04:55:00+00:00,2026-04-20,NOAA-21,PETRÓPOLIS,RIO DE JANEIRO,Brasil,,,,Mata Atlântica,33,33,3303906,8,,217_076,3.2,POINT(-43.07254 -22.48561)
1814794222,685cf758-eac0-3df6-a9b7-680d697347a9,-56.15781,-21.45167,2026-04-20 04:55:00+00:00,2026-04-20,NOAA-21,JARDIM,MATO GROSSO DO SUL,Brasil,,,,Cerrado,33,50,5005004,8,,225_075,1.7,POINT(-56.15781 -21.45167)
1814794328,f362020a-2224-3113-aa82-55d2b3be94f3,-56.15411,-21.45225,2026-04-20 04:55:00+00:00,2026-04-20,NOAA-21,JARDIM,MATO GROSSO DO SUL,Brasil,,,,Cerrado,33,50,5005004,8,,225_075,1.7,POINT(-56.15411 -21.45225)
1814794506,b0b80fde-6ea9-3c8b-ab46-092a8b49c889,-45.0173,-19.84461,2026-04-20 04:55:00+00:00,2026-04-20,NOAA-21,NOVA SERRANA,MINAS GERAIS,Brasil,,,,Cerrado,33,31,3145208,8,,219_074,19.8,POINT(-45.0173 -19.84461)
1814794524,139bf5f1-0eda-3fbb-8933-daf7671dd51b,-55.93669,-18.58556,2026-04-20 04:55:00+00:00,2026-04-20,NOAA-21,CORUMBÁ,MATO GROSSO DO SUL,Brasil,,,,Pantanal,33,50,5003207,8,,226_073,1.3,POINT(-55.93669 -18.58556)
1814794532,b9c39c74-327c-360a-bc31-3726b02a239f,-55.5079,-17.82704,2026-04-20 04:55:00+00:00,2026-04-20,NOAA-21,CORUMBÁ,MATO GROSSO DO SUL,Brasil,,,,Pantanal,33,50,5003207,8,,226_072,2.2,POINT(-55.5079 -17.82704)
1814794822,fd7d17af-cd0b-3ea8-ad6b-3fc2d2e01775,-49.91132,-16.55131,2026-04-20 04:55:00+00:00,2026-04-20,NOAA-21,NAZÁRIO,GOIÁS,Brasil,,,,Cerrado,33,52,5214408,8,,222_071,1.9,POINT(-49.91132 -16.55131)
1814793702,ad37942f-1be7-3484-8343-95eaa8fa778a,-46.10852,-21.9621,2026-04-20 04:55:00+00:00,2026-04-20,NOAA-21,IPUIÚNA,MINAS GERAIS,Brasil,,,,Mata Atlântica,33,31,3131505,8,,219_075,2.7,POINT(-46.10852 -21.9621)
1814793677,b03f823c-63c2-3162-8154-a8447de12b9e,-42.66547,-17.25122,2026-04-20 04:55:00+00:00,2026-04-20,NOAA-21,MINAS NOVAS,MINAS GERAIS,Brasil,,,,Cerrado,33,31,3141801,8,,217_072,16.2,POINT(-42.66547 -17.25122)
1814796702,5006e474-80f0-32b8-9b2f-8a20f404a49f,-43.07314,-22.49219,2026-04-20 04:55:00+00:00,2026-04-20,NOAA-21,MAGÉ,RIO DE JANEIRO,Brasil,,,,Mata Atlântica,33,33,3302502,8,,217_076,0.2,POINT(-43.07314 -22.49219)
1814794026,83b8ca5e-813d-302c-b657-03bed69e053a,-51.23075,-24.1765,2026-04-20 04:57:00+00:00,2026-04-20,NOAA-21,ORTIGUEIRA,PARANÁ,Brasil,,,,Mata Atlântica,33,41,4117305,8,,222_077,10.9,POINT(-51.23075 -24.1765)
1814796144,ffafe6f0-c7f7-3163-b736-1ba0a02be140,-49.97269,-27.75742,2026-04-20 04:57:00+00:00,2026-04-20,NOAA-21,BOCAINA DO SUL,SANTA CATARINA,Brasil,,,,Mata Atlântica,33,42,4202438,8,,220_079,5.0,POINT(-49.97269 -27.75742)
1814794718,1c46e18f-1adf-3264-a5a2-89a980352429,-51.22767,-24.17229,2026-04-20 04:57:00+00:00,2026-04-20,NOAA-21,ORTIGUEIRA,PARANÁ,Brasil,,,,Mata Atlântica,33,41,4117305,8,,222_077,5.3,POINT(-51.22767 -24.17229)
1814796551,4c9db77d-852b-3d19-bdf7-1403add015fa,-49.39745,-25.17479,2026-04-20 04:57:00+00:00,2026-04-20,NOAA-21,RIO BRANCO DO SUL,PARANÁ,Brasil,,,,Mata Atlântica,33,41,4122206,8,,221_077,1.6,POINT(-49.39745 -25.17479)
1814795198,bee2eb82-d203-3b13-a055-cd1a577d6d09,-51.23208,-24.17587,2026-04-20 04:57:00+00:00,2026-04-20,NOAA-21,ORTIGUEIRA,PARANÁ,Brasil,,,,Mata Atlântica,33,41,4117305,8,,222_077,5.7,POINT(-51.23208 -24.17587)
1814796678,62d030ea-aaca-3509-81fe-18199b4c9056,-51.22818,-24.17635,2026-04-20 04:57:00+00:00,2026-04-20,NOAA-21,ORTIGUEIRA,PARANÁ,Brasil,,,,Mata Atlântica,33,41,4117305,8,,222_077,5.7,POINT(-51.22818 -24.17635)
1814796149,779689c2-c854-3acd-8b02-e90f6b89b2a2,-52.74906,-31.695,2026-04-20 04:59:00+00:00,2026-04-20,NOAA-21,CERRITO,RIO GRANDE DO SUL,Brasil,,,,Pampa,33,43,4305124,8,,222_082,2.3,POINT(-52.74906 -31.695)
1814797650,0a2df217-34ab-3986-a87d-f69f1ef8d8bc,-56.15863,-21.45089,2026-04-20 05:27:00+00:00,2026-04-20,NPP-375D,JARDIM,MATO GROSSO DO SUL,Brasil,,,,Cerrado,33,50,5005004,8,,225_075,1.4,POINT(-56.15863 -21.45089)
1814796895,7198e854-d934-3c66-9b57-d321186e7182,-53.36059,-19.39594,2026-04-20 05:27:00+00:00,2026-04-20,NPP-375D,PARAÍSO DAS ÁGUAS,MATO GROSSO DO SUL,Brasil,,,,Cerrado,33,50,5006275,8,,224_073,0.5,POINT(-53.36059 -19.39594)
1814796947,b9bb79be-2290-325c-816f-5ef3e6f9e02e,-53.36134,-19.40102,2026-04-20 05:27:00+00:00,2026-04-20,NPP-375D,PARAÍSO DAS ÁGUAS,MATO GROSSO DO SUL,Brasil,,,,Cerrado,33,50,5006275,8,,224_073,0.6,POINT(-53.36134 -19.40102)
1814796960,509b4921-1073-3f5d-af58-eb07d6d3dca8,-55.25407,-17.88003,2026-04-20 05:27:00+00:00,2026-04-20,NPP-375D,CORUMBÁ,MATO GROSSO DO SUL,Brasil,,,,Pantanal,33,50,5003207,8,,225_072,0.6,POINT(-55.25407 -17.88003)
1814798054,494f2936-533e-3b20-ba33-2f536888d477,-56.15622,-21.45041,2026-04-20 05:27:00+00:00,2026-04-20,NPP-375D,JARDIM,MATO GROSSO DO SUL,Brasil,,,,Cerrado,33,50,5005004,8,,225_075,1.7,POINT(-56.15622 -21.45041)
1814797409,9689c680-56e6-38d4-9be7-81ebf032760d,-53.3582,-19.40137,2026-04-20 05:27:00+00:00,2026-04-20,NPP-375D,PARAÍSO DAS ÁGUAS,MATO GROSSO DO SUL,Brasil,,,,Cerrado,33,50,5006275,8,,224_073,0.6,POINT(-53.3582 -19.40137)
1814798040,e870b37e-e221-3722-99db-826821473b1c,-55.93316,-18.58693,2026-04-20 05:27:00+00:00,2026-04-20,NPP-375D,CORUMBÁ,MATO GROSSO DO SUL,Brasil,,,,Pantanal,33,50,5003207,8,,226_073,0.6,POINT(-55.93316 -18.58693)
1814798138,95486ad0-9f41-3a28-a297-d768b0caaee6,-58.48114,-16.31132,2026-04-20 05:27:00+00:00,2026-04-20,NPP-375D,CÁCERES,MATO GROSSO,Brasil,,,,Pantanal,33,51,5102504,8,,228_071,1.1,POINT(-58.48114 -16.31132)
1814798117,f973d4c7-787b-3103-a01c-e277746a730b,-56.15419,-21.4514,2026-04-20 05:27:00+00:00,2026-04-20,NPP-375D,JARDIM,MATO GROSSO DO SUL,Brasil,,,,Cerrado,33,50,5005004,8,,225_075,1.4,POINT(-56.15419 -21.4514)
1814798162,40ab4406-3074-3511-8eed-c1f3b15fc910,-55.93726,-18.5864,2026-04-20 05:27:00+00:00,2026-04-20,NPP-375D,CORUMBÁ,MATO GROSSO DO SUL,Brasil,,,,Pantanal,33,50,5003207,8,,226_073,0.8,POINT(-55.93726 -18.5864)
1814798191,97314248-2551-378e-9908-9fe87b512b10,-56.15688,-21.45475,2026-04-20 05:27:00+00:00,2026-04-20,NPP-375D,JARDIM,MATO GROSSO DO SUL,Brasil,,,,Cerrado,33,50,5005004,8,,225_075,1.0,POINT(-56.15688 -21.45475)
1814797999,8e10901b-3dce-38ef-8c53-003c2de5b9e4,-55.25788,-17.87508,2026-04-20 05:27:00+00:00,2026-04-20,NPP-375D,CORUMBÁ,MATO GROSSO DO SUL,Brasil,,,,Pantanal,33,50,5003207,8,,225_072,0.6,POINT(-55.25788 -17.87508)
1814797483,d193667a-3d4c-3364-a938-b133f6e483e3,-51.23306,-24.17599,2026-04-20 05:29:00+00:00,2026-04-20,NPP-375D,ORTIGUEIRA,PARANÁ,Brasil,,,,Mata Atlântica,33,41,4117305,8,,222_077,2.5,POINT(-51.23306 -24.17599)
1814796965,cc8b6855-574f-3127-9fd2-c9352bcb9de5,-51.22542,-24.17541,2026-04-20 05:29:00+00:00,2026-04-20,NPP-375D,ORTIGUEIRA,PARANÁ,Brasil,,,,Mata Atlântica,33,41,4117305,8,,222_077,2.4,POINT(-51.22542 -24.17541)
1814797136,a9cf57e2-2d34-38e4-867b-cccc55b4735b,-51.2276,-24.17024,2026-04-20 05:29:00+00:00,2026-04-20,NPP-375D,ORTIGUEIRA,PARANÁ,Brasil,,,,Mata Atlântica,33,41,4117305,8,,222_077,1.9,POINT(-51.2276 -24.17024)
1814797658,d664c942-2ec9-363a-91ee-181bce7d88d7,-51.22513,-24.16923,2026-04-20 05:29:00+00:00,2026-04-20,NPP-375D,ORTIGUEIRA,PARANÁ,Brasil,,,,Mata Atlântica,33,41,4117305,8,,222_077,2.4,POINT(-51.22513 -24.16923)
1814797687,e3282fb6-0bfc-320b-b7f6-650adbf588fe,-51.22788,-24.17642,2026-04-20 05:29:00+00:00,2026-04-20,NPP-375D,ORTIGUEIRA,PARANÁ,Brasil,,,,Mata Atlântica,33,41,4117305,8,,222_077,2.5,POINT(-51.22788 -24.17642)
1814797878,75c93792-5033-3338-a52a-4a123f2f10b4,-51.23074,-24.175,2026-04-20 05:29:00+00:00,2026-04-20,NPP-375D,ORTIGUEIRA,PARANÁ,Brasil,,,,Mata Atlântica,33,41,4117305,8,,222_077,2.4,POINT(-51.23074 -24.175)
1814797231,eb7057f6-8e24-3f77-98ee-6632a2073285,-60.24242,2.76712,2026-04-20 05:42:00+00:00,2026-04-20,NOAA-20,BONFIM,RORAIMA,Brasil,,,,Amazônia,33,14,1400159,8,,232_058,1.7,POINT(-60.24242 2.76712)
1814797014,00f7aac1-65fd-3566-8c51-c91b702e7db4,-60.24508,2.76899,2026-04-20 05:42:00+00:00,2026-04-20,NOAA-20,BONFIM,RORAIMA,Brasil,,,,Amazônia,33,14,1400159,8,,232_058,1.7,POINT(-60.24508 2.76899)
1814801974,4ffdc160-6034-3b17-820a-292553a9eab7,-44.0327,-13.47233,2026-04-20 06:01:00+00:00,2026-04-20,AQUA_M-M,SÃO FÉLIX DO CORIBE,BAHIA,Brasil,,,,Cerrado,33,29,2929057,8,,219_069,5.2,POINT(-44.0327 -13.47233)
1814801524,eb59d998-7641-35ee-a954-7c60d1541b52,-45.01632,-19.84106,2026-04-20 06:03:00+00:00,2026-04-20,AQUA_M-M,NOVA SERRANA,MINAS GERAIS,Brasil,,,,Cerrado,33,31,3145208,8,,219_074,5.8,POINT(-45.01632 -19.84106)
1814802188,7501c1a4-4318-3acb-8f5d-8f50151f3818,-42.66838,-17.24753,2026-04-20 06:03:00+00:00,2026-04-20,AQUA_M-M,MINAS NOVAS,MINAS GERAIS,Brasil,,,,Cerrado,33,31,3141801,8,,217_072,6.9,POINT(-42.66838 -17.24753)
1814804622,0e3b6729-1e7d-307c-be10-d2670f89d584,-42.6591,-17.24889,2026-04-20 06:03:00+00:00,2026-04-20,AQUA_M-M,MINAS NOVAS,MINAS GERAIS,Brasil,,,,Cerrado,33,31,3141801,8,,217_072,15.8,POINT(-42.6591 -17.24889)
1814802781,8118dddd-a761-34cc-9d91-3aedbc752191,-48.79184,-21.23278,2026-04-20 06:05:00+00:00,2026-04-20,AQUA_M-M,SANTA ADÉLIA,SÃO PAULO,Brasil,,,,Mata Atlântica,33,35,3545605,8,,221_075,12.5,POINT(-48.79184 -21.23278)
1814838462,f372354e-f27c-3c20-b395-7d9151ee830c,-48.26505,-11.55441,2026-04-20 12:21:00+00:00,2026-04-20,TERRA_M-T,SÃO VALÉRIO,TOCANTINS,Brasil,,,,Cerrado,33,17,1720499,8,,222_068,20.4,POINT(-48.26505 -11.55441)
1814837653,4105eba5-dfbd-301b-be9c-8fbb04adb1d4,-46.73682,-17.66873,2026-04-20 12:23:00+00:00,2026-04-20,TERRA_M-T,VAZANTE,MINAS GERAIS,Brasil,,,,Cerrado,33,31,3171006,8,,220_072,26.3,POINT(-46.73682 -17.66873)
1814836426,d43e5686-e559-3ab1-b4de-9d529b6b8506,-51.87596,-15.10409,2026-04-20 12:23:00+00:00,2026-04-20,TERRA_M-T,ARAGUAIANA,MATO GROSSO,Brasil,,,,Cerrado,33,51,5101001,8,,224_070,6.5,POINT(-51.87596 -15.10409)
1814838460,4cd2e3b3-032c-3fde-98a3-2ec9299bb36f,-51.86913,-15.101,2026-04-20 12:23:00+00:00,2026-04-20,TERRA_M-T,ARAGUAIANA,MATO GROSSO,Brasil,,,,Cerrado,33,51,5101001,8,,224_070,7.1,POINT(-51.86913 -15.101)
1814835984,66102537-fc20-319b-a590-54e84e870b27,-52.98149,-19.3883,2026-04-20 12:25:00+00:00,2026-04-20,TERRA_M-T,PARAÍSO DAS ÁGUAS,MATO GROSSO DO SUL,Brasil,,,,Cerrado,33,50,5006275,8,,224_073,18.1,POINT(-52.98149 -19.3883)
1814834988,db6b6428-1281-3d53-a26c-74b599b9fcbe,-55.16188,-18.67882,2026-04-20 12:25:00+00:00,2026-04-20,TERRA_M-T,RIO VERDE DE MATO GROSSO,MATO GROSSO DO SUL,Brasil,,,,Pantanal,33,50,5007406,8,,225_073,6.6,POINT(-55.16188 -18.67882)
1814836325,063b319e-655b-399c-91b2-144a03f83014,-52.69435,-22.96808,2026-04-20 12:27:00+00:00,2026-04-20,TERRA_M-T,GUAIRAÇÁ,PARANÁ,Brasil,,,,Mata Atlântica,33,41,4108908,8,,223_076,24.0,POINT(-52.69435 -22.96808)
1814837051,661005ee-e84a-3021-bbfc-87a95d603bb9,-50.04714,-25.04978,2026-04-20 12:27:00+00:00,2026-04-20,TERRA_M-T,PONTA GROSSA,PARANÁ,Brasil,,,,Mata Atlântica,33,41,4119905,8,,221_077,20.0,POINT(-50.04714 -25.04978)
1814850786,bd4c1c5b-1e8c-3ac2-bef5-b1a1ca9f759b,-41.95671,-21.71692,2026-04-20 15:44:00+00:00,2026-04-20,NOAA-21,ITAOCARA,RIO DE JANEIRO,Brasil,,,,Mata Atlântica,33,33,3302106,8,,216_075,0.8,POINT(-41.95671 -21.71692)
1814851493,4342eca3-b199-3a58-a29a-1bed791383e5,-44.31643,-20.92122,2026-04-20 15:44:00+00:00,2026-04-20,NOAA-21,RITÁPOLIS,MINAS GERAIS,Brasil,,,,Mata Atlântica,33,31,3156106,8,,218_074,31.0,POINT(-44.31643 -20.92122)
1814850304,dd369f0f-4a0d-3a59-90b1-18122526fe41,-43.56391,-22.48905,2026-04-20 15:44:00+00:00,2026-04-20,NOAA-21,VASSOURAS,RIO DE JANEIRO,Brasil,,,,Mata Atlântica,33,33,3306206,8,,217_076,7.6,POINT(-43.56391 -22.48905)
1814850268,46183176-960b-3d28-a8b7-4134c9038a87,-43.56413,-22.4878,2026-04-20 15:44:00+00:00,2026-04-20,NOAA-21,VASSOURAS,RIO DE JANEIRO,Brasil,,,,Mata Atlântica,33,33,3306206,8,,217_076,5.9,POINT(-43.56413 -22.4878)
1814851077,161391eb-77c9-3640-b8fd-1daf8b3ebded,-39.62975,-12.92877,2026-04-20 15:46:00+00:00,2026-04-20,NOAA-21,SANTA TEREZINHA,BAHIA,Brasil,,,,Mata Atlântica,33,29,2928505,8,,216_069,13.4,POINT(-39.62975 -12.92877)
1814851531,b70f6474-5ed3-39d3-bcec-8d96c3621a13,-39.65252,-14.55562,2026-04-20 15:46:00+00:00,2026-04-20,NOAA-21,ITAPITANGA,BAHIA,Brasil,,,,Mata Atlântica,33,29,2916609,8,,216_070,6.6,POINT(-39.65252 -14.55562)
1814851515,a7d8c4ed-a53c-310d-93b2-6b178e3cfd47,-42.34501,-14.36303,2026-04-20 15:46:00+00:00,2026-04-20,NOAA-21,IBIASSUCÊ,BAHIA,Brasil,,,,Caatinga,33,29,2912004,8,,218_070,9.0,POINT(-42.34501 -14.36303)
1814850789,35ec8581-8584-3af3-8c66-2575fb51826d,-41.17323,-16.84348,2026-04-20 15:46:00+00:00,2026-04-20,NOAA-21,MONTE FORMOSO,MINAS GERAIS,Brasil,,,,Mata Atlântica,33,31,3143153,8,,216_072,5.4,POINT(-41.17323 -16.84348)
1814851487,5b108521-98a4-3663-b58a-450e8c1510d9,-41.45751,-15.54759,2026-04-20 15:46:00+00:00,2026-04-20,NOAA-21,ÁGUAS VERMELHAS,MINAS GERAIS,Brasil,,,,Mata Atlântica,33,31,3101003,8,,217_071,6.0,POINT(-41.45751 -15.54759)
1814851485,7f531c3c-ad87-36e2-947f-88c6ff419ff4,-43.95747,-15.15673,2026-04-20 15:46:00+00:00,2026-04-20,NOAA-21,JAÍBA,MINAS GERAIS,Brasil,,,,Cerrado,33,31,3135050,8,,219_070,12.4,POINT(-43.95747 -15.15673)
1814850799,2cf2ed68-b934-370a-94df-040e7a65fa79,-39.68739,-13.21456,2026-04-20 15:46:00+00:00,2026-04-20,NOAA-21,UBAÍRA,BAHIA,Brasil,,,,Mata Atlântica,33,29,2932101,8,,216_069,15.9,POINT(-39.68739 -13.21456)
1814851106,d0511fa0-1936-3c3f-8d85-8f0c499a4546,-40.42645,-17.97421,2026-04-20 15:46:00+00:00,2026-04-20,NOAA-21,MUCURICI,ESPÍRITO SANTO,Brasil,,,,Mata Atlântica,33,32,3203601,8,,216_072,7.5,POINT(-40.42645 -17.97421)
1814851403,b20d04ec-e222-3066-9e4e-cf79cafafa3b,-44.81587,-13.96775,2026-04-20 15:46:00+00:00,2026-04-20,NOAA-21,COCOS,BAHIA,Brasil,,,,Cerrado,33,29,2908101,8,,219_070,10.5,POINT(-44.81587 -13.96775)
1814851401,8e32a79d-9435-3f9e-b4da-d6da3c7be79e,-42.55002,-17.95011,2026-04-20 15:46:00+00:00,2026-04-20,NOAA-21,SÃO SEBASTIÃO DO MARANHÃO,MINAS GERAIS,Brasil,,,,Mata Atlântica,33,31,3164506,8,,217_072,4.4,POINT(-42.55002 -17.95011)
1814851130,8d318f45-cc26-317a-847f-aa39335497ae,-40.12477,-14.50644,2026-04-20 15:46:00+00:00,2026-04-20,NOAA-21,IGUAÍ,BAHIA,Brasil,,,,Mata Atlântica,33,29,2913507,8,,216_070,4.9,POINT(-40.12477 -14.50644)
1814851339,44d404a2-a16c-3a89-985a-853f63cf8689,-43.85322,-14.04152,2026-04-20 15:46:00+00:00,2026-04-20,NOAA-21,CARINHANHA,BAHIA,Brasil,,,,Cerrado,33,29,2907103,8,,219_070,7.3,POINT(-43.85322 -14.04152)
1814851323,84c0c979-9a44-3b55-baf1-d239d3d085db,-39.71722,-15.00809,2026-04-20 15:46:00+00:00,2026-04-20,NOAA-21,ITAJU DO COLÔNIA,BAHIA,Brasil,,,,Mata Atlântica,33,29,2915403,8,,216_070,25.1,POINT(-39.71722 -15.00809)
1814851299,023e8969-4bf3-3980-81de-d717e28525f5,-40.16523,-17.16497,2026-04-20 15:46:00+00:00,2026-04-20,NOAA-21,ITANHÉM,BAHIA,Brasil,,,,Mata Atlântica,33,29,2916005,8,,216_072,6.6,POINT(-40.16523 -17.16497)
1814850844,8feedae7-54d3-30d3-885b-f3b42729ad40,-41.07621,-19.93342,2026-04-20 15:46:00+00:00,2026-04-20,NOAA-21,LARANJA DA TERRA,ESPÍRITO SANTO,Brasil,,,,Mata Atlântica,33,32,3203163,8,,216_074,8.5,POINT(-41.07621 -19.93342)
1814851049,00c8674d-7fe0-3cae-9d9f-48aed278a122,-39.63185,-12.92987,2026-04-20 15:46:00+00:00,2026-04-20,NOAA-21,AMARGOSA,BAHIA,Brasil,,,,Mata Atlântica,33,29,2901007,8,,216_069,9.8,POINT(-39.63185 -12.92987)
1814851271,e39f4d5d-753b-35a3-a409-d698e08b9e86,-40.00897,-13.38658,2026-04-20 15:46:00+00:00,2026-04-20,NOAA-21,JAGUAQUARA,BAHIA,Brasil,,,,Mata Atlântica,33,29,2917607,8,,216_069,5.5,POINT(-40.00897 -13.38658)
1814850243,c8d4251f-8c27-326e-a986-0b050ea395a4,-43.09501,-14.81791,2026-04-20 15:46:00+00:00,2026-04-20,NOAA-21,ESPINOSA,MINAS GERAIS,Brasil,,,,Caatinga,33,31,3124302,8,,218_070,5.4,POINT(-43.09501 -14.81791)
1814850937,f8e6f232-ce2d-35d2-8731-d4f0b6e8ef91,-38.97718,-13.35086,2026-04-20 15:46:00+00:00,2026-04-20,NOAA-21,VALENÇA,BAHIA,Brasil,,,,Mata Atlântica,33,29,2932903,8,,216_069,7.4,POINT(-38.97718 -13.35086)
1814850252,e8a8558d-c5ab-3e92-bb17-f25498becbbc,-42.33804,-14.36224,2026-04-20 15:46:00+00:00,2026-04-20,NOAA-21,IBIASSUCÊ,BAHIA,Brasil,,,,Caatinga,33,29,2912004,8,,218_070,27.3,POINT(-42.33804 -14.36224)
1814850334,71514939-5436-3070-a65c-749fce7537d9,-39.64163,-13.45109,2026-04-20 15:46:00+00:00,2026-04-20,NOAA-21,JIQUIRIÇÁ,BAHIA,Brasil,,,,Mata Atlântica,33,29,2918209,8,,216_069,5.0,POINT(-39.64163 -13.45109)
1814850359,1427b062-8477-39f3-a120-85e7e892440a,-39.24625,-14.94614,2026-04-20 15:46:00+00:00,2026-04-20,NOAA-21,BUERAREMA,BAHIA,Brasil,,,,Mata Atlântica,33,29,2904704,8,,216_070,3.9,POINT(-39.24625 -14.94614)
1814850375,fb162adc-073b-3288-af18-fb188949fca0,-43.95659,-15.15562,2026-04-20 15:46:00+00:00,2026-04-20,NOAA-21,JAÍBA,MINAS GERAIS,Brasil,,,,Cerrado,33,31,3135050,8,,219_070,9.6,POINT(-43.95659 -15.15562)
1814850383,4ced24fe-0351-3e16-839b-5ac2c65a2247,-42.37155,-14.92638,2026-04-20 15:46:00+00:00,2026-04-20,NOAA-21,JACARACI,BAHIA,Brasil,,,,Caatinga,33,29,2917409,8,,218_070,3.6,POINT(-42.37155 -14.92638)
1814850939,12aff47c-d990-339b-b941-c8d6f7d45cb0,-44.81238,-13.97038,2026-04-20 15:46:00+00:00,2026-04-20,NOAA-21,COCOS,BAHIA,Brasil,,,,Cerrado,33,29,2908101,8,,219_070,11.8,POINT(-44.81238 -13.97038)
1814851266,82afef5f-2c06-307d-aeb0-43b260fe6beb,-39.64784,-14.55502,2026-04-20 15:46:00+00:00,2026-04-20,NOAA-21,ITAPITANGA,BAHIA,Brasil,,,,Mata Atlântica,33,29,2916609,8,,216_070,6.6,POINT(-39.64784 -14.55502)
1814850428,fa614c61-e6c1-36d1-b9be-feb4686aab9e,-39.74738,-13.2314,2026-04-20 15:46:00+00:00,2026-04-20,NOAA-21,UBAÍRA,BAHIA,Brasil,,,,Mata Atlântica,33,29,2932101,8,,216_069,19.4,POINT(-39.74738 -13.2314)
1814851067,c8f3ef34-674d-3281-b2a0-47f34c7477b6,-39.34746,-15.79296,2026-04-20 15:46:00+00:00,2026-04-20,NOAA-21,MASCOTE,BAHIA,Brasil,,,,Mata Atlântica,33,29,2920908,8,,215_071,9.7,POINT(-39.34746 -15.79296)
1814850510,0e6be9c4-1c5b-3c4d-bc95-3c7f961a021c,-40.95645,-16.21265,2026-04-20 15:46:00+00:00,2026-04-20,NOAA-21,ALMENARA,MINAS GERAIS,Brasil,,,,Mata Atlântica,33,31,3101706,8,,216_071,0.9,POINT(-40.95645 -16.21265)
1814850514,3ab1b28f-f443-36d6-999f-eba971dedd74,-42.34149,-14.36263,2026-04-20 15:46:00+00:00,2026-04-20,NOAA-21,IBIASSUCÊ,BAHIA,Brasil,,,,Caatinga,33,29,2912004,8,,218_070,27.3,POINT(-42.34149 -14.36263)
1814850539,c21fe8fc-504c-38cd-b37a-67e135918228,-38.97774,-13.34658,2026-04-20 15:46:00+00:00,2026-04-20,NOAA-21,VALENÇA,BAHIA,Brasil,,,,Mata Atlântica,33,29,2932903,8,,216_069,6.2,POINT(-38.97774 -13.34658)
1814851196,71719ef3-2833-3b9a-9e56-453399d76eff,-39.29946,-15.45081,2026-04-20 15:46:00+00:00,2026-04-20,NOAA-21,SANTA LUZIA,BAHIA,Brasil,,,,Mata Atlântica,33,29,2928059,8,,215_071,7.2,POINT(-39.29946 -15.45081)
1814850566,27f80ba7-0b46-3fdd-b018-db11df9959da,-41.46191,-16.12416,2026-04-20 15:46:00+00:00,2026-04-20,NOAA-21,MEDINA,MINAS GERAIS,Brasil,,,,Mata Atlântica,33,31,3141405,8,,217_071,4.1,POINT(-41.46191 -16.12416)
1814850569,f63da153-b760-3207-acb7-5891eacba5de,-39.26072,-12.88476,2026-04-20 15:46:00+00:00,2026-04-20,NOAA-21,CONCEIÇÃO DO ALMEIDA,BAHIA,Brasil,,,,Mata Atlântica,33,29,2908309,8,,216_069,1.0,POINT(-39.26072 -12.88476)
1814850576,4c917993-1a11-3570-9eea-c1297835e0d7,-40.42556,-15.74481,2026-04-20 15:46:00+00:00,2026-04-20,NOAA-21,MACARANI,BAHIA,Brasil,,,,Mata Atlântica,33,29,2919702,8,,216_071,15.0,POINT(-40.42556 -15.74481)
1814850581,1d8a25b8-2b76-32be-924b-66408041e46c,-39.71651,-15.01267,2026-04-20 15:46:00+00:00,2026-04-20,NOAA-21,ITAJU DO COLÔNIA,BAHIA,Brasil,,,,Mata Atlântica,33,29,2915403,8,,216_070,10.7,POINT(-39.71651 -15.01267)
1814851194,322edf42-5006-3a3b-9907-c158858d2c67,-40.42345,-17.97389,2026-04-20 15:46:00+00:00,2026-04-20,NOAA-21,MUCURICI,ESPÍRITO SANTO,Brasil,,,,Mata Atlântica,33,32,3203601,8,,216_072,7.5,POINT(-40.42345 -17.97389)
1814850704,3356496f-d2c0-3758-abd8-615a675082cc,-39.34436,-15.78961,2026-04-20 15:46:00+00:00,2026-04-20,NOAA-21,MASCOTE,BAHIA,Brasil,,,,Mata Atlântica,33,29,2920908,8,,215_071,13.3,POINT(-39.34436 -15.78961)
1814850720,fa64172d-8e2e-3dcf-b1db-1ef450c88544,-39.02801,-15.8512,2026-04-20 15:46:00+00:00,2026-04-20,NOAA-21,BELMONTE,BAHIA,Brasil,,,,Mata Atlântica,33,29,2903409,8,,215_071,9.9,POINT(-39.02801 -15.8512)
1814850721,93f3da1d-ba7d-352f-ba13-0ca8b4751f48,-41.39076,-13.81504,2026-04-20 15:46:00+00:00,2026-04-20,NOAA-21,ITUAÇU,BAHIA,Brasil,,,,Caatinga,33,29,2917201,8,,217_070,1.3,POINT(-41.39076 -13.81504)
1814851193,d58b02c2-a59a-319f-9c4d-9d83e0ebba67,-39.64961,-14.55661,2026-04-20 15:46:00+00:00,2026-04-20,NOAA-21,ITAPITANGA,BAHIA,Brasil,,,,Mata Atlântica,33,29,2916609,8,,216_070,12.2,POINT(-39.64961 -14.55661)
1814851019,40e03cf1-3abb-39cc-8319-420216d7333a,-39.43419,-13.97136,2026-04-20 15:46:00+00:00,2026-04-20,NOAA-21,IBIRAPITANGA,BAHIA,Brasil,,,,Mata Atlântica,33,29,2912707,8,,216_070,4.6,POINT(-39.43419 -13.97136)
1814851155,e0d21eea-400e-3f24-9463-b58b45e70ee7,-44.93909,-18.72687,2026-04-20 15:46:00+00:00,2026-04-20,NOAA-21,FELIXLÂNDIA,MINAS GERAIS,Brasil,,,,Cerrado,33,31,3125705,8,,219_073,10.1,POINT(-44.93909 -18.72687)
1814851135,33c246ae-6e19-3a70-aa41-a9bf42aa239f,-40.64779,-15.75377,2026-04-20 15:46:00+00:00,2026-04-20,NOAA-21,BANDEIRA,MINAS GERAIS,Brasil,,,,Mata Atlântica,33,31,3105202,8,,216_071,5.8,POINT(-40.64779 -15.75377)
1814850552,65ef64f8-1015-397f-898e-29cfb74326b7,-37.89764,-10.90859,2026-04-20 15:48:00+00:00,2026-04-20,NOAA-21,RIACHÃO DO DANTAS,SERGIPE,Brasil,,,,Caatinga,33,28,2805802,8,,215_068,12.8,POINT(-37.89764 -10.90859)
1814850248,7c9c0115-2ada-3f1e-bff9-9d4b9f7e0860,-37.83207,-11.95324,2026-04-20 15:48:00+00:00,2026-04-20,NOAA-21,ESPLANADA,BAHIA,Brasil,,,,Mata Atlântica,33,29,2910602,8,,215_068,9.4,POINT(-37.83207 -11.95324)
1814850272,3933d7be-5d67-3f9b-926c-1f537f38f1fb,-39.34469,-10.34598,2026-04-20 15:48:00+00:00,2026-04-20,NOAA-21,MONTE SANTO,BAHIA,Brasil,,,,Caatinga,33,29,2921500,8,,216_067,3.4,POINT(-39.34469 -10.34598)
1814850290,f39dd663-00d9-3a61-a855-ea62a9a3b886,-38.45949,-10.81431,2026-04-20 15:48:00+00:00,2026-04-20,NOAA-21,RIBEIRA DO POMBAL,BAHIA,Brasil,,,,Caatinga,33,29,2926608,8,,216_067,4.8,POINT(-38.45949 -10.81431)
1814850385,cdbf7066-d8c7-3a37-8bc3-8660b18e75f6,-38.52058,-11.0187,2026-04-20 15:48:00+00:00,2026-04-20,NOAA-21,RIBEIRA DO AMPARO,BAHIA,Brasil,,,,Caatinga,33,29,2926509,8,,216_068,2.6,POINT(-38.52058 -11.0187)
1814850416,d832ee38-2993-309e-8d65-c957a2768163,-37.83107,-11.96103,2026-04-20 15:48:00+00:00,2026-04-20,NOAA-21,ESPLANADA,BAHIA,Brasil,,,,Mata Atlântica,33,29,2910602,8,,215_068,10.5,POINT(-37.83107 -11.96103)
1814850437,455361e8-5b9a-3774-8d5f-5c1fd876a7f3,-38.25202,-10.24016,2026-04-20 15:48:00+00:00,2026-04-20,NOAA-21,JEREMOABO,BAHIA,Brasil,,,,Caatinga,33,29,2918100,8,,216_067,5.7,POINT(-38.25202 -10.24016)
1814850485,1b5565a8-6c1b-3577-9ad2-5f0206c29ed2,-41.62993,-12.1574,2026-04-20 15:48:00+00:00,2026-04-20,NOAA-21,IRAQUARA,BAHIA,Brasil,,,,Caatinga,33,29,2914406,8,,217_068,4.2,POINT(-41.62993 -12.1574)
1814850511,60279482-5876-3a08-bfc2-31b8a89fd7c7,-37.07358,-10.31909,2026-04-20 15:48:00+00:00,2026-04-20,NOAA-21,AQUIDABÃ,SERGIPE,Brasil,,,,Mata Atlântica,33,28,2800209,8,,215_067,4.6,POINT(-37.07358 -10.31909)
1814850676,feb46a06-4ff2-3c88-b006-a4b15c895f83,-37.83707,-11.95391,2026-04-20 15:48:00+00:00,2026-04-20,NOAA-21,ESPLANADA,BAHIA,Brasil,,,,Mata Atlântica,33,29,2910602,8,,215_068,13.8,POINT(-37.83707 -11.95391)
1814850713,9b47db1f-9724-34cf-9e7f-070dc6be4a28,-38.06348,-9.90695,2026-04-20 15:48:00+00:00,2026-04-20,NOAA-21,PEDRO ALEXANDRE,BAHIA,Brasil,,,,Caatinga,33,29,2924207,8,,215_067,7.4,POINT(-38.06348 -9.90695)
1814850730,1e5fae76-79ee-3d12-a4b4-b81ed6e1d0cf,-40.54813,-11.35264,2026-04-20 15:48:00+00:00,2026-04-20,NOAA-21,MIGUEL CALMON,BAHIA,Brasil,,,,Caatinga,33,29,2921203,8,,217_068,5.2,POINT(-40.54813 -11.35264)
1814850752,b1085d75-5644-3438-b8de-760dc605dda2,-37.04317,-9.66322,2026-04-20 15:48:00+00:00,2026-04-20,NOAA-21,JARAMATAIA,ALAGOAS,Brasil,,,,Caatinga,33,27,2703700,8,,215_067,4.3,POINT(-37.04317 -9.66322)
1814850765,a2f05028-20db-3153-83a7-9387fa914393,-36.98362,-9.95055,2026-04-20 15:48:00+00:00,2026-04-20,NOAA-21,TRAIPU,ALAGOAS,Brasil,,,,Caatinga,33,27,2709202,8,,215_067,5.8,POINT(-36.98362 -9.95055)
1814850771,c3c75fa2-93ca-39b8-92c0-8f82f8c9222d,-37.73458,-9.49375,2026-04-20 15:48:00+00:00,2026-04-20,NOAA-21,PIRANHAS,ALAGOAS,Brasil,,,,Caatinga,33,27,2707107,8,,215_067,8.7,POINT(-37.73458 -9.49375)
1814850827,65cda359-d647-3be4-976c-0048eb0cff44,-37.07666,-10.31894,2026-04-20 15:48:00+00:00,2026-04-20,NOAA-21,AQUIDABÃ,SERGIPE,Brasil,,,,Mata Atlântica,33,28,2800209,8,,215_067,3.5,POINT(-37.07666 -10.31894)
1814850828,0c8d5d72-2da8-32dd-8624-d1294c2346c1,-37.84344,-11.03657,2026-04-20 15:48:00+00:00,2026-04-20,NOAA-21,RIACHÃO DO DANTAS,SERGIPE,Brasil,,,,Caatinga,33,28,2805802,8,,215_068,18.3,POINT(-37.84344 -11.03657)
1814850862,86980a33-508e-390e-aa1f-2c9afa7a6622,-44.7393,-11.72827,2026-04-20 15:48:00+00:00,2026-04-20,NOAA-21,RIACHÃO DAS NEVES,BAHIA,Brasil,,,,Cerrado,33,29,2926202,8,,220_068,18.2,POINT(-44.7393 -11.72827)
1814850949,f4b03957-291a-3e5b-ad74-3e7923849606,-37.74047,-9.8895,2026-04-20 15:48:00+00:00,2026-04-20,NOAA-21,POÇO REDONDO,SERGIPE,Brasil,,,,Caatinga,33,28,2805406,8,,215_067,13.2,POINT(-37.74047 -9.8895)
1814851033,310d32b6-9b8f-3573-8801-ab6add5319bc,-44.74002,-11.72256,2026-04-20 15:48:00+00:00,2026-04-20,NOAA-21,RIACHÃO DAS NEVES,BAHIA,Brasil,,,,Cerrado,33,29,2926202,8,,220_068,16.3,POINT(-44.74002 -11.72256)
1814851125,78ade792-0aa4-3167-8047-f9b210ced2ed,-37.82608,-11.96036,2026-04-20 15:48:00+00:00,2026-04-20,NOAA-21,ESPLANADA,BAHIA,Brasil,,,,Mata Atlântica,33,29,2910602,8,,215_068,10.5,POINT(-37.82608 -11.96036)
1814851152,65500c11-c35e-37f8-a236-37d868a29e9c,-44.73937,-11.72871,2026-04-20 15:48:00+00:00,2026-04-20,NOAA-21,RIACHÃO DAS NEVES,BAHIA,Brasil,,,,Cerrado,33,29,2926202,8,,220_068,16.3,POINT(-44.73937 -11.72871)
1814851179,132f77b8-5d67-3de9-9cef-bfc6d7efab23,-41.26635,-11.93234,2026-04-20 15:48:00+00:00,2026-04-20,NOAA-21,BONITO,BAHIA,Brasil,,,,Caatinga,33,29,2904050,8,,217_068,9.9,POINT(-41.26635 -11.93234)
1814851200,eb748fbd-3a23-3a94-b9ba-464155f41a60,-37.89292,-10.90793,2026-04-20 15:48:00+00:00,2026-04-20,NOAA-21,RIACHÃO DO DANTAS,SERGIPE,Brasil,,,,Caatinga,33,28,2805802,8,,215_068,16.9,POINT(-37.89292 -10.90793)
1814851270,f3715268-ba7e-3513-ac08-1548a390ed10,-37.79515,-11.03371,2026-04-20 15:48:00+00:00,2026-04-20,NOAA-21,RIACHÃO DO DANTAS,SERGIPE,Brasil,,,,Caatinga,33,28,2805802,8,,215_068,4.2,POINT(-37.79515 -11.03371)
1814851381,0b120c87-9db4-3094-b467-dbf471e25945,-39.32731,-12.66487,2026-04-20 15:48:00+00:00,2026-04-20,NOAA-21,CASTRO ALVES,BAHIA,Brasil,,,,Mata Atlântica,33,29,2907301,8,,216_069,8.8,POINT(-39.32731 -12.66487)
1814851442,27790144-b6dd-3401-bf38-d779a2b1a926,-37.57977,-9.1014,2026-04-20 15:48:00+00:00,2026-04-20,NOAA-21,CANAPI,ALAGOAS,Brasil,,,,Caatinga,33,27,2701605,8,,215_066,4.4,POINT(-37.57977 -9.1014)
1814851448,70e7958b-7c7e-36d7-bd73-f1e5ed1dfa07,-44.73993,-11.72213,2026-04-20 15:48:00+00:00,2026-04-20,NOAA-21,RIACHÃO DAS NEVES,BAHIA,Brasil,,,,Cerrado,33,29,2926202,8,,220_068,13.7,POINT(-44.73993 -11.72213)
1814851478,0218b445-08b2-336d-b41c-b54cd9715b89,-38.0666,-9.90879,2026-04-20 15:48:00+00:00,2026-04-20,NOAA-21,PEDRO ALEXANDRE,BAHIA,Brasil,,,,Caatinga,33,29,2924207,8,,215_067,4.7,POINT(-38.0666 -9.90879)
1814851518,84a5f55a-1450-3d4f-b755-919a2bc9f952,-38.25254,-10.23626,2026-04-20 15:48:00+00:00,2026-04-20,NOAA-21,JEREMOABO,BAHIA,Brasil,,,,Caatinga,33,29,2918100,8,,216_067,5.7,POINT(-38.25254 -10.23626)
1814852285,c78320ca-899b-39e9-95c3-f925528e924c,-50.64228,-29.39617,2026-04-20 16:13:00+00:00,2026-04-20,NPP-375,SÃO FRANCISCO DE PAULA,RIO GRANDE DO SUL,Brasil,,,,Mata Atlântica,33,43,4318200,8,,221_080,3.4,POINT(-50.64228 -29.39617)
1814852363,29d4ff84-f936-35f1-8a95-08109efba05f,-49.42242,-27.44433,2026-04-20 16:16:00+00:00,2026-04-20,NPP-375,VIDAL RAMOS,SANTA CATARINA,Brasil,,,,Mata Atlântica,33,42,4219200,8,,220_079,2.8,POINT(-49.42242 -27.44433)
1814852497,d5768556-77bb-3134-b7b6-f3cba6ce5e34,-45.37807,-21.20827,2026-04-20 16:16:00+00:00,2026-04-20,NPP-375,COQUEIRAL,MINAS GERAIS,Brasil,,,,Mata Atlântica,33,31,3118700,8,,219_075,6.7,POINT(-45.37807 -21.20827)
1814853113,c72b7a52-a904-3fed-9fbf-fe85628c7a90,-49.1137,-28.07562,2026-04-20 16:16:00+00:00,2026-04-20,NPP-375,RIO FORTUNA,SANTA CATARINA,Brasil,,,,Mata Atlântica,33,42,4214904,8,,220_079,2.3,POINT(-49.1137 -28.07562)
1814853509,86ced520-3e21-3148-810f-55130578ac6b,-49.44409,-27.7366,2026-04-20 16:16:00+00:00,2026-04-20,NPP-375,ALFREDO WAGNER,SANTA CATARINA,Brasil,,,,Mata Atlântica,33,42,4200705,8,,220_079,8.0,POINT(-49.44409 -27.7366)
1814853316,1ca37393-7312-3dc4-9be0-839a4c27a9b6,-49.44458,-27.73172,2026-04-20 16:16:00+00:00,2026-04-20,NPP-375,ALFREDO WAGNER,SANTA CATARINA,Brasil,,,,Mata Atlântica,33,42,4200705,8,,220_079,28.4,POINT(-49.44458 -27.73172)
1814852922,2649a05f-8960-3de0-951c-2d1a0f30c4f8,-50.33131,-26.42224,2026-04-20 16:16:00+00:00,2026-04-20,NPP-375,MAJOR VIEIRA,SANTA CATARINA,Brasil,,,,Mata Atlântica,33,42,4210308,8,,221_078,5.5,POINT(-50.33131 -26.42224)
1814853228,a2614e72-2fd5-3463-9c0f-d6e3184bdc91,-50.81189,-27.0138,2026-04-20 16:16:00+00:00,2026-04-20,NPP-375,FRAIBURGO,SANTA CATARINA,Brasil,,,,Mata Atlântica,33,42,4205506,8,,221_079,5.9,POINT(-50.81189 -27.0138)
1814852679,1fe22ea8-0f3e-3128-9f3d-51f12de25c62,-49.20973,-24.72505,2026-04-20 16:16:00+00:00,2026-04-20,NPP-375,CERRO AZUL,PARANÁ,Brasil,,,,Mata Atlântica,33,41,4105201,8,,220_077,16.4,POINT(-49.20973 -24.72505)
1814852875,69a17470-e62f-323b-9a8b-4787be2623cf,-50.81283,-27.01649,2026-04-20 16:16:00+00:00,2026-04-20,NPP-375,FRAIBURGO,SANTA CATARINA,Brasil,,,,Mata Atlântica,33,42,4205506,8,,221_079,4.2,POINT(-50.81283 -27.01649)
1814852537,a349fd5c-76f5-3773-9237-153329b7d33f,-49.80192,-22.54379,2026-04-20 16:16:00+00:00,2026-04-20,NPP-375,SÃO PEDRO DO TURVO,SÃO PAULO,Brasil,,,,Cerrado,33,35,3550506,8,,221_076,9.4,POINT(-49.80192 -22.54379)
1814852757,9289e94e-9266-3071-b0dc-962c1b08e1bb,-50.80216,-28.88848,2026-04-20 16:16:00+00:00,2026-04-20,NPP-375,SÃO FRANCISCO DE PAULA,RIO GRANDE DO SUL,Brasil,,,,Mata Atlântica,33,43,4318200,8,,221_080,8.7,POINT(-50.80216 -28.88848)
1814852295,680c2e88-ae8a-33fe-b01c-c24ac2a55aed,-50.56445,-27.49789,2026-04-20 16:16:00+00:00,2026-04-20,NPP-375,CURITIBANOS,SANTA CATARINA,Brasil,,,,Mata Atlântica,33,42,4204806,8,,221_079,9.9,POINT(-50.56445 -27.49789)
1814852987,bf765485-853b-3889-bb7d-f26af25b5315,-49.45097,-27.7304,2026-04-20 16:16:00+00:00,2026-04-20,NPP-375,ALFREDO WAGNER,SANTA CATARINA,Brasil,,,,Mata Atlântica,33,42,4200705,8,,220_079,8.0,POINT(-49.45097 -27.7304)
1814852502,2e2459fd-d33b-3269-91cf-7b71ce42a497,-50.6092,-27.16826,2026-04-20 16:16:00+00:00,2026-04-20,NPP-375,CURITIBANOS,SANTA CATARINA,Brasil,,,,Mata Atlântica,33,42,4204806,8,,221_079,12.2,POINT(-50.6092 -27.16826)
1814852991,b9340c59-7849-35a8-91ff-ce7bd78bd221,-50.19157,-27.13978,2026-04-20 16:16:00+00:00,2026-04-20,NPP-375,TAIÓ,SANTA CATARINA,Brasil,,,,Mata Atlântica,33,42,4217808,8,,221_079,15.8,POINT(-50.19157 -27.13978)
1814853079,50ebc791-68ff-32b4-838f-455e2cd04121,-45.22678,-23.55536,2026-04-20 16:16:00+00:00,2026-04-20,NPP-375,UBATUBA,SÃO PAULO,Brasil,,,,Mata Atlântica,33,35,3555406,8,,218_076,7.7,POINT(-45.22678 -23.55536)
1814852756,ea9cd20c-f812-3f35-b255-719c8650a7e7,-49.33707,-25.10366,2026-04-20 16:16:00+00:00,2026-04-20,NPP-375,RIO BRANCO DO SUL,PARANÁ,Brasil,,,,Mata Atlântica,33,41,4122206,8,,221_077,6.7,POINT(-49.33707 -25.10366)
1814853492,ea199e50-acf6-3ebe-a150-bf16385dd825,-50.57089,-27.4977,2026-04-20 16:16:00+00:00,2026-04-20,NPP-375,CURITIBANOS,SANTA CATARINA,Brasil,,,,Mata Atlântica,33,42,4204806,8,,221_079,11.2,POINT(-50.57089 -27.4977)
1814853082,79c3de3c-e820-3535-b89e-dcb995f20c33,-48.52727,-24.44647,2026-04-20 16:16:00+00:00,2026-04-20,NPP-375,IPORANGA,SÃO PAULO,Brasil,,,,Mata Atlântica,33,35,3521200,8,,220_077,3.7,POINT(-48.52727 -24.44647)
1814852894,7314d95c-4327-3a6c-86cb-7d78d22f418b,-49.20641,-24.72126,2026-04-20 16:16:00+00:00,2026-04-20,NPP-375,CERRO AZUL,PARANÁ,Brasil,,,,Mata Atlântica,33,41,4105201,8,,220_077,6.2,POINT(-49.20641 -24.72126)
1814852211,742e57e3-7111-34f3-9338-f150e8443335,-49.21314,-24.72178,2026-04-20 16:16:00+00:00,2026-04-20,NPP-375,CERRO AZUL,PARANÁ,Brasil,,,,Mata Atlântica,33,41,4105201,8,,220_077,6.2,POINT(-49.21314 -24.72178)
1814852553,73819eff-315b-306a-9d6f-a4395be3d45b,-45.37517,-21.2073,2026-04-20 16:16:00+00:00,2026-04-20,NPP-375,COQUEIRAL,MINAS GERAIS,Brasil,,,,Mata Atlântica,33,31,3118700,8,,219_075,5.8,POINT(-45.37517 -21.2073)
1814852413,4806ff24-7c70-3df0-bbed-2deab4455bef,-45.38043,-21.20789,2026-04-20 16:16:00+00:00,2026-04-20,NPP-375,COQUEIRAL,MINAS GERAIS,Brasil,,,,Mata Atlântica,33,31,3118700,8,,219_075,5.8,POINT(-45.38043 -21.20789)
1814852821,6b7af858-3ce4-3ebc-8474-20f089fa56eb,-44.91932,-23.04604,2026-04-20 16:16:00+00:00,2026-04-20,NPP-375,CUNHA,SÃO PAULO,Brasil,,,,Mata Atlântica,33,35,3513603,8,,218_076,2.0,POINT(-44.91932 -23.04604)
1814853123,9058ef0f-12a9-33a6-a0cd-d722a7123c13,-51.17643,-22.23921,2026-04-20 16:16:00+00:00,2026-04-20,NPP-375,MARTINÓPOLIS,SÃO PAULO,Brasil,,,,Cerrado,33,35,3529203,8,,222_075,10.9,POINT(-51.17643 -22.23921)
1814852725,a47b68a9-136e-3fea-a97e-3f57e1c17ab5,-48.22505,-22.04205,2026-04-20 16:16:00+00:00,2026-04-20,NPP-375,RIBEIRÃO BONITO,SÃO PAULO,Brasil,,,,Cerrado,33,35,3542909,8,,220_075,6.9,POINT(-48.22505 -22.04205)
1814853084,0f85442b-2ab6-30f3-84bb-8bab2d6644c3,-50.21753,-27.92836,2026-04-20 16:16:00+00:00,2026-04-20,NPP-375,LAGES,SANTA CATARINA,Brasil,,,,Mata Atlântica,33,42,4209300,8,,221_079,18.0,POINT(-50.21753 -27.92836)
1814852623,fccc6ba3-63e7-3e73-b45b-62d9fc5c0c61,-50.20998,-27.92797,2026-04-20 16:16:00+00:00,2026-04-20,NPP-375,LAGES,SANTA CATARINA,Brasil,,,,Mata Atlântica,33,42,4209300,8,,221_079,19.2,POINT(-50.20998 -27.92797)
1814852816,65542258-9d9f-3c6f-b47c-c68bdcd4c7f0,-49.6095,-26.97489,2026-04-20 16:16:00+00:00,2026-04-20,NPP-375,JOSÉ BOITEUX,SANTA CATARINA,Brasil,,,,Mata Atlântica,33,42,4209151,8,,220_079,13.4,POINT(-49.6095 -26.97489)
1814852425,fa981adb-88ab-3d9d-9ae0-0a025943543b,-50.21896,-27.92734,2026-04-20 16:16:00+00:00,2026-04-20,NPP-375,LAGES,SANTA CATARINA,Brasil,,,,Mata Atlântica,33,42,4209300,8,,221_079,5.8,POINT(-50.21896 -27.92734)
1814853032,05b514e6-87b3-3f38-a067-7473c3771d71,-48.75465,-27.43585,2026-04-20 16:16:00+00:00,2026-04-20,NPP-375,BIGUAÇU,SANTA CATARINA,Brasil,,,,Mata Atlântica,33,42,4202305,8,,220_079,4.2,POINT(-48.75465 -27.43585)
1814853526,1b7dd60e-c8b6-3d1b-bba2-781c3d84ee23,-49.44997,-27.73204,2026-04-20 16:16:00+00:00,2026-04-20,NPP-375,ALFREDO WAGNER,SANTA CATARINA,Brasil,,,,Mata Atlântica,33,42,4200705,8,,220_079,12.7,POINT(-49.44997 -27.73204)
1814853119,bcc40663-db49-3913-bd32-4f89dfe68180,-49.99874,-27.48238,2026-04-20 16:16:00+00:00,2026-04-20,NPP-375,OTACÍLIO COSTA,SANTA CATARINA,Brasil,,,,Mata Atlântica,33,42,4211751,8,,221_079,8.6,POINT(-49.99874 -27.48238)
1814853011,831fa981-471f-343f-a4e5-37b21d0dbe15,-42.97281,-21.09386,2026-04-20 16:16:00+00:00,2026-04-20,NPP-375,UBÁ,MINAS GERAIS,Brasil,,,,Mata Atlântica,33,31,3169901,8,,217_075,1.1,POINT(-42.97281 -21.09386)
1814852648,77abba2f-71f6-3b33-98da-ef5b898e70d4,-47.59714,-22.85623,2026-04-20 16:16:00+00:00,2026-04-20,NPP-375,RIO DAS PEDRAS,SÃO PAULO,Brasil,,,,Mata Atlântica,33,35,3544004,8,,220_076,8.2,POINT(-47.59714 -22.85623)
1814853233,6f28d9a8-d87b-3a0e-94c0-8d0a4fa3a237,-50.51701,-26.94427,2026-04-20 16:16:00+00:00,2026-04-20,NPP-375,SANTA CECÍLIA,SANTA CATARINA,Brasil,,,,Mata Atlântica,33,42,4215505,8,,221_079,6.6,POINT(-50.51701 -26.94427)
1814853163,131cb3b7-a835-3b1e-b29c-8419459b8041,-50.56354,-27.49734,2026-04-20 16:16:00+00:00,2026-04-20,NPP-375,CURITIBANOS,SANTA CATARINA,Brasil,,,,Mata Atlântica,33,42,4204806,8,,221_079,21.0,POINT(-50.56354 -27.49734)
1814852964,23ea14e6-076b-3fe5-b157-f11a42729073,-49.44564,-27.73011,2026-04-20 16:16:00+00:00,2026-04-20,NPP-375,ALFREDO WAGNER,SANTA CATARINA,Brasil,,,,Mata Atlântica,33,42,4200705,8,,220_079,8.0,POINT(-49.44564 -27.73011)
1814852940,ed4b66bb-bf05-3c88-957f-64bb1e8d6543,-50.57177,-27.49829,2026-04-20 16:16:00+00:00,2026-04-20,NPP-375,CURITIBANOS,SANTA CATARINA,Brasil,,,,Mata Atlântica,33,42,4204806,8,,221_079,9.9,POINT(-50.57177 -27.49829)
1814853348,c78256a8-3195-3d5c-9891-6741636b19c7,-50.60193,-27.16791,2026-04-20 16:16:00+00:00,2026-04-20,NPP-375,PONTE ALTA DO NORTE,SANTA CATARINA,Brasil,,,,Mata Atlântica,33,42,4213351,8,,221_079,29.5,POINT(-50.60193 -27.16791)
1814853406,ce353e65-b0ea-3c88-b6da-7dc0d3e8a5cf,-50.21162,-27.92693,2026-04-20 16:16:00+00:00,2026-04-20,NPP-375,LAGES,SANTA CATARINA,Brasil,,,,Mata Atlântica,33,42,4209300,8,,221_079,5.8,POINT(-50.21162 -27.92693)
1814852532,680cdbc0-1f66-3107-b775-1cf959e1bfd8,-50.60306,-27.16955,2026-04-20 16:16:00+00:00,2026-04-20,NPP-375,PONTE ALTA DO NORTE,SANTA CATARINA,Brasil,,,,Mata Atlântica,33,42,4213351,8,,221_079,28.0,POINT(-50.60306 -27.16955)
1814852710,513e72e0-103b-3473-8080-dbd03d640d90,-51.25848,-28.52779,2026-04-20 16:16:00+00:00,2026-04-20,NPP-375,MUITOS CAPÕES,RIO GRANDE DO SUL,Brasil,,,,Mata Atlântica,33,43,4312617,8,,221_080,8.9,POINT(-51.25848 -28.52779)
1814853443,004e88e2-5253-36c9-93ad-678ef966a466,-50.00036,-27.47964,2026-04-20 16:16:00+00:00,2026-04-20,NPP-375,OTACÍLIO COSTA,SANTA CATARINA,Brasil,,,,Mata Atlântica,33,42,4211751,8,,221_079,8.4,POINT(-50.00036 -27.47964)
1814853040,e2581485-1fea-3aa5-9688-4b9535d13b49,-45.37863,-21.20352,2026-04-20 16:16:00+00:00,2026-04-20,NPP-375,COQUEIRAL,MINAS GERAIS,Brasil,,,,Mata Atlântica,33,31,3118700,8,,219_075,5.7,POINT(-45.37863 -21.20352)
1814852968,a4f3c090-c639-364e-82d2-8f8803aaee4f,-49.42041,-27.44386,2026-04-20 16:16:00+00:00,2026-04-20,NPP-375,VIDAL RAMOS,SANTA CATARINA,Brasil,,,,Mata Atlântica,33,42,4219200,8,,220_079,3.8,POINT(-49.42041 -27.44386)
1814853439,ec3e2bad-b36c-3b3d-a036-4142cb02de8e,-51.17435,-22.23878,2026-04-20 16:16:00+00:00,2026-04-20,NPP-375,MARTINÓPOLIS,SÃO PAULO,Brasil,,,,Cerrado,33,35,3529203,8,,222_075,9.9,POINT(-51.17435 -22.23878)
1814853148,4c0292b0-9d19-3387-8dc1-c2b9fe43de4e,-51.17881,-26.01387,2026-04-20 16:16:00+00:00,2026-04-20,NPP-375,CRUZ MACHADO,PARANÁ,Brasil,,,,Mata Atlântica,33,41,4106803,8,,222_078,4.7,POINT(-51.17881 -26.01387)
1814853015,e9bc868b-3144-312f-bbfb-8127274cac55,-51.25043,-28.52745,2026-04-20 16:16:00+00:00,2026-04-20,NPP-375,MUITOS CAPÕES,RIO GRANDE DO SUL,Brasil,,,,Mata Atlântica,33,43,4312617,8,,221_080,8.9,POINT(-51.25043 -28.52745)
1814853018,b62a86dd-f030-3346-a245-d506ce19bd24,-47.60098,-22.85657,2026-04-20 16:16:00+00:00,2026-04-20,NPP-375,RIO DAS PEDRAS,SÃO PAULO,Brasil,,,,Mata Atlântica,33,35,3544004,8,,220_076,8.1,POINT(-47.60098 -22.85657)
1814852798,2eee46da-ab4b-375c-88c5-b865a9ccaa08,-49.21182,-24.728,2026-04-20 16:16:00+00:00,2026-04-20,NPP-375,CERRO AZUL,PARANÁ,Brasil,,,,Mata Atlântica,33,41,4105201,8,,220_077,6.2,POINT(-49.21182 -24.728)
1814852271,4f8fbf51-2044-3333-8592-85253de30d0e,-47.87547,-16.36825,2026-04-20 16:18:00+00:00,2026-04-20,NPP-375,LUZIÂNIA,GOIÁS,Brasil,,,,Cerrado,33,52,5212501,8,,221_071,7.5,POINT(-47.87547 -16.36825)
1814853285,e6318c15-78b3-3cf0-8301-4937c535b745,-40.4243,-17.97297,2026-04-20 16:18:00+00:00,2026-04-20,NPP-375,MUCURICI,ESPÍRITO SANTO,Brasil,,,,Mata Atlântica,33,32,3203601,8,,216_072,7.5,POINT(-40.4243 -17.97297)
1814852461,ca6b3dc4-a486-3274-b8f7-f2e598999924,-53.07186,-16.2459,2026-04-20 16:18:00+00:00,2026-04-20,NPP-375,TORIXORÉU,MATO GROSSO,Brasil,,,,Cerrado,33,51,5108204,8,,224_071,8.0,POINT(-53.07186 -16.2459)
1814853038,c4ac9d88-a0d6-34af-8093-afb60b3863e8,-40.23238,-20.12536,2026-04-20 16:18:00+00:00,2026-04-20,NPP-375,SERRA,ESPÍRITO SANTO,Brasil,,,,Mata Atlântica,33,32,3205002,8,,215_074,3.9,POINT(-40.23238 -20.12536)
1814852470,debc14c5-9782-39cd-8686-9851af9ff939,-39.71561,-15.00856,2026-04-20 16:18:00+00:00,2026-04-20,NPP-375,ITAJU DO COLÔNIA,BAHIA,Brasil,,,,Mata Atlântica,33,29,2915403,8,,216_070,21.3,POINT(-39.71561 -15.00856)
1814852713,4817053b-f49a-3b1d-a711-8b89dea882a2,-41.9202,-14.82074,2026-04-20 16:18:00+00:00,2026-04-20,NPP-375,CONDEÚBA,BAHIA,Brasil,,,,Caatinga,33,29,2908705,8,,217_070,5.6,POINT(-41.9202 -14.82074)
1814852473,f5dabf74-83f2-312e-b118-cf4b9ec154f9,-46.661,-15.07855,2026-04-20 16:18:00+00:00,2026-04-20,NPP-375,BURITIS,MINAS GERAIS,Brasil,,,,Cerrado,33,31,3109303,8,,220_070,6.5,POINT(-46.661 -15.07855)
1814853516,5f5cc717-48b0-38ab-8586-a82a2eec0cf1,-46.83456,-17.16874,2026-04-20 16:18:00+00:00,2026-04-20,NPP-375,PARACATU,MINAS GERAIS,Brasil,,,,Cerrado,33,31,3147006,8,,220_072,11.7,POINT(-46.83456 -17.16874)
1814853505,988a26d9-bfc9-321c-b545-b907c41e6aed,-39.89011,-19.0126,2026-04-20 16:18:00+00:00,2026-04-20,NPP-375,JAGUARÉ,ESPÍRITO SANTO,Brasil,,,,Mata Atlântica,33,32,3203056,8,,215_073,3.4,POINT(-39.89011 -19.0126)
1814852487,d3a29dd4-47fd-3fb8-9397-5c5bddfe96fd,-46.53199,-15.84761,2026-04-20 16:18:00+00:00,2026-04-20,NPP-375,UNAÍ,MINAS GERAIS,Brasil,,,,Cerrado,33,31,3170404,8,,220_071,15.2,POINT(-46.53199 -15.84761)
1814853463,b1397a0e-e8ac-3d75-a2f8-731aa70d8d5b,-39.75973,-16.09126,2026-04-20 16:18:00+00:00,2026-04-20,NPP-375,ITAGIMIRIM,BAHIA,Brasil,,,,Mata Atlântica,33,29,2915304,8,,216_071,4.1,POINT(-39.75973 -16.09126)
1814852768,3ec4b4c4-e9b9-3df2-9e98-40c74a21952d,-44.67408,-17.59665,2026-04-20 16:18:00+00:00,2026-04-20,NPP-375,VÁRZEA DA PALMA,MINAS GERAIS,Brasil,,,,Cerrado,33,31,3170800,8,,219_072,4.8,POINT(-44.67408 -17.59665)
1814852492,11f8c94c-5686-3970-bf6a-746e37c07a41,-41.92068,-14.81718,2026-04-20 16:18:00+00:00,2026-04-20,NPP-375,CONDEÚBA,BAHIA,Brasil,,,,Caatinga,33,29,2908705,8,,217_070,11.5,POINT(-41.92068 -14.81718)
1814853146,96cb6d54-02e3-3d9f-ad98-068c9c7f6d8d,-42.99469,-14.66573,2026-04-20 16:18:00+00:00,2026-04-20,NPP-375,SEBASTIÃO LARANJEIRAS,BAHIA,Brasil,,,,Caatinga,33,29,2930006,8,,218_070,9.7,POINT(-42.99469 -14.66573)
1814853060,e55e4fd4-b47f-38b1-8478-c31b2552f161,-40.64931,-15.75197,2026-04-20 16:18:00+00:00,2026-04-20,NPP-375,MATA VERDE,MINAS GERAIS,Brasil,,,,Mata Atlântica,33,31,3140555,8,,216_071,4.4,POINT(-40.64931 -15.75197)
1814852500,001cb06a-656d-3438-981a-e80a5da37a94,-40.06009,-19.59205,2026-04-20 16:18:00+00:00,2026-04-20,NPP-375,ARACRUZ,ESPÍRITO SANTO,Brasil,,,,Mata Atlântica,33,32,3200607,8,,215_074,3.0,POINT(-40.06009 -19.59205)
1814853139,ead6bce5-10d1-354e-b4a3-9cd3793d3f11,-47.2207,-20.07705,2026-04-20 16:18:00+00:00,2026-04-20,NPP-375,SACRAMENTO,MINAS GERAIS,Brasil,,,,Cerrado,33,31,3156908,8,,220_074,9.3,POINT(-47.2207 -20.07705)
1814852674,77b7076b-c9e7-39c5-9669-ebb1934e148d,-39.71507,-15.01191,2026-04-20 16:18:00+00:00,2026-04-20,NPP-375,ITAJU DO COLÔNIA,BAHIA,Brasil,,,,Mata Atlântica,33,29,2915403,8,,216_070,19.5,POINT(-39.71507 -15.01191)
1814853438,bdef2b3f-f3ab-3c6c-b2ab-674e29a578d7,-49.77092,-21.42304,2026-04-20 16:18:00+00:00,2026-04-20,NPP-375,PROMISSÃO,SÃO PAULO,Brasil,,,,Mata Atlântica,33,35,3541604,8,,221_075,3.1,POINT(-49.77092 -21.42304)
1814852929,d48cb2b5-0722-3c88-bc23-31472419e0fc,-43.28553,-16.75374,2026-04-20 16:18:00+00:00,2026-04-20,NPP-375,ITACAMBIRA,MINAS GERAIS,Brasil,,,,Cerrado,33,31,3132008,8,,218_072,17.8,POINT(-43.28553 -16.75374)
1814853265,8e81d101-ee16-38a8-b496-249d85a4a6dc,-41.46231,-16.12357,2026-04-20 16:18:00+00:00,2026-04-20,NPP-375,MEDINA,MINAS GERAIS,Brasil,,,,Mata Atlântica,33,31,3141405,8,,217_071,5.3,POINT(-41.46231 -16.12357)
1814853489,207e096b-abf8-3dcb-b6fc-ee39dfea84ef,-40.1015,-15.12797,2026-04-20 16:18:00+00:00,2026-04-20,NPP-375,ITAMBÉ,BAHIA,Brasil,,,,Mata Atlântica,33,29,2915809,8,,216_070,2.0,POINT(-40.1015 -15.12797)
1814852534,faad115c-1999-3a25-8d71-a6cd119234b4,-39.34764,-15.79151,2026-04-20 16:18:00+00:00,2026-04-20,NPP-375,MASCOTE,BAHIA,Brasil,,,,Mata Atlântica,33,29,2920908,8,,215_071,6.9,POINT(-39.34764 -15.79151)
1814852544,6d0ae0bf-c671-305c-9cbe-547656afe3e8,-43.9565,-15.15475,2026-04-20 16:18:00+00:00,2026-04-20,NPP-375,JAÍBA,MINAS GERAIS,Brasil,,,,Cerrado,33,31,3135050,8,,219_070,7.0,POINT(-43.9565 -15.15475)
1814853007,a9d85d12-c961-324d-add7-dd9686a351db,-46.31004,-15.61277,2026-04-20 16:18:00+00:00,2026-04-20,NPP-375,BURITIS,MINAS GERAIS,Brasil,,,,Cerrado,33,31,3109303,8,,220_071,6.3,POINT(-46.31004 -15.61277)
1814853388,269b2769-c994-3c37-a5ca-dc6ece15e8a3,-40.0159,-18.30686,2026-04-20 16:18:00+00:00,2026-04-20,NPP-375,PINHEIROS,ESPÍRITO SANTO,Brasil,,,,Mata Atlântica,33,32,3204104,8,,216_073,2.7,POINT(-40.0159 -18.30686)
1814852897,8fe61431-c8de-3cfc-beed-f0ef7ea904bc,-48.95691,-17.05919,2026-04-20 16:18:00+00:00,2026-04-20,NPP-375,BELA VISTA DE GOIÁS,GOIÁS,Brasil,,,,Cerrado,33,52,5203302,8,,221_072,7.5,POINT(-48.95691 -17.05919)
1814852567,b59efa8d-50ce-3aed-b37b-a2df1b3656af,-39.48101,-15.42924,2026-04-20 16:18:00+00:00,2026-04-20,NPP-375,CAMACAN,BAHIA,Brasil,,,,Mata Atlântica,33,29,2905602,8,,216_071,5.3,POINT(-39.48101 -15.42924)
1814852568,9f45f77a-b789-3310-bad3-f4da56c5e1cb,-39.40337,-14.11053,2026-04-20 16:18:00+00:00,2026-04-20,NPP-375,IBIRAPITANGA,BAHIA,Brasil,,,,Mata Atlântica,33,29,2912707,8,,216_070,4.3,POINT(-39.40337 -14.11053)
1814852581,c4ff3f3d-af23-3476-b9a6-97485d0977db,-41.80908,-15.17864,2026-04-20 16:18:00+00:00,2026-04-20,NPP-375,SÃO JOÃO DO PARAÍSO,MINAS GERAIS,Brasil,,,,Mata Atlântica,33,31,3162708,8,,217_071,6.5,POINT(-41.80908 -15.17864)
1814853101,90bdc698-912b-3627-9448-c77916eac014,-46.53147,-15.85239,2026-04-20 16:18:00+00:00,2026-04-20,NPP-375,UNAÍ,MINAS GERAIS,Brasil,,,,Cerrado,33,31,3170404,8,,220_071,15.2,POINT(-46.53147 -15.85239)
1814853255,281111af-e7e1-3ab3-b3f5-b3598a22a0c8,-44.9378,-18.72648,2026-04-20 16:18:00+00:00,2026-04-20,NPP-375,FELIXLÂNDIA,MINAS GERAIS,Brasil,,,,Cerrado,33,31,3125705,8,,219_073,4.8,POINT(-44.9378 -18.72648)
1814853253,402e1e90-a8c6-3d89-83a4-ef30659fc807,-47.9263,-19.92583,2026-04-20 16:18:00+00:00,2026-04-20,NPP-375,UBERABA,MINAS GERAIS,Brasil,,,,Cerrado,33,31,3170107,8,,220_074,5.5,POINT(-47.9263 -19.92583)
1814852624,d0a4a23f-2d83-310d-bbb2-0945ab4ea6a3,-47.87486,-16.3735,2026-04-20 16:18:00+00:00,2026-04-20,NPP-375,LUZIÂNIA,GOIÁS,Brasil,,,,Cerrado,33,52,5212501,8,,221_071,3.6,POINT(-47.87486 -16.3735)
1814852603,923a5650-4288-31ac-8f42-b6ec21950623,-43.95393,-15.15578,2026-04-20 16:18:00+00:00,2026-04-20,NPP-375,JAÍBA,MINAS GERAIS,Brasil,,,,Cerrado,33,31,3135050,8,,219_070,6.2,POINT(-43.95393 -15.15578)
1814852610,aec2d6f6-1b05-3430-83bd-4a71590734c4,-39.7634,-16.0918,2026-04-20 16:18:00+00:00,2026-04-20,NPP-375,ITAGIMIRIM,BAHIA,Brasil,,,,Mata Atlântica,33,29,2915304,8,,216_071,3.1,POINT(-39.7634 -16.0918)
1814852324,bb4d52c1-c9e1-3a16-bb3c-d5bb6a53fbe9,-40.42377,-17.97642,2026-04-20 16:18:00+00:00,2026-04-20,NPP-375,MUCURICI,ESPÍRITO SANTO,Brasil,,,,Mata Atlântica,33,32,3203601,8,,216_072,2.8,POINT(-40.42377 -17.97642)
1814852331,5a462320-4a5c-37c2-8e83-c6e3161479e3,-39.58816,-17.06175,2026-04-20 16:18:00+00:00,2026-04-20,NPP-375,ITAMARAJU,BAHIA,Brasil,,,,Mata Atlântica,33,29,2915601,8,,215_072,1.8,POINT(-39.58816 -17.06175)
1814852220,83decc11-37ae-3d40-b0db-5aad974466a6,-41.45868,-15.54882,2026-04-20 16:18:00+00:00,2026-04-20,NPP-375,ÁGUAS VERMELHAS,MINAS GERAIS,Brasil,,,,Mata Atlântica,33,31,3101003,8,,217_071,9.2,POINT(-41.45868 -15.54882)
1814852343,dc4fed0a-6b0b-31df-a80a-c640f7450cfc,-43.1054,-20.20497,2026-04-20 16:18:00+00:00,2026-04-20,NPP-375,BARRA LONGA,MINAS GERAIS,Brasil,,,,Mata Atlântica,33,31,3105707,8,,217_074,4.2,POINT(-43.1054 -20.20497)
1814852346,4ac57c37-e177-3ddb-8afd-58ada1d27066,-45.13485,-18.63252,2026-04-20 16:18:00+00:00,2026-04-20,NPP-375,FELIXLÂNDIA,MINAS GERAIS,Brasil,,,,Cerrado,33,31,3125705,8,,219_073,7.0,POINT(-45.13485 -18.63252)
1814852812,b4dffaf3-1203-3686-a874-f2cb7a41aedc,-39.49612,-16.35712,2026-04-20 16:18:00+00:00,2026-04-20,NPP-375,EUNÁPOLIS,BAHIA,Brasil,,,,Mata Atlântica,33,29,2910727,8,,215_071,11.1,POINT(-39.49612 -16.35712)
1814852779,f1ec1af0-6256-31b4-9dc5-9989b6a2065f,-39.7676,-16.08899,2026-04-20 16:18:00+00:00,2026-04-20,NPP-375,ITAGIMIRIM,BAHIA,Brasil,,,,Mata Atlântica,33,29,2915304,8,,216_071,6.8,POINT(-39.7676 -16.08899)
1814852884,3aa87327-a466-3ef6-96a4-be5acca16f05,-47.21669,-20.08199,2026-04-20 16:18:00+00:00,2026-04-20,NPP-375,SACRAMENTO,MINAS GERAIS,Brasil,,,,Cerrado,33,31,3156908,8,,220_074,4.1,POINT(-47.21669 -20.08199)
1814852370,743388a9-2062-34cc-80ba-6f214ef22b9e,-44.81507,-17.71203,2026-04-20 16:18:00+00:00,2026-04-20,NPP-375,VÁRZEA DA PALMA,MINAS GERAIS,Brasil,,,,Cerrado,33,31,3170800,8,,219_072,3.9,POINT(-44.81507 -17.71203)
1814852865,23e1c5af-c965-3de8-bbb3-40faedb58b94,-42.99821,-16.59616,2026-04-20 16:18:00+00:00,2026-04-20,NPP-375,GRÃO MOGOL,MINAS GERAIS,Brasil,,,,Cerrado,33,31,3127800,8,,218_071,6.2,POINT(-42.99821 -16.59616)
1814852388,b8dc0e89-dfa5-3b06-9e69-a0f5b62ed21b,-47.21721,-20.0767,2026-04-20 16:18:00+00:00,2026-04-20,NPP-375,SACRAMENTO,MINAS GERAIS,Brasil,,,,Cerrado,33,31,3156908,8,,220_074,18.4,POINT(-47.21721 -20.0767)
1814852394,4c40b52d-3e58-33e5-8e85-9b4a02a7d97a,-44.31279,-20.92024,2026-04-20 16:18:00+00:00,2026-04-20,NPP-375,RITÁPOLIS,MINAS GERAIS,Brasil,,,,Mata Atlântica,33,31,3156106,8,,218_074,67.1,POINT(-44.31279 -20.92024)
1814853002,0fca3da5-ca46-3caf-a44d-4198bcb860e0,-43.99751,-17.76832,2026-04-20 16:18:00+00:00,2026-04-20,NPP-375,BUENÓPOLIS,MINAS GERAIS,Brasil,,,,Cerrado,33,31,3109204,8,,218_072,4.0,POINT(-43.99751 -17.76832)
1814853185,a6e909d7-3d5b-344a-8421-13d8b2c2d789,-39.17834,-16.68321,2026-04-20 16:18:00+00:00,2026-04-20,NPP-375,PORTO SEGURO,BAHIA,Brasil,,,,Mata Atlântica,33,29,2925303,8,,215_072,10.1,POINT(-39.17834 -16.68321)
1814853027,e1f7ff76-38a6-3fe2-b9f4-58f8a85da794,-40.15153,-14.50456,2026-04-20 16:18:00+00:00,2026-04-20,NPP-375,IGUAÍ,BAHIA,Brasil,,,,Mata Atlântica,33,29,2913507,8,,216_070,1.8,POINT(-40.15153 -14.50456)
1814853368,252c0ba6-d874-3539-be2d-46ae6d97bf7e,-44.31794,-20.91636,2026-04-20 16:18:00+00:00,2026-04-20,NPP-375,RITÁPOLIS,MINAS GERAIS,Brasil,,,,Mata Atlântica,33,31,3156106,8,,218_074,67.1,POINT(-44.31794 -20.91636)
1814853517,361f89b3-f49a-3f4a-9936-0a448189baea,-39.64922,-14.55612,2026-04-20 16:18:00+00:00,2026-04-20,NPP-375,ITAPITANGA,BAHIA,Brasil,,,,Mata Atlântica,33,29,2916609,8,,216_070,7.6,POINT(-39.64922 -14.55612)
1814853006,fb6fea6b-a024-35ec-b499-5393e60dac07,-42.82295,-14.90644,2026-04-20 16:18:00+00:00,2026-04-20,NPP-375,ESPINOSA,MINAS GERAIS,Brasil,,,,Cerrado,33,31,3124302,8,,218_070,2.2,POINT(-42.82295 -14.90644)
1814853287,2687d5af-88ea-3bac-9f38-5396bc24775b,-42.99413,-14.66947,2026-04-20 16:18:00+00:00,2026-04-20,NPP-375,SEBASTIÃO LARANJEIRAS,BAHIA,Brasil,,,,Caatinga,33,29,2930006,8,,218_070,2.0,POINT(-42.99413 -14.66947)
1814852417,e10a5319-c792-3379-a572-90144ad216b0,-40.42318,-15.74665,2026-04-20 16:18:00+00:00,2026-04-20,NPP-375,MACARANI,BAHIA,Brasil,,,,Mata Atlântica,33,29,2919702,8,,216_071,6.9,POINT(-40.42318 -15.74665)
1814853182,a167dc0e-2873-30b7-a8fe-d35951c6c1bc,-39.71922,-15.0091,2026-04-20 16:18:00+00:00,2026-04-20,NPP-375,ITAJU DO COLÔNIA,BAHIA,Brasil,,,,Mata Atlântica,33,29,2915403,8,,216_070,21.3,POINT(-39.71922 -15.0091)
1814853028,2550b69d-ac6f-3df6-bd1f-cafb00e36f19,-39.02738,-15.85063,2026-04-20 16:18:00+00:00,2026-04-20,NPP-375,BELMONTE,BAHIA,Brasil,,,,Mata Atlântica,33,29,2903409,8,,215_071,13.8,POINT(-39.02738 -15.85063)
1814852423,93037c8e-4c82-32a1-8d94-91e1e707f2c7,-40.85289,-15.51327,2026-04-20 16:18:00+00:00,2026-04-20,NPP-375,ENCRUZILHADA,BAHIA,Brasil,,,,Mata Atlântica,33,29,2910404,8,,216_071,3.3,POINT(-40.85289 -15.51327)
1814853174,fffed068-1893-38c9-969a-7a9582ff466b,-40.42682,-15.74719,2026-04-20 16:18:00+00:00,2026-04-20,NPP-375,MACARANI,BAHIA,Brasil,,,,Mata Atlântica,33,29,2919702,8,,216_071,6.9,POINT(-40.42682 -15.74719)
1814852436,43f7bbd8-2142-345b-bc28-eb0b9b732016,-43.0967,-14.81829,2026-04-20 16:18:00+00:00,2026-04-20,NPP-375,ESPINOSA,MINAS GERAIS,Brasil,,,,Caatinga,33,31,3124302,8,,218_070,7.1,POINT(-43.0967 -14.81829)
1814852716,e5985190-3677-346b-ae88-d4b58713c67e,-47.92679,-19.92031,2026-04-20 16:18:00+00:00,2026-04-20,NPP-375,UBERABA,MINAS GERAIS,Brasil,,,,Cerrado,33,31,3170107,8,,220_074,5.5,POINT(-47.92679 -19.92031)
1814852449,ce085abb-44a8-356d-87c8-e3238c001d1d,-45.13239,-18.62908,2026-04-20 16:18:00+00:00,2026-04-20,NPP-375,FELIXLÂNDIA,MINAS GERAIS,Brasil,,,,Cerrado,33,31,3125705,8,,219_073,11.3,POINT(-45.13239 -18.62908)
1814852988,0da0fb80-7d5f-3cd6-9bdb-961c4d78f39a,-39.15295,-13.28257,2026-04-20 16:20:00+00:00,2026-04-20,NPP-375,VALENÇA,BAHIA,Brasil,,,,Mata Atlântica,33,29,2932903,8,,216_069,6.4,POINT(-39.15295 -13.28257)
1814853331,7e8806cd-9106-334e-a394-cb7bb7051e8a,-42.1428,-14.43961,2026-04-20 16:20:00+00:00,2026-04-20,NPP-375,RIO DO ANTÔNIO,BAHIA,Brasil,,,,Caatinga,33,29,2926806,8,,217_070,3.7,POINT(-42.1428 -14.43961)
1814853315,43c399f9-fc2d-3eb2-b702-aa210ee75a2d,-40.0342,-9.10281,2026-04-20 16:20:00+00:00,2026-04-20,NPP-375,JUAZEIRO,BAHIA,Brasil,,,,Caatinga,33,29,2918407,8,,217_066,4.2,POINT(-40.0342 -9.10281)
1814852200,982268bc-26c9-3623-89d6-c42b7b7d4602,-47.53621,-13.49873,2026-04-20 16:20:00+00:00,2026-04-20,NPP-375,CAVALCANTE,GOIÁS,Brasil,,,,Cerrado,33,52,5205307,8,,221_069,4.6,POINT(-47.53621 -13.49873)
1814853310,cc724692-1432-3eac-b0de-d34ebd782e23,-37.84344,-11.03798,2026-04-20 16:20:00+00:00,2026-04-20,NPP-375,RIACHÃO DO DANTAS,SERGIPE,Brasil,,,,Caatinga,33,28,2805802,8,,215_068,8.1,POINT(-37.84344 -11.03798)
1814852242,69f65862-2c6d-3926-816d-d7aa254c94c1,-38.97734,-13.34669,2026-04-20 16:20:00+00:00,2026-04-20,NPP-375,VALENÇA,BAHIA,Brasil,,,,Mata Atlântica,33,29,2932903,8,,216_069,3.3,POINT(-38.97734 -13.34669)
1814853274,33682b78-3d89-3d3c-8443-7fa33f960d2d,-44.7366,-11.7239,2026-04-20 16:20:00+00:00,2026-04-20,NPP-375,RIACHÃO DAS NEVES,BAHIA,Brasil,,,,Cerrado,33,29,2926202,8,,220_068,11.5,POINT(-44.7366 -11.7239)
1814853270,7975a229-07c9-392b-9708-4adb84f3a650,-44.74186,-11.7246,2026-04-20 16:20:00+00:00,2026-04-20,NPP-375,RIACHÃO DAS NEVES,BAHIA,Brasil,,,,Cerrado,33,29,2926202,8,,220_068,11.5,POINT(-44.74186 -11.7246)
1814853269,69176f40-71a4-3e26-8f7d-8ee424aad55f,-45.34711,-13.95132,2026-04-20 16:20:00+00:00,2026-04-20,NPP-375,JABORANDI,BAHIA,Brasil,,,,Cerrado,33,29,2917359,8,,220_070,7.4,POINT(-45.34711 -13.95132)
1814852303,47c290f3-4c56-324f-ab66-1ebcde3f9f55,-44.73871,-11.72646,2026-04-20 16:20:00+00:00,2026-04-20,NPP-375,RIACHÃO DAS NEVES,BAHIA,Brasil,,,,Cerrado,33,29,2926202,8,,220_068,22.2,POINT(-44.73871 -11.72646)
1814853257,f5c18d08-4d55-3aa0-aa17-24295d8532d8,-38.03946,-9.20798,2026-04-20 16:20:00+00:00,2026-04-20,NPP-375,PARICONHA,ALAGOAS,Brasil,,,,Caatinga,33,27,2706422,8,,216_066,6.0,POINT(-38.03946 -9.20798)
1814852305,bf23cd9d-3da6-3548-9022-5797d37910ed,-44.59042,-12.3302,2026-04-20 16:20:00+00:00,2026-04-20,NPP-375,BAIANÓPOLIS,BAHIA,Brasil,,,,Cerrado,33,29,2902500,8,,219_069,6.1,POINT(-44.59042 -12.3302)
1814852316,7f3a3051-03b5-3b9c-9961-706dd11ff8ad,-43.8886,-8.22933,2026-04-20 16:20:00+00:00,2026-04-20,NPP-375,MANOEL EMÍDIO,PIAUÍ,Brasil,,,,Caatinga,33,22,2205904,8,,219_066,17.5,POINT(-43.8886 -8.22933)
1814853242,cdac3d96-c23e-3162-a638-2c25df158297,-39.56918,-13.366,2026-04-20 16:20:00+00:00,2026-04-20,NPP-375,JIQUIRIÇÁ,BAHIA,Brasil,,,,Mata Atlântica,33,29,2918209,8,,216_069,4.2,POINT(-39.56918 -13.366)
1814852320,4839b312-ae91-34bf-877a-75a07d9b2122,-37.07513,-10.32188,2026-04-20 16:20:00+00:00,2026-04-20,NPP-375,AQUIDABÃ,SERGIPE,Brasil,,,,Mata Atlântica,33,28,2800209,8,,215_067,4.6,POINT(-37.07513 -10.32188)
1814852337,f75b449d-1ca2-3102-90a9-b3ad593a464c,-38.97322,-13.34948,2026-04-20 16:20:00+00:00,2026-04-20,NPP-375,VALENÇA,BAHIA,Brasil,,,,Mata Atlântica,33,29,2932903,8,,216_069,4.1,POINT(-38.97322 -13.34948)
1814853515,b2be5c00-8389-3ab6-ac40-8fbcd6fac4b6,-39.62508,-14.00671,2026-04-20 16:20:00+00:00,2026-04-20,NPP-375,IBIRATAIA,BAHIA,Brasil,,,,Mata Atlântica,33,29,2912905,8,,216_070,1.8,POINT(-39.62508 -14.00671)
1814852355,c9545d94-7f32-3816-8086-446280e993a2,-40.15254,-10.24654,2026-04-20 16:20:00+00:00,2026-04-20,NPP-375,JAGUARARI,BAHIA,Brasil,,,,Caatinga,33,29,2917706,8,,217_067,2.2,POINT(-40.15254 -10.24654)
1814853363,ad6b195e-233d-34d7-b9ce-4bd43b7717f5,-47.52674,-13.50831,2026-04-20 16:20:00+00:00,2026-04-20,NPP-375,CAVALCANTE,GOIÁS,Brasil,,,,Cerrado,33,52,5205307,8,,221_069,5.5,POINT(-47.52674 -13.50831)
1814853231,73422d6d-0920-3fab-8503-22862ddefb28,-45.34303,-13.95078,2026-04-20 16:20:00+00:00,2026-04-20,NPP-375,JABORANDI,BAHIA,Brasil,,,,Cerrado,33,29,2917359,8,,220_070,8.1,POINT(-45.34303 -13.95078)
1814853230,7afadca5-9e36-3c51-a0dd-14e02fcaf0b9,-37.60231,-11.92206,2026-04-20 16:20:00+00:00,2026-04-20,NPP-375,CONDE,BAHIA,Brasil,,,,Mata Atlântica,33,29,2908606,8,,215_068,3.9,POINT(-37.60231 -11.92206)
1814852383,3d2722fe-799d-375b-960b-26dbbfb86370,-39.30793,-13.58309,2026-04-20 16:20:00+00:00,2026-04-20,NPP-375,TAPEROÁ,BAHIA,Brasil,,,,Mata Atlântica,33,29,2931202,8,,216_069,4.6,POINT(-39.30793 -13.58309)
1814853367,9b56b1a7-2c8f-32bf-892f-f4a92cd83829,-39.31521,-13.6286,2026-04-20 16:20:00+00:00,2026-04-20,NPP-375,TAPEROÁ,BAHIA,Brasil,,,,Mata Atlântica,33,29,2931202,8,,216_069,1.8,POINT(-39.31521 -13.6286)
1814853201,8d93aade-958d-38a6-be0d-03a2576197ed,-44.19432,-12.23952,2026-04-20 16:20:00+00:00,2026-04-20,NPP-375,CRISTÓPOLIS,BAHIA,Brasil,,,,Cerrado,33,29,2909703,8,,219_068,9.6,POINT(-44.19432 -12.23952)
1814852396,6d1ac5ed-75c5-3e6a-9f54-88978c1e4a80,-37.7334,-9.49494,2026-04-20 16:20:00+00:00,2026-04-20,NPP-375,PIRANHAS,ALAGOAS,Brasil,,,,Caatinga,33,27,2707107,8,,215_067,3.5,POINT(-37.7334 -9.49494)
1814853198,7c46d858-d55b-3beb-aecb-31d69e70fc84,-37.87875,-10.89859,2026-04-20 16:20:00+00:00,2026-04-20,NPP-375,RIACHÃO DO DANTAS,SERGIPE,Brasil,,,,Caatinga,33,28,2805802,8,,215_068,2.2,POINT(-37.87875 -10.89859)
1814852411,661de5d8-4708-32ec-b876-6d502cb9281d,-40.01066,-13.38963,2026-04-20 16:20:00+00:00,2026-04-20,NPP-375,JAGUAQUARA,BAHIA,Brasil,,,,Mata Atlântica,33,29,2917607,8,,216_069,3.5,POINT(-40.01066 -13.38963)
1814852412,29ae0ef3-beea-3020-b9f0-88e8a28d0d8c,-47.51952,-14.17102,2026-04-20 16:20:00+00:00,2026-04-20,NPP-375,ALTO PARAÍSO DE GOIÁS,GOIÁS,Brasil,,,,Cerrado,33,52,5200605,8,,221_070,5.9,POINT(-47.51952 -14.17102)
1814852414,6d3976d5-c578-308a-9305-0f577588116e,-46.75115,-11.93737,2026-04-20 16:20:00+00:00,2026-04-20,NPP-375,NOVO JARDIM,TOCANTINS,Brasil,,,,Cerrado,33,17,1715259,8,,221_068,4.6,POINT(-46.75115 -11.93737)
1814853164,546a6356-5922-34db-9d24-f081ab5194f1,-37.16321,-9.73956,2026-04-20 16:20:00+00:00,2026-04-20,NPP-375,BATALHA,ALAGOAS,Brasil,,,,Caatinga,33,27,2700706,8,,215_067,2.9,POINT(-37.16321 -9.73956)
1814853158,c6df2611-2e20-3c2f-b56c-664ef2eabccb,-39.21727,-10.57913,2026-04-20 16:20:00+00:00,2026-04-20,NPP-375,MONTE SANTO,BAHIA,Brasil,,,,Caatinga,33,29,2921500,8,,216_067,10.4,POINT(-39.21727 -10.57913)
1814852458,02675004-499f-3f99-a547-e356c1464f97,-38.30943,-9.98662,2026-04-20 16:20:00+00:00,2026-04-20,NPP-375,JEREMOABO,BAHIA,Brasil,,,,Caatinga,33,29,2918100,8,,216_067,8.7,POINT(-38.30943 -9.98662)
1814852481,27107f2d-3f63-33ff-88b4-07e3697197a6,-42.2694,-13.45166,2026-04-20 16:20:00+00:00,2026-04-20,NPP-375,PARAMIRIM,BAHIA,Brasil,,,,Caatinga,33,29,2923605,8,,218_069,3.3,POINT(-42.2694 -13.45166)
1814852507,ed5d9389-5657-3a45-93da-0ad9cd3a3faf,-39.74829,-13.23176,2026-04-20 16:20:00+00:00,2026-04-20,NPP-375,UBAÍRA,BAHIA,Brasil,,,,Mata Atlântica,33,29,2932101,8,,216_069,7.6,POINT(-39.74829 -13.23176)
1814853132,5fe4cd0f-e059-348e-a8e1-759120766719,-43.85394,-14.03921,2026-04-20 16:20:00+00:00,2026-04-20,NPP-375,CARINHANHA,BAHIA,Brasil,,,,Cerrado,33,29,2907103,8,,219_070,3.8,POINT(-43.85394 -14.03921)
1814852513,17c18971-53fa-39a8-ae62-2145273ad4fc,-38.97377,-13.34614,2026-04-20 16:20:00+00:00,2026-04-20,NPP-375,VALENÇA,BAHIA,Brasil,,,,Mata Atlântica,33,29,2932903,8,,216_069,4.1,POINT(-38.97377 -13.34614)
1814852523,f041d980-dd4b-30ed-adb2-d865af95085d,-39.68275,-13.8325,2026-04-20 16:20:00+00:00,2026-04-20,NPP-375,ITAMARI,BAHIA,Brasil,,,,Mata Atlântica,33,29,2915700,8,,216_070,4.8,POINT(-39.68275 -13.8325)
1814853376,1bfa4072-f60a-3605-9f3f-1083020480af,-47.51347,-14.17029,2026-04-20 16:20:00+00:00,2026-04-20,NPP-375,ALTO PARAÍSO DE GOIÁS,GOIÁS,Brasil,,,,Cerrado,33,52,5200605,8,,221_070,6.7,POINT(-47.51347 -14.17029)
1814853501,31d06826-ae53-3e56-98ae-52695f68c547,-37.57106,-11.15617,2026-04-20 16:20:00+00:00,2026-04-20,NPP-375,BOQUIM,SERGIPE,Brasil,,,,Mata Atlântica,33,28,2800670,8,,215_068,2.4,POINT(-37.57106 -11.15617)
1814852559,8b129f08-5c74-39e5-b523-da3e6ee188a7,-37.10508,-9.24888,2026-04-20 16:20:00+00:00,2026-04-20,NPP-375,SANTANA DO IPANEMA,ALAGOAS,Brasil,,,,Caatinga,33,27,2708006,8,,215_066,15.4,POINT(-37.10508 -9.24888)
1814852560,2658ab1d-8f04-371d-8b43-ce62c3627e2a,-43.47408,-14.38574,2026-04-20 16:20:00+00:00,2026-04-20,NPP-375,IUIU,BAHIA,Brasil,,,,Cerrado,33,29,2917334,8,,218_070,7.6,POINT(-43.47408 -14.38574)
1814852565,8e324074-94f0-37b1-9d9c-b7ee7de21ee2,-37.20139,-9.70812,2026-04-20 16:20:00+00:00,2026-04-20,NPP-375,BATALHA,ALAGOAS,Brasil,,,,Caatinga,33,27,2700706,8,,215_067,10.1,POINT(-37.20139 -9.70812)
1814852571,850278e9-2fcf-3c03-bba9-b090f15bc5c3,-39.87663,-13.87892,2026-04-20 16:20:00+00:00,2026-04-20,NPP-375,JEQUIÉ,BAHIA,Brasil,,,,Mata Atlântica,33,29,2918001,8,,216_070,2.7,POINT(-39.87663 -13.87892)
1814852584,504d664b-aa02-3a2d-a11e-8c804419ce12,-42.97461,-13.5837,2026-04-20 16:20:00+00:00,2026-04-20,NPP-375,RIACHO DE SANTANA,BAHIA,Brasil,,,,Caatinga,33,29,2926400,8,,218_069,3.3,POINT(-42.97461 -13.5837)
1814852591,f9fa3a58-23d7-349d-9d88-9ab90ba803e7,-41.62899,-12.16074,2026-04-20 16:20:00+00:00,2026-04-20,NPP-375,IRAQUARA,BAHIA,Brasil,,,,Caatinga,33,29,2914406,8,,217_068,3.3,POINT(-41.62899 -12.16074)
1814852595,30f299f2-1bc1-32ba-a918-9a09ae10c21b,-39.68841,-13.62074,2026-04-20 16:20:00+00:00,2026-04-20,NPP-375,WENCESLAU GUIMARÃES,BAHIA,Brasil,,,,Mata Atlântica,33,29,2933505,8,,216_069,3.5,POINT(-39.68841 -13.62074)
1814853093,9aa64ccd-c5ac-34fa-9f85-0694bb15fa46,-44.82572,-13.98043,2026-04-20 16:20:00+00:00,2026-04-20,NPP-375,COCOS,BAHIA,Brasil,,,,Cerrado,33,29,2908101,8,,219_070,39.8,POINT(-44.82572 -13.98043)
1814853395,1f0f5616-5e83-3297-a88c-d3872e8ad3f6,-39.87717,-13.87558,2026-04-20 16:20:00+00:00,2026-04-20,NPP-375,JEQUIÉ,BAHIA,Brasil,,,,Mata Atlântica,33,29,2918001,8,,216_070,2.7,POINT(-39.87717 -13.87558)
1814853070,f2b37120-c8b4-39f4-bd46-23638d56d07d,-39.64331,-13.44899,2026-04-20 16:20:00+00:00,2026-04-20,NPP-375,JIQUIRIÇÁ,BAHIA,Brasil,,,,Mata Atlântica,33,29,2918209,8,,216_069,3.6,POINT(-39.64331 -13.44899)
1814852646,d41aeb34-77b5-3236-ba0b-cc930a4db0c7,-43.73098,-12.23726,2026-04-20 16:20:00+00:00,2026-04-20,NPP-375,MUQUÉM DO SÃO FRANCISCO,BAHIA,Brasil,,,,Cerrado,33,29,2922250,8,,219_068,2.3,POINT(-43.73098 -12.23726)
1814852651,9d4d99a3-91f8-362e-afd5-97b30c9f670f,-38.97902,-10.57049,2026-04-20 16:20:00+00:00,2026-04-20,NPP-375,EUCLIDES DA CUNHA,BAHIA,Brasil,,,,Caatinga,33,29,2910701,8,,216_067,2.5,POINT(-38.97902 -10.57049)
1814852657,5c74e1d3-52af-361e-a68b-b17e1040f175,-43.8534,-14.04311,2026-04-20 16:20:00+00:00,2026-04-20,NPP-375,CARINHANHA,BAHIA,Brasil,,,,Cerrado,33,29,2907103,8,,219_070,5.4,POINT(-43.8534 -14.04311)
1814853466,324e0678-e3ba-3b50-ada7-333cc426c170,-45.34402,-13.94915,2026-04-20 16:20:00+00:00,2026-04-20,NPP-375,JABORANDI,BAHIA,Brasil,,,,Cerrado,33,29,2917359,8,,220_070,5.5,POINT(-45.34402 -13.94915)
1814852681,136ac030-1f04-345a-9522-793f5634c3e5,-38.29123,-10.2621,2026-04-20 16:20:00+00:00,2026-04-20,NPP-375,SÍTIO DO QUINTO,BAHIA,Brasil,,,,Caatinga,33,29,2930766,8,,216_067,3.5,POINT(-38.29123 -10.2621)
1814853056,caa3ff11-4d4a-377b-97c0-821fc529d6bc,-37.22104,-9.78256,2026-04-20 16:20:00+00:00,2026-04-20,NPP-375,BELO MONTE,ALAGOAS,Brasil,,,,Caatinga,33,27,2700904,8,,215_067,2.5,POINT(-37.22104 -9.78256)
1814852690,2036fcce-935b-34fd-8625-05fea08b1fc6,-44.74397,-11.72719,2026-04-20 16:20:00+00:00,2026-04-20,NPP-375,RIACHÃO DAS NEVES,BAHIA,Brasil,,,,Cerrado,33,29,2926202,8,,220_068,5.3,POINT(-44.74397 -11.72719)
1814852705,bc37c985-014b-3d21-930f-75fe9363c106,-43.72895,-12.23669,2026-04-20 16:20:00+00:00,2026-04-20,NPP-375,MUQUÉM DO SÃO FRANCISCO,BAHIA,Brasil,,,,Cerrado,33,29,2922250,8,,219_068,3.9,POINT(-43.72895 -12.23669)
1814853411,5f5a414b-df9c-34c3-8a2e-e42b834358e4,-41.39122,-13.81759,2026-04-20 16:20:00+00:00,2026-04-20,NPP-375,ITUAÇU,BAHIA,Brasil,,,,Caatinga,33,29,2917201,8,,217_070,4.1,POINT(-41.39122 -13.81759)
1814853035,ab984b37-0ca0-3a55-b0c2-e888f2792108,-39.56865,-13.36933,2026-04-20 16:20:00+00:00,2026-04-20,NPP-375,JIQUIRIÇÁ,BAHIA,Brasil,,,,Mata Atlântica,33,29,2918209,8,,216_069,2.2,POINT(-39.56865 -13.36933)
1814852728,1e11eb09-b9f7-3d29-8af9-cce4f61e2673,-40.78419,-12.08138,2026-04-20 16:20:00+00:00,2026-04-20,NPP-375,MUNDO NOVO,BAHIA,Brasil,,,,Caatinga,33,29,2922102,8,,217_068,2.8,POINT(-40.78419 -12.08138)
1814852744,bfb105c8-647f-384d-9d01-fe940d986c90,-41.26838,-11.93049,2026-04-20 16:20:00+00:00,2026-04-20,NPP-375,BONITO,BAHIA,Brasil,,,,Caatinga,33,29,2904050,8,,217_068,6.0,POINT(-41.26838 -11.93049)
1814852747,646e206e-3358-33fd-8362-97dc368a5456,-47.5396,-13.49983,2026-04-20 16:20:00+00:00,2026-04-20,NPP-375,CAVALCANTE,GOIÁS,Brasil,,,,Cerrado,33,52,5205307,8,,221_069,5.9,POINT(-47.5396 -13.49983)
1814852748,00177f73-7b3b-3355-b28b-5d481ecf244f,-39.32751,-12.6675,2026-04-20 16:20:00+00:00,2026-04-20,NPP-375,CASTRO ALVES,BAHIA,Brasil,,,,Mata Atlântica,33,29,2907301,8,,216_069,13.3,POINT(-39.32751 -12.6675)
1814853025,1299d693-3974-39cf-8a8f-f7a33b9bcb0d,-38.44097,-9.89196,2026-04-20 16:20:00+00:00,2026-04-20,NPP-375,JEREMOABO,BAHIA,Brasil,,,,Caatinga,33,29,2918100,8,,216_067,3.3,POINT(-38.44097 -9.89196)
1814852765,7338fa9e-33c5-392b-b2eb-a166bbff629c,-36.9052,-9.32851,2026-04-20 16:20:00+00:00,2026-04-20,NPP-375,MINADOR DO NEGRÃO,ALAGOAS,Brasil,,,,Caatinga,33,27,2705309,8,,215_066,8.1,POINT(-36.9052 -9.32851)
1814852801,6523efff-c62b-314c-afae-8fc814a592b9,-46.44981,-14.89286,2026-04-20 16:20:00+00:00,2026-04-20,NPP-375,FORMOSO,MINAS GERAIS,Brasil,,,,Cerrado,33,31,3126208,8,,220_070,6.7,POINT(-46.44981 -14.89286)
1814852815,2e2a81b6-165a-334a-954c-795abf6d47c7,-37.7336,-9.49374,2026-04-20 16:20:00+00:00,2026-04-20,NPP-375,PIRANHAS,ALAGOAS,Brasil,,,,Caatinga,33,27,2707107,8,,215_067,3.8,POINT(-37.7336 -9.49374)
1814852822,9b28891d-c472-35f9-b82e-f5b569575916,-43.47947,-14.38256,2026-04-20 16:20:00+00:00,2026-04-20,NPP-375,IUIU,BAHIA,Brasil,,,,Cerrado,33,29,2917334,8,,218_070,9.4,POINT(-43.47947 -14.38256)
1814852840,25af0e1b-78f4-38ef-bd4a-23b778ce4096,-39.32804,-12.66417,2026-04-20 16:20:00+00:00,2026-04-20,NPP-375,CASTRO ALVES,BAHIA,Brasil,,,,Mata Atlântica,33,29,2907301,8,,216_069,13.3,POINT(-39.32804 -12.66417)
1814852846,21fc40ac-d292-3e91-8a02-98808bf0396c,-38.0671,-9.90883,2026-04-20 16:20:00+00:00,2026-04-20,NPP-375,PEDRO ALEXANDRE,BAHIA,Brasil,,,,Caatinga,33,29,2924207,8,,215_067,3.4,POINT(-38.0671 -9.90883)
1814853342,dcf066e7-eb18-34c0-bdce-764760c526df,-46.66362,-15.07906,2026-04-20 16:20:00+00:00,2026-04-20,NPP-375,BURITIS,MINAS GERAIS,Brasil,,,,Cerrado,33,31,3109303,8,,220_070,3.1,POINT(-46.66362 -15.07906)
1814852856,bcfa68f3-2a73-3e7d-95bd-4532eced64e7,-38.97626,-13.35337,2026-04-20 16:20:00+00:00,2026-04-20,NPP-375,VALENÇA,BAHIA,Brasil,,,,Mata Atlântica,33,29,2932903,8,,216_069,2.7,POINT(-38.97626 -13.35337)
1814852857,d0ecc372-a6bd-33f3-bb52-f9cda69adaab,-38.9768,-13.35003,2026-04-20 16:20:00+00:00,2026-04-20,NPP-375,VALENÇA,BAHIA,Brasil,,,,Mata Atlântica,33,29,2932903,8,,216_069,3.3,POINT(-38.9768 -13.35003)
1814852859,c8cebaec-08a5-3eb1-a78e-b69948dfb38c,-41.23019,-13.80104,2026-04-20 16:20:00+00:00,2026-04-20,NPP-375,ITUAÇU,BAHIA,Brasil,,,,Caatinga,33,29,2917201,8,,217_070,2.5,POINT(-41.23019 -13.80104)
1814852863,870bc6a4-4481-39dc-be6a-09ba7a80b484,-39.66467,-13.5864,2026-04-20 16:20:00+00:00,2026-04-20,NPP-375,WENCESLAU GUIMARÃES,BAHIA,Brasil,,,,Mata Atlântica,33,29,2933505,8,,216_069,1.6,POINT(-39.66467 -13.5864)
1814853437,efdb7446-76b8-3c64-a08a-59132bc1aa6e,-42.33963,-14.36312,2026-04-20 16:20:00+00:00,2026-04-20,NPP-375,IBIASSUCÊ,BAHIA,Brasil,,,,Caatinga,33,29,2912004,8,,218_070,5.0,POINT(-42.33963 -14.36312)
1814852879,4d33a07a-d9e5-318e-806b-2634e50f4b9f,-47.54612,-13.49559,2026-04-20 16:20:00+00:00,2026-04-20,NPP-375,CAVALCANTE,GOIÁS,Brasil,,,,Cerrado,33,52,5205307,8,,221_069,3.2,POINT(-47.54612 -13.49559)
1814853440,31728677-3047-3b9e-bec7-e4c1caac5fde,-39.68221,-13.83584,2026-04-20 16:20:00+00:00,2026-04-20,NPP-375,ITAMARI,BAHIA,Brasil,,,,Mata Atlântica,33,29,2915700,8,,216_070,4.8,POINT(-39.68221 -13.83584)
1814852885,674406fd-9e6e-36cf-9f56-935680792392,-39.42641,-10.46202,2026-04-20 16:20:00+00:00,2026-04-20,NPP-375,MONTE SANTO,BAHIA,Brasil,,,,Caatinga,33,29,2921500,8,,216_067,8.6,POINT(-39.42641 -10.46202)
1814852969,752a9f08-e5d9-3873-bd9b-e633c30d327a,-45.34345,-13.95344,2026-04-20 16:20:00+00:00,2026-04-20,NPP-375,JABORANDI,BAHIA,Brasil,,,,Cerrado,33,29,2917359,8,,220_070,5.5,POINT(-45.34345 -13.95344)
1814852903,9ab89514-e5cc-3193-a51d-2e9ccc0e212b,-40.77065,-11.42429,2026-04-20 16:20:00+00:00,2026-04-20,NPP-375,MIGUEL CALMON,BAHIA,Brasil,,,,Caatinga,33,29,2921203,8,,217_068,6.3,POINT(-40.77065 -11.42429)
1814852941,11ea122d-5042-3434-b898-d57689dc03ac,-39.68535,-13.21535,2026-04-20 16:20:00+00:00,2026-04-20,NPP-375,UBAÍRA,BAHIA,Brasil,,,,Mata Atlântica,33,29,2932101,8,,216_069,7.5,POINT(-39.68535 -13.21535)
1814852921,5a5e06c1-6045-32ae-81bd-2cf143266772,-36.8179,-10.1908,2026-04-20 16:20:00+00:00,2026-04-20,NPP-375,PORTO REAL DO COLÉGIO,ALAGOAS,Brasil,,,,Mata Atlântica,33,27,2707503,8,,215_067,1.9,POINT(-36.8179 -10.1908)
1814852928,9d03dd2c-c620-3aa9-bc4f-6f206feeb473,-44.74131,-11.7286,2026-04-20 16:20:00+00:00,2026-04-20,NPP-375,RIACHÃO DAS NEVES,BAHIA,Brasil,,,,Cerrado,33,29,2926202,8,,220_068,7.1,POINT(-44.74131 -11.7286)
1814853177,233ad10c-7b3f-3333-885f-d2b6bf0ae14a,-44.57517,-22.05803,2026-04-20 16:35:00+00:00,2026-04-20,NOAA-20,AIURUOCA,MINAS GERAIS,Brasil,,,,Mata Atlântica,33,31,3101201,8,,218_075,2.0,POINT(-44.57517 -22.05803)
1814852419,bf06aa66-d37d-3ca9-9144-501d8bd229a1,-51.2123,-27.63089,2026-04-20 16:35:00+00:00,2026-04-20,NOAA-20,CELSO RAMOS,SANTA CATARINA,Brasil,,,,Mata Atlântica,33,42,4204152,8,,221_079,4.8,POINT(-51.2123 -27.63089)
1814852920,444fdc5c-0a1e-3d94-9a61-27f6029516dd,-45.22628,-23.55542,2026-04-20 16:35:00+00:00,2026-04-20,NOAA-20,UBATUBA,SÃO PAULO,Brasil,,,,Mata Atlântica,33,35,3555406,8,,218_076,3.9,POINT(-45.22628 -23.55542)
1814852402,f55b8c1c-a445-3520-b525-5f4ae740989e,-48.95916,-24.37704,2026-04-20 16:35:00+00:00,2026-04-20,NOAA-20,APIAÍ,SÃO PAULO,Brasil,,,,Mata Atlântica,33,35,3502705,8,,220_077,2.6,POINT(-48.95916 -24.37704)
1814852238,11ea093e-1f25-34a6-8cb8-34ad902f53b8,-49.15444,-22.86924,2026-04-20 16:35:00+00:00,2026-04-20,NOAA-20,IARAS,SÃO PAULO,Brasil,,,,Cerrado,33,35,3519253,8,,221_076,2.3,POINT(-49.15444 -22.86924)
1814853026,d41f9d39-33b0-3ef2-a42f-3b96ab3f1590,-49.7783,-28.79304,2026-04-20 16:35:00+00:00,2026-04-20,NOAA-20,TIMBÉ DO SUL,SANTA CATARINA,Brasil,,,,Mata Atlântica,33,42,4218103,8,,220_080,2.8,POINT(-49.7783 -28.79304)
1814852181,c3cb0628-77bd-32c2-b205-e0ca285b8856,-51.24997,-28.53245,2026-04-20 16:35:00+00:00,2026-04-20,NOAA-20,MUITOS CAPÕES,RIO GRANDE DO SUL,Brasil,,,,Mata Atlântica,33,43,4312617,8,,221_080,11.6,POINT(-51.24997 -28.53245)
1814852237,4b58c309-0215-3830-ae5f-20fe71cf67f8,-44.31476,-20.92142,2026-04-20 16:35:00+00:00,2026-04-20,NOAA-20,RITÁPOLIS,MINAS GERAIS,Brasil,,,,Mata Atlântica,33,31,3156106,8,,218_074,12.2,POINT(-44.31476 -20.92142)
1814852400,0adf047e-7f98-30fb-a449-a6ae14aa5394,-50.80011,-28.88772,2026-04-20 16:35:00+00:00,2026-04-20,NOAA-20,SÃO FRANCISCO DE PAULA,RIO GRANDE DO SUL,Brasil,,,,Mata Atlântica,33,43,4318200,8,,221_080,11.2,POINT(-50.80011 -28.88772)
1814853220,b7ce208f-882b-3044-9103-e5f6d79cc68d,-50.90935,-25.04404,2026-04-20 16:35:00+00:00,2026-04-20,NOAA-20,IVAÍ,PARANÁ,Brasil,,,,Mata Atlântica,33,41,4111407,8,,222_077,8.4,POINT(-50.90935 -25.04404)
1814852188,7d0b94b9-0648-3e39-b547-1eee39eddc1d,-49.43902,-27.73497,2026-04-20 16:35:00+00:00,2026-04-20,NOAA-20,ALFREDO WAGNER,SANTA CATARINA,Brasil,,,,Mata Atlântica,33,42,4200705,8,,220_079,12.3,POINT(-49.43902 -27.73497)
1814852236,9abaac1b-976d-36d6-8fb5-8ee5ea41eede,-49.11279,-28.07532,2026-04-20 16:35:00+00:00,2026-04-20,NOAA-20,RIO FORTUNA,SANTA CATARINA,Brasil,,,,Mata Atlântica,33,42,4214904,8,,220_079,3.9,POINT(-49.11279 -28.07532)
1814852382,d6325a43-5d01-32da-9ac2-37b9ac68e449,-49.20939,-24.72251,2026-04-20 16:35:00+00:00,2026-04-20,NOAA-20,CERRO AZUL,PARANÁ,Brasil,,,,Mata Atlântica,33,41,4105201,8,,220_077,43.6,POINT(-49.20939 -24.72251)
1814853412,6e827528-e7c8-3022-81bf-f8adbcd5b418,-49.60691,-28.86835,2026-04-20 16:35:00+00:00,2026-04-20,NOAA-20,MELEIRO,SANTA CATARINA,Brasil,,,,Mata Atlântica,33,42,4210803,8,,220_080,2.8,POINT(-49.60691 -28.86835)
1814853019,093e3e28-c1cf-3b66-b08e-e485408dd8e2,-48.22501,-22.04468,2026-04-20 16:35:00+00:00,2026-04-20,NOAA-20,RIBEIRÃO BONITO,SÃO PAULO,Brasil,,,,Cerrado,33,35,3542909,8,,220_075,11.2,POINT(-48.22501 -22.04468)
1814852778,640c6302-4dec-3807-b424-76f59aa056c1,-51.25325,-28.53273,2026-04-20 16:35:00+00:00,2026-04-20,NOAA-20,MUITOS CAPÕES,RIO GRANDE DO SUL,Brasil,,,,Mata Atlântica,33,43,4312617,8,,221_080,5.3,POINT(-51.25325 -28.53273)
1814852364,805f4f8d-a200-3f4f-91df-9ed15490ea07,-50.80648,-28.88826,2026-04-20 16:35:00+00:00,2026-04-20,NOAA-20,SÃO FRANCISCO DE PAULA,RIO GRANDE DO SUL,Brasil,,,,Mata Atlântica,33,43,4318200,8,,221_080,15.7,POINT(-50.80648 -28.88826)
1814852362,731bdc0b-933c-3f3b-926e-c5b96f945efc,-47.60296,-22.85361,2026-04-20 16:35:00+00:00,2026-04-20,NOAA-20,RIO DAS PEDRAS,SÃO PAULO,Brasil,,,,Mata Atlântica,33,35,3544004,8,,220_076,13.0,POINT(-47.60296 -22.85361)
1814852794,2c8752f6-191f-3005-80d6-6e55b81f419d,-52.69708,-22.9694,2026-04-20 16:35:00+00:00,2026-04-20,NOAA-20,GUAIRAÇÁ,PARANÁ,Brasil,,,,Mata Atlântica,33,41,4108908,8,,223_076,4.5,POINT(-52.69708 -22.9694)
1814852361,a8176283-55c3-3fb6-8ed0-24989acd9232,-49.49688,-27.40289,2026-04-20 16:35:00+00:00,2026-04-20,NOAA-20,ITUPORANGA,SANTA CATARINA,Brasil,,,,Mata Atlântica,33,42,4208500,8,,220_079,2.7,POINT(-49.49688 -27.40289)
1814853298,ce9aa21d-0b59-3012-b9c6-ddffc9fa5e69,-48.88231,-27.41357,2026-04-20 16:35:00+00:00,2026-04-20,NOAA-20,SÃO JOÃO BATISTA,SANTA CATARINA,Brasil,,,,Mata Atlântica,33,42,4216305,8,,220_079,18.5,POINT(-48.88231 -27.41357)
1814852802,c6c2f1d8-d953-3312-a95c-594079c809f8,-49.44458,-27.731,2026-04-20 16:35:00+00:00,2026-04-20,NOAA-20,ALFREDO WAGNER,SANTA CATARINA,Brasil,,,,Mata Atlântica,33,42,4200705,8,,220_079,12.3,POINT(-49.44458 -27.731)
1814852359,927e75ef-513e-34c7-a24a-e7a91b3223dd,-46.90218,-21.15154,2026-04-20 16:35:00+00:00,2026-04-20,NOAA-20,MONTE SANTO DE MINAS,MINAS GERAIS,Brasil,,,,Cerrado,33,31,3143203,8,,220_075,2.2,POINT(-46.90218 -21.15154)
1814853447,8dfdc20e-72e2-3c8a-be22-69549baa1c16,-51.21322,-27.63077,2026-04-20 16:35:00+00:00,2026-04-20,NOAA-20,CELSO RAMOS,SANTA CATARINA,Brasil,,,,Mata Atlântica,33,42,4204152,8,,221_079,6.6,POINT(-51.21322 -27.63077)
1814852353,a52f9cd6-3bb3-3800-afa2-0d04002ca9cb,-50.64012,-29.39936,2026-04-20 16:35:00+00:00,2026-04-20,NOAA-20,SÃO FRANCISCO DE PAULA,RIO GRANDE DO SUL,Brasil,,,,Mata Atlântica,33,43,4318200,8,,221_080,6.7,POINT(-50.64012 -29.39936)
1814852349,68e1cd6c-901b-3126-8862-686e83be1b0d,-49.22607,-28.25132,2026-04-20 16:35:00+00:00,2026-04-20,NOAA-20,BRAÇO DO NORTE,SANTA CATARINA,Brasil,,,,Mata Atlântica,33,42,4202800,8,,220_080,3.3,POINT(-49.22607 -28.25132)
1814852326,1d0c23fe-7cc0-308b-b0bb-abbb2aca01c7,-48.52367,-24.44575,2026-04-20 16:35:00+00:00,2026-04-20,NOAA-20,IPORANGA,SÃO PAULO,Brasil,,,,Mata Atlântica,33,35,3521200,8,,220_077,6.4,POINT(-48.52367 -24.44575)
1814852895,4d32e522-9520-3d34-888b-25afe2170b4a,-49.44921,-27.73147,2026-04-20 16:35:00+00:00,2026-04-20,NOAA-20,ALFREDO WAGNER,SANTA CATARINA,Brasil,,,,Mata Atlântica,33,42,4200705,8,,220_079,5.8,POINT(-49.44921 -27.73147)
1814853240,817b78de-a883-3fb1-85d8-1ceca2880cae,-50.38233,-21.35356,2026-04-20 16:35:00+00:00,2026-04-20,NOAA-20,BIRIGUI,SÃO PAULO,Brasil,,,,Mata Atlântica,33,35,3506508,8,,222_075,3.9,POINT(-50.38233 -21.35356)
1814852302,2bf47978-a088-3c9d-a6f2-c3af07625b1c,-44.91594,-23.04418,2026-04-20 16:35:00+00:00,2026-04-20,NOAA-20,CUNHA,SÃO PAULO,Brasil,,,,Mata Atlântica,33,35,3513603,8,,218_076,4.6,POINT(-44.91594 -23.04418)
1814852299,8ce2f69c-8d08-3830-9d4c-759aaba8a96a,-49.99944,-27.4807,2026-04-20 16:35:00+00:00,2026-04-20,NOAA-20,OTACÍLIO COSTA,SANTA CATARINA,Brasil,,,,Mata Atlântica,33,42,4211751,8,,221_079,8.2,POINT(-49.99944 -27.4807)
1814853311,82227fd1-8638-3abd-af7b-61dff15c160f,-50.80765,-28.88706,2026-04-20 16:35:00+00:00,2026-04-20,NOAA-20,SÃO FRANCISCO DE PAULA,RIO GRANDE DO SUL,Brasil,,,,Mata Atlântica,33,43,4318200,8,,221_080,11.7,POINT(-50.80765 -28.88706)
1814852266,eacc3d6a-966a-3bdd-98b6-f8cbb531478a,-49.52975,-28.85139,2026-04-20 16:35:00+00:00,2026-04-20,NOAA-20,MELEIRO,SANTA CATARINA,Brasil,,,,Mata Atlântica,33,42,4210803,8,,220_080,3.1,POINT(-49.52975 -28.85139)
1814852259,6b703c51-ff7f-34cb-9275-882f71c4fae1,-49.79866,-22.54058,2026-04-20 16:35:00+00:00,2026-04-20,NOAA-20,SÃO PEDRO DO TURVO,SÃO PAULO,Brasil,,,,Cerrado,33,35,3550506,8,,221_076,6.0,POINT(-49.79866 -22.54058)
1814852999,20670747-cdea-3e52-9318-6558c1fdf4c5,-51.73077,-29.39714,2026-04-20 16:35:00+00:00,2026-04-20,NOAA-20,WESTFÁLIA,RIO GRANDE DO SUL,Brasil,,,,Mata Atlântica,33,43,4323770,8,,221_080,2.2,POINT(-51.73077 -29.39714)
1814852829,291719a7-781c-36ce-ad3d-b1a840a5d1e0,-48.88329,-27.41577,2026-04-20 16:35:00+00:00,2026-04-20,NOAA-20,SÃO JOÃO BATISTA,SANTA CATARINA,Brasil,,,,Mata Atlântica,33,42,4216305,8,,220_079,34.6,POINT(-48.88329 -27.41577)
1814853426,d5fb4332-cbad-3e6b-85d6-329843f86547,-49.60559,-28.8682,2026-04-20 16:35:00+00:00,2026-04-20,NOAA-20,MELEIRO,SANTA CATARINA,Brasil,,,,Mata Atlântica,33,42,4210803,8,,220_080,3.6,POINT(-49.60559 -28.8682)
1814853429,7537a36b-b692-350a-b9d3-7457af188a52,-40.23386,-20.12363,2026-04-20 16:35:00+00:00,2026-04-20,NOAA-20,SERRA,ESPÍRITO SANTO,Brasil,,,,Mata Atlântica,33,32,3205002,8,,215_074,3.4,POINT(-40.23386 -20.12363)
1814852926,d262dbc6-d821-3e2a-a8f0-4ebeaa4c4d49,-49.20384,-24.72618,2026-04-20 16:35:00+00:00,2026-04-20,NOAA-20,CERRO AZUL,PARANÁ,Brasil,,,,Mata Atlântica,33,41,4105201,8,,220_077,24.2,POINT(-49.20384 -24.72618)
1814852602,e1028c7f-c75f-39be-948b-550b3bfad5cd,-49.20459,-24.72197,2026-04-20 16:35:00+00:00,2026-04-20,NOAA-20,CERRO AZUL,PARANÁ,Brasil,,,,Mata Atlântica,33,41,4105201,8,,220_077,24.2,POINT(-49.20459 -24.72197)
1814852592,1a87d143-d960-3787-8bb1-427b8dd61b81,-44.04341,-21.58923,2026-04-20 16:35:00+00:00,2026-04-20,NOAA-20,SANTA RITA DE IBITIPOCA,MINAS GERAIS,Brasil,,,,Mata Atlântica,33,31,3159407,8,,218_075,3.3,POINT(-44.04341 -21.58923)
1814852588,1c89fb78-bac1-3011-b80a-ed8cc2638803,-43.07712,-22.48903,2026-04-20 16:35:00+00:00,2026-04-20,NOAA-20,MAGÉ,RIO DE JANEIRO,Brasil,,,,Mata Atlântica,33,33,3302502,8,,217_076,6.8,POINT(-43.07712 -22.48903)
1814852636,42e8d7c1-d5ad-3d14-8ecb-42c33d4e1f51,-47.59148,-22.86361,2026-04-20 16:35:00+00:00,2026-04-20,NOAA-20,RIO DAS PEDRAS,SÃO PAULO,Brasil,,,,Mata Atlântica,33,35,3544004,8,,220_076,3.4,POINT(-47.59148 -22.86361)
1814853359,a3b0a8b2-6cd9-3939-b0e9-a732bb5c345e,-44.44732,-20.87701,2026-04-20 16:35:00+00:00,2026-04-20,NOAA-20,SÃO TIAGO,MINAS GERAIS,Brasil,,,,Mata Atlântica,33,31,3165008,8,,218_074,2.3,POINT(-44.44732 -20.87701)
1814853124,2b6efdb1-1821-3b2b-9a22-3c430506531f,-49.20855,-24.72671,2026-04-20 16:35:00+00:00,2026-04-20,NOAA-20,CERRO AZUL,PARANÁ,Brasil,,,,Mata Atlântica,33,41,4105201,8,,220_077,43.6,POINT(-49.20855 -24.72671)
1814852904,6f08c379-6578-3157-bb18-9453d427ca40,-50.213,-27.93209,2026-04-20 16:35:00+00:00,2026-04-20,NOAA-20,LAGES,SANTA CATARINA,Brasil,,,,Mata Atlântica,33,42,4209300,8,,221_079,20.8,POINT(-50.213 -27.93209)
1814853129,ef25e560-6c07-3101-b0e9-64947635bc03,-43.34084,-21.79016,2026-04-20 16:35:00+00:00,2026-04-20,NOAA-20,JUIZ DE FORA,MINAS GERAIS,Brasil,,,,Mata Atlântica,33,31,3136702,8,,217_075,2.3,POINT(-43.34084 -21.79016)
1814852202,09e39184-4ec4-3368-b593-74aaf7c077a1,-47.59751,-22.85674,2026-04-20 16:35:00+00:00,2026-04-20,NOAA-20,RIO DAS PEDRAS,SÃO PAULO,Brasil,,,,Mata Atlântica,33,35,3544004,8,,220_076,3.9,POINT(-47.59751 -22.85674)
1814852521,f3cf48b3-f8bd-3b70-b64a-6ff706d8cfef,-50.56537,-27.4969,2026-04-20 16:35:00+00:00,2026-04-20,NOAA-20,CURITIBANOS,SANTA CATARINA,Brasil,,,,Mata Atlântica,33,42,4204806,8,,221_079,12.1,POINT(-50.56537 -27.4969)
1814852650,580fda78-8f1b-3c79-8f46-e5c84297b44b,-51.16967,-29.4533,2026-04-20 16:35:00+00:00,2026-04-20,NOAA-20,PICADA CAFÉ,RIO GRANDE DO SUL,Brasil,,,,Mata Atlântica,33,43,4314423,8,,221_080,18.0,POINT(-51.16967 -29.4533)
1814852249,4b238197-ca3e-3c14-a5cc-c9c4dc00d46f,-49.99889,-27.48531,2026-04-20 16:35:00+00:00,2026-04-20,NOAA-20,OTACÍLIO COSTA,SANTA CATARINA,Brasil,,,,Mata Atlântica,33,42,4211751,8,,221_079,8.7,POINT(-49.99889 -27.48531)
1814853066,69d5f506-6a82-3778-a95b-7113005951cd,-51.58891,-29.53921,2026-04-20 16:35:00+00:00,2026-04-20,NOAA-20,BROCHIER,RIO GRANDE DO SUL,Brasil,,,,Mata Atlântica,33,43,4302659,8,,221_081,2.1,POINT(-51.58891 -29.53921)
1814852656,4143f3d1-98c1-3ce1-a509-1c7d15a0ae28,-51.25032,-28.52738,2026-04-20 16:35:00+00:00,2026-04-20,NOAA-20,MUITOS CAPÕES,RIO GRANDE DO SUL,Brasil,,,,Mata Atlântica,33,43,4312617,8,,221_080,11.6,POINT(-51.25032 -28.52738)
1814852963,35961932-f59e-3920-a438-adedefa6dafa,-51.17229,-22.23764,2026-04-20 16:35:00+00:00,2026-04-20,NOAA-20,MARTINÓPOLIS,SÃO PAULO,Brasil,,,,Cerrado,33,35,3529203,8,,222_075,18.9,POINT(-51.17229 -22.23764)
1814853062,60d5b6e0-6899-3530-b97a-001655449497,-49.11379,-28.07504,2026-04-20 16:35:00+00:00,2026-04-20,NOAA-20,RIO FORTUNA,SANTA CATARINA,Brasil,,,,Mata Atlântica,33,42,4214904,8,,220_079,2.2,POINT(-49.11379 -28.07504)
1814852508,40b6677b-a03a-3ad3-89d5-ec16f57df810,-49.19449,-24.23665,2026-04-20 16:35:00+00:00,2026-04-20,NOAA-20,ITARARÉ,SÃO PAULO,Brasil,,,,Cerrado,33,35,3523206,8,,221_077,6.2,POINT(-49.19449 -24.23665)
1814853133,9e0faa91-1905-3d22-a392-f1aea6f88fc5,-47.48136,-21.87889,2026-04-20 16:35:00+00:00,2026-04-20,NOAA-20,PORTO FERREIRA,SÃO PAULO,Brasil,,,,Mata Atlântica,33,35,3540705,8,,220_075,4.6,POINT(-47.48136 -21.87889)
1814853144,1ab20ed0-992e-3405-b298-e15653e026a8,-49.5303,-28.84683,2026-04-20 16:35:00+00:00,2026-04-20,NOAA-20,MELEIRO,SANTA CATARINA,Brasil,,,,Mata Atlântica,33,42,4210803,8,,220_080,5.7,POINT(-49.5303 -28.84683)
1814852199,807d4546-b3e1-3811-a985-26614f002bab,-51.17267,-29.45354,2026-04-20 16:35:00+00:00,2026-04-20,NOAA-20,LINHA NOVA,RIO GRANDE DO SUL,Brasil,,,,Mata Atlântica,33,43,4311643,8,,221_080,34.9,POINT(-51.17267 -29.45354)
1814852490,09a66820-c31d-3800-8460-5d1f52bd4338,-49.79816,-22.54486,2026-04-20 16:35:00+00:00,2026-04-20,NOAA-20,SÃO PEDRO DO TURVO,SÃO PAULO,Brasil,,,,Cerrado,33,35,3550506,8,,221_076,6.0,POINT(-49.79816 -22.54486)
1814852953,f7f64a95-5290-3184-a3f4-8d5d6a433111,-49.44365,-27.73544,2026-04-20 16:35:00+00:00,2026-04-20,NOAA-20,ALFREDO WAGNER,SANTA CATARINA,Brasil,,,,Mata Atlântica,33,42,4200705,8,,220_079,12.3,POINT(-49.44365 -27.73544)
1814852686,8efeda90-bdbb-3672-8fa9-634f0909f8b7,-50.21219,-27.54637,2026-04-20 16:35:00+00:00,2026-04-20,NOAA-20,PALMEIRA,SANTA CATARINA,Brasil,,,,Mata Atlântica,33,42,4212056,8,,221_079,1.5,POINT(-50.21219 -27.54637)
1814852914,22babfad-01b5-3a74-9f86-86df028525e6,-49.17958,-28.62507,2026-04-20 16:35:00+00:00,2026-04-20,NOAA-20,TREZE DE MAIO,SANTA CATARINA,Brasil,,,,Mata Atlântica,33,42,4218400,8,,220_080,5.4,POINT(-49.17958 -28.62507)
1814852927,e520410b-ee47-36ae-8c91-bbe16e45f184,-49.18105,-28.62836,2026-04-20 16:35:00+00:00,2026-04-20,NOAA-20,TREZE DE MAIO,SANTA CATARINA,Brasil,,,,Mata Atlântica,33,42,4218400,8,,220_080,9.7,POINT(-49.18105 -28.62836)
1814852692,a25e8c53-9ec3-31fc-b30b-c8d14e0d8cae,-49.40168,-28.55681,2026-04-20 16:35:00+00:00,2026-04-20,NOAA-20,SIDERÓPOLIS,SANTA CATARINA,Brasil,,,,Mata Atlântica,33,42,4217600,8,,220_080,2.9,POINT(-49.40168 -28.55681)
1814852488,fda11ec0-086e-3924-bad3-3043bbd383aa,-50.80134,-28.88647,2026-04-20 16:35:00+00:00,2026-04-20,NOAA-20,SÃO FRANCISCO DE PAULA,RIO GRANDE DO SUL,Brasil,,,,Mata Atlântica,33,43,4318200,8,,221_080,11.7,POINT(-50.80134 -28.88647)
1814852696,983b7a56-535d-39b3-827d-a9c17d740847,-47.5953,-22.85699,2026-04-20 16:35:00+00:00,2026-04-20,NOAA-20,RIO DAS PEDRAS,SÃO PAULO,Brasil,,,,Mata Atlântica,33,35,3544004,8,,220_076,2.7,POINT(-47.5953 -22.85699)
1814853289,c9263c3f-4246-3344-939b-b04537eac22a,-51.25356,-28.52766,2026-04-20 16:35:00+00:00,2026-04-20,NOAA-20,MUITOS CAPÕES,RIO GRANDE DO SUL,Brasil,,,,Mata Atlântica,33,43,4312617,8,,221_080,5.3,POINT(-51.25356 -28.52766)
1814853524,07bc47fa-ec0b-3c92-b38d-185c9395a5a2,-46.41093,-21.56061,2026-04-20 16:35:00+00:00,2026-04-20,NOAA-20,CABO VERDE,MINAS GERAIS,Brasil,,,,Mata Atlântica,33,31,3109501,8,,219_075,4.5,POINT(-46.41093 -21.56061)
1814853507,d81956d8-bd52-35e1-8a8e-b155a0dbc38a,-49.1954,-24.23708,2026-04-20 16:35:00+00:00,2026-04-20,NOAA-20,ITARARÉ,SÃO PAULO,Brasil,,,,Cerrado,33,35,3523206,8,,221_077,7.7,POINT(-49.1954 -24.23708)
1814853508,e53f23dc-ba5e-3f4f-a9e3-5375c78044f6,-50.64068,-29.39737,2026-04-20 16:35:00+00:00,2026-04-20,NOAA-20,SÃO FRANCISCO DE PAULA,RIO GRANDE DO SUL,Brasil,,,,Mata Atlântica,33,43,4318200,8,,221_080,4.9,POINT(-50.64068 -29.39737)
1814853371,57797011-af65-3499-94e0-0760333b30c5,-50.56494,-27.50169,2026-04-20 16:35:00+00:00,2026-04-20,NOAA-20,CURITIBANOS,SANTA CATARINA,Brasil,,,,Mata Atlântica,33,42,4204806,8,,221_079,12.1,POINT(-50.56494 -27.50169)
1814852462,333c7533-5732-346b-950b-1dbe957e784c,-43.5319,-22.86087,2026-04-20 16:35:00+00:00,2026-04-20,NOAA-20,RIO DE JANEIRO,RIO DE JANEIRO,Brasil,,,,Mata Atlântica,33,33,3304557,8,,217_076,2.9,POINT(-43.5319 -22.86087)
1814852440,2d864b5d-70d0-3bb8-84cb-3c9a5b1d97d3,-49.04929,-28.18876,2026-04-20 16:35:00+00:00,2026-04-20,NOAA-20,ARMAZÉM,SANTA CATARINA,Brasil,,,,Mata Atlântica,33,42,4201505,8,,220_080,13.9,POINT(-49.04929 -28.18876)
1814852198,e8de70ee-4807-3765-8783-abc339839f6d,-48.89047,-23.97781,2026-04-20 16:35:00+00:00,2026-04-20,NOAA-20,ITAPEVA,SÃO PAULO,Brasil,,,,Cerrado,33,35,3522406,8,,220_077,3.0,POINT(-48.89047 -23.97781)
1814852427,4c9151f9-2697-312b-be81-c0c262128b2b,-47.58927,-22.8639,2026-04-20 16:35:00+00:00,2026-04-20,NOAA-20,RIO DAS PEDRAS,SÃO PAULO,Brasil,,,,Mata Atlântica,33,35,3544004,8,,220_076,5.4,POINT(-47.58927 -22.8639)
1814853462,9ee64c15-17aa-369e-b545-a50387efbf17,-43.47523,-14.38351,2026-04-20 16:37:00+00:00,2026-04-20,NOAA-20,IUIU,BAHIA,Brasil,,,,Cerrado,33,29,2917334,8,,218_070,5.9,POINT(-43.47523 -14.38351)
1814852176,5c1bd873-19f3-3746-b622-29c70cf23029,-49.33841,-25.10163,2026-04-20 16:37:00+00:00,2026-04-20,NOAA-20,RIO BRANCO DO SUL,PARANÁ,Brasil,,,,Mata Atlântica,33,41,4122206,8,,221_077,7.1,POINT(-49.33841 -25.10163)
1814852177,58343541-0722-3d6b-8cd4-cd9efbcfe480,-39.76607,-16.09037,2026-04-20 16:37:00+00:00,2026-04-20,NOAA-20,ITAGIMIRIM,BAHIA,Brasil,,,,Mata Atlântica,33,29,2915304,8,,216_071,7.9,POINT(-39.76607 -16.09037)
1814852178,420716f7-017a-32ae-b026-ca135706a738,-47.87064,-15.81027,2026-04-20 16:37:00+00:00,2026-04-20,NOAA-20,BRASÍLIA,DISTRITO FEDERAL,Brasil,,,,Cerrado,33,53,5300108,8,,221_071,2.5,POINT(-47.87064 -15.81027)
1814852191,0426b109-c118-3744-befe-cbcaa445b8c0,-39.32596,-12.66539,2026-04-20 16:37:00+00:00,2026-04-20,NOAA-20,CASTRO ALVES,BAHIA,Brasil,,,,Mata Atlântica,33,29,2907301,8,,216_069,6.3,POINT(-39.32596 -12.66539)
1814852205,ad9a047e-ce9f-34d3-be2e-088af2cfa647,-44.67104,-17.59447,2026-04-20 16:37:00+00:00,2026-04-20,NOAA-20,VÁRZEA DA PALMA,MINAS GERAIS,Brasil,,,,Cerrado,33,31,3170800,8,,219_072,2.6,POINT(-44.67104 -17.59447)
1814852206,6164c864-179e-3810-a448-cc0f5f4cdd8c,-39.63099,-12.92804,2026-04-20 16:37:00+00:00,2026-04-20,NOAA-20,SANTA TEREZINHA,BAHIA,Brasil,,,,Mata Atlântica,33,29,2928505,8,,216_069,6.9,POINT(-39.63099 -12.92804)
1814852208,588b16a2-add3-3dcb-ae80-38f9c1e51a5a,-50.51063,-26.94093,2026-04-20 16:37:00+00:00,2026-04-20,NOAA-20,SANTA CECÍLIA,SANTA CATARINA,Brasil,,,,Mata Atlântica,33,42,4215505,8,,221_079,6.6,POINT(-50.51063 -26.94093)
1814852223,5dacc9cf-090f-30d6-98a2-a7db1d7c915c,-50.75778,-25.03983,2026-04-20 16:37:00+00:00,2026-04-20,NOAA-20,IVAÍ,PARANÁ,Brasil,,,,Mata Atlântica,33,41,4111407,8,,221_077,4.2,POINT(-50.75778 -25.03983)
1814852244,aadde365-0c94-3b40-a13e-bc48d3d2737d,-40.06292,-19.59472,2026-04-20 16:37:00+00:00,2026-04-20,NOAA-20,ARACRUZ,ESPÍRITO SANTO,Brasil,,,,Mata Atlântica,33,32,3200607,8,,215_074,6.2,POINT(-40.06292 -19.59472)
1814852251,0ff6a183-c1d6-34e1-b4d4-0d05bdd52bf6,-50.60452,-27.16699,2026-04-20 16:37:00+00:00,2026-04-20,NOAA-20,PONTE ALTA DO NORTE,SANTA CATARINA,Brasil,,,,Mata Atlântica,33,42,4213351,8,,221_079,19.5,POINT(-50.60452 -27.16699)
1814852269,a306b8db-4245-3ee5-b086-ce41428ea81c,-45.13289,-18.63058,2026-04-20 16:37:00+00:00,2026-04-20,NOAA-20,FELIXLÂNDIA,MINAS GERAIS,Brasil,,,,Cerrado,33,31,3125705,8,,219_073,6.7,POINT(-45.13289 -18.63058)
1814852276,5e2a9690-2b12-362f-ad37-167e4458b1e9,-39.74598,-13.23001,2026-04-20 16:37:00+00:00,2026-04-20,NOAA-20,UBAÍRA,BAHIA,Brasil,,,,Mata Atlântica,33,29,2932101,8,,216_069,7.4,POINT(-39.74598 -13.23001)
1814852278,ce99748c-5172-38bd-8c92-2996d6932050,-40.25769,-12.64297,2026-04-20 16:37:00+00:00,2026-04-20,NOAA-20,ITABERABA,BAHIA,Brasil,,,,Caatinga,33,29,2914703,8,,216_069,5.5,POINT(-40.25769 -12.64297)
1814852287,f07f022d-38f8-3946-a2e6-516464af2a83,-47.54405,-13.49441,2026-04-20 16:37:00+00:00,2026-04-20,NOAA-20,CAVALCANTE,GOIÁS,Brasil,,,,Cerrado,33,52,5205307,8,,221_069,5.5,POINT(-47.54405 -13.49441)
1814852289,a01f236d-d5ff-32a6-8dc1-7e1e8dd00b9b,-45.34593,-13.95274,2026-04-20 16:37:00+00:00,2026-04-20,NOAA-20,JABORANDI,BAHIA,Brasil,,,,Cerrado,33,29,2917359,8,,220_070,13.9,POINT(-45.34593 -13.95274)
1814852291,68aa175d-9059-3ec9-b482-ac917e3ad2c6,-39.6814,-13.83557,2026-04-20 16:37:00+00:00,2026-04-20,NOAA-20,ITAMARI,BAHIA,Brasil,,,,Mata Atlântica,33,29,2915700,8,,216_070,7.4,POINT(-39.6814 -13.83557)
1814852304,787bb308-084c-3a10-a4f3-0cf79b8cc798,-44.51287,-17.22087,2026-04-20 16:37:00+00:00,2026-04-20,NOAA-20,JEQUITAÍ,MINAS GERAIS,Brasil,,,,Cerrado,33,31,3135605,8,,219_072,1.6,POINT(-44.51287 -17.22087)
1814852312,db095fa8-ba1a-309c-91e5-8cd15a5d016e,-51.46709,-27.35097,2026-04-20 16:37:00+00:00,2026-04-20,NOAA-20,CAMPOS NOVOS,SANTA CATARINA,Brasil,,,,Mata Atlântica,33,42,4203600,8,,222_079,38.1,POINT(-51.46709 -27.35097)
1814852314,31696546-7405-3102-a3dc-10a7b4180537,-46.83341,-17.16821,2026-04-20 16:37:00+00:00,2026-04-20,NOAA-20,PARACATU,MINAS GERAIS,Brasil,,,,Cerrado,33,31,3147006,8,,220_072,21.5,POINT(-46.83341 -17.16821)
1814852317,f7c8e7bb-2f1e-331f-a27a-8c10487a6983,-47.21519,-20.07892,2026-04-20 16:37:00+00:00,2026-04-20,NOAA-20,SACRAMENTO,MINAS GERAIS,Brasil,,,,Cerrado,33,31,3156908,8,,220_074,22.7,POINT(-47.21519 -20.07892)
1814852318,93c4b112-e25e-3800-ae05-172b1eb96d35,-50.10548,-26.89778,2026-04-20 16:37:00+00:00,2026-04-20,NOAA-20,RIO DO CAMPO,SANTA CATARINA,Brasil,,,,Mata Atlântica,33,42,4214508,8,,221_079,6.0,POINT(-50.10548 -26.89778)
1814852336,e9749053-11e2-3cb8-b325-dcbea8e5b55a,-47.39698,-15.7154,2026-04-20 16:37:00+00:00,2026-04-20,NOAA-20,BRASÍLIA,DISTRITO FEDERAL,Brasil,,,,Cerrado,33,53,5300108,8,,221_071,2.8,POINT(-47.39698 -15.7154)
1814852358,75f49426-6043-38db-81d9-11ba20f89e47,-47.51445,-14.16796,2026-04-20 16:37:00+00:00,2026-04-20,NOAA-20,ALTO PARAÍSO DE GOIÁS,GOIÁS,Brasil,,,,Cerrado,33,52,5200605,8,,221_070,3.0,POINT(-47.51445 -14.16796)
1814852365,19313605-cb58-3a4f-afc6-8e1dcfa57599,-47.51776,-14.17194,2026-04-20 16:37:00+00:00,2026-04-20,NOAA-20,ALTO PARAÍSO DE GOIÁS,GOIÁS,Brasil,,,,Cerrado,33,52,5200605,8,,221_070,2.8,POINT(-47.51776 -14.17194)
1814852368,2ef29ad0-d9cd-394f-b381-e05c809fd17a,-51.45708,-27.34924,2026-04-20 16:37:00+00:00,2026-04-20,NOAA-20,CAMPOS NOVOS,SANTA CATARINA,Brasil,,,,Mata Atlântica,33,42,4203600,8,,222_079,35.8,POINT(-51.45708 -27.34924)
1814852379,5cf2fb77-c6b9-3a6a-9e9b-87eaf058f0fe,-39.75797,-16.09312,2026-04-20 16:37:00+00:00,2026-04-20,NOAA-20,ITAGIMIRIM,BAHIA,Brasil,,,,Mata Atlântica,33,29,2915304,8,,216_071,3.4,POINT(-39.75797 -16.09312)
1814852385,531c40cf-6a54-35ef-a4fe-8b682885568a,-42.85546,-18.32019,2026-04-20 16:37:00+00:00,2026-04-20,NOAA-20,COLUNA,MINAS GERAIS,Brasil,,,,Mata Atlântica,33,31,3116803,8,,217_073,4.9,POINT(-42.85546 -18.32019)
1814852387,6da88533-dcef-3c5a-adee-35d2ec79ed75,-39.15544,-13.28727,2026-04-20 16:37:00+00:00,2026-04-20,NOAA-20,VALENÇA,BAHIA,Brasil,,,,Mata Atlântica,33,29,2932903,8,,216_069,5.3,POINT(-39.15544 -13.28727)
1814852392,bb504443-7f79-30c0-810f-9d6791fe1f1d,-51.25777,-26.75055,2026-04-20 16:37:00+00:00,2026-04-20,NOAA-20,CAÇADOR,SANTA CATARINA,Brasil,,,,Mata Atlântica,33,42,4203006,8,,221_079,9.7,POINT(-51.25777 -26.75055)
1814852399,23307baf-4b6f-3106-a6c3-37c0b6539479,-50.33185,-26.425,2026-04-20 16:37:00+00:00,2026-04-20,NOAA-20,MAJOR VIEIRA,SANTA CATARINA,Brasil,,,,Mata Atlântica,33,42,4210308,8,,221_078,9.5,POINT(-50.33185 -26.425)
1814852401,82410b37-e15d-3c92-9845-3fb9db490bbd,-39.23808,-14.56032,2026-04-20 16:37:00+00:00,2026-04-20,NOAA-20,URUÇUCA,BAHIA,Brasil,,,,Mata Atlântica,33,29,2932705,8,,216_070,4.4,POINT(-39.23808 -14.56032)
1814852407,d528102d-b9f4-3072-b20c-91757d9a84a5,-51.46362,-27.35065,2026-04-20 16:37:00+00:00,2026-04-20,NOAA-20,CAMPOS NOVOS,SANTA CATARINA,Brasil,,,,Mata Atlântica,33,42,4203600,8,,222_079,38.1,POINT(-51.46362 -27.35065)
1814852420,18908620-9ce9-3871-82dc-a5d8bd1c68aa,-38.97484,-13.34991,2026-04-20 16:37:00+00:00,2026-04-20,NOAA-20,VALENÇA,BAHIA,Brasil,,,,Mata Atlântica,33,29,2932903,8,,216_069,5.1,POINT(-38.97484 -13.34991)
1814852421,110067d6-35cc-33c3-aa46-7df9dcd7d8f9,-51.17801,-26.01398,2026-04-20 16:37:00+00:00,2026-04-20,NOAA-20,CRUZ MACHADO,PARANÁ,Brasil,,,,Mata Atlântica,33,41,4106803,8,,222_078,5.5,POINT(-51.17801 -26.01398)
1814852435,5f280a2b-7c49-3b8b-867f-64d5cb124dd4,-50.5983,-27.1712,2026-04-20 16:37:00+00:00,2026-04-20,NOAA-20,PONTE ALTA DO NORTE,SANTA CATARINA,Brasil,,,,Mata Atlântica,33,42,4213351,8,,221_079,19.5,POINT(-50.5983 -27.1712)
1814852451,2dec161c-9d8e-3fe5-9b3b-c5181a27f8ec,-39.15149,-13.28545,2026-04-20 16:37:00+00:00,2026-04-20,NOAA-20,VALENÇA,BAHIA,Brasil,,,,Mata Atlântica,33,29,2932903,8,,216_069,6.2,POINT(-39.15149 -13.28545)
1814852456,376870b2-7c9e-30c9-8a11-6f98139a4416,-50.12231,-25.18843,2026-04-20 16:37:00+00:00,2026-04-20,NOAA-20,PONTA GROSSA,PARANÁ,Brasil,,,,Mata Atlântica,33,41,4119905,8,,221_077,2.1,POINT(-50.12231 -25.18843)
1814852457,627c569e-86d0-3612-be80-fb067bf1428d,-51.45862,-27.35019,2026-04-20 16:37:00+00:00,2026-04-20,NOAA-20,CAMPOS NOVOS,SANTA CATARINA,Brasil,,,,Mata Atlântica,33,42,4203600,8,,222_079,36.9,POINT(-51.45862 -27.35019)
1814852471,ed5a0c9f-3280-3c70-8ff5-d6dd2497d601,-51.46035,-27.34952,2026-04-20 16:37:00+00:00,2026-04-20,NOAA-20,CAMPOS NOVOS,SANTA CATARINA,Brasil,,,,Mata Atlântica,33,42,4203600,8,,222_079,35.8,POINT(-51.46035 -27.34952)
1814852484,d144b1c7-eaa3-3b26-836c-f37d73f7c66d,-39.45171,-13.63421,2026-04-20 16:37:00+00:00,2026-04-20,NOAA-20,WENCESLAU GUIMARÃES,BAHIA,Brasil,,,,Mata Atlântica,33,29,2933505,8,,216_069,10.1,POINT(-39.45171 -13.63421)
1814852494,875a60b8-8186-3efa-bb96-20dc87c83fcf,-39.47979,-15.43071,2026-04-20 16:37:00+00:00,2026-04-20,NOAA-20,CAMACAN,BAHIA,Brasil,,,,Mata Atlântica,33,29,2905602,8,,216_071,4.7,POINT(-39.47979 -15.43071)
1814852499,6ee32930-b3f6-3faa-b45b-28b78675ead0,-44.81394,-17.71474,2026-04-20 16:37:00+00:00,2026-04-20,NOAA-20,VÁRZEA DA PALMA,MINAS GERAIS,Brasil,,,,Cerrado,33,31,3170800,8,,219_072,3.2,POINT(-44.81394 -17.71474)
1814852504,3cfebe65-b06a-3ff0-8217-e9d1e63cdf71,-46.44671,-14.89552,2026-04-20 16:37:00+00:00,2026-04-20,NOAA-20,FORMOSO,MINAS GERAIS,Brasil,,,,Cerrado,33,31,3126208,8,,220_070,4.2,POINT(-46.44671 -14.89552)
1814852506,e0945ef4-d23f-3180-9fd2-70f8c46f2820,-51.32386,-25.73116,2026-04-20 16:37:00+00:00,2026-04-20,NOAA-20,INÁCIO MARTINS,PARANÁ,Brasil,,,,Mata Atlântica,33,41,4110201,8,,222_078,4.6,POINT(-51.32386 -25.73116)
1814852510,246dbfdf-37d9-3756-9bd0-2c26ac9e865c,-47.39647,-15.71886,2026-04-20 16:37:00+00:00,2026-04-20,NOAA-20,BRASÍLIA,DISTRITO FEDERAL,Brasil,,,,Cerrado,33,53,5300108,8,,221_071,2.8,POINT(-47.39647 -15.71886)
1814852527,4e94fbc2-bf3b-33b7-bbed-581a7635abba,-43.28379,-16.755,2026-04-20 16:37:00+00:00,2026-04-20,NOAA-20,ITACAMBIRA,MINAS GERAIS,Brasil,,,,Cerrado,33,31,3132008,8,,218_072,13.3,POINT(-43.28379 -16.755)
1814852541,d8949e1c-5862-3785-b0a4-65b3124c7073,-46.53121,-15.85281,2026-04-20 16:37:00+00:00,2026-04-20,NOAA-20,UNAÍ,MINAS GERAIS,Brasil,,,,Cerrado,33,31,3170404,8,,220_071,25.8,POINT(-46.53121 -15.85281)
1814852547,3ee5addf-7561-3ce8-b66c-d67b7f25aed6,-43.9577,-15.15494,2026-04-20 16:37:00+00:00,2026-04-20,NOAA-20,JAÍBA,MINAS GERAIS,Brasil,,,,Cerrado,33,31,3135050,8,,219_070,2.3,POINT(-43.9577 -15.15494)
1814852556,c3c7f811-c2fd-3b97-ad08-bda0f5295ee6,-53.06595,-16.24595,2026-04-20 16:37:00+00:00,2026-04-20,NOAA-20,TORIXORÉU,MATO GROSSO,Brasil,,,,Cerrado,33,51,5108204,8,,224_071,8.8,POINT(-53.06595 -16.24595)
1814852557,e64857e3-fc64-3b84-9a3b-e58e9f3438b3,-51.0642,-15.40156,2026-04-20 16:37:00+00:00,2026-04-20,NOAA-20,BRITÂNIA,GOIÁS,Brasil,,,,Cerrado,33,52,5203807,8,,223_071,3.9,POINT(-51.0642 -15.40156)
1814852563,df6b753f-5c5c-35fc-bd7e-7f0599e9d0ed,-48.98397,-25.99909,2026-04-20 16:37:00+00:00,2026-04-20,NOAA-20,TIJUCAS DO SUL,PARANÁ,Brasil,,,,Mata Atlântica,33,41,4127601,8,,220_078,15.8,POINT(-48.98397 -25.99909)
1814852569,4b15d054-2403-3bf1-a4e7-2533c877a3bd,-42.34196,-14.36424,2026-04-20 16:37:00+00:00,2026-04-20,NOAA-20,IBIASSUCÊ,BAHIA,Brasil,,,,Caatinga,33,29,2912004,8,,218_070,12.2,POINT(-42.34196 -14.36424)
1814852583,82f284d7-6e5e-3c89-9928-bb60e70bd39c,-49.22012,-25.19513,2026-04-20 16:37:00+00:00,2026-04-20,NOAA-20,RIO BRANCO DO SUL,PARANÁ,Brasil,,,,Mata Atlântica,33,41,4122206,8,,220_078,2.8,POINT(-49.22012 -25.19513)
1814852598,ba371d36-54ba-3040-b147-bf4734dcec40,-45.13234,-18.63391,2026-04-20 16:37:00+00:00,2026-04-20,NOAA-20,FELIXLÂNDIA,MINAS GERAIS,Brasil,,,,Cerrado,33,31,3125705,8,,219_073,6.7,POINT(-45.13234 -18.63391)
1814852616,730e7b2a-e965-3bff-be30-2872d5c9f495,-50.51223,-26.94005,2026-04-20 16:37:00+00:00,2026-04-20,NOAA-20,SANTA CECÍLIA,SANTA CATARINA,Brasil,,,,Mata Atlântica,33,42,4215505,8,,221_079,9.5,POINT(-50.51223 -26.94005)
1814852629,2d9d3ce9-74fe-337d-8fbe-b7316542b031,-56.35899,-20.92105,2026-04-20 16:37:00+00:00,2026-04-20,NOAA-20,BONITO,MATO GROSSO DO SUL,Brasil,,,,Cerrado,33,50,5002209,8,,226_074,4.3,POINT(-56.35899 -20.92105)
1814852633,d1e5e2bf-f539-374f-800e-cda16b0a9da2,-43.16339,-18.31997,2026-04-20 16:37:00+00:00,2026-04-20,NOAA-20,RIO VERMELHO,MINAS GERAIS,Brasil,,,,Mata Atlântica,33,31,3156007,8,,218_073,2.4,POINT(-43.16339 -18.31997)
1814852637,6c0ce078-204c-3b70-b54c-a2f4a4c4d2ed,-51.32411,-27.07998,2026-04-20 16:37:00+00:00,2026-04-20,NOAA-20,IBICARÉ,SANTA CATARINA,Brasil,,,,Mata Atlântica,33,42,4206801,8,,221_079,20.2,POINT(-51.32411 -27.07998)
1814852644,5ebbecdf-928c-3034-8a5f-c0aa43b8eb1e,-48.90386,-19.38101,2026-04-20 16:37:00+00:00,2026-04-20,NOAA-20,PRATA,MINAS GERAIS,Brasil,,,,Cerrado,33,31,3152808,8,,221_073,5.8,POINT(-48.90386 -19.38101)
1814852652,c3092b43-15a3-3fc8-a356-997d424943da,-39.09875,-15.74441,2026-04-20 16:37:00+00:00,2026-04-20,NOAA-20,CANAVIEIRAS,BAHIA,Brasil,,,,Mata Atlântica,33,29,2906303,8,,215_071,7.8,POINT(-39.09875 -15.74441)
1814852664,3d35676c-1463-3ea1-86ab-d6cf0034f178,-56.36347,-20.91902,2026-04-20 16:37:00+00:00,2026-04-20,NOAA-20,BONITO,MATO GROSSO DO SUL,Brasil,,,,Cerrado,33,50,5002209,8,,226_074,6.3,POINT(-56.36347 -20.91902)
1814852672,de4b8fe1-66e2-3970-9c93-6bfcbcb82e31,-53.78371,-17.34228,2026-04-20 16:37:00+00:00,2026-04-20,NOAA-20,SONORA,MATO GROSSO DO SUL,Brasil,,,,Cerrado,33,50,5007935,8,,225_072,8.4,POINT(-53.78371 -17.34228)
1814852676,1da45a02-d67f-3419-82ea-a44a9ff50280,-42.68852,-18.45778,2026-04-20 16:37:00+00:00,2026-04-20,NOAA-20,SÃO PEDRO DO SUAÇUÍ,MINAS GERAIS,Brasil,,,,Mata Atlântica,33,31,3164100,8,,217_073,0.9,POINT(-42.68852 -18.45778)
1814852688,2ab3d789-51fb-39ad-a49f-7b3dd2ea8e85,-50.10216,-26.89832,2026-04-20 16:37:00+00:00,2026-04-20,NOAA-20,RIO DO CAMPO,SANTA CATARINA,Brasil,,,,Mata Atlântica,33,42,4214508,8,,221_079,4.8,POINT(-50.10216 -26.89832)
1814852707,cccba50e-4c94-3142-8779-89a2a8208753,-47.21951,-20.07951,2026-04-20 16:37:00+00:00,2026-04-20,NOAA-20,SACRAMENTO,MINAS GERAIS,Brasil,,,,Cerrado,33,31,3156908,8,,220_074,14.8,POINT(-47.21951 -20.07951)
1814852708,0fda25ab-66cc-3b6d-a319-d700341fb7dc,-39.47033,-14.1012,2026-04-20 16:37:00+00:00,2026-04-20,NOAA-20,IBIRAPITANGA,BAHIA,Brasil,,,,Mata Atlântica,33,29,2912707,8,,216_070,6.7,POINT(-39.47033 -14.1012)
1814852714,c27ce1ce-2620-37d6-bd00-b50c6bfd2185,-49.34703,-20.96469,2026-04-20 16:37:00+00:00,2026-04-20,NOAA-20,CEDRAL,SÃO PAULO,Brasil,,,,Mata Atlântica,33,35,3511300,8,,221_075,5.9,POINT(-49.34703 -20.96469)
1814852717,f2469878-7c95-3d16-a84e-861f30422ef2,-43.85309,-14.04114,2026-04-20 16:37:00+00:00,2026-04-20,NOAA-20,CARINHANHA,BAHIA,Brasil,,,,Cerrado,33,29,2907103,8,,219_070,7.0,POINT(-43.85309 -14.04114)
1814852721,fc798ffb-f30a-33fe-b659-22d8eb5a2772,-50.80925,-27.01238,2026-04-20 16:37:00+00:00,2026-04-20,NOAA-20,FRAIBURGO,SANTA CATARINA,Brasil,,,,Mata Atlântica,33,42,4205506,8,,221_079,42.0,POINT(-50.80925 -27.01238)
1814852738,667400e1-96d2-378b-ad55-98789901daa7,-49.3166,-25.33292,2026-04-20 16:37:00+00:00,2026-04-20,NOAA-20,ALMIRANTE TAMANDARÉ,PARANÁ,Brasil,,,,Mata Atlântica,33,41,4100400,8,,220_078,6.2,POINT(-49.3166 -25.33292)
1814852746,3c89c69a-e016-35bc-9b68-5247513ade09,-43.89114,-15.65674,2026-04-20 16:37:00+00:00,2026-04-20,NOAA-20,VARZELÂNDIA,MINAS GERAIS,Brasil,,,,Cerrado,33,31,3170909,8,,218_071,3.0,POINT(-43.89114 -15.65674)
1814852761,43486255-aadf-3dc0-91c1-5a6d352d2b64,-46.66028,-15.07864,2026-04-20 16:37:00+00:00,2026-04-20,NOAA-20,BURITIS,MINAS GERAIS,Brasil,,,,Cerrado,33,31,3109303,8,,220_070,2.5,POINT(-46.66028 -15.07864)
1814852770,9220b943-73b2-35a8-a640-0d71c948c078,-51.4637,-27.34981,2026-04-20 16:37:00+00:00,2026-04-20,NOAA-20,CAMPOS NOVOS,SANTA CATARINA,Brasil,,,,Mata Atlântica,33,42,4203600,8,,222_079,16.0,POINT(-51.4637 -27.34981)
1814852776,a8eac9f7-e8f4-33a3-9972-55331a3146e0,-39.41366,-13.62742,2026-04-20 16:37:00+00:00,2026-04-20,NOAA-20,WENCESLAU GUIMARÃES,BAHIA,Brasil,,,,Mata Atlântica,33,29,2933505,8,,216_069,2.8,POINT(-39.41366 -13.62742)
1814852783,84f2ecd8-49f4-390d-9cc8-d95f37f93403,-39.33316,-13.86162,2026-04-20 16:37:00+00:00,2026-04-20,NOAA-20,IGRAPIÚNA,BAHIA,Brasil,,,,Mata Atlântica,33,29,2913457,8,,216_070,7.3,POINT(-39.33316 -13.86162)
1814852803,a84e7a88-7ed4-3281-830c-c143001f11fe,-50.59866,-27.16641,2026-04-20 16:37:00+00:00,2026-04-20,NOAA-20,PONTE ALTA DO NORTE,SANTA CATARINA,Brasil,,,,Mata Atlântica,33,42,4213351,8,,221_079,19.5,POINT(-50.59866 -27.16641)
1814852814,e51ccc21-f486-39b9-8edf-074451c315a2,-46.30996,-15.61379,2026-04-20 16:37:00+00:00,2026-04-20,NOAA-20,BURITIS,MINAS GERAIS,Brasil,,,,Cerrado,33,31,3109303,8,,220_071,5.9,POINT(-46.30996 -15.61379)
1814852818,34e2d7da-9e22-3e20-8208-889330ecfc6b,-50.18764,-27.14201,2026-04-20 16:37:00+00:00,2026-04-20,NOAA-20,TAIÓ,SANTA CATARINA,Brasil,,,,Mata Atlântica,33,42,4217808,8,,221_079,19.2,POINT(-50.18764 -27.14201)
1814852824,73b343ac-1932-3464-8d9f-3d630167e482,-42.33767,-14.36353,2026-04-20 16:37:00+00:00,2026-04-20,NOAA-20,IBIASSUCÊ,BAHIA,Brasil,,,,Caatinga,33,29,2912004,8,,218_070,12.6,POINT(-42.33767 -14.36353)
1814852827,b4d60f04-154b-3b96-a831-861fe90cb9a9,-39.4509,-13.63853,2026-04-20 16:37:00+00:00,2026-04-20,NOAA-20,WENCESLAU GUIMARÃES,BAHIA,Brasil,,,,Mata Atlântica,33,29,2933505,8,,216_069,7.2,POINT(-39.4509 -13.63853)
1814852828,c5abafed-90eb-3b64-825e-907a213a35a7,-39.34246,-13.53825,2026-04-20 16:37:00+00:00,2026-04-20,NOAA-20,TAPEROÁ,BAHIA,Brasil,,,,Mata Atlântica,33,29,2931202,8,,216_069,12.2,POINT(-39.34246 -13.53825)
1814852832,818d1c9e-e643-333f-b7c6-8b62daf0a6b7,-46.44159,-14.88108,2026-04-20 16:37:00+00:00,2026-04-20,NOAA-20,FORMOSO,MINAS GERAIS,Brasil,,,,Cerrado,33,31,3126208,8,,220_070,3.4,POINT(-46.44159 -14.88108)
1814852836,0c405e52-c692-32c4-a490-0aefc2c13479,-50.12029,-25.18508,2026-04-20 16:37:00+00:00,2026-04-20,NOAA-20,PONTA GROSSA,PARANÁ,Brasil,,,,Mata Atlântica,33,41,4119905,8,,221_077,5.6,POINT(-50.12029 -25.18508)
1814852841,685b5f0b-2521-335c-ae0f-411b316b03b2,-47.62039,-15.69535,2026-04-20 16:37:00+00:00,2026-04-20,NOAA-20,BRASÍLIA,DISTRITO FEDERAL,Brasil,,,,Cerrado,33,53,5300108,8,,221_071,3.9,POINT(-47.62039 -15.69535)
1814852847,72822110-f437-3018-b3aa-1c8382487cbd,-42.9939,-14.66689,2026-04-20 16:37:00+00:00,2026-04-20,NOAA-20,SEBASTIÃO LARANJEIRAS,BAHIA,Brasil,,,,Caatinga,33,29,2930006,8,,218_070,7.7,POINT(-42.9939 -14.66689)
1814852851,cd0dff1e-448d-3798-b980-baf6c0b822db,-50.60415,-27.17178,2026-04-20 16:37:00+00:00,2026-04-20,NOAA-20,PONTE ALTA DO NORTE,SANTA CATARINA,Brasil,,,,Mata Atlântica,33,42,4213351,8,,221_079,19.5,POINT(-50.60415 -27.17178)
1814852864,0473f079-5735-3247-b9c5-6b690301a101,-44.14679,-18.37206,2026-04-20 16:37:00+00:00,2026-04-20,NOAA-20,MONJOLOS,MINAS GERAIS,Brasil,,,,Cerrado,33,31,3142502,8,,218_073,4.0,POINT(-44.14679 -18.37206)
1814852892,6194fea8-efc6-3082-be62-e6223ba88a50,-50.72972,-25.36607,2026-04-20 16:37:00+00:00,2026-04-20,NOAA-20,IRATI,PARANÁ,Brasil,,,,Mata Atlântica,33,41,4110706,8,,221_078,9.7,POINT(-50.72972 -25.36607)
1814852893,594a0e0f-65f3-3953-b60b-79fb0b3e8ad5,-39.60315,-13.38634,2026-04-20 16:37:00+00:00,2026-04-20,NOAA-20,JIQUIRIÇÁ,BAHIA,Brasil,,,,Mata Atlântica,33,29,2918209,8,,216_069,5.8,POINT(-39.60315 -13.38634)
1814852906,2b6a4af4-d442-3073-a11e-8e70a9dc84f0,-47.52684,-13.50584,2026-04-20 16:37:00+00:00,2026-04-20,NOAA-20,CAVALCANTE,GOIÁS,Brasil,,,,Cerrado,33,52,5205307,8,,221_069,2.7,POINT(-47.52684 -13.50584)
1814852910,926f58a1-390e-3a8c-8578-4b73e31fdd1d,-39.82154,-16.68261,2026-04-20 16:37:00+00:00,2026-04-20,NOAA-20,GUARATINGA,BAHIA,Brasil,,,,Mata Atlântica,33,29,2911808,8,,216_071,1.4,POINT(-39.82154 -16.68261)
1814852911,99bf5728-a7fe-375c-98c1-fadb102f29ce,-50.73104,-25.36426,2026-04-20 16:37:00+00:00,2026-04-20,NOAA-20,IRATI,PARANÁ,Brasil,,,,Mata Atlântica,33,41,4110706,8,,221_078,8.0,POINT(-50.73104 -25.36426)
1814852912,48bcdc37-4618-347b-8815-f78b99f270b5,-47.77732,-15.68183,2026-04-20 16:37:00+00:00,2026-04-20,NOAA-20,BRASÍLIA,DISTRITO FEDERAL,Brasil,,,,Cerrado,33,53,5300108,8,,221_071,5.4,POINT(-47.77732 -15.68183)
1814852915,b5613cf4-b0ef-356b-864d-e79c7db4362b,-41.03217,-12.1557,2026-04-20 16:37:00+00:00,2026-04-20,NOAA-20,RUY BARBOSA,BAHIA,Brasil,,,,Caatinga,33,29,2927200,8,,217_068,2.7,POINT(-41.03217 -12.1557)
1814852918,ef01a821-a53d-31ad-82ec-89339f4692eb,-39.47077,-14.09871,2026-04-20 16:37:00+00:00,2026-04-20,NOAA-20,IBIRAPITANGA,BAHIA,Brasil,,,,Mata Atlântica,33,29,2912707,8,,216_070,6.4,POINT(-39.47077 -14.09871)
1814852930,e558abb7-d944-3c2a-91f7-aa4614435168,-39.02748,-15.84897,2026-04-20 16:37:00+00:00,2026-04-20,NOAA-20,BELMONTE,BAHIA,Brasil,,,,Mata Atlântica,33,29,2903409,8,,215_071,23.7,POINT(-39.02748 -15.84897)
1814852931,f8c48ddc-07b0-376a-9c4a-2afd9a1ef112,-51.13282,-25.14396,2026-04-20 16:37:00+00:00,2026-04-20,NOAA-20,PRUDENTÓPOLIS,PARANÁ,Brasil,,,,Mata Atlântica,33,41,4120606,8,,222_077,5.4,POINT(-51.13282 -25.14396)
1814852939,9a6792bd-57eb-3431-8309-0c29f826d20d,-39.17757,-16.68161,2026-04-20 16:37:00+00:00,2026-04-20,NOAA-20,PORTO SEGURO,BAHIA,Brasil,,,,Mata Atlântica,33,29,2925303,8,,215_072,7.7,POINT(-39.17757 -16.68161)
1814852947,12c7545a-1ebf-3fa2-898d-df68e17d1503,-39.3323,-13.86262,2026-04-20 16:37:00+00:00,2026-04-20,NOAA-20,IGRAPIÚNA,BAHIA,Brasil,,,,Mata Atlântica,33,29,2913457,8,,216_070,7.4,POINT(-39.3323 -13.86262)
1814852951,cde9ed2e-c14c-31d4-b1aa-63392fddd343,-44.81456,-17.71149,2026-04-20 16:37:00+00:00,2026-04-20,NOAA-20,VÁRZEA DA PALMA,MINAS GERAIS,Brasil,,,,Cerrado,33,31,3170800,8,,219_072,8.0,POINT(-44.81456 -17.71149)
1814852958,a820a674-b38a-3b9b-afe1-fc6f62e2bb92,-49.88698,-16.78824,2026-04-20 16:37:00+00:00,2026-04-20,NOAA-20,PALMEIRAS DE GOIÁS,GOIÁS,Brasil,,,,Cerrado,33,52,5215702,8,,222_072,4.9,POINT(-49.88698 -16.78824)
1814852960,9e8ec900-dcab-3cfc-bdad-b79319698d74,-39.10326,-15.96277,2026-04-20 16:37:00+00:00,2026-04-20,NOAA-20,BELMONTE,BAHIA,Brasil,,,,Mata Atlântica,33,29,2903409,8,,215_071,7.2,POINT(-39.10326 -15.96277)
1814852972,a1463cfb-4895-3103-a930-18f8ece181ac,-49.57381,-27.0021,2026-04-20 16:37:00+00:00,2026-04-20,NOAA-20,IBIRAMA,SANTA CATARINA,Brasil,,,,Mata Atlântica,33,42,4206900,8,,220_079,3.8,POINT(-49.57381 -27.0021)
1814852980,1cb6a150-0d3d-36a5-a98e-cb77101b6532,-49.3978,-25.17588,2026-04-20 16:37:00+00:00,2026-04-20,NOAA-20,RIO BRANCO DO SUL,PARANÁ,Brasil,,,,Mata Atlântica,33,41,4122206,8,,221_077,8.1,POINT(-49.3978 -25.17588)
1814852995,269d8468-af53-342d-8e41-ec864cb21507,-48.20694,-16.38236,2026-04-20 16:37:00+00:00,2026-04-20,NOAA-20,LUZIÂNIA,GOIÁS,Brasil,,,,Cerrado,33,52,5212501,8,,221_071,8.9,POINT(-48.20694 -16.38236)
1814853013,bd192f0b-93ca-3526-8729-797a419f46a5,-49.33427,-25.10115,2026-04-20 16:37:00+00:00,2026-04-20,NOAA-20,RIO BRANCO DO SUL,PARANÁ,Brasil,,,,Mata Atlântica,33,41,4122206,8,,221_077,7.1,POINT(-49.33427 -25.10115)
1814853022,490451b1-573f-3e50-90ba-908e8fc1ad2f,-50.68768,-27.26167,2026-04-20 16:37:00+00:00,2026-04-20,NOAA-20,CURITIBANOS,SANTA CATARINA,Brasil,,,,Mata Atlântica,33,42,4204806,8,,221_079,6.8,POINT(-50.68768 -27.26167)
1814853036,0b08cfbc-a816-3d44-9855-eba7b9c09f0c,-49.33548,-25.10371,2026-04-20 16:37:00+00:00,2026-04-20,NOAA-20,RIO BRANCO DO SUL,PARANÁ,Brasil,,,,Mata Atlântica,33,41,4122206,8,,221_077,9.6,POINT(-49.33548 -25.10371)
1814853043,f267dd8e-bc88-3b9b-90bd-4923c72c0135,-50.10018,-26.89727,2026-04-20 16:37:00+00:00,2026-04-20,NOAA-20,RIO DO CAMPO,SANTA CATARINA,Brasil,,,,Mata Atlântica,33,42,4214508,8,,221_079,6.0,POINT(-50.10018 -26.89727)
1814853054,40ddbdf9-79e4-38ee-b121-aa679b9b6f02,-44.70928,-19.43176,2026-04-20 16:37:00+00:00,2026-04-20,NOAA-20,PAPAGAIOS,MINAS GERAIS,Brasil,,,,Cerrado,33,31,3146909,8,,218_074,4.1,POINT(-44.70928 -19.43176)
1814853058,a19b33bb-2fba-359c-9943-fdc18bd64c84,-50.89409,-25.85092,2026-04-20 16:37:00+00:00,2026-04-20,NOAA-20,MALLET,PARANÁ,Brasil,,,,Mata Atlântica,33,41,4113908,8,,221_078,3.7,POINT(-50.89409 -25.85092)
1814853059,bdbabcaa-3650-3d4d-91f0-efdf9bf60a9e,-49.59626,-20.03655,2026-04-20 16:37:00+00:00,2026-04-20,NOAA-20,RIOLÂNDIA,SÃO PAULO,Brasil,,,,Mata Atlântica,33,35,3544202,8,,221_074,5.7,POINT(-49.59626 -20.03655)
1814853075,83556dc4-e58d-33a2-8780-8f5543a08d94,-43.09427,-14.81681,2026-04-20 16:37:00+00:00,2026-04-20,NOAA-20,ESPINOSA,MINAS GERAIS,Brasil,,,,Caatinga,33,31,3124302,8,,218_070,9.9,POINT(-43.09427 -14.81681)
1814853077,13321821-1642-3237-bb31-aa8806e24301,-46.16845,-20.32385,2026-04-20 16:37:00+00:00,2026-04-20,NOAA-20,SÃO ROQUE DE MINAS,MINAS GERAIS,Brasil,,,,Cerrado,33,31,3164308,8,,219_074,3.7,POINT(-46.16845 -20.32385)
1814853081,fd5d8f52-a956-3659-b03e-a83b3d63bb30,-39.49565,-16.3556,2026-04-20 16:37:00+00:00,2026-04-20,NOAA-20,EUNÁPOLIS,BAHIA,Brasil,,,,Mata Atlântica,33,29,2910727,8,,215_071,12.0,POINT(-39.49565 -16.3556)
1814853090,7d581ac3-832f-358a-bb5f-ef5f75d71a46,-47.54081,-13.49046,2026-04-20 16:37:00+00:00,2026-04-20,NOAA-20,CAVALCANTE,GOIÁS,Brasil,,,,Cerrado,33,52,5205307,8,,221_069,3.5,POINT(-47.54081 -13.49046)
1814853098,5053bcd5-8cc0-3d95-9a3a-95ae6c70ade8,-47.53733,-14.59392,2026-04-20 16:37:00+00:00,2026-04-20,NOAA-20,SÃO JOÃO D'ALIANÇA,GOIÁS,Brasil,,,,Cerrado,33,52,5220009,8,,221_070,1.4,POINT(-47.53733 -14.59392)
1814853107,4e4c4194-7812-3716-b5ba-0133426e5eb1,-51.46717,-27.3501,2026-04-20 16:37:00+00:00,2026-04-20,NOAA-20,CAMPOS NOVOS,SANTA CATARINA,Brasil,,,,Mata Atlântica,33,42,4203600,8,,222_079,16.0,POINT(-51.46717 -27.3501)
1814853115,157dbbd3-9cb3-3b4d-af74-ae4996875cc5,-46.72938,-17.67042,2026-04-20 16:37:00+00:00,2026-04-20,NOAA-20,VAZANTE,MINAS GERAIS,Brasil,,,,Cerrado,33,31,3171006,8,,220_072,4.2,POINT(-46.72938 -17.67042)
1814853134,d7fea5f3-81c2-35a5-8aae-3202c6779718,-51.15294,-25.12159,2026-04-20 16:37:00+00:00,2026-04-20,NOAA-20,PRUDENTÓPOLIS,PARANÁ,Brasil,,,,Mata Atlântica,33,41,4120606,8,,222_077,6.2,POINT(-51.15294 -25.12159)
1814853136,293c727a-b5db-3e14-9e4d-c4ecc8a8d302,-39.34574,-13.53802,2026-04-20 16:37:00+00:00,2026-04-20,NOAA-20,PRESIDENTE TANCREDO NEVES,BAHIA,Brasil,,,,Mata Atlântica,33,29,2925758,8,,216_069,14.6,POINT(-39.34574 -13.53802)
1814853138,55a18315-4eb9-398b-94d5-58b7c56a891b,-50.10795,-26.89425,2026-04-20 16:37:00+00:00,2026-04-20,NOAA-20,RIO DO CAMPO,SANTA CATARINA,Brasil,,,,Mata Atlântica,33,42,4214508,8,,221_079,6.6,POINT(-50.10795 -26.89425)
1814853160,da06b6da-870d-344d-9061-e535f1104944,-42.42585,-16.60362,2026-04-20 16:37:00+00:00,2026-04-20,NOAA-20,JOSENÓPOLIS,MINAS GERAIS,Brasil,,,,Cerrado,33,31,3136579,8,,217_072,2.8,POINT(-42.42585 -16.60362)
1814853161,02e03d18-55fd-3db8-9a04-bebbb36a4b15,-50.10272,-26.89371,2026-04-20 16:37:00+00:00,2026-04-20,NOAA-20,RIO DO CAMPO,SANTA CATARINA,Brasil,,,,Mata Atlântica,33,42,4214508,8,,221_079,4.8,POINT(-50.10272 -26.89371)
1814853162,26e28eee-9444-3c56-a308-d72ed612af34,-39.65006,-14.55622,2026-04-20 16:37:00+00:00,2026-04-20,NOAA-20,ITAPITANGA,BAHIA,Brasil,,,,Mata Atlântica,33,29,2916609,8,,216_070,3.3,POINT(-39.65006 -14.55622)
1814853181,061f151c-c6f9-30ab-909b-b35e574cf6e4,-49.19934,-16.90442,2026-04-20 16:37:00+00:00,2026-04-20,NOAA-20,HIDROLÂNDIA,GOIÁS,Brasil,,,,Cerrado,33,52,5209705,8,,222_072,51.5,POINT(-49.19934 -16.90442)
1814853192,698b9efa-45f2-3191-b3fa-56289fbe3235,-50.80857,-27.0172,2026-04-20 16:37:00+00:00,2026-04-20,NOAA-20,FRAIBURGO,SANTA CATARINA,Brasil,,,,Mata Atlântica,33,42,4205506,8,,221_079,42.0,POINT(-50.80857 -27.0172)
1814853200,8d47c959-fa25-3691-8fe9-b4dc8adba535,-51.17715,-18.12606,2026-04-20 16:37:00+00:00,2026-04-20,NOAA-20,APARECIDA DO RIO DOCE,GOIÁS,Brasil,,,,Cerrado,33,52,5201454,8,,223_073,11.7,POINT(-51.17715 -18.12606)
1814853260,d9f5527c-c8af-3162-932e-dfdb1403ed6a,-49.53277,-20.6274,2026-04-20 16:37:00+00:00,2026-04-20,NOAA-20,MIRASSOLÂNDIA,SÃO PAULO,Brasil,,,,Cerrado,33,35,3530409,8,,221_074,4.3,POINT(-49.53277 -20.6274)
1814853268,c56a08c0-6218-307e-8d3c-6c05deda1da5,-50.68846,-27.26213,2026-04-20 16:37:00+00:00,2026-04-20,NOAA-20,CURITIBANOS,SANTA CATARINA,Brasil,,,,Mata Atlântica,33,42,4204806,8,,221_079,4.1,POINT(-50.68846 -27.26213)
1814853286,98f8251c-2319-3db5-9e4f-e8fc503dca95,-44.82566,-13.98075,2026-04-20 16:37:00+00:00,2026-04-20,NOAA-20,COCOS,BAHIA,Brasil,,,,Cerrado,33,29,2908101,8,,219_070,3.2,POINT(-44.82566 -13.98075)
1814853290,c479da51-4d12-328a-a9e6-6c90d2bddd6d,-50.60096,-27.17156,2026-04-20 16:37:00+00:00,2026-04-20,NOAA-20,PONTE ALTA DO NORTE,SANTA CATARINA,Brasil,,,,Mata Atlântica,33,42,4213351,8,,221_079,23.8,POINT(-50.60096 -27.17156)
1814853295,1f9d0fab-8dfa-3d0c-9f53-574bc2b9e1fc,-46.53173,-15.84944,2026-04-20 16:37:00+00:00,2026-04-20,NOAA-20,UNAÍ,MINAS GERAIS,Brasil,,,,Cerrado,33,31,3170404,8,,220_071,25.8,POINT(-46.53173 -15.84944)
1814853296,be9e45e1-9f9f-384b-9050-d8ac5682d434,-39.15098,-13.28648,2026-04-20 16:37:00+00:00,2026-04-20,NOAA-20,VALENÇA,BAHIA,Brasil,,,,Mata Atlântica,33,29,2932903,8,,216_069,4.5,POINT(-39.15098 -13.28648)
1814853299,99a7ced1-2fad-3b54-9273-0d8297961137,-40.14491,-14.90256,2026-04-20 16:37:00+00:00,2026-04-20,NOAA-20,NOVA CANAÃ,BAHIA,Brasil,,,,Mata Atlântica,33,29,2922706,8,,216_070,1.9,POINT(-40.14491 -14.90256)
1814853302,f9e2df6b-dc1b-3f1a-805b-b72a895e561b,-39.9465,-18.86292,2026-04-20 16:37:00+00:00,2026-04-20,NOAA-20,SÃO MATEUS,ESPÍRITO SANTO,Brasil,,,,Mata Atlântica,33,32,3204906,8,,215_073,5.2,POINT(-39.9465 -18.86292)
1814853305,7fc7cfac-99d4-3d21-91bc-c3bfae639c79,-39.32883,-12.66691,2026-04-20 16:37:00+00:00,2026-04-20,NOAA-20,CASTRO ALVES,BAHIA,Brasil,,,,Mata Atlântica,33,29,2907301,8,,216_069,10.1,POINT(-39.32883 -12.66691)
1814853306,5f605fec-2211-37f0-83fd-145d69fbb3c4,-48.20406,-15.93526,2026-04-20 16:37:00+00:00,2026-04-20,NOAA-20,BRASÍLIA,DISTRITO FEDERAL,Brasil,,,,Cerrado,33,53,5300108,8,,221_071,2.1,POINT(-48.20406 -15.93526)
1814853308,97303ed4-831d-368c-b2fc-d2cd38b14cce,-51.92629,-27.12338,2026-04-20 16:37:00+00:00,2026-04-20,NOAA-20,IRANI,SANTA CATARINA,Brasil,,,,Mata Atlântica,33,42,4207809,8,,222_079,4.1,POINT(-51.92629 -27.12338)
1814853314,7cf55fdd-195b-3188-aead-85f7abff3587,-41.92258,-14.81929,2026-04-20 16:37:00+00:00,2026-04-20,NOAA-20,CONDEÚBA,BAHIA,Brasil,,,,Caatinga,33,29,2908705,8,,217_070,6.8,POINT(-41.92258 -14.81929)
1814853319,8173fc24-d559-3cb0-97be-29fa056bb8b6,-50.82051,-27.34214,2026-04-20 16:37:00+00:00,2026-04-20,NOAA-20,BRUNÓPOLIS,SANTA CATARINA,Brasil,,,,Mata Atlântica,33,42,4202875,8,,221_079,5.6,POINT(-50.82051 -27.34214)
1814853321,cfa4bd16-6a67-3447-8a02-06a9840f06e8,-46.73624,-17.6744,2026-04-20 16:37:00+00:00,2026-04-20,NOAA-20,VAZANTE,MINAS GERAIS,Brasil,,,,Cerrado,33,31,3171006,8,,220_072,3.5,POINT(-46.73624 -17.6744)
1814853327,4561ec2d-2ee5-38df-8ee0-068e098add56,-46.93246,-14.5544,2026-04-20 16:37:00+00:00,2026-04-20,NOAA-20,FLORES DE GOIÁS,GOIÁS,Brasil,,,,Cerrado,33,52,5207907,8,,221_070,4.0,POINT(-46.93246 -14.5544)
1814853336,cdc59b82-5e6b-3f84-8d0e-e0a7bbfc4ab2,-37.64614,-11.71492,2026-04-20 16:37:00+00:00,2026-04-20,NOAA-20,CONDE,BAHIA,Brasil,,,,Mata Atlântica,33,29,2908606,8,,215_068,30.4,POINT(-37.64614 -11.71492)
1814853341,5defcc3a-537c-371f-8734-81a524dd8ac4,-40.05807,-19.59386,2026-04-20 16:37:00+00:00,2026-04-20,NOAA-20,ARACRUZ,ESPÍRITO SANTO,Brasil,,,,Mata Atlântica,33,32,3200607,8,,215_074,6.2,POINT(-40.05807 -19.59386)
1814853345,4c41e766-ebfe-34ce-9167-b97c8deb8c05,-43.47908,-14.38413,2026-04-20 16:37:00+00:00,2026-04-20,NOAA-20,IUIU,BAHIA,Brasil,,,,Cerrado,33,29,2917334,8,,218_070,5.3,POINT(-43.47908 -14.38413)
1814853353,6469dc4d-3b00-3033-9f2a-16f4fe702646,-42.47141,-15.84611,2026-04-20 16:37:00+00:00,2026-04-20,NOAA-20,RIO PARDO DE MINAS,MINAS GERAIS,Brasil,,,,Cerrado,33,31,3155603,8,,217_071,2.6,POINT(-42.47141 -15.84611)
1814853354,6e1b1d7e-af09-38ef-95ba-c0ebd0702b65,-49.59954,-20.0411,2026-04-20 16:37:00+00:00,2026-04-20,NOAA-20,RIOLÂNDIA,SÃO PAULO,Brasil,,,,Mata Atlântica,33,35,3544202,8,,221_074,5.5,POINT(-49.59954 -20.0411)
1814853361,20f1a699-2f0a-31ee-8708-8b5232048243,-43.99788,-17.76873,2026-04-20 16:37:00+00:00,2026-04-20,NOAA-20,BUENÓPOLIS,MINAS GERAIS,Brasil,,,,Cerrado,33,31,3109204,8,,218_072,1.6,POINT(-43.99788 -17.76873)
1814853379,ec0aae07-2063-31c4-8205-2fc08b52cdcf,-40.42313,-17.97369,2026-04-20 16:37:00+00:00,2026-04-20,NOAA-20,MUCURICI,ESPÍRITO SANTO,Brasil,,,,Mata Atlântica,33,32,3203601,8,,216_072,5.5,POINT(-40.42313 -17.97369)
1814853384,3c442344-c7f2-396b-82cf-fbb404e99bfe,-50.51597,-26.94143,2026-04-20 16:37:00+00:00,2026-04-20,NOAA-20,SANTA CECÍLIA,SANTA CATARINA,Brasil,,,,Mata Atlântica,33,42,4215505,8,,221_079,5.3,POINT(-50.51597 -26.94143)
1814853387,842742ef-8bd2-3f27-8621-1e59fc655fd8,-46.729,-17.66988,2026-04-20 16:37:00+00:00,2026-04-20,NOAA-20,VAZANTE,MINAS GERAIS,Brasil,,,,Cerrado,33,31,3171006,8,,220_072,5.5,POINT(-46.729 -17.66988)
1814853389,9f87074f-b78f-31a8-8d85-db807f2e503d,-40.422,-15.74641,2026-04-20 16:37:00+00:00,2026-04-20,NOAA-20,MACARANI,BAHIA,Brasil,,,,Mata Atlântica,33,29,2919702,8,,216_071,5.8,POINT(-40.422 -15.74641)
1814853391,53a5d921-4937-33a5-aee4-d57cbf848c45,-41.91817,-14.81855,2026-04-20 16:37:00+00:00,2026-04-20,NOAA-20,CONDEÚBA,BAHIA,Brasil,,,,Caatinga,33,29,2908705,8,,217_070,6.8,POINT(-41.91817 -14.81855)
1814853392,cd7dceb8-273d-34f3-9796-224df8205762,-41.1317,-14.75849,2026-04-20 16:37:00+00:00,2026-04-20,NOAA-20,ANAGÉ,BAHIA,Brasil,,,,Caatinga,33,29,2901205,8,,217_070,2.9,POINT(-41.1317 -14.75849)
1814853396,ffd782d6-c6a9-3e95-9019-2aedffede3af,-49.53236,-20.62823,2026-04-20 16:37:00+00:00,2026-04-20,NOAA-20,MIRASSOLÂNDIA,SÃO PAULO,Brasil,,,,Cerrado,33,35,3530409,8,,221_074,4.1,POINT(-49.53236 -20.62823)
1814853398,6cc343ca-45c3-3cf6-9a52-2d9b70632924,-39.58642,-17.06244,2026-04-20 16:37:00+00:00,2026-04-20,NOAA-20,ITAMARAJU,BAHIA,Brasil,,,,Mata Atlântica,33,29,2915601,8,,215_072,1.9,POINT(-39.58642 -17.06244)
1814853399,1faee4c5-d447-381b-842f-e91630aa90e0,-41.22773,-13.79991,2026-04-20 16:37:00+00:00,2026-04-20,NOAA-20,ITUAÇU,BAHIA,Brasil,,,,Caatinga,33,29,2917201,8,,217_070,5.9,POINT(-41.22773 -13.79991)
1814853403,b41895ba-f13d-307f-bd06-34df8ff88d4e,-51.18294,-27.18829,2026-04-20 16:37:00+00:00,2026-04-20,NOAA-20,TANGARÁ,SANTA CATARINA,Brasil,,,,Mata Atlântica,33,42,4217907,8,,221_079,5.7,POINT(-51.18294 -27.18829)
1814853405,d2b2f7d4-216b-3aea-bb30-e009ab108607,-48.36797,-16.10247,2026-04-20 16:37:00+00:00,2026-04-20,NOAA-20,ALEXÂNIA,GOIÁS,Brasil,,,,Cerrado,33,52,5200308,8,,221_071,4.2,POINT(-48.36797 -16.10247)
1814853417,b0d69d1d-c2b2-398a-b74a-f9de660774bd,-42.14217,-14.43979,2026-04-20 16:37:00+00:00,2026-04-20,NOAA-20,RIO DO ANTÔNIO,BAHIA,Brasil,,,,Caatinga,33,29,2926806,8,,217_070,5.9,POINT(-42.14217 -14.43979)
1814853422,8d1b9a0e-3b79-3405-abbe-ff621fd60883,-50.60135,-27.16677,2026-04-20 16:37:00+00:00,2026-04-20,NOAA-20,PONTE ALTA DO NORTE,SANTA CATARINA,Brasil,,,,Mata Atlântica,33,42,4213351,8,,221_079,23.8,POINT(-50.60135 -27.16677)
1814853431,8d78ae90-3757-3948-9b26-0d6fde00e29d,-50.60675,-27.17209,2026-04-20 16:37:00+00:00,2026-04-20,NOAA-20,PONTE ALTA DO NORTE,SANTA CATARINA,Brasil,,,,Mata Atlântica,33,42,4213351,8,,221_079,23.8,POINT(-50.60675 -27.17209)
1814853434,82ff36b9-d372-374b-a6de-9cb895590b3c,-51.73615,-17.57545,2026-04-20 16:37:00+00:00,2026-04-20,NOAA-20,JATAÍ,GOIÁS,Brasil,,,,Cerrado,33,52,5211909,8,,223_072,9.6,POINT(-51.73615 -17.57545)
1814853453,97b1a759-2129-3ca1-998b-4fef292f797c,-49.57904,-27.00264,2026-04-20 16:37:00+00:00,2026-04-20,NOAA-20,IBIRAMA,SANTA CATARINA,Brasil,,,,Mata Atlântica,33,42,4206900,8,,220_079,4.7,POINT(-49.57904 -27.00264)
1814853468,f30d69d1-26ac-32c7-99e9-4893888f43ec,-48.80704,-26.79252,2026-04-20 16:37:00+00:00,2026-04-20,NOAA-20,LUIZ ALVES,SANTA CATARINA,Brasil,,,,Mata Atlântica,33,42,4210001,8,,220_079,2.4,POINT(-48.80704 -26.79252)
1814853476,81792356-cfd0-31ee-8748-117660212ffb,-45.34238,-13.95219,2026-04-20 16:37:00+00:00,2026-04-20,NOAA-20,JABORANDI,BAHIA,Brasil,,,,Cerrado,33,29,2917359,8,,220_070,11.1,POINT(-45.34238 -13.95219)
1814853478,1fea5fea-1abf-3910-8d03-f9c4bd258ce1,-51.73782,-17.57877,2026-04-20 16:37:00+00:00,2026-04-20,NOAA-20,JATAÍ,GOIÁS,Brasil,,,,Cerrado,33,52,5211909,8,,223_072,10.5,POINT(-51.73782 -17.57877)
1814853488,42c28865-b4fd-32b1-aad8-0fecc0f2dad9,-47.25601,-16.18114,2026-04-20 16:37:00+00:00,2026-04-20,NOAA-20,CABECEIRA GRANDE,MINAS GERAIS,Brasil,,,,Cerrado,33,31,3109451,8,,221_071,1.8,POINT(-47.25601 -16.18114)
1814853495,d8adc6d6-34fc-322b-a4b7-5db51bd7c277,-39.63158,-12.92989,2026-04-20 16:37:00+00:00,2026-04-20,NOAA-20,AMARGOSA,BAHIA,Brasil,,,,Mata Atlântica,33,29,2901007,8,,216_069,7.0,POINT(-39.63158 -12.92989)
1814853497,8ff404fa-88e1-3050-8201-9a9b80e76509,-44.81095,-17.71094,2026-04-20 16:37:00+00:00,2026-04-20,NOAA-20,VÁRZEA DA PALMA,MINAS GERAIS,Brasil,,,,Cerrado,33,31,3170800,8,,219_072,8.0,POINT(-44.81095 -17.71094)
1814853504,9b9e7009-1869-38c6-8379-f3325bd5ecc9,-51.31788,-27.07941,2026-04-20 16:37:00+00:00,2026-04-20,NOAA-20,TANGARÁ,SANTA CATARINA,Brasil,,,,Mata Atlântica,33,42,4217907,8,,221_079,20.2,POINT(-51.31788 -27.07941)
1814853513,0045c9fb-1b1c-305a-8e9a-5060ec7b6a9e,-47.78139,-15.6824,2026-04-20 16:37:00+00:00,2026-04-20,NOAA-20,BRASÍLIA,DISTRITO FEDERAL,Brasil,,,,Cerrado,33,53,5300108,8,,221_071,6.0,POINT(-47.78139 -15.6824)
1814853514,87987700-e2db-3a98-af63-917fa009a9dd,-51.32532,-25.7293,2026-04-20 16:37:00+00:00,2026-04-20,NOAA-20,INÁCIO MARTINS,PARANÁ,Brasil,,,,Mata Atlântica,33,41,4110201,8,,222_078,8.1,POINT(-51.32532 -25.7293)
1814853521,1fe3418b-b2d2-3aad-a66d-a40a22f7fa54,-51.17701,-27.18774,2026-04-20 16:37:00+00:00,2026-04-20,NOAA-20,TANGARÁ,SANTA CATARINA,Brasil,,,,Mata Atlântica,33,42,4217907,8,,221_079,6.8,POINT(-51.17701 -27.18774)
1814853523,85dda2d7-184a-3f88-8e4f-b945dba5d5e5,-40.42765,-15.74741,2026-04-20 16:37:00+00:00,2026-04-20,NOAA-20,MACARANI,BAHIA,Brasil,,,,Mata Atlântica,33,29,2919702,8,,216_071,6.4,POINT(-40.42765 -15.74741)
1814852215,97649ce2-ef45-381b-8bd7-779745f06bfb,-56.96189,-11.80177,2026-04-20 16:39:00+00:00,2026-04-20,NOAA-20,PORTO DOS GAÚCHOS,MATO GROSSO,Brasil,,,,Amazônia,33,51,5106802,8,,227_068,8.9,POINT(-56.96189 -11.80177)
1814852880,e55ac4fe-bfb3-3e2a-bb67-8eba51071610,-37.69841,-11.14794,2026-04-20 16:39:00+00:00,2026-04-20,NOAA-20,RIACHÃO DO DANTAS,SERGIPE,Brasil,,,,Mata Atlântica,33,28,2805802,8,,215_068,3.7,POINT(-37.69841 -11.14794)
1814852810,9ae07d64-10eb-3a59-9c12-3023af1f0ecd,-48.25594,-9.39983,2026-04-20 16:39:00+00:00,2026-04-20,NOAA-20,TOCANTÍNIA,TOCANTINS,Brasil,,,,Cerrado,33,17,1721109,8,,222_067,2.4,POINT(-48.25594 -9.39983)
1814853226,076777b5-beec-3925-bed0-e5be5ef10514,-37.69539,-11.14739,2026-04-20 16:39:00+00:00,2026-04-20,NOAA-20,RIACHÃO DO DANTAS,SERGIPE,Brasil,,,,Mata Atlântica,33,28,2805802,8,,215_068,3.3,POINT(-37.69539 -11.14739)
1814852805,0c6ea86e-7008-325f-8dba-82e4d6f30889,-39.42562,-10.46383,2026-04-20 16:39:00+00:00,2026-04-20,NOAA-20,MONTE SANTO,BAHIA,Brasil,,,,Caatinga,33,29,2921500,8,,216_067,12.7,POINT(-39.42562 -10.46383)
1814853074,e98fedc4-dbda-333e-aa06-4147cda23ae2,-37.2512,-9.72476,2026-04-20 16:39:00+00:00,2026-04-20,NOAA-20,JACARÉ DOS HOMENS,ALAGOAS,Brasil,,,,Caatinga,33,27,2703403,8,,215_067,5.4,POINT(-37.2512 -9.72476)
1814853350,1e0c15e0-8a21-3ebb-900e-aab61215ddfa,-46.74606,-11.94026,2026-04-20 16:39:00+00:00,2026-04-20,NOAA-20,NOVO JARDIM,TOCANTINS,Brasil,,,,Cerrado,33,17,1715259,8,,221_068,3.2,POINT(-46.74606 -11.94026)
1814852243,e207c90f-9886-3d7e-bdb3-f11545400078,-37.49902,-11.12917,2026-04-20 16:39:00+00:00,2026-04-20,NOAA-20,SALGADO,SERGIPE,Brasil,,,,Mata Atlântica,33,28,2806206,8,,215_068,5.4,POINT(-37.49902 -11.12917)
1814852888,ea7604d6-4028-3b96-baa2-af41fcfdf65f,-44.58991,-12.32821,2026-04-20 16:39:00+00:00,2026-04-20,NOAA-20,BAIANÓPOLIS,BAHIA,Brasil,,,,Cerrado,33,29,2902500,8,,219_069,2.4,POINT(-44.58991 -12.32821)
1814853154,d4a324bf-4bb1-3d11-a224-a999ad9ef758,-44.74143,-11.72782,2026-04-20 16:39:00+00:00,2026-04-20,NOAA-20,RIACHÃO DAS NEVES,BAHIA,Brasil,,,,Cerrado,33,29,2926202,8,,220_068,17.4,POINT(-44.74143 -11.72782)
1814853117,ff306120-b0e0-3e1d-995d-909caebeaa94,-38.06408,-9.91086,2026-04-20 16:39:00+00:00,2026-04-20,NOAA-20,PEDRO ALEXANDRE,BAHIA,Brasil,,,,Caatinga,33,29,2924207,8,,215_067,2.1,POINT(-38.06408 -9.91086)
1814852724,584cd368-0318-3d6a-b557-8338b43eba27,-37.20105,-9.70991,2026-04-20 16:39:00+00:00,2026-04-20,NOAA-20,BATALHA,ALAGOAS,Brasil,,,,Caatinga,33,27,2700706,8,,215_067,2.5,POINT(-37.20105 -9.70991)
1814852693,0d235ba6-3cbd-3184-a9c7-25fe62e7ba52,-46.74961,-11.94079,2026-04-20 16:39:00+00:00,2026-04-20,NOAA-20,NOVO JARDIM,TOCANTINS,Brasil,,,,Cerrado,33,17,1715259,8,,221_068,3.2,POINT(-46.74961 -11.94079)
1814852678,8746f211-fbaa-32d6-a592-47f955182bac,-46.74657,-11.93693,2026-04-20 16:39:00+00:00,2026-04-20,NOAA-20,NOVO JARDIM,TOCANTINS,Brasil,,,,Cerrado,33,17,1715259,8,,221_068,3.2,POINT(-46.74657 -11.93693)
1814853126,fbc9ab13-a17b-3366-9a87-95af4eddd1e3,-37.97954,-9.87988,2026-04-20 16:39:00+00:00,2026-04-20,NOAA-20,CANINDÉ DE SÃO FRANCISCO,SERGIPE,Brasil,,,,Caatinga,33,28,2801207,8,,215_067,2.9,POINT(-37.97954 -9.87988)
1814853373,ae2fbb1d-0eb9-3452-8ea9-e6facee8288d,-37.87693,-10.90171,2026-04-20 16:39:00+00:00,2026-04-20,NOAA-20,RIACHÃO DO DANTAS,SERGIPE,Brasil,,,,Caatinga,33,28,2805802,8,,215_068,3.2,POINT(-37.87693 -10.90171)
1814853288,8f377f4d-8f24-3166-8be1-c125eb8dd77a,-49.72006,-11.86327,2026-04-20 16:39:00+00:00,2026-04-20,NOAA-20,FORMOSO DO ARAGUAIA,TOCANTINS,Brasil,,,,Cerrado,33,17,1708205,8,,223_068,11.8,POINT(-49.72006 -11.86327)
1814853471,08ccd9b3-1172-3017-b6f8-9670a98480f7,-50.9711,-12.28346,2026-04-20 16:39:00+00:00,2026-04-20,NOAA-20,NOVO SANTO ANTÔNIO,MATO GROSSO,Brasil,,,,Cerrado,33,51,5106315,8,,223_069,5.0,POINT(-50.9711 -12.28346)
1814853360,0670e495-0a92-35ba-82c6-baef01163644,-41.10461,-12.09221,2026-04-20 16:39:00+00:00,2026-04-20,NOAA-20,UTINGA,BAHIA,Brasil,,,,Caatinga,33,29,2932804,8,,217_068,3.9,POINT(-41.10461 -12.09221)
1814852993,6b84e800-2e6f-3232-b3ac-a02cfddad3af,-44.73833,-11.72389,2026-04-20 16:39:00+00:00,2026-04-20,NOAA-20,RIACHÃO DAS NEVES,BAHIA,Brasil,,,,Cerrado,33,29,2926202,8,,220_068,17.4,POINT(-44.73833 -11.72389)
1814853294,075a02ac-aa3f-313f-a479-7e31f6d4873c,-37.63126,-10.75797,2026-04-20 16:39:00+00:00,2026-04-20,NOAA-20,LAGARTO,SERGIPE,Brasil,,,,Caatinga,33,28,2803500,8,,215_067,4.4,POINT(-37.63126 -10.75797)
1814852645,8bae5f32-d578-35f2-9094-ce8903bf5643,-44.58938,-12.33158,2026-04-20 16:39:00+00:00,2026-04-20,NOAA-20,BAIANÓPOLIS,BAHIA,Brasil,,,,Cerrado,33,29,2902500,8,,219_069,6.6,POINT(-44.58938 -12.33158)
1814852639,40102015-826c-3e20-a48c-8c84e54afc53,-43.88801,-8.22881,2026-04-20 16:39:00+00:00,2026-04-20,NOAA-20,MANOEL EMÍDIO,PIAUÍ,Brasil,,,,Caatinga,33,22,2205904,8,,219_066,13.6,POINT(-43.88801 -8.22881)
1814852998,0f77feef-62f0-3332-9c14-b1e622ed9ea8,-44.74079,-11.72919,2026-04-20 16:39:00+00:00,2026-04-20,NOAA-20,RIACHÃO DAS NEVES,BAHIA,Brasil,,,,Cerrado,33,29,2926202,8,,220_068,14.2,POINT(-44.74079 -11.72919)
1814853232,5ebf4487-72c1-337b-86aa-d077818d7785,-38.61787,-10.52644,2026-04-20 16:39:00+00:00,2026-04-20,NOAA-20,CÍCERO DANTAS,BAHIA,Brasil,,,,Caatinga,33,29,2907806,8,,216_067,10.6,POINT(-38.61787 -10.52644)
1814853500,ea35c808-3182-3314-9e55-48b9f14fe986,-43.71903,-5.79005,2026-04-20 16:39:00+00:00,2026-04-20,NOAA-20,BURITI BRAVO,MARANHÃO,Brasil,,,,Cerrado,33,21,2102309,8,,220_064,3.9,POINT(-43.71903 -5.79005)
1814852555,4ac10ea9-1caf-33a6-a0f0-a46b04c7bb86,-39.21911,-10.57864,2026-04-20 16:39:00+00:00,2026-04-20,NOAA-20,MONTE SANTO,BAHIA,Brasil,,,,Caatinga,33,29,2921500,8,,216_067,6.1,POINT(-39.21911 -10.57864)
1814852984,d32c3f11-d286-33ea-9b04-57906cd4f1cf,-36.80074,-10.18082,2026-04-20 16:39:00+00:00,2026-04-20,NOAA-20,PORTO REAL DO COLÉGIO,ALAGOAS,Brasil,,,,Mata Atlântica,33,27,2707503,8,,215_067,3.3,POINT(-36.80074 -10.18082)
1814852483,691371e4-39a2-3c37-957c-b683828636f0,-43.72852,-12.23956,2026-04-20 16:39:00+00:00,2026-04-20,NOAA-20,MUQUÉM DO SÃO FRANCISCO,BAHIA,Brasil,,,,Cerrado,33,29,2922250,8,,219_068,3.5,POINT(-43.72852 -12.23956)
1814852475,59112c0e-ab6d-3113-a61d-9056861bb8b4,-56.96374,-11.80404,2026-04-20 16:39:00+00:00,2026-04-20,NOAA-20,PORTO DOS GAÚCHOS,MATO GROSSO,Brasil,,,,Amazônia,33,51,5106802,8,,227_068,11.8,POINT(-56.96374 -11.80404)
1814852472,942f3ee0-27c6-3ba9-ba08-f716abb4ff71,-37.19766,-9.70928,2026-04-20 16:39:00+00:00,2026-04-20,NOAA-20,BATALHA,ALAGOAS,Brasil,,,,Caatinga,33,27,2700706,8,,215_067,2.5,POINT(-37.19766 -9.70928)
1814852367,7c2c6fa1-38d2-31a8-89dc-6bd15680f819,-37.49856,-11.12723,2026-04-20 16:39:00+00:00,2026-04-20,NOAA-20,SALGADO,SERGIPE,Brasil,,,,Mata Atlântica,33,28,2806206,8,,215_068,9.0,POINT(-37.49856 -11.12723)
1814853512,fa05db20-1982-32a9-8e42-06428f3a39a9,-39.32132,-10.50645,2026-04-20 16:39:00+00:00,2026-04-20,NOAA-20,MONTE SANTO,BAHIA,Brasil,,,,Caatinga,33,29,2921500,8,,216_067,8.6,POINT(-39.32132 -10.50645)
1814852956,48dbea43-3428-3ad4-a366-f88a2fd7f99d,-37.60088,-10.80008,2026-04-20 16:39:00+00:00,2026-04-20,NOAA-20,SÃO DOMINGOS,SERGIPE,Brasil,,,,Caatinga,33,28,2806800,8,,215_067,2.9,POINT(-37.60088 -10.80008)
1814852345,a4510e3f-9b7e-3e85-9277-2fc0c224c747,-44.73779,-11.72725,2026-04-20 16:39:00+00:00,2026-04-20,NOAA-20,RIACHÃO DAS NEVES,BAHIA,Brasil,,,,Cerrado,33,29,2926202,8,,220_068,17.4,POINT(-44.73779 -11.72725)
1814852280,d095d308-8fa6-3c2c-958f-4219c4c20fe7,-37.24773,-9.72412,2026-04-20 16:39:00+00:00,2026-04-20,NOAA-20,JACARÉ DOS HOMENS,ALAGOAS,Brasil,,,,Caatinga,33,27,2703403,8,,215_067,4.5,POINT(-37.24773 -9.72412)
1814852264,834193b9-0ce5-3e4d-a1cd-1f1602ab3fdf,-37.49597,-11.12859,2026-04-20 16:39:00+00:00,2026-04-20,NOAA-20,SALGADO,SERGIPE,Brasil,,,,Mata Atlântica,33,28,2806206,8,,215_068,5.4,POINT(-37.49597 -11.12859)
1814853042,a43fbfe0-a038-3bac-a5aa-73a85738ed9a,-39.41526,-10.46671,2026-04-20 16:39:00+00:00,2026-04-20,NOAA-20,MONTE SANTO,BAHIA,Brasil,,,,Caatinga,33,29,2921500,8,,216_067,8.4,POINT(-39.41526 -10.46671)
1814853522,3ba52d94-88fc-3dba-b9b3-49f5541f9a3a,-37.3979,-10.71974,2026-04-20 16:39:00+00:00,2026-04-20,NOAA-20,ITABAIANA,SERGIPE,Brasil,,,,Mata Atlântica,33,28,2802908,8,,215_067,2.3,POINT(-37.3979 -10.71974)
1814853061,fad615ce-977e-30fd-815c-2cbab2636ba1,-36.97002,-9.79169,2026-04-20 16:39:00+00:00,2026-04-20,NOAA-20,TRAIPU,ALAGOAS,Brasil,,,,Caatinga,33,27,2709202,8,,215_067,6.3,POINT(-36.97002 -9.79169)
1814853184,7f3da932-909b-38cc-bcf1-f1b6beb96473,-59.85337,3.8697,2026-04-20 16:43:00+00:00,2026-04-20,NOAA-20,NORMANDIA,RORAIMA,Brasil,,,,Amazônia,33,14,1400407,8,,231_057,12.7,POINT(-59.85337 3.8697)
1814853021,7bc7b5e4-3823-307e-80e2-2b19dbe37667,-59.85242,3.864,2026-04-20 16:43:00+00:00,2026-04-20,NOAA-20,NORMANDIA,RORAIMA,Brasil,,,,Amazônia,33,14,1400407,8,,231_057,3.6,POINT(-59.85242 3.864)
1814859372,d0315488-44a0-33c8-a48a-ffcea53ce92c,-49.83297,-27.45699,2026-04-20 17:24:00+00:00,2026-04-20,NOAA-21,AGROLÂNDIA,SANTA CATARINA,Brasil,,,,Mata Atlântica,33,42,4200200,8,,220_079,6.1,POINT(-49.83297 -27.45699)
1814859784,89623f23-78d6-3cc7-b723-09a0eee48844,-49.09286,-28.22403,2026-04-20 17:24:00+00:00,2026-04-20,NOAA-21,BRAÇO DO NORTE,SANTA CATARINA,Brasil,,,,Mata Atlântica,33,42,4202800,8,,220_080,17.4,POINT(-49.09286 -28.22403)
1814859815,8fb14994-c1e4-3623-9be2-e4688f3af000,-50.40486,-27.78044,2026-04-20 17:24:00+00:00,2026-04-20,NOAA-21,LAGES,SANTA CATARINA,Brasil,,,,Mata Atlântica,33,42,4209300,8,,221_079,4.6,POINT(-50.40486 -27.78044)
1814859827,5e253b04-f54f-3df0-8879-74be6eaabacb,-50.93489,-29.47018,2026-04-20 17:24:00+00:00,2026-04-20,NOAA-21,SANTA MARIA DO HERVAL,RIO GRANDE DO SUL,Brasil,,,,Mata Atlântica,33,43,4316956,8,,221_080,14.0,POINT(-50.93489 -29.47018)
1814859830,aebe57d7-8adf-3a17-817a-69a01696ffeb,-51.67332,-29.47912,2026-04-20 17:24:00+00:00,2026-04-20,NOAA-21,TEUTÔNIA,RIO GRANDE DO SUL,Brasil,,,,Mata Atlântica,33,43,4321451,8,,221_080,8.7,POINT(-51.67332 -29.47912)
1814859842,d428ac82-9eb7-3067-92b5-af0b72e9ad58,-50.21408,-27.92873,2026-04-20 17:24:00+00:00,2026-04-20,NOAA-21,LAGES,SANTA CATARINA,Brasil,,,,Mata Atlântica,33,42,4209300,8,,221_079,9.1,POINT(-50.21408 -27.92873)
1814859769,fcd4c312-a8a0-3ff8-a954-b7627ea8dcab,-53.25734,-25.09119,2026-04-20 17:24:00+00:00,2026-04-20,NOAA-21,CASCAVEL,PARANÁ,Brasil,,,,Mata Atlântica,33,41,4104808,8,,223_077,5.3,POINT(-53.25734 -25.09119)
1814859766,7a5d58f0-e078-329a-b93f-2d8ed6e5741b,-49.09186,-28.22798,2026-04-20 17:24:00+00:00,2026-04-20,NOAA-21,BRAÇO DO NORTE,SANTA CATARINA,Brasil,,,,Mata Atlântica,33,42,4202800,8,,220_080,5.1,POINT(-49.09186 -28.22798)
1814859754,700025e5-937b-3d8f-b0c1-807373579783,-49.92248,-27.47009,2026-04-20 17:24:00+00:00,2026-04-20,NOAA-21,OTACÍLIO COSTA,SANTA CATARINA,Brasil,,,,Mata Atlântica,33,42,4211751,8,,221_079,4.0,POINT(-49.92248 -27.47009)
1814859752,b76c9306-a799-371e-9cd8-7872f3689616,-51.46675,-27.34751,2026-04-20 17:24:00+00:00,2026-04-20,NOAA-21,CAMPOS NOVOS,SANTA CATARINA,Brasil,,,,Mata Atlântica,33,42,4203600,8,,222_079,17.3,POINT(-51.46675 -27.34751)
1814859712,64660f24-1f52-37ae-a716-005cbebf43a9,-49.05147,-28.191,2026-04-20 17:24:00+00:00,2026-04-20,NOAA-21,ARMAZÉM,SANTA CATARINA,Brasil,,,,Mata Atlântica,33,42,4201505,8,,220_080,4.1,POINT(-49.05147 -28.191)
1814859710,85f14aa6-90d3-38a4-bc9e-d063cb569d7e,-50.19141,-27.14242,2026-04-20 17:24:00+00:00,2026-04-20,NOAA-21,TAIÓ,SANTA CATARINA,Brasil,,,,Mata Atlântica,33,42,4217808,8,,221_079,22.4,POINT(-50.19141 -27.14242)
1814859668,287101ee-51ab-3b9f-9a55-886c99d54553,-49.10757,-28.06745,2026-04-20 17:24:00+00:00,2026-04-20,NOAA-21,RIO FORTUNA,SANTA CATARINA,Brasil,,,,Mata Atlântica,33,42,4214904,8,,220_079,0.8,POINT(-49.10757 -28.06745)
1814859667,3ba43318-113e-3b28-8c42-58caf87d6c6a,-49.40205,-28.5561,2026-04-20 17:24:00+00:00,2026-04-20,NOAA-21,SIDERÓPOLIS,SANTA CATARINA,Brasil,,,,Mata Atlântica,33,42,4217600,8,,220_080,6.1,POINT(-49.40205 -28.5561)
1814859666,fae6a29b-702c-307a-beb9-07d4e4323e91,-50.64471,-29.39587,2026-04-20 17:24:00+00:00,2026-04-20,NOAA-21,CANELA,RIO GRANDE DO SUL,Brasil,,,,Mata Atlântica,33,43,4304408,8,,221_080,6.7,POINT(-50.64471 -29.39587)
1814858845,c184a472-2e5e-3e96-8ac8-5d2a647e20d0,-51.32892,-27.08923,2026-04-20 17:24:00+00:00,2026-04-20,NOAA-21,IBICARÉ,SANTA CATARINA,Brasil,,,,Mata Atlântica,33,42,4206801,8,,221_079,10.1,POINT(-51.32892 -27.08923)
1814858842,6ff6c245-63b7-3599-9b63-9d4d80d6c4d8,-49.22338,-26.0996,2026-04-20 17:24:00+00:00,2026-04-20,NOAA-21,CAMPO ALEGRE,SANTA CATARINA,Brasil,,,,Mata Atlântica,33,42,4203303,8,,220_078,2.7,POINT(-49.22338 -26.0996)
1814858840,db59c78a-107e-3c86-99c6-24d9c3ee548e,-50.9453,-27.8048,2026-04-20 17:24:00+00:00,2026-04-20,NOAA-21,ANITA GARIBALDI,SANTA CATARINA,Brasil,,,,Mata Atlântica,33,42,4201000,8,,221_079,9.5,POINT(-50.9453 -27.8048)
1814858811,16a459b6-4d9c-3e94-b76c-2fb6550b87ab,-50.58195,-29.15805,2026-04-20 17:24:00+00:00,2026-04-20,NOAA-21,SÃO FRANCISCO DE PAULA,RIO GRANDE DO SUL,Brasil,,,,Mata Atlântica,33,43,4318200,8,,221_080,15.2,POINT(-50.58195 -29.15805)
1814858809,a347825a-d680-3601-bffa-e42b298664a5,-50.00368,-27.48159,2026-04-20 17:24:00+00:00,2026-04-20,NOAA-21,OTACÍLIO COSTA,SANTA CATARINA,Brasil,,,,Mata Atlântica,33,42,4211751,8,,221_079,9.8,POINT(-50.00368 -27.48159)
1814858804,91a06691-0d3e-312a-8caf-cc9b14b33183,-48.8605,-26.94633,2026-04-20 17:24:00+00:00,2026-04-20,NOAA-21,GASPAR,SANTA CATARINA,Brasil,,,,Mata Atlântica,33,42,4205902,8,,220_079,5.0,POINT(-48.8605 -26.94633)
1814858789,15983a2e-b727-3c68-99e2-aad8f5878da5,-49.20492,-28.38708,2026-04-20 17:24:00+00:00,2026-04-20,NOAA-21,SÃO LUDGERO,SANTA CATARINA,Brasil,,,,Mata Atlântica,33,42,4217006,8,,220_080,5.4,POINT(-49.20492 -28.38708)
1814858760,7c7358f0-331d-33c9-8d6a-42e695192370,-50.00273,-27.4854,2026-04-20 17:24:00+00:00,2026-04-20,NOAA-21,OTACÍLIO COSTA,SANTA CATARINA,Brasil,,,,Mata Atlântica,33,42,4211751,8,,221_079,9.9,POINT(-50.00273 -27.4854)
1814858744,f558a809-5bcb-3162-b6eb-1d93f420e853,-49.4486,-27.63087,2026-04-20 17:24:00+00:00,2026-04-20,NOAA-21,ALFREDO WAGNER,SANTA CATARINA,Brasil,,,,Mata Atlântica,33,42,4200705,8,,220_079,6.3,POINT(-49.4486 -27.63087)
1814858734,900c208f-2cfc-3c4a-9811-24ce8863cc06,-50.12678,-25.18506,2026-04-20 17:24:00+00:00,2026-04-20,NOAA-21,PONTA GROSSA,PARANÁ,Brasil,,,,Mata Atlântica,33,41,4119905,8,,221_077,2.1,POINT(-50.12678 -25.18506)
1814858717,43cda9cc-218e-39d2-88f3-47c77ed9eeda,-52.17679,-27.0022,2026-04-20 17:24:00+00:00,2026-04-20,NOAA-21,IPUMIRIM,SANTA CATARINA,Brasil,,,,Mata Atlântica,33,42,4207700,8,,222_079,11.6,POINT(-52.17679 -27.0022)
1814858708,843b37ff-7fa6-311f-9fe4-383a41bf0147,-51.25968,-26.74862,2026-04-20 17:24:00+00:00,2026-04-20,NOAA-21,CAÇADOR,SANTA CATARINA,Brasil,,,,Mata Atlântica,33,42,4203006,8,,221_079,2.4,POINT(-51.25968 -26.74862)
1814858700,1ed783c5-5db5-3e1e-9f08-8864cc483c4a,-50.33109,-26.42403,2026-04-20 17:24:00+00:00,2026-04-20,NOAA-21,MAJOR VIEIRA,SANTA CATARINA,Brasil,,,,Mata Atlântica,33,42,4210308,8,,221_078,5.1,POINT(-50.33109 -26.42403)
1814858679,fb302e06-613a-38c5-9419-c377038ef350,-50.4805,-27.21956,2026-04-20 17:24:00+00:00,2026-04-20,NOAA-21,PONTE ALTA DO NORTE,SANTA CATARINA,Brasil,,,,Mata Atlântica,33,42,4213351,8,,221_079,15.2,POINT(-50.4805 -27.21956)
1814858665,5504b883-c50e-362c-829e-cf62b68641ab,-49.20222,-24.72505,2026-04-20 17:24:00+00:00,2026-04-20,NOAA-21,CERRO AZUL,PARANÁ,Brasil,,,,Mata Atlântica,33,41,4105201,8,,220_077,16.0,POINT(-49.20222 -24.72505)
1814858658,7e08a6cf-5c0a-3f48-9c5c-54ed121e2ced,-49.42188,-27.44191,2026-04-20 17:24:00+00:00,2026-04-20,NOAA-21,VIDAL RAMOS,SANTA CATARINA,Brasil,,,,Mata Atlântica,33,42,4219200,8,,220_079,5.4,POINT(-49.42188 -27.44191)
1814858642,db6ac5b5-4cd6-3bf2-bb36-f128b1059f05,-49.8553,-27.74619,2026-04-20 17:24:00+00:00,2026-04-20,NOAA-21,BOCAINA DO SUL,SANTA CATARINA,Brasil,,,,Mata Atlântica,33,42,4202438,8,,220_079,3.1,POINT(-49.8553 -27.74619)
1814858609,1368847a-f19d-3857-9b18-494bee0c3da7,-49.39619,-25.1755,2026-04-20 17:24:00+00:00,2026-04-20,NOAA-21,RIO BRANCO DO SUL,PARANÁ,Brasil,,,,Mata Atlântica,33,41,4122206,8,,221_077,8.8,POINT(-49.39619 -25.1755)
1814858604,7ef4c1ed-0b24-391d-9f0a-dd51c105c476,-49.57721,-27.00209,2026-04-20 17:24:00+00:00,2026-04-20,NOAA-21,IBIRAMA,SANTA CATARINA,Brasil,,,,Mata Atlântica,33,42,4206900,8,,220_079,30.4,POINT(-49.57721 -27.00209)
1814858566,90dac62b-6be0-37a6-95c2-a2cc1fb519ba,-49.2108,-24.72236,2026-04-20 17:24:00+00:00,2026-04-20,NOAA-21,CERRO AZUL,PARANÁ,Brasil,,,,Mata Atlântica,33,41,4105201,8,,220_077,6.7,POINT(-49.2108 -24.72236)
1814858548,7eb27994-1565-3b2c-9f8b-4ea29ad24b28,-50.40562,-27.49101,2026-04-20 17:24:00+00:00,2026-04-20,NOAA-21,CORREIA PINTO,SANTA CATARINA,Brasil,,,,Mata Atlântica,33,42,4204558,8,,221_079,2.8,POINT(-50.40562 -27.49101)
1814858542,ae4d8254-c2ce-3cc2-8009-3bd4884c8172,-49.11047,-28.07218,2026-04-20 17:24:00+00:00,2026-04-20,NOAA-21,RIO FORTUNA,SANTA CATARINA,Brasil,,,,Mata Atlântica,33,42,4214904,8,,220_079,4.3,POINT(-49.11047 -28.07218)
1814858523,a48a8abd-c60d-3b30-9233-1e504b97f9f2,-51.00567,-29.45322,2026-04-20 17:24:00+00:00,2026-04-20,NOAA-21,SANTA MARIA DO HERVAL,RIO GRANDE DO SUL,Brasil,,,,Mata Atlântica,33,43,4316956,8,,221_080,3.6,POINT(-51.00567 -29.45322)
1814858516,c8fbbcc7-1164-3ffa-b3e5-2121379905a2,-49.44873,-27.7324,2026-04-20 17:24:00+00:00,2026-04-20,NOAA-21,ALFREDO WAGNER,SANTA CATARINA,Brasil,,,,Mata Atlântica,33,42,4200705,8,,220_079,7.3,POINT(-49.44873 -27.7324)
1814858482,97abe1f3-0575-36a0-b871-3a216df3b86d,-49.20616,-24.72583,2026-04-20 17:24:00+00:00,2026-04-20,NOAA-21,CERRO AZUL,PARANÁ,Brasil,,,,Mata Atlântica,33,41,4105201,8,,220_077,16.0,POINT(-49.20616 -24.72583)
1814858460,41995f64-a82c-36ce-a961-ab0fe8a35172,-49.29235,-26.75734,2026-04-20 17:24:00+00:00,2026-04-20,NOAA-21,RIO DOS CEDROS,SANTA CATARINA,Brasil,,,,Mata Atlântica,33,42,4214706,8,,220_079,3.5,POINT(-49.29235 -26.75734)
1814858459,042f4208-ffbf-3015-962a-789beac1d253,-49.36145,-27.12556,2026-04-20 17:24:00+00:00,2026-04-20,NOAA-21,APIÚNA,SANTA CATARINA,Brasil,,,,Mata Atlântica,33,42,4201257,8,,220_079,4.0,POINT(-49.36145 -27.12556)
1814858437,291095fa-48f6-32db-82b9-6a7cf06a6f5c,-50.80177,-28.88829,2026-04-20 17:24:00+00:00,2026-04-20,NOAA-21,SÃO FRANCISCO DE PAULA,RIO GRANDE DO SUL,Brasil,,,,Mata Atlântica,33,43,4318200,8,,221_080,8.4,POINT(-50.80177 -28.88829)
1814858427,e04f872e-ba78-3d90-b4e7-f8db5f852bf0,-49.05387,-28.05683,2026-04-20 17:24:00+00:00,2026-04-20,NOAA-21,SÃO MARTINHO,SANTA CATARINA,Brasil,,,,Mata Atlântica,33,42,4217105,8,,220_079,9.7,POINT(-49.05387 -28.05683)
1814858419,87227501-2f93-39ca-8f49-63e61eef0cf0,-52.00122,-26.99699,2026-04-20 17:24:00+00:00,2026-04-20,NOAA-21,IRANI,SANTA CATARINA,Brasil,,,,Mata Atlântica,33,42,4207809,8,,222_079,14.9,POINT(-52.00122 -26.99699)
1814858407,6df01f67-d43b-36d6-95c6-b88637f1fc6b,-50.56723,-27.4976,2026-04-20 17:24:00+00:00,2026-04-20,NOAA-21,CURITIBANOS,SANTA CATARINA,Brasil,,,,Mata Atlântica,33,42,4204806,8,,221_079,5.1,POINT(-50.56723 -27.4976)
1814858405,eff71e9a-89dc-3c43-92a5-169bad9b0511,-50.80742,-28.88556,2026-04-20 17:24:00+00:00,2026-04-20,NOAA-21,SÃO FRANCISCO DE PAULA,RIO GRANDE DO SUL,Brasil,,,,Mata Atlântica,33,43,4318200,8,,221_080,8.4,POINT(-50.80742 -28.88556)
1814858402,1bc8915c-2cbd-3973-96a4-9006ed876523,-49.20693,-24.72159,2026-04-20 17:24:00+00:00,2026-04-20,NOAA-21,CERRO AZUL,PARANÁ,Brasil,,,,Mata Atlântica,33,41,4105201,8,,220_077,9.3,POINT(-49.20693 -24.72159)
1814858352,957f18fa-f09f-3a96-8d37-bbbbb66f4fd6,-48.98275,-25.99653,2026-04-20 17:24:00+00:00,2026-04-20,NOAA-21,TIJUCAS DO SUL,PARANÁ,Brasil,,,,Mata Atlântica,33,41,4127601,8,,220_078,17.2,POINT(-48.98275 -25.99653)
1814858345,4e85fc5e-141d-38f3-a4db-1b07a78308ba,-49.20664,-28.38874,2026-04-20 17:24:00+00:00,2026-04-20,NOAA-21,ORLEANS,SANTA CATARINA,Brasil,,,,Mata Atlântica,33,42,4211702,8,,220_080,3.5,POINT(-49.20664 -28.38874)
1814858328,59d78eda-a0d7-36b0-823b-7fdbc8c64ee3,-50.80764,-27.01371,2026-04-20 17:24:00+00:00,2026-04-20,NOAA-21,FRAIBURGO,SANTA CATARINA,Brasil,,,,Mata Atlântica,33,42,4205506,8,,221_079,5.6,POINT(-50.80764 -27.01371)
1814858304,7ebba89a-d8be-327e-8188-0c7be3a867e2,-49.60717,-28.7975,2026-04-20 17:24:00+00:00,2026-04-20,NOAA-21,MELEIRO,SANTA CATARINA,Brasil,,,,Mata Atlântica,33,42,4210803,8,,220_080,20.2,POINT(-49.60717 -28.7975)
1814858297,21f9e768-5590-36a5-ac8f-7ceec216d9a4,-49.79464,-24.92494,2026-04-20 17:24:00+00:00,2026-04-20,NOAA-21,CASTRO,PARANÁ,Brasil,,,,Mata Atlântica,33,41,4104907,8,,221_077,10.4,POINT(-49.79464 -24.92494)
1814858261,872dbe29-f8c1-3982-834e-57b1ad57ec52,-49.14126,-25.75677,2026-04-20 17:24:00+00:00,2026-04-20,NOAA-21,TIJUCAS DO SUL,PARANÁ,Brasil,,,,Mata Atlântica,33,41,4127601,8,,220_078,3.0,POINT(-49.14126 -25.75677)
1814858253,40598ab3-2443-33be-8af5-14db85b09e33,-49.58254,-27.00311,2026-04-20 17:24:00+00:00,2026-04-20,NOAA-21,IBIRAMA,SANTA CATARINA,Brasil,,,,Mata Atlântica,33,42,4206900,8,,220_079,30.4,POINT(-49.58254 -27.00311)
1814858252,834ad788-2c04-34f5-990f-4f02adff208f,-49.85266,-27.78573,2026-04-20 17:24:00+00:00,2026-04-20,NOAA-21,BOCAINA DO SUL,SANTA CATARINA,Brasil,,,,Mata Atlântica,33,42,4202438,8,,220_079,7.6,POINT(-49.85266 -27.78573)
1814858023,49ed90d6-1b86-3e3c-b6af-7cfe9c9dfe14,-50.81216,-28.88641,2026-04-20 17:24:00+00:00,2026-04-20,NOAA-21,SÃO FRANCISCO DE PAULA,RIO GRANDE DO SUL,Brasil,,,,Mata Atlântica,33,43,4318200,8,,221_080,6.8,POINT(-50.81216 -28.88641)
1814858028,e9ad5a95-7282-32a7-ab76-1afa9e2e0b7f,-51.54753,-27.071,2026-04-20 17:24:00+00:00,2026-04-20,NOAA-21,LUZERNA,SANTA CATARINA,Brasil,,,,Mata Atlântica,33,42,4210035,8,,222_079,4.3,POINT(-51.54753 -27.071)
1814858040,675e31c2-9ac5-38d8-b936-f6268fa0afac,-50.82118,-27.34073,2026-04-20 17:24:00+00:00,2026-04-20,NOAA-21,BRUNÓPOLIS,SANTA CATARINA,Brasil,,,,Mata Atlântica,33,42,4202875,8,,221_079,43.9,POINT(-50.82118 -27.34073)
1814858045,2ac24748-983d-32cb-9d54-66aa979cc2e5,-50.07265,-25.17713,2026-04-20 17:24:00+00:00,2026-04-20,NOAA-21,PONTA GROSSA,PARANÁ,Brasil,,,,Mata Atlântica,33,41,4119905,8,,221_077,3.5,POINT(-50.07265 -25.17713)
1814858060,f467751a-3a91-397a-abae-87019ef88822,-49.79919,-25.14913,2026-04-20 17:24:00+00:00,2026-04-20,NOAA-21,PONTA GROSSA,PARANÁ,Brasil,,,,Mata Atlântica,33,41,4119905,8,,221_077,3.4,POINT(-49.79919 -25.14913)
1814858076,5a21297f-4f39-3b89-86e1-910de6dfa890,-51.25151,-28.5309,2026-04-20 17:24:00+00:00,2026-04-20,NOAA-21,MUITOS CAPÕES,RIO GRANDE DO SUL,Brasil,,,,Mata Atlântica,33,43,4312617,8,,221_080,6.5,POINT(-51.25151 -28.5309)
1814858082,cc5a1507-3c16-3f8d-bc4f-6291efbc2ea2,-49.44205,-27.73521,2026-04-20 17:24:00+00:00,2026-04-20,NOAA-21,ALFREDO WAGNER,SANTA CATARINA,Brasil,,,,Mata Atlântica,33,42,4200705,8,,220_079,7.3,POINT(-49.44205 -27.73521)
1814858249,b3d67013-4278-35bb-9bb9-9f9166db2766,-50.21684,-27.92912,2026-04-20 17:24:00+00:00,2026-04-20,NOAA-21,LAGES,SANTA CATARINA,Brasil,,,,Mata Atlântica,33,42,4209300,8,,221_079,9.8,POINT(-50.21684 -27.92912)
1814858125,65f7609e-ffb1-3e59-98c7-dd613ead6564,-49.55531,-28.91906,2026-04-20 17:24:00+00:00,2026-04-20,NOAA-21,TURVO,SANTA CATARINA,Brasil,,,,Mata Atlântica,33,42,4218806,8,,220_080,5.7,POINT(-49.55531 -28.91906)
1814858143,129abd7c-91e6-38f2-abe5-534f0212c375,-51.92771,-27.1227,2026-04-20 17:24:00+00:00,2026-04-20,NOAA-21,IRANI,SANTA CATARINA,Brasil,,,,Mata Atlântica,33,42,4207809,8,,222_079,7.1,POINT(-51.92771 -27.1227)
1814858144,9ee2cfd5-04d7-3da7-a052-8b51d4eb1698,-50.0839,-26.86335,2026-04-20 17:24:00+00:00,2026-04-20,NOAA-21,RIO DO CAMPO,SANTA CATARINA,Brasil,,,,Mata Atlântica,33,42,4214508,8,,221_079,3.9,POINT(-50.0839 -26.86335)
1814858146,3ccc2dc6-c346-3a96-9d3f-1f73204a3466,-52.75523,-30.6182,2026-04-20 17:24:00+00:00,2026-04-20,NOAA-21,ENCRUZILHADA DO SUL,RIO GRANDE DO SUL,Brasil,,,,Pampa,33,43,4306908,8,,222_081,2.0,POINT(-52.75523 -30.6182)
1814858156,58b6bde0-152b-30d5-a295-7b76d8e4b9af,-49.44276,-27.73125,2026-04-20 17:24:00+00:00,2026-04-20,NOAA-21,ALFREDO WAGNER,SANTA CATARINA,Brasil,,,,Mata Atlântica,33,42,4200705,8,,220_079,7.3,POINT(-49.44276 -27.73125)
1814858159,762b7c51-ee8e-383e-b71a-30d7b7e93829,-50.10426,-26.89524,2026-04-20 17:24:00+00:00,2026-04-20,NOAA-21,RIO DO CAMPO,SANTA CATARINA,Brasil,,,,Mata Atlântica,33,42,4214508,8,,221_079,6.0,POINT(-50.10426 -26.89524)
1814858172,b1fcfbee-4555-317b-840f-641d3a9005e2,-51.45766,-27.3459,2026-04-20 17:24:00+00:00,2026-04-20,NOAA-21,CAMPOS NOVOS,SANTA CATARINA,Brasil,,,,Mata Atlântica,33,42,4203600,8,,222_079,29.7,POINT(-51.45766 -27.3459)
1814858182,0e1443a3-5d2c-33b8-b2aa-b531e226098f,-50.21328,-27.93249,2026-04-20 17:24:00+00:00,2026-04-20,NOAA-21,LAGES,SANTA CATARINA,Brasil,,,,Mata Atlântica,33,42,4209300,8,,221_079,6.1,POINT(-50.21328 -27.93249)
1814858183,37de8550-3f35-3cce-9a85-941dcf6a5387,-49.60519,-28.79503,2026-04-20 17:24:00+00:00,2026-04-20,NOAA-21,MELEIRO,SANTA CATARINA,Brasil,,,,Mata Atlântica,33,42,4210803,8,,220_080,27.1,POINT(-49.60519 -28.79503)
1814858194,671e5911-3b8e-3994-b17a-5312c91631a6,-50.9618,-29.97419,2026-04-20 17:24:00+00:00,2026-04-20,NOAA-21,ALVORADA,RIO GRANDE DO SUL,Brasil,,,,Pampa,33,43,4300604,8,,221_081,3.0,POINT(-50.9618 -29.97419)
1814858217,cd37539b-e3ef-3c61-aa0a-d14f56801f57,-49.04852,-28.18626,2026-04-20 17:24:00+00:00,2026-04-20,NOAA-21,ARMAZÉM,SANTA CATARINA,Brasil,,,,Mata Atlântica,33,42,4201505,8,,220_080,11.4,POINT(-49.04852 -28.18626)
1814858223,cb936e17-b3e8-3675-8c6e-ca037ce9ca5f,-51.20613,-27.6292,2026-04-20 17:24:00+00:00,2026-04-20,NOAA-21,CELSO RAMOS,SANTA CATARINA,Brasil,,,,Mata Atlântica,33,42,4204152,8,,221_079,21.0,POINT(-51.20613 -27.6292)
1814858230,98da699c-f663-33bb-b2e4-ccd37ffb047a,-49.33877,-25.91873,2026-04-20 17:24:00+00:00,2026-04-20,NOAA-21,MANDIRITUBA,PARANÁ,Brasil,,,,Mata Atlântica,33,41,4114302,8,,220_078,8.2,POINT(-49.33877 -25.91873)
1814859663,a9d2dc78-da17-3ec6-bb95-2df297675544,-49.33517,-27.3523,2026-04-20 17:24:00+00:00,2026-04-20,NOAA-21,VIDAL RAMOS,SANTA CATARINA,Brasil,,,,Mata Atlântica,33,42,4219200,8,,220_079,10.7,POINT(-49.33517 -27.3523)
1814859646,2b3710ef-e728-3e63-aad4-ac7e279126ba,-50.37906,-26.96936,2026-04-20 17:24:00+00:00,2026-04-20,NOAA-21,SANTA CECÍLIA,SANTA CATARINA,Brasil,,,,Mata Atlântica,33,42,4215505,8,,221_079,3.0,POINT(-50.37906 -26.96936)
1814859639,11fb1333-a597-33c8-a07b-d8f1890cf883,-48.71333,-26.60084,2026-04-20 17:24:00+00:00,2026-04-20,NOAA-21,BARRA VELHA,SANTA CATARINA,Brasil,,,,Mata Atlântica,33,42,4202107,8,,220_078,5.7,POINT(-48.71333 -26.60084)
1814859633,44a5d4de-f0e4-3827-b9e7-450b3c1a9d45,-49.193,-24.2363,2026-04-20 17:24:00+00:00,2026-04-20,NOAA-21,ITARARÉ,SÃO PAULO,Brasil,,,,Cerrado,33,35,3523206,8,,221_077,11.5,POINT(-49.193 -24.2363)
1814859622,242feb8d-7484-3894-a9c9-864ec217877d,-49.17961,-27.61628,2026-04-20 17:24:00+00:00,2026-04-20,NOAA-21,RANCHO QUEIMADO,SANTA CATARINA,Brasil,,,,Mata Atlântica,33,42,4214300,8,,220_079,3.0,POINT(-49.17961 -27.61628)
1814859620,f296e218-0ee5-3db2-a3c7-6cc8887f28af,-51.46597,-27.35108,2026-04-20 17:24:00+00:00,2026-04-20,NOAA-21,CAMPOS NOVOS,SANTA CATARINA,Brasil,,,,Mata Atlântica,33,42,4203600,8,,222_079,17.3,POINT(-51.46597 -27.35108)
1814859612,9a1d08e9-204d-3cb7-9d90-5e8e04cb7a08,-49.99836,-27.48057,2026-04-20 17:24:00+00:00,2026-04-20,NOAA-21,OTACÍLIO COSTA,SANTA CATARINA,Brasil,,,,Mata Atlântica,33,42,4211751,8,,221_079,9.8,POINT(-49.99836 -27.48057)
1814859610,9e33057b-7e62-39a7-826e-7108378390df,-49.85167,-27.74394,2026-04-20 17:24:00+00:00,2026-04-20,NOAA-21,BOCAINA DO SUL,SANTA CATARINA,Brasil,,,,Mata Atlântica,33,42,4202438,8,,220_079,3.9,POINT(-49.85167 -27.74394)
1814859607,6176c559-9ed3-39b0-b499-65b6dd8ccdf8,-49.65593,-26.77747,2026-04-20 17:24:00+00:00,2026-04-20,NOAA-21,JOSÉ BOITEUX,SANTA CATARINA,Brasil,,,,Mata Atlântica,33,42,4209151,8,,220_079,5.0,POINT(-49.65593 -26.77747)
1814859542,93c8ed27-9591-307d-89e5-a48231754700,-50.66151,-27.19421,2026-04-20 17:24:00+00:00,2026-04-20,NOAA-21,CURITIBANOS,SANTA CATARINA,Brasil,,,,Mata Atlântica,33,42,4204806,8,,221_079,4.5,POINT(-50.66151 -27.19421)
1814859528,e1c5c4ec-c80d-3d05-96ec-7e7ee77f195d,-51.46146,-27.35028,2026-04-20 17:24:00+00:00,2026-04-20,NOAA-21,CAMPOS NOVOS,SANTA CATARINA,Brasil,,,,Mata Atlântica,33,42,4203600,8,,222_079,29.7,POINT(-51.46146 -27.35028)
1814859520,2a0de322-f32c-3021-b420-083e4cdca977,-50.64463,-27.30451,2026-04-20 17:24:00+00:00,2026-04-20,NOAA-21,CURITIBANOS,SANTA CATARINA,Brasil,,,,Mata Atlântica,33,42,4204806,8,,221_079,7.9,POINT(-50.64463 -27.30451)
1814859491,4e0c3c70-c307-3dbf-bceb-cea8741f4136,-50.47192,-29.73449,2026-04-20 17:24:00+00:00,2026-04-20,NOAA-21,SANTO ANTÔNIO DA PATRULHA,RIO GRANDE DO SUL,Brasil,,,,Mata Atlântica,33,43,4317608,8,,220_081,5.0,POINT(-50.47192 -29.73449)
1814859482,b8b0de54-8e87-383a-9521-030cadded4e1,-51.21086,-27.63005,2026-04-20 17:24:00+00:00,2026-04-20,NOAA-21,CELSO RAMOS,SANTA CATARINA,Brasil,,,,Mata Atlântica,33,42,4204152,8,,221_079,21.0,POINT(-51.21086 -27.63005)
1814859478,56452dd1-33f4-3974-8b2e-ac553fb2786d,-49.57604,-27.00599,2026-04-20 17:24:00+00:00,2026-04-20,NOAA-21,IBIRAMA,SANTA CATARINA,Brasil,,,,Mata Atlântica,33,42,4206900,8,,220_079,3.1,POINT(-49.57604 -27.00599)
1814859476,b8457e71-b4c0-37c0-985e-481385fe135c,-50.74054,-28.59046,2026-04-20 17:24:00+00:00,2026-04-20,NOAA-21,VACARIA,RIO GRANDE DO SUL,Brasil,,,,Mata Atlântica,33,43,4322509,8,,221_080,0.7,POINT(-50.74054 -28.59046)
1814859444,18d3c471-1960-37d8-85b5-edb71a08486b,-51.17805,-26.01392,2026-04-20 17:24:00+00:00,2026-04-20,NOAA-21,CRUZ MACHADO,PARANÁ,Brasil,,,,Mata Atlântica,33,41,4106803,8,,222_078,3.6,POINT(-51.17805 -26.01392)
1814859428,439dbfc8-b228-3cb2-85bf-59a226489d4b,-50.91192,-25.04379,2026-04-20 17:24:00+00:00,2026-04-20,NOAA-21,IVAÍ,PARANÁ,Brasil,,,,Mata Atlântica,33,41,4111407,8,,222_077,12.3,POINT(-50.91192 -25.04379)
1814859413,7846b7b4-d0fe-3a02-b29d-d2c74063b7e8,-48.87365,-28.4383,2026-04-20 17:24:00+00:00,2026-04-20,NOAA-21,PESCARIA BRAVA,SANTA CATARINA,Brasil,,,,Mata Atlântica,33,42,4212650,8,,220_080,2.6,POINT(-48.87365 -28.4383)
1814859398,fd2c059b-2d75-39b8-90dd-617949579342,-49.45135,-27.42861,2026-04-20 17:24:00+00:00,2026-04-20,NOAA-21,VIDAL RAMOS,SANTA CATARINA,Brasil,,,,Mata Atlântica,33,42,4219200,8,,220_079,4.5,POINT(-49.45135 -27.42861)
1814859397,ccd692e8-1c8b-3481-a284-18abe19c292f,-49.49492,-26.69636,2026-04-20 17:24:00+00:00,2026-04-20,NOAA-21,DOUTOR PEDRINHO,SANTA CATARINA,Brasil,,,,Mata Atlântica,33,42,4205159,8,,220_079,13.6,POINT(-49.49492 -26.69636)
1814859371,e840aeea-48cb-3a7d-96ec-4ef30823a203,-51.25238,-28.52737,2026-04-20 17:24:00+00:00,2026-04-20,NOAA-21,MUITOS CAPÕES,RIO GRANDE DO SUL,Brasil,,,,Mata Atlântica,33,43,4312617,8,,221_080,6.5,POINT(-51.25238 -28.52737)
1814859368,fc772786-800b-3325-aaa2-ac3e4abaff55,-50.60009,-27.16734,2026-04-20 17:24:00+00:00,2026-04-20,NOAA-21,PONTE ALTA DO NORTE,SANTA CATARINA,Brasil,,,,Mata Atlântica,33,42,4213351,8,,221_079,57.6,POINT(-50.60009 -27.16734)
1814859360,4e7eb578-e0a3-33f7-8b38-ff1daab1f03b,-50.10962,-26.89625,2026-04-20 17:24:00+00:00,2026-04-20,NOAA-21,RIO DO CAMPO,SANTA CATARINA,Brasil,,,,Mata Atlântica,33,42,4214508,8,,221_079,6.0,POINT(-50.10962 -26.89625)
1814859358,7ef8c164-338d-3e68-8582-eb202003da7a,-50.47396,-29.73509,2026-04-20 17:24:00+00:00,2026-04-20,NOAA-21,SANTO ANTÔNIO DA PATRULHA,RIO GRANDE DO SUL,Brasil,,,,Mata Atlântica,33,43,4317608,8,,220_081,7.1,POINT(-50.47396 -29.73509)
1814859357,dbb1056a-6add-3828-9b72-443de0965d95,-50.21607,-27.9329,2026-04-20 17:24:00+00:00,2026-04-20,NOAA-21,LAGES,SANTA CATARINA,Brasil,,,,Mata Atlântica,33,42,4209300,8,,221_079,7.9,POINT(-50.21607 -27.9329)
1814859339,d4debe55-6e4e-3620-9803-e6731377feee,-51.32682,-26.16514,2026-04-20 17:24:00+00:00,2026-04-20,NOAA-21,BITURUNA,PARANÁ,Brasil,,,,Mata Atlântica,33,41,4102901,8,,222_078,3.2,POINT(-51.32682 -26.16514)
1814859334,cca91130-7a44-3021-a8cf-59731af6946c,-49.05244,-28.18703,2026-04-20 17:24:00+00:00,2026-04-20,NOAA-21,ARMAZÉM,SANTA CATARINA,Brasil,,,,Mata Atlântica,33,42,4201505,8,,220_080,4.1,POINT(-49.05244 -28.18703)
1814859325,75a1b8fb-1fc4-3906-a0de-0504e7452d10,-49.22398,-26.09825,2026-04-20 17:24:00+00:00,2026-04-20,NOAA-21,CAMPO ALEGRE,SANTA CATARINA,Brasil,,,,Mata Atlântica,33,42,4203303,8,,220_078,2.9,POINT(-49.22398 -26.09825)
1814859316,7dab0bda-db13-3bee-8f9d-a67ff9277da8,-50.33208,-26.42636,2026-04-20 17:24:00+00:00,2026-04-20,NOAA-21,MAJOR VIEIRA,SANTA CATARINA,Brasil,,,,Mata Atlântica,33,42,4210308,8,,221_078,1.5,POINT(-50.33208 -26.42636)
1814859305,f2ca501d-afd7-363c-b91a-0cd5baf3867d,-51.32108,-27.08032,2026-04-20 17:24:00+00:00,2026-04-20,NOAA-21,TANGARÁ,SANTA CATARINA,Brasil,,,,Mata Atlântica,33,42,4217907,8,,221_079,3.3,POINT(-51.32108 -27.08032)
1814859300,45e69720-db6b-3ff4-836a-da9dd1c6c47d,-49.21362,-28.57656,2026-04-20 17:24:00+00:00,2026-04-20,NOAA-21,TREZE DE MAIO,SANTA CATARINA,Brasil,,,,Mata Atlântica,33,42,4218400,8,,220_080,6.1,POINT(-49.21362 -28.57656)
1814859288,b1cbc774-edd2-392d-892f-1fda09c230ce,-51.32618,-25.73168,2026-04-20 17:24:00+00:00,2026-04-20,NOAA-21,INÁCIO MARTINS,PARANÁ,Brasil,,,,Mata Atlântica,33,41,4110201,8,,222_078,14.8,POINT(-51.32618 -25.73168)
1814859287,bfa7481b-de8b-33e0-8759-fefe941cbdd2,-49.21008,-24.7266,2026-04-20 17:24:00+00:00,2026-04-20,NOAA-21,CERRO AZUL,PARANÁ,Brasil,,,,Mata Atlântica,33,41,4105201,8,,220_077,5.3,POINT(-49.21008 -24.7266)
1814859279,36614b92-a411-3449-b629-a16e1abe0085,-49.51204,-28.91069,2026-04-20 17:24:00+00:00,2026-04-20,NOAA-21,ARARANGUÁ,SANTA CATARINA,Brasil,,,,Mata Atlântica,33,42,4201406,8,,220_080,3.8,POINT(-49.51204 -28.91069)
1814859271,29846847-0a09-3ab9-9893-b32cdbf3e705,-50.21301,-27.5489,2026-04-20 17:24:00+00:00,2026-04-20,NOAA-21,PALMEIRA,SANTA CATARINA,Brasil,,,,Mata Atlântica,33,42,4212056,8,,221_079,2.4,POINT(-50.21301 -27.5489)
1814859264,a0e78f8d-bab5-326e-ad2c-ce9b8c227927,-49.40031,-25.17631,2026-04-20 17:24:00+00:00,2026-04-20,NOAA-21,ITAPERUÇU,PARANÁ,Brasil,,,,Mata Atlântica,33,41,4111258,8,,221_077,9.3,POINT(-49.40031 -25.17631)
1814859258,48bd1660-0396-39bc-83b7-ac9d75a486e9,-49.76565,-25.71534,2026-04-20 17:24:00+00:00,2026-04-20,NOAA-21,LAPA,PARANÁ,Brasil,,,,Mata Atlântica,33,41,4113205,8,,221_078,8.7,POINT(-49.76565 -25.71534)
1814859251,f17f66d1-bdfc-3d63-a50a-a66029865759,-48.87381,-28.43929,2026-04-20 17:24:00+00:00,2026-04-20,NOAA-21,PESCARIA BRAVA,SANTA CATARINA,Brasil,,,,Mata Atlântica,33,42,4212650,8,,220_080,3.0,POINT(-48.87381 -28.43929)
1814859250,b89f68e2-2009-3868-a781-14390b0f8a26,-50.56812,-27.4939,2026-04-20 17:24:00+00:00,2026-04-20,NOAA-21,CURITIBANOS,SANTA CATARINA,Brasil,,,,Mata Atlântica,33,42,4204806,8,,221_079,5.0,POINT(-50.56812 -27.4939)
1814859213,7e720f9c-ae68-32db-a107-e1e70632c40d,-50.18647,-25.47948,2026-04-20 17:24:00+00:00,2026-04-20,NOAA-21,PALMEIRA,PARANÁ,Brasil,,,,Mata Atlântica,33,41,4117701,8,,221_078,6.0,POINT(-50.18647 -25.47948)
1814859153,9f35094a-1dec-3443-8c0b-095738597b03,-49.33975,-25.10239,2026-04-20 17:24:00+00:00,2026-04-20,NOAA-21,RIO BRANCO DO SUL,PARANÁ,Brasil,,,,Mata Atlântica,33,41,4122206,8,,221_077,2.5,POINT(-49.33975 -25.10239)
1814859149,0c410ada-0c62-3315-9309-25db12899eb8,-48.98676,-25.99732,2026-04-20 17:24:00+00:00,2026-04-20,NOAA-21,TIJUCAS DO SUL,PARANÁ,Brasil,,,,Mata Atlântica,33,41,4127601,8,,220_078,13.7,POINT(-48.98676 -25.99732)
1814859136,8efd8d1a-8241-395d-9350-bf6da03f0188,-51.32891,-26.16476,2026-04-20 17:24:00+00:00,2026-04-20,NOAA-21,BITURUNA,PARANÁ,Brasil,,,,Mata Atlântica,33,41,4102901,8,,222_078,4.1,POINT(-51.32891 -26.16476)
1814859135,36b4c5e4-acf6-3e60-bc93-d3a7c2ffe2a8,-50.56136,-27.50039,2026-04-20 17:24:00+00:00,2026-04-20,NOAA-21,CORREIA PINTO,SANTA CATARINA,Brasil,,,,Mata Atlântica,33,42,4204558,8,,221_079,5.1,POINT(-50.56136 -27.50039)
1814859122,30517ccf-046d-3445-9882-feaa04ec0e0f,-51.32357,-25.72977,2026-04-20 17:24:00+00:00,2026-04-20,NOAA-21,INÁCIO MARTINS,PARANÁ,Brasil,,,,Mata Atlântica,33,41,4110201,8,,222_078,7.2,POINT(-51.32357 -25.72977)
1814859118,94fdbc1c-169a-3d38-8cd1-12fd8a5a71be,-51.46227,-27.34671,2026-04-20 17:24:00+00:00,2026-04-20,NOAA-21,CAMPOS NOVOS,SANTA CATARINA,Brasil,,,,Mata Atlântica,33,42,4203600,8,,222_079,29.7,POINT(-51.46227 -27.34671)
1814859089,88bcf72b-a4c4-3ebc-a76c-a49a94c26959,-49.09781,-28.27262,2026-04-20 17:24:00+00:00,2026-04-20,NOAA-21,BRAÇO DO NORTE,SANTA CATARINA,Brasil,,,,Mata Atlântica,33,42,4202800,8,,220_080,5.9,POINT(-49.09781 -28.27262)
1814859086,905f6cf7-179f-3d99-ab5d-49f183ab5c6d,-49.14503,-25.75604,2026-04-20 17:24:00+00:00,2026-04-20,NOAA-21,TIJUCAS DO SUL,PARANÁ,Brasil,,,,Mata Atlântica,33,41,4127601,8,,220_078,3.0,POINT(-49.14503 -25.75604)
1814859079,75d2a415-f389-3124-ae37-324e67edea76,-49.04952,-28.07265,2026-04-20 17:24:00+00:00,2026-04-20,NOAA-21,SÃO MARTINHO,SANTA CATARINA,Brasil,,,,Mata Atlântica,33,42,4217105,8,,220_079,8.8,POINT(-49.04952 -28.07265)
1814859068,8cd47472-9bb0-38ad-b92d-ea6c21934b57,-50.82614,-27.34163,2026-04-20 17:24:00+00:00,2026-04-20,NOAA-21,BRUNÓPOLIS,SANTA CATARINA,Brasil,,,,Mata Atlântica,33,42,4202875,8,,221_079,43.9,POINT(-50.82614 -27.34163)
1814859043,c53cfb2a-fece-363b-a276-4173b680c966,-48.81003,-27.29968,2026-04-20 17:24:00+00:00,2026-04-20,NOAA-21,SÃO JOÃO BATISTA,SANTA CATARINA,Brasil,,,,Mata Atlântica,33,42,4216305,8,,220_079,3.4,POINT(-48.81003 -27.29968)
1814859032,9b7fc7f2-5bc7-3993-9e3a-b7bb6bf4c132,-51.32846,-25.73067,2026-04-20 17:24:00+00:00,2026-04-20,NOAA-21,INÁCIO MARTINS,PARANÁ,Brasil,,,,Mata Atlântica,33,41,4110201,8,,222_078,7.2,POINT(-51.32846 -25.73067)
1814859024,cc102b5c-8d0e-3621-ba9f-3f6ae50b5568,-50.60412,-27.17197,2026-04-20 17:24:00+00:00,2026-04-20,NOAA-21,PONTE ALTA DO NORTE,SANTA CATARINA,Brasil,,,,Mata Atlântica,33,42,4213351,8,,221_079,57.6,POINT(-50.60412 -27.17197)
1814859023,572104b3-c302-3d5b-a9e6-6fa7edd48ca4,-50.47748,-27.21872,2026-04-20 17:24:00+00:00,2026-04-20,NOAA-21,PONTE ALTA DO NORTE,SANTA CATARINA,Brasil,,,,Mata Atlântica,33,42,4213351,8,,221_079,3.6,POINT(-50.47748 -27.21872)
1814859021,7a073f25-0000-3430-8e9c-a116ad79efb9,-50.91293,-25.04004,2026-04-20 17:24:00+00:00,2026-04-20,NOAA-21,IVAÍ,PARANÁ,Brasil,,,,Mata Atlântica,33,41,4111407,8,,222_077,6.0,POINT(-50.91293 -25.04004)
1814858999,d3ec179a-1635-3615-a427-44c24906a02c,-49.60811,-28.79368,2026-04-20 17:24:00+00:00,2026-04-20,NOAA-21,MELEIRO,SANTA CATARINA,Brasil,,,,Mata Atlântica,33,42,4210803,8,,220_080,5.1,POINT(-49.60811 -28.79368)
1814858992,df2100e8-c9be-3e2a-895f-6eb930ca25c3,-50.64386,-29.39947,2026-04-20 17:24:00+00:00,2026-04-20,NOAA-21,CANELA,RIO GRANDE DO SUL,Brasil,,,,Mata Atlântica,33,43,4304408,8,,221_080,6.7,POINT(-50.64386 -29.39947)
1814858978,175ce7e6-e909-32f8-af67-fc1993243c90,-49.49327,-26.69891,2026-04-20 17:24:00+00:00,2026-04-20,NOAA-21,DOUTOR PEDRINHO,SANTA CATARINA,Brasil,,,,Mata Atlântica,33,42,4205159,8,,220_079,11.1,POINT(-49.49327 -26.69891)
1814858960,fe303591-db52-38c2-b918-6b27bbcfcb35,-49.44737,-28.23155,2026-04-20 17:24:00+00:00,2026-04-20,NOAA-21,ORLEANS,SANTA CATARINA,Brasil,,,,Mata Atlântica,33,42,4211702,8,,220_080,2.7,POINT(-49.44737 -28.23155)
1814858952,343e8505-4735-3528-b2b2-20ecf85180d1,-50.63993,-29.395,2026-04-20 17:24:00+00:00,2026-04-20,NOAA-21,SÃO FRANCISCO DE PAULA,RIO GRANDE DO SUL,Brasil,,,,Mata Atlântica,33,43,4318200,8,,221_080,14.1,POINT(-50.63993 -29.395)
1814858951,b66b17fd-dd1c-3edb-a870-03f9e3f933f1,-50.41288,-27.17948,2026-04-20 17:24:00+00:00,2026-04-20,NOAA-21,PONTE ALTA DO NORTE,SANTA CATARINA,Brasil,,,,Mata Atlântica,33,42,4213351,8,,221_079,3.5,POINT(-50.41288 -27.17948)
1814858941,f279b283-b22e-3134-944d-e0e481592b1a,-51.06888,-29.6107,2026-04-20 17:24:00+00:00,2026-04-20,NOAA-21,DOIS IRMÃOS,RIO GRANDE DO SUL,Brasil,,,,Mata Atlântica,33,43,4306403,8,,221_081,10.0,POINT(-51.06888 -29.6107)
1814858935,0af1b876-1c94-3fc3-a365-128c9deee422,-48.91338,-28.147,2026-04-20 17:24:00+00:00,2026-04-20,NOAA-21,IMARUÍ,SANTA CATARINA,Brasil,,,,Mata Atlântica,33,42,4207205,8,,220_079,2.1,POINT(-48.91338 -28.147)
1814858918,b365cbd2-566f-31d5-b0b7-a74ec182ebf0,-49.3258,-24.62241,2026-04-20 17:24:00+00:00,2026-04-20,NOAA-21,DOUTOR ULYSSES,PARANÁ,Brasil,,,,Mata Atlântica,33,41,4128633,8,,221_077,21.0,POINT(-49.3258 -24.62241)
1814858915,f9683a34-92ea-3a9a-a2d2-b1f29f5cff80,-49.0535,-28.07344,2026-04-20 17:24:00+00:00,2026-04-20,NOAA-21,SÃO MARTINHO,SANTA CATARINA,Brasil,,,,Mata Atlântica,33,42,4217105,8,,220_079,8.8,POINT(-49.0535 -28.07344)
1814858911,86d45be1-2945-3f41-8973-271c68b6ef71,-51.9285,-27.11919,2026-04-20 17:24:00+00:00,2026-04-20,NOAA-21,IRANI,SANTA CATARINA,Brasil,,,,Mata Atlântica,33,42,4207809,8,,222_079,6.2,POINT(-51.9285 -27.11919)
1814858861,6c855b8f-f477-3cee-a9ca-e8e2ffdf8652,-49.18516,-28.63151,2026-04-20 17:24:00+00:00,2026-04-20,NOAA-21,TREZE DE MAIO,SANTA CATARINA,Brasil,,,,Mata Atlântica,33,42,4218400,8,,220_080,7.9,POINT(-49.18516 -28.63151)
1814858859,801f1497-3dd9-393e-a764-c15eb3460460,-49.48077,-28.5795,2026-04-20 17:24:00+00:00,2026-04-20,NOAA-21,TREVISO,SANTA CATARINA,Brasil,,,,Mata Atlântica,33,42,4218350,8,,220_080,15.4,POINT(-49.48077 -28.5795)
1814858847,9c353335-094f-38ae-aabb-68e7d827e042,-49.41774,-27.44278,2026-04-20 17:24:00+00:00,2026-04-20,NOAA-21,VIDAL RAMOS,SANTA CATARINA,Brasil,,,,Mata Atlântica,33,42,4219200,8,,220_079,8.3,POINT(-49.41774 -27.44278)
1814859194,d9b4142a-ed3a-33c0-9a84-bed84c6e8b9c,-56.36188,-20.91616,2026-04-20 17:26:00+00:00,2026-04-20,NOAA-21,BONITO,MATO GROSSO DO SUL,Brasil,,,,Cerrado,33,50,5002209,8,,226_074,7.4,POINT(-56.36188 -20.91616)
1814858361,8f3b65ee-7fda-347c-8062-6d007361e2a9,-46.41109,-21.56068,2026-04-20 17:26:00+00:00,2026-04-20,NOAA-21,CABO VERDE,MINAS GERAIS,Brasil,,,,Mata Atlântica,33,31,3109501,8,,219_075,7.0,POINT(-46.41109 -21.56068)
1814858246,5534e5fa-e569-31dc-9716-fa4f138fff58,-48.20058,-21.45333,2026-04-20 17:26:00+00:00,2026-04-20,NOAA-21,GUARIBA,SÃO PAULO,Brasil,,,,Cerrado,33,35,3518602,8,,220_075,19.8,POINT(-48.20058 -21.45333)
1814858982,b06cd381-a03e-313d-9ac6-1d1a47ff9418,-53.78379,-17.34473,2026-04-20 17:26:00+00:00,2026-04-20,NOAA-21,SONORA,MATO GROSSO DO SUL,Brasil,,,,Cerrado,33,50,5007935,8,,225_072,6.0,POINT(-53.78379 -17.34473)
1814858346,7b45692a-16a0-3266-9836-81251c763bf5,-49.59529,-20.03755,2026-04-20 17:26:00+00:00,2026-04-20,NOAA-21,RIOLÂNDIA,SÃO PAULO,Brasil,,,,Mata Atlântica,33,35,3544202,8,,221_074,7.1,POINT(-49.59529 -20.03755)
1814858568,4375a70e-7ea6-3b9a-9ab0-f2fcfc4cb87a,-47.21909,-19.97061,2026-04-20 17:26:00+00:00,2026-04-20,NOAA-21,SACRAMENTO,MINAS GERAIS,Brasil,,,,Cerrado,33,31,3156908,8,,220_074,3.7,POINT(-47.21909 -19.97061)
1814859781,ac7ae0d9-101e-3f70-aa22-04caa5e364ee,-51.73636,-17.57585,2026-04-20 17:26:00+00:00,2026-04-20,NOAA-21,JATAÍ,GOIÁS,Brasil,,,,Cerrado,33,52,5211909,8,,223_072,10.3,POINT(-51.73636 -17.57585)
1814858557,6a0b2915-ff21-3e00-9333-73c26c2dfbca,-51.17791,-18.12847,2026-04-20 17:26:00+00:00,2026-04-20,NOAA-21,APARECIDA DO RIO DOCE,GOIÁS,Brasil,,,,Cerrado,33,52,5201454,8,,223_073,7.3,POINT(-51.17791 -18.12847)
1814858208,683949f9-701e-3232-a5e3-ea97ad47958b,-43.07849,-20.69568,2026-04-20 17:26:00+00:00,2026-04-20,NOAA-21,PORTO FIRME,MINAS GERAIS,Brasil,,,,Mata Atlântica,33,31,3152303,8,,217_074,0.8,POINT(-43.07849 -20.69568)
1814859321,fbe93330-546a-3172-a8f3-9d58d907160c,-46.53008,-15.85528,2026-04-20 17:26:00+00:00,2026-04-20,NOAA-21,UNAÍ,MINAS GERAIS,Brasil,,,,Cerrado,33,31,3170404,8,,220_071,4.6,POINT(-46.53008 -15.85528)
1814858244,6f3a7198-780d-3c52-9afa-8b01285e8d8d,-49.14965,-17.12293,2026-04-20 17:26:00+00:00,2026-04-20,NOAA-21,HIDROLÂNDIA,GOIÁS,Brasil,,,,Cerrado,33,52,5209705,8,,222_072,15.3,POINT(-49.14965 -17.12293)
1814858531,6692c5e9-d601-3eac-b48f-fb39d3333782,-47.82177,-23.34986,2026-04-20 17:26:00+00:00,2026-04-20,NOAA-21,TATUÍ,SÃO PAULO,Brasil,,,,Mata Atlântica,33,35,3554003,8,,220_076,5.1,POINT(-47.82177 -23.34986)
1814858893,51028439-70ca-36c8-ab47-ee790b1fcefd,-51.17874,-18.12427,2026-04-20 17:26:00+00:00,2026-04-20,NOAA-21,JATAÍ,GOIÁS,Brasil,,,,Cerrado,33,52,5211909,8,,223_073,7.3,POINT(-51.17874 -18.12427)
1814858892,91fab9b4-afdd-37c2-b5c8-9b17ef6e38bf,-46.83381,-17.16805,2026-04-20 17:26:00+00:00,2026-04-20,NOAA-21,PARACATU,MINAS GERAIS,Brasil,,,,Cerrado,33,31,3147006,8,,220_072,8.5,POINT(-46.83381 -17.16805)
1814858302,0ec12d4a-788b-33b1-8233-37c95d6bf828,-47.21552,-20.07903,2026-04-20 17:26:00+00:00,2026-04-20,NOAA-21,SACRAMENTO,MINAS GERAIS,Brasil,,,,Cerrado,33,31,3156908,8,,220_074,11.0,POINT(-47.21552 -20.07903)
1814858520,6dd57dda-abee-3672-a2c7-17e7ddff243f,-45.37733,-21.20502,2026-04-20 17:26:00+00:00,2026-04-20,NOAA-21,COQUEIRAL,MINAS GERAIS,Brasil,,,,Mata Atlântica,33,31,3118700,8,,219_075,2.1,POINT(-45.37733 -21.20502)
1814858290,edf31755-27e9-3e0f-8c01-205973668b2b,-53.57184,-23.36703,2026-04-20 17:26:00+00:00,2026-04-20,NOAA-21,ICARAÍMA,PARANÁ,Brasil,,,,Mata Atlântica,33,41,4109906,8,,224_076,3.6,POINT(-53.57184 -23.36703)
1814858830,66e34fcd-5319-3a22-bdee-70ac43c843cc,-47.2188,-20.07972,2026-04-20 17:26:00+00:00,2026-04-20,NOAA-21,SACRAMENTO,MINAS GERAIS,Brasil,,,,Cerrado,33,31,3156908,8,,220_074,11.0,POINT(-47.2188 -20.07972)
1814859740,cde1c20b-48fc-3f5f-b9f6-9ce31ba61504,-53.78451,-17.34108,2026-04-20 17:26:00+00:00,2026-04-20,NOAA-21,SONORA,MATO GROSSO DO SUL,Brasil,,,,Cerrado,33,50,5007935,8,,225_072,6.0,POINT(-53.78451 -17.34108)
1814859665,1f77e26b-61f9-3dc0-8a54-cc7d5e165e9a,-46.5316,-15.84945,2026-04-20 17:26:00+00:00,2026-04-20,NOAA-21,UNAÍ,MINAS GERAIS,Brasil,,,,Cerrado,33,31,3170404,8,,220_071,6.1,POINT(-46.5316 -15.84945)
1814859809,8e84aa46-60fc-314d-94f2-91e70bc821b3,-49.59851,-20.03616,2026-04-20 17:26:00+00:00,2026-04-20,NOAA-21,RIOLÂNDIA,SÃO PAULO,Brasil,,,,Mata Atlântica,33,35,3544202,8,,221_074,6.8,POINT(-49.59851 -20.03616)
1814859807,6bc0893f-c6fa-3e63-b2f3-f30f305a420e,-42.85908,-18.32339,2026-04-20 17:26:00+00:00,2026-04-20,NOAA-21,COLUNA,MINAS GERAIS,Brasil,,,,Mata Atlântica,33,31,3116803,8,,217_073,15.5,POINT(-42.85908 -18.32339)
1814858283,b3596a17-8fdb-3bc3-a3bc-cf76c2ea5eb4,-47.74862,-19.44698,2026-04-20 17:26:00+00:00,2026-04-20,NOAA-21,NOVA PONTE,MINAS GERAIS,Brasil,,,,Cerrado,33,31,3145000,8,,220_074,3.9,POINT(-47.74862 -19.44698)
1814859654,cab07d0d-6d17-3fd2-92d1-0878bb94c399,-49.59997,-20.03849,2026-04-20 17:26:00+00:00,2026-04-20,NOAA-21,RIOLÂNDIA,SÃO PAULO,Brasil,,,,Mata Atlântica,33,35,3544202,8,,221_074,7.1,POINT(-49.59997 -20.03849)
1814859782,8d364b3e-6c7a-3432-907a-fa736b54eec1,-48.48764,-23.54457,2026-04-20 17:26:00+00:00,2026-04-20,NOAA-21,CAMPINA DO MONTE ALEGRE,SÃO PAULO,Brasil,,,,Mata Atlântica,33,35,3509452,8,,220_076,2.1,POINT(-48.48764 -23.54457)
1814858277,75446a72-9895-3c24-b88d-ce71a16c79c9,-45.32002,-17.81732,2026-04-20 17:26:00+00:00,2026-04-20,NOAA-21,BURITIZEIRO,MINAS GERAIS,Brasil,,,,Cerrado,33,31,3109402,8,,219_072,9.8,POINT(-45.32002 -17.81732)
1814858272,592a6800-1619-3276-94c5-3021ea8bae4a,-52.98927,-22.9921,2026-04-20 17:26:00+00:00,2026-04-20,NOAA-21,LOANDA,PARANÁ,Brasil,,,,Mata Atlântica,33,41,4113502,8,,223_076,3.0,POINT(-52.98927 -22.9921)
1814859628,55d3b23f-58f4-36da-b052-ed113229874b,-49.59757,-20.04064,2026-04-20 17:26:00+00:00,2026-04-20,NOAA-21,RIOLÂNDIA,SÃO PAULO,Brasil,,,,Mata Atlântica,33,35,3544202,8,,221_074,6.8,POINT(-49.59757 -20.04064)
1814858417,508d1ecd-2c81-37d3-ad5e-9c160bb302e7,-47.87264,-20.56313,2026-04-20 17:26:00+00:00,2026-04-20,NOAA-21,SÃO JOAQUIM DA BARRA,SÃO PAULO,Brasil,,,,Cerrado,33,35,3549409,8,,220_074,1.7,POINT(-47.87264 -20.56313)
1814858409,ebf5540d-cf43-323a-ad1a-8e1be01fc449,-51.74013,-17.57653,2026-04-20 17:26:00+00:00,2026-04-20,NOAA-21,JATAÍ,GOIÁS,Brasil,,,,Cerrado,33,52,5211909,8,,223_072,10.3,POINT(-51.74013 -17.57653)
1814859110,291ac52c-79c1-33a4-a90e-312450be38d4,-45.13329,-18.6328,2026-04-20 17:26:00+00:00,2026-04-20,NOAA-21,FELIXLÂNDIA,MINAS GERAIS,Brasil,,,,Cerrado,33,31,3125705,8,,219_073,6.1,POINT(-45.13329 -18.6328)
1814859092,49db613b-13b4-3490-86d4-99c735a6c900,-42.85365,-18.31481,2026-04-20 17:26:00+00:00,2026-04-20,NOAA-21,COLUNA,MINAS GERAIS,Brasil,,,,Mata Atlântica,33,31,3116803,8,,217_073,16.5,POINT(-42.85365 -18.31481)
1814858722,543c201e-2f8d-3fb4-ac31-8829b409931b,-49.14695,-17.1198,2026-04-20 17:26:00+00:00,2026-04-20,NOAA-21,HIDROLÂNDIA,GOIÁS,Brasil,,,,Cerrado,33,52,5209705,8,,222_072,8.4,POINT(-49.14695 -17.1198)
1814859538,ad4ffe2e-d50c-3803-86f8-4ea9f69cc424,-44.81608,-17.7133,2026-04-20 17:26:00+00:00,2026-04-20,NOAA-21,VÁRZEA DA PALMA,MINAS GERAIS,Brasil,,,,Cerrado,33,31,3170800,8,,219_072,9.0,POINT(-44.81608 -17.7133)
1814858176,2f0f7391-fbfe-32ed-aca8-2fc2a37dfe05,-44.66098,-17.67448,2026-04-20 17:26:00+00:00,2026-04-20,NOAA-21,VÁRZEA DA PALMA,MINAS GERAIS,Brasil,,,,Cerrado,33,31,3170800,8,,219_072,0.7,POINT(-44.66098 -17.67448)
1814859527,d2ff7f85-4091-35c4-9dbb-deb58a2fd733,-51.41592,-22.22798,2026-04-20 17:26:00+00:00,2026-04-20,NOAA-21,ANHUMAS,SÃO PAULO,Brasil,,,,Mata Atlântica,33,35,3502408,8,,222_075,2.7,POINT(-51.41592 -22.22798)
1814858081,5d45a340-23a8-38ff-b7cc-718c2a997971,-46.41284,-21.55748,2026-04-20 17:26:00+00:00,2026-04-20,NOAA-21,CABO VERDE,MINAS GERAIS,Brasil,,,,Mata Atlântica,33,31,3109501,8,,219_075,6.4,POINT(-46.41284 -21.55748)
1814859504,2462b404-335d-35ae-baaf-f5d4aa6409a5,-49.19708,-16.90159,2026-04-20 17:26:00+00:00,2026-04-20,NOAA-21,HIDROLÂNDIA,GOIÁS,Brasil,,,,Cerrado,33,52,5209705,8,,222_072,5.8,POINT(-49.19708 -16.90159)
1814859045,0f20798c-316a-3c9f-af83-5c4266221bce,-48.22665,-22.04494,2026-04-20 17:26:00+00:00,2026-04-20,NOAA-21,RIBEIRÃO BONITO,SÃO PAULO,Brasil,,,,Cerrado,33,35,3542909,8,,220_075,9.5,POINT(-48.22665 -22.04494)
1814858403,f9110057-b250-38b6-98d2-2e759e1306fb,-56.3613,-20.91947,2026-04-20 17:26:00+00:00,2026-04-20,NOAA-21,BONITO,MATO GROSSO DO SUL,Brasil,,,,Cerrado,33,50,5002209,8,,226_074,7.4,POINT(-56.3613 -20.91947)
1814857997,c6b6ec15-7c09-38ee-bd38-16c92eda7681,-52.69555,-22.96682,2026-04-20 17:26:00+00:00,2026-04-20,NOAA-21,GUAIRAÇÁ,PARANÁ,Brasil,,,,Mata Atlântica,33,41,4108908,8,,223_076,4.0,POINT(-52.69555 -22.96682)
1814859469,41e85dbb-ceb8-3bec-91d5-e327b402edc3,-46.3491,-23.39716,2026-04-20 17:26:00+00:00,2026-04-20,NOAA-21,ARUJÁ,SÃO PAULO,Brasil,,,,Mata Atlântica,33,35,3503901,8,,219_076,4.0,POINT(-46.3491 -23.39716)
1814859465,e5672393-abce-345e-af56-72710c1e92df,-49.345,-20.96523,2026-04-20 17:26:00+00:00,2026-04-20,NOAA-21,CEDRAL,SÃO PAULO,Brasil,,,,Mata Atlântica,33,35,3511300,8,,221_075,21.3,POINT(-49.345 -20.96523)
1814858372,d854eeeb-1760-3fc2-94a7-89f4f04c7561,-53.77933,-17.34396,2026-04-20 17:26:00+00:00,2026-04-20,NOAA-21,SONORA,MATO GROSSO DO SUL,Brasil,,,,Cerrado,33,50,5007935,8,,225_072,9.5,POINT(-53.77933 -17.34396)
1814858647,bcde21d4-e1f5-3886-8452-652589bdd397,-48.48951,-23.54803,2026-04-20 17:26:00+00:00,2026-04-20,NOAA-21,CAMPINA DO MONTE ALEGRE,SÃO PAULO,Brasil,,,,Mata Atlântica,33,35,3509452,8,,220_076,3.0,POINT(-48.48951 -23.54803)
1814859699,c7d91649-f28c-35de-a1e3-ce256b70d278,-47.63321,-13.55713,2026-04-20 17:28:00+00:00,2026-04-20,NOAA-21,CAVALCANTE,GOIÁS,Brasil,,,,Cerrado,33,52,5205307,8,,221_069,9.2,POINT(-47.63321 -13.55713)
1814859301,1851265f-9601-3dfb-81b3-8ea69e59f746,-56.62876,-13.99418,2026-04-20 17:28:00+00:00,2026-04-20,NOAA-21,DIAMANTINO,MATO GROSSO,Brasil,,,,Cerrado,33,51,5103502,8,,227_070,6.3,POINT(-56.62876 -13.99418)
1814859838,7d27978e-b3b6-3a07-80e5-aa24697038a8,-45.34593,-13.95229,2026-04-20 17:28:00+00:00,2026-04-20,NOAA-21,JABORANDI,BAHIA,Brasil,,,,Cerrado,33,29,2917359,8,,220_070,6.2,POINT(-45.34593 -13.95229)
1814858731,0060f613-513a-35dc-8f4d-447b8f7b6df0,-56.57995,-13.60286,2026-04-20 17:28:00+00:00,2026-04-20,NOAA-21,SÃO JOSÉ DO RIO CLARO,MATO GROSSO,Brasil,,,,Cerrado,33,51,5107305,8,,227_069,13.7,POINT(-56.57995 -13.60286)
1814858510,82befd79-a5b6-3380-9ab2-1e4c4367e1db,-58.69062,-10.54016,2026-04-20 17:28:00+00:00,2026-04-20,NOAA-21,JURUENA,MATO GROSSO,Brasil,,,,Amazônia,33,51,5105176,8,,229_067,0.8,POINT(-58.69062 -10.54016)
1814858285,ebaa1de2-3880-32a6-ad52-29b655d20f7d,-56.96233,-11.8021,2026-04-20 17:28:00+00:00,2026-04-20,NOAA-21,PORTO DOS GAÚCHOS,MATO GROSSO,Brasil,,,,Amazônia,33,51,5106802,8,,227_068,7.9,POINT(-56.96233 -11.8021)
1814859009,9412221f-026f-332e-b549-76e612caf228,-56.96288,-11.79871,2026-04-20 17:28:00+00:00,2026-04-20,NOAA-21,PORTO DOS GAÚCHOS,MATO GROSSO,Brasil,,,,Amazônia,33,51,5106802,8,,227_068,7.9,POINT(-56.96288 -11.79871)
1814858527,9faaf067-3886-36d2-bb3c-8290276435be,-47.63125,-13.55782,2026-04-20 17:28:00+00:00,2026-04-20,NOAA-21,CAVALCANTE,GOIÁS,Brasil,,,,Cerrado,33,52,5205307,8,,221_069,12.8,POINT(-47.63125 -13.55782)
1814859789,4010a7a7-38f9-331b-bfec-7f357be9cf3a,-47.62909,-13.55632,2026-04-20 17:28:00+00:00,2026-04-20,NOAA-21,CAVALCANTE,GOIÁS,Brasil,,,,Cerrado,33,52,5205307,8,,221_069,9.2,POINT(-47.62909 -13.55632)
1814858617,e0835fef-df27-30f9-acd8-4e79ee65aab7,-48.85154,-8.98623,2026-04-20 17:28:00+00:00,2026-04-20,NOAA-21,GOIANORTE,TOCANTINS,Brasil,,,,Cerrado,33,17,1708304,8,,223_066,0.7,POINT(-48.85154 -8.98623)
1814859690,596b9d58-f026-3ac1-80f1-9d18e1f662e4,-46.96439,-14.13929,2026-04-20 17:28:00+00:00,2026-04-20,NOAA-21,FLORES DE GOIÁS,GOIÁS,Brasil,,,,Cerrado,33,52,5207907,8,,221_070,8.6,POINT(-46.96439 -14.13929)
1814859216,669b4ef9-9b7b-3dd8-9eb1-4e61788b5079,-53.07156,-16.24636,2026-04-20 17:28:00+00:00,2026-04-20,NOAA-21,TORIXORÉU,MATO GROSSO,Brasil,,,,Cerrado,33,51,5108204,8,,224_071,6.4,POINT(-53.07156 -16.24636)
1814858240,84770bbb-a95d-3830-9c1a-cc372c566665,-51.86512,-15.1012,2026-04-20 17:28:00+00:00,2026-04-20,NOAA-21,ARAGUAIANA,MATO GROSSO,Brasil,,,,Cerrado,33,51,5101001,8,,224_070,12.9,POINT(-51.86512 -15.1012)
1814858404,f780e6ab-3946-37f6-8f5e-5b1c38720a88,-52.1138,-14.19557,2026-04-20 17:28:00+00:00,2026-04-20,NOAA-21,ÁGUA BOA,MATO GROSSO,Brasil,,,,Cerrado,33,51,5100201,8,,224_070,10.4,POINT(-52.1138 -14.19557)
1814858181,fd6b8afe-c9b1-323b-85ad-5c023790ab25,-46.9599,-14.13838,2026-04-20 17:28:00+00:00,2026-04-20,NOAA-21,FLORES DE GOIÁS,GOIÁS,Brasil,,,,Cerrado,33,52,5207907,8,,221_070,8.6,POINT(-46.9599 -14.13838)
1814858139,eb856bf6-26fc-38f5-bd57-3476c5c305d8,-52.11783,-14.19631,2026-04-20 17:28:00+00:00,2026-04-20,NOAA-21,ÁGUA BOA,MATO GROSSO,Brasil,,,,Cerrado,33,51,5100201,8,,224_070,10.4,POINT(-52.11783 -14.19631)
1814858595,90fb2609-9b04-3535-9102-c85868e10d3f,-45.34301,-13.95266,2026-04-20 17:28:00+00:00,2026-04-20,NOAA-21,JABORANDI,BAHIA,Brasil,,,,Cerrado,33,29,2917359,8,,220_070,10.0,POINT(-45.34301 -13.95266)
1814858027,9de615b4-142a-3da2-b715-ec8b3c23da23,-56.88883,-8.78303,2026-04-20 17:30:00+00:00,2026-04-20,NOAA-21,JACAREACANGA,PARÁ,Brasil,,,,Amazônia,33,15,1503754,8,,228_066,1.0,POINT(-56.88883 -8.78303)
1814859471,dc067b9c-ac5c-38ad-bda7-fd2410d287da,-66.64215,0.27546,2026-04-20 17:32:00+00:00,2026-04-20,NOAA-21,SÃO GABRIEL DA CACHOEIRA,AMAZONAS,Brasil,,,,Amazônia,33,13,1303809,8,,002_060,2.3,POINT(-66.64215 0.27546)
1814859354,63bdb4bf-8f2b-3928-b904-0a10e8f6a5a9,-60.35862,2.54053,2026-04-20 17:32:00+00:00,2026-04-20,NOAA-21,CANTÁ,RORAIMA,Brasil,,,,Amazônia,33,14,1400175,8,,232_058,9.5,POINT(-60.35862 2.54053)
1814858506,495a3053-cad1-3ffb-91da-ca4902790af0,-66.29183,-0.36765,2026-04-20 17:32:00+00:00,2026-04-20,NOAA-21,SÃO GABRIEL DA CACHOEIRA,AMAZONAS,Brasil,,,,Amazônia,33,13,1303809,8,,002_060,12.2,POINT(-66.29183 -0.36765)
1814859075,110c3545-7277-372d-a263-2434ebb54a89,-66.64125,0.27537,2026-04-20 17:32:00+00:00,2026-04-20,NOAA-21,SÃO GABRIEL DA CACHOEIRA,AMAZONAS,Brasil,,,,Amazônia,33,13,1303809,8,,002_060,3.3,POINT(-66.64125 0.27537)
1814859448,15c9e414-143b-35c1-a5ff-df802d56511b,-59.85618,3.86731,2026-04-20 17:34:00+00:00,2026-04-20,NOAA-21,NORMANDIA,RORAIMA,Brasil,,,,Amazônia,33,14,1400407,8,,231_057,10.8,POINT(-59.85618 3.86731)
1814859441,77acd4ef-a1fd-3f0e-aa0e-53a3d6324986,-59.85234,3.86788,2026-04-20 17:34:00+00:00,2026-04-20,NOAA-21,NORMANDIA,RORAIMA,Brasil,,,,Amazônia,33,14,1400407,8,,231_057,10.8,POINT(-59.85234 3.86788)
1814859109,56887623-98fe-3311-998e-a858db0d2ea0,-60.24575,4.53143,2026-04-20 17:34:00+00:00,2026-04-20,NOAA-21,UIRAMUTÃ,RORAIMA,Brasil,,,,Amazônia,33,14,1400704,8,,232_057,5.4,POINT(-60.24575 4.53143)
1814858685,c74e2c03-7683-325c-ad20-f562a05fffb8,-61.15614,4.15827,2026-04-20 17:34:00+00:00,2026-04-20,NOAA-21,PACARAIMA,RORAIMA,Brasil,,,,Amazônia,33,14,1400456,8,,232_057,2.2,POINT(-61.15614 4.15827)
1814858108,395a435d-ae97-3052-be04-ac7f1c6aa38d,-59.85286,3.87135,2026-04-20 17:34:00+00:00,2026-04-20,NOAA-21,NORMANDIA,RORAIMA,Brasil,,,,Amazônia,33,14,1400407,8,,231_057,10.8,POINT(-59.85286 3.87135)
1814858746,5c0bca4b-f90d-3e11-8934-fa8415a89310,-60.1958,4.30046,2026-04-20 17:34:00+00:00,2026-04-20,NOAA-21,UIRAMUTÃ,RORAIMA,Brasil,,,,Amazônia,33,14,1400704,8,,232_057,5.3,POINT(-60.1958 4.30046)
1814855508,7a364a8a-a5f3-3eb3-9b48-1d78d8f0227a,-50.00125,-27.4851,2026-04-20 17:56:00+00:00,2026-04-20,NPP-375,OTACÍLIO COSTA,SANTA CATARINA,Brasil,,,,Mata Atlântica,33,42,4211751,8,,221_079,3.1,POINT(-50.00125 -27.4851)
1814855498,73c1890e-3f42-3460-81b8-33e0d3f9c866,-50.58028,-29.15141,2026-04-20 17:56:00+00:00,2026-04-20,NPP-375,SÃO FRANCISCO DE PAULA,RIO GRANDE DO SUL,Brasil,,,,Mata Atlântica,33,43,4318200,8,,221_080,13.2,POINT(-50.58028 -29.15141)
1814855490,a8ea8972-d7ea-389f-8844-b8b42a171963,-50.46208,-28.82289,2026-04-20 17:56:00+00:00,2026-04-20,NPP-375,JAQUIRANA,RIO GRANDE DO SUL,Brasil,,,,Mata Atlântica,33,43,4311122,8,,221_080,2.4,POINT(-50.46208 -28.82289)
1814857244,12b0ed29-37fb-39bc-9a77-fec8d12d9323,-50.50851,-27.96994,2026-04-20 17:56:00+00:00,2026-04-20,NPP-375,CAPÃO ALTO,SANTA CATARINA,Brasil,,,,Mata Atlântica,33,42,4203253,8,,221_079,2.0,POINT(-50.50851 -27.96994)
1814855480,3079a1fe-dfe7-3f69-af82-9e43182456cf,-49.57888,-27.00018,2026-04-20 17:56:00+00:00,2026-04-20,NPP-375,IBIRAMA,SANTA CATARINA,Brasil,,,,Mata Atlântica,33,42,4206900,8,,220_079,10.2,POINT(-49.57888 -27.00018)
1814855456,cb747dd1-89e0-34b6-87a2-ddce01a5c3c6,-48.91221,-28.14586,2026-04-20 17:56:00+00:00,2026-04-20,NPP-375,IMARUÍ,SANTA CATARINA,Brasil,,,,Mata Atlântica,33,42,4207205,8,,220_079,13.7,POINT(-48.91221 -28.14586)
1814855391,2659cc33-cb58-3c14-96c2-7a06aea5ab33,-49.32552,-24.62311,2026-04-20 17:56:00+00:00,2026-04-20,NPP-375,DOUTOR ULYSSES,PARANÁ,Brasil,,,,Mata Atlântica,33,41,4128633,8,,221_077,8.8,POINT(-49.32552 -24.62311)
1814857192,d15360e0-b2e2-37cd-948f-431741a4b15c,-49.44199,-27.73094,2026-04-20 17:56:00+00:00,2026-04-20,NPP-375,ALFREDO WAGNER,SANTA CATARINA,Brasil,,,,Mata Atlântica,33,42,4200705,8,,220_079,4.9,POINT(-49.44199 -27.73094)
1814854938,697321ff-ade8-3b75-af70-74b1dc5cea5a,-49.37539,-26.63167,2026-04-20 17:56:00+00:00,2026-04-20,NPP-375,RIO DOS CEDROS,SANTA CATARINA,Brasil,,,,Mata Atlântica,33,42,4214706,8,,220_078,5.8,POINT(-49.37539 -26.63167)
1814855216,79dc1acd-724a-3b64-bd7c-7dae1db0a04a,-50.80399,-28.88665,2026-04-20 17:56:00+00:00,2026-04-20,NPP-375,SÃO FRANCISCO DE PAULA,RIO GRANDE DO SUL,Brasil,,,,Mata Atlântica,33,43,4318200,8,,221_080,6.4,POINT(-50.80399 -28.88665)
1814854954,ef410433-2d98-3c4c-af95-f1f8beae9bd4,-50.94385,-27.80235,2026-04-20 17:56:00+00:00,2026-04-20,NPP-375,CERRO NEGRO,SANTA CATARINA,Brasil,,,,Mata Atlântica,33,42,4204178,8,,221_079,4.1,POINT(-50.94385 -27.80235)
1814855163,e27a533e-ff1c-3943-a5f6-5eddb6a9b925,-49.92982,-26.29585,2026-04-20 17:56:00+00:00,2026-04-20,NPP-375,ITAIÓPOLIS,SANTA CATARINA,Brasil,,,,Mata Atlântica,33,42,4208104,8,,221_078,3.9,POINT(-49.92982 -26.29585)
1814857822,d05c772c-8950-3060-8cb3-e91cb520c359,-50.57386,-27.00095,2026-04-20 17:56:00+00:00,2026-04-20,NPP-375,SANTA CECÍLIA,SANTA CATARINA,Brasil,,,,Mata Atlântica,33,42,4215505,8,,221_079,12.9,POINT(-50.57386 -27.00095)
1814857331,6a7f7bd1-27e5-3d87-92d9-19f664c2847f,-48.9084,-28.14794,2026-04-20 17:56:00+00:00,2026-04-20,NPP-375,SÃO MARTINHO,SANTA CATARINA,Brasil,,,,Mata Atlântica,33,42,4217105,8,,220_079,11.8,POINT(-48.9084 -28.14794)
1814855783,e08eec0a-c42d-323c-81cf-a185522dc044,-49.04697,-28.18632,2026-04-20 17:56:00+00:00,2026-04-20,NPP-375,ARMAZÉM,SANTA CATARINA,Brasil,,,,Mata Atlântica,33,42,4201505,8,,220_080,7.1,POINT(-49.04697 -28.18632)
1814855735,5c97b8af-f1be-3874-ae89-e57352920461,-49.60349,-28.79447,2026-04-20 17:56:00+00:00,2026-04-20,NPP-375,MELEIRO,SANTA CATARINA,Brasil,,,,Mata Atlântica,33,42,4210803,8,,220_080,7.1,POINT(-49.60349 -28.79447)
1814855672,d41613e4-91a2-35b2-832d-d7e7479d14cf,-50.58966,-28.81939,2026-04-20 17:56:00+00:00,2026-04-20,NPP-375,JAQUIRANA,RIO GRANDE DO SUL,Brasil,,,,Mata Atlântica,33,43,4311122,8,,221_080,1.7,POINT(-50.58966 -28.81939)
1814854872,9b615ad9-7064-3e30-823a-d0a3596ad34b,-49.6556,-26.7802,2026-04-20 17:56:00+00:00,2026-04-20,NPP-375,JOSÉ BOITEUX,SANTA CATARINA,Brasil,,,,Mata Atlântica,33,42,4209151,8,,220_079,3.0,POINT(-49.6556 -26.7802)
1814855622,879b62be-de8c-39f5-9c81-fa98d10888ba,-51.17441,-26.01462,2026-04-20 17:56:00+00:00,2026-04-20,NPP-375,CRUZ MACHADO,PARANÁ,Brasil,,,,Mata Atlântica,33,41,4106803,8,,222_078,5.2,POINT(-51.17441 -26.01462)
1814857309,1e935c25-2dd8-316c-8e17-bade463797ca,-50.58393,-29.15227,2026-04-20 17:56:00+00:00,2026-04-20,NPP-375,SÃO FRANCISCO DE PAULA,RIO GRANDE DO SUL,Brasil,,,,Mata Atlântica,33,43,4318200,8,,221_080,6.5,POINT(-50.58393 -29.15227)
1814855519,f2772de5-6f85-3b81-8868-44f2d3524b34,-49.09066,-28.22836,2026-04-20 17:56:00+00:00,2026-04-20,NPP-375,BRAÇO DO NORTE,SANTA CATARINA,Brasil,,,,Mata Atlântica,33,42,4202800,8,,220_080,7.1,POINT(-49.09066 -28.22836)
1814857721,9e3cb86b-b1a0-35ce-960c-44dd14652271,-50.4796,-27.21951,2026-04-20 17:56:00+00:00,2026-04-20,NPP-375,PONTE ALTA DO NORTE,SANTA CATARINA,Brasil,,,,Mata Atlântica,33,42,4213351,8,,221_079,3.9,POINT(-50.4796 -27.21951)
1814854511,fef6d5d5-ba80-3432-86ba-6829a89899ad,-49.59929,-28.79343,2026-04-20 17:56:00+00:00,2026-04-20,NPP-375,MELEIRO,SANTA CATARINA,Brasil,,,,Mata Atlântica,33,42,4210803,8,,220_080,10.5,POINT(-49.59929 -28.79343)
1814854719,18a3e84b-7596-3a34-b4c7-657d9adc713f,-51.32715,-27.09247,2026-04-20 17:56:00+00:00,2026-04-20,NPP-375,IBICARÉ,SANTA CATARINA,Brasil,,,,Mata Atlântica,33,42,4206801,8,,221_079,5.2,POINT(-51.32715 -27.09247)
1814856883,732357de-0316-36ec-8686-d6053f096dac,-50.60057,-27.16793,2026-04-20 17:56:00+00:00,2026-04-20,NPP-375,PONTE ALTA DO NORTE,SANTA CATARINA,Brasil,,,,Mata Atlântica,33,42,4213351,8,,221_079,12.1,POINT(-50.60057 -27.16793)
1814856871,e672538b-cf5b-3182-9243-10198b8be888,-49.3727,-28.35346,2026-04-20 17:56:00+00:00,2026-04-20,NPP-375,LAURO MÜLLER,SANTA CATARINA,Brasil,,,,Mata Atlântica,33,42,4209607,8,,220_080,2.1,POINT(-49.3727 -28.35346)
1814857580,06b43c90-adde-39f6-a835-666fef3f66a8,-50.60433,-27.16882,2026-04-20 17:56:00+00:00,2026-04-20,NPP-375,PONTE ALTA DO NORTE,SANTA CATARINA,Brasil,,,,Mata Atlântica,33,42,4213351,8,,221_079,11.8,POINT(-50.60433 -27.16882)
1814856798,a86fe5f2-e192-3de6-b64e-4b489e967c72,-50.57792,-27.00191,2026-04-20 17:56:00+00:00,2026-04-20,NPP-375,SANTA CECÍLIA,SANTA CATARINA,Brasil,,,,Mata Atlântica,33,42,4215505,8,,221_079,8.3,POINT(-50.57792 -27.00191)
1814857887,5fb056da-bf18-361c-b330-ba7732ef7075,-49.99712,-27.4841,2026-04-20 17:56:00+00:00,2026-04-20,NPP-375,OTACÍLIO COSTA,SANTA CATARINA,Brasil,,,,Mata Atlântica,33,42,4211751,8,,221_079,3.1,POINT(-49.99712 -27.4841)
1814857524,70e9d1eb-94be-394e-9ec2-b52e40cd65d8,-50.189,-27.14305,2026-04-20 17:56:00+00:00,2026-04-20,NPP-375,TAIÓ,SANTA CATARINA,Brasil,,,,Mata Atlântica,33,42,4217808,8,,221_079,3.0,POINT(-50.189 -27.14305)
1814856613,21208765-41b0-3dff-9d8b-9c3ed231e7e9,-49.9296,-26.29458,2026-04-20 17:56:00+00:00,2026-04-20,NPP-375,ITAIÓPOLIS,SANTA CATARINA,Brasil,,,,Mata Atlântica,33,42,4208104,8,,221_078,2.3,POINT(-49.9296 -26.29458)
1814856588,4b74c2ec-37fe-3b93-ba05-e7bc815d4e61,-49.15421,-28.7135,2026-04-20 17:56:00+00:00,2026-04-20,NPP-375,JAGUARUNA,SANTA CATARINA,Brasil,,,,Mata Atlântica,33,42,4208807,8,,220_080,1.7,POINT(-49.15421 -28.7135)
1814856577,40b79256-05da-34e8-8240-dee3272c495a,-49.33624,-28.1493,2026-04-20 17:56:00+00:00,2026-04-20,NPP-375,GRÃO PARÁ,SANTA CATARINA,Brasil,,,,Mata Atlântica,33,42,4206108,8,,220_080,2.9,POINT(-49.33624 -28.1493)
1814856547,a18155b3-e54b-34cc-8d83-9c404e1c89e7,-49.8548,-27.78396,2026-04-20 17:56:00+00:00,2026-04-20,NPP-375,BOCAINA DO SUL,SANTA CATARINA,Brasil,,,,Mata Atlântica,33,42,4202438,8,,220_079,32.0,POINT(-49.8548 -27.78396)
1814856517,8023d340-b95b-3dc4-a04a-cf860053fcc4,-49.44496,-27.73278,2026-04-20 17:56:00+00:00,2026-04-20,NPP-375,ALFREDO WAGNER,SANTA CATARINA,Brasil,,,,Mata Atlântica,33,42,4200705,8,,220_079,5.2,POINT(-49.44496 -27.73278)
1814856460,e4690839-a822-3237-bc67-e3220cea996f,-50.82127,-27.34143,2026-04-20 17:56:00+00:00,2026-04-20,NPP-375,BRUNÓPOLIS,SANTA CATARINA,Brasil,,,,Mata Atlântica,33,42,4202875,8,,221_079,15.6,POINT(-50.82127 -27.34143)
1814854744,d37372cd-50cd-350a-beaa-fe8d58b2b949,-49.6573,-28.73326,2026-04-20 17:56:00+00:00,2026-04-20,NPP-375,NOVA VENEZA,SANTA CATARINA,Brasil,,,,Mata Atlântica,33,42,4211603,8,,220_080,1.9,POINT(-49.6573 -28.73326)
1814856419,343558a5-49fe-3149-a160-cbbc39ce9567,-49.84337,-26.31024,2026-04-20 17:56:00+00:00,2026-04-20,NPP-375,ITAIÓPOLIS,SANTA CATARINA,Brasil,,,,Mata Atlântica,33,42,4208104,8,,221_078,3.5,POINT(-49.84337 -26.31024)
1814856413,9ddf4aa5-5484-33c2-8009-139e3121ba53,-49.7426,-28.73631,2026-04-20 17:56:00+00:00,2026-04-20,NPP-375,MORRO GRANDE,SANTA CATARINA,Brasil,,,,Mata Atlântica,33,42,4211256,8,,220_080,2.8,POINT(-49.7426 -28.73631)
1814854567,077a69a0-f91e-3880-829c-be1b529c7c66,-48.91277,-28.14903,2026-04-20 17:56:00+00:00,2026-04-20,NPP-375,IMARUÍ,SANTA CATARINA,Brasil,,,,Mata Atlântica,33,42,4207205,8,,220_079,8.7,POINT(-48.91277 -28.14903)
1814857426,3f5a9236-ee90-3bd5-acad-cc07af4c2dad,-51.17826,-26.01552,2026-04-20 17:56:00+00:00,2026-04-20,NPP-375,CRUZ MACHADO,PARANÁ,Brasil,,,,Mata Atlântica,33,41,4106803,8,,222_078,4.0,POINT(-51.17826 -26.01552)
1814854853,00ab8589-5cb6-3e68-927f-4b95eafacc7a,-50.18975,-27.14054,2026-04-20 17:56:00+00:00,2026-04-20,NPP-375,TAIÓ,SANTA CATARINA,Brasil,,,,Mata Atlântica,33,42,4217808,8,,221_079,3.8,POINT(-50.18975 -27.14054)
1814856232,b8febcaf-4128-3d63-b215-ac6cf743c2f3,-50.98341,-25.69924,2026-04-20 17:56:00+00:00,2026-04-20,NPP-375,CRUZ MACHADO,PARANÁ,Brasil,,,,Mata Atlântica,33,41,4106803,8,,221_078,5.8,POINT(-50.98341 -25.69924)
1814856208,4c6e2eec-cc4c-30b1-a73f-82c2b1bfe031,-49.58282,-27.00113,2026-04-20 17:56:00+00:00,2026-04-20,NPP-375,JOSÉ BOITEUX,SANTA CATARINA,Brasil,,,,Mata Atlântica,33,42,4209151,8,,220_079,10.2,POINT(-49.58282 -27.00113)
1814856202,eefd4574-f1a5-3bf5-a5c0-83ba4da9801c,-49.85091,-27.78302,2026-04-20 17:56:00+00:00,2026-04-20,NPP-375,BOCAINA DO SUL,SANTA CATARINA,Brasil,,,,Mata Atlântica,33,42,4202438,8,,220_079,31.0,POINT(-49.85091 -27.78302)
1814856180,dd2a08ce-072b-304c-ae96-9bf79e77f8ea,-49.13674,-28.67858,2026-04-20 17:56:00+00:00,2026-04-20,NPP-375,SANGÃO,SANTA CATARINA,Brasil,,,,Mata Atlântica,33,42,4215455,8,,220_080,6.8,POINT(-49.13674 -28.67858)
1814854568,1323a665-bc78-3434-a32b-0cbe7d89fb38,-49.20352,-24.72528,2026-04-20 17:56:00+00:00,2026-04-20,NPP-375,CERRO AZUL,PARANÁ,Brasil,,,,Mata Atlântica,33,41,4105201,8,,220_077,7.4,POINT(-49.20352 -24.72528)
1814857407,189bebe9-5658-3ea9-99e9-d1c7a6b7aa58,-49.14105,-28.67966,2026-04-20 17:56:00+00:00,2026-04-20,NPP-375,SANGÃO,SANTA CATARINA,Brasil,,,,Mata Atlântica,33,42,4215455,8,,220_080,6.8,POINT(-49.14105 -28.67966)
1814854624,b9ee00d2-1ab2-3833-abdf-fd583c45c5aa,-50.58242,-29.15748,2026-04-20 17:56:00+00:00,2026-04-20,NPP-375,SÃO FRANCISCO DE PAULA,RIO GRANDE DO SUL,Brasil,,,,Mata Atlântica,33,43,4318200,8,,221_080,47.7,POINT(-50.58242 -29.15748)
1814854857,5a1fa5c1-b0e2-3db1-beb7-3345f8b98524,-49.15594,-28.70782,2026-04-20 17:56:00+00:00,2026-04-20,NPP-375,JAGUARUNA,SANTA CATARINA,Brasil,,,,Mata Atlântica,33,42,4208807,8,,220_080,4.1,POINT(-49.15594 -28.70782)
1814855962,d7d39248-7fcb-3169-9501-4c4f52068967,-50.5788,-29.15662,2026-04-20 17:56:00+00:00,2026-04-20,NPP-375,SÃO FRANCISCO DE PAULA,RIO GRANDE DO SUL,Brasil,,,,Mata Atlântica,33,43,4318200,8,,221_080,48.5,POINT(-50.5788 -29.15662)
1814855958,3cf70b7c-f763-3302-9340-3828df28c196,-49.57738,-27.00445,2026-04-20 17:56:00+00:00,2026-04-20,NPP-375,IBIRAMA,SANTA CATARINA,Brasil,,,,Mata Atlântica,33,42,4206900,8,,220_079,12.1,POINT(-49.57738 -27.00445)
1814855956,1408804f-93dc-31fb-8b8a-602fa706b675,-49.32766,-24.62062,2026-04-20 17:56:00+00:00,2026-04-20,NPP-375,DOUTOR ULYSSES,PARANÁ,Brasil,,,,Mata Atlântica,33,41,4128633,8,,221_077,8.6,POINT(-49.32766 -24.62062)
1814855933,ae83c861-544b-3db6-b53c-f567ee2b3719,-49.76545,-25.71685,2026-04-20 17:56:00+00:00,2026-04-20,NPP-375,LAPA,PARANÁ,Brasil,,,,Mata Atlântica,33,41,4113205,8,,221_078,1.6,POINT(-49.76545 -25.71685)
1814855909,6d4734ff-2434-392b-9dda-0ffaac1447c9,-49.20681,-24.72245,2026-04-20 17:56:00+00:00,2026-04-20,NPP-375,CERRO AZUL,PARANÁ,Brasil,,,,Mata Atlântica,33,41,4105201,8,,220_077,7.2,POINT(-49.20681 -24.72245)
1814855141,c89b334d-0d82-3bc7-8f7b-e6e5c7f44466,-49.39809,-28.55452,2026-04-20 17:56:00+00:00,2026-04-20,NPP-375,SIDERÓPOLIS,SANTA CATARINA,Brasil,,,,Mata Atlântica,33,42,4217600,8,,220_080,3.8,POINT(-49.39809 -28.55452)
1814855013,9045f9ad-e642-30bb-addc-120efff99e91,-49.55029,-25.03642,2026-04-20 17:56:00+00:00,2026-04-20,NPP-375,ITAPERUÇU,PARANÁ,Brasil,,,,Mata Atlântica,33,41,4111258,8,,221_077,4.6,POINT(-49.55029 -25.03642)
1814857707,0a0d7906-9529-35d0-950a-f4e334e260d2,-50.57516,-29.15576,2026-04-20 17:56:00+00:00,2026-04-20,NPP-375,SÃO FRANCISCO DE PAULA,RIO GRANDE DO SUL,Brasil,,,,Mata Atlântica,33,43,4318200,8,,221_080,48.5,POINT(-50.57516 -29.15576)
1814855065,ecb75796-f044-309a-b490-541ce89d2ed7,-50.80742,-28.88746,2026-04-20 17:56:00+00:00,2026-04-20,NPP-375,SÃO FRANCISCO DE PAULA,RIO GRANDE DO SUL,Brasil,,,,Mata Atlântica,33,43,4318200,8,,221_080,6.3,POINT(-50.80742 -28.88746)
1814857052,e959cb85-bdbd-38a0-8cb1-85d66a832413,-49.22438,-26.09852,2026-04-20 17:56:00+00:00,2026-04-20,NPP-375,CAMPO ALEGRE,SANTA CATARINA,Brasil,,,,Mata Atlântica,33,42,4203303,8,,220_078,2.4,POINT(-49.22438 -26.09852)
1814857012,32f8091b-1eab-3fc2-91cf-8867b4e32178,-49.58133,-27.00543,2026-04-20 17:56:00+00:00,2026-04-20,NPP-375,IBIRAMA,SANTA CATARINA,Brasil,,,,Mata Atlântica,33,42,4206900,8,,220_079,12.1,POINT(-49.58133 -27.00543)
1814854675,23eb90b7-4592-316a-8314-390e433772df,-50.73582,-26.43464,2026-04-20 17:56:00+00:00,2026-04-20,NPP-375,IRINEÓPOLIS,SANTA CATARINA,Brasil,,,,Mata Atlântica,33,42,4207908,8,,221_078,2.1,POINT(-50.73582 -26.43464)
1814856977,4c1332fe-51d2-3f65-90e8-7741d1db4108,-49.39552,-25.17751,2026-04-20 17:56:00+00:00,2026-04-20,NPP-375,RIO BRANCO DO SUL,PARANÁ,Brasil,,,,Mata Atlântica,33,41,4122206,8,,221_077,4.8,POINT(-49.39552 -25.17751)
1814856959,ec15fc64-070b-38a5-aec9-821a737d23b3,-49.31602,-24.99121,2026-04-20 17:56:00+00:00,2026-04-20,NPP-375,CERRO AZUL,PARANÁ,Brasil,,,,Mata Atlântica,33,41,4105201,8,,221_077,3.3,POINT(-49.31602 -24.99121)
1814856946,2c3f1db3-2d4a-369b-a47e-e56100475626,-50.5082,-27.96947,2026-04-20 17:56:00+00:00,2026-04-20,NPP-375,CAPÃO ALTO,SANTA CATARINA,Brasil,,,,Mata Atlântica,33,42,4203253,8,,221_079,2.4,POINT(-50.5082 -27.96947)
1814856909,3d62734d-892f-387f-b291-4715ab51c116,-49.73885,-28.7354,2026-04-20 17:56:00+00:00,2026-04-20,NPP-375,MORRO GRANDE,SANTA CATARINA,Brasil,,,,Mata Atlântica,33,42,4211256,8,,220_080,2.8,POINT(-49.73885 -28.7354)
1814857643,edadc1ee-df54-34eb-9420-8c633e0ae9f7,-49.09248,-28.22262,2026-04-20 17:56:00+00:00,2026-04-20,NPP-375,BRAÇO DO NORTE,SANTA CATARINA,Brasil,,,,Mata Atlântica,33,42,4202800,8,,220_080,7.1,POINT(-49.09248 -28.22262)
1814857951,edc448ab-3e88-3156-9efa-d508a6daed5f,-49.96877,-20.61981,2026-04-20 17:58:00+00:00,2026-04-20,NPP-375,SEBASTIANÓPOLIS DO SUL,SÃO PAULO,Brasil,,,,Cerrado,33,35,3551306,8,,222_074,4.2,POINT(-49.96877 -20.61981)
1814856847,22aaf160-457b-31b2-80de-0ef3619b5956,-54.54849,-18.41946,2026-04-20 17:58:00+00:00,2026-04-20,NPP-375,COXIM,MATO GROSSO DO SUL,Brasil,,,,Cerrado,33,50,5003306,8,,225_073,5.1,POINT(-54.54849 -18.41946)
1814855870,460fbd8f-b8ca-3ff1-86b0-6ee5984c2bb4,-51.45845,-22.77571,2026-04-20 17:58:00+00:00,2026-04-20,NPP-375,PORECATU,PARANÁ,Brasil,,,,Mata Atlântica,33,41,4120002,8,,222_076,1.5,POINT(-51.45845 -22.77571)
1814855035,c6072e18-7480-3aed-9b87-0634172c74d0,-54.54959,-18.4143,2026-04-20 17:58:00+00:00,2026-04-20,NPP-375,COXIM,MATO GROSSO DO SUL,Brasil,,,,Cerrado,33,50,5003306,8,,225_073,5.1,POINT(-54.54959 -18.4143)
1814854487,9d4e0641-1f14-33f6-b37a-977af86b2763,-53.7764,-17.34487,2026-04-20 17:58:00+00:00,2026-04-20,NPP-375,SONORA,MATO GROSSO DO SUL,Brasil,,,,Cerrado,33,50,5007935,8,,225_072,7.4,POINT(-53.7764 -17.34487)
1814854507,1dee5ca9-c0b2-3f5e-a820-699d6dcc606d,-54.55051,-18.41509,2026-04-20 17:58:00+00:00,2026-04-20,NPP-375,COXIM,MATO GROSSO DO SUL,Brasil,,,,Cerrado,33,50,5003306,8,,225_073,7.9,POINT(-54.55051 -18.41509)
1814855792,d3ea7f40-ff83-321e-ba94-42bc51b48653,-54.55269,-18.41493,2026-04-20 17:58:00+00:00,2026-04-20,NPP-375,COXIM,MATO GROSSO DO SUL,Brasil,,,,Cerrado,33,50,5003306,8,,225_073,5.1,POINT(-54.55269 -18.41493)
1814856062,95bb30dc-df63-353a-8668-8a50eb5b4349,-51.73706,-17.57988,2026-04-20 17:58:00+00:00,2026-04-20,NPP-375,JATAÍ,GOIÁS,Brasil,,,,Cerrado,33,52,5211909,8,,223_072,5.6,POINT(-51.73706 -17.57988)
1814857871,9e6859c9-080a-346f-8ff8-98269e2892db,-56.26443,-21.88661,2026-04-20 17:58:00+00:00,2026-04-20,NPP-375,BELA VISTA,MATO GROSSO DO SUL,Brasil,,,,Cerrado,33,50,5002100,8,,225_075,3.6,POINT(-56.26443 -21.88661)
1814856235,2b9f7dae-792b-359a-9891-ab163835621d,-48.21152,-21.4522,2026-04-20 17:58:00+00:00,2026-04-20,NPP-375,GUARIBA,SÃO PAULO,Brasil,,,,Cerrado,33,35,3518602,8,,220_075,5.9,POINT(-48.21152 -21.4522)
1814855915,20f67212-b2ea-3ece-8210-ce9c824a864a,-51.18069,-18.12444,2026-04-20 17:58:00+00:00,2026-04-20,NPP-375,APARECIDA DO RIO DOCE,GOIÁS,Brasil,,,,Cerrado,33,52,5201454,8,,223_073,3.1,POINT(-51.18069 -18.12444)
1814856217,b89e8f97-796a-3f10-8859-938bd153b8c8,-54.54943,-18.42025,2026-04-20 17:58:00+00:00,2026-04-20,NPP-375,COXIM,MATO GROSSO DO SUL,Brasil,,,,Cerrado,33,50,5003306,8,,225_073,7.9,POINT(-54.54943 -18.42025)
1814856764,ce77557a-dd11-36e9-be22-43f5a097ab01,-56.96149,-11.80058,2026-04-20 18:00:00+00:00,2026-04-20,NPP-375,PORTO DOS GAÚCHOS,MATO GROSSO,Brasil,,,,Amazônia,33,51,5106802,8,,227_068,15.4,POINT(-56.96149 -11.80058)
1814857654,aa7d9f74-5b85-32d8-bb12-6a8aa42f4dfe,-51.28518,-15.27243,2026-04-20 18:00:00+00:00,2026-04-20,NPP-375,JUSSARA,GOIÁS,Brasil,,,,Cerrado,33,52,5212204,8,,223_071,2.8,POINT(-51.28518 -15.27243)
1814855193,75026988-2905-3402-89b4-f60bfaf8e955,-50.05589,-13.87992,2026-04-20 18:00:00+00:00,2026-04-20,NPP-375,MUNDO NOVO,GOIÁS,Brasil,,,,Cerrado,33,52,5214051,8,,223_070,12.9,POINT(-50.05589 -13.87992)
1814855286,dc32e076-f3ba-36d8-b510-24d7097446cb,-56.63401,-13.9921,2026-04-20 18:00:00+00:00,2026-04-20,NPP-375,DIAMANTINO,MATO GROSSO,Brasil,,,,Cerrado,33,51,5103502,8,,227_070,9.7,POINT(-56.63401 -13.9921)
1814857142,7ab31cee-c401-3b6f-a760-09e504e6e10b,-56.62754,-13.99593,2026-04-20 18:00:00+00:00,2026-04-20,NPP-375,DIAMANTINO,MATO GROSSO,Brasil,,,,Cerrado,33,51,5103502,8,,227_070,9.7,POINT(-56.62754 -13.99593)
1814857435,f3c5269f-a5a4-3cea-aea7-e3242f2eab13,-50.05426,-13.88009,2026-04-20 18:00:00+00:00,2026-04-20,NPP-375,MUNDO NOVO,GOIÁS,Brasil,,,,Cerrado,33,52,5214051,8,,223_070,11.0,POINT(-50.05426 -13.88009)
1814854982,947d042a-38a9-31f5-9b9e-bf287fd68dd1,-66.29449,-0.36602,2026-04-20 18:04:00+00:00,2026-04-20,NPP-375,SÃO GABRIEL DA CACHOEIRA,AMAZONAS,Brasil,,,,Amazônia,33,13,1303809,8,,002_060,5.0,POINT(-66.29449 -0.36602)
1814855812,c503365c-4fba-3334-8393-7998c51c8bbc,-67.28964,0.51463,2026-04-20 18:04:00+00:00,2026-04-20,NPP-375,SÃO GABRIEL DA CACHOEIRA,AMAZONAS,Brasil,,,,Amazônia,33,13,1303809,8,,003_060,5.6,POINT(-67.28964 0.51463)
1814855063,8a2bf733-05ae-3c45-95a8-8a297472d7bf,-66.93625,-2.93184,2026-04-20 18:04:00+00:00,2026-04-20,NPP-375,JUTAÍ,AMAZONAS,Brasil,,,,Amazônia,33,13,1302306,8,,002_062,3.3,POINT(-66.93625 -2.93184)
1814857926,d9c43eb4-0e49-30ce-b469-ce1ad95ab236,-69.54279,-4.04827,2026-04-20 18:04:00+00:00,2026-04-20,NPP-375,TABATINGA,AMAZONAS,Brasil,,,,Amazônia,33,13,1304062,8,,004_063,7.2,POINT(-69.54279 -4.04827)
1814856506,efc8509a-506a-3f3d-821f-9a0a23120631,-59.62194,4.04503,2026-04-20 18:04:00+00:00,2026-04-20,NPP-375,NORMANDIA,RORAIMA,Brasil,,,,Amazônia,33,14,1400407,8,,231_057,2.8,POINT(-59.62194 4.04503)
1814856649,377dcbb6-cfbc-399d-bfaa-766c48c0b417,-44.04816,-20.78415,2026-04-20 18:11:00+00:00,2026-04-20,AQUA_M-T,ENTRE RIOS DE MINAS,MINAS GERAIS,Brasil,,,,Mata Atlântica,33,31,3123908,8,,218_074,11.3,POINT(-44.04816 -20.78415)
1814854488,5bd8ca6b-84e7-3fdd-8e5b-cc55ff063d0f,-40.07039,-19.59435,2026-04-20 18:11:00+00:00,2026-04-20,AQUA_M-T,ARACRUZ,ESPÍRITO SANTO,Brasil,,,,Mata Atlântica,33,32,3200607,8,,215_074,5.4,POINT(-40.07039 -19.59435)
1814855638,cd3f66e0-3adf-39d3-ad36-07e4ebc65eac,-39.92747,-18.89005,2026-04-20 18:11:00+00:00,2026-04-20,AQUA_M-T,SÃO MATEUS,ESPÍRITO SANTO,Brasil,,,,Mata Atlântica,33,32,3204906,8,,215_073,6.7,POINT(-39.92747 -18.89005)
1814855045,684e2108-bf01-33f6-aae7-a4f6d7a42bad,-39.92599,-18.89885,2026-04-20 18:11:00+00:00,2026-04-20,AQUA_M-T,SÃO MATEUS,ESPÍRITO SANTO,Brasil,,,,Mata Atlântica,33,32,3204906,8,,215_073,9.6,POINT(-39.92599 -18.89885)
1814856469,4e3656a7-648f-3afb-b018-a444753e6e96,-39.95044,-18.8664,2026-04-20 18:11:00+00:00,2026-04-20,AQUA_M-T,SÃO MATEUS,ESPÍRITO SANTO,Brasil,,,,Mata Atlântica,33,32,3204906,8,,215_073,7.7,POINT(-39.95044 -18.8664)
1814856188,b2dea9e8-c29a-32c8-bc31-245c85eca02f,-39.94117,-18.86502,2026-04-20 18:11:00+00:00,2026-04-20,AQUA_M-T,SÃO MATEUS,ESPÍRITO SANTO,Brasil,,,,Mata Atlântica,33,32,3204906,8,,215_073,5.3,POINT(-39.94117 -18.86502)
1814857813,4fa952a1-7d0f-379c-bbc1-a9a965caea9a,-40.25438,-20.15713,2026-04-20 18:11:00+00:00,2026-04-20,AQUA_M-T,SERRA,ESPÍRITO SANTO,Brasil,,,,Mata Atlântica,33,32,3205002,8,,215_074,4.4,POINT(-40.25438 -20.15713)
1814857462,50a4c1b5-d075-3150-b724-5c713b54ce82,-39.93527,-18.90023,2026-04-20 18:11:00+00:00,2026-04-20,AQUA_M-T,SÃO MATEUS,ESPÍRITO SANTO,Brasil,,,,Mata Atlântica,33,32,3204906,8,,215_073,6.3,POINT(-39.93527 -18.90023)
1814854798,87b56068-ea7b-3103-9bae-df9ce494e16c,-43.13366,-20.78958,2026-04-20 18:11:00+00:00,2026-04-20,AQUA_M-T,PRESIDENTE BERNARDES,MINAS GERAIS,Brasil,,,,Mata Atlântica,33,31,3153103,8,,217_074,9.3,POINT(-43.13366 -20.78958)
1814854887,58fcfcbd-7a7b-31c0-834d-9edaafa85c54,-39.93675,-18.89143,2026-04-20 18:11:00+00:00,2026-04-20,AQUA_M-T,SÃO MATEUS,ESPÍRITO SANTO,Brasil,,,,Mata Atlântica,33,32,3204906,8,,215_073,6.0,POINT(-39.93675 -18.89143)
1814856073,29113837-856e-3631-b0ae-5cbaf6e1051c,-41.07215,-13.46262,2026-04-20 18:13:00+00:00,2026-04-20,AQUA_M-T,IRAMAIA,BAHIA,Brasil,,,,Caatinga,33,29,2914307,8,,217_069,4.3,POINT(-41.07215 -13.46262)
1814857939,5ae39f6c-880f-37c8-bc7a-4102aabf660d,-41.5845,-17.46106,2026-04-20 18:13:00+00:00,2026-04-20,AQUA_M-T,CATUJI,MINAS GERAIS,Brasil,,,,Mata Atlântica,33,31,3115458,8,,217_072,3.9,POINT(-41.5845 -17.46106)
1814857847,624e045d-3ecf-38ed-a659-c42c910f6b99,-44.20396,-14.19766,2026-04-20 18:13:00+00:00,2026-04-20,AQUA_M-T,FEIRA DA MATA,BAHIA,Brasil,,,,Cerrado,33,29,2910776,8,,219_070,8.6,POINT(-44.20396 -14.19766)
1814857558,5d7b8fa2-dd21-3040-b88e-f9ca3dec7f6e,-44.03503,-14.03402,2026-04-20 18:13:00+00:00,2026-04-20,AQUA_M-T,CARINHANHA,BAHIA,Brasil,,,,Cerrado,33,29,2907103,8,,219_070,6.8,POINT(-44.03503 -14.03402)
1814857557,2b6290c7-e646-3a10-82c8-c10dd2698c61,-42.86244,-18.32141,2026-04-20 18:13:00+00:00,2026-04-20,AQUA_M-T,COLUNA,MINAS GERAIS,Brasil,,,,Mata Atlântica,33,31,3116803,8,,217_073,49.8,POINT(-42.86244 -18.32141)
1814857491,e1f1683e-82db-3fa0-9fd2-6bf5902a3fee,-41.57364,-14.45105,2026-04-20 18:13:00+00:00,2026-04-20,AQUA_M-T,BRUMADO,BAHIA,Brasil,,,,Caatinga,33,29,2904605,8,,217_070,7.6,POINT(-41.57364 -14.45105)
1814857487,446227b7-8546-3c76-8cfc-a9351a3e1f64,-40.64805,-15.75616,2026-04-20 18:13:00+00:00,2026-04-20,AQUA_M-T,BANDEIRA,MINAS GERAIS,Brasil,,,,Mata Atlântica,33,31,3105202,8,,216_071,5.3,POINT(-40.64805 -15.75616)
1814857384,653ecee0-53f7-3010-a38b-586a9af89824,-39.20157,-13.4365,2026-04-20 18:13:00+00:00,2026-04-20,AQUA_M-T,VALENÇA,BAHIA,Brasil,,,,Mata Atlântica,33,29,2932903,8,,216_069,13.0,POINT(-39.20157 -13.4365)
1814857370,366b6639-9e59-3836-a54e-134acaecc6fb,-41.06819,-16.84218,2026-04-20 18:13:00+00:00,2026-04-20,AQUA_M-T,JOAÍMA,MINAS GERAIS,Brasil,,,,Mata Atlântica,33,31,3136009,8,,216_072,7.4,POINT(-41.06819 -16.84218)
1814857323,488f3647-c475-3de4-a2d7-3893d0aea1c2,-41.06313,-13.46128,2026-04-20 18:13:00+00:00,2026-04-20,AQUA_M-T,IRAMAIA,BAHIA,Brasil,,,,Caatinga,33,29,2914307,8,,217_069,19.6,POINT(-41.06313 -13.46128)
1814857311,9cb85378-6c22-3c7d-91e2-3cda2fa434e3,-39.19053,-16.68067,2026-04-20 18:13:00+00:00,2026-04-20,AQUA_M-T,PORTO SEGURO,BAHIA,Brasil,,,,Mata Atlântica,33,29,2925303,8,,215_072,10.2,POINT(-39.19053 -16.68067)
1814857294,9242cc63-f417-301d-99a4-c389959e49c1,-39.3527,-15.79056,2026-04-20 18:13:00+00:00,2026-04-20,AQUA_M-T,MASCOTE,BAHIA,Brasil,,,,Mata Atlântica,33,29,2920908,8,,215_071,10.0,POINT(-39.3527 -15.79056)
1814857139,4ad3fb93-3f58-3cc1-b0fe-7c6159cb0183,-39.40771,-12.86596,2026-04-20 18:13:00+00:00,2026-04-20,AQUA_M-T,CASTRO ALVES,BAHIA,Brasil,,,,Mata Atlântica,33,29,2907301,8,,216_069,8.2,POINT(-39.40771 -12.86596)
1814857060,666bc365-5099-3551-a842-aadc51be91f7,-39.27623,-13.69749,2026-04-20 18:13:00+00:00,2026-04-20,AQUA_M-T,NILO PEÇANHA,BAHIA,Brasil,,,,Mata Atlântica,33,29,2922607,8,,216_069,7.2,POINT(-39.27623 -13.69749)
1814856983,fd030baf-2948-37ed-b9b8-47394608518a,-39.3429,-15.78905,2026-04-20 18:13:00+00:00,2026-04-20,AQUA_M-T,MASCOTE,BAHIA,Brasil,,,,Mata Atlântica,33,29,2920908,8,,215_071,5.0,POINT(-39.3429 -15.78905)
1814856899,0af06430-b879-3c0b-8058-158a7d1e94c3,-40.42458,-15.74985,2026-04-20 18:13:00+00:00,2026-04-20,AQUA_M-T,MACARANI,BAHIA,Brasil,,,,Mata Atlântica,33,29,2919702,8,,216_071,4.9,POINT(-40.42458 -15.74985)
1814856891,eb0ca591-ea06-34af-916c-40fcac9de2c6,-43.06512,-12.95015,2026-04-20 18:13:00+00:00,2026-04-20,AQUA_M-T,PARATINGA,BAHIA,Brasil,,,,Caatinga,33,29,2923704,8,,218_069,21.7,POINT(-43.06512 -12.95015)
1814856799,9b450344-c5fc-3b0e-9470-48d8e0a605ff,-44.34913,-14.24093,2026-04-20 18:13:00+00:00,2026-04-20,AQUA_M-T,FEIRA DA MATA,BAHIA,Brasil,,,,Cerrado,33,29,2910776,8,,219_070,41.1,POINT(-44.34913 -14.24093)
1814856770,70f3aab6-8e73-3f57-b269-3787ef6b1941,-43.77474,-12.82864,2026-04-20 18:13:00+00:00,2026-04-20,AQUA_M-T,SERRA DOURADA,BAHIA,Brasil,,,,Cerrado,33,29,2930303,8,,219_069,5.6,POINT(-43.77474 -12.82864)
1814856730,175eeaf0-b374-30d9-861b-332da3d5b3da,-41.84303,-15.12669,2026-04-20 18:13:00+00:00,2026-04-20,AQUA_M-T,SÃO JOÃO DO PARAÍSO,MINAS GERAIS,Brasil,,,,Mata Atlântica,33,31,3162708,8,,217_070,189.1,POINT(-41.84303 -15.12669)
1814856629,80548c85-759d-3f0c-ab73-65ad72b0db65,-40.09019,-14.21185,2026-04-20 18:13:00+00:00,2026-04-20,AQUA_M-T,JEQUIÉ,BAHIA,Brasil,,,,Mata Atlântica,33,29,2918001,8,,216_070,5.8,POINT(-40.09019 -14.21185)
1814856515,711095e5-1a1c-39e4-9966-f33a7e82ffaf,-39.21192,-13.43812,2026-04-20 18:13:00+00:00,2026-04-20,AQUA_M-T,VALENÇA,BAHIA,Brasil,,,,Mata Atlântica,33,29,2932903,8,,216_069,5.3,POINT(-39.21192 -13.43812)
1814856331,0fb53985-9a9b-3a6b-b8be-5600c95d5147,-43.11033,-18.2431,2026-04-20 18:13:00+00:00,2026-04-20,AQUA_M-T,RIO VERMELHO,MINAS GERAIS,Brasil,,,,Mata Atlântica,33,31,3156007,8,,218_073,6.0,POINT(-43.11033 -18.2431)
1814856311,04b34a45-9327-369e-99d4-199025c3e5b5,-39.65777,-13.18338,2026-04-20 18:13:00+00:00,2026-04-20,AQUA_M-T,UBAÍRA,BAHIA,Brasil,,,,Mata Atlântica,33,29,2932101,8,,216_069,15.3,POINT(-39.65777 -13.18338)
1814856303,a15a6fef-9d5f-3768-b7e7-e0b614f27364,-39.03526,-15.85098,2026-04-20 18:13:00+00:00,2026-04-20,AQUA_M-T,BELMONTE,BAHIA,Brasil,,,,Mata Atlântica,33,29,2903409,8,,215_071,6.7,POINT(-39.03526 -15.85098)
1814856299,327a37b5-b45c-38fb-8367-dff830bbed66,-41.5798,-13.80505,2026-04-20 18:13:00+00:00,2026-04-20,AQUA_M-T,RIO DE CONTAS,BAHIA,Brasil,,,,Caatinga,33,29,2926707,8,,217_070,104.9,POINT(-41.5798 -13.80505)
1814856259,edb30898-97a0-3269-baf7-6ee3d75ff23d,-40.15462,-14.90441,2026-04-20 18:13:00+00:00,2026-04-20,AQUA_M-T,NOVA CANAÃ,BAHIA,Brasil,,,,Mata Atlântica,33,29,2922706,8,,216_070,5.1,POINT(-40.15462 -14.90441)
1814856177,50cf9ebd-af76-3efa-bd1a-e222514a85eb,-44.26582,-15.40461,2026-04-20 18:13:00+00:00,2026-04-20,AQUA_M-T,JANUÁRIA,MINAS GERAIS,Brasil,,,,Caatinga,33,31,3135209,8,,219_071,21.1,POINT(-44.26582 -15.40461)
1814856110,6ea28907-f726-3e95-b513-28bb33ce731d,-41.8417,-15.13551,2026-04-20 18:13:00+00:00,2026-04-20,AQUA_M-T,SÃO JOÃO DO PARAÍSO,MINAS GERAIS,Brasil,,,,Mata Atlântica,33,31,3162708,8,,217_070,44.6,POINT(-41.8417 -15.13551)
1814856076,387a3163-e736-37c0-9761-25550a5346b4,-40.85413,-15.51808,2026-04-20 18:13:00+00:00,2026-04-20,AQUA_M-T,ENCRUZILHADA,BAHIA,Brasil,,,,Mata Atlântica,33,29,2910404,8,,216_071,6.3,POINT(-40.85413 -15.51808)
1814856075,a22ff782-8d5a-35c7-a477-05cb92290ef7,-41.57082,-13.80374,2026-04-20 18:13:00+00:00,2026-04-20,AQUA_M-T,RIO DE CONTAS,BAHIA,Brasil,,,,Caatinga,33,29,2926707,8,,217_070,28.7,POINT(-41.57082 -13.80374)
1814855853,8dac56c4-4df4-30dd-9407-a44b3e6612b8,-41.85214,-15.128,2026-04-20 18:13:00+00:00,2026-04-20,AQUA_M-T,SÃO JOÃO DO PARAÍSO,MINAS GERAIS,Brasil,,,,Mata Atlântica,33,31,3162708,8,,217_070,14.9,POINT(-41.85214 -15.128)
1814855838,80aab166-181b-3a83-b549-a010ff154183,-39.0253,-15.8494,2026-04-20 18:13:00+00:00,2026-04-20,AQUA_M-T,BELMONTE,BAHIA,Brasil,,,,Mata Atlântica,33,29,2903409,8,,215_071,6.4,POINT(-39.0253 -15.8494)
1814855804,bebc2fc9-0456-3967-98ff-22b6d809b52f,-44.27132,-15.40411,2026-04-20 18:13:00+00:00,2026-04-20,AQUA_M-T,JANUÁRIA,MINAS GERAIS,Brasil,,,,Caatinga,33,31,3135209,8,,219_071,22.1,POINT(-44.27132 -15.40411)
1814855750,086fb2ab-46c6-39ea-b31a-75df78cc5c03,-42.13873,-14.44022,2026-04-20 18:13:00+00:00,2026-04-20,AQUA_M-T,RIO DO ANTÔNIO,BAHIA,Brasil,,,,Caatinga,33,29,2926806,8,,217_070,5.3,POINT(-42.13873 -14.44022)
1814855612,8eec5ea3-ce55-33d5-8ce1-c14e53bd23ef,-41.73502,-14.72393,2026-04-20 18:13:00+00:00,2026-04-20,AQUA_M-T,PRESIDENTE JÂNIO QUADROS,BAHIA,Brasil,,,,Caatinga,33,29,2925709,8,,217_070,6.0,POINT(-41.73502 -14.72393)
1814855530,b0df98d4-e587-3d0d-afce-ff5bbacb63d5,-42.85182,-18.31996,2026-04-20 18:13:00+00:00,2026-04-20,AQUA_M-T,COLUNA,MINAS GERAIS,Brasil,,,,Mata Atlântica,33,31,3116803,8,,217_073,6.7,POINT(-42.85182 -18.31996)
1814855514,c5d2360d-9b59-35d0-86ce-8b7bf35f49f2,-39.18075,-16.67916,2026-04-20 18:13:00+00:00,2026-04-20,AQUA_M-T,PORTO SEGURO,BAHIA,Brasil,,,,Mata Atlântica,33,29,2925303,8,,215_072,25.9,POINT(-39.18075 -16.67916)
1814855488,bf64646c-9626-3630-a14f-c52e8711270e,-42.76674,-12.65793,2026-04-20 18:13:00+00:00,2026-04-20,AQUA_M-T,BOQUIRA,BAHIA,Brasil,,,,Caatinga,33,29,2904100,8,,218_069,11.7,POINT(-42.76674 -12.65793)
1814855379,513758e9-62a1-3779-81ae-46cf1e920656,-41.59388,-17.46239,2026-04-20 18:13:00+00:00,2026-04-20,AQUA_M-T,CATUJI,MINAS GERAIS,Brasil,,,,Mata Atlântica,33,31,3115458,8,,217_072,4.9,POINT(-41.59388 -17.46239)
1814855212,eb276bb6-3e93-342a-9fe5-5d9c0b94c1a0,-39.46261,-13.76453,2026-04-20 18:13:00+00:00,2026-04-20,AQUA_M-T,GANDU,BAHIA,Brasil,,,,Mata Atlântica,33,29,2911204,8,,216_069,12.7,POINT(-39.46261 -13.76453)
1814855067,e11d6b20-a9b4-3434-8623-fe32957fe35a,-42.58432,-13.58159,2026-04-20 18:13:00+00:00,2026-04-20,AQUA_M-T,TANQUE NOVO,BAHIA,Brasil,,,,Caatinga,33,29,2931053,8,,218_069,5.0,POINT(-42.58432 -13.58159)
1814854937,2afadd15-20d2-3acf-9de5-6e3b39e7737d,-42.39579,-14.90243,2026-04-20 18:13:00+00:00,2026-04-20,AQUA_M-T,JACARACI,BAHIA,Brasil,,,,Caatinga,33,29,2917409,8,,218_070,9.8,POINT(-42.39579 -14.90243)
1814854913,195bfdf7-9ac4-3ac9-af3d-fdc42351da55,-41.02208,-15.64483,2026-04-20 18:13:00+00:00,2026-04-20,AQUA_M-T,ENCRUZILHADA,BAHIA,Brasil,,,,Mata Atlântica,33,29,2910404,8,,217_071,11.6,POINT(-41.02208 -15.64483)
1814854878,746fc837-7a65-3ce8-a948-d2391d41bb43,-39.3986,-17.06391,2026-04-20 18:13:00+00:00,2026-04-20,AQUA_M-T,PRADO,BAHIA,Brasil,,,,Mata Atlântica,33,29,2925501,8,,215_072,5.2,POINT(-39.3986 -17.06391)
1814854828,0b79883b-f165-3510-acff-605d37e1766c,-41.80983,-15.17869,2026-04-20 18:13:00+00:00,2026-04-20,AQUA_M-T,SÃO JOÃO DO PARAÍSO,MINAS GERAIS,Brasil,,,,Mata Atlântica,33,31,3162708,8,,217_071,19.5,POINT(-41.80983 -15.17869)
1814854821,cef41b14-097f-3009-9283-26a278f0c977,-44.0457,-14.03548,2026-04-20 18:13:00+00:00,2026-04-20,AQUA_M-T,CARINHANHA,BAHIA,Brasil,,,,Cerrado,33,29,2907103,8,,219_070,11.6,POINT(-44.0457 -14.03548)
1814854794,8b116948-4536-3328-bff2-22d0f4dd676c,-46.54136,-15.85248,2026-04-20 18:13:00+00:00,2026-04-20,AQUA_M-T,UNAÍ,MINAS GERAIS,Brasil,,,,Cerrado,33,31,3170404,8,,220_071,12.2,POINT(-46.54136 -15.85248)
1814854755,40feb7a6-2de5-38c6-a3f8-f1af93934203,-42.1479,-14.44154,2026-04-20 18:13:00+00:00,2026-04-20,AQUA_M-T,RIO DO ANTÔNIO,BAHIA,Brasil,,,,Caatinga,33,29,2926806,8,,217_070,10.9,POINT(-42.1479 -14.44154)
1814854693,172257c4-ddfb-37e8-b1f1-82660a571900,-41.58876,-13.80636,2026-04-20 18:13:00+00:00,2026-04-20,AQUA_M-T,RIO DE CONTAS,BAHIA,Brasil,,,,Caatinga,33,29,2926707,8,,217_070,21.7,POINT(-41.58876 -13.80636)
1814854659,994ae8b4-ebd0-3205-9884-b854b112394f,-43.71317,-12.85615,2026-04-20 18:13:00+00:00,2026-04-20,AQUA_M-T,SERRA DOURADA,BAHIA,Brasil,,,,Cerrado,33,29,2930303,8,,219_069,17.7,POINT(-43.71317 -12.85615)
1814854558,43d44e48-af9d-31a6-9e32-c8750e02a207,-39.37087,-16.59679,2026-04-20 18:13:00+00:00,2026-04-20,AQUA_M-T,PORTO SEGURO,BAHIA,Brasil,,,,Mata Atlântica,33,29,2925303,8,,215_072,6.6,POINT(-39.37087 -16.59679)
1814854544,1765735b-b4c5-3c9f-ba78-80253fefdead,-43.78473,-12.83005,2026-04-20 18:13:00+00:00,2026-04-20,AQUA_M-T,SERRA DOURADA,BAHIA,Brasil,,,,Cerrado,33,29,2930303,8,,219_069,8.8,POINT(-43.78473 -12.83005)
1814854501,1509f80c-4a40-3c97-abbc-2cf53d4b77ef,-43.05574,-12.94883,2026-04-20 18:13:00+00:00,2026-04-20,AQUA_M-T,PARATINGA,BAHIA,Brasil,,,,Caatinga,33,29,2923704,8,,218_069,28.8,POINT(-43.05574 -12.94883)
1814856238,8b2b8e23-86a3-3e82-b722-90ba5fa870a6,-44.745,-11.7279,2026-04-20 18:15:00+00:00,2026-04-20,AQUA_M-T,RIACHÃO DAS NEVES,BAHIA,Brasil,,,,Cerrado,33,29,2926202,8,,220_068,54.0,POINT(-44.745 -11.7279)
1814857843,97c32028-1afa-3f77-b080-d433362f6ce0,-41.2711,-11.93023,2026-04-20 18:15:00+00:00,2026-04-20,AQUA_M-T,BONITO,BAHIA,Brasil,,,,Caatinga,33,29,2904050,8,,217_068,5.5,POINT(-41.2711 -11.93023)
1814856890,0e7b87c5-d644-31a8-8858-36f239aa740e,-43.83942,-11.9065,2026-04-20 18:15:00+00:00,2026-04-20,AQUA_M-T,WANDERLEY,BAHIA,Brasil,,,,Cerrado,33,29,2933455,8,,219_068,8.0,POINT(-43.83942 -11.9065)
1814854632,2d173eb9-ce66-3832-82c1-fbbdfd2bc95c,-44.62772,-12.28382,2026-04-20 18:15:00+00:00,2026-04-20,AQUA_M-T,CATOLÂNDIA,BAHIA,Brasil,,,,Cerrado,33,29,2907400,8,,219_069,116.8,POINT(-44.62772 -12.28382)
1814857396,33f0424b-ed36-31aa-9d09-5aa66404abfd,-47.1135,-11.6069,2026-04-20 18:15:00+00:00,2026-04-20,AQUA_M-T,PORTO ALEGRE DO TOCANTINS,TOCANTINS,Brasil,,,,Cerrado,33,17,1718006,8,,221_068,20.9,POINT(-47.1135 -11.6069)
1814854613,1002bc04-4d5f-3cbd-9253-8e18660daf4e,-44.19104,-12.24247,2026-04-20 18:15:00+00:00,2026-04-20,AQUA_M-T,CRISTÓPOLIS,BAHIA,Brasil,,,,Cerrado,33,29,2909703,8,,219_068,50.0,POINT(-44.19104 -12.24247)
1814857424,72cccd47-d0d7-3739-b116-eeef011816b5,-38.04182,-10.87832,2026-04-20 18:15:00+00:00,2026-04-20,AQUA_M-T,TOBIAS BARRETO,SERGIPE,Brasil,,,,Caatinga,33,28,2807402,8,,215_068,13.8,POINT(-38.04182 -10.87832)
1814857455,97334517-a246-3ffe-9e8d-1b6a92f2d88b,-39.16188,-10.80209,2026-04-20 18:15:00+00:00,2026-04-20,AQUA_M-T,QUIJINGUE,BAHIA,Brasil,,,,Caatinga,33,29,2925907,8,,216_067,14.2,POINT(-39.16188 -10.80209)
1814855161,9fcedc7b-46c7-3cb4-8d16-b20a24037991,-43.84927,-11.90789,2026-04-20 18:15:00+00:00,2026-04-20,AQUA_M-T,WANDERLEY,BAHIA,Brasil,,,,Cerrado,33,29,2933455,8,,219_068,41.0,POINT(-43.84927 -11.90789)
1814855337,9dc3e165-7501-31c8-a1ec-78f280b3dfbf,-44.61684,-12.28232,2026-04-20 18:15:00+00:00,2026-04-20,AQUA_M-T,CATOLÂNDIA,BAHIA,Brasil,,,,Cerrado,33,29,2907400,8,,219_069,111.2,POINT(-44.61684 -12.28232)
1814857594,44518b83-321c-3604-b2d8-5ec3d1017daa,-37.24506,-9.72764,2026-04-20 18:15:00+00:00,2026-04-20,AQUA_M-T,JACARÉ DOS HOMENS,ALAGOAS,Brasil,,,,Caatinga,33,27,2703403,8,,215_067,23.0,POINT(-37.24506 -9.72764)
1814857676,c812a98e-ebf3-30ae-99d9-f6ade6bea92d,-44.73411,-11.7264,2026-04-20 18:15:00+00:00,2026-04-20,AQUA_M-T,RIACHÃO DAS NEVES,BAHIA,Brasil,,,,Cerrado,33,29,2926202,8,,220_068,27.8,POINT(-44.73411 -11.7264)
1814855536,df6020ae-5a81-3539-8824-498a513aa023,-44.20132,-12.24392,2026-04-20 18:15:00+00:00,2026-04-20,AQUA_M-T,CRISTÓPOLIS,BAHIA,Brasil,,,,Cerrado,33,29,2909703,8,,219_068,41.6,POINT(-44.20132 -12.24392)
1814855668,4a76a054-1c70-3a10-95d2-cf1cedd0603a,-47.11187,-11.61833,2026-04-20 18:15:00+00:00,2026-04-20,AQUA_M-T,PORTO ALEGRE DO TOCANTINS,TOCANTINS,Brasil,,,,Cerrado,33,17,1718006,8,,221_068,25.1,POINT(-47.11187 -11.61833)
1814857764,5aeced9c-84e4-3869-997e-141928377ddc,-41.20733,-11.78383,2026-04-20 18:15:00+00:00,2026-04-20,AQUA_M-T,MORRO DO CHAPÉU,BAHIA,Brasil,,,,Caatinga,33,29,2921708,8,,217_068,9.9,POINT(-41.20733 -11.78383)
1814861895,43160da7-f3da-3279-9260-3015339a3b5b,-55.25443,-18.73053,2026-04-20 18:17:00+00:00,2026-04-20,NOAA-20,RIO VERDE DE MATO GROSSO,MATO GROSSO DO SUL,Brasil,,,,Pantanal,33,50,5007406,8,,225_073,6.2,POINT(-55.25443 -18.73053)
1814860764,6ae96d45-0d79-33db-a246-661c9f932e04,-56.36216,-20.92152,2026-04-20 18:17:00+00:00,2026-04-20,NOAA-20,BONITO,MATO GROSSO DO SUL,Brasil,,,,Cerrado,33,50,5002209,8,,226_074,9.3,POINT(-56.36216 -20.92152)
1814854603,0e3ff9dd-c065-31a4-9555-3589784cfe2e,-44.9475,-6.92747,2026-04-20 18:17:00+00:00,2026-04-20,AQUA_M-T,SÃO FÉLIX DE BALSAS,MARANHÃO,Brasil,,,,Cerrado,33,21,2110807,8,,220_065,24.6,POINT(-44.9475 -6.92747)
1814856067,8d309df9-a9d8-3ac3-afae-8def7a8d48e3,-44.9495,-6.93606,2026-04-20 18:17:00+00:00,2026-04-20,AQUA_M-T,SÃO FÉLIX DE BALSAS,MARANHÃO,Brasil,,,,Cerrado,33,21,2110807,8,,220_065,7.8,POINT(-44.9495 -6.93606)
1814854983,c2f3204d-625a-348a-8307-e2eefe47410d,-44.93983,-6.93469,2026-04-20 18:17:00+00:00,2026-04-20,AQUA_M-T,SÃO FÉLIX DE BALSAS,MARANHÃO,Brasil,,,,Cerrado,33,21,2110807,8,,220_065,16.5,POINT(-44.93983 -6.93469)
1814855087,f673226b-1885-31c7-a3a5-4158e07d57c1,-44.3309,-8.53658,2026-04-20 18:17:00+00:00,2026-04-20,AQUA_M-T,PALMEIRA DO PIAUÍ,PIAUÍ,Brasil,,,,Cerrado,33,22,2207405,8,,220_066,11.6,POINT(-44.3309 -8.53658)
1814856453,5a257597-2568-327e-be97-75ea0e8a3831,-43.91891,-6.53857,2026-04-20 18:17:00+00:00,2026-04-20,AQUA_M-T,PARAIBANO,MARANHÃO,Brasil,,,,Cerrado,33,21,2107704,8,,220_064,3.4,POINT(-43.91891 -6.53857)
1814853911,05f82d55-f910-3e92-8634-3e4b066ee2b3,-44.62,-12.2723,2026-04-20 19:20:00+00:00,2026-04-20,GOES-19,CATOLÂNDIA,BAHIA,Brasil,,,,Cerrado,33,29,2907400,8,,219_069,113.0,POINT(-44.62 -12.2723)
1814854088,7dd4cc49-dcb9-3e6e-856f-7d37be673b5a,-44.62,-12.2723,2026-04-20 19:30:00+00:00,2026-04-20,GOES-19,CATOLÂNDIA,BAHIA,Brasil,,,,Cerrado,33,29,2907400,8,,219_069,111.1,POINT(-44.62 -12.2723)
1814854347,dbd33eaf-b0c2-32d8-8e5b-df49026385c2,-44.62,-12.2723,2026-04-20 19:40:00+00:00,2026-04-20,GOES-19,CATOLÂNDIA,BAHIA,Brasil,,,,Cerrado,33,29,2907400,8,,219_069,123.7,POINT(-44.62 -12.2723)
1814856987,bf17b91b-ceaa-3786-8e3b-afde5a657460,-44.62,-12.2723,2026-04-20 19:50:00+00:00,2026-04-20,GOES-19,CATOLÂNDIA,BAHIA,Brasil,,,,Cerrado,33,29,2907400,8,,219_069,104.0,POINT(-44.62 -12.2723)
1814854605,2ee3f24e-104d-3020-9062-113f5a99133a,-44.617,-12.2915,2026-04-20 19:50:00+00:00,2026-04-20,GOES-19,CATOLÂNDIA,BAHIA,Brasil,,,,Cerrado,33,29,2907400,8,,219_069,131.1,POINT(-44.617 -12.2915)
1814859406,307795e5-c5d3-3f6d-a969-1447cb2f07d5,-44.617,-12.2915,2026-04-20 20:00:00+00:00,2026-04-20,GOES-19,CATOLÂNDIA,BAHIA,Brasil,,,,Cerrado,33,29,2907400,8,,219_069,112.8,POINT(-44.617 -12.2915)
1814858947,ac0f017f-e29c-3d52-8a73-4c43618513d0,-44.62,-12.2723,2026-04-20 20:00:00+00:00,2026-04-20,GOES-19,CATOLÂNDIA,BAHIA,Brasil,,,,Cerrado,33,29,2907400,8,,219_069,102.5,POINT(-44.62 -12.2723)
1814867350,87f32afc-4cae-3c05-a53e-4ff0a09e684e,-46.4946,-17.183,2026-04-20 21:40:00+00:00,2026-04-20,GOES-19,PARACATU,MINAS GERAIS,Brasil,,,,Cerrado,33,31,3147006,8,,220_072,69.2,POINT(-46.4946 -17.183)
1814886903,324a33b2-9577-3d73-bb1b-7318f3a57d6b,-47.9797,-21.955,2026-04-20 23:40:00+00:00,2026-04-20,GOES-19,IBATÉ,SÃO PAULO,Brasil,,,,Cerrado,33,35,3519303,8,,220_075,65.0,POINT(-47.9797 -21.955)
